gt,clock,s1,s2,lead,tno,period,periodType,pno,player,success,actionType,actionNumber,previousAction,qualifier,subType,scoring,shirtNumber,firstName,familyName,internationalFirstName,internationalFamilyName,firstNameInitial,familyNameInitial,internationalFirstNameInitial,internationalFamilyNameInitial,scoreboardName,team_name,team_code,player_name_from_roster,player_shirt,player_pos_raw,player_pos_group,x,y,r,ev_code,ev_result,ev_text,assist_pno,assist_tno,assist_player,block_pno,block_tno,block_player,assist_pos_group,block_pos_group,points,possession_id,possession_owner_tno,possession_end_reason,pts_1,cum_1,pts_2,cum_2
10:00,10:00:00,0,0,0,0,1,REGULAR,0,,1,game,1,,[],start,0,,,,,,,,,,,,,,,,,,,,OTHER,,game start,,,,,,,,,0,0,,,0,0,0,0
10:00,10:00:00,0,0,0,0,1,REGULAR,0,,1,period,2,,[],start,0,,,,,,,,,,,,,,,,,,,,OTHER,,period start,,,,,,,,,0,0,,,0,0,0,0
10:00,10:00:00,0,0,0,0,1,REGULAR,0,,1,jumpball,4,,[],startperiod,0,,,,,,,,,,,,,,,,,,,,JUMP,,jump ball,,,,,,,,,0,0,,,0,0,0,0
09:58,09:58:00,0,0,0,2,1,REGULAR,127,L. NNOKO,1,jumpball,5,4,[],won,0,35,Landry,Nnoko,Landry,Nnoko,L,N,L,N,L. Nnoko,BURSASPOR BASKETBOL,BUR,L. Nnoko,35,,,,,,JUMP,,jump ball,,,,,,,,,0,0,,,0,0,0,0
09:58,09:58:00,0,0,0,1,1,REGULAR,9,A. DELGADO ASTACIO,1,jumpball,6,4,[],lost,0,31,Angel Luis,Delgado Astacio,Angel Luis,Delgado Astacio,A,D,A,D,A. Delgado Astacio,TRABZONSPOR,TRB,A. Delgado Astacio,31,,,,,,JUMP,,jump ball,,,,,,,,,0,0,,,0,0,0,0
09:45,09:45:00,0,0,0,2,1,REGULAR,144,M. PARSONS,0,3pt,7,,[],jumpshot,1,5,Malik Disjohn,Parsons,Malik Disjohn,Parsons,M,P,M,P,M. Parsons,BURSASPOR BASKETBOL,BUR,M. Parsons,5,,,7.6799998283386,96.720001220703,0.0,P3,missed,BURSASPOR BASKETBOL M. PARSONS 3Pt missed,,,,,,,,,0,1,2.0,def_reb,0,0,0,0
09:42,09:42:00,0,0,0,1,1,REGULAR,9,A. DELGADO ASTACIO,1,rebound,8,7,[],defensive,0,31,Angel Luis,Delgado Astacio,Angel Luis,Delgado Astacio,A,D,A,D,A. Delgado Astacio,TRABZONSPOR,TRB,A. Delgado Astacio,31,,,,,,REB,,TRABZONSPOR rebound defensive,,,,,,,,,0,2,1.0,def_reb,0,0,0,0
09:27,09:27:00,0,0,0,1,1,REGULAR,5,O. ULUBAY,1,turnover,9,,[],badpass,0,13,Okben,Ulubay,Okben,Ulubay,O,U,O,U,O. Ulubay,TRABZONSPOR,TRB,O. Ulubay,13,,,,,,TO,,TRABZONSPOR O. ULUBAY turnover badpass,,,,,,,,,0,3,2.0,turnover,0,0,0,0
09:27,09:27:00,0,0,0,2,1,REGULAR,144,M. PARSONS,1,steal,10,9,[],,0,5,Malik Disjohn,Parsons,Malik Disjohn,Parsons,M,P,M,P,M. Parsons,BURSASPOR BASKETBOL,BUR,M. Parsons,5,,,,,,ST,,BURSASPOR BASKETBOL M. PARSONS steal,,,,,,,,,0,4,1.0,,0,0,0,0
09:16,09:16:00,0,2,-2,2,1,REGULAR,127,L. NNOKO,1,2pt,11,,"['fromturnover', 'pointsinthepaint']",floatingjumpshot,1,35,Landry,Nnoko,Landry,Nnoko,L,N,L,N,L. Nnoko,BURSASPOR BASKETBOL,BUR,L. Nnoko,35,,,15.789999961853,50.959999084473,1.0,P2,made,BURSASPOR BASKETBOL L. NNOKO 2Pt made,101.0,2.0,H. KÖKSAL,,,,,,2,4,1.0,score,0,0,2,2
09:16,09:16:00,0,2,-2,2,1,REGULAR,101,H. KÖKSAL,1,assist,12,11,[],,0,7,Hüseyin Göksenin,Köksal,Hüseyin Göksenin,Köksal,H,K,H,K,H. Köksal,BURSASPOR BASKETBOL,BUR,H. Köksal,7,,,,,,ASS,,BURSASPOR BASKETBOL H. KÖKSAL assist,,,,,,,,,0,5,2.0,,0,0,0,2
08:49,08:49:00,0,2,-2,1,1,REGULAR,9,A. DELGADO ASTACIO,0,2pt,13,,['pointsinthepaint'],layup,1,31,Angel Luis,Delgado Astacio,Angel Luis,Delgado Astacio,A,D,A,D,A. Delgado Astacio,TRABZONSPOR,TRB,A. Delgado Astacio,31,,,95.040000915527,38.529998779297,0.0,P2,missed,TRABZONSPOR A. DELGADO ASTACIO 2Pt missed,,,,,,,,,0,5,2.0,,0,0,0,2
08:45,08:45:00,0,2,-2,1,1,REGULAR,10,T. TINKLE,1,rebound,14,13,[],offensive,0,3,Tres Anthony,Tinkle,Tres Anthony,Tinkle,T,T,T,T,T. Tinkle,TRABZONSPOR,TRB,T. Tinkle,3,,,,,,REB,,TRABZONSPOR rebound offensive,,,,,,,,,0,5,2.0,,0,0,0,2
08:45,08:45:00,2,2,0,1,1,REGULAR,10,T. TINKLE,1,2pt,15,,"['2ndchance', 'pointsinthepaint']",turnaroundjumpshot,1,3,Tres Anthony,Tinkle,Tres Anthony,Tinkle,T,T,T,T,T. Tinkle,TRABZONSPOR,TRB,T. Tinkle,3,,,94.0,50.0,1.0,P2,made,TRABZONSPOR T. TINKLE 2Pt made,,,,,,,,,2,5,2.0,score,2,2,0,2
08:25,08:25:00,2,4,-2,2,1,REGULAR,135,A. KONONTSUK,1,2pt,16,,['pointsinthepaint'],floatingjumpshot,1,34,Artur,Konontsuk,Artur,Konontsuk,A,K,A,K,A. Konontsuk,BURSASPOR BASKETBOL,BUR,A. Konontsuk,34,,,9.3900003433228,56.610000610352,1.0,P2,made,BURSASPOR BASKETBOL A. KONONTSUK 2Pt made,133.0,2.0,B. CHILDRESS,,,,,,2,6,1.0,score,0,2,2,4
08:25,08:25:00,2,4,-2,2,1,REGULAR,133,B. CHILDRESS,1,assist,17,16,[],,0,0,Brandon Reginald,Childress,Brandon Reginald,Childress,B,C,B,C,B. Childress,BURSASPOR BASKETBOL,BUR,B. Childress,0,,,,,,ASS,,BURSASPOR BASKETBOL B. CHILDRESS assist,,,,,,,,,0,7,2.0,,0,2,0,4
08:10,08:10:00,4,4,0,1,1,REGULAR,11,M. REED,1,2pt,18,,['pointsinthepaint'],floatingjumpshot,1,0,Marcquise Deandre,Reed,Marcquise Deandre,Reed,M,R,M,R,M. Reed,TRABZONSPOR,TRB,M. Reed,0,,,89.889999389648,62.259998321533,1.0,P2,made,TRABZONSPOR M. REED 2Pt made,,,,,,,,,2,7,2.0,score,2,4,0,4
07:51,07:51:00,4,4,0,1,1,REGULAR,9,A. DELGADO ASTACIO,1,foul,20,,[],personal,0,31,Angel Luis,Delgado Astacio,Angel Luis,Delgado Astacio,A,D,A,D,A. Delgado Astacio,TRABZONSPOR,TRB,A. Delgado Astacio,31,,,,,,FOUL,,TRABZONSPOR A. DELGADO ASTACIO foul personal,,,,,,,,,0,8,1.0,,0,4,0,4
07:51,07:51:00,4,4,0,2,1,REGULAR,127,L. NNOKO,1,foulon,21,20,[],,0,35,Landry,Nnoko,Landry,Nnoko,L,N,L,N,L. Nnoko,BURSASPOR BASKETBOL,BUR,L. Nnoko,35,,,,,,OTHER,,BURSASPOR BASKETBOL foulon,,,,,,,,,0,8,1.0,,0,4,0,4
07:44,07:44:00,4,4,0,1,1,REGULAR,11,M. REED,1,foul,24,,[],personal,0,0,Marcquise Deandre,Reed,Marcquise Deandre,Reed,M,R,M,R,M. Reed,TRABZONSPOR,TRB,M. Reed,0,,,,,,FOUL,,TRABZONSPOR M. REED foul personal,,,,,,,,,0,8,1.0,,0,4,0,4
07:44,07:44:00,4,4,0,2,1,REGULAR,127,L. NNOKO,1,foulon,25,24,[],,0,35,Landry,Nnoko,Landry,Nnoko,L,N,L,N,L. Nnoko,BURSASPOR BASKETBOL,BUR,L. Nnoko,35,,,,,,OTHER,,BURSASPOR BASKETBOL foulon,,,,,,,,,0,8,1.0,,0,4,0,4
07:29,07:29:00,4,4,0,2,1,REGULAR,144,M. PARSONS,0,2pt,27,,[],pullupjumpshot,1,5,Malik Disjohn,Parsons,Malik Disjohn,Parsons,M,P,M,P,M. Parsons,BURSASPOR BASKETBOL,BUR,M. Parsons,5,,,17.819999694824,85.709999084473,0.0,P2,missed,BURSASPOR BASKETBOL M. PARSONS 2Pt missed,,,,,,,,,0,8,1.0,,0,4,0,4
07:26,07:26:00,4,4,0,2,1,REGULAR,127,L. NNOKO,1,rebound,28,27,[],offensive,0,35,Landry,Nnoko,Landry,Nnoko,L,N,L,N,L. Nnoko,BURSASPOR BASKETBOL,BUR,L. Nnoko,35,,,,,,REB,,BURSASPOR BASKETBOL rebound offensive,,,,,,,,,0,8,1.0,,0,4,0,4
07:17,07:17:00,4,4,0,2,1,REGULAR,133,B. CHILDRESS,1,turnover,29,,[],badpass,0,0,Brandon Reginald,Childress,Brandon Reginald,Childress,B,C,B,C,B. Childress,BURSASPOR BASKETBOL,BUR,B. Childress,0,,,,,,TO,,BURSASPOR BASKETBOL B. CHILDRESS turnover badpass,,,,,,,,,0,8,1.0,turnover,0,4,0,4
07:17,07:17:00,4,4,0,1,1,REGULAR,11,M. REED,1,steal,30,29,[],,0,0,Marcquise Deandre,Reed,Marcquise Deandre,Reed,M,R,M,R,M. Reed,TRABZONSPOR,TRB,M. Reed,0,,,,,,ST,,TRABZONSPOR M. REED steal,,,,,,,,,0,9,2.0,,0,4,0,4
07:11,07:11:00,4,4,0,1,1,REGULAR,11,M. REED,0,3pt,31,,['fromturnover'],jumpshot,1,0,Marcquise Deandre,Reed,Marcquise Deandre,Reed,M,R,M,R,M. Reed,TRABZONSPOR,TRB,M. Reed,0,,,81.309997558594,92.48999786377,0.0,P3,missed,TRABZONSPOR M. REED 3Pt missed,,,,,,,,,0,9,2.0,def_reb,0,4,0,4
07:09,07:09:00,4,4,0,2,1,REGULAR,127,L. NNOKO,1,rebound,32,31,[],defensive,0,35,Landry,Nnoko,Landry,Nnoko,L,N,L,N,L. Nnoko,BURSASPOR BASKETBOL,BUR,L. Nnoko,35,,,,,,REB,,BURSASPOR BASKETBOL rebound defensive,,,,,,,,,0,10,1.0,def_reb,0,4,0,4
07:09,07:09:00,4,4,0,1,1,REGULAR,14,D. GRANT,1,foul,34,,[],personal,0,1,Denove Octavon,Grant,Denove Octavon,Grant,D,G,D,G,D. Grant,TRABZONSPOR,TRB,D. Grant,1,,,,,,FOUL,,TRABZONSPOR D. GRANT foul personal,,,,,,,,,0,11,2.0,,0,4,0,4
07:09,07:09:00,4,4,0,2,1,REGULAR,127,L. NNOKO,1,foulon,35,34,[],,0,35,Landry,Nnoko,Landry,Nnoko,L,N,L,N,L. Nnoko,BURSASPOR BASKETBOL,BUR,L. Nnoko,35,,,,,,OTHER,,BURSASPOR BASKETBOL foulon,,,,,,,,,0,11,2.0,,0,4,0,4
06:49,06:49:00,4,4,0,1,1,REGULAR,14,D. GRANT,1,foul,38,,"['shooting', '2freethrow']",personal,0,1,Denove Octavon,Grant,Denove Octavon,Grant,D,G,D,G,D. Grant,TRABZONSPOR,TRB,D. Grant,1,,,,,,FOUL,,TRABZONSPOR D. GRANT foul personal,,,,,,,,,0,11,2.0,,0,4,0,4
06:49,06:49:00,4,4,0,2,1,REGULAR,101,H. KÖKSAL,1,foulon,39,38,[],,0,7,Hüseyin Göksenin,Köksal,Hüseyin Göksenin,Köksal,H,K,H,K,H. Köksal,BURSASPOR BASKETBOL,BUR,H. Köksal,7,,,,,,OTHER,,BURSASPOR BASKETBOL foulon,,,,,,,,,0,11,2.0,,0,4,0,4
06:49,06:49:00,4,4,0,2,1,REGULAR,101,H. KÖKSAL,0,freethrow,40,,[],1of2,1,7,Hüseyin Göksenin,Köksal,Hüseyin Göksenin,Köksal,H,K,H,K,H. Köksal,BURSASPOR BASKETBOL,BUR,H. Köksal,7,,,,,,FT,missed,BURSASPOR BASKETBOL H. KÖKSAL FT 1of2 missed,,,,,,,,,0,11,2.0,def_reb,0,4,0,4
06:49,06:49:00,4,4,0,2,1,REGULAR,0,,1,rebound,41,40,[],offensivedeadball,0,,,,,,,,,,,BURSASPOR BASKETBOL,BUR,,,,,,,,TREB,,BURSASPOR BASKETBOL team rebound offensivedeadball,,,,,,,,,0,12,1.0,def_reb,0,4,0,4
06:49,06:49:00,4,5,-1,2,1,REGULAR,101,H. KÖKSAL,1,freethrow,42,,[],2of2,1,7,Hüseyin Göksenin,Köksal,Hüseyin Göksenin,Köksal,H,K,H,K,H. Köksal,BURSASPOR BASKETBOL,BUR,H. Köksal,7,,,,,,FT,made,BURSASPOR BASKETBOL H. KÖKSAL FT 2of2 made,,,,,,,,,1,13,2.0,made_ft_last,0,4,1,5
06:49,06:49:00,4,5,-1,2,1,REGULAR,144,M. PARSONS,1,assist,43,42,[],,0,5,Malik Disjohn,Parsons,Malik Disjohn,Parsons,M,P,M,P,M. Parsons,BURSASPOR BASKETBOL,BUR,M. Parsons,5,,,,,,ASS,,BURSASPOR BASKETBOL M. PARSONS assist,,,,,,,,,0,14,1.0,,0,4,0,5
06:37,06:37:00,6,5,1,1,1,REGULAR,9,A. DELGADO ASTACIO,1,2pt,45,,['pointsinthepaint'],jumpshot,1,31,Angel Luis,Delgado Astacio,Angel Luis,Delgado Astacio,A,D,A,D,A. Delgado Astacio,TRABZONSPOR,TRB,A. Delgado Astacio,31,,,88.169998168945,45.880001068115,1.0,P2,made,TRABZONSPOR A. DELGADO ASTACIO 2Pt made,14.0,1.0,D. GRANT,,,,,,2,14,1.0,score,2,6,0,5
06:37,06:37:00,6,5,1,1,1,REGULAR,14,D. GRANT,1,assist,46,45,[],,0,1,Denove Octavon,Grant,Denove Octavon,Grant,D,G,D,G,D. Grant,TRABZONSPOR,TRB,D. Grant,1,,,,,,ASS,,TRABZONSPOR D. GRANT assist,,,,,,,,,0,15,2.0,,0,6,0,5
06:09,06:09:00,6,5,1,2,1,REGULAR,144,M. PARSONS,0,2pt,47,,['pointsinthepaint'],floatingjumpshot,1,5,Malik Disjohn,Parsons,Malik Disjohn,Parsons,M,P,M,P,M. Parsons,BURSASPOR BASKETBOL,BUR,M. Parsons,5,,,12.819999694824,44.75,0.0,P2,missed,BURSASPOR BASKETBOL M. PARSONS 2Pt missed,,,,,,,,,0,15,2.0,def_reb,0,6,0,5
06:07,06:07:00,6,5,1,1,1,REGULAR,9,A. DELGADO ASTACIO,1,rebound,48,47,[],defensive,0,31,Angel Luis,Delgado Astacio,Angel Luis,Delgado Astacio,A,D,A,D,A. Delgado Astacio,TRABZONSPOR,TRB,A. Delgado Astacio,31,,,,,,REB,,TRABZONSPOR rebound defensive,,,,,,,,,0,16,1.0,def_reb,0,6,0,5
06:05,06:05:00,6,5,1,2,1,REGULAR,144,M. PARSONS,1,foul,50,,[],personal,0,5,Malik Disjohn,Parsons,Malik Disjohn,Parsons,M,P,M,P,M. Parsons,BURSASPOR BASKETBOL,BUR,M. Parsons,5,,,,,,FOUL,,BURSASPOR BASKETBOL M. PARSONS foul personal,,,,,,,,,0,17,2.0,,0,6,0,5
06:05,06:05:00,6,5,1,1,1,REGULAR,11,M. REED,1,foulon,51,50,[],,0,0,Marcquise Deandre,Reed,Marcquise Deandre,Reed,M,R,M,R,M. Reed,TRABZONSPOR,TRB,M. Reed,0,,,,,,OTHER,,TRABZONSPOR foulon,,,,,,,,,0,17,2.0,,0,6,0,5
06:01,06:01:00,6,5,1,2,1,REGULAR,101,H. KÖKSAL,1,foul,54,,[],personal,0,7,Hüseyin Göksenin,Köksal,Hüseyin Göksenin,Köksal,H,K,H,K,H. Köksal,BURSASPOR BASKETBOL,BUR,H. Köksal,7,,,,,,FOUL,,BURSASPOR BASKETBOL H. KÖKSAL foul personal,,,,,,,,,0,17,2.0,,0,6,0,5
06:01,06:01:00,6,5,1,1,1,REGULAR,14,D. GRANT,1,foulon,55,54,[],,0,1,Denove Octavon,Grant,Denove Octavon,Grant,D,G,D,G,D. Grant,TRABZONSPOR,TRB,D. Grant,1,,,,,,OTHER,,TRABZONSPOR foulon,,,,,,,,,0,17,2.0,,0,6,0,5
05:54,05:54:00,6,5,1,1,1,REGULAR,5,O. ULUBAY,0,3pt,57,,[],jumpshot,1,13,Okben,Ulubay,Okben,Ulubay,O,U,O,U,O. Ulubay,TRABZONSPOR,TRB,O. Ulubay,13,,,68.98999786377,76.099998474121,0.0,P3,missed,TRABZONSPOR O. ULUBAY 3Pt missed,,,,,,,,,0,17,2.0,def_reb,0,6,0,5
05:52,05:52:00,6,5,1,2,1,REGULAR,144,M. PARSONS,1,rebound,58,57,[],defensive,0,5,Malik Disjohn,Parsons,Malik Disjohn,Parsons,M,P,M,P,M. Parsons,BURSASPOR BASKETBOL,BUR,M. Parsons,5,,,,,,REB,,BURSASPOR BASKETBOL rebound defensive,,,,,,,,,0,18,1.0,def_reb,0,6,0,5
05:41,05:41:00,6,7,-1,2,1,REGULAR,135,A. KONONTSUK,1,2pt,59,,[],jumpshot,1,34,Artur,Konontsuk,Artur,Konontsuk,A,K,A,K,A. Konontsuk,BURSASPOR BASKETBOL,BUR,A. Konontsuk,34,,,5.4899997711182,18.190000534058,1.0,P2,made,BURSASPOR BASKETBOL A. KONONTSUK 2Pt made,,,,,,,,,2,19,2.0,score,0,6,2,7
05:25,05:25:00,6,7,-1,1,1,REGULAR,14,D. GRANT,0,3pt,60,,[],jumpshot,1,1,Denove Octavon,Grant,Denove Octavon,Grant,D,G,D,G,D. Grant,TRABZONSPOR,TRB,D. Grant,1,,,64.769996643066,47.569999694824,0.0,P3,missed,TRABZONSPOR D. GRANT 3Pt missed,,,,,,,,,0,20,1.0,def_reb,0,6,0,7
05:22,05:22:00,6,7,-1,2,1,REGULAR,127,L. NNOKO,1,rebound,61,60,[],defensive,0,35,Landry,Nnoko,Landry,Nnoko,L,N,L,N,L. Nnoko,BURSASPOR BASKETBOL,BUR,L. Nnoko,35,,,,,,REB,,BURSASPOR BASKETBOL rebound defensive,,,,,,,,,0,21,2.0,def_reb,0,6,0,7
05:14,05:14:00,6,7,-1,2,1,REGULAR,133,B. CHILDRESS,1,turnover,62,,[],badpass,0,0,Brandon Reginald,Childress,Brandon Reginald,Childress,B,C,B,C,B. Childress,BURSASPOR BASKETBOL,BUR,B. Childress,0,,,,,,TO,,BURSASPOR BASKETBOL B. CHILDRESS turnover badpass,,,,,,,,,0,22,1.0,turnover,0,6,0,7
05:14,05:14:00,6,7,-1,1,1,REGULAR,5,O. ULUBAY,1,steal,63,62,[],,0,13,Okben,Ulubay,Okben,Ulubay,O,U,O,U,O. Ulubay,TRABZONSPOR,TRB,O. Ulubay,13,,,,,,ST,,TRABZONSPOR O. ULUBAY steal,,,,,,,,,0,23,2.0,,0,6,0,7
05:09,05:09:00,8,7,1,1,1,REGULAR,10,T. TINKLE,1,2pt,64,,"['fromturnover', 'pointsinthepaint', 'fastbreak']",layup,1,3,Tres Anthony,Tinkle,Tres Anthony,Tinkle,T,T,T,T,T. Tinkle,TRABZONSPOR,TRB,T. Tinkle,3,,,92.069999694824,60.849998474121,1.0,P2,made,TRABZONSPOR T. TINKLE 2Pt made,11.0,1.0,M. REED,,,,,,2,23,2.0,score,2,8,0,7
05:09,05:09:00,8,7,1,1,1,REGULAR,11,M. REED,1,assist,65,64,[],,0,0,Marcquise Deandre,Reed,Marcquise Deandre,Reed,M,R,M,R,M. Reed,TRABZONSPOR,TRB,M. Reed,0,,,,,,ASS,,TRABZONSPOR M. REED assist,,,,,,,,,0,24,1.0,,0,8,0,7
04:49,04:49:00,8,7,1,2,1,REGULAR,101,H. KÖKSAL,1,turnover,67,,[],outofbounds,0,7,Hüseyin Göksenin,Köksal,Hüseyin Göksenin,Köksal,H,K,H,K,H. Köksal,BURSASPOR BASKETBOL,BUR,H. Köksal,7,,,,,,TO,,BURSASPOR BASKETBOL H. KÖKSAL turnover outofbounds,,,,,,,,,0,24,1.0,turnover,0,8,0,7
04:49,04:49:00,8,7,1,0,1,REGULAR,0,,1,timeout,68,,[],officials,0,,,,,,,,,,,,,,,,,,,,TIMEOUT,, timeout,,,,,,,,,0,25,2.0,,0,8,0,7
04:49,04:49:00,8,7,1,1,1,REGULAR,14,D. GRANT,1,substitution,69,,[],out,0,1,Denove Octavon,Grant,Denove Octavon,Grant,D,G,D,G,D. Grant,TRABZONSPOR,TRB,D. Grant,1,,,,,,SUB,out,TRABZONSPOR substitution out,,,,,,,,,0,25,2.0,,0,8,0,7
04:49,04:49:00,8,7,1,1,1,REGULAR,4,I. ULUSOY,1,substitution,70,,[],in,0,5,Ismail Cem,Ulusoy,Ismail Cem,Ulusoy,I,U,I,U,I. Ulusoy,TRABZONSPOR,TRB,I. Ulusoy,5,,,,,,SUB,in,TRABZONSPOR substitution in,,,,,,,,,0,25,2.0,,0,8,0,7
04:42,04:42:00,8,7,1,1,1,REGULAR,10,T. TINKLE,1,turnover,73,,[],ballhandling,0,3,Tres Anthony,Tinkle,Tres Anthony,Tinkle,T,T,T,T,T. Tinkle,TRABZONSPOR,TRB,T. Tinkle,3,,,,,,TO,,TRABZONSPOR T. TINKLE turnover ballhandling,,,,,,,,,0,25,2.0,turnover,0,8,0,7
04:27,04:27:00,8,10,-2,2,1,REGULAR,135,A. KONONTSUK,1,3pt,75,,['fromturnover'],jumpshot,1,34,Artur,Konontsuk,Artur,Konontsuk,A,K,A,K,A. Konontsuk,BURSASPOR BASKETBOL,BUR,A. Konontsuk,34,,,27.959999084473,24.969999313354,1.0,P3,made,BURSASPOR BASKETBOL A. KONONTSUK 3Pt made,133.0,2.0,B. CHILDRESS,,,,,,3,26,1.0,score,0,8,3,10
04:27,04:27:00,8,10,-2,2,1,REGULAR,133,B. CHILDRESS,1,assist,76,75,[],,0,0,Brandon Reginald,Childress,Brandon Reginald,Childress,B,C,B,C,B. Childress,BURSASPOR BASKETBOL,BUR,B. Childress,0,,,,,,ASS,,BURSASPOR BASKETBOL B. CHILDRESS assist,,,,,,,,,0,27,2.0,,0,8,0,10
04:14,04:14:00,10,10,0,1,1,REGULAR,11,M. REED,1,2pt,77,,['pointsinthepaint'],layup,1,0,Marcquise Deandre,Reed,Marcquise Deandre,Reed,M,R,M,R,M. Reed,TRABZONSPOR,TRB,M. Reed,0,,,93.790000915527,62.540000915527,1.0,P2,made,TRABZONSPOR M. REED 2Pt made,4.0,1.0,I. ULUSOY,,,,,,2,27,2.0,score,2,10,0,10
04:14,04:14:00,10,10,0,1,1,REGULAR,4,I. ULUSOY,1,assist,78,77,[],,0,5,Ismail Cem,Ulusoy,Ismail Cem,Ulusoy,I,U,I,U,I. Ulusoy,TRABZONSPOR,TRB,I. Ulusoy,5,,,,,,ASS,,TRABZONSPOR I. ULUSOY assist,,,,,,,,,0,28,1.0,,0,10,0,10
03:57,03:57:00,10,13,-3,2,1,REGULAR,133,B. CHILDRESS,1,3pt,79,,[],jumpshot,1,0,Brandon Reginald,Childress,Brandon Reginald,Childress,B,C,B,C,B. Childress,BURSASPOR BASKETBOL,BUR,B. Childress,0,,,32.319999694824,67.629997253418,1.0,P3,made,BURSASPOR BASKETBOL B. CHILDRESS 3Pt made,101.0,2.0,H. KÖKSAL,,,,,,3,28,1.0,score,0,10,3,13
03:57,03:57:00,10,13,-3,2,1,REGULAR,101,H. KÖKSAL,1,assist,81,79,[],,0,7,Hüseyin Göksenin,Köksal,Hüseyin Göksenin,Köksal,H,K,H,K,H. Köksal,BURSASPOR BASKETBOL,BUR,H. Köksal,7,,,,,,ASS,,BURSASPOR BASKETBOL H. KÖKSAL assist,,,,,,,,,0,29,2.0,,0,10,0,13
03:56,03:56:00,10,13,-3,1,1,REGULAR,0,,1,timeout,82,,[],full,0,,,,,,,,,,,TRABZONSPOR,TRB,,,,,,,,TIMEOUT,,TRABZONSPOR timeout,,,,,,,,,0,29,2.0,,0,10,0,13
03:56,03:56:00,10,13,-3,2,1,REGULAR,101,H. KÖKSAL,1,substitution,83,,[],out,0,7,Hüseyin Göksenin,Köksal,Hüseyin Göksenin,Köksal,H,K,H,K,H. Köksal,BURSASPOR BASKETBOL,BUR,H. Köksal,7,,,,,,SUB,out,BURSASPOR BASKETBOL substitution out,,,,,,,,,0,29,2.0,,0,10,0,13
03:56,03:56:00,10,13,-3,2,1,REGULAR,102,B. AKIN,1,substitution,84,,[],in,0,11,Berk Can,Akin,Berk Can,Akin,B,A,B,A,B. Akin,BURSASPOR BASKETBOL,BUR,B. Akin,11,,,,,,SUB,in,BURSASPOR BASKETBOL substitution in,,,,,,,,,0,29,2.0,,0,10,0,13
03:40,03:40:00,10,13,-3,1,1,REGULAR,5,O. ULUBAY,0,3pt,86,,[],jumpshot,1,13,Okben,Ulubay,Okben,Ulubay,O,U,O,U,O. Ulubay,TRABZONSPOR,TRB,O. Ulubay,13,,,70.699996948242,31.190000534058,0.0,P3,missed,TRABZONSPOR O. ULUBAY 3Pt missed,,,,,,,,,0,29,2.0,def_reb,0,10,0,13
03:37,03:37:00,10,13,-3,2,1,REGULAR,102,B. AKIN,1,rebound,87,86,[],defensive,0,11,Berk Can,Akin,Berk Can,Akin,B,A,B,A,B. Akin,BURSASPOR BASKETBOL,BUR,B. Akin,11,,,,,,REB,,BURSASPOR BASKETBOL rebound defensive,,,,,,,,,0,30,1.0,def_reb,0,10,0,13
03:24,03:24:00,10,13,-3,2,1,REGULAR,135,A. KONONTSUK,0,3pt,88,,[],jumpshot,1,34,Artur,Konontsuk,Artur,Konontsuk,A,K,A,K,A. Konontsuk,BURSASPOR BASKETBOL,BUR,A. Konontsuk,34,,,24.520000457764,17.059999465942,0.0,P3,missed,BURSASPOR BASKETBOL A. KONONTSUK 3Pt missed,,,,,,,,,0,31,2.0,def_reb,0,10,0,13
03:21,03:21:00,10,13,-3,1,1,REGULAR,9,A. DELGADO ASTACIO,1,rebound,89,88,[],defensive,0,31,Angel Luis,Delgado Astacio,Angel Luis,Delgado Astacio,A,D,A,D,A. Delgado Astacio,TRABZONSPOR,TRB,A. Delgado Astacio,31,,,,,,REB,,TRABZONSPOR rebound defensive,,,,,,,,,0,32,1.0,def_reb,0,10,0,13
03:14,03:14:00,10,13,-3,2,1,REGULAR,127,L. NNOKO,1,foul,93,,"['shooting', '2freethrow']",personal,0,35,Landry,Nnoko,Landry,Nnoko,L,N,L,N,L. Nnoko,BURSASPOR BASKETBOL,BUR,L. Nnoko,35,,,,,,FOUL,,BURSASPOR BASKETBOL L. NNOKO foul personal,,,,,,,,,0,33,2.0,,0,10,0,13
03:14,03:14:00,10,13,-3,1,1,REGULAR,11,M. REED,1,foulon,94,93,[],,0,0,Marcquise Deandre,Reed,Marcquise Deandre,Reed,M,R,M,R,M. Reed,TRABZONSPOR,TRB,M. Reed,0,,,,,,OTHER,,TRABZONSPOR foulon,,,,,,,,,0,33,2.0,,0,10,0,13
03:14,03:14:00,10,13,-3,1,1,REGULAR,10,T. TINKLE,1,substitution,95,,[],out,0,3,Tres Anthony,Tinkle,Tres Anthony,Tinkle,T,T,T,T,T. Tinkle,TRABZONSPOR,TRB,T. Tinkle,3,,,,,,SUB,out,TRABZONSPOR substitution out,,,,,,,,,0,33,2.0,,0,10,0,13
03:14,03:14:00,10,13,-3,1,1,REGULAR,3,B. DEMIR,1,substitution,96,,[],in,0,11,Berk,Demir,Berk,Demir,B,D,B,D,B. Demir,TRABZONSPOR,TRB,B. Demir,11,,,,,,SUB,in,TRABZONSPOR substitution in,,,,,,,,,0,33,2.0,,0,10,0,13
03:14,03:14:00,10,13,-3,2,1,REGULAR,133,B. CHILDRESS,1,substitution,97,,[],out,0,0,Brandon Reginald,Childress,Brandon Reginald,Childress,B,C,B,C,B. Childress,BURSASPOR BASKETBOL,BUR,B. Childress,0,,,,,,SUB,out,BURSASPOR BASKETBOL substitution out,,,,,,,,,0,33,2.0,,0,10,0,13
03:14,03:14:00,10,13,-3,2,1,REGULAR,144,M. PARSONS,1,substitution,98,,[],out,0,5,Malik Disjohn,Parsons,Malik Disjohn,Parsons,M,P,M,P,M. Parsons,BURSASPOR BASKETBOL,BUR,M. Parsons,5,,,,,,SUB,out,BURSASPOR BASKETBOL substitution out,,,,,,,,,0,33,2.0,,0,10,0,13
03:14,03:14:00,10,13,-3,2,1,REGULAR,127,L. NNOKO,1,substitution,99,,[],out,0,35,Landry,Nnoko,Landry,Nnoko,L,N,L,N,L. Nnoko,BURSASPOR BASKETBOL,BUR,L. Nnoko,35,,,,,,SUB,out,BURSASPOR BASKETBOL substitution out,,,,,,,,,0,33,2.0,,0,10,0,13
03:14,03:14:00,10,13,-3,2,1,REGULAR,136,J. DELAURIER,1,substitution,100,,[],in,0,12,Javin Que,Delaurier,Javin Que,Delaurier,J,D,J,D,J. Delaurier,BURSASPOR BASKETBOL,BUR,J. Delaurier,12,,,,,,SUB,in,BURSASPOR BASKETBOL substitution in,,,,,,,,,0,33,2.0,,0,10,0,13
03:14,03:14:00,10,13,-3,2,1,REGULAR,129,B. CRAWFORD,1,substitution,101,,[],in,0,13,Bryant Dejuan,Crawford,Bryant Dejuan,Crawford,B,C,B,C,B. Crawford,BURSASPOR BASKETBOL,BUR,B. Crawford,13,,,,,,SUB,in,BURSASPOR BASKETBOL substitution in,,,,,,,,,0,33,2.0,,0,10,0,13
03:14,03:14:00,10,13,-3,2,1,REGULAR,134,V. KING,1,substitution,102,,[],in,0,22,Vincent Earl,King,Vincent Earl,King,V,K,V,K,V. King,BURSASPOR BASKETBOL,BUR,V. King,22,,,,,,SUB,in,BURSASPOR BASKETBOL substitution in,,,,,,,,,0,33,2.0,,0,10,0,13
03:14,03:14:00,11,13,-2,1,1,REGULAR,11,M. REED,1,freethrow,103,,[],1of2,1,0,Marcquise Deandre,Reed,Marcquise Deandre,Reed,M,R,M,R,M. Reed,TRABZONSPOR,TRB,M. Reed,0,,,,,,FT,made,TRABZONSPOR M. REED FT 1of2 made,,,,,,,,,1,33,2.0,made_ft,1,11,0,13
03:14,03:14:00,12,13,-1,1,1,REGULAR,11,M. REED,1,freethrow,104,,[],2of2,1,0,Marcquise Deandre,Reed,Marcquise Deandre,Reed,M,R,M,R,M. Reed,TRABZONSPOR,TRB,M. Reed,0,,,,,,FT,made,TRABZONSPOR M. REED FT 2of2 made,,,,,,,,,1,34,1.0,made_ft_last,1,12,0,13
02:56,02:56:00,12,13,-1,1,1,REGULAR,9,A. DELGADO ASTACIO,1,foul,107,,"['shooting', '2freethrow']",personal,0,31,Angel Luis,Delgado Astacio,Angel Luis,Delgado Astacio,A,D,A,D,A. Delgado Astacio,TRABZONSPOR,TRB,A. Delgado Astacio,31,,,,,,FOUL,,TRABZONSPOR A. DELGADO ASTACIO foul personal,,,,,,,,,0,35,2.0,,0,12,0,13
02:56,02:56:00,12,13,-1,2,1,REGULAR,136,J. DELAURIER,1,foulon,108,107,[],,0,12,Javin Que,Delaurier,Javin Que,Delaurier,J,D,J,D,J. Delaurier,BURSASPOR BASKETBOL,BUR,J. Delaurier,12,,,,,,OTHER,,BURSASPOR BASKETBOL foulon,,,,,,,,,0,35,2.0,,0,12,0,13
02:56,02:56:00,12,13,-1,1,1,REGULAR,9,A. DELGADO ASTACIO,1,substitution,109,,[],out,0,31,Angel Luis,Delgado Astacio,Angel Luis,Delgado Astacio,A,D,A,D,A. Delgado Astacio,TRABZONSPOR,TRB,A. Delgado Astacio,31,,,,,,SUB,out,TRABZONSPOR substitution out,,,,,,,,,0,35,2.0,,0,12,0,13
02:56,02:56:00,12,13,-1,1,1,REGULAR,13,K. SILINS,1,substitution,110,,[],in,0,25,Karlis,Silins,Karlis,Silins,K,S,K,S,K. Silins,TRABZONSPOR,TRB,K. Silins,25,,,,,,SUB,in,TRABZONSPOR substitution in,,,,,,,,,0,35,2.0,,0,12,0,13
02:56,02:56:00,12,14,-2,2,1,REGULAR,136,J. DELAURIER,1,freethrow,111,,[],1of2,1,12,Javin Que,Delaurier,Javin Que,Delaurier,J,D,J,D,J. Delaurier,BURSASPOR BASKETBOL,BUR,J. Delaurier,12,,,,,,FT,made,BURSASPOR BASKETBOL J. DELAURIER FT 1of2 made,,,,,,,,,1,35,2.0,made_ft,0,12,1,14
02:56,02:56:00,12,14,-2,2,1,REGULAR,135,A. KONONTSUK,1,assist,112,111,[],,0,34,Artur,Konontsuk,Artur,Konontsuk,A,K,A,K,A. Konontsuk,BURSASPOR BASKETBOL,BUR,A. Konontsuk,34,,,,,,ASS,,BURSASPOR BASKETBOL A. KONONTSUK assist,,,,,,,,,0,36,1.0,,0,12,0,14
02:56,02:56:00,12,15,-3,2,1,REGULAR,136,J. DELAURIER,1,freethrow,113,,[],2of2,1,12,Javin Que,Delaurier,Javin Que,Delaurier,J,D,J,D,J. Delaurier,BURSASPOR BASKETBOL,BUR,J. Delaurier,12,,,,,,FT,made,BURSASPOR BASKETBOL J. DELAURIER FT 2of2 made,,,,,,,,,1,36,1.0,made_ft_last,0,12,1,15
02:48,02:48:00,12,15,-3,2,1,REGULAR,102,B. AKIN,1,foul,116,,[],personal,0,11,Berk Can,Akin,Berk Can,Akin,B,A,B,A,B. Akin,BURSASPOR BASKETBOL,BUR,B. Akin,11,,,,,,FOUL,,BURSASPOR BASKETBOL B. AKIN foul personal,,,,,,,,,0,37,2.0,,0,12,0,15
02:48,02:48:00,12,15,-3,1,1,REGULAR,11,M. REED,1,foulon,117,116,[],,0,0,Marcquise Deandre,Reed,Marcquise Deandre,Reed,M,R,M,R,M. Reed,TRABZONSPOR,TRB,M. Reed,0,,,,,,OTHER,,TRABZONSPOR foulon,,,,,,,,,0,37,2.0,,0,12,0,15
02:46,02:46:00,14,15,-1,1,1,REGULAR,3,B. DEMIR,1,2pt,120,,['pointsinthepaint'],jumpshot,1,11,Berk,Demir,Berk,Demir,B,D,B,D,B. Demir,TRABZONSPOR,TRB,B. Demir,11,,,91.610000610352,58.869998931885,1.0,P2,made,TRABZONSPOR B. DEMIR 2Pt made,4.0,1.0,I. ULUSOY,,,,,,2,37,2.0,score,2,14,0,15
02:46,02:46:00,14,15,-1,1,1,REGULAR,4,I. ULUSOY,1,assist,121,120,[],,0,5,Ismail Cem,Ulusoy,Ismail Cem,Ulusoy,I,U,I,U,I. Ulusoy,TRABZONSPOR,TRB,I. Ulusoy,5,,,,,,ASS,,TRABZONSPOR I. ULUSOY assist,,,,,,,,,0,38,1.0,,0,14,0,15
02:36,02:36:00,14,15,-1,2,1,REGULAR,102,B. AKIN,1,turnover,125,,[],badpass,0,11,Berk Can,Akin,Berk Can,Akin,B,A,B,A,B. Akin,BURSASPOR BASKETBOL,BUR,B. Akin,11,,,,,,TO,,BURSASPOR BASKETBOL B. AKIN turnover badpass,,,,,,,,,0,38,1.0,turnover,0,14,0,15
02:36,02:36:00,14,15,-1,1,1,REGULAR,4,I. ULUSOY,1,steal,126,125,[],,0,5,Ismail Cem,Ulusoy,Ismail Cem,Ulusoy,I,U,I,U,I. Ulusoy,TRABZONSPOR,TRB,I. Ulusoy,5,,,,,,ST,,TRABZONSPOR I. ULUSOY steal,,,,,,,,,0,39,2.0,,0,14,0,15
02:36,02:36:00,14,15,-1,1,1,REGULAR,4,I. ULUSOY,1,turnover,127,,[],badpass,0,5,Ismail Cem,Ulusoy,Ismail Cem,Ulusoy,I,U,I,U,I. Ulusoy,TRABZONSPOR,TRB,I. Ulusoy,5,,,,,,TO,,TRABZONSPOR I. ULUSOY turnover badpass,,,,,,,,,0,39,2.0,turnover,0,14,0,15
02:36,02:36:00,14,15,-1,2,1,REGULAR,136,J. DELAURIER,1,steal,128,127,[],,0,12,Javin Que,Delaurier,Javin Que,Delaurier,J,D,J,D,J. Delaurier,BURSASPOR BASKETBOL,BUR,J. Delaurier,12,,,,,,ST,,BURSASPOR BASKETBOL J. DELAURIER steal,,,,,,,,,0,40,1.0,,0,14,0,15
02:21,02:21:00,14,15,-1,2,1,REGULAR,129,B. CRAWFORD,0,3pt,130,,['fromturnover'],jumpshot,1,13,Bryant Dejuan,Crawford,Bryant Dejuan,Crawford,B,C,B,C,B. Crawford,BURSASPOR BASKETBOL,BUR,B. Crawford,13,,,28.420000076294,30.059999465942,0.0,P3,missed,BURSASPOR BASKETBOL B. CRAWFORD 3Pt missed,,,,,,,,,0,40,1.0,def_reb,0,14,0,15
02:19,02:19:00,14,15,-1,1,1,REGULAR,4,I. ULUSOY,1,rebound,131,130,[],defensive,0,5,Ismail Cem,Ulusoy,Ismail Cem,Ulusoy,I,U,I,U,I. Ulusoy,TRABZONSPOR,TRB,I. Ulusoy,5,,,,,,REB,,TRABZONSPOR rebound defensive,,,,,,,,,0,41,2.0,def_reb,0,14,0,15
02:18,02:18:00,14,15,-1,2,1,REGULAR,136,J. DELAURIER,1,foul,133,,['2freethrow'],personal,0,12,Javin Que,Delaurier,Javin Que,Delaurier,J,D,J,D,J. Delaurier,BURSASPOR BASKETBOL,BUR,J. Delaurier,12,,,,,,FOUL,,BURSASPOR BASKETBOL J. DELAURIER foul personal,,,,,,,,,0,42,1.0,,0,14,0,15
02:18,02:18:00,14,15,-1,1,1,REGULAR,11,M. REED,1,foulon,134,133,[],,0,0,Marcquise Deandre,Reed,Marcquise Deandre,Reed,M,R,M,R,M. Reed,TRABZONSPOR,TRB,M. Reed,0,,,,,,OTHER,,TRABZONSPOR foulon,,,,,,,,,0,42,1.0,,0,14,0,15
02:18,02:18:00,15,15,0,1,1,REGULAR,11,M. REED,1,freethrow,135,,['fastbreak'],1of2,1,0,Marcquise Deandre,Reed,Marcquise Deandre,Reed,M,R,M,R,M. Reed,TRABZONSPOR,TRB,M. Reed,0,,,,,,FT,made,TRABZONSPOR M. REED FT 1of2 made,,,,,,,,,1,42,1.0,made_ft,1,15,0,15
02:18,02:18:00,16,15,1,1,1,REGULAR,11,M. REED,1,freethrow,136,,['fastbreak'],2of2,1,0,Marcquise Deandre,Reed,Marcquise Deandre,Reed,M,R,M,R,M. Reed,TRABZONSPOR,TRB,M. Reed,0,,,,,,FT,made,TRABZONSPOR M. REED FT 2of2 made,,,,,,,,,1,43,2.0,made_ft_last,1,16,0,15
02:02,02:02:00,16,15,1,2,1,REGULAR,134,V. KING,1,turnover,140,,[],badpass,0,22,Vincent Earl,King,Vincent Earl,King,V,K,V,K,V. King,BURSASPOR BASKETBOL,BUR,V. King,22,,,,,,TO,,BURSASPOR BASKETBOL V. KING turnover badpass,,,,,,,,,0,44,1.0,turnover,0,16,0,15
02:02,02:02:00,16,15,1,1,1,REGULAR,11,M. REED,1,steal,141,140,[],,0,0,Marcquise Deandre,Reed,Marcquise Deandre,Reed,M,R,M,R,M. Reed,TRABZONSPOR,TRB,M. Reed,0,,,,,,ST,,TRABZONSPOR M. REED steal,,,,,,,,,0,45,2.0,,0,16,0,15
02:01,02:01:00,16,15,1,2,1,REGULAR,102,B. AKIN,1,foul,143,,['2freethrow'],personal,0,11,Berk Can,Akin,Berk Can,Akin,B,A,B,A,B. Akin,BURSASPOR BASKETBOL,BUR,B. Akin,11,,,,,,FOUL,,BURSASPOR BASKETBOL B. AKIN foul personal,,,,,,,,,0,45,2.0,,0,16,0,15
02:01,02:01:00,16,15,1,1,1,REGULAR,11,M. REED,1,foulon,144,143,[],,0,0,Marcquise Deandre,Reed,Marcquise Deandre,Reed,M,R,M,R,M. Reed,TRABZONSPOR,TRB,M. Reed,0,,,,,,OTHER,,TRABZONSPOR foulon,,,,,,,,,0,45,2.0,,0,16,0,15
02:01,02:01:00,16,15,1,1,1,REGULAR,5,O. ULUBAY,1,substitution,145,,[],out,0,13,Okben,Ulubay,Okben,Ulubay,O,U,O,U,O. Ulubay,TRABZONSPOR,TRB,O. Ulubay,13,,,,,,SUB,out,TRABZONSPOR substitution out,,,,,,,,,0,45,2.0,,0,16,0,15
02:01,02:01:00,16,15,1,1,1,REGULAR,12,A. YEBOAH,1,substitution,146,,[],in,0,15,Akwasi Abeyie,Yeboah,Akwasi Abeyie,Yeboah,A,Y,A,Y,A. Yeboah,TRABZONSPOR,TRB,A. Yeboah,15,,,,,,SUB,in,TRABZONSPOR substitution in,,,,,,,,,0,45,2.0,,0,16,0,15
02:01,02:01:00,16,15,1,1,1,REGULAR,11,M. REED,0,freethrow,147,,"['fastbreak', 'fromturnover']",1of2,1,0,Marcquise Deandre,Reed,Marcquise Deandre,Reed,M,R,M,R,M. Reed,TRABZONSPOR,TRB,M. Reed,0,,,,,,FT,missed,TRABZONSPOR M. REED FT 1of2 missed,,,,,,,,,0,45,2.0,def_reb,0,16,0,15
02:01,02:01:00,16,15,1,1,1,REGULAR,0,,1,rebound,148,147,[],offensivedeadball,0,,,,,,,,,,,TRABZONSPOR,TRB,,,,,,,,TREB,,TRABZONSPOR team rebound offensivedeadball,,,,,,,,,0,46,1.0,def_reb,0,16,0,15
02:01,02:01:00,17,15,2,1,1,REGULAR,11,M. REED,1,freethrow,149,,"['fastbreak', 'fromturnover']",2of2,1,0,Marcquise Deandre,Reed,Marcquise Deandre,Reed,M,R,M,R,M. Reed,TRABZONSPOR,TRB,M. Reed,0,,,,,,FT,made,TRABZONSPOR M. REED FT 2of2 made,,,,,,,,,1,47,2.0,made_ft_last,1,17,0,15
01:45,01:45:00,17,15,2,1,1,REGULAR,4,I. ULUSOY,1,foul,154,,['2freethrow'],personal,0,5,Ismail Cem,Ulusoy,Ismail Cem,Ulusoy,I,U,I,U,I. Ulusoy,TRABZONSPOR,TRB,I. Ulusoy,5,,,,,,FOUL,,TRABZONSPOR I. ULUSOY foul personal,,,,,,,,,0,48,1.0,,0,17,0,15
01:45,01:45:00,17,15,2,2,1,REGULAR,102,B. AKIN,1,foulon,155,154,[],,0,11,Berk Can,Akin,Berk Can,Akin,B,A,B,A,B. Akin,BURSASPOR BASKETBOL,BUR,B. Akin,11,,,,,,OTHER,,BURSASPOR BASKETBOL foulon,,,,,,,,,0,48,1.0,,0,17,0,15
01:45,01:45:00,17,15,2,2,1,REGULAR,135,A. KONONTSUK,1,substitution,156,,[],out,0,34,Artur,Konontsuk,Artur,Konontsuk,A,K,A,K,A. Konontsuk,BURSASPOR BASKETBOL,BUR,A. Konontsuk,34,,,,,,SUB,out,BURSASPOR BASKETBOL substitution out,,,,,,,,,0,48,1.0,,0,17,0,15
01:45,01:45:00,17,15,2,2,1,REGULAR,4,Y. ONAR,1,substitution,157,,[],in,0,14,Yesukan,Onar,Yesukan,Onar,Y,O,Y,O,Y. Onar,BURSASPOR BASKETBOL,BUR,Y. Onar,14,,,,,,SUB,in,BURSASPOR BASKETBOL substitution in,,,,,,,,,0,48,1.0,,0,17,0,15
01:45,01:45:00,17,16,1,2,1,REGULAR,102,B. AKIN,1,freethrow,158,,[],1of2,1,11,Berk Can,Akin,Berk Can,Akin,B,A,B,A,B. Akin,BURSASPOR BASKETBOL,BUR,B. Akin,11,,,,,,FT,made,BURSASPOR BASKETBOL B. AKIN FT 1of2 made,,,,,,,,,1,48,1.0,made_ft,0,17,1,16
01:45,01:45:00,17,17,0,2,1,REGULAR,102,B. AKIN,1,freethrow,159,,[],2of2,1,11,Berk Can,Akin,Berk Can,Akin,B,A,B,A,B. Akin,BURSASPOR BASKETBOL,BUR,B. Akin,11,,,,,,FT,made,BURSASPOR BASKETBOL B. AKIN FT 2of2 made,,,,,,,,,1,49,2.0,made_ft_last,0,17,1,17
01:45,01:45:00,17,17,0,2,1,REGULAR,102,B. AKIN,1,substitution,160,,[],out,0,11,Berk Can,Akin,Berk Can,Akin,B,A,B,A,B. Akin,BURSASPOR BASKETBOL,BUR,B. Akin,11,,,,,,SUB,out,BURSASPOR BASKETBOL substitution out,,,,,,,,,0,50,1.0,,0,17,0,17
01:45,01:45:00,17,17,0,2,1,REGULAR,144,M. PARSONS,1,substitution,161,,[],in,0,5,Malik Disjohn,Parsons,Malik Disjohn,Parsons,M,P,M,P,M. Parsons,BURSASPOR BASKETBOL,BUR,M. Parsons,5,,,,,,SUB,in,BURSASPOR BASKETBOL substitution in,,,,,,,,,0,50,1.0,,0,17,0,17
01:42,01:42:00,17,17,0,1,1,REGULAR,4,I. ULUSOY,1,turnover,163,,[],badpass,0,5,Ismail Cem,Ulusoy,Ismail Cem,Ulusoy,I,U,I,U,I. Ulusoy,TRABZONSPOR,TRB,I. Ulusoy,5,,,,,,TO,,TRABZONSPOR I. ULUSOY turnover badpass,,,,,,,,,0,50,1.0,turnover,0,17,0,17
01:42,01:42:00,17,17,0,2,1,REGULAR,134,V. KING,1,steal,164,163,[],,0,22,Vincent Earl,King,Vincent Earl,King,V,K,V,K,V. King,BURSASPOR BASKETBOL,BUR,V. King,22,,,,,,ST,,BURSASPOR BASKETBOL V. KING steal,,,,,,,,,0,51,2.0,,0,17,0,17
01:38,01:38:00,17,17,0,2,1,REGULAR,134,V. KING,1,turnover,166,,[],badpass,0,22,Vincent Earl,King,Vincent Earl,King,V,K,V,K,V. King,BURSASPOR BASKETBOL,BUR,V. King,22,,,,,,TO,,BURSASPOR BASKETBOL V. KING turnover badpass,,,,,,,,,0,51,2.0,turnover,0,17,0,17
01:23,01:23:00,17,17,0,1,1,REGULAR,3,B. DEMIR,0,3pt,168,,['fromturnover'],jumpshot,1,11,Berk,Demir,Berk,Demir,B,D,B,D,B. Demir,TRABZONSPOR,TRB,B. Demir,11,,,65.709999084473,55.479999542236,0.0,P3,missed,TRABZONSPOR B. DEMIR 3Pt missed,,,,,,,,,0,52,1.0,def_reb,0,17,0,17
01:20,01:20:00,17,17,0,2,1,REGULAR,136,J. DELAURIER,1,rebound,169,168,[],defensive,0,12,Javin Que,Delaurier,Javin Que,Delaurier,J,D,J,D,J. Delaurier,BURSASPOR BASKETBOL,BUR,J. Delaurier,12,,,,,,REB,,BURSASPOR BASKETBOL rebound defensive,,,,,,,,,0,53,2.0,def_reb,0,17,0,17
00:59,00:59:60,17,17,0,2,1,REGULAR,129,B. CRAWFORD,0,2pt,170,,['pointsinthepaint'],fadeaway,1,13,Bryant Dejuan,Crawford,Bryant Dejuan,Crawford,B,C,B,C,B. Crawford,BURSASPOR BASKETBOL,BUR,B. Crawford,13,,,15.010000228882,38.529998779297,0.0,P2,missed,BURSASPOR BASKETBOL B. CRAWFORD 2Pt missed,,,,,,,,,0,54,1.0,def_reb,0,17,0,17
00:56,00:56:80,17,17,0,1,1,REGULAR,13,K. SILINS,1,rebound,171,170,[],defensive,0,25,Karlis,Silins,Karlis,Silins,K,S,K,S,K. Silins,TRABZONSPOR,TRB,K. Silins,25,,,,,,REB,,TRABZONSPOR rebound defensive,,,,,,,,,0,55,2.0,def_reb,0,17,0,17
00:43,00:43:60,17,17,0,1,1,REGULAR,3,B. DEMIR,0,3pt,172,,[],jumpshot,1,11,Berk,Demir,Berk,Demir,B,D,B,D,B. Demir,TRABZONSPOR,TRB,B. Demir,11,,,95.349998474121,3.2200000286102,0.0,P3,missed,TRABZONSPOR B. DEMIR 3Pt missed,,,,,,,,,0,56,1.0,def_reb,0,17,0,17
00:41,00:41:10,17,17,0,2,1,REGULAR,4,Y. ONAR,1,rebound,173,172,[],defensive,0,14,Yesukan,Onar,Yesukan,Onar,Y,O,Y,O,Y. Onar,BURSASPOR BASKETBOL,BUR,Y. Onar,14,,,,,,REB,,BURSASPOR BASKETBOL rebound defensive,,,,,,,,,0,57,2.0,def_reb,0,17,0,17
00:36,00:36:60,17,17,0,1,1,REGULAR,12,A. YEBOAH,1,foul,175,,"['shooting', '2freethrow']",personal,0,15,Akwasi Abeyie,Yeboah,Akwasi Abeyie,Yeboah,A,Y,A,Y,A. Yeboah,TRABZONSPOR,TRB,A. Yeboah,15,,,,,,FOUL,,TRABZONSPOR A. YEBOAH foul personal,,,,,,,,,0,58,1.0,,0,17,0,17
00:36,00:36:60,17,17,0,2,1,REGULAR,144,M. PARSONS,1,foulon,176,175,[],,0,5,Malik Disjohn,Parsons,Malik Disjohn,Parsons,M,P,M,P,M. Parsons,BURSASPOR BASKETBOL,BUR,M. Parsons,5,,,,,,OTHER,,BURSASPOR BASKETBOL foulon,,,,,,,,,0,58,1.0,,0,17,0,17
00:36,00:36:60,17,18,-1,2,1,REGULAR,144,M. PARSONS,1,freethrow,177,,['fastbreak'],1of2,1,5,Malik Disjohn,Parsons,Malik Disjohn,Parsons,M,P,M,P,M. Parsons,BURSASPOR BASKETBOL,BUR,M. Parsons,5,,,,,,FT,made,BURSASPOR BASKETBOL M. PARSONS FT 1of2 made,,,,,,,,,1,58,1.0,made_ft,0,17,1,18
00:36,00:36:60,17,19,-2,2,1,REGULAR,144,M. PARSONS,1,freethrow,178,,['fastbreak'],2of2,1,5,Malik Disjohn,Parsons,Malik Disjohn,Parsons,M,P,M,P,M. Parsons,BURSASPOR BASKETBOL,BUR,M. Parsons,5,,,,,,FT,made,BURSASPOR BASKETBOL M. PARSONS FT 2of2 made,,,,,,,,,1,59,2.0,made_ft_last,0,17,1,19
00:24,00:24:60,17,19,-2,1,1,REGULAR,11,M. REED,0,2pt,180,,[],pullupjumpshot,1,0,Marcquise Deandre,Reed,Marcquise Deandre,Reed,M,R,M,R,M. Reed,TRABZONSPOR,TRB,M. Reed,0,,,89.419998168945,27.229999542236,0.0,P2,missed,TRABZONSPOR M. REED 2Pt missed,,,,,,,,,0,60,1.0,def_reb,0,17,0,19
00:21,00:21:60,17,19,-2,2,1,REGULAR,136,J. DELAURIER,1,rebound,181,180,[],defensive,0,12,Javin Que,Delaurier,Javin Que,Delaurier,J,D,J,D,J. Delaurier,BURSASPOR BASKETBOL,BUR,J. Delaurier,12,,,,,,REB,,BURSASPOR BASKETBOL rebound defensive,,,,,,,,,0,61,2.0,def_reb,0,17,0,19
00:07,00:07:00,17,19,-2,2,1,REGULAR,129,B. CRAWFORD,0,3pt,184,,[],jumpshot,1,13,Bryant Dejuan,Crawford,Bryant Dejuan,Crawford,B,C,B,C,B. Crawford,BURSASPOR BASKETBOL,BUR,B. Crawford,13,,,31.389999389648,37.970001220703,0.0,P3,missed,BURSASPOR BASKETBOL B. CRAWFORD 3Pt missed,,,,,,,,,0,62,1.0,def_reb,0,17,0,19
00:04,00:04:80,17,19,-2,1,1,REGULAR,12,A. YEBOAH,1,rebound,187,184,[],defensive,0,15,Akwasi Abeyie,Yeboah,Akwasi Abeyie,Yeboah,A,Y,A,Y,A. Yeboah,TRABZONSPOR,TRB,A. Yeboah,15,,,,,,REB,,TRABZONSPOR rebound defensive,,,,,,,,,0,63,2.0,def_reb,0,17,0,19
00:01,00:01:90,17,19,-2,1,1,REGULAR,3,B. DEMIR,0,3pt,189,,[],jumpshot,1,11,Berk,Demir,Berk,Demir,B,D,B,D,B. Demir,TRABZONSPOR,TRB,B. Demir,11,,,61.5,90.51000213623,0.0,P3,missed,TRABZONSPOR B. DEMIR 3Pt missed,,,,,,,,,0,64,1.0,,0,17,0,19
00:00,00:00:00,17,19,-2,0,1,REGULAR,0,,1,period,192,,['confirmed'],end,0,,,,,,,,,,,,,,,,,,,,OTHER,,period end,,,,,,,,,0,64,1.0,,0,17,0,19
10:00,10:00:00,17,19,-2,1,2,REGULAR,3,B. DEMIR,1,substitution,193,,[],out,0,11,Berk,Demir,Berk,Demir,B,D,B,D,B. Demir,TRABZONSPOR,TRB,B. Demir,11,,,,,,SUB,out,TRABZONSPOR substitution out,,,,,,,,,0,64,1.0,,0,17,0,19
10:00,10:00:00,17,19,-2,1,2,REGULAR,5,O. ULUBAY,1,substitution,194,,[],in,0,13,Okben,Ulubay,Okben,Ulubay,O,U,O,U,O. Ulubay,TRABZONSPOR,TRB,O. Ulubay,13,,,,,,SUB,in,TRABZONSPOR substitution in,,,,,,,,,0,64,1.0,,0,17,0,19
10:00,10:00:00,17,19,-2,0,2,REGULAR,0,,1,period,195,,[],start,0,,,,,,,,,,,,,,,,,,,,OTHER,,period start,,,,,,,,,0,64,1.0,,0,17,0,19
09:46,09:46:00,19,19,0,1,2,REGULAR,13,K. SILINS,1,2pt,197,,['pointsinthepaint'],dunk,1,25,Karlis,Silins,Karlis,Silins,K,S,K,S,K. Silins,TRABZONSPOR,TRB,K. Silins,25,,,90.669998168945,56.610000610352,1.0,P2,made,TRABZONSPOR K. SILINS 2Pt made,4.0,1.0,I. ULUSOY,,,,,,2,64,1.0,score,2,19,0,19
09:46,09:46:00,19,19,0,1,2,REGULAR,4,I. ULUSOY,1,assist,198,197,[],,0,5,Ismail Cem,Ulusoy,Ismail Cem,Ulusoy,I,U,I,U,I. Ulusoy,TRABZONSPOR,TRB,I. Ulusoy,5,,,,,,ASS,,TRABZONSPOR I. ULUSOY assist,,,,,,,,,0,65,2.0,,0,19,0,19
09:24,09:24:00,19,19,0,2,2,REGULAR,134,V. KING,0,2pt,199,,[],pullupjumpshot,1,22,Vincent Earl,King,Vincent Earl,King,V,K,V,K,V. King,BURSASPOR BASKETBOL,BUR,V. King,22,,,13.920000076294,88.529998779297,0.0,P2,missed,BURSASPOR BASKETBOL V. KING 2Pt missed,,,,,,,,,0,65,2.0,def_reb,0,19,0,19
09:22,09:22:00,19,19,0,1,2,REGULAR,11,M. REED,1,rebound,200,199,[],defensive,0,0,Marcquise Deandre,Reed,Marcquise Deandre,Reed,M,R,M,R,M. Reed,TRABZONSPOR,TRB,M. Reed,0,,,,,,REB,,TRABZONSPOR rebound defensive,,,,,,,,,0,66,1.0,def_reb,0,19,0,19
09:19,09:19:00,19,19,0,2,2,REGULAR,134,V. KING,1,foul,204,,['2freethrow'],unsportsmanlike,0,22,Vincent Earl,King,Vincent Earl,King,V,K,V,K,V. King,BURSASPOR BASKETBOL,BUR,V. King,22,,,,,,FOUL,,BURSASPOR BASKETBOL V. KING foul unsportsmanlike,,,,,,,,,0,67,2.0,,0,19,0,19
09:19,09:19:00,19,19,0,1,2,REGULAR,5,O. ULUBAY,1,foulon,205,204,[],,0,13,Okben,Ulubay,Okben,Ulubay,O,U,O,U,O. Ulubay,TRABZONSPOR,TRB,O. Ulubay,13,,,,,,OTHER,,TRABZONSPOR foulon,,,,,,,,,0,67,2.0,,0,19,0,19
09:19,09:19:00,19,19,0,2,2,REGULAR,134,V. KING,1,substitution,206,,[],out,0,22,Vincent Earl,King,Vincent Earl,King,V,K,V,K,V. King,BURSASPOR BASKETBOL,BUR,V. King,22,,,,,,SUB,out,BURSASPOR BASKETBOL substitution out,,,,,,,,,0,67,2.0,,0,19,0,19
09:19,09:19:00,19,19,0,2,2,REGULAR,101,H. KÖKSAL,1,substitution,207,,[],in,0,7,Hüseyin Göksenin,Köksal,Hüseyin Göksenin,Köksal,H,K,H,K,H. Köksal,BURSASPOR BASKETBOL,BUR,H. Köksal,7,,,,,,SUB,in,BURSASPOR BASKETBOL substitution in,,,,,,,,,0,67,2.0,,0,19,0,19
09:19,09:19:00,19,19,0,1,2,REGULAR,5,O. ULUBAY,0,freethrow,208,,['fastbreak'],1of2,1,13,Okben,Ulubay,Okben,Ulubay,O,U,O,U,O. Ulubay,TRABZONSPOR,TRB,O. Ulubay,13,,,,,,FT,missed,TRABZONSPOR O. ULUBAY FT 1of2 missed,,,,,,,,,0,67,2.0,def_reb,0,19,0,19
09:19,09:19:00,19,19,0,1,2,REGULAR,0,,1,rebound,209,208,[],offensivedeadball,0,,,,,,,,,,,TRABZONSPOR,TRB,,,,,,,,TREB,,TRABZONSPOR team rebound offensivedeadball,,,,,,,,,0,68,1.0,def_reb,0,19,0,19
09:19,09:19:00,20,19,1,1,2,REGULAR,5,O. ULUBAY,1,freethrow,210,,['fastbreak'],2of2,1,13,Okben,Ulubay,Okben,Ulubay,O,U,O,U,O. Ulubay,TRABZONSPOR,TRB,O. Ulubay,13,,,,,,FT,made,TRABZONSPOR O. ULUBAY FT 2of2 made,,,,,,,,,1,69,2.0,made_ft_last,1,20,0,19
09:09,09:09:00,20,19,1,1,2,REGULAR,4,I. ULUSOY,1,turnover,212,,[],badpass,0,5,Ismail Cem,Ulusoy,Ismail Cem,Ulusoy,I,U,I,U,I. Ulusoy,TRABZONSPOR,TRB,I. Ulusoy,5,,,,,,TO,,TRABZONSPOR I. ULUSOY turnover badpass,,,,,,,,,0,70,1.0,turnover,0,20,0,19
09:09,09:09:00,20,19,1,2,2,REGULAR,136,J. DELAURIER,1,steal,213,212,[],,0,12,Javin Que,Delaurier,Javin Que,Delaurier,J,D,J,D,J. Delaurier,BURSASPOR BASKETBOL,BUR,J. Delaurier,12,,,,,,ST,,BURSASPOR BASKETBOL J. DELAURIER steal,,,,,,,,,0,71,2.0,,0,20,0,19
08:54,08:54:00,20,19,1,1,2,REGULAR,11,M. REED,1,substitution,215,,[],out,0,0,Marcquise Deandre,Reed,Marcquise Deandre,Reed,M,R,M,R,M. Reed,TRABZONSPOR,TRB,M. Reed,0,,,,,,SUB,out,TRABZONSPOR substitution out,,,,,,,,,0,71,2.0,,0,20,0,19
08:54,08:54:00,20,19,1,1,2,REGULAR,7,J. GORDON,1,substitution,216,,[],in,0,8,Jitaurious Tykyvion,Gordon,Jitaurious Tykyvion,Gordon,J,G,J,G,J. Gordon,TRABZONSPOR,TRB,J. Gordon,8,,,,,,SUB,in,TRABZONSPOR substitution in,,,,,,,,,0,71,2.0,,0,20,0,19
08:45,08:45:00,20,19,1,2,2,REGULAR,101,H. KÖKSAL,0,3pt,218,,['fromturnover'],jumpshot,1,7,Hüseyin Göksenin,Köksal,Hüseyin Göksenin,Köksal,H,K,H,K,H. Köksal,BURSASPOR BASKETBOL,BUR,H. Köksal,7,,,13.449999809265,96.440002441406,0.0,P3,missed,BURSASPOR BASKETBOL H. KÖKSAL 3Pt missed,,,,,,,,,0,71,2.0,def_reb,0,20,0,19
08:43,08:43:00,20,19,1,1,2,REGULAR,0,,1,rebound,220,218,['team'],defensive,0,,,,,,,,,,,TRABZONSPOR,TRB,,,,,,,,TREB,,TRABZONSPOR team rebound defensive,,,,,,,,,0,72,1.0,def_reb,0,20,0,19
08:43,08:43:00,20,19,1,2,2,REGULAR,4,Y. ONAR,1,foul,221,,[],personal,0,14,Yesukan,Onar,Yesukan,Onar,Y,O,Y,O,Y. Onar,BURSASPOR BASKETBOL,BUR,Y. Onar,14,,,,,,FOUL,,BURSASPOR BASKETBOL Y. ONAR foul personal,,,,,,,,,0,73,2.0,,0,20,0,19
08:43,08:43:00,20,19,1,1,2,REGULAR,12,A. YEBOAH,1,foulon,222,221,[],,0,15,Akwasi Abeyie,Yeboah,Akwasi Abeyie,Yeboah,A,Y,A,Y,A. Yeboah,TRABZONSPOR,TRB,A. Yeboah,15,,,,,,OTHER,,TRABZONSPOR foulon,,,,,,,,,0,73,2.0,,0,20,0,19
08:43,08:43:00,20,19,1,2,2,REGULAR,136,J. DELAURIER,1,substitution,223,,[],out,0,12,Javin Que,Delaurier,Javin Que,Delaurier,J,D,J,D,J. Delaurier,BURSASPOR BASKETBOL,BUR,J. Delaurier,12,,,,,,SUB,out,BURSASPOR BASKETBOL substitution out,,,,,,,,,0,73,2.0,,0,20,0,19
08:43,08:43:00,20,19,1,2,2,REGULAR,4,Y. ONAR,1,substitution,224,,[],out,0,14,Yesukan,Onar,Yesukan,Onar,Y,O,Y,O,Y. Onar,BURSASPOR BASKETBOL,BUR,Y. Onar,14,,,,,,SUB,out,BURSASPOR BASKETBOL substitution out,,,,,,,,,0,73,2.0,,0,20,0,19
08:43,08:43:00,20,19,1,2,2,REGULAR,135,A. KONONTSUK,1,substitution,225,,[],in,0,34,Artur,Konontsuk,Artur,Konontsuk,A,K,A,K,A. Konontsuk,BURSASPOR BASKETBOL,BUR,A. Konontsuk,34,,,,,,SUB,in,BURSASPOR BASKETBOL substitution in,,,,,,,,,0,73,2.0,,0,20,0,19
08:43,08:43:00,20,19,1,2,2,REGULAR,127,L. NNOKO,1,substitution,226,,[],in,0,35,Landry,Nnoko,Landry,Nnoko,L,N,L,N,L. Nnoko,BURSASPOR BASKETBOL,BUR,L. Nnoko,35,,,,,,SUB,in,BURSASPOR BASKETBOL substitution in,,,,,,,,,0,73,2.0,,0,20,0,19
08:29,08:29:00,23,19,4,1,2,REGULAR,12,A. YEBOAH,1,3pt,228,,[],jumpshot,1,15,Akwasi Abeyie,Yeboah,Akwasi Abeyie,Yeboah,A,Y,A,Y,A. Yeboah,TRABZONSPOR,TRB,A. Yeboah,15,,,76.629997253418,87.680000305176,1.0,P3,made,TRABZONSPOR A. YEBOAH 3Pt made,7.0,1.0,J. GORDON,,,,,,3,73,2.0,score,3,23,0,19
08:29,08:29:00,23,19,4,1,2,REGULAR,7,J. GORDON,1,assist,230,228,[],,0,8,Jitaurious Tykyvion,Gordon,Jitaurious Tykyvion,Gordon,J,G,J,G,J. Gordon,TRABZONSPOR,TRB,J. Gordon,8,,,,,,ASS,,TRABZONSPOR J. GORDON assist,,,,,,,,,0,74,1.0,,0,23,0,19
08:28,08:28:00,23,19,4,2,2,REGULAR,0,,1,timeout,231,,[],full,0,,,,,,,,,,,BURSASPOR BASKETBOL,BUR,,,,,,,,TIMEOUT,,BURSASPOR BASKETBOL timeout,,,,,,,,,0,74,1.0,,0,23,0,19
08:28,08:28:00,23,19,4,0,2,REGULAR,0,,1,timeout,232,,[],officials,0,,,,,,,,,,,,,,,,,,,,TIMEOUT,, timeout,,,,,,,,,0,74,1.0,,0,23,0,19
08:28,08:28:00,23,19,4,2,2,REGULAR,129,B. CRAWFORD,1,substitution,233,,[],out,0,13,Bryant Dejuan,Crawford,Bryant Dejuan,Crawford,B,C,B,C,B. Crawford,BURSASPOR BASKETBOL,BUR,B. Crawford,13,,,,,,SUB,out,BURSASPOR BASKETBOL substitution out,,,,,,,,,0,74,1.0,,0,23,0,19
08:28,08:28:00,23,19,4,2,2,REGULAR,133,B. CHILDRESS,1,substitution,234,,[],in,0,0,Brandon Reginald,Childress,Brandon Reginald,Childress,B,C,B,C,B. Childress,BURSASPOR BASKETBOL,BUR,B. Childress,0,,,,,,SUB,in,BURSASPOR BASKETBOL substitution in,,,,,,,,,0,74,1.0,,0,23,0,19
08:05,08:05:00,23,21,2,2,2,REGULAR,144,M. PARSONS,1,2pt,236,,['pointsinthepaint'],layup,1,5,Malik Disjohn,Parsons,Malik Disjohn,Parsons,M,P,M,P,M. Parsons,BURSASPOR BASKETBOL,BUR,M. Parsons,5,,,4.2399997711182,62.259998321533,1.0,P2,made,BURSASPOR BASKETBOL M. PARSONS 2Pt made,101.0,2.0,H. KÖKSAL,,,,,,2,74,1.0,score,0,23,2,21
08:05,08:05:00,23,21,2,2,2,REGULAR,101,H. KÖKSAL,1,assist,237,236,[],,0,7,Hüseyin Göksenin,Köksal,Hüseyin Göksenin,Köksal,H,K,H,K,H. Köksal,BURSASPOR BASKETBOL,BUR,H. Köksal,7,,,,,,ASS,,BURSASPOR BASKETBOL H. KÖKSAL assist,,,,,,,,,0,75,2.0,,0,23,0,21
07:39,07:39:00,25,21,4,1,2,REGULAR,4,I. ULUSOY,1,2pt,245,,['pointsinthepaint'],drivinglayup,1,5,Ismail Cem,Ulusoy,Ismail Cem,Ulusoy,I,U,I,U,I. Ulusoy,TRABZONSPOR,TRB,I. Ulusoy,5,,,91.139999389648,61.979999542236,1.0,P2,made,TRABZONSPOR I. ULUSOY 2Pt made,13.0,1.0,K. SILINS,,,,,,2,75,2.0,score,2,25,0,21
07:39,07:39:00,25,21,4,1,2,REGULAR,13,K. SILINS,1,assist,246,245,[],,0,25,Karlis,Silins,Karlis,Silins,K,S,K,S,K. Silins,TRABZONSPOR,TRB,K. Silins,25,,,,,,ASS,,TRABZONSPOR K. SILINS assist,,,,,,,,,0,76,1.0,,0,25,0,21
07:17,07:17:00,25,24,1,2,2,REGULAR,133,B. CHILDRESS,1,3pt,248,,[],stepbackjumpshot,1,0,Brandon Reginald,Childress,Brandon Reginald,Childress,B,C,B,C,B. Childress,BURSASPOR BASKETBOL,BUR,B. Childress,0,,,27.020000457764,24.409999847412,1.0,P3,made,BURSASPOR BASKETBOL B. CHILDRESS 3Pt made,,,,,,,,,3,76,1.0,score,0,25,3,24
07:06,07:06:00,25,24,1,1,2,REGULAR,7,J. GORDON,0,2pt,250,,"['pointsinthepaint', 'blocked']",drivinglayup,1,8,Jitaurious Tykyvion,Gordon,Jitaurious Tykyvion,Gordon,J,G,J,G,J. Gordon,TRABZONSPOR,TRB,J. Gordon,8,,,90.669998168945,40.229999542236,0.0,P2,missed,TRABZONSPOR J. GORDON 2Pt missed,,,,127.0,2.0,L. NNOKO,,,0,77,2.0,,0,25,0,24
07:06,07:06:00,25,24,1,2,2,REGULAR,127,L. NNOKO,1,block,251,250,[],,0,35,Landry,Nnoko,Landry,Nnoko,L,N,L,N,L. Nnoko,BURSASPOR BASKETBOL,BUR,L. Nnoko,35,,,,,,BS,,BURSASPOR BASKETBOL L. NNOKO block,,,,,,,,,0,77,2.0,,0,25,0,24
07:06,07:06:00,25,24,1,1,2,REGULAR,0,,1,rebound,252,250,['team'],offensive,0,,,,,,,,,,,TRABZONSPOR,TRB,,,,,,,,TREB,,TRABZONSPOR team rebound offensive,,,,,,,,,0,77,2.0,def_reb,0,25,0,24
06:53,06:53:00,27,24,3,1,2,REGULAR,13,K. SILINS,1,2pt,257,,"['2ndchance', 'pointsinthepaint']",layup,1,25,Karlis,Silins,Karlis,Silins,K,S,K,S,K. Silins,TRABZONSPOR,TRB,K. Silins,25,,,96.290000915527,59.720001220703,1.0,P2,made,TRABZONSPOR K. SILINS 2Pt made,7.0,1.0,J. GORDON,,,,,,2,78,1.0,score,2,27,0,24
06:53,06:53:00,27,24,3,1,2,REGULAR,7,J. GORDON,1,assist,258,257,[],,0,8,Jitaurious Tykyvion,Gordon,Jitaurious Tykyvion,Gordon,J,G,J,G,J. Gordon,TRABZONSPOR,TRB,J. Gordon,8,,,,,,ASS,,TRABZONSPOR J. GORDON assist,,,,,,,,,0,79,2.0,,0,27,0,24
06:53,06:53:00,27,24,3,2,2,REGULAR,135,A. KONONTSUK,1,foul,259,,"['shooting', '1freethrow']",personal,0,34,Artur,Konontsuk,Artur,Konontsuk,A,K,A,K,A. Konontsuk,BURSASPOR BASKETBOL,BUR,A. Konontsuk,34,,,,,,FOUL,,BURSASPOR BASKETBOL A. KONONTSUK foul personal,,,,,,,,,0,79,2.0,,0,27,0,24
06:53,06:53:00,27,24,3,1,2,REGULAR,13,K. SILINS,1,foulon,260,259,[],,0,25,Karlis,Silins,Karlis,Silins,K,S,K,S,K. Silins,TRABZONSPOR,TRB,K. Silins,25,,,,,,OTHER,,TRABZONSPOR foulon,,,,,,,,,0,79,2.0,,0,27,0,24
06:53,06:53:00,28,24,4,1,2,REGULAR,13,K. SILINS,1,freethrow,261,,['2ndchance'],1of1,1,25,Karlis,Silins,Karlis,Silins,K,S,K,S,K. Silins,TRABZONSPOR,TRB,K. Silins,25,,,,,,FT,made,TRABZONSPOR K. SILINS FT 1of1 made,,,,,,,,,1,79,2.0,made_ft_last,1,28,0,24
06:43,06:43:00,28,24,4,1,2,REGULAR,13,K. SILINS,1,foul,264,,[],personal,0,25,Karlis,Silins,Karlis,Silins,K,S,K,S,K. Silins,TRABZONSPOR,TRB,K. Silins,25,,,,,,FOUL,,TRABZONSPOR K. SILINS foul personal,,,,,,,,,0,80,1.0,,0,28,0,24
06:43,06:43:00,28,24,4,2,2,REGULAR,127,L. NNOKO,1,foulon,265,264,[],,0,35,Landry,Nnoko,Landry,Nnoko,L,N,L,N,L. Nnoko,BURSASPOR BASKETBOL,BUR,L. Nnoko,35,,,,,,OTHER,,BURSASPOR BASKETBOL foulon,,,,,,,,,0,80,1.0,,0,28,0,24
06:43,06:43:00,28,24,4,1,2,REGULAR,4,I. ULUSOY,1,substitution,266,,[],out,0,5,Ismail Cem,Ulusoy,Ismail Cem,Ulusoy,I,U,I,U,I. Ulusoy,TRABZONSPOR,TRB,I. Ulusoy,5,,,,,,SUB,out,TRABZONSPOR substitution out,,,,,,,,,0,80,1.0,,0,28,0,24
06:43,06:43:00,28,24,4,1,2,REGULAR,14,D. GRANT,1,substitution,267,,[],in,0,1,Denove Octavon,Grant,Denove Octavon,Grant,D,G,D,G,D. Grant,TRABZONSPOR,TRB,D. Grant,1,,,,,,SUB,in,TRABZONSPOR substitution in,,,,,,,,,0,80,1.0,,0,28,0,24
06:30,06:30:00,28,26,2,2,2,REGULAR,144,M. PARSONS,1,2pt,269,,['pointsinthepaint'],drivinglayup,1,5,Malik Disjohn,Parsons,Malik Disjohn,Parsons,M,P,M,P,M. Parsons,BURSASPOR BASKETBOL,BUR,M. Parsons,5,,,6.9000000953674,61.130001068115,1.0,P2,made,BURSASPOR BASKETBOL M. PARSONS 2Pt made,,,,,,,,,2,80,1.0,score,0,28,2,26
06:09,06:09:00,28,26,2,1,2,REGULAR,13,K. SILINS,0,2pt,270,,['pointsinthepaint'],hookshot,1,25,Karlis,Silins,Karlis,Silins,K,S,K,S,K. Silins,TRABZONSPOR,TRB,K. Silins,25,,,86.930000305176,58.020000457764,0.0,P2,missed,TRABZONSPOR K. SILINS 2Pt missed,,,,,,,,,0,81,2.0,def_reb,0,28,0,26
06:07,06:07:00,28,26,2,2,2,REGULAR,127,L. NNOKO,1,rebound,271,270,[],defensive,0,35,Landry,Nnoko,Landry,Nnoko,L,N,L,N,L. Nnoko,BURSASPOR BASKETBOL,BUR,L. Nnoko,35,,,,,,REB,,BURSASPOR BASKETBOL rebound defensive,,,,,,,,,0,82,1.0,def_reb,0,28,0,26
05:55,05:55:00,28,28,0,2,2,REGULAR,127,L. NNOKO,1,2pt,273,,['pointsinthepaint'],jumpshot,1,35,Landry,Nnoko,Landry,Nnoko,L,N,L,N,L. Nnoko,BURSASPOR BASKETBOL,BUR,L. Nnoko,35,,,7.5199999809265,59.150001525879,1.0,P2,made,BURSASPOR BASKETBOL L. NNOKO 2Pt made,101.0,2.0,H. KÖKSAL,,,,,,2,83,2.0,score,0,28,2,28
05:55,05:55:00,28,28,0,2,2,REGULAR,101,H. KÖKSAL,1,assist,274,273,[],,0,7,Hüseyin Göksenin,Köksal,Hüseyin Göksenin,Köksal,H,K,H,K,H. Köksal,BURSASPOR BASKETBOL,BUR,H. Köksal,7,,,,,,ASS,,BURSASPOR BASKETBOL H. KÖKSAL assist,,,,,,,,,0,84,1.0,,0,28,0,28
05:55,05:55:00,28,28,0,1,2,REGULAR,0,,1,timeout,275,,[],full,0,,,,,,,,,,,TRABZONSPOR,TRB,,,,,,,,TIMEOUT,,TRABZONSPOR timeout,,,,,,,,,0,84,1.0,,0,28,0,28
05:55,05:55:00,28,28,0,1,2,REGULAR,13,K. SILINS,1,substitution,276,,[],out,0,25,Karlis,Silins,Karlis,Silins,K,S,K,S,K. Silins,TRABZONSPOR,TRB,K. Silins,25,,,,,,SUB,out,TRABZONSPOR substitution out,,,,,,,,,0,84,1.0,,0,28,0,28
05:55,05:55:00,28,28,0,1,2,REGULAR,2,E. ARAR,1,substitution,277,,[],in,0,19,Ege,Arar,Ege,Arar,E,A,E,A,E. Arar,TRABZONSPOR,TRB,E. Arar,19,,,,,,SUB,in,TRABZONSPOR substitution in,,,,,,,,,0,84,1.0,,0,28,0,28
05:47,05:47:00,28,28,0,1,2,REGULAR,12,A. YEBOAH,1,turnover,279,,[],badpass,0,15,Akwasi Abeyie,Yeboah,Akwasi Abeyie,Yeboah,A,Y,A,Y,A. Yeboah,TRABZONSPOR,TRB,A. Yeboah,15,,,,,,TO,,TRABZONSPOR A. YEBOAH turnover badpass,,,,,,,,,0,84,1.0,turnover,0,28,0,28
05:47,05:47:00,28,28,0,2,2,REGULAR,101,H. KÖKSAL,1,steal,280,279,[],,0,7,Hüseyin Göksenin,Köksal,Hüseyin Göksenin,Köksal,H,K,H,K,H. Köksal,BURSASPOR BASKETBOL,BUR,H. Köksal,7,,,,,,ST,,BURSASPOR BASKETBOL H. KÖKSAL steal,,,,,,,,,0,85,2.0,,0,28,0,28
05:32,05:32:00,28,30,-2,2,2,REGULAR,133,B. CHILDRESS,1,2pt,282,,['fromturnover'],stepbackjumpshot,1,0,Brandon Reginald,Childress,Brandon Reginald,Childress,B,C,B,C,B. Childress,BURSASPOR BASKETBOL,BUR,B. Childress,0,,,15.159999847412,12.539999961853,1.0,P2,made,BURSASPOR BASKETBOL B. CHILDRESS 2Pt made,,,,,,,,,2,85,2.0,score,0,28,2,30
05:32,05:32:00,28,30,-2,1,2,REGULAR,14,D. GRANT,1,foul,283,,"['shooting', '1freethrow']",personal,0,1,Denove Octavon,Grant,Denove Octavon,Grant,D,G,D,G,D. Grant,TRABZONSPOR,TRB,D. Grant,1,,,,,,FOUL,,TRABZONSPOR D. GRANT foul personal,,,,,,,,,0,86,1.0,,0,28,0,30
05:32,05:32:00,28,30,-2,2,2,REGULAR,133,B. CHILDRESS,1,foulon,284,283,[],,0,0,Brandon Reginald,Childress,Brandon Reginald,Childress,B,C,B,C,B. Childress,BURSASPOR BASKETBOL,BUR,B. Childress,0,,,,,,OTHER,,BURSASPOR BASKETBOL foulon,,,,,,,,,0,86,1.0,,0,28,0,30
05:32,05:32:00,28,30,-2,1,2,REGULAR,12,A. YEBOAH,1,substitution,285,,[],out,0,15,Akwasi Abeyie,Yeboah,Akwasi Abeyie,Yeboah,A,Y,A,Y,A. Yeboah,TRABZONSPOR,TRB,A. Yeboah,15,,,,,,SUB,out,TRABZONSPOR substitution out,,,,,,,,,0,86,1.0,,0,28,0,30
05:32,05:32:00,28,30,-2,1,2,REGULAR,11,M. REED,1,substitution,286,,[],in,0,0,Marcquise Deandre,Reed,Marcquise Deandre,Reed,M,R,M,R,M. Reed,TRABZONSPOR,TRB,M. Reed,0,,,,,,SUB,in,TRABZONSPOR substitution in,,,,,,,,,0,86,1.0,,0,28,0,30
05:32,05:32:00,28,31,-3,2,2,REGULAR,133,B. CHILDRESS,1,freethrow,287,,['fromturnover'],1of1,1,0,Brandon Reginald,Childress,Brandon Reginald,Childress,B,C,B,C,B. Childress,BURSASPOR BASKETBOL,BUR,B. Childress,0,,,,,,FT,made,BURSASPOR BASKETBOL B. CHILDRESS FT 1of1 made,,,,,,,,,1,86,1.0,made_ft_last,0,28,1,31
05:09,05:09:00,30,31,-1,1,2,REGULAR,5,O. ULUBAY,1,2pt,289,,[],stepbackjumpshot,1,13,Okben,Ulubay,Okben,Ulubay,O,U,O,U,O. Ulubay,TRABZONSPOR,TRB,O. Ulubay,13,,,73.349998474121,69.599998474121,1.0,P2,made,TRABZONSPOR O. ULUBAY 2Pt made,,,,,,,,,2,87,2.0,score,2,30,0,31
04:48,04:48:00,30,33,-3,2,2,REGULAR,101,H. KÖKSAL,1,2pt,290,,['pointsinthepaint'],layup,1,7,Hüseyin Göksenin,Köksal,Hüseyin Göksenin,Köksal,H,K,H,K,H. Köksal,BURSASPOR BASKETBOL,BUR,H. Köksal,7,,,7.6799998283386,61.130001068115,1.0,P2,made,BURSASPOR BASKETBOL H. KÖKSAL 2Pt made,144.0,2.0,M. PARSONS,,,,,,2,88,1.0,score,0,30,2,33
04:48,04:48:00,30,33,-3,2,2,REGULAR,144,M. PARSONS,1,assist,291,290,[],,0,5,Malik Disjohn,Parsons,Malik Disjohn,Parsons,M,P,M,P,M. Parsons,BURSASPOR BASKETBOL,BUR,M. Parsons,5,,,,,,ASS,,BURSASPOR BASKETBOL M. PARSONS assist,,,,,,,,,0,89,2.0,,0,30,0,33
04:24,04:24:00,32,33,-1,1,2,REGULAR,11,M. REED,1,2pt,292,,['pointsinthepaint'],layup,1,0,Marcquise Deandre,Reed,Marcquise Deandre,Reed,M,R,M,R,M. Reed,TRABZONSPOR,TRB,M. Reed,0,,,94.099998474121,39.659999847412,1.0,P2,made,TRABZONSPOR M. REED 2Pt made,5.0,1.0,O. ULUBAY,,,,,,2,89,2.0,score,2,32,0,33
04:24,04:24:00,32,33,-1,1,2,REGULAR,5,O. ULUBAY,1,assist,293,292,[],,0,13,Okben,Ulubay,Okben,Ulubay,O,U,O,U,O. Ulubay,TRABZONSPOR,TRB,O. Ulubay,13,,,,,,ASS,,TRABZONSPOR O. ULUBAY assist,,,,,,,,,0,90,1.0,,0,32,0,33
04:00,04:00:00,32,36,-4,2,2,REGULAR,135,A. KONONTSUK,1,3pt,294,,[],jumpshot,1,34,Artur,Konontsuk,Artur,Konontsuk,A,K,A,K,A. Konontsuk,BURSASPOR BASKETBOL,BUR,A. Konontsuk,34,,,25.299999237061,20.450000762939,1.0,P3,made,BURSASPOR BASKETBOL A. KONONTSUK 3Pt made,133.0,2.0,B. CHILDRESS,,,,,,3,90,1.0,score,0,32,3,36
04:00,04:00:00,32,36,-4,2,2,REGULAR,133,B. CHILDRESS,1,assist,295,294,[],,0,0,Brandon Reginald,Childress,Brandon Reginald,Childress,B,C,B,C,B. Childress,BURSASPOR BASKETBOL,BUR,B. Childress,0,,,,,,ASS,,BURSASPOR BASKETBOL B. CHILDRESS assist,,,,,,,,,0,91,2.0,,0,32,0,36
03:43,03:43:00,32,36,-4,1,2,REGULAR,14,D. GRANT,0,2pt,296,,['pointsinthepaint'],layup,1,1,Denove Octavon,Grant,Denove Octavon,Grant,D,G,D,G,D. Grant,TRABZONSPOR,TRB,D. Grant,1,,,93.790000915527,38.810001373291,0.0,P2,missed,TRABZONSPOR D. GRANT 2Pt missed,,,,,,,,,0,91,2.0,def_reb,0,32,0,36
03:40,03:40:00,32,36,-4,2,2,REGULAR,133,B. CHILDRESS,1,rebound,297,296,[],defensive,0,0,Brandon Reginald,Childress,Brandon Reginald,Childress,B,C,B,C,B. Childress,BURSASPOR BASKETBOL,BUR,B. Childress,0,,,,,,REB,,BURSASPOR BASKETBOL rebound defensive,,,,,,,,,0,92,1.0,def_reb,0,32,0,36
03:38,03:38:00,32,38,-6,2,2,REGULAR,135,A. KONONTSUK,1,2pt,298,,"['pointsinthepaint', 'fastbreak']",layup,1,34,Artur,Konontsuk,Artur,Konontsuk,A,K,A,K,A. Konontsuk,BURSASPOR BASKETBOL,BUR,A. Konontsuk,34,,,10.329999923706,40.229999542236,1.0,P2,made,BURSASPOR BASKETBOL A. KONONTSUK 2Pt made,133.0,2.0,B. CHILDRESS,,,,,,2,93,2.0,score,0,32,2,38
03:38,03:38:00,32,38,-6,2,2,REGULAR,133,B. CHILDRESS,1,assist,299,298,[],,0,0,Brandon Reginald,Childress,Brandon Reginald,Childress,B,C,B,C,B. Childress,BURSASPOR BASKETBOL,BUR,B. Childress,0,,,,,,ASS,,BURSASPOR BASKETBOL B. CHILDRESS assist,,,,,,,,,0,94,1.0,,0,32,0,38
03:18,03:18:00,32,38,-6,2,2,REGULAR,133,B. CHILDRESS,1,foul,302,,[],personal,0,0,Brandon Reginald,Childress,Brandon Reginald,Childress,B,C,B,C,B. Childress,BURSASPOR BASKETBOL,BUR,B. Childress,0,,,,,,FOUL,,BURSASPOR BASKETBOL B. CHILDRESS foul personal,,,,,,,,,0,94,1.0,,0,32,0,38
03:18,03:18:00,32,38,-6,1,2,REGULAR,14,D. GRANT,1,foulon,303,302,[],,0,1,Denove Octavon,Grant,Denove Octavon,Grant,D,G,D,G,D. Grant,TRABZONSPOR,TRB,D. Grant,1,,,,,,OTHER,,TRABZONSPOR foulon,,,,,,,,,0,94,1.0,,0,32,0,38
03:18,03:18:00,32,38,-6,2,2,REGULAR,144,M. PARSONS,1,substitution,304,,[],out,0,5,Malik Disjohn,Parsons,Malik Disjohn,Parsons,M,P,M,P,M. Parsons,BURSASPOR BASKETBOL,BUR,M. Parsons,5,,,,,,SUB,out,BURSASPOR BASKETBOL substitution out,,,,,,,,,0,94,1.0,,0,32,0,38
03:18,03:18:00,32,38,-6,2,2,REGULAR,102,B. AKIN,1,substitution,305,,[],in,0,11,Berk Can,Akin,Berk Can,Akin,B,A,B,A,B. Akin,BURSASPOR BASKETBOL,BUR,B. Akin,11,,,,,,SUB,in,BURSASPOR BASKETBOL substitution in,,,,,,,,,0,94,1.0,,0,32,0,38
03:12,03:12:00,32,38,-6,2,2,REGULAR,101,H. KÖKSAL,1,foul,308,,['2freethrow'],personal,0,7,Hüseyin Göksenin,Köksal,Hüseyin Göksenin,Köksal,H,K,H,K,H. Köksal,BURSASPOR BASKETBOL,BUR,H. Köksal,7,,,,,,FOUL,,BURSASPOR BASKETBOL H. KÖKSAL foul personal,,,,,,,,,0,94,1.0,,0,32,0,38
03:12,03:12:00,32,38,-6,1,2,REGULAR,11,M. REED,1,foulon,309,308,[],,0,0,Marcquise Deandre,Reed,Marcquise Deandre,Reed,M,R,M,R,M. Reed,TRABZONSPOR,TRB,M. Reed,0,,,,,,OTHER,,TRABZONSPOR foulon,,,,,,,,,0,94,1.0,,0,32,0,38
03:12,03:12:00,32,38,-6,1,2,REGULAR,14,D. GRANT,1,substitution,310,,[],out,0,1,Denove Octavon,Grant,Denove Octavon,Grant,D,G,D,G,D. Grant,TRABZONSPOR,TRB,D. Grant,1,,,,,,SUB,out,TRABZONSPOR substitution out,,,,,,,,,0,94,1.0,,0,32,0,38
03:12,03:12:00,32,38,-6,1,2,REGULAR,4,I. ULUSOY,1,substitution,311,,[],in,0,5,Ismail Cem,Ulusoy,Ismail Cem,Ulusoy,I,U,I,U,I. Ulusoy,TRABZONSPOR,TRB,I. Ulusoy,5,,,,,,SUB,in,TRABZONSPOR substitution in,,,,,,,,,0,94,1.0,,0,32,0,38
03:12,03:12:00,33,38,-5,1,2,REGULAR,11,M. REED,1,freethrow,312,,[],1of2,1,0,Marcquise Deandre,Reed,Marcquise Deandre,Reed,M,R,M,R,M. Reed,TRABZONSPOR,TRB,M. Reed,0,,,,,,FT,made,TRABZONSPOR M. REED FT 1of2 made,,,,,,,,,1,94,1.0,made_ft,1,33,0,38
03:12,03:12:00,34,38,-4,1,2,REGULAR,11,M. REED,1,freethrow,313,,[],2of2,1,0,Marcquise Deandre,Reed,Marcquise Deandre,Reed,M,R,M,R,M. Reed,TRABZONSPOR,TRB,M. Reed,0,,,,,,FT,made,TRABZONSPOR M. REED FT 2of2 made,,,,,,,,,1,95,2.0,made_ft_last,1,34,0,38
03:12,03:12:00,34,38,-4,1,2,REGULAR,5,O. ULUBAY,1,substitution,314,,[],out,0,13,Okben,Ulubay,Okben,Ulubay,O,U,O,U,O. Ulubay,TRABZONSPOR,TRB,O. Ulubay,13,,,,,,SUB,out,TRABZONSPOR substitution out,,,,,,,,,0,96,1.0,,0,34,0,38
03:12,03:12:00,34,38,-4,1,2,REGULAR,10,T. TINKLE,1,substitution,315,,[],in,0,3,Tres Anthony,Tinkle,Tres Anthony,Tinkle,T,T,T,T,T. Tinkle,TRABZONSPOR,TRB,T. Tinkle,3,,,,,,SUB,in,TRABZONSPOR substitution in,,,,,,,,,0,96,1.0,,0,34,0,38
02:56,02:56:00,34,38,-4,2,2,REGULAR,133,B. CHILDRESS,1,turnover,317,,[],badpass,0,0,Brandon Reginald,Childress,Brandon Reginald,Childress,B,C,B,C,B. Childress,BURSASPOR BASKETBOL,BUR,B. Childress,0,,,,,,TO,,BURSASPOR BASKETBOL B. CHILDRESS turnover badpass,,,,,,,,,0,96,1.0,turnover,0,34,0,38
02:56,02:56:00,34,38,-4,1,2,REGULAR,7,J. GORDON,1,steal,318,317,[],,0,8,Jitaurious Tykyvion,Gordon,Jitaurious Tykyvion,Gordon,J,G,J,G,J. Gordon,TRABZONSPOR,TRB,J. Gordon,8,,,,,,ST,,TRABZONSPOR J. GORDON steal,,,,,,,,,0,97,2.0,,0,34,0,38
02:52,02:52:00,36,38,-2,1,2,REGULAR,7,J. GORDON,1,2pt,319,,"['fromturnover', 'pointsinthepaint', 'fastbreak']",layup,1,8,Jitaurious Tykyvion,Gordon,Jitaurious Tykyvion,Gordon,J,G,J,G,J. Gordon,TRABZONSPOR,TRB,J. Gordon,8,,,95.199996948242,60.849998474121,1.0,P2,made,TRABZONSPOR J. GORDON 2Pt made,,,,,,,,,2,97,2.0,score,2,36,0,38
02:51,02:51:00,36,38,-2,2,2,REGULAR,0,,1,timeout,321,,[],full,0,,,,,,,,,,,BURSASPOR BASKETBOL,BUR,,,,,,,,TIMEOUT,,BURSASPOR BASKETBOL timeout,,,,,,,,,0,98,1.0,,0,36,0,38
02:28,02:28:00,36,38,-2,2,2,REGULAR,133,B. CHILDRESS,0,3pt,323,,[],jumpshot,1,0,Brandon Reginald,Childress,Brandon Reginald,Childress,B,C,B,C,B. Childress,BURSASPOR BASKETBOL,BUR,B. Childress,0,,,10.479999542236,97.01000213623,0.0,P3,missed,BURSASPOR BASKETBOL B. CHILDRESS 3Pt missed,,,,,,,,,0,98,1.0,def_reb,0,36,0,38
02:25,02:25:00,36,38,-2,1,2,REGULAR,11,M. REED,1,rebound,324,323,[],defensive,0,0,Marcquise Deandre,Reed,Marcquise Deandre,Reed,M,R,M,R,M. Reed,TRABZONSPOR,TRB,M. Reed,0,,,,,,REB,,TRABZONSPOR rebound defensive,,,,,,,,,0,99,2.0,def_reb,0,36,0,38
02:22,02:22:00,38,38,0,1,2,REGULAR,10,T. TINKLE,1,2pt,325,,"['pointsinthepaint', 'fastbreak']",alleyoop,1,3,Tres Anthony,Tinkle,Tres Anthony,Tinkle,T,T,T,T,T. Tinkle,TRABZONSPOR,TRB,T. Tinkle,3,,,92.849998474121,60.279998779297,1.0,P2,made,TRABZONSPOR T. TINKLE 2Pt made,11.0,1.0,M. REED,,,,,,2,100,1.0,score,2,38,0,38
02:22,02:22:00,38,38,0,1,2,REGULAR,11,M. REED,1,assist,326,325,[],,0,0,Marcquise Deandre,Reed,Marcquise Deandre,Reed,M,R,M,R,M. Reed,TRABZONSPOR,TRB,M. Reed,0,,,,,,ASS,,TRABZONSPOR M. REED assist,,,,,,,,,0,101,2.0,,0,38,0,38
02:08,02:08:00,38,38,0,1,2,REGULAR,7,J. GORDON,1,foul,328,,[],personal,0,8,Jitaurious Tykyvion,Gordon,Jitaurious Tykyvion,Gordon,J,G,J,G,J. Gordon,TRABZONSPOR,TRB,J. Gordon,8,,,,,,FOUL,,TRABZONSPOR J. GORDON foul personal,,,,,,,,,0,101,2.0,,0,38,0,38
02:08,02:08:00,38,38,0,2,2,REGULAR,135,A. KONONTSUK,1,foulon,329,328,[],,0,34,Artur,Konontsuk,Artur,Konontsuk,A,K,A,K,A. Konontsuk,BURSASPOR BASKETBOL,BUR,A. Konontsuk,34,,,,,,OTHER,,BURSASPOR BASKETBOL foulon,,,,,,,,,0,101,2.0,,0,38,0,38
01:53,01:53:00,38,41,-3,2,2,REGULAR,135,A. KONONTSUK,1,3pt,331,,[],jumpshot,1,34,Artur,Konontsuk,Artur,Konontsuk,A,K,A,K,A. Konontsuk,BURSASPOR BASKETBOL,BUR,A. Konontsuk,34,,,22.030000686646,11.409999847412,1.0,P3,made,BURSASPOR BASKETBOL A. KONONTSUK 3Pt made,102.0,2.0,B. AKIN,,,,,,3,101,2.0,score,0,38,3,41
01:53,01:53:00,38,41,-3,2,2,REGULAR,102,B. AKIN,1,assist,332,331,[],,0,11,Berk Can,Akin,Berk Can,Akin,B,A,B,A,B. Akin,BURSASPOR BASKETBOL,BUR,B. Akin,11,,,,,,ASS,,BURSASPOR BASKETBOL B. AKIN assist,,,,,,,,,0,102,1.0,,0,38,0,41
01:31,01:31:00,38,41,-3,1,2,REGULAR,7,J. GORDON,0,3pt,333,,[],jumpshot,1,8,Jitaurious Tykyvion,Gordon,Jitaurious Tykyvion,Gordon,J,G,J,G,J. Gordon,TRABZONSPOR,TRB,J. Gordon,8,,,71.01000213623,75.819999694824,0.0,P3,missed,TRABZONSPOR J. GORDON 3Pt missed,,,,,,,,,0,102,1.0,def_reb,0,38,0,41
01:28,01:28:00,38,41,-3,2,2,REGULAR,102,B. AKIN,1,rebound,334,333,[],defensive,0,11,Berk Can,Akin,Berk Can,Akin,B,A,B,A,B. Akin,BURSASPOR BASKETBOL,BUR,B. Akin,11,,,,,,REB,,BURSASPOR BASKETBOL rebound defensive,,,,,,,,,0,103,2.0,def_reb,0,38,0,41
01:22,01:22:00,38,41,-3,1,2,REGULAR,2,E. ARAR,1,foul,336,,[],personal,0,19,Ege,Arar,Ege,Arar,E,A,E,A,E. Arar,TRABZONSPOR,TRB,E. Arar,19,,,,,,FOUL,,TRABZONSPOR E. ARAR foul personal,,,,,,,,,0,104,1.0,,0,38,0,41
01:22,01:22:00,38,41,-3,2,2,REGULAR,127,L. NNOKO,1,foulon,337,336,[],,0,35,Landry,Nnoko,Landry,Nnoko,L,N,L,N,L. Nnoko,BURSASPOR BASKETBOL,BUR,L. Nnoko,35,,,,,,OTHER,,BURSASPOR BASKETBOL foulon,,,,,,,,,0,104,1.0,,0,38,0,41
01:19,01:19:00,38,41,-3,2,2,REGULAR,102,B. AKIN,1,turnover,339,,[],badpass,0,11,Berk Can,Akin,Berk Can,Akin,B,A,B,A,B. Akin,BURSASPOR BASKETBOL,BUR,B. Akin,11,,,,,,TO,,BURSASPOR BASKETBOL B. AKIN turnover badpass,,,,,,,,,0,104,1.0,turnover,0,38,0,41
01:19,01:19:00,38,41,-3,1,2,REGULAR,10,T. TINKLE,1,steal,340,339,[],,0,3,Tres Anthony,Tinkle,Tres Anthony,Tinkle,T,T,T,T,T. Tinkle,TRABZONSPOR,TRB,T. Tinkle,3,,,,,,ST,,TRABZONSPOR T. TINKLE steal,,,,,,,,,0,105,2.0,,0,38,0,41
01:15,01:15:00,38,41,-3,1,2,REGULAR,10,T. TINKLE,1,turnover,341,,[],badpass,0,3,Tres Anthony,Tinkle,Tres Anthony,Tinkle,T,T,T,T,T. Tinkle,TRABZONSPOR,TRB,T. Tinkle,3,,,,,,TO,,TRABZONSPOR T. TINKLE turnover badpass,,,,,,,,,0,105,2.0,turnover,0,38,0,41
01:15,01:15:00,38,41,-3,2,2,REGULAR,102,B. AKIN,1,steal,342,341,[],,0,11,Berk Can,Akin,Berk Can,Akin,B,A,B,A,B. Akin,BURSASPOR BASKETBOL,BUR,B. Akin,11,,,,,,ST,,BURSASPOR BASKETBOL B. AKIN steal,,,,,,,,,0,106,1.0,,0,38,0,41
01:07,01:07:00,38,41,-3,1,2,REGULAR,10,T. TINKLE,1,foul,344,,"['shooting', '2freethrow']",personal,0,3,Tres Anthony,Tinkle,Tres Anthony,Tinkle,T,T,T,T,T. Tinkle,TRABZONSPOR,TRB,T. Tinkle,3,,,,,,FOUL,,TRABZONSPOR T. TINKLE foul personal,,,,,,,,,0,106,1.0,,0,38,0,41
01:07,01:07:00,38,41,-3,2,2,REGULAR,133,B. CHILDRESS,1,foulon,345,344,[],,0,0,Brandon Reginald,Childress,Brandon Reginald,Childress,B,C,B,C,B. Childress,BURSASPOR BASKETBOL,BUR,B. Childress,0,,,,,,OTHER,,BURSASPOR BASKETBOL foulon,,,,,,,,,0,106,1.0,,0,38,0,41
01:07,01:07:00,38,41,-3,1,2,REGULAR,2,E. ARAR,1,substitution,346,,[],out,0,19,Ege,Arar,Ege,Arar,E,A,E,A,E. Arar,TRABZONSPOR,TRB,E. Arar,19,,,,,,SUB,out,TRABZONSPOR substitution out,,,,,,,,,0,106,1.0,,0,38,0,41
01:07,01:07:00,38,41,-3,1,2,REGULAR,9,A. DELGADO ASTACIO,1,substitution,347,,[],in,0,31,Angel Luis,Delgado Astacio,Angel Luis,Delgado Astacio,A,D,A,D,A. Delgado Astacio,TRABZONSPOR,TRB,A. Delgado Astacio,31,,,,,,SUB,in,TRABZONSPOR substitution in,,,,,,,,,0,106,1.0,,0,38,0,41
01:07,01:07:00,38,41,-3,2,2,REGULAR,101,H. KÖKSAL,1,substitution,348,,[],out,0,7,Hüseyin Göksenin,Köksal,Hüseyin Göksenin,Köksal,H,K,H,K,H. Köksal,BURSASPOR BASKETBOL,BUR,H. Köksal,7,,,,,,SUB,out,BURSASPOR BASKETBOL substitution out,,,,,,,,,0,106,1.0,,0,38,0,41
01:07,01:07:00,38,41,-3,2,2,REGULAR,135,A. KONONTSUK,1,substitution,349,,[],out,0,34,Artur,Konontsuk,Artur,Konontsuk,A,K,A,K,A. Konontsuk,BURSASPOR BASKETBOL,BUR,A. Konontsuk,34,,,,,,SUB,out,BURSASPOR BASKETBOL substitution out,,,,,,,,,0,106,1.0,,0,38,0,41
01:07,01:07:00,38,41,-3,2,2,REGULAR,4,Y. ONAR,1,substitution,350,,[],in,0,14,Yesukan,Onar,Yesukan,Onar,Y,O,Y,O,Y. Onar,BURSASPOR BASKETBOL,BUR,Y. Onar,14,,,,,,SUB,in,BURSASPOR BASKETBOL substitution in,,,,,,,,,0,106,1.0,,0,38,0,41
01:07,01:07:00,38,41,-3,2,2,REGULAR,134,V. KING,1,substitution,351,,[],in,0,22,Vincent Earl,King,Vincent Earl,King,V,K,V,K,V. King,BURSASPOR BASKETBOL,BUR,V. King,22,,,,,,SUB,in,BURSASPOR BASKETBOL substitution in,,,,,,,,,0,106,1.0,,0,38,0,41
01:07,01:07:00,38,42,-4,2,2,REGULAR,133,B. CHILDRESS,1,freethrow,352,,['fromturnover'],1of2,1,0,Brandon Reginald,Childress,Brandon Reginald,Childress,B,C,B,C,B. Childress,BURSASPOR BASKETBOL,BUR,B. Childress,0,,,,,,FT,made,BURSASPOR BASKETBOL B. CHILDRESS FT 1of2 made,,,,,,,,,1,106,1.0,made_ft,0,38,1,42
01:07,01:07:00,38,43,-5,2,2,REGULAR,133,B. CHILDRESS,1,freethrow,353,,['fromturnover'],2of2,1,0,Brandon Reginald,Childress,Brandon Reginald,Childress,B,C,B,C,B. Childress,BURSASPOR BASKETBOL,BUR,B. Childress,0,,,,,,FT,made,BURSASPOR BASKETBOL B. CHILDRESS FT 2of2 made,,,,,,,,,1,107,2.0,made_ft_last,0,38,1,43
00:40,00:40:10,38,43,-5,1,2,REGULAR,7,J. GORDON,0,3pt,355,,[],jumpshot,1,8,Jitaurious Tykyvion,Gordon,Jitaurious Tykyvion,Gordon,J,G,J,G,J. Gordon,TRABZONSPOR,TRB,J. Gordon,8,,,95.819999694824,4.3499999046326,0.0,P3,missed,TRABZONSPOR J. GORDON 3Pt missed,,,,,,,,,0,108,1.0,,0,38,0,43
00:37,00:37:80,38,43,-5,1,2,REGULAR,9,A. DELGADO ASTACIO,1,rebound,356,355,[],offensive,0,31,Angel Luis,Delgado Astacio,Angel Luis,Delgado Astacio,A,D,A,D,A. Delgado Astacio,TRABZONSPOR,TRB,A. Delgado Astacio,31,,,,,,REB,,TRABZONSPOR rebound offensive,,,,,,,,,0,108,1.0,,0,38,0,43
00:37,00:37:50,38,43,-5,1,2,REGULAR,9,A. DELGADO ASTACIO,1,turnover,358,,[],badpass,0,31,Angel Luis,Delgado Astacio,Angel Luis,Delgado Astacio,A,D,A,D,A. Delgado Astacio,TRABZONSPOR,TRB,A. Delgado Astacio,31,,,,,,TO,,TRABZONSPOR A. DELGADO ASTACIO turnover badpass,,,,,,,,,0,108,1.0,turnover,0,38,0,43
00:37,00:37:50,38,43,-5,2,2,REGULAR,4,Y. ONAR,1,substitution,359,,[],out,0,14,Yesukan,Onar,Yesukan,Onar,Y,O,Y,O,Y. Onar,BURSASPOR BASKETBOL,BUR,Y. Onar,14,,,,,,SUB,out,BURSASPOR BASKETBOL substitution out,,,,,,,,,0,109,2.0,,0,38,0,43
00:37,00:37:50,38,43,-5,2,2,REGULAR,135,A. KONONTSUK,1,substitution,360,,[],in,0,34,Artur,Konontsuk,Artur,Konontsuk,A,K,A,K,A. Konontsuk,BURSASPOR BASKETBOL,BUR,A. Konontsuk,34,,,,,,SUB,in,BURSASPOR BASKETBOL substitution in,,,,,,,,,0,109,2.0,,0,38,0,43
00:16,00:16:80,38,43,-5,2,2,REGULAR,135,A. KONONTSUK,0,2pt,362,,['fromturnover'],fadeaway,1,34,Artur,Konontsuk,Artur,Konontsuk,A,K,A,K,A. Konontsuk,BURSASPOR BASKETBOL,BUR,A. Konontsuk,34,,,4.8699998855591,72.430000305176,0.0,P2,missed,BURSASPOR BASKETBOL A. KONONTSUK 2Pt missed,,,,,,,,,0,109,2.0,def_reb,0,38,0,43
00:14,00:14:40,38,43,-5,1,2,REGULAR,11,M. REED,1,rebound,363,362,[],defensive,0,0,Marcquise Deandre,Reed,Marcquise Deandre,Reed,M,R,M,R,M. Reed,TRABZONSPOR,TRB,M. Reed,0,,,,,,REB,,TRABZONSPOR rebound defensive,,,,,,,,,0,110,1.0,def_reb,0,38,0,43
00:01,00:01:40,38,43,-5,1,2,REGULAR,4,I. ULUSOY,0,3pt,366,,[],jumpshot,1,5,Ismail Cem,Ulusoy,Ismail Cem,Ulusoy,I,U,I,U,I. Ulusoy,TRABZONSPOR,TRB,I. Ulusoy,5,,,75.379997253418,87.120002746582,0.0,P3,missed,TRABZONSPOR I. ULUSOY 3Pt missed,,,,,,,,,0,111,2.0,,0,38,0,43
00:00,00:00:00,38,43,-5,0,2,REGULAR,0,,1,period,368,,['confirmed'],end,0,,,,,,,,,,,,,,,,,,,,OTHER,,period end,,,,,,,,,0,111,2.0,,0,38,0,43
10:00,10:00:00,38,43,-5,1,3,REGULAR,7,J. GORDON,1,substitution,369,,[],out,0,8,Jitaurious Tykyvion,Gordon,Jitaurious Tykyvion,Gordon,J,G,J,G,J. Gordon,TRABZONSPOR,TRB,J. Gordon,8,,,,,,SUB,out,TRABZONSPOR substitution out,,,,,,,,,0,111,2.0,,0,38,0,43
10:00,10:00:00,38,43,-5,1,3,REGULAR,12,A. YEBOAH,1,substitution,370,,[],in,0,15,Akwasi Abeyie,Yeboah,Akwasi Abeyie,Yeboah,A,Y,A,Y,A. Yeboah,TRABZONSPOR,TRB,A. Yeboah,15,,,,,,SUB,in,TRABZONSPOR substitution in,,,,,,,,,0,111,2.0,,0,38,0,43
10:00,10:00:00,38,43,-5,2,3,REGULAR,102,B. AKIN,1,substitution,371,,[],out,0,11,Berk Can,Akin,Berk Can,Akin,B,A,B,A,B. Akin,BURSASPOR BASKETBOL,BUR,B. Akin,11,,,,,,SUB,out,BURSASPOR BASKETBOL substitution out,,,,,,,,,0,111,2.0,,0,38,0,43
10:00,10:00:00,38,43,-5,2,3,REGULAR,134,V. KING,1,substitution,372,,[],out,0,22,Vincent Earl,King,Vincent Earl,King,V,K,V,K,V. King,BURSASPOR BASKETBOL,BUR,V. King,22,,,,,,SUB,out,BURSASPOR BASKETBOL substitution out,,,,,,,,,0,111,2.0,,0,38,0,43
10:00,10:00:00,38,43,-5,2,3,REGULAR,144,M. PARSONS,1,substitution,373,,[],in,0,5,Malik Disjohn,Parsons,Malik Disjohn,Parsons,M,P,M,P,M. Parsons,BURSASPOR BASKETBOL,BUR,M. Parsons,5,,,,,,SUB,in,BURSASPOR BASKETBOL substitution in,,,,,,,,,0,111,2.0,,0,38,0,43
10:00,10:00:00,38,43,-5,2,3,REGULAR,101,H. KÖKSAL,1,substitution,374,,[],in,0,7,Hüseyin Göksenin,Köksal,Hüseyin Göksenin,Köksal,H,K,H,K,H. Köksal,BURSASPOR BASKETBOL,BUR,H. Köksal,7,,,,,,SUB,in,BURSASPOR BASKETBOL substitution in,,,,,,,,,0,111,2.0,,0,38,0,43
10:00,10:00:00,38,43,-5,0,3,REGULAR,0,,1,period,375,,[],start,0,,,,,,,,,,,,,,,,,,,,OTHER,,period start,,,,,,,,,0,111,2.0,,0,38,0,43
09:45,09:45:00,38,43,-5,2,3,REGULAR,127,L. NNOKO,0,2pt,377,,['pointsinthepaint'],jumpshot,1,35,Landry,Nnoko,Landry,Nnoko,L,N,L,N,L. Nnoko,BURSASPOR BASKETBOL,BUR,L. Nnoko,35,,,91.919998168945,41.360000610352,0.0,P2,missed,BURSASPOR BASKETBOL L. NNOKO 2Pt missed,,,,,,,,,0,111,2.0,def_reb,0,38,0,43
09:42,09:42:00,38,43,-5,1,3,REGULAR,9,A. DELGADO ASTACIO,1,rebound,378,377,[],defensive,0,31,Angel Luis,Delgado Astacio,Angel Luis,Delgado Astacio,A,D,A,D,A. Delgado Astacio,TRABZONSPOR,TRB,A. Delgado Astacio,31,,,,,,REB,,TRABZONSPOR rebound defensive,,,,,,,,,0,112,1.0,def_reb,0,38,0,43
09:37,09:37:00,38,43,-5,1,3,REGULAR,9,A. DELGADO ASTACIO,0,2pt,379,,['pointsinthepaint'],jumpshot,1,31,Angel Luis,Delgado Astacio,Angel Luis,Delgado Astacio,A,D,A,D,A. Delgado Astacio,TRABZONSPOR,TRB,A. Delgado Astacio,31,,,19.530000686646,51.529998779297,0.0,P2,missed,TRABZONSPOR A. DELGADO ASTACIO 2Pt missed,,,,,,,,,0,113,2.0,def_reb,0,38,0,43
09:35,09:35:00,38,43,-5,2,3,REGULAR,101,H. KÖKSAL,1,rebound,380,379,[],defensive,0,7,Hüseyin Göksenin,Köksal,Hüseyin Göksenin,Köksal,H,K,H,K,H. Köksal,BURSASPOR BASKETBOL,BUR,H. Köksal,7,,,,,,REB,,BURSASPOR BASKETBOL rebound defensive,,,,,,,,,0,114,1.0,def_reb,0,38,0,43
09:26,09:26:00,38,43,-5,2,3,REGULAR,101,H. KÖKSAL,1,foul,382,,[],offensive,0,7,Hüseyin Göksenin,Köksal,Hüseyin Göksenin,Köksal,H,K,H,K,H. Köksal,BURSASPOR BASKETBOL,BUR,H. Köksal,7,,,,,,RFOUL,,BURSASPOR BASKETBOL H. KÖKSAL foul offensive,,,,,,,,,0,115,2.0,offensive_foul,0,38,0,43
09:26,09:26:00,38,43,-5,2,3,REGULAR,101,H. KÖKSAL,1,turnover,383,382,[],offensive,0,7,Hüseyin Göksenin,Köksal,Hüseyin Göksenin,Köksal,H,K,H,K,H. Köksal,BURSASPOR BASKETBOL,BUR,H. Köksal,7,,,,,,TO,,BURSASPOR BASKETBOL H. KÖKSAL turnover offensive,,,,,,,,,0,116,1.0,turnover,0,38,0,43
09:26,09:26:00,38,43,-5,1,3,REGULAR,11,M. REED,1,foulon,384,382,[],,0,0,Marcquise Deandre,Reed,Marcquise Deandre,Reed,M,R,M,R,M. Reed,TRABZONSPOR,TRB,M. Reed,0,,,,,,OTHER,,TRABZONSPOR foulon,,,,,,,,,0,117,2.0,,0,38,0,43
09:11,09:11:00,38,43,-5,1,3,REGULAR,9,A. DELGADO ASTACIO,1,foul,387,,[],offensive,0,31,Angel Luis,Delgado Astacio,Angel Luis,Delgado Astacio,A,D,A,D,A. Delgado Astacio,TRABZONSPOR,TRB,A. Delgado Astacio,31,,,,,,RFOUL,,TRABZONSPOR A. DELGADO ASTACIO foul offensive,,,,,,,,,0,117,2.0,offensive_foul,0,38,0,43
09:11,09:11:00,38,43,-5,1,3,REGULAR,9,A. DELGADO ASTACIO,1,turnover,388,387,[],offensive,0,31,Angel Luis,Delgado Astacio,Angel Luis,Delgado Astacio,A,D,A,D,A. Delgado Astacio,TRABZONSPOR,TRB,A. Delgado Astacio,31,,,,,,TO,,TRABZONSPOR A. DELGADO ASTACIO turnover offensive,,,,,,,,,0,118,1.0,turnover,0,38,0,43
09:11,09:11:00,38,43,-5,2,3,REGULAR,133,B. CHILDRESS,1,foulon,389,387,[],,0,0,Brandon Reginald,Childress,Brandon Reginald,Childress,B,C,B,C,B. Childress,BURSASPOR BASKETBOL,BUR,B. Childress,0,,,,,,OTHER,,BURSASPOR BASKETBOL foulon,,,,,,,,,0,119,2.0,,0,38,0,43
09:05,09:05:00,38,43,-5,1,3,REGULAR,11,M. REED,1,foul,392,,[],personal,0,0,Marcquise Deandre,Reed,Marcquise Deandre,Reed,M,R,M,R,M. Reed,TRABZONSPOR,TRB,M. Reed,0,,,,,,FOUL,,TRABZONSPOR M. REED foul personal,,,,,,,,,0,119,2.0,,0,38,0,43
09:05,09:05:00,38,43,-5,2,3,REGULAR,144,M. PARSONS,1,foulon,393,392,[],,0,5,Malik Disjohn,Parsons,Malik Disjohn,Parsons,M,P,M,P,M. Parsons,BURSASPOR BASKETBOL,BUR,M. Parsons,5,,,,,,OTHER,,BURSASPOR BASKETBOL foulon,,,,,,,,,0,119,2.0,,0,38,0,43
08:47,08:47:00,38,43,-5,2,3,REGULAR,135,A. KONONTSUK,0,2pt,395,,['fromturnover'],turnaroundjumpshot,1,34,Artur,Konontsuk,Artur,Konontsuk,A,K,A,K,A. Konontsuk,BURSASPOR BASKETBOL,BUR,A. Konontsuk,34,,,94.730003356934,72.150001525879,0.0,P2,missed,BURSASPOR BASKETBOL A. KONONTSUK 2Pt missed,,,,,,,,,0,119,2.0,def_reb,0,38,0,43
08:46,08:46:00,38,43,-5,1,3,REGULAR,0,,1,rebound,397,395,['team'],defensive,0,,,,,,,,,,,TRABZONSPOR,TRB,,,,,,,,TREB,,TRABZONSPOR team rebound defensive,,,,,,,,,0,120,1.0,def_reb,0,38,0,43
08:33,08:33:00,40,43,-3,1,3,REGULAR,11,M. REED,1,2pt,399,,['pointsinthepaint'],turnaroundjumpshot,1,0,Marcquise Deandre,Reed,Marcquise Deandre,Reed,M,R,M,R,M. Reed,TRABZONSPOR,TRB,M. Reed,0,,,16.569999694824,51.240001678467,1.0,P2,made,TRABZONSPOR M. REED 2Pt made,,,,,,,,,2,121,2.0,score,2,40,0,43
08:28,08:28:00,40,43,-3,1,3,REGULAR,4,I. ULUSOY,1,foul,401,,[],personal,0,5,Ismail Cem,Ulusoy,Ismail Cem,Ulusoy,I,U,I,U,I. Ulusoy,TRABZONSPOR,TRB,I. Ulusoy,5,,,,,,FOUL,,TRABZONSPOR I. ULUSOY foul personal,,,,,,,,,0,122,1.0,,0,40,0,43
08:28,08:28:00,40,43,-3,2,3,REGULAR,133,B. CHILDRESS,1,foulon,402,401,[],,0,0,Brandon Reginald,Childress,Brandon Reginald,Childress,B,C,B,C,B. Childress,BURSASPOR BASKETBOL,BUR,B. Childress,0,,,,,,OTHER,,BURSASPOR BASKETBOL foulon,,,,,,,,,0,122,1.0,,0,40,0,43
08:21,08:21:00,40,43,-3,2,3,REGULAR,133,B. CHILDRESS,1,turnover,404,,[],badpass,0,0,Brandon Reginald,Childress,Brandon Reginald,Childress,B,C,B,C,B. Childress,BURSASPOR BASKETBOL,BUR,B. Childress,0,,,,,,TO,,BURSASPOR BASKETBOL B. CHILDRESS turnover badpass,,,,,,,,,0,122,1.0,turnover,0,40,0,43
08:21,08:21:00,40,43,-3,1,3,REGULAR,12,A. YEBOAH,1,steal,405,404,[],,0,15,Akwasi Abeyie,Yeboah,Akwasi Abeyie,Yeboah,A,Y,A,Y,A. Yeboah,TRABZONSPOR,TRB,A. Yeboah,15,,,,,,ST,,TRABZONSPOR A. YEBOAH steal,,,,,,,,,0,123,2.0,,0,40,0,43
08:18,08:18:00,42,43,-1,1,3,REGULAR,12,A. YEBOAH,1,2pt,406,,"['fromturnover', 'pointsinthepaint', 'fastbreak']",dunk,1,15,Akwasi Abeyie,Yeboah,Akwasi Abeyie,Yeboah,A,Y,A,Y,A. Yeboah,TRABZONSPOR,TRB,A. Yeboah,15,,,5.0199999809265,59.150001525879,1.0,P2,made,TRABZONSPOR A. YEBOAH 2Pt made,,,,,,,,,2,123,2.0,score,2,42,0,43
07:55,07:55:00,42,43,-1,2,3,REGULAR,133,B. CHILDRESS,1,turnover,408,,[],badpass,0,0,Brandon Reginald,Childress,Brandon Reginald,Childress,B,C,B,C,B. Childress,BURSASPOR BASKETBOL,BUR,B. Childress,0,,,,,,TO,,BURSASPOR BASKETBOL B. CHILDRESS turnover badpass,,,,,,,,,0,124,1.0,turnover,0,42,0,43
07:41,07:41:00,45,43,2,1,3,REGULAR,4,I. ULUSOY,1,3pt,410,,['fromturnover'],jumpshot,1,5,Ismail Cem,Ulusoy,Ismail Cem,Ulusoy,I,U,I,U,I. Ulusoy,TRABZONSPOR,TRB,I. Ulusoy,5,,,18.129999160767,10.279999732971,1.0,P3,made,TRABZONSPOR I. ULUSOY 3Pt made,11.0,1.0,M. REED,,,,,,3,125,2.0,score,3,45,0,43
07:41,07:41:00,45,43,2,1,3,REGULAR,11,M. REED,1,assist,411,410,[],,0,0,Marcquise Deandre,Reed,Marcquise Deandre,Reed,M,R,M,R,M. Reed,TRABZONSPOR,TRB,M. Reed,0,,,,,,ASS,,TRABZONSPOR M. REED assist,,,,,,,,,0,126,1.0,,0,45,0,43
07:39,07:39:00,45,43,2,2,3,REGULAR,0,,1,timeout,413,,[],full,0,,,,,,,,,,,BURSASPOR BASKETBOL,BUR,,,,,,,,TIMEOUT,,BURSASPOR BASKETBOL timeout,,,,,,,,,0,126,1.0,,0,45,0,43
07:39,07:39:00,45,43,2,0,3,REGULAR,0,,1,timeout,414,,[],officials,0,,,,,,,,,,,,,,,,,,,,TIMEOUT,, timeout,,,,,,,,,0,126,1.0,,0,45,0,43
07:39,07:39:00,45,43,2,2,3,REGULAR,101,H. KÖKSAL,1,substitution,415,,[],out,0,7,Hüseyin Göksenin,Köksal,Hüseyin Göksenin,Köksal,H,K,H,K,H. Köksal,BURSASPOR BASKETBOL,BUR,H. Köksal,7,,,,,,SUB,out,BURSASPOR BASKETBOL substitution out,,,,,,,,,0,126,1.0,,0,45,0,43
07:39,07:39:00,45,43,2,2,3,REGULAR,102,B. AKIN,1,substitution,416,,[],in,0,11,Berk Can,Akin,Berk Can,Akin,B,A,B,A,B. Akin,BURSASPOR BASKETBOL,BUR,B. Akin,11,,,,,,SUB,in,BURSASPOR BASKETBOL substitution in,,,,,,,,,0,126,1.0,,0,45,0,43
07:17,07:17:00,45,43,2,2,3,REGULAR,133,B. CHILDRESS,1,turnover,418,,[],badpass,0,0,Brandon Reginald,Childress,Brandon Reginald,Childress,B,C,B,C,B. Childress,BURSASPOR BASKETBOL,BUR,B. Childress,0,,,,,,TO,,BURSASPOR BASKETBOL B. CHILDRESS turnover badpass,,,,,,,,,0,126,1.0,turnover,0,45,0,43
07:17,07:17:00,45,43,2,1,3,REGULAR,10,T. TINKLE,1,steal,419,418,[],,0,3,Tres Anthony,Tinkle,Tres Anthony,Tinkle,T,T,T,T,T. Tinkle,TRABZONSPOR,TRB,T. Tinkle,3,,,,,,ST,,TRABZONSPOR T. TINKLE steal,,,,,,,,,0,127,2.0,,0,45,0,43
07:08,07:08:00,45,43,2,1,3,REGULAR,4,I. ULUSOY,1,turnover,421,,[],badpass,0,5,Ismail Cem,Ulusoy,Ismail Cem,Ulusoy,I,U,I,U,I. Ulusoy,TRABZONSPOR,TRB,I. Ulusoy,5,,,,,,TO,,TRABZONSPOR I. ULUSOY turnover badpass,,,,,,,,,0,127,2.0,turnover,0,45,0,43
06:52,06:52:00,45,45,0,2,3,REGULAR,135,A. KONONTSUK,1,2pt,425,,"['fromturnover', 'pointsinthepaint']",layup,1,34,Artur,Konontsuk,Artur,Konontsuk,A,K,A,K,A. Konontsuk,BURSASPOR BASKETBOL,BUR,A. Konontsuk,34,,,92.540000915527,40.229999542236,1.0,P2,made,BURSASPOR BASKETBOL A. KONONTSUK 2Pt made,133.0,2.0,B. CHILDRESS,,,,,,2,128,1.0,score,0,45,2,45
06:52,06:52:00,45,45,0,2,3,REGULAR,133,B. CHILDRESS,1,assist,426,425,[],,0,0,Brandon Reginald,Childress,Brandon Reginald,Childress,B,C,B,C,B. Childress,BURSASPOR BASKETBOL,BUR,B. Childress,0,,,,,,ASS,,BURSASPOR BASKETBOL B. CHILDRESS assist,,,,,,,,,0,129,2.0,,0,45,0,45
06:25,06:25:00,45,45,0,1,3,REGULAR,11,M. REED,0,2pt,429,,[],fadeaway,1,0,Marcquise Deandre,Reed,Marcquise Deandre,Reed,M,R,M,R,M. Reed,TRABZONSPOR,TRB,M. Reed,0,,,4.2399997711182,73.559997558594,0.0,P2,missed,TRABZONSPOR M. REED 2Pt missed,,,,,,,,,0,129,2.0,def_reb,0,45,0,45
06:23,06:23:00,45,45,0,2,3,REGULAR,127,L. NNOKO,1,rebound,430,429,[],defensive,0,35,Landry,Nnoko,Landry,Nnoko,L,N,L,N,L. Nnoko,BURSASPOR BASKETBOL,BUR,L. Nnoko,35,,,,,,REB,,BURSASPOR BASKETBOL rebound defensive,,,,,,,,,0,130,1.0,def_reb,0,45,0,45
06:15,06:15:00,45,45,0,2,3,REGULAR,133,B. CHILDRESS,1,turnover,433,,[],badpass,0,0,Brandon Reginald,Childress,Brandon Reginald,Childress,B,C,B,C,B. Childress,BURSASPOR BASKETBOL,BUR,B. Childress,0,,,,,,TO,,BURSASPOR BASKETBOL B. CHILDRESS turnover badpass,,,,,,,,,0,131,2.0,turnover,0,45,0,45
06:15,06:15:00,45,45,0,1,3,REGULAR,9,A. DELGADO ASTACIO,1,steal,434,433,[],,0,31,Angel Luis,Delgado Astacio,Angel Luis,Delgado Astacio,A,D,A,D,A. Delgado Astacio,TRABZONSPOR,TRB,A. Delgado Astacio,31,,,,,,ST,,TRABZONSPOR A. DELGADO ASTACIO steal,,,,,,,,,0,132,1.0,,0,45,0,45
06:12,06:12:00,45,45,0,2,3,REGULAR,144,M. PARSONS,1,foul,436,,[],personal,0,5,Malik Disjohn,Parsons,Malik Disjohn,Parsons,M,P,M,P,M. Parsons,BURSASPOR BASKETBOL,BUR,M. Parsons,5,,,,,,FOUL,,BURSASPOR BASKETBOL M. PARSONS foul personal,,,,,,,,,0,132,1.0,,0,45,0,45
06:12,06:12:00,45,45,0,1,3,REGULAR,11,M. REED,1,foulon,437,436,[],,0,0,Marcquise Deandre,Reed,Marcquise Deandre,Reed,M,R,M,R,M. Reed,TRABZONSPOR,TRB,M. Reed,0,,,,,,OTHER,,TRABZONSPOR foulon,,,,,,,,,0,132,1.0,,0,45,0,45
06:12,06:12:00,45,45,0,2,3,REGULAR,133,B. CHILDRESS,1,substitution,438,,[],out,0,0,Brandon Reginald,Childress,Brandon Reginald,Childress,B,C,B,C,B. Childress,BURSASPOR BASKETBOL,BUR,B. Childress,0,,,,,,SUB,out,BURSASPOR BASKETBOL substitution out,,,,,,,,,0,132,1.0,,0,45,0,45
06:12,06:12:00,45,45,0,2,3,REGULAR,129,B. CRAWFORD,1,substitution,439,,[],in,0,13,Bryant Dejuan,Crawford,Bryant Dejuan,Crawford,B,C,B,C,B. Crawford,BURSASPOR BASKETBOL,BUR,B. Crawford,13,,,,,,SUB,in,BURSASPOR BASKETBOL substitution in,,,,,,,,,0,132,1.0,,0,45,0,45
06:06,06:06:00,47,45,2,1,3,REGULAR,11,M. REED,1,2pt,441,,['fromturnover'],fadeaway,1,0,Marcquise Deandre,Reed,Marcquise Deandre,Reed,M,R,M,R,M. Reed,TRABZONSPOR,TRB,M. Reed,0,,,4.5599999427795,30.620000839233,1.0,P2,made,TRABZONSPOR M. REED 2Pt made,,,,,,,,,2,132,1.0,score,2,47,0,45
05:52,05:52:00,47,45,2,2,3,REGULAR,127,L. NNOKO,0,2pt,442,,"['pointsinthepaint', 'blocked']",layup,1,35,Landry,Nnoko,Landry,Nnoko,L,N,L,N,L. Nnoko,BURSASPOR BASKETBOL,BUR,L. Nnoko,35,,,88.169998168945,44.180000305176,0.0,P2,missed,BURSASPOR BASKETBOL L. NNOKO 2Pt missed,,,,9.0,1.0,A. DELGADO ASTACIO,,,0,133,2.0,,0,47,0,45
05:52,05:52:00,47,45,2,1,3,REGULAR,9,A. DELGADO ASTACIO,1,block,443,442,[],,0,31,Angel Luis,Delgado Astacio,Angel Luis,Delgado Astacio,A,D,A,D,A. Delgado Astacio,TRABZONSPOR,TRB,A. Delgado Astacio,31,,,,,,BS,,TRABZONSPOR A. DELGADO ASTACIO block,,,,,,,,,0,133,2.0,,0,47,0,45
05:48,05:48:00,47,45,2,1,3,REGULAR,11,M. REED,1,rebound,444,442,[],defensive,0,0,Marcquise Deandre,Reed,Marcquise Deandre,Reed,M,R,M,R,M. Reed,TRABZONSPOR,TRB,M. Reed,0,,,,,,REB,,TRABZONSPOR rebound defensive,,,,,,,,,0,133,2.0,def_reb,0,47,0,45
05:47,05:47:00,49,45,4,1,3,REGULAR,11,M. REED,1,2pt,446,,"['pointsinthepaint', 'fastbreak']",floatingjumpshot,1,0,Marcquise Deandre,Reed,Marcquise Deandre,Reed,M,R,M,R,M. Reed,TRABZONSPOR,TRB,M. Reed,0,,,3.460000038147,38.529998779297,1.0,P2,made,TRABZONSPOR M. REED 2Pt made,,,,,,,,,2,134,1.0,score,2,49,0,45
05:47,05:47:00,49,45,4,2,3,REGULAR,129,B. CRAWFORD,1,foul,447,,"['shooting', '1freethrow']",personal,0,13,Bryant Dejuan,Crawford,Bryant Dejuan,Crawford,B,C,B,C,B. Crawford,BURSASPOR BASKETBOL,BUR,B. Crawford,13,,,,,,FOUL,,BURSASPOR BASKETBOL B. CRAWFORD foul personal,,,,,,,,,0,135,2.0,,0,49,0,45
05:47,05:47:00,49,45,4,1,3,REGULAR,11,M. REED,1,foulon,448,447,[],,0,0,Marcquise Deandre,Reed,Marcquise Deandre,Reed,M,R,M,R,M. Reed,TRABZONSPOR,TRB,M. Reed,0,,,,,,OTHER,,TRABZONSPOR foulon,,,,,,,,,0,135,2.0,,0,49,0,45
05:47,05:47:00,50,45,5,1,3,REGULAR,11,M. REED,1,freethrow,449,,['fastbreak'],1of1,1,0,Marcquise Deandre,Reed,Marcquise Deandre,Reed,M,R,M,R,M. Reed,TRABZONSPOR,TRB,M. Reed,0,,,,,,FT,made,TRABZONSPOR M. REED FT 1of1 made,,,,,,,,,1,135,2.0,made_ft_last,1,50,0,45
05:28,05:28:00,50,45,5,2,3,REGULAR,144,M. PARSONS,0,2pt,451,,[],jumpshot,1,5,Malik Disjohn,Parsons,Malik Disjohn,Parsons,M,P,M,P,M. Parsons,BURSASPOR BASKETBOL,BUR,M. Parsons,5,,,96.76000213623,91.639999389648,0.0,P2,missed,BURSASPOR BASKETBOL M. PARSONS 2Pt missed,,,,,,,,,0,136,1.0,,0,50,0,45
05:26,05:26:00,50,45,5,2,3,REGULAR,135,A. KONONTSUK,1,rebound,452,451,[],offensive,0,34,Artur,Konontsuk,Artur,Konontsuk,A,K,A,K,A. Konontsuk,BURSASPOR BASKETBOL,BUR,A. Konontsuk,34,,,,,,REB,,BURSASPOR BASKETBOL rebound offensive,,,,,,,,,0,136,1.0,,0,50,0,45
05:25,05:25:00,50,48,2,2,3,REGULAR,102,B. AKIN,1,3pt,453,,['2ndchance'],jumpshot,1,11,Berk Can,Akin,Berk Can,Akin,B,A,B,A,B. Akin,BURSASPOR BASKETBOL,BUR,B. Akin,11,,,68.209999084473,36.270000457764,1.0,P3,made,BURSASPOR BASKETBOL B. AKIN 3Pt made,135.0,2.0,A. KONONTSUK,,,,,,3,136,1.0,score,0,50,3,48
05:25,05:25:00,50,48,2,2,3,REGULAR,135,A. KONONTSUK,1,assist,454,453,[],,0,34,Artur,Konontsuk,Artur,Konontsuk,A,K,A,K,A. Konontsuk,BURSASPOR BASKETBOL,BUR,A. Konontsuk,34,,,,,,ASS,,BURSASPOR BASKETBOL A. KONONTSUK assist,,,,,,,,,0,137,2.0,,0,50,0,48
04:57,04:57:00,50,48,2,1,3,REGULAR,11,M. REED,0,2pt,455,,['pointsinthepaint'],floatingjumpshot,1,0,Marcquise Deandre,Reed,Marcquise Deandre,Reed,M,R,M,R,M. Reed,TRABZONSPOR,TRB,M. Reed,0,,,3.9300000667572,36.270000457764,0.0,P2,missed,TRABZONSPOR M. REED 2Pt missed,,,,,,,,,0,137,2.0,,0,50,0,48
04:54,04:54:00,50,48,2,1,3,REGULAR,9,A. DELGADO ASTACIO,1,rebound,456,455,[],offensive,0,31,Angel Luis,Delgado Astacio,Angel Luis,Delgado Astacio,A,D,A,D,A. Delgado Astacio,TRABZONSPOR,TRB,A. Delgado Astacio,31,,,,,,REB,,TRABZONSPOR rebound offensive,,,,,,,,,0,137,2.0,,0,50,0,48
04:54,04:54:00,50,48,2,1,3,REGULAR,9,A. DELGADO ASTACIO,1,turnover,457,,[],ballhandling,0,31,Angel Luis,Delgado Astacio,Angel Luis,Delgado Astacio,A,D,A,D,A. Delgado Astacio,TRABZONSPOR,TRB,A. Delgado Astacio,31,,,,,,TO,,TRABZONSPOR A. DELGADO ASTACIO turnover ballhandling,,,,,,,,,0,137,2.0,turnover,0,50,0,48
04:54,04:54:00,50,48,2,2,3,REGULAR,102,B. AKIN,1,steal,458,457,[],,0,11,Berk Can,Akin,Berk Can,Akin,B,A,B,A,B. Akin,BURSASPOR BASKETBOL,BUR,B. Akin,11,,,,,,ST,,BURSASPOR BASKETBOL B. AKIN steal,,,,,,,,,0,138,1.0,,0,50,0,48
04:50,04:50:00,50,48,2,2,3,REGULAR,102,B. AKIN,1,turnover,460,,[],badpass,0,11,Berk Can,Akin,Berk Can,Akin,B,A,B,A,B. Akin,BURSASPOR BASKETBOL,BUR,B. Akin,11,,,,,,TO,,BURSASPOR BASKETBOL B. AKIN turnover badpass,,,,,,,,,0,138,1.0,turnover,0,50,0,48
04:50,04:50:00,50,48,2,1,3,REGULAR,10,T. TINKLE,1,substitution,461,,[],out,0,3,Tres Anthony,Tinkle,Tres Anthony,Tinkle,T,T,T,T,T. Tinkle,TRABZONSPOR,TRB,T. Tinkle,3,,,,,,SUB,out,TRABZONSPOR substitution out,,,,,,,,,0,139,2.0,,0,50,0,48
04:50,04:50:00,50,48,2,1,3,REGULAR,3,B. DEMIR,1,substitution,462,,[],in,0,11,Berk,Demir,Berk,Demir,B,D,B,D,B. Demir,TRABZONSPOR,TRB,B. Demir,11,,,,,,SUB,in,TRABZONSPOR substitution in,,,,,,,,,0,139,2.0,,0,50,0,48
04:50,04:50:00,50,48,2,2,3,REGULAR,144,M. PARSONS,1,substitution,463,,[],out,0,5,Malik Disjohn,Parsons,Malik Disjohn,Parsons,M,P,M,P,M. Parsons,BURSASPOR BASKETBOL,BUR,M. Parsons,5,,,,,,SUB,out,BURSASPOR BASKETBOL substitution out,,,,,,,,,0,139,2.0,,0,50,0,48
04:50,04:50:00,50,48,2,2,3,REGULAR,127,L. NNOKO,1,substitution,464,,[],out,0,35,Landry,Nnoko,Landry,Nnoko,L,N,L,N,L. Nnoko,BURSASPOR BASKETBOL,BUR,L. Nnoko,35,,,,,,SUB,out,BURSASPOR BASKETBOL substitution out,,,,,,,,,0,139,2.0,,0,50,0,48
04:50,04:50:00,50,48,2,2,3,REGULAR,136,J. DELAURIER,1,substitution,465,,[],in,0,12,Javin Que,Delaurier,Javin Que,Delaurier,J,D,J,D,J. Delaurier,BURSASPOR BASKETBOL,BUR,J. Delaurier,12,,,,,,SUB,in,BURSASPOR BASKETBOL substitution in,,,,,,,,,0,139,2.0,,0,50,0,48
04:50,04:50:00,50,48,2,2,3,REGULAR,134,V. KING,1,substitution,466,,[],in,0,22,Vincent Earl,King,Vincent Earl,King,V,K,V,K,V. King,BURSASPOR BASKETBOL,BUR,V. King,22,,,,,,SUB,in,BURSASPOR BASKETBOL substitution in,,,,,,,,,0,139,2.0,,0,50,0,48
04:40,04:40:00,53,48,5,1,3,REGULAR,12,A. YEBOAH,1,3pt,470,,['fromturnover'],jumpshot,1,15,Akwasi Abeyie,Yeboah,Akwasi Abeyie,Yeboah,A,Y,A,Y,A. Yeboah,TRABZONSPOR,TRB,A. Yeboah,15,,,25.14999961853,83.449996948242,1.0,P3,made,TRABZONSPOR A. YEBOAH 3Pt made,3.0,1.0,B. DEMIR,,,,,,3,139,2.0,score,3,53,0,48
04:40,04:40:00,53,48,5,1,3,REGULAR,3,B. DEMIR,1,assist,471,470,[],,0,11,Berk,Demir,Berk,Demir,B,D,B,D,B. Demir,TRABZONSPOR,TRB,B. Demir,11,,,,,,ASS,,TRABZONSPOR B. DEMIR assist,,,,,,,,,0,140,1.0,,0,53,0,48
04:19,04:19:00,53,48,5,2,3,REGULAR,134,V. KING,0,2pt,472,,['pointsinthepaint'],drivinglayup,1,22,Vincent Earl,King,Vincent Earl,King,V,K,V,K,V. King,BURSASPOR BASKETBOL,BUR,V. King,22,,,87.860000610352,48.700000762939,0.0,P2,missed,BURSASPOR BASKETBOL V. KING 2Pt missed,,,,,,,,,0,140,1.0,,0,53,0,48
04:17,04:17:00,53,48,5,2,3,REGULAR,134,V. KING,1,rebound,473,472,[],offensive,0,22,Vincent Earl,King,Vincent Earl,King,V,K,V,K,V. King,BURSASPOR BASKETBOL,BUR,V. King,22,,,,,,REB,,BURSASPOR BASKETBOL rebound offensive,,,,,,,,,0,140,1.0,,0,53,0,48
04:08,04:08:00,53,48,5,1,3,REGULAR,4,I. ULUSOY,1,foul,474,,[],personal,0,5,Ismail Cem,Ulusoy,Ismail Cem,Ulusoy,I,U,I,U,I. Ulusoy,TRABZONSPOR,TRB,I. Ulusoy,5,,,,,,FOUL,,TRABZONSPOR I. ULUSOY foul personal,,,,,,,,,0,140,1.0,,0,53,0,48
04:08,04:08:00,53,48,5,2,3,REGULAR,134,V. KING,1,foulon,476,474,[],,0,22,Vincent Earl,King,Vincent Earl,King,V,K,V,K,V. King,BURSASPOR BASKETBOL,BUR,V. King,22,,,,,,OTHER,,BURSASPOR BASKETBOL foulon,,,,,,,,,0,140,1.0,,0,53,0,48
04:06,04:06:00,53,48,5,1,3,REGULAR,9,A. DELGADO ASTACIO,1,substitution,477,,[],out,0,31,Angel Luis,Delgado Astacio,Angel Luis,Delgado Astacio,A,D,A,D,A. Delgado Astacio,TRABZONSPOR,TRB,A. Delgado Astacio,31,,,,,,SUB,out,TRABZONSPOR substitution out,,,,,,,,,0,140,1.0,,0,53,0,48
04:06,04:06:00,53,48,5,1,3,REGULAR,13,K. SILINS,1,substitution,478,,[],in,0,25,Karlis,Silins,Karlis,Silins,K,S,K,S,K. Silins,TRABZONSPOR,TRB,K. Silins,25,,,,,,SUB,in,TRABZONSPOR substitution in,,,,,,,,,0,140,1.0,,0,53,0,48
04:04,04:04:00,53,48,5,2,3,REGULAR,102,B. AKIN,0,2pt,480,,"['2ndchance', 'pointsinthepaint']",jumpshot,1,11,Berk Can,Akin,Berk Can,Akin,B,A,B,A,B. Akin,BURSASPOR BASKETBOL,BUR,B. Akin,11,,,94.099998474121,41.069999694824,0.0,P2,missed,BURSASPOR BASKETBOL B. AKIN 2Pt missed,,,,,,,,,0,140,1.0,def_reb,0,53,0,48
04:02,04:02:00,53,48,5,1,3,REGULAR,13,K. SILINS,1,rebound,481,480,[],defensive,0,25,Karlis,Silins,Karlis,Silins,K,S,K,S,K. Silins,TRABZONSPOR,TRB,K. Silins,25,,,,,,REB,,TRABZONSPOR rebound defensive,,,,,,,,,0,141,2.0,def_reb,0,53,0,48
03:57,03:57:00,53,48,5,2,3,REGULAR,136,J. DELAURIER,1,foul,485,,"['shooting', '2freethrow']",personal,0,12,Javin Que,Delaurier,Javin Que,Delaurier,J,D,J,D,J. Delaurier,BURSASPOR BASKETBOL,BUR,J. Delaurier,12,,,,,,FOUL,,BURSASPOR BASKETBOL J. DELAURIER foul personal,,,,,,,,,0,142,1.0,,0,53,0,48
03:57,03:57:00,53,48,5,1,3,REGULAR,11,M. REED,1,foulon,486,485,[],,0,0,Marcquise Deandre,Reed,Marcquise Deandre,Reed,M,R,M,R,M. Reed,TRABZONSPOR,TRB,M. Reed,0,,,,,,OTHER,,TRABZONSPOR foulon,,,,,,,,,0,142,1.0,,0,53,0,48
03:57,03:57:00,53,48,5,1,3,REGULAR,11,M. REED,0,freethrow,487,,['fastbreak'],1of2,1,0,Marcquise Deandre,Reed,Marcquise Deandre,Reed,M,R,M,R,M. Reed,TRABZONSPOR,TRB,M. Reed,0,,,,,,FT,missed,TRABZONSPOR M. REED FT 1of2 missed,,,,,,,,,0,142,1.0,def_reb,0,53,0,48
03:57,03:57:00,53,48,5,1,3,REGULAR,0,,1,rebound,488,487,[],offensivedeadball,0,,,,,,,,,,,TRABZONSPOR,TRB,,,,,,,,TREB,,TRABZONSPOR team rebound offensivedeadball,,,,,,,,,0,143,2.0,def_reb,0,53,0,48
03:57,03:57:00,54,48,6,1,3,REGULAR,11,M. REED,1,freethrow,489,,['fastbreak'],2of2,1,0,Marcquise Deandre,Reed,Marcquise Deandre,Reed,M,R,M,R,M. Reed,TRABZONSPOR,TRB,M. Reed,0,,,,,,FT,made,TRABZONSPOR M. REED FT 2of2 made,,,,,,,,,1,144,1.0,made_ft_last,1,54,0,48
03:57,03:57:00,54,48,6,1,3,REGULAR,4,I. ULUSOY,1,assist,490,489,[],,0,5,Ismail Cem,Ulusoy,Ismail Cem,Ulusoy,I,U,I,U,I. Ulusoy,TRABZONSPOR,TRB,I. Ulusoy,5,,,,,,ASS,,TRABZONSPOR I. ULUSOY assist,,,,,,,,,0,145,2.0,,0,54,0,48
03:50,03:50:00,54,48,6,1,3,REGULAR,4,I. ULUSOY,1,substitution,495,,[],out,0,5,Ismail Cem,Ulusoy,Ismail Cem,Ulusoy,I,U,I,U,I. Ulusoy,TRABZONSPOR,TRB,I. Ulusoy,5,,,,,,SUB,out,TRABZONSPOR substitution out,,,,,,,,,0,145,2.0,,0,54,0,48
03:50,03:50:00,54,48,6,1,3,REGULAR,7,J. GORDON,1,substitution,496,,[],in,0,8,Jitaurious Tykyvion,Gordon,Jitaurious Tykyvion,Gordon,J,G,J,G,J. Gordon,TRABZONSPOR,TRB,J. Gordon,8,,,,,,SUB,in,TRABZONSPOR substitution in,,,,,,,,,0,145,2.0,,0,54,0,48
03:35,03:35:00,54,48,6,2,3,REGULAR,129,B. CRAWFORD,1,turnover,499,,[],badpass,0,13,Bryant Dejuan,Crawford,Bryant Dejuan,Crawford,B,C,B,C,B. Crawford,BURSASPOR BASKETBOL,BUR,B. Crawford,13,,,,,,TO,,BURSASPOR BASKETBOL B. CRAWFORD turnover badpass,,,,,,,,,0,145,2.0,turnover,0,54,0,48
03:22,03:22:00,54,48,6,1,3,REGULAR,13,K. SILINS,0,3pt,501,,['fromturnover'],jumpshot,1,25,Karlis,Silins,Karlis,Silins,K,S,K,S,K. Silins,TRABZONSPOR,TRB,K. Silins,25,,,27.020000457764,76.949996948242,0.0,P3,missed,TRABZONSPOR K. SILINS 3Pt missed,,,,,,,,,0,146,1.0,def_reb,0,54,0,48
03:20,03:20:00,54,48,6,2,3,REGULAR,134,V. KING,1,rebound,502,501,[],defensive,0,22,Vincent Earl,King,Vincent Earl,King,V,K,V,K,V. King,BURSASPOR BASKETBOL,BUR,V. King,22,,,,,,REB,,BURSASPOR BASKETBOL rebound defensive,,,,,,,,,0,147,2.0,def_reb,0,54,0,48
03:06,03:06:00,54,48,6,2,3,REGULAR,102,B. AKIN,0,2pt,503,,['pointsinthepaint'],layup,1,11,Berk Can,Akin,Berk Can,Akin,B,A,B,A,B. Akin,BURSASPOR BASKETBOL,BUR,B. Akin,11,,,86.150001525879,41.919998168945,0.0,P2,missed,BURSASPOR BASKETBOL B. AKIN 2Pt missed,,,,,,,,,0,148,1.0,,0,54,0,48
03:03,03:03:00,54,48,6,2,3,REGULAR,135,A. KONONTSUK,1,rebound,504,503,[],offensive,0,34,Artur,Konontsuk,Artur,Konontsuk,A,K,A,K,A. Konontsuk,BURSASPOR BASKETBOL,BUR,A. Konontsuk,34,,,,,,REB,,BURSASPOR BASKETBOL rebound offensive,,,,,,,,,0,148,1.0,,0,54,0,48
03:01,03:01:00,54,51,3,2,3,REGULAR,135,A. KONONTSUK,1,3pt,505,,['2ndchance'],jumpshot,1,34,Artur,Konontsuk,Artur,Konontsuk,A,K,A,K,A. Konontsuk,BURSASPOR BASKETBOL,BUR,A. Konontsuk,34,,,74.599998474121,18.190000534058,1.0,P3,made,BURSASPOR BASKETBOL A. KONONTSUK 3Pt made,,,,,,,,,3,148,1.0,score,0,54,3,51
02:43,02:43:00,54,51,3,2,3,REGULAR,129,B. CRAWFORD,1,foul,507,,"['shooting', '3freethrow']",personal,0,13,Bryant Dejuan,Crawford,Bryant Dejuan,Crawford,B,C,B,C,B. Crawford,BURSASPOR BASKETBOL,BUR,B. Crawford,13,,,,,,FOUL,,BURSASPOR BASKETBOL B. CRAWFORD foul personal,,,,,,,,,0,149,2.0,,0,54,0,51
02:43,02:43:00,54,51,3,1,3,REGULAR,11,M. REED,1,foulon,508,507,[],,0,0,Marcquise Deandre,Reed,Marcquise Deandre,Reed,M,R,M,R,M. Reed,TRABZONSPOR,TRB,M. Reed,0,,,,,,OTHER,,TRABZONSPOR foulon,,,,,,,,,0,149,2.0,,0,54,0,51
02:43,02:43:00,55,51,4,1,3,REGULAR,11,M. REED,1,freethrow,509,,[],1of3,1,0,Marcquise Deandre,Reed,Marcquise Deandre,Reed,M,R,M,R,M. Reed,TRABZONSPOR,TRB,M. Reed,0,,,,,,FT,made,TRABZONSPOR M. REED FT 1of3 made,,,,,,,,,1,149,2.0,made_ft,1,55,0,51
02:43,02:43:00,55,51,4,1,3,REGULAR,7,J. GORDON,1,assist,510,509,[],,0,8,Jitaurious Tykyvion,Gordon,Jitaurious Tykyvion,Gordon,J,G,J,G,J. Gordon,TRABZONSPOR,TRB,J. Gordon,8,,,,,,ASS,,TRABZONSPOR J. GORDON assist,,,,,,,,,0,150,1.0,,0,55,0,51
02:43,02:43:00,56,51,5,1,3,REGULAR,11,M. REED,1,freethrow,511,,[],2of3,1,0,Marcquise Deandre,Reed,Marcquise Deandre,Reed,M,R,M,R,M. Reed,TRABZONSPOR,TRB,M. Reed,0,,,,,,FT,made,TRABZONSPOR M. REED FT 2of3 made,,,,,,,,,1,150,1.0,made_ft,1,56,0,51
02:43,02:43:00,57,51,6,1,3,REGULAR,11,M. REED,1,freethrow,512,,[],3of3,1,0,Marcquise Deandre,Reed,Marcquise Deandre,Reed,M,R,M,R,M. Reed,TRABZONSPOR,TRB,M. Reed,0,,,,,,FT,made,TRABZONSPOR M. REED FT 3of3 made,,,,,,,,,1,151,2.0,made_ft_last,1,57,0,51
02:43,02:43:00,57,51,6,1,3,REGULAR,12,A. YEBOAH,1,substitution,513,,[],out,0,15,Akwasi Abeyie,Yeboah,Akwasi Abeyie,Yeboah,A,Y,A,Y,A. Yeboah,TRABZONSPOR,TRB,A. Yeboah,15,,,,,,SUB,out,TRABZONSPOR substitution out,,,,,,,,,0,152,1.0,,0,57,0,51
02:43,02:43:00,57,51,6,1,3,REGULAR,5,O. ULUBAY,1,substitution,514,,[],in,0,13,Okben,Ulubay,Okben,Ulubay,O,U,O,U,O. Ulubay,TRABZONSPOR,TRB,O. Ulubay,13,,,,,,SUB,in,TRABZONSPOR substitution in,,,,,,,,,0,152,1.0,,0,57,0,51
02:28,02:28:00,57,51,6,1,3,REGULAR,3,B. DEMIR,1,foul,521,,"['shooting', '2freethrow']",personal,0,11,Berk,Demir,Berk,Demir,B,D,B,D,B. Demir,TRABZONSPOR,TRB,B. Demir,11,,,,,,FOUL,,TRABZONSPOR B. DEMIR foul personal,,,,,,,,,0,152,1.0,,0,57,0,51
02:28,02:28:00,57,51,6,2,3,REGULAR,129,B. CRAWFORD,1,foulon,522,521,[],,0,13,Bryant Dejuan,Crawford,Bryant Dejuan,Crawford,B,C,B,C,B. Crawford,BURSASPOR BASKETBOL,BUR,B. Crawford,13,,,,,,OTHER,,BURSASPOR BASKETBOL foulon,,,,,,,,,0,152,1.0,,0,57,0,51
02:28,02:28:00,57,52,5,2,3,REGULAR,129,B. CRAWFORD,1,freethrow,523,,[],1of2,1,13,Bryant Dejuan,Crawford,Bryant Dejuan,Crawford,B,C,B,C,B. Crawford,BURSASPOR BASKETBOL,BUR,B. Crawford,13,,,,,,FT,made,BURSASPOR BASKETBOL B. CRAWFORD FT 1of2 made,,,,,,,,,1,152,1.0,made_ft,0,57,1,52
02:28,02:28:00,57,52,5,2,3,REGULAR,129,B. CRAWFORD,0,freethrow,524,,[],2of2,1,13,Bryant Dejuan,Crawford,Bryant Dejuan,Crawford,B,C,B,C,B. Crawford,BURSASPOR BASKETBOL,BUR,B. Crawford,13,,,,,,FT,missed,BURSASPOR BASKETBOL B. CRAWFORD FT 2of2 missed,,,,,,,,,0,153,2.0,def_reb,0,57,0,52
02:28,02:28:00,57,52,5,1,3,REGULAR,5,O. ULUBAY,1,rebound,526,524,[],defensive,0,13,Okben,Ulubay,Okben,Ulubay,O,U,O,U,O. Ulubay,TRABZONSPOR,TRB,O. Ulubay,13,,,,,,REB,,TRABZONSPOR rebound defensive,,,,,,,,,0,154,1.0,def_reb,0,57,0,52
02:13,02:13:00,57,52,5,1,3,REGULAR,13,K. SILINS,0,2pt,527,,['pointsinthepaint'],jumpshot,1,25,Karlis,Silins,Karlis,Silins,K,S,K,S,K. Silins,TRABZONSPOR,TRB,K. Silins,25,,,8.3000001907349,41.919998168945,0.0,P2,missed,TRABZONSPOR K. SILINS 2Pt missed,,,,,,,,,0,155,2.0,def_reb,0,57,0,52
02:10,02:10:00,57,52,5,2,3,REGULAR,136,J. DELAURIER,1,rebound,528,527,[],defensive,0,12,Javin Que,Delaurier,Javin Que,Delaurier,J,D,J,D,J. Delaurier,BURSASPOR BASKETBOL,BUR,J. Delaurier,12,,,,,,REB,,BURSASPOR BASKETBOL rebound defensive,,,,,,,,,0,156,1.0,def_reb,0,57,0,52
02:09,02:09:00,57,52,5,2,3,REGULAR,135,A. KONONTSUK,1,substitution,530,,[],out,0,34,Artur,Konontsuk,Artur,Konontsuk,A,K,A,K,A. Konontsuk,BURSASPOR BASKETBOL,BUR,A. Konontsuk,34,,,,,,SUB,out,BURSASPOR BASKETBOL substitution out,,,,,,,,,0,157,2.0,,0,57,0,52
02:09,02:09:00,57,52,5,2,3,REGULAR,144,M. PARSONS,1,substitution,531,,[],in,0,5,Malik Disjohn,Parsons,Malik Disjohn,Parsons,M,P,M,P,M. Parsons,BURSASPOR BASKETBOL,BUR,M. Parsons,5,,,,,,SUB,in,BURSASPOR BASKETBOL substitution in,,,,,,,,,0,157,2.0,,0,57,0,52
01:57,01:57:00,57,55,2,2,3,REGULAR,129,B. CRAWFORD,1,3pt,533,,[],pullupjumpshot,1,13,Bryant Dejuan,Crawford,Bryant Dejuan,Crawford,B,C,B,C,B. Crawford,BURSASPOR BASKETBOL,BUR,B. Crawford,13,,,78.970001220703,11.689999580383,1.0,P3,made,BURSASPOR BASKETBOL B. CRAWFORD 3Pt made,,,,,,,,,3,157,2.0,score,0,57,3,55
01:39,01:39:00,59,55,4,1,3,REGULAR,13,K. SILINS,1,2pt,535,,['pointsinthepaint'],reverselayup,1,25,Karlis,Silins,Karlis,Silins,K,S,K,S,K. Silins,TRABZONSPOR,TRB,K. Silins,25,,,6.4299998283386,60.849998474121,1.0,P2,made,TRABZONSPOR K. SILINS 2Pt made,11.0,1.0,M. REED,,,,,,2,158,1.0,score,2,59,0,55
01:39,01:39:00,59,55,4,1,3,REGULAR,11,M. REED,1,assist,536,535,[],,0,0,Marcquise Deandre,Reed,Marcquise Deandre,Reed,M,R,M,R,M. Reed,TRABZONSPOR,TRB,M. Reed,0,,,,,,ASS,,TRABZONSPOR M. REED assist,,,,,,,,,0,159,2.0,,0,59,0,55
01:39,01:39:00,59,55,4,2,3,REGULAR,136,J. DELAURIER,1,foul,537,,"['shooting', '1freethrow']",personal,0,12,Javin Que,Delaurier,Javin Que,Delaurier,J,D,J,D,J. Delaurier,BURSASPOR BASKETBOL,BUR,J. Delaurier,12,,,,,,FOUL,,BURSASPOR BASKETBOL J. DELAURIER foul personal,,,,,,,,,0,159,2.0,,0,59,0,55
01:39,01:39:00,59,55,4,1,3,REGULAR,13,K. SILINS,1,foulon,538,537,[],,0,25,Karlis,Silins,Karlis,Silins,K,S,K,S,K. Silins,TRABZONSPOR,TRB,K. Silins,25,,,,,,OTHER,,TRABZONSPOR foulon,,,,,,,,,0,159,2.0,,0,59,0,55
01:39,01:39:00,60,55,5,1,3,REGULAR,13,K. SILINS,1,freethrow,539,,[],1of1,1,25,Karlis,Silins,Karlis,Silins,K,S,K,S,K. Silins,TRABZONSPOR,TRB,K. Silins,25,,,,,,FT,made,TRABZONSPOR K. SILINS FT 1of1 made,,,,,,,,,1,159,2.0,made_ft_last,1,60,0,55
01:39,01:39:00,60,55,5,1,3,REGULAR,13,K. SILINS,1,substitution,540,,[],out,0,25,Karlis,Silins,Karlis,Silins,K,S,K,S,K. Silins,TRABZONSPOR,TRB,K. Silins,25,,,,,,SUB,out,TRABZONSPOR substitution out,,,,,,,,,0,160,1.0,,0,60,0,55
01:39,01:39:00,60,55,5,1,3,REGULAR,2,E. ARAR,1,substitution,541,,[],in,0,19,Ege,Arar,Ege,Arar,E,A,E,A,E. Arar,TRABZONSPOR,TRB,E. Arar,19,,,,,,SUB,in,TRABZONSPOR substitution in,,,,,,,,,0,160,1.0,,0,60,0,55
01:15,01:15:00,60,55,5,2,3,REGULAR,144,M. PARSONS,0,2pt,545,,['pointsinthepaint'],drivinglayup,1,5,Malik Disjohn,Parsons,Malik Disjohn,Parsons,M,P,M,P,M. Parsons,BURSASPOR BASKETBOL,BUR,M. Parsons,5,,,88.800003051758,41.639999389648,0.0,P2,missed,BURSASPOR BASKETBOL M. PARSONS 2Pt missed,,,,,,,,,0,160,1.0,def_reb,0,60,0,55
01:15,01:15:00,60,55,5,1,3,REGULAR,2,E. ARAR,1,rebound,548,545,[],defensive,0,19,Ege,Arar,Ege,Arar,E,A,E,A,E. Arar,TRABZONSPOR,TRB,E. Arar,19,,,,,,REB,,TRABZONSPOR rebound defensive,,,,,,,,,0,161,2.0,def_reb,0,60,0,55
01:10,01:10:00,60,55,5,1,3,REGULAR,2,E. ARAR,1,turnover,550,,[],ballhandling,0,19,Ege,Arar,Ege,Arar,E,A,E,A,E. Arar,TRABZONSPOR,TRB,E. Arar,19,,,,,,TO,,TRABZONSPOR E. ARAR turnover ballhandling,,,,,,,,,0,162,1.0,turnover,0,60,0,55
01:10,01:10:00,60,55,5,2,3,REGULAR,144,M. PARSONS,1,steal,551,550,[],,0,5,Malik Disjohn,Parsons,Malik Disjohn,Parsons,M,P,M,P,M. Parsons,BURSASPOR BASKETBOL,BUR,M. Parsons,5,,,,,,ST,,BURSASPOR BASKETBOL M. PARSONS steal,,,,,,,,,0,163,2.0,,0,60,0,55
01:06,01:06:00,60,55,5,1,3,REGULAR,2,E. ARAR,1,foul,554,,['2freethrow'],personal,0,19,Ege,Arar,Ege,Arar,E,A,E,A,E. Arar,TRABZONSPOR,TRB,E. Arar,19,,,,,,FOUL,,TRABZONSPOR E. ARAR foul personal,,,,,,,,,0,163,2.0,,0,60,0,55
01:06,01:06:00,60,55,5,2,3,REGULAR,129,B. CRAWFORD,1,foulon,555,554,[],,0,13,Bryant Dejuan,Crawford,Bryant Dejuan,Crawford,B,C,B,C,B. Crawford,BURSASPOR BASKETBOL,BUR,B. Crawford,13,,,,,,OTHER,,BURSASPOR BASKETBOL foulon,,,,,,,,,0,163,2.0,,0,60,0,55
01:06,01:06:00,60,56,4,2,3,REGULAR,129,B. CRAWFORD,1,freethrow,556,,['fromturnover'],1of2,1,13,Bryant Dejuan,Crawford,Bryant Dejuan,Crawford,B,C,B,C,B. Crawford,BURSASPOR BASKETBOL,BUR,B. Crawford,13,,,,,,FT,made,BURSASPOR BASKETBOL B. CRAWFORD FT 1of2 made,,,,,,,,,1,163,2.0,made_ft,0,60,1,56
01:06,01:06:00,60,57,3,2,3,REGULAR,129,B. CRAWFORD,1,freethrow,557,,['fromturnover'],2of2,1,13,Bryant Dejuan,Crawford,Bryant Dejuan,Crawford,B,C,B,C,B. Crawford,BURSASPOR BASKETBOL,BUR,B. Crawford,13,,,,,,FT,made,BURSASPOR BASKETBOL B. CRAWFORD FT 2of2 made,,,,,,,,,1,164,1.0,made_ft_last,0,60,1,57
01:06,01:06:00,60,57,3,2,3,REGULAR,136,J. DELAURIER,1,substitution,558,,[],out,0,12,Javin Que,Delaurier,Javin Que,Delaurier,J,D,J,D,J. Delaurier,BURSASPOR BASKETBOL,BUR,J. Delaurier,12,,,,,,SUB,out,BURSASPOR BASKETBOL substitution out,,,,,,,,,0,165,2.0,,0,60,0,57
01:06,01:06:00,60,57,3,2,3,REGULAR,4,Y. ONAR,1,substitution,559,,[],in,0,14,Yesukan,Onar,Yesukan,Onar,Y,O,Y,O,Y. Onar,BURSASPOR BASKETBOL,BUR,Y. Onar,14,,,,,,SUB,in,BURSASPOR BASKETBOL substitution in,,,,,,,,,0,165,2.0,,0,60,0,57
00:54,00:54:60,63,57,6,1,3,REGULAR,5,O. ULUBAY,1,3pt,563,,[],jumpshot,1,13,Okben,Ulubay,Okben,Ulubay,O,U,O,U,O. Ulubay,TRABZONSPOR,TRB,O. Ulubay,13,,,3.6199998855591,97.01000213623,1.0,P3,made,TRABZONSPOR O. ULUBAY 3Pt made,11.0,1.0,M. REED,,,,,,3,165,2.0,score,3,63,0,57
00:54,00:54:60,63,57,6,1,3,REGULAR,11,M. REED,1,assist,564,563,[],,0,0,Marcquise Deandre,Reed,Marcquise Deandre,Reed,M,R,M,R,M. Reed,TRABZONSPOR,TRB,M. Reed,0,,,,,,ASS,,TRABZONSPOR M. REED assist,,,,,,,,,0,166,1.0,,0,63,0,57
00:31,00:31:60,63,57,6,1,3,REGULAR,2,E. ARAR,1,foul,566,,"['shooting', '2freethrow']",personal,0,19,Ege,Arar,Ege,Arar,E,A,E,A,E. Arar,TRABZONSPOR,TRB,E. Arar,19,,,,,,FOUL,,TRABZONSPOR E. ARAR foul personal,,,,,,,,,0,166,1.0,,0,63,0,57
00:31,00:31:60,63,57,6,2,3,REGULAR,4,Y. ONAR,1,foulon,567,566,[],,0,14,Yesukan,Onar,Yesukan,Onar,Y,O,Y,O,Y. Onar,BURSASPOR BASKETBOL,BUR,Y. Onar,14,,,,,,OTHER,,BURSASPOR BASKETBOL foulon,,,,,,,,,0,166,1.0,,0,63,0,57
00:31,00:31:60,63,57,6,2,3,REGULAR,4,Y. ONAR,0,freethrow,568,,[],1of2,1,14,Yesukan,Onar,Yesukan,Onar,Y,O,Y,O,Y. Onar,BURSASPOR BASKETBOL,BUR,Y. Onar,14,,,,,,FT,missed,BURSASPOR BASKETBOL Y. ONAR FT 1of2 missed,,,,,,,,,0,166,1.0,def_reb,0,63,0,57
00:31,00:31:60,63,57,6,2,3,REGULAR,0,,1,rebound,569,568,[],offensivedeadball,0,,,,,,,,,,,BURSASPOR BASKETBOL,BUR,,,,,,,,TREB,,BURSASPOR BASKETBOL team rebound offensivedeadball,,,,,,,,,0,167,2.0,def_reb,0,63,0,57
00:31,00:31:60,63,57,6,2,3,REGULAR,4,Y. ONAR,0,freethrow,570,,[],2of2,1,14,Yesukan,Onar,Yesukan,Onar,Y,O,Y,O,Y. Onar,BURSASPOR BASKETBOL,BUR,Y. Onar,14,,,,,,FT,missed,BURSASPOR BASKETBOL Y. ONAR FT 2of2 missed,,,,,,,,,0,168,1.0,def_reb,0,63,0,57
00:31,00:31:60,63,57,6,1,3,REGULAR,3,B. DEMIR,1,rebound,572,570,[],defensive,0,11,Berk,Demir,Berk,Demir,B,D,B,D,B. Demir,TRABZONSPOR,TRB,B. Demir,11,,,,,,REB,,TRABZONSPOR rebound defensive,,,,,,,,,0,169,2.0,def_reb,0,63,0,57
00:12,00:12:20,66,57,9,1,3,REGULAR,5,O. ULUBAY,1,3pt,573,,[],jumpshot,1,13,Okben,Ulubay,Okben,Ulubay,O,U,O,U,O. Ulubay,TRABZONSPOR,TRB,O. Ulubay,13,,,24.059999465942,15.930000305176,1.0,P3,made,TRABZONSPOR O. ULUBAY 3Pt made,,,,,,,,,3,170,1.0,score,3,66,0,57
00:01,00:01:90,66,57,9,2,3,REGULAR,129,B. CRAWFORD,0,3pt,576,,[],jumpshot,1,13,Bryant Dejuan,Crawford,Bryant Dejuan,Crawford,B,C,B,C,B. Crawford,BURSASPOR BASKETBOL,BUR,B. Crawford,13,,,59.470001220703,52.369998931885,0.0,P3,missed,BURSASPOR BASKETBOL B. CRAWFORD 3Pt missed,,,,,,,,,0,171,2.0,,0,66,0,57
00:00,00:00:00,66,57,9,0,3,REGULAR,0,,1,period,578,,['confirmed'],end,0,,,,,,,,,,,,,,,,,,,,OTHER,,period end,,,,,,,,,0,171,2.0,,0,66,0,57
10:00,10:00:00,66,57,9,2,4,REGULAR,102,B. AKIN,1,substitution,579,,[],out,0,11,Berk Can,Akin,Berk Can,Akin,B,A,B,A,B. Akin,BURSASPOR BASKETBOL,BUR,B. Akin,11,,,,,,SUB,out,BURSASPOR BASKETBOL substitution out,,,,,,,,,0,171,2.0,,0,66,0,57
10:00,10:00:00,66,57,9,2,4,REGULAR,129,B. CRAWFORD,1,substitution,580,,[],out,0,13,Bryant Dejuan,Crawford,Bryant Dejuan,Crawford,B,C,B,C,B. Crawford,BURSASPOR BASKETBOL,BUR,B. Crawford,13,,,,,,SUB,out,BURSASPOR BASKETBOL substitution out,,,,,,,,,0,171,2.0,,0,66,0,57
10:00,10:00:00,66,57,9,2,4,REGULAR,4,Y. ONAR,1,substitution,581,,[],out,0,14,Yesukan,Onar,Yesukan,Onar,Y,O,Y,O,Y. Onar,BURSASPOR BASKETBOL,BUR,Y. Onar,14,,,,,,SUB,out,BURSASPOR BASKETBOL substitution out,,,,,,,,,0,171,2.0,,0,66,0,57
10:00,10:00:00,66,57,9,2,4,REGULAR,134,V. KING,1,substitution,582,,[],out,0,22,Vincent Earl,King,Vincent Earl,King,V,K,V,K,V. King,BURSASPOR BASKETBOL,BUR,V. King,22,,,,,,SUB,out,BURSASPOR BASKETBOL substitution out,,,,,,,,,0,171,2.0,,0,66,0,57
10:00,10:00:00,66,57,9,2,4,REGULAR,133,B. CHILDRESS,1,substitution,583,,[],in,0,0,Brandon Reginald,Childress,Brandon Reginald,Childress,B,C,B,C,B. Childress,BURSASPOR BASKETBOL,BUR,B. Childress,0,,,,,,SUB,in,BURSASPOR BASKETBOL substitution in,,,,,,,,,0,171,2.0,,0,66,0,57
10:00,10:00:00,66,57,9,2,4,REGULAR,101,H. KÖKSAL,1,substitution,584,,[],in,0,7,Hüseyin Göksenin,Köksal,Hüseyin Göksenin,Köksal,H,K,H,K,H. Köksal,BURSASPOR BASKETBOL,BUR,H. Köksal,7,,,,,,SUB,in,BURSASPOR BASKETBOL substitution in,,,,,,,,,0,171,2.0,,0,66,0,57
10:00,10:00:00,66,57,9,2,4,REGULAR,135,A. KONONTSUK,1,substitution,585,,[],in,0,34,Artur,Konontsuk,Artur,Konontsuk,A,K,A,K,A. Konontsuk,BURSASPOR BASKETBOL,BUR,A. Konontsuk,34,,,,,,SUB,in,BURSASPOR BASKETBOL substitution in,,,,,,,,,0,171,2.0,,0,66,0,57
10:00,10:00:00,66,57,9,2,4,REGULAR,127,L. NNOKO,1,substitution,586,,[],in,0,35,Landry,Nnoko,Landry,Nnoko,L,N,L,N,L. Nnoko,BURSASPOR BASKETBOL,BUR,L. Nnoko,35,,,,,,SUB,in,BURSASPOR BASKETBOL substitution in,,,,,,,,,0,171,2.0,,0,66,0,57
10:00,10:00:00,66,57,9,0,4,REGULAR,0,,1,period,587,,[],start,0,,,,,,,,,,,,,,,,,,,,OTHER,,period start,,,,,,,,,0,171,2.0,,0,66,0,57
09:45,09:45:00,66,57,9,1,4,REGULAR,5,O. ULUBAY,0,3pt,589,,[],jumpshot,1,13,Okben,Ulubay,Okben,Ulubay,O,U,O,U,O. Ulubay,TRABZONSPOR,TRB,O. Ulubay,13,,,31.229999542236,48.139999389648,0.0,P3,missed,TRABZONSPOR O. ULUBAY 3Pt missed,,,,,,,,,0,171,2.0,def_reb,0,66,0,57
09:43,09:43:00,66,57,9,2,4,REGULAR,127,L. NNOKO,1,rebound,590,589,[],defensive,0,35,Landry,Nnoko,Landry,Nnoko,L,N,L,N,L. Nnoko,BURSASPOR BASKETBOL,BUR,L. Nnoko,35,,,,,,REB,,BURSASPOR BASKETBOL rebound defensive,,,,,,,,,0,172,1.0,def_reb,0,66,0,57
09:23,09:23:00,66,57,9,1,4,REGULAR,5,O. ULUBAY,1,foul,592,,"['shooting', '3freethrow']",personal,0,13,Okben,Ulubay,Okben,Ulubay,O,U,O,U,O. Ulubay,TRABZONSPOR,TRB,O. Ulubay,13,,,,,,FOUL,,TRABZONSPOR O. ULUBAY foul personal,,,,,,,,,0,173,2.0,,0,66,0,57
09:23,09:23:00,66,57,9,2,4,REGULAR,133,B. CHILDRESS,1,foulon,593,592,[],,0,0,Brandon Reginald,Childress,Brandon Reginald,Childress,B,C,B,C,B. Childress,BURSASPOR BASKETBOL,BUR,B. Childress,0,,,,,,OTHER,,BURSASPOR BASKETBOL foulon,,,,,,,,,0,173,2.0,,0,66,0,57
09:23,09:23:00,66,58,8,2,4,REGULAR,133,B. CHILDRESS,1,freethrow,594,,[],1of3,1,0,Brandon Reginald,Childress,Brandon Reginald,Childress,B,C,B,C,B. Childress,BURSASPOR BASKETBOL,BUR,B. Childress,0,,,,,,FT,made,BURSASPOR BASKETBOL B. CHILDRESS FT 1of3 made,,,,,,,,,1,173,2.0,made_ft,0,66,1,58
09:23,09:23:00,66,58,8,2,4,REGULAR,101,H. KÖKSAL,1,assist,595,594,[],,0,7,Hüseyin Göksenin,Köksal,Hüseyin Göksenin,Köksal,H,K,H,K,H. Köksal,BURSASPOR BASKETBOL,BUR,H. Köksal,7,,,,,,ASS,,BURSASPOR BASKETBOL H. KÖKSAL assist,,,,,,,,,0,174,1.0,,0,66,0,58
09:23,09:23:00,66,59,7,2,4,REGULAR,133,B. CHILDRESS,1,freethrow,596,,[],2of3,1,0,Brandon Reginald,Childress,Brandon Reginald,Childress,B,C,B,C,B. Childress,BURSASPOR BASKETBOL,BUR,B. Childress,0,,,,,,FT,made,BURSASPOR BASKETBOL B. CHILDRESS FT 2of3 made,,,,,,,,,1,174,1.0,made_ft,0,66,1,59
09:23,09:23:00,66,60,6,2,4,REGULAR,133,B. CHILDRESS,1,freethrow,597,,[],3of3,1,0,Brandon Reginald,Childress,Brandon Reginald,Childress,B,C,B,C,B. Childress,BURSASPOR BASKETBOL,BUR,B. Childress,0,,,,,,FT,made,BURSASPOR BASKETBOL B. CHILDRESS FT 3of3 made,,,,,,,,,1,175,2.0,made_ft_last,0,66,1,60
09:10,09:10:00,68,60,8,1,4,REGULAR,11,M. REED,1,2pt,599,,['pointsinthepaint'],floatingjumpshot,1,0,Marcquise Deandre,Reed,Marcquise Deandre,Reed,M,R,M,R,M. Reed,TRABZONSPOR,TRB,M. Reed,0,,,3.1500000953674,37.400001525879,1.0,P2,made,TRABZONSPOR M. REED 2Pt made,,,,,,,,,2,176,1.0,score,2,68,0,60
08:51,08:51:00,68,60,8,2,4,REGULAR,101,H. KÖKSAL,0,3pt,600,,[],jumpshot,1,7,Hüseyin Göksenin,Köksal,Hüseyin Göksenin,Köksal,H,K,H,K,H. Köksal,BURSASPOR BASKETBOL,BUR,H. Köksal,7,,,85.98999786377,6.0500001907349,0.0,P3,missed,BURSASPOR BASKETBOL H. KÖKSAL 3Pt missed,,,,,,,,,0,177,2.0,def_reb,0,68,0,60
08:48,08:48:00,68,60,8,1,4,REGULAR,3,B. DEMIR,1,rebound,601,600,[],defensive,0,11,Berk,Demir,Berk,Demir,B,D,B,D,B. Demir,TRABZONSPOR,TRB,B. Demir,11,,,,,,REB,,TRABZONSPOR rebound defensive,,,,,,,,,0,178,1.0,def_reb,0,68,0,60
08:32,08:32:00,68,60,8,1,4,REGULAR,3,B. DEMIR,0,3pt,602,,[],jumpshot,1,11,Berk,Demir,Berk,Demir,B,D,B,D,B. Demir,TRABZONSPOR,TRB,B. Demir,11,,,27.639999389648,81.75,0.0,P3,missed,TRABZONSPOR B. DEMIR 3Pt missed,,,,,,,,,0,179,2.0,def_reb,0,68,0,60
08:30,08:30:00,68,60,8,2,4,REGULAR,135,A. KONONTSUK,1,rebound,603,602,[],defensive,0,34,Artur,Konontsuk,Artur,Konontsuk,A,K,A,K,A. Konontsuk,BURSASPOR BASKETBOL,BUR,A. Konontsuk,34,,,,,,REB,,BURSASPOR BASKETBOL rebound defensive,,,,,,,,,0,180,1.0,def_reb,0,68,0,60
08:08,08:08:00,68,62,6,2,4,REGULAR,144,M. PARSONS,1,2pt,604,,[],floatingjumpshot,1,5,Malik Disjohn,Parsons,Malik Disjohn,Parsons,M,P,M,P,M. Parsons,BURSASPOR BASKETBOL,BUR,M. Parsons,5,,,85.050003051758,66.779998779297,1.0,P2,made,BURSASPOR BASKETBOL M. PARSONS 2Pt made,,,,,,,,,2,181,2.0,score,0,68,2,62
07:45,07:45:00,68,62,6,1,4,REGULAR,11,M. REED,1,foul,606,,[],offensive,0,0,Marcquise Deandre,Reed,Marcquise Deandre,Reed,M,R,M,R,M. Reed,TRABZONSPOR,TRB,M. Reed,0,,,,,,RFOUL,,TRABZONSPOR M. REED foul offensive,,,,,,,,,0,182,1.0,offensive_foul,0,68,0,62
07:45,07:45:00,68,62,6,1,4,REGULAR,11,M. REED,1,turnover,607,606,[],offensive,0,0,Marcquise Deandre,Reed,Marcquise Deandre,Reed,M,R,M,R,M. Reed,TRABZONSPOR,TRB,M. Reed,0,,,,,,TO,,TRABZONSPOR M. REED turnover offensive,,,,,,,,,0,183,2.0,turnover,0,68,0,62
07:45,07:45:00,68,62,6,2,4,REGULAR,127,L. NNOKO,1,foulon,608,606,[],,0,35,Landry,Nnoko,Landry,Nnoko,L,N,L,N,L. Nnoko,BURSASPOR BASKETBOL,BUR,L. Nnoko,35,,,,,,OTHER,,BURSASPOR BASKETBOL foulon,,,,,,,,,0,184,1.0,,0,68,0,62
07:45,07:45:00,68,62,6,1,4,REGULAR,11,M. REED,1,substitution,609,,[],out,0,0,Marcquise Deandre,Reed,Marcquise Deandre,Reed,M,R,M,R,M. Reed,TRABZONSPOR,TRB,M. Reed,0,,,,,,SUB,out,TRABZONSPOR substitution out,,,,,,,,,0,184,1.0,,0,68,0,62
07:45,07:45:00,68,62,6,1,4,REGULAR,4,I. ULUSOY,1,substitution,610,,[],in,0,5,Ismail Cem,Ulusoy,Ismail Cem,Ulusoy,I,U,I,U,I. Ulusoy,TRABZONSPOR,TRB,I. Ulusoy,5,,,,,,SUB,in,TRABZONSPOR substitution in,,,,,,,,,0,184,1.0,,0,68,0,62
07:35,07:35:00,68,62,6,1,4,REGULAR,3,B. DEMIR,1,foul,615,,"['shooting', '2freethrow']",personal,0,11,Berk,Demir,Berk,Demir,B,D,B,D,B. Demir,TRABZONSPOR,TRB,B. Demir,11,,,,,,FOUL,,TRABZONSPOR B. DEMIR foul personal,,,,,,,,,0,184,1.0,,0,68,0,62
07:35,07:35:00,68,62,6,2,4,REGULAR,144,M. PARSONS,1,foulon,616,615,[],,0,5,Malik Disjohn,Parsons,Malik Disjohn,Parsons,M,P,M,P,M. Parsons,BURSASPOR BASKETBOL,BUR,M. Parsons,5,,,,,,OTHER,,BURSASPOR BASKETBOL foulon,,,,,,,,,0,184,1.0,,0,68,0,62
07:35,07:35:00,68,63,5,2,4,REGULAR,144,M. PARSONS,1,freethrow,617,,['fromturnover'],1of2,1,5,Malik Disjohn,Parsons,Malik Disjohn,Parsons,M,P,M,P,M. Parsons,BURSASPOR BASKETBOL,BUR,M. Parsons,5,,,,,,FT,made,BURSASPOR BASKETBOL M. PARSONS FT 1of2 made,,,,,,,,,1,184,1.0,made_ft,0,68,1,63
07:35,07:35:00,68,63,5,2,4,REGULAR,133,B. CHILDRESS,1,assist,618,617,[],,0,0,Brandon Reginald,Childress,Brandon Reginald,Childress,B,C,B,C,B. Childress,BURSASPOR BASKETBOL,BUR,B. Childress,0,,,,,,ASS,,BURSASPOR BASKETBOL B. CHILDRESS assist,,,,,,,,,0,185,2.0,,0,68,0,63
07:35,07:35:00,68,64,4,2,4,REGULAR,144,M. PARSONS,1,freethrow,619,,['fromturnover'],2of2,1,5,Malik Disjohn,Parsons,Malik Disjohn,Parsons,M,P,M,P,M. Parsons,BURSASPOR BASKETBOL,BUR,M. Parsons,5,,,,,,FT,made,BURSASPOR BASKETBOL M. PARSONS FT 2of2 made,,,,,,,,,1,185,2.0,made_ft_last,0,68,1,64
07:19,07:19:00,70,64,6,1,4,REGULAR,2,E. ARAR,1,2pt,621,,['pointsinthepaint'],jumpshot,1,19,Ege,Arar,Ege,Arar,E,A,E,A,E. Arar,TRABZONSPOR,TRB,E. Arar,19,,,7.0500001907349,41.069999694824,1.0,P2,made,TRABZONSPOR E. ARAR 2Pt made,7.0,1.0,J. GORDON,,,,,,2,186,1.0,score,2,70,0,64
07:19,07:19:00,70,64,6,1,4,REGULAR,7,J. GORDON,1,assist,622,621,[],,0,8,Jitaurious Tykyvion,Gordon,Jitaurious Tykyvion,Gordon,J,G,J,G,J. Gordon,TRABZONSPOR,TRB,J. Gordon,8,,,,,,ASS,,TRABZONSPOR J. GORDON assist,,,,,,,,,0,187,2.0,,0,70,0,64
06:57,06:57:00,70,67,3,2,4,REGULAR,135,A. KONONTSUK,1,3pt,623,,[],jumpshot,1,34,Artur,Konontsuk,Artur,Konontsuk,A,K,A,K,A. Konontsuk,BURSASPOR BASKETBOL,BUR,A. Konontsuk,34,,,79.129997253418,90.790000915527,1.0,P3,made,BURSASPOR BASKETBOL A. KONONTSUK 3Pt made,133.0,2.0,B. CHILDRESS,,,,,,3,187,2.0,score,0,70,3,67
06:57,06:57:00,70,67,3,2,4,REGULAR,133,B. CHILDRESS,1,assist,624,623,[],,0,0,Brandon Reginald,Childress,Brandon Reginald,Childress,B,C,B,C,B. Childress,BURSASPOR BASKETBOL,BUR,B. Childress,0,,,,,,ASS,,BURSASPOR BASKETBOL B. CHILDRESS assist,,,,,,,,,0,188,1.0,,0,70,0,67
06:35,06:35:00,70,67,3,1,4,REGULAR,7,J. GORDON,0,3pt,625,,[],jumpshot,1,8,Jitaurious Tykyvion,Gordon,Jitaurious Tykyvion,Gordon,J,G,J,G,J. Gordon,TRABZONSPOR,TRB,J. Gordon,8,,,4.5599999427795,3.2200000286102,0.0,P3,missed,TRABZONSPOR J. GORDON 3Pt missed,,,,,,,,,0,188,1.0,def_reb,0,70,0,67
06:32,06:32:00,70,67,3,2,4,REGULAR,144,M. PARSONS,1,rebound,626,625,[],defensive,0,5,Malik Disjohn,Parsons,Malik Disjohn,Parsons,M,P,M,P,M. Parsons,BURSASPOR BASKETBOL,BUR,M. Parsons,5,,,,,,REB,,BURSASPOR BASKETBOL rebound defensive,,,,,,,,,0,189,2.0,def_reb,0,70,0,67
06:28,06:28:00,70,67,3,1,4,REGULAR,3,B. DEMIR,1,substitution,628,,[],out,0,11,Berk,Demir,Berk,Demir,B,D,B,D,B. Demir,TRABZONSPOR,TRB,B. Demir,11,,,,,,SUB,out,TRABZONSPOR substitution out,,,,,,,,,0,190,1.0,,0,70,0,67
06:28,06:28:00,70,67,3,1,4,REGULAR,10,T. TINKLE,1,substitution,629,,[],in,0,3,Tres Anthony,Tinkle,Tres Anthony,Tinkle,T,T,T,T,T. Tinkle,TRABZONSPOR,TRB,T. Tinkle,3,,,,,,SUB,in,TRABZONSPOR substitution in,,,,,,,,,0,190,1.0,,0,70,0,67
06:08,06:08:00,70,67,3,2,4,REGULAR,101,H. KÖKSAL,0,3pt,631,,[],jumpshot,1,7,Hüseyin Göksenin,Köksal,Hüseyin Göksenin,Köksal,H,K,H,K,H. Köksal,BURSASPOR BASKETBOL,BUR,H. Köksal,7,,,95.660003662109,97.290000915527,0.0,P3,missed,BURSASPOR BASKETBOL H. KÖKSAL 3Pt missed,,,,,,,,,0,190,1.0,,0,70,0,67
06:06,06:06:00,70,67,3,2,4,REGULAR,135,A. KONONTSUK,1,rebound,632,631,[],offensive,0,34,Artur,Konontsuk,Artur,Konontsuk,A,K,A,K,A. Konontsuk,BURSASPOR BASKETBOL,BUR,A. Konontsuk,34,,,,,,REB,,BURSASPOR BASKETBOL rebound offensive,,,,,,,,,0,190,1.0,,0,70,0,67
06:06,06:06:00,70,69,1,2,4,REGULAR,135,A. KONONTSUK,1,2pt,633,,"['2ndchance', 'pointsinthepaint']",jumpshot,1,34,Artur,Konontsuk,Artur,Konontsuk,A,K,A,K,A. Konontsuk,BURSASPOR BASKETBOL,BUR,A. Konontsuk,34,,,92.540000915527,53.790000915527,1.0,P2,made,BURSASPOR BASKETBOL A. KONONTSUK 2Pt made,,,,,,,,,2,190,1.0,score,0,70,2,69
05:48,05:48:00,70,69,1,1,4,REGULAR,0,,1,timeout,635,,[],full,0,,,,,,,,,,,TRABZONSPOR,TRB,,,,,,,,TIMEOUT,,TRABZONSPOR timeout,,,,,,,,,0,191,2.0,,0,70,0,69
05:48,05:48:00,70,69,1,0,4,REGULAR,0,,1,timeout,636,,[],officials,0,,,,,,,,,,,,,,,,,,,,TIMEOUT,, timeout,,,,,,,,,0,191,2.0,,0,70,0,69
05:48,05:48:00,70,69,1,1,4,REGULAR,2,E. ARAR,1,substitution,637,,[],out,0,19,Ege,Arar,Ege,Arar,E,A,E,A,E. Arar,TRABZONSPOR,TRB,E. Arar,19,,,,,,SUB,out,TRABZONSPOR substitution out,,,,,,,,,0,191,2.0,,0,70,0,69
05:48,05:48:00,70,69,1,1,4,REGULAR,9,A. DELGADO ASTACIO,1,substitution,638,,[],in,0,31,Angel Luis,Delgado Astacio,Angel Luis,Delgado Astacio,A,D,A,D,A. Delgado Astacio,TRABZONSPOR,TRB,A. Delgado Astacio,31,,,,,,SUB,in,TRABZONSPOR substitution in,,,,,,,,,0,191,2.0,,0,70,0,69
05:46,05:46:00,70,69,1,2,4,REGULAR,127,L. NNOKO,1,foul,641,,[],personal,0,35,Landry,Nnoko,Landry,Nnoko,L,N,L,N,L. Nnoko,BURSASPOR BASKETBOL,BUR,L. Nnoko,35,,,,,,FOUL,,BURSASPOR BASKETBOL L. NNOKO foul personal,,,,,,,,,0,191,2.0,,0,70,0,69
05:46,05:46:00,70,69,1,1,4,REGULAR,9,A. DELGADO ASTACIO,1,foulon,642,641,[],,0,31,Angel Luis,Delgado Astacio,Angel Luis,Delgado Astacio,A,D,A,D,A. Delgado Astacio,TRABZONSPOR,TRB,A. Delgado Astacio,31,,,,,,OTHER,,TRABZONSPOR foulon,,,,,,,,,0,191,2.0,,0,70,0,69
05:38,05:38:00,70,69,1,1,4,REGULAR,7,J. GORDON,0,2pt,644,,[],pullupjumpshot,1,8,Jitaurious Tykyvion,Gordon,Jitaurious Tykyvion,Gordon,J,G,J,G,J. Gordon,TRABZONSPOR,TRB,J. Gordon,8,,,16.569999694824,76.669998168945,0.0,P2,missed,TRABZONSPOR J. GORDON 2Pt missed,,,,,,,,,0,191,2.0,def_reb,0,70,0,69
05:36,05:36:00,70,69,1,2,4,REGULAR,0,,1,rebound,646,644,['team'],defensive,0,,,,,,,,,,,BURSASPOR BASKETBOL,BUR,,,,,,,,TREB,,BURSASPOR BASKETBOL team rebound defensive,,,,,,,,,0,192,1.0,def_reb,0,70,0,69
05:20,05:20:00,70,71,-1,2,4,REGULAR,127,L. NNOKO,1,2pt,649,,['pointsinthepaint'],turnaroundjumpshot,1,35,Landry,Nnoko,Landry,Nnoko,L,N,L,N,L. Nnoko,BURSASPOR BASKETBOL,BUR,L. Nnoko,35,,,90.669998168945,39.939998626709,1.0,P2,made,BURSASPOR BASKETBOL L. NNOKO 2Pt made,135.0,2.0,A. KONONTSUK,,,,,,2,193,2.0,score,0,70,2,71
05:20,05:20:00,70,71,-1,2,4,REGULAR,135,A. KONONTSUK,1,assist,650,649,[],,0,34,Artur,Konontsuk,Artur,Konontsuk,A,K,A,K,A. Konontsuk,BURSASPOR BASKETBOL,BUR,A. Konontsuk,34,,,,,,ASS,,BURSASPOR BASKETBOL A. KONONTSUK assist,,,,,,,,,0,194,1.0,,0,70,0,71
05:20,05:20:00,70,71,-1,1,4,REGULAR,9,A. DELGADO ASTACIO,1,foul,651,,"['shooting', '1freethrow']",personal,0,31,Angel Luis,Delgado Astacio,Angel Luis,Delgado Astacio,A,D,A,D,A. Delgado Astacio,TRABZONSPOR,TRB,A. Delgado Astacio,31,,,,,,FOUL,,TRABZONSPOR A. DELGADO ASTACIO foul personal,,,,,,,,,0,194,1.0,,0,70,0,71
05:20,05:20:00,70,71,-1,2,4,REGULAR,127,L. NNOKO,1,foulon,652,651,[],,0,35,Landry,Nnoko,Landry,Nnoko,L,N,L,N,L. Nnoko,BURSASPOR BASKETBOL,BUR,L. Nnoko,35,,,,,,OTHER,,BURSASPOR BASKETBOL foulon,,,,,,,,,0,194,1.0,,0,70,0,71
05:20,05:20:00,70,71,-1,1,4,REGULAR,7,J. GORDON,1,substitution,653,,[],out,0,8,Jitaurious Tykyvion,Gordon,Jitaurious Tykyvion,Gordon,J,G,J,G,J. Gordon,TRABZONSPOR,TRB,J. Gordon,8,,,,,,SUB,out,TRABZONSPOR substitution out,,,,,,,,,0,194,1.0,,0,70,0,71
05:20,05:20:00,70,71,-1,1,4,REGULAR,11,M. REED,1,substitution,654,,[],in,0,0,Marcquise Deandre,Reed,Marcquise Deandre,Reed,M,R,M,R,M. Reed,TRABZONSPOR,TRB,M. Reed,0,,,,,,SUB,in,TRABZONSPOR substitution in,,,,,,,,,0,194,1.0,,0,70,0,71
05:20,05:20:00,70,71,-1,1,4,REGULAR,10,T. TINKLE,1,substitution,655,,[],out,0,3,Tres Anthony,Tinkle,Tres Anthony,Tinkle,T,T,T,T,T. Tinkle,TRABZONSPOR,TRB,T. Tinkle,3,,,,,,SUB,out,TRABZONSPOR substitution out,,,,,,,,,0,194,1.0,,0,70,0,71
05:20,05:20:00,70,71,-1,1,4,REGULAR,12,A. YEBOAH,1,substitution,656,,[],in,0,15,Akwasi Abeyie,Yeboah,Akwasi Abeyie,Yeboah,A,Y,A,Y,A. Yeboah,TRABZONSPOR,TRB,A. Yeboah,15,,,,,,SUB,in,TRABZONSPOR substitution in,,,,,,,,,0,194,1.0,,0,70,0,71
05:20,05:20:00,70,72,-2,2,4,REGULAR,127,L. NNOKO,1,freethrow,657,,[],1of1,1,35,Landry,Nnoko,Landry,Nnoko,L,N,L,N,L. Nnoko,BURSASPOR BASKETBOL,BUR,L. Nnoko,35,,,,,,FT,made,BURSASPOR BASKETBOL L. NNOKO FT 1of1 made,,,,,,,,,1,194,1.0,made_ft_last,0,70,1,72
05:02,05:02:00,70,72,-2,1,4,REGULAR,5,O. ULUBAY,0,3pt,661,,[],jumpshot,1,13,Okben,Ulubay,Okben,Ulubay,O,U,O,U,O. Ulubay,TRABZONSPOR,TRB,O. Ulubay,13,,,5.960000038147,3.789999961853,0.0,P3,missed,TRABZONSPOR O. ULUBAY 3Pt missed,,,,,,,,,0,195,2.0,,0,70,0,72
05:00,05:00:00,70,72,-2,1,4,REGULAR,9,A. DELGADO ASTACIO,1,rebound,662,661,[],offensive,0,31,Angel Luis,Delgado Astacio,Angel Luis,Delgado Astacio,A,D,A,D,A. Delgado Astacio,TRABZONSPOR,TRB,A. Delgado Astacio,31,,,,,,REB,,TRABZONSPOR rebound offensive,,,,,,,,,0,195,2.0,,0,70,0,72
04:55,04:55:00,70,72,-2,1,4,REGULAR,11,M. REED,0,3pt,663,,['2ndchance'],jumpshot,1,0,Marcquise Deandre,Reed,Marcquise Deandre,Reed,M,R,M,R,M. Reed,TRABZONSPOR,TRB,M. Reed,0,,,27.639999389648,78.639999389648,0.0,P3,missed,TRABZONSPOR M. REED 3Pt missed,,,,,,,,,0,195,2.0,def_reb,0,70,0,72
04:52,04:52:00,70,72,-2,2,4,REGULAR,101,H. KÖKSAL,1,rebound,664,663,[],defensive,0,7,Hüseyin Göksenin,Köksal,Hüseyin Göksenin,Köksal,H,K,H,K,H. Köksal,BURSASPOR BASKETBOL,BUR,H. Köksal,7,,,,,,REB,,BURSASPOR BASKETBOL rebound defensive,,,,,,,,,0,196,1.0,def_reb,0,70,0,72
04:42,04:42:00,70,72,-2,2,4,REGULAR,135,A. KONONTSUK,1,turnover,665,,[],ballhandling,0,34,Artur,Konontsuk,Artur,Konontsuk,A,K,A,K,A. Konontsuk,BURSASPOR BASKETBOL,BUR,A. Konontsuk,34,,,,,,TO,,BURSASPOR BASKETBOL A. KONONTSUK turnover ballhandling,,,,,,,,,0,197,2.0,turnover,0,70,0,72
04:42,04:42:00,70,72,-2,1,4,REGULAR,11,M. REED,1,steal,666,665,[],,0,0,Marcquise Deandre,Reed,Marcquise Deandre,Reed,M,R,M,R,M. Reed,TRABZONSPOR,TRB,M. Reed,0,,,,,,ST,,TRABZONSPOR M. REED steal,,,,,,,,,0,198,1.0,,0,70,0,72
04:38,04:38:00,70,72,-2,2,4,REGULAR,133,B. CHILDRESS,1,foul,670,,"['shooting', '3freethrow']",personal,0,0,Brandon Reginald,Childress,Brandon Reginald,Childress,B,C,B,C,B. Childress,BURSASPOR BASKETBOL,BUR,B. Childress,0,,,,,,FOUL,,BURSASPOR BASKETBOL B. CHILDRESS foul personal,,,,,,,,,0,198,1.0,,0,70,0,72
04:38,04:38:00,70,72,-2,1,4,REGULAR,11,M. REED,1,foulon,671,670,[],,0,0,Marcquise Deandre,Reed,Marcquise Deandre,Reed,M,R,M,R,M. Reed,TRABZONSPOR,TRB,M. Reed,0,,,,,,OTHER,,TRABZONSPOR foulon,,,,,,,,,0,198,1.0,,0,70,0,72
04:38,04:38:00,70,72,-2,2,4,REGULAR,0,,1,headcoachchallenge,672,,['rejected'],foul,0,,,,,,,,,,,BURSASPOR BASKETBOL,BUR,,,,,,,,OTHER,,BURSASPOR BASKETBOL headcoachchallenge foul,,,,,,,,,0,198,1.0,,0,70,0,72
04:38,04:38:00,71,72,-1,1,4,REGULAR,11,M. REED,1,freethrow,673,,"['fastbreak', 'fromturnover']",1of3,1,0,Marcquise Deandre,Reed,Marcquise Deandre,Reed,M,R,M,R,M. Reed,TRABZONSPOR,TRB,M. Reed,0,,,,,,FT,made,TRABZONSPOR M. REED FT 1of3 made,,,,,,,,,1,198,1.0,made_ft,1,71,0,72
04:38,04:38:00,71,72,-1,1,4,REGULAR,5,O. ULUBAY,1,assist,674,673,[],,0,13,Okben,Ulubay,Okben,Ulubay,O,U,O,U,O. Ulubay,TRABZONSPOR,TRB,O. Ulubay,13,,,,,,ASS,,TRABZONSPOR O. ULUBAY assist,,,,,,,,,0,199,2.0,,0,71,0,72
04:38,04:38:00,72,72,0,1,4,REGULAR,11,M. REED,1,freethrow,675,,"['fastbreak', 'fromturnover']",2of3,1,0,Marcquise Deandre,Reed,Marcquise Deandre,Reed,M,R,M,R,M. Reed,TRABZONSPOR,TRB,M. Reed,0,,,,,,FT,made,TRABZONSPOR M. REED FT 2of3 made,,,,,,,,,1,199,2.0,made_ft,1,72,0,72
04:38,04:38:00,73,72,1,1,4,REGULAR,11,M. REED,1,freethrow,676,,"['fastbreak', 'fromturnover']",3of3,1,0,Marcquise Deandre,Reed,Marcquise Deandre,Reed,M,R,M,R,M. Reed,TRABZONSPOR,TRB,M. Reed,0,,,,,,FT,made,TRABZONSPOR M. REED FT 3of3 made,,,,,,,,,1,200,1.0,made_ft_last,1,73,0,72
04:17,04:17:00,73,74,-1,2,4,REGULAR,127,L. NNOKO,1,2pt,680,,['pointsinthepaint'],hookshot,1,35,Landry,Nnoko,Landry,Nnoko,L,N,L,N,L. Nnoko,BURSASPOR BASKETBOL,BUR,L. Nnoko,35,,,92.069999694824,44.180000305176,1.0,P2,made,BURSASPOR BASKETBOL L. NNOKO 2Pt made,144.0,2.0,M. PARSONS,,,,,,2,201,2.0,score,0,73,2,74
04:17,04:17:00,73,74,-1,2,4,REGULAR,144,M. PARSONS,1,assist,681,680,[],,0,5,Malik Disjohn,Parsons,Malik Disjohn,Parsons,M,P,M,P,M. Parsons,BURSASPOR BASKETBOL,BUR,M. Parsons,5,,,,,,ASS,,BURSASPOR BASKETBOL M. PARSONS assist,,,,,,,,,0,202,1.0,,0,73,0,74
03:51,03:51:00,75,74,1,1,4,REGULAR,4,I. ULUSOY,1,2pt,682,,['pointsinthepaint'],drivinglayup,1,5,Ismail Cem,Ulusoy,Ismail Cem,Ulusoy,I,U,I,U,I. Ulusoy,TRABZONSPOR,TRB,I. Ulusoy,5,,,3.9300000667572,38.529998779297,1.0,P2,made,TRABZONSPOR I. ULUSOY 2Pt made,,,,,,,,,2,202,1.0,score,2,75,0,74
03:23,03:23:00,75,74,1,2,4,REGULAR,133,B. CHILDRESS,1,turnover,683,,[],badpass,0,0,Brandon Reginald,Childress,Brandon Reginald,Childress,B,C,B,C,B. Childress,BURSASPOR BASKETBOL,BUR,B. Childress,0,,,,,,TO,,BURSASPOR BASKETBOL B. CHILDRESS turnover badpass,,,,,,,,,0,203,2.0,turnover,0,75,0,74
03:23,03:23:00,75,74,1,1,4,REGULAR,12,A. YEBOAH,1,steal,684,683,[],,0,15,Akwasi Abeyie,Yeboah,Akwasi Abeyie,Yeboah,A,Y,A,Y,A. Yeboah,TRABZONSPOR,TRB,A. Yeboah,15,,,,,,ST,,TRABZONSPOR A. YEBOAH steal,,,,,,,,,0,204,1.0,,0,75,0,74
03:18,03:18:00,75,74,1,1,4,REGULAR,11,M. REED,0,3pt,685,,['fromturnover'],jumpshot,1,0,Marcquise Deandre,Reed,Marcquise Deandre,Reed,M,R,M,R,M. Reed,TRABZONSPOR,TRB,M. Reed,0,,,21.25,89.940002441406,0.0,P3,missed,TRABZONSPOR M. REED 3Pt missed,,,,,,,,,0,204,1.0,def_reb,0,75,0,74
03:16,03:16:00,75,74,1,2,4,REGULAR,135,A. KONONTSUK,1,rebound,686,685,[],defensive,0,34,Artur,Konontsuk,Artur,Konontsuk,A,K,A,K,A. Konontsuk,BURSASPOR BASKETBOL,BUR,A. Konontsuk,34,,,,,,REB,,BURSASPOR BASKETBOL rebound defensive,,,,,,,,,0,205,2.0,def_reb,0,75,0,74
03:06,03:06:00,75,74,1,2,4,REGULAR,144,M. PARSONS,0,2pt,687,,['pointsinthepaint'],drivinglayup,1,5,Malik Disjohn,Parsons,Malik Disjohn,Parsons,M,P,M,P,M. Parsons,BURSASPOR BASKETBOL,BUR,M. Parsons,5,,,93.169998168945,38.25,0.0,P2,missed,BURSASPOR BASKETBOL M. PARSONS 2Pt missed,,,,,,,,,0,206,1.0,,0,75,0,74
03:02,03:02:00,75,74,1,2,4,REGULAR,127,L. NNOKO,1,rebound,688,687,[],offensive,0,35,Landry,Nnoko,Landry,Nnoko,L,N,L,N,L. Nnoko,BURSASPOR BASKETBOL,BUR,L. Nnoko,35,,,,,,REB,,BURSASPOR BASKETBOL rebound offensive,,,,,,,,,0,206,1.0,,0,75,0,74
03:02,03:02:00,75,74,1,2,4,REGULAR,127,L. NNOKO,0,2pt,689,,"['2ndchance', 'pointsinthepaint']",tipindunk,1,35,Landry,Nnoko,Landry,Nnoko,L,N,L,N,L. Nnoko,BURSASPOR BASKETBOL,BUR,L. Nnoko,35,,,94.0,50.0,0.0,P2,missed,BURSASPOR BASKETBOL L. NNOKO 2Pt missed,,,,,,,,,0,206,1.0,,0,75,0,74
03:01,03:01:00,75,74,1,2,4,REGULAR,144,M. PARSONS,1,rebound,690,689,[],offensive,0,5,Malik Disjohn,Parsons,Malik Disjohn,Parsons,M,P,M,P,M. Parsons,BURSASPOR BASKETBOL,BUR,M. Parsons,5,,,,,,REB,,BURSASPOR BASKETBOL rebound offensive,,,,,,,,,0,206,1.0,,0,75,0,74
03:01,03:01:00,75,76,-1,2,4,REGULAR,144,M. PARSONS,1,2pt,691,,"['2ndchance', 'pointsinthepaint']",tipinlayup,1,5,Malik Disjohn,Parsons,Malik Disjohn,Parsons,M,P,M,P,M. Parsons,BURSASPOR BASKETBOL,BUR,M. Parsons,5,,,94.0,50.0,1.0,P2,made,BURSASPOR BASKETBOL M. PARSONS 2Pt made,,,,,,,,,2,206,1.0,score,0,75,2,76
02:56,02:56:00,75,76,-1,1,4,REGULAR,0,,1,foul,694,,['1freethrow'],coachTechnical,0,,,,,,,,,,,TRABZONSPOR,TRB,,,,,,,,FOUL,,TRABZONSPOR  foul coachtechnical,,,,,,,,,0,207,2.0,,0,75,0,76
02:56,02:56:00,75,77,-2,2,4,REGULAR,133,B. CHILDRESS,1,freethrow,695,,[],1of1,1,0,Brandon Reginald,Childress,Brandon Reginald,Childress,B,C,B,C,B. Childress,BURSASPOR BASKETBOL,BUR,B. Childress,0,,,,,,FT,made,BURSASPOR BASKETBOL B. CHILDRESS FT 1of1 made,,,,,,,,,1,207,2.0,made_ft_last,0,75,1,77
02:45,02:45:00,75,77,-2,1,4,REGULAR,4,I. ULUSOY,1,turnover,697,,[],badpass,0,5,Ismail Cem,Ulusoy,Ismail Cem,Ulusoy,I,U,I,U,I. Ulusoy,TRABZONSPOR,TRB,I. Ulusoy,5,,,,,,TO,,TRABZONSPOR I. ULUSOY turnover badpass,,,,,,,,,0,208,1.0,turnover,0,75,0,77
02:45,02:45:00,75,77,-2,2,4,REGULAR,127,L. NNOKO,1,steal,698,697,[],,0,35,Landry,Nnoko,Landry,Nnoko,L,N,L,N,L. Nnoko,BURSASPOR BASKETBOL,BUR,L. Nnoko,35,,,,,,ST,,BURSASPOR BASKETBOL L. NNOKO steal,,,,,,,,,0,209,2.0,,0,75,0,77
02:32,02:32:00,75,77,-2,2,4,REGULAR,133,B. CHILDRESS,1,turnover,699,,[],ballhandling,0,0,Brandon Reginald,Childress,Brandon Reginald,Childress,B,C,B,C,B. Childress,BURSASPOR BASKETBOL,BUR,B. Childress,0,,,,,,TO,,BURSASPOR BASKETBOL B. CHILDRESS turnover ballhandling,,,,,,,,,0,209,2.0,turnover,0,75,0,77
02:32,02:32:00,75,77,-2,1,4,REGULAR,4,I. ULUSOY,1,steal,700,699,[],,0,5,Ismail Cem,Ulusoy,Ismail Cem,Ulusoy,I,U,I,U,I. Ulusoy,TRABZONSPOR,TRB,I. Ulusoy,5,,,,,,ST,,TRABZONSPOR I. ULUSOY steal,,,,,,,,,0,210,1.0,,0,75,0,77
02:28,02:28:00,75,77,-2,2,4,REGULAR,135,A. KONONTSUK,1,foul,702,,"['shooting', '2freethrow']",personal,0,34,Artur,Konontsuk,Artur,Konontsuk,A,K,A,K,A. Konontsuk,BURSASPOR BASKETBOL,BUR,A. Konontsuk,34,,,,,,FOUL,,BURSASPOR BASKETBOL A. KONONTSUK foul personal,,,,,,,,,0,210,1.0,,0,75,0,77
02:28,02:28:00,75,77,-2,1,4,REGULAR,12,A. YEBOAH,1,foulon,703,702,[],,0,15,Akwasi Abeyie,Yeboah,Akwasi Abeyie,Yeboah,A,Y,A,Y,A. Yeboah,TRABZONSPOR,TRB,A. Yeboah,15,,,,,,OTHER,,TRABZONSPOR foulon,,,,,,,,,0,210,1.0,,0,75,0,77
02:28,02:28:00,75,77,-2,1,4,REGULAR,12,A. YEBOAH,0,freethrow,704,,"['fastbreak', 'fromturnover']",1of2,1,15,Akwasi Abeyie,Yeboah,Akwasi Abeyie,Yeboah,A,Y,A,Y,A. Yeboah,TRABZONSPOR,TRB,A. Yeboah,15,,,,,,FT,missed,TRABZONSPOR A. YEBOAH FT 1of2 missed,,,,,,,,,0,210,1.0,def_reb,0,75,0,77
02:28,02:28:00,75,77,-2,1,4,REGULAR,0,,1,rebound,705,704,[],offensivedeadball,0,,,,,,,,,,,TRABZONSPOR,TRB,,,,,,,,TREB,,TRABZONSPOR team rebound offensivedeadball,,,,,,,,,0,211,2.0,def_reb,0,75,0,77
02:28,02:28:00,76,77,-1,1,4,REGULAR,12,A. YEBOAH,1,freethrow,706,,"['fastbreak', 'fromturnover']",2of2,1,15,Akwasi Abeyie,Yeboah,Akwasi Abeyie,Yeboah,A,Y,A,Y,A. Yeboah,TRABZONSPOR,TRB,A. Yeboah,15,,,,,,FT,made,TRABZONSPOR A. YEBOAH FT 2of2 made,,,,,,,,,1,212,1.0,made_ft_last,1,76,0,77
02:28,02:28:00,76,77,-1,1,4,REGULAR,11,M. REED,1,assist,707,706,[],,0,0,Marcquise Deandre,Reed,Marcquise Deandre,Reed,M,R,M,R,M. Reed,TRABZONSPOR,TRB,M. Reed,0,,,,,,ASS,,TRABZONSPOR M. REED assist,,,,,,,,,0,213,2.0,,0,76,0,77
02:05,02:05:00,76,79,-3,2,4,REGULAR,133,B. CHILDRESS,1,2pt,709,,[],pullupjumpshot,1,0,Brandon Reginald,Childress,Brandon Reginald,Childress,B,C,B,C,B. Childress,BURSASPOR BASKETBOL,BUR,B. Childress,0,,,77.720001220703,52.090000152588,1.0,P2,made,BURSASPOR BASKETBOL B. CHILDRESS 2Pt made,,,,,,,,,2,213,2.0,score,0,76,2,79
01:40,01:40:00,76,79,-3,1,4,REGULAR,11,M. REED,0,3pt,712,,[],jumpshot,1,0,Marcquise Deandre,Reed,Marcquise Deandre,Reed,M,R,M,R,M. Reed,TRABZONSPOR,TRB,M. Reed,0,,,31.389999389648,43.049999237061,0.0,P3,missed,TRABZONSPOR M. REED 3Pt missed,,,,,,,,,0,214,1.0,def_reb,0,76,0,79
01:37,01:37:00,76,79,-3,2,4,REGULAR,133,B. CHILDRESS,1,rebound,713,712,[],defensive,0,0,Brandon Reginald,Childress,Brandon Reginald,Childress,B,C,B,C,B. Childress,BURSASPOR BASKETBOL,BUR,B. Childress,0,,,,,,REB,,BURSASPOR BASKETBOL rebound defensive,,,,,,,,,0,215,2.0,def_reb,0,76,0,79
01:15,01:15:00,76,81,-5,2,4,REGULAR,133,B. CHILDRESS,1,2pt,716,,[],pullupjumpshot,1,0,Brandon Reginald,Childress,Brandon Reginald,Childress,B,C,B,C,B. Childress,BURSASPOR BASKETBOL,BUR,B. Childress,0,,,79.440002441406,34.860000610352,1.0,P2,made,BURSASPOR BASKETBOL B. CHILDRESS 2Pt made,,,,,,,,,2,216,1.0,score,0,76,2,81
01:14,01:14:00,76,81,-5,1,4,REGULAR,0,,1,timeout,718,,[],full,0,,,,,,,,,,,TRABZONSPOR,TRB,,,,,,,,TIMEOUT,,TRABZONSPOR timeout,,,,,,,,,0,217,2.0,,0,76,0,81
01:02,01:02:00,76,81,-5,1,4,REGULAR,9,A. DELGADO ASTACIO,0,2pt,720,,['pointsinthepaint'],turnaroundjumpshot,1,31,Angel Luis,Delgado Astacio,Angel Luis,Delgado Astacio,A,D,A,D,A. Delgado Astacio,TRABZONSPOR,TRB,A. Delgado Astacio,31,,,6.9000000953674,58.869998931885,0.0,P2,missed,TRABZONSPOR A. DELGADO ASTACIO 2Pt missed,,,,,,,,,0,217,2.0,def_reb,0,76,0,81
00:58,00:58:70,76,81,-5,2,4,REGULAR,127,L. NNOKO,1,rebound,721,720,[],defensive,0,35,Landry,Nnoko,Landry,Nnoko,L,N,L,N,L. Nnoko,BURSASPOR BASKETBOL,BUR,L. Nnoko,35,,,,,,REB,,BURSASPOR BASKETBOL rebound defensive,,,,,,,,,0,218,1.0,def_reb,0,76,0,81
00:54,00:54:60,76,81,-5,1,4,REGULAR,11,M. REED,1,foul,723,,['2freethrow'],personal,0,0,Marcquise Deandre,Reed,Marcquise Deandre,Reed,M,R,M,R,M. Reed,TRABZONSPOR,TRB,M. Reed,0,,,,,,FOUL,,TRABZONSPOR M. REED foul personal,,,,,,,,,0,219,2.0,,0,76,0,81
00:54,00:54:60,76,81,-5,2,4,REGULAR,101,H. KÖKSAL,1,foulon,724,723,[],,0,7,Hüseyin Göksenin,Köksal,Hüseyin Göksenin,Köksal,H,K,H,K,H. Köksal,BURSASPOR BASKETBOL,BUR,H. Köksal,7,,,,,,OTHER,,BURSASPOR BASKETBOL foulon,,,,,,,,,0,219,2.0,,0,76,0,81
00:54,00:54:60,76,81,-5,2,4,REGULAR,101,H. KÖKSAL,0,freethrow,725,,[],1of2,1,7,Hüseyin Göksenin,Köksal,Hüseyin Göksenin,Köksal,H,K,H,K,H. Köksal,BURSASPOR BASKETBOL,BUR,H. Köksal,7,,,,,,FT,missed,BURSASPOR BASKETBOL H. KÖKSAL FT 1of2 missed,,,,,,,,,0,219,2.0,def_reb,0,76,0,81
00:54,00:54:60,76,81,-5,2,4,REGULAR,0,,1,rebound,726,725,[],offensivedeadball,0,,,,,,,,,,,BURSASPOR BASKETBOL,BUR,,,,,,,,TREB,,BURSASPOR BASKETBOL team rebound offensivedeadball,,,,,,,,,0,220,1.0,def_reb,0,76,0,81
00:54,00:54:60,76,81,-5,2,4,REGULAR,101,H. KÖKSAL,0,freethrow,727,,[],2of2,1,7,Hüseyin Göksenin,Köksal,Hüseyin Göksenin,Köksal,H,K,H,K,H. Köksal,BURSASPOR BASKETBOL,BUR,H. Köksal,7,,,,,,FT,missed,BURSASPOR BASKETBOL H. KÖKSAL FT 2of2 missed,,,,,,,,,0,221,2.0,def_reb,0,76,0,81
00:54,00:54:60,76,81,-5,1,4,REGULAR,12,A. YEBOAH,1,rebound,729,727,[],defensive,0,15,Akwasi Abeyie,Yeboah,Akwasi Abeyie,Yeboah,A,Y,A,Y,A. Yeboah,TRABZONSPOR,TRB,A. Yeboah,15,,,,,,REB,,TRABZONSPOR rebound defensive,,,,,,,,,0,222,1.0,def_reb,0,76,0,81
00:46,00:46:50,76,81,-5,1,4,REGULAR,4,I. ULUSOY,1,turnover,731,,[],ballhandling,0,5,Ismail Cem,Ulusoy,Ismail Cem,Ulusoy,I,U,I,U,I. Ulusoy,TRABZONSPOR,TRB,I. Ulusoy,5,,,,,,TO,,TRABZONSPOR I. ULUSOY turnover ballhandling,,,,,,,,,0,223,2.0,turnover,0,76,0,81
00:46,00:46:50,76,81,-5,2,4,REGULAR,0,,1,timeout,732,,[],full,0,,,,,,,,,,,BURSASPOR BASKETBOL,BUR,,,,,,,,TIMEOUT,,BURSASPOR BASKETBOL timeout,,,,,,,,,0,224,1.0,,0,76,0,81
00:42,00:42:60,76,81,-5,2,4,REGULAR,135,A. KONONTSUK,1,foul,739,,['2freethrow'],unsportsmanlike,0,34,Artur,Konontsuk,Artur,Konontsuk,A,K,A,K,A. Konontsuk,BURSASPOR BASKETBOL,BUR,A. Konontsuk,34,,,,,,FOUL,,BURSASPOR BASKETBOL A. KONONTSUK foul unsportsmanlike,,,,,,,,,0,224,1.0,,0,76,0,81
00:42,00:42:60,76,81,-5,2,4,REGULAR,135,A. KONONTSUK,1,turnover,740,739,[],offensive,0,34,Artur,Konontsuk,Artur,Konontsuk,A,K,A,K,A. Konontsuk,BURSASPOR BASKETBOL,BUR,A. Konontsuk,34,,,,,,TO,,BURSASPOR BASKETBOL A. KONONTSUK turnover offensive,,,,,,,,,0,224,1.0,turnover,0,76,0,81
00:42,00:42:60,76,81,-5,1,4,REGULAR,4,I. ULUSOY,1,foulon,741,739,[],,0,5,Ismail Cem,Ulusoy,Ismail Cem,Ulusoy,I,U,I,U,I. Ulusoy,TRABZONSPOR,TRB,I. Ulusoy,5,,,,,,OTHER,,TRABZONSPOR foulon,,,,,,,,,0,225,2.0,,0,76,0,81
00:42,00:42:60,77,81,-4,1,4,REGULAR,0,,1,headcoachchallenge,742,,['accepted'],violence,0,,,,,,,,,,,TRABZONSPOR,TRB,,,,,,,,OTHER,,TRABZONSPOR headcoachchallenge violence,,,,,,,,,0,225,2.0,,0,76,0,81
00:42,00:42:60,76,81,-5,1,4,REGULAR,4,I. ULUSOY,0,freethrow,743,,['fromturnover'],1of2,1,5,Ismail Cem,Ulusoy,Ismail Cem,Ulusoy,I,U,I,U,I. Ulusoy,TRABZONSPOR,TRB,I. Ulusoy,5,,,,,,FT,missed,TRABZONSPOR I. ULUSOY FT 1of2 missed,,,,,,,,,0,225,2.0,def_reb,0,76,0,81
00:42,00:42:60,76,81,-5,1,4,REGULAR,0,,1,rebound,744,743,[],offensivedeadball,0,,,,,,,,,,,TRABZONSPOR,TRB,,,,,,,,TREB,,TRABZONSPOR team rebound offensivedeadball,,,,,,,,,0,226,1.0,def_reb,0,76,0,81
00:42,00:42:60,77,81,-4,1,4,REGULAR,4,I. ULUSOY,1,freethrow,745,,['fromturnover'],2of2,1,5,Ismail Cem,Ulusoy,Ismail Cem,Ulusoy,I,U,I,U,I. Ulusoy,TRABZONSPOR,TRB,I. Ulusoy,5,,,,,,FT,made,TRABZONSPOR I. ULUSOY FT 2of2 made,,,,,,,,,1,227,2.0,made_ft_last,1,77,0,81
00:42,00:42:60,77,81,-4,2,4,REGULAR,127,L. NNOKO,1,substitution,746,,[],out,0,35,Landry,Nnoko,Landry,Nnoko,L,N,L,N,L. Nnoko,BURSASPOR BASKETBOL,BUR,L. Nnoko,35,,,,,,SUB,out,BURSASPOR BASKETBOL substitution out,,,,,,,,,0,228,1.0,,0,77,0,81
00:42,00:42:60,77,81,-4,2,4,REGULAR,102,B. AKIN,1,substitution,747,,[],in,0,11,Berk Can,Akin,Berk Can,Akin,B,A,B,A,B. Akin,BURSASPOR BASKETBOL,BUR,B. Akin,11,,,,,,SUB,in,BURSASPOR BASKETBOL substitution in,,,,,,,,,0,228,1.0,,0,77,0,81
00:42,00:42:60,77,81,-4,1,4,REGULAR,9,A. DELGADO ASTACIO,1,substitution,748,,[],out,0,31,Angel Luis,Delgado Astacio,Angel Luis,Delgado Astacio,A,D,A,D,A. Delgado Astacio,TRABZONSPOR,TRB,A. Delgado Astacio,31,,,,,,SUB,out,TRABZONSPOR substitution out,,,,,,,,,0,228,1.0,,0,77,0,81
00:42,00:42:60,77,81,-4,1,4,REGULAR,7,J. GORDON,1,substitution,749,,[],in,0,8,Jitaurious Tykyvion,Gordon,Jitaurious Tykyvion,Gordon,J,G,J,G,J. Gordon,TRABZONSPOR,TRB,J. Gordon,8,,,,,,SUB,in,TRABZONSPOR substitution in,,,,,,,,,0,228,1.0,,0,77,0,81
00:33,00:33:80,77,81,-4,1,4,REGULAR,5,O. ULUBAY,0,2pt,751,,['pointsinthepaint'],drivinglayup,1,13,Okben,Ulubay,Okben,Ulubay,O,U,O,U,O. Ulubay,TRABZONSPOR,TRB,O. Ulubay,13,,,6.9000000953674,63.389999389648,0.0,P2,missed,TRABZONSPOR O. ULUBAY 2Pt missed,,,,,,,,,0,228,1.0,def_reb,0,77,0,81
00:33,00:33:00,77,81,-4,2,4,REGULAR,102,B. AKIN,1,rebound,753,751,[],defensive,0,11,Berk Can,Akin,Berk Can,Akin,B,A,B,A,B. Akin,BURSASPOR BASKETBOL,BUR,B. Akin,11,,,,,,REB,,BURSASPOR BASKETBOL rebound defensive,,,,,,,,,0,229,2.0,def_reb,0,77,0,81
00:33,00:33:00,77,81,-4,1,4,REGULAR,7,J. GORDON,1,foul,754,,['2freethrow'],personal,0,8,Jitaurious Tykyvion,Gordon,Jitaurious Tykyvion,Gordon,J,G,J,G,J. Gordon,TRABZONSPOR,TRB,J. Gordon,8,,,,,,FOUL,,TRABZONSPOR J. GORDON foul personal,,,,,,,,,0,230,1.0,,0,77,0,81
00:33,00:33:00,77,81,-4,2,4,REGULAR,102,B. AKIN,1,foulon,755,754,[],,0,11,Berk Can,Akin,Berk Can,Akin,B,A,B,A,B. Akin,BURSASPOR BASKETBOL,BUR,B. Akin,11,,,,,,OTHER,,BURSASPOR BASKETBOL foulon,,,,,,,,,0,230,1.0,,0,77,0,81
00:33,00:33:00,77,82,-5,2,4,REGULAR,102,B. AKIN,1,freethrow,756,,['fastbreak'],1of2,1,11,Berk Can,Akin,Berk Can,Akin,B,A,B,A,B. Akin,BURSASPOR BASKETBOL,BUR,B. Akin,11,,,,,,FT,made,BURSASPOR BASKETBOL B. AKIN FT 1of2 made,,,,,,,,,1,230,1.0,made_ft,0,77,1,82
00:33,00:33:00,77,83,-6,2,4,REGULAR,102,B. AKIN,1,freethrow,757,,['fastbreak'],2of2,1,11,Berk Can,Akin,Berk Can,Akin,B,A,B,A,B. Akin,BURSASPOR BASKETBOL,BUR,B. Akin,11,,,,,,FT,made,BURSASPOR BASKETBOL B. AKIN FT 2of2 made,,,,,,,,,1,231,2.0,made_ft_last,0,77,1,83
00:33,00:33:00,77,83,-6,1,4,REGULAR,0,,1,timeout,758,,[],full,0,,,,,,,,,,,TRABZONSPOR,TRB,,,,,,,,TIMEOUT,,TRABZONSPOR timeout,,,,,,,,,0,232,1.0,,0,77,0,83
00:23,00:23:80,79,83,-4,1,4,REGULAR,11,M. REED,1,2pt,761,,['pointsinthepaint'],drivinglayup,1,0,Marcquise Deandre,Reed,Marcquise Deandre,Reed,M,R,M,R,M. Reed,TRABZONSPOR,TRB,M. Reed,0,,,5.6500000953674,40.229999542236,1.0,P2,made,TRABZONSPOR M. REED 2Pt made,,,,,,,,,2,232,1.0,score,2,79,0,83
00:14,00:14:20,79,83,-4,2,4,REGULAR,102,B. AKIN,0,3pt,765,,[],floatingjumpshot,1,11,Berk Can,Akin,Berk Can,Akin,B,A,B,A,B. Akin,BURSASPOR BASKETBOL,BUR,B. Akin,11,,,59.470001220703,15.369999885559,0.0,P3,missed,BURSASPOR BASKETBOL B. AKIN 3Pt missed,,,,,,,,,0,233,2.0,,0,79,0,83
00:11,00:11:80,79,83,-4,2,4,REGULAR,101,H. KÖKSAL,1,rebound,766,765,[],offensive,0,7,Hüseyin Göksenin,Köksal,Hüseyin Göksenin,Köksal,H,K,H,K,H. Köksal,BURSASPOR BASKETBOL,BUR,H. Köksal,7,,,,,,REB,,BURSASPOR BASKETBOL rebound offensive,,,,,,,,,0,233,2.0,,0,79,0,83
00:09,00:09:10,79,83,-4,1,4,REGULAR,4,I. ULUSOY,1,foul,770,,['2freethrow'],personal,0,5,Ismail Cem,Ulusoy,Ismail Cem,Ulusoy,I,U,I,U,I. Ulusoy,TRABZONSPOR,TRB,I. Ulusoy,5,,,,,,FOUL,,TRABZONSPOR I. ULUSOY foul personal,,,,,,,,,0,233,2.0,,0,79,0,83
00:09,00:09:10,79,83,-4,2,4,REGULAR,144,M. PARSONS,1,foulon,771,770,[],,0,5,Malik Disjohn,Parsons,Malik Disjohn,Parsons,M,P,M,P,M. Parsons,BURSASPOR BASKETBOL,BUR,M. Parsons,5,,,,,,OTHER,,BURSASPOR BASKETBOL foulon,,,,,,,,,0,233,2.0,,0,79,0,83
00:09,00:09:10,79,84,-5,2,4,REGULAR,144,M. PARSONS,1,freethrow,772,,['2ndchance'],1of2,1,5,Malik Disjohn,Parsons,Malik Disjohn,Parsons,M,P,M,P,M. Parsons,BURSASPOR BASKETBOL,BUR,M. Parsons,5,,,,,,FT,made,BURSASPOR BASKETBOL M. PARSONS FT 1of2 made,,,,,,,,,1,233,2.0,made_ft,0,79,1,84
00:09,00:09:10,79,85,-6,2,4,REGULAR,144,M. PARSONS,1,freethrow,773,,['2ndchance'],2of2,1,5,Malik Disjohn,Parsons,Malik Disjohn,Parsons,M,P,M,P,M. Parsons,BURSASPOR BASKETBOL,BUR,M. Parsons,5,,,,,,FT,made,BURSASPOR BASKETBOL M. PARSONS FT 2of2 made,,,,,,,,,1,234,1.0,made_ft_last,0,79,1,85
00:03,00:03:80,79,85,-6,1,4,REGULAR,12,A. YEBOAH,0,3pt,777,,[],jumpshot,1,15,Akwasi Abeyie,Yeboah,Akwasi Abeyie,Yeboah,A,Y,A,Y,A. Yeboah,TRABZONSPOR,TRB,A. Yeboah,15,,,31.229999542236,29.489999771118,0.0,P3,missed,TRABZONSPOR A. YEBOAH 3Pt missed,,,,,,,,,0,235,2.0,def_reb,0,79,0,85
00:01,00:01:80,79,85,-6,2,4,REGULAR,102,B. AKIN,1,rebound,778,777,[],defensive,0,11,Berk Can,Akin,Berk Can,Akin,B,A,B,A,B. Akin,BURSASPOR BASKETBOL,BUR,B. Akin,11,,,,,,REB,,BURSASPOR BASKETBOL rebound defensive,,,,,,,,,0,236,1.0,def_reb,0,79,0,85
00:00,00:00:00,79,85,-6,0,4,REGULAR,0,,1,period,780,,['confirmed'],end,0,,,,,,,,,,,,,,,,,,,,OTHER,,period end,,,,,,,,,0,237,2.0,,0,79,0,85
00:00,00:00:00,79,85,-6,0,4,REGULAR,0,,1,game,781,,['confirmed'],end,0,,,,,,,,,,,,,,,,,,,,OTHER,,game end,,,,,,,,,0,237,2.0,,0,79,0,85
