gt,clock,s1,s2,lead,tno,period,periodType,pno,player,success,actionType,actionNumber,previousAction,qualifier,subType,scoring,shirtNumber,firstName,familyName,internationalFirstName,internationalFamilyName,firstNameInitial,familyNameInitial,internationalFirstNameInitial,internationalFamilyNameInitial,scoreboardName,team_name,team_code,player_name_from_roster,player_shirt,player_pos_raw,player_pos_group,x,y,r,ev_code,ev_result,ev_text,assist_pno,assist_tno,assist_player,block_pno,block_tno,block_player,assist_pos_group,block_pos_group,points,possession_id,possession_owner_tno,possession_end_reason,pts_1,cum_1,pts_2,cum_2
10:00,10:00:00,0,0,0,0,1,REGULAR,0,,1,game,1,,[],start,0,,,,,,,,,,,,,,,,,,,,OTHER,,game start,,,,,,,,,0,0,,,0,0,0,0
10:00,10:00:00,0,0,0,0,1,REGULAR,0,,1,period,2,,[],start,0,,,,,,,,,,,,,,,,,,,,OTHER,,period start,,,,,,,,,0,0,,,0,0,0,0
10:00,10:00:00,0,0,0,0,1,REGULAR,0,,1,jumpball,4,,[],startperiod,0,,,,,,,,,,,,,,,,,,,,JUMP,,jump ball,,,,,,,,,0,0,,,0,0,0,0
09:59,09:59:00,0,0,0,2,1,REGULAR,73,B. DESSERT,1,jumpball,6,4,[],won,0,13,Brice,Dessert,Brice,Dessert,B,D,B,D,B. Dessert,ANADOLU EFES,EFS,B. Dessert,13,,,,,,JUMP,,jump ball,,,,,,,,,0,0,,,0,0,0,0
09:59,09:59:00,0,0,0,1,1,REGULAR,78,S. GEYIK,1,jumpball,7,4,[],lost,0,4,Samet,Geyik,Samet,Geyik,S,G,S,G,S. Geyik,KARSIYAKA,KSK,S. Geyik,4,,,,,,JUMP,,jump ball,,,,,,,,,0,0,,,0,0,0,0
09:47,09:47:00,0,0,0,2,1,REGULAR,90,S. LARKIN,0,3pt,9,,[],jumpshot,1,0,Shane,Larkin,Shane,Larkin,S,L,S,L,S. Larkin,ANADOLU EFES,EFS,S. Larkin,0,,,19.840000152588,91.639999389648,0.0,P3,missed,ANADOLU EFES S. LARKIN 3Pt missed,,,,,,,,,0,1,2.0,,0,0,0,0
09:44,09:44:00,0,0,0,2,1,REGULAR,86,R. SMITS,1,rebound,10,9,[],offensive,0,11,Rolands,Smits,Rolands,Smits,R,S,R,S,R. Smits,ANADOLU EFES,EFS,R. Smits,11,,,,,,REB,,ANADOLU EFES rebound offensive,,,,,,,,,0,1,2.0,,0,0,0,0
09:37,09:37:00,0,3,-3,2,1,REGULAR,86,R. SMITS,1,3pt,11,,['2ndchance'],jumpshot,1,11,Rolands,Smits,Rolands,Smits,R,S,R,S,R. Smits,ANADOLU EFES,EFS,R. Smits,11,,,24.680000305176,15.64999961853,1.0,P3,made,ANADOLU EFES R. SMITS 3Pt made,87.0,2.0,N. WEILER-BABB,,,,,,3,1,2.0,score,0,0,3,3
09:37,09:37:00,0,3,-3,2,1,REGULAR,87,N. WEILER-BABB,1,assist,12,11,[],,0,8,Nick,Weiler-Babb,Nick,Weiler-Babb,N,W,N,W,N. Weiler-Babb,ANADOLU EFES,EFS,N. Weiler-Babb,8,,,,,,ASS,,ANADOLU EFES N. WEILER-BABB assist,,,,,,,,,0,2,1.0,,0,0,0,3
09:14,09:14:00,3,3,0,1,1,REGULAR,87,J. ALSTON,1,3pt,13,,[],jumpshot,1,32,Justin Alexander,Alston,Justin Alexander,Alston,J,A,J,A,J. Alston,KARSIYAKA,KSK,J. Alston,32,,,68.669998168945,70.449996948242,1.0,P3,made,KARSIYAKA J. ALSTON 3Pt made,86.0,1.0,C. CHIOZZA,,,,,,3,2,1.0,score,3,3,0,3
09:14,09:14:00,3,3,0,1,1,REGULAR,86,C. CHIOZZA,1,assist,14,13,[],,0,11,Christopher Xavier,Chiozza,Christopher Xavier,Chiozza,C,C,C,C,C. Chiozza,KARSIYAKA,KSK,C. Chiozza,11,,,,,,ASS,,KARSIYAKA C. CHIOZZA assist,,,,,,,,,0,3,2.0,,0,3,0,3
08:54,08:54:00,3,3,0,2,1,REGULAR,86,R. SMITS,0,3pt,15,,[],jumpshot,1,11,Rolands,Smits,Rolands,Smits,R,S,R,S,R. Smits,ANADOLU EFES,EFS,R. Smits,11,,,30.760000228882,63.950000762939,0.0,P3,missed,ANADOLU EFES R. SMITS 3Pt missed,,,,,,,,,0,3,2.0,,0,3,0,3
08:50,08:50:00,3,3,0,2,1,REGULAR,80,E. YILMAZ,1,rebound,16,15,[],offensive,0,33,Erkan,Yilmaz,Erkan,Yilmaz,E,Y,E,Y,E. Yilmaz,ANADOLU EFES,EFS,E. Yilmaz,33,,,,,,REB,,ANADOLU EFES rebound offensive,,,,,,,,,0,3,2.0,,0,3,0,3
08:44,08:44:00,3,3,0,1,1,REGULAR,88,M. MOORE,1,foul,18,,[],personal,0,2,Michael Jarade,Moore,Michael Jarade,Moore,M,M,M,M,M. Moore,KARSIYAKA,KSK,M. Moore,2,,,,,,FOUL,,KARSIYAKA M. MOORE foul personal,,,,,,,,,0,3,2.0,,0,3,0,3
08:44,08:44:00,3,3,0,2,1,REGULAR,73,B. DESSERT,1,foulon,19,18,[],,0,13,Brice,Dessert,Brice,Dessert,B,D,B,D,B. Dessert,ANADOLU EFES,EFS,B. Dessert,13,,,,,,OTHER,,ANADOLU EFES foulon,,,,,,,,,0,3,2.0,,0,3,0,3
08:42,08:42:00,3,3,0,1,1,REGULAR,87,J. ALSTON,1,foul,22,,"['shooting', '2freethrow']",personal,0,32,Justin Alexander,Alston,Justin Alexander,Alston,J,A,J,A,J. Alston,KARSIYAKA,KSK,J. Alston,32,,,,,,FOUL,,KARSIYAKA J. ALSTON foul personal,,,,,,,,,0,3,2.0,,0,3,0,3
08:42,08:42:00,3,3,0,2,1,REGULAR,86,R. SMITS,1,foulon,23,22,[],,0,11,Rolands,Smits,Rolands,Smits,R,S,R,S,R. Smits,ANADOLU EFES,EFS,R. Smits,11,,,,,,OTHER,,ANADOLU EFES foulon,,,,,,,,,0,3,2.0,,0,3,0,3
08:42,08:42:00,3,4,-1,2,1,REGULAR,86,R. SMITS,1,freethrow,24,,['2ndchance'],1of2,1,11,Rolands,Smits,Rolands,Smits,R,S,R,S,R. Smits,ANADOLU EFES,EFS,R. Smits,11,,,,,,FT,made,ANADOLU EFES R. SMITS FT 1of2 made,,,,,,,,,1,3,2.0,made_ft,0,3,1,4
08:42,08:42:00,3,4,-1,2,1,REGULAR,90,S. LARKIN,1,assist,25,24,[],,0,0,Shane,Larkin,Shane,Larkin,S,L,S,L,S. Larkin,ANADOLU EFES,EFS,S. Larkin,0,,,,,,ASS,,ANADOLU EFES S. LARKIN assist,,,,,,,,,0,4,1.0,,0,3,0,4
08:42,08:42:00,3,5,-2,2,1,REGULAR,86,R. SMITS,1,freethrow,26,,['2ndchance'],2of2,1,11,Rolands,Smits,Rolands,Smits,R,S,R,S,R. Smits,ANADOLU EFES,EFS,R. Smits,11,,,,,,FT,made,ANADOLU EFES R. SMITS FT 2of2 made,,,,,,,,,1,4,1.0,made_ft_last,0,3,1,5
08:27,08:27:00,5,5,0,1,1,REGULAR,88,M. MOORE,1,2pt,30,,['pointsinthepaint'],floatingjumpshot,1,2,Michael Jarade,Moore,Michael Jarade,Moore,M,M,M,M,M. Moore,KARSIYAKA,KSK,M. Moore,2,,,87.550003051758,55.200000762939,1.0,P2,made,KARSIYAKA M. MOORE 2Pt made,89.0,1.0,C. MANNING JR,,,,,,2,5,2.0,score,2,5,0,5
08:27,08:27:00,5,5,0,1,1,REGULAR,89,C. MANNING JR,1,assist,31,30,[],,0,21,Charles Maurice,Manning Jr,Charles Maurice,Manning Jr,C,M,C,M,C. Manning Jr,KARSIYAKA,KSK,C. Manning Jr,21,,,,,,ASS,,KARSIYAKA C. MANNING JR assist,,,,,,,,,0,6,1.0,,0,5,0,5
08:15,08:15:00,5,5,0,2,1,REGULAR,90,S. LARKIN,1,turnover,32,,[],badpass,0,0,Shane,Larkin,Shane,Larkin,S,L,S,L,S. Larkin,ANADOLU EFES,EFS,S. Larkin,0,,,,,,TO,,ANADOLU EFES S. LARKIN turnover badpass,,,,,,,,,0,6,1.0,turnover,0,5,0,5
08:15,08:15:00,5,5,0,1,1,REGULAR,87,J. ALSTON,1,steal,33,32,[],,0,32,Justin Alexander,Alston,Justin Alexander,Alston,J,A,J,A,J. Alston,KARSIYAKA,KSK,J. Alston,32,,,,,,ST,,KARSIYAKA J. ALSTON steal,,,,,,,,,0,7,2.0,,0,5,0,5
08:11,08:11:00,5,5,0,1,1,REGULAR,87,J. ALSTON,1,turnover,34,,[],badpass,0,32,Justin Alexander,Alston,Justin Alexander,Alston,J,A,J,A,J. Alston,KARSIYAKA,KSK,J. Alston,32,,,,,,TO,,KARSIYAKA J. ALSTON turnover badpass,,,,,,,,,0,7,2.0,turnover,0,5,0,5
08:11,08:11:00,5,5,0,2,1,REGULAR,87,N. WEILER-BABB,1,steal,35,34,[],,0,8,Nick,Weiler-Babb,Nick,Weiler-Babb,N,W,N,W,N. Weiler-Babb,ANADOLU EFES,EFS,N. Weiler-Babb,8,,,,,,ST,,ANADOLU EFES N. WEILER-BABB steal,,,,,,,,,0,8,1.0,,0,5,0,5
08:02,08:02:00,5,5,0,2,1,REGULAR,86,R. SMITS,0,3pt,36,,['fromturnover'],jumpshot,1,11,Rolands,Smits,Rolands,Smits,R,S,R,S,R. Smits,ANADOLU EFES,EFS,R. Smits,11,,,13.920000076294,93.330001831055,0.0,P3,missed,ANADOLU EFES R. SMITS 3Pt missed,,,,,,,,,0,8,1.0,def_reb,0,5,0,5
08:00,08:00:00,5,5,0,1,1,REGULAR,87,J. ALSTON,1,rebound,37,36,[],defensive,0,32,Justin Alexander,Alston,Justin Alexander,Alston,J,A,J,A,J. Alston,KARSIYAKA,KSK,J. Alston,32,,,,,,REB,,KARSIYAKA rebound defensive,,,,,,,,,0,9,2.0,def_reb,0,5,0,5
07:50,07:50:00,5,5,0,1,1,REGULAR,87,J. ALSTON,0,2pt,38,,"['pointsinthepaint', 'blocked']",drivinglayup,1,32,Justin Alexander,Alston,Justin Alexander,Alston,J,A,J,A,J. Alston,KARSIYAKA,KSK,J. Alston,32,,,93.01000213623,50.680000305176,0.0,P2,missed,KARSIYAKA J. ALSTON 2Pt missed,,,,73.0,2.0,B. DESSERT,,,0,10,1.0,,0,5,0,5
07:50,07:50:00,5,5,0,2,1,REGULAR,73,B. DESSERT,1,block,39,38,[],,0,13,Brice,Dessert,Brice,Dessert,B,D,B,D,B. Dessert,ANADOLU EFES,EFS,B. Dessert,13,,,,,,BS,,ANADOLU EFES B. DESSERT block,,,,,,,,,0,10,1.0,,0,5,0,5
07:45,07:45:00,5,5,0,1,1,REGULAR,87,J. ALSTON,1,rebound,40,38,[],offensive,0,32,Justin Alexander,Alston,Justin Alexander,Alston,J,A,J,A,J. Alston,KARSIYAKA,KSK,J. Alston,32,,,,,,REB,,KARSIYAKA rebound offensive,,,,,,,,,0,10,1.0,,0,5,0,5
07:45,07:45:00,7,5,2,1,1,REGULAR,87,J. ALSTON,1,2pt,41,,"['2ndchance', 'pointsinthepaint']",tipinlayup,1,32,Justin Alexander,Alston,Justin Alexander,Alston,J,A,J,A,J. Alston,KARSIYAKA,KSK,J. Alston,32,,,94.0,50.0,1.0,P2,made,KARSIYAKA J. ALSTON 2Pt made,,,,,,,,,2,10,1.0,score,2,7,0,5
07:29,07:29:00,7,5,2,2,1,REGULAR,87,N. WEILER-BABB,0,3pt,42,,[],jumpshot,1,8,Nick,Weiler-Babb,Nick,Weiler-Babb,N,W,N,W,N. Weiler-Babb,ANADOLU EFES,EFS,N. Weiler-Babb,8,,,26.860000610352,89.379997253418,0.0,P3,missed,ANADOLU EFES N. WEILER-BABB 3Pt missed,,,,,,,,,0,11,2.0,def_reb,0,7,0,5
07:27,07:27:00,7,5,2,1,1,REGULAR,86,C. CHIOZZA,1,rebound,43,42,[],defensive,0,11,Christopher Xavier,Chiozza,Christopher Xavier,Chiozza,C,C,C,C,C. Chiozza,KARSIYAKA,KSK,C. Chiozza,11,,,,,,REB,,KARSIYAKA rebound defensive,,,,,,,,,0,12,1.0,def_reb,0,7,0,5
07:24,07:24:00,9,5,4,1,1,REGULAR,87,J. ALSTON,1,2pt,45,,"['pointsinthepaint', 'fastbreak']",drivinglayup,1,32,Justin Alexander,Alston,Justin Alexander,Alston,J,A,J,A,J. Alston,KARSIYAKA,KSK,J. Alston,32,,,88.800003051758,61.130001068115,1.0,P2,made,KARSIYAKA J. ALSTON 2Pt made,86.0,1.0,C. CHIOZZA,,,,,,2,13,2.0,score,2,9,0,5
07:24,07:24:00,9,5,4,1,1,REGULAR,86,C. CHIOZZA,1,assist,46,45,[],,0,11,Christopher Xavier,Chiozza,Christopher Xavier,Chiozza,C,C,C,C,C. Chiozza,KARSIYAKA,KSK,C. Chiozza,11,,,,,,ASS,,KARSIYAKA C. CHIOZZA assist,,,,,,,,,0,14,1.0,,0,9,0,5
07:24,07:24:00,9,5,4,2,1,REGULAR,87,N. WEILER-BABB,1,foul,47,,"['shooting', '1freethrow']",personal,0,8,Nick,Weiler-Babb,Nick,Weiler-Babb,N,W,N,W,N. Weiler-Babb,ANADOLU EFES,EFS,N. Weiler-Babb,8,,,,,,FOUL,,ANADOLU EFES N. WEILER-BABB foul personal,,,,,,,,,0,14,1.0,,0,9,0,5
07:24,07:24:00,9,5,4,1,1,REGULAR,87,J. ALSTON,1,foulon,48,47,[],,0,32,Justin Alexander,Alston,Justin Alexander,Alston,J,A,J,A,J. Alston,KARSIYAKA,KSK,J. Alston,32,,,,,,OTHER,,KARSIYAKA foulon,,,,,,,,,0,14,1.0,,0,9,0,5
07:24,07:24:00,10,5,5,1,1,REGULAR,87,J. ALSTON,1,freethrow,49,,['fastbreak'],1of1,1,32,Justin Alexander,Alston,Justin Alexander,Alston,J,A,J,A,J. Alston,KARSIYAKA,KSK,J. Alston,32,,,,,,FT,made,KARSIYAKA J. ALSTON FT 1of1 made,,,,,,,,,1,14,1.0,made_ft_last,1,10,0,5
07:01,07:01:00,10,5,5,2,1,REGULAR,87,N. WEILER-BABB,0,3pt,51,,['blocked'],jumpshot,1,8,Nick,Weiler-Babb,Nick,Weiler-Babb,N,W,N,W,N. Weiler-Babb,ANADOLU EFES,EFS,N. Weiler-Babb,8,,,31.860000610352,45.590000152588,0.0,P3,missed,ANADOLU EFES N. WEILER-BABB 3Pt missed,,,,89.0,1.0,C. MANNING JR,,,0,15,2.0,,0,10,0,5
07:01,07:01:00,10,5,5,1,1,REGULAR,89,C. MANNING JR,1,block,52,51,[],,0,21,Charles Maurice,Manning Jr,Charles Maurice,Manning Jr,C,M,C,M,C. Manning Jr,KARSIYAKA,KSK,C. Manning Jr,21,,,,,,BS,,KARSIYAKA C. MANNING JR block,,,,,,,,,0,15,2.0,,0,10,0,5
06:56,06:56:00,10,5,5,2,1,REGULAR,80,E. YILMAZ,1,rebound,53,51,[],offensive,0,33,Erkan,Yilmaz,Erkan,Yilmaz,E,Y,E,Y,E. Yilmaz,ANADOLU EFES,EFS,E. Yilmaz,33,,,,,,REB,,ANADOLU EFES rebound offensive,,,,,,,,,0,15,2.0,,0,10,0,5
06:56,06:56:00,10,7,3,2,1,REGULAR,80,E. YILMAZ,1,2pt,54,,"['2ndchance', 'pointsinthepaint']",tipinlayup,1,33,Erkan,Yilmaz,Erkan,Yilmaz,E,Y,E,Y,E. Yilmaz,ANADOLU EFES,EFS,E. Yilmaz,33,,,6.0,50.0,1.0,P2,made,ANADOLU EFES E. YILMAZ 2Pt made,,,,,,,,,2,15,2.0,score,0,10,2,7
06:35,06:35:00,10,7,3,1,1,REGULAR,86,C. CHIOZZA,0,2pt,55,,[],turnaroundjumpshot,1,11,Christopher Xavier,Chiozza,Christopher Xavier,Chiozza,C,C,C,C,C. Chiozza,KARSIYAKA,KSK,C. Chiozza,11,,,90.050003051758,80.339996337891,0.0,P2,missed,KARSIYAKA C. CHIOZZA 2Pt missed,,,,,,,,,0,16,1.0,def_reb,0,10,0,7
06:32,06:32:00,10,7,3,2,1,REGULAR,86,R. SMITS,1,rebound,56,55,[],defensive,0,11,Rolands,Smits,Rolands,Smits,R,S,R,S,R. Smits,ANADOLU EFES,EFS,R. Smits,11,,,,,,REB,,ANADOLU EFES rebound defensive,,,,,,,,,0,17,2.0,def_reb,0,10,0,7
06:23,06:23:00,10,9,1,2,1,REGULAR,73,B. DESSERT,1,2pt,57,,['pointsinthepaint'],layup,1,13,Brice,Dessert,Brice,Dessert,B,D,B,D,B. Dessert,ANADOLU EFES,EFS,B. Dessert,13,,,7.210000038147,56.049999237061,1.0,P2,made,ANADOLU EFES B. DESSERT 2Pt made,90.0,2.0,S. LARKIN,,,,,,2,18,1.0,score,0,10,2,9
06:23,06:23:00,10,9,1,2,1,REGULAR,90,S. LARKIN,1,assist,58,57,[],,0,0,Shane,Larkin,Shane,Larkin,S,L,S,L,S. Larkin,ANADOLU EFES,EFS,S. Larkin,0,,,,,,ASS,,ANADOLU EFES S. LARKIN assist,,,,,,,,,0,19,2.0,,0,10,0,9
06:10,06:10:00,10,9,1,1,1,REGULAR,89,C. MANNING JR,0,2pt,59,,['pointsinthepaint'],layup,1,21,Charles Maurice,Manning Jr,Charles Maurice,Manning Jr,C,M,C,M,C. Manning Jr,KARSIYAKA,KSK,C. Manning Jr,21,,,93.480003356934,60.279998779297,0.0,P2,missed,KARSIYAKA C. MANNING JR 2Pt missed,,,,,,,,,0,19,2.0,def_reb,0,10,0,9
06:08,06:08:00,10,9,1,2,1,REGULAR,86,R. SMITS,1,rebound,60,59,[],defensive,0,11,Rolands,Smits,Rolands,Smits,R,S,R,S,R. Smits,ANADOLU EFES,EFS,R. Smits,11,,,,,,REB,,ANADOLU EFES rebound defensive,,,,,,,,,0,20,1.0,def_reb,0,10,0,9
05:49,05:49:00,10,12,-2,2,1,REGULAR,90,S. LARKIN,1,3pt,63,,[],jumpshot,1,0,Shane,Larkin,Shane,Larkin,S,L,S,L,S. Larkin,ANADOLU EFES,EFS,S. Larkin,0,,,22.959999084473,86.839996337891,1.0,P3,made,ANADOLU EFES S. LARKIN 3Pt made,,,,,,,,,3,21,2.0,score,0,10,3,12
05:34,05:34:00,12,12,0,1,1,REGULAR,87,J. ALSTON,1,2pt,67,,['pointsinthepaint'],layup,1,32,Justin Alexander,Alston,Justin Alexander,Alston,J,A,J,A,J. Alston,KARSIYAKA,KSK,J. Alston,32,,,91.449996948242,58.869998931885,1.0,P2,made,KARSIYAKA J. ALSTON 2Pt made,86.0,1.0,C. CHIOZZA,,,,,,2,22,1.0,score,2,12,0,12
05:34,05:34:00,12,12,0,1,1,REGULAR,86,C. CHIOZZA,1,assist,68,67,[],,0,11,Christopher Xavier,Chiozza,Christopher Xavier,Chiozza,C,C,C,C,C. Chiozza,KARSIYAKA,KSK,C. Chiozza,11,,,,,,ASS,,KARSIYAKA C. CHIOZZA assist,,,,,,,,,0,23,2.0,,0,12,0,12
05:14,05:14:00,12,14,-2,2,1,REGULAR,90,S. LARKIN,1,2pt,72,,[],jumpshot,1,0,Shane,Larkin,Shane,Larkin,S,L,S,L,S. Larkin,ANADOLU EFES,EFS,S. Larkin,0,,,12.510000228882,83.730003356934,1.0,P2,made,ANADOLU EFES S. LARKIN 2Pt made,73.0,2.0,B. DESSERT,,,,,,2,23,2.0,score,0,12,2,14
05:14,05:14:00,12,14,-2,2,1,REGULAR,73,B. DESSERT,1,assist,73,72,[],,0,13,Brice,Dessert,Brice,Dessert,B,D,B,D,B. Dessert,ANADOLU EFES,EFS,B. Dessert,13,,,,,,ASS,,ANADOLU EFES B. DESSERT assist,,,,,,,,,0,24,1.0,,0,12,0,14
04:56,04:56:00,12,14,-2,2,1,REGULAR,90,S. LARKIN,1,foul,75,,[],personal,0,0,Shane,Larkin,Shane,Larkin,S,L,S,L,S. Larkin,ANADOLU EFES,EFS,S. Larkin,0,,,,,,FOUL,,ANADOLU EFES S. LARKIN foul personal,,,,,,,,,0,24,1.0,,0,12,0,14
04:56,04:56:00,12,14,-2,1,1,REGULAR,78,S. GEYIK,1,foulon,76,75,[],,0,4,Samet,Geyik,Samet,Geyik,S,G,S,G,S. Geyik,KARSIYAKA,KSK,S. Geyik,4,,,,,,OTHER,,KARSIYAKA foulon,,,,,,,,,0,24,1.0,,0,12,0,14
04:56,04:56:00,12,14,-2,0,1,REGULAR,0,,1,timeout,77,,[],officials,0,,,,,,,,,,,,,,,,,,,,TIMEOUT,, timeout,,,,,,,,,0,24,1.0,,0,12,0,14
04:56,04:56:00,12,14,-2,2,1,REGULAR,80,E. YILMAZ,1,substitution,78,,[],out,0,33,Erkan,Yilmaz,Erkan,Yilmaz,E,Y,E,Y,E. Yilmaz,ANADOLU EFES,EFS,E. Yilmaz,33,,,,,,SUB,out,ANADOLU EFES substitution out,,,,,,,,,0,24,1.0,,0,12,0,14
04:56,04:56:00,12,14,-2,2,1,REGULAR,74,P. DOZIER,1,substitution,79,,[],in,0,15,Pj,Dozier,Pj,Dozier,P,D,P,D,P. Dozier,ANADOLU EFES,EFS,P. Dozier,15,,,,,,SUB,in,ANADOLU EFES substitution in,,,,,,,,,0,24,1.0,,0,12,0,14
04:50,04:50:00,12,14,-2,1,1,REGULAR,78,S. GEYIK,0,3pt,83,,[],jumpshot,1,4,Samet,Geyik,Samet,Geyik,S,G,S,G,S. Geyik,KARSIYAKA,KSK,S. Geyik,4,,,67.580001831055,40.509998321533,0.0,P3,missed,KARSIYAKA S. GEYIK 3Pt missed,,,,,,,,,0,24,1.0,,0,12,0,14
04:47,04:47:00,12,14,-2,1,1,REGULAR,87,J. ALSTON,1,rebound,84,83,[],offensive,0,32,Justin Alexander,Alston,Justin Alexander,Alston,J,A,J,A,J. Alston,KARSIYAKA,KSK,J. Alston,32,,,,,,REB,,KARSIYAKA rebound offensive,,,,,,,,,0,24,1.0,,0,12,0,14
04:45,04:45:00,15,14,1,1,1,REGULAR,86,C. CHIOZZA,1,3pt,85,,['2ndchance'],jumpshot,1,11,Christopher Xavier,Chiozza,Christopher Xavier,Chiozza,C,C,C,C,C. Chiozza,KARSIYAKA,KSK,C. Chiozza,11,,,74.449996948242,91.639999389648,1.0,P3,made,KARSIYAKA C. CHIOZZA 3Pt made,87.0,1.0,J. ALSTON,,,,,,3,24,1.0,score,3,15,0,14
04:45,04:45:00,15,14,1,1,1,REGULAR,87,J. ALSTON,1,assist,86,85,[],,0,32,Justin Alexander,Alston,Justin Alexander,Alston,J,A,J,A,J. Alston,KARSIYAKA,KSK,J. Alston,32,,,,,,ASS,,KARSIYAKA J. ALSTON assist,,,,,,,,,0,25,2.0,,0,15,0,14
04:31,04:31:00,15,14,1,2,1,REGULAR,90,S. LARKIN,1,turnover,89,,[],badpass,0,0,Shane,Larkin,Shane,Larkin,S,L,S,L,S. Larkin,ANADOLU EFES,EFS,S. Larkin,0,,,,,,TO,,ANADOLU EFES S. LARKIN turnover badpass,,,,,,,,,0,25,2.0,turnover,0,15,0,14
04:31,04:31:00,15,14,1,1,1,REGULAR,78,S. GEYIK,1,steal,90,89,[],,0,4,Samet,Geyik,Samet,Geyik,S,G,S,G,S. Geyik,KARSIYAKA,KSK,S. Geyik,4,,,,,,ST,,KARSIYAKA S. GEYIK steal,,,,,,,,,0,26,1.0,,0,15,0,14
04:27,04:27:00,15,14,1,1,1,REGULAR,78,S. GEYIK,0,2pt,91,,"['fromturnover', 'pointsinthepaint', 'blocked']",drivinglayup,1,4,Samet,Geyik,Samet,Geyik,S,G,S,G,S. Geyik,KARSIYAKA,KSK,S. Geyik,4,,,90.669998168945,59.150001525879,0.0,P2,missed,KARSIYAKA S. GEYIK 2Pt missed,,,,73.0,2.0,B. DESSERT,,,0,26,1.0,,0,15,0,14
04:27,04:27:00,15,14,1,2,1,REGULAR,73,B. DESSERT,1,block,92,91,[],,0,13,Brice,Dessert,Brice,Dessert,B,D,B,D,B. Dessert,ANADOLU EFES,EFS,B. Dessert,13,,,,,,BS,,ANADOLU EFES B. DESSERT block,,,,,,,,,0,26,1.0,,0,15,0,14
04:24,04:24:00,15,14,1,2,1,REGULAR,86,R. SMITS,1,rebound,93,91,[],defensive,0,11,Rolands,Smits,Rolands,Smits,R,S,R,S,R. Smits,ANADOLU EFES,EFS,R. Smits,11,,,,,,REB,,ANADOLU EFES rebound defensive,,,,,,,,,0,26,1.0,def_reb,0,15,0,14
04:24,04:24:00,15,14,1,1,1,REGULAR,89,C. MANNING JR,1,foul,95,,[],personal,0,21,Charles Maurice,Manning Jr,Charles Maurice,Manning Jr,C,M,C,M,C. Manning Jr,KARSIYAKA,KSK,C. Manning Jr,21,,,,,,FOUL,,KARSIYAKA C. MANNING JR foul personal,,,,,,,,,0,27,2.0,,0,15,0,14
04:24,04:24:00,15,14,1,2,1,REGULAR,90,S. LARKIN,1,foulon,96,95,[],,0,0,Shane,Larkin,Shane,Larkin,S,L,S,L,S. Larkin,ANADOLU EFES,EFS,S. Larkin,0,,,,,,OTHER,,ANADOLU EFES foulon,,,,,,,,,0,27,2.0,,0,15,0,14
04:24,04:24:00,15,14,1,2,1,REGULAR,86,R. SMITS,1,substitution,97,,[],out,0,11,Rolands,Smits,Rolands,Smits,R,S,R,S,R. Smits,ANADOLU EFES,EFS,R. Smits,11,,,,,,SUB,out,ANADOLU EFES substitution out,,,,,,,,,0,27,2.0,,0,15,0,14
04:24,04:24:00,15,14,1,2,1,REGULAR,73,B. DESSERT,1,substitution,98,,[],out,0,13,Brice,Dessert,Brice,Dessert,B,D,B,D,B. Dessert,ANADOLU EFES,EFS,B. Dessert,13,,,,,,SUB,out,ANADOLU EFES substitution out,,,,,,,,,0,27,2.0,,0,15,0,14
04:24,04:24:00,15,14,1,2,1,REGULAR,75,C. SWIDER,1,substitution,99,,[],in,0,21,Cole,Swider,Cole,Swider,C,S,C,S,C. Swider,ANADOLU EFES,EFS,C. Swider,21,,,,,,SUB,in,ANADOLU EFES substitution in,,,,,,,,,0,27,2.0,,0,15,0,14
04:24,04:24:00,15,14,1,2,1,REGULAR,91,K. JONES,1,substitution,100,,[],in,0,88,Kai,Jones,Kai,Jones,K,J,K,J,K. Jones,ANADOLU EFES,EFS,K. Jones,88,,,,,,SUB,in,ANADOLU EFES substitution in,,,,,,,,,0,27,2.0,,0,15,0,14
04:19,04:19:00,15,14,1,2,1,REGULAR,90,S. LARKIN,0,3pt,107,,[],jumpshot,1,0,Shane,Larkin,Shane,Larkin,S,L,S,L,S. Larkin,ANADOLU EFES,EFS,S. Larkin,0,,,31.700000762939,53.220001220703,0.0,P3,missed,ANADOLU EFES S. LARKIN 3Pt missed,,,,,,,,,0,27,2.0,def_reb,0,15,0,14
04:19,04:19:00,15,14,1,1,1,REGULAR,87,J. ALSTON,1,rebound,108,107,[],defensive,0,32,Justin Alexander,Alston,Justin Alexander,Alston,J,A,J,A,J. Alston,KARSIYAKA,KSK,J. Alston,32,,,,,,REB,,KARSIYAKA rebound defensive,,,,,,,,,0,28,1.0,def_reb,0,15,0,14
04:12,04:12:00,15,14,1,1,1,REGULAR,88,M. MOORE,0,2pt,112,,"['pointsinthepaint', 'blocked']",drivinglayup,1,2,Michael Jarade,Moore,Michael Jarade,Moore,M,M,M,M,M. Moore,KARSIYAKA,KSK,M. Moore,2,,,87.860000610352,61.689998626709,0.0,P2,missed,KARSIYAKA M. MOORE 2Pt missed,,,,91.0,2.0,K. JONES,,,0,29,2.0,,0,15,0,14
04:12,04:12:00,15,14,1,2,1,REGULAR,91,K. JONES,1,block,113,112,[],,0,88,Kai,Jones,Kai,Jones,K,J,K,J,K. Jones,ANADOLU EFES,EFS,K. Jones,88,,,,,,BS,,ANADOLU EFES K. JONES block,,,,,,,,,0,29,2.0,,0,15,0,14
04:09,04:09:00,15,14,1,2,1,REGULAR,75,C. SWIDER,1,rebound,114,112,[],defensive,0,21,Cole,Swider,Cole,Swider,C,S,C,S,C. Swider,ANADOLU EFES,EFS,C. Swider,21,,,,,,REB,,ANADOLU EFES rebound defensive,,,,,,,,,0,29,2.0,def_reb,0,15,0,14
04:05,04:05:00,15,17,-2,2,1,REGULAR,75,C. SWIDER,1,3pt,115,,['fastbreak'],jumpshot,1,21,Cole,Swider,Cole,Swider,C,S,C,S,C. Swider,ANADOLU EFES,EFS,C. Swider,21,,,15.630000114441,6.8899998664856,1.0,P3,made,ANADOLU EFES C. SWIDER 3Pt made,74.0,2.0,P. DOZIER,,,,,,3,30,1.0,score,0,15,3,17
04:05,04:05:00,15,17,-2,2,1,REGULAR,74,P. DOZIER,1,assist,116,115,[],,0,15,Pj,Dozier,Pj,Dozier,P,D,P,D,P. Dozier,ANADOLU EFES,EFS,P. Dozier,15,,,,,,ASS,,ANADOLU EFES P. DOZIER assist,,,,,,,,,0,31,2.0,,0,15,0,17
03:44,03:44:00,18,17,1,1,1,REGULAR,88,M. MOORE,1,3pt,117,,[],jumpshot,1,2,Michael Jarade,Moore,Michael Jarade,Moore,M,M,M,M,M. Moore,KARSIYAKA,KSK,M. Moore,2,,,78.970001220703,12.260000228882,1.0,P3,made,KARSIYAKA M. MOORE 3Pt made,86.0,1.0,C. CHIOZZA,,,,,,3,31,2.0,score,3,18,0,17
03:44,03:44:00,18,17,1,1,1,REGULAR,86,C. CHIOZZA,1,assist,118,117,[],,0,11,Christopher Xavier,Chiozza,Christopher Xavier,Chiozza,C,C,C,C,C. Chiozza,KARSIYAKA,KSK,C. Chiozza,11,,,,,,ASS,,KARSIYAKA C. CHIOZZA assist,,,,,,,,,0,32,1.0,,0,18,0,17
03:32,03:32:00,18,19,-1,2,1,REGULAR,91,K. JONES,1,2pt,119,,['pointsinthepaint'],dunk,1,88,Kai,Jones,Kai,Jones,K,J,K,J,K. Jones,ANADOLU EFES,EFS,K. Jones,88,,,8.6099996566772,54.349998474121,1.0,P2,made,ANADOLU EFES K. JONES 2Pt made,87.0,2.0,N. WEILER-BABB,,,,,,2,32,1.0,score,0,18,2,19
03:32,03:32:00,18,19,-1,2,1,REGULAR,87,N. WEILER-BABB,1,assist,120,119,[],,0,8,Nick,Weiler-Babb,Nick,Weiler-Babb,N,W,N,W,N. Weiler-Babb,ANADOLU EFES,EFS,N. Weiler-Babb,8,,,,,,ASS,,ANADOLU EFES N. WEILER-BABB assist,,,,,,,,,0,33,2.0,,0,18,0,19
03:20,03:20:00,18,19,-1,1,1,REGULAR,86,C. CHIOZZA,0,3pt,121,,[],jumpshot,1,11,Christopher Xavier,Chiozza,Christopher Xavier,Chiozza,C,C,C,C,C. Chiozza,KARSIYAKA,KSK,C. Chiozza,11,,,81.0,90.230003356934,0.0,P3,missed,KARSIYAKA C. CHIOZZA 3Pt missed,,,,,,,,,0,33,2.0,,0,18,0,19
03:18,03:18:00,18,19,-1,1,1,REGULAR,78,S. GEYIK,1,rebound,122,121,[],offensive,0,4,Samet,Geyik,Samet,Geyik,S,G,S,G,S. Geyik,KARSIYAKA,KSK,S. Geyik,4,,,,,,REB,,KARSIYAKA rebound offensive,,,,,,,,,0,33,2.0,,0,18,0,19
03:18,03:18:00,20,19,1,1,1,REGULAR,78,S. GEYIK,1,2pt,123,,"['2ndchance', 'pointsinthepaint']",tipinlayup,1,4,Samet,Geyik,Samet,Geyik,S,G,S,G,S. Geyik,KARSIYAKA,KSK,S. Geyik,4,,,94.0,50.0,1.0,P2,made,KARSIYAKA S. GEYIK 2Pt made,,,,,,,,,2,33,2.0,score,2,20,0,19
03:07,03:07:00,20,19,1,1,1,REGULAR,89,C. MANNING JR,1,foul,125,,[],personal,0,21,Charles Maurice,Manning Jr,Charles Maurice,Manning Jr,C,M,C,M,C. Manning Jr,KARSIYAKA,KSK,C. Manning Jr,21,,,,,,FOUL,,KARSIYAKA C. MANNING JR foul personal,,,,,,,,,0,34,1.0,,0,20,0,19
03:07,03:07:00,20,19,1,2,1,REGULAR,90,S. LARKIN,1,foulon,126,125,[],,0,0,Shane,Larkin,Shane,Larkin,S,L,S,L,S. Larkin,ANADOLU EFES,EFS,S. Larkin,0,,,,,,OTHER,,ANADOLU EFES foulon,,,,,,,,,0,34,1.0,,0,20,0,19
03:07,03:07:00,20,19,1,1,1,REGULAR,89,C. MANNING JR,1,substitution,127,,[],out,0,21,Charles Maurice,Manning Jr,Charles Maurice,Manning Jr,C,M,C,M,C. Manning Jr,KARSIYAKA,KSK,C. Manning Jr,21,,,,,,SUB,out,KARSIYAKA substitution out,,,,,,,,,0,34,1.0,,0,20,0,19
03:07,03:07:00,20,19,1,1,1,REGULAR,87,J. ALSTON,1,substitution,128,,[],out,0,32,Justin Alexander,Alston,Justin Alexander,Alston,J,A,J,A,J. Alston,KARSIYAKA,KSK,J. Alston,32,,,,,,SUB,out,KARSIYAKA substitution out,,,,,,,,,0,34,1.0,,0,20,0,19
03:07,03:07:00,20,19,1,1,1,REGULAR,95,N. GORDIC,1,substitution,129,,[],in,0,8,Nemanja,Gordic,Nemanja,Gordic,N,G,N,G,N. Gordic,KARSIYAKA,KSK,N. Gordic,8,,,,,,SUB,in,KARSIYAKA substitution in,,,,,,,,,0,34,1.0,,0,20,0,19
03:07,03:07:00,20,19,1,1,1,REGULAR,79,M. CELEP,1,substitution,130,,[],in,0,35,Mert,Celep,Mert,Celep,M,C,M,C,M. Celep,KARSIYAKA,KSK,M. Celep,35,,,,,,SUB,in,KARSIYAKA substitution in,,,,,,,,,0,34,1.0,,0,20,0,19
03:07,03:07:00,20,19,1,2,1,REGULAR,90,S. LARKIN,1,substitution,131,,[],out,0,0,Shane,Larkin,Shane,Larkin,S,L,S,L,S. Larkin,ANADOLU EFES,EFS,S. Larkin,0,,,,,,SUB,out,ANADOLU EFES substitution out,,,,,,,,,0,34,1.0,,0,20,0,19
03:07,03:07:00,20,19,1,2,1,REGULAR,87,N. WEILER-BABB,1,substitution,132,,[],out,0,8,Nick,Weiler-Babb,Nick,Weiler-Babb,N,W,N,W,N. Weiler-Babb,ANADOLU EFES,EFS,N. Weiler-Babb,8,,,,,,SUB,out,ANADOLU EFES substitution out,,,,,,,,,0,34,1.0,,0,20,0,19
03:07,03:07:00,20,19,1,2,1,REGULAR,81,S. HAZER,1,substitution,133,,[],in,0,2,Sehmus,Hazer,Sehmus,Hazer,S,H,S,H,S. Hazer,ANADOLU EFES,EFS,S. Hazer,2,,,,,,SUB,in,ANADOLU EFES substitution in,,,,,,,,,0,34,1.0,,0,20,0,19
03:07,03:07:00,20,19,1,2,1,REGULAR,92,J. LOYD,1,substitution,134,,[],in,0,3,Jordan,Loyd,Jordan,Loyd,J,L,J,L,J. Loyd,ANADOLU EFES,EFS,J. Loyd,3,,,,,,SUB,in,ANADOLU EFES substitution in,,,,,,,,,0,34,1.0,,0,20,0,19
03:07,03:07:00,20,19,1,1,1,REGULAR,86,C. CHIOZZA,1,substitution,135,,[],out,0,11,Christopher Xavier,Chiozza,Christopher Xavier,Chiozza,C,C,C,C,C. Chiozza,KARSIYAKA,KSK,C. Chiozza,11,,,,,,SUB,out,KARSIYAKA substitution out,,,,,,,,,0,34,1.0,,0,20,0,19
03:07,03:07:00,20,19,1,1,1,REGULAR,93,C. YOUNG,1,substitution,136,,[],in,0,1,Cameron Jordan,Young,Cameron Jordan,Young,C,Y,C,Y,C. Young,KARSIYAKA,KSK,C. Young,1,,,,,,SUB,in,KARSIYAKA substitution in,,,,,,,,,0,34,1.0,,0,20,0,19
02:59,02:59:00,20,19,1,2,1,REGULAR,75,C. SWIDER,0,3pt,138,,[],jumpshot,1,21,Cole,Swider,Cole,Swider,C,S,C,S,C. Swider,ANADOLU EFES,EFS,C. Swider,21,,,24.989999771118,18.469999313354,0.0,P3,missed,ANADOLU EFES C. SWIDER 3Pt missed,,,,,,,,,0,34,1.0,def_reb,0,20,0,19
02:57,02:57:00,20,19,1,1,1,REGULAR,78,S. GEYIK,1,rebound,139,138,[],defensive,0,4,Samet,Geyik,Samet,Geyik,S,G,S,G,S. Geyik,KARSIYAKA,KSK,S. Geyik,4,,,,,,REB,,KARSIYAKA rebound defensive,,,,,,,,,0,35,2.0,def_reb,0,20,0,19
02:42,02:42:00,22,19,3,1,1,REGULAR,93,C. YOUNG,1,2pt,140,,['pointsinthepaint'],layup,1,1,Cameron Jordan,Young,Cameron Jordan,Young,C,Y,C,Y,C. Young,KARSIYAKA,KSK,C. Young,1,,,93.169998168945,59.439998626709,1.0,P2,made,KARSIYAKA C. YOUNG 2Pt made,95.0,1.0,N. GORDIC,,,,,,2,36,1.0,score,2,22,0,19
02:42,02:42:00,22,19,3,1,1,REGULAR,95,N. GORDIC,1,assist,141,140,[],,0,8,Nemanja,Gordic,Nemanja,Gordic,N,G,N,G,N. Gordic,KARSIYAKA,KSK,N. Gordic,8,,,,,,ASS,,KARSIYAKA N. GORDIC assist,,,,,,,,,0,37,2.0,,0,22,0,19
02:19,02:19:00,22,19,3,2,1,REGULAR,81,S. HAZER,0,2pt,142,,"['pointsinthepaint', 'blocked']",drivinglayup,1,2,Sehmus,Hazer,Sehmus,Hazer,S,H,S,H,S. Hazer,ANADOLU EFES,EFS,S. Hazer,2,,,7.5199999809265,54.349998474121,0.0,P2,missed,ANADOLU EFES S. HAZER 2Pt missed,,,,78.0,1.0,S. GEYIK,,,0,37,2.0,,0,22,0,19
02:19,02:19:00,22,19,3,1,1,REGULAR,78,S. GEYIK,1,block,143,142,[],,0,4,Samet,Geyik,Samet,Geyik,S,G,S,G,S. Geyik,KARSIYAKA,KSK,S. Geyik,4,,,,,,BS,,KARSIYAKA S. GEYIK block,,,,,,,,,0,37,2.0,,0,22,0,19
02:15,02:15:00,22,19,3,1,1,REGULAR,78,S. GEYIK,1,rebound,144,142,[],defensive,0,4,Samet,Geyik,Samet,Geyik,S,G,S,G,S. Geyik,KARSIYAKA,KSK,S. Geyik,4,,,,,,REB,,KARSIYAKA rebound defensive,,,,,,,,,0,37,2.0,def_reb,0,22,0,19
02:13,02:13:00,24,19,5,1,1,REGULAR,95,N. GORDIC,1,2pt,145,,"['pointsinthepaint', 'fastbreak']",drivinglayup,1,8,Nemanja,Gordic,Nemanja,Gordic,N,G,N,G,N. Gordic,KARSIYAKA,KSK,N. Gordic,8,,,90.830001831055,52.369998931885,1.0,P2,made,KARSIYAKA N. GORDIC 2Pt made,,,,,,,,,2,38,1.0,score,2,24,0,19
02:12,02:12:00,24,19,5,2,1,REGULAR,0,,1,timeout,147,,[],full,0,,,,,,,,,,,ANADOLU EFES,EFS,,,,,,,,TIMEOUT,,ANADOLU EFES timeout,,,,,,,,,0,39,2.0,,0,24,0,19
02:00,02:00:00,24,21,3,2,1,REGULAR,81,S. HAZER,1,2pt,150,,['pointsinthepaint'],layup,1,2,Sehmus,Hazer,Sehmus,Hazer,S,H,S,H,S. Hazer,ANADOLU EFES,EFS,S. Hazer,2,,,9.6999998092651,60.279998779297,1.0,P2,made,ANADOLU EFES S. HAZER 2Pt made,,,,,,,,,2,39,2.0,score,0,24,2,21
02:00,02:00:00,24,21,3,1,1,REGULAR,79,M. CELEP,1,foul,151,,"['shooting', '1freethrow']",personal,0,35,Mert,Celep,Mert,Celep,M,C,M,C,M. Celep,KARSIYAKA,KSK,M. Celep,35,,,,,,FOUL,,KARSIYAKA M. CELEP foul personal,,,,,,,,,0,40,1.0,,0,24,0,21
02:00,02:00:00,24,21,3,2,1,REGULAR,81,S. HAZER,1,foulon,152,151,[],,0,2,Sehmus,Hazer,Sehmus,Hazer,S,H,S,H,S. Hazer,ANADOLU EFES,EFS,S. Hazer,2,,,,,,OTHER,,ANADOLU EFES foulon,,,,,,,,,0,40,1.0,,0,24,0,21
02:00,02:00:00,24,21,3,2,1,REGULAR,81,S. HAZER,0,freethrow,153,,[],1of1,1,2,Sehmus,Hazer,Sehmus,Hazer,S,H,S,H,S. Hazer,ANADOLU EFES,EFS,S. Hazer,2,,,,,,FT,missed,ANADOLU EFES S. HAZER FT 1of1 missed,,,,,,,,,0,40,1.0,def_reb,0,24,0,21
02:00,02:00:00,24,21,3,1,1,REGULAR,88,M. MOORE,1,rebound,155,153,[],defensive,0,2,Michael Jarade,Moore,Michael Jarade,Moore,M,M,M,M,M. Moore,KARSIYAKA,KSK,M. Moore,2,,,,,,REB,,KARSIYAKA rebound defensive,,,,,,,,,0,41,2.0,def_reb,0,24,0,21
01:43,01:43:00,24,21,3,1,1,REGULAR,93,C. YOUNG,0,2pt,156,,[],jumpshot,1,1,Cameron Jordan,Young,Cameron Jordan,Young,C,Y,C,Y,C. Young,KARSIYAKA,KSK,C. Young,1,,,73.51000213623,41.360000610352,0.0,P2,missed,KARSIYAKA C. YOUNG 2Pt missed,,,,,,,,,0,42,1.0,,0,24,0,21
01:39,01:39:00,24,21,3,1,1,REGULAR,88,M. MOORE,1,rebound,157,156,[],offensive,0,2,Michael Jarade,Moore,Michael Jarade,Moore,M,M,M,M,M. Moore,KARSIYAKA,KSK,M. Moore,2,,,,,,REB,,KARSIYAKA rebound offensive,,,,,,,,,0,42,1.0,,0,24,0,21
01:39,01:39:00,26,21,5,1,1,REGULAR,88,M. MOORE,1,2pt,158,,"['2ndchance', 'pointsinthepaint']",tipinlayup,1,2,Michael Jarade,Moore,Michael Jarade,Moore,M,M,M,M,M. Moore,KARSIYAKA,KSK,M. Moore,2,,,94.0,50.0,1.0,P2,made,KARSIYAKA M. MOORE 2Pt made,,,,,,,,,2,42,1.0,score,2,26,0,21
01:28,01:28:00,26,24,2,2,1,REGULAR,92,J. LOYD,1,3pt,159,,[],jumpshot,1,3,Jordan,Loyd,Jordan,Loyd,J,L,J,L,J. Loyd,ANADOLU EFES,EFS,J. Loyd,3,,,24.989999771118,85.419998168945,1.0,P3,made,ANADOLU EFES J. LOYD 3Pt made,81.0,2.0,S. HAZER,,,,,,3,43,2.0,score,0,26,3,24
01:28,01:28:00,26,24,2,2,1,REGULAR,81,S. HAZER,1,assist,160,159,[],,0,2,Sehmus,Hazer,Sehmus,Hazer,S,H,S,H,S. Hazer,ANADOLU EFES,EFS,S. Hazer,2,,,,,,ASS,,ANADOLU EFES S. HAZER assist,,,,,,,,,0,44,1.0,,0,26,0,24
01:09,01:09:00,29,24,5,1,1,REGULAR,93,C. YOUNG,1,3pt,161,,[],jumpshot,1,1,Cameron Jordan,Young,Cameron Jordan,Young,C,Y,C,Y,C. Young,KARSIYAKA,KSK,C. Young,1,,,64.309997558594,58.869998931885,1.0,P3,made,KARSIYAKA C. YOUNG 3Pt made,,,,,,,,,3,44,1.0,score,3,29,0,24
00:57,00:57:40,29,24,5,2,1,REGULAR,74,P. DOZIER,0,2pt,162,,['pointsinthepaint'],layup,1,15,Pj,Dozier,Pj,Dozier,P,D,P,D,P. Dozier,ANADOLU EFES,EFS,P. Dozier,15,,,5.8000001907349,54.069999694824,0.0,P2,missed,ANADOLU EFES P. DOZIER 2Pt missed,,,,,,,,,0,45,2.0,def_reb,0,29,0,24
00:55,00:55:00,29,24,5,1,1,REGULAR,78,S. GEYIK,1,rebound,163,162,[],defensive,0,4,Samet,Geyik,Samet,Geyik,S,G,S,G,S. Geyik,KARSIYAKA,KSK,S. Geyik,4,,,,,,REB,,KARSIYAKA rebound defensive,,,,,,,,,0,46,1.0,def_reb,0,29,0,24
00:42,00:42:90,29,24,5,2,1,REGULAR,74,P. DOZIER,1,foul,165,,[],personal,0,15,Pj,Dozier,Pj,Dozier,P,D,P,D,P. Dozier,ANADOLU EFES,EFS,P. Dozier,15,,,,,,FOUL,,ANADOLU EFES P. DOZIER foul personal,,,,,,,,,0,47,2.0,,0,29,0,24
00:42,00:42:90,29,24,5,1,1,REGULAR,95,N. GORDIC,1,foulon,166,165,[],,0,8,Nemanja,Gordic,Nemanja,Gordic,N,G,N,G,N. Gordic,KARSIYAKA,KSK,N. Gordic,8,,,,,,OTHER,,KARSIYAKA foulon,,,,,,,,,0,47,2.0,,0,29,0,24
00:42,00:42:90,29,24,5,1,1,REGULAR,87,J. ALSTON,1,substitution,168,,[],in,0,32,Justin Alexander,Alston,Justin Alexander,Alston,J,A,J,A,J. Alston,KARSIYAKA,KSK,J. Alston,32,,,,,,SUB,in,KARSIYAKA substitution in,,,,,,,,,0,47,2.0,,0,29,0,24
00:42,00:42:90,29,24,5,1,1,REGULAR,78,S. GEYIK,1,substitution,169,,[],out,0,4,Samet,Geyik,Samet,Geyik,S,G,S,G,S. Geyik,KARSIYAKA,KSK,S. Geyik,4,,,,,,SUB,out,KARSIYAKA substitution out,,,,,,,,,0,47,2.0,,0,29,0,24
00:28,00:28:90,29,24,5,2,1,REGULAR,74,P. DOZIER,1,foul,174,,"['shooting', '2freethrow']",personal,0,15,Pj,Dozier,Pj,Dozier,P,D,P,D,P. Dozier,ANADOLU EFES,EFS,P. Dozier,15,,,,,,FOUL,,ANADOLU EFES P. DOZIER foul personal,,,,,,,,,0,47,2.0,,0,29,0,24
00:28,00:28:90,29,24,5,1,1,REGULAR,93,C. YOUNG,1,foulon,175,174,[],,0,1,Cameron Jordan,Young,Cameron Jordan,Young,C,Y,C,Y,C. Young,KARSIYAKA,KSK,C. Young,1,,,,,,OTHER,,KARSIYAKA foulon,,,,,,,,,0,47,2.0,,0,29,0,24
00:28,00:28:90,29,24,5,2,1,REGULAR,81,S. HAZER,1,substitution,176,,[],out,0,2,Sehmus,Hazer,Sehmus,Hazer,S,H,S,H,S. Hazer,ANADOLU EFES,EFS,S. Hazer,2,,,,,,SUB,out,ANADOLU EFES substitution out,,,,,,,,,0,47,2.0,,0,29,0,24
00:28,00:28:90,29,24,5,2,1,REGULAR,90,S. LARKIN,1,substitution,177,,[],in,0,0,Shane,Larkin,Shane,Larkin,S,L,S,L,S. Larkin,ANADOLU EFES,EFS,S. Larkin,0,,,,,,SUB,in,ANADOLU EFES substitution in,,,,,,,,,0,47,2.0,,0,29,0,24
00:28,00:28:90,30,24,6,1,1,REGULAR,93,C. YOUNG,1,freethrow,178,,[],1of2,1,1,Cameron Jordan,Young,Cameron Jordan,Young,C,Y,C,Y,C. Young,KARSIYAKA,KSK,C. Young,1,,,,,,FT,made,KARSIYAKA C. YOUNG FT 1of2 made,,,,,,,,,1,47,2.0,made_ft,1,30,0,24
00:28,00:28:90,31,24,7,1,1,REGULAR,93,C. YOUNG,1,freethrow,179,,[],2of2,1,1,Cameron Jordan,Young,Cameron Jordan,Young,C,Y,C,Y,C. Young,KARSIYAKA,KSK,C. Young,1,,,,,,FT,made,KARSIYAKA C. YOUNG FT 2of2 made,,,,,,,,,1,48,1.0,made_ft_last,1,31,0,24
00:28,00:28:90,31,24,7,1,1,REGULAR,88,M. MOORE,1,substitution,180,,[],out,0,2,Michael Jarade,Moore,Michael Jarade,Moore,M,M,M,M,M. Moore,KARSIYAKA,KSK,M. Moore,2,,,,,,SUB,out,KARSIYAKA substitution out,,,,,,,,,0,49,2.0,,0,31,0,24
00:28,00:28:90,31,24,7,1,1,REGULAR,82,E. ÖZÇELIK,1,substitution,181,,[],in,0,24,Ege,Özçelik,Ege,Özçelik,E,Ö,E,Ö,E. Özçelik,KARSIYAKA,KSK,E. Özçelik,24,,,,,,SUB,in,KARSIYAKA substitution in,,,,,,,,,0,49,2.0,,0,31,0,24
00:16,00:16:30,31,24,7,1,1,REGULAR,82,E. ÖZÇELIK,1,foul,184,,['2freethrow'],personal,0,24,Ege,Özçelik,Ege,Özçelik,E,Ö,E,Ö,E. Özçelik,KARSIYAKA,KSK,E. Özçelik,24,,,,,,FOUL,,KARSIYAKA E. ÖZÇELIK foul personal,,,,,,,,,0,49,2.0,,0,31,0,24
00:16,00:16:30,31,24,7,2,1,REGULAR,74,P. DOZIER,1,foulon,185,184,[],,0,15,Pj,Dozier,Pj,Dozier,P,D,P,D,P. Dozier,ANADOLU EFES,EFS,P. Dozier,15,,,,,,OTHER,,ANADOLU EFES foulon,,,,,,,,,0,49,2.0,,0,31,0,24
00:16,00:16:30,31,24,7,2,1,REGULAR,90,S. LARKIN,1,substitution,186,,[],out,0,0,Shane,Larkin,Shane,Larkin,S,L,S,L,S. Larkin,ANADOLU EFES,EFS,S. Larkin,0,,,,,,SUB,out,ANADOLU EFES substitution out,,,,,,,,,0,49,2.0,,0,31,0,24
00:16,00:16:30,31,24,7,2,1,REGULAR,81,S. HAZER,1,substitution,187,,[],in,0,2,Sehmus,Hazer,Sehmus,Hazer,S,H,S,H,S. Hazer,ANADOLU EFES,EFS,S. Hazer,2,,,,,,SUB,in,ANADOLU EFES substitution in,,,,,,,,,0,49,2.0,,0,31,0,24
00:16,00:16:30,31,25,6,2,1,REGULAR,74,P. DOZIER,1,freethrow,188,,[],1of2,1,15,Pj,Dozier,Pj,Dozier,P,D,P,D,P. Dozier,ANADOLU EFES,EFS,P. Dozier,15,,,,,,FT,made,ANADOLU EFES P. DOZIER FT 1of2 made,,,,,,,,,1,49,2.0,made_ft,0,31,1,25
00:16,00:16:30,31,25,6,2,1,REGULAR,74,P. DOZIER,0,freethrow,189,,[],2of2,1,15,Pj,Dozier,Pj,Dozier,P,D,P,D,P. Dozier,ANADOLU EFES,EFS,P. Dozier,15,,,,,,FT,missed,ANADOLU EFES P. DOZIER FT 2of2 missed,,,,,,,,,0,50,1.0,def_reb,0,31,0,25
00:16,00:16:30,31,25,6,1,1,REGULAR,79,M. CELEP,1,rebound,191,189,[],defensive,0,35,Mert,Celep,Mert,Celep,M,C,M,C,M. Celep,KARSIYAKA,KSK,M. Celep,35,,,,,,REB,,KARSIYAKA rebound defensive,,,,,,,,,0,51,2.0,def_reb,0,31,0,25
00:03,00:03:70,34,25,9,1,1,REGULAR,87,J. ALSTON,1,3pt,192,,[],jumpshot,1,32,Justin Alexander,Alston,Justin Alexander,Alston,J,A,J,A,J. Alston,KARSIYAKA,KSK,J. Alston,32,,,66.959999084473,58.590000152588,1.0,P3,made,KARSIYAKA J. ALSTON 3Pt made,95.0,1.0,N. GORDIC,,,,,,3,52,1.0,score,3,34,0,25
00:03,00:03:70,34,25,9,1,1,REGULAR,95,N. GORDIC,1,assist,193,192,[],,0,8,Nemanja,Gordic,Nemanja,Gordic,N,G,N,G,N. Gordic,KARSIYAKA,KSK,N. Gordic,8,,,,,,ASS,,KARSIYAKA N. GORDIC assist,,,,,,,,,0,53,2.0,,0,34,0,25
00:00,00:00:00,34,25,9,0,1,REGULAR,0,,1,period,195,,['confirmed'],end,0,,,,,,,,,,,,,,,,,,,,OTHER,,period end,,,,,,,,,0,53,2.0,,0,34,0,25
10:00,10:00:00,34,25,9,0,2,REGULAR,0,,1,period,196,,[],start,0,,,,,,,,,,,,,,,,,,,,OTHER,,period start,,,,,,,,,0,53,2.0,,0,34,0,25
09:50,09:50:00,34,25,9,2,2,REGULAR,81,S. HAZER,1,foul,199,,[],personal,0,2,Sehmus,Hazer,Sehmus,Hazer,S,H,S,H,S. Hazer,ANADOLU EFES,EFS,S. Hazer,2,,,,,,FOUL,,ANADOLU EFES S. HAZER foul personal,,,,,,,,,0,53,2.0,,0,34,0,25
09:50,09:50:00,34,25,9,1,2,REGULAR,87,J. ALSTON,1,foulon,200,199,[],,0,32,Justin Alexander,Alston,Justin Alexander,Alston,J,A,J,A,J. Alston,KARSIYAKA,KSK,J. Alston,32,,,,,,OTHER,,KARSIYAKA foulon,,,,,,,,,0,53,2.0,,0,34,0,25
09:36,09:36:00,34,25,9,1,2,REGULAR,87,J. ALSTON,0,2pt,202,,['pointsinthepaint'],floatingjumpshot,1,32,Justin Alexander,Alston,Justin Alexander,Alston,J,A,J,A,J. Alston,KARSIYAKA,KSK,J. Alston,32,,,85.519996643066,65.650001525879,0.0,P2,missed,KARSIYAKA J. ALSTON 2Pt missed,,,,,,,,,0,53,2.0,def_reb,0,34,0,25
09:34,09:34:00,34,25,9,2,2,REGULAR,92,J. LOYD,1,rebound,203,202,[],defensive,0,3,Jordan,Loyd,Jordan,Loyd,J,L,J,L,J. Loyd,ANADOLU EFES,EFS,J. Loyd,3,,,,,,REB,,ANADOLU EFES rebound defensive,,,,,,,,,0,54,1.0,def_reb,0,34,0,25
09:11,09:11:00,34,25,9,2,2,REGULAR,92,J. LOYD,0,3pt,204,,[],jumpshot,1,3,Jordan,Loyd,Jordan,Loyd,J,L,J,L,J. Loyd,ANADOLU EFES,EFS,J. Loyd,3,,,18.280000686646,93.330001831055,0.0,P3,missed,ANADOLU EFES J. LOYD 3Pt missed,,,,,,,,,0,55,2.0,def_reb,0,34,0,25
09:09,09:09:00,34,25,9,2,2,REGULAR,0,,1,rebound,206,204,['team'],offensive,0,,,,,,,,,,,ANADOLU EFES,EFS,,,,,,,,TREB,,ANADOLU EFES team rebound offensive,,,,,,,,,0,56,1.0,def_reb,0,34,0,25
09:09,09:09:00,34,25,9,1,2,REGULAR,79,M. CELEP,1,substitution,207,,[],out,0,35,Mert,Celep,Mert,Celep,M,C,M,C,M. Celep,KARSIYAKA,KSK,M. Celep,35,,,,,,SUB,out,KARSIYAKA substitution out,,,,,,,,,0,57,2.0,,0,34,0,25
09:09,09:09:00,34,25,9,1,2,REGULAR,78,S. GEYIK,1,substitution,208,,[],in,0,4,Samet,Geyik,Samet,Geyik,S,G,S,G,S. Geyik,KARSIYAKA,KSK,S. Geyik,4,,,,,,SUB,in,KARSIYAKA substitution in,,,,,,,,,0,57,2.0,,0,34,0,25
09:06,09:06:00,34,27,7,2,2,REGULAR,91,K. JONES,1,2pt,210,,"['2ndchance', 'pointsinthepaint']",dunk,1,88,Kai,Jones,Kai,Jones,K,J,K,J,K. Jones,ANADOLU EFES,EFS,K. Jones,88,,,7.9899997711182,56.330001831055,1.0,P2,made,ANADOLU EFES K. JONES 2Pt made,81.0,2.0,S. HAZER,,,,,,2,57,2.0,score,0,34,2,27
09:06,09:06:00,34,27,7,2,2,REGULAR,81,S. HAZER,1,assist,211,210,[],,0,2,Sehmus,Hazer,Sehmus,Hazer,S,H,S,H,S. Hazer,ANADOLU EFES,EFS,S. Hazer,2,,,,,,ASS,,ANADOLU EFES S. HAZER assist,,,,,,,,,0,58,1.0,,0,34,0,27
08:57,08:57:00,34,27,7,1,2,REGULAR,95,N. GORDIC,1,turnover,212,,[],ballhandling,0,8,Nemanja,Gordic,Nemanja,Gordic,N,G,N,G,N. Gordic,KARSIYAKA,KSK,N. Gordic,8,,,,,,TO,,KARSIYAKA N. GORDIC turnover ballhandling,,,,,,,,,0,58,1.0,turnover,0,34,0,27
08:57,08:57:00,34,27,7,2,2,REGULAR,74,P. DOZIER,1,steal,213,212,[],,0,15,Pj,Dozier,Pj,Dozier,P,D,P,D,P. Dozier,ANADOLU EFES,EFS,P. Dozier,15,,,,,,ST,,ANADOLU EFES P. DOZIER steal,,,,,,,,,0,59,2.0,,0,34,0,27
08:52,08:52:00,34,27,7,2,2,REGULAR,74,P. DOZIER,0,2pt,214,,"['fromturnover', 'pointsinthepaint']",drivinglayup,1,15,Pj,Dozier,Pj,Dozier,P,D,P,D,P. Dozier,ANADOLU EFES,EFS,P. Dozier,15,,,6.5799999237061,53.220001220703,0.0,P2,missed,ANADOLU EFES P. DOZIER 2Pt missed,,,,,,,,,0,59,2.0,def_reb,0,34,0,27
08:50,08:50:00,34,27,7,1,2,REGULAR,78,S. GEYIK,1,rebound,215,214,[],defensive,0,4,Samet,Geyik,Samet,Geyik,S,G,S,G,S. Geyik,KARSIYAKA,KSK,S. Geyik,4,,,,,,REB,,KARSIYAKA rebound defensive,,,,,,,,,0,60,1.0,def_reb,0,34,0,27
08:48,08:48:00,34,27,7,2,2,REGULAR,75,C. SWIDER,1,foul,217,,"['shooting', '2freethrow']",personal,0,21,Cole,Swider,Cole,Swider,C,S,C,S,C. Swider,ANADOLU EFES,EFS,C. Swider,21,,,,,,FOUL,,ANADOLU EFES C. SWIDER foul personal,,,,,,,,,0,61,2.0,,0,34,0,27
08:48,08:48:00,34,27,7,1,2,REGULAR,87,J. ALSTON,1,foulon,218,217,[],,0,32,Justin Alexander,Alston,Justin Alexander,Alston,J,A,J,A,J. Alston,KARSIYAKA,KSK,J. Alston,32,,,,,,OTHER,,KARSIYAKA foulon,,,,,,,,,0,61,2.0,,0,34,0,27
08:48,08:48:00,35,27,8,1,2,REGULAR,87,J. ALSTON,1,freethrow,219,,['fastbreak'],1of2,1,32,Justin Alexander,Alston,Justin Alexander,Alston,J,A,J,A,J. Alston,KARSIYAKA,KSK,J. Alston,32,,,,,,FT,made,KARSIYAKA J. ALSTON FT 1of2 made,,,,,,,,,1,61,2.0,made_ft,1,35,0,27
08:48,08:48:00,35,27,8,1,2,REGULAR,95,N. GORDIC,1,assist,220,219,[],,0,8,Nemanja,Gordic,Nemanja,Gordic,N,G,N,G,N. Gordic,KARSIYAKA,KSK,N. Gordic,8,,,,,,ASS,,KARSIYAKA N. GORDIC assist,,,,,,,,,0,62,1.0,,0,35,0,27
08:48,08:48:00,35,27,8,1,2,REGULAR,87,J. ALSTON,0,freethrow,221,,['fastbreak'],2of2,1,32,Justin Alexander,Alston,Justin Alexander,Alston,J,A,J,A,J. Alston,KARSIYAKA,KSK,J. Alston,32,,,,,,FT,missed,KARSIYAKA J. ALSTON FT 2of2 missed,,,,,,,,,0,62,1.0,def_reb,0,35,0,27
08:48,08:48:00,35,27,8,2,2,REGULAR,75,C. SWIDER,1,rebound,223,221,[],defensive,0,21,Cole,Swider,Cole,Swider,C,S,C,S,C. Swider,ANADOLU EFES,EFS,C. Swider,21,,,,,,REB,,ANADOLU EFES rebound defensive,,,,,,,,,0,63,2.0,def_reb,0,35,0,27
08:41,08:41:00,35,27,8,1,2,REGULAR,82,E. ÖZÇELIK,1,foul,225,,[],personal,0,24,Ege,Özçelik,Ege,Özçelik,E,Ö,E,Ö,E. Özçelik,KARSIYAKA,KSK,E. Özçelik,24,,,,,,FOUL,,KARSIYAKA E. ÖZÇELIK foul personal,,,,,,,,,0,64,1.0,,0,35,0,27
08:41,08:41:00,35,27,8,2,2,REGULAR,92,J. LOYD,1,foulon,226,225,[],,0,3,Jordan,Loyd,Jordan,Loyd,J,L,J,L,J. Loyd,ANADOLU EFES,EFS,J. Loyd,3,,,,,,OTHER,,ANADOLU EFES foulon,,,,,,,,,0,64,1.0,,0,35,0,27
08:38,08:38:00,35,30,5,2,2,REGULAR,74,P. DOZIER,1,3pt,228,,[],jumpshot,1,15,Pj,Dozier,Pj,Dozier,P,D,P,D,P. Dozier,ANADOLU EFES,EFS,P. Dozier,15,,,30.760000228882,52.369998931885,1.0,P3,made,ANADOLU EFES P. DOZIER 3Pt made,92.0,2.0,J. LOYD,,,,,,3,64,1.0,score,0,35,3,30
08:38,08:38:00,35,30,5,2,2,REGULAR,92,J. LOYD,1,assist,230,228,[],,0,3,Jordan,Loyd,Jordan,Loyd,J,L,J,L,J. Loyd,ANADOLU EFES,EFS,J. Loyd,3,,,,,,ASS,,ANADOLU EFES J. LOYD assist,,,,,,,,,0,65,2.0,,0,35,0,30
08:37,08:37:00,35,30,5,1,2,REGULAR,0,,1,timeout,231,,[],full,0,,,,,,,,,,,KARSIYAKA,KSK,,,,,,,,TIMEOUT,,KARSIYAKA timeout,,,,,,,,,0,65,2.0,,0,35,0,30
08:37,08:37:00,35,30,5,1,2,REGULAR,93,C. YOUNG,1,substitution,232,,[],out,0,1,Cameron Jordan,Young,Cameron Jordan,Young,C,Y,C,Y,C. Young,KARSIYAKA,KSK,C. Young,1,,,,,,SUB,out,KARSIYAKA substitution out,,,,,,,,,0,65,2.0,,0,35,0,30
08:37,08:37:00,35,30,5,1,2,REGULAR,88,M. MOORE,1,substitution,233,,[],in,0,2,Michael Jarade,Moore,Michael Jarade,Moore,M,M,M,M,M. Moore,KARSIYAKA,KSK,M. Moore,2,,,,,,SUB,in,KARSIYAKA substitution in,,,,,,,,,0,65,2.0,,0,35,0,30
08:17,08:17:00,35,30,5,1,2,REGULAR,95,N. GORDIC,1,turnover,235,,[],badpass,0,8,Nemanja,Gordic,Nemanja,Gordic,N,G,N,G,N. Gordic,KARSIYAKA,KSK,N. Gordic,8,,,,,,TO,,KARSIYAKA N. GORDIC turnover badpass,,,,,,,,,0,65,2.0,turnover,0,35,0,30
08:17,08:17:00,35,30,5,2,2,REGULAR,92,J. LOYD,1,steal,236,235,[],,0,3,Jordan,Loyd,Jordan,Loyd,J,L,J,L,J. Loyd,ANADOLU EFES,EFS,J. Loyd,3,,,,,,ST,,ANADOLU EFES J. LOYD steal,,,,,,,,,0,66,1.0,,0,35,0,30
08:11,08:11:00,35,30,5,2,2,REGULAR,74,P. DOZIER,0,3pt,237,,['fromturnover'],jumpshot,1,15,Pj,Dozier,Pj,Dozier,P,D,P,D,P. Dozier,ANADOLU EFES,EFS,P. Dozier,15,,,8.1400003433228,4.0700001716614,0.0,P3,missed,ANADOLU EFES P. DOZIER 3Pt missed,,,,,,,,,0,66,1.0,def_reb,0,35,0,30
08:09,08:09:00,35,30,5,1,2,REGULAR,78,S. GEYIK,1,rebound,239,237,[],defensive,0,4,Samet,Geyik,Samet,Geyik,S,G,S,G,S. Geyik,KARSIYAKA,KSK,S. Geyik,4,,,,,,REB,,KARSIYAKA rebound defensive,,,,,,,,,0,67,2.0,def_reb,0,35,0,30
08:09,08:09:00,35,30,5,1,2,REGULAR,95,N. GORDIC,1,substitution,240,,[],out,0,8,Nemanja,Gordic,Nemanja,Gordic,N,G,N,G,N. Gordic,KARSIYAKA,KSK,N. Gordic,8,,,,,,SUB,out,KARSIYAKA substitution out,,,,,,,,,0,68,1.0,,0,35,0,30
08:09,08:09:00,35,30,5,1,2,REGULAR,82,E. ÖZÇELIK,1,substitution,241,,[],out,0,24,Ege,Özçelik,Ege,Özçelik,E,Ö,E,Ö,E. Özçelik,KARSIYAKA,KSK,E. Özçelik,24,,,,,,SUB,out,KARSIYAKA substitution out,,,,,,,,,0,68,1.0,,0,35,0,30
08:09,08:09:00,35,30,5,1,2,REGULAR,86,C. CHIOZZA,1,substitution,242,,[],in,0,11,Christopher Xavier,Chiozza,Christopher Xavier,Chiozza,C,C,C,C,C. Chiozza,KARSIYAKA,KSK,C. Chiozza,11,,,,,,SUB,in,KARSIYAKA substitution in,,,,,,,,,0,68,1.0,,0,35,0,30
08:09,08:09:00,35,30,5,1,2,REGULAR,89,C. MANNING JR,1,substitution,243,,[],in,0,21,Charles Maurice,Manning Jr,Charles Maurice,Manning Jr,C,M,C,M,C. Manning Jr,KARSIYAKA,KSK,C. Manning Jr,21,,,,,,SUB,in,KARSIYAKA substitution in,,,,,,,,,0,68,1.0,,0,35,0,30
08:02,08:02:00,35,30,5,2,2,REGULAR,92,J. LOYD,1,foul,246,,[],personal,0,3,Jordan,Loyd,Jordan,Loyd,J,L,J,L,J. Loyd,ANADOLU EFES,EFS,J. Loyd,3,,,,,,FOUL,,ANADOLU EFES J. LOYD foul personal,,,,,,,,,0,68,1.0,,0,35,0,30
08:02,08:02:00,35,30,5,1,2,REGULAR,89,C. MANNING JR,1,foulon,247,246,[],,0,21,Charles Maurice,Manning Jr,Charles Maurice,Manning Jr,C,M,C,M,C. Manning Jr,KARSIYAKA,KSK,C. Manning Jr,21,,,,,,OTHER,,KARSIYAKA foulon,,,,,,,,,0,68,1.0,,0,35,0,30
07:54,07:54:00,35,30,5,1,2,REGULAR,86,C. CHIOZZA,0,3pt,251,,[],jumpshot,1,11,Christopher Xavier,Chiozza,Christopher Xavier,Chiozza,C,C,C,C,C. Chiozza,KARSIYAKA,KSK,C. Chiozza,11,,,62.119998931885,63.110000610352,0.0,P3,missed,KARSIYAKA C. CHIOZZA 3Pt missed,,,,,,,,,0,68,1.0,def_reb,0,35,0,30
07:52,07:52:00,35,30,5,2,2,REGULAR,92,J. LOYD,1,rebound,252,251,[],defensive,0,3,Jordan,Loyd,Jordan,Loyd,J,L,J,L,J. Loyd,ANADOLU EFES,EFS,J. Loyd,3,,,,,,REB,,ANADOLU EFES rebound defensive,,,,,,,,,0,69,2.0,def_reb,0,35,0,30
07:44,07:44:00,35,30,5,1,2,REGULAR,88,M. MOORE,1,foul,254,,[],personal,0,2,Michael Jarade,Moore,Michael Jarade,Moore,M,M,M,M,M. Moore,KARSIYAKA,KSK,M. Moore,2,,,,,,FOUL,,KARSIYAKA M. MOORE foul personal,,,,,,,,,0,70,1.0,,0,35,0,30
07:44,07:44:00,35,30,5,2,2,REGULAR,74,P. DOZIER,1,foulon,255,254,[],,0,15,Pj,Dozier,Pj,Dozier,P,D,P,D,P. Dozier,ANADOLU EFES,EFS,P. Dozier,15,,,,,,OTHER,,ANADOLU EFES foulon,,,,,,,,,0,70,1.0,,0,35,0,30
07:35,07:35:00,35,30,5,2,2,REGULAR,75,C. SWIDER,0,3pt,257,,[],jumpshot,1,21,Cole,Swider,Cole,Swider,C,S,C,S,C. Swider,ANADOLU EFES,EFS,C. Swider,21,,,23.739999771118,85.419998168945,0.0,P3,missed,ANADOLU EFES C. SWIDER 3Pt missed,,,,,,,,,0,70,1.0,def_reb,0,35,0,30
07:32,07:32:00,35,30,5,1,2,REGULAR,88,M. MOORE,1,rebound,258,257,[],defensive,0,2,Michael Jarade,Moore,Michael Jarade,Moore,M,M,M,M,M. Moore,KARSIYAKA,KSK,M. Moore,2,,,,,,REB,,KARSIYAKA rebound defensive,,,,,,,,,0,71,2.0,def_reb,0,35,0,30
07:29,07:29:00,35,30,5,1,2,REGULAR,89,C. MANNING JR,0,2pt,259,,['pointsinthepaint'],drivinglayup,1,21,Charles Maurice,Manning Jr,Charles Maurice,Manning Jr,C,M,C,M,C. Manning Jr,KARSIYAKA,KSK,C. Manning Jr,21,,,93.629997253418,61.689998626709,0.0,P2,missed,KARSIYAKA C. MANNING JR 2Pt missed,,,,,,,,,0,72,1.0,,0,35,0,30
07:25,07:25:00,35,30,5,1,2,REGULAR,87,J. ALSTON,1,rebound,260,259,[],offensive,0,32,Justin Alexander,Alston,Justin Alexander,Alston,J,A,J,A,J. Alston,KARSIYAKA,KSK,J. Alston,32,,,,,,REB,,KARSIYAKA rebound offensive,,,,,,,,,0,72,1.0,,0,35,0,30
07:25,07:25:00,37,30,7,1,2,REGULAR,87,J. ALSTON,1,2pt,261,,"['2ndchance', 'pointsinthepaint']",tipinlayup,1,32,Justin Alexander,Alston,Justin Alexander,Alston,J,A,J,A,J. Alston,KARSIYAKA,KSK,J. Alston,32,,,94.0,50.0,1.0,P2,made,KARSIYAKA J. ALSTON 2Pt made,,,,,,,,,2,72,1.0,score,2,37,0,30
07:20,07:20:00,37,30,7,1,2,REGULAR,86,C. CHIOZZA,1,foul,264,,"['shooting', '2freethrow']",personal,0,11,Christopher Xavier,Chiozza,Christopher Xavier,Chiozza,C,C,C,C,C. Chiozza,KARSIYAKA,KSK,C. Chiozza,11,,,,,,FOUL,,KARSIYAKA C. CHIOZZA foul personal,,,,,,,,,0,73,2.0,,0,37,0,30
07:20,07:20:00,37,30,7,2,2,REGULAR,81,S. HAZER,1,foulon,265,264,[],,0,2,Sehmus,Hazer,Sehmus,Hazer,S,H,S,H,S. Hazer,ANADOLU EFES,EFS,S. Hazer,2,,,,,,OTHER,,ANADOLU EFES foulon,,,,,,,,,0,73,2.0,,0,37,0,30
07:20,07:20:00,37,30,7,2,2,REGULAR,74,P. DOZIER,1,substitution,266,,[],out,0,15,Pj,Dozier,Pj,Dozier,P,D,P,D,P. Dozier,ANADOLU EFES,EFS,P. Dozier,15,,,,,,SUB,out,ANADOLU EFES substitution out,,,,,,,,,0,73,2.0,,0,37,0,30
07:20,07:20:00,37,30,7,2,2,REGULAR,75,C. SWIDER,1,substitution,267,,[],out,0,21,Cole,Swider,Cole,Swider,C,S,C,S,C. Swider,ANADOLU EFES,EFS,C. Swider,21,,,,,,SUB,out,ANADOLU EFES substitution out,,,,,,,,,0,73,2.0,,0,37,0,30
07:20,07:20:00,37,30,7,2,2,REGULAR,90,S. LARKIN,1,substitution,268,,[],in,0,0,Shane,Larkin,Shane,Larkin,S,L,S,L,S. Larkin,ANADOLU EFES,EFS,S. Larkin,0,,,,,,SUB,in,ANADOLU EFES substitution in,,,,,,,,,0,73,2.0,,0,37,0,30
07:20,07:20:00,37,30,7,2,2,REGULAR,86,R. SMITS,1,substitution,269,,[],in,0,11,Rolands,Smits,Rolands,Smits,R,S,R,S,R. Smits,ANADOLU EFES,EFS,R. Smits,11,,,,,,SUB,in,ANADOLU EFES substitution in,,,,,,,,,0,73,2.0,,0,37,0,30
07:20,07:20:00,37,30,7,2,2,REGULAR,81,S. HAZER,0,freethrow,270,,['fastbreak'],1of2,1,2,Sehmus,Hazer,Sehmus,Hazer,S,H,S,H,S. Hazer,ANADOLU EFES,EFS,S. Hazer,2,,,,,,FT,missed,ANADOLU EFES S. HAZER FT 1of2 missed,,,,,,,,,0,73,2.0,def_reb,0,37,0,30
07:20,07:20:00,37,30,7,2,2,REGULAR,0,,1,rebound,271,270,[],offensivedeadball,0,,,,,,,,,,,ANADOLU EFES,EFS,,,,,,,,TREB,,ANADOLU EFES team rebound offensivedeadball,,,,,,,,,0,74,1.0,def_reb,0,37,0,30
07:20,07:20:00,37,31,6,2,2,REGULAR,81,S. HAZER,1,freethrow,272,,['fastbreak'],2of2,1,2,Sehmus,Hazer,Sehmus,Hazer,S,H,S,H,S. Hazer,ANADOLU EFES,EFS,S. Hazer,2,,,,,,FT,made,ANADOLU EFES S. HAZER FT 2of2 made,,,,,,,,,1,75,2.0,made_ft_last,0,37,1,31
06:57,06:57:00,37,31,6,1,2,REGULAR,86,C. CHIOZZA,0,3pt,276,,[],jumpshot,1,11,Christopher Xavier,Chiozza,Christopher Xavier,Chiozza,C,C,C,C,C. Chiozza,KARSIYAKA,KSK,C. Chiozza,11,,,68.669998168945,32.319999694824,0.0,P3,missed,KARSIYAKA C. CHIOZZA 3Pt missed,,,,,,,,,0,76,1.0,def_reb,0,37,0,31
06:55,06:55:00,37,31,6,2,2,REGULAR,86,R. SMITS,1,rebound,277,276,[],defensive,0,11,Rolands,Smits,Rolands,Smits,R,S,R,S,R. Smits,ANADOLU EFES,EFS,R. Smits,11,,,,,,REB,,ANADOLU EFES rebound defensive,,,,,,,,,0,77,2.0,def_reb,0,37,0,31
06:35,06:35:00,37,31,6,2,2,REGULAR,92,J. LOYD,0,3pt,278,,[],jumpshot,1,3,Jordan,Loyd,Jordan,Loyd,J,L,J,L,J. Loyd,ANADOLU EFES,EFS,J. Loyd,3,,,27.959999084473,28.079999923706,0.0,P3,missed,ANADOLU EFES J. LOYD 3Pt missed,,,,,,,,,0,78,1.0,def_reb,0,37,0,31
06:32,06:32:00,37,31,6,1,2,REGULAR,89,C. MANNING JR,1,rebound,279,278,[],defensive,0,21,Charles Maurice,Manning Jr,Charles Maurice,Manning Jr,C,M,C,M,C. Manning Jr,KARSIYAKA,KSK,C. Manning Jr,21,,,,,,REB,,KARSIYAKA rebound defensive,,,,,,,,,0,79,2.0,def_reb,0,37,0,31
06:25,06:25:00,37,31,6,1,2,REGULAR,89,C. MANNING JR,0,2pt,280,,['pointsinthepaint'],drivinglayup,1,21,Charles Maurice,Manning Jr,Charles Maurice,Manning Jr,C,M,C,M,C. Manning Jr,KARSIYAKA,KSK,C. Manning Jr,21,,,89.730003356934,51.810001373291,0.0,P2,missed,KARSIYAKA C. MANNING JR 2Pt missed,,,,,,,,,0,80,1.0,def_reb,0,37,0,31
06:23,06:23:00,37,31,6,2,2,REGULAR,91,K. JONES,1,rebound,281,280,[],defensive,0,88,Kai,Jones,Kai,Jones,K,J,K,J,K. Jones,ANADOLU EFES,EFS,K. Jones,88,,,,,,REB,,ANADOLU EFES rebound defensive,,,,,,,,,0,81,2.0,def_reb,0,37,0,31
06:17,06:17:00,37,34,3,2,2,REGULAR,81,S. HAZER,1,3pt,282,,['fastbreak'],jumpshot,1,2,Sehmus,Hazer,Sehmus,Hazer,S,H,S,H,S. Hazer,ANADOLU EFES,EFS,S. Hazer,2,,,13.760000228882,95.029998779297,1.0,P3,made,ANADOLU EFES S. HAZER 3Pt made,92.0,2.0,J. LOYD,,,,,,3,82,1.0,score,0,37,3,34
06:17,06:17:00,37,34,3,2,2,REGULAR,92,J. LOYD,1,assist,283,282,[],,0,3,Jordan,Loyd,Jordan,Loyd,J,L,J,L,J. Loyd,ANADOLU EFES,EFS,J. Loyd,3,,,,,,ASS,,ANADOLU EFES J. LOYD assist,,,,,,,,,0,83,2.0,,0,37,0,34
05:58,05:58:00,39,34,5,1,2,REGULAR,87,J. ALSTON,1,2pt,285,,['pointsinthepaint'],layup,1,32,Justin Alexander,Alston,Justin Alexander,Alston,J,A,J,A,J. Alston,KARSIYAKA,KSK,J. Alston,32,,,90.669998168945,55.479999542236,1.0,P2,made,KARSIYAKA J. ALSTON 2Pt made,89.0,1.0,C. MANNING JR,,,,,,2,83,2.0,score,2,39,0,34
05:58,05:58:00,39,34,5,1,2,REGULAR,89,C. MANNING JR,1,assist,286,285,[],,0,21,Charles Maurice,Manning Jr,Charles Maurice,Manning Jr,C,M,C,M,C. Manning Jr,KARSIYAKA,KSK,C. Manning Jr,21,,,,,,ASS,,KARSIYAKA C. MANNING JR assist,,,,,,,,,0,84,1.0,,0,39,0,34
05:44,05:44:00,39,34,5,1,2,REGULAR,78,S. GEYIK,1,foul,289,,"['shooting', '2freethrow']",personal,0,4,Samet,Geyik,Samet,Geyik,S,G,S,G,S. Geyik,KARSIYAKA,KSK,S. Geyik,4,,,,,,FOUL,,KARSIYAKA S. GEYIK foul personal,,,,,,,,,0,84,1.0,,0,39,0,34
05:44,05:44:00,39,34,5,2,2,REGULAR,86,R. SMITS,1,foulon,290,289,[],,0,11,Rolands,Smits,Rolands,Smits,R,S,R,S,R. Smits,ANADOLU EFES,EFS,R. Smits,11,,,,,,OTHER,,ANADOLU EFES foulon,,,,,,,,,0,84,1.0,,0,39,0,34
05:44,05:44:00,39,34,5,1,2,REGULAR,87,J. ALSTON,1,substitution,291,,[],out,0,32,Justin Alexander,Alston,Justin Alexander,Alston,J,A,J,A,J. Alston,KARSIYAKA,KSK,J. Alston,32,,,,,,SUB,out,KARSIYAKA substitution out,,,,,,,,,0,84,1.0,,0,39,0,34
05:44,05:44:00,39,34,5,1,2,REGULAR,79,M. CELEP,1,substitution,292,,[],in,0,35,Mert,Celep,Mert,Celep,M,C,M,C,M. Celep,KARSIYAKA,KSK,M. Celep,35,,,,,,SUB,in,KARSIYAKA substitution in,,,,,,,,,0,84,1.0,,0,39,0,34
05:44,05:44:00,39,34,5,2,2,REGULAR,92,J. LOYD,1,substitution,293,,[],out,0,3,Jordan,Loyd,Jordan,Loyd,J,L,J,L,J. Loyd,ANADOLU EFES,EFS,J. Loyd,3,,,,,,SUB,out,ANADOLU EFES substitution out,,,,,,,,,0,84,1.0,,0,39,0,34
05:44,05:44:00,39,34,5,2,2,REGULAR,74,P. DOZIER,1,substitution,294,,[],in,0,15,Pj,Dozier,Pj,Dozier,P,D,P,D,P. Dozier,ANADOLU EFES,EFS,P. Dozier,15,,,,,,SUB,in,ANADOLU EFES substitution in,,,,,,,,,0,84,1.0,,0,39,0,34
05:44,05:44:00,39,35,4,2,2,REGULAR,86,R. SMITS,1,freethrow,295,,[],1of2,1,11,Rolands,Smits,Rolands,Smits,R,S,R,S,R. Smits,ANADOLU EFES,EFS,R. Smits,11,,,,,,FT,made,ANADOLU EFES R. SMITS FT 1of2 made,,,,,,,,,1,84,1.0,made_ft,0,39,1,35
05:44,05:44:00,39,35,4,2,2,REGULAR,92,J. LOYD,1,assist,296,295,[],,0,3,Jordan,Loyd,Jordan,Loyd,J,L,J,L,J. Loyd,ANADOLU EFES,EFS,J. Loyd,3,,,,,,ASS,,ANADOLU EFES J. LOYD assist,,,,,,,,,0,85,2.0,,0,39,0,35
05:44,05:44:00,39,36,3,2,2,REGULAR,86,R. SMITS,1,freethrow,297,,[],2of2,1,11,Rolands,Smits,Rolands,Smits,R,S,R,S,R. Smits,ANADOLU EFES,EFS,R. Smits,11,,,,,,FT,made,ANADOLU EFES R. SMITS FT 2of2 made,,,,,,,,,1,85,2.0,made_ft_last,0,39,1,36
05:24,05:24:00,39,36,3,1,2,REGULAR,89,C. MANNING JR,0,3pt,299,,[],jumpshot,1,21,Charles Maurice,Manning Jr,Charles Maurice,Manning Jr,C,M,C,M,C. Manning Jr,KARSIYAKA,KSK,C. Manning Jr,21,,,81.309997558594,96.160003662109,0.0,P3,missed,KARSIYAKA C. MANNING JR 3Pt missed,,,,,,,,,0,86,1.0,def_reb,0,39,0,36
05:22,05:22:00,39,36,3,2,2,REGULAR,91,K. JONES,1,rebound,300,299,[],defensive,0,88,Kai,Jones,Kai,Jones,K,J,K,J,K. Jones,ANADOLU EFES,EFS,K. Jones,88,,,,,,REB,,ANADOLU EFES rebound defensive,,,,,,,,,0,87,2.0,def_reb,0,39,0,36
05:14,05:14:00,39,39,0,2,2,REGULAR,90,S. LARKIN,1,3pt,301,,[],jumpshot,1,0,Shane,Larkin,Shane,Larkin,S,L,S,L,S. Larkin,ANADOLU EFES,EFS,S. Larkin,0,,,31.540000915527,46.720001220703,1.0,P3,made,ANADOLU EFES S. LARKIN 3Pt made,74.0,2.0,P. DOZIER,,,,,,3,88,1.0,score,0,39,3,39
05:14,05:14:00,39,39,0,2,2,REGULAR,74,P. DOZIER,1,assist,302,301,[],,0,15,Pj,Dozier,Pj,Dozier,P,D,P,D,P. Dozier,ANADOLU EFES,EFS,P. Dozier,15,,,,,,ASS,,ANADOLU EFES P. DOZIER assist,,,,,,,,,0,89,2.0,,0,39,0,39
04:48,04:48:00,41,39,2,1,2,REGULAR,86,C. CHIOZZA,1,2pt,303,,['pointsinthepaint'],floatingjumpshot,1,11,Christopher Xavier,Chiozza,Christopher Xavier,Chiozza,C,C,C,C,C. Chiozza,KARSIYAKA,KSK,C. Chiozza,11,,,92.540000915527,65.370002746582,1.0,P2,made,KARSIYAKA C. CHIOZZA 2Pt made,,,,,,,,,2,89,2.0,score,2,41,0,39
04:38,04:38:00,41,39,2,2,2,REGULAR,90,S. LARKIN,1,turnover,305,,[],ballhandling,0,0,Shane,Larkin,Shane,Larkin,S,L,S,L,S. Larkin,ANADOLU EFES,EFS,S. Larkin,0,,,,,,TO,,ANADOLU EFES S. LARKIN turnover ballhandling,,,,,,,,,0,90,1.0,turnover,0,41,0,39
04:38,04:38:00,41,39,2,2,2,REGULAR,81,S. HAZER,1,substitution,306,,[],out,0,2,Sehmus,Hazer,Sehmus,Hazer,S,H,S,H,S. Hazer,ANADOLU EFES,EFS,S. Hazer,2,,,,,,SUB,out,ANADOLU EFES substitution out,,,,,,,,,0,91,2.0,,0,41,0,39
04:38,04:38:00,41,39,2,2,2,REGULAR,87,N. WEILER-BABB,1,substitution,307,,[],in,0,8,Nick,Weiler-Babb,Nick,Weiler-Babb,N,W,N,W,N. Weiler-Babb,ANADOLU EFES,EFS,N. Weiler-Babb,8,,,,,,SUB,in,ANADOLU EFES substitution in,,,,,,,,,0,91,2.0,,0,41,0,39
04:23,04:23:00,44,39,5,1,2,REGULAR,86,C. CHIOZZA,1,3pt,309,,['fromturnover'],jumpshot,1,11,Christopher Xavier,Chiozza,Christopher Xavier,Chiozza,C,C,C,C,C. Chiozza,KARSIYAKA,KSK,C. Chiozza,11,,,85.519996643066,4.6300001144409,1.0,P3,made,KARSIYAKA C. CHIOZZA 3Pt made,78.0,1.0,S. GEYIK,,,,,,3,91,2.0,score,3,44,0,39
04:23,04:23:00,44,39,5,1,2,REGULAR,78,S. GEYIK,1,assist,310,309,[],,0,4,Samet,Geyik,Samet,Geyik,S,G,S,G,S. Geyik,KARSIYAKA,KSK,S. Geyik,4,,,,,,ASS,,KARSIYAKA S. GEYIK assist,,,,,,,,,0,92,1.0,,0,44,0,39
03:57,03:57:00,44,41,3,2,2,REGULAR,91,K. JONES,1,2pt,311,,['pointsinthepaint'],stepbackjumpshot,1,88,Kai,Jones,Kai,Jones,K,J,K,J,K. Jones,ANADOLU EFES,EFS,K. Jones,88,,,13.60000038147,60.0,1.0,P2,made,ANADOLU EFES K. JONES 2Pt made,86.0,2.0,R. SMITS,,,,,,2,92,1.0,score,0,44,2,41
03:57,03:57:00,44,41,3,2,2,REGULAR,86,R. SMITS,1,assist,312,311,[],,0,11,Rolands,Smits,Rolands,Smits,R,S,R,S,R. Smits,ANADOLU EFES,EFS,R. Smits,11,,,,,,ASS,,ANADOLU EFES R. SMITS assist,,,,,,,,,0,93,2.0,,0,44,0,41
03:41,03:41:00,44,41,3,1,2,REGULAR,88,M. MOORE,0,2pt,313,,['pointsinthepaint'],jumpshot,1,2,Michael Jarade,Moore,Michael Jarade,Moore,M,M,M,M,M. Moore,KARSIYAKA,KSK,M. Moore,2,,,84.269996643066,43.049999237061,0.0,P2,missed,KARSIYAKA M. MOORE 2Pt missed,,,,,,,,,0,93,2.0,def_reb,0,44,0,41
03:38,03:38:00,44,41,3,2,2,REGULAR,90,S. LARKIN,1,rebound,314,313,[],defensive,0,0,Shane,Larkin,Shane,Larkin,S,L,S,L,S. Larkin,ANADOLU EFES,EFS,S. Larkin,0,,,,,,REB,,ANADOLU EFES rebound defensive,,,,,,,,,0,94,1.0,def_reb,0,44,0,41
03:35,03:35:00,44,41,3,2,2,REGULAR,74,P. DOZIER,0,3pt,315,,[],jumpshot,1,15,Pj,Dozier,Pj,Dozier,P,D,P,D,P. Dozier,ANADOLU EFES,EFS,P. Dozier,15,,,19.840000152588,91.069999694824,0.0,P3,missed,ANADOLU EFES P. DOZIER 3Pt missed,,,,,,,,,0,95,2.0,def_reb,0,44,0,41
03:32,03:32:00,44,41,3,1,2,REGULAR,78,S. GEYIK,1,rebound,316,315,[],defensive,0,4,Samet,Geyik,Samet,Geyik,S,G,S,G,S. Geyik,KARSIYAKA,KSK,S. Geyik,4,,,,,,REB,,KARSIYAKA rebound defensive,,,,,,,,,0,96,1.0,def_reb,0,44,0,41
03:14,03:14:00,46,41,5,1,2,REGULAR,88,M. MOORE,1,2pt,317,,['pointsinthepaint'],drivinglayup,1,2,Michael Jarade,Moore,Michael Jarade,Moore,M,M,M,M,M. Moore,KARSIYAKA,KSK,M. Moore,2,,,92.540000915527,55.479999542236,1.0,P2,made,KARSIYAKA M. MOORE 2Pt made,,,,,,,,,2,97,2.0,score,2,46,0,41
02:55,02:55:00,46,41,5,2,2,REGULAR,74,P. DOZIER,0,3pt,318,,[],jumpshot,1,15,Pj,Dozier,Pj,Dozier,P,D,P,D,P. Dozier,ANADOLU EFES,EFS,P. Dozier,15,,,16.719999313354,95.029998779297,0.0,P3,missed,ANADOLU EFES P. DOZIER 3Pt missed,,,,,,,,,0,98,1.0,def_reb,0,46,0,41
02:53,02:53:00,46,41,5,1,2,REGULAR,0,,1,rebound,320,318,['team'],defensive,0,,,,,,,,,,,KARSIYAKA,KSK,,,,,,,,TREB,,KARSIYAKA team rebound defensive,,,,,,,,,0,99,2.0,def_reb,0,46,0,41
02:53,02:53:00,46,41,5,2,2,REGULAR,91,K. JONES,1,foul,321,,[],personal,0,88,Kai,Jones,Kai,Jones,K,J,K,J,K. Jones,ANADOLU EFES,EFS,K. Jones,88,,,,,,FOUL,,ANADOLU EFES K. JONES foul personal,,,,,,,,,0,100,1.0,,0,46,0,41
02:53,02:53:00,46,41,5,1,2,REGULAR,78,S. GEYIK,1,foulon,322,321,[],,0,4,Samet,Geyik,Samet,Geyik,S,G,S,G,S. Geyik,KARSIYAKA,KSK,S. Geyik,4,,,,,,OTHER,,KARSIYAKA foulon,,,,,,,,,0,100,1.0,,0,46,0,41
02:53,02:53:00,46,41,5,2,2,REGULAR,91,K. JONES,1,substitution,323,,[],out,0,88,Kai,Jones,Kai,Jones,K,J,K,J,K. Jones,ANADOLU EFES,EFS,K. Jones,88,,,,,,SUB,out,ANADOLU EFES substitution out,,,,,,,,,0,100,1.0,,0,46,0,41
02:53,02:53:00,46,41,5,2,2,REGULAR,73,B. DESSERT,1,substitution,324,,[],in,0,13,Brice,Dessert,Brice,Dessert,B,D,B,D,B. Dessert,ANADOLU EFES,EFS,B. Dessert,13,,,,,,SUB,in,ANADOLU EFES substitution in,,,,,,,,,0,100,1.0,,0,46,0,41
02:29,02:29:00,48,41,7,1,2,REGULAR,86,C. CHIOZZA,1,2pt,326,,[],stepbackjumpshot,1,11,Christopher Xavier,Chiozza,Christopher Xavier,Chiozza,C,C,C,C,C. Chiozza,KARSIYAKA,KSK,C. Chiozza,11,,,80.690002441406,70.730003356934,1.0,P2,made,KARSIYAKA C. CHIOZZA 2Pt made,,,,,,,,,2,100,1.0,score,2,48,0,41
02:15,02:15:00,48,41,7,1,2,REGULAR,78,S. GEYIK,1,substitution,332,,[],out,0,4,Samet,Geyik,Samet,Geyik,S,G,S,G,S. Geyik,KARSIYAKA,KSK,S. Geyik,4,,,,,,SUB,out,KARSIYAKA substitution out,,,,,,,,,0,101,2.0,,0,48,0,41
02:15,02:15:00,48,41,7,1,2,REGULAR,83,E. YAPICI,1,substitution,333,,[],in,0,19,Egemen,Yapici,Egemen,Yapici,E,Y,E,Y,E. Yapici,KARSIYAKA,KSK,E. Yapici,19,,,,,,SUB,in,KARSIYAKA substitution in,,,,,,,,,0,101,2.0,,0,48,0,41
02:15,02:15:00,48,41,7,2,2,REGULAR,74,P. DOZIER,1,substitution,334,,[],out,0,15,Pj,Dozier,Pj,Dozier,P,D,P,D,P. Dozier,ANADOLU EFES,EFS,P. Dozier,15,,,,,,SUB,out,ANADOLU EFES substitution out,,,,,,,,,0,101,2.0,,0,48,0,41
02:15,02:15:00,48,41,7,2,2,REGULAR,92,J. LOYD,1,substitution,335,,[],in,0,3,Jordan,Loyd,Jordan,Loyd,J,L,J,L,J. Loyd,ANADOLU EFES,EFS,J. Loyd,3,,,,,,SUB,in,ANADOLU EFES substitution in,,,,,,,,,0,101,2.0,,0,48,0,41
02:09,02:09:00,48,41,7,2,2,REGULAR,90,S. LARKIN,0,3pt,337,,[],jumpshot,1,0,Shane,Larkin,Shane,Larkin,S,L,S,L,S. Larkin,ANADOLU EFES,EFS,S. Larkin,0,,,30.920000076294,71.580001831055,0.0,P3,missed,ANADOLU EFES S. LARKIN 3Pt missed,,,,,,,,,0,101,2.0,def_reb,0,48,0,41
02:06,02:06:00,48,41,7,1,2,REGULAR,83,E. YAPICI,1,rebound,338,337,[],defensive,0,19,Egemen,Yapici,Egemen,Yapici,E,Y,E,Y,E. Yapici,KARSIYAKA,KSK,E. Yapici,19,,,,,,REB,,KARSIYAKA rebound defensive,,,,,,,,,0,102,1.0,def_reb,0,48,0,41
01:43,01:43:00,48,41,7,1,2,REGULAR,79,M. CELEP,0,2pt,339,,[],jumpshot,1,35,Mert,Celep,Mert,Celep,M,C,M,C,M. Celep,KARSIYAKA,KSK,M. Celep,35,,,86.300003051758,68.190002441406,0.0,P2,missed,KARSIYAKA M. CELEP 2Pt missed,,,,,,,,,0,103,2.0,def_reb,0,48,0,41
01:40,01:40:00,48,41,7,2,2,REGULAR,73,B. DESSERT,1,rebound,340,339,[],defensive,0,13,Brice,Dessert,Brice,Dessert,B,D,B,D,B. Dessert,ANADOLU EFES,EFS,B. Dessert,13,,,,,,REB,,ANADOLU EFES rebound defensive,,,,,,,,,0,104,1.0,def_reb,0,48,0,41
01:21,01:21:00,48,43,5,2,2,REGULAR,73,B. DESSERT,1,2pt,342,,['pointsinthepaint'],jumpshot,1,13,Brice,Dessert,Brice,Dessert,B,D,B,D,B. Dessert,ANADOLU EFES,EFS,B. Dessert,13,,,5.1799998283386,58.590000152588,1.0,P2,made,ANADOLU EFES B. DESSERT 2Pt made,90.0,2.0,S. LARKIN,,,,,,2,105,2.0,score,0,48,2,43
01:21,01:21:00,48,43,5,2,2,REGULAR,90,S. LARKIN,1,assist,343,342,[],,0,0,Shane,Larkin,Shane,Larkin,S,L,S,L,S. Larkin,ANADOLU EFES,EFS,S. Larkin,0,,,,,,ASS,,ANADOLU EFES S. LARKIN assist,,,,,,,,,0,106,1.0,,0,48,0,43
01:21,01:21:00,48,43,5,1,2,REGULAR,0,,1,timeout,344,,[],full,0,,,,,,,,,,,KARSIYAKA,KSK,,,,,,,,TIMEOUT,,KARSIYAKA timeout,,,,,,,,,0,106,1.0,,0,48,0,43
01:08,01:08:00,50,43,7,1,2,REGULAR,89,C. MANNING JR,1,2pt,346,,[],jumpshot,1,21,Charles Maurice,Manning Jr,Charles Maurice,Manning Jr,C,M,C,M,C. Manning Jr,KARSIYAKA,KSK,C. Manning Jr,21,,,82.559997558594,79.48999786377,1.0,P2,made,KARSIYAKA C. MANNING JR 2Pt made,,,,,,,,,2,106,1.0,score,2,50,0,43
00:50,00:50:60,50,43,7,1,2,REGULAR,86,C. CHIOZZA,1,foul,348,,['2freethrow'],personal,0,11,Christopher Xavier,Chiozza,Christopher Xavier,Chiozza,C,C,C,C,C. Chiozza,KARSIYAKA,KSK,C. Chiozza,11,,,,,,FOUL,,KARSIYAKA C. CHIOZZA foul personal,,,,,,,,,0,107,2.0,,0,50,0,43
00:50,00:50:60,50,43,7,2,2,REGULAR,92,J. LOYD,1,foulon,349,348,[],,0,3,Jordan,Loyd,Jordan,Loyd,J,L,J,L,J. Loyd,ANADOLU EFES,EFS,J. Loyd,3,,,,,,OTHER,,ANADOLU EFES foulon,,,,,,,,,0,107,2.0,,0,50,0,43
00:50,00:50:60,50,44,6,2,2,REGULAR,92,J. LOYD,1,freethrow,350,,[],1of2,1,3,Jordan,Loyd,Jordan,Loyd,J,L,J,L,J. Loyd,ANADOLU EFES,EFS,J. Loyd,3,,,,,,FT,made,ANADOLU EFES J. LOYD FT 1of2 made,,,,,,,,,1,107,2.0,made_ft,0,50,1,44
00:50,00:50:60,50,44,6,2,2,REGULAR,92,J. LOYD,0,freethrow,351,,[],2of2,1,3,Jordan,Loyd,Jordan,Loyd,J,L,J,L,J. Loyd,ANADOLU EFES,EFS,J. Loyd,3,,,,,,FT,missed,ANADOLU EFES J. LOYD FT 2of2 missed,,,,,,,,,0,108,1.0,def_reb,0,50,0,44
00:50,00:50:60,50,44,6,1,2,REGULAR,83,E. YAPICI,1,rebound,353,351,[],defensive,0,19,Egemen,Yapici,Egemen,Yapici,E,Y,E,Y,E. Yapici,KARSIYAKA,KSK,E. Yapici,19,,,,,,REB,,KARSIYAKA rebound defensive,,,,,,,,,0,109,2.0,def_reb,0,50,0,44
00:28,00:28:80,50,44,6,1,2,REGULAR,88,M. MOORE,0,3pt,354,,[],jumpshot,1,2,Michael Jarade,Moore,Michael Jarade,Moore,M,M,M,M,M. Moore,KARSIYAKA,KSK,M. Moore,2,,,67.430000305176,40.229999542236,0.0,P3,missed,KARSIYAKA M. MOORE 3Pt missed,,,,,,,,,0,110,1.0,def_reb,0,50,0,44
00:25,00:25:90,50,44,6,2,2,REGULAR,87,N. WEILER-BABB,1,rebound,355,354,[],defensive,0,8,Nick,Weiler-Babb,Nick,Weiler-Babb,N,W,N,W,N. Weiler-Babb,ANADOLU EFES,EFS,N. Weiler-Babb,8,,,,,,REB,,ANADOLU EFES rebound defensive,,,,,,,,,0,111,2.0,def_reb,0,50,0,44
00:20,00:20:50,50,47,3,2,2,REGULAR,92,J. LOYD,1,3pt,356,,[],jumpshot,1,3,Jordan,Loyd,Jordan,Loyd,J,L,J,L,J. Loyd,ANADOLU EFES,EFS,J. Loyd,3,,,18.909999847412,10.279999732971,1.0,P3,made,ANADOLU EFES J. LOYD 3Pt made,90.0,2.0,S. LARKIN,,,,,,3,112,1.0,score,0,50,3,47
00:20,00:20:50,50,47,3,2,2,REGULAR,90,S. LARKIN,1,assist,357,356,[],,0,0,Shane,Larkin,Shane,Larkin,S,L,S,L,S. Larkin,ANADOLU EFES,EFS,S. Larkin,0,,,,,,ASS,,ANADOLU EFES S. LARKIN assist,,,,,,,,,0,113,2.0,,0,50,0,47
00:00,00:00:40,50,47,3,1,2,REGULAR,86,C. CHIOZZA,0,3pt,359,,[],jumpshot,1,11,Christopher Xavier,Chiozza,Christopher Xavier,Chiozza,C,C,C,C,C. Chiozza,KARSIYAKA,KSK,C. Chiozza,11,,,77.569999694824,90.51000213623,0.0,P3,missed,KARSIYAKA C. CHIOZZA 3Pt missed,,,,,,,,,0,113,2.0,,0,50,0,47
00:00,00:00:00,50,47,3,0,2,REGULAR,0,,1,period,360,,['confirmed'],end,0,,,,,,,,,,,,,,,,,,,,OTHER,,period end,,,,,,,,,0,113,2.0,,0,50,0,47
10:00,10:00:00,50,47,3,1,3,REGULAR,83,E. YAPICI,1,substitution,361,,[],out,0,19,Egemen,Yapici,Egemen,Yapici,E,Y,E,Y,E. Yapici,KARSIYAKA,KSK,E. Yapici,19,,,,,,SUB,out,KARSIYAKA substitution out,,,,,,,,,0,113,2.0,,0,50,0,47
10:00,10:00:00,50,47,3,1,3,REGULAR,79,M. CELEP,1,substitution,362,,[],out,0,35,Mert,Celep,Mert,Celep,M,C,M,C,M. Celep,KARSIYAKA,KSK,M. Celep,35,,,,,,SUB,out,KARSIYAKA substitution out,,,,,,,,,0,113,2.0,,0,50,0,47
10:00,10:00:00,50,47,3,1,3,REGULAR,78,S. GEYIK,1,substitution,363,,[],in,0,4,Samet,Geyik,Samet,Geyik,S,G,S,G,S. Geyik,KARSIYAKA,KSK,S. Geyik,4,,,,,,SUB,in,KARSIYAKA substitution in,,,,,,,,,0,113,2.0,,0,50,0,47
10:00,10:00:00,50,47,3,1,3,REGULAR,87,J. ALSTON,1,substitution,364,,[],in,0,32,Justin Alexander,Alston,Justin Alexander,Alston,J,A,J,A,J. Alston,KARSIYAKA,KSK,J. Alston,32,,,,,,SUB,in,KARSIYAKA substitution in,,,,,,,,,0,113,2.0,,0,50,0,47
10:00,10:00:00,50,47,3,2,3,REGULAR,92,J. LOYD,1,substitution,365,,[],out,0,3,Jordan,Loyd,Jordan,Loyd,J,L,J,L,J. Loyd,ANADOLU EFES,EFS,J. Loyd,3,,,,,,SUB,out,ANADOLU EFES substitution out,,,,,,,,,0,113,2.0,,0,50,0,47
10:00,10:00:00,50,47,3,2,3,REGULAR,80,E. YILMAZ,1,substitution,366,,[],in,0,33,Erkan,Yilmaz,Erkan,Yilmaz,E,Y,E,Y,E. Yilmaz,ANADOLU EFES,EFS,E. Yilmaz,33,,,,,,SUB,in,ANADOLU EFES substitution in,,,,,,,,,0,113,2.0,,0,50,0,47
10:00,10:00:00,50,47,3,0,3,REGULAR,0,,1,period,367,,[],start,0,,,,,,,,,,,,,,,,,,,,OTHER,,period start,,,,,,,,,0,113,2.0,,0,50,0,47
09:46,09:46:00,50,47,3,2,3,REGULAR,90,S. LARKIN,0,3pt,369,,[],jumpshot,1,0,Shane,Larkin,Shane,Larkin,S,L,S,L,S. Larkin,ANADOLU EFES,EFS,S. Larkin,0,,,72.569999694824,20.170000076294,0.0,P3,missed,ANADOLU EFES S. LARKIN 3Pt missed,,,,,,,,,0,113,2.0,def_reb,0,50,0,47
09:44,09:44:00,50,47,3,1,3,REGULAR,89,C. MANNING JR,1,rebound,370,369,[],defensive,0,21,Charles Maurice,Manning Jr,Charles Maurice,Manning Jr,C,M,C,M,C. Manning Jr,KARSIYAKA,KSK,C. Manning Jr,21,,,,,,REB,,KARSIYAKA rebound defensive,,,,,,,,,0,114,1.0,def_reb,0,50,0,47
09:32,09:32:00,50,47,3,1,3,REGULAR,88,M. MOORE,1,turnover,371,,[],badpass,0,2,Michael Jarade,Moore,Michael Jarade,Moore,M,M,M,M,M. Moore,KARSIYAKA,KSK,M. Moore,2,,,,,,TO,,KARSIYAKA M. MOORE turnover badpass,,,,,,,,,0,115,2.0,turnover,0,50,0,47
09:32,09:32:00,50,47,3,2,3,REGULAR,80,E. YILMAZ,1,steal,372,371,[],,0,33,Erkan,Yilmaz,Erkan,Yilmaz,E,Y,E,Y,E. Yilmaz,ANADOLU EFES,EFS,E. Yilmaz,33,,,,,,ST,,ANADOLU EFES E. YILMAZ steal,,,,,,,,,0,116,1.0,,0,50,0,47
09:28,09:28:00,50,47,3,2,3,REGULAR,80,E. YILMAZ,1,turnover,373,,[],ballhandling,0,33,Erkan,Yilmaz,Erkan,Yilmaz,E,Y,E,Y,E. Yilmaz,ANADOLU EFES,EFS,E. Yilmaz,33,,,,,,TO,,ANADOLU EFES E. YILMAZ turnover ballhandling,,,,,,,,,0,116,1.0,turnover,0,50,0,47
09:28,09:28:00,50,47,3,1,3,REGULAR,86,C. CHIOZZA,1,steal,374,373,[],,0,11,Christopher Xavier,Chiozza,Christopher Xavier,Chiozza,C,C,C,C,C. Chiozza,KARSIYAKA,KSK,C. Chiozza,11,,,,,,ST,,KARSIYAKA C. CHIOZZA steal,,,,,,,,,0,117,2.0,,0,50,0,47
09:21,09:21:00,50,47,3,1,3,REGULAR,78,S. GEYIK,0,3pt,375,,['fromturnover'],jumpshot,1,4,Samet,Geyik,Samet,Geyik,S,G,S,G,S. Geyik,KARSIYAKA,KSK,S. Geyik,4,,,29.360000610352,31.190000534058,0.0,P3,missed,KARSIYAKA S. GEYIK 3Pt missed,,,,,,,,,0,117,2.0,def_reb,0,50,0,47
09:18,09:18:00,50,47,3,2,3,REGULAR,90,S. LARKIN,1,rebound,376,375,[],defensive,0,0,Shane,Larkin,Shane,Larkin,S,L,S,L,S. Larkin,ANADOLU EFES,EFS,S. Larkin,0,,,,,,REB,,ANADOLU EFES rebound defensive,,,,,,,,,0,118,1.0,def_reb,0,50,0,47
09:09,09:09:00,50,49,1,2,3,REGULAR,73,B. DESSERT,1,2pt,377,,['pointsinthepaint'],dunk,1,13,Brice,Dessert,Brice,Dessert,B,D,B,D,B. Dessert,ANADOLU EFES,EFS,B. Dessert,13,,,92.069999694824,58.869998931885,1.0,P2,made,ANADOLU EFES B. DESSERT 2Pt made,90.0,2.0,S. LARKIN,,,,,,2,119,2.0,score,0,50,2,49
09:09,09:09:00,50,49,1,2,3,REGULAR,90,S. LARKIN,1,assist,378,377,[],,0,0,Shane,Larkin,Shane,Larkin,S,L,S,L,S. Larkin,ANADOLU EFES,EFS,S. Larkin,0,,,,,,ASS,,ANADOLU EFES S. LARKIN assist,,,,,,,,,0,120,1.0,,0,50,0,49
08:42,08:42:00,50,49,1,1,3,REGULAR,87,J. ALSTON,0,2pt,379,,['pointsinthepaint'],jumpshot,1,32,Justin Alexander,Alston,Justin Alexander,Alston,J,A,J,A,J. Alston,KARSIYAKA,KSK,J. Alston,32,,,13.449999809265,47.849998474121,0.0,P2,missed,KARSIYAKA J. ALSTON 2Pt missed,,,,,,,,,0,120,1.0,def_reb,0,50,0,49
08:40,08:40:00,50,49,1,2,3,REGULAR,87,N. WEILER-BABB,1,rebound,380,379,[],defensive,0,8,Nick,Weiler-Babb,Nick,Weiler-Babb,N,W,N,W,N. Weiler-Babb,ANADOLU EFES,EFS,N. Weiler-Babb,8,,,,,,REB,,ANADOLU EFES rebound defensive,,,,,,,,,0,121,2.0,def_reb,0,50,0,49
08:35,08:35:00,50,49,1,1,3,REGULAR,87,J. ALSTON,1,foul,382,,[],personal,0,32,Justin Alexander,Alston,Justin Alexander,Alston,J,A,J,A,J. Alston,KARSIYAKA,KSK,J. Alston,32,,,,,,FOUL,,KARSIYAKA J. ALSTON foul personal,,,,,,,,,0,122,1.0,,0,50,0,49
08:35,08:35:00,50,49,1,2,3,REGULAR,86,R. SMITS,1,foulon,383,382,[],,0,11,Rolands,Smits,Rolands,Smits,R,S,R,S,R. Smits,ANADOLU EFES,EFS,R. Smits,11,,,,,,OTHER,,ANADOLU EFES foulon,,,,,,,,,0,122,1.0,,0,50,0,49
08:27,08:27:00,50,52,-2,2,3,REGULAR,90,S. LARKIN,1,3pt,385,,[],jumpshot,1,0,Shane,Larkin,Shane,Larkin,S,L,S,L,S. Larkin,ANADOLU EFES,EFS,S. Larkin,0,,,85.680000305176,95.029998779297,1.0,P3,made,ANADOLU EFES S. LARKIN 3Pt made,87.0,2.0,N. WEILER-BABB,,,,,,3,122,1.0,score,0,50,3,52
08:27,08:27:00,50,52,-2,2,3,REGULAR,87,N. WEILER-BABB,1,assist,386,385,[],,0,8,Nick,Weiler-Babb,Nick,Weiler-Babb,N,W,N,W,N. Weiler-Babb,ANADOLU EFES,EFS,N. Weiler-Babb,8,,,,,,ASS,,ANADOLU EFES N. WEILER-BABB assist,,,,,,,,,0,123,2.0,,0,50,0,52
08:03,08:03:00,50,52,-2,1,3,REGULAR,87,J. ALSTON,0,2pt,387,,"['pointsinthepaint', 'blocked']",drivinglayup,1,32,Justin Alexander,Alston,Justin Alexander,Alston,J,A,J,A,J. Alston,KARSIYAKA,KSK,J. Alston,32,,,5.960000038147,56.049999237061,0.0,P2,missed,KARSIYAKA J. ALSTON 2Pt missed,,,,73.0,2.0,B. DESSERT,,,0,123,2.0,,0,50,0,52
08:03,08:03:00,50,52,-2,2,3,REGULAR,73,B. DESSERT,1,block,388,387,[],,0,13,Brice,Dessert,Brice,Dessert,B,D,B,D,B. Dessert,ANADOLU EFES,EFS,B. Dessert,13,,,,,,BS,,ANADOLU EFES B. DESSERT block,,,,,,,,,0,123,2.0,,0,50,0,52
07:59,07:59:00,50,52,-2,2,3,REGULAR,86,R. SMITS,1,rebound,389,387,[],defensive,0,11,Rolands,Smits,Rolands,Smits,R,S,R,S,R. Smits,ANADOLU EFES,EFS,R. Smits,11,,,,,,REB,,ANADOLU EFES rebound defensive,,,,,,,,,0,123,2.0,def_reb,0,50,0,52
07:55,07:55:00,50,52,-2,2,3,REGULAR,87,N. WEILER-BABB,0,3pt,390,,[],jumpshot,1,8,Nick,Weiler-Babb,Nick,Weiler-Babb,N,W,N,W,N. Weiler-Babb,ANADOLU EFES,EFS,N. Weiler-Babb,8,,,79.440002441406,92.199996948242,0.0,P3,missed,ANADOLU EFES N. WEILER-BABB 3Pt missed,,,,,,,,,0,124,1.0,def_reb,0,50,0,52
07:53,07:53:00,50,52,-2,1,3,REGULAR,78,S. GEYIK,1,rebound,391,390,[],defensive,0,4,Samet,Geyik,Samet,Geyik,S,G,S,G,S. Geyik,KARSIYAKA,KSK,S. Geyik,4,,,,,,REB,,KARSIYAKA rebound defensive,,,,,,,,,0,125,2.0,def_reb,0,50,0,52
07:33,07:33:00,50,52,-2,1,3,REGULAR,89,C. MANNING JR,0,3pt,394,,[],jumpshot,1,21,Charles Maurice,Manning Jr,Charles Maurice,Manning Jr,C,M,C,M,C. Manning Jr,KARSIYAKA,KSK,C. Manning Jr,21,,,31.079999923706,63.669998168945,0.0,P3,missed,KARSIYAKA C. MANNING JR 3Pt missed,,,,,,,,,0,126,1.0,def_reb,0,50,0,52
07:30,07:30:00,50,52,-2,2,3,REGULAR,86,R. SMITS,1,rebound,395,394,[],defensive,0,11,Rolands,Smits,Rolands,Smits,R,S,R,S,R. Smits,ANADOLU EFES,EFS,R. Smits,11,,,,,,REB,,ANADOLU EFES rebound defensive,,,,,,,,,0,127,2.0,def_reb,0,50,0,52
07:14,07:14:00,50,52,-2,1,3,REGULAR,87,J. ALSTON,1,foul,397,,"['shooting', '2freethrow']",personal,0,32,Justin Alexander,Alston,Justin Alexander,Alston,J,A,J,A,J. Alston,KARSIYAKA,KSK,J. Alston,32,,,,,,FOUL,,KARSIYAKA J. ALSTON foul personal,,,,,,,,,0,128,1.0,,0,50,0,52
07:14,07:14:00,50,52,-2,2,3,REGULAR,86,R. SMITS,1,foulon,398,397,[],,0,11,Rolands,Smits,Rolands,Smits,R,S,R,S,R. Smits,ANADOLU EFES,EFS,R. Smits,11,,,,,,OTHER,,ANADOLU EFES foulon,,,,,,,,,0,128,1.0,,0,50,0,52
07:14,07:14:00,50,53,-3,2,3,REGULAR,86,R. SMITS,1,freethrow,399,,[],1of2,1,11,Rolands,Smits,Rolands,Smits,R,S,R,S,R. Smits,ANADOLU EFES,EFS,R. Smits,11,,,,,,FT,made,ANADOLU EFES R. SMITS FT 1of2 made,,,,,,,,,1,128,1.0,made_ft,0,50,1,53
07:14,07:14:00,50,54,-4,2,3,REGULAR,86,R. SMITS,1,freethrow,400,,[],2of2,1,11,Rolands,Smits,Rolands,Smits,R,S,R,S,R. Smits,ANADOLU EFES,EFS,R. Smits,11,,,,,,FT,made,ANADOLU EFES R. SMITS FT 2of2 made,,,,,,,,,1,129,2.0,made_ft_last,0,50,1,54
06:59,06:59:00,50,54,-4,1,3,REGULAR,86,C. CHIOZZA,0,3pt,402,,[],jumpshot,1,11,Christopher Xavier,Chiozza,Christopher Xavier,Chiozza,C,C,C,C,C. Chiozza,KARSIYAKA,KSK,C. Chiozza,11,,,16.260000228882,93.900001525879,0.0,P3,missed,KARSIYAKA C. CHIOZZA 3Pt missed,,,,,,,,,0,130,1.0,,0,50,0,54
06:55,06:55:00,50,54,-4,1,3,REGULAR,87,J. ALSTON,1,rebound,403,402,[],offensive,0,32,Justin Alexander,Alston,Justin Alexander,Alston,J,A,J,A,J. Alston,KARSIYAKA,KSK,J. Alston,32,,,,,,REB,,KARSIYAKA rebound offensive,,,,,,,,,0,130,1.0,,0,50,0,54
06:55,06:55:00,50,54,-4,1,3,REGULAR,0,,1,jumpball,405,,[],heldball,0,,,,,,,,,,,KARSIYAKA,KSK,,,,,,,,JUMP,,jump ball,,,,,,,,,0,130,1.0,,0,50,0,54
06:53,06:53:00,50,54,-4,1,3,REGULAR,87,J. ALSTON,0,2pt,408,,"['2ndchance', 'pointsinthepaint', 'blocked']",layup,1,32,Justin Alexander,Alston,Justin Alexander,Alston,J,A,J,A,J. Alston,KARSIYAKA,KSK,J. Alston,32,,,6.7399997711182,50.959999084473,0.0,P2,missed,KARSIYAKA J. ALSTON 2Pt missed,,,,73.0,2.0,B. DESSERT,,,0,130,1.0,,0,50,0,54
06:53,06:53:00,50,54,-4,2,3,REGULAR,73,B. DESSERT,1,block,409,408,[],,0,13,Brice,Dessert,Brice,Dessert,B,D,B,D,B. Dessert,ANADOLU EFES,EFS,B. Dessert,13,,,,,,BS,,ANADOLU EFES B. DESSERT block,,,,,,,,,0,130,1.0,,0,50,0,54
06:53,06:53:00,50,54,-4,2,3,REGULAR,0,,1,rebound,410,408,['team'],defensive,0,,,,,,,,,,,ANADOLU EFES,EFS,,,,,,,,TREB,,ANADOLU EFES team rebound defensive,,,,,,,,,0,130,1.0,def_reb,0,50,0,54
06:38,06:38:00,50,56,-6,2,3,REGULAR,86,R. SMITS,1,2pt,412,,['pointsinthepaint'],reverselayup,1,11,Rolands,Smits,Rolands,Smits,R,S,R,S,R. Smits,ANADOLU EFES,EFS,R. Smits,11,,,93.169998168945,52.090000152588,1.0,P2,made,ANADOLU EFES R. SMITS 2Pt made,87.0,2.0,N. WEILER-BABB,,,,,,2,131,2.0,score,0,50,2,56
06:38,06:38:00,50,56,-6,2,3,REGULAR,87,N. WEILER-BABB,1,assist,413,412,[],,0,8,Nick,Weiler-Babb,Nick,Weiler-Babb,N,W,N,W,N. Weiler-Babb,ANADOLU EFES,EFS,N. Weiler-Babb,8,,,,,,ASS,,ANADOLU EFES N. WEILER-BABB assist,,,,,,,,,0,132,1.0,,0,50,0,56
06:15,06:15:00,50,56,-6,1,3,REGULAR,88,M. MOORE,0,2pt,415,,['pointsinthepaint'],jumpshot,1,2,Michael Jarade,Moore,Michael Jarade,Moore,M,M,M,M,M. Moore,KARSIYAKA,KSK,M. Moore,2,,,17.040000915527,64.519996643066,0.0,P2,missed,KARSIYAKA M. MOORE 2Pt missed,,,,,,,,,0,132,1.0,,0,50,0,56
06:14,06:14:00,50,56,-6,1,3,REGULAR,89,C. MANNING JR,1,rebound,416,415,[],offensive,0,21,Charles Maurice,Manning Jr,Charles Maurice,Manning Jr,C,M,C,M,C. Manning Jr,KARSIYAKA,KSK,C. Manning Jr,21,,,,,,REB,,KARSIYAKA rebound offensive,,,,,,,,,0,132,1.0,,0,50,0,56
06:14,06:14:00,50,56,-6,2,3,REGULAR,73,B. DESSERT,1,foul,417,,"['shooting', '2freethrow']",personal,0,13,Brice,Dessert,Brice,Dessert,B,D,B,D,B. Dessert,ANADOLU EFES,EFS,B. Dessert,13,,,,,,FOUL,,ANADOLU EFES B. DESSERT foul personal,,,,,,,,,0,132,1.0,,0,50,0,56
06:14,06:14:00,50,56,-6,1,3,REGULAR,89,C. MANNING JR,1,foulon,418,417,[],,0,21,Charles Maurice,Manning Jr,Charles Maurice,Manning Jr,C,M,C,M,C. Manning Jr,KARSIYAKA,KSK,C. Manning Jr,21,,,,,,OTHER,,KARSIYAKA foulon,,,,,,,,,0,132,1.0,,0,50,0,56
06:14,06:14:00,50,56,-6,1,3,REGULAR,87,J. ALSTON,1,substitution,419,,[],out,0,32,Justin Alexander,Alston,Justin Alexander,Alston,J,A,J,A,J. Alston,KARSIYAKA,KSK,J. Alston,32,,,,,,SUB,out,KARSIYAKA substitution out,,,,,,,,,0,132,1.0,,0,50,0,56
06:14,06:14:00,50,56,-6,1,3,REGULAR,79,M. CELEP,1,substitution,420,,[],in,0,35,Mert,Celep,Mert,Celep,M,C,M,C,M. Celep,KARSIYAKA,KSK,M. Celep,35,,,,,,SUB,in,KARSIYAKA substitution in,,,,,,,,,0,132,1.0,,0,50,0,56
06:14,06:14:00,51,56,-5,1,3,REGULAR,89,C. MANNING JR,1,freethrow,421,,['2ndchance'],1of2,1,21,Charles Maurice,Manning Jr,Charles Maurice,Manning Jr,C,M,C,M,C. Manning Jr,KARSIYAKA,KSK,C. Manning Jr,21,,,,,,FT,made,KARSIYAKA C. MANNING JR FT 1of2 made,,,,,,,,,1,132,1.0,made_ft,1,51,0,56
06:14,06:14:00,52,56,-4,1,3,REGULAR,89,C. MANNING JR,1,freethrow,422,,['2ndchance'],2of2,1,21,Charles Maurice,Manning Jr,Charles Maurice,Manning Jr,C,M,C,M,C. Manning Jr,KARSIYAKA,KSK,C. Manning Jr,21,,,,,,FT,made,KARSIYAKA C. MANNING JR FT 2of2 made,,,,,,,,,1,133,2.0,made_ft_last,1,52,0,56
06:14,06:14:00,52,56,-4,1,3,REGULAR,89,C. MANNING JR,1,substitution,423,,[],out,0,21,Charles Maurice,Manning Jr,Charles Maurice,Manning Jr,C,M,C,M,C. Manning Jr,KARSIYAKA,KSK,C. Manning Jr,21,,,,,,SUB,out,KARSIYAKA substitution out,,,,,,,,,0,134,1.0,,0,52,0,56
06:14,06:14:00,52,56,-4,1,3,REGULAR,93,C. YOUNG,1,substitution,424,,[],in,0,1,Cameron Jordan,Young,Cameron Jordan,Young,C,Y,C,Y,C. Young,KARSIYAKA,KSK,C. Young,1,,,,,,SUB,in,KARSIYAKA substitution in,,,,,,,,,0,134,1.0,,0,52,0,56
05:59,05:59:00,52,56,-4,2,3,REGULAR,80,E. YILMAZ,0,3pt,426,,[],jumpshot,1,33,Erkan,Yilmaz,Erkan,Yilmaz,E,Y,E,Y,E. Yilmaz,ANADOLU EFES,EFS,E. Yilmaz,33,,,84.269996643066,6.6100001335144,0.0,P3,missed,ANADOLU EFES E. YILMAZ 3Pt missed,,,,,,,,,0,134,1.0,,0,52,0,56
05:56,05:56:00,52,56,-4,2,3,REGULAR,73,B. DESSERT,1,rebound,427,426,[],offensive,0,13,Brice,Dessert,Brice,Dessert,B,D,B,D,B. Dessert,ANADOLU EFES,EFS,B. Dessert,13,,,,,,REB,,ANADOLU EFES rebound offensive,,,,,,,,,0,134,1.0,,0,52,0,56
05:55,05:55:00,52,56,-4,2,3,REGULAR,73,B. DESSERT,1,turnover,429,,[],outofbounds,0,13,Brice,Dessert,Brice,Dessert,B,D,B,D,B. Dessert,ANADOLU EFES,EFS,B. Dessert,13,,,,,,TO,,ANADOLU EFES B. DESSERT turnover outofbounds,,,,,,,,,0,134,1.0,turnover,0,52,0,56
05:55,05:55:00,52,56,-4,2,3,REGULAR,80,E. YILMAZ,1,substitution,430,,[],out,0,33,Erkan,Yilmaz,Erkan,Yilmaz,E,Y,E,Y,E. Yilmaz,ANADOLU EFES,EFS,E. Yilmaz,33,,,,,,SUB,out,ANADOLU EFES substitution out,,,,,,,,,0,135,2.0,,0,52,0,56
05:55,05:55:00,52,56,-4,2,3,REGULAR,74,P. DOZIER,1,substitution,431,,[],in,0,15,Pj,Dozier,Pj,Dozier,P,D,P,D,P. Dozier,ANADOLU EFES,EFS,P. Dozier,15,,,,,,SUB,in,ANADOLU EFES substitution in,,,,,,,,,0,135,2.0,,0,52,0,56
05:32,05:32:00,52,56,-4,1,3,REGULAR,86,C. CHIOZZA,0,3pt,433,,['fromturnover'],jumpshot,1,11,Christopher Xavier,Chiozza,Christopher Xavier,Chiozza,C,C,C,C,C. Chiozza,KARSIYAKA,KSK,C. Chiozza,11,,,38.409999847412,50.680000305176,0.0,P3,missed,KARSIYAKA C. CHIOZZA 3Pt missed,,,,,,,,,0,135,2.0,def_reb,0,52,0,56
05:29,05:29:00,52,56,-4,2,3,REGULAR,90,S. LARKIN,1,rebound,434,433,[],defensive,0,0,Shane,Larkin,Shane,Larkin,S,L,S,L,S. Larkin,ANADOLU EFES,EFS,S. Larkin,0,,,,,,REB,,ANADOLU EFES rebound defensive,,,,,,,,,0,136,1.0,def_reb,0,52,0,56
05:27,05:27:00,52,56,-4,1,3,REGULAR,93,C. YOUNG,1,foul,436,,[],personal,0,1,Cameron Jordan,Young,Cameron Jordan,Young,C,Y,C,Y,C. Young,KARSIYAKA,KSK,C. Young,1,,,,,,FOUL,,KARSIYAKA C. YOUNG foul personal,,,,,,,,,0,137,2.0,,0,52,0,56
05:27,05:27:00,52,56,-4,2,3,REGULAR,90,S. LARKIN,1,foulon,437,436,[],,0,0,Shane,Larkin,Shane,Larkin,S,L,S,L,S. Larkin,ANADOLU EFES,EFS,S. Larkin,0,,,,,,OTHER,,ANADOLU EFES foulon,,,,,,,,,0,137,2.0,,0,52,0,56
05:27,05:27:00,52,56,-4,1,3,REGULAR,86,C. CHIOZZA,1,substitution,438,,[],out,0,11,Christopher Xavier,Chiozza,Christopher Xavier,Chiozza,C,C,C,C,C. Chiozza,KARSIYAKA,KSK,C. Chiozza,11,,,,,,SUB,out,KARSIYAKA substitution out,,,,,,,,,0,137,2.0,,0,52,0,56
05:27,05:27:00,52,56,-4,1,3,REGULAR,95,N. GORDIC,1,substitution,439,,[],in,0,8,Nemanja,Gordic,Nemanja,Gordic,N,G,N,G,N. Gordic,KARSIYAKA,KSK,N. Gordic,8,,,,,,SUB,in,KARSIYAKA substitution in,,,,,,,,,0,137,2.0,,0,52,0,56
05:10,05:10:00,52,56,-4,1,3,REGULAR,78,S. GEYIK,1,foul,442,,[],personal,0,4,Samet,Geyik,Samet,Geyik,S,G,S,G,S. Geyik,KARSIYAKA,KSK,S. Geyik,4,,,,,,FOUL,,KARSIYAKA S. GEYIK foul personal,,,,,,,,,0,137,2.0,,0,52,0,56
05:10,05:10:00,52,56,-4,2,3,REGULAR,74,P. DOZIER,1,foulon,443,442,[],,0,15,Pj,Dozier,Pj,Dozier,P,D,P,D,P. Dozier,ANADOLU EFES,EFS,P. Dozier,15,,,,,,OTHER,,ANADOLU EFES foulon,,,,,,,,,0,137,2.0,,0,52,0,56
05:10,05:10:00,52,56,-4,2,3,REGULAR,86,R. SMITS,1,substitution,444,,[],out,0,11,Rolands,Smits,Rolands,Smits,R,S,R,S,R. Smits,ANADOLU EFES,EFS,R. Smits,11,,,,,,SUB,out,ANADOLU EFES substitution out,,,,,,,,,0,137,2.0,,0,52,0,56
05:10,05:10:00,52,56,-4,2,3,REGULAR,75,C. SWIDER,1,substitution,445,,[],in,0,21,Cole,Swider,Cole,Swider,C,S,C,S,C. Swider,ANADOLU EFES,EFS,C. Swider,21,,,,,,SUB,in,ANADOLU EFES substitution in,,,,,,,,,0,137,2.0,,0,52,0,56
05:03,05:03:00,52,58,-6,2,3,REGULAR,75,C. SWIDER,1,2pt,447,,[],jumpshot,1,21,Cole,Swider,Cole,Swider,C,S,C,S,C. Swider,ANADOLU EFES,EFS,C. Swider,21,,,88.019996643066,77.230003356934,1.0,P2,made,ANADOLU EFES C. SWIDER 2Pt made,,,,,,,,,2,137,2.0,score,0,52,2,58
04:45,04:45:00,54,58,-4,1,3,REGULAR,88,M. MOORE,1,2pt,449,,['pointsinthepaint'],layup,1,2,Michael Jarade,Moore,Michael Jarade,Moore,M,M,M,M,M. Moore,KARSIYAKA,KSK,M. Moore,2,,,11.420000076294,58.869998931885,1.0,P2,made,KARSIYAKA M. MOORE 2Pt made,95.0,1.0,N. GORDIC,,,,,,2,138,1.0,score,2,54,0,58
04:45,04:45:00,54,58,-4,1,3,REGULAR,95,N. GORDIC,1,assist,450,449,[],,0,8,Nemanja,Gordic,Nemanja,Gordic,N,G,N,G,N. Gordic,KARSIYAKA,KSK,N. Gordic,8,,,,,,ASS,,KARSIYAKA N. GORDIC assist,,,,,,,,,0,139,2.0,,0,54,0,58
04:45,04:45:00,54,58,-4,2,3,REGULAR,90,S. LARKIN,1,foul,451,,"['shooting', '1freethrow']",personal,0,0,Shane,Larkin,Shane,Larkin,S,L,S,L,S. Larkin,ANADOLU EFES,EFS,S. Larkin,0,,,,,,FOUL,,ANADOLU EFES S. LARKIN foul personal,,,,,,,,,0,139,2.0,,0,54,0,58
04:45,04:45:00,54,58,-4,1,3,REGULAR,88,M. MOORE,1,foulon,452,451,[],,0,2,Michael Jarade,Moore,Michael Jarade,Moore,M,M,M,M,M. Moore,KARSIYAKA,KSK,M. Moore,2,,,,,,OTHER,,KARSIYAKA foulon,,,,,,,,,0,139,2.0,,0,54,0,58
04:45,04:45:00,54,58,-4,0,3,REGULAR,0,,1,timeout,453,,[],officials,0,,,,,,,,,,,,,,,,,,,,TIMEOUT,, timeout,,,,,,,,,0,139,2.0,,0,54,0,58
04:45,04:45:00,55,58,-3,1,3,REGULAR,88,M. MOORE,1,freethrow,454,,[],1of1,1,2,Michael Jarade,Moore,Michael Jarade,Moore,M,M,M,M,M. Moore,KARSIYAKA,KSK,M. Moore,2,,,,,,FT,made,KARSIYAKA M. MOORE FT 1of1 made,,,,,,,,,1,139,2.0,made_ft_last,1,55,0,58
04:30,04:30:00,55,61,-6,2,3,REGULAR,90,S. LARKIN,1,3pt,456,,[],jumpshot,1,0,Shane,Larkin,Shane,Larkin,S,L,S,L,S. Larkin,ANADOLU EFES,EFS,S. Larkin,0,,,77.569999694824,86.269996643066,1.0,P3,made,ANADOLU EFES S. LARKIN 3Pt made,74.0,2.0,P. DOZIER,,,,,,3,140,1.0,score,0,55,3,61
04:30,04:30:00,55,61,-6,2,3,REGULAR,74,P. DOZIER,1,assist,457,456,[],,0,15,Pj,Dozier,Pj,Dozier,P,D,P,D,P. Dozier,ANADOLU EFES,EFS,P. Dozier,15,,,,,,ASS,,ANADOLU EFES P. DOZIER assist,,,,,,,,,0,141,2.0,,0,55,0,61
04:18,04:18:00,55,61,-6,2,3,REGULAR,73,B. DESSERT,1,foul,459,,[],personal,0,13,Brice,Dessert,Brice,Dessert,B,D,B,D,B. Dessert,ANADOLU EFES,EFS,B. Dessert,13,,,,,,FOUL,,ANADOLU EFES B. DESSERT foul personal,,,,,,,,,0,141,2.0,,0,55,0,61
04:18,04:18:00,55,61,-6,1,3,REGULAR,78,S. GEYIK,1,foulon,460,459,[],,0,4,Samet,Geyik,Samet,Geyik,S,G,S,G,S. Geyik,KARSIYAKA,KSK,S. Geyik,4,,,,,,OTHER,,KARSIYAKA foulon,,,,,,,,,0,141,2.0,,0,55,0,61
04:11,04:11:00,58,61,-3,1,3,REGULAR,93,C. YOUNG,1,3pt,462,,[],jumpshot,1,1,Cameron Jordan,Young,Cameron Jordan,Young,C,Y,C,Y,C. Young,KARSIYAKA,KSK,C. Young,1,,,30.450000762939,30.620000839233,1.0,P3,made,KARSIYAKA C. YOUNG 3Pt made,95.0,1.0,N. GORDIC,,,,,,3,141,2.0,score,3,58,0,61
04:11,04:11:00,58,61,-3,1,3,REGULAR,95,N. GORDIC,1,assist,463,462,[],,0,8,Nemanja,Gordic,Nemanja,Gordic,N,G,N,G,N. Gordic,KARSIYAKA,KSK,N. Gordic,8,,,,,,ASS,,KARSIYAKA N. GORDIC assist,,,,,,,,,0,142,1.0,,0,58,0,61
03:50,03:50:00,58,61,-3,1,3,REGULAR,79,M. CELEP,1,foul,465,,"['shooting', '2freethrow']",personal,0,35,Mert,Celep,Mert,Celep,M,C,M,C,M. Celep,KARSIYAKA,KSK,M. Celep,35,,,,,,FOUL,,KARSIYAKA M. CELEP foul personal,,,,,,,,,0,142,1.0,,0,58,0,61
03:50,03:50:00,58,61,-3,2,3,REGULAR,73,B. DESSERT,1,foulon,466,465,[],,0,13,Brice,Dessert,Brice,Dessert,B,D,B,D,B. Dessert,ANADOLU EFES,EFS,B. Dessert,13,,,,,,OTHER,,ANADOLU EFES foulon,,,,,,,,,0,142,1.0,,0,58,0,61
03:50,03:50:00,58,62,-4,2,3,REGULAR,73,B. DESSERT,1,freethrow,467,,[],1of2,1,13,Brice,Dessert,Brice,Dessert,B,D,B,D,B. Dessert,ANADOLU EFES,EFS,B. Dessert,13,,,,,,FT,made,ANADOLU EFES B. DESSERT FT 1of2 made,,,,,,,,,1,142,1.0,made_ft,0,58,1,62
03:50,03:50:00,58,62,-4,2,3,REGULAR,74,P. DOZIER,1,assist,468,467,[],,0,15,Pj,Dozier,Pj,Dozier,P,D,P,D,P. Dozier,ANADOLU EFES,EFS,P. Dozier,15,,,,,,ASS,,ANADOLU EFES P. DOZIER assist,,,,,,,,,0,143,2.0,,0,58,0,62
03:50,03:50:00,58,62,-4,2,3,REGULAR,73,B. DESSERT,0,freethrow,469,,[],2of2,1,13,Brice,Dessert,Brice,Dessert,B,D,B,D,B. Dessert,ANADOLU EFES,EFS,B. Dessert,13,,,,,,FT,missed,ANADOLU EFES B. DESSERT FT 2of2 missed,,,,,,,,,0,143,2.0,def_reb,0,58,0,62
03:50,03:50:00,58,62,-4,1,3,REGULAR,78,S. GEYIK,1,rebound,471,469,[],defensive,0,4,Samet,Geyik,Samet,Geyik,S,G,S,G,S. Geyik,KARSIYAKA,KSK,S. Geyik,4,,,,,,REB,,KARSIYAKA rebound defensive,,,,,,,,,0,144,1.0,def_reb,0,58,0,62
03:30,03:30:00,58,62,-4,1,3,REGULAR,78,S. GEYIK,0,2pt,473,,"['pointsinthepaint', 'blocked']",layup,1,4,Samet,Geyik,Samet,Geyik,S,G,S,G,S. Geyik,KARSIYAKA,KSK,S. Geyik,4,,,8.9200000762939,52.369998931885,0.0,P2,missed,KARSIYAKA S. GEYIK 2Pt missed,,,,73.0,2.0,B. DESSERT,,,0,145,2.0,,0,58,0,62
03:30,03:30:00,58,62,-4,2,3,REGULAR,73,B. DESSERT,1,block,474,473,[],,0,13,Brice,Dessert,Brice,Dessert,B,D,B,D,B. Dessert,ANADOLU EFES,EFS,B. Dessert,13,,,,,,BS,,ANADOLU EFES B. DESSERT block,,,,,,,,,0,145,2.0,,0,58,0,62
03:30,03:30:00,58,62,-4,1,3,REGULAR,0,,1,rebound,475,473,['team'],offensive,0,,,,,,,,,,,KARSIYAKA,KSK,,,,,,,,TREB,,KARSIYAKA team rebound offensive,,,,,,,,,0,145,2.0,def_reb,0,58,0,62
03:28,03:28:00,58,62,-4,1,3,REGULAR,95,N. GORDIC,1,turnover,477,,[],badpass,0,8,Nemanja,Gordic,Nemanja,Gordic,N,G,N,G,N. Gordic,KARSIYAKA,KSK,N. Gordic,8,,,,,,TO,,KARSIYAKA N. GORDIC turnover badpass,,,,,,,,,0,146,1.0,turnover,0,58,0,62
03:28,03:28:00,58,62,-4,2,3,REGULAR,87,N. WEILER-BABB,1,steal,478,477,[],,0,8,Nick,Weiler-Babb,Nick,Weiler-Babb,N,W,N,W,N. Weiler-Babb,ANADOLU EFES,EFS,N. Weiler-Babb,8,,,,,,ST,,ANADOLU EFES N. WEILER-BABB steal,,,,,,,,,0,147,2.0,,0,58,0,62
03:22,03:22:00,58,62,-4,2,3,REGULAR,74,P. DOZIER,0,3pt,479,,['fromturnover'],jumpshot,1,15,Pj,Dozier,Pj,Dozier,P,D,P,D,P. Dozier,ANADOLU EFES,EFS,P. Dozier,15,,,81.150001525879,92.48999786377,0.0,P3,missed,ANADOLU EFES P. DOZIER 3Pt missed,,,,,,,,,0,147,2.0,,0,58,0,62
03:19,03:19:00,58,62,-4,2,3,REGULAR,73,B. DESSERT,1,rebound,480,479,[],offensive,0,13,Brice,Dessert,Brice,Dessert,B,D,B,D,B. Dessert,ANADOLU EFES,EFS,B. Dessert,13,,,,,,REB,,ANADOLU EFES rebound offensive,,,,,,,,,0,147,2.0,,0,58,0,62
03:17,03:17:00,58,62,-4,2,3,REGULAR,73,B. DESSERT,0,2pt,481,,"['2ndchance', 'fromturnover', 'pointsinthepaint']",jumpshot,1,13,Brice,Dessert,Brice,Dessert,B,D,B,D,B. Dessert,ANADOLU EFES,EFS,B. Dessert,13,,,89.110000610352,58.869998931885,0.0,P2,missed,ANADOLU EFES B. DESSERT 2Pt missed,,,,,,,,,0,147,2.0,def_reb,0,58,0,62
03:15,03:15:00,58,62,-4,1,3,REGULAR,78,S. GEYIK,1,rebound,482,481,[],defensive,0,4,Samet,Geyik,Samet,Geyik,S,G,S,G,S. Geyik,KARSIYAKA,KSK,S. Geyik,4,,,,,,REB,,KARSIYAKA rebound defensive,,,,,,,,,0,148,1.0,def_reb,0,58,0,62
03:03,03:03:00,58,62,-4,2,3,REGULAR,87,N. WEILER-BABB,1,foul,484,,[],personal,0,8,Nick,Weiler-Babb,Nick,Weiler-Babb,N,W,N,W,N. Weiler-Babb,ANADOLU EFES,EFS,N. Weiler-Babb,8,,,,,,FOUL,,ANADOLU EFES N. WEILER-BABB foul personal,,,,,,,,,0,149,2.0,,0,58,0,62
03:03,03:03:00,58,62,-4,1,3,REGULAR,93,C. YOUNG,1,foulon,485,484,[],,0,1,Cameron Jordan,Young,Cameron Jordan,Young,C,Y,C,Y,C. Young,KARSIYAKA,KSK,C. Young,1,,,,,,OTHER,,KARSIYAKA foulon,,,,,,,,,0,149,2.0,,0,58,0,62
03:03,03:03:00,58,62,-4,2,3,REGULAR,90,S. LARKIN,1,substitution,486,,[],out,0,0,Shane,Larkin,Shane,Larkin,S,L,S,L,S. Larkin,ANADOLU EFES,EFS,S. Larkin,0,,,,,,SUB,out,ANADOLU EFES substitution out,,,,,,,,,0,149,2.0,,0,58,0,62
03:03,03:03:00,58,62,-4,2,3,REGULAR,87,N. WEILER-BABB,1,substitution,487,,[],out,0,8,Nick,Weiler-Babb,Nick,Weiler-Babb,N,W,N,W,N. Weiler-Babb,ANADOLU EFES,EFS,N. Weiler-Babb,8,,,,,,SUB,out,ANADOLU EFES substitution out,,,,,,,,,0,149,2.0,,0,58,0,62
03:03,03:03:00,58,62,-4,2,3,REGULAR,73,B. DESSERT,1,substitution,488,,[],out,0,13,Brice,Dessert,Brice,Dessert,B,D,B,D,B. Dessert,ANADOLU EFES,EFS,B. Dessert,13,,,,,,SUB,out,ANADOLU EFES substitution out,,,,,,,,,0,149,2.0,,0,58,0,62
03:03,03:03:00,58,62,-4,2,3,REGULAR,81,S. HAZER,1,substitution,489,,[],in,0,2,Sehmus,Hazer,Sehmus,Hazer,S,H,S,H,S. Hazer,ANADOLU EFES,EFS,S. Hazer,2,,,,,,SUB,in,ANADOLU EFES substitution in,,,,,,,,,0,149,2.0,,0,58,0,62
03:03,03:03:00,58,62,-4,2,3,REGULAR,92,J. LOYD,1,substitution,490,,[],in,0,3,Jordan,Loyd,Jordan,Loyd,J,L,J,L,J. Loyd,ANADOLU EFES,EFS,J. Loyd,3,,,,,,SUB,in,ANADOLU EFES substitution in,,,,,,,,,0,149,2.0,,0,58,0,62
03:03,03:03:00,58,62,-4,2,3,REGULAR,91,K. JONES,1,substitution,491,,[],in,0,88,Kai,Jones,Kai,Jones,K,J,K,J,K. Jones,ANADOLU EFES,EFS,K. Jones,88,,,,,,SUB,in,ANADOLU EFES substitution in,,,,,,,,,0,149,2.0,,0,58,0,62
02:48,02:48:00,58,62,-4,1,3,REGULAR,79,M. CELEP,0,2pt,493,,['pointsinthepaint'],drivinglayup,1,35,Mert,Celep,Mert,Celep,M,C,M,C,M. Celep,KARSIYAKA,KSK,M. Celep,35,,,12.359999656677,61.130001068115,0.0,P2,missed,KARSIYAKA M. CELEP 2Pt missed,,,,,,,,,0,149,2.0,def_reb,0,58,0,62
02:45,02:45:00,58,62,-4,2,3,REGULAR,91,K. JONES,1,rebound,494,493,[],defensive,0,88,Kai,Jones,Kai,Jones,K,J,K,J,K. Jones,ANADOLU EFES,EFS,K. Jones,88,,,,,,REB,,ANADOLU EFES rebound defensive,,,,,,,,,0,150,1.0,def_reb,0,58,0,62
02:39,02:39:00,58,62,-4,2,3,REGULAR,74,P. DOZIER,1,turnover,495,,[],ballhandling,0,15,Pj,Dozier,Pj,Dozier,P,D,P,D,P. Dozier,ANADOLU EFES,EFS,P. Dozier,15,,,,,,TO,,ANADOLU EFES P. DOZIER turnover ballhandling,,,,,,,,,0,151,2.0,turnover,0,58,0,62
02:39,02:39:00,58,62,-4,1,3,REGULAR,78,S. GEYIK,1,steal,496,495,[],,0,4,Samet,Geyik,Samet,Geyik,S,G,S,G,S. Geyik,KARSIYAKA,KSK,S. Geyik,4,,,,,,ST,,KARSIYAKA S. GEYIK steal,,,,,,,,,0,152,1.0,,0,58,0,62
02:32,02:32:00,58,62,-4,1,3,REGULAR,93,C. YOUNG,0,2pt,497,,"['fromturnover', 'pointsinthepaint']",layup,1,1,Cameron Jordan,Young,Cameron Jordan,Young,C,Y,C,Y,C. Young,KARSIYAKA,KSK,C. Young,1,,,8.3000001907349,51.810001373291,0.0,P2,missed,KARSIYAKA C. YOUNG 2Pt missed,,,,,,,,,0,152,1.0,def_reb,0,58,0,62
02:30,02:30:00,58,62,-4,2,3,REGULAR,81,S. HAZER,1,rebound,498,497,[],defensive,0,2,Sehmus,Hazer,Sehmus,Hazer,S,H,S,H,S. Hazer,ANADOLU EFES,EFS,S. Hazer,2,,,,,,REB,,ANADOLU EFES rebound defensive,,,,,,,,,0,153,2.0,def_reb,0,58,0,62
02:26,02:26:00,58,62,-4,2,3,REGULAR,74,P. DOZIER,0,3pt,499,,[],jumpshot,1,15,Pj,Dozier,Pj,Dozier,P,D,P,D,P. Dozier,ANADOLU EFES,EFS,P. Dozier,15,,,86.930000305176,95.589996337891,0.0,P3,missed,ANADOLU EFES P. DOZIER 3Pt missed,,,,,,,,,0,154,1.0,,0,58,0,62
02:23,02:23:00,58,62,-4,2,3,REGULAR,75,C. SWIDER,1,rebound,500,499,[],offensive,0,21,Cole,Swider,Cole,Swider,C,S,C,S,C. Swider,ANADOLU EFES,EFS,C. Swider,21,,,,,,REB,,ANADOLU EFES rebound offensive,,,,,,,,,0,154,1.0,,0,58,0,62
02:19,02:19:00,58,64,-6,2,3,REGULAR,91,K. JONES,1,2pt,501,,"['2ndchance', 'pointsinthepaint']",alleyoopdunk,1,88,Kai,Jones,Kai,Jones,K,J,K,J,K. Jones,ANADOLU EFES,EFS,K. Jones,88,,,95.199996948242,63.110000610352,1.0,P2,made,ANADOLU EFES K. JONES 2Pt made,74.0,2.0,P. DOZIER,,,,,,2,154,1.0,score,0,58,2,64
02:19,02:19:00,58,64,-6,2,3,REGULAR,74,P. DOZIER,1,assist,503,501,[],,0,15,Pj,Dozier,Pj,Dozier,P,D,P,D,P. Dozier,ANADOLU EFES,EFS,P. Dozier,15,,,,,,ASS,,ANADOLU EFES P. DOZIER assist,,,,,,,,,0,155,2.0,,0,58,0,64
02:19,02:19:00,58,64,-6,1,3,REGULAR,0,,1,timeout,504,,[],full,0,,,,,,,,,,,KARSIYAKA,KSK,,,,,,,,TIMEOUT,,KARSIYAKA timeout,,,,,,,,,0,155,2.0,,0,58,0,64
02:19,02:19:00,58,64,-6,1,3,REGULAR,88,M. MOORE,1,substitution,505,,[],out,0,2,Michael Jarade,Moore,Michael Jarade,Moore,M,M,M,M,M. Moore,KARSIYAKA,KSK,M. Moore,2,,,,,,SUB,out,KARSIYAKA substitution out,,,,,,,,,0,155,2.0,,0,58,0,64
02:19,02:19:00,58,64,-6,1,3,REGULAR,79,M. CELEP,1,substitution,506,,[],out,0,35,Mert,Celep,Mert,Celep,M,C,M,C,M. Celep,KARSIYAKA,KSK,M. Celep,35,,,,,,SUB,out,KARSIYAKA substitution out,,,,,,,,,0,155,2.0,,0,58,0,64
02:19,02:19:00,58,64,-6,1,3,REGULAR,86,C. CHIOZZA,1,substitution,507,,[],in,0,11,Christopher Xavier,Chiozza,Christopher Xavier,Chiozza,C,C,C,C,C. Chiozza,KARSIYAKA,KSK,C. Chiozza,11,,,,,,SUB,in,KARSIYAKA substitution in,,,,,,,,,0,155,2.0,,0,58,0,64
02:19,02:19:00,58,64,-6,1,3,REGULAR,87,J. ALSTON,1,substitution,508,,[],in,0,32,Justin Alexander,Alston,Justin Alexander,Alston,J,A,J,A,J. Alston,KARSIYAKA,KSK,J. Alston,32,,,,,,SUB,in,KARSIYAKA substitution in,,,,,,,,,0,155,2.0,,0,58,0,64
02:02,02:02:00,60,64,-4,1,3,REGULAR,93,C. YOUNG,1,2pt,511,,['pointsinthepaint'],drivinglayup,1,1,Cameron Jordan,Young,Cameron Jordan,Young,C,Y,C,Y,C. Young,KARSIYAKA,KSK,C. Young,1,,,9.8599996566772,61.130001068115,1.0,P2,made,KARSIYAKA C. YOUNG 2Pt made,,,,,,,,,2,155,2.0,score,2,60,0,64
02:02,02:02:00,60,64,-4,2,3,REGULAR,91,K. JONES,1,foul,512,,"['shooting', '1freethrow']",personal,0,88,Kai,Jones,Kai,Jones,K,J,K,J,K. Jones,ANADOLU EFES,EFS,K. Jones,88,,,,,,FOUL,,ANADOLU EFES K. JONES foul personal,,,,,,,,,0,156,1.0,,0,60,0,64
02:02,02:02:00,60,64,-4,1,3,REGULAR,93,C. YOUNG,1,foulon,513,512,[],,0,1,Cameron Jordan,Young,Cameron Jordan,Young,C,Y,C,Y,C. Young,KARSIYAKA,KSK,C. Young,1,,,,,,OTHER,,KARSIYAKA foulon,,,,,,,,,0,156,1.0,,0,60,0,64
02:02,02:02:00,60,64,-4,1,3,REGULAR,78,S. GEYIK,1,substitution,514,,[],out,0,4,Samet,Geyik,Samet,Geyik,S,G,S,G,S. Geyik,KARSIYAKA,KSK,S. Geyik,4,,,,,,SUB,out,KARSIYAKA substitution out,,,,,,,,,0,156,1.0,,0,60,0,64
02:02,02:02:00,60,64,-4,1,3,REGULAR,79,M. CELEP,1,substitution,515,,[],in,0,35,Mert,Celep,Mert,Celep,M,C,M,C,M. Celep,KARSIYAKA,KSK,M. Celep,35,,,,,,SUB,in,KARSIYAKA substitution in,,,,,,,,,0,156,1.0,,0,60,0,64
02:02,02:02:00,61,64,-3,1,3,REGULAR,93,C. YOUNG,1,freethrow,516,,[],1of1,1,1,Cameron Jordan,Young,Cameron Jordan,Young,C,Y,C,Y,C. Young,KARSIYAKA,KSK,C. Young,1,,,,,,FT,made,KARSIYAKA C. YOUNG FT 1of1 made,,,,,,,,,1,156,1.0,made_ft_last,1,61,0,64
01:47,01:47:00,61,64,-3,1,3,REGULAR,93,C. YOUNG,1,foul,519,,"['shooting', '2freethrow']",personal,0,1,Cameron Jordan,Young,Cameron Jordan,Young,C,Y,C,Y,C. Young,KARSIYAKA,KSK,C. Young,1,,,,,,FOUL,,KARSIYAKA C. YOUNG foul personal,,,,,,,,,0,157,2.0,,0,61,0,64
01:47,01:47:00,61,64,-3,2,3,REGULAR,81,S. HAZER,1,foulon,520,519,[],,0,2,Sehmus,Hazer,Sehmus,Hazer,S,H,S,H,S. Hazer,ANADOLU EFES,EFS,S. Hazer,2,,,,,,OTHER,,ANADOLU EFES foulon,,,,,,,,,0,157,2.0,,0,61,0,64
01:47,01:47:00,61,65,-4,2,3,REGULAR,81,S. HAZER,1,freethrow,521,,[],1of2,1,2,Sehmus,Hazer,Sehmus,Hazer,S,H,S,H,S. Hazer,ANADOLU EFES,EFS,S. Hazer,2,,,,,,FT,made,ANADOLU EFES S. HAZER FT 1of2 made,,,,,,,,,1,157,2.0,made_ft,0,61,1,65
01:47,01:47:00,61,66,-5,2,3,REGULAR,81,S. HAZER,1,freethrow,522,,[],2of2,1,2,Sehmus,Hazer,Sehmus,Hazer,S,H,S,H,S. Hazer,ANADOLU EFES,EFS,S. Hazer,2,,,,,,FT,made,ANADOLU EFES S. HAZER FT 2of2 made,,,,,,,,,1,158,1.0,made_ft_last,0,61,1,66
01:32,01:32:00,61,66,-5,1,3,REGULAR,79,M. CELEP,1,foul,526,,[],offensive,0,35,Mert,Celep,Mert,Celep,M,C,M,C,M. Celep,KARSIYAKA,KSK,M. Celep,35,,,,,,RFOUL,,KARSIYAKA M. CELEP foul offensive,,,,,,,,,0,159,2.0,offensive_foul,0,61,0,66
01:32,01:32:00,61,66,-5,1,3,REGULAR,79,M. CELEP,1,turnover,527,526,[],offensive,0,35,Mert,Celep,Mert,Celep,M,C,M,C,M. Celep,KARSIYAKA,KSK,M. Celep,35,,,,,,TO,,KARSIYAKA M. CELEP turnover offensive,,,,,,,,,0,160,1.0,turnover,0,61,0,66
01:32,01:32:00,61,66,-5,2,3,REGULAR,74,P. DOZIER,1,foulon,528,526,[],,0,15,Pj,Dozier,Pj,Dozier,P,D,P,D,P. Dozier,ANADOLU EFES,EFS,P. Dozier,15,,,,,,OTHER,,ANADOLU EFES foulon,,,,,,,,,0,161,2.0,,0,61,0,66
01:32,01:32:00,61,66,-5,1,3,REGULAR,0,,1,headcoachchallenge,529,,['rejected'],foul,0,,,,,,,,,,,KARSIYAKA,KSK,,,,,,,,OTHER,,KARSIYAKA headcoachchallenge foul,,,,,,,,,0,161,2.0,,0,61,0,66
01:20,01:20:00,61,69,-8,2,3,REGULAR,75,C. SWIDER,1,3pt,531,,['fromturnover'],jumpshot,1,21,Cole,Swider,Cole,Swider,C,S,C,S,C. Swider,ANADOLU EFES,EFS,C. Swider,21,,,67.430000305176,35.990001678467,1.0,P3,made,ANADOLU EFES C. SWIDER 3Pt made,74.0,2.0,P. DOZIER,,,,,,3,161,2.0,score,0,61,3,69
01:20,01:20:00,61,69,-8,2,3,REGULAR,74,P. DOZIER,1,assist,532,531,[],,0,15,Pj,Dozier,Pj,Dozier,P,D,P,D,P. Dozier,ANADOLU EFES,EFS,P. Dozier,15,,,,,,ASS,,ANADOLU EFES P. DOZIER assist,,,,,,,,,0,162,1.0,,0,61,0,69
01:03,01:03:00,63,69,-6,1,3,REGULAR,93,C. YOUNG,1,2pt,534,,['pointsinthepaint'],drivinglayup,1,1,Cameron Jordan,Young,Cameron Jordan,Young,C,Y,C,Y,C. Young,KARSIYAKA,KSK,C. Young,1,,,8.460000038147,55.200000762939,1.0,P2,made,KARSIYAKA C. YOUNG 2Pt made,,,,,,,,,2,162,1.0,score,2,63,0,69
01:03,01:03:00,63,69,-6,2,3,REGULAR,75,C. SWIDER,1,foul,535,,"['shooting', '1freethrow']",personal,0,21,Cole,Swider,Cole,Swider,C,S,C,S,C. Swider,ANADOLU EFES,EFS,C. Swider,21,,,,,,FOUL,,ANADOLU EFES C. SWIDER foul personal,,,,,,,,,0,163,2.0,,0,63,0,69
01:03,01:03:00,63,69,-6,1,3,REGULAR,93,C. YOUNG,1,foulon,536,535,[],,0,1,Cameron Jordan,Young,Cameron Jordan,Young,C,Y,C,Y,C. Young,KARSIYAKA,KSK,C. Young,1,,,,,,OTHER,,KARSIYAKA foulon,,,,,,,,,0,163,2.0,,0,63,0,69
01:03,01:03:00,63,69,-6,1,3,REGULAR,93,C. YOUNG,0,freethrow,537,,[],1of1,1,1,Cameron Jordan,Young,Cameron Jordan,Young,C,Y,C,Y,C. Young,KARSIYAKA,KSK,C. Young,1,,,,,,FT,missed,KARSIYAKA C. YOUNG FT 1of1 missed,,,,,,,,,0,163,2.0,,0,63,0,69
01:03,01:03:00,63,69,-6,1,3,REGULAR,79,M. CELEP,1,rebound,539,537,[],offensive,0,35,Mert,Celep,Mert,Celep,M,C,M,C,M. Celep,KARSIYAKA,KSK,M. Celep,35,,,,,,REB,,KARSIYAKA rebound offensive,,,,,,,,,0,163,2.0,,0,63,0,69
00:53,00:53:30,63,69,-6,1,3,REGULAR,93,C. YOUNG,0,3pt,540,,['2ndchance'],jumpshot,1,1,Cameron Jordan,Young,Cameron Jordan,Young,C,Y,C,Y,C. Young,KARSIYAKA,KSK,C. Young,1,,,32.009998321533,58.020000457764,0.0,P3,missed,KARSIYAKA C. YOUNG 3Pt missed,,,,,,,,,0,163,2.0,def_reb,0,63,0,69
00:49,00:49:10,63,69,-6,2,3,REGULAR,81,S. HAZER,1,rebound,541,540,[],defensive,0,2,Sehmus,Hazer,Sehmus,Hazer,S,H,S,H,S. Hazer,ANADOLU EFES,EFS,S. Hazer,2,,,,,,REB,,ANADOLU EFES rebound defensive,,,,,,,,,0,164,1.0,def_reb,0,63,0,69
00:32,00:32:20,63,71,-8,2,3,REGULAR,74,P. DOZIER,1,2pt,542,,[],turnaroundjumpshot,1,15,Pj,Dozier,Pj,Dozier,P,D,P,D,P. Dozier,ANADOLU EFES,EFS,P. Dozier,15,,,84.73999786377,72.430000305176,1.0,P2,made,ANADOLU EFES P. DOZIER 2Pt made,,,,,,,,,2,165,2.0,score,0,63,2,71
00:11,00:11:90,65,71,-6,1,3,REGULAR,86,C. CHIOZZA,1,2pt,543,,['pointsinthepaint'],drivinglayup,1,11,Christopher Xavier,Chiozza,Christopher Xavier,Chiozza,C,C,C,C,C. Chiozza,KARSIYAKA,KSK,C. Chiozza,11,,,8.460000038147,54.919998168945,1.0,P2,made,KARSIYAKA C. CHIOZZA 2Pt made,,,,,,,,,2,166,1.0,score,2,65,0,71
00:02,00:02:20,65,71,-6,2,3,REGULAR,81,S. HAZER,1,substitution,545,,[],out,0,2,Sehmus,Hazer,Sehmus,Hazer,S,H,S,H,S. Hazer,ANADOLU EFES,EFS,S. Hazer,2,,,,,,SUB,out,ANADOLU EFES substitution out,,,,,,,,,0,167,2.0,,0,65,0,71
00:02,00:02:20,65,71,-6,2,3,REGULAR,90,S. LARKIN,1,substitution,546,,[],in,0,0,Shane,Larkin,Shane,Larkin,S,L,S,L,S. Larkin,ANADOLU EFES,EFS,S. Larkin,0,,,,,,SUB,in,ANADOLU EFES substitution in,,,,,,,,,0,167,2.0,,0,65,0,71
00:00,00:00:60,65,71,-6,2,3,REGULAR,90,S. LARKIN,0,3pt,549,,[],jumpshot,1,0,Shane,Larkin,Shane,Larkin,S,L,S,L,S. Larkin,ANADOLU EFES,EFS,S. Larkin,0,,,70.230003356934,85.419998168945,0.0,P3,missed,ANADOLU EFES S. LARKIN 3Pt missed,,,,,,,,,0,167,2.0,,0,65,0,71
00:00,00:00:00,65,71,-6,0,3,REGULAR,0,,1,period,552,,['confirmed'],end,0,,,,,,,,,,,,,,,,,,,,OTHER,,period end,,,,,,,,,0,167,2.0,,0,65,0,71
10:00,10:00:00,65,71,-6,2,4,REGULAR,90,S. LARKIN,1,substitution,553,,[],out,0,0,Shane,Larkin,Shane,Larkin,S,L,S,L,S. Larkin,ANADOLU EFES,EFS,S. Larkin,0,,,,,,SUB,out,ANADOLU EFES substitution out,,,,,,,,,0,167,2.0,,0,65,0,71
10:00,10:00:00,65,71,-6,2,4,REGULAR,81,S. HAZER,1,substitution,554,,[],in,0,2,Sehmus,Hazer,Sehmus,Hazer,S,H,S,H,S. Hazer,ANADOLU EFES,EFS,S. Hazer,2,,,,,,SUB,in,ANADOLU EFES substitution in,,,,,,,,,0,167,2.0,,0,65,0,71
10:00,10:00:00,65,71,-6,0,4,REGULAR,0,,1,period,555,,[],start,0,,,,,,,,,,,,,,,,,,,,OTHER,,period start,,,,,,,,,0,167,2.0,,0,65,0,71
09:43,09:43:00,65,73,-8,2,4,REGULAR,74,P. DOZIER,1,2pt,557,,[],jumpshot,1,15,Pj,Dozier,Pj,Dozier,P,D,P,D,P. Dozier,ANADOLU EFES,EFS,P. Dozier,15,,,77.25,69.889999389648,1.0,P2,made,ANADOLU EFES P. DOZIER 2Pt made,,,,,,,,,2,167,2.0,score,0,65,2,73
09:31,09:31:00,65,73,-8,1,4,REGULAR,86,C. CHIOZZA,0,3pt,558,,[],jumpshot,1,11,Christopher Xavier,Chiozza,Christopher Xavier,Chiozza,C,C,C,C,C. Chiozza,KARSIYAKA,KSK,C. Chiozza,11,,,32.479999542236,52.939998626709,0.0,P3,missed,KARSIYAKA C. CHIOZZA 3Pt missed,,,,,,,,,0,168,1.0,def_reb,0,65,0,73
09:27,09:27:00,65,73,-8,2,4,REGULAR,74,P. DOZIER,1,rebound,559,558,[],defensive,0,15,Pj,Dozier,Pj,Dozier,P,D,P,D,P. Dozier,ANADOLU EFES,EFS,P. Dozier,15,,,,,,REB,,ANADOLU EFES rebound defensive,,,,,,,,,0,169,2.0,def_reb,0,65,0,73
09:21,09:21:00,65,76,-11,2,4,REGULAR,75,C. SWIDER,1,3pt,560,,['fastbreak'],jumpshot,1,21,Cole,Swider,Cole,Swider,C,S,C,S,C. Swider,ANADOLU EFES,EFS,C. Swider,21,,,85.209999084473,5.4800000190735,1.0,P3,made,ANADOLU EFES C. SWIDER 3Pt made,81.0,2.0,S. HAZER,,,,,,3,170,1.0,score,0,65,3,76
09:21,09:21:00,65,76,-11,2,4,REGULAR,81,S. HAZER,1,assist,561,560,[],,0,2,Sehmus,Hazer,Sehmus,Hazer,S,H,S,H,S. Hazer,ANADOLU EFES,EFS,S. Hazer,2,,,,,,ASS,,ANADOLU EFES S. HAZER assist,,,,,,,,,0,171,2.0,,0,65,0,76
09:00,09:00:00,67,76,-9,1,4,REGULAR,93,C. YOUNG,1,2pt,562,,[],jumpshot,1,1,Cameron Jordan,Young,Cameron Jordan,Young,C,Y,C,Y,C. Young,KARSIYAKA,KSK,C. Young,1,,,15.319999694824,28.930000305176,1.0,P2,made,KARSIYAKA C. YOUNG 2Pt made,,,,,,,,,2,171,2.0,score,2,67,0,76
08:40,08:40:00,67,76,-9,1,4,REGULAR,87,J. ALSTON,1,foul,564,,"['shooting', '2freethrow']",personal,0,32,Justin Alexander,Alston,Justin Alexander,Alston,J,A,J,A,J. Alston,KARSIYAKA,KSK,J. Alston,32,,,,,,FOUL,,KARSIYAKA J. ALSTON foul personal,,,,,,,,,0,172,1.0,,0,67,0,76
08:40,08:40:00,67,76,-9,2,4,REGULAR,91,K. JONES,1,foulon,565,564,[],,0,88,Kai,Jones,Kai,Jones,K,J,K,J,K. Jones,ANADOLU EFES,EFS,K. Jones,88,,,,,,OTHER,,ANADOLU EFES foulon,,,,,,,,,0,172,1.0,,0,67,0,76
08:40,08:40:00,67,76,-9,1,4,REGULAR,79,M. CELEP,1,substitution,566,,[],out,0,35,Mert,Celep,Mert,Celep,M,C,M,C,M. Celep,KARSIYAKA,KSK,M. Celep,35,,,,,,SUB,out,KARSIYAKA substitution out,,,,,,,,,0,172,1.0,,0,67,0,76
08:40,08:40:00,67,76,-9,1,4,REGULAR,78,S. GEYIK,1,substitution,567,,[],in,0,4,Samet,Geyik,Samet,Geyik,S,G,S,G,S. Geyik,KARSIYAKA,KSK,S. Geyik,4,,,,,,SUB,in,KARSIYAKA substitution in,,,,,,,,,0,172,1.0,,0,67,0,76
08:40,08:40:00,67,77,-10,2,4,REGULAR,91,K. JONES,1,freethrow,568,,[],1of2,1,88,Kai,Jones,Kai,Jones,K,J,K,J,K. Jones,ANADOLU EFES,EFS,K. Jones,88,,,,,,FT,made,ANADOLU EFES K. JONES FT 1of2 made,,,,,,,,,1,172,1.0,made_ft,0,67,1,77
08:40,08:40:00,67,77,-10,2,4,REGULAR,74,P. DOZIER,1,assist,569,568,[],,0,15,Pj,Dozier,Pj,Dozier,P,D,P,D,P. Dozier,ANADOLU EFES,EFS,P. Dozier,15,,,,,,ASS,,ANADOLU EFES P. DOZIER assist,,,,,,,,,0,173,2.0,,0,67,0,77
08:40,08:40:00,67,78,-11,2,4,REGULAR,91,K. JONES,1,freethrow,570,,[],2of2,1,88,Kai,Jones,Kai,Jones,K,J,K,J,K. Jones,ANADOLU EFES,EFS,K. Jones,88,,,,,,FT,made,ANADOLU EFES K. JONES FT 2of2 made,,,,,,,,,1,173,2.0,made_ft_last,0,67,1,78
08:22,08:22:00,69,78,-9,1,4,REGULAR,87,J. ALSTON,1,2pt,572,,[],jumpshot,1,32,Justin Alexander,Alston,Justin Alexander,Alston,J,A,J,A,J. Alston,KARSIYAKA,KSK,J. Alston,32,,,13.289999961853,80.620002746582,1.0,P2,made,KARSIYAKA J. ALSTON 2Pt made,95.0,1.0,N. GORDIC,,,,,,2,174,1.0,score,2,69,0,78
08:22,08:22:00,69,78,-9,1,4,REGULAR,95,N. GORDIC,1,assist,573,572,[],,0,8,Nemanja,Gordic,Nemanja,Gordic,N,G,N,G,N. Gordic,KARSIYAKA,KSK,N. Gordic,8,,,,,,ASS,,KARSIYAKA N. GORDIC assist,,,,,,,,,0,175,2.0,,0,69,0,78
08:00,08:00:00,69,80,-11,2,4,REGULAR,74,P. DOZIER,1,2pt,574,,[],turnaroundjumpshot,1,15,Pj,Dozier,Pj,Dozier,P,D,P,D,P. Dozier,ANADOLU EFES,EFS,P. Dozier,15,,,76.790000915527,45.310001373291,1.0,P2,made,ANADOLU EFES P. DOZIER 2Pt made,,,,,,,,,2,175,2.0,score,0,69,2,80
07:40,07:40:00,71,80,-9,1,4,REGULAR,78,S. GEYIK,1,2pt,575,,['pointsinthepaint'],dunk,1,4,Samet,Geyik,Samet,Geyik,S,G,S,G,S. Geyik,KARSIYAKA,KSK,S. Geyik,4,,,11.729999542236,56.049999237061,1.0,P2,made,KARSIYAKA S. GEYIK 2Pt made,86.0,1.0,C. CHIOZZA,,,,,,2,176,1.0,score,2,71,0,80
07:40,07:40:00,71,80,-9,1,4,REGULAR,86,C. CHIOZZA,1,assist,576,575,[],,0,11,Christopher Xavier,Chiozza,Christopher Xavier,Chiozza,C,C,C,C,C. Chiozza,KARSIYAKA,KSK,C. Chiozza,11,,,,,,ASS,,KARSIYAKA C. CHIOZZA assist,,,,,,,,,0,177,2.0,,0,71,0,80
07:29,07:29:00,71,83,-12,2,4,REGULAR,92,J. LOYD,1,3pt,579,,[],jumpshot,1,3,Jordan,Loyd,Jordan,Loyd,J,L,J,L,J. Loyd,ANADOLU EFES,EFS,J. Loyd,3,,,67.580001831055,62.819999694824,1.0,P3,made,ANADOLU EFES J. LOYD 3Pt made,,,,,,,,,3,177,2.0,score,0,71,3,83
07:11,07:11:00,71,83,-12,1,4,REGULAR,95,N. GORDIC,0,2pt,580,,['pointsinthepaint'],jumpshot,1,8,Nemanja,Gordic,Nemanja,Gordic,N,G,N,G,N. Gordic,KARSIYAKA,KSK,N. Gordic,8,,,9.5500001907349,45.880001068115,0.0,P2,missed,KARSIYAKA N. GORDIC 2Pt missed,,,,,,,,,0,178,1.0,,0,71,0,83
07:08,07:08:00,71,83,-12,1,4,REGULAR,78,S. GEYIK,1,rebound,581,580,[],offensive,0,4,Samet,Geyik,Samet,Geyik,S,G,S,G,S. Geyik,KARSIYAKA,KSK,S. Geyik,4,,,,,,REB,,KARSIYAKA rebound offensive,,,,,,,,,0,178,1.0,,0,71,0,83
07:08,07:08:00,73,83,-10,1,4,REGULAR,78,S. GEYIK,1,2pt,582,,"['2ndchance', 'pointsinthepaint']",tipinlayup,1,4,Samet,Geyik,Samet,Geyik,S,G,S,G,S. Geyik,KARSIYAKA,KSK,S. Geyik,4,,,6.0,50.0,1.0,P2,made,KARSIYAKA S. GEYIK 2Pt made,,,,,,,,,2,178,1.0,score,2,73,0,83
06:57,06:57:00,73,83,-10,2,4,REGULAR,92,J. LOYD,0,2pt,583,,[],jumpshot,1,3,Jordan,Loyd,Jordan,Loyd,J,L,J,L,J. Loyd,ANADOLU EFES,EFS,J. Loyd,3,,,85.830001831055,68.470001220703,0.0,P2,missed,ANADOLU EFES J. LOYD 2Pt missed,,,,,,,,,0,179,2.0,def_reb,0,73,0,83
06:54,06:54:00,73,83,-10,1,4,REGULAR,93,C. YOUNG,1,rebound,584,583,[],defensive,0,1,Cameron Jordan,Young,Cameron Jordan,Young,C,Y,C,Y,C. Young,KARSIYAKA,KSK,C. Young,1,,,,,,REB,,KARSIYAKA rebound defensive,,,,,,,,,0,180,1.0,def_reb,0,73,0,83
06:52,06:52:00,75,83,-8,1,4,REGULAR,87,J. ALSTON,1,2pt,586,,"['pointsinthepaint', 'fastbreak']",drivinglayup,1,32,Justin Alexander,Alston,Justin Alexander,Alston,J,A,J,A,J. Alston,KARSIYAKA,KSK,J. Alston,32,,,7.0500001907349,57.740001678467,1.0,P2,made,KARSIYAKA J. ALSTON 2Pt made,93.0,1.0,C. YOUNG,,,,,,2,181,2.0,score,2,75,0,83
06:52,06:52:00,75,83,-8,1,4,REGULAR,93,C. YOUNG,1,assist,587,586,[],,0,1,Cameron Jordan,Young,Cameron Jordan,Young,C,Y,C,Y,C. Young,KARSIYAKA,KSK,C. Young,1,,,,,,ASS,,KARSIYAKA C. YOUNG assist,,,,,,,,,0,182,1.0,,0,75,0,83
06:52,06:52:00,75,83,-8,2,4,REGULAR,0,,1,timeout,588,,[],full,0,,,,,,,,,,,ANADOLU EFES,EFS,,,,,,,,TIMEOUT,,ANADOLU EFES timeout,,,,,,,,,0,182,1.0,,0,75,0,83
06:52,06:52:00,75,83,-8,1,4,REGULAR,86,C. CHIOZZA,1,substitution,589,,[],out,0,11,Christopher Xavier,Chiozza,Christopher Xavier,Chiozza,C,C,C,C,C. Chiozza,KARSIYAKA,KSK,C. Chiozza,11,,,,,,SUB,out,KARSIYAKA substitution out,,,,,,,,,0,182,1.0,,0,75,0,83
06:52,06:52:00,75,83,-8,1,4,REGULAR,88,M. MOORE,1,substitution,590,,[],in,0,2,Michael Jarade,Moore,Michael Jarade,Moore,M,M,M,M,M. Moore,KARSIYAKA,KSK,M. Moore,2,,,,,,SUB,in,KARSIYAKA substitution in,,,,,,,,,0,182,1.0,,0,75,0,83
06:52,06:52:00,75,83,-8,2,4,REGULAR,81,S. HAZER,1,substitution,591,,[],out,0,2,Sehmus,Hazer,Sehmus,Hazer,S,H,S,H,S. Hazer,ANADOLU EFES,EFS,S. Hazer,2,,,,,,SUB,out,ANADOLU EFES substitution out,,,,,,,,,0,182,1.0,,0,75,0,83
06:52,06:52:00,75,83,-8,2,4,REGULAR,75,C. SWIDER,1,substitution,592,,[],out,0,21,Cole,Swider,Cole,Swider,C,S,C,S,C. Swider,ANADOLU EFES,EFS,C. Swider,21,,,,,,SUB,out,ANADOLU EFES substitution out,,,,,,,,,0,182,1.0,,0,75,0,83
06:52,06:52:00,75,83,-8,2,4,REGULAR,90,S. LARKIN,1,substitution,593,,[],in,0,0,Shane,Larkin,Shane,Larkin,S,L,S,L,S. Larkin,ANADOLU EFES,EFS,S. Larkin,0,,,,,,SUB,in,ANADOLU EFES substitution in,,,,,,,,,0,182,1.0,,0,75,0,83
06:52,06:52:00,75,83,-8,2,4,REGULAR,86,R. SMITS,1,substitution,594,,[],in,0,11,Rolands,Smits,Rolands,Smits,R,S,R,S,R. Smits,ANADOLU EFES,EFS,R. Smits,11,,,,,,SUB,in,ANADOLU EFES substitution in,,,,,,,,,0,182,1.0,,0,75,0,83
06:42,06:42:00,75,85,-10,2,4,REGULAR,90,S. LARKIN,1,2pt,597,,['pointsinthepaint'],layup,1,0,Shane,Larkin,Shane,Larkin,S,L,S,L,S. Larkin,ANADOLU EFES,EFS,S. Larkin,0,,,87.860000610352,49.830001831055,1.0,P2,made,ANADOLU EFES S. LARKIN 2Pt made,86.0,2.0,R. SMITS,,,,,,2,182,1.0,score,0,75,2,85
06:42,06:42:00,75,85,-10,2,4,REGULAR,86,R. SMITS,1,assist,598,597,[],,0,11,Rolands,Smits,Rolands,Smits,R,S,R,S,R. Smits,ANADOLU EFES,EFS,R. Smits,11,,,,,,ASS,,ANADOLU EFES R. SMITS assist,,,,,,,,,0,183,2.0,,0,75,0,85
06:42,06:42:00,75,85,-10,1,4,REGULAR,93,C. YOUNG,1,foul,599,,"['shooting', '1freethrow']",personal,0,1,Cameron Jordan,Young,Cameron Jordan,Young,C,Y,C,Y,C. Young,KARSIYAKA,KSK,C. Young,1,,,,,,FOUL,,KARSIYAKA C. YOUNG foul personal,,,,,,,,,0,183,2.0,,0,75,0,85
06:42,06:42:00,75,85,-10,2,4,REGULAR,90,S. LARKIN,1,foulon,601,599,[],,0,0,Shane,Larkin,Shane,Larkin,S,L,S,L,S. Larkin,ANADOLU EFES,EFS,S. Larkin,0,,,,,,OTHER,,ANADOLU EFES foulon,,,,,,,,,0,183,2.0,,0,75,0,85
06:42,06:42:00,75,86,-11,2,4,REGULAR,90,S. LARKIN,1,freethrow,602,,[],1of1,1,0,Shane,Larkin,Shane,Larkin,S,L,S,L,S. Larkin,ANADOLU EFES,EFS,S. Larkin,0,,,,,,FT,made,ANADOLU EFES S. LARKIN FT 1of1 made,,,,,,,,,1,183,2.0,made_ft_last,0,75,1,86
06:17,06:17:00,78,86,-8,1,4,REGULAR,93,C. YOUNG,1,3pt,604,,[],jumpshot,1,1,Cameron Jordan,Young,Cameron Jordan,Young,C,Y,C,Y,C. Young,KARSIYAKA,KSK,C. Young,1,,,12.670000076294,95.029998779297,1.0,P3,made,KARSIYAKA C. YOUNG 3Pt made,95.0,1.0,N. GORDIC,,,,,,3,184,1.0,score,3,78,0,86
06:17,06:17:00,78,86,-8,1,4,REGULAR,95,N. GORDIC,1,assist,605,604,[],,0,8,Nemanja,Gordic,Nemanja,Gordic,N,G,N,G,N. Gordic,KARSIYAKA,KSK,N. Gordic,8,,,,,,ASS,,KARSIYAKA N. GORDIC assist,,,,,,,,,0,185,2.0,,0,78,0,86
05:55,05:55:00,78,86,-8,2,4,REGULAR,92,J. LOYD,0,3pt,607,,[],jumpshot,1,3,Jordan,Loyd,Jordan,Loyd,J,L,J,L,J. Loyd,ANADOLU EFES,EFS,J. Loyd,3,,,74.290000915527,88.529998779297,0.0,P3,missed,ANADOLU EFES J. LOYD 3Pt missed,,,,,,,,,0,185,2.0,def_reb,0,78,0,86
05:53,05:53:00,78,86,-8,1,4,REGULAR,0,,1,rebound,608,607,['team'],defensive,0,,,,,,,,,,,KARSIYAKA,KSK,,,,,,,,TREB,,KARSIYAKA team rebound defensive,,,,,,,,,0,186,1.0,def_reb,0,78,0,86
05:37,05:37:00,78,86,-8,2,4,REGULAR,91,K. JONES,1,foul,613,,[],personal,0,88,Kai,Jones,Kai,Jones,K,J,K,J,K. Jones,ANADOLU EFES,EFS,K. Jones,88,,,,,,FOUL,,ANADOLU EFES K. JONES foul personal,,,,,,,,,0,187,2.0,,0,78,0,86
05:37,05:37:00,78,86,-8,1,4,REGULAR,95,N. GORDIC,1,foulon,614,613,[],,0,8,Nemanja,Gordic,Nemanja,Gordic,N,G,N,G,N. Gordic,KARSIYAKA,KSK,N. Gordic,8,,,,,,OTHER,,KARSIYAKA foulon,,,,,,,,,0,187,2.0,,0,78,0,86
05:32,05:32:00,78,86,-8,2,4,REGULAR,90,S. LARKIN,1,foul,617,,[],personal,0,0,Shane,Larkin,Shane,Larkin,S,L,S,L,S. Larkin,ANADOLU EFES,EFS,S. Larkin,0,,,,,,FOUL,,ANADOLU EFES S. LARKIN foul personal,,,,,,,,,0,187,2.0,,0,78,0,86
05:32,05:32:00,78,86,-8,1,4,REGULAR,95,N. GORDIC,1,foulon,618,617,[],,0,8,Nemanja,Gordic,Nemanja,Gordic,N,G,N,G,N. Gordic,KARSIYAKA,KSK,N. Gordic,8,,,,,,OTHER,,KARSIYAKA foulon,,,,,,,,,0,187,2.0,,0,78,0,86
05:16,05:16:00,78,86,-8,1,4,REGULAR,95,N. GORDIC,0,2pt,620,,[],jumpshot,1,8,Nemanja,Gordic,Nemanja,Gordic,N,G,N,G,N. Gordic,KARSIYAKA,KSK,N. Gordic,8,,,27.799999237061,51.810001373291,0.0,P2,missed,KARSIYAKA N. GORDIC 2Pt missed,,,,,,,,,0,187,2.0,def_reb,0,78,0,86
05:12,05:12:00,78,86,-8,2,4,REGULAR,90,S. LARKIN,1,rebound,621,620,[],defensive,0,0,Shane,Larkin,Shane,Larkin,S,L,S,L,S. Larkin,ANADOLU EFES,EFS,S. Larkin,0,,,,,,REB,,ANADOLU EFES rebound defensive,,,,,,,,,0,188,1.0,def_reb,0,78,0,86
05:09,05:09:00,78,88,-10,2,4,REGULAR,92,J. LOYD,1,2pt,624,,"['pointsinthepaint', 'fastbreak']",drivinglayup,1,3,Jordan,Loyd,Jordan,Loyd,J,L,J,L,J. Loyd,ANADOLU EFES,EFS,J. Loyd,3,,,91.76000213623,60.0,1.0,P2,made,ANADOLU EFES J. LOYD 2Pt made,90.0,2.0,S. LARKIN,,,,,,2,189,2.0,score,0,78,2,88
05:09,05:09:00,78,88,-10,2,4,REGULAR,90,S. LARKIN,1,assist,626,624,[],,0,0,Shane,Larkin,Shane,Larkin,S,L,S,L,S. Larkin,ANADOLU EFES,EFS,S. Larkin,0,,,,,,ASS,,ANADOLU EFES S. LARKIN assist,,,,,,,,,0,190,1.0,,0,78,0,88
05:07,05:07:00,78,88,-10,1,4,REGULAR,93,C. YOUNG,1,substitution,627,,[],out,0,1,Cameron Jordan,Young,Cameron Jordan,Young,C,Y,C,Y,C. Young,KARSIYAKA,KSK,C. Young,1,,,,,,SUB,out,KARSIYAKA substitution out,,,,,,,,,0,190,1.0,,0,78,0,88
05:07,05:07:00,78,88,-10,1,4,REGULAR,89,C. MANNING JR,1,substitution,628,,[],in,0,21,Charles Maurice,Manning Jr,Charles Maurice,Manning Jr,C,M,C,M,C. Manning Jr,KARSIYAKA,KSK,C. Manning Jr,21,,,,,,SUB,in,KARSIYAKA substitution in,,,,,,,,,0,190,1.0,,0,78,0,88
04:59,04:59:00,78,88,-10,1,4,REGULAR,95,N. GORDIC,1,turnover,631,,[],badpass,0,8,Nemanja,Gordic,Nemanja,Gordic,N,G,N,G,N. Gordic,KARSIYAKA,KSK,N. Gordic,8,,,,,,TO,,KARSIYAKA N. GORDIC turnover badpass,,,,,,,,,0,190,1.0,turnover,0,78,0,88
04:43,04:43:00,78,90,-12,2,4,REGULAR,74,P. DOZIER,1,2pt,634,,"['fromturnover', 'pointsinthepaint']",stepbackjumpshot,1,15,Pj,Dozier,Pj,Dozier,P,D,P,D,P. Dozier,ANADOLU EFES,EFS,P. Dozier,15,,,80.059997558594,53.790000915527,1.0,P2,made,ANADOLU EFES P. DOZIER 2Pt made,,,,,,,,,2,191,2.0,score,0,78,2,90
04:43,04:43:00,78,90,-12,1,4,REGULAR,0,,1,timeout,635,,[],full,0,,,,,,,,,,,KARSIYAKA,KSK,,,,,,,,TIMEOUT,,KARSIYAKA timeout,,,,,,,,,0,192,1.0,,0,78,0,90
04:32,04:32:00,81,90,-9,1,4,REGULAR,95,N. GORDIC,1,3pt,637,,[],jumpshot,1,8,Nemanja,Gordic,Nemanja,Gordic,N,G,N,G,N. Gordic,KARSIYAKA,KSK,N. Gordic,8,,,7.210000038147,96.160003662109,1.0,P3,made,KARSIYAKA N. GORDIC 3Pt made,88.0,1.0,M. MOORE,,,,,,3,192,1.0,score,3,81,0,90
04:32,04:32:00,81,90,-9,1,4,REGULAR,88,M. MOORE,1,assist,638,637,[],,0,2,Michael Jarade,Moore,Michael Jarade,Moore,M,M,M,M,M. Moore,KARSIYAKA,KSK,M. Moore,2,,,,,,ASS,,KARSIYAKA M. MOORE assist,,,,,,,,,0,193,2.0,,0,81,0,90
04:12,04:12:00,81,90,-9,1,4,REGULAR,89,C. MANNING JR,1,foul,640,,[],personal,0,21,Charles Maurice,Manning Jr,Charles Maurice,Manning Jr,C,M,C,M,C. Manning Jr,KARSIYAKA,KSK,C. Manning Jr,21,,,,,,FOUL,,KARSIYAKA C. MANNING JR foul personal,,,,,,,,,0,193,2.0,,0,81,0,90
04:12,04:12:00,81,90,-9,2,4,REGULAR,74,P. DOZIER,1,foulon,641,640,[],,0,15,Pj,Dozier,Pj,Dozier,P,D,P,D,P. Dozier,ANADOLU EFES,EFS,P. Dozier,15,,,,,,OTHER,,ANADOLU EFES foulon,,,,,,,,,0,193,2.0,,0,81,0,90
04:06,04:06:00,81,90,-9,1,4,REGULAR,88,M. MOORE,1,foul,644,,"['shooting', '2freethrow']",personal,0,2,Michael Jarade,Moore,Michael Jarade,Moore,M,M,M,M,M. Moore,KARSIYAKA,KSK,M. Moore,2,,,,,,FOUL,,KARSIYAKA M. MOORE foul personal,,,,,,,,,0,193,2.0,,0,81,0,90
04:06,04:06:00,81,90,-9,2,4,REGULAR,90,S. LARKIN,1,foulon,645,644,[],,0,0,Shane,Larkin,Shane,Larkin,S,L,S,L,S. Larkin,ANADOLU EFES,EFS,S. Larkin,0,,,,,,OTHER,,ANADOLU EFES foulon,,,,,,,,,0,193,2.0,,0,81,0,90
04:06,04:06:00,81,90,-9,2,4,REGULAR,91,K. JONES,1,substitution,646,,[],out,0,88,Kai,Jones,Kai,Jones,K,J,K,J,K. Jones,ANADOLU EFES,EFS,K. Jones,88,,,,,,SUB,out,ANADOLU EFES substitution out,,,,,,,,,0,193,2.0,,0,81,0,90
04:06,04:06:00,81,90,-9,2,4,REGULAR,73,B. DESSERT,1,substitution,647,,[],in,0,13,Brice,Dessert,Brice,Dessert,B,D,B,D,B. Dessert,ANADOLU EFES,EFS,B. Dessert,13,,,,,,SUB,in,ANADOLU EFES substitution in,,,,,,,,,0,193,2.0,,0,81,0,90
04:06,04:06:00,81,91,-10,2,4,REGULAR,90,S. LARKIN,1,freethrow,648,,[],1of2,1,0,Shane,Larkin,Shane,Larkin,S,L,S,L,S. Larkin,ANADOLU EFES,EFS,S. Larkin,0,,,,,,FT,made,ANADOLU EFES S. LARKIN FT 1of2 made,,,,,,,,,1,193,2.0,made_ft,0,81,1,91
04:06,04:06:00,81,92,-11,2,4,REGULAR,90,S. LARKIN,1,freethrow,649,,[],2of2,1,0,Shane,Larkin,Shane,Larkin,S,L,S,L,S. Larkin,ANADOLU EFES,EFS,S. Larkin,0,,,,,,FT,made,ANADOLU EFES S. LARKIN FT 2of2 made,,,,,,,,,1,194,1.0,made_ft_last,0,81,1,92
03:57,03:57:00,83,92,-9,1,4,REGULAR,89,C. MANNING JR,1,2pt,651,,['pointsinthepaint'],layup,1,21,Charles Maurice,Manning Jr,Charles Maurice,Manning Jr,C,M,C,M,C. Manning Jr,KARSIYAKA,KSK,C. Manning Jr,21,,,9.2399997711182,60.849998474121,1.0,P2,made,KARSIYAKA C. MANNING JR 2Pt made,95.0,1.0,N. GORDIC,,,,,,2,195,2.0,score,2,83,0,92
03:57,03:57:00,83,92,-9,1,4,REGULAR,95,N. GORDIC,1,assist,652,651,[],,0,8,Nemanja,Gordic,Nemanja,Gordic,N,G,N,G,N. Gordic,KARSIYAKA,KSK,N. Gordic,8,,,,,,ASS,,KARSIYAKA N. GORDIC assist,,,,,,,,,0,196,1.0,,0,83,0,92
03:44,03:44:00,83,92,-9,2,4,REGULAR,73,B. DESSERT,1,turnover,654,,[],travel,0,13,Brice,Dessert,Brice,Dessert,B,D,B,D,B. Dessert,ANADOLU EFES,EFS,B. Dessert,13,,,,,,TO,,ANADOLU EFES B. DESSERT turnover travel,,,,,,,,,0,196,1.0,turnover,0,83,0,92
03:31,03:31:00,83,92,-9,1,4,REGULAR,89,C. MANNING JR,1,turnover,656,,[],badpass,0,21,Charles Maurice,Manning Jr,Charles Maurice,Manning Jr,C,M,C,M,C. Manning Jr,KARSIYAKA,KSK,C. Manning Jr,21,,,,,,TO,,KARSIYAKA C. MANNING JR turnover badpass,,,,,,,,,0,197,2.0,turnover,0,83,0,92
03:31,03:31:00,83,92,-9,2,4,REGULAR,90,S. LARKIN,1,steal,657,656,[],,0,0,Shane,Larkin,Shane,Larkin,S,L,S,L,S. Larkin,ANADOLU EFES,EFS,S. Larkin,0,,,,,,ST,,ANADOLU EFES S. LARKIN steal,,,,,,,,,0,198,1.0,,0,83,0,92
03:28,03:28:00,83,94,-11,2,4,REGULAR,90,S. LARKIN,1,2pt,658,,"['fromturnover', 'pointsinthepaint', 'fastbreak']",drivinglayup,1,0,Shane,Larkin,Shane,Larkin,S,L,S,L,S. Larkin,ANADOLU EFES,EFS,S. Larkin,0,,,89.580001831055,57.740001678467,1.0,P2,made,ANADOLU EFES S. LARKIN 2Pt made,,,,,,,,,2,198,1.0,score,0,83,2,94
03:09,03:09:00,83,94,-11,2,4,REGULAR,74,P. DOZIER,1,foul,661,,[],personal,0,15,Pj,Dozier,Pj,Dozier,P,D,P,D,P. Dozier,ANADOLU EFES,EFS,P. Dozier,15,,,,,,FOUL,,ANADOLU EFES P. DOZIER foul personal,,,,,,,,,0,199,2.0,,0,83,0,94
03:09,03:09:00,83,94,-11,1,4,REGULAR,88,M. MOORE,1,foulon,662,661,[],,0,2,Michael Jarade,Moore,Michael Jarade,Moore,M,M,M,M,M. Moore,KARSIYAKA,KSK,M. Moore,2,,,,,,OTHER,,KARSIYAKA foulon,,,,,,,,,0,199,2.0,,0,83,0,94
03:09,03:09:00,83,94,-11,1,4,REGULAR,87,J. ALSTON,1,substitution,663,,[],out,0,32,Justin Alexander,Alston,Justin Alexander,Alston,J,A,J,A,J. Alston,KARSIYAKA,KSK,J. Alston,32,,,,,,SUB,out,KARSIYAKA substitution out,,,,,,,,,0,199,2.0,,0,83,0,94
03:09,03:09:00,83,94,-11,1,4,REGULAR,79,M. CELEP,1,substitution,664,,[],in,0,35,Mert,Celep,Mert,Celep,M,C,M,C,M. Celep,KARSIYAKA,KSK,M. Celep,35,,,,,,SUB,in,KARSIYAKA substitution in,,,,,,,,,0,199,2.0,,0,83,0,94
03:01,03:01:00,85,94,-9,1,4,REGULAR,78,S. GEYIK,1,2pt,666,,['pointsinthepaint'],alleyoop,1,4,Samet,Geyik,Samet,Geyik,S,G,S,G,S. Geyik,KARSIYAKA,KSK,S. Geyik,4,,,9.5500001907349,54.630001068115,1.0,P2,made,KARSIYAKA S. GEYIK 2Pt made,95.0,1.0,N. GORDIC,,,,,,2,199,2.0,score,2,85,0,94
03:01,03:01:00,85,94,-9,1,4,REGULAR,95,N. GORDIC,1,assist,667,666,[],,0,8,Nemanja,Gordic,Nemanja,Gordic,N,G,N,G,N. Gordic,KARSIYAKA,KSK,N. Gordic,8,,,,,,ASS,,KARSIYAKA N. GORDIC assist,,,,,,,,,0,200,1.0,,0,85,0,94
02:38,02:38:00,85,94,-9,2,4,REGULAR,90,S. LARKIN,0,2pt,668,,['pointsinthepaint'],floatingjumpshot,1,0,Shane,Larkin,Shane,Larkin,S,L,S,L,S. Larkin,ANADOLU EFES,EFS,S. Larkin,0,,,82.25,60.849998474121,0.0,P2,missed,ANADOLU EFES S. LARKIN 2Pt missed,,,,,,,,,0,200,1.0,,0,85,0,94
02:36,02:36:00,85,94,-9,2,4,REGULAR,90,S. LARKIN,1,rebound,669,668,[],offensive,0,0,Shane,Larkin,Shane,Larkin,S,L,S,L,S. Larkin,ANADOLU EFES,EFS,S. Larkin,0,,,,,,REB,,ANADOLU EFES rebound offensive,,,,,,,,,0,200,1.0,,0,85,0,94
02:34,02:34:00,85,94,-9,2,4,REGULAR,92,J. LOYD,0,3pt,670,,['2ndchance'],jumpshot,1,3,Jordan,Loyd,Jordan,Loyd,J,L,J,L,J. Loyd,ANADOLU EFES,EFS,J. Loyd,3,,,84.430000305176,95.029998779297,0.0,P3,missed,ANADOLU EFES J. LOYD 3Pt missed,,,,,,,,,0,200,1.0,def_reb,0,85,0,94
02:32,02:32:00,85,94,-9,1,4,REGULAR,0,,1,rebound,672,670,['team'],defensive,0,,,,,,,,,,,KARSIYAKA,KSK,,,,,,,,TREB,,KARSIYAKA team rebound defensive,,,,,,,,,0,201,2.0,def_reb,0,85,0,94
02:32,02:32:00,85,94,-9,1,4,REGULAR,95,N. GORDIC,1,substitution,673,,[],out,0,8,Nemanja,Gordic,Nemanja,Gordic,N,G,N,G,N. Gordic,KARSIYAKA,KSK,N. Gordic,8,,,,,,SUB,out,KARSIYAKA substitution out,,,,,,,,,0,202,1.0,,0,85,0,94
02:32,02:32:00,85,94,-9,1,4,REGULAR,86,C. CHIOZZA,1,substitution,674,,[],in,0,11,Christopher Xavier,Chiozza,Christopher Xavier,Chiozza,C,C,C,C,C. Chiozza,KARSIYAKA,KSK,C. Chiozza,11,,,,,,SUB,in,KARSIYAKA substitution in,,,,,,,,,0,202,1.0,,0,85,0,94
02:22,02:22:00,85,94,-9,1,4,REGULAR,88,M. MOORE,1,turnover,676,,[],ballhandling,0,2,Michael Jarade,Moore,Michael Jarade,Moore,M,M,M,M,M. Moore,KARSIYAKA,KSK,M. Moore,2,,,,,,TO,,KARSIYAKA M. MOORE turnover ballhandling,,,,,,,,,0,202,1.0,turnover,0,85,0,94
02:22,02:22:00,85,94,-9,2,4,REGULAR,74,P. DOZIER,1,steal,677,676,[],,0,15,Pj,Dozier,Pj,Dozier,P,D,P,D,P. Dozier,ANADOLU EFES,EFS,P. Dozier,15,,,,,,ST,,ANADOLU EFES P. DOZIER steal,,,,,,,,,0,203,2.0,,0,85,0,94
02:08,02:08:00,85,96,-11,2,4,REGULAR,73,B. DESSERT,1,2pt,678,,"['fromturnover', 'pointsinthepaint']",floatingjumpshot,1,13,Brice,Dessert,Brice,Dessert,B,D,B,D,B. Dessert,ANADOLU EFES,EFS,B. Dessert,13,,,83.029998779297,60.0,1.0,P2,made,ANADOLU EFES B. DESSERT 2Pt made,90.0,2.0,S. LARKIN,,,,,,2,203,2.0,score,0,85,2,96
02:08,02:08:00,85,96,-11,2,4,REGULAR,90,S. LARKIN,1,assist,679,678,[],,0,0,Shane,Larkin,Shane,Larkin,S,L,S,L,S. Larkin,ANADOLU EFES,EFS,S. Larkin,0,,,,,,ASS,,ANADOLU EFES S. LARKIN assist,,,,,,,,,0,204,1.0,,0,85,0,96
01:47,01:47:00,85,96,-11,1,4,REGULAR,78,S. GEYIK,1,turnover,681,,[],badpass,0,4,Samet,Geyik,Samet,Geyik,S,G,S,G,S. Geyik,KARSIYAKA,KSK,S. Geyik,4,,,,,,TO,,KARSIYAKA S. GEYIK turnover badpass,,,,,,,,,0,204,1.0,turnover,0,85,0,96
01:31,01:31:00,85,99,-14,2,4,REGULAR,74,P. DOZIER,1,3pt,683,,['fromturnover'],jumpshot,1,15,Pj,Dozier,Pj,Dozier,P,D,P,D,P. Dozier,ANADOLU EFES,EFS,P. Dozier,15,,,90.050003051758,95.029998779297,1.0,P3,made,ANADOLU EFES P. DOZIER 3Pt made,90.0,2.0,S. LARKIN,,,,,,3,205,2.0,score,0,85,3,99
01:31,01:31:00,85,99,-14,2,4,REGULAR,90,S. LARKIN,1,assist,684,683,[],,0,0,Shane,Larkin,Shane,Larkin,S,L,S,L,S. Larkin,ANADOLU EFES,EFS,S. Larkin,0,,,,,,ASS,,ANADOLU EFES S. LARKIN assist,,,,,,,,,0,206,1.0,,0,85,0,99
01:12,01:12:00,85,99,-14,1,4,REGULAR,86,C. CHIOZZA,0,3pt,685,,[],jumpshot,1,11,Christopher Xavier,Chiozza,Christopher Xavier,Chiozza,C,C,C,C,C. Chiozza,KARSIYAKA,KSK,C. Chiozza,11,,,30.139999389648,43.049999237061,0.0,P3,missed,KARSIYAKA C. CHIOZZA 3Pt missed,,,,,,,,,0,206,1.0,def_reb,0,85,0,99
01:09,01:09:00,85,99,-14,2,4,REGULAR,92,J. LOYD,1,rebound,686,685,[],defensive,0,3,Jordan,Loyd,Jordan,Loyd,J,L,J,L,J. Loyd,ANADOLU EFES,EFS,J. Loyd,3,,,,,,REB,,ANADOLU EFES rebound defensive,,,,,,,,,0,207,2.0,def_reb,0,85,0,99
00:56,00:56:10,85,99,-14,2,4,REGULAR,92,J. LOYD,0,2pt,693,,['pointsinthepaint'],drivinglayup,1,3,Jordan,Loyd,Jordan,Loyd,J,L,J,L,J. Loyd,ANADOLU EFES,EFS,J. Loyd,3,,,88.330001831055,56.610000610352,0.0,P2,missed,ANADOLU EFES J. LOYD 2Pt missed,,,,,,,,,0,208,1.0,def_reb,0,85,0,99
00:53,00:53:80,85,99,-14,1,4,REGULAR,78,S. GEYIK,1,rebound,694,693,[],defensive,0,4,Samet,Geyik,Samet,Geyik,S,G,S,G,S. Geyik,KARSIYAKA,KSK,S. Geyik,4,,,,,,REB,,KARSIYAKA rebound defensive,,,,,,,,,0,209,2.0,def_reb,0,85,0,99
00:49,00:49:10,85,99,-14,1,4,REGULAR,78,S. GEYIK,0,3pt,695,,[],jumpshot,1,4,Samet,Geyik,Samet,Geyik,S,G,S,G,S. Geyik,KARSIYAKA,KSK,S. Geyik,4,,,17.040000915527,6.0500001907349,0.0,P3,missed,KARSIYAKA S. GEYIK 3Pt missed,,,,,,,,,0,210,1.0,def_reb,0,85,0,99
00:46,00:46:00,85,99,-14,2,4,REGULAR,0,,1,rebound,697,695,['team'],defensive,0,,,,,,,,,,,ANADOLU EFES,EFS,,,,,,,,TREB,,ANADOLU EFES team rebound defensive,,,,,,,,,0,211,2.0,def_reb,0,85,0,99
00:32,00:32:30,85,99,-14,1,4,REGULAR,79,M. CELEP,1,foul,700,,['2freethrow'],personal,0,35,Mert,Celep,Mert,Celep,M,C,M,C,M. Celep,KARSIYAKA,KSK,M. Celep,35,,,,,,FOUL,,KARSIYAKA M. CELEP foul personal,,,,,,,,,0,212,1.0,,0,85,0,99
00:32,00:32:30,85,99,-14,2,4,REGULAR,86,R. SMITS,1,foulon,701,700,[],,0,11,Rolands,Smits,Rolands,Smits,R,S,R,S,R. Smits,ANADOLU EFES,EFS,R. Smits,11,,,,,,OTHER,,ANADOLU EFES foulon,,,,,,,,,0,212,1.0,,0,85,0,99
00:32,00:32:30,85,99,-14,2,4,REGULAR,90,S. LARKIN,1,substitution,702,,[],out,0,0,Shane,Larkin,Shane,Larkin,S,L,S,L,S. Larkin,ANADOLU EFES,EFS,S. Larkin,0,,,,,,SUB,out,ANADOLU EFES substitution out,,,,,,,,,0,212,1.0,,0,85,0,99
00:32,00:32:30,85,99,-14,2,4,REGULAR,81,S. HAZER,1,substitution,703,,[],in,0,2,Sehmus,Hazer,Sehmus,Hazer,S,H,S,H,S. Hazer,ANADOLU EFES,EFS,S. Hazer,2,,,,,,SUB,in,ANADOLU EFES substitution in,,,,,,,,,0,212,1.0,,0,85,0,99
00:32,00:32:30,85,100,-15,2,4,REGULAR,86,R. SMITS,1,freethrow,704,,[],1of2,1,11,Rolands,Smits,Rolands,Smits,R,S,R,S,R. Smits,ANADOLU EFES,EFS,R. Smits,11,,,,,,FT,made,ANADOLU EFES R. SMITS FT 1of2 made,,,,,,,,,1,212,1.0,made_ft,0,85,1,100
00:32,00:32:30,85,101,-16,2,4,REGULAR,86,R. SMITS,1,freethrow,705,,[],2of2,1,11,Rolands,Smits,Rolands,Smits,R,S,R,S,R. Smits,ANADOLU EFES,EFS,R. Smits,11,,,,,,FT,made,ANADOLU EFES R. SMITS FT 2of2 made,,,,,,,,,1,213,2.0,made_ft_last,0,85,1,101
00:32,00:32:30,85,101,-16,2,4,REGULAR,92,J. LOYD,1,substitution,706,,[],out,0,3,Jordan,Loyd,Jordan,Loyd,J,L,J,L,J. Loyd,ANADOLU EFES,EFS,J. Loyd,3,,,,,,SUB,out,ANADOLU EFES substitution out,,,,,,,,,0,214,1.0,,0,85,0,101
00:32,00:32:30,85,101,-16,2,4,REGULAR,82,S. MUTAF,1,substitution,707,,[],in,0,23,Sarper David,Mutaf,Sarper David,Mutaf,S,M,S,M,S. Mutaf,ANADOLU EFES,EFS,S. Mutaf,23,,,,,,SUB,in,ANADOLU EFES substitution in,,,,,,,,,0,214,1.0,,0,85,0,101
00:11,00:11:00,87,101,-14,1,4,REGULAR,78,S. GEYIK,1,2pt,709,,['pointsinthepaint'],jumpshot,1,4,Samet,Geyik,Samet,Geyik,S,G,S,G,S. Geyik,KARSIYAKA,KSK,S. Geyik,4,,,17.040000915527,45.310001373291,1.0,P2,made,KARSIYAKA S. GEYIK 2Pt made,89.0,1.0,C. MANNING JR,,,,,,2,214,1.0,score,2,87,0,101
00:11,00:11:00,87,101,-14,1,4,REGULAR,89,C. MANNING JR,1,assist,711,709,[],,0,21,Charles Maurice,Manning Jr,Charles Maurice,Manning Jr,C,M,C,M,C. Manning Jr,KARSIYAKA,KSK,C. Manning Jr,21,,,,,,ASS,,KARSIYAKA C. MANNING JR assist,,,,,,,,,0,215,2.0,,0,87,0,101
00:00,00:00:00,87,101,-14,0,4,REGULAR,0,,1,period,714,,['confirmed'],end,0,,,,,,,,,,,,,,,,,,,,OTHER,,period end,,,,,,,,,0,215,2.0,,0,87,0,101
00:00,00:00:00,87,101,-14,0,4,REGULAR,0,,1,game,715,,['confirmed'],end,0,,,,,,,,,,,,,,,,,,,,OTHER,,game end,,,,,,,,,0,215,2.0,,0,87,0,101
