gt,clock,s1,s2,lead,tno,period,periodType,pno,player,success,actionType,actionNumber,previousAction,qualifier,subType,scoring,shirtNumber,firstName,familyName,internationalFirstName,internationalFamilyName,firstNameInitial,familyNameInitial,internationalFirstNameInitial,internationalFamilyNameInitial,scoreboardName,team_name,team_code,player_name_from_roster,player_shirt,player_pos_raw,player_pos_group,x,y,r,ev_code,ev_result,ev_text,assist_pno,assist_tno,assist_player,block_pno,block_tno,block_player,assist_pos_group,block_pos_group,points,possession_id,possession_owner_tno,possession_end_reason,pts_1,cum_1,pts_2,cum_2
10:00,10:00:00,0,0,0,0,1,REGULAR,0,,1,game,1,,[],start,0,,,,,,,,,,,,,,,,,,,,OTHER,,game start,,,,,,,,,0,0,,,0,0,0,0
10:00,10:00:00,0,0,0,0,1,REGULAR,0,,1,period,2,,[],start,0,,,,,,,,,,,,,,,,,,,,OTHER,,period start,,,,,,,,,0,0,,,0,0,0,0
10:00,10:00:00,0,0,0,0,1,REGULAR,0,,1,jumpball,4,,[],startperiod,0,,,,,,,,,,,,,,,,,,,,JUMP,,jump ball,,,,,,,,,0,0,,,0,0,0,0
09:58,09:58:00,0,0,0,2,1,REGULAR,135,A. KONONTSUK,1,jumpball,5,4,[],won,0,34,Artur,Konontsuk,Artur,Konontsuk,A,K,A,K,A. Konontsuk,BURSASPOR BASKETBOL,BUR,A. Konontsuk,34,,,,,,JUMP,,jump ball,,,,,,,,,0,0,,,0,0,0,0
09:58,09:58:00,0,0,0,1,1,REGULAR,69,C. MORGAN,1,jumpball,6,4,[],lost,0,9,Conor Seamus William,Morgan,Conor Seamus William,Morgan,C,M,C,M,C. Morgan,BESIKTAS GAIN,BJK,C. Morgan,9,,,,,,JUMP,,jump ball,,,,,,,,,0,0,,,0,0,0,0
09:33,09:33:00,0,0,0,2,1,REGULAR,127,L. NNOKO,0,2pt,9,,['blocked'],jumpshot,1,35,Landry,Nnoko,Landry,Nnoko,L,N,L,N,L. Nnoko,BURSASPOR BASKETBOL,BUR,L. Nnoko,35,,,8.8900003433228,14.970000267029,0.0,P2,missed,BURSASPOR BASKETBOL L. NNOKO 2Pt missed,,,,69.0,1.0,C. MORGAN,,,0,1,2.0,,0,0,0,0
09:33,09:33:00,0,0,0,1,1,REGULAR,69,C. MORGAN,1,block,10,9,[],,0,9,Conor Seamus William,Morgan,Conor Seamus William,Morgan,C,M,C,M,C. Morgan,BESIKTAS GAIN,BJK,C. Morgan,9,,,,,,BS,,BESIKTAS GAIN C. MORGAN block,,,,,,,,,0,1,2.0,,0,0,0,0
09:29,09:29:00,0,0,0,1,1,REGULAR,69,C. MORGAN,1,rebound,11,9,[],defensive,0,9,Conor Seamus William,Morgan,Conor Seamus William,Morgan,C,M,C,M,C. Morgan,BESIKTAS GAIN,BJK,C. Morgan,9,,,,,,REB,,BESIKTAS GAIN rebound defensive,,,,,,,,,0,1,2.0,def_reb,0,0,0,0
09:08,09:08:00,0,0,0,1,1,REGULAR,71,D. DOTSON,0,2pt,12,,['pointsinthepaint'],layup,1,1,Devon Durrell,Dotson,Devon Durrell,Dotson,D,D,D,D,D. Dotson,BESIKTAS GAIN,BJK,D. Dotson,1,,,92.199996948242,52.819999694824,0.0,P2,missed,BESIKTAS GAIN D. DOTSON 2Pt missed,,,,,,,,,0,2,1.0,def_reb,0,0,0,0
09:05,09:05:00,0,0,0,2,1,REGULAR,127,L. NNOKO,1,rebound,13,12,[],defensive,0,35,Landry,Nnoko,Landry,Nnoko,L,N,L,N,L. Nnoko,BURSASPOR BASKETBOL,BUR,L. Nnoko,35,,,,,,REB,,BURSASPOR BASKETBOL rebound defensive,,,,,,,,,0,3,2.0,def_reb,0,0,0,0
08:54,08:54:00,0,0,0,2,1,REGULAR,133,B. CHILDRESS,0,3pt,14,,[],jumpshot,1,0,Brandon Reginald,Childress,Brandon Reginald,Childress,B,C,B,C,B. Childress,BURSASPOR BASKETBOL,BUR,B. Childress,0,,,27.14999961853,12.430000305176,0.0,P3,missed,BURSASPOR BASKETBOL B. CHILDRESS 3Pt missed,,,,,,,,,0,4,1.0,def_reb,0,0,0,0
08:50,08:50:00,0,0,0,1,1,REGULAR,70,J. MATHEWS,1,rebound,15,14,[],defensive,0,0,Jonah Kenneth,Mathews,Jonah Kenneth,Mathews,J,M,J,M,J. Mathews,BESIKTAS GAIN,BJK,J. Mathews,0,,,,,,REB,,BESIKTAS GAIN rebound defensive,,,,,,,,,0,5,2.0,def_reb,0,0,0,0
08:42,08:42:00,3,0,3,1,1,REGULAR,71,D. DOTSON,1,3pt,16,,[],jumpshot,1,1,Devon Durrell,Dotson,Devon Durrell,Dotson,D,D,D,D,D. Dotson,BESIKTAS GAIN,BJK,D. Dotson,1,,,82.220001220703,2.2599999904633,1.0,P3,made,BESIKTAS GAIN D. DOTSON 3Pt made,70.0,1.0,J. MATHEWS,,,,,,3,6,1.0,score,3,3,0,0
08:42,08:42:00,3,0,3,1,1,REGULAR,70,J. MATHEWS,1,assist,17,16,[],,0,0,Jonah Kenneth,Mathews,Jonah Kenneth,Mathews,J,M,J,M,J. Mathews,BESIKTAS GAIN,BJK,J. Mathews,0,,,,,,ASS,,BESIKTAS GAIN J. MATHEWS assist,,,,,,,,,0,7,2.0,,0,3,0,0
08:30,08:30:00,3,0,3,2,1,REGULAR,133,B. CHILDRESS,1,turnover,19,,[],outofbounds,0,0,Brandon Reginald,Childress,Brandon Reginald,Childress,B,C,B,C,B. Childress,BURSASPOR BASKETBOL,BUR,B. Childress,0,,,,,,TO,,BURSASPOR BASKETBOL B. CHILDRESS turnover outofbounds,,,,,,,,,0,7,2.0,turnover,0,3,0,0
08:20,08:20:00,3,0,3,1,1,REGULAR,70,J. MATHEWS,0,2pt,21,,['fromturnover'],fadeaway,1,0,Jonah Kenneth,Mathews,Jonah Kenneth,Mathews,J,M,J,M,J. Mathews,BESIKTAS GAIN,BJK,J. Mathews,0,,,85.48999786377,76.269996643066,0.0,P2,missed,BESIKTAS GAIN J. MATHEWS 2Pt missed,,,,,,,,,0,8,1.0,def_reb,0,3,0,0
08:17,08:17:00,3,0,3,2,1,REGULAR,133,B. CHILDRESS,1,rebound,22,21,[],defensive,0,0,Brandon Reginald,Childress,Brandon Reginald,Childress,B,C,B,C,B. Childress,BURSASPOR BASKETBOL,BUR,B. Childress,0,,,,,,REB,,BURSASPOR BASKETBOL rebound defensive,,,,,,,,,0,9,2.0,def_reb,0,3,0,0
08:09,08:09:00,3,0,3,1,1,REGULAR,71,D. DOTSON,1,foul,24,,[],personal,0,1,Devon Durrell,Dotson,Devon Durrell,Dotson,D,D,D,D,D. Dotson,BESIKTAS GAIN,BJK,D. Dotson,1,,,,,,FOUL,,BESIKTAS GAIN D. DOTSON foul personal,,,,,,,,,0,10,1.0,,0,3,0,0
08:09,08:09:00,3,0,3,2,1,REGULAR,133,B. CHILDRESS,1,foulon,25,24,[],,0,0,Brandon Reginald,Childress,Brandon Reginald,Childress,B,C,B,C,B. Childress,BURSASPOR BASKETBOL,BUR,B. Childress,0,,,,,,OTHER,,BURSASPOR BASKETBOL foulon,,,,,,,,,0,10,1.0,,0,3,0,0
07:58,07:58:00,3,2,1,2,1,REGULAR,127,L. NNOKO,1,2pt,27,,['pointsinthepaint'],alleyoopdunk,1,35,Landry,Nnoko,Landry,Nnoko,L,N,L,N,L. Nnoko,BURSASPOR BASKETBOL,BUR,L. Nnoko,35,,,8.5799999237061,54.240001678467,1.0,P2,made,BURSASPOR BASKETBOL L. NNOKO 2Pt made,133.0,2.0,B. CHILDRESS,,,,,,2,10,1.0,score,0,3,2,2
07:58,07:58:00,3,2,1,2,1,REGULAR,133,B. CHILDRESS,1,assist,28,27,[],,0,0,Brandon Reginald,Childress,Brandon Reginald,Childress,B,C,B,C,B. Childress,BURSASPOR BASKETBOL,BUR,B. Childress,0,,,,,,ASS,,BURSASPOR BASKETBOL B. CHILDRESS assist,,,,,,,,,0,11,2.0,,0,3,0,2
07:35,07:35:00,3,2,1,1,1,REGULAR,70,J. MATHEWS,0,3pt,29,,[],jumpshot,1,0,Jonah Kenneth,Mathews,Jonah Kenneth,Mathews,J,M,J,M,J. Mathews,BESIKTAS GAIN,BJK,J. Mathews,0,,,69.580001831055,76.839996337891,0.0,P3,missed,BESIKTAS GAIN J. MATHEWS 3Pt missed,,,,,,,,,0,11,2.0,def_reb,0,3,0,2
07:31,07:31:00,3,2,1,2,1,REGULAR,127,L. NNOKO,1,rebound,30,29,[],defensive,0,35,Landry,Nnoko,Landry,Nnoko,L,N,L,N,L. Nnoko,BURSASPOR BASKETBOL,BUR,L. Nnoko,35,,,,,,REB,,BURSASPOR BASKETBOL rebound defensive,,,,,,,,,0,12,1.0,def_reb,0,3,0,2
07:24,07:24:00,3,4,-1,2,1,REGULAR,133,B. CHILDRESS,1,2pt,31,,"['pointsinthepaint', 'fastbreak']",drivinglayup,1,0,Brandon Reginald,Childress,Brandon Reginald,Childress,B,C,B,C,B. Childress,BURSASPOR BASKETBOL,BUR,B. Childress,0,,,8.7399997711182,48.590000152588,1.0,P2,made,BURSASPOR BASKETBOL B. CHILDRESS 2Pt made,,,,,,,,,2,13,2.0,score,0,3,2,4
07:09,07:09:00,3,4,-1,1,1,REGULAR,69,C. MORGAN,0,3pt,32,,[],jumpshot,1,9,Conor Seamus William,Morgan,Conor Seamus William,Morgan,C,M,C,M,C. Morgan,BESIKTAS GAIN,BJK,C. Morgan,9,,,82.059997558594,94.069999694824,0.0,P3,missed,BESIKTAS GAIN C. MORGAN 3Pt missed,,,,,,,,,0,14,1.0,,0,3,0,4
07:06,07:06:00,3,4,-1,1,1,REGULAR,74,Y. ARSLAN,1,rebound,33,32,[],offensive,0,7,Yigit,Arslan,Yigit,Arslan,Y,A,Y,A,Y. Arslan,BESIKTAS GAIN,BJK,Y. Arslan,7,,,,,,REB,,BESIKTAS GAIN rebound offensive,,,,,,,,,0,14,1.0,,0,3,0,4
07:00,07:00:00,3,4,-1,1,1,REGULAR,69,C. MORGAN,0,3pt,34,,['2ndchance'],jumpshot,1,9,Conor Seamus William,Morgan,Conor Seamus William,Morgan,C,M,C,M,C. Morgan,BESIKTAS GAIN,BJK,C. Morgan,9,,,76.290000915527,85.589996337891,0.0,P3,missed,BESIKTAS GAIN C. MORGAN 3Pt missed,,,,,,,,,0,14,1.0,def_reb,0,3,0,4
06:54,06:54:00,3,4,-1,2,1,REGULAR,102,B. AKIN,1,rebound,35,34,[],defensive,0,11,Berk Can,Akin,Berk Can,Akin,B,A,B,A,B. Akin,BURSASPOR BASKETBOL,BUR,B. Akin,11,,,,,,REB,,BURSASPOR BASKETBOL rebound defensive,,,,,,,,,0,15,2.0,def_reb,0,3,0,4
06:42,06:42:00,3,4,-1,1,1,REGULAR,74,Y. ARSLAN,1,foul,37,,"['shooting', '2freethrow']",personal,0,7,Yigit,Arslan,Yigit,Arslan,Y,A,Y,A,Y. Arslan,BESIKTAS GAIN,BJK,Y. Arslan,7,,,,,,FOUL,,BESIKTAS GAIN Y. ARSLAN foul personal,,,,,,,,,0,16,1.0,,0,3,0,4
06:42,06:42:00,3,4,-1,2,1,REGULAR,133,B. CHILDRESS,1,foulon,38,37,[],,0,0,Brandon Reginald,Childress,Brandon Reginald,Childress,B,C,B,C,B. Childress,BURSASPOR BASKETBOL,BUR,B. Childress,0,,,,,,OTHER,,BURSASPOR BASKETBOL foulon,,,,,,,,,0,16,1.0,,0,3,0,4
06:42,06:42:00,3,5,-2,2,1,REGULAR,133,B. CHILDRESS,1,freethrow,39,,[],1of2,1,0,Brandon Reginald,Childress,Brandon Reginald,Childress,B,C,B,C,B. Childress,BURSASPOR BASKETBOL,BUR,B. Childress,0,,,,,,FT,made,BURSASPOR BASKETBOL B. CHILDRESS FT 1of2 made,,,,,,,,,1,16,1.0,made_ft,0,3,1,5
06:42,06:42:00,3,6,-3,2,1,REGULAR,133,B. CHILDRESS,1,freethrow,40,,[],2of2,1,0,Brandon Reginald,Childress,Brandon Reginald,Childress,B,C,B,C,B. Childress,BURSASPOR BASKETBOL,BUR,B. Childress,0,,,,,,FT,made,BURSASPOR BASKETBOL B. CHILDRESS FT 2of2 made,,,,,,,,,1,17,2.0,made_ft_last,0,3,1,6
06:28,06:28:00,5,6,-1,1,1,REGULAR,74,Y. ARSLAN,1,2pt,42,,['pointsinthepaint'],pullupjumpshot,1,7,Yigit,Arslan,Yigit,Arslan,Y,A,Y,A,Y. Arslan,BESIKTAS GAIN,BJK,Y. Arslan,7,,,81.900001525879,53.389999389648,1.0,P2,made,BESIKTAS GAIN Y. ARSLAN 2Pt made,71.0,1.0,D. DOTSON,,,,,,2,18,1.0,score,2,5,0,6
06:28,06:28:00,5,6,-1,1,1,REGULAR,71,D. DOTSON,1,assist,43,42,[],,0,1,Devon Durrell,Dotson,Devon Durrell,Dotson,D,D,D,D,D. Dotson,BESIKTAS GAIN,BJK,D. Dotson,1,,,,,,ASS,,BESIKTAS GAIN D. DOTSON assist,,,,,,,,,0,19,2.0,,0,5,0,6
06:09,06:09:00,5,8,-3,2,1,REGULAR,127,L. NNOKO,1,2pt,44,,['pointsinthepaint'],layup,1,35,Landry,Nnoko,Landry,Nnoko,L,N,L,N,L. Nnoko,BURSASPOR BASKETBOL,BUR,L. Nnoko,35,,,4.5199999809265,55.369998931885,1.0,P2,made,BURSASPOR BASKETBOL L. NNOKO 2Pt made,102.0,2.0,B. AKIN,,,,,,2,19,2.0,score,0,5,2,8
06:09,06:09:00,5,8,-3,2,1,REGULAR,102,B. AKIN,1,assist,45,44,[],,0,11,Berk Can,Akin,Berk Can,Akin,B,A,B,A,B. Akin,BURSASPOR BASKETBOL,BUR,B. Akin,11,,,,,,ASS,,BURSASPOR BASKETBOL B. AKIN assist,,,,,,,,,0,20,1.0,,0,5,0,8
06:01,06:01:00,7,8,-1,1,1,REGULAR,71,D. DOTSON,1,2pt,46,,"['pointsinthepaint', 'fastbreak']",layup,1,1,Devon Durrell,Dotson,Devon Durrell,Dotson,D,D,D,D,D. Dotson,BESIKTAS GAIN,BJK,D. Dotson,1,,,98.279998779297,53.110000610352,1.0,P2,made,BESIKTAS GAIN D. DOTSON 2Pt made,,,,,,,,,2,20,1.0,score,2,7,0,8
05:48,05:48:00,7,8,-1,1,1,REGULAR,69,C. MORGAN,1,foul,48,,[],personal,0,9,Conor Seamus William,Morgan,Conor Seamus William,Morgan,C,M,C,M,C. Morgan,BESIKTAS GAIN,BJK,C. Morgan,9,,,,,,FOUL,,BESIKTAS GAIN C. MORGAN foul personal,,,,,,,,,0,21,2.0,,0,7,0,8
05:48,05:48:00,7,8,-1,2,1,REGULAR,133,B. CHILDRESS,1,foulon,49,48,[],,0,0,Brandon Reginald,Childress,Brandon Reginald,Childress,B,C,B,C,B. Childress,BURSASPOR BASKETBOL,BUR,B. Childress,0,,,,,,OTHER,,BURSASPOR BASKETBOL foulon,,,,,,,,,0,21,2.0,,0,7,0,8
05:41,05:41:00,7,8,-1,1,1,REGULAR,68,V. BROWN,1,foul,52,,"['shooting', '2freethrow']",personal,0,33,Vittorio,Brown,Vittorio,Brown,V,B,V,B,V. Brown,BESIKTAS GAIN,BJK,V. Brown,33,,,,,,FOUL,,BESIKTAS GAIN V. BROWN foul personal,,,,,,,,,0,21,2.0,,0,7,0,8
05:41,05:41:00,7,8,-1,2,1,REGULAR,127,L. NNOKO,1,foulon,53,52,[],,0,35,Landry,Nnoko,Landry,Nnoko,L,N,L,N,L. Nnoko,BURSASPOR BASKETBOL,BUR,L. Nnoko,35,,,,,,OTHER,,BURSASPOR BASKETBOL foulon,,,,,,,,,0,21,2.0,,0,7,0,8
05:41,05:41:00,7,8,-1,1,1,REGULAR,71,D. DOTSON,1,substitution,54,,[],out,0,1,Devon Durrell,Dotson,Devon Durrell,Dotson,D,D,D,D,D. Dotson,BESIKTAS GAIN,BJK,D. Dotson,1,,,,,,SUB,out,BESIKTAS GAIN substitution out,,,,,,,,,0,21,2.0,,0,7,0,8
05:41,05:41:00,7,8,-1,1,1,REGULAR,74,Y. ARSLAN,1,substitution,55,,[],out,0,7,Yigit,Arslan,Yigit,Arslan,Y,A,Y,A,Y. Arslan,BESIKTAS GAIN,BJK,Y. Arslan,7,,,,,,SUB,out,BESIKTAS GAIN substitution out,,,,,,,,,0,21,2.0,,0,7,0,8
05:41,05:41:00,7,8,-1,1,1,REGULAR,69,C. MORGAN,1,substitution,56,,[],out,0,9,Conor Seamus William,Morgan,Conor Seamus William,Morgan,C,M,C,M,C. Morgan,BESIKTAS GAIN,BJK,C. Morgan,9,,,,,,SUB,out,BESIKTAS GAIN substitution out,,,,,,,,,0,21,2.0,,0,7,0,8
05:41,05:41:00,7,8,-1,1,1,REGULAR,68,V. BROWN,1,substitution,57,,[],out,0,33,Vittorio,Brown,Vittorio,Brown,V,B,V,B,V. Brown,BESIKTAS GAIN,BJK,V. Brown,33,,,,,,SUB,out,BESIKTAS GAIN substitution out,,,,,,,,,0,21,2.0,,0,7,0,8
05:41,05:41:00,7,8,-1,1,1,REGULAR,72,I. KAMAGATE,1,substitution,58,,[],in,0,4,Ismael Sindou,Kamagate,Ismael Sindou,Kamagate,I,K,I,K,I. Kamagate,BESIKTAS GAIN,BJK,I. Kamagate,4,,,,,,SUB,in,BESIKTAS GAIN substitution in,,,,,,,,,0,21,2.0,,0,7,0,8
05:41,05:41:00,7,8,-1,1,1,REGULAR,66,B. LEMAR,1,substitution,59,,[],in,0,11,Brynton Jevon,Lemar,Brynton Jevon,Lemar,B,L,B,L,B. Lemar,BESIKTAS GAIN,BJK,B. Lemar,11,,,,,,SUB,in,BESIKTAS GAIN substitution in,,,,,,,,,0,21,2.0,,0,7,0,8
05:41,05:41:00,7,8,-1,1,1,REGULAR,76,C. KUS,1,substitution,60,,[],in,0,12,Canberk,Kus,Canberk,Kus,C,K,C,K,C. Kus,BESIKTAS GAIN,BJK,C. Kus,12,,,,,,SUB,in,BESIKTAS GAIN substitution in,,,,,,,,,0,21,2.0,,0,7,0,8
05:41,05:41:00,7,8,-1,1,1,REGULAR,67,A. BROWN,1,substitution,61,,[],in,0,21,Anthony Lejohn,Brown,Anthony Lejohn,Brown,A,B,A,B,A. Brown,BESIKTAS GAIN,BJK,A. Brown,21,,,,,,SUB,in,BESIKTAS GAIN substitution in,,,,,,,,,0,21,2.0,,0,7,0,8
05:41,05:41:00,7,9,-2,2,1,REGULAR,127,L. NNOKO,1,freethrow,62,,[],1of2,1,35,Landry,Nnoko,Landry,Nnoko,L,N,L,N,L. Nnoko,BURSASPOR BASKETBOL,BUR,L. Nnoko,35,,,,,,FT,made,BURSASPOR BASKETBOL L. NNOKO FT 1of2 made,,,,,,,,,1,21,2.0,made_ft,0,7,1,9
05:41,05:41:00,7,9,-2,2,1,REGULAR,133,B. CHILDRESS,1,assist,63,62,[],,0,0,Brandon Reginald,Childress,Brandon Reginald,Childress,B,C,B,C,B. Childress,BURSASPOR BASKETBOL,BUR,B. Childress,0,,,,,,ASS,,BURSASPOR BASKETBOL B. CHILDRESS assist,,,,,,,,,0,22,1.0,,0,7,0,9
05:41,05:41:00,7,10,-3,2,1,REGULAR,127,L. NNOKO,1,freethrow,64,,[],2of2,1,35,Landry,Nnoko,Landry,Nnoko,L,N,L,N,L. Nnoko,BURSASPOR BASKETBOL,BUR,L. Nnoko,35,,,,,,FT,made,BURSASPOR BASKETBOL L. NNOKO FT 2of2 made,,,,,,,,,1,22,1.0,made_ft_last,0,7,1,10
05:28,05:28:00,7,10,-3,1,1,REGULAR,66,B. LEMAR,0,3pt,66,,[],jumpshot,1,11,Brynton Jevon,Lemar,Brynton Jevon,Lemar,B,L,B,L,B. Lemar,BESIKTAS GAIN,BJK,B. Lemar,11,,,71.919998168945,21.469999313354,0.0,P3,missed,BESIKTAS GAIN B. LEMAR 3Pt missed,,,,,,,,,0,23,2.0,,0,7,0,10
05:25,05:25:00,7,10,-3,1,1,REGULAR,72,I. KAMAGATE,1,rebound,67,66,[],offensive,0,4,Ismael Sindou,Kamagate,Ismael Sindou,Kamagate,I,K,I,K,I. Kamagate,BESIKTAS GAIN,BJK,I. Kamagate,4,,,,,,REB,,BESIKTAS GAIN rebound offensive,,,,,,,,,0,23,2.0,,0,7,0,10
05:25,05:25:00,7,10,-3,1,1,REGULAR,72,I. KAMAGATE,0,2pt,68,,"['2ndchance', 'pointsinthepaint']",layup,1,4,Ismael Sindou,Kamagate,Ismael Sindou,Kamagate,I,K,I,K,I. Kamagate,BESIKTAS GAIN,BJK,I. Kamagate,4,,,90.949996948242,53.110000610352,0.0,P2,missed,BESIKTAS GAIN I. KAMAGATE 2Pt missed,,,,,,,,,0,23,2.0,def_reb,0,7,0,10
05:22,05:22:00,7,10,-3,2,1,REGULAR,135,A. KONONTSUK,1,rebound,69,68,[],defensive,0,34,Artur,Konontsuk,Artur,Konontsuk,A,K,A,K,A. Konontsuk,BURSASPOR BASKETBOL,BUR,A. Konontsuk,34,,,,,,REB,,BURSASPOR BASKETBOL rebound defensive,,,,,,,,,0,24,1.0,def_reb,0,7,0,10
05:21,05:21:00,7,10,-3,1,1,REGULAR,66,B. LEMAR,1,foul,71,,['2freethrow'],personal,0,11,Brynton Jevon,Lemar,Brynton Jevon,Lemar,B,L,B,L,B. Lemar,BESIKTAS GAIN,BJK,B. Lemar,11,,,,,,FOUL,,BESIKTAS GAIN B. LEMAR foul personal,,,,,,,,,0,25,2.0,,0,7,0,10
05:21,05:21:00,7,10,-3,2,1,REGULAR,133,B. CHILDRESS,1,foulon,72,71,[],,0,0,Brandon Reginald,Childress,Brandon Reginald,Childress,B,C,B,C,B. Childress,BURSASPOR BASKETBOL,BUR,B. Childress,0,,,,,,OTHER,,BURSASPOR BASKETBOL foulon,,,,,,,,,0,25,2.0,,0,7,0,10
05:21,05:21:00,7,11,-4,2,1,REGULAR,133,B. CHILDRESS,1,freethrow,73,,[],1of2,1,0,Brandon Reginald,Childress,Brandon Reginald,Childress,B,C,B,C,B. Childress,BURSASPOR BASKETBOL,BUR,B. Childress,0,,,,,,FT,made,BURSASPOR BASKETBOL B. CHILDRESS FT 1of2 made,,,,,,,,,1,25,2.0,made_ft,0,7,1,11
05:21,05:21:00,7,12,-5,2,1,REGULAR,133,B. CHILDRESS,1,freethrow,74,,[],2of2,1,0,Brandon Reginald,Childress,Brandon Reginald,Childress,B,C,B,C,B. Childress,BURSASPOR BASKETBOL,BUR,B. Childress,0,,,,,,FT,made,BURSASPOR BASKETBOL B. CHILDRESS FT 2of2 made,,,,,,,,,1,26,1.0,made_ft_last,0,7,1,12
05:10,05:10:00,7,12,-5,2,1,REGULAR,133,B. CHILDRESS,1,foul,80,,[],personal,0,0,Brandon Reginald,Childress,Brandon Reginald,Childress,B,C,B,C,B. Childress,BURSASPOR BASKETBOL,BUR,B. Childress,0,,,,,,FOUL,,BURSASPOR BASKETBOL B. CHILDRESS foul personal,,,,,,,,,0,27,2.0,,0,7,0,12
05:10,05:10:00,7,12,-5,1,1,REGULAR,66,B. LEMAR,1,foulon,81,80,[],,0,11,Brynton Jevon,Lemar,Brynton Jevon,Lemar,B,L,B,L,B. Lemar,BESIKTAS GAIN,BJK,B. Lemar,11,,,,,,OTHER,,BESIKTAS GAIN foulon,,,,,,,,,0,27,2.0,,0,7,0,12
05:06,05:06:00,7,12,-5,2,1,REGULAR,102,B. AKIN,1,foul,84,,[],personal,0,11,Berk Can,Akin,Berk Can,Akin,B,A,B,A,B. Akin,BURSASPOR BASKETBOL,BUR,B. Akin,11,,,,,,FOUL,,BURSASPOR BASKETBOL B. AKIN foul personal,,,,,,,,,0,27,2.0,,0,7,0,12
05:06,05:06:00,7,12,-5,1,1,REGULAR,67,A. BROWN,1,foulon,85,84,[],,0,21,Anthony Lejohn,Brown,Anthony Lejohn,Brown,A,B,A,B,A. Brown,BESIKTAS GAIN,BJK,A. Brown,21,,,,,,OTHER,,BESIKTAS GAIN foulon,,,,,,,,,0,27,2.0,,0,7,0,12
04:57,04:57:00,9,12,-3,1,1,REGULAR,72,I. KAMAGATE,1,2pt,88,,['pointsinthepaint'],dunk,1,4,Ismael Sindou,Kamagate,Ismael Sindou,Kamagate,I,K,I,K,I. Kamagate,BESIKTAS GAIN,BJK,I. Kamagate,4,,,94.699996948242,49.150001525879,1.0,P2,made,BESIKTAS GAIN I. KAMAGATE 2Pt made,67.0,1.0,A. BROWN,,,,,,2,27,2.0,score,2,9,0,12
04:57,04:57:00,9,12,-3,1,1,REGULAR,67,A. BROWN,1,assist,89,88,[],,0,21,Anthony Lejohn,Brown,Anthony Lejohn,Brown,A,B,A,B,A. Brown,BESIKTAS GAIN,BJK,A. Brown,21,,,,,,ASS,,BESIKTAS GAIN A. BROWN assist,,,,,,,,,0,28,1.0,,0,9,0,12
04:41,04:41:00,9,12,-3,2,1,REGULAR,102,B. AKIN,0,2pt,90,,['pointsinthepaint'],layup,1,11,Berk Can,Akin,Berk Can,Akin,B,A,B,A,B. Akin,BURSASPOR BASKETBOL,BUR,B. Akin,11,,,9.8299999237061,57.630001068115,0.0,P2,missed,BURSASPOR BASKETBOL B. AKIN 2Pt missed,,,,,,,,,0,28,1.0,def_reb,0,9,0,12
04:39,04:39:00,9,12,-3,1,1,REGULAR,72,I. KAMAGATE,1,rebound,91,90,[],defensive,0,4,Ismael Sindou,Kamagate,Ismael Sindou,Kamagate,I,K,I,K,I. Kamagate,BESIKTAS GAIN,BJK,I. Kamagate,4,,,,,,REB,,BESIKTAS GAIN rebound defensive,,,,,,,,,0,29,2.0,def_reb,0,9,0,12
04:34,04:34:00,9,12,-3,2,1,REGULAR,135,A. KONONTSUK,1,foul,93,,[],personal,0,34,Artur,Konontsuk,Artur,Konontsuk,A,K,A,K,A. Konontsuk,BURSASPOR BASKETBOL,BUR,A. Konontsuk,34,,,,,,FOUL,,BURSASPOR BASKETBOL A. KONONTSUK foul personal,,,,,,,,,0,30,1.0,,0,9,0,12
04:34,04:34:00,9,12,-3,1,1,REGULAR,66,B. LEMAR,1,foulon,94,93,[],,0,11,Brynton Jevon,Lemar,Brynton Jevon,Lemar,B,L,B,L,B. Lemar,BESIKTAS GAIN,BJK,B. Lemar,11,,,,,,OTHER,,BESIKTAS GAIN foulon,,,,,,,,,0,30,1.0,,0,9,0,12
04:34,04:34:00,9,12,-3,0,1,REGULAR,0,,1,timeout,95,,[],officials,0,,,,,,,,,,,,,,,,,,,,TIMEOUT,, timeout,,,,,,,,,0,30,1.0,,0,9,0,12
04:28,04:28:00,11,12,-1,1,1,REGULAR,72,I. KAMAGATE,1,2pt,97,,['pointsinthepaint'],dunk,1,4,Ismael Sindou,Kamagate,Ismael Sindou,Kamagate,I,K,I,K,I. Kamagate,BESIKTAS GAIN,BJK,I. Kamagate,4,,,94.069999694824,54.520000457764,1.0,P2,made,BESIKTAS GAIN I. KAMAGATE 2Pt made,66.0,1.0,B. LEMAR,,,,,,2,30,1.0,score,2,11,0,12
04:28,04:28:00,11,12,-1,1,1,REGULAR,66,B. LEMAR,1,assist,98,97,[],,0,11,Brynton Jevon,Lemar,Brynton Jevon,Lemar,B,L,B,L,B. Lemar,BESIKTAS GAIN,BJK,B. Lemar,11,,,,,,ASS,,BESIKTAS GAIN B. LEMAR assist,,,,,,,,,0,31,2.0,,0,11,0,12
04:09,04:09:00,11,12,-1,2,1,REGULAR,127,L. NNOKO,0,2pt,99,,"['pointsinthepaint', 'blocked']",layup,1,35,Landry,Nnoko,Landry,Nnoko,L,N,L,N,L. Nnoko,BURSASPOR BASKETBOL,BUR,L. Nnoko,35,,,5.460000038147,56.209999084473,0.0,P2,missed,BURSASPOR BASKETBOL L. NNOKO 2Pt missed,,,,72.0,1.0,I. KAMAGATE,,,0,31,2.0,,0,11,0,12
04:09,04:09:00,11,12,-1,1,1,REGULAR,72,I. KAMAGATE,1,block,100,99,[],,0,4,Ismael Sindou,Kamagate,Ismael Sindou,Kamagate,I,K,I,K,I. Kamagate,BESIKTAS GAIN,BJK,I. Kamagate,4,,,,,,BS,,BESIKTAS GAIN I. KAMAGATE block,,,,,,,,,0,31,2.0,,0,11,0,12
04:04,04:04:00,11,12,-1,1,1,REGULAR,66,B. LEMAR,1,rebound,101,99,[],defensive,0,11,Brynton Jevon,Lemar,Brynton Jevon,Lemar,B,L,B,L,B. Lemar,BESIKTAS GAIN,BJK,B. Lemar,11,,,,,,REB,,BESIKTAS GAIN rebound defensive,,,,,,,,,0,31,2.0,def_reb,0,11,0,12
04:02,04:02:00,11,12,-1,2,1,REGULAR,127,L. NNOKO,1,foul,103,,"['shooting', '2freethrow']",personal,0,35,Landry,Nnoko,Landry,Nnoko,L,N,L,N,L. Nnoko,BURSASPOR BASKETBOL,BUR,L. Nnoko,35,,,,,,FOUL,,BURSASPOR BASKETBOL L. NNOKO foul personal,,,,,,,,,0,32,1.0,,0,11,0,12
04:02,04:02:00,11,12,-1,1,1,REGULAR,72,I. KAMAGATE,1,foulon,104,103,[],,0,4,Ismael Sindou,Kamagate,Ismael Sindou,Kamagate,I,K,I,K,I. Kamagate,BESIKTAS GAIN,BJK,I. Kamagate,4,,,,,,OTHER,,BESIKTAS GAIN foulon,,,,,,,,,0,32,1.0,,0,11,0,12
04:02,04:02:00,12,12,0,1,1,REGULAR,72,I. KAMAGATE,1,freethrow,105,,['fastbreak'],1of2,1,4,Ismael Sindou,Kamagate,Ismael Sindou,Kamagate,I,K,I,K,I. Kamagate,BESIKTAS GAIN,BJK,I. Kamagate,4,,,,,,FT,made,BESIKTAS GAIN I. KAMAGATE FT 1of2 made,,,,,,,,,1,32,1.0,made_ft,1,12,0,12
04:02,04:02:00,12,12,0,1,1,REGULAR,70,J. MATHEWS,1,assist,106,105,[],,0,0,Jonah Kenneth,Mathews,Jonah Kenneth,Mathews,J,M,J,M,J. Mathews,BESIKTAS GAIN,BJK,J. Mathews,0,,,,,,ASS,,BESIKTAS GAIN J. MATHEWS assist,,,,,,,,,0,33,2.0,,0,12,0,12
04:02,04:02:00,13,12,1,1,1,REGULAR,72,I. KAMAGATE,1,freethrow,107,,['fastbreak'],2of2,1,4,Ismael Sindou,Kamagate,Ismael Sindou,Kamagate,I,K,I,K,I. Kamagate,BESIKTAS GAIN,BJK,I. Kamagate,4,,,,,,FT,made,BESIKTAS GAIN I. KAMAGATE FT 2of2 made,,,,,,,,,1,33,2.0,made_ft_last,1,13,0,12
03:50,03:50:00,13,15,-2,2,1,REGULAR,144,M. PARSONS,1,3pt,109,,[],jumpshot,1,5,Malik Disjohn,Parsons,Malik Disjohn,Parsons,M,P,M,P,M. Parsons,BURSASPOR BASKETBOL,BUR,M. Parsons,5,,,13.260000228882,96.889999389648,1.0,P3,made,BURSASPOR BASKETBOL M. PARSONS 3Pt made,133.0,2.0,B. CHILDRESS,,,,,,3,34,1.0,score,0,13,3,15
03:50,03:50:00,13,15,-2,2,1,REGULAR,133,B. CHILDRESS,1,assist,110,109,[],,0,0,Brandon Reginald,Childress,Brandon Reginald,Childress,B,C,B,C,B. Childress,BURSASPOR BASKETBOL,BUR,B. Childress,0,,,,,,ASS,,BURSASPOR BASKETBOL B. CHILDRESS assist,,,,,,,,,0,35,2.0,,0,13,0,15
03:30,03:30:00,16,15,1,1,1,REGULAR,70,J. MATHEWS,1,3pt,111,,[],jumpshot,1,0,Jonah Kenneth,Mathews,Jonah Kenneth,Mathews,J,M,J,M,J. Mathews,BESIKTAS GAIN,BJK,J. Mathews,0,,,69.730003356934,83.050003051758,1.0,P3,made,BESIKTAS GAIN J. MATHEWS 3Pt made,,,,,,,,,3,35,2.0,score,3,16,0,15
03:19,03:19:00,16,15,1,2,1,REGULAR,133,B. CHILDRESS,1,turnover,113,,[],badpass,0,0,Brandon Reginald,Childress,Brandon Reginald,Childress,B,C,B,C,B. Childress,BURSASPOR BASKETBOL,BUR,B. Childress,0,,,,,,TO,,BURSASPOR BASKETBOL B. CHILDRESS turnover badpass,,,,,,,,,0,36,1.0,turnover,0,16,0,15
03:19,03:19:00,16,15,1,2,1,REGULAR,133,B. CHILDRESS,1,substitution,114,,[],out,0,0,Brandon Reginald,Childress,Brandon Reginald,Childress,B,C,B,C,B. Childress,BURSASPOR BASKETBOL,BUR,B. Childress,0,,,,,,SUB,out,BURSASPOR BASKETBOL substitution out,,,,,,,,,0,37,2.0,,0,16,0,15
03:19,03:19:00,16,15,1,2,1,REGULAR,102,B. AKIN,1,substitution,115,,[],out,0,11,Berk Can,Akin,Berk Can,Akin,B,A,B,A,B. Akin,BURSASPOR BASKETBOL,BUR,B. Akin,11,,,,,,SUB,out,BURSASPOR BASKETBOL substitution out,,,,,,,,,0,37,2.0,,0,16,0,15
03:19,03:19:00,16,15,1,2,1,REGULAR,135,A. KONONTSUK,1,substitution,116,,[],out,0,34,Artur,Konontsuk,Artur,Konontsuk,A,K,A,K,A. Konontsuk,BURSASPOR BASKETBOL,BUR,A. Konontsuk,34,,,,,,SUB,out,BURSASPOR BASKETBOL substitution out,,,,,,,,,0,37,2.0,,0,16,0,15
03:19,03:19:00,16,15,1,2,1,REGULAR,127,L. NNOKO,1,substitution,117,,[],out,0,35,Landry,Nnoko,Landry,Nnoko,L,N,L,N,L. Nnoko,BURSASPOR BASKETBOL,BUR,L. Nnoko,35,,,,,,SUB,out,BURSASPOR BASKETBOL substitution out,,,,,,,,,0,37,2.0,,0,16,0,15
03:19,03:19:00,16,15,1,2,1,REGULAR,136,J. DELAURIER,1,substitution,118,,[],in,0,12,Javin Que,Delaurier,Javin Que,Delaurier,J,D,J,D,J. Delaurier,BURSASPOR BASKETBOL,BUR,J. Delaurier,12,,,,,,SUB,in,BURSASPOR BASKETBOL substitution in,,,,,,,,,0,37,2.0,,0,16,0,15
03:19,03:19:00,16,15,1,2,1,REGULAR,129,B. CRAWFORD,1,substitution,119,,[],in,0,13,Bryant Dejuan,Crawford,Bryant Dejuan,Crawford,B,C,B,C,B. Crawford,BURSASPOR BASKETBOL,BUR,B. Crawford,13,,,,,,SUB,in,BURSASPOR BASKETBOL substitution in,,,,,,,,,0,37,2.0,,0,16,0,15
03:19,03:19:00,16,15,1,2,1,REGULAR,4,Y. ONAR,1,substitution,120,,[],in,0,14,Yesukan,Onar,Yesukan,Onar,Y,O,Y,O,Y. Onar,BURSASPOR BASKETBOL,BUR,Y. Onar,14,,,,,,SUB,in,BURSASPOR BASKETBOL substitution in,,,,,,,,,0,37,2.0,,0,16,0,15
03:19,03:19:00,16,15,1,2,1,REGULAR,134,V. KING,1,substitution,121,,[],in,0,22,Vincent Earl,King,Vincent Earl,King,V,K,V,K,V. King,BURSASPOR BASKETBOL,BUR,V. King,22,,,,,,SUB,in,BURSASPOR BASKETBOL substitution in,,,,,,,,,0,37,2.0,,0,16,0,15
03:12,03:12:00,16,15,1,1,1,REGULAR,67,A. BROWN,1,turnover,124,,[],travel,0,21,Anthony Lejohn,Brown,Anthony Lejohn,Brown,A,B,A,B,A. Brown,BESIKTAS GAIN,BJK,A. Brown,21,,,,,,TO,,BESIKTAS GAIN A. BROWN turnover travel,,,,,,,,,0,37,2.0,turnover,0,16,0,15
03:01,03:01:00,16,15,1,2,1,REGULAR,144,M. PARSONS,0,2pt,126,,['fromturnover'],floatingjumpshot,1,5,Malik Disjohn,Parsons,Malik Disjohn,Parsons,M,P,M,P,M. Parsons,BURSASPOR BASKETBOL,BUR,M. Parsons,5,,,20.590000152588,54.520000457764,0.0,P2,missed,BURSASPOR BASKETBOL M. PARSONS 2Pt missed,,,,,,,,,0,38,1.0,,0,16,0,15
02:58,02:58:00,16,15,1,2,1,REGULAR,4,Y. ONAR,1,rebound,127,126,[],offensive,0,14,Yesukan,Onar,Yesukan,Onar,Y,O,Y,O,Y. Onar,BURSASPOR BASKETBOL,BUR,Y. Onar,14,,,,,,REB,,BURSASPOR BASKETBOL rebound offensive,,,,,,,,,0,38,1.0,,0,16,0,15
02:56,02:56:00,16,15,1,2,1,REGULAR,144,M. PARSONS,0,3pt,128,,"['2ndchance', 'fromturnover']",jumpshot,1,5,Malik Disjohn,Parsons,Malik Disjohn,Parsons,M,P,M,P,M. Parsons,BURSASPOR BASKETBOL,BUR,M. Parsons,5,,,12.789999961853,4.5199999809265,0.0,P3,missed,BURSASPOR BASKETBOL M. PARSONS 3Pt missed,,,,,,,,,0,38,1.0,def_reb,0,16,0,15
02:54,02:54:00,16,15,1,1,1,REGULAR,76,C. KUS,1,rebound,129,128,[],defensive,0,12,Canberk,Kus,Canberk,Kus,C,K,C,K,C. Kus,BESIKTAS GAIN,BJK,C. Kus,12,,,,,,REB,,BESIKTAS GAIN rebound defensive,,,,,,,,,0,39,2.0,def_reb,0,16,0,15
02:47,02:47:00,16,15,1,1,1,REGULAR,70,J. MATHEWS,0,2pt,130,,[],floatingjumpshot,1,0,Jonah Kenneth,Mathews,Jonah Kenneth,Mathews,J,M,J,M,J. Mathews,BESIKTAS GAIN,BJK,J. Mathews,0,,,88.769996643066,69.48999786377,0.0,P2,missed,BESIKTAS GAIN J. MATHEWS 2Pt missed,,,,,,,,,0,40,1.0,def_reb,0,16,0,15
02:44,02:44:00,16,15,1,2,1,REGULAR,4,Y. ONAR,1,rebound,131,130,[],defensive,0,14,Yesukan,Onar,Yesukan,Onar,Y,O,Y,O,Y. Onar,BURSASPOR BASKETBOL,BUR,Y. Onar,14,,,,,,REB,,BURSASPOR BASKETBOL rebound defensive,,,,,,,,,0,41,2.0,def_reb,0,16,0,15
02:34,02:34:00,16,15,1,2,1,REGULAR,136,J. DELAURIER,0,2pt,132,,['pointsinthepaint'],layup,1,12,Javin Que,Delaurier,Javin Que,Delaurier,J,D,J,D,J. Delaurier,BURSASPOR BASKETBOL,BUR,J. Delaurier,12,,,3.2799999713898,47.459999084473,0.0,P2,missed,BURSASPOR BASKETBOL J. DELAURIER 2Pt missed,,,,,,,,,0,42,1.0,,0,16,0,15
02:31,02:31:00,16,15,1,2,1,REGULAR,134,V. KING,1,rebound,133,132,[],offensive,0,22,Vincent Earl,King,Vincent Earl,King,V,K,V,K,V. King,BURSASPOR BASKETBOL,BUR,V. King,22,,,,,,REB,,BURSASPOR BASKETBOL rebound offensive,,,,,,,,,0,42,1.0,,0,16,0,15
02:23,02:23:00,16,17,-1,2,1,REGULAR,4,Y. ONAR,1,2pt,134,,"['2ndchance', 'pointsinthepaint']",floatingjumpshot,1,14,Yesukan,Onar,Yesukan,Onar,Y,O,Y,O,Y. Onar,BURSASPOR BASKETBOL,BUR,Y. Onar,14,,,13.569999694824,55.650001525879,1.0,P2,made,BURSASPOR BASKETBOL Y. ONAR 2Pt made,129.0,2.0,B. CRAWFORD,,,,,,2,42,1.0,score,0,16,2,17
02:23,02:23:00,16,17,-1,2,1,REGULAR,129,B. CRAWFORD,1,assist,135,134,[],,0,13,Bryant Dejuan,Crawford,Bryant Dejuan,Crawford,B,C,B,C,B. Crawford,BURSASPOR BASKETBOL,BUR,B. Crawford,13,,,,,,ASS,,BURSASPOR BASKETBOL B. CRAWFORD assist,,,,,,,,,0,43,2.0,,0,16,0,17
02:06,02:06:00,16,17,-1,1,1,REGULAR,76,C. KUS,0,3pt,136,,[],jumpshot,1,12,Canberk,Kus,Canberk,Kus,C,K,C,K,C. Kus,BESIKTAS GAIN,BJK,C. Kus,12,,,70.669998168945,79.660003662109,0.0,P3,missed,BESIKTAS GAIN C. KUS 3Pt missed,,,,,,,,,0,43,2.0,def_reb,0,16,0,17
02:03,02:03:00,16,17,-1,2,1,REGULAR,129,B. CRAWFORD,1,rebound,137,136,[],defensive,0,13,Bryant Dejuan,Crawford,Bryant Dejuan,Crawford,B,C,B,C,B. Crawford,BURSASPOR BASKETBOL,BUR,B. Crawford,13,,,,,,REB,,BURSASPOR BASKETBOL rebound defensive,,,,,,,,,0,44,1.0,def_reb,0,16,0,17
01:53,01:53:00,16,17,-1,2,1,REGULAR,136,J. DELAURIER,1,foul,139,,[],offensive,0,12,Javin Que,Delaurier,Javin Que,Delaurier,J,D,J,D,J. Delaurier,BURSASPOR BASKETBOL,BUR,J. Delaurier,12,,,,,,RFOUL,,BURSASPOR BASKETBOL J. DELAURIER foul offensive,,,,,,,,,0,45,2.0,offensive_foul,0,16,0,17
01:53,01:53:00,16,17,-1,2,1,REGULAR,136,J. DELAURIER,1,turnover,140,139,[],offensive,0,12,Javin Que,Delaurier,Javin Que,Delaurier,J,D,J,D,J. Delaurier,BURSASPOR BASKETBOL,BUR,J. Delaurier,12,,,,,,TO,,BURSASPOR BASKETBOL J. DELAURIER turnover offensive,,,,,,,,,0,46,1.0,turnover,0,16,0,17
01:53,01:53:00,16,17,-1,1,1,REGULAR,70,J. MATHEWS,1,foulon,141,139,[],,0,0,Jonah Kenneth,Mathews,Jonah Kenneth,Mathews,J,M,J,M,J. Mathews,BESIKTAS GAIN,BJK,J. Mathews,0,,,,,,OTHER,,BESIKTAS GAIN foulon,,,,,,,,,0,47,2.0,,0,16,0,17
01:53,01:53:00,16,17,-1,1,1,REGULAR,0,,1,timeout,142,,[],full,0,,,,,,,,,,,BESIKTAS GAIN,BJK,,,,,,,,TIMEOUT,,BESIKTAS GAIN timeout,,,,,,,,,0,47,2.0,,0,16,0,17
01:53,01:53:00,16,17,-1,1,1,REGULAR,70,J. MATHEWS,1,substitution,143,,[],out,0,0,Jonah Kenneth,Mathews,Jonah Kenneth,Mathews,J,M,J,M,J. Mathews,BESIKTAS GAIN,BJK,J. Mathews,0,,,,,,SUB,out,BESIKTAS GAIN substitution out,,,,,,,,,0,47,2.0,,0,16,0,17
01:53,01:53:00,16,17,-1,1,1,REGULAR,76,C. KUS,1,substitution,144,,[],out,0,12,Canberk,Kus,Canberk,Kus,C,K,C,K,C. Kus,BESIKTAS GAIN,BJK,C. Kus,12,,,,,,SUB,out,BESIKTAS GAIN substitution out,,,,,,,,,0,47,2.0,,0,16,0,17
01:53,01:53:00,16,17,-1,1,1,REGULAR,74,Y. ARSLAN,1,substitution,145,,[],in,0,7,Yigit,Arslan,Yigit,Arslan,Y,A,Y,A,Y. Arslan,BESIKTAS GAIN,BJK,Y. Arslan,7,,,,,,SUB,in,BESIKTAS GAIN substitution in,,,,,,,,,0,47,2.0,,0,16,0,17
01:53,01:53:00,16,17,-1,1,1,REGULAR,68,V. BROWN,1,substitution,146,,[],in,0,33,Vittorio,Brown,Vittorio,Brown,V,B,V,B,V. Brown,BESIKTAS GAIN,BJK,V. Brown,33,,,,,,SUB,in,BESIKTAS GAIN substitution in,,,,,,,,,0,47,2.0,,0,16,0,17
01:36,01:36:00,16,17,-1,1,1,REGULAR,67,A. BROWN,0,2pt,148,,"['fromturnover', 'pointsinthepaint']",drivinglayup,1,21,Anthony Lejohn,Brown,Anthony Lejohn,Brown,A,B,A,B,A. Brown,BESIKTAS GAIN,BJK,A. Brown,21,,,92.819999694824,49.720001220703,0.0,P2,missed,BESIKTAS GAIN A. BROWN 2Pt missed,,,,,,,,,0,47,2.0,def_reb,0,16,0,17
01:33,01:33:00,16,17,-1,2,1,REGULAR,4,Y. ONAR,1,rebound,149,148,[],defensive,0,14,Yesukan,Onar,Yesukan,Onar,Y,O,Y,O,Y. Onar,BURSASPOR BASKETBOL,BUR,Y. Onar,14,,,,,,REB,,BURSASPOR BASKETBOL rebound defensive,,,,,,,,,0,48,1.0,def_reb,0,16,0,17
01:13,01:13:00,16,17,-1,2,1,REGULAR,129,B. CRAWFORD,0,2pt,150,,['blocked'],jumpshot,1,13,Bryant Dejuan,Crawford,Bryant Dejuan,Crawford,B,C,B,C,B. Crawford,BURSASPOR BASKETBOL,BUR,B. Crawford,13,,,9.6700000762939,81.639999389648,0.0,P2,missed,BURSASPOR BASKETBOL B. CRAWFORD 2Pt missed,,,,72.0,1.0,I. KAMAGATE,,,0,49,2.0,,0,16,0,17
01:13,01:13:00,16,17,-1,1,1,REGULAR,72,I. KAMAGATE,1,block,151,150,[],,0,4,Ismael Sindou,Kamagate,Ismael Sindou,Kamagate,I,K,I,K,I. Kamagate,BESIKTAS GAIN,BJK,I. Kamagate,4,,,,,,BS,,BESIKTAS GAIN I. KAMAGATE block,,,,,,,,,0,49,2.0,,0,16,0,17
01:10,01:10:00,16,17,-1,1,1,REGULAR,67,A. BROWN,1,rebound,152,150,[],defensive,0,21,Anthony Lejohn,Brown,Anthony Lejohn,Brown,A,B,A,B,A. Brown,BESIKTAS GAIN,BJK,A. Brown,21,,,,,,REB,,BESIKTAS GAIN rebound defensive,,,,,,,,,0,49,2.0,def_reb,0,16,0,17
00:57,00:57:60,16,17,-1,1,1,REGULAR,66,B. LEMAR,0,3pt,153,,[],jumpshot,1,11,Brynton Jevon,Lemar,Brynton Jevon,Lemar,B,L,B,L,B. Lemar,BESIKTAS GAIN,BJK,B. Lemar,11,,,72.699996948242,16.379999160767,0.0,P3,missed,BESIKTAS GAIN B. LEMAR 3Pt missed,,,,,,,,,0,50,1.0,def_reb,0,16,0,17
00:54,00:54:70,16,17,-1,2,1,REGULAR,4,Y. ONAR,1,rebound,154,153,[],defensive,0,14,Yesukan,Onar,Yesukan,Onar,Y,O,Y,O,Y. Onar,BURSASPOR BASKETBOL,BUR,Y. Onar,14,,,,,,REB,,BURSASPOR BASKETBOL rebound defensive,,,,,,,,,0,51,2.0,def_reb,0,16,0,17
00:49,00:49:90,16,17,-1,1,1,REGULAR,67,A. BROWN,1,foul,156,,"['shooting', '2freethrow']",personal,0,21,Anthony Lejohn,Brown,Anthony Lejohn,Brown,A,B,A,B,A. Brown,BESIKTAS GAIN,BJK,A. Brown,21,,,,,,FOUL,,BESIKTAS GAIN A. BROWN foul personal,,,,,,,,,0,52,1.0,,0,16,0,17
00:49,00:49:90,16,17,-1,2,1,REGULAR,144,M. PARSONS,1,foulon,157,156,[],,0,5,Malik Disjohn,Parsons,Malik Disjohn,Parsons,M,P,M,P,M. Parsons,BURSASPOR BASKETBOL,BUR,M. Parsons,5,,,,,,OTHER,,BURSASPOR BASKETBOL foulon,,,,,,,,,0,52,1.0,,0,16,0,17
00:49,00:49:90,16,17,-1,1,1,REGULAR,71,D. DOTSON,1,substitution,159,,[],in,0,1,Devon Durrell,Dotson,Devon Durrell,Dotson,D,D,D,D,D. Dotson,BESIKTAS GAIN,BJK,D. Dotson,1,,,,,,SUB,in,BESIKTAS GAIN substitution in,,,,,,,,,0,52,1.0,,0,16,0,17
00:49,00:49:90,16,18,-2,2,1,REGULAR,144,M. PARSONS,1,freethrow,160,,['fastbreak'],1of2,1,5,Malik Disjohn,Parsons,Malik Disjohn,Parsons,M,P,M,P,M. Parsons,BURSASPOR BASKETBOL,BUR,M. Parsons,5,,,,,,FT,made,BURSASPOR BASKETBOL M. PARSONS FT 1of2 made,,,,,,,,,1,52,1.0,made_ft,0,16,1,18
00:49,00:49:90,16,18,-2,2,1,REGULAR,144,M. PARSONS,0,freethrow,161,,['fastbreak'],2of2,1,5,Malik Disjohn,Parsons,Malik Disjohn,Parsons,M,P,M,P,M. Parsons,BURSASPOR BASKETBOL,BUR,M. Parsons,5,,,,,,FT,missed,BURSASPOR BASKETBOL M. PARSONS FT 2of2 missed,,,,,,,,,0,53,2.0,def_reb,0,16,0,18
00:49,00:49:90,16,18,-2,1,1,REGULAR,72,I. KAMAGATE,1,rebound,163,161,[],defensive,0,4,Ismael Sindou,Kamagate,Ismael Sindou,Kamagate,I,K,I,K,I. Kamagate,BESIKTAS GAIN,BJK,I. Kamagate,4,,,,,,REB,,BESIKTAS GAIN rebound defensive,,,,,,,,,0,54,1.0,def_reb,0,16,0,18
00:36,00:36:20,19,18,1,1,1,REGULAR,67,A. BROWN,1,3pt,164,,[],jumpshot,1,21,Anthony Lejohn,Brown,Anthony Lejohn,Brown,A,B,A,B,A. Brown,BESIKTAS GAIN,BJK,A. Brown,21,,,70.360000610352,81.639999389648,1.0,P3,made,BESIKTAS GAIN A. BROWN 3Pt made,,,,,,,,,3,55,2.0,score,3,19,0,18
00:49,00:49:90,16,17,-1,1,1,REGULAR,66,B. LEMAR,1,substitution,165,,[],out,0,11,Brynton Jevon,Lemar,Brynton Jevon,Lemar,B,L,B,L,B. Lemar,BESIKTAS GAIN,BJK,B. Lemar,11,,,,,,SUB,out,BESIKTAS GAIN substitution out,,,,,,,,,0,56,1.0,,0,19,0,18
00:04,00:04:30,19,18,1,2,1,REGULAR,0,,1,turnover,167,,['team'],24sec,0,,,,,,,,,,,BURSASPOR BASKETBOL,BUR,,,,,,,,TO,,BURSASPOR BASKETBOL  turnover 24sec,,,,,,,,,0,56,1.0,turnover,0,19,0,18
00:04,00:04:30,19,18,1,1,1,REGULAR,72,I. KAMAGATE,1,substitution,168,,[],out,0,4,Ismael Sindou,Kamagate,Ismael Sindou,Kamagate,I,K,I,K,I. Kamagate,BESIKTAS GAIN,BJK,I. Kamagate,4,,,,,,SUB,out,BESIKTAS GAIN substitution out,,,,,,,,,0,57,2.0,,0,19,0,18
00:04,00:04:30,19,18,1,1,1,REGULAR,70,J. MATHEWS,1,substitution,169,,[],in,0,0,Jonah Kenneth,Mathews,Jonah Kenneth,Mathews,J,M,J,M,J. Mathews,BESIKTAS GAIN,BJK,J. Mathews,0,,,,,,SUB,in,BESIKTAS GAIN substitution in,,,,,,,,,0,57,2.0,,0,19,0,18
00:04,00:04:30,19,18,1,2,1,REGULAR,144,M. PARSONS,1,substitution,170,,[],out,0,5,Malik Disjohn,Parsons,Malik Disjohn,Parsons,M,P,M,P,M. Parsons,BURSASPOR BASKETBOL,BUR,M. Parsons,5,,,,,,SUB,out,BURSASPOR BASKETBOL substitution out,,,,,,,,,0,57,2.0,,0,19,0,18
00:04,00:04:30,19,18,1,2,1,REGULAR,126,B. SATIR,1,substitution,171,,[],in,0,10,Bora,Satir,Bora,Satir,B,S,B,S,B. Satir,BURSASPOR BASKETBOL,BUR,B. Satir,10,,,,,,SUB,in,BURSASPOR BASKETBOL substitution in,,,,,,,,,0,57,2.0,,0,19,0,18
00:00,00:00:40,22,18,4,1,1,REGULAR,71,D. DOTSON,1,3pt,174,,"['fromturnover', 'fastbreak']",jumpshot,1,1,Devon Durrell,Dotson,Devon Durrell,Dotson,D,D,D,D,D. Dotson,BESIKTAS GAIN,BJK,D. Dotson,1,,,68.330001831055,12.710000038147,1.0,P3,made,BESIKTAS GAIN D. DOTSON 3Pt made,67.0,1.0,A. BROWN,,,,,,3,57,2.0,score,3,22,0,18
00:00,00:00:40,22,18,4,1,1,REGULAR,67,A. BROWN,1,assist,175,174,[],,0,21,Anthony Lejohn,Brown,Anthony Lejohn,Brown,A,B,A,B,A. Brown,BESIKTAS GAIN,BJK,A. Brown,21,,,,,,ASS,,BESIKTAS GAIN A. BROWN assist,,,,,,,,,0,58,1.0,,0,22,0,18
00:00,00:00:00,22,18,4,0,1,REGULAR,0,,1,period,176,,['confirmed'],end,0,,,,,,,,,,,,,,,,,,,,OTHER,,period end,,,,,,,,,0,58,1.0,,0,22,0,18
10:00,10:00:00,22,18,4,1,2,REGULAR,70,J. MATHEWS,1,substitution,177,,[],out,0,0,Jonah Kenneth,Mathews,Jonah Kenneth,Mathews,J,M,J,M,J. Mathews,BESIKTAS GAIN,BJK,J. Mathews,0,,,,,,SUB,out,BESIKTAS GAIN substitution out,,,,,,,,,0,58,1.0,,0,22,0,18
10:00,10:00:00,22,18,4,1,2,REGULAR,69,C. MORGAN,1,substitution,178,,[],in,0,9,Conor Seamus William,Morgan,Conor Seamus William,Morgan,C,M,C,M,C. Morgan,BESIKTAS GAIN,BJK,C. Morgan,9,,,,,,SUB,in,BESIKTAS GAIN substitution in,,,,,,,,,0,58,1.0,,0,22,0,18
10:00,10:00:00,22,18,4,2,2,REGULAR,126,B. SATIR,1,substitution,179,,[],out,0,10,Bora,Satir,Bora,Satir,B,S,B,S,B. Satir,BURSASPOR BASKETBOL,BUR,B. Satir,10,,,,,,SUB,out,BURSASPOR BASKETBOL substitution out,,,,,,,,,0,58,1.0,,0,22,0,18
10:00,10:00:00,22,18,4,2,2,REGULAR,136,J. DELAURIER,1,substitution,180,,[],out,0,12,Javin Que,Delaurier,Javin Que,Delaurier,J,D,J,D,J. Delaurier,BURSASPOR BASKETBOL,BUR,J. Delaurier,12,,,,,,SUB,out,BURSASPOR BASKETBOL substitution out,,,,,,,,,0,58,1.0,,0,22,0,18
10:00,10:00:00,22,18,4,2,2,REGULAR,133,B. CHILDRESS,1,substitution,181,,[],in,0,0,Brandon Reginald,Childress,Brandon Reginald,Childress,B,C,B,C,B. Childress,BURSASPOR BASKETBOL,BUR,B. Childress,0,,,,,,SUB,in,BURSASPOR BASKETBOL substitution in,,,,,,,,,0,58,1.0,,0,22,0,18
10:00,10:00:00,22,18,4,2,2,REGULAR,127,L. NNOKO,1,substitution,182,,[],in,0,35,Landry,Nnoko,Landry,Nnoko,L,N,L,N,L. Nnoko,BURSASPOR BASKETBOL,BUR,L. Nnoko,35,,,,,,SUB,in,BURSASPOR BASKETBOL substitution in,,,,,,,,,0,58,1.0,,0,22,0,18
10:00,10:00:00,22,18,4,0,2,REGULAR,0,,1,period,183,,[],start,0,,,,,,,,,,,,,,,,,,,,OTHER,,period start,,,,,,,,,0,58,1.0,,0,22,0,18
09:45,09:45:00,25,18,7,1,2,REGULAR,68,V. BROWN,1,3pt,185,,[],jumpshot,1,33,Vittorio,Brown,Vittorio,Brown,V,B,V,B,V. Brown,BESIKTAS GAIN,BJK,V. Brown,33,,,73.169998168945,85.309997558594,1.0,P3,made,BESIKTAS GAIN V. BROWN 3Pt made,71.0,1.0,D. DOTSON,,,,,,3,58,1.0,score,3,25,0,18
09:45,09:45:00,25,18,7,1,2,REGULAR,71,D. DOTSON,1,assist,186,185,[],,0,1,Devon Durrell,Dotson,Devon Durrell,Dotson,D,D,D,D,D. Dotson,BESIKTAS GAIN,BJK,D. Dotson,1,,,,,,ASS,,BESIKTAS GAIN D. DOTSON assist,,,,,,,,,0,59,2.0,,0,25,0,18
09:21,09:21:00,25,21,4,2,2,REGULAR,134,V. KING,1,3pt,187,,[],jumpshot,1,22,Vincent Earl,King,Vincent Earl,King,V,K,V,K,V. King,BURSASPOR BASKETBOL,BUR,V. King,22,,,26.829999923706,13.279999732971,1.0,P3,made,BURSASPOR BASKETBOL V. KING 3Pt made,133.0,2.0,B. CHILDRESS,,,,,,3,59,2.0,score,0,25,3,21
09:21,09:21:00,25,21,4,2,2,REGULAR,133,B. CHILDRESS,1,assist,188,187,[],,0,0,Brandon Reginald,Childress,Brandon Reginald,Childress,B,C,B,C,B. Childress,BURSASPOR BASKETBOL,BUR,B. Childress,0,,,,,,ASS,,BURSASPOR BASKETBOL B. CHILDRESS assist,,,,,,,,,0,60,1.0,,0,25,0,21
09:00,09:00:00,25,21,4,1,2,REGULAR,74,Y. ARSLAN,0,3pt,189,,[],jumpshot,1,7,Yigit,Arslan,Yigit,Arslan,Y,A,Y,A,Y. Arslan,BESIKTAS GAIN,BJK,Y. Arslan,7,,,90.019996643066,96.610000610352,0.0,P3,missed,BESIKTAS GAIN Y. ARSLAN 3Pt missed,,,,,,,,,0,60,1.0,,0,25,0,21
08:57,08:57:00,25,21,4,1,2,REGULAR,68,V. BROWN,1,rebound,190,189,[],offensive,0,33,Vittorio,Brown,Vittorio,Brown,V,B,V,B,V. Brown,BESIKTAS GAIN,BJK,V. Brown,33,,,,,,REB,,BESIKTAS GAIN rebound offensive,,,,,,,,,0,60,1.0,,0,25,0,21
08:57,08:57:00,25,21,4,1,2,REGULAR,68,V. BROWN,0,2pt,191,,"['2ndchance', 'pointsinthepaint']",tipinlayup,1,33,Vittorio,Brown,Vittorio,Brown,V,B,V,B,V. Brown,BESIKTAS GAIN,BJK,V. Brown,33,,,94.0,50.0,0.0,P2,missed,BESIKTAS GAIN V. BROWN 2Pt missed,,,,,,,,,0,60,1.0,def_reb,0,25,0,21
08:56,08:56:00,25,21,4,2,2,REGULAR,127,L. NNOKO,1,rebound,192,191,[],defensive,0,35,Landry,Nnoko,Landry,Nnoko,L,N,L,N,L. Nnoko,BURSASPOR BASKETBOL,BUR,L. Nnoko,35,,,,,,REB,,BURSASPOR BASKETBOL rebound defensive,,,,,,,,,0,61,2.0,def_reb,0,25,0,21
08:52,08:52:00,25,21,4,2,2,REGULAR,4,Y. ONAR,1,turnover,193,,[],badpass,0,14,Yesukan,Onar,Yesukan,Onar,Y,O,Y,O,Y. Onar,BURSASPOR BASKETBOL,BUR,Y. Onar,14,,,,,,TO,,BURSASPOR BASKETBOL Y. ONAR turnover badpass,,,,,,,,,0,62,1.0,turnover,0,25,0,21
08:52,08:52:00,25,21,4,1,2,REGULAR,67,A. BROWN,1,steal,194,193,[],,0,21,Anthony Lejohn,Brown,Anthony Lejohn,Brown,A,B,A,B,A. Brown,BESIKTAS GAIN,BJK,A. Brown,21,,,,,,ST,,BESIKTAS GAIN A. BROWN steal,,,,,,,,,0,63,2.0,,0,25,0,21
08:50,08:50:00,25,21,4,2,2,REGULAR,134,V. KING,1,foul,196,,[],personal,0,22,Vincent Earl,King,Vincent Earl,King,V,K,V,K,V. King,BURSASPOR BASKETBOL,BUR,V. King,22,,,,,,FOUL,,BURSASPOR BASKETBOL V. KING foul personal,,,,,,,,,0,63,2.0,,0,25,0,21
08:50,08:50:00,25,21,4,1,2,REGULAR,67,A. BROWN,1,foulon,197,196,[],,0,21,Anthony Lejohn,Brown,Anthony Lejohn,Brown,A,B,A,B,A. Brown,BESIKTAS GAIN,BJK,A. Brown,21,,,,,,OTHER,,BESIKTAS GAIN foulon,,,,,,,,,0,63,2.0,,0,25,0,21
08:33,08:33:00,25,21,4,2,2,REGULAR,4,Y. ONAR,1,foul,203,,"['shooting', '2freethrow']",personal,0,14,Yesukan,Onar,Yesukan,Onar,Y,O,Y,O,Y. Onar,BURSASPOR BASKETBOL,BUR,Y. Onar,14,,,,,,FOUL,,BURSASPOR BASKETBOL Y. ONAR foul personal,,,,,,,,,0,63,2.0,,0,25,0,21
08:33,08:33:00,25,21,4,1,2,REGULAR,68,V. BROWN,1,foulon,204,203,[],,0,33,Vittorio,Brown,Vittorio,Brown,V,B,V,B,V. Brown,BESIKTAS GAIN,BJK,V. Brown,33,,,,,,OTHER,,BESIKTAS GAIN foulon,,,,,,,,,0,63,2.0,,0,25,0,21
08:33,08:33:00,25,21,4,1,2,REGULAR,68,V. BROWN,0,freethrow,205,,['fromturnover'],1of2,1,33,Vittorio,Brown,Vittorio,Brown,V,B,V,B,V. Brown,BESIKTAS GAIN,BJK,V. Brown,33,,,,,,FT,missed,BESIKTAS GAIN V. BROWN FT 1of2 missed,,,,,,,,,0,63,2.0,def_reb,0,25,0,21
08:33,08:33:00,25,21,4,1,2,REGULAR,0,,1,rebound,206,205,[],offensivedeadball,0,,,,,,,,,,,BESIKTAS GAIN,BJK,,,,,,,,TREB,,BESIKTAS GAIN team rebound offensivedeadball,,,,,,,,,0,64,1.0,def_reb,0,25,0,21
08:33,08:33:00,26,21,5,1,2,REGULAR,68,V. BROWN,1,freethrow,207,,['fromturnover'],2of2,1,33,Vittorio,Brown,Vittorio,Brown,V,B,V,B,V. Brown,BESIKTAS GAIN,BJK,V. Brown,33,,,,,,FT,made,BESIKTAS GAIN V. BROWN FT 2of2 made,,,,,,,,,1,65,2.0,made_ft_last,1,26,0,21
08:17,08:17:00,26,21,5,1,2,REGULAR,71,D. DOTSON,1,foul,210,,[],personal,0,1,Devon Durrell,Dotson,Devon Durrell,Dotson,D,D,D,D,D. Dotson,BESIKTAS GAIN,BJK,D. Dotson,1,,,,,,FOUL,,BESIKTAS GAIN D. DOTSON foul personal,,,,,,,,,0,66,1.0,,0,26,0,21
08:17,08:17:00,26,21,5,2,2,REGULAR,127,L. NNOKO,1,foulon,211,210,[],,0,35,Landry,Nnoko,Landry,Nnoko,L,N,L,N,L. Nnoko,BURSASPOR BASKETBOL,BUR,L. Nnoko,35,,,,,,OTHER,,BURSASPOR BASKETBOL foulon,,,,,,,,,0,66,1.0,,0,26,0,21
08:17,08:17:00,26,21,5,1,2,REGULAR,71,D. DOTSON,1,substitution,212,,[],out,0,1,Devon Durrell,Dotson,Devon Durrell,Dotson,D,D,D,D,D. Dotson,BESIKTAS GAIN,BJK,D. Dotson,1,,,,,,SUB,out,BESIKTAS GAIN substitution out,,,,,,,,,0,66,1.0,,0,26,0,21
08:17,08:17:00,26,21,5,1,2,REGULAR,67,A. BROWN,1,substitution,213,,[],out,0,21,Anthony Lejohn,Brown,Anthony Lejohn,Brown,A,B,A,B,A. Brown,BESIKTAS GAIN,BJK,A. Brown,21,,,,,,SUB,out,BESIKTAS GAIN substitution out,,,,,,,,,0,66,1.0,,0,26,0,21
08:17,08:17:00,26,21,5,1,2,REGULAR,70,J. MATHEWS,1,substitution,214,,[],in,0,0,Jonah Kenneth,Mathews,Jonah Kenneth,Mathews,J,M,J,M,J. Mathews,BESIKTAS GAIN,BJK,J. Mathews,0,,,,,,SUB,in,BESIKTAS GAIN substitution in,,,,,,,,,0,66,1.0,,0,26,0,21
08:17,08:17:00,26,21,5,1,2,REGULAR,66,B. LEMAR,1,substitution,215,,[],in,0,11,Brynton Jevon,Lemar,Brynton Jevon,Lemar,B,L,B,L,B. Lemar,BESIKTAS GAIN,BJK,B. Lemar,11,,,,,,SUB,in,BESIKTAS GAIN substitution in,,,,,,,,,0,66,1.0,,0,26,0,21
08:06,08:06:00,26,23,3,2,2,REGULAR,133,B. CHILDRESS,1,2pt,217,,['pointsinthepaint'],drivinglayup,1,0,Brandon Reginald,Childress,Brandon Reginald,Childress,B,C,B,C,B. Childress,BURSASPOR BASKETBOL,BUR,B. Childress,0,,,5.9299998283386,49.720001220703,1.0,P2,made,BURSASPOR BASKETBOL B. CHILDRESS 2Pt made,4.0,2.0,Y. ONAR,,,,,,2,66,1.0,score,0,26,2,23
08:06,08:06:00,26,23,3,2,2,REGULAR,4,Y. ONAR,1,assist,218,217,[],,0,14,Yesukan,Onar,Yesukan,Onar,Y,O,Y,O,Y. Onar,BURSASPOR BASKETBOL,BUR,Y. Onar,14,,,,,,ASS,,BURSASPOR BASKETBOL Y. ONAR assist,,,,,,,,,0,67,2.0,,0,26,0,23
07:50,07:50:00,26,23,3,1,2,REGULAR,66,B. LEMAR,1,turnover,219,,[],badpass,0,11,Brynton Jevon,Lemar,Brynton Jevon,Lemar,B,L,B,L,B. Lemar,BESIKTAS GAIN,BJK,B. Lemar,11,,,,,,TO,,BESIKTAS GAIN B. LEMAR turnover badpass,,,,,,,,,0,67,2.0,turnover,0,26,0,23
07:50,07:50:00,26,23,3,2,2,REGULAR,133,B. CHILDRESS,1,steal,220,219,[],,0,0,Brandon Reginald,Childress,Brandon Reginald,Childress,B,C,B,C,B. Childress,BURSASPOR BASKETBOL,BUR,B. Childress,0,,,,,,ST,,BURSASPOR BASKETBOL B. CHILDRESS steal,,,,,,,,,0,68,1.0,,0,26,0,23
07:43,07:43:00,26,23,3,2,2,REGULAR,4,Y. ONAR,0,2pt,221,,"['fromturnover', 'pointsinthepaint']",floatingjumpshot,1,14,Yesukan,Onar,Yesukan,Onar,Y,O,Y,O,Y. Onar,BURSASPOR BASKETBOL,BUR,Y. Onar,14,,,17.940000534058,58.470001220703,0.0,P2,missed,BURSASPOR BASKETBOL Y. ONAR 2Pt missed,,,,,,,,,0,68,1.0,def_reb,0,26,0,23
07:37,07:37:00,26,23,3,1,2,REGULAR,69,C. MORGAN,1,rebound,222,221,[],defensive,0,9,Conor Seamus William,Morgan,Conor Seamus William,Morgan,C,M,C,M,C. Morgan,BESIKTAS GAIN,BJK,C. Morgan,9,,,,,,REB,,BESIKTAS GAIN rebound defensive,,,,,,,,,0,69,2.0,def_reb,0,26,0,23
07:25,07:25:00,29,23,6,1,2,REGULAR,68,V. BROWN,1,3pt,223,,[],jumpshot,1,33,Vittorio,Brown,Vittorio,Brown,V,B,V,B,V. Brown,BESIKTAS GAIN,BJK,V. Brown,33,,,67.709999084473,35.310001373291,1.0,P3,made,BESIKTAS GAIN V. BROWN 3Pt made,66.0,1.0,B. LEMAR,,,,,,3,70,1.0,score,3,29,0,23
07:25,07:25:00,29,23,6,1,2,REGULAR,66,B. LEMAR,1,assist,224,223,[],,0,11,Brynton Jevon,Lemar,Brynton Jevon,Lemar,B,L,B,L,B. Lemar,BESIKTAS GAIN,BJK,B. Lemar,11,,,,,,ASS,,BESIKTAS GAIN B. LEMAR assist,,,,,,,,,0,71,2.0,,0,29,0,23
07:13,07:13:00,29,25,4,2,2,REGULAR,133,B. CHILDRESS,1,2pt,225,,['pointsinthepaint'],layup,1,0,Brandon Reginald,Childress,Brandon Reginald,Childress,B,C,B,C,B. Childress,BURSASPOR BASKETBOL,BUR,B. Childress,0,,,2.1800000667572,54.799999237061,1.0,P2,made,BURSASPOR BASKETBOL B. CHILDRESS 2Pt made,129.0,2.0,B. CRAWFORD,,,,,,2,71,2.0,score,0,29,2,25
07:13,07:13:00,29,25,4,2,2,REGULAR,129,B. CRAWFORD,1,assist,226,225,[],,0,13,Bryant Dejuan,Crawford,Bryant Dejuan,Crawford,B,C,B,C,B. Crawford,BURSASPOR BASKETBOL,BUR,B. Crawford,13,,,,,,ASS,,BURSASPOR BASKETBOL B. CRAWFORD assist,,,,,,,,,0,72,1.0,,0,29,0,25
06:52,06:52:00,32,25,7,1,2,REGULAR,68,V. BROWN,1,3pt,227,,[],jumpshot,1,33,Vittorio,Brown,Vittorio,Brown,V,B,V,B,V. Brown,BESIKTAS GAIN,BJK,V. Brown,33,,,83.779998779297,5.6500000953674,1.0,P3,made,BESIKTAS GAIN V. BROWN 3Pt made,69.0,1.0,C. MORGAN,,,,,,3,72,1.0,score,3,32,0,25
06:52,06:52:00,32,25,7,1,2,REGULAR,69,C. MORGAN,1,assist,229,227,[],,0,9,Conor Seamus William,Morgan,Conor Seamus William,Morgan,C,M,C,M,C. Morgan,BESIKTAS GAIN,BJK,C. Morgan,9,,,,,,ASS,,BESIKTAS GAIN C. MORGAN assist,,,,,,,,,0,73,2.0,,0,32,0,25
06:51,06:51:00,32,25,7,2,2,REGULAR,0,,1,timeout,230,,[],full,0,,,,,,,,,,,BURSASPOR BASKETBOL,BUR,,,,,,,,TIMEOUT,,BURSASPOR BASKETBOL timeout,,,,,,,,,0,73,2.0,,0,32,0,25
06:51,06:51:00,32,25,7,0,2,REGULAR,0,,1,timeout,231,,[],officials,0,,,,,,,,,,,,,,,,,,,,TIMEOUT,, timeout,,,,,,,,,0,73,2.0,,0,32,0,25
06:51,06:51:00,32,25,7,2,2,REGULAR,4,Y. ONAR,1,substitution,232,,[],out,0,14,Yesukan,Onar,Yesukan,Onar,Y,O,Y,O,Y. Onar,BURSASPOR BASKETBOL,BUR,Y. Onar,14,,,,,,SUB,out,BURSASPOR BASKETBOL substitution out,,,,,,,,,0,73,2.0,,0,32,0,25
06:51,06:51:00,32,25,7,2,2,REGULAR,134,V. KING,1,substitution,233,,[],out,0,22,Vincent Earl,King,Vincent Earl,King,V,K,V,K,V. King,BURSASPOR BASKETBOL,BUR,V. King,22,,,,,,SUB,out,BURSASPOR BASKETBOL substitution out,,,,,,,,,0,73,2.0,,0,32,0,25
06:51,06:51:00,32,25,7,2,2,REGULAR,102,B. AKIN,1,substitution,234,,[],in,0,11,Berk Can,Akin,Berk Can,Akin,B,A,B,A,B. Akin,BURSASPOR BASKETBOL,BUR,B. Akin,11,,,,,,SUB,in,BURSASPOR BASKETBOL substitution in,,,,,,,,,0,73,2.0,,0,32,0,25
06:51,06:51:00,32,25,7,2,2,REGULAR,135,A. KONONTSUK,1,substitution,235,,[],in,0,34,Artur,Konontsuk,Artur,Konontsuk,A,K,A,K,A. Konontsuk,BURSASPOR BASKETBOL,BUR,A. Konontsuk,34,,,,,,SUB,in,BURSASPOR BASKETBOL substitution in,,,,,,,,,0,73,2.0,,0,32,0,25
06:27,06:27:00,32,25,7,2,2,REGULAR,102,B. AKIN,0,3pt,237,,[],jumpshot,1,11,Berk Can,Akin,Berk Can,Akin,B,A,B,A,B. Akin,BURSASPOR BASKETBOL,BUR,B. Akin,11,,,33.069999694824,74.580001831055,0.0,P3,missed,BURSASPOR BASKETBOL B. AKIN 3Pt missed,,,,,,,,,0,73,2.0,def_reb,0,32,0,25
06:26,06:26:00,32,25,7,1,2,REGULAR,70,J. MATHEWS,1,rebound,238,237,[],defensive,0,0,Jonah Kenneth,Mathews,Jonah Kenneth,Mathews,J,M,J,M,J. Mathews,BESIKTAS GAIN,BJK,J. Mathews,0,,,,,,REB,,BESIKTAS GAIN rebound defensive,,,,,,,,,0,74,1.0,def_reb,0,32,0,25
06:10,06:10:00,32,25,7,1,2,REGULAR,68,V. BROWN,0,3pt,239,,[],floatingjumpshot,1,33,Vittorio,Brown,Vittorio,Brown,V,B,V,B,V. Brown,BESIKTAS GAIN,BJK,V. Brown,33,,,71.919998168945,81.069999694824,0.0,P3,missed,BESIKTAS GAIN V. BROWN 3Pt missed,,,,,,,,,0,75,2.0,,0,32,0,25
06:07,06:07:00,32,25,7,1,2,REGULAR,68,V. BROWN,1,rebound,240,239,[],offensive,0,33,Vittorio,Brown,Vittorio,Brown,V,B,V,B,V. Brown,BESIKTAS GAIN,BJK,V. Brown,33,,,,,,REB,,BESIKTAS GAIN rebound offensive,,,,,,,,,0,75,2.0,,0,32,0,25
06:04,06:04:00,32,25,7,1,2,REGULAR,74,Y. ARSLAN,0,3pt,241,,['2ndchance'],jumpshot,1,7,Yigit,Arslan,Yigit,Arslan,Y,A,Y,A,Y. Arslan,BESIKTAS GAIN,BJK,Y. Arslan,7,,,91.580001831055,2.539999961853,0.0,P3,missed,BESIKTAS GAIN Y. ARSLAN 3Pt missed,,,,,,,,,0,75,2.0,def_reb,0,32,0,25
06:00,06:00:00,32,25,7,2,2,REGULAR,127,L. NNOKO,1,rebound,242,241,[],defensive,0,35,Landry,Nnoko,Landry,Nnoko,L,N,L,N,L. Nnoko,BURSASPOR BASKETBOL,BUR,L. Nnoko,35,,,,,,REB,,BURSASPOR BASKETBOL rebound defensive,,,,,,,,,0,76,1.0,def_reb,0,32,0,25
05:52,05:52:00,32,25,7,1,2,REGULAR,66,B. LEMAR,1,foul,244,,"['shooting', '2freethrow']",personal,0,11,Brynton Jevon,Lemar,Brynton Jevon,Lemar,B,L,B,L,B. Lemar,BESIKTAS GAIN,BJK,B. Lemar,11,,,,,,FOUL,,BESIKTAS GAIN B. LEMAR foul personal,,,,,,,,,0,77,2.0,,0,32,0,25
05:52,05:52:00,32,25,7,2,2,REGULAR,133,B. CHILDRESS,1,foulon,245,244,[],,0,0,Brandon Reginald,Childress,Brandon Reginald,Childress,B,C,B,C,B. Childress,BURSASPOR BASKETBOL,BUR,B. Childress,0,,,,,,OTHER,,BURSASPOR BASKETBOL foulon,,,,,,,,,0,77,2.0,,0,32,0,25
05:52,05:52:00,32,25,7,1,2,REGULAR,74,Y. ARSLAN,1,substitution,246,,[],out,0,7,Yigit,Arslan,Yigit,Arslan,Y,A,Y,A,Y. Arslan,BESIKTAS GAIN,BJK,Y. Arslan,7,,,,,,SUB,out,BESIKTAS GAIN substitution out,,,,,,,,,0,77,2.0,,0,32,0,25
05:52,05:52:00,32,25,7,1,2,REGULAR,66,B. LEMAR,1,substitution,247,,[],out,0,11,Brynton Jevon,Lemar,Brynton Jevon,Lemar,B,L,B,L,B. Lemar,BESIKTAS GAIN,BJK,B. Lemar,11,,,,,,SUB,out,BESIKTAS GAIN substitution out,,,,,,,,,0,77,2.0,,0,32,0,25
05:52,05:52:00,32,25,7,1,2,REGULAR,1,E. ADIGÜZEL,1,substitution,248,,[],in,0,19,Emir,Adigüzel,Emir,Adigüzel,E,A,E,A,E. Adigüzel,BESIKTAS GAIN,BJK,E. Adigüzel,19,,,,,,SUB,in,BESIKTAS GAIN substitution in,,,,,,,,,0,77,2.0,,0,32,0,25
05:52,05:52:00,32,25,7,1,2,REGULAR,67,A. BROWN,1,substitution,249,,[],in,0,21,Anthony Lejohn,Brown,Anthony Lejohn,Brown,A,B,A,B,A. Brown,BESIKTAS GAIN,BJK,A. Brown,21,,,,,,SUB,in,BESIKTAS GAIN substitution in,,,,,,,,,0,77,2.0,,0,32,0,25
05:52,05:52:00,32,26,6,2,2,REGULAR,133,B. CHILDRESS,1,freethrow,250,,[],1of2,1,0,Brandon Reginald,Childress,Brandon Reginald,Childress,B,C,B,C,B. Childress,BURSASPOR BASKETBOL,BUR,B. Childress,0,,,,,,FT,made,BURSASPOR BASKETBOL B. CHILDRESS FT 1of2 made,,,,,,,,,1,77,2.0,made_ft,0,32,1,26
05:52,05:52:00,32,27,5,2,2,REGULAR,133,B. CHILDRESS,1,freethrow,251,,[],2of2,1,0,Brandon Reginald,Childress,Brandon Reginald,Childress,B,C,B,C,B. Childress,BURSASPOR BASKETBOL,BUR,B. Childress,0,,,,,,FT,made,BURSASPOR BASKETBOL B. CHILDRESS FT 2of2 made,,,,,,,,,1,78,1.0,made_ft_last,0,32,1,27
05:29,05:29:00,34,27,7,1,2,REGULAR,70,J. MATHEWS,1,2pt,253,,[],fadeaway,1,0,Jonah Kenneth,Mathews,Jonah Kenneth,Mathews,J,M,J,M,J. Mathews,BESIKTAS GAIN,BJK,J. Mathews,0,,,76.599998474121,31.920000076294,1.0,P2,made,BESIKTAS GAIN J. MATHEWS 2Pt made,,,,,,,,,2,79,2.0,score,2,34,0,27
05:18,05:18:00,34,27,7,2,2,REGULAR,129,B. CRAWFORD,1,turnover,254,,[],ballhandling,0,13,Bryant Dejuan,Crawford,Bryant Dejuan,Crawford,B,C,B,C,B. Crawford,BURSASPOR BASKETBOL,BUR,B. Crawford,13,,,,,,TO,,BURSASPOR BASKETBOL B. CRAWFORD turnover ballhandling,,,,,,,,,0,80,1.0,turnover,0,34,0,27
05:18,05:18:00,34,27,7,1,2,REGULAR,70,J. MATHEWS,1,steal,255,254,[],,0,0,Jonah Kenneth,Mathews,Jonah Kenneth,Mathews,J,M,J,M,J. Mathews,BESIKTAS GAIN,BJK,J. Mathews,0,,,,,,ST,,BESIKTAS GAIN J. MATHEWS steal,,,,,,,,,0,81,2.0,,0,34,0,27
05:13,05:13:00,34,27,7,2,2,REGULAR,129,B. CRAWFORD,1,foul,257,,"['shooting', '2freethrow']",personal,0,13,Bryant Dejuan,Crawford,Bryant Dejuan,Crawford,B,C,B,C,B. Crawford,BURSASPOR BASKETBOL,BUR,B. Crawford,13,,,,,,FOUL,,BURSASPOR BASKETBOL B. CRAWFORD foul personal,,,,,,,,,0,81,2.0,,0,34,0,27
05:13,05:13:00,34,27,7,1,2,REGULAR,70,J. MATHEWS,1,foulon,258,257,[],,0,0,Jonah Kenneth,Mathews,Jonah Kenneth,Mathews,J,M,J,M,J. Mathews,BESIKTAS GAIN,BJK,J. Mathews,0,,,,,,OTHER,,BESIKTAS GAIN foulon,,,,,,,,,0,81,2.0,,0,34,0,27
05:13,05:13:00,35,27,8,1,2,REGULAR,70,J. MATHEWS,1,freethrow,259,,"['fastbreak', 'fromturnover']",1of2,1,0,Jonah Kenneth,Mathews,Jonah Kenneth,Mathews,J,M,J,M,J. Mathews,BESIKTAS GAIN,BJK,J. Mathews,0,,,,,,FT,made,BESIKTAS GAIN J. MATHEWS FT 1of2 made,,,,,,,,,1,81,2.0,made_ft,1,35,0,27
05:13,05:13:00,36,27,9,1,2,REGULAR,70,J. MATHEWS,1,freethrow,260,,"['fastbreak', 'fromturnover']",2of2,1,0,Jonah Kenneth,Mathews,Jonah Kenneth,Mathews,J,M,J,M,J. Mathews,BESIKTAS GAIN,BJK,J. Mathews,0,,,,,,FT,made,BESIKTAS GAIN J. MATHEWS FT 2of2 made,,,,,,,,,1,82,1.0,made_ft_last,1,36,0,27
04:51,04:51:00,36,27,9,2,2,REGULAR,0,,1,turnover,263,,['team'],24sec,0,,,,,,,,,,,BURSASPOR BASKETBOL,BUR,,,,,,,,TO,,BURSASPOR BASKETBOL  turnover 24sec,,,,,,,,,0,83,2.0,turnover,0,36,0,27
04:36,04:36:00,36,27,9,1,2,REGULAR,70,J. MATHEWS,0,2pt,265,,"['fromturnover', 'pointsinthepaint']",layup,1,0,Jonah Kenneth,Mathews,Jonah Kenneth,Mathews,J,M,J,M,J. Mathews,BESIKTAS GAIN,BJK,J. Mathews,0,,,95.629997253418,52.540000915527,0.0,P2,missed,BESIKTAS GAIN J. MATHEWS 2Pt missed,,,,,,,,,0,84,1.0,def_reb,0,36,0,27
04:34,04:34:00,36,27,9,2,2,REGULAR,127,L. NNOKO,1,rebound,266,265,[],defensive,0,35,Landry,Nnoko,Landry,Nnoko,L,N,L,N,L. Nnoko,BURSASPOR BASKETBOL,BUR,L. Nnoko,35,,,,,,REB,,BURSASPOR BASKETBOL rebound defensive,,,,,,,,,0,85,2.0,def_reb,0,36,0,27
04:28,04:28:00,36,27,9,2,2,REGULAR,133,B. CHILDRESS,0,2pt,267,,[],jumpshot,1,0,Brandon Reginald,Childress,Brandon Reginald,Childress,B,C,B,C,B. Childress,BURSASPOR BASKETBOL,BUR,B. Childress,0,,,16.069999694824,72.319999694824,0.0,P2,missed,BURSASPOR BASKETBOL B. CHILDRESS 2Pt missed,,,,,,,,,0,86,1.0,def_reb,0,36,0,27
04:26,04:26:00,36,27,9,2,2,REGULAR,0,,1,rebound,269,267,['team'],offensive,0,,,,,,,,,,,BURSASPOR BASKETBOL,BUR,,,,,,,,TREB,,BURSASPOR BASKETBOL team rebound offensive,,,,,,,,,0,87,2.0,def_reb,0,36,0,27
04:26,04:26:00,36,27,9,1,2,REGULAR,69,C. MORGAN,1,foul,270,,[],personal,0,9,Conor Seamus William,Morgan,Conor Seamus William,Morgan,C,M,C,M,C. Morgan,BESIKTAS GAIN,BJK,C. Morgan,9,,,,,,FOUL,,BESIKTAS GAIN C. MORGAN foul personal,,,,,,,,,0,88,1.0,,0,36,0,27
04:26,04:26:00,36,27,9,2,2,REGULAR,127,L. NNOKO,1,foulon,271,270,[],,0,35,Landry,Nnoko,Landry,Nnoko,L,N,L,N,L. Nnoko,BURSASPOR BASKETBOL,BUR,L. Nnoko,35,,,,,,OTHER,,BURSASPOR BASKETBOL foulon,,,,,,,,,0,88,1.0,,0,36,0,27
04:26,04:26:00,36,27,9,1,2,REGULAR,69,C. MORGAN,1,substitution,272,,[],out,0,9,Conor Seamus William,Morgan,Conor Seamus William,Morgan,C,M,C,M,C. Morgan,BESIKTAS GAIN,BJK,C. Morgan,9,,,,,,SUB,out,BESIKTAS GAIN substitution out,,,,,,,,,0,88,1.0,,0,36,0,27
04:26,04:26:00,36,27,9,1,2,REGULAR,72,I. KAMAGATE,1,substitution,273,,[],in,0,4,Ismael Sindou,Kamagate,Ismael Sindou,Kamagate,I,K,I,K,I. Kamagate,BESIKTAS GAIN,BJK,I. Kamagate,4,,,,,,SUB,in,BESIKTAS GAIN substitution in,,,,,,,,,0,88,1.0,,0,36,0,27
04:26,04:26:00,36,27,9,2,2,REGULAR,129,B. CRAWFORD,1,substitution,274,,[],out,0,13,Bryant Dejuan,Crawford,Bryant Dejuan,Crawford,B,C,B,C,B. Crawford,BURSASPOR BASKETBOL,BUR,B. Crawford,13,,,,,,SUB,out,BURSASPOR BASKETBOL substitution out,,,,,,,,,0,88,1.0,,0,36,0,27
04:26,04:26:00,36,27,9,2,2,REGULAR,144,M. PARSONS,1,substitution,275,,[],in,0,5,Malik Disjohn,Parsons,Malik Disjohn,Parsons,M,P,M,P,M. Parsons,BURSASPOR BASKETBOL,BUR,M. Parsons,5,,,,,,SUB,in,BURSASPOR BASKETBOL substitution in,,,,,,,,,0,88,1.0,,0,36,0,27
04:15,04:15:00,36,27,9,2,2,REGULAR,135,A. KONONTSUK,0,2pt,277,,['2ndchance'],jumpshot,1,34,Artur,Konontsuk,Artur,Konontsuk,A,K,A,K,A. Konontsuk,BURSASPOR BASKETBOL,BUR,A. Konontsuk,34,,,11.229999542236,18.360000610352,0.0,P2,missed,BURSASPOR BASKETBOL A. KONONTSUK 2Pt missed,,,,,,,,,0,88,1.0,def_reb,0,36,0,27
04:13,04:13:00,36,27,9,1,2,REGULAR,70,J. MATHEWS,1,rebound,278,277,[],defensive,0,0,Jonah Kenneth,Mathews,Jonah Kenneth,Mathews,J,M,J,M,J. Mathews,BESIKTAS GAIN,BJK,J. Mathews,0,,,,,,REB,,BESIKTAS GAIN rebound defensive,,,,,,,,,0,89,2.0,def_reb,0,36,0,27
04:07,04:07:00,36,27,9,1,2,REGULAR,67,A. BROWN,0,3pt,279,,[],jumpshot,1,21,Anthony Lejohn,Brown,Anthony Lejohn,Brown,A,B,A,B,A. Brown,BESIKTAS GAIN,BJK,A. Brown,21,,,69.889999389648,17.229999542236,0.0,P3,missed,BESIKTAS GAIN A. BROWN 3Pt missed,,,,,,,,,0,90,1.0,def_reb,0,36,0,27
04:04,04:04:00,36,27,9,2,2,REGULAR,102,B. AKIN,1,rebound,280,279,[],defensive,0,11,Berk Can,Akin,Berk Can,Akin,B,A,B,A,B. Akin,BURSASPOR BASKETBOL,BUR,B. Akin,11,,,,,,REB,,BURSASPOR BASKETBOL rebound defensive,,,,,,,,,0,91,2.0,def_reb,0,36,0,27
04:01,04:01:00,36,30,6,2,2,REGULAR,135,A. KONONTSUK,1,3pt,281,,['fastbreak'],jumpshot,1,34,Artur,Konontsuk,Artur,Konontsuk,A,K,A,K,A. Konontsuk,BURSASPOR BASKETBOL,BUR,A. Konontsuk,34,,,13.569999694824,5.0799999237061,1.0,P3,made,BURSASPOR BASKETBOL A. KONONTSUK 3Pt made,133.0,2.0,B. CHILDRESS,,,,,,3,92,1.0,score,0,36,3,30
04:01,04:01:00,36,30,6,2,2,REGULAR,133,B. CHILDRESS,1,assist,282,281,[],,0,0,Brandon Reginald,Childress,Brandon Reginald,Childress,B,C,B,C,B. Childress,BURSASPOR BASKETBOL,BUR,B. Childress,0,,,,,,ASS,,BURSASPOR BASKETBOL B. CHILDRESS assist,,,,,,,,,0,93,2.0,,0,36,0,30
03:26,03:26:00,39,30,9,1,2,REGULAR,70,J. MATHEWS,1,3pt,283,,[],jumpshot,1,0,Jonah Kenneth,Mathews,Jonah Kenneth,Mathews,J,M,J,M,J. Mathews,BESIKTAS GAIN,BJK,J. Mathews,0,,,74.26000213623,83.620002746582,1.0,P3,made,BESIKTAS GAIN J. MATHEWS 3Pt made,,,,,,,,,3,93,2.0,score,3,39,0,30
03:15,03:15:00,39,30,9,1,2,REGULAR,1,E. ADIGÜZEL,1,foul,287,,[],personal,0,19,Emir,Adigüzel,Emir,Adigüzel,E,A,E,A,E. Adigüzel,BESIKTAS GAIN,BJK,E. Adigüzel,19,,,,,,FOUL,,BESIKTAS GAIN E. ADIGÜZEL foul personal,,,,,,,,,0,94,1.0,,0,39,0,30
03:15,03:15:00,39,30,9,2,2,REGULAR,133,B. CHILDRESS,1,foulon,288,287,[],,0,0,Brandon Reginald,Childress,Brandon Reginald,Childress,B,C,B,C,B. Childress,BURSASPOR BASKETBOL,BUR,B. Childress,0,,,,,,OTHER,,BURSASPOR BASKETBOL foulon,,,,,,,,,0,94,1.0,,0,39,0,30
03:02,03:02:00,39,30,9,2,2,REGULAR,102,B. AKIN,1,turnover,290,,[],badpass,0,11,Berk Can,Akin,Berk Can,Akin,B,A,B,A,B. Akin,BURSASPOR BASKETBOL,BUR,B. Akin,11,,,,,,TO,,BURSASPOR BASKETBOL B. AKIN turnover badpass,,,,,,,,,0,94,1.0,turnover,0,39,0,30
03:02,03:02:00,39,30,9,1,2,REGULAR,70,J. MATHEWS,1,steal,291,290,[],,0,0,Jonah Kenneth,Mathews,Jonah Kenneth,Mathews,J,M,J,M,J. Mathews,BESIKTAS GAIN,BJK,J. Mathews,0,,,,,,ST,,BESIKTAS GAIN J. MATHEWS steal,,,,,,,,,0,95,2.0,,0,39,0,30
02:45,02:45:00,41,30,11,1,2,REGULAR,67,A. BROWN,1,2pt,292,,['fromturnover'],turnaroundjumpshot,1,21,Anthony Lejohn,Brown,Anthony Lejohn,Brown,A,B,A,B,A. Brown,BESIKTAS GAIN,BJK,A. Brown,21,,,90.480003356934,27.969999313354,1.0,P2,made,BESIKTAS GAIN A. BROWN 2Pt made,,,,,,,,,2,95,2.0,score,2,41,0,30
02:44,02:44:00,41,30,11,2,2,REGULAR,0,,1,timeout,294,,[],full,0,,,,,,,,,,,BURSASPOR BASKETBOL,BUR,,,,,,,,TIMEOUT,,BURSASPOR BASKETBOL timeout,,,,,,,,,0,96,1.0,,0,41,0,30
02:44,02:44:00,41,30,11,1,2,REGULAR,68,V. BROWN,1,substitution,295,,[],out,0,33,Vittorio,Brown,Vittorio,Brown,V,B,V,B,V. Brown,BESIKTAS GAIN,BJK,V. Brown,33,,,,,,SUB,out,BESIKTAS GAIN substitution out,,,,,,,,,0,96,1.0,,0,41,0,30
02:44,02:44:00,41,30,11,1,2,REGULAR,76,C. KUS,1,substitution,296,,[],in,0,12,Canberk,Kus,Canberk,Kus,C,K,C,K,C. Kus,BESIKTAS GAIN,BJK,C. Kus,12,,,,,,SUB,in,BESIKTAS GAIN substitution in,,,,,,,,,0,96,1.0,,0,41,0,30
02:44,02:44:00,41,30,11,2,2,REGULAR,127,L. NNOKO,1,substitution,297,,[],out,0,35,Landry,Nnoko,Landry,Nnoko,L,N,L,N,L. Nnoko,BURSASPOR BASKETBOL,BUR,L. Nnoko,35,,,,,,SUB,out,BURSASPOR BASKETBOL substitution out,,,,,,,,,0,96,1.0,,0,41,0,30
02:44,02:44:00,41,30,11,2,2,REGULAR,136,J. DELAURIER,1,substitution,298,,[],in,0,12,Javin Que,Delaurier,Javin Que,Delaurier,J,D,J,D,J. Delaurier,BURSASPOR BASKETBOL,BUR,J. Delaurier,12,,,,,,SUB,in,BURSASPOR BASKETBOL substitution in,,,,,,,,,0,96,1.0,,0,41,0,30
02:43,02:43:00,41,30,11,2,2,REGULAR,135,A. KONONTSUK,0,2pt,300,,[],jumpshot,1,34,Artur,Konontsuk,Artur,Konontsuk,A,K,A,K,A. Konontsuk,BURSASPOR BASKETBOL,BUR,A. Konontsuk,34,,,19.969999313354,71.470001220703,0.0,P2,missed,BURSASPOR BASKETBOL A. KONONTSUK 2Pt missed,,,,,,,,,0,96,1.0,,0,41,0,30
02:40,02:40:00,41,30,11,2,2,REGULAR,136,J. DELAURIER,1,rebound,301,300,[],offensive,0,12,Javin Que,Delaurier,Javin Que,Delaurier,J,D,J,D,J. Delaurier,BURSASPOR BASKETBOL,BUR,J. Delaurier,12,,,,,,REB,,BURSASPOR BASKETBOL rebound offensive,,,,,,,,,0,96,1.0,,0,41,0,30
02:40,02:40:00,41,32,9,2,2,REGULAR,136,J. DELAURIER,1,2pt,302,,"['2ndchance', 'pointsinthepaint']",tipindunk,1,12,Javin Que,Delaurier,Javin Que,Delaurier,J,D,J,D,J. Delaurier,BURSASPOR BASKETBOL,BUR,J. Delaurier,12,,,6.0,50.0,1.0,P2,made,BURSASPOR BASKETBOL J. DELAURIER 2Pt made,,,,,,,,,2,96,1.0,score,0,41,2,32
02:29,02:29:00,41,32,9,1,2,REGULAR,70,J. MATHEWS,1,turnover,304,,[],ballhandling,0,0,Jonah Kenneth,Mathews,Jonah Kenneth,Mathews,J,M,J,M,J. Mathews,BESIKTAS GAIN,BJK,J. Mathews,0,,,,,,TO,,BESIKTAS GAIN J. MATHEWS turnover ballhandling,,,,,,,,,0,97,2.0,turnover,0,41,0,32
02:19,02:19:00,41,32,9,1,2,REGULAR,70,J. MATHEWS,1,foul,307,,['2freethrow'],personal,0,0,Jonah Kenneth,Mathews,Jonah Kenneth,Mathews,J,M,J,M,J. Mathews,BESIKTAS GAIN,BJK,J. Mathews,0,,,,,,FOUL,,BESIKTAS GAIN J. MATHEWS foul personal,,,,,,,,,0,98,1.0,,0,41,0,32
02:19,02:19:00,41,32,9,2,2,REGULAR,144,M. PARSONS,1,foulon,308,307,[],,0,5,Malik Disjohn,Parsons,Malik Disjohn,Parsons,M,P,M,P,M. Parsons,BURSASPOR BASKETBOL,BUR,M. Parsons,5,,,,,,OTHER,,BURSASPOR BASKETBOL foulon,,,,,,,,,0,98,1.0,,0,41,0,32
02:19,02:19:00,41,32,9,1,2,REGULAR,70,J. MATHEWS,1,substitution,309,,[],out,0,0,Jonah Kenneth,Mathews,Jonah Kenneth,Mathews,J,M,J,M,J. Mathews,BESIKTAS GAIN,BJK,J. Mathews,0,,,,,,SUB,out,BESIKTAS GAIN substitution out,,,,,,,,,0,98,1.0,,0,41,0,32
02:19,02:19:00,41,32,9,1,2,REGULAR,1,E. ADIGÜZEL,1,substitution,310,,[],out,0,19,Emir,Adigüzel,Emir,Adigüzel,E,A,E,A,E. Adigüzel,BESIKTAS GAIN,BJK,E. Adigüzel,19,,,,,,SUB,out,BESIKTAS GAIN substitution out,,,,,,,,,0,98,1.0,,0,41,0,32
02:19,02:19:00,41,32,9,1,2,REGULAR,74,Y. ARSLAN,1,substitution,311,,[],in,0,7,Yigit,Arslan,Yigit,Arslan,Y,A,Y,A,Y. Arslan,BESIKTAS GAIN,BJK,Y. Arslan,7,,,,,,SUB,in,BESIKTAS GAIN substitution in,,,,,,,,,0,98,1.0,,0,41,0,32
02:19,02:19:00,41,32,9,1,2,REGULAR,66,B. LEMAR,1,substitution,312,,[],in,0,11,Brynton Jevon,Lemar,Brynton Jevon,Lemar,B,L,B,L,B. Lemar,BESIKTAS GAIN,BJK,B. Lemar,11,,,,,,SUB,in,BESIKTAS GAIN substitution in,,,,,,,,,0,98,1.0,,0,41,0,32
02:19,02:19:00,41,33,8,2,2,REGULAR,144,M. PARSONS,1,freethrow,313,,['fromturnover'],1of2,1,5,Malik Disjohn,Parsons,Malik Disjohn,Parsons,M,P,M,P,M. Parsons,BURSASPOR BASKETBOL,BUR,M. Parsons,5,,,,,,FT,made,BURSASPOR BASKETBOL M. PARSONS FT 1of2 made,,,,,,,,,1,98,1.0,made_ft,0,41,1,33
02:19,02:19:00,41,34,7,2,2,REGULAR,144,M. PARSONS,1,freethrow,314,,['fromturnover'],2of2,1,5,Malik Disjohn,Parsons,Malik Disjohn,Parsons,M,P,M,P,M. Parsons,BURSASPOR BASKETBOL,BUR,M. Parsons,5,,,,,,FT,made,BURSASPOR BASKETBOL M. PARSONS FT 2of2 made,,,,,,,,,1,99,2.0,made_ft_last,0,41,1,34
02:00,02:00:00,43,34,9,1,2,REGULAR,67,A. BROWN,1,2pt,316,,[],turnaroundjumpshot,1,21,Anthony Lejohn,Brown,Anthony Lejohn,Brown,A,B,A,B,A. Brown,BESIKTAS GAIN,BJK,A. Brown,21,,,90.480003356934,84.459999084473,1.0,P2,made,BESIKTAS GAIN A. BROWN 2Pt made,,,,,,,,,2,100,1.0,score,2,43,0,34
01:43,01:43:00,43,34,9,1,2,REGULAR,76,C. KUS,1,foul,318,,"['shooting', '2freethrow']",personal,0,12,Canberk,Kus,Canberk,Kus,C,K,C,K,C. Kus,BESIKTAS GAIN,BJK,C. Kus,12,,,,,,FOUL,,BESIKTAS GAIN C. KUS foul personal,,,,,,,,,0,101,2.0,,0,43,0,34
01:43,01:43:00,43,34,9,2,2,REGULAR,136,J. DELAURIER,1,foulon,319,318,[],,0,12,Javin Que,Delaurier,Javin Que,Delaurier,J,D,J,D,J. Delaurier,BURSASPOR BASKETBOL,BUR,J. Delaurier,12,,,,,,OTHER,,BURSASPOR BASKETBOL foulon,,,,,,,,,0,101,2.0,,0,43,0,34
01:43,01:43:00,43,34,9,2,2,REGULAR,136,J. DELAURIER,0,freethrow,320,,[],1of2,1,12,Javin Que,Delaurier,Javin Que,Delaurier,J,D,J,D,J. Delaurier,BURSASPOR BASKETBOL,BUR,J. Delaurier,12,,,,,,FT,missed,BURSASPOR BASKETBOL J. DELAURIER FT 1of2 missed,,,,,,,,,0,101,2.0,def_reb,0,43,0,34
01:43,01:43:00,43,34,9,2,2,REGULAR,0,,1,rebound,321,320,[],offensivedeadball,0,,,,,,,,,,,BURSASPOR BASKETBOL,BUR,,,,,,,,TREB,,BURSASPOR BASKETBOL team rebound offensivedeadball,,,,,,,,,0,102,1.0,def_reb,0,43,0,34
01:43,01:43:00,43,34,9,2,2,REGULAR,136,J. DELAURIER,0,freethrow,322,,[],2of2,1,12,Javin Que,Delaurier,Javin Que,Delaurier,J,D,J,D,J. Delaurier,BURSASPOR BASKETBOL,BUR,J. Delaurier,12,,,,,,FT,missed,BURSASPOR BASKETBOL J. DELAURIER FT 2of2 missed,,,,,,,,,0,103,2.0,def_reb,0,43,0,34
01:43,01:43:00,43,34,9,1,2,REGULAR,67,A. BROWN,1,rebound,324,322,[],defensive,0,21,Anthony Lejohn,Brown,Anthony Lejohn,Brown,A,B,A,B,A. Brown,BESIKTAS GAIN,BJK,A. Brown,21,,,,,,REB,,BESIKTAS GAIN rebound defensive,,,,,,,,,0,104,1.0,def_reb,0,43,0,34
01:23,01:23:00,43,34,9,2,2,REGULAR,102,B. AKIN,1,foul,326,,[],personal,0,11,Berk Can,Akin,Berk Can,Akin,B,A,B,A,B. Akin,BURSASPOR BASKETBOL,BUR,B. Akin,11,,,,,,FOUL,,BURSASPOR BASKETBOL B. AKIN foul personal,,,,,,,,,0,105,2.0,,0,43,0,34
01:23,01:23:00,43,34,9,1,2,REGULAR,74,Y. ARSLAN,1,foulon,327,326,[],,0,7,Yigit,Arslan,Yigit,Arslan,Y,A,Y,A,Y. Arslan,BESIKTAS GAIN,BJK,Y. Arslan,7,,,,,,OTHER,,BESIKTAS GAIN foulon,,,,,,,,,0,105,2.0,,0,43,0,34
01:14,01:14:00,43,34,9,1,2,REGULAR,0,,1,timeout,328,,[],full,0,,,,,,,,,,,BESIKTAS GAIN,BJK,,,,,,,,TIMEOUT,,BESIKTAS GAIN timeout,,,,,,,,,0,105,2.0,,0,43,0,34
01:14,01:14:00,43,34,9,2,2,REGULAR,144,M. PARSONS,1,substitution,329,,[],out,0,5,Malik Disjohn,Parsons,Malik Disjohn,Parsons,M,P,M,P,M. Parsons,BURSASPOR BASKETBOL,BUR,M. Parsons,5,,,,,,SUB,out,BURSASPOR BASKETBOL substitution out,,,,,,,,,0,105,2.0,,0,43,0,34
01:14,01:14:00,43,34,9,2,2,REGULAR,134,V. KING,1,substitution,330,,[],in,0,22,Vincent Earl,King,Vincent Earl,King,V,K,V,K,V. King,BURSASPOR BASKETBOL,BUR,V. King,22,,,,,,SUB,in,BURSASPOR BASKETBOL substitution in,,,,,,,,,0,105,2.0,,0,43,0,34
01:09,01:09:00,43,34,9,1,2,REGULAR,72,I. KAMAGATE,1,turnover,332,,[],ballhandling,0,4,Ismael Sindou,Kamagate,Ismael Sindou,Kamagate,I,K,I,K,I. Kamagate,BESIKTAS GAIN,BJK,I. Kamagate,4,,,,,,TO,,BESIKTAS GAIN I. KAMAGATE turnover ballhandling,,,,,,,,,0,105,2.0,turnover,0,43,0,34
01:09,01:09:00,43,34,9,2,2,REGULAR,102,B. AKIN,1,steal,333,332,[],,0,11,Berk Can,Akin,Berk Can,Akin,B,A,B,A,B. Akin,BURSASPOR BASKETBOL,BUR,B. Akin,11,,,,,,ST,,BURSASPOR BASKETBOL B. AKIN steal,,,,,,,,,0,106,1.0,,0,43,0,34
00:56,00:56:80,43,34,9,2,2,REGULAR,136,J. DELAURIER,1,turnover,335,,[],travel,0,12,Javin Que,Delaurier,Javin Que,Delaurier,J,D,J,D,J. Delaurier,BURSASPOR BASKETBOL,BUR,J. Delaurier,12,,,,,,TO,,BURSASPOR BASKETBOL J. DELAURIER turnover travel,,,,,,,,,0,106,1.0,turnover,0,43,0,34
00:45,00:45:30,43,34,9,2,2,REGULAR,133,B. CHILDRESS,1,foul,338,,"['shooting', '2freethrow']",personal,0,0,Brandon Reginald,Childress,Brandon Reginald,Childress,B,C,B,C,B. Childress,BURSASPOR BASKETBOL,BUR,B. Childress,0,,,,,,FOUL,,BURSASPOR BASKETBOL B. CHILDRESS foul personal,,,,,,,,,0,107,2.0,,0,43,0,34
00:45,00:45:30,43,34,9,1,2,REGULAR,66,B. LEMAR,1,foulon,339,338,[],,0,11,Brynton Jevon,Lemar,Brynton Jevon,Lemar,B,L,B,L,B. Lemar,BESIKTAS GAIN,BJK,B. Lemar,11,,,,,,OTHER,,BESIKTAS GAIN foulon,,,,,,,,,0,107,2.0,,0,43,0,34
00:45,00:45:30,43,34,9,1,2,REGULAR,66,B. LEMAR,0,freethrow,340,,['fromturnover'],1of2,1,11,Brynton Jevon,Lemar,Brynton Jevon,Lemar,B,L,B,L,B. Lemar,BESIKTAS GAIN,BJK,B. Lemar,11,,,,,,FT,missed,BESIKTAS GAIN B. LEMAR FT 1of2 missed,,,,,,,,,0,107,2.0,def_reb,0,43,0,34
00:45,00:45:30,43,34,9,1,2,REGULAR,0,,1,rebound,341,340,[],offensivedeadball,0,,,,,,,,,,,BESIKTAS GAIN,BJK,,,,,,,,TREB,,BESIKTAS GAIN team rebound offensivedeadball,,,,,,,,,0,108,1.0,def_reb,0,43,0,34
00:45,00:45:30,44,34,10,1,2,REGULAR,66,B. LEMAR,1,freethrow,342,,['fromturnover'],2of2,1,11,Brynton Jevon,Lemar,Brynton Jevon,Lemar,B,L,B,L,B. Lemar,BESIKTAS GAIN,BJK,B. Lemar,11,,,,,,FT,made,BESIKTAS GAIN B. LEMAR FT 2of2 made,,,,,,,,,1,109,2.0,made_ft_last,1,44,0,34
00:45,00:45:30,44,34,10,1,2,REGULAR,66,B. LEMAR,1,substitution,343,,[],out,0,11,Brynton Jevon,Lemar,Brynton Jevon,Lemar,B,L,B,L,B. Lemar,BESIKTAS GAIN,BJK,B. Lemar,11,,,,,,SUB,out,BESIKTAS GAIN substitution out,,,,,,,,,0,110,1.0,,0,44,0,34
00:45,00:45:30,44,34,10,1,2,REGULAR,67,A. BROWN,1,substitution,344,,[],out,0,21,Anthony Lejohn,Brown,Anthony Lejohn,Brown,A,B,A,B,A. Brown,BESIKTAS GAIN,BJK,A. Brown,21,,,,,,SUB,out,BESIKTAS GAIN substitution out,,,,,,,,,0,110,1.0,,0,44,0,34
00:45,00:45:30,44,34,10,1,2,REGULAR,70,J. MATHEWS,1,substitution,345,,[],in,0,0,Jonah Kenneth,Mathews,Jonah Kenneth,Mathews,J,M,J,M,J. Mathews,BESIKTAS GAIN,BJK,J. Mathews,0,,,,,,SUB,in,BESIKTAS GAIN substitution in,,,,,,,,,0,110,1.0,,0,44,0,34
00:45,00:45:30,44,34,10,1,2,REGULAR,1,E. ADIGÜZEL,1,substitution,346,,[],in,0,19,Emir,Adigüzel,Emir,Adigüzel,E,A,E,A,E. Adigüzel,BESIKTAS GAIN,BJK,E. Adigüzel,19,,,,,,SUB,in,BESIKTAS GAIN substitution in,,,,,,,,,0,110,1.0,,0,44,0,34
00:30,00:30:20,44,34,10,2,2,REGULAR,102,B. AKIN,1,turnover,349,,[],outofbounds,0,11,Berk Can,Akin,Berk Can,Akin,B,A,B,A,B. Akin,BURSASPOR BASKETBOL,BUR,B. Akin,11,,,,,,TO,,BURSASPOR BASKETBOL B. AKIN turnover outofbounds,,,,,,,,,0,110,1.0,turnover,0,44,0,34
00:30,00:30:20,44,34,10,1,2,REGULAR,72,I. KAMAGATE,1,substitution,350,,[],out,0,4,Ismael Sindou,Kamagate,Ismael Sindou,Kamagate,I,K,I,K,I. Kamagate,BESIKTAS GAIN,BJK,I. Kamagate,4,,,,,,SUB,out,BESIKTAS GAIN substitution out,,,,,,,,,0,111,2.0,,0,44,0,34
00:30,00:30:20,44,34,10,1,2,REGULAR,69,C. MORGAN,1,substitution,351,,[],in,0,9,Conor Seamus William,Morgan,Conor Seamus William,Morgan,C,M,C,M,C. Morgan,BESIKTAS GAIN,BJK,C. Morgan,9,,,,,,SUB,in,BESIKTAS GAIN substitution in,,,,,,,,,0,111,2.0,,0,44,0,34
00:30,00:30:20,44,34,10,2,2,REGULAR,133,B. CHILDRESS,1,substitution,352,,[],out,0,0,Brandon Reginald,Childress,Brandon Reginald,Childress,B,C,B,C,B. Childress,BURSASPOR BASKETBOL,BUR,B. Childress,0,,,,,,SUB,out,BURSASPOR BASKETBOL substitution out,,,,,,,,,0,111,2.0,,0,44,0,34
00:30,00:30:20,44,34,10,2,2,REGULAR,102,B. AKIN,1,substitution,353,,[],out,0,11,Berk Can,Akin,Berk Can,Akin,B,A,B,A,B. Akin,BURSASPOR BASKETBOL,BUR,B. Akin,11,,,,,,SUB,out,BURSASPOR BASKETBOL substitution out,,,,,,,,,0,111,2.0,,0,44,0,34
00:30,00:30:20,44,34,10,2,2,REGULAR,144,M. PARSONS,1,substitution,354,,[],in,0,5,Malik Disjohn,Parsons,Malik Disjohn,Parsons,M,P,M,P,M. Parsons,BURSASPOR BASKETBOL,BUR,M. Parsons,5,,,,,,SUB,in,BURSASPOR BASKETBOL substitution in,,,,,,,,,0,111,2.0,,0,44,0,34
00:30,00:30:20,44,34,10,2,2,REGULAR,126,B. SATIR,1,substitution,355,,[],in,0,10,Bora,Satir,Bora,Satir,B,S,B,S,B. Satir,BURSASPOR BASKETBOL,BUR,B. Satir,10,,,,,,SUB,in,BURSASPOR BASKETBOL substitution in,,,,,,,,,0,111,2.0,,0,44,0,34
00:06,00:06:30,44,34,10,1,2,REGULAR,1,E. ADIGÜZEL,0,3pt,357,,['fromturnover'],jumpshot,1,19,Emir,Adigüzel,Emir,Adigüzel,E,A,E,A,E. Adigüzel,BESIKTAS GAIN,BJK,E. Adigüzel,19,,,79.099998474121,88.699996948242,0.0,P3,missed,BESIKTAS GAIN E. ADIGÜZEL 3Pt missed,,,,,,,,,0,111,2.0,def_reb,0,44,0,34
00:03,00:03:60,44,34,10,2,2,REGULAR,135,A. KONONTSUK,1,rebound,358,357,[],defensive,0,34,Artur,Konontsuk,Artur,Konontsuk,A,K,A,K,A. Konontsuk,BURSASPOR BASKETBOL,BUR,A. Konontsuk,34,,,,,,REB,,BURSASPOR BASKETBOL rebound defensive,,,,,,,,,0,112,1.0,def_reb,0,44,0,34
00:01,00:01:90,44,34,10,2,2,REGULAR,135,A. KONONTSUK,0,3pt,359,,[],jumpshot,1,34,Artur,Konontsuk,Artur,Konontsuk,A,K,A,K,A. Konontsuk,BURSASPOR BASKETBOL,BUR,A. Konontsuk,34,,,37.599998474121,62.430000305176,0.0,P3,missed,BURSASPOR BASKETBOL A. KONONTSUK 3Pt missed,,,,,,,,,0,113,2.0,def_reb,0,44,0,34
00:00,00:00:00,44,34,10,1,2,REGULAR,76,C. KUS,1,rebound,361,359,[],defensive,0,12,Canberk,Kus,Canberk,Kus,C,K,C,K,C. Kus,BESIKTAS GAIN,BJK,C. Kus,12,,,,,,REB,,BESIKTAS GAIN rebound defensive,,,,,,,,,0,114,1.0,def_reb,0,44,0,34
00:00,00:00:00,44,34,10,0,2,REGULAR,0,,1,period,362,,['confirmed'],end,0,,,,,,,,,,,,,,,,,,,,OTHER,,period end,,,,,,,,,0,115,2.0,,0,44,0,34
10:00,10:00:00,44,34,10,1,3,REGULAR,69,C. MORGAN,1,substitution,363,,[],out,0,9,Conor Seamus William,Morgan,Conor Seamus William,Morgan,C,M,C,M,C. Morgan,BESIKTAS GAIN,BJK,C. Morgan,9,,,,,,SUB,out,BESIKTAS GAIN substitution out,,,,,,,,,0,115,2.0,,0,44,0,34
10:00,10:00:00,44,34,10,1,3,REGULAR,76,C. KUS,1,substitution,364,,[],out,0,12,Canberk,Kus,Canberk,Kus,C,K,C,K,C. Kus,BESIKTAS GAIN,BJK,C. Kus,12,,,,,,SUB,out,BESIKTAS GAIN substitution out,,,,,,,,,0,115,2.0,,0,44,0,34
10:00,10:00:00,44,34,10,1,3,REGULAR,1,E. ADIGÜZEL,1,substitution,365,,[],out,0,19,Emir,Adigüzel,Emir,Adigüzel,E,A,E,A,E. Adigüzel,BESIKTAS GAIN,BJK,E. Adigüzel,19,,,,,,SUB,out,BESIKTAS GAIN substitution out,,,,,,,,,0,115,2.0,,0,44,0,34
10:00,10:00:00,44,34,10,1,3,REGULAR,71,D. DOTSON,1,substitution,366,,[],in,0,1,Devon Durrell,Dotson,Devon Durrell,Dotson,D,D,D,D,D. Dotson,BESIKTAS GAIN,BJK,D. Dotson,1,,,,,,SUB,in,BESIKTAS GAIN substitution in,,,,,,,,,0,115,2.0,,0,44,0,34
10:00,10:00:00,44,34,10,1,3,REGULAR,72,I. KAMAGATE,1,substitution,367,,[],in,0,4,Ismael Sindou,Kamagate,Ismael Sindou,Kamagate,I,K,I,K,I. Kamagate,BESIKTAS GAIN,BJK,I. Kamagate,4,,,,,,SUB,in,BESIKTAS GAIN substitution in,,,,,,,,,0,115,2.0,,0,44,0,34
10:00,10:00:00,44,34,10,1,3,REGULAR,68,V. BROWN,1,substitution,368,,[],in,0,33,Vittorio,Brown,Vittorio,Brown,V,B,V,B,V. Brown,BESIKTAS GAIN,BJK,V. Brown,33,,,,,,SUB,in,BESIKTAS GAIN substitution in,,,,,,,,,0,115,2.0,,0,44,0,34
10:00,10:00:00,44,34,10,2,3,REGULAR,126,B. SATIR,1,substitution,369,,[],out,0,10,Bora,Satir,Bora,Satir,B,S,B,S,B. Satir,BURSASPOR BASKETBOL,BUR,B. Satir,10,,,,,,SUB,out,BURSASPOR BASKETBOL substitution out,,,,,,,,,0,115,2.0,,0,44,0,34
10:00,10:00:00,44,34,10,2,3,REGULAR,136,J. DELAURIER,1,substitution,370,,[],out,0,12,Javin Que,Delaurier,Javin Que,Delaurier,J,D,J,D,J. Delaurier,BURSASPOR BASKETBOL,BUR,J. Delaurier,12,,,,,,SUB,out,BURSASPOR BASKETBOL substitution out,,,,,,,,,0,115,2.0,,0,44,0,34
10:00,10:00:00,44,34,10,2,3,REGULAR,134,V. KING,1,substitution,371,,[],out,0,22,Vincent Earl,King,Vincent Earl,King,V,K,V,K,V. King,BURSASPOR BASKETBOL,BUR,V. King,22,,,,,,SUB,out,BURSASPOR BASKETBOL substitution out,,,,,,,,,0,115,2.0,,0,44,0,34
10:00,10:00:00,44,34,10,2,3,REGULAR,133,B. CHILDRESS,1,substitution,372,,[],in,0,0,Brandon Reginald,Childress,Brandon Reginald,Childress,B,C,B,C,B. Childress,BURSASPOR BASKETBOL,BUR,B. Childress,0,,,,,,SUB,in,BURSASPOR BASKETBOL substitution in,,,,,,,,,0,115,2.0,,0,44,0,34
10:00,10:00:00,44,34,10,2,3,REGULAR,102,B. AKIN,1,substitution,373,,[],in,0,11,Berk Can,Akin,Berk Can,Akin,B,A,B,A,B. Akin,BURSASPOR BASKETBOL,BUR,B. Akin,11,,,,,,SUB,in,BURSASPOR BASKETBOL substitution in,,,,,,,,,0,115,2.0,,0,44,0,34
10:00,10:00:00,44,34,10,2,3,REGULAR,127,L. NNOKO,1,substitution,374,,[],in,0,35,Landry,Nnoko,Landry,Nnoko,L,N,L,N,L. Nnoko,BURSASPOR BASKETBOL,BUR,L. Nnoko,35,,,,,,SUB,in,BURSASPOR BASKETBOL substitution in,,,,,,,,,0,115,2.0,,0,44,0,34
10:00,10:00:00,44,34,10,0,3,REGULAR,0,,1,period,375,,[],start,0,,,,,,,,,,,,,,,,,,,,OTHER,,period start,,,,,,,,,0,115,2.0,,0,44,0,34
09:46,09:46:00,44,34,10,2,3,REGULAR,102,B. AKIN,0,2pt,377,,"['pointsinthepaint', 'blocked']",jumpshot,1,11,Berk Can,Akin,Berk Can,Akin,B,A,B,A,B. Akin,BURSASPOR BASKETBOL,BUR,B. Akin,11,,,90.330001831055,54.240001678467,0.0,P2,missed,BURSASPOR BASKETBOL B. AKIN 2Pt missed,,,,72.0,1.0,I. KAMAGATE,,,0,115,2.0,,0,44,0,34
09:46,09:46:00,44,34,10,1,3,REGULAR,72,I. KAMAGATE,1,block,378,377,[],,0,4,Ismael Sindou,Kamagate,Ismael Sindou,Kamagate,I,K,I,K,I. Kamagate,BESIKTAS GAIN,BJK,I. Kamagate,4,,,,,,BS,,BESIKTAS GAIN I. KAMAGATE block,,,,,,,,,0,115,2.0,,0,44,0,34
09:42,09:42:00,44,34,10,1,3,REGULAR,68,V. BROWN,1,rebound,379,377,[],defensive,0,33,Vittorio,Brown,Vittorio,Brown,V,B,V,B,V. Brown,BESIKTAS GAIN,BJK,V. Brown,33,,,,,,REB,,BESIKTAS GAIN rebound defensive,,,,,,,,,0,115,2.0,def_reb,0,44,0,34
09:42,09:42:00,44,34,10,2,3,REGULAR,135,A. KONONTSUK,1,foul,381,,[],personal,0,34,Artur,Konontsuk,Artur,Konontsuk,A,K,A,K,A. Konontsuk,BURSASPOR BASKETBOL,BUR,A. Konontsuk,34,,,,,,FOUL,,BURSASPOR BASKETBOL A. KONONTSUK foul personal,,,,,,,,,0,116,1.0,,0,44,0,34
09:42,09:42:00,44,34,10,1,3,REGULAR,74,Y. ARSLAN,1,foulon,382,381,[],,0,7,Yigit,Arslan,Yigit,Arslan,Y,A,Y,A,Y. Arslan,BESIKTAS GAIN,BJK,Y. Arslan,7,,,,,,OTHER,,BESIKTAS GAIN foulon,,,,,,,,,0,116,1.0,,0,44,0,34
09:36,09:36:00,44,34,10,1,3,REGULAR,71,D. DOTSON,0,2pt,384,,['pointsinthepaint'],jumpshot,1,1,Devon Durrell,Dotson,Devon Durrell,Dotson,D,D,D,D,D. Dotson,BESIKTAS GAIN,BJK,D. Dotson,1,,,7.4899997711182,50.0,0.0,P2,missed,BESIKTAS GAIN D. DOTSON 2Pt missed,,,,,,,,,0,116,1.0,def_reb,0,44,0,34
09:34,09:34:00,44,34,10,2,3,REGULAR,135,A. KONONTSUK,1,rebound,385,384,[],defensive,0,34,Artur,Konontsuk,Artur,Konontsuk,A,K,A,K,A. Konontsuk,BURSASPOR BASKETBOL,BUR,A. Konontsuk,34,,,,,,REB,,BURSASPOR BASKETBOL rebound defensive,,,,,,,,,0,117,2.0,def_reb,0,44,0,34
09:19,09:19:00,44,34,10,2,3,REGULAR,133,B. CHILDRESS,0,2pt,386,,['pointsinthepaint'],layup,1,0,Brandon Reginald,Childress,Brandon Reginald,Childress,B,C,B,C,B. Childress,BURSASPOR BASKETBOL,BUR,B. Childress,0,,,95.01000213623,49.720001220703,0.0,P2,missed,BURSASPOR BASKETBOL B. CHILDRESS 2Pt missed,,,,,,,,,0,118,1.0,,0,44,0,34
09:17,09:17:00,44,34,10,2,3,REGULAR,127,L. NNOKO,1,rebound,388,386,[],offensive,0,35,Landry,Nnoko,Landry,Nnoko,L,N,L,N,L. Nnoko,BURSASPOR BASKETBOL,BUR,L. Nnoko,35,,,,,,REB,,BURSASPOR BASKETBOL rebound offensive,,,,,,,,,0,118,1.0,,0,44,0,34
09:17,09:17:00,44,34,10,1,3,REGULAR,74,Y. ARSLAN,1,foul,389,,[],personal,0,7,Yigit,Arslan,Yigit,Arslan,Y,A,Y,A,Y. Arslan,BESIKTAS GAIN,BJK,Y. Arslan,7,,,,,,FOUL,,BESIKTAS GAIN Y. ARSLAN foul personal,,,,,,,,,0,118,1.0,,0,44,0,34
09:17,09:17:00,44,34,10,2,3,REGULAR,127,L. NNOKO,1,foulon,390,389,[],,0,35,Landry,Nnoko,Landry,Nnoko,L,N,L,N,L. Nnoko,BURSASPOR BASKETBOL,BUR,L. Nnoko,35,,,,,,OTHER,,BURSASPOR BASKETBOL foulon,,,,,,,,,0,118,1.0,,0,44,0,34
09:17,09:17:00,44,34,10,2,3,REGULAR,0,,1,headcoachchallenge,391,,['rejected'],foul,0,,,,,,,,,,,BURSASPOR BASKETBOL,BUR,,,,,,,,OTHER,,BURSASPOR BASKETBOL headcoachchallenge foul,,,,,,,,,0,118,1.0,,0,44,0,34
09:08,09:08:00,44,34,10,2,3,REGULAR,127,L. NNOKO,0,2pt,393,,"['2ndchance', 'pointsinthepaint']",floatingjumpshot,1,35,Landry,Nnoko,Landry,Nnoko,L,N,L,N,L. Nnoko,BURSASPOR BASKETBOL,BUR,L. Nnoko,35,,,90.480003356934,42.369998931885,0.0,P2,missed,BURSASPOR BASKETBOL L. NNOKO 2Pt missed,,,,,,,,,0,118,1.0,def_reb,0,44,0,34
09:05,09:05:00,44,34,10,1,3,REGULAR,72,I. KAMAGATE,1,rebound,394,393,[],defensive,0,4,Ismael Sindou,Kamagate,Ismael Sindou,Kamagate,I,K,I,K,I. Kamagate,BESIKTAS GAIN,BJK,I. Kamagate,4,,,,,,REB,,BESIKTAS GAIN rebound defensive,,,,,,,,,0,119,2.0,def_reb,0,44,0,34
08:47,08:47:00,46,34,12,1,3,REGULAR,68,V. BROWN,1,2pt,396,,['pointsinthepaint'],hookshot,1,33,Vittorio,Brown,Vittorio,Brown,V,B,V,B,V. Brown,BESIKTAS GAIN,BJK,V. Brown,33,,,6.4000000953674,54.240001678467,1.0,P2,made,BESIKTAS GAIN V. BROWN 2Pt made,,,,,,,,,2,120,1.0,score,2,46,0,34
08:47,08:47:00,46,34,12,2,3,REGULAR,135,A. KONONTSUK,1,foul,397,,"['shooting', '1freethrow']",personal,0,34,Artur,Konontsuk,Artur,Konontsuk,A,K,A,K,A. Konontsuk,BURSASPOR BASKETBOL,BUR,A. Konontsuk,34,,,,,,FOUL,,BURSASPOR BASKETBOL A. KONONTSUK foul personal,,,,,,,,,0,121,2.0,,0,46,0,34
08:47,08:47:00,46,34,12,1,3,REGULAR,68,V. BROWN,1,foulon,398,397,[],,0,33,Vittorio,Brown,Vittorio,Brown,V,B,V,B,V. Brown,BESIKTAS GAIN,BJK,V. Brown,33,,,,,,OTHER,,BESIKTAS GAIN foulon,,,,,,,,,0,121,2.0,,0,46,0,34
08:47,08:47:00,47,34,13,1,3,REGULAR,68,V. BROWN,1,freethrow,399,,[],1of1,1,33,Vittorio,Brown,Vittorio,Brown,V,B,V,B,V. Brown,BESIKTAS GAIN,BJK,V. Brown,33,,,,,,FT,made,BESIKTAS GAIN V. BROWN FT 1of1 made,,,,,,,,,1,121,2.0,made_ft_last,1,47,0,34
08:24,08:24:00,47,36,11,2,3,REGULAR,144,M. PARSONS,1,2pt,401,,['pointsinthepaint'],drivinglayup,1,5,Malik Disjohn,Parsons,Malik Disjohn,Parsons,M,P,M,P,M. Parsons,BURSASPOR BASKETBOL,BUR,M. Parsons,5,,,96.879997253418,51.979999542236,1.0,P2,made,BURSASPOR BASKETBOL M. PARSONS 2Pt made,133.0,2.0,B. CHILDRESS,,,,,,2,122,1.0,score,0,47,2,36
08:24,08:24:00,47,36,11,2,3,REGULAR,133,B. CHILDRESS,1,assist,402,401,[],,0,0,Brandon Reginald,Childress,Brandon Reginald,Childress,B,C,B,C,B. Childress,BURSASPOR BASKETBOL,BUR,B. Childress,0,,,,,,ASS,,BURSASPOR BASKETBOL B. CHILDRESS assist,,,,,,,,,0,123,2.0,,0,47,0,36
08:11,08:11:00,47,36,11,1,3,REGULAR,74,Y. ARSLAN,0,2pt,403,,['pointsinthepaint'],jumpshot,1,7,Yigit,Arslan,Yigit,Arslan,Y,A,Y,A,Y. Arslan,BESIKTAS GAIN,BJK,Y. Arslan,7,,,11.390000343323,48.020000457764,0.0,P2,missed,BESIKTAS GAIN Y. ARSLAN 2Pt missed,,,,,,,,,0,123,2.0,def_reb,0,47,0,36
08:09,08:09:00,47,36,11,2,3,REGULAR,144,M. PARSONS,1,rebound,404,403,[],defensive,0,5,Malik Disjohn,Parsons,Malik Disjohn,Parsons,M,P,M,P,M. Parsons,BURSASPOR BASKETBOL,BUR,M. Parsons,5,,,,,,REB,,BURSASPOR BASKETBOL rebound defensive,,,,,,,,,0,124,1.0,def_reb,0,47,0,36
08:00,08:00:00,47,38,9,2,3,REGULAR,144,M. PARSONS,1,2pt,405,,['pointsinthepaint'],drivinglayup,1,5,Malik Disjohn,Parsons,Malik Disjohn,Parsons,M,P,M,P,M. Parsons,BURSASPOR BASKETBOL,BUR,M. Parsons,5,,,93.449996948242,53.669998168945,1.0,P2,made,BURSASPOR BASKETBOL M. PARSONS 2Pt made,,,,,,,,,2,125,2.0,score,0,47,2,38
07:43,07:43:00,47,38,9,2,3,REGULAR,144,M. PARSONS,1,foul,407,,[],personal,0,5,Malik Disjohn,Parsons,Malik Disjohn,Parsons,M,P,M,P,M. Parsons,BURSASPOR BASKETBOL,BUR,M. Parsons,5,,,,,,FOUL,,BURSASPOR BASKETBOL M. PARSONS foul personal,,,,,,,,,0,126,1.0,,0,47,0,38
07:43,07:43:00,47,38,9,1,3,REGULAR,72,I. KAMAGATE,1,foulon,408,407,[],,0,4,Ismael Sindou,Kamagate,Ismael Sindou,Kamagate,I,K,I,K,I. Kamagate,BESIKTAS GAIN,BJK,I. Kamagate,4,,,,,,OTHER,,BESIKTAS GAIN foulon,,,,,,,,,0,126,1.0,,0,47,0,38
07:36,07:36:00,47,38,9,1,3,REGULAR,70,J. MATHEWS,0,3pt,410,,[],jumpshot,1,0,Jonah Kenneth,Mathews,Jonah Kenneth,Mathews,J,M,J,M,J. Mathews,BESIKTAS GAIN,BJK,J. Mathews,0,,,25.739999771118,90.680000305176,0.0,P3,missed,BESIKTAS GAIN J. MATHEWS 3Pt missed,,,,,,,,,0,126,1.0,def_reb,0,47,0,38
07:33,07:33:00,47,38,9,2,3,REGULAR,133,B. CHILDRESS,1,rebound,411,410,[],defensive,0,0,Brandon Reginald,Childress,Brandon Reginald,Childress,B,C,B,C,B. Childress,BURSASPOR BASKETBOL,BUR,B. Childress,0,,,,,,REB,,BURSASPOR BASKETBOL rebound defensive,,,,,,,,,0,127,2.0,def_reb,0,47,0,38
07:28,07:28:00,47,38,9,2,3,REGULAR,102,B. AKIN,0,3pt,412,,[],jumpshot,1,11,Berk Can,Akin,Berk Can,Akin,B,A,B,A,B. Akin,BURSASPOR BASKETBOL,BUR,B. Akin,11,,,71.139999389648,26.270000457764,0.0,P3,missed,BURSASPOR BASKETBOL B. AKIN 3Pt missed,,,,,,,,,0,128,1.0,def_reb,0,47,0,38
07:25,07:25:00,47,38,9,1,3,REGULAR,68,V. BROWN,1,rebound,413,412,[],defensive,0,33,Vittorio,Brown,Vittorio,Brown,V,B,V,B,V. Brown,BESIKTAS GAIN,BJK,V. Brown,33,,,,,,REB,,BESIKTAS GAIN rebound defensive,,,,,,,,,0,129,2.0,def_reb,0,47,0,38
07:12,07:12:00,50,38,12,1,3,REGULAR,74,Y. ARSLAN,1,3pt,414,,[],jumpshot,1,7,Yigit,Arslan,Yigit,Arslan,Y,A,Y,A,Y. Arslan,BESIKTAS GAIN,BJK,Y. Arslan,7,,,11.859999656677,95.480003356934,1.0,P3,made,BESIKTAS GAIN Y. ARSLAN 3Pt made,68.0,1.0,V. BROWN,,,,,,3,130,1.0,score,3,50,0,38
07:12,07:12:00,50,38,12,1,3,REGULAR,68,V. BROWN,1,assist,415,414,[],,0,33,Vittorio,Brown,Vittorio,Brown,V,B,V,B,V. Brown,BESIKTAS GAIN,BJK,V. Brown,33,,,,,,ASS,,BESIKTAS GAIN V. BROWN assist,,,,,,,,,0,131,2.0,,0,50,0,38
06:50,06:50:00,50,38,12,2,3,REGULAR,102,B. AKIN,1,turnover,417,,[],outofbounds,0,11,Berk Can,Akin,Berk Can,Akin,B,A,B,A,B. Akin,BURSASPOR BASKETBOL,BUR,B. Akin,11,,,,,,TO,,BURSASPOR BASKETBOL B. AKIN turnover outofbounds,,,,,,,,,0,131,2.0,turnover,0,50,0,38
06:50,06:50:00,50,38,12,1,3,REGULAR,70,J. MATHEWS,1,substitution,418,,[],out,0,0,Jonah Kenneth,Mathews,Jonah Kenneth,Mathews,J,M,J,M,J. Mathews,BESIKTAS GAIN,BJK,J. Mathews,0,,,,,,SUB,out,BESIKTAS GAIN substitution out,,,,,,,,,0,132,1.0,,0,50,0,38
06:50,06:50:00,50,38,12,1,3,REGULAR,67,A. BROWN,1,substitution,419,,[],in,0,21,Anthony Lejohn,Brown,Anthony Lejohn,Brown,A,B,A,B,A. Brown,BESIKTAS GAIN,BJK,A. Brown,21,,,,,,SUB,in,BESIKTAS GAIN substitution in,,,,,,,,,0,132,1.0,,0,50,0,38
06:50,06:50:00,50,38,12,2,3,REGULAR,102,B. AKIN,1,substitution,420,,[],out,0,11,Berk Can,Akin,Berk Can,Akin,B,A,B,A,B. Akin,BURSASPOR BASKETBOL,BUR,B. Akin,11,,,,,,SUB,out,BURSASPOR BASKETBOL substitution out,,,,,,,,,0,132,1.0,,0,50,0,38
06:50,06:50:00,50,38,12,2,3,REGULAR,135,A. KONONTSUK,1,substitution,421,,[],out,0,34,Artur,Konontsuk,Artur,Konontsuk,A,K,A,K,A. Konontsuk,BURSASPOR BASKETBOL,BUR,A. Konontsuk,34,,,,,,SUB,out,BURSASPOR BASKETBOL substitution out,,,,,,,,,0,132,1.0,,0,50,0,38
06:50,06:50:00,50,38,12,2,3,REGULAR,4,Y. ONAR,1,substitution,422,,[],in,0,14,Yesukan,Onar,Yesukan,Onar,Y,O,Y,O,Y. Onar,BURSASPOR BASKETBOL,BUR,Y. Onar,14,,,,,,SUB,in,BURSASPOR BASKETBOL substitution in,,,,,,,,,0,132,1.0,,0,50,0,38
06:50,06:50:00,50,38,12,2,3,REGULAR,134,V. KING,1,substitution,423,,[],in,0,22,Vincent Earl,King,Vincent Earl,King,V,K,V,K,V. King,BURSASPOR BASKETBOL,BUR,V. King,22,,,,,,SUB,in,BURSASPOR BASKETBOL substitution in,,,,,,,,,0,132,1.0,,0,50,0,38
06:50,06:50:00,50,38,12,1,3,REGULAR,72,I. KAMAGATE,1,substitution,424,,[],out,0,4,Ismael Sindou,Kamagate,Ismael Sindou,Kamagate,I,K,I,K,I. Kamagate,BESIKTAS GAIN,BJK,I. Kamagate,4,,,,,,SUB,out,BESIKTAS GAIN substitution out,,,,,,,,,0,132,1.0,,0,50,0,38
06:50,06:50:00,50,38,12,1,3,REGULAR,69,C. MORGAN,1,substitution,425,,[],in,0,9,Conor Seamus William,Morgan,Conor Seamus William,Morgan,C,M,C,M,C. Morgan,BESIKTAS GAIN,BJK,C. Morgan,9,,,,,,SUB,in,BESIKTAS GAIN substitution in,,,,,,,,,0,132,1.0,,0,50,0,38
06:36,06:36:00,53,38,15,1,3,REGULAR,69,C. MORGAN,1,3pt,427,,['fromturnover'],jumpshot,1,9,Conor Seamus William,Morgan,Conor Seamus William,Morgan,C,M,C,M,C. Morgan,BESIKTAS GAIN,BJK,C. Morgan,9,,,29.020000457764,20.340000152588,1.0,P3,made,BESIKTAS GAIN C. MORGAN 3Pt made,74.0,1.0,Y. ARSLAN,,,,,,3,132,1.0,score,3,53,0,38
06:36,06:36:00,53,38,15,1,3,REGULAR,74,Y. ARSLAN,1,assist,428,427,[],,0,7,Yigit,Arslan,Yigit,Arslan,Y,A,Y,A,Y. Arslan,BESIKTAS GAIN,BJK,Y. Arslan,7,,,,,,ASS,,BESIKTAS GAIN Y. ARSLAN assist,,,,,,,,,0,133,2.0,,0,53,0,38
06:34,06:34:00,53,38,15,2,3,REGULAR,0,,1,timeout,430,,[],full,0,,,,,,,,,,,BURSASPOR BASKETBOL,BUR,,,,,,,,TIMEOUT,,BURSASPOR BASKETBOL timeout,,,,,,,,,0,133,2.0,,0,53,0,38
06:34,06:34:00,53,38,15,0,3,REGULAR,0,,1,timeout,431,,[],officials,0,,,,,,,,,,,,,,,,,,,,TIMEOUT,, timeout,,,,,,,,,0,133,2.0,,0,53,0,38
06:16,06:16:00,53,38,15,1,3,REGULAR,69,C. MORGAN,1,foul,434,,"['shooting', '2freethrow']",personal,0,9,Conor Seamus William,Morgan,Conor Seamus William,Morgan,C,M,C,M,C. Morgan,BESIKTAS GAIN,BJK,C. Morgan,9,,,,,,FOUL,,BESIKTAS GAIN C. MORGAN foul personal,,,,,,,,,0,133,2.0,,0,53,0,38
06:16,06:16:00,53,38,15,2,3,REGULAR,144,M. PARSONS,1,foulon,435,434,[],,0,5,Malik Disjohn,Parsons,Malik Disjohn,Parsons,M,P,M,P,M. Parsons,BURSASPOR BASKETBOL,BUR,M. Parsons,5,,,,,,OTHER,,BURSASPOR BASKETBOL foulon,,,,,,,,,0,133,2.0,,0,53,0,38
06:16,06:16:00,53,39,14,2,3,REGULAR,144,M. PARSONS,1,freethrow,436,,[],1of2,1,5,Malik Disjohn,Parsons,Malik Disjohn,Parsons,M,P,M,P,M. Parsons,BURSASPOR BASKETBOL,BUR,M. Parsons,5,,,,,,FT,made,BURSASPOR BASKETBOL M. PARSONS FT 1of2 made,,,,,,,,,1,133,2.0,made_ft,0,53,1,39
06:16,06:16:00,53,40,13,2,3,REGULAR,144,M. PARSONS,1,freethrow,437,,[],2of2,1,5,Malik Disjohn,Parsons,Malik Disjohn,Parsons,M,P,M,P,M. Parsons,BURSASPOR BASKETBOL,BUR,M. Parsons,5,,,,,,FT,made,BURSASPOR BASKETBOL M. PARSONS FT 2of2 made,,,,,,,,,1,134,1.0,made_ft_last,0,53,1,40
06:03,06:03:00,55,40,15,1,3,REGULAR,74,Y. ARSLAN,1,2pt,439,,[],turnaroundjumpshot,1,7,Yigit,Arslan,Yigit,Arslan,Y,A,Y,A,Y. Arslan,BESIKTAS GAIN,BJK,Y. Arslan,7,,,9.9799995422363,22.879999160767,1.0,P2,made,BESIKTAS GAIN Y. ARSLAN 2Pt made,,,,,,,,,2,135,2.0,score,2,55,0,40
05:52,05:52:00,55,40,15,2,3,REGULAR,144,M. PARSONS,1,turnover,440,,[],ballhandling,0,5,Malik Disjohn,Parsons,Malik Disjohn,Parsons,M,P,M,P,M. Parsons,BURSASPOR BASKETBOL,BUR,M. Parsons,5,,,,,,TO,,BURSASPOR BASKETBOL M. PARSONS turnover ballhandling,,,,,,,,,0,136,1.0,turnover,0,55,0,40
05:52,05:52:00,55,40,15,1,3,REGULAR,74,Y. ARSLAN,1,steal,441,440,[],,0,7,Yigit,Arslan,Yigit,Arslan,Y,A,Y,A,Y. Arslan,BESIKTAS GAIN,BJK,Y. Arslan,7,,,,,,ST,,BESIKTAS GAIN Y. ARSLAN steal,,,,,,,,,0,137,2.0,,0,55,0,40
05:31,05:31:00,57,40,17,1,3,REGULAR,71,D. DOTSON,1,2pt,442,,"['fromturnover', 'pointsinthepaint']",drivinglayup,1,1,Devon Durrell,Dotson,Devon Durrell,Dotson,D,D,D,D,D. Dotson,BESIKTAS GAIN,BJK,D. Dotson,1,,,5.6199998855591,54.240001678467,1.0,P2,made,BESIKTAS GAIN D. DOTSON 2Pt made,,,,,,,,,2,137,2.0,score,2,57,0,40
05:10,05:10:00,57,40,17,1,3,REGULAR,69,C. MORGAN,1,substitution,445,,[],out,0,9,Conor Seamus William,Morgan,Conor Seamus William,Morgan,C,M,C,M,C. Morgan,BESIKTAS GAIN,BJK,C. Morgan,9,,,,,,SUB,out,BESIKTAS GAIN substitution out,,,,,,,,,0,138,1.0,,0,57,0,40
05:10,05:10:00,57,40,17,1,3,REGULAR,72,I. KAMAGATE,1,substitution,446,,[],in,0,4,Ismael Sindou,Kamagate,Ismael Sindou,Kamagate,I,K,I,K,I. Kamagate,BESIKTAS GAIN,BJK,I. Kamagate,4,,,,,,SUB,in,BESIKTAS GAIN substitution in,,,,,,,,,0,138,1.0,,0,57,0,40
05:03,05:03:00,57,40,17,1,3,REGULAR,72,I. KAMAGATE,1,foul,449,,"['shooting', '2freethrow']",personal,0,4,Ismael Sindou,Kamagate,Ismael Sindou,Kamagate,I,K,I,K,I. Kamagate,BESIKTAS GAIN,BJK,I. Kamagate,4,,,,,,FOUL,,BESIKTAS GAIN I. KAMAGATE foul personal,,,,,,,,,0,138,1.0,,0,57,0,40
05:03,05:03:00,57,40,17,2,3,REGULAR,127,L. NNOKO,1,foulon,450,449,[],,0,35,Landry,Nnoko,Landry,Nnoko,L,N,L,N,L. Nnoko,BURSASPOR BASKETBOL,BUR,L. Nnoko,35,,,,,,OTHER,,BURSASPOR BASKETBOL foulon,,,,,,,,,0,138,1.0,,0,57,0,40
05:03,05:03:00,57,40,17,2,3,REGULAR,127,L. NNOKO,0,freethrow,451,,[],1of2,1,35,Landry,Nnoko,Landry,Nnoko,L,N,L,N,L. Nnoko,BURSASPOR BASKETBOL,BUR,L. Nnoko,35,,,,,,FT,missed,BURSASPOR BASKETBOL L. NNOKO FT 1of2 missed,,,,,,,,,0,138,1.0,def_reb,0,57,0,40
05:03,05:03:00,57,40,17,2,3,REGULAR,0,,1,rebound,452,451,[],offensivedeadball,0,,,,,,,,,,,BURSASPOR BASKETBOL,BUR,,,,,,,,TREB,,BURSASPOR BASKETBOL team rebound offensivedeadball,,,,,,,,,0,139,2.0,def_reb,0,57,0,40
05:03,05:03:00,57,41,16,2,3,REGULAR,127,L. NNOKO,1,freethrow,453,,[],2of2,1,35,Landry,Nnoko,Landry,Nnoko,L,N,L,N,L. Nnoko,BURSASPOR BASKETBOL,BUR,L. Nnoko,35,,,,,,FT,made,BURSASPOR BASKETBOL L. NNOKO FT 2of2 made,,,,,,,,,1,140,1.0,made_ft_last,0,57,1,41
05:03,05:03:00,57,41,16,2,3,REGULAR,144,M. PARSONS,1,assist,454,453,[],,0,5,Malik Disjohn,Parsons,Malik Disjohn,Parsons,M,P,M,P,M. Parsons,BURSASPOR BASKETBOL,BUR,M. Parsons,5,,,,,,ASS,,BURSASPOR BASKETBOL M. PARSONS assist,,,,,,,,,0,141,2.0,,0,57,0,41
04:43,04:43:00,59,41,18,1,3,REGULAR,71,D. DOTSON,1,2pt,456,,['pointsinthepaint'],drivinglayup,1,1,Devon Durrell,Dotson,Devon Durrell,Dotson,D,D,D,D,D. Dotson,BESIKTAS GAIN,BJK,D. Dotson,1,,,6.4000000953674,48.310001373291,1.0,P2,made,BESIKTAS GAIN D. DOTSON 2Pt made,67.0,1.0,A. BROWN,,,,,,2,141,2.0,score,2,59,0,41
04:43,04:43:00,59,41,18,1,3,REGULAR,67,A. BROWN,1,assist,457,456,[],,0,21,Anthony Lejohn,Brown,Anthony Lejohn,Brown,A,B,A,B,A. Brown,BESIKTAS GAIN,BJK,A. Brown,21,,,,,,ASS,,BESIKTAS GAIN A. BROWN assist,,,,,,,,,0,142,1.0,,0,59,0,41
04:27,04:27:00,59,41,18,2,3,REGULAR,144,M. PARSONS,1,turnover,460,,[],ballhandling,0,5,Malik Disjohn,Parsons,Malik Disjohn,Parsons,M,P,M,P,M. Parsons,BURSASPOR BASKETBOL,BUR,M. Parsons,5,,,,,,TO,,BURSASPOR BASKETBOL M. PARSONS turnover ballhandling,,,,,,,,,0,142,1.0,turnover,0,59,0,41
04:27,04:27:00,59,41,18,1,3,REGULAR,71,D. DOTSON,1,steal,461,460,[],,0,1,Devon Durrell,Dotson,Devon Durrell,Dotson,D,D,D,D,D. Dotson,BESIKTAS GAIN,BJK,D. Dotson,1,,,,,,ST,,BESIKTAS GAIN D. DOTSON steal,,,,,,,,,0,143,2.0,,0,59,0,41
04:23,04:23:00,61,41,20,1,3,REGULAR,71,D. DOTSON,1,2pt,462,,"['fromturnover', 'pointsinthepaint', 'fastbreak']",layup,1,1,Devon Durrell,Dotson,Devon Durrell,Dotson,D,D,D,D,D. Dotson,BESIKTAS GAIN,BJK,D. Dotson,1,,,3.4300000667572,50.560001373291,1.0,P2,made,BESIKTAS GAIN D. DOTSON 2Pt made,,,,,,,,,2,143,2.0,score,2,61,0,41
03:55,03:55:00,61,41,20,2,3,REGULAR,134,V. KING,0,3pt,465,,[],jumpshot,1,22,Vincent Earl,King,Vincent Earl,King,V,K,V,K,V. King,BURSASPOR BASKETBOL,BUR,V. King,22,,,69.269996643066,28.530000686646,0.0,P3,missed,BURSASPOR BASKETBOL V. KING 3Pt missed,,,,,,,,,0,144,1.0,def_reb,0,61,0,41
03:53,03:53:00,61,41,20,1,3,REGULAR,71,D. DOTSON,1,rebound,466,465,[],defensive,0,1,Devon Durrell,Dotson,Devon Durrell,Dotson,D,D,D,D,D. Dotson,BESIKTAS GAIN,BJK,D. Dotson,1,,,,,,REB,,BESIKTAS GAIN rebound defensive,,,,,,,,,0,145,2.0,def_reb,0,61,0,41
03:41,03:41:00,61,41,20,1,3,REGULAR,71,D. DOTSON,1,turnover,467,,[],ballhandling,0,1,Devon Durrell,Dotson,Devon Durrell,Dotson,D,D,D,D,D. Dotson,BESIKTAS GAIN,BJK,D. Dotson,1,,,,,,TO,,BESIKTAS GAIN D. DOTSON turnover ballhandling,,,,,,,,,0,146,1.0,turnover,0,61,0,41
03:41,03:41:00,61,41,20,2,3,REGULAR,4,Y. ONAR,1,steal,468,467,[],,0,14,Yesukan,Onar,Yesukan,Onar,Y,O,Y,O,Y. Onar,BURSASPOR BASKETBOL,BUR,Y. Onar,14,,,,,,ST,,BURSASPOR BASKETBOL Y. ONAR steal,,,,,,,,,0,147,2.0,,0,61,0,41
03:37,03:37:00,61,41,20,1,3,REGULAR,72,I. KAMAGATE,1,foul,470,,[],personal,0,4,Ismael Sindou,Kamagate,Ismael Sindou,Kamagate,I,K,I,K,I. Kamagate,BESIKTAS GAIN,BJK,I. Kamagate,4,,,,,,FOUL,,BESIKTAS GAIN I. KAMAGATE foul personal,,,,,,,,,0,147,2.0,,0,61,0,41
03:37,03:37:00,61,41,20,2,3,REGULAR,133,B. CHILDRESS,1,foulon,471,470,[],,0,0,Brandon Reginald,Childress,Brandon Reginald,Childress,B,C,B,C,B. Childress,BURSASPOR BASKETBOL,BUR,B. Childress,0,,,,,,OTHER,,BURSASPOR BASKETBOL foulon,,,,,,,,,0,147,2.0,,0,61,0,41
03:37,03:37:00,61,41,20,1,3,REGULAR,71,D. DOTSON,1,substitution,472,,[],out,0,1,Devon Durrell,Dotson,Devon Durrell,Dotson,D,D,D,D,D. Dotson,BESIKTAS GAIN,BJK,D. Dotson,1,,,,,,SUB,out,BESIKTAS GAIN substitution out,,,,,,,,,0,147,2.0,,0,61,0,41
03:37,03:37:00,61,41,20,1,3,REGULAR,74,Y. ARSLAN,1,substitution,473,,[],out,0,7,Yigit,Arslan,Yigit,Arslan,Y,A,Y,A,Y. Arslan,BESIKTAS GAIN,BJK,Y. Arslan,7,,,,,,SUB,out,BESIKTAS GAIN substitution out,,,,,,,,,0,147,2.0,,0,61,0,41
03:37,03:37:00,61,41,20,1,3,REGULAR,68,V. BROWN,1,substitution,474,,[],out,0,33,Vittorio,Brown,Vittorio,Brown,V,B,V,B,V. Brown,BESIKTAS GAIN,BJK,V. Brown,33,,,,,,SUB,out,BESIKTAS GAIN substitution out,,,,,,,,,0,147,2.0,,0,61,0,41
03:37,03:37:00,61,41,20,1,3,REGULAR,70,J. MATHEWS,1,substitution,475,,[],in,0,0,Jonah Kenneth,Mathews,Jonah Kenneth,Mathews,J,M,J,M,J. Mathews,BESIKTAS GAIN,BJK,J. Mathews,0,,,,,,SUB,in,BESIKTAS GAIN substitution in,,,,,,,,,0,147,2.0,,0,61,0,41
03:37,03:37:00,61,41,20,1,3,REGULAR,66,B. LEMAR,1,substitution,476,,[],in,0,11,Brynton Jevon,Lemar,Brynton Jevon,Lemar,B,L,B,L,B. Lemar,BESIKTAS GAIN,BJK,B. Lemar,11,,,,,,SUB,in,BESIKTAS GAIN substitution in,,,,,,,,,0,147,2.0,,0,61,0,41
03:37,03:37:00,61,41,20,1,3,REGULAR,76,C. KUS,1,substitution,477,,[],in,0,12,Canberk,Kus,Canberk,Kus,C,K,C,K,C. Kus,BESIKTAS GAIN,BJK,C. Kus,12,,,,,,SUB,in,BESIKTAS GAIN substitution in,,,,,,,,,0,147,2.0,,0,61,0,41
03:37,03:37:00,61,41,20,2,3,REGULAR,144,M. PARSONS,1,substitution,478,,[],out,0,5,Malik Disjohn,Parsons,Malik Disjohn,Parsons,M,P,M,P,M. Parsons,BURSASPOR BASKETBOL,BUR,M. Parsons,5,,,,,,SUB,out,BURSASPOR BASKETBOL substitution out,,,,,,,,,0,147,2.0,,0,61,0,41
03:37,03:37:00,61,41,20,2,3,REGULAR,127,L. NNOKO,1,substitution,479,,[],out,0,35,Landry,Nnoko,Landry,Nnoko,L,N,L,N,L. Nnoko,BURSASPOR BASKETBOL,BUR,L. Nnoko,35,,,,,,SUB,out,BURSASPOR BASKETBOL substitution out,,,,,,,,,0,147,2.0,,0,61,0,41
03:37,03:37:00,61,41,20,2,3,REGULAR,136,J. DELAURIER,1,substitution,480,,[],in,0,12,Javin Que,Delaurier,Javin Que,Delaurier,J,D,J,D,J. Delaurier,BURSASPOR BASKETBOL,BUR,J. Delaurier,12,,,,,,SUB,in,BURSASPOR BASKETBOL substitution in,,,,,,,,,0,147,2.0,,0,61,0,41
03:37,03:37:00,61,41,20,2,3,REGULAR,129,B. CRAWFORD,1,substitution,481,,[],in,0,13,Bryant Dejuan,Crawford,Bryant Dejuan,Crawford,B,C,B,C,B. Crawford,BURSASPOR BASKETBOL,BUR,B. Crawford,13,,,,,,SUB,in,BURSASPOR BASKETBOL substitution in,,,,,,,,,0,147,2.0,,0,61,0,41
03:27,03:27:00,61,41,20,2,3,REGULAR,133,B. CHILDRESS,0,3pt,483,,['fromturnover'],jumpshot,1,0,Brandon Reginald,Childress,Brandon Reginald,Childress,B,C,B,C,B. Childress,BURSASPOR BASKETBOL,BUR,B. Childress,0,,,71.139999389648,75.139999389648,0.0,P3,missed,BURSASPOR BASKETBOL B. CHILDRESS 3Pt missed,,,,,,,,,0,147,2.0,def_reb,0,61,0,41
03:24,03:24:00,61,41,20,1,3,REGULAR,76,C. KUS,1,rebound,484,483,[],defensive,0,12,Canberk,Kus,Canberk,Kus,C,K,C,K,C. Kus,BESIKTAS GAIN,BJK,C. Kus,12,,,,,,REB,,BESIKTAS GAIN rebound defensive,,,,,,,,,0,148,1.0,def_reb,0,61,0,41
03:10,03:10:00,61,41,20,1,3,REGULAR,67,A. BROWN,0,2pt,486,,['pointsinthepaint'],layup,1,21,Anthony Lejohn,Brown,Anthony Lejohn,Brown,A,B,A,B,A. Brown,BESIKTAS GAIN,BJK,A. Brown,21,,,5.460000038147,46.889999389648,0.0,P2,missed,BESIKTAS GAIN A. BROWN 2Pt missed,,,,,,,,,0,149,2.0,def_reb,0,61,0,41
03:10,03:10:00,61,41,20,1,3,REGULAR,0,,1,rebound,487,486,['team'],offensive,0,,,,,,,,,,,BESIKTAS GAIN,BJK,,,,,,,,TREB,,BESIKTAS GAIN team rebound offensive,,,,,,,,,0,150,1.0,def_reb,0,61,0,41
02:55,02:55:00,61,41,20,1,3,REGULAR,70,J. MATHEWS,0,2pt,489,,"['2ndchance', 'pointsinthepaint']",layup,1,0,Jonah Kenneth,Mathews,Jonah Kenneth,Mathews,J,M,J,M,J. Mathews,BESIKTAS GAIN,BJK,J. Mathews,0,,,7.1799998283386,46.330001831055,0.0,P2,missed,BESIKTAS GAIN J. MATHEWS 2Pt missed,,,,,,,,,0,151,2.0,def_reb,0,61,0,41
02:52,02:52:00,61,41,20,2,3,REGULAR,136,J. DELAURIER,1,rebound,490,489,[],defensive,0,12,Javin Que,Delaurier,Javin Que,Delaurier,J,D,J,D,J. Delaurier,BURSASPOR BASKETBOL,BUR,J. Delaurier,12,,,,,,REB,,BURSASPOR BASKETBOL rebound defensive,,,,,,,,,0,152,1.0,def_reb,0,61,0,41
02:41,02:41:00,61,41,20,1,3,REGULAR,70,J. MATHEWS,1,foul,492,,"['shooting', '2freethrow']",personal,0,0,Jonah Kenneth,Mathews,Jonah Kenneth,Mathews,J,M,J,M,J. Mathews,BESIKTAS GAIN,BJK,J. Mathews,0,,,,,,FOUL,,BESIKTAS GAIN J. MATHEWS foul personal,,,,,,,,,0,153,2.0,,0,61,0,41
02:41,02:41:00,61,41,20,2,3,REGULAR,134,V. KING,1,foulon,493,492,[],,0,22,Vincent Earl,King,Vincent Earl,King,V,K,V,K,V. King,BURSASPOR BASKETBOL,BUR,V. King,22,,,,,,OTHER,,BURSASPOR BASKETBOL foulon,,,,,,,,,0,153,2.0,,0,61,0,41
02:41,02:41:00,61,41,20,2,3,REGULAR,134,V. KING,0,freethrow,494,,[],1of2,1,22,Vincent Earl,King,Vincent Earl,King,V,K,V,K,V. King,BURSASPOR BASKETBOL,BUR,V. King,22,,,,,,FT,missed,BURSASPOR BASKETBOL V. KING FT 1of2 missed,,,,,,,,,0,153,2.0,def_reb,0,61,0,41
02:41,02:41:00,61,41,20,2,3,REGULAR,0,,1,rebound,495,494,[],offensivedeadball,0,,,,,,,,,,,BURSASPOR BASKETBOL,BUR,,,,,,,,TREB,,BURSASPOR BASKETBOL team rebound offensivedeadball,,,,,,,,,0,154,1.0,def_reb,0,61,0,41
02:41,02:41:00,61,42,19,2,3,REGULAR,134,V. KING,1,freethrow,496,,[],2of2,1,22,Vincent Earl,King,Vincent Earl,King,V,K,V,K,V. King,BURSASPOR BASKETBOL,BUR,V. King,22,,,,,,FT,made,BURSASPOR BASKETBOL V. KING FT 2of2 made,,,,,,,,,1,155,2.0,made_ft_last,0,61,1,42
02:26,02:26:00,61,42,19,1,3,REGULAR,72,I. KAMAGATE,1,turnover,498,,[],badpass,0,4,Ismael Sindou,Kamagate,Ismael Sindou,Kamagate,I,K,I,K,I. Kamagate,BESIKTAS GAIN,BJK,I. Kamagate,4,,,,,,TO,,BESIKTAS GAIN I. KAMAGATE turnover badpass,,,,,,,,,0,156,1.0,turnover,0,61,0,42
02:26,02:26:00,61,42,19,2,3,REGULAR,134,V. KING,1,steal,499,498,[],,0,22,Vincent Earl,King,Vincent Earl,King,V,K,V,K,V. King,BURSASPOR BASKETBOL,BUR,V. King,22,,,,,,ST,,BURSASPOR BASKETBOL V. KING steal,,,,,,,,,0,157,2.0,,0,61,0,42
02:13,02:13:00,61,42,19,1,3,REGULAR,76,C. KUS,1,foul,501,,"['shooting', '2freethrow']",personal,0,12,Canberk,Kus,Canberk,Kus,C,K,C,K,C. Kus,BESIKTAS GAIN,BJK,C. Kus,12,,,,,,FOUL,,BESIKTAS GAIN C. KUS foul personal,,,,,,,,,0,157,2.0,,0,61,0,42
02:13,02:13:00,61,42,19,2,3,REGULAR,136,J. DELAURIER,1,foulon,502,501,[],,0,12,Javin Que,Delaurier,Javin Que,Delaurier,J,D,J,D,J. Delaurier,BURSASPOR BASKETBOL,BUR,J. Delaurier,12,,,,,,OTHER,,BURSASPOR BASKETBOL foulon,,,,,,,,,0,157,2.0,,0,61,0,42
02:13,02:13:00,61,43,18,2,3,REGULAR,136,J. DELAURIER,1,freethrow,503,,['fromturnover'],1of2,1,12,Javin Que,Delaurier,Javin Que,Delaurier,J,D,J,D,J. Delaurier,BURSASPOR BASKETBOL,BUR,J. Delaurier,12,,,,,,FT,made,BURSASPOR BASKETBOL J. DELAURIER FT 1of2 made,,,,,,,,,1,157,2.0,made_ft,0,61,1,43
02:13,02:13:00,61,43,18,2,3,REGULAR,129,B. CRAWFORD,1,assist,504,503,[],,0,13,Bryant Dejuan,Crawford,Bryant Dejuan,Crawford,B,C,B,C,B. Crawford,BURSASPOR BASKETBOL,BUR,B. Crawford,13,,,,,,ASS,,BURSASPOR BASKETBOL B. CRAWFORD assist,,,,,,,,,0,158,1.0,,0,61,0,43
02:13,02:13:00,61,43,18,2,3,REGULAR,136,J. DELAURIER,0,freethrow,505,,['fromturnover'],2of2,1,12,Javin Que,Delaurier,Javin Que,Delaurier,J,D,J,D,J. Delaurier,BURSASPOR BASKETBOL,BUR,J. Delaurier,12,,,,,,FT,missed,BURSASPOR BASKETBOL J. DELAURIER FT 2of2 missed,,,,,,,,,0,158,1.0,def_reb,0,61,0,43
02:13,02:13:00,61,43,18,1,3,REGULAR,67,A. BROWN,1,rebound,507,505,[],defensive,0,21,Anthony Lejohn,Brown,Anthony Lejohn,Brown,A,B,A,B,A. Brown,BESIKTAS GAIN,BJK,A. Brown,21,,,,,,REB,,BESIKTAS GAIN rebound defensive,,,,,,,,,0,159,2.0,def_reb,0,61,0,43
01:54,01:54:00,63,43,20,1,3,REGULAR,72,I. KAMAGATE,1,2pt,508,,['pointsinthepaint'],dunk,1,4,Ismael Sindou,Kamagate,Ismael Sindou,Kamagate,I,K,I,K,I. Kamagate,BESIKTAS GAIN,BJK,I. Kamagate,4,,,6.8600001335144,51.979999542236,1.0,P2,made,BESIKTAS GAIN I. KAMAGATE 2Pt made,66.0,1.0,B. LEMAR,,,,,,2,160,1.0,score,2,63,0,43
01:54,01:54:00,63,43,20,1,3,REGULAR,66,B. LEMAR,1,assist,509,508,[],,0,11,Brynton Jevon,Lemar,Brynton Jevon,Lemar,B,L,B,L,B. Lemar,BESIKTAS GAIN,BJK,B. Lemar,11,,,,,,ASS,,BESIKTAS GAIN B. LEMAR assist,,,,,,,,,0,161,2.0,,0,63,0,43
01:35,01:35:00,63,45,18,2,3,REGULAR,136,J. DELAURIER,1,2pt,510,,['pointsinthepaint'],layup,1,12,Javin Que,Delaurier,Javin Que,Delaurier,J,D,J,D,J. Delaurier,BURSASPOR BASKETBOL,BUR,J. Delaurier,12,,,98.129997253418,49.439998626709,1.0,P2,made,BURSASPOR BASKETBOL J. DELAURIER 2Pt made,133.0,2.0,B. CHILDRESS,,,,,,2,161,2.0,score,0,63,2,45
01:35,01:35:00,63,45,18,2,3,REGULAR,133,B. CHILDRESS,1,assist,511,510,[],,0,0,Brandon Reginald,Childress,Brandon Reginald,Childress,B,C,B,C,B. Childress,BURSASPOR BASKETBOL,BUR,B. Childress,0,,,,,,ASS,,BURSASPOR BASKETBOL B. CHILDRESS assist,,,,,,,,,0,162,1.0,,0,63,0,45
01:23,01:23:00,66,45,21,1,3,REGULAR,76,C. KUS,1,3pt,512,,[],jumpshot,1,12,Canberk,Kus,Canberk,Kus,C,K,C,K,C. Kus,BESIKTAS GAIN,BJK,C. Kus,12,,,32.450000762939,48.590000152588,1.0,P3,made,BESIKTAS GAIN C. KUS 3Pt made,67.0,1.0,A. BROWN,,,,,,3,162,1.0,score,3,66,0,45
01:23,01:23:00,66,45,21,1,3,REGULAR,67,A. BROWN,1,assist,513,512,[],,0,21,Anthony Lejohn,Brown,Anthony Lejohn,Brown,A,B,A,B,A. Brown,BESIKTAS GAIN,BJK,A. Brown,21,,,,,,ASS,,BESIKTAS GAIN A. BROWN assist,,,,,,,,,0,163,2.0,,0,66,0,45
01:07,01:07:00,66,45,21,2,3,REGULAR,129,B. CRAWFORD,0,2pt,516,,['pointsinthepaint'],floatingjumpshot,1,13,Bryant Dejuan,Crawford,Bryant Dejuan,Crawford,B,C,B,C,B. Crawford,BURSASPOR BASKETBOL,BUR,B. Crawford,13,,,96.569999694824,46.330001831055,0.0,P2,missed,BURSASPOR BASKETBOL B. CRAWFORD 2Pt missed,,,,,,,,,0,163,2.0,def_reb,0,66,0,45
01:05,01:05:00,66,45,21,1,3,REGULAR,67,A. BROWN,1,rebound,517,516,[],defensive,0,21,Anthony Lejohn,Brown,Anthony Lejohn,Brown,A,B,A,B,A. Brown,BESIKTAS GAIN,BJK,A. Brown,21,,,,,,REB,,BESIKTAS GAIN rebound defensive,,,,,,,,,0,164,1.0,def_reb,0,66,0,45
00:56,00:56:20,66,45,21,1,3,REGULAR,76,C. KUS,1,turnover,519,,[],travel,0,12,Canberk,Kus,Canberk,Kus,C,K,C,K,C. Kus,BESIKTAS GAIN,BJK,C. Kus,12,,,,,,TO,,BESIKTAS GAIN C. KUS turnover travel,,,,,,,,,0,165,2.0,turnover,0,66,0,45
00:56,00:56:20,66,45,21,2,3,REGULAR,133,B. CHILDRESS,1,substitution,520,,[],out,0,0,Brandon Reginald,Childress,Brandon Reginald,Childress,B,C,B,C,B. Childress,BURSASPOR BASKETBOL,BUR,B. Childress,0,,,,,,SUB,out,BURSASPOR BASKETBOL substitution out,,,,,,,,,0,166,1.0,,0,66,0,45
00:56,00:56:20,66,45,21,2,3,REGULAR,144,M. PARSONS,1,substitution,521,,[],in,0,5,Malik Disjohn,Parsons,Malik Disjohn,Parsons,M,P,M,P,M. Parsons,BURSASPOR BASKETBOL,BUR,M. Parsons,5,,,,,,SUB,in,BURSASPOR BASKETBOL substitution in,,,,,,,,,0,166,1.0,,0,66,0,45
00:42,00:42:70,66,45,21,2,3,REGULAR,129,B. CRAWFORD,0,3pt,523,,['fromturnover'],jumpshot,1,13,Bryant Dejuan,Crawford,Bryant Dejuan,Crawford,B,C,B,C,B. Crawford,BURSASPOR BASKETBOL,BUR,B. Crawford,13,,,73.629997253418,83.620002746582,0.0,P3,missed,BURSASPOR BASKETBOL B. CRAWFORD 3Pt missed,,,,,,,,,0,166,1.0,def_reb,0,66,0,45
00:39,00:39:70,66,45,21,1,3,REGULAR,76,C. KUS,1,rebound,524,523,[],defensive,0,12,Canberk,Kus,Canberk,Kus,C,K,C,K,C. Kus,BESIKTAS GAIN,BJK,C. Kus,12,,,,,,REB,,BESIKTAS GAIN rebound defensive,,,,,,,,,0,167,2.0,def_reb,0,66,0,45
00:35,00:35:20,66,45,21,1,3,REGULAR,66,B. LEMAR,0,3pt,525,,[],jumpshot,1,11,Brynton Jevon,Lemar,Brynton Jevon,Lemar,B,L,B,L,B. Lemar,BESIKTAS GAIN,BJK,B. Lemar,11,,,28.239999771118,85.309997558594,0.0,P3,missed,BESIKTAS GAIN B. LEMAR 3Pt missed,,,,,,,,,0,168,1.0,,0,66,0,45
00:32,00:32:60,66,45,21,1,3,REGULAR,76,C. KUS,1,rebound,526,525,[],offensive,0,12,Canberk,Kus,Canberk,Kus,C,K,C,K,C. Kus,BESIKTAS GAIN,BJK,C. Kus,12,,,,,,REB,,BESIKTAS GAIN rebound offensive,,,,,,,,,0,168,1.0,,0,66,0,45
00:30,00:30:40,66,45,21,1,3,REGULAR,67,A. BROWN,0,3pt,527,,['2ndchance'],jumpshot,1,21,Anthony Lejohn,Brown,Anthony Lejohn,Brown,A,B,A,B,A. Brown,BESIKTAS GAIN,BJK,A. Brown,21,,,12.170000076294,96.330001831055,0.0,P3,missed,BESIKTAS GAIN A. BROWN 3Pt missed,,,,,,,,,0,168,1.0,def_reb,0,66,0,45
00:27,00:27:00,66,45,21,2,3,REGULAR,4,Y. ONAR,1,rebound,528,527,[],defensive,0,14,Yesukan,Onar,Yesukan,Onar,Y,O,Y,O,Y. Onar,BURSASPOR BASKETBOL,BUR,Y. Onar,14,,,,,,REB,,BURSASPOR BASKETBOL rebound defensive,,,,,,,,,0,169,2.0,def_reb,0,66,0,45
00:01,00:01:70,66,45,21,2,3,REGULAR,129,B. CRAWFORD,0,2pt,529,,['pointsinthepaint'],layup,1,13,Bryant Dejuan,Crawford,Bryant Dejuan,Crawford,B,C,B,C,B. Crawford,BURSASPOR BASKETBOL,BUR,B. Crawford,13,,,96.720001220703,54.240001678467,0.0,P2,missed,BURSASPOR BASKETBOL B. CRAWFORD 2Pt missed,,,,,,,,,0,170,1.0,,0,66,0,45
00:00,00:00:00,66,47,19,2,3,REGULAR,136,J. DELAURIER,1,rebound,531,529,[],offensive,0,12,Javin Que,Delaurier,Javin Que,Delaurier,J,D,J,D,J. Delaurier,BURSASPOR BASKETBOL,BUR,J. Delaurier,12,,,,,,REB,,BURSASPOR BASKETBOL rebound offensive,,,,,,,,,0,170,1.0,,0,66,0,45
00:00,00:00:10,66,47,19,2,3,REGULAR,136,J. DELAURIER,1,2pt,532,,"['2ndchance', 'pointsinthepaint']",tipinlayup,1,12,Javin Que,Delaurier,Javin Que,Delaurier,J,D,J,D,J. Delaurier,BURSASPOR BASKETBOL,BUR,J. Delaurier,12,,,94.0,50.0,1.0,P2,made,BURSASPOR BASKETBOL J. DELAURIER 2Pt made,,,,,,,,,2,170,1.0,score,0,66,2,47
00:00,00:00:00,66,47,19,0,3,REGULAR,0,,1,period,533,,['confirmed'],end,0,,,,,,,,,,,,,,,,,,,,OTHER,,period end,,,,,,,,,0,171,2.0,,0,66,0,47
10:00,10:00:00,66,47,19,1,4,REGULAR,72,I. KAMAGATE,1,substitution,534,,[],out,0,4,Ismael Sindou,Kamagate,Ismael Sindou,Kamagate,I,K,I,K,I. Kamagate,BESIKTAS GAIN,BJK,I. Kamagate,4,,,,,,SUB,out,BESIKTAS GAIN substitution out,,,,,,,,,0,171,2.0,,0,66,0,47
10:00,10:00:00,66,47,19,1,4,REGULAR,76,C. KUS,1,substitution,535,,[],out,0,12,Canberk,Kus,Canberk,Kus,C,K,C,K,C. Kus,BESIKTAS GAIN,BJK,C. Kus,12,,,,,,SUB,out,BESIKTAS GAIN substitution out,,,,,,,,,0,171,2.0,,0,66,0,47
10:00,10:00:00,66,47,19,1,4,REGULAR,67,A. BROWN,1,substitution,536,,[],out,0,21,Anthony Lejohn,Brown,Anthony Lejohn,Brown,A,B,A,B,A. Brown,BESIKTAS GAIN,BJK,A. Brown,21,,,,,,SUB,out,BESIKTAS GAIN substitution out,,,,,,,,,0,171,2.0,,0,66,0,47
10:00,10:00:00,66,47,19,1,4,REGULAR,74,Y. ARSLAN,1,substitution,537,,[],in,0,7,Yigit,Arslan,Yigit,Arslan,Y,A,Y,A,Y. Arslan,BESIKTAS GAIN,BJK,Y. Arslan,7,,,,,,SUB,in,BESIKTAS GAIN substitution in,,,,,,,,,0,171,2.0,,0,66,0,47
10:00,10:00:00,66,47,19,1,4,REGULAR,69,C. MORGAN,1,substitution,538,,[],in,0,9,Conor Seamus William,Morgan,Conor Seamus William,Morgan,C,M,C,M,C. Morgan,BESIKTAS GAIN,BJK,C. Morgan,9,,,,,,SUB,in,BESIKTAS GAIN substitution in,,,,,,,,,0,171,2.0,,0,66,0,47
10:00,10:00:00,66,47,19,1,4,REGULAR,68,V. BROWN,1,substitution,539,,[],in,0,33,Vittorio,Brown,Vittorio,Brown,V,B,V,B,V. Brown,BESIKTAS GAIN,BJK,V. Brown,33,,,,,,SUB,in,BESIKTAS GAIN substitution in,,,,,,,,,0,171,2.0,,0,66,0,47
10:00,10:00:00,66,47,19,2,4,REGULAR,4,Y. ONAR,1,substitution,540,,[],out,0,14,Yesukan,Onar,Yesukan,Onar,Y,O,Y,O,Y. Onar,BURSASPOR BASKETBOL,BUR,Y. Onar,14,,,,,,SUB,out,BURSASPOR BASKETBOL substitution out,,,,,,,,,0,171,2.0,,0,66,0,47
10:00,10:00:00,66,47,19,2,4,REGULAR,134,V. KING,1,substitution,541,,[],out,0,22,Vincent Earl,King,Vincent Earl,King,V,K,V,K,V. King,BURSASPOR BASKETBOL,BUR,V. King,22,,,,,,SUB,out,BURSASPOR BASKETBOL substitution out,,,,,,,,,0,171,2.0,,0,66,0,47
10:00,10:00:00,66,47,19,2,4,REGULAR,102,B. AKIN,1,substitution,542,,[],in,0,11,Berk Can,Akin,Berk Can,Akin,B,A,B,A,B. Akin,BURSASPOR BASKETBOL,BUR,B. Akin,11,,,,,,SUB,in,BURSASPOR BASKETBOL substitution in,,,,,,,,,0,171,2.0,,0,66,0,47
10:00,10:00:00,66,47,19,2,4,REGULAR,135,A. KONONTSUK,1,substitution,543,,[],in,0,34,Artur,Konontsuk,Artur,Konontsuk,A,K,A,K,A. Konontsuk,BURSASPOR BASKETBOL,BUR,A. Konontsuk,34,,,,,,SUB,in,BURSASPOR BASKETBOL substitution in,,,,,,,,,0,171,2.0,,0,66,0,47
10:00,10:00:00,66,47,19,0,4,REGULAR,0,,1,period,544,,[],start,0,,,,,,,,,,,,,,,,,,,,OTHER,,period start,,,,,,,,,0,171,2.0,,0,66,0,47
09:59,09:59:00,66,47,19,1,4,REGULAR,70,J. MATHEWS,0,2pt,546,,['pointsinthepaint'],layup,1,0,Jonah Kenneth,Mathews,Jonah Kenneth,Mathews,J,M,J,M,J. Mathews,BESIKTAS GAIN,BJK,J. Mathews,0,,,8.1099996566772,50.849998474121,0.0,P2,missed,BESIKTAS GAIN J. MATHEWS 2Pt missed,,,,,,,,,0,171,2.0,,0,66,0,47
09:56,09:56:00,66,47,19,1,4,REGULAR,74,Y. ARSLAN,1,rebound,547,546,[],offensive,0,7,Yigit,Arslan,Yigit,Arslan,Y,A,Y,A,Y. Arslan,BESIKTAS GAIN,BJK,Y. Arslan,7,,,,,,REB,,BESIKTAS GAIN rebound offensive,,,,,,,,,0,171,2.0,,0,66,0,47
09:56,09:56:00,66,47,19,1,4,REGULAR,74,Y. ARSLAN,0,2pt,548,,"['2ndchance', 'pointsinthepaint']",tipinlayup,1,7,Yigit,Arslan,Yigit,Arslan,Y,A,Y,A,Y. Arslan,BESIKTAS GAIN,BJK,Y. Arslan,7,,,6.0,50.0,0.0,P2,missed,BESIKTAS GAIN Y. ARSLAN 2Pt missed,,,,,,,,,0,171,2.0,def_reb,0,66,0,47
09:56,09:56:00,66,47,19,2,4,REGULAR,136,J. DELAURIER,1,rebound,549,548,[],defensive,0,12,Javin Que,Delaurier,Javin Que,Delaurier,J,D,J,D,J. Delaurier,BURSASPOR BASKETBOL,BUR,J. Delaurier,12,,,,,,REB,,BURSASPOR BASKETBOL rebound defensive,,,,,,,,,0,172,1.0,def_reb,0,66,0,47
09:55,09:55:00,66,50,16,2,4,REGULAR,129,B. CRAWFORD,1,3pt,550,,['fastbreak'],jumpshot,1,13,Bryant Dejuan,Crawford,Bryant Dejuan,Crawford,B,C,B,C,B. Crawford,BURSASPOR BASKETBOL,BUR,B. Crawford,13,,,77.540000915527,90.959999084473,1.0,P3,made,BURSASPOR BASKETBOL B. CRAWFORD 3Pt made,144.0,2.0,M. PARSONS,,,,,,3,173,2.0,score,0,66,3,50
09:55,09:55:00,66,50,16,2,4,REGULAR,144,M. PARSONS,1,assist,551,550,[],,0,5,Malik Disjohn,Parsons,Malik Disjohn,Parsons,M,P,M,P,M. Parsons,BURSASPOR BASKETBOL,BUR,M. Parsons,5,,,,,,ASS,,BURSASPOR BASKETBOL M. PARSONS assist,,,,,,,,,0,174,1.0,,0,66,0,50
09:32,09:32:00,66,50,16,1,4,REGULAR,68,V. BROWN,0,3pt,552,,[],jumpshot,1,33,Vittorio,Brown,Vittorio,Brown,V,B,V,B,V. Brown,BESIKTAS GAIN,BJK,V. Brown,33,,,12.789999961853,4.2399997711182,0.0,P3,missed,BESIKTAS GAIN V. BROWN 3Pt missed,,,,,,,,,0,174,1.0,def_reb,0,66,0,50
09:30,09:30:00,66,50,16,2,4,REGULAR,144,M. PARSONS,1,rebound,553,552,[],defensive,0,5,Malik Disjohn,Parsons,Malik Disjohn,Parsons,M,P,M,P,M. Parsons,BURSASPOR BASKETBOL,BUR,M. Parsons,5,,,,,,REB,,BURSASPOR BASKETBOL rebound defensive,,,,,,,,,0,175,2.0,def_reb,0,66,0,50
09:07,09:07:00,66,53,13,2,4,REGULAR,135,A. KONONTSUK,1,3pt,554,,[],jumpshot,1,34,Artur,Konontsuk,Artur,Konontsuk,A,K,A,K,A. Konontsuk,BURSASPOR BASKETBOL,BUR,A. Konontsuk,34,,,79.410003662109,7.9099998474121,1.0,P3,made,BURSASPOR BASKETBOL A. KONONTSUK 3Pt made,,,,,,,,,3,176,1.0,score,0,66,3,53
08:42,08:42:00,66,53,13,1,4,REGULAR,0,,1,timeout,558,,[],full,0,,,,,,,,,,,BESIKTAS GAIN,BJK,,,,,,,,TIMEOUT,,BESIKTAS GAIN timeout,,,,,,,,,0,177,2.0,,0,66,0,53
08:42,08:42:00,66,53,13,0,4,REGULAR,0,,1,timeout,559,,[],officials,0,,,,,,,,,,,,,,,,,,,,TIMEOUT,, timeout,,,,,,,,,0,177,2.0,,0,66,0,53
08:42,08:42:00,66,53,13,1,4,REGULAR,66,B. LEMAR,1,substitution,560,,[],out,0,11,Brynton Jevon,Lemar,Brynton Jevon,Lemar,B,L,B,L,B. Lemar,BESIKTAS GAIN,BJK,B. Lemar,11,,,,,,SUB,out,BESIKTAS GAIN substitution out,,,,,,,,,0,177,2.0,,0,66,0,53
08:42,08:42:00,66,53,13,1,4,REGULAR,71,D. DOTSON,1,substitution,561,,[],in,0,1,Devon Durrell,Dotson,Devon Durrell,Dotson,D,D,D,D,D. Dotson,BESIKTAS GAIN,BJK,D. Dotson,1,,,,,,SUB,in,BESIKTAS GAIN substitution in,,,,,,,,,0,177,2.0,,0,66,0,53
08:26,08:26:00,66,53,13,1,4,REGULAR,71,D. DOTSON,0,2pt,563,,[],jumpshot,1,1,Devon Durrell,Dotson,Devon Durrell,Dotson,D,D,D,D,D. Dotson,BESIKTAS GAIN,BJK,D. Dotson,1,,,24.64999961853,34.459999084473,0.0,P2,missed,BESIKTAS GAIN D. DOTSON 2Pt missed,,,,,,,,,0,177,2.0,def_reb,0,66,0,53
08:23,08:23:00,66,53,13,2,4,REGULAR,102,B. AKIN,1,rebound,564,563,[],defensive,0,11,Berk Can,Akin,Berk Can,Akin,B,A,B,A,B. Akin,BURSASPOR BASKETBOL,BUR,B. Akin,11,,,,,,REB,,BURSASPOR BASKETBOL rebound defensive,,,,,,,,,0,178,1.0,def_reb,0,66,0,53
08:13,08:13:00,66,53,13,1,4,REGULAR,71,D. DOTSON,1,foul,566,,[],personal,0,1,Devon Durrell,Dotson,Devon Durrell,Dotson,D,D,D,D,D. Dotson,BESIKTAS GAIN,BJK,D. Dotson,1,,,,,,FOUL,,BESIKTAS GAIN D. DOTSON foul personal,,,,,,,,,0,179,2.0,,0,66,0,53
08:13,08:13:00,66,53,13,2,4,REGULAR,144,M. PARSONS,1,foulon,567,566,[],,0,5,Malik Disjohn,Parsons,Malik Disjohn,Parsons,M,P,M,P,M. Parsons,BURSASPOR BASKETBOL,BUR,M. Parsons,5,,,,,,OTHER,,BURSASPOR BASKETBOL foulon,,,,,,,,,0,179,2.0,,0,66,0,53
08:02,08:02:00,66,53,13,2,4,REGULAR,135,A. KONONTSUK,1,turnover,569,,[],ballhandling,0,34,Artur,Konontsuk,Artur,Konontsuk,A,K,A,K,A. Konontsuk,BURSASPOR BASKETBOL,BUR,A. Konontsuk,34,,,,,,TO,,BURSASPOR BASKETBOL A. KONONTSUK turnover ballhandling,,,,,,,,,0,179,2.0,turnover,0,66,0,53
08:02,08:02:00,66,53,13,1,4,REGULAR,70,J. MATHEWS,1,steal,570,569,[],,0,0,Jonah Kenneth,Mathews,Jonah Kenneth,Mathews,J,M,J,M,J. Mathews,BESIKTAS GAIN,BJK,J. Mathews,0,,,,,,ST,,BESIKTAS GAIN J. MATHEWS steal,,,,,,,,,0,180,1.0,,0,66,0,53
07:54,07:54:00,66,53,13,1,4,REGULAR,74,Y. ARSLAN,0,3pt,571,,['fromturnover'],jumpshot,1,7,Yigit,Arslan,Yigit,Arslan,Y,A,Y,A,Y. Arslan,BESIKTAS GAIN,BJK,Y. Arslan,7,,,6.2399997711182,2.539999961853,0.0,P3,missed,BESIKTAS GAIN Y. ARSLAN 3Pt missed,,,,,,,,,0,180,1.0,def_reb,0,66,0,53
07:52,07:52:00,66,53,13,2,4,REGULAR,136,J. DELAURIER,1,rebound,572,571,[],defensive,0,12,Javin Que,Delaurier,Javin Que,Delaurier,J,D,J,D,J. Delaurier,BURSASPOR BASKETBOL,BUR,J. Delaurier,12,,,,,,REB,,BURSASPOR BASKETBOL rebound defensive,,,,,,,,,0,181,2.0,def_reb,0,66,0,53
07:48,07:48:00,66,55,11,2,4,REGULAR,102,B. AKIN,1,2pt,573,,"['pointsinthepaint', 'fastbreak']",dunk,1,11,Berk Can,Akin,Berk Can,Akin,B,A,B,A,B. Akin,BURSASPOR BASKETBOL,BUR,B. Akin,11,,,94.540000915527,49.439998626709,1.0,P2,made,BURSASPOR BASKETBOL B. AKIN 2Pt made,129.0,2.0,B. CRAWFORD,,,,,,2,182,1.0,score,0,66,2,55
07:48,07:48:00,66,55,11,2,4,REGULAR,129,B. CRAWFORD,1,assist,574,573,[],,0,13,Bryant Dejuan,Crawford,Bryant Dejuan,Crawford,B,C,B,C,B. Crawford,BURSASPOR BASKETBOL,BUR,B. Crawford,13,,,,,,ASS,,BURSASPOR BASKETBOL B. CRAWFORD assist,,,,,,,,,0,183,2.0,,0,66,0,55
07:32,07:32:00,66,55,11,1,4,REGULAR,71,D. DOTSON,1,turnover,575,,[],badpass,0,1,Devon Durrell,Dotson,Devon Durrell,Dotson,D,D,D,D,D. Dotson,BESIKTAS GAIN,BJK,D. Dotson,1,,,,,,TO,,BESIKTAS GAIN D. DOTSON turnover badpass,,,,,,,,,0,183,2.0,turnover,0,66,0,55
07:32,07:32:00,66,55,11,2,4,REGULAR,144,M. PARSONS,1,steal,576,575,[],,0,5,Malik Disjohn,Parsons,Malik Disjohn,Parsons,M,P,M,P,M. Parsons,BURSASPOR BASKETBOL,BUR,M. Parsons,5,,,,,,ST,,BURSASPOR BASKETBOL M. PARSONS steal,,,,,,,,,0,184,1.0,,0,66,0,55
07:25,07:25:00,66,55,11,2,4,REGULAR,102,B. AKIN,0,3pt,577,,['fromturnover'],jumpshot,1,11,Berk Can,Akin,Berk Can,Akin,B,A,B,A,B. Akin,BURSASPOR BASKETBOL,BUR,B. Akin,11,,,80.190002441406,9.8900003433228,0.0,P3,missed,BURSASPOR BASKETBOL B. AKIN 3Pt missed,,,,,,,,,0,184,1.0,def_reb,0,66,0,55
07:23,07:23:00,66,55,11,1,4,REGULAR,68,V. BROWN,1,rebound,578,577,[],defensive,0,33,Vittorio,Brown,Vittorio,Brown,V,B,V,B,V. Brown,BESIKTAS GAIN,BJK,V. Brown,33,,,,,,REB,,BESIKTAS GAIN rebound defensive,,,,,,,,,0,185,2.0,def_reb,0,66,0,55
07:06,07:06:00,66,55,11,2,4,REGULAR,136,J. DELAURIER,1,foul,580,,[],personal,0,12,Javin Que,Delaurier,Javin Que,Delaurier,J,D,J,D,J. Delaurier,BURSASPOR BASKETBOL,BUR,J. Delaurier,12,,,,,,FOUL,,BURSASPOR BASKETBOL J. DELAURIER foul personal,,,,,,,,,0,186,1.0,,0,66,0,55
07:06,07:06:00,66,55,11,1,4,REGULAR,70,J. MATHEWS,1,foulon,581,580,[],,0,0,Jonah Kenneth,Mathews,Jonah Kenneth,Mathews,J,M,J,M,J. Mathews,BESIKTAS GAIN,BJK,J. Mathews,0,,,,,,OTHER,,BESIKTAS GAIN foulon,,,,,,,,,0,186,1.0,,0,66,0,55
06:59,06:59:00,68,55,13,1,4,REGULAR,71,D. DOTSON,1,2pt,584,,['pointsinthepaint'],drivinglayup,1,1,Devon Durrell,Dotson,Devon Durrell,Dotson,D,D,D,D,D. Dotson,BESIKTAS GAIN,BJK,D. Dotson,1,,,3.4300000667572,52.819999694824,1.0,P2,made,BESIKTAS GAIN D. DOTSON 2Pt made,,,,,,,,,2,186,1.0,score,2,68,0,55
06:59,06:59:00,68,55,13,2,4,REGULAR,136,J. DELAURIER,1,foul,585,,"['shooting', '1freethrow']",personal,0,12,Javin Que,Delaurier,Javin Que,Delaurier,J,D,J,D,J. Delaurier,BURSASPOR BASKETBOL,BUR,J. Delaurier,12,,,,,,FOUL,,BURSASPOR BASKETBOL J. DELAURIER foul personal,,,,,,,,,0,187,2.0,,0,68,0,55
06:59,06:59:00,68,55,13,1,4,REGULAR,71,D. DOTSON,1,foulon,586,585,[],,0,1,Devon Durrell,Dotson,Devon Durrell,Dotson,D,D,D,D,D. Dotson,BESIKTAS GAIN,BJK,D. Dotson,1,,,,,,OTHER,,BESIKTAS GAIN foulon,,,,,,,,,0,187,2.0,,0,68,0,55
06:59,06:59:00,69,55,14,1,4,REGULAR,71,D. DOTSON,1,freethrow,587,,[],1of1,1,1,Devon Durrell,Dotson,Devon Durrell,Dotson,D,D,D,D,D. Dotson,BESIKTAS GAIN,BJK,D. Dotson,1,,,,,,FT,made,BESIKTAS GAIN D. DOTSON FT 1of1 made,,,,,,,,,1,187,2.0,made_ft_last,1,69,0,55
06:43,06:43:00,69,55,14,2,4,REGULAR,135,A. KONONTSUK,0,2pt,589,,['pointsinthepaint'],layup,1,34,Artur,Konontsuk,Artur,Konontsuk,A,K,A,K,A. Konontsuk,BURSASPOR BASKETBOL,BUR,A. Konontsuk,34,,,92.819999694824,55.930000305176,0.0,P2,missed,BURSASPOR BASKETBOL A. KONONTSUK 2Pt missed,,,,,,,,,0,188,1.0,def_reb,0,69,0,55
06:41,06:41:00,69,55,14,1,4,REGULAR,69,C. MORGAN,1,rebound,590,589,[],defensive,0,9,Conor Seamus William,Morgan,Conor Seamus William,Morgan,C,M,C,M,C. Morgan,BESIKTAS GAIN,BJK,C. Morgan,9,,,,,,REB,,BESIKTAS GAIN rebound defensive,,,,,,,,,0,189,2.0,def_reb,0,69,0,55
06:36,06:36:00,69,55,14,1,4,REGULAR,74,Y. ARSLAN,0,2pt,592,,"['pointsinthepaint', 'blocked']",layup,1,7,Yigit,Arslan,Yigit,Arslan,Y,A,Y,A,Y. Arslan,BESIKTAS GAIN,BJK,Y. Arslan,7,,,5.3000001907349,53.110000610352,0.0,P2,missed,BESIKTAS GAIN Y. ARSLAN 2Pt missed,,,,102.0,2.0,B. AKIN,,,0,190,1.0,,0,69,0,55
06:36,06:36:00,69,55,14,2,4,REGULAR,102,B. AKIN,1,block,593,592,[],,0,11,Berk Can,Akin,Berk Can,Akin,B,A,B,A,B. Akin,BURSASPOR BASKETBOL,BUR,B. Akin,11,,,,,,BS,,BURSASPOR BASKETBOL B. AKIN block,,,,,,,,,0,190,1.0,,0,69,0,55
06:36,06:36:00,69,55,14,2,4,REGULAR,0,,1,rebound,594,592,['team'],defensive,0,,,,,,,,,,,BURSASPOR BASKETBOL,BUR,,,,,,,,TREB,,BURSASPOR BASKETBOL team rebound defensive,,,,,,,,,0,190,1.0,def_reb,0,69,0,55
06:22,06:22:00,69,57,12,2,4,REGULAR,129,B. CRAWFORD,1,2pt,596,,[],jumpshot,1,13,Bryant Dejuan,Crawford,Bryant Dejuan,Crawford,B,C,B,C,B. Crawford,BURSASPOR BASKETBOL,BUR,B. Crawford,13,,,74.26000213623,36.159999847412,1.0,P2,made,BURSASPOR BASKETBOL B. CRAWFORD 2Pt made,,,,,,,,,2,191,2.0,score,0,69,2,57
05:59,05:59:00,69,57,12,2,4,REGULAR,144,M. PARSONS,1,foul,598,,[],personal,0,5,Malik Disjohn,Parsons,Malik Disjohn,Parsons,M,P,M,P,M. Parsons,BURSASPOR BASKETBOL,BUR,M. Parsons,5,,,,,,FOUL,,BURSASPOR BASKETBOL M. PARSONS foul personal,,,,,,,,,0,192,1.0,,0,69,0,57
05:59,05:59:00,69,57,12,1,4,REGULAR,68,V. BROWN,1,foulon,599,598,[],,0,33,Vittorio,Brown,Vittorio,Brown,V,B,V,B,V. Brown,BESIKTAS GAIN,BJK,V. Brown,33,,,,,,OTHER,,BESIKTAS GAIN foulon,,,,,,,,,0,192,1.0,,0,69,0,57
05:59,05:59:00,69,57,12,1,4,REGULAR,68,V. BROWN,1,substitution,600,,[],out,0,33,Vittorio,Brown,Vittorio,Brown,V,B,V,B,V. Brown,BESIKTAS GAIN,BJK,V. Brown,33,,,,,,SUB,out,BESIKTAS GAIN substitution out,,,,,,,,,0,192,1.0,,0,69,0,57
05:59,05:59:00,69,57,12,1,4,REGULAR,72,I. KAMAGATE,1,substitution,601,,[],in,0,4,Ismael Sindou,Kamagate,Ismael Sindou,Kamagate,I,K,I,K,I. Kamagate,BESIKTAS GAIN,BJK,I. Kamagate,4,,,,,,SUB,in,BESIKTAS GAIN substitution in,,,,,,,,,0,192,1.0,,0,69,0,57
05:56,05:56:00,71,57,14,1,4,REGULAR,71,D. DOTSON,1,2pt,603,,['pointsinthepaint'],reverselayup,1,1,Devon Durrell,Dotson,Devon Durrell,Dotson,D,D,D,D,D. Dotson,BESIKTAS GAIN,BJK,D. Dotson,1,,,5.6199998855591,55.650001525879,1.0,P2,made,BESIKTAS GAIN D. DOTSON 2Pt made,74.0,1.0,Y. ARSLAN,,,,,,2,192,1.0,score,2,71,0,57
05:56,05:56:00,71,57,14,1,4,REGULAR,74,Y. ARSLAN,1,assist,604,603,[],,0,7,Yigit,Arslan,Yigit,Arslan,Y,A,Y,A,Y. Arslan,BESIKTAS GAIN,BJK,Y. Arslan,7,,,,,,ASS,,BESIKTAS GAIN Y. ARSLAN assist,,,,,,,,,0,193,2.0,,0,71,0,57
05:44,05:44:00,71,59,12,2,4,REGULAR,102,B. AKIN,1,2pt,605,,['pointsinthepaint'],drivinglayup,1,11,Berk Can,Akin,Berk Can,Akin,B,A,B,A,B. Akin,BURSASPOR BASKETBOL,BUR,B. Akin,11,,,91.889999389648,50.560001373291,1.0,P2,made,BURSASPOR BASKETBOL B. AKIN 2Pt made,129.0,2.0,B. CRAWFORD,,,,,,2,193,2.0,score,0,71,2,59
05:44,05:44:00,71,59,12,2,4,REGULAR,129,B. CRAWFORD,1,assist,606,605,[],,0,13,Bryant Dejuan,Crawford,Bryant Dejuan,Crawford,B,C,B,C,B. Crawford,BURSASPOR BASKETBOL,BUR,B. Crawford,13,,,,,,ASS,,BURSASPOR BASKETBOL B. CRAWFORD assist,,,,,,,,,0,194,1.0,,0,71,0,59
05:27,05:27:00,71,59,12,2,4,REGULAR,135,A. KONONTSUK,1,foul,608,,[],personal,0,34,Artur,Konontsuk,Artur,Konontsuk,A,K,A,K,A. Konontsuk,BURSASPOR BASKETBOL,BUR,A. Konontsuk,34,,,,,,FOUL,,BURSASPOR BASKETBOL A. KONONTSUK foul personal,,,,,,,,,0,194,1.0,,0,71,0,59
05:27,05:27:00,71,59,12,1,4,REGULAR,70,J. MATHEWS,1,foulon,609,608,[],,0,0,Jonah Kenneth,Mathews,Jonah Kenneth,Mathews,J,M,J,M,J. Mathews,BESIKTAS GAIN,BJK,J. Mathews,0,,,,,,OTHER,,BESIKTAS GAIN foulon,,,,,,,,,0,194,1.0,,0,71,0,59
05:27,05:27:00,71,59,12,2,4,REGULAR,135,A. KONONTSUK,1,substitution,610,,[],out,0,34,Artur,Konontsuk,Artur,Konontsuk,A,K,A,K,A. Konontsuk,BURSASPOR BASKETBOL,BUR,A. Konontsuk,34,,,,,,SUB,out,BURSASPOR BASKETBOL substitution out,,,,,,,,,0,194,1.0,,0,71,0,59
05:27,05:27:00,71,59,12,2,4,REGULAR,134,V. KING,1,substitution,611,,[],in,0,22,Vincent Earl,King,Vincent Earl,King,V,K,V,K,V. King,BURSASPOR BASKETBOL,BUR,V. King,22,,,,,,SUB,in,BURSASPOR BASKETBOL substitution in,,,,,,,,,0,194,1.0,,0,71,0,59
05:14,05:14:00,71,59,12,1,4,REGULAR,70,J. MATHEWS,0,2pt,613,,"['pointsinthepaint', 'blocked']",layup,1,0,Jonah Kenneth,Mathews,Jonah Kenneth,Mathews,J,M,J,M,J. Mathews,BESIKTAS GAIN,BJK,J. Mathews,0,,,3.5899999141693,52.540000915527,0.0,P2,missed,BESIKTAS GAIN J. MATHEWS 2Pt missed,,,,136.0,2.0,J. DELAURIER,,,0,194,1.0,,0,71,0,59
05:14,05:14:00,71,59,12,2,4,REGULAR,136,J. DELAURIER,1,block,614,613,[],,0,12,Javin Que,Delaurier,Javin Que,Delaurier,J,D,J,D,J. Delaurier,BURSASPOR BASKETBOL,BUR,J. Delaurier,12,,,,,,BS,,BURSASPOR BASKETBOL J. DELAURIER block,,,,,,,,,0,194,1.0,,0,71,0,59
05:05,05:05:00,71,59,12,1,4,REGULAR,70,J. MATHEWS,1,rebound,615,613,[],offensive,0,0,Jonah Kenneth,Mathews,Jonah Kenneth,Mathews,J,M,J,M,J. Mathews,BESIKTAS GAIN,BJK,J. Mathews,0,,,,,,REB,,BESIKTAS GAIN rebound offensive,,,,,,,,,0,194,1.0,,0,71,0,59
05:05,05:05:00,71,59,12,1,4,REGULAR,70,J. MATHEWS,0,2pt,616,,"['2ndchance', 'pointsinthepaint', 'blocked']",tipinlayup,1,0,Jonah Kenneth,Mathews,Jonah Kenneth,Mathews,J,M,J,M,J. Mathews,BESIKTAS GAIN,BJK,J. Mathews,0,,,6.0,50.0,0.0,P2,missed,BESIKTAS GAIN J. MATHEWS 2Pt missed,,,,129.0,2.0,B. CRAWFORD,,,0,194,1.0,,0,71,0,59
05:05,05:05:00,71,59,12,2,4,REGULAR,129,B. CRAWFORD,1,block,617,616,[],,0,13,Bryant Dejuan,Crawford,Bryant Dejuan,Crawford,B,C,B,C,B. Crawford,BURSASPOR BASKETBOL,BUR,B. Crawford,13,,,,,,BS,,BURSASPOR BASKETBOL B. CRAWFORD block,,,,,,,,,0,194,1.0,,0,71,0,59
05:02,05:02:00,71,59,12,2,4,REGULAR,102,B. AKIN,1,rebound,618,616,[],defensive,0,11,Berk Can,Akin,Berk Can,Akin,B,A,B,A,B. Akin,BURSASPOR BASKETBOL,BUR,B. Akin,11,,,,,,REB,,BURSASPOR BASKETBOL rebound defensive,,,,,,,,,0,194,1.0,def_reb,0,71,0,59
05:01,05:01:00,71,61,10,2,4,REGULAR,144,M. PARSONS,1,2pt,619,,"['pointsinthepaint', 'fastbreak']",layup,1,5,Malik Disjohn,Parsons,Malik Disjohn,Parsons,M,P,M,P,M. Parsons,BURSASPOR BASKETBOL,BUR,M. Parsons,5,,,91.419998168945,54.520000457764,1.0,P2,made,BURSASPOR BASKETBOL M. PARSONS 2Pt made,129.0,2.0,B. CRAWFORD,,,,,,2,195,2.0,score,0,71,2,61
04:50,04:50:00,71,61,10,2,4,REGULAR,102,B. AKIN,1,foul,621,,"['shooting', '2freethrow']",personal,0,11,Berk Can,Akin,Berk Can,Akin,B,A,B,A,B. Akin,BURSASPOR BASKETBOL,BUR,B. Akin,11,,,,,,FOUL,,BURSASPOR BASKETBOL B. AKIN foul personal,,,,,,,,,0,196,1.0,,0,71,0,61
04:50,04:50:00,71,61,10,1,4,REGULAR,72,I. KAMAGATE,1,foulon,622,621,[],,0,4,Ismael Sindou,Kamagate,Ismael Sindou,Kamagate,I,K,I,K,I. Kamagate,BESIKTAS GAIN,BJK,I. Kamagate,4,,,,,,OTHER,,BESIKTAS GAIN foulon,,,,,,,,,0,196,1.0,,0,71,0,61
04:50,04:50:00,71,61,10,2,4,REGULAR,144,M. PARSONS,1,substitution,623,,[],out,0,5,Malik Disjohn,Parsons,Malik Disjohn,Parsons,M,P,M,P,M. Parsons,BURSASPOR BASKETBOL,BUR,M. Parsons,5,,,,,,SUB,out,BURSASPOR BASKETBOL substitution out,,,,,,,,,0,196,1.0,,0,71,0,61
04:50,04:50:00,71,61,10,2,4,REGULAR,133,B. CHILDRESS,1,substitution,624,,[],in,0,0,Brandon Reginald,Childress,Brandon Reginald,Childress,B,C,B,C,B. Childress,BURSASPOR BASKETBOL,BUR,B. Childress,0,,,,,,SUB,in,BURSASPOR BASKETBOL substitution in,,,,,,,,,0,196,1.0,,0,71,0,61
04:50,04:50:00,72,61,11,1,4,REGULAR,72,I. KAMAGATE,1,freethrow,625,,[],1of2,1,4,Ismael Sindou,Kamagate,Ismael Sindou,Kamagate,I,K,I,K,I. Kamagate,BESIKTAS GAIN,BJK,I. Kamagate,4,,,,,,FT,made,BESIKTAS GAIN I. KAMAGATE FT 1of2 made,,,,,,,,,1,196,1.0,made_ft,1,72,0,61
04:50,04:50:00,72,61,11,1,4,REGULAR,70,J. MATHEWS,1,assist,626,625,[],,0,0,Jonah Kenneth,Mathews,Jonah Kenneth,Mathews,J,M,J,M,J. Mathews,BESIKTAS GAIN,BJK,J. Mathews,0,,,,,,ASS,,BESIKTAS GAIN J. MATHEWS assist,,,,,,,,,0,197,2.0,,0,72,0,61
04:50,04:50:00,73,61,12,1,4,REGULAR,72,I. KAMAGATE,1,freethrow,627,,[],2of2,1,4,Ismael Sindou,Kamagate,Ismael Sindou,Kamagate,I,K,I,K,I. Kamagate,BESIKTAS GAIN,BJK,I. Kamagate,4,,,,,,FT,made,BESIKTAS GAIN I. KAMAGATE FT 2of2 made,,,,,,,,,1,197,2.0,made_ft_last,1,73,0,61
04:38,04:38:00,73,61,12,2,4,REGULAR,129,B. CRAWFORD,1,foul,630,,[],offensive,0,13,Bryant Dejuan,Crawford,Bryant Dejuan,Crawford,B,C,B,C,B. Crawford,BURSASPOR BASKETBOL,BUR,B. Crawford,13,,,,,,RFOUL,,BURSASPOR BASKETBOL B. CRAWFORD foul offensive,,,,,,,,,0,198,1.0,offensive_foul,0,73,0,61
04:38,04:38:00,73,61,12,2,4,REGULAR,129,B. CRAWFORD,1,turnover,631,630,[],offensive,0,13,Bryant Dejuan,Crawford,Bryant Dejuan,Crawford,B,C,B,C,B. Crawford,BURSASPOR BASKETBOL,BUR,B. Crawford,13,,,,,,TO,,BURSASPOR BASKETBOL B. CRAWFORD turnover offensive,,,,,,,,,0,199,2.0,turnover,0,73,0,61
04:38,04:38:00,73,61,12,1,4,REGULAR,70,J. MATHEWS,1,foulon,632,630,[],,0,0,Jonah Kenneth,Mathews,Jonah Kenneth,Mathews,J,M,J,M,J. Mathews,BESIKTAS GAIN,BJK,J. Mathews,0,,,,,,OTHER,,BESIKTAS GAIN foulon,,,,,,,,,0,200,1.0,,0,73,0,61
05:01,05:01:00,71,61,10,2,4,REGULAR,129,B. CRAWFORD,1,assist,633,619,[],,0,13,Bryant Dejuan,Crawford,Bryant Dejuan,Crawford,B,C,B,C,B. Crawford,BURSASPOR BASKETBOL,BUR,B. Crawford,13,,,,,,ASS,,BURSASPOR BASKETBOL B. CRAWFORD assist,,,,,,,,,0,200,1.0,,0,73,0,61
04:19,04:19:00,73,61,12,2,4,REGULAR,136,J. DELAURIER,1,foul,636,,['2freethrow'],personal,0,12,Javin Que,Delaurier,Javin Que,Delaurier,J,D,J,D,J. Delaurier,BURSASPOR BASKETBOL,BUR,J. Delaurier,12,,,,,,FOUL,,BURSASPOR BASKETBOL J. DELAURIER foul personal,,,,,,,,,0,200,1.0,,0,73,0,61
04:19,04:19:00,73,61,12,1,4,REGULAR,72,I. KAMAGATE,1,foulon,637,636,[],,0,4,Ismael Sindou,Kamagate,Ismael Sindou,Kamagate,I,K,I,K,I. Kamagate,BESIKTAS GAIN,BJK,I. Kamagate,4,,,,,,OTHER,,BESIKTAS GAIN foulon,,,,,,,,,0,200,1.0,,0,73,0,61
04:19,04:19:00,73,61,12,2,4,REGULAR,136,J. DELAURIER,1,substitution,638,,[],out,0,12,Javin Que,Delaurier,Javin Que,Delaurier,J,D,J,D,J. Delaurier,BURSASPOR BASKETBOL,BUR,J. Delaurier,12,,,,,,SUB,out,BURSASPOR BASKETBOL substitution out,,,,,,,,,0,200,1.0,,0,73,0,61
04:19,04:19:00,73,61,12,2,4,REGULAR,127,L. NNOKO,1,substitution,639,,[],in,0,35,Landry,Nnoko,Landry,Nnoko,L,N,L,N,L. Nnoko,BURSASPOR BASKETBOL,BUR,L. Nnoko,35,,,,,,SUB,in,BURSASPOR BASKETBOL substitution in,,,,,,,,,0,200,1.0,,0,73,0,61
04:19,04:19:00,73,61,12,2,4,REGULAR,129,B. CRAWFORD,1,substitution,640,,[],out,0,13,Bryant Dejuan,Crawford,Bryant Dejuan,Crawford,B,C,B,C,B. Crawford,BURSASPOR BASKETBOL,BUR,B. Crawford,13,,,,,,SUB,out,BURSASPOR BASKETBOL substitution out,,,,,,,,,0,200,1.0,,0,73,0,61
04:19,04:19:00,73,61,12,2,4,REGULAR,144,M. PARSONS,1,substitution,641,,[],in,0,5,Malik Disjohn,Parsons,Malik Disjohn,Parsons,M,P,M,P,M. Parsons,BURSASPOR BASKETBOL,BUR,M. Parsons,5,,,,,,SUB,in,BURSASPOR BASKETBOL substitution in,,,,,,,,,0,200,1.0,,0,73,0,61
04:19,04:19:00,74,61,13,1,4,REGULAR,72,I. KAMAGATE,1,freethrow,642,,['fromturnover'],1of2,1,4,Ismael Sindou,Kamagate,Ismael Sindou,Kamagate,I,K,I,K,I. Kamagate,BESIKTAS GAIN,BJK,I. Kamagate,4,,,,,,FT,made,BESIKTAS GAIN I. KAMAGATE FT 1of2 made,,,,,,,,,1,200,1.0,made_ft,1,74,0,61
04:19,04:19:00,74,61,13,1,4,REGULAR,72,I. KAMAGATE,0,freethrow,643,,['fromturnover'],2of2,1,4,Ismael Sindou,Kamagate,Ismael Sindou,Kamagate,I,K,I,K,I. Kamagate,BESIKTAS GAIN,BJK,I. Kamagate,4,,,,,,FT,missed,BESIKTAS GAIN I. KAMAGATE FT 2of2 missed,,,,,,,,,0,201,2.0,def_reb,0,74,0,61
04:19,04:19:00,74,61,13,2,4,REGULAR,102,B. AKIN,1,rebound,645,643,[],defensive,0,11,Berk Can,Akin,Berk Can,Akin,B,A,B,A,B. Akin,BURSASPOR BASKETBOL,BUR,B. Akin,11,,,,,,REB,,BURSASPOR BASKETBOL rebound defensive,,,,,,,,,0,202,1.0,def_reb,0,74,0,61
03:54,03:54:00,74,61,13,2,4,REGULAR,133,B. CHILDRESS,0,3pt,646,,[],jumpshot,1,0,Brandon Reginald,Childress,Brandon Reginald,Childress,B,C,B,C,B. Childress,BURSASPOR BASKETBOL,BUR,B. Childress,0,,,74.099998474121,83.620002746582,0.0,P3,missed,BURSASPOR BASKETBOL B. CHILDRESS 3Pt missed,,,,,,,,,0,203,2.0,def_reb,0,74,0,61
03:52,03:52:00,74,61,13,1,4,REGULAR,70,J. MATHEWS,1,rebound,647,646,[],defensive,0,0,Jonah Kenneth,Mathews,Jonah Kenneth,Mathews,J,M,J,M,J. Mathews,BESIKTAS GAIN,BJK,J. Mathews,0,,,,,,REB,,BESIKTAS GAIN rebound defensive,,,,,,,,,0,204,1.0,def_reb,0,74,0,61
03:43,03:43:00,74,61,13,2,4,REGULAR,102,B. AKIN,1,foul,649,,"['shooting', '2freethrow']",personal,0,11,Berk Can,Akin,Berk Can,Akin,B,A,B,A,B. Akin,BURSASPOR BASKETBOL,BUR,B. Akin,11,,,,,,FOUL,,BURSASPOR BASKETBOL B. AKIN foul personal,,,,,,,,,0,205,2.0,,0,74,0,61
03:43,03:43:00,74,61,13,1,4,REGULAR,71,D. DOTSON,1,foulon,650,649,[],,0,1,Devon Durrell,Dotson,Devon Durrell,Dotson,D,D,D,D,D. Dotson,BESIKTAS GAIN,BJK,D. Dotson,1,,,,,,OTHER,,BESIKTAS GAIN foulon,,,,,,,,,0,205,2.0,,0,74,0,61
03:43,03:43:00,75,61,14,1,4,REGULAR,71,D. DOTSON,1,freethrow,651,,[],1of2,1,1,Devon Durrell,Dotson,Devon Durrell,Dotson,D,D,D,D,D. Dotson,BESIKTAS GAIN,BJK,D. Dotson,1,,,,,,FT,made,BESIKTAS GAIN D. DOTSON FT 1of2 made,,,,,,,,,1,205,2.0,made_ft,1,75,0,61
03:43,03:43:00,75,61,14,1,4,REGULAR,69,C. MORGAN,1,assist,652,651,[],,0,9,Conor Seamus William,Morgan,Conor Seamus William,Morgan,C,M,C,M,C. Morgan,BESIKTAS GAIN,BJK,C. Morgan,9,,,,,,ASS,,BESIKTAS GAIN C. MORGAN assist,,,,,,,,,0,206,1.0,,0,75,0,61
03:43,03:43:00,76,61,15,1,4,REGULAR,71,D. DOTSON,1,freethrow,653,,[],2of2,1,1,Devon Durrell,Dotson,Devon Durrell,Dotson,D,D,D,D,D. Dotson,BESIKTAS GAIN,BJK,D. Dotson,1,,,,,,FT,made,BESIKTAS GAIN D. DOTSON FT 2of2 made,,,,,,,,,1,206,1.0,made_ft_last,1,76,0,61
03:43,03:43:00,76,61,15,2,4,REGULAR,0,,1,timeout,654,,[],full,0,,,,,,,,,,,BURSASPOR BASKETBOL,BUR,,,,,,,,TIMEOUT,,BURSASPOR BASKETBOL timeout,,,,,,,,,0,207,2.0,,0,76,0,61
03:25,03:25:00,76,63,13,2,4,REGULAR,133,B. CHILDRESS,1,2pt,656,,['pointsinthepaint'],drivinglayup,1,0,Brandon Reginald,Childress,Brandon Reginald,Childress,B,C,B,C,B. Childress,BURSASPOR BASKETBOL,BUR,B. Childress,0,,,95.160003662109,55.650001525879,1.0,P2,made,BURSASPOR BASKETBOL B. CHILDRESS 2Pt made,,,,,,,,,2,207,2.0,score,0,76,2,63
03:07,03:07:00,76,63,13,1,4,REGULAR,74,Y. ARSLAN,0,2pt,657,,[],jumpshot,1,7,Yigit,Arslan,Yigit,Arslan,Y,A,Y,A,Y. Arslan,BESIKTAS GAIN,BJK,Y. Arslan,7,,,19.190000534058,70.059997558594,0.0,P2,missed,BESIKTAS GAIN Y. ARSLAN 2Pt missed,,,,,,,,,0,208,1.0,,0,76,0,63
03:04,03:04:00,76,63,13,1,4,REGULAR,72,I. KAMAGATE,1,rebound,658,657,[],offensive,0,4,Ismael Sindou,Kamagate,Ismael Sindou,Kamagate,I,K,I,K,I. Kamagate,BESIKTAS GAIN,BJK,I. Kamagate,4,,,,,,REB,,BESIKTAS GAIN rebound offensive,,,,,,,,,0,208,1.0,,0,76,0,63
03:04,03:04:00,78,63,15,1,4,REGULAR,72,I. KAMAGATE,1,2pt,659,,"['2ndchance', 'pointsinthepaint']",tipinlayup,1,4,Ismael Sindou,Kamagate,Ismael Sindou,Kamagate,I,K,I,K,I. Kamagate,BESIKTAS GAIN,BJK,I. Kamagate,4,,,6.0,50.0,1.0,P2,made,BESIKTAS GAIN I. KAMAGATE 2Pt made,,,,,,,,,2,208,1.0,score,2,78,0,63
02:51,02:51:00,78,63,15,1,4,REGULAR,69,C. MORGAN,1,foul,663,,"['shooting', '2freethrow']",personal,0,9,Conor Seamus William,Morgan,Conor Seamus William,Morgan,C,M,C,M,C. Morgan,BESIKTAS GAIN,BJK,C. Morgan,9,,,,,,FOUL,,BESIKTAS GAIN C. MORGAN foul personal,,,,,,,,,0,209,2.0,,0,78,0,63
02:51,02:51:00,78,63,15,2,4,REGULAR,134,V. KING,1,foulon,664,663,[],,0,22,Vincent Earl,King,Vincent Earl,King,V,K,V,K,V. King,BURSASPOR BASKETBOL,BUR,V. King,22,,,,,,OTHER,,BURSASPOR BASKETBOL foulon,,,,,,,,,0,209,2.0,,0,78,0,63
02:51,02:51:00,78,64,14,2,4,REGULAR,134,V. KING,1,freethrow,665,,[],1of2,1,22,Vincent Earl,King,Vincent Earl,King,V,K,V,K,V. King,BURSASPOR BASKETBOL,BUR,V. King,22,,,,,,FT,made,BURSASPOR BASKETBOL V. KING FT 1of2 made,,,,,,,,,1,209,2.0,made_ft,0,78,1,64
02:51,02:51:00,78,64,14,2,4,REGULAR,134,V. KING,0,freethrow,666,,[],2of2,1,22,Vincent Earl,King,Vincent Earl,King,V,K,V,K,V. King,BURSASPOR BASKETBOL,BUR,V. King,22,,,,,,FT,missed,BURSASPOR BASKETBOL V. KING FT 2of2 missed,,,,,,,,,0,210,1.0,def_reb,0,78,0,64
02:51,02:51:00,78,64,14,1,4,REGULAR,74,Y. ARSLAN,1,rebound,668,666,[],defensive,0,7,Yigit,Arslan,Yigit,Arslan,Y,A,Y,A,Y. Arslan,BESIKTAS GAIN,BJK,Y. Arslan,7,,,,,,REB,,BESIKTAS GAIN rebound defensive,,,,,,,,,0,211,2.0,def_reb,0,78,0,64
02:36,02:36:00,78,64,14,2,4,REGULAR,144,M. PARSONS,1,foul,670,,['2freethrow'],personal,0,5,Malik Disjohn,Parsons,Malik Disjohn,Parsons,M,P,M,P,M. Parsons,BURSASPOR BASKETBOL,BUR,M. Parsons,5,,,,,,FOUL,,BURSASPOR BASKETBOL M. PARSONS foul personal,,,,,,,,,0,212,1.0,,0,78,0,64
02:36,02:36:00,78,64,14,1,4,REGULAR,69,C. MORGAN,1,foulon,671,670,[],,0,9,Conor Seamus William,Morgan,Conor Seamus William,Morgan,C,M,C,M,C. Morgan,BESIKTAS GAIN,BJK,C. Morgan,9,,,,,,OTHER,,BESIKTAS GAIN foulon,,,,,,,,,0,212,1.0,,0,78,0,64
02:36,02:36:00,79,64,15,1,4,REGULAR,69,C. MORGAN,1,freethrow,672,,[],1of2,1,9,Conor Seamus William,Morgan,Conor Seamus William,Morgan,C,M,C,M,C. Morgan,BESIKTAS GAIN,BJK,C. Morgan,9,,,,,,FT,made,BESIKTAS GAIN C. MORGAN FT 1of2 made,,,,,,,,,1,212,1.0,made_ft,1,79,0,64
02:36,02:36:00,80,64,16,1,4,REGULAR,69,C. MORGAN,1,freethrow,673,,[],2of2,1,9,Conor Seamus William,Morgan,Conor Seamus William,Morgan,C,M,C,M,C. Morgan,BESIKTAS GAIN,BJK,C. Morgan,9,,,,,,FT,made,BESIKTAS GAIN C. MORGAN FT 2of2 made,,,,,,,,,1,213,2.0,made_ft_last,1,80,0,64
02:19,02:19:00,80,64,16,2,4,REGULAR,134,V. KING,1,turnover,675,,[],badpass,0,22,Vincent Earl,King,Vincent Earl,King,V,K,V,K,V. King,BURSASPOR BASKETBOL,BUR,V. King,22,,,,,,TO,,BURSASPOR BASKETBOL V. KING turnover badpass,,,,,,,,,0,214,1.0,turnover,0,80,0,64
02:19,02:19:00,80,64,16,1,4,REGULAR,69,C. MORGAN,1,steal,676,675,[],,0,9,Conor Seamus William,Morgan,Conor Seamus William,Morgan,C,M,C,M,C. Morgan,BESIKTAS GAIN,BJK,C. Morgan,9,,,,,,ST,,BESIKTAS GAIN C. MORGAN steal,,,,,,,,,0,215,2.0,,0,80,0,64
02:01,02:01:00,82,64,18,1,4,REGULAR,69,C. MORGAN,1,2pt,678,,"['fromturnover', 'pointsinthepaint']",layup,1,9,Conor Seamus William,Morgan,Conor Seamus William,Morgan,C,M,C,M,C. Morgan,BESIKTAS GAIN,BJK,C. Morgan,9,,,9.1999998092651,53.110000610352,1.0,P2,made,BESIKTAS GAIN C. MORGAN 2Pt made,71.0,1.0,D. DOTSON,,,,,,2,215,2.0,score,2,82,0,64
02:01,02:01:00,82,64,18,1,4,REGULAR,71,D. DOTSON,1,assist,679,678,[],,0,1,Devon Durrell,Dotson,Devon Durrell,Dotson,D,D,D,D,D. Dotson,BESIKTAS GAIN,BJK,D. Dotson,1,,,,,,ASS,,BESIKTAS GAIN D. DOTSON assist,,,,,,,,,0,216,1.0,,0,82,0,64
02:01,02:01:00,82,64,18,2,4,REGULAR,102,B. AKIN,1,foul,680,,"['shooting', '1freethrow']",personal,0,11,Berk Can,Akin,Berk Can,Akin,B,A,B,A,B. Akin,BURSASPOR BASKETBOL,BUR,B. Akin,11,,,,,,FOUL,,BURSASPOR BASKETBOL B. AKIN foul personal,,,,,,,,,0,216,1.0,,0,82,0,64
02:01,02:01:00,82,64,18,1,4,REGULAR,69,C. MORGAN,1,foulon,681,680,[],,0,9,Conor Seamus William,Morgan,Conor Seamus William,Morgan,C,M,C,M,C. Morgan,BESIKTAS GAIN,BJK,C. Morgan,9,,,,,,OTHER,,BESIKTAS GAIN foulon,,,,,,,,,0,216,1.0,,0,82,0,64
02:01,02:01:00,82,64,18,2,4,REGULAR,102,B. AKIN,1,substitution,682,,[],out,0,11,Berk Can,Akin,Berk Can,Akin,B,A,B,A,B. Akin,BURSASPOR BASKETBOL,BUR,B. Akin,11,,,,,,SUB,out,BURSASPOR BASKETBOL substitution out,,,,,,,,,0,216,1.0,,0,82,0,64
02:01,02:01:00,82,64,18,2,4,REGULAR,4,Y. ONAR,1,substitution,683,,[],in,0,14,Yesukan,Onar,Yesukan,Onar,Y,O,Y,O,Y. Onar,BURSASPOR BASKETBOL,BUR,Y. Onar,14,,,,,,SUB,in,BURSASPOR BASKETBOL substitution in,,,,,,,,,0,216,1.0,,0,82,0,64
02:01,02:01:00,82,64,18,2,4,REGULAR,134,V. KING,1,substitution,684,,[],out,0,22,Vincent Earl,King,Vincent Earl,King,V,K,V,K,V. King,BURSASPOR BASKETBOL,BUR,V. King,22,,,,,,SUB,out,BURSASPOR BASKETBOL substitution out,,,,,,,,,0,216,1.0,,0,82,0,64
02:01,02:01:00,82,64,18,2,4,REGULAR,129,B. CRAWFORD,1,substitution,685,,[],in,0,13,Bryant Dejuan,Crawford,Bryant Dejuan,Crawford,B,C,B,C,B. Crawford,BURSASPOR BASKETBOL,BUR,B. Crawford,13,,,,,,SUB,in,BURSASPOR BASKETBOL substitution in,,,,,,,,,0,216,1.0,,0,82,0,64
02:01,02:01:00,83,64,19,1,4,REGULAR,69,C. MORGAN,1,freethrow,686,,['fromturnover'],1of1,1,9,Conor Seamus William,Morgan,Conor Seamus William,Morgan,C,M,C,M,C. Morgan,BESIKTAS GAIN,BJK,C. Morgan,9,,,,,,FT,made,BESIKTAS GAIN C. MORGAN FT 1of1 made,,,,,,,,,1,216,1.0,made_ft_last,1,83,0,64
02:01,02:01:00,83,64,19,2,4,REGULAR,0,,1,timeout,687,,[],full,0,,,,,,,,,,,BURSASPOR BASKETBOL,BUR,,,,,,,,TIMEOUT,,BURSASPOR BASKETBOL timeout,,,,,,,,,0,217,2.0,,0,83,0,64
02:01,02:01:00,83,64,19,1,4,REGULAR,70,J. MATHEWS,1,substitution,688,,[],out,0,0,Jonah Kenneth,Mathews,Jonah Kenneth,Mathews,J,M,J,M,J. Mathews,BESIKTAS GAIN,BJK,J. Mathews,0,,,,,,SUB,out,BESIKTAS GAIN substitution out,,,,,,,,,0,217,2.0,,0,83,0,64
02:01,02:01:00,83,64,19,1,4,REGULAR,74,Y. ARSLAN,1,substitution,689,,[],out,0,7,Yigit,Arslan,Yigit,Arslan,Y,A,Y,A,Y. Arslan,BESIKTAS GAIN,BJK,Y. Arslan,7,,,,,,SUB,out,BESIKTAS GAIN substitution out,,,,,,,,,0,217,2.0,,0,83,0,64
02:01,02:01:00,83,64,19,1,4,REGULAR,69,C. MORGAN,1,substitution,690,,[],out,0,9,Conor Seamus William,Morgan,Conor Seamus William,Morgan,C,M,C,M,C. Morgan,BESIKTAS GAIN,BJK,C. Morgan,9,,,,,,SUB,out,BESIKTAS GAIN substitution out,,,,,,,,,0,217,2.0,,0,83,0,64
02:01,02:01:00,83,64,19,1,4,REGULAR,66,B. LEMAR,1,substitution,691,,[],in,0,11,Brynton Jevon,Lemar,Brynton Jevon,Lemar,B,L,B,L,B. Lemar,BESIKTAS GAIN,BJK,B. Lemar,11,,,,,,SUB,in,BESIKTAS GAIN substitution in,,,,,,,,,0,217,2.0,,0,83,0,64
02:01,02:01:00,83,64,19,1,4,REGULAR,76,C. KUS,1,substitution,692,,[],in,0,12,Canberk,Kus,Canberk,Kus,C,K,C,K,C. Kus,BESIKTAS GAIN,BJK,C. Kus,12,,,,,,SUB,in,BESIKTAS GAIN substitution in,,,,,,,,,0,217,2.0,,0,83,0,64
02:01,02:01:00,83,64,19,1,4,REGULAR,1,E. ADIGÜZEL,1,substitution,693,,[],in,0,19,Emir,Adigüzel,Emir,Adigüzel,E,A,E,A,E. Adigüzel,BESIKTAS GAIN,BJK,E. Adigüzel,19,,,,,,SUB,in,BESIKTAS GAIN substitution in,,,,,,,,,0,217,2.0,,0,83,0,64
01:59,01:59:00,83,64,19,1,4,REGULAR,1,E. ADIGÜZEL,1,foul,696,,[],personal,0,19,Emir,Adigüzel,Emir,Adigüzel,E,A,E,A,E. Adigüzel,BESIKTAS GAIN,BJK,E. Adigüzel,19,,,,,,FOUL,,BESIKTAS GAIN E. ADIGÜZEL foul personal,,,,,,,,,0,217,2.0,,0,83,0,64
01:59,01:59:00,83,64,19,2,4,REGULAR,133,B. CHILDRESS,1,foulon,697,696,[],,0,0,Brandon Reginald,Childress,Brandon Reginald,Childress,B,C,B,C,B. Childress,BURSASPOR BASKETBOL,BUR,B. Childress,0,,,,,,OTHER,,BURSASPOR BASKETBOL foulon,,,,,,,,,0,217,2.0,,0,83,0,64
01:54,01:54:00,83,64,19,2,4,REGULAR,133,B. CHILDRESS,0,2pt,699,,[],jumpshot,1,0,Brandon Reginald,Childress,Brandon Reginald,Childress,B,C,B,C,B. Childress,BURSASPOR BASKETBOL,BUR,B. Childress,0,,,82.220001220703,78.25,0.0,P2,missed,BURSASPOR BASKETBOL B. CHILDRESS 2Pt missed,,,,,,,,,0,217,2.0,def_reb,0,83,0,64
01:51,01:51:00,83,64,19,1,4,REGULAR,72,I. KAMAGATE,1,rebound,700,699,[],defensive,0,4,Ismael Sindou,Kamagate,Ismael Sindou,Kamagate,I,K,I,K,I. Kamagate,BESIKTAS GAIN,BJK,I. Kamagate,4,,,,,,REB,,BESIKTAS GAIN rebound defensive,,,,,,,,,0,218,1.0,def_reb,0,83,0,64
01:26,01:26:00,83,64,19,2,4,REGULAR,129,B. CRAWFORD,1,foul,702,,['2freethrow'],personal,0,13,Bryant Dejuan,Crawford,Bryant Dejuan,Crawford,B,C,B,C,B. Crawford,BURSASPOR BASKETBOL,BUR,B. Crawford,13,,,,,,FOUL,,BURSASPOR BASKETBOL B. CRAWFORD foul personal,,,,,,,,,0,219,2.0,,0,83,0,64
01:26,01:26:00,83,64,19,1,4,REGULAR,72,I. KAMAGATE,1,foulon,703,702,[],,0,4,Ismael Sindou,Kamagate,Ismael Sindou,Kamagate,I,K,I,K,I. Kamagate,BESIKTAS GAIN,BJK,I. Kamagate,4,,,,,,OTHER,,BESIKTAS GAIN foulon,,,,,,,,,0,219,2.0,,0,83,0,64
01:26,01:26:00,84,64,20,1,4,REGULAR,72,I. KAMAGATE,1,freethrow,704,,[],1of2,1,4,Ismael Sindou,Kamagate,Ismael Sindou,Kamagate,I,K,I,K,I. Kamagate,BESIKTAS GAIN,BJK,I. Kamagate,4,,,,,,FT,made,BESIKTAS GAIN I. KAMAGATE FT 1of2 made,,,,,,,,,1,219,2.0,made_ft,1,84,0,64
01:26,01:26:00,85,64,21,1,4,REGULAR,72,I. KAMAGATE,1,freethrow,705,,[],2of2,1,4,Ismael Sindou,Kamagate,Ismael Sindou,Kamagate,I,K,I,K,I. Kamagate,BESIKTAS GAIN,BJK,I. Kamagate,4,,,,,,FT,made,BESIKTAS GAIN I. KAMAGATE FT 2of2 made,,,,,,,,,1,220,1.0,made_ft_last,1,85,0,64
01:26,01:26:00,85,64,21,1,4,REGULAR,72,I. KAMAGATE,1,substitution,706,,[],out,0,4,Ismael Sindou,Kamagate,Ismael Sindou,Kamagate,I,K,I,K,I. Kamagate,BESIKTAS GAIN,BJK,I. Kamagate,4,,,,,,SUB,out,BESIKTAS GAIN substitution out,,,,,,,,,0,221,2.0,,0,85,0,64
01:26,01:26:00,85,64,21,1,4,REGULAR,3,Y. ÇOBAN,1,substitution,707,,[],in,0,15,Yigit,Çoban,Yigit,Çoban,Y,Ç,Y,Ç,Y. Çoban,BESIKTAS GAIN,BJK,Y. Çoban,15,,,,,,SUB,in,BESIKTAS GAIN substitution in,,,,,,,,,0,221,2.0,,0,85,0,64
01:10,01:10:00,85,64,21,1,4,REGULAR,71,D. DOTSON,1,foul,710,,[],personal,0,1,Devon Durrell,Dotson,Devon Durrell,Dotson,D,D,D,D,D. Dotson,BESIKTAS GAIN,BJK,D. Dotson,1,,,,,,FOUL,,BESIKTAS GAIN D. DOTSON foul personal,,,,,,,,,0,221,2.0,,0,85,0,64
01:10,01:10:00,85,64,21,2,4,REGULAR,127,L. NNOKO,1,foulon,711,710,[],,0,35,Landry,Nnoko,Landry,Nnoko,L,N,L,N,L. Nnoko,BURSASPOR BASKETBOL,BUR,L. Nnoko,35,,,,,,OTHER,,BURSASPOR BASKETBOL foulon,,,,,,,,,0,221,2.0,,0,85,0,64
01:10,01:10:00,85,64,21,1,4,REGULAR,71,D. DOTSON,1,substitution,712,,[],out,0,1,Devon Durrell,Dotson,Devon Durrell,Dotson,D,D,D,D,D. Dotson,BESIKTAS GAIN,BJK,D. Dotson,1,,,,,,SUB,out,BESIKTAS GAIN substitution out,,,,,,,,,0,221,2.0,,0,85,0,64
01:10,01:10:00,85,64,21,1,4,REGULAR,77,A. ÖZBEK,1,substitution,713,,[],in,0,13,Ahmet Ata,Özbek,Ahmet Ata,Özbek,A,Ö,A,Ö,A. Özbek,BESIKTAS GAIN,BJK,A. Özbek,13,,,,,,SUB,in,BESIKTAS GAIN substitution in,,,,,,,,,0,221,2.0,,0,85,0,64
01:10,01:10:00,85,64,21,2,4,REGULAR,127,L. NNOKO,1,substitution,714,,[],out,0,35,Landry,Nnoko,Landry,Nnoko,L,N,L,N,L. Nnoko,BURSASPOR BASKETBOL,BUR,L. Nnoko,35,,,,,,SUB,out,BURSASPOR BASKETBOL substitution out,,,,,,,,,0,221,2.0,,0,85,0,64
01:10,01:10:00,85,64,21,2,4,REGULAR,135,A. KONONTSUK,1,substitution,715,,[],in,0,34,Artur,Konontsuk,Artur,Konontsuk,A,K,A,K,A. Konontsuk,BURSASPOR BASKETBOL,BUR,A. Konontsuk,34,,,,,,SUB,in,BURSASPOR BASKETBOL substitution in,,,,,,,,,0,221,2.0,,0,85,0,64
01:06,01:06:00,85,64,21,1,4,REGULAR,77,A. ÖZBEK,1,foul,718,,"['shooting', '3freethrow']",personal,0,13,Ahmet Ata,Özbek,Ahmet Ata,Özbek,A,Ö,A,Ö,A. Özbek,BESIKTAS GAIN,BJK,A. Özbek,13,,,,,,FOUL,,BESIKTAS GAIN A. ÖZBEK foul personal,,,,,,,,,0,221,2.0,,0,85,0,64
01:06,01:06:00,85,64,21,2,4,REGULAR,129,B. CRAWFORD,1,foulon,719,718,[],,0,13,Bryant Dejuan,Crawford,Bryant Dejuan,Crawford,B,C,B,C,B. Crawford,BURSASPOR BASKETBOL,BUR,B. Crawford,13,,,,,,OTHER,,BURSASPOR BASKETBOL foulon,,,,,,,,,0,221,2.0,,0,85,0,64
01:06,01:06:00,85,64,21,2,4,REGULAR,129,B. CRAWFORD,0,freethrow,720,,[],1of3,1,13,Bryant Dejuan,Crawford,Bryant Dejuan,Crawford,B,C,B,C,B. Crawford,BURSASPOR BASKETBOL,BUR,B. Crawford,13,,,,,,FT,missed,BURSASPOR BASKETBOL B. CRAWFORD FT 1of3 missed,,,,,,,,,0,221,2.0,def_reb,0,85,0,64
01:06,01:06:00,85,64,21,2,4,REGULAR,0,,1,rebound,721,720,[],offensivedeadball,0,,,,,,,,,,,BURSASPOR BASKETBOL,BUR,,,,,,,,TREB,,BURSASPOR BASKETBOL team rebound offensivedeadball,,,,,,,,,0,222,1.0,def_reb,0,85,0,64
01:06,01:06:00,85,64,21,2,4,REGULAR,129,B. CRAWFORD,0,freethrow,722,,[],2of3,1,13,Bryant Dejuan,Crawford,Bryant Dejuan,Crawford,B,C,B,C,B. Crawford,BURSASPOR BASKETBOL,BUR,B. Crawford,13,,,,,,FT,missed,BURSASPOR BASKETBOL B. CRAWFORD FT 2of3 missed,,,,,,,,,0,223,2.0,def_reb,0,85,0,64
01:06,01:06:00,85,64,21,2,4,REGULAR,0,,1,rebound,723,722,[],offensivedeadball,0,,,,,,,,,,,BURSASPOR BASKETBOL,BUR,,,,,,,,TREB,,BURSASPOR BASKETBOL team rebound offensivedeadball,,,,,,,,,0,224,1.0,def_reb,0,85,0,64
01:06,01:06:00,85,65,20,2,4,REGULAR,129,B. CRAWFORD,1,freethrow,724,,[],3of3,1,13,Bryant Dejuan,Crawford,Bryant Dejuan,Crawford,B,C,B,C,B. Crawford,BURSASPOR BASKETBOL,BUR,B. Crawford,13,,,,,,FT,made,BURSASPOR BASKETBOL B. CRAWFORD FT 3of3 made,,,,,,,,,1,225,2.0,made_ft_last,0,85,1,65
01:06,01:06:00,85,65,20,2,4,REGULAR,144,M. PARSONS,1,assist,725,724,[],,0,5,Malik Disjohn,Parsons,Malik Disjohn,Parsons,M,P,M,P,M. Parsons,BURSASPOR BASKETBOL,BUR,M. Parsons,5,,,,,,ASS,,BURSASPOR BASKETBOL M. PARSONS assist,,,,,,,,,0,226,1.0,,0,85,0,65
01:06,01:06:00,85,65,20,2,4,REGULAR,133,B. CHILDRESS,1,substitution,726,,[],out,0,0,Brandon Reginald,Childress,Brandon Reginald,Childress,B,C,B,C,B. Childress,BURSASPOR BASKETBOL,BUR,B. Childress,0,,,,,,SUB,out,BURSASPOR BASKETBOL substitution out,,,,,,,,,0,226,1.0,,0,85,0,65
01:06,01:06:00,85,65,20,2,4,REGULAR,126,B. SATIR,1,substitution,727,,[],in,0,10,Bora,Satir,Bora,Satir,B,S,B,S,B. Satir,BURSASPOR BASKETBOL,BUR,B. Satir,10,,,,,,SUB,in,BURSASPOR BASKETBOL substitution in,,,,,,,,,0,226,1.0,,0,85,0,65
00:52,00:52:60,85,65,20,1,4,REGULAR,66,B. LEMAR,1,turnover,729,,[],badpass,0,11,Brynton Jevon,Lemar,Brynton Jevon,Lemar,B,L,B,L,B. Lemar,BESIKTAS GAIN,BJK,B. Lemar,11,,,,,,TO,,BESIKTAS GAIN B. LEMAR turnover badpass,,,,,,,,,0,226,1.0,turnover,0,85,0,65
00:52,00:52:60,85,65,20,2,4,REGULAR,4,Y. ONAR,1,steal,730,729,[],,0,14,Yesukan,Onar,Yesukan,Onar,Y,O,Y,O,Y. Onar,BURSASPOR BASKETBOL,BUR,Y. Onar,14,,,,,,ST,,BURSASPOR BASKETBOL Y. ONAR steal,,,,,,,,,0,227,2.0,,0,85,0,65
00:43,00:43:10,85,65,20,2,4,REGULAR,135,A. KONONTSUK,0,3pt,731,,['fromturnover'],jumpshot,1,34,Artur,Konontsuk,Artur,Konontsuk,A,K,A,K,A. Konontsuk,BURSASPOR BASKETBOL,BUR,A. Konontsuk,34,,,71.290000915527,78.809997558594,0.0,P3,missed,BURSASPOR BASKETBOL A. KONONTSUK 3Pt missed,,,,,,,,,0,227,2.0,def_reb,0,85,0,65
00:39,00:39:40,85,65,20,1,4,REGULAR,76,C. KUS,1,rebound,732,731,[],defensive,0,12,Canberk,Kus,Canberk,Kus,C,K,C,K,C. Kus,BESIKTAS GAIN,BJK,C. Kus,12,,,,,,REB,,BESIKTAS GAIN rebound defensive,,,,,,,,,0,228,1.0,def_reb,0,85,0,65
00:37,00:37:90,85,65,20,1,4,REGULAR,76,C. KUS,1,turnover,735,,[],badpass,0,12,Canberk,Kus,Canberk,Kus,C,K,C,K,C. Kus,BESIKTAS GAIN,BJK,C. Kus,12,,,,,,TO,,BESIKTAS GAIN C. KUS turnover badpass,,,,,,,,,0,229,2.0,turnover,0,85,0,65
00:34,00:34:60,85,67,18,2,4,REGULAR,144,M. PARSONS,1,2pt,737,,"['fromturnover', 'pointsinthepaint']",layup,1,5,Malik Disjohn,Parsons,Malik Disjohn,Parsons,M,P,M,P,M. Parsons,BURSASPOR BASKETBOL,BUR,M. Parsons,5,,,93.139999389648,54.799999237061,1.0,P2,made,BURSASPOR BASKETBOL M. PARSONS 2Pt made,,,,,,,,,2,230,1.0,score,0,85,2,67
00:20,00:20:80,88,67,21,1,4,REGULAR,76,C. KUS,1,3pt,738,,[],jumpshot,1,12,Canberk,Kus,Canberk,Kus,C,K,C,K,C. Kus,BESIKTAS GAIN,BJK,C. Kus,12,,,19.809999465942,92.940002441406,1.0,P3,made,BESIKTAS GAIN C. KUS 3Pt made,1.0,1.0,E. ADIGÜZEL,,,,,,3,231,2.0,score,3,88,0,67
00:20,00:20:80,88,67,21,1,4,REGULAR,1,E. ADIGÜZEL,1,assist,740,738,[],,0,19,Emir,Adigüzel,Emir,Adigüzel,E,A,E,A,E. Adigüzel,BESIKTAS GAIN,BJK,E. Adigüzel,19,,,,,,ASS,,BESIKTAS GAIN E. ADIGÜZEL assist,,,,,,,,,0,232,1.0,,0,88,0,67
00:02,00:02:50,88,69,19,2,4,REGULAR,129,B. CRAWFORD,1,2pt,744,,['pointsinthepaint'],floatingjumpshot,1,13,Bryant Dejuan,Crawford,Bryant Dejuan,Crawford,B,C,B,C,B. Crawford,BURSASPOR BASKETBOL,BUR,B. Crawford,13,,,94.540000915527,57.060001373291,1.0,P2,made,BURSASPOR BASKETBOL B. CRAWFORD 2Pt made,,,,,,,,,2,232,1.0,score,0,88,2,69
00:02,00:02:50,88,69,19,1,4,REGULAR,3,Y. ÇOBAN,1,foul,745,,"['shooting', '1freethrow']",personal,0,15,Yigit,Çoban,Yigit,Çoban,Y,Ç,Y,Ç,Y. Çoban,BESIKTAS GAIN,BJK,Y. Çoban,15,,,,,,FOUL,,BESIKTAS GAIN Y. ÇOBAN foul personal,,,,,,,,,0,233,2.0,,0,88,0,69
00:02,00:02:50,88,69,19,2,4,REGULAR,129,B. CRAWFORD,1,foulon,747,745,[],,0,13,Bryant Dejuan,Crawford,Bryant Dejuan,Crawford,B,C,B,C,B. Crawford,BURSASPOR BASKETBOL,BUR,B. Crawford,13,,,,,,OTHER,,BURSASPOR BASKETBOL foulon,,,,,,,,,0,233,2.0,,0,88,0,69
00:02,00:02:50,88,70,18,2,4,REGULAR,129,B. CRAWFORD,1,freethrow,748,,[],1of1,1,13,Bryant Dejuan,Crawford,Bryant Dejuan,Crawford,B,C,B,C,B. Crawford,BURSASPOR BASKETBOL,BUR,B. Crawford,13,,,,,,FT,made,BURSASPOR BASKETBOL B. CRAWFORD FT 1of1 made,,,,,,,,,1,233,2.0,made_ft_last,0,88,1,70
00:01,00:01:50,88,70,18,1,4,REGULAR,1,E. ADIGÜZEL,0,3pt,750,,[],jumpshot,1,19,Emir,Adigüzel,Emir,Adigüzel,E,A,E,A,E. Adigüzel,BESIKTAS GAIN,BJK,E. Adigüzel,19,,,51.639999389648,32.200000762939,0.0,P3,missed,BESIKTAS GAIN E. ADIGÜZEL 3Pt missed,,,,,,,,,0,234,1.0,,0,88,0,70
00:00,00:00:00,88,70,18,0,4,REGULAR,0,,1,period,752,,['confirmed'],end,0,,,,,,,,,,,,,,,,,,,,OTHER,,period end,,,,,,,,,0,234,1.0,,0,88,0,70
00:00,00:00:00,88,70,18,0,4,REGULAR,0,,1,game,753,,['confirmed'],end,0,,,,,,,,,,,,,,,,,,,,OTHER,,game end,,,,,,,,,0,234,1.0,,0,88,0,70
