gt,clock,s1,s2,lead,tno,period,periodType,pno,player,success,actionType,actionNumber,previousAction,qualifier,subType,scoring,shirtNumber,firstName,familyName,internationalFirstName,internationalFamilyName,firstNameInitial,familyNameInitial,internationalFirstNameInitial,internationalFamilyNameInitial,scoreboardName,team_name,team_code,player_name_from_roster,player_shirt,player_pos_raw,player_pos_group,x,y,r,ev_code,ev_result,ev_text,assist_pno,assist_tno,assist_player,block_pno,block_tno,block_player,assist_pos_group,block_pos_group,points,possession_id,possession_owner_tno,possession_end_reason,pts_1,cum_1,pts_2,cum_2
10:00,10:00:00,0,0,0,0,1,REGULAR,0,,1,game,1,,[],start,0,,,,,,,,,,,,,,,,,,,,OTHER,,game start,,,,,,,,,0,0,,,0,0,0,0
10:00,10:00:00,0,0,0,0,1,REGULAR,0,,1,period,2,,[],start,0,,,,,,,,,,,,,,,,,,,,OTHER,,period start,,,,,,,,,0,0,,,0,0,0,0
10:00,10:00:00,0,0,0,0,1,REGULAR,0,,1,jumpball,4,,[],startperiod,0,,,,,,,,,,,,,,,,,,,,JUMP,,jump ball,,,,,,,,,0,0,,,0,0,0,0
09:59,09:59:00,0,0,0,1,1,REGULAR,99,A. BACOT JR,1,jumpball,5,4,[],won,0,00,Armando Linwood,Bacot Jr,Armando Linwood,Bacot Jr,A,B,A,B,A. Bacot Jr,FENERBAHÇE BEKO,FBB,A. Bacot Jr,00,,,,,,JUMP,,jump ball,,,,,,,,,0,0,,,0,0,0,0
09:59,09:59:00,0,0,0,2,1,REGULAR,64,M. SAJUS,1,jumpball,6,4,[],lost,0,19,Martynas,Sajus,Martynas,Sajus,M,S,M,S,M. Sajus,ALIAGA PETKIM SPOR,PTK,M. Sajus,19,,,,,,JUMP,,jump ball,,,,,,,,,0,0,,,0,0,0,0
09:47,09:47:00,0,0,0,1,1,REGULAR,99,A. BACOT JR,0,2pt,8,,"['pointsinthepaint', 'blocked']",jumpshot,1,00,Armando Linwood,Bacot Jr,Armando Linwood,Bacot Jr,A,B,A,B,A. Bacot Jr,FENERBAHÇE BEKO,FBB,A. Bacot Jr,00,,,7.3600001335144,48.139999389648,0.0,P2,missed,FENERBAHÇE BEKO A. BACOT JR 2Pt missed,,,,64.0,2.0,M. SAJUS,,,0,1,1.0,,0,0,0,0
09:47,09:47:00,0,0,0,2,1,REGULAR,64,M. SAJUS,1,block,9,8,[],,0,19,Martynas,Sajus,Martynas,Sajus,M,S,M,S,M. Sajus,ALIAGA PETKIM SPOR,PTK,M. Sajus,19,,,,,,BS,,ALIAGA PETKIM SPOR M. SAJUS block,,,,,,,,,0,1,1.0,,0,0,0,0
09:47,09:47:00,0,0,0,1,1,REGULAR,99,A. BACOT JR,1,rebound,10,8,[],offensive,0,00,Armando Linwood,Bacot Jr,Armando Linwood,Bacot Jr,A,B,A,B,A. Bacot Jr,FENERBAHÇE BEKO,FBB,A. Bacot Jr,00,,,,,,REB,,FENERBAHÇE BEKO rebound offensive,,,,,,,,,0,1,1.0,,0,0,0,0
09:47,09:47:00,0,0,0,1,1,REGULAR,99,A. BACOT JR,1,turnover,11,,[],travel,0,00,Armando Linwood,Bacot Jr,Armando Linwood,Bacot Jr,A,B,A,B,A. Bacot Jr,FENERBAHÇE BEKO,FBB,A. Bacot Jr,00,,,,,,TO,,FENERBAHÇE BEKO A. BACOT JR turnover travel,,,,,,,,,0,1,1.0,turnover,0,0,0,0
09:47,09:47:00,0,0,0,1,1,REGULAR,99,A. BACOT JR,1,substitution,12,,[],out,0,00,Armando Linwood,Bacot Jr,Armando Linwood,Bacot Jr,A,B,A,B,A. Bacot Jr,FENERBAHÇE BEKO,FBB,A. Bacot Jr,00,,,,,,SUB,out,FENERBAHÇE BEKO substitution out,,,,,,,,,0,2,2.0,,0,0,0,0
09:47,09:47:00,0,0,0,1,1,REGULAR,92,N. MELLI,1,substitution,13,,[],in,0,4,Nicolo,Melli,Nicolo,Melli,N,M,N,M,N. Melli,FENERBAHÇE BEKO,FBB,N. Melli,4,,,,,,SUB,in,FENERBAHÇE BEKO substitution in,,,,,,,,,0,2,2.0,,0,0,0,0
09:27,09:27:00,0,0,0,2,1,REGULAR,68,Y. FRANKE,0,3pt,15,,['fromturnover'],jumpshot,1,5,Yannick Ayrton,Franke,Yannick Ayrton,Franke,Y,F,Y,F,Y. Franke,ALIAGA PETKIM SPOR,PTK,Y. Franke,5,,,78.970001220703,4.9200000762939,0.0,P3,missed,ALIAGA PETKIM SPOR Y. FRANKE 3Pt missed,,,,,,,,,0,2,2.0,def_reb,0,0,0,0
09:24,09:24:00,0,0,0,1,1,REGULAR,95,D. HALL,1,rebound,16,15,[],defensive,0,20,Devon Howard,Hall,Devon Howard,Hall,D,H,D,H,D. Hall,FENERBAHÇE BEKO,FBB,D. Hall,20,,,,,,REB,,FENERBAHÇE BEKO rebound defensive,,,,,,,,,0,3,1.0,def_reb,0,0,0,0
09:13,09:13:00,0,0,0,1,1,REGULAR,96,T. TUCKER,0,2pt,17,,['pointsinthepaint'],floatingjumpshot,1,8,Talen Jalee,Tucker,Talen Jalee,Tucker,T,T,T,T,T. Tucker,FENERBAHÇE BEKO,FBB,T. Tucker,8,,,17.35000038147,37.400001525879,0.0,P2,missed,FENERBAHÇE BEKO T. TUCKER 2Pt missed,,,,,,,,,0,4,2.0,def_reb,0,0,0,0
09:10,09:10:00,0,0,0,2,1,REGULAR,42,Y. SONSIRMA,1,rebound,18,17,[],defensive,0,9,Yunus Emre,Sonsirma,Yunus Emre,Sonsirma,Y,S,Y,S,Y. Sonsirma,ALIAGA PETKIM SPOR,PTK,Y. Sonsirma,9,,,,,,REB,,ALIAGA PETKIM SPOR rebound defensive,,,,,,,,,0,5,1.0,def_reb,0,0,0,0
08:49,08:49:00,0,0,0,2,1,REGULAR,67,D. EFIANAYI,0,2pt,19,,[],jumpshot,1,4,David,Efianayi,David,Efianayi,D,E,D,E,D. Efianayi,ALIAGA PETKIM SPOR,PTK,D. Efianayi,4,,,92.540000915527,78.360000610352,0.0,P2,missed,ALIAGA PETKIM SPOR D. EFIANAYI 2Pt missed,,,,,,,,,0,6,2.0,def_reb,0,0,0,0
08:46,08:46:00,0,0,0,1,1,REGULAR,92,N. MELLI,1,rebound,20,19,[],defensive,0,4,Nicolo,Melli,Nicolo,Melli,N,M,N,M,N. Melli,FENERBAHÇE BEKO,FBB,N. Melli,4,,,,,,REB,,FENERBAHÇE BEKO rebound defensive,,,,,,,,,0,7,1.0,def_reb,0,0,0,0
08:37,08:37:00,3,0,3,1,1,REGULAR,92,N. MELLI,1,3pt,21,,[],jumpshot,1,4,Nicolo,Melli,Nicolo,Melli,N,M,N,M,N. Melli,FENERBAHÇE BEKO,FBB,N. Melli,4,,,29.979999542236,17.340000152588,1.0,P3,made,FENERBAHÇE BEKO N. MELLI 3Pt made,79.0,1.0,T. BIBEROVIÇ,,,,,,3,8,2.0,score,3,3,0,0
08:37,08:37:00,3,0,3,1,1,REGULAR,79,T. BIBEROVIÇ,1,assist,22,21,[],,0,13,Tarik,Biberoviç,Tarik,Biberoviç,T,B,T,B,T. Biberoviç,FENERBAHÇE BEKO,FBB,T. Biberoviç,13,,,,,,ASS,,FENERBAHÇE BEKO T. BIBEROVIÇ assist,,,,,,,,,0,9,1.0,,0,3,0,0
08:14,08:14:00,3,2,1,2,1,REGULAR,64,M. SAJUS,1,2pt,23,,['pointsinthepaint'],floatingjumpshot,1,19,Martynas,Sajus,Martynas,Sajus,M,S,M,S,M. Sajus,ALIAGA PETKIM SPOR,PTK,M. Sajus,19,,,81.930000305176,39.939998626709,1.0,P2,made,ALIAGA PETKIM SPOR M. SAJUS 2Pt made,67.0,2.0,D. EFIANAYI,,,,,,2,9,1.0,score,0,3,2,2
08:14,08:14:00,3,2,1,2,1,REGULAR,67,D. EFIANAYI,1,assist,24,23,[],,0,4,David,Efianayi,David,Efianayi,D,E,D,E,D. Efianayi,ALIAGA PETKIM SPOR,PTK,D. Efianayi,4,,,,,,ASS,,ALIAGA PETKIM SPOR D. EFIANAYI assist,,,,,,,,,0,10,2.0,,0,3,0,2
08:06,08:06:00,5,2,3,1,1,REGULAR,96,T. TUCKER,1,2pt,25,,"['pointsinthepaint', 'fastbreak']",drivinglayup,1,8,Talen Jalee,Tucker,Talen Jalee,Tucker,T,T,T,T,T. Tucker,FENERBAHÇE BEKO,FBB,T. Tucker,8,,,5.8000001907349,53.790000915527,1.0,P2,made,FENERBAHÇE BEKO T. TUCKER 2Pt made,,,,,,,,,2,10,2.0,score,2,5,0,2
07:48,07:48:00,5,4,1,2,1,REGULAR,68,Y. FRANKE,1,2pt,26,,[],jumpshot,1,5,Yannick Ayrton,Franke,Yannick Ayrton,Franke,Y,F,Y,F,Y. Franke,ALIAGA PETKIM SPOR,PTK,Y. Franke,5,,,78.660003662109,72.709999084473,1.0,P2,made,ALIAGA PETKIM SPOR Y. FRANKE 2Pt made,,,,,,,,,2,11,1.0,score,0,5,2,4
07:40,07:40:00,7,4,3,1,1,REGULAR,96,T. TUCKER,1,2pt,27,,"['pointsinthepaint', 'fastbreak']",reverselayup,1,8,Talen Jalee,Tucker,Talen Jalee,Tucker,T,T,T,T,T. Tucker,FENERBAHÇE BEKO,FBB,T. Tucker,8,,,5.1799998283386,58.310001373291,1.0,P2,made,FENERBAHÇE BEKO T. TUCKER 2Pt made,,,,,,,,,2,12,2.0,score,2,7,0,4
07:24,07:24:00,7,7,0,2,1,REGULAR,42,Y. SONSIRMA,1,3pt,28,,[],jumpshot,1,9,Yunus Emre,Sonsirma,Yunus Emre,Sonsirma,Y,S,Y,S,Y. Sonsirma,ALIAGA PETKIM SPOR,PTK,Y. Sonsirma,9,,,67.580001831055,21.579999923706,1.0,P3,made,ALIAGA PETKIM SPOR Y. SONSIRMA 3Pt made,,,,,,,,,3,13,1.0,score,0,7,3,7
07:08,07:08:00,7,7,0,1,1,REGULAR,98,M. JANTUNEN,0,3pt,29,,[],jumpshot,1,18,Mikael Olli Axel,Jantunen,Mikael Olli Axel,Jantunen,M,J,M,J,M. Jantunen,FENERBAHÇE BEKO,FBB,M. Jantunen,18,,,25.459999084473,90.51000213623,0.0,P3,missed,FENERBAHÇE BEKO M. JANTUNEN 3Pt missed,,,,,,,,,0,14,2.0,def_reb,0,7,0,7
07:06,07:06:00,7,7,0,2,1,REGULAR,68,Y. FRANKE,1,rebound,30,29,[],defensive,0,5,Yannick Ayrton,Franke,Yannick Ayrton,Franke,Y,F,Y,F,Y. Franke,ALIAGA PETKIM SPOR,PTK,Y. Franke,5,,,,,,REB,,ALIAGA PETKIM SPOR rebound defensive,,,,,,,,,0,15,1.0,def_reb,0,7,0,7
07:05,07:05:00,7,7,0,1,1,REGULAR,95,D. HALL,1,foul,32,,"['shooting', '2freethrow']",personal,0,20,Devon Howard,Hall,Devon Howard,Hall,D,H,D,H,D. Hall,FENERBAHÇE BEKO,FBB,D. Hall,20,,,,,,FOUL,,FENERBAHÇE BEKO D. HALL foul personal,,,,,,,,,0,16,2.0,,0,7,0,7
07:05,07:05:00,7,7,0,2,1,REGULAR,68,Y. FRANKE,1,foulon,33,32,[],,0,5,Yannick Ayrton,Franke,Yannick Ayrton,Franke,Y,F,Y,F,Y. Franke,ALIAGA PETKIM SPOR,PTK,Y. Franke,5,,,,,,OTHER,,ALIAGA PETKIM SPOR foulon,,,,,,,,,0,16,2.0,,0,7,0,7
07:05,07:05:00,7,8,-1,2,1,REGULAR,68,Y. FRANKE,1,freethrow,34,,['fastbreak'],1of2,1,5,Yannick Ayrton,Franke,Yannick Ayrton,Franke,Y,F,Y,F,Y. Franke,ALIAGA PETKIM SPOR,PTK,Y. Franke,5,,,,,,FT,made,ALIAGA PETKIM SPOR Y. FRANKE FT 1of2 made,,,,,,,,,1,16,2.0,made_ft,0,7,1,8
07:05,07:05:00,7,9,-2,2,1,REGULAR,68,Y. FRANKE,1,freethrow,35,,['fastbreak'],2of2,1,5,Yannick Ayrton,Franke,Yannick Ayrton,Franke,Y,F,Y,F,Y. Franke,ALIAGA PETKIM SPOR,PTK,Y. Franke,5,,,,,,FT,made,ALIAGA PETKIM SPOR Y. FRANKE FT 2of2 made,,,,,,,,,1,17,1.0,made_ft_last,0,7,1,9
06:50,06:50:00,7,9,-2,2,1,REGULAR,65,R. BLUMBERGS,1,foul,38,,[],personal,0,6,Roberts,Blumbergs,Roberts,Blumbergs,R,B,R,B,R. Blumbergs,ALIAGA PETKIM SPOR,PTK,R. Blumbergs,6,,,,,,FOUL,,ALIAGA PETKIM SPOR R. BLUMBERGS foul personal,,,,,,,,,0,18,2.0,,0,7,0,9
06:50,06:50:00,7,9,-2,1,1,REGULAR,98,M. JANTUNEN,1,foulon,39,38,[],,0,18,Mikael Olli Axel,Jantunen,Mikael Olli Axel,Jantunen,M,J,M,J,M. Jantunen,FENERBAHÇE BEKO,FBB,M. Jantunen,18,,,,,,OTHER,,FENERBAHÇE BEKO foulon,,,,,,,,,0,18,2.0,,0,7,0,9
06:34,06:34:00,7,9,-2,1,1,REGULAR,95,D. HALL,0,3pt,41,,[],jumpshot,1,20,Devon Howard,Hall,Devon Howard,Hall,D,H,D,H,D. Hall,FENERBAHÇE BEKO,FBB,D. Hall,20,,,31.860000610352,29.770000457764,0.0,P3,missed,FENERBAHÇE BEKO D. HALL 3Pt missed,,,,,,,,,0,18,2.0,def_reb,0,7,0,9
06:32,06:32:00,7,9,-2,2,1,REGULAR,65,R. BLUMBERGS,1,rebound,42,41,[],defensive,0,6,Roberts,Blumbergs,Roberts,Blumbergs,R,B,R,B,R. Blumbergs,ALIAGA PETKIM SPOR,PTK,R. Blumbergs,6,,,,,,REB,,ALIAGA PETKIM SPOR rebound defensive,,,,,,,,,0,19,1.0,def_reb,0,7,0,9
06:11,06:11:00,7,9,-2,2,1,REGULAR,42,Y. SONSIRMA,0,2pt,43,,['pointsinthepaint'],jumpshot,1,9,Yunus Emre,Sonsirma,Yunus Emre,Sonsirma,Y,S,Y,S,Y. Sonsirma,ALIAGA PETKIM SPOR,PTK,Y. Sonsirma,9,,,87.550003051758,50.959999084473,0.0,P2,missed,ALIAGA PETKIM SPOR Y. SONSIRMA 2Pt missed,,,,,,,,,0,20,2.0,def_reb,0,7,0,9
06:08,06:08:00,7,9,-2,1,1,REGULAR,96,T. TUCKER,1,rebound,44,43,[],defensive,0,8,Talen Jalee,Tucker,Talen Jalee,Tucker,T,T,T,T,T. Tucker,FENERBAHÇE BEKO,FBB,T. Tucker,8,,,,,,REB,,FENERBAHÇE BEKO rebound defensive,,,,,,,,,0,21,1.0,def_reb,0,7,0,9
06:08,06:08:00,7,9,-2,2,1,REGULAR,42,Y. SONSIRMA,1,foul,46,,[],personal,0,9,Yunus Emre,Sonsirma,Yunus Emre,Sonsirma,Y,S,Y,S,Y. Sonsirma,ALIAGA PETKIM SPOR,PTK,Y. Sonsirma,9,,,,,,FOUL,,ALIAGA PETKIM SPOR Y. SONSIRMA foul personal,,,,,,,,,0,22,2.0,,0,7,0,9
06:08,06:08:00,7,9,-2,1,1,REGULAR,96,T. TUCKER,1,foulon,47,46,[],,0,8,Talen Jalee,Tucker,Talen Jalee,Tucker,T,T,T,T,T. Tucker,FENERBAHÇE BEKO,FBB,T. Tucker,8,,,,,,OTHER,,FENERBAHÇE BEKO foulon,,,,,,,,,0,22,2.0,,0,7,0,9
06:04,06:04:00,7,9,-2,2,1,REGULAR,65,R. BLUMBERGS,1,foul,50,,[],personal,0,6,Roberts,Blumbergs,Roberts,Blumbergs,R,B,R,B,R. Blumbergs,ALIAGA PETKIM SPOR,PTK,R. Blumbergs,6,,,,,,FOUL,,ALIAGA PETKIM SPOR R. BLUMBERGS foul personal,,,,,,,,,0,22,2.0,,0,7,0,9
06:04,06:04:00,7,9,-2,1,1,REGULAR,98,M. JANTUNEN,1,foulon,51,50,[],,0,18,Mikael Olli Axel,Jantunen,Mikael Olli Axel,Jantunen,M,J,M,J,M. Jantunen,FENERBAHÇE BEKO,FBB,M. Jantunen,18,,,,,,OTHER,,FENERBAHÇE BEKO foulon,,,,,,,,,0,22,2.0,,0,7,0,9
05:57,05:57:00,9,9,0,1,1,REGULAR,95,D. HALL,1,2pt,53,,['pointsinthepaint'],floatingjumpshot,1,20,Devon Howard,Hall,Devon Howard,Hall,D,H,D,H,D. Hall,FENERBAHÇE BEKO,FBB,D. Hall,20,,,10.800000190735,54.919998168945,1.0,P2,made,FENERBAHÇE BEKO D. HALL 2Pt made,,,,,,,,,2,22,2.0,score,2,9,0,9
05:37,05:37:00,9,11,-2,2,1,REGULAR,68,Y. FRANKE,1,2pt,54,,['pointsinthepaint'],layup,1,5,Yannick Ayrton,Franke,Yannick Ayrton,Franke,Y,F,Y,F,Y. Franke,ALIAGA PETKIM SPOR,PTK,Y. Franke,5,,,90.669998168945,56.610000610352,1.0,P2,made,ALIAGA PETKIM SPOR Y. FRANKE 2Pt made,64.0,2.0,M. SAJUS,,,,,,2,23,1.0,score,0,9,2,11
05:37,05:37:00,9,11,-2,2,1,REGULAR,64,M. SAJUS,1,assist,55,54,[],,0,19,Martynas,Sajus,Martynas,Sajus,M,S,M,S,M. Sajus,ALIAGA PETKIM SPOR,PTK,M. Sajus,19,,,,,,ASS,,ALIAGA PETKIM SPOR M. SAJUS assist,,,,,,,,,0,24,2.0,,0,9,0,11
05:18,05:18:00,9,11,-2,1,1,REGULAR,96,T. TUCKER,0,3pt,57,,[],jumpshot,1,8,Talen Jalee,Tucker,Talen Jalee,Tucker,T,T,T,T,T. Tucker,FENERBAHÇE BEKO,FBB,T. Tucker,8,,,14.699999809265,96.440002441406,0.0,P3,missed,FENERBAHÇE BEKO T. TUCKER 3Pt missed,,,,,,,,,0,24,2.0,def_reb,0,9,0,11
05:18,05:18:00,9,11,-2,2,1,REGULAR,42,Y. SONSIRMA,1,rebound,58,57,[],defensive,0,9,Yunus Emre,Sonsirma,Yunus Emre,Sonsirma,Y,S,Y,S,Y. Sonsirma,ALIAGA PETKIM SPOR,PTK,Y. Sonsirma,9,,,,,,REB,,ALIAGA PETKIM SPOR rebound defensive,,,,,,,,,0,25,1.0,def_reb,0,9,0,11
05:18,05:18:00,9,11,-2,1,1,REGULAR,79,T. BIBEROVIÇ,1,foul,59,,[],personal,0,13,Tarik,Biberoviç,Tarik,Biberoviç,T,B,T,B,T. Biberoviç,FENERBAHÇE BEKO,FBB,T. Biberoviç,13,,,,,,FOUL,,FENERBAHÇE BEKO T. BIBEROVIÇ foul personal,,,,,,,,,0,26,2.0,,0,9,0,11
05:18,05:18:00,9,11,-2,2,1,REGULAR,42,Y. SONSIRMA,1,foulon,60,59,[],,0,9,Yunus Emre,Sonsirma,Yunus Emre,Sonsirma,Y,S,Y,S,Y. Sonsirma,ALIAGA PETKIM SPOR,PTK,Y. Sonsirma,9,,,,,,OTHER,,ALIAGA PETKIM SPOR foulon,,,,,,,,,0,26,2.0,,0,9,0,11
05:18,05:18:00,9,11,-2,1,1,REGULAR,98,M. JANTUNEN,1,substitution,61,,[],out,0,18,Mikael Olli Axel,Jantunen,Mikael Olli Axel,Jantunen,M,J,M,J,M. Jantunen,FENERBAHÇE BEKO,FBB,M. Jantunen,18,,,,,,SUB,out,FENERBAHÇE BEKO substitution out,,,,,,,,,0,26,2.0,,0,9,0,11
05:18,05:18:00,9,11,-2,1,1,REGULAR,93,B. COLSON II,1,substitution,62,,[],in,0,50,Bonzie Alexander,Colson Ii,Bonzie Alexander,Colson Ii,B,C,B,C,B. Colson Ii,FENERBAHÇE BEKO,FBB,B. Colson Ii,50,,,,,,SUB,in,FENERBAHÇE BEKO substitution in,,,,,,,,,0,26,2.0,,0,9,0,11
05:18,05:18:00,9,11,-2,2,1,REGULAR,65,R. BLUMBERGS,1,substitution,63,,[],out,0,6,Roberts,Blumbergs,Roberts,Blumbergs,R,B,R,B,R. Blumbergs,ALIAGA PETKIM SPOR,PTK,R. Blumbergs,6,,,,,,SUB,out,ALIAGA PETKIM SPOR substitution out,,,,,,,,,0,26,2.0,,0,9,0,11
05:18,05:18:00,9,11,-2,2,1,REGULAR,44,T. SAV,1,substitution,64,,[],in,0,15,Troy Selim,Sav,Troy Selim,Sav,T,S,T,S,T. Sav,ALIAGA PETKIM SPOR,PTK,T. Sav,15,,,,,,SUB,in,ALIAGA PETKIM SPOR substitution in,,,,,,,,,0,26,2.0,,0,9,0,11
05:18,05:18:00,9,11,-2,1,1,REGULAR,95,D. HALL,1,substitution,65,,[],out,0,20,Devon Howard,Hall,Devon Howard,Hall,D,H,D,H,D. Hall,FENERBAHÇE BEKO,FBB,D. Hall,20,,,,,,SUB,out,FENERBAHÇE BEKO substitution out,,,,,,,,,0,26,2.0,,0,9,0,11
05:18,05:18:00,9,11,-2,1,1,REGULAR,76,M. MAHMUTOGLU,1,substitution,66,,[],in,0,10,Melih,Mahmutoglu,Melih,Mahmutoglu,M,M,M,M,M. Mahmutoglu,FENERBAHÇE BEKO,FBB,M. Mahmutoglu,10,,,,,,SUB,in,FENERBAHÇE BEKO substitution in,,,,,,,,,0,26,2.0,,0,9,0,11
05:01,05:01:00,9,13,-4,2,1,REGULAR,64,M. SAJUS,1,2pt,68,,['pointsinthepaint'],layup,1,19,Martynas,Sajus,Martynas,Sajus,M,S,M,S,M. Sajus,ALIAGA PETKIM SPOR,PTK,M. Sajus,19,,,93.949996948242,56.330001831055,1.0,P2,made,ALIAGA PETKIM SPOR M. SAJUS 2Pt made,67.0,2.0,D. EFIANAYI,,,,,,2,26,2.0,score,0,9,2,13
05:01,05:01:00,9,13,-4,2,1,REGULAR,67,D. EFIANAYI,1,assist,69,68,[],,0,4,David,Efianayi,David,Efianayi,D,E,D,E,D. Efianayi,ALIAGA PETKIM SPOR,PTK,D. Efianayi,4,,,,,,ASS,,ALIAGA PETKIM SPOR D. EFIANAYI assist,,,,,,,,,0,27,1.0,,0,9,0,13
04:53,04:53:00,12,13,-1,1,1,REGULAR,76,M. MAHMUTOGLU,1,3pt,70,,['fastbreak'],jumpshot,1,10,Melih,Mahmutoglu,Melih,Mahmutoglu,M,M,M,M,M. Mahmutoglu,FENERBAHÇE BEKO,FBB,M. Mahmutoglu,10,,,20.309999465942,92.769996643066,1.0,P3,made,FENERBAHÇE BEKO M. MAHMUTOGLU 3Pt made,96.0,1.0,T. TUCKER,,,,,,3,27,1.0,score,3,12,0,13
04:53,04:53:00,12,13,-1,1,1,REGULAR,96,T. TUCKER,1,assist,71,70,[],,0,8,Talen Jalee,Tucker,Talen Jalee,Tucker,T,T,T,T,T. Tucker,FENERBAHÇE BEKO,FBB,T. Tucker,8,,,,,,ASS,,FENERBAHÇE BEKO T. TUCKER assist,,,,,,,,,0,28,2.0,,0,12,0,13
04:37,04:37:00,12,13,-1,2,1,REGULAR,64,M. SAJUS,1,turnover,73,,[],badpass,0,19,Martynas,Sajus,Martynas,Sajus,M,S,M,S,M. Sajus,ALIAGA PETKIM SPOR,PTK,M. Sajus,19,,,,,,TO,,ALIAGA PETKIM SPOR M. SAJUS turnover badpass,,,,,,,,,0,28,2.0,turnover,0,12,0,13
04:37,04:37:00,12,13,-1,0,1,REGULAR,0,,1,timeout,74,,[],officials,0,,,,,,,,,,,,,,,,,,,,TIMEOUT,, timeout,,,,,,,,,0,29,1.0,,0,12,0,13
04:37,04:37:00,12,13,-1,1,1,REGULAR,79,T. BIBEROVIÇ,1,substitution,75,,[],out,0,13,Tarik,Biberoviç,Tarik,Biberoviç,T,B,T,B,T. Biberoviç,FENERBAHÇE BEKO,FBB,T. Biberoviç,13,,,,,,SUB,out,FENERBAHÇE BEKO substitution out,,,,,,,,,0,29,1.0,,0,12,0,13
04:37,04:37:00,12,13,-1,1,1,REGULAR,94,W. BALDWIN IV,1,substitution,76,,[],in,0,2,Wade M,Baldwin Iv,Wade M,Baldwin Iv,W,B,W,B,W. Baldwin Iv,FENERBAHÇE BEKO,FBB,W. Baldwin Iv,2,,,,,,SUB,in,FENERBAHÇE BEKO substitution in,,,,,,,,,0,29,1.0,,0,12,0,13
04:37,04:37:00,12,13,-1,2,1,REGULAR,42,Y. SONSIRMA,1,substitution,77,,[],out,0,9,Yunus Emre,Sonsirma,Yunus Emre,Sonsirma,Y,S,Y,S,Y. Sonsirma,ALIAGA PETKIM SPOR,PTK,Y. Sonsirma,9,,,,,,SUB,out,ALIAGA PETKIM SPOR substitution out,,,,,,,,,0,29,1.0,,0,12,0,13
04:37,04:37:00,12,13,-1,2,1,REGULAR,69,S. WHITTAKER JR,1,substitution,78,,[],in,0,3,Stanley Mace,Whittaker Jr,Stanley Mace,Whittaker Jr,S,W,S,W,S. Whittaker Jr,ALIAGA PETKIM SPOR,PTK,S. Whittaker Jr,3,,,,,,SUB,in,ALIAGA PETKIM SPOR substitution in,,,,,,,,,0,29,1.0,,0,12,0,13
04:26,04:26:00,14,13,1,1,1,REGULAR,93,B. COLSON II,1,2pt,80,,"['fromturnover', 'pointsinthepaint']",layup,1,50,Bonzie Alexander,Colson Ii,Bonzie Alexander,Colson Ii,B,C,B,C,B. Colson Ii,FENERBAHÇE BEKO,FBB,B. Colson Ii,50,,,6.9000000953674,56.889999389648,1.0,P2,made,FENERBAHÇE BEKO B. COLSON II 2Pt made,92.0,1.0,N. MELLI,,,,,,2,29,1.0,score,2,14,0,13
04:26,04:26:00,14,13,1,1,1,REGULAR,92,N. MELLI,1,assist,81,80,[],,0,4,Nicolo,Melli,Nicolo,Melli,N,M,N,M,N. Melli,FENERBAHÇE BEKO,FBB,N. Melli,4,,,,,,ASS,,FENERBAHÇE BEKO N. MELLI assist,,,,,,,,,0,30,2.0,,0,14,0,13
04:04,04:04:00,14,15,-1,2,1,REGULAR,67,D. EFIANAYI,1,2pt,82,,[],stepbackjumpshot,1,4,David,Efianayi,David,Efianayi,D,E,D,E,D. Efianayi,ALIAGA PETKIM SPOR,PTK,D. Efianayi,4,,,75.690002441406,72.150001525879,1.0,P2,made,ALIAGA PETKIM SPOR D. EFIANAYI 2Pt made,69.0,2.0,S. WHITTAKER JR,,,,,,2,30,2.0,score,0,14,2,15
04:04,04:04:00,14,15,-1,2,1,REGULAR,69,S. WHITTAKER JR,1,assist,83,82,[],,0,3,Stanley Mace,Whittaker Jr,Stanley Mace,Whittaker Jr,S,W,S,W,S. Whittaker Jr,ALIAGA PETKIM SPOR,PTK,S. Whittaker Jr,3,,,,,,ASS,,ALIAGA PETKIM SPOR S. WHITTAKER JR assist,,,,,,,,,0,31,1.0,,0,14,0,15
03:51,03:51:00,14,15,-1,1,1,REGULAR,92,N. MELLI,0,3pt,84,,[],jumpshot,1,4,Nicolo,Melli,Nicolo,Melli,N,M,N,M,N. Melli,FENERBAHÇE BEKO,FBB,N. Melli,4,,,34.509998321533,76.099998474121,0.0,P3,missed,FENERBAHÇE BEKO N. MELLI 3Pt missed,,,,,,,,,0,31,1.0,,0,14,0,15
03:49,03:49:00,14,15,-1,1,1,REGULAR,94,W. BALDWIN IV,1,rebound,85,84,[],offensive,0,2,Wade M,Baldwin Iv,Wade M,Baldwin Iv,W,B,W,B,W. Baldwin Iv,FENERBAHÇE BEKO,FBB,W. Baldwin Iv,2,,,,,,REB,,FENERBAHÇE BEKO rebound offensive,,,,,,,,,0,31,1.0,,0,14,0,15
03:45,03:45:00,16,15,1,1,1,REGULAR,92,N. MELLI,1,2pt,86,,"['2ndchance', 'pointsinthepaint']",jumpshot,1,4,Nicolo,Melli,Nicolo,Melli,N,M,N,M,N. Melli,FENERBAHÇE BEKO,FBB,N. Melli,4,,,8.460000038147,56.049999237061,1.0,P2,made,FENERBAHÇE BEKO N. MELLI 2Pt made,94.0,1.0,W. BALDWIN IV,,,,,,2,31,1.0,score,2,16,0,15
03:45,03:45:00,16,15,1,1,1,REGULAR,94,W. BALDWIN IV,1,assist,87,86,[],,0,2,Wade M,Baldwin Iv,Wade M,Baldwin Iv,W,B,W,B,W. Baldwin Iv,FENERBAHÇE BEKO,FBB,W. Baldwin Iv,2,,,,,,ASS,,FENERBAHÇE BEKO W. BALDWIN IV assist,,,,,,,,,0,32,2.0,,0,16,0,15
03:20,03:20:00,16,15,1,2,1,REGULAR,69,S. WHITTAKER JR,0,2pt,88,,[],jumpshot,1,3,Stanley Mace,Whittaker Jr,Stanley Mace,Whittaker Jr,S,W,S,W,S. Whittaker Jr,ALIAGA PETKIM SPOR,PTK,S. Whittaker Jr,3,,,87.550003051758,82.029998779297,0.0,P2,missed,ALIAGA PETKIM SPOR S. WHITTAKER JR 2Pt missed,,,,,,,,,0,32,2.0,def_reb,0,16,0,15
03:17,03:17:00,16,15,1,1,1,REGULAR,92,N. MELLI,1,rebound,89,88,[],defensive,0,4,Nicolo,Melli,Nicolo,Melli,N,M,N,M,N. Melli,FENERBAHÇE BEKO,FBB,N. Melli,4,,,,,,REB,,FENERBAHÇE BEKO rebound defensive,,,,,,,,,0,33,1.0,def_reb,0,16,0,15
03:10,03:10:00,18,15,3,1,1,REGULAR,93,B. COLSON II,1,2pt,91,,[],jumpshot,1,50,Bonzie Alexander,Colson Ii,Bonzie Alexander,Colson Ii,B,C,B,C,B. Colson Ii,FENERBAHÇE BEKO,FBB,B. Colson Ii,50,,,5.0199999809265,29.770000457764,1.0,P2,made,FENERBAHÇE BEKO B. COLSON II 2Pt made,92.0,1.0,N. MELLI,,,,,,2,34,2.0,score,2,18,0,15
03:10,03:10:00,18,15,3,1,1,REGULAR,92,N. MELLI,1,assist,92,91,[],,0,4,Nicolo,Melli,Nicolo,Melli,N,M,N,M,N. Melli,FENERBAHÇE BEKO,FBB,N. Melli,4,,,,,,ASS,,FENERBAHÇE BEKO N. MELLI assist,,,,,,,,,0,35,1.0,,0,18,0,15
03:10,03:10:00,18,15,3,2,1,REGULAR,67,D. EFIANAYI,1,foul,93,,"['shooting', '1freethrow']",personal,0,4,David,Efianayi,David,Efianayi,D,E,D,E,D. Efianayi,ALIAGA PETKIM SPOR,PTK,D. Efianayi,4,,,,,,FOUL,,ALIAGA PETKIM SPOR D. EFIANAYI foul personal,,,,,,,,,0,35,1.0,,0,18,0,15
03:10,03:10:00,18,15,3,1,1,REGULAR,93,B. COLSON II,1,foulon,94,93,[],,0,50,Bonzie Alexander,Colson Ii,Bonzie Alexander,Colson Ii,B,C,B,C,B. Colson Ii,FENERBAHÇE BEKO,FBB,B. Colson Ii,50,,,,,,OTHER,,FENERBAHÇE BEKO foulon,,,,,,,,,0,35,1.0,,0,18,0,15
03:10,03:10:00,18,15,3,1,1,REGULAR,92,N. MELLI,1,substitution,95,,[],out,0,4,Nicolo,Melli,Nicolo,Melli,N,M,N,M,N. Melli,FENERBAHÇE BEKO,FBB,N. Melli,4,,,,,,SUB,out,FENERBAHÇE BEKO substitution out,,,,,,,,,0,35,1.0,,0,18,0,15
03:10,03:10:00,18,15,3,1,1,REGULAR,96,T. TUCKER,1,substitution,96,,[],out,0,8,Talen Jalee,Tucker,Talen Jalee,Tucker,T,T,T,T,T. Tucker,FENERBAHÇE BEKO,FBB,T. Tucker,8,,,,,,SUB,out,FENERBAHÇE BEKO substitution out,,,,,,,,,0,35,1.0,,0,18,0,15
03:10,03:10:00,18,15,3,1,1,REGULAR,77,J. BIRSEN,1,substitution,97,,[],in,0,1,James Metecan,Birsen,James Metecan,Birsen,J,B,J,B,J. Birsen,FENERBAHÇE BEKO,FBB,J. Birsen,1,,,,,,SUB,in,FENERBAHÇE BEKO substitution in,,,,,,,,,0,35,1.0,,0,18,0,15
03:10,03:10:00,18,15,3,1,1,REGULAR,89,O. BITIM,1,substitution,98,,[],in,0,17,Onuralp,Bitim,Onuralp,Bitim,O,B,O,B,O. Bitim,FENERBAHÇE BEKO,FBB,O. Bitim,17,,,,,,SUB,in,FENERBAHÇE BEKO substitution in,,,,,,,,,0,35,1.0,,0,18,0,15
03:10,03:10:00,18,15,3,2,1,REGULAR,68,Y. FRANKE,1,substitution,99,,[],out,0,5,Yannick Ayrton,Franke,Yannick Ayrton,Franke,Y,F,Y,F,Y. Franke,ALIAGA PETKIM SPOR,PTK,Y. Franke,5,,,,,,SUB,out,ALIAGA PETKIM SPOR substitution out,,,,,,,,,0,35,1.0,,0,18,0,15
03:10,03:10:00,18,15,3,2,1,REGULAR,44,T. SAV,1,substitution,100,,[],out,0,15,Troy Selim,Sav,Troy Selim,Sav,T,S,T,S,T. Sav,ALIAGA PETKIM SPOR,PTK,T. Sav,15,,,,,,SUB,out,ALIAGA PETKIM SPOR substitution out,,,,,,,,,0,35,1.0,,0,18,0,15
03:10,03:10:00,18,15,3,2,1,REGULAR,64,M. SAJUS,1,substitution,101,,[],out,0,19,Martynas,Sajus,Martynas,Sajus,M,S,M,S,M. Sajus,ALIAGA PETKIM SPOR,PTK,M. Sajus,19,,,,,,SUB,out,ALIAGA PETKIM SPOR substitution out,,,,,,,,,0,35,1.0,,0,18,0,15
03:10,03:10:00,18,15,3,2,1,REGULAR,43,M. KURTULDUM,1,substitution,102,,[],in,0,7,Mustafa,Kurtuldum,Mustafa,Kurtuldum,M,K,M,K,M. Kurtuldum,ALIAGA PETKIM SPOR,PTK,M. Kurtuldum,7,,,,,,SUB,in,ALIAGA PETKIM SPOR substitution in,,,,,,,,,0,35,1.0,,0,18,0,15
03:10,03:10:00,18,15,3,2,1,REGULAR,70,U. UTOMI,1,substitution,103,,[],in,0,8,Uzodinma,Utomi,Uzodinma,Utomi,U,U,U,U,U. Utomi,ALIAGA PETKIM SPOR,PTK,U. Utomi,8,,,,,,SUB,in,ALIAGA PETKIM SPOR substitution in,,,,,,,,,0,35,1.0,,0,18,0,15
03:10,03:10:00,18,15,3,2,1,REGULAR,66,J. FLOYD,1,substitution,104,,[],in,0,20,Jehyve Jamal,Floyd,Jehyve Jamal,Floyd,J,F,J,F,J. Floyd,ALIAGA PETKIM SPOR,PTK,J. Floyd,20,,,,,,SUB,in,ALIAGA PETKIM SPOR substitution in,,,,,,,,,0,35,1.0,,0,18,0,15
03:10,03:10:00,18,15,3,1,1,REGULAR,93,B. COLSON II,0,freethrow,105,,[],1of1,1,50,Bonzie Alexander,Colson Ii,Bonzie Alexander,Colson Ii,B,C,B,C,B. Colson Ii,FENERBAHÇE BEKO,FBB,B. Colson Ii,50,,,,,,FT,missed,FENERBAHÇE BEKO B. COLSON II FT 1of1 missed,,,,,,,,,0,35,1.0,def_reb,0,18,0,15
03:10,03:10:00,18,15,3,2,1,REGULAR,66,J. FLOYD,1,rebound,107,105,[],defensive,0,20,Jehyve Jamal,Floyd,Jehyve Jamal,Floyd,J,F,J,F,J. Floyd,ALIAGA PETKIM SPOR,PTK,J. Floyd,20,,,,,,REB,,ALIAGA PETKIM SPOR rebound defensive,,,,,,,,,0,36,2.0,def_reb,0,18,0,15
02:51,02:51:00,18,17,1,2,1,REGULAR,70,U. UTOMI,1,2pt,108,,[],jumpshot,1,8,Uzodinma,Utomi,Uzodinma,Utomi,U,U,U,U,U. Utomi,ALIAGA PETKIM SPOR,PTK,U. Utomi,8,,,91.290000915527,81.75,1.0,P2,made,ALIAGA PETKIM SPOR U. UTOMI 2Pt made,69.0,2.0,S. WHITTAKER JR,,,,,,2,37,1.0,score,0,18,2,17
02:51,02:51:00,18,17,1,2,1,REGULAR,69,S. WHITTAKER JR,1,assist,109,108,[],,0,3,Stanley Mace,Whittaker Jr,Stanley Mace,Whittaker Jr,S,W,S,W,S. Whittaker Jr,ALIAGA PETKIM SPOR,PTK,S. Whittaker Jr,3,,,,,,ASS,,ALIAGA PETKIM SPOR S. WHITTAKER JR assist,,,,,,,,,0,38,2.0,,0,18,0,17
02:42,02:42:00,18,17,1,2,1,REGULAR,69,S. WHITTAKER JR,1,foul,111,,['2freethrow'],personal,0,3,Stanley Mace,Whittaker Jr,Stanley Mace,Whittaker Jr,S,W,S,W,S. Whittaker Jr,ALIAGA PETKIM SPOR,PTK,S. Whittaker Jr,3,,,,,,FOUL,,ALIAGA PETKIM SPOR S. WHITTAKER JR foul personal,,,,,,,,,0,38,2.0,,0,18,0,17
02:42,02:42:00,18,17,1,1,1,REGULAR,94,W. BALDWIN IV,1,foulon,112,111,[],,0,2,Wade M,Baldwin Iv,Wade M,Baldwin Iv,W,B,W,B,W. Baldwin Iv,FENERBAHÇE BEKO,FBB,W. Baldwin Iv,2,,,,,,OTHER,,FENERBAHÇE BEKO foulon,,,,,,,,,0,38,2.0,,0,18,0,17
02:42,02:42:00,19,17,2,1,1,REGULAR,94,W. BALDWIN IV,1,freethrow,113,,[],1of2,1,2,Wade M,Baldwin Iv,Wade M,Baldwin Iv,W,B,W,B,W. Baldwin Iv,FENERBAHÇE BEKO,FBB,W. Baldwin Iv,2,,,,,,FT,made,FENERBAHÇE BEKO W. BALDWIN IV FT 1of2 made,,,,,,,,,1,38,2.0,made_ft,1,19,0,17
02:42,02:42:00,20,17,3,1,1,REGULAR,94,W. BALDWIN IV,1,freethrow,114,,[],2of2,1,2,Wade M,Baldwin Iv,Wade M,Baldwin Iv,W,B,W,B,W. Baldwin Iv,FENERBAHÇE BEKO,FBB,W. Baldwin Iv,2,,,,,,FT,made,FENERBAHÇE BEKO W. BALDWIN IV FT 2of2 made,,,,,,,,,1,39,1.0,made_ft_last,1,20,0,17
02:30,02:30:00,20,20,0,2,1,REGULAR,67,D. EFIANAYI,1,3pt,116,,[],jumpshot,1,4,David,Efianayi,David,Efianayi,D,E,D,E,D. Efianayi,ALIAGA PETKIM SPOR,PTK,D. Efianayi,4,,,65.23999786377,52.939998626709,1.0,P3,made,ALIAGA PETKIM SPOR D. EFIANAYI 3Pt made,,,,,,,,,3,40,2.0,score,0,20,3,20
02:14,02:14:00,20,20,0,1,1,REGULAR,89,O. BITIM,0,2pt,117,,['pointsinthepaint'],turnaroundjumpshot,1,17,Onuralp,Bitim,Onuralp,Bitim,O,B,O,B,O. Bitim,FENERBAHÇE BEKO,FBB,O. Bitim,17,,,15.159999847412,50.110000610352,0.0,P2,missed,FENERBAHÇE BEKO O. BITIM 2Pt missed,,,,,,,,,0,41,1.0,,0,20,0,20
02:10,02:10:00,20,20,0,1,1,REGULAR,77,J. BIRSEN,1,rebound,118,117,[],offensive,0,1,James Metecan,Birsen,James Metecan,Birsen,J,B,J,B,J. Birsen,FENERBAHÇE BEKO,FBB,J. Birsen,1,,,,,,REB,,FENERBAHÇE BEKO rebound offensive,,,,,,,,,0,41,1.0,,0,20,0,20
02:09,02:09:00,20,20,0,2,1,REGULAR,66,J. FLOYD,1,foul,120,,"['shooting', '2freethrow']",personal,0,20,Jehyve Jamal,Floyd,Jehyve Jamal,Floyd,J,F,J,F,J. Floyd,ALIAGA PETKIM SPOR,PTK,J. Floyd,20,,,,,,FOUL,,ALIAGA PETKIM SPOR J. FLOYD foul personal,,,,,,,,,0,41,1.0,,0,20,0,20
02:09,02:09:00,20,20,0,1,1,REGULAR,77,J. BIRSEN,1,foulon,121,120,[],,0,1,James Metecan,Birsen,James Metecan,Birsen,J,B,J,B,J. Birsen,FENERBAHÇE BEKO,FBB,J. Birsen,1,,,,,,OTHER,,FENERBAHÇE BEKO foulon,,,,,,,,,0,41,1.0,,0,20,0,20
02:09,02:09:00,20,20,0,2,1,REGULAR,67,D. EFIANAYI,1,substitution,122,,[],out,0,4,David,Efianayi,David,Efianayi,D,E,D,E,D. Efianayi,ALIAGA PETKIM SPOR,PTK,D. Efianayi,4,,,,,,SUB,out,ALIAGA PETKIM SPOR substitution out,,,,,,,,,0,41,1.0,,0,20,0,20
02:09,02:09:00,20,20,0,2,1,REGULAR,68,Y. FRANKE,1,substitution,123,,[],in,0,5,Yannick Ayrton,Franke,Yannick Ayrton,Franke,Y,F,Y,F,Y. Franke,ALIAGA PETKIM SPOR,PTK,Y. Franke,5,,,,,,SUB,in,ALIAGA PETKIM SPOR substitution in,,,,,,,,,0,41,1.0,,0,20,0,20
02:09,02:09:00,21,20,1,1,1,REGULAR,77,J. BIRSEN,1,freethrow,124,,['2ndchance'],1of2,1,1,James Metecan,Birsen,James Metecan,Birsen,J,B,J,B,J. Birsen,FENERBAHÇE BEKO,FBB,J. Birsen,1,,,,,,FT,made,FENERBAHÇE BEKO J. BIRSEN FT 1of2 made,,,,,,,,,1,41,1.0,made_ft,1,21,0,20
02:09,02:09:00,22,20,2,1,1,REGULAR,77,J. BIRSEN,1,freethrow,125,,['2ndchance'],2of2,1,1,James Metecan,Birsen,James Metecan,Birsen,J,B,J,B,J. Birsen,FENERBAHÇE BEKO,FBB,J. Birsen,1,,,,,,FT,made,FENERBAHÇE BEKO J. BIRSEN FT 2of2 made,,,,,,,,,1,42,2.0,made_ft_last,1,22,0,20
01:47,01:47:00,22,22,0,2,1,REGULAR,70,U. UTOMI,1,2pt,129,,['pointsinthepaint'],fadeaway,1,8,Uzodinma,Utomi,Uzodinma,Utomi,U,U,U,U,U. Utomi,ALIAGA PETKIM SPOR,PTK,U. Utomi,8,,,86.769996643066,63.389999389648,1.0,P2,made,ALIAGA PETKIM SPOR U. UTOMI 2Pt made,,,,,,,,,2,43,1.0,score,0,22,2,22
01:28,01:28:00,24,22,2,1,1,REGULAR,76,M. MAHMUTOGLU,1,2pt,130,,['pointsinthepaint'],drivinglayup,1,10,Melih,Mahmutoglu,Melih,Mahmutoglu,M,M,M,M,M. Mahmutoglu,FENERBAHÇE BEKO,FBB,M. Mahmutoglu,10,,,5.4899997711182,46.720001220703,1.0,P2,made,FENERBAHÇE BEKO M. MAHMUTOGLU 2Pt made,,,,,,,,,2,44,2.0,score,2,24,0,22
01:11,01:11:00,24,22,2,2,1,REGULAR,68,Y. FRANKE,0,2pt,131,,[],jumpshot,1,5,Yannick Ayrton,Franke,Yannick Ayrton,Franke,Y,F,Y,F,Y. Franke,ALIAGA PETKIM SPOR,PTK,Y. Franke,5,,,90.980003356934,17.059999465942,0.0,P2,missed,ALIAGA PETKIM SPOR Y. FRANKE 2Pt missed,,,,,,,,,0,45,1.0,def_reb,0,24,0,22
01:09,01:09:00,24,22,2,1,1,REGULAR,93,B. COLSON II,1,rebound,132,131,[],defensive,0,50,Bonzie Alexander,Colson Ii,Bonzie Alexander,Colson Ii,B,C,B,C,B. Colson Ii,FENERBAHÇE BEKO,FBB,B. Colson Ii,50,,,,,,REB,,FENERBAHÇE BEKO rebound defensive,,,,,,,,,0,46,2.0,def_reb,0,24,0,22
01:03,01:03:00,27,22,5,1,1,REGULAR,77,J. BIRSEN,1,3pt,133,,['fastbreak'],jumpshot,1,1,James Metecan,Birsen,James Metecan,Birsen,J,B,J,B,J. Birsen,FENERBAHÇE BEKO,FBB,J. Birsen,1,,,28.270000457764,75.819999694824,1.0,P3,made,FENERBAHÇE BEKO J. BIRSEN 3Pt made,94.0,1.0,W. BALDWIN IV,,,,,,3,47,1.0,score,3,27,0,22
01:03,01:03:00,27,22,5,1,1,REGULAR,94,W. BALDWIN IV,1,assist,134,133,[],,0,2,Wade M,Baldwin Iv,Wade M,Baldwin Iv,W,B,W,B,W. Baldwin Iv,FENERBAHÇE BEKO,FBB,W. Baldwin Iv,2,,,,,,ASS,,FENERBAHÇE BEKO W. BALDWIN IV assist,,,,,,,,,0,48,2.0,,0,27,0,22
00:45,00:45:10,27,22,5,1,1,REGULAR,76,M. MAHMUTOGLU,1,foul,136,,[],personal,0,10,Melih,Mahmutoglu,Melih,Mahmutoglu,M,M,M,M,M. Mahmutoglu,FENERBAHÇE BEKO,FBB,M. Mahmutoglu,10,,,,,,FOUL,,FENERBAHÇE BEKO M. MAHMUTOGLU foul personal,,,,,,,,,0,48,2.0,,0,27,0,22
00:45,00:45:10,27,22,5,2,1,REGULAR,66,J. FLOYD,1,foulon,137,136,[],,0,20,Jehyve Jamal,Floyd,Jehyve Jamal,Floyd,J,F,J,F,J. Floyd,ALIAGA PETKIM SPOR,PTK,J. Floyd,20,,,,,,OTHER,,ALIAGA PETKIM SPOR foulon,,,,,,,,,0,48,2.0,,0,27,0,22
00:45,00:45:10,27,22,5,1,1,REGULAR,76,M. MAHMUTOGLU,1,substitution,138,,[],out,0,10,Melih,Mahmutoglu,Melih,Mahmutoglu,M,M,M,M,M. Mahmutoglu,FENERBAHÇE BEKO,FBB,M. Mahmutoglu,10,,,,,,SUB,out,FENERBAHÇE BEKO substitution out,,,,,,,,,0,48,2.0,,0,27,0,22
00:45,00:45:10,27,22,5,1,1,REGULAR,78,M. EKSIOGLU,1,substitution,139,,[],in,0,5,Mert Emre,Eksioglu,Mert Emre,Eksioglu,M,E,M,E,M. Eksioglu,FENERBAHÇE BEKO,FBB,M. Eksioglu,5,,,,,,SUB,in,FENERBAHÇE BEKO substitution in,,,,,,,,,0,48,2.0,,0,27,0,22
00:39,00:39:30,27,22,5,1,1,REGULAR,89,O. BITIM,1,foul,144,,"['shooting', '2freethrow']",personal,0,17,Onuralp,Bitim,Onuralp,Bitim,O,B,O,B,O. Bitim,FENERBAHÇE BEKO,FBB,O. Bitim,17,,,,,,FOUL,,FENERBAHÇE BEKO O. BITIM foul personal,,,,,,,,,0,48,2.0,,0,27,0,22
00:39,00:39:30,27,22,5,2,1,REGULAR,69,S. WHITTAKER JR,1,foulon,145,144,[],,0,3,Stanley Mace,Whittaker Jr,Stanley Mace,Whittaker Jr,S,W,S,W,S. Whittaker Jr,ALIAGA PETKIM SPOR,PTK,S. Whittaker Jr,3,,,,,,OTHER,,ALIAGA PETKIM SPOR foulon,,,,,,,,,0,48,2.0,,0,27,0,22
00:39,00:39:30,27,22,5,1,1,REGULAR,78,M. EKSIOGLU,1,substitution,146,,[],out,0,5,Mert Emre,Eksioglu,Mert Emre,Eksioglu,M,E,M,E,M. Eksioglu,FENERBAHÇE BEKO,FBB,M. Eksioglu,5,,,,,,SUB,out,FENERBAHÇE BEKO substitution out,,,,,,,,,0,48,2.0,,0,27,0,22
00:39,00:39:30,27,22,5,1,1,REGULAR,76,M. MAHMUTOGLU,1,substitution,147,,[],in,0,10,Melih,Mahmutoglu,Melih,Mahmutoglu,M,M,M,M,M. Mahmutoglu,FENERBAHÇE BEKO,FBB,M. Mahmutoglu,10,,,,,,SUB,in,FENERBAHÇE BEKO substitution in,,,,,,,,,0,48,2.0,,0,27,0,22
00:39,00:39:30,27,23,4,2,1,REGULAR,69,S. WHITTAKER JR,1,freethrow,148,,[],1of2,1,3,Stanley Mace,Whittaker Jr,Stanley Mace,Whittaker Jr,S,W,S,W,S. Whittaker Jr,ALIAGA PETKIM SPOR,PTK,S. Whittaker Jr,3,,,,,,FT,made,ALIAGA PETKIM SPOR S. WHITTAKER JR FT 1of2 made,,,,,,,,,1,48,2.0,made_ft,0,27,1,23
00:39,00:39:30,27,24,3,2,1,REGULAR,69,S. WHITTAKER JR,1,freethrow,149,,[],2of2,1,3,Stanley Mace,Whittaker Jr,Stanley Mace,Whittaker Jr,S,W,S,W,S. Whittaker Jr,ALIAGA PETKIM SPOR,PTK,S. Whittaker Jr,3,,,,,,FT,made,ALIAGA PETKIM SPOR S. WHITTAKER JR FT 2of2 made,,,,,,,,,1,49,1.0,made_ft_last,0,27,1,24
00:39,00:39:30,27,24,3,1,1,REGULAR,89,O. BITIM,1,substitution,150,,[],out,0,17,Onuralp,Bitim,Onuralp,Bitim,O,B,O,B,O. Bitim,FENERBAHÇE BEKO,FBB,O. Bitim,17,,,,,,SUB,out,FENERBAHÇE BEKO substitution out,,,,,,,,,0,50,2.0,,0,27,0,24
00:39,00:39:30,27,24,3,1,1,REGULAR,96,T. TUCKER,1,substitution,151,,[],in,0,8,Talen Jalee,Tucker,Talen Jalee,Tucker,T,T,T,T,T. Tucker,FENERBAHÇE BEKO,FBB,T. Tucker,8,,,,,,SUB,in,FENERBAHÇE BEKO substitution in,,,,,,,,,0,50,2.0,,0,27,0,24
00:30,00:30:00,29,24,5,1,1,REGULAR,96,T. TUCKER,1,2pt,153,,"['pointsinthepaint', 'fastbreak']",drivinglayup,1,8,Talen Jalee,Tucker,Talen Jalee,Tucker,T,T,T,T,T. Tucker,FENERBAHÇE BEKO,FBB,T. Tucker,8,,,8.1400003433228,52.659999847412,1.0,P2,made,FENERBAHÇE BEKO T. TUCKER 2Pt made,,,,,,,,,2,50,2.0,score,2,29,0,24
00:13,00:13:20,29,24,5,2,1,REGULAR,68,Y. FRANKE,0,2pt,154,,['blocked'],jumpshot,1,5,Yannick Ayrton,Franke,Yannick Ayrton,Franke,Y,F,Y,F,Y. Franke,ALIAGA PETKIM SPOR,PTK,Y. Franke,5,,,75.069999694824,52.090000152588,0.0,P2,missed,ALIAGA PETKIM SPOR Y. FRANKE 2Pt missed,,,,96.0,1.0,T. TUCKER,,,0,51,1.0,,0,29,0,24
00:13,00:13:20,29,24,5,1,1,REGULAR,96,T. TUCKER,1,block,155,154,[],,0,8,Talen Jalee,Tucker,Talen Jalee,Tucker,T,T,T,T,T. Tucker,FENERBAHÇE BEKO,FBB,T. Tucker,8,,,,,,BS,,FENERBAHÇE BEKO T. TUCKER block,,,,,,,,,0,51,1.0,,0,29,0,24
00:09,00:09:70,29,24,5,1,1,REGULAR,96,T. TUCKER,1,rebound,156,154,[],defensive,0,8,Talen Jalee,Tucker,Talen Jalee,Tucker,T,T,T,T,T. Tucker,FENERBAHÇE BEKO,FBB,T. Tucker,8,,,,,,REB,,FENERBAHÇE BEKO rebound defensive,,,,,,,,,0,51,1.0,def_reb,0,29,0,24
00:08,00:08:00,31,24,7,1,1,REGULAR,96,T. TUCKER,1,2pt,157,,"['pointsinthepaint', 'fastbreak']",layup,1,8,Talen Jalee,Tucker,Talen Jalee,Tucker,T,T,T,T,T. Tucker,FENERBAHÇE BEKO,FBB,T. Tucker,8,,,7.0500001907349,47.849998474121,1.0,P2,made,FENERBAHÇE BEKO T. TUCKER 2Pt made,,,,,,,,,2,52,2.0,score,2,31,0,24
00:01,00:01:40,31,27,4,2,1,REGULAR,69,S. WHITTAKER JR,1,3pt,159,,['fastbreak'],jumpshot,1,3,Stanley Mace,Whittaker Jr,Stanley Mace,Whittaker Jr,S,W,S,W,S. Whittaker Jr,ALIAGA PETKIM SPOR,PTK,S. Whittaker Jr,3,,,68.830001831055,95.309997558594,1.0,P3,made,ALIAGA PETKIM SPOR S. WHITTAKER JR 3Pt made,,,,,,,,,3,53,1.0,score,0,31,3,27
00:00,00:00:00,31,27,4,0,1,REGULAR,0,,1,period,162,,['confirmed'],end,0,,,,,,,,,,,,,,,,,,,,OTHER,,period end,,,,,,,,,0,54,2.0,,0,31,0,27
10:00,10:00:00,31,27,4,1,2,REGULAR,96,T. TUCKER,1,substitution,163,,[],out,0,8,Talen Jalee,Tucker,Talen Jalee,Tucker,T,T,T,T,T. Tucker,FENERBAHÇE BEKO,FBB,T. Tucker,8,,,,,,SUB,out,FENERBAHÇE BEKO substitution out,,,,,,,,,0,54,2.0,,0,31,0,27
10:00,10:00:00,31,27,4,1,2,REGULAR,89,O. BITIM,1,substitution,164,,[],in,0,17,Onuralp,Bitim,Onuralp,Bitim,O,B,O,B,O. Bitim,FENERBAHÇE BEKO,FBB,O. Bitim,17,,,,,,SUB,in,FENERBAHÇE BEKO substitution in,,,,,,,,,0,54,2.0,,0,31,0,27
10:00,10:00:00,31,27,4,0,2,REGULAR,0,,1,period,165,,[],start,0,,,,,,,,,,,,,,,,,,,,OTHER,,period start,,,,,,,,,0,54,2.0,,0,31,0,27
09:45,09:45:00,31,29,2,2,2,REGULAR,68,Y. FRANKE,1,2pt,167,,['pointsinthepaint'],layup,1,5,Yannick Ayrton,Franke,Yannick Ayrton,Franke,Y,F,Y,F,Y. Franke,ALIAGA PETKIM SPOR,PTK,Y. Franke,5,,,93.790000915527,43.619998931885,1.0,P2,made,ALIAGA PETKIM SPOR Y. FRANKE 2Pt made,,,,,,,,,2,54,2.0,score,0,31,2,29
09:22,09:22:00,31,29,2,1,2,REGULAR,89,O. BITIM,1,turnover,168,,[],ballhandling,0,17,Onuralp,Bitim,Onuralp,Bitim,O,B,O,B,O. Bitim,FENERBAHÇE BEKO,FBB,O. Bitim,17,,,,,,TO,,FENERBAHÇE BEKO O. BITIM turnover ballhandling,,,,,,,,,0,55,1.0,turnover,0,31,0,29
09:22,09:22:00,31,29,2,2,2,REGULAR,66,J. FLOYD,1,steal,169,168,[],,0,20,Jehyve Jamal,Floyd,Jehyve Jamal,Floyd,J,F,J,F,J. Floyd,ALIAGA PETKIM SPOR,PTK,J. Floyd,20,,,,,,ST,,ALIAGA PETKIM SPOR J. FLOYD steal,,,,,,,,,0,56,2.0,,0,31,0,29
09:16,09:16:00,31,31,0,2,2,REGULAR,69,S. WHITTAKER JR,1,2pt,170,,"['fromturnover', 'pointsinthepaint', 'fastbreak']",jumpshot,1,3,Stanley Mace,Whittaker Jr,Stanley Mace,Whittaker Jr,S,W,S,W,S. Whittaker Jr,ALIAGA PETKIM SPOR,PTK,S. Whittaker Jr,3,,,93.480003356934,45.310001373291,1.0,P2,made,ALIAGA PETKIM SPOR S. WHITTAKER JR 2Pt made,66.0,2.0,J. FLOYD,,,,,,2,56,2.0,score,0,31,2,31
09:16,09:16:00,31,31,0,2,2,REGULAR,66,J. FLOYD,1,assist,171,170,[],,0,20,Jehyve Jamal,Floyd,Jehyve Jamal,Floyd,J,F,J,F,J. Floyd,ALIAGA PETKIM SPOR,PTK,J. Floyd,20,,,,,,ASS,,ALIAGA PETKIM SPOR J. FLOYD assist,,,,,,,,,0,57,1.0,,0,31,0,31
09:00,09:00:00,31,31,0,1,2,REGULAR,77,J. BIRSEN,0,3pt,172,,[],jumpshot,1,1,James Metecan,Birsen,James Metecan,Birsen,J,B,J,B,J. Birsen,FENERBAHÇE BEKO,FBB,J. Birsen,1,,,30.299999237061,92.769996643066,0.0,P3,missed,FENERBAHÇE BEKO J. BIRSEN 3Pt missed,,,,,,,,,0,57,1.0,def_reb,0,31,0,31
08:58,08:58:00,31,31,0,2,2,REGULAR,70,U. UTOMI,1,rebound,173,172,[],defensive,0,8,Uzodinma,Utomi,Uzodinma,Utomi,U,U,U,U,U. Utomi,ALIAGA PETKIM SPOR,PTK,U. Utomi,8,,,,,,REB,,ALIAGA PETKIM SPOR rebound defensive,,,,,,,,,0,58,2.0,def_reb,0,31,0,31
08:33,08:33:00,31,31,0,2,2,REGULAR,69,S. WHITTAKER JR,0,3pt,174,,[],jumpshot,1,3,Stanley Mace,Whittaker Jr,Stanley Mace,Whittaker Jr,S,W,S,W,S. Whittaker Jr,ALIAGA PETKIM SPOR,PTK,S. Whittaker Jr,3,,,72.419998168945,87.120002746582,0.0,P3,missed,ALIAGA PETKIM SPOR S. WHITTAKER JR 3Pt missed,,,,,,,,,0,59,1.0,def_reb,0,31,0,31
08:30,08:30:00,31,31,0,1,2,REGULAR,94,W. BALDWIN IV,1,rebound,175,174,[],defensive,0,2,Wade M,Baldwin Iv,Wade M,Baldwin Iv,W,B,W,B,W. Baldwin Iv,FENERBAHÇE BEKO,FBB,W. Baldwin Iv,2,,,,,,REB,,FENERBAHÇE BEKO rebound defensive,,,,,,,,,0,60,2.0,def_reb,0,31,0,31
08:29,08:29:00,31,31,0,2,2,REGULAR,43,M. KURTULDUM,1,foul,177,,[],personal,0,7,Mustafa,Kurtuldum,Mustafa,Kurtuldum,M,K,M,K,M. Kurtuldum,ALIAGA PETKIM SPOR,PTK,M. Kurtuldum,7,,,,,,FOUL,,ALIAGA PETKIM SPOR M. KURTULDUM foul personal,,,,,,,,,0,61,1.0,,0,31,0,31
08:29,08:29:00,31,31,0,1,2,REGULAR,94,W. BALDWIN IV,1,foulon,178,177,[],,0,2,Wade M,Baldwin Iv,Wade M,Baldwin Iv,W,B,W,B,W. Baldwin Iv,FENERBAHÇE BEKO,FBB,W. Baldwin Iv,2,,,,,,OTHER,,FENERBAHÇE BEKO foulon,,,,,,,,,0,61,1.0,,0,31,0,31
08:29,08:29:00,31,31,0,1,2,REGULAR,94,W. BALDWIN IV,1,substitution,179,,[],out,0,2,Wade M,Baldwin Iv,Wade M,Baldwin Iv,W,B,W,B,W. Baldwin Iv,FENERBAHÇE BEKO,FBB,W. Baldwin Iv,2,,,,,,SUB,out,FENERBAHÇE BEKO substitution out,,,,,,,,,0,61,1.0,,0,31,0,31
08:29,08:29:00,31,31,0,1,2,REGULAR,76,M. MAHMUTOGLU,1,substitution,180,,[],out,0,10,Melih,Mahmutoglu,Melih,Mahmutoglu,M,M,M,M,M. Mahmutoglu,FENERBAHÇE BEKO,FBB,M. Mahmutoglu,10,,,,,,SUB,out,FENERBAHÇE BEKO substitution out,,,,,,,,,0,61,1.0,,0,31,0,31
08:29,08:29:00,31,31,0,1,2,REGULAR,89,O. BITIM,1,substitution,181,,[],out,0,17,Onuralp,Bitim,Onuralp,Bitim,O,B,O,B,O. Bitim,FENERBAHÇE BEKO,FBB,O. Bitim,17,,,,,,SUB,out,FENERBAHÇE BEKO substitution out,,,,,,,,,0,61,1.0,,0,31,0,31
08:29,08:29:00,31,31,0,1,2,REGULAR,96,T. TUCKER,1,substitution,182,,[],in,0,8,Talen Jalee,Tucker,Talen Jalee,Tucker,T,T,T,T,T. Tucker,FENERBAHÇE BEKO,FBB,T. Tucker,8,,,,,,SUB,in,FENERBAHÇE BEKO substitution in,,,,,,,,,0,61,1.0,,0,31,0,31
08:29,08:29:00,31,31,0,1,2,REGULAR,79,T. BIBEROVIÇ,1,substitution,183,,[],in,0,13,Tarik,Biberoviç,Tarik,Biberoviç,T,B,T,B,T. Biberoviç,FENERBAHÇE BEKO,FBB,T. Biberoviç,13,,,,,,SUB,in,FENERBAHÇE BEKO substitution in,,,,,,,,,0,61,1.0,,0,31,0,31
08:29,08:29:00,31,31,0,1,2,REGULAR,95,D. HALL,1,substitution,184,,[],in,0,20,Devon Howard,Hall,Devon Howard,Hall,D,H,D,H,D. Hall,FENERBAHÇE BEKO,FBB,D. Hall,20,,,,,,SUB,in,FENERBAHÇE BEKO substitution in,,,,,,,,,0,61,1.0,,0,31,0,31
08:23,08:23:00,33,31,2,1,2,REGULAR,93,B. COLSON II,1,2pt,186,,['pointsinthepaint'],jumpshot,1,50,Bonzie Alexander,Colson Ii,Bonzie Alexander,Colson Ii,B,C,B,C,B. Colson Ii,FENERBAHÇE BEKO,FBB,B. Colson Ii,50,,,14.539999961853,43.619998931885,1.0,P2,made,FENERBAHÇE BEKO B. COLSON II 2Pt made,,,,,,,,,2,61,1.0,score,2,33,0,31
08:11,08:11:00,33,33,0,2,2,REGULAR,70,U. UTOMI,1,2pt,187,,['pointsinthepaint'],jumpshot,1,8,Uzodinma,Utomi,Uzodinma,Utomi,U,U,U,U,U. Utomi,ALIAGA PETKIM SPOR,PTK,U. Utomi,8,,,93.01000213623,56.330001831055,1.0,P2,made,ALIAGA PETKIM SPOR U. UTOMI 2Pt made,69.0,2.0,S. WHITTAKER JR,,,,,,2,62,2.0,score,0,33,2,33
08:11,08:11:00,33,33,0,2,2,REGULAR,69,S. WHITTAKER JR,1,assist,188,187,[],,0,3,Stanley Mace,Whittaker Jr,Stanley Mace,Whittaker Jr,S,W,S,W,S. Whittaker Jr,ALIAGA PETKIM SPOR,PTK,S. Whittaker Jr,3,,,,,,ASS,,ALIAGA PETKIM SPOR S. WHITTAKER JR assist,,,,,,,,,0,63,1.0,,0,33,0,33
07:54,07:54:00,35,33,2,1,2,REGULAR,96,T. TUCKER,1,2pt,189,,['pointsinthepaint'],fadeaway,1,8,Talen Jalee,Tucker,Talen Jalee,Tucker,T,T,T,T,T. Tucker,FENERBAHÇE BEKO,FBB,T. Tucker,8,,,15.789999961853,40.229999542236,1.0,P2,made,FENERBAHÇE BEKO T. TUCKER 2Pt made,,,,,,,,,2,63,1.0,score,2,35,0,33
07:39,07:39:00,35,33,2,2,2,REGULAR,43,M. KURTULDUM,0,3pt,190,,[],jumpshot,1,7,Mustafa,Kurtuldum,Mustafa,Kurtuldum,M,K,M,K,M. Kurtuldum,ALIAGA PETKIM SPOR,PTK,M. Kurtuldum,7,,,83.339996337891,5.7600002288818,0.0,P3,missed,ALIAGA PETKIM SPOR M. KURTULDUM 3Pt missed,,,,,,,,,0,64,2.0,def_reb,0,35,0,33
07:37,07:37:00,35,33,2,1,2,REGULAR,96,T. TUCKER,1,rebound,191,190,[],defensive,0,8,Talen Jalee,Tucker,Talen Jalee,Tucker,T,T,T,T,T. Tucker,FENERBAHÇE BEKO,FBB,T. Tucker,8,,,,,,REB,,FENERBAHÇE BEKO rebound defensive,,,,,,,,,0,65,1.0,def_reb,0,35,0,33
07:30,07:30:00,35,33,2,2,2,REGULAR,43,M. KURTULDUM,1,foul,193,,"['shooting', '2freethrow']",personal,0,7,Mustafa,Kurtuldum,Mustafa,Kurtuldum,M,K,M,K,M. Kurtuldum,ALIAGA PETKIM SPOR,PTK,M. Kurtuldum,7,,,,,,FOUL,,ALIAGA PETKIM SPOR M. KURTULDUM foul personal,,,,,,,,,0,66,2.0,,0,35,0,33
07:30,07:30:00,35,33,2,1,2,REGULAR,79,T. BIBEROVIÇ,1,foulon,194,193,[],,0,13,Tarik,Biberoviç,Tarik,Biberoviç,T,B,T,B,T. Biberoviç,FENERBAHÇE BEKO,FBB,T. Biberoviç,13,,,,,,OTHER,,FENERBAHÇE BEKO foulon,,,,,,,,,0,66,2.0,,0,35,0,33
07:30,07:30:00,35,33,2,1,2,REGULAR,77,J. BIRSEN,1,substitution,195,,[],out,0,1,James Metecan,Birsen,James Metecan,Birsen,J,B,J,B,J. Birsen,FENERBAHÇE BEKO,FBB,J. Birsen,1,,,,,,SUB,out,FENERBAHÇE BEKO substitution out,,,,,,,,,0,66,2.0,,0,35,0,33
07:30,07:30:00,35,33,2,1,2,REGULAR,93,B. COLSON II,1,substitution,196,,[],out,0,50,Bonzie Alexander,Colson Ii,Bonzie Alexander,Colson Ii,B,C,B,C,B. Colson Ii,FENERBAHÇE BEKO,FBB,B. Colson Ii,50,,,,,,SUB,out,FENERBAHÇE BEKO substitution out,,,,,,,,,0,66,2.0,,0,35,0,33
07:30,07:30:00,35,33,2,1,2,REGULAR,92,N. MELLI,1,substitution,197,,[],in,0,4,Nicolo,Melli,Nicolo,Melli,N,M,N,M,N. Melli,FENERBAHÇE BEKO,FBB,N. Melli,4,,,,,,SUB,in,FENERBAHÇE BEKO substitution in,,,,,,,,,0,66,2.0,,0,35,0,33
07:30,07:30:00,35,33,2,1,2,REGULAR,98,M. JANTUNEN,1,substitution,198,,[],in,0,18,Mikael Olli Axel,Jantunen,Mikael Olli Axel,Jantunen,M,J,M,J,M. Jantunen,FENERBAHÇE BEKO,FBB,M. Jantunen,18,,,,,,SUB,in,FENERBAHÇE BEKO substitution in,,,,,,,,,0,66,2.0,,0,35,0,33
07:30,07:30:00,36,33,3,1,2,REGULAR,79,T. BIBEROVIÇ,1,freethrow,199,,[],1of2,1,13,Tarik,Biberoviç,Tarik,Biberoviç,T,B,T,B,T. Biberoviç,FENERBAHÇE BEKO,FBB,T. Biberoviç,13,,,,,,FT,made,FENERBAHÇE BEKO T. BIBEROVIÇ FT 1of2 made,,,,,,,,,1,66,2.0,made_ft,1,36,0,33
07:30,07:30:00,37,33,4,1,2,REGULAR,79,T. BIBEROVIÇ,1,freethrow,200,,[],2of2,1,13,Tarik,Biberoviç,Tarik,Biberoviç,T,B,T,B,T. Biberoviç,FENERBAHÇE BEKO,FBB,T. Biberoviç,13,,,,,,FT,made,FENERBAHÇE BEKO T. BIBEROVIÇ FT 2of2 made,,,,,,,,,1,67,1.0,made_ft_last,1,37,0,33
07:30,07:30:00,37,33,4,2,2,REGULAR,68,Y. FRANKE,1,substitution,201,,[],out,0,5,Yannick Ayrton,Franke,Yannick Ayrton,Franke,Y,F,Y,F,Y. Franke,ALIAGA PETKIM SPOR,PTK,Y. Franke,5,,,,,,SUB,out,ALIAGA PETKIM SPOR substitution out,,,,,,,,,0,68,2.0,,0,37,0,33
07:30,07:30:00,37,33,4,2,2,REGULAR,43,M. KURTULDUM,1,substitution,202,,[],out,0,7,Mustafa,Kurtuldum,Mustafa,Kurtuldum,M,K,M,K,M. Kurtuldum,ALIAGA PETKIM SPOR,PTK,M. Kurtuldum,7,,,,,,SUB,out,ALIAGA PETKIM SPOR substitution out,,,,,,,,,0,68,2.0,,0,37,0,33
07:30,07:30:00,37,33,4,2,2,REGULAR,67,D. EFIANAYI,1,substitution,203,,[],in,0,4,David,Efianayi,David,Efianayi,D,E,D,E,D. Efianayi,ALIAGA PETKIM SPOR,PTK,D. Efianayi,4,,,,,,SUB,in,ALIAGA PETKIM SPOR substitution in,,,,,,,,,0,68,2.0,,0,37,0,33
07:30,07:30:00,37,33,4,2,2,REGULAR,42,Y. SONSIRMA,1,substitution,204,,[],in,0,9,Yunus Emre,Sonsirma,Yunus Emre,Sonsirma,Y,S,Y,S,Y. Sonsirma,ALIAGA PETKIM SPOR,PTK,Y. Sonsirma,9,,,,,,SUB,in,ALIAGA PETKIM SPOR substitution in,,,,,,,,,0,68,2.0,,0,37,0,33
07:09,07:09:00,37,35,2,2,2,REGULAR,66,J. FLOYD,1,2pt,206,,['pointsinthepaint'],alleyoopdunk,1,20,Jehyve Jamal,Floyd,Jehyve Jamal,Floyd,J,F,J,F,J. Floyd,ALIAGA PETKIM SPOR,PTK,J. Floyd,20,,,93.319999694824,46.720001220703,1.0,P2,made,ALIAGA PETKIM SPOR J. FLOYD 2Pt made,69.0,2.0,S. WHITTAKER JR,,,,,,2,68,2.0,score,0,37,2,35
07:09,07:09:00,37,35,2,2,2,REGULAR,69,S. WHITTAKER JR,1,assist,207,206,[],,0,3,Stanley Mace,Whittaker Jr,Stanley Mace,Whittaker Jr,S,W,S,W,S. Whittaker Jr,ALIAGA PETKIM SPOR,PTK,S. Whittaker Jr,3,,,,,,ASS,,ALIAGA PETKIM SPOR S. WHITTAKER JR assist,,,,,,,,,0,69,1.0,,0,37,0,35
07:00,07:00:00,37,35,2,1,2,REGULAR,96,T. TUCKER,1,turnover,209,,[],backcourt,0,8,Talen Jalee,Tucker,Talen Jalee,Tucker,T,T,T,T,T. Tucker,FENERBAHÇE BEKO,FBB,T. Tucker,8,,,,,,TO,,FENERBAHÇE BEKO T. TUCKER turnover backcourt,,,,,,,,,0,69,1.0,turnover,0,37,0,35
06:48,06:48:00,37,35,2,1,2,REGULAR,92,N. MELLI,1,foul,212,,[],personal,0,4,Nicolo,Melli,Nicolo,Melli,N,M,N,M,N. Melli,FENERBAHÇE BEKO,FBB,N. Melli,4,,,,,,FOUL,,FENERBAHÇE BEKO N. MELLI foul personal,,,,,,,,,0,70,2.0,,0,37,0,35
06:48,06:48:00,37,35,2,2,2,REGULAR,42,Y. SONSIRMA,1,foulon,213,212,[],,0,9,Yunus Emre,Sonsirma,Yunus Emre,Sonsirma,Y,S,Y,S,Y. Sonsirma,ALIAGA PETKIM SPOR,PTK,Y. Sonsirma,9,,,,,,OTHER,,ALIAGA PETKIM SPOR foulon,,,,,,,,,0,70,2.0,,0,37,0,35
06:41,06:41:00,37,35,2,2,2,REGULAR,69,S. WHITTAKER JR,1,turnover,215,,[],badpass,0,3,Stanley Mace,Whittaker Jr,Stanley Mace,Whittaker Jr,S,W,S,W,S. Whittaker Jr,ALIAGA PETKIM SPOR,PTK,S. Whittaker Jr,3,,,,,,TO,,ALIAGA PETKIM SPOR S. WHITTAKER JR turnover badpass,,,,,,,,,0,70,2.0,turnover,0,37,0,35
06:41,06:41:00,37,35,2,1,2,REGULAR,95,D. HALL,1,steal,216,215,[],,0,20,Devon Howard,Hall,Devon Howard,Hall,D,H,D,H,D. Hall,FENERBAHÇE BEKO,FBB,D. Hall,20,,,,,,ST,,FENERBAHÇE BEKO D. HALL steal,,,,,,,,,0,71,1.0,,0,37,0,35
06:30,06:30:00,39,35,4,1,2,REGULAR,95,D. HALL,1,2pt,218,,"['fromturnover', 'pointsinthepaint']",drivinglayup,1,20,Devon Howard,Hall,Devon Howard,Hall,D,H,D,H,D. Hall,FENERBAHÇE BEKO,FBB,D. Hall,20,,,5.6500000953674,45.029998779297,1.0,P2,made,FENERBAHÇE BEKO D. HALL 2Pt made,79.0,1.0,T. BIBEROVIÇ,,,,,,2,71,1.0,score,2,39,0,35
06:30,06:30:00,39,35,4,1,2,REGULAR,79,T. BIBEROVIÇ,1,assist,219,218,[],,0,13,Tarik,Biberoviç,Tarik,Biberoviç,T,B,T,B,T. Biberoviç,FENERBAHÇE BEKO,FBB,T. Biberoviç,13,,,,,,ASS,,FENERBAHÇE BEKO T. BIBEROVIÇ assist,,,,,,,,,0,72,2.0,,0,39,0,35
06:30,06:30:00,39,35,4,2,2,REGULAR,70,U. UTOMI,1,foul,220,,"['shooting', '1freethrow']",personal,0,8,Uzodinma,Utomi,Uzodinma,Utomi,U,U,U,U,U. Utomi,ALIAGA PETKIM SPOR,PTK,U. Utomi,8,,,,,,FOUL,,ALIAGA PETKIM SPOR U. UTOMI foul personal,,,,,,,,,0,72,2.0,,0,39,0,35
06:30,06:30:00,39,35,4,1,2,REGULAR,95,D. HALL,1,foulon,221,220,[],,0,20,Devon Howard,Hall,Devon Howard,Hall,D,H,D,H,D. Hall,FENERBAHÇE BEKO,FBB,D. Hall,20,,,,,,OTHER,,FENERBAHÇE BEKO foulon,,,,,,,,,0,72,2.0,,0,39,0,35
06:30,06:30:00,39,35,4,2,2,REGULAR,66,J. FLOYD,1,substitution,222,,[],out,0,20,Jehyve Jamal,Floyd,Jehyve Jamal,Floyd,J,F,J,F,J. Floyd,ALIAGA PETKIM SPOR,PTK,J. Floyd,20,,,,,,SUB,out,ALIAGA PETKIM SPOR substitution out,,,,,,,,,0,72,2.0,,0,39,0,35
06:30,06:30:00,39,35,4,2,2,REGULAR,64,M. SAJUS,1,substitution,223,,[],in,0,19,Martynas,Sajus,Martynas,Sajus,M,S,M,S,M. Sajus,ALIAGA PETKIM SPOR,PTK,M. Sajus,19,,,,,,SUB,in,ALIAGA PETKIM SPOR substitution in,,,,,,,,,0,72,2.0,,0,39,0,35
06:30,06:30:00,40,35,5,1,2,REGULAR,95,D. HALL,1,freethrow,224,,['fromturnover'],1of1,1,20,Devon Howard,Hall,Devon Howard,Hall,D,H,D,H,D. Hall,FENERBAHÇE BEKO,FBB,D. Hall,20,,,,,,FT,made,FENERBAHÇE BEKO D. HALL FT 1of1 made,,,,,,,,,1,72,2.0,made_ft_last,1,40,0,35
06:10,06:10:00,40,35,5,2,2,REGULAR,64,M. SAJUS,1,turnover,226,,[],ballhandling,0,19,Martynas,Sajus,Martynas,Sajus,M,S,M,S,M. Sajus,ALIAGA PETKIM SPOR,PTK,M. Sajus,19,,,,,,TO,,ALIAGA PETKIM SPOR M. SAJUS turnover ballhandling,,,,,,,,,0,73,1.0,turnover,0,40,0,35
06:10,06:10:00,40,35,5,1,2,REGULAR,79,T. BIBEROVIÇ,1,steal,227,226,[],,0,13,Tarik,Biberoviç,Tarik,Biberoviç,T,B,T,B,T. Biberoviç,FENERBAHÇE BEKO,FBB,T. Biberoviç,13,,,,,,ST,,FENERBAHÇE BEKO T. BIBEROVIÇ steal,,,,,,,,,0,74,2.0,,0,40,0,35
06:04,06:04:00,40,35,5,1,2,REGULAR,79,T. BIBEROVIÇ,1,turnover,228,,[],ballhandling,0,13,Tarik,Biberoviç,Tarik,Biberoviç,T,B,T,B,T. Biberoviç,FENERBAHÇE BEKO,FBB,T. Biberoviç,13,,,,,,TO,,FENERBAHÇE BEKO T. BIBEROVIÇ turnover ballhandling,,,,,,,,,0,74,2.0,turnover,0,40,0,35
06:04,06:04:00,40,35,5,2,2,REGULAR,69,S. WHITTAKER JR,1,steal,229,228,[],,0,3,Stanley Mace,Whittaker Jr,Stanley Mace,Whittaker Jr,S,W,S,W,S. Whittaker Jr,ALIAGA PETKIM SPOR,PTK,S. Whittaker Jr,3,,,,,,ST,,ALIAGA PETKIM SPOR S. WHITTAKER JR steal,,,,,,,,,0,75,1.0,,0,40,0,35
05:49,05:49:00,40,35,5,2,2,REGULAR,67,D. EFIANAYI,0,3pt,230,,['fromturnover'],jumpshot,1,4,David,Efianayi,David,Efianayi,D,E,D,E,D. Efianayi,ALIAGA PETKIM SPOR,PTK,D. Efianayi,4,,,66.180000305176,78.639999389648,0.0,P3,missed,ALIAGA PETKIM SPOR D. EFIANAYI 3Pt missed,,,,,,,,,0,75,1.0,def_reb,0,40,0,35
05:46,05:46:00,40,35,5,1,2,REGULAR,79,T. BIBEROVIÇ,1,rebound,231,230,[],defensive,0,13,Tarik,Biberoviç,Tarik,Biberoviç,T,B,T,B,T. Biberoviç,FENERBAHÇE BEKO,FBB,T. Biberoviç,13,,,,,,REB,,FENERBAHÇE BEKO rebound defensive,,,,,,,,,0,76,2.0,def_reb,0,40,0,35
05:36,05:36:00,42,35,7,1,2,REGULAR,98,M. JANTUNEN,1,2pt,233,,['pointsinthepaint'],jumpshot,1,18,Mikael Olli Axel,Jantunen,Mikael Olli Axel,Jantunen,M,J,M,J,M. Jantunen,FENERBAHÇE BEKO,FBB,M. Jantunen,18,,,6.7399997711182,57.459999084473,1.0,P2,made,FENERBAHÇE BEKO M. JANTUNEN 2Pt made,79.0,1.0,T. BIBEROVIÇ,,,,,,2,77,1.0,score,2,42,0,35
05:36,05:36:00,42,35,7,1,2,REGULAR,79,T. BIBEROVIÇ,1,assist,234,233,[],,0,13,Tarik,Biberoviç,Tarik,Biberoviç,T,B,T,B,T. Biberoviç,FENERBAHÇE BEKO,FBB,T. Biberoviç,13,,,,,,ASS,,FENERBAHÇE BEKO T. BIBEROVIÇ assist,,,,,,,,,0,78,2.0,,0,42,0,35
05:36,05:36:00,42,35,7,2,2,REGULAR,0,,1,timeout,235,,[],full,0,,,,,,,,,,,ALIAGA PETKIM SPOR,PTK,,,,,,,,TIMEOUT,,ALIAGA PETKIM SPOR timeout,,,,,,,,,0,78,2.0,,0,42,0,35
05:36,05:36:00,42,35,7,1,2,REGULAR,96,T. TUCKER,1,substitution,236,,[],out,0,8,Talen Jalee,Tucker,Talen Jalee,Tucker,T,T,T,T,T. Tucker,FENERBAHÇE BEKO,FBB,T. Tucker,8,,,,,,SUB,out,FENERBAHÇE BEKO substitution out,,,,,,,,,0,78,2.0,,0,42,0,35
05:36,05:36:00,42,35,7,1,2,REGULAR,76,M. MAHMUTOGLU,1,substitution,237,,[],in,0,10,Melih,Mahmutoglu,Melih,Mahmutoglu,M,M,M,M,M. Mahmutoglu,FENERBAHÇE BEKO,FBB,M. Mahmutoglu,10,,,,,,SUB,in,FENERBAHÇE BEKO substitution in,,,,,,,,,0,78,2.0,,0,42,0,35
05:14,05:14:00,42,37,5,2,2,REGULAR,69,S. WHITTAKER JR,1,2pt,239,,[],floatingjumpshot,1,3,Stanley Mace,Whittaker Jr,Stanley Mace,Whittaker Jr,S,W,S,W,S. Whittaker Jr,ALIAGA PETKIM SPOR,PTK,S. Whittaker Jr,3,,,80.839996337891,75.25,1.0,P2,made,ALIAGA PETKIM SPOR S. WHITTAKER JR 2Pt made,,,,,,,,,2,78,2.0,score,0,42,2,37
04:47,04:47:00,45,37,8,1,2,REGULAR,92,N. MELLI,1,3pt,240,,[],jumpshot,1,4,Nicolo,Melli,Nicolo,Melli,N,M,N,M,N. Melli,FENERBAHÇE BEKO,FBB,N. Melli,4,,,31.540000915527,72.430000305176,1.0,P3,made,FENERBAHÇE BEKO N. MELLI 3Pt made,98.0,1.0,M. JANTUNEN,,,,,,3,79,1.0,score,3,45,0,37
04:47,04:47:00,45,37,8,1,2,REGULAR,98,M. JANTUNEN,1,assist,241,240,[],,0,18,Mikael Olli Axel,Jantunen,Mikael Olli Axel,Jantunen,M,J,M,J,M. Jantunen,FENERBAHÇE BEKO,FBB,M. Jantunen,18,,,,,,ASS,,FENERBAHÇE BEKO M. JANTUNEN assist,,,,,,,,,0,80,2.0,,0,45,0,37
04:20,04:20:00,45,37,8,2,2,REGULAR,42,Y. SONSIRMA,0,3pt,242,,[],jumpshot,1,9,Yunus Emre,Sonsirma,Yunus Emre,Sonsirma,Y,S,Y,S,Y. Sonsirma,ALIAGA PETKIM SPOR,PTK,Y. Sonsirma,9,,,64.620002746582,26.950000762939,0.0,P3,missed,ALIAGA PETKIM SPOR Y. SONSIRMA 3Pt missed,,,,,,,,,0,80,2.0,def_reb,0,45,0,37
04:17,04:17:00,45,37,8,1,2,REGULAR,98,M. JANTUNEN,1,rebound,243,242,[],defensive,0,18,Mikael Olli Axel,Jantunen,Mikael Olli Axel,Jantunen,M,J,M,J,M. Jantunen,FENERBAHÇE BEKO,FBB,M. Jantunen,18,,,,,,REB,,FENERBAHÇE BEKO rebound defensive,,,,,,,,,0,81,1.0,def_reb,0,45,0,37
04:08,04:08:00,47,37,10,1,2,REGULAR,98,M. JANTUNEN,1,2pt,245,,['fastbreak'],jumpshot,1,18,Mikael Olli Axel,Jantunen,Mikael Olli Axel,Jantunen,M,J,M,J,M. Jantunen,FENERBAHÇE BEKO,FBB,M. Jantunen,18,,,22.030000686646,23.840000152588,1.0,P2,made,FENERBAHÇE BEKO M. JANTUNEN 2Pt made,79.0,1.0,T. BIBEROVIÇ,,,,,,2,82,2.0,score,2,47,0,37
04:08,04:08:00,47,37,10,1,2,REGULAR,79,T. BIBEROVIÇ,1,assist,246,245,[],,0,13,Tarik,Biberoviç,Tarik,Biberoviç,T,B,T,B,T. Biberoviç,FENERBAHÇE BEKO,FBB,T. Biberoviç,13,,,,,,ASS,,FENERBAHÇE BEKO T. BIBEROVIÇ assist,,,,,,,,,0,83,1.0,,0,47,0,37
03:57,03:57:00,47,37,10,1,2,REGULAR,98,M. JANTUNEN,1,foul,248,,[],personal,0,18,Mikael Olli Axel,Jantunen,Mikael Olli Axel,Jantunen,M,J,M,J,M. Jantunen,FENERBAHÇE BEKO,FBB,M. Jantunen,18,,,,,,FOUL,,FENERBAHÇE BEKO M. JANTUNEN foul personal,,,,,,,,,0,83,1.0,,0,47,0,37
03:57,03:57:00,47,37,10,2,2,REGULAR,64,M. SAJUS,1,foulon,249,248,[],,0,19,Martynas,Sajus,Martynas,Sajus,M,S,M,S,M. Sajus,ALIAGA PETKIM SPOR,PTK,M. Sajus,19,,,,,,OTHER,,ALIAGA PETKIM SPOR foulon,,,,,,,,,0,83,1.0,,0,47,0,37
03:57,03:57:00,47,37,10,1,2,REGULAR,92,N. MELLI,1,substitution,250,,[],out,0,4,Nicolo,Melli,Nicolo,Melli,N,M,N,M,N. Melli,FENERBAHÇE BEKO,FBB,N. Melli,4,,,,,,SUB,out,FENERBAHÇE BEKO substitution out,,,,,,,,,0,83,1.0,,0,47,0,37
03:57,03:57:00,47,37,10,1,2,REGULAR,98,M. JANTUNEN,1,substitution,251,,[],out,0,18,Mikael Olli Axel,Jantunen,Mikael Olli Axel,Jantunen,M,J,M,J,M. Jantunen,FENERBAHÇE BEKO,FBB,M. Jantunen,18,,,,,,SUB,out,FENERBAHÇE BEKO substitution out,,,,,,,,,0,83,1.0,,0,47,0,37
03:57,03:57:00,47,37,10,1,2,REGULAR,95,D. HALL,1,substitution,252,,[],out,0,20,Devon Howard,Hall,Devon Howard,Hall,D,H,D,H,D. Hall,FENERBAHÇE BEKO,FBB,D. Hall,20,,,,,,SUB,out,FENERBAHÇE BEKO substitution out,,,,,,,,,0,83,1.0,,0,47,0,37
03:57,03:57:00,47,37,10,1,2,REGULAR,77,J. BIRSEN,1,substitution,253,,[],in,0,1,James Metecan,Birsen,James Metecan,Birsen,J,B,J,B,J. Birsen,FENERBAHÇE BEKO,FBB,J. Birsen,1,,,,,,SUB,in,FENERBAHÇE BEKO substitution in,,,,,,,,,0,83,1.0,,0,47,0,37
03:57,03:57:00,47,37,10,1,2,REGULAR,94,W. BALDWIN IV,1,substitution,254,,[],in,0,2,Wade M,Baldwin Iv,Wade M,Baldwin Iv,W,B,W,B,W. Baldwin Iv,FENERBAHÇE BEKO,FBB,W. Baldwin Iv,2,,,,,,SUB,in,FENERBAHÇE BEKO substitution in,,,,,,,,,0,83,1.0,,0,47,0,37
03:57,03:57:00,47,37,10,1,2,REGULAR,93,B. COLSON II,1,substitution,255,,[],in,0,50,Bonzie Alexander,Colson Ii,Bonzie Alexander,Colson Ii,B,C,B,C,B. Colson Ii,FENERBAHÇE BEKO,FBB,B. Colson Ii,50,,,,,,SUB,in,FENERBAHÇE BEKO substitution in,,,,,,,,,0,83,1.0,,0,47,0,37
03:46,03:46:00,47,37,10,2,2,REGULAR,69,S. WHITTAKER JR,0,3pt,257,,[],jumpshot,1,3,Stanley Mace,Whittaker Jr,Stanley Mace,Whittaker Jr,S,W,S,W,S. Whittaker Jr,ALIAGA PETKIM SPOR,PTK,S. Whittaker Jr,3,,,94.26000213623,4.0700001716614,0.0,P3,missed,ALIAGA PETKIM SPOR S. WHITTAKER JR 3Pt missed,,,,,,,,,0,83,1.0,def_reb,0,47,0,37
03:42,03:42:00,47,37,10,1,2,REGULAR,76,M. MAHMUTOGLU,1,rebound,258,257,[],defensive,0,10,Melih,Mahmutoglu,Melih,Mahmutoglu,M,M,M,M,M. Mahmutoglu,FENERBAHÇE BEKO,FBB,M. Mahmutoglu,10,,,,,,REB,,FENERBAHÇE BEKO rebound defensive,,,,,,,,,0,84,2.0,def_reb,0,47,0,37
03:32,03:32:00,47,37,10,1,2,REGULAR,79,T. BIBEROVIÇ,1,turnover,259,,[],badpass,0,13,Tarik,Biberoviç,Tarik,Biberoviç,T,B,T,B,T. Biberoviç,FENERBAHÇE BEKO,FBB,T. Biberoviç,13,,,,,,TO,,FENERBAHÇE BEKO T. BIBEROVIÇ turnover badpass,,,,,,,,,0,85,1.0,turnover,0,47,0,37
03:32,03:32:00,47,37,10,2,2,REGULAR,64,M. SAJUS,1,steal,260,259,[],,0,19,Martynas,Sajus,Martynas,Sajus,M,S,M,S,M. Sajus,ALIAGA PETKIM SPOR,PTK,M. Sajus,19,,,,,,ST,,ALIAGA PETKIM SPOR M. SAJUS steal,,,,,,,,,0,86,2.0,,0,47,0,37
03:28,03:28:00,47,39,8,2,2,REGULAR,67,D. EFIANAYI,1,2pt,261,,"['fromturnover', 'pointsinthepaint', 'fastbreak']",layup,1,4,David,Efianayi,David,Efianayi,D,E,D,E,D. Efianayi,ALIAGA PETKIM SPOR,PTK,D. Efianayi,4,,,94.099998474121,45.880001068115,1.0,P2,made,ALIAGA PETKIM SPOR D. EFIANAYI 2Pt made,69.0,2.0,S. WHITTAKER JR,,,,,,2,86,2.0,score,0,47,2,39
03:28,03:28:00,47,39,8,2,2,REGULAR,69,S. WHITTAKER JR,1,assist,262,261,[],,0,3,Stanley Mace,Whittaker Jr,Stanley Mace,Whittaker Jr,S,W,S,W,S. Whittaker Jr,ALIAGA PETKIM SPOR,PTK,S. Whittaker Jr,3,,,,,,ASS,,ALIAGA PETKIM SPOR S. WHITTAKER JR assist,,,,,,,,,0,87,1.0,,0,47,0,39
03:19,03:19:00,49,39,10,1,2,REGULAR,94,W. BALDWIN IV,1,2pt,264,,"['pointsinthepaint', 'fastbreak']",dunk,1,2,Wade M,Baldwin Iv,Wade M,Baldwin Iv,W,B,W,B,W. Baldwin Iv,FENERBAHÇE BEKO,FBB,W. Baldwin Iv,2,,,10.170000076294,56.610000610352,1.0,P2,made,FENERBAHÇE BEKO W. BALDWIN IV 2Pt made,79.0,1.0,T. BIBEROVIÇ,,,,,,2,87,1.0,score,2,49,0,39
03:19,03:19:00,49,39,10,1,2,REGULAR,79,T. BIBEROVIÇ,1,assist,265,264,[],,0,13,Tarik,Biberoviç,Tarik,Biberoviç,T,B,T,B,T. Biberoviç,FENERBAHÇE BEKO,FBB,T. Biberoviç,13,,,,,,ASS,,FENERBAHÇE BEKO T. BIBEROVIÇ assist,,,,,,,,,0,88,2.0,,0,49,0,39
03:19,03:19:00,49,39,10,2,2,REGULAR,0,,1,timeout,266,,[],full,0,,,,,,,,,,,ALIAGA PETKIM SPOR,PTK,,,,,,,,TIMEOUT,,ALIAGA PETKIM SPOR timeout,,,,,,,,,0,88,2.0,,0,49,0,39
03:19,03:19:00,49,39,10,2,2,REGULAR,69,S. WHITTAKER JR,1,substitution,267,,[],out,0,3,Stanley Mace,Whittaker Jr,Stanley Mace,Whittaker Jr,S,W,S,W,S. Whittaker Jr,ALIAGA PETKIM SPOR,PTK,S. Whittaker Jr,3,,,,,,SUB,out,ALIAGA PETKIM SPOR substitution out,,,,,,,,,0,88,2.0,,0,49,0,39
03:19,03:19:00,49,39,10,2,2,REGULAR,68,Y. FRANKE,1,substitution,268,,[],in,0,5,Yannick Ayrton,Franke,Yannick Ayrton,Franke,Y,F,Y,F,Y. Franke,ALIAGA PETKIM SPOR,PTK,Y. Franke,5,,,,,,SUB,in,ALIAGA PETKIM SPOR substitution in,,,,,,,,,0,88,2.0,,0,49,0,39
03:03,03:03:00,49,39,10,2,2,REGULAR,67,D. EFIANAYI,1,turnover,270,,[],badpass,0,4,David,Efianayi,David,Efianayi,D,E,D,E,D. Efianayi,ALIAGA PETKIM SPOR,PTK,D. Efianayi,4,,,,,,TO,,ALIAGA PETKIM SPOR D. EFIANAYI turnover badpass,,,,,,,,,0,88,2.0,turnover,0,49,0,39
03:03,03:03:00,49,39,10,1,2,REGULAR,94,W. BALDWIN IV,1,steal,271,270,[],,0,2,Wade M,Baldwin Iv,Wade M,Baldwin Iv,W,B,W,B,W. Baldwin Iv,FENERBAHÇE BEKO,FBB,W. Baldwin Iv,2,,,,,,ST,,FENERBAHÇE BEKO W. BALDWIN IV steal,,,,,,,,,0,89,1.0,,0,49,0,39
02:57,02:57:00,52,39,13,1,2,REGULAR,79,T. BIBEROVIÇ,1,3pt,272,,"['fromturnover', 'fastbreak']",jumpshot,1,13,Tarik,Biberoviç,Tarik,Biberoviç,T,B,T,B,T. Biberoviç,FENERBAHÇE BEKO,FBB,T. Biberoviç,13,,,28.739999771118,19.040000915527,1.0,P3,made,FENERBAHÇE BEKO T. BIBEROVIÇ 3Pt made,94.0,1.0,W. BALDWIN IV,,,,,,3,89,1.0,score,3,52,0,39
02:57,02:57:00,52,39,13,1,2,REGULAR,94,W. BALDWIN IV,1,assist,273,272,[],,0,2,Wade M,Baldwin Iv,Wade M,Baldwin Iv,W,B,W,B,W. Baldwin Iv,FENERBAHÇE BEKO,FBB,W. Baldwin Iv,2,,,,,,ASS,,FENERBAHÇE BEKO W. BALDWIN IV assist,,,,,,,,,0,90,2.0,,0,52,0,39
02:36,02:36:00,52,39,13,2,2,REGULAR,68,Y. FRANKE,0,3pt,275,,[],jumpshot,1,5,Yannick Ayrton,Franke,Yannick Ayrton,Franke,Y,F,Y,F,Y. Franke,ALIAGA PETKIM SPOR,PTK,Y. Franke,5,,,66.330001831055,73.559997558594,0.0,P3,missed,ALIAGA PETKIM SPOR Y. FRANKE 3Pt missed,,,,,,,,,0,90,2.0,def_reb,0,52,0,39
02:36,02:36:00,52,39,13,1,2,REGULAR,0,,1,rebound,276,275,['team'],defensive,0,,,,,,,,,,,FENERBAHÇE BEKO,FBB,,,,,,,,TREB,,FENERBAHÇE BEKO team rebound defensive,,,,,,,,,0,91,1.0,def_reb,0,52,0,39
02:36,02:36:00,52,39,13,2,2,REGULAR,64,M. SAJUS,1,substitution,277,,[],out,0,19,Martynas,Sajus,Martynas,Sajus,M,S,M,S,M. Sajus,ALIAGA PETKIM SPOR,PTK,M. Sajus,19,,,,,,SUB,out,ALIAGA PETKIM SPOR substitution out,,,,,,,,,0,92,2.0,,0,52,0,39
02:36,02:36:00,52,39,13,2,2,REGULAR,66,J. FLOYD,1,substitution,278,,[],in,0,20,Jehyve Jamal,Floyd,Jehyve Jamal,Floyd,J,F,J,F,J. Floyd,ALIAGA PETKIM SPOR,PTK,J. Floyd,20,,,,,,SUB,in,ALIAGA PETKIM SPOR substitution in,,,,,,,,,0,92,2.0,,0,52,0,39
02:17,02:17:00,52,39,13,1,2,REGULAR,77,J. BIRSEN,1,turnover,282,,[],badpass,0,1,James Metecan,Birsen,James Metecan,Birsen,J,B,J,B,J. Birsen,FENERBAHÇE BEKO,FBB,J. Birsen,1,,,,,,TO,,FENERBAHÇE BEKO J. BIRSEN turnover badpass,,,,,,,,,0,92,2.0,turnover,0,52,0,39
02:17,02:17:00,52,39,13,2,2,REGULAR,67,D. EFIANAYI,1,steal,283,282,[],,0,4,David,Efianayi,David,Efianayi,D,E,D,E,D. Efianayi,ALIAGA PETKIM SPOR,PTK,D. Efianayi,4,,,,,,ST,,ALIAGA PETKIM SPOR D. EFIANAYI steal,,,,,,,,,0,93,1.0,,0,52,0,39
02:12,02:12:00,52,41,11,2,2,REGULAR,67,D. EFIANAYI,1,2pt,285,,"['fromturnover', 'pointsinthepaint', 'fastbreak']",drivinglayup,1,4,David,Efianayi,David,Efianayi,D,E,D,E,D. Efianayi,ALIAGA PETKIM SPOR,PTK,D. Efianayi,4,,,94.410003662109,47.290000915527,1.0,P2,made,ALIAGA PETKIM SPOR D. EFIANAYI 2Pt made,,,,,,,,,2,93,1.0,score,0,52,2,41
02:12,02:12:00,52,41,11,1,2,REGULAR,0,,1,timeout,286,,[],full,0,,,,,,,,,,,FENERBAHÇE BEKO,FBB,,,,,,,,TIMEOUT,,FENERBAHÇE BEKO timeout,,,,,,,,,0,94,2.0,,0,52,0,41
01:56,01:56:00,55,41,14,1,2,REGULAR,79,T. BIBEROVIÇ,1,3pt,292,,[],stepbackjumpshot,1,13,Tarik,Biberoviç,Tarik,Biberoviç,T,B,T,B,T. Biberoviç,FENERBAHÇE BEKO,FBB,T. Biberoviç,13,,,11.260000228882,2.3699998855591,1.0,P3,made,FENERBAHÇE BEKO T. BIBEROVIÇ 3Pt made,,,,,,,,,3,94,2.0,score,3,55,0,41
01:54,01:54:00,55,41,14,1,2,REGULAR,79,T. BIBEROVIÇ,1,substitution,294,,[],out,0,13,Tarik,Biberoviç,Tarik,Biberoviç,T,B,T,B,T. Biberoviç,FENERBAHÇE BEKO,FBB,T. Biberoviç,13,,,,,,SUB,out,FENERBAHÇE BEKO substitution out,,,,,,,,,0,95,1.0,,0,55,0,41
01:54,01:54:00,55,41,14,1,2,REGULAR,89,O. BITIM,1,substitution,295,,[],in,0,17,Onuralp,Bitim,Onuralp,Bitim,O,B,O,B,O. Bitim,FENERBAHÇE BEKO,FBB,O. Bitim,17,,,,,,SUB,in,FENERBAHÇE BEKO substitution in,,,,,,,,,0,95,1.0,,0,55,0,41
01:54,01:54:00,55,41,14,1,2,REGULAR,76,M. MAHMUTOGLU,1,substitution,296,,[],out,0,10,Melih,Mahmutoglu,Melih,Mahmutoglu,M,M,M,M,M. Mahmutoglu,FENERBAHÇE BEKO,FBB,M. Mahmutoglu,10,,,,,,SUB,out,FENERBAHÇE BEKO substitution out,,,,,,,,,0,95,1.0,,0,55,0,41
01:54,01:54:00,55,41,14,1,2,REGULAR,78,M. EKSIOGLU,1,substitution,297,,[],in,0,5,Mert Emre,Eksioglu,Mert Emre,Eksioglu,M,E,M,E,M. Eksioglu,FENERBAHÇE BEKO,FBB,M. Eksioglu,5,,,,,,SUB,in,FENERBAHÇE BEKO substitution in,,,,,,,,,0,95,1.0,,0,55,0,41
01:36,01:36:00,55,41,14,2,2,REGULAR,66,J. FLOYD,1,foul,300,,[],offensive,0,20,Jehyve Jamal,Floyd,Jehyve Jamal,Floyd,J,F,J,F,J. Floyd,ALIAGA PETKIM SPOR,PTK,J. Floyd,20,,,,,,RFOUL,,ALIAGA PETKIM SPOR J. FLOYD foul offensive,,,,,,,,,0,95,1.0,offensive_foul,0,55,0,41
01:36,01:36:00,55,41,14,2,2,REGULAR,66,J. FLOYD,1,turnover,301,300,[],offensive,0,20,Jehyve Jamal,Floyd,Jehyve Jamal,Floyd,J,F,J,F,J. Floyd,ALIAGA PETKIM SPOR,PTK,J. Floyd,20,,,,,,TO,,ALIAGA PETKIM SPOR J. FLOYD turnover offensive,,,,,,,,,0,96,2.0,turnover,0,55,0,41
01:36,01:36:00,55,41,14,1,2,REGULAR,77,J. BIRSEN,1,foulon,302,300,[],,0,1,James Metecan,Birsen,James Metecan,Birsen,J,B,J,B,J. Birsen,FENERBAHÇE BEKO,FBB,J. Birsen,1,,,,,,OTHER,,FENERBAHÇE BEKO foulon,,,,,,,,,0,97,1.0,,0,55,0,41
01:20,01:20:00,55,41,14,1,2,REGULAR,93,B. COLSON II,0,2pt,305,,"['fromturnover', 'pointsinthepaint']",layup,1,50,Bonzie Alexander,Colson Ii,Bonzie Alexander,Colson Ii,B,C,B,C,B. Colson Ii,FENERBAHÇE BEKO,FBB,B. Colson Ii,50,,,7.210000038147,49.830001831055,0.0,P2,missed,FENERBAHÇE BEKO B. COLSON II 2Pt missed,,,,,,,,,0,97,1.0,,0,55,0,41
01:16,01:16:00,55,41,14,1,2,REGULAR,77,J. BIRSEN,1,rebound,307,305,[],offensive,0,1,James Metecan,Birsen,James Metecan,Birsen,J,B,J,B,J. Birsen,FENERBAHÇE BEKO,FBB,J. Birsen,1,,,,,,REB,,FENERBAHÇE BEKO rebound offensive,,,,,,,,,0,97,1.0,,0,55,0,41
01:16,01:16:00,57,41,16,1,2,REGULAR,77,J. BIRSEN,1,2pt,308,,"['2ndchance', 'fromturnover', 'pointsinthepaint']",tipinlayup,1,1,James Metecan,Birsen,James Metecan,Birsen,J,B,J,B,J. Birsen,FENERBAHÇE BEKO,FBB,J. Birsen,1,,,6.0,50.0,1.0,P2,made,FENERBAHÇE BEKO J. BIRSEN 2Pt made,,,,,,,,,2,97,1.0,score,2,57,0,41
01:02,01:02:00,57,41,16,1,2,REGULAR,77,J. BIRSEN,1,foul,312,,[],personal,0,1,James Metecan,Birsen,James Metecan,Birsen,J,B,J,B,J. Birsen,FENERBAHÇE BEKO,FBB,J. Birsen,1,,,,,,FOUL,,FENERBAHÇE BEKO J. BIRSEN foul personal,,,,,,,,,0,98,2.0,,0,57,0,41
01:02,01:02:00,57,41,16,2,2,REGULAR,42,Y. SONSIRMA,1,foulon,313,312,[],,0,9,Yunus Emre,Sonsirma,Yunus Emre,Sonsirma,Y,S,Y,S,Y. Sonsirma,ALIAGA PETKIM SPOR,PTK,Y. Sonsirma,9,,,,,,OTHER,,ALIAGA PETKIM SPOR foulon,,,,,,,,,0,98,2.0,,0,57,0,41
00:48,00:48:60,57,41,16,2,2,REGULAR,70,U. UTOMI,0,3pt,316,,[],jumpshot,1,8,Uzodinma,Utomi,Uzodinma,Utomi,U,U,U,U,U. Utomi,ALIAGA PETKIM SPOR,PTK,U. Utomi,8,,,69.610000610352,22.989999771118,0.0,P3,missed,ALIAGA PETKIM SPOR U. UTOMI 3Pt missed,,,,,,,,,0,98,2.0,def_reb,0,57,0,41
00:47,00:47:80,57,41,16,1,2,REGULAR,94,W. BALDWIN IV,1,rebound,317,316,[],defensive,0,2,Wade M,Baldwin Iv,Wade M,Baldwin Iv,W,B,W,B,W. Baldwin Iv,FENERBAHÇE BEKO,FBB,W. Baldwin Iv,2,,,,,,REB,,FENERBAHÇE BEKO rebound defensive,,,,,,,,,0,99,1.0,def_reb,0,57,0,41
00:47,00:47:80,57,41,16,2,2,REGULAR,66,J. FLOYD,1,foul,318,,['2freethrow'],personal,0,20,Jehyve Jamal,Floyd,Jehyve Jamal,Floyd,J,F,J,F,J. Floyd,ALIAGA PETKIM SPOR,PTK,J. Floyd,20,,,,,,FOUL,,ALIAGA PETKIM SPOR J. FLOYD foul personal,,,,,,,,,0,100,2.0,,0,57,0,41
00:47,00:47:80,57,41,16,1,2,REGULAR,94,W. BALDWIN IV,1,foulon,319,318,[],,0,2,Wade M,Baldwin Iv,Wade M,Baldwin Iv,W,B,W,B,W. Baldwin Iv,FENERBAHÇE BEKO,FBB,W. Baldwin Iv,2,,,,,,OTHER,,FENERBAHÇE BEKO foulon,,,,,,,,,0,100,2.0,,0,57,0,41
00:47,00:47:80,57,41,16,1,2,REGULAR,0,,1,timeout,320,,[],full,0,,,,,,,,,,,FENERBAHÇE BEKO,FBB,,,,,,,,TIMEOUT,,FENERBAHÇE BEKO timeout,,,,,,,,,0,100,2.0,,0,57,0,41
00:47,00:47:80,57,41,16,2,2,REGULAR,66,J. FLOYD,1,substitution,321,,[],out,0,20,Jehyve Jamal,Floyd,Jehyve Jamal,Floyd,J,F,J,F,J. Floyd,ALIAGA PETKIM SPOR,PTK,J. Floyd,20,,,,,,SUB,out,ALIAGA PETKIM SPOR substitution out,,,,,,,,,0,100,2.0,,0,57,0,41
00:47,00:47:80,57,41,16,2,2,REGULAR,64,M. SAJUS,1,substitution,322,,[],in,0,19,Martynas,Sajus,Martynas,Sajus,M,S,M,S,M. Sajus,ALIAGA PETKIM SPOR,PTK,M. Sajus,19,,,,,,SUB,in,ALIAGA PETKIM SPOR substitution in,,,,,,,,,0,100,2.0,,0,57,0,41
00:47,00:47:80,57,41,16,1,2,REGULAR,94,W. BALDWIN IV,0,freethrow,323,,[],1of2,1,2,Wade M,Baldwin Iv,Wade M,Baldwin Iv,W,B,W,B,W. Baldwin Iv,FENERBAHÇE BEKO,FBB,W. Baldwin Iv,2,,,,,,FT,missed,FENERBAHÇE BEKO W. BALDWIN IV FT 1of2 missed,,,,,,,,,0,100,2.0,def_reb,0,57,0,41
00:47,00:47:80,57,41,16,1,2,REGULAR,0,,1,rebound,324,323,[],offensivedeadball,0,,,,,,,,,,,FENERBAHÇE BEKO,FBB,,,,,,,,TREB,,FENERBAHÇE BEKO team rebound offensivedeadball,,,,,,,,,0,101,1.0,def_reb,0,57,0,41
00:47,00:47:80,58,41,17,1,2,REGULAR,94,W. BALDWIN IV,1,freethrow,325,,[],2of2,1,2,Wade M,Baldwin Iv,Wade M,Baldwin Iv,W,B,W,B,W. Baldwin Iv,FENERBAHÇE BEKO,FBB,W. Baldwin Iv,2,,,,,,FT,made,FENERBAHÇE BEKO W. BALDWIN IV FT 2of2 made,,,,,,,,,1,102,2.0,made_ft_last,1,58,0,41
00:39,00:39:60,58,41,17,2,2,REGULAR,42,Y. SONSIRMA,1,turnover,327,,[],badpass,0,9,Yunus Emre,Sonsirma,Yunus Emre,Sonsirma,Y,S,Y,S,Y. Sonsirma,ALIAGA PETKIM SPOR,PTK,Y. Sonsirma,9,,,,,,TO,,ALIAGA PETKIM SPOR Y. SONSIRMA turnover badpass,,,,,,,,,0,103,1.0,turnover,0,58,0,41
00:39,00:39:60,58,41,17,1,2,REGULAR,94,W. BALDWIN IV,1,steal,328,327,[],,0,2,Wade M,Baldwin Iv,Wade M,Baldwin Iv,W,B,W,B,W. Baldwin Iv,FENERBAHÇE BEKO,FBB,W. Baldwin Iv,2,,,,,,ST,,FENERBAHÇE BEKO W. BALDWIN IV steal,,,,,,,,,0,104,2.0,,0,58,0,41
00:35,00:35:50,60,41,19,1,2,REGULAR,93,B. COLSON II,1,2pt,329,,"['fromturnover', 'pointsinthepaint', 'fastbreak']",dunk,1,50,Bonzie Alexander,Colson Ii,Bonzie Alexander,Colson Ii,B,C,B,C,B. Colson Ii,FENERBAHÇE BEKO,FBB,B. Colson Ii,50,,,8.460000038147,56.049999237061,1.0,P2,made,FENERBAHÇE BEKO B. COLSON II 2Pt made,94.0,1.0,W. BALDWIN IV,,,,,,2,104,2.0,score,2,60,0,41
00:35,00:35:50,60,41,19,1,2,REGULAR,94,W. BALDWIN IV,1,assist,330,329,[],,0,2,Wade M,Baldwin Iv,Wade M,Baldwin Iv,W,B,W,B,W. Baldwin Iv,FENERBAHÇE BEKO,FBB,W. Baldwin Iv,2,,,,,,ASS,,FENERBAHÇE BEKO W. BALDWIN IV assist,,,,,,,,,0,105,1.0,,0,60,0,41
00:13,00:13:70,60,41,19,1,2,REGULAR,77,J. BIRSEN,1,foul,332,,[],personal,0,1,James Metecan,Birsen,James Metecan,Birsen,J,B,J,B,J. Birsen,FENERBAHÇE BEKO,FBB,J. Birsen,1,,,,,,FOUL,,FENERBAHÇE BEKO J. BIRSEN foul personal,,,,,,,,,0,105,1.0,,0,60,0,41
00:13,00:13:70,60,41,19,2,2,REGULAR,42,Y. SONSIRMA,1,foulon,333,332,[],,0,9,Yunus Emre,Sonsirma,Yunus Emre,Sonsirma,Y,S,Y,S,Y. Sonsirma,ALIAGA PETKIM SPOR,PTK,Y. Sonsirma,9,,,,,,OTHER,,ALIAGA PETKIM SPOR foulon,,,,,,,,,0,105,1.0,,0,60,0,41
00:13,00:13:70,60,41,19,1,2,REGULAR,77,J. BIRSEN,1,substitution,334,,[],out,0,1,James Metecan,Birsen,James Metecan,Birsen,J,B,J,B,J. Birsen,FENERBAHÇE BEKO,FBB,J. Birsen,1,,,,,,SUB,out,FENERBAHÇE BEKO substitution out,,,,,,,,,0,105,1.0,,0,60,0,41
00:13,00:13:70,60,41,19,1,2,REGULAR,96,T. TUCKER,1,substitution,335,,[],in,0,8,Talen Jalee,Tucker,Talen Jalee,Tucker,T,T,T,T,T. Tucker,FENERBAHÇE BEKO,FBB,T. Tucker,8,,,,,,SUB,in,FENERBAHÇE BEKO substitution in,,,,,,,,,0,105,1.0,,0,60,0,41
00:13,00:13:70,60,41,19,2,2,REGULAR,64,M. SAJUS,1,substitution,336,,[],out,0,19,Martynas,Sajus,Martynas,Sajus,M,S,M,S,M. Sajus,ALIAGA PETKIM SPOR,PTK,M. Sajus,19,,,,,,SUB,out,ALIAGA PETKIM SPOR substitution out,,,,,,,,,0,105,1.0,,0,60,0,41
00:13,00:13:70,60,41,19,2,2,REGULAR,65,R. BLUMBERGS,1,substitution,337,,[],in,0,6,Roberts,Blumbergs,Roberts,Blumbergs,R,B,R,B,R. Blumbergs,ALIAGA PETKIM SPOR,PTK,R. Blumbergs,6,,,,,,SUB,in,ALIAGA PETKIM SPOR substitution in,,,,,,,,,0,105,1.0,,0,60,0,41
00:02,00:02:20,60,41,19,2,2,REGULAR,68,Y. FRANKE,0,3pt,340,,[],jumpshot,1,5,Yannick Ayrton,Franke,Yannick Ayrton,Franke,Y,F,Y,F,Y. Franke,ALIAGA PETKIM SPOR,PTK,Y. Franke,5,,,73.349998474121,8.8699998855591,0.0,P3,missed,ALIAGA PETKIM SPOR Y. FRANKE 3Pt missed,,,,,,,,,0,105,1.0,def_reb,0,60,0,41
00:01,00:01:50,60,41,19,1,2,REGULAR,89,O. BITIM,1,rebound,342,340,[],defensive,0,17,Onuralp,Bitim,Onuralp,Bitim,O,B,O,B,O. Bitim,FENERBAHÇE BEKO,FBB,O. Bitim,17,,,,,,REB,,FENERBAHÇE BEKO rebound defensive,,,,,,,,,0,106,2.0,def_reb,0,60,0,41
00:00,00:00:00,60,41,19,0,2,REGULAR,0,,1,period,344,,['confirmed'],end,0,,,,,,,,,,,,,,,,,,,,OTHER,,period end,,,,,,,,,0,107,1.0,,0,60,0,41
10:00,10:00:00,60,41,19,1,3,REGULAR,94,W. BALDWIN IV,1,substitution,345,,[],out,0,2,Wade M,Baldwin Iv,Wade M,Baldwin Iv,W,B,W,B,W. Baldwin Iv,FENERBAHÇE BEKO,FBB,W. Baldwin Iv,2,,,,,,SUB,out,FENERBAHÇE BEKO substitution out,,,,,,,,,0,107,1.0,,0,60,0,41
10:00,10:00:00,60,41,19,1,3,REGULAR,78,M. EKSIOGLU,1,substitution,346,,[],out,0,5,Mert Emre,Eksioglu,Mert Emre,Eksioglu,M,E,M,E,M. Eksioglu,FENERBAHÇE BEKO,FBB,M. Eksioglu,5,,,,,,SUB,out,FENERBAHÇE BEKO substitution out,,,,,,,,,0,107,1.0,,0,60,0,41
10:00,10:00:00,60,41,19,1,3,REGULAR,89,O. BITIM,1,substitution,347,,[],out,0,17,Onuralp,Bitim,Onuralp,Bitim,O,B,O,B,O. Bitim,FENERBAHÇE BEKO,FBB,O. Bitim,17,,,,,,SUB,out,FENERBAHÇE BEKO substitution out,,,,,,,,,0,107,1.0,,0,60,0,41
10:00,10:00:00,60,41,19,1,3,REGULAR,93,B. COLSON II,1,substitution,348,,[],out,0,50,Bonzie Alexander,Colson Ii,Bonzie Alexander,Colson Ii,B,C,B,C,B. Colson Ii,FENERBAHÇE BEKO,FBB,B. Colson Ii,50,,,,,,SUB,out,FENERBAHÇE BEKO substitution out,,,,,,,,,0,107,1.0,,0,60,0,41
10:00,10:00:00,60,41,19,1,3,REGULAR,92,N. MELLI,1,substitution,349,,[],in,0,4,Nicolo,Melli,Nicolo,Melli,N,M,N,M,N. Melli,FENERBAHÇE BEKO,FBB,N. Melli,4,,,,,,SUB,in,FENERBAHÇE BEKO substitution in,,,,,,,,,0,107,1.0,,0,60,0,41
10:00,10:00:00,60,41,19,1,3,REGULAR,79,T. BIBEROVIÇ,1,substitution,350,,[],in,0,13,Tarik,Biberoviç,Tarik,Biberoviç,T,B,T,B,T. Biberoviç,FENERBAHÇE BEKO,FBB,T. Biberoviç,13,,,,,,SUB,in,FENERBAHÇE BEKO substitution in,,,,,,,,,0,107,1.0,,0,60,0,41
10:00,10:00:00,60,41,19,1,3,REGULAR,98,M. JANTUNEN,1,substitution,351,,[],in,0,18,Mikael Olli Axel,Jantunen,Mikael Olli Axel,Jantunen,M,J,M,J,M. Jantunen,FENERBAHÇE BEKO,FBB,M. Jantunen,18,,,,,,SUB,in,FENERBAHÇE BEKO substitution in,,,,,,,,,0,107,1.0,,0,60,0,41
10:00,10:00:00,60,41,19,1,3,REGULAR,95,D. HALL,1,substitution,352,,[],in,0,20,Devon Howard,Hall,Devon Howard,Hall,D,H,D,H,D. Hall,FENERBAHÇE BEKO,FBB,D. Hall,20,,,,,,SUB,in,FENERBAHÇE BEKO substitution in,,,,,,,,,0,107,1.0,,0,60,0,41
10:00,10:00:00,60,41,19,2,3,REGULAR,70,U. UTOMI,1,substitution,353,,[],out,0,8,Uzodinma,Utomi,Uzodinma,Utomi,U,U,U,U,U. Utomi,ALIAGA PETKIM SPOR,PTK,U. Utomi,8,,,,,,SUB,out,ALIAGA PETKIM SPOR substitution out,,,,,,,,,0,107,1.0,,0,60,0,41
10:00,10:00:00,60,41,19,2,3,REGULAR,64,M. SAJUS,1,substitution,354,,[],in,0,19,Martynas,Sajus,Martynas,Sajus,M,S,M,S,M. Sajus,ALIAGA PETKIM SPOR,PTK,M. Sajus,19,,,,,,SUB,in,ALIAGA PETKIM SPOR substitution in,,,,,,,,,0,107,1.0,,0,60,0,41
10:00,10:00:00,60,41,19,0,3,REGULAR,0,,1,period,355,,[],start,0,,,,,,,,,,,,,,,,,,,,OTHER,,period start,,,,,,,,,0,107,1.0,,0,60,0,41
09:43,09:43:00,62,41,21,1,3,REGULAR,96,T. TUCKER,1,2pt,357,,['pointsinthepaint'],drivinglayup,1,8,Talen Jalee,Tucker,Talen Jalee,Tucker,T,T,T,T,T. Tucker,FENERBAHÇE BEKO,FBB,T. Tucker,8,,,92.540000915527,41.639999389648,1.0,P2,made,FENERBAHÇE BEKO T. TUCKER 2Pt made,92.0,1.0,N. MELLI,,,,,,2,107,1.0,score,2,62,0,41
09:43,09:43:00,62,41,21,1,3,REGULAR,92,N. MELLI,1,assist,358,357,[],,0,4,Nicolo,Melli,Nicolo,Melli,N,M,N,M,N. Melli,FENERBAHÇE BEKO,FBB,N. Melli,4,,,,,,ASS,,FENERBAHÇE BEKO N. MELLI assist,,,,,,,,,0,108,2.0,,0,62,0,41
09:26,09:26:00,62,41,21,2,3,REGULAR,64,M. SAJUS,1,turnover,359,,[],ballhandling,0,19,Martynas,Sajus,Martynas,Sajus,M,S,M,S,M. Sajus,ALIAGA PETKIM SPOR,PTK,M. Sajus,19,,,,,,TO,,ALIAGA PETKIM SPOR M. SAJUS turnover ballhandling,,,,,,,,,0,108,2.0,turnover,0,62,0,41
09:26,09:26:00,62,41,21,1,3,REGULAR,98,M. JANTUNEN,1,steal,360,359,[],,0,18,Mikael Olli Axel,Jantunen,Mikael Olli Axel,Jantunen,M,J,M,J,M. Jantunen,FENERBAHÇE BEKO,FBB,M. Jantunen,18,,,,,,ST,,FENERBAHÇE BEKO M. JANTUNEN steal,,,,,,,,,0,109,1.0,,0,62,0,41
09:15,09:15:00,62,41,21,2,3,REGULAR,64,M. SAJUS,1,foul,362,,"['shooting', '2freethrow']",personal,0,19,Martynas,Sajus,Martynas,Sajus,M,S,M,S,M. Sajus,ALIAGA PETKIM SPOR,PTK,M. Sajus,19,,,,,,FOUL,,ALIAGA PETKIM SPOR M. SAJUS foul personal,,,,,,,,,0,109,1.0,,0,62,0,41
09:15,09:15:00,62,41,21,1,3,REGULAR,98,M. JANTUNEN,1,foulon,363,362,[],,0,18,Mikael Olli Axel,Jantunen,Mikael Olli Axel,Jantunen,M,J,M,J,M. Jantunen,FENERBAHÇE BEKO,FBB,M. Jantunen,18,,,,,,OTHER,,FENERBAHÇE BEKO foulon,,,,,,,,,0,109,1.0,,0,62,0,41
09:15,09:15:00,63,41,22,1,3,REGULAR,98,M. JANTUNEN,1,freethrow,364,,['fromturnover'],1of2,1,18,Mikael Olli Axel,Jantunen,Mikael Olli Axel,Jantunen,M,J,M,J,M. Jantunen,FENERBAHÇE BEKO,FBB,M. Jantunen,18,,,,,,FT,made,FENERBAHÇE BEKO M. JANTUNEN FT 1of2 made,,,,,,,,,1,109,1.0,made_ft,1,63,0,41
09:15,09:15:00,63,41,22,1,3,REGULAR,92,N. MELLI,1,assist,365,364,[],,0,4,Nicolo,Melli,Nicolo,Melli,N,M,N,M,N. Melli,FENERBAHÇE BEKO,FBB,N. Melli,4,,,,,,ASS,,FENERBAHÇE BEKO N. MELLI assist,,,,,,,,,0,110,2.0,,0,63,0,41
09:15,09:15:00,64,41,23,1,3,REGULAR,98,M. JANTUNEN,1,freethrow,366,,['fromturnover'],2of2,1,18,Mikael Olli Axel,Jantunen,Mikael Olli Axel,Jantunen,M,J,M,J,M. Jantunen,FENERBAHÇE BEKO,FBB,M. Jantunen,18,,,,,,FT,made,FENERBAHÇE BEKO M. JANTUNEN FT 2of2 made,,,,,,,,,1,110,2.0,made_ft_last,1,64,0,41
08:58,08:58:00,64,41,23,2,3,REGULAR,42,Y. SONSIRMA,0,2pt,368,,[],jumpshot,1,9,Yunus Emre,Sonsirma,Yunus Emre,Sonsirma,Y,S,Y,S,Y. Sonsirma,ALIAGA PETKIM SPOR,PTK,Y. Sonsirma,9,,,23.89999961853,32.599998474121,0.0,P2,missed,ALIAGA PETKIM SPOR Y. SONSIRMA 2Pt missed,,,,,,,,,0,111,1.0,def_reb,0,64,0,41
08:55,08:55:00,64,41,23,1,3,REGULAR,95,D. HALL,1,rebound,369,368,[],defensive,0,20,Devon Howard,Hall,Devon Howard,Hall,D,H,D,H,D. Hall,FENERBAHÇE BEKO,FBB,D. Hall,20,,,,,,REB,,FENERBAHÇE BEKO rebound defensive,,,,,,,,,0,112,2.0,def_reb,0,64,0,41
08:41,08:41:00,64,41,23,1,3,REGULAR,79,T. BIBEROVIÇ,1,turnover,371,,[],badpass,0,13,Tarik,Biberoviç,Tarik,Biberoviç,T,B,T,B,T. Biberoviç,FENERBAHÇE BEKO,FBB,T. Biberoviç,13,,,,,,TO,,FENERBAHÇE BEKO T. BIBEROVIÇ turnover badpass,,,,,,,,,0,113,1.0,turnover,0,64,0,41
08:24,08:24:00,64,41,23,2,3,REGULAR,64,M. SAJUS,0,2pt,373,,"['fromturnover', 'pointsinthepaint']",floatingjumpshot,1,19,Martynas,Sajus,Martynas,Sajus,M,S,M,S,M. Sajus,ALIAGA PETKIM SPOR,PTK,M. Sajus,19,,,18.60000038147,49.549999237061,0.0,P2,missed,ALIAGA PETKIM SPOR M. SAJUS 2Pt missed,,,,,,,,,0,114,2.0,def_reb,0,64,0,41
08:19,08:19:00,64,41,23,1,3,REGULAR,96,T. TUCKER,1,rebound,374,373,[],defensive,0,8,Talen Jalee,Tucker,Talen Jalee,Tucker,T,T,T,T,T. Tucker,FENERBAHÇE BEKO,FBB,T. Tucker,8,,,,,,REB,,FENERBAHÇE BEKO rebound defensive,,,,,,,,,0,115,1.0,def_reb,0,64,0,41
08:10,08:10:00,66,41,25,1,3,REGULAR,98,M. JANTUNEN,1,2pt,377,,['pointsinthepaint'],layup,1,18,Mikael Olli Axel,Jantunen,Mikael Olli Axel,Jantunen,M,J,M,J,M. Jantunen,FENERBAHÇE BEKO,FBB,M. Jantunen,18,,,92.849998474121,50.680000305176,1.0,P2,made,FENERBAHÇE BEKO M. JANTUNEN 2Pt made,92.0,1.0,N. MELLI,,,,,,2,116,2.0,score,2,66,0,41
08:10,08:10:00,66,41,25,1,3,REGULAR,92,N. MELLI,1,assist,378,377,[],,0,4,Nicolo,Melli,Nicolo,Melli,N,M,N,M,N. Melli,FENERBAHÇE BEKO,FBB,N. Melli,4,,,,,,ASS,,FENERBAHÇE BEKO N. MELLI assist,,,,,,,,,0,117,1.0,,0,66,0,41
07:47,07:47:00,66,41,25,1,3,REGULAR,79,T. BIBEROVIÇ,1,foul,380,,"['shooting', '2freethrow']",personal,0,13,Tarik,Biberoviç,Tarik,Biberoviç,T,B,T,B,T. Biberoviç,FENERBAHÇE BEKO,FBB,T. Biberoviç,13,,,,,,FOUL,,FENERBAHÇE BEKO T. BIBEROVIÇ foul personal,,,,,,,,,0,117,1.0,,0,66,0,41
07:47,07:47:00,66,41,25,2,3,REGULAR,68,Y. FRANKE,1,foulon,381,380,[],,0,5,Yannick Ayrton,Franke,Yannick Ayrton,Franke,Y,F,Y,F,Y. Franke,ALIAGA PETKIM SPOR,PTK,Y. Franke,5,,,,,,OTHER,,ALIAGA PETKIM SPOR foulon,,,,,,,,,0,117,1.0,,0,66,0,41
07:47,07:47:00,66,41,25,2,3,REGULAR,42,Y. SONSIRMA,1,substitution,382,,[],out,0,9,Yunus Emre,Sonsirma,Yunus Emre,Sonsirma,Y,S,Y,S,Y. Sonsirma,ALIAGA PETKIM SPOR,PTK,Y. Sonsirma,9,,,,,,SUB,out,ALIAGA PETKIM SPOR substitution out,,,,,,,,,0,117,1.0,,0,66,0,41
07:47,07:47:00,66,41,25,2,3,REGULAR,64,M. SAJUS,1,substitution,383,,[],out,0,19,Martynas,Sajus,Martynas,Sajus,M,S,M,S,M. Sajus,ALIAGA PETKIM SPOR,PTK,M. Sajus,19,,,,,,SUB,out,ALIAGA PETKIM SPOR substitution out,,,,,,,,,0,117,1.0,,0,66,0,41
07:47,07:47:00,66,41,25,2,3,REGULAR,69,S. WHITTAKER JR,1,substitution,384,,[],in,0,3,Stanley Mace,Whittaker Jr,Stanley Mace,Whittaker Jr,S,W,S,W,S. Whittaker Jr,ALIAGA PETKIM SPOR,PTK,S. Whittaker Jr,3,,,,,,SUB,in,ALIAGA PETKIM SPOR substitution in,,,,,,,,,0,117,1.0,,0,66,0,41
07:47,07:47:00,66,41,25,2,3,REGULAR,44,T. SAV,1,substitution,385,,[],in,0,15,Troy Selim,Sav,Troy Selim,Sav,T,S,T,S,T. Sav,ALIAGA PETKIM SPOR,PTK,T. Sav,15,,,,,,SUB,in,ALIAGA PETKIM SPOR substitution in,,,,,,,,,0,117,1.0,,0,66,0,41
07:47,07:47:00,66,42,24,2,3,REGULAR,68,Y. FRANKE,1,freethrow,386,,[],1of2,1,5,Yannick Ayrton,Franke,Yannick Ayrton,Franke,Y,F,Y,F,Y. Franke,ALIAGA PETKIM SPOR,PTK,Y. Franke,5,,,,,,FT,made,ALIAGA PETKIM SPOR Y. FRANKE FT 1of2 made,,,,,,,,,1,117,1.0,made_ft,0,66,1,42
07:47,07:47:00,66,42,24,2,3,REGULAR,42,Y. SONSIRMA,1,assist,387,386,[],,0,9,Yunus Emre,Sonsirma,Yunus Emre,Sonsirma,Y,S,Y,S,Y. Sonsirma,ALIAGA PETKIM SPOR,PTK,Y. Sonsirma,9,,,,,,ASS,,ALIAGA PETKIM SPOR Y. SONSIRMA assist,,,,,,,,,0,118,2.0,,0,66,0,42
07:47,07:47:00,66,43,23,2,3,REGULAR,68,Y. FRANKE,1,freethrow,388,,[],2of2,1,5,Yannick Ayrton,Franke,Yannick Ayrton,Franke,Y,F,Y,F,Y. Franke,ALIAGA PETKIM SPOR,PTK,Y. Franke,5,,,,,,FT,made,ALIAGA PETKIM SPOR Y. FRANKE FT 2of2 made,,,,,,,,,1,118,2.0,made_ft_last,0,66,1,43
07:35,07:35:00,66,43,23,2,3,REGULAR,69,S. WHITTAKER JR,1,foul,391,,"['shooting', '2freethrow']",personal,0,3,Stanley Mace,Whittaker Jr,Stanley Mace,Whittaker Jr,S,W,S,W,S. Whittaker Jr,ALIAGA PETKIM SPOR,PTK,S. Whittaker Jr,3,,,,,,FOUL,,ALIAGA PETKIM SPOR S. WHITTAKER JR foul personal,,,,,,,,,0,119,1.0,,0,66,0,43
07:35,07:35:00,66,43,23,1,3,REGULAR,95,D. HALL,1,foulon,392,391,[],,0,20,Devon Howard,Hall,Devon Howard,Hall,D,H,D,H,D. Hall,FENERBAHÇE BEKO,FBB,D. Hall,20,,,,,,OTHER,,FENERBAHÇE BEKO foulon,,,,,,,,,0,119,1.0,,0,66,0,43
07:35,07:35:00,67,43,24,1,3,REGULAR,95,D. HALL,1,freethrow,393,,[],1of2,1,20,Devon Howard,Hall,Devon Howard,Hall,D,H,D,H,D. Hall,FENERBAHÇE BEKO,FBB,D. Hall,20,,,,,,FT,made,FENERBAHÇE BEKO D. HALL FT 1of2 made,,,,,,,,,1,119,1.0,made_ft,1,67,0,43
07:35,07:35:00,68,43,25,1,3,REGULAR,95,D. HALL,1,freethrow,394,,[],2of2,1,20,Devon Howard,Hall,Devon Howard,Hall,D,H,D,H,D. Hall,FENERBAHÇE BEKO,FBB,D. Hall,20,,,,,,FT,made,FENERBAHÇE BEKO D. HALL FT 2of2 made,,,,,,,,,1,120,2.0,made_ft_last,1,68,0,43
07:20,07:20:00,68,43,25,2,3,REGULAR,68,Y. FRANKE,1,turnover,397,,[],backcourt,0,5,Yannick Ayrton,Franke,Yannick Ayrton,Franke,Y,F,Y,F,Y. Franke,ALIAGA PETKIM SPOR,PTK,Y. Franke,5,,,,,,TO,,ALIAGA PETKIM SPOR Y. FRANKE turnover backcourt,,,,,,,,,0,121,1.0,turnover,0,68,0,43
07:12,07:12:00,68,43,25,1,3,REGULAR,95,D. HALL,0,2pt,399,,"['fromturnover', 'pointsinthepaint']",layup,1,20,Devon Howard,Hall,Devon Howard,Hall,D,H,D,H,D. Hall,FENERBAHÇE BEKO,FBB,D. Hall,20,,,95.040000915527,56.049999237061,0.0,P2,missed,FENERBAHÇE BEKO D. HALL 2Pt missed,,,,,,,,,0,122,2.0,,0,68,0,43
07:08,07:08:00,68,43,25,1,3,REGULAR,92,N. MELLI,1,rebound,400,399,[],offensive,0,4,Nicolo,Melli,Nicolo,Melli,N,M,N,M,N. Melli,FENERBAHÇE BEKO,FBB,N. Melli,4,,,,,,REB,,FENERBAHÇE BEKO rebound offensive,,,,,,,,,0,122,2.0,,0,68,0,43
07:08,07:08:00,70,43,27,1,3,REGULAR,92,N. MELLI,1,2pt,401,,"['2ndchance', 'fromturnover', 'pointsinthepaint']",tipinlayup,1,4,Nicolo,Melli,Nicolo,Melli,N,M,N,M,N. Melli,FENERBAHÇE BEKO,FBB,N. Melli,4,,,94.0,50.0,1.0,P2,made,FENERBAHÇE BEKO N. MELLI 2Pt made,,,,,,,,,2,122,2.0,score,2,70,0,43
06:57,06:57:00,70,46,24,2,3,REGULAR,65,R. BLUMBERGS,1,3pt,402,,[],jumpshot,1,6,Roberts,Blumbergs,Roberts,Blumbergs,R,B,R,B,R. Blumbergs,ALIAGA PETKIM SPOR,PTK,R. Blumbergs,6,,,33.259998321533,19.889999389648,1.0,P3,made,ALIAGA PETKIM SPOR R. BLUMBERGS 3Pt made,67.0,2.0,D. EFIANAYI,,,,,,3,123,1.0,score,0,70,3,46
06:57,06:57:00,70,46,24,2,3,REGULAR,67,D. EFIANAYI,1,assist,403,402,[],,0,4,David,Efianayi,David,Efianayi,D,E,D,E,D. Efianayi,ALIAGA PETKIM SPOR,PTK,D. Efianayi,4,,,,,,ASS,,ALIAGA PETKIM SPOR D. EFIANAYI assist,,,,,,,,,0,124,2.0,,0,70,0,46
06:46,06:46:00,72,46,26,1,3,REGULAR,96,T. TUCKER,1,2pt,404,,['pointsinthepaint'],drivinglayup,1,8,Talen Jalee,Tucker,Talen Jalee,Tucker,T,T,T,T,T. Tucker,FENERBAHÇE BEKO,FBB,T. Tucker,8,,,91.919998168945,43.900001525879,1.0,P2,made,FENERBAHÇE BEKO T. TUCKER 2Pt made,,,,,,,,,2,124,2.0,score,2,72,0,46
06:20,06:20:00,72,46,26,2,3,REGULAR,69,S. WHITTAKER JR,0,2pt,405,,['pointsinthepaint'],layup,1,3,Stanley Mace,Whittaker Jr,Stanley Mace,Whittaker Jr,S,W,S,W,S. Whittaker Jr,ALIAGA PETKIM SPOR,PTK,S. Whittaker Jr,3,,,8.6099996566772,54.349998474121,0.0,P2,missed,ALIAGA PETKIM SPOR S. WHITTAKER JR 2Pt missed,,,,,,,,,0,125,1.0,,0,72,0,46
06:11,06:11:00,72,46,26,2,3,REGULAR,65,R. BLUMBERGS,1,rebound,406,405,[],offensive,0,6,Roberts,Blumbergs,Roberts,Blumbergs,R,B,R,B,R. Blumbergs,ALIAGA PETKIM SPOR,PTK,R. Blumbergs,6,,,,,,REB,,ALIAGA PETKIM SPOR rebound offensive,,,,,,,,,0,125,1.0,,0,72,0,46
06:11,06:11:00,72,48,24,2,3,REGULAR,65,R. BLUMBERGS,1,2pt,407,,"['2ndchance', 'pointsinthepaint']",tipindunk,1,6,Roberts,Blumbergs,Roberts,Blumbergs,R,B,R,B,R. Blumbergs,ALIAGA PETKIM SPOR,PTK,R. Blumbergs,6,,,6.0,50.0,1.0,P2,made,ALIAGA PETKIM SPOR R. BLUMBERGS 2Pt made,,,,,,,,,2,125,1.0,score,0,72,2,48
06:05,06:05:00,74,48,26,1,3,REGULAR,96,T. TUCKER,1,2pt,409,,['pointsinthepaint'],dunk,1,8,Talen Jalee,Tucker,Talen Jalee,Tucker,T,T,T,T,T. Tucker,FENERBAHÇE BEKO,FBB,T. Tucker,8,,,89.110000610352,56.049999237061,1.0,P2,made,FENERBAHÇE BEKO T. TUCKER 2Pt made,,,,,,,,,2,126,2.0,score,2,74,0,48
06:05,06:05:00,74,48,26,2,3,REGULAR,0,,1,timeout,410,,[],full,0,,,,,,,,,,,ALIAGA PETKIM SPOR,PTK,,,,,,,,TIMEOUT,,ALIAGA PETKIM SPOR timeout,,,,,,,,,0,127,1.0,,0,74,0,48
06:05,06:05:00,74,48,26,1,3,REGULAR,92,N. MELLI,1,substitution,411,,[],out,0,4,Nicolo,Melli,Nicolo,Melli,N,M,N,M,N. Melli,FENERBAHÇE BEKO,FBB,N. Melli,4,,,,,,SUB,out,FENERBAHÇE BEKO substitution out,,,,,,,,,0,127,1.0,,0,74,0,48
06:05,06:05:00,74,48,26,1,3,REGULAR,77,J. BIRSEN,1,substitution,412,,[],in,0,1,James Metecan,Birsen,James Metecan,Birsen,J,B,J,B,J. Birsen,FENERBAHÇE BEKO,FBB,J. Birsen,1,,,,,,SUB,in,FENERBAHÇE BEKO substitution in,,,,,,,,,0,127,1.0,,0,74,0,48
05:41,05:41:00,74,50,24,2,3,REGULAR,68,Y. FRANKE,1,2pt,414,,['pointsinthepaint'],floatingjumpshot,1,5,Yannick Ayrton,Franke,Yannick Ayrton,Franke,Y,F,Y,F,Y. Franke,ALIAGA PETKIM SPOR,PTK,Y. Franke,5,,,12.670000076294,56.610000610352,1.0,P2,made,ALIAGA PETKIM SPOR Y. FRANKE 2Pt made,,,,,,,,,2,127,1.0,score,0,74,2,50
05:26,05:26:00,74,50,24,1,3,REGULAR,77,J. BIRSEN,1,foul,416,,[],offensive,0,1,James Metecan,Birsen,James Metecan,Birsen,J,B,J,B,J. Birsen,FENERBAHÇE BEKO,FBB,J. Birsen,1,,,,,,RFOUL,,FENERBAHÇE BEKO J. BIRSEN foul offensive,,,,,,,,,0,128,2.0,offensive_foul,0,74,0,50
05:26,05:26:00,74,50,24,1,3,REGULAR,77,J. BIRSEN,1,turnover,417,416,[],offensive,0,1,James Metecan,Birsen,James Metecan,Birsen,J,B,J,B,J. Birsen,FENERBAHÇE BEKO,FBB,J. Birsen,1,,,,,,TO,,FENERBAHÇE BEKO J. BIRSEN turnover offensive,,,,,,,,,0,129,1.0,turnover,0,74,0,50
05:26,05:26:00,74,50,24,2,3,REGULAR,65,R. BLUMBERGS,1,foulon,418,416,[],,0,6,Roberts,Blumbergs,Roberts,Blumbergs,R,B,R,B,R. Blumbergs,ALIAGA PETKIM SPOR,PTK,R. Blumbergs,6,,,,,,OTHER,,ALIAGA PETKIM SPOR foulon,,,,,,,,,0,130,2.0,,0,74,0,50
05:26,05:26:00,74,50,24,1,3,REGULAR,77,J. BIRSEN,1,substitution,419,,[],out,0,1,James Metecan,Birsen,James Metecan,Birsen,J,B,J,B,J. Birsen,FENERBAHÇE BEKO,FBB,J. Birsen,1,,,,,,SUB,out,FENERBAHÇE BEKO substitution out,,,,,,,,,0,130,2.0,,0,74,0,50
05:26,05:26:00,74,50,24,1,3,REGULAR,95,D. HALL,1,substitution,420,,[],out,0,20,Devon Howard,Hall,Devon Howard,Hall,D,H,D,H,D. Hall,FENERBAHÇE BEKO,FBB,D. Hall,20,,,,,,SUB,out,FENERBAHÇE BEKO substitution out,,,,,,,,,0,130,2.0,,0,74,0,50
05:26,05:26:00,74,50,24,1,3,REGULAR,94,W. BALDWIN IV,1,substitution,421,,[],in,0,2,Wade M,Baldwin Iv,Wade M,Baldwin Iv,W,B,W,B,W. Baldwin Iv,FENERBAHÇE BEKO,FBB,W. Baldwin Iv,2,,,,,,SUB,in,FENERBAHÇE BEKO substitution in,,,,,,,,,0,130,2.0,,0,74,0,50
05:26,05:26:00,74,50,24,1,3,REGULAR,93,B. COLSON II,1,substitution,422,,[],in,0,50,Bonzie Alexander,Colson Ii,Bonzie Alexander,Colson Ii,B,C,B,C,B. Colson Ii,FENERBAHÇE BEKO,FBB,B. Colson Ii,50,,,,,,SUB,in,FENERBAHÇE BEKO substitution in,,,,,,,,,0,130,2.0,,0,74,0,50
05:11,05:11:00,74,50,24,2,3,REGULAR,67,D. EFIANAYI,0,3pt,426,,['fromturnover'],jumpshot,1,4,David,Efianayi,David,Efianayi,D,E,D,E,D. Efianayi,ALIAGA PETKIM SPOR,PTK,D. Efianayi,4,,,31.700000762939,24.120000839233,0.0,P3,missed,ALIAGA PETKIM SPOR D. EFIANAYI 3Pt missed,,,,,,,,,0,130,2.0,def_reb,0,74,0,50
05:08,05:08:00,74,50,24,1,3,REGULAR,79,T. BIBEROVIÇ,1,rebound,427,426,[],defensive,0,13,Tarik,Biberoviç,Tarik,Biberoviç,T,B,T,B,T. Biberoviç,FENERBAHÇE BEKO,FBB,T. Biberoviç,13,,,,,,REB,,FENERBAHÇE BEKO rebound defensive,,,,,,,,,0,131,1.0,def_reb,0,74,0,50
04:51,04:51:00,77,50,27,1,3,REGULAR,79,T. BIBEROVIÇ,1,3pt,429,,[],jumpshot,1,13,Tarik,Biberoviç,Tarik,Biberoviç,T,B,T,B,T. Biberoviç,FENERBAHÇE BEKO,FBB,T. Biberoviç,13,,,66.019996643066,28.360000610352,1.0,P3,made,FENERBAHÇE BEKO T. BIBEROVIÇ 3Pt made,94.0,1.0,W. BALDWIN IV,,,,,,3,132,2.0,score,3,77,0,50
04:51,04:51:00,77,50,27,1,3,REGULAR,94,W. BALDWIN IV,1,assist,430,429,[],,0,2,Wade M,Baldwin Iv,Wade M,Baldwin Iv,W,B,W,B,W. Baldwin Iv,FENERBAHÇE BEKO,FBB,W. Baldwin Iv,2,,,,,,ASS,,FENERBAHÇE BEKO W. BALDWIN IV assist,,,,,,,,,0,133,1.0,,0,77,0,50
04:50,04:50:00,77,50,27,2,3,REGULAR,0,,1,timeout,431,,[],full,0,,,,,,,,,,,ALIAGA PETKIM SPOR,PTK,,,,,,,,TIMEOUT,,ALIAGA PETKIM SPOR timeout,,,,,,,,,0,133,1.0,,0,77,0,50
04:50,04:50:00,77,50,27,2,3,REGULAR,67,D. EFIANAYI,1,substitution,432,,[],out,0,4,David,Efianayi,David,Efianayi,D,E,D,E,D. Efianayi,ALIAGA PETKIM SPOR,PTK,D. Efianayi,4,,,,,,SUB,out,ALIAGA PETKIM SPOR substitution out,,,,,,,,,0,133,1.0,,0,77,0,50
04:50,04:50:00,77,50,27,2,3,REGULAR,44,T. SAV,1,substitution,433,,[],out,0,15,Troy Selim,Sav,Troy Selim,Sav,T,S,T,S,T. Sav,ALIAGA PETKIM SPOR,PTK,T. Sav,15,,,,,,SUB,out,ALIAGA PETKIM SPOR substitution out,,,,,,,,,0,133,1.0,,0,77,0,50
04:50,04:50:00,77,50,27,2,3,REGULAR,42,Y. SONSIRMA,1,substitution,434,,[],in,0,9,Yunus Emre,Sonsirma,Yunus Emre,Sonsirma,Y,S,Y,S,Y. Sonsirma,ALIAGA PETKIM SPOR,PTK,Y. Sonsirma,9,,,,,,SUB,in,ALIAGA PETKIM SPOR substitution in,,,,,,,,,0,133,1.0,,0,77,0,50
04:50,04:50:00,77,50,27,2,3,REGULAR,66,J. FLOYD,1,substitution,435,,[],in,0,20,Jehyve Jamal,Floyd,Jehyve Jamal,Floyd,J,F,J,F,J. Floyd,ALIAGA PETKIM SPOR,PTK,J. Floyd,20,,,,,,SUB,in,ALIAGA PETKIM SPOR substitution in,,,,,,,,,0,133,1.0,,0,77,0,50
04:27,04:27:00,77,50,27,2,3,REGULAR,68,Y. FRANKE,0,2pt,440,,[],jumpshot,1,5,Yannick Ayrton,Franke,Yannick Ayrton,Franke,Y,F,Y,F,Y. Franke,ALIAGA PETKIM SPOR,PTK,Y. Franke,5,,,23.590000152588,41.919998168945,0.0,P2,missed,ALIAGA PETKIM SPOR Y. FRANKE 2Pt missed,,,,,,,,,0,133,1.0,,0,77,0,50
04:27,04:27:00,77,50,27,2,3,REGULAR,65,R. BLUMBERGS,1,rebound,441,440,[],offensive,0,6,Roberts,Blumbergs,Roberts,Blumbergs,R,B,R,B,R. Blumbergs,ALIAGA PETKIM SPOR,PTK,R. Blumbergs,6,,,,,,REB,,ALIAGA PETKIM SPOR rebound offensive,,,,,,,,,0,133,1.0,,0,77,0,50
04:27,04:27:00,77,50,27,1,3,REGULAR,93,B. COLSON II,1,foul,442,,"['shooting', '2freethrow']",personal,0,50,Bonzie Alexander,Colson Ii,Bonzie Alexander,Colson Ii,B,C,B,C,B. Colson Ii,FENERBAHÇE BEKO,FBB,B. Colson Ii,50,,,,,,FOUL,,FENERBAHÇE BEKO B. COLSON II foul personal,,,,,,,,,0,133,1.0,,0,77,0,50
04:27,04:27:00,77,50,27,2,3,REGULAR,65,R. BLUMBERGS,1,foulon,443,442,[],,0,6,Roberts,Blumbergs,Roberts,Blumbergs,R,B,R,B,R. Blumbergs,ALIAGA PETKIM SPOR,PTK,R. Blumbergs,6,,,,,,OTHER,,ALIAGA PETKIM SPOR foulon,,,,,,,,,0,133,1.0,,0,77,0,50
04:27,04:27:00,77,51,26,2,3,REGULAR,65,R. BLUMBERGS,1,freethrow,444,,['2ndchance'],1of2,1,6,Roberts,Blumbergs,Roberts,Blumbergs,R,B,R,B,R. Blumbergs,ALIAGA PETKIM SPOR,PTK,R. Blumbergs,6,,,,,,FT,made,ALIAGA PETKIM SPOR R. BLUMBERGS FT 1of2 made,,,,,,,,,1,133,1.0,made_ft,0,77,1,51
04:27,04:27:00,77,52,25,2,3,REGULAR,65,R. BLUMBERGS,1,freethrow,445,,['2ndchance'],2of2,1,6,Roberts,Blumbergs,Roberts,Blumbergs,R,B,R,B,R. Blumbergs,ALIAGA PETKIM SPOR,PTK,R. Blumbergs,6,,,,,,FT,made,ALIAGA PETKIM SPOR R. BLUMBERGS FT 2of2 made,,,,,,,,,1,134,2.0,made_ft_last,0,77,1,52
04:13,04:13:00,79,52,27,1,3,REGULAR,94,W. BALDWIN IV,1,2pt,447,,['pointsinthepaint'],jumpshot,1,2,Wade M,Baldwin Iv,Wade M,Baldwin Iv,W,B,W,B,W. Baldwin Iv,FENERBAHÇE BEKO,FBB,W. Baldwin Iv,2,,,84.73999786377,37.680000305176,1.0,P2,made,FENERBAHÇE BEKO W. BALDWIN IV 2Pt made,,,,,,,,,2,135,1.0,score,2,79,0,52
03:48,03:48:00,79,54,25,2,3,REGULAR,69,S. WHITTAKER JR,1,2pt,448,,[],jumpshot,1,3,Stanley Mace,Whittaker Jr,Stanley Mace,Whittaker Jr,S,W,S,W,S. Whittaker Jr,ALIAGA PETKIM SPOR,PTK,S. Whittaker Jr,3,,,17.659999847412,73.559997558594,1.0,P2,made,ALIAGA PETKIM SPOR S. WHITTAKER JR 2Pt made,,,,,,,,,2,136,2.0,score,0,79,2,54
03:33,03:33:00,79,54,25,1,3,REGULAR,93,B. COLSON II,0,3pt,449,,[],jumpshot,1,50,Bonzie Alexander,Colson Ii,Bonzie Alexander,Colson Ii,B,C,B,C,B. Colson Ii,FENERBAHÇE BEKO,FBB,B. Colson Ii,50,,,84.589996337891,95.029998779297,0.0,P3,missed,FENERBAHÇE BEKO B. COLSON II 3Pt missed,,,,,,,,,0,137,1.0,def_reb,0,79,0,54
03:30,03:30:00,79,54,25,2,3,REGULAR,68,Y. FRANKE,1,rebound,450,449,[],defensive,0,5,Yannick Ayrton,Franke,Yannick Ayrton,Franke,Y,F,Y,F,Y. Franke,ALIAGA PETKIM SPOR,PTK,Y. Franke,5,,,,,,REB,,ALIAGA PETKIM SPOR rebound defensive,,,,,,,,,0,138,2.0,def_reb,0,79,0,54
03:10,03:10:00,79,57,22,2,3,REGULAR,65,R. BLUMBERGS,1,3pt,451,,[],jumpshot,1,6,Roberts,Blumbergs,Roberts,Blumbergs,R,B,R,B,R. Blumbergs,ALIAGA PETKIM SPOR,PTK,R. Blumbergs,6,,,4.0900001525879,97.290000915527,1.0,P3,made,ALIAGA PETKIM SPOR R. BLUMBERGS 3Pt made,66.0,2.0,J. FLOYD,,,,,,3,139,1.0,score,0,79,3,57
03:10,03:10:00,79,57,22,2,3,REGULAR,66,J. FLOYD,1,assist,452,451,[],,0,20,Jehyve Jamal,Floyd,Jehyve Jamal,Floyd,J,F,J,F,J. Floyd,ALIAGA PETKIM SPOR,PTK,J. Floyd,20,,,,,,ASS,,ALIAGA PETKIM SPOR J. FLOYD assist,,,,,,,,,0,140,2.0,,0,79,0,57
02:52,02:52:00,79,57,22,1,3,REGULAR,79,T. BIBEROVIÇ,0,3pt,454,,[],jumpshot,1,13,Tarik,Biberoviç,Tarik,Biberoviç,T,B,T,B,T. Biberoviç,FENERBAHÇE BEKO,FBB,T. Biberoviç,13,,,73.669998168945,85.98999786377,0.0,P3,missed,FENERBAHÇE BEKO T. BIBEROVIÇ 3Pt missed,,,,,,,,,0,140,2.0,def_reb,0,79,0,57
02:52,02:52:00,79,57,22,1,3,REGULAR,0,,1,rebound,455,454,['team'],offensive,0,,,,,,,,,,,FENERBAHÇE BEKO,FBB,,,,,,,,TREB,,FENERBAHÇE BEKO team rebound offensive,,,,,,,,,0,141,1.0,def_reb,0,79,0,57
02:52,02:52:00,79,57,22,2,3,REGULAR,42,Y. SONSIRMA,1,foul,456,,[],personal,0,9,Yunus Emre,Sonsirma,Yunus Emre,Sonsirma,Y,S,Y,S,Y. Sonsirma,ALIAGA PETKIM SPOR,PTK,Y. Sonsirma,9,,,,,,FOUL,,ALIAGA PETKIM SPOR Y. SONSIRMA foul personal,,,,,,,,,0,142,2.0,,0,79,0,57
02:52,02:52:00,79,57,22,1,3,REGULAR,98,M. JANTUNEN,1,foulon,457,456,[],,0,18,Mikael Olli Axel,Jantunen,Mikael Olli Axel,Jantunen,M,J,M,J,M. Jantunen,FENERBAHÇE BEKO,FBB,M. Jantunen,18,,,,,,OTHER,,FENERBAHÇE BEKO foulon,,,,,,,,,0,142,2.0,,0,79,0,57
02:52,02:52:00,79,57,22,1,3,REGULAR,96,T. TUCKER,1,substitution,458,,[],out,0,8,Talen Jalee,Tucker,Talen Jalee,Tucker,T,T,T,T,T. Tucker,FENERBAHÇE BEKO,FBB,T. Tucker,8,,,,,,SUB,out,FENERBAHÇE BEKO substitution out,,,,,,,,,0,142,2.0,,0,79,0,57
02:52,02:52:00,79,57,22,1,3,REGULAR,79,T. BIBEROVIÇ,1,substitution,459,,[],out,0,13,Tarik,Biberoviç,Tarik,Biberoviç,T,B,T,B,T. Biberoviç,FENERBAHÇE BEKO,FBB,T. Biberoviç,13,,,,,,SUB,out,FENERBAHÇE BEKO substitution out,,,,,,,,,0,142,2.0,,0,79,0,57
02:52,02:52:00,79,57,22,1,3,REGULAR,98,M. JANTUNEN,1,substitution,460,,[],out,0,18,Mikael Olli Axel,Jantunen,Mikael Olli Axel,Jantunen,M,J,M,J,M. Jantunen,FENERBAHÇE BEKO,FBB,M. Jantunen,18,,,,,,SUB,out,FENERBAHÇE BEKO substitution out,,,,,,,,,0,142,2.0,,0,79,0,57
02:52,02:52:00,79,57,22,1,3,REGULAR,92,N. MELLI,1,substitution,461,,[],in,0,4,Nicolo,Melli,Nicolo,Melli,N,M,N,M,N. Melli,FENERBAHÇE BEKO,FBB,N. Melli,4,,,,,,SUB,in,FENERBAHÇE BEKO substitution in,,,,,,,,,0,142,2.0,,0,79,0,57
02:52,02:52:00,79,57,22,1,3,REGULAR,76,M. MAHMUTOGLU,1,substitution,462,,[],in,0,10,Melih,Mahmutoglu,Melih,Mahmutoglu,M,M,M,M,M. Mahmutoglu,FENERBAHÇE BEKO,FBB,M. Mahmutoglu,10,,,,,,SUB,in,FENERBAHÇE BEKO substitution in,,,,,,,,,0,142,2.0,,0,79,0,57
02:52,02:52:00,79,57,22,1,3,REGULAR,89,O. BITIM,1,substitution,463,,[],in,0,17,Onuralp,Bitim,Onuralp,Bitim,O,B,O,B,O. Bitim,FENERBAHÇE BEKO,FBB,O. Bitim,17,,,,,,SUB,in,FENERBAHÇE BEKO substitution in,,,,,,,,,0,142,2.0,,0,79,0,57
02:49,02:49:00,79,57,22,1,3,REGULAR,94,W. BALDWIN IV,0,2pt,465,,"['2ndchance', 'pointsinthepaint']",dunk,1,2,Wade M,Baldwin Iv,Wade M,Baldwin Iv,W,B,W,B,W. Baldwin Iv,FENERBAHÇE BEKO,FBB,W. Baldwin Iv,2,,,91.139999389648,53.220001220703,0.0,P2,missed,FENERBAHÇE BEKO W. BALDWIN IV 2Pt missed,,,,,,,,,0,142,2.0,def_reb,0,79,0,57
02:45,02:45:00,79,57,22,2,3,REGULAR,68,Y. FRANKE,1,rebound,466,465,[],defensive,0,5,Yannick Ayrton,Franke,Yannick Ayrton,Franke,Y,F,Y,F,Y. Franke,ALIAGA PETKIM SPOR,PTK,Y. Franke,5,,,,,,REB,,ALIAGA PETKIM SPOR rebound defensive,,,,,,,,,0,143,1.0,def_reb,0,79,0,57
02:43,02:43:00,79,57,22,1,3,REGULAR,92,N. MELLI,1,foul,468,,[],personal,0,4,Nicolo,Melli,Nicolo,Melli,N,M,N,M,N. Melli,FENERBAHÇE BEKO,FBB,N. Melli,4,,,,,,FOUL,,FENERBAHÇE BEKO N. MELLI foul personal,,,,,,,,,0,144,2.0,,0,79,0,57
02:43,02:43:00,79,57,22,2,3,REGULAR,68,Y. FRANKE,1,foulon,469,468,[],,0,5,Yannick Ayrton,Franke,Yannick Ayrton,Franke,Y,F,Y,F,Y. Franke,ALIAGA PETKIM SPOR,PTK,Y. Franke,5,,,,,,OTHER,,ALIAGA PETKIM SPOR foulon,,,,,,,,,0,144,2.0,,0,79,0,57
02:26,02:26:00,79,59,20,2,3,REGULAR,65,R. BLUMBERGS,1,2pt,475,,['pointsinthepaint'],layup,1,6,Roberts,Blumbergs,Roberts,Blumbergs,R,B,R,B,R. Blumbergs,ALIAGA PETKIM SPOR,PTK,R. Blumbergs,6,,,6.5799999237061,57.459999084473,1.0,P2,made,ALIAGA PETKIM SPOR R. BLUMBERGS 2Pt made,42.0,2.0,Y. SONSIRMA,,,,,,2,144,2.0,score,0,79,2,59
02:26,02:26:00,79,59,20,2,3,REGULAR,42,Y. SONSIRMA,1,assist,476,475,[],,0,9,Yunus Emre,Sonsirma,Yunus Emre,Sonsirma,Y,S,Y,S,Y. Sonsirma,ALIAGA PETKIM SPOR,PTK,Y. Sonsirma,9,,,,,,ASS,,ALIAGA PETKIM SPOR Y. SONSIRMA assist,,,,,,,,,0,145,1.0,,0,79,0,59
02:17,02:17:00,79,59,20,1,3,REGULAR,94,W. BALDWIN IV,1,turnover,478,,[],badpass,0,2,Wade M,Baldwin Iv,Wade M,Baldwin Iv,W,B,W,B,W. Baldwin Iv,FENERBAHÇE BEKO,FBB,W. Baldwin Iv,2,,,,,,TO,,FENERBAHÇE BEKO W. BALDWIN IV turnover badpass,,,,,,,,,0,145,1.0,turnover,0,79,0,59
02:17,02:17:00,79,59,20,2,3,REGULAR,69,S. WHITTAKER JR,1,substitution,479,,[],out,0,3,Stanley Mace,Whittaker Jr,Stanley Mace,Whittaker Jr,S,W,S,W,S. Whittaker Jr,ALIAGA PETKIM SPOR,PTK,S. Whittaker Jr,3,,,,,,SUB,out,ALIAGA PETKIM SPOR substitution out,,,,,,,,,0,146,2.0,,0,79,0,59
02:17,02:17:00,79,59,20,2,3,REGULAR,67,D. EFIANAYI,1,substitution,480,,[],in,0,4,David,Efianayi,David,Efianayi,D,E,D,E,D. Efianayi,ALIAGA PETKIM SPOR,PTK,D. Efianayi,4,,,,,,SUB,in,ALIAGA PETKIM SPOR substitution in,,,,,,,,,0,146,2.0,,0,79,0,59
02:02,02:02:00,79,62,17,2,3,REGULAR,65,R. BLUMBERGS,1,3pt,483,,['fromturnover'],jumpshot,1,6,Roberts,Blumbergs,Roberts,Blumbergs,R,B,R,B,R. Blumbergs,ALIAGA PETKIM SPOR,PTK,R. Blumbergs,6,,,28.110000610352,88.25,1.0,P3,made,ALIAGA PETKIM SPOR R. BLUMBERGS 3Pt made,67.0,2.0,D. EFIANAYI,,,,,,3,146,2.0,score,0,79,3,62
02:02,02:02:00,79,62,17,2,3,REGULAR,67,D. EFIANAYI,1,assist,484,483,[],,0,4,David,Efianayi,David,Efianayi,D,E,D,E,D. Efianayi,ALIAGA PETKIM SPOR,PTK,D. Efianayi,4,,,,,,ASS,,ALIAGA PETKIM SPOR D. EFIANAYI assist,,,,,,,,,0,147,1.0,,0,79,0,62
02:02,02:02:00,79,62,17,1,3,REGULAR,0,,1,timeout,485,,[],full,0,,,,,,,,,,,FENERBAHÇE BEKO,FBB,,,,,,,,TIMEOUT,,FENERBAHÇE BEKO timeout,,,,,,,,,0,147,1.0,,0,79,0,62
01:47,01:47:00,82,62,20,1,3,REGULAR,93,B. COLSON II,1,3pt,487,,[],jumpshot,1,50,Bonzie Alexander,Colson Ii,Bonzie Alexander,Colson Ii,B,C,B,C,B. Colson Ii,FENERBAHÇE BEKO,FBB,B. Colson Ii,50,,,70.080001831055,17.909999847412,1.0,P3,made,FENERBAHÇE BEKO B. COLSON II 3Pt made,94.0,1.0,W. BALDWIN IV,,,,,,3,147,1.0,score,3,82,0,62
01:47,01:47:00,82,62,20,1,3,REGULAR,94,W. BALDWIN IV,1,assist,489,487,[],,0,2,Wade M,Baldwin Iv,Wade M,Baldwin Iv,W,B,W,B,W. Baldwin Iv,FENERBAHÇE BEKO,FBB,W. Baldwin Iv,2,,,,,,ASS,,FENERBAHÇE BEKO W. BALDWIN IV assist,,,,,,,,,0,148,2.0,,0,82,0,62
01:21,01:21:00,82,64,18,2,3,REGULAR,68,Y. FRANKE,1,2pt,494,,[],jumpshot,1,5,Yannick Ayrton,Franke,Yannick Ayrton,Franke,Y,F,Y,F,Y. Franke,ALIAGA PETKIM SPOR,PTK,Y. Franke,5,,,13.920000076294,12.819999694824,1.0,P2,made,ALIAGA PETKIM SPOR Y. FRANKE 2Pt made,42.0,2.0,Y. SONSIRMA,,,,,,2,148,2.0,score,0,82,2,64
01:21,01:21:00,82,64,18,2,3,REGULAR,42,Y. SONSIRMA,1,assist,495,494,[],,0,9,Yunus Emre,Sonsirma,Yunus Emre,Sonsirma,Y,S,Y,S,Y. Sonsirma,ALIAGA PETKIM SPOR,PTK,Y. Sonsirma,9,,,,,,ASS,,ALIAGA PETKIM SPOR Y. SONSIRMA assist,,,,,,,,,0,149,1.0,,0,82,0,64
00:56,00:56:10,82,64,18,1,3,REGULAR,76,M. MAHMUTOGLU,0,3pt,496,,[],jumpshot,1,10,Melih,Mahmutoglu,Melih,Mahmutoglu,M,M,M,M,M. Mahmutoglu,FENERBAHÇE BEKO,FBB,M. Mahmutoglu,10,,,61.340000152588,75.819999694824,0.0,P3,missed,FENERBAHÇE BEKO M. MAHMUTOGLU 3Pt missed,,,,,,,,,0,149,1.0,,0,82,0,64
00:53,00:53:40,82,64,18,1,3,REGULAR,94,W. BALDWIN IV,1,rebound,497,496,[],offensive,0,2,Wade M,Baldwin Iv,Wade M,Baldwin Iv,W,B,W,B,W. Baldwin Iv,FENERBAHÇE BEKO,FBB,W. Baldwin Iv,2,,,,,,REB,,FENERBAHÇE BEKO rebound offensive,,,,,,,,,0,149,1.0,,0,82,0,64
00:43,00:43:60,82,64,18,1,3,REGULAR,94,W. BALDWIN IV,0,2pt,499,,"['2ndchance', 'pointsinthepaint', 'blocked']",layup,1,2,Wade M,Baldwin Iv,Wade M,Baldwin Iv,W,B,W,B,W. Baldwin Iv,FENERBAHÇE BEKO,FBB,W. Baldwin Iv,2,,,89.419998168945,58.869998931885,0.0,P2,missed,FENERBAHÇE BEKO W. BALDWIN IV 2Pt missed,,,,65.0,2.0,R. BLUMBERGS,,,0,149,1.0,,0,82,0,64
00:43,00:43:60,82,64,18,2,3,REGULAR,65,R. BLUMBERGS,1,block,500,499,[],,0,6,Roberts,Blumbergs,Roberts,Blumbergs,R,B,R,B,R. Blumbergs,ALIAGA PETKIM SPOR,PTK,R. Blumbergs,6,,,,,,BS,,ALIAGA PETKIM SPOR R. BLUMBERGS block,,,,,,,,,0,149,1.0,,0,82,0,64
00:43,00:43:50,82,64,18,1,3,REGULAR,0,,1,rebound,501,499,['team'],offensive,0,,,,,,,,,,,FENERBAHÇE BEKO,FBB,,,,,,,,TREB,,FENERBAHÇE BEKO team rebound offensive,,,,,,,,,0,149,1.0,def_reb,0,82,0,64
00:42,00:42:40,82,64,18,1,3,REGULAR,0,,1,turnover,504,,['team'],5sec,0,,,,,,,,,,,FENERBAHÇE BEKO,FBB,,,,,,,,TO,,FENERBAHÇE BEKO  turnover 5sec,,,,,,,,,0,150,2.0,turnover,0,82,0,64
00:26,00:26:50,82,66,16,2,3,REGULAR,68,Y. FRANKE,1,2pt,506,,"['fromturnover', 'pointsinthepaint']",layup,1,5,Yannick Ayrton,Franke,Yannick Ayrton,Franke,Y,F,Y,F,Y. Franke,ALIAGA PETKIM SPOR,PTK,Y. Franke,5,,,9.3900003433228,49.830001831055,1.0,P2,made,ALIAGA PETKIM SPOR Y. FRANKE 2Pt made,66.0,2.0,J. FLOYD,,,,,,2,151,1.0,score,0,82,2,66
00:26,00:26:50,82,66,16,2,3,REGULAR,66,J. FLOYD,1,assist,507,506,[],,0,20,Jehyve Jamal,Floyd,Jehyve Jamal,Floyd,J,F,J,F,J. Floyd,ALIAGA PETKIM SPOR,PTK,J. Floyd,20,,,,,,ASS,,ALIAGA PETKIM SPOR J. FLOYD assist,,,,,,,,,0,152,2.0,,0,82,0,66
00:04,00:04:70,82,66,16,1,3,REGULAR,94,W. BALDWIN IV,1,turnover,509,,[],ballhandling,0,2,Wade M,Baldwin Iv,Wade M,Baldwin Iv,W,B,W,B,W. Baldwin Iv,FENERBAHÇE BEKO,FBB,W. Baldwin Iv,2,,,,,,TO,,FENERBAHÇE BEKO W. BALDWIN IV turnover ballhandling,,,,,,,,,0,152,2.0,turnover,0,82,0,66
00:04,00:04:70,82,66,16,1,3,REGULAR,76,M. MAHMUTOGLU,1,substitution,510,,[],out,0,10,Melih,Mahmutoglu,Melih,Mahmutoglu,M,M,M,M,M. Mahmutoglu,FENERBAHÇE BEKO,FBB,M. Mahmutoglu,10,,,,,,SUB,out,FENERBAHÇE BEKO substitution out,,,,,,,,,0,153,1.0,,0,82,0,66
00:04,00:04:70,82,66,16,1,3,REGULAR,78,M. EKSIOGLU,1,substitution,511,,[],in,0,5,Mert Emre,Eksioglu,Mert Emre,Eksioglu,M,E,M,E,M. Eksioglu,FENERBAHÇE BEKO,FBB,M. Eksioglu,5,,,,,,SUB,in,FENERBAHÇE BEKO substitution in,,,,,,,,,0,153,1.0,,0,82,0,66
00:04,00:04:70,82,66,16,2,3,REGULAR,66,J. FLOYD,1,substitution,512,,[],out,0,20,Jehyve Jamal,Floyd,Jehyve Jamal,Floyd,J,F,J,F,J. Floyd,ALIAGA PETKIM SPOR,PTK,J. Floyd,20,,,,,,SUB,out,ALIAGA PETKIM SPOR substitution out,,,,,,,,,0,153,1.0,,0,82,0,66
00:04,00:04:70,82,66,16,2,3,REGULAR,70,U. UTOMI,1,substitution,513,,[],in,0,8,Uzodinma,Utomi,Uzodinma,Utomi,U,U,U,U,U. Utomi,ALIAGA PETKIM SPOR,PTK,U. Utomi,8,,,,,,SUB,in,ALIAGA PETKIM SPOR substitution in,,,,,,,,,0,153,1.0,,0,82,0,66
00:02,00:02:40,82,66,16,2,3,REGULAR,67,D. EFIANAYI,0,2pt,516,,"['fromturnover', 'pointsinthepaint']",layup,1,4,David,Efianayi,David,Efianayi,D,E,D,E,D. Efianayi,ALIAGA PETKIM SPOR,PTK,D. Efianayi,4,,,6.5799999237061,50.959999084473,0.0,P2,missed,ALIAGA PETKIM SPOR D. EFIANAYI 2Pt missed,,,,,,,,,0,153,1.0,def_reb,0,82,0,66
00:01,00:01:60,82,66,16,1,3,REGULAR,89,O. BITIM,1,rebound,518,516,[],defensive,0,17,Onuralp,Bitim,Onuralp,Bitim,O,B,O,B,O. Bitim,FENERBAHÇE BEKO,FBB,O. Bitim,17,,,,,,REB,,FENERBAHÇE BEKO rebound defensive,,,,,,,,,0,154,2.0,def_reb,0,82,0,66
00:00,00:00:00,82,66,16,0,3,REGULAR,0,,1,period,520,,['confirmed'],end,0,,,,,,,,,,,,,,,,,,,,OTHER,,period end,,,,,,,,,0,155,1.0,,0,82,0,66
10:00,10:00:00,82,66,16,1,4,REGULAR,94,W. BALDWIN IV,1,substitution,521,,[],out,0,2,Wade M,Baldwin Iv,Wade M,Baldwin Iv,W,B,W,B,W. Baldwin Iv,FENERBAHÇE BEKO,FBB,W. Baldwin Iv,2,,,,,,SUB,out,FENERBAHÇE BEKO substitution out,,,,,,,,,0,155,1.0,,0,82,0,66
10:00,10:00:00,82,66,16,1,4,REGULAR,92,N. MELLI,1,substitution,522,,[],out,0,4,Nicolo,Melli,Nicolo,Melli,N,M,N,M,N. Melli,FENERBAHÇE BEKO,FBB,N. Melli,4,,,,,,SUB,out,FENERBAHÇE BEKO substitution out,,,,,,,,,0,155,1.0,,0,82,0,66
10:00,10:00:00,82,66,16,1,4,REGULAR,89,O. BITIM,1,substitution,523,,[],out,0,17,Onuralp,Bitim,Onuralp,Bitim,O,B,O,B,O. Bitim,FENERBAHÇE BEKO,FBB,O. Bitim,17,,,,,,SUB,out,FENERBAHÇE BEKO substitution out,,,,,,,,,0,155,1.0,,0,82,0,66
10:00,10:00:00,82,66,16,1,4,REGULAR,93,B. COLSON II,1,substitution,524,,[],out,0,50,Bonzie Alexander,Colson Ii,Bonzie Alexander,Colson Ii,B,C,B,C,B. Colson Ii,FENERBAHÇE BEKO,FBB,B. Colson Ii,50,,,,,,SUB,out,FENERBAHÇE BEKO substitution out,,,,,,,,,0,155,1.0,,0,82,0,66
10:00,10:00:00,82,66,16,1,4,REGULAR,77,J. BIRSEN,1,substitution,525,,[],in,0,1,James Metecan,Birsen,James Metecan,Birsen,J,B,J,B,J. Birsen,FENERBAHÇE BEKO,FBB,J. Birsen,1,,,,,,SUB,in,FENERBAHÇE BEKO substitution in,,,,,,,,,0,155,1.0,,0,82,0,66
10:00,10:00:00,82,66,16,1,4,REGULAR,76,M. MAHMUTOGLU,1,substitution,526,,[],in,0,10,Melih,Mahmutoglu,Melih,Mahmutoglu,M,M,M,M,M. Mahmutoglu,FENERBAHÇE BEKO,FBB,M. Mahmutoglu,10,,,,,,SUB,in,FENERBAHÇE BEKO substitution in,,,,,,,,,0,155,1.0,,0,82,0,66
10:00,10:00:00,82,66,16,1,4,REGULAR,98,M. JANTUNEN,1,substitution,527,,[],in,0,18,Mikael Olli Axel,Jantunen,Mikael Olli Axel,Jantunen,M,J,M,J,M. Jantunen,FENERBAHÇE BEKO,FBB,M. Jantunen,18,,,,,,SUB,in,FENERBAHÇE BEKO substitution in,,,,,,,,,0,155,1.0,,0,82,0,66
10:00,10:00:00,82,66,16,1,4,REGULAR,95,D. HALL,1,substitution,528,,[],in,0,20,Devon Howard,Hall,Devon Howard,Hall,D,H,D,H,D. Hall,FENERBAHÇE BEKO,FBB,D. Hall,20,,,,,,SUB,in,FENERBAHÇE BEKO substitution in,,,,,,,,,0,155,1.0,,0,82,0,66
10:00,10:00:00,82,66,16,2,4,REGULAR,68,Y. FRANKE,1,substitution,529,,[],out,0,5,Yannick Ayrton,Franke,Yannick Ayrton,Franke,Y,F,Y,F,Y. Franke,ALIAGA PETKIM SPOR,PTK,Y. Franke,5,,,,,,SUB,out,ALIAGA PETKIM SPOR substitution out,,,,,,,,,0,155,1.0,,0,82,0,66
10:00,10:00:00,82,66,16,2,4,REGULAR,66,J. FLOYD,1,substitution,530,,[],in,0,20,Jehyve Jamal,Floyd,Jehyve Jamal,Floyd,J,F,J,F,J. Floyd,ALIAGA PETKIM SPOR,PTK,J. Floyd,20,,,,,,SUB,in,ALIAGA PETKIM SPOR substitution in,,,,,,,,,0,155,1.0,,0,82,0,66
10:00,10:00:00,82,66,16,0,4,REGULAR,0,,1,period,531,,[],start,0,,,,,,,,,,,,,,,,,,,,OTHER,,period start,,,,,,,,,0,155,1.0,,0,82,0,66
09:49,09:49:00,82,66,16,2,4,REGULAR,67,D. EFIANAYI,1,turnover,533,,[],badpass,0,4,David,Efianayi,David,Efianayi,D,E,D,E,D. Efianayi,ALIAGA PETKIM SPOR,PTK,D. Efianayi,4,,,,,,TO,,ALIAGA PETKIM SPOR D. EFIANAYI turnover badpass,,,,,,,,,0,155,1.0,turnover,0,82,0,66
09:49,09:49:00,82,66,16,1,4,REGULAR,98,M. JANTUNEN,1,steal,534,533,[],,0,18,Mikael Olli Axel,Jantunen,Mikael Olli Axel,Jantunen,M,J,M,J,M. Jantunen,FENERBAHÇE BEKO,FBB,M. Jantunen,18,,,,,,ST,,FENERBAHÇE BEKO M. JANTUNEN steal,,,,,,,,,0,156,2.0,,0,82,0,66
09:29,09:29:00,82,66,16,1,4,REGULAR,95,D. HALL,0,3pt,535,,['fromturnover'],jumpshot,1,20,Devon Howard,Hall,Devon Howard,Hall,D,H,D,H,D. Hall,FENERBAHÇE BEKO,FBB,D. Hall,20,,,66.330001831055,81.470001220703,0.0,P3,missed,FENERBAHÇE BEKO D. HALL 3Pt missed,,,,,,,,,0,156,2.0,,0,82,0,66
09:24,09:24:00,82,66,16,1,4,REGULAR,76,M. MAHMUTOGLU,1,rebound,536,535,[],offensive,0,10,Melih,Mahmutoglu,Melih,Mahmutoglu,M,M,M,M,M. Mahmutoglu,FENERBAHÇE BEKO,FBB,M. Mahmutoglu,10,,,,,,REB,,FENERBAHÇE BEKO rebound offensive,,,,,,,,,0,156,2.0,,0,82,0,66
09:20,09:20:00,82,66,16,1,4,REGULAR,78,M. EKSIOGLU,0,3pt,537,,"['2ndchance', 'fromturnover']",jumpshot,1,5,Mert Emre,Eksioglu,Mert Emre,Eksioglu,M,E,M,E,M. Eksioglu,FENERBAHÇE BEKO,FBB,M. Eksioglu,5,,,78.809997558594,91.639999389648,0.0,P3,missed,FENERBAHÇE BEKO M. EKSIOGLU 3Pt missed,,,,,,,,,0,156,2.0,def_reb,0,82,0,66
09:18,09:18:00,82,66,16,2,4,REGULAR,66,J. FLOYD,1,rebound,538,537,[],defensive,0,20,Jehyve Jamal,Floyd,Jehyve Jamal,Floyd,J,F,J,F,J. Floyd,ALIAGA PETKIM SPOR,PTK,J. Floyd,20,,,,,,REB,,ALIAGA PETKIM SPOR rebound defensive,,,,,,,,,0,157,1.0,def_reb,0,82,0,66
09:10,09:10:00,82,66,16,2,4,REGULAR,70,U. UTOMI,1,turnover,540,,[],badpass,0,8,Uzodinma,Utomi,Uzodinma,Utomi,U,U,U,U,U. Utomi,ALIAGA PETKIM SPOR,PTK,U. Utomi,8,,,,,,TO,,ALIAGA PETKIM SPOR U. UTOMI turnover badpass,,,,,,,,,0,158,2.0,turnover,0,82,0,66
08:46,08:46:00,82,66,16,1,4,REGULAR,76,M. MAHMUTOGLU,0,2pt,542,,['fromturnover'],jumpshot,1,10,Melih,Mahmutoglu,Melih,Mahmutoglu,M,M,M,M,M. Mahmutoglu,FENERBAHÇE BEKO,FBB,M. Mahmutoglu,10,,,78.190002441406,28.639999389648,0.0,P2,missed,FENERBAHÇE BEKO M. MAHMUTOGLU 2Pt missed,,,,,,,,,0,159,1.0,def_reb,0,82,0,66
08:43,08:43:00,82,66,16,2,4,REGULAR,66,J. FLOYD,1,rebound,543,542,[],defensive,0,20,Jehyve Jamal,Floyd,Jehyve Jamal,Floyd,J,F,J,F,J. Floyd,ALIAGA PETKIM SPOR,PTK,J. Floyd,20,,,,,,REB,,ALIAGA PETKIM SPOR rebound defensive,,,,,,,,,0,160,2.0,def_reb,0,82,0,66
08:42,08:42:00,82,66,16,1,4,REGULAR,76,M. MAHMUTOGLU,1,foul,545,,[],personal,0,10,Melih,Mahmutoglu,Melih,Mahmutoglu,M,M,M,M,M. Mahmutoglu,FENERBAHÇE BEKO,FBB,M. Mahmutoglu,10,,,,,,FOUL,,FENERBAHÇE BEKO M. MAHMUTOGLU foul personal,,,,,,,,,0,161,1.0,,0,82,0,66
08:42,08:42:00,82,66,16,2,4,REGULAR,67,D. EFIANAYI,1,foulon,546,545,[],,0,4,David,Efianayi,David,Efianayi,D,E,D,E,D. Efianayi,ALIAGA PETKIM SPOR,PTK,D. Efianayi,4,,,,,,OTHER,,ALIAGA PETKIM SPOR foulon,,,,,,,,,0,161,1.0,,0,82,0,66
08:21,08:21:00,82,66,16,2,4,REGULAR,0,,1,turnover,549,,['team'],24sec,0,,,,,,,,,,,ALIAGA PETKIM SPOR,PTK,,,,,,,,TO,,ALIAGA PETKIM SPOR  turnover 24sec,,,,,,,,,0,161,1.0,turnover,0,82,0,66
08:08,08:08:00,82,66,16,1,4,REGULAR,95,D. HALL,0,2pt,552,,"['fromturnover', 'pointsinthepaint', 'blocked']",drivinglayup,1,20,Devon Howard,Hall,Devon Howard,Hall,D,H,D,H,D. Hall,FENERBAHÇE BEKO,FBB,D. Hall,20,,,90.669998168945,48.139999389648,0.0,P2,missed,FENERBAHÇE BEKO D. HALL 2Pt missed,,,,66.0,2.0,J. FLOYD,,,0,162,2.0,,0,82,0,66
08:08,08:08:00,82,66,16,2,4,REGULAR,66,J. FLOYD,1,block,553,552,[],,0,20,Jehyve Jamal,Floyd,Jehyve Jamal,Floyd,J,F,J,F,J. Floyd,ALIAGA PETKIM SPOR,PTK,J. Floyd,20,,,,,,BS,,ALIAGA PETKIM SPOR J. FLOYD block,,,,,,,,,0,162,2.0,,0,82,0,66
08:08,08:08:00,82,66,16,1,4,REGULAR,0,,1,rebound,554,552,['team'],offensive,0,,,,,,,,,,,FENERBAHÇE BEKO,FBB,,,,,,,,TREB,,FENERBAHÇE BEKO team rebound offensive,,,,,,,,,0,162,2.0,def_reb,0,82,0,66
08:07,08:07:00,82,66,16,1,4,REGULAR,0,,1,turnover,557,,['team'],5sec,0,,,,,,,,,,,FENERBAHÇE BEKO,FBB,,,,,,,,TO,,FENERBAHÇE BEKO  turnover 5sec,,,,,,,,,0,163,1.0,turnover,0,82,0,66
07:45,07:45:00,82,66,16,2,4,REGULAR,42,Y. SONSIRMA,1,turnover,559,,[],ballhandling,0,9,Yunus Emre,Sonsirma,Yunus Emre,Sonsirma,Y,S,Y,S,Y. Sonsirma,ALIAGA PETKIM SPOR,PTK,Y. Sonsirma,9,,,,,,TO,,ALIAGA PETKIM SPOR Y. SONSIRMA turnover ballhandling,,,,,,,,,0,164,2.0,turnover,0,82,0,66
07:45,07:45:00,82,66,16,1,4,REGULAR,77,J. BIRSEN,1,steal,561,559,[],,0,1,James Metecan,Birsen,James Metecan,Birsen,J,B,J,B,J. Birsen,FENERBAHÇE BEKO,FBB,J. Birsen,1,,,,,,ST,,FENERBAHÇE BEKO J. BIRSEN steal,,,,,,,,,0,165,1.0,,0,82,0,66
07:43,07:43:00,82,66,16,2,4,REGULAR,67,D. EFIANAYI,1,foul,562,,[],personal,0,4,David,Efianayi,David,Efianayi,D,E,D,E,D. Efianayi,ALIAGA PETKIM SPOR,PTK,D. Efianayi,4,,,,,,FOUL,,ALIAGA PETKIM SPOR D. EFIANAYI foul personal,,,,,,,,,0,165,1.0,,0,82,0,66
07:43,07:43:00,82,66,16,1,4,REGULAR,77,J. BIRSEN,1,foulon,563,562,[],,0,1,James Metecan,Birsen,James Metecan,Birsen,J,B,J,B,J. Birsen,FENERBAHÇE BEKO,FBB,J. Birsen,1,,,,,,OTHER,,FENERBAHÇE BEKO foulon,,,,,,,,,0,165,1.0,,0,82,0,66
07:29,07:29:00,84,66,18,1,4,REGULAR,78,M. EKSIOGLU,1,2pt,565,,"['fromturnover', 'pointsinthepaint']",floatingjumpshot,1,5,Mert Emre,Eksioglu,Mert Emre,Eksioglu,M,E,M,E,M. Eksioglu,FENERBAHÇE BEKO,FBB,M. Eksioglu,5,,,81.620002746582,48.700000762939,1.0,P2,made,FENERBAHÇE BEKO M. EKSIOGLU 2Pt made,98.0,1.0,M. JANTUNEN,,,,,,2,165,1.0,score,2,84,0,66
07:29,07:29:00,84,66,18,1,4,REGULAR,98,M. JANTUNEN,1,assist,566,565,[],,0,18,Mikael Olli Axel,Jantunen,Mikael Olli Axel,Jantunen,M,J,M,J,M. Jantunen,FENERBAHÇE BEKO,FBB,M. Jantunen,18,,,,,,ASS,,FENERBAHÇE BEKO M. JANTUNEN assist,,,,,,,,,0,166,2.0,,0,84,0,66
07:16,07:16:00,84,68,16,2,4,REGULAR,66,J. FLOYD,1,2pt,567,,['pointsinthepaint'],drivinglayup,1,20,Jehyve Jamal,Floyd,Jehyve Jamal,Floyd,J,F,J,F,J. Floyd,ALIAGA PETKIM SPOR,PTK,J. Floyd,20,,,8.1400003433228,54.919998168945,1.0,P2,made,ALIAGA PETKIM SPOR J. FLOYD 2Pt made,42.0,2.0,Y. SONSIRMA,,,,,,2,166,2.0,score,0,84,2,68
07:16,07:16:00,84,68,16,2,4,REGULAR,42,Y. SONSIRMA,1,assist,568,567,[],,0,9,Yunus Emre,Sonsirma,Yunus Emre,Sonsirma,Y,S,Y,S,Y. Sonsirma,ALIAGA PETKIM SPOR,PTK,Y. Sonsirma,9,,,,,,ASS,,ALIAGA PETKIM SPOR Y. SONSIRMA assist,,,,,,,,,0,167,1.0,,0,84,0,68
07:05,07:05:00,86,68,18,1,4,REGULAR,98,M. JANTUNEN,1,2pt,569,,['pointsinthepaint'],layup,1,18,Mikael Olli Axel,Jantunen,Mikael Olli Axel,Jantunen,M,J,M,J,M. Jantunen,FENERBAHÇE BEKO,FBB,M. Jantunen,18,,,95.199996948242,46.159999847412,1.0,P2,made,FENERBAHÇE BEKO M. JANTUNEN 2Pt made,78.0,1.0,M. EKSIOGLU,,,,,,2,167,1.0,score,2,86,0,68
07:05,07:05:00,86,68,18,1,4,REGULAR,78,M. EKSIOGLU,1,assist,570,569,[],,0,5,Mert Emre,Eksioglu,Mert Emre,Eksioglu,M,E,M,E,M. Eksioglu,FENERBAHÇE BEKO,FBB,M. Eksioglu,5,,,,,,ASS,,FENERBAHÇE BEKO M. EKSIOGLU assist,,,,,,,,,0,168,2.0,,0,86,0,68
06:42,06:42:00,86,68,18,2,4,REGULAR,42,Y. SONSIRMA,0,3pt,571,,[],jumpshot,1,9,Yunus Emre,Sonsirma,Yunus Emre,Sonsirma,Y,S,Y,S,Y. Sonsirma,ALIAGA PETKIM SPOR,PTK,Y. Sonsirma,9,,,33.419998168945,53.220001220703,0.0,P3,missed,ALIAGA PETKIM SPOR Y. SONSIRMA 3Pt missed,,,,,,,,,0,168,2.0,def_reb,0,86,0,68
06:39,06:39:00,86,68,18,1,4,REGULAR,98,M. JANTUNEN,1,rebound,572,571,[],defensive,0,18,Mikael Olli Axel,Jantunen,Mikael Olli Axel,Jantunen,M,J,M,J,M. Jantunen,FENERBAHÇE BEKO,FBB,M. Jantunen,18,,,,,,REB,,FENERBAHÇE BEKO rebound defensive,,,,,,,,,0,169,1.0,def_reb,0,86,0,68
06:36,06:36:00,86,68,18,1,4,REGULAR,95,D. HALL,0,2pt,573,,['pointsinthepaint'],drivinglayup,1,20,Devon Howard,Hall,Devon Howard,Hall,D,H,D,H,D. Hall,FENERBAHÇE BEKO,FBB,D. Hall,20,,,94.099998474121,52.369998931885,0.0,P2,missed,FENERBAHÇE BEKO D. HALL 2Pt missed,,,,,,,,,0,170,2.0,def_reb,0,86,0,68
06:34,06:34:00,86,68,18,2,4,REGULAR,42,Y. SONSIRMA,1,rebound,575,573,[],defensive,0,9,Yunus Emre,Sonsirma,Yunus Emre,Sonsirma,Y,S,Y,S,Y. Sonsirma,ALIAGA PETKIM SPOR,PTK,Y. Sonsirma,9,,,,,,REB,,ALIAGA PETKIM SPOR rebound defensive,,,,,,,,,0,171,1.0,def_reb,0,86,0,68
06:34,06:34:00,86,68,18,1,4,REGULAR,78,M. EKSIOGLU,1,foul,576,,"['shooting', '3freethrow']",personal,0,5,Mert Emre,Eksioglu,Mert Emre,Eksioglu,M,E,M,E,M. Eksioglu,FENERBAHÇE BEKO,FBB,M. Eksioglu,5,,,,,,FOUL,,FENERBAHÇE BEKO M. EKSIOGLU foul personal,,,,,,,,,0,172,2.0,,0,86,0,68
06:34,06:34:00,86,68,18,2,4,REGULAR,42,Y. SONSIRMA,1,foulon,577,576,[],,0,9,Yunus Emre,Sonsirma,Yunus Emre,Sonsirma,Y,S,Y,S,Y. Sonsirma,ALIAGA PETKIM SPOR,PTK,Y. Sonsirma,9,,,,,,OTHER,,ALIAGA PETKIM SPOR foulon,,,,,,,,,0,172,2.0,,0,86,0,68
06:34,06:34:00,86,68,18,1,4,REGULAR,98,M. JANTUNEN,1,substitution,578,,[],out,0,18,Mikael Olli Axel,Jantunen,Mikael Olli Axel,Jantunen,M,J,M,J,M. Jantunen,FENERBAHÇE BEKO,FBB,M. Jantunen,18,,,,,,SUB,out,FENERBAHÇE BEKO substitution out,,,,,,,,,0,172,2.0,,0,86,0,68
06:34,06:34:00,86,68,18,1,4,REGULAR,95,D. HALL,1,substitution,579,,[],out,0,20,Devon Howard,Hall,Devon Howard,Hall,D,H,D,H,D. Hall,FENERBAHÇE BEKO,FBB,D. Hall,20,,,,,,SUB,out,FENERBAHÇE BEKO substitution out,,,,,,,,,0,172,2.0,,0,86,0,68
06:34,06:34:00,86,68,18,1,4,REGULAR,96,T. TUCKER,1,substitution,580,,[],in,0,8,Talen Jalee,Tucker,Talen Jalee,Tucker,T,T,T,T,T. Tucker,FENERBAHÇE BEKO,FBB,T. Tucker,8,,,,,,SUB,in,FENERBAHÇE BEKO substitution in,,,,,,,,,0,172,2.0,,0,86,0,68
06:34,06:34:00,86,68,18,1,4,REGULAR,79,T. BIBEROVIÇ,1,substitution,581,,[],in,0,13,Tarik,Biberoviç,Tarik,Biberoviç,T,B,T,B,T. Biberoviç,FENERBAHÇE BEKO,FBB,T. Biberoviç,13,,,,,,SUB,in,FENERBAHÇE BEKO substitution in,,,,,,,,,0,172,2.0,,0,86,0,68
06:34,06:34:00,86,68,18,2,4,REGULAR,65,R. BLUMBERGS,1,substitution,582,,[],out,0,6,Roberts,Blumbergs,Roberts,Blumbergs,R,B,R,B,R. Blumbergs,ALIAGA PETKIM SPOR,PTK,R. Blumbergs,6,,,,,,SUB,out,ALIAGA PETKIM SPOR substitution out,,,,,,,,,0,172,2.0,,0,86,0,68
06:34,06:34:00,86,68,18,2,4,REGULAR,66,J. FLOYD,1,substitution,583,,[],out,0,20,Jehyve Jamal,Floyd,Jehyve Jamal,Floyd,J,F,J,F,J. Floyd,ALIAGA PETKIM SPOR,PTK,J. Floyd,20,,,,,,SUB,out,ALIAGA PETKIM SPOR substitution out,,,,,,,,,0,172,2.0,,0,86,0,68
06:34,06:34:00,86,68,18,2,4,REGULAR,68,Y. FRANKE,1,substitution,584,,[],in,0,5,Yannick Ayrton,Franke,Yannick Ayrton,Franke,Y,F,Y,F,Y. Franke,ALIAGA PETKIM SPOR,PTK,Y. Franke,5,,,,,,SUB,in,ALIAGA PETKIM SPOR substitution in,,,,,,,,,0,172,2.0,,0,86,0,68
06:34,06:34:00,86,68,18,2,4,REGULAR,44,T. SAV,1,substitution,585,,[],in,0,15,Troy Selim,Sav,Troy Selim,Sav,T,S,T,S,T. Sav,ALIAGA PETKIM SPOR,PTK,T. Sav,15,,,,,,SUB,in,ALIAGA PETKIM SPOR substitution in,,,,,,,,,0,172,2.0,,0,86,0,68
06:34,06:34:00,86,69,17,2,4,REGULAR,42,Y. SONSIRMA,1,freethrow,586,,['fastbreak'],1of3,1,9,Yunus Emre,Sonsirma,Yunus Emre,Sonsirma,Y,S,Y,S,Y. Sonsirma,ALIAGA PETKIM SPOR,PTK,Y. Sonsirma,9,,,,,,FT,made,ALIAGA PETKIM SPOR Y. SONSIRMA FT 1of3 made,,,,,,,,,1,172,2.0,made_ft,0,86,1,69
06:34,06:34:00,86,70,16,2,4,REGULAR,42,Y. SONSIRMA,1,freethrow,587,,['fastbreak'],2of3,1,9,Yunus Emre,Sonsirma,Yunus Emre,Sonsirma,Y,S,Y,S,Y. Sonsirma,ALIAGA PETKIM SPOR,PTK,Y. Sonsirma,9,,,,,,FT,made,ALIAGA PETKIM SPOR Y. SONSIRMA FT 2of3 made,,,,,,,,,1,173,1.0,made_ft,0,86,1,70
06:34,06:34:00,86,71,15,2,4,REGULAR,42,Y. SONSIRMA,1,freethrow,588,,['fastbreak'],3of3,1,9,Yunus Emre,Sonsirma,Yunus Emre,Sonsirma,Y,S,Y,S,Y. Sonsirma,ALIAGA PETKIM SPOR,PTK,Y. Sonsirma,9,,,,,,FT,made,ALIAGA PETKIM SPOR Y. SONSIRMA FT 3of3 made,,,,,,,,,1,174,2.0,made_ft_last,0,86,1,71
06:34,06:34:00,86,71,15,2,4,REGULAR,42,Y. SONSIRMA,1,substitution,589,,[],out,0,9,Yunus Emre,Sonsirma,Yunus Emre,Sonsirma,Y,S,Y,S,Y. Sonsirma,ALIAGA PETKIM SPOR,PTK,Y. Sonsirma,9,,,,,,SUB,out,ALIAGA PETKIM SPOR substitution out,,,,,,,,,0,175,1.0,,0,86,0,71
06:34,06:34:00,86,71,15,2,4,REGULAR,69,S. WHITTAKER JR,1,substitution,590,,[],in,0,3,Stanley Mace,Whittaker Jr,Stanley Mace,Whittaker Jr,S,W,S,W,S. Whittaker Jr,ALIAGA PETKIM SPOR,PTK,S. Whittaker Jr,3,,,,,,SUB,in,ALIAGA PETKIM SPOR substitution in,,,,,,,,,0,175,1.0,,0,86,0,71
06:21,06:21:00,88,71,17,1,4,REGULAR,96,T. TUCKER,1,2pt,592,,['pointsinthepaint'],drivinglayup,1,8,Talen Jalee,Tucker,Talen Jalee,Tucker,T,T,T,T,T. Tucker,FENERBAHÇE BEKO,FBB,T. Tucker,8,,,93.169998168945,52.659999847412,1.0,P2,made,FENERBAHÇE BEKO T. TUCKER 2Pt made,,,,,,,,,2,175,1.0,score,2,88,0,71
05:54,05:54:00,88,71,17,1,4,REGULAR,96,T. TUCKER,1,foul,594,,"['shooting', '2freethrow']",personal,0,8,Talen Jalee,Tucker,Talen Jalee,Tucker,T,T,T,T,T. Tucker,FENERBAHÇE BEKO,FBB,T. Tucker,8,,,,,,FOUL,,FENERBAHÇE BEKO T. TUCKER foul personal,,,,,,,,,0,176,2.0,,0,88,0,71
05:54,05:54:00,88,71,17,2,4,REGULAR,67,D. EFIANAYI,1,foulon,595,594,[],,0,4,David,Efianayi,David,Efianayi,D,E,D,E,D. Efianayi,ALIAGA PETKIM SPOR,PTK,D. Efianayi,4,,,,,,OTHER,,ALIAGA PETKIM SPOR foulon,,,,,,,,,0,176,2.0,,0,88,0,71
05:54,05:54:00,88,71,17,2,4,REGULAR,67,D. EFIANAYI,0,freethrow,596,,[],1of2,1,4,David,Efianayi,David,Efianayi,D,E,D,E,D. Efianayi,ALIAGA PETKIM SPOR,PTK,D. Efianayi,4,,,,,,FT,missed,ALIAGA PETKIM SPOR D. EFIANAYI FT 1of2 missed,,,,,,,,,0,176,2.0,def_reb,0,88,0,71
05:54,05:54:00,88,71,17,2,4,REGULAR,0,,1,rebound,597,596,[],offensivedeadball,0,,,,,,,,,,,ALIAGA PETKIM SPOR,PTK,,,,,,,,TREB,,ALIAGA PETKIM SPOR team rebound offensivedeadball,,,,,,,,,0,177,1.0,def_reb,0,88,0,71
05:54,05:54:00,88,72,16,2,4,REGULAR,67,D. EFIANAYI,1,freethrow,598,,[],2of2,1,4,David,Efianayi,David,Efianayi,D,E,D,E,D. Efianayi,ALIAGA PETKIM SPOR,PTK,D. Efianayi,4,,,,,,FT,made,ALIAGA PETKIM SPOR D. EFIANAYI FT 2of2 made,,,,,,,,,1,178,2.0,made_ft_last,0,88,1,72
05:40,05:40:00,88,72,16,1,4,REGULAR,77,J. BIRSEN,0,2pt,600,,['pointsinthepaint'],layup,1,1,James Metecan,Birsen,James Metecan,Birsen,J,B,J,B,J. Birsen,FENERBAHÇE BEKO,FBB,J. Birsen,1,,,89.889999389648,56.610000610352,0.0,P2,missed,FENERBAHÇE BEKO J. BIRSEN 2Pt missed,,,,,,,,,0,179,1.0,def_reb,0,88,0,72
05:38,05:38:00,88,72,16,2,4,REGULAR,44,T. SAV,1,rebound,601,600,[],defensive,0,15,Troy Selim,Sav,Troy Selim,Sav,T,S,T,S,T. Sav,ALIAGA PETKIM SPOR,PTK,T. Sav,15,,,,,,REB,,ALIAGA PETKIM SPOR rebound defensive,,,,,,,,,0,180,2.0,def_reb,0,88,0,72
05:20,05:20:00,88,72,16,2,4,REGULAR,67,D. EFIANAYI,1,turnover,602,,[],ballhandling,0,4,David,Efianayi,David,Efianayi,D,E,D,E,D. Efianayi,ALIAGA PETKIM SPOR,PTK,D. Efianayi,4,,,,,,TO,,ALIAGA PETKIM SPOR D. EFIANAYI turnover ballhandling,,,,,,,,,0,181,1.0,turnover,0,88,0,72
05:20,05:20:00,88,72,16,1,4,REGULAR,77,J. BIRSEN,1,steal,603,602,[],,0,1,James Metecan,Birsen,James Metecan,Birsen,J,B,J,B,J. Birsen,FENERBAHÇE BEKO,FBB,J. Birsen,1,,,,,,ST,,FENERBAHÇE BEKO J. BIRSEN steal,,,,,,,,,0,182,2.0,,0,88,0,72
05:14,05:14:00,88,72,16,1,4,REGULAR,96,T. TUCKER,0,2pt,605,,"['fromturnover', 'pointsinthepaint']",layup,1,8,Talen Jalee,Tucker,Talen Jalee,Tucker,T,T,T,T,T. Tucker,FENERBAHÇE BEKO,FBB,T. Tucker,8,,,92.699996948242,48.700000762939,0.0,P2,missed,FENERBAHÇE BEKO T. TUCKER 2Pt missed,,,,,,,,,0,182,2.0,def_reb,0,88,0,72
05:14,05:14:00,88,72,16,1,4,REGULAR,0,,1,rebound,606,605,['team'],offensive,0,,,,,,,,,,,FENERBAHÇE BEKO,FBB,,,,,,,,TREB,,FENERBAHÇE BEKO team rebound offensive,,,,,,,,,0,183,1.0,def_reb,0,88,0,72
05:10,05:10:00,88,72,16,1,4,REGULAR,79,T. BIBEROVIÇ,0,2pt,608,,"['2ndchance', 'fromturnover', 'pointsinthepaint']",layup,1,13,Tarik,Biberoviç,Tarik,Biberoviç,T,B,T,B,T. Biberoviç,FENERBAHÇE BEKO,FBB,T. Biberoviç,13,,,89.110000610352,50.959999084473,0.0,P2,missed,FENERBAHÇE BEKO T. BIBEROVIÇ 2Pt missed,,,,,,,,,0,184,2.0,def_reb,0,88,0,72
05:05,05:05:00,88,72,16,2,4,REGULAR,44,T. SAV,1,rebound,609,608,[],defensive,0,15,Troy Selim,Sav,Troy Selim,Sav,T,S,T,S,T. Sav,ALIAGA PETKIM SPOR,PTK,T. Sav,15,,,,,,REB,,ALIAGA PETKIM SPOR rebound defensive,,,,,,,,,0,185,1.0,def_reb,0,88,0,72
04:58,04:58:00,88,74,14,2,4,REGULAR,68,Y. FRANKE,1,2pt,610,,['pointsinthepaint'],floatingjumpshot,1,5,Yannick Ayrton,Franke,Yannick Ayrton,Franke,Y,F,Y,F,Y. Franke,ALIAGA PETKIM SPOR,PTK,Y. Franke,5,,,9.5500001907349,45.590000152588,1.0,P2,made,ALIAGA PETKIM SPOR Y. FRANKE 2Pt made,,,,,,,,,2,186,2.0,score,0,88,2,74
04:46,04:46:00,90,74,16,1,4,REGULAR,96,T. TUCKER,1,2pt,611,,['pointsinthepaint'],layup,1,8,Talen Jalee,Tucker,Talen Jalee,Tucker,T,T,T,T,T. Tucker,FENERBAHÇE BEKO,FBB,T. Tucker,8,,,92.389999389648,55.759998321533,1.0,P2,made,FENERBAHÇE BEKO T. TUCKER 2Pt made,,,,,,,,,2,187,1.0,score,2,90,0,74
04:31,04:31:00,90,74,16,1,4,REGULAR,78,M. EKSIOGLU,1,foul,613,,[],personal,0,5,Mert Emre,Eksioglu,Mert Emre,Eksioglu,M,E,M,E,M. Eksioglu,FENERBAHÇE BEKO,FBB,M. Eksioglu,5,,,,,,FOUL,,FENERBAHÇE BEKO M. EKSIOGLU foul personal,,,,,,,,,0,188,2.0,,0,90,0,74
04:31,04:31:00,90,74,16,2,4,REGULAR,67,D. EFIANAYI,1,foulon,614,613,[],,0,4,David,Efianayi,David,Efianayi,D,E,D,E,D. Efianayi,ALIAGA PETKIM SPOR,PTK,D. Efianayi,4,,,,,,OTHER,,ALIAGA PETKIM SPOR foulon,,,,,,,,,0,188,2.0,,0,90,0,74
04:31,04:31:00,90,74,16,0,4,REGULAR,0,,1,timeout,615,,[],officials,0,,,,,,,,,,,,,,,,,,,,TIMEOUT,, timeout,,,,,,,,,0,188,2.0,,0,90,0,74
04:31,04:31:00,90,74,16,2,4,REGULAR,67,D. EFIANAYI,1,substitution,616,,[],out,0,4,David,Efianayi,David,Efianayi,D,E,D,E,D. Efianayi,ALIAGA PETKIM SPOR,PTK,D. Efianayi,4,,,,,,SUB,out,ALIAGA PETKIM SPOR substitution out,,,,,,,,,0,188,2.0,,0,90,0,74
04:31,04:31:00,90,74,16,2,4,REGULAR,42,Y. SONSIRMA,1,substitution,617,,[],in,0,9,Yunus Emre,Sonsirma,Yunus Emre,Sonsirma,Y,S,Y,S,Y. Sonsirma,ALIAGA PETKIM SPOR,PTK,Y. Sonsirma,9,,,,,,SUB,in,ALIAGA PETKIM SPOR substitution in,,,,,,,,,0,188,2.0,,0,90,0,74
04:19,04:19:00,90,77,13,2,4,REGULAR,68,Y. FRANKE,1,3pt,619,,[],jumpshot,1,5,Yannick Ayrton,Franke,Yannick Ayrton,Franke,Y,F,Y,F,Y. Franke,ALIAGA PETKIM SPOR,PTK,Y. Franke,5,,,28.270000457764,12.819999694824,1.0,P3,made,ALIAGA PETKIM SPOR Y. FRANKE 3Pt made,69.0,2.0,S. WHITTAKER JR,,,,,,3,188,2.0,score,0,90,3,77
04:19,04:19:00,90,77,13,2,4,REGULAR,69,S. WHITTAKER JR,1,assist,620,619,[],,0,3,Stanley Mace,Whittaker Jr,Stanley Mace,Whittaker Jr,S,W,S,W,S. Whittaker Jr,ALIAGA PETKIM SPOR,PTK,S. Whittaker Jr,3,,,,,,ASS,,ALIAGA PETKIM SPOR S. WHITTAKER JR assist,,,,,,,,,0,189,1.0,,0,90,0,77
04:05,04:05:00,90,77,13,2,4,REGULAR,44,T. SAV,1,foul,622,,"['shooting', '2freethrow']",personal,0,15,Troy Selim,Sav,Troy Selim,Sav,T,S,T,S,T. Sav,ALIAGA PETKIM SPOR,PTK,T. Sav,15,,,,,,FOUL,,ALIAGA PETKIM SPOR T. SAV foul personal,,,,,,,,,0,189,1.0,,0,90,0,77
04:05,04:05:00,90,77,13,1,4,REGULAR,96,T. TUCKER,1,foulon,623,622,[],,0,8,Talen Jalee,Tucker,Talen Jalee,Tucker,T,T,T,T,T. Tucker,FENERBAHÇE BEKO,FBB,T. Tucker,8,,,,,,OTHER,,FENERBAHÇE BEKO foulon,,,,,,,,,0,189,1.0,,0,90,0,77
04:05,04:05:00,90,77,13,1,4,REGULAR,96,T. TUCKER,0,freethrow,624,,[],1of2,1,8,Talen Jalee,Tucker,Talen Jalee,Tucker,T,T,T,T,T. Tucker,FENERBAHÇE BEKO,FBB,T. Tucker,8,,,,,,FT,missed,FENERBAHÇE BEKO T. TUCKER FT 1of2 missed,,,,,,,,,0,189,1.0,def_reb,0,90,0,77
04:05,04:05:00,90,77,13,1,4,REGULAR,0,,1,rebound,625,624,[],offensivedeadball,0,,,,,,,,,,,FENERBAHÇE BEKO,FBB,,,,,,,,TREB,,FENERBAHÇE BEKO team rebound offensivedeadball,,,,,,,,,0,190,2.0,def_reb,0,90,0,77
04:05,04:05:00,91,77,14,1,4,REGULAR,96,T. TUCKER,1,freethrow,626,,[],2of2,1,8,Talen Jalee,Tucker,Talen Jalee,Tucker,T,T,T,T,T. Tucker,FENERBAHÇE BEKO,FBB,T. Tucker,8,,,,,,FT,made,FENERBAHÇE BEKO T. TUCKER FT 2of2 made,,,,,,,,,1,191,1.0,made_ft_last,1,91,0,77
03:40,03:40:00,91,77,14,2,4,REGULAR,69,S. WHITTAKER JR,0,2pt,629,,['pointsinthepaint'],floatingjumpshot,1,3,Stanley Mace,Whittaker Jr,Stanley Mace,Whittaker Jr,S,W,S,W,S. Whittaker Jr,ALIAGA PETKIM SPOR,PTK,S. Whittaker Jr,3,,,7.9899997711182,47.849998474121,0.0,P2,missed,ALIAGA PETKIM SPOR S. WHITTAKER JR 2Pt missed,,,,,,,,,0,192,2.0,def_reb,0,91,0,77
03:39,03:39:00,91,77,14,1,4,REGULAR,79,T. BIBEROVIÇ,1,rebound,630,629,[],defensive,0,13,Tarik,Biberoviç,Tarik,Biberoviç,T,B,T,B,T. Biberoviç,FENERBAHÇE BEKO,FBB,T. Biberoviç,13,,,,,,REB,,FENERBAHÇE BEKO rebound defensive,,,,,,,,,0,193,1.0,def_reb,0,91,0,77
03:39,03:39:00,91,77,14,2,4,REGULAR,42,Y. SONSIRMA,1,foul,631,,[],personal,0,9,Yunus Emre,Sonsirma,Yunus Emre,Sonsirma,Y,S,Y,S,Y. Sonsirma,ALIAGA PETKIM SPOR,PTK,Y. Sonsirma,9,,,,,,FOUL,,ALIAGA PETKIM SPOR Y. SONSIRMA foul personal,,,,,,,,,0,194,2.0,,0,91,0,77
03:39,03:39:00,91,77,14,1,4,REGULAR,78,M. EKSIOGLU,1,foulon,632,631,[],,0,5,Mert Emre,Eksioglu,Mert Emre,Eksioglu,M,E,M,E,M. Eksioglu,FENERBAHÇE BEKO,FBB,M. Eksioglu,5,,,,,,OTHER,,FENERBAHÇE BEKO foulon,,,,,,,,,0,194,2.0,,0,91,0,77
03:39,03:39:00,91,77,14,1,4,REGULAR,79,T. BIBEROVIÇ,1,substitution,633,,[],out,0,13,Tarik,Biberoviç,Tarik,Biberoviç,T,B,T,B,T. Biberoviç,FENERBAHÇE BEKO,FBB,T. Biberoviç,13,,,,,,SUB,out,FENERBAHÇE BEKO substitution out,,,,,,,,,0,194,2.0,,0,91,0,77
03:39,03:39:00,91,77,14,1,4,REGULAR,93,B. COLSON II,1,substitution,634,,[],in,0,50,Bonzie Alexander,Colson Ii,Bonzie Alexander,Colson Ii,B,C,B,C,B. Colson Ii,FENERBAHÇE BEKO,FBB,B. Colson Ii,50,,,,,,SUB,in,FENERBAHÇE BEKO substitution in,,,,,,,,,0,194,2.0,,0,91,0,77
03:39,03:39:00,91,77,14,2,4,REGULAR,70,U. UTOMI,1,substitution,635,,[],out,0,8,Uzodinma,Utomi,Uzodinma,Utomi,U,U,U,U,U. Utomi,ALIAGA PETKIM SPOR,PTK,U. Utomi,8,,,,,,SUB,out,ALIAGA PETKIM SPOR substitution out,,,,,,,,,0,194,2.0,,0,91,0,77
03:39,03:39:00,91,77,14,2,4,REGULAR,44,T. SAV,1,substitution,636,,[],out,0,15,Troy Selim,Sav,Troy Selim,Sav,T,S,T,S,T. Sav,ALIAGA PETKIM SPOR,PTK,T. Sav,15,,,,,,SUB,out,ALIAGA PETKIM SPOR substitution out,,,,,,,,,0,194,2.0,,0,91,0,77
03:39,03:39:00,91,77,14,2,4,REGULAR,65,R. BLUMBERGS,1,substitution,637,,[],in,0,6,Roberts,Blumbergs,Roberts,Blumbergs,R,B,R,B,R. Blumbergs,ALIAGA PETKIM SPOR,PTK,R. Blumbergs,6,,,,,,SUB,in,ALIAGA PETKIM SPOR substitution in,,,,,,,,,0,194,2.0,,0,91,0,77
03:39,03:39:00,91,77,14,2,4,REGULAR,66,J. FLOYD,1,substitution,638,,[],in,0,20,Jehyve Jamal,Floyd,Jehyve Jamal,Floyd,J,F,J,F,J. Floyd,ALIAGA PETKIM SPOR,PTK,J. Floyd,20,,,,,,SUB,in,ALIAGA PETKIM SPOR substitution in,,,,,,,,,0,194,2.0,,0,91,0,77
03:24,03:24:00,91,77,14,1,4,REGULAR,78,M. EKSIOGLU,0,3pt,640,,[],jumpshot,1,5,Mert Emre,Eksioglu,Mert Emre,Eksioglu,M,E,M,E,M. Eksioglu,FENERBAHÇE BEKO,FBB,M. Eksioglu,5,,,83.809997558594,95.029998779297,0.0,P3,missed,FENERBAHÇE BEKO M. EKSIOGLU 3Pt missed,,,,,,,,,0,194,2.0,def_reb,0,91,0,77
03:21,03:21:00,91,77,14,2,4,REGULAR,69,S. WHITTAKER JR,1,rebound,641,640,[],defensive,0,3,Stanley Mace,Whittaker Jr,Stanley Mace,Whittaker Jr,S,W,S,W,S. Whittaker Jr,ALIAGA PETKIM SPOR,PTK,S. Whittaker Jr,3,,,,,,REB,,ALIAGA PETKIM SPOR rebound defensive,,,,,,,,,0,195,1.0,def_reb,0,91,0,77
03:13,03:13:00,91,77,14,2,4,REGULAR,68,Y. FRANKE,0,3pt,642,,[],jumpshot,1,5,Yannick Ayrton,Franke,Yannick Ayrton,Franke,Y,F,Y,F,Y. Franke,ALIAGA PETKIM SPOR,PTK,Y. Franke,5,,,24.209999084473,94.459999084473,0.0,P3,missed,ALIAGA PETKIM SPOR Y. FRANKE 3Pt missed,,,,,,,,,0,196,2.0,def_reb,0,91,0,77
03:10,03:10:00,91,77,14,1,4,REGULAR,76,M. MAHMUTOGLU,1,rebound,643,642,[],defensive,0,10,Melih,Mahmutoglu,Melih,Mahmutoglu,M,M,M,M,M. Mahmutoglu,FENERBAHÇE BEKO,FBB,M. Mahmutoglu,10,,,,,,REB,,FENERBAHÇE BEKO rebound defensive,,,,,,,,,0,197,1.0,def_reb,0,91,0,77
03:04,03:04:00,91,77,14,1,4,REGULAR,96,T. TUCKER,1,turnover,644,,[],badpass,0,8,Talen Jalee,Tucker,Talen Jalee,Tucker,T,T,T,T,T. Tucker,FENERBAHÇE BEKO,FBB,T. Tucker,8,,,,,,TO,,FENERBAHÇE BEKO T. TUCKER turnover badpass,,,,,,,,,0,198,2.0,turnover,0,91,0,77
03:04,03:04:00,91,77,14,2,4,REGULAR,69,S. WHITTAKER JR,1,steal,645,644,[],,0,3,Stanley Mace,Whittaker Jr,Stanley Mace,Whittaker Jr,S,W,S,W,S. Whittaker Jr,ALIAGA PETKIM SPOR,PTK,S. Whittaker Jr,3,,,,,,ST,,ALIAGA PETKIM SPOR S. WHITTAKER JR steal,,,,,,,,,0,199,1.0,,0,91,0,77
02:56,02:56:00,91,79,12,2,4,REGULAR,42,Y. SONSIRMA,1,2pt,646,,"['fromturnover', 'pointsinthepaint']",drivinglayup,1,9,Yunus Emre,Sonsirma,Yunus Emre,Sonsirma,Y,S,Y,S,Y. Sonsirma,ALIAGA PETKIM SPOR,PTK,Y. Sonsirma,9,,,7.3600001335144,55.200000762939,1.0,P2,made,ALIAGA PETKIM SPOR Y. SONSIRMA 2Pt made,,,,,,,,,2,199,1.0,score,0,91,2,79
02:50,02:50:00,91,79,12,2,4,REGULAR,65,R. BLUMBERGS,1,foul,648,,"['shooting', '2freethrow']",personal,0,6,Roberts,Blumbergs,Roberts,Blumbergs,R,B,R,B,R. Blumbergs,ALIAGA PETKIM SPOR,PTK,R. Blumbergs,6,,,,,,FOUL,,ALIAGA PETKIM SPOR R. BLUMBERGS foul personal,,,,,,,,,0,200,2.0,,0,91,0,79
02:50,02:50:00,91,79,12,1,4,REGULAR,96,T. TUCKER,1,foulon,649,648,[],,0,8,Talen Jalee,Tucker,Talen Jalee,Tucker,T,T,T,T,T. Tucker,FENERBAHÇE BEKO,FBB,T. Tucker,8,,,,,,OTHER,,FENERBAHÇE BEKO foulon,,,,,,,,,0,200,2.0,,0,91,0,79
02:50,02:50:00,91,79,12,2,4,REGULAR,69,S. WHITTAKER JR,1,substitution,650,,[],out,0,3,Stanley Mace,Whittaker Jr,Stanley Mace,Whittaker Jr,S,W,S,W,S. Whittaker Jr,ALIAGA PETKIM SPOR,PTK,S. Whittaker Jr,3,,,,,,SUB,out,ALIAGA PETKIM SPOR substitution out,,,,,,,,,0,200,2.0,,0,91,0,79
02:50,02:50:00,91,79,12,2,4,REGULAR,67,D. EFIANAYI,1,substitution,651,,[],in,0,4,David,Efianayi,David,Efianayi,D,E,D,E,D. Efianayi,ALIAGA PETKIM SPOR,PTK,D. Efianayi,4,,,,,,SUB,in,ALIAGA PETKIM SPOR substitution in,,,,,,,,,0,200,2.0,,0,91,0,79
02:50,02:50:00,92,79,13,1,4,REGULAR,96,T. TUCKER,1,freethrow,652,,['fastbreak'],1of2,1,8,Talen Jalee,Tucker,Talen Jalee,Tucker,T,T,T,T,T. Tucker,FENERBAHÇE BEKO,FBB,T. Tucker,8,,,,,,FT,made,FENERBAHÇE BEKO T. TUCKER FT 1of2 made,,,,,,,,,1,200,2.0,made_ft,1,92,0,79
02:50,02:50:00,93,79,14,1,4,REGULAR,96,T. TUCKER,1,freethrow,653,,['fastbreak'],2of2,1,8,Talen Jalee,Tucker,Talen Jalee,Tucker,T,T,T,T,T. Tucker,FENERBAHÇE BEKO,FBB,T. Tucker,8,,,,,,FT,made,FENERBAHÇE BEKO T. TUCKER FT 2of2 made,,,,,,,,,1,201,1.0,made_ft_last,1,93,0,79
02:34,02:34:00,93,79,14,2,4,REGULAR,68,Y. FRANKE,0,3pt,655,,[],jumpshot,1,5,Yannick Ayrton,Franke,Yannick Ayrton,Franke,Y,F,Y,F,Y. Franke,ALIAGA PETKIM SPOR,PTK,Y. Franke,5,,,12.510000228882,95.879997253418,0.0,P3,missed,ALIAGA PETKIM SPOR Y. FRANKE 3Pt missed,,,,,,,,,0,202,2.0,def_reb,0,93,0,79
02:31,02:31:00,93,79,14,1,4,REGULAR,77,J. BIRSEN,1,rebound,656,655,[],defensive,0,1,James Metecan,Birsen,James Metecan,Birsen,J,B,J,B,J. Birsen,FENERBAHÇE BEKO,FBB,J. Birsen,1,,,,,,REB,,FENERBAHÇE BEKO rebound defensive,,,,,,,,,0,203,1.0,def_reb,0,93,0,79
02:11,02:11:00,95,79,16,1,4,REGULAR,77,J. BIRSEN,1,2pt,657,,['pointsinthepaint'],layup,1,1,James Metecan,Birsen,James Metecan,Birsen,J,B,J,B,J. Birsen,FENERBAHÇE BEKO,FBB,J. Birsen,1,,,93.790000915527,43.049999237061,1.0,P2,made,FENERBAHÇE BEKO J. BIRSEN 2Pt made,93.0,1.0,B. COLSON II,,,,,,2,204,2.0,score,2,95,0,79
02:11,02:11:00,95,79,16,1,4,REGULAR,93,B. COLSON II,1,assist,658,657,[],,0,50,Bonzie Alexander,Colson Ii,Bonzie Alexander,Colson Ii,B,C,B,C,B. Colson Ii,FENERBAHÇE BEKO,FBB,B. Colson Ii,50,,,,,,ASS,,FENERBAHÇE BEKO B. COLSON II assist,,,,,,,,,0,205,1.0,,0,95,0,79
02:02,02:02:00,95,81,14,2,4,REGULAR,66,J. FLOYD,1,2pt,659,,['pointsinthepaint'],dunk,1,20,Jehyve Jamal,Floyd,Jehyve Jamal,Floyd,J,F,J,F,J. Floyd,ALIAGA PETKIM SPOR,PTK,J. Floyd,20,,,6.4299998283386,52.090000152588,1.0,P2,made,ALIAGA PETKIM SPOR J. FLOYD 2Pt made,42.0,2.0,Y. SONSIRMA,,,,,,2,205,1.0,score,0,95,2,81
02:02,02:02:00,95,81,14,2,4,REGULAR,42,Y. SONSIRMA,1,assist,660,659,[],,0,9,Yunus Emre,Sonsirma,Yunus Emre,Sonsirma,Y,S,Y,S,Y. Sonsirma,ALIAGA PETKIM SPOR,PTK,Y. Sonsirma,9,,,,,,ASS,,ALIAGA PETKIM SPOR Y. SONSIRMA assist,,,,,,,,,0,206,2.0,,0,95,0,81
01:54,01:54:00,97,81,16,1,4,REGULAR,96,T. TUCKER,1,2pt,662,,"['pointsinthepaint', 'fastbreak']",reverselayup,1,8,Talen Jalee,Tucker,Talen Jalee,Tucker,T,T,T,T,T. Tucker,FENERBAHÇE BEKO,FBB,T. Tucker,8,,,91.139999389648,48.979999542236,1.0,P2,made,FENERBAHÇE BEKO T. TUCKER 2Pt made,,,,,,,,,2,206,2.0,score,2,97,0,81
01:43,01:43:00,97,81,16,2,4,REGULAR,66,J. FLOYD,1,turnover,664,,[],badpass,0,20,Jehyve Jamal,Floyd,Jehyve Jamal,Floyd,J,F,J,F,J. Floyd,ALIAGA PETKIM SPOR,PTK,J. Floyd,20,,,,,,TO,,ALIAGA PETKIM SPOR J. FLOYD turnover badpass,,,,,,,,,0,207,1.0,turnover,0,97,0,81
01:43,01:43:00,97,81,16,1,4,REGULAR,93,B. COLSON II,1,steal,665,664,[],,0,50,Bonzie Alexander,Colson Ii,Bonzie Alexander,Colson Ii,B,C,B,C,B. Colson Ii,FENERBAHÇE BEKO,FBB,B. Colson Ii,50,,,,,,ST,,FENERBAHÇE BEKO B. COLSON II steal,,,,,,,,,0,208,2.0,,0,97,0,81
01:35,01:35:00,97,81,16,1,4,REGULAR,76,M. MAHMUTOGLU,0,3pt,666,,['fromturnover'],jumpshot,1,10,Melih,Mahmutoglu,Melih,Mahmutoglu,M,M,M,M,M. Mahmutoglu,FENERBAHÇE BEKO,FBB,M. Mahmutoglu,10,,,65.709999084473,88.25,0.0,P3,missed,FENERBAHÇE BEKO M. MAHMUTOGLU 3Pt missed,,,,,,,,,0,208,2.0,,0,97,0,81
01:33,01:33:00,97,81,16,1,4,REGULAR,96,T. TUCKER,1,rebound,668,666,[],offensive,0,8,Talen Jalee,Tucker,Talen Jalee,Tucker,T,T,T,T,T. Tucker,FENERBAHÇE BEKO,FBB,T. Tucker,8,,,,,,REB,,FENERBAHÇE BEKO rebound offensive,,,,,,,,,0,208,2.0,,0,97,0,81
01:33,01:33:00,97,81,16,1,4,REGULAR,96,T. TUCKER,0,2pt,669,,"['2ndchance', 'fromturnover', 'pointsinthepaint']",tipinlayup,1,8,Talen Jalee,Tucker,Talen Jalee,Tucker,T,T,T,T,T. Tucker,FENERBAHÇE BEKO,FBB,T. Tucker,8,,,94.0,50.0,0.0,P2,missed,FENERBAHÇE BEKO T. TUCKER 2Pt missed,,,,,,,,,0,208,2.0,,0,97,0,81
01:33,01:33:00,97,81,16,1,4,REGULAR,96,T. TUCKER,1,rebound,670,669,[],offensive,0,8,Talen Jalee,Tucker,Talen Jalee,Tucker,T,T,T,T,T. Tucker,FENERBAHÇE BEKO,FBB,T. Tucker,8,,,,,,REB,,FENERBAHÇE BEKO rebound offensive,,,,,,,,,0,208,2.0,,0,97,0,81
01:33,01:33:00,97,81,16,1,4,REGULAR,96,T. TUCKER,1,turnover,671,,[],ballhandling,0,8,Talen Jalee,Tucker,Talen Jalee,Tucker,T,T,T,T,T. Tucker,FENERBAHÇE BEKO,FBB,T. Tucker,8,,,,,,TO,,FENERBAHÇE BEKO T. TUCKER turnover ballhandling,,,,,,,,,0,208,2.0,turnover,0,97,0,81
01:16,01:16:00,97,81,16,2,4,REGULAR,65,R. BLUMBERGS,0,2pt,673,,"['fromturnover', 'pointsinthepaint']",layup,1,6,Roberts,Blumbergs,Roberts,Blumbergs,R,B,R,B,R. Blumbergs,ALIAGA PETKIM SPOR,PTK,R. Blumbergs,6,,,6.5799999237061,58.869998931885,0.0,P2,missed,ALIAGA PETKIM SPOR R. BLUMBERGS 2Pt missed,,,,,,,,,0,209,1.0,def_reb,0,97,0,81
01:13,01:13:00,97,81,16,1,4,REGULAR,77,J. BIRSEN,1,rebound,674,673,[],defensive,0,1,James Metecan,Birsen,James Metecan,Birsen,J,B,J,B,J. Birsen,FENERBAHÇE BEKO,FBB,J. Birsen,1,,,,,,REB,,FENERBAHÇE BEKO rebound defensive,,,,,,,,,0,210,2.0,def_reb,0,97,0,81
01:10,01:10:00,97,81,16,2,4,REGULAR,67,D. EFIANAYI,1,foul,676,,"['shooting', '2freethrow']",personal,0,4,David,Efianayi,David,Efianayi,D,E,D,E,D. Efianayi,ALIAGA PETKIM SPOR,PTK,D. Efianayi,4,,,,,,FOUL,,ALIAGA PETKIM SPOR D. EFIANAYI foul personal,,,,,,,,,0,211,1.0,,0,97,0,81
01:10,01:10:00,97,81,16,1,4,REGULAR,78,M. EKSIOGLU,1,foulon,677,676,[],,0,5,Mert Emre,Eksioglu,Mert Emre,Eksioglu,M,E,M,E,M. Eksioglu,FENERBAHÇE BEKO,FBB,M. Eksioglu,5,,,,,,OTHER,,FENERBAHÇE BEKO foulon,,,,,,,,,0,211,1.0,,0,97,0,81
01:10,01:10:00,97,81,16,1,4,REGULAR,96,T. TUCKER,1,substitution,678,,[],out,0,8,Talen Jalee,Tucker,Talen Jalee,Tucker,T,T,T,T,T. Tucker,FENERBAHÇE BEKO,FBB,T. Tucker,8,,,,,,SUB,out,FENERBAHÇE BEKO substitution out,,,,,,,,,0,211,1.0,,0,97,0,81
01:10,01:10:00,97,81,16,1,4,REGULAR,89,O. BITIM,1,substitution,679,,[],in,0,17,Onuralp,Bitim,Onuralp,Bitim,O,B,O,B,O. Bitim,FENERBAHÇE BEKO,FBB,O. Bitim,17,,,,,,SUB,in,FENERBAHÇE BEKO substitution in,,,,,,,,,0,211,1.0,,0,97,0,81
01:10,01:10:00,98,81,17,1,4,REGULAR,78,M. EKSIOGLU,1,freethrow,680,,[],1of2,1,5,Mert Emre,Eksioglu,Mert Emre,Eksioglu,M,E,M,E,M. Eksioglu,FENERBAHÇE BEKO,FBB,M. Eksioglu,5,,,,,,FT,made,FENERBAHÇE BEKO M. EKSIOGLU FT 1of2 made,,,,,,,,,1,211,1.0,made_ft,1,98,0,81
01:10,01:10:00,99,81,18,1,4,REGULAR,78,M. EKSIOGLU,1,freethrow,681,,[],2of2,1,5,Mert Emre,Eksioglu,Mert Emre,Eksioglu,M,E,M,E,M. Eksioglu,FENERBAHÇE BEKO,FBB,M. Eksioglu,5,,,,,,FT,made,FENERBAHÇE BEKO M. EKSIOGLU FT 2of2 made,,,,,,,,,1,212,2.0,made_ft_last,1,99,0,81
00:55,00:55:10,99,81,18,2,4,REGULAR,67,D. EFIANAYI,0,3pt,683,,[],jumpshot,1,4,David,Efianayi,David,Efianayi,D,E,D,E,D. Efianayi,ALIAGA PETKIM SPOR,PTK,D. Efianayi,4,,,29.520000457764,89.379997253418,0.0,P3,missed,ALIAGA PETKIM SPOR D. EFIANAYI 3Pt missed,,,,,,,,,0,213,1.0,def_reb,0,99,0,81
00:52,00:52:30,99,81,18,1,4,REGULAR,78,M. EKSIOGLU,1,rebound,684,683,[],defensive,0,5,Mert Emre,Eksioglu,Mert Emre,Eksioglu,M,E,M,E,M. Eksioglu,FENERBAHÇE BEKO,FBB,M. Eksioglu,5,,,,,,REB,,FENERBAHÇE BEKO rebound defensive,,,,,,,,,0,214,2.0,def_reb,0,99,0,81
00:40,00:40:60,102,81,21,1,4,REGULAR,93,B. COLSON II,1,3pt,686,,[],jumpshot,1,50,Bonzie Alexander,Colson Ii,Bonzie Alexander,Colson Ii,B,C,B,C,B. Colson Ii,FENERBAHÇE BEKO,FBB,B. Colson Ii,50,,,65.089996337891,30.340000152588,1.0,P3,made,FENERBAHÇE BEKO B. COLSON II 3Pt made,78.0,1.0,M. EKSIOGLU,,,,,,3,215,1.0,score,3,102,0,81
00:40,00:40:60,102,81,21,1,4,REGULAR,78,M. EKSIOGLU,1,assist,687,686,[],,0,5,Mert Emre,Eksioglu,Mert Emre,Eksioglu,M,E,M,E,M. Eksioglu,FENERBAHÇE BEKO,FBB,M. Eksioglu,5,,,,,,ASS,,FENERBAHÇE BEKO M. EKSIOGLU assist,,,,,,,,,0,216,2.0,,0,102,0,81
00:34,00:34:80,102,83,19,2,4,REGULAR,42,Y. SONSIRMA,1,2pt,690,,"['pointsinthepaint', 'fastbreak']",layup,1,9,Yunus Emre,Sonsirma,Yunus Emre,Sonsirma,Y,S,Y,S,Y. Sonsirma,ALIAGA PETKIM SPOR,PTK,Y. Sonsirma,9,,,7.0500001907349,54.630001068115,1.0,P2,made,ALIAGA PETKIM SPOR Y. SONSIRMA 2Pt made,,,,,,,,,2,216,2.0,score,0,102,2,83
00:34,00:34:80,102,83,19,2,4,REGULAR,42,Y. SONSIRMA,1,substitution,691,,[],out,0,9,Yunus Emre,Sonsirma,Yunus Emre,Sonsirma,Y,S,Y,S,Y. Sonsirma,ALIAGA PETKIM SPOR,PTK,Y. Sonsirma,9,,,,,,SUB,out,ALIAGA PETKIM SPOR substitution out,,,,,,,,,0,217,1.0,,0,102,0,83
00:34,00:34:80,102,83,19,2,4,REGULAR,46,K. SOYUÇAYLI,1,substitution,692,,[],in,0,1,Kerem,Soyuçayli,Kerem,Soyuçayli,K,S,K,S,K. Soyuçayli,ALIAGA PETKIM SPOR,PTK,K. Soyuçayli,1,,,,,,SUB,in,ALIAGA PETKIM SPOR substitution in,,,,,,,,,0,217,1.0,,0,102,0,83
00:13,00:13:40,105,83,22,1,4,REGULAR,93,B. COLSON II,1,3pt,695,,[],jumpshot,1,50,Bonzie Alexander,Colson Ii,Bonzie Alexander,Colson Ii,B,C,B,C,B. Colson Ii,FENERBAHÇE BEKO,FBB,B. Colson Ii,50,,,68.360000610352,87.400001525879,1.0,P3,made,FENERBAHÇE BEKO B. COLSON II 3Pt made,76.0,1.0,M. MAHMUTOGLU,,,,,,3,217,1.0,score,3,105,0,83
00:13,00:13:40,105,83,22,1,4,REGULAR,76,M. MAHMUTOGLU,1,assist,696,695,[],,0,10,Melih,Mahmutoglu,Melih,Mahmutoglu,M,M,M,M,M. Mahmutoglu,FENERBAHÇE BEKO,FBB,M. Mahmutoglu,10,,,,,,ASS,,FENERBAHÇE BEKO M. MAHMUTOGLU assist,,,,,,,,,0,218,2.0,,0,105,0,83
00:00,00:00:00,105,83,22,0,4,REGULAR,0,,1,period,699,,['confirmed'],end,0,,,,,,,,,,,,,,,,,,,,OTHER,,period end,,,,,,,,,0,218,2.0,,0,105,0,83
00:00,00:00:00,105,83,22,0,4,REGULAR,0,,1,game,700,,['confirmed'],end,0,,,,,,,,,,,,,,,,,,,,OTHER,,game end,,,,,,,,,0,218,2.0,,0,105,0,83
