gt,clock,s1,s2,lead,tno,period,periodType,pno,player,success,actionType,actionNumber,previousAction,qualifier,subType,scoring,shirtNumber,firstName,familyName,internationalFirstName,internationalFamilyName,firstNameInitial,familyNameInitial,internationalFirstNameInitial,internationalFamilyNameInitial,scoreboardName,team_name,team_code,player_name_from_roster,player_shirt,player_pos_raw,player_pos_group,x,y,r,ev_code,ev_result,ev_text,assist_pno,assist_tno,assist_player,block_pno,block_tno,block_player,assist_pos_group,block_pos_group,points,possession_id,possession_owner_tno,possession_end_reason,pts_1,cum_1,pts_2,cum_2
10:00,10:00:00,0,0,0,0,1,REGULAR,0,,1,game,1,,[],start,0,,,,,,,,,,,,,,,,,,,,OTHER,,game start,,,,,,,,,0,0,,,0,0,0,0
10:00,10:00:00,0,0,0,0,1,REGULAR,0,,1,period,2,,[],start,0,,,,,,,,,,,,,,,,,,,,OTHER,,period start,,,,,,,,,0,0,,,0,0,0,0
10:00,10:00:00,0,0,0,0,1,REGULAR,0,,1,jumpball,4,,[],startperiod,0,,,,,,,,,,,,,,,,,,,,JUMP,,jump ball,,,,,,,,,0,0,,,0,0,0,0
09:59,09:59:00,0,0,0,2,1,REGULAR,80,T. WILLIAMS,1,jumpball,5,4,[],won,0,50,Trevion Lamon,Williams,Trevion Lamon,Williams,T,W,T,W,T. Williams,BAHÇEŞEHİR KOLEJİ,BSK,T. Williams,50,,,,,,JUMP,,jump ball,,,,,,,,,0,0,,,0,0,0,0
09:59,09:59:00,0,0,0,1,1,REGULAR,127,L. NNOKO,1,jumpball,6,4,[],lost,0,35,Landry,Nnoko,Landry,Nnoko,L,N,L,N,L. Nnoko,BURSASPOR BASKETBOL,BUR,L. Nnoko,35,,,,,,JUMP,,jump ball,,,,,,,,,0,0,,,0,0,0,0
09:52,09:52:00,0,0,0,2,1,REGULAR,80,T. WILLIAMS,1,turnover,8,,[],badpass,0,50,Trevion Lamon,Williams,Trevion Lamon,Williams,T,W,T,W,T. Williams,BAHÇEŞEHİR KOLEJİ,BSK,T. Williams,50,,,,,,TO,,BAHÇEŞEHİR KOLEJİ T. WILLIAMS turnover badpass,,,,,,,,,0,1,2.0,turnover,0,0,0,0
09:49,09:49:00,0,0,0,1,1,REGULAR,102,B. AKIN,1,turnover,11,,[],badpass,0,11,Berk Can,Akin,Berk Can,Akin,B,A,B,A,B. Akin,BURSASPOR BASKETBOL,BUR,B. Akin,11,,,,,,TO,,BURSASPOR BASKETBOL B. AKIN turnover badpass,,,,,,,,,0,2,1.0,turnover,0,0,0,0
09:39,09:39:00,0,0,0,2,1,REGULAR,76,C. HOMESLEY,0,3pt,13,,['fromturnover'],jumpshot,1,5,Caleb Allen,Homesley,Caleb Allen,Homesley,C,H,C,H,C. Homesley,BAHÇEŞEHİR KOLEJİ,BSK,C. Homesley,5,,,74.76000213623,86.550003051758,0.0,P3,missed,BAHÇEŞEHİR KOLEJİ C. HOMESLEY 3Pt missed,,,,,,,,,0,3,2.0,def_reb,0,0,0,0
09:36,09:36:00,0,0,0,1,1,REGULAR,102,B. AKIN,1,rebound,14,13,[],defensive,0,11,Berk Can,Akin,Berk Can,Akin,B,A,B,A,B. Akin,BURSASPOR BASKETBOL,BUR,B. Akin,11,,,,,,REB,,BURSASPOR BASKETBOL rebound defensive,,,,,,,,,0,4,1.0,def_reb,0,0,0,0
09:23,09:23:00,0,0,0,1,1,REGULAR,102,B. AKIN,0,2pt,15,,['pointsinthepaint'],drivinglayup,1,11,Berk Can,Akin,Berk Can,Akin,B,A,B,A,B. Akin,BURSASPOR BASKETBOL,BUR,B. Akin,11,,,7.9899997711182,64.800003051758,0.0,P2,missed,BURSASPOR BASKETBOL B. AKIN 2Pt missed,,,,,,,,,0,5,2.0,,0,0,0,0
09:19,09:19:00,0,0,0,1,1,REGULAR,127,L. NNOKO,1,rebound,16,15,[],offensive,0,35,Landry,Nnoko,Landry,Nnoko,L,N,L,N,L. Nnoko,BURSASPOR BASKETBOL,BUR,L. Nnoko,35,,,,,,REB,,BURSASPOR BASKETBOL rebound offensive,,,,,,,,,0,5,2.0,,0,0,0,0
09:19,09:19:00,0,0,0,1,1,REGULAR,127,L. NNOKO,0,2pt,17,,"['2ndchance', 'pointsinthepaint']",tipinlayup,1,35,Landry,Nnoko,Landry,Nnoko,L,N,L,N,L. Nnoko,BURSASPOR BASKETBOL,BUR,L. Nnoko,35,,,6.0,50.0,0.0,P2,missed,BURSASPOR BASKETBOL L. NNOKO 2Pt missed,,,,,,,,,0,5,2.0,def_reb,0,0,0,0
09:19,09:19:00,0,0,0,2,1,REGULAR,81,M. FLYNN,1,rebound,18,17,[],defensive,0,22,Malachi Emmanuel,Flynn,Malachi Emmanuel,Flynn,M,F,M,F,M. Flynn,BAHÇEŞEHİR KOLEJİ,BSK,M. Flynn,22,,,,,,REB,,BAHÇEŞEHİR KOLEJİ rebound defensive,,,,,,,,,0,6,1.0,def_reb,0,0,0,0
09:04,09:04:00,0,0,0,1,1,REGULAR,134,V. KING,1,foul,20,,"['shooting', '2freethrow']",personal,0,22,Vincent Earl,King,Vincent Earl,King,V,K,V,K,V. King,BURSASPOR BASKETBOL,BUR,V. King,22,,,,,,FOUL,,BURSASPOR BASKETBOL V. KING foul personal,,,,,,,,,0,7,2.0,,0,0,0,0
09:04,09:04:00,0,0,0,2,1,REGULAR,75,T. CAVANAUGH,1,foulon,21,20,[],,0,34,Tyler Robert,Cavanaugh,Tyler Robert,Cavanaugh,T,C,T,C,T. Cavanaugh,BAHÇEŞEHİR KOLEJİ,BSK,T. Cavanaugh,34,,,,,,OTHER,,BAHÇEŞEHİR KOLEJİ foulon,,,,,,,,,0,7,2.0,,0,0,0,0
09:04,09:04:00,0,1,-1,2,1,REGULAR,75,T. CAVANAUGH,1,freethrow,22,,[],1of2,1,34,Tyler Robert,Cavanaugh,Tyler Robert,Cavanaugh,T,C,T,C,T. Cavanaugh,BAHÇEŞEHİR KOLEJİ,BSK,T. Cavanaugh,34,,,,,,FT,made,BAHÇEŞEHİR KOLEJİ T. CAVANAUGH FT 1of2 made,,,,,,,,,1,7,2.0,made_ft,0,0,1,1
09:04,09:04:00,0,2,-2,2,1,REGULAR,75,T. CAVANAUGH,1,freethrow,23,,[],2of2,1,34,Tyler Robert,Cavanaugh,Tyler Robert,Cavanaugh,T,C,T,C,T. Cavanaugh,BAHÇEŞEHİR KOLEJİ,BSK,T. Cavanaugh,34,,,,,,FT,made,BAHÇEŞEHİR KOLEJİ T. CAVANAUGH FT 2of2 made,,,,,,,,,1,8,1.0,made_ft_last,0,0,1,2
08:46,08:46:00,0,2,-2,1,1,REGULAR,133,B. CHILDRESS,0,2pt,25,,[],pullupjumpshot,1,0,Brandon Reginald,Childress,Brandon Reginald,Childress,B,C,B,C,B. Childress,BURSASPOR BASKETBOL,BUR,B. Childress,0,,,22.030000686646,28.639999389648,0.0,P2,missed,BURSASPOR BASKETBOL B. CHILDRESS 2Pt missed,,,,,,,,,0,9,2.0,,0,0,0,2
08:39,08:39:00,0,2,-2,1,1,REGULAR,135,A. KONONTSUK,1,rebound,26,25,[],offensive,0,34,Artur,Konontsuk,Artur,Konontsuk,A,K,A,K,A. Konontsuk,BURSASPOR BASKETBOL,BUR,A. Konontsuk,34,,,,,,REB,,BURSASPOR BASKETBOL rebound offensive,,,,,,,,,0,9,2.0,,0,0,0,2
08:39,08:39:00,2,2,0,1,1,REGULAR,135,A. KONONTSUK,1,2pt,27,,"['2ndchance', 'pointsinthepaint']",jumpshot,1,34,Artur,Konontsuk,Artur,Konontsuk,A,K,A,K,A. Konontsuk,BURSASPOR BASKETBOL,BUR,A. Konontsuk,34,,,14.380000114441,52.090000152588,1.0,P2,made,BURSASPOR BASKETBOL A. KONONTSUK 2Pt made,,,,,,,,,2,9,2.0,score,2,2,0,2
08:26,08:26:00,2,2,0,2,1,REGULAR,75,T. CAVANAUGH,0,3pt,28,,[],jumpshot,1,34,Tyler Robert,Cavanaugh,Tyler Robert,Cavanaugh,T,C,T,C,T. Cavanaugh,BAHÇEŞEHİR KOLEJİ,BSK,T. Cavanaugh,34,,,77.25,12.260000228882,0.0,P3,missed,BAHÇEŞEHİR KOLEJİ T. CAVANAUGH 3Pt missed,,,,,,,,,0,10,1.0,def_reb,0,2,0,2
08:24,08:24:00,2,2,0,1,1,REGULAR,102,B. AKIN,1,rebound,29,28,[],defensive,0,11,Berk Can,Akin,Berk Can,Akin,B,A,B,A,B. Akin,BURSASPOR BASKETBOL,BUR,B. Akin,11,,,,,,REB,,BURSASPOR BASKETBOL rebound defensive,,,,,,,,,0,11,2.0,def_reb,0,2,0,2
08:08,08:08:00,5,2,3,1,1,REGULAR,135,A. KONONTSUK,1,3pt,30,,[],jumpshot,1,34,Artur,Konontsuk,Artur,Konontsuk,A,K,A,K,A. Konontsuk,BURSASPOR BASKETBOL,BUR,A. Konontsuk,34,,,3.3099999427795,4.0700001716614,1.0,P3,made,BURSASPOR BASKETBOL A. KONONTSUK 3Pt made,102.0,1.0,B. AKIN,,,,,,3,12,1.0,score,3,5,0,2
08:08,08:08:00,5,2,3,1,1,REGULAR,102,B. AKIN,1,assist,31,30,[],,0,11,Berk Can,Akin,Berk Can,Akin,B,A,B,A,B. Akin,BURSASPOR BASKETBOL,BUR,B. Akin,11,,,,,,ASS,,BURSASPOR BASKETBOL B. AKIN assist,,,,,,,,,0,13,2.0,,0,5,0,2
07:55,07:55:00,5,4,1,2,1,REGULAR,81,M. FLYNN,1,2pt,32,,['pointsinthepaint'],layup,1,22,Malachi Emmanuel,Flynn,Malachi Emmanuel,Flynn,M,F,M,F,M. Flynn,BAHÇEŞEHİR KOLEJİ,BSK,M. Flynn,22,,,93.169998168945,39.659999847412,1.0,P2,made,BAHÇEŞEHİR KOLEJİ M. FLYNN 2Pt made,,,,,,,,,2,13,2.0,score,0,5,2,4
07:40,07:40:00,5,4,1,1,1,REGULAR,133,B. CHILDRESS,0,2pt,33,,['pointsinthepaint'],layup,1,0,Brandon Reginald,Childress,Brandon Reginald,Childress,B,C,B,C,B. Childress,BURSASPOR BASKETBOL,BUR,B. Childress,0,,,11.420000076294,58.869998931885,0.0,P2,missed,BURSASPOR BASKETBOL B. CHILDRESS 2Pt missed,,,,,,,,,0,14,1.0,,0,5,0,4
07:37,07:37:00,5,4,1,1,1,REGULAR,127,L. NNOKO,1,rebound,34,33,[],offensive,0,35,Landry,Nnoko,Landry,Nnoko,L,N,L,N,L. Nnoko,BURSASPOR BASKETBOL,BUR,L. Nnoko,35,,,,,,REB,,BURSASPOR BASKETBOL rebound offensive,,,,,,,,,0,14,1.0,,0,5,0,4
07:36,07:36:00,5,4,1,1,1,REGULAR,127,L. NNOKO,0,2pt,35,,['2ndchance'],jumpshot,1,35,Landry,Nnoko,Landry,Nnoko,L,N,L,N,L. Nnoko,BURSASPOR BASKETBOL,BUR,L. Nnoko,35,,,13.920000076294,66.779998779297,0.0,P2,missed,BURSASPOR BASKETBOL L. NNOKO 2Pt missed,,,,,,,,,0,14,1.0,def_reb,0,5,0,4
07:34,07:34:00,5,4,1,2,1,REGULAR,75,T. CAVANAUGH,1,rebound,36,35,[],defensive,0,34,Tyler Robert,Cavanaugh,Tyler Robert,Cavanaugh,T,C,T,C,T. Cavanaugh,BAHÇEŞEHİR KOLEJİ,BSK,T. Cavanaugh,34,,,,,,REB,,BAHÇEŞEHİR KOLEJİ rebound defensive,,,,,,,,,0,15,2.0,def_reb,0,5,0,4
07:29,07:29:00,5,7,-2,2,1,REGULAR,81,M. FLYNN,1,3pt,37,,['fastbreak'],jumpshot,1,22,Malachi Emmanuel,Flynn,Malachi Emmanuel,Flynn,M,F,M,F,M. Flynn,BAHÇEŞEHİR KOLEJİ,BSK,M. Flynn,22,,,67.580001831055,54.630001068115,1.0,P3,made,BAHÇEŞEHİR KOLEJİ M. FLYNN 3Pt made,,,,,,,,,3,16,1.0,score,0,5,3,7
07:09,07:09:00,5,7,-2,1,1,REGULAR,102,B. AKIN,0,2pt,38,,['pointsinthepaint'],layup,1,11,Berk Can,Akin,Berk Can,Akin,B,A,B,A,B. Akin,BURSASPOR BASKETBOL,BUR,B. Akin,11,,,9.2399997711182,65.650001525879,0.0,P2,missed,BURSASPOR BASKETBOL B. AKIN 2Pt missed,,,,,,,,,0,17,2.0,,0,5,0,7
07:07,07:07:00,5,7,-2,1,1,REGULAR,127,L. NNOKO,1,rebound,39,38,[],offensive,0,35,Landry,Nnoko,Landry,Nnoko,L,N,L,N,L. Nnoko,BURSASPOR BASKETBOL,BUR,L. Nnoko,35,,,,,,REB,,BURSASPOR BASKETBOL rebound offensive,,,,,,,,,0,17,2.0,,0,5,0,7
07:06,07:06:00,7,7,0,1,1,REGULAR,127,L. NNOKO,1,2pt,40,,"['2ndchance', 'pointsinthepaint']",jumpshot,1,35,Landry,Nnoko,Landry,Nnoko,L,N,L,N,L. Nnoko,BURSASPOR BASKETBOL,BUR,L. Nnoko,35,,,11.420000076294,55.479999542236,1.0,P2,made,BURSASPOR BASKETBOL L. NNOKO 2Pt made,,,,,,,,,2,17,2.0,score,2,7,0,7
06:45,06:45:00,7,9,-2,2,1,REGULAR,81,M. FLYNN,1,2pt,41,,[],stepbackjumpshot,1,22,Malachi Emmanuel,Flynn,Malachi Emmanuel,Flynn,M,F,M,F,M. Flynn,BAHÇEŞEHİR KOLEJİ,BSK,M. Flynn,22,,,85.680000305176,24.969999313354,1.0,P2,made,BAHÇEŞEHİR KOLEJİ M. FLYNN 2Pt made,,,,,,,,,2,18,1.0,score,0,7,2,9
06:31,06:31:00,10,9,1,1,1,REGULAR,133,B. CHILDRESS,1,3pt,42,,[],jumpshot,1,0,Brandon Reginald,Childress,Brandon Reginald,Childress,B,C,B,C,B. Childress,BURSASPOR BASKETBOL,BUR,B. Childress,0,,,28.579999923706,29.209999084473,1.0,P3,made,BURSASPOR BASKETBOL B. CHILDRESS 3Pt made,,,,,,,,,3,19,2.0,score,3,10,0,9
06:12,06:12:00,10,9,1,2,1,REGULAR,1,I. AKPINAR,0,3pt,43,,[],jumpshot,1,33,Ismet,Akpinar,Ismet,Akpinar,I,A,I,A,I. Akpinar,BAHÇEŞEHİR KOLEJİ,BSK,I. Akpinar,33,,,92.699996948242,97.01000213623,0.0,P3,missed,BAHÇEŞEHİR KOLEJİ I. AKPINAR 3Pt missed,,,,,,,,,0,20,1.0,def_reb,0,10,0,9
06:10,06:10:00,10,9,1,2,1,REGULAR,0,,1,rebound,45,43,['team'],offensive,0,,,,,,,,,,,BAHÇEŞEHİR KOLEJİ,BSK,,,,,,,,TREB,,BAHÇEŞEHİR KOLEJİ team rebound offensive,,,,,,,,,0,21,2.0,def_reb,0,10,0,9
06:10,06:10:00,10,9,1,1,1,REGULAR,127,L. NNOKO,1,foul,46,,[],personal,0,35,Landry,Nnoko,Landry,Nnoko,L,N,L,N,L. Nnoko,BURSASPOR BASKETBOL,BUR,L. Nnoko,35,,,,,,FOUL,,BURSASPOR BASKETBOL L. NNOKO foul personal,,,,,,,,,0,22,1.0,,0,10,0,9
06:10,06:10:00,10,9,1,2,1,REGULAR,80,T. WILLIAMS,1,foulon,47,46,[],,0,50,Trevion Lamon,Williams,Trevion Lamon,Williams,T,W,T,W,T. Williams,BAHÇEŞEHİR KOLEJİ,BSK,T. Williams,50,,,,,,OTHER,,BAHÇEŞEHİR KOLEJİ foulon,,,,,,,,,0,22,1.0,,0,10,0,9
06:01,06:01:00,10,9,1,2,1,REGULAR,81,M. FLYNN,0,2pt,49,,['2ndchance'],jumpshot,1,22,Malachi Emmanuel,Flynn,Malachi Emmanuel,Flynn,M,F,M,F,M. Flynn,BAHÇEŞEHİR KOLEJİ,BSK,M. Flynn,22,,,76.629997253418,65.650001525879,0.0,P2,missed,BAHÇEŞEHİR KOLEJİ M. FLYNN 2Pt missed,,,,,,,,,0,22,1.0,def_reb,0,10,0,9
05:59,05:59:00,10,9,1,1,1,REGULAR,127,L. NNOKO,1,rebound,50,49,[],defensive,0,35,Landry,Nnoko,Landry,Nnoko,L,N,L,N,L. Nnoko,BURSASPOR BASKETBOL,BUR,L. Nnoko,35,,,,,,REB,,BURSASPOR BASKETBOL rebound defensive,,,,,,,,,0,23,2.0,def_reb,0,10,0,9
05:52,05:52:00,12,9,3,1,1,REGULAR,127,L. NNOKO,1,2pt,51,,['pointsinthepaint'],layup,1,35,Landry,Nnoko,Landry,Nnoko,L,N,L,N,L. Nnoko,BURSASPOR BASKETBOL,BUR,L. Nnoko,35,,,9.0799999237061,39.939998626709,1.0,P2,made,BURSASPOR BASKETBOL L. NNOKO 2Pt made,133.0,1.0,B. CHILDRESS,,,,,,2,24,1.0,score,2,12,0,9
05:52,05:52:00,12,9,3,1,1,REGULAR,133,B. CHILDRESS,1,assist,52,51,[],,0,0,Brandon Reginald,Childress,Brandon Reginald,Childress,B,C,B,C,B. Childress,BURSASPOR BASKETBOL,BUR,B. Childress,0,,,,,,ASS,,BURSASPOR BASKETBOL B. CHILDRESS assist,,,,,,,,,0,25,2.0,,0,12,0,9
05:35,05:35:00,12,9,3,2,1,REGULAR,80,T. WILLIAMS,0,2pt,53,,['pointsinthepaint'],layup,1,50,Trevion Lamon,Williams,Trevion Lamon,Williams,T,W,T,W,T. Williams,BAHÇEŞEHİR KOLEJİ,BSK,T. Williams,50,,,88.949996948242,38.529998779297,0.0,P2,missed,BAHÇEŞEHİR KOLEJİ T. WILLIAMS 2Pt missed,,,,,,,,,0,25,2.0,,0,12,0,9
05:33,05:33:00,12,9,3,2,1,REGULAR,75,T. CAVANAUGH,1,rebound,54,53,[],offensive,0,34,Tyler Robert,Cavanaugh,Tyler Robert,Cavanaugh,T,C,T,C,T. Cavanaugh,BAHÇEŞEHİR KOLEJİ,BSK,T. Cavanaugh,34,,,,,,REB,,BAHÇEŞEHİR KOLEJİ rebound offensive,,,,,,,,,0,25,2.0,,0,12,0,9
05:20,05:20:00,12,9,3,2,1,REGULAR,76,C. HOMESLEY,0,2pt,55,,"['2ndchance', 'pointsinthepaint']",layup,1,5,Caleb Allen,Homesley,Caleb Allen,Homesley,C,H,C,H,C. Homesley,BAHÇEŞEHİR KOLEJİ,BSK,C. Homesley,5,,,94.410003662109,61.130001068115,0.0,P2,missed,BAHÇEŞEHİR KOLEJİ C. HOMESLEY 2Pt missed,,,,,,,,,0,25,2.0,def_reb,0,12,0,9
05:18,05:18:00,12,9,3,1,1,REGULAR,0,,1,rebound,57,55,['team'],defensive,0,,,,,,,,,,,BURSASPOR BASKETBOL,BUR,,,,,,,,TREB,,BURSASPOR BASKETBOL team rebound defensive,,,,,,,,,0,26,1.0,def_reb,0,12,0,9
05:00,05:00:00,12,9,3,1,1,REGULAR,134,V. KING,0,3pt,59,,[],jumpshot,1,22,Vincent Earl,King,Vincent Earl,King,V,K,V,K,V. King,BURSASPOR BASKETBOL,BUR,V. King,22,,,12.819999694824,95.879997253418,0.0,P3,missed,BURSASPOR BASKETBOL V. KING 3Pt missed,,,,,,,,,0,27,2.0,def_reb,0,12,0,9
04:57,04:57:00,12,9,3,2,1,REGULAR,81,M. FLYNN,1,rebound,60,59,[],defensive,0,22,Malachi Emmanuel,Flynn,Malachi Emmanuel,Flynn,M,F,M,F,M. Flynn,BAHÇEŞEHİR KOLEJİ,BSK,M. Flynn,22,,,,,,REB,,BAHÇEŞEHİR KOLEJİ rebound defensive,,,,,,,,,0,28,1.0,def_reb,0,12,0,9
04:50,04:50:00,12,9,3,2,1,REGULAR,81,M. FLYNN,0,2pt,61,,['pointsinthepaint'],layup,1,22,Malachi Emmanuel,Flynn,Malachi Emmanuel,Flynn,M,F,M,F,M. Flynn,BAHÇEŞEHİR KOLEJİ,BSK,M. Flynn,22,,,91.449996948242,61.130001068115,0.0,P2,missed,BAHÇEŞEHİR KOLEJİ M. FLYNN 2Pt missed,,,,,,,,,0,29,2.0,def_reb,0,12,0,9
04:47,04:47:00,12,9,3,1,1,REGULAR,135,A. KONONTSUK,1,rebound,62,61,[],defensive,0,34,Artur,Konontsuk,Artur,Konontsuk,A,K,A,K,A. Konontsuk,BURSASPOR BASKETBOL,BUR,A. Konontsuk,34,,,,,,REB,,BURSASPOR BASKETBOL rebound defensive,,,,,,,,,0,30,1.0,def_reb,0,12,0,9
04:47,04:47:00,12,9,3,2,1,REGULAR,76,C. HOMESLEY,1,foul,64,,[],personal,0,5,Caleb Allen,Homesley,Caleb Allen,Homesley,C,H,C,H,C. Homesley,BAHÇEŞEHİR KOLEJİ,BSK,C. Homesley,5,,,,,,FOUL,,BAHÇEŞEHİR KOLEJİ C. HOMESLEY foul personal,,,,,,,,,0,31,2.0,,0,12,0,9
04:47,04:47:00,12,9,3,1,1,REGULAR,135,A. KONONTSUK,1,foulon,65,64,[],,0,34,Artur,Konontsuk,Artur,Konontsuk,A,K,A,K,A. Konontsuk,BURSASPOR BASKETBOL,BUR,A. Konontsuk,34,,,,,,OTHER,,BURSASPOR BASKETBOL foulon,,,,,,,,,0,31,2.0,,0,12,0,9
04:47,04:47:00,12,9,3,2,1,REGULAR,1,I. AKPINAR,1,substitution,66,,[],out,0,33,Ismet,Akpinar,Ismet,Akpinar,I,A,I,A,I. Akpinar,BAHÇEŞEHİR KOLEJİ,BSK,I. Akpinar,33,,,,,,SUB,out,BAHÇEŞEHİR KOLEJİ substitution out,,,,,,,,,0,31,2.0,,0,12,0,9
04:47,04:47:00,12,9,3,2,1,REGULAR,80,T. WILLIAMS,1,substitution,67,,[],out,0,50,Trevion Lamon,Williams,Trevion Lamon,Williams,T,W,T,W,T. Williams,BAHÇEŞEHİR KOLEJİ,BSK,T. Williams,50,,,,,,SUB,out,BAHÇEŞEHİR KOLEJİ substitution out,,,,,,,,,0,31,2.0,,0,12,0,9
04:47,04:47:00,12,9,3,2,1,REGULAR,64,F. HALTALI,1,substitution,68,,[],in,0,14,Furkan,Haltali,Furkan,Haltali,F,H,F,H,F. Haltali,BAHÇEŞEHİR KOLEJİ,BSK,F. Haltali,14,,,,,,SUB,in,BAHÇEŞEHİR KOLEJİ substitution in,,,,,,,,,0,31,2.0,,0,12,0,9
04:47,04:47:00,12,9,3,2,1,REGULAR,79,H. HALE,1,substitution,69,,[],in,0,77,Hunter Jelaun,Hale,Hunter Jelaun,Hale,H,H,H,H,H. Hale,BAHÇEŞEHİR KOLEJİ,BSK,H. Hale,77,,,,,,SUB,in,BAHÇEŞEHİR KOLEJİ substitution in,,,,,,,,,0,31,2.0,,0,12,0,9
04:47,04:47:00,12,9,3,0,1,REGULAR,0,,1,timeout,70,,[],officials,0,,,,,,,,,,,,,,,,,,,,TIMEOUT,, timeout,,,,,,,,,0,31,2.0,,0,12,0,9
04:34,04:34:00,12,9,3,1,1,REGULAR,133,B. CHILDRESS,0,3pt,72,,[],jumpshot,1,0,Brandon Reginald,Childress,Brandon Reginald,Childress,B,C,B,C,B. Childress,BURSASPOR BASKETBOL,BUR,B. Childress,0,,,33.259998321533,48.419998168945,0.0,P3,missed,BURSASPOR BASKETBOL B. CHILDRESS 3Pt missed,,,,,,,,,0,31,2.0,def_reb,0,12,0,9
04:32,04:32:00,12,9,3,2,1,REGULAR,76,C. HOMESLEY,1,rebound,73,72,[],defensive,0,5,Caleb Allen,Homesley,Caleb Allen,Homesley,C,H,C,H,C. Homesley,BAHÇEŞEHİR KOLEJİ,BSK,C. Homesley,5,,,,,,REB,,BAHÇEŞEHİR KOLEJİ rebound defensive,,,,,,,,,0,32,1.0,def_reb,0,12,0,9
04:16,04:16:00,12,9,3,1,1,REGULAR,102,B. AKIN,1,foul,75,,"['shooting', '2freethrow']",personal,0,11,Berk Can,Akin,Berk Can,Akin,B,A,B,A,B. Akin,BURSASPOR BASKETBOL,BUR,B. Akin,11,,,,,,FOUL,,BURSASPOR BASKETBOL B. AKIN foul personal,,,,,,,,,0,33,2.0,,0,12,0,9
04:16,04:16:00,12,9,3,2,1,REGULAR,81,M. FLYNN,1,foulon,76,75,[],,0,22,Malachi Emmanuel,Flynn,Malachi Emmanuel,Flynn,M,F,M,F,M. Flynn,BAHÇEŞEHİR KOLEJİ,BSK,M. Flynn,22,,,,,,OTHER,,BAHÇEŞEHİR KOLEJİ foulon,,,,,,,,,0,33,2.0,,0,12,0,9
04:16,04:16:00,12,10,2,2,1,REGULAR,81,M. FLYNN,1,freethrow,77,,[],1of2,1,22,Malachi Emmanuel,Flynn,Malachi Emmanuel,Flynn,M,F,M,F,M. Flynn,BAHÇEŞEHİR KOLEJİ,BSK,M. Flynn,22,,,,,,FT,made,BAHÇEŞEHİR KOLEJİ M. FLYNN FT 1of2 made,,,,,,,,,1,33,2.0,made_ft,0,12,1,10
04:16,04:16:00,12,11,1,2,1,REGULAR,81,M. FLYNN,1,freethrow,78,,[],2of2,1,22,Malachi Emmanuel,Flynn,Malachi Emmanuel,Flynn,M,F,M,F,M. Flynn,BAHÇEŞEHİR KOLEJİ,BSK,M. Flynn,22,,,,,,FT,made,BAHÇEŞEHİR KOLEJİ M. FLYNN FT 2of2 made,,,,,,,,,1,34,1.0,made_ft_last,0,12,1,11
03:58,03:58:00,12,11,1,2,1,REGULAR,81,M. FLYNN,1,foul,83,,[],personal,0,22,Malachi Emmanuel,Flynn,Malachi Emmanuel,Flynn,M,F,M,F,M. Flynn,BAHÇEŞEHİR KOLEJİ,BSK,M. Flynn,22,,,,,,FOUL,,BAHÇEŞEHİR KOLEJİ M. FLYNN foul personal,,,,,,,,,0,35,2.0,,0,12,0,11
03:58,03:58:00,12,11,1,1,1,REGULAR,135,A. KONONTSUK,1,foulon,84,83,[],,0,34,Artur,Konontsuk,Artur,Konontsuk,A,K,A,K,A. Konontsuk,BURSASPOR BASKETBOL,BUR,A. Konontsuk,34,,,,,,OTHER,,BURSASPOR BASKETBOL foulon,,,,,,,,,0,35,2.0,,0,12,0,11
03:44,03:44:00,12,11,1,1,1,REGULAR,133,B. CHILDRESS,0,2pt,86,,[],jumpshot,1,0,Brandon Reginald,Childress,Brandon Reginald,Childress,B,C,B,C,B. Childress,BURSASPOR BASKETBOL,BUR,B. Childress,0,,,21.719999313354,34.580001831055,0.0,P2,missed,BURSASPOR BASKETBOL B. CHILDRESS 2Pt missed,,,,,,,,,0,35,2.0,def_reb,0,12,0,11
03:41,03:41:00,12,11,1,2,1,REGULAR,76,C. HOMESLEY,1,rebound,87,86,[],defensive,0,5,Caleb Allen,Homesley,Caleb Allen,Homesley,C,H,C,H,C. Homesley,BAHÇEŞEHİR KOLEJİ,BSK,C. Homesley,5,,,,,,REB,,BAHÇEŞEHİR KOLEJİ rebound defensive,,,,,,,,,0,36,1.0,def_reb,0,12,0,11
03:37,03:37:00,12,13,-1,2,1,REGULAR,81,M. FLYNN,1,2pt,88,,"['pointsinthepaint', 'fastbreak']",drivinglayup,1,22,Malachi Emmanuel,Flynn,Malachi Emmanuel,Flynn,M,F,M,F,M. Flynn,BAHÇEŞEHİR KOLEJİ,BSK,M. Flynn,22,,,91.610000610352,64.519996643066,1.0,P2,made,BAHÇEŞEHİR KOLEJİ M. FLYNN 2Pt made,76.0,2.0,C. HOMESLEY,,,,,,2,37,2.0,score,0,12,2,13
03:37,03:37:00,12,13,-1,2,1,REGULAR,76,C. HOMESLEY,1,assist,89,88,[],,0,5,Caleb Allen,Homesley,Caleb Allen,Homesley,C,H,C,H,C. Homesley,BAHÇEŞEHİR KOLEJİ,BSK,C. Homesley,5,,,,,,ASS,,BAHÇEŞEHİR KOLEJİ C. HOMESLEY assist,,,,,,,,,0,38,1.0,,0,12,0,13
03:23,03:23:00,12,13,-1,2,1,REGULAR,76,C. HOMESLEY,1,foul,91,,"['shooting', '2freethrow']",personal,0,5,Caleb Allen,Homesley,Caleb Allen,Homesley,C,H,C,H,C. Homesley,BAHÇEŞEHİR KOLEJİ,BSK,C. Homesley,5,,,,,,FOUL,,BAHÇEŞEHİR KOLEJİ C. HOMESLEY foul personal,,,,,,,,,0,38,1.0,,0,12,0,13
03:23,03:23:00,12,13,-1,1,1,REGULAR,134,V. KING,1,foulon,92,91,[],,0,22,Vincent Earl,King,Vincent Earl,King,V,K,V,K,V. King,BURSASPOR BASKETBOL,BUR,V. King,22,,,,,,OTHER,,BURSASPOR BASKETBOL foulon,,,,,,,,,0,38,1.0,,0,12,0,13
03:23,03:23:00,12,13,-1,2,1,REGULAR,76,C. HOMESLEY,1,substitution,93,,[],out,0,5,Caleb Allen,Homesley,Caleb Allen,Homesley,C,H,C,H,C. Homesley,BAHÇEŞEHİR KOLEJİ,BSK,C. Homesley,5,,,,,,SUB,out,BAHÇEŞEHİR KOLEJİ substitution out,,,,,,,,,0,38,1.0,,0,12,0,13
03:23,03:23:00,12,13,-1,2,1,REGULAR,81,M. FLYNN,1,substitution,94,,[],out,0,22,Malachi Emmanuel,Flynn,Malachi Emmanuel,Flynn,M,F,M,F,M. Flynn,BAHÇEŞEHİR KOLEJİ,BSK,M. Flynn,22,,,,,,SUB,out,BAHÇEŞEHİR KOLEJİ substitution out,,,,,,,,,0,38,1.0,,0,12,0,13
03:23,03:23:00,12,13,-1,2,1,REGULAR,77,M. MITCHELL II,1,substitution,95,,[],in,0,11,Matthew Antonio,Mitchell Ii,Matthew Antonio,Mitchell Ii,M,M,M,M,M. Mitchell Ii,BAHÇEŞEHİR KOLEJİ,BSK,M. Mitchell Ii,11,,,,,,SUB,in,BAHÇEŞEHİR KOLEJİ substitution in,,,,,,,,,0,38,1.0,,0,12,0,13
03:23,03:23:00,12,13,-1,2,1,REGULAR,62,K. SIPAHI,1,substitution,96,,[],in,0,55,Kenan,Sipahi,Kenan,Sipahi,K,S,K,S,K. Sipahi,BAHÇEŞEHİR KOLEJİ,BSK,K. Sipahi,55,,,,,,SUB,in,BAHÇEŞEHİR KOLEJİ substitution in,,,,,,,,,0,38,1.0,,0,12,0,13
03:23,03:23:00,12,13,-1,1,1,REGULAR,102,B. AKIN,1,substitution,97,,[],out,0,11,Berk Can,Akin,Berk Can,Akin,B,A,B,A,B. Akin,BURSASPOR BASKETBOL,BUR,B. Akin,11,,,,,,SUB,out,BURSASPOR BASKETBOL substitution out,,,,,,,,,0,38,1.0,,0,12,0,13
03:23,03:23:00,12,13,-1,1,1,REGULAR,144,M. PARSONS,1,substitution,98,,[],in,0,5,Malik Disjohn,Parsons,Malik Disjohn,Parsons,M,P,M,P,M. Parsons,BURSASPOR BASKETBOL,BUR,M. Parsons,5,,,,,,SUB,in,BURSASPOR BASKETBOL substitution in,,,,,,,,,0,38,1.0,,0,12,0,13
03:23,03:23:00,12,13,-1,1,1,REGULAR,133,B. CHILDRESS,1,substitution,99,,[],out,0,0,Brandon Reginald,Childress,Brandon Reginald,Childress,B,C,B,C,B. Childress,BURSASPOR BASKETBOL,BUR,B. Childress,0,,,,,,SUB,out,BURSASPOR BASKETBOL substitution out,,,,,,,,,0,38,1.0,,0,12,0,13
03:23,03:23:00,12,13,-1,1,1,REGULAR,126,B. SATIR,1,substitution,100,,[],in,0,10,Bora,Satir,Bora,Satir,B,S,B,S,B. Satir,BURSASPOR BASKETBOL,BUR,B. Satir,10,,,,,,SUB,in,BURSASPOR BASKETBOL substitution in,,,,,,,,,0,38,1.0,,0,12,0,13
03:23,03:23:00,12,13,-1,1,1,REGULAR,134,V. KING,0,freethrow,101,,[],1of2,1,22,Vincent Earl,King,Vincent Earl,King,V,K,V,K,V. King,BURSASPOR BASKETBOL,BUR,V. King,22,,,,,,FT,missed,BURSASPOR BASKETBOL V. KING FT 1of2 missed,,,,,,,,,0,38,1.0,def_reb,0,12,0,13
03:23,03:23:00,12,13,-1,1,1,REGULAR,0,,1,rebound,102,101,[],offensivedeadball,0,,,,,,,,,,,BURSASPOR BASKETBOL,BUR,,,,,,,,TREB,,BURSASPOR BASKETBOL team rebound offensivedeadball,,,,,,,,,0,39,2.0,def_reb,0,12,0,13
03:23,03:23:00,13,13,0,1,1,REGULAR,134,V. KING,1,freethrow,103,,[],2of2,1,22,Vincent Earl,King,Vincent Earl,King,V,K,V,K,V. King,BURSASPOR BASKETBOL,BUR,V. King,22,,,,,,FT,made,BURSASPOR BASKETBOL V. KING FT 2of2 made,,,,,,,,,1,40,1.0,made_ft_last,1,13,0,13
03:23,03:23:00,13,13,0,1,1,REGULAR,134,V. KING,1,substitution,104,,[],out,0,22,Vincent Earl,King,Vincent Earl,King,V,K,V,K,V. King,BURSASPOR BASKETBOL,BUR,V. King,22,,,,,,SUB,out,BURSASPOR BASKETBOL substitution out,,,,,,,,,0,41,2.0,,0,13,0,13
03:23,03:23:00,13,13,0,1,1,REGULAR,129,B. CRAWFORD,1,substitution,105,,[],in,0,13,Bryant Dejuan,Crawford,Bryant Dejuan,Crawford,B,C,B,C,B. Crawford,BURSASPOR BASKETBOL,BUR,B. Crawford,13,,,,,,SUB,in,BURSASPOR BASKETBOL substitution in,,,,,,,,,0,41,2.0,,0,13,0,13
03:02,03:02:00,13,16,-3,2,1,REGULAR,79,H. HALE,1,3pt,107,,[],pullupjumpshot,1,77,Hunter Jelaun,Hale,Hunter Jelaun,Hale,H,H,H,H,H. Hale,BAHÇEŞEHİR KOLEJİ,BSK,H. Hale,77,,,73.669998168945,20.450000762939,1.0,P3,made,BAHÇEŞEHİR KOLEJİ H. HALE 3Pt made,,,,,,,,,3,41,2.0,score,0,13,3,16
02:39,02:39:00,13,16,-3,2,1,REGULAR,77,M. MITCHELL II,1,foul,109,,[],personal,0,11,Matthew Antonio,Mitchell Ii,Matthew Antonio,Mitchell Ii,M,M,M,M,M. Mitchell Ii,BAHÇEŞEHİR KOLEJİ,BSK,M. Mitchell Ii,11,,,,,,FOUL,,BAHÇEŞEHİR KOLEJİ M. MITCHELL II foul personal,,,,,,,,,0,42,1.0,,0,13,0,16
02:39,02:39:00,13,16,-3,1,1,REGULAR,144,M. PARSONS,1,foulon,110,109,[],,0,5,Malik Disjohn,Parsons,Malik Disjohn,Parsons,M,P,M,P,M. Parsons,BURSASPOR BASKETBOL,BUR,M. Parsons,5,,,,,,OTHER,,BURSASPOR BASKETBOL foulon,,,,,,,,,0,42,1.0,,0,13,0,16
02:38,02:38:00,13,16,-3,1,1,REGULAR,127,L. NNOKO,1,substitution,113,,[],out,0,35,Landry,Nnoko,Landry,Nnoko,L,N,L,N,L. Nnoko,BURSASPOR BASKETBOL,BUR,L. Nnoko,35,,,,,,SUB,out,BURSASPOR BASKETBOL substitution out,,,,,,,,,0,42,1.0,,0,13,0,16
02:38,02:38:00,13,16,-3,1,1,REGULAR,136,J. DELAURIER,1,substitution,114,,[],in,0,12,Javin Que,Delaurier,Javin Que,Delaurier,J,D,J,D,J. Delaurier,BURSASPOR BASKETBOL,BUR,J. Delaurier,12,,,,,,SUB,in,BURSASPOR BASKETBOL substitution in,,,,,,,,,0,42,1.0,,0,13,0,16
02:38,02:38:00,13,16,-3,1,1,REGULAR,136,J. DELAURIER,1,foul,115,,[],offensive,0,12,Javin Que,Delaurier,Javin Que,Delaurier,J,D,J,D,J. Delaurier,BURSASPOR BASKETBOL,BUR,J. Delaurier,12,,,,,,RFOUL,,BURSASPOR BASKETBOL J. DELAURIER foul offensive,,,,,,,,,0,42,1.0,offensive_foul,0,13,0,16
02:38,02:38:00,13,16,-3,1,1,REGULAR,136,J. DELAURIER,1,turnover,116,115,[],offensive,0,12,Javin Que,Delaurier,Javin Que,Delaurier,J,D,J,D,J. Delaurier,BURSASPOR BASKETBOL,BUR,J. Delaurier,12,,,,,,TO,,BURSASPOR BASKETBOL J. DELAURIER turnover offensive,,,,,,,,,0,43,2.0,turnover,0,13,0,16
02:38,02:38:00,13,16,-3,2,1,REGULAR,64,F. HALTALI,1,foulon,117,115,[],,0,14,Furkan,Haltali,Furkan,Haltali,F,H,F,H,F. Haltali,BAHÇEŞEHİR KOLEJİ,BSK,F. Haltali,14,,,,,,OTHER,,BAHÇEŞEHİR KOLEJİ foulon,,,,,,,,,0,44,1.0,,0,13,0,16
02:20,02:20:00,13,16,-3,2,1,REGULAR,77,M. MITCHELL II,0,2pt,119,,['fromturnover'],jumpshot,1,11,Matthew Antonio,Mitchell Ii,Matthew Antonio,Mitchell Ii,M,M,M,M,M. Mitchell Ii,BAHÇEŞEHİR KOLEJİ,BSK,M. Mitchell Ii,11,,,93.169998168945,78.080001831055,0.0,P2,missed,BAHÇEŞEHİR KOLEJİ M. MITCHELL II 2Pt missed,,,,,,,,,0,44,1.0,,0,13,0,16
02:17,02:17:00,13,16,-3,2,1,REGULAR,64,F. HALTALI,1,rebound,120,119,[],offensive,0,14,Furkan,Haltali,Furkan,Haltali,F,H,F,H,F. Haltali,BAHÇEŞEHİR KOLEJİ,BSK,F. Haltali,14,,,,,,REB,,BAHÇEŞEHİR KOLEJİ rebound offensive,,,,,,,,,0,44,1.0,,0,13,0,16
02:10,02:10:00,13,18,-5,2,1,REGULAR,75,T. CAVANAUGH,1,2pt,122,,"['2ndchance', 'fromturnover', 'pointsinthepaint']",jumpshot,1,34,Tyler Robert,Cavanaugh,Tyler Robert,Cavanaugh,T,C,T,C,T. Cavanaugh,BAHÇEŞEHİR KOLEJİ,BSK,T. Cavanaugh,34,,,90.360000610352,57.740001678467,1.0,P2,made,BAHÇEŞEHİR KOLEJİ T. CAVANAUGH 2Pt made,77.0,2.0,M. MITCHELL II,,,,,,2,44,1.0,score,0,13,2,18
02:10,02:10:00,13,18,-5,2,1,REGULAR,77,M. MITCHELL II,1,assist,123,122,[],,0,11,Matthew Antonio,Mitchell Ii,Matthew Antonio,Mitchell Ii,M,M,M,M,M. Mitchell Ii,BAHÇEŞEHİR KOLEJİ,BSK,M. Mitchell Ii,11,,,,,,ASS,,BAHÇEŞEHİR KOLEJİ M. MITCHELL II assist,,,,,,,,,0,45,2.0,,0,13,0,18
02:10,02:10:00,13,18,-5,1,1,REGULAR,0,,1,timeout,124,,[],full,0,,,,,,,,,,,BURSASPOR BASKETBOL,BUR,,,,,,,,TIMEOUT,,BURSASPOR BASKETBOL timeout,,,,,,,,,0,45,2.0,,0,13,0,18
02:10,02:10:00,13,18,-5,1,1,REGULAR,126,B. SATIR,1,substitution,125,,[],out,0,10,Bora,Satir,Bora,Satir,B,S,B,S,B. Satir,BURSASPOR BASKETBOL,BUR,B. Satir,10,,,,,,SUB,out,BURSASPOR BASKETBOL substitution out,,,,,,,,,0,45,2.0,,0,13,0,18
02:10,02:10:00,13,18,-5,1,1,REGULAR,135,A. KONONTSUK,1,substitution,126,,[],out,0,34,Artur,Konontsuk,Artur,Konontsuk,A,K,A,K,A. Konontsuk,BURSASPOR BASKETBOL,BUR,A. Konontsuk,34,,,,,,SUB,out,BURSASPOR BASKETBOL substitution out,,,,,,,,,0,45,2.0,,0,13,0,18
02:10,02:10:00,13,18,-5,1,1,REGULAR,4,Y. ONAR,1,substitution,127,,[],in,0,14,Yesukan,Onar,Yesukan,Onar,Y,O,Y,O,Y. Onar,BURSASPOR BASKETBOL,BUR,Y. Onar,14,,,,,,SUB,in,BURSASPOR BASKETBOL substitution in,,,,,,,,,0,45,2.0,,0,13,0,18
02:10,02:10:00,13,18,-5,1,1,REGULAR,134,V. KING,1,substitution,128,,[],in,0,22,Vincent Earl,King,Vincent Earl,King,V,K,V,K,V. King,BURSASPOR BASKETBOL,BUR,V. King,22,,,,,,SUB,in,BURSASPOR BASKETBOL substitution in,,,,,,,,,0,45,2.0,,0,13,0,18
01:57,01:57:00,13,18,-5,1,1,REGULAR,129,B. CRAWFORD,0,3pt,130,,[],jumpshot,1,13,Bryant Dejuan,Crawford,Bryant Dejuan,Crawford,B,C,B,C,B. Crawford,BURSASPOR BASKETBOL,BUR,B. Crawford,13,,,29.829999923706,27.799999237061,0.0,P3,missed,BURSASPOR BASKETBOL B. CRAWFORD 3Pt missed,,,,,,,,,0,45,2.0,,0,13,0,18
01:54,01:54:00,13,18,-5,1,1,REGULAR,136,J. DELAURIER,1,rebound,131,130,[],offensive,0,12,Javin Que,Delaurier,Javin Que,Delaurier,J,D,J,D,J. Delaurier,BURSASPOR BASKETBOL,BUR,J. Delaurier,12,,,,,,REB,,BURSASPOR BASKETBOL rebound offensive,,,,,,,,,0,45,2.0,,0,13,0,18
01:50,01:50:00,13,18,-5,1,1,REGULAR,129,B. CRAWFORD,0,2pt,132,,['2ndchance'],jumpshot,1,13,Bryant Dejuan,Crawford,Bryant Dejuan,Crawford,B,C,B,C,B. Crawford,BURSASPOR BASKETBOL,BUR,B. Crawford,13,,,27.639999389648,63.950000762939,0.0,P2,missed,BURSASPOR BASKETBOL B. CRAWFORD 2Pt missed,,,,,,,,,0,45,2.0,def_reb,0,13,0,18
01:47,01:47:00,13,18,-5,2,1,REGULAR,64,F. HALTALI,1,rebound,133,132,[],defensive,0,14,Furkan,Haltali,Furkan,Haltali,F,H,F,H,F. Haltali,BAHÇEŞEHİR KOLEJİ,BSK,F. Haltali,14,,,,,,REB,,BAHÇEŞEHİR KOLEJİ rebound defensive,,,,,,,,,0,46,1.0,def_reb,0,13,0,18
01:39,01:39:00,13,18,-5,2,1,REGULAR,62,K. SIPAHI,0,2pt,134,,['pointsinthepaint'],drivinglayup,1,55,Kenan,Sipahi,Kenan,Sipahi,K,S,K,S,K. Sipahi,BAHÇEŞEHİR KOLEJİ,BSK,K. Sipahi,55,,,92.540000915527,63.389999389648,0.0,P2,missed,BAHÇEŞEHİR KOLEJİ K. SIPAHI 2Pt missed,,,,,,,,,0,47,2.0,,0,13,0,18
01:37,01:37:00,13,18,-5,2,1,REGULAR,64,F. HALTALI,1,rebound,135,134,[],offensive,0,14,Furkan,Haltali,Furkan,Haltali,F,H,F,H,F. Haltali,BAHÇEŞEHİR KOLEJİ,BSK,F. Haltali,14,,,,,,REB,,BAHÇEŞEHİR KOLEJİ rebound offensive,,,,,,,,,0,47,2.0,,0,13,0,18
01:27,01:27:00,13,21,-8,2,1,REGULAR,62,K. SIPAHI,1,3pt,138,,['2ndchance'],jumpshot,1,55,Kenan,Sipahi,Kenan,Sipahi,K,S,K,S,K. Sipahi,BAHÇEŞEHİR KOLEJİ,BSK,K. Sipahi,55,,,80.690002441406,90.790000915527,1.0,P3,made,BAHÇEŞEHİR KOLEJİ K. SIPAHI 3Pt made,64.0,2.0,F. HALTALI,,,,,,3,47,2.0,score,0,13,3,21
01:27,01:27:00,13,21,-8,2,1,REGULAR,64,F. HALTALI,1,assist,139,138,[],,0,14,Furkan,Haltali,Furkan,Haltali,F,H,F,H,F. Haltali,BAHÇEŞEHİR KOLEJİ,BSK,F. Haltali,14,,,,,,ASS,,BAHÇEŞEHİR KOLEJİ F. HALTALI assist,,,,,,,,,0,48,1.0,,0,13,0,21
01:09,01:09:00,15,21,-6,1,1,REGULAR,144,M. PARSONS,1,2pt,141,,['pointsinthepaint'],jumpshot,1,5,Malik Disjohn,Parsons,Malik Disjohn,Parsons,M,P,M,P,M. Parsons,BURSASPOR BASKETBOL,BUR,M. Parsons,5,,,12.359999656677,59.150001525879,1.0,P2,made,BURSASPOR BASKETBOL M. PARSONS 2Pt made,129.0,1.0,B. CRAWFORD,,,,,,2,48,1.0,score,2,15,0,21
01:09,01:09:00,15,21,-6,1,1,REGULAR,129,B. CRAWFORD,1,assist,142,141,[],,0,13,Bryant Dejuan,Crawford,Bryant Dejuan,Crawford,B,C,B,C,B. Crawford,BURSASPOR BASKETBOL,BUR,B. Crawford,13,,,,,,ASS,,BURSASPOR BASKETBOL B. CRAWFORD assist,,,,,,,,,0,49,2.0,,0,15,0,21
00:51,00:51:80,15,21,-6,2,1,REGULAR,64,F. HALTALI,1,turnover,143,,[],badpass,0,14,Furkan,Haltali,Furkan,Haltali,F,H,F,H,F. Haltali,BAHÇEŞEHİR KOLEJİ,BSK,F. Haltali,14,,,,,,TO,,BAHÇEŞEHİR KOLEJİ F. HALTALI turnover badpass,,,,,,,,,0,49,2.0,turnover,0,15,0,21
00:51,00:51:80,15,21,-6,1,1,REGULAR,4,Y. ONAR,1,steal,144,143,[],,0,14,Yesukan,Onar,Yesukan,Onar,Y,O,Y,O,Y. Onar,BURSASPOR BASKETBOL,BUR,Y. Onar,14,,,,,,ST,,BURSASPOR BASKETBOL Y. ONAR steal,,,,,,,,,0,50,1.0,,0,15,0,21
00:47,00:47:20,17,21,-4,1,1,REGULAR,134,V. KING,1,2pt,146,,"['fromturnover', 'pointsinthepaint', 'fastbreak']",layup,1,22,Vincent Earl,King,Vincent Earl,King,V,K,V,K,V. King,BURSASPOR BASKETBOL,BUR,V. King,22,,,7.3600001335144,61.689998626709,1.0,P2,made,BURSASPOR BASKETBOL V. KING 2Pt made,144.0,1.0,M. PARSONS,,,,,,2,50,1.0,score,2,17,0,21
00:47,00:47:20,17,21,-4,1,1,REGULAR,144,M. PARSONS,1,assist,147,146,[],,0,5,Malik Disjohn,Parsons,Malik Disjohn,Parsons,M,P,M,P,M. Parsons,BURSASPOR BASKETBOL,BUR,M. Parsons,5,,,,,,ASS,,BURSASPOR BASKETBOL M. PARSONS assist,,,,,,,,,0,51,2.0,,0,17,0,21
00:47,00:47:20,17,21,-4,2,1,REGULAR,0,,1,timeout,148,,[],full,0,,,,,,,,,,,BAHÇEŞEHİR KOLEJİ,BSK,,,,,,,,TIMEOUT,,BAHÇEŞEHİR KOLEJİ timeout,,,,,,,,,0,51,2.0,,0,17,0,21
00:47,00:47:20,17,21,-4,2,1,REGULAR,64,F. HALTALI,1,substitution,149,,[],out,0,14,Furkan,Haltali,Furkan,Haltali,F,H,F,H,F. Haltali,BAHÇEŞEHİR KOLEJİ,BSK,F. Haltali,14,,,,,,SUB,out,BAHÇEŞEHİR KOLEJİ substitution out,,,,,,,,,0,51,2.0,,0,17,0,21
00:47,00:47:20,17,21,-4,2,1,REGULAR,75,T. CAVANAUGH,1,substitution,150,,[],out,0,34,Tyler Robert,Cavanaugh,Tyler Robert,Cavanaugh,T,C,T,C,T. Cavanaugh,BAHÇEŞEHİR KOLEJİ,BSK,T. Cavanaugh,34,,,,,,SUB,out,BAHÇEŞEHİR KOLEJİ substitution out,,,,,,,,,0,51,2.0,,0,17,0,21
00:47,00:47:20,17,21,-4,2,1,REGULAR,78,B. KOPRIVICA,1,substitution,151,,[],in,0,8,Balsa,Koprivica,Balsa,Koprivica,B,K,B,K,B. Koprivica,BAHÇEŞEHİR KOLEJİ,BSK,B. Koprivica,8,,,,,,SUB,in,BAHÇEŞEHİR KOLEJİ substitution in,,,,,,,,,0,51,2.0,,0,17,0,21
00:47,00:47:20,17,21,-4,2,1,REGULAR,3,G. BAS,1,substitution,152,,[],in,0,57,Göktug,Bas,Göktug,Bas,G,B,G,B,G. Bas,BAHÇEŞEHİR KOLEJİ,BSK,G. Bas,57,,,,,,SUB,in,BAHÇEŞEHİR KOLEJİ substitution in,,,,,,,,,0,51,2.0,,0,17,0,21
00:21,00:21:70,17,21,-4,2,1,REGULAR,62,K. SIPAHI,0,2pt,154,,['pointsinthepaint'],layup,1,55,Kenan,Sipahi,Kenan,Sipahi,K,S,K,S,K. Sipahi,BAHÇEŞEHİR KOLEJİ,BSK,K. Sipahi,55,,,90.360000610352,64.23999786377,0.0,P2,missed,BAHÇEŞEHİR KOLEJİ K. SIPAHI 2Pt missed,,,,,,,,,0,51,2.0,,0,17,0,21
00:19,00:19:90,17,21,-4,2,1,REGULAR,78,B. KOPRIVICA,1,rebound,156,154,[],offensive,0,8,Balsa,Koprivica,Balsa,Koprivica,B,K,B,K,B. Koprivica,BAHÇEŞEHİR KOLEJİ,BSK,B. Koprivica,8,,,,,,REB,,BAHÇEŞEHİR KOLEJİ rebound offensive,,,,,,,,,0,51,2.0,,0,17,0,21
00:19,00:19:90,17,21,-4,2,1,REGULAR,78,B. KOPRIVICA,0,2pt,157,,"['2ndchance', 'pointsinthepaint']",tipinlayup,1,8,Balsa,Koprivica,Balsa,Koprivica,B,K,B,K,B. Koprivica,BAHÇEŞEHİR KOLEJİ,BSK,B. Koprivica,8,,,94.0,50.0,0.0,P2,missed,BAHÇEŞEHİR KOLEJİ B. KOPRIVICA 2Pt missed,,,,,,,,,0,51,2.0,def_reb,0,17,0,21
00:19,00:19:90,17,21,-4,1,1,REGULAR,134,V. KING,1,rebound,158,157,[],defensive,0,22,Vincent Earl,King,Vincent Earl,King,V,K,V,K,V. King,BURSASPOR BASKETBOL,BUR,V. King,22,,,,,,REB,,BURSASPOR BASKETBOL rebound defensive,,,,,,,,,0,52,1.0,def_reb,0,17,0,21
00:19,00:19:90,17,21,-4,2,1,REGULAR,3,G. BAS,1,foul,159,,['2freethrow'],personal,0,57,Göktug,Bas,Göktug,Bas,G,B,G,B,G. Bas,BAHÇEŞEHİR KOLEJİ,BSK,G. Bas,57,,,,,,FOUL,,BAHÇEŞEHİR KOLEJİ G. BAS foul personal,,,,,,,,,0,53,2.0,,0,17,0,21
00:19,00:19:90,17,21,-4,1,1,REGULAR,134,V. KING,1,foulon,160,159,[],,0,22,Vincent Earl,King,Vincent Earl,King,V,K,V,K,V. King,BURSASPOR BASKETBOL,BUR,V. King,22,,,,,,OTHER,,BURSASPOR BASKETBOL foulon,,,,,,,,,0,53,2.0,,0,17,0,21
00:19,00:19:90,18,21,-3,1,1,REGULAR,134,V. KING,1,freethrow,161,,[],1of2,1,22,Vincent Earl,King,Vincent Earl,King,V,K,V,K,V. King,BURSASPOR BASKETBOL,BUR,V. King,22,,,,,,FT,made,BURSASPOR BASKETBOL V. KING FT 1of2 made,,,,,,,,,1,53,2.0,made_ft,1,18,0,21
00:19,00:19:90,18,21,-3,1,1,REGULAR,134,V. KING,0,freethrow,162,,[],2of2,1,22,Vincent Earl,King,Vincent Earl,King,V,K,V,K,V. King,BURSASPOR BASKETBOL,BUR,V. King,22,,,,,,FT,missed,BURSASPOR BASKETBOL V. KING FT 2of2 missed,,,,,,,,,0,54,1.0,def_reb,0,18,0,21
00:19,00:19:90,18,21,-3,2,1,REGULAR,77,M. MITCHELL II,1,rebound,164,162,[],defensive,0,11,Matthew Antonio,Mitchell Ii,Matthew Antonio,Mitchell Ii,M,M,M,M,M. Mitchell Ii,BAHÇEŞEHİR KOLEJİ,BSK,M. Mitchell Ii,11,,,,,,REB,,BAHÇEŞEHİR KOLEJİ rebound defensive,,,,,,,,,0,55,2.0,def_reb,0,18,0,21
00:05,00:05:00,18,21,-3,2,1,REGULAR,79,H. HALE,0,3pt,166,,[],jumpshot,1,77,Hunter Jelaun,Hale,Hunter Jelaun,Hale,H,H,H,H,H. Hale,BAHÇEŞEHİR KOLEJİ,BSK,H. Hale,77,,,89.730003356934,3.5,0.0,P3,missed,BAHÇEŞEHİR KOLEJİ H. HALE 3Pt missed,,,,,,,,,0,56,1.0,def_reb,0,18,0,21
00:05,00:05:00,18,21,-3,1,1,REGULAR,136,J. DELAURIER,1,rebound,167,166,[],defensive,0,12,Javin Que,Delaurier,Javin Que,Delaurier,J,D,J,D,J. Delaurier,BURSASPOR BASKETBOL,BUR,J. Delaurier,12,,,,,,REB,,BURSASPOR BASKETBOL rebound defensive,,,,,,,,,0,57,2.0,def_reb,0,18,0,21
00:02,00:02:10,18,21,-3,1,1,REGULAR,136,J. DELAURIER,0,3pt,169,,[],jumpshot,1,12,Javin Que,Delaurier,Javin Que,Delaurier,J,D,J,D,J. Delaurier,BURSASPOR BASKETBOL,BUR,J. Delaurier,12,,,35.759998321533,80.900001525879,0.0,P3,missed,BURSASPOR BASKETBOL J. DELAURIER 3Pt missed,,,,,,,,,0,58,1.0,,0,18,0,21
00:00,00:00:00,18,21,-3,0,1,REGULAR,0,,1,period,171,,['confirmed'],end,0,,,,,,,,,,,,,,,,,,,,OTHER,,period end,,,,,,,,,0,58,1.0,,0,18,0,21
10:00,10:00:00,18,21,-3,1,2,REGULAR,134,V. KING,1,substitution,172,,[],out,0,22,Vincent Earl,King,Vincent Earl,King,V,K,V,K,V. King,BURSASPOR BASKETBOL,BUR,V. King,22,,,,,,SUB,out,BURSASPOR BASKETBOL substitution out,,,,,,,,,0,58,1.0,,0,18,0,21
10:00,10:00:00,18,21,-3,1,2,REGULAR,133,B. CHILDRESS,1,substitution,173,,[],in,0,0,Brandon Reginald,Childress,Brandon Reginald,Childress,B,C,B,C,B. Childress,BURSASPOR BASKETBOL,BUR,B. Childress,0,,,,,,SUB,in,BURSASPOR BASKETBOL substitution in,,,,,,,,,0,58,1.0,,0,18,0,21
10:00,10:00:00,18,21,-3,0,2,REGULAR,0,,1,period,174,,[],start,0,,,,,,,,,,,,,,,,,,,,OTHER,,period start,,,,,,,,,0,58,1.0,,0,18,0,21
09:39,09:39:00,18,21,-3,1,2,REGULAR,144,M. PARSONS,0,2pt,177,,[],jumpshot,1,5,Malik Disjohn,Parsons,Malik Disjohn,Parsons,M,P,M,P,M. Parsons,BURSASPOR BASKETBOL,BUR,M. Parsons,5,,,7.0500001907349,24.409999847412,0.0,P2,missed,BURSASPOR BASKETBOL M. PARSONS 2Pt missed,,,,,,,,,0,58,1.0,def_reb,0,18,0,21
09:38,09:38:00,18,21,-3,2,2,REGULAR,0,,1,rebound,178,177,['team'],defensive,0,,,,,,,,,,,BAHÇEŞEHİR KOLEJİ,BSK,,,,,,,,TREB,,BAHÇEŞEHİR KOLEJİ team rebound defensive,,,,,,,,,0,59,2.0,def_reb,0,18,0,21
09:24,09:24:00,18,21,-3,2,2,REGULAR,79,H. HALE,0,3pt,180,,[],jumpshot,1,77,Hunter Jelaun,Hale,Hunter Jelaun,Hale,H,H,H,H,H. Hale,BAHÇEŞEHİR KOLEJİ,BSK,H. Hale,77,,,79.279998779297,89.379997253418,0.0,P3,missed,BAHÇEŞEHİR KOLEJİ H. HALE 3Pt missed,,,,,,,,,0,60,1.0,def_reb,0,18,0,21
09:21,09:21:00,18,21,-3,1,2,REGULAR,136,J. DELAURIER,1,rebound,181,180,[],defensive,0,12,Javin Que,Delaurier,Javin Que,Delaurier,J,D,J,D,J. Delaurier,BURSASPOR BASKETBOL,BUR,J. Delaurier,12,,,,,,REB,,BURSASPOR BASKETBOL rebound defensive,,,,,,,,,0,61,2.0,def_reb,0,18,0,21
09:03,09:03:00,20,21,-1,1,2,REGULAR,133,B. CHILDRESS,1,2pt,182,,['pointsinthepaint'],stepbackjumpshot,1,0,Brandon Reginald,Childress,Brandon Reginald,Childress,B,C,B,C,B. Childress,BURSASPOR BASKETBOL,BUR,B. Childress,0,,,18.440000534058,50.959999084473,1.0,P2,made,BURSASPOR BASKETBOL B. CHILDRESS 2Pt made,,,,,,,,,2,62,1.0,score,2,20,0,21
08:37,08:37:00,20,21,-1,2,2,REGULAR,3,G. BAS,0,3pt,183,,[],jumpshot,1,57,Göktug,Bas,Göktug,Bas,G,B,G,B,G. Bas,BAHÇEŞEHİR KOLEJİ,BSK,G. Bas,57,,,89.269996643066,4.6300001144409,0.0,P3,missed,BAHÇEŞEHİR KOLEJİ G. BAS 3Pt missed,,,,,,,,,0,63,2.0,,0,20,0,21
08:35,08:35:00,20,21,-1,2,2,REGULAR,77,M. MITCHELL II,1,rebound,184,183,[],offensive,0,11,Matthew Antonio,Mitchell Ii,Matthew Antonio,Mitchell Ii,M,M,M,M,M. Mitchell Ii,BAHÇEŞEHİR KOLEJİ,BSK,M. Mitchell Ii,11,,,,,,REB,,BAHÇEŞEHİR KOLEJİ rebound offensive,,,,,,,,,0,63,2.0,,0,20,0,21
08:32,08:32:00,20,21,-1,2,2,REGULAR,62,K. SIPAHI,0,3pt,185,,['2ndchance'],jumpshot,1,55,Kenan,Sipahi,Kenan,Sipahi,K,S,K,S,K. Sipahi,BAHÇEŞEHİR KOLEJİ,BSK,K. Sipahi,55,,,74.449996948242,84.290000915527,0.0,P3,missed,BAHÇEŞEHİR KOLEJİ K. SIPAHI 3Pt missed,,,,,,,,,0,63,2.0,def_reb,0,20,0,21
08:29,08:29:00,20,21,-1,1,2,REGULAR,133,B. CHILDRESS,1,rebound,186,185,[],defensive,0,0,Brandon Reginald,Childress,Brandon Reginald,Childress,B,C,B,C,B. Childress,BURSASPOR BASKETBOL,BUR,B. Childress,0,,,,,,REB,,BURSASPOR BASKETBOL rebound defensive,,,,,,,,,0,64,1.0,def_reb,0,20,0,21
08:11,08:11:00,20,21,-1,1,2,REGULAR,133,B. CHILDRESS,1,turnover,188,,[],badpass,0,0,Brandon Reginald,Childress,Brandon Reginald,Childress,B,C,B,C,B. Childress,BURSASPOR BASKETBOL,BUR,B. Childress,0,,,,,,TO,,BURSASPOR BASKETBOL B. CHILDRESS turnover badpass,,,,,,,,,0,65,2.0,turnover,0,20,0,21
08:09,08:09:00,20,21,-1,2,2,REGULAR,3,G. BAS,1,substitution,191,,[],out,0,57,Göktug,Bas,Göktug,Bas,G,B,G,B,G. Bas,BAHÇEŞEHİR KOLEJİ,BSK,G. Bas,57,,,,,,SUB,out,BAHÇEŞEHİR KOLEJİ substitution out,,,,,,,,,0,66,1.0,,0,20,0,21
08:09,08:09:00,20,21,-1,2,2,REGULAR,76,C. HOMESLEY,1,substitution,192,,[],in,0,5,Caleb Allen,Homesley,Caleb Allen,Homesley,C,H,C,H,C. Homesley,BAHÇEŞEHİR KOLEJİ,BSK,C. Homesley,5,,,,,,SUB,in,BAHÇEŞEHİR KOLEJİ substitution in,,,,,,,,,0,66,1.0,,0,20,0,21
07:52,07:52:00,20,21,-1,2,2,REGULAR,79,H. HALE,0,3pt,194,,['fromturnover'],jumpshot,1,77,Hunter Jelaun,Hale,Hunter Jelaun,Hale,H,H,H,H,H. Hale,BAHÇEŞEHİR KOLEJİ,BSK,H. Hale,77,,,80.059997558594,10.279999732971,0.0,P3,missed,BAHÇEŞEHİR KOLEJİ H. HALE 3Pt missed,,,,,,,,,0,66,1.0,,0,20,0,21
07:48,07:48:00,20,21,-1,2,2,REGULAR,78,B. KOPRIVICA,1,rebound,195,194,[],offensive,0,8,Balsa,Koprivica,Balsa,Koprivica,B,K,B,K,B. Koprivica,BAHÇEŞEHİR KOLEJİ,BSK,B. Koprivica,8,,,,,,REB,,BAHÇEŞEHİR KOLEJİ rebound offensive,,,,,,,,,0,66,1.0,,0,20,0,21
07:47,07:47:00,20,21,-1,2,2,REGULAR,78,B. KOPRIVICA,1,turnover,196,,[],badpass,0,8,Balsa,Koprivica,Balsa,Koprivica,B,K,B,K,B. Koprivica,BAHÇEŞEHİR KOLEJİ,BSK,B. Koprivica,8,,,,,,TO,,BAHÇEŞEHİR KOLEJİ B. KOPRIVICA turnover badpass,,,,,,,,,0,66,1.0,turnover,0,20,0,21
07:47,07:47:00,20,21,-1,1,2,REGULAR,144,M. PARSONS,1,steal,197,196,[],,0,5,Malik Disjohn,Parsons,Malik Disjohn,Parsons,M,P,M,P,M. Parsons,BURSASPOR BASKETBOL,BUR,M. Parsons,5,,,,,,ST,,BURSASPOR BASKETBOL M. PARSONS steal,,,,,,,,,0,67,2.0,,0,20,0,21
07:45,07:45:00,20,21,-1,1,2,REGULAR,144,M. PARSONS,1,turnover,199,,[],travel,0,5,Malik Disjohn,Parsons,Malik Disjohn,Parsons,M,P,M,P,M. Parsons,BURSASPOR BASKETBOL,BUR,M. Parsons,5,,,,,,TO,,BURSASPOR BASKETBOL M. PARSONS turnover travel,,,,,,,,,0,67,2.0,turnover,0,20,0,21
07:33,07:33:00,20,21,-1,1,2,REGULAR,4,Y. ONAR,1,foul,202,,[],personal,0,14,Yesukan,Onar,Yesukan,Onar,Y,O,Y,O,Y. Onar,BURSASPOR BASKETBOL,BUR,Y. Onar,14,,,,,,FOUL,,BURSASPOR BASKETBOL Y. ONAR foul personal,,,,,,,,,0,68,1.0,,0,20,0,21
07:33,07:33:00,20,21,-1,2,2,REGULAR,77,M. MITCHELL II,1,foulon,203,202,[],,0,11,Matthew Antonio,Mitchell Ii,Matthew Antonio,Mitchell Ii,M,M,M,M,M. Mitchell Ii,BAHÇEŞEHİR KOLEJİ,BSK,M. Mitchell Ii,11,,,,,,OTHER,,BAHÇEŞEHİR KOLEJİ foulon,,,,,,,,,0,68,1.0,,0,20,0,21
07:22,07:22:00,20,23,-3,2,2,REGULAR,77,M. MITCHELL II,1,2pt,205,,['fromturnover'],pullupjumpshot,1,11,Matthew Antonio,Mitchell Ii,Matthew Antonio,Mitchell Ii,M,M,M,M,M. Mitchell Ii,BAHÇEŞEHİR KOLEJİ,BSK,M. Mitchell Ii,11,,,83.809997558594,82.599998474121,1.0,P2,made,BAHÇEŞEHİR KOLEJİ M. MITCHELL II 2Pt made,,,,,,,,,2,68,1.0,score,0,20,2,23
07:04,07:04:00,20,23,-3,1,2,REGULAR,129,B. CRAWFORD,0,3pt,206,,[],jumpshot,1,13,Bryant Dejuan,Crawford,Bryant Dejuan,Crawford,B,C,B,C,B. Crawford,BURSASPOR BASKETBOL,BUR,B. Crawford,13,,,25.620000839233,20.450000762939,0.0,P3,missed,BURSASPOR BASKETBOL B. CRAWFORD 3Pt missed,,,,,,,,,0,69,2.0,def_reb,0,20,0,23
07:03,07:03:00,20,23,-3,2,2,REGULAR,0,,1,rebound,208,206,['team'],defensive,0,,,,,,,,,,,BAHÇEŞEHİR KOLEJİ,BSK,,,,,,,,TREB,,BAHÇEŞEHİR KOLEJİ team rebound defensive,,,,,,,,,0,70,1.0,def_reb,0,20,0,23
07:03,07:03:00,20,23,-3,1,2,REGULAR,144,M. PARSONS,1,substitution,209,,[],out,0,5,Malik Disjohn,Parsons,Malik Disjohn,Parsons,M,P,M,P,M. Parsons,BURSASPOR BASKETBOL,BUR,M. Parsons,5,,,,,,SUB,out,BURSASPOR BASKETBOL substitution out,,,,,,,,,0,71,2.0,,0,20,0,23
07:03,07:03:00,20,23,-3,1,2,REGULAR,4,Y. ONAR,1,substitution,210,,[],out,0,14,Yesukan,Onar,Yesukan,Onar,Y,O,Y,O,Y. Onar,BURSASPOR BASKETBOL,BUR,Y. Onar,14,,,,,,SUB,out,BURSASPOR BASKETBOL substitution out,,,,,,,,,0,71,2.0,,0,20,0,23
07:03,07:03:00,20,23,-3,1,2,REGULAR,102,B. AKIN,1,substitution,211,,[],in,0,11,Berk Can,Akin,Berk Can,Akin,B,A,B,A,B. Akin,BURSASPOR BASKETBOL,BUR,B. Akin,11,,,,,,SUB,in,BURSASPOR BASKETBOL substitution in,,,,,,,,,0,71,2.0,,0,20,0,23
07:03,07:03:00,20,23,-3,1,2,REGULAR,135,A. KONONTSUK,1,substitution,212,,[],in,0,34,Artur,Konontsuk,Artur,Konontsuk,A,K,A,K,A. Konontsuk,BURSASPOR BASKETBOL,BUR,A. Konontsuk,34,,,,,,SUB,in,BURSASPOR BASKETBOL substitution in,,,,,,,,,0,71,2.0,,0,20,0,23
07:03,07:03:00,20,23,-3,2,2,REGULAR,78,B. KOPRIVICA,1,substitution,213,,[],out,0,8,Balsa,Koprivica,Balsa,Koprivica,B,K,B,K,B. Koprivica,BAHÇEŞEHİR KOLEJİ,BSK,B. Koprivica,8,,,,,,SUB,out,BAHÇEŞEHİR KOLEJİ substitution out,,,,,,,,,0,71,2.0,,0,20,0,23
07:03,07:03:00,20,23,-3,2,2,REGULAR,79,H. HALE,1,substitution,214,,[],out,0,77,Hunter Jelaun,Hale,Hunter Jelaun,Hale,H,H,H,H,H. Hale,BAHÇEŞEHİR KOLEJİ,BSK,H. Hale,77,,,,,,SUB,out,BAHÇEŞEHİR KOLEJİ substitution out,,,,,,,,,0,71,2.0,,0,20,0,23
07:03,07:03:00,20,23,-3,2,2,REGULAR,81,M. FLYNN,1,substitution,215,,[],in,0,22,Malachi Emmanuel,Flynn,Malachi Emmanuel,Flynn,M,F,M,F,M. Flynn,BAHÇEŞEHİR KOLEJİ,BSK,M. Flynn,22,,,,,,SUB,in,BAHÇEŞEHİR KOLEJİ substitution in,,,,,,,,,0,71,2.0,,0,20,0,23
07:03,07:03:00,20,23,-3,2,2,REGULAR,80,T. WILLIAMS,1,substitution,216,,[],in,0,50,Trevion Lamon,Williams,Trevion Lamon,Williams,T,W,T,W,T. Williams,BAHÇEŞEHİR KOLEJİ,BSK,T. Williams,50,,,,,,SUB,in,BAHÇEŞEHİR KOLEJİ substitution in,,,,,,,,,0,71,2.0,,0,20,0,23
06:47,06:47:00,20,23,-3,1,2,REGULAR,102,B. AKIN,1,foul,219,,"['shooting', '2freethrow']",personal,0,11,Berk Can,Akin,Berk Can,Akin,B,A,B,A,B. Akin,BURSASPOR BASKETBOL,BUR,B. Akin,11,,,,,,FOUL,,BURSASPOR BASKETBOL B. AKIN foul personal,,,,,,,,,0,71,2.0,,0,20,0,23
06:47,06:47:00,20,23,-3,2,2,REGULAR,76,C. HOMESLEY,1,foulon,220,219,[],,0,5,Caleb Allen,Homesley,Caleb Allen,Homesley,C,H,C,H,C. Homesley,BAHÇEŞEHİR KOLEJİ,BSK,C. Homesley,5,,,,,,OTHER,,BAHÇEŞEHİR KOLEJİ foulon,,,,,,,,,0,71,2.0,,0,20,0,23
06:47,06:47:00,20,23,-3,1,2,REGULAR,136,J. DELAURIER,1,substitution,221,,[],out,0,12,Javin Que,Delaurier,Javin Que,Delaurier,J,D,J,D,J. Delaurier,BURSASPOR BASKETBOL,BUR,J. Delaurier,12,,,,,,SUB,out,BURSASPOR BASKETBOL substitution out,,,,,,,,,0,71,2.0,,0,20,0,23
06:47,06:47:00,20,23,-3,1,2,REGULAR,127,L. NNOKO,1,substitution,222,,[],in,0,35,Landry,Nnoko,Landry,Nnoko,L,N,L,N,L. Nnoko,BURSASPOR BASKETBOL,BUR,L. Nnoko,35,,,,,,SUB,in,BURSASPOR BASKETBOL substitution in,,,,,,,,,0,71,2.0,,0,20,0,23
06:47,06:47:00,20,24,-4,2,2,REGULAR,76,C. HOMESLEY,1,freethrow,223,,[],1of2,1,5,Caleb Allen,Homesley,Caleb Allen,Homesley,C,H,C,H,C. Homesley,BAHÇEŞEHİR KOLEJİ,BSK,C. Homesley,5,,,,,,FT,made,BAHÇEŞEHİR KOLEJİ C. HOMESLEY FT 1of2 made,,,,,,,,,1,71,2.0,made_ft,0,20,1,24
06:47,06:47:00,20,24,-4,2,2,REGULAR,76,C. HOMESLEY,0,freethrow,224,,[],2of2,1,5,Caleb Allen,Homesley,Caleb Allen,Homesley,C,H,C,H,C. Homesley,BAHÇEŞEHİR KOLEJİ,BSK,C. Homesley,5,,,,,,FT,missed,BAHÇEŞEHİR KOLEJİ C. HOMESLEY FT 2of2 missed,,,,,,,,,0,72,1.0,def_reb,0,20,0,24
06:46,06:46:00,20,24,-4,2,2,REGULAR,0,,1,rebound,226,224,['team'],offensive,0,,,,,,,,,,,BAHÇEŞEHİR KOLEJİ,BSK,,,,,,,,TREB,,BAHÇEŞEHİR KOLEJİ team rebound offensive,,,,,,,,,0,73,2.0,def_reb,0,20,0,24
06:46,06:46:00,20,24,-4,1,2,REGULAR,135,A. KONONTSUK,1,foul,228,,[],personal,0,34,Artur,Konontsuk,Artur,Konontsuk,A,K,A,K,A. Konontsuk,BURSASPOR BASKETBOL,BUR,A. Konontsuk,34,,,,,,FOUL,,BURSASPOR BASKETBOL A. KONONTSUK foul personal,,,,,,,,,0,74,1.0,,0,20,0,24
06:46,06:46:00,20,24,-4,2,2,REGULAR,77,M. MITCHELL II,1,foulon,229,228,[],,0,11,Matthew Antonio,Mitchell Ii,Matthew Antonio,Mitchell Ii,M,M,M,M,M. Mitchell Ii,BAHÇEŞEHİR KOLEJİ,BSK,M. Mitchell Ii,11,,,,,,OTHER,,BAHÇEŞEHİR KOLEJİ foulon,,,,,,,,,0,74,1.0,,0,20,0,24
06:46,06:46:00,20,24,-4,2,2,REGULAR,62,K. SIPAHI,1,substitution,230,,[],out,0,55,Kenan,Sipahi,Kenan,Sipahi,K,S,K,S,K. Sipahi,BAHÇEŞEHİR KOLEJİ,BSK,K. Sipahi,55,,,,,,SUB,out,BAHÇEŞEHİR KOLEJİ substitution out,,,,,,,,,0,74,1.0,,0,20,0,24
06:46,06:46:00,20,24,-4,2,2,REGULAR,1,I. AKPINAR,1,substitution,231,,[],in,0,33,Ismet,Akpinar,Ismet,Akpinar,I,A,I,A,I. Akpinar,BAHÇEŞEHİR KOLEJİ,BSK,I. Akpinar,33,,,,,,SUB,in,BAHÇEŞEHİR KOLEJİ substitution in,,,,,,,,,0,74,1.0,,0,20,0,24
06:33,06:33:00,20,26,-6,2,2,REGULAR,80,T. WILLIAMS,1,2pt,233,,"['2ndchance', 'pointsinthepaint']",turnaroundjumpshot,1,50,Trevion Lamon,Williams,Trevion Lamon,Williams,T,W,T,W,T. Williams,BAHÇEŞEHİR KOLEJİ,BSK,T. Williams,50,,,88.800003051758,42.490001678467,1.0,P2,made,BAHÇEŞEHİR KOLEJİ T. WILLIAMS 2Pt made,81.0,2.0,M. FLYNN,,,,,,2,74,1.0,score,0,20,2,26
06:33,06:33:00,20,26,-6,2,2,REGULAR,81,M. FLYNN,1,assist,234,233,[],,0,22,Malachi Emmanuel,Flynn,Malachi Emmanuel,Flynn,M,F,M,F,M. Flynn,BAHÇEŞEHİR KOLEJİ,BSK,M. Flynn,22,,,,,,ASS,,BAHÇEŞEHİR KOLEJİ M. FLYNN assist,,,,,,,,,0,75,2.0,,0,20,0,26
06:12,06:12:00,20,26,-6,2,2,REGULAR,77,M. MITCHELL II,1,foul,236,,[],personal,0,11,Matthew Antonio,Mitchell Ii,Matthew Antonio,Mitchell Ii,M,M,M,M,M. Mitchell Ii,BAHÇEŞEHİR KOLEJİ,BSK,M. Mitchell Ii,11,,,,,,FOUL,,BAHÇEŞEHİR KOLEJİ M. MITCHELL II foul personal,,,,,,,,,0,75,2.0,,0,20,0,26
06:12,06:12:00,20,26,-6,1,2,REGULAR,135,A. KONONTSUK,1,foulon,237,236,[],,0,34,Artur,Konontsuk,Artur,Konontsuk,A,K,A,K,A. Konontsuk,BURSASPOR BASKETBOL,BUR,A. Konontsuk,34,,,,,,OTHER,,BURSASPOR BASKETBOL foulon,,,,,,,,,0,75,2.0,,0,20,0,26
05:59,05:59:00,20,26,-6,1,2,REGULAR,135,A. KONONTSUK,0,2pt,239,,[],stepbackjumpshot,1,34,Artur,Konontsuk,Artur,Konontsuk,A,K,A,K,A. Konontsuk,BURSASPOR BASKETBOL,BUR,A. Konontsuk,34,,,9.5500001907349,21.579999923706,0.0,P2,missed,BURSASPOR BASKETBOL A. KONONTSUK 2Pt missed,,,,,,,,,0,75,2.0,def_reb,0,20,0,26
05:56,05:56:00,20,26,-6,2,2,REGULAR,80,T. WILLIAMS,1,rebound,240,239,[],defensive,0,50,Trevion Lamon,Williams,Trevion Lamon,Williams,T,W,T,W,T. Williams,BAHÇEŞEHİR KOLEJİ,BSK,T. Williams,50,,,,,,REB,,BAHÇEŞEHİR KOLEJİ rebound defensive,,,,,,,,,0,76,1.0,def_reb,0,20,0,26
05:49,05:49:00,20,28,-8,2,2,REGULAR,81,M. FLYNN,1,2pt,241,,[],pullupjumpshot,1,22,Malachi Emmanuel,Flynn,Malachi Emmanuel,Flynn,M,F,M,F,M. Flynn,BAHÇEŞEHİR KOLEJİ,BSK,M. Flynn,22,,,85.680000305176,27.510000228882,1.0,P2,made,BAHÇEŞEHİR KOLEJİ M. FLYNN 2Pt made,,,,,,,,,2,77,2.0,score,0,20,2,28
05:48,05:48:00,20,28,-8,1,2,REGULAR,0,,1,timeout,243,,[],full,0,,,,,,,,,,,BURSASPOR BASKETBOL,BUR,,,,,,,,TIMEOUT,,BURSASPOR BASKETBOL timeout,,,,,,,,,0,78,1.0,,0,20,0,28
05:48,05:48:00,20,28,-8,1,2,REGULAR,129,B. CRAWFORD,1,substitution,244,,[],out,0,13,Bryant Dejuan,Crawford,Bryant Dejuan,Crawford,B,C,B,C,B. Crawford,BURSASPOR BASKETBOL,BUR,B. Crawford,13,,,,,,SUB,out,BURSASPOR BASKETBOL substitution out,,,,,,,,,0,78,1.0,,0,20,0,28
05:48,05:48:00,20,28,-8,1,2,REGULAR,144,M. PARSONS,1,substitution,245,,[],in,0,5,Malik Disjohn,Parsons,Malik Disjohn,Parsons,M,P,M,P,M. Parsons,BURSASPOR BASKETBOL,BUR,M. Parsons,5,,,,,,SUB,in,BURSASPOR BASKETBOL substitution in,,,,,,,,,0,78,1.0,,0,20,0,28
05:25,05:25:00,20,28,-8,1,2,REGULAR,127,L. NNOKO,0,2pt,249,,['pointsinthepaint'],jumpshot,1,35,Landry,Nnoko,Landry,Nnoko,L,N,L,N,L. Nnoko,BURSASPOR BASKETBOL,BUR,L. Nnoko,35,,,15.789999961853,60.0,0.0,P2,missed,BURSASPOR BASKETBOL L. NNOKO 2Pt missed,,,,,,,,,0,78,1.0,def_reb,0,20,0,28
05:22,05:22:00,20,28,-8,2,2,REGULAR,76,C. HOMESLEY,1,rebound,250,249,[],defensive,0,5,Caleb Allen,Homesley,Caleb Allen,Homesley,C,H,C,H,C. Homesley,BAHÇEŞEHİR KOLEJİ,BSK,C. Homesley,5,,,,,,REB,,BAHÇEŞEHİR KOLEJİ rebound defensive,,,,,,,,,0,79,2.0,def_reb,0,20,0,28
05:20,05:20:00,20,28,-8,1,2,REGULAR,133,B. CHILDRESS,1,foul,252,,[],personal,0,0,Brandon Reginald,Childress,Brandon Reginald,Childress,B,C,B,C,B. Childress,BURSASPOR BASKETBOL,BUR,B. Childress,0,,,,,,FOUL,,BURSASPOR BASKETBOL B. CHILDRESS foul personal,,,,,,,,,0,80,1.0,,0,20,0,28
05:20,05:20:00,20,28,-8,2,2,REGULAR,77,M. MITCHELL II,1,foulon,253,252,[],,0,11,Matthew Antonio,Mitchell Ii,Matthew Antonio,Mitchell Ii,M,M,M,M,M. Mitchell Ii,BAHÇEŞEHİR KOLEJİ,BSK,M. Mitchell Ii,11,,,,,,OTHER,,BAHÇEŞEHİR KOLEJİ foulon,,,,,,,,,0,80,1.0,,0,20,0,28
05:13,05:13:00,20,28,-8,2,2,REGULAR,81,M. FLYNN,1,turnover,257,,[],badpass,0,22,Malachi Emmanuel,Flynn,Malachi Emmanuel,Flynn,M,F,M,F,M. Flynn,BAHÇEŞEHİR KOLEJİ,BSK,M. Flynn,22,,,,,,TO,,BAHÇEŞEHİR KOLEJİ M. FLYNN turnover badpass,,,,,,,,,0,80,1.0,turnover,0,20,0,28
05:13,05:13:00,20,28,-8,1,2,REGULAR,133,B. CHILDRESS,1,steal,258,257,[],,0,0,Brandon Reginald,Childress,Brandon Reginald,Childress,B,C,B,C,B. Childress,BURSASPOR BASKETBOL,BUR,B. Childress,0,,,,,,ST,,BURSASPOR BASKETBOL B. CHILDRESS steal,,,,,,,,,0,81,2.0,,0,20,0,28
05:10,05:10:00,22,28,-6,1,2,REGULAR,133,B. CHILDRESS,1,2pt,259,,"['fromturnover', 'pointsinthepaint', 'fastbreak']",layup,1,0,Brandon Reginald,Childress,Brandon Reginald,Childress,B,C,B,C,B. Childress,BURSASPOR BASKETBOL,BUR,B. Childress,0,,,7.0500001907349,62.259998321533,1.0,P2,made,BURSASPOR BASKETBOL B. CHILDRESS 2Pt made,,,,,,,,,2,81,2.0,score,2,22,0,28
04:59,04:59:00,22,28,-6,1,2,REGULAR,144,M. PARSONS,1,foul,261,,['2freethrow'],personal,0,5,Malik Disjohn,Parsons,Malik Disjohn,Parsons,M,P,M,P,M. Parsons,BURSASPOR BASKETBOL,BUR,M. Parsons,5,,,,,,FOUL,,BURSASPOR BASKETBOL M. PARSONS foul personal,,,,,,,,,0,82,1.0,,0,22,0,28
04:59,04:59:00,22,28,-6,2,2,REGULAR,76,C. HOMESLEY,1,foulon,262,261,[],,0,5,Caleb Allen,Homesley,Caleb Allen,Homesley,C,H,C,H,C. Homesley,BAHÇEŞEHİR KOLEJİ,BSK,C. Homesley,5,,,,,,OTHER,,BAHÇEŞEHİR KOLEJİ foulon,,,,,,,,,0,82,1.0,,0,22,0,28
04:59,04:59:00,22,29,-7,2,2,REGULAR,76,C. HOMESLEY,1,freethrow,263,,[],1of2,1,5,Caleb Allen,Homesley,Caleb Allen,Homesley,C,H,C,H,C. Homesley,BAHÇEŞEHİR KOLEJİ,BSK,C. Homesley,5,,,,,,FT,made,BAHÇEŞEHİR KOLEJİ C. HOMESLEY FT 1of2 made,,,,,,,,,1,82,1.0,made_ft,0,22,1,29
04:59,04:59:00,22,30,-8,2,2,REGULAR,76,C. HOMESLEY,1,freethrow,264,,[],2of2,1,5,Caleb Allen,Homesley,Caleb Allen,Homesley,C,H,C,H,C. Homesley,BAHÇEŞEHİR KOLEJİ,BSK,C. Homesley,5,,,,,,FT,made,BAHÇEŞEHİR KOLEJİ C. HOMESLEY FT 2of2 made,,,,,,,,,1,83,2.0,made_ft_last,0,22,1,30
04:33,04:33:00,24,30,-6,1,2,REGULAR,144,M. PARSONS,1,2pt,270,,['pointsinthepaint'],drivinglayup,1,5,Malik Disjohn,Parsons,Malik Disjohn,Parsons,M,P,M,P,M. Parsons,BURSASPOR BASKETBOL,BUR,M. Parsons,5,,,10.170000076294,58.310001373291,1.0,P2,made,BURSASPOR BASKETBOL M. PARSONS 2Pt made,,,,,,,,,2,84,1.0,score,2,24,0,30
04:18,04:18:00,24,30,-6,2,2,REGULAR,80,T. WILLIAMS,0,2pt,271,,[],turnaroundjumpshot,1,50,Trevion Lamon,Williams,Trevion Lamon,Williams,T,W,T,W,T. Williams,BAHÇEŞEHİR KOLEJİ,BSK,T. Williams,50,,,89.580001831055,69.040000915527,0.0,P2,missed,BAHÇEŞEHİR KOLEJİ T. WILLIAMS 2Pt missed,,,,,,,,,0,85,2.0,def_reb,0,24,0,30
04:13,04:13:00,24,30,-6,1,2,REGULAR,127,L. NNOKO,1,rebound,272,271,[],defensive,0,35,Landry,Nnoko,Landry,Nnoko,L,N,L,N,L. Nnoko,BURSASPOR BASKETBOL,BUR,L. Nnoko,35,,,,,,REB,,BURSASPOR BASKETBOL rebound defensive,,,,,,,,,0,86,1.0,def_reb,0,24,0,30
04:11,04:11:00,24,30,-6,2,2,REGULAR,1,I. AKPINAR,1,foul,274,,[],personal,0,33,Ismet,Akpinar,Ismet,Akpinar,I,A,I,A,I. Akpinar,BAHÇEŞEHİR KOLEJİ,BSK,I. Akpinar,33,,,,,,FOUL,,BAHÇEŞEHİR KOLEJİ I. AKPINAR foul personal,,,,,,,,,0,87,2.0,,0,24,0,30
04:11,04:11:00,24,30,-6,1,2,REGULAR,133,B. CHILDRESS,1,foulon,275,274,[],,0,0,Brandon Reginald,Childress,Brandon Reginald,Childress,B,C,B,C,B. Childress,BURSASPOR BASKETBOL,BUR,B. Childress,0,,,,,,OTHER,,BURSASPOR BASKETBOL foulon,,,,,,,,,0,87,2.0,,0,24,0,30
04:09,04:09:00,24,30,-6,1,2,REGULAR,127,L. NNOKO,1,foul,278,,[],offensive,0,35,Landry,Nnoko,Landry,Nnoko,L,N,L,N,L. Nnoko,BURSASPOR BASKETBOL,BUR,L. Nnoko,35,,,,,,RFOUL,,BURSASPOR BASKETBOL L. NNOKO foul offensive,,,,,,,,,0,87,2.0,offensive_foul,0,24,0,30
04:09,04:09:00,24,30,-6,1,2,REGULAR,127,L. NNOKO,1,turnover,279,278,[],offensive,0,35,Landry,Nnoko,Landry,Nnoko,L,N,L,N,L. Nnoko,BURSASPOR BASKETBOL,BUR,L. Nnoko,35,,,,,,TO,,BURSASPOR BASKETBOL L. NNOKO turnover offensive,,,,,,,,,0,88,1.0,turnover,0,24,0,30
04:09,04:09:00,24,30,-6,2,2,REGULAR,77,M. MITCHELL II,1,foulon,280,278,[],,0,11,Matthew Antonio,Mitchell Ii,Matthew Antonio,Mitchell Ii,M,M,M,M,M. Mitchell Ii,BAHÇEŞEHİR KOLEJİ,BSK,M. Mitchell Ii,11,,,,,,OTHER,,BAHÇEŞEHİR KOLEJİ foulon,,,,,,,,,0,89,2.0,,0,24,0,30
03:51,03:51:00,24,30,-6,2,2,REGULAR,76,C. HOMESLEY,1,turnover,282,,[],ballhandling,0,5,Caleb Allen,Homesley,Caleb Allen,Homesley,C,H,C,H,C. Homesley,BAHÇEŞEHİR KOLEJİ,BSK,C. Homesley,5,,,,,,TO,,BAHÇEŞEHİR KOLEJİ C. HOMESLEY turnover ballhandling,,,,,,,,,0,89,2.0,turnover,0,24,0,30
03:51,03:51:00,24,30,-6,1,2,REGULAR,102,B. AKIN,1,steal,283,282,[],,0,11,Berk Can,Akin,Berk Can,Akin,B,A,B,A,B. Akin,BURSASPOR BASKETBOL,BUR,B. Akin,11,,,,,,ST,,BURSASPOR BASKETBOL B. AKIN steal,,,,,,,,,0,90,1.0,,0,24,0,30
03:47,03:47:00,26,30,-4,1,2,REGULAR,144,M. PARSONS,1,2pt,284,,"['fromturnover', 'pointsinthepaint', 'fastbreak']",layup,1,5,Malik Disjohn,Parsons,Malik Disjohn,Parsons,M,P,M,P,M. Parsons,BURSASPOR BASKETBOL,BUR,M. Parsons,5,,,6.7399997711182,60.279998779297,1.0,P2,made,BURSASPOR BASKETBOL M. PARSONS 2Pt made,102.0,1.0,B. AKIN,,,,,,2,90,1.0,score,2,26,0,30
03:47,03:47:00,26,30,-4,1,2,REGULAR,102,B. AKIN,1,assist,286,284,[],,0,11,Berk Can,Akin,Berk Can,Akin,B,A,B,A,B. Akin,BURSASPOR BASKETBOL,BUR,B. Akin,11,,,,,,ASS,,BURSASPOR BASKETBOL B. AKIN assist,,,,,,,,,0,91,2.0,,0,26,0,30
03:46,03:46:00,26,30,-4,2,2,REGULAR,0,,1,timeout,287,,[],full,0,,,,,,,,,,,BAHÇEŞEHİR KOLEJİ,BSK,,,,,,,,TIMEOUT,,BAHÇEŞEHİR KOLEJİ timeout,,,,,,,,,0,91,2.0,,0,26,0,30
03:30,03:30:00,26,33,-7,2,2,REGULAR,1,I. AKPINAR,1,3pt,289,,[],jumpshot,1,33,Ismet,Akpinar,Ismet,Akpinar,I,A,I,A,I. Akpinar,BAHÇEŞEHİR KOLEJİ,BSK,I. Akpinar,33,,,78.809997558594,89.660003662109,1.0,P3,made,BAHÇEŞEHİR KOLEJİ I. AKPINAR 3Pt made,76.0,2.0,C. HOMESLEY,,,,,,3,91,2.0,score,0,26,3,33
03:30,03:30:00,26,33,-7,2,2,REGULAR,76,C. HOMESLEY,1,assist,290,289,[],,0,5,Caleb Allen,Homesley,Caleb Allen,Homesley,C,H,C,H,C. Homesley,BAHÇEŞEHİR KOLEJİ,BSK,C. Homesley,5,,,,,,ASS,,BAHÇEŞEHİR KOLEJİ C. HOMESLEY assist,,,,,,,,,0,92,1.0,,0,26,0,33
03:22,03:22:00,26,33,-7,2,2,REGULAR,1,I. AKPINAR,1,foul,292,,[],personal,0,33,Ismet,Akpinar,Ismet,Akpinar,I,A,I,A,I. Akpinar,BAHÇEŞEHİR KOLEJİ,BSK,I. Akpinar,33,,,,,,FOUL,,BAHÇEŞEHİR KOLEJİ I. AKPINAR foul personal,,,,,,,,,0,92,1.0,,0,26,0,33
03:22,03:22:00,26,33,-7,1,2,REGULAR,133,B. CHILDRESS,1,foulon,293,292,[],,0,0,Brandon Reginald,Childress,Brandon Reginald,Childress,B,C,B,C,B. Childress,BURSASPOR BASKETBOL,BUR,B. Childress,0,,,,,,OTHER,,BURSASPOR BASKETBOL foulon,,,,,,,,,0,92,1.0,,0,26,0,33
03:22,03:22:00,26,33,-7,2,2,REGULAR,76,C. HOMESLEY,1,substitution,294,,[],out,0,5,Caleb Allen,Homesley,Caleb Allen,Homesley,C,H,C,H,C. Homesley,BAHÇEŞEHİR KOLEJİ,BSK,C. Homesley,5,,,,,,SUB,out,BAHÇEŞEHİR KOLEJİ substitution out,,,,,,,,,0,92,1.0,,0,26,0,33
03:22,03:22:00,26,33,-7,2,2,REGULAR,77,M. MITCHELL II,1,substitution,295,,[],out,0,11,Matthew Antonio,Mitchell Ii,Matthew Antonio,Mitchell Ii,M,M,M,M,M. Mitchell Ii,BAHÇEŞEHİR KOLEJİ,BSK,M. Mitchell Ii,11,,,,,,SUB,out,BAHÇEŞEHİR KOLEJİ substitution out,,,,,,,,,0,92,1.0,,0,26,0,33
03:22,03:22:00,26,33,-7,2,2,REGULAR,75,T. CAVANAUGH,1,substitution,296,,[],in,0,34,Tyler Robert,Cavanaugh,Tyler Robert,Cavanaugh,T,C,T,C,T. Cavanaugh,BAHÇEŞEHİR KOLEJİ,BSK,T. Cavanaugh,34,,,,,,SUB,in,BAHÇEŞEHİR KOLEJİ substitution in,,,,,,,,,0,92,1.0,,0,26,0,33
03:22,03:22:00,26,33,-7,2,2,REGULAR,79,H. HALE,1,substitution,297,,[],in,0,77,Hunter Jelaun,Hale,Hunter Jelaun,Hale,H,H,H,H,H. Hale,BAHÇEŞEHİR KOLEJİ,BSK,H. Hale,77,,,,,,SUB,in,BAHÇEŞEHİR KOLEJİ substitution in,,,,,,,,,0,92,1.0,,0,26,0,33
03:03,03:03:00,26,33,-7,1,2,REGULAR,144,M. PARSONS,0,3pt,299,,[],jumpshot,1,5,Malik Disjohn,Parsons,Malik Disjohn,Parsons,M,P,M,P,M. Parsons,BURSASPOR BASKETBOL,BUR,M. Parsons,5,,,27.639999389648,25.819999694824,0.0,P3,missed,BURSASPOR BASKETBOL M. PARSONS 3Pt missed,,,,,,,,,0,92,1.0,def_reb,0,26,0,33
03:01,03:01:00,26,33,-7,2,2,REGULAR,79,H. HALE,1,rebound,300,299,[],defensive,0,77,Hunter Jelaun,Hale,Hunter Jelaun,Hale,H,H,H,H,H. Hale,BAHÇEŞEHİR KOLEJİ,BSK,H. Hale,77,,,,,,REB,,BAHÇEŞEHİR KOLEJİ rebound defensive,,,,,,,,,0,93,2.0,def_reb,0,26,0,33
02:54,02:54:00,26,33,-7,2,2,REGULAR,79,H. HALE,0,2pt,301,,[],pullupjumpshot,1,77,Hunter Jelaun,Hale,Hunter Jelaun,Hale,H,H,H,H,H. Hale,BAHÇEŞEHİR KOLEJİ,BSK,H. Hale,77,,,87.389999389648,26.379999160767,0.0,P2,missed,BAHÇEŞEHİR KOLEJİ H. HALE 2Pt missed,,,,,,,,,0,94,1.0,def_reb,0,26,0,33
02:48,02:48:00,26,33,-7,1,2,REGULAR,102,B. AKIN,1,rebound,302,301,[],defensive,0,11,Berk Can,Akin,Berk Can,Akin,B,A,B,A,B. Akin,BURSASPOR BASKETBOL,BUR,B. Akin,11,,,,,,REB,,BURSASPOR BASKETBOL rebound defensive,,,,,,,,,0,95,2.0,def_reb,0,26,0,33
02:47,02:47:00,26,33,-7,1,2,REGULAR,102,B. AKIN,1,turnover,303,,[],ballhandling,0,11,Berk Can,Akin,Berk Can,Akin,B,A,B,A,B. Akin,BURSASPOR BASKETBOL,BUR,B. Akin,11,,,,,,TO,,BURSASPOR BASKETBOL B. AKIN turnover ballhandling,,,,,,,,,0,96,1.0,turnover,0,26,0,33
02:47,02:47:00,26,33,-7,2,2,REGULAR,81,M. FLYNN,1,steal,304,303,[],,0,22,Malachi Emmanuel,Flynn,Malachi Emmanuel,Flynn,M,F,M,F,M. Flynn,BAHÇEŞEHİR KOLEJİ,BSK,M. Flynn,22,,,,,,ST,,BAHÇEŞEHİR KOLEJİ M. FLYNN steal,,,,,,,,,0,97,2.0,,0,26,0,33
02:37,02:37:00,26,36,-10,2,2,REGULAR,81,M. FLYNN,1,3pt,306,,['fromturnover'],jumpshot,1,22,Malachi Emmanuel,Flynn,Malachi Emmanuel,Flynn,M,F,M,F,M. Flynn,BAHÇEŞEHİR KOLEJİ,BSK,M. Flynn,22,,,76.01000213623,12.539999961853,1.0,P3,made,BAHÇEŞEHİR KOLEJİ M. FLYNN 3Pt made,,,,,,,,,3,97,2.0,score,0,26,3,36
02:23,02:23:00,26,36,-10,1,2,REGULAR,102,B. AKIN,0,3pt,307,,[],jumpshot,1,11,Berk Can,Akin,Berk Can,Akin,B,A,B,A,B. Akin,BURSASPOR BASKETBOL,BUR,B. Akin,11,,,32.009998321533,36.840000152588,0.0,P3,missed,BURSASPOR BASKETBOL B. AKIN 3Pt missed,,,,,,,,,0,98,1.0,def_reb,0,26,0,36
02:20,02:20:00,26,36,-10,2,2,REGULAR,80,T. WILLIAMS,1,rebound,308,307,[],defensive,0,50,Trevion Lamon,Williams,Trevion Lamon,Williams,T,W,T,W,T. Williams,BAHÇEŞEHİR KOLEJİ,BSK,T. Williams,50,,,,,,REB,,BAHÇEŞEHİR KOLEJİ rebound defensive,,,,,,,,,0,99,2.0,def_reb,0,26,0,36
02:02,02:02:00,26,36,-10,2,2,REGULAR,81,M. FLYNN,0,2pt,309,,[],jumpshot,1,22,Malachi Emmanuel,Flynn,Malachi Emmanuel,Flynn,M,F,M,F,M. Flynn,BAHÇEŞEHİR KOLEJİ,BSK,M. Flynn,22,,,76.940002441406,43.049999237061,0.0,P2,missed,BAHÇEŞEHİR KOLEJİ M. FLYNN 2Pt missed,,,,,,,,,0,100,1.0,def_reb,0,26,0,36
01:59,01:59:00,26,36,-10,1,2,REGULAR,102,B. AKIN,1,rebound,310,309,[],defensive,0,11,Berk Can,Akin,Berk Can,Akin,B,A,B,A,B. Akin,BURSASPOR BASKETBOL,BUR,B. Akin,11,,,,,,REB,,BURSASPOR BASKETBOL rebound defensive,,,,,,,,,0,101,2.0,def_reb,0,26,0,36
01:49,01:49:00,28,36,-8,1,2,REGULAR,133,B. CHILDRESS,1,2pt,311,,[],pullupjumpshot,1,0,Brandon Reginald,Childress,Brandon Reginald,Childress,B,C,B,C,B. Childress,BURSASPOR BASKETBOL,BUR,B. Childress,0,,,23.280000686646,71.019996643066,1.0,P2,made,BURSASPOR BASKETBOL B. CHILDRESS 2Pt made,,,,,,,,,2,102,1.0,score,2,28,0,36
01:33,01:33:00,28,36,-8,2,2,REGULAR,80,T. WILLIAMS,0,2pt,312,,"['pointsinthepaint', 'blocked']",layup,1,50,Trevion Lamon,Williams,Trevion Lamon,Williams,T,W,T,W,T. Williams,BAHÇEŞEHİR KOLEJİ,BSK,T. Williams,50,,,93.790000915527,61.130001068115,0.0,P2,missed,BAHÇEŞEHİR KOLEJİ T. WILLIAMS 2Pt missed,,,,127.0,1.0,L. NNOKO,,,0,103,2.0,,0,28,0,36
01:33,01:33:00,28,36,-8,1,2,REGULAR,127,L. NNOKO,1,block,313,312,[],,0,35,Landry,Nnoko,Landry,Nnoko,L,N,L,N,L. Nnoko,BURSASPOR BASKETBOL,BUR,L. Nnoko,35,,,,,,BS,,BURSASPOR BASKETBOL L. NNOKO block,,,,,,,,,0,103,2.0,,0,28,0,36
01:30,01:30:00,28,36,-8,1,2,REGULAR,144,M. PARSONS,1,rebound,314,312,[],defensive,0,5,Malik Disjohn,Parsons,Malik Disjohn,Parsons,M,P,M,P,M. Parsons,BURSASPOR BASKETBOL,BUR,M. Parsons,5,,,,,,REB,,BURSASPOR BASKETBOL rebound defensive,,,,,,,,,0,103,2.0,def_reb,0,28,0,36
01:30,01:30:00,28,36,-8,2,2,REGULAR,75,T. CAVANAUGH,1,foul,316,,"['shooting', '2freethrow']",personal,0,34,Tyler Robert,Cavanaugh,Tyler Robert,Cavanaugh,T,C,T,C,T. Cavanaugh,BAHÇEŞEHİR KOLEJİ,BSK,T. Cavanaugh,34,,,,,,FOUL,,BAHÇEŞEHİR KOLEJİ T. CAVANAUGH foul personal,,,,,,,,,0,104,1.0,,0,28,0,36
01:30,01:30:00,28,36,-8,1,2,REGULAR,144,M. PARSONS,1,foulon,317,316,[],,0,5,Malik Disjohn,Parsons,Malik Disjohn,Parsons,M,P,M,P,M. Parsons,BURSASPOR BASKETBOL,BUR,M. Parsons,5,,,,,,OTHER,,BURSASPOR BASKETBOL foulon,,,,,,,,,0,104,1.0,,0,28,0,36
01:30,01:30:00,28,36,-8,1,2,REGULAR,127,L. NNOKO,1,substitution,318,,[],out,0,35,Landry,Nnoko,Landry,Nnoko,L,N,L,N,L. Nnoko,BURSASPOR BASKETBOL,BUR,L. Nnoko,35,,,,,,SUB,out,BURSASPOR BASKETBOL substitution out,,,,,,,,,0,104,1.0,,0,28,0,36
01:30,01:30:00,28,36,-8,1,2,REGULAR,136,J. DELAURIER,1,substitution,319,,[],in,0,12,Javin Que,Delaurier,Javin Que,Delaurier,J,D,J,D,J. Delaurier,BURSASPOR BASKETBOL,BUR,J. Delaurier,12,,,,,,SUB,in,BURSASPOR BASKETBOL substitution in,,,,,,,,,0,104,1.0,,0,28,0,36
01:30,01:30:00,28,36,-8,2,2,REGULAR,81,M. FLYNN,1,substitution,320,,[],out,0,22,Malachi Emmanuel,Flynn,Malachi Emmanuel,Flynn,M,F,M,F,M. Flynn,BAHÇEŞEHİR KOLEJİ,BSK,M. Flynn,22,,,,,,SUB,out,BAHÇEŞEHİR KOLEJİ substitution out,,,,,,,,,0,104,1.0,,0,28,0,36
01:30,01:30:00,28,36,-8,2,2,REGULAR,1,I. AKPINAR,1,substitution,321,,[],out,0,33,Ismet,Akpinar,Ismet,Akpinar,I,A,I,A,I. Akpinar,BAHÇEŞEHİR KOLEJİ,BSK,I. Akpinar,33,,,,,,SUB,out,BAHÇEŞEHİR KOLEJİ substitution out,,,,,,,,,0,104,1.0,,0,28,0,36
01:30,01:30:00,28,36,-8,2,2,REGULAR,76,C. HOMESLEY,1,substitution,322,,[],in,0,5,Caleb Allen,Homesley,Caleb Allen,Homesley,C,H,C,H,C. Homesley,BAHÇEŞEHİR KOLEJİ,BSK,C. Homesley,5,,,,,,SUB,in,BAHÇEŞEHİR KOLEJİ substitution in,,,,,,,,,0,104,1.0,,0,28,0,36
01:30,01:30:00,28,36,-8,2,2,REGULAR,62,K. SIPAHI,1,substitution,323,,[],in,0,55,Kenan,Sipahi,Kenan,Sipahi,K,S,K,S,K. Sipahi,BAHÇEŞEHİR KOLEJİ,BSK,K. Sipahi,55,,,,,,SUB,in,BAHÇEŞEHİR KOLEJİ substitution in,,,,,,,,,0,104,1.0,,0,28,0,36
01:30,01:30:00,29,36,-7,1,2,REGULAR,144,M. PARSONS,1,freethrow,324,,['fastbreak'],1of2,1,5,Malik Disjohn,Parsons,Malik Disjohn,Parsons,M,P,M,P,M. Parsons,BURSASPOR BASKETBOL,BUR,M. Parsons,5,,,,,,FT,made,BURSASPOR BASKETBOL M. PARSONS FT 1of2 made,,,,,,,,,1,104,1.0,made_ft,1,29,0,36
01:30,01:30:00,30,36,-6,1,2,REGULAR,144,M. PARSONS,1,freethrow,325,,['fastbreak'],2of2,1,5,Malik Disjohn,Parsons,Malik Disjohn,Parsons,M,P,M,P,M. Parsons,BURSASPOR BASKETBOL,BUR,M. Parsons,5,,,,,,FT,made,BURSASPOR BASKETBOL M. PARSONS FT 2of2 made,,,,,,,,,1,105,2.0,made_ft_last,1,30,0,36
01:21,01:21:00,30,36,-6,1,2,REGULAR,136,J. DELAURIER,1,foul,328,,['2freethrow'],personal,0,12,Javin Que,Delaurier,Javin Que,Delaurier,J,D,J,D,J. Delaurier,BURSASPOR BASKETBOL,BUR,J. Delaurier,12,,,,,,FOUL,,BURSASPOR BASKETBOL J. DELAURIER foul personal,,,,,,,,,0,106,1.0,,0,30,0,36
01:21,01:21:00,30,36,-6,2,2,REGULAR,80,T. WILLIAMS,1,foulon,329,328,[],,0,50,Trevion Lamon,Williams,Trevion Lamon,Williams,T,W,T,W,T. Williams,BAHÇEŞEHİR KOLEJİ,BSK,T. Williams,50,,,,,,OTHER,,BAHÇEŞEHİR KOLEJİ foulon,,,,,,,,,0,106,1.0,,0,30,0,36
01:21,01:21:00,30,36,-6,1,2,REGULAR,102,B. AKIN,1,substitution,330,,[],out,0,11,Berk Can,Akin,Berk Can,Akin,B,A,B,A,B. Akin,BURSASPOR BASKETBOL,BUR,B. Akin,11,,,,,,SUB,out,BURSASPOR BASKETBOL substitution out,,,,,,,,,0,106,1.0,,0,30,0,36
01:21,01:21:00,30,36,-6,1,2,REGULAR,135,A. KONONTSUK,1,substitution,331,,[],out,0,34,Artur,Konontsuk,Artur,Konontsuk,A,K,A,K,A. Konontsuk,BURSASPOR BASKETBOL,BUR,A. Konontsuk,34,,,,,,SUB,out,BURSASPOR BASKETBOL substitution out,,,,,,,,,0,106,1.0,,0,30,0,36
01:21,01:21:00,30,36,-6,1,2,REGULAR,4,Y. ONAR,1,substitution,332,,[],in,0,14,Yesukan,Onar,Yesukan,Onar,Y,O,Y,O,Y. Onar,BURSASPOR BASKETBOL,BUR,Y. Onar,14,,,,,,SUB,in,BURSASPOR BASKETBOL substitution in,,,,,,,,,0,106,1.0,,0,30,0,36
01:21,01:21:00,30,36,-6,1,2,REGULAR,134,V. KING,1,substitution,333,,[],in,0,22,Vincent Earl,King,Vincent Earl,King,V,K,V,K,V. King,BURSASPOR BASKETBOL,BUR,V. King,22,,,,,,SUB,in,BURSASPOR BASKETBOL substitution in,,,,,,,,,0,106,1.0,,0,30,0,36
01:21,01:21:00,30,37,-7,2,2,REGULAR,80,T. WILLIAMS,1,freethrow,334,,[],1of2,1,50,Trevion Lamon,Williams,Trevion Lamon,Williams,T,W,T,W,T. Williams,BAHÇEŞEHİR KOLEJİ,BSK,T. Williams,50,,,,,,FT,made,BAHÇEŞEHİR KOLEJİ T. WILLIAMS FT 1of2 made,,,,,,,,,1,106,1.0,made_ft,0,30,1,37
01:21,01:21:00,30,38,-8,2,2,REGULAR,80,T. WILLIAMS,1,freethrow,335,,[],2of2,1,50,Trevion Lamon,Williams,Trevion Lamon,Williams,T,W,T,W,T. Williams,BAHÇEŞEHİR KOLEJİ,BSK,T. Williams,50,,,,,,FT,made,BAHÇEŞEHİR KOLEJİ T. WILLIAMS FT 2of2 made,,,,,,,,,1,107,2.0,made_ft_last,0,30,1,38
01:06,01:06:00,32,38,-6,1,2,REGULAR,136,J. DELAURIER,1,2pt,337,,['pointsinthepaint'],layup,1,12,Javin Que,Delaurier,Javin Que,Delaurier,J,D,J,D,J. Delaurier,BURSASPOR BASKETBOL,BUR,J. Delaurier,12,,,7.6799998283386,63.950000762939,1.0,P2,made,BURSASPOR BASKETBOL J. DELAURIER 2Pt made,133.0,1.0,B. CHILDRESS,,,,,,2,108,1.0,score,2,32,0,38
01:06,01:06:00,32,38,-6,1,2,REGULAR,133,B. CHILDRESS,1,assist,338,337,[],,0,0,Brandon Reginald,Childress,Brandon Reginald,Childress,B,C,B,C,B. Childress,BURSASPOR BASKETBOL,BUR,B. Childress,0,,,,,,ASS,,BURSASPOR BASKETBOL B. CHILDRESS assist,,,,,,,,,0,109,2.0,,0,32,0,38
00:49,00:49:40,32,38,-6,1,2,REGULAR,144,M. PARSONS,1,foul,345,,"['shooting', '2freethrow']",personal,0,5,Malik Disjohn,Parsons,Malik Disjohn,Parsons,M,P,M,P,M. Parsons,BURSASPOR BASKETBOL,BUR,M. Parsons,5,,,,,,FOUL,,BURSASPOR BASKETBOL M. PARSONS foul personal,,,,,,,,,0,109,2.0,,0,32,0,38
00:49,00:49:40,32,38,-6,2,2,REGULAR,80,T. WILLIAMS,1,foulon,346,345,[],,0,50,Trevion Lamon,Williams,Trevion Lamon,Williams,T,W,T,W,T. Williams,BAHÇEŞEHİR KOLEJİ,BSK,T. Williams,50,,,,,,OTHER,,BAHÇEŞEHİR KOLEJİ foulon,,,,,,,,,0,109,2.0,,0,32,0,38
00:49,00:49:40,32,38,-6,2,2,REGULAR,80,T. WILLIAMS,0,freethrow,347,,[],1of2,1,50,Trevion Lamon,Williams,Trevion Lamon,Williams,T,W,T,W,T. Williams,BAHÇEŞEHİR KOLEJİ,BSK,T. Williams,50,,,,,,FT,missed,BAHÇEŞEHİR KOLEJİ T. WILLIAMS FT 1of2 missed,,,,,,,,,0,109,2.0,def_reb,0,32,0,38
00:49,00:49:40,32,38,-6,2,2,REGULAR,0,,1,rebound,348,347,[],offensivedeadball,0,,,,,,,,,,,BAHÇEŞEHİR KOLEJİ,BSK,,,,,,,,TREB,,BAHÇEŞEHİR KOLEJİ team rebound offensivedeadball,,,,,,,,,0,110,1.0,def_reb,0,32,0,38
00:49,00:49:40,32,38,-6,2,2,REGULAR,80,T. WILLIAMS,0,freethrow,349,,[],2of2,1,50,Trevion Lamon,Williams,Trevion Lamon,Williams,T,W,T,W,T. Williams,BAHÇEŞEHİR KOLEJİ,BSK,T. Williams,50,,,,,,FT,missed,BAHÇEŞEHİR KOLEJİ T. WILLIAMS FT 2of2 missed,,,,,,,,,0,111,2.0,def_reb,0,32,0,38
00:48,00:48:20,32,38,-6,1,2,REGULAR,0,,1,rebound,351,349,['team'],defensive,0,,,,,,,,,,,BURSASPOR BASKETBOL,BUR,,,,,,,,TREB,,BURSASPOR BASKETBOL team rebound defensive,,,,,,,,,0,112,1.0,def_reb,0,32,0,38
00:38,00:38:70,35,38,-3,1,2,REGULAR,144,M. PARSONS,1,3pt,354,,[],jumpshot,1,5,Malik Disjohn,Parsons,Malik Disjohn,Parsons,M,P,M,P,M. Parsons,BURSASPOR BASKETBOL,BUR,M. Parsons,5,,,26.079999923706,89.660003662109,1.0,P3,made,BURSASPOR BASKETBOL M. PARSONS 3Pt made,4.0,1.0,Y. ONAR,,,,,,3,113,2.0,score,3,35,0,38
00:38,00:38:70,35,38,-3,1,2,REGULAR,4,Y. ONAR,1,assist,355,354,[],,0,14,Yesukan,Onar,Yesukan,Onar,Y,O,Y,O,Y. Onar,BURSASPOR BASKETBOL,BUR,Y. Onar,14,,,,,,ASS,,BURSASPOR BASKETBOL Y. ONAR assist,,,,,,,,,0,114,1.0,,0,35,0,38
00:17,00:17:40,35,38,-3,2,2,REGULAR,80,T. WILLIAMS,1,turnover,356,,[],badpass,0,50,Trevion Lamon,Williams,Trevion Lamon,Williams,T,W,T,W,T. Williams,BAHÇEŞEHİR KOLEJİ,BSK,T. Williams,50,,,,,,TO,,BAHÇEŞEHİR KOLEJİ T. WILLIAMS turnover badpass,,,,,,,,,0,114,1.0,turnover,0,35,0,38
00:17,00:17:40,35,38,-3,1,2,REGULAR,133,B. CHILDRESS,1,steal,357,356,[],,0,0,Brandon Reginald,Childress,Brandon Reginald,Childress,B,C,B,C,B. Childress,BURSASPOR BASKETBOL,BUR,B. Childress,0,,,,,,ST,,BURSASPOR BASKETBOL B. CHILDRESS steal,,,,,,,,,0,115,2.0,,0,35,0,38
00:03,00:03:50,37,38,-1,1,2,REGULAR,133,B. CHILDRESS,1,2pt,359,,['fromturnover'],jumpshot,1,0,Brandon Reginald,Childress,Brandon Reginald,Childress,B,C,B,C,B. Childress,BURSASPOR BASKETBOL,BUR,B. Childress,0,,,19.530000686646,71.860000610352,1.0,P2,made,BURSASPOR BASKETBOL B. CHILDRESS 2Pt made,,,,,,,,,2,115,2.0,score,2,37,0,38
00:00,00:00:00,37,38,-1,0,2,REGULAR,0,,1,period,362,,['confirmed'],end,0,,,,,,,,,,,,,,,,,,,,OTHER,,period end,,,,,,,,,0,116,1.0,,0,37,0,38
10:00,10:00:00,37,38,-1,1,3,REGULAR,136,J. DELAURIER,1,substitution,363,,[],out,0,12,Javin Que,Delaurier,Javin Que,Delaurier,J,D,J,D,J. Delaurier,BURSASPOR BASKETBOL,BUR,J. Delaurier,12,,,,,,SUB,out,BURSASPOR BASKETBOL substitution out,,,,,,,,,0,116,1.0,,0,37,0,38
10:00,10:00:00,37,38,-1,1,3,REGULAR,127,L. NNOKO,1,substitution,364,,[],in,0,35,Landry,Nnoko,Landry,Nnoko,L,N,L,N,L. Nnoko,BURSASPOR BASKETBOL,BUR,L. Nnoko,35,,,,,,SUB,in,BURSASPOR BASKETBOL substitution in,,,,,,,,,0,116,1.0,,0,37,0,38
10:00,10:00:00,37,38,-1,2,3,REGULAR,76,C. HOMESLEY,1,substitution,365,,[],out,0,5,Caleb Allen,Homesley,Caleb Allen,Homesley,C,H,C,H,C. Homesley,BAHÇEŞEHİR KOLEJİ,BSK,C. Homesley,5,,,,,,SUB,out,BAHÇEŞEHİR KOLEJİ substitution out,,,,,,,,,0,116,1.0,,0,37,0,38
10:00,10:00:00,37,38,-1,2,3,REGULAR,80,T. WILLIAMS,1,substitution,366,,[],out,0,50,Trevion Lamon,Williams,Trevion Lamon,Williams,T,W,T,W,T. Williams,BAHÇEŞEHİR KOLEJİ,BSK,T. Williams,50,,,,,,SUB,out,BAHÇEŞEHİR KOLEJİ substitution out,,,,,,,,,0,116,1.0,,0,37,0,38
10:00,10:00:00,37,38,-1,2,3,REGULAR,62,K. SIPAHI,1,substitution,367,,[],out,0,55,Kenan,Sipahi,Kenan,Sipahi,K,S,K,S,K. Sipahi,BAHÇEŞEHİR KOLEJİ,BSK,K. Sipahi,55,,,,,,SUB,out,BAHÇEŞEHİR KOLEJİ substitution out,,,,,,,,,0,116,1.0,,0,37,0,38
10:00,10:00:00,37,38,-1,2,3,REGULAR,78,B. KOPRIVICA,1,substitution,368,,[],in,0,8,Balsa,Koprivica,Balsa,Koprivica,B,K,B,K,B. Koprivica,BAHÇEŞEHİR KOLEJİ,BSK,B. Koprivica,8,,,,,,SUB,in,BAHÇEŞEHİR KOLEJİ substitution in,,,,,,,,,0,116,1.0,,0,37,0,38
10:00,10:00:00,37,38,-1,2,3,REGULAR,81,M. FLYNN,1,substitution,369,,[],in,0,22,Malachi Emmanuel,Flynn,Malachi Emmanuel,Flynn,M,F,M,F,M. Flynn,BAHÇEŞEHİR KOLEJİ,BSK,M. Flynn,22,,,,,,SUB,in,BAHÇEŞEHİR KOLEJİ substitution in,,,,,,,,,0,116,1.0,,0,37,0,38
10:00,10:00:00,37,38,-1,2,3,REGULAR,1,I. AKPINAR,1,substitution,370,,[],in,0,33,Ismet,Akpinar,Ismet,Akpinar,I,A,I,A,I. Akpinar,BAHÇEŞEHİR KOLEJİ,BSK,I. Akpinar,33,,,,,,SUB,in,BAHÇEŞEHİR KOLEJİ substitution in,,,,,,,,,0,116,1.0,,0,37,0,38
10:00,10:00:00,37,38,-1,0,3,REGULAR,0,,1,period,371,,[],start,0,,,,,,,,,,,,,,,,,,,,OTHER,,period start,,,,,,,,,0,116,1.0,,0,37,0,38
09:43,09:43:00,37,38,-1,2,3,REGULAR,79,H. HALE,1,turnover,374,,[],badpass,0,77,Hunter Jelaun,Hale,Hunter Jelaun,Hale,H,H,H,H,H. Hale,BAHÇEŞEHİR KOLEJİ,BSK,H. Hale,77,,,,,,TO,,BAHÇEŞEHİR KOLEJİ H. HALE turnover badpass,,,,,,,,,0,116,1.0,turnover,0,37,0,38
09:43,09:43:00,37,38,-1,2,3,REGULAR,78,B. KOPRIVICA,1,foul,375,,[],personal,0,8,Balsa,Koprivica,Balsa,Koprivica,B,K,B,K,B. Koprivica,BAHÇEŞEHİR KOLEJİ,BSK,B. Koprivica,8,,,,,,FOUL,,BAHÇEŞEHİR KOLEJİ B. KOPRIVICA foul personal,,,,,,,,,0,117,2.0,,0,37,0,38
09:43,09:43:00,37,38,-1,1,3,REGULAR,134,V. KING,1,foulon,376,375,[],,0,22,Vincent Earl,King,Vincent Earl,King,V,K,V,K,V. King,BURSASPOR BASKETBOL,BUR,V. King,22,,,,,,OTHER,,BURSASPOR BASKETBOL foulon,,,,,,,,,0,117,2.0,,0,37,0,38
09:25,09:25:00,37,38,-1,1,3,REGULAR,134,V. KING,0,2pt,378,,"['fromturnover', 'pointsinthepaint']",layup,1,22,Vincent Earl,King,Vincent Earl,King,V,K,V,K,V. King,BURSASPOR BASKETBOL,BUR,V. King,22,,,95.51000213623,36.840000152588,0.0,P2,missed,BURSASPOR BASKETBOL V. KING 2Pt missed,,,,,,,,,0,117,2.0,def_reb,0,37,0,38
09:23,09:23:00,37,38,-1,2,3,REGULAR,79,H. HALE,1,rebound,379,378,[],defensive,0,77,Hunter Jelaun,Hale,Hunter Jelaun,Hale,H,H,H,H,H. Hale,BAHÇEŞEHİR KOLEJİ,BSK,H. Hale,77,,,,,,REB,,BAHÇEŞEHİR KOLEJİ rebound defensive,,,,,,,,,0,118,1.0,def_reb,0,37,0,38
09:11,09:11:00,37,38,-1,2,3,REGULAR,1,I. AKPINAR,1,turnover,381,,[],badpass,0,33,Ismet,Akpinar,Ismet,Akpinar,I,A,I,A,I. Akpinar,BAHÇEŞEHİR KOLEJİ,BSK,I. Akpinar,33,,,,,,TO,,BAHÇEŞEHİR KOLEJİ I. AKPINAR turnover badpass,,,,,,,,,0,119,2.0,turnover,0,37,0,38
09:11,09:11:00,37,38,-1,1,3,REGULAR,133,B. CHILDRESS,1,steal,382,381,[],,0,0,Brandon Reginald,Childress,Brandon Reginald,Childress,B,C,B,C,B. Childress,BURSASPOR BASKETBOL,BUR,B. Childress,0,,,,,,ST,,BURSASPOR BASKETBOL B. CHILDRESS steal,,,,,,,,,0,120,1.0,,0,37,0,38
08:52,08:52:00,37,38,-1,2,3,REGULAR,75,T. CAVANAUGH,1,foul,386,,"['shooting', '2freethrow']",personal,0,34,Tyler Robert,Cavanaugh,Tyler Robert,Cavanaugh,T,C,T,C,T. Cavanaugh,BAHÇEŞEHİR KOLEJİ,BSK,T. Cavanaugh,34,,,,,,FOUL,,BAHÇEŞEHİR KOLEJİ T. CAVANAUGH foul personal,,,,,,,,,0,120,1.0,,0,37,0,38
08:52,08:52:00,37,38,-1,1,3,REGULAR,133,B. CHILDRESS,1,foulon,387,386,[],,0,0,Brandon Reginald,Childress,Brandon Reginald,Childress,B,C,B,C,B. Childress,BURSASPOR BASKETBOL,BUR,B. Childress,0,,,,,,OTHER,,BURSASPOR BASKETBOL foulon,,,,,,,,,0,120,1.0,,0,37,0,38
08:52,08:52:00,38,38,0,1,3,REGULAR,133,B. CHILDRESS,1,freethrow,388,,['fromturnover'],1of2,1,0,Brandon Reginald,Childress,Brandon Reginald,Childress,B,C,B,C,B. Childress,BURSASPOR BASKETBOL,BUR,B. Childress,0,,,,,,FT,made,BURSASPOR BASKETBOL B. CHILDRESS FT 1of2 made,,,,,,,,,1,120,1.0,made_ft,1,38,0,38
08:52,08:52:00,39,38,1,1,3,REGULAR,133,B. CHILDRESS,1,freethrow,389,,['fromturnover'],2of2,1,0,Brandon Reginald,Childress,Brandon Reginald,Childress,B,C,B,C,B. Childress,BURSASPOR BASKETBOL,BUR,B. Childress,0,,,,,,FT,made,BURSASPOR BASKETBOL B. CHILDRESS FT 2of2 made,,,,,,,,,1,121,2.0,made_ft_last,1,39,0,38
08:41,08:41:00,39,38,1,2,3,REGULAR,78,B. KOPRIVICA,1,turnover,392,,[],badpass,0,8,Balsa,Koprivica,Balsa,Koprivica,B,K,B,K,B. Koprivica,BAHÇEŞEHİR KOLEJİ,BSK,B. Koprivica,8,,,,,,TO,,BAHÇEŞEHİR KOLEJİ B. KOPRIVICA turnover badpass,,,,,,,,,0,122,1.0,turnover,0,39,0,38
08:40,08:40:00,39,38,1,2,3,REGULAR,78,B. KOPRIVICA,1,substitution,395,,[],out,0,8,Balsa,Koprivica,Balsa,Koprivica,B,K,B,K,B. Koprivica,BAHÇEŞEHİR KOLEJİ,BSK,B. Koprivica,8,,,,,,SUB,out,BAHÇEŞEHİR KOLEJİ substitution out,,,,,,,,,0,123,2.0,,0,39,0,38
08:40,08:40:00,39,38,1,2,3,REGULAR,80,T. WILLIAMS,1,substitution,396,,[],in,0,50,Trevion Lamon,Williams,Trevion Lamon,Williams,T,W,T,W,T. Williams,BAHÇEŞEHİR KOLEJİ,BSK,T. Williams,50,,,,,,SUB,in,BAHÇEŞEHİR KOLEJİ substitution in,,,,,,,,,0,123,2.0,,0,39,0,38
08:16,08:16:00,41,38,3,1,3,REGULAR,127,L. NNOKO,1,2pt,398,,"['fromturnover', 'pointsinthepaint']",jumpshot,1,35,Landry,Nnoko,Landry,Nnoko,L,N,L,N,L. Nnoko,BURSASPOR BASKETBOL,BUR,L. Nnoko,35,,,87.860000610352,55.479999542236,1.0,P2,made,BURSASPOR BASKETBOL L. NNOKO 2Pt made,144.0,1.0,M. PARSONS,,,,,,2,123,2.0,score,2,41,0,38
08:16,08:16:00,41,38,3,1,3,REGULAR,144,M. PARSONS,1,assist,399,398,[],,0,5,Malik Disjohn,Parsons,Malik Disjohn,Parsons,M,P,M,P,M. Parsons,BURSASPOR BASKETBOL,BUR,M. Parsons,5,,,,,,ASS,,BURSASPOR BASKETBOL M. PARSONS assist,,,,,,,,,0,124,1.0,,0,41,0,38
07:59,07:59:00,41,38,3,1,3,REGULAR,4,Y. ONAR,1,foul,401,,[],personal,0,14,Yesukan,Onar,Yesukan,Onar,Y,O,Y,O,Y. Onar,BURSASPOR BASKETBOL,BUR,Y. Onar,14,,,,,,FOUL,,BURSASPOR BASKETBOL Y. ONAR foul personal,,,,,,,,,0,124,1.0,,0,41,0,38
07:59,07:59:00,41,38,3,2,3,REGULAR,75,T. CAVANAUGH,1,foulon,402,401,[],,0,34,Tyler Robert,Cavanaugh,Tyler Robert,Cavanaugh,T,C,T,C,T. Cavanaugh,BAHÇEŞEHİR KOLEJİ,BSK,T. Cavanaugh,34,,,,,,OTHER,,BAHÇEŞEHİR KOLEJİ foulon,,,,,,,,,0,124,1.0,,0,41,0,38
07:53,07:53:00,41,41,0,2,3,REGULAR,81,M. FLYNN,1,3pt,404,,[],jumpshot,1,22,Malachi Emmanuel,Flynn,Malachi Emmanuel,Flynn,M,F,M,F,M. Flynn,BAHÇEŞEHİR KOLEJİ,BSK,M. Flynn,22,,,28.110000610352,22.709999084473,1.0,P3,made,BAHÇEŞEHİR KOLEJİ M. FLYNN 3Pt made,75.0,2.0,T. CAVANAUGH,,,,,,3,124,1.0,score,0,41,3,41
07:53,07:53:00,41,41,0,2,3,REGULAR,75,T. CAVANAUGH,1,assist,405,404,[],,0,34,Tyler Robert,Cavanaugh,Tyler Robert,Cavanaugh,T,C,T,C,T. Cavanaugh,BAHÇEŞEHİR KOLEJİ,BSK,T. Cavanaugh,34,,,,,,ASS,,BAHÇEŞEHİR KOLEJİ T. CAVANAUGH assist,,,,,,,,,0,125,2.0,,0,41,0,41
07:26,07:26:00,41,41,0,1,3,REGULAR,133,B. CHILDRESS,1,turnover,407,,[],travel,0,0,Brandon Reginald,Childress,Brandon Reginald,Childress,B,C,B,C,B. Childress,BURSASPOR BASKETBOL,BUR,B. Childress,0,,,,,,TO,,BURSASPOR BASKETBOL B. CHILDRESS turnover travel,,,,,,,,,0,125,2.0,turnover,0,41,0,41
07:19,07:19:00,41,41,0,2,3,REGULAR,81,M. FLYNN,1,turnover,410,,[],ballhandling,0,22,Malachi Emmanuel,Flynn,Malachi Emmanuel,Flynn,M,F,M,F,M. Flynn,BAHÇEŞEHİR KOLEJİ,BSK,M. Flynn,22,,,,,,TO,,BAHÇEŞEHİR KOLEJİ M. FLYNN turnover ballhandling,,,,,,,,,0,126,1.0,turnover,0,41,0,41
06:58,06:58:00,41,41,0,1,3,REGULAR,4,Y. ONAR,0,2pt,412,,['fromturnover'],turnaroundjumpshot,1,14,Yesukan,Onar,Yesukan,Onar,Y,O,Y,O,Y. Onar,BURSASPOR BASKETBOL,BUR,Y. Onar,14,,,93.169998168945,23.280000686646,0.0,P2,missed,BURSASPOR BASKETBOL Y. ONAR 2Pt missed,,,,,,,,,0,127,2.0,def_reb,0,41,0,41
06:55,06:55:00,41,41,0,2,3,REGULAR,80,T. WILLIAMS,1,rebound,413,412,[],defensive,0,50,Trevion Lamon,Williams,Trevion Lamon,Williams,T,W,T,W,T. Williams,BAHÇEŞEHİR KOLEJİ,BSK,T. Williams,50,,,,,,REB,,BAHÇEŞEHİR KOLEJİ rebound defensive,,,,,,,,,0,128,1.0,def_reb,0,41,0,41
06:49,06:49:00,41,41,0,1,3,REGULAR,4,Y. ONAR,1,foul,415,,"['shooting', '2freethrow']",personal,0,14,Yesukan,Onar,Yesukan,Onar,Y,O,Y,O,Y. Onar,BURSASPOR BASKETBOL,BUR,Y. Onar,14,,,,,,FOUL,,BURSASPOR BASKETBOL Y. ONAR foul personal,,,,,,,,,0,129,2.0,,0,41,0,41
06:49,06:49:00,41,41,0,2,3,REGULAR,75,T. CAVANAUGH,1,foulon,416,415,[],,0,34,Tyler Robert,Cavanaugh,Tyler Robert,Cavanaugh,T,C,T,C,T. Cavanaugh,BAHÇEŞEHİR KOLEJİ,BSK,T. Cavanaugh,34,,,,,,OTHER,,BAHÇEŞEHİR KOLEJİ foulon,,,,,,,,,0,129,2.0,,0,41,0,41
06:49,06:49:00,41,41,0,1,3,REGULAR,4,Y. ONAR,1,substitution,417,,[],out,0,14,Yesukan,Onar,Yesukan,Onar,Y,O,Y,O,Y. Onar,BURSASPOR BASKETBOL,BUR,Y. Onar,14,,,,,,SUB,out,BURSASPOR BASKETBOL substitution out,,,,,,,,,0,129,2.0,,0,41,0,41
06:49,06:49:00,41,41,0,1,3,REGULAR,134,V. KING,1,substitution,418,,[],out,0,22,Vincent Earl,King,Vincent Earl,King,V,K,V,K,V. King,BURSASPOR BASKETBOL,BUR,V. King,22,,,,,,SUB,out,BURSASPOR BASKETBOL substitution out,,,,,,,,,0,129,2.0,,0,41,0,41
06:49,06:49:00,41,41,0,1,3,REGULAR,102,B. AKIN,1,substitution,419,,[],in,0,11,Berk Can,Akin,Berk Can,Akin,B,A,B,A,B. Akin,BURSASPOR BASKETBOL,BUR,B. Akin,11,,,,,,SUB,in,BURSASPOR BASKETBOL substitution in,,,,,,,,,0,129,2.0,,0,41,0,41
06:49,06:49:00,41,41,0,1,3,REGULAR,135,A. KONONTSUK,1,substitution,420,,[],in,0,34,Artur,Konontsuk,Artur,Konontsuk,A,K,A,K,A. Konontsuk,BURSASPOR BASKETBOL,BUR,A. Konontsuk,34,,,,,,SUB,in,BURSASPOR BASKETBOL substitution in,,,,,,,,,0,129,2.0,,0,41,0,41
06:49,06:49:00,41,42,-1,2,3,REGULAR,75,T. CAVANAUGH,1,freethrow,421,,[],1of2,1,34,Tyler Robert,Cavanaugh,Tyler Robert,Cavanaugh,T,C,T,C,T. Cavanaugh,BAHÇEŞEHİR KOLEJİ,BSK,T. Cavanaugh,34,,,,,,FT,made,BAHÇEŞEHİR KOLEJİ T. CAVANAUGH FT 1of2 made,,,,,,,,,1,129,2.0,made_ft,0,41,1,42
06:49,06:49:00,41,43,-2,2,3,REGULAR,75,T. CAVANAUGH,1,freethrow,422,,[],2of2,1,34,Tyler Robert,Cavanaugh,Tyler Robert,Cavanaugh,T,C,T,C,T. Cavanaugh,BAHÇEŞEHİR KOLEJİ,BSK,T. Cavanaugh,34,,,,,,FT,made,BAHÇEŞEHİR KOLEJİ T. CAVANAUGH FT 2of2 made,,,,,,,,,1,130,1.0,made_ft_last,0,41,1,43
06:36,06:36:00,43,43,0,1,3,REGULAR,127,L. NNOKO,1,2pt,425,,['pointsinthepaint'],jumpshot,1,35,Landry,Nnoko,Landry,Nnoko,L,N,L,N,L. Nnoko,BURSASPOR BASKETBOL,BUR,L. Nnoko,35,,,92.389999389648,60.849998474121,1.0,P2,made,BURSASPOR BASKETBOL L. NNOKO 2Pt made,135.0,1.0,A. KONONTSUK,,,,,,2,131,2.0,score,2,43,0,43
06:36,06:36:00,43,43,0,1,3,REGULAR,135,A. KONONTSUK,1,assist,426,425,[],,0,34,Artur,Konontsuk,Artur,Konontsuk,A,K,A,K,A. Konontsuk,BURSASPOR BASKETBOL,BUR,A. Konontsuk,34,,,,,,ASS,,BURSASPOR BASKETBOL A. KONONTSUK assist,,,,,,,,,0,132,1.0,,0,43,0,43
06:36,06:36:00,43,43,0,2,3,REGULAR,80,T. WILLIAMS,1,foul,427,,"['shooting', '1freethrow']",personal,0,50,Trevion Lamon,Williams,Trevion Lamon,Williams,T,W,T,W,T. Williams,BAHÇEŞEHİR KOLEJİ,BSK,T. Williams,50,,,,,,FOUL,,BAHÇEŞEHİR KOLEJİ T. WILLIAMS foul personal,,,,,,,,,0,132,1.0,,0,43,0,43
06:36,06:36:00,43,43,0,1,3,REGULAR,127,L. NNOKO,1,foulon,428,427,[],,0,35,Landry,Nnoko,Landry,Nnoko,L,N,L,N,L. Nnoko,BURSASPOR BASKETBOL,BUR,L. Nnoko,35,,,,,,OTHER,,BURSASPOR BASKETBOL foulon,,,,,,,,,0,132,1.0,,0,43,0,43
06:36,06:36:00,43,43,0,1,3,REGULAR,127,L. NNOKO,0,freethrow,429,,[],1of1,1,35,Landry,Nnoko,Landry,Nnoko,L,N,L,N,L. Nnoko,BURSASPOR BASKETBOL,BUR,L. Nnoko,35,,,,,,FT,missed,BURSASPOR BASKETBOL L. NNOKO FT 1of1 missed,,,,,,,,,0,132,1.0,def_reb,0,43,0,43
06:36,06:36:00,43,43,0,2,3,REGULAR,80,T. WILLIAMS,1,rebound,431,429,[],defensive,0,50,Trevion Lamon,Williams,Trevion Lamon,Williams,T,W,T,W,T. Williams,BAHÇEŞEHİR KOLEJİ,BSK,T. Williams,50,,,,,,REB,,BAHÇEŞEHİR KOLEJİ rebound defensive,,,,,,,,,0,133,2.0,def_reb,0,43,0,43
06:25,06:25:00,43,43,0,2,3,REGULAR,81,M. FLYNN,0,2pt,432,,['pointsinthepaint'],layup,1,22,Malachi Emmanuel,Flynn,Malachi Emmanuel,Flynn,M,F,M,F,M. Flynn,BAHÇEŞEHİR KOLEJİ,BSK,M. Flynn,22,,,12.670000076294,61.409999847412,0.0,P2,missed,BAHÇEŞEHİR KOLEJİ M. FLYNN 2Pt missed,,,,,,,,,0,134,1.0,def_reb,0,43,0,43
06:21,06:21:00,43,43,0,1,3,REGULAR,127,L. NNOKO,1,rebound,433,432,[],defensive,0,35,Landry,Nnoko,Landry,Nnoko,L,N,L,N,L. Nnoko,BURSASPOR BASKETBOL,BUR,L. Nnoko,35,,,,,,REB,,BURSASPOR BASKETBOL rebound defensive,,,,,,,,,0,135,2.0,def_reb,0,43,0,43
06:18,06:18:00,46,43,3,1,3,REGULAR,144,M. PARSONS,1,3pt,434,,['fastbreak'],jumpshot,1,5,Malik Disjohn,Parsons,Malik Disjohn,Parsons,M,P,M,P,M. Parsons,BURSASPOR BASKETBOL,BUR,M. Parsons,5,,,84.430000305176,6.6100001335144,1.0,P3,made,BURSASPOR BASKETBOL M. PARSONS 3Pt made,133.0,1.0,B. CHILDRESS,,,,,,3,136,1.0,score,3,46,0,43
06:18,06:18:00,46,43,3,1,3,REGULAR,133,B. CHILDRESS,1,assist,436,434,[],,0,0,Brandon Reginald,Childress,Brandon Reginald,Childress,B,C,B,C,B. Childress,BURSASPOR BASKETBOL,BUR,B. Childress,0,,,,,,ASS,,BURSASPOR BASKETBOL B. CHILDRESS assist,,,,,,,,,0,137,2.0,,0,46,0,43
06:16,06:16:00,46,43,3,2,3,REGULAR,0,,1,timeout,437,,[],full,0,,,,,,,,,,,BAHÇEŞEHİR KOLEJİ,BSK,,,,,,,,TIMEOUT,,BAHÇEŞEHİR KOLEJİ timeout,,,,,,,,,0,137,2.0,,0,46,0,43
06:16,06:16:00,46,43,3,2,3,REGULAR,79,H. HALE,1,substitution,438,,[],out,0,77,Hunter Jelaun,Hale,Hunter Jelaun,Hale,H,H,H,H,H. Hale,BAHÇEŞEHİR KOLEJİ,BSK,H. Hale,77,,,,,,SUB,out,BAHÇEŞEHİR KOLEJİ substitution out,,,,,,,,,0,137,2.0,,0,46,0,43
06:16,06:16:00,46,43,3,2,3,REGULAR,76,C. HOMESLEY,1,substitution,439,,[],in,0,5,Caleb Allen,Homesley,Caleb Allen,Homesley,C,H,C,H,C. Homesley,BAHÇEŞEHİR KOLEJİ,BSK,C. Homesley,5,,,,,,SUB,in,BAHÇEŞEHİR KOLEJİ substitution in,,,,,,,,,0,137,2.0,,0,46,0,43
06:02,06:02:00,46,45,1,2,3,REGULAR,80,T. WILLIAMS,1,2pt,441,,[],jumpshot,1,50,Trevion Lamon,Williams,Trevion Lamon,Williams,T,W,T,W,T. Williams,BAHÇEŞEHİR KOLEJİ,BSK,T. Williams,50,,,23.120000839233,65.370002746582,1.0,P2,made,BAHÇEŞEHİR KOLEJİ T. WILLIAMS 2Pt made,1.0,2.0,I. AKPINAR,,,,,,2,137,2.0,score,0,46,2,45
06:02,06:02:00,46,45,1,2,3,REGULAR,1,I. AKPINAR,1,assist,442,441,[],,0,33,Ismet,Akpinar,Ismet,Akpinar,I,A,I,A,I. Akpinar,BAHÇEŞEHİR KOLEJİ,BSK,I. Akpinar,33,,,,,,ASS,,BAHÇEŞEHİR KOLEJİ I. AKPINAR assist,,,,,,,,,0,138,1.0,,0,46,0,45
05:41,05:41:00,46,45,1,1,3,REGULAR,133,B. CHILDRESS,1,turnover,443,,[],badpass,0,0,Brandon Reginald,Childress,Brandon Reginald,Childress,B,C,B,C,B. Childress,BURSASPOR BASKETBOL,BUR,B. Childress,0,,,,,,TO,,BURSASPOR BASKETBOL B. CHILDRESS turnover badpass,,,,,,,,,0,138,1.0,turnover,0,46,0,45
05:41,05:41:00,46,45,1,2,3,REGULAR,80,T. WILLIAMS,1,steal,444,443,[],,0,50,Trevion Lamon,Williams,Trevion Lamon,Williams,T,W,T,W,T. Williams,BAHÇEŞEHİR KOLEJİ,BSK,T. Williams,50,,,,,,ST,,BAHÇEŞEHİR KOLEJİ T. WILLIAMS steal,,,,,,,,,0,139,2.0,,0,46,0,45
05:36,05:36:00,46,45,1,2,3,REGULAR,1,I. AKPINAR,0,3pt,445,,['fromturnover'],jumpshot,1,33,Ismet,Akpinar,Ismet,Akpinar,I,A,I,A,I. Akpinar,BAHÇEŞEHİR KOLEJİ,BSK,I. Akpinar,33,,,24.989999771118,85.419998168945,0.0,P3,missed,BAHÇEŞEHİR KOLEJİ I. AKPINAR 3Pt missed,,,,,,,,,0,139,2.0,def_reb,0,46,0,45
05:33,05:33:00,46,45,1,1,3,REGULAR,102,B. AKIN,1,rebound,446,445,[],defensive,0,11,Berk Can,Akin,Berk Can,Akin,B,A,B,A,B. Akin,BURSASPOR BASKETBOL,BUR,B. Akin,11,,,,,,REB,,BURSASPOR BASKETBOL rebound defensive,,,,,,,,,0,140,1.0,def_reb,0,46,0,45
05:32,05:32:00,46,45,1,2,3,REGULAR,80,T. WILLIAMS,1,foul,450,,[],personal,0,50,Trevion Lamon,Williams,Trevion Lamon,Williams,T,W,T,W,T. Williams,BAHÇEŞEHİR KOLEJİ,BSK,T. Williams,50,,,,,,FOUL,,BAHÇEŞEHİR KOLEJİ T. WILLIAMS foul personal,,,,,,,,,0,141,2.0,,0,46,0,45
05:32,05:32:00,46,45,1,1,3,REGULAR,102,B. AKIN,1,foulon,451,450,[],,0,11,Berk Can,Akin,Berk Can,Akin,B,A,B,A,B. Akin,BURSASPOR BASKETBOL,BUR,B. Akin,11,,,,,,OTHER,,BURSASPOR BASKETBOL foulon,,,,,,,,,0,141,2.0,,0,46,0,45
05:16,05:16:00,48,45,3,1,3,REGULAR,133,B. CHILDRESS,1,2pt,453,,['pointsinthepaint'],jumpshot,1,0,Brandon Reginald,Childress,Brandon Reginald,Childress,B,C,B,C,B. Childress,BURSASPOR BASKETBOL,BUR,B. Childress,0,,,83.339996337891,62.540000915527,1.0,P2,made,BURSASPOR BASKETBOL B. CHILDRESS 2Pt made,,,,,,,,,2,141,2.0,score,2,48,0,45
04:58,04:58:00,48,45,3,2,3,REGULAR,76,C. HOMESLEY,0,2pt,454,,[],pullupjumpshot,1,5,Caleb Allen,Homesley,Caleb Allen,Homesley,C,H,C,H,C. Homesley,BAHÇEŞEHİR KOLEJİ,BSK,C. Homesley,5,,,24.059999465942,69.040000915527,0.0,P2,missed,BAHÇEŞEHİR KOLEJİ C. HOMESLEY 2Pt missed,,,,,,,,,0,142,1.0,,0,48,0,45
04:54,04:54:00,48,45,3,2,3,REGULAR,81,M. FLYNN,1,rebound,455,454,[],offensive,0,22,Malachi Emmanuel,Flynn,Malachi Emmanuel,Flynn,M,F,M,F,M. Flynn,BAHÇEŞEHİR KOLEJİ,BSK,M. Flynn,22,,,,,,REB,,BAHÇEŞEHİR KOLEJİ rebound offensive,,,,,,,,,0,142,1.0,,0,48,0,45
04:52,04:52:00,48,48,0,2,3,REGULAR,81,M. FLYNN,1,3pt,456,,['2ndchance'],jumpshot,1,22,Malachi Emmanuel,Flynn,Malachi Emmanuel,Flynn,M,F,M,F,M. Flynn,BAHÇEŞEHİR KOLEJİ,BSK,M. Flynn,22,,,7.0500001907349,2.6600000858307,1.0,P3,made,BAHÇEŞEHİR KOLEJİ M. FLYNN 3Pt made,,,,,,,,,3,142,1.0,score,0,48,3,48
04:25,04:25:00,50,48,2,1,3,REGULAR,127,L. NNOKO,1,2pt,457,,['pointsinthepaint'],jumpshot,1,35,Landry,Nnoko,Landry,Nnoko,L,N,L,N,L. Nnoko,BURSASPOR BASKETBOL,BUR,L. Nnoko,35,,,91.290000915527,43.049999237061,1.0,P2,made,BURSASPOR BASKETBOL L. NNOKO 2Pt made,102.0,1.0,B. AKIN,,,,,,2,143,2.0,score,2,50,0,48
04:25,04:25:00,50,48,2,1,3,REGULAR,102,B. AKIN,1,assist,458,457,[],,0,11,Berk Can,Akin,Berk Can,Akin,B,A,B,A,B. Akin,BURSASPOR BASKETBOL,BUR,B. Akin,11,,,,,,ASS,,BURSASPOR BASKETBOL B. AKIN assist,,,,,,,,,0,144,1.0,,0,50,0,48
04:12,04:12:00,50,48,2,1,3,REGULAR,102,B. AKIN,1,foul,460,,"['shooting', '3freethrow']",personal,0,11,Berk Can,Akin,Berk Can,Akin,B,A,B,A,B. Akin,BURSASPOR BASKETBOL,BUR,B. Akin,11,,,,,,FOUL,,BURSASPOR BASKETBOL B. AKIN foul personal,,,,,,,,,0,144,1.0,,0,50,0,48
04:12,04:12:00,50,48,2,2,3,REGULAR,81,M. FLYNN,1,foulon,461,460,[],,0,22,Malachi Emmanuel,Flynn,Malachi Emmanuel,Flynn,M,F,M,F,M. Flynn,BAHÇEŞEHİR KOLEJİ,BSK,M. Flynn,22,,,,,,OTHER,,BAHÇEŞEHİR KOLEJİ foulon,,,,,,,,,0,144,1.0,,0,50,0,48
04:12,04:12:00,50,48,2,2,3,REGULAR,1,I. AKPINAR,1,substitution,462,,[],out,0,33,Ismet,Akpinar,Ismet,Akpinar,I,A,I,A,I. Akpinar,BAHÇEŞEHİR KOLEJİ,BSK,I. Akpinar,33,,,,,,SUB,out,BAHÇEŞEHİR KOLEJİ substitution out,,,,,,,,,0,144,1.0,,0,50,0,48
04:12,04:12:00,50,48,2,2,3,REGULAR,75,T. CAVANAUGH,1,substitution,463,,[],out,0,34,Tyler Robert,Cavanaugh,Tyler Robert,Cavanaugh,T,C,T,C,T. Cavanaugh,BAHÇEŞEHİR KOLEJİ,BSK,T. Cavanaugh,34,,,,,,SUB,out,BAHÇEŞEHİR KOLEJİ substitution out,,,,,,,,,0,144,1.0,,0,50,0,48
04:12,04:12:00,50,48,2,2,3,REGULAR,77,M. MITCHELL II,1,substitution,464,,[],in,0,11,Matthew Antonio,Mitchell Ii,Matthew Antonio,Mitchell Ii,M,M,M,M,M. Mitchell Ii,BAHÇEŞEHİR KOLEJİ,BSK,M. Mitchell Ii,11,,,,,,SUB,in,BAHÇEŞEHİR KOLEJİ substitution in,,,,,,,,,0,144,1.0,,0,50,0,48
04:12,04:12:00,50,48,2,2,3,REGULAR,3,G. BAS,1,substitution,465,,[],in,0,57,Göktug,Bas,Göktug,Bas,G,B,G,B,G. Bas,BAHÇEŞEHİR KOLEJİ,BSK,G. Bas,57,,,,,,SUB,in,BAHÇEŞEHİR KOLEJİ substitution in,,,,,,,,,0,144,1.0,,0,50,0,48
04:12,04:12:00,50,49,1,2,3,REGULAR,81,M. FLYNN,1,freethrow,466,,[],1of3,1,22,Malachi Emmanuel,Flynn,Malachi Emmanuel,Flynn,M,F,M,F,M. Flynn,BAHÇEŞEHİR KOLEJİ,BSK,M. Flynn,22,,,,,,FT,made,BAHÇEŞEHİR KOLEJİ M. FLYNN FT 1of3 made,,,,,,,,,1,144,1.0,made_ft,0,50,1,49
04:12,04:12:00,50,50,0,2,3,REGULAR,81,M. FLYNN,1,freethrow,467,,[],2of3,1,22,Malachi Emmanuel,Flynn,Malachi Emmanuel,Flynn,M,F,M,F,M. Flynn,BAHÇEŞEHİR KOLEJİ,BSK,M. Flynn,22,,,,,,FT,made,BAHÇEŞEHİR KOLEJİ M. FLYNN FT 2of3 made,,,,,,,,,1,145,2.0,made_ft,0,50,1,50
04:12,04:12:00,50,51,-1,2,3,REGULAR,81,M. FLYNN,1,freethrow,468,,[],3of3,1,22,Malachi Emmanuel,Flynn,Malachi Emmanuel,Flynn,M,F,M,F,M. Flynn,BAHÇEŞEHİR KOLEJİ,BSK,M. Flynn,22,,,,,,FT,made,BAHÇEŞEHİR KOLEJİ M. FLYNN FT 3of3 made,,,,,,,,,1,146,1.0,made_ft_last,0,50,1,51
03:55,03:55:00,52,51,1,1,3,REGULAR,135,A. KONONTSUK,1,2pt,470,,['pointsinthepaint'],layup,1,34,Artur,Konontsuk,Artur,Konontsuk,A,K,A,K,A. Konontsuk,BURSASPOR BASKETBOL,BUR,A. Konontsuk,34,,,93.169998168945,60.279998779297,1.0,P2,made,BURSASPOR BASKETBOL A. KONONTSUK 2Pt made,133.0,1.0,B. CHILDRESS,,,,,,2,147,2.0,score,2,52,0,51
03:55,03:55:00,52,51,1,1,3,REGULAR,133,B. CHILDRESS,1,assist,471,470,[],,0,0,Brandon Reginald,Childress,Brandon Reginald,Childress,B,C,B,C,B. Childress,BURSASPOR BASKETBOL,BUR,B. Childress,0,,,,,,ASS,,BURSASPOR BASKETBOL B. CHILDRESS assist,,,,,,,,,0,148,1.0,,0,52,0,51
03:39,03:39:00,52,51,1,1,3,REGULAR,0,,1,jumpball,473,,[],heldball,0,,,,,,,,,,,BURSASPOR BASKETBOL,BUR,,,,,,,,JUMP,,jump ball,,,,,,,,,0,148,1.0,,0,52,0,51
03:39,03:39:00,52,51,1,2,3,REGULAR,81,M. FLYNN,1,turnover,474,,[],ballhandling,0,22,Malachi Emmanuel,Flynn,Malachi Emmanuel,Flynn,M,F,M,F,M. Flynn,BAHÇEŞEHİR KOLEJİ,BSK,M. Flynn,22,,,,,,TO,,BAHÇEŞEHİR KOLEJİ M. FLYNN turnover ballhandling,,,,,,,,,0,148,1.0,turnover,0,52,0,51
03:39,03:39:00,52,51,1,1,3,REGULAR,135,A. KONONTSUK,1,steal,475,474,[],,0,34,Artur,Konontsuk,Artur,Konontsuk,A,K,A,K,A. Konontsuk,BURSASPOR BASKETBOL,BUR,A. Konontsuk,34,,,,,,ST,,BURSASPOR BASKETBOL A. KONONTSUK steal,,,,,,,,,0,149,2.0,,0,52,0,51
03:25,03:25:00,55,51,4,1,3,REGULAR,102,B. AKIN,1,3pt,477,,['fromturnover'],jumpshot,1,11,Berk Can,Akin,Berk Can,Akin,B,A,B,A,B. Akin,BURSASPOR BASKETBOL,BUR,B. Akin,11,,,83.809997558594,94.459999084473,1.0,P3,made,BURSASPOR BASKETBOL B. AKIN 3Pt made,133.0,1.0,B. CHILDRESS,,,,,,3,149,2.0,score,3,55,0,51
03:25,03:25:00,55,51,4,1,3,REGULAR,133,B. CHILDRESS,1,assist,478,477,[],,0,0,Brandon Reginald,Childress,Brandon Reginald,Childress,B,C,B,C,B. Childress,BURSASPOR BASKETBOL,BUR,B. Childress,0,,,,,,ASS,,BURSASPOR BASKETBOL B. CHILDRESS assist,,,,,,,,,0,150,1.0,,0,55,0,51
03:04,03:04:00,55,51,4,2,3,REGULAR,76,C. HOMESLEY,1,turnover,480,,[],badpass,0,5,Caleb Allen,Homesley,Caleb Allen,Homesley,C,H,C,H,C. Homesley,BAHÇEŞEHİR KOLEJİ,BSK,C. Homesley,5,,,,,,TO,,BAHÇEŞEHİR KOLEJİ C. HOMESLEY turnover badpass,,,,,,,,,0,150,1.0,turnover,0,55,0,51
03:04,03:04:00,55,51,4,1,3,REGULAR,127,L. NNOKO,1,substitution,481,,[],out,0,35,Landry,Nnoko,Landry,Nnoko,L,N,L,N,L. Nnoko,BURSASPOR BASKETBOL,BUR,L. Nnoko,35,,,,,,SUB,out,BURSASPOR BASKETBOL substitution out,,,,,,,,,0,151,2.0,,0,55,0,51
03:04,03:04:00,55,51,4,1,3,REGULAR,136,J. DELAURIER,1,substitution,482,,[],in,0,12,Javin Que,Delaurier,Javin Que,Delaurier,J,D,J,D,J. Delaurier,BURSASPOR BASKETBOL,BUR,J. Delaurier,12,,,,,,SUB,in,BURSASPOR BASKETBOL substitution in,,,,,,,,,0,151,2.0,,0,55,0,51
03:04,03:04:00,55,51,4,1,3,REGULAR,133,B. CHILDRESS,1,substitution,483,,[],out,0,0,Brandon Reginald,Childress,Brandon Reginald,Childress,B,C,B,C,B. Childress,BURSASPOR BASKETBOL,BUR,B. Childress,0,,,,,,SUB,out,BURSASPOR BASKETBOL substitution out,,,,,,,,,0,151,2.0,,0,55,0,51
03:04,03:04:00,55,51,4,1,3,REGULAR,129,B. CRAWFORD,1,substitution,484,,[],in,0,13,Bryant Dejuan,Crawford,Bryant Dejuan,Crawford,B,C,B,C,B. Crawford,BURSASPOR BASKETBOL,BUR,B. Crawford,13,,,,,,SUB,in,BURSASPOR BASKETBOL substitution in,,,,,,,,,0,151,2.0,,0,55,0,51
02:40,02:40:00,55,51,4,1,3,REGULAR,135,A. KONONTSUK,1,turnover,487,,[],travel,0,34,Artur,Konontsuk,Artur,Konontsuk,A,K,A,K,A. Konontsuk,BURSASPOR BASKETBOL,BUR,A. Konontsuk,34,,,,,,TO,,BURSASPOR BASKETBOL A. KONONTSUK turnover travel,,,,,,,,,0,151,2.0,turnover,0,55,0,51
02:19,02:19:00,55,51,4,2,3,REGULAR,80,T. WILLIAMS,0,2pt,489,,"['fromturnover', 'pointsinthepaint']",hookshot,1,50,Trevion Lamon,Williams,Trevion Lamon,Williams,T,W,T,W,T. Williams,BAHÇEŞEHİR KOLEJİ,BSK,T. Williams,50,,,7.8299999237061,40.509998321533,0.0,P2,missed,BAHÇEŞEHİR KOLEJİ T. WILLIAMS 2Pt missed,,,,,,,,,0,152,1.0,def_reb,0,55,0,51
02:16,02:16:00,55,51,4,1,3,REGULAR,129,B. CRAWFORD,1,rebound,490,489,[],defensive,0,13,Bryant Dejuan,Crawford,Bryant Dejuan,Crawford,B,C,B,C,B. Crawford,BURSASPOR BASKETBOL,BUR,B. Crawford,13,,,,,,REB,,BURSASPOR BASKETBOL rebound defensive,,,,,,,,,0,153,2.0,def_reb,0,55,0,51
02:01,02:01:00,55,51,4,1,3,REGULAR,102,B. AKIN,0,3pt,491,,[],jumpshot,1,11,Berk Can,Akin,Berk Can,Akin,B,A,B,A,B. Akin,BURSASPOR BASKETBOL,BUR,B. Akin,11,,,93.01000213623,4.3499999046326,0.0,P3,missed,BURSASPOR BASKETBOL B. AKIN 3Pt missed,,,,,,,,,0,154,1.0,def_reb,0,55,0,51
01:58,01:58:00,55,51,4,2,3,REGULAR,81,M. FLYNN,1,rebound,492,491,[],defensive,0,22,Malachi Emmanuel,Flynn,Malachi Emmanuel,Flynn,M,F,M,F,M. Flynn,BAHÇEŞEHİR KOLEJİ,BSK,M. Flynn,22,,,,,,REB,,BAHÇEŞEHİR KOLEJİ rebound defensive,,,,,,,,,0,155,2.0,def_reb,0,55,0,51
01:48,01:48:00,55,51,4,1,3,REGULAR,144,M. PARSONS,1,foul,494,,[],personal,0,5,Malik Disjohn,Parsons,Malik Disjohn,Parsons,M,P,M,P,M. Parsons,BURSASPOR BASKETBOL,BUR,M. Parsons,5,,,,,,FOUL,,BURSASPOR BASKETBOL M. PARSONS foul personal,,,,,,,,,0,156,1.0,,0,55,0,51
01:48,01:48:00,55,51,4,2,3,REGULAR,80,T. WILLIAMS,1,foulon,495,494,[],,0,50,Trevion Lamon,Williams,Trevion Lamon,Williams,T,W,T,W,T. Williams,BAHÇEŞEHİR KOLEJİ,BSK,T. Williams,50,,,,,,OTHER,,BAHÇEŞEHİR KOLEJİ foulon,,,,,,,,,0,156,1.0,,0,55,0,51
01:48,01:48:00,55,51,4,2,3,REGULAR,80,T. WILLIAMS,1,substitution,496,,[],out,0,50,Trevion Lamon,Williams,Trevion Lamon,Williams,T,W,T,W,T. Williams,BAHÇEŞEHİR KOLEJİ,BSK,T. Williams,50,,,,,,SUB,out,BAHÇEŞEHİR KOLEJİ substitution out,,,,,,,,,0,156,1.0,,0,55,0,51
01:48,01:48:00,55,51,4,2,3,REGULAR,3,G. BAS,1,substitution,497,,[],out,0,57,Göktug,Bas,Göktug,Bas,G,B,G,B,G. Bas,BAHÇEŞEHİR KOLEJİ,BSK,G. Bas,57,,,,,,SUB,out,BAHÇEŞEHİR KOLEJİ substitution out,,,,,,,,,0,156,1.0,,0,55,0,51
01:48,01:48:00,55,51,4,2,3,REGULAR,64,F. HALTALI,1,substitution,498,,[],in,0,14,Furkan,Haltali,Furkan,Haltali,F,H,F,H,F. Haltali,BAHÇEŞEHİR KOLEJİ,BSK,F. Haltali,14,,,,,,SUB,in,BAHÇEŞEHİR KOLEJİ substitution in,,,,,,,,,0,156,1.0,,0,55,0,51
01:48,01:48:00,55,51,4,2,3,REGULAR,62,K. SIPAHI,1,substitution,499,,[],in,0,55,Kenan,Sipahi,Kenan,Sipahi,K,S,K,S,K. Sipahi,BAHÇEŞEHİR KOLEJİ,BSK,K. Sipahi,55,,,,,,SUB,in,BAHÇEŞEHİR KOLEJİ substitution in,,,,,,,,,0,156,1.0,,0,55,0,51
01:39,01:39:00,55,51,4,2,3,REGULAR,62,K. SIPAHI,0,2pt,503,,['pointsinthepaint'],drivinglayup,1,55,Kenan,Sipahi,Kenan,Sipahi,K,S,K,S,K. Sipahi,BAHÇEŞEHİR KOLEJİ,BSK,K. Sipahi,55,,,10.170000076294,59.439998626709,0.0,P2,missed,BAHÇEŞEHİR KOLEJİ K. SIPAHI 2Pt missed,,,,,,,,,0,156,1.0,def_reb,0,55,0,51
01:36,01:36:00,55,51,4,1,3,REGULAR,135,A. KONONTSUK,1,rebound,504,503,[],defensive,0,34,Artur,Konontsuk,Artur,Konontsuk,A,K,A,K,A. Konontsuk,BURSASPOR BASKETBOL,BUR,A. Konontsuk,34,,,,,,REB,,BURSASPOR BASKETBOL rebound defensive,,,,,,,,,0,157,2.0,def_reb,0,55,0,51
01:20,01:20:00,55,51,4,2,3,REGULAR,64,F. HALTALI,1,foul,506,,"['shooting', '3freethrow']",personal,0,14,Furkan,Haltali,Furkan,Haltali,F,H,F,H,F. Haltali,BAHÇEŞEHİR KOLEJİ,BSK,F. Haltali,14,,,,,,FOUL,,BAHÇEŞEHİR KOLEJİ F. HALTALI foul personal,,,,,,,,,0,158,1.0,,0,55,0,51
01:20,01:20:00,55,51,4,1,3,REGULAR,129,B. CRAWFORD,1,foulon,507,506,[],,0,13,Bryant Dejuan,Crawford,Bryant Dejuan,Crawford,B,C,B,C,B. Crawford,BURSASPOR BASKETBOL,BUR,B. Crawford,13,,,,,,OTHER,,BURSASPOR BASKETBOL foulon,,,,,,,,,0,158,1.0,,0,55,0,51
01:20,01:20:00,55,51,4,1,3,REGULAR,102,B. AKIN,1,substitution,508,,[],out,0,11,Berk Can,Akin,Berk Can,Akin,B,A,B,A,B. Akin,BURSASPOR BASKETBOL,BUR,B. Akin,11,,,,,,SUB,out,BURSASPOR BASKETBOL substitution out,,,,,,,,,0,158,1.0,,0,55,0,51
01:20,01:20:00,55,51,4,1,3,REGULAR,126,B. SATIR,1,substitution,509,,[],in,0,10,Bora,Satir,Bora,Satir,B,S,B,S,B. Satir,BURSASPOR BASKETBOL,BUR,B. Satir,10,,,,,,SUB,in,BURSASPOR BASKETBOL substitution in,,,,,,,,,0,158,1.0,,0,55,0,51
01:20,01:20:00,55,51,4,1,3,REGULAR,144,M. PARSONS,1,substitution,510,,[],out,0,5,Malik Disjohn,Parsons,Malik Disjohn,Parsons,M,P,M,P,M. Parsons,BURSASPOR BASKETBOL,BUR,M. Parsons,5,,,,,,SUB,out,BURSASPOR BASKETBOL substitution out,,,,,,,,,0,158,1.0,,0,55,0,51
01:20,01:20:00,55,51,4,1,3,REGULAR,134,V. KING,1,substitution,511,,[],in,0,22,Vincent Earl,King,Vincent Earl,King,V,K,V,K,V. King,BURSASPOR BASKETBOL,BUR,V. King,22,,,,,,SUB,in,BURSASPOR BASKETBOL substitution in,,,,,,,,,0,158,1.0,,0,55,0,51
01:20,01:20:00,56,51,5,1,3,REGULAR,129,B. CRAWFORD,1,freethrow,512,,[],1of3,1,13,Bryant Dejuan,Crawford,Bryant Dejuan,Crawford,B,C,B,C,B. Crawford,BURSASPOR BASKETBOL,BUR,B. Crawford,13,,,,,,FT,made,BURSASPOR BASKETBOL B. CRAWFORD FT 1of3 made,,,,,,,,,1,158,1.0,made_ft,1,56,0,51
01:20,01:20:00,57,51,6,1,3,REGULAR,129,B. CRAWFORD,1,freethrow,513,,[],2of3,1,13,Bryant Dejuan,Crawford,Bryant Dejuan,Crawford,B,C,B,C,B. Crawford,BURSASPOR BASKETBOL,BUR,B. Crawford,13,,,,,,FT,made,BURSASPOR BASKETBOL B. CRAWFORD FT 2of3 made,,,,,,,,,1,159,2.0,made_ft,1,57,0,51
01:20,01:20:00,58,51,7,1,3,REGULAR,129,B. CRAWFORD,1,freethrow,514,,[],3of3,1,13,Bryant Dejuan,Crawford,Bryant Dejuan,Crawford,B,C,B,C,B. Crawford,BURSASPOR BASKETBOL,BUR,B. Crawford,13,,,,,,FT,made,BURSASPOR BASKETBOL B. CRAWFORD FT 3of3 made,,,,,,,,,1,160,1.0,made_ft_last,1,58,0,51
00:55,00:55:90,58,51,7,2,3,REGULAR,62,K. SIPAHI,1,foul,519,,[],offensive,0,55,Kenan,Sipahi,Kenan,Sipahi,K,S,K,S,K. Sipahi,BAHÇEŞEHİR KOLEJİ,BSK,K. Sipahi,55,,,,,,RFOUL,,BAHÇEŞEHİR KOLEJİ K. SIPAHI foul offensive,,,,,,,,,0,161,2.0,offensive_foul,0,58,0,51
00:55,00:55:90,58,51,7,2,3,REGULAR,62,K. SIPAHI,1,turnover,520,519,[],offensive,0,55,Kenan,Sipahi,Kenan,Sipahi,K,S,K,S,K. Sipahi,BAHÇEŞEHİR KOLEJİ,BSK,K. Sipahi,55,,,,,,TO,,BAHÇEŞEHİR KOLEJİ K. SIPAHI turnover offensive,,,,,,,,,0,162,1.0,turnover,0,58,0,51
00:55,00:55:90,58,51,7,1,3,REGULAR,135,A. KONONTSUK,1,foulon,521,519,[],,0,34,Artur,Konontsuk,Artur,Konontsuk,A,K,A,K,A. Konontsuk,BURSASPOR BASKETBOL,BUR,A. Konontsuk,34,,,,,,OTHER,,BURSASPOR BASKETBOL foulon,,,,,,,,,0,163,2.0,,0,58,0,51
00:55,00:55:90,58,51,7,1,3,REGULAR,134,V. KING,1,substitution,522,,[],out,0,22,Vincent Earl,King,Vincent Earl,King,V,K,V,K,V. King,BURSASPOR BASKETBOL,BUR,V. King,22,,,,,,SUB,out,BURSASPOR BASKETBOL substitution out,,,,,,,,,0,163,2.0,,0,58,0,51
00:55,00:55:90,58,51,7,1,3,REGULAR,133,B. CHILDRESS,1,substitution,523,,[],in,0,0,Brandon Reginald,Childress,Brandon Reginald,Childress,B,C,B,C,B. Childress,BURSASPOR BASKETBOL,BUR,B. Childress,0,,,,,,SUB,in,BURSASPOR BASKETBOL substitution in,,,,,,,,,0,163,2.0,,0,58,0,51
00:40,00:40:40,60,51,9,1,3,REGULAR,133,B. CHILDRESS,1,2pt,525,,"['fromturnover', 'pointsinthepaint']",pullupjumpshot,1,0,Brandon Reginald,Childress,Brandon Reginald,Childress,B,C,B,C,B. Childress,BURSASPOR BASKETBOL,BUR,B. Childress,0,,,85.680000305176,53.5,1.0,P2,made,BURSASPOR BASKETBOL B. CHILDRESS 2Pt made,,,,,,,,,2,163,2.0,score,2,60,0,51
00:13,00:13:50,60,51,9,2,3,REGULAR,77,M. MITCHELL II,0,2pt,529,,[],jumpshot,1,11,Matthew Antonio,Mitchell Ii,Matthew Antonio,Mitchell Ii,M,M,M,M,M. Mitchell Ii,BAHÇEŞEHİR KOLEJİ,BSK,M. Mitchell Ii,11,,,12.039999961853,92.769996643066,0.0,P2,missed,BAHÇEŞEHİR KOLEJİ M. MITCHELL II 2Pt missed,,,,,,,,,0,164,1.0,def_reb,0,60,0,51
00:11,00:11:20,60,51,9,1,3,REGULAR,136,J. DELAURIER,1,rebound,530,529,[],defensive,0,12,Javin Que,Delaurier,Javin Que,Delaurier,J,D,J,D,J. Delaurier,BURSASPOR BASKETBOL,BUR,J. Delaurier,12,,,,,,REB,,BURSASPOR BASKETBOL rebound defensive,,,,,,,,,0,165,2.0,def_reb,0,60,0,51
00:09,00:09:60,62,51,11,1,3,REGULAR,135,A. KONONTSUK,1,2pt,532,,"['pointsinthepaint', 'fastbreak']",layup,1,34,Artur,Konontsuk,Artur,Konontsuk,A,K,A,K,A. Konontsuk,BURSASPOR BASKETBOL,BUR,A. Konontsuk,34,,,92.699996948242,63.389999389648,1.0,P2,made,BURSASPOR BASKETBOL A. KONONTSUK 2Pt made,136.0,1.0,J. DELAURIER,,,,,,2,166,1.0,score,2,62,0,51
00:09,00:09:60,62,51,11,1,3,REGULAR,136,J. DELAURIER,1,assist,533,532,[],,0,12,Javin Que,Delaurier,Javin Que,Delaurier,J,D,J,D,J. Delaurier,BURSASPOR BASKETBOL,BUR,J. Delaurier,12,,,,,,ASS,,BURSASPOR BASKETBOL J. DELAURIER assist,,,,,,,,,0,167,2.0,,0,62,0,51
00:00,00:00:00,62,51,11,0,3,REGULAR,0,,1,period,536,,['confirmed'],end,0,,,,,,,,,,,,,,,,,,,,OTHER,,period end,,,,,,,,,0,167,2.0,,0,62,0,51
10:00,10:00:00,62,51,11,2,4,REGULAR,64,F. HALTALI,1,substitution,537,,[],out,0,14,Furkan,Haltali,Furkan,Haltali,F,H,F,H,F. Haltali,BAHÇEŞEHİR KOLEJİ,BSK,F. Haltali,14,,,,,,SUB,out,BAHÇEŞEHİR KOLEJİ substitution out,,,,,,,,,0,167,2.0,,0,62,0,51
10:00,10:00:00,62,51,11,2,4,REGULAR,80,T. WILLIAMS,1,substitution,538,,[],in,0,50,Trevion Lamon,Williams,Trevion Lamon,Williams,T,W,T,W,T. Williams,BAHÇEŞEHİR KOLEJİ,BSK,T. Williams,50,,,,,,SUB,in,BAHÇEŞEHİR KOLEJİ substitution in,,,,,,,,,0,167,2.0,,0,62,0,51
10:00,10:00:00,62,51,11,0,4,REGULAR,0,,1,period,539,,[],start,0,,,,,,,,,,,,,,,,,,,,OTHER,,period start,,,,,,,,,0,167,2.0,,0,62,0,51
09:43,09:43:00,62,51,11,1,4,REGULAR,126,B. SATIR,1,foul,544,,[],personal,0,10,Bora,Satir,Bora,Satir,B,S,B,S,B. Satir,BURSASPOR BASKETBOL,BUR,B. Satir,10,,,,,,FOUL,,BURSASPOR BASKETBOL B. SATIR foul personal,,,,,,,,,0,167,2.0,,0,62,0,51
09:43,09:43:00,62,51,11,2,4,REGULAR,80,T. WILLIAMS,1,foulon,545,544,[],,0,50,Trevion Lamon,Williams,Trevion Lamon,Williams,T,W,T,W,T. Williams,BAHÇEŞEHİR KOLEJİ,BSK,T. Williams,50,,,,,,OTHER,,BAHÇEŞEHİR KOLEJİ foulon,,,,,,,,,0,167,2.0,,0,62,0,51
09:37,09:37:00,62,53,9,2,4,REGULAR,80,T. WILLIAMS,1,2pt,547,,['pointsinthepaint'],layup,1,50,Trevion Lamon,Williams,Trevion Lamon,Williams,T,W,T,W,T. Williams,BAHÇEŞEHİR KOLEJİ,BSK,T. Williams,50,,,8.3000001907349,63.950000762939,1.0,P2,made,BAHÇEŞEHİR KOLEJİ T. WILLIAMS 2Pt made,81.0,2.0,M. FLYNN,,,,,,2,167,2.0,score,0,62,2,53
09:37,09:37:00,62,53,9,2,4,REGULAR,81,M. FLYNN,1,assist,548,547,[],,0,22,Malachi Emmanuel,Flynn,Malachi Emmanuel,Flynn,M,F,M,F,M. Flynn,BAHÇEŞEHİR KOLEJİ,BSK,M. Flynn,22,,,,,,ASS,,BAHÇEŞEHİR KOLEJİ M. FLYNN assist,,,,,,,,,0,168,1.0,,0,62,0,53
09:21,09:21:00,62,53,9,1,4,REGULAR,133,B. CHILDRESS,1,turnover,549,,[],ballhandling,0,0,Brandon Reginald,Childress,Brandon Reginald,Childress,B,C,B,C,B. Childress,BURSASPOR BASKETBOL,BUR,B. Childress,0,,,,,,TO,,BURSASPOR BASKETBOL B. CHILDRESS turnover ballhandling,,,,,,,,,0,168,1.0,turnover,0,62,0,53
09:21,09:21:00,62,53,9,2,4,REGULAR,81,M. FLYNN,1,steal,550,549,[],,0,22,Malachi Emmanuel,Flynn,Malachi Emmanuel,Flynn,M,F,M,F,M. Flynn,BAHÇEŞEHİR KOLEJİ,BSK,M. Flynn,22,,,,,,ST,,BAHÇEŞEHİR KOLEJİ M. FLYNN steal,,,,,,,,,0,169,2.0,,0,62,0,53
09:14,09:14:00,62,55,7,2,4,REGULAR,76,C. HOMESLEY,1,2pt,551,,"['fromturnover', 'pointsinthepaint', 'fastbreak']",layup,1,5,Caleb Allen,Homesley,Caleb Allen,Homesley,C,H,C,H,C. Homesley,BAHÇEŞEHİR KOLEJİ,BSK,C. Homesley,5,,,7.8299999237061,43.619998931885,1.0,P2,made,BAHÇEŞEHİR KOLEJİ C. HOMESLEY 2Pt made,81.0,2.0,M. FLYNN,,,,,,2,169,2.0,score,0,62,2,55
09:14,09:14:00,62,55,7,2,4,REGULAR,81,M. FLYNN,1,assist,553,551,[],,0,22,Malachi Emmanuel,Flynn,Malachi Emmanuel,Flynn,M,F,M,F,M. Flynn,BAHÇEŞEHİR KOLEJİ,BSK,M. Flynn,22,,,,,,ASS,,BAHÇEŞEHİR KOLEJİ M. FLYNN assist,,,,,,,,,0,170,1.0,,0,62,0,55
09:12,09:12:00,62,55,7,1,4,REGULAR,0,,1,timeout,554,,[],full,0,,,,,,,,,,,BURSASPOR BASKETBOL,BUR,,,,,,,,TIMEOUT,,BURSASPOR BASKETBOL timeout,,,,,,,,,0,170,1.0,,0,62,0,55
09:12,09:12:00,62,55,7,1,4,REGULAR,126,B. SATIR,1,substitution,555,,[],out,0,10,Bora,Satir,Bora,Satir,B,S,B,S,B. Satir,BURSASPOR BASKETBOL,BUR,B. Satir,10,,,,,,SUB,out,BURSASPOR BASKETBOL substitution out,,,,,,,,,0,170,1.0,,0,62,0,55
09:12,09:12:00,62,55,7,1,4,REGULAR,102,B. AKIN,1,substitution,556,,[],in,0,11,Berk Can,Akin,Berk Can,Akin,B,A,B,A,B. Akin,BURSASPOR BASKETBOL,BUR,B. Akin,11,,,,,,SUB,in,BURSASPOR BASKETBOL substitution in,,,,,,,,,0,170,1.0,,0,62,0,55
09:05,09:05:00,62,55,7,2,4,REGULAR,62,K. SIPAHI,1,foul,561,,[],personal,0,55,Kenan,Sipahi,Kenan,Sipahi,K,S,K,S,K. Sipahi,BAHÇEŞEHİR KOLEJİ,BSK,K. Sipahi,55,,,,,,FOUL,,BAHÇEŞEHİR KOLEJİ K. SIPAHI foul personal,,,,,,,,,0,170,1.0,,0,62,0,55
09:05,09:05:00,62,55,7,1,4,REGULAR,133,B. CHILDRESS,1,foulon,562,561,[],,0,0,Brandon Reginald,Childress,Brandon Reginald,Childress,B,C,B,C,B. Childress,BURSASPOR BASKETBOL,BUR,B. Childress,0,,,,,,OTHER,,BURSASPOR BASKETBOL foulon,,,,,,,,,0,170,1.0,,0,62,0,55
08:53,08:53:00,62,55,7,1,4,REGULAR,133,B. CHILDRESS,0,3pt,564,,[],jumpshot,1,0,Brandon Reginald,Childress,Brandon Reginald,Childress,B,C,B,C,B. Childress,BURSASPOR BASKETBOL,BUR,B. Childress,0,,,66.959999084473,44.180000305176,0.0,P3,missed,BURSASPOR BASKETBOL B. CHILDRESS 3Pt missed,,,,,,,,,0,170,1.0,def_reb,0,62,0,55
08:50,08:50:00,62,55,7,2,4,REGULAR,77,M. MITCHELL II,1,rebound,565,564,[],defensive,0,11,Matthew Antonio,Mitchell Ii,Matthew Antonio,Mitchell Ii,M,M,M,M,M. Mitchell Ii,BAHÇEŞEHİR KOLEJİ,BSK,M. Mitchell Ii,11,,,,,,REB,,BAHÇEŞEHİR KOLEJİ rebound defensive,,,,,,,,,0,171,2.0,def_reb,0,62,0,55
08:37,08:37:00,62,58,4,2,4,REGULAR,81,M. FLYNN,1,3pt,566,,[],jumpshot,1,22,Malachi Emmanuel,Flynn,Malachi Emmanuel,Flynn,M,F,M,F,M. Flynn,BAHÇEŞEHİR KOLEJİ,BSK,M. Flynn,22,,,36.380001068115,56.610000610352,1.0,P3,made,BAHÇEŞEHİR KOLEJİ M. FLYNN 3Pt made,,,,,,,,,3,172,1.0,score,0,62,3,58
08:12,08:12:00,62,58,4,1,4,REGULAR,133,B. CHILDRESS,1,turnover,567,,[],badpass,0,0,Brandon Reginald,Childress,Brandon Reginald,Childress,B,C,B,C,B. Childress,BURSASPOR BASKETBOL,BUR,B. Childress,0,,,,,,TO,,BURSASPOR BASKETBOL B. CHILDRESS turnover badpass,,,,,,,,,0,173,2.0,turnover,0,62,0,58
08:12,08:12:00,62,58,4,2,4,REGULAR,77,M. MITCHELL II,1,steal,568,567,[],,0,11,Matthew Antonio,Mitchell Ii,Matthew Antonio,Mitchell Ii,M,M,M,M,M. Mitchell Ii,BAHÇEŞEHİR KOLEJİ,BSK,M. Mitchell Ii,11,,,,,,ST,,BAHÇEŞEHİR KOLEJİ M. MITCHELL II steal,,,,,,,,,0,174,1.0,,0,62,0,58
08:07,08:07:00,62,60,2,2,4,REGULAR,77,M. MITCHELL II,1,2pt,569,,"['fromturnover', 'pointsinthepaint', 'fastbreak']",layup,1,11,Matthew Antonio,Mitchell Ii,Matthew Antonio,Mitchell Ii,M,M,M,M,M. Mitchell Ii,BAHÇEŞEHİR KOLEJİ,BSK,M. Mitchell Ii,11,,,9.6999998092651,41.639999389648,1.0,P2,made,BAHÇEŞEHİR KOLEJİ M. MITCHELL II 2Pt made,,,,,,,,,2,174,1.0,score,0,62,2,60
08:06,08:06:00,62,60,2,1,4,REGULAR,0,,1,timeout,571,,[],full,0,,,,,,,,,,,BURSASPOR BASKETBOL,BUR,,,,,,,,TIMEOUT,,BURSASPOR BASKETBOL timeout,,,,,,,,,0,175,2.0,,0,62,0,60
08:06,08:06:00,62,60,2,1,4,REGULAR,136,J. DELAURIER,1,substitution,572,,[],out,0,12,Javin Que,Delaurier,Javin Que,Delaurier,J,D,J,D,J. Delaurier,BURSASPOR BASKETBOL,BUR,J. Delaurier,12,,,,,,SUB,out,BURSASPOR BASKETBOL substitution out,,,,,,,,,0,175,2.0,,0,62,0,60
08:06,08:06:00,62,60,2,1,4,REGULAR,129,B. CRAWFORD,1,substitution,573,,[],out,0,13,Bryant Dejuan,Crawford,Bryant Dejuan,Crawford,B,C,B,C,B. Crawford,BURSASPOR BASKETBOL,BUR,B. Crawford,13,,,,,,SUB,out,BURSASPOR BASKETBOL substitution out,,,,,,,,,0,175,2.0,,0,62,0,60
08:06,08:06:00,62,60,2,1,4,REGULAR,144,M. PARSONS,1,substitution,574,,[],in,0,5,Malik Disjohn,Parsons,Malik Disjohn,Parsons,M,P,M,P,M. Parsons,BURSASPOR BASKETBOL,BUR,M. Parsons,5,,,,,,SUB,in,BURSASPOR BASKETBOL substitution in,,,,,,,,,0,175,2.0,,0,62,0,60
08:06,08:06:00,62,60,2,1,4,REGULAR,127,L. NNOKO,1,substitution,575,,[],in,0,35,Landry,Nnoko,Landry,Nnoko,L,N,L,N,L. Nnoko,BURSASPOR BASKETBOL,BUR,L. Nnoko,35,,,,,,SUB,in,BURSASPOR BASKETBOL substitution in,,,,,,,,,0,175,2.0,,0,62,0,60
07:51,07:51:00,62,60,2,2,4,REGULAR,62,K. SIPAHI,1,foul,580,,[],personal,0,55,Kenan,Sipahi,Kenan,Sipahi,K,S,K,S,K. Sipahi,BAHÇEŞEHİR KOLEJİ,BSK,K. Sipahi,55,,,,,,FOUL,,BAHÇEŞEHİR KOLEJİ K. SIPAHI foul personal,,,,,,,,,0,175,2.0,,0,62,0,60
07:51,07:51:00,62,60,2,1,4,REGULAR,127,L. NNOKO,1,foulon,581,580,[],,0,35,Landry,Nnoko,Landry,Nnoko,L,N,L,N,L. Nnoko,BURSASPOR BASKETBOL,BUR,L. Nnoko,35,,,,,,OTHER,,BURSASPOR BASKETBOL foulon,,,,,,,,,0,175,2.0,,0,62,0,60
07:47,07:47:00,62,60,2,1,4,REGULAR,135,A. KONONTSUK,1,turnover,583,,[],badpass,0,34,Artur,Konontsuk,Artur,Konontsuk,A,K,A,K,A. Konontsuk,BURSASPOR BASKETBOL,BUR,A. Konontsuk,34,,,,,,TO,,BURSASPOR BASKETBOL A. KONONTSUK turnover badpass,,,,,,,,,0,175,2.0,turnover,0,62,0,60
07:47,07:47:00,62,60,2,2,4,REGULAR,80,T. WILLIAMS,1,steal,584,583,[],,0,50,Trevion Lamon,Williams,Trevion Lamon,Williams,T,W,T,W,T. Williams,BAHÇEŞEHİR KOLEJİ,BSK,T. Williams,50,,,,,,ST,,BAHÇEŞEHİR KOLEJİ T. WILLIAMS steal,,,,,,,,,0,176,1.0,,0,62,0,60
07:40,07:40:00,62,60,2,2,4,REGULAR,81,M. FLYNN,0,3pt,585,,['fromturnover'],stepbackjumpshot,1,22,Malachi Emmanuel,Flynn,Malachi Emmanuel,Flynn,M,F,M,F,M. Flynn,BAHÇEŞEHİR KOLEJİ,BSK,M. Flynn,22,,,6.1199998855591,3.789999961853,0.0,P3,missed,BAHÇEŞEHİR KOLEJİ M. FLYNN 3Pt missed,,,,,,,,,0,176,1.0,def_reb,0,62,0,60
07:38,07:38:00,62,60,2,1,4,REGULAR,102,B. AKIN,1,rebound,586,585,[],defensive,0,11,Berk Can,Akin,Berk Can,Akin,B,A,B,A,B. Akin,BURSASPOR BASKETBOL,BUR,B. Akin,11,,,,,,REB,,BURSASPOR BASKETBOL rebound defensive,,,,,,,,,0,177,2.0,def_reb,0,62,0,60
07:32,07:32:00,62,60,2,1,4,REGULAR,144,M. PARSONS,1,turnover,587,,[],ballhandling,0,5,Malik Disjohn,Parsons,Malik Disjohn,Parsons,M,P,M,P,M. Parsons,BURSASPOR BASKETBOL,BUR,M. Parsons,5,,,,,,TO,,BURSASPOR BASKETBOL M. PARSONS turnover ballhandling,,,,,,,,,0,178,1.0,turnover,0,62,0,60
07:32,07:32:00,62,60,2,2,4,REGULAR,80,T. WILLIAMS,1,steal,588,587,[],,0,50,Trevion Lamon,Williams,Trevion Lamon,Williams,T,W,T,W,T. Williams,BAHÇEŞEHİR KOLEJİ,BSK,T. Williams,50,,,,,,ST,,BAHÇEŞEHİR KOLEJİ T. WILLIAMS steal,,,,,,,,,0,179,2.0,,0,62,0,60
07:20,07:20:00,62,60,2,2,4,REGULAR,62,K. SIPAHI,0,2pt,589,,['fromturnover'],jumpshot,1,55,Kenan,Sipahi,Kenan,Sipahi,K,S,K,S,K. Sipahi,BAHÇEŞEHİR KOLEJİ,BSK,K. Sipahi,55,,,9.5500001907349,33.450000762939,0.0,P2,missed,BAHÇEŞEHİR KOLEJİ K. SIPAHI 2Pt missed,,,,,,,,,0,179,2.0,def_reb,0,62,0,60
07:16,07:16:00,62,60,2,1,4,REGULAR,144,M. PARSONS,1,rebound,590,589,[],defensive,0,5,Malik Disjohn,Parsons,Malik Disjohn,Parsons,M,P,M,P,M. Parsons,BURSASPOR BASKETBOL,BUR,M. Parsons,5,,,,,,REB,,BURSASPOR BASKETBOL rebound defensive,,,,,,,,,0,180,1.0,def_reb,0,62,0,60
07:11,07:11:00,62,60,2,2,4,REGULAR,77,M. MITCHELL II,1,foul,592,,[],personal,0,11,Matthew Antonio,Mitchell Ii,Matthew Antonio,Mitchell Ii,M,M,M,M,M. Mitchell Ii,BAHÇEŞEHİR KOLEJİ,BSK,M. Mitchell Ii,11,,,,,,FOUL,,BAHÇEŞEHİR KOLEJİ M. MITCHELL II foul personal,,,,,,,,,0,181,2.0,,0,62,0,60
07:11,07:11:00,62,60,2,1,4,REGULAR,127,L. NNOKO,1,foulon,593,592,[],,0,35,Landry,Nnoko,Landry,Nnoko,L,N,L,N,L. Nnoko,BURSASPOR BASKETBOL,BUR,L. Nnoko,35,,,,,,OTHER,,BURSASPOR BASKETBOL foulon,,,,,,,,,0,181,2.0,,0,62,0,60
07:11,07:11:00,62,60,2,1,4,REGULAR,102,B. AKIN,1,substitution,594,,[],out,0,11,Berk Can,Akin,Berk Can,Akin,B,A,B,A,B. Akin,BURSASPOR BASKETBOL,BUR,B. Akin,11,,,,,,SUB,out,BURSASPOR BASKETBOL substitution out,,,,,,,,,0,181,2.0,,0,62,0,60
07:11,07:11:00,62,60,2,1,4,REGULAR,135,A. KONONTSUK,1,substitution,595,,[],out,0,34,Artur,Konontsuk,Artur,Konontsuk,A,K,A,K,A. Konontsuk,BURSASPOR BASKETBOL,BUR,A. Konontsuk,34,,,,,,SUB,out,BURSASPOR BASKETBOL substitution out,,,,,,,,,0,181,2.0,,0,62,0,60
07:11,07:11:00,62,60,2,1,4,REGULAR,4,Y. ONAR,1,substitution,596,,[],in,0,14,Yesukan,Onar,Yesukan,Onar,Y,O,Y,O,Y. Onar,BURSASPOR BASKETBOL,BUR,Y. Onar,14,,,,,,SUB,in,BURSASPOR BASKETBOL substitution in,,,,,,,,,0,181,2.0,,0,62,0,60
07:11,07:11:00,62,60,2,1,4,REGULAR,134,V. KING,1,substitution,597,,[],in,0,22,Vincent Earl,King,Vincent Earl,King,V,K,V,K,V. King,BURSASPOR BASKETBOL,BUR,V. King,22,,,,,,SUB,in,BURSASPOR BASKETBOL substitution in,,,,,,,,,0,181,2.0,,0,62,0,60
06:59,06:59:00,62,60,2,2,4,REGULAR,80,T. WILLIAMS,1,foul,600,,[],personal,0,50,Trevion Lamon,Williams,Trevion Lamon,Williams,T,W,T,W,T. Williams,BAHÇEŞEHİR KOLEJİ,BSK,T. Williams,50,,,,,,FOUL,,BAHÇEŞEHİR KOLEJİ T. WILLIAMS foul personal,,,,,,,,,0,181,2.0,,0,62,0,60
06:59,06:59:00,62,60,2,1,4,REGULAR,133,B. CHILDRESS,1,foulon,601,600,[],,0,0,Brandon Reginald,Childress,Brandon Reginald,Childress,B,C,B,C,B. Childress,BURSASPOR BASKETBOL,BUR,B. Childress,0,,,,,,OTHER,,BURSASPOR BASKETBOL foulon,,,,,,,,,0,181,2.0,,0,62,0,60
06:58,06:58:00,62,60,2,1,4,REGULAR,134,V. KING,1,foul,604,,[],offensive,0,22,Vincent Earl,King,Vincent Earl,King,V,K,V,K,V. King,BURSASPOR BASKETBOL,BUR,V. King,22,,,,,,RFOUL,,BURSASPOR BASKETBOL V. KING foul offensive,,,,,,,,,0,181,2.0,offensive_foul,0,62,0,60
06:58,06:58:00,62,60,2,1,4,REGULAR,134,V. KING,1,turnover,605,604,[],offensive,0,22,Vincent Earl,King,Vincent Earl,King,V,K,V,K,V. King,BURSASPOR BASKETBOL,BUR,V. King,22,,,,,,TO,,BURSASPOR BASKETBOL V. KING turnover offensive,,,,,,,,,0,182,1.0,turnover,0,62,0,60
06:58,06:58:00,62,60,2,2,4,REGULAR,76,C. HOMESLEY,1,foulon,606,604,[],,0,5,Caleb Allen,Homesley,Caleb Allen,Homesley,C,H,C,H,C. Homesley,BAHÇEŞEHİR KOLEJİ,BSK,C. Homesley,5,,,,,,OTHER,,BAHÇEŞEHİR KOLEJİ foulon,,,,,,,,,0,183,2.0,,0,62,0,60
06:45,06:45:00,62,62,0,2,4,REGULAR,81,M. FLYNN,1,2pt,610,,"['fromturnover', 'pointsinthepaint']",jumpshot,1,22,Malachi Emmanuel,Flynn,Malachi Emmanuel,Flynn,M,F,M,F,M. Flynn,BAHÇEŞEHİR KOLEJİ,BSK,M. Flynn,22,,,10.170000076294,59.439998626709,1.0,P2,made,BAHÇEŞEHİR KOLEJİ M. FLYNN 2Pt made,80.0,2.0,T. WILLIAMS,,,,,,2,183,2.0,score,0,62,2,62
06:45,06:45:00,62,62,0,2,4,REGULAR,80,T. WILLIAMS,1,assist,611,610,[],,0,50,Trevion Lamon,Williams,Trevion Lamon,Williams,T,W,T,W,T. Williams,BAHÇEŞEHİR KOLEJİ,BSK,T. Williams,50,,,,,,ASS,,BAHÇEŞEHİR KOLEJİ T. WILLIAMS assist,,,,,,,,,0,184,1.0,,0,62,0,62
06:24,06:24:00,62,62,0,1,4,REGULAR,127,L. NNOKO,0,2pt,612,,['pointsinthepaint'],hookshot,1,35,Landry,Nnoko,Landry,Nnoko,L,N,L,N,L. Nnoko,BURSASPOR BASKETBOL,BUR,L. Nnoko,35,,,89.889999389648,52.939998626709,0.0,P2,missed,BURSASPOR BASKETBOL L. NNOKO 2Pt missed,,,,,,,,,0,184,1.0,def_reb,0,62,0,62
06:19,06:19:00,62,62,0,2,4,REGULAR,77,M. MITCHELL II,1,rebound,613,612,[],defensive,0,11,Matthew Antonio,Mitchell Ii,Matthew Antonio,Mitchell Ii,M,M,M,M,M. Mitchell Ii,BAHÇEŞEHİR KOLEJİ,BSK,M. Mitchell Ii,11,,,,,,REB,,BAHÇEŞEHİR KOLEJİ rebound defensive,,,,,,,,,0,185,2.0,def_reb,0,62,0,62
06:18,06:18:00,62,62,0,1,4,REGULAR,4,Y. ONAR,1,foul,615,,[],personal,0,14,Yesukan,Onar,Yesukan,Onar,Y,O,Y,O,Y. Onar,BURSASPOR BASKETBOL,BUR,Y. Onar,14,,,,,,FOUL,,BURSASPOR BASKETBOL Y. ONAR foul personal,,,,,,,,,0,186,1.0,,0,62,0,62
06:18,06:18:00,62,62,0,2,4,REGULAR,62,K. SIPAHI,1,foulon,616,615,[],,0,55,Kenan,Sipahi,Kenan,Sipahi,K,S,K,S,K. Sipahi,BAHÇEŞEHİR KOLEJİ,BSK,K. Sipahi,55,,,,,,OTHER,,BAHÇEŞEHİR KOLEJİ foulon,,,,,,,,,0,186,1.0,,0,62,0,62
06:16,06:16:00,62,62,0,1,4,REGULAR,133,B. CHILDRESS,1,substitution,619,,[],out,0,0,Brandon Reginald,Childress,Brandon Reginald,Childress,B,C,B,C,B. Childress,BURSASPOR BASKETBOL,BUR,B. Childress,0,,,,,,SUB,out,BURSASPOR BASKETBOL substitution out,,,,,,,,,0,186,1.0,,0,62,0,62
06:16,06:16:00,62,62,0,1,4,REGULAR,129,B. CRAWFORD,1,substitution,620,,[],in,0,13,Bryant Dejuan,Crawford,Bryant Dejuan,Crawford,B,C,B,C,B. Crawford,BURSASPOR BASKETBOL,BUR,B. Crawford,13,,,,,,SUB,in,BURSASPOR BASKETBOL substitution in,,,,,,,,,0,186,1.0,,0,62,0,62
06:01,06:01:00,62,65,-3,2,4,REGULAR,81,M. FLYNN,1,3pt,622,,[],jumpshot,1,22,Malachi Emmanuel,Flynn,Malachi Emmanuel,Flynn,M,F,M,F,M. Flynn,BAHÇEŞEHİR KOLEJİ,BSK,M. Flynn,22,,,31.229999542236,28.360000610352,1.0,P3,made,BAHÇEŞEHİR KOLEJİ M. FLYNN 3Pt made,,,,,,,,,3,186,1.0,score,0,62,3,65
05:46,05:46:00,64,65,-1,1,4,REGULAR,129,B. CRAWFORD,1,2pt,623,,['pointsinthepaint'],drivinglayup,1,13,Bryant Dejuan,Crawford,Bryant Dejuan,Crawford,B,C,B,C,B. Crawford,BURSASPOR BASKETBOL,BUR,B. Crawford,13,,,90.51000213623,39.099998474121,1.0,P2,made,BURSASPOR BASKETBOL B. CRAWFORD 2Pt made,,,,,,,,,2,187,2.0,score,2,64,0,65
05:20,05:20:00,64,65,-1,2,4,REGULAR,76,C. HOMESLEY,0,3pt,624,,[],jumpshot,1,5,Caleb Allen,Homesley,Caleb Allen,Homesley,C,H,C,H,C. Homesley,BAHÇEŞEHİR KOLEJİ,BSK,C. Homesley,5,,,34.509998321533,61.979999542236,0.0,P3,missed,BAHÇEŞEHİR KOLEJİ C. HOMESLEY 3Pt missed,,,,,,,,,0,188,1.0,def_reb,0,64,0,65
05:17,05:17:00,64,65,-1,1,4,REGULAR,127,L. NNOKO,1,rebound,625,624,[],defensive,0,35,Landry,Nnoko,Landry,Nnoko,L,N,L,N,L. Nnoko,BURSASPOR BASKETBOL,BUR,L. Nnoko,35,,,,,,REB,,BURSASPOR BASKETBOL rebound defensive,,,,,,,,,0,189,2.0,def_reb,0,64,0,65
05:06,05:06:00,66,65,1,1,4,REGULAR,127,L. NNOKO,1,2pt,627,,['pointsinthepaint'],jumpshot,1,35,Landry,Nnoko,Landry,Nnoko,L,N,L,N,L. Nnoko,BURSASPOR BASKETBOL,BUR,L. Nnoko,35,,,93.790000915527,43.049999237061,1.0,P2,made,BURSASPOR BASKETBOL L. NNOKO 2Pt made,144.0,1.0,M. PARSONS,,,,,,2,190,1.0,score,2,66,0,65
05:06,05:06:00,66,65,1,1,4,REGULAR,144,M. PARSONS,1,assist,628,627,[],,0,5,Malik Disjohn,Parsons,Malik Disjohn,Parsons,M,P,M,P,M. Parsons,BURSASPOR BASKETBOL,BUR,M. Parsons,5,,,,,,ASS,,BURSASPOR BASKETBOL M. PARSONS assist,,,,,,,,,0,191,2.0,,0,66,0,65
05:06,05:06:00,66,65,1,2,4,REGULAR,0,,1,timeout,629,,[],full,0,,,,,,,,,,,BAHÇEŞEHİR KOLEJİ,BSK,,,,,,,,TIMEOUT,,BAHÇEŞEHİR KOLEJİ timeout,,,,,,,,,0,191,2.0,,0,66,0,65
04:49,04:49:00,66,67,-1,2,4,REGULAR,80,T. WILLIAMS,1,2pt,631,,['pointsinthepaint'],jumpshot,1,50,Trevion Lamon,Williams,Trevion Lamon,Williams,T,W,T,W,T. Williams,BAHÇEŞEHİR KOLEJİ,BSK,T. Williams,50,,,13.289999961853,58.869998931885,1.0,P2,made,BAHÇEŞEHİR KOLEJİ T. WILLIAMS 2Pt made,81.0,2.0,M. FLYNN,,,,,,2,191,2.0,score,0,66,2,67
04:49,04:49:00,66,67,-1,2,4,REGULAR,81,M. FLYNN,1,assist,632,631,[],,0,22,Malachi Emmanuel,Flynn,Malachi Emmanuel,Flynn,M,F,M,F,M. Flynn,BAHÇEŞEHİR KOLEJİ,BSK,M. Flynn,22,,,,,,ASS,,BAHÇEŞEHİR KOLEJİ M. FLYNN assist,,,,,,,,,0,192,1.0,,0,66,0,67
04:27,04:27:00,66,67,-1,1,4,REGULAR,129,B. CRAWFORD,0,3pt,633,,[],jumpshot,1,13,Bryant Dejuan,Crawford,Bryant Dejuan,Crawford,B,C,B,C,B. Crawford,BURSASPOR BASKETBOL,BUR,B. Crawford,13,,,69.769996643066,28.079999923706,0.0,P3,missed,BURSASPOR BASKETBOL B. CRAWFORD 3Pt missed,,,,,,,,,0,192,1.0,def_reb,0,66,0,67
04:24,04:24:00,66,67,-1,2,4,REGULAR,77,M. MITCHELL II,1,rebound,634,633,[],defensive,0,11,Matthew Antonio,Mitchell Ii,Matthew Antonio,Mitchell Ii,M,M,M,M,M. Mitchell Ii,BAHÇEŞEHİR KOLEJİ,BSK,M. Mitchell Ii,11,,,,,,REB,,BAHÇEŞEHİR KOLEJİ rebound defensive,,,,,,,,,0,193,2.0,def_reb,0,66,0,67
04:04,04:04:00,66,67,-1,2,4,REGULAR,77,M. MITCHELL II,0,3pt,635,,[],jumpshot,1,11,Matthew Antonio,Mitchell Ii,Matthew Antonio,Mitchell Ii,M,M,M,M,M. Mitchell Ii,BAHÇEŞEHİR KOLEJİ,BSK,M. Mitchell Ii,11,,,27.180000305176,80.900001525879,0.0,P3,missed,BAHÇEŞEHİR KOLEJİ M. MITCHELL II 3Pt missed,,,,,,,,,0,194,1.0,def_reb,0,66,0,67
04:01,04:01:00,66,67,-1,1,4,REGULAR,129,B. CRAWFORD,1,rebound,636,635,[],defensive,0,13,Bryant Dejuan,Crawford,Bryant Dejuan,Crawford,B,C,B,C,B. Crawford,BURSASPOR BASKETBOL,BUR,B. Crawford,13,,,,,,REB,,BURSASPOR BASKETBOL rebound defensive,,,,,,,,,0,195,2.0,def_reb,0,66,0,67
03:58,03:58:00,66,67,-1,2,4,REGULAR,81,M. FLYNN,1,foul,638,,['2freethrow'],personal,0,22,Malachi Emmanuel,Flynn,Malachi Emmanuel,Flynn,M,F,M,F,M. Flynn,BAHÇEŞEHİR KOLEJİ,BSK,M. Flynn,22,,,,,,FOUL,,BAHÇEŞEHİR KOLEJİ M. FLYNN foul personal,,,,,,,,,0,196,1.0,,0,66,0,67
03:58,03:58:00,66,67,-1,1,4,REGULAR,127,L. NNOKO,1,foulon,639,638,[],,0,35,Landry,Nnoko,Landry,Nnoko,L,N,L,N,L. Nnoko,BURSASPOR BASKETBOL,BUR,L. Nnoko,35,,,,,,OTHER,,BURSASPOR BASKETBOL foulon,,,,,,,,,0,196,1.0,,0,66,0,67
03:58,03:58:00,66,67,-1,1,4,REGULAR,127,L. NNOKO,0,freethrow,640,,[],1of2,1,35,Landry,Nnoko,Landry,Nnoko,L,N,L,N,L. Nnoko,BURSASPOR BASKETBOL,BUR,L. Nnoko,35,,,,,,FT,missed,BURSASPOR BASKETBOL L. NNOKO FT 1of2 missed,,,,,,,,,0,196,1.0,def_reb,0,66,0,67
03:58,03:58:00,66,67,-1,1,4,REGULAR,0,,1,rebound,641,640,[],offensivedeadball,0,,,,,,,,,,,BURSASPOR BASKETBOL,BUR,,,,,,,,TREB,,BURSASPOR BASKETBOL team rebound offensivedeadball,,,,,,,,,0,197,2.0,def_reb,0,66,0,67
03:58,03:58:00,67,67,0,1,4,REGULAR,127,L. NNOKO,1,freethrow,642,,[],2of2,1,35,Landry,Nnoko,Landry,Nnoko,L,N,L,N,L. Nnoko,BURSASPOR BASKETBOL,BUR,L. Nnoko,35,,,,,,FT,made,BURSASPOR BASKETBOL L. NNOKO FT 2of2 made,,,,,,,,,1,198,1.0,made_ft_last,1,67,0,67
03:58,03:58:00,67,67,0,2,4,REGULAR,77,M. MITCHELL II,1,substitution,643,,[],out,0,11,Matthew Antonio,Mitchell Ii,Matthew Antonio,Mitchell Ii,M,M,M,M,M. Mitchell Ii,BAHÇEŞEHİR KOLEJİ,BSK,M. Mitchell Ii,11,,,,,,SUB,out,BAHÇEŞEHİR KOLEJİ substitution out,,,,,,,,,0,199,2.0,,0,67,0,67
03:58,03:58:00,67,67,0,2,4,REGULAR,75,T. CAVANAUGH,1,substitution,644,,[],in,0,34,Tyler Robert,Cavanaugh,Tyler Robert,Cavanaugh,T,C,T,C,T. Cavanaugh,BAHÇEŞEHİR KOLEJİ,BSK,T. Cavanaugh,34,,,,,,SUB,in,BAHÇEŞEHİR KOLEJİ substitution in,,,,,,,,,0,199,2.0,,0,67,0,67
03:48,03:48:00,67,67,0,2,4,REGULAR,76,C. HOMESLEY,1,turnover,646,,[],badpass,0,5,Caleb Allen,Homesley,Caleb Allen,Homesley,C,H,C,H,C. Homesley,BAHÇEŞEHİR KOLEJİ,BSK,C. Homesley,5,,,,,,TO,,BAHÇEŞEHİR KOLEJİ C. HOMESLEY turnover badpass,,,,,,,,,0,199,2.0,turnover,0,67,0,67
03:48,03:48:00,67,67,0,1,4,REGULAR,144,M. PARSONS,1,steal,647,646,[],,0,5,Malik Disjohn,Parsons,Malik Disjohn,Parsons,M,P,M,P,M. Parsons,BURSASPOR BASKETBOL,BUR,M. Parsons,5,,,,,,ST,,BURSASPOR BASKETBOL M. PARSONS steal,,,,,,,,,0,200,1.0,,0,67,0,67
03:44,03:44:00,67,67,0,1,4,REGULAR,127,L. NNOKO,0,2pt,648,,"['fromturnover', 'pointsinthepaint']",layup,1,35,Landry,Nnoko,Landry,Nnoko,L,N,L,N,L. Nnoko,BURSASPOR BASKETBOL,BUR,L. Nnoko,35,,,93.480003356934,43.619998931885,0.0,P2,missed,BURSASPOR BASKETBOL L. NNOKO 2Pt missed,,,,,,,,,0,200,1.0,,0,67,0,67
03:41,03:41:00,67,67,0,1,4,REGULAR,134,V. KING,1,rebound,649,648,[],offensive,0,22,Vincent Earl,King,Vincent Earl,King,V,K,V,K,V. King,BURSASPOR BASKETBOL,BUR,V. King,22,,,,,,REB,,BURSASPOR BASKETBOL rebound offensive,,,,,,,,,0,200,1.0,,0,67,0,67
03:41,03:41:00,69,67,2,1,4,REGULAR,134,V. KING,1,2pt,650,,"['2ndchance', 'fromturnover', 'pointsinthepaint', 'fastbreak']",tipinlayup,1,22,Vincent Earl,King,Vincent Earl,King,V,K,V,K,V. King,BURSASPOR BASKETBOL,BUR,V. King,22,,,94.0,50.0,1.0,P2,made,BURSASPOR BASKETBOL V. KING 2Pt made,,,,,,,,,2,200,1.0,score,2,69,0,67
03:27,03:27:00,69,69,0,2,4,REGULAR,80,T. WILLIAMS,1,2pt,653,,['pointsinthepaint'],floatingjumpshot,1,50,Trevion Lamon,Williams,Trevion Lamon,Williams,T,W,T,W,T. Williams,BAHÇEŞEHİR KOLEJİ,BSK,T. Williams,50,,,15.319999694824,45.880001068115,1.0,P2,made,BAHÇEŞEHİR KOLEJİ T. WILLIAMS 2Pt made,62.0,2.0,K. SIPAHI,,,,,,2,201,2.0,score,0,69,2,69
03:27,03:27:00,69,69,0,2,4,REGULAR,62,K. SIPAHI,1,assist,654,653,[],,0,55,Kenan,Sipahi,Kenan,Sipahi,K,S,K,S,K. Sipahi,BAHÇEŞEHİR KOLEJİ,BSK,K. Sipahi,55,,,,,,ASS,,BAHÇEŞEHİR KOLEJİ K. SIPAHI assist,,,,,,,,,0,202,1.0,,0,69,0,69
03:03,03:03:00,69,69,0,1,4,REGULAR,134,V. KING,0,2pt,655,,['pointsinthepaint'],layup,1,22,Vincent Earl,King,Vincent Earl,King,V,K,V,K,V. King,BURSASPOR BASKETBOL,BUR,V. King,22,,,93.629997253418,38.25,0.0,P2,missed,BURSASPOR BASKETBOL V. KING 2Pt missed,,,,,,,,,0,202,1.0,def_reb,0,69,0,69
03:01,03:01:00,69,69,0,2,4,REGULAR,80,T. WILLIAMS,1,rebound,656,655,[],defensive,0,50,Trevion Lamon,Williams,Trevion Lamon,Williams,T,W,T,W,T. Williams,BAHÇEŞEHİR KOLEJİ,BSK,T. Williams,50,,,,,,REB,,BAHÇEŞEHİR KOLEJİ rebound defensive,,,,,,,,,0,203,2.0,def_reb,0,69,0,69
02:48,02:48:00,69,69,0,2,4,REGULAR,80,T. WILLIAMS,0,2pt,658,,['blocked'],jumpshot,1,50,Trevion Lamon,Williams,Trevion Lamon,Williams,T,W,T,W,T. Williams,BAHÇEŞEHİR KOLEJİ,BSK,T. Williams,50,,,22.340000152588,49.830001831055,0.0,P2,missed,BAHÇEŞEHİR KOLEJİ T. WILLIAMS 2Pt missed,,,,127.0,1.0,L. NNOKO,,,0,204,1.0,,0,69,0,69
02:48,02:48:00,69,69,0,1,4,REGULAR,127,L. NNOKO,1,block,659,658,[],,0,35,Landry,Nnoko,Landry,Nnoko,L,N,L,N,L. Nnoko,BURSASPOR BASKETBOL,BUR,L. Nnoko,35,,,,,,BS,,BURSASPOR BASKETBOL L. NNOKO block,,,,,,,,,0,204,1.0,,0,69,0,69
02:48,02:48:00,69,69,0,2,4,REGULAR,0,,1,rebound,660,658,['team'],offensive,0,,,,,,,,,,,BAHÇEŞEHİR KOLEJİ,BSK,,,,,,,,TREB,,BAHÇEŞEHİR KOLEJİ team rebound offensive,,,,,,,,,0,204,1.0,def_reb,0,69,0,69
02:48,02:48:00,69,69,0,1,4,REGULAR,134,V. KING,1,substitution,661,,[],out,0,22,Vincent Earl,King,Vincent Earl,King,V,K,V,K,V. King,BURSASPOR BASKETBOL,BUR,V. King,22,,,,,,SUB,out,BURSASPOR BASKETBOL substitution out,,,,,,,,,0,205,2.0,,0,69,0,69
02:48,02:48:00,69,69,0,1,4,REGULAR,133,B. CHILDRESS,1,substitution,662,,[],in,0,0,Brandon Reginald,Childress,Brandon Reginald,Childress,B,C,B,C,B. Childress,BURSASPOR BASKETBOL,BUR,B. Childress,0,,,,,,SUB,in,BURSASPOR BASKETBOL substitution in,,,,,,,,,0,205,2.0,,0,69,0,69
02:42,02:42:00,69,72,-3,2,4,REGULAR,76,C. HOMESLEY,1,3pt,664,,['2ndchance'],jumpshot,1,5,Caleb Allen,Homesley,Caleb Allen,Homesley,C,H,C,H,C. Homesley,BAHÇEŞEHİR KOLEJİ,BSK,C. Homesley,5,,,22.340000152588,86.839996337891,1.0,P3,made,BAHÇEŞEHİR KOLEJİ C. HOMESLEY 3Pt made,81.0,2.0,M. FLYNN,,,,,,3,205,2.0,score,0,69,3,72
02:42,02:42:00,69,72,-3,2,4,REGULAR,81,M. FLYNN,1,assist,665,664,[],,0,22,Malachi Emmanuel,Flynn,Malachi Emmanuel,Flynn,M,F,M,F,M. Flynn,BAHÇEŞEHİR KOLEJİ,BSK,M. Flynn,22,,,,,,ASS,,BAHÇEŞEHİR KOLEJİ M. FLYNN assist,,,,,,,,,0,206,1.0,,0,69,0,72
02:24,02:24:00,69,72,-3,1,4,REGULAR,144,M. PARSONS,0,2pt,666,,['pointsinthepaint'],drivinglayup,1,5,Malik Disjohn,Parsons,Malik Disjohn,Parsons,M,P,M,P,M. Parsons,BURSASPOR BASKETBOL,BUR,M. Parsons,5,,,91.919998168945,39.659999847412,0.0,P2,missed,BURSASPOR BASKETBOL M. PARSONS 2Pt missed,,,,,,,,,0,206,1.0,def_reb,0,69,0,72
02:21,02:21:00,69,72,-3,2,4,REGULAR,75,T. CAVANAUGH,1,rebound,667,666,[],defensive,0,34,Tyler Robert,Cavanaugh,Tyler Robert,Cavanaugh,T,C,T,C,T. Cavanaugh,BAHÇEŞEHİR KOLEJİ,BSK,T. Cavanaugh,34,,,,,,REB,,BAHÇEŞEHİR KOLEJİ rebound defensive,,,,,,,,,0,207,2.0,def_reb,0,69,0,72
02:02,02:02:00,69,72,-3,2,4,REGULAR,76,C. HOMESLEY,0,2pt,668,,[],jumpshot,1,5,Caleb Allen,Homesley,Caleb Allen,Homesley,C,H,C,H,C. Homesley,BAHÇEŞEHİR KOLEJİ,BSK,C. Homesley,5,,,9.5500001907349,11.409999847412,0.0,P2,missed,BAHÇEŞEHİR KOLEJİ C. HOMESLEY 2Pt missed,,,,,,,,,0,208,1.0,,0,69,0,72
02:00,02:00:00,69,72,-3,2,4,REGULAR,80,T. WILLIAMS,1,rebound,669,668,[],offensive,0,50,Trevion Lamon,Williams,Trevion Lamon,Williams,T,W,T,W,T. Williams,BAHÇEŞEHİR KOLEJİ,BSK,T. Williams,50,,,,,,REB,,BAHÇEŞEHİR KOLEJİ rebound offensive,,,,,,,,,0,208,1.0,,0,69,0,72
01:58,01:58:00,69,72,-3,1,4,REGULAR,129,B. CRAWFORD,1,foul,673,,[],personal,0,13,Bryant Dejuan,Crawford,Bryant Dejuan,Crawford,B,C,B,C,B. Crawford,BURSASPOR BASKETBOL,BUR,B. Crawford,13,,,,,,FOUL,,BURSASPOR BASKETBOL B. CRAWFORD foul personal,,,,,,,,,0,208,1.0,,0,69,0,72
01:58,01:58:00,69,72,-3,2,4,REGULAR,80,T. WILLIAMS,1,foulon,674,673,[],,0,50,Trevion Lamon,Williams,Trevion Lamon,Williams,T,W,T,W,T. Williams,BAHÇEŞEHİR KOLEJİ,BSK,T. Williams,50,,,,,,OTHER,,BAHÇEŞEHİR KOLEJİ foulon,,,,,,,,,0,208,1.0,,0,69,0,72
01:58,01:58:00,69,72,-3,2,4,REGULAR,80,T. WILLIAMS,1,substitution,675,,[],out,0,50,Trevion Lamon,Williams,Trevion Lamon,Williams,T,W,T,W,T. Williams,BAHÇEŞEHİR KOLEJİ,BSK,T. Williams,50,,,,,,SUB,out,BAHÇEŞEHİR KOLEJİ substitution out,,,,,,,,,0,208,1.0,,0,69,0,72
01:58,01:58:00,69,72,-3,2,4,REGULAR,78,B. KOPRIVICA,1,substitution,676,,[],in,0,8,Balsa,Koprivica,Balsa,Koprivica,B,K,B,K,B. Koprivica,BAHÇEŞEHİR KOLEJİ,BSK,B. Koprivica,8,,,,,,SUB,in,BAHÇEŞEHİR KOLEJİ substitution in,,,,,,,,,0,208,1.0,,0,69,0,72
01:47,01:47:00,69,72,-3,2,4,REGULAR,81,M. FLYNN,0,3pt,678,,['2ndchance'],jumpshot,1,22,Malachi Emmanuel,Flynn,Malachi Emmanuel,Flynn,M,F,M,F,M. Flynn,BAHÇEŞEHİR KOLEJİ,BSK,M. Flynn,22,,,32.169998168945,39.939998626709,0.0,P3,missed,BAHÇEŞEHİR KOLEJİ M. FLYNN 3Pt missed,,,,,,,,,0,208,1.0,,0,69,0,72
01:43,01:43:00,69,72,-3,2,4,REGULAR,75,T. CAVANAUGH,1,rebound,680,678,[],offensive,0,34,Tyler Robert,Cavanaugh,Tyler Robert,Cavanaugh,T,C,T,C,T. Cavanaugh,BAHÇEŞEHİR KOLEJİ,BSK,T. Cavanaugh,34,,,,,,REB,,BAHÇEŞEHİR KOLEJİ rebound offensive,,,,,,,,,0,208,1.0,,0,69,0,72
01:43,01:43:00,69,74,-5,2,4,REGULAR,75,T. CAVANAUGH,1,2pt,681,,"['2ndchance', 'pointsinthepaint']",tipinlayup,1,34,Tyler Robert,Cavanaugh,Tyler Robert,Cavanaugh,T,C,T,C,T. Cavanaugh,BAHÇEŞEHİR KOLEJİ,BSK,T. Cavanaugh,34,,,6.0,50.0,1.0,P2,made,BAHÇEŞEHİR KOLEJİ T. CAVANAUGH 2Pt made,,,,,,,,,2,208,1.0,score,0,69,2,74
01:43,01:43:00,69,74,-5,1,4,REGULAR,0,,1,timeout,682,,[],full,0,,,,,,,,,,,BURSASPOR BASKETBOL,BUR,,,,,,,,TIMEOUT,,BURSASPOR BASKETBOL timeout,,,,,,,,,0,209,2.0,,0,69,0,74
01:43,01:43:00,69,74,-5,1,4,REGULAR,129,B. CRAWFORD,1,substitution,683,,[],out,0,13,Bryant Dejuan,Crawford,Bryant Dejuan,Crawford,B,C,B,C,B. Crawford,BURSASPOR BASKETBOL,BUR,B. Crawford,13,,,,,,SUB,out,BURSASPOR BASKETBOL substitution out,,,,,,,,,0,209,2.0,,0,69,0,74
01:43,01:43:00,69,74,-5,1,4,REGULAR,4,Y. ONAR,1,substitution,684,,[],out,0,14,Yesukan,Onar,Yesukan,Onar,Y,O,Y,O,Y. Onar,BURSASPOR BASKETBOL,BUR,Y. Onar,14,,,,,,SUB,out,BURSASPOR BASKETBOL substitution out,,,,,,,,,0,209,2.0,,0,69,0,74
01:43,01:43:00,69,74,-5,1,4,REGULAR,102,B. AKIN,1,substitution,685,,[],in,0,11,Berk Can,Akin,Berk Can,Akin,B,A,B,A,B. Akin,BURSASPOR BASKETBOL,BUR,B. Akin,11,,,,,,SUB,in,BURSASPOR BASKETBOL substitution in,,,,,,,,,0,209,2.0,,0,69,0,74
01:43,01:43:00,69,74,-5,1,4,REGULAR,135,A. KONONTSUK,1,substitution,686,,[],in,0,34,Artur,Konontsuk,Artur,Konontsuk,A,K,A,K,A. Konontsuk,BURSASPOR BASKETBOL,BUR,A. Konontsuk,34,,,,,,SUB,in,BURSASPOR BASKETBOL substitution in,,,,,,,,,0,209,2.0,,0,69,0,74
01:43,01:43:00,69,74,-5,2,4,REGULAR,78,B. KOPRIVICA,1,substitution,687,,[],out,0,8,Balsa,Koprivica,Balsa,Koprivica,B,K,B,K,B. Koprivica,BAHÇEŞEHİR KOLEJİ,BSK,B. Koprivica,8,,,,,,SUB,out,BAHÇEŞEHİR KOLEJİ substitution out,,,,,,,,,0,209,2.0,,0,69,0,74
01:43,01:43:00,69,74,-5,2,4,REGULAR,80,T. WILLIAMS,1,substitution,688,,[],in,0,50,Trevion Lamon,Williams,Trevion Lamon,Williams,T,W,T,W,T. Williams,BAHÇEŞEHİR KOLEJİ,BSK,T. Williams,50,,,,,,SUB,in,BAHÇEŞEHİR KOLEJİ substitution in,,,,,,,,,0,209,2.0,,0,69,0,74
01:36,01:36:00,69,74,-5,2,4,REGULAR,75,T. CAVANAUGH,1,foul,691,,"['shooting', '2freethrow']",personal,0,34,Tyler Robert,Cavanaugh,Tyler Robert,Cavanaugh,T,C,T,C,T. Cavanaugh,BAHÇEŞEHİR KOLEJİ,BSK,T. Cavanaugh,34,,,,,,FOUL,,BAHÇEŞEHİR KOLEJİ T. CAVANAUGH foul personal,,,,,,,,,0,209,2.0,,0,69,0,74
01:36,01:36:00,69,74,-5,1,4,REGULAR,144,M. PARSONS,1,foulon,692,691,[],,0,5,Malik Disjohn,Parsons,Malik Disjohn,Parsons,M,P,M,P,M. Parsons,BURSASPOR BASKETBOL,BUR,M. Parsons,5,,,,,,OTHER,,BURSASPOR BASKETBOL foulon,,,,,,,,,0,209,2.0,,0,69,0,74
01:36,01:36:00,69,74,-5,1,4,REGULAR,144,M. PARSONS,0,freethrow,693,,[],1of2,1,5,Malik Disjohn,Parsons,Malik Disjohn,Parsons,M,P,M,P,M. Parsons,BURSASPOR BASKETBOL,BUR,M. Parsons,5,,,,,,FT,missed,BURSASPOR BASKETBOL M. PARSONS FT 1of2 missed,,,,,,,,,0,209,2.0,def_reb,0,69,0,74
01:36,01:36:00,69,74,-5,1,4,REGULAR,0,,1,rebound,694,693,[],offensivedeadball,0,,,,,,,,,,,BURSASPOR BASKETBOL,BUR,,,,,,,,TREB,,BURSASPOR BASKETBOL team rebound offensivedeadball,,,,,,,,,0,210,1.0,def_reb,0,69,0,74
01:36,01:36:00,70,74,-4,1,4,REGULAR,144,M. PARSONS,1,freethrow,695,,[],2of2,1,5,Malik Disjohn,Parsons,Malik Disjohn,Parsons,M,P,M,P,M. Parsons,BURSASPOR BASKETBOL,BUR,M. Parsons,5,,,,,,FT,made,BURSASPOR BASKETBOL M. PARSONS FT 2of2 made,,,,,,,,,1,211,2.0,made_ft_last,1,70,0,74
01:18,01:18:00,70,74,-4,2,4,REGULAR,76,C. HOMESLEY,1,turnover,697,,[],badpass,0,5,Caleb Allen,Homesley,Caleb Allen,Homesley,C,H,C,H,C. Homesley,BAHÇEŞEHİR KOLEJİ,BSK,C. Homesley,5,,,,,,TO,,BAHÇEŞEHİR KOLEJİ C. HOMESLEY turnover badpass,,,,,,,,,0,212,1.0,turnover,0,70,0,74
01:18,01:18:00,70,74,-4,1,4,REGULAR,102,B. AKIN,1,steal,698,697,[],,0,11,Berk Can,Akin,Berk Can,Akin,B,A,B,A,B. Akin,BURSASPOR BASKETBOL,BUR,B. Akin,11,,,,,,ST,,BURSASPOR BASKETBOL B. AKIN steal,,,,,,,,,0,213,2.0,,0,70,0,74
01:13,01:13:00,73,74,-1,1,4,REGULAR,133,B. CHILDRESS,1,3pt,700,,"['fromturnover', 'fastbreak']",jumpshot,1,0,Brandon Reginald,Childress,Brandon Reginald,Childress,B,C,B,C,B. Childress,BURSASPOR BASKETBOL,BUR,B. Childress,0,,,68.830001831055,76.379997253418,1.0,P3,made,BURSASPOR BASKETBOL B. CHILDRESS 3Pt made,,,,,,,,,3,213,2.0,score,3,73,0,74
01:12,01:12:00,73,74,-1,2,4,REGULAR,0,,1,timeout,703,,[],full,0,,,,,,,,,,,BAHÇEŞEHİR KOLEJİ,BSK,,,,,,,,TIMEOUT,,BAHÇEŞEHİR KOLEJİ timeout,,,,,,,,,0,214,1.0,,0,73,0,74
01:12,01:12:00,73,74,-1,2,4,REGULAR,75,T. CAVANAUGH,1,substitution,704,,[],out,0,34,Tyler Robert,Cavanaugh,Tyler Robert,Cavanaugh,T,C,T,C,T. Cavanaugh,BAHÇEŞEHİR KOLEJİ,BSK,T. Cavanaugh,34,,,,,,SUB,out,BAHÇEŞEHİR KOLEJİ substitution out,,,,,,,,,0,214,1.0,,0,73,0,74
01:12,01:12:00,73,74,-1,2,4,REGULAR,77,M. MITCHELL II,1,substitution,705,,[],in,0,11,Matthew Antonio,Mitchell Ii,Matthew Antonio,Mitchell Ii,M,M,M,M,M. Mitchell Ii,BAHÇEŞEHİR KOLEJİ,BSK,M. Mitchell Ii,11,,,,,,SUB,in,BAHÇEŞEHİR KOLEJİ substitution in,,,,,,,,,0,214,1.0,,0,73,0,74
00:59,00:59:80,73,74,-1,2,4,REGULAR,76,C. HOMESLEY,0,3pt,707,,[],jumpshot,1,5,Caleb Allen,Homesley,Caleb Allen,Homesley,C,H,C,H,C. Homesley,BAHÇEŞEHİR KOLEJİ,BSK,C. Homesley,5,,,31.389999389648,27.229999542236,0.0,P3,missed,BAHÇEŞEHİR KOLEJİ C. HOMESLEY 3Pt missed,,,,,,,,,0,214,1.0,def_reb,0,73,0,74
00:57,00:57:70,73,74,-1,1,4,REGULAR,102,B. AKIN,1,rebound,708,707,[],defensive,0,11,Berk Can,Akin,Berk Can,Akin,B,A,B,A,B. Akin,BURSASPOR BASKETBOL,BUR,B. Akin,11,,,,,,REB,,BURSASPOR BASKETBOL rebound defensive,,,,,,,,,0,215,2.0,def_reb,0,73,0,74
00:41,00:41:30,73,74,-1,1,4,REGULAR,135,A. KONONTSUK,1,turnover,710,,[],badpass,0,34,Artur,Konontsuk,Artur,Konontsuk,A,K,A,K,A. Konontsuk,BURSASPOR BASKETBOL,BUR,A. Konontsuk,34,,,,,,TO,,BURSASPOR BASKETBOL A. KONONTSUK turnover badpass,,,,,,,,,0,216,1.0,turnover,0,73,0,74
00:31,00:31:90,73,74,-1,2,4,REGULAR,62,K. SIPAHI,0,2pt,716,,"['fromturnover', 'pointsinthepaint', 'blocked']",layup,1,55,Kenan,Sipahi,Kenan,Sipahi,K,S,K,S,K. Sipahi,BAHÇEŞEHİR KOLEJİ,BSK,K. Sipahi,55,,,11.420000076294,44.459999084473,0.0,P2,missed,BAHÇEŞEHİR KOLEJİ K. SIPAHI 2Pt missed,,,,133.0,1.0,B. CHILDRESS,,,0,217,2.0,,0,73,0,74
00:31,00:31:90,73,74,-1,1,4,REGULAR,133,B. CHILDRESS,1,block,717,716,[],,0,0,Brandon Reginald,Childress,Brandon Reginald,Childress,B,C,B,C,B. Childress,BURSASPOR BASKETBOL,BUR,B. Childress,0,,,,,,BS,,BURSASPOR BASKETBOL B. CHILDRESS block,,,,,,,,,0,217,2.0,,0,73,0,74
00:26,00:26:50,73,74,-1,1,4,REGULAR,133,B. CHILDRESS,1,rebound,718,716,[],defensive,0,0,Brandon Reginald,Childress,Brandon Reginald,Childress,B,C,B,C,B. Childress,BURSASPOR BASKETBOL,BUR,B. Childress,0,,,,,,REB,,BURSASPOR BASKETBOL rebound defensive,,,,,,,,,0,217,2.0,def_reb,0,73,0,74
00:25,00:25:90,75,74,1,1,4,REGULAR,144,M. PARSONS,1,2pt,720,,"['pointsinthepaint', 'fastbreak']",layup,1,5,Malik Disjohn,Parsons,Malik Disjohn,Parsons,M,P,M,P,M. Parsons,BURSASPOR BASKETBOL,BUR,M. Parsons,5,,,93.480003356934,40.229999542236,1.0,P2,made,BURSASPOR BASKETBOL M. PARSONS 2Pt made,133.0,1.0,B. CHILDRESS,,,,,,2,218,1.0,score,2,75,0,74
00:25,00:25:90,75,74,1,1,4,REGULAR,133,B. CHILDRESS,1,assist,721,720,[],,0,0,Brandon Reginald,Childress,Brandon Reginald,Childress,B,C,B,C,B. Childress,BURSASPOR BASKETBOL,BUR,B. Childress,0,,,,,,ASS,,BURSASPOR BASKETBOL B. CHILDRESS assist,,,,,,,,,0,219,2.0,,0,75,0,74
00:14,00:14:20,75,74,1,2,4,REGULAR,81,M. FLYNN,0,3pt,723,,[],jumpshot,1,22,Malachi Emmanuel,Flynn,Malachi Emmanuel,Flynn,M,F,M,F,M. Flynn,BAHÇEŞEHİR KOLEJİ,BSK,M. Flynn,22,,,32.639999389648,67.629997253418,0.0,P3,missed,BAHÇEŞEHİR KOLEJİ M. FLYNN 3Pt missed,,,,,,,,,0,219,2.0,,0,75,0,74
00:11,00:11:90,75,74,1,2,4,REGULAR,76,C. HOMESLEY,1,rebound,724,723,[],offensive,0,5,Caleb Allen,Homesley,Caleb Allen,Homesley,C,H,C,H,C. Homesley,BAHÇEŞEHİR KOLEJİ,BSK,C. Homesley,5,,,,,,REB,,BAHÇEŞEHİR KOLEJİ rebound offensive,,,,,,,,,0,219,2.0,,0,75,0,74
00:09,00:09:60,75,77,-2,2,4,REGULAR,81,M. FLYNN,1,3pt,726,,['2ndchance'],jumpshot,1,22,Malachi Emmanuel,Flynn,Malachi Emmanuel,Flynn,M,F,M,F,M. Flynn,BAHÇEŞEHİR KOLEJİ,BSK,M. Flynn,22,,,32.009998321533,21.579999923706,1.0,P3,made,BAHÇEŞEHİR KOLEJİ M. FLYNN 3Pt made,76.0,2.0,C. HOMESLEY,,,,,,3,219,2.0,score,0,75,3,77
00:09,00:09:60,75,77,-2,2,4,REGULAR,76,C. HOMESLEY,1,assist,727,726,[],,0,5,Caleb Allen,Homesley,Caleb Allen,Homesley,C,H,C,H,C. Homesley,BAHÇEŞEHİR KOLEJİ,BSK,C. Homesley,5,,,,,,ASS,,BAHÇEŞEHİR KOLEJİ C. HOMESLEY assist,,,,,,,,,0,220,1.0,,0,75,0,77
00:02,00:02:90,75,77,-2,1,4,REGULAR,144,M. PARSONS,1,turnover,731,,[],ballhandling,0,5,Malik Disjohn,Parsons,Malik Disjohn,Parsons,M,P,M,P,M. Parsons,BURSASPOR BASKETBOL,BUR,M. Parsons,5,,,,,,TO,,BURSASPOR BASKETBOL M. PARSONS turnover ballhandling,,,,,,,,,0,220,1.0,turnover,0,75,0,77
00:02,00:02:90,75,77,-2,2,4,REGULAR,81,M. FLYNN,1,steal,733,731,[],,0,22,Malachi Emmanuel,Flynn,Malachi Emmanuel,Flynn,M,F,M,F,M. Flynn,BAHÇEŞEHİR KOLEJİ,BSK,M. Flynn,22,,,,,,ST,,BAHÇEŞEHİR KOLEJİ M. FLYNN steal,,,,,,,,,0,221,2.0,,0,75,0,77
00:00,00:00:00,75,77,-2,0,4,REGULAR,0,,1,period,736,,['confirmed'],end,0,,,,,,,,,,,,,,,,,,,,OTHER,,period end,,,,,,,,,0,221,2.0,,0,75,0,77
00:00,00:00:00,75,77,-2,0,4,REGULAR,0,,1,game,737,,['confirmed'],end,0,,,,,,,,,,,,,,,,,,,,OTHER,,game end,,,,,,,,,0,221,2.0,,0,75,0,77
