gt,clock,s1,s2,lead,tno,period,periodType,pno,player,success,actionType,actionNumber,previousAction,qualifier,subType,scoring,shirtNumber,firstName,familyName,internationalFirstName,internationalFamilyName,firstNameInitial,familyNameInitial,internationalFirstNameInitial,internationalFamilyNameInitial,scoreboardName,team_name,team_code,player_name_from_roster,player_shirt,player_pos_raw,player_pos_group,x,y,r,ev_code,ev_result,ev_text,assist_pno,assist_tno,assist_player,block_pno,block_tno,block_player,assist_pos_group,block_pos_group,points,possession_id,possession_owner_tno,possession_end_reason,pts_1,cum_1,pts_2,cum_2
10:00,10:00:00,0,0,0,0,1,REGULAR,0,,1,game,1,,[],start,0,,,,,,,,,,,,,,,,,,,,OTHER,,game start,,,,,,,,,0,0,,,0,0,0,0
10:00,10:00:00,0,0,0,0,1,REGULAR,0,,1,period,2,,[],start,0,,,,,,,,,,,,,,,,,,,,OTHER,,period start,,,,,,,,,0,0,,,0,0,0,0
10:00,10:00:00,0,0,0,0,1,REGULAR,0,,1,jumpball,4,,[],startperiod,0,,,,,,,,,,,,,,,,,,,,JUMP,,jump ball,,,,,,,,,0,0,,,0,0,0,0
09:59,09:59:00,0,0,0,2,1,REGULAR,63,A. ZIZIC,1,jumpball,5,4,[],won,0,41,Ante Toni,Zizic,Ante Toni,Zizic,A,Z,A,Z,A. Zizic,BEŞİKTAŞ GAİN,BJK,A. Zizic,41,,,,,,JUMP,,jump ball,,,,,,,,,0,0,,,0,0,0,0
09:59,09:59:00,0,0,0,1,1,REGULAR,8,H. VANWIJN,1,jumpball,6,4,[],lost,0,10,Hans,Vanwijn,Hans,Vanwijn,H,V,H,V,H. Vanwijn,YUKATEL MERKEZEFENDİ BELEDİYESİ BASKET,YMB,H. Vanwijn,10,,,,,,JUMP,,jump ball,,,,,,,,,0,0,,,0,0,0,0
09:42,09:42:00,0,0,0,2,1,REGULAR,72,D. DOTSON,0,2pt,7,,['pointsinthepaint'],drivinglayup,1,1,Devon Durrell,Dotson,Devon Durrell,Dotson,D,D,D,D,D. Dotson,BEŞİKTAŞ GAİN,BJK,D. Dotson,1,,,90.980003356934,45.029998779297,0.0,P2,missed,BEŞİKTAŞ GAİN D. DOTSON 2Pt missed,,,,,,,,,0,1,2.0,def_reb,0,0,0,0
09:40,09:40:00,0,0,0,1,1,REGULAR,8,H. VANWIJN,1,rebound,8,7,[],defensive,0,10,Hans,Vanwijn,Hans,Vanwijn,H,V,H,V,H. Vanwijn,YUKATEL MERKEZEFENDİ BELEDİYESİ BASKET,YMB,H. Vanwijn,10,,,,,,REB,,YUKATEL MERKEZEFENDİ BELEDİYESİ BASKET rebound defensive,,,,,,,,,0,2,1.0,def_reb,0,0,0,0
09:35,09:35:00,0,0,0,2,1,REGULAR,72,D. DOTSON,1,foul,10,,[],personal,0,1,Devon Durrell,Dotson,Devon Durrell,Dotson,D,D,D,D,D. Dotson,BEŞİKTAŞ GAİN,BJK,D. Dotson,1,,,,,,FOUL,,BEŞİKTAŞ GAİN D. DOTSON foul personal,,,,,,,,,0,3,2.0,,0,0,0,0
09:35,09:35:00,0,0,0,1,1,REGULAR,5,M. AGVA,1,foulon,11,10,[],,0,46,Mahir,Agva,Mahir,Agva,M,A,M,A,M. Agva,YUKATEL MERKEZEFENDİ BELEDİYESİ BASKET,YMB,M. Agva,46,,,,,,OTHER,,YUKATEL MERKEZEFENDİ BELEDİYESİ BASKET foulon,,,,,,,,,0,3,2.0,,0,0,0,0
09:23,09:23:00,2,0,2,1,1,REGULAR,5,M. AGVA,1,2pt,15,,[],jumpshot,1,46,Mahir,Agva,Mahir,Agva,M,A,M,A,M. Agva,YUKATEL MERKEZEFENDİ BELEDİYESİ BASKET,YMB,M. Agva,46,,,19.219999313354,28.639999389648,1.0,P2,made,YUKATEL MERKEZEFENDİ BELEDİYESİ BASKET M. AGVA 2Pt made,21.0,1.0,K. SMITH JR,,,,,,2,3,2.0,score,2,2,0,0
09:23,09:23:00,2,0,2,1,1,REGULAR,21,K. SMITH JR,1,assist,16,15,[],,0,4,Kenneth Jerome,Smith Jr,Kenneth Jerome,Smith Jr,K,S,K,S,K. Smith Jr,YUKATEL MERKEZEFENDİ BELEDİYESİ BASKET,YMB,K. Smith Jr,4,,,,,,ASS,,YUKATEL MERKEZEFENDİ BELEDİYESİ BASKET K. SMITH JR assist,,,,,,,,,0,4,1.0,,0,2,0,0
09:04,09:04:00,2,0,2,1,1,REGULAR,5,M. AGVA,1,foul,18,,"['shooting', '2freethrow']",personal,0,46,Mahir,Agva,Mahir,Agva,M,A,M,A,M. Agva,YUKATEL MERKEZEFENDİ BELEDİYESİ BASKET,YMB,M. Agva,46,,,,,,FOUL,,YUKATEL MERKEZEFENDİ BELEDİYESİ BASKET M. AGVA foul personal,,,,,,,,,0,4,1.0,,0,2,0,0
09:04,09:04:00,2,0,2,2,1,REGULAR,70,C. MORGAN,1,foulon,19,18,[],,0,9,Conor Seamus William,Morgan,Conor Seamus William,Morgan,C,M,C,M,C. Morgan,BEŞİKTAŞ GAİN,BJK,C. Morgan,9,,,,,,OTHER,,BEŞİKTAŞ GAİN foulon,,,,,,,,,0,4,1.0,,0,2,0,0
09:04,09:04:00,2,1,1,2,1,REGULAR,70,C. MORGAN,1,freethrow,20,,[],1of2,1,9,Conor Seamus William,Morgan,Conor Seamus William,Morgan,C,M,C,M,C. Morgan,BEŞİKTAŞ GAİN,BJK,C. Morgan,9,,,,,,FT,made,BEŞİKTAŞ GAİN C. MORGAN FT 1of2 made,,,,,,,,,1,4,1.0,made_ft,0,2,1,1
09:04,09:04:00,2,1,1,2,1,REGULAR,71,J. MATHEWS,1,assist,21,20,[],,0,0,Jonah Kenneth,Mathews,Jonah Kenneth,Mathews,J,M,J,M,J. Mathews,BEŞİKTAŞ GAİN,BJK,J. Mathews,0,,,,,,ASS,,BEŞİKTAŞ GAİN J. MATHEWS assist,,,,,,,,,0,5,2.0,,0,2,0,1
09:04,09:04:00,2,2,0,2,1,REGULAR,70,C. MORGAN,1,freethrow,22,,[],2of2,1,9,Conor Seamus William,Morgan,Conor Seamus William,Morgan,C,M,C,M,C. Morgan,BEŞİKTAŞ GAİN,BJK,C. Morgan,9,,,,,,FT,made,BEŞİKTAŞ GAİN C. MORGAN FT 2of2 made,,,,,,,,,1,5,2.0,made_ft_last,0,2,1,2
08:48,08:48:00,2,2,0,1,1,REGULAR,12,M. CAZALON,0,2pt,24,,['pointsinthepaint'],layup,1,21,Malcolm Jean Ahmed,Cazalon,Malcolm Jean Ahmed,Cazalon,M,C,M,C,M. Cazalon,YUKATEL MERKEZEFENDİ BELEDİYESİ BASKET,YMB,M. Cazalon,21,,,12.510000228882,49.270000457764,0.0,P2,missed,YUKATEL MERKEZEFENDİ BELEDİYESİ BASKET M. CAZALON 2Pt missed,,,,,,,,,0,6,1.0,def_reb,0,2,0,2
08:45,08:45:00,2,2,0,2,1,REGULAR,63,A. ZIZIC,1,rebound,25,24,[],defensive,0,41,Ante Toni,Zizic,Ante Toni,Zizic,A,Z,A,Z,A. Zizic,BEŞİKTAŞ GAİN,BJK,A. Zizic,41,,,,,,REB,,BEŞİKTAŞ GAİN rebound defensive,,,,,,,,,0,7,2.0,def_reb,0,2,0,2
08:40,08:40:00,2,5,-3,2,1,REGULAR,72,D. DOTSON,1,3pt,26,,['fastbreak'],jumpshot,1,1,Devon Durrell,Dotson,Devon Durrell,Dotson,D,D,D,D,D. Dotson,BEŞİKTAŞ GAİN,BJK,D. Dotson,1,,,74.290000915527,19.60000038147,1.0,P3,made,BEŞİKTAŞ GAİN D. DOTSON 3Pt made,75.0,2.0,Y. ARSLAN,,,,,,3,8,1.0,score,0,2,3,5
08:40,08:40:00,2,5,-3,2,1,REGULAR,75,Y. ARSLAN,1,assist,27,26,[],,0,7,Yigit,Arslan,Yigit,Arslan,Y,A,Y,A,Y. Arslan,BEŞİKTAŞ GAİN,BJK,Y. Arslan,7,,,,,,ASS,,BEŞİKTAŞ GAİN Y. ARSLAN assist,,,,,,,,,0,9,2.0,,0,2,0,5
08:24,08:24:00,2,5,-3,1,1,REGULAR,12,M. CAZALON,0,2pt,28,,['pointsinthepaint'],jumpshot,1,21,Malcolm Jean Ahmed,Cazalon,Malcolm Jean Ahmed,Cazalon,M,C,M,C,M. Cazalon,YUKATEL MERKEZEFENDİ BELEDİYESİ BASKET,YMB,M. Cazalon,21,,,12.819999694824,60.0,0.0,P2,missed,YUKATEL MERKEZEFENDİ BELEDİYESİ BASKET M. CAZALON 2Pt missed,,,,,,,,,0,9,2.0,,0,2,0,5
08:22,08:22:00,2,5,-3,1,1,REGULAR,5,M. AGVA,1,rebound,29,28,[],offensive,0,46,Mahir,Agva,Mahir,Agva,M,A,M,A,M. Agva,YUKATEL MERKEZEFENDİ BELEDİYESİ BASKET,YMB,M. Agva,46,,,,,,REB,,YUKATEL MERKEZEFENDİ BELEDİYESİ BASKET rebound offensive,,,,,,,,,0,9,2.0,,0,2,0,5
08:20,08:20:00,2,5,-3,1,1,REGULAR,12,M. CAZALON,0,2pt,30,,['2ndchance'],jumpshot,1,21,Malcolm Jean Ahmed,Cazalon,Malcolm Jean Ahmed,Cazalon,M,C,M,C,M. Cazalon,YUKATEL MERKEZEFENDİ BELEDİYESİ BASKET,YMB,M. Cazalon,21,,,4.710000038147,93.330001831055,0.0,P2,missed,YUKATEL MERKEZEFENDİ BELEDİYESİ BASKET M. CAZALON 2Pt missed,,,,,,,,,0,9,2.0,def_reb,0,2,0,5
08:17,08:17:00,2,5,-3,2,1,REGULAR,72,D. DOTSON,1,rebound,31,30,[],defensive,0,1,Devon Durrell,Dotson,Devon Durrell,Dotson,D,D,D,D,D. Dotson,BEŞİKTAŞ GAİN,BJK,D. Dotson,1,,,,,,REB,,BEŞİKTAŞ GAİN rebound defensive,,,,,,,,,0,10,1.0,def_reb,0,2,0,5
08:12,08:12:00,2,7,-5,2,1,REGULAR,72,D. DOTSON,1,2pt,32,,"['pointsinthepaint', 'fastbreak']",layup,1,1,Devon Durrell,Dotson,Devon Durrell,Dotson,D,D,D,D,D. Dotson,BEŞİKTAŞ GAİN,BJK,D. Dotson,1,,,91.919998168945,61.689998626709,1.0,P2,made,BEŞİKTAŞ GAİN D. DOTSON 2Pt made,,,,,,,,,2,11,2.0,score,0,2,2,7
08:11,08:11:00,2,7,-5,1,1,REGULAR,0,,1,timeout,34,,[],full,0,,,,,,,,,,,YUKATEL MERKEZEFENDİ BELEDİYESİ BASKET,YMB,,,,,,,,TIMEOUT,,YUKATEL MERKEZEFENDİ BELEDİYESİ BASKET timeout,,,,,,,,,0,12,1.0,,0,2,0,7
07:45,07:45:00,2,7,-5,1,1,REGULAR,5,M. AGVA,1,turnover,37,,[],badpass,0,46,Mahir,Agva,Mahir,Agva,M,A,M,A,M. Agva,YUKATEL MERKEZEFENDİ BELEDİYESİ BASKET,YMB,M. Agva,46,,,,,,TO,,YUKATEL MERKEZEFENDİ BELEDİYESİ BASKET M. AGVA turnover badpass,,,,,,,,,0,12,1.0,turnover,0,2,0,7
07:29,07:29:00,2,10,-8,2,1,REGULAR,71,J. MATHEWS,1,3pt,39,,['fromturnover'],jumpshot,1,0,Jonah Kenneth,Mathews,Jonah Kenneth,Mathews,J,M,J,M,J. Mathews,BEŞİKTAŞ GAİN,BJK,J. Mathews,0,,,80.690002441406,10.560000419617,1.0,P3,made,BEŞİKTAŞ GAİN J. MATHEWS 3Pt made,75.0,2.0,Y. ARSLAN,,,,,,3,13,2.0,score,0,2,3,10
07:29,07:29:00,2,10,-8,2,1,REGULAR,75,Y. ARSLAN,1,assist,40,39,[],,0,7,Yigit,Arslan,Yigit,Arslan,Y,A,Y,A,Y. Arslan,BEŞİKTAŞ GAİN,BJK,Y. Arslan,7,,,,,,ASS,,BEŞİKTAŞ GAİN Y. ARSLAN assist,,,,,,,,,0,14,1.0,,0,2,0,10
07:02,07:02:00,2,10,-8,1,1,REGULAR,21,K. SMITH JR,0,3pt,41,,[],jumpshot,1,4,Kenneth Jerome,Smith Jr,Kenneth Jerome,Smith Jr,K,S,K,S,K. Smith Jr,YUKATEL MERKEZEFENDİ BELEDİYESİ BASKET,YMB,K. Smith Jr,4,,,31.389999389648,56.610000610352,0.0,P3,missed,YUKATEL MERKEZEFENDİ BELEDİYESİ BASKET K. SMITH JR 3Pt missed,,,,,,,,,0,14,1.0,def_reb,0,2,0,10
06:58,06:58:00,2,10,-8,2,1,REGULAR,75,Y. ARSLAN,1,rebound,42,41,[],defensive,0,7,Yigit,Arslan,Yigit,Arslan,Y,A,Y,A,Y. Arslan,BEŞİKTAŞ GAİN,BJK,Y. Arslan,7,,,,,,REB,,BEŞİKTAŞ GAİN rebound defensive,,,,,,,,,0,15,2.0,def_reb,0,2,0,10
06:48,06:48:00,2,10,-8,2,1,REGULAR,70,C. MORGAN,1,turnover,44,,[],travel,0,9,Conor Seamus William,Morgan,Conor Seamus William,Morgan,C,M,C,M,C. Morgan,BEŞİKTAŞ GAİN,BJK,C. Morgan,9,,,,,,TO,,BEŞİKTAŞ GAİN C. MORGAN turnover travel,,,,,,,,,0,16,1.0,turnover,0,2,0,10
06:48,06:48:00,2,10,-8,2,1,REGULAR,72,D. DOTSON,1,substitution,45,,[],out,0,1,Devon Durrell,Dotson,Devon Durrell,Dotson,D,D,D,D,D. Dotson,BEŞİKTAŞ GAİN,BJK,D. Dotson,1,,,,,,SUB,out,BEŞİKTAŞ GAİN substitution out,,,,,,,,,0,17,2.0,,0,2,0,10
06:48,06:48:00,2,10,-8,2,1,REGULAR,68,A. BROWN,1,substitution,46,,[],in,0,21,Anthony Lejohn,Brown,Anthony Lejohn,Brown,A,B,A,B,A. Brown,BEŞİKTAŞ GAİN,BJK,A. Brown,21,,,,,,SUB,in,BEŞİKTAŞ GAİN substitution in,,,,,,,,,0,17,2.0,,0,2,0,10
06:34,06:34:00,2,10,-8,1,1,REGULAR,12,M. CAZALON,0,3pt,48,,['fromturnover'],jumpshot,1,21,Malcolm Jean Ahmed,Cazalon,Malcolm Jean Ahmed,Cazalon,M,C,M,C,M. Cazalon,YUKATEL MERKEZEFENDİ BELEDİYESİ BASKET,YMB,M. Cazalon,21,,,29.979999542236,63.669998168945,0.0,P3,missed,YUKATEL MERKEZEFENDİ BELEDİYESİ BASKET M. CAZALON 3Pt missed,,,,,,,,,0,17,2.0,def_reb,0,2,0,10
06:31,06:31:00,2,10,-8,2,1,REGULAR,75,Y. ARSLAN,1,rebound,49,48,[],defensive,0,7,Yigit,Arslan,Yigit,Arslan,Y,A,Y,A,Y. Arslan,BEŞİKTAŞ GAİN,BJK,Y. Arslan,7,,,,,,REB,,BEŞİKTAŞ GAİN rebound defensive,,,,,,,,,0,18,1.0,def_reb,0,2,0,10
06:24,06:24:00,2,13,-11,2,1,REGULAR,70,C. MORGAN,1,3pt,50,,[],jumpshot,1,9,Conor Seamus William,Morgan,Conor Seamus William,Morgan,C,M,C,M,C. Morgan,BEŞİKTAŞ GAİN,BJK,C. Morgan,9,,,77.099998474121,87.120002746582,1.0,P3,made,BEŞİKTAŞ GAİN C. MORGAN 3Pt made,75.0,2.0,Y. ARSLAN,,,,,,3,19,2.0,score,0,2,3,13
06:24,06:24:00,2,13,-11,2,1,REGULAR,75,Y. ARSLAN,1,assist,51,50,[],,0,7,Yigit,Arslan,Yigit,Arslan,Y,A,Y,A,Y. Arslan,BEŞİKTAŞ GAİN,BJK,Y. Arslan,7,,,,,,ASS,,BEŞİKTAŞ GAİN Y. ARSLAN assist,,,,,,,,,0,20,1.0,,0,2,0,13
05:59,05:59:00,2,13,-11,1,1,REGULAR,13,J. HAWKINS,0,2pt,52,,['pointsinthepaint'],layup,1,31,Javontae Aaron,Hawkins,Javontae Aaron,Hawkins,J,H,J,H,J. Hawkins,YUKATEL MERKEZEFENDİ BELEDİYESİ BASKET,YMB,J. Hawkins,31,,,7.6799998283386,46.720001220703,0.0,P2,missed,YUKATEL MERKEZEFENDİ BELEDİYESİ BASKET J. HAWKINS 2Pt missed,,,,,,,,,0,20,1.0,def_reb,0,2,0,13
05:59,05:59:00,2,13,-11,2,1,REGULAR,0,,1,rebound,54,52,['team'],defensive,0,,,,,,,,,,,BEŞİKTAŞ GAİN,BJK,,,,,,,,TREB,,BEŞİKTAŞ GAİN team rebound defensive,,,,,,,,,0,21,2.0,def_reb,0,2,0,13
05:51,05:51:00,2,13,-11,2,1,REGULAR,71,J. MATHEWS,1,turnover,57,,[],ballhandling,0,0,Jonah Kenneth,Mathews,Jonah Kenneth,Mathews,J,M,J,M,J. Mathews,BEŞİKTAŞ GAİN,BJK,J. Mathews,0,,,,,,TO,,BEŞİKTAŞ GAİN J. MATHEWS turnover ballhandling,,,,,,,,,0,22,1.0,turnover,0,2,0,13
05:51,05:51:00,2,13,-11,1,1,REGULAR,13,J. HAWKINS,1,steal,58,57,[],,0,31,Javontae Aaron,Hawkins,Javontae Aaron,Hawkins,J,H,J,H,J. Hawkins,YUKATEL MERKEZEFENDİ BELEDİYESİ BASKET,YMB,J. Hawkins,31,,,,,,ST,,YUKATEL MERKEZEFENDİ BELEDİYESİ BASKET J. HAWKINS steal,,,,,,,,,0,23,2.0,,0,2,0,13
05:51,05:51:00,2,13,-11,2,1,REGULAR,71,J. MATHEWS,1,foul,59,,[],personal,0,0,Jonah Kenneth,Mathews,Jonah Kenneth,Mathews,J,M,J,M,J. Mathews,BEŞİKTAŞ GAİN,BJK,J. Mathews,0,,,,,,FOUL,,BEŞİKTAŞ GAİN J. MATHEWS foul personal,,,,,,,,,0,23,2.0,,0,2,0,13
05:51,05:51:00,2,13,-11,1,1,REGULAR,13,J. HAWKINS,1,foulon,60,59,[],,0,31,Javontae Aaron,Hawkins,Javontae Aaron,Hawkins,J,H,J,H,J. Hawkins,YUKATEL MERKEZEFENDİ BELEDİYESİ BASKET,YMB,J. Hawkins,31,,,,,,OTHER,,YUKATEL MERKEZEFENDİ BELEDİYESİ BASKET foulon,,,,,,,,,0,23,2.0,,0,2,0,13
05:51,05:51:00,2,13,-11,1,1,REGULAR,13,J. HAWKINS,1,substitution,61,,[],out,0,31,Javontae Aaron,Hawkins,Javontae Aaron,Hawkins,J,H,J,H,J. Hawkins,YUKATEL MERKEZEFENDİ BELEDİYESİ BASKET,YMB,J. Hawkins,31,,,,,,SUB,out,YUKATEL MERKEZEFENDİ BELEDİYESİ BASKET substitution out,,,,,,,,,0,23,2.0,,0,2,0,13
05:51,05:51:00,2,13,-11,1,1,REGULAR,11,S. GRIFFIN,1,substitution,62,,[],in,0,1,Samuel Gevaris,Griffin,Samuel Gevaris,Griffin,S,G,S,G,S. Griffin,YUKATEL MERKEZEFENDİ BELEDİYESİ BASKET,YMB,S. Griffin,1,,,,,,SUB,in,YUKATEL MERKEZEFENDİ BELEDİYESİ BASKET substitution in,,,,,,,,,0,23,2.0,,0,2,0,13
05:33,05:33:00,2,13,-11,1,1,REGULAR,5,M. AGVA,0,2pt,64,,"['fromturnover', 'pointsinthepaint']",jumpshot,1,46,Mahir,Agva,Mahir,Agva,M,A,M,A,M. Agva,YUKATEL MERKEZEFENDİ BELEDİYESİ BASKET,YMB,M. Agva,46,,,8.3000001907349,54.919998168945,0.0,P2,missed,YUKATEL MERKEZEFENDİ BELEDİYESİ BASKET M. AGVA 2Pt missed,,,,,,,,,0,23,2.0,def_reb,0,2,0,13
05:31,05:31:00,2,13,-11,2,1,REGULAR,70,C. MORGAN,1,rebound,65,64,[],defensive,0,9,Conor Seamus William,Morgan,Conor Seamus William,Morgan,C,M,C,M,C. Morgan,BEŞİKTAŞ GAİN,BJK,C. Morgan,9,,,,,,REB,,BEŞİKTAŞ GAİN rebound defensive,,,,,,,,,0,24,1.0,def_reb,0,2,0,13
05:19,05:19:00,2,15,-13,2,1,REGULAR,63,A. ZIZIC,1,2pt,66,,['pointsinthepaint'],hookshot,1,41,Ante Toni,Zizic,Ante Toni,Zizic,A,Z,A,Z,A. Zizic,BEŞİKTAŞ GAİN,BJK,A. Zizic,41,,,90.199996948242,50.400001525879,1.0,P2,made,BEŞİKTAŞ GAİN A. ZIZIC 2Pt made,70.0,2.0,C. MORGAN,,,,,,2,25,2.0,score,0,2,2,15
05:19,05:19:00,2,15,-13,2,1,REGULAR,70,C. MORGAN,1,assist,67,66,[],,0,9,Conor Seamus William,Morgan,Conor Seamus William,Morgan,C,M,C,M,C. Morgan,BEŞİKTAŞ GAİN,BJK,C. Morgan,9,,,,,,ASS,,BEŞİKTAŞ GAİN C. MORGAN assist,,,,,,,,,0,26,1.0,,0,2,0,15
05:01,05:01:00,5,15,-10,1,1,REGULAR,8,H. VANWIJN,1,3pt,68,,[],jumpshot,1,10,Hans,Vanwijn,Hans,Vanwijn,H,V,H,V,H. Vanwijn,YUKATEL MERKEZEFENDİ BELEDİYESİ BASKET,YMB,H. Vanwijn,10,,,4.0900001525879,3.789999961853,1.0,P3,made,YUKATEL MERKEZEFENDİ BELEDİYESİ BASKET H. VANWIJN 3Pt made,5.0,1.0,M. AGVA,,,,,,3,26,1.0,score,3,5,0,15
05:01,05:01:00,5,15,-10,1,1,REGULAR,5,M. AGVA,1,assist,69,68,[],,0,46,Mahir,Agva,Mahir,Agva,M,A,M,A,M. Agva,YUKATEL MERKEZEFENDİ BELEDİYESİ BASKET,YMB,M. Agva,46,,,,,,ASS,,YUKATEL MERKEZEFENDİ BELEDİYESİ BASKET M. AGVA assist,,,,,,,,,0,27,2.0,,0,5,0,15
04:45,04:45:00,5,15,-10,2,1,REGULAR,71,J. MATHEWS,1,turnover,70,,[],badpass,0,0,Jonah Kenneth,Mathews,Jonah Kenneth,Mathews,J,M,J,M,J. Mathews,BEŞİKTAŞ GAİN,BJK,J. Mathews,0,,,,,,TO,,BEŞİKTAŞ GAİN J. MATHEWS turnover badpass,,,,,,,,,0,27,2.0,turnover,0,5,0,15
04:45,04:45:00,5,15,-10,1,1,REGULAR,12,M. CAZALON,1,steal,71,70,[],,0,21,Malcolm Jean Ahmed,Cazalon,Malcolm Jean Ahmed,Cazalon,M,C,M,C,M. Cazalon,YUKATEL MERKEZEFENDİ BELEDİYESİ BASKET,YMB,M. Cazalon,21,,,,,,ST,,YUKATEL MERKEZEFENDİ BELEDİYESİ BASKET M. CAZALON steal,,,,,,,,,0,28,1.0,,0,5,0,15
04:39,04:39:00,5,15,-10,1,1,REGULAR,11,S. GRIFFIN,1,turnover,72,,[],ballhandling,0,1,Samuel Gevaris,Griffin,Samuel Gevaris,Griffin,S,G,S,G,S. Griffin,YUKATEL MERKEZEFENDİ BELEDİYESİ BASKET,YMB,S. Griffin,1,,,,,,TO,,YUKATEL MERKEZEFENDİ BELEDİYESİ BASKET S. GRIFFIN turnover ballhandling,,,,,,,,,0,28,1.0,turnover,0,5,0,15
04:39,04:39:00,5,15,-10,2,1,REGULAR,71,J. MATHEWS,1,steal,73,72,[],,0,0,Jonah Kenneth,Mathews,Jonah Kenneth,Mathews,J,M,J,M,J. Mathews,BEŞİKTAŞ GAİN,BJK,J. Mathews,0,,,,,,ST,,BEŞİKTAŞ GAİN J. MATHEWS steal,,,,,,,,,0,29,2.0,,0,5,0,15
04:30,04:30:00,5,15,-10,2,1,REGULAR,68,A. BROWN,0,3pt,74,,['fromturnover'],jumpshot,1,21,Anthony Lejohn,Brown,Anthony Lejohn,Brown,A,B,A,B,A. Brown,BEŞİKTAŞ GAİN,BJK,A. Brown,21,,,76.319999694824,15.369999885559,0.0,P3,missed,BEŞİKTAŞ GAİN A. BROWN 3Pt missed,,,,,,,,,0,29,2.0,def_reb,0,5,0,15
04:27,04:27:00,5,15,-10,1,1,REGULAR,8,H. VANWIJN,1,rebound,75,74,[],defensive,0,10,Hans,Vanwijn,Hans,Vanwijn,H,V,H,V,H. Vanwijn,YUKATEL MERKEZEFENDİ BELEDİYESİ BASKET,YMB,H. Vanwijn,10,,,,,,REB,,YUKATEL MERKEZEFENDİ BELEDİYESİ BASKET rebound defensive,,,,,,,,,0,30,1.0,def_reb,0,5,0,15
04:21,04:21:00,7,15,-8,1,1,REGULAR,8,H. VANWIJN,1,2pt,76,,"['pointsinthepaint', 'fastbreak']",alleyoop,1,10,Hans,Vanwijn,Hans,Vanwijn,H,V,H,V,H. Vanwijn,YUKATEL MERKEZEFENDİ BELEDİYESİ BASKET,YMB,H. Vanwijn,10,,,6.5799999237061,58.869998931885,1.0,P2,made,YUKATEL MERKEZEFENDİ BELEDİYESİ BASKET H. VANWIJN 2Pt made,12.0,1.0,M. CAZALON,,,,,,2,31,2.0,score,2,7,0,15
04:21,04:21:00,7,15,-8,1,1,REGULAR,12,M. CAZALON,1,assist,77,76,[],,0,21,Malcolm Jean Ahmed,Cazalon,Malcolm Jean Ahmed,Cazalon,M,C,M,C,M. Cazalon,YUKATEL MERKEZEFENDİ BELEDİYESİ BASKET,YMB,M. Cazalon,21,,,,,,ASS,,YUKATEL MERKEZEFENDİ BELEDİYESİ BASKET M. CAZALON assist,,,,,,,,,0,32,1.0,,0,7,0,15
04:00,04:00:00,7,18,-11,2,1,REGULAR,70,C. MORGAN,1,3pt,78,,[],jumpshot,1,9,Conor Seamus William,Morgan,Conor Seamus William,Morgan,C,M,C,M,C. Morgan,BEŞİKTAŞ GAİN,BJK,C. Morgan,9,,,69.139999389648,67.339996337891,1.0,P3,made,BEŞİKTAŞ GAİN C. MORGAN 3Pt made,75.0,2.0,Y. ARSLAN,,,,,,3,32,1.0,score,0,7,3,18
04:00,04:00:00,7,18,-11,2,1,REGULAR,75,Y. ARSLAN,1,assist,79,78,[],,0,7,Yigit,Arslan,Yigit,Arslan,Y,A,Y,A,Y. Arslan,BEŞİKTAŞ GAİN,BJK,Y. Arslan,7,,,,,,ASS,,BEŞİKTAŞ GAİN Y. ARSLAN assist,,,,,,,,,0,33,2.0,,0,7,0,18
03:43,03:43:00,7,18,-11,1,1,REGULAR,12,M. CAZALON,1,turnover,80,,[],badpass,0,21,Malcolm Jean Ahmed,Cazalon,Malcolm Jean Ahmed,Cazalon,M,C,M,C,M. Cazalon,YUKATEL MERKEZEFENDİ BELEDİYESİ BASKET,YMB,M. Cazalon,21,,,,,,TO,,YUKATEL MERKEZEFENDİ BELEDİYESİ BASKET M. CAZALON turnover badpass,,,,,,,,,0,33,2.0,turnover,0,7,0,18
03:43,03:43:00,7,18,-11,2,1,REGULAR,75,Y. ARSLAN,1,steal,81,80,[],,0,7,Yigit,Arslan,Yigit,Arslan,Y,A,Y,A,Y. Arslan,BEŞİKTAŞ GAİN,BJK,Y. Arslan,7,,,,,,ST,,BEŞİKTAŞ GAİN Y. ARSLAN steal,,,,,,,,,0,34,1.0,,0,7,0,18
03:38,03:38:00,7,21,-14,2,1,REGULAR,70,C. MORGAN,1,3pt,82,,"['fromturnover', 'fastbreak']",jumpshot,1,9,Conor Seamus William,Morgan,Conor Seamus William,Morgan,C,M,C,M,C. Morgan,BEŞİKTAŞ GAİN,BJK,C. Morgan,9,,,74.449996948242,84.290000915527,1.0,P3,made,BEŞİKTAŞ GAİN C. MORGAN 3Pt made,75.0,2.0,Y. ARSLAN,,,,,,3,34,1.0,score,0,7,3,21
03:38,03:38:00,7,21,-14,2,1,REGULAR,75,Y. ARSLAN,1,assist,83,82,[],,0,7,Yigit,Arslan,Yigit,Arslan,Y,A,Y,A,Y. Arslan,BEŞİKTAŞ GAİN,BJK,Y. Arslan,7,,,,,,ASS,,BEŞİKTAŞ GAİN Y. ARSLAN assist,,,,,,,,,0,35,2.0,,0,7,0,21
03:15,03:15:00,10,21,-11,1,1,REGULAR,12,M. CAZALON,1,3pt,84,,[],jumpshot,1,21,Malcolm Jean Ahmed,Cazalon,Malcolm Jean Ahmed,Cazalon,M,C,M,C,M. Cazalon,YUKATEL MERKEZEFENDİ BELEDİYESİ BASKET,YMB,M. Cazalon,21,,,4.2399997711182,96.720001220703,1.0,P3,made,YUKATEL MERKEZEFENDİ BELEDİYESİ BASKET M. CAZALON 3Pt made,8.0,1.0,H. VANWIJN,,,,,,3,35,2.0,score,3,10,0,21
03:15,03:15:00,10,21,-11,1,1,REGULAR,8,H. VANWIJN,1,assist,85,84,[],,0,10,Hans,Vanwijn,Hans,Vanwijn,H,V,H,V,H. Vanwijn,YUKATEL MERKEZEFENDİ BELEDİYESİ BASKET,YMB,H. Vanwijn,10,,,,,,ASS,,YUKATEL MERKEZEFENDİ BELEDİYESİ BASKET H. VANWIJN assist,,,,,,,,,0,36,1.0,,0,10,0,21
02:51,02:51:00,10,23,-13,2,1,REGULAR,71,J. MATHEWS,1,2pt,86,,['pointsinthepaint'],stepbackjumpshot,1,0,Jonah Kenneth,Mathews,Jonah Kenneth,Mathews,J,M,J,M,J. Mathews,BEŞİKTAŞ GAİN,BJK,J. Mathews,0,,,83.650001525879,56.330001831055,1.0,P2,made,BEŞİKTAŞ GAİN J. MATHEWS 2Pt made,,,,,,,,,2,36,1.0,score,0,10,2,23
02:37,02:37:00,10,23,-13,1,1,REGULAR,11,S. GRIFFIN,1,turnover,87,,[],ballhandling,0,1,Samuel Gevaris,Griffin,Samuel Gevaris,Griffin,S,G,S,G,S. Griffin,YUKATEL MERKEZEFENDİ BELEDİYESİ BASKET,YMB,S. Griffin,1,,,,,,TO,,YUKATEL MERKEZEFENDİ BELEDİYESİ BASKET S. GRIFFIN turnover ballhandling,,,,,,,,,0,37,2.0,turnover,0,10,0,23
02:37,02:37:00,10,23,-13,2,1,REGULAR,75,Y. ARSLAN,1,steal,88,87,[],,0,7,Yigit,Arslan,Yigit,Arslan,Y,A,Y,A,Y. Arslan,BEŞİKTAŞ GAİN,BJK,Y. Arslan,7,,,,,,ST,,BEŞİKTAŞ GAİN Y. ARSLAN steal,,,,,,,,,0,38,1.0,,0,10,0,23
02:31,02:31:00,10,25,-15,2,1,REGULAR,70,C. MORGAN,1,2pt,90,,"['fromturnover', 'pointsinthepaint', 'fastbreak']",jumpshot,1,9,Conor Seamus William,Morgan,Conor Seamus William,Morgan,C,M,C,M,C. Morgan,BEŞİKTAŞ GAİN,BJK,C. Morgan,9,,,92.540000915527,58.590000152588,1.0,P2,made,BEŞİKTAŞ GAİN C. MORGAN 2Pt made,75.0,2.0,Y. ARSLAN,,,,,,2,38,1.0,score,0,10,2,25
02:31,02:31:00,10,25,-15,2,1,REGULAR,75,Y. ARSLAN,1,assist,91,90,[],,0,7,Yigit,Arslan,Yigit,Arslan,Y,A,Y,A,Y. Arslan,BEŞİKTAŞ GAİN,BJK,Y. Arslan,7,,,,,,ASS,,BEŞİKTAŞ GAİN Y. ARSLAN assist,,,,,,,,,0,39,2.0,,0,10,0,25
02:31,02:31:00,10,25,-15,1,1,REGULAR,8,H. VANWIJN,1,foul,92,,"['shooting', '1freethrow']",personal,0,10,Hans,Vanwijn,Hans,Vanwijn,H,V,H,V,H. Vanwijn,YUKATEL MERKEZEFENDİ BELEDİYESİ BASKET,YMB,H. Vanwijn,10,,,,,,FOUL,,YUKATEL MERKEZEFENDİ BELEDİYESİ BASKET H. VANWIJN foul personal,,,,,,,,,0,39,2.0,,0,10,0,25
02:31,02:31:00,10,25,-15,2,1,REGULAR,70,C. MORGAN,1,foulon,93,92,[],,0,9,Conor Seamus William,Morgan,Conor Seamus William,Morgan,C,M,C,M,C. Morgan,BEŞİKTAŞ GAİN,BJK,C. Morgan,9,,,,,,OTHER,,BEŞİKTAŞ GAİN foulon,,,,,,,,,0,39,2.0,,0,10,0,25
02:31,02:31:00,10,25,-15,1,1,REGULAR,21,K. SMITH JR,1,substitution,94,,[],out,0,4,Kenneth Jerome,Smith Jr,Kenneth Jerome,Smith Jr,K,S,K,S,K. Smith Jr,YUKATEL MERKEZEFENDİ BELEDİYESİ BASKET,YMB,K. Smith Jr,4,,,,,,SUB,out,YUKATEL MERKEZEFENDİ BELEDİYESİ BASKET substitution out,,,,,,,,,0,39,2.0,,0,10,0,25
02:31,02:31:00,10,25,-15,1,1,REGULAR,12,M. CAZALON,1,substitution,95,,[],out,0,21,Malcolm Jean Ahmed,Cazalon,Malcolm Jean Ahmed,Cazalon,M,C,M,C,M. Cazalon,YUKATEL MERKEZEFENDİ BELEDİYESİ BASKET,YMB,M. Cazalon,21,,,,,,SUB,out,YUKATEL MERKEZEFENDİ BELEDİYESİ BASKET substitution out,,,,,,,,,0,39,2.0,,0,10,0,25
02:31,02:31:00,10,25,-15,1,1,REGULAR,5,M. AGVA,1,substitution,96,,[],out,0,46,Mahir,Agva,Mahir,Agva,M,A,M,A,M. Agva,YUKATEL MERKEZEFENDİ BELEDİYESİ BASKET,YMB,M. Agva,46,,,,,,SUB,out,YUKATEL MERKEZEFENDİ BELEDİYESİ BASKET substitution out,,,,,,,,,0,39,2.0,,0,10,0,25
02:31,02:31:00,10,25,-15,1,1,REGULAR,7,Ö. ILYASOGLU,1,substitution,97,,[],in,0,13,Ömer Can,Ilyasoglu,Ömer Can,Ilyasoglu,Ö,I,Ö,I,Ö. Ilyasoglu,YUKATEL MERKEZEFENDİ BELEDİYESİ BASKET,YMB,Ö. Ilyasoglu,13,,,,,,SUB,in,YUKATEL MERKEZEFENDİ BELEDİYESİ BASKET substitution in,,,,,,,,,0,39,2.0,,0,10,0,25
02:31,02:31:00,10,25,-15,1,1,REGULAR,9,R. BADZIM,1,substitution,98,,[],in,0,18,Roko,Badzim,Roko,Badzim,R,B,R,B,R. Badzim,YUKATEL MERKEZEFENDİ BELEDİYESİ BASKET,YMB,R. Badzim,18,,,,,,SUB,in,YUKATEL MERKEZEFENDİ BELEDİYESİ BASKET substitution in,,,,,,,,,0,39,2.0,,0,10,0,25
02:31,02:31:00,10,25,-15,1,1,REGULAR,79,A. OMIC,1,substitution,99,,[],in,0,24,Alen,Omic,Alen,Omic,A,O,A,O,A. Omic,YUKATEL MERKEZEFENDİ BELEDİYESİ BASKET,YMB,A. Omic,24,,,,,,SUB,in,YUKATEL MERKEZEFENDİ BELEDİYESİ BASKET substitution in,,,,,,,,,0,39,2.0,,0,10,0,25
02:31,02:31:00,10,25,-15,2,1,REGULAR,71,J. MATHEWS,1,substitution,100,,[],out,0,0,Jonah Kenneth,Mathews,Jonah Kenneth,Mathews,J,M,J,M,J. Mathews,BEŞİKTAŞ GAİN,BJK,J. Mathews,0,,,,,,SUB,out,BEŞİKTAŞ GAİN substitution out,,,,,,,,,0,39,2.0,,0,10,0,25
02:31,02:31:00,10,25,-15,2,1,REGULAR,75,Y. ARSLAN,1,substitution,101,,[],out,0,7,Yigit,Arslan,Yigit,Arslan,Y,A,Y,A,Y. Arslan,BEŞİKTAŞ GAİN,BJK,Y. Arslan,7,,,,,,SUB,out,BEŞİKTAŞ GAİN substitution out,,,,,,,,,0,39,2.0,,0,10,0,25
02:31,02:31:00,10,25,-15,2,1,REGULAR,63,A. ZIZIC,1,substitution,102,,[],out,0,41,Ante Toni,Zizic,Ante Toni,Zizic,A,Z,A,Z,A. Zizic,BEŞİKTAŞ GAİN,BJK,A. Zizic,41,,,,,,SUB,out,BEŞİKTAŞ GAİN substitution out,,,,,,,,,0,39,2.0,,0,10,0,25
02:31,02:31:00,10,25,-15,2,1,REGULAR,73,I. KAMAGATE,1,substitution,103,,[],in,0,4,Ismael Sindou,Kamagate,Ismael Sindou,Kamagate,I,K,I,K,I. Kamagate,BEŞİKTAŞ GAİN,BJK,I. Kamagate,4,,,,,,SUB,in,BEŞİKTAŞ GAİN substitution in,,,,,,,,,0,39,2.0,,0,10,0,25
02:31,02:31:00,10,25,-15,2,1,REGULAR,77,C. KUS,1,substitution,104,,[],in,0,12,Canberk,Kus,Canberk,Kus,C,K,C,K,C. Kus,BEŞİKTAŞ GAİN,BJK,C. Kus,12,,,,,,SUB,in,BEŞİKTAŞ GAİN substitution in,,,,,,,,,0,39,2.0,,0,10,0,25
02:31,02:31:00,10,25,-15,2,1,REGULAR,1,E. ADIGÜZEL,1,substitution,105,,[],in,0,19,Emir,Adigüzel,Emir,Adigüzel,E,A,E,A,E. Adigüzel,BEŞİKTAŞ GAİN,BJK,E. Adigüzel,19,,,,,,SUB,in,BEŞİKTAŞ GAİN substitution in,,,,,,,,,0,39,2.0,,0,10,0,25
02:31,02:31:00,10,26,-16,2,1,REGULAR,70,C. MORGAN,1,freethrow,106,,"['fastbreak', 'fromturnover']",1of1,1,9,Conor Seamus William,Morgan,Conor Seamus William,Morgan,C,M,C,M,C. Morgan,BEŞİKTAŞ GAİN,BJK,C. Morgan,9,,,,,,FT,made,BEŞİKTAŞ GAİN C. MORGAN FT 1of1 made,,,,,,,,,1,39,2.0,made_ft_last,0,10,1,26
02:31,02:31:00,10,26,-16,2,1,REGULAR,70,C. MORGAN,1,substitution,107,,[],out,0,9,Conor Seamus William,Morgan,Conor Seamus William,Morgan,C,M,C,M,C. Morgan,BEŞİKTAŞ GAİN,BJK,C. Morgan,9,,,,,,SUB,out,BEŞİKTAŞ GAİN substitution out,,,,,,,,,0,40,1.0,,0,10,0,26
02:31,02:31:00,10,26,-16,2,1,REGULAR,69,V. BROWN,1,substitution,108,,[],in,0,33,Vittorio,Brown,Vittorio,Brown,V,B,V,B,V. Brown,BEŞİKTAŞ GAİN,BJK,V. Brown,33,,,,,,SUB,in,BEŞİKTAŞ GAİN substitution in,,,,,,,,,0,40,1.0,,0,10,0,26
02:20,02:20:00,10,26,-16,1,1,REGULAR,11,S. GRIFFIN,0,2pt,112,,['pointsinthepaint'],jumpshot,1,1,Samuel Gevaris,Griffin,Samuel Gevaris,Griffin,S,G,S,G,S. Griffin,YUKATEL MERKEZEFENDİ BELEDİYESİ BASKET,YMB,S. Griffin,1,,,6.1199998855591,40.790000915527,0.0,P2,missed,YUKATEL MERKEZEFENDİ BELEDİYESİ BASKET S. GRIFFIN 2Pt missed,,,,,,,,,0,40,1.0,def_reb,0,10,0,26
02:17,02:17:00,10,26,-16,2,1,REGULAR,1,E. ADIGÜZEL,1,rebound,113,112,[],defensive,0,19,Emir,Adigüzel,Emir,Adigüzel,E,A,E,A,E. Adigüzel,BEŞİKTAŞ GAİN,BJK,E. Adigüzel,19,,,,,,REB,,BEŞİKTAŞ GAİN rebound defensive,,,,,,,,,0,41,2.0,def_reb,0,10,0,26
02:07,02:07:00,10,26,-16,2,1,REGULAR,68,A. BROWN,0,3pt,114,,[],jumpshot,1,21,Anthony Lejohn,Brown,Anthony Lejohn,Brown,A,B,A,B,A. Brown,BEŞİKTAŞ GAİN,BJK,A. Brown,21,,,74.290000915527,82.029998779297,0.0,P3,missed,BEŞİKTAŞ GAİN A. BROWN 3Pt missed,,,,,,,,,0,42,1.0,def_reb,0,10,0,26
02:03,02:03:00,10,26,-16,1,1,REGULAR,79,A. OMIC,1,rebound,115,114,[],defensive,0,24,Alen,Omic,Alen,Omic,A,O,A,O,A. Omic,YUKATEL MERKEZEFENDİ BELEDİYESİ BASKET,YMB,A. Omic,24,,,,,,REB,,YUKATEL MERKEZEFENDİ BELEDİYESİ BASKET rebound defensive,,,,,,,,,0,43,2.0,def_reb,0,10,0,26
01:41,01:41:00,10,26,-16,2,1,REGULAR,68,A. BROWN,1,foul,117,,[],personal,0,21,Anthony Lejohn,Brown,Anthony Lejohn,Brown,A,B,A,B,A. Brown,BEŞİKTAŞ GAİN,BJK,A. Brown,21,,,,,,FOUL,,BEŞİKTAŞ GAİN A. BROWN foul personal,,,,,,,,,0,44,1.0,,0,10,0,26
01:41,01:41:00,10,26,-16,1,1,REGULAR,9,R. BADZIM,1,foulon,118,117,[],,0,18,Roko,Badzim,Roko,Badzim,R,B,R,B,R. Badzim,YUKATEL MERKEZEFENDİ BELEDİYESİ BASKET,YMB,R. Badzim,18,,,,,,OTHER,,YUKATEL MERKEZEFENDİ BELEDİYESİ BASKET foulon,,,,,,,,,0,44,1.0,,0,10,0,26
01:36,01:36:00,10,26,-16,2,1,REGULAR,73,I. KAMAGATE,1,foul,123,,"['shooting', '2freethrow']",personal,0,4,Ismael Sindou,Kamagate,Ismael Sindou,Kamagate,I,K,I,K,I. Kamagate,BEŞİKTAŞ GAİN,BJK,I. Kamagate,4,,,,,,FOUL,,BEŞİKTAŞ GAİN I. KAMAGATE foul personal,,,,,,,,,0,44,1.0,,0,10,0,26
01:36,01:36:00,10,26,-16,1,1,REGULAR,7,Ö. ILYASOGLU,1,foulon,124,123,[],,0,13,Ömer Can,Ilyasoglu,Ömer Can,Ilyasoglu,Ö,I,Ö,I,Ö. Ilyasoglu,YUKATEL MERKEZEFENDİ BELEDİYESİ BASKET,YMB,Ö. Ilyasoglu,13,,,,,,OTHER,,YUKATEL MERKEZEFENDİ BELEDİYESİ BASKET foulon,,,,,,,,,0,44,1.0,,0,10,0,26
01:36,01:36:00,10,26,-16,1,1,REGULAR,7,Ö. ILYASOGLU,0,freethrow,125,,[],1of2,1,13,Ömer Can,Ilyasoglu,Ömer Can,Ilyasoglu,Ö,I,Ö,I,Ö. Ilyasoglu,YUKATEL MERKEZEFENDİ BELEDİYESİ BASKET,YMB,Ö. Ilyasoglu,13,,,,,,FT,missed,YUKATEL MERKEZEFENDİ BELEDİYESİ BASKET Ö. ILYASOGLU FT 1of2 missed,,,,,,,,,0,44,1.0,def_reb,0,10,0,26
01:36,01:36:00,10,26,-16,1,1,REGULAR,0,,1,rebound,126,125,[],offensivedeadball,0,,,,,,,,,,,YUKATEL MERKEZEFENDİ BELEDİYESİ BASKET,YMB,,,,,,,,TREB,,YUKATEL MERKEZEFENDİ BELEDİYESİ BASKET team rebound offensivedeadball,,,,,,,,,0,45,2.0,def_reb,0,10,0,26
01:36,01:36:00,11,26,-15,1,1,REGULAR,7,Ö. ILYASOGLU,1,freethrow,127,,[],2of2,1,13,Ömer Can,Ilyasoglu,Ömer Can,Ilyasoglu,Ö,I,Ö,I,Ö. Ilyasoglu,YUKATEL MERKEZEFENDİ BELEDİYESİ BASKET,YMB,Ö. Ilyasoglu,13,,,,,,FT,made,YUKATEL MERKEZEFENDİ BELEDİYESİ BASKET Ö. ILYASOGLU FT 2of2 made,,,,,,,,,1,46,1.0,made_ft_last,1,11,0,26
01:13,01:13:00,11,28,-17,2,1,REGULAR,77,C. KUS,1,2pt,129,,[],jumpshot,1,12,Canberk,Kus,Canberk,Kus,C,K,C,K,C. Kus,BEŞİKTAŞ GAİN,BJK,C. Kus,12,,,90.669998168945,30.340000152588,1.0,P2,made,BEŞİKTAŞ GAİN C. KUS 2Pt made,,,,,,,,,2,47,2.0,score,0,11,2,28
00:52,00:52:00,11,28,-17,1,1,REGULAR,7,Ö. ILYASOGLU,1,turnover,130,,[],badpass,0,13,Ömer Can,Ilyasoglu,Ömer Can,Ilyasoglu,Ö,I,Ö,I,Ö. Ilyasoglu,YUKATEL MERKEZEFENDİ BELEDİYESİ BASKET,YMB,Ö. Ilyasoglu,13,,,,,,TO,,YUKATEL MERKEZEFENDİ BELEDİYESİ BASKET Ö. ILYASOGLU turnover badpass,,,,,,,,,0,48,1.0,turnover,0,11,0,28
00:52,00:52:00,11,28,-17,2,1,REGULAR,1,E. ADIGÜZEL,1,steal,132,130,[],,0,19,Emir,Adigüzel,Emir,Adigüzel,E,A,E,A,E. Adigüzel,BEŞİKTAŞ GAİN,BJK,E. Adigüzel,19,,,,,,ST,,BEŞİKTAŞ GAİN E. ADIGÜZEL steal,,,,,,,,,0,49,2.0,,0,11,0,28
00:51,00:51:00,11,28,-17,1,1,REGULAR,7,Ö. ILYASOGLU,1,foul,134,,[],personal,0,13,Ömer Can,Ilyasoglu,Ömer Can,Ilyasoglu,Ö,I,Ö,I,Ö. Ilyasoglu,YUKATEL MERKEZEFENDİ BELEDİYESİ BASKET,YMB,Ö. Ilyasoglu,13,,,,,,FOUL,,YUKATEL MERKEZEFENDİ BELEDİYESİ BASKET Ö. ILYASOGLU foul personal,,,,,,,,,0,49,2.0,,0,11,0,28
00:51,00:51:00,11,28,-17,2,1,REGULAR,77,C. KUS,1,foulon,135,134,[],,0,12,Canberk,Kus,Canberk,Kus,C,K,C,K,C. Kus,BEŞİKTAŞ GAİN,BJK,C. Kus,12,,,,,,OTHER,,BEŞİKTAŞ GAİN foulon,,,,,,,,,0,49,2.0,,0,11,0,28
00:28,00:28:40,11,28,-17,2,1,REGULAR,1,E. ADIGÜZEL,0,2pt,137,,"['fromturnover', 'pointsinthepaint']",reverselayup,1,19,Emir,Adigüzel,Emir,Adigüzel,E,A,E,A,E. Adigüzel,BEŞİKTAŞ GAİN,BJK,E. Adigüzel,19,,,90.669998168945,60.0,0.0,P2,missed,BEŞİKTAŞ GAİN E. ADIGÜZEL 2Pt missed,,,,,,,,,0,49,2.0,def_reb,0,11,0,28
00:25,00:25:30,11,28,-17,1,1,REGULAR,79,A. OMIC,1,rebound,138,137,[],defensive,0,24,Alen,Omic,Alen,Omic,A,O,A,O,A. Omic,YUKATEL MERKEZEFENDİ BELEDİYESİ BASKET,YMB,A. Omic,24,,,,,,REB,,YUKATEL MERKEZEFENDİ BELEDİYESİ BASKET rebound defensive,,,,,,,,,0,50,1.0,def_reb,0,11,0,28
00:11,00:11:70,11,28,-17,1,1,REGULAR,7,Ö. ILYASOGLU,0,3pt,139,,[],jumpshot,1,13,Ömer Can,Ilyasoglu,Ömer Can,Ilyasoglu,Ö,I,Ö,I,Ö. Ilyasoglu,YUKATEL MERKEZEFENDİ BELEDİYESİ BASKET,YMB,Ö. Ilyasoglu,13,,,26.079999923706,22.430000305176,0.0,P3,missed,YUKATEL MERKEZEFENDİ BELEDİYESİ BASKET Ö. ILYASOGLU 3Pt missed,,,,,,,,,0,51,2.0,def_reb,0,11,0,28
00:09,00:09:40,11,28,-17,2,1,REGULAR,73,I. KAMAGATE,1,rebound,140,139,[],defensive,0,4,Ismael Sindou,Kamagate,Ismael Sindou,Kamagate,I,K,I,K,I. Kamagate,BEŞİKTAŞ GAİN,BJK,I. Kamagate,4,,,,,,REB,,BEŞİKTAŞ GAİN rebound defensive,,,,,,,,,0,52,1.0,def_reb,0,11,0,28
00:04,00:04:70,11,28,-17,1,1,REGULAR,9,R. BADZIM,1,foul,142,,[],personal,0,18,Roko,Badzim,Roko,Badzim,R,B,R,B,R. Badzim,YUKATEL MERKEZEFENDİ BELEDİYESİ BASKET,YMB,R. Badzim,18,,,,,,FOUL,,YUKATEL MERKEZEFENDİ BELEDİYESİ BASKET R. BADZIM foul personal,,,,,,,,,0,53,2.0,,0,11,0,28
00:04,00:04:70,11,28,-17,2,1,REGULAR,68,A. BROWN,1,foulon,143,142,[],,0,21,Anthony Lejohn,Brown,Anthony Lejohn,Brown,A,B,A,B,A. Brown,BEŞİKTAŞ GAİN,BJK,A. Brown,21,,,,,,OTHER,,BEŞİKTAŞ GAİN foulon,,,,,,,,,0,53,2.0,,0,11,0,28
00:04,00:04:70,11,28,-17,1,1,REGULAR,79,A. OMIC,1,substitution,144,,[],out,0,24,Alen,Omic,Alen,Omic,A,O,A,O,A. Omic,YUKATEL MERKEZEFENDİ BELEDİYESİ BASKET,YMB,A. Omic,24,,,,,,SUB,out,YUKATEL MERKEZEFENDİ BELEDİYESİ BASKET substitution out,,,,,,,,,0,53,2.0,,0,11,0,28
00:04,00:04:70,11,28,-17,1,1,REGULAR,13,J. HAWKINS,1,substitution,145,,[],in,0,31,Javontae Aaron,Hawkins,Javontae Aaron,Hawkins,J,H,J,H,J. Hawkins,YUKATEL MERKEZEFENDİ BELEDİYESİ BASKET,YMB,J. Hawkins,31,,,,,,SUB,in,YUKATEL MERKEZEFENDİ BELEDİYESİ BASKET substitution in,,,,,,,,,0,53,2.0,,0,11,0,28
00:04,00:04:70,11,28,-17,2,1,REGULAR,73,I. KAMAGATE,1,substitution,146,,[],out,0,4,Ismael Sindou,Kamagate,Ismael Sindou,Kamagate,I,K,I,K,I. Kamagate,BEŞİKTAŞ GAİN,BJK,I. Kamagate,4,,,,,,SUB,out,BEŞİKTAŞ GAİN substitution out,,,,,,,,,0,53,2.0,,0,11,0,28
00:04,00:04:70,11,28,-17,2,1,REGULAR,1,E. ADIGÜZEL,1,substitution,147,,[],out,0,19,Emir,Adigüzel,Emir,Adigüzel,E,A,E,A,E. Adigüzel,BEŞİKTAŞ GAİN,BJK,E. Adigüzel,19,,,,,,SUB,out,BEŞİKTAŞ GAİN substitution out,,,,,,,,,0,53,2.0,,0,11,0,28
00:04,00:04:70,11,28,-17,2,1,REGULAR,72,D. DOTSON,1,substitution,148,,[],in,0,1,Devon Durrell,Dotson,Devon Durrell,Dotson,D,D,D,D,D. Dotson,BEŞİKTAŞ GAİN,BJK,D. Dotson,1,,,,,,SUB,in,BEŞİKTAŞ GAİN substitution in,,,,,,,,,0,53,2.0,,0,11,0,28
00:04,00:04:70,11,28,-17,2,1,REGULAR,75,Y. ARSLAN,1,substitution,149,,[],in,0,7,Yigit,Arslan,Yigit,Arslan,Y,A,Y,A,Y. Arslan,BEŞİKTAŞ GAİN,BJK,Y. Arslan,7,,,,,,SUB,in,BEŞİKTAŞ GAİN substitution in,,,,,,,,,0,53,2.0,,0,11,0,28
00:00,00:00:70,11,28,-17,2,1,REGULAR,75,Y. ARSLAN,0,3pt,152,,[],jumpshot,1,7,Yigit,Arslan,Yigit,Arslan,Y,A,Y,A,Y. Arslan,BEŞİKTAŞ GAİN,BJK,Y. Arslan,7,,,67.430000305176,58.869998931885,0.0,P3,missed,BEŞİKTAŞ GAİN Y. ARSLAN 3Pt missed,,,,,,,,,0,53,2.0,,0,11,0,28
00:00,00:00:00,11,28,-17,0,1,REGULAR,0,,1,period,155,,['confirmed'],end,0,,,,,,,,,,,,,,,,,,,,OTHER,,period end,,,,,,,,,0,53,2.0,,0,11,0,28
10:00,10:00:00,11,28,-17,1,2,REGULAR,8,H. VANWIJN,1,substitution,156,,[],out,0,10,Hans,Vanwijn,Hans,Vanwijn,H,V,H,V,H. Vanwijn,YUKATEL MERKEZEFENDİ BELEDİYESİ BASKET,YMB,H. Vanwijn,10,,,,,,SUB,out,YUKATEL MERKEZEFENDİ BELEDİYESİ BASKET substitution out,,,,,,,,,0,53,2.0,,0,11,0,28
10:00,10:00:00,11,28,-17,1,2,REGULAR,13,J. HAWKINS,1,substitution,157,,[],out,0,31,Javontae Aaron,Hawkins,Javontae Aaron,Hawkins,J,H,J,H,J. Hawkins,YUKATEL MERKEZEFENDİ BELEDİYESİ BASKET,YMB,J. Hawkins,31,,,,,,SUB,out,YUKATEL MERKEZEFENDİ BELEDİYESİ BASKET substitution out,,,,,,,,,0,53,2.0,,0,11,0,28
10:00,10:00:00,11,28,-17,1,2,REGULAR,3,E. TANISAN,1,substitution,158,,[],in,0,0,Emre,Tanisan,Emre,Tanisan,E,T,E,T,E. Tanisan,YUKATEL MERKEZEFENDİ BELEDİYESİ BASKET,YMB,E. Tanisan,0,,,,,,SUB,in,YUKATEL MERKEZEFENDİ BELEDİYESİ BASKET substitution in,,,,,,,,,0,53,2.0,,0,11,0,28
10:00,10:00:00,11,28,-17,1,2,REGULAR,79,A. OMIC,1,substitution,159,,[],in,0,24,Alen,Omic,Alen,Omic,A,O,A,O,A. Omic,YUKATEL MERKEZEFENDİ BELEDİYESİ BASKET,YMB,A. Omic,24,,,,,,SUB,in,YUKATEL MERKEZEFENDİ BELEDİYESİ BASKET substitution in,,,,,,,,,0,53,2.0,,0,11,0,28
10:00,10:00:00,11,28,-17,2,2,REGULAR,75,Y. ARSLAN,1,substitution,160,,[],out,0,7,Yigit,Arslan,Yigit,Arslan,Y,A,Y,A,Y. Arslan,BEŞİKTAŞ GAİN,BJK,Y. Arslan,7,,,,,,SUB,out,BEŞİKTAŞ GAİN substitution out,,,,,,,,,0,53,2.0,,0,11,0,28
10:00,10:00:00,11,28,-17,2,2,REGULAR,73,I. KAMAGATE,1,substitution,161,,[],in,0,4,Ismael Sindou,Kamagate,Ismael Sindou,Kamagate,I,K,I,K,I. Kamagate,BEŞİKTAŞ GAİN,BJK,I. Kamagate,4,,,,,,SUB,in,BEŞİKTAŞ GAİN substitution in,,,,,,,,,0,53,2.0,,0,11,0,28
10:00,10:00:00,11,28,-17,0,2,REGULAR,0,,1,period,162,,[],start,0,,,,,,,,,,,,,,,,,,,,OTHER,,period start,,,,,,,,,0,53,2.0,,0,11,0,28
09:42,09:42:00,11,28,-17,1,2,REGULAR,79,A. OMIC,0,2pt,164,,"['pointsinthepaint', 'blocked']",jumpshot,1,24,Alen,Omic,Alen,Omic,A,O,A,O,A. Omic,YUKATEL MERKEZEFENDİ BELEDİYESİ BASKET,YMB,A. Omic,24,,,9.8599996566772,55.759998321533,0.0,P2,missed,YUKATEL MERKEZEFENDİ BELEDİYESİ BASKET A. OMIC 2Pt missed,,,,73.0,2.0,I. KAMAGATE,,,0,53,2.0,,0,11,0,28
09:42,09:42:00,11,28,-17,2,2,REGULAR,73,I. KAMAGATE,1,block,165,164,[],,0,4,Ismael Sindou,Kamagate,Ismael Sindou,Kamagate,I,K,I,K,I. Kamagate,BEŞİKTAŞ GAİN,BJK,I. Kamagate,4,,,,,,BS,,BEŞİKTAŞ GAİN I. KAMAGATE block,,,,,,,,,0,53,2.0,,0,11,0,28
09:39,09:39:00,11,28,-17,2,2,REGULAR,72,D. DOTSON,1,rebound,166,164,[],defensive,0,1,Devon Durrell,Dotson,Devon Durrell,Dotson,D,D,D,D,D. Dotson,BEŞİKTAŞ GAİN,BJK,D. Dotson,1,,,,,,REB,,BEŞİKTAŞ GAİN rebound defensive,,,,,,,,,0,53,2.0,def_reb,0,11,0,28
09:35,09:35:00,11,31,-20,2,2,REGULAR,69,V. BROWN,1,3pt,168,,['fastbreak'],jumpshot,1,33,Vittorio,Brown,Vittorio,Brown,V,B,V,B,V. Brown,BEŞİKTAŞ GAİN,BJK,V. Brown,33,,,81.150001525879,93.900001525879,1.0,P3,made,BEŞİKTAŞ GAİN V. BROWN 3Pt made,72.0,2.0,D. DOTSON,,,,,,3,54,1.0,score,0,11,3,31
09:35,09:35:00,11,31,-20,2,2,REGULAR,72,D. DOTSON,1,assist,169,168,[],,0,1,Devon Durrell,Dotson,Devon Durrell,Dotson,D,D,D,D,D. Dotson,BEŞİKTAŞ GAİN,BJK,D. Dotson,1,,,,,,ASS,,BEŞİKTAŞ GAİN D. DOTSON assist,,,,,,,,,0,55,2.0,,0,11,0,31
09:35,09:35:00,11,31,-20,1,2,REGULAR,3,E. TANISAN,1,foul,170,,"['shooting', '1freethrow']",personal,0,0,Emre,Tanisan,Emre,Tanisan,E,T,E,T,E. Tanisan,YUKATEL MERKEZEFENDİ BELEDİYESİ BASKET,YMB,E. Tanisan,0,,,,,,FOUL,,YUKATEL MERKEZEFENDİ BELEDİYESİ BASKET E. TANISAN foul personal,,,,,,,,,0,55,2.0,,0,11,0,31
09:35,09:35:00,11,31,-20,2,2,REGULAR,69,V. BROWN,1,foulon,171,170,[],,0,33,Vittorio,Brown,Vittorio,Brown,V,B,V,B,V. Brown,BEŞİKTAŞ GAİN,BJK,V. Brown,33,,,,,,OTHER,,BEŞİKTAŞ GAİN foulon,,,,,,,,,0,55,2.0,,0,11,0,31
09:35,09:35:00,11,31,-20,2,2,REGULAR,69,V. BROWN,0,freethrow,172,,['fastbreak'],1of1,1,33,Vittorio,Brown,Vittorio,Brown,V,B,V,B,V. Brown,BEŞİKTAŞ GAİN,BJK,V. Brown,33,,,,,,FT,missed,BEŞİKTAŞ GAİN V. BROWN FT 1of1 missed,,,,,,,,,0,55,2.0,,0,11,0,31
09:35,09:35:00,11,31,-20,2,2,REGULAR,73,I. KAMAGATE,1,rebound,174,172,[],offensive,0,4,Ismael Sindou,Kamagate,Ismael Sindou,Kamagate,I,K,I,K,I. Kamagate,BEŞİKTAŞ GAİN,BJK,I. Kamagate,4,,,,,,REB,,BEŞİKTAŞ GAİN rebound offensive,,,,,,,,,0,55,2.0,,0,11,0,31
09:24,09:24:00,11,31,-20,2,2,REGULAR,77,C. KUS,0,2pt,175,,"['2ndchance', 'pointsinthepaint']",jumpshot,1,12,Canberk,Kus,Canberk,Kus,C,K,C,K,C. Kus,BEŞİKTAŞ GAİN,BJK,C. Kus,12,,,87.550003051758,39.659999847412,0.0,P2,missed,BEŞİKTAŞ GAİN C. KUS 2Pt missed,,,,,,,,,0,55,2.0,def_reb,0,11,0,31
09:21,09:21:00,11,31,-20,1,2,REGULAR,79,A. OMIC,1,rebound,176,175,[],defensive,0,24,Alen,Omic,Alen,Omic,A,O,A,O,A. Omic,YUKATEL MERKEZEFENDİ BELEDİYESİ BASKET,YMB,A. Omic,24,,,,,,REB,,YUKATEL MERKEZEFENDİ BELEDİYESİ BASKET rebound defensive,,,,,,,,,0,56,1.0,def_reb,0,11,0,31
09:02,09:02:00,11,31,-20,2,2,REGULAR,77,C. KUS,1,foul,178,,[],personal,0,12,Canberk,Kus,Canberk,Kus,C,K,C,K,C. Kus,BEŞİKTAŞ GAİN,BJK,C. Kus,12,,,,,,FOUL,,BEŞİKTAŞ GAİN C. KUS foul personal,,,,,,,,,0,57,2.0,,0,11,0,31
09:02,09:02:00,11,31,-20,1,2,REGULAR,79,A. OMIC,1,foulon,179,178,[],,0,24,Alen,Omic,Alen,Omic,A,O,A,O,A. Omic,YUKATEL MERKEZEFENDİ BELEDİYESİ BASKET,YMB,A. Omic,24,,,,,,OTHER,,YUKATEL MERKEZEFENDİ BELEDİYESİ BASKET foulon,,,,,,,,,0,57,2.0,,0,11,0,31
08:57,08:57:00,14,31,-17,1,2,REGULAR,9,R. BADZIM,1,3pt,181,,[],jumpshot,1,18,Roko,Badzim,Roko,Badzim,R,B,R,B,R. Badzim,YUKATEL MERKEZEFENDİ BELEDİYESİ BASKET,YMB,R. Badzim,18,,,28.889999389648,68.190002441406,1.0,P3,made,YUKATEL MERKEZEFENDİ BELEDİYESİ BASKET R. BADZIM 3Pt made,3.0,1.0,E. TANISAN,,,,,,3,57,2.0,score,3,14,0,31
08:57,08:57:00,14,31,-17,1,2,REGULAR,3,E. TANISAN,1,assist,182,181,[],,0,0,Emre,Tanisan,Emre,Tanisan,E,T,E,T,E. Tanisan,YUKATEL MERKEZEFENDİ BELEDİYESİ BASKET,YMB,E. Tanisan,0,,,,,,ASS,,YUKATEL MERKEZEFENDİ BELEDİYESİ BASKET E. TANISAN assist,,,,,,,,,0,58,1.0,,0,14,0,31
08:40,08:40:00,14,31,-17,2,2,REGULAR,69,V. BROWN,1,turnover,183,,[],ballhandling,0,33,Vittorio,Brown,Vittorio,Brown,V,B,V,B,V. Brown,BEŞİKTAŞ GAİN,BJK,V. Brown,33,,,,,,TO,,BEŞİKTAŞ GAİN V. BROWN turnover ballhandling,,,,,,,,,0,58,1.0,turnover,0,14,0,31
08:40,08:40:00,14,31,-17,1,2,REGULAR,3,E. TANISAN,1,steal,185,183,[],,0,0,Emre,Tanisan,Emre,Tanisan,E,T,E,T,E. Tanisan,YUKATEL MERKEZEFENDİ BELEDİYESİ BASKET,YMB,E. Tanisan,0,,,,,,ST,,YUKATEL MERKEZEFENDİ BELEDİYESİ BASKET E. TANISAN steal,,,,,,,,,0,59,2.0,,0,14,0,31
08:39,08:39:00,14,31,-17,2,2,REGULAR,77,C. KUS,1,substitution,186,,[],out,0,12,Canberk,Kus,Canberk,Kus,C,K,C,K,C. Kus,BEŞİKTAŞ GAİN,BJK,C. Kus,12,,,,,,SUB,out,BEŞİKTAŞ GAİN substitution out,,,,,,,,,0,59,2.0,,0,14,0,31
08:39,08:39:00,14,31,-17,2,2,REGULAR,75,Y. ARSLAN,1,substitution,187,,[],in,0,7,Yigit,Arslan,Yigit,Arslan,Y,A,Y,A,Y. Arslan,BEŞİKTAŞ GAİN,BJK,Y. Arslan,7,,,,,,SUB,in,BEŞİKTAŞ GAİN substitution in,,,,,,,,,0,59,2.0,,0,14,0,31
08:34,08:34:00,14,31,-17,1,2,REGULAR,3,E. TANISAN,0,3pt,189,,['fromturnover'],jumpshot,1,0,Emre,Tanisan,Emre,Tanisan,E,T,E,T,E. Tanisan,YUKATEL MERKEZEFENDİ BELEDİYESİ BASKET,YMB,E. Tanisan,0,,,3.460000038147,97.569999694824,0.0,P3,missed,YUKATEL MERKEZEFENDİ BELEDİYESİ BASKET E. TANISAN 3Pt missed,,,,,,,,,0,59,2.0,def_reb,0,14,0,31
08:30,08:30:00,14,31,-17,2,2,REGULAR,72,D. DOTSON,1,rebound,190,189,[],defensive,0,1,Devon Durrell,Dotson,Devon Durrell,Dotson,D,D,D,D,D. Dotson,BEŞİKTAŞ GAİN,BJK,D. Dotson,1,,,,,,REB,,BEŞİKTAŞ GAİN rebound defensive,,,,,,,,,0,60,1.0,def_reb,0,14,0,31
08:25,08:25:00,14,34,-20,2,2,REGULAR,72,D. DOTSON,1,3pt,191,,['fastbreak'],jumpshot,1,1,Devon Durrell,Dotson,Devon Durrell,Dotson,D,D,D,D,D. Dotson,BEŞİKTAŞ GAİN,BJK,D. Dotson,1,,,70.230003356934,32.029998779297,1.0,P3,made,BEŞİKTAŞ GAİN D. DOTSON 3Pt made,75.0,2.0,Y. ARSLAN,,,,,,3,61,2.0,score,0,14,3,34
08:25,08:25:00,14,34,-20,2,2,REGULAR,75,Y. ARSLAN,1,assist,192,191,[],,0,7,Yigit,Arslan,Yigit,Arslan,Y,A,Y,A,Y. Arslan,BEŞİKTAŞ GAİN,BJK,Y. Arslan,7,,,,,,ASS,,BEŞİKTAŞ GAİN Y. ARSLAN assist,,,,,,,,,0,62,1.0,,0,14,0,34
08:10,08:10:00,16,34,-18,1,2,REGULAR,79,A. OMIC,1,2pt,193,,['pointsinthepaint'],jumpshot,1,24,Alen,Omic,Alen,Omic,A,O,A,O,A. Omic,YUKATEL MERKEZEFENDİ BELEDİYESİ BASKET,YMB,A. Omic,24,,,6.2699999809265,45.880001068115,1.0,P2,made,YUKATEL MERKEZEFENDİ BELEDİYESİ BASKET A. OMIC 2Pt made,11.0,1.0,S. GRIFFIN,,,,,,2,62,1.0,score,2,16,0,34
08:10,08:10:00,16,34,-18,1,2,REGULAR,11,S. GRIFFIN,1,assist,194,193,[],,0,1,Samuel Gevaris,Griffin,Samuel Gevaris,Griffin,S,G,S,G,S. Griffin,YUKATEL MERKEZEFENDİ BELEDİYESİ BASKET,YMB,S. Griffin,1,,,,,,ASS,,YUKATEL MERKEZEFENDİ BELEDİYESİ BASKET S. GRIFFIN assist,,,,,,,,,0,63,2.0,,0,16,0,34
07:44,07:44:00,16,34,-18,2,2,REGULAR,72,D. DOTSON,0,3pt,195,,[],jumpshot,1,1,Devon Durrell,Dotson,Devon Durrell,Dotson,D,D,D,D,D. Dotson,BEŞİKTAŞ GAİN,BJK,D. Dotson,1,,,74.449996948242,81.75,0.0,P3,missed,BEŞİKTAŞ GAİN D. DOTSON 3Pt missed,,,,,,,,,0,63,2.0,def_reb,0,16,0,34
07:41,07:41:00,16,34,-18,1,2,REGULAR,79,A. OMIC,1,rebound,196,195,[],defensive,0,24,Alen,Omic,Alen,Omic,A,O,A,O,A. Omic,YUKATEL MERKEZEFENDİ BELEDİYESİ BASKET,YMB,A. Omic,24,,,,,,REB,,YUKATEL MERKEZEFENDİ BELEDİYESİ BASKET rebound defensive,,,,,,,,,0,64,1.0,def_reb,0,16,0,34
07:38,07:38:00,16,34,-18,2,2,REGULAR,75,Y. ARSLAN,1,foul,198,,[],personal,0,7,Yigit,Arslan,Yigit,Arslan,Y,A,Y,A,Y. Arslan,BEŞİKTAŞ GAİN,BJK,Y. Arslan,7,,,,,,FOUL,,BEŞİKTAŞ GAİN Y. ARSLAN foul personal,,,,,,,,,0,65,2.0,,0,16,0,34
07:38,07:38:00,16,34,-18,1,2,REGULAR,11,S. GRIFFIN,1,foulon,199,198,[],,0,1,Samuel Gevaris,Griffin,Samuel Gevaris,Griffin,S,G,S,G,S. Griffin,YUKATEL MERKEZEFENDİ BELEDİYESİ BASKET,YMB,S. Griffin,1,,,,,,OTHER,,YUKATEL MERKEZEFENDİ BELEDİYESİ BASKET foulon,,,,,,,,,0,65,2.0,,0,16,0,34
07:27,07:27:00,16,34,-18,1,2,REGULAR,79,A. OMIC,1,turnover,202,,[],travel,0,24,Alen,Omic,Alen,Omic,A,O,A,O,A. Omic,YUKATEL MERKEZEFENDİ BELEDİYESİ BASKET,YMB,A. Omic,24,,,,,,TO,,YUKATEL MERKEZEFENDİ BELEDİYESİ BASKET A. OMIC turnover travel,,,,,,,,,0,65,2.0,turnover,0,16,0,34
07:27,07:27:00,16,34,-18,2,2,REGULAR,73,I. KAMAGATE,1,substitution,203,,[],out,0,4,Ismael Sindou,Kamagate,Ismael Sindou,Kamagate,I,K,I,K,I. Kamagate,BEŞİKTAŞ GAİN,BJK,I. Kamagate,4,,,,,,SUB,out,BEŞİKTAŞ GAİN substitution out,,,,,,,,,0,66,1.0,,0,16,0,34
07:27,07:27:00,16,34,-18,2,2,REGULAR,68,A. BROWN,1,substitution,204,,[],out,0,21,Anthony Lejohn,Brown,Anthony Lejohn,Brown,A,B,A,B,A. Brown,BEŞİKTAŞ GAİN,BJK,A. Brown,21,,,,,,SUB,out,BEŞİKTAŞ GAİN substitution out,,,,,,,,,0,66,1.0,,0,16,0,34
07:27,07:27:00,16,34,-18,2,2,REGULAR,71,J. MATHEWS,1,substitution,205,,[],in,0,0,Jonah Kenneth,Mathews,Jonah Kenneth,Mathews,J,M,J,M,J. Mathews,BEŞİKTAŞ GAİN,BJK,J. Mathews,0,,,,,,SUB,in,BEŞİKTAŞ GAİN substitution in,,,,,,,,,0,66,1.0,,0,16,0,34
07:27,07:27:00,16,34,-18,2,2,REGULAR,63,A. ZIZIC,1,substitution,206,,[],in,0,41,Ante Toni,Zizic,Ante Toni,Zizic,A,Z,A,Z,A. Zizic,BEŞİKTAŞ GAİN,BJK,A. Zizic,41,,,,,,SUB,in,BEŞİKTAŞ GAİN substitution in,,,,,,,,,0,66,1.0,,0,16,0,34
07:15,07:15:00,16,34,-18,2,2,REGULAR,71,J. MATHEWS,1,turnover,208,,[],ballhandling,0,0,Jonah Kenneth,Mathews,Jonah Kenneth,Mathews,J,M,J,M,J. Mathews,BEŞİKTAŞ GAİN,BJK,J. Mathews,0,,,,,,TO,,BEŞİKTAŞ GAİN J. MATHEWS turnover ballhandling,,,,,,,,,0,66,1.0,turnover,0,16,0,34
07:15,07:15:00,16,34,-18,1,2,REGULAR,3,E. TANISAN,1,steal,209,208,[],,0,0,Emre,Tanisan,Emre,Tanisan,E,T,E,T,E. Tanisan,YUKATEL MERKEZEFENDİ BELEDİYESİ BASKET,YMB,E. Tanisan,0,,,,,,ST,,YUKATEL MERKEZEFENDİ BELEDİYESİ BASKET E. TANISAN steal,,,,,,,,,0,67,2.0,,0,16,0,34
07:09,07:09:00,18,34,-16,1,2,REGULAR,3,E. TANISAN,1,2pt,210,,"['fromturnover', 'pointsinthepaint', 'fastbreak']",alleyoopdunk,1,0,Emre,Tanisan,Emre,Tanisan,E,T,E,T,E. Tanisan,YUKATEL MERKEZEFENDİ BELEDİYESİ BASKET,YMB,E. Tanisan,0,,,7.5199999809265,58.869998931885,1.0,P2,made,YUKATEL MERKEZEFENDİ BELEDİYESİ BASKET E. TANISAN 2Pt made,11.0,1.0,S. GRIFFIN,,,,,,2,67,2.0,score,2,18,0,34
07:09,07:09:00,18,34,-16,1,2,REGULAR,11,S. GRIFFIN,1,assist,211,210,[],,0,1,Samuel Gevaris,Griffin,Samuel Gevaris,Griffin,S,G,S,G,S. Griffin,YUKATEL MERKEZEFENDİ BELEDİYESİ BASKET,YMB,S. Griffin,1,,,,,,ASS,,YUKATEL MERKEZEFENDİ BELEDİYESİ BASKET S. GRIFFIN assist,,,,,,,,,0,68,1.0,,0,18,0,34
06:47,06:47:00,18,36,-18,2,2,REGULAR,63,A. ZIZIC,1,2pt,212,,['pointsinthepaint'],floatingjumpshot,1,41,Ante Toni,Zizic,Ante Toni,Zizic,A,Z,A,Z,A. Zizic,BEŞİKTAŞ GAİN,BJK,A. Zizic,41,,,82.870002746582,51.240001678467,1.0,P2,made,BEŞİKTAŞ GAİN A. ZIZIC 2Pt made,71.0,2.0,J. MATHEWS,,,,,,2,68,1.0,score,0,18,2,36
06:47,06:47:00,18,36,-18,2,2,REGULAR,71,J. MATHEWS,1,assist,213,212,[],,0,0,Jonah Kenneth,Mathews,Jonah Kenneth,Mathews,J,M,J,M,J. Mathews,BEŞİKTAŞ GAİN,BJK,J. Mathews,0,,,,,,ASS,,BEŞİKTAŞ GAİN J. MATHEWS assist,,,,,,,,,0,69,2.0,,0,18,0,36
06:41,06:41:00,18,36,-18,2,2,REGULAR,63,A. ZIZIC,1,foul,217,,[],personal,0,41,Ante Toni,Zizic,Ante Toni,Zizic,A,Z,A,Z,A. Zizic,BEŞİKTAŞ GAİN,BJK,A. Zizic,41,,,,,,FOUL,,BEŞİKTAŞ GAİN A. ZIZIC foul personal,,,,,,,,,0,69,2.0,,0,18,0,36
06:41,06:41:00,18,36,-18,1,2,REGULAR,11,S. GRIFFIN,1,foulon,218,217,[],,0,1,Samuel Gevaris,Griffin,Samuel Gevaris,Griffin,S,G,S,G,S. Griffin,YUKATEL MERKEZEFENDİ BELEDİYESİ BASKET,YMB,S. Griffin,1,,,,,,OTHER,,YUKATEL MERKEZEFENDİ BELEDİYESİ BASKET foulon,,,,,,,,,0,69,2.0,,0,18,0,36
06:27,06:27:00,18,36,-18,1,2,REGULAR,9,R. BADZIM,0,3pt,220,,[],jumpshot,1,18,Roko,Badzim,Roko,Badzim,R,B,R,B,R. Badzim,YUKATEL MERKEZEFENDİ BELEDİYESİ BASKET,YMB,R. Badzim,18,,,20.780000686646,13.390000343323,0.0,P3,missed,YUKATEL MERKEZEFENDİ BELEDİYESİ BASKET R. BADZIM 3Pt missed,,,,,,,,,0,69,2.0,def_reb,0,18,0,36
06:25,06:25:00,18,36,-18,2,2,REGULAR,69,V. BROWN,1,rebound,221,220,[],defensive,0,33,Vittorio,Brown,Vittorio,Brown,V,B,V,B,V. Brown,BEŞİKTAŞ GAİN,BJK,V. Brown,33,,,,,,REB,,BEŞİKTAŞ GAİN rebound defensive,,,,,,,,,0,70,1.0,def_reb,0,18,0,36
06:16,06:16:00,18,36,-18,2,2,REGULAR,72,D. DOTSON,0,2pt,222,,['pointsinthepaint'],floatingjumpshot,1,1,Devon Durrell,Dotson,Devon Durrell,Dotson,D,D,D,D,D. Dotson,BEŞİKTAŞ GAİN,BJK,D. Dotson,1,,,82.25,55.479999542236,0.0,P2,missed,BEŞİKTAŞ GAİN D. DOTSON 2Pt missed,,,,,,,,,0,71,2.0,def_reb,0,18,0,36
06:14,06:14:00,18,36,-18,1,2,REGULAR,79,A. OMIC,1,rebound,223,222,[],defensive,0,24,Alen,Omic,Alen,Omic,A,O,A,O,A. Omic,YUKATEL MERKEZEFENDİ BELEDİYESİ BASKET,YMB,A. Omic,24,,,,,,REB,,YUKATEL MERKEZEFENDİ BELEDİYESİ BASKET rebound defensive,,,,,,,,,0,72,1.0,def_reb,0,18,0,36
06:09,06:09:00,18,36,-18,1,2,REGULAR,7,Ö. ILYASOGLU,0,3pt,224,,[],jumpshot,1,13,Ömer Can,Ilyasoglu,Ömer Can,Ilyasoglu,Ö,I,Ö,I,Ö. Ilyasoglu,YUKATEL MERKEZEFENDİ BELEDİYESİ BASKET,YMB,Ö. Ilyasoglu,13,,,9.6999998092651,96.160003662109,0.0,P3,missed,YUKATEL MERKEZEFENDİ BELEDİYESİ BASKET Ö. ILYASOGLU 3Pt missed,,,,,,,,,0,73,2.0,def_reb,0,18,0,36
06:04,06:04:00,18,36,-18,2,2,REGULAR,75,Y. ARSLAN,1,rebound,225,224,[],defensive,0,7,Yigit,Arslan,Yigit,Arslan,Y,A,Y,A,Y. Arslan,BEŞİKTAŞ GAİN,BJK,Y. Arslan,7,,,,,,REB,,BEŞİKTAŞ GAİN rebound defensive,,,,,,,,,0,74,1.0,def_reb,0,18,0,36
05:58,05:58:00,18,36,-18,1,2,REGULAR,7,Ö. ILYASOGLU,1,foul,227,,[],personal,0,13,Ömer Can,Ilyasoglu,Ömer Can,Ilyasoglu,Ö,I,Ö,I,Ö. Ilyasoglu,YUKATEL MERKEZEFENDİ BELEDİYESİ BASKET,YMB,Ö. Ilyasoglu,13,,,,,,FOUL,,YUKATEL MERKEZEFENDİ BELEDİYESİ BASKET Ö. ILYASOGLU foul personal,,,,,,,,,0,75,2.0,,0,18,0,36
05:58,05:58:00,18,36,-18,2,2,REGULAR,69,V. BROWN,1,foulon,228,227,[],,0,33,Vittorio,Brown,Vittorio,Brown,V,B,V,B,V. Brown,BEŞİKTAŞ GAİN,BJK,V. Brown,33,,,,,,OTHER,,BEŞİKTAŞ GAİN foulon,,,,,,,,,0,75,2.0,,0,18,0,36
05:58,05:58:00,18,36,-18,1,2,REGULAR,7,Ö. ILYASOGLU,1,substitution,229,,[],out,0,13,Ömer Can,Ilyasoglu,Ömer Can,Ilyasoglu,Ö,I,Ö,I,Ö. Ilyasoglu,YUKATEL MERKEZEFENDİ BELEDİYESİ BASKET,YMB,Ö. Ilyasoglu,13,,,,,,SUB,out,YUKATEL MERKEZEFENDİ BELEDİYESİ BASKET substitution out,,,,,,,,,0,75,2.0,,0,18,0,36
05:58,05:58:00,18,36,-18,1,2,REGULAR,21,K. SMITH JR,1,substitution,230,,[],in,0,4,Kenneth Jerome,Smith Jr,Kenneth Jerome,Smith Jr,K,S,K,S,K. Smith Jr,YUKATEL MERKEZEFENDİ BELEDİYESİ BASKET,YMB,K. Smith Jr,4,,,,,,SUB,in,YUKATEL MERKEZEFENDİ BELEDİYESİ BASKET substitution in,,,,,,,,,0,75,2.0,,0,18,0,36
05:58,05:58:00,18,36,-18,2,2,REGULAR,69,V. BROWN,1,substitution,231,,[],out,0,33,Vittorio,Brown,Vittorio,Brown,V,B,V,B,V. Brown,BEŞİKTAŞ GAİN,BJK,V. Brown,33,,,,,,SUB,out,BEŞİKTAŞ GAİN substitution out,,,,,,,,,0,75,2.0,,0,18,0,36
05:58,05:58:00,18,36,-18,2,2,REGULAR,70,C. MORGAN,1,substitution,232,,[],in,0,9,Conor Seamus William,Morgan,Conor Seamus William,Morgan,C,M,C,M,C. Morgan,BEŞİKTAŞ GAİN,BJK,C. Morgan,9,,,,,,SUB,in,BEŞİKTAŞ GAİN substitution in,,,,,,,,,0,75,2.0,,0,18,0,36
05:55,05:55:00,18,36,-18,2,2,REGULAR,75,Y. ARSLAN,1,turnover,234,,[],ballhandling,0,7,Yigit,Arslan,Yigit,Arslan,Y,A,Y,A,Y. Arslan,BEŞİKTAŞ GAİN,BJK,Y. Arslan,7,,,,,,TO,,BEŞİKTAŞ GAİN Y. ARSLAN turnover ballhandling,,,,,,,,,0,75,2.0,turnover,0,18,0,36
05:55,05:55:00,18,36,-18,1,2,REGULAR,11,S. GRIFFIN,1,steal,235,234,[],,0,1,Samuel Gevaris,Griffin,Samuel Gevaris,Griffin,S,G,S,G,S. Griffin,YUKATEL MERKEZEFENDİ BELEDİYESİ BASKET,YMB,S. Griffin,1,,,,,,ST,,YUKATEL MERKEZEFENDİ BELEDİYESİ BASKET S. GRIFFIN steal,,,,,,,,,0,76,1.0,,0,18,0,36
05:48,05:48:00,18,36,-18,1,2,REGULAR,11,S. GRIFFIN,0,2pt,237,,"['fromturnover', 'pointsinthepaint', 'blocked']",layup,1,1,Samuel Gevaris,Griffin,Samuel Gevaris,Griffin,S,G,S,G,S. Griffin,YUKATEL MERKEZEFENDİ BELEDİYESİ BASKET,YMB,S. Griffin,1,,,6.1199998855591,65.370002746582,0.0,P2,missed,YUKATEL MERKEZEFENDİ BELEDİYESİ BASKET S. GRIFFIN 2Pt missed,,,,63.0,2.0,A. ZIZIC,,,0,76,1.0,,0,18,0,36
05:48,05:48:00,18,36,-18,2,2,REGULAR,63,A. ZIZIC,1,block,238,237,[],,0,41,Ante Toni,Zizic,Ante Toni,Zizic,A,Z,A,Z,A. Zizic,BEŞİKTAŞ GAİN,BJK,A. Zizic,41,,,,,,BS,,BEŞİKTAŞ GAİN A. ZIZIC block,,,,,,,,,0,76,1.0,,0,18,0,36
05:47,05:47:00,18,36,-18,1,2,REGULAR,0,,1,rebound,239,237,['team'],offensive,0,,,,,,,,,,,YUKATEL MERKEZEFENDİ BELEDİYESİ BASKET,YMB,,,,,,,,TREB,,YUKATEL MERKEZEFENDİ BELEDİYESİ BASKET team rebound offensive,,,,,,,,,0,76,1.0,def_reb,0,18,0,36
05:47,05:47:00,18,36,-18,1,2,REGULAR,9,R. BADZIM,1,substitution,240,,[],out,0,18,Roko,Badzim,Roko,Badzim,R,B,R,B,R. Badzim,YUKATEL MERKEZEFENDİ BELEDİYESİ BASKET,YMB,R. Badzim,18,,,,,,SUB,out,YUKATEL MERKEZEFENDİ BELEDİYESİ BASKET substitution out,,,,,,,,,0,77,2.0,,0,18,0,36
05:47,05:47:00,18,36,-18,1,2,REGULAR,12,M. CAZALON,1,substitution,241,,[],in,0,21,Malcolm Jean Ahmed,Cazalon,Malcolm Jean Ahmed,Cazalon,M,C,M,C,M. Cazalon,YUKATEL MERKEZEFENDİ BELEDİYESİ BASKET,YMB,M. Cazalon,21,,,,,,SUB,in,YUKATEL MERKEZEFENDİ BELEDİYESİ BASKET substitution in,,,,,,,,,0,77,2.0,,0,18,0,36
05:36,05:36:00,18,36,-18,1,2,REGULAR,3,E. TANISAN,0,3pt,243,,"['2ndchance', 'fromturnover']",jumpshot,1,0,Emre,Tanisan,Emre,Tanisan,E,T,E,T,E. Tanisan,YUKATEL MERKEZEFENDİ BELEDİYESİ BASKET,YMB,E. Tanisan,0,,,25.299999237061,82.599998474121,0.0,P3,missed,YUKATEL MERKEZEFENDİ BELEDİYESİ BASKET E. TANISAN 3Pt missed,,,,,,,,,0,77,2.0,def_reb,0,18,0,36
05:33,05:33:00,18,36,-18,2,2,REGULAR,71,J. MATHEWS,1,rebound,244,243,[],defensive,0,0,Jonah Kenneth,Mathews,Jonah Kenneth,Mathews,J,M,J,M,J. Mathews,BEŞİKTAŞ GAİN,BJK,J. Mathews,0,,,,,,REB,,BEŞİKTAŞ GAİN rebound defensive,,,,,,,,,0,78,1.0,def_reb,0,18,0,36
05:25,05:25:00,18,36,-18,2,2,REGULAR,70,C. MORGAN,0,3pt,245,,[],jumpshot,1,9,Conor Seamus William,Morgan,Conor Seamus William,Morgan,C,M,C,M,C. Morgan,BEŞİKTAŞ GAİN,BJK,C. Morgan,9,,,76.629997253418,89.940002441406,0.0,P3,missed,BEŞİKTAŞ GAİN C. MORGAN 3Pt missed,,,,,,,,,0,79,2.0,def_reb,0,18,0,36
05:21,05:21:00,18,36,-18,1,2,REGULAR,11,S. GRIFFIN,1,rebound,246,245,[],defensive,0,1,Samuel Gevaris,Griffin,Samuel Gevaris,Griffin,S,G,S,G,S. Griffin,YUKATEL MERKEZEFENDİ BELEDİYESİ BASKET,YMB,S. Griffin,1,,,,,,REB,,YUKATEL MERKEZEFENDİ BELEDİYESİ BASKET rebound defensive,,,,,,,,,0,80,1.0,def_reb,0,18,0,36
05:12,05:12:00,18,36,-18,1,2,REGULAR,79,A. OMIC,1,substitution,248,,[],out,0,24,Alen,Omic,Alen,Omic,A,O,A,O,A. Omic,YUKATEL MERKEZEFENDİ BELEDİYESİ BASKET,YMB,A. Omic,24,,,,,,SUB,out,YUKATEL MERKEZEFENDİ BELEDİYESİ BASKET substitution out,,,,,,,,,0,81,2.0,,0,18,0,36
05:12,05:12:00,18,36,-18,1,2,REGULAR,5,M. AGVA,1,substitution,249,,[],in,0,46,Mahir,Agva,Mahir,Agva,M,A,M,A,M. Agva,YUKATEL MERKEZEFENDİ BELEDİYESİ BASKET,YMB,M. Agva,46,,,,,,SUB,in,YUKATEL MERKEZEFENDİ BELEDİYESİ BASKET substitution in,,,,,,,,,0,81,2.0,,0,18,0,36
05:00,05:00:00,20,36,-16,1,2,REGULAR,11,S. GRIFFIN,1,2pt,256,,['pointsinthepaint'],layup,1,1,Samuel Gevaris,Griffin,Samuel Gevaris,Griffin,S,G,S,G,S. Griffin,YUKATEL MERKEZEFENDİ BELEDİYESİ BASKET,YMB,S. Griffin,1,,,8.7700004577637,45.880001068115,1.0,P2,made,YUKATEL MERKEZEFENDİ BELEDİYESİ BASKET S. GRIFFIN 2Pt made,21.0,1.0,K. SMITH JR,,,,,,2,81,2.0,score,2,20,0,36
05:00,05:00:00,20,36,-16,1,2,REGULAR,21,K. SMITH JR,1,assist,257,256,[],,0,4,Kenneth Jerome,Smith Jr,Kenneth Jerome,Smith Jr,K,S,K,S,K. Smith Jr,YUKATEL MERKEZEFENDİ BELEDİYESİ BASKET,YMB,K. Smith Jr,4,,,,,,ASS,,YUKATEL MERKEZEFENDİ BELEDİYESİ BASKET K. SMITH JR assist,,,,,,,,,0,82,1.0,,0,20,0,36
05:00,05:00:00,20,36,-16,2,2,REGULAR,71,J. MATHEWS,1,foul,258,,"['shooting', '1freethrow']",personal,0,0,Jonah Kenneth,Mathews,Jonah Kenneth,Mathews,J,M,J,M,J. Mathews,BEŞİKTAŞ GAİN,BJK,J. Mathews,0,,,,,,FOUL,,BEŞİKTAŞ GAİN J. MATHEWS foul personal,,,,,,,,,0,82,1.0,,0,20,0,36
05:00,05:00:00,20,36,-16,1,2,REGULAR,11,S. GRIFFIN,1,foulon,259,258,[],,0,1,Samuel Gevaris,Griffin,Samuel Gevaris,Griffin,S,G,S,G,S. Griffin,YUKATEL MERKEZEFENDİ BELEDİYESİ BASKET,YMB,S. Griffin,1,,,,,,OTHER,,YUKATEL MERKEZEFENDİ BELEDİYESİ BASKET foulon,,,,,,,,,0,82,1.0,,0,20,0,36
05:00,05:00:00,20,36,-16,1,2,REGULAR,3,E. TANISAN,1,substitution,260,,[],out,0,0,Emre,Tanisan,Emre,Tanisan,E,T,E,T,E. Tanisan,YUKATEL MERKEZEFENDİ BELEDİYESİ BASKET,YMB,E. Tanisan,0,,,,,,SUB,out,YUKATEL MERKEZEFENDİ BELEDİYESİ BASKET substitution out,,,,,,,,,0,82,1.0,,0,20,0,36
05:00,05:00:00,20,36,-16,1,2,REGULAR,8,H. VANWIJN,1,substitution,261,,[],in,0,10,Hans,Vanwijn,Hans,Vanwijn,H,V,H,V,H. Vanwijn,YUKATEL MERKEZEFENDİ BELEDİYESİ BASKET,YMB,H. Vanwijn,10,,,,,,SUB,in,YUKATEL MERKEZEFENDİ BELEDİYESİ BASKET substitution in,,,,,,,,,0,82,1.0,,0,20,0,36
05:00,05:00:00,20,36,-16,2,2,REGULAR,71,J. MATHEWS,1,substitution,262,,[],out,0,0,Jonah Kenneth,Mathews,Jonah Kenneth,Mathews,J,M,J,M,J. Mathews,BEŞİKTAŞ GAİN,BJK,J. Mathews,0,,,,,,SUB,out,BEŞİKTAŞ GAİN substitution out,,,,,,,,,0,82,1.0,,0,20,0,36
05:00,05:00:00,20,36,-16,2,2,REGULAR,68,A. BROWN,1,substitution,263,,[],in,0,21,Anthony Lejohn,Brown,Anthony Lejohn,Brown,A,B,A,B,A. Brown,BEŞİKTAŞ GAİN,BJK,A. Brown,21,,,,,,SUB,in,BEŞİKTAŞ GAİN substitution in,,,,,,,,,0,82,1.0,,0,20,0,36
05:00,05:00:00,20,36,-16,1,2,REGULAR,11,S. GRIFFIN,0,freethrow,264,,[],1of1,1,1,Samuel Gevaris,Griffin,Samuel Gevaris,Griffin,S,G,S,G,S. Griffin,YUKATEL MERKEZEFENDİ BELEDİYESİ BASKET,YMB,S. Griffin,1,,,,,,FT,missed,YUKATEL MERKEZEFENDİ BELEDİYESİ BASKET S. GRIFFIN FT 1of1 missed,,,,,,,,,0,82,1.0,def_reb,0,20,0,36
05:00,05:00:00,20,36,-16,2,2,REGULAR,63,A. ZIZIC,1,rebound,266,264,[],defensive,0,41,Ante Toni,Zizic,Ante Toni,Zizic,A,Z,A,Z,A. Zizic,BEŞİKTAŞ GAİN,BJK,A. Zizic,41,,,,,,REB,,BEŞİKTAŞ GAİN rebound defensive,,,,,,,,,0,83,2.0,def_reb,0,20,0,36
04:42,04:42:00,20,36,-16,2,2,REGULAR,63,A. ZIZIC,0,2pt,267,,['pointsinthepaint'],hookshot,1,41,Ante Toni,Zizic,Ante Toni,Zizic,A,Z,A,Z,A. Zizic,BEŞİKTAŞ GAİN,BJK,A. Zizic,41,,,86.150001525879,48.700000762939,0.0,P2,missed,BEŞİKTAŞ GAİN A. ZIZIC 2Pt missed,,,,,,,,,0,84,1.0,def_reb,0,20,0,36
04:39,04:39:00,20,36,-16,1,2,REGULAR,8,H. VANWIJN,1,rebound,268,267,[],defensive,0,10,Hans,Vanwijn,Hans,Vanwijn,H,V,H,V,H. Vanwijn,YUKATEL MERKEZEFENDİ BELEDİYESİ BASKET,YMB,H. Vanwijn,10,,,,,,REB,,YUKATEL MERKEZEFENDİ BELEDİYESİ BASKET rebound defensive,,,,,,,,,0,85,2.0,def_reb,0,20,0,36
04:33,04:33:00,22,36,-14,1,2,REGULAR,11,S. GRIFFIN,1,2pt,270,,"['fastbreak', 'pointsinthepaint']",jumpshot,1,1,Samuel Gevaris,Griffin,Samuel Gevaris,Griffin,S,G,S,G,S. Griffin,YUKATEL MERKEZEFENDİ BELEDİYESİ BASKET,YMB,S. Griffin,1,,,18.10000038147,63.290000915527,1.0,P2,made,YUKATEL MERKEZEFENDİ BELEDİYESİ BASKET S. GRIFFIN 2Pt made,,,,,,,,,2,86,1.0,score,2,22,0,36
04:32,04:32:00,22,36,-14,2,2,REGULAR,0,,1,timeout,273,,[],full,0,,,,,,,,,,,BEŞİKTAŞ GAİN,BJK,,,,,,,,TIMEOUT,,BEŞİKTAŞ GAİN timeout,,,,,,,,,0,87,2.0,,0,22,0,36
04:22,04:22:00,22,36,-14,1,2,REGULAR,21,K. SMITH JR,1,foul,276,,[],personal,0,4,Kenneth Jerome,Smith Jr,Kenneth Jerome,Smith Jr,K,S,K,S,K. Smith Jr,YUKATEL MERKEZEFENDİ BELEDİYESİ BASKET,YMB,K. Smith Jr,4,,,,,,FOUL,,YUKATEL MERKEZEFENDİ BELEDİYESİ BASKET K. SMITH JR foul personal,,,,,,,,,0,87,2.0,,0,22,0,36
04:22,04:22:00,22,36,-14,2,2,REGULAR,72,D. DOTSON,1,foulon,277,276,[],,0,1,Devon Durrell,Dotson,Devon Durrell,Dotson,D,D,D,D,D. Dotson,BEŞİKTAŞ GAİN,BJK,D. Dotson,1,,,,,,OTHER,,BEŞİKTAŞ GAİN foulon,,,,,,,,,0,87,2.0,,0,22,0,36
04:19,04:19:00,22,36,-14,2,2,REGULAR,70,C. MORGAN,1,turnover,280,,[],badpass,0,9,Conor Seamus William,Morgan,Conor Seamus William,Morgan,C,M,C,M,C. Morgan,BEŞİKTAŞ GAİN,BJK,C. Morgan,9,,,,,,TO,,BEŞİKTAŞ GAİN C. MORGAN turnover badpass,,,,,,,,,0,87,2.0,turnover,0,22,0,36
03:58,03:58:00,22,36,-14,1,2,REGULAR,8,H. VANWIJN,0,3pt,282,,['fromturnover'],jumpshot,1,10,Hans,Vanwijn,Hans,Vanwijn,H,V,H,V,H. Vanwijn,YUKATEL MERKEZEFENDİ BELEDİYESİ BASKET,YMB,H. Vanwijn,10,,,3.9300000667572,5.7600002288818,0.0,P3,missed,YUKATEL MERKEZEFENDİ BELEDİYESİ BASKET H. VANWIJN 3Pt missed,,,,,,,,,0,88,1.0,def_reb,0,22,0,36
03:55,03:55:00,22,36,-14,2,2,REGULAR,75,Y. ARSLAN,1,rebound,283,282,[],defensive,0,7,Yigit,Arslan,Yigit,Arslan,Y,A,Y,A,Y. Arslan,BEŞİKTAŞ GAİN,BJK,Y. Arslan,7,,,,,,REB,,BEŞİKTAŞ GAİN rebound defensive,,,,,,,,,0,89,2.0,def_reb,0,22,0,36
03:49,03:49:00,22,39,-17,2,2,REGULAR,72,D. DOTSON,1,3pt,284,,['fastbreak'],jumpshot,1,1,Devon Durrell,Dotson,Devon Durrell,Dotson,D,D,D,D,D. Dotson,BEŞİKTAŞ GAİN,BJK,D. Dotson,1,,,75.230003356934,17.629999160767,1.0,P3,made,BEŞİKTAŞ GAİN D. DOTSON 3Pt made,68.0,2.0,A. BROWN,,,,,,3,90,1.0,score,0,22,3,39
03:49,03:49:00,22,39,-17,2,2,REGULAR,68,A. BROWN,1,assist,285,284,[],,0,21,Anthony Lejohn,Brown,Anthony Lejohn,Brown,A,B,A,B,A. Brown,BEŞİKTAŞ GAİN,BJK,A. Brown,21,,,,,,ASS,,BEŞİKTAŞ GAİN A. BROWN assist,,,,,,,,,0,91,2.0,,0,22,0,39
03:37,03:37:00,25,39,-14,1,2,REGULAR,21,K. SMITH JR,1,3pt,286,,['fastbreak'],jumpshot,1,4,Kenneth Jerome,Smith Jr,Kenneth Jerome,Smith Jr,K,S,K,S,K. Smith Jr,YUKATEL MERKEZEFENDİ BELEDİYESİ BASKET,YMB,K. Smith Jr,4,,,29.670000076294,64.23999786377,1.0,P3,made,YUKATEL MERKEZEFENDİ BELEDİYESİ BASKET K. SMITH JR 3Pt made,,,,,,,,,3,91,2.0,score,3,25,0,39
03:30,03:30:00,25,39,-14,2,2,REGULAR,72,D. DOTSON,1,turnover,293,,[],ballhandling,0,1,Devon Durrell,Dotson,Devon Durrell,Dotson,D,D,D,D,D. Dotson,BEŞİKTAŞ GAİN,BJK,D. Dotson,1,,,,,,TO,,BEŞİKTAŞ GAİN D. DOTSON turnover ballhandling,,,,,,,,,0,92,1.0,turnover,0,25,0,39
03:30,03:30:00,25,39,-14,2,2,REGULAR,63,A. ZIZIC,1,substitution,294,,[],out,0,41,Ante Toni,Zizic,Ante Toni,Zizic,A,Z,A,Z,A. Zizic,BEŞİKTAŞ GAİN,BJK,A. Zizic,41,,,,,,SUB,out,BEŞİKTAŞ GAİN substitution out,,,,,,,,,0,93,2.0,,0,25,0,39
03:30,03:30:00,25,39,-14,2,2,REGULAR,73,I. KAMAGATE,1,substitution,295,,[],in,0,4,Ismael Sindou,Kamagate,Ismael Sindou,Kamagate,I,K,I,K,I. Kamagate,BEŞİKTAŞ GAİN,BJK,I. Kamagate,4,,,,,,SUB,in,BEŞİKTAŞ GAİN substitution in,,,,,,,,,0,93,2.0,,0,25,0,39
03:16,03:16:00,25,39,-14,2,2,REGULAR,73,I. KAMAGATE,1,foul,299,,"['shooting', '3freethrow']",personal,0,4,Ismael Sindou,Kamagate,Ismael Sindou,Kamagate,I,K,I,K,I. Kamagate,BEŞİKTAŞ GAİN,BJK,I. Kamagate,4,,,,,,FOUL,,BEŞİKTAŞ GAİN I. KAMAGATE foul personal,,,,,,,,,0,93,2.0,,0,25,0,39
03:16,03:16:00,25,39,-14,1,2,REGULAR,21,K. SMITH JR,1,foulon,300,299,[],,0,4,Kenneth Jerome,Smith Jr,Kenneth Jerome,Smith Jr,K,S,K,S,K. Smith Jr,YUKATEL MERKEZEFENDİ BELEDİYESİ BASKET,YMB,K. Smith Jr,4,,,,,,OTHER,,YUKATEL MERKEZEFENDİ BELEDİYESİ BASKET foulon,,,,,,,,,0,93,2.0,,0,25,0,39
03:16,03:16:00,25,39,-14,1,2,REGULAR,21,K. SMITH JR,0,freethrow,301,,['fromturnover'],1of3,1,4,Kenneth Jerome,Smith Jr,Kenneth Jerome,Smith Jr,K,S,K,S,K. Smith Jr,YUKATEL MERKEZEFENDİ BELEDİYESİ BASKET,YMB,K. Smith Jr,4,,,,,,FT,missed,YUKATEL MERKEZEFENDİ BELEDİYESİ BASKET K. SMITH JR FT 1of3 missed,,,,,,,,,0,93,2.0,def_reb,0,25,0,39
03:16,03:16:00,25,39,-14,1,2,REGULAR,0,,1,rebound,302,301,[],offensivedeadball,0,,,,,,,,,,,YUKATEL MERKEZEFENDİ BELEDİYESİ BASKET,YMB,,,,,,,,TREB,,YUKATEL MERKEZEFENDİ BELEDİYESİ BASKET team rebound offensivedeadball,,,,,,,,,0,94,1.0,def_reb,0,25,0,39
03:16,03:16:00,25,39,-14,1,2,REGULAR,21,K. SMITH JR,0,freethrow,303,,['fromturnover'],2of3,1,4,Kenneth Jerome,Smith Jr,Kenneth Jerome,Smith Jr,K,S,K,S,K. Smith Jr,YUKATEL MERKEZEFENDİ BELEDİYESİ BASKET,YMB,K. Smith Jr,4,,,,,,FT,missed,YUKATEL MERKEZEFENDİ BELEDİYESİ BASKET K. SMITH JR FT 2of3 missed,,,,,,,,,0,95,2.0,def_reb,0,25,0,39
03:16,03:16:00,25,39,-14,1,2,REGULAR,0,,1,rebound,304,303,[],offensivedeadball,0,,,,,,,,,,,YUKATEL MERKEZEFENDİ BELEDİYESİ BASKET,YMB,,,,,,,,TREB,,YUKATEL MERKEZEFENDİ BELEDİYESİ BASKET team rebound offensivedeadball,,,,,,,,,0,96,1.0,def_reb,0,25,0,39
03:16,03:16:00,26,39,-13,1,2,REGULAR,21,K. SMITH JR,1,freethrow,305,,['fromturnover'],3of3,1,4,Kenneth Jerome,Smith Jr,Kenneth Jerome,Smith Jr,K,S,K,S,K. Smith Jr,YUKATEL MERKEZEFENDİ BELEDİYESİ BASKET,YMB,K. Smith Jr,4,,,,,,FT,made,YUKATEL MERKEZEFENDİ BELEDİYESİ BASKET K. SMITH JR FT 3of3 made,,,,,,,,,1,97,2.0,made_ft_last,1,26,0,39
02:59,02:59:00,26,39,-13,2,2,REGULAR,73,I. KAMAGATE,0,2pt,307,,['pointsinthepaint'],hookshot,1,4,Ismael Sindou,Kamagate,Ismael Sindou,Kamagate,I,K,I,K,I. Kamagate,BEŞİKTAŞ GAİN,BJK,I. Kamagate,4,,,88.330001831055,56.610000610352,0.0,P2,missed,BEŞİKTAŞ GAİN I. KAMAGATE 2Pt missed,,,,,,,,,0,98,1.0,def_reb,0,26,0,39
02:56,02:56:00,26,39,-13,1,2,REGULAR,5,M. AGVA,1,rebound,308,307,[],defensive,0,46,Mahir,Agva,Mahir,Agva,M,A,M,A,M. Agva,YUKATEL MERKEZEFENDİ BELEDİYESİ BASKET,YMB,M. Agva,46,,,,,,REB,,YUKATEL MERKEZEFENDİ BELEDİYESİ BASKET rebound defensive,,,,,,,,,0,99,2.0,def_reb,0,26,0,39
02:48,02:48:00,26,39,-13,2,2,REGULAR,73,I. KAMAGATE,1,foul,310,,"['shooting', '2freethrow']",personal,0,4,Ismael Sindou,Kamagate,Ismael Sindou,Kamagate,I,K,I,K,I. Kamagate,BEŞİKTAŞ GAİN,BJK,I. Kamagate,4,,,,,,FOUL,,BEŞİKTAŞ GAİN I. KAMAGATE foul personal,,,,,,,,,0,100,1.0,,0,26,0,39
02:48,02:48:00,26,39,-13,1,2,REGULAR,8,H. VANWIJN,1,foulon,311,310,[],,0,10,Hans,Vanwijn,Hans,Vanwijn,H,V,H,V,H. Vanwijn,YUKATEL MERKEZEFENDİ BELEDİYESİ BASKET,YMB,H. Vanwijn,10,,,,,,OTHER,,YUKATEL MERKEZEFENDİ BELEDİYESİ BASKET foulon,,,,,,,,,0,100,1.0,,0,26,0,39
02:48,02:48:00,26,39,-13,2,2,REGULAR,73,I. KAMAGATE,1,substitution,312,,[],out,0,4,Ismael Sindou,Kamagate,Ismael Sindou,Kamagate,I,K,I,K,I. Kamagate,BEŞİKTAŞ GAİN,BJK,I. Kamagate,4,,,,,,SUB,out,BEŞİKTAŞ GAİN substitution out,,,,,,,,,0,100,1.0,,0,26,0,39
02:48,02:48:00,26,39,-13,2,2,REGULAR,63,A. ZIZIC,1,substitution,313,,[],in,0,41,Ante Toni,Zizic,Ante Toni,Zizic,A,Z,A,Z,A. Zizic,BEŞİKTAŞ GAİN,BJK,A. Zizic,41,,,,,,SUB,in,BEŞİKTAŞ GAİN substitution in,,,,,,,,,0,100,1.0,,0,26,0,39
02:48,02:48:00,27,39,-12,1,2,REGULAR,8,H. VANWIJN,1,freethrow,314,,[],1of2,1,10,Hans,Vanwijn,Hans,Vanwijn,H,V,H,V,H. Vanwijn,YUKATEL MERKEZEFENDİ BELEDİYESİ BASKET,YMB,H. Vanwijn,10,,,,,,FT,made,YUKATEL MERKEZEFENDİ BELEDİYESİ BASKET H. VANWIJN FT 1of2 made,,,,,,,,,1,100,1.0,made_ft,1,27,0,39
02:48,02:48:00,27,39,-12,1,2,REGULAR,5,M. AGVA,1,assist,315,314,[],,0,46,Mahir,Agva,Mahir,Agva,M,A,M,A,M. Agva,YUKATEL MERKEZEFENDİ BELEDİYESİ BASKET,YMB,M. Agva,46,,,,,,ASS,,YUKATEL MERKEZEFENDİ BELEDİYESİ BASKET M. AGVA assist,,,,,,,,,0,101,2.0,,0,27,0,39
02:48,02:48:00,28,39,-11,1,2,REGULAR,8,H. VANWIJN,1,freethrow,316,,[],2of2,1,10,Hans,Vanwijn,Hans,Vanwijn,H,V,H,V,H. Vanwijn,YUKATEL MERKEZEFENDİ BELEDİYESİ BASKET,YMB,H. Vanwijn,10,,,,,,FT,made,YUKATEL MERKEZEFENDİ BELEDİYESİ BASKET H. VANWIJN FT 2of2 made,,,,,,,,,1,101,2.0,made_ft_last,1,28,0,39
02:45,02:45:00,28,41,-13,2,2,REGULAR,75,Y. ARSLAN,1,2pt,318,,"['pointsinthepaint', 'fastbreak']",layup,1,7,Yigit,Arslan,Yigit,Arslan,Y,A,Y,A,Y. Arslan,BEŞİKTAŞ GAİN,BJK,Y. Arslan,7,,,89.419998168945,52.090000152588,1.0,P2,made,BEŞİKTAŞ GAİN Y. ARSLAN 2Pt made,70.0,2.0,C. MORGAN,,,,,,2,102,1.0,score,0,28,2,41
02:45,02:45:00,28,41,-13,2,2,REGULAR,70,C. MORGAN,1,assist,319,318,[],,0,9,Conor Seamus William,Morgan,Conor Seamus William,Morgan,C,M,C,M,C. Morgan,BEŞİKTAŞ GAİN,BJK,C. Morgan,9,,,,,,ASS,,BEŞİKTAŞ GAİN C. MORGAN assist,,,,,,,,,0,103,2.0,,0,28,0,41
02:26,02:26:00,31,41,-10,1,2,REGULAR,21,K. SMITH JR,1,3pt,320,,[],jumpshot,1,4,Kenneth Jerome,Smith Jr,Kenneth Jerome,Smith Jr,K,S,K,S,K. Smith Jr,YUKATEL MERKEZEFENDİ BELEDİYESİ BASKET,YMB,K. Smith Jr,4,,,31.389999389648,53.220001220703,1.0,P3,made,YUKATEL MERKEZEFENDİ BELEDİYESİ BASKET K. SMITH JR 3Pt made,5.0,1.0,M. AGVA,,,,,,3,103,2.0,score,3,31,0,41
02:26,02:26:00,31,41,-10,1,2,REGULAR,5,M. AGVA,1,assist,321,320,[],,0,46,Mahir,Agva,Mahir,Agva,M,A,M,A,M. Agva,YUKATEL MERKEZEFENDİ BELEDİYESİ BASKET,YMB,M. Agva,46,,,,,,ASS,,YUKATEL MERKEZEFENDİ BELEDİYESİ BASKET M. AGVA assist,,,,,,,,,0,104,1.0,,0,31,0,41
02:06,02:06:00,31,41,-10,2,2,REGULAR,68,A. BROWN,0,3pt,322,,[],jumpshot,1,21,Anthony Lejohn,Brown,Anthony Lejohn,Brown,A,B,A,B,A. Brown,BEŞİKTAŞ GAİN,BJK,A. Brown,21,,,85.830001831055,95.879997253418,0.0,P3,missed,BEŞİKTAŞ GAİN A. BROWN 3Pt missed,,,,,,,,,0,104,1.0,def_reb,0,31,0,41
02:05,02:05:00,31,41,-10,1,2,REGULAR,0,,1,rebound,324,322,['team'],defensive,0,,,,,,,,,,,YUKATEL MERKEZEFENDİ BELEDİYESİ BASKET,YMB,,,,,,,,TREB,,YUKATEL MERKEZEFENDİ BELEDİYESİ BASKET team rebound defensive,,,,,,,,,0,105,2.0,def_reb,0,31,0,41
02:05,02:05:00,31,41,-10,1,2,REGULAR,12,M. CAZALON,1,substitution,325,,[],out,0,21,Malcolm Jean Ahmed,Cazalon,Malcolm Jean Ahmed,Cazalon,M,C,M,C,M. Cazalon,YUKATEL MERKEZEFENDİ BELEDİYESİ BASKET,YMB,M. Cazalon,21,,,,,,SUB,out,YUKATEL MERKEZEFENDİ BELEDİYESİ BASKET substitution out,,,,,,,,,0,106,1.0,,0,31,0,41
02:05,02:05:00,31,41,-10,1,2,REGULAR,9,R. BADZIM,1,substitution,326,,[],in,0,18,Roko,Badzim,Roko,Badzim,R,B,R,B,R. Badzim,YUKATEL MERKEZEFENDİ BELEDİYESİ BASKET,YMB,R. Badzim,18,,,,,,SUB,in,YUKATEL MERKEZEFENDİ BELEDİYESİ BASKET substitution in,,,,,,,,,0,106,1.0,,0,31,0,41
02:05,02:05:00,31,41,-10,2,2,REGULAR,72,D. DOTSON,1,substitution,327,,[],out,0,1,Devon Durrell,Dotson,Devon Durrell,Dotson,D,D,D,D,D. Dotson,BEŞİKTAŞ GAİN,BJK,D. Dotson,1,,,,,,SUB,out,BEŞİKTAŞ GAİN substitution out,,,,,,,,,0,106,1.0,,0,31,0,41
02:05,02:05:00,31,41,-10,2,2,REGULAR,1,E. ADIGÜZEL,1,substitution,328,,[],in,0,19,Emir,Adigüzel,Emir,Adigüzel,E,A,E,A,E. Adigüzel,BEŞİKTAŞ GAİN,BJK,E. Adigüzel,19,,,,,,SUB,in,BEŞİKTAŞ GAİN substitution in,,,,,,,,,0,106,1.0,,0,31,0,41
01:52,01:52:00,31,41,-10,1,2,REGULAR,8,H. VANWIJN,0,3pt,330,,[],jumpshot,1,10,Hans,Vanwijn,Hans,Vanwijn,H,V,H,V,H. Vanwijn,YUKATEL MERKEZEFENDİ BELEDİYESİ BASKET,YMB,H. Vanwijn,10,,,21.719999313354,89.660003662109,0.0,P3,missed,YUKATEL MERKEZEFENDİ BELEDİYESİ BASKET H. VANWIJN 3Pt missed,,,,,,,,,0,106,1.0,,0,31,0,41
01:47,01:47:00,31,41,-10,1,2,REGULAR,9,R. BADZIM,1,rebound,332,330,[],offensive,0,18,Roko,Badzim,Roko,Badzim,R,B,R,B,R. Badzim,YUKATEL MERKEZEFENDİ BELEDİYESİ BASKET,YMB,R. Badzim,18,,,,,,REB,,YUKATEL MERKEZEFENDİ BELEDİYESİ BASKET rebound offensive,,,,,,,,,0,106,1.0,,0,31,0,41
01:47,01:47:00,31,41,-10,1,2,REGULAR,9,R. BADZIM,1,turnover,333,,[],badpass,0,18,Roko,Badzim,Roko,Badzim,R,B,R,B,R. Badzim,YUKATEL MERKEZEFENDİ BELEDİYESİ BASKET,YMB,R. Badzim,18,,,,,,TO,,YUKATEL MERKEZEFENDİ BELEDİYESİ BASKET R. BADZIM turnover badpass,,,,,,,,,0,106,1.0,turnover,0,31,0,41
01:47,01:47:00,31,41,-10,2,2,REGULAR,0,,1,timeout,336,,[],full,0,,,,,,,,,,,BEŞİKTAŞ GAİN,BJK,,,,,,,,TIMEOUT,,BEŞİKTAŞ GAİN timeout,,,,,,,,,0,107,2.0,,0,31,0,41
01:47,01:47:00,31,41,-10,2,2,REGULAR,68,A. BROWN,1,substitution,339,,[],out,0,21,Anthony Lejohn,Brown,Anthony Lejohn,Brown,A,B,A,B,A. Brown,BEŞİKTAŞ GAİN,BJK,A. Brown,21,,,,,,SUB,out,BEŞİKTAŞ GAİN substitution out,,,,,,,,,0,107,2.0,,0,31,0,41
01:47,01:47:00,31,41,-10,2,2,REGULAR,71,J. MATHEWS,1,substitution,340,,[],in,0,0,Jonah Kenneth,Mathews,Jonah Kenneth,Mathews,J,M,J,M,J. Mathews,BEŞİKTAŞ GAİN,BJK,J. Mathews,0,,,,,,SUB,in,BEŞİKTAŞ GAİN substitution in,,,,,,,,,0,107,2.0,,0,31,0,41
01:23,01:23:00,31,41,-10,2,2,REGULAR,75,Y. ARSLAN,0,3pt,342,,['fromturnover'],jumpshot,1,7,Yigit,Arslan,Yigit,Arslan,Y,A,Y,A,Y. Arslan,BEŞİKTAŞ GAİN,BJK,Y. Arslan,7,,,70.860000610352,28.360000610352,0.0,P3,missed,BEŞİKTAŞ GAİN Y. ARSLAN 3Pt missed,,,,,,,,,0,107,2.0,def_reb,0,31,0,41
01:20,01:20:00,31,41,-10,1,2,REGULAR,21,K. SMITH JR,1,rebound,343,342,[],defensive,0,4,Kenneth Jerome,Smith Jr,Kenneth Jerome,Smith Jr,K,S,K,S,K. Smith Jr,YUKATEL MERKEZEFENDİ BELEDİYESİ BASKET,YMB,K. Smith Jr,4,,,,,,REB,,YUKATEL MERKEZEFENDİ BELEDİYESİ BASKET rebound defensive,,,,,,,,,0,108,1.0,def_reb,0,31,0,41
01:01,01:01:00,31,41,-10,1,2,REGULAR,21,K. SMITH JR,0,3pt,344,,[],pullupjumpshot,1,4,Kenneth Jerome,Smith Jr,Kenneth Jerome,Smith Jr,K,S,K,S,K. Smith Jr,YUKATEL MERKEZEFENDİ BELEDİYESİ BASKET,YMB,K. Smith Jr,4,,,28.889999389648,32.029998779297,0.0,P3,missed,YUKATEL MERKEZEFENDİ BELEDİYESİ BASKET K. SMITH JR 3Pt missed,,,,,,,,,0,109,2.0,,0,31,0,41
00:57,00:57:40,31,41,-10,1,2,REGULAR,5,M. AGVA,1,rebound,345,344,[],offensive,0,46,Mahir,Agva,Mahir,Agva,M,A,M,A,M. Agva,YUKATEL MERKEZEFENDİ BELEDİYESİ BASKET,YMB,M. Agva,46,,,,,,REB,,YUKATEL MERKEZEFENDİ BELEDİYESİ BASKET rebound offensive,,,,,,,,,0,109,2.0,,0,31,0,41
00:53,00:53:70,34,41,-7,1,2,REGULAR,9,R. BADZIM,1,3pt,346,,['2ndchance'],jumpshot,1,18,Roko,Badzim,Roko,Badzim,R,B,R,B,R. Badzim,YUKATEL MERKEZEFENDİ BELEDİYESİ BASKET,YMB,R. Badzim,18,,,16.10000038147,94.180000305176,1.0,P3,made,YUKATEL MERKEZEFENDİ BELEDİYESİ BASKET R. BADZIM 3Pt made,11.0,1.0,S. GRIFFIN,,,,,,3,109,2.0,score,3,34,0,41
00:53,00:53:70,34,41,-7,1,2,REGULAR,11,S. GRIFFIN,1,assist,347,346,[],,0,1,Samuel Gevaris,Griffin,Samuel Gevaris,Griffin,S,G,S,G,S. Griffin,YUKATEL MERKEZEFENDİ BELEDİYESİ BASKET,YMB,S. Griffin,1,,,,,,ASS,,YUKATEL MERKEZEFENDİ BELEDİYESİ BASKET S. GRIFFIN assist,,,,,,,,,0,110,1.0,,0,34,0,41
00:43,00:43:50,34,41,-7,2,2,REGULAR,1,E. ADIGÜZEL,1,substitution,351,,[],out,0,19,Emir,Adigüzel,Emir,Adigüzel,E,A,E,A,E. Adigüzel,BEŞİKTAŞ GAİN,BJK,E. Adigüzel,19,,,,,,SUB,out,BEŞİKTAŞ GAİN substitution out,,,,,,,,,0,110,1.0,,0,34,0,41
00:43,00:43:50,34,41,-7,2,2,REGULAR,72,D. DOTSON,1,substitution,352,,[],in,0,1,Devon Durrell,Dotson,Devon Durrell,Dotson,D,D,D,D,D. Dotson,BEŞİKTAŞ GAİN,BJK,D. Dotson,1,,,,,,SUB,in,BEŞİKTAŞ GAİN substitution in,,,,,,,,,0,110,1.0,,0,34,0,41
00:39,00:39:40,34,41,-7,2,2,REGULAR,72,D. DOTSON,1,turnover,354,,[],badpass,0,1,Devon Durrell,Dotson,Devon Durrell,Dotson,D,D,D,D,D. Dotson,BEŞİKTAŞ GAİN,BJK,D. Dotson,1,,,,,,TO,,BEŞİKTAŞ GAİN D. DOTSON turnover badpass,,,,,,,,,0,110,1.0,turnover,0,34,0,41
00:39,00:39:40,34,41,-7,1,2,REGULAR,8,H. VANWIJN,1,steal,355,354,[],,0,10,Hans,Vanwijn,Hans,Vanwijn,H,V,H,V,H. Vanwijn,YUKATEL MERKEZEFENDİ BELEDİYESİ BASKET,YMB,H. Vanwijn,10,,,,,,ST,,YUKATEL MERKEZEFENDİ BELEDİYESİ BASKET H. VANWIJN steal,,,,,,,,,0,111,2.0,,0,34,0,41
00:35,00:35:60,34,41,-7,1,2,REGULAR,9,R. BADZIM,0,3pt,356,,['fromturnover'],jumpshot,1,18,Roko,Badzim,Roko,Badzim,R,B,R,B,R. Badzim,YUKATEL MERKEZEFENDİ BELEDİYESİ BASKET,YMB,R. Badzim,18,,,25.770000457764,23.840000152588,0.0,P3,missed,YUKATEL MERKEZEFENDİ BELEDİYESİ BASKET R. BADZIM 3Pt missed,,,,,,,,,0,111,2.0,,0,34,0,41
00:30,00:30:00,34,41,-7,1,2,REGULAR,11,S. GRIFFIN,1,rebound,357,356,[],offensive,0,1,Samuel Gevaris,Griffin,Samuel Gevaris,Griffin,S,G,S,G,S. Griffin,YUKATEL MERKEZEFENDİ BELEDİYESİ BASKET,YMB,S. Griffin,1,,,,,,REB,,YUKATEL MERKEZEFENDİ BELEDİYESİ BASKET rebound offensive,,,,,,,,,0,111,2.0,,0,34,0,41
00:25,00:25:70,34,41,-7,1,2,REGULAR,11,S. GRIFFIN,1,turnover,359,,[],badpass,0,1,Samuel Gevaris,Griffin,Samuel Gevaris,Griffin,S,G,S,G,S. Griffin,YUKATEL MERKEZEFENDİ BELEDİYESİ BASKET,YMB,S. Griffin,1,,,,,,TO,,YUKATEL MERKEZEFENDİ BELEDİYESİ BASKET S. GRIFFIN turnover badpass,,,,,,,,,0,111,2.0,turnover,0,34,0,41
00:05,00:05:70,34,41,-7,1,2,REGULAR,5,M. AGVA,1,foul,362,,[],personal,0,46,Mahir,Agva,Mahir,Agva,M,A,M,A,M. Agva,YUKATEL MERKEZEFENDİ BELEDİYESİ BASKET,YMB,M. Agva,46,,,,,,FOUL,,YUKATEL MERKEZEFENDİ BELEDİYESİ BASKET M. AGVA foul personal,,,,,,,,,0,112,1.0,,0,34,0,41
00:05,00:05:70,34,41,-7,2,2,REGULAR,72,D. DOTSON,1,foulon,363,362,[],,0,1,Devon Durrell,Dotson,Devon Durrell,Dotson,D,D,D,D,D. Dotson,BEŞİKTAŞ GAİN,BJK,D. Dotson,1,,,,,,OTHER,,BEŞİKTAŞ GAİN foulon,,,,,,,,,0,112,1.0,,0,34,0,41
00:05,00:05:70,34,41,-7,2,2,REGULAR,63,A. ZIZIC,1,substitution,364,,[],out,0,41,Ante Toni,Zizic,Ante Toni,Zizic,A,Z,A,Z,A. Zizic,BEŞİKTAŞ GAİN,BJK,A. Zizic,41,,,,,,SUB,out,BEŞİKTAŞ GAİN substitution out,,,,,,,,,0,112,1.0,,0,34,0,41
00:05,00:05:70,34,41,-7,2,2,REGULAR,69,V. BROWN,1,substitution,365,,[],in,0,33,Vittorio,Brown,Vittorio,Brown,V,B,V,B,V. Brown,BEŞİKTAŞ GAİN,BJK,V. Brown,33,,,,,,SUB,in,BEŞİKTAŞ GAİN substitution in,,,,,,,,,0,112,1.0,,0,34,0,41
00:05,00:05:70,34,41,-7,1,2,REGULAR,5,M. AGVA,1,substitution,366,,[],out,0,46,Mahir,Agva,Mahir,Agva,M,A,M,A,M. Agva,YUKATEL MERKEZEFENDİ BELEDİYESİ BASKET,YMB,M. Agva,46,,,,,,SUB,out,YUKATEL MERKEZEFENDİ BELEDİYESİ BASKET substitution out,,,,,,,,,0,112,1.0,,0,34,0,41
00:05,00:05:70,34,41,-7,1,2,REGULAR,4,E. PALTACI,1,substitution,367,,[],in,0,77,Erbey Kemal,Paltaci,Erbey Kemal,Paltaci,E,P,E,P,E. Paltaci,YUKATEL MERKEZEFENDİ BELEDİYESİ BASKET,YMB,E. Paltaci,77,,,,,,SUB,in,YUKATEL MERKEZEFENDİ BELEDİYESİ BASKET substitution in,,,,,,,,,0,112,1.0,,0,34,0,41
00:00,00:00:80,34,44,-10,2,2,REGULAR,71,J. MATHEWS,1,3pt,372,,['fromturnover'],jumpshot,1,0,Jonah Kenneth,Mathews,Jonah Kenneth,Mathews,J,M,J,M,J. Mathews,BEŞİKTAŞ GAİN,BJK,J. Mathews,0,,,78.349998474121,88.25,1.0,P3,made,BEŞİKTAŞ GAİN J. MATHEWS 3Pt made,72.0,2.0,D. DOTSON,,,,,,3,112,1.0,score,0,34,3,44
00:00,00:00:80,34,44,-10,2,2,REGULAR,72,D. DOTSON,1,assist,373,372,[],,0,1,Devon Durrell,Dotson,Devon Durrell,Dotson,D,D,D,D,D. Dotson,BEŞİKTAŞ GAİN,BJK,D. Dotson,1,,,,,,ASS,,BEŞİKTAŞ GAİN D. DOTSON assist,,,,,,,,,0,113,2.0,,0,34,0,44
00:02,00:02:40,34,41,-7,1,2,REGULAR,0,,1,timeout,374,,[],full,0,,,,,,,,,,,YUKATEL MERKEZEFENDİ BELEDİYESİ BASKET,YMB,,,,,,,,TIMEOUT,,YUKATEL MERKEZEFENDİ BELEDİYESİ BASKET timeout,,,,,,,,,0,113,2.0,,0,34,0,44
00:02,00:02:40,34,41,-7,1,2,REGULAR,4,E. PALTACI,1,substitution,375,,[],out,0,77,Erbey Kemal,Paltaci,Erbey Kemal,Paltaci,E,P,E,P,E. Paltaci,YUKATEL MERKEZEFENDİ BELEDİYESİ BASKET,YMB,E. Paltaci,77,,,,,,SUB,out,YUKATEL MERKEZEFENDİ BELEDİYESİ BASKET substitution out,,,,,,,,,0,113,2.0,,0,34,0,44
00:02,00:02:40,34,41,-7,1,2,REGULAR,7,Ö. ILYASOGLU,1,substitution,376,,[],in,0,13,Ömer Can,Ilyasoglu,Ömer Can,Ilyasoglu,Ö,I,Ö,I,Ö. Ilyasoglu,YUKATEL MERKEZEFENDİ BELEDİYESİ BASKET,YMB,Ö. Ilyasoglu,13,,,,,,SUB,in,YUKATEL MERKEZEFENDİ BELEDİYESİ BASKET substitution in,,,,,,,,,0,113,2.0,,0,34,0,44
00:02,00:02:40,34,41,-7,2,2,REGULAR,71,J. MATHEWS,1,substitution,377,,[],out,0,0,Jonah Kenneth,Mathews,Jonah Kenneth,Mathews,J,M,J,M,J. Mathews,BEŞİKTAŞ GAİN,BJK,J. Mathews,0,,,,,,SUB,out,BEŞİKTAŞ GAİN substitution out,,,,,,,,,0,113,2.0,,0,34,0,44
00:02,00:02:40,34,41,-7,2,2,REGULAR,72,D. DOTSON,1,substitution,378,,[],out,0,1,Devon Durrell,Dotson,Devon Durrell,Dotson,D,D,D,D,D. Dotson,BEŞİKTAŞ GAİN,BJK,D. Dotson,1,,,,,,SUB,out,BEŞİKTAŞ GAİN substitution out,,,,,,,,,0,113,2.0,,0,34,0,44
00:02,00:02:40,34,41,-7,2,2,REGULAR,77,C. KUS,1,substitution,379,,[],in,0,12,Canberk,Kus,Canberk,Kus,C,K,C,K,C. Kus,BEŞİKTAŞ GAİN,BJK,C. Kus,12,,,,,,SUB,in,BEŞİKTAŞ GAİN substitution in,,,,,,,,,0,113,2.0,,0,34,0,44
00:02,00:02:40,34,41,-7,2,2,REGULAR,1,E. ADIGÜZEL,1,substitution,380,,[],in,0,19,Emir,Adigüzel,Emir,Adigüzel,E,A,E,A,E. Adigüzel,BEŞİKTAŞ GAİN,BJK,E. Adigüzel,19,,,,,,SUB,in,BEŞİKTAŞ GAİN substitution in,,,,,,,,,0,113,2.0,,0,34,0,44
00:00,00:00:10,36,44,-8,1,2,REGULAR,11,S. GRIFFIN,1,2pt,384,,"['pointsinthepaint', 'fastbreak']",layup,1,1,Samuel Gevaris,Griffin,Samuel Gevaris,Griffin,S,G,S,G,S. Griffin,YUKATEL MERKEZEFENDİ BELEDİYESİ BASKET,YMB,S. Griffin,1,,,8.1400003433228,58.310001373291,1.0,P2,made,YUKATEL MERKEZEFENDİ BELEDİYESİ BASKET S. GRIFFIN 2Pt made,8.0,1.0,H. VANWIJN,,,,,,2,113,2.0,score,2,36,0,44
00:00,00:00:10,36,44,-8,1,2,REGULAR,8,H. VANWIJN,1,assist,385,384,[],,0,10,Hans,Vanwijn,Hans,Vanwijn,H,V,H,V,H. Vanwijn,YUKATEL MERKEZEFENDİ BELEDİYESİ BASKET,YMB,H. Vanwijn,10,,,,,,ASS,,YUKATEL MERKEZEFENDİ BELEDİYESİ BASKET H. VANWIJN assist,,,,,,,,,0,114,1.0,,0,36,0,44
00:00,00:00:00,36,44,-8,0,2,REGULAR,0,,1,period,388,,['confirmed'],end,0,,,,,,,,,,,,,,,,,,,,OTHER,,period end,,,,,,,,,0,114,1.0,,0,36,0,44
10:00,10:00:00,36,44,-8,1,3,REGULAR,7,Ö. ILYASOGLU,1,substitution,389,,[],out,0,13,Ömer Can,Ilyasoglu,Ömer Can,Ilyasoglu,Ö,I,Ö,I,Ö. Ilyasoglu,YUKATEL MERKEZEFENDİ BELEDİYESİ BASKET,YMB,Ö. Ilyasoglu,13,,,,,,SUB,out,YUKATEL MERKEZEFENDİ BELEDİYESİ BASKET substitution out,,,,,,,,,0,114,1.0,,0,36,0,44
10:00,10:00:00,36,44,-8,1,3,REGULAR,5,M. AGVA,1,substitution,390,,[],in,0,46,Mahir,Agva,Mahir,Agva,M,A,M,A,M. Agva,YUKATEL MERKEZEFENDİ BELEDİYESİ BASKET,YMB,M. Agva,46,,,,,,SUB,in,YUKATEL MERKEZEFENDİ BELEDİYESİ BASKET substitution in,,,,,,,,,0,114,1.0,,0,36,0,44
10:00,10:00:00,36,44,-8,2,3,REGULAR,77,C. KUS,1,substitution,391,,[],out,0,12,Canberk,Kus,Canberk,Kus,C,K,C,K,C. Kus,BEŞİKTAŞ GAİN,BJK,C. Kus,12,,,,,,SUB,out,BEŞİKTAŞ GAİN substitution out,,,,,,,,,0,114,1.0,,0,36,0,44
10:00,10:00:00,36,44,-8,2,3,REGULAR,1,E. ADIGÜZEL,1,substitution,392,,[],out,0,19,Emir,Adigüzel,Emir,Adigüzel,E,A,E,A,E. Adigüzel,BEŞİKTAŞ GAİN,BJK,E. Adigüzel,19,,,,,,SUB,out,BEŞİKTAŞ GAİN substitution out,,,,,,,,,0,114,1.0,,0,36,0,44
10:00,10:00:00,36,44,-8,2,3,REGULAR,69,V. BROWN,1,substitution,393,,[],out,0,33,Vittorio,Brown,Vittorio,Brown,V,B,V,B,V. Brown,BEŞİKTAŞ GAİN,BJK,V. Brown,33,,,,,,SUB,out,BEŞİKTAŞ GAİN substitution out,,,,,,,,,0,114,1.0,,0,36,0,44
10:00,10:00:00,36,44,-8,2,3,REGULAR,71,J. MATHEWS,1,substitution,394,,[],in,0,0,Jonah Kenneth,Mathews,Jonah Kenneth,Mathews,J,M,J,M,J. Mathews,BEŞİKTAŞ GAİN,BJK,J. Mathews,0,,,,,,SUB,in,BEŞİKTAŞ GAİN substitution in,,,,,,,,,0,114,1.0,,0,36,0,44
10:00,10:00:00,36,44,-8,2,3,REGULAR,72,D. DOTSON,1,substitution,395,,[],in,0,1,Devon Durrell,Dotson,Devon Durrell,Dotson,D,D,D,D,D. Dotson,BEŞİKTAŞ GAİN,BJK,D. Dotson,1,,,,,,SUB,in,BEŞİKTAŞ GAİN substitution in,,,,,,,,,0,114,1.0,,0,36,0,44
10:00,10:00:00,36,44,-8,2,3,REGULAR,63,A. ZIZIC,1,substitution,396,,[],in,0,41,Ante Toni,Zizic,Ante Toni,Zizic,A,Z,A,Z,A. Zizic,BEŞİKTAŞ GAİN,BJK,A. Zizic,41,,,,,,SUB,in,BEŞİKTAŞ GAİN substitution in,,,,,,,,,0,114,1.0,,0,36,0,44
10:00,10:00:00,36,44,-8,0,3,REGULAR,0,,1,period,397,,[],start,0,,,,,,,,,,,,,,,,,,,,OTHER,,period start,,,,,,,,,0,114,1.0,,0,36,0,44
09:46,09:46:00,36,47,-11,2,3,REGULAR,75,Y. ARSLAN,1,3pt,399,,[],jumpshot,1,7,Yigit,Arslan,Yigit,Arslan,Y,A,Y,A,Y. Arslan,BEŞİKTAŞ GAİN,BJK,Y. Arslan,7,,,5.1799998283386,97.849998474121,1.0,P3,made,BEŞİKTAŞ GAİN Y. ARSLAN 3Pt made,71.0,2.0,J. MATHEWS,,,,,,3,114,1.0,score,0,36,3,47
09:46,09:46:00,36,47,-11,2,3,REGULAR,71,J. MATHEWS,1,assist,400,399,[],,0,0,Jonah Kenneth,Mathews,Jonah Kenneth,Mathews,J,M,J,M,J. Mathews,BEŞİKTAŞ GAİN,BJK,J. Mathews,0,,,,,,ASS,,BEŞİKTAŞ GAİN J. MATHEWS assist,,,,,,,,,0,115,2.0,,0,36,0,47
09:21,09:21:00,39,47,-8,1,3,REGULAR,9,R. BADZIM,1,3pt,401,,[],jumpshot,1,18,Roko,Badzim,Roko,Badzim,R,B,R,B,R. Badzim,YUKATEL MERKEZEFENDİ BELEDİYESİ BASKET,YMB,R. Badzim,18,,,78.029998779297,87.120002746582,1.0,P3,made,YUKATEL MERKEZEFENDİ BELEDİYESİ BASKET R. BADZIM 3Pt made,,,,,,,,,3,115,2.0,score,3,39,0,47
08:58,08:58:00,39,49,-10,2,3,REGULAR,63,A. ZIZIC,1,2pt,402,,['pointsinthepaint'],hookshot,1,41,Ante Toni,Zizic,Ante Toni,Zizic,A,Z,A,Z,A. Zizic,BEŞİKTAŞ GAİN,BJK,A. Zizic,41,,,14.539999961853,51.240001678467,1.0,P2,made,BEŞİKTAŞ GAİN A. ZIZIC 2Pt made,72.0,2.0,D. DOTSON,,,,,,2,116,1.0,score,0,39,2,49
08:58,08:58:00,39,49,-10,2,3,REGULAR,72,D. DOTSON,1,assist,403,402,[],,0,1,Devon Durrell,Dotson,Devon Durrell,Dotson,D,D,D,D,D. Dotson,BEŞİKTAŞ GAİN,BJK,D. Dotson,1,,,,,,ASS,,BEŞİKTAŞ GAİN D. DOTSON assist,,,,,,,,,0,117,2.0,,0,39,0,49
08:37,08:37:00,39,49,-10,2,3,REGULAR,70,C. MORGAN,1,foul,405,,[],personal,0,9,Conor Seamus William,Morgan,Conor Seamus William,Morgan,C,M,C,M,C. Morgan,BEŞİKTAŞ GAİN,BJK,C. Morgan,9,,,,,,FOUL,,BEŞİKTAŞ GAİN C. MORGAN foul personal,,,,,,,,,0,117,2.0,,0,39,0,49
08:37,08:37:00,39,49,-10,1,3,REGULAR,8,H. VANWIJN,1,foulon,406,405,[],,0,10,Hans,Vanwijn,Hans,Vanwijn,H,V,H,V,H. Vanwijn,YUKATEL MERKEZEFENDİ BELEDİYESİ BASKET,YMB,H. Vanwijn,10,,,,,,OTHER,,YUKATEL MERKEZEFENDİ BELEDİYESİ BASKET foulon,,,,,,,,,0,117,2.0,,0,39,0,49
08:24,08:24:00,42,49,-7,1,3,REGULAR,21,K. SMITH JR,1,3pt,408,,[],pullupjumpshot,1,4,Kenneth Jerome,Smith Jr,Kenneth Jerome,Smith Jr,K,S,K,S,K. Smith Jr,YUKATEL MERKEZEFENDİ BELEDİYESİ BASKET,YMB,K. Smith Jr,4,,,68.830001831055,39.659999847412,1.0,P3,made,YUKATEL MERKEZEFENDİ BELEDİYESİ BASKET K. SMITH JR 3Pt made,,,,,,,,,3,117,2.0,score,3,42,0,49
08:02,08:02:00,42,49,-7,2,3,REGULAR,75,Y. ARSLAN,1,turnover,409,,[],ballhandling,0,7,Yigit,Arslan,Yigit,Arslan,Y,A,Y,A,Y. Arslan,BEŞİKTAŞ GAİN,BJK,Y. Arslan,7,,,,,,TO,,BEŞİKTAŞ GAİN Y. ARSLAN turnover ballhandling,,,,,,,,,0,118,1.0,turnover,0,42,0,49
08:02,08:02:00,42,49,-7,1,3,REGULAR,21,K. SMITH JR,1,steal,410,409,[],,0,4,Kenneth Jerome,Smith Jr,Kenneth Jerome,Smith Jr,K,S,K,S,K. Smith Jr,YUKATEL MERKEZEFENDİ BELEDİYESİ BASKET,YMB,K. Smith Jr,4,,,,,,ST,,YUKATEL MERKEZEFENDİ BELEDİYESİ BASKET K. SMITH JR steal,,,,,,,,,0,119,2.0,,0,42,0,49
07:58,07:58:00,42,49,-7,1,3,REGULAR,11,S. GRIFFIN,0,2pt,411,,['fromturnover'],floatingjumpshot,1,1,Samuel Gevaris,Griffin,Samuel Gevaris,Griffin,S,G,S,G,S. Griffin,YUKATEL MERKEZEFENDİ BELEDİYESİ BASKET,YMB,S. Griffin,1,,,89.419998168945,67.910003662109,0.0,P2,missed,YUKATEL MERKEZEFENDİ BELEDİYESİ BASKET S. GRIFFIN 2Pt missed,,,,,,,,,0,119,2.0,,0,42,0,49
07:55,07:55:00,42,49,-7,1,3,REGULAR,8,H. VANWIJN,1,rebound,412,411,[],offensive,0,10,Hans,Vanwijn,Hans,Vanwijn,H,V,H,V,H. Vanwijn,YUKATEL MERKEZEFENDİ BELEDİYESİ BASKET,YMB,H. Vanwijn,10,,,,,,REB,,YUKATEL MERKEZEFENDİ BELEDİYESİ BASKET rebound offensive,,,,,,,,,0,119,2.0,,0,42,0,49
07:55,07:55:00,42,49,-7,1,3,REGULAR,8,H. VANWIJN,0,2pt,413,,"['2ndchance', 'fromturnover', 'pointsinthepaint']",tipinlayup,1,10,Hans,Vanwijn,Hans,Vanwijn,H,V,H,V,H. Vanwijn,YUKATEL MERKEZEFENDİ BELEDİYESİ BASKET,YMB,H. Vanwijn,10,,,94.0,50.0,0.0,P2,missed,YUKATEL MERKEZEFENDİ BELEDİYESİ BASKET H. VANWIJN 2Pt missed,,,,,,,,,0,119,2.0,,0,42,0,49
07:53,07:53:00,42,49,-7,1,3,REGULAR,8,H. VANWIJN,1,rebound,414,413,[],offensive,0,10,Hans,Vanwijn,Hans,Vanwijn,H,V,H,V,H. Vanwijn,YUKATEL MERKEZEFENDİ BELEDİYESİ BASKET,YMB,H. Vanwijn,10,,,,,,REB,,YUKATEL MERKEZEFENDİ BELEDİYESİ BASKET rebound offensive,,,,,,,,,0,119,2.0,,0,42,0,49
07:53,07:53:00,42,49,-7,1,3,REGULAR,8,H. VANWIJN,0,2pt,415,,"['2ndchance', 'fromturnover', 'pointsinthepaint']",tipinlayup,1,10,Hans,Vanwijn,Hans,Vanwijn,H,V,H,V,H. Vanwijn,YUKATEL MERKEZEFENDİ BELEDİYESİ BASKET,YMB,H. Vanwijn,10,,,94.0,50.0,0.0,P2,missed,YUKATEL MERKEZEFENDİ BELEDİYESİ BASKET H. VANWIJN 2Pt missed,,,,,,,,,0,119,2.0,def_reb,0,42,0,49
07:51,07:51:00,42,49,-7,2,3,REGULAR,70,C. MORGAN,1,rebound,416,415,[],defensive,0,9,Conor Seamus William,Morgan,Conor Seamus William,Morgan,C,M,C,M,C. Morgan,BEŞİKTAŞ GAİN,BJK,C. Morgan,9,,,,,,REB,,BEŞİKTAŞ GAİN rebound defensive,,,,,,,,,0,120,1.0,def_reb,0,42,0,49
07:43,07:43:00,42,51,-9,2,3,REGULAR,72,D. DOTSON,1,2pt,418,,['pointsinthepaint'],layup,1,1,Devon Durrell,Dotson,Devon Durrell,Dotson,D,D,D,D,D. Dotson,BEŞİKTAŞ GAİN,BJK,D. Dotson,1,,,8.3000001907349,44.180000305176,1.0,P2,made,BEŞİKTAŞ GAİN D. DOTSON 2Pt made,,,,,,,,,2,121,2.0,score,0,42,2,51
07:43,07:43:00,42,51,-9,1,3,REGULAR,9,R. BADZIM,1,foul,419,,"['shooting', '1freethrow']",personal,0,18,Roko,Badzim,Roko,Badzim,R,B,R,B,R. Badzim,YUKATEL MERKEZEFENDİ BELEDİYESİ BASKET,YMB,R. Badzim,18,,,,,,FOUL,,YUKATEL MERKEZEFENDİ BELEDİYESİ BASKET R. BADZIM foul personal,,,,,,,,,0,122,1.0,,0,42,0,51
07:43,07:43:00,42,51,-9,2,3,REGULAR,72,D. DOTSON,1,foulon,420,419,[],,0,1,Devon Durrell,Dotson,Devon Durrell,Dotson,D,D,D,D,D. Dotson,BEŞİKTAŞ GAİN,BJK,D. Dotson,1,,,,,,OTHER,,BEŞİKTAŞ GAİN foulon,,,,,,,,,0,122,1.0,,0,42,0,51
07:43,07:43:00,42,51,-9,2,3,REGULAR,70,C. MORGAN,1,substitution,421,,[],out,0,9,Conor Seamus William,Morgan,Conor Seamus William,Morgan,C,M,C,M,C. Morgan,BEŞİKTAŞ GAİN,BJK,C. Morgan,9,,,,,,SUB,out,BEŞİKTAŞ GAİN substitution out,,,,,,,,,0,122,1.0,,0,42,0,51
07:43,07:43:00,42,51,-9,2,3,REGULAR,69,V. BROWN,1,substitution,422,,[],in,0,33,Vittorio,Brown,Vittorio,Brown,V,B,V,B,V. Brown,BEŞİKTAŞ GAİN,BJK,V. Brown,33,,,,,,SUB,in,BEŞİKTAŞ GAİN substitution in,,,,,,,,,0,122,1.0,,0,42,0,51
07:43,07:43:00,42,51,-9,2,3,REGULAR,72,D. DOTSON,0,freethrow,423,,[],1of1,1,1,Devon Durrell,Dotson,Devon Durrell,Dotson,D,D,D,D,D. Dotson,BEŞİKTAŞ GAİN,BJK,D. Dotson,1,,,,,,FT,missed,BEŞİKTAŞ GAİN D. DOTSON FT 1of1 missed,,,,,,,,,0,122,1.0,def_reb,0,42,0,51
07:30,07:30:00,42,51,-9,1,3,REGULAR,0,,1,rebound,425,423,['team'],defensive,0,,,,,,,,,,,YUKATEL MERKEZEFENDİ BELEDİYESİ BASKET,YMB,,,,,,,,TREB,,YUKATEL MERKEZEFENDİ BELEDİYESİ BASKET team rebound defensive,,,,,,,,,0,123,2.0,def_reb,0,42,0,51
07:42,07:42:00,42,51,-9,2,3,REGULAR,0,,1,headcoachchallenge,440,,['rejected'],outofbounds,0,,,,,,,,,,,BEŞİKTAŞ GAİN,BJK,,,,,,,,OTHER,,BEŞİKTAŞ GAİN headcoachchallenge outofbounds,,,,,,,,,0,124,1.0,,0,42,0,51
07:17,07:17:00,42,51,-9,1,3,REGULAR,21,K. SMITH JR,0,2pt,442,,['pointsinthepaint'],floatingjumpshot,1,4,Kenneth Jerome,Smith Jr,Kenneth Jerome,Smith Jr,K,S,K,S,K. Smith Jr,YUKATEL MERKEZEFENDİ BELEDİYESİ BASKET,YMB,K. Smith Jr,4,,,83.809997558594,43.619998931885,0.0,P2,missed,YUKATEL MERKEZEFENDİ BELEDİYESİ BASKET K. SMITH JR 2Pt missed,,,,,,,,,0,124,1.0,,0,42,0,51
07:15,07:15:00,42,51,-9,1,3,REGULAR,21,K. SMITH JR,1,rebound,444,442,[],offensive,0,4,Kenneth Jerome,Smith Jr,Kenneth Jerome,Smith Jr,K,S,K,S,K. Smith Jr,YUKATEL MERKEZEFENDİ BELEDİYESİ BASKET,YMB,K. Smith Jr,4,,,,,,REB,,YUKATEL MERKEZEFENDİ BELEDİYESİ BASKET rebound offensive,,,,,,,,,0,124,1.0,,0,42,0,51
07:15,07:15:00,42,51,-9,2,3,REGULAR,72,D. DOTSON,1,foul,445,,"['shooting', '2freethrow']",personal,0,1,Devon Durrell,Dotson,Devon Durrell,Dotson,D,D,D,D,D. Dotson,BEŞİKTAŞ GAİN,BJK,D. Dotson,1,,,,,,FOUL,,BEŞİKTAŞ GAİN D. DOTSON foul personal,,,,,,,,,0,124,1.0,,0,42,0,51
07:15,07:15:00,42,51,-9,1,3,REGULAR,21,K. SMITH JR,1,foulon,446,445,[],,0,4,Kenneth Jerome,Smith Jr,Kenneth Jerome,Smith Jr,K,S,K,S,K. Smith Jr,YUKATEL MERKEZEFENDİ BELEDİYESİ BASKET,YMB,K. Smith Jr,4,,,,,,OTHER,,YUKATEL MERKEZEFENDİ BELEDİYESİ BASKET foulon,,,,,,,,,0,124,1.0,,0,42,0,51
07:15,07:15:00,43,51,-8,1,3,REGULAR,21,K. SMITH JR,1,freethrow,447,,['2ndchance'],1of2,1,4,Kenneth Jerome,Smith Jr,Kenneth Jerome,Smith Jr,K,S,K,S,K. Smith Jr,YUKATEL MERKEZEFENDİ BELEDİYESİ BASKET,YMB,K. Smith Jr,4,,,,,,FT,made,YUKATEL MERKEZEFENDİ BELEDİYESİ BASKET K. SMITH JR FT 1of2 made,,,,,,,,,1,124,1.0,made_ft,1,43,0,51
07:15,07:15:00,44,51,-7,1,3,REGULAR,21,K. SMITH JR,1,freethrow,448,,['2ndchance'],2of2,1,4,Kenneth Jerome,Smith Jr,Kenneth Jerome,Smith Jr,K,S,K,S,K. Smith Jr,YUKATEL MERKEZEFENDİ BELEDİYESİ BASKET,YMB,K. Smith Jr,4,,,,,,FT,made,YUKATEL MERKEZEFENDİ BELEDİYESİ BASKET K. SMITH JR FT 2of2 made,,,,,,,,,1,125,2.0,made_ft_last,1,44,0,51
06:51,06:51:00,44,51,-7,2,3,REGULAR,72,D. DOTSON,0,3pt,452,,[],jumpshot,1,1,Devon Durrell,Dotson,Devon Durrell,Dotson,D,D,D,D,D. Dotson,BEŞİKTAŞ GAİN,BJK,D. Dotson,1,,,3.9300000667572,4.0700001716614,0.0,P3,missed,BEŞİKTAŞ GAİN D. DOTSON 3Pt missed,,,,,,,,,0,126,1.0,,0,44,0,51
06:48,06:48:00,44,51,-7,2,3,REGULAR,71,J. MATHEWS,1,rebound,453,452,[],offensive,0,0,Jonah Kenneth,Mathews,Jonah Kenneth,Mathews,J,M,J,M,J. Mathews,BEŞİKTAŞ GAİN,BJK,J. Mathews,0,,,,,,REB,,BEŞİKTAŞ GAİN rebound offensive,,,,,,,,,0,126,1.0,,0,44,0,51
06:44,06:44:00,44,51,-7,2,3,REGULAR,71,J. MATHEWS,1,turnover,454,,[],ballhandling,0,0,Jonah Kenneth,Mathews,Jonah Kenneth,Mathews,J,M,J,M,J. Mathews,BEŞİKTAŞ GAİN,BJK,J. Mathews,0,,,,,,TO,,BEŞİKTAŞ GAİN J. MATHEWS turnover ballhandling,,,,,,,,,0,126,1.0,turnover,0,44,0,51
06:44,06:44:00,44,51,-7,1,3,REGULAR,21,K. SMITH JR,1,steal,455,454,[],,0,4,Kenneth Jerome,Smith Jr,Kenneth Jerome,Smith Jr,K,S,K,S,K. Smith Jr,YUKATEL MERKEZEFENDİ BELEDİYESİ BASKET,YMB,K. Smith Jr,4,,,,,,ST,,YUKATEL MERKEZEFENDİ BELEDİYESİ BASKET K. SMITH JR steal,,,,,,,,,0,127,2.0,,0,44,0,51
06:40,06:40:00,44,51,-7,1,3,REGULAR,8,H. VANWIJN,1,turnover,456,,[],badpass,0,10,Hans,Vanwijn,Hans,Vanwijn,H,V,H,V,H. Vanwijn,YUKATEL MERKEZEFENDİ BELEDİYESİ BASKET,YMB,H. Vanwijn,10,,,,,,TO,,YUKATEL MERKEZEFENDİ BELEDİYESİ BASKET H. VANWIJN turnover badpass,,,,,,,,,0,127,2.0,turnover,0,44,0,51
06:40,06:40:00,44,51,-7,2,3,REGULAR,72,D. DOTSON,1,steal,457,456,[],,0,1,Devon Durrell,Dotson,Devon Durrell,Dotson,D,D,D,D,D. Dotson,BEŞİKTAŞ GAİN,BJK,D. Dotson,1,,,,,,ST,,BEŞİKTAŞ GAİN D. DOTSON steal,,,,,,,,,0,128,1.0,,0,44,0,51
06:37,06:37:00,44,51,-7,1,3,REGULAR,21,K. SMITH JR,1,foul,459,,[],personal,0,4,Kenneth Jerome,Smith Jr,Kenneth Jerome,Smith Jr,K,S,K,S,K. Smith Jr,YUKATEL MERKEZEFENDİ BELEDİYESİ BASKET,YMB,K. Smith Jr,4,,,,,,FOUL,,YUKATEL MERKEZEFENDİ BELEDİYESİ BASKET K. SMITH JR foul personal,,,,,,,,,0,128,1.0,,0,44,0,51
06:37,06:37:00,44,51,-7,2,3,REGULAR,72,D. DOTSON,1,foulon,460,459,[],,0,1,Devon Durrell,Dotson,Devon Durrell,Dotson,D,D,D,D,D. Dotson,BEŞİKTAŞ GAİN,BJK,D. Dotson,1,,,,,,OTHER,,BEŞİKTAŞ GAİN foulon,,,,,,,,,0,128,1.0,,0,44,0,51
06:37,06:37:00,44,51,-7,2,3,REGULAR,71,J. MATHEWS,1,substitution,461,,[],out,0,0,Jonah Kenneth,Mathews,Jonah Kenneth,Mathews,J,M,J,M,J. Mathews,BEŞİKTAŞ GAİN,BJK,J. Mathews,0,,,,,,SUB,out,BEŞİKTAŞ GAİN substitution out,,,,,,,,,0,128,1.0,,0,44,0,51
06:37,06:37:00,44,51,-7,2,3,REGULAR,68,A. BROWN,1,substitution,462,,[],in,0,21,Anthony Lejohn,Brown,Anthony Lejohn,Brown,A,B,A,B,A. Brown,BEŞİKTAŞ GAİN,BJK,A. Brown,21,,,,,,SUB,in,BEŞİKTAŞ GAİN substitution in,,,,,,,,,0,128,1.0,,0,44,0,51
06:16,06:16:00,44,51,-7,2,3,REGULAR,63,A. ZIZIC,0,2pt,464,,"['fromturnover', 'pointsinthepaint']",floatingjumpshot,1,41,Ante Toni,Zizic,Ante Toni,Zizic,A,Z,A,Z,A. Zizic,BEŞİKTAŞ GAİN,BJK,A. Zizic,41,,,11.890000343323,51.810001373291,0.0,P2,missed,BEŞİKTAŞ GAİN A. ZIZIC 2Pt missed,,,,,,,,,0,128,1.0,def_reb,0,44,0,51
06:14,06:14:00,44,51,-7,1,3,REGULAR,5,M. AGVA,1,rebound,465,464,[],defensive,0,46,Mahir,Agva,Mahir,Agva,M,A,M,A,M. Agva,YUKATEL MERKEZEFENDİ BELEDİYESİ BASKET,YMB,M. Agva,46,,,,,,REB,,YUKATEL MERKEZEFENDİ BELEDİYESİ BASKET rebound defensive,,,,,,,,,0,129,2.0,def_reb,0,44,0,51
05:59,05:59:00,47,51,-4,1,3,REGULAR,9,R. BADZIM,1,3pt,467,,[],jumpshot,1,18,Roko,Badzim,Roko,Badzim,R,B,R,B,R. Badzim,YUKATEL MERKEZEFENDİ BELEDİYESİ BASKET,YMB,R. Badzim,18,,,93.949996948242,97.290000915527,1.0,P3,made,YUKATEL MERKEZEFENDİ BELEDİYESİ BASKET R. BADZIM 3Pt made,21.0,1.0,K. SMITH JR,,,,,,3,130,1.0,score,3,47,0,51
05:59,05:59:00,47,51,-4,1,3,REGULAR,21,K. SMITH JR,1,assist,468,467,[],,0,4,Kenneth Jerome,Smith Jr,Kenneth Jerome,Smith Jr,K,S,K,S,K. Smith Jr,YUKATEL MERKEZEFENDİ BELEDİYESİ BASKET,YMB,K. Smith Jr,4,,,,,,ASS,,YUKATEL MERKEZEFENDİ BELEDİYESİ BASKET K. SMITH JR assist,,,,,,,,,0,131,2.0,,0,47,0,51
05:59,05:59:00,47,51,-4,2,3,REGULAR,0,,1,timeout,469,,[],full,0,,,,,,,,,,,BEŞİKTAŞ GAİN,BJK,,,,,,,,TIMEOUT,,BEŞİKTAŞ GAİN timeout,,,,,,,,,0,131,2.0,,0,47,0,51
05:59,05:59:00,47,51,-4,2,3,REGULAR,63,A. ZIZIC,1,substitution,470,,[],out,0,41,Ante Toni,Zizic,Ante Toni,Zizic,A,Z,A,Z,A. Zizic,BEŞİKTAŞ GAİN,BJK,A. Zizic,41,,,,,,SUB,out,BEŞİKTAŞ GAİN substitution out,,,,,,,,,0,131,2.0,,0,47,0,51
05:59,05:59:00,47,51,-4,2,3,REGULAR,73,I. KAMAGATE,1,substitution,471,,[],in,0,4,Ismael Sindou,Kamagate,Ismael Sindou,Kamagate,I,K,I,K,I. Kamagate,BEŞİKTAŞ GAİN,BJK,I. Kamagate,4,,,,,,SUB,in,BEŞİKTAŞ GAİN substitution in,,,,,,,,,0,131,2.0,,0,47,0,51
05:44,05:44:00,47,51,-4,2,3,REGULAR,68,A. BROWN,0,2pt,473,,['blocked'],jumpshot,1,21,Anthony Lejohn,Brown,Anthony Lejohn,Brown,A,B,A,B,A. Brown,BEŞİKTAŞ GAİN,BJK,A. Brown,21,,,7.6799998283386,67.059997558594,0.0,P2,missed,BEŞİKTAŞ GAİN A. BROWN 2Pt missed,,,,8.0,1.0,H. VANWIJN,,,0,131,2.0,,0,47,0,51
05:44,05:44:00,47,51,-4,1,3,REGULAR,8,H. VANWIJN,1,block,474,473,[],,0,10,Hans,Vanwijn,Hans,Vanwijn,H,V,H,V,H. Vanwijn,YUKATEL MERKEZEFENDİ BELEDİYESİ BASKET,YMB,H. Vanwijn,10,,,,,,BS,,YUKATEL MERKEZEFENDİ BELEDİYESİ BASKET H. VANWIJN block,,,,,,,,,0,131,2.0,,0,47,0,51
05:41,05:41:00,47,51,-4,2,3,REGULAR,68,A. BROWN,1,rebound,475,473,[],offensive,0,21,Anthony Lejohn,Brown,Anthony Lejohn,Brown,A,B,A,B,A. Brown,BEŞİKTAŞ GAİN,BJK,A. Brown,21,,,,,,REB,,BEŞİKTAŞ GAİN rebound offensive,,,,,,,,,0,131,2.0,,0,47,0,51
05:40,05:40:00,47,51,-4,2,3,REGULAR,68,A. BROWN,0,2pt,476,,['2ndchance'],turnaroundjumpshot,1,21,Anthony Lejohn,Brown,Anthony Lejohn,Brown,A,B,A,B,A. Brown,BEŞİKTAŞ GAİN,BJK,A. Brown,21,,,7.6799998283386,73.279998779297,0.0,P2,missed,BEŞİKTAŞ GAİN A. BROWN 2Pt missed,,,,,,,,,0,131,2.0,def_reb,0,47,0,51
05:38,05:38:00,47,51,-4,1,3,REGULAR,21,K. SMITH JR,1,rebound,477,476,[],defensive,0,4,Kenneth Jerome,Smith Jr,Kenneth Jerome,Smith Jr,K,S,K,S,K. Smith Jr,YUKATEL MERKEZEFENDİ BELEDİYESİ BASKET,YMB,K. Smith Jr,4,,,,,,REB,,YUKATEL MERKEZEFENDİ BELEDİYESİ BASKET rebound defensive,,,,,,,,,0,132,1.0,def_reb,0,47,0,51
05:32,05:32:00,49,51,-2,1,3,REGULAR,11,S. GRIFFIN,1,2pt,478,,"['pointsinthepaint', 'fastbreak']",layup,1,1,Samuel Gevaris,Griffin,Samuel Gevaris,Griffin,S,G,S,G,S. Griffin,YUKATEL MERKEZEFENDİ BELEDİYESİ BASKET,YMB,S. Griffin,1,,,93.949996948242,63.389999389648,1.0,P2,made,YUKATEL MERKEZEFENDİ BELEDİYESİ BASKET S. GRIFFIN 2Pt made,21.0,1.0,K. SMITH JR,,,,,,2,133,2.0,score,2,49,0,51
05:32,05:32:00,49,51,-2,1,3,REGULAR,21,K. SMITH JR,1,assist,479,478,[],,0,4,Kenneth Jerome,Smith Jr,Kenneth Jerome,Smith Jr,K,S,K,S,K. Smith Jr,YUKATEL MERKEZEFENDİ BELEDİYESİ BASKET,YMB,K. Smith Jr,4,,,,,,ASS,,YUKATEL MERKEZEFENDİ BELEDİYESİ BASKET K. SMITH JR assist,,,,,,,,,0,134,1.0,,0,49,0,51
05:14,05:14:00,49,54,-5,2,3,REGULAR,72,D. DOTSON,1,3pt,482,,[],jumpshot,1,1,Devon Durrell,Dotson,Devon Durrell,Dotson,D,D,D,D,D. Dotson,BEŞİKTAŞ GAİN,BJK,D. Dotson,1,,,31.229999542236,54.069999694824,1.0,P3,made,BEŞİKTAŞ GAİN D. DOTSON 3Pt made,73.0,2.0,I. KAMAGATE,,,,,,3,134,1.0,score,0,49,3,54
05:14,05:14:00,49,54,-5,2,3,REGULAR,73,I. KAMAGATE,1,assist,483,482,[],,0,4,Ismael Sindou,Kamagate,Ismael Sindou,Kamagate,I,K,I,K,I. Kamagate,BEŞİKTAŞ GAİN,BJK,I. Kamagate,4,,,,,,ASS,,BEŞİKTAŞ GAİN I. KAMAGATE assist,,,,,,,,,0,135,2.0,,0,49,0,54
04:50,04:50:00,49,54,-5,2,3,REGULAR,75,Y. ARSLAN,1,foul,486,,"['shooting', '2freethrow']",personal,0,7,Yigit,Arslan,Yigit,Arslan,Y,A,Y,A,Y. Arslan,BEŞİKTAŞ GAİN,BJK,Y. Arslan,7,,,,,,FOUL,,BEŞİKTAŞ GAİN Y. ARSLAN foul personal,,,,,,,,,0,135,2.0,,0,49,0,54
04:50,04:50:00,49,54,-5,1,3,REGULAR,9,R. BADZIM,1,foulon,487,486,[],,0,18,Roko,Badzim,Roko,Badzim,R,B,R,B,R. Badzim,YUKATEL MERKEZEFENDİ BELEDİYESİ BASKET,YMB,R. Badzim,18,,,,,,OTHER,,YUKATEL MERKEZEFENDİ BELEDİYESİ BASKET foulon,,,,,,,,,0,135,2.0,,0,49,0,54
04:50,04:50:00,49,54,-5,2,3,REGULAR,75,Y. ARSLAN,1,substitution,488,,[],out,0,7,Yigit,Arslan,Yigit,Arslan,Y,A,Y,A,Y. Arslan,BEŞİKTAŞ GAİN,BJK,Y. Arslan,7,,,,,,SUB,out,BEŞİKTAŞ GAİN substitution out,,,,,,,,,0,135,2.0,,0,49,0,54
04:50,04:50:00,49,54,-5,2,3,REGULAR,68,A. BROWN,1,substitution,489,,[],out,0,21,Anthony Lejohn,Brown,Anthony Lejohn,Brown,A,B,A,B,A. Brown,BEŞİKTAŞ GAİN,BJK,A. Brown,21,,,,,,SUB,out,BEŞİKTAŞ GAİN substitution out,,,,,,,,,0,135,2.0,,0,49,0,54
04:50,04:50:00,49,54,-5,2,3,REGULAR,71,J. MATHEWS,1,substitution,490,,[],in,0,0,Jonah Kenneth,Mathews,Jonah Kenneth,Mathews,J,M,J,M,J. Mathews,BEŞİKTAŞ GAİN,BJK,J. Mathews,0,,,,,,SUB,in,BEŞİKTAŞ GAİN substitution in,,,,,,,,,0,135,2.0,,0,49,0,54
04:50,04:50:00,49,54,-5,2,3,REGULAR,77,C. KUS,1,substitution,491,,[],in,0,12,Canberk,Kus,Canberk,Kus,C,K,C,K,C. Kus,BEŞİKTAŞ GAİN,BJK,C. Kus,12,,,,,,SUB,in,BEŞİKTAŞ GAİN substitution in,,,,,,,,,0,135,2.0,,0,49,0,54
04:50,04:50:00,49,54,-5,2,3,REGULAR,69,V. BROWN,1,substitution,492,,[],out,0,33,Vittorio,Brown,Vittorio,Brown,V,B,V,B,V. Brown,BEŞİKTAŞ GAİN,BJK,V. Brown,33,,,,,,SUB,out,BEŞİKTAŞ GAİN substitution out,,,,,,,,,0,135,2.0,,0,49,0,54
04:50,04:50:00,49,54,-5,2,3,REGULAR,70,C. MORGAN,1,substitution,493,,[],in,0,9,Conor Seamus William,Morgan,Conor Seamus William,Morgan,C,M,C,M,C. Morgan,BEŞİKTAŞ GAİN,BJK,C. Morgan,9,,,,,,SUB,in,BEŞİKTAŞ GAİN substitution in,,,,,,,,,0,135,2.0,,0,49,0,54
04:50,04:50:00,50,54,-4,1,3,REGULAR,9,R. BADZIM,1,freethrow,494,,[],1of2,1,18,Roko,Badzim,Roko,Badzim,R,B,R,B,R. Badzim,YUKATEL MERKEZEFENDİ BELEDİYESİ BASKET,YMB,R. Badzim,18,,,,,,FT,made,YUKATEL MERKEZEFENDİ BELEDİYESİ BASKET R. BADZIM FT 1of2 made,,,,,,,,,1,135,2.0,made_ft,1,50,0,54
04:50,04:50:00,51,54,-3,1,3,REGULAR,9,R. BADZIM,1,freethrow,495,,[],2of2,1,18,Roko,Badzim,Roko,Badzim,R,B,R,B,R. Badzim,YUKATEL MERKEZEFENDİ BELEDİYESİ BASKET,YMB,R. Badzim,18,,,,,,FT,made,YUKATEL MERKEZEFENDİ BELEDİYESİ BASKET R. BADZIM FT 2of2 made,,,,,,,,,1,136,1.0,made_ft_last,1,51,0,54
04:39,04:39:00,51,54,-3,1,3,REGULAR,5,M. AGVA,1,foul,498,,"['shooting', '2freethrow']",personal,0,46,Mahir,Agva,Mahir,Agva,M,A,M,A,M. Agva,YUKATEL MERKEZEFENDİ BELEDİYESİ BASKET,YMB,M. Agva,46,,,,,,FOUL,,YUKATEL MERKEZEFENDİ BELEDİYESİ BASKET M. AGVA foul personal,,,,,,,,,0,137,2.0,,0,51,0,54
04:39,04:39:00,51,54,-3,2,3,REGULAR,71,J. MATHEWS,1,foulon,503,498,[],,0,0,Jonah Kenneth,Mathews,Jonah Kenneth,Mathews,J,M,J,M,J. Mathews,BEŞİKTAŞ GAİN,BJK,J. Mathews,0,,,,,,OTHER,,BEŞİKTAŞ GAİN foulon,,,,,,,,,0,137,2.0,,0,51,0,54
04:36,04:36:00,51,54,-3,2,3,REGULAR,70,C. MORGAN,1,substitution,504,,[],out,0,9,Conor Seamus William,Morgan,Conor Seamus William,Morgan,C,M,C,M,C. Morgan,BEŞİKTAŞ GAİN,BJK,C. Morgan,9,,,,,,SUB,out,BEŞİKTAŞ GAİN substitution out,,,,,,,,,0,137,2.0,,0,51,0,54
04:36,04:36:00,51,54,-3,2,3,REGULAR,68,A. BROWN,1,substitution,505,,[],in,0,21,Anthony Lejohn,Brown,Anthony Lejohn,Brown,A,B,A,B,A. Brown,BEŞİKTAŞ GAİN,BJK,A. Brown,21,,,,,,SUB,in,BEŞİKTAŞ GAİN substitution in,,,,,,,,,0,137,2.0,,0,51,0,54
04:36,04:36:00,51,55,-4,2,3,REGULAR,71,J. MATHEWS,1,freethrow,506,,[],1of2,1,0,Jonah Kenneth,Mathews,Jonah Kenneth,Mathews,J,M,J,M,J. Mathews,BEŞİKTAŞ GAİN,BJK,J. Mathews,0,,,,,,FT,made,BEŞİKTAŞ GAİN J. MATHEWS FT 1of2 made,,,,,,,,,1,137,2.0,made_ft,0,51,1,55
04:36,04:36:00,51,56,-5,2,3,REGULAR,71,J. MATHEWS,1,freethrow,507,,[],2of2,1,0,Jonah Kenneth,Mathews,Jonah Kenneth,Mathews,J,M,J,M,J. Mathews,BEŞİKTAŞ GAİN,BJK,J. Mathews,0,,,,,,FT,made,BEŞİKTAŞ GAİN J. MATHEWS FT 2of2 made,,,,,,,,,1,138,1.0,made_ft_last,0,51,1,56
04:26,04:26:00,51,56,-5,2,3,REGULAR,77,C. KUS,1,foul,510,,[],personal,0,12,Canberk,Kus,Canberk,Kus,C,K,C,K,C. Kus,BEŞİKTAŞ GAİN,BJK,C. Kus,12,,,,,,FOUL,,BEŞİKTAŞ GAİN C. KUS foul personal,,,,,,,,,0,139,2.0,,0,51,0,56
04:26,04:26:00,51,56,-5,1,3,REGULAR,8,H. VANWIJN,1,foulon,511,510,[],,0,10,Hans,Vanwijn,Hans,Vanwijn,H,V,H,V,H. Vanwijn,YUKATEL MERKEZEFENDİ BELEDİYESİ BASKET,YMB,H. Vanwijn,10,,,,,,OTHER,,YUKATEL MERKEZEFENDİ BELEDİYESİ BASKET foulon,,,,,,,,,0,139,2.0,,0,51,0,56
04:20,04:20:00,51,56,-5,1,3,REGULAR,21,K. SMITH JR,0,3pt,513,,[],jumpshot,1,4,Kenneth Jerome,Smith Jr,Kenneth Jerome,Smith Jr,K,S,K,S,K. Smith Jr,YUKATEL MERKEZEFENDİ BELEDİYESİ BASKET,YMB,K. Smith Jr,4,,,79.279998779297,89.940002441406,0.0,P3,missed,YUKATEL MERKEZEFENDİ BELEDİYESİ BASKET K. SMITH JR 3Pt missed,,,,,,,,,0,139,2.0,def_reb,0,51,0,56
04:17,04:17:00,51,56,-5,2,3,REGULAR,72,D. DOTSON,1,rebound,514,513,[],defensive,0,1,Devon Durrell,Dotson,Devon Durrell,Dotson,D,D,D,D,D. Dotson,BEŞİKTAŞ GAİN,BJK,D. Dotson,1,,,,,,REB,,BEŞİKTAŞ GAİN rebound defensive,,,,,,,,,0,140,1.0,def_reb,0,51,0,56
04:14,04:14:00,51,56,-5,1,3,REGULAR,9,R. BADZIM,1,foul,516,,[],personal,0,18,Roko,Badzim,Roko,Badzim,R,B,R,B,R. Badzim,YUKATEL MERKEZEFENDİ BELEDİYESİ BASKET,YMB,R. Badzim,18,,,,,,FOUL,,YUKATEL MERKEZEFENDİ BELEDİYESİ BASKET R. BADZIM foul personal,,,,,,,,,0,141,2.0,,0,51,0,56
04:14,04:14:00,51,56,-5,2,3,REGULAR,72,D. DOTSON,1,foulon,517,516,[],,0,1,Devon Durrell,Dotson,Devon Durrell,Dotson,D,D,D,D,D. Dotson,BEŞİKTAŞ GAİN,BJK,D. Dotson,1,,,,,,OTHER,,BEŞİKTAŞ GAİN foulon,,,,,,,,,0,141,2.0,,0,51,0,56
04:14,04:14:00,51,56,-5,1,3,REGULAR,9,R. BADZIM,1,substitution,518,,[],out,0,18,Roko,Badzim,Roko,Badzim,R,B,R,B,R. Badzim,YUKATEL MERKEZEFENDİ BELEDİYESİ BASKET,YMB,R. Badzim,18,,,,,,SUB,out,YUKATEL MERKEZEFENDİ BELEDİYESİ BASKET substitution out,,,,,,,,,0,141,2.0,,0,51,0,56
04:14,04:14:00,51,56,-5,1,3,REGULAR,5,M. AGVA,1,substitution,519,,[],out,0,46,Mahir,Agva,Mahir,Agva,M,A,M,A,M. Agva,YUKATEL MERKEZEFENDİ BELEDİYESİ BASKET,YMB,M. Agva,46,,,,,,SUB,out,YUKATEL MERKEZEFENDİ BELEDİYESİ BASKET substitution out,,,,,,,,,0,141,2.0,,0,51,0,56
04:14,04:14:00,51,56,-5,1,3,REGULAR,7,Ö. ILYASOGLU,1,substitution,520,,[],in,0,13,Ömer Can,Ilyasoglu,Ömer Can,Ilyasoglu,Ö,I,Ö,I,Ö. Ilyasoglu,YUKATEL MERKEZEFENDİ BELEDİYESİ BASKET,YMB,Ö. Ilyasoglu,13,,,,,,SUB,in,YUKATEL MERKEZEFENDİ BELEDİYESİ BASKET substitution in,,,,,,,,,0,141,2.0,,0,51,0,56
04:14,04:14:00,51,56,-5,1,3,REGULAR,79,A. OMIC,1,substitution,521,,[],in,0,24,Alen,Omic,Alen,Omic,A,O,A,O,A. Omic,YUKATEL MERKEZEFENDİ BELEDİYESİ BASKET,YMB,A. Omic,24,,,,,,SUB,in,YUKATEL MERKEZEFENDİ BELEDİYESİ BASKET substitution in,,,,,,,,,0,141,2.0,,0,51,0,56
04:12,04:12:00,51,59,-8,2,3,REGULAR,71,J. MATHEWS,1,3pt,523,,['fastbreak'],jumpshot,1,0,Jonah Kenneth,Mathews,Jonah Kenneth,Mathews,J,M,J,M,J. Mathews,BEŞİKTAŞ GAİN,BJK,J. Mathews,0,,,32.009998321533,48.139999389648,1.0,P3,made,BEŞİKTAŞ GAİN J. MATHEWS 3Pt made,72.0,2.0,D. DOTSON,,,,,,3,141,2.0,score,0,51,3,59
04:12,04:12:00,51,59,-8,2,3,REGULAR,72,D. DOTSON,1,assist,524,523,[],,0,1,Devon Durrell,Dotson,Devon Durrell,Dotson,D,D,D,D,D. Dotson,BEŞİKTAŞ GAİN,BJK,D. Dotson,1,,,,,,ASS,,BEŞİKTAŞ GAİN D. DOTSON assist,,,,,,,,,0,142,1.0,,0,51,0,59
03:43,03:43:00,51,59,-8,1,3,REGULAR,7,Ö. ILYASOGLU,0,2pt,527,,"['pointsinthepaint', 'blocked']",layup,1,13,Ömer Can,Ilyasoglu,Ömer Can,Ilyasoglu,Ö,I,Ö,I,Ö. Ilyasoglu,YUKATEL MERKEZEFENDİ BELEDİYESİ BASKET,YMB,Ö. Ilyasoglu,13,,,94.730003356934,35.709999084473,0.0,P2,missed,YUKATEL MERKEZEFENDİ BELEDİYESİ BASKET Ö. ILYASOGLU 2Pt missed,,,,73.0,2.0,I. KAMAGATE,,,0,142,1.0,,0,51,0,59
03:43,03:43:00,51,59,-8,2,3,REGULAR,73,I. KAMAGATE,1,block,529,527,[],,0,4,Ismael Sindou,Kamagate,Ismael Sindou,Kamagate,I,K,I,K,I. Kamagate,BEŞİKTAŞ GAİN,BJK,I. Kamagate,4,,,,,,BS,,BEŞİKTAŞ GAİN I. KAMAGATE block,,,,,,,,,0,142,1.0,,0,51,0,59
03:42,03:42:00,51,59,-8,1,3,REGULAR,7,Ö. ILYASOGLU,1,rebound,530,527,[],offensive,0,13,Ömer Can,Ilyasoglu,Ömer Can,Ilyasoglu,Ö,I,Ö,I,Ö. Ilyasoglu,YUKATEL MERKEZEFENDİ BELEDİYESİ BASKET,YMB,Ö. Ilyasoglu,13,,,,,,REB,,YUKATEL MERKEZEFENDİ BELEDİYESİ BASKET rebound offensive,,,,,,,,,0,142,1.0,,0,51,0,59
03:42,03:42:00,51,59,-8,1,3,REGULAR,0,,1,turnover,531,,['team'],24sec,0,,,,,,,,,,,YUKATEL MERKEZEFENDİ BELEDİYESİ BASKET,YMB,,,,,,,,TO,,YUKATEL MERKEZEFENDİ BELEDİYESİ BASKET  turnover 24sec,,,,,,,,,0,142,1.0,turnover,0,51,0,59
03:26,03:26:00,51,59,-8,2,3,REGULAR,71,J. MATHEWS,0,3pt,533,,['fromturnover'],jumpshot,1,0,Jonah Kenneth,Mathews,Jonah Kenneth,Mathews,J,M,J,M,J. Mathews,BEŞİKTAŞ GAİN,BJK,J. Mathews,0,,,31.540000915527,60.560001373291,0.0,P3,missed,BEŞİKTAŞ GAİN J. MATHEWS 3Pt missed,,,,,,,,,0,143,2.0,,0,51,0,59
03:23,03:23:00,51,59,-8,2,3,REGULAR,72,D. DOTSON,1,rebound,534,533,[],offensive,0,1,Devon Durrell,Dotson,Devon Durrell,Dotson,D,D,D,D,D. Dotson,BEŞİKTAŞ GAİN,BJK,D. Dotson,1,,,,,,REB,,BEŞİKTAŞ GAİN rebound offensive,,,,,,,,,0,143,2.0,,0,51,0,59
03:19,03:19:00,51,59,-8,2,3,REGULAR,72,D. DOTSON,1,turnover,535,,[],badpass,0,1,Devon Durrell,Dotson,Devon Durrell,Dotson,D,D,D,D,D. Dotson,BEŞİKTAŞ GAİN,BJK,D. Dotson,1,,,,,,TO,,BEŞİKTAŞ GAİN D. DOTSON turnover badpass,,,,,,,,,0,143,2.0,turnover,0,51,0,59
03:19,03:19:00,51,59,-8,1,3,REGULAR,21,K. SMITH JR,1,steal,536,535,[],,0,4,Kenneth Jerome,Smith Jr,Kenneth Jerome,Smith Jr,K,S,K,S,K. Smith Jr,YUKATEL MERKEZEFENDİ BELEDİYESİ BASKET,YMB,K. Smith Jr,4,,,,,,ST,,YUKATEL MERKEZEFENDİ BELEDİYESİ BASKET K. SMITH JR steal,,,,,,,,,0,144,1.0,,0,51,0,59
03:14,03:14:00,53,59,-6,1,3,REGULAR,21,K. SMITH JR,1,2pt,539,,"['fromturnover', 'pointsinthepaint', 'fastbreak']",layup,1,4,Kenneth Jerome,Smith Jr,Kenneth Jerome,Smith Jr,K,S,K,S,K. Smith Jr,YUKATEL MERKEZEFENDİ BELEDİYESİ BASKET,YMB,K. Smith Jr,4,,,91.610000610352,64.23999786377,1.0,P2,made,YUKATEL MERKEZEFENDİ BELEDİYESİ BASKET K. SMITH JR 2Pt made,,,,,,,,,2,144,1.0,score,2,53,0,59
03:03,03:03:00,53,59,-6,1,3,REGULAR,79,A. OMIC,1,foul,547,,['2freethrow'],personal,0,24,Alen,Omic,Alen,Omic,A,O,A,O,A. Omic,YUKATEL MERKEZEFENDİ BELEDİYESİ BASKET,YMB,A. Omic,24,,,,,,FOUL,,YUKATEL MERKEZEFENDİ BELEDİYESİ BASKET A. OMIC foul personal,,,,,,,,,0,145,2.0,,0,53,0,59
03:03,03:03:00,53,59,-6,2,3,REGULAR,72,D. DOTSON,1,foulon,548,547,[],,0,1,Devon Durrell,Dotson,Devon Durrell,Dotson,D,D,D,D,D. Dotson,BEŞİKTAŞ GAİN,BJK,D. Dotson,1,,,,,,OTHER,,BEŞİKTAŞ GAİN foulon,,,,,,,,,0,145,2.0,,0,53,0,59
03:03,03:03:00,53,59,-6,1,3,REGULAR,79,A. OMIC,1,substitution,549,,[],out,0,24,Alen,Omic,Alen,Omic,A,O,A,O,A. Omic,YUKATEL MERKEZEFENDİ BELEDİYESİ BASKET,YMB,A. Omic,24,,,,,,SUB,out,YUKATEL MERKEZEFENDİ BELEDİYESİ BASKET substitution out,,,,,,,,,0,145,2.0,,0,53,0,59
03:03,03:03:00,53,59,-6,1,3,REGULAR,13,J. HAWKINS,1,substitution,550,,[],in,0,31,Javontae Aaron,Hawkins,Javontae Aaron,Hawkins,J,H,J,H,J. Hawkins,YUKATEL MERKEZEFENDİ BELEDİYESİ BASKET,YMB,J. Hawkins,31,,,,,,SUB,in,YUKATEL MERKEZEFENDİ BELEDİYESİ BASKET substitution in,,,,,,,,,0,145,2.0,,0,53,0,59
03:03,03:03:00,53,60,-7,2,3,REGULAR,72,D. DOTSON,1,freethrow,551,,[],1of2,1,1,Devon Durrell,Dotson,Devon Durrell,Dotson,D,D,D,D,D. Dotson,BEŞİKTAŞ GAİN,BJK,D. Dotson,1,,,,,,FT,made,BEŞİKTAŞ GAİN D. DOTSON FT 1of2 made,,,,,,,,,1,145,2.0,made_ft,0,53,1,60
03:03,03:03:00,53,61,-8,2,3,REGULAR,72,D. DOTSON,1,freethrow,552,,[],2of2,1,1,Devon Durrell,Dotson,Devon Durrell,Dotson,D,D,D,D,D. Dotson,BEŞİKTAŞ GAİN,BJK,D. Dotson,1,,,,,,FT,made,BEŞİKTAŞ GAİN D. DOTSON FT 2of2 made,,,,,,,,,1,146,1.0,made_ft_last,0,53,1,61
03:03,03:03:00,53,61,-8,2,3,REGULAR,73,I. KAMAGATE,1,substitution,553,,[],out,0,4,Ismael Sindou,Kamagate,Ismael Sindou,Kamagate,I,K,I,K,I. Kamagate,BEŞİKTAŞ GAİN,BJK,I. Kamagate,4,,,,,,SUB,out,BEŞİKTAŞ GAİN substitution out,,,,,,,,,0,147,2.0,,0,53,0,61
03:03,03:03:00,53,61,-8,2,3,REGULAR,70,C. MORGAN,1,substitution,554,,[],in,0,9,Conor Seamus William,Morgan,Conor Seamus William,Morgan,C,M,C,M,C. Morgan,BEŞİKTAŞ GAİN,BJK,C. Morgan,9,,,,,,SUB,in,BEŞİKTAŞ GAİN substitution in,,,,,,,,,0,147,2.0,,0,53,0,61
02:43,02:43:00,53,61,-8,1,3,REGULAR,8,H. VANWIJN,1,turnover,557,,[],doubledribble,0,10,Hans,Vanwijn,Hans,Vanwijn,H,V,H,V,H. Vanwijn,YUKATEL MERKEZEFENDİ BELEDİYESİ BASKET,YMB,H. Vanwijn,10,,,,,,TO,,YUKATEL MERKEZEFENDİ BELEDİYESİ BASKET H. VANWIJN turnover doubledribble,,,,,,,,,0,147,2.0,turnover,0,53,0,61
02:24,02:24:00,53,61,-8,1,3,REGULAR,8,H. VANWIJN,1,foul,560,,"['shooting', '2freethrow']",personal,0,10,Hans,Vanwijn,Hans,Vanwijn,H,V,H,V,H. Vanwijn,YUKATEL MERKEZEFENDİ BELEDİYESİ BASKET,YMB,H. Vanwijn,10,,,,,,FOUL,,YUKATEL MERKEZEFENDİ BELEDİYESİ BASKET H. VANWIJN foul personal,,,,,,,,,0,148,1.0,,0,53,0,61
02:24,02:24:00,53,61,-8,2,3,REGULAR,71,J. MATHEWS,1,foulon,561,560,[],,0,0,Jonah Kenneth,Mathews,Jonah Kenneth,Mathews,J,M,J,M,J. Mathews,BEŞİKTAŞ GAİN,BJK,J. Mathews,0,,,,,,OTHER,,BEŞİKTAŞ GAİN foulon,,,,,,,,,0,148,1.0,,0,53,0,61
02:24,02:24:00,53,61,-8,1,3,REGULAR,8,H. VANWIJN,1,substitution,562,,[],out,0,10,Hans,Vanwijn,Hans,Vanwijn,H,V,H,V,H. Vanwijn,YUKATEL MERKEZEFENDİ BELEDİYESİ BASKET,YMB,H. Vanwijn,10,,,,,,SUB,out,YUKATEL MERKEZEFENDİ BELEDİYESİ BASKET substitution out,,,,,,,,,0,148,1.0,,0,53,0,61
02:24,02:24:00,53,61,-8,1,3,REGULAR,79,A. OMIC,1,substitution,563,,[],in,0,24,Alen,Omic,Alen,Omic,A,O,A,O,A. Omic,YUKATEL MERKEZEFENDİ BELEDİYESİ BASKET,YMB,A. Omic,24,,,,,,SUB,in,YUKATEL MERKEZEFENDİ BELEDİYESİ BASKET substitution in,,,,,,,,,0,148,1.0,,0,53,0,61
02:24,02:24:00,53,62,-9,2,3,REGULAR,71,J. MATHEWS,1,freethrow,564,,['fromturnover'],1of2,1,0,Jonah Kenneth,Mathews,Jonah Kenneth,Mathews,J,M,J,M,J. Mathews,BEŞİKTAŞ GAİN,BJK,J. Mathews,0,,,,,,FT,made,BEŞİKTAŞ GAİN J. MATHEWS FT 1of2 made,,,,,,,,,1,148,1.0,made_ft,0,53,1,62
02:24,02:24:00,53,63,-10,2,3,REGULAR,71,J. MATHEWS,1,freethrow,565,,['fromturnover'],2of2,1,0,Jonah Kenneth,Mathews,Jonah Kenneth,Mathews,J,M,J,M,J. Mathews,BEŞİKTAŞ GAİN,BJK,J. Mathews,0,,,,,,FT,made,BEŞİKTAŞ GAİN J. MATHEWS FT 2of2 made,,,,,,,,,1,149,2.0,made_ft_last,0,53,1,63
02:00,02:00:00,53,63,-10,1,3,REGULAR,13,J. HAWKINS,0,3pt,567,,[],jumpshot,1,31,Javontae Aaron,Hawkins,Javontae Aaron,Hawkins,J,H,J,H,J. Hawkins,YUKATEL MERKEZEFENDİ BELEDİYESİ BASKET,YMB,J. Hawkins,31,,,70.550003051758,26.379999160767,0.0,P3,missed,YUKATEL MERKEZEFENDİ BELEDİYESİ BASKET J. HAWKINS 3Pt missed,,,,,,,,,0,150,1.0,def_reb,0,53,0,63
01:57,01:57:00,53,63,-10,2,3,REGULAR,70,C. MORGAN,1,rebound,568,567,[],defensive,0,9,Conor Seamus William,Morgan,Conor Seamus William,Morgan,C,M,C,M,C. Morgan,BEŞİKTAŞ GAİN,BJK,C. Morgan,9,,,,,,REB,,BEŞİKTAŞ GAİN rebound defensive,,,,,,,,,0,151,2.0,def_reb,0,53,0,63
01:36,01:36:00,53,65,-12,2,3,REGULAR,77,C. KUS,1,2pt,570,,['pointsinthepaint'],layup,1,12,Canberk,Kus,Canberk,Kus,C,K,C,K,C. Kus,BEŞİKTAŞ GAİN,BJK,C. Kus,12,,,11.729999542236,60.279998779297,1.0,P2,made,BEŞİKTAŞ GAİN C. KUS 2Pt made,71.0,2.0,J. MATHEWS,,,,,,2,152,1.0,score,0,53,2,65
01:36,01:36:00,53,65,-12,2,3,REGULAR,71,J. MATHEWS,1,assist,571,570,[],,0,0,Jonah Kenneth,Mathews,Jonah Kenneth,Mathews,J,M,J,M,J. Mathews,BEŞİKTAŞ GAİN,BJK,J. Mathews,0,,,,,,ASS,,BEŞİKTAŞ GAİN J. MATHEWS assist,,,,,,,,,0,153,2.0,,0,53,0,65
01:36,01:36:00,53,65,-12,1,3,REGULAR,0,,1,timeout,572,,[],full,0,,,,,,,,,,,YUKATEL MERKEZEFENDİ BELEDİYESİ BASKET,YMB,,,,,,,,TIMEOUT,,YUKATEL MERKEZEFENDİ BELEDİYESİ BASKET timeout,,,,,,,,,0,153,2.0,,0,53,0,65
01:18,01:18:00,55,65,-10,1,3,REGULAR,13,J. HAWKINS,1,2pt,575,,['pointsinthepaint'],layup,1,31,Javontae Aaron,Hawkins,Javontae Aaron,Hawkins,J,H,J,H,J. Hawkins,YUKATEL MERKEZEFENDİ BELEDİYESİ BASKET,YMB,J. Hawkins,31,,,90.980003356934,45.310001373291,1.0,P2,made,YUKATEL MERKEZEFENDİ BELEDİYESİ BASKET J. HAWKINS 2Pt made,7.0,1.0,Ö. ILYASOGLU,,,,,,2,153,2.0,score,2,55,0,65
01:18,01:18:00,55,65,-10,1,3,REGULAR,7,Ö. ILYASOGLU,1,assist,576,575,[],,0,13,Ömer Can,Ilyasoglu,Ömer Can,Ilyasoglu,Ö,I,Ö,I,Ö. Ilyasoglu,YUKATEL MERKEZEFENDİ BELEDİYESİ BASKET,YMB,Ö. Ilyasoglu,13,,,,,,ASS,,YUKATEL MERKEZEFENDİ BELEDİYESİ BASKET Ö. ILYASOGLU assist,,,,,,,,,0,154,1.0,,0,55,0,65
01:18,01:18:00,55,65,-10,2,3,REGULAR,77,C. KUS,1,foul,577,,"['shooting', '1freethrow']",personal,0,12,Canberk,Kus,Canberk,Kus,C,K,C,K,C. Kus,BEŞİKTAŞ GAİN,BJK,C. Kus,12,,,,,,FOUL,,BEŞİKTAŞ GAİN C. KUS foul personal,,,,,,,,,0,154,1.0,,0,55,0,65
01:18,01:18:00,55,65,-10,1,3,REGULAR,13,J. HAWKINS,1,foulon,578,577,[],,0,31,Javontae Aaron,Hawkins,Javontae Aaron,Hawkins,J,H,J,H,J. Hawkins,YUKATEL MERKEZEFENDİ BELEDİYESİ BASKET,YMB,J. Hawkins,31,,,,,,OTHER,,YUKATEL MERKEZEFENDİ BELEDİYESİ BASKET foulon,,,,,,,,,0,154,1.0,,0,55,0,65
01:18,01:18:00,56,65,-9,1,3,REGULAR,13,J. HAWKINS,1,freethrow,579,,[],1of1,1,31,Javontae Aaron,Hawkins,Javontae Aaron,Hawkins,J,H,J,H,J. Hawkins,YUKATEL MERKEZEFENDİ BELEDİYESİ BASKET,YMB,J. Hawkins,31,,,,,,FT,made,YUKATEL MERKEZEFENDİ BELEDİYESİ BASKET J. HAWKINS FT 1of1 made,,,,,,,,,1,154,1.0,made_ft_last,1,56,0,65
00:58,00:58:80,56,67,-11,2,3,REGULAR,77,C. KUS,1,2pt,581,,[],jumpshot,1,12,Canberk,Kus,Canberk,Kus,C,K,C,K,C. Kus,BEŞİKTAŞ GAİN,BJK,C. Kus,12,,,6.2699999809265,8.3100004196167,1.0,P2,made,BEŞİKTAŞ GAİN C. KUS 2Pt made,72.0,2.0,D. DOTSON,,,,,,2,155,2.0,score,0,56,2,67
00:58,00:58:80,56,67,-11,2,3,REGULAR,72,D. DOTSON,1,assist,582,581,[],,0,1,Devon Durrell,Dotson,Devon Durrell,Dotson,D,D,D,D,D. Dotson,BEŞİKTAŞ GAİN,BJK,D. Dotson,1,,,,,,ASS,,BEŞİKTAŞ GAİN D. DOTSON assist,,,,,,,,,0,156,1.0,,0,56,0,67
00:42,00:42:60,56,67,-11,1,3,REGULAR,21,K. SMITH JR,0,3pt,583,,[],jumpshot,1,4,Kenneth Jerome,Smith Jr,Kenneth Jerome,Smith Jr,K,S,K,S,K. Smith Jr,YUKATEL MERKEZEFENDİ BELEDİYESİ BASKET,YMB,K. Smith Jr,4,,,67.580001831055,55.479999542236,0.0,P3,missed,YUKATEL MERKEZEFENDİ BELEDİYESİ BASKET K. SMITH JR 3Pt missed,,,,,,,,,0,156,1.0,def_reb,0,56,0,67
00:39,00:39:20,56,67,-11,2,3,REGULAR,72,D. DOTSON,1,rebound,584,583,[],defensive,0,1,Devon Durrell,Dotson,Devon Durrell,Dotson,D,D,D,D,D. Dotson,BEŞİKTAŞ GAİN,BJK,D. Dotson,1,,,,,,REB,,BEŞİKTAŞ GAİN rebound defensive,,,,,,,,,0,157,2.0,def_reb,0,56,0,67
00:28,00:28:00,56,70,-14,2,3,REGULAR,70,C. MORGAN,1,3pt,585,,[],jumpshot,1,9,Conor Seamus William,Morgan,Conor Seamus William,Morgan,C,M,C,M,C. Morgan,BEŞİKTAŞ GAİN,BJK,C. Morgan,9,,,16.409999847412,8.0200004577637,1.0,P3,made,BEŞİKTAŞ GAİN C. MORGAN 3Pt made,71.0,2.0,J. MATHEWS,,,,,,3,158,1.0,score,0,56,3,70
00:28,00:28:00,56,70,-14,2,3,REGULAR,71,J. MATHEWS,1,assist,586,585,[],,0,0,Jonah Kenneth,Mathews,Jonah Kenneth,Mathews,J,M,J,M,J. Mathews,BEŞİKTAŞ GAİN,BJK,J. Mathews,0,,,,,,ASS,,BEŞİKTAŞ GAİN J. MATHEWS assist,,,,,,,,,0,159,2.0,,0,56,0,70
00:13,00:13:00,56,70,-14,1,3,REGULAR,11,S. GRIFFIN,0,2pt,587,,['pointsinthepaint'],layup,1,1,Samuel Gevaris,Griffin,Samuel Gevaris,Griffin,S,G,S,G,S. Griffin,YUKATEL MERKEZEFENDİ BELEDİYESİ BASKET,YMB,S. Griffin,1,,,91.919998168945,46.439998626709,0.0,P2,missed,YUKATEL MERKEZEFENDİ BELEDİYESİ BASKET S. GRIFFIN 2Pt missed,,,,,,,,,0,159,2.0,,0,56,0,70
00:09,00:09:90,56,70,-14,1,3,REGULAR,79,A. OMIC,1,rebound,588,587,[],offensive,0,24,Alen,Omic,Alen,Omic,A,O,A,O,A. Omic,YUKATEL MERKEZEFENDİ BELEDİYESİ BASKET,YMB,A. Omic,24,,,,,,REB,,YUKATEL MERKEZEFENDİ BELEDİYESİ BASKET rebound offensive,,,,,,,,,0,159,2.0,,0,56,0,70
00:09,00:09:90,56,70,-14,1,3,REGULAR,79,A. OMIC,0,2pt,589,,"['2ndchance', 'pointsinthepaint']",tipinlayup,1,24,Alen,Omic,Alen,Omic,A,O,A,O,A. Omic,YUKATEL MERKEZEFENDİ BELEDİYESİ BASKET,YMB,A. Omic,24,,,94.0,50.0,0.0,P2,missed,YUKATEL MERKEZEFENDİ BELEDİYESİ BASKET A. OMIC 2Pt missed,,,,,,,,,0,159,2.0,def_reb,0,56,0,70
00:09,00:09:20,56,70,-14,2,3,REGULAR,72,D. DOTSON,1,rebound,590,589,[],defensive,0,1,Devon Durrell,Dotson,Devon Durrell,Dotson,D,D,D,D,D. Dotson,BEŞİKTAŞ GAİN,BJK,D. Dotson,1,,,,,,REB,,BEŞİKTAŞ GAİN rebound defensive,,,,,,,,,0,160,1.0,def_reb,0,56,0,70
00:08,00:08:40,56,70,-14,1,3,REGULAR,13,J. HAWKINS,1,foul,592,,"['shooting', '2freethrow']",personal,0,31,Javontae Aaron,Hawkins,Javontae Aaron,Hawkins,J,H,J,H,J. Hawkins,YUKATEL MERKEZEFENDİ BELEDİYESİ BASKET,YMB,J. Hawkins,31,,,,,,FOUL,,YUKATEL MERKEZEFENDİ BELEDİYESİ BASKET J. HAWKINS foul personal,,,,,,,,,0,161,2.0,,0,56,0,70
00:08,00:08:40,56,70,-14,2,3,REGULAR,68,A. BROWN,1,foulon,593,592,[],,0,21,Anthony Lejohn,Brown,Anthony Lejohn,Brown,A,B,A,B,A. Brown,BEŞİKTAŞ GAİN,BJK,A. Brown,21,,,,,,OTHER,,BEŞİKTAŞ GAİN foulon,,,,,,,,,0,161,2.0,,0,56,0,70
00:08,00:08:40,56,70,-14,1,3,REGULAR,21,K. SMITH JR,1,substitution,594,,[],out,0,4,Kenneth Jerome,Smith Jr,Kenneth Jerome,Smith Jr,K,S,K,S,K. Smith Jr,YUKATEL MERKEZEFENDİ BELEDİYESİ BASKET,YMB,K. Smith Jr,4,,,,,,SUB,out,YUKATEL MERKEZEFENDİ BELEDİYESİ BASKET substitution out,,,,,,,,,0,161,2.0,,0,56,0,70
00:08,00:08:40,56,70,-14,1,3,REGULAR,12,M. CAZALON,1,substitution,595,,[],in,0,21,Malcolm Jean Ahmed,Cazalon,Malcolm Jean Ahmed,Cazalon,M,C,M,C,M. Cazalon,YUKATEL MERKEZEFENDİ BELEDİYESİ BASKET,YMB,M. Cazalon,21,,,,,,SUB,in,YUKATEL MERKEZEFENDİ BELEDİYESİ BASKET substitution in,,,,,,,,,0,161,2.0,,0,56,0,70
00:08,00:08:40,56,70,-14,2,3,REGULAR,71,J. MATHEWS,1,substitution,596,,[],out,0,0,Jonah Kenneth,Mathews,Jonah Kenneth,Mathews,J,M,J,M,J. Mathews,BEŞİKTAŞ GAİN,BJK,J. Mathews,0,,,,,,SUB,out,BEŞİKTAŞ GAİN substitution out,,,,,,,,,0,161,2.0,,0,56,0,70
00:08,00:08:40,56,70,-14,2,3,REGULAR,75,Y. ARSLAN,1,substitution,597,,[],in,0,7,Yigit,Arslan,Yigit,Arslan,Y,A,Y,A,Y. Arslan,BEŞİKTAŞ GAİN,BJK,Y. Arslan,7,,,,,,SUB,in,BEŞİKTAŞ GAİN substitution in,,,,,,,,,0,161,2.0,,0,56,0,70
00:08,00:08:40,56,70,-14,2,3,REGULAR,68,A. BROWN,0,freethrow,598,,['fastbreak'],1of2,1,21,Anthony Lejohn,Brown,Anthony Lejohn,Brown,A,B,A,B,A. Brown,BEŞİKTAŞ GAİN,BJK,A. Brown,21,,,,,,FT,missed,BEŞİKTAŞ GAİN A. BROWN FT 1of2 missed,,,,,,,,,0,161,2.0,def_reb,0,56,0,70
00:08,00:08:40,56,70,-14,2,3,REGULAR,0,,1,rebound,599,598,[],offensivedeadball,0,,,,,,,,,,,BEŞİKTAŞ GAİN,BJK,,,,,,,,TREB,,BEŞİKTAŞ GAİN team rebound offensivedeadball,,,,,,,,,0,162,1.0,def_reb,0,56,0,70
00:08,00:08:40,56,71,-15,2,3,REGULAR,68,A. BROWN,1,freethrow,600,,['fastbreak'],2of2,1,21,Anthony Lejohn,Brown,Anthony Lejohn,Brown,A,B,A,B,A. Brown,BEŞİKTAŞ GAİN,BJK,A. Brown,21,,,,,,FT,made,BEŞİKTAŞ GAİN A. BROWN FT 2of2 made,,,,,,,,,1,163,2.0,made_ft_last,0,56,1,71
00:08,00:08:40,56,71,-15,2,3,REGULAR,72,D. DOTSON,1,assist,601,600,[],,0,1,Devon Durrell,Dotson,Devon Durrell,Dotson,D,D,D,D,D. Dotson,BEŞİKTAŞ GAİN,BJK,D. Dotson,1,,,,,,ASS,,BEŞİKTAŞ GAİN D. DOTSON assist,,,,,,,,,0,164,1.0,,0,56,0,71
00:01,00:01:20,58,71,-13,1,3,REGULAR,11,S. GRIFFIN,1,2pt,604,,['pointsinthepaint'],jumpshot,1,1,Samuel Gevaris,Griffin,Samuel Gevaris,Griffin,S,G,S,G,S. Griffin,YUKATEL MERKEZEFENDİ BELEDİYESİ BASKET,YMB,S. Griffin,1,,,82.870002746582,50.680000305176,1.0,P2,made,YUKATEL MERKEZEFENDİ BELEDİYESİ BASKET S. GRIFFIN 2Pt made,,,,,,,,,2,164,1.0,score,2,58,0,71
00:00,00:00:00,58,71,-13,0,3,REGULAR,0,,1,period,607,,['confirmed'],end,0,,,,,,,,,,,,,,,,,,,,OTHER,,period end,,,,,,,,,0,165,2.0,,0,58,0,71
10:00,10:00:00,58,71,-13,1,4,REGULAR,79,A. OMIC,1,substitution,608,,[],out,0,24,Alen,Omic,Alen,Omic,A,O,A,O,A. Omic,YUKATEL MERKEZEFENDİ BELEDİYESİ BASKET,YMB,A. Omic,24,,,,,,SUB,out,YUKATEL MERKEZEFENDİ BELEDİYESİ BASKET substitution out,,,,,,,,,0,165,2.0,,0,58,0,71
10:00,10:00:00,58,71,-13,1,4,REGULAR,8,H. VANWIJN,1,substitution,609,,[],in,0,10,Hans,Vanwijn,Hans,Vanwijn,H,V,H,V,H. Vanwijn,YUKATEL MERKEZEFENDİ BELEDİYESİ BASKET,YMB,H. Vanwijn,10,,,,,,SUB,in,YUKATEL MERKEZEFENDİ BELEDİYESİ BASKET substitution in,,,,,,,,,0,165,2.0,,0,58,0,71
10:00,10:00:00,58,71,-13,2,4,REGULAR,72,D. DOTSON,1,substitution,610,,[],out,0,1,Devon Durrell,Dotson,Devon Durrell,Dotson,D,D,D,D,D. Dotson,BEŞİKTAŞ GAİN,BJK,D. Dotson,1,,,,,,SUB,out,BEŞİKTAŞ GAİN substitution out,,,,,,,,,0,165,2.0,,0,58,0,71
10:00,10:00:00,58,71,-13,2,4,REGULAR,77,C. KUS,1,substitution,611,,[],out,0,12,Canberk,Kus,Canberk,Kus,C,K,C,K,C. Kus,BEŞİKTAŞ GAİN,BJK,C. Kus,12,,,,,,SUB,out,BEŞİKTAŞ GAİN substitution out,,,,,,,,,0,165,2.0,,0,58,0,71
10:00,10:00:00,58,71,-13,2,4,REGULAR,71,J. MATHEWS,1,substitution,612,,[],in,0,0,Jonah Kenneth,Mathews,Jonah Kenneth,Mathews,J,M,J,M,J. Mathews,BEŞİKTAŞ GAİN,BJK,J. Mathews,0,,,,,,SUB,in,BEŞİKTAŞ GAİN substitution in,,,,,,,,,0,165,2.0,,0,58,0,71
10:00,10:00:00,58,71,-13,2,4,REGULAR,63,A. ZIZIC,1,substitution,613,,[],in,0,41,Ante Toni,Zizic,Ante Toni,Zizic,A,Z,A,Z,A. Zizic,BEŞİKTAŞ GAİN,BJK,A. Zizic,41,,,,,,SUB,in,BEŞİKTAŞ GAİN substitution in,,,,,,,,,0,165,2.0,,0,58,0,71
10:00,10:00:00,58,71,-13,0,4,REGULAR,0,,1,period,614,,[],start,0,,,,,,,,,,,,,,,,,,,,OTHER,,period start,,,,,,,,,0,165,2.0,,0,58,0,71
09:47,09:47:00,58,71,-13,1,4,REGULAR,8,H. VANWIJN,0,3pt,616,,[],jumpshot,1,10,Hans,Vanwijn,Hans,Vanwijn,H,V,H,V,H. Vanwijn,YUKATEL MERKEZEFENDİ BELEDİYESİ BASKET,YMB,H. Vanwijn,10,,,72.26000213623,24.409999847412,0.0,P3,missed,YUKATEL MERKEZEFENDİ BELEDİYESİ BASKET H. VANWIJN 3Pt missed,,,,,,,,,0,165,2.0,def_reb,0,58,0,71
09:45,09:45:00,58,71,-13,2,4,REGULAR,70,C. MORGAN,1,rebound,617,616,[],defensive,0,9,Conor Seamus William,Morgan,Conor Seamus William,Morgan,C,M,C,M,C. Morgan,BEŞİKTAŞ GAİN,BJK,C. Morgan,9,,,,,,REB,,BEŞİKTAŞ GAİN rebound defensive,,,,,,,,,0,166,1.0,def_reb,0,58,0,71
09:24,09:24:00,58,71,-13,2,4,REGULAR,75,Y. ARSLAN,1,turnover,619,,[],outofbounds,0,7,Yigit,Arslan,Yigit,Arslan,Y,A,Y,A,Y. Arslan,BEŞİKTAŞ GAİN,BJK,Y. Arslan,7,,,,,,TO,,BEŞİKTAŞ GAİN Y. ARSLAN turnover outofbounds,,,,,,,,,0,167,2.0,turnover,0,58,0,71
09:24,09:24:00,58,71,-13,2,4,REGULAR,63,A. ZIZIC,1,substitution,620,,[],out,0,41,Ante Toni,Zizic,Ante Toni,Zizic,A,Z,A,Z,A. Zizic,BEŞİKTAŞ GAİN,BJK,A. Zizic,41,,,,,,SUB,out,BEŞİKTAŞ GAİN substitution out,,,,,,,,,0,168,1.0,,0,58,0,71
09:24,09:24:00,58,71,-13,2,4,REGULAR,69,V. BROWN,1,substitution,621,,[],in,0,33,Vittorio,Brown,Vittorio,Brown,V,B,V,B,V. Brown,BEŞİKTAŞ GAİN,BJK,V. Brown,33,,,,,,SUB,in,BEŞİKTAŞ GAİN substitution in,,,,,,,,,0,168,1.0,,0,58,0,71
09:08,09:08:00,58,71,-13,2,4,REGULAR,69,V. BROWN,1,foul,624,,[],personal,0,33,Vittorio,Brown,Vittorio,Brown,V,B,V,B,V. Brown,BEŞİKTAŞ GAİN,BJK,V. Brown,33,,,,,,FOUL,,BEŞİKTAŞ GAİN V. BROWN foul personal,,,,,,,,,0,168,1.0,,0,58,0,71
09:08,09:08:00,58,71,-13,1,4,REGULAR,8,H. VANWIJN,1,foulon,625,624,[],,0,10,Hans,Vanwijn,Hans,Vanwijn,H,V,H,V,H. Vanwijn,YUKATEL MERKEZEFENDİ BELEDİYESİ BASKET,YMB,H. Vanwijn,10,,,,,,OTHER,,YUKATEL MERKEZEFENDİ BELEDİYESİ BASKET foulon,,,,,,,,,0,168,1.0,,0,58,0,71
09:08,09:08:00,58,71,-13,1,4,REGULAR,7,Ö. ILYASOGLU,1,substitution,626,,[],out,0,13,Ömer Can,Ilyasoglu,Ömer Can,Ilyasoglu,Ö,I,Ö,I,Ö. Ilyasoglu,YUKATEL MERKEZEFENDİ BELEDİYESİ BASKET,YMB,Ö. Ilyasoglu,13,,,,,,SUB,out,YUKATEL MERKEZEFENDİ BELEDİYESİ BASKET substitution out,,,,,,,,,0,168,1.0,,0,58,0,71
09:08,09:08:00,58,71,-13,1,4,REGULAR,5,M. AGVA,1,substitution,627,,[],in,0,46,Mahir,Agva,Mahir,Agva,M,A,M,A,M. Agva,YUKATEL MERKEZEFENDİ BELEDİYESİ BASKET,YMB,M. Agva,46,,,,,,SUB,in,YUKATEL MERKEZEFENDİ BELEDİYESİ BASKET substitution in,,,,,,,,,0,168,1.0,,0,58,0,71
08:55,08:55:00,58,71,-13,1,4,REGULAR,13,J. HAWKINS,0,2pt,629,,"['fromturnover', 'pointsinthepaint']",floatingjumpshot,1,31,Javontae Aaron,Hawkins,Javontae Aaron,Hawkins,J,H,J,H,J. Hawkins,YUKATEL MERKEZEFENDİ BELEDİYESİ BASKET,YMB,J. Hawkins,31,,,84.120002746582,52.659999847412,0.0,P2,missed,YUKATEL MERKEZEFENDİ BELEDİYESİ BASKET J. HAWKINS 2Pt missed,,,,,,,,,0,168,1.0,def_reb,0,58,0,71
08:52,08:52:00,58,71,-13,2,4,REGULAR,71,J. MATHEWS,1,rebound,630,629,[],defensive,0,0,Jonah Kenneth,Mathews,Jonah Kenneth,Mathews,J,M,J,M,J. Mathews,BEŞİKTAŞ GAİN,BJK,J. Mathews,0,,,,,,REB,,BEŞİKTAŞ GAİN rebound defensive,,,,,,,,,0,169,2.0,def_reb,0,58,0,71
08:35,08:35:00,58,73,-15,2,4,REGULAR,71,J. MATHEWS,1,2pt,631,,['pointsinthepaint'],drivinglayup,1,0,Jonah Kenneth,Mathews,Jonah Kenneth,Mathews,J,M,J,M,J. Mathews,BEŞİKTAŞ GAİN,BJK,J. Mathews,0,,,7.6799998283386,46.439998626709,1.0,P2,made,BEŞİKTAŞ GAİN J. MATHEWS 2Pt made,,,,,,,,,2,170,1.0,score,0,58,2,73
08:23,08:23:00,60,73,-13,1,4,REGULAR,8,H. VANWIJN,1,2pt,632,,['pointsinthepaint'],floatingjumpshot,1,10,Hans,Vanwijn,Hans,Vanwijn,H,V,H,V,H. Vanwijn,YUKATEL MERKEZEFENDİ BELEDİYESİ BASKET,YMB,H. Vanwijn,10,,,87.080001831055,58.869998931885,1.0,P2,made,YUKATEL MERKEZEFENDİ BELEDİYESİ BASKET H. VANWIJN 2Pt made,11.0,1.0,S. GRIFFIN,,,,,,2,171,2.0,score,2,60,0,73
08:23,08:23:00,60,73,-13,1,4,REGULAR,11,S. GRIFFIN,1,assist,633,632,[],,0,1,Samuel Gevaris,Griffin,Samuel Gevaris,Griffin,S,G,S,G,S. Griffin,YUKATEL MERKEZEFENDİ BELEDİYESİ BASKET,YMB,S. Griffin,1,,,,,,ASS,,YUKATEL MERKEZEFENDİ BELEDİYESİ BASKET S. GRIFFIN assist,,,,,,,,,0,172,1.0,,0,60,0,73
08:11,08:11:00,60,73,-13,2,4,REGULAR,71,J. MATHEWS,0,3pt,634,,[],jumpshot,1,0,Jonah Kenneth,Mathews,Jonah Kenneth,Mathews,J,M,J,M,J. Mathews,BEŞİKTAŞ GAİN,BJK,J. Mathews,0,,,30.610000610352,76.949996948242,0.0,P3,missed,BEŞİKTAŞ GAİN J. MATHEWS 3Pt missed,,,,,,,,,0,172,1.0,def_reb,0,60,0,73
08:08,08:08:00,60,73,-13,1,4,REGULAR,8,H. VANWIJN,1,rebound,635,634,[],defensive,0,10,Hans,Vanwijn,Hans,Vanwijn,H,V,H,V,H. Vanwijn,YUKATEL MERKEZEFENDİ BELEDİYESİ BASKET,YMB,H. Vanwijn,10,,,,,,REB,,YUKATEL MERKEZEFENDİ BELEDİYESİ BASKET rebound defensive,,,,,,,,,0,173,2.0,def_reb,0,60,0,73
08:02,08:02:00,60,73,-13,2,4,REGULAR,70,C. MORGAN,1,foul,637,,[],personal,0,9,Conor Seamus William,Morgan,Conor Seamus William,Morgan,C,M,C,M,C. Morgan,BEŞİKTAŞ GAİN,BJK,C. Morgan,9,,,,,,FOUL,,BEŞİKTAŞ GAİN C. MORGAN foul personal,,,,,,,,,0,174,1.0,,0,60,0,73
08:02,08:02:00,60,73,-13,1,4,REGULAR,11,S. GRIFFIN,1,foulon,638,637,[],,0,1,Samuel Gevaris,Griffin,Samuel Gevaris,Griffin,S,G,S,G,S. Griffin,YUKATEL MERKEZEFENDİ BELEDİYESİ BASKET,YMB,S. Griffin,1,,,,,,OTHER,,YUKATEL MERKEZEFENDİ BELEDİYESİ BASKET foulon,,,,,,,,,0,174,1.0,,0,60,0,73
08:02,08:02:00,60,73,-13,1,4,REGULAR,13,J. HAWKINS,1,substitution,639,,[],out,0,31,Javontae Aaron,Hawkins,Javontae Aaron,Hawkins,J,H,J,H,J. Hawkins,YUKATEL MERKEZEFENDİ BELEDİYESİ BASKET,YMB,J. Hawkins,31,,,,,,SUB,out,YUKATEL MERKEZEFENDİ BELEDİYESİ BASKET substitution out,,,,,,,,,0,174,1.0,,0,60,0,73
08:02,08:02:00,60,73,-13,1,4,REGULAR,9,R. BADZIM,1,substitution,640,,[],in,0,18,Roko,Badzim,Roko,Badzim,R,B,R,B,R. Badzim,YUKATEL MERKEZEFENDİ BELEDİYESİ BASKET,YMB,R. Badzim,18,,,,,,SUB,in,YUKATEL MERKEZEFENDİ BELEDİYESİ BASKET substitution in,,,,,,,,,0,174,1.0,,0,60,0,73
07:50,07:50:00,60,73,-13,1,4,REGULAR,12,M. CAZALON,1,turnover,643,,[],badpass,0,21,Malcolm Jean Ahmed,Cazalon,Malcolm Jean Ahmed,Cazalon,M,C,M,C,M. Cazalon,YUKATEL MERKEZEFENDİ BELEDİYESİ BASKET,YMB,M. Cazalon,21,,,,,,TO,,YUKATEL MERKEZEFENDİ BELEDİYESİ BASKET M. CAZALON turnover badpass,,,,,,,,,0,174,1.0,turnover,0,60,0,73
07:50,07:50:00,60,73,-13,1,4,REGULAR,12,M. CAZALON,1,substitution,644,,[],out,0,21,Malcolm Jean Ahmed,Cazalon,Malcolm Jean Ahmed,Cazalon,M,C,M,C,M. Cazalon,YUKATEL MERKEZEFENDİ BELEDİYESİ BASKET,YMB,M. Cazalon,21,,,,,,SUB,out,YUKATEL MERKEZEFENDİ BELEDİYESİ BASKET substitution out,,,,,,,,,0,175,2.0,,0,60,0,73
07:50,07:50:00,60,73,-13,1,4,REGULAR,21,K. SMITH JR,1,substitution,645,,[],in,0,4,Kenneth Jerome,Smith Jr,Kenneth Jerome,Smith Jr,K,S,K,S,K. Smith Jr,YUKATEL MERKEZEFENDİ BELEDİYESİ BASKET,YMB,K. Smith Jr,4,,,,,,SUB,in,YUKATEL MERKEZEFENDİ BELEDİYESİ BASKET substitution in,,,,,,,,,0,175,2.0,,0,60,0,73
07:35,07:35:00,60,73,-13,2,4,REGULAR,69,V. BROWN,0,3pt,647,,['fromturnover'],jumpshot,1,33,Vittorio,Brown,Vittorio,Brown,V,B,V,B,V. Brown,BEŞİKTAŞ GAİN,BJK,V. Brown,33,,,4.5599999427795,97.849998474121,0.0,P3,missed,BEŞİKTAŞ GAİN V. BROWN 3Pt missed,,,,,,,,,0,175,2.0,def_reb,0,60,0,73
07:34,07:34:00,60,73,-13,1,4,REGULAR,0,,1,rebound,649,647,['team'],defensive,0,,,,,,,,,,,YUKATEL MERKEZEFENDİ BELEDİYESİ BASKET,YMB,,,,,,,,TREB,,YUKATEL MERKEZEFENDİ BELEDİYESİ BASKET team rebound defensive,,,,,,,,,0,176,1.0,def_reb,0,60,0,73
07:34,07:34:00,60,73,-13,2,4,REGULAR,70,C. MORGAN,1,foul,650,,[],personal,0,9,Conor Seamus William,Morgan,Conor Seamus William,Morgan,C,M,C,M,C. Morgan,BEŞİKTAŞ GAİN,BJK,C. Morgan,9,,,,,,FOUL,,BEŞİKTAŞ GAİN C. MORGAN foul personal,,,,,,,,,0,177,2.0,,0,60,0,73
07:34,07:34:00,60,73,-13,1,4,REGULAR,5,M. AGVA,1,foulon,651,650,[],,0,46,Mahir,Agva,Mahir,Agva,M,A,M,A,M. Agva,YUKATEL MERKEZEFENDİ BELEDİYESİ BASKET,YMB,M. Agva,46,,,,,,OTHER,,YUKATEL MERKEZEFENDİ BELEDİYESİ BASKET foulon,,,,,,,,,0,177,2.0,,0,60,0,73
07:26,07:26:00,60,73,-13,2,4,REGULAR,70,C. MORGAN,1,foul,654,,[],personal,0,9,Conor Seamus William,Morgan,Conor Seamus William,Morgan,C,M,C,M,C. Morgan,BEŞİKTAŞ GAİN,BJK,C. Morgan,9,,,,,,FOUL,,BEŞİKTAŞ GAİN C. MORGAN foul personal,,,,,,,,,0,177,2.0,,0,60,0,73
07:26,07:26:00,60,73,-13,1,4,REGULAR,5,M. AGVA,1,foulon,655,654,[],,0,46,Mahir,Agva,Mahir,Agva,M,A,M,A,M. Agva,YUKATEL MERKEZEFENDİ BELEDİYESİ BASKET,YMB,M. Agva,46,,,,,,OTHER,,YUKATEL MERKEZEFENDİ BELEDİYESİ BASKET foulon,,,,,,,,,0,177,2.0,,0,60,0,73
07:26,07:26:00,60,73,-13,2,4,REGULAR,69,V. BROWN,1,substitution,656,,[],out,0,33,Vittorio,Brown,Vittorio,Brown,V,B,V,B,V. Brown,BEŞİKTAŞ GAİN,BJK,V. Brown,33,,,,,,SUB,out,BEŞİKTAŞ GAİN substitution out,,,,,,,,,0,177,2.0,,0,60,0,73
07:26,07:26:00,60,73,-13,2,4,REGULAR,63,A. ZIZIC,1,substitution,657,,[],in,0,41,Ante Toni,Zizic,Ante Toni,Zizic,A,Z,A,Z,A. Zizic,BEŞİKTAŞ GAİN,BJK,A. Zizic,41,,,,,,SUB,in,BEŞİKTAŞ GAİN substitution in,,,,,,,,,0,177,2.0,,0,60,0,73
07:22,07:22:00,60,73,-13,2,4,REGULAR,75,Y. ARSLAN,1,foul,660,,['2freethrow'],personal,0,7,Yigit,Arslan,Yigit,Arslan,Y,A,Y,A,Y. Arslan,BEŞİKTAŞ GAİN,BJK,Y. Arslan,7,,,,,,FOUL,,BEŞİKTAŞ GAİN Y. ARSLAN foul personal,,,,,,,,,0,177,2.0,,0,60,0,73
07:22,07:22:00,60,73,-13,1,4,REGULAR,9,R. BADZIM,1,foulon,661,660,[],,0,18,Roko,Badzim,Roko,Badzim,R,B,R,B,R. Badzim,YUKATEL MERKEZEFENDİ BELEDİYESİ BASKET,YMB,R. Badzim,18,,,,,,OTHER,,YUKATEL MERKEZEFENDİ BELEDİYESİ BASKET foulon,,,,,,,,,0,177,2.0,,0,60,0,73
07:22,07:22:00,61,73,-12,1,4,REGULAR,9,R. BADZIM,1,freethrow,662,,[],1of2,1,18,Roko,Badzim,Roko,Badzim,R,B,R,B,R. Badzim,YUKATEL MERKEZEFENDİ BELEDİYESİ BASKET,YMB,R. Badzim,18,,,,,,FT,made,YUKATEL MERKEZEFENDİ BELEDİYESİ BASKET R. BADZIM FT 1of2 made,,,,,,,,,1,177,2.0,made_ft,1,61,0,73
07:22,07:22:00,62,73,-11,1,4,REGULAR,9,R. BADZIM,1,freethrow,663,,[],2of2,1,18,Roko,Badzim,Roko,Badzim,R,B,R,B,R. Badzim,YUKATEL MERKEZEFENDİ BELEDİYESİ BASKET,YMB,R. Badzim,18,,,,,,FT,made,YUKATEL MERKEZEFENDİ BELEDİYESİ BASKET R. BADZIM FT 2of2 made,,,,,,,,,1,178,1.0,made_ft_last,1,62,0,73
07:07,07:07:00,62,75,-13,2,4,REGULAR,63,A. ZIZIC,1,2pt,665,,['pointsinthepaint'],hookshot,1,41,Ante Toni,Zizic,Ante Toni,Zizic,A,Z,A,Z,A. Zizic,BEŞİKTAŞ GAİN,BJK,A. Zizic,41,,,10.949999809265,50.959999084473,1.0,P2,made,BEŞİKTAŞ GAİN A. ZIZIC 2Pt made,70.0,2.0,C. MORGAN,,,,,,2,179,2.0,score,0,62,2,75
07:07,07:07:00,62,75,-13,2,4,REGULAR,70,C. MORGAN,1,assist,666,665,[],,0,9,Conor Seamus William,Morgan,Conor Seamus William,Morgan,C,M,C,M,C. Morgan,BEŞİKTAŞ GAİN,BJK,C. Morgan,9,,,,,,ASS,,BEŞİKTAŞ GAİN C. MORGAN assist,,,,,,,,,0,180,1.0,,0,62,0,75
06:47,06:47:00,62,75,-13,1,4,REGULAR,5,M. AGVA,0,2pt,667,,['pointsinthepaint'],hookshot,1,46,Mahir,Agva,Mahir,Agva,M,A,M,A,M. Agva,YUKATEL MERKEZEFENDİ BELEDİYESİ BASKET,YMB,M. Agva,46,,,85.830001831055,56.610000610352,0.0,P2,missed,YUKATEL MERKEZEFENDİ BELEDİYESİ BASKET M. AGVA 2Pt missed,,,,,,,,,0,180,1.0,def_reb,0,62,0,75
06:45,06:45:00,62,75,-13,2,4,REGULAR,68,A. BROWN,1,rebound,668,667,[],defensive,0,21,Anthony Lejohn,Brown,Anthony Lejohn,Brown,A,B,A,B,A. Brown,BEŞİKTAŞ GAİN,BJK,A. Brown,21,,,,,,REB,,BEŞİKTAŞ GAİN rebound defensive,,,,,,,,,0,181,2.0,def_reb,0,62,0,75
06:39,06:39:00,62,77,-15,2,4,REGULAR,68,A. BROWN,1,2pt,669,,['fastbreak'],pullupjumpshot,1,21,Anthony Lejohn,Brown,Anthony Lejohn,Brown,A,B,A,B,A. Brown,BEŞİKTAŞ GAİN,BJK,A. Brown,21,,,23.739999771118,55.479999542236,1.0,P2,made,BEŞİKTAŞ GAİN A. BROWN 2Pt made,,,,,,,,,2,182,1.0,score,0,62,2,77
06:19,06:19:00,62,77,-15,1,4,REGULAR,21,K. SMITH JR,0,3pt,670,,[],jumpshot,1,4,Kenneth Jerome,Smith Jr,Kenneth Jerome,Smith Jr,K,S,K,S,K. Smith Jr,YUKATEL MERKEZEFENDİ BELEDİYESİ BASKET,YMB,K. Smith Jr,4,,,80.839996337891,8.5900001525879,0.0,P3,missed,YUKATEL MERKEZEFENDİ BELEDİYESİ BASKET K. SMITH JR 3Pt missed,,,,,,,,,0,183,2.0,def_reb,0,62,0,77
06:15,06:15:00,62,77,-15,2,4,REGULAR,63,A. ZIZIC,1,rebound,671,670,[],defensive,0,41,Ante Toni,Zizic,Ante Toni,Zizic,A,Z,A,Z,A. Zizic,BEŞİKTAŞ GAİN,BJK,A. Zizic,41,,,,,,REB,,BEŞİKTAŞ GAİN rebound defensive,,,,,,,,,0,184,1.0,def_reb,0,62,0,77
06:02,06:02:00,62,77,-15,1,4,REGULAR,21,K. SMITH JR,1,foul,673,,['1freethrow'],technical,0,4,Kenneth Jerome,Smith Jr,Kenneth Jerome,Smith Jr,K,S,K,S,K. Smith Jr,YUKATEL MERKEZEFENDİ BELEDİYESİ BASKET,YMB,K. Smith Jr,4,,,,,,FOUL,,YUKATEL MERKEZEFENDİ BELEDİYESİ BASKET K. SMITH JR foul technical,,,,,,,,,0,185,2.0,,0,62,0,77
06:02,06:02:00,62,77,-15,2,4,REGULAR,70,C. MORGAN,1,substitution,674,,[],out,0,9,Conor Seamus William,Morgan,Conor Seamus William,Morgan,C,M,C,M,C. Morgan,BEŞİKTAŞ GAİN,BJK,C. Morgan,9,,,,,,SUB,out,BEŞİKTAŞ GAİN substitution out,,,,,,,,,0,185,2.0,,0,62,0,77
06:02,06:02:00,62,77,-15,2,4,REGULAR,72,D. DOTSON,1,substitution,675,,[],in,0,1,Devon Durrell,Dotson,Devon Durrell,Dotson,D,D,D,D,D. Dotson,BEŞİKTAŞ GAİN,BJK,D. Dotson,1,,,,,,SUB,in,BEŞİKTAŞ GAİN substitution in,,,,,,,,,0,185,2.0,,0,62,0,77
06:02,06:02:00,62,78,-16,2,4,REGULAR,75,Y. ARSLAN,1,freethrow,676,,[],1of1,1,7,Yigit,Arslan,Yigit,Arslan,Y,A,Y,A,Y. Arslan,BEŞİKTAŞ GAİN,BJK,Y. Arslan,7,,,,,,FT,made,BEŞİKTAŞ GAİN Y. ARSLAN FT 1of1 made,,,,,,,,,1,185,2.0,made_ft_last,0,62,1,78
06:02,06:02:00,62,78,-16,2,4,REGULAR,75,Y. ARSLAN,1,substitution,677,,[],out,0,7,Yigit,Arslan,Yigit,Arslan,Y,A,Y,A,Y. Arslan,BEŞİKTAŞ GAİN,BJK,Y. Arslan,7,,,,,,SUB,out,BEŞİKTAŞ GAİN substitution out,,,,,,,,,0,186,1.0,,0,62,0,78
06:02,06:02:00,62,78,-16,2,4,REGULAR,77,C. KUS,1,substitution,678,,[],in,0,12,Canberk,Kus,Canberk,Kus,C,K,C,K,C. Kus,BEŞİKTAŞ GAİN,BJK,C. Kus,12,,,,,,SUB,in,BEŞİKTAŞ GAİN substitution in,,,,,,,,,0,186,1.0,,0,62,0,78
05:54,05:54:00,62,78,-16,1,4,REGULAR,5,M. AGVA,1,foul,681,,[],personal,0,46,Mahir,Agva,Mahir,Agva,M,A,M,A,M. Agva,YUKATEL MERKEZEFENDİ BELEDİYESİ BASKET,YMB,M. Agva,46,,,,,,FOUL,,YUKATEL MERKEZEFENDİ BELEDİYESİ BASKET M. AGVA foul personal,,,,,,,,,0,186,1.0,,0,62,0,78
05:54,05:54:00,62,78,-16,2,4,REGULAR,63,A. ZIZIC,1,foulon,682,681,[],,0,41,Ante Toni,Zizic,Ante Toni,Zizic,A,Z,A,Z,A. Zizic,BEŞİKTAŞ GAİN,BJK,A. Zizic,41,,,,,,OTHER,,BEŞİKTAŞ GAİN foulon,,,,,,,,,0,186,1.0,,0,62,0,78
05:48,05:48:00,62,80,-18,2,4,REGULAR,68,A. BROWN,1,2pt,686,,['pointsinthepaint'],layup,1,21,Anthony Lejohn,Brown,Anthony Lejohn,Brown,A,B,A,B,A. Brown,BEŞİKTAŞ GAİN,BJK,A. Brown,21,,,7.0500001907349,58.020000457764,1.0,P2,made,BEŞİKTAŞ GAİN A. BROWN 2Pt made,,,,,,,,,2,186,1.0,score,0,62,2,80
05:48,05:48:00,62,80,-18,1,4,REGULAR,0,,1,timeout,688,,[],full,0,,,,,,,,,,,YUKATEL MERKEZEFENDİ BELEDİYESİ BASKET,YMB,,,,,,,,TIMEOUT,,YUKATEL MERKEZEFENDİ BELEDİYESİ BASKET timeout,,,,,,,,,0,187,2.0,,0,62,0,80
05:28,05:28:00,64,80,-16,1,4,REGULAR,5,M. AGVA,1,2pt,690,,['pointsinthepaint'],hookshot,1,46,Mahir,Agva,Mahir,Agva,M,A,M,A,M. Agva,YUKATEL MERKEZEFENDİ BELEDİYESİ BASKET,YMB,M. Agva,46,,,88.639999389648,52.090000152588,1.0,P2,made,YUKATEL MERKEZEFENDİ BELEDİYESİ BASKET M. AGVA 2Pt made,9.0,1.0,R. BADZIM,,,,,,2,187,2.0,score,2,64,0,80
05:28,05:28:00,64,80,-16,1,4,REGULAR,9,R. BADZIM,1,assist,691,690,[],,0,18,Roko,Badzim,Roko,Badzim,R,B,R,B,R. Badzim,YUKATEL MERKEZEFENDİ BELEDİYESİ BASKET,YMB,R. Badzim,18,,,,,,ASS,,YUKATEL MERKEZEFENDİ BELEDİYESİ BASKET R. BADZIM assist,,,,,,,,,0,188,1.0,,0,64,0,80
05:10,05:10:00,64,82,-18,2,4,REGULAR,63,A. ZIZIC,1,2pt,692,,['pointsinthepaint'],jumpshot,1,41,Ante Toni,Zizic,Ante Toni,Zizic,A,Z,A,Z,A. Zizic,BEŞİKTAŞ GAİN,BJK,A. Zizic,41,,,9.5500001907349,60.279998779297,1.0,P2,made,BEŞİKTAŞ GAİN A. ZIZIC 2Pt made,77.0,2.0,C. KUS,,,,,,2,188,1.0,score,0,64,2,82
05:10,05:10:00,64,82,-18,2,4,REGULAR,77,C. KUS,1,assist,693,692,[],,0,12,Canberk,Kus,Canberk,Kus,C,K,C,K,C. Kus,BEŞİKTAŞ GAİN,BJK,C. Kus,12,,,,,,ASS,,BEŞİKTAŞ GAİN C. KUS assist,,,,,,,,,0,189,2.0,,0,64,0,82
04:56,04:56:00,64,82,-18,2,4,REGULAR,68,A. BROWN,1,foul,696,,['2freethrow'],personal,0,21,Anthony Lejohn,Brown,Anthony Lejohn,Brown,A,B,A,B,A. Brown,BEŞİKTAŞ GAİN,BJK,A. Brown,21,,,,,,FOUL,,BEŞİKTAŞ GAİN A. BROWN foul personal,,,,,,,,,0,189,2.0,,0,64,0,82
04:56,04:56:00,64,82,-18,1,4,REGULAR,9,R. BADZIM,1,foulon,697,696,[],,0,18,Roko,Badzim,Roko,Badzim,R,B,R,B,R. Badzim,YUKATEL MERKEZEFENDİ BELEDİYESİ BASKET,YMB,R. Badzim,18,,,,,,OTHER,,YUKATEL MERKEZEFENDİ BELEDİYESİ BASKET foulon,,,,,,,,,0,189,2.0,,0,64,0,82
04:56,04:56:00,64,82,-18,1,4,REGULAR,11,S. GRIFFIN,1,substitution,698,,[],out,0,1,Samuel Gevaris,Griffin,Samuel Gevaris,Griffin,S,G,S,G,S. Griffin,YUKATEL MERKEZEFENDİ BELEDİYESİ BASKET,YMB,S. Griffin,1,,,,,,SUB,out,YUKATEL MERKEZEFENDİ BELEDİYESİ BASKET substitution out,,,,,,,,,0,189,2.0,,0,64,0,82
04:56,04:56:00,64,82,-18,1,4,REGULAR,5,M. AGVA,1,substitution,699,,[],out,0,46,Mahir,Agva,Mahir,Agva,M,A,M,A,M. Agva,YUKATEL MERKEZEFENDİ BELEDİYESİ BASKET,YMB,M. Agva,46,,,,,,SUB,out,YUKATEL MERKEZEFENDİ BELEDİYESİ BASKET substitution out,,,,,,,,,0,189,2.0,,0,64,0,82
04:56,04:56:00,64,82,-18,1,4,REGULAR,79,A. OMIC,1,substitution,700,,[],in,0,24,Alen,Omic,Alen,Omic,A,O,A,O,A. Omic,YUKATEL MERKEZEFENDİ BELEDİYESİ BASKET,YMB,A. Omic,24,,,,,,SUB,in,YUKATEL MERKEZEFENDİ BELEDİYESİ BASKET substitution in,,,,,,,,,0,189,2.0,,0,64,0,82
04:56,04:56:00,64,82,-18,1,4,REGULAR,4,E. PALTACI,1,substitution,701,,[],in,0,77,Erbey Kemal,Paltaci,Erbey Kemal,Paltaci,E,P,E,P,E. Paltaci,YUKATEL MERKEZEFENDİ BELEDİYESİ BASKET,YMB,E. Paltaci,77,,,,,,SUB,in,YUKATEL MERKEZEFENDİ BELEDİYESİ BASKET substitution in,,,,,,,,,0,189,2.0,,0,64,0,82
04:56,04:56:00,65,82,-17,1,4,REGULAR,9,R. BADZIM,1,freethrow,702,,[],1of2,1,18,Roko,Badzim,Roko,Badzim,R,B,R,B,R. Badzim,YUKATEL MERKEZEFENDİ BELEDİYESİ BASKET,YMB,R. Badzim,18,,,,,,FT,made,YUKATEL MERKEZEFENDİ BELEDİYESİ BASKET R. BADZIM FT 1of2 made,,,,,,,,,1,189,2.0,made_ft,1,65,0,82
04:56,04:56:00,66,82,-16,1,4,REGULAR,9,R. BADZIM,1,freethrow,703,,[],2of2,1,18,Roko,Badzim,Roko,Badzim,R,B,R,B,R. Badzim,YUKATEL MERKEZEFENDİ BELEDİYESİ BASKET,YMB,R. Badzim,18,,,,,,FT,made,YUKATEL MERKEZEFENDİ BELEDİYESİ BASKET R. BADZIM FT 2of2 made,,,,,,,,,1,190,1.0,made_ft_last,1,66,0,82
04:38,04:38:00,66,82,-16,2,4,REGULAR,72,D. DOTSON,0,2pt,705,,['pointsinthepaint'],layup,1,1,Devon Durrell,Dotson,Devon Durrell,Dotson,D,D,D,D,D. Dotson,BEŞİKTAŞ GAİN,BJK,D. Dotson,1,,,11.260000228882,61.130001068115,0.0,P2,missed,BEŞİKTAŞ GAİN D. DOTSON 2Pt missed,,,,,,,,,0,191,2.0,def_reb,0,66,0,82
04:36,04:36:00,66,82,-16,1,4,REGULAR,79,A. OMIC,1,rebound,706,705,[],defensive,0,24,Alen,Omic,Alen,Omic,A,O,A,O,A. Omic,YUKATEL MERKEZEFENDİ BELEDİYESİ BASKET,YMB,A. Omic,24,,,,,,REB,,YUKATEL MERKEZEFENDİ BELEDİYESİ BASKET rebound defensive,,,,,,,,,0,192,1.0,def_reb,0,66,0,82
04:30,04:30:00,66,82,-16,1,4,REGULAR,9,R. BADZIM,0,3pt,707,,[],jumpshot,1,18,Roko,Badzim,Roko,Badzim,R,B,R,B,R. Badzim,YUKATEL MERKEZEFENDİ BELEDİYESİ BASKET,YMB,R. Badzim,18,,,96.440002441406,4.3499999046326,0.0,P3,missed,YUKATEL MERKEZEFENDİ BELEDİYESİ BASKET R. BADZIM 3Pt missed,,,,,,,,,0,193,2.0,def_reb,0,66,0,82
04:28,04:28:00,66,82,-16,2,4,REGULAR,0,,1,rebound,709,707,['team'],defensive,0,,,,,,,,,,,BEŞİKTAŞ GAİN,BJK,,,,,,,,TREB,,BEŞİKTAŞ GAİN team rebound defensive,,,,,,,,,0,194,1.0,def_reb,0,66,0,82
04:28,04:28:00,66,82,-16,1,4,REGULAR,79,A. OMIC,1,foul,710,,[],personal,0,24,Alen,Omic,Alen,Omic,A,O,A,O,A. Omic,YUKATEL MERKEZEFENDİ BELEDİYESİ BASKET,YMB,A. Omic,24,,,,,,FOUL,,YUKATEL MERKEZEFENDİ BELEDİYESİ BASKET A. OMIC foul personal,,,,,,,,,0,195,2.0,,0,66,0,82
04:28,04:28:00,66,82,-16,2,4,REGULAR,72,D. DOTSON,1,foulon,711,710,[],,0,1,Devon Durrell,Dotson,Devon Durrell,Dotson,D,D,D,D,D. Dotson,BEŞİKTAŞ GAİN,BJK,D. Dotson,1,,,,,,OTHER,,BEŞİKTAŞ GAİN foulon,,,,,,,,,0,195,2.0,,0,66,0,82
04:17,04:17:00,66,82,-16,2,4,REGULAR,68,A. BROWN,0,3pt,713,,[],jumpshot,1,21,Anthony Lejohn,Brown,Anthony Lejohn,Brown,A,B,A,B,A. Brown,BEŞİKTAŞ GAİN,BJK,A. Brown,21,,,27.799999237061,26.670000076294,0.0,P3,missed,BEŞİKTAŞ GAİN A. BROWN 3Pt missed,,,,,,,,,0,195,2.0,,0,66,0,82
04:13,04:13:00,66,82,-16,2,4,REGULAR,72,D. DOTSON,1,rebound,714,713,[],offensive,0,1,Devon Durrell,Dotson,Devon Durrell,Dotson,D,D,D,D,D. Dotson,BEŞİKTAŞ GAİN,BJK,D. Dotson,1,,,,,,REB,,BEŞİKTAŞ GAİN rebound offensive,,,,,,,,,0,195,2.0,,0,66,0,82
04:10,04:10:00,66,82,-16,1,4,REGULAR,4,E. PALTACI,1,foul,716,,"['shooting', '2freethrow']",personal,0,77,Erbey Kemal,Paltaci,Erbey Kemal,Paltaci,E,P,E,P,E. Paltaci,YUKATEL MERKEZEFENDİ BELEDİYESİ BASKET,YMB,E. Paltaci,77,,,,,,FOUL,,YUKATEL MERKEZEFENDİ BELEDİYESİ BASKET E. PALTACI foul personal,,,,,,,,,0,195,2.0,,0,66,0,82
04:10,04:10:00,66,82,-16,2,4,REGULAR,71,J. MATHEWS,1,foulon,717,716,[],,0,0,Jonah Kenneth,Mathews,Jonah Kenneth,Mathews,J,M,J,M,J. Mathews,BEŞİKTAŞ GAİN,BJK,J. Mathews,0,,,,,,OTHER,,BEŞİKTAŞ GAİN foulon,,,,,,,,,0,195,2.0,,0,66,0,82
04:10,04:10:00,66,83,-17,2,4,REGULAR,71,J. MATHEWS,1,freethrow,718,,['2ndchance'],1of2,1,0,Jonah Kenneth,Mathews,Jonah Kenneth,Mathews,J,M,J,M,J. Mathews,BEŞİKTAŞ GAİN,BJK,J. Mathews,0,,,,,,FT,made,BEŞİKTAŞ GAİN J. MATHEWS FT 1of2 made,,,,,,,,,1,195,2.0,made_ft,0,66,1,83
04:10,04:10:00,66,84,-18,2,4,REGULAR,71,J. MATHEWS,1,freethrow,719,,['2ndchance'],2of2,1,0,Jonah Kenneth,Mathews,Jonah Kenneth,Mathews,J,M,J,M,J. Mathews,BEŞİKTAŞ GAİN,BJK,J. Mathews,0,,,,,,FT,made,BEŞİKTAŞ GAİN J. MATHEWS FT 2of2 made,,,,,,,,,1,196,1.0,made_ft_last,0,66,1,84
03:50,03:50:00,69,84,-15,1,4,REGULAR,4,E. PALTACI,1,3pt,721,,[],jumpshot,1,77,Erbey Kemal,Paltaci,Erbey Kemal,Paltaci,E,P,E,P,E. Paltaci,YUKATEL MERKEZEFENDİ BELEDİYESİ BASKET,YMB,E. Paltaci,77,,,76.319999694824,18.190000534058,1.0,P3,made,YUKATEL MERKEZEFENDİ BELEDİYESİ BASKET E. PALTACI 3Pt made,21.0,1.0,K. SMITH JR,,,,,,3,197,2.0,score,3,69,0,84
03:50,03:50:00,69,84,-15,1,4,REGULAR,21,K. SMITH JR,1,assist,722,721,[],,0,4,Kenneth Jerome,Smith Jr,Kenneth Jerome,Smith Jr,K,S,K,S,K. Smith Jr,YUKATEL MERKEZEFENDİ BELEDİYESİ BASKET,YMB,K. Smith Jr,4,,,,,,ASS,,YUKATEL MERKEZEFENDİ BELEDİYESİ BASKET K. SMITH JR assist,,,,,,,,,0,198,1.0,,0,69,0,84
03:25,03:25:00,69,87,-18,2,4,REGULAR,71,J. MATHEWS,1,3pt,727,,[],pullupjumpshot,1,0,Jonah Kenneth,Mathews,Jonah Kenneth,Mathews,J,M,J,M,J. Mathews,BEŞİKTAŞ GAİN,BJK,J. Mathews,0,,,22.030000686646,13.949999809265,1.0,P3,made,BEŞİKTAŞ GAİN J. MATHEWS 3Pt made,,,,,,,,,3,198,1.0,score,0,69,3,87
03:17,03:17:00,69,87,-18,2,4,REGULAR,71,J. MATHEWS,1,foul,729,,['2freethrow'],personal,0,0,Jonah Kenneth,Mathews,Jonah Kenneth,Mathews,J,M,J,M,J. Mathews,BEŞİKTAŞ GAİN,BJK,J. Mathews,0,,,,,,FOUL,,BEŞİKTAŞ GAİN J. MATHEWS foul personal,,,,,,,,,0,199,2.0,,0,69,0,87
03:17,03:17:00,69,87,-18,1,4,REGULAR,21,K. SMITH JR,1,foulon,730,729,[],,0,4,Kenneth Jerome,Smith Jr,Kenneth Jerome,Smith Jr,K,S,K,S,K. Smith Jr,YUKATEL MERKEZEFENDİ BELEDİYESİ BASKET,YMB,K. Smith Jr,4,,,,,,OTHER,,YUKATEL MERKEZEFENDİ BELEDİYESİ BASKET foulon,,,,,,,,,0,199,2.0,,0,69,0,87
03:17,03:17:00,70,87,-17,1,4,REGULAR,21,K. SMITH JR,1,freethrow,731,,['fastbreak'],1of2,1,4,Kenneth Jerome,Smith Jr,Kenneth Jerome,Smith Jr,K,S,K,S,K. Smith Jr,YUKATEL MERKEZEFENDİ BELEDİYESİ BASKET,YMB,K. Smith Jr,4,,,,,,FT,made,YUKATEL MERKEZEFENDİ BELEDİYESİ BASKET K. SMITH JR FT 1of2 made,,,,,,,,,1,199,2.0,made_ft,1,70,0,87
03:17,03:17:00,71,87,-16,1,4,REGULAR,21,K. SMITH JR,1,freethrow,732,,['fastbreak'],2of2,1,4,Kenneth Jerome,Smith Jr,Kenneth Jerome,Smith Jr,K,S,K,S,K. Smith Jr,YUKATEL MERKEZEFENDİ BELEDİYESİ BASKET,YMB,K. Smith Jr,4,,,,,,FT,made,YUKATEL MERKEZEFENDİ BELEDİYESİ BASKET K. SMITH JR FT 2of2 made,,,,,,,,,1,200,1.0,made_ft_last,1,71,0,87
03:17,03:17:00,71,87,-16,1,4,REGULAR,21,K. SMITH JR,1,substitution,733,,[],out,0,4,Kenneth Jerome,Smith Jr,Kenneth Jerome,Smith Jr,K,S,K,S,K. Smith Jr,YUKATEL MERKEZEFENDİ BELEDİYESİ BASKET,YMB,K. Smith Jr,4,,,,,,SUB,out,YUKATEL MERKEZEFENDİ BELEDİYESİ BASKET substitution out,,,,,,,,,0,201,2.0,,0,71,0,87
03:17,03:17:00,71,87,-16,1,4,REGULAR,7,Ö. ILYASOGLU,1,substitution,734,,[],in,0,13,Ömer Can,Ilyasoglu,Ömer Can,Ilyasoglu,Ö,I,Ö,I,Ö. Ilyasoglu,YUKATEL MERKEZEFENDİ BELEDİYESİ BASKET,YMB,Ö. Ilyasoglu,13,,,,,,SUB,in,YUKATEL MERKEZEFENDİ BELEDİYESİ BASKET substitution in,,,,,,,,,0,201,2.0,,0,71,0,87
03:03,03:03:00,71,87,-16,2,4,REGULAR,72,D. DOTSON,1,turnover,737,,[],travel,0,1,Devon Durrell,Dotson,Devon Durrell,Dotson,D,D,D,D,D. Dotson,BEŞİKTAŞ GAİN,BJK,D. Dotson,1,,,,,,TO,,BEŞİKTAŞ GAİN D. DOTSON turnover travel,,,,,,,,,0,201,2.0,turnover,0,71,0,87
02:50,02:50:00,71,87,-16,1,4,REGULAR,7,Ö. ILYASOGLU,0,2pt,739,,"['fromturnover', 'pointsinthepaint']",floatingjumpshot,1,13,Ömer Can,Ilyasoglu,Ömer Can,Ilyasoglu,Ö,I,Ö,I,Ö. Ilyasoglu,YUKATEL MERKEZEFENDİ BELEDİYESİ BASKET,YMB,Ö. Ilyasoglu,13,,,85.209999084473,45.310001373291,0.0,P2,missed,YUKATEL MERKEZEFENDİ BELEDİYESİ BASKET Ö. ILYASOGLU 2Pt missed,,,,,,,,,0,202,1.0,def_reb,0,71,0,87
02:48,02:48:00,71,87,-16,2,4,REGULAR,63,A. ZIZIC,1,rebound,740,739,[],defensive,0,41,Ante Toni,Zizic,Ante Toni,Zizic,A,Z,A,Z,A. Zizic,BEŞİKTAŞ GAİN,BJK,A. Zizic,41,,,,,,REB,,BEŞİKTAŞ GAİN rebound defensive,,,,,,,,,0,203,2.0,def_reb,0,71,0,87
02:33,02:33:00,71,87,-16,2,4,REGULAR,71,J. MATHEWS,0,2pt,741,,[],pullupjumpshot,1,0,Jonah Kenneth,Mathews,Jonah Kenneth,Mathews,J,M,J,M,J. Mathews,BEŞİKTAŞ GAİN,BJK,J. Mathews,0,,,22.180000305176,64.519996643066,0.0,P2,missed,BEŞİKTAŞ GAİN J. MATHEWS 2Pt missed,,,,,,,,,0,204,1.0,def_reb,0,71,0,87
02:30,02:30:00,71,87,-16,1,4,REGULAR,8,H. VANWIJN,1,rebound,742,741,[],defensive,0,10,Hans,Vanwijn,Hans,Vanwijn,H,V,H,V,H. Vanwijn,YUKATEL MERKEZEFENDİ BELEDİYESİ BASKET,YMB,H. Vanwijn,10,,,,,,REB,,YUKATEL MERKEZEFENDİ BELEDİYESİ BASKET rebound defensive,,,,,,,,,0,205,2.0,def_reb,0,71,0,87
02:15,02:15:00,73,87,-14,1,4,REGULAR,79,A. OMIC,1,2pt,743,,['pointsinthepaint'],jumpshot,1,24,Alen,Omic,Alen,Omic,A,O,A,O,A. Omic,YUKATEL MERKEZEFENDİ BELEDİYESİ BASKET,YMB,A. Omic,24,,,92.069999694824,46.439998626709,1.0,P2,made,YUKATEL MERKEZEFENDİ BELEDİYESİ BASKET A. OMIC 2Pt made,9.0,1.0,R. BADZIM,,,,,,2,206,1.0,score,2,73,0,87
02:15,02:15:00,73,87,-14,1,4,REGULAR,9,R. BADZIM,1,assist,744,743,[],,0,18,Roko,Badzim,Roko,Badzim,R,B,R,B,R. Badzim,YUKATEL MERKEZEFENDİ BELEDİYESİ BASKET,YMB,R. Badzim,18,,,,,,ASS,,YUKATEL MERKEZEFENDİ BELEDİYESİ BASKET R. BADZIM assist,,,,,,,,,0,207,2.0,,0,73,0,87
01:49,01:49:00,73,87,-14,1,4,REGULAR,4,E. PALTACI,1,foul,747,,['2freethrow'],personal,0,77,Erbey Kemal,Paltaci,Erbey Kemal,Paltaci,E,P,E,P,E. Paltaci,YUKATEL MERKEZEFENDİ BELEDİYESİ BASKET,YMB,E. Paltaci,77,,,,,,FOUL,,YUKATEL MERKEZEFENDİ BELEDİYESİ BASKET E. PALTACI foul personal,,,,,,,,,0,207,2.0,,0,73,0,87
01:49,01:49:00,73,87,-14,2,4,REGULAR,71,J. MATHEWS,1,foulon,748,747,[],,0,0,Jonah Kenneth,Mathews,Jonah Kenneth,Mathews,J,M,J,M,J. Mathews,BEŞİKTAŞ GAİN,BJK,J. Mathews,0,,,,,,OTHER,,BEŞİKTAŞ GAİN foulon,,,,,,,,,0,207,2.0,,0,73,0,87
01:49,01:49:00,73,87,-14,2,4,REGULAR,63,A. ZIZIC,1,substitution,749,,[],out,0,41,Ante Toni,Zizic,Ante Toni,Zizic,A,Z,A,Z,A. Zizic,BEŞİKTAŞ GAİN,BJK,A. Zizic,41,,,,,,SUB,out,BEŞİKTAŞ GAİN substitution out,,,,,,,,,0,207,2.0,,0,73,0,87
01:49,01:49:00,73,87,-14,2,4,REGULAR,70,C. MORGAN,1,substitution,750,,[],in,0,9,Conor Seamus William,Morgan,Conor Seamus William,Morgan,C,M,C,M,C. Morgan,BEŞİKTAŞ GAİN,BJK,C. Morgan,9,,,,,,SUB,in,BEŞİKTAŞ GAİN substitution in,,,,,,,,,0,207,2.0,,0,73,0,87
01:49,01:49:00,73,87,-14,1,4,REGULAR,4,E. PALTACI,1,substitution,751,,[],out,0,77,Erbey Kemal,Paltaci,Erbey Kemal,Paltaci,E,P,E,P,E. Paltaci,YUKATEL MERKEZEFENDİ BELEDİYESİ BASKET,YMB,E. Paltaci,77,,,,,,SUB,out,YUKATEL MERKEZEFENDİ BELEDİYESİ BASKET substitution out,,,,,,,,,0,207,2.0,,0,73,0,87
01:49,01:49:00,73,87,-14,1,4,REGULAR,12,M. CAZALON,1,substitution,752,,[],in,0,21,Malcolm Jean Ahmed,Cazalon,Malcolm Jean Ahmed,Cazalon,M,C,M,C,M. Cazalon,YUKATEL MERKEZEFENDİ BELEDİYESİ BASKET,YMB,M. Cazalon,21,,,,,,SUB,in,YUKATEL MERKEZEFENDİ BELEDİYESİ BASKET substitution in,,,,,,,,,0,207,2.0,,0,73,0,87
01:49,01:49:00,73,88,-15,2,4,REGULAR,71,J. MATHEWS,1,freethrow,753,,[],1of2,1,0,Jonah Kenneth,Mathews,Jonah Kenneth,Mathews,J,M,J,M,J. Mathews,BEŞİKTAŞ GAİN,BJK,J. Mathews,0,,,,,,FT,made,BEŞİKTAŞ GAİN J. MATHEWS FT 1of2 made,,,,,,,,,1,207,2.0,made_ft,0,73,1,88
01:49,01:49:00,73,89,-16,2,4,REGULAR,71,J. MATHEWS,1,freethrow,754,,[],2of2,1,0,Jonah Kenneth,Mathews,Jonah Kenneth,Mathews,J,M,J,M,J. Mathews,BEŞİKTAŞ GAİN,BJK,J. Mathews,0,,,,,,FT,made,BEŞİKTAŞ GAİN J. MATHEWS FT 2of2 made,,,,,,,,,1,208,1.0,made_ft_last,0,73,1,89
01:49,01:49:00,73,89,-16,2,4,REGULAR,71,J. MATHEWS,1,substitution,755,,[],out,0,0,Jonah Kenneth,Mathews,Jonah Kenneth,Mathews,J,M,J,M,J. Mathews,BEŞİKTAŞ GAİN,BJK,J. Mathews,0,,,,,,SUB,out,BEŞİKTAŞ GAİN substitution out,,,,,,,,,0,209,2.0,,0,73,0,89
01:49,01:49:00,73,89,-16,2,4,REGULAR,75,Y. ARSLAN,1,substitution,756,,[],in,0,7,Yigit,Arslan,Yigit,Arslan,Y,A,Y,A,Y. Arslan,BEŞİKTAŞ GAİN,BJK,Y. Arslan,7,,,,,,SUB,in,BEŞİKTAŞ GAİN substitution in,,,,,,,,,0,209,2.0,,0,73,0,89
01:37,01:37:00,73,89,-16,1,4,REGULAR,9,R. BADZIM,0,3pt,758,,[],jumpshot,1,18,Roko,Badzim,Roko,Badzim,R,B,R,B,R. Badzim,YUKATEL MERKEZEFENDİ BELEDİYESİ BASKET,YMB,R. Badzim,18,,,72.110000610352,77.230003356934,0.0,P3,missed,YUKATEL MERKEZEFENDİ BELEDİYESİ BASKET R. BADZIM 3Pt missed,,,,,,,,,0,209,2.0,def_reb,0,73,0,89
01:34,01:34:00,73,89,-16,2,4,REGULAR,68,A. BROWN,1,rebound,759,758,[],defensive,0,21,Anthony Lejohn,Brown,Anthony Lejohn,Brown,A,B,A,B,A. Brown,BEŞİKTAŞ GAİN,BJK,A. Brown,21,,,,,,REB,,BEŞİKTAŞ GAİN rebound defensive,,,,,,,,,0,210,1.0,def_reb,0,73,0,89
01:17,01:17:00,73,92,-19,2,4,REGULAR,72,D. DOTSON,1,3pt,761,,[],pullupjumpshot,1,1,Devon Durrell,Dotson,Devon Durrell,Dotson,D,D,D,D,D. Dotson,BEŞİKTAŞ GAİN,BJK,D. Dotson,1,,,29.979999542236,36.270000457764,1.0,P3,made,BEŞİKTAŞ GAİN D. DOTSON 3Pt made,,,,,,,,,3,211,2.0,score,0,73,3,92
01:09,01:09:00,75,92,-17,1,4,REGULAR,79,A. OMIC,1,2pt,764,,['pointsinthepaint'],alleyoop,1,24,Alen,Omic,Alen,Omic,A,O,A,O,A. Omic,YUKATEL MERKEZEFENDİ BELEDİYESİ BASKET,YMB,A. Omic,24,,,92.389999389648,43.330001831055,1.0,P2,made,YUKATEL MERKEZEFENDİ BELEDİYESİ BASKET A. OMIC 2Pt made,9.0,1.0,R. BADZIM,,,,,,2,212,1.0,score,2,75,0,92
01:09,01:09:00,75,92,-17,1,4,REGULAR,9,R. BADZIM,1,assist,765,764,[],,0,18,Roko,Badzim,Roko,Badzim,R,B,R,B,R. Badzim,YUKATEL MERKEZEFENDİ BELEDİYESİ BASKET,YMB,R. Badzim,18,,,,,,ASS,,YUKATEL MERKEZEFENDİ BELEDİYESİ BASKET R. BADZIM assist,,,,,,,,,0,213,2.0,,0,75,0,92
01:09,01:09:00,75,92,-17,2,4,REGULAR,72,D. DOTSON,1,substitution,766,,[],out,0,1,Devon Durrell,Dotson,Devon Durrell,Dotson,D,D,D,D,D. Dotson,BEŞİKTAŞ GAİN,BJK,D. Dotson,1,,,,,,SUB,out,BEŞİKTAŞ GAİN substitution out,,,,,,,,,0,213,2.0,,0,75,0,92
01:09,01:09:00,75,92,-17,2,4,REGULAR,1,E. ADIGÜZEL,1,substitution,767,,[],in,0,19,Emir,Adigüzel,Emir,Adigüzel,E,A,E,A,E. Adigüzel,BEŞİKTAŞ GAİN,BJK,E. Adigüzel,19,,,,,,SUB,in,BEŞİKTAŞ GAİN substitution in,,,,,,,,,0,213,2.0,,0,75,0,92
00:47,00:47:20,75,92,-17,2,4,REGULAR,1,E. ADIGÜZEL,1,turnover,769,,[],badpass,0,19,Emir,Adigüzel,Emir,Adigüzel,E,A,E,A,E. Adigüzel,BEŞİKTAŞ GAİN,BJK,E. Adigüzel,19,,,,,,TO,,BEŞİKTAŞ GAİN E. ADIGÜZEL turnover badpass,,,,,,,,,0,213,2.0,turnover,0,75,0,92
00:47,00:47:20,75,92,-17,1,4,REGULAR,8,H. VANWIJN,1,steal,770,769,[],,0,10,Hans,Vanwijn,Hans,Vanwijn,H,V,H,V,H. Vanwijn,YUKATEL MERKEZEFENDİ BELEDİYESİ BASKET,YMB,H. Vanwijn,10,,,,,,ST,,YUKATEL MERKEZEFENDİ BELEDİYESİ BASKET H. VANWIJN steal,,,,,,,,,0,214,1.0,,0,75,0,92
00:43,00:43:10,77,92,-15,1,4,REGULAR,12,M. CAZALON,1,2pt,771,,"['fromturnover', 'pointsinthepaint', 'fastbreak']",dunk,1,21,Malcolm Jean Ahmed,Cazalon,Malcolm Jean Ahmed,Cazalon,M,C,M,C,M. Cazalon,YUKATEL MERKEZEFENDİ BELEDİYESİ BASKET,YMB,M. Cazalon,21,,,88.330001831055,55.479999542236,1.0,P2,made,YUKATEL MERKEZEFENDİ BELEDİYESİ BASKET M. CAZALON 2Pt made,8.0,1.0,H. VANWIJN,,,,,,2,214,1.0,score,2,77,0,92
00:43,00:43:10,77,92,-15,1,4,REGULAR,8,H. VANWIJN,1,assist,773,771,[],,0,10,Hans,Vanwijn,Hans,Vanwijn,H,V,H,V,H. Vanwijn,YUKATEL MERKEZEFENDİ BELEDİYESİ BASKET,YMB,H. Vanwijn,10,,,,,,ASS,,YUKATEL MERKEZEFENDİ BELEDİYESİ BASKET H. VANWIJN assist,,,,,,,,,0,215,2.0,,0,77,0,92
00:28,00:28:50,77,95,-18,2,4,REGULAR,68,A. BROWN,1,3pt,776,,[],pullupjumpshot,1,21,Anthony Lejohn,Brown,Anthony Lejohn,Brown,A,B,A,B,A. Brown,BEŞİKTAŞ GAİN,BJK,A. Brown,21,,,30.139999389648,66.5,1.0,P3,made,BEŞİKTAŞ GAİN A. BROWN 3Pt made,,,,,,,,,3,215,2.0,score,0,77,3,95
00:19,00:19:40,77,95,-18,1,4,REGULAR,12,M. CAZALON,0,3pt,778,,[],stepbackjumpshot,1,21,Malcolm Jean Ahmed,Cazalon,Malcolm Jean Ahmed,Cazalon,M,C,M,C,M. Cazalon,YUKATEL MERKEZEFENDİ BELEDİYESİ BASKET,YMB,M. Cazalon,21,,,68.519996643066,44.459999084473,0.0,P3,missed,YUKATEL MERKEZEFENDİ BELEDİYESİ BASKET M. CAZALON 3Pt missed,,,,,,,,,0,216,1.0,,0,77,0,95
00:15,00:15:50,77,95,-18,1,4,REGULAR,79,A. OMIC,1,rebound,779,778,[],offensive,0,24,Alen,Omic,Alen,Omic,A,O,A,O,A. Omic,YUKATEL MERKEZEFENDİ BELEDİYESİ BASKET,YMB,A. Omic,24,,,,,,REB,,YUKATEL MERKEZEFENDİ BELEDİYESİ BASKET rebound offensive,,,,,,,,,0,216,1.0,,0,77,0,95
00:05,00:05:10,77,95,-18,1,4,REGULAR,79,A. OMIC,0,2pt,780,,"['2ndchance', 'pointsinthepaint']",jumpshot,1,24,Alen,Omic,Alen,Omic,A,O,A,O,A. Omic,YUKATEL MERKEZEFENDİ BELEDİYESİ BASKET,YMB,A. Omic,24,,,82.25,38.529998779297,0.0,P2,missed,YUKATEL MERKEZEFENDİ BELEDİYESİ BASKET A. OMIC 2Pt missed,,,,,,,,,0,216,1.0,def_reb,0,77,0,95
00:02,00:02:00,77,95,-18,2,4,REGULAR,75,Y. ARSLAN,1,rebound,781,780,[],defensive,0,7,Yigit,Arslan,Yigit,Arslan,Y,A,Y,A,Y. Arslan,BEŞİKTAŞ GAİN,BJK,Y. Arslan,7,,,,,,REB,,BEŞİKTAŞ GAİN rebound defensive,,,,,,,,,0,217,2.0,def_reb,0,77,0,95
00:00,00:00:00,77,95,-18,0,4,REGULAR,0,,1,period,783,,['confirmed'],end,0,,,,,,,,,,,,,,,,,,,,OTHER,,period end,,,,,,,,,0,218,1.0,,0,77,0,95
00:00,00:00:00,77,95,-18,0,4,REGULAR,0,,1,game,784,,['confirmed'],end,0,,,,,,,,,,,,,,,,,,,,OTHER,,game end,,,,,,,,,0,218,1.0,,0,77,0,95
