gt,clock,s1,s2,lead,tno,period,periodType,pno,player,success,actionType,actionNumber,previousAction,qualifier,subType,scoring,shirtNumber,firstName,familyName,internationalFirstName,internationalFamilyName,firstNameInitial,familyNameInitial,internationalFirstNameInitial,internationalFamilyNameInitial,scoreboardName,team_name,team_code,player_name_from_roster,player_shirt,player_pos_raw,player_pos_group,x,y,r,ev_code,ev_result,ev_text,assist_pno,assist_tno,assist_player,block_pno,block_tno,block_player,assist_pos_group,block_pos_group,points,possession_id,possession_owner_tno,possession_end_reason,pts_1,cum_1,pts_2,cum_2
10:00,10:00:00,0,0,0,0,1,REGULAR,0,,1,game,1,,[],start,0,,,,,,,,,,,,,,,,,,,,OTHER,,game start,,,,,,,,,0,0,,,0,0,0,0
10:00,10:00:00,0,0,0,0,1,REGULAR,0,,1,period,2,,[],start,0,,,,,,,,,,,,,,,,,,,,OTHER,,period start,,,,,,,,,0,0,,,0,0,0,0
10:00,10:00:00,0,0,0,0,1,REGULAR,0,,1,jumpball,4,,[],startperiod,0,,,,,,,,,,,,,,,,,,,,JUMP,,jump ball,,,,,,,,,0,0,,,0,0,0,0
09:59,09:59:00,0,0,0,2,1,REGULAR,66,J. FLOYD,1,jumpball,5,4,[],won,0,20,Jehyve Jamal,Floyd,Jehyve Jamal,Floyd,J,F,J,F,J. Floyd,ALİAĞA PETKİM SPOR,PTK,J. Floyd,20,,,,,,JUMP,,jump ball,,,,,,,,,0,0,,,0,0,0,0
09:59,09:59:00,0,0,0,1,1,REGULAR,12,A. BANDAOGO,1,jumpball,6,4,[],lost,0,55,Abdou Aziz,Bandaogo,Abdou Aziz,Bandaogo,A,B,A,B,A. Bandaogo,ONVO BÜYÜKÇEKMECE BASKETBOL,BÇB,A. Bandaogo,55,,,,,,JUMP,,jump ball,,,,,,,,,0,0,,,0,0,0,0
09:49,09:49:00,0,0,0,2,1,REGULAR,98,P. SCRUBB,0,2pt,7,,"['pointsinthepaint', 'blocked']",layup,1,23,Philip Alexander,Scrubb,Philip Alexander,Scrubb,P,S,P,S,P. Scrubb,ALİAĞA PETKİM SPOR,PTK,P. Scrubb,23,,,92.849998474121,39.939998626709,0.0,P2,missed,ALİAĞA PETKİM SPOR P. SCRUBB 2Pt missed,,,,12.0,1.0,A. BANDAOGO,,,0,1,2.0,,0,0,0,0
09:49,09:49:00,0,0,0,1,1,REGULAR,12,A. BANDAOGO,1,block,9,7,[],,0,55,Abdou Aziz,Bandaogo,Abdou Aziz,Bandaogo,A,B,A,B,A. Bandaogo,ONVO BÜYÜKÇEKMECE BASKETBOL,BÇB,A. Bandaogo,55,,,,,,BS,,ONVO BÜYÜKÇEKMECE BASKETBOL A. BANDAOGO block,,,,,,,,,0,1,2.0,,0,0,0,0
09:47,09:47:00,0,0,0,2,1,REGULAR,0,,1,rebound,10,7,['team'],offensive,0,,,,,,,,,,,ALİAĞA PETKİM SPOR,PTK,,,,,,,,TREB,,ALİAĞA PETKİM SPOR team rebound offensive,,,,,,,,,0,1,2.0,def_reb,0,0,0,0
09:43,09:43:00,0,0,0,2,1,REGULAR,70,U. UTOMI,0,3pt,12,,['2ndchance'],jumpshot,1,8,Uzodinma,Utomi,Uzodinma,Utomi,U,U,U,U,U. Utomi,ALİAĞA PETKİM SPOR,PTK,U. Utomi,8,,,94.569999694824,96.160003662109,0.0,P3,missed,ALİAĞA PETKİM SPOR U. UTOMI 3Pt missed,,,,,,,,,0,2,1.0,def_reb,0,0,0,0
09:40,09:40:00,0,0,0,1,1,REGULAR,0,,1,rebound,16,12,['team'],defensive,0,,,,,,,,,,,ONVO BÜYÜKÇEKMECE BASKETBOL,BÇB,,,,,,,,TREB,,ONVO BÜYÜKÇEKMECE BASKETBOL team rebound defensive,,,,,,,,,0,3,2.0,def_reb,0,0,0,0
09:24,09:24:00,0,0,0,1,1,REGULAR,13,K. VAN DER VUURST DE VRIES,0,3pt,18,,[],jumpshot,1,1,Keye Jord,Van Der Vuurst De Vries,Keye Jord,Van Der Vuurst De Vries,K,V,K,V,K. Van Der Vuurst De Vries,ONVO BÜYÜKÇEKMECE BASKETBOL,BÇB,K. Van Der Vuurst De Vries,1,,,27.639999389648,79.209999084473,0.0,P3,missed,ONVO BÜYÜKÇEKMECE BASKETBOL K. VAN DER VUURST DE VRIES 3Pt missed,,,,,,,,,0,4,1.0,,0,0,0,0
09:21,09:21:00,0,0,0,1,1,REGULAR,12,A. BANDAOGO,1,rebound,19,18,[],offensive,0,55,Abdou Aziz,Bandaogo,Abdou Aziz,Bandaogo,A,B,A,B,A. Bandaogo,ONVO BÜYÜKÇEKMECE BASKETBOL,BÇB,A. Bandaogo,55,,,,,,REB,,ONVO BÜYÜKÇEKMECE BASKETBOL rebound offensive,,,,,,,,,0,4,1.0,,0,0,0,0
09:19,09:19:00,0,0,0,1,1,REGULAR,12,A. BANDAOGO,0,2pt,20,,"['2ndchance', 'pointsinthepaint']",hookshot,1,55,Abdou Aziz,Bandaogo,Abdou Aziz,Bandaogo,A,B,A,B,A. Bandaogo,ONVO BÜYÜKÇEKMECE BASKETBOL,BÇB,A. Bandaogo,55,,,6.2699999809265,41.360000610352,0.0,P2,missed,ONVO BÜYÜKÇEKMECE BASKETBOL A. BANDAOGO 2Pt missed,,,,,,,,,0,4,1.0,def_reb,0,0,0,0
09:15,09:15:00,0,0,0,2,1,REGULAR,66,J. FLOYD,1,rebound,21,20,[],defensive,0,20,Jehyve Jamal,Floyd,Jehyve Jamal,Floyd,J,F,J,F,J. Floyd,ALİAĞA PETKİM SPOR,PTK,J. Floyd,20,,,,,,REB,,ALİAĞA PETKİM SPOR rebound defensive,,,,,,,,,0,5,2.0,def_reb,0,0,0,0
09:05,09:05:00,0,0,0,2,1,REGULAR,98,P. SCRUBB,0,3pt,22,,[],jumpshot,1,23,Philip Alexander,Scrubb,Philip Alexander,Scrubb,P,S,P,S,P. Scrubb,ALİAĞA PETKİM SPOR,PTK,P. Scrubb,23,,,76.319999694824,87.680000305176,0.0,P3,missed,ALİAĞA PETKİM SPOR P. SCRUBB 3Pt missed,,,,,,,,,0,6,1.0,def_reb,0,0,0,0
09:02,09:02:00,0,0,0,1,1,REGULAR,12,A. BANDAOGO,1,rebound,23,22,[],defensive,0,55,Abdou Aziz,Bandaogo,Abdou Aziz,Bandaogo,A,B,A,B,A. Bandaogo,ONVO BÜYÜKÇEKMECE BASKETBOL,BÇB,A. Bandaogo,55,,,,,,REB,,ONVO BÜYÜKÇEKMECE BASKETBOL rebound defensive,,,,,,,,,0,7,2.0,def_reb,0,0,0,0
08:53,08:53:00,0,0,0,1,1,REGULAR,4,E. BRUINSMA,0,3pt,24,,[],jumpshot,1,33,Evan John,Bruinsma,Evan John,Bruinsma,E,B,E,B,E. Bruinsma,ONVO BÜYÜKÇEKMECE BASKETBOL,BÇB,E. Bruinsma,33,,,18.280000686646,92.199996948242,0.0,P3,missed,ONVO BÜYÜKÇEKMECE BASKETBOL E. BRUINSMA 3Pt missed,,,,,,,,,0,8,1.0,def_reb,0,0,0,0
08:50,08:50:00,0,0,0,2,1,REGULAR,67,D. EFIANAYI JR,1,rebound,25,24,[],defensive,0,4,David Tinsley Eghosa,Efianayi Jr,David Tinsley Eghosa,Efianayi Jr,D,E,D,E,D. Efianayi Jr,ALİAĞA PETKİM SPOR,PTK,D. Efianayi Jr,4,,,,,,REB,,ALİAĞA PETKİM SPOR rebound defensive,,,,,,,,,0,9,2.0,def_reb,0,0,0,0
08:47,08:47:00,0,0,0,1,1,REGULAR,8,Y. ÖZKAN,1,foul,27,,[],personal,0,2,Yigit,Özkan,Yigit,Özkan,Y,Ö,Y,Ö,Y. Özkan,ONVO BÜYÜKÇEKMECE BASKETBOL,BÇB,Y. Özkan,2,,,,,,FOUL,,ONVO BÜYÜKÇEKMECE BASKETBOL Y. ÖZKAN foul personal,,,,,,,,,0,10,1.0,,0,0,0,0
08:47,08:47:00,0,0,0,2,1,REGULAR,67,D. EFIANAYI JR,1,foulon,28,27,[],,0,4,David Tinsley Eghosa,Efianayi Jr,David Tinsley Eghosa,Efianayi Jr,D,E,D,E,D. Efianayi Jr,ALİAĞA PETKİM SPOR,PTK,D. Efianayi Jr,4,,,,,,OTHER,,ALİAĞA PETKİM SPOR foulon,,,,,,,,,0,10,1.0,,0,0,0,0
08:41,08:41:00,0,0,0,2,1,REGULAR,98,P. SCRUBB,1,turnover,31,,[],badpass,0,23,Philip Alexander,Scrubb,Philip Alexander,Scrubb,P,S,P,S,P. Scrubb,ALİAĞA PETKİM SPOR,PTK,P. Scrubb,23,,,,,,TO,,ALİAĞA PETKİM SPOR P. SCRUBB turnover badpass,,,,,,,,,0,10,1.0,turnover,0,0,0,0
08:41,08:41:00,0,0,0,1,1,REGULAR,8,Y. ÖZKAN,1,steal,32,31,[],,0,2,Yigit,Özkan,Yigit,Özkan,Y,Ö,Y,Ö,Y. Özkan,ONVO BÜYÜKÇEKMECE BASKETBOL,BÇB,Y. Özkan,2,,,,,,ST,,ONVO BÜYÜKÇEKMECE BASKETBOL Y. ÖZKAN steal,,,,,,,,,0,11,2.0,,0,0,0,0
08:40,08:40:00,0,0,0,1,1,REGULAR,8,Y. ÖZKAN,1,turnover,33,,[],outofbounds,0,2,Yigit,Özkan,Yigit,Özkan,Y,Ö,Y,Ö,Y. Özkan,ONVO BÜYÜKÇEKMECE BASKETBOL,BÇB,Y. Özkan,2,,,,,,TO,,ONVO BÜYÜKÇEKMECE BASKETBOL Y. ÖZKAN turnover outofbounds,,,,,,,,,0,11,2.0,turnover,0,0,0,0
08:33,08:33:00,0,0,0,2,1,REGULAR,67,D. EFIANAYI JR,0,2pt,35,,['fromturnover'],jumpshot,1,4,David Tinsley Eghosa,Efianayi Jr,David Tinsley Eghosa,Efianayi Jr,D,E,D,E,D. Efianayi Jr,ALİAĞA PETKİM SPOR,PTK,D. Efianayi Jr,4,,,84.269996643066,78.930000305176,0.0,P2,missed,ALİAĞA PETKİM SPOR D. EFIANAYI JR 2Pt missed,,,,,,,,,0,12,1.0,def_reb,0,0,0,0
08:31,08:31:00,0,0,0,1,1,REGULAR,13,K. VAN DER VUURST DE VRIES,1,rebound,36,35,[],defensive,0,1,Keye Jord,Van Der Vuurst De Vries,Keye Jord,Van Der Vuurst De Vries,K,V,K,V,K. Van Der Vuurst De Vries,ONVO BÜYÜKÇEKMECE BASKETBOL,BÇB,K. Van Der Vuurst De Vries,1,,,,,,REB,,ONVO BÜYÜKÇEKMECE BASKETBOL rebound defensive,,,,,,,,,0,13,2.0,def_reb,0,0,0,0
08:22,08:22:00,2,0,2,1,1,REGULAR,4,E. BRUINSMA,1,2pt,37,,[],jumpshot,1,33,Evan John,Bruinsma,Evan John,Bruinsma,E,B,E,B,E. Bruinsma,ONVO BÜYÜKÇEKMECE BASKETBOL,BÇB,E. Bruinsma,33,,,6.2699999809265,10.0,1.0,P2,made,ONVO BÜYÜKÇEKMECE BASKETBOL E. BRUINSMA 2Pt made,13.0,1.0,K. VAN DER VUURST DE VRIES,,,,,,2,14,1.0,score,2,2,0,0
08:22,08:22:00,2,0,2,1,1,REGULAR,13,K. VAN DER VUURST DE VRIES,1,assist,38,37,[],,0,1,Keye Jord,Van Der Vuurst De Vries,Keye Jord,Van Der Vuurst De Vries,K,V,K,V,K. Van Der Vuurst De Vries,ONVO BÜYÜKÇEKMECE BASKETBOL,BÇB,K. Van Der Vuurst De Vries,1,,,,,,ASS,,ONVO BÜYÜKÇEKMECE BASKETBOL K. VAN DER VUURST DE VRIES assist,,,,,,,,,0,15,2.0,,0,2,0,0
08:00,08:00:00,2,3,-1,2,1,REGULAR,70,U. UTOMI,1,3pt,39,,[],jumpshot,1,8,Uzodinma,Utomi,Uzodinma,Utomi,U,U,U,U,U. Utomi,ALİAĞA PETKİM SPOR,PTK,U. Utomi,8,,,87.389999389648,96.720001220703,1.0,P3,made,ALİAĞA PETKİM SPOR U. UTOMI 3Pt made,67.0,2.0,D. EFIANAYI JR,,,,,,3,15,2.0,score,0,2,3,3
08:00,08:00:00,2,3,-1,2,1,REGULAR,67,D. EFIANAYI JR,1,assist,40,39,[],,0,4,David Tinsley Eghosa,Efianayi Jr,David Tinsley Eghosa,Efianayi Jr,D,E,D,E,D. Efianayi Jr,ALİAĞA PETKİM SPOR,PTK,D. Efianayi Jr,4,,,,,,ASS,,ALİAĞA PETKİM SPOR D. EFIANAYI JR assist,,,,,,,,,0,16,1.0,,0,2,0,3
07:49,07:49:00,2,3,-1,2,1,REGULAR,44,T. SAV,1,foul,42,,[],personal,0,15,Troy Selim,Sav,Troy Selim,Sav,T,S,T,S,T. Sav,ALİAĞA PETKİM SPOR,PTK,T. Sav,15,,,,,,FOUL,,ALİAĞA PETKİM SPOR T. SAV foul personal,,,,,,,,,0,16,1.0,,0,2,0,3
07:49,07:49:00,2,3,-1,1,1,REGULAR,13,K. VAN DER VUURST DE VRIES,1,foulon,43,42,[],,0,1,Keye Jord,Van Der Vuurst De Vries,Keye Jord,Van Der Vuurst De Vries,K,V,K,V,K. Van Der Vuurst De Vries,ONVO BÜYÜKÇEKMECE BASKETBOL,BÇB,K. Van Der Vuurst De Vries,1,,,,,,OTHER,,ONVO BÜYÜKÇEKMECE BASKETBOL foulon,,,,,,,,,0,16,1.0,,0,2,0,3
07:45,07:45:00,4,3,1,1,1,REGULAR,13,K. VAN DER VUURST DE VRIES,1,2pt,45,,['pointsinthepaint'],drivinglayup,1,1,Keye Jord,Van Der Vuurst De Vries,Keye Jord,Van Der Vuurst De Vries,K,V,K,V,K. Van Der Vuurst De Vries,ONVO BÜYÜKÇEKMECE BASKETBOL,BÇB,K. Van Der Vuurst De Vries,1,,,6.7399997711182,46.439998626709,1.0,P2,made,ONVO BÜYÜKÇEKMECE BASKETBOL K. VAN DER VUURST DE VRIES 2Pt made,,,,,,,,,2,16,1.0,score,2,4,0,3
07:20,07:20:00,4,6,-2,2,1,REGULAR,98,P. SCRUBB,1,3pt,46,,[],jumpshot,1,23,Philip Alexander,Scrubb,Philip Alexander,Scrubb,P,S,P,S,P. Scrubb,ALİAĞA PETKİM SPOR,PTK,P. Scrubb,23,,,78.809997558594,89.099998474121,1.0,P3,made,ALİAĞA PETKİM SPOR P. SCRUBB 3Pt made,,,,,,,,,3,17,2.0,score,0,4,3,6
06:57,06:57:00,4,6,-2,1,1,REGULAR,5,J. LECQUE,0,3pt,47,,[],jumpshot,1,0,Jalen Evander,Lecque,Jalen Evander,Lecque,J,L,J,L,J. Lecque,ONVO BÜYÜKÇEKMECE BASKETBOL,BÇB,J. Lecque,0,,,19.840000152588,9.1499996185303,0.0,P3,missed,ONVO BÜYÜKÇEKMECE BASKETBOL J. LECQUE 3Pt missed,,,,,,,,,0,18,1.0,def_reb,0,4,0,6
06:55,06:55:00,4,6,-2,2,1,REGULAR,44,T. SAV,1,rebound,48,47,[],defensive,0,15,Troy Selim,Sav,Troy Selim,Sav,T,S,T,S,T. Sav,ALİAĞA PETKİM SPOR,PTK,T. Sav,15,,,,,,REB,,ALİAĞA PETKİM SPOR rebound defensive,,,,,,,,,0,19,2.0,def_reb,0,4,0,6
06:49,06:49:00,4,8,-4,2,1,REGULAR,66,J. FLOYD,1,2pt,49,,"['pointsinthepaint', 'fastbreak']",dunk,1,20,Jehyve Jamal,Floyd,Jehyve Jamal,Floyd,J,F,J,F,J. Floyd,ALİAĞA PETKİM SPOR,PTK,J. Floyd,20,,,93.01000213623,52.659999847412,1.0,P2,made,ALİAĞA PETKİM SPOR J. FLOYD 2Pt made,98.0,2.0,P. SCRUBB,,,,,,2,20,1.0,score,0,4,2,8
06:49,06:49:00,4,8,-4,2,1,REGULAR,98,P. SCRUBB,1,assist,50,49,[],,0,23,Philip Alexander,Scrubb,Philip Alexander,Scrubb,P,S,P,S,P. Scrubb,ALİAĞA PETKİM SPOR,PTK,P. Scrubb,23,,,,,,ASS,,ALİAĞA PETKİM SPOR P. SCRUBB assist,,,,,,,,,0,21,2.0,,0,4,0,8
06:41,06:41:00,4,8,-4,1,1,REGULAR,13,K. VAN DER VUURST DE VRIES,0,3pt,51,,[],jumpshot,1,1,Keye Jord,Van Der Vuurst De Vries,Keye Jord,Van Der Vuurst De Vries,K,V,K,V,K. Van Der Vuurst De Vries,ONVO BÜYÜKÇEKMECE BASKETBOL,BÇB,K. Van Der Vuurst De Vries,1,,,24.680000305176,89.660003662109,0.0,P3,missed,ONVO BÜYÜKÇEKMECE BASKETBOL K. VAN DER VUURST DE VRIES 3Pt missed,,,,,,,,,0,21,2.0,def_reb,0,4,0,8
06:39,06:39:00,4,8,-4,2,1,REGULAR,70,U. UTOMI,1,rebound,52,51,[],defensive,0,8,Uzodinma,Utomi,Uzodinma,Utomi,U,U,U,U,U. Utomi,ALİAĞA PETKİM SPOR,PTK,U. Utomi,8,,,,,,REB,,ALİAĞA PETKİM SPOR rebound defensive,,,,,,,,,0,22,1.0,def_reb,0,4,0,8
06:28,06:28:00,4,8,-4,2,1,REGULAR,67,D. EFIANAYI JR,0,3pt,54,,['blocked'],jumpshot,1,4,David Tinsley Eghosa,Efianayi Jr,David Tinsley Eghosa,Efianayi Jr,D,E,D,E,D. Efianayi Jr,ALİAĞA PETKİM SPOR,PTK,D. Efianayi Jr,4,,,68.830001831055,65.080001831055,0.0,P3,missed,ALİAĞA PETKİM SPOR D. EFIANAYI JR 3Pt missed,,,,8.0,1.0,Y. ÖZKAN,,,0,23,2.0,,0,4,0,8
06:28,06:28:00,4,8,-4,1,1,REGULAR,8,Y. ÖZKAN,1,block,57,54,[],,0,2,Yigit,Özkan,Yigit,Özkan,Y,Ö,Y,Ö,Y. Özkan,ONVO BÜYÜKÇEKMECE BASKETBOL,BÇB,Y. Özkan,2,,,,,,BS,,ONVO BÜYÜKÇEKMECE BASKETBOL Y. ÖZKAN block,,,,,,,,,0,23,2.0,,0,4,0,8
06:26,06:26:00,4,8,-4,2,1,REGULAR,0,,1,rebound,58,54,['team'],offensive,0,,,,,,,,,,,ALİAĞA PETKİM SPOR,PTK,,,,,,,,TREB,,ALİAĞA PETKİM SPOR team rebound offensive,,,,,,,,,0,23,2.0,def_reb,0,4,0,8
06:26,06:26:00,4,8,-4,2,1,REGULAR,66,J. FLOYD,1,substitution,59,,[],out,0,20,Jehyve Jamal,Floyd,Jehyve Jamal,Floyd,J,F,J,F,J. Floyd,ALİAĞA PETKİM SPOR,PTK,J. Floyd,20,,,,,,SUB,out,ALİAĞA PETKİM SPOR substitution out,,,,,,,,,0,24,1.0,,0,4,0,8
06:26,06:26:00,4,8,-4,2,1,REGULAR,64,M. SAJUS,1,substitution,60,,[],in,0,19,Martynas,Sajus,Martynas,Sajus,M,S,M,S,M. Sajus,ALİAĞA PETKİM SPOR,PTK,M. Sajus,19,,,,,,SUB,in,ALİAĞA PETKİM SPOR substitution in,,,,,,,,,0,24,1.0,,0,4,0,8
06:18,06:18:00,4,8,-4,2,1,REGULAR,67,D. EFIANAYI JR,0,2pt,64,,['2ndchance'],floatingjumpshot,1,4,David Tinsley Eghosa,Efianayi Jr,David Tinsley Eghosa,Efianayi Jr,D,E,D,E,D. Efianayi Jr,ALİAĞA PETKİM SPOR,PTK,D. Efianayi Jr,4,,,89.419998168945,67.339996337891,0.0,P2,missed,ALİAĞA PETKİM SPOR D. EFIANAYI JR 2Pt missed,,,,,,,,,0,24,1.0,,0,4,0,8
06:16,06:16:00,4,8,-4,2,1,REGULAR,64,M. SAJUS,1,rebound,65,64,[],offensive,0,19,Martynas,Sajus,Martynas,Sajus,M,S,M,S,M. Sajus,ALİAĞA PETKİM SPOR,PTK,M. Sajus,19,,,,,,REB,,ALİAĞA PETKİM SPOR rebound offensive,,,,,,,,,0,24,1.0,,0,4,0,8
06:11,06:11:00,4,8,-4,1,1,REGULAR,12,A. BANDAOGO,1,foul,67,,"['shooting', '2freethrow']",personal,0,55,Abdou Aziz,Bandaogo,Abdou Aziz,Bandaogo,A,B,A,B,A. Bandaogo,ONVO BÜYÜKÇEKMECE BASKETBOL,BÇB,A. Bandaogo,55,,,,,,FOUL,,ONVO BÜYÜKÇEKMECE BASKETBOL A. BANDAOGO foul personal,,,,,,,,,0,24,1.0,,0,4,0,8
06:11,06:11:00,4,8,-4,2,1,REGULAR,44,T. SAV,1,foulon,68,67,[],,0,15,Troy Selim,Sav,Troy Selim,Sav,T,S,T,S,T. Sav,ALİAĞA PETKİM SPOR,PTK,T. Sav,15,,,,,,OTHER,,ALİAĞA PETKİM SPOR foulon,,,,,,,,,0,24,1.0,,0,4,0,8
06:11,06:11:00,4,9,-5,2,1,REGULAR,44,T. SAV,1,freethrow,69,,['2ndchance'],1of2,1,15,Troy Selim,Sav,Troy Selim,Sav,T,S,T,S,T. Sav,ALİAĞA PETKİM SPOR,PTK,T. Sav,15,,,,,,FT,made,ALİAĞA PETKİM SPOR T. SAV FT 1of2 made,,,,,,,,,1,24,1.0,made_ft,0,4,1,9
06:11,06:11:00,4,9,-5,2,1,REGULAR,70,U. UTOMI,1,assist,70,69,[],,0,8,Uzodinma,Utomi,Uzodinma,Utomi,U,U,U,U,U. Utomi,ALİAĞA PETKİM SPOR,PTK,U. Utomi,8,,,,,,ASS,,ALİAĞA PETKİM SPOR U. UTOMI assist,,,,,,,,,0,25,2.0,,0,4,0,9
06:11,06:11:00,4,9,-5,2,1,REGULAR,44,T. SAV,0,freethrow,71,,['2ndchance'],2of2,1,15,Troy Selim,Sav,Troy Selim,Sav,T,S,T,S,T. Sav,ALİAĞA PETKİM SPOR,PTK,T. Sav,15,,,,,,FT,missed,ALİAĞA PETKİM SPOR T. SAV FT 2of2 missed,,,,,,,,,0,25,2.0,def_reb,0,4,0,9
06:11,06:11:00,4,9,-5,1,1,REGULAR,4,E. BRUINSMA,1,rebound,73,71,[],defensive,0,33,Evan John,Bruinsma,Evan John,Bruinsma,E,B,E,B,E. Bruinsma,ONVO BÜYÜKÇEKMECE BASKETBOL,BÇB,E. Bruinsma,33,,,,,,REB,,ONVO BÜYÜKÇEKMECE BASKETBOL rebound defensive,,,,,,,,,0,26,1.0,def_reb,0,4,0,9
05:58,05:58:00,4,9,-5,1,1,REGULAR,4,E. BRUINSMA,0,2pt,74,,['pointsinthepaint'],floatingjumpshot,1,33,Evan John,Bruinsma,Evan John,Bruinsma,E,B,E,B,E. Bruinsma,ONVO BÜYÜKÇEKMECE BASKETBOL,BÇB,E. Bruinsma,33,,,13.289999961853,44.180000305176,0.0,P2,missed,ONVO BÜYÜKÇEKMECE BASKETBOL E. BRUINSMA 2Pt missed,,,,,,,,,0,27,2.0,,0,4,0,9
05:56,05:56:00,4,9,-5,1,1,REGULAR,4,E. BRUINSMA,1,rebound,75,74,[],offensive,0,33,Evan John,Bruinsma,Evan John,Bruinsma,E,B,E,B,E. Bruinsma,ONVO BÜYÜKÇEKMECE BASKETBOL,BÇB,E. Bruinsma,33,,,,,,REB,,ONVO BÜYÜKÇEKMECE BASKETBOL rebound offensive,,,,,,,,,0,27,2.0,,0,4,0,9
05:54,05:54:00,6,9,-3,1,1,REGULAR,4,E. BRUINSMA,1,2pt,76,,"['2ndchance', 'pointsinthepaint']",layup,1,33,Evan John,Bruinsma,Evan John,Bruinsma,E,B,E,B,E. Bruinsma,ONVO BÜYÜKÇEKMECE BASKETBOL,BÇB,E. Bruinsma,33,,,11.890000343323,50.959999084473,1.0,P2,made,ONVO BÜYÜKÇEKMECE BASKETBOL E. BRUINSMA 2Pt made,,,,,,,,,2,27,2.0,score,2,6,0,9
05:38,05:38:00,6,9,-3,1,1,REGULAR,12,A. BANDAOGO,1,foul,78,,"['shooting', '2freethrow']",personal,0,55,Abdou Aziz,Bandaogo,Abdou Aziz,Bandaogo,A,B,A,B,A. Bandaogo,ONVO BÜYÜKÇEKMECE BASKETBOL,BÇB,A. Bandaogo,55,,,,,,FOUL,,ONVO BÜYÜKÇEKMECE BASKETBOL A. BANDAOGO foul personal,,,,,,,,,0,28,1.0,,0,6,0,9
05:38,05:38:00,6,9,-3,2,1,REGULAR,64,M. SAJUS,1,foulon,79,78,[],,0,19,Martynas,Sajus,Martynas,Sajus,M,S,M,S,M. Sajus,ALİAĞA PETKİM SPOR,PTK,M. Sajus,19,,,,,,OTHER,,ALİAĞA PETKİM SPOR foulon,,,,,,,,,0,28,1.0,,0,6,0,9
05:38,05:38:00,6,10,-4,2,1,REGULAR,64,M. SAJUS,1,freethrow,80,,[],1of2,1,19,Martynas,Sajus,Martynas,Sajus,M,S,M,S,M. Sajus,ALİAĞA PETKİM SPOR,PTK,M. Sajus,19,,,,,,FT,made,ALİAĞA PETKİM SPOR M. SAJUS FT 1of2 made,,,,,,,,,1,28,1.0,made_ft,0,6,1,10
05:38,05:38:00,6,11,-5,2,1,REGULAR,64,M. SAJUS,1,freethrow,81,,[],2of2,1,19,Martynas,Sajus,Martynas,Sajus,M,S,M,S,M. Sajus,ALİAĞA PETKİM SPOR,PTK,M. Sajus,19,,,,,,FT,made,ALİAĞA PETKİM SPOR M. SAJUS FT 2of2 made,,,,,,,,,1,29,2.0,made_ft_last,0,6,1,11
05:21,05:21:00,6,11,-5,1,1,REGULAR,4,E. BRUINSMA,0,3pt,83,,[],jumpshot,1,33,Evan John,Bruinsma,Evan John,Bruinsma,E,B,E,B,E. Bruinsma,ONVO BÜYÜKÇEKMECE BASKETBOL,BÇB,E. Bruinsma,33,,,27.489999771118,71.580001831055,0.0,P3,missed,ONVO BÜYÜKÇEKMECE BASKETBOL E. BRUINSMA 3Pt missed,,,,,,,,,0,30,1.0,def_reb,0,6,0,11
05:19,05:19:00,6,11,-5,1,1,REGULAR,0,,1,rebound,87,83,['team'],offensive,0,,,,,,,,,,,ONVO BÜYÜKÇEKMECE BASKETBOL,BÇB,,,,,,,,TREB,,ONVO BÜYÜKÇEKMECE BASKETBOL team rebound offensive,,,,,,,,,0,31,2.0,def_reb,0,6,0,11
05:19,05:19:00,6,11,-5,2,1,REGULAR,64,M. SAJUS,1,foul,88,,[],personal,0,19,Martynas,Sajus,Martynas,Sajus,M,S,M,S,M. Sajus,ALİAĞA PETKİM SPOR,PTK,M. Sajus,19,,,,,,FOUL,,ALİAĞA PETKİM SPOR M. SAJUS foul personal,,,,,,,,,0,32,1.0,,0,6,0,11
05:19,05:19:00,6,11,-5,1,1,REGULAR,12,A. BANDAOGO,1,foulon,89,88,[],,0,55,Abdou Aziz,Bandaogo,Abdou Aziz,Bandaogo,A,B,A,B,A. Bandaogo,ONVO BÜYÜKÇEKMECE BASKETBOL,BÇB,A. Bandaogo,55,,,,,,OTHER,,ONVO BÜYÜKÇEKMECE BASKETBOL foulon,,,,,,,,,0,32,1.0,,0,6,0,11
05:19,05:19:00,6,11,-5,1,1,REGULAR,12,A. BANDAOGO,1,substitution,90,,[],out,0,55,Abdou Aziz,Bandaogo,Abdou Aziz,Bandaogo,A,B,A,B,A. Bandaogo,ONVO BÜYÜKÇEKMECE BASKETBOL,BÇB,A. Bandaogo,55,,,,,,SUB,out,ONVO BÜYÜKÇEKMECE BASKETBOL substitution out,,,,,,,,,0,32,1.0,,0,6,0,11
05:19,05:19:00,6,11,-5,1,1,REGULAR,11,M. SENLI,1,substitution,91,,[],in,0,65,Muhammed Dogan,Senli,Muhammed Dogan,Senli,M,S,M,S,M. Senli,ONVO BÜYÜKÇEKMECE BASKETBOL,BÇB,M. Senli,65,,,,,,SUB,in,ONVO BÜYÜKÇEKMECE BASKETBOL substitution in,,,,,,,,,0,32,1.0,,0,6,0,11
05:19,05:19:00,6,11,-5,2,1,REGULAR,44,T. SAV,1,substitution,92,,[],out,0,15,Troy Selim,Sav,Troy Selim,Sav,T,S,T,S,T. Sav,ALİAĞA PETKİM SPOR,PTK,T. Sav,15,,,,,,SUB,out,ALİAĞA PETKİM SPOR substitution out,,,,,,,,,0,32,1.0,,0,6,0,11
05:19,05:19:00,6,11,-5,2,1,REGULAR,98,P. SCRUBB,1,substitution,93,,[],out,0,23,Philip Alexander,Scrubb,Philip Alexander,Scrubb,P,S,P,S,P. Scrubb,ALİAĞA PETKİM SPOR,PTK,P. Scrubb,23,,,,,,SUB,out,ALİAĞA PETKİM SPOR substitution out,,,,,,,,,0,32,1.0,,0,6,0,11
05:19,05:19:00,6,11,-5,2,1,REGULAR,65,R. BLUMBERGS,1,substitution,94,,[],in,0,6,Roberts,Blumbergs,Roberts,Blumbergs,R,B,R,B,R. Blumbergs,ALİAĞA PETKİM SPOR,PTK,R. Blumbergs,6,,,,,,SUB,in,ALİAĞA PETKİM SPOR substitution in,,,,,,,,,0,32,1.0,,0,6,0,11
05:19,05:19:00,6,11,-5,2,1,REGULAR,42,Y. SONSIRMA,1,substitution,95,,[],in,0,9,Yunus Emre,Sonsirma,Yunus Emre,Sonsirma,Y,S,Y,S,Y. Sonsirma,ALİAĞA PETKİM SPOR,PTK,Y. Sonsirma,9,,,,,,SUB,in,ALİAĞA PETKİM SPOR substitution in,,,,,,,,,0,32,1.0,,0,6,0,11
05:11,05:11:00,6,11,-5,1,1,REGULAR,11,M. SENLI,0,2pt,97,,"['2ndchance', 'pointsinthepaint']",hookshot,1,65,Muhammed Dogan,Senli,Muhammed Dogan,Senli,M,S,M,S,M. Senli,ONVO BÜYÜKÇEKMECE BASKETBOL,BÇB,M. Senli,65,,,10.170000076294,47.009998321533,0.0,P2,missed,ONVO BÜYÜKÇEKMECE BASKETBOL M. SENLI 2Pt missed,,,,,,,,,0,32,1.0,def_reb,0,6,0,11
05:07,05:07:00,6,11,-5,2,1,REGULAR,70,U. UTOMI,1,rebound,98,97,[],defensive,0,8,Uzodinma,Utomi,Uzodinma,Utomi,U,U,U,U,U. Utomi,ALİAĞA PETKİM SPOR,PTK,U. Utomi,8,,,,,,REB,,ALİAĞA PETKİM SPOR rebound defensive,,,,,,,,,0,33,2.0,def_reb,0,6,0,11
04:48,04:48:00,6,14,-8,2,1,REGULAR,70,U. UTOMI,1,3pt,99,,[],jumpshot,1,8,Uzodinma,Utomi,Uzodinma,Utomi,U,U,U,U,U. Utomi,ALİAĞA PETKİM SPOR,PTK,U. Utomi,8,,,92.540000915527,2.9400000572205,1.0,P3,made,ALİAĞA PETKİM SPOR U. UTOMI 3Pt made,67.0,2.0,D. EFIANAYI JR,,,,,,3,34,1.0,score,0,6,3,14
04:48,04:48:00,6,14,-8,2,1,REGULAR,67,D. EFIANAYI JR,1,assist,100,99,[],,0,4,David Tinsley Eghosa,Efianayi Jr,David Tinsley Eghosa,Efianayi Jr,D,E,D,E,D. Efianayi Jr,ALİAĞA PETKİM SPOR,PTK,D. Efianayi Jr,4,,,,,,ASS,,ALİAĞA PETKİM SPOR D. EFIANAYI JR assist,,,,,,,,,0,35,2.0,,0,6,0,14
04:35,04:35:00,8,14,-6,1,1,REGULAR,13,K. VAN DER VUURST DE VRIES,1,2pt,101,,['pointsinthepaint'],floatingjumpshot,1,1,Keye Jord,Van Der Vuurst De Vries,Keye Jord,Van Der Vuurst De Vries,K,V,K,V,K. Van Der Vuurst De Vries,ONVO BÜYÜKÇEKMECE BASKETBOL,BÇB,K. Van Der Vuurst De Vries,1,,,10.020000457764,43.619998931885,1.0,P2,made,ONVO BÜYÜKÇEKMECE BASKETBOL K. VAN DER VUURST DE VRIES 2Pt made,,,,,,,,,2,35,2.0,score,2,8,0,14
04:18,04:18:00,8,14,-6,2,1,REGULAR,42,Y. SONSIRMA,0,3pt,102,,[],jumpshot,1,9,Yunus Emre,Sonsirma,Yunus Emre,Sonsirma,Y,S,Y,S,Y. Sonsirma,ALİAĞA PETKİM SPOR,PTK,Y. Sonsirma,9,,,71.330001831055,26.10000038147,0.0,P3,missed,ALİAĞA PETKİM SPOR Y. SONSIRMA 3Pt missed,,,,,,,,,0,36,1.0,def_reb,0,8,0,14
04:14,04:14:00,8,14,-6,1,1,REGULAR,11,M. SENLI,1,rebound,103,102,[],defensive,0,65,Muhammed Dogan,Senli,Muhammed Dogan,Senli,M,S,M,S,M. Senli,ONVO BÜYÜKÇEKMECE BASKETBOL,BÇB,M. Senli,65,,,,,,REB,,ONVO BÜYÜKÇEKMECE BASKETBOL rebound defensive,,,,,,,,,0,37,2.0,def_reb,0,8,0,14
04:01,04:01:00,11,14,-3,1,1,REGULAR,13,K. VAN DER VUURST DE VRIES,1,3pt,104,,[],jumpshot,1,1,Keye Jord,Van Der Vuurst De Vries,Keye Jord,Van Der Vuurst De Vries,K,V,K,V,K. Van Der Vuurst De Vries,ONVO BÜYÜKÇEKMECE BASKETBOL,BÇB,K. Van Der Vuurst De Vries,1,,,19.690000534058,94.180000305176,1.0,P3,made,ONVO BÜYÜKÇEKMECE BASKETBOL K. VAN DER VUURST DE VRIES 3Pt made,4.0,1.0,E. BRUINSMA,,,,,,3,38,1.0,score,3,11,0,14
04:01,04:01:00,11,14,-3,1,1,REGULAR,4,E. BRUINSMA,1,assist,105,104,[],,0,33,Evan John,Bruinsma,Evan John,Bruinsma,E,B,E,B,E. Bruinsma,ONVO BÜYÜKÇEKMECE BASKETBOL,BÇB,E. Bruinsma,33,,,,,,ASS,,ONVO BÜYÜKÇEKMECE BASKETBOL E. BRUINSMA assist,,,,,,,,,0,39,2.0,,0,11,0,14
03:43,03:43:00,11,14,-3,2,1,REGULAR,42,Y. SONSIRMA,0,3pt,106,,[],jumpshot,1,9,Yunus Emre,Sonsirma,Yunus Emre,Sonsirma,Y,S,Y,S,Y. Sonsirma,ALİAĞA PETKİM SPOR,PTK,Y. Sonsirma,9,,,76.790000915527,85.709999084473,0.0,P3,missed,ALİAĞA PETKİM SPOR Y. SONSIRMA 3Pt missed,,,,,,,,,0,39,2.0,def_reb,0,11,0,14
03:41,03:41:00,11,14,-3,1,1,REGULAR,4,E. BRUINSMA,1,rebound,107,106,[],defensive,0,33,Evan John,Bruinsma,Evan John,Bruinsma,E,B,E,B,E. Bruinsma,ONVO BÜYÜKÇEKMECE BASKETBOL,BÇB,E. Bruinsma,33,,,,,,REB,,ONVO BÜYÜKÇEKMECE BASKETBOL rebound defensive,,,,,,,,,0,40,1.0,def_reb,0,11,0,14
03:19,03:19:00,13,14,-1,1,1,REGULAR,5,J. LECQUE,1,2pt,108,,['pointsinthepaint'],turnaroundjumpshot,1,0,Jalen Evander,Lecque,Jalen Evander,Lecque,J,L,J,L,J. Lecque,ONVO BÜYÜKÇEKMECE BASKETBOL,BÇB,J. Lecque,0,,,7.8299999237061,52.090000152588,1.0,P2,made,ONVO BÜYÜKÇEKMECE BASKETBOL J. LECQUE 2Pt made,,,,,,,,,2,41,2.0,score,2,13,0,14
02:57,02:57:00,13,14,-1,2,1,REGULAR,67,D. EFIANAYI JR,0,3pt,109,,[],jumpshot,1,4,David Tinsley Eghosa,Efianayi Jr,David Tinsley Eghosa,Efianayi Jr,D,E,D,E,D. Efianayi Jr,ALİAĞA PETKİM SPOR,PTK,D. Efianayi Jr,4,,,67.580001831055,54.349998474121,0.0,P3,missed,ALİAĞA PETKİM SPOR D. EFIANAYI JR 3Pt missed,,,,,,,,,0,42,1.0,def_reb,0,13,0,14
02:54,02:54:00,13,14,-1,1,1,REGULAR,4,E. BRUINSMA,1,rebound,110,109,[],defensive,0,33,Evan John,Bruinsma,Evan John,Bruinsma,E,B,E,B,E. Bruinsma,ONVO BÜYÜKÇEKMECE BASKETBOL,BÇB,E. Bruinsma,33,,,,,,REB,,ONVO BÜYÜKÇEKMECE BASKETBOL rebound defensive,,,,,,,,,0,43,2.0,def_reb,0,13,0,14
02:49,02:49:00,13,14,-1,2,1,REGULAR,70,U. UTOMI,1,foul,114,,[],personal,0,8,Uzodinma,Utomi,Uzodinma,Utomi,U,U,U,U,U. Utomi,ALİAĞA PETKİM SPOR,PTK,U. Utomi,8,,,,,,FOUL,,ALİAĞA PETKİM SPOR U. UTOMI foul personal,,,,,,,,,0,44,1.0,,0,13,0,14
02:49,02:49:00,13,14,-1,1,1,REGULAR,5,J. LECQUE,1,foulon,115,114,[],,0,0,Jalen Evander,Lecque,Jalen Evander,Lecque,J,L,J,L,J. Lecque,ONVO BÜYÜKÇEKMECE BASKETBOL,BÇB,J. Lecque,0,,,,,,OTHER,,ONVO BÜYÜKÇEKMECE BASKETBOL foulon,,,,,,,,,0,44,1.0,,0,13,0,14
02:49,02:49:00,13,14,-1,0,1,REGULAR,0,,1,timeout,116,,[],officials,0,,,,,,,,,,,,,,,,,,,,TIMEOUT,, timeout,,,,,,,,,0,44,1.0,,0,13,0,14
02:49,02:49:00,13,14,-1,2,1,REGULAR,67,D. EFIANAYI JR,1,substitution,117,,[],out,0,4,David Tinsley Eghosa,Efianayi Jr,David Tinsley Eghosa,Efianayi Jr,D,E,D,E,D. Efianayi Jr,ALİAĞA PETKİM SPOR,PTK,D. Efianayi Jr,4,,,,,,SUB,out,ALİAĞA PETKİM SPOR substitution out,,,,,,,,,0,44,1.0,,0,13,0,14
02:49,02:49:00,13,14,-1,2,1,REGULAR,70,U. UTOMI,1,substitution,118,,[],out,0,8,Uzodinma,Utomi,Uzodinma,Utomi,U,U,U,U,U. Utomi,ALİAĞA PETKİM SPOR,PTK,U. Utomi,8,,,,,,SUB,out,ALİAĞA PETKİM SPOR substitution out,,,,,,,,,0,44,1.0,,0,13,0,14
02:49,02:49:00,13,14,-1,2,1,REGULAR,68,Y. FRANKE,1,substitution,119,,[],in,0,5,Yannick Ayrton,Franke,Yannick Ayrton,Franke,Y,F,Y,F,Y. Franke,ALİAĞA PETKİM SPOR,PTK,Y. Franke,5,,,,,,SUB,in,ALİAĞA PETKİM SPOR substitution in,,,,,,,,,0,44,1.0,,0,13,0,14
02:49,02:49:00,13,14,-1,2,1,REGULAR,98,P. SCRUBB,1,substitution,120,,[],in,0,23,Philip Alexander,Scrubb,Philip Alexander,Scrubb,P,S,P,S,P. Scrubb,ALİAĞA PETKİM SPOR,PTK,P. Scrubb,23,,,,,,SUB,in,ALİAĞA PETKİM SPOR substitution in,,,,,,,,,0,44,1.0,,0,13,0,14
02:43,02:43:00,16,14,2,1,1,REGULAR,13,K. VAN DER VUURST DE VRIES,1,3pt,122,,[],jumpshot,1,1,Keye Jord,Van Der Vuurst De Vries,Keye Jord,Van Der Vuurst De Vries,K,V,K,V,K. Van Der Vuurst De Vries,ONVO BÜYÜKÇEKMECE BASKETBOL,BÇB,K. Van Der Vuurst De Vries,1,,,27.799999237061,28.079999923706,1.0,P3,made,ONVO BÜYÜKÇEKMECE BASKETBOL K. VAN DER VUURST DE VRIES 3Pt made,,,,,,,,,3,44,1.0,score,3,16,0,14
02:16,02:16:00,16,14,2,2,1,REGULAR,65,R. BLUMBERGS,0,3pt,123,,[],jumpshot,1,6,Roberts,Blumbergs,Roberts,Blumbergs,R,B,R,B,R. Blumbergs,ALİAĞA PETKİM SPOR,PTK,R. Blumbergs,6,,,95.660003662109,3.5,0.0,P3,missed,ALİAĞA PETKİM SPOR R. BLUMBERGS 3Pt missed,,,,,,,,,0,45,2.0,,0,16,0,14
02:14,02:14:00,16,14,2,2,1,REGULAR,64,M. SAJUS,1,rebound,124,123,[],offensive,0,19,Martynas,Sajus,Martynas,Sajus,M,S,M,S,M. Sajus,ALİAĞA PETKİM SPOR,PTK,M. Sajus,19,,,,,,REB,,ALİAĞA PETKİM SPOR rebound offensive,,,,,,,,,0,45,2.0,,0,16,0,14
02:12,02:12:00,16,14,2,2,1,REGULAR,68,Y. FRANKE,0,3pt,125,,['2ndchance'],jumpshot,1,5,Yannick Ayrton,Franke,Yannick Ayrton,Franke,Y,F,Y,F,Y. Franke,ALİAĞA PETKİM SPOR,PTK,Y. Franke,5,,,78.349998474121,87.120002746582,0.0,P3,missed,ALİAĞA PETKİM SPOR Y. FRANKE 3Pt missed,,,,,,,,,0,45,2.0,def_reb,0,16,0,14
02:10,02:10:00,16,14,2,1,1,REGULAR,4,E. BRUINSMA,1,rebound,126,125,[],defensive,0,33,Evan John,Bruinsma,Evan John,Bruinsma,E,B,E,B,E. Bruinsma,ONVO BÜYÜKÇEKMECE BASKETBOL,BÇB,E. Bruinsma,33,,,,,,REB,,ONVO BÜYÜKÇEKMECE BASKETBOL rebound defensive,,,,,,,,,0,46,1.0,def_reb,0,16,0,14
01:48,01:48:00,16,14,2,1,1,REGULAR,13,K. VAN DER VUURST DE VRIES,0,2pt,127,,['pointsinthepaint'],pullupjumpshot,1,1,Keye Jord,Van Der Vuurst De Vries,Keye Jord,Van Der Vuurst De Vries,K,V,K,V,K. Van Der Vuurst De Vries,ONVO BÜYÜKÇEKMECE BASKETBOL,BÇB,K. Van Der Vuurst De Vries,1,,,11.729999542236,49.830001831055,0.0,P2,missed,ONVO BÜYÜKÇEKMECE BASKETBOL K. VAN DER VUURST DE VRIES 2Pt missed,,,,,,,,,0,47,2.0,def_reb,0,16,0,14
01:46,01:46:00,16,14,2,2,1,REGULAR,64,M. SAJUS,1,rebound,128,127,[],defensive,0,19,Martynas,Sajus,Martynas,Sajus,M,S,M,S,M. Sajus,ALİAĞA PETKİM SPOR,PTK,M. Sajus,19,,,,,,REB,,ALİAĞA PETKİM SPOR rebound defensive,,,,,,,,,0,48,1.0,def_reb,0,16,0,14
01:43,01:43:00,16,14,2,1,1,REGULAR,8,Y. ÖZKAN,1,foul,130,,[],personal,0,2,Yigit,Özkan,Yigit,Özkan,Y,Ö,Y,Ö,Y. Özkan,ONVO BÜYÜKÇEKMECE BASKETBOL,BÇB,Y. Özkan,2,,,,,,FOUL,,ONVO BÜYÜKÇEKMECE BASKETBOL Y. ÖZKAN foul personal,,,,,,,,,0,49,2.0,,0,16,0,14
01:43,01:43:00,16,14,2,2,1,REGULAR,68,Y. FRANKE,1,foulon,131,130,[],,0,5,Yannick Ayrton,Franke,Yannick Ayrton,Franke,Y,F,Y,F,Y. Franke,ALİAĞA PETKİM SPOR,PTK,Y. Franke,5,,,,,,OTHER,,ALİAĞA PETKİM SPOR foulon,,,,,,,,,0,49,2.0,,0,16,0,14
01:43,01:43:00,16,14,2,1,1,REGULAR,8,Y. ÖZKAN,1,substitution,132,,[],out,0,2,Yigit,Özkan,Yigit,Özkan,Y,Ö,Y,Ö,Y. Özkan,ONVO BÜYÜKÇEKMECE BASKETBOL,BÇB,Y. Özkan,2,,,,,,SUB,out,ONVO BÜYÜKÇEKMECE BASKETBOL substitution out,,,,,,,,,0,49,2.0,,0,16,0,14
01:43,01:43:00,16,14,2,1,1,REGULAR,6,J. JOHNSON,1,substitution,133,,[],in,0,92,Jaron Tremel,Johnson,Jaron Tremel,Johnson,J,J,J,J,J. Johnson,ONVO BÜYÜKÇEKMECE BASKETBOL,BÇB,J. Johnson,92,,,,,,SUB,in,ONVO BÜYÜKÇEKMECE BASKETBOL substitution in,,,,,,,,,0,49,2.0,,0,16,0,14
01:32,01:32:00,16,16,0,2,1,REGULAR,64,M. SAJUS,1,2pt,135,,['pointsinthepaint'],layup,1,19,Martynas,Sajus,Martynas,Sajus,M,S,M,S,M. Sajus,ALİAĞA PETKİM SPOR,PTK,M. Sajus,19,,,94.410003662109,54.349998474121,1.0,P2,made,ALİAĞA PETKİM SPOR M. SAJUS 2Pt made,68.0,2.0,Y. FRANKE,,,,,,2,49,2.0,score,0,16,2,16
01:32,01:32:00,16,16,0,2,1,REGULAR,68,Y. FRANKE,1,assist,136,135,[],,0,5,Yannick Ayrton,Franke,Yannick Ayrton,Franke,Y,F,Y,F,Y. Franke,ALİAĞA PETKİM SPOR,PTK,Y. Franke,5,,,,,,ASS,,ALİAĞA PETKİM SPOR Y. FRANKE assist,,,,,,,,,0,50,1.0,,0,16,0,16
01:11,01:11:00,16,16,0,1,1,REGULAR,11,M. SENLI,1,turnover,138,,[],badpass,0,65,Muhammed Dogan,Senli,Muhammed Dogan,Senli,M,S,M,S,M. Senli,ONVO BÜYÜKÇEKMECE BASKETBOL,BÇB,M. Senli,65,,,,,,TO,,ONVO BÜYÜKÇEKMECE BASKETBOL M. SENLI turnover badpass,,,,,,,,,0,50,1.0,turnover,0,16,0,16
00:58,00:58:00,16,16,0,2,1,REGULAR,68,Y. FRANKE,0,3pt,140,,['fromturnover'],jumpshot,1,5,Yannick Ayrton,Franke,Yannick Ayrton,Franke,Y,F,Y,F,Y. Franke,ALİAĞA PETKİM SPOR,PTK,Y. Franke,5,,,80.690002441406,10.560000419617,0.0,P3,missed,ALİAĞA PETKİM SPOR Y. FRANKE 3Pt missed,,,,,,,,,0,51,2.0,def_reb,0,16,0,16
00:55,00:55:70,16,16,0,1,1,REGULAR,4,E. BRUINSMA,1,rebound,141,140,[],defensive,0,33,Evan John,Bruinsma,Evan John,Bruinsma,E,B,E,B,E. Bruinsma,ONVO BÜYÜKÇEKMECE BASKETBOL,BÇB,E. Bruinsma,33,,,,,,REB,,ONVO BÜYÜKÇEKMECE BASKETBOL rebound defensive,,,,,,,,,0,52,1.0,def_reb,0,16,0,16
00:49,00:49:50,16,16,0,2,1,REGULAR,68,Y. FRANKE,1,foul,145,,[],personal,0,5,Yannick Ayrton,Franke,Yannick Ayrton,Franke,Y,F,Y,F,Y. Franke,ALİAĞA PETKİM SPOR,PTK,Y. Franke,5,,,,,,FOUL,,ALİAĞA PETKİM SPOR Y. FRANKE foul personal,,,,,,,,,0,53,2.0,,0,16,0,16
00:49,00:49:50,16,16,0,1,1,REGULAR,5,J. LECQUE,1,foulon,146,145,[],,0,0,Jalen Evander,Lecque,Jalen Evander,Lecque,J,L,J,L,J. Lecque,ONVO BÜYÜKÇEKMECE BASKETBOL,BÇB,J. Lecque,0,,,,,,OTHER,,ONVO BÜYÜKÇEKMECE BASKETBOL foulon,,,,,,,,,0,53,2.0,,0,16,0,16
00:49,00:49:50,16,16,0,2,1,REGULAR,64,M. SAJUS,1,substitution,147,,[],out,0,19,Martynas,Sajus,Martynas,Sajus,M,S,M,S,M. Sajus,ALİAĞA PETKİM SPOR,PTK,M. Sajus,19,,,,,,SUB,out,ALİAĞA PETKİM SPOR substitution out,,,,,,,,,0,53,2.0,,0,16,0,16
00:49,00:49:50,16,16,0,2,1,REGULAR,66,J. FLOYD,1,substitution,148,,[],in,0,20,Jehyve Jamal,Floyd,Jehyve Jamal,Floyd,J,F,J,F,J. Floyd,ALİAĞA PETKİM SPOR,PTK,J. Floyd,20,,,,,,SUB,in,ALİAĞA PETKİM SPOR substitution in,,,,,,,,,0,53,2.0,,0,16,0,16
00:46,00:46:10,16,16,0,1,1,REGULAR,4,E. BRUINSMA,1,turnover,151,,[],outofbounds,0,33,Evan John,Bruinsma,Evan John,Bruinsma,E,B,E,B,E. Bruinsma,ONVO BÜYÜKÇEKMECE BASKETBOL,BÇB,E. Bruinsma,33,,,,,,TO,,ONVO BÜYÜKÇEKMECE BASKETBOL E. BRUINSMA turnover outofbounds,,,,,,,,,0,53,2.0,turnover,0,16,0,16
00:36,00:36:60,16,16,0,2,1,REGULAR,42,Y. SONSIRMA,0,3pt,153,,['fromturnover'],jumpshot,1,9,Yunus Emre,Sonsirma,Yunus Emre,Sonsirma,Y,S,Y,S,Y. Sonsirma,ALİAĞA PETKİM SPOR,PTK,Y. Sonsirma,9,,,89.269996643066,2.6600000858307,0.0,P3,missed,ALİAĞA PETKİM SPOR Y. SONSIRMA 3Pt missed,,,,,,,,,0,54,1.0,def_reb,0,16,0,16
00:34,00:34:00,16,16,0,1,1,REGULAR,4,E. BRUINSMA,1,rebound,154,153,[],defensive,0,33,Evan John,Bruinsma,Evan John,Bruinsma,E,B,E,B,E. Bruinsma,ONVO BÜYÜKÇEKMECE BASKETBOL,BÇB,E. Bruinsma,33,,,,,,REB,,ONVO BÜYÜKÇEKMECE BASKETBOL rebound defensive,,,,,,,,,0,55,2.0,def_reb,0,16,0,16
00:25,00:25:70,16,16,0,1,1,REGULAR,6,J. JOHNSON,0,2pt,155,,['pointsinthepaint'],reverselayup,1,92,Jaron Tremel,Johnson,Jaron Tremel,Johnson,J,J,J,J,J. Johnson,ONVO BÜYÜKÇEKMECE BASKETBOL,BÇB,J. Johnson,92,,,5.1799998283386,54.349998474121,0.0,P2,missed,ONVO BÜYÜKÇEKMECE BASKETBOL J. JOHNSON 2Pt missed,,,,,,,,,0,56,1.0,def_reb,0,16,0,16
00:22,00:22:60,16,16,0,2,1,REGULAR,42,Y. SONSIRMA,1,rebound,156,155,[],defensive,0,9,Yunus Emre,Sonsirma,Yunus Emre,Sonsirma,Y,S,Y,S,Y. Sonsirma,ALİAĞA PETKİM SPOR,PTK,Y. Sonsirma,9,,,,,,REB,,ALİAĞA PETKİM SPOR rebound defensive,,,,,,,,,0,57,2.0,def_reb,0,16,0,16
00:18,00:18:80,16,19,-3,2,1,REGULAR,65,R. BLUMBERGS,1,3pt,157,,['fastbreak'],jumpshot,1,6,Roberts,Blumbergs,Roberts,Blumbergs,R,B,R,B,R. Blumbergs,ALİAĞA PETKİM SPOR,PTK,R. Blumbergs,6,,,95.819999694824,4.0700001716614,1.0,P3,made,ALİAĞA PETKİM SPOR R. BLUMBERGS 3Pt made,68.0,2.0,Y. FRANKE,,,,,,3,58,1.0,score,0,16,3,19
00:18,00:18:80,16,19,-3,2,1,REGULAR,68,Y. FRANKE,1,assist,158,157,[],,0,5,Yannick Ayrton,Franke,Yannick Ayrton,Franke,Y,F,Y,F,Y. Franke,ALİAĞA PETKİM SPOR,PTK,Y. Franke,5,,,,,,ASS,,ALİAĞA PETKİM SPOR Y. FRANKE assist,,,,,,,,,0,59,2.0,,0,16,0,19
00:04,00:04:60,16,19,-3,2,1,REGULAR,42,Y. SONSIRMA,1,foul,160,,['2freethrow'],personal,0,9,Yunus Emre,Sonsirma,Yunus Emre,Sonsirma,Y,S,Y,S,Y. Sonsirma,ALİAĞA PETKİM SPOR,PTK,Y. Sonsirma,9,,,,,,FOUL,,ALİAĞA PETKİM SPOR Y. SONSIRMA foul personal,,,,,,,,,0,59,2.0,,0,16,0,19
00:04,00:04:60,16,19,-3,1,1,REGULAR,11,M. SENLI,1,foulon,161,160,[],,0,65,Muhammed Dogan,Senli,Muhammed Dogan,Senli,M,S,M,S,M. Senli,ONVO BÜYÜKÇEKMECE BASKETBOL,BÇB,M. Senli,65,,,,,,OTHER,,ONVO BÜYÜKÇEKMECE BASKETBOL foulon,,,,,,,,,0,59,2.0,,0,16,0,19
00:04,00:04:60,16,19,-3,1,1,REGULAR,4,E. BRUINSMA,1,substitution,162,,[],out,0,33,Evan John,Bruinsma,Evan John,Bruinsma,E,B,E,B,E. Bruinsma,ONVO BÜYÜKÇEKMECE BASKETBOL,BÇB,E. Bruinsma,33,,,,,,SUB,out,ONVO BÜYÜKÇEKMECE BASKETBOL substitution out,,,,,,,,,0,59,2.0,,0,16,0,19
00:04,00:04:60,16,19,-3,1,1,REGULAR,10,M. TÜREN,1,substitution,163,,[],in,0,7,Metin,Türen,Metin,Türen,M,T,M,T,M. Türen,ONVO BÜYÜKÇEKMECE BASKETBOL,BÇB,M. Türen,7,,,,,,SUB,in,ONVO BÜYÜKÇEKMECE BASKETBOL substitution in,,,,,,,,,0,59,2.0,,0,16,0,19
00:04,00:04:60,17,19,-2,1,1,REGULAR,11,M. SENLI,1,freethrow,164,,[],1of2,1,65,Muhammed Dogan,Senli,Muhammed Dogan,Senli,M,S,M,S,M. Senli,ONVO BÜYÜKÇEKMECE BASKETBOL,BÇB,M. Senli,65,,,,,,FT,made,ONVO BÜYÜKÇEKMECE BASKETBOL M. SENLI FT 1of2 made,,,,,,,,,1,59,2.0,made_ft,1,17,0,19
00:04,00:04:60,18,19,-1,1,1,REGULAR,11,M. SENLI,1,freethrow,165,,[],2of2,1,65,Muhammed Dogan,Senli,Muhammed Dogan,Senli,M,S,M,S,M. Senli,ONVO BÜYÜKÇEKMECE BASKETBOL,BÇB,M. Senli,65,,,,,,FT,made,ONVO BÜYÜKÇEKMECE BASKETBOL M. SENLI FT 2of2 made,,,,,,,,,1,60,1.0,made_ft_last,1,18,0,19
00:01,00:01:50,18,19,-1,2,1,REGULAR,98,P. SCRUBB,0,2pt,167,,[],fadeaway,1,23,Philip Alexander,Scrubb,Philip Alexander,Scrubb,P,S,P,S,P. Scrubb,ALİAĞA PETKİM SPOR,PTK,P. Scrubb,23,,,74.449996948242,55.479999542236,0.0,P2,missed,ALİAĞA PETKİM SPOR P. SCRUBB 2Pt missed,,,,,,,,,0,61,2.0,,0,18,0,19
00:00,00:00:00,18,19,-1,0,1,REGULAR,0,,1,period,169,,['confirmed'],end,0,,,,,,,,,,,,,,,,,,,,OTHER,,period end,,,,,,,,,0,61,2.0,,0,18,0,19
10:00,10:00:00,18,19,-1,0,2,REGULAR,0,,1,period,170,,[],start,0,,,,,,,,,,,,,,,,,,,,OTHER,,period start,,,,,,,,,0,61,2.0,,0,18,0,19
09:43,09:43:00,18,19,-1,1,2,REGULAR,10,M. TÜREN,0,3pt,174,,[],jumpshot,1,7,Metin,Türen,Metin,Türen,M,T,M,T,M. Türen,ONVO BÜYÜKÇEKMECE BASKETBOL,BÇB,M. Türen,7,,,10.949999809265,95.879997253418,0.0,P3,missed,ONVO BÜYÜKÇEKMECE BASKETBOL M. TÜREN 3Pt missed,,,,,,,,,0,61,2.0,def_reb,0,18,0,19
09:41,09:41:00,18,19,-1,2,2,REGULAR,66,J. FLOYD,1,rebound,175,174,[],defensive,0,20,Jehyve Jamal,Floyd,Jehyve Jamal,Floyd,J,F,J,F,J. Floyd,ALİAĞA PETKİM SPOR,PTK,J. Floyd,20,,,,,,REB,,ALİAĞA PETKİM SPOR rebound defensive,,,,,,,,,0,62,1.0,def_reb,0,18,0,19
09:29,09:29:00,18,22,-4,2,2,REGULAR,65,R. BLUMBERGS,1,3pt,176,,[],jumpshot,1,6,Roberts,Blumbergs,Roberts,Blumbergs,R,B,R,B,R. Blumbergs,ALİAĞA PETKİM SPOR,PTK,R. Blumbergs,6,,,96.129997253418,3.5,1.0,P3,made,ALİAĞA PETKİM SPOR R. BLUMBERGS 3Pt made,42.0,2.0,Y. SONSIRMA,,,,,,3,63,2.0,score,0,18,3,22
09:29,09:29:00,18,22,-4,2,2,REGULAR,42,Y. SONSIRMA,1,assist,177,176,[],,0,9,Yunus Emre,Sonsirma,Yunus Emre,Sonsirma,Y,S,Y,S,Y. Sonsirma,ALİAĞA PETKİM SPOR,PTK,Y. Sonsirma,9,,,,,,ASS,,ALİAĞA PETKİM SPOR Y. SONSIRMA assist,,,,,,,,,0,64,1.0,,0,18,0,22
09:08,09:08:00,18,22,-4,1,2,REGULAR,6,J. JOHNSON,0,2pt,178,,['pointsinthepaint'],floatingjumpshot,1,92,Jaron Tremel,Johnson,Jaron Tremel,Johnson,J,J,J,J,J. Johnson,ONVO BÜYÜKÇEKMECE BASKETBOL,BÇB,J. Johnson,92,,,8.3000001907349,60.0,0.0,P2,missed,ONVO BÜYÜKÇEKMECE BASKETBOL J. JOHNSON 2Pt missed,,,,,,,,,0,64,1.0,def_reb,0,18,0,22
09:06,09:06:00,18,22,-4,2,2,REGULAR,98,P. SCRUBB,1,rebound,179,178,[],defensive,0,23,Philip Alexander,Scrubb,Philip Alexander,Scrubb,P,S,P,S,P. Scrubb,ALİAĞA PETKİM SPOR,PTK,P. Scrubb,23,,,,,,REB,,ALİAĞA PETKİM SPOR rebound defensive,,,,,,,,,0,65,2.0,def_reb,0,18,0,22
08:59,08:59:00,18,22,-4,2,2,REGULAR,65,R. BLUMBERGS,0,2pt,180,,"['pointsinthepaint', 'blocked']",layup,1,6,Roberts,Blumbergs,Roberts,Blumbergs,R,B,R,B,R. Blumbergs,ALİAĞA PETKİM SPOR,PTK,R. Blumbergs,6,,,95.660003662109,43.900001525879,0.0,P2,missed,ALİAĞA PETKİM SPOR R. BLUMBERGS 2Pt missed,,,,6.0,1.0,J. JOHNSON,,,0,66,1.0,,0,18,0,22
08:59,08:59:00,18,22,-4,1,2,REGULAR,6,J. JOHNSON,1,block,184,180,[],,0,92,Jaron Tremel,Johnson,Jaron Tremel,Johnson,J,J,J,J,J. Johnson,ONVO BÜYÜKÇEKMECE BASKETBOL,BÇB,J. Johnson,92,,,,,,BS,,ONVO BÜYÜKÇEKMECE BASKETBOL J. JOHNSON block,,,,,,,,,0,66,1.0,,0,18,0,22
08:57,08:57:00,18,22,-4,1,2,REGULAR,0,,1,rebound,185,180,['team'],defensive,0,,,,,,,,,,,ONVO BÜYÜKÇEKMECE BASKETBOL,BÇB,,,,,,,,TREB,,ONVO BÜYÜKÇEKMECE BASKETBOL team rebound defensive,,,,,,,,,0,66,1.0,def_reb,0,18,0,22
08:57,08:57:00,18,22,-4,1,2,REGULAR,0,,1,headcoachchallenge,186,,['accepted'],outofbounds,0,,,,,,,,,,,ONVO BÜYÜKÇEKMECE BASKETBOL,BÇB,,,,,,,,OTHER,,ONVO BÜYÜKÇEKMECE BASKETBOL headcoachchallenge outofbounds,,,,,,,,,0,67,2.0,,0,18,0,22
08:39,08:39:00,18,22,-4,1,2,REGULAR,13,K. VAN DER VUURST DE VRIES,0,2pt,188,,['pointsinthepaint'],floatingjumpshot,1,1,Keye Jord,Van Der Vuurst De Vries,Keye Jord,Van Der Vuurst De Vries,K,V,K,V,K. Van Der Vuurst De Vries,ONVO BÜYÜKÇEKMECE BASKETBOL,BÇB,K. Van Der Vuurst De Vries,1,,,17.5,55.479999542236,0.0,P2,missed,ONVO BÜYÜKÇEKMECE BASKETBOL K. VAN DER VUURST DE VRIES 2Pt missed,,,,,,,,,0,67,2.0,def_reb,0,18,0,22
08:37,08:37:00,18,22,-4,2,2,REGULAR,0,,1,rebound,190,188,['team'],defensive,0,,,,,,,,,,,ALİAĞA PETKİM SPOR,PTK,,,,,,,,TREB,,ALİAĞA PETKİM SPOR team rebound defensive,,,,,,,,,0,68,1.0,def_reb,0,18,0,22
08:37,08:37:00,18,22,-4,1,2,REGULAR,11,M. SENLI,1,foul,191,,[],personal,0,65,Muhammed Dogan,Senli,Muhammed Dogan,Senli,M,S,M,S,M. Senli,ONVO BÜYÜKÇEKMECE BASKETBOL,BÇB,M. Senli,65,,,,,,FOUL,,ONVO BÜYÜKÇEKMECE BASKETBOL M. SENLI foul personal,,,,,,,,,0,69,2.0,,0,18,0,22
08:37,08:37:00,18,22,-4,2,2,REGULAR,66,J. FLOYD,1,foulon,192,191,[],,0,20,Jehyve Jamal,Floyd,Jehyve Jamal,Floyd,J,F,J,F,J. Floyd,ALİAĞA PETKİM SPOR,PTK,J. Floyd,20,,,,,,OTHER,,ALİAĞA PETKİM SPOR foulon,,,,,,,,,0,69,2.0,,0,18,0,22
08:37,08:37:00,18,22,-4,1,2,REGULAR,13,K. VAN DER VUURST DE VRIES,1,substitution,193,,[],out,0,1,Keye Jord,Van Der Vuurst De Vries,Keye Jord,Van Der Vuurst De Vries,K,V,K,V,K. Van Der Vuurst De Vries,ONVO BÜYÜKÇEKMECE BASKETBOL,BÇB,K. Van Der Vuurst De Vries,1,,,,,,SUB,out,ONVO BÜYÜKÇEKMECE BASKETBOL substitution out,,,,,,,,,0,69,2.0,,0,18,0,22
08:37,08:37:00,18,22,-4,1,2,REGULAR,7,S. PIPES JR,1,substitution,194,,[],in,0,11,Shawn Oneal,Pipes Jr,Shawn Oneal,Pipes Jr,S,P,S,P,S. Pipes Jr,ONVO BÜYÜKÇEKMECE BASKETBOL,BÇB,S. Pipes Jr,11,,,,,,SUB,in,ONVO BÜYÜKÇEKMECE BASKETBOL substitution in,,,,,,,,,0,69,2.0,,0,18,0,22
08:24,08:24:00,18,25,-7,2,2,REGULAR,65,R. BLUMBERGS,1,3pt,196,,[],jumpshot,1,6,Roberts,Blumbergs,Roberts,Blumbergs,R,B,R,B,R. Blumbergs,ALİAĞA PETKİM SPOR,PTK,R. Blumbergs,6,,,91.76000213623,96.440002441406,1.0,P3,made,ALİAĞA PETKİM SPOR R. BLUMBERGS 3Pt made,42.0,2.0,Y. SONSIRMA,,,,,,3,69,2.0,score,0,18,3,25
08:24,08:24:00,18,25,-7,2,2,REGULAR,42,Y. SONSIRMA,1,assist,197,196,[],,0,9,Yunus Emre,Sonsirma,Yunus Emre,Sonsirma,Y,S,Y,S,Y. Sonsirma,ALİAĞA PETKİM SPOR,PTK,Y. Sonsirma,9,,,,,,ASS,,ALİAĞA PETKİM SPOR Y. SONSIRMA assist,,,,,,,,,0,70,1.0,,0,18,0,25
08:18,08:18:00,18,25,-7,1,2,REGULAR,0,,1,timeout,199,,[],full,0,,,,,,,,,,,ONVO BÜYÜKÇEKMECE BASKETBOL,BÇB,,,,,,,,TIMEOUT,,ONVO BÜYÜKÇEKMECE BASKETBOL timeout,,,,,,,,,0,70,1.0,,0,18,0,25
08:18,08:18:00,18,25,-7,0,2,REGULAR,0,,1,timeout,200,,[],officials,0,,,,,,,,,,,,,,,,,,,,TIMEOUT,, timeout,,,,,,,,,0,70,1.0,,0,18,0,25
08:08,08:08:00,20,25,-5,1,2,REGULAR,7,S. PIPES JR,1,2pt,203,,['pointsinthepaint'],layup,1,11,Shawn Oneal,Pipes Jr,Shawn Oneal,Pipes Jr,S,P,S,P,S. Pipes Jr,ONVO BÜYÜKÇEKMECE BASKETBOL,BÇB,S. Pipes Jr,11,,,5.1799998283386,45.029998779297,1.0,P2,made,ONVO BÜYÜKÇEKMECE BASKETBOL S. PIPES JR 2Pt made,,,,,,,,,2,70,1.0,score,2,20,0,25
08:08,08:08:00,20,25,-5,2,2,REGULAR,98,P. SCRUBB,1,foul,204,,"['shooting', '1freethrow']",personal,0,23,Philip Alexander,Scrubb,Philip Alexander,Scrubb,P,S,P,S,P. Scrubb,ALİAĞA PETKİM SPOR,PTK,P. Scrubb,23,,,,,,FOUL,,ALİAĞA PETKİM SPOR P. SCRUBB foul personal,,,,,,,,,0,71,2.0,,0,20,0,25
08:08,08:08:00,20,25,-5,1,2,REGULAR,7,S. PIPES JR,1,foulon,205,204,[],,0,11,Shawn Oneal,Pipes Jr,Shawn Oneal,Pipes Jr,S,P,S,P,S. Pipes Jr,ONVO BÜYÜKÇEKMECE BASKETBOL,BÇB,S. Pipes Jr,11,,,,,,OTHER,,ONVO BÜYÜKÇEKMECE BASKETBOL foulon,,,,,,,,,0,71,2.0,,0,20,0,25
08:08,08:08:00,21,25,-4,1,2,REGULAR,7,S. PIPES JR,1,freethrow,206,,[],1of1,1,11,Shawn Oneal,Pipes Jr,Shawn Oneal,Pipes Jr,S,P,S,P,S. Pipes Jr,ONVO BÜYÜKÇEKMECE BASKETBOL,BÇB,S. Pipes Jr,11,,,,,,FT,made,ONVO BÜYÜKÇEKMECE BASKETBOL S. PIPES JR FT 1of1 made,,,,,,,,,1,71,2.0,made_ft_last,1,21,0,25
07:51,07:51:00,21,25,-4,2,2,REGULAR,68,Y. FRANKE,0,3pt,208,,[],jumpshot,1,5,Yannick Ayrton,Franke,Yannick Ayrton,Franke,Y,F,Y,F,Y. Franke,ALİAĞA PETKİM SPOR,PTK,Y. Franke,5,,,76.01000213623,84.860000610352,0.0,P3,missed,ALİAĞA PETKİM SPOR Y. FRANKE 3Pt missed,,,,,,,,,0,72,1.0,def_reb,0,21,0,25
07:48,07:48:00,21,25,-4,1,2,REGULAR,10,M. TÜREN,1,rebound,209,208,[],defensive,0,7,Metin,Türen,Metin,Türen,M,T,M,T,M. Türen,ONVO BÜYÜKÇEKMECE BASKETBOL,BÇB,M. Türen,7,,,,,,REB,,ONVO BÜYÜKÇEKMECE BASKETBOL rebound defensive,,,,,,,,,0,73,2.0,def_reb,0,21,0,25
07:41,07:41:00,21,25,-4,2,2,REGULAR,66,J. FLOYD,1,foul,213,,"['shooting', '2freethrow']",personal,0,20,Jehyve Jamal,Floyd,Jehyve Jamal,Floyd,J,F,J,F,J. Floyd,ALİAĞA PETKİM SPOR,PTK,J. Floyd,20,,,,,,FOUL,,ALİAĞA PETKİM SPOR J. FLOYD foul personal,,,,,,,,,0,74,1.0,,0,21,0,25
07:41,07:41:00,21,25,-4,1,2,REGULAR,5,J. LECQUE,1,foulon,214,213,[],,0,0,Jalen Evander,Lecque,Jalen Evander,Lecque,J,L,J,L,J. Lecque,ONVO BÜYÜKÇEKMECE BASKETBOL,BÇB,J. Lecque,0,,,,,,OTHER,,ONVO BÜYÜKÇEKMECE BASKETBOL foulon,,,,,,,,,0,74,1.0,,0,21,0,25
07:41,07:41:00,21,25,-4,1,2,REGULAR,11,M. SENLI,1,substitution,215,,[],out,0,65,Muhammed Dogan,Senli,Muhammed Dogan,Senli,M,S,M,S,M. Senli,ONVO BÜYÜKÇEKMECE BASKETBOL,BÇB,M. Senli,65,,,,,,SUB,out,ONVO BÜYÜKÇEKMECE BASKETBOL substitution out,,,,,,,,,0,74,1.0,,0,21,0,25
07:41,07:41:00,21,25,-4,1,2,REGULAR,12,A. BANDAOGO,1,substitution,216,,[],in,0,55,Abdou Aziz,Bandaogo,Abdou Aziz,Bandaogo,A,B,A,B,A. Bandaogo,ONVO BÜYÜKÇEKMECE BASKETBOL,BÇB,A. Bandaogo,55,,,,,,SUB,in,ONVO BÜYÜKÇEKMECE BASKETBOL substitution in,,,,,,,,,0,74,1.0,,0,21,0,25
07:41,07:41:00,21,25,-4,2,2,REGULAR,68,Y. FRANKE,1,substitution,217,,[],out,0,5,Yannick Ayrton,Franke,Yannick Ayrton,Franke,Y,F,Y,F,Y. Franke,ALİAĞA PETKİM SPOR,PTK,Y. Franke,5,,,,,,SUB,out,ALİAĞA PETKİM SPOR substitution out,,,,,,,,,0,74,1.0,,0,21,0,25
07:41,07:41:00,21,25,-4,2,2,REGULAR,67,D. EFIANAYI JR,1,substitution,218,,[],in,0,4,David Tinsley Eghosa,Efianayi Jr,David Tinsley Eghosa,Efianayi Jr,D,E,D,E,D. Efianayi Jr,ALİAĞA PETKİM SPOR,PTK,D. Efianayi Jr,4,,,,,,SUB,in,ALİAĞA PETKİM SPOR substitution in,,,,,,,,,0,74,1.0,,0,21,0,25
07:41,07:41:00,22,25,-3,1,2,REGULAR,5,J. LECQUE,1,freethrow,219,,['fastbreak'],1of2,1,0,Jalen Evander,Lecque,Jalen Evander,Lecque,J,L,J,L,J. Lecque,ONVO BÜYÜKÇEKMECE BASKETBOL,BÇB,J. Lecque,0,,,,,,FT,made,ONVO BÜYÜKÇEKMECE BASKETBOL J. LECQUE FT 1of2 made,,,,,,,,,1,74,1.0,made_ft,1,22,0,25
07:41,07:41:00,23,25,-2,1,2,REGULAR,5,J. LECQUE,1,freethrow,220,,['fastbreak'],2of2,1,0,Jalen Evander,Lecque,Jalen Evander,Lecque,J,L,J,L,J. Lecque,ONVO BÜYÜKÇEKMECE BASKETBOL,BÇB,J. Lecque,0,,,,,,FT,made,ONVO BÜYÜKÇEKMECE BASKETBOL J. LECQUE FT 2of2 made,,,,,,,,,1,75,2.0,made_ft_last,1,23,0,25
07:41,07:41:00,23,25,-2,1,2,REGULAR,5,J. LECQUE,1,substitution,221,,[],out,0,0,Jalen Evander,Lecque,Jalen Evander,Lecque,J,L,J,L,J. Lecque,ONVO BÜYÜKÇEKMECE BASKETBOL,BÇB,J. Lecque,0,,,,,,SUB,out,ONVO BÜYÜKÇEKMECE BASKETBOL substitution out,,,,,,,,,0,76,1.0,,0,23,0,25
07:41,07:41:00,23,25,-2,1,2,REGULAR,8,Y. ÖZKAN,1,substitution,222,,[],in,0,2,Yigit,Özkan,Yigit,Özkan,Y,Ö,Y,Ö,Y. Özkan,ONVO BÜYÜKÇEKMECE BASKETBOL,BÇB,Y. Özkan,2,,,,,,SUB,in,ONVO BÜYÜKÇEKMECE BASKETBOL substitution in,,,,,,,,,0,76,1.0,,0,23,0,25
07:22,07:22:00,23,25,-2,2,2,REGULAR,67,D. EFIANAYI JR,0,2pt,224,,['pointsinthepaint'],layup,1,4,David Tinsley Eghosa,Efianayi Jr,David Tinsley Eghosa,Efianayi Jr,D,E,D,E,D. Efianayi Jr,ALİAĞA PETKİM SPOR,PTK,D. Efianayi Jr,4,,,92.699996948242,53.790000915527,0.0,P2,missed,ALİAĞA PETKİM SPOR D. EFIANAYI JR 2Pt missed,,,,,,,,,0,76,1.0,,0,23,0,25
07:20,07:20:00,23,25,-2,2,2,REGULAR,66,J. FLOYD,1,rebound,225,224,[],offensive,0,20,Jehyve Jamal,Floyd,Jehyve Jamal,Floyd,J,F,J,F,J. Floyd,ALİAĞA PETKİM SPOR,PTK,J. Floyd,20,,,,,,REB,,ALİAĞA PETKİM SPOR rebound offensive,,,,,,,,,0,76,1.0,,0,23,0,25
07:19,07:19:00,23,25,-2,2,2,REGULAR,66,J. FLOYD,0,2pt,226,,"['2ndchance', 'pointsinthepaint', 'blocked']",layup,1,20,Jehyve Jamal,Floyd,Jehyve Jamal,Floyd,J,F,J,F,J. Floyd,ALİAĞA PETKİM SPOR,PTK,J. Floyd,20,,,93.169998168945,54.349998474121,0.0,P2,missed,ALİAĞA PETKİM SPOR J. FLOYD 2Pt missed,,,,12.0,1.0,A. BANDAOGO,,,0,76,1.0,,0,23,0,25
07:19,07:19:00,23,25,-2,1,2,REGULAR,12,A. BANDAOGO,1,block,227,226,[],,0,55,Abdou Aziz,Bandaogo,Abdou Aziz,Bandaogo,A,B,A,B,A. Bandaogo,ONVO BÜYÜKÇEKMECE BASKETBOL,BÇB,A. Bandaogo,55,,,,,,BS,,ONVO BÜYÜKÇEKMECE BASKETBOL A. BANDAOGO block,,,,,,,,,0,76,1.0,,0,23,0,25
07:16,07:16:00,23,25,-2,1,2,REGULAR,6,J. JOHNSON,1,rebound,228,226,[],defensive,0,92,Jaron Tremel,Johnson,Jaron Tremel,Johnson,J,J,J,J,J. Johnson,ONVO BÜYÜKÇEKMECE BASKETBOL,BÇB,J. Johnson,92,,,,,,REB,,ONVO BÜYÜKÇEKMECE BASKETBOL rebound defensive,,,,,,,,,0,76,1.0,def_reb,0,23,0,25
07:15,07:15:00,25,25,0,1,2,REGULAR,6,J. JOHNSON,1,2pt,229,,"['pointsinthepaint', 'fastbreak']",alleyoopdunk,1,92,Jaron Tremel,Johnson,Jaron Tremel,Johnson,J,J,J,J,J. Johnson,ONVO BÜYÜKÇEKMECE BASKETBOL,BÇB,J. Johnson,92,,,6.2699999809265,54.349998474121,1.0,P2,made,ONVO BÜYÜKÇEKMECE BASKETBOL J. JOHNSON 2Pt made,7.0,1.0,S. PIPES JR,,,,,,2,77,2.0,score,2,25,0,25
07:15,07:15:00,25,25,0,1,2,REGULAR,7,S. PIPES JR,1,assist,230,229,[],,0,11,Shawn Oneal,Pipes Jr,Shawn Oneal,Pipes Jr,S,P,S,P,S. Pipes Jr,ONVO BÜYÜKÇEKMECE BASKETBOL,BÇB,S. Pipes Jr,11,,,,,,ASS,,ONVO BÜYÜKÇEKMECE BASKETBOL S. PIPES JR assist,,,,,,,,,0,78,1.0,,0,25,0,25
07:11,07:11:00,25,25,0,2,2,REGULAR,0,,1,timeout,232,,[],full,0,,,,,,,,,,,ALİAĞA PETKİM SPOR,PTK,,,,,,,,TIMEOUT,,ALİAĞA PETKİM SPOR timeout,,,,,,,,,0,78,1.0,,0,25,0,25
07:11,07:11:00,25,25,0,2,2,REGULAR,66,J. FLOYD,1,substitution,233,,[],out,0,20,Jehyve Jamal,Floyd,Jehyve Jamal,Floyd,J,F,J,F,J. Floyd,ALİAĞA PETKİM SPOR,PTK,J. Floyd,20,,,,,,SUB,out,ALİAĞA PETKİM SPOR substitution out,,,,,,,,,0,78,1.0,,0,25,0,25
07:11,07:11:00,25,25,0,2,2,REGULAR,64,M. SAJUS,1,substitution,234,,[],in,0,19,Martynas,Sajus,Martynas,Sajus,M,S,M,S,M. Sajus,ALİAĞA PETKİM SPOR,PTK,M. Sajus,19,,,,,,SUB,in,ALİAĞA PETKİM SPOR substitution in,,,,,,,,,0,78,1.0,,0,25,0,25
07:04,07:04:00,25,25,0,2,2,REGULAR,98,P. SCRUBB,0,2pt,236,,"['pointsinthepaint', 'blocked']",layup,1,23,Philip Alexander,Scrubb,Philip Alexander,Scrubb,P,S,P,S,P. Scrubb,ALİAĞA PETKİM SPOR,PTK,P. Scrubb,23,,,94.730003356934,53.5,0.0,P2,missed,ALİAĞA PETKİM SPOR P. SCRUBB 2Pt missed,,,,12.0,1.0,A. BANDAOGO,,,0,78,1.0,,0,25,0,25
07:04,07:04:00,25,25,0,1,2,REGULAR,12,A. BANDAOGO,1,block,238,236,[],,0,55,Abdou Aziz,Bandaogo,Abdou Aziz,Bandaogo,A,B,A,B,A. Bandaogo,ONVO BÜYÜKÇEKMECE BASKETBOL,BÇB,A. Bandaogo,55,,,,,,BS,,ONVO BÜYÜKÇEKMECE BASKETBOL A. BANDAOGO block,,,,,,,,,0,78,1.0,,0,25,0,25
07:02,07:02:00,25,25,0,2,2,REGULAR,67,D. EFIANAYI JR,1,rebound,239,236,[],offensive,0,4,David Tinsley Eghosa,Efianayi Jr,David Tinsley Eghosa,Efianayi Jr,D,E,D,E,D. Efianayi Jr,ALİAĞA PETKİM SPOR,PTK,D. Efianayi Jr,4,,,,,,REB,,ALİAĞA PETKİM SPOR rebound offensive,,,,,,,,,0,78,1.0,,0,25,0,25
07:02,07:02:00,25,25,0,1,2,REGULAR,12,A. BANDAOGO,1,foul,240,,[],personal,0,55,Abdou Aziz,Bandaogo,Abdou Aziz,Bandaogo,A,B,A,B,A. Bandaogo,ONVO BÜYÜKÇEKMECE BASKETBOL,BÇB,A. Bandaogo,55,,,,,,FOUL,,ONVO BÜYÜKÇEKMECE BASKETBOL A. BANDAOGO foul personal,,,,,,,,,0,78,1.0,,0,25,0,25
07:02,07:02:00,25,25,0,2,2,REGULAR,67,D. EFIANAYI JR,1,foulon,241,240,[],,0,4,David Tinsley Eghosa,Efianayi Jr,David Tinsley Eghosa,Efianayi Jr,D,E,D,E,D. Efianayi Jr,ALİAĞA PETKİM SPOR,PTK,D. Efianayi Jr,4,,,,,,OTHER,,ALİAĞA PETKİM SPOR foulon,,,,,,,,,0,78,1.0,,0,25,0,25
07:02,07:02:00,25,25,0,1,2,REGULAR,12,A. BANDAOGO,1,substitution,242,,[],out,0,55,Abdou Aziz,Bandaogo,Abdou Aziz,Bandaogo,A,B,A,B,A. Bandaogo,ONVO BÜYÜKÇEKMECE BASKETBOL,BÇB,A. Bandaogo,55,,,,,,SUB,out,ONVO BÜYÜKÇEKMECE BASKETBOL substitution out,,,,,,,,,0,78,1.0,,0,25,0,25
07:02,07:02:00,25,25,0,1,2,REGULAR,4,E. BRUINSMA,1,substitution,243,,[],in,0,33,Evan John,Bruinsma,Evan John,Bruinsma,E,B,E,B,E. Bruinsma,ONVO BÜYÜKÇEKMECE BASKETBOL,BÇB,E. Bruinsma,33,,,,,,SUB,in,ONVO BÜYÜKÇEKMECE BASKETBOL substitution in,,,,,,,,,0,78,1.0,,0,25,0,25
06:48,06:48:00,25,25,0,2,2,REGULAR,0,,1,turnover,246,,['team'],24sec,0,,,,,,,,,,,ALİAĞA PETKİM SPOR,PTK,,,,,,,,TO,,ALİAĞA PETKİM SPOR  turnover 24sec,,,,,,,,,0,78,1.0,turnover,0,25,0,25
06:48,06:48:00,25,25,0,2,2,REGULAR,65,R. BLUMBERGS,1,substitution,247,,[],out,0,6,Roberts,Blumbergs,Roberts,Blumbergs,R,B,R,B,R. Blumbergs,ALİAĞA PETKİM SPOR,PTK,R. Blumbergs,6,,,,,,SUB,out,ALİAĞA PETKİM SPOR substitution out,,,,,,,,,0,79,2.0,,0,25,0,25
06:48,06:48:00,25,25,0,2,2,REGULAR,42,Y. SONSIRMA,1,substitution,248,,[],out,0,9,Yunus Emre,Sonsirma,Yunus Emre,Sonsirma,Y,S,Y,S,Y. Sonsirma,ALİAĞA PETKİM SPOR,PTK,Y. Sonsirma,9,,,,,,SUB,out,ALİAĞA PETKİM SPOR substitution out,,,,,,,,,0,79,2.0,,0,25,0,25
06:48,06:48:00,25,25,0,2,2,REGULAR,68,Y. FRANKE,1,substitution,249,,[],in,0,5,Yannick Ayrton,Franke,Yannick Ayrton,Franke,Y,F,Y,F,Y. Franke,ALİAĞA PETKİM SPOR,PTK,Y. Franke,5,,,,,,SUB,in,ALİAĞA PETKİM SPOR substitution in,,,,,,,,,0,79,2.0,,0,25,0,25
06:48,06:48:00,25,25,0,2,2,REGULAR,44,T. SAV,1,substitution,250,,[],in,0,15,Troy Selim,Sav,Troy Selim,Sav,T,S,T,S,T. Sav,ALİAĞA PETKİM SPOR,PTK,T. Sav,15,,,,,,SUB,in,ALİAĞA PETKİM SPOR substitution in,,,,,,,,,0,79,2.0,,0,25,0,25
06:22,06:22:00,25,25,0,1,2,REGULAR,4,E. BRUINSMA,0,2pt,256,,"['fromturnover', 'pointsinthepaint']",drivinglayup,1,33,Evan John,Bruinsma,Evan John,Bruinsma,E,B,E,B,E. Bruinsma,ONVO BÜYÜKÇEKMECE BASKETBOL,BÇB,E. Bruinsma,33,,,5.8000001907349,43.619998931885,0.0,P2,missed,ONVO BÜYÜKÇEKMECE BASKETBOL E. BRUINSMA 2Pt missed,,,,,,,,,0,79,2.0,,0,25,0,25
06:20,06:20:00,25,25,0,1,2,REGULAR,4,E. BRUINSMA,1,rebound,257,256,[],offensive,0,33,Evan John,Bruinsma,Evan John,Bruinsma,E,B,E,B,E. Bruinsma,ONVO BÜYÜKÇEKMECE BASKETBOL,BÇB,E. Bruinsma,33,,,,,,REB,,ONVO BÜYÜKÇEKMECE BASKETBOL rebound offensive,,,,,,,,,0,79,2.0,,0,25,0,25
06:19,06:19:00,27,25,2,1,2,REGULAR,4,E. BRUINSMA,1,2pt,258,,"['2ndchance', 'fromturnover', 'pointsinthepaint']",layup,1,33,Evan John,Bruinsma,Evan John,Bruinsma,E,B,E,B,E. Bruinsma,ONVO BÜYÜKÇEKMECE BASKETBOL,BÇB,E. Bruinsma,33,,,5.8000001907349,55.479999542236,1.0,P2,made,ONVO BÜYÜKÇEKMECE BASKETBOL E. BRUINSMA 2Pt made,,,,,,,,,2,79,2.0,score,2,27,0,25
06:05,06:05:00,27,27,0,2,2,REGULAR,64,M. SAJUS,1,2pt,259,,['pointsinthepaint'],layup,1,19,Martynas,Sajus,Martynas,Sajus,M,S,M,S,M. Sajus,ALİAĞA PETKİM SPOR,PTK,M. Sajus,19,,,93.790000915527,54.349998474121,1.0,P2,made,ALİAĞA PETKİM SPOR M. SAJUS 2Pt made,98.0,2.0,P. SCRUBB,,,,,,2,80,1.0,score,0,27,2,27
06:05,06:05:00,27,27,0,2,2,REGULAR,98,P. SCRUBB,1,assist,260,259,[],,0,23,Philip Alexander,Scrubb,Philip Alexander,Scrubb,P,S,P,S,P. Scrubb,ALİAĞA PETKİM SPOR,PTK,P. Scrubb,23,,,,,,ASS,,ALİAĞA PETKİM SPOR P. SCRUBB assist,,,,,,,,,0,81,2.0,,0,27,0,27
05:44,05:44:00,27,27,0,1,2,REGULAR,4,E. BRUINSMA,0,2pt,261,,"['pointsinthepaint', 'blocked']",layup,1,33,Evan John,Bruinsma,Evan John,Bruinsma,E,B,E,B,E. Bruinsma,ONVO BÜYÜKÇEKMECE BASKETBOL,BÇB,E. Bruinsma,33,,,7.0500001907349,39.380001068115,0.0,P2,missed,ONVO BÜYÜKÇEKMECE BASKETBOL E. BRUINSMA 2Pt missed,,,,64.0,2.0,M. SAJUS,,,0,81,2.0,,0,27,0,27
05:44,05:44:00,27,27,0,2,2,REGULAR,64,M. SAJUS,1,block,262,261,[],,0,19,Martynas,Sajus,Martynas,Sajus,M,S,M,S,M. Sajus,ALİAĞA PETKİM SPOR,PTK,M. Sajus,19,,,,,,BS,,ALİAĞA PETKİM SPOR M. SAJUS block,,,,,,,,,0,81,2.0,,0,27,0,27
05:40,05:40:00,27,27,0,1,2,REGULAR,6,J. JOHNSON,1,rebound,263,261,[],offensive,0,92,Jaron Tremel,Johnson,Jaron Tremel,Johnson,J,J,J,J,J. Johnson,ONVO BÜYÜKÇEKMECE BASKETBOL,BÇB,J. Johnson,92,,,,,,REB,,ONVO BÜYÜKÇEKMECE BASKETBOL rebound offensive,,,,,,,,,0,81,2.0,,0,27,0,27
05:40,05:40:00,27,27,0,1,2,REGULAR,6,J. JOHNSON,0,2pt,264,,['2ndchance'],jumpshot,1,92,Jaron Tremel,Johnson,Jaron Tremel,Johnson,J,J,J,J,J. Johnson,ONVO BÜYÜKÇEKMECE BASKETBOL,BÇB,J. Johnson,92,,,11.890000343323,16.780000686646,0.0,P2,missed,ONVO BÜYÜKÇEKMECE BASKETBOL J. JOHNSON 2Pt missed,,,,,,,,,0,81,2.0,def_reb,0,27,0,27
05:37,05:37:00,27,27,0,2,2,REGULAR,67,D. EFIANAYI JR,1,rebound,265,264,[],defensive,0,4,David Tinsley Eghosa,Efianayi Jr,David Tinsley Eghosa,Efianayi Jr,D,E,D,E,D. Efianayi Jr,ALİAĞA PETKİM SPOR,PTK,D. Efianayi Jr,4,,,,,,REB,,ALİAĞA PETKİM SPOR rebound defensive,,,,,,,,,0,82,1.0,def_reb,0,27,0,27
05:28,05:28:00,27,27,0,2,2,REGULAR,67,D. EFIANAYI JR,0,2pt,266,,['pointsinthepaint'],layup,1,4,David Tinsley Eghosa,Efianayi Jr,David Tinsley Eghosa,Efianayi Jr,D,E,D,E,D. Efianayi Jr,ALİAĞA PETKİM SPOR,PTK,D. Efianayi Jr,4,,,93.169998168945,61.409999847412,0.0,P2,missed,ALİAĞA PETKİM SPOR D. EFIANAYI JR 2Pt missed,,,,,,,,,0,83,2.0,,0,27,0,27
05:25,05:25:00,27,27,0,2,2,REGULAR,64,M. SAJUS,1,rebound,267,266,[],offensive,0,19,Martynas,Sajus,Martynas,Sajus,M,S,M,S,M. Sajus,ALİAĞA PETKİM SPOR,PTK,M. Sajus,19,,,,,,REB,,ALİAĞA PETKİM SPOR rebound offensive,,,,,,,,,0,83,2.0,,0,27,0,27
05:25,05:25:00,27,29,-2,2,2,REGULAR,64,M. SAJUS,1,2pt,269,,"['2ndchance', 'pointsinthepaint']",layup,1,19,Martynas,Sajus,Martynas,Sajus,M,S,M,S,M. Sajus,ALİAĞA PETKİM SPOR,PTK,M. Sajus,19,,,93.319999694824,47.290000915527,1.0,P2,made,ALİAĞA PETKİM SPOR M. SAJUS 2Pt made,,,,,,,,,2,83,2.0,score,0,27,2,29
05:25,05:25:00,27,29,-2,1,2,REGULAR,0,,1,timeout,270,,[],full,0,,,,,,,,,,,ONVO BÜYÜKÇEKMECE BASKETBOL,BÇB,,,,,,,,TIMEOUT,,ONVO BÜYÜKÇEKMECE BASKETBOL timeout,,,,,,,,,0,84,1.0,,0,27,0,29
05:25,05:25:00,27,29,-2,1,2,REGULAR,8,Y. ÖZKAN,1,substitution,271,,[],out,0,2,Yigit,Özkan,Yigit,Özkan,Y,Ö,Y,Ö,Y. Özkan,ONVO BÜYÜKÇEKMECE BASKETBOL,BÇB,Y. Özkan,2,,,,,,SUB,out,ONVO BÜYÜKÇEKMECE BASKETBOL substitution out,,,,,,,,,0,84,1.0,,0,27,0,29
05:25,05:25:00,27,29,-2,1,2,REGULAR,10,M. TÜREN,1,substitution,272,,[],out,0,7,Metin,Türen,Metin,Türen,M,T,M,T,M. Türen,ONVO BÜYÜKÇEKMECE BASKETBOL,BÇB,M. Türen,7,,,,,,SUB,out,ONVO BÜYÜKÇEKMECE BASKETBOL substitution out,,,,,,,,,0,84,1.0,,0,27,0,29
05:25,05:25:00,27,29,-2,1,2,REGULAR,6,J. JOHNSON,1,substitution,273,,[],out,0,92,Jaron Tremel,Johnson,Jaron Tremel,Johnson,J,J,J,J,J. Johnson,ONVO BÜYÜKÇEKMECE BASKETBOL,BÇB,J. Johnson,92,,,,,,SUB,out,ONVO BÜYÜKÇEKMECE BASKETBOL substitution out,,,,,,,,,0,84,1.0,,0,27,0,29
05:25,05:25:00,27,29,-2,1,2,REGULAR,5,J. LECQUE,1,substitution,274,,[],in,0,0,Jalen Evander,Lecque,Jalen Evander,Lecque,J,L,J,L,J. Lecque,ONVO BÜYÜKÇEKMECE BASKETBOL,BÇB,J. Lecque,0,,,,,,SUB,in,ONVO BÜYÜKÇEKMECE BASKETBOL substitution in,,,,,,,,,0,84,1.0,,0,27,0,29
05:25,05:25:00,27,29,-2,1,2,REGULAR,13,K. VAN DER VUURST DE VRIES,1,substitution,275,,[],in,0,1,Keye Jord,Van Der Vuurst De Vries,Keye Jord,Van Der Vuurst De Vries,K,V,K,V,K. Van Der Vuurst De Vries,ONVO BÜYÜKÇEKMECE BASKETBOL,BÇB,K. Van Der Vuurst De Vries,1,,,,,,SUB,in,ONVO BÜYÜKÇEKMECE BASKETBOL substitution in,,,,,,,,,0,84,1.0,,0,27,0,29
05:25,05:25:00,27,29,-2,1,2,REGULAR,11,M. SENLI,1,substitution,276,,[],in,0,65,Muhammed Dogan,Senli,Muhammed Dogan,Senli,M,S,M,S,M. Senli,ONVO BÜYÜKÇEKMECE BASKETBOL,BÇB,M. Senli,65,,,,,,SUB,in,ONVO BÜYÜKÇEKMECE BASKETBOL substitution in,,,,,,,,,0,84,1.0,,0,27,0,29
05:12,05:12:00,29,29,0,1,2,REGULAR,7,S. PIPES JR,1,2pt,278,,[],jumpshot,1,11,Shawn Oneal,Pipes Jr,Shawn Oneal,Pipes Jr,S,P,S,P,S. Pipes Jr,ONVO BÜYÜKÇEKMECE BASKETBOL,BÇB,S. Pipes Jr,11,,,10.479999542236,69.889999389648,1.0,P2,made,ONVO BÜYÜKÇEKMECE BASKETBOL S. PIPES JR 2Pt made,,,,,,,,,2,84,1.0,score,2,29,0,29
04:44,04:44:00,29,29,0,2,2,REGULAR,0,,1,turnover,280,,['team'],24sec,0,,,,,,,,,,,ALİAĞA PETKİM SPOR,PTK,,,,,,,,TO,,ALİAĞA PETKİM SPOR  turnover 24sec,,,,,,,,,0,85,2.0,turnover,0,29,0,29
04:37,04:37:00,29,29,0,1,2,REGULAR,13,K. VAN DER VUURST DE VRIES,0,3pt,282,,['fromturnover'],jumpshot,1,1,Keye Jord,Van Der Vuurst De Vries,Keye Jord,Van Der Vuurst De Vries,K,V,K,V,K. Van Der Vuurst De Vries,ONVO BÜYÜKÇEKMECE BASKETBOL,BÇB,K. Van Der Vuurst De Vries,1,,,25.459999084473,78.930000305176,0.0,P3,missed,ONVO BÜYÜKÇEKMECE BASKETBOL K. VAN DER VUURST DE VRIES 3Pt missed,,,,,,,,,0,86,1.0,def_reb,0,29,0,29
04:34,04:34:00,29,29,0,2,2,REGULAR,44,T. SAV,1,rebound,283,282,[],defensive,0,15,Troy Selim,Sav,Troy Selim,Sav,T,S,T,S,T. Sav,ALİAĞA PETKİM SPOR,PTK,T. Sav,15,,,,,,REB,,ALİAĞA PETKİM SPOR rebound defensive,,,,,,,,,0,87,2.0,def_reb,0,29,0,29
04:27,04:27:00,29,29,0,1,2,REGULAR,7,S. PIPES JR,1,foul,285,,[],personal,0,11,Shawn Oneal,Pipes Jr,Shawn Oneal,Pipes Jr,S,P,S,P,S. Pipes Jr,ONVO BÜYÜKÇEKMECE BASKETBOL,BÇB,S. Pipes Jr,11,,,,,,FOUL,,ONVO BÜYÜKÇEKMECE BASKETBOL S. PIPES JR foul personal,,,,,,,,,0,88,1.0,,0,29,0,29
04:27,04:27:00,29,29,0,2,2,REGULAR,98,P. SCRUBB,1,foulon,286,285,[],,0,23,Philip Alexander,Scrubb,Philip Alexander,Scrubb,P,S,P,S,P. Scrubb,ALİAĞA PETKİM SPOR,PTK,P. Scrubb,23,,,,,,OTHER,,ALİAĞA PETKİM SPOR foulon,,,,,,,,,0,88,1.0,,0,29,0,29
04:27,04:27:00,29,29,0,1,2,REGULAR,4,E. BRUINSMA,1,foul,287,,[],personal,0,33,Evan John,Bruinsma,Evan John,Bruinsma,E,B,E,B,E. Bruinsma,ONVO BÜYÜKÇEKMECE BASKETBOL,BÇB,E. Bruinsma,33,,,,,,FOUL,,ONVO BÜYÜKÇEKMECE BASKETBOL E. BRUINSMA foul personal,,,,,,,,,0,88,1.0,,0,29,0,29
04:27,04:27:00,29,29,0,2,2,REGULAR,44,T. SAV,1,foulon,288,287,[],,0,15,Troy Selim,Sav,Troy Selim,Sav,T,S,T,S,T. Sav,ALİAĞA PETKİM SPOR,PTK,T. Sav,15,,,,,,OTHER,,ALİAĞA PETKİM SPOR foulon,,,,,,,,,0,88,1.0,,0,29,0,29
04:18,04:18:00,29,31,-2,2,2,REGULAR,68,Y. FRANKE,1,2pt,290,,[],jumpshot,1,5,Yannick Ayrton,Franke,Yannick Ayrton,Franke,Y,F,Y,F,Y. Franke,ALİAĞA PETKİM SPOR,PTK,Y. Franke,5,,,75.849998474121,39.659999847412,1.0,P2,made,ALİAĞA PETKİM SPOR Y. FRANKE 2Pt made,,,,,,,,,2,88,1.0,score,0,29,2,31
03:54,03:54:00,29,31,-2,1,2,REGULAR,7,S. PIPES JR,0,2pt,291,,"['pointsinthepaint', 'blocked']",jumpshot,1,11,Shawn Oneal,Pipes Jr,Shawn Oneal,Pipes Jr,S,P,S,P,S. Pipes Jr,ONVO BÜYÜKÇEKMECE BASKETBOL,BÇB,S. Pipes Jr,11,,,14.539999961853,34.009998321533,0.0,P2,missed,ONVO BÜYÜKÇEKMECE BASKETBOL S. PIPES JR 2Pt missed,,,,67.0,2.0,D. EFIANAYI JR,,,0,89,2.0,,0,29,0,31
03:54,03:54:00,29,31,-2,2,2,REGULAR,67,D. EFIANAYI JR,1,block,293,291,[],,0,4,David Tinsley Eghosa,Efianayi Jr,David Tinsley Eghosa,Efianayi Jr,D,E,D,E,D. Efianayi Jr,ALİAĞA PETKİM SPOR,PTK,D. Efianayi Jr,4,,,,,,BS,,ALİAĞA PETKİM SPOR D. EFIANAYI JR block,,,,,,,,,0,89,2.0,,0,29,0,31
03:51,03:51:00,29,31,-2,2,2,REGULAR,98,P. SCRUBB,1,rebound,295,291,[],defensive,0,23,Philip Alexander,Scrubb,Philip Alexander,Scrubb,P,S,P,S,P. Scrubb,ALİAĞA PETKİM SPOR,PTK,P. Scrubb,23,,,,,,REB,,ALİAĞA PETKİM SPOR rebound defensive,,,,,,,,,0,89,2.0,def_reb,0,29,0,31
03:50,03:50:00,29,31,-2,1,2,REGULAR,7,S. PIPES JR,1,foul,297,,['2freethrow'],personal,0,11,Shawn Oneal,Pipes Jr,Shawn Oneal,Pipes Jr,S,P,S,P,S. Pipes Jr,ONVO BÜYÜKÇEKMECE BASKETBOL,BÇB,S. Pipes Jr,11,,,,,,FOUL,,ONVO BÜYÜKÇEKMECE BASKETBOL S. PIPES JR foul personal,,,,,,,,,0,90,1.0,,0,29,0,31
03:50,03:50:00,29,31,-2,2,2,REGULAR,98,P. SCRUBB,1,foulon,298,297,[],,0,23,Philip Alexander,Scrubb,Philip Alexander,Scrubb,P,S,P,S,P. Scrubb,ALİAĞA PETKİM SPOR,PTK,P. Scrubb,23,,,,,,OTHER,,ALİAĞA PETKİM SPOR foulon,,,,,,,,,0,90,1.0,,0,29,0,31
03:50,03:50:00,29,31,-2,2,2,REGULAR,98,P. SCRUBB,0,freethrow,299,,[],1of2,1,23,Philip Alexander,Scrubb,Philip Alexander,Scrubb,P,S,P,S,P. Scrubb,ALİAĞA PETKİM SPOR,PTK,P. Scrubb,23,,,,,,FT,missed,ALİAĞA PETKİM SPOR P. SCRUBB FT 1of2 missed,,,,,,,,,0,90,1.0,def_reb,0,29,0,31
03:50,03:50:00,29,31,-2,2,2,REGULAR,0,,1,rebound,300,299,[],offensivedeadball,0,,,,,,,,,,,ALİAĞA PETKİM SPOR,PTK,,,,,,,,TREB,,ALİAĞA PETKİM SPOR team rebound offensivedeadball,,,,,,,,,0,91,2.0,def_reb,0,29,0,31
03:50,03:50:00,29,31,-2,2,2,REGULAR,98,P. SCRUBB,0,freethrow,301,,[],2of2,1,23,Philip Alexander,Scrubb,Philip Alexander,Scrubb,P,S,P,S,P. Scrubb,ALİAĞA PETKİM SPOR,PTK,P. Scrubb,23,,,,,,FT,missed,ALİAĞA PETKİM SPOR P. SCRUBB FT 2of2 missed,,,,,,,,,0,92,1.0,def_reb,0,29,0,31
03:50,03:50:00,29,31,-2,1,2,REGULAR,11,M. SENLI,1,rebound,303,301,[],defensive,0,65,Muhammed Dogan,Senli,Muhammed Dogan,Senli,M,S,M,S,M. Senli,ONVO BÜYÜKÇEKMECE BASKETBOL,BÇB,M. Senli,65,,,,,,REB,,ONVO BÜYÜKÇEKMECE BASKETBOL rebound defensive,,,,,,,,,0,93,2.0,def_reb,0,29,0,31
03:32,03:32:00,32,31,1,1,2,REGULAR,7,S. PIPES JR,1,3pt,304,,[],jumpshot,1,11,Shawn Oneal,Pipes Jr,Shawn Oneal,Pipes Jr,S,P,S,P,S. Pipes Jr,ONVO BÜYÜKÇEKMECE BASKETBOL,BÇB,S. Pipes Jr,11,,,20.309999465942,11.409999847412,1.0,P3,made,ONVO BÜYÜKÇEKMECE BASKETBOL S. PIPES JR 3Pt made,13.0,1.0,K. VAN DER VUURST DE VRIES,,,,,,3,94,1.0,score,3,32,0,31
03:32,03:32:00,32,31,1,1,2,REGULAR,13,K. VAN DER VUURST DE VRIES,1,assist,305,304,[],,0,1,Keye Jord,Van Der Vuurst De Vries,Keye Jord,Van Der Vuurst De Vries,K,V,K,V,K. Van Der Vuurst De Vries,ONVO BÜYÜKÇEKMECE BASKETBOL,BÇB,K. Van Der Vuurst De Vries,1,,,,,,ASS,,ONVO BÜYÜKÇEKMECE BASKETBOL K. VAN DER VUURST DE VRIES assist,,,,,,,,,0,95,2.0,,0,32,0,31
03:13,03:13:00,32,33,-1,2,2,REGULAR,64,M. SAJUS,1,2pt,306,,['pointsinthepaint'],layup,1,19,Martynas,Sajus,Martynas,Sajus,M,S,M,S,M. Sajus,ALİAĞA PETKİM SPOR,PTK,M. Sajus,19,,,93.319999694824,46.159999847412,1.0,P2,made,ALİAĞA PETKİM SPOR M. SAJUS 2Pt made,67.0,2.0,D. EFIANAYI JR,,,,,,2,95,2.0,score,0,32,2,33
03:13,03:13:00,32,33,-1,2,2,REGULAR,67,D. EFIANAYI JR,1,assist,307,306,[],,0,4,David Tinsley Eghosa,Efianayi Jr,David Tinsley Eghosa,Efianayi Jr,D,E,D,E,D. Efianayi Jr,ALİAĞA PETKİM SPOR,PTK,D. Efianayi Jr,4,,,,,,ASS,,ALİAĞA PETKİM SPOR D. EFIANAYI JR assist,,,,,,,,,0,96,1.0,,0,32,0,33
02:58,02:58:00,32,33,-1,1,2,REGULAR,4,E. BRUINSMA,0,3pt,308,,[],jumpshot,1,33,Evan John,Bruinsma,Evan John,Bruinsma,E,B,E,B,E. Bruinsma,ONVO BÜYÜKÇEKMECE BASKETBOL,BÇB,E. Bruinsma,33,,,26.39999961853,78.930000305176,0.0,P3,missed,ONVO BÜYÜKÇEKMECE BASKETBOL E. BRUINSMA 3Pt missed,,,,,,,,,0,96,1.0,,0,32,0,33
02:56,02:56:00,32,33,-1,1,2,REGULAR,7,S. PIPES JR,1,rebound,309,308,[],offensive,0,11,Shawn Oneal,Pipes Jr,Shawn Oneal,Pipes Jr,S,P,S,P,S. Pipes Jr,ONVO BÜYÜKÇEKMECE BASKETBOL,BÇB,S. Pipes Jr,11,,,,,,REB,,ONVO BÜYÜKÇEKMECE BASKETBOL rebound offensive,,,,,,,,,0,96,1.0,,0,32,0,33
02:51,02:51:00,32,33,-1,1,2,REGULAR,13,K. VAN DER VUURST DE VRIES,0,3pt,310,,['2ndchance'],jumpshot,1,1,Keye Jord,Van Der Vuurst De Vries,Keye Jord,Van Der Vuurst De Vries,K,V,K,V,K. Van Der Vuurst De Vries,ONVO BÜYÜKÇEKMECE BASKETBOL,BÇB,K. Van Der Vuurst De Vries,1,,,27.959999084473,22.989999771118,0.0,P3,missed,ONVO BÜYÜKÇEKMECE BASKETBOL K. VAN DER VUURST DE VRIES 3Pt missed,,,,,,,,,0,96,1.0,,0,32,0,33
02:43,02:43:00,32,33,-1,1,2,REGULAR,5,J. LECQUE,1,rebound,311,310,[],offensive,0,0,Jalen Evander,Lecque,Jalen Evander,Lecque,J,L,J,L,J. Lecque,ONVO BÜYÜKÇEKMECE BASKETBOL,BÇB,J. Lecque,0,,,,,,REB,,ONVO BÜYÜKÇEKMECE BASKETBOL rebound offensive,,,,,,,,,0,96,1.0,,0,32,0,33
02:43,02:43:00,34,33,1,1,2,REGULAR,5,J. LECQUE,1,2pt,312,,"['2ndchance', 'pointsinthepaint']",tipinlayup,1,0,Jalen Evander,Lecque,Jalen Evander,Lecque,J,L,J,L,J. Lecque,ONVO BÜYÜKÇEKMECE BASKETBOL,BÇB,J. Lecque,0,,,6.0,50.0,1.0,P2,made,ONVO BÜYÜKÇEKMECE BASKETBOL J. LECQUE 2Pt made,,,,,,,,,2,96,1.0,score,2,34,0,33
02:27,02:27:00,34,33,1,2,2,REGULAR,68,Y. FRANKE,1,turnover,313,,[],ballhandling,0,5,Yannick Ayrton,Franke,Yannick Ayrton,Franke,Y,F,Y,F,Y. Franke,ALİAĞA PETKİM SPOR,PTK,Y. Franke,5,,,,,,TO,,ALİAĞA PETKİM SPOR Y. FRANKE turnover ballhandling,,,,,,,,,0,97,2.0,turnover,0,34,0,33
02:27,02:27:00,34,33,1,1,2,REGULAR,5,J. LECQUE,1,steal,314,313,[],,0,0,Jalen Evander,Lecque,Jalen Evander,Lecque,J,L,J,L,J. Lecque,ONVO BÜYÜKÇEKMECE BASKETBOL,BÇB,J. Lecque,0,,,,,,ST,,ONVO BÜYÜKÇEKMECE BASKETBOL J. LECQUE steal,,,,,,,,,0,98,1.0,,0,34,0,33
02:24,02:24:00,36,33,3,1,2,REGULAR,5,J. LECQUE,1,2pt,315,,"['fromturnover', 'pointsinthepaint', 'fastbreak']",dunk,1,0,Jalen Evander,Lecque,Jalen Evander,Lecque,J,L,J,L,J. Lecque,ONVO BÜYÜKÇEKMECE BASKETBOL,BÇB,J. Lecque,0,,,5.8000001907349,47.290000915527,1.0,P2,made,ONVO BÜYÜKÇEKMECE BASKETBOL J. LECQUE 2Pt made,,,,,,,,,2,98,1.0,score,2,36,0,33
02:22,02:22:00,36,33,3,2,2,REGULAR,0,,1,timeout,317,,[],full,0,,,,,,,,,,,ALİAĞA PETKİM SPOR,PTK,,,,,,,,TIMEOUT,,ALİAĞA PETKİM SPOR timeout,,,,,,,,,0,99,2.0,,0,36,0,33
02:10,02:10:00,36,33,3,2,2,REGULAR,68,Y. FRANKE,0,3pt,319,,[],jumpshot,1,5,Yannick Ayrton,Franke,Yannick Ayrton,Franke,Y,F,Y,F,Y. Franke,ALİAĞA PETKİM SPOR,PTK,Y. Franke,5,,,67.580001831055,40.229999542236,0.0,P3,missed,ALİAĞA PETKİM SPOR Y. FRANKE 3Pt missed,,,,,,,,,0,99,2.0,,0,36,0,33
02:06,02:06:00,36,33,3,2,2,REGULAR,44,T. SAV,1,rebound,320,319,[],offensive,0,15,Troy Selim,Sav,Troy Selim,Sav,T,S,T,S,T. Sav,ALİAĞA PETKİM SPOR,PTK,T. Sav,15,,,,,,REB,,ALİAĞA PETKİM SPOR rebound offensive,,,,,,,,,0,99,2.0,,0,36,0,33
01:59,01:59:00,36,35,1,2,2,REGULAR,67,D. EFIANAYI JR,1,2pt,321,,"['2ndchance', 'pointsinthepaint']",drivinglayup,1,4,David Tinsley Eghosa,Efianayi Jr,David Tinsley Eghosa,Efianayi Jr,D,E,D,E,D. Efianayi Jr,ALİAĞA PETKİM SPOR,PTK,D. Efianayi Jr,4,,,94.410003662109,43.330001831055,1.0,P2,made,ALİAĞA PETKİM SPOR D. EFIANAYI JR 2Pt made,,,,,,,,,2,99,2.0,score,0,36,2,35
01:41,01:41:00,38,35,3,1,2,REGULAR,11,M. SENLI,1,2pt,322,,[],jumpshot,1,65,Muhammed Dogan,Senli,Muhammed Dogan,Senli,M,S,M,S,M. Senli,ONVO BÜYÜKÇEKMECE BASKETBOL,BÇB,M. Senli,65,,,22.340000152588,49.270000457764,1.0,P2,made,ONVO BÜYÜKÇEKMECE BASKETBOL M. SENLI 2Pt made,13.0,1.0,K. VAN DER VUURST DE VRIES,,,,,,2,100,1.0,score,2,38,0,35
01:41,01:41:00,38,35,3,1,2,REGULAR,13,K. VAN DER VUURST DE VRIES,1,assist,323,322,[],,0,1,Keye Jord,Van Der Vuurst De Vries,Keye Jord,Van Der Vuurst De Vries,K,V,K,V,K. Van Der Vuurst De Vries,ONVO BÜYÜKÇEKMECE BASKETBOL,BÇB,K. Van Der Vuurst De Vries,1,,,,,,ASS,,ONVO BÜYÜKÇEKMECE BASKETBOL K. VAN DER VUURST DE VRIES assist,,,,,,,,,0,101,2.0,,0,38,0,35
01:23,01:23:00,38,35,3,1,2,REGULAR,5,J. LECQUE,1,foul,325,,['2freethrow'],personal,0,0,Jalen Evander,Lecque,Jalen Evander,Lecque,J,L,J,L,J. Lecque,ONVO BÜYÜKÇEKMECE BASKETBOL,BÇB,J. Lecque,0,,,,,,FOUL,,ONVO BÜYÜKÇEKMECE BASKETBOL J. LECQUE foul personal,,,,,,,,,0,101,2.0,,0,38,0,35
01:23,01:23:00,38,35,3,2,2,REGULAR,68,Y. FRANKE,1,foulon,326,325,[],,0,5,Yannick Ayrton,Franke,Yannick Ayrton,Franke,Y,F,Y,F,Y. Franke,ALİAĞA PETKİM SPOR,PTK,Y. Franke,5,,,,,,OTHER,,ALİAĞA PETKİM SPOR foulon,,,,,,,,,0,101,2.0,,0,38,0,35
01:23,01:23:00,38,35,3,2,2,REGULAR,44,T. SAV,1,substitution,327,,[],out,0,15,Troy Selim,Sav,Troy Selim,Sav,T,S,T,S,T. Sav,ALİAĞA PETKİM SPOR,PTK,T. Sav,15,,,,,,SUB,out,ALİAĞA PETKİM SPOR substitution out,,,,,,,,,0,101,2.0,,0,38,0,35
01:23,01:23:00,38,35,3,2,2,REGULAR,98,P. SCRUBB,1,substitution,328,,[],out,0,23,Philip Alexander,Scrubb,Philip Alexander,Scrubb,P,S,P,S,P. Scrubb,ALİAĞA PETKİM SPOR,PTK,P. Scrubb,23,,,,,,SUB,out,ALİAĞA PETKİM SPOR substitution out,,,,,,,,,0,101,2.0,,0,38,0,35
01:23,01:23:00,38,35,3,2,2,REGULAR,65,R. BLUMBERGS,1,substitution,329,,[],in,0,6,Roberts,Blumbergs,Roberts,Blumbergs,R,B,R,B,R. Blumbergs,ALİAĞA PETKİM SPOR,PTK,R. Blumbergs,6,,,,,,SUB,in,ALİAĞA PETKİM SPOR substitution in,,,,,,,,,0,101,2.0,,0,38,0,35
01:23,01:23:00,38,35,3,2,2,REGULAR,42,Y. SONSIRMA,1,substitution,330,,[],in,0,9,Yunus Emre,Sonsirma,Yunus Emre,Sonsirma,Y,S,Y,S,Y. Sonsirma,ALİAĞA PETKİM SPOR,PTK,Y. Sonsirma,9,,,,,,SUB,in,ALİAĞA PETKİM SPOR substitution in,,,,,,,,,0,101,2.0,,0,38,0,35
01:23,01:23:00,38,36,2,2,2,REGULAR,68,Y. FRANKE,1,freethrow,331,,[],1of2,1,5,Yannick Ayrton,Franke,Yannick Ayrton,Franke,Y,F,Y,F,Y. Franke,ALİAĞA PETKİM SPOR,PTK,Y. Franke,5,,,,,,FT,made,ALİAĞA PETKİM SPOR Y. FRANKE FT 1of2 made,,,,,,,,,1,101,2.0,made_ft,0,38,1,36
01:23,01:23:00,38,37,1,2,2,REGULAR,68,Y. FRANKE,1,freethrow,332,,[],2of2,1,5,Yannick Ayrton,Franke,Yannick Ayrton,Franke,Y,F,Y,F,Y. Franke,ALİAĞA PETKİM SPOR,PTK,Y. Franke,5,,,,,,FT,made,ALİAĞA PETKİM SPOR Y. FRANKE FT 2of2 made,,,,,,,,,1,102,1.0,made_ft_last,0,38,1,37
01:07,01:07:00,40,37,3,1,2,REGULAR,11,M. SENLI,1,2pt,334,,[],jumpshot,1,65,Muhammed Dogan,Senli,Muhammed Dogan,Senli,M,S,M,S,M. Senli,ONVO BÜYÜKÇEKMECE BASKETBOL,BÇB,M. Senli,65,,,24.520000457764,64.519996643066,1.0,P2,made,ONVO BÜYÜKÇEKMECE BASKETBOL M. SENLI 2Pt made,13.0,1.0,K. VAN DER VUURST DE VRIES,,,,,,2,103,2.0,score,2,40,0,37
01:07,01:07:00,40,37,3,1,2,REGULAR,13,K. VAN DER VUURST DE VRIES,1,assist,335,334,[],,0,1,Keye Jord,Van Der Vuurst De Vries,Keye Jord,Van Der Vuurst De Vries,K,V,K,V,K. Van Der Vuurst De Vries,ONVO BÜYÜKÇEKMECE BASKETBOL,BÇB,K. Van Der Vuurst De Vries,1,,,,,,ASS,,ONVO BÜYÜKÇEKMECE BASKETBOL K. VAN DER VUURST DE VRIES assist,,,,,,,,,0,104,1.0,,0,40,0,37
00:44,00:44:90,40,39,1,2,2,REGULAR,67,D. EFIANAYI JR,1,2pt,336,,['pointsinthepaint'],jumpshot,1,4,David Tinsley Eghosa,Efianayi Jr,David Tinsley Eghosa,Efianayi Jr,D,E,D,E,D. Efianayi Jr,ALİAĞA PETKİM SPOR,PTK,D. Efianayi Jr,4,,,83.180000305176,41.069999694824,1.0,P2,made,ALİAĞA PETKİM SPOR D. EFIANAYI JR 2Pt made,,,,,,,,,2,104,1.0,score,0,40,2,39
00:33,00:33:00,42,39,3,1,2,REGULAR,4,E. BRUINSMA,1,2pt,337,,['pointsinthepaint'],layup,1,33,Evan John,Bruinsma,Evan John,Bruinsma,E,B,E,B,E. Bruinsma,ONVO BÜYÜKÇEKMECE BASKETBOL,BÇB,E. Bruinsma,33,,,4.8699998855591,53.220001220703,1.0,P2,made,ONVO BÜYÜKÇEKMECE BASKETBOL E. BRUINSMA 2Pt made,13.0,1.0,K. VAN DER VUURST DE VRIES,,,,,,2,105,2.0,score,2,42,0,39
00:33,00:33:00,42,39,3,1,2,REGULAR,13,K. VAN DER VUURST DE VRIES,1,assist,338,337,[],,0,1,Keye Jord,Van Der Vuurst De Vries,Keye Jord,Van Der Vuurst De Vries,K,V,K,V,K. Van Der Vuurst De Vries,ONVO BÜYÜKÇEKMECE BASKETBOL,BÇB,K. Van Der Vuurst De Vries,1,,,,,,ASS,,ONVO BÜYÜKÇEKMECE BASKETBOL K. VAN DER VUURST DE VRIES assist,,,,,,,,,0,106,1.0,,0,42,0,39
00:19,00:19:70,42,39,3,1,2,REGULAR,5,J. LECQUE,1,foul,340,,['2freethrow'],personal,0,0,Jalen Evander,Lecque,Jalen Evander,Lecque,J,L,J,L,J. Lecque,ONVO BÜYÜKÇEKMECE BASKETBOL,BÇB,J. Lecque,0,,,,,,FOUL,,ONVO BÜYÜKÇEKMECE BASKETBOL J. LECQUE foul personal,,,,,,,,,0,106,1.0,,0,42,0,39
00:19,00:19:70,42,39,3,2,2,REGULAR,67,D. EFIANAYI JR,1,foulon,341,340,[],,0,4,David Tinsley Eghosa,Efianayi Jr,David Tinsley Eghosa,Efianayi Jr,D,E,D,E,D. Efianayi Jr,ALİAĞA PETKİM SPOR,PTK,D. Efianayi Jr,4,,,,,,OTHER,,ALİAĞA PETKİM SPOR foulon,,,,,,,,,0,106,1.0,,0,42,0,39
00:19,00:19:70,42,39,3,2,2,REGULAR,64,M. SAJUS,1,substitution,342,,[],out,0,19,Martynas,Sajus,Martynas,Sajus,M,S,M,S,M. Sajus,ALİAĞA PETKİM SPOR,PTK,M. Sajus,19,,,,,,SUB,out,ALİAĞA PETKİM SPOR substitution out,,,,,,,,,0,106,1.0,,0,42,0,39
00:19,00:19:70,42,39,3,2,2,REGULAR,66,J. FLOYD,1,substitution,343,,[],in,0,20,Jehyve Jamal,Floyd,Jehyve Jamal,Floyd,J,F,J,F,J. Floyd,ALİAĞA PETKİM SPOR,PTK,J. Floyd,20,,,,,,SUB,in,ALİAĞA PETKİM SPOR substitution in,,,,,,,,,0,106,1.0,,0,42,0,39
00:19,00:19:70,42,40,2,2,2,REGULAR,67,D. EFIANAYI JR,1,freethrow,344,,[],1of2,1,4,David Tinsley Eghosa,Efianayi Jr,David Tinsley Eghosa,Efianayi Jr,D,E,D,E,D. Efianayi Jr,ALİAĞA PETKİM SPOR,PTK,D. Efianayi Jr,4,,,,,,FT,made,ALİAĞA PETKİM SPOR D. EFIANAYI JR FT 1of2 made,,,,,,,,,1,106,1.0,made_ft,0,42,1,40
00:19,00:19:70,42,41,1,2,2,REGULAR,67,D. EFIANAYI JR,1,freethrow,345,,[],2of2,1,4,David Tinsley Eghosa,Efianayi Jr,David Tinsley Eghosa,Efianayi Jr,D,E,D,E,D. Efianayi Jr,ALİAĞA PETKİM SPOR,PTK,D. Efianayi Jr,4,,,,,,FT,made,ALİAĞA PETKİM SPOR D. EFIANAYI JR FT 2of2 made,,,,,,,,,1,107,2.0,made_ft_last,0,42,1,41
00:07,00:07:10,45,41,4,1,2,REGULAR,7,S. PIPES JR,1,3pt,347,,[],jumpshot,1,11,Shawn Oneal,Pipes Jr,Shawn Oneal,Pipes Jr,S,P,S,P,S. Pipes Jr,ONVO BÜYÜKÇEKMECE BASKETBOL,BÇB,S. Pipes Jr,11,,,22.340000152588,14.239999771118,1.0,P3,made,ONVO BÜYÜKÇEKMECE BASKETBOL S. PIPES JR 3Pt made,13.0,1.0,K. VAN DER VUURST DE VRIES,,,,,,3,108,1.0,score,3,45,0,41
00:07,00:07:10,45,41,4,1,2,REGULAR,13,K. VAN DER VUURST DE VRIES,1,assist,348,347,[],,0,1,Keye Jord,Van Der Vuurst De Vries,Keye Jord,Van Der Vuurst De Vries,K,V,K,V,K. Van Der Vuurst De Vries,ONVO BÜYÜKÇEKMECE BASKETBOL,BÇB,K. Van Der Vuurst De Vries,1,,,,,,ASS,,ONVO BÜYÜKÇEKMECE BASKETBOL K. VAN DER VUURST DE VRIES assist,,,,,,,,,0,109,2.0,,0,45,0,41
00:00,00:00:00,45,41,4,0,2,REGULAR,0,,1,period,350,,['confirmed'],end,0,,,,,,,,,,,,,,,,,,,,OTHER,,period end,,,,,,,,,0,109,2.0,,0,45,0,41
10:00,10:00:00,45,41,4,2,3,REGULAR,68,Y. FRANKE,1,substitution,351,,[],out,0,5,Yannick Ayrton,Franke,Yannick Ayrton,Franke,Y,F,Y,F,Y. Franke,ALİAĞA PETKİM SPOR,PTK,Y. Franke,5,,,,,,SUB,out,ALİAĞA PETKİM SPOR substitution out,,,,,,,,,0,109,2.0,,0,45,0,41
10:00,10:00:00,45,41,4,2,3,REGULAR,65,R. BLUMBERGS,1,substitution,352,,[],out,0,6,Roberts,Blumbergs,Roberts,Blumbergs,R,B,R,B,R. Blumbergs,ALİAĞA PETKİM SPOR,PTK,R. Blumbergs,6,,,,,,SUB,out,ALİAĞA PETKİM SPOR substitution out,,,,,,,,,0,109,2.0,,0,45,0,41
10:00,10:00:00,45,41,4,2,3,REGULAR,42,Y. SONSIRMA,1,substitution,353,,[],out,0,9,Yunus Emre,Sonsirma,Yunus Emre,Sonsirma,Y,S,Y,S,Y. Sonsirma,ALİAĞA PETKİM SPOR,PTK,Y. Sonsirma,9,,,,,,SUB,out,ALİAĞA PETKİM SPOR substitution out,,,,,,,,,0,109,2.0,,0,45,0,41
10:00,10:00:00,45,41,4,2,3,REGULAR,66,J. FLOYD,1,substitution,354,,[],out,0,20,Jehyve Jamal,Floyd,Jehyve Jamal,Floyd,J,F,J,F,J. Floyd,ALİAĞA PETKİM SPOR,PTK,J. Floyd,20,,,,,,SUB,out,ALİAĞA PETKİM SPOR substitution out,,,,,,,,,0,109,2.0,,0,45,0,41
10:00,10:00:00,45,41,4,2,3,REGULAR,70,U. UTOMI,1,substitution,355,,[],in,0,8,Uzodinma,Utomi,Uzodinma,Utomi,U,U,U,U,U. Utomi,ALİAĞA PETKİM SPOR,PTK,U. Utomi,8,,,,,,SUB,in,ALİAĞA PETKİM SPOR substitution in,,,,,,,,,0,109,2.0,,0,45,0,41
10:00,10:00:00,45,41,4,2,3,REGULAR,44,T. SAV,1,substitution,356,,[],in,0,15,Troy Selim,Sav,Troy Selim,Sav,T,S,T,S,T. Sav,ALİAĞA PETKİM SPOR,PTK,T. Sav,15,,,,,,SUB,in,ALİAĞA PETKİM SPOR substitution in,,,,,,,,,0,109,2.0,,0,45,0,41
10:00,10:00:00,45,41,4,2,3,REGULAR,64,M. SAJUS,1,substitution,357,,[],in,0,19,Martynas,Sajus,Martynas,Sajus,M,S,M,S,M. Sajus,ALİAĞA PETKİM SPOR,PTK,M. Sajus,19,,,,,,SUB,in,ALİAĞA PETKİM SPOR substitution in,,,,,,,,,0,109,2.0,,0,45,0,41
10:00,10:00:00,45,41,4,2,3,REGULAR,98,P. SCRUBB,1,substitution,358,,[],in,0,23,Philip Alexander,Scrubb,Philip Alexander,Scrubb,P,S,P,S,P. Scrubb,ALİAĞA PETKİM SPOR,PTK,P. Scrubb,23,,,,,,SUB,in,ALİAĞA PETKİM SPOR substitution in,,,,,,,,,0,109,2.0,,0,45,0,41
10:00,10:00:00,45,41,4,0,3,REGULAR,0,,1,period,359,,[],start,0,,,,,,,,,,,,,,,,,,,,OTHER,,period start,,,,,,,,,0,109,2.0,,0,45,0,41
09:47,09:47:00,45,44,1,2,3,REGULAR,98,P. SCRUBB,1,3pt,361,,[],jumpshot,1,23,Philip Alexander,Scrubb,Philip Alexander,Scrubb,P,S,P,S,P. Scrubb,ALİAĞA PETKİM SPOR,PTK,P. Scrubb,23,,,27.020000457764,79.48999786377,1.0,P3,made,ALİAĞA PETKİM SPOR P. SCRUBB 3Pt made,,,,,,,,,3,109,2.0,score,0,45,3,44
09:29,09:29:00,45,44,1,2,3,REGULAR,44,T. SAV,1,foul,363,,[],personal,0,15,Troy Selim,Sav,Troy Selim,Sav,T,S,T,S,T. Sav,ALİAĞA PETKİM SPOR,PTK,T. Sav,15,,,,,,FOUL,,ALİAĞA PETKİM SPOR T. SAV foul personal,,,,,,,,,0,110,1.0,,0,45,0,44
09:29,09:29:00,45,44,1,1,3,REGULAR,4,E. BRUINSMA,1,foulon,364,363,[],,0,33,Evan John,Bruinsma,Evan John,Bruinsma,E,B,E,B,E. Bruinsma,ONVO BÜYÜKÇEKMECE BASKETBOL,BÇB,E. Bruinsma,33,,,,,,OTHER,,ONVO BÜYÜKÇEKMECE BASKETBOL foulon,,,,,,,,,0,110,1.0,,0,45,0,44
09:23,09:23:00,48,44,4,1,3,REGULAR,4,E. BRUINSMA,1,3pt,366,,[],jumpshot,1,33,Evan John,Bruinsma,Evan John,Bruinsma,E,B,E,B,E. Bruinsma,ONVO BÜYÜKÇEKMECE BASKETBOL,BÇB,E. Bruinsma,33,,,80.370002746582,93.330001831055,1.0,P3,made,ONVO BÜYÜKÇEKMECE BASKETBOL E. BRUINSMA 3Pt made,7.0,1.0,S. PIPES JR,,,,,,3,110,1.0,score,3,48,0,44
09:23,09:23:00,48,44,4,1,3,REGULAR,7,S. PIPES JR,1,assist,367,366,[],,0,11,Shawn Oneal,Pipes Jr,Shawn Oneal,Pipes Jr,S,P,S,P,S. Pipes Jr,ONVO BÜYÜKÇEKMECE BASKETBOL,BÇB,S. Pipes Jr,11,,,,,,ASS,,ONVO BÜYÜKÇEKMECE BASKETBOL S. PIPES JR assist,,,,,,,,,0,111,2.0,,0,48,0,44
08:56,08:56:00,48,44,4,1,3,REGULAR,11,M. SENLI,1,foul,371,,"['shooting', '2freethrow']",personal,0,65,Muhammed Dogan,Senli,Muhammed Dogan,Senli,M,S,M,S,M. Senli,ONVO BÜYÜKÇEKMECE BASKETBOL,BÇB,M. Senli,65,,,,,,FOUL,,ONVO BÜYÜKÇEKMECE BASKETBOL M. SENLI foul personal,,,,,,,,,0,111,2.0,,0,48,0,44
08:56,08:56:00,48,44,4,2,3,REGULAR,64,M. SAJUS,1,foulon,372,371,[],,0,19,Martynas,Sajus,Martynas,Sajus,M,S,M,S,M. Sajus,ALİAĞA PETKİM SPOR,PTK,M. Sajus,19,,,,,,OTHER,,ALİAĞA PETKİM SPOR foulon,,,,,,,,,0,111,2.0,,0,48,0,44
08:56,08:56:00,48,45,3,2,3,REGULAR,64,M. SAJUS,1,freethrow,373,,[],1of2,1,19,Martynas,Sajus,Martynas,Sajus,M,S,M,S,M. Sajus,ALİAĞA PETKİM SPOR,PTK,M. Sajus,19,,,,,,FT,made,ALİAĞA PETKİM SPOR M. SAJUS FT 1of2 made,,,,,,,,,1,111,2.0,made_ft,0,48,1,45
08:56,08:56:00,48,45,3,2,3,REGULAR,67,D. EFIANAYI JR,1,assist,374,373,[],,0,4,David Tinsley Eghosa,Efianayi Jr,David Tinsley Eghosa,Efianayi Jr,D,E,D,E,D. Efianayi Jr,ALİAĞA PETKİM SPOR,PTK,D. Efianayi Jr,4,,,,,,ASS,,ALİAĞA PETKİM SPOR D. EFIANAYI JR assist,,,,,,,,,0,112,1.0,,0,48,0,45
08:56,08:56:00,48,46,2,2,3,REGULAR,64,M. SAJUS,1,freethrow,375,,[],2of2,1,19,Martynas,Sajus,Martynas,Sajus,M,S,M,S,M. Sajus,ALİAĞA PETKİM SPOR,PTK,M. Sajus,19,,,,,,FT,made,ALİAĞA PETKİM SPOR M. SAJUS FT 2of2 made,,,,,,,,,1,112,1.0,made_ft_last,0,48,1,46
08:38,08:38:00,51,46,5,1,3,REGULAR,7,S. PIPES JR,1,3pt,377,,[],jumpshot,1,11,Shawn Oneal,Pipes Jr,Shawn Oneal,Pipes Jr,S,P,S,P,S. Pipes Jr,ONVO BÜYÜKÇEKMECE BASKETBOL,BÇB,S. Pipes Jr,11,,,68.830001831055,78.080001831055,1.0,P3,made,ONVO BÜYÜKÇEKMECE BASKETBOL S. PIPES JR 3Pt made,,,,,,,,,3,113,2.0,score,3,51,0,46
08:15,08:15:00,51,46,5,2,3,REGULAR,64,M. SAJUS,0,2pt,378,,['pointsinthepaint'],hookshot,1,19,Martynas,Sajus,Martynas,Sajus,M,S,M,S,M. Sajus,ALİAĞA PETKİM SPOR,PTK,M. Sajus,19,,,9.6999998092651,46.159999847412,0.0,P2,missed,ALİAĞA PETKİM SPOR M. SAJUS 2Pt missed,,,,,,,,,0,114,1.0,,0,51,0,46
08:12,08:12:00,51,46,5,2,3,REGULAR,44,T. SAV,1,rebound,379,378,[],offensive,0,15,Troy Selim,Sav,Troy Selim,Sav,T,S,T,S,T. Sav,ALİAĞA PETKİM SPOR,PTK,T. Sav,15,,,,,,REB,,ALİAĞA PETKİM SPOR rebound offensive,,,,,,,,,0,114,1.0,,0,51,0,46
08:12,08:12:00,51,46,5,1,3,REGULAR,11,M. SENLI,1,foul,381,,[],personal,0,65,Muhammed Dogan,Senli,Muhammed Dogan,Senli,M,S,M,S,M. Senli,ONVO BÜYÜKÇEKMECE BASKETBOL,BÇB,M. Senli,65,,,,,,FOUL,,ONVO BÜYÜKÇEKMECE BASKETBOL M. SENLI foul personal,,,,,,,,,0,114,1.0,,0,51,0,46
08:12,08:12:00,51,46,5,2,3,REGULAR,44,T. SAV,1,foulon,382,381,[],,0,15,Troy Selim,Sav,Troy Selim,Sav,T,S,T,S,T. Sav,ALİAĞA PETKİM SPOR,PTK,T. Sav,15,,,,,,OTHER,,ALİAĞA PETKİM SPOR foulon,,,,,,,,,0,114,1.0,,0,51,0,46
08:10,08:10:00,51,46,5,2,3,REGULAR,98,P. SCRUBB,0,3pt,384,,['2ndchance'],jumpshot,1,23,Philip Alexander,Scrubb,Philip Alexander,Scrubb,P,S,P,S,P. Scrubb,ALİAĞA PETKİM SPOR,PTK,P. Scrubb,23,,,30.139999389648,62.259998321533,0.0,P3,missed,ALİAĞA PETKİM SPOR P. SCRUBB 3Pt missed,,,,,,,,,0,114,1.0,def_reb,0,51,0,46
08:07,08:07:00,51,46,5,1,3,REGULAR,4,E. BRUINSMA,1,rebound,385,384,[],defensive,0,33,Evan John,Bruinsma,Evan John,Bruinsma,E,B,E,B,E. Bruinsma,ONVO BÜYÜKÇEKMECE BASKETBOL,BÇB,E. Bruinsma,33,,,,,,REB,,ONVO BÜYÜKÇEKMECE BASKETBOL rebound defensive,,,,,,,,,0,115,2.0,def_reb,0,51,0,46
07:55,07:55:00,51,46,5,1,3,REGULAR,11,M. SENLI,0,2pt,386,,"['pointsinthepaint', 'blocked']",layup,1,65,Muhammed Dogan,Senli,Muhammed Dogan,Senli,M,S,M,S,M. Senli,ONVO BÜYÜKÇEKMECE BASKETBOL,BÇB,M. Senli,65,,,92.389999389648,54.919998168945,0.0,P2,missed,ONVO BÜYÜKÇEKMECE BASKETBOL M. SENLI 2Pt missed,,,,64.0,2.0,M. SAJUS,,,0,116,1.0,,0,51,0,46
07:55,07:55:00,51,46,5,2,3,REGULAR,64,M. SAJUS,1,block,387,386,[],,0,19,Martynas,Sajus,Martynas,Sajus,M,S,M,S,M. Sajus,ALİAĞA PETKİM SPOR,PTK,M. Sajus,19,,,,,,BS,,ALİAĞA PETKİM SPOR M. SAJUS block,,,,,,,,,0,116,1.0,,0,51,0,46
07:52,07:52:00,51,46,5,2,3,REGULAR,44,T. SAV,1,rebound,388,386,[],defensive,0,15,Troy Selim,Sav,Troy Selim,Sav,T,S,T,S,T. Sav,ALİAĞA PETKİM SPOR,PTK,T. Sav,15,,,,,,REB,,ALİAĞA PETKİM SPOR rebound defensive,,,,,,,,,0,116,1.0,def_reb,0,51,0,46
07:49,07:49:00,51,46,5,1,3,REGULAR,13,K. VAN DER VUURST DE VRIES,1,foul,392,,[],personal,0,1,Keye Jord,Van Der Vuurst De Vries,Keye Jord,Van Der Vuurst De Vries,K,V,K,V,K. Van Der Vuurst De Vries,ONVO BÜYÜKÇEKMECE BASKETBOL,BÇB,K. Van Der Vuurst De Vries,1,,,,,,FOUL,,ONVO BÜYÜKÇEKMECE BASKETBOL K. VAN DER VUURST DE VRIES foul personal,,,,,,,,,0,117,2.0,,0,51,0,46
07:49,07:49:00,51,46,5,2,3,REGULAR,67,D. EFIANAYI JR,1,foulon,393,392,[],,0,4,David Tinsley Eghosa,Efianayi Jr,David Tinsley Eghosa,Efianayi Jr,D,E,D,E,D. Efianayi Jr,ALİAĞA PETKİM SPOR,PTK,D. Efianayi Jr,4,,,,,,OTHER,,ALİAĞA PETKİM SPOR foulon,,,,,,,,,0,117,2.0,,0,51,0,46
07:49,07:49:00,51,46,5,1,3,REGULAR,11,M. SENLI,1,substitution,394,,[],out,0,65,Muhammed Dogan,Senli,Muhammed Dogan,Senli,M,S,M,S,M. Senli,ONVO BÜYÜKÇEKMECE BASKETBOL,BÇB,M. Senli,65,,,,,,SUB,out,ONVO BÜYÜKÇEKMECE BASKETBOL substitution out,,,,,,,,,0,117,2.0,,0,51,0,46
07:49,07:49:00,51,46,5,1,3,REGULAR,12,A. BANDAOGO,1,substitution,395,,[],in,0,55,Abdou Aziz,Bandaogo,Abdou Aziz,Bandaogo,A,B,A,B,A. Bandaogo,ONVO BÜYÜKÇEKMECE BASKETBOL,BÇB,A. Bandaogo,55,,,,,,SUB,in,ONVO BÜYÜKÇEKMECE BASKETBOL substitution in,,,,,,,,,0,117,2.0,,0,51,0,46
07:49,07:49:00,51,46,5,1,3,REGULAR,8,Y. ÖZKAN,1,substitution,397,,[],in,0,2,Yigit,Özkan,Yigit,Özkan,Y,Ö,Y,Ö,Y. Özkan,ONVO BÜYÜKÇEKMECE BASKETBOL,BÇB,Y. Özkan,2,,,,,,SUB,in,ONVO BÜYÜKÇEKMECE BASKETBOL substitution in,,,,,,,,,0,117,2.0,,0,51,0,46
07:38,07:38:00,51,46,5,2,3,REGULAR,70,U. UTOMI,0,2pt,399,,[],fadeaway,1,8,Uzodinma,Utomi,Uzodinma,Utomi,U,U,U,U,U. Utomi,ALİAĞA PETKİM SPOR,PTK,U. Utomi,8,,,12.199999809265,69.599998474121,0.0,P2,missed,ALİAĞA PETKİM SPOR U. UTOMI 2Pt missed,,,,,,,,,0,117,2.0,def_reb,0,51,0,46
07:35,07:35:00,51,46,5,1,3,REGULAR,12,A. BANDAOGO,1,rebound,400,399,[],defensive,0,55,Abdou Aziz,Bandaogo,Abdou Aziz,Bandaogo,A,B,A,B,A. Bandaogo,ONVO BÜYÜKÇEKMECE BASKETBOL,BÇB,A. Bandaogo,55,,,,,,REB,,ONVO BÜYÜKÇEKMECE BASKETBOL rebound defensive,,,,,,,,,0,118,1.0,def_reb,0,51,0,46
07:25,07:25:00,51,46,5,2,3,REGULAR,70,U. UTOMI,1,foul,402,,[],personal,0,8,Uzodinma,Utomi,Uzodinma,Utomi,U,U,U,U,U. Utomi,ALİAĞA PETKİM SPOR,PTK,U. Utomi,8,,,,,,FOUL,,ALİAĞA PETKİM SPOR U. UTOMI foul personal,,,,,,,,,0,119,2.0,,0,51,0,46
07:25,07:25:00,51,46,5,1,3,REGULAR,7,S. PIPES JR,1,foulon,403,402,[],,0,11,Shawn Oneal,Pipes Jr,Shawn Oneal,Pipes Jr,S,P,S,P,S. Pipes Jr,ONVO BÜYÜKÇEKMECE BASKETBOL,BÇB,S. Pipes Jr,11,,,,,,OTHER,,ONVO BÜYÜKÇEKMECE BASKETBOL foulon,,,,,,,,,0,119,2.0,,0,51,0,46
07:49,07:49:00,51,46,5,1,3,REGULAR,5,J. LECQUE,1,substitution,406,,[],out,0,0,Jalen Evander,Lecque,Jalen Evander,Lecque,J,L,J,L,J. Lecque,ONVO BÜYÜKÇEKMECE BASKETBOL,BÇB,J. Lecque,0,,,,,,SUB,out,ONVO BÜYÜKÇEKMECE BASKETBOL substitution out,,,,,,,,,0,119,2.0,,0,51,0,46
07:12,07:12:00,51,46,5,1,3,REGULAR,4,E. BRUINSMA,0,2pt,407,,['pointsinthepaint'],floatingjumpshot,1,33,Evan John,Bruinsma,Evan John,Bruinsma,E,B,E,B,E. Bruinsma,ONVO BÜYÜKÇEKMECE BASKETBOL,BÇB,E. Bruinsma,33,,,93.480003356934,58.310001373291,0.0,P2,missed,ONVO BÜYÜKÇEKMECE BASKETBOL E. BRUINSMA 2Pt missed,,,,,,,,,0,119,2.0,def_reb,0,51,0,46
07:10,07:10:00,51,46,5,2,3,REGULAR,64,M. SAJUS,1,rebound,408,407,[],defensive,0,19,Martynas,Sajus,Martynas,Sajus,M,S,M,S,M. Sajus,ALİAĞA PETKİM SPOR,PTK,M. Sajus,19,,,,,,REB,,ALİAĞA PETKİM SPOR rebound defensive,,,,,,,,,0,120,1.0,def_reb,0,51,0,46
06:58,06:58:00,51,48,3,2,3,REGULAR,67,D. EFIANAYI JR,1,2pt,409,,['pointsinthepaint'],layup,1,4,David Tinsley Eghosa,Efianayi Jr,David Tinsley Eghosa,Efianayi Jr,D,E,D,E,D. Efianayi Jr,ALİAĞA PETKİM SPOR,PTK,D. Efianayi Jr,4,,,9.5500001907349,39.659999847412,1.0,P2,made,ALİAĞA PETKİM SPOR D. EFIANAYI JR 2Pt made,,,,,,,,,2,121,2.0,score,0,51,2,48
06:36,06:36:00,51,48,3,1,3,REGULAR,7,S. PIPES JR,0,3pt,410,,[],jumpshot,1,11,Shawn Oneal,Pipes Jr,Shawn Oneal,Pipes Jr,S,P,S,P,S. Pipes Jr,ONVO BÜYÜKÇEKMECE BASKETBOL,BÇB,S. Pipes Jr,11,,,71.169998168945,81.190002441406,0.0,P3,missed,ONVO BÜYÜKÇEKMECE BASKETBOL S. PIPES JR 3Pt missed,,,,,,,,,0,122,1.0,def_reb,0,51,0,48
06:34,06:34:00,51,48,3,2,3,REGULAR,0,,1,rebound,412,410,['team'],defensive,0,,,,,,,,,,,ALİAĞA PETKİM SPOR,PTK,,,,,,,,TREB,,ALİAĞA PETKİM SPOR team rebound defensive,,,,,,,,,0,123,2.0,def_reb,0,51,0,48
06:23,06:23:00,51,48,3,2,3,REGULAR,67,D. EFIANAYI JR,1,turnover,414,,[],badpass,0,4,David Tinsley Eghosa,Efianayi Jr,David Tinsley Eghosa,Efianayi Jr,D,E,D,E,D. Efianayi Jr,ALİAĞA PETKİM SPOR,PTK,D. Efianayi Jr,4,,,,,,TO,,ALİAĞA PETKİM SPOR D. EFIANAYI JR turnover badpass,,,,,,,,,0,124,1.0,turnover,0,51,0,48
06:23,06:23:00,51,48,3,1,3,REGULAR,12,A. BANDAOGO,1,steal,415,414,[],,0,55,Abdou Aziz,Bandaogo,Abdou Aziz,Bandaogo,A,B,A,B,A. Bandaogo,ONVO BÜYÜKÇEKMECE BASKETBOL,BÇB,A. Bandaogo,55,,,,,,ST,,ONVO BÜYÜKÇEKMECE BASKETBOL A. BANDAOGO steal,,,,,,,,,0,125,2.0,,0,51,0,48
06:15,06:15:00,53,48,5,1,3,REGULAR,12,A. BANDAOGO,1,2pt,416,,"['fromturnover', 'pointsinthepaint', 'fastbreak']",alleyoopdunk,1,55,Abdou Aziz,Bandaogo,Abdou Aziz,Bandaogo,A,B,A,B,A. Bandaogo,ONVO BÜYÜKÇEKMECE BASKETBOL,BÇB,A. Bandaogo,55,,,94.26000213623,44.180000305176,1.0,P2,made,ONVO BÜYÜKÇEKMECE BASKETBOL A. BANDAOGO 2Pt made,8.0,1.0,Y. ÖZKAN,,,,,,2,125,2.0,score,2,53,0,48
06:15,06:15:00,53,48,5,1,3,REGULAR,8,Y. ÖZKAN,1,assist,420,416,[],,0,2,Yigit,Özkan,Yigit,Özkan,Y,Ö,Y,Ö,Y. Özkan,ONVO BÜYÜKÇEKMECE BASKETBOL,BÇB,Y. Özkan,2,,,,,,ASS,,ONVO BÜYÜKÇEKMECE BASKETBOL Y. ÖZKAN assist,,,,,,,,,0,126,1.0,,0,53,0,48
06:11,06:11:00,53,48,5,1,3,REGULAR,12,A. BANDAOGO,1,foul,421,,['2freethrow'],unsportsmanlike,0,55,Abdou Aziz,Bandaogo,Abdou Aziz,Bandaogo,A,B,A,B,A. Bandaogo,ONVO BÜYÜKÇEKMECE BASKETBOL,BÇB,A. Bandaogo,55,,,,,,FOUL,,ONVO BÜYÜKÇEKMECE BASKETBOL A. BANDAOGO foul unsportsmanlike,,,,,,,,,0,126,1.0,,0,53,0,48
06:11,06:11:00,53,48,5,2,3,REGULAR,64,M. SAJUS,1,foulon,422,421,[],,0,19,Martynas,Sajus,Martynas,Sajus,M,S,M,S,M. Sajus,ALİAĞA PETKİM SPOR,PTK,M. Sajus,19,,,,,,OTHER,,ALİAĞA PETKİM SPOR foulon,,,,,,,,,0,126,1.0,,0,53,0,48
06:11,06:11:00,53,50,3,1,3,REGULAR,12,A. BANDAOGO,1,substitution,423,,[],out,0,55,Abdou Aziz,Bandaogo,Abdou Aziz,Bandaogo,A,B,A,B,A. Bandaogo,ONVO BÜYÜKÇEKMECE BASKETBOL,BÇB,A. Bandaogo,55,,,,,,SUB,out,ONVO BÜYÜKÇEKMECE BASKETBOL substitution out,,,,,,,,,0,126,1.0,,0,53,0,48
06:11,06:11:00,53,50,3,1,3,REGULAR,11,M. SENLI,1,substitution,424,,[],in,0,65,Muhammed Dogan,Senli,Muhammed Dogan,Senli,M,S,M,S,M. Senli,ONVO BÜYÜKÇEKMECE BASKETBOL,BÇB,M. Senli,65,,,,,,SUB,in,ONVO BÜYÜKÇEKMECE BASKETBOL substitution in,,,,,,,,,0,126,1.0,,0,53,0,48
06:11,06:11:00,53,49,4,2,3,REGULAR,64,M. SAJUS,1,freethrow,425,,[],1of2,1,19,Martynas,Sajus,Martynas,Sajus,M,S,M,S,M. Sajus,ALİAĞA PETKİM SPOR,PTK,M. Sajus,19,,,,,,FT,made,ALİAĞA PETKİM SPOR M. SAJUS FT 1of2 made,,,,,,,,,1,126,1.0,made_ft,0,53,1,49
06:11,06:11:00,53,50,3,2,3,REGULAR,64,M. SAJUS,1,freethrow,426,,[],2of2,1,19,Martynas,Sajus,Martynas,Sajus,M,S,M,S,M. Sajus,ALİAĞA PETKİM SPOR,PTK,M. Sajus,19,,,,,,FT,made,ALİAĞA PETKİM SPOR M. SAJUS FT 2of2 made,,,,,,,,,1,127,2.0,made_ft_last,0,53,1,50
06:11,06:11:00,53,50,3,2,3,REGULAR,70,U. UTOMI,1,substitution,427,,[],out,0,8,Uzodinma,Utomi,Uzodinma,Utomi,U,U,U,U,U. Utomi,ALİAĞA PETKİM SPOR,PTK,U. Utomi,8,,,,,,SUB,out,ALİAĞA PETKİM SPOR substitution out,,,,,,,,,0,128,1.0,,0,53,0,50
06:11,06:11:00,53,50,3,2,3,REGULAR,68,Y. FRANKE,1,substitution,428,,[],in,0,5,Yannick Ayrton,Franke,Yannick Ayrton,Franke,Y,F,Y,F,Y. Franke,ALİAĞA PETKİM SPOR,PTK,Y. Franke,5,,,,,,SUB,in,ALİAĞA PETKİM SPOR substitution in,,,,,,,,,0,128,1.0,,0,53,0,50
06:00,06:00:00,53,50,3,2,3,REGULAR,67,D. EFIANAYI JR,0,3pt,430,,[],jumpshot,1,4,David Tinsley Eghosa,Efianayi Jr,David Tinsley Eghosa,Efianayi Jr,D,E,D,E,D. Efianayi Jr,ALİAĞA PETKİM SPOR,PTK,D. Efianayi Jr,4,,,31.229999542236,49.270000457764,0.0,P3,missed,ALİAĞA PETKİM SPOR D. EFIANAYI JR 3Pt missed,,,,,,,,,0,128,1.0,def_reb,0,53,0,50
05:56,05:56:00,53,50,3,1,3,REGULAR,13,K. VAN DER VUURST DE VRIES,1,rebound,431,430,[],defensive,0,1,Keye Jord,Van Der Vuurst De Vries,Keye Jord,Van Der Vuurst De Vries,K,V,K,V,K. Van Der Vuurst De Vries,ONVO BÜYÜKÇEKMECE BASKETBOL,BÇB,K. Van Der Vuurst De Vries,1,,,,,,REB,,ONVO BÜYÜKÇEKMECE BASKETBOL rebound defensive,,,,,,,,,0,129,2.0,def_reb,0,53,0,50
05:53,05:53:00,53,50,3,1,3,REGULAR,11,M. SENLI,0,2pt,432,,['pointsinthepaint'],layup,1,65,Muhammed Dogan,Senli,Muhammed Dogan,Senli,M,S,M,S,M. Senli,ONVO BÜYÜKÇEKMECE BASKETBOL,BÇB,M. Senli,65,,,94.26000213623,47.009998321533,0.0,P2,missed,ONVO BÜYÜKÇEKMECE BASKETBOL M. SENLI 2Pt missed,,,,,,,,,0,130,1.0,def_reb,0,53,0,50
05:50,05:50:00,53,50,3,2,3,REGULAR,44,T. SAV,1,rebound,433,432,[],defensive,0,15,Troy Selim,Sav,Troy Selim,Sav,T,S,T,S,T. Sav,ALİAĞA PETKİM SPOR,PTK,T. Sav,15,,,,,,REB,,ALİAĞA PETKİM SPOR rebound defensive,,,,,,,,,0,131,2.0,def_reb,0,53,0,50
05:42,05:42:00,53,53,0,2,3,REGULAR,98,P. SCRUBB,1,3pt,434,,[],jumpshot,1,23,Philip Alexander,Scrubb,Philip Alexander,Scrubb,P,S,P,S,P. Scrubb,ALİAĞA PETKİM SPOR,PTK,P. Scrubb,23,,,8.3000001907349,97.01000213623,1.0,P3,made,ALİAĞA PETKİM SPOR P. SCRUBB 3Pt made,67.0,2.0,D. EFIANAYI JR,,,,,,3,132,1.0,score,0,53,3,53
05:42,05:42:00,53,53,0,2,3,REGULAR,67,D. EFIANAYI JR,1,assist,435,434,[],,0,4,David Tinsley Eghosa,Efianayi Jr,David Tinsley Eghosa,Efianayi Jr,D,E,D,E,D. Efianayi Jr,ALİAĞA PETKİM SPOR,PTK,D. Efianayi Jr,4,,,,,,ASS,,ALİAĞA PETKİM SPOR D. EFIANAYI JR assist,,,,,,,,,0,133,2.0,,0,53,0,53
05:23,05:23:00,53,53,0,1,3,REGULAR,4,E. BRUINSMA,1,turnover,437,,[],badpass,0,33,Evan John,Bruinsma,Evan John,Bruinsma,E,B,E,B,E. Bruinsma,ONVO BÜYÜKÇEKMECE BASKETBOL,BÇB,E. Bruinsma,33,,,,,,TO,,ONVO BÜYÜKÇEKMECE BASKETBOL E. BRUINSMA turnover badpass,,,,,,,,,0,133,2.0,turnover,0,53,0,53
05:23,05:23:00,53,53,0,1,3,REGULAR,8,Y. ÖZKAN,1,substitution,438,,[],out,0,2,Yigit,Özkan,Yigit,Özkan,Y,Ö,Y,Ö,Y. Özkan,ONVO BÜYÜKÇEKMECE BASKETBOL,BÇB,Y. Özkan,2,,,,,,SUB,out,ONVO BÜYÜKÇEKMECE BASKETBOL substitution out,,,,,,,,,0,134,1.0,,0,53,0,53
05:23,05:23:00,53,53,0,1,3,REGULAR,5,J. LECQUE,1,substitution,439,,[],in,0,0,Jalen Evander,Lecque,Jalen Evander,Lecque,J,L,J,L,J. Lecque,ONVO BÜYÜKÇEKMECE BASKETBOL,BÇB,J. Lecque,0,,,,,,SUB,in,ONVO BÜYÜKÇEKMECE BASKETBOL substitution in,,,,,,,,,0,134,1.0,,0,53,0,53
05:04,05:04:00,53,56,-3,2,3,REGULAR,68,Y. FRANKE,1,3pt,441,,['fromturnover'],jumpshot,1,5,Yannick Ayrton,Franke,Yannick Ayrton,Franke,Y,F,Y,F,Y. Franke,ALİAĞA PETKİM SPOR,PTK,Y. Franke,5,,,21.719999313354,13.109999656677,1.0,P3,made,ALİAĞA PETKİM SPOR Y. FRANKE 3Pt made,98.0,2.0,P. SCRUBB,,,,,,3,134,1.0,score,0,53,3,56
05:04,05:04:00,53,56,-3,2,3,REGULAR,98,P. SCRUBB,1,assist,442,441,[],,0,23,Philip Alexander,Scrubb,Philip Alexander,Scrubb,P,S,P,S,P. Scrubb,ALİAĞA PETKİM SPOR,PTK,P. Scrubb,23,,,,,,ASS,,ALİAĞA PETKİM SPOR P. SCRUBB assist,,,,,,,,,0,135,2.0,,0,53,0,56
04:46,04:46:00,53,56,-3,1,3,REGULAR,5,J. LECQUE,0,3pt,443,,[],jumpshot,1,0,Jalen Evander,Lecque,Jalen Evander,Lecque,J,L,J,L,J. Lecque,ONVO BÜYÜKÇEKMECE BASKETBOL,BÇB,J. Lecque,0,,,73.199996948242,83.160003662109,0.0,P3,missed,ONVO BÜYÜKÇEKMECE BASKETBOL J. LECQUE 3Pt missed,,,,,,,,,0,135,2.0,def_reb,0,53,0,56
04:43,04:43:00,53,56,-3,2,3,REGULAR,67,D. EFIANAYI JR,1,rebound,444,443,[],defensive,0,4,David Tinsley Eghosa,Efianayi Jr,David Tinsley Eghosa,Efianayi Jr,D,E,D,E,D. Efianayi Jr,ALİAĞA PETKİM SPOR,PTK,D. Efianayi Jr,4,,,,,,REB,,ALİAĞA PETKİM SPOR rebound defensive,,,,,,,,,0,136,1.0,def_reb,0,53,0,56
04:30,04:30:00,53,56,-3,2,3,REGULAR,68,Y. FRANKE,0,2pt,445,,"['pointsinthepaint', 'blocked']",floatingjumpshot,1,5,Yannick Ayrton,Franke,Yannick Ayrton,Franke,Y,F,Y,F,Y. Franke,ALİAĞA PETKİM SPOR,PTK,Y. Franke,5,,,10.949999809265,56.889999389648,0.0,P2,missed,ALİAĞA PETKİM SPOR Y. FRANKE 2Pt missed,,,,4.0,1.0,E. BRUINSMA,,,0,137,2.0,,0,53,0,56
04:30,04:30:00,53,56,-3,1,3,REGULAR,4,E. BRUINSMA,1,block,446,445,[],,0,33,Evan John,Bruinsma,Evan John,Bruinsma,E,B,E,B,E. Bruinsma,ONVO BÜYÜKÇEKMECE BASKETBOL,BÇB,E. Bruinsma,33,,,,,,BS,,ONVO BÜYÜKÇEKMECE BASKETBOL E. BRUINSMA block,,,,,,,,,0,137,2.0,,0,53,0,56
04:27,04:27:00,53,56,-3,2,3,REGULAR,68,Y. FRANKE,1,rebound,447,445,[],offensive,0,5,Yannick Ayrton,Franke,Yannick Ayrton,Franke,Y,F,Y,F,Y. Franke,ALİAĞA PETKİM SPOR,PTK,Y. Franke,5,,,,,,REB,,ALİAĞA PETKİM SPOR rebound offensive,,,,,,,,,0,137,2.0,,0,53,0,56
04:20,04:20:00,53,56,-3,2,3,REGULAR,68,Y. FRANKE,0,2pt,448,,['2ndchance'],jumpshot,1,5,Yannick Ayrton,Franke,Yannick Ayrton,Franke,Y,F,Y,F,Y. Franke,ALİAĞA PETKİM SPOR,PTK,Y. Franke,5,,,22.180000305176,58.590000152588,0.0,P2,missed,ALİAĞA PETKİM SPOR Y. FRANKE 2Pt missed,,,,,,,,,0,137,2.0,def_reb,0,53,0,56
04:16,04:16:00,53,56,-3,1,3,REGULAR,7,S. PIPES JR,1,rebound,449,448,[],defensive,0,11,Shawn Oneal,Pipes Jr,Shawn Oneal,Pipes Jr,S,P,S,P,S. Pipes Jr,ONVO BÜYÜKÇEKMECE BASKETBOL,BÇB,S. Pipes Jr,11,,,,,,REB,,ONVO BÜYÜKÇEKMECE BASKETBOL rebound defensive,,,,,,,,,0,138,1.0,def_reb,0,53,0,56
04:03,04:03:00,55,56,-1,1,3,REGULAR,11,M. SENLI,1,2pt,450,,['pointsinthepaint'],layup,1,65,Muhammed Dogan,Senli,Muhammed Dogan,Senli,M,S,M,S,M. Senli,ONVO BÜYÜKÇEKMECE BASKETBOL,BÇB,M. Senli,65,,,94.730003356934,48.419998168945,1.0,P2,made,ONVO BÜYÜKÇEKMECE BASKETBOL M. SENLI 2Pt made,13.0,1.0,K. VAN DER VUURST DE VRIES,,,,,,2,139,2.0,score,2,55,0,56
04:03,04:03:00,55,56,-1,1,3,REGULAR,13,K. VAN DER VUURST DE VRIES,1,assist,451,450,[],,0,1,Keye Jord,Van Der Vuurst De Vries,Keye Jord,Van Der Vuurst De Vries,K,V,K,V,K. Van Der Vuurst De Vries,ONVO BÜYÜKÇEKMECE BASKETBOL,BÇB,K. Van Der Vuurst De Vries,1,,,,,,ASS,,ONVO BÜYÜKÇEKMECE BASKETBOL K. VAN DER VUURST DE VRIES assist,,,,,,,,,0,140,1.0,,0,55,0,56
03:45,03:45:00,55,58,-3,2,3,REGULAR,98,P. SCRUBB,1,2pt,452,,[],stepbackjumpshot,1,23,Philip Alexander,Scrubb,Philip Alexander,Scrubb,P,S,P,S,P. Scrubb,ALİAĞA PETKİM SPOR,PTK,P. Scrubb,23,,,24.680000305176,34.009998321533,1.0,P2,made,ALİAĞA PETKİM SPOR P. SCRUBB 2Pt made,,,,,,,,,2,140,1.0,score,0,55,2,58
03:27,03:27:00,55,58,-3,1,3,REGULAR,7,S. PIPES JR,0,3pt,453,,[],jumpshot,1,11,Shawn Oneal,Pipes Jr,Shawn Oneal,Pipes Jr,S,P,S,P,S. Pipes Jr,ONVO BÜYÜKÇEKMECE BASKETBOL,BÇB,S. Pipes Jr,11,,,70.389999389648,31.75,0.0,P3,missed,ONVO BÜYÜKÇEKMECE BASKETBOL S. PIPES JR 3Pt missed,,,,,,,,,0,141,2.0,def_reb,0,55,0,58
03:24,03:24:00,55,58,-3,2,3,REGULAR,44,T. SAV,1,rebound,454,453,[],defensive,0,15,Troy Selim,Sav,Troy Selim,Sav,T,S,T,S,T. Sav,ALİAĞA PETKİM SPOR,PTK,T. Sav,15,,,,,,REB,,ALİAĞA PETKİM SPOR rebound defensive,,,,,,,,,0,142,1.0,def_reb,0,55,0,58
03:14,03:14:00,55,61,-6,2,3,REGULAR,68,Y. FRANKE,1,3pt,455,,[],jumpshot,1,5,Yannick Ayrton,Franke,Yannick Ayrton,Franke,Y,F,Y,F,Y. Franke,ALİAĞA PETKİM SPOR,PTK,Y. Franke,5,,,29.200000762939,33.729999542236,1.0,P3,made,ALİAĞA PETKİM SPOR Y. FRANKE 3Pt made,,,,,,,,,3,143,2.0,score,0,55,3,61
03:10,03:10:00,55,61,-6,1,3,REGULAR,0,,1,timeout,459,,[],full,0,,,,,,,,,,,ONVO BÜYÜKÇEKMECE BASKETBOL,BÇB,,,,,,,,TIMEOUT,,ONVO BÜYÜKÇEKMECE BASKETBOL timeout,,,,,,,,,0,144,1.0,,0,55,0,61
03:10,03:10:00,55,61,-6,0,3,REGULAR,0,,1,timeout,460,,[],officials,0,,,,,,,,,,,,,,,,,,,,TIMEOUT,, timeout,,,,,,,,,0,144,1.0,,0,55,0,61
03:10,03:10:00,55,61,-6,1,3,REGULAR,7,S. PIPES JR,1,substitution,461,,[],out,0,11,Shawn Oneal,Pipes Jr,Shawn Oneal,Pipes Jr,S,P,S,P,S. Pipes Jr,ONVO BÜYÜKÇEKMECE BASKETBOL,BÇB,S. Pipes Jr,11,,,,,,SUB,out,ONVO BÜYÜKÇEKMECE BASKETBOL substitution out,,,,,,,,,0,144,1.0,,0,55,0,61
03:10,03:10:00,55,61,-6,1,3,REGULAR,6,J. JOHNSON,1,substitution,462,,[],in,0,92,Jaron Tremel,Johnson,Jaron Tremel,Johnson,J,J,J,J,J. Johnson,ONVO BÜYÜKÇEKMECE BASKETBOL,BÇB,J. Johnson,92,,,,,,SUB,in,ONVO BÜYÜKÇEKMECE BASKETBOL substitution in,,,,,,,,,0,144,1.0,,0,55,0,61
03:10,03:10:00,55,61,-6,2,3,REGULAR,64,M. SAJUS,1,substitution,463,,[],out,0,19,Martynas,Sajus,Martynas,Sajus,M,S,M,S,M. Sajus,ALİAĞA PETKİM SPOR,PTK,M. Sajus,19,,,,,,SUB,out,ALİAĞA PETKİM SPOR substitution out,,,,,,,,,0,144,1.0,,0,55,0,61
03:10,03:10:00,55,61,-6,2,3,REGULAR,66,J. FLOYD,1,substitution,464,,[],in,0,20,Jehyve Jamal,Floyd,Jehyve Jamal,Floyd,J,F,J,F,J. Floyd,ALİAĞA PETKİM SPOR,PTK,J. Floyd,20,,,,,,SUB,in,ALİAĞA PETKİM SPOR substitution in,,,,,,,,,0,144,1.0,,0,55,0,61
02:58,02:58:00,55,61,-6,2,3,REGULAR,44,T. SAV,1,foul,469,,[],personal,0,15,Troy Selim,Sav,Troy Selim,Sav,T,S,T,S,T. Sav,ALİAĞA PETKİM SPOR,PTK,T. Sav,15,,,,,,FOUL,,ALİAĞA PETKİM SPOR T. SAV foul personal,,,,,,,,,0,144,1.0,,0,55,0,61
02:58,02:58:00,55,61,-6,1,3,REGULAR,13,K. VAN DER VUURST DE VRIES,1,foulon,470,469,[],,0,1,Keye Jord,Van Der Vuurst De Vries,Keye Jord,Van Der Vuurst De Vries,K,V,K,V,K. Van Der Vuurst De Vries,ONVO BÜYÜKÇEKMECE BASKETBOL,BÇB,K. Van Der Vuurst De Vries,1,,,,,,OTHER,,ONVO BÜYÜKÇEKMECE BASKETBOL foulon,,,,,,,,,0,144,1.0,,0,55,0,61
02:58,02:58:00,55,61,-6,2,3,REGULAR,44,T. SAV,1,substitution,471,,[],out,0,15,Troy Selim,Sav,Troy Selim,Sav,T,S,T,S,T. Sav,ALİAĞA PETKİM SPOR,PTK,T. Sav,15,,,,,,SUB,out,ALİAĞA PETKİM SPOR substitution out,,,,,,,,,0,144,1.0,,0,55,0,61
02:58,02:58:00,55,61,-6,2,3,REGULAR,98,P. SCRUBB,1,substitution,472,,[],out,0,23,Philip Alexander,Scrubb,Philip Alexander,Scrubb,P,S,P,S,P. Scrubb,ALİAĞA PETKİM SPOR,PTK,P. Scrubb,23,,,,,,SUB,out,ALİAĞA PETKİM SPOR substitution out,,,,,,,,,0,144,1.0,,0,55,0,61
02:58,02:58:00,55,61,-6,2,3,REGULAR,65,R. BLUMBERGS,1,substitution,473,,[],in,0,6,Roberts,Blumbergs,Roberts,Blumbergs,R,B,R,B,R. Blumbergs,ALİAĞA PETKİM SPOR,PTK,R. Blumbergs,6,,,,,,SUB,in,ALİAĞA PETKİM SPOR substitution in,,,,,,,,,0,144,1.0,,0,55,0,61
02:58,02:58:00,55,61,-6,2,3,REGULAR,42,Y. SONSIRMA,1,substitution,474,,[],in,0,9,Yunus Emre,Sonsirma,Yunus Emre,Sonsirma,Y,S,Y,S,Y. Sonsirma,ALİAĞA PETKİM SPOR,PTK,Y. Sonsirma,9,,,,,,SUB,in,ALİAĞA PETKİM SPOR substitution in,,,,,,,,,0,144,1.0,,0,55,0,61
02:52,02:52:00,55,61,-6,1,3,REGULAR,13,K. VAN DER VUURST DE VRIES,0,2pt,476,,['pointsinthepaint'],jumpshot,1,1,Keye Jord,Van Der Vuurst De Vries,Keye Jord,Van Der Vuurst De Vries,K,V,K,V,K. Van Der Vuurst De Vries,ONVO BÜYÜKÇEKMECE BASKETBOL,BÇB,K. Van Der Vuurst De Vries,1,,,85.519996643066,47.290000915527,0.0,P2,missed,ONVO BÜYÜKÇEKMECE BASKETBOL K. VAN DER VUURST DE VRIES 2Pt missed,,,,,,,,,0,144,1.0,def_reb,0,55,0,61
02:49,02:49:00,55,61,-6,2,3,REGULAR,66,J. FLOYD,1,rebound,477,476,[],defensive,0,20,Jehyve Jamal,Floyd,Jehyve Jamal,Floyd,J,F,J,F,J. Floyd,ALİAĞA PETKİM SPOR,PTK,J. Floyd,20,,,,,,REB,,ALİAĞA PETKİM SPOR rebound defensive,,,,,,,,,0,145,2.0,def_reb,0,55,0,61
02:33,02:33:00,55,61,-6,2,3,REGULAR,68,Y. FRANKE,0,3pt,478,,[],jumpshot,1,5,Yannick Ayrton,Franke,Yannick Ayrton,Franke,Y,F,Y,F,Y. Franke,ALİAĞA PETKİM SPOR,PTK,Y. Franke,5,,,31.389999389648,40.790000915527,0.0,P3,missed,ALİAĞA PETKİM SPOR Y. FRANKE 3Pt missed,,,,,,,,,0,146,1.0,def_reb,0,55,0,61
02:28,02:28:00,55,61,-6,2,3,REGULAR,0,,1,rebound,480,478,['team'],offensive,0,,,,,,,,,,,ALİAĞA PETKİM SPOR,PTK,,,,,,,,TREB,,ALİAĞA PETKİM SPOR team rebound offensive,,,,,,,,,0,147,2.0,def_reb,0,55,0,61
02:26,02:26:00,55,63,-8,2,3,REGULAR,65,R. BLUMBERGS,1,2pt,482,,"['2ndchance', 'pointsinthepaint']",layup,1,6,Roberts,Blumbergs,Roberts,Blumbergs,R,B,R,B,R. Blumbergs,ALİAĞA PETKİM SPOR,PTK,R. Blumbergs,6,,,5.960000038147,53.790000915527,1.0,P2,made,ALİAĞA PETKİM SPOR R. BLUMBERGS 2Pt made,67.0,2.0,D. EFIANAYI JR,,,,,,2,148,1.0,score,0,55,2,63
02:26,02:26:00,55,63,-8,2,3,REGULAR,67,D. EFIANAYI JR,1,assist,483,482,[],,0,4,David Tinsley Eghosa,Efianayi Jr,David Tinsley Eghosa,Efianayi Jr,D,E,D,E,D. Efianayi Jr,ALİAĞA PETKİM SPOR,PTK,D. Efianayi Jr,4,,,,,,ASS,,ALİAĞA PETKİM SPOR D. EFIANAYI JR assist,,,,,,,,,0,149,2.0,,0,55,0,63
02:11,02:11:00,55,63,-8,2,3,REGULAR,42,Y. SONSIRMA,1,foul,485,,[],personal,0,9,Yunus Emre,Sonsirma,Yunus Emre,Sonsirma,Y,S,Y,S,Y. Sonsirma,ALİAĞA PETKİM SPOR,PTK,Y. Sonsirma,9,,,,,,FOUL,,ALİAĞA PETKİM SPOR Y. SONSIRMA foul personal,,,,,,,,,0,149,2.0,,0,55,0,63
02:11,02:11:00,55,63,-8,1,3,REGULAR,13,K. VAN DER VUURST DE VRIES,1,foulon,486,485,[],,0,1,Keye Jord,Van Der Vuurst De Vries,Keye Jord,Van Der Vuurst De Vries,K,V,K,V,K. Van Der Vuurst De Vries,ONVO BÜYÜKÇEKMECE BASKETBOL,BÇB,K. Van Der Vuurst De Vries,1,,,,,,OTHER,,ONVO BÜYÜKÇEKMECE BASKETBOL foulon,,,,,,,,,0,149,2.0,,0,55,0,63
02:06,02:06:00,55,63,-8,1,3,REGULAR,13,K. VAN DER VUURST DE VRIES,0,3pt,488,,[],jumpshot,1,1,Keye Jord,Van Der Vuurst De Vries,Keye Jord,Van Der Vuurst De Vries,K,V,K,V,K. Van Der Vuurst De Vries,ONVO BÜYÜKÇEKMECE BASKETBOL,BÇB,K. Van Der Vuurst De Vries,1,,,74.76000213623,17.629999160767,0.0,P3,missed,ONVO BÜYÜKÇEKMECE BASKETBOL K. VAN DER VUURST DE VRIES 3Pt missed,,,,,,,,,0,149,2.0,,0,55,0,63
02:04,02:04:00,55,63,-8,1,3,REGULAR,4,E. BRUINSMA,1,rebound,489,488,[],offensive,0,33,Evan John,Bruinsma,Evan John,Bruinsma,E,B,E,B,E. Bruinsma,ONVO BÜYÜKÇEKMECE BASKETBOL,BÇB,E. Bruinsma,33,,,,,,REB,,ONVO BÜYÜKÇEKMECE BASKETBOL rebound offensive,,,,,,,,,0,149,2.0,,0,55,0,63
02:02,02:02:00,55,63,-8,2,3,REGULAR,66,J. FLOYD,1,foul,491,,"['shooting', '2freethrow']",personal,0,20,Jehyve Jamal,Floyd,Jehyve Jamal,Floyd,J,F,J,F,J. Floyd,ALİAĞA PETKİM SPOR,PTK,J. Floyd,20,,,,,,FOUL,,ALİAĞA PETKİM SPOR J. FLOYD foul personal,,,,,,,,,0,149,2.0,,0,55,0,63
02:02,02:02:00,55,63,-8,1,3,REGULAR,4,E. BRUINSMA,1,foulon,492,491,[],,0,33,Evan John,Bruinsma,Evan John,Bruinsma,E,B,E,B,E. Bruinsma,ONVO BÜYÜKÇEKMECE BASKETBOL,BÇB,E. Bruinsma,33,,,,,,OTHER,,ONVO BÜYÜKÇEKMECE BASKETBOL foulon,,,,,,,,,0,149,2.0,,0,55,0,63
02:02,02:02:00,56,63,-7,1,3,REGULAR,4,E. BRUINSMA,1,freethrow,493,,['2ndchance'],1of2,1,33,Evan John,Bruinsma,Evan John,Bruinsma,E,B,E,B,E. Bruinsma,ONVO BÜYÜKÇEKMECE BASKETBOL,BÇB,E. Bruinsma,33,,,,,,FT,made,ONVO BÜYÜKÇEKMECE BASKETBOL E. BRUINSMA FT 1of2 made,,,,,,,,,1,149,2.0,made_ft,1,56,0,63
02:02,02:02:00,57,63,-6,1,3,REGULAR,4,E. BRUINSMA,1,freethrow,494,,['2ndchance'],2of2,1,33,Evan John,Bruinsma,Evan John,Bruinsma,E,B,E,B,E. Bruinsma,ONVO BÜYÜKÇEKMECE BASKETBOL,BÇB,E. Bruinsma,33,,,,,,FT,made,ONVO BÜYÜKÇEKMECE BASKETBOL E. BRUINSMA FT 2of2 made,,,,,,,,,1,150,1.0,made_ft_last,1,57,0,63
01:45,01:45:00,57,63,-6,2,3,REGULAR,65,R. BLUMBERGS,0,3pt,496,,[],jumpshot,1,6,Roberts,Blumbergs,Roberts,Blumbergs,R,B,R,B,R. Blumbergs,ALİAĞA PETKİM SPOR,PTK,R. Blumbergs,6,,,5.3400001525879,97.01000213623,0.0,P3,missed,ALİAĞA PETKİM SPOR R. BLUMBERGS 3Pt missed,,,,,,,,,0,151,2.0,,0,57,0,63
01:42,01:42:00,57,63,-6,2,3,REGULAR,42,Y. SONSIRMA,1,rebound,497,496,[],offensive,0,9,Yunus Emre,Sonsirma,Yunus Emre,Sonsirma,Y,S,Y,S,Y. Sonsirma,ALİAĞA PETKİM SPOR,PTK,Y. Sonsirma,9,,,,,,REB,,ALİAĞA PETKİM SPOR rebound offensive,,,,,,,,,0,151,2.0,,0,57,0,63
01:29,01:29:00,57,63,-6,2,3,REGULAR,66,J. FLOYD,1,foul,501,,[],offensive,0,20,Jehyve Jamal,Floyd,Jehyve Jamal,Floyd,J,F,J,F,J. Floyd,ALİAĞA PETKİM SPOR,PTK,J. Floyd,20,,,,,,RFOUL,,ALİAĞA PETKİM SPOR J. FLOYD foul offensive,,,,,,,,,0,151,2.0,offensive_foul,0,57,0,63
01:29,01:29:00,57,63,-6,2,3,REGULAR,66,J. FLOYD,1,turnover,502,501,[],offensive,0,20,Jehyve Jamal,Floyd,Jehyve Jamal,Floyd,J,F,J,F,J. Floyd,ALİAĞA PETKİM SPOR,PTK,J. Floyd,20,,,,,,TO,,ALİAĞA PETKİM SPOR J. FLOYD turnover offensive,,,,,,,,,0,152,1.0,turnover,0,57,0,63
01:29,01:29:00,57,63,-6,1,3,REGULAR,4,E. BRUINSMA,1,foulon,503,501,[],,0,33,Evan John,Bruinsma,Evan John,Bruinsma,E,B,E,B,E. Bruinsma,ONVO BÜYÜKÇEKMECE BASKETBOL,BÇB,E. Bruinsma,33,,,,,,OTHER,,ONVO BÜYÜKÇEKMECE BASKETBOL foulon,,,,,,,,,0,153,2.0,,0,57,0,63
01:12,01:12:00,57,63,-6,1,3,REGULAR,13,K. VAN DER VUURST DE VRIES,0,2pt,505,,"['fromturnover', 'pointsinthepaint']",floatingjumpshot,1,1,Keye Jord,Van Der Vuurst De Vries,Keye Jord,Van Der Vuurst De Vries,K,V,K,V,K. Van Der Vuurst De Vries,ONVO BÜYÜKÇEKMECE BASKETBOL,BÇB,K. Van Der Vuurst De Vries,1,,,87.550003051758,63.950000762939,0.0,P2,missed,ONVO BÜYÜKÇEKMECE BASKETBOL K. VAN DER VUURST DE VRIES 2Pt missed,,,,,,,,,0,153,2.0,,0,57,0,63
01:10,01:10:00,57,63,-6,1,3,REGULAR,11,M. SENLI,1,rebound,506,505,[],offensive,0,65,Muhammed Dogan,Senli,Muhammed Dogan,Senli,M,S,M,S,M. Senli,ONVO BÜYÜKÇEKMECE BASKETBOL,BÇB,M. Senli,65,,,,,,REB,,ONVO BÜYÜKÇEKMECE BASKETBOL rebound offensive,,,,,,,,,0,153,2.0,,0,57,0,63
01:09,01:09:00,59,63,-4,1,3,REGULAR,11,M. SENLI,1,2pt,507,,"['2ndchance', 'fromturnover', 'pointsinthepaint']",layup,1,65,Muhammed Dogan,Senli,Muhammed Dogan,Senli,M,S,M,S,M. Senli,ONVO BÜYÜKÇEKMECE BASKETBOL,BÇB,M. Senli,65,,,93.319999694824,47.569999694824,1.0,P2,made,ONVO BÜYÜKÇEKMECE BASKETBOL M. SENLI 2Pt made,,,,,,,,,2,153,2.0,score,2,59,0,63
00:56,00:56:30,59,63,-4,2,3,REGULAR,66,J. FLOYD,1,foul,511,,[],offensive,0,20,Jehyve Jamal,Floyd,Jehyve Jamal,Floyd,J,F,J,F,J. Floyd,ALİAĞA PETKİM SPOR,PTK,J. Floyd,20,,,,,,RFOUL,,ALİAĞA PETKİM SPOR J. FLOYD foul offensive,,,,,,,,,0,154,1.0,offensive_foul,0,59,0,63
00:56,00:56:30,59,63,-4,2,3,REGULAR,66,J. FLOYD,1,turnover,512,511,[],offensive,0,20,Jehyve Jamal,Floyd,Jehyve Jamal,Floyd,J,F,J,F,J. Floyd,ALİAĞA PETKİM SPOR,PTK,J. Floyd,20,,,,,,TO,,ALİAĞA PETKİM SPOR J. FLOYD turnover offensive,,,,,,,,,0,155,2.0,turnover,0,59,0,63
00:56,00:56:30,59,63,-4,1,3,REGULAR,13,K. VAN DER VUURST DE VRIES,1,foulon,513,511,[],,0,1,Keye Jord,Van Der Vuurst De Vries,Keye Jord,Van Der Vuurst De Vries,K,V,K,V,K. Van Der Vuurst De Vries,ONVO BÜYÜKÇEKMECE BASKETBOL,BÇB,K. Van Der Vuurst De Vries,1,,,,,,OTHER,,ONVO BÜYÜKÇEKMECE BASKETBOL foulon,,,,,,,,,0,156,1.0,,0,59,0,63
00:56,00:56:30,59,63,-4,2,3,REGULAR,66,J. FLOYD,1,substitution,514,,[],out,0,20,Jehyve Jamal,Floyd,Jehyve Jamal,Floyd,J,F,J,F,J. Floyd,ALİAĞA PETKİM SPOR,PTK,J. Floyd,20,,,,,,SUB,out,ALİAĞA PETKİM SPOR substitution out,,,,,,,,,0,156,1.0,,0,59,0,63
00:56,00:56:30,59,63,-4,2,3,REGULAR,64,M. SAJUS,1,substitution,515,,[],in,0,19,Martynas,Sajus,Martynas,Sajus,M,S,M,S,M. Sajus,ALİAĞA PETKİM SPOR,PTK,M. Sajus,19,,,,,,SUB,in,ALİAĞA PETKİM SPOR substitution in,,,,,,,,,0,156,1.0,,0,59,0,63
00:56,00:56:30,59,63,-4,2,3,REGULAR,67,D. EFIANAYI JR,1,substitution,516,,[],out,0,4,David Tinsley Eghosa,Efianayi Jr,David Tinsley Eghosa,Efianayi Jr,D,E,D,E,D. Efianayi Jr,ALİAĞA PETKİM SPOR,PTK,D. Efianayi Jr,4,,,,,,SUB,out,ALİAĞA PETKİM SPOR substitution out,,,,,,,,,0,156,1.0,,0,59,0,63
00:56,00:56:30,59,63,-4,2,3,REGULAR,98,P. SCRUBB,1,substitution,517,,[],in,0,23,Philip Alexander,Scrubb,Philip Alexander,Scrubb,P,S,P,S,P. Scrubb,ALİAĞA PETKİM SPOR,PTK,P. Scrubb,23,,,,,,SUB,in,ALİAĞA PETKİM SPOR substitution in,,,,,,,,,0,156,1.0,,0,59,0,63
00:44,00:44:90,61,63,-2,1,3,REGULAR,11,M. SENLI,1,2pt,519,,"['fromturnover', 'pointsinthepaint']",layup,1,65,Muhammed Dogan,Senli,Muhammed Dogan,Senli,M,S,M,S,M. Senli,ONVO BÜYÜKÇEKMECE BASKETBOL,BÇB,M. Senli,65,,,94.26000213623,45.310001373291,1.0,P2,made,ONVO BÜYÜKÇEKMECE BASKETBOL M. SENLI 2Pt made,13.0,1.0,K. VAN DER VUURST DE VRIES,,,,,,2,156,1.0,score,2,61,0,63
00:44,00:44:90,61,63,-2,1,3,REGULAR,13,K. VAN DER VUURST DE VRIES,1,assist,520,519,[],,0,1,Keye Jord,Van Der Vuurst De Vries,Keye Jord,Van Der Vuurst De Vries,K,V,K,V,K. Van Der Vuurst De Vries,ONVO BÜYÜKÇEKMECE BASKETBOL,BÇB,K. Van Der Vuurst De Vries,1,,,,,,ASS,,ONVO BÜYÜKÇEKMECE BASKETBOL K. VAN DER VUURST DE VRIES assist,,,,,,,,,0,157,2.0,,0,61,0,63
00:27,00:27:70,61,66,-5,2,3,REGULAR,68,Y. FRANKE,1,3pt,521,,[],jumpshot,1,5,Yannick Ayrton,Franke,Yannick Ayrton,Franke,Y,F,Y,F,Y. Franke,ALİAĞA PETKİM SPOR,PTK,Y. Franke,5,,,27.639999389648,24.690000534058,1.0,P3,made,ALİAĞA PETKİM SPOR Y. FRANKE 3Pt made,64.0,2.0,M. SAJUS,,,,,,3,157,2.0,score,0,61,3,66
00:27,00:27:70,61,66,-5,2,3,REGULAR,64,M. SAJUS,1,assist,522,521,[],,0,19,Martynas,Sajus,Martynas,Sajus,M,S,M,S,M. Sajus,ALİAĞA PETKİM SPOR,PTK,M. Sajus,19,,,,,,ASS,,ALİAĞA PETKİM SPOR M. SAJUS assist,,,,,,,,,0,158,1.0,,0,61,0,66
00:09,00:09:30,61,66,-5,1,3,REGULAR,6,J. JOHNSON,0,3pt,523,,[],jumpshot,1,92,Jaron Tremel,Johnson,Jaron Tremel,Johnson,J,J,J,J,J. Johnson,ONVO BÜYÜKÇEKMECE BASKETBOL,BÇB,J. Johnson,92,,,76.940002441406,88.25,0.0,P3,missed,ONVO BÜYÜKÇEKMECE BASKETBOL J. JOHNSON 3Pt missed,,,,,,,,,0,158,1.0,def_reb,0,61,0,66
00:05,00:05:00,61,66,-5,1,3,REGULAR,0,,1,rebound,524,523,['team'],offensive,0,,,,,,,,,,,ONVO BÜYÜKÇEKMECE BASKETBOL,BÇB,,,,,,,,TREB,,ONVO BÜYÜKÇEKMECE BASKETBOL team rebound offensive,,,,,,,,,0,159,2.0,def_reb,0,61,0,66
00:04,00:04:80,61,66,-5,2,3,REGULAR,65,R. BLUMBERGS,1,foul,526,,['2freethrow'],personal,0,6,Roberts,Blumbergs,Roberts,Blumbergs,R,B,R,B,R. Blumbergs,ALİAĞA PETKİM SPOR,PTK,R. Blumbergs,6,,,,,,FOUL,,ALİAĞA PETKİM SPOR R. BLUMBERGS foul personal,,,,,,,,,0,160,1.0,,0,61,0,66
00:04,00:04:80,61,66,-5,1,3,REGULAR,4,E. BRUINSMA,1,foulon,527,526,[],,0,33,Evan John,Bruinsma,Evan John,Bruinsma,E,B,E,B,E. Bruinsma,ONVO BÜYÜKÇEKMECE BASKETBOL,BÇB,E. Bruinsma,33,,,,,,OTHER,,ONVO BÜYÜKÇEKMECE BASKETBOL foulon,,,,,,,,,0,160,1.0,,0,61,0,66
00:04,00:04:80,62,66,-4,1,3,REGULAR,4,E. BRUINSMA,1,freethrow,528,,"['2ndchance', 'fastbreak']",1of2,1,33,Evan John,Bruinsma,Evan John,Bruinsma,E,B,E,B,E. Bruinsma,ONVO BÜYÜKÇEKMECE BASKETBOL,BÇB,E. Bruinsma,33,,,,,,FT,made,ONVO BÜYÜKÇEKMECE BASKETBOL E. BRUINSMA FT 1of2 made,,,,,,,,,1,160,1.0,made_ft,1,62,0,66
00:04,00:04:80,63,66,-3,1,3,REGULAR,4,E. BRUINSMA,1,freethrow,529,,"['2ndchance', 'fastbreak']",2of2,1,33,Evan John,Bruinsma,Evan John,Bruinsma,E,B,E,B,E. Bruinsma,ONVO BÜYÜKÇEKMECE BASKETBOL,BÇB,E. Bruinsma,33,,,,,,FT,made,ONVO BÜYÜKÇEKMECE BASKETBOL E. BRUINSMA FT 2of2 made,,,,,,,,,1,161,2.0,made_ft_last,1,63,0,66
00:04,00:04:80,63,66,-3,1,3,REGULAR,13,K. VAN DER VUURST DE VRIES,1,substitution,530,,[],out,0,1,Keye Jord,Van Der Vuurst De Vries,Keye Jord,Van Der Vuurst De Vries,K,V,K,V,K. Van Der Vuurst De Vries,ONVO BÜYÜKÇEKMECE BASKETBOL,BÇB,K. Van Der Vuurst De Vries,1,,,,,,SUB,out,ONVO BÜYÜKÇEKMECE BASKETBOL substitution out,,,,,,,,,0,162,1.0,,0,63,0,66
00:04,00:04:80,63,66,-3,1,3,REGULAR,8,Y. ÖZKAN,1,substitution,531,,[],in,0,2,Yigit,Özkan,Yigit,Özkan,Y,Ö,Y,Ö,Y. Özkan,ONVO BÜYÜKÇEKMECE BASKETBOL,BÇB,Y. Özkan,2,,,,,,SUB,in,ONVO BÜYÜKÇEKMECE BASKETBOL substitution in,,,,,,,,,0,162,1.0,,0,63,0,66
00:01,00:01:60,63,66,-3,1,3,REGULAR,6,J. JOHNSON,1,foul,534,,['2freethrow'],personal,0,92,Jaron Tremel,Johnson,Jaron Tremel,Johnson,J,J,J,J,J. Johnson,ONVO BÜYÜKÇEKMECE BASKETBOL,BÇB,J. Johnson,92,,,,,,FOUL,,ONVO BÜYÜKÇEKMECE BASKETBOL J. JOHNSON foul personal,,,,,,,,,0,162,1.0,,0,63,0,66
00:01,00:01:60,63,66,-3,2,3,REGULAR,98,P. SCRUBB,1,foulon,535,534,[],,0,23,Philip Alexander,Scrubb,Philip Alexander,Scrubb,P,S,P,S,P. Scrubb,ALİAĞA PETKİM SPOR,PTK,P. Scrubb,23,,,,,,OTHER,,ALİAĞA PETKİM SPOR foulon,,,,,,,,,0,162,1.0,,0,63,0,66
00:01,00:01:60,63,67,-4,2,3,REGULAR,98,P. SCRUBB,1,freethrow,536,,['fastbreak'],1of2,1,23,Philip Alexander,Scrubb,Philip Alexander,Scrubb,P,S,P,S,P. Scrubb,ALİAĞA PETKİM SPOR,PTK,P. Scrubb,23,,,,,,FT,made,ALİAĞA PETKİM SPOR P. SCRUBB FT 1of2 made,,,,,,,,,1,162,1.0,made_ft,0,63,1,67
00:01,00:01:60,63,67,-4,2,3,REGULAR,98,P. SCRUBB,0,freethrow,537,,['fastbreak'],2of2,1,23,Philip Alexander,Scrubb,Philip Alexander,Scrubb,P,S,P,S,P. Scrubb,ALİAĞA PETKİM SPOR,PTK,P. Scrubb,23,,,,,,FT,missed,ALİAĞA PETKİM SPOR P. SCRUBB FT 2of2 missed,,,,,,,,,0,163,2.0,def_reb,0,63,0,67
00:01,00:01:60,63,67,-4,1,3,REGULAR,4,E. BRUINSMA,1,rebound,539,537,[],defensive,0,33,Evan John,Bruinsma,Evan John,Bruinsma,E,B,E,B,E. Bruinsma,ONVO BÜYÜKÇEKMECE BASKETBOL,BÇB,E. Bruinsma,33,,,,,,REB,,ONVO BÜYÜKÇEKMECE BASKETBOL rebound defensive,,,,,,,,,0,164,1.0,def_reb,0,63,0,67
00:00,00:00:00,63,67,-4,0,3,REGULAR,0,,1,period,541,,['confirmed'],end,0,,,,,,,,,,,,,,,,,,,,OTHER,,period end,,,,,,,,,0,165,2.0,,0,63,0,67
10:00,10:00:00,63,67,-4,1,4,REGULAR,8,Y. ÖZKAN,1,substitution,542,,[],out,0,2,Yigit,Özkan,Yigit,Özkan,Y,Ö,Y,Ö,Y. Özkan,ONVO BÜYÜKÇEKMECE BASKETBOL,BÇB,Y. Özkan,2,,,,,,SUB,out,ONVO BÜYÜKÇEKMECE BASKETBOL substitution out,,,,,,,,,0,165,2.0,,0,63,0,67
10:00,10:00:00,63,67,-4,1,4,REGULAR,6,J. JOHNSON,1,substitution,543,,[],out,0,92,Jaron Tremel,Johnson,Jaron Tremel,Johnson,J,J,J,J,J. Johnson,ONVO BÜYÜKÇEKMECE BASKETBOL,BÇB,J. Johnson,92,,,,,,SUB,out,ONVO BÜYÜKÇEKMECE BASKETBOL substitution out,,,,,,,,,0,165,2.0,,0,63,0,67
10:00,10:00:00,63,67,-4,1,4,REGULAR,13,K. VAN DER VUURST DE VRIES,1,substitution,544,,[],in,0,1,Keye Jord,Van Der Vuurst De Vries,Keye Jord,Van Der Vuurst De Vries,K,V,K,V,K. Van Der Vuurst De Vries,ONVO BÜYÜKÇEKMECE BASKETBOL,BÇB,K. Van Der Vuurst De Vries,1,,,,,,SUB,in,ONVO BÜYÜKÇEKMECE BASKETBOL substitution in,,,,,,,,,0,165,2.0,,0,63,0,67
10:00,10:00:00,63,67,-4,1,4,REGULAR,7,S. PIPES JR,1,substitution,545,,[],in,0,11,Shawn Oneal,Pipes Jr,Shawn Oneal,Pipes Jr,S,P,S,P,S. Pipes Jr,ONVO BÜYÜKÇEKMECE BASKETBOL,BÇB,S. Pipes Jr,11,,,,,,SUB,in,ONVO BÜYÜKÇEKMECE BASKETBOL substitution in,,,,,,,,,0,165,2.0,,0,63,0,67
10:00,10:00:00,63,67,-4,0,4,REGULAR,0,,1,period,546,,[],start,0,,,,,,,,,,,,,,,,,,,,OTHER,,period start,,,,,,,,,0,165,2.0,,0,63,0,67
09:49,09:49:00,65,67,-2,1,4,REGULAR,11,M. SENLI,1,2pt,548,,['pointsinthepaint'],layup,1,65,Muhammed Dogan,Senli,Muhammed Dogan,Senli,M,S,M,S,M. Senli,ONVO BÜYÜKÇEKMECE BASKETBOL,BÇB,M. Senli,65,,,91.919998168945,51.810001373291,1.0,P2,made,ONVO BÜYÜKÇEKMECE BASKETBOL M. SENLI 2Pt made,13.0,1.0,K. VAN DER VUURST DE VRIES,,,,,,2,165,2.0,score,2,65,0,67
09:49,09:49:00,65,67,-2,1,4,REGULAR,13,K. VAN DER VUURST DE VRIES,1,assist,549,548,[],,0,1,Keye Jord,Van Der Vuurst De Vries,Keye Jord,Van Der Vuurst De Vries,K,V,K,V,K. Van Der Vuurst De Vries,ONVO BÜYÜKÇEKMECE BASKETBOL,BÇB,K. Van Der Vuurst De Vries,1,,,,,,ASS,,ONVO BÜYÜKÇEKMECE BASKETBOL K. VAN DER VUURST DE VRIES assist,,,,,,,,,0,166,1.0,,0,65,0,67
09:27,09:27:00,65,67,-2,1,4,REGULAR,11,M. SENLI,1,foul,551,,[],personal,0,65,Muhammed Dogan,Senli,Muhammed Dogan,Senli,M,S,M,S,M. Senli,ONVO BÜYÜKÇEKMECE BASKETBOL,BÇB,M. Senli,65,,,,,,FOUL,,ONVO BÜYÜKÇEKMECE BASKETBOL M. SENLI foul personal,,,,,,,,,0,166,1.0,,0,65,0,67
09:27,09:27:00,65,67,-2,2,4,REGULAR,68,Y. FRANKE,1,foulon,552,551,[],,0,5,Yannick Ayrton,Franke,Yannick Ayrton,Franke,Y,F,Y,F,Y. Franke,ALİAĞA PETKİM SPOR,PTK,Y. Franke,5,,,,,,OTHER,,ALİAĞA PETKİM SPOR foulon,,,,,,,,,0,166,1.0,,0,65,0,67
09:22,09:22:00,65,69,-4,2,4,REGULAR,98,P. SCRUBB,1,2pt,554,,['pointsinthepaint'],jumpshot,1,23,Philip Alexander,Scrubb,Philip Alexander,Scrubb,P,S,P,S,P. Scrubb,ALİAĞA PETKİM SPOR,PTK,P. Scrubb,23,,,5.960000038147,65.650001525879,1.0,P2,made,ALİAĞA PETKİM SPOR P. SCRUBB 2Pt made,,,,,,,,,2,166,1.0,score,0,65,2,69
09:04,09:04:00,65,69,-4,1,4,REGULAR,7,S. PIPES JR,1,turnover,555,,[],badpass,0,11,Shawn Oneal,Pipes Jr,Shawn Oneal,Pipes Jr,S,P,S,P,S. Pipes Jr,ONVO BÜYÜKÇEKMECE BASKETBOL,BÇB,S. Pipes Jr,11,,,,,,TO,,ONVO BÜYÜKÇEKMECE BASKETBOL S. PIPES JR turnover badpass,,,,,,,,,0,167,2.0,turnover,0,65,0,69
09:04,09:04:00,65,69,-4,2,4,REGULAR,68,Y. FRANKE,1,steal,556,555,[],,0,5,Yannick Ayrton,Franke,Yannick Ayrton,Franke,Y,F,Y,F,Y. Franke,ALİAĞA PETKİM SPOR,PTK,Y. Franke,5,,,,,,ST,,ALİAĞA PETKİM SPOR Y. FRANKE steal,,,,,,,,,0,168,1.0,,0,65,0,69
08:45,08:45:00,65,69,-4,2,4,REGULAR,68,Y. FRANKE,0,2pt,557,,"['fromturnover', 'pointsinthepaint']",layup,1,5,Yannick Ayrton,Franke,Yannick Ayrton,Franke,Y,F,Y,F,Y. Franke,ALİAĞA PETKİM SPOR,PTK,Y. Franke,5,,,5.8000001907349,42.770000457764,0.0,P2,missed,ALİAĞA PETKİM SPOR Y. FRANKE 2Pt missed,,,,,,,,,0,168,1.0,def_reb,0,65,0,69
08:41,08:41:00,65,69,-4,1,4,REGULAR,0,,1,rebound,561,557,['team'],defensive,0,,,,,,,,,,,ONVO BÜYÜKÇEKMECE BASKETBOL,BÇB,,,,,,,,TREB,,ONVO BÜYÜKÇEKMECE BASKETBOL team rebound defensive,,,,,,,,,0,169,2.0,def_reb,0,65,0,69
08:23,08:23:00,65,69,-4,1,4,REGULAR,5,J. LECQUE,0,3pt,563,,[],jumpshot,1,0,Jalen Evander,Lecque,Jalen Evander,Lecque,J,L,J,L,J. Lecque,ONVO BÜYÜKÇEKMECE BASKETBOL,BÇB,J. Lecque,0,,,93.949996948242,96.440002441406,0.0,P3,missed,ONVO BÜYÜKÇEKMECE BASKETBOL J. LECQUE 3Pt missed,,,,,,,,,0,170,1.0,def_reb,0,65,0,69
08:20,08:20:00,65,69,-4,2,4,REGULAR,98,P. SCRUBB,1,rebound,564,563,[],defensive,0,23,Philip Alexander,Scrubb,Philip Alexander,Scrubb,P,S,P,S,P. Scrubb,ALİAĞA PETKİM SPOR,PTK,P. Scrubb,23,,,,,,REB,,ALİAĞA PETKİM SPOR rebound defensive,,,,,,,,,0,171,2.0,def_reb,0,65,0,69
08:04,08:04:00,65,69,-4,1,4,REGULAR,11,M. SENLI,1,foul,566,,[],personal,0,65,Muhammed Dogan,Senli,Muhammed Dogan,Senli,M,S,M,S,M. Senli,ONVO BÜYÜKÇEKMECE BASKETBOL,BÇB,M. Senli,65,,,,,,FOUL,,ONVO BÜYÜKÇEKMECE BASKETBOL M. SENLI foul personal,,,,,,,,,0,172,1.0,,0,65,0,69
08:04,08:04:00,65,69,-4,2,4,REGULAR,64,M. SAJUS,1,foulon,567,566,[],,0,19,Martynas,Sajus,Martynas,Sajus,M,S,M,S,M. Sajus,ALİAĞA PETKİM SPOR,PTK,M. Sajus,19,,,,,,OTHER,,ALİAĞA PETKİM SPOR foulon,,,,,,,,,0,172,1.0,,0,65,0,69
08:04,08:04:00,65,69,-4,1,4,REGULAR,5,J. LECQUE,1,substitution,568,,[],out,0,0,Jalen Evander,Lecque,Jalen Evander,Lecque,J,L,J,L,J. Lecque,ONVO BÜYÜKÇEKMECE BASKETBOL,BÇB,J. Lecque,0,,,,,,SUB,out,ONVO BÜYÜKÇEKMECE BASKETBOL substitution out,,,,,,,,,0,172,1.0,,0,65,0,69
08:04,08:04:00,65,69,-4,1,4,REGULAR,11,M. SENLI,1,substitution,569,,[],out,0,65,Muhammed Dogan,Senli,Muhammed Dogan,Senli,M,S,M,S,M. Senli,ONVO BÜYÜKÇEKMECE BASKETBOL,BÇB,M. Senli,65,,,,,,SUB,out,ONVO BÜYÜKÇEKMECE BASKETBOL substitution out,,,,,,,,,0,172,1.0,,0,65,0,69
08:04,08:04:00,65,69,-4,1,4,REGULAR,8,Y. ÖZKAN,1,substitution,570,,[],in,0,2,Yigit,Özkan,Yigit,Özkan,Y,Ö,Y,Ö,Y. Özkan,ONVO BÜYÜKÇEKMECE BASKETBOL,BÇB,Y. Özkan,2,,,,,,SUB,in,ONVO BÜYÜKÇEKMECE BASKETBOL substitution in,,,,,,,,,0,172,1.0,,0,65,0,69
08:04,08:04:00,65,69,-4,1,4,REGULAR,12,A. BANDAOGO,1,substitution,571,,[],in,0,55,Abdou Aziz,Bandaogo,Abdou Aziz,Bandaogo,A,B,A,B,A. Bandaogo,ONVO BÜYÜKÇEKMECE BASKETBOL,BÇB,A. Bandaogo,55,,,,,,SUB,in,ONVO BÜYÜKÇEKMECE BASKETBOL substitution in,,,,,,,,,0,172,1.0,,0,65,0,69
08:04,08:04:00,65,69,-4,2,4,REGULAR,98,P. SCRUBB,1,substitution,572,,[],out,0,23,Philip Alexander,Scrubb,Philip Alexander,Scrubb,P,S,P,S,P. Scrubb,ALİAĞA PETKİM SPOR,PTK,P. Scrubb,23,,,,,,SUB,out,ALİAĞA PETKİM SPOR substitution out,,,,,,,,,0,172,1.0,,0,65,0,69
08:04,08:04:00,65,69,-4,2,4,REGULAR,67,D. EFIANAYI JR,1,substitution,573,,[],in,0,4,David Tinsley Eghosa,Efianayi Jr,David Tinsley Eghosa,Efianayi Jr,D,E,D,E,D. Efianayi Jr,ALİAĞA PETKİM SPOR,PTK,D. Efianayi Jr,4,,,,,,SUB,in,ALİAĞA PETKİM SPOR substitution in,,,,,,,,,0,172,1.0,,0,65,0,69
07:55,07:55:00,65,69,-4,2,4,REGULAR,65,R. BLUMBERGS,0,2pt,575,,['pointsinthepaint'],jumpshot,1,6,Roberts,Blumbergs,Roberts,Blumbergs,R,B,R,B,R. Blumbergs,ALİAĞA PETKİM SPOR,PTK,R. Blumbergs,6,,,7.6799998283386,40.790000915527,0.0,P2,missed,ALİAĞA PETKİM SPOR R. BLUMBERGS 2Pt missed,,,,,,,,,0,172,1.0,,0,65,0,69
07:53,07:53:00,65,69,-4,2,4,REGULAR,68,Y. FRANKE,1,rebound,576,575,[],offensive,0,5,Yannick Ayrton,Franke,Yannick Ayrton,Franke,Y,F,Y,F,Y. Franke,ALİAĞA PETKİM SPOR,PTK,Y. Franke,5,,,,,,REB,,ALİAĞA PETKİM SPOR rebound offensive,,,,,,,,,0,172,1.0,,0,65,0,69
07:53,07:53:00,65,71,-6,2,4,REGULAR,68,Y. FRANKE,1,2pt,577,,"['2ndchance', 'pointsinthepaint']",tipinlayup,1,5,Yannick Ayrton,Franke,Yannick Ayrton,Franke,Y,F,Y,F,Y. Franke,ALİAĞA PETKİM SPOR,PTK,Y. Franke,5,,,6.0,50.0,1.0,P2,made,ALİAĞA PETKİM SPOR Y. FRANKE 2Pt made,,,,,,,,,2,172,1.0,score,0,65,2,71
07:33,07:33:00,65,71,-6,1,4,REGULAR,7,S. PIPES JR,0,2pt,578,,['pointsinthepaint'],floatingjumpshot,1,11,Shawn Oneal,Pipes Jr,Shawn Oneal,Pipes Jr,S,P,S,P,S. Pipes Jr,ONVO BÜYÜKÇEKMECE BASKETBOL,BÇB,S. Pipes Jr,11,,,85.830001831055,48.700000762939,0.0,P2,missed,ONVO BÜYÜKÇEKMECE BASKETBOL S. PIPES JR 2Pt missed,,,,,,,,,0,173,2.0,def_reb,0,65,0,71
07:31,07:31:00,65,71,-6,2,4,REGULAR,67,D. EFIANAYI JR,1,rebound,579,578,[],defensive,0,4,David Tinsley Eghosa,Efianayi Jr,David Tinsley Eghosa,Efianayi Jr,D,E,D,E,D. Efianayi Jr,ALİAĞA PETKİM SPOR,PTK,D. Efianayi Jr,4,,,,,,REB,,ALİAĞA PETKİM SPOR rebound defensive,,,,,,,,,0,174,1.0,def_reb,0,65,0,71
07:27,07:27:00,65,71,-6,1,4,REGULAR,8,Y. ÖZKAN,1,foul,581,,[],personal,0,2,Yigit,Özkan,Yigit,Özkan,Y,Ö,Y,Ö,Y. Özkan,ONVO BÜYÜKÇEKMECE BASKETBOL,BÇB,Y. Özkan,2,,,,,,FOUL,,ONVO BÜYÜKÇEKMECE BASKETBOL Y. ÖZKAN foul personal,,,,,,,,,0,175,2.0,,0,65,0,71
07:27,07:27:00,65,71,-6,2,4,REGULAR,67,D. EFIANAYI JR,1,foulon,582,581,[],,0,4,David Tinsley Eghosa,Efianayi Jr,David Tinsley Eghosa,Efianayi Jr,D,E,D,E,D. Efianayi Jr,ALİAĞA PETKİM SPOR,PTK,D. Efianayi Jr,4,,,,,,OTHER,,ALİAĞA PETKİM SPOR foulon,,,,,,,,,0,175,2.0,,0,65,0,71
07:25,07:25:00,65,71,-6,1,4,REGULAR,4,E. BRUINSMA,1,foul,585,,[],personal,0,33,Evan John,Bruinsma,Evan John,Bruinsma,E,B,E,B,E. Bruinsma,ONVO BÜYÜKÇEKMECE BASKETBOL,BÇB,E. Bruinsma,33,,,,,,FOUL,,ONVO BÜYÜKÇEKMECE BASKETBOL E. BRUINSMA foul personal,,,,,,,,,0,175,2.0,,0,65,0,71
07:25,07:25:00,65,71,-6,2,4,REGULAR,65,R. BLUMBERGS,1,foulon,586,585,[],,0,6,Roberts,Blumbergs,Roberts,Blumbergs,R,B,R,B,R. Blumbergs,ALİAĞA PETKİM SPOR,PTK,R. Blumbergs,6,,,,,,OTHER,,ALİAĞA PETKİM SPOR foulon,,,,,,,,,0,175,2.0,,0,65,0,71
07:25,07:25:00,65,71,-6,2,4,REGULAR,64,M. SAJUS,1,substitution,587,,[],out,0,19,Martynas,Sajus,Martynas,Sajus,M,S,M,S,M. Sajus,ALİAĞA PETKİM SPOR,PTK,M. Sajus,19,,,,,,SUB,out,ALİAĞA PETKİM SPOR substitution out,,,,,,,,,0,175,2.0,,0,65,0,71
07:25,07:25:00,65,71,-6,2,4,REGULAR,66,J. FLOYD,1,substitution,588,,[],in,0,20,Jehyve Jamal,Floyd,Jehyve Jamal,Floyd,J,F,J,F,J. Floyd,ALİAĞA PETKİM SPOR,PTK,J. Floyd,20,,,,,,SUB,in,ALİAĞA PETKİM SPOR substitution in,,,,,,,,,0,175,2.0,,0,65,0,71
07:20,07:20:00,65,71,-6,2,4,REGULAR,42,Y. SONSIRMA,0,3pt,590,,[],jumpshot,1,9,Yunus Emre,Sonsirma,Yunus Emre,Sonsirma,Y,S,Y,S,Y. Sonsirma,ALİAĞA PETKİM SPOR,PTK,Y. Sonsirma,9,,,6.4299998283386,96.440002441406,0.0,P3,missed,ALİAĞA PETKİM SPOR Y. SONSIRMA 3Pt missed,,,,,,,,,0,175,2.0,,0,65,0,71
07:17,07:17:00,65,71,-6,2,4,REGULAR,66,J. FLOYD,1,rebound,591,590,[],offensive,0,20,Jehyve Jamal,Floyd,Jehyve Jamal,Floyd,J,F,J,F,J. Floyd,ALİAĞA PETKİM SPOR,PTK,J. Floyd,20,,,,,,REB,,ALİAĞA PETKİM SPOR rebound offensive,,,,,,,,,0,175,2.0,,0,65,0,71
07:11,07:11:00,65,74,-9,2,4,REGULAR,67,D. EFIANAYI JR,1,3pt,592,,['2ndchance'],jumpshot,1,4,David Tinsley Eghosa,Efianayi Jr,David Tinsley Eghosa,Efianayi Jr,D,E,D,E,D. Efianayi Jr,ALİAĞA PETKİM SPOR,PTK,D. Efianayi Jr,4,,,21.39999961853,10.279999732971,1.0,P3,made,ALİAĞA PETKİM SPOR D. EFIANAYI JR 3Pt made,,,,,,,,,3,175,2.0,score,0,65,3,74
06:47,06:47:00,67,74,-7,1,4,REGULAR,7,S. PIPES JR,1,2pt,596,,['pointsinthepaint'],layup,1,11,Shawn Oneal,Pipes Jr,Shawn Oneal,Pipes Jr,S,P,S,P,S. Pipes Jr,ONVO BÜYÜKÇEKMECE BASKETBOL,BÇB,S. Pipes Jr,11,,,94.569999694824,54.630001068115,1.0,P2,made,ONVO BÜYÜKÇEKMECE BASKETBOL S. PIPES JR 2Pt made,,,,,,,,,2,176,1.0,score,2,67,0,74
06:39,06:39:00,67,74,-7,2,4,REGULAR,66,J. FLOYD,1,foul,603,,[],offensive,0,20,Jehyve Jamal,Floyd,Jehyve Jamal,Floyd,J,F,J,F,J. Floyd,ALİAĞA PETKİM SPOR,PTK,J. Floyd,20,,,,,,RFOUL,,ALİAĞA PETKİM SPOR J. FLOYD foul offensive,,,,,,,,,0,177,2.0,offensive_foul,0,67,0,74
06:39,06:39:00,67,74,-7,2,4,REGULAR,66,J. FLOYD,1,turnover,604,603,[],offensive,0,20,Jehyve Jamal,Floyd,Jehyve Jamal,Floyd,J,F,J,F,J. Floyd,ALİAĞA PETKİM SPOR,PTK,J. Floyd,20,,,,,,TO,,ALİAĞA PETKİM SPOR J. FLOYD turnover offensive,,,,,,,,,0,178,1.0,turnover,0,67,0,74
06:39,06:39:00,67,74,-7,1,4,REGULAR,8,Y. ÖZKAN,1,foulon,605,603,[],,0,2,Yigit,Özkan,Yigit,Özkan,Y,Ö,Y,Ö,Y. Özkan,ONVO BÜYÜKÇEKMECE BASKETBOL,BÇB,Y. Özkan,2,,,,,,OTHER,,ONVO BÜYÜKÇEKMECE BASKETBOL foulon,,,,,,,,,0,179,2.0,,0,67,0,74
06:39,06:39:00,67,74,-7,2,4,REGULAR,66,J. FLOYD,1,substitution,606,,[],out,0,20,Jehyve Jamal,Floyd,Jehyve Jamal,Floyd,J,F,J,F,J. Floyd,ALİAĞA PETKİM SPOR,PTK,J. Floyd,20,,,,,,SUB,out,ALİAĞA PETKİM SPOR substitution out,,,,,,,,,0,179,2.0,,0,67,0,74
06:39,06:39:00,67,74,-7,2,4,REGULAR,64,M. SAJUS,1,substitution,607,,[],in,0,19,Martynas,Sajus,Martynas,Sajus,M,S,M,S,M. Sajus,ALİAĞA PETKİM SPOR,PTK,M. Sajus,19,,,,,,SUB,in,ALİAĞA PETKİM SPOR substitution in,,,,,,,,,0,179,2.0,,0,67,0,74
06:30,06:30:00,67,74,-7,2,4,REGULAR,68,Y. FRANKE,1,foul,610,,[],personal,0,5,Yannick Ayrton,Franke,Yannick Ayrton,Franke,Y,F,Y,F,Y. Franke,ALİAĞA PETKİM SPOR,PTK,Y. Franke,5,,,,,,FOUL,,ALİAĞA PETKİM SPOR Y. FRANKE foul personal,,,,,,,,,0,179,2.0,,0,67,0,74
06:30,06:30:00,67,74,-7,1,4,REGULAR,7,S. PIPES JR,1,foulon,611,610,[],,0,11,Shawn Oneal,Pipes Jr,Shawn Oneal,Pipes Jr,S,P,S,P,S. Pipes Jr,ONVO BÜYÜKÇEKMECE BASKETBOL,BÇB,S. Pipes Jr,11,,,,,,OTHER,,ONVO BÜYÜKÇEKMECE BASKETBOL foulon,,,,,,,,,0,179,2.0,,0,67,0,74
06:28,06:28:00,69,74,-5,1,4,REGULAR,12,A. BANDAOGO,1,2pt,613,,"['fromturnover', 'pointsinthepaint']",alleyoopdunk,1,55,Abdou Aziz,Bandaogo,Abdou Aziz,Bandaogo,A,B,A,B,A. Bandaogo,ONVO BÜYÜKÇEKMECE BASKETBOL,BÇB,A. Bandaogo,55,,,91.919998168945,46.439998626709,1.0,P2,made,ONVO BÜYÜKÇEKMECE BASKETBOL A. BANDAOGO 2Pt made,13.0,1.0,K. VAN DER VUURST DE VRIES,,,,,,2,179,2.0,score,2,69,0,74
06:28,06:28:00,69,74,-5,1,4,REGULAR,13,K. VAN DER VUURST DE VRIES,1,assist,614,613,[],,0,1,Keye Jord,Van Der Vuurst De Vries,Keye Jord,Van Der Vuurst De Vries,K,V,K,V,K. Van Der Vuurst De Vries,ONVO BÜYÜKÇEKMECE BASKETBOL,BÇB,K. Van Der Vuurst De Vries,1,,,,,,ASS,,ONVO BÜYÜKÇEKMECE BASKETBOL K. VAN DER VUURST DE VRIES assist,,,,,,,,,0,180,1.0,,0,69,0,74
06:01,06:01:00,69,74,-5,2,4,REGULAR,67,D. EFIANAYI JR,0,2pt,615,,['pointsinthepaint'],layup,1,4,David Tinsley Eghosa,Efianayi Jr,David Tinsley Eghosa,Efianayi Jr,D,E,D,E,D. Efianayi Jr,ALİAĞA PETKİM SPOR,PTK,D. Efianayi Jr,4,,,5.4899997711182,44.180000305176,0.0,P2,missed,ALİAĞA PETKİM SPOR D. EFIANAYI JR 2Pt missed,,,,,,,,,0,180,1.0,,0,69,0,74
05:59,05:59:00,69,74,-5,2,4,REGULAR,64,M. SAJUS,1,rebound,616,615,[],offensive,0,19,Martynas,Sajus,Martynas,Sajus,M,S,M,S,M. Sajus,ALİAĞA PETKİM SPOR,PTK,M. Sajus,19,,,,,,REB,,ALİAĞA PETKİM SPOR rebound offensive,,,,,,,,,0,180,1.0,,0,69,0,74
05:59,05:59:00,69,76,-7,2,4,REGULAR,64,M. SAJUS,1,2pt,617,,"['2ndchance', 'pointsinthepaint']",tipinlayup,1,19,Martynas,Sajus,Martynas,Sajus,M,S,M,S,M. Sajus,ALİAĞA PETKİM SPOR,PTK,M. Sajus,19,,,6.0,50.0,1.0,P2,made,ALİAĞA PETKİM SPOR M. SAJUS 2Pt made,,,,,,,,,2,180,1.0,score,0,69,2,76
05:41,05:41:00,71,76,-5,1,4,REGULAR,12,A. BANDAOGO,1,2pt,618,,['pointsinthepaint'],alleyoopdunk,1,55,Abdou Aziz,Bandaogo,Abdou Aziz,Bandaogo,A,B,A,B,A. Bandaogo,ONVO BÜYÜKÇEKMECE BASKETBOL,BÇB,A. Bandaogo,55,,,93.949996948242,46.159999847412,1.0,P2,made,ONVO BÜYÜKÇEKMECE BASKETBOL A. BANDAOGO 2Pt made,13.0,1.0,K. VAN DER VUURST DE VRIES,,,,,,2,181,2.0,score,2,71,0,76
05:41,05:41:00,71,76,-5,1,4,REGULAR,13,K. VAN DER VUURST DE VRIES,1,assist,619,618,[],,0,1,Keye Jord,Van Der Vuurst De Vries,Keye Jord,Van Der Vuurst De Vries,K,V,K,V,K. Van Der Vuurst De Vries,ONVO BÜYÜKÇEKMECE BASKETBOL,BÇB,K. Van Der Vuurst De Vries,1,,,,,,ASS,,ONVO BÜYÜKÇEKMECE BASKETBOL K. VAN DER VUURST DE VRIES assist,,,,,,,,,0,182,1.0,,0,71,0,76
05:30,05:30:00,71,76,-5,1,4,REGULAR,13,K. VAN DER VUURST DE VRIES,1,foul,621,,['2freethrow'],personal,0,1,Keye Jord,Van Der Vuurst De Vries,Keye Jord,Van Der Vuurst De Vries,K,V,K,V,K. Van Der Vuurst De Vries,ONVO BÜYÜKÇEKMECE BASKETBOL,BÇB,K. Van Der Vuurst De Vries,1,,,,,,FOUL,,ONVO BÜYÜKÇEKMECE BASKETBOL K. VAN DER VUURST DE VRIES foul personal,,,,,,,,,0,182,1.0,,0,71,0,76
05:30,05:30:00,71,76,-5,2,4,REGULAR,42,Y. SONSIRMA,1,foulon,622,621,[],,0,9,Yunus Emre,Sonsirma,Yunus Emre,Sonsirma,Y,S,Y,S,Y. Sonsirma,ALİAĞA PETKİM SPOR,PTK,Y. Sonsirma,9,,,,,,OTHER,,ALİAĞA PETKİM SPOR foulon,,,,,,,,,0,182,1.0,,0,71,0,76
05:30,05:30:00,71,76,-5,1,4,REGULAR,13,K. VAN DER VUURST DE VRIES,1,substitution,623,,[],out,0,1,Keye Jord,Van Der Vuurst De Vries,Keye Jord,Van Der Vuurst De Vries,K,V,K,V,K. Van Der Vuurst De Vries,ONVO BÜYÜKÇEKMECE BASKETBOL,BÇB,K. Van Der Vuurst De Vries,1,,,,,,SUB,out,ONVO BÜYÜKÇEKMECE BASKETBOL substitution out,,,,,,,,,0,182,1.0,,0,71,0,76
05:30,05:30:00,71,76,-5,1,4,REGULAR,5,J. LECQUE,1,substitution,624,,[],in,0,0,Jalen Evander,Lecque,Jalen Evander,Lecque,J,L,J,L,J. Lecque,ONVO BÜYÜKÇEKMECE BASKETBOL,BÇB,J. Lecque,0,,,,,,SUB,in,ONVO BÜYÜKÇEKMECE BASKETBOL substitution in,,,,,,,,,0,182,1.0,,0,71,0,76
05:30,05:30:00,71,76,-5,2,4,REGULAR,65,R. BLUMBERGS,1,substitution,625,,[],out,0,6,Roberts,Blumbergs,Roberts,Blumbergs,R,B,R,B,R. Blumbergs,ALİAĞA PETKİM SPOR,PTK,R. Blumbergs,6,,,,,,SUB,out,ALİAĞA PETKİM SPOR substitution out,,,,,,,,,0,182,1.0,,0,71,0,76
05:30,05:30:00,71,76,-5,2,4,REGULAR,44,T. SAV,1,substitution,626,,[],in,0,15,Troy Selim,Sav,Troy Selim,Sav,T,S,T,S,T. Sav,ALİAĞA PETKİM SPOR,PTK,T. Sav,15,,,,,,SUB,in,ALİAĞA PETKİM SPOR substitution in,,,,,,,,,0,182,1.0,,0,71,0,76
05:30,05:30:00,71,77,-6,2,4,REGULAR,42,Y. SONSIRMA,1,freethrow,627,,[],1of2,1,9,Yunus Emre,Sonsirma,Yunus Emre,Sonsirma,Y,S,Y,S,Y. Sonsirma,ALİAĞA PETKİM SPOR,PTK,Y. Sonsirma,9,,,,,,FT,made,ALİAĞA PETKİM SPOR Y. SONSIRMA FT 1of2 made,,,,,,,,,1,182,1.0,made_ft,0,71,1,77
05:30,05:30:00,71,78,-7,2,4,REGULAR,42,Y. SONSIRMA,1,freethrow,628,,[],2of2,1,9,Yunus Emre,Sonsirma,Yunus Emre,Sonsirma,Y,S,Y,S,Y. Sonsirma,ALİAĞA PETKİM SPOR,PTK,Y. Sonsirma,9,,,,,,FT,made,ALİAĞA PETKİM SPOR Y. SONSIRMA FT 2of2 made,,,,,,,,,1,183,2.0,made_ft_last,0,71,1,78
05:30,05:30:00,71,78,-7,2,4,REGULAR,42,Y. SONSIRMA,1,substitution,629,,[],out,0,9,Yunus Emre,Sonsirma,Yunus Emre,Sonsirma,Y,S,Y,S,Y. Sonsirma,ALİAĞA PETKİM SPOR,PTK,Y. Sonsirma,9,,,,,,SUB,out,ALİAĞA PETKİM SPOR substitution out,,,,,,,,,0,184,1.0,,0,71,0,78
05:30,05:30:00,71,78,-7,2,4,REGULAR,98,P. SCRUBB,1,substitution,630,,[],in,0,23,Philip Alexander,Scrubb,Philip Alexander,Scrubb,P,S,P,S,P. Scrubb,ALİAĞA PETKİM SPOR,PTK,P. Scrubb,23,,,,,,SUB,in,ALİAĞA PETKİM SPOR substitution in,,,,,,,,,0,184,1.0,,0,71,0,78
05:17,05:17:00,73,78,-5,1,4,REGULAR,4,E. BRUINSMA,1,2pt,632,,['pointsinthepaint'],floatingjumpshot,1,33,Evan John,Bruinsma,Evan John,Bruinsma,E,B,E,B,E. Bruinsma,ONVO BÜYÜKÇEKMECE BASKETBOL,BÇB,E. Bruinsma,33,,,83.650001525879,61.409999847412,1.0,P2,made,ONVO BÜYÜKÇEKMECE BASKETBOL E. BRUINSMA 2Pt made,7.0,1.0,S. PIPES JR,,,,,,2,184,1.0,score,2,73,0,78
05:17,05:17:00,73,78,-5,1,4,REGULAR,7,S. PIPES JR,1,assist,633,632,[],,0,11,Shawn Oneal,Pipes Jr,Shawn Oneal,Pipes Jr,S,P,S,P,S. Pipes Jr,ONVO BÜYÜKÇEKMECE BASKETBOL,BÇB,S. Pipes Jr,11,,,,,,ASS,,ONVO BÜYÜKÇEKMECE BASKETBOL S. PIPES JR assist,,,,,,,,,0,185,2.0,,0,73,0,78
05:01,05:01:00,73,78,-5,2,4,REGULAR,68,Y. FRANKE,0,3pt,634,,[],jumpshot,1,5,Yannick Ayrton,Franke,Yannick Ayrton,Franke,Y,F,Y,F,Y. Franke,ALİAĞA PETKİM SPOR,PTK,Y. Franke,5,,,20.0,91.069999694824,0.0,P3,missed,ALİAĞA PETKİM SPOR Y. FRANKE 3Pt missed,,,,,,,,,0,185,2.0,def_reb,0,73,0,78
04:58,04:58:00,73,78,-5,1,4,REGULAR,12,A. BANDAOGO,1,rebound,635,634,[],defensive,0,55,Abdou Aziz,Bandaogo,Abdou Aziz,Bandaogo,A,B,A,B,A. Bandaogo,ONVO BÜYÜKÇEKMECE BASKETBOL,BÇB,A. Bandaogo,55,,,,,,REB,,ONVO BÜYÜKÇEKMECE BASKETBOL rebound defensive,,,,,,,,,0,186,1.0,def_reb,0,73,0,78
04:47,04:47:00,73,78,-5,2,4,REGULAR,44,T. SAV,1,foul,637,,"['shooting', '2freethrow']",personal,0,15,Troy Selim,Sav,Troy Selim,Sav,T,S,T,S,T. Sav,ALİAĞA PETKİM SPOR,PTK,T. Sav,15,,,,,,FOUL,,ALİAĞA PETKİM SPOR T. SAV foul personal,,,,,,,,,0,187,2.0,,0,73,0,78
04:47,04:47:00,73,78,-5,1,4,REGULAR,7,S. PIPES JR,1,foulon,638,637,[],,0,11,Shawn Oneal,Pipes Jr,Shawn Oneal,Pipes Jr,S,P,S,P,S. Pipes Jr,ONVO BÜYÜKÇEKMECE BASKETBOL,BÇB,S. Pipes Jr,11,,,,,,OTHER,,ONVO BÜYÜKÇEKMECE BASKETBOL foulon,,,,,,,,,0,187,2.0,,0,73,0,78
04:47,04:47:00,73,78,-5,0,4,REGULAR,0,,1,timeout,639,,[],officials,0,,,,,,,,,,,,,,,,,,,,TIMEOUT,, timeout,,,,,,,,,0,187,2.0,,0,73,0,78
04:47,04:47:00,74,78,-4,1,4,REGULAR,7,S. PIPES JR,1,freethrow,640,,[],1of2,1,11,Shawn Oneal,Pipes Jr,Shawn Oneal,Pipes Jr,S,P,S,P,S. Pipes Jr,ONVO BÜYÜKÇEKMECE BASKETBOL,BÇB,S. Pipes Jr,11,,,,,,FT,made,ONVO BÜYÜKÇEKMECE BASKETBOL S. PIPES JR FT 1of2 made,,,,,,,,,1,187,2.0,made_ft,1,74,0,78
04:47,04:47:00,75,78,-3,1,4,REGULAR,7,S. PIPES JR,1,freethrow,641,,[],2of2,1,11,Shawn Oneal,Pipes Jr,Shawn Oneal,Pipes Jr,S,P,S,P,S. Pipes Jr,ONVO BÜYÜKÇEKMECE BASKETBOL,BÇB,S. Pipes Jr,11,,,,,,FT,made,ONVO BÜYÜKÇEKMECE BASKETBOL S. PIPES JR FT 2of2 made,,,,,,,,,1,188,1.0,made_ft_last,1,75,0,78
04:33,04:33:00,75,78,-3,2,4,REGULAR,67,D. EFIANAYI JR,1,turnover,644,,[],badpass,0,4,David Tinsley Eghosa,Efianayi Jr,David Tinsley Eghosa,Efianayi Jr,D,E,D,E,D. Efianayi Jr,ALİAĞA PETKİM SPOR,PTK,D. Efianayi Jr,4,,,,,,TO,,ALİAĞA PETKİM SPOR D. EFIANAYI JR turnover badpass,,,,,,,,,0,189,2.0,turnover,0,75,0,78
04:19,04:19:00,77,78,-1,1,4,REGULAR,5,J. LECQUE,1,2pt,646,,"['fromturnover', 'pointsinthepaint']",layup,1,0,Jalen Evander,Lecque,Jalen Evander,Lecque,J,L,J,L,J. Lecque,ONVO BÜYÜKÇEKMECE BASKETBOL,BÇB,J. Lecque,0,,,92.389999389648,48.979999542236,1.0,P2,made,ONVO BÜYÜKÇEKMECE BASKETBOL J. LECQUE 2Pt made,,,,,,,,,2,190,1.0,score,2,77,0,78
04:05,04:05:00,77,78,-1,1,4,REGULAR,5,J. LECQUE,1,foul,648,,['2freethrow'],personal,0,0,Jalen Evander,Lecque,Jalen Evander,Lecque,J,L,J,L,J. Lecque,ONVO BÜYÜKÇEKMECE BASKETBOL,BÇB,J. Lecque,0,,,,,,FOUL,,ONVO BÜYÜKÇEKMECE BASKETBOL J. LECQUE foul personal,,,,,,,,,0,191,2.0,,0,77,0,78
04:05,04:05:00,77,78,-1,2,4,REGULAR,98,P. SCRUBB,1,foulon,649,648,[],,0,23,Philip Alexander,Scrubb,Philip Alexander,Scrubb,P,S,P,S,P. Scrubb,ALİAĞA PETKİM SPOR,PTK,P. Scrubb,23,,,,,,OTHER,,ALİAĞA PETKİM SPOR foulon,,,,,,,,,0,191,2.0,,0,77,0,78
04:05,04:05:00,77,78,-1,1,4,REGULAR,0,,1,foul,650,,['1freethrow'],coachTechnical,0,,,,,,,,,,,ONVO BÜYÜKÇEKMECE BASKETBOL,BÇB,,,,,,,,FOUL,,ONVO BÜYÜKÇEKMECE BASKETBOL  foul coachtechnical,,,,,,,,,0,191,2.0,,0,77,0,78
04:05,04:05:00,77,79,-2,2,4,REGULAR,68,Y. FRANKE,1,freethrow,651,,[],1of1,1,5,Yannick Ayrton,Franke,Yannick Ayrton,Franke,Y,F,Y,F,Y. Franke,ALİAĞA PETKİM SPOR,PTK,Y. Franke,5,,,,,,FT,made,ALİAĞA PETKİM SPOR Y. FRANKE FT 1of1 made,,,,,,,,,1,191,2.0,made_ft_last,0,77,1,79
04:05,04:05:00,77,80,-3,2,4,REGULAR,98,P. SCRUBB,1,freethrow,652,,[],1of2,1,23,Philip Alexander,Scrubb,Philip Alexander,Scrubb,P,S,P,S,P. Scrubb,ALİAĞA PETKİM SPOR,PTK,P. Scrubb,23,,,,,,FT,made,ALİAĞA PETKİM SPOR P. SCRUBB FT 1of2 made,,,,,,,,,1,192,1.0,made_ft,0,77,1,80
04:05,04:05:00,77,81,-4,2,4,REGULAR,98,P. SCRUBB,1,freethrow,653,,[],2of2,1,23,Philip Alexander,Scrubb,Philip Alexander,Scrubb,P,S,P,S,P. Scrubb,ALİAĞA PETKİM SPOR,PTK,P. Scrubb,23,,,,,,FT,made,ALİAĞA PETKİM SPOR P. SCRUBB FT 2of2 made,,,,,,,,,1,193,2.0,made_ft_last,0,77,1,81
03:48,03:48:00,77,81,-4,2,4,REGULAR,68,Y. FRANKE,1,foul,656,,['double'],personal,0,5,Yannick Ayrton,Franke,Yannick Ayrton,Franke,Y,F,Y,F,Y. Franke,ALİAĞA PETKİM SPOR,PTK,Y. Franke,5,,,,,,FOUL,,ALİAĞA PETKİM SPOR Y. FRANKE foul personal,,,,,,,,,0,194,1.0,,0,77,0,81
03:48,03:48:00,77,81,-4,1,4,REGULAR,4,E. BRUINSMA,1,foulon,657,656,[],,0,33,Evan John,Bruinsma,Evan John,Bruinsma,E,B,E,B,E. Bruinsma,ONVO BÜYÜKÇEKMECE BASKETBOL,BÇB,E. Bruinsma,33,,,,,,OTHER,,ONVO BÜYÜKÇEKMECE BASKETBOL foulon,,,,,,,,,0,194,1.0,,0,77,0,81
03:48,03:48:00,77,81,-4,1,4,REGULAR,4,E. BRUINSMA,1,foul,658,,['double'],personal,0,33,Evan John,Bruinsma,Evan John,Bruinsma,E,B,E,B,E. Bruinsma,ONVO BÜYÜKÇEKMECE BASKETBOL,BÇB,E. Bruinsma,33,,,,,,FOUL,,ONVO BÜYÜKÇEKMECE BASKETBOL E. BRUINSMA foul personal,,,,,,,,,0,194,1.0,,0,77,0,81
03:48,03:48:00,77,81,-4,2,4,REGULAR,68,Y. FRANKE,1,foulon,659,658,[],,0,5,Yannick Ayrton,Franke,Yannick Ayrton,Franke,Y,F,Y,F,Y. Franke,ALİAĞA PETKİM SPOR,PTK,Y. Franke,5,,,,,,OTHER,,ALİAĞA PETKİM SPOR foulon,,,,,,,,,0,194,1.0,,0,77,0,81
03:46,03:46:00,77,81,-4,1,4,REGULAR,7,S. PIPES JR,0,2pt,661,,['pointsinthepaint'],floatingjumpshot,1,11,Shawn Oneal,Pipes Jr,Shawn Oneal,Pipes Jr,S,P,S,P,S. Pipes Jr,ONVO BÜYÜKÇEKMECE BASKETBOL,BÇB,S. Pipes Jr,11,,,86.300003051758,61.130001068115,0.0,P2,missed,ONVO BÜYÜKÇEKMECE BASKETBOL S. PIPES JR 2Pt missed,,,,,,,,,0,194,1.0,def_reb,0,77,0,81
03:44,03:44:00,77,81,-4,2,4,REGULAR,64,M. SAJUS,1,rebound,662,661,[],defensive,0,19,Martynas,Sajus,Martynas,Sajus,M,S,M,S,M. Sajus,ALİAĞA PETKİM SPOR,PTK,M. Sajus,19,,,,,,REB,,ALİAĞA PETKİM SPOR rebound defensive,,,,,,,,,0,195,2.0,def_reb,0,77,0,81
03:24,03:24:00,77,81,-4,2,4,REGULAR,64,M. SAJUS,1,turnover,664,,[],ballhandling,0,19,Martynas,Sajus,Martynas,Sajus,M,S,M,S,M. Sajus,ALİAĞA PETKİM SPOR,PTK,M. Sajus,19,,,,,,TO,,ALİAĞA PETKİM SPOR M. SAJUS turnover ballhandling,,,,,,,,,0,196,1.0,turnover,0,77,0,81
03:24,03:24:00,77,81,-4,1,4,REGULAR,5,J. LECQUE,1,substitution,665,,[],out,0,0,Jalen Evander,Lecque,Jalen Evander,Lecque,J,L,J,L,J. Lecque,ONVO BÜYÜKÇEKMECE BASKETBOL,BÇB,J. Lecque,0,,,,,,SUB,out,ONVO BÜYÜKÇEKMECE BASKETBOL substitution out,,,,,,,,,0,197,2.0,,0,77,0,81
03:24,03:24:00,77,81,-4,1,4,REGULAR,13,K. VAN DER VUURST DE VRIES,1,substitution,666,,[],in,0,1,Keye Jord,Van Der Vuurst De Vries,Keye Jord,Van Der Vuurst De Vries,K,V,K,V,K. Van Der Vuurst De Vries,ONVO BÜYÜKÇEKMECE BASKETBOL,BÇB,K. Van Der Vuurst De Vries,1,,,,,,SUB,in,ONVO BÜYÜKÇEKMECE BASKETBOL substitution in,,,,,,,,,0,197,2.0,,0,77,0,81
03:24,03:24:00,77,81,-4,2,4,REGULAR,0,,1,headcoachchallenge,667,,['rejected'],outofbounds,0,,,,,,,,,,,ALİAĞA PETKİM SPOR,PTK,,,,,,,,OTHER,,ALİAĞA PETKİM SPOR headcoachchallenge outofbounds,,,,,,,,,0,197,2.0,,0,77,0,81
03:13,03:13:00,77,81,-4,2,4,REGULAR,67,D. EFIANAYI JR,1,foul,670,,"['shooting', '2freethrow']",personal,0,4,David Tinsley Eghosa,Efianayi Jr,David Tinsley Eghosa,Efianayi Jr,D,E,D,E,D. Efianayi Jr,ALİAĞA PETKİM SPOR,PTK,D. Efianayi Jr,4,,,,,,FOUL,,ALİAĞA PETKİM SPOR D. EFIANAYI JR foul personal,,,,,,,,,0,197,2.0,,0,77,0,81
03:13,03:13:00,77,81,-4,1,4,REGULAR,12,A. BANDAOGO,1,foulon,671,670,[],,0,55,Abdou Aziz,Bandaogo,Abdou Aziz,Bandaogo,A,B,A,B,A. Bandaogo,ONVO BÜYÜKÇEKMECE BASKETBOL,BÇB,A. Bandaogo,55,,,,,,OTHER,,ONVO BÜYÜKÇEKMECE BASKETBOL foulon,,,,,,,,,0,197,2.0,,0,77,0,81
03:13,03:13:00,77,81,-4,1,4,REGULAR,12,A. BANDAOGO,0,freethrow,672,,['fromturnover'],1of2,1,55,Abdou Aziz,Bandaogo,Abdou Aziz,Bandaogo,A,B,A,B,A. Bandaogo,ONVO BÜYÜKÇEKMECE BASKETBOL,BÇB,A. Bandaogo,55,,,,,,FT,missed,ONVO BÜYÜKÇEKMECE BASKETBOL A. BANDAOGO FT 1of2 missed,,,,,,,,,0,197,2.0,def_reb,0,77,0,81
03:13,03:13:00,77,81,-4,1,4,REGULAR,0,,1,rebound,673,672,[],offensivedeadball,0,,,,,,,,,,,ONVO BÜYÜKÇEKMECE BASKETBOL,BÇB,,,,,,,,TREB,,ONVO BÜYÜKÇEKMECE BASKETBOL team rebound offensivedeadball,,,,,,,,,0,198,1.0,def_reb,0,77,0,81
03:13,03:13:00,78,81,-3,1,4,REGULAR,12,A. BANDAOGO,1,freethrow,674,,['fromturnover'],2of2,1,55,Abdou Aziz,Bandaogo,Abdou Aziz,Bandaogo,A,B,A,B,A. Bandaogo,ONVO BÜYÜKÇEKMECE BASKETBOL,BÇB,A. Bandaogo,55,,,,,,FT,made,ONVO BÜYÜKÇEKMECE BASKETBOL A. BANDAOGO FT 2of2 made,,,,,,,,,1,199,2.0,made_ft_last,1,78,0,81
03:13,03:13:00,78,81,-3,1,4,REGULAR,13,K. VAN DER VUURST DE VRIES,1,assist,675,674,[],,0,1,Keye Jord,Van Der Vuurst De Vries,Keye Jord,Van Der Vuurst De Vries,K,V,K,V,K. Van Der Vuurst De Vries,ONVO BÜYÜKÇEKMECE BASKETBOL,BÇB,K. Van Der Vuurst De Vries,1,,,,,,ASS,,ONVO BÜYÜKÇEKMECE BASKETBOL K. VAN DER VUURST DE VRIES assist,,,,,,,,,0,200,1.0,,0,78,0,81
02:52,02:52:00,78,81,-3,2,4,REGULAR,44,T. SAV,0,2pt,678,,"['pointsinthepaint', 'blocked']",layup,1,15,Troy Selim,Sav,Troy Selim,Sav,T,S,T,S,T. Sav,ALİAĞA PETKİM SPOR,PTK,T. Sav,15,,,6.2699999809265,61.409999847412,0.0,P2,missed,ALİAĞA PETKİM SPOR T. SAV 2Pt missed,,,,12.0,1.0,A. BANDAOGO,,,0,200,1.0,,0,78,0,81
02:52,02:52:00,78,81,-3,1,4,REGULAR,12,A. BANDAOGO,1,block,679,678,[],,0,55,Abdou Aziz,Bandaogo,Abdou Aziz,Bandaogo,A,B,A,B,A. Bandaogo,ONVO BÜYÜKÇEKMECE BASKETBOL,BÇB,A. Bandaogo,55,,,,,,BS,,ONVO BÜYÜKÇEKMECE BASKETBOL A. BANDAOGO block,,,,,,,,,0,200,1.0,,0,78,0,81
02:52,02:52:00,78,81,-3,2,4,REGULAR,0,,1,rebound,680,678,['team'],offensive,0,,,,,,,,,,,ALİAĞA PETKİM SPOR,PTK,,,,,,,,TREB,,ALİAĞA PETKİM SPOR team rebound offensive,,,,,,,,,0,200,1.0,def_reb,0,78,0,81
02:51,02:51:00,78,81,-3,2,4,REGULAR,0,,1,timeout,683,,[],full,0,,,,,,,,,,,ALİAĞA PETKİM SPOR,PTK,,,,,,,,TIMEOUT,,ALİAĞA PETKİM SPOR timeout,,,,,,,,,0,201,2.0,,0,78,0,81
02:48,02:48:00,78,81,-3,2,4,REGULAR,67,D. EFIANAYI JR,0,2pt,685,,['2ndchance'],jumpshot,1,4,David Tinsley Eghosa,Efianayi Jr,David Tinsley Eghosa,Efianayi Jr,D,E,D,E,D. Efianayi Jr,ALİAĞA PETKİM SPOR,PTK,D. Efianayi Jr,4,,,20.159999847412,71.580001831055,0.0,P2,missed,ALİAĞA PETKİM SPOR D. EFIANAYI JR 2Pt missed,,,,,,,,,0,201,2.0,def_reb,0,78,0,81
02:46,02:46:00,78,81,-3,2,4,REGULAR,0,,1,rebound,687,685,['team'],offensive,0,,,,,,,,,,,ALİAĞA PETKİM SPOR,PTK,,,,,,,,TREB,,ALİAĞA PETKİM SPOR team rebound offensive,,,,,,,,,0,202,1.0,def_reb,0,78,0,81
02:46,02:46:00,78,81,-3,1,4,REGULAR,7,S. PIPES JR,1,foul,688,,['2freethrow'],personal,0,11,Shawn Oneal,Pipes Jr,Shawn Oneal,Pipes Jr,S,P,S,P,S. Pipes Jr,ONVO BÜYÜKÇEKMECE BASKETBOL,BÇB,S. Pipes Jr,11,,,,,,FOUL,,ONVO BÜYÜKÇEKMECE BASKETBOL S. PIPES JR foul personal,,,,,,,,,0,203,2.0,,0,78,0,81
02:46,02:46:00,78,81,-3,2,4,REGULAR,68,Y. FRANKE,1,foulon,689,688,[],,0,5,Yannick Ayrton,Franke,Yannick Ayrton,Franke,Y,F,Y,F,Y. Franke,ALİAĞA PETKİM SPOR,PTK,Y. Franke,5,,,,,,OTHER,,ALİAĞA PETKİM SPOR foulon,,,,,,,,,0,203,2.0,,0,78,0,81
02:46,02:46:00,78,82,-4,2,4,REGULAR,68,Y. FRANKE,1,freethrow,690,,['2ndchance'],1of2,1,5,Yannick Ayrton,Franke,Yannick Ayrton,Franke,Y,F,Y,F,Y. Franke,ALİAĞA PETKİM SPOR,PTK,Y. Franke,5,,,,,,FT,made,ALİAĞA PETKİM SPOR Y. FRANKE FT 1of2 made,,,,,,,,,1,203,2.0,made_ft,0,78,1,82
02:46,02:46:00,78,83,-5,2,4,REGULAR,68,Y. FRANKE,1,freethrow,691,,['2ndchance'],2of2,1,5,Yannick Ayrton,Franke,Yannick Ayrton,Franke,Y,F,Y,F,Y. Franke,ALİAĞA PETKİM SPOR,PTK,Y. Franke,5,,,,,,FT,made,ALİAĞA PETKİM SPOR Y. FRANKE FT 2of2 made,,,,,,,,,1,204,1.0,made_ft_last,0,78,1,83
02:37,02:37:00,78,83,-5,2,4,REGULAR,68,Y. FRANKE,1,foul,694,,['2freethrow'],personal,0,5,Yannick Ayrton,Franke,Yannick Ayrton,Franke,Y,F,Y,F,Y. Franke,ALİAĞA PETKİM SPOR,PTK,Y. Franke,5,,,,,,FOUL,,ALİAĞA PETKİM SPOR Y. FRANKE foul personal,,,,,,,,,0,205,2.0,,0,78,0,83
02:37,02:37:00,78,83,-5,1,4,REGULAR,13,K. VAN DER VUURST DE VRIES,1,foulon,695,694,[],,0,1,Keye Jord,Van Der Vuurst De Vries,Keye Jord,Van Der Vuurst De Vries,K,V,K,V,K. Van Der Vuurst De Vries,ONVO BÜYÜKÇEKMECE BASKETBOL,BÇB,K. Van Der Vuurst De Vries,1,,,,,,OTHER,,ONVO BÜYÜKÇEKMECE BASKETBOL foulon,,,,,,,,,0,205,2.0,,0,78,0,83
02:37,02:37:00,79,83,-4,1,4,REGULAR,13,K. VAN DER VUURST DE VRIES,1,freethrow,696,,[],1of2,1,1,Keye Jord,Van Der Vuurst De Vries,Keye Jord,Van Der Vuurst De Vries,K,V,K,V,K. Van Der Vuurst De Vries,ONVO BÜYÜKÇEKMECE BASKETBOL,BÇB,K. Van Der Vuurst De Vries,1,,,,,,FT,made,ONVO BÜYÜKÇEKMECE BASKETBOL K. VAN DER VUURST DE VRIES FT 1of2 made,,,,,,,,,1,205,2.0,made_ft,1,79,0,83
02:37,02:37:00,80,83,-3,1,4,REGULAR,13,K. VAN DER VUURST DE VRIES,1,freethrow,697,,[],2of2,1,1,Keye Jord,Van Der Vuurst De Vries,Keye Jord,Van Der Vuurst De Vries,K,V,K,V,K. Van Der Vuurst De Vries,ONVO BÜYÜKÇEKMECE BASKETBOL,BÇB,K. Van Der Vuurst De Vries,1,,,,,,FT,made,ONVO BÜYÜKÇEKMECE BASKETBOL K. VAN DER VUURST DE VRIES FT 2of2 made,,,,,,,,,1,206,1.0,made_ft_last,1,80,0,83
02:21,02:21:00,80,83,-3,2,4,REGULAR,98,P. SCRUBB,1,turnover,700,,[],badpass,0,23,Philip Alexander,Scrubb,Philip Alexander,Scrubb,P,S,P,S,P. Scrubb,ALİAĞA PETKİM SPOR,PTK,P. Scrubb,23,,,,,,TO,,ALİAĞA PETKİM SPOR P. SCRUBB turnover badpass,,,,,,,,,0,207,2.0,turnover,0,80,0,83
02:06,02:06:00,80,83,-3,1,4,REGULAR,13,K. VAN DER VUURST DE VRIES,0,3pt,702,,['fromturnover'],jumpshot,1,1,Keye Jord,Van Der Vuurst De Vries,Keye Jord,Van Der Vuurst De Vries,K,V,K,V,K. Van Der Vuurst De Vries,ONVO BÜYÜKÇEKMECE BASKETBOL,BÇB,K. Van Der Vuurst De Vries,1,,,70.699996948242,26.379999160767,0.0,P3,missed,ONVO BÜYÜKÇEKMECE BASKETBOL K. VAN DER VUURST DE VRIES 3Pt missed,,,,,,,,,0,208,1.0,def_reb,0,80,0,83
02:03,02:03:00,80,83,-3,2,4,REGULAR,98,P. SCRUBB,1,rebound,703,702,[],defensive,0,23,Philip Alexander,Scrubb,Philip Alexander,Scrubb,P,S,P,S,P. Scrubb,ALİAĞA PETKİM SPOR,PTK,P. Scrubb,23,,,,,,REB,,ALİAĞA PETKİM SPOR rebound defensive,,,,,,,,,0,209,2.0,def_reb,0,80,0,83
01:39,01:39:00,80,83,-3,2,4,REGULAR,67,D. EFIANAYI JR,0,3pt,704,,[],jumpshot,1,4,David Tinsley Eghosa,Efianayi Jr,David Tinsley Eghosa,Efianayi Jr,D,E,D,E,D. Efianayi Jr,ALİAĞA PETKİM SPOR,PTK,D. Efianayi Jr,4,,,25.620000839233,22.709999084473,0.0,P3,missed,ALİAĞA PETKİM SPOR D. EFIANAYI JR 3Pt missed,,,,,,,,,0,210,1.0,def_reb,0,80,0,83
01:37,01:37:00,80,83,-3,1,4,REGULAR,0,,1,rebound,706,704,['team'],defensive,0,,,,,,,,,,,ONVO BÜYÜKÇEKMECE BASKETBOL,BÇB,,,,,,,,TREB,,ONVO BÜYÜKÇEKMECE BASKETBOL team rebound defensive,,,,,,,,,0,211,2.0,def_reb,0,80,0,83
01:19,01:19:00,82,83,-1,1,4,REGULAR,13,K. VAN DER VUURST DE VRIES,1,2pt,709,,['pointsinthepaint'],floatingjumpshot,1,1,Keye Jord,Van Der Vuurst De Vries,Keye Jord,Van Der Vuurst De Vries,K,V,K,V,K. Van Der Vuurst De Vries,ONVO BÜYÜKÇEKMECE BASKETBOL,BÇB,K. Van Der Vuurst De Vries,1,,,84.900001525879,40.790000915527,1.0,P2,made,ONVO BÜYÜKÇEKMECE BASKETBOL K. VAN DER VUURST DE VRIES 2Pt made,,,,,,,,,2,212,1.0,score,2,82,0,83
01:19,01:19:00,82,83,-1,2,4,REGULAR,67,D. EFIANAYI JR,1,foul,710,,"['shooting', '1freethrow']",personal,0,4,David Tinsley Eghosa,Efianayi Jr,David Tinsley Eghosa,Efianayi Jr,D,E,D,E,D. Efianayi Jr,ALİAĞA PETKİM SPOR,PTK,D. Efianayi Jr,4,,,,,,FOUL,,ALİAĞA PETKİM SPOR D. EFIANAYI JR foul personal,,,,,,,,,0,213,2.0,,0,82,0,83
01:19,01:19:00,82,83,-1,1,4,REGULAR,13,K. VAN DER VUURST DE VRIES,1,foulon,711,710,[],,0,1,Keye Jord,Van Der Vuurst De Vries,Keye Jord,Van Der Vuurst De Vries,K,V,K,V,K. Van Der Vuurst De Vries,ONVO BÜYÜKÇEKMECE BASKETBOL,BÇB,K. Van Der Vuurst De Vries,1,,,,,,OTHER,,ONVO BÜYÜKÇEKMECE BASKETBOL foulon,,,,,,,,,0,213,2.0,,0,82,0,83
01:19,01:19:00,83,83,0,1,4,REGULAR,13,K. VAN DER VUURST DE VRIES,1,freethrow,712,,[],1of1,1,1,Keye Jord,Van Der Vuurst De Vries,Keye Jord,Van Der Vuurst De Vries,K,V,K,V,K. Van Der Vuurst De Vries,ONVO BÜYÜKÇEKMECE BASKETBOL,BÇB,K. Van Der Vuurst De Vries,1,,,,,,FT,made,ONVO BÜYÜKÇEKMECE BASKETBOL K. VAN DER VUURST DE VRIES FT 1of1 made,,,,,,,,,1,213,2.0,made_ft_last,1,83,0,83
01:09,01:09:00,83,83,0,2,4,REGULAR,98,P. SCRUBB,0,3pt,714,,[],jumpshot,1,23,Philip Alexander,Scrubb,Philip Alexander,Scrubb,P,S,P,S,P. Scrubb,ALİAĞA PETKİM SPOR,PTK,P. Scrubb,23,,,27.180000305176,78.930000305176,0.0,P3,missed,ALİAĞA PETKİM SPOR P. SCRUBB 3Pt missed,,,,,,,,,0,214,1.0,def_reb,0,83,0,83
01:05,01:05:00,83,83,0,1,4,REGULAR,0,,1,rebound,718,714,['team'],defensive,0,,,,,,,,,,,ONVO BÜYÜKÇEKMECE BASKETBOL,BÇB,,,,,,,,TREB,,ONVO BÜYÜKÇEKMECE BASKETBOL team rebound defensive,,,,,,,,,0,215,2.0,def_reb,0,83,0,83
01:05,01:05:00,83,83,0,2,4,REGULAR,44,T. SAV,1,substitution,719,,[],out,0,15,Troy Selim,Sav,Troy Selim,Sav,T,S,T,S,T. Sav,ALİAĞA PETKİM SPOR,PTK,T. Sav,15,,,,,,SUB,out,ALİAĞA PETKİM SPOR substitution out,,,,,,,,,0,216,1.0,,0,83,0,83
01:05,01:05:00,83,83,0,2,4,REGULAR,98,P. SCRUBB,1,substitution,720,,[],out,0,23,Philip Alexander,Scrubb,Philip Alexander,Scrubb,P,S,P,S,P. Scrubb,ALİAĞA PETKİM SPOR,PTK,P. Scrubb,23,,,,,,SUB,out,ALİAĞA PETKİM SPOR substitution out,,,,,,,,,0,216,1.0,,0,83,0,83
01:05,01:05:00,83,83,0,2,4,REGULAR,70,U. UTOMI,1,substitution,721,,[],in,0,8,Uzodinma,Utomi,Uzodinma,Utomi,U,U,U,U,U. Utomi,ALİAĞA PETKİM SPOR,PTK,U. Utomi,8,,,,,,SUB,in,ALİAĞA PETKİM SPOR substitution in,,,,,,,,,0,216,1.0,,0,83,0,83
01:05,01:05:00,83,83,0,2,4,REGULAR,42,Y. SONSIRMA,1,substitution,722,,[],in,0,9,Yunus Emre,Sonsirma,Yunus Emre,Sonsirma,Y,S,Y,S,Y. Sonsirma,ALİAĞA PETKİM SPOR,PTK,Y. Sonsirma,9,,,,,,SUB,in,ALİAĞA PETKİM SPOR substitution in,,,,,,,,,0,216,1.0,,0,83,0,83
00:48,00:48:40,83,83,0,1,4,REGULAR,4,E. BRUINSMA,1,turnover,727,,[],outofbounds,0,33,Evan John,Bruinsma,Evan John,Bruinsma,E,B,E,B,E. Bruinsma,ONVO BÜYÜKÇEKMECE BASKETBOL,BÇB,E. Bruinsma,33,,,,,,TO,,ONVO BÜYÜKÇEKMECE BASKETBOL E. BRUINSMA turnover outofbounds,,,,,,,,,0,216,1.0,turnover,0,83,0,83
00:48,00:48:40,83,83,0,2,4,REGULAR,0,,1,timeout,728,,[],full,0,,,,,,,,,,,ALİAĞA PETKİM SPOR,PTK,,,,,,,,TIMEOUT,,ALİAĞA PETKİM SPOR timeout,,,,,,,,,0,217,2.0,,0,83,0,83
00:39,00:39:00,83,86,-3,2,4,REGULAR,68,Y. FRANKE,1,3pt,730,,['fromturnover'],jumpshot,1,5,Yannick Ayrton,Franke,Yannick Ayrton,Franke,Y,F,Y,F,Y. Franke,ALİAĞA PETKİM SPOR,PTK,Y. Franke,5,,,30.760000228882,38.529998779297,1.0,P3,made,ALİAĞA PETKİM SPOR Y. FRANKE 3Pt made,67.0,2.0,D. EFIANAYI JR,,,,,,3,217,2.0,score,0,83,3,86
00:39,00:39:00,83,86,-3,2,4,REGULAR,67,D. EFIANAYI JR,1,assist,733,730,[],,0,4,David Tinsley Eghosa,Efianayi Jr,David Tinsley Eghosa,Efianayi Jr,D,E,D,E,D. Efianayi Jr,ALİAĞA PETKİM SPOR,PTK,D. Efianayi Jr,4,,,,,,ASS,,ALİAĞA PETKİM SPOR D. EFIANAYI JR assist,,,,,,,,,0,218,1.0,,0,83,0,86
00:35,00:35:60,83,86,-3,1,4,REGULAR,0,,1,timeout,735,,[],full,0,,,,,,,,,,,ONVO BÜYÜKÇEKMECE BASKETBOL,BÇB,,,,,,,,TIMEOUT,,ONVO BÜYÜKÇEKMECE BASKETBOL timeout,,,,,,,,,0,218,1.0,,0,83,0,86
00:26,00:26:20,83,86,-3,1,4,REGULAR,7,S. PIPES JR,0,3pt,737,,[],stepbackjumpshot,1,11,Shawn Oneal,Pipes Jr,Shawn Oneal,Pipes Jr,S,P,S,P,S. Pipes Jr,ONVO BÜYÜKÇEKMECE BASKETBOL,BÇB,S. Pipes Jr,11,,,77.099998474121,88.25,0.0,P3,missed,ONVO BÜYÜKÇEKMECE BASKETBOL S. PIPES JR 3Pt missed,,,,,,,,,0,218,1.0,def_reb,0,83,0,86
00:24,00:24:00,83,86,-3,1,4,REGULAR,0,,1,rebound,741,737,['team'],offensive,0,,,,,,,,,,,ONVO BÜYÜKÇEKMECE BASKETBOL,BÇB,,,,,,,,TREB,,ONVO BÜYÜKÇEKMECE BASKETBOL team rebound offensive,,,,,,,,,0,219,2.0,def_reb,0,83,0,86
00:24,00:24:00,83,86,-3,2,4,REGULAR,70,U. UTOMI,1,foul,742,,['2freethrow'],personal,0,8,Uzodinma,Utomi,Uzodinma,Utomi,U,U,U,U,U. Utomi,ALİAĞA PETKİM SPOR,PTK,U. Utomi,8,,,,,,FOUL,,ALİAĞA PETKİM SPOR U. UTOMI foul personal,,,,,,,,,0,220,1.0,,0,83,0,86
00:24,00:24:00,83,86,-3,1,4,REGULAR,4,E. BRUINSMA,1,foulon,743,742,[],,0,33,Evan John,Bruinsma,Evan John,Bruinsma,E,B,E,B,E. Bruinsma,ONVO BÜYÜKÇEKMECE BASKETBOL,BÇB,E. Bruinsma,33,,,,,,OTHER,,ONVO BÜYÜKÇEKMECE BASKETBOL foulon,,,,,,,,,0,220,1.0,,0,83,0,86
00:24,00:24:00,83,86,-3,1,4,REGULAR,4,E. BRUINSMA,0,freethrow,744,,['2ndchance'],1of2,1,33,Evan John,Bruinsma,Evan John,Bruinsma,E,B,E,B,E. Bruinsma,ONVO BÜYÜKÇEKMECE BASKETBOL,BÇB,E. Bruinsma,33,,,,,,FT,missed,ONVO BÜYÜKÇEKMECE BASKETBOL E. BRUINSMA FT 1of2 missed,,,,,,,,,0,220,1.0,def_reb,0,83,0,86
00:24,00:24:00,83,86,-3,1,4,REGULAR,0,,1,rebound,745,744,[],offensivedeadball,0,,,,,,,,,,,ONVO BÜYÜKÇEKMECE BASKETBOL,BÇB,,,,,,,,TREB,,ONVO BÜYÜKÇEKMECE BASKETBOL team rebound offensivedeadball,,,,,,,,,0,221,2.0,def_reb,0,83,0,86
00:24,00:24:00,84,86,-2,1,4,REGULAR,4,E. BRUINSMA,1,freethrow,746,,['2ndchance'],2of2,1,33,Evan John,Bruinsma,Evan John,Bruinsma,E,B,E,B,E. Bruinsma,ONVO BÜYÜKÇEKMECE BASKETBOL,BÇB,E. Bruinsma,33,,,,,,FT,made,ONVO BÜYÜKÇEKMECE BASKETBOL E. BRUINSMA FT 2of2 made,,,,,,,,,1,222,1.0,made_ft_last,1,84,0,86
00:18,00:18:50,84,86,-2,1,4,REGULAR,13,K. VAN DER VUURST DE VRIES,1,foul,753,,['2freethrow'],personal,0,1,Keye Jord,Van Der Vuurst De Vries,Keye Jord,Van Der Vuurst De Vries,K,V,K,V,K. Van Der Vuurst De Vries,ONVO BÜYÜKÇEKMECE BASKETBOL,BÇB,K. Van Der Vuurst De Vries,1,,,,,,FOUL,,ONVO BÜYÜKÇEKMECE BASKETBOL K. VAN DER VUURST DE VRIES foul personal,,,,,,,,,0,223,2.0,,0,84,0,86
00:18,00:18:50,84,86,-2,2,4,REGULAR,70,U. UTOMI,1,foulon,754,753,[],,0,8,Uzodinma,Utomi,Uzodinma,Utomi,U,U,U,U,U. Utomi,ALİAĞA PETKİM SPOR,PTK,U. Utomi,8,,,,,,OTHER,,ALİAĞA PETKİM SPOR foulon,,,,,,,,,0,223,2.0,,0,84,0,86
00:18,00:18:50,84,86,-2,2,4,REGULAR,70,U. UTOMI,0,freethrow,755,,['fastbreak'],1of2,1,8,Uzodinma,Utomi,Uzodinma,Utomi,U,U,U,U,U. Utomi,ALİAĞA PETKİM SPOR,PTK,U. Utomi,8,,,,,,FT,missed,ALİAĞA PETKİM SPOR U. UTOMI FT 1of2 missed,,,,,,,,,0,223,2.0,def_reb,0,84,0,86
00:18,00:18:50,84,86,-2,2,4,REGULAR,0,,1,rebound,756,755,[],offensivedeadball,0,,,,,,,,,,,ALİAĞA PETKİM SPOR,PTK,,,,,,,,TREB,,ALİAĞA PETKİM SPOR team rebound offensivedeadball,,,,,,,,,0,224,1.0,def_reb,0,84,0,86
00:18,00:18:50,84,87,-3,2,4,REGULAR,70,U. UTOMI,1,freethrow,757,,['fastbreak'],2of2,1,8,Uzodinma,Utomi,Uzodinma,Utomi,U,U,U,U,U. Utomi,ALİAĞA PETKİM SPOR,PTK,U. Utomi,8,,,,,,FT,made,ALİAĞA PETKİM SPOR U. UTOMI FT 2of2 made,,,,,,,,,1,225,2.0,made_ft_last,0,84,1,87
00:18,00:18:50,84,87,-3,1,4,REGULAR,0,,1,timeout,758,,[],full,0,,,,,,,,,,,ONVO BÜYÜKÇEKMECE BASKETBOL,BÇB,,,,,,,,TIMEOUT,,ONVO BÜYÜKÇEKMECE BASKETBOL timeout,,,,,,,,,0,226,1.0,,0,84,0,87
00:14,00:14:50,84,87,-3,2,4,REGULAR,64,M. SAJUS,1,foul,763,,['2freethrow'],personal,0,19,Martynas,Sajus,Martynas,Sajus,M,S,M,S,M. Sajus,ALİAĞA PETKİM SPOR,PTK,M. Sajus,19,,,,,,FOUL,,ALİAĞA PETKİM SPOR M. SAJUS foul personal,,,,,,,,,0,226,1.0,,0,84,0,87
00:14,00:14:50,84,87,-3,1,4,REGULAR,13,K. VAN DER VUURST DE VRIES,1,foulon,764,763,[],,0,1,Keye Jord,Van Der Vuurst De Vries,Keye Jord,Van Der Vuurst De Vries,K,V,K,V,K. Van Der Vuurst De Vries,ONVO BÜYÜKÇEKMECE BASKETBOL,BÇB,K. Van Der Vuurst De Vries,1,,,,,,OTHER,,ONVO BÜYÜKÇEKMECE BASKETBOL foulon,,,,,,,,,0,226,1.0,,0,84,0,87
00:14,00:14:50,85,87,-2,1,4,REGULAR,13,K. VAN DER VUURST DE VRIES,1,freethrow,765,,['fastbreak'],1of2,1,1,Keye Jord,Van Der Vuurst De Vries,Keye Jord,Van Der Vuurst De Vries,K,V,K,V,K. Van Der Vuurst De Vries,ONVO BÜYÜKÇEKMECE BASKETBOL,BÇB,K. Van Der Vuurst De Vries,1,,,,,,FT,made,ONVO BÜYÜKÇEKMECE BASKETBOL K. VAN DER VUURST DE VRIES FT 1of2 made,,,,,,,,,1,226,1.0,made_ft,1,85,0,87
00:14,00:14:50,85,87,-2,1,4,REGULAR,13,K. VAN DER VUURST DE VRIES,0,freethrow,766,,['fastbreak'],2of2,1,1,Keye Jord,Van Der Vuurst De Vries,Keye Jord,Van Der Vuurst De Vries,K,V,K,V,K. Van Der Vuurst De Vries,ONVO BÜYÜKÇEKMECE BASKETBOL,BÇB,K. Van Der Vuurst De Vries,1,,,,,,FT,missed,ONVO BÜYÜKÇEKMECE BASKETBOL K. VAN DER VUURST DE VRIES FT 2of2 missed,,,,,,,,,0,227,2.0,def_reb,0,85,0,87
00:14,00:14:50,85,87,-2,2,4,REGULAR,70,U. UTOMI,1,rebound,768,766,[],defensive,0,8,Uzodinma,Utomi,Uzodinma,Utomi,U,U,U,U,U. Utomi,ALİAĞA PETKİM SPOR,PTK,U. Utomi,8,,,,,,REB,,ALİAĞA PETKİM SPOR rebound defensive,,,,,,,,,0,228,1.0,def_reb,0,85,0,87
00:11,00:11:20,85,87,-2,1,4,REGULAR,8,Y. ÖZKAN,1,foul,774,,['2freethrow'],personal,0,2,Yigit,Özkan,Yigit,Özkan,Y,Ö,Y,Ö,Y. Özkan,ONVO BÜYÜKÇEKMECE BASKETBOL,BÇB,Y. Özkan,2,,,,,,FOUL,,ONVO BÜYÜKÇEKMECE BASKETBOL Y. ÖZKAN foul personal,,,,,,,,,0,229,2.0,,0,85,0,87
00:11,00:11:20,85,87,-2,2,4,REGULAR,68,Y. FRANKE,1,foulon,775,774,[],,0,5,Yannick Ayrton,Franke,Yannick Ayrton,Franke,Y,F,Y,F,Y. Franke,ALİAĞA PETKİM SPOR,PTK,Y. Franke,5,,,,,,OTHER,,ALİAĞA PETKİM SPOR foulon,,,,,,,,,0,229,2.0,,0,85,0,87
00:11,00:11:20,85,88,-3,2,4,REGULAR,68,Y. FRANKE,1,freethrow,776,,['fastbreak'],1of2,1,5,Yannick Ayrton,Franke,Yannick Ayrton,Franke,Y,F,Y,F,Y. Franke,ALİAĞA PETKİM SPOR,PTK,Y. Franke,5,,,,,,FT,made,ALİAĞA PETKİM SPOR Y. FRANKE FT 1of2 made,,,,,,,,,1,229,2.0,made_ft,0,85,1,88
00:11,00:11:20,85,89,-4,2,4,REGULAR,68,Y. FRANKE,1,freethrow,777,,['fastbreak'],2of2,1,5,Yannick Ayrton,Franke,Yannick Ayrton,Franke,Y,F,Y,F,Y. Franke,ALİAĞA PETKİM SPOR,PTK,Y. Franke,5,,,,,,FT,made,ALİAĞA PETKİM SPOR Y. FRANKE FT 2of2 made,,,,,,,,,1,230,1.0,made_ft_last,0,85,1,89
00:11,00:11:20,85,89,-4,1,4,REGULAR,12,A. BANDAOGO,1,substitution,778,,[],out,0,55,Abdou Aziz,Bandaogo,Abdou Aziz,Bandaogo,A,B,A,B,A. Bandaogo,ONVO BÜYÜKÇEKMECE BASKETBOL,BÇB,A. Bandaogo,55,,,,,,SUB,out,ONVO BÜYÜKÇEKMECE BASKETBOL substitution out,,,,,,,,,0,231,2.0,,0,85,0,89
00:11,00:11:20,85,89,-4,1,4,REGULAR,5,J. LECQUE,1,substitution,779,,[],in,0,0,Jalen Evander,Lecque,Jalen Evander,Lecque,J,L,J,L,J. Lecque,ONVO BÜYÜKÇEKMECE BASKETBOL,BÇB,J. Lecque,0,,,,,,SUB,in,ONVO BÜYÜKÇEKMECE BASKETBOL substitution in,,,,,,,,,0,231,2.0,,0,85,0,89
00:11,00:11:20,85,89,-4,2,4,REGULAR,67,D. EFIANAYI JR,1,substitution,780,,[],out,0,4,David Tinsley Eghosa,Efianayi Jr,David Tinsley Eghosa,Efianayi Jr,D,E,D,E,D. Efianayi Jr,ALİAĞA PETKİM SPOR,PTK,D. Efianayi Jr,4,,,,,,SUB,out,ALİAĞA PETKİM SPOR substitution out,,,,,,,,,0,231,2.0,,0,85,0,89
00:11,00:11:20,85,89,-4,2,4,REGULAR,98,P. SCRUBB,1,substitution,781,,[],in,0,23,Philip Alexander,Scrubb,Philip Alexander,Scrubb,P,S,P,S,P. Scrubb,ALİAĞA PETKİM SPOR,PTK,P. Scrubb,23,,,,,,SUB,in,ALİAĞA PETKİM SPOR substitution in,,,,,,,,,0,231,2.0,,0,85,0,89
00:07,00:07:60,85,89,-4,1,4,REGULAR,4,E. BRUINSMA,0,3pt,783,,[],jumpshot,1,33,Evan John,Bruinsma,Evan John,Bruinsma,E,B,E,B,E. Bruinsma,ONVO BÜYÜKÇEKMECE BASKETBOL,BÇB,E. Bruinsma,33,,,68.830001831055,65.650001525879,0.0,P3,missed,ONVO BÜYÜKÇEKMECE BASKETBOL E. BRUINSMA 3Pt missed,,,,,,,,,0,231,2.0,def_reb,0,85,0,89
00:04,00:04:80,85,89,-4,2,4,REGULAR,68,Y. FRANKE,1,rebound,784,783,[],defensive,0,5,Yannick Ayrton,Franke,Yannick Ayrton,Franke,Y,F,Y,F,Y. Franke,ALİAĞA PETKİM SPOR,PTK,Y. Franke,5,,,,,,REB,,ALİAĞA PETKİM SPOR rebound defensive,,,,,,,,,0,232,1.0,def_reb,0,85,0,89
00:00,00:00:00,85,89,-4,0,4,REGULAR,0,,1,period,786,,['confirmed'],end,0,,,,,,,,,,,,,,,,,,,,OTHER,,period end,,,,,,,,,0,233,2.0,,0,85,0,89
00:00,00:00:00,85,89,-4,0,4,REGULAR,0,,1,game,787,,['confirmed'],end,0,,,,,,,,,,,,,,,,,,,,OTHER,,game end,,,,,,,,,0,233,2.0,,0,85,0,89
