gt,clock,s1,s2,lead,tno,period,periodType,pno,player,success,actionType,actionNumber,previousAction,qualifier,subType,scoring,shirtNumber,firstName,familyName,internationalFirstName,internationalFamilyName,firstNameInitial,familyNameInitial,internationalFirstNameInitial,internationalFamilyNameInitial,scoreboardName,team_name,team_code,player_name_from_roster,player_shirt,player_pos_raw,player_pos_group,x,y,r,ev_code,ev_result,ev_text,assist_pno,assist_tno,assist_player,block_pno,block_tno,block_player,assist_pos_group,block_pos_group,points,possession_id,possession_owner_tno,possession_end_reason,pts_1,cum_1,pts_2,cum_2
10:00,10:00:00,0,0,0,0,1,REGULAR,0,,1,game,1,,[],start,0,,,,,,,,,,,,,,,,,,,,OTHER,,game start,,,,,,,,,0,0,,,0,0,0,0
10:00,10:00:00,0,0,0,0,1,REGULAR,0,,1,period,2,,[],start,0,,,,,,,,,,,,,,,,,,,,OTHER,,period start,,,,,,,,,0,0,,,0,0,0,0
10:00,10:00:00,0,0,0,0,1,REGULAR,0,,1,jumpball,4,,[],startperiod,0,,,,,,,,,,,,,,,,,,,,JUMP,,jump ball,,,,,,,,,0,0,,,0,0,0,0
09:58,09:58:00,0,0,0,2,1,REGULAR,9,A. DELGADO ASTACIO,1,jumpball,5,4,[],won,0,31,Angel Luis,Delgado Astacio,Angel Luis,Delgado Astacio,A,D,A,D,A. Delgado Astacio,TRABZONSPOR,TRB,A. Delgado Astacio,31,,,,,,JUMP,,jump ball,,,,,,,,,0,0,,,0,0,0,0
09:58,09:58:00,0,0,0,1,1,REGULAR,8,H. VANWIJN,1,jumpball,6,4,[],lost,0,10,Hans,Vanwijn,Hans,Vanwijn,H,V,H,V,H. Vanwijn,YUKATEL MERKEZEFENDI BELEDIYESI BASKET,YMB,H. Vanwijn,10,,,,,,JUMP,,jump ball,,,,,,,,,0,0,,,0,0,0,0
09:44,09:44:00,0,0,0,2,1,REGULAR,11,M. REED,0,2pt,7,,['pointsinthepaint'],layup,1,0,Marcquise Deandre,Reed,Marcquise Deandre,Reed,M,R,M,R,M. Reed,TRABZONSPOR,TRB,M. Reed,0,,,88.330001831055,46.720001220703,0.0,P2,missed,TRABZONSPOR M. REED 2Pt missed,,,,,,,,,0,1,2.0,def_reb,0,0,0,0
09:41,09:41:00,0,0,0,1,1,REGULAR,5,M. AGVA,1,rebound,8,7,[],defensive,0,46,Mahir,Agva,Mahir,Agva,M,A,M,A,M. Agva,YUKATEL MERKEZEFENDI BELEDIYESI BASKET,YMB,M. Agva,46,,,,,,REB,,YUKATEL MERKEZEFENDI BELEDIYESI BASKET rebound defensive,,,,,,,,,0,2,1.0,def_reb,0,0,0,0
09:31,09:31:00,2,0,2,1,1,REGULAR,12,M. CAZALON,1,2pt,9,,[],pullupjumpshot,1,21,Malcolm Jean Ahmed,Cazalon,Malcolm Jean Ahmed,Cazalon,M,C,M,C,M. Cazalon,YUKATEL MERKEZEFENDI BELEDIYESI BASKET,YMB,M. Cazalon,21,,,7.6799998283386,23.280000686646,1.0,P2,made,YUKATEL MERKEZEFENDI BELEDIYESI BASKET M. CAZALON 2Pt made,21.0,1.0,K. SMITH JR,,,,,,2,3,2.0,score,2,2,0,0
09:31,09:31:00,2,0,2,1,1,REGULAR,21,K. SMITH JR,1,assist,10,9,[],,0,4,Kenneth Jerome,Smith Jr,Kenneth Jerome,Smith Jr,K,S,K,S,K. Smith Jr,YUKATEL MERKEZEFENDI BELEDIYESI BASKET,YMB,K. Smith Jr,4,,,,,,ASS,,YUKATEL MERKEZEFENDI BELEDIYESI BASKET K. SMITH JR assist,,,,,,,,,0,4,1.0,,0,2,0,0
09:10,09:10:00,2,0,2,2,1,REGULAR,11,M. REED,0,3pt,11,,[],jumpshot,1,0,Marcquise Deandre,Reed,Marcquise Deandre,Reed,M,R,M,R,M. Reed,TRABZONSPOR,TRB,M. Reed,0,,,80.839996337891,10.279999732971,0.0,P3,missed,TRABZONSPOR M. REED 3Pt missed,,,,,,,,,0,4,1.0,def_reb,0,2,0,0
09:07,09:07:00,2,0,2,1,1,REGULAR,8,H. VANWIJN,1,rebound,12,11,[],defensive,0,10,Hans,Vanwijn,Hans,Vanwijn,H,V,H,V,H. Vanwijn,YUKATEL MERKEZEFENDI BELEDIYESI BASKET,YMB,H. Vanwijn,10,,,,,,REB,,YUKATEL MERKEZEFENDI BELEDIYESI BASKET rebound defensive,,,,,,,,,0,5,2.0,def_reb,0,2,0,0
08:58,08:58:00,5,0,5,1,1,REGULAR,5,M. AGVA,1,3pt,13,,[],jumpshot,1,46,Mahir,Agva,Mahir,Agva,M,A,M,A,M. Agva,YUKATEL MERKEZEFENDI BELEDIYESI BASKET,YMB,M. Agva,46,,,27.020000457764,74.410003662109,1.0,P3,made,YUKATEL MERKEZEFENDI BELEDIYESI BASKET M. AGVA 3Pt made,8.0,1.0,H. VANWIJN,,,,,,3,6,1.0,score,3,5,0,0
08:58,08:58:00,5,0,5,1,1,REGULAR,8,H. VANWIJN,1,assist,14,13,[],,0,10,Hans,Vanwijn,Hans,Vanwijn,H,V,H,V,H. Vanwijn,YUKATEL MERKEZEFENDI BELEDIYESI BASKET,YMB,H. Vanwijn,10,,,,,,ASS,,YUKATEL MERKEZEFENDI BELEDIYESI BASKET H. VANWIJN assist,,,,,,,,,0,7,2.0,,0,5,0,0
08:34,08:34:00,5,2,3,2,1,REGULAR,9,A. DELGADO ASTACIO,1,2pt,15,,['pointsinthepaint'],hookshot,1,31,Angel Luis,Delgado Astacio,Angel Luis,Delgado Astacio,A,D,A,D,A. Delgado Astacio,TRABZONSPOR,TRB,A. Delgado Astacio,31,,,88.169998168945,52.369998931885,1.0,P2,made,TRABZONSPOR A. DELGADO ASTACIO 2Pt made,,,,,,,,,2,7,2.0,score,0,5,2,2
08:23,08:23:00,5,2,3,1,1,REGULAR,5,M. AGVA,0,3pt,16,,[],jumpshot,1,46,Mahir,Agva,Mahir,Agva,M,A,M,A,M. Agva,YUKATEL MERKEZEFENDI BELEDIYESI BASKET,YMB,M. Agva,46,,,28.889999389648,72.150001525879,0.0,P3,missed,YUKATEL MERKEZEFENDI BELEDIYESI BASKET M. AGVA 3Pt missed,,,,,,,,,0,8,1.0,def_reb,0,5,0,2
08:20,08:20:00,5,2,3,2,1,REGULAR,11,M. REED,1,rebound,17,16,[],defensive,0,0,Marcquise Deandre,Reed,Marcquise Deandre,Reed,M,R,M,R,M. Reed,TRABZONSPOR,TRB,M. Reed,0,,,,,,REB,,TRABZONSPOR rebound defensive,,,,,,,,,0,9,2.0,def_reb,0,5,0,2
08:16,08:16:00,5,2,3,2,1,REGULAR,11,M. REED,0,2pt,18,,['pointsinthepaint'],layup,1,0,Marcquise Deandre,Reed,Marcquise Deandre,Reed,M,R,M,R,M. Reed,TRABZONSPOR,TRB,M. Reed,0,,,90.669998168945,47.569999694824,0.0,P2,missed,TRABZONSPOR M. REED 2Pt missed,,,,,,,,,0,10,1.0,,0,5,0,2
08:12,08:12:00,5,2,3,2,1,REGULAR,3,B. DEMIR,1,rebound,19,18,[],offensive,0,11,Berk,Demir,Berk,Demir,B,D,B,D,B. Demir,TRABZONSPOR,TRB,B. Demir,11,,,,,,REB,,TRABZONSPOR rebound offensive,,,,,,,,,0,10,1.0,,0,5,0,2
08:10,08:10:00,5,2,3,2,1,REGULAR,14,D. GRANT,0,3pt,20,,['2ndchance'],jumpshot,1,1,Denove Octavon,Grant,Denove Octavon,Grant,D,G,D,G,D. Grant,TRABZONSPOR,TRB,D. Grant,1,,,77.569999694824,86.550003051758,0.0,P3,missed,TRABZONSPOR D. GRANT 3Pt missed,,,,,,,,,0,10,1.0,def_reb,0,5,0,2
08:08,08:08:00,5,2,3,1,1,REGULAR,8,H. VANWIJN,1,rebound,21,20,[],defensive,0,10,Hans,Vanwijn,Hans,Vanwijn,H,V,H,V,H. Vanwijn,YUKATEL MERKEZEFENDI BELEDIYESI BASKET,YMB,H. Vanwijn,10,,,,,,REB,,YUKATEL MERKEZEFENDI BELEDIYESI BASKET rebound defensive,,,,,,,,,0,11,2.0,def_reb,0,5,0,2
07:55,07:55:00,8,2,6,1,1,REGULAR,21,K. SMITH JR,1,3pt,22,,[],jumpshot,1,4,Kenneth Jerome,Smith Jr,Kenneth Jerome,Smith Jr,K,S,K,S,K. Smith Jr,YUKATEL MERKEZEFENDI BELEDIYESI BASKET,YMB,K. Smith Jr,4,,,30.920000076294,52.939998626709,1.0,P3,made,YUKATEL MERKEZEFENDI BELEDIYESI BASKET K. SMITH JR 3Pt made,,,,,,,,,3,12,1.0,score,3,8,0,2
07:53,07:53:00,8,2,6,2,1,REGULAR,0,,1,timeout,24,,[],full,0,,,,,,,,,,,TRABZONSPOR,TRB,,,,,,,,TIMEOUT,,TRABZONSPOR timeout,,,,,,,,,0,13,2.0,,0,8,0,2
07:33,07:33:00,8,2,6,2,1,REGULAR,9,A. DELGADO ASTACIO,0,2pt,26,,['pointsinthepaint'],jumpshot,1,31,Angel Luis,Delgado Astacio,Angel Luis,Delgado Astacio,A,D,A,D,A. Delgado Astacio,TRABZONSPOR,TRB,A. Delgado Astacio,31,,,92.230003356934,45.310001373291,0.0,P2,missed,TRABZONSPOR A. DELGADO ASTACIO 2Pt missed,,,,,,,,,0,13,2.0,def_reb,0,8,0,2
07:30,07:30:00,8,2,6,1,1,REGULAR,5,M. AGVA,1,rebound,27,26,[],defensive,0,46,Mahir,Agva,Mahir,Agva,M,A,M,A,M. Agva,YUKATEL MERKEZEFENDI BELEDIYESI BASKET,YMB,M. Agva,46,,,,,,REB,,YUKATEL MERKEZEFENDI BELEDIYESI BASKET rebound defensive,,,,,,,,,0,14,1.0,def_reb,0,8,0,2
07:09,07:09:00,8,2,6,1,1,REGULAR,5,M. AGVA,0,2pt,28,,['pointsinthepaint'],alleyoop,1,46,Mahir,Agva,Mahir,Agva,M,A,M,A,M. Agva,YUKATEL MERKEZEFENDI BELEDIYESI BASKET,YMB,M. Agva,46,,,7.0500001907349,44.180000305176,0.0,P2,missed,YUKATEL MERKEZEFENDI BELEDIYESI BASKET M. AGVA 2Pt missed,,,,,,,,,0,15,2.0,def_reb,0,8,0,2
07:05,07:05:00,8,2,6,2,1,REGULAR,14,D. GRANT,1,rebound,29,28,[],defensive,0,1,Denove Octavon,Grant,Denove Octavon,Grant,D,G,D,G,D. Grant,TRABZONSPOR,TRB,D. Grant,1,,,,,,REB,,TRABZONSPOR rebound defensive,,,,,,,,,0,16,1.0,def_reb,0,8,0,2
07:02,07:02:00,8,4,4,2,1,REGULAR,3,B. DEMIR,1,2pt,30,,"['pointsinthepaint', 'fastbreak']",layup,1,11,Berk,Demir,Berk,Demir,B,D,B,D,B. Demir,TRABZONSPOR,TRB,B. Demir,11,,,90.050003051758,58.869998931885,1.0,P2,made,TRABZONSPOR B. DEMIR 2Pt made,11.0,2.0,M. REED,,,,,,2,17,2.0,score,0,8,2,4
07:02,07:02:00,8,4,4,2,1,REGULAR,11,M. REED,1,assist,31,30,[],,0,0,Marcquise Deandre,Reed,Marcquise Deandre,Reed,M,R,M,R,M. Reed,TRABZONSPOR,TRB,M. Reed,0,,,,,,ASS,,TRABZONSPOR M. REED assist,,,,,,,,,0,18,1.0,,0,8,0,4
06:44,06:44:00,8,4,4,1,1,REGULAR,5,M. AGVA,0,2pt,32,,['pointsinthepaint'],layup,1,46,Mahir,Agva,Mahir,Agva,M,A,M,A,M. Agva,YUKATEL MERKEZEFENDI BELEDIYESI BASKET,YMB,M. Agva,46,,,11.890000343323,51.529998779297,0.0,P2,missed,YUKATEL MERKEZEFENDI BELEDIYESI BASKET M. AGVA 2Pt missed,,,,,,,,,0,18,1.0,def_reb,0,8,0,4
06:41,06:41:00,8,4,4,2,1,REGULAR,12,A. YEBOAH,1,rebound,33,32,[],defensive,0,15,Akwasi Abeyie,Yeboah,Akwasi Abeyie,Yeboah,A,Y,A,Y,A. Yeboah,TRABZONSPOR,TRB,A. Yeboah,15,,,,,,REB,,TRABZONSPOR rebound defensive,,,,,,,,,0,19,2.0,def_reb,0,8,0,4
06:35,06:35:00,8,6,2,2,1,REGULAR,9,A. DELGADO ASTACIO,1,2pt,34,,"['pointsinthepaint', 'fastbreak']",layup,1,31,Angel Luis,Delgado Astacio,Angel Luis,Delgado Astacio,A,D,A,D,A. Delgado Astacio,TRABZONSPOR,TRB,A. Delgado Astacio,31,,,94.099998474121,45.880001068115,1.0,P2,made,TRABZONSPOR A. DELGADO ASTACIO 2Pt made,11.0,2.0,M. REED,,,,,,2,20,1.0,score,0,8,2,6
06:35,06:35:00,8,6,2,2,1,REGULAR,11,M. REED,1,assist,35,34,[],,0,0,Marcquise Deandre,Reed,Marcquise Deandre,Reed,M,R,M,R,M. Reed,TRABZONSPOR,TRB,M. Reed,0,,,,,,ASS,,TRABZONSPOR M. REED assist,,,,,,,,,0,21,2.0,,0,8,0,6
06:10,06:10:00,8,6,2,1,1,REGULAR,8,H. VANWIJN,0,3pt,36,,[],stepbackjumpshot,1,10,Hans,Vanwijn,Hans,Vanwijn,H,V,H,V,H. Vanwijn,YUKATEL MERKEZEFENDI BELEDIYESI BASKET,YMB,H. Vanwijn,10,,,23.120000839233,17.059999465942,0.0,P3,missed,YUKATEL MERKEZEFENDI BELEDIYESI BASKET H. VANWIJN 3Pt missed,,,,,,,,,0,21,2.0,def_reb,0,8,0,6
06:07,06:07:00,8,6,2,2,1,REGULAR,14,D. GRANT,1,rebound,37,36,[],defensive,0,1,Denove Octavon,Grant,Denove Octavon,Grant,D,G,D,G,D. Grant,TRABZONSPOR,TRB,D. Grant,1,,,,,,REB,,TRABZONSPOR rebound defensive,,,,,,,,,0,22,1.0,def_reb,0,8,0,6
05:56,05:56:00,8,6,2,2,1,REGULAR,14,D. GRANT,0,3pt,38,,[],stepbackjumpshot,1,1,Denove Octavon,Grant,Denove Octavon,Grant,D,G,D,G,D. Grant,TRABZONSPOR,TRB,D. Grant,1,,,72.110000610352,27.799999237061,0.0,P3,missed,TRABZONSPOR D. GRANT 3Pt missed,,,,,,,,,0,23,2.0,def_reb,0,8,0,6
05:54,05:54:00,8,6,2,1,1,REGULAR,8,H. VANWIJN,1,rebound,40,38,[],defensive,0,10,Hans,Vanwijn,Hans,Vanwijn,H,V,H,V,H. Vanwijn,YUKATEL MERKEZEFENDI BELEDIYESI BASKET,YMB,H. Vanwijn,10,,,,,,REB,,YUKATEL MERKEZEFENDI BELEDIYESI BASKET rebound defensive,,,,,,,,,0,24,1.0,def_reb,0,8,0,6
05:36,05:36:00,10,6,4,1,1,REGULAR,21,K. SMITH JR,1,2pt,44,,['pointsinthepaint'],drivinglayup,1,4,Kenneth Jerome,Smith Jr,Kenneth Jerome,Smith Jr,K,S,K,S,K. Smith Jr,YUKATEL MERKEZEFENDI BELEDIYESI BASKET,YMB,K. Smith Jr,4,,,7.6799998283386,57.180000305176,1.0,P2,made,YUKATEL MERKEZEFENDI BELEDIYESI BASKET K. SMITH JR 2Pt made,,,,,,,,,2,25,2.0,score,2,10,0,6
05:12,05:12:00,10,6,4,1,1,REGULAR,5,M. AGVA,1,foul,47,,"['shooting', '2freethrow']",personal,0,46,Mahir,Agva,Mahir,Agva,M,A,M,A,M. Agva,YUKATEL MERKEZEFENDI BELEDIYESI BASKET,YMB,M. Agva,46,,,,,,FOUL,,YUKATEL MERKEZEFENDI BELEDIYESI BASKET M. AGVA foul personal,,,,,,,,,0,26,1.0,,0,10,0,6
05:12,05:12:00,10,6,4,2,1,REGULAR,9,A. DELGADO ASTACIO,1,foulon,48,47,[],,0,31,Angel Luis,Delgado Astacio,Angel Luis,Delgado Astacio,A,D,A,D,A. Delgado Astacio,TRABZONSPOR,TRB,A. Delgado Astacio,31,,,,,,OTHER,,TRABZONSPOR foulon,,,,,,,,,0,26,1.0,,0,10,0,6
05:12,05:12:00,10,7,3,2,1,REGULAR,9,A. DELGADO ASTACIO,1,freethrow,49,,[],1of2,1,31,Angel Luis,Delgado Astacio,Angel Luis,Delgado Astacio,A,D,A,D,A. Delgado Astacio,TRABZONSPOR,TRB,A. Delgado Astacio,31,,,,,,FT,made,TRABZONSPOR A. DELGADO ASTACIO FT 1of2 made,,,,,,,,,1,26,1.0,made_ft,0,10,1,7
05:12,05:12:00,10,7,3,2,1,REGULAR,9,A. DELGADO ASTACIO,0,freethrow,50,,[],2of2,1,31,Angel Luis,Delgado Astacio,Angel Luis,Delgado Astacio,A,D,A,D,A. Delgado Astacio,TRABZONSPOR,TRB,A. Delgado Astacio,31,,,,,,FT,missed,TRABZONSPOR A. DELGADO ASTACIO FT 2of2 missed,,,,,,,,,0,27,2.0,def_reb,0,10,0,7
05:12,05:12:00,10,7,3,1,1,REGULAR,8,H. VANWIJN,1,rebound,52,50,[],defensive,0,10,Hans,Vanwijn,Hans,Vanwijn,H,V,H,V,H. Vanwijn,YUKATEL MERKEZEFENDI BELEDIYESI BASKET,YMB,H. Vanwijn,10,,,,,,REB,,YUKATEL MERKEZEFENDI BELEDIYESI BASKET rebound defensive,,,,,,,,,0,28,1.0,def_reb,0,10,0,7
04:51,04:51:00,10,7,3,1,1,REGULAR,5,M. AGVA,1,turnover,53,,[],badpass,0,46,Mahir,Agva,Mahir,Agva,M,A,M,A,M. Agva,YUKATEL MERKEZEFENDI BELEDIYESI BASKET,YMB,M. Agva,46,,,,,,TO,,YUKATEL MERKEZEFENDI BELEDIYESI BASKET M. AGVA turnover badpass,,,,,,,,,0,29,2.0,turnover,0,10,0,7
04:51,04:51:00,10,7,3,2,1,REGULAR,12,A. YEBOAH,1,steal,55,53,[],,0,15,Akwasi Abeyie,Yeboah,Akwasi Abeyie,Yeboah,A,Y,A,Y,A. Yeboah,TRABZONSPOR,TRB,A. Yeboah,15,,,,,,ST,,TRABZONSPOR A. YEBOAH steal,,,,,,,,,0,30,1.0,,0,10,0,7
04:49,04:49:00,10,7,3,1,1,REGULAR,12,M. CAZALON,1,foul,58,,[],personal,0,21,Malcolm Jean Ahmed,Cazalon,Malcolm Jean Ahmed,Cazalon,M,C,M,C,M. Cazalon,YUKATEL MERKEZEFENDI BELEDIYESI BASKET,YMB,M. Cazalon,21,,,,,,FOUL,,YUKATEL MERKEZEFENDI BELEDIYESI BASKET M. CAZALON foul personal,,,,,,,,,0,30,1.0,,0,10,0,7
04:49,04:49:00,10,7,3,2,1,REGULAR,12,A. YEBOAH,1,foulon,59,58,[],,0,15,Akwasi Abeyie,Yeboah,Akwasi Abeyie,Yeboah,A,Y,A,Y,A. Yeboah,TRABZONSPOR,TRB,A. Yeboah,15,,,,,,OTHER,,TRABZONSPOR foulon,,,,,,,,,0,30,1.0,,0,10,0,7
04:49,04:49:00,10,7,3,1,1,REGULAR,13,J. HAWKINS,1,substitution,60,,[],out,0,31,Javontae Aaron,Hawkins,Javontae Aaron,Hawkins,J,H,J,H,J. Hawkins,YUKATEL MERKEZEFENDI BELEDIYESI BASKET,YMB,J. Hawkins,31,,,,,,SUB,out,YUKATEL MERKEZEFENDI BELEDIYESI BASKET substitution out,,,,,,,,,0,30,1.0,,0,10,0,7
04:49,04:49:00,10,7,3,1,1,REGULAR,5,M. AGVA,1,substitution,61,,[],out,0,46,Mahir,Agva,Mahir,Agva,M,A,M,A,M. Agva,YUKATEL MERKEZEFENDI BELEDIYESI BASKET,YMB,M. Agva,46,,,,,,SUB,out,YUKATEL MERKEZEFENDI BELEDIYESI BASKET substitution out,,,,,,,,,0,30,1.0,,0,10,0,7
04:49,04:49:00,10,7,3,1,1,REGULAR,7,Ö. ILYASOGLU,1,substitution,62,,[],in,0,13,Ömer Can,Ilyasoglu,Ömer Can,Ilyasoglu,Ö,I,Ö,I,Ö. Ilyasoglu,YUKATEL MERKEZEFENDI BELEDIYESI BASKET,YMB,Ö. Ilyasoglu,13,,,,,,SUB,in,YUKATEL MERKEZEFENDI BELEDIYESI BASKET substitution in,,,,,,,,,0,30,1.0,,0,10,0,7
04:49,04:49:00,10,7,3,1,1,REGULAR,79,A. OMIC,1,substitution,63,,[],in,0,24,Alen,Omic,Alen,Omic,A,O,A,O,A. Omic,YUKATEL MERKEZEFENDI BELEDIYESI BASKET,YMB,A. Omic,24,,,,,,SUB,in,YUKATEL MERKEZEFENDI BELEDIYESI BASKET substitution in,,,,,,,,,0,30,1.0,,0,10,0,7
04:49,04:49:00,10,7,3,2,1,REGULAR,9,A. DELGADO ASTACIO,1,substitution,64,,[],out,0,31,Angel Luis,Delgado Astacio,Angel Luis,Delgado Astacio,A,D,A,D,A. Delgado Astacio,TRABZONSPOR,TRB,A. Delgado Astacio,31,,,,,,SUB,out,TRABZONSPOR substitution out,,,,,,,,,0,30,1.0,,0,10,0,7
04:49,04:49:00,10,7,3,2,1,REGULAR,13,K. SILINS,1,substitution,65,,[],in,0,25,Karlis,Silins,Karlis,Silins,K,S,K,S,K. Silins,TRABZONSPOR,TRB,K. Silins,25,,,,,,SUB,in,TRABZONSPOR substitution in,,,,,,,,,0,30,1.0,,0,10,0,7
04:45,04:45:00,10,7,3,2,1,REGULAR,11,M. REED,1,turnover,68,,[],badpass,0,0,Marcquise Deandre,Reed,Marcquise Deandre,Reed,M,R,M,R,M. Reed,TRABZONSPOR,TRB,M. Reed,0,,,,,,TO,,TRABZONSPOR M. REED turnover badpass,,,,,,,,,0,30,1.0,turnover,0,10,0,7
04:16,04:16:00,13,7,6,1,1,REGULAR,21,K. SMITH JR,1,3pt,82,,['fromturnover'],pullupjumpshot,1,4,Kenneth Jerome,Smith Jr,Kenneth Jerome,Smith Jr,K,S,K,S,K. Smith Jr,YUKATEL MERKEZEFENDI BELEDIYESI BASKET,YMB,K. Smith Jr,4,,,30.760000228882,47.009998321533,1.0,P3,made,YUKATEL MERKEZEFENDI BELEDIYESI BASKET K. SMITH JR 3Pt made,,,,,,,,,3,31,2.0,score,3,13,0,7
04:03,04:03:00,13,9,4,2,1,REGULAR,14,D. GRANT,1,2pt,83,,[],pullupjumpshot,1,1,Denove Octavon,Grant,Denove Octavon,Grant,D,G,D,G,D. Grant,TRABZONSPOR,TRB,D. Grant,1,,,76.319999694824,61.979999542236,1.0,P2,made,TRABZONSPOR D. GRANT 2Pt made,,,,,,,,,2,32,1.0,score,0,13,2,9
03:40,03:40:00,13,9,4,1,1,REGULAR,8,H. VANWIJN,0,2pt,84,,[],fadeaway,1,10,Hans,Vanwijn,Hans,Vanwijn,H,V,H,V,H. Vanwijn,YUKATEL MERKEZEFENDI BELEDIYESI BASKET,YMB,H. Vanwijn,10,,,13.289999961853,79.209999084473,0.0,P2,missed,YUKATEL MERKEZEFENDI BELEDIYESI BASKET H. VANWIJN 2Pt missed,,,,,,,,,0,33,2.0,def_reb,0,13,0,9
03:36,03:36:00,13,9,4,2,1,REGULAR,14,D. GRANT,1,rebound,85,84,[],defensive,0,1,Denove Octavon,Grant,Denove Octavon,Grant,D,G,D,G,D. Grant,TRABZONSPOR,TRB,D. Grant,1,,,,,,REB,,TRABZONSPOR rebound defensive,,,,,,,,,0,34,1.0,def_reb,0,13,0,9
03:34,03:34:00,13,9,4,1,1,REGULAR,21,K. SMITH JR,1,foul,87,,[],personal,0,4,Kenneth Jerome,Smith Jr,Kenneth Jerome,Smith Jr,K,S,K,S,K. Smith Jr,YUKATEL MERKEZEFENDI BELEDIYESI BASKET,YMB,K. Smith Jr,4,,,,,,FOUL,,YUKATEL MERKEZEFENDI BELEDIYESI BASKET K. SMITH JR foul personal,,,,,,,,,0,35,2.0,,0,13,0,9
03:34,03:34:00,13,9,4,2,1,REGULAR,14,D. GRANT,1,foulon,88,87,[],,0,1,Denove Octavon,Grant,Denove Octavon,Grant,D,G,D,G,D. Grant,TRABZONSPOR,TRB,D. Grant,1,,,,,,OTHER,,TRABZONSPOR foulon,,,,,,,,,0,35,2.0,,0,13,0,9
03:33,03:33:00,13,9,4,1,1,REGULAR,21,K. SMITH JR,1,substitution,91,,[],out,0,4,Kenneth Jerome,Smith Jr,Kenneth Jerome,Smith Jr,K,S,K,S,K. Smith Jr,YUKATEL MERKEZEFENDI BELEDIYESI BASKET,YMB,K. Smith Jr,4,,,,,,SUB,out,YUKATEL MERKEZEFENDI BELEDIYESI BASKET substitution out,,,,,,,,,0,35,2.0,,0,13,0,9
03:33,03:33:00,13,9,4,1,1,REGULAR,11,S. GRIFFIN,1,substitution,92,,[],in,0,1,Samuel Gevaris,Griffin,Samuel Gevaris,Griffin,S,G,S,G,S. Griffin,YUKATEL MERKEZEFENDI BELEDIYESI BASKET,YMB,S. Griffin,1,,,,,,SUB,in,YUKATEL MERKEZEFENDI BELEDIYESI BASKET substitution in,,,,,,,,,0,35,2.0,,0,13,0,9
03:23,03:23:00,13,9,4,1,1,REGULAR,7,Ö. ILYASOGLU,1,foul,95,,"['shooting', '3freethrow']",personal,0,13,Ömer Can,Ilyasoglu,Ömer Can,Ilyasoglu,Ö,I,Ö,I,Ö. Ilyasoglu,YUKATEL MERKEZEFENDI BELEDIYESI BASKET,YMB,Ö. Ilyasoglu,13,,,,,,FOUL,,YUKATEL MERKEZEFENDI BELEDIYESI BASKET Ö. ILYASOGLU foul personal,,,,,,,,,0,35,2.0,,0,13,0,9
03:23,03:23:00,13,9,4,2,1,REGULAR,14,D. GRANT,1,foulon,96,95,[],,0,1,Denove Octavon,Grant,Denove Octavon,Grant,D,G,D,G,D. Grant,TRABZONSPOR,TRB,D. Grant,1,,,,,,OTHER,,TRABZONSPOR foulon,,,,,,,,,0,35,2.0,,0,13,0,9
03:23,03:23:00,13,10,3,2,1,REGULAR,14,D. GRANT,1,freethrow,97,,[],1of3,1,1,Denove Octavon,Grant,Denove Octavon,Grant,D,G,D,G,D. Grant,TRABZONSPOR,TRB,D. Grant,1,,,,,,FT,made,TRABZONSPOR D. GRANT FT 1of3 made,,,,,,,,,1,35,2.0,made_ft,0,13,1,10
03:23,03:23:00,13,10,3,2,1,REGULAR,13,K. SILINS,1,assist,98,97,[],,0,25,Karlis,Silins,Karlis,Silins,K,S,K,S,K. Silins,TRABZONSPOR,TRB,K. Silins,25,,,,,,ASS,,TRABZONSPOR K. SILINS assist,,,,,,,,,0,36,1.0,,0,13,0,10
03:23,03:23:00,13,11,2,2,1,REGULAR,14,D. GRANT,1,freethrow,99,,[],2of3,1,1,Denove Octavon,Grant,Denove Octavon,Grant,D,G,D,G,D. Grant,TRABZONSPOR,TRB,D. Grant,1,,,,,,FT,made,TRABZONSPOR D. GRANT FT 2of3 made,,,,,,,,,1,36,1.0,made_ft,0,13,1,11
03:23,03:23:00,13,12,1,2,1,REGULAR,14,D. GRANT,1,freethrow,100,,[],3of3,1,1,Denove Octavon,Grant,Denove Octavon,Grant,D,G,D,G,D. Grant,TRABZONSPOR,TRB,D. Grant,1,,,,,,FT,made,TRABZONSPOR D. GRANT FT 3of3 made,,,,,,,,,1,37,2.0,made_ft_last,0,13,1,12
03:05,03:05:00,13,12,1,1,1,REGULAR,11,S. GRIFFIN,1,turnover,102,,[],badpass,0,1,Samuel Gevaris,Griffin,Samuel Gevaris,Griffin,S,G,S,G,S. Griffin,YUKATEL MERKEZEFENDI BELEDIYESI BASKET,YMB,S. Griffin,1,,,,,,TO,,YUKATEL MERKEZEFENDI BELEDIYESI BASKET S. GRIFFIN turnover badpass,,,,,,,,,0,38,1.0,turnover,0,13,0,12
03:05,03:05:00,13,12,1,2,1,REGULAR,11,M. REED,1,steal,103,102,[],,0,0,Marcquise Deandre,Reed,Marcquise Deandre,Reed,M,R,M,R,M. Reed,TRABZONSPOR,TRB,M. Reed,0,,,,,,ST,,TRABZONSPOR M. REED steal,,,,,,,,,0,39,2.0,,0,13,0,12
03:01,03:01:00,13,12,1,2,1,REGULAR,11,M. REED,1,turnover,104,,[],badpass,0,0,Marcquise Deandre,Reed,Marcquise Deandre,Reed,M,R,M,R,M. Reed,TRABZONSPOR,TRB,M. Reed,0,,,,,,TO,,TRABZONSPOR M. REED turnover badpass,,,,,,,,,0,39,2.0,turnover,0,13,0,12
03:01,03:01:00,13,12,1,1,1,REGULAR,11,S. GRIFFIN,1,steal,105,104,[],,0,1,Samuel Gevaris,Griffin,Samuel Gevaris,Griffin,S,G,S,G,S. Griffin,YUKATEL MERKEZEFENDI BELEDIYESI BASKET,YMB,S. Griffin,1,,,,,,ST,,YUKATEL MERKEZEFENDI BELEDIYESI BASKET S. GRIFFIN steal,,,,,,,,,0,40,1.0,,0,13,0,12
02:58,02:58:00,13,12,1,2,1,REGULAR,11,M. REED,1,foul,107,,[],personal,0,0,Marcquise Deandre,Reed,Marcquise Deandre,Reed,M,R,M,R,M. Reed,TRABZONSPOR,TRB,M. Reed,0,,,,,,FOUL,,TRABZONSPOR M. REED foul personal,,,,,,,,,0,40,1.0,,0,13,0,12
02:58,02:58:00,13,12,1,1,1,REGULAR,12,M. CAZALON,1,foulon,108,107,[],,0,21,Malcolm Jean Ahmed,Cazalon,Malcolm Jean Ahmed,Cazalon,M,C,M,C,M. Cazalon,YUKATEL MERKEZEFENDI BELEDIYESI BASKET,YMB,M. Cazalon,21,,,,,,OTHER,,YUKATEL MERKEZEFENDI BELEDIYESI BASKET foulon,,,,,,,,,0,40,1.0,,0,13,0,12
02:45,02:45:00,13,12,1,1,1,REGULAR,12,M. CAZALON,0,3pt,110,,['fromturnover'],jumpshot,1,21,Malcolm Jean Ahmed,Cazalon,Malcolm Jean Ahmed,Cazalon,M,C,M,C,M. Cazalon,YUKATEL MERKEZEFENDI BELEDIYESI BASKET,YMB,M. Cazalon,21,,,26.39999961853,85.709999084473,0.0,P3,missed,YUKATEL MERKEZEFENDI BELEDIYESI BASKET M. CAZALON 3Pt missed,,,,,,,,,0,40,1.0,def_reb,0,13,0,12
02:42,02:42:00,13,12,1,2,1,REGULAR,14,D. GRANT,1,rebound,111,110,[],defensive,0,1,Denove Octavon,Grant,Denove Octavon,Grant,D,G,D,G,D. Grant,TRABZONSPOR,TRB,D. Grant,1,,,,,,REB,,TRABZONSPOR rebound defensive,,,,,,,,,0,41,2.0,def_reb,0,13,0,12
02:32,02:32:00,13,12,1,2,1,REGULAR,14,D. GRANT,0,2pt,112,,[],jumpshot,1,1,Denove Octavon,Grant,Denove Octavon,Grant,D,G,D,G,D. Grant,TRABZONSPOR,TRB,D. Grant,1,,,81.309997558594,26.670000076294,0.0,P2,missed,TRABZONSPOR D. GRANT 2Pt missed,,,,,,,,,0,42,1.0,,0,13,0,12
02:29,02:29:00,13,12,1,2,1,REGULAR,14,D. GRANT,1,rebound,113,112,[],offensive,0,1,Denove Octavon,Grant,Denove Octavon,Grant,D,G,D,G,D. Grant,TRABZONSPOR,TRB,D. Grant,1,,,,,,REB,,TRABZONSPOR rebound offensive,,,,,,,,,0,42,1.0,,0,13,0,12
02:28,02:28:00,13,12,1,2,1,REGULAR,14,D. GRANT,1,turnover,114,,[],badpass,0,1,Denove Octavon,Grant,Denove Octavon,Grant,D,G,D,G,D. Grant,TRABZONSPOR,TRB,D. Grant,1,,,,,,TO,,TRABZONSPOR D. GRANT turnover badpass,,,,,,,,,0,42,1.0,turnover,0,13,0,12
02:28,02:28:00,13,12,1,1,1,REGULAR,11,S. GRIFFIN,1,steal,115,114,[],,0,1,Samuel Gevaris,Griffin,Samuel Gevaris,Griffin,S,G,S,G,S. Griffin,YUKATEL MERKEZEFENDI BELEDIYESI BASKET,YMB,S. Griffin,1,,,,,,ST,,YUKATEL MERKEZEFENDI BELEDIYESI BASKET S. GRIFFIN steal,,,,,,,,,0,43,2.0,,0,13,0,12
02:22,02:22:00,16,12,4,1,1,REGULAR,7,Ö. ILYASOGLU,1,3pt,116,,"['fromturnover', 'fastbreak']",jumpshot,1,13,Ömer Can,Ilyasoglu,Ömer Can,Ilyasoglu,Ö,I,Ö,I,Ö. Ilyasoglu,YUKATEL MERKEZEFENDI BELEDIYESI BASKET,YMB,Ö. Ilyasoglu,13,,,7.3600001335144,5.1999998092651,1.0,P3,made,YUKATEL MERKEZEFENDI BELEDIYESI BASKET Ö. ILYASOGLU 3Pt made,8.0,1.0,H. VANWIJN,,,,,,3,43,2.0,score,3,16,0,12
02:22,02:22:00,16,12,4,1,1,REGULAR,8,H. VANWIJN,1,assist,117,116,[],,0,10,Hans,Vanwijn,Hans,Vanwijn,H,V,H,V,H. Vanwijn,YUKATEL MERKEZEFENDI BELEDIYESI BASKET,YMB,H. Vanwijn,10,,,,,,ASS,,YUKATEL MERKEZEFENDI BELEDIYESI BASKET H. VANWIJN assist,,,,,,,,,0,44,1.0,,0,16,0,12
01:59,01:59:00,16,12,4,1,1,REGULAR,7,Ö. ILYASOGLU,1,foul,119,,"['shooting', '2freethrow']",personal,0,13,Ömer Can,Ilyasoglu,Ömer Can,Ilyasoglu,Ö,I,Ö,I,Ö. Ilyasoglu,YUKATEL MERKEZEFENDI BELEDIYESI BASKET,YMB,Ö. Ilyasoglu,13,,,,,,FOUL,,YUKATEL MERKEZEFENDI BELEDIYESI BASKET Ö. ILYASOGLU foul personal,,,,,,,,,0,44,1.0,,0,16,0,12
01:59,01:59:00,16,12,4,2,1,REGULAR,13,K. SILINS,1,foulon,120,119,[],,0,25,Karlis,Silins,Karlis,Silins,K,S,K,S,K. Silins,TRABZONSPOR,TRB,K. Silins,25,,,,,,OTHER,,TRABZONSPOR foulon,,,,,,,,,0,44,1.0,,0,16,0,12
01:59,01:59:00,16,12,4,1,1,REGULAR,8,H. VANWIJN,1,substitution,121,,[],out,0,10,Hans,Vanwijn,Hans,Vanwijn,H,V,H,V,H. Vanwijn,YUKATEL MERKEZEFENDI BELEDIYESI BASKET,YMB,H. Vanwijn,10,,,,,,SUB,out,YUKATEL MERKEZEFENDI BELEDIYESI BASKET substitution out,,,,,,,,,0,44,1.0,,0,16,0,12
01:59,01:59:00,16,12,4,1,1,REGULAR,12,M. CAZALON,1,substitution,122,,[],out,0,21,Malcolm Jean Ahmed,Cazalon,Malcolm Jean Ahmed,Cazalon,M,C,M,C,M. Cazalon,YUKATEL MERKEZEFENDI BELEDIYESI BASKET,YMB,M. Cazalon,21,,,,,,SUB,out,YUKATEL MERKEZEFENDI BELEDIYESI BASKET substitution out,,,,,,,,,0,44,1.0,,0,16,0,12
01:59,01:59:00,16,12,4,1,1,REGULAR,3,E. TANISAN,1,substitution,123,,[],in,0,0,Emre,Tanisan,Emre,Tanisan,E,T,E,T,E. Tanisan,YUKATEL MERKEZEFENDI BELEDIYESI BASKET,YMB,E. Tanisan,0,,,,,,SUB,in,YUKATEL MERKEZEFENDI BELEDIYESI BASKET substitution in,,,,,,,,,0,44,1.0,,0,16,0,12
01:59,01:59:00,16,12,4,1,1,REGULAR,9,R. BADZIM,1,substitution,124,,[],in,0,18,Roko,Badzim,Roko,Badzim,R,B,R,B,R. Badzim,YUKATEL MERKEZEFENDI BELEDIYESI BASKET,YMB,R. Badzim,18,,,,,,SUB,in,YUKATEL MERKEZEFENDI BELEDIYESI BASKET substitution in,,,,,,,,,0,44,1.0,,0,16,0,12
01:59,01:59:00,16,12,4,2,1,REGULAR,14,D. GRANT,1,substitution,125,,[],out,0,1,Denove Octavon,Grant,Denove Octavon,Grant,D,G,D,G,D. Grant,TRABZONSPOR,TRB,D. Grant,1,,,,,,SUB,out,TRABZONSPOR substitution out,,,,,,,,,0,44,1.0,,0,16,0,12
01:59,01:59:00,16,12,4,2,1,REGULAR,4,I. ULUSOY,1,substitution,126,,[],in,0,5,Ismail Cem,Ulusoy,Ismail Cem,Ulusoy,I,U,I,U,I. Ulusoy,TRABZONSPOR,TRB,I. Ulusoy,5,,,,,,SUB,in,TRABZONSPOR substitution in,,,,,,,,,0,44,1.0,,0,16,0,12
01:59,01:59:00,16,13,3,2,1,REGULAR,13,K. SILINS,1,freethrow,127,,[],1of2,1,25,Karlis,Silins,Karlis,Silins,K,S,K,S,K. Silins,TRABZONSPOR,TRB,K. Silins,25,,,,,,FT,made,TRABZONSPOR K. SILINS FT 1of2 made,,,,,,,,,1,44,1.0,made_ft,0,16,1,13
01:59,01:59:00,16,13,3,2,1,REGULAR,3,B. DEMIR,1,assist,128,127,[],,0,11,Berk,Demir,Berk,Demir,B,D,B,D,B. Demir,TRABZONSPOR,TRB,B. Demir,11,,,,,,ASS,,TRABZONSPOR B. DEMIR assist,,,,,,,,,0,45,2.0,,0,16,0,13
01:59,01:59:00,16,14,2,2,1,REGULAR,13,K. SILINS,1,freethrow,129,,[],2of2,1,25,Karlis,Silins,Karlis,Silins,K,S,K,S,K. Silins,TRABZONSPOR,TRB,K. Silins,25,,,,,,FT,made,TRABZONSPOR K. SILINS FT 2of2 made,,,,,,,,,1,45,2.0,made_ft_last,0,16,1,14
01:59,01:59:00,16,14,2,2,1,REGULAR,3,B. DEMIR,1,substitution,130,,[],out,0,11,Berk,Demir,Berk,Demir,B,D,B,D,B. Demir,TRABZONSPOR,TRB,B. Demir,11,,,,,,SUB,out,TRABZONSPOR substitution out,,,,,,,,,0,46,1.0,,0,16,0,14
01:59,01:59:00,16,14,2,2,1,REGULAR,10,T. TINKLE,1,substitution,131,,[],in,0,3,Tres Anthony,Tinkle,Tres Anthony,Tinkle,T,T,T,T,T. Tinkle,TRABZONSPOR,TRB,T. Tinkle,3,,,,,,SUB,in,TRABZONSPOR substitution in,,,,,,,,,0,46,1.0,,0,16,0,14
01:59,01:59:00,16,14,2,1,1,REGULAR,7,Ö. ILYASOGLU,1,turnover,136,,[],badpass,0,13,Ömer Can,Ilyasoglu,Ömer Can,Ilyasoglu,Ö,I,Ö,I,Ö. Ilyasoglu,YUKATEL MERKEZEFENDI BELEDIYESI BASKET,YMB,Ö. Ilyasoglu,13,,,,,,TO,,YUKATEL MERKEZEFENDI BELEDIYESI BASKET Ö. ILYASOGLU turnover badpass,,,,,,,,,0,46,1.0,turnover,0,16,0,14
01:56,01:56:00,16,17,-1,2,1,REGULAR,4,I. ULUSOY,1,3pt,138,,['fromturnover'],jumpshot,1,5,Ismail Cem,Ulusoy,Ismail Cem,Ulusoy,I,U,I,U,I. Ulusoy,TRABZONSPOR,TRB,I. Ulusoy,5,,,80.059997558594,89.379997253418,1.0,P3,made,TRABZONSPOR I. ULUSOY 3Pt made,11.0,2.0,M. REED,,,,,,3,47,2.0,score,0,16,3,17
01:56,01:56:00,16,17,-1,2,1,REGULAR,11,M. REED,1,assist,139,138,[],,0,0,Marcquise Deandre,Reed,Marcquise Deandre,Reed,M,R,M,R,M. Reed,TRABZONSPOR,TRB,M. Reed,0,,,,,,ASS,,TRABZONSPOR M. REED assist,,,,,,,,,0,48,1.0,,0,16,0,17
01:32,01:32:00,16,17,-1,1,1,REGULAR,7,Ö. ILYASOGLU,0,3pt,140,,[],jumpshot,1,13,Ömer Can,Ilyasoglu,Ömer Can,Ilyasoglu,Ö,I,Ö,I,Ö. Ilyasoglu,YUKATEL MERKEZEFENDI BELEDIYESI BASKET,YMB,Ö. Ilyasoglu,13,,,29.200000762939,33.159999847412,0.0,P3,missed,YUKATEL MERKEZEFENDI BELEDIYESI BASKET Ö. ILYASOGLU 3Pt missed,,,,,,,,,0,48,1.0,,0,16,0,17
01:28,01:28:00,16,17,-1,1,1,REGULAR,79,A. OMIC,1,rebound,141,140,[],offensive,0,24,Alen,Omic,Alen,Omic,A,O,A,O,A. Omic,YUKATEL MERKEZEFENDI BELEDIYESI BASKET,YMB,A. Omic,24,,,,,,REB,,YUKATEL MERKEZEFENDI BELEDIYESI BASKET rebound offensive,,,,,,,,,0,48,1.0,,0,16,0,17
01:28,01:28:00,16,17,-1,2,1,REGULAR,13,K. SILINS,1,foul,143,,[],personal,0,25,Karlis,Silins,Karlis,Silins,K,S,K,S,K. Silins,TRABZONSPOR,TRB,K. Silins,25,,,,,,FOUL,,TRABZONSPOR K. SILINS foul personal,,,,,,,,,0,48,1.0,,0,16,0,17
01:28,01:28:00,16,17,-1,1,1,REGULAR,79,A. OMIC,1,foulon,144,143,[],,0,24,Alen,Omic,Alen,Omic,A,O,A,O,A. Omic,YUKATEL MERKEZEFENDI BELEDIYESI BASKET,YMB,A. Omic,24,,,,,,OTHER,,YUKATEL MERKEZEFENDI BELEDIYESI BASKET foulon,,,,,,,,,0,48,1.0,,0,16,0,17
01:28,01:28:00,16,17,-1,1,1,REGULAR,7,Ö. ILYASOGLU,1,substitution,145,,[],out,0,13,Ömer Can,Ilyasoglu,Ömer Can,Ilyasoglu,Ö,I,Ö,I,Ö. Ilyasoglu,YUKATEL MERKEZEFENDI BELEDIYESI BASKET,YMB,Ö. Ilyasoglu,13,,,,,,SUB,out,YUKATEL MERKEZEFENDI BELEDIYESI BASKET substitution out,,,,,,,,,0,48,1.0,,0,16,0,17
01:28,01:28:00,16,17,-1,1,1,REGULAR,21,K. SMITH JR,1,substitution,146,,[],in,0,4,Kenneth Jerome,Smith Jr,Kenneth Jerome,Smith Jr,K,S,K,S,K. Smith Jr,YUKATEL MERKEZEFENDI BELEDIYESI BASKET,YMB,K. Smith Jr,4,,,,,,SUB,in,YUKATEL MERKEZEFENDI BELEDIYESI BASKET substitution in,,,,,,,,,0,48,1.0,,0,16,0,17
01:21,01:21:00,16,17,-1,2,1,REGULAR,12,A. YEBOAH,1,foul,152,,[],personal,0,15,Akwasi Abeyie,Yeboah,Akwasi Abeyie,Yeboah,A,Y,A,Y,A. Yeboah,TRABZONSPOR,TRB,A. Yeboah,15,,,,,,FOUL,,TRABZONSPOR A. YEBOAH foul personal,,,,,,,,,0,48,1.0,,0,16,0,17
01:21,01:21:00,16,17,-1,1,1,REGULAR,9,R. BADZIM,1,foulon,153,152,[],,0,18,Roko,Badzim,Roko,Badzim,R,B,R,B,R. Badzim,YUKATEL MERKEZEFENDI BELEDIYESI BASKET,YMB,R. Badzim,18,,,,,,OTHER,,YUKATEL MERKEZEFENDI BELEDIYESI BASKET foulon,,,,,,,,,0,48,1.0,,0,16,0,17
01:13,01:13:00,18,17,1,1,1,REGULAR,21,K. SMITH JR,1,2pt,155,,['2ndchance'],fadeaway,1,4,Kenneth Jerome,Smith Jr,Kenneth Jerome,Smith Jr,K,S,K,S,K. Smith Jr,YUKATEL MERKEZEFENDI BELEDIYESI BASKET,YMB,K. Smith Jr,4,,,22.64999961853,62.259998321533,1.0,P2,made,YUKATEL MERKEZEFENDI BELEDIYESI BASKET K. SMITH JR 2Pt made,,,,,,,,,2,48,1.0,score,2,18,0,17
00:58,00:58:60,18,19,-1,2,1,REGULAR,11,M. REED,1,2pt,156,,"['pointsinthepaint', 'fastbreak']",layup,1,0,Marcquise Deandre,Reed,Marcquise Deandre,Reed,M,R,M,R,M. Reed,TRABZONSPOR,TRB,M. Reed,0,,,92.849998474121,42.200000762939,1.0,P2,made,TRABZONSPOR M. REED 2Pt made,4.0,2.0,I. ULUSOY,,,,,,2,49,2.0,score,0,18,2,19
00:58,00:58:60,18,19,-1,2,1,REGULAR,4,I. ULUSOY,1,assist,157,156,[],,0,5,Ismail Cem,Ulusoy,Ismail Cem,Ulusoy,I,U,I,U,I. Ulusoy,TRABZONSPOR,TRB,I. Ulusoy,5,,,,,,ASS,,TRABZONSPOR I. ULUSOY assist,,,,,,,,,0,50,1.0,,0,18,0,19
00:35,00:35:20,18,19,-1,1,1,REGULAR,3,E. TANISAN,0,3pt,158,,[],jumpshot,1,0,Emre,Tanisan,Emre,Tanisan,E,T,E,T,E. Tanisan,YUKATEL MERKEZEFENDI BELEDIYESI BASKET,YMB,E. Tanisan,0,,,7.210000038147,96.160003662109,0.0,P3,missed,YUKATEL MERKEZEFENDI BELEDIYESI BASKET E. TANISAN 3Pt missed,,,,,,,,,0,50,1.0,def_reb,0,18,0,19
00:32,00:32:40,18,19,-1,2,1,REGULAR,11,M. REED,1,rebound,159,158,[],defensive,0,0,Marcquise Deandre,Reed,Marcquise Deandre,Reed,M,R,M,R,M. Reed,TRABZONSPOR,TRB,M. Reed,0,,,,,,REB,,TRABZONSPOR rebound defensive,,,,,,,,,0,51,2.0,def_reb,0,18,0,19
00:28,00:28:90,18,22,-4,2,1,REGULAR,10,T. TINKLE,1,3pt,160,,['fastbreak'],jumpshot,1,3,Tres Anthony,Tinkle,Tres Anthony,Tinkle,T,T,T,T,T. Tinkle,TRABZONSPOR,TRB,T. Tinkle,3,,,82.559997558594,91.360000610352,1.0,P3,made,TRABZONSPOR T. TINKLE 3Pt made,11.0,2.0,M. REED,,,,,,3,52,1.0,score,0,18,3,22
00:28,00:28:90,18,22,-4,2,1,REGULAR,11,M. REED,1,assist,162,160,[],,0,0,Marcquise Deandre,Reed,Marcquise Deandre,Reed,M,R,M,R,M. Reed,TRABZONSPOR,TRB,M. Reed,0,,,,,,ASS,,TRABZONSPOR M. REED assist,,,,,,,,,0,53,2.0,,0,18,0,22
00:27,00:27:00,18,22,-4,1,1,REGULAR,0,,1,timeout,163,,[],full,0,,,,,,,,,,,YUKATEL MERKEZEFENDI BELEDIYESI BASKET,YMB,,,,,,,,TIMEOUT,,YUKATEL MERKEZEFENDI BELEDIYESI BASKET timeout,,,,,,,,,0,53,2.0,,0,18,0,22
00:27,00:27:00,18,22,-4,1,1,REGULAR,79,A. OMIC,1,substitution,164,,[],out,0,24,Alen,Omic,Alen,Omic,A,O,A,O,A. Omic,YUKATEL MERKEZEFENDI BELEDIYESI BASKET,YMB,A. Omic,24,,,,,,SUB,out,YUKATEL MERKEZEFENDI BELEDIYESI BASKET substitution out,,,,,,,,,0,53,2.0,,0,18,0,22
00:27,00:27:00,18,22,-4,1,1,REGULAR,5,M. AGVA,1,substitution,165,,[],in,0,46,Mahir,Agva,Mahir,Agva,M,A,M,A,M. Agva,YUKATEL MERKEZEFENDI BELEDIYESI BASKET,YMB,M. Agva,46,,,,,,SUB,in,YUKATEL MERKEZEFENDI BELEDIYESI BASKET substitution in,,,,,,,,,0,53,2.0,,0,18,0,22
00:27,00:27:00,18,22,-4,2,1,REGULAR,11,M. REED,1,substitution,166,,[],out,0,0,Marcquise Deandre,Reed,Marcquise Deandre,Reed,M,R,M,R,M. Reed,TRABZONSPOR,TRB,M. Reed,0,,,,,,SUB,out,TRABZONSPOR substitution out,,,,,,,,,0,53,2.0,,0,18,0,22
00:27,00:27:00,18,22,-4,2,1,REGULAR,12,A. YEBOAH,1,substitution,167,,[],out,0,15,Akwasi Abeyie,Yeboah,Akwasi Abeyie,Yeboah,A,Y,A,Y,A. Yeboah,TRABZONSPOR,TRB,A. Yeboah,15,,,,,,SUB,out,TRABZONSPOR substitution out,,,,,,,,,0,53,2.0,,0,18,0,22
00:27,00:27:00,18,22,-4,2,1,REGULAR,14,D. GRANT,1,substitution,168,,[],in,0,1,Denove Octavon,Grant,Denove Octavon,Grant,D,G,D,G,D. Grant,TRABZONSPOR,TRB,D. Grant,1,,,,,,SUB,in,TRABZONSPOR substitution in,,,,,,,,,0,53,2.0,,0,18,0,22
00:27,00:27:00,18,22,-4,2,1,REGULAR,5,O. ULUBAY,1,substitution,169,,[],in,0,13,Okben,Ulubay,Okben,Ulubay,O,U,O,U,O. Ulubay,TRABZONSPOR,TRB,O. Ulubay,13,,,,,,SUB,in,TRABZONSPOR substitution in,,,,,,,,,0,53,2.0,,0,18,0,22
00:12,00:12:40,21,22,-1,1,1,REGULAR,11,S. GRIFFIN,1,3pt,171,,[],stepbackjumpshot,1,1,Samuel Gevaris,Griffin,Samuel Gevaris,Griffin,S,G,S,G,S. Griffin,YUKATEL MERKEZEFENDI BELEDIYESI BASKET,YMB,S. Griffin,1,,,27.799999237061,79.209999084473,1.0,P3,made,YUKATEL MERKEZEFENDI BELEDIYESI BASKET S. GRIFFIN 3Pt made,,,,,,,,,3,53,2.0,score,3,21,0,22
00:03,00:03:40,21,22,-1,1,1,REGULAR,21,K. SMITH JR,1,foul,187,,['2freethrow'],personal,0,4,Kenneth Jerome,Smith Jr,Kenneth Jerome,Smith Jr,K,S,K,S,K. Smith Jr,YUKATEL MERKEZEFENDI BELEDIYESI BASKET,YMB,K. Smith Jr,4,,,,,,FOUL,,YUKATEL MERKEZEFENDI BELEDIYESI BASKET K. SMITH JR foul personal,,,,,,,,,0,54,1.0,,0,21,0,22
00:03,00:03:40,21,22,-1,2,1,REGULAR,14,D. GRANT,1,foulon,188,187,[],,0,1,Denove Octavon,Grant,Denove Octavon,Grant,D,G,D,G,D. Grant,TRABZONSPOR,TRB,D. Grant,1,,,,,,OTHER,,TRABZONSPOR foulon,,,,,,,,,0,54,1.0,,0,21,0,22
00:03,00:03:40,21,23,-2,2,1,REGULAR,14,D. GRANT,1,freethrow,189,,[],1of2,1,1,Denove Octavon,Grant,Denove Octavon,Grant,D,G,D,G,D. Grant,TRABZONSPOR,TRB,D. Grant,1,,,,,,FT,made,TRABZONSPOR D. GRANT FT 1of2 made,,,,,,,,,1,54,1.0,made_ft,0,21,1,23
00:03,00:03:40,21,24,-3,2,1,REGULAR,14,D. GRANT,1,freethrow,190,,[],2of2,1,1,Denove Octavon,Grant,Denove Octavon,Grant,D,G,D,G,D. Grant,TRABZONSPOR,TRB,D. Grant,1,,,,,,FT,made,TRABZONSPOR D. GRANT FT 2of2 made,,,,,,,,,1,55,2.0,made_ft_last,0,21,1,24
00:00,00:00:00,21,24,-3,0,1,REGULAR,0,,1,period,195,,['confirmed'],end,0,,,,,,,,,,,,,,,,,,,,OTHER,,period end,,,,,,,,,0,56,1.0,,0,21,0,24
10:00,10:00:00,21,24,-3,1,2,REGULAR,3,E. TANISAN,1,substitution,196,,[],out,0,0,Emre,Tanisan,Emre,Tanisan,E,T,E,T,E. Tanisan,YUKATEL MERKEZEFENDI BELEDIYESI BASKET,YMB,E. Tanisan,0,,,,,,SUB,out,YUKATEL MERKEZEFENDI BELEDIYESI BASKET substitution out,,,,,,,,,0,56,1.0,,0,21,0,24
10:00,10:00:00,21,24,-3,1,2,REGULAR,8,H. VANWIJN,1,substitution,197,,[],in,0,10,Hans,Vanwijn,Hans,Vanwijn,H,V,H,V,H. Vanwijn,YUKATEL MERKEZEFENDI BELEDIYESI BASKET,YMB,H. Vanwijn,10,,,,,,SUB,in,YUKATEL MERKEZEFENDI BELEDIYESI BASKET substitution in,,,,,,,,,0,56,1.0,,0,21,0,24
10:00,10:00:00,21,24,-3,2,2,REGULAR,14,D. GRANT,1,substitution,198,,[],out,0,1,Denove Octavon,Grant,Denove Octavon,Grant,D,G,D,G,D. Grant,TRABZONSPOR,TRB,D. Grant,1,,,,,,SUB,out,TRABZONSPOR substitution out,,,,,,,,,0,56,1.0,,0,21,0,24
10:00,10:00:00,21,24,-3,2,2,REGULAR,11,M. REED,1,substitution,199,,[],in,0,0,Marcquise Deandre,Reed,Marcquise Deandre,Reed,M,R,M,R,M. Reed,TRABZONSPOR,TRB,M. Reed,0,,,,,,SUB,in,TRABZONSPOR substitution in,,,,,,,,,0,56,1.0,,0,21,0,24
10:00,10:00:00,21,24,-3,0,2,REGULAR,0,,1,period,200,,[],start,0,,,,,,,,,,,,,,,,,,,,OTHER,,period start,,,,,,,,,0,56,1.0,,0,21,0,24
09:40,09:40:00,23,24,-1,1,2,REGULAR,8,H. VANWIJN,1,2pt,202,,['pointsinthepaint'],turnaroundjumpshot,1,10,Hans,Vanwijn,Hans,Vanwijn,H,V,H,V,H. Vanwijn,YUKATEL MERKEZEFENDI BELEDIYESI BASKET,YMB,H. Vanwijn,10,,,8.460000038147,59.720001220703,1.0,P2,made,YUKATEL MERKEZEFENDI BELEDIYESI BASKET H. VANWIJN 2Pt made,,,,,,,,,2,56,1.0,score,2,23,0,24
09:14,09:14:00,23,24,-1,2,2,REGULAR,4,I. ULUSOY,0,2pt,203,,[],fadeaway,1,5,Ismail Cem,Ulusoy,Ismail Cem,Ulusoy,I,U,I,U,I. Ulusoy,TRABZONSPOR,TRB,I. Ulusoy,5,,,81.150001525879,78.360000610352,0.0,P2,missed,TRABZONSPOR I. ULUSOY 2Pt missed,,,,,,,,,0,57,2.0,def_reb,0,23,0,24
09:12,09:12:00,23,24,-1,1,2,REGULAR,9,R. BADZIM,1,rebound,204,203,[],defensive,0,18,Roko,Badzim,Roko,Badzim,R,B,R,B,R. Badzim,YUKATEL MERKEZEFENDI BELEDIYESI BASKET,YMB,R. Badzim,18,,,,,,REB,,YUKATEL MERKEZEFENDI BELEDIYESI BASKET rebound defensive,,,,,,,,,0,58,1.0,def_reb,0,23,0,24
09:08,09:08:00,25,24,1,1,2,REGULAR,11,S. GRIFFIN,1,2pt,205,,"['pointsinthepaint', 'fastbreak']",eurostep,1,1,Samuel Gevaris,Griffin,Samuel Gevaris,Griffin,S,G,S,G,S. Griffin,YUKATEL MERKEZEFENDI BELEDIYESI BASKET,YMB,S. Griffin,1,,,10.640000343323,53.220001220703,1.0,P2,made,YUKATEL MERKEZEFENDI BELEDIYESI BASKET S. GRIFFIN 2Pt made,9.0,1.0,R. BADZIM,,,,,,2,59,2.0,score,2,25,0,24
09:08,09:08:00,25,24,1,1,2,REGULAR,9,R. BADZIM,1,assist,206,205,[],,0,18,Roko,Badzim,Roko,Badzim,R,B,R,B,R. Badzim,YUKATEL MERKEZEFENDI BELEDIYESI BASKET,YMB,R. Badzim,18,,,,,,ASS,,YUKATEL MERKEZEFENDI BELEDIYESI BASKET R. BADZIM assist,,,,,,,,,0,60,1.0,,0,25,0,24
08:48,08:48:00,25,26,-1,2,2,REGULAR,5,O. ULUBAY,1,2pt,207,,['pointsinthepaint'],jumpshot,1,13,Okben,Ulubay,Okben,Ulubay,O,U,O,U,O. Ulubay,TRABZONSPOR,TRB,O. Ulubay,13,,,90.669998168945,44.180000305176,1.0,P2,made,TRABZONSPOR O. ULUBAY 2Pt made,,,,,,,,,2,60,1.0,score,0,25,2,26
08:22,08:22:00,27,26,1,1,2,REGULAR,11,S. GRIFFIN,1,2pt,208,,['pointsinthepaint'],drivinglayup,1,1,Samuel Gevaris,Griffin,Samuel Gevaris,Griffin,S,G,S,G,S. Griffin,YUKATEL MERKEZEFENDI BELEDIYESI BASKET,YMB,S. Griffin,1,,,10.640000343323,48.979999542236,1.0,P2,made,YUKATEL MERKEZEFENDI BELEDIYESI BASKET S. GRIFFIN 2Pt made,,,,,,,,,2,61,2.0,score,2,27,0,26
08:03,08:03:00,27,26,1,1,2,REGULAR,9,R. BADZIM,1,foul,212,,[],personal,0,18,Roko,Badzim,Roko,Badzim,R,B,R,B,R. Badzim,YUKATEL MERKEZEFENDI BELEDIYESI BASKET,YMB,R. Badzim,18,,,,,,FOUL,,YUKATEL MERKEZEFENDI BELEDIYESI BASKET R. BADZIM foul personal,,,,,,,,,0,62,1.0,,0,27,0,26
08:03,08:03:00,27,26,1,2,2,REGULAR,4,I. ULUSOY,1,foulon,213,212,[],,0,5,Ismail Cem,Ulusoy,Ismail Cem,Ulusoy,I,U,I,U,I. Ulusoy,TRABZONSPOR,TRB,I. Ulusoy,5,,,,,,OTHER,,TRABZONSPOR foulon,,,,,,,,,0,62,1.0,,0,27,0,26
08:03,08:03:00,27,26,1,2,2,REGULAR,13,K. SILINS,1,substitution,214,,[],out,0,25,Karlis,Silins,Karlis,Silins,K,S,K,S,K. Silins,TRABZONSPOR,TRB,K. Silins,25,,,,,,SUB,out,TRABZONSPOR substitution out,,,,,,,,,0,62,1.0,,0,27,0,26
08:03,08:03:00,27,26,1,2,2,REGULAR,9,A. DELGADO ASTACIO,1,substitution,215,,[],in,0,31,Angel Luis,Delgado Astacio,Angel Luis,Delgado Astacio,A,D,A,D,A. Delgado Astacio,TRABZONSPOR,TRB,A. Delgado Astacio,31,,,,,,SUB,in,TRABZONSPOR substitution in,,,,,,,,,0,62,1.0,,0,27,0,26
07:51,07:51:00,27,29,-2,2,2,REGULAR,5,O. ULUBAY,1,3pt,217,,[],jumpshot,1,13,Okben,Ulubay,Okben,Ulubay,O,U,O,U,O. Ulubay,TRABZONSPOR,TRB,O. Ulubay,13,,,71.790000915527,77.230003356934,1.0,P3,made,TRABZONSPOR O. ULUBAY 3Pt made,,,,,,,,,3,62,1.0,score,0,27,3,29
07:29,07:29:00,27,29,-2,1,2,REGULAR,5,M. AGVA,0,2pt,218,,['pointsinthepaint'],jumpshot,1,46,Mahir,Agva,Mahir,Agva,M,A,M,A,M. Agva,YUKATEL MERKEZEFENDI BELEDIYESI BASKET,YMB,M. Agva,46,,,9.6999998092651,41.919998168945,0.0,P2,missed,YUKATEL MERKEZEFENDI BELEDIYESI BASKET M. AGVA 2Pt missed,,,,,,,,,0,63,2.0,,0,27,0,29
07:27,07:27:00,27,29,-2,1,2,REGULAR,8,H. VANWIJN,1,rebound,219,218,[],offensive,0,10,Hans,Vanwijn,Hans,Vanwijn,H,V,H,V,H. Vanwijn,YUKATEL MERKEZEFENDI BELEDIYESI BASKET,YMB,H. Vanwijn,10,,,,,,REB,,YUKATEL MERKEZEFENDI BELEDIYESI BASKET rebound offensive,,,,,,,,,0,63,2.0,,0,27,0,29
07:26,07:26:00,27,29,-2,1,2,REGULAR,9,R. BADZIM,0,3pt,220,,['2ndchance'],jumpshot,1,18,Roko,Badzim,Roko,Badzim,R,B,R,B,R. Badzim,YUKATEL MERKEZEFENDI BELEDIYESI BASKET,YMB,R. Badzim,18,,,27.020000457764,24.120000839233,0.0,P3,missed,YUKATEL MERKEZEFENDI BELEDIYESI BASKET R. BADZIM 3Pt missed,,,,,,,,,0,63,2.0,def_reb,0,27,0,29
07:23,07:23:00,27,29,-2,2,2,REGULAR,10,T. TINKLE,1,rebound,221,220,[],defensive,0,3,Tres Anthony,Tinkle,Tres Anthony,Tinkle,T,T,T,T,T. Tinkle,TRABZONSPOR,TRB,T. Tinkle,3,,,,,,REB,,TRABZONSPOR rebound defensive,,,,,,,,,0,64,1.0,def_reb,0,27,0,29
07:18,07:18:00,27,31,-4,2,2,REGULAR,4,I. ULUSOY,1,2pt,222,,"['pointsinthepaint', 'fastbreak']",reverselayup,1,5,Ismail Cem,Ulusoy,Ismail Cem,Ulusoy,I,U,I,U,I. Ulusoy,TRABZONSPOR,TRB,I. Ulusoy,5,,,90.980003356934,56.610000610352,1.0,P2,made,TRABZONSPOR I. ULUSOY 2Pt made,,,,,,,,,2,65,2.0,score,0,27,2,31
07:02,07:02:00,27,31,-4,1,2,REGULAR,11,S. GRIFFIN,0,2pt,224,,['pointsinthepaint'],jumpshot,1,1,Samuel Gevaris,Griffin,Samuel Gevaris,Griffin,S,G,S,G,S. Griffin,YUKATEL MERKEZEFENDI BELEDIYESI BASKET,YMB,S. Griffin,1,,,14.380000114441,55.200000762939,0.0,P2,missed,YUKATEL MERKEZEFENDI BELEDIYESI BASKET S. GRIFFIN 2Pt missed,,,,,,,,,0,66,1.0,def_reb,0,27,0,31
06:59,06:59:00,27,31,-4,2,2,REGULAR,5,O. ULUBAY,1,rebound,225,224,[],defensive,0,13,Okben,Ulubay,Okben,Ulubay,O,U,O,U,O. Ulubay,TRABZONSPOR,TRB,O. Ulubay,13,,,,,,REB,,TRABZONSPOR rebound defensive,,,,,,,,,0,67,2.0,def_reb,0,27,0,31
06:46,06:46:00,27,31,-4,2,2,REGULAR,9,A. DELGADO ASTACIO,0,2pt,226,,['pointsinthepaint'],layup,1,31,Angel Luis,Delgado Astacio,Angel Luis,Delgado Astacio,A,D,A,D,A. Delgado Astacio,TRABZONSPOR,TRB,A. Delgado Astacio,31,,,89.580001831055,50.110000610352,0.0,P2,missed,TRABZONSPOR A. DELGADO ASTACIO 2Pt missed,,,,,,,,,0,68,1.0,,0,27,0,31
06:43,06:43:00,27,31,-4,2,2,REGULAR,9,A. DELGADO ASTACIO,1,rebound,227,226,[],offensive,0,31,Angel Luis,Delgado Astacio,Angel Luis,Delgado Astacio,A,D,A,D,A. Delgado Astacio,TRABZONSPOR,TRB,A. Delgado Astacio,31,,,,,,REB,,TRABZONSPOR rebound offensive,,,,,,,,,0,68,1.0,,0,27,0,31
06:43,06:43:00,27,31,-4,2,2,REGULAR,9,A. DELGADO ASTACIO,0,2pt,228,,"['2ndchance', 'pointsinthepaint']",jumpshot,1,31,Angel Luis,Delgado Astacio,Angel Luis,Delgado Astacio,A,D,A,D,A. Delgado Astacio,TRABZONSPOR,TRB,A. Delgado Astacio,31,,,92.699996948242,43.900001525879,0.0,P2,missed,TRABZONSPOR A. DELGADO ASTACIO 2Pt missed,,,,,,,,,0,68,1.0,def_reb,0,27,0,31
06:40,06:40:00,27,31,-4,1,2,REGULAR,8,H. VANWIJN,1,rebound,229,228,[],defensive,0,10,Hans,Vanwijn,Hans,Vanwijn,H,V,H,V,H. Vanwijn,YUKATEL MERKEZEFENDI BELEDIYESI BASKET,YMB,H. Vanwijn,10,,,,,,REB,,YUKATEL MERKEZEFENDI BELEDIYESI BASKET rebound defensive,,,,,,,,,0,69,2.0,def_reb,0,27,0,31
06:36,06:36:00,27,31,-4,2,2,REGULAR,5,O. ULUBAY,1,foul,232,,[],personal,0,13,Okben,Ulubay,Okben,Ulubay,O,U,O,U,O. Ulubay,TRABZONSPOR,TRB,O. Ulubay,13,,,,,,FOUL,,TRABZONSPOR O. ULUBAY foul personal,,,,,,,,,0,70,1.0,,0,27,0,31
06:36,06:36:00,27,31,-4,1,2,REGULAR,9,R. BADZIM,1,foulon,233,232,[],,0,18,Roko,Badzim,Roko,Badzim,R,B,R,B,R. Badzim,YUKATEL MERKEZEFENDI BELEDIYESI BASKET,YMB,R. Badzim,18,,,,,,OTHER,,YUKATEL MERKEZEFENDI BELEDIYESI BASKET foulon,,,,,,,,,0,70,1.0,,0,27,0,31
06:36,06:36:00,27,31,-4,2,2,REGULAR,11,M. REED,1,substitution,234,,[],out,0,0,Marcquise Deandre,Reed,Marcquise Deandre,Reed,M,R,M,R,M. Reed,TRABZONSPOR,TRB,M. Reed,0,,,,,,SUB,out,TRABZONSPOR substitution out,,,,,,,,,0,70,1.0,,0,27,0,31
06:36,06:36:00,27,31,-4,2,2,REGULAR,7,J. GORDON,1,substitution,235,,[],in,0,8,Jitaurious Tykyvion,Gordon,Jitaurious Tykyvion,Gordon,J,G,J,G,J. Gordon,TRABZONSPOR,TRB,J. Gordon,8,,,,,,SUB,in,TRABZONSPOR substitution in,,,,,,,,,0,70,1.0,,0,27,0,31
06:31,06:31:00,30,31,-1,1,2,REGULAR,21,K. SMITH JR,1,3pt,237,,[],jumpshot,1,4,Kenneth Jerome,Smith Jr,Kenneth Jerome,Smith Jr,K,S,K,S,K. Smith Jr,YUKATEL MERKEZEFENDI BELEDIYESI BASKET,YMB,K. Smith Jr,4,,,28.579999923706,29.770000457764,1.0,P3,made,YUKATEL MERKEZEFENDI BELEDIYESI BASKET K. SMITH JR 3Pt made,5.0,1.0,M. AGVA,,,,,,3,70,1.0,score,3,30,0,31
06:31,06:31:00,30,31,-1,1,2,REGULAR,5,M. AGVA,1,assist,238,237,[],,0,46,Mahir,Agva,Mahir,Agva,M,A,M,A,M. Agva,YUKATEL MERKEZEFENDI BELEDIYESI BASKET,YMB,M. Agva,46,,,,,,ASS,,YUKATEL MERKEZEFENDI BELEDIYESI BASKET M. AGVA assist,,,,,,,,,0,71,2.0,,0,30,0,31
06:05,06:05:00,30,31,-1,2,2,REGULAR,4,I. ULUSOY,0,2pt,239,,[],pullupjumpshot,1,5,Ismail Cem,Ulusoy,Ismail Cem,Ulusoy,I,U,I,U,I. Ulusoy,TRABZONSPOR,TRB,I. Ulusoy,5,,,88.639999389648,25.819999694824,0.0,P2,missed,TRABZONSPOR I. ULUSOY 2Pt missed,,,,,,,,,0,71,2.0,def_reb,0,30,0,31
06:03,06:03:00,30,31,-1,2,2,REGULAR,0,,1,rebound,241,239,['team'],offensive,0,,,,,,,,,,,TRABZONSPOR,TRB,,,,,,,,TREB,,TRABZONSPOR team rebound offensive,,,,,,,,,0,72,1.0,def_reb,0,30,0,31
06:03,06:03:00,30,31,-1,2,2,REGULAR,4,I. ULUSOY,1,substitution,242,,[],out,0,5,Ismail Cem,Ulusoy,Ismail Cem,Ulusoy,I,U,I,U,I. Ulusoy,TRABZONSPOR,TRB,I. Ulusoy,5,,,,,,SUB,out,TRABZONSPOR substitution out,,,,,,,,,0,73,2.0,,0,30,0,31
06:03,06:03:00,30,31,-1,2,2,REGULAR,14,D. GRANT,1,substitution,243,,[],in,0,1,Denove Octavon,Grant,Denove Octavon,Grant,D,G,D,G,D. Grant,TRABZONSPOR,TRB,D. Grant,1,,,,,,SUB,in,TRABZONSPOR substitution in,,,,,,,,,0,73,2.0,,0,30,0,31
05:54,05:54:00,30,33,-3,2,2,REGULAR,14,D. GRANT,1,2pt,245,,['2ndchance'],fadeaway,1,1,Denove Octavon,Grant,Denove Octavon,Grant,D,G,D,G,D. Grant,TRABZONSPOR,TRB,D. Grant,1,,,78.809997558594,28.930000305176,1.0,P2,made,TRABZONSPOR D. GRANT 2Pt made,,,,,,,,,2,73,2.0,score,0,30,2,33
05:34,05:34:00,33,33,0,1,2,REGULAR,21,K. SMITH JR,1,3pt,246,,[],stepbackjumpshot,1,4,Kenneth Jerome,Smith Jr,Kenneth Jerome,Smith Jr,K,S,K,S,K. Smith Jr,YUKATEL MERKEZEFENDI BELEDIYESI BASKET,YMB,K. Smith Jr,4,,,25.770000457764,81.470001220703,1.0,P3,made,YUKATEL MERKEZEFENDI BELEDIYESI BASKET K. SMITH JR 3Pt made,,,,,,,,,3,74,1.0,score,3,33,0,33
05:22,05:22:00,33,36,-3,2,2,REGULAR,14,D. GRANT,1,3pt,247,,[],jumpshot,1,1,Denove Octavon,Grant,Denove Octavon,Grant,D,G,D,G,D. Grant,TRABZONSPOR,TRB,D. Grant,1,,,70.699996948242,33.159999847412,1.0,P3,made,TRABZONSPOR D. GRANT 3Pt made,10.0,2.0,T. TINKLE,,,,,,3,75,2.0,score,0,33,3,36
05:22,05:22:00,33,36,-3,2,2,REGULAR,10,T. TINKLE,1,assist,248,247,[],,0,3,Tres Anthony,Tinkle,Tres Anthony,Tinkle,T,T,T,T,T. Tinkle,TRABZONSPOR,TRB,T. Tinkle,3,,,,,,ASS,,TRABZONSPOR T. TINKLE assist,,,,,,,,,0,76,1.0,,0,33,0,36
05:06,05:06:00,35,36,-1,1,2,REGULAR,9,R. BADZIM,1,2pt,252,,['pointsinthepaint'],layup,1,18,Roko,Badzim,Roko,Badzim,R,B,R,B,R. Badzim,YUKATEL MERKEZEFENDI BELEDIYESI BASKET,YMB,R. Badzim,18,,,10.800000190735,58.020000457764,1.0,P2,made,YUKATEL MERKEZEFENDI BELEDIYESI BASKET R. BADZIM 2Pt made,21.0,1.0,K. SMITH JR,,,,,,2,76,1.0,score,2,35,0,36
05:06,05:06:00,35,36,-1,1,2,REGULAR,21,K. SMITH JR,1,assist,253,252,[],,0,4,Kenneth Jerome,Smith Jr,Kenneth Jerome,Smith Jr,K,S,K,S,K. Smith Jr,YUKATEL MERKEZEFENDI BELEDIYESI BASKET,YMB,K. Smith Jr,4,,,,,,ASS,,YUKATEL MERKEZEFENDI BELEDIYESI BASKET K. SMITH JR assist,,,,,,,,,0,77,2.0,,0,35,0,36
05:06,05:06:00,35,36,-1,2,2,REGULAR,0,,1,timeout,254,,[],full,0,,,,,,,,,,,TRABZONSPOR,TRB,,,,,,,,TIMEOUT,,TRABZONSPOR timeout,,,,,,,,,0,77,2.0,,0,35,0,36
04:45,04:45:00,35,36,-1,2,2,REGULAR,5,O. ULUBAY,0,2pt,256,,[],pullupjumpshot,1,13,Okben,Ulubay,Okben,Ulubay,O,U,O,U,O. Ulubay,TRABZONSPOR,TRB,O. Ulubay,13,,,78.970001220703,71.860000610352,0.0,P2,missed,TRABZONSPOR O. ULUBAY 2Pt missed,,,,,,,,,0,77,2.0,,0,35,0,36
04:42,04:42:00,35,36,-1,2,2,REGULAR,10,T. TINKLE,1,rebound,257,256,[],offensive,0,3,Tres Anthony,Tinkle,Tres Anthony,Tinkle,T,T,T,T,T. Tinkle,TRABZONSPOR,TRB,T. Tinkle,3,,,,,,REB,,TRABZONSPOR rebound offensive,,,,,,,,,0,77,2.0,,0,35,0,36
04:40,04:40:00,35,39,-4,2,2,REGULAR,14,D. GRANT,1,3pt,258,,['2ndchance'],jumpshot,1,1,Denove Octavon,Grant,Denove Octavon,Grant,D,G,D,G,D. Grant,TRABZONSPOR,TRB,D. Grant,1,,,95.040000915527,97.290000915527,1.0,P3,made,TRABZONSPOR D. GRANT 3Pt made,10.0,2.0,T. TINKLE,,,,,,3,77,2.0,score,0,35,3,39
04:40,04:40:00,35,39,-4,2,2,REGULAR,10,T. TINKLE,1,assist,259,258,[],,0,3,Tres Anthony,Tinkle,Tres Anthony,Tinkle,T,T,T,T,T. Tinkle,TRABZONSPOR,TRB,T. Tinkle,3,,,,,,ASS,,TRABZONSPOR T. TINKLE assist,,,,,,,,,0,78,1.0,,0,35,0,39
04:15,04:15:00,37,39,-2,1,2,REGULAR,8,H. VANWIJN,1,2pt,260,,['pointsinthepaint'],turnaroundjumpshot,1,10,Hans,Vanwijn,Hans,Vanwijn,H,V,H,V,H. Vanwijn,YUKATEL MERKEZEFENDI BELEDIYESI BASKET,YMB,H. Vanwijn,10,,,6.1199998855591,44.180000305176,1.0,P2,made,YUKATEL MERKEZEFENDI BELEDIYESI BASKET H. VANWIJN 2Pt made,21.0,1.0,K. SMITH JR,,,,,,2,78,1.0,score,2,37,0,39
04:15,04:15:00,37,39,-2,1,2,REGULAR,21,K. SMITH JR,1,assist,261,260,[],,0,4,Kenneth Jerome,Smith Jr,Kenneth Jerome,Smith Jr,K,S,K,S,K. Smith Jr,YUKATEL MERKEZEFENDI BELEDIYESI BASKET,YMB,K. Smith Jr,4,,,,,,ASS,,YUKATEL MERKEZEFENDI BELEDIYESI BASKET K. SMITH JR assist,,,,,,,,,0,79,2.0,,0,37,0,39
03:54,03:54:00,37,41,-4,2,2,REGULAR,5,O. ULUBAY,1,2pt,262,,[],fadeaway,1,13,Okben,Ulubay,Okben,Ulubay,O,U,O,U,O. Ulubay,TRABZONSPOR,TRB,O. Ulubay,13,,,94.099998474121,31.469999313354,1.0,P2,made,TRABZONSPOR O. ULUBAY 2Pt made,,,,,,,,,2,79,2.0,score,0,37,2,41
03:29,03:29:00,37,41,-4,1,2,REGULAR,11,S. GRIFFIN,0,2pt,263,,['pointsinthepaint'],floatingjumpshot,1,1,Samuel Gevaris,Griffin,Samuel Gevaris,Griffin,S,G,S,G,S. Griffin,YUKATEL MERKEZEFENDI BELEDIYESI BASKET,YMB,S. Griffin,1,,,13.920000076294,59.150001525879,0.0,P2,missed,YUKATEL MERKEZEFENDI BELEDIYESI BASKET S. GRIFFIN 2Pt missed,,,,,,,,,0,80,1.0,def_reb,0,37,0,41
03:24,03:24:00,37,41,-4,2,2,REGULAR,7,J. GORDON,1,rebound,264,263,[],defensive,0,8,Jitaurious Tykyvion,Gordon,Jitaurious Tykyvion,Gordon,J,G,J,G,J. Gordon,TRABZONSPOR,TRB,J. Gordon,8,,,,,,REB,,TRABZONSPOR rebound defensive,,,,,,,,,0,81,2.0,def_reb,0,37,0,41
03:13,03:13:00,37,41,-4,2,2,REGULAR,14,D. GRANT,0,3pt,265,,[],jumpshot,1,1,Denove Octavon,Grant,Denove Octavon,Grant,D,G,D,G,D. Grant,TRABZONSPOR,TRB,D. Grant,1,,,71.480003356934,28.360000610352,0.0,P3,missed,TRABZONSPOR D. GRANT 3Pt missed,,,,,,,,,0,82,1.0,def_reb,0,37,0,41
03:09,03:09:00,37,41,-4,1,2,REGULAR,21,K. SMITH JR,1,rebound,266,265,[],defensive,0,4,Kenneth Jerome,Smith Jr,Kenneth Jerome,Smith Jr,K,S,K,S,K. Smith Jr,YUKATEL MERKEZEFENDI BELEDIYESI BASKET,YMB,K. Smith Jr,4,,,,,,REB,,YUKATEL MERKEZEFENDI BELEDIYESI BASKET rebound defensive,,,,,,,,,0,83,2.0,def_reb,0,37,0,41
03:04,03:04:00,39,41,-2,1,2,REGULAR,9,R. BADZIM,1,2pt,267,,"['pointsinthepaint', 'fastbreak']",layup,1,18,Roko,Badzim,Roko,Badzim,R,B,R,B,R. Badzim,YUKATEL MERKEZEFENDI BELEDIYESI BASKET,YMB,R. Badzim,18,,,11.729999542236,49.830001831055,1.0,P2,made,YUKATEL MERKEZEFENDI BELEDIYESI BASKET R. BADZIM 2Pt made,21.0,1.0,K. SMITH JR,,,,,,2,84,1.0,score,2,39,0,41
03:04,03:04:00,39,41,-2,1,2,REGULAR,21,K. SMITH JR,1,assist,268,267,[],,0,4,Kenneth Jerome,Smith Jr,Kenneth Jerome,Smith Jr,K,S,K,S,K. Smith Jr,YUKATEL MERKEZEFENDI BELEDIYESI BASKET,YMB,K. Smith Jr,4,,,,,,ASS,,YUKATEL MERKEZEFENDI BELEDIYESI BASKET K. SMITH JR assist,,,,,,,,,0,85,2.0,,0,39,0,41
02:39,02:39:00,39,41,-2,2,2,REGULAR,14,D. GRANT,0,3pt,269,,[],jumpshot,1,1,Denove Octavon,Grant,Denove Octavon,Grant,D,G,D,G,D. Grant,TRABZONSPOR,TRB,D. Grant,1,,,74.290000915527,83.449996948242,0.0,P3,missed,TRABZONSPOR D. GRANT 3Pt missed,,,,,,,,,0,85,2.0,,0,39,0,41
02:36,02:36:00,39,41,-2,2,2,REGULAR,14,D. GRANT,1,rebound,270,269,[],offensive,0,1,Denove Octavon,Grant,Denove Octavon,Grant,D,G,D,G,D. Grant,TRABZONSPOR,TRB,D. Grant,1,,,,,,REB,,TRABZONSPOR rebound offensive,,,,,,,,,0,85,2.0,,0,39,0,41
02:32,02:32:00,39,41,-2,2,2,REGULAR,10,T. TINKLE,0,3pt,271,,['2ndchance'],jumpshot,1,3,Tres Anthony,Tinkle,Tres Anthony,Tinkle,T,T,T,T,T. Tinkle,TRABZONSPOR,TRB,T. Tinkle,3,,,88.019996643066,96.720001220703,0.0,P3,missed,TRABZONSPOR T. TINKLE 3Pt missed,,,,,,,,,0,85,2.0,def_reb,0,39,0,41
02:29,02:29:00,39,41,-2,1,2,REGULAR,8,H. VANWIJN,1,rebound,272,271,[],defensive,0,10,Hans,Vanwijn,Hans,Vanwijn,H,V,H,V,H. Vanwijn,YUKATEL MERKEZEFENDI BELEDIYESI BASKET,YMB,H. Vanwijn,10,,,,,,REB,,YUKATEL MERKEZEFENDI BELEDIYESI BASKET rebound defensive,,,,,,,,,0,86,1.0,def_reb,0,39,0,41
02:12,02:12:00,39,41,-2,1,2,REGULAR,11,S. GRIFFIN,0,2pt,273,,['pointsinthepaint'],layup,1,1,Samuel Gevaris,Griffin,Samuel Gevaris,Griffin,S,G,S,G,S. Griffin,YUKATEL MERKEZEFENDI BELEDIYESI BASKET,YMB,S. Griffin,1,,,6.4299998283386,56.610000610352,0.0,P2,missed,YUKATEL MERKEZEFENDI BELEDIYESI BASKET S. GRIFFIN 2Pt missed,,,,,,,,,0,87,2.0,,0,39,0,41
02:10,02:10:00,39,41,-2,1,2,REGULAR,5,M. AGVA,1,rebound,274,273,[],offensive,0,46,Mahir,Agva,Mahir,Agva,M,A,M,A,M. Agva,YUKATEL MERKEZEFENDI BELEDIYESI BASKET,YMB,M. Agva,46,,,,,,REB,,YUKATEL MERKEZEFENDI BELEDIYESI BASKET rebound offensive,,,,,,,,,0,87,2.0,,0,39,0,41
02:09,02:09:00,39,41,-2,1,2,REGULAR,9,R. BADZIM,0,3pt,275,,['2ndchance'],jumpshot,1,18,Roko,Badzim,Roko,Badzim,R,B,R,B,R. Badzim,YUKATEL MERKEZEFENDI BELEDIYESI BASKET,YMB,R. Badzim,18,,,29.979999542236,62.819999694824,0.0,P3,missed,YUKATEL MERKEZEFENDI BELEDIYESI BASKET R. BADZIM 3Pt missed,,,,,,,,,0,87,2.0,,0,39,0,41
02:05,02:05:00,39,41,-2,1,2,REGULAR,5,M. AGVA,1,rebound,276,275,[],offensive,0,46,Mahir,Agva,Mahir,Agva,M,A,M,A,M. Agva,YUKATEL MERKEZEFENDI BELEDIYESI BASKET,YMB,M. Agva,46,,,,,,REB,,YUKATEL MERKEZEFENDI BELEDIYESI BASKET rebound offensive,,,,,,,,,0,87,2.0,,0,39,0,41
02:03,02:03:00,39,41,-2,2,2,REGULAR,10,T. TINKLE,1,foul,279,,[],personal,0,3,Tres Anthony,Tinkle,Tres Anthony,Tinkle,T,T,T,T,T. Tinkle,TRABZONSPOR,TRB,T. Tinkle,3,,,,,,FOUL,,TRABZONSPOR T. TINKLE foul personal,,,,,,,,,0,87,2.0,,0,39,0,41
02:03,02:03:00,39,41,-2,1,2,REGULAR,8,H. VANWIJN,1,foulon,280,279,[],,0,10,Hans,Vanwijn,Hans,Vanwijn,H,V,H,V,H. Vanwijn,YUKATEL MERKEZEFENDI BELEDIYESI BASKET,YMB,H. Vanwijn,10,,,,,,OTHER,,YUKATEL MERKEZEFENDI BELEDIYESI BASKET foulon,,,,,,,,,0,87,2.0,,0,39,0,41
02:03,02:03:00,39,41,-2,1,2,REGULAR,21,K. SMITH JR,1,substitution,281,,[],out,0,4,Kenneth Jerome,Smith Jr,Kenneth Jerome,Smith Jr,K,S,K,S,K. Smith Jr,YUKATEL MERKEZEFENDI BELEDIYESI BASKET,YMB,K. Smith Jr,4,,,,,,SUB,out,YUKATEL MERKEZEFENDI BELEDIYESI BASKET substitution out,,,,,,,,,0,87,2.0,,0,39,0,41
02:03,02:03:00,39,41,-2,1,2,REGULAR,8,H. VANWIJN,1,substitution,282,,[],out,0,10,Hans,Vanwijn,Hans,Vanwijn,H,V,H,V,H. Vanwijn,YUKATEL MERKEZEFENDI BELEDIYESI BASKET,YMB,H. Vanwijn,10,,,,,,SUB,out,YUKATEL MERKEZEFENDI BELEDIYESI BASKET substitution out,,,,,,,,,0,87,2.0,,0,39,0,41
02:03,02:03:00,39,41,-2,1,2,REGULAR,5,M. AGVA,1,substitution,283,,[],out,0,46,Mahir,Agva,Mahir,Agva,M,A,M,A,M. Agva,YUKATEL MERKEZEFENDI BELEDIYESI BASKET,YMB,M. Agva,46,,,,,,SUB,out,YUKATEL MERKEZEFENDI BELEDIYESI BASKET substitution out,,,,,,,,,0,87,2.0,,0,39,0,41
02:03,02:03:00,39,41,-2,1,2,REGULAR,7,Ö. ILYASOGLU,1,substitution,284,,[],in,0,13,Ömer Can,Ilyasoglu,Ömer Can,Ilyasoglu,Ö,I,Ö,I,Ö. Ilyasoglu,YUKATEL MERKEZEFENDI BELEDIYESI BASKET,YMB,Ö. Ilyasoglu,13,,,,,,SUB,in,YUKATEL MERKEZEFENDI BELEDIYESI BASKET substitution in,,,,,,,,,0,87,2.0,,0,39,0,41
02:03,02:03:00,39,41,-2,1,2,REGULAR,79,A. OMIC,1,substitution,285,,[],in,0,24,Alen,Omic,Alen,Omic,A,O,A,O,A. Omic,YUKATEL MERKEZEFENDI BELEDIYESI BASKET,YMB,A. Omic,24,,,,,,SUB,in,YUKATEL MERKEZEFENDI BELEDIYESI BASKET substitution in,,,,,,,,,0,87,2.0,,0,39,0,41
02:03,02:03:00,39,41,-2,1,2,REGULAR,13,J. HAWKINS,1,substitution,286,,[],in,0,31,Javontae Aaron,Hawkins,Javontae Aaron,Hawkins,J,H,J,H,J. Hawkins,YUKATEL MERKEZEFENDI BELEDIYESI BASKET,YMB,J. Hawkins,31,,,,,,SUB,in,YUKATEL MERKEZEFENDI BELEDIYESI BASKET substitution in,,,,,,,,,0,87,2.0,,0,39,0,41
02:03,02:03:00,39,41,-2,2,2,REGULAR,14,D. GRANT,1,substitution,287,,[],out,0,1,Denove Octavon,Grant,Denove Octavon,Grant,D,G,D,G,D. Grant,TRABZONSPOR,TRB,D. Grant,1,,,,,,SUB,out,TRABZONSPOR substitution out,,,,,,,,,0,87,2.0,,0,39,0,41
02:03,02:03:00,39,41,-2,2,2,REGULAR,11,M. REED,1,substitution,288,,[],in,0,0,Marcquise Deandre,Reed,Marcquise Deandre,Reed,M,R,M,R,M. Reed,TRABZONSPOR,TRB,M. Reed,0,,,,,,SUB,in,TRABZONSPOR substitution in,,,,,,,,,0,87,2.0,,0,39,0,41
01:51,01:51:00,42,41,1,1,2,REGULAR,7,Ö. ILYASOGLU,1,3pt,290,,['2ndchance'],pullupjumpshot,1,13,Ömer Can,Ilyasoglu,Ömer Can,Ilyasoglu,Ö,I,Ö,I,Ö. Ilyasoglu,YUKATEL MERKEZEFENDI BELEDIYESI BASKET,YMB,Ö. Ilyasoglu,13,,,32.009998321533,45.310001373291,1.0,P3,made,YUKATEL MERKEZEFENDI BELEDIYESI BASKET Ö. ILYASOGLU 3Pt made,,,,,,,,,3,87,2.0,score,3,42,0,41
01:27,01:27:00,42,43,-1,2,2,REGULAR,10,T. TINKLE,1,2pt,294,,['pointsinthepaint'],layup,1,3,Tres Anthony,Tinkle,Tres Anthony,Tinkle,T,T,T,T,T. Tinkle,TRABZONSPOR,TRB,T. Tinkle,3,,,85.98999786377,54.349998474121,1.0,P2,made,TRABZONSPOR T. TINKLE 2Pt made,11.0,2.0,M. REED,,,,,,2,88,1.0,score,0,42,2,43
01:27,01:27:00,42,43,-1,2,2,REGULAR,11,M. REED,1,assist,295,294,[],,0,0,Marcquise Deandre,Reed,Marcquise Deandre,Reed,M,R,M,R,M. Reed,TRABZONSPOR,TRB,M. Reed,0,,,,,,ASS,,TRABZONSPOR M. REED assist,,,,,,,,,0,89,2.0,,0,42,0,43
01:27,01:27:00,42,43,-1,1,2,REGULAR,9,R. BADZIM,1,foul,296,,"['shooting', '1freethrow']",personal,0,18,Roko,Badzim,Roko,Badzim,R,B,R,B,R. Badzim,YUKATEL MERKEZEFENDI BELEDIYESI BASKET,YMB,R. Badzim,18,,,,,,FOUL,,YUKATEL MERKEZEFENDI BELEDIYESI BASKET R. BADZIM foul personal,,,,,,,,,0,89,2.0,,0,42,0,43
01:27,01:27:00,42,43,-1,2,2,REGULAR,10,T. TINKLE,1,foulon,297,296,[],,0,3,Tres Anthony,Tinkle,Tres Anthony,Tinkle,T,T,T,T,T. Tinkle,TRABZONSPOR,TRB,T. Tinkle,3,,,,,,OTHER,,TRABZONSPOR foulon,,,,,,,,,0,89,2.0,,0,42,0,43
01:27,01:27:00,42,43,-1,1,2,REGULAR,9,R. BADZIM,1,substitution,298,,[],out,0,18,Roko,Badzim,Roko,Badzim,R,B,R,B,R. Badzim,YUKATEL MERKEZEFENDI BELEDIYESI BASKET,YMB,R. Badzim,18,,,,,,SUB,out,YUKATEL MERKEZEFENDI BELEDIYESI BASKET substitution out,,,,,,,,,0,89,2.0,,0,42,0,43
01:27,01:27:00,42,43,-1,1,2,REGULAR,12,M. CAZALON,1,substitution,299,,[],in,0,21,Malcolm Jean Ahmed,Cazalon,Malcolm Jean Ahmed,Cazalon,M,C,M,C,M. Cazalon,YUKATEL MERKEZEFENDI BELEDIYESI BASKET,YMB,M. Cazalon,21,,,,,,SUB,in,YUKATEL MERKEZEFENDI BELEDIYESI BASKET substitution in,,,,,,,,,0,89,2.0,,0,42,0,43
01:27,01:27:00,42,43,-1,2,2,REGULAR,10,T. TINKLE,0,freethrow,300,,[],1of1,1,3,Tres Anthony,Tinkle,Tres Anthony,Tinkle,T,T,T,T,T. Tinkle,TRABZONSPOR,TRB,T. Tinkle,3,,,,,,FT,missed,TRABZONSPOR T. TINKLE FT 1of1 missed,,,,,,,,,0,89,2.0,def_reb,0,42,0,43
01:27,01:27:00,42,43,-1,1,2,REGULAR,13,J. HAWKINS,1,rebound,302,300,[],defensive,0,31,Javontae Aaron,Hawkins,Javontae Aaron,Hawkins,J,H,J,H,J. Hawkins,YUKATEL MERKEZEFENDI BELEDIYESI BASKET,YMB,J. Hawkins,31,,,,,,REB,,YUKATEL MERKEZEFENDI BELEDIYESI BASKET rebound defensive,,,,,,,,,0,90,1.0,def_reb,0,42,0,43
01:05,01:05:00,45,43,2,1,2,REGULAR,11,S. GRIFFIN,1,3pt,303,,[],jumpshot,1,1,Samuel Gevaris,Griffin,Samuel Gevaris,Griffin,S,G,S,G,S. Griffin,YUKATEL MERKEZEFENDI BELEDIYESI BASKET,YMB,S. Griffin,1,,,31.079999923706,42.200000762939,1.0,P3,made,YUKATEL MERKEZEFENDI BELEDIYESI BASKET S. GRIFFIN 3Pt made,,,,,,,,,3,91,2.0,score,3,45,0,43
00:49,00:49:80,45,43,2,2,2,REGULAR,7,J. GORDON,0,3pt,304,,[],jumpshot,1,8,Jitaurious Tykyvion,Gordon,Jitaurious Tykyvion,Gordon,J,G,J,G,J. Gordon,TRABZONSPOR,TRB,J. Gordon,8,,,64.150001525879,55.479999542236,0.0,P3,missed,TRABZONSPOR J. GORDON 3Pt missed,,,,,,,,,0,92,1.0,def_reb,0,45,0,43
00:47,00:47:70,45,43,2,1,2,REGULAR,0,,1,rebound,306,304,['team'],defensive,0,,,,,,,,,,,YUKATEL MERKEZEFENDI BELEDIYESI BASKET,YMB,,,,,,,,TREB,,YUKATEL MERKEZEFENDI BELEDIYESI BASKET team rebound defensive,,,,,,,,,0,93,2.0,def_reb,0,45,0,43
00:47,00:47:70,45,43,2,1,2,REGULAR,0,,1,timeout,307,,[],full,0,,,,,,,,,,,YUKATEL MERKEZEFENDI BELEDIYESI BASKET,YMB,,,,,,,,TIMEOUT,,YUKATEL MERKEZEFENDI BELEDIYESI BASKET timeout,,,,,,,,,0,94,1.0,,0,45,0,43
00:47,00:47:70,45,43,2,2,2,REGULAR,7,J. GORDON,1,substitution,308,,[],out,0,8,Jitaurious Tykyvion,Gordon,Jitaurious Tykyvion,Gordon,J,G,J,G,J. Gordon,TRABZONSPOR,TRB,J. Gordon,8,,,,,,SUB,out,TRABZONSPOR substitution out,,,,,,,,,0,94,1.0,,0,45,0,43
00:47,00:47:70,45,43,2,2,2,REGULAR,4,I. ULUSOY,1,substitution,309,,[],in,0,5,Ismail Cem,Ulusoy,Ismail Cem,Ulusoy,I,U,I,U,I. Ulusoy,TRABZONSPOR,TRB,I. Ulusoy,5,,,,,,SUB,in,TRABZONSPOR substitution in,,,,,,,,,0,94,1.0,,0,45,0,43
00:37,00:37:30,45,43,2,1,2,REGULAR,11,S. GRIFFIN,1,turnover,311,,[],ballhandling,0,1,Samuel Gevaris,Griffin,Samuel Gevaris,Griffin,S,G,S,G,S. Griffin,YUKATEL MERKEZEFENDI BELEDIYESI BASKET,YMB,S. Griffin,1,,,,,,TO,,YUKATEL MERKEZEFENDI BELEDIYESI BASKET S. GRIFFIN turnover ballhandling,,,,,,,,,0,94,1.0,turnover,0,45,0,43
00:37,00:37:30,45,43,2,2,2,REGULAR,11,M. REED,1,steal,312,311,[],,0,0,Marcquise Deandre,Reed,Marcquise Deandre,Reed,M,R,M,R,M. Reed,TRABZONSPOR,TRB,M. Reed,0,,,,,,ST,,TRABZONSPOR M. REED steal,,,,,,,,,0,95,2.0,,0,45,0,43
00:31,00:31:50,45,43,2,2,2,REGULAR,10,T. TINKLE,0,2pt,313,,"['fromturnover', 'pointsinthepaint']",jumpshot,1,3,Tres Anthony,Tinkle,Tres Anthony,Tinkle,T,T,T,T,T. Tinkle,TRABZONSPOR,TRB,T. Tinkle,3,,,90.199996948242,61.689998626709,0.0,P2,missed,TRABZONSPOR T. TINKLE 2Pt missed,,,,,,,,,0,95,2.0,def_reb,0,45,0,43
00:29,00:29:10,45,43,2,1,2,REGULAR,11,S. GRIFFIN,1,rebound,314,313,[],defensive,0,1,Samuel Gevaris,Griffin,Samuel Gevaris,Griffin,S,G,S,G,S. Griffin,YUKATEL MERKEZEFENDI BELEDIYESI BASKET,YMB,S. Griffin,1,,,,,,REB,,YUKATEL MERKEZEFENDI BELEDIYESI BASKET rebound defensive,,,,,,,,,0,96,1.0,def_reb,0,45,0,43
00:07,00:07:90,48,43,5,1,2,REGULAR,12,M. CAZALON,1,3pt,315,,[],stepbackjumpshot,1,21,Malcolm Jean Ahmed,Cazalon,Malcolm Jean Ahmed,Cazalon,M,C,M,C,M. Cazalon,YUKATEL MERKEZEFENDI BELEDIYESI BASKET,YMB,M. Cazalon,21,,,7.9899997711182,97.849998474121,1.0,P3,made,YUKATEL MERKEZEFENDI BELEDIYESI BASKET M. CAZALON 3Pt made,,,,,,,,,3,97,2.0,score,3,48,0,43
00:00,00:00:00,48,43,5,0,2,REGULAR,0,,1,period,319,,['confirmed'],end,0,,,,,,,,,,,,,,,,,,,,OTHER,,period end,,,,,,,,,0,98,1.0,,0,48,0,43
10:00,10:00:00,48,43,5,1,3,REGULAR,11,S. GRIFFIN,1,substitution,320,,[],out,0,1,Samuel Gevaris,Griffin,Samuel Gevaris,Griffin,S,G,S,G,S. Griffin,YUKATEL MERKEZEFENDI BELEDIYESI BASKET,YMB,S. Griffin,1,,,,,,SUB,out,YUKATEL MERKEZEFENDI BELEDIYESI BASKET substitution out,,,,,,,,,0,98,1.0,,0,48,0,43
10:00,10:00:00,48,43,5,1,3,REGULAR,7,Ö. ILYASOGLU,1,substitution,321,,[],out,0,13,Ömer Can,Ilyasoglu,Ömer Can,Ilyasoglu,Ö,I,Ö,I,Ö. Ilyasoglu,YUKATEL MERKEZEFENDI BELEDIYESI BASKET,YMB,Ö. Ilyasoglu,13,,,,,,SUB,out,YUKATEL MERKEZEFENDI BELEDIYESI BASKET substitution out,,,,,,,,,0,98,1.0,,0,48,0,43
10:00,10:00:00,48,43,5,1,3,REGULAR,79,A. OMIC,1,substitution,322,,[],out,0,24,Alen,Omic,Alen,Omic,A,O,A,O,A. Omic,YUKATEL MERKEZEFENDI BELEDIYESI BASKET,YMB,A. Omic,24,,,,,,SUB,out,YUKATEL MERKEZEFENDI BELEDIYESI BASKET substitution out,,,,,,,,,0,98,1.0,,0,48,0,43
10:00,10:00:00,48,43,5,1,3,REGULAR,21,K. SMITH JR,1,substitution,323,,[],in,0,4,Kenneth Jerome,Smith Jr,Kenneth Jerome,Smith Jr,K,S,K,S,K. Smith Jr,YUKATEL MERKEZEFENDI BELEDIYESI BASKET,YMB,K. Smith Jr,4,,,,,,SUB,in,YUKATEL MERKEZEFENDI BELEDIYESI BASKET substitution in,,,,,,,,,0,98,1.0,,0,48,0,43
10:00,10:00:00,48,43,5,1,3,REGULAR,8,H. VANWIJN,1,substitution,324,,[],in,0,10,Hans,Vanwijn,Hans,Vanwijn,H,V,H,V,H. Vanwijn,YUKATEL MERKEZEFENDI BELEDIYESI BASKET,YMB,H. Vanwijn,10,,,,,,SUB,in,YUKATEL MERKEZEFENDI BELEDIYESI BASKET substitution in,,,,,,,,,0,98,1.0,,0,48,0,43
10:00,10:00:00,48,43,5,1,3,REGULAR,5,M. AGVA,1,substitution,325,,[],in,0,46,Mahir,Agva,Mahir,Agva,M,A,M,A,M. Agva,YUKATEL MERKEZEFENDI BELEDIYESI BASKET,YMB,M. Agva,46,,,,,,SUB,in,YUKATEL MERKEZEFENDI BELEDIYESI BASKET substitution in,,,,,,,,,0,98,1.0,,0,48,0,43
10:00,10:00:00,48,43,5,2,3,REGULAR,10,T. TINKLE,1,substitution,326,,[],out,0,3,Tres Anthony,Tinkle,Tres Anthony,Tinkle,T,T,T,T,T. Tinkle,TRABZONSPOR,TRB,T. Tinkle,3,,,,,,SUB,out,TRABZONSPOR substitution out,,,,,,,,,0,98,1.0,,0,48,0,43
10:00,10:00:00,48,43,5,2,3,REGULAR,4,I. ULUSOY,1,substitution,327,,[],out,0,5,Ismail Cem,Ulusoy,Ismail Cem,Ulusoy,I,U,I,U,I. Ulusoy,TRABZONSPOR,TRB,I. Ulusoy,5,,,,,,SUB,out,TRABZONSPOR substitution out,,,,,,,,,0,98,1.0,,0,48,0,43
10:00,10:00:00,48,43,5,2,3,REGULAR,5,O. ULUBAY,1,substitution,328,,[],out,0,13,Okben,Ulubay,Okben,Ulubay,O,U,O,U,O. Ulubay,TRABZONSPOR,TRB,O. Ulubay,13,,,,,,SUB,out,TRABZONSPOR substitution out,,,,,,,,,0,98,1.0,,0,48,0,43
10:00,10:00:00,48,43,5,2,3,REGULAR,14,D. GRANT,1,substitution,329,,[],in,0,1,Denove Octavon,Grant,Denove Octavon,Grant,D,G,D,G,D. Grant,TRABZONSPOR,TRB,D. Grant,1,,,,,,SUB,in,TRABZONSPOR substitution in,,,,,,,,,0,98,1.0,,0,48,0,43
10:00,10:00:00,48,43,5,2,3,REGULAR,3,B. DEMIR,1,substitution,330,,[],in,0,11,Berk,Demir,Berk,Demir,B,D,B,D,B. Demir,TRABZONSPOR,TRB,B. Demir,11,,,,,,SUB,in,TRABZONSPOR substitution in,,,,,,,,,0,98,1.0,,0,48,0,43
10:00,10:00:00,48,43,5,2,3,REGULAR,12,A. YEBOAH,1,substitution,331,,[],in,0,15,Akwasi Abeyie,Yeboah,Akwasi Abeyie,Yeboah,A,Y,A,Y,A. Yeboah,TRABZONSPOR,TRB,A. Yeboah,15,,,,,,SUB,in,TRABZONSPOR substitution in,,,,,,,,,0,98,1.0,,0,48,0,43
10:00,10:00:00,48,43,5,0,3,REGULAR,0,,1,period,332,,[],start,0,,,,,,,,,,,,,,,,,,,,OTHER,,period start,,,,,,,,,0,98,1.0,,0,48,0,43
09:47,09:47:00,48,43,5,2,3,REGULAR,11,M. REED,0,2pt,334,,[],fadeaway,1,0,Marcquise Deandre,Reed,Marcquise Deandre,Reed,M,R,M,R,M. Reed,TRABZONSPOR,TRB,M. Reed,0,,,22.64999961853,51.810001373291,0.0,P2,missed,TRABZONSPOR M. REED 2Pt missed,,,,,,,,,0,98,1.0,def_reb,0,48,0,43
09:44,09:44:00,48,43,5,1,3,REGULAR,8,H. VANWIJN,1,rebound,335,334,[],defensive,0,10,Hans,Vanwijn,Hans,Vanwijn,H,V,H,V,H. Vanwijn,YUKATEL MERKEZEFENDI BELEDIYESI BASKET,YMB,H. Vanwijn,10,,,,,,REB,,YUKATEL MERKEZEFENDI BELEDIYESI BASKET rebound defensive,,,,,,,,,0,99,2.0,def_reb,0,48,0,43
09:32,09:32:00,48,43,5,1,3,REGULAR,21,K. SMITH JR,1,turnover,336,,[],badpass,0,4,Kenneth Jerome,Smith Jr,Kenneth Jerome,Smith Jr,K,S,K,S,K. Smith Jr,YUKATEL MERKEZEFENDI BELEDIYESI BASKET,YMB,K. Smith Jr,4,,,,,,TO,,YUKATEL MERKEZEFENDI BELEDIYESI BASKET K. SMITH JR turnover badpass,,,,,,,,,0,100,1.0,turnover,0,48,0,43
09:32,09:32:00,48,43,5,2,3,REGULAR,9,A. DELGADO ASTACIO,1,steal,337,336,[],,0,31,Angel Luis,Delgado Astacio,Angel Luis,Delgado Astacio,A,D,A,D,A. Delgado Astacio,TRABZONSPOR,TRB,A. Delgado Astacio,31,,,,,,ST,,TRABZONSPOR A. DELGADO ASTACIO steal,,,,,,,,,0,101,2.0,,0,48,0,43
09:27,09:27:00,48,45,3,2,3,REGULAR,11,M. REED,1,2pt,338,,"['fromturnover', 'pointsinthepaint', 'fastbreak']",floatingjumpshot,1,0,Marcquise Deandre,Reed,Marcquise Deandre,Reed,M,R,M,R,M. Reed,TRABZONSPOR,TRB,M. Reed,0,,,12.819999694824,56.049999237061,1.0,P2,made,TRABZONSPOR M. REED 2Pt made,,,,,,,,,2,101,2.0,score,0,48,2,45
09:09,09:09:00,48,45,3,1,3,REGULAR,13,J. HAWKINS,0,3pt,339,,[],jumpshot,1,31,Javontae Aaron,Hawkins,Javontae Aaron,Hawkins,J,H,J,H,J. Hawkins,YUKATEL MERKEZEFENDI BELEDIYESI BASKET,YMB,J. Hawkins,31,,,71.330001831055,74.410003662109,0.0,P3,missed,YUKATEL MERKEZEFENDI BELEDIYESI BASKET J. HAWKINS 3Pt missed,,,,,,,,,0,102,1.0,def_reb,0,48,0,45
09:07,09:07:00,48,45,3,1,3,REGULAR,0,,1,rebound,341,339,['team'],offensive,0,,,,,,,,,,,YUKATEL MERKEZEFENDI BELEDIYESI BASKET,YMB,,,,,,,,TREB,,YUKATEL MERKEZEFENDI BELEDIYESI BASKET team rebound offensive,,,,,,,,,0,103,2.0,def_reb,0,48,0,45
09:07,09:07:00,48,45,3,2,3,REGULAR,9,A. DELGADO ASTACIO,1,foul,342,,[],personal,0,31,Angel Luis,Delgado Astacio,Angel Luis,Delgado Astacio,A,D,A,D,A. Delgado Astacio,TRABZONSPOR,TRB,A. Delgado Astacio,31,,,,,,FOUL,,TRABZONSPOR A. DELGADO ASTACIO foul personal,,,,,,,,,0,104,1.0,,0,48,0,45
09:07,09:07:00,48,45,3,1,3,REGULAR,5,M. AGVA,1,foulon,343,342,[],,0,46,Mahir,Agva,Mahir,Agva,M,A,M,A,M. Agva,YUKATEL MERKEZEFENDI BELEDIYESI BASKET,YMB,M. Agva,46,,,,,,OTHER,,YUKATEL MERKEZEFENDI BELEDIYESI BASKET foulon,,,,,,,,,0,104,1.0,,0,48,0,45
08:55,08:55:00,48,45,3,1,3,REGULAR,5,M. AGVA,0,3pt,345,,['2ndchance'],jumpshot,1,46,Mahir,Agva,Mahir,Agva,M,A,M,A,M. Agva,YUKATEL MERKEZEFENDI BELEDIYESI BASKET,YMB,M. Agva,46,,,68.669998168945,52.659999847412,0.0,P3,missed,YUKATEL MERKEZEFENDI BELEDIYESI BASKET M. AGVA 3Pt missed,,,,,,,,,0,104,1.0,,0,48,0,45
08:51,08:51:00,48,45,3,1,3,REGULAR,8,H. VANWIJN,1,rebound,346,345,[],offensive,0,10,Hans,Vanwijn,Hans,Vanwijn,H,V,H,V,H. Vanwijn,YUKATEL MERKEZEFENDI BELEDIYESI BASKET,YMB,H. Vanwijn,10,,,,,,REB,,YUKATEL MERKEZEFENDI BELEDIYESI BASKET rebound offensive,,,,,,,,,0,104,1.0,,0,48,0,45
08:50,08:50:00,51,45,6,1,3,REGULAR,21,K. SMITH JR,1,3pt,347,,['2ndchance'],jumpshot,1,4,Kenneth Jerome,Smith Jr,Kenneth Jerome,Smith Jr,K,S,K,S,K. Smith Jr,YUKATEL MERKEZEFENDI BELEDIYESI BASKET,YMB,K. Smith Jr,4,,,76.319999694824,86.269996643066,1.0,P3,made,YUKATEL MERKEZEFENDI BELEDIYESI BASKET K. SMITH JR 3Pt made,8.0,1.0,H. VANWIJN,,,,,,3,104,1.0,score,3,51,0,45
08:50,08:50:00,51,45,6,1,3,REGULAR,8,H. VANWIJN,1,assist,348,347,[],,0,10,Hans,Vanwijn,Hans,Vanwijn,H,V,H,V,H. Vanwijn,YUKATEL MERKEZEFENDI BELEDIYESI BASKET,YMB,H. Vanwijn,10,,,,,,ASS,,YUKATEL MERKEZEFENDI BELEDIYESI BASKET H. VANWIJN assist,,,,,,,,,0,105,2.0,,0,51,0,45
08:22,08:22:00,51,45,6,2,3,REGULAR,14,D. GRANT,0,2pt,349,,['pointsinthepaint'],layup,1,1,Denove Octavon,Grant,Denove Octavon,Grant,D,G,D,G,D. Grant,TRABZONSPOR,TRB,D. Grant,1,,,13.760000228882,52.090000152588,0.0,P2,missed,TRABZONSPOR D. GRANT 2Pt missed,,,,,,,,,0,105,2.0,,0,51,0,45
08:20,08:20:00,51,45,6,2,3,REGULAR,14,D. GRANT,1,rebound,350,349,[],offensive,0,1,Denove Octavon,Grant,Denove Octavon,Grant,D,G,D,G,D. Grant,TRABZONSPOR,TRB,D. Grant,1,,,,,,REB,,TRABZONSPOR rebound offensive,,,,,,,,,0,105,2.0,,0,51,0,45
08:14,08:14:00,51,45,6,2,3,REGULAR,14,D. GRANT,0,2pt,351,,"['2ndchance', 'pointsinthepaint']",drivinglayup,1,1,Denove Octavon,Grant,Denove Octavon,Grant,D,G,D,G,D. Grant,TRABZONSPOR,TRB,D. Grant,1,,,11.260000228882,52.090000152588,0.0,P2,missed,TRABZONSPOR D. GRANT 2Pt missed,,,,,,,,,0,105,2.0,,0,51,0,45
08:10,08:10:00,51,45,6,2,3,REGULAR,3,B. DEMIR,1,rebound,352,351,[],offensive,0,11,Berk,Demir,Berk,Demir,B,D,B,D,B. Demir,TRABZONSPOR,TRB,B. Demir,11,,,,,,REB,,TRABZONSPOR rebound offensive,,,,,,,,,0,105,2.0,,0,51,0,45
08:08,08:08:00,51,45,6,2,3,REGULAR,3,B. DEMIR,0,3pt,353,,['2ndchance'],jumpshot,1,11,Berk,Demir,Berk,Demir,B,D,B,D,B. Demir,TRABZONSPOR,TRB,B. Demir,11,,,27.489999771118,27.229999542236,0.0,P3,missed,TRABZONSPOR B. DEMIR 3Pt missed,,,,,,,,,0,105,2.0,def_reb,0,51,0,45
08:04,08:04:00,51,45,6,1,3,REGULAR,0,,1,rebound,355,353,['team'],defensive,0,,,,,,,,,,,YUKATEL MERKEZEFENDI BELEDIYESI BASKET,YMB,,,,,,,,TREB,,YUKATEL MERKEZEFENDI BELEDIYESI BASKET team rebound defensive,,,,,,,,,0,106,1.0,def_reb,0,51,0,45
08:04,08:04:00,51,45,6,2,3,REGULAR,3,B. DEMIR,1,foul,357,,[],personal,0,11,Berk,Demir,Berk,Demir,B,D,B,D,B. Demir,TRABZONSPOR,TRB,B. Demir,11,,,,,,FOUL,,TRABZONSPOR B. DEMIR foul personal,,,,,,,,,0,107,2.0,,0,51,0,45
08:04,08:04:00,51,45,6,1,3,REGULAR,12,M. CAZALON,1,foulon,358,357,[],,0,21,Malcolm Jean Ahmed,Cazalon,Malcolm Jean Ahmed,Cazalon,M,C,M,C,M. Cazalon,YUKATEL MERKEZEFENDI BELEDIYESI BASKET,YMB,M. Cazalon,21,,,,,,OTHER,,YUKATEL MERKEZEFENDI BELEDIYESI BASKET foulon,,,,,,,,,0,107,2.0,,0,51,0,45
07:51,07:51:00,51,45,6,1,3,REGULAR,21,K. SMITH JR,1,turnover,361,,[],badpass,0,4,Kenneth Jerome,Smith Jr,Kenneth Jerome,Smith Jr,K,S,K,S,K. Smith Jr,YUKATEL MERKEZEFENDI BELEDIYESI BASKET,YMB,K. Smith Jr,4,,,,,,TO,,YUKATEL MERKEZEFENDI BELEDIYESI BASKET K. SMITH JR turnover badpass,,,,,,,,,0,107,2.0,turnover,0,51,0,45
07:28,07:28:00,51,47,4,2,3,REGULAR,9,A. DELGADO ASTACIO,1,2pt,365,,"['fromturnover', 'pointsinthepaint']",hookshot,1,31,Angel Luis,Delgado Astacio,Angel Luis,Delgado Astacio,A,D,A,D,A. Delgado Astacio,TRABZONSPOR,TRB,A. Delgado Astacio,31,,,7.0500001907349,66.209999084473,1.0,P2,made,TRABZONSPOR A. DELGADO ASTACIO 2Pt made,11.0,2.0,M. REED,,,,,,2,108,1.0,score,0,51,2,47
07:28,07:28:00,51,47,4,2,3,REGULAR,11,M. REED,1,assist,366,365,[],,0,0,Marcquise Deandre,Reed,Marcquise Deandre,Reed,M,R,M,R,M. Reed,TRABZONSPOR,TRB,M. Reed,0,,,,,,ASS,,TRABZONSPOR M. REED assist,,,,,,,,,0,109,2.0,,0,51,0,47
07:13,07:13:00,51,47,4,1,3,REGULAR,12,M. CAZALON,0,3pt,367,,[],jumpshot,1,21,Malcolm Jean Ahmed,Cazalon,Malcolm Jean Ahmed,Cazalon,M,C,M,C,M. Cazalon,YUKATEL MERKEZEFENDI BELEDIYESI BASKET,YMB,M. Cazalon,21,,,77.569999694824,87.120002746582,0.0,P3,missed,YUKATEL MERKEZEFENDI BELEDIYESI BASKET M. CAZALON 3Pt missed,,,,,,,,,0,109,2.0,,0,51,0,47
07:09,07:09:00,51,47,4,1,3,REGULAR,8,H. VANWIJN,1,rebound,368,367,[],offensive,0,10,Hans,Vanwijn,Hans,Vanwijn,H,V,H,V,H. Vanwijn,YUKATEL MERKEZEFENDI BELEDIYESI BASKET,YMB,H. Vanwijn,10,,,,,,REB,,YUKATEL MERKEZEFENDI BELEDIYESI BASKET rebound offensive,,,,,,,,,0,109,2.0,,0,51,0,47
07:03,07:03:00,51,47,4,1,3,REGULAR,5,M. AGVA,0,2pt,369,,['2ndchance'],jumpshot,1,46,Mahir,Agva,Mahir,Agva,M,A,M,A,M. Agva,YUKATEL MERKEZEFENDI BELEDIYESI BASKET,YMB,M. Agva,46,,,80.839996337891,18.760000228882,0.0,P2,missed,YUKATEL MERKEZEFENDI BELEDIYESI BASKET M. AGVA 2Pt missed,,,,,,,,,0,109,2.0,def_reb,0,51,0,47
07:00,07:00:00,51,47,4,2,3,REGULAR,3,B. DEMIR,1,rebound,370,369,[],defensive,0,11,Berk,Demir,Berk,Demir,B,D,B,D,B. Demir,TRABZONSPOR,TRB,B. Demir,11,,,,,,REB,,TRABZONSPOR rebound defensive,,,,,,,,,0,110,1.0,def_reb,0,51,0,47
06:51,06:51:00,51,47,4,2,3,REGULAR,14,D. GRANT,0,3pt,371,,[],jumpshot,1,1,Denove Octavon,Grant,Denove Octavon,Grant,D,G,D,G,D. Grant,TRABZONSPOR,TRB,D. Grant,1,,,30.920000076294,49.549999237061,0.0,P3,missed,TRABZONSPOR D. GRANT 3Pt missed,,,,,,,,,0,111,2.0,def_reb,0,51,0,47
06:48,06:48:00,51,47,4,1,3,REGULAR,12,M. CAZALON,1,rebound,372,371,[],defensive,0,21,Malcolm Jean Ahmed,Cazalon,Malcolm Jean Ahmed,Cazalon,M,C,M,C,M. Cazalon,YUKATEL MERKEZEFENDI BELEDIYESI BASKET,YMB,M. Cazalon,21,,,,,,REB,,YUKATEL MERKEZEFENDI BELEDIYESI BASKET rebound defensive,,,,,,,,,0,112,1.0,def_reb,0,51,0,47
06:43,06:43:00,54,47,7,1,3,REGULAR,21,K. SMITH JR,1,3pt,373,,['fastbreak'],jumpshot,1,4,Kenneth Jerome,Smith Jr,Kenneth Jerome,Smith Jr,K,S,K,S,K. Smith Jr,YUKATEL MERKEZEFENDI BELEDIYESI BASKET,YMB,K. Smith Jr,4,,,91.449996948242,97.01000213623,1.0,P3,made,YUKATEL MERKEZEFENDI BELEDIYESI BASKET K. SMITH JR 3Pt made,8.0,1.0,H. VANWIJN,,,,,,3,113,2.0,score,3,54,0,47
06:43,06:43:00,54,47,7,1,3,REGULAR,8,H. VANWIJN,1,assist,374,373,[],,0,10,Hans,Vanwijn,Hans,Vanwijn,H,V,H,V,H. Vanwijn,YUKATEL MERKEZEFENDI BELEDIYESI BASKET,YMB,H. Vanwijn,10,,,,,,ASS,,YUKATEL MERKEZEFENDI BELEDIYESI BASKET H. VANWIJN assist,,,,,,,,,0,114,1.0,,0,54,0,47
06:17,06:17:00,54,47,7,2,3,REGULAR,11,M. REED,0,3pt,375,,[],jumpshot,1,0,Marcquise Deandre,Reed,Marcquise Deandre,Reed,M,R,M,R,M. Reed,TRABZONSPOR,TRB,M. Reed,0,,,4.0900001525879,3.5,0.0,P3,missed,TRABZONSPOR M. REED 3Pt missed,,,,,,,,,0,114,1.0,def_reb,0,54,0,47
06:14,06:14:00,54,47,7,1,3,REGULAR,13,J. HAWKINS,1,rebound,376,375,[],defensive,0,31,Javontae Aaron,Hawkins,Javontae Aaron,Hawkins,J,H,J,H,J. Hawkins,YUKATEL MERKEZEFENDI BELEDIYESI BASKET,YMB,J. Hawkins,31,,,,,,REB,,YUKATEL MERKEZEFENDI BELEDIYESI BASKET rebound defensive,,,,,,,,,0,115,2.0,def_reb,0,54,0,47
06:09,06:09:00,54,47,7,1,3,REGULAR,13,J. HAWKINS,1,turnover,377,,[],ballhandling,0,31,Javontae Aaron,Hawkins,Javontae Aaron,Hawkins,J,H,J,H,J. Hawkins,YUKATEL MERKEZEFENDI BELEDIYESI BASKET,YMB,J. Hawkins,31,,,,,,TO,,YUKATEL MERKEZEFENDI BELEDIYESI BASKET J. HAWKINS turnover ballhandling,,,,,,,,,0,116,1.0,turnover,0,54,0,47
06:09,06:09:00,54,47,7,2,3,REGULAR,11,M. REED,1,steal,379,377,[],,0,0,Marcquise Deandre,Reed,Marcquise Deandre,Reed,M,R,M,R,M. Reed,TRABZONSPOR,TRB,M. Reed,0,,,,,,ST,,TRABZONSPOR M. REED steal,,,,,,,,,0,117,2.0,,0,54,0,47
05:52,05:52:00,54,47,7,1,3,REGULAR,5,M. AGVA,1,foul,383,,"['shooting', '2freethrow']",personal,0,46,Mahir,Agva,Mahir,Agva,M,A,M,A,M. Agva,YUKATEL MERKEZEFENDI BELEDIYESI BASKET,YMB,M. Agva,46,,,,,,FOUL,,YUKATEL MERKEZEFENDI BELEDIYESI BASKET M. AGVA foul personal,,,,,,,,,0,117,2.0,,0,54,0,47
05:52,05:52:00,54,47,7,2,3,REGULAR,14,D. GRANT,1,foulon,384,383,[],,0,1,Denove Octavon,Grant,Denove Octavon,Grant,D,G,D,G,D. Grant,TRABZONSPOR,TRB,D. Grant,1,,,,,,OTHER,,TRABZONSPOR foulon,,,,,,,,,0,117,2.0,,0,54,0,47
05:52,05:52:00,54,48,6,2,3,REGULAR,14,D. GRANT,1,freethrow,385,,['fromturnover'],1of2,1,1,Denove Octavon,Grant,Denove Octavon,Grant,D,G,D,G,D. Grant,TRABZONSPOR,TRB,D. Grant,1,,,,,,FT,made,TRABZONSPOR D. GRANT FT 1of2 made,,,,,,,,,1,117,2.0,made_ft,0,54,1,48
05:52,05:52:00,54,49,5,2,3,REGULAR,14,D. GRANT,1,freethrow,386,,['fromturnover'],2of2,1,1,Denove Octavon,Grant,Denove Octavon,Grant,D,G,D,G,D. Grant,TRABZONSPOR,TRB,D. Grant,1,,,,,,FT,made,TRABZONSPOR D. GRANT FT 2of2 made,,,,,,,,,1,118,1.0,made_ft_last,0,54,1,49
05:33,05:33:00,56,49,7,1,3,REGULAR,13,J. HAWKINS,1,2pt,388,,['pointsinthepaint'],jumpshot,1,31,Javontae Aaron,Hawkins,Javontae Aaron,Hawkins,J,H,J,H,J. Hawkins,YUKATEL MERKEZEFENDI BELEDIYESI BASKET,YMB,J. Hawkins,31,,,83.180000305176,53.220001220703,1.0,P2,made,YUKATEL MERKEZEFENDI BELEDIYESI BASKET J. HAWKINS 2Pt made,,,,,,,,,2,119,2.0,score,2,56,0,49
05:06,05:06:00,56,49,7,2,3,REGULAR,0,,1,turnover,390,,['team'],24sec,0,,,,,,,,,,,TRABZONSPOR,TRB,,,,,,,,TO,,TRABZONSPOR  turnover 24sec,,,,,,,,,0,120,1.0,turnover,0,56,0,49
05:05,05:05:00,56,49,7,2,3,REGULAR,14,D. GRANT,1,substitution,393,,[],out,0,1,Denove Octavon,Grant,Denove Octavon,Grant,D,G,D,G,D. Grant,TRABZONSPOR,TRB,D. Grant,1,,,,,,SUB,out,TRABZONSPOR substitution out,,,,,,,,,0,121,2.0,,0,56,0,49
05:05,05:05:00,56,49,7,2,3,REGULAR,3,B. DEMIR,1,substitution,394,,[],out,0,11,Berk,Demir,Berk,Demir,B,D,B,D,B. Demir,TRABZONSPOR,TRB,B. Demir,11,,,,,,SUB,out,TRABZONSPOR substitution out,,,,,,,,,0,121,2.0,,0,56,0,49
05:05,05:05:00,56,49,7,2,3,REGULAR,10,T. TINKLE,1,substitution,395,,[],in,0,3,Tres Anthony,Tinkle,Tres Anthony,Tinkle,T,T,T,T,T. Tinkle,TRABZONSPOR,TRB,T. Tinkle,3,,,,,,SUB,in,TRABZONSPOR substitution in,,,,,,,,,0,121,2.0,,0,56,0,49
05:05,05:05:00,56,49,7,2,3,REGULAR,4,I. ULUSOY,1,substitution,396,,[],in,0,5,Ismail Cem,Ulusoy,Ismail Cem,Ulusoy,I,U,I,U,I. Ulusoy,TRABZONSPOR,TRB,I. Ulusoy,5,,,,,,SUB,in,TRABZONSPOR substitution in,,,,,,,,,0,121,2.0,,0,56,0,49
04:45,04:45:00,56,49,7,2,3,REGULAR,12,A. YEBOAH,1,foul,400,,"['shooting', '2freethrow']",personal,0,15,Akwasi Abeyie,Yeboah,Akwasi Abeyie,Yeboah,A,Y,A,Y,A. Yeboah,TRABZONSPOR,TRB,A. Yeboah,15,,,,,,FOUL,,TRABZONSPOR A. YEBOAH foul personal,,,,,,,,,0,121,2.0,,0,56,0,49
04:45,04:45:00,56,49,7,1,3,REGULAR,12,M. CAZALON,1,foulon,401,400,[],,0,21,Malcolm Jean Ahmed,Cazalon,Malcolm Jean Ahmed,Cazalon,M,C,M,C,M. Cazalon,YUKATEL MERKEZEFENDI BELEDIYESI BASKET,YMB,M. Cazalon,21,,,,,,OTHER,,YUKATEL MERKEZEFENDI BELEDIYESI BASKET foulon,,,,,,,,,0,121,2.0,,0,56,0,49
04:45,04:45:00,56,49,7,0,3,REGULAR,0,,1,timeout,402,,[],officials,0,,,,,,,,,,,,,,,,,,,,TIMEOUT,, timeout,,,,,,,,,0,121,2.0,,0,56,0,49
04:45,04:45:00,57,49,8,1,3,REGULAR,12,M. CAZALON,1,freethrow,407,,['fromturnover'],1of2,1,21,Malcolm Jean Ahmed,Cazalon,Malcolm Jean Ahmed,Cazalon,M,C,M,C,M. Cazalon,YUKATEL MERKEZEFENDI BELEDIYESI BASKET,YMB,M. Cazalon,21,,,,,,FT,made,YUKATEL MERKEZEFENDI BELEDIYESI BASKET M. CAZALON FT 1of2 made,,,,,,,,,1,121,2.0,made_ft,1,57,0,49
04:45,04:45:00,57,49,8,1,3,REGULAR,8,H. VANWIJN,1,assist,408,407,[],,0,10,Hans,Vanwijn,Hans,Vanwijn,H,V,H,V,H. Vanwijn,YUKATEL MERKEZEFENDI BELEDIYESI BASKET,YMB,H. Vanwijn,10,,,,,,ASS,,YUKATEL MERKEZEFENDI BELEDIYESI BASKET H. VANWIJN assist,,,,,,,,,0,122,1.0,,0,57,0,49
04:45,04:45:00,58,49,9,1,3,REGULAR,12,M. CAZALON,1,freethrow,409,,['fromturnover'],2of2,1,21,Malcolm Jean Ahmed,Cazalon,Malcolm Jean Ahmed,Cazalon,M,C,M,C,M. Cazalon,YUKATEL MERKEZEFENDI BELEDIYESI BASKET,YMB,M. Cazalon,21,,,,,,FT,made,YUKATEL MERKEZEFENDI BELEDIYESI BASKET M. CAZALON FT 2of2 made,,,,,,,,,1,122,1.0,made_ft_last,1,58,0,49
04:28,04:28:00,58,49,9,1,3,REGULAR,5,M. AGVA,1,foul,412,,[],personal,0,46,Mahir,Agva,Mahir,Agva,M,A,M,A,M. Agva,YUKATEL MERKEZEFENDI BELEDIYESI BASKET,YMB,M. Agva,46,,,,,,FOUL,,YUKATEL MERKEZEFENDI BELEDIYESI BASKET M. AGVA foul personal,,,,,,,,,0,123,2.0,,0,58,0,49
04:28,04:28:00,58,49,9,2,3,REGULAR,11,M. REED,1,foulon,413,412,[],,0,0,Marcquise Deandre,Reed,Marcquise Deandre,Reed,M,R,M,R,M. Reed,TRABZONSPOR,TRB,M. Reed,0,,,,,,OTHER,,TRABZONSPOR foulon,,,,,,,,,0,123,2.0,,0,58,0,49
04:28,04:28:00,58,49,9,1,3,REGULAR,21,K. SMITH JR,1,substitution,414,,[],out,0,4,Kenneth Jerome,Smith Jr,Kenneth Jerome,Smith Jr,K,S,K,S,K. Smith Jr,YUKATEL MERKEZEFENDI BELEDIYESI BASKET,YMB,K. Smith Jr,4,,,,,,SUB,out,YUKATEL MERKEZEFENDI BELEDIYESI BASKET substitution out,,,,,,,,,0,123,2.0,,0,58,0,49
04:28,04:28:00,58,49,9,1,3,REGULAR,5,M. AGVA,1,substitution,415,,[],out,0,46,Mahir,Agva,Mahir,Agva,M,A,M,A,M. Agva,YUKATEL MERKEZEFENDI BELEDIYESI BASKET,YMB,M. Agva,46,,,,,,SUB,out,YUKATEL MERKEZEFENDI BELEDIYESI BASKET substitution out,,,,,,,,,0,123,2.0,,0,58,0,49
04:28,04:28:00,58,49,9,1,3,REGULAR,7,Ö. ILYASOGLU,1,substitution,416,,[],in,0,13,Ömer Can,Ilyasoglu,Ömer Can,Ilyasoglu,Ö,I,Ö,I,Ö. Ilyasoglu,YUKATEL MERKEZEFENDI BELEDIYESI BASKET,YMB,Ö. Ilyasoglu,13,,,,,,SUB,in,YUKATEL MERKEZEFENDI BELEDIYESI BASKET substitution in,,,,,,,,,0,123,2.0,,0,58,0,49
04:28,04:28:00,58,49,9,1,3,REGULAR,79,A. OMIC,1,substitution,417,,[],in,0,24,Alen,Omic,Alen,Omic,A,O,A,O,A. Omic,YUKATEL MERKEZEFENDI BELEDIYESI BASKET,YMB,A. Omic,24,,,,,,SUB,in,YUKATEL MERKEZEFENDI BELEDIYESI BASKET substitution in,,,,,,,,,0,123,2.0,,0,58,0,49
04:28,04:28:00,58,49,9,2,3,REGULAR,12,A. YEBOAH,1,substitution,418,,[],out,0,15,Akwasi Abeyie,Yeboah,Akwasi Abeyie,Yeboah,A,Y,A,Y,A. Yeboah,TRABZONSPOR,TRB,A. Yeboah,15,,,,,,SUB,out,TRABZONSPOR substitution out,,,,,,,,,0,123,2.0,,0,58,0,49
04:28,04:28:00,58,49,9,2,3,REGULAR,5,O. ULUBAY,1,substitution,419,,[],in,0,13,Okben,Ulubay,Okben,Ulubay,O,U,O,U,O. Ulubay,TRABZONSPOR,TRB,O. Ulubay,13,,,,,,SUB,in,TRABZONSPOR substitution in,,,,,,,,,0,123,2.0,,0,58,0,49
04:21,04:21:00,58,49,9,2,3,REGULAR,11,M. REED,0,2pt,421,,['pointsinthepaint'],floatingjumpshot,1,0,Marcquise Deandre,Reed,Marcquise Deandre,Reed,M,R,M,R,M. Reed,TRABZONSPOR,TRB,M. Reed,0,,,15.789999961853,46.159999847412,0.0,P2,missed,TRABZONSPOR M. REED 2Pt missed,,,,,,,,,0,123,2.0,def_reb,0,58,0,49
04:18,04:18:00,58,49,9,1,3,REGULAR,8,H. VANWIJN,1,rebound,422,421,[],defensive,0,10,Hans,Vanwijn,Hans,Vanwijn,H,V,H,V,H. Vanwijn,YUKATEL MERKEZEFENDI BELEDIYESI BASKET,YMB,H. Vanwijn,10,,,,,,REB,,YUKATEL MERKEZEFENDI BELEDIYESI BASKET rebound defensive,,,,,,,,,0,124,1.0,def_reb,0,58,0,49
03:58,03:58:00,58,49,9,1,3,REGULAR,12,M. CAZALON,0,3pt,423,,[],jumpshot,1,21,Malcolm Jean Ahmed,Cazalon,Malcolm Jean Ahmed,Cazalon,M,C,M,C,M. Cazalon,YUKATEL MERKEZEFENDI BELEDIYESI BASKET,YMB,M. Cazalon,21,,,95.199996948242,4.3499999046326,0.0,P3,missed,YUKATEL MERKEZEFENDI BELEDIYESI BASKET M. CAZALON 3Pt missed,,,,,,,,,0,125,2.0,def_reb,0,58,0,49
03:55,03:55:00,58,49,9,2,3,REGULAR,4,I. ULUSOY,1,rebound,424,423,[],defensive,0,5,Ismail Cem,Ulusoy,Ismail Cem,Ulusoy,I,U,I,U,I. Ulusoy,TRABZONSPOR,TRB,I. Ulusoy,5,,,,,,REB,,TRABZONSPOR rebound defensive,,,,,,,,,0,126,1.0,def_reb,0,58,0,49
03:38,03:38:00,58,52,6,2,3,REGULAR,5,O. ULUBAY,1,3pt,425,,[],jumpshot,1,13,Okben,Ulubay,Okben,Ulubay,O,U,O,U,O. Ulubay,TRABZONSPOR,TRB,O. Ulubay,13,,,27.020000457764,79.209999084473,1.0,P3,made,TRABZONSPOR O. ULUBAY 3Pt made,10.0,2.0,T. TINKLE,,,,,,3,127,2.0,score,0,58,3,52
03:38,03:38:00,58,52,6,2,3,REGULAR,10,T. TINKLE,1,assist,426,425,[],,0,3,Tres Anthony,Tinkle,Tres Anthony,Tinkle,T,T,T,T,T. Tinkle,TRABZONSPOR,TRB,T. Tinkle,3,,,,,,ASS,,TRABZONSPOR T. TINKLE assist,,,,,,,,,0,128,1.0,,0,58,0,52
03:19,03:19:00,60,52,8,1,3,REGULAR,13,J. HAWKINS,1,2pt,427,,['pointsinthepaint'],alleyoopdunk,1,31,Javontae Aaron,Hawkins,Javontae Aaron,Hawkins,J,H,J,H,J. Hawkins,YUKATEL MERKEZEFENDI BELEDIYESI BASKET,YMB,J. Hawkins,31,,,92.230003356934,63.389999389648,1.0,P2,made,YUKATEL MERKEZEFENDI BELEDIYESI BASKET J. HAWKINS 2Pt made,12.0,1.0,M. CAZALON,,,,,,2,128,1.0,score,2,60,0,52
03:19,03:19:00,60,52,8,1,3,REGULAR,12,M. CAZALON,1,assist,428,427,[],,0,21,Malcolm Jean Ahmed,Cazalon,Malcolm Jean Ahmed,Cazalon,M,C,M,C,M. Cazalon,YUKATEL MERKEZEFENDI BELEDIYESI BASKET,YMB,M. Cazalon,21,,,,,,ASS,,YUKATEL MERKEZEFENDI BELEDIYESI BASKET M. CAZALON assist,,,,,,,,,0,129,2.0,,0,60,0,52
02:57,02:57:00,60,52,8,2,3,REGULAR,5,O. ULUBAY,0,3pt,429,,[],jumpshot,1,13,Okben,Ulubay,Okben,Ulubay,O,U,O,U,O. Ulubay,TRABZONSPOR,TRB,O. Ulubay,13,,,24.209999084473,20.170000076294,0.0,P3,missed,TRABZONSPOR O. ULUBAY 3Pt missed,,,,,,,,,0,129,2.0,def_reb,0,60,0,52
02:53,02:53:00,60,52,8,1,3,REGULAR,79,A. OMIC,1,rebound,430,429,[],defensive,0,24,Alen,Omic,Alen,Omic,A,O,A,O,A. Omic,YUKATEL MERKEZEFENDI BELEDIYESI BASKET,YMB,A. Omic,24,,,,,,REB,,YUKATEL MERKEZEFENDI BELEDIYESI BASKET rebound defensive,,,,,,,,,0,130,1.0,def_reb,0,60,0,52
02:53,02:53:00,60,52,8,1,3,REGULAR,79,A. OMIC,1,turnover,431,,[],ballhandling,0,24,Alen,Omic,Alen,Omic,A,O,A,O,A. Omic,YUKATEL MERKEZEFENDI BELEDIYESI BASKET,YMB,A. Omic,24,,,,,,TO,,YUKATEL MERKEZEFENDI BELEDIYESI BASKET A. OMIC turnover ballhandling,,,,,,,,,0,131,2.0,turnover,0,60,0,52
02:53,02:53:00,60,52,8,2,3,REGULAR,4,I. ULUSOY,1,steal,432,431,[],,0,5,Ismail Cem,Ulusoy,Ismail Cem,Ulusoy,I,U,I,U,I. Ulusoy,TRABZONSPOR,TRB,I. Ulusoy,5,,,,,,ST,,TRABZONSPOR I. ULUSOY steal,,,,,,,,,0,132,1.0,,0,60,0,52
02:45,02:45:00,60,54,6,2,3,REGULAR,5,O. ULUBAY,1,2pt,433,,"['fromturnover', 'pointsinthepaint', 'fastbreak']",layup,1,13,Okben,Ulubay,Okben,Ulubay,O,U,O,U,O. Ulubay,TRABZONSPOR,TRB,O. Ulubay,13,,,8.460000038147,59.439998626709,1.0,P2,made,TRABZONSPOR O. ULUBAY 2Pt made,4.0,2.0,I. ULUSOY,,,,,,2,132,1.0,score,0,60,2,54
02:45,02:45:00,60,54,6,2,3,REGULAR,4,I. ULUSOY,1,assist,434,433,[],,0,5,Ismail Cem,Ulusoy,Ismail Cem,Ulusoy,I,U,I,U,I. Ulusoy,TRABZONSPOR,TRB,I. Ulusoy,5,,,,,,ASS,,TRABZONSPOR I. ULUSOY assist,,,,,,,,,0,133,2.0,,0,60,0,54
02:31,02:31:00,60,54,6,1,3,REGULAR,7,Ö. ILYASOGLU,1,turnover,438,,[],badpass,0,13,Ömer Can,Ilyasoglu,Ömer Can,Ilyasoglu,Ö,I,Ö,I,Ö. Ilyasoglu,YUKATEL MERKEZEFENDI BELEDIYESI BASKET,YMB,Ö. Ilyasoglu,13,,,,,,TO,,YUKATEL MERKEZEFENDI BELEDIYESI BASKET Ö. ILYASOGLU turnover badpass,,,,,,,,,0,133,2.0,turnover,0,60,0,54
02:31,02:31:00,60,54,6,1,3,REGULAR,12,M. CAZALON,1,substitution,439,,[],out,0,21,Malcolm Jean Ahmed,Cazalon,Malcolm Jean Ahmed,Cazalon,M,C,M,C,M. Cazalon,YUKATEL MERKEZEFENDI BELEDIYESI BASKET,YMB,M. Cazalon,21,,,,,,SUB,out,YUKATEL MERKEZEFENDI BELEDIYESI BASKET substitution out,,,,,,,,,0,134,1.0,,0,60,0,54
02:31,02:31:00,60,54,6,1,3,REGULAR,13,J. HAWKINS,1,substitution,440,,[],out,0,31,Javontae Aaron,Hawkins,Javontae Aaron,Hawkins,J,H,J,H,J. Hawkins,YUKATEL MERKEZEFENDI BELEDIYESI BASKET,YMB,J. Hawkins,31,,,,,,SUB,out,YUKATEL MERKEZEFENDI BELEDIYESI BASKET substitution out,,,,,,,,,0,134,1.0,,0,60,0,54
02:31,02:31:00,60,54,6,1,3,REGULAR,11,S. GRIFFIN,1,substitution,441,,[],in,0,1,Samuel Gevaris,Griffin,Samuel Gevaris,Griffin,S,G,S,G,S. Griffin,YUKATEL MERKEZEFENDI BELEDIYESI BASKET,YMB,S. Griffin,1,,,,,,SUB,in,YUKATEL MERKEZEFENDI BELEDIYESI BASKET substitution in,,,,,,,,,0,134,1.0,,0,60,0,54
02:31,02:31:00,60,54,6,1,3,REGULAR,9,R. BADZIM,1,substitution,442,,[],in,0,18,Roko,Badzim,Roko,Badzim,R,B,R,B,R. Badzim,YUKATEL MERKEZEFENDI BELEDIYESI BASKET,YMB,R. Badzim,18,,,,,,SUB,in,YUKATEL MERKEZEFENDI BELEDIYESI BASKET substitution in,,,,,,,,,0,134,1.0,,0,60,0,54
02:31,02:31:00,60,54,6,2,3,REGULAR,9,A. DELGADO ASTACIO,1,substitution,443,,[],out,0,31,Angel Luis,Delgado Astacio,Angel Luis,Delgado Astacio,A,D,A,D,A. Delgado Astacio,TRABZONSPOR,TRB,A. Delgado Astacio,31,,,,,,SUB,out,TRABZONSPOR substitution out,,,,,,,,,0,134,1.0,,0,60,0,54
02:31,02:31:00,60,54,6,2,3,REGULAR,13,K. SILINS,1,substitution,444,,[],in,0,25,Karlis,Silins,Karlis,Silins,K,S,K,S,K. Silins,TRABZONSPOR,TRB,K. Silins,25,,,,,,SUB,in,TRABZONSPOR substitution in,,,,,,,,,0,134,1.0,,0,60,0,54
02:19,02:19:00,60,54,6,1,3,REGULAR,11,S. GRIFFIN,1,foul,448,,"['shooting', '2freethrow']",personal,0,1,Samuel Gevaris,Griffin,Samuel Gevaris,Griffin,S,G,S,G,S. Griffin,YUKATEL MERKEZEFENDI BELEDIYESI BASKET,YMB,S. Griffin,1,,,,,,FOUL,,YUKATEL MERKEZEFENDI BELEDIYESI BASKET S. GRIFFIN foul personal,,,,,,,,,0,134,1.0,,0,60,0,54
02:19,02:19:00,60,54,6,2,3,REGULAR,10,T. TINKLE,1,foulon,449,448,[],,0,3,Tres Anthony,Tinkle,Tres Anthony,Tinkle,T,T,T,T,T. Tinkle,TRABZONSPOR,TRB,T. Tinkle,3,,,,,,OTHER,,TRABZONSPOR foulon,,,,,,,,,0,134,1.0,,0,60,0,54
02:19,02:19:00,60,55,5,2,3,REGULAR,10,T. TINKLE,1,freethrow,450,,['fromturnover'],1of2,1,3,Tres Anthony,Tinkle,Tres Anthony,Tinkle,T,T,T,T,T. Tinkle,TRABZONSPOR,TRB,T. Tinkle,3,,,,,,FT,made,TRABZONSPOR T. TINKLE FT 1of2 made,,,,,,,,,1,134,1.0,made_ft,0,60,1,55
02:19,02:19:00,60,55,5,2,3,REGULAR,11,M. REED,1,assist,451,450,[],,0,0,Marcquise Deandre,Reed,Marcquise Deandre,Reed,M,R,M,R,M. Reed,TRABZONSPOR,TRB,M. Reed,0,,,,,,ASS,,TRABZONSPOR M. REED assist,,,,,,,,,0,135,2.0,,0,60,0,55
02:19,02:19:00,60,56,4,2,3,REGULAR,10,T. TINKLE,1,freethrow,452,,['fromturnover'],2of2,1,3,Tres Anthony,Tinkle,Tres Anthony,Tinkle,T,T,T,T,T. Tinkle,TRABZONSPOR,TRB,T. Tinkle,3,,,,,,FT,made,TRABZONSPOR T. TINKLE FT 2of2 made,,,,,,,,,1,135,2.0,made_ft_last,0,60,1,56
02:02,02:02:00,60,56,4,1,3,REGULAR,79,A. OMIC,0,2pt,454,,['pointsinthepaint'],jumpshot,1,24,Alen,Omic,Alen,Omic,A,O,A,O,A. Omic,YUKATEL MERKEZEFENDI BELEDIYESI BASKET,YMB,A. Omic,24,,,89.889999389648,57.459999084473,0.0,P2,missed,YUKATEL MERKEZEFENDI BELEDIYESI BASKET A. OMIC 2Pt missed,,,,,,,,,0,136,1.0,,0,60,0,56
01:58,01:58:00,60,56,4,1,3,REGULAR,79,A. OMIC,1,rebound,455,454,[],offensive,0,24,Alen,Omic,Alen,Omic,A,O,A,O,A. Omic,YUKATEL MERKEZEFENDI BELEDIYESI BASKET,YMB,A. Omic,24,,,,,,REB,,YUKATEL MERKEZEFENDI BELEDIYESI BASKET rebound offensive,,,,,,,,,0,136,1.0,,0,60,0,56
01:58,01:58:00,62,56,6,1,3,REGULAR,79,A. OMIC,1,2pt,456,,"['2ndchance', 'pointsinthepaint']",tipinlayup,1,24,Alen,Omic,Alen,Omic,A,O,A,O,A. Omic,YUKATEL MERKEZEFENDI BELEDIYESI BASKET,YMB,A. Omic,24,,,94.0,50.0,1.0,P2,made,YUKATEL MERKEZEFENDI BELEDIYESI BASKET A. OMIC 2Pt made,,,,,,,,,2,136,1.0,score,2,62,0,56
01:40,01:40:00,62,56,6,2,3,REGULAR,11,M. REED,0,2pt,457,,['pointsinthepaint'],jumpshot,1,0,Marcquise Deandre,Reed,Marcquise Deandre,Reed,M,R,M,R,M. Reed,TRABZONSPOR,TRB,M. Reed,0,,,7.9899997711182,52.090000152588,0.0,P2,missed,TRABZONSPOR M. REED 2Pt missed,,,,,,,,,0,137,2.0,,0,62,0,56
01:36,01:36:00,62,56,6,2,3,REGULAR,10,T. TINKLE,1,rebound,458,457,[],offensive,0,3,Tres Anthony,Tinkle,Tres Anthony,Tinkle,T,T,T,T,T. Tinkle,TRABZONSPOR,TRB,T. Tinkle,3,,,,,,REB,,TRABZONSPOR rebound offensive,,,,,,,,,0,137,2.0,,0,62,0,56
01:36,01:36:00,62,56,6,2,3,REGULAR,10,T. TINKLE,0,2pt,459,,"['2ndchance', 'pointsinthepaint']",tipinlayup,1,3,Tres Anthony,Tinkle,Tres Anthony,Tinkle,T,T,T,T,T. Tinkle,TRABZONSPOR,TRB,T. Tinkle,3,,,6.0,50.0,0.0,P2,missed,TRABZONSPOR T. TINKLE 2Pt missed,,,,,,,,,0,137,2.0,,0,62,0,56
01:34,01:34:00,62,56,6,2,3,REGULAR,13,K. SILINS,1,rebound,460,459,[],offensive,0,25,Karlis,Silins,Karlis,Silins,K,S,K,S,K. Silins,TRABZONSPOR,TRB,K. Silins,25,,,,,,REB,,TRABZONSPOR rebound offensive,,,,,,,,,0,137,2.0,,0,62,0,56
01:34,01:34:00,62,58,4,2,3,REGULAR,13,K. SILINS,1,2pt,461,,"['2ndchance', 'pointsinthepaint']",tipinlayup,1,25,Karlis,Silins,Karlis,Silins,K,S,K,S,K. Silins,TRABZONSPOR,TRB,K. Silins,25,,,6.0,50.0,1.0,P2,made,TRABZONSPOR K. SILINS 2Pt made,,,,,,,,,2,137,2.0,score,0,62,2,58
01:17,01:17:00,64,58,6,1,3,REGULAR,79,A. OMIC,1,2pt,462,,['pointsinthepaint'],dunk,1,24,Alen,Omic,Alen,Omic,A,O,A,O,A. Omic,YUKATEL MERKEZEFENDI BELEDIYESI BASKET,YMB,A. Omic,24,,,88.949996948242,50.959999084473,1.0,P2,made,YUKATEL MERKEZEFENDI BELEDIYESI BASKET A. OMIC 2Pt made,11.0,1.0,S. GRIFFIN,,,,,,2,138,1.0,score,2,64,0,58
01:17,01:17:00,64,58,6,1,3,REGULAR,11,S. GRIFFIN,1,assist,463,462,[],,0,1,Samuel Gevaris,Griffin,Samuel Gevaris,Griffin,S,G,S,G,S. Griffin,YUKATEL MERKEZEFENDI BELEDIYESI BASKET,YMB,S. Griffin,1,,,,,,ASS,,YUKATEL MERKEZEFENDI BELEDIYESI BASKET S. GRIFFIN assist,,,,,,,,,0,139,2.0,,0,64,0,58
00:54,00:54:40,64,60,4,2,3,REGULAR,11,M. REED,1,2pt,464,,['pointsinthepaint'],layup,1,0,Marcquise Deandre,Reed,Marcquise Deandre,Reed,M,R,M,R,M. Reed,TRABZONSPOR,TRB,M. Reed,0,,,6.9000000953674,59.439998626709,1.0,P2,made,TRABZONSPOR M. REED 2Pt made,5.0,2.0,O. ULUBAY,,,,,,2,139,2.0,score,0,64,2,60
00:54,00:54:40,64,60,4,2,3,REGULAR,5,O. ULUBAY,1,assist,465,464,[],,0,13,Okben,Ulubay,Okben,Ulubay,O,U,O,U,O. Ulubay,TRABZONSPOR,TRB,O. Ulubay,13,,,,,,ASS,,TRABZONSPOR O. ULUBAY assist,,,,,,,,,0,140,1.0,,0,64,0,60
00:31,00:31:40,64,60,4,1,3,REGULAR,11,S. GRIFFIN,0,2pt,466,,['pointsinthepaint'],layup,1,1,Samuel Gevaris,Griffin,Samuel Gevaris,Griffin,S,G,S,G,S. Griffin,YUKATEL MERKEZEFENDI BELEDIYESI BASKET,YMB,S. Griffin,1,,,88.949996948242,45.310001373291,0.0,P2,missed,YUKATEL MERKEZEFENDI BELEDIYESI BASKET S. GRIFFIN 2Pt missed,,,,,,,,,0,140,1.0,def_reb,0,64,0,60
00:28,00:28:80,64,60,4,2,3,REGULAR,13,K. SILINS,1,rebound,467,466,[],defensive,0,25,Karlis,Silins,Karlis,Silins,K,S,K,S,K. Silins,TRABZONSPOR,TRB,K. Silins,25,,,,,,REB,,TRABZONSPOR rebound defensive,,,,,,,,,0,141,2.0,def_reb,0,64,0,60
00:27,00:27:20,64,60,4,1,3,REGULAR,8,H. VANWIJN,1,substitution,469,,[],out,0,10,Hans,Vanwijn,Hans,Vanwijn,H,V,H,V,H. Vanwijn,YUKATEL MERKEZEFENDI BELEDIYESI BASKET,YMB,H. Vanwijn,10,,,,,,SUB,out,YUKATEL MERKEZEFENDI BELEDIYESI BASKET substitution out,,,,,,,,,0,142,1.0,,0,64,0,60
00:27,00:27:20,64,60,4,1,3,REGULAR,13,J. HAWKINS,1,substitution,470,,[],in,0,31,Javontae Aaron,Hawkins,Javontae Aaron,Hawkins,J,H,J,H,J. Hawkins,YUKATEL MERKEZEFENDI BELEDIYESI BASKET,YMB,J. Hawkins,31,,,,,,SUB,in,YUKATEL MERKEZEFENDI BELEDIYESI BASKET substitution in,,,,,,,,,0,142,1.0,,0,64,0,60
00:08,00:08:40,64,62,2,2,3,REGULAR,10,T. TINKLE,1,2pt,472,,['pointsinthepaint'],jumpshot,1,3,Tres Anthony,Tinkle,Tres Anthony,Tinkle,T,T,T,T,T. Tinkle,TRABZONSPOR,TRB,T. Tinkle,3,,,7.9899997711182,45.880001068115,1.0,P2,made,TRABZONSPOR T. TINKLE 2Pt made,,,,,,,,,2,142,1.0,score,0,64,2,62
00:04,00:04:20,64,62,2,2,3,REGULAR,10,T. TINKLE,1,foul,474,,"['shooting', '3freethrow']",personal,0,3,Tres Anthony,Tinkle,Tres Anthony,Tinkle,T,T,T,T,T. Tinkle,TRABZONSPOR,TRB,T. Tinkle,3,,,,,,FOUL,,TRABZONSPOR T. TINKLE foul personal,,,,,,,,,0,143,2.0,,0,64,0,62
00:04,00:04:20,64,62,2,1,3,REGULAR,11,S. GRIFFIN,1,foulon,475,474,[],,0,1,Samuel Gevaris,Griffin,Samuel Gevaris,Griffin,S,G,S,G,S. Griffin,YUKATEL MERKEZEFENDI BELEDIYESI BASKET,YMB,S. Griffin,1,,,,,,OTHER,,YUKATEL MERKEZEFENDI BELEDIYESI BASKET foulon,,,,,,,,,0,143,2.0,,0,64,0,62
00:04,00:04:20,64,62,2,2,3,REGULAR,11,M. REED,1,substitution,476,,[],out,0,0,Marcquise Deandre,Reed,Marcquise Deandre,Reed,M,R,M,R,M. Reed,TRABZONSPOR,TRB,M. Reed,0,,,,,,SUB,out,TRABZONSPOR substitution out,,,,,,,,,0,143,2.0,,0,64,0,62
00:04,00:04:20,64,62,2,2,3,REGULAR,14,D. GRANT,1,substitution,477,,[],in,0,1,Denove Octavon,Grant,Denove Octavon,Grant,D,G,D,G,D. Grant,TRABZONSPOR,TRB,D. Grant,1,,,,,,SUB,in,TRABZONSPOR substitution in,,,,,,,,,0,143,2.0,,0,64,0,62
00:04,00:04:20,64,62,2,1,3,REGULAR,79,A. OMIC,1,substitution,478,,[],out,0,24,Alen,Omic,Alen,Omic,A,O,A,O,A. Omic,YUKATEL MERKEZEFENDI BELEDIYESI BASKET,YMB,A. Omic,24,,,,,,SUB,out,YUKATEL MERKEZEFENDI BELEDIYESI BASKET substitution out,,,,,,,,,0,143,2.0,,0,64,0,62
00:04,00:04:20,64,62,2,1,3,REGULAR,4,E. PALTACI,1,substitution,479,,[],in,0,77,Erbey Kemal,Paltaci,Erbey Kemal,Paltaci,E,P,E,P,E. Paltaci,YUKATEL MERKEZEFENDI BELEDIYESI BASKET,YMB,E. Paltaci,77,,,,,,SUB,in,YUKATEL MERKEZEFENDI BELEDIYESI BASKET substitution in,,,,,,,,,0,143,2.0,,0,64,0,62
00:04,00:04:20,65,62,3,1,3,REGULAR,11,S. GRIFFIN,1,freethrow,480,,['fastbreak'],1of3,1,1,Samuel Gevaris,Griffin,Samuel Gevaris,Griffin,S,G,S,G,S. Griffin,YUKATEL MERKEZEFENDI BELEDIYESI BASKET,YMB,S. Griffin,1,,,,,,FT,made,YUKATEL MERKEZEFENDI BELEDIYESI BASKET S. GRIFFIN FT 1of3 made,,,,,,,,,1,143,2.0,made_ft,1,65,0,62
00:04,00:04:20,66,62,4,1,3,REGULAR,11,S. GRIFFIN,1,freethrow,481,,['fastbreak'],2of3,1,1,Samuel Gevaris,Griffin,Samuel Gevaris,Griffin,S,G,S,G,S. Griffin,YUKATEL MERKEZEFENDI BELEDIYESI BASKET,YMB,S. Griffin,1,,,,,,FT,made,YUKATEL MERKEZEFENDI BELEDIYESI BASKET S. GRIFFIN FT 2of3 made,,,,,,,,,1,144,1.0,made_ft,1,66,0,62
00:04,00:04:20,67,62,5,1,3,REGULAR,11,S. GRIFFIN,1,freethrow,482,,['fastbreak'],3of3,1,1,Samuel Gevaris,Griffin,Samuel Gevaris,Griffin,S,G,S,G,S. Griffin,YUKATEL MERKEZEFENDI BELEDIYESI BASKET,YMB,S. Griffin,1,,,,,,FT,made,YUKATEL MERKEZEFENDI BELEDIYESI BASKET S. GRIFFIN FT 3of3 made,,,,,,,,,1,145,2.0,made_ft_last,1,67,0,62
00:00,00:00:40,67,62,5,2,3,REGULAR,4,I. ULUSOY,0,2pt,485,,['pointsinthepaint'],layup,1,5,Ismail Cem,Ulusoy,Ismail Cem,Ulusoy,I,U,I,U,I. Ulusoy,TRABZONSPOR,TRB,I. Ulusoy,5,,,10.170000076294,47.569999694824,0.0,P2,missed,TRABZONSPOR I. ULUSOY 2Pt missed,,,,,,,,,0,146,1.0,,0,67,0,62
00:00,00:00:00,67,62,5,0,3,REGULAR,0,,1,period,488,,['confirmed'],end,0,,,,,,,,,,,,,,,,,,,,OTHER,,period end,,,,,,,,,0,146,1.0,,0,67,0,62
00:04,00:04:20,64,62,2,2,3,REGULAR,0,,1,headcoachchallenge,583,,['rejected'],foul,0,,,,,,,,,,,TRABZONSPOR,TRB,,,,,,,,OTHER,,TRABZONSPOR headcoachchallenge foul,,,,,,,,,0,146,1.0,,0,67,0,62
10:00,10:00:00,67,62,5,1,4,REGULAR,7,Ö. ILYASOGLU,1,substitution,489,,[],out,0,13,Ömer Can,Ilyasoglu,Ömer Can,Ilyasoglu,Ö,I,Ö,I,Ö. Ilyasoglu,YUKATEL MERKEZEFENDI BELEDIYESI BASKET,YMB,Ö. Ilyasoglu,13,,,,,,SUB,out,YUKATEL MERKEZEFENDI BELEDIYESI BASKET substitution out,,,,,,,,,0,146,1.0,,0,67,0,62
10:00,10:00:00,67,62,5,1,4,REGULAR,9,R. BADZIM,1,substitution,490,,[],out,0,18,Roko,Badzim,Roko,Badzim,R,B,R,B,R. Badzim,YUKATEL MERKEZEFENDI BELEDIYESI BASKET,YMB,R. Badzim,18,,,,,,SUB,out,YUKATEL MERKEZEFENDI BELEDIYESI BASKET substitution out,,,,,,,,,0,146,1.0,,0,67,0,62
10:00,10:00:00,67,62,5,1,4,REGULAR,4,E. PALTACI,1,substitution,491,,[],out,0,77,Erbey Kemal,Paltaci,Erbey Kemal,Paltaci,E,P,E,P,E. Paltaci,YUKATEL MERKEZEFENDI BELEDIYESI BASKET,YMB,E. Paltaci,77,,,,,,SUB,out,YUKATEL MERKEZEFENDI BELEDIYESI BASKET substitution out,,,,,,,,,0,146,1.0,,0,67,0,62
10:00,10:00:00,67,62,5,1,4,REGULAR,21,K. SMITH JR,1,substitution,492,,[],in,0,4,Kenneth Jerome,Smith Jr,Kenneth Jerome,Smith Jr,K,S,K,S,K. Smith Jr,YUKATEL MERKEZEFENDI BELEDIYESI BASKET,YMB,K. Smith Jr,4,,,,,,SUB,in,YUKATEL MERKEZEFENDI BELEDIYESI BASKET substitution in,,,,,,,,,0,146,1.0,,0,67,0,62
10:00,10:00:00,67,62,5,1,4,REGULAR,8,H. VANWIJN,1,substitution,493,,[],in,0,10,Hans,Vanwijn,Hans,Vanwijn,H,V,H,V,H. Vanwijn,YUKATEL MERKEZEFENDI BELEDIYESI BASKET,YMB,H. Vanwijn,10,,,,,,SUB,in,YUKATEL MERKEZEFENDI BELEDIYESI BASKET substitution in,,,,,,,,,0,146,1.0,,0,67,0,62
10:00,10:00:00,67,62,5,1,4,REGULAR,5,M. AGVA,1,substitution,494,,[],in,0,46,Mahir,Agva,Mahir,Agva,M,A,M,A,M. Agva,YUKATEL MERKEZEFENDI BELEDIYESI BASKET,YMB,M. Agva,46,,,,,,SUB,in,YUKATEL MERKEZEFENDI BELEDIYESI BASKET substitution in,,,,,,,,,0,146,1.0,,0,67,0,62
10:00,10:00:00,67,62,5,2,4,REGULAR,4,I. ULUSOY,1,substitution,495,,[],out,0,5,Ismail Cem,Ulusoy,Ismail Cem,Ulusoy,I,U,I,U,I. Ulusoy,TRABZONSPOR,TRB,I. Ulusoy,5,,,,,,SUB,out,TRABZONSPOR substitution out,,,,,,,,,0,146,1.0,,0,67,0,62
10:00,10:00:00,67,62,5,2,4,REGULAR,11,M. REED,1,substitution,496,,[],in,0,0,Marcquise Deandre,Reed,Marcquise Deandre,Reed,M,R,M,R,M. Reed,TRABZONSPOR,TRB,M. Reed,0,,,,,,SUB,in,TRABZONSPOR substitution in,,,,,,,,,0,146,1.0,,0,67,0,62
10:00,10:00:00,67,62,5,0,4,REGULAR,0,,1,period,497,,[],start,0,,,,,,,,,,,,,,,,,,,,OTHER,,period start,,,,,,,,,0,146,1.0,,0,67,0,62
09:37,09:37:00,67,62,5,1,4,REGULAR,13,J. HAWKINS,0,3pt,499,,['blocked'],jumpshot,1,31,Javontae Aaron,Hawkins,Javontae Aaron,Hawkins,J,H,J,H,J. Hawkins,YUKATEL MERKEZEFENDI BELEDIYESI BASKET,YMB,J. Hawkins,31,,,81.309997558594,8.5900001525879,0.0,P3,missed,YUKATEL MERKEZEFENDI BELEDIYESI BASKET J. HAWKINS 3Pt missed,,,,5.0,2.0,O. ULUBAY,,,0,146,1.0,,0,67,0,62
09:37,09:37:00,67,62,5,2,4,REGULAR,5,O. ULUBAY,1,block,500,499,[],,0,13,Okben,Ulubay,Okben,Ulubay,O,U,O,U,O. Ulubay,TRABZONSPOR,TRB,O. Ulubay,13,,,,,,BS,,TRABZONSPOR O. ULUBAY block,,,,,,,,,0,146,1.0,,0,67,0,62
09:34,09:34:00,67,62,5,1,4,REGULAR,13,J. HAWKINS,1,rebound,502,499,[],offensive,0,31,Javontae Aaron,Hawkins,Javontae Aaron,Hawkins,J,H,J,H,J. Hawkins,YUKATEL MERKEZEFENDI BELEDIYESI BASKET,YMB,J. Hawkins,31,,,,,,REB,,YUKATEL MERKEZEFENDI BELEDIYESI BASKET rebound offensive,,,,,,,,,0,146,1.0,,0,67,0,62
09:34,09:34:00,67,62,5,1,4,REGULAR,13,J. HAWKINS,0,3pt,503,,['2ndchance'],jumpshot,1,31,Javontae Aaron,Hawkins,Javontae Aaron,Hawkins,J,H,J,H,J. Hawkins,YUKATEL MERKEZEFENDI BELEDIYESI BASKET,YMB,J. Hawkins,31,,,76.940002441406,13.390000343323,0.0,P3,missed,YUKATEL MERKEZEFENDI BELEDIYESI BASKET J. HAWKINS 3Pt missed,,,,,,,,,0,146,1.0,,0,67,0,62
09:34,09:34:00,67,62,5,1,4,REGULAR,8,H. VANWIJN,1,rebound,504,503,[],offensive,0,10,Hans,Vanwijn,Hans,Vanwijn,H,V,H,V,H. Vanwijn,YUKATEL MERKEZEFENDI BELEDIYESI BASKET,YMB,H. Vanwijn,10,,,,,,REB,,YUKATEL MERKEZEFENDI BELEDIYESI BASKET rebound offensive,,,,,,,,,0,146,1.0,,0,67,0,62
09:34,09:34:00,67,62,5,1,4,REGULAR,0,,1,turnover,505,,['team'],24sec,0,,,,,,,,,,,YUKATEL MERKEZEFENDI BELEDIYESI BASKET,YMB,,,,,,,,TO,,YUKATEL MERKEZEFENDI BELEDIYESI BASKET  turnover 24sec,,,,,,,,,0,146,1.0,turnover,0,67,0,62
09:18,09:18:00,67,62,5,2,4,REGULAR,11,M. REED,0,2pt,507,,"['fromturnover', 'pointsinthepaint']",floatingjumpshot,1,0,Marcquise Deandre,Reed,Marcquise Deandre,Reed,M,R,M,R,M. Reed,TRABZONSPOR,TRB,M. Reed,0,,,15.159999847412,62.259998321533,0.0,P2,missed,TRABZONSPOR M. REED 2Pt missed,,,,,,,,,0,147,2.0,def_reb,0,67,0,62
09:16,09:16:00,67,62,5,1,4,REGULAR,13,J. HAWKINS,1,rebound,508,507,[],defensive,0,31,Javontae Aaron,Hawkins,Javontae Aaron,Hawkins,J,H,J,H,J. Hawkins,YUKATEL MERKEZEFENDI BELEDIYESI BASKET,YMB,J. Hawkins,31,,,,,,REB,,YUKATEL MERKEZEFENDI BELEDIYESI BASKET rebound defensive,,,,,,,,,0,148,1.0,def_reb,0,67,0,62
09:00,09:00:00,67,62,5,1,4,REGULAR,11,S. GRIFFIN,0,2pt,509,,['pointsinthepaint'],jumpshot,1,1,Samuel Gevaris,Griffin,Samuel Gevaris,Griffin,S,G,S,G,S. Griffin,YUKATEL MERKEZEFENDI BELEDIYESI BASKET,YMB,S. Griffin,1,,,81.930000305176,58.869998931885,0.0,P2,missed,YUKATEL MERKEZEFENDI BELEDIYESI BASKET S. GRIFFIN 2Pt missed,,,,,,,,,0,149,2.0,,0,67,0,62
08:57,08:57:00,67,62,5,1,4,REGULAR,8,H. VANWIJN,1,rebound,510,509,[],offensive,0,10,Hans,Vanwijn,Hans,Vanwijn,H,V,H,V,H. Vanwijn,YUKATEL MERKEZEFENDI BELEDIYESI BASKET,YMB,H. Vanwijn,10,,,,,,REB,,YUKATEL MERKEZEFENDI BELEDIYESI BASKET rebound offensive,,,,,,,,,0,149,2.0,,0,67,0,62
08:57,08:57:00,67,62,5,1,4,REGULAR,8,H. VANWIJN,0,2pt,511,,"['2ndchance', 'pointsinthepaint']",tipinlayup,1,10,Hans,Vanwijn,Hans,Vanwijn,H,V,H,V,H. Vanwijn,YUKATEL MERKEZEFENDI BELEDIYESI BASKET,YMB,H. Vanwijn,10,,,94.0,50.0,0.0,P2,missed,YUKATEL MERKEZEFENDI BELEDIYESI BASKET H. VANWIJN 2Pt missed,,,,,,,,,0,149,2.0,def_reb,0,67,0,62
08:56,08:56:00,67,62,5,2,4,REGULAR,14,D. GRANT,1,rebound,512,511,[],defensive,0,1,Denove Octavon,Grant,Denove Octavon,Grant,D,G,D,G,D. Grant,TRABZONSPOR,TRB,D. Grant,1,,,,,,REB,,TRABZONSPOR rebound defensive,,,,,,,,,0,150,1.0,def_reb,0,67,0,62
08:51,08:51:00,67,64,3,2,4,REGULAR,10,T. TINKLE,1,2pt,514,,"['pointsinthepaint', 'fastbreak']",layup,1,3,Tres Anthony,Tinkle,Tres Anthony,Tinkle,T,T,T,T,T. Tinkle,TRABZONSPOR,TRB,T. Tinkle,3,,,8.6099996566772,45.310001373291,1.0,P2,made,TRABZONSPOR T. TINKLE 2Pt made,14.0,2.0,D. GRANT,,,,,,2,151,2.0,score,0,67,2,64
08:51,08:51:00,67,64,3,2,4,REGULAR,14,D. GRANT,1,assist,515,514,[],,0,1,Denove Octavon,Grant,Denove Octavon,Grant,D,G,D,G,D. Grant,TRABZONSPOR,TRB,D. Grant,1,,,,,,ASS,,TRABZONSPOR D. GRANT assist,,,,,,,,,0,152,1.0,,0,67,0,64
08:36,08:36:00,67,64,3,1,4,REGULAR,21,K. SMITH JR,0,2pt,517,,['pointsinthepaint'],layup,1,4,Kenneth Jerome,Smith Jr,Kenneth Jerome,Smith Jr,K,S,K,S,K. Smith Jr,YUKATEL MERKEZEFENDI BELEDIYESI BASKET,YMB,K. Smith Jr,4,,,90.360000610352,41.360000610352,0.0,P2,missed,YUKATEL MERKEZEFENDI BELEDIYESI BASKET K. SMITH JR 2Pt missed,,,,,,,,,0,152,1.0,,0,67,0,64
08:32,08:32:00,67,64,3,1,4,REGULAR,5,M. AGVA,1,rebound,518,517,[],offensive,0,46,Mahir,Agva,Mahir,Agva,M,A,M,A,M. Agva,YUKATEL MERKEZEFENDI BELEDIYESI BASKET,YMB,M. Agva,46,,,,,,REB,,YUKATEL MERKEZEFENDI BELEDIYESI BASKET rebound offensive,,,,,,,,,0,152,1.0,,0,67,0,64
08:25,08:25:00,67,64,3,1,4,REGULAR,11,S. GRIFFIN,0,2pt,519,,"['2ndchance', 'pointsinthepaint']",layup,1,1,Samuel Gevaris,Griffin,Samuel Gevaris,Griffin,S,G,S,G,S. Griffin,YUKATEL MERKEZEFENDI BELEDIYESI BASKET,YMB,S. Griffin,1,,,90.199996948242,47.569999694824,0.0,P2,missed,YUKATEL MERKEZEFENDI BELEDIYESI BASKET S. GRIFFIN 2Pt missed,,,,,,,,,0,152,1.0,,0,67,0,64
08:22,08:22:00,67,64,3,1,4,REGULAR,8,H. VANWIJN,1,rebound,520,519,[],offensive,0,10,Hans,Vanwijn,Hans,Vanwijn,H,V,H,V,H. Vanwijn,YUKATEL MERKEZEFENDI BELEDIYESI BASKET,YMB,H. Vanwijn,10,,,,,,REB,,YUKATEL MERKEZEFENDI BELEDIYESI BASKET rebound offensive,,,,,,,,,0,152,1.0,,0,67,0,64
08:21,08:21:00,67,64,3,1,4,REGULAR,11,S. GRIFFIN,0,3pt,521,,['2ndchance'],jumpshot,1,1,Samuel Gevaris,Griffin,Samuel Gevaris,Griffin,S,G,S,G,S. Griffin,YUKATEL MERKEZEFENDI BELEDIYESI BASKET,YMB,S. Griffin,1,,,87.080001831055,4.6300001144409,0.0,P3,missed,YUKATEL MERKEZEFENDI BELEDIYESI BASKET S. GRIFFIN 3Pt missed,,,,,,,,,0,152,1.0,def_reb,0,67,0,64
08:20,08:20:00,67,64,3,2,4,REGULAR,0,,1,rebound,523,521,['team'],defensive,0,,,,,,,,,,,TRABZONSPOR,TRB,,,,,,,,TREB,,TRABZONSPOR team rebound defensive,,,,,,,,,0,153,2.0,def_reb,0,67,0,64
07:56,07:56:00,67,64,3,2,4,REGULAR,13,K. SILINS,0,3pt,525,,[],jumpshot,1,25,Karlis,Silins,Karlis,Silins,K,S,K,S,K. Silins,TRABZONSPOR,TRB,K. Silins,25,,,28.420000076294,27.799999237061,0.0,P3,missed,TRABZONSPOR K. SILINS 3Pt missed,,,,,,,,,0,154,1.0,def_reb,0,67,0,64
07:53,07:53:00,67,64,3,1,4,REGULAR,13,J. HAWKINS,1,rebound,526,525,[],defensive,0,31,Javontae Aaron,Hawkins,Javontae Aaron,Hawkins,J,H,J,H,J. Hawkins,YUKATEL MERKEZEFENDI BELEDIYESI BASKET,YMB,J. Hawkins,31,,,,,,REB,,YUKATEL MERKEZEFENDI BELEDIYESI BASKET rebound defensive,,,,,,,,,0,155,2.0,def_reb,0,67,0,64
07:32,07:32:00,67,64,3,1,4,REGULAR,11,S. GRIFFIN,0,3pt,527,,[],jumpshot,1,1,Samuel Gevaris,Griffin,Samuel Gevaris,Griffin,S,G,S,G,S. Griffin,YUKATEL MERKEZEFENDI BELEDIYESI BASKET,YMB,S. Griffin,1,,,72.569999694824,22.709999084473,0.0,P3,missed,YUKATEL MERKEZEFENDI BELEDIYESI BASKET S. GRIFFIN 3Pt missed,,,,,,,,,0,156,1.0,def_reb,0,67,0,64
07:29,07:29:00,67,64,3,2,4,REGULAR,10,T. TINKLE,1,rebound,528,527,[],defensive,0,3,Tres Anthony,Tinkle,Tres Anthony,Tinkle,T,T,T,T,T. Tinkle,TRABZONSPOR,TRB,T. Tinkle,3,,,,,,REB,,TRABZONSPOR rebound defensive,,,,,,,,,0,157,2.0,def_reb,0,67,0,64
07:19,07:19:00,67,64,3,2,4,REGULAR,14,D. GRANT,0,2pt,529,,[],pullupjumpshot,1,1,Denove Octavon,Grant,Denove Octavon,Grant,D,G,D,G,D. Grant,TRABZONSPOR,TRB,D. Grant,1,,,22.030000686646,67.910003662109,0.0,P2,missed,TRABZONSPOR D. GRANT 2Pt missed,,,,,,,,,0,158,1.0,def_reb,0,67,0,64
07:14,07:14:00,67,64,3,1,4,REGULAR,5,M. AGVA,1,rebound,530,529,[],defensive,0,46,Mahir,Agva,Mahir,Agva,M,A,M,A,M. Agva,YUKATEL MERKEZEFENDI BELEDIYESI BASKET,YMB,M. Agva,46,,,,,,REB,,YUKATEL MERKEZEFENDI BELEDIYESI BASKET rebound defensive,,,,,,,,,0,159,2.0,def_reb,0,67,0,64
07:04,07:04:00,67,64,3,1,4,REGULAR,5,M. AGVA,0,2pt,531,,[],jumpshot,1,46,Mahir,Agva,Mahir,Agva,M,A,M,A,M. Agva,YUKATEL MERKEZEFENDI BELEDIYESI BASKET,YMB,M. Agva,46,,,75.230003356934,44.180000305176,0.0,P2,missed,YUKATEL MERKEZEFENDI BELEDIYESI BASKET M. AGVA 2Pt missed,,,,,,,,,0,160,1.0,def_reb,0,67,0,64
07:01,07:01:00,67,64,3,2,4,REGULAR,5,O. ULUBAY,1,rebound,532,531,[],defensive,0,13,Okben,Ulubay,Okben,Ulubay,O,U,O,U,O. Ulubay,TRABZONSPOR,TRB,O. Ulubay,13,,,,,,REB,,TRABZONSPOR rebound defensive,,,,,,,,,0,161,2.0,def_reb,0,67,0,64
06:50,06:50:00,67,64,3,2,4,REGULAR,10,T. TINKLE,0,3pt,533,,[],jumpshot,1,3,Tres Anthony,Tinkle,Tres Anthony,Tinkle,T,T,T,T,T. Tinkle,TRABZONSPOR,TRB,T. Tinkle,3,,,29.200000762939,71.019996643066,0.0,P3,missed,TRABZONSPOR T. TINKLE 3Pt missed,,,,,,,,,0,162,1.0,,0,67,0,64
06:47,06:47:00,67,64,3,2,4,REGULAR,10,T. TINKLE,1,rebound,534,533,[],offensive,0,3,Tres Anthony,Tinkle,Tres Anthony,Tinkle,T,T,T,T,T. Tinkle,TRABZONSPOR,TRB,T. Tinkle,3,,,,,,REB,,TRABZONSPOR rebound offensive,,,,,,,,,0,162,1.0,,0,67,0,64
06:48,06:48:00,67,64,3,1,4,REGULAR,13,J. HAWKINS,1,foul,537,,[],personal,0,31,Javontae Aaron,Hawkins,Javontae Aaron,Hawkins,J,H,J,H,J. Hawkins,YUKATEL MERKEZEFENDI BELEDIYESI BASKET,YMB,J. Hawkins,31,,,,,,FOUL,,YUKATEL MERKEZEFENDI BELEDIYESI BASKET J. HAWKINS foul personal,,,,,,,,,0,162,1.0,,0,67,0,64
06:48,06:48:00,67,64,3,2,4,REGULAR,10,T. TINKLE,1,foulon,538,537,[],,0,3,Tres Anthony,Tinkle,Tres Anthony,Tinkle,T,T,T,T,T. Tinkle,TRABZONSPOR,TRB,T. Tinkle,3,,,,,,OTHER,,TRABZONSPOR foulon,,,,,,,,,0,162,1.0,,0,67,0,64
06:48,06:48:00,67,64,3,2,4,REGULAR,10,T. TINKLE,1,substitution,539,,[],out,0,3,Tres Anthony,Tinkle,Tres Anthony,Tinkle,T,T,T,T,T. Tinkle,TRABZONSPOR,TRB,T. Tinkle,3,,,,,,SUB,out,TRABZONSPOR substitution out,,,,,,,,,0,162,1.0,,0,67,0,64
06:48,06:48:00,67,64,3,2,4,REGULAR,13,K. SILINS,1,substitution,540,,[],out,0,25,Karlis,Silins,Karlis,Silins,K,S,K,S,K. Silins,TRABZONSPOR,TRB,K. Silins,25,,,,,,SUB,out,TRABZONSPOR substitution out,,,,,,,,,0,162,1.0,,0,67,0,64
06:48,06:48:00,67,64,3,2,4,REGULAR,12,A. YEBOAH,1,substitution,541,,[],in,0,15,Akwasi Abeyie,Yeboah,Akwasi Abeyie,Yeboah,A,Y,A,Y,A. Yeboah,TRABZONSPOR,TRB,A. Yeboah,15,,,,,,SUB,in,TRABZONSPOR substitution in,,,,,,,,,0,162,1.0,,0,67,0,64
06:48,06:48:00,67,64,3,2,4,REGULAR,9,A. DELGADO ASTACIO,1,substitution,542,,[],in,0,31,Angel Luis,Delgado Astacio,Angel Luis,Delgado Astacio,A,D,A,D,A. Delgado Astacio,TRABZONSPOR,TRB,A. Delgado Astacio,31,,,,,,SUB,in,TRABZONSPOR substitution in,,,,,,,,,0,162,1.0,,0,67,0,64
06:45,06:45:00,67,64,3,2,4,REGULAR,12,A. YEBOAH,0,3pt,544,,['2ndchance'],jumpshot,1,15,Akwasi Abeyie,Yeboah,Akwasi Abeyie,Yeboah,A,Y,A,Y,A. Yeboah,TRABZONSPOR,TRB,A. Yeboah,15,,,21.39999961853,87.680000305176,0.0,P3,missed,TRABZONSPOR A. YEBOAH 3Pt missed,,,,,,,,,0,162,1.0,def_reb,0,67,0,64
06:43,06:43:00,67,64,3,1,4,REGULAR,0,,1,rebound,546,544,['team'],defensive,0,,,,,,,,,,,YUKATEL MERKEZEFENDI BELEDIYESI BASKET,YMB,,,,,,,,TREB,,YUKATEL MERKEZEFENDI BELEDIYESI BASKET team rebound defensive,,,,,,,,,0,163,2.0,def_reb,0,67,0,64
06:35,06:35:00,67,64,3,1,4,REGULAR,21,K. SMITH JR,1,foul,549,,[],offensive,0,4,Kenneth Jerome,Smith Jr,Kenneth Jerome,Smith Jr,K,S,K,S,K. Smith Jr,YUKATEL MERKEZEFENDI BELEDIYESI BASKET,YMB,K. Smith Jr,4,,,,,,RFOUL,,YUKATEL MERKEZEFENDI BELEDIYESI BASKET K. SMITH JR foul offensive,,,,,,,,,0,164,1.0,offensive_foul,0,67,0,64
06:35,06:35:00,67,64,3,1,4,REGULAR,21,K. SMITH JR,1,turnover,550,549,[],offensive,0,4,Kenneth Jerome,Smith Jr,Kenneth Jerome,Smith Jr,K,S,K,S,K. Smith Jr,YUKATEL MERKEZEFENDI BELEDIYESI BASKET,YMB,K. Smith Jr,4,,,,,,TO,,YUKATEL MERKEZEFENDI BELEDIYESI BASKET K. SMITH JR turnover offensive,,,,,,,,,0,165,2.0,turnover,0,67,0,64
06:35,06:35:00,67,64,3,2,4,REGULAR,14,D. GRANT,1,foulon,551,549,[],,0,1,Denove Octavon,Grant,Denove Octavon,Grant,D,G,D,G,D. Grant,TRABZONSPOR,TRB,D. Grant,1,,,,,,OTHER,,TRABZONSPOR foulon,,,,,,,,,0,166,1.0,,0,67,0,64
06:25,06:25:00,67,64,3,1,4,REGULAR,13,J. HAWKINS,1,foul,555,,[],personal,0,31,Javontae Aaron,Hawkins,Javontae Aaron,Hawkins,J,H,J,H,J. Hawkins,YUKATEL MERKEZEFENDI BELEDIYESI BASKET,YMB,J. Hawkins,31,,,,,,FOUL,,YUKATEL MERKEZEFENDI BELEDIYESI BASKET J. HAWKINS foul personal,,,,,,,,,0,166,1.0,,0,67,0,64
06:25,06:25:00,67,64,3,2,4,REGULAR,9,A. DELGADO ASTACIO,1,foulon,556,555,[],,0,31,Angel Luis,Delgado Astacio,Angel Luis,Delgado Astacio,A,D,A,D,A. Delgado Astacio,TRABZONSPOR,TRB,A. Delgado Astacio,31,,,,,,OTHER,,TRABZONSPOR foulon,,,,,,,,,0,166,1.0,,0,67,0,64
06:17,06:17:00,67,67,0,2,4,REGULAR,5,O. ULUBAY,1,3pt,558,,['fromturnover'],jumpshot,1,13,Okben,Ulubay,Okben,Ulubay,O,U,O,U,O. Ulubay,TRABZONSPOR,TRB,O. Ulubay,13,,,27.329999923706,24.969999313354,1.0,P3,made,TRABZONSPOR O. ULUBAY 3Pt made,12.0,2.0,A. YEBOAH,,,,,,3,166,1.0,score,0,67,3,67
06:17,06:17:00,67,67,0,2,4,REGULAR,12,A. YEBOAH,1,assist,559,558,[],,0,15,Akwasi Abeyie,Yeboah,Akwasi Abeyie,Yeboah,A,Y,A,Y,A. Yeboah,TRABZONSPOR,TRB,A. Yeboah,15,,,,,,ASS,,TRABZONSPOR A. YEBOAH assist,,,,,,,,,0,167,2.0,,0,67,0,67
05:48,05:48:00,70,67,3,1,4,REGULAR,21,K. SMITH JR,1,3pt,560,,[],pullupjumpshot,1,4,Kenneth Jerome,Smith Jr,Kenneth Jerome,Smith Jr,K,S,K,S,K. Smith Jr,YUKATEL MERKEZEFENDI BELEDIYESI BASKET,YMB,K. Smith Jr,4,,,69.919998168945,34.580001831055,1.0,P3,made,YUKATEL MERKEZEFENDI BELEDIYESI BASKET K. SMITH JR 3Pt made,,,,,,,,,3,167,2.0,score,3,70,0,67
05:31,05:31:00,70,67,3,2,4,REGULAR,5,O. ULUBAY,0,3pt,561,,[],jumpshot,1,13,Okben,Ulubay,Okben,Ulubay,O,U,O,U,O. Ulubay,TRABZONSPOR,TRB,O. Ulubay,13,,,24.989999771118,19.319999694824,0.0,P3,missed,TRABZONSPOR O. ULUBAY 3Pt missed,,,,,,,,,0,168,1.0,def_reb,0,70,0,67
05:29,05:29:00,70,67,3,1,4,REGULAR,0,,1,rebound,563,561,['team'],defensive,0,,,,,,,,,,,YUKATEL MERKEZEFENDI BELEDIYESI BASKET,YMB,,,,,,,,TREB,,YUKATEL MERKEZEFENDI BELEDIYESI BASKET team rebound defensive,,,,,,,,,0,169,2.0,def_reb,0,70,0,67
05:17,05:17:00,70,67,3,1,4,REGULAR,5,M. AGVA,1,turnover,565,,[],badpass,0,46,Mahir,Agva,Mahir,Agva,M,A,M,A,M. Agva,YUKATEL MERKEZEFENDI BELEDIYESI BASKET,YMB,M. Agva,46,,,,,,TO,,YUKATEL MERKEZEFENDI BELEDIYESI BASKET M. AGVA turnover badpass,,,,,,,,,0,170,1.0,turnover,0,70,0,67
05:17,05:17:00,70,67,3,2,4,REGULAR,9,A. DELGADO ASTACIO,1,steal,566,565,[],,0,31,Angel Luis,Delgado Astacio,Angel Luis,Delgado Astacio,A,D,A,D,A. Delgado Astacio,TRABZONSPOR,TRB,A. Delgado Astacio,31,,,,,,ST,,TRABZONSPOR A. DELGADO ASTACIO steal,,,,,,,,,0,171,2.0,,0,70,0,67
05:11,05:11:00,70,69,1,2,4,REGULAR,11,M. REED,1,2pt,567,,"['fromturnover', 'pointsinthepaint', 'fastbreak']",layup,1,0,Marcquise Deandre,Reed,Marcquise Deandre,Reed,M,R,M,R,M. Reed,TRABZONSPOR,TRB,M. Reed,0,,,9.8599996566772,63.389999389648,1.0,P2,made,TRABZONSPOR M. REED 2Pt made,,,,,,,,,2,171,2.0,score,0,70,2,69
04:45,04:45:00,73,69,4,1,4,REGULAR,11,S. GRIFFIN,1,3pt,568,,[],pullupjumpshot,1,1,Samuel Gevaris,Griffin,Samuel Gevaris,Griffin,S,G,S,G,S. Griffin,YUKATEL MERKEZEFENDI BELEDIYESI BASKET,YMB,S. Griffin,1,,,68.669998168945,61.409999847412,1.0,P3,made,YUKATEL MERKEZEFENDI BELEDIYESI BASKET S. GRIFFIN 3Pt made,,,,,,,,,3,172,1.0,score,3,73,0,69
04:29,04:29:00,73,71,2,2,4,REGULAR,12,A. YEBOAH,1,2pt,569,,['pointsinthepaint'],jumpshot,1,15,Akwasi Abeyie,Yeboah,Akwasi Abeyie,Yeboah,A,Y,A,Y,A. Yeboah,TRABZONSPOR,TRB,A. Yeboah,15,,,7.5199999809265,58.020000457764,1.0,P2,made,TRABZONSPOR A. YEBOAH 2Pt made,14.0,2.0,D. GRANT,,,,,,2,173,2.0,score,0,73,2,71
04:29,04:29:00,73,71,2,2,4,REGULAR,14,D. GRANT,1,assist,570,569,[],,0,1,Denove Octavon,Grant,Denove Octavon,Grant,D,G,D,G,D. Grant,TRABZONSPOR,TRB,D. Grant,1,,,,,,ASS,,TRABZONSPOR D. GRANT assist,,,,,,,,,0,174,1.0,,0,73,0,71
04:03,04:03:00,75,71,4,1,4,REGULAR,11,S. GRIFFIN,1,2pt,571,,['pointsinthepaint'],drivinglayup,1,1,Samuel Gevaris,Griffin,Samuel Gevaris,Griffin,S,G,S,G,S. Griffin,YUKATEL MERKEZEFENDI BELEDIYESI BASKET,YMB,S. Griffin,1,,,90.050003051758,56.610000610352,1.0,P2,made,YUKATEL MERKEZEFENDI BELEDIYESI BASKET S. GRIFFIN 2Pt made,,,,,,,,,2,174,1.0,score,2,75,0,71
03:47,03:47:00,75,73,2,2,4,REGULAR,14,D. GRANT,1,2pt,572,,[],jumpshot,1,1,Denove Octavon,Grant,Denove Octavon,Grant,D,G,D,G,D. Grant,TRABZONSPOR,TRB,D. Grant,1,,,24.370000839233,65.650001525879,1.0,P2,made,TRABZONSPOR D. GRANT 2Pt made,,,,,,,,,2,175,2.0,score,0,75,2,73
03:25,03:25:00,75,73,2,1,4,REGULAR,11,S. GRIFFIN,0,3pt,573,,[],jumpshot,1,1,Samuel Gevaris,Griffin,Samuel Gevaris,Griffin,S,G,S,G,S. Griffin,YUKATEL MERKEZEFENDI BELEDIYESI BASKET,YMB,S. Griffin,1,,,71.949996948242,76.949996948242,0.0,P3,missed,YUKATEL MERKEZEFENDI BELEDIYESI BASKET S. GRIFFIN 3Pt missed,,,,,,,,,0,176,1.0,def_reb,0,75,0,73
03:22,03:22:00,75,73,2,2,4,REGULAR,14,D. GRANT,1,rebound,574,573,[],defensive,0,1,Denove Octavon,Grant,Denove Octavon,Grant,D,G,D,G,D. Grant,TRABZONSPOR,TRB,D. Grant,1,,,,,,REB,,TRABZONSPOR rebound defensive,,,,,,,,,0,177,2.0,def_reb,0,75,0,73
03:10,03:10:00,75,73,2,2,4,REGULAR,12,A. YEBOAH,0,3pt,575,,[],jumpshot,1,15,Akwasi Abeyie,Yeboah,Akwasi Abeyie,Yeboah,A,Y,A,Y,A. Yeboah,TRABZONSPOR,TRB,A. Yeboah,15,,,4.2399997711182,4.3499999046326,0.0,P3,missed,TRABZONSPOR A. YEBOAH 3Pt missed,,,,,,,,,0,178,1.0,def_reb,0,75,0,73
03:07,03:07:00,75,73,2,1,4,REGULAR,8,H. VANWIJN,1,rebound,576,575,[],defensive,0,10,Hans,Vanwijn,Hans,Vanwijn,H,V,H,V,H. Vanwijn,YUKATEL MERKEZEFENDI BELEDIYESI BASKET,YMB,H. Vanwijn,10,,,,,,REB,,YUKATEL MERKEZEFENDI BELEDIYESI BASKET rebound defensive,,,,,,,,,0,179,2.0,def_reb,0,75,0,73
02:49,02:49:00,75,73,2,2,4,REGULAR,5,O. ULUBAY,1,foul,580,,[],personal,0,13,Okben,Ulubay,Okben,Ulubay,O,U,O,U,O. Ulubay,TRABZONSPOR,TRB,O. Ulubay,13,,,,,,FOUL,,TRABZONSPOR O. ULUBAY foul personal,,,,,,,,,0,180,1.0,,0,75,0,73
02:49,02:49:00,75,73,2,1,4,REGULAR,21,K. SMITH JR,1,foulon,581,580,[],,0,4,Kenneth Jerome,Smith Jr,Kenneth Jerome,Smith Jr,K,S,K,S,K. Smith Jr,YUKATEL MERKEZEFENDI BELEDIYESI BASKET,YMB,K. Smith Jr,4,,,,,,OTHER,,YUKATEL MERKEZEFENDI BELEDIYESI BASKET foulon,,,,,,,,,0,180,1.0,,0,75,0,73
02:49,02:49:00,75,73,2,0,4,REGULAR,0,,1,timeout,582,,[],officials,0,,,,,,,,,,,,,,,,,,,,TIMEOUT,, timeout,,,,,,,,,0,180,1.0,,0,75,0,73
02:36,02:36:00,77,73,4,1,4,REGULAR,11,S. GRIFFIN,1,2pt,585,,['pointsinthepaint'],layup,1,1,Samuel Gevaris,Griffin,Samuel Gevaris,Griffin,S,G,S,G,S. Griffin,YUKATEL MERKEZEFENDI BELEDIYESI BASKET,YMB,S. Griffin,1,,,92.699996948242,43.049999237061,1.0,P2,made,YUKATEL MERKEZEFENDI BELEDIYESI BASKET S. GRIFFIN 2Pt made,,,,,,,,,2,180,1.0,score,2,77,0,73
02:17,02:17:00,77,73,4,1,4,REGULAR,13,J. HAWKINS,1,foul,588,,"['shooting', '2freethrow']",personal,0,31,Javontae Aaron,Hawkins,Javontae Aaron,Hawkins,J,H,J,H,J. Hawkins,YUKATEL MERKEZEFENDI BELEDIYESI BASKET,YMB,J. Hawkins,31,,,,,,FOUL,,YUKATEL MERKEZEFENDI BELEDIYESI BASKET J. HAWKINS foul personal,,,,,,,,,0,181,2.0,,0,77,0,73
02:17,02:17:00,77,73,4,2,4,REGULAR,11,M. REED,1,foulon,589,588,[],,0,0,Marcquise Deandre,Reed,Marcquise Deandre,Reed,M,R,M,R,M. Reed,TRABZONSPOR,TRB,M. Reed,0,,,,,,OTHER,,TRABZONSPOR foulon,,,,,,,,,0,181,2.0,,0,77,0,73
02:17,02:17:00,77,73,4,2,4,REGULAR,11,M. REED,0,freethrow,590,,[],1of2,1,0,Marcquise Deandre,Reed,Marcquise Deandre,Reed,M,R,M,R,M. Reed,TRABZONSPOR,TRB,M. Reed,0,,,,,,FT,missed,TRABZONSPOR M. REED FT 1of2 missed,,,,,,,,,0,181,2.0,def_reb,0,77,0,73
02:17,02:17:00,77,73,4,2,4,REGULAR,0,,1,rebound,591,590,[],offensivedeadball,0,,,,,,,,,,,TRABZONSPOR,TRB,,,,,,,,TREB,,TRABZONSPOR team rebound offensivedeadball,,,,,,,,,0,182,1.0,def_reb,0,77,0,73
02:17,02:17:00,77,74,3,2,4,REGULAR,11,M. REED,1,freethrow,592,,[],2of2,1,0,Marcquise Deandre,Reed,Marcquise Deandre,Reed,M,R,M,R,M. Reed,TRABZONSPOR,TRB,M. Reed,0,,,,,,FT,made,TRABZONSPOR M. REED FT 2of2 made,,,,,,,,,1,183,2.0,made_ft_last,0,77,1,74
02:17,02:17:00,77,74,3,2,4,REGULAR,5,O. ULUBAY,1,assist,593,592,[],,0,13,Okben,Ulubay,Okben,Ulubay,O,U,O,U,O. Ulubay,TRABZONSPOR,TRB,O. Ulubay,13,,,,,,ASS,,TRABZONSPOR O. ULUBAY assist,,,,,,,,,0,184,1.0,,0,77,0,74
02:17,02:17:00,77,74,3,1,4,REGULAR,0,,1,timeout,594,,[],full,0,,,,,,,,,,,YUKATEL MERKEZEFENDI BELEDIYESI BASKET,YMB,,,,,,,,TIMEOUT,,YUKATEL MERKEZEFENDI BELEDIYESI BASKET timeout,,,,,,,,,0,184,1.0,,0,77,0,74
02:03,02:03:00,77,74,3,2,4,REGULAR,12,A. YEBOAH,1,foul,598,,[],personal,0,15,Akwasi Abeyie,Yeboah,Akwasi Abeyie,Yeboah,A,Y,A,Y,A. Yeboah,TRABZONSPOR,TRB,A. Yeboah,15,,,,,,FOUL,,TRABZONSPOR A. YEBOAH foul personal,,,,,,,,,0,184,1.0,,0,77,0,74
02:03,02:03:00,77,74,3,1,4,REGULAR,21,K. SMITH JR,1,foulon,599,598,[],,0,4,Kenneth Jerome,Smith Jr,Kenneth Jerome,Smith Jr,K,S,K,S,K. Smith Jr,YUKATEL MERKEZEFENDI BELEDIYESI BASKET,YMB,K. Smith Jr,4,,,,,,OTHER,,YUKATEL MERKEZEFENDI BELEDIYESI BASKET foulon,,,,,,,,,0,184,1.0,,0,77,0,74
01:55,01:55:00,77,74,3,1,4,REGULAR,11,S. GRIFFIN,0,3pt,601,,[],jumpshot,1,1,Samuel Gevaris,Griffin,Samuel Gevaris,Griffin,S,G,S,G,S. Griffin,YUKATEL MERKEZEFENDI BELEDIYESI BASKET,YMB,S. Griffin,1,,,65.709999084473,63.389999389648,0.0,P3,missed,YUKATEL MERKEZEFENDI BELEDIYESI BASKET S. GRIFFIN 3Pt missed,,,,,,,,,0,184,1.0,def_reb,0,77,0,74
01:51,01:51:00,77,74,3,1,4,REGULAR,0,,1,rebound,603,601,['team'],offensive,0,,,,,,,,,,,YUKATEL MERKEZEFENDI BELEDIYESI BASKET,YMB,,,,,,,,TREB,,YUKATEL MERKEZEFENDI BELEDIYESI BASKET team rebound offensive,,,,,,,,,0,185,2.0,def_reb,0,77,0,74
01:40,01:40:00,77,74,3,1,4,REGULAR,21,K. SMITH JR,0,3pt,605,,['2ndchance'],pullupjumpshot,1,4,Kenneth Jerome,Smith Jr,Kenneth Jerome,Smith Jr,K,S,K,S,K. Smith Jr,YUKATEL MERKEZEFENDI BELEDIYESI BASKET,YMB,K. Smith Jr,4,,,75.690002441406,85.139999389648,0.0,P3,missed,YUKATEL MERKEZEFENDI BELEDIYESI BASKET K. SMITH JR 3Pt missed,,,,,,,,,0,186,1.0,def_reb,0,77,0,74
01:36,01:36:00,77,74,3,2,4,REGULAR,11,M. REED,1,rebound,606,605,[],defensive,0,0,Marcquise Deandre,Reed,Marcquise Deandre,Reed,M,R,M,R,M. Reed,TRABZONSPOR,TRB,M. Reed,0,,,,,,REB,,TRABZONSPOR rebound defensive,,,,,,,,,0,187,2.0,def_reb,0,77,0,74
01:30,01:30:00,77,74,3,2,4,REGULAR,11,M. REED,0,3pt,608,,[],jumpshot,1,0,Marcquise Deandre,Reed,Marcquise Deandre,Reed,M,R,M,R,M. Reed,TRABZONSPOR,TRB,M. Reed,0,,,22.809999465942,15.930000305176,0.0,P3,missed,TRABZONSPOR M. REED 3Pt missed,,,,,,,,,0,188,1.0,def_reb,0,77,0,74
01:30,01:30:00,77,74,3,1,4,REGULAR,21,K. SMITH JR,1,rebound,609,608,[],defensive,0,4,Kenneth Jerome,Smith Jr,Kenneth Jerome,Smith Jr,K,S,K,S,K. Smith Jr,YUKATEL MERKEZEFENDI BELEDIYESI BASKET,YMB,K. Smith Jr,4,,,,,,REB,,YUKATEL MERKEZEFENDI BELEDIYESI BASKET rebound defensive,,,,,,,,,0,189,2.0,def_reb,0,77,0,74
01:30,01:30:00,77,74,3,2,4,REGULAR,11,M. REED,1,foul,610,,['1freethrow'],technical,0,0,Marcquise Deandre,Reed,Marcquise Deandre,Reed,M,R,M,R,M. Reed,TRABZONSPOR,TRB,M. Reed,0,,,,,,FOUL,,TRABZONSPOR M. REED foul technical,,,,,,,,,0,190,1.0,,0,77,0,74
01:30,01:30:00,78,74,4,1,4,REGULAR,11,S. GRIFFIN,1,freethrow,611,,[],1of1,1,1,Samuel Gevaris,Griffin,Samuel Gevaris,Griffin,S,G,S,G,S. Griffin,YUKATEL MERKEZEFENDI BELEDIYESI BASKET,YMB,S. Griffin,1,,,,,,FT,made,YUKATEL MERKEZEFENDI BELEDIYESI BASKET S. GRIFFIN FT 1of1 made,,,,,,,,,1,190,1.0,made_ft_last,1,78,0,74
01:08,01:08:00,78,74,4,1,4,REGULAR,11,S. GRIFFIN,0,3pt,613,,[],stepbackjumpshot,1,1,Samuel Gevaris,Griffin,Samuel Gevaris,Griffin,S,G,S,G,S. Griffin,YUKATEL MERKEZEFENDI BELEDIYESI BASKET,YMB,S. Griffin,1,,,68.209999084473,43.049999237061,0.0,P3,missed,YUKATEL MERKEZEFENDI BELEDIYESI BASKET S. GRIFFIN 3Pt missed,,,,,,,,,0,191,2.0,def_reb,0,78,0,74
01:05,01:05:00,78,74,4,2,4,REGULAR,11,M. REED,1,rebound,614,613,[],defensive,0,0,Marcquise Deandre,Reed,Marcquise Deandre,Reed,M,R,M,R,M. Reed,TRABZONSPOR,TRB,M. Reed,0,,,,,,REB,,TRABZONSPOR rebound defensive,,,,,,,,,0,192,1.0,def_reb,0,78,0,74
01:04,01:04:00,78,74,4,2,4,REGULAR,11,M. REED,1,turnover,615,,[],badpass,0,0,Marcquise Deandre,Reed,Marcquise Deandre,Reed,M,R,M,R,M. Reed,TRABZONSPOR,TRB,M. Reed,0,,,,,,TO,,TRABZONSPOR M. REED turnover badpass,,,,,,,,,0,193,2.0,turnover,0,78,0,74
01:04,01:04:00,78,74,4,1,4,REGULAR,8,H. VANWIJN,1,steal,616,615,[],,0,10,Hans,Vanwijn,Hans,Vanwijn,H,V,H,V,H. Vanwijn,YUKATEL MERKEZEFENDI BELEDIYESI BASKET,YMB,H. Vanwijn,10,,,,,,ST,,YUKATEL MERKEZEFENDI BELEDIYESI BASKET H. VANWIJN steal,,,,,,,,,0,194,1.0,,0,78,0,74
00:43,00:43:90,78,74,4,2,4,REGULAR,12,A. YEBOAH,1,foul,618,,"['shooting', '2freethrow']",personal,0,15,Akwasi Abeyie,Yeboah,Akwasi Abeyie,Yeboah,A,Y,A,Y,A. Yeboah,TRABZONSPOR,TRB,A. Yeboah,15,,,,,,FOUL,,TRABZONSPOR A. YEBOAH foul personal,,,,,,,,,0,194,1.0,,0,78,0,74
00:43,00:43:90,78,74,4,1,4,REGULAR,11,S. GRIFFIN,1,foulon,619,618,[],,0,1,Samuel Gevaris,Griffin,Samuel Gevaris,Griffin,S,G,S,G,S. Griffin,YUKATEL MERKEZEFENDI BELEDIYESI BASKET,YMB,S. Griffin,1,,,,,,OTHER,,YUKATEL MERKEZEFENDI BELEDIYESI BASKET foulon,,,,,,,,,0,194,1.0,,0,78,0,74
00:43,00:43:90,78,74,4,2,4,REGULAR,0,,1,timeout,620,,[],full,0,,,,,,,,,,,TRABZONSPOR,TRB,,,,,,,,TIMEOUT,,TRABZONSPOR timeout,,,,,,,,,0,194,1.0,,0,78,0,74
00:43,00:43:90,79,74,5,1,4,REGULAR,11,S. GRIFFIN,1,freethrow,621,,['fromturnover'],1of2,1,1,Samuel Gevaris,Griffin,Samuel Gevaris,Griffin,S,G,S,G,S. Griffin,YUKATEL MERKEZEFENDI BELEDIYESI BASKET,YMB,S. Griffin,1,,,,,,FT,made,YUKATEL MERKEZEFENDI BELEDIYESI BASKET S. GRIFFIN FT 1of2 made,,,,,,,,,1,194,1.0,made_ft,1,79,0,74
00:43,00:43:90,80,74,6,1,4,REGULAR,11,S. GRIFFIN,1,freethrow,622,,['fromturnover'],2of2,1,1,Samuel Gevaris,Griffin,Samuel Gevaris,Griffin,S,G,S,G,S. Griffin,YUKATEL MERKEZEFENDI BELEDIYESI BASKET,YMB,S. Griffin,1,,,,,,FT,made,YUKATEL MERKEZEFENDI BELEDIYESI BASKET S. GRIFFIN FT 2of2 made,,,,,,,,,1,195,2.0,made_ft_last,1,80,0,74
00:31,00:31:30,80,74,6,2,4,REGULAR,14,D. GRANT,0,3pt,624,,[],stepbackjumpshot,1,1,Denove Octavon,Grant,Denove Octavon,Grant,D,G,D,G,D. Grant,TRABZONSPOR,TRB,D. Grant,1,,,17.35000038147,94.75,0.0,P3,missed,TRABZONSPOR D. GRANT 3Pt missed,,,,,,,,,0,196,1.0,def_reb,0,80,0,74
00:28,00:28:30,80,74,6,1,4,REGULAR,5,M. AGVA,1,rebound,625,624,[],defensive,0,46,Mahir,Agva,Mahir,Agva,M,A,M,A,M. Agva,YUKATEL MERKEZEFENDI BELEDIYESI BASKET,YMB,M. Agva,46,,,,,,REB,,YUKATEL MERKEZEFENDI BELEDIYESI BASKET rebound defensive,,,,,,,,,0,197,2.0,def_reb,0,80,0,74
00:22,00:22:90,80,74,6,2,4,REGULAR,14,D. GRANT,1,foul,627,,['2freethrow'],personal,0,1,Denove Octavon,Grant,Denove Octavon,Grant,D,G,D,G,D. Grant,TRABZONSPOR,TRB,D. Grant,1,,,,,,FOUL,,TRABZONSPOR D. GRANT foul personal,,,,,,,,,0,198,1.0,,0,80,0,74
00:22,00:22:90,80,74,6,1,4,REGULAR,11,S. GRIFFIN,1,foulon,628,627,[],,0,1,Samuel Gevaris,Griffin,Samuel Gevaris,Griffin,S,G,S,G,S. Griffin,YUKATEL MERKEZEFENDI BELEDIYESI BASKET,YMB,S. Griffin,1,,,,,,OTHER,,YUKATEL MERKEZEFENDI BELEDIYESI BASKET foulon,,,,,,,,,0,198,1.0,,0,80,0,74
00:22,00:22:90,80,74,6,2,4,REGULAR,0,,1,timeout,629,,[],full,0,,,,,,,,,,,TRABZONSPOR,TRB,,,,,,,,TIMEOUT,,TRABZONSPOR timeout,,,,,,,,,0,198,1.0,,0,80,0,74
00:22,00:22:90,81,74,7,1,4,REGULAR,11,S. GRIFFIN,1,freethrow,630,,[],1of2,1,1,Samuel Gevaris,Griffin,Samuel Gevaris,Griffin,S,G,S,G,S. Griffin,YUKATEL MERKEZEFENDI BELEDIYESI BASKET,YMB,S. Griffin,1,,,,,,FT,made,YUKATEL MERKEZEFENDI BELEDIYESI BASKET S. GRIFFIN FT 1of2 made,,,,,,,,,1,198,1.0,made_ft,1,81,0,74
00:22,00:22:90,82,74,8,1,4,REGULAR,11,S. GRIFFIN,1,freethrow,631,,[],2of2,1,1,Samuel Gevaris,Griffin,Samuel Gevaris,Griffin,S,G,S,G,S. Griffin,YUKATEL MERKEZEFENDI BELEDIYESI BASKET,YMB,S. Griffin,1,,,,,,FT,made,YUKATEL MERKEZEFENDI BELEDIYESI BASKET S. GRIFFIN FT 2of2 made,,,,,,,,,1,199,2.0,made_ft_last,1,82,0,74
00:13,00:13:20,82,74,8,1,4,REGULAR,8,H. VANWIJN,1,foul,634,,"['shooting', '2freethrow']",personal,0,10,Hans,Vanwijn,Hans,Vanwijn,H,V,H,V,H. Vanwijn,YUKATEL MERKEZEFENDI BELEDIYESI BASKET,YMB,H. Vanwijn,10,,,,,,FOUL,,YUKATEL MERKEZEFENDI BELEDIYESI BASKET H. VANWIJN foul personal,,,,,,,,,0,200,1.0,,0,82,0,74
00:13,00:13:20,82,74,8,2,4,REGULAR,9,A. DELGADO ASTACIO,1,foulon,635,634,[],,0,31,Angel Luis,Delgado Astacio,Angel Luis,Delgado Astacio,A,D,A,D,A. Delgado Astacio,TRABZONSPOR,TRB,A. Delgado Astacio,31,,,,,,OTHER,,TRABZONSPOR foulon,,,,,,,,,0,200,1.0,,0,82,0,74
00:13,00:13:20,82,75,7,2,4,REGULAR,9,A. DELGADO ASTACIO,1,freethrow,636,,[],1of2,1,31,Angel Luis,Delgado Astacio,Angel Luis,Delgado Astacio,A,D,A,D,A. Delgado Astacio,TRABZONSPOR,TRB,A. Delgado Astacio,31,,,,,,FT,made,TRABZONSPOR A. DELGADO ASTACIO FT 1of2 made,,,,,,,,,1,200,1.0,made_ft,0,82,1,75
00:13,00:13:20,82,75,7,2,4,REGULAR,14,D. GRANT,1,assist,637,636,[],,0,1,Denove Octavon,Grant,Denove Octavon,Grant,D,G,D,G,D. Grant,TRABZONSPOR,TRB,D. Grant,1,,,,,,ASS,,TRABZONSPOR D. GRANT assist,,,,,,,,,0,201,2.0,,0,82,0,75
00:13,00:13:20,82,75,7,2,4,REGULAR,9,A. DELGADO ASTACIO,0,freethrow,638,,[],2of2,1,31,Angel Luis,Delgado Astacio,Angel Luis,Delgado Astacio,A,D,A,D,A. Delgado Astacio,TRABZONSPOR,TRB,A. Delgado Astacio,31,,,,,,FT,missed,TRABZONSPOR A. DELGADO ASTACIO FT 2of2 missed,,,,,,,,,0,201,2.0,def_reb,0,82,0,75
00:12,00:12:10,82,75,7,1,4,REGULAR,0,,1,rebound,643,638,['team'],defensive,0,,,,,,,,,,,YUKATEL MERKEZEFENDI BELEDIYESI BASKET,YMB,,,,,,,,TREB,,YUKATEL MERKEZEFENDI BELEDIYESI BASKET team rebound defensive,,,,,,,,,0,202,1.0,def_reb,0,82,0,75
00:12,00:12:10,82,75,7,1,4,REGULAR,0,,1,timeout,644,,[],full,0,,,,,,,,,,,YUKATEL MERKEZEFENDI BELEDIYESI BASKET,YMB,,,,,,,,TIMEOUT,,YUKATEL MERKEZEFENDI BELEDIYESI BASKET timeout,,,,,,,,,0,203,2.0,,0,82,0,75
00:03,00:03:00,82,75,7,2,4,REGULAR,5,O. ULUBAY,1,foul,647,,"['shooting', '2freethrow']",personal,0,13,Okben,Ulubay,Okben,Ulubay,O,U,O,U,O. Ulubay,TRABZONSPOR,TRB,O. Ulubay,13,,,,,,FOUL,,TRABZONSPOR O. ULUBAY foul personal,,,,,,,,,0,203,2.0,,0,82,0,75
00:03,00:03:00,82,75,7,1,4,REGULAR,11,S. GRIFFIN,1,foulon,648,647,[],,0,1,Samuel Gevaris,Griffin,Samuel Gevaris,Griffin,S,G,S,G,S. Griffin,YUKATEL MERKEZEFENDI BELEDIYESI BASKET,YMB,S. Griffin,1,,,,,,OTHER,,YUKATEL MERKEZEFENDI BELEDIYESI BASKET foulon,,,,,,,,,0,203,2.0,,0,82,0,75
00:03,00:03:00,83,75,8,1,4,REGULAR,11,S. GRIFFIN,1,freethrow,649,,[],1of2,1,1,Samuel Gevaris,Griffin,Samuel Gevaris,Griffin,S,G,S,G,S. Griffin,YUKATEL MERKEZEFENDI BELEDIYESI BASKET,YMB,S. Griffin,1,,,,,,FT,made,YUKATEL MERKEZEFENDI BELEDIYESI BASKET S. GRIFFIN FT 1of2 made,,,,,,,,,1,203,2.0,made_ft,1,83,0,75
00:03,00:03:00,84,75,9,1,4,REGULAR,11,S. GRIFFIN,1,freethrow,650,,[],2of2,1,1,Samuel Gevaris,Griffin,Samuel Gevaris,Griffin,S,G,S,G,S. Griffin,YUKATEL MERKEZEFENDI BELEDIYESI BASKET,YMB,S. Griffin,1,,,,,,FT,made,YUKATEL MERKEZEFENDI BELEDIYESI BASKET S. GRIFFIN FT 2of2 made,,,,,,,,,1,204,1.0,made_ft_last,1,84,0,75
00:00,00:00:40,84,75,9,2,4,REGULAR,11,M. REED,0,3pt,653,,[],jumpshot,1,0,Marcquise Deandre,Reed,Marcquise Deandre,Reed,M,R,M,R,M. Reed,TRABZONSPOR,TRB,M. Reed,0,,,37.630001068115,55.479999542236,0.0,P3,missed,TRABZONSPOR M. REED 3Pt missed,,,,,,,,,0,205,2.0,,0,84,0,75
00:00,00:00:00,84,75,9,0,4,REGULAR,0,,1,period,656,,['confirmed'],end,0,,,,,,,,,,,,,,,,,,,,OTHER,,period end,,,,,,,,,0,205,2.0,,0,84,0,75
00:00,00:00:00,84,75,9,0,4,REGULAR,0,,1,game,657,,['confirmed'],end,0,,,,,,,,,,,,,,,,,,,,OTHER,,game end,,,,,,,,,0,205,2.0,,0,84,0,75
