gt,clock,s1,s2,lead,tno,period,periodType,pno,player,success,actionType,actionNumber,previousAction,qualifier,subType,scoring,shirtNumber,firstName,familyName,internationalFirstName,internationalFamilyName,firstNameInitial,familyNameInitial,internationalFirstNameInitial,internationalFamilyNameInitial,scoreboardName,team_name,team_code,player_name_from_roster,player_shirt,player_pos_raw,player_pos_group,x,y,r,ev_code,ev_result,ev_text,assist_pno,assist_tno,assist_player,block_pno,block_tno,block_player,assist_pos_group,block_pos_group,points,possession_id,possession_owner_tno,possession_end_reason,pts_1,cum_1,pts_2,cum_2
10:00,10:00:00,0,0,0,0,1,REGULAR,0,,1,game,1,,[],start,0,,,,,,,,,,,,,,,,,,,,OTHER,,game start,,,,,,,,,0,0,,,0,0,0,0
10:00,10:00:00,0,0,0,0,1,REGULAR,0,,1,period,2,,[],start,0,,,,,,,,,,,,,,,,,,,,OTHER,,period start,,,,,,,,,0,0,,,0,0,0,0
10:00,10:00:00,0,0,0,0,1,REGULAR,0,,1,jumpball,4,,[],startperiod,0,,,,,,,,,,,,,,,,,,,,JUMP,,jump ball,,,,,,,,,0,0,,,0,0,0,0
09:59,09:59:00,0,0,0,1,1,REGULAR,66,J. FLOYD,1,jumpball,5,4,[],won,0,20,Jehyve Jamal,Floyd,Jehyve Jamal,Floyd,J,F,J,F,J. Floyd,ALIAGA PETKIM SPOR,PTK,J. Floyd,20,,,,,,JUMP,,jump ball,,,,,,,,,0,0,,,0,0,0,0
09:59,09:59:00,0,0,0,2,1,REGULAR,9,J. WHITE,1,jumpball,6,4,[],lost,0,14,Jackson Thomas,White,Jackson Thomas,White,J,W,J,W,J. White,MERSIN SPOR,MSK,J. White,14,,,,,,JUMP,,jump ball,,,,,,,,,0,0,,,0,0,0,0
09:48,09:48:00,0,0,0,1,1,REGULAR,44,T. SAV,0,3pt,7,,[],jumpshot,1,15,Troy Selim,Sav,Troy Selim,Sav,T,S,T,S,T. Sav,ALIAGA PETKIM SPOR,PTK,T. Sav,15,,,26.079999923706,78.930000305176,0.0,P3,missed,ALIAGA PETKIM SPOR T. SAV 3Pt missed,,,,,,,,,0,1,1.0,,0,0,0,0
09:44,09:44:00,0,0,0,1,1,REGULAR,66,J. FLOYD,1,rebound,8,7,[],offensive,0,20,Jehyve Jamal,Floyd,Jehyve Jamal,Floyd,J,F,J,F,J. Floyd,ALIAGA PETKIM SPOR,PTK,J. Floyd,20,,,,,,REB,,ALIAGA PETKIM SPOR rebound offensive,,,,,,,,,0,1,1.0,,0,0,0,0
09:39,09:39:00,2,0,2,1,1,REGULAR,44,T. SAV,1,2pt,10,,"['2ndchance', 'pointsinthepaint']",jumpshot,1,15,Troy Selim,Sav,Troy Selim,Sav,T,S,T,S,T. Sav,ALIAGA PETKIM SPOR,PTK,T. Sav,15,,,7.0500001907349,60.0,1.0,P2,made,ALIAGA PETKIM SPOR T. SAV 2Pt made,66.0,1.0,J. FLOYD,,,,,,2,1,1.0,score,2,2,0,0
09:39,09:39:00,2,0,2,1,1,REGULAR,66,J. FLOYD,1,assist,11,10,[],,0,20,Jehyve Jamal,Floyd,Jehyve Jamal,Floyd,J,F,J,F,J. Floyd,ALIAGA PETKIM SPOR,PTK,J. Floyd,20,,,,,,ASS,,ALIAGA PETKIM SPOR J. FLOYD assist,,,,,,,,,0,2,2.0,,0,2,0,0
09:39,09:39:00,2,0,2,2,1,REGULAR,4,E. TIRPANCI,1,foul,12,,"['shooting', '1freethrow']",personal,0,10,Efe Ergi,Tirpanci,Efe Ergi,Tirpanci,E,T,E,T,E. Tirpanci,MERSIN SPOR,MSK,E. Tirpanci,10,,,,,,FOUL,,MERSIN SPOR E. TIRPANCI foul personal,,,,,,,,,0,2,2.0,,0,2,0,0
09:39,09:39:00,2,0,2,1,1,REGULAR,44,T. SAV,1,foulon,13,12,[],,0,15,Troy Selim,Sav,Troy Selim,Sav,T,S,T,S,T. Sav,ALIAGA PETKIM SPOR,PTK,T. Sav,15,,,,,,OTHER,,ALIAGA PETKIM SPOR foulon,,,,,,,,,0,2,2.0,,0,2,0,0
09:39,09:39:00,2,0,2,1,1,REGULAR,44,T. SAV,0,freethrow,14,,['2ndchance'],1of1,1,15,Troy Selim,Sav,Troy Selim,Sav,T,S,T,S,T. Sav,ALIAGA PETKIM SPOR,PTK,T. Sav,15,,,,,,FT,missed,ALIAGA PETKIM SPOR T. SAV FT 1of1 missed,,,,,,,,,0,2,2.0,def_reb,0,2,0,0
09:39,09:39:00,2,0,2,2,1,REGULAR,4,E. TIRPANCI,1,rebound,16,14,[],defensive,0,10,Efe Ergi,Tirpanci,Efe Ergi,Tirpanci,E,T,E,T,E. Tirpanci,MERSIN SPOR,MSK,E. Tirpanci,10,,,,,,REB,,MERSIN SPOR rebound defensive,,,,,,,,,0,3,1.0,def_reb,0,2,0,0
09:24,09:24:00,2,0,2,1,1,REGULAR,70,U. UTOMI,1,foul,18,,[],personal,0,8,Uzodinma,Utomi,Uzodinma,Utomi,U,U,U,U,U. Utomi,ALIAGA PETKIM SPOR,PTK,U. Utomi,8,,,,,,FOUL,,ALIAGA PETKIM SPOR U. UTOMI foul personal,,,,,,,,,0,4,2.0,,0,2,0,0
09:24,09:24:00,2,0,2,2,1,REGULAR,5,J. COBBS,1,foulon,19,18,[],,0,1,Justin,Cobbs,Justin,Cobbs,J,C,J,C,J. Cobbs,MERSIN SPOR,MSK,J. Cobbs,1,,,,,,OTHER,,MERSIN SPOR foulon,,,,,,,,,0,4,2.0,,0,2,0,0
09:12,09:12:00,2,0,2,2,1,REGULAR,4,E. TIRPANCI,1,turnover,23,,[],badpass,0,10,Efe Ergi,Tirpanci,Efe Ergi,Tirpanci,E,T,E,T,E. Tirpanci,MERSIN SPOR,MSK,E. Tirpanci,10,,,,,,TO,,MERSIN SPOR E. TIRPANCI turnover badpass,,,,,,,,,0,4,2.0,turnover,0,2,0,0
09:12,09:12:00,2,0,2,1,1,REGULAR,44,T. SAV,1,steal,24,23,[],,0,15,Troy Selim,Sav,Troy Selim,Sav,T,S,T,S,T. Sav,ALIAGA PETKIM SPOR,PTK,T. Sav,15,,,,,,ST,,ALIAGA PETKIM SPOR T. SAV steal,,,,,,,,,0,5,1.0,,0,2,0,0
09:07,09:07:00,4,0,4,1,1,REGULAR,66,J. FLOYD,1,2pt,25,,"['fromturnover', 'pointsinthepaint', 'fastbreak']",alleyoopdunk,1,20,Jehyve Jamal,Floyd,Jehyve Jamal,Floyd,J,F,J,F,J. Floyd,ALIAGA PETKIM SPOR,PTK,J. Floyd,20,,,7.9899997711182,51.810001373291,1.0,P2,made,ALIAGA PETKIM SPOR J. FLOYD 2Pt made,98.0,1.0,P. SCRUBB,,,,,,2,5,1.0,score,2,4,0,0
09:07,09:07:00,4,0,4,1,1,REGULAR,98,P. SCRUBB,1,assist,27,25,[],,0,23,Philip Alexander,Scrubb,Philip Alexander,Scrubb,P,S,P,S,P. Scrubb,ALIAGA PETKIM SPOR,PTK,P. Scrubb,23,,,,,,ASS,,ALIAGA PETKIM SPOR P. SCRUBB assist,,,,,,,,,0,6,2.0,,0,4,0,0
08:46,08:46:00,4,0,4,2,1,REGULAR,9,J. WHITE,0,3pt,29,,[],jumpshot,1,14,Jackson Thomas,White,Jackson Thomas,White,J,W,J,W,J. White,MERSIN SPOR,MSK,J. White,14,,,91.76000213623,97.569999694824,0.0,P3,missed,MERSIN SPOR J. WHITE 3Pt missed,,,,,,,,,0,6,2.0,def_reb,0,4,0,0
08:44,08:44:00,4,0,4,1,1,REGULAR,66,J. FLOYD,1,rebound,30,29,[],defensive,0,20,Jehyve Jamal,Floyd,Jehyve Jamal,Floyd,J,F,J,F,J. Floyd,ALIAGA PETKIM SPOR,PTK,J. Floyd,20,,,,,,REB,,ALIAGA PETKIM SPOR rebound defensive,,,,,,,,,0,7,1.0,def_reb,0,4,0,0
08:33,08:33:00,6,0,6,1,1,REGULAR,98,P. SCRUBB,1,2pt,31,,['pointsinthepaint'],jumpshot,1,23,Philip Alexander,Scrubb,Philip Alexander,Scrubb,P,S,P,S,P. Scrubb,ALIAGA PETKIM SPOR,PTK,P. Scrubb,23,,,18.909999847412,64.800003051758,1.0,P2,made,ALIAGA PETKIM SPOR P. SCRUBB 2Pt made,,,,,,,,,2,8,2.0,score,2,6,0,0
08:12,08:12:00,6,2,4,2,1,REGULAR,5,J. COBBS,1,2pt,32,,[],jumpshot,1,1,Justin,Cobbs,Justin,Cobbs,J,C,J,C,J. Cobbs,MERSIN SPOR,MSK,J. Cobbs,1,,,79.440002441406,73.839996337891,1.0,P2,made,MERSIN SPOR J. COBBS 2Pt made,,,,,,,,,2,9,1.0,score,0,6,2,2
07:51,07:51:00,6,2,4,1,1,REGULAR,70,U. UTOMI,1,turnover,33,,[],badpass,0,8,Uzodinma,Utomi,Uzodinma,Utomi,U,U,U,U,U. Utomi,ALIAGA PETKIM SPOR,PTK,U. Utomi,8,,,,,,TO,,ALIAGA PETKIM SPOR U. UTOMI turnover badpass,,,,,,,,,0,10,2.0,turnover,0,6,0,2
07:51,07:51:00,6,2,4,2,1,REGULAR,9,J. WHITE,1,steal,34,33,[],,0,14,Jackson Thomas,White,Jackson Thomas,White,J,W,J,W,J. White,MERSIN SPOR,MSK,J. White,14,,,,,,ST,,MERSIN SPOR J. WHITE steal,,,,,,,,,0,11,1.0,,0,6,0,2
07:34,07:34:00,6,2,4,1,1,REGULAR,66,J. FLOYD,1,foul,36,,[],personal,0,20,Jehyve Jamal,Floyd,Jehyve Jamal,Floyd,J,F,J,F,J. Floyd,ALIAGA PETKIM SPOR,PTK,J. Floyd,20,,,,,,FOUL,,ALIAGA PETKIM SPOR J. FLOYD foul personal,,,,,,,,,0,11,1.0,,0,6,0,2
07:34,07:34:00,6,2,4,2,1,REGULAR,7,B. BENTIL,1,foulon,37,36,[],,0,50,Benjamin,Bentil,Benjamin,Bentil,B,B,B,B,B. Bentil,MERSIN SPOR,MSK,B. Bentil,50,,,,,,OTHER,,MERSIN SPOR foulon,,,,,,,,,0,11,1.0,,0,6,0,2
07:23,07:23:00,6,4,2,2,1,REGULAR,7,B. BENTIL,1,2pt,39,,['fromturnover'],jumpshot,1,50,Benjamin,Bentil,Benjamin,Bentil,B,B,B,B,B. Bentil,MERSIN SPOR,MSK,B. Bentil,50,,,92.540000915527,73.559997558594,1.0,P2,made,MERSIN SPOR B. BENTIL 2Pt made,9.0,2.0,J. WHITE,,,,,,2,11,1.0,score,0,6,2,4
07:23,07:23:00,6,4,2,2,1,REGULAR,9,J. WHITE,1,assist,40,39,[],,0,14,Jackson Thomas,White,Jackson Thomas,White,J,W,J,W,J. White,MERSIN SPOR,MSK,J. White,14,,,,,,ASS,,MERSIN SPOR J. WHITE assist,,,,,,,,,0,12,2.0,,0,6,0,4
07:13,07:13:00,6,4,2,2,1,REGULAR,5,J. COBBS,1,foul,42,,"['shooting', '2freethrow']",personal,0,1,Justin,Cobbs,Justin,Cobbs,J,C,J,C,J. Cobbs,MERSIN SPOR,MSK,J. Cobbs,1,,,,,,FOUL,,MERSIN SPOR J. COBBS foul personal,,,,,,,,,0,12,2.0,,0,6,0,4
07:13,07:13:00,6,4,2,1,1,REGULAR,98,P. SCRUBB,1,foulon,43,42,[],,0,23,Philip Alexander,Scrubb,Philip Alexander,Scrubb,P,S,P,S,P. Scrubb,ALIAGA PETKIM SPOR,PTK,P. Scrubb,23,,,,,,OTHER,,ALIAGA PETKIM SPOR foulon,,,,,,,,,0,12,2.0,,0,6,0,4
07:13,07:13:00,7,4,3,1,1,REGULAR,98,P. SCRUBB,1,freethrow,44,,[],1of2,1,23,Philip Alexander,Scrubb,Philip Alexander,Scrubb,P,S,P,S,P. Scrubb,ALIAGA PETKIM SPOR,PTK,P. Scrubb,23,,,,,,FT,made,ALIAGA PETKIM SPOR P. SCRUBB FT 1of2 made,,,,,,,,,1,12,2.0,made_ft,1,7,0,4
07:13,07:13:00,7,4,3,1,1,REGULAR,98,P. SCRUBB,0,freethrow,45,,[],2of2,1,23,Philip Alexander,Scrubb,Philip Alexander,Scrubb,P,S,P,S,P. Scrubb,ALIAGA PETKIM SPOR,PTK,P. Scrubb,23,,,,,,FT,missed,ALIAGA PETKIM SPOR P. SCRUBB FT 2of2 missed,,,,,,,,,0,13,1.0,def_reb,0,7,0,4
07:13,07:13:00,7,4,3,2,1,REGULAR,7,B. BENTIL,1,rebound,47,45,[],defensive,0,50,Benjamin,Bentil,Benjamin,Bentil,B,B,B,B,B. Bentil,MERSIN SPOR,MSK,B. Bentil,50,,,,,,REB,,MERSIN SPOR rebound defensive,,,,,,,,,0,14,2.0,def_reb,0,7,0,4
06:53,06:53:00,7,4,3,1,1,REGULAR,44,T. SAV,1,foul,49,,"['shooting', '2freethrow']",personal,0,15,Troy Selim,Sav,Troy Selim,Sav,T,S,T,S,T. Sav,ALIAGA PETKIM SPOR,PTK,T. Sav,15,,,,,,FOUL,,ALIAGA PETKIM SPOR T. SAV foul personal,,,,,,,,,0,15,1.0,,0,7,0,4
06:53,06:53:00,7,4,3,2,1,REGULAR,56,A. COWAN,1,foulon,50,49,[],,0,7,Anthony Dewayne,Cowan,Anthony Dewayne,Cowan,A,C,A,C,A. Cowan,MERSIN SPOR,MSK,A. Cowan,7,,,,,,OTHER,,MERSIN SPOR foulon,,,,,,,,,0,15,1.0,,0,7,0,4
06:53,06:53:00,7,5,2,2,1,REGULAR,56,A. COWAN,1,freethrow,51,,[],1of2,1,7,Anthony Dewayne,Cowan,Anthony Dewayne,Cowan,A,C,A,C,A. Cowan,MERSIN SPOR,MSK,A. Cowan,7,,,,,,FT,made,MERSIN SPOR A. COWAN FT 1of2 made,,,,,,,,,1,15,1.0,made_ft,0,7,1,5
06:53,06:53:00,7,5,2,2,1,REGULAR,9,J. WHITE,1,assist,52,51,[],,0,14,Jackson Thomas,White,Jackson Thomas,White,J,W,J,W,J. White,MERSIN SPOR,MSK,J. White,14,,,,,,ASS,,MERSIN SPOR J. WHITE assist,,,,,,,,,0,16,2.0,,0,7,0,5
06:53,06:53:00,7,6,1,2,1,REGULAR,56,A. COWAN,1,freethrow,53,,[],2of2,1,7,Anthony Dewayne,Cowan,Anthony Dewayne,Cowan,A,C,A,C,A. Cowan,MERSIN SPOR,MSK,A. Cowan,7,,,,,,FT,made,MERSIN SPOR A. COWAN FT 2of2 made,,,,,,,,,1,16,2.0,made_ft_last,0,7,1,6
06:38,06:38:00,9,6,3,1,1,REGULAR,66,J. FLOYD,1,2pt,55,,['pointsinthepaint'],layup,1,20,Jehyve Jamal,Floyd,Jehyve Jamal,Floyd,J,F,J,F,J. Floyd,ALIAGA PETKIM SPOR,PTK,J. Floyd,20,,,8.460000038147,55.759998321533,1.0,P2,made,ALIAGA PETKIM SPOR J. FLOYD 2Pt made,98.0,1.0,P. SCRUBB,,,,,,2,17,1.0,score,2,9,0,6
06:38,06:38:00,9,6,3,1,1,REGULAR,98,P. SCRUBB,1,assist,56,55,[],,0,23,Philip Alexander,Scrubb,Philip Alexander,Scrubb,P,S,P,S,P. Scrubb,ALIAGA PETKIM SPOR,PTK,P. Scrubb,23,,,,,,ASS,,ALIAGA PETKIM SPOR P. SCRUBB assist,,,,,,,,,0,18,2.0,,0,9,0,6
06:15,06:15:00,9,8,1,2,1,REGULAR,9,J. WHITE,1,2pt,58,,[],jumpshot,1,14,Jackson Thomas,White,Jackson Thomas,White,J,W,J,W,J. White,MERSIN SPOR,MSK,J. White,14,,,79.129997253418,23.840000152588,1.0,P2,made,MERSIN SPOR J. WHITE 2Pt made,56.0,2.0,A. COWAN,,,,,,2,18,2.0,score,0,9,2,8
06:15,06:15:00,9,8,1,2,1,REGULAR,56,A. COWAN,1,assist,59,58,[],,0,7,Anthony Dewayne,Cowan,Anthony Dewayne,Cowan,A,C,A,C,A. Cowan,MERSIN SPOR,MSK,A. Cowan,7,,,,,,ASS,,MERSIN SPOR A. COWAN assist,,,,,,,,,0,19,1.0,,0,9,0,8
05:57,05:57:00,11,8,3,1,1,REGULAR,66,J. FLOYD,1,2pt,60,,['pointsinthepaint'],jumpshot,1,20,Jehyve Jamal,Floyd,Jehyve Jamal,Floyd,J,F,J,F,J. Floyd,ALIAGA PETKIM SPOR,PTK,J. Floyd,20,,,7.6799998283386,57.740001678467,1.0,P2,made,ALIAGA PETKIM SPOR J. FLOYD 2Pt made,98.0,1.0,P. SCRUBB,,,,,,2,19,1.0,score,2,11,0,8
05:57,05:57:00,11,8,3,1,1,REGULAR,98,P. SCRUBB,1,assist,61,60,[],,0,23,Philip Alexander,Scrubb,Philip Alexander,Scrubb,P,S,P,S,P. Scrubb,ALIAGA PETKIM SPOR,PTK,P. Scrubb,23,,,,,,ASS,,ALIAGA PETKIM SPOR P. SCRUBB assist,,,,,,,,,0,20,2.0,,0,11,0,8
05:36,05:36:00,11,10,1,2,1,REGULAR,56,A. COWAN,1,2pt,62,,['pointsinthepaint'],drivinglayup,1,7,Anthony Dewayne,Cowan,Anthony Dewayne,Cowan,A,C,A,C,A. Cowan,MERSIN SPOR,MSK,A. Cowan,7,,,93.949996948242,42.490001678467,1.0,P2,made,MERSIN SPOR A. COWAN 2Pt made,,,,,,,,,2,20,2.0,score,0,11,2,10
05:18,05:18:00,13,10,3,1,1,REGULAR,98,P. SCRUBB,1,2pt,63,,['pointsinthepaint'],jumpshot,1,23,Philip Alexander,Scrubb,Philip Alexander,Scrubb,P,S,P,S,P. Scrubb,ALIAGA PETKIM SPOR,PTK,P. Scrubb,23,,,7.6799998283386,42.200000762939,1.0,P2,made,ALIAGA PETKIM SPOR P. SCRUBB 2Pt made,66.0,1.0,J. FLOYD,,,,,,2,21,1.0,score,2,13,0,10
05:18,05:18:00,13,10,3,1,1,REGULAR,66,J. FLOYD,1,assist,64,63,[],,0,20,Jehyve Jamal,Floyd,Jehyve Jamal,Floyd,J,F,J,F,J. Floyd,ALIAGA PETKIM SPOR,PTK,J. Floyd,20,,,,,,ASS,,ALIAGA PETKIM SPOR J. FLOYD assist,,,,,,,,,0,22,2.0,,0,13,0,10
05:08,05:08:00,13,10,3,1,1,REGULAR,70,U. UTOMI,1,foul,66,,"['shooting', '2freethrow']",personal,0,8,Uzodinma,Utomi,Uzodinma,Utomi,U,U,U,U,U. Utomi,ALIAGA PETKIM SPOR,PTK,U. Utomi,8,,,,,,FOUL,,ALIAGA PETKIM SPOR U. UTOMI foul personal,,,,,,,,,0,22,2.0,,0,13,0,10
05:08,05:08:00,13,10,3,2,1,REGULAR,5,J. COBBS,1,foulon,67,66,[],,0,1,Justin,Cobbs,Justin,Cobbs,J,C,J,C,J. Cobbs,MERSIN SPOR,MSK,J. Cobbs,1,,,,,,OTHER,,MERSIN SPOR foulon,,,,,,,,,0,22,2.0,,0,13,0,10
05:08,05:08:00,13,10,3,1,1,REGULAR,70,U. UTOMI,1,substitution,68,,[],out,0,8,Uzodinma,Utomi,Uzodinma,Utomi,U,U,U,U,U. Utomi,ALIAGA PETKIM SPOR,PTK,U. Utomi,8,,,,,,SUB,out,ALIAGA PETKIM SPOR substitution out,,,,,,,,,0,22,2.0,,0,13,0,10
05:08,05:08:00,13,10,3,1,1,REGULAR,68,Y. FRANKE,1,substitution,69,,[],in,0,5,Yannick Ayrton,Franke,Yannick Ayrton,Franke,Y,F,Y,F,Y. Franke,ALIAGA PETKIM SPOR,PTK,Y. Franke,5,,,,,,SUB,in,ALIAGA PETKIM SPOR substitution in,,,,,,,,,0,22,2.0,,0,13,0,10
05:08,05:08:00,13,11,2,2,1,REGULAR,5,J. COBBS,1,freethrow,70,,[],1of2,1,1,Justin,Cobbs,Justin,Cobbs,J,C,J,C,J. Cobbs,MERSIN SPOR,MSK,J. Cobbs,1,,,,,,FT,made,MERSIN SPOR J. COBBS FT 1of2 made,,,,,,,,,1,22,2.0,made_ft,0,13,1,11
05:08,05:08:00,13,11,2,2,1,REGULAR,5,J. COBBS,0,freethrow,71,,[],2of2,1,1,Justin,Cobbs,Justin,Cobbs,J,C,J,C,J. Cobbs,MERSIN SPOR,MSK,J. Cobbs,1,,,,,,FT,missed,MERSIN SPOR J. COBBS FT 2of2 missed,,,,,,,,,0,23,1.0,def_reb,0,13,0,11
05:08,05:08:00,13,11,2,1,1,REGULAR,66,J. FLOYD,1,rebound,73,71,[],defensive,0,20,Jehyve Jamal,Floyd,Jehyve Jamal,Floyd,J,F,J,F,J. Floyd,ALIAGA PETKIM SPOR,PTK,J. Floyd,20,,,,,,REB,,ALIAGA PETKIM SPOR rebound defensive,,,,,,,,,0,24,2.0,def_reb,0,13,0,11
04:49,04:49:00,13,11,2,2,1,REGULAR,9,J. WHITE,1,foul,75,,"['shooting', '2freethrow']",personal,0,14,Jackson Thomas,White,Jackson Thomas,White,J,W,J,W,J. White,MERSIN SPOR,MSK,J. White,14,,,,,,FOUL,,MERSIN SPOR J. WHITE foul personal,,,,,,,,,0,25,1.0,,0,13,0,11
04:49,04:49:00,13,11,2,1,1,REGULAR,68,Y. FRANKE,1,foulon,76,75,[],,0,5,Yannick Ayrton,Franke,Yannick Ayrton,Franke,Y,F,Y,F,Y. Franke,ALIAGA PETKIM SPOR,PTK,Y. Franke,5,,,,,,OTHER,,ALIAGA PETKIM SPOR foulon,,,,,,,,,0,25,1.0,,0,13,0,11
04:49,04:49:00,13,11,2,0,1,REGULAR,0,,1,timeout,77,,[],officials,0,,,,,,,,,,,,,,,,,,,,TIMEOUT,, timeout,,,,,,,,,0,25,1.0,,0,13,0,11
04:49,04:49:00,13,11,2,1,1,REGULAR,66,J. FLOYD,1,substitution,78,,[],out,0,20,Jehyve Jamal,Floyd,Jehyve Jamal,Floyd,J,F,J,F,J. Floyd,ALIAGA PETKIM SPOR,PTK,J. Floyd,20,,,,,,SUB,out,ALIAGA PETKIM SPOR substitution out,,,,,,,,,0,25,1.0,,0,13,0,11
04:49,04:49:00,13,11,2,1,1,REGULAR,64,M. SAJUS,1,substitution,79,,[],in,0,19,Martynas,Sajus,Martynas,Sajus,M,S,M,S,M. Sajus,ALIAGA PETKIM SPOR,PTK,M. Sajus,19,,,,,,SUB,in,ALIAGA PETKIM SPOR substitution in,,,,,,,,,0,25,1.0,,0,13,0,11
04:49,04:49:00,13,11,2,2,1,REGULAR,7,B. BENTIL,1,substitution,80,,[],out,0,50,Benjamin,Bentil,Benjamin,Bentil,B,B,B,B,B. Bentil,MERSIN SPOR,MSK,B. Bentil,50,,,,,,SUB,out,MERSIN SPOR substitution out,,,,,,,,,0,25,1.0,,0,13,0,11
04:49,04:49:00,13,11,2,2,1,REGULAR,55,A. OLASENI,1,substitution,81,,[],in,0,0,Abodunrin Gabriel,Olaseni,Abodunrin Gabriel,Olaseni,A,O,A,O,A. Olaseni,MERSIN SPOR,MSK,A. Olaseni,0,,,,,,SUB,in,MERSIN SPOR substitution in,,,,,,,,,0,25,1.0,,0,13,0,11
04:49,04:49:00,14,11,3,1,1,REGULAR,68,Y. FRANKE,1,freethrow,82,,[],1of2,1,5,Yannick Ayrton,Franke,Yannick Ayrton,Franke,Y,F,Y,F,Y. Franke,ALIAGA PETKIM SPOR,PTK,Y. Franke,5,,,,,,FT,made,ALIAGA PETKIM SPOR Y. FRANKE FT 1of2 made,,,,,,,,,1,25,1.0,made_ft,1,14,0,11
04:49,04:49:00,15,11,4,1,1,REGULAR,68,Y. FRANKE,1,freethrow,83,,[],2of2,1,5,Yannick Ayrton,Franke,Yannick Ayrton,Franke,Y,F,Y,F,Y. Franke,ALIAGA PETKIM SPOR,PTK,Y. Franke,5,,,,,,FT,made,ALIAGA PETKIM SPOR Y. FRANKE FT 2of2 made,,,,,,,,,1,26,2.0,made_ft_last,1,15,0,11
04:28,04:28:00,15,11,4,2,1,REGULAR,56,A. COWAN,0,2pt,86,,[],jumpshot,1,7,Anthony Dewayne,Cowan,Anthony Dewayne,Cowan,A,C,A,C,A. Cowan,MERSIN SPOR,MSK,A. Cowan,7,,,74.129997253418,33.159999847412,0.0,P2,missed,MERSIN SPOR A. COWAN 2Pt missed,,,,,,,,,0,27,1.0,def_reb,0,15,0,11
04:27,04:27:00,15,11,4,2,1,REGULAR,0,,1,rebound,87,86,['team'],offensive,0,,,,,,,,,,,MERSIN SPOR,MSK,,,,,,,,TREB,,MERSIN SPOR team rebound offensive,,,,,,,,,0,28,2.0,def_reb,0,15,0,11
04:27,04:27:00,15,11,4,1,1,REGULAR,68,Y. FRANKE,1,foul,88,,"['shooting', '2freethrow']",personal,0,5,Yannick Ayrton,Franke,Yannick Ayrton,Franke,Y,F,Y,F,Y. Franke,ALIAGA PETKIM SPOR,PTK,Y. Franke,5,,,,,,FOUL,,ALIAGA PETKIM SPOR Y. FRANKE foul personal,,,,,,,,,0,29,1.0,,0,15,0,11
04:27,04:27:00,15,11,4,2,1,REGULAR,4,E. TIRPANCI,1,foulon,89,88,[],,0,10,Efe Ergi,Tirpanci,Efe Ergi,Tirpanci,E,T,E,T,E. Tirpanci,MERSIN SPOR,MSK,E. Tirpanci,10,,,,,,OTHER,,MERSIN SPOR foulon,,,,,,,,,0,29,1.0,,0,15,0,11
04:27,04:27:00,15,12,3,2,1,REGULAR,4,E. TIRPANCI,1,freethrow,90,,['2ndchance'],1of2,1,10,Efe Ergi,Tirpanci,Efe Ergi,Tirpanci,E,T,E,T,E. Tirpanci,MERSIN SPOR,MSK,E. Tirpanci,10,,,,,,FT,made,MERSIN SPOR E. TIRPANCI FT 1of2 made,,,,,,,,,1,29,1.0,made_ft,0,15,1,12
04:27,04:27:00,15,13,2,2,1,REGULAR,4,E. TIRPANCI,1,freethrow,91,,['2ndchance'],2of2,1,10,Efe Ergi,Tirpanci,Efe Ergi,Tirpanci,E,T,E,T,E. Tirpanci,MERSIN SPOR,MSK,E. Tirpanci,10,,,,,,FT,made,MERSIN SPOR E. TIRPANCI FT 2of2 made,,,,,,,,,1,30,2.0,made_ft_last,0,15,1,13
04:09,04:09:00,18,13,5,1,1,REGULAR,67,D. EFIANAYI JR,1,3pt,93,,[],jumpshot,1,4,David Tinsley Eghosa,Efianayi Jr,David Tinsley Eghosa,Efianayi Jr,D,E,D,E,D. Efianayi Jr,ALIAGA PETKIM SPOR,PTK,D. Efianayi Jr,4,,,27.639999389648,25.540000915527,1.0,P3,made,ALIAGA PETKIM SPOR D. EFIANAYI JR 3Pt made,,,,,,,,,3,31,1.0,score,3,18,0,13
04:04,04:04:00,18,13,5,1,1,REGULAR,64,M. SAJUS,1,foul,95,,['2freethrow'],unsportsmanlike,0,19,Martynas,Sajus,Martynas,Sajus,M,S,M,S,M. Sajus,ALIAGA PETKIM SPOR,PTK,M. Sajus,19,,,,,,FOUL,,ALIAGA PETKIM SPOR M. SAJUS foul unsportsmanlike,,,,,,,,,0,32,2.0,,0,18,0,13
04:04,04:04:00,18,13,5,2,1,REGULAR,55,A. OLASENI,1,foulon,96,95,[],,0,0,Abodunrin Gabriel,Olaseni,Abodunrin Gabriel,Olaseni,A,O,A,O,A. Olaseni,MERSIN SPOR,MSK,A. Olaseni,0,,,,,,OTHER,,MERSIN SPOR foulon,,,,,,,,,0,32,2.0,,0,18,0,13
04:04,04:04:00,18,14,4,2,1,REGULAR,55,A. OLASENI,1,freethrow,97,,['fastbreak'],1of2,1,0,Abodunrin Gabriel,Olaseni,Abodunrin Gabriel,Olaseni,A,O,A,O,A. Olaseni,MERSIN SPOR,MSK,A. Olaseni,0,,,,,,FT,made,MERSIN SPOR A. OLASENI FT 1of2 made,,,,,,,,,1,32,2.0,made_ft,0,18,1,14
04:04,04:04:00,18,14,4,2,1,REGULAR,55,A. OLASENI,0,freethrow,98,,['fastbreak'],2of2,1,0,Abodunrin Gabriel,Olaseni,Abodunrin Gabriel,Olaseni,A,O,A,O,A. Olaseni,MERSIN SPOR,MSK,A. Olaseni,0,,,,,,FT,missed,MERSIN SPOR A. OLASENI FT 2of2 missed,,,,,,,,,0,33,1.0,,0,18,0,14
03:52,03:52:00,18,14,4,2,1,REGULAR,4,E. TIRPANCI,0,3pt,100,,[],jumpshot,1,10,Efe Ergi,Tirpanci,Efe Ergi,Tirpanci,E,T,E,T,E. Tirpanci,MERSIN SPOR,MSK,E. Tirpanci,10,,,79.589996337891,10.85000038147,0.0,P3,missed,MERSIN SPOR E. TIRPANCI 3Pt missed,,,,,,,,,0,33,1.0,def_reb,0,18,0,14
03:50,03:50:00,18,14,4,1,1,REGULAR,68,Y. FRANKE,1,rebound,101,100,[],defensive,0,5,Yannick Ayrton,Franke,Yannick Ayrton,Franke,Y,F,Y,F,Y. Franke,ALIAGA PETKIM SPOR,PTK,Y. Franke,5,,,,,,REB,,ALIAGA PETKIM SPOR rebound defensive,,,,,,,,,0,34,2.0,def_reb,0,18,0,14
03:50,03:50:00,18,14,4,2,1,REGULAR,4,E. TIRPANCI,1,foul,103,,[],personal,0,10,Efe Ergi,Tirpanci,Efe Ergi,Tirpanci,E,T,E,T,E. Tirpanci,MERSIN SPOR,MSK,E. Tirpanci,10,,,,,,FOUL,,MERSIN SPOR E. TIRPANCI foul personal,,,,,,,,,0,35,1.0,,0,18,0,14
03:50,03:50:00,18,14,4,1,1,REGULAR,68,Y. FRANKE,1,foulon,104,103,[],,0,5,Yannick Ayrton,Franke,Yannick Ayrton,Franke,Y,F,Y,F,Y. Franke,ALIAGA PETKIM SPOR,PTK,Y. Franke,5,,,,,,OTHER,,ALIAGA PETKIM SPOR foulon,,,,,,,,,0,35,1.0,,0,18,0,14
03:50,03:50:00,18,14,4,2,1,REGULAR,5,J. COBBS,1,substitution,105,,[],out,0,1,Justin,Cobbs,Justin,Cobbs,J,C,J,C,J. Cobbs,MERSIN SPOR,MSK,J. Cobbs,1,,,,,,SUB,out,MERSIN SPOR substitution out,,,,,,,,,0,35,1.0,,0,18,0,14
03:50,03:50:00,18,14,4,2,1,REGULAR,4,E. TIRPANCI,1,substitution,106,,[],out,0,10,Efe Ergi,Tirpanci,Efe Ergi,Tirpanci,E,T,E,T,E. Tirpanci,MERSIN SPOR,MSK,E. Tirpanci,10,,,,,,SUB,out,MERSIN SPOR substitution out,,,,,,,,,0,35,1.0,,0,18,0,14
03:50,03:50:00,18,14,4,2,1,REGULAR,3,K. ÖZMIZRAK,1,substitution,107,,[],in,0,3,Kartal,Özmizrak,Kartal,Özmizrak,K,Ö,K,Ö,K. Özmizrak,MERSIN SPOR,MSK,K. Özmizrak,3,,,,,,SUB,in,MERSIN SPOR substitution in,,,,,,,,,0,35,1.0,,0,18,0,14
03:50,03:50:00,18,14,4,2,1,REGULAR,6,F. CRUZ SALDIVAR,1,substitution,108,,[],in,0,9,Francisco Javier,Cruz Saldivar,Francisco Javier,Cruz Saldivar,F,C,F,C,F. Cruz Saldivar,MERSIN SPOR,MSK,F. Cruz Saldivar,9,,,,,,SUB,in,MERSIN SPOR substitution in,,,,,,,,,0,35,1.0,,0,18,0,14
03:36,03:36:00,21,14,7,1,1,REGULAR,68,Y. FRANKE,1,3pt,110,,[],jumpshot,1,5,Yannick Ayrton,Franke,Yannick Ayrton,Franke,Y,F,Y,F,Y. Franke,ALIAGA PETKIM SPOR,PTK,Y. Franke,5,,,21.39999961853,11.409999847412,1.0,P3,made,ALIAGA PETKIM SPOR Y. FRANKE 3Pt made,67.0,1.0,D. EFIANAYI JR,,,,,,3,35,1.0,score,3,21,0,14
03:36,03:36:00,21,14,7,1,1,REGULAR,67,D. EFIANAYI JR,1,assist,111,110,[],,0,4,David Tinsley Eghosa,Efianayi Jr,David Tinsley Eghosa,Efianayi Jr,D,E,D,E,D. Efianayi Jr,ALIAGA PETKIM SPOR,PTK,D. Efianayi Jr,4,,,,,,ASS,,ALIAGA PETKIM SPOR D. EFIANAYI JR assist,,,,,,,,,0,36,2.0,,0,21,0,14
03:24,03:24:00,21,14,7,1,1,REGULAR,44,T. SAV,1,foul,113,,"['shooting', '2freethrow']",personal,0,15,Troy Selim,Sav,Troy Selim,Sav,T,S,T,S,T. Sav,ALIAGA PETKIM SPOR,PTK,T. Sav,15,,,,,,FOUL,,ALIAGA PETKIM SPOR T. SAV foul personal,,,,,,,,,0,36,2.0,,0,21,0,14
03:24,03:24:00,21,14,7,2,1,REGULAR,56,A. COWAN,1,foulon,114,113,[],,0,7,Anthony Dewayne,Cowan,Anthony Dewayne,Cowan,A,C,A,C,A. Cowan,MERSIN SPOR,MSK,A. Cowan,7,,,,,,OTHER,,MERSIN SPOR foulon,,,,,,,,,0,36,2.0,,0,21,0,14
03:24,03:24:00,21,14,7,1,1,REGULAR,44,T. SAV,1,substitution,115,,[],out,0,15,Troy Selim,Sav,Troy Selim,Sav,T,S,T,S,T. Sav,ALIAGA PETKIM SPOR,PTK,T. Sav,15,,,,,,SUB,out,ALIAGA PETKIM SPOR substitution out,,,,,,,,,0,36,2.0,,0,21,0,14
03:24,03:24:00,21,14,7,1,1,REGULAR,98,P. SCRUBB,1,substitution,116,,[],out,0,23,Philip Alexander,Scrubb,Philip Alexander,Scrubb,P,S,P,S,P. Scrubb,ALIAGA PETKIM SPOR,PTK,P. Scrubb,23,,,,,,SUB,out,ALIAGA PETKIM SPOR substitution out,,,,,,,,,0,36,2.0,,0,21,0,14
03:24,03:24:00,21,14,7,1,1,REGULAR,65,R. BLUMBERGS,1,substitution,117,,[],in,0,6,Roberts,Blumbergs,Roberts,Blumbergs,R,B,R,B,R. Blumbergs,ALIAGA PETKIM SPOR,PTK,R. Blumbergs,6,,,,,,SUB,in,ALIAGA PETKIM SPOR substitution in,,,,,,,,,0,36,2.0,,0,21,0,14
03:24,03:24:00,21,14,7,1,1,REGULAR,42,Y. SONSIRMA,1,substitution,118,,[],in,0,9,Yunus Emre,Sonsirma,Yunus Emre,Sonsirma,Y,S,Y,S,Y. Sonsirma,ALIAGA PETKIM SPOR,PTK,Y. Sonsirma,9,,,,,,SUB,in,ALIAGA PETKIM SPOR substitution in,,,,,,,,,0,36,2.0,,0,21,0,14
03:24,03:24:00,21,15,6,2,1,REGULAR,56,A. COWAN,1,freethrow,119,,[],1of2,1,7,Anthony Dewayne,Cowan,Anthony Dewayne,Cowan,A,C,A,C,A. Cowan,MERSIN SPOR,MSK,A. Cowan,7,,,,,,FT,made,MERSIN SPOR A. COWAN FT 1of2 made,,,,,,,,,1,36,2.0,made_ft,0,21,1,15
03:24,03:24:00,21,16,5,2,1,REGULAR,56,A. COWAN,1,freethrow,120,,[],2of2,1,7,Anthony Dewayne,Cowan,Anthony Dewayne,Cowan,A,C,A,C,A. Cowan,MERSIN SPOR,MSK,A. Cowan,7,,,,,,FT,made,MERSIN SPOR A. COWAN FT 2of2 made,,,,,,,,,1,37,1.0,made_ft_last,0,21,1,16
03:00,03:00:00,21,16,5,1,1,REGULAR,65,R. BLUMBERGS,0,3pt,122,,[],jumpshot,1,6,Roberts,Blumbergs,Roberts,Blumbergs,R,B,R,B,R. Blumbergs,ALIAGA PETKIM SPOR,PTK,R. Blumbergs,6,,,7.8299999237061,96.440002441406,0.0,P3,missed,ALIAGA PETKIM SPOR R. BLUMBERGS 3Pt missed,,,,,,,,,0,38,2.0,def_reb,0,21,0,16
02:58,02:58:00,21,16,5,2,1,REGULAR,55,A. OLASENI,1,rebound,123,122,[],defensive,0,0,Abodunrin Gabriel,Olaseni,Abodunrin Gabriel,Olaseni,A,O,A,O,A. Olaseni,MERSIN SPOR,MSK,A. Olaseni,0,,,,,,REB,,MERSIN SPOR rebound defensive,,,,,,,,,0,39,1.0,def_reb,0,21,0,16
02:45,02:45:00,21,16,5,2,1,REGULAR,56,A. COWAN,0,3pt,124,,[],jumpshot,1,7,Anthony Dewayne,Cowan,Anthony Dewayne,Cowan,A,C,A,C,A. Cowan,MERSIN SPOR,MSK,A. Cowan,7,,,84.589996337891,7.460000038147,0.0,P3,missed,MERSIN SPOR A. COWAN 3Pt missed,,,,,,,,,0,40,2.0,def_reb,0,21,0,16
02:43,02:43:00,21,16,5,1,1,REGULAR,65,R. BLUMBERGS,1,rebound,125,124,[],defensive,0,6,Roberts,Blumbergs,Roberts,Blumbergs,R,B,R,B,R. Blumbergs,ALIAGA PETKIM SPOR,PTK,R. Blumbergs,6,,,,,,REB,,ALIAGA PETKIM SPOR rebound defensive,,,,,,,,,0,41,1.0,def_reb,0,21,0,16
02:31,02:31:00,23,16,7,1,1,REGULAR,67,D. EFIANAYI JR,1,2pt,126,,['pointsinthepaint'],drivinglayup,1,4,David Tinsley Eghosa,Efianayi Jr,David Tinsley Eghosa,Efianayi Jr,D,E,D,E,D. Efianayi Jr,ALIAGA PETKIM SPOR,PTK,D. Efianayi Jr,4,,,9.6999998092651,59.439998626709,1.0,P2,made,ALIAGA PETKIM SPOR D. EFIANAYI JR 2Pt made,,,,,,,,,2,42,2.0,score,2,23,0,16
02:08,02:08:00,23,18,5,2,1,REGULAR,55,A. OLASENI,1,2pt,127,,['pointsinthepaint'],jumpshot,1,0,Abodunrin Gabriel,Olaseni,Abodunrin Gabriel,Olaseni,A,O,A,O,A. Olaseni,MERSIN SPOR,MSK,A. Olaseni,0,,,91.290000915527,44.180000305176,1.0,P2,made,MERSIN SPOR A. OLASENI 2Pt made,56.0,2.0,A. COWAN,,,,,,2,43,1.0,score,0,23,2,18
02:08,02:08:00,23,18,5,2,1,REGULAR,56,A. COWAN,1,assist,128,127,[],,0,7,Anthony Dewayne,Cowan,Anthony Dewayne,Cowan,A,C,A,C,A. Cowan,MERSIN SPOR,MSK,A. Cowan,7,,,,,,ASS,,MERSIN SPOR A. COWAN assist,,,,,,,,,0,44,2.0,,0,23,0,18
01:54,01:54:00,23,18,5,2,1,REGULAR,9,J. WHITE,1,foul,130,,"['shooting', '2freethrow']",personal,0,14,Jackson Thomas,White,Jackson Thomas,White,J,W,J,W,J. White,MERSIN SPOR,MSK,J. White,14,,,,,,FOUL,,MERSIN SPOR J. WHITE foul personal,,,,,,,,,0,44,2.0,,0,23,0,18
01:54,01:54:00,23,18,5,1,1,REGULAR,64,M. SAJUS,1,foulon,131,130,[],,0,19,Martynas,Sajus,Martynas,Sajus,M,S,M,S,M. Sajus,ALIAGA PETKIM SPOR,PTK,M. Sajus,19,,,,,,OTHER,,ALIAGA PETKIM SPOR foulon,,,,,,,,,0,44,2.0,,0,23,0,18
01:54,01:54:00,23,18,5,2,1,REGULAR,56,A. COWAN,1,substitution,132,,[],out,0,7,Anthony Dewayne,Cowan,Anthony Dewayne,Cowan,A,C,A,C,A. Cowan,MERSIN SPOR,MSK,A. Cowan,7,,,,,,SUB,out,MERSIN SPOR substitution out,,,,,,,,,0,44,2.0,,0,23,0,18
01:54,01:54:00,23,18,5,2,1,REGULAR,9,J. WHITE,1,substitution,133,,[],out,0,14,Jackson Thomas,White,Jackson Thomas,White,J,W,J,W,J. White,MERSIN SPOR,MSK,J. White,14,,,,,,SUB,out,MERSIN SPOR substitution out,,,,,,,,,0,44,2.0,,0,23,0,18
01:54,01:54:00,23,18,5,2,1,REGULAR,10,R. MARCH JR,1,substitution,134,,[],in,0,4,Ronald Eugene,March Jr,Ronald Eugene,March Jr,R,M,R,M,R. March Jr,MERSIN SPOR,MSK,R. March Jr,4,,,,,,SUB,in,MERSIN SPOR substitution in,,,,,,,,,0,44,2.0,,0,23,0,18
01:54,01:54:00,23,18,5,2,1,REGULAR,7,B. BENTIL,1,substitution,135,,[],in,0,50,Benjamin,Bentil,Benjamin,Bentil,B,B,B,B,B. Bentil,MERSIN SPOR,MSK,B. Bentil,50,,,,,,SUB,in,MERSIN SPOR substitution in,,,,,,,,,0,44,2.0,,0,23,0,18
01:54,01:54:00,24,18,6,1,1,REGULAR,64,M. SAJUS,1,freethrow,136,,[],1of2,1,19,Martynas,Sajus,Martynas,Sajus,M,S,M,S,M. Sajus,ALIAGA PETKIM SPOR,PTK,M. Sajus,19,,,,,,FT,made,ALIAGA PETKIM SPOR M. SAJUS FT 1of2 made,,,,,,,,,1,44,2.0,made_ft,1,24,0,18
01:54,01:54:00,24,18,6,1,1,REGULAR,67,D. EFIANAYI JR,1,assist,137,136,[],,0,4,David Tinsley Eghosa,Efianayi Jr,David Tinsley Eghosa,Efianayi Jr,D,E,D,E,D. Efianayi Jr,ALIAGA PETKIM SPOR,PTK,D. Efianayi Jr,4,,,,,,ASS,,ALIAGA PETKIM SPOR D. EFIANAYI JR assist,,,,,,,,,0,45,1.0,,0,24,0,18
01:54,01:54:00,24,18,6,1,1,REGULAR,64,M. SAJUS,0,freethrow,138,,[],2of2,1,19,Martynas,Sajus,Martynas,Sajus,M,S,M,S,M. Sajus,ALIAGA PETKIM SPOR,PTK,M. Sajus,19,,,,,,FT,missed,ALIAGA PETKIM SPOR M. SAJUS FT 2of2 missed,,,,,,,,,0,45,1.0,def_reb,0,24,0,18
01:54,01:54:00,24,18,6,2,1,REGULAR,7,B. BENTIL,1,rebound,140,138,[],defensive,0,50,Benjamin,Bentil,Benjamin,Bentil,B,B,B,B,B. Bentil,MERSIN SPOR,MSK,B. Bentil,50,,,,,,REB,,MERSIN SPOR rebound defensive,,,,,,,,,0,46,2.0,def_reb,0,24,0,18
01:41,01:41:00,24,20,4,2,1,REGULAR,7,B. BENTIL,1,2pt,141,,['pointsinthepaint'],turnaroundjumpshot,1,50,Benjamin,Bentil,Benjamin,Bentil,B,B,B,B,B. Bentil,MERSIN SPOR,MSK,B. Bentil,50,,,91.919998168945,56.889999389648,1.0,P2,made,MERSIN SPOR B. BENTIL 2Pt made,3.0,2.0,K. ÖZMIZRAK,,,,,,2,47,1.0,score,0,24,2,20
01:32,01:32:00,26,20,6,1,1,REGULAR,67,D. EFIANAYI JR,1,2pt,142,,['pointsinthepaint'],reverselayup,1,4,David Tinsley Eghosa,Efianayi Jr,David Tinsley Eghosa,Efianayi Jr,D,E,D,E,D. Efianayi Jr,ALIAGA PETKIM SPOR,PTK,D. Efianayi Jr,4,,,6.9000000953674,48.139999389648,1.0,P2,made,ALIAGA PETKIM SPOR D. EFIANAYI JR 2Pt made,,,,,,,,,2,48,2.0,score,2,26,0,20
01:14,01:14:00,26,20,6,2,1,REGULAR,7,B. BENTIL,1,turnover,143,,[],badpass,0,50,Benjamin,Bentil,Benjamin,Bentil,B,B,B,B,B. Bentil,MERSIN SPOR,MSK,B. Bentil,50,,,,,,TO,,MERSIN SPOR B. BENTIL turnover badpass,,,,,,,,,0,49,1.0,turnover,0,26,0,20
01:14,01:14:00,26,20,6,1,1,REGULAR,65,R. BLUMBERGS,1,steal,144,143,[],,0,6,Roberts,Blumbergs,Roberts,Blumbergs,R,B,R,B,R. Blumbergs,ALIAGA PETKIM SPOR,PTK,R. Blumbergs,6,,,,,,ST,,ALIAGA PETKIM SPOR R. BLUMBERGS steal,,,,,,,,,0,50,2.0,,0,26,0,20
01:04,01:04:00,26,20,6,1,1,REGULAR,68,Y. FRANKE,1,turnover,146,,[],badpass,0,5,Yannick Ayrton,Franke,Yannick Ayrton,Franke,Y,F,Y,F,Y. Franke,ALIAGA PETKIM SPOR,PTK,Y. Franke,5,,,,,,TO,,ALIAGA PETKIM SPOR Y. FRANKE turnover badpass,,,,,,,,,0,50,2.0,turnover,0,26,0,20
01:41,01:41:00,24,20,4,2,1,REGULAR,3,K. ÖZMIZRAK,1,assist,147,141,[],,0,3,Kartal,Özmizrak,Kartal,Özmizrak,K,Ö,K,Ö,K. Özmizrak,MERSIN SPOR,MSK,K. Özmizrak,3,,,,,,ASS,,MERSIN SPOR K. ÖZMIZRAK assist,,,,,,,,,0,51,1.0,,0,26,0,20
00:46,00:46:90,26,23,3,2,1,REGULAR,6,F. CRUZ SALDIVAR,1,3pt,149,,['fromturnover'],jumpshot,1,9,Francisco Javier,Cruz Saldivar,Francisco Javier,Cruz Saldivar,F,C,F,C,F. Cruz Saldivar,MERSIN SPOR,MSK,F. Cruz Saldivar,9,,,71.169998168945,24.409999847412,1.0,P3,made,MERSIN SPOR F. CRUZ SALDIVAR 3Pt made,,,,,,,,,3,51,1.0,score,0,26,3,23
00:32,00:32:10,26,23,3,1,1,REGULAR,67,D. EFIANAYI JR,0,2pt,152,,['pointsinthepaint'],fadeaway,1,4,David Tinsley Eghosa,Efianayi Jr,David Tinsley Eghosa,Efianayi Jr,D,E,D,E,D. Efianayi Jr,ALIAGA PETKIM SPOR,PTK,D. Efianayi Jr,4,,,18.280000686646,58.020000457764,0.0,P2,missed,ALIAGA PETKIM SPOR D. EFIANAYI JR 2Pt missed,,,,,,,,,0,52,2.0,def_reb,0,26,0,23
00:28,00:28:40,26,23,3,2,1,REGULAR,3,K. ÖZMIZRAK,1,rebound,153,152,[],defensive,0,3,Kartal,Özmizrak,Kartal,Özmizrak,K,Ö,K,Ö,K. Özmizrak,MERSIN SPOR,MSK,K. Özmizrak,3,,,,,,REB,,MERSIN SPOR rebound defensive,,,,,,,,,0,53,1.0,def_reb,0,26,0,23
00:09,00:09:70,26,23,3,2,1,REGULAR,3,K. ÖZMIZRAK,1,turnover,155,,[],badpass,0,3,Kartal,Özmizrak,Kartal,Özmizrak,K,Ö,K,Ö,K. Özmizrak,MERSIN SPOR,MSK,K. Özmizrak,3,,,,,,TO,,MERSIN SPOR K. ÖZMIZRAK turnover badpass,,,,,,,,,0,54,2.0,turnover,0,26,0,23
00:01,00:01:60,26,23,3,1,1,REGULAR,67,D. EFIANAYI JR,1,turnover,158,,[],badpass,0,4,David Tinsley Eghosa,Efianayi Jr,David Tinsley Eghosa,Efianayi Jr,D,E,D,E,D. Efianayi Jr,ALIAGA PETKIM SPOR,PTK,D. Efianayi Jr,4,,,,,,TO,,ALIAGA PETKIM SPOR D. EFIANAYI JR turnover badpass,,,,,,,,,0,55,1.0,turnover,0,26,0,23
00:01,00:01:60,26,23,3,2,1,REGULAR,55,A. OLASENI,1,steal,159,158,[],,0,0,Abodunrin Gabriel,Olaseni,Abodunrin Gabriel,Olaseni,A,O,A,O,A. Olaseni,MERSIN SPOR,MSK,A. Olaseni,0,,,,,,ST,,MERSIN SPOR A. OLASENI steal,,,,,,,,,0,56,2.0,,0,26,0,23
00:01,00:01:60,26,23,3,2,1,REGULAR,55,A. OLASENI,0,3pt,160,,['fromturnover'],jumpshot,1,0,Abodunrin Gabriel,Olaseni,Abodunrin Gabriel,Olaseni,A,O,A,O,A. Olaseni,MERSIN SPOR,MSK,A. Olaseni,0,,,60.090000152588,79.769996643066,0.0,P3,missed,MERSIN SPOR A. OLASENI 3Pt missed,,,,,,,,,0,56,2.0,,0,26,0,23
00:00,00:00:00,26,23,3,0,1,REGULAR,0,,1,period,163,,['confirmed'],end,0,,,,,,,,,,,,,,,,,,,,OTHER,,period end,,,,,,,,,0,56,2.0,,0,26,0,23
10:00,10:00:00,26,23,3,0,2,REGULAR,0,,1,period,164,,[],start,0,,,,,,,,,,,,,,,,,,,,OTHER,,period start,,,,,,,,,0,56,2.0,,0,26,0,23
09:49,09:49:00,26,23,3,2,2,REGULAR,6,F. CRUZ SALDIVAR,0,2pt,166,,['pointsinthepaint'],floatingjumpshot,1,9,Francisco Javier,Cruz Saldivar,Francisco Javier,Cruz Saldivar,F,C,F,C,F. Cruz Saldivar,MERSIN SPOR,MSK,F. Cruz Saldivar,9,,,82.870002746582,45.310001373291,0.0,P2,missed,MERSIN SPOR F. CRUZ SALDIVAR 2Pt missed,,,,,,,,,0,56,2.0,def_reb,0,26,0,23
09:46,09:46:00,26,23,3,1,2,REGULAR,64,M. SAJUS,1,rebound,167,166,[],defensive,0,19,Martynas,Sajus,Martynas,Sajus,M,S,M,S,M. Sajus,ALIAGA PETKIM SPOR,PTK,M. Sajus,19,,,,,,REB,,ALIAGA PETKIM SPOR rebound defensive,,,,,,,,,0,57,1.0,def_reb,0,26,0,23
09:33,09:33:00,26,23,3,1,2,REGULAR,67,D. EFIANAYI JR,0,2pt,168,,[],jumpshot,1,4,David Tinsley Eghosa,Efianayi Jr,David Tinsley Eghosa,Efianayi Jr,D,E,D,E,D. Efianayi Jr,ALIAGA PETKIM SPOR,PTK,D. Efianayi Jr,4,,,20.309999465942,70.449996948242,0.0,P2,missed,ALIAGA PETKIM SPOR D. EFIANAYI JR 2Pt missed,,,,,,,,,0,58,2.0,def_reb,0,26,0,23
09:30,09:30:00,26,23,3,2,2,REGULAR,10,R. MARCH JR,1,rebound,169,168,[],defensive,0,4,Ronald Eugene,March Jr,Ronald Eugene,March Jr,R,M,R,M,R. March Jr,MERSIN SPOR,MSK,R. March Jr,4,,,,,,REB,,MERSIN SPOR rebound defensive,,,,,,,,,0,59,1.0,def_reb,0,26,0,23
09:14,09:14:00,26,25,1,2,2,REGULAR,6,F. CRUZ SALDIVAR,1,2pt,170,,['pointsinthepaint'],layup,1,9,Francisco Javier,Cruz Saldivar,Francisco Javier,Cruz Saldivar,F,C,F,C,F. Cruz Saldivar,MERSIN SPOR,MSK,F. Cruz Saldivar,9,,,92.540000915527,43.900001525879,1.0,P2,made,MERSIN SPOR F. CRUZ SALDIVAR 2Pt made,,,,,,,,,2,60,2.0,score,0,26,2,25
08:56,08:56:00,26,25,1,1,2,REGULAR,68,Y. FRANKE,0,3pt,171,,[],jumpshot,1,5,Yannick Ayrton,Franke,Yannick Ayrton,Franke,Y,F,Y,F,Y. Franke,ALIAGA PETKIM SPOR,PTK,Y. Franke,5,,,32.009998321533,47.849998474121,0.0,P3,missed,ALIAGA PETKIM SPOR Y. FRANKE 3Pt missed,,,,,,,,,0,61,1.0,,0,26,0,25
08:54,08:54:00,26,25,1,1,2,REGULAR,64,M. SAJUS,1,rebound,172,171,[],offensive,0,19,Martynas,Sajus,Martynas,Sajus,M,S,M,S,M. Sajus,ALIAGA PETKIM SPOR,PTK,M. Sajus,19,,,,,,REB,,ALIAGA PETKIM SPOR rebound offensive,,,,,,,,,0,61,1.0,,0,26,0,25
08:48,08:48:00,28,25,3,1,2,REGULAR,64,M. SAJUS,1,2pt,173,,"['2ndchance', 'pointsinthepaint']",alleyoop,1,19,Martynas,Sajus,Martynas,Sajus,M,S,M,S,M. Sajus,ALIAGA PETKIM SPOR,PTK,M. Sajus,19,,,6.9000000953674,45.880001068115,1.0,P2,made,ALIAGA PETKIM SPOR M. SAJUS 2Pt made,42.0,1.0,Y. SONSIRMA,,,,,,2,61,1.0,score,2,28,0,25
08:48,08:48:00,28,25,3,1,2,REGULAR,42,Y. SONSIRMA,1,assist,174,173,[],,0,9,Yunus Emre,Sonsirma,Yunus Emre,Sonsirma,Y,S,Y,S,Y. Sonsirma,ALIAGA PETKIM SPOR,PTK,Y. Sonsirma,9,,,,,,ASS,,ALIAGA PETKIM SPOR Y. SONSIRMA assist,,,,,,,,,0,62,2.0,,0,28,0,25
08:35,08:35:00,28,25,3,1,2,REGULAR,64,M. SAJUS,1,foul,176,,[],personal,0,19,Martynas,Sajus,Martynas,Sajus,M,S,M,S,M. Sajus,ALIAGA PETKIM SPOR,PTK,M. Sajus,19,,,,,,FOUL,,ALIAGA PETKIM SPOR M. SAJUS foul personal,,,,,,,,,0,62,2.0,,0,28,0,25
08:35,08:35:00,28,25,3,2,2,REGULAR,55,A. OLASENI,1,foulon,177,176,[],,0,0,Abodunrin Gabriel,Olaseni,Abodunrin Gabriel,Olaseni,A,O,A,O,A. Olaseni,MERSIN SPOR,MSK,A. Olaseni,0,,,,,,OTHER,,MERSIN SPOR foulon,,,,,,,,,0,62,2.0,,0,28,0,25
08:35,08:35:00,28,25,3,1,2,REGULAR,67,D. EFIANAYI JR,1,substitution,178,,[],out,0,4,David Tinsley Eghosa,Efianayi Jr,David Tinsley Eghosa,Efianayi Jr,D,E,D,E,D. Efianayi Jr,ALIAGA PETKIM SPOR,PTK,D. Efianayi Jr,4,,,,,,SUB,out,ALIAGA PETKIM SPOR substitution out,,,,,,,,,0,62,2.0,,0,28,0,25
08:35,08:35:00,28,25,3,1,2,REGULAR,64,M. SAJUS,1,substitution,179,,[],out,0,19,Martynas,Sajus,Martynas,Sajus,M,S,M,S,M. Sajus,ALIAGA PETKIM SPOR,PTK,M. Sajus,19,,,,,,SUB,out,ALIAGA PETKIM SPOR substitution out,,,,,,,,,0,62,2.0,,0,28,0,25
08:35,08:35:00,28,25,3,1,2,REGULAR,66,J. FLOYD,1,substitution,180,,[],in,0,20,Jehyve Jamal,Floyd,Jehyve Jamal,Floyd,J,F,J,F,J. Floyd,ALIAGA PETKIM SPOR,PTK,J. Floyd,20,,,,,,SUB,in,ALIAGA PETKIM SPOR substitution in,,,,,,,,,0,62,2.0,,0,28,0,25
08:35,08:35:00,28,25,3,1,2,REGULAR,98,P. SCRUBB,1,substitution,181,,[],in,0,23,Philip Alexander,Scrubb,Philip Alexander,Scrubb,P,S,P,S,P. Scrubb,ALIAGA PETKIM SPOR,PTK,P. Scrubb,23,,,,,,SUB,in,ALIAGA PETKIM SPOR substitution in,,,,,,,,,0,62,2.0,,0,28,0,25
08:29,08:29:00,28,25,3,2,2,REGULAR,6,F. CRUZ SALDIVAR,0,2pt,183,,"['pointsinthepaint', 'blocked']",jumpshot,1,9,Francisco Javier,Cruz Saldivar,Francisco Javier,Cruz Saldivar,F,C,F,C,F. Cruz Saldivar,MERSIN SPOR,MSK,F. Cruz Saldivar,9,,,89.269996643066,57.740001678467,0.0,P2,missed,MERSIN SPOR F. CRUZ SALDIVAR 2Pt missed,,,,66.0,1.0,J. FLOYD,,,0,62,2.0,,0,28,0,25
08:29,08:29:00,28,25,3,1,2,REGULAR,66,J. FLOYD,1,block,184,183,[],,0,20,Jehyve Jamal,Floyd,Jehyve Jamal,Floyd,J,F,J,F,J. Floyd,ALIAGA PETKIM SPOR,PTK,J. Floyd,20,,,,,,BS,,ALIAGA PETKIM SPOR J. FLOYD block,,,,,,,,,0,62,2.0,,0,28,0,25
08:25,08:25:00,28,25,3,1,2,REGULAR,42,Y. SONSIRMA,1,rebound,185,183,[],defensive,0,9,Yunus Emre,Sonsirma,Yunus Emre,Sonsirma,Y,S,Y,S,Y. Sonsirma,ALIAGA PETKIM SPOR,PTK,Y. Sonsirma,9,,,,,,REB,,ALIAGA PETKIM SPOR rebound defensive,,,,,,,,,0,62,2.0,def_reb,0,28,0,25
08:23,08:23:00,28,25,3,1,2,REGULAR,42,Y. SONSIRMA,0,2pt,186,,"['pointsinthepaint', 'blocked']",layup,1,9,Yunus Emre,Sonsirma,Yunus Emre,Sonsirma,Y,S,Y,S,Y. Sonsirma,ALIAGA PETKIM SPOR,PTK,Y. Sonsirma,9,,,8.1400003433228,50.959999084473,0.0,P2,missed,ALIAGA PETKIM SPOR Y. SONSIRMA 2Pt missed,,,,10.0,2.0,R. MARCH JR,,,0,63,1.0,,0,28,0,25
08:23,08:23:00,28,25,3,2,2,REGULAR,10,R. MARCH JR,1,block,187,186,[],,0,4,Ronald Eugene,March Jr,Ronald Eugene,March Jr,R,M,R,M,R. March Jr,MERSIN SPOR,MSK,R. March Jr,4,,,,,,BS,,MERSIN SPOR R. MARCH JR block,,,,,,,,,0,63,1.0,,0,28,0,25
08:18,08:18:00,28,25,3,2,2,REGULAR,7,B. BENTIL,1,rebound,188,186,[],defensive,0,50,Benjamin,Bentil,Benjamin,Bentil,B,B,B,B,B. Bentil,MERSIN SPOR,MSK,B. Bentil,50,,,,,,REB,,MERSIN SPOR rebound defensive,,,,,,,,,0,63,1.0,def_reb,0,28,0,25
08:16,08:16:00,28,25,3,2,2,REGULAR,6,F. CRUZ SALDIVAR,0,3pt,190,,[],jumpshot,1,9,Francisco Javier,Cruz Saldivar,Francisco Javier,Cruz Saldivar,F,C,F,C,F. Cruz Saldivar,MERSIN SPOR,MSK,F. Cruz Saldivar,9,,,93.949996948242,97.290000915527,0.0,P3,missed,MERSIN SPOR F. CRUZ SALDIVAR 3Pt missed,,,,,,,,,0,64,2.0,def_reb,0,28,0,25
08:16,08:16:00,28,25,3,1,2,REGULAR,0,,1,rebound,191,190,['team'],defensive,0,,,,,,,,,,,ALIAGA PETKIM SPOR,PTK,,,,,,,,TREB,,ALIAGA PETKIM SPOR team rebound defensive,,,,,,,,,0,65,1.0,def_reb,0,28,0,25
08:16,08:16:00,28,25,3,2,2,REGULAR,55,A. OLASENI,1,foul,192,,[],personal,0,0,Abodunrin Gabriel,Olaseni,Abodunrin Gabriel,Olaseni,A,O,A,O,A. Olaseni,MERSIN SPOR,MSK,A. Olaseni,0,,,,,,FOUL,,MERSIN SPOR A. OLASENI foul personal,,,,,,,,,0,66,2.0,,0,28,0,25
08:16,08:16:00,28,25,3,1,2,REGULAR,65,R. BLUMBERGS,1,foulon,193,192,[],,0,6,Roberts,Blumbergs,Roberts,Blumbergs,R,B,R,B,R. Blumbergs,ALIAGA PETKIM SPOR,PTK,R. Blumbergs,6,,,,,,OTHER,,ALIAGA PETKIM SPOR foulon,,,,,,,,,0,66,2.0,,0,28,0,25
07:58,07:58:00,30,25,5,1,2,REGULAR,65,R. BLUMBERGS,1,2pt,195,,['pointsinthepaint'],reverselayup,1,6,Roberts,Blumbergs,Roberts,Blumbergs,R,B,R,B,R. Blumbergs,ALIAGA PETKIM SPOR,PTK,R. Blumbergs,6,,,5.8000001907349,52.659999847412,1.0,P2,made,ALIAGA PETKIM SPOR R. BLUMBERGS 2Pt made,,,,,,,,,2,66,2.0,score,2,30,0,25
07:44,07:44:00,30,25,5,1,2,REGULAR,42,Y. SONSIRMA,1,foul,197,,[],personal,0,9,Yunus Emre,Sonsirma,Yunus Emre,Sonsirma,Y,S,Y,S,Y. Sonsirma,ALIAGA PETKIM SPOR,PTK,Y. Sonsirma,9,,,,,,FOUL,,ALIAGA PETKIM SPOR Y. SONSIRMA foul personal,,,,,,,,,0,67,1.0,,0,30,0,25
07:44,07:44:00,30,25,5,2,2,REGULAR,6,F. CRUZ SALDIVAR,1,foulon,198,197,[],,0,9,Francisco Javier,Cruz Saldivar,Francisco Javier,Cruz Saldivar,F,C,F,C,F. Cruz Saldivar,MERSIN SPOR,MSK,F. Cruz Saldivar,9,,,,,,OTHER,,MERSIN SPOR foulon,,,,,,,,,0,67,1.0,,0,30,0,25
07:44,07:44:00,30,25,5,2,2,REGULAR,55,A. OLASENI,1,substitution,199,,[],out,0,0,Abodunrin Gabriel,Olaseni,Abodunrin Gabriel,Olaseni,A,O,A,O,A. Olaseni,MERSIN SPOR,MSK,A. Olaseni,0,,,,,,SUB,out,MERSIN SPOR substitution out,,,,,,,,,0,67,1.0,,0,30,0,25
07:44,07:44:00,30,25,5,2,2,REGULAR,9,J. WHITE,1,substitution,200,,[],in,0,14,Jackson Thomas,White,Jackson Thomas,White,J,W,J,W,J. White,MERSIN SPOR,MSK,J. White,14,,,,,,SUB,in,MERSIN SPOR substitution in,,,,,,,,,0,67,1.0,,0,30,0,25
07:32,07:32:00,30,25,5,2,2,REGULAR,3,K. ÖZMIZRAK,0,2pt,203,,['pointsinthepaint'],jumpshot,1,3,Kartal,Özmizrak,Kartal,Özmizrak,K,Ö,K,Ö,K. Özmizrak,MERSIN SPOR,MSK,K. Özmizrak,3,,,81.930000305176,58.869998931885,0.0,P2,missed,MERSIN SPOR K. ÖZMIZRAK 2Pt missed,,,,,,,,,0,67,1.0,,0,30,0,25
07:32,07:32:00,30,25,5,2,2,REGULAR,9,J. WHITE,1,rebound,204,203,[],offensive,0,14,Jackson Thomas,White,Jackson Thomas,White,J,W,J,W,J. White,MERSIN SPOR,MSK,J. White,14,,,,,,REB,,MERSIN SPOR rebound offensive,,,,,,,,,0,67,1.0,,0,30,0,25
07:32,07:32:00,30,25,5,1,2,REGULAR,66,J. FLOYD,1,foul,205,,"['shooting', '2freethrow']",personal,0,20,Jehyve Jamal,Floyd,Jehyve Jamal,Floyd,J,F,J,F,J. Floyd,ALIAGA PETKIM SPOR,PTK,J. Floyd,20,,,,,,FOUL,,ALIAGA PETKIM SPOR J. FLOYD foul personal,,,,,,,,,0,67,1.0,,0,30,0,25
07:32,07:32:00,30,25,5,2,2,REGULAR,9,J. WHITE,1,foulon,206,205,[],,0,14,Jackson Thomas,White,Jackson Thomas,White,J,W,J,W,J. White,MERSIN SPOR,MSK,J. White,14,,,,,,OTHER,,MERSIN SPOR foulon,,,,,,,,,0,67,1.0,,0,30,0,25
07:32,07:32:00,30,26,4,2,2,REGULAR,9,J. WHITE,1,freethrow,207,,['2ndchance'],1of2,1,14,Jackson Thomas,White,Jackson Thomas,White,J,W,J,W,J. White,MERSIN SPOR,MSK,J. White,14,,,,,,FT,made,MERSIN SPOR J. WHITE FT 1of2 made,,,,,,,,,1,67,1.0,made_ft,0,30,1,26
07:32,07:32:00,30,26,4,2,2,REGULAR,9,J. WHITE,0,freethrow,208,,['2ndchance'],2of2,1,14,Jackson Thomas,White,Jackson Thomas,White,J,W,J,W,J. White,MERSIN SPOR,MSK,J. White,14,,,,,,FT,missed,MERSIN SPOR J. WHITE FT 2of2 missed,,,,,,,,,0,68,2.0,def_reb,0,30,0,26
07:32,07:32:00,30,26,4,1,2,REGULAR,68,Y. FRANKE,1,rebound,210,208,[],defensive,0,5,Yannick Ayrton,Franke,Yannick Ayrton,Franke,Y,F,Y,F,Y. Franke,ALIAGA PETKIM SPOR,PTK,Y. Franke,5,,,,,,REB,,ALIAGA PETKIM SPOR rebound defensive,,,,,,,,,0,69,1.0,def_reb,0,30,0,26
07:11,07:11:00,30,26,4,2,2,REGULAR,7,B. BENTIL,1,foul,212,,"['shooting', '2freethrow']",personal,0,50,Benjamin,Bentil,Benjamin,Bentil,B,B,B,B,B. Bentil,MERSIN SPOR,MSK,B. Bentil,50,,,,,,FOUL,,MERSIN SPOR B. BENTIL foul personal,,,,,,,,,0,70,2.0,,0,30,0,26
07:11,07:11:00,30,26,4,1,2,REGULAR,68,Y. FRANKE,1,foulon,213,212,[],,0,5,Yannick Ayrton,Franke,Yannick Ayrton,Franke,Y,F,Y,F,Y. Franke,ALIAGA PETKIM SPOR,PTK,Y. Franke,5,,,,,,OTHER,,ALIAGA PETKIM SPOR foulon,,,,,,,,,0,70,2.0,,0,30,0,26
07:11,07:11:00,31,26,5,1,2,REGULAR,68,Y. FRANKE,1,freethrow,214,,[],1of2,1,5,Yannick Ayrton,Franke,Yannick Ayrton,Franke,Y,F,Y,F,Y. Franke,ALIAGA PETKIM SPOR,PTK,Y. Franke,5,,,,,,FT,made,ALIAGA PETKIM SPOR Y. FRANKE FT 1of2 made,,,,,,,,,1,70,2.0,made_ft,1,31,0,26
07:11,07:11:00,31,26,5,1,2,REGULAR,66,J. FLOYD,1,assist,215,214,[],,0,20,Jehyve Jamal,Floyd,Jehyve Jamal,Floyd,J,F,J,F,J. Floyd,ALIAGA PETKIM SPOR,PTK,J. Floyd,20,,,,,,ASS,,ALIAGA PETKIM SPOR J. FLOYD assist,,,,,,,,,0,71,1.0,,0,31,0,26
07:11,07:11:00,32,26,6,1,2,REGULAR,68,Y. FRANKE,1,freethrow,216,,[],2of2,1,5,Yannick Ayrton,Franke,Yannick Ayrton,Franke,Y,F,Y,F,Y. Franke,ALIAGA PETKIM SPOR,PTK,Y. Franke,5,,,,,,FT,made,ALIAGA PETKIM SPOR Y. FRANKE FT 2of2 made,,,,,,,,,1,71,1.0,made_ft_last,1,32,0,26
06:56,06:56:00,32,26,6,2,2,REGULAR,7,B. BENTIL,0,3pt,218,,[],jumpshot,1,50,Benjamin,Bentil,Benjamin,Bentil,B,B,B,B,B. Bentil,MERSIN SPOR,MSK,B. Bentil,50,,,69.449996948242,32.880001068115,0.0,P3,missed,MERSIN SPOR B. BENTIL 3Pt missed,,,,,,,,,0,72,2.0,def_reb,0,32,0,26
06:51,06:51:00,32,26,6,1,2,REGULAR,66,J. FLOYD,1,rebound,220,218,[],defensive,0,20,Jehyve Jamal,Floyd,Jehyve Jamal,Floyd,J,F,J,F,J. Floyd,ALIAGA PETKIM SPOR,PTK,J. Floyd,20,,,,,,REB,,ALIAGA PETKIM SPOR rebound defensive,,,,,,,,,0,73,1.0,def_reb,0,32,0,26
06:35,06:35:00,32,26,6,2,2,REGULAR,6,F. CRUZ SALDIVAR,1,foul,223,,[],personal,0,9,Francisco Javier,Cruz Saldivar,Francisco Javier,Cruz Saldivar,F,C,F,C,F. Cruz Saldivar,MERSIN SPOR,MSK,F. Cruz Saldivar,9,,,,,,FOUL,,MERSIN SPOR F. CRUZ SALDIVAR foul personal,,,,,,,,,0,74,2.0,,0,32,0,26
06:35,06:35:00,32,26,6,1,2,REGULAR,98,P. SCRUBB,1,foulon,224,223,[],,0,23,Philip Alexander,Scrubb,Philip Alexander,Scrubb,P,S,P,S,P. Scrubb,ALIAGA PETKIM SPOR,PTK,P. Scrubb,23,,,,,,OTHER,,ALIAGA PETKIM SPOR foulon,,,,,,,,,0,74,2.0,,0,32,0,26
06:21,06:21:00,32,26,6,1,2,REGULAR,66,J. FLOYD,1,turnover,227,,[],badpass,0,20,Jehyve Jamal,Floyd,Jehyve Jamal,Floyd,J,F,J,F,J. Floyd,ALIAGA PETKIM SPOR,PTK,J. Floyd,20,,,,,,TO,,ALIAGA PETKIM SPOR J. FLOYD turnover badpass,,,,,,,,,0,74,2.0,turnover,0,32,0,26
06:07,06:07:00,32,26,6,2,2,REGULAR,7,B. BENTIL,0,2pt,229,,"['fromturnover', 'pointsinthepaint']",drivinglayup,1,50,Benjamin,Bentil,Benjamin,Bentil,B,B,B,B,B. Bentil,MERSIN SPOR,MSK,B. Bentil,50,,,91.76000213623,56.330001831055,0.0,P2,missed,MERSIN SPOR B. BENTIL 2Pt missed,,,,,,,,,0,75,1.0,def_reb,0,32,0,26
06:04,06:04:00,32,26,6,1,2,REGULAR,98,P. SCRUBB,1,rebound,230,229,[],defensive,0,23,Philip Alexander,Scrubb,Philip Alexander,Scrubb,P,S,P,S,P. Scrubb,ALIAGA PETKIM SPOR,PTK,P. Scrubb,23,,,,,,REB,,ALIAGA PETKIM SPOR rebound defensive,,,,,,,,,0,76,2.0,def_reb,0,32,0,26
05:56,05:56:00,32,26,6,1,2,REGULAR,98,P. SCRUBB,1,turnover,232,,[],badpass,0,23,Philip Alexander,Scrubb,Philip Alexander,Scrubb,P,S,P,S,P. Scrubb,ALIAGA PETKIM SPOR,PTK,P. Scrubb,23,,,,,,TO,,ALIAGA PETKIM SPOR P. SCRUBB turnover badpass,,,,,,,,,0,77,1.0,turnover,0,32,0,26
05:56,05:56:00,32,26,6,2,2,REGULAR,0,,1,timeout,233,,[],full,0,,,,,,,,,,,MERSIN SPOR,MSK,,,,,,,,TIMEOUT,,MERSIN SPOR timeout,,,,,,,,,0,78,2.0,,0,32,0,26
05:49,05:49:00,32,28,4,2,2,REGULAR,6,F. CRUZ SALDIVAR,1,2pt,235,,"['fromturnover', 'pointsinthepaint']",drivinglayup,1,9,Francisco Javier,Cruz Saldivar,Francisco Javier,Cruz Saldivar,F,C,F,C,F. Cruz Saldivar,MERSIN SPOR,MSK,F. Cruz Saldivar,9,,,92.699996948242,49.270000457764,1.0,P2,made,MERSIN SPOR F. CRUZ SALDIVAR 2Pt made,,,,,,,,,2,78,2.0,score,0,32,2,28
05:33,05:33:00,32,28,4,1,2,REGULAR,66,J. FLOYD,0,2pt,236,,['pointsinthepaint'],jumpshot,1,20,Jehyve Jamal,Floyd,Jehyve Jamal,Floyd,J,F,J,F,J. Floyd,ALIAGA PETKIM SPOR,PTK,J. Floyd,20,,,8.460000038147,45.880001068115,0.0,P2,missed,ALIAGA PETKIM SPOR J. FLOYD 2Pt missed,,,,,,,,,0,79,1.0,def_reb,0,32,0,28
05:31,05:31:00,32,28,4,2,2,REGULAR,9,J. WHITE,1,rebound,237,236,[],defensive,0,14,Jackson Thomas,White,Jackson Thomas,White,J,W,J,W,J. White,MERSIN SPOR,MSK,J. White,14,,,,,,REB,,MERSIN SPOR rebound defensive,,,,,,,,,0,80,2.0,def_reb,0,32,0,28
05:25,05:25:00,32,30,2,2,2,REGULAR,7,B. BENTIL,1,2pt,239,,"['pointsinthepaint', 'fastbreak']",jumpshot,1,50,Benjamin,Bentil,Benjamin,Bentil,B,B,B,B,B. Bentil,MERSIN SPOR,MSK,B. Bentil,50,,,93.01000213623,41.360000610352,1.0,P2,made,MERSIN SPOR B. BENTIL 2Pt made,6.0,2.0,F. CRUZ SALDIVAR,,,,,,2,81,1.0,score,0,32,2,30
05:25,05:25:00,32,30,2,2,2,REGULAR,6,F. CRUZ SALDIVAR,1,assist,240,239,[],,0,9,Francisco Javier,Cruz Saldivar,Francisco Javier,Cruz Saldivar,F,C,F,C,F. Cruz Saldivar,MERSIN SPOR,MSK,F. Cruz Saldivar,9,,,,,,ASS,,MERSIN SPOR F. CRUZ SALDIVAR assist,,,,,,,,,0,82,2.0,,0,32,0,30
05:25,05:25:00,32,30,2,1,2,REGULAR,68,Y. FRANKE,1,foul,241,,"['shooting', '1freethrow']",personal,0,5,Yannick Ayrton,Franke,Yannick Ayrton,Franke,Y,F,Y,F,Y. Franke,ALIAGA PETKIM SPOR,PTK,Y. Franke,5,,,,,,FOUL,,ALIAGA PETKIM SPOR Y. FRANKE foul personal,,,,,,,,,0,82,2.0,,0,32,0,30
05:25,05:25:00,32,30,2,2,2,REGULAR,7,B. BENTIL,1,foulon,242,241,[],,0,50,Benjamin,Bentil,Benjamin,Bentil,B,B,B,B,B. Bentil,MERSIN SPOR,MSK,B. Bentil,50,,,,,,OTHER,,MERSIN SPOR foulon,,,,,,,,,0,82,2.0,,0,32,0,30
05:25,05:25:00,32,30,2,1,2,REGULAR,68,Y. FRANKE,1,substitution,243,,[],out,0,5,Yannick Ayrton,Franke,Yannick Ayrton,Franke,Y,F,Y,F,Y. Franke,ALIAGA PETKIM SPOR,PTK,Y. Franke,5,,,,,,SUB,out,ALIAGA PETKIM SPOR substitution out,,,,,,,,,0,82,2.0,,0,32,0,30
05:25,05:25:00,32,30,2,1,2,REGULAR,67,D. EFIANAYI JR,1,substitution,244,,[],in,0,4,David Tinsley Eghosa,Efianayi Jr,David Tinsley Eghosa,Efianayi Jr,D,E,D,E,D. Efianayi Jr,ALIAGA PETKIM SPOR,PTK,D. Efianayi Jr,4,,,,,,SUB,in,ALIAGA PETKIM SPOR substitution in,,,,,,,,,0,82,2.0,,0,32,0,30
05:25,05:25:00,32,30,2,2,2,REGULAR,10,R. MARCH JR,1,substitution,245,,[],out,0,4,Ronald Eugene,March Jr,Ronald Eugene,March Jr,R,M,R,M,R. March Jr,MERSIN SPOR,MSK,R. March Jr,4,,,,,,SUB,out,MERSIN SPOR substitution out,,,,,,,,,0,82,2.0,,0,32,0,30
05:25,05:25:00,32,30,2,2,2,REGULAR,5,J. COBBS,1,substitution,246,,[],in,0,1,Justin,Cobbs,Justin,Cobbs,J,C,J,C,J. Cobbs,MERSIN SPOR,MSK,J. Cobbs,1,,,,,,SUB,in,MERSIN SPOR substitution in,,,,,,,,,0,82,2.0,,0,32,0,30
05:25,05:25:00,32,31,1,2,2,REGULAR,7,B. BENTIL,1,freethrow,247,,['fastbreak'],1of1,1,50,Benjamin,Bentil,Benjamin,Bentil,B,B,B,B,B. Bentil,MERSIN SPOR,MSK,B. Bentil,50,,,,,,FT,made,MERSIN SPOR B. BENTIL FT 1of1 made,,,,,,,,,1,82,2.0,made_ft_last,0,32,1,31
05:01,05:01:00,34,31,3,1,2,REGULAR,67,D. EFIANAYI JR,1,2pt,249,,['pointsinthepaint'],floatingjumpshot,1,4,David Tinsley Eghosa,Efianayi Jr,David Tinsley Eghosa,Efianayi Jr,D,E,D,E,D. Efianayi Jr,ALIAGA PETKIM SPOR,PTK,D. Efianayi Jr,4,,,9.8599996566772,58.869998931885,1.0,P2,made,ALIAGA PETKIM SPOR D. EFIANAYI JR 2Pt made,,,,,,,,,2,83,1.0,score,2,34,0,31
04:38,04:38:00,34,31,3,2,2,REGULAR,7,B. BENTIL,1,turnover,250,,[],ballhandling,0,50,Benjamin,Bentil,Benjamin,Bentil,B,B,B,B,B. Bentil,MERSIN SPOR,MSK,B. Bentil,50,,,,,,TO,,MERSIN SPOR B. BENTIL turnover ballhandling,,,,,,,,,0,84,2.0,turnover,0,34,0,31
04:38,04:38:00,34,31,3,1,2,REGULAR,98,P. SCRUBB,1,steal,251,250,[],,0,23,Philip Alexander,Scrubb,Philip Alexander,Scrubb,P,S,P,S,P. Scrubb,ALIAGA PETKIM SPOR,PTK,P. Scrubb,23,,,,,,ST,,ALIAGA PETKIM SPOR P. SCRUBB steal,,,,,,,,,0,85,1.0,,0,34,0,31
04:34,04:34:00,36,31,5,1,2,REGULAR,98,P. SCRUBB,1,2pt,252,,"['fromturnover', 'pointsinthepaint', 'fastbreak']",drivinglayup,1,23,Philip Alexander,Scrubb,Philip Alexander,Scrubb,P,S,P,S,P. Scrubb,ALIAGA PETKIM SPOR,PTK,P. Scrubb,23,,,6.9000000953674,46.439998626709,1.0,P2,made,ALIAGA PETKIM SPOR P. SCRUBB 2Pt made,67.0,1.0,D. EFIANAYI JR,,,,,,2,85,1.0,score,2,36,0,31
04:34,04:34:00,36,31,5,1,2,REGULAR,67,D. EFIANAYI JR,1,assist,253,252,[],,0,4,David Tinsley Eghosa,Efianayi Jr,David Tinsley Eghosa,Efianayi Jr,D,E,D,E,D. Efianayi Jr,ALIAGA PETKIM SPOR,PTK,D. Efianayi Jr,4,,,,,,ASS,,ALIAGA PETKIM SPOR D. EFIANAYI JR assist,,,,,,,,,0,86,2.0,,0,36,0,31
04:07,04:07:00,36,34,2,2,2,REGULAR,7,B. BENTIL,1,3pt,254,,[],jumpshot,1,50,Benjamin,Bentil,Benjamin,Bentil,B,B,B,B,B. Bentil,MERSIN SPOR,MSK,B. Bentil,50,,,75.069999694824,18.190000534058,1.0,P3,made,MERSIN SPOR B. BENTIL 3Pt made,5.0,2.0,J. COBBS,,,,,,3,86,2.0,score,0,36,3,34
04:07,04:07:00,36,34,2,2,2,REGULAR,5,J. COBBS,1,assist,255,254,[],,0,1,Justin,Cobbs,Justin,Cobbs,J,C,J,C,J. Cobbs,MERSIN SPOR,MSK,J. Cobbs,1,,,,,,ASS,,MERSIN SPOR J. COBBS assist,,,,,,,,,0,87,1.0,,0,36,0,34
03:47,03:47:00,38,34,4,1,2,REGULAR,67,D. EFIANAYI JR,1,2pt,256,,[],jumpshot,1,4,David Tinsley Eghosa,Efianayi Jr,David Tinsley Eghosa,Efianayi Jr,D,E,D,E,D. Efianayi Jr,ALIAGA PETKIM SPOR,PTK,D. Efianayi Jr,4,,,16.719999313354,32.599998474121,1.0,P2,made,ALIAGA PETKIM SPOR D. EFIANAYI JR 2Pt made,,,,,,,,,2,87,1.0,score,2,38,0,34
03:22,03:22:00,38,34,4,2,2,REGULAR,6,F. CRUZ SALDIVAR,0,3pt,257,,[],jumpshot,1,9,Francisco Javier,Cruz Saldivar,Francisco Javier,Cruz Saldivar,F,C,F,C,F. Cruz Saldivar,MERSIN SPOR,MSK,F. Cruz Saldivar,9,,,73.349998474121,88.25,0.0,P3,missed,MERSIN SPOR F. CRUZ SALDIVAR 3Pt missed,,,,,,,,,0,88,2.0,def_reb,0,38,0,34
03:20,03:20:00,38,34,4,1,2,REGULAR,65,R. BLUMBERGS,1,rebound,258,257,[],defensive,0,6,Roberts,Blumbergs,Roberts,Blumbergs,R,B,R,B,R. Blumbergs,ALIAGA PETKIM SPOR,PTK,R. Blumbergs,6,,,,,,REB,,ALIAGA PETKIM SPOR rebound defensive,,,,,,,,,0,89,1.0,def_reb,0,38,0,34
03:07,03:07:00,41,34,7,1,2,REGULAR,65,R. BLUMBERGS,1,3pt,260,,[],jumpshot,1,6,Roberts,Blumbergs,Roberts,Blumbergs,R,B,R,B,R. Blumbergs,ALIAGA PETKIM SPOR,PTK,R. Blumbergs,6,,,3.1500000953674,3.5,1.0,P3,made,ALIAGA PETKIM SPOR R. BLUMBERGS 3Pt made,67.0,1.0,D. EFIANAYI JR,,,,,,3,90,2.0,score,3,41,0,34
03:07,03:07:00,41,34,7,1,2,REGULAR,67,D. EFIANAYI JR,1,assist,261,260,[],,0,4,David Tinsley Eghosa,Efianayi Jr,David Tinsley Eghosa,Efianayi Jr,D,E,D,E,D. Efianayi Jr,ALIAGA PETKIM SPOR,PTK,D. Efianayi Jr,4,,,,,,ASS,,ALIAGA PETKIM SPOR D. EFIANAYI JR assist,,,,,,,,,0,91,1.0,,0,41,0,34
03:06,03:06:00,41,34,7,2,2,REGULAR,0,,1,timeout,262,,[],full,0,,,,,,,,,,,MERSIN SPOR,MSK,,,,,,,,TIMEOUT,,MERSIN SPOR timeout,,,,,,,,,0,91,1.0,,0,41,0,34
03:06,03:06:00,41,34,7,2,2,REGULAR,3,K. ÖZMIZRAK,1,substitution,263,,[],out,0,3,Kartal,Özmizrak,Kartal,Özmizrak,K,Ö,K,Ö,K. Özmizrak,MERSIN SPOR,MSK,K. Özmizrak,3,,,,,,SUB,out,MERSIN SPOR substitution out,,,,,,,,,0,91,1.0,,0,41,0,34
03:06,03:06:00,41,34,7,2,2,REGULAR,6,F. CRUZ SALDIVAR,1,substitution,264,,[],out,0,9,Francisco Javier,Cruz Saldivar,Francisco Javier,Cruz Saldivar,F,C,F,C,F. Cruz Saldivar,MERSIN SPOR,MSK,F. Cruz Saldivar,9,,,,,,SUB,out,MERSIN SPOR substitution out,,,,,,,,,0,91,1.0,,0,41,0,34
03:06,03:06:00,41,34,7,2,2,REGULAR,7,B. BENTIL,1,substitution,265,,[],out,0,50,Benjamin,Bentil,Benjamin,Bentil,B,B,B,B,B. Bentil,MERSIN SPOR,MSK,B. Bentil,50,,,,,,SUB,out,MERSIN SPOR substitution out,,,,,,,,,0,91,1.0,,0,41,0,34
03:06,03:06:00,41,34,7,2,2,REGULAR,55,A. OLASENI,1,substitution,266,,[],in,0,0,Abodunrin Gabriel,Olaseni,Abodunrin Gabriel,Olaseni,A,O,A,O,A. Olaseni,MERSIN SPOR,MSK,A. Olaseni,0,,,,,,SUB,in,MERSIN SPOR substitution in,,,,,,,,,0,91,1.0,,0,41,0,34
03:06,03:06:00,41,34,7,2,2,REGULAR,56,A. COWAN,1,substitution,267,,[],in,0,7,Anthony Dewayne,Cowan,Anthony Dewayne,Cowan,A,C,A,C,A. Cowan,MERSIN SPOR,MSK,A. Cowan,7,,,,,,SUB,in,MERSIN SPOR substitution in,,,,,,,,,0,91,1.0,,0,41,0,34
03:06,03:06:00,41,34,7,2,2,REGULAR,4,E. TIRPANCI,1,substitution,268,,[],in,0,10,Efe Ergi,Tirpanci,Efe Ergi,Tirpanci,E,T,E,T,E. Tirpanci,MERSIN SPOR,MSK,E. Tirpanci,10,,,,,,SUB,in,MERSIN SPOR substitution in,,,,,,,,,0,91,1.0,,0,41,0,34
02:42,02:42:00,41,34,7,2,2,REGULAR,5,J. COBBS,0,3pt,270,,[],jumpshot,1,1,Justin,Cobbs,Justin,Cobbs,J,C,J,C,J. Cobbs,MERSIN SPOR,MSK,J. Cobbs,1,,,76.790000915527,15.930000305176,0.0,P3,missed,MERSIN SPOR J. COBBS 3Pt missed,,,,,,,,,0,91,1.0,,0,41,0,34
02:40,02:40:00,41,34,7,2,2,REGULAR,9,J. WHITE,1,rebound,272,270,[],offensive,0,14,Jackson Thomas,White,Jackson Thomas,White,J,W,J,W,J. White,MERSIN SPOR,MSK,J. White,14,,,,,,REB,,MERSIN SPOR rebound offensive,,,,,,,,,0,91,1.0,,0,41,0,34
02:40,02:40:00,41,34,7,2,2,REGULAR,9,J. WHITE,0,2pt,273,,"['2ndchance', 'pointsinthepaint']",tipinlayup,1,14,Jackson Thomas,White,Jackson Thomas,White,J,W,J,W,J. White,MERSIN SPOR,MSK,J. White,14,,,94.0,50.0,0.0,P2,missed,MERSIN SPOR J. WHITE 2Pt missed,,,,,,,,,0,91,1.0,def_reb,0,41,0,34
02:40,02:40:00,41,34,7,2,2,REGULAR,0,,1,rebound,274,273,['team'],offensive,0,,,,,,,,,,,MERSIN SPOR,MSK,,,,,,,,TREB,,MERSIN SPOR team rebound offensive,,,,,,,,,0,92,2.0,def_reb,0,41,0,34
02:35,02:35:00,41,34,7,1,2,REGULAR,42,Y. SONSIRMA,1,foul,277,,"['shooting', '2freethrow']",personal,0,9,Yunus Emre,Sonsirma,Yunus Emre,Sonsirma,Y,S,Y,S,Y. Sonsirma,ALIAGA PETKIM SPOR,PTK,Y. Sonsirma,9,,,,,,FOUL,,ALIAGA PETKIM SPOR Y. SONSIRMA foul personal,,,,,,,,,0,93,1.0,,0,41,0,34
02:35,02:35:00,41,34,7,2,2,REGULAR,5,J. COBBS,1,foulon,278,277,[],,0,1,Justin,Cobbs,Justin,Cobbs,J,C,J,C,J. Cobbs,MERSIN SPOR,MSK,J. Cobbs,1,,,,,,OTHER,,MERSIN SPOR foulon,,,,,,,,,0,93,1.0,,0,41,0,34
02:35,02:35:00,41,35,6,2,2,REGULAR,5,J. COBBS,1,freethrow,279,,['2ndchance'],1of2,1,1,Justin,Cobbs,Justin,Cobbs,J,C,J,C,J. Cobbs,MERSIN SPOR,MSK,J. Cobbs,1,,,,,,FT,made,MERSIN SPOR J. COBBS FT 1of2 made,,,,,,,,,1,93,1.0,made_ft,0,41,1,35
02:35,02:35:00,41,35,6,2,2,REGULAR,56,A. COWAN,1,assist,280,279,[],,0,7,Anthony Dewayne,Cowan,Anthony Dewayne,Cowan,A,C,A,C,A. Cowan,MERSIN SPOR,MSK,A. Cowan,7,,,,,,ASS,,MERSIN SPOR A. COWAN assist,,,,,,,,,0,94,2.0,,0,41,0,35
02:35,02:35:00,41,36,5,2,2,REGULAR,5,J. COBBS,1,freethrow,281,,['2ndchance'],2of2,1,1,Justin,Cobbs,Justin,Cobbs,J,C,J,C,J. Cobbs,MERSIN SPOR,MSK,J. Cobbs,1,,,,,,FT,made,MERSIN SPOR J. COBBS FT 2of2 made,,,,,,,,,1,94,2.0,made_ft_last,0,41,1,36
02:18,02:18:00,41,36,5,1,2,REGULAR,42,Y. SONSIRMA,0,3pt,283,,[],jumpshot,1,9,Yunus Emre,Sonsirma,Yunus Emre,Sonsirma,Y,S,Y,S,Y. Sonsirma,ALIAGA PETKIM SPOR,PTK,Y. Sonsirma,9,,,7.6799998283386,4.3499999046326,0.0,P3,missed,ALIAGA PETKIM SPOR Y. SONSIRMA 3Pt missed,,,,,,,,,0,95,1.0,def_reb,0,41,0,36
02:15,02:15:00,41,36,5,2,2,REGULAR,55,A. OLASENI,1,rebound,284,283,[],defensive,0,0,Abodunrin Gabriel,Olaseni,Abodunrin Gabriel,Olaseni,A,O,A,O,A. Olaseni,MERSIN SPOR,MSK,A. Olaseni,0,,,,,,REB,,MERSIN SPOR rebound defensive,,,,,,,,,0,96,2.0,def_reb,0,41,0,36
02:01,02:01:00,41,39,2,2,2,REGULAR,56,A. COWAN,1,3pt,288,,[],jumpshot,1,7,Anthony Dewayne,Cowan,Anthony Dewayne,Cowan,A,C,A,C,A. Cowan,MERSIN SPOR,MSK,A. Cowan,7,,,75.690002441406,87.680000305176,1.0,P3,made,MERSIN SPOR A. COWAN 3Pt made,5.0,2.0,J. COBBS,,,,,,3,97,1.0,score,0,41,3,39
02:01,02:01:00,41,39,2,2,2,REGULAR,5,J. COBBS,1,assist,289,288,[],,0,1,Justin,Cobbs,Justin,Cobbs,J,C,J,C,J. Cobbs,MERSIN SPOR,MSK,J. Cobbs,1,,,,,,ASS,,MERSIN SPOR J. COBBS assist,,,,,,,,,0,98,2.0,,0,41,0,39
02:00,02:00:00,41,39,2,1,2,REGULAR,0,,1,timeout,290,,[],full,0,,,,,,,,,,,ALIAGA PETKIM SPOR,PTK,,,,,,,,TIMEOUT,,ALIAGA PETKIM SPOR timeout,,,,,,,,,0,98,2.0,,0,41,0,39
02:00,02:00:00,41,39,2,1,2,REGULAR,65,R. BLUMBERGS,1,substitution,291,,[],out,0,6,Roberts,Blumbergs,Roberts,Blumbergs,R,B,R,B,R. Blumbergs,ALIAGA PETKIM SPOR,PTK,R. Blumbergs,6,,,,,,SUB,out,ALIAGA PETKIM SPOR substitution out,,,,,,,,,0,98,2.0,,0,41,0,39
02:00,02:00:00,41,39,2,1,2,REGULAR,42,Y. SONSIRMA,1,substitution,292,,[],out,0,9,Yunus Emre,Sonsirma,Yunus Emre,Sonsirma,Y,S,Y,S,Y. Sonsirma,ALIAGA PETKIM SPOR,PTK,Y. Sonsirma,9,,,,,,SUB,out,ALIAGA PETKIM SPOR substitution out,,,,,,,,,0,98,2.0,,0,41,0,39
02:00,02:00:00,41,39,2,1,2,REGULAR,70,U. UTOMI,1,substitution,293,,[],in,0,8,Uzodinma,Utomi,Uzodinma,Utomi,U,U,U,U,U. Utomi,ALIAGA PETKIM SPOR,PTK,U. Utomi,8,,,,,,SUB,in,ALIAGA PETKIM SPOR substitution in,,,,,,,,,0,98,2.0,,0,41,0,39
02:00,02:00:00,41,39,2,1,2,REGULAR,44,T. SAV,1,substitution,294,,[],in,0,15,Troy Selim,Sav,Troy Selim,Sav,T,S,T,S,T. Sav,ALIAGA PETKIM SPOR,PTK,T. Sav,15,,,,,,SUB,in,ALIAGA PETKIM SPOR substitution in,,,,,,,,,0,98,2.0,,0,41,0,39
01:50,01:50:00,41,39,2,2,2,REGULAR,56,A. COWAN,1,foul,297,,[],personal,0,7,Anthony Dewayne,Cowan,Anthony Dewayne,Cowan,A,C,A,C,A. Cowan,MERSIN SPOR,MSK,A. Cowan,7,,,,,,FOUL,,MERSIN SPOR A. COWAN foul personal,,,,,,,,,0,98,2.0,,0,41,0,39
01:50,01:50:00,41,39,2,1,2,REGULAR,98,P. SCRUBB,1,foulon,298,297,[],,0,23,Philip Alexander,Scrubb,Philip Alexander,Scrubb,P,S,P,S,P. Scrubb,ALIAGA PETKIM SPOR,PTK,P. Scrubb,23,,,,,,OTHER,,ALIAGA PETKIM SPOR foulon,,,,,,,,,0,98,2.0,,0,41,0,39
01:43,01:43:00,41,39,2,1,2,REGULAR,66,J. FLOYD,0,2pt,300,,['pointsinthepaint'],layup,1,20,Jehyve Jamal,Floyd,Jehyve Jamal,Floyd,J,F,J,F,J. Floyd,ALIAGA PETKIM SPOR,PTK,J. Floyd,20,,,6.4299998283386,43.330001831055,0.0,P2,missed,ALIAGA PETKIM SPOR J. FLOYD 2Pt missed,,,,,,,,,0,98,2.0,def_reb,0,41,0,39
01:42,01:42:00,41,39,2,1,2,REGULAR,0,,1,rebound,302,300,['team'],offensive,0,,,,,,,,,,,ALIAGA PETKIM SPOR,PTK,,,,,,,,TREB,,ALIAGA PETKIM SPOR team rebound offensive,,,,,,,,,0,99,1.0,def_reb,0,41,0,39
01:35,01:35:00,41,39,2,1,2,REGULAR,98,P. SCRUBB,0,3pt,304,,['2ndchance'],jumpshot,1,23,Philip Alexander,Scrubb,Philip Alexander,Scrubb,P,S,P,S,P. Scrubb,ALIAGA PETKIM SPOR,PTK,P. Scrubb,23,,,30.450000762939,26.379999160767,0.0,P3,missed,ALIAGA PETKIM SPOR P. SCRUBB 3Pt missed,,,,,,,,,0,100,2.0,def_reb,0,41,0,39
01:32,01:32:00,41,39,2,2,2,REGULAR,55,A. OLASENI,1,rebound,305,304,[],defensive,0,0,Abodunrin Gabriel,Olaseni,Abodunrin Gabriel,Olaseni,A,O,A,O,A. Olaseni,MERSIN SPOR,MSK,A. Olaseni,0,,,,,,REB,,MERSIN SPOR rebound defensive,,,,,,,,,0,101,1.0,def_reb,0,41,0,39
01:17,01:17:00,41,39,2,2,2,REGULAR,56,A. COWAN,1,turnover,307,,[],ballhandling,0,7,Anthony Dewayne,Cowan,Anthony Dewayne,Cowan,A,C,A,C,A. Cowan,MERSIN SPOR,MSK,A. Cowan,7,,,,,,TO,,MERSIN SPOR A. COWAN turnover ballhandling,,,,,,,,,0,102,2.0,turnover,0,41,0,39
01:17,01:17:00,41,39,2,1,2,REGULAR,98,P. SCRUBB,1,steal,308,307,[],,0,23,Philip Alexander,Scrubb,Philip Alexander,Scrubb,P,S,P,S,P. Scrubb,ALIAGA PETKIM SPOR,PTK,P. Scrubb,23,,,,,,ST,,ALIAGA PETKIM SPOR P. SCRUBB steal,,,,,,,,,0,103,1.0,,0,41,0,39
00:58,00:58:20,41,39,2,1,2,REGULAR,44,T. SAV,0,2pt,310,,"['fromturnover', 'pointsinthepaint']",drivinglayup,1,15,Troy Selim,Sav,Troy Selim,Sav,T,S,T,S,T. Sav,ALIAGA PETKIM SPOR,PTK,T. Sav,15,,,7.9899997711182,53.220001220703,0.0,P2,missed,ALIAGA PETKIM SPOR T. SAV 2Pt missed,,,,,,,,,0,103,1.0,def_reb,0,41,0,39
00:55,00:55:90,41,39,2,2,2,REGULAR,55,A. OLASENI,1,rebound,311,310,[],defensive,0,0,Abodunrin Gabriel,Olaseni,Abodunrin Gabriel,Olaseni,A,O,A,O,A. Olaseni,MERSIN SPOR,MSK,A. Olaseni,0,,,,,,REB,,MERSIN SPOR rebound defensive,,,,,,,,,0,104,2.0,def_reb,0,41,0,39
00:52,00:52:60,41,39,2,2,2,REGULAR,5,J. COBBS,0,3pt,312,,[],jumpshot,1,1,Justin,Cobbs,Justin,Cobbs,J,C,J,C,J. Cobbs,MERSIN SPOR,MSK,J. Cobbs,1,,,77.879997253418,13.390000343323,0.0,P3,missed,MERSIN SPOR J. COBBS 3Pt missed,,,,,,,,,0,105,1.0,def_reb,0,41,0,39
00:50,00:50:10,41,39,2,1,2,REGULAR,0,,1,rebound,314,312,['team'],defensive,0,,,,,,,,,,,ALIAGA PETKIM SPOR,PTK,,,,,,,,TREB,,ALIAGA PETKIM SPOR team rebound defensive,,,,,,,,,0,106,2.0,def_reb,0,41,0,39
00:50,00:50:10,41,39,2,2,2,REGULAR,9,J. WHITE,1,substitution,315,,[],out,0,14,Jackson Thomas,White,Jackson Thomas,White,J,W,J,W,J. White,MERSIN SPOR,MSK,J. White,14,,,,,,SUB,out,MERSIN SPOR substitution out,,,,,,,,,0,107,1.0,,0,41,0,39
00:50,00:50:10,41,39,2,2,2,REGULAR,7,B. BENTIL,1,substitution,316,,[],in,0,50,Benjamin,Bentil,Benjamin,Bentil,B,B,B,B,B. Bentil,MERSIN SPOR,MSK,B. Bentil,50,,,,,,SUB,in,MERSIN SPOR substitution in,,,,,,,,,0,107,1.0,,0,41,0,39
00:38,00:38:60,41,39,2,2,2,REGULAR,4,E. TIRPANCI,1,foul,319,,"['shooting', '3freethrow']",personal,0,10,Efe Ergi,Tirpanci,Efe Ergi,Tirpanci,E,T,E,T,E. Tirpanci,MERSIN SPOR,MSK,E. Tirpanci,10,,,,,,FOUL,,MERSIN SPOR E. TIRPANCI foul personal,,,,,,,,,0,107,1.0,,0,41,0,39
00:38,00:38:60,41,39,2,1,2,REGULAR,67,D. EFIANAYI JR,1,foulon,320,319,[],,0,4,David Tinsley Eghosa,Efianayi Jr,David Tinsley Eghosa,Efianayi Jr,D,E,D,E,D. Efianayi Jr,ALIAGA PETKIM SPOR,PTK,D. Efianayi Jr,4,,,,,,OTHER,,ALIAGA PETKIM SPOR foulon,,,,,,,,,0,107,1.0,,0,41,0,39
00:38,00:38:60,42,39,3,1,2,REGULAR,67,D. EFIANAYI JR,1,freethrow,321,,[],1of3,1,4,David Tinsley Eghosa,Efianayi Jr,David Tinsley Eghosa,Efianayi Jr,D,E,D,E,D. Efianayi Jr,ALIAGA PETKIM SPOR,PTK,D. Efianayi Jr,4,,,,,,FT,made,ALIAGA PETKIM SPOR D. EFIANAYI JR FT 1of3 made,,,,,,,,,1,107,1.0,made_ft,1,42,0,39
00:38,00:38:60,43,39,4,1,2,REGULAR,67,D. EFIANAYI JR,1,freethrow,322,,[],2of3,1,4,David Tinsley Eghosa,Efianayi Jr,David Tinsley Eghosa,Efianayi Jr,D,E,D,E,D. Efianayi Jr,ALIAGA PETKIM SPOR,PTK,D. Efianayi Jr,4,,,,,,FT,made,ALIAGA PETKIM SPOR D. EFIANAYI JR FT 2of3 made,,,,,,,,,1,108,2.0,made_ft,1,43,0,39
00:38,00:38:60,44,39,5,1,2,REGULAR,67,D. EFIANAYI JR,1,freethrow,323,,[],3of3,1,4,David Tinsley Eghosa,Efianayi Jr,David Tinsley Eghosa,Efianayi Jr,D,E,D,E,D. Efianayi Jr,ALIAGA PETKIM SPOR,PTK,D. Efianayi Jr,4,,,,,,FT,made,ALIAGA PETKIM SPOR D. EFIANAYI JR FT 3of3 made,,,,,,,,,1,109,1.0,made_ft_last,1,44,0,39
00:38,00:38:60,44,39,5,1,2,REGULAR,70,U. UTOMI,1,substitution,324,,[],out,0,8,Uzodinma,Utomi,Uzodinma,Utomi,U,U,U,U,U. Utomi,ALIAGA PETKIM SPOR,PTK,U. Utomi,8,,,,,,SUB,out,ALIAGA PETKIM SPOR substitution out,,,,,,,,,0,110,2.0,,0,44,0,39
00:38,00:38:60,44,39,5,1,2,REGULAR,44,T. SAV,1,substitution,325,,[],out,0,15,Troy Selim,Sav,Troy Selim,Sav,T,S,T,S,T. Sav,ALIAGA PETKIM SPOR,PTK,T. Sav,15,,,,,,SUB,out,ALIAGA PETKIM SPOR substitution out,,,,,,,,,0,110,2.0,,0,44,0,39
00:38,00:38:60,44,39,5,1,2,REGULAR,45,B. GÜLER,1,substitution,326,,[],in,0,2,Boran,Güler,Boran,Güler,B,G,B,G,B. Güler,ALIAGA PETKIM SPOR,PTK,B. Güler,2,,,,,,SUB,in,ALIAGA PETKIM SPOR substitution in,,,,,,,,,0,110,2.0,,0,44,0,39
00:38,00:38:60,44,39,5,1,2,REGULAR,65,R. BLUMBERGS,1,substitution,327,,[],in,0,6,Roberts,Blumbergs,Roberts,Blumbergs,R,B,R,B,R. Blumbergs,ALIAGA PETKIM SPOR,PTK,R. Blumbergs,6,,,,,,SUB,in,ALIAGA PETKIM SPOR substitution in,,,,,,,,,0,110,2.0,,0,44,0,39
00:38,00:38:60,44,39,5,2,2,REGULAR,4,E. TIRPANCI,1,substitution,328,,[],out,0,10,Efe Ergi,Tirpanci,Efe Ergi,Tirpanci,E,T,E,T,E. Tirpanci,MERSIN SPOR,MSK,E. Tirpanci,10,,,,,,SUB,out,MERSIN SPOR substitution out,,,,,,,,,0,110,2.0,,0,44,0,39
00:38,00:38:60,44,39,5,2,2,REGULAR,3,K. ÖZMIZRAK,1,substitution,329,,[],in,0,3,Kartal,Özmizrak,Kartal,Özmizrak,K,Ö,K,Ö,K. Özmizrak,MERSIN SPOR,MSK,K. Özmizrak,3,,,,,,SUB,in,MERSIN SPOR substitution in,,,,,,,,,0,110,2.0,,0,44,0,39
00:34,00:34:00,44,39,5,1,2,REGULAR,98,P. SCRUBB,1,foul,332,,['2freethrow'],personal,0,23,Philip Alexander,Scrubb,Philip Alexander,Scrubb,P,S,P,S,P. Scrubb,ALIAGA PETKIM SPOR,PTK,P. Scrubb,23,,,,,,FOUL,,ALIAGA PETKIM SPOR P. SCRUBB foul personal,,,,,,,,,0,110,2.0,,0,44,0,39
00:34,00:34:00,44,39,5,2,2,REGULAR,56,A. COWAN,1,foulon,333,332,[],,0,7,Anthony Dewayne,Cowan,Anthony Dewayne,Cowan,A,C,A,C,A. Cowan,MERSIN SPOR,MSK,A. Cowan,7,,,,,,OTHER,,MERSIN SPOR foulon,,,,,,,,,0,110,2.0,,0,44,0,39
00:34,00:34:00,44,40,4,2,2,REGULAR,56,A. COWAN,1,freethrow,334,,[],1of2,1,7,Anthony Dewayne,Cowan,Anthony Dewayne,Cowan,A,C,A,C,A. Cowan,MERSIN SPOR,MSK,A. Cowan,7,,,,,,FT,made,MERSIN SPOR A. COWAN FT 1of2 made,,,,,,,,,1,110,2.0,made_ft,0,44,1,40
00:34,00:34:00,44,41,3,2,2,REGULAR,56,A. COWAN,1,freethrow,335,,[],2of2,1,7,Anthony Dewayne,Cowan,Anthony Dewayne,Cowan,A,C,A,C,A. Cowan,MERSIN SPOR,MSK,A. Cowan,7,,,,,,FT,made,MERSIN SPOR A. COWAN FT 2of2 made,,,,,,,,,1,111,1.0,made_ft_last,0,44,1,41
00:14,00:14:10,44,41,3,1,2,REGULAR,65,R. BLUMBERGS,0,3pt,337,,[],jumpshot,1,6,Roberts,Blumbergs,Roberts,Blumbergs,R,B,R,B,R. Blumbergs,ALIAGA PETKIM SPOR,PTK,R. Blumbergs,6,,,25.459999084473,19.319999694824,0.0,P3,missed,ALIAGA PETKIM SPOR R. BLUMBERGS 3Pt missed,,,,,,,,,0,112,2.0,def_reb,0,44,0,41
00:10,00:10:60,44,41,3,2,2,REGULAR,56,A. COWAN,1,rebound,339,337,[],defensive,0,7,Anthony Dewayne,Cowan,Anthony Dewayne,Cowan,A,C,A,C,A. Cowan,MERSIN SPOR,MSK,A. Cowan,7,,,,,,REB,,MERSIN SPOR rebound defensive,,,,,,,,,0,113,1.0,def_reb,0,44,0,41
00:10,00:10:60,44,41,3,2,2,REGULAR,56,A. COWAN,1,turnover,340,,[],badpass,0,7,Anthony Dewayne,Cowan,Anthony Dewayne,Cowan,A,C,A,C,A. Cowan,MERSIN SPOR,MSK,A. Cowan,7,,,,,,TO,,MERSIN SPOR A. COWAN turnover badpass,,,,,,,,,0,114,2.0,turnover,0,44,0,41
00:10,00:10:60,44,41,3,1,2,REGULAR,0,,1,timeout,341,,[],full,0,,,,,,,,,,,ALIAGA PETKIM SPOR,PTK,,,,,,,,TIMEOUT,,ALIAGA PETKIM SPOR timeout,,,,,,,,,0,115,1.0,,0,44,0,41
00:10,00:10:60,44,41,3,2,2,REGULAR,3,K. ÖZMIZRAK,1,substitution,342,,[],out,0,3,Kartal,Özmizrak,Kartal,Özmizrak,K,Ö,K,Ö,K. Özmizrak,MERSIN SPOR,MSK,K. Özmizrak,3,,,,,,SUB,out,MERSIN SPOR substitution out,,,,,,,,,0,115,1.0,,0,44,0,41
00:10,00:10:60,44,41,3,2,2,REGULAR,7,B. BENTIL,1,substitution,343,,[],out,0,50,Benjamin,Bentil,Benjamin,Bentil,B,B,B,B,B. Bentil,MERSIN SPOR,MSK,B. Bentil,50,,,,,,SUB,out,MERSIN SPOR substitution out,,,,,,,,,0,115,1.0,,0,44,0,41
00:10,00:10:60,44,41,3,2,2,REGULAR,8,L. APAYDIN,1,substitution,344,,[],in,0,5,Leon Harun,Apaydin,Leon Harun,Apaydin,L,A,L,A,L. Apaydin,MERSIN SPOR,MSK,L. Apaydin,5,,,,,,SUB,in,MERSIN SPOR substitution in,,,,,,,,,0,115,1.0,,0,44,0,41
00:10,00:10:60,44,41,3,2,2,REGULAR,9,J. WHITE,1,substitution,345,,[],in,0,14,Jackson Thomas,White,Jackson Thomas,White,J,W,J,W,J. White,MERSIN SPOR,MSK,J. White,14,,,,,,SUB,in,MERSIN SPOR substitution in,,,,,,,,,0,115,1.0,,0,44,0,41
00:02,00:02:60,44,41,3,1,2,REGULAR,67,D. EFIANAYI JR,1,turnover,348,,[],badpass,0,4,David Tinsley Eghosa,Efianayi Jr,David Tinsley Eghosa,Efianayi Jr,D,E,D,E,D. Efianayi Jr,ALIAGA PETKIM SPOR,PTK,D. Efianayi Jr,4,,,,,,TO,,ALIAGA PETKIM SPOR D. EFIANAYI JR turnover badpass,,,,,,,,,0,115,1.0,turnover,0,44,0,41
00:01,00:01:50,44,41,3,2,2,REGULAR,55,A. OLASENI,0,2pt,351,,"['fromturnover', 'pointsinthepaint', 'blocked']",jumpshot,1,0,Abodunrin Gabriel,Olaseni,Abodunrin Gabriel,Olaseni,A,O,A,O,A. Olaseni,MERSIN SPOR,MSK,A. Olaseni,0,,,82.400001525879,64.519996643066,0.0,P2,missed,MERSIN SPOR A. OLASENI 2Pt missed,,,,45.0,1.0,B. GÜLER,,,0,116,2.0,,0,44,0,41
00:01,00:01:50,44,41,3,1,2,REGULAR,45,B. GÜLER,1,block,352,351,[],,0,2,Boran,Güler,Boran,Güler,B,G,B,G,B. Güler,ALIAGA PETKIM SPOR,PTK,B. Güler,2,,,,,,BS,,ALIAGA PETKIM SPOR B. GÜLER block,,,,,,,,,0,116,2.0,,0,44,0,41
00:00,00:00:00,44,41,3,0,2,REGULAR,0,,1,period,355,,['confirmed'],end,0,,,,,,,,,,,,,,,,,,,,OTHER,,period end,,,,,,,,,0,116,2.0,,0,44,0,41
10:00,10:00:00,44,41,3,1,3,REGULAR,45,B. GÜLER,1,substitution,356,,[],out,0,2,Boran,Güler,Boran,Güler,B,G,B,G,B. Güler,ALIAGA PETKIM SPOR,PTK,B. Güler,2,,,,,,SUB,out,ALIAGA PETKIM SPOR substitution out,,,,,,,,,0,116,2.0,,0,44,0,41
10:00,10:00:00,44,41,3,1,3,REGULAR,65,R. BLUMBERGS,1,substitution,357,,[],out,0,6,Roberts,Blumbergs,Roberts,Blumbergs,R,B,R,B,R. Blumbergs,ALIAGA PETKIM SPOR,PTK,R. Blumbergs,6,,,,,,SUB,out,ALIAGA PETKIM SPOR substitution out,,,,,,,,,0,116,2.0,,0,44,0,41
10:00,10:00:00,44,41,3,1,3,REGULAR,68,Y. FRANKE,1,substitution,358,,[],in,0,5,Yannick Ayrton,Franke,Yannick Ayrton,Franke,Y,F,Y,F,Y. Franke,ALIAGA PETKIM SPOR,PTK,Y. Franke,5,,,,,,SUB,in,ALIAGA PETKIM SPOR substitution in,,,,,,,,,0,116,2.0,,0,44,0,41
10:00,10:00:00,44,41,3,1,3,REGULAR,44,T. SAV,1,substitution,359,,[],in,0,15,Troy Selim,Sav,Troy Selim,Sav,T,S,T,S,T. Sav,ALIAGA PETKIM SPOR,PTK,T. Sav,15,,,,,,SUB,in,ALIAGA PETKIM SPOR substitution in,,,,,,,,,0,116,2.0,,0,44,0,41
10:00,10:00:00,44,41,3,2,3,REGULAR,8,L. APAYDIN,1,substitution,360,,[],out,0,5,Leon Harun,Apaydin,Leon Harun,Apaydin,L,A,L,A,L. Apaydin,MERSIN SPOR,MSK,L. Apaydin,5,,,,,,SUB,out,MERSIN SPOR substitution out,,,,,,,,,0,116,2.0,,0,44,0,41
10:00,10:00:00,44,41,3,2,3,REGULAR,56,A. COWAN,1,substitution,361,,[],out,0,7,Anthony Dewayne,Cowan,Anthony Dewayne,Cowan,A,C,A,C,A. Cowan,MERSIN SPOR,MSK,A. Cowan,7,,,,,,SUB,out,MERSIN SPOR substitution out,,,,,,,,,0,116,2.0,,0,44,0,41
10:00,10:00:00,44,41,3,2,3,REGULAR,3,K. ÖZMIZRAK,1,substitution,362,,[],in,0,3,Kartal,Özmizrak,Kartal,Özmizrak,K,Ö,K,Ö,K. Özmizrak,MERSIN SPOR,MSK,K. Özmizrak,3,,,,,,SUB,in,MERSIN SPOR substitution in,,,,,,,,,0,116,2.0,,0,44,0,41
10:00,10:00:00,44,41,3,2,3,REGULAR,6,F. CRUZ SALDIVAR,1,substitution,363,,[],in,0,9,Francisco Javier,Cruz Saldivar,Francisco Javier,Cruz Saldivar,F,C,F,C,F. Cruz Saldivar,MERSIN SPOR,MSK,F. Cruz Saldivar,9,,,,,,SUB,in,MERSIN SPOR substitution in,,,,,,,,,0,116,2.0,,0,44,0,41
10:00,10:00:00,44,41,3,0,3,REGULAR,0,,1,period,364,,[],start,0,,,,,,,,,,,,,,,,,,,,OTHER,,period start,,,,,,,,,0,116,2.0,,0,44,0,41
09:38,09:38:00,44,41,3,1,3,REGULAR,67,D. EFIANAYI JR,0,3pt,366,,[],jumpshot,1,4,David Tinsley Eghosa,Efianayi Jr,David Tinsley Eghosa,Efianayi Jr,D,E,D,E,D. Efianayi Jr,ALIAGA PETKIM SPOR,PTK,D. Efianayi Jr,4,,,67.110000610352,49.830001831055,0.0,P3,missed,ALIAGA PETKIM SPOR D. EFIANAYI JR 3Pt missed,,,,,,,,,0,116,2.0,,0,44,0,41
09:35,09:35:00,44,41,3,1,3,REGULAR,44,T. SAV,1,rebound,367,366,[],offensive,0,15,Troy Selim,Sav,Troy Selim,Sav,T,S,T,S,T. Sav,ALIAGA PETKIM SPOR,PTK,T. Sav,15,,,,,,REB,,ALIAGA PETKIM SPOR rebound offensive,,,,,,,,,0,116,2.0,,0,44,0,41
09:28,09:28:00,46,41,5,1,3,REGULAR,44,T. SAV,1,2pt,368,,"['2ndchance', 'pointsinthepaint']",drivinglayup,1,15,Troy Selim,Sav,Troy Selim,Sav,T,S,T,S,T. Sav,ALIAGA PETKIM SPOR,PTK,T. Sav,15,,,87.080001831055,55.479999542236,1.0,P2,made,ALIAGA PETKIM SPOR T. SAV 2Pt made,66.0,1.0,J. FLOYD,,,,,,2,116,2.0,score,2,46,0,41
09:28,09:28:00,46,41,5,1,3,REGULAR,66,J. FLOYD,1,assist,369,368,[],,0,20,Jehyve Jamal,Floyd,Jehyve Jamal,Floyd,J,F,J,F,J. Floyd,ALIAGA PETKIM SPOR,PTK,J. Floyd,20,,,,,,ASS,,ALIAGA PETKIM SPOR J. FLOYD assist,,,,,,,,,0,117,1.0,,0,46,0,41
09:03,09:03:00,46,41,5,2,3,REGULAR,6,F. CRUZ SALDIVAR,0,3pt,370,,[],jumpshot,1,9,Francisco Javier,Cruz Saldivar,Francisco Javier,Cruz Saldivar,F,C,F,C,F. Cruz Saldivar,MERSIN SPOR,MSK,F. Cruz Saldivar,9,,,27.639999389648,77.51000213623,0.0,P3,missed,MERSIN SPOR F. CRUZ SALDIVAR 3Pt missed,,,,,,,,,0,117,1.0,def_reb,0,46,0,41
09:01,09:01:00,46,41,5,1,3,REGULAR,67,D. EFIANAYI JR,1,rebound,371,370,[],defensive,0,4,David Tinsley Eghosa,Efianayi Jr,David Tinsley Eghosa,Efianayi Jr,D,E,D,E,D. Efianayi Jr,ALIAGA PETKIM SPOR,PTK,D. Efianayi Jr,4,,,,,,REB,,ALIAGA PETKIM SPOR rebound defensive,,,,,,,,,0,118,2.0,def_reb,0,46,0,41
08:49,08:49:00,48,41,7,1,3,REGULAR,67,D. EFIANAYI JR,1,2pt,372,,['pointsinthepaint'],drivinglayup,1,4,David Tinsley Eghosa,Efianayi Jr,David Tinsley Eghosa,Efianayi Jr,D,E,D,E,D. Efianayi Jr,ALIAGA PETKIM SPOR,PTK,D. Efianayi Jr,4,,,93.949996948242,53.5,1.0,P2,made,ALIAGA PETKIM SPOR D. EFIANAYI JR 2Pt made,,,,,,,,,2,119,1.0,score,2,48,0,41
08:31,08:31:00,48,43,5,2,3,REGULAR,5,J. COBBS,1,2pt,373,,['pointsinthepaint'],floatingjumpshot,1,1,Justin,Cobbs,Justin,Cobbs,J,C,J,C,J. Cobbs,MERSIN SPOR,MSK,J. Cobbs,1,,,13.140000343323,56.610000610352,1.0,P2,made,MERSIN SPOR J. COBBS 2Pt made,,,,,,,,,2,120,2.0,score,0,48,2,43
08:09,08:09:00,48,43,5,1,3,REGULAR,66,J. FLOYD,1,turnover,374,,[],ballhandling,0,20,Jehyve Jamal,Floyd,Jehyve Jamal,Floyd,J,F,J,F,J. Floyd,ALIAGA PETKIM SPOR,PTK,J. Floyd,20,,,,,,TO,,ALIAGA PETKIM SPOR J. FLOYD turnover ballhandling,,,,,,,,,0,121,1.0,turnover,0,48,0,43
08:09,08:09:00,48,43,5,2,3,REGULAR,55,A. OLASENI,1,steal,375,374,[],,0,0,Abodunrin Gabriel,Olaseni,Abodunrin Gabriel,Olaseni,A,O,A,O,A. Olaseni,MERSIN SPOR,MSK,A. Olaseni,0,,,,,,ST,,MERSIN SPOR A. OLASENI steal,,,,,,,,,0,122,2.0,,0,48,0,43
07:56,07:56:00,48,43,5,2,3,REGULAR,3,K. ÖZMIZRAK,0,3pt,376,,['fromturnover'],jumpshot,1,3,Kartal,Özmizrak,Kartal,Özmizrak,K,Ö,K,Ö,K. Özmizrak,MERSIN SPOR,MSK,K. Özmizrak,3,,,23.89999961853,89.379997253418,0.0,P3,missed,MERSIN SPOR K. ÖZMIZRAK 3Pt missed,,,,,,,,,0,122,2.0,,0,48,0,43
07:54,07:54:00,48,43,5,2,3,REGULAR,55,A. OLASENI,1,rebound,377,376,[],offensive,0,0,Abodunrin Gabriel,Olaseni,Abodunrin Gabriel,Olaseni,A,O,A,O,A. Olaseni,MERSIN SPOR,MSK,A. Olaseni,0,,,,,,REB,,MERSIN SPOR rebound offensive,,,,,,,,,0,122,2.0,,0,48,0,43
07:50,07:50:00,48,46,2,2,3,REGULAR,6,F. CRUZ SALDIVAR,1,3pt,378,,"['2ndchance', 'fromturnover']",jumpshot,1,9,Francisco Javier,Cruz Saldivar,Francisco Javier,Cruz Saldivar,F,C,F,C,F. Cruz Saldivar,MERSIN SPOR,MSK,F. Cruz Saldivar,9,,,30.139999389648,72.98999786377,1.0,P3,made,MERSIN SPOR F. CRUZ SALDIVAR 3Pt made,55.0,2.0,A. OLASENI,,,,,,3,122,2.0,score,0,48,3,46
07:50,07:50:00,48,46,2,2,3,REGULAR,55,A. OLASENI,1,assist,379,378,[],,0,0,Abodunrin Gabriel,Olaseni,Abodunrin Gabriel,Olaseni,A,O,A,O,A. Olaseni,MERSIN SPOR,MSK,A. Olaseni,0,,,,,,ASS,,MERSIN SPOR A. OLASENI assist,,,,,,,,,0,123,1.0,,0,48,0,46
07:30,07:30:00,48,46,2,1,3,REGULAR,67,D. EFIANAYI JR,0,3pt,380,,[],jumpshot,1,4,David Tinsley Eghosa,Efianayi Jr,David Tinsley Eghosa,Efianayi Jr,D,E,D,E,D. Efianayi Jr,ALIAGA PETKIM SPOR,PTK,D. Efianayi Jr,4,,,94.879997253418,97.849998474121,0.0,P3,missed,ALIAGA PETKIM SPOR D. EFIANAYI JR 3Pt missed,,,,,,,,,0,123,1.0,def_reb,0,48,0,46
07:28,07:28:00,48,46,2,2,3,REGULAR,9,J. WHITE,1,rebound,381,380,[],defensive,0,14,Jackson Thomas,White,Jackson Thomas,White,J,W,J,W,J. White,MERSIN SPOR,MSK,J. White,14,,,,,,REB,,MERSIN SPOR rebound defensive,,,,,,,,,0,124,2.0,def_reb,0,48,0,46
07:03,07:03:00,48,46,2,2,3,REGULAR,9,J. WHITE,0,2pt,385,,[],stepbackjumpshot,1,14,Jackson Thomas,White,Jackson Thomas,White,J,W,J,W,J. White,MERSIN SPOR,MSK,J. White,14,,,9.6999998092651,75.25,0.0,P2,missed,MERSIN SPOR J. WHITE 2Pt missed,,,,,,,,,0,125,1.0,def_reb,0,48,0,46
07:03,07:03:00,48,46,2,1,3,REGULAR,0,,1,rebound,386,385,['team'],defensive,0,,,,,,,,,,,ALIAGA PETKIM SPOR,PTK,,,,,,,,TREB,,ALIAGA PETKIM SPOR team rebound defensive,,,,,,,,,0,126,2.0,def_reb,0,48,0,46
06:49,06:49:00,48,46,2,1,3,REGULAR,66,J. FLOYD,1,substitution,391,,[],out,0,20,Jehyve Jamal,Floyd,Jehyve Jamal,Floyd,J,F,J,F,J. Floyd,ALIAGA PETKIM SPOR,PTK,J. Floyd,20,,,,,,SUB,out,ALIAGA PETKIM SPOR substitution out,,,,,,,,,0,127,1.0,,0,48,0,46
06:49,06:49:00,48,46,2,1,3,REGULAR,64,M. SAJUS,1,substitution,392,,[],in,0,19,Martynas,Sajus,Martynas,Sajus,M,S,M,S,M. Sajus,ALIAGA PETKIM SPOR,PTK,M. Sajus,19,,,,,,SUB,in,ALIAGA PETKIM SPOR substitution in,,,,,,,,,0,127,1.0,,0,48,0,46
06:43,06:43:00,51,46,5,1,3,REGULAR,67,D. EFIANAYI JR,1,3pt,394,,[],jumpshot,1,4,David Tinsley Eghosa,Efianayi Jr,David Tinsley Eghosa,Efianayi Jr,D,E,D,E,D. Efianayi Jr,ALIAGA PETKIM SPOR,PTK,D. Efianayi Jr,4,,,66.800003051758,36.270000457764,1.0,P3,made,ALIAGA PETKIM SPOR D. EFIANAYI JR 3Pt made,44.0,1.0,T. SAV,,,,,,3,127,1.0,score,3,51,0,46
06:43,06:43:00,51,46,5,1,3,REGULAR,44,T. SAV,1,assist,395,394,[],,0,15,Troy Selim,Sav,Troy Selim,Sav,T,S,T,S,T. Sav,ALIAGA PETKIM SPOR,PTK,T. Sav,15,,,,,,ASS,,ALIAGA PETKIM SPOR T. SAV assist,,,,,,,,,0,128,2.0,,0,51,0,46
06:24,06:24:00,51,46,5,1,3,REGULAR,64,M. SAJUS,1,foul,397,,"['shooting', '2freethrow']",personal,0,19,Martynas,Sajus,Martynas,Sajus,M,S,M,S,M. Sajus,ALIAGA PETKIM SPOR,PTK,M. Sajus,19,,,,,,FOUL,,ALIAGA PETKIM SPOR M. SAJUS foul personal,,,,,,,,,0,128,2.0,,0,51,0,46
06:24,06:24:00,51,46,5,2,3,REGULAR,9,J. WHITE,1,foulon,398,397,[],,0,14,Jackson Thomas,White,Jackson Thomas,White,J,W,J,W,J. White,MERSIN SPOR,MSK,J. White,14,,,,,,OTHER,,MERSIN SPOR foulon,,,,,,,,,0,128,2.0,,0,51,0,46
06:24,06:24:00,51,46,5,2,3,REGULAR,9,J. WHITE,0,freethrow,399,,[],1of2,1,14,Jackson Thomas,White,Jackson Thomas,White,J,W,J,W,J. White,MERSIN SPOR,MSK,J. White,14,,,,,,FT,missed,MERSIN SPOR J. WHITE FT 1of2 missed,,,,,,,,,0,128,2.0,def_reb,0,51,0,46
06:24,06:24:00,51,46,5,2,3,REGULAR,0,,1,rebound,400,399,[],offensivedeadball,0,,,,,,,,,,,MERSIN SPOR,MSK,,,,,,,,TREB,,MERSIN SPOR team rebound offensivedeadball,,,,,,,,,0,129,1.0,def_reb,0,51,0,46
06:24,06:24:00,51,46,5,2,3,REGULAR,9,J. WHITE,0,freethrow,401,,[],2of2,1,14,Jackson Thomas,White,Jackson Thomas,White,J,W,J,W,J. White,MERSIN SPOR,MSK,J. White,14,,,,,,FT,missed,MERSIN SPOR J. WHITE FT 2of2 missed,,,,,,,,,0,130,2.0,def_reb,0,51,0,46
06:24,06:24:00,51,46,5,1,3,REGULAR,44,T. SAV,1,rebound,403,401,[],defensive,0,15,Troy Selim,Sav,Troy Selim,Sav,T,S,T,S,T. Sav,ALIAGA PETKIM SPOR,PTK,T. Sav,15,,,,,,REB,,ALIAGA PETKIM SPOR rebound defensive,,,,,,,,,0,131,1.0,def_reb,0,51,0,46
06:03,06:03:00,51,46,5,2,3,REGULAR,3,K. ÖZMIZRAK,1,foul,405,,"['shooting', '3freethrow']",personal,0,3,Kartal,Özmizrak,Kartal,Özmizrak,K,Ö,K,Ö,K. Özmizrak,MERSIN SPOR,MSK,K. Özmizrak,3,,,,,,FOUL,,MERSIN SPOR K. ÖZMIZRAK foul personal,,,,,,,,,0,132,2.0,,0,51,0,46
06:03,06:03:00,51,46,5,1,3,REGULAR,98,P. SCRUBB,1,foulon,406,405,[],,0,23,Philip Alexander,Scrubb,Philip Alexander,Scrubb,P,S,P,S,P. Scrubb,ALIAGA PETKIM SPOR,PTK,P. Scrubb,23,,,,,,OTHER,,ALIAGA PETKIM SPOR foulon,,,,,,,,,0,132,2.0,,0,51,0,46
06:03,06:03:00,52,46,6,1,3,REGULAR,98,P. SCRUBB,1,freethrow,407,,[],1of3,1,23,Philip Alexander,Scrubb,Philip Alexander,Scrubb,P,S,P,S,P. Scrubb,ALIAGA PETKIM SPOR,PTK,P. Scrubb,23,,,,,,FT,made,ALIAGA PETKIM SPOR P. SCRUBB FT 1of3 made,,,,,,,,,1,132,2.0,made_ft,1,52,0,46
06:03,06:03:00,52,46,6,1,3,REGULAR,67,D. EFIANAYI JR,1,assist,408,407,[],,0,4,David Tinsley Eghosa,Efianayi Jr,David Tinsley Eghosa,Efianayi Jr,D,E,D,E,D. Efianayi Jr,ALIAGA PETKIM SPOR,PTK,D. Efianayi Jr,4,,,,,,ASS,,ALIAGA PETKIM SPOR D. EFIANAYI JR assist,,,,,,,,,0,133,1.0,,0,52,0,46
06:03,06:03:00,53,46,7,1,3,REGULAR,98,P. SCRUBB,1,freethrow,409,,[],2of3,1,23,Philip Alexander,Scrubb,Philip Alexander,Scrubb,P,S,P,S,P. Scrubb,ALIAGA PETKIM SPOR,PTK,P. Scrubb,23,,,,,,FT,made,ALIAGA PETKIM SPOR P. SCRUBB FT 2of3 made,,,,,,,,,1,133,1.0,made_ft,1,53,0,46
06:03,06:03:00,54,46,8,1,3,REGULAR,98,P. SCRUBB,1,freethrow,410,,[],3of3,1,23,Philip Alexander,Scrubb,Philip Alexander,Scrubb,P,S,P,S,P. Scrubb,ALIAGA PETKIM SPOR,PTK,P. Scrubb,23,,,,,,FT,made,ALIAGA PETKIM SPOR P. SCRUBB FT 3of3 made,,,,,,,,,1,134,2.0,made_ft_last,1,54,0,46
05:46,05:46:00,54,46,8,2,3,REGULAR,55,A. OLASENI,0,2pt,412,,['pointsinthepaint'],drivinglayup,1,0,Abodunrin Gabriel,Olaseni,Abodunrin Gabriel,Olaseni,A,O,A,O,A. Olaseni,MERSIN SPOR,MSK,A. Olaseni,0,,,8.9200000762939,46.439998626709,0.0,P2,missed,MERSIN SPOR A. OLASENI 2Pt missed,,,,,,,,,0,135,1.0,def_reb,0,54,0,46
05:44,05:44:00,54,46,8,1,3,REGULAR,64,M. SAJUS,1,rebound,413,412,[],defensive,0,19,Martynas,Sajus,Martynas,Sajus,M,S,M,S,M. Sajus,ALIAGA PETKIM SPOR,PTK,M. Sajus,19,,,,,,REB,,ALIAGA PETKIM SPOR rebound defensive,,,,,,,,,0,136,2.0,def_reb,0,54,0,46
05:40,05:40:00,54,46,8,1,3,REGULAR,68,Y. FRANKE,0,3pt,414,,[],jumpshot,1,5,Yannick Ayrton,Franke,Yannick Ayrton,Franke,Y,F,Y,F,Y. Franke,ALIAGA PETKIM SPOR,PTK,Y. Franke,5,,,71.330001831055,22.709999084473,0.0,P3,missed,ALIAGA PETKIM SPOR Y. FRANKE 3Pt missed,,,,,,,,,0,137,1.0,def_reb,0,54,0,46
05:37,05:37:00,54,46,8,2,3,REGULAR,6,F. CRUZ SALDIVAR,1,rebound,415,414,[],defensive,0,9,Francisco Javier,Cruz Saldivar,Francisco Javier,Cruz Saldivar,F,C,F,C,F. Cruz Saldivar,MERSIN SPOR,MSK,F. Cruz Saldivar,9,,,,,,REB,,MERSIN SPOR rebound defensive,,,,,,,,,0,138,2.0,def_reb,0,54,0,46
05:35,05:35:00,54,46,8,1,3,REGULAR,67,D. EFIANAYI JR,1,foul,417,,[],personal,0,4,David Tinsley Eghosa,Efianayi Jr,David Tinsley Eghosa,Efianayi Jr,D,E,D,E,D. Efianayi Jr,ALIAGA PETKIM SPOR,PTK,D. Efianayi Jr,4,,,,,,FOUL,,ALIAGA PETKIM SPOR D. EFIANAYI JR foul personal,,,,,,,,,0,139,1.0,,0,54,0,46
05:35,05:35:00,54,46,8,2,3,REGULAR,5,J. COBBS,1,foulon,418,417,[],,0,1,Justin,Cobbs,Justin,Cobbs,J,C,J,C,J. Cobbs,MERSIN SPOR,MSK,J. Cobbs,1,,,,,,OTHER,,MERSIN SPOR foulon,,,,,,,,,0,139,1.0,,0,54,0,46
05:35,05:35:00,54,46,8,1,3,REGULAR,44,T. SAV,1,substitution,419,,[],out,0,15,Troy Selim,Sav,Troy Selim,Sav,T,S,T,S,T. Sav,ALIAGA PETKIM SPOR,PTK,T. Sav,15,,,,,,SUB,out,ALIAGA PETKIM SPOR substitution out,,,,,,,,,0,139,1.0,,0,54,0,46
05:35,05:35:00,54,46,8,1,3,REGULAR,98,P. SCRUBB,1,substitution,420,,[],out,0,23,Philip Alexander,Scrubb,Philip Alexander,Scrubb,P,S,P,S,P. Scrubb,ALIAGA PETKIM SPOR,PTK,P. Scrubb,23,,,,,,SUB,out,ALIAGA PETKIM SPOR substitution out,,,,,,,,,0,139,1.0,,0,54,0,46
05:35,05:35:00,54,46,8,1,3,REGULAR,65,R. BLUMBERGS,1,substitution,421,,[],in,0,6,Roberts,Blumbergs,Roberts,Blumbergs,R,B,R,B,R. Blumbergs,ALIAGA PETKIM SPOR,PTK,R. Blumbergs,6,,,,,,SUB,in,ALIAGA PETKIM SPOR substitution in,,,,,,,,,0,139,1.0,,0,54,0,46
05:35,05:35:00,54,46,8,1,3,REGULAR,42,Y. SONSIRMA,1,substitution,422,,[],in,0,9,Yunus Emre,Sonsirma,Yunus Emre,Sonsirma,Y,S,Y,S,Y. Sonsirma,ALIAGA PETKIM SPOR,PTK,Y. Sonsirma,9,,,,,,SUB,in,ALIAGA PETKIM SPOR substitution in,,,,,,,,,0,139,1.0,,0,54,0,46
05:20,05:20:00,54,48,6,2,3,REGULAR,9,J. WHITE,1,2pt,424,,['pointsinthepaint'],dunk,1,14,Jackson Thomas,White,Jackson Thomas,White,J,W,J,W,J. White,MERSIN SPOR,MSK,J. White,14,,,6.7399997711182,51.240001678467,1.0,P2,made,MERSIN SPOR J. WHITE 2Pt made,55.0,2.0,A. OLASENI,,,,,,2,139,1.0,score,0,54,2,48
05:20,05:20:00,54,48,6,2,3,REGULAR,55,A. OLASENI,1,assist,425,424,[],,0,0,Abodunrin Gabriel,Olaseni,Abodunrin Gabriel,Olaseni,A,O,A,O,A. Olaseni,MERSIN SPOR,MSK,A. Olaseni,0,,,,,,ASS,,MERSIN SPOR A. OLASENI assist,,,,,,,,,0,140,2.0,,0,54,0,48
05:00,05:00:00,57,48,9,1,3,REGULAR,65,R. BLUMBERGS,1,3pt,426,,[],jumpshot,1,6,Roberts,Blumbergs,Roberts,Blumbergs,R,B,R,B,R. Blumbergs,ALIAGA PETKIM SPOR,PTK,R. Blumbergs,6,,,87.550003051758,97.290000915527,1.0,P3,made,ALIAGA PETKIM SPOR R. BLUMBERGS 3Pt made,64.0,1.0,M. SAJUS,,,,,,3,140,2.0,score,3,57,0,48
05:00,05:00:00,57,48,9,1,3,REGULAR,64,M. SAJUS,1,assist,427,426,[],,0,19,Martynas,Sajus,Martynas,Sajus,M,S,M,S,M. Sajus,ALIAGA PETKIM SPOR,PTK,M. Sajus,19,,,,,,ASS,,ALIAGA PETKIM SPOR M. SAJUS assist,,,,,,,,,0,141,1.0,,0,57,0,48
04:40,04:40:00,57,48,9,2,3,REGULAR,5,J. COBBS,0,2pt,428,,['pointsinthepaint'],jumpshot,1,1,Justin,Cobbs,Justin,Cobbs,J,C,J,C,J. Cobbs,MERSIN SPOR,MSK,J. Cobbs,1,,,15.479999542236,49.549999237061,0.0,P2,missed,MERSIN SPOR J. COBBS 2Pt missed,,,,,,,,,0,141,1.0,,0,57,0,48
04:37,04:37:00,57,48,9,2,3,REGULAR,5,J. COBBS,1,rebound,429,428,[],offensive,0,1,Justin,Cobbs,Justin,Cobbs,J,C,J,C,J. Cobbs,MERSIN SPOR,MSK,J. Cobbs,1,,,,,,REB,,MERSIN SPOR rebound offensive,,,,,,,,,0,141,1.0,,0,57,0,48
04:36,04:36:00,57,48,9,2,3,REGULAR,5,J. COBBS,0,2pt,430,,['2ndchance'],jumpshot,1,1,Justin,Cobbs,Justin,Cobbs,J,C,J,C,J. Cobbs,MERSIN SPOR,MSK,J. Cobbs,1,,,11.260000228882,80.339996337891,0.0,P2,missed,MERSIN SPOR J. COBBS 2Pt missed,,,,,,,,,0,141,1.0,def_reb,0,57,0,48
04:34,04:34:00,57,48,9,1,3,REGULAR,68,Y. FRANKE,1,rebound,431,430,[],defensive,0,5,Yannick Ayrton,Franke,Yannick Ayrton,Franke,Y,F,Y,F,Y. Franke,ALIAGA PETKIM SPOR,PTK,Y. Franke,5,,,,,,REB,,ALIAGA PETKIM SPOR rebound defensive,,,,,,,,,0,142,2.0,def_reb,0,57,0,48
04:33,04:33:00,57,48,9,2,3,REGULAR,9,J. WHITE,1,foul,433,,"['shooting', '3freethrow']",personal,0,14,Jackson Thomas,White,Jackson Thomas,White,J,W,J,W,J. White,MERSIN SPOR,MSK,J. White,14,,,,,,FOUL,,MERSIN SPOR J. WHITE foul personal,,,,,,,,,0,143,1.0,,0,57,0,48
04:33,04:33:00,57,48,9,1,3,REGULAR,68,Y. FRANKE,1,foulon,434,433,[],,0,5,Yannick Ayrton,Franke,Yannick Ayrton,Franke,Y,F,Y,F,Y. Franke,ALIAGA PETKIM SPOR,PTK,Y. Franke,5,,,,,,OTHER,,ALIAGA PETKIM SPOR foulon,,,,,,,,,0,143,1.0,,0,57,0,48
04:33,04:33:00,57,48,9,0,3,REGULAR,0,,1,timeout,435,,[],officials,0,,,,,,,,,,,,,,,,,,,,TIMEOUT,, timeout,,,,,,,,,0,143,1.0,,0,57,0,48
04:33,04:33:00,57,48,9,2,3,REGULAR,5,J. COBBS,1,substitution,436,,[],out,0,1,Justin,Cobbs,Justin,Cobbs,J,C,J,C,J. Cobbs,MERSIN SPOR,MSK,J. Cobbs,1,,,,,,SUB,out,MERSIN SPOR substitution out,,,,,,,,,0,143,1.0,,0,57,0,48
04:33,04:33:00,57,48,9,2,3,REGULAR,3,K. ÖZMIZRAK,1,substitution,437,,[],out,0,3,Kartal,Özmizrak,Kartal,Özmizrak,K,Ö,K,Ö,K. Özmizrak,MERSIN SPOR,MSK,K. Özmizrak,3,,,,,,SUB,out,MERSIN SPOR substitution out,,,,,,,,,0,143,1.0,,0,57,0,48
04:33,04:33:00,57,48,9,2,3,REGULAR,9,J. WHITE,1,substitution,438,,[],out,0,14,Jackson Thomas,White,Jackson Thomas,White,J,W,J,W,J. White,MERSIN SPOR,MSK,J. White,14,,,,,,SUB,out,MERSIN SPOR substitution out,,,,,,,,,0,143,1.0,,0,57,0,48
04:33,04:33:00,57,48,9,2,3,REGULAR,56,A. COWAN,1,substitution,439,,[],in,0,7,Anthony Dewayne,Cowan,Anthony Dewayne,Cowan,A,C,A,C,A. Cowan,MERSIN SPOR,MSK,A. Cowan,7,,,,,,SUB,in,MERSIN SPOR substitution in,,,,,,,,,0,143,1.0,,0,57,0,48
04:33,04:33:00,57,48,9,2,3,REGULAR,4,E. TIRPANCI,1,substitution,440,,[],in,0,10,Efe Ergi,Tirpanci,Efe Ergi,Tirpanci,E,T,E,T,E. Tirpanci,MERSIN SPOR,MSK,E. Tirpanci,10,,,,,,SUB,in,MERSIN SPOR substitution in,,,,,,,,,0,143,1.0,,0,57,0,48
04:33,04:33:00,57,48,9,2,3,REGULAR,7,B. BENTIL,1,substitution,441,,[],in,0,50,Benjamin,Bentil,Benjamin,Bentil,B,B,B,B,B. Bentil,MERSIN SPOR,MSK,B. Bentil,50,,,,,,SUB,in,MERSIN SPOR substitution in,,,,,,,,,0,143,1.0,,0,57,0,48
04:33,04:33:00,58,48,10,1,3,REGULAR,68,Y. FRANKE,1,freethrow,442,,['fastbreak'],1of3,1,5,Yannick Ayrton,Franke,Yannick Ayrton,Franke,Y,F,Y,F,Y. Franke,ALIAGA PETKIM SPOR,PTK,Y. Franke,5,,,,,,FT,made,ALIAGA PETKIM SPOR Y. FRANKE FT 1of3 made,,,,,,,,,1,143,1.0,made_ft,1,58,0,48
04:33,04:33:00,59,48,11,1,3,REGULAR,68,Y. FRANKE,1,freethrow,443,,['fastbreak'],2of3,1,5,Yannick Ayrton,Franke,Yannick Ayrton,Franke,Y,F,Y,F,Y. Franke,ALIAGA PETKIM SPOR,PTK,Y. Franke,5,,,,,,FT,made,ALIAGA PETKIM SPOR Y. FRANKE FT 2of3 made,,,,,,,,,1,144,2.0,made_ft,1,59,0,48
04:33,04:33:00,60,48,12,1,3,REGULAR,68,Y. FRANKE,1,freethrow,444,,['fastbreak'],3of3,1,5,Yannick Ayrton,Franke,Yannick Ayrton,Franke,Y,F,Y,F,Y. Franke,ALIAGA PETKIM SPOR,PTK,Y. Franke,5,,,,,,FT,made,ALIAGA PETKIM SPOR Y. FRANKE FT 3of3 made,,,,,,,,,1,145,1.0,made_ft_last,1,60,0,48
04:33,04:33:00,60,48,12,1,3,REGULAR,64,M. SAJUS,1,substitution,445,,[],out,0,19,Martynas,Sajus,Martynas,Sajus,M,S,M,S,M. Sajus,ALIAGA PETKIM SPOR,PTK,M. Sajus,19,,,,,,SUB,out,ALIAGA PETKIM SPOR substitution out,,,,,,,,,0,146,2.0,,0,60,0,48
04:33,04:33:00,60,48,12,1,3,REGULAR,66,J. FLOYD,1,substitution,446,,[],in,0,20,Jehyve Jamal,Floyd,Jehyve Jamal,Floyd,J,F,J,F,J. Floyd,ALIAGA PETKIM SPOR,PTK,J. Floyd,20,,,,,,SUB,in,ALIAGA PETKIM SPOR substitution in,,,,,,,,,0,146,2.0,,0,60,0,48
04:27,04:27:00,60,48,12,2,3,REGULAR,56,A. COWAN,1,foul,449,,[],technical,0,7,Anthony Dewayne,Cowan,Anthony Dewayne,Cowan,A,C,A,C,A. Cowan,MERSIN SPOR,MSK,A. Cowan,7,,,,,,FOUL,,MERSIN SPOR A. COWAN foul technical,,,,,,,,,0,146,2.0,,0,60,0,48
04:27,04:27:00,60,48,12,1,3,REGULAR,42,Y. SONSIRMA,1,foul,450,,[],technical,0,9,Yunus Emre,Sonsirma,Yunus Emre,Sonsirma,Y,S,Y,S,Y. Sonsirma,ALIAGA PETKIM SPOR,PTK,Y. Sonsirma,9,,,,,,FOUL,,ALIAGA PETKIM SPOR Y. SONSIRMA foul technical,,,,,,,,,0,146,2.0,,0,60,0,48
04:15,04:15:00,60,48,12,2,3,REGULAR,4,E. TIRPANCI,0,3pt,452,,[],jumpshot,1,10,Efe Ergi,Tirpanci,Efe Ergi,Tirpanci,E,T,E,T,E. Tirpanci,MERSIN SPOR,MSK,E. Tirpanci,10,,,30.610000610352,67.059997558594,0.0,P3,missed,MERSIN SPOR E. TIRPANCI 3Pt missed,,,,,,,,,0,146,2.0,,0,60,0,48
04:11,04:11:00,60,48,12,2,3,REGULAR,7,B. BENTIL,1,rebound,453,452,[],offensive,0,50,Benjamin,Bentil,Benjamin,Bentil,B,B,B,B,B. Bentil,MERSIN SPOR,MSK,B. Bentil,50,,,,,,REB,,MERSIN SPOR rebound offensive,,,,,,,,,0,146,2.0,,0,60,0,48
04:11,04:11:00,60,50,10,2,3,REGULAR,7,B. BENTIL,1,2pt,454,,"['2ndchance', 'pointsinthepaint']",tipinlayup,1,50,Benjamin,Bentil,Benjamin,Bentil,B,B,B,B,B. Bentil,MERSIN SPOR,MSK,B. Bentil,50,,,6.0,50.0,1.0,P2,made,MERSIN SPOR B. BENTIL 2Pt made,,,,,,,,,2,146,2.0,score,0,60,2,50
03:49,03:49:00,60,50,10,1,3,REGULAR,42,Y. SONSIRMA,0,2pt,455,,[],jumpshot,1,9,Yunus Emre,Sonsirma,Yunus Emre,Sonsirma,Y,S,Y,S,Y. Sonsirma,ALIAGA PETKIM SPOR,PTK,Y. Sonsirma,9,,,90.050003051758,27.229999542236,0.0,P2,missed,ALIAGA PETKIM SPOR Y. SONSIRMA 2Pt missed,,,,,,,,,0,147,1.0,def_reb,0,60,0,50
03:47,03:47:00,60,50,10,2,3,REGULAR,55,A. OLASENI,1,rebound,456,455,[],defensive,0,0,Abodunrin Gabriel,Olaseni,Abodunrin Gabriel,Olaseni,A,O,A,O,A. Olaseni,MERSIN SPOR,MSK,A. Olaseni,0,,,,,,REB,,MERSIN SPOR rebound defensive,,,,,,,,,0,148,2.0,def_reb,0,60,0,50
03:37,03:37:00,60,50,10,1,3,REGULAR,65,R. BLUMBERGS,1,foul,458,,"['shooting', '2freethrow']",personal,0,6,Roberts,Blumbergs,Roberts,Blumbergs,R,B,R,B,R. Blumbergs,ALIAGA PETKIM SPOR,PTK,R. Blumbergs,6,,,,,,FOUL,,ALIAGA PETKIM SPOR R. BLUMBERGS foul personal,,,,,,,,,0,149,1.0,,0,60,0,50
03:37,03:37:00,60,50,10,2,3,REGULAR,56,A. COWAN,1,foulon,459,458,[],,0,7,Anthony Dewayne,Cowan,Anthony Dewayne,Cowan,A,C,A,C,A. Cowan,MERSIN SPOR,MSK,A. Cowan,7,,,,,,OTHER,,MERSIN SPOR foulon,,,,,,,,,0,149,1.0,,0,60,0,50
03:37,03:37:00,60,51,9,2,3,REGULAR,56,A. COWAN,1,freethrow,460,,[],1of2,1,7,Anthony Dewayne,Cowan,Anthony Dewayne,Cowan,A,C,A,C,A. Cowan,MERSIN SPOR,MSK,A. Cowan,7,,,,,,FT,made,MERSIN SPOR A. COWAN FT 1of2 made,,,,,,,,,1,149,1.0,made_ft,0,60,1,51
03:37,03:37:00,60,52,8,2,3,REGULAR,56,A. COWAN,1,freethrow,461,,[],2of2,1,7,Anthony Dewayne,Cowan,Anthony Dewayne,Cowan,A,C,A,C,A. Cowan,MERSIN SPOR,MSK,A. Cowan,7,,,,,,FT,made,MERSIN SPOR A. COWAN FT 2of2 made,,,,,,,,,1,150,2.0,made_ft_last,0,60,1,52
03:13,03:13:00,60,52,8,1,3,REGULAR,42,Y. SONSIRMA,0,3pt,463,,[],jumpshot,1,9,Yunus Emre,Sonsirma,Yunus Emre,Sonsirma,Y,S,Y,S,Y. Sonsirma,ALIAGA PETKIM SPOR,PTK,Y. Sonsirma,9,,,67.889999389648,29.209999084473,0.0,P3,missed,ALIAGA PETKIM SPOR Y. SONSIRMA 3Pt missed,,,,,,,,,0,151,1.0,def_reb,0,60,0,52
03:11,03:11:00,60,52,8,2,3,REGULAR,55,A. OLASENI,1,rebound,464,463,[],defensive,0,0,Abodunrin Gabriel,Olaseni,Abodunrin Gabriel,Olaseni,A,O,A,O,A. Olaseni,MERSIN SPOR,MSK,A. Olaseni,0,,,,,,REB,,MERSIN SPOR rebound defensive,,,,,,,,,0,152,2.0,def_reb,0,60,0,52
03:06,03:06:00,60,55,5,2,3,REGULAR,56,A. COWAN,1,3pt,466,,['fastbreak'],jumpshot,1,7,Anthony Dewayne,Cowan,Anthony Dewayne,Cowan,A,C,A,C,A. Cowan,MERSIN SPOR,MSK,A. Cowan,7,,,27.639999389648,84.860000610352,1.0,P3,made,MERSIN SPOR A. COWAN 3Pt made,6.0,2.0,F. CRUZ SALDIVAR,,,,,,3,153,1.0,score,0,60,3,55
03:06,03:06:00,60,55,5,1,3,REGULAR,0,,1,timeout,467,,[],full,0,,,,,,,,,,,ALIAGA PETKIM SPOR,PTK,,,,,,,,TIMEOUT,,ALIAGA PETKIM SPOR timeout,,,,,,,,,0,154,2.0,,0,60,0,55
03:06,03:06:00,60,55,5,2,3,REGULAR,6,F. CRUZ SALDIVAR,1,assist,468,466,[],,0,9,Francisco Javier,Cruz Saldivar,Francisco Javier,Cruz Saldivar,F,C,F,C,F. Cruz Saldivar,MERSIN SPOR,MSK,F. Cruz Saldivar,9,,,,,,ASS,,MERSIN SPOR F. CRUZ SALDIVAR assist,,,,,,,,,0,154,2.0,,0,60,0,55
03:06,03:06:00,60,55,5,1,3,REGULAR,65,R. BLUMBERGS,1,substitution,469,,[],out,0,6,Roberts,Blumbergs,Roberts,Blumbergs,R,B,R,B,R. Blumbergs,ALIAGA PETKIM SPOR,PTK,R. Blumbergs,6,,,,,,SUB,out,ALIAGA PETKIM SPOR substitution out,,,,,,,,,0,154,2.0,,0,60,0,55
03:06,03:06:00,60,55,5,1,3,REGULAR,42,Y. SONSIRMA,1,substitution,470,,[],out,0,9,Yunus Emre,Sonsirma,Yunus Emre,Sonsirma,Y,S,Y,S,Y. Sonsirma,ALIAGA PETKIM SPOR,PTK,Y. Sonsirma,9,,,,,,SUB,out,ALIAGA PETKIM SPOR substitution out,,,,,,,,,0,154,2.0,,0,60,0,55
03:06,03:06:00,60,55,5,1,3,REGULAR,44,T. SAV,1,substitution,471,,[],in,0,15,Troy Selim,Sav,Troy Selim,Sav,T,S,T,S,T. Sav,ALIAGA PETKIM SPOR,PTK,T. Sav,15,,,,,,SUB,in,ALIAGA PETKIM SPOR substitution in,,,,,,,,,0,154,2.0,,0,60,0,55
03:06,03:06:00,60,55,5,1,3,REGULAR,98,P. SCRUBB,1,substitution,472,,[],in,0,23,Philip Alexander,Scrubb,Philip Alexander,Scrubb,P,S,P,S,P. Scrubb,ALIAGA PETKIM SPOR,PTK,P. Scrubb,23,,,,,,SUB,in,ALIAGA PETKIM SPOR substitution in,,,,,,,,,0,154,2.0,,0,60,0,55
02:56,02:56:00,60,55,5,2,3,REGULAR,55,A. OLASENI,1,foul,475,,"['shooting', '2freethrow']",personal,0,0,Abodunrin Gabriel,Olaseni,Abodunrin Gabriel,Olaseni,A,O,A,O,A. Olaseni,MERSIN SPOR,MSK,A. Olaseni,0,,,,,,FOUL,,MERSIN SPOR A. OLASENI foul personal,,,,,,,,,0,154,2.0,,0,60,0,55
02:56,02:56:00,60,55,5,1,3,REGULAR,66,J. FLOYD,1,foulon,476,475,[],,0,20,Jehyve Jamal,Floyd,Jehyve Jamal,Floyd,J,F,J,F,J. Floyd,ALIAGA PETKIM SPOR,PTK,J. Floyd,20,,,,,,OTHER,,ALIAGA PETKIM SPOR foulon,,,,,,,,,0,154,2.0,,0,60,0,55
02:56,02:56:00,60,55,5,1,3,REGULAR,66,J. FLOYD,0,freethrow,477,,[],1of2,1,20,Jehyve Jamal,Floyd,Jehyve Jamal,Floyd,J,F,J,F,J. Floyd,ALIAGA PETKIM SPOR,PTK,J. Floyd,20,,,,,,FT,missed,ALIAGA PETKIM SPOR J. FLOYD FT 1of2 missed,,,,,,,,,0,154,2.0,def_reb,0,60,0,55
02:56,02:56:00,60,55,5,1,3,REGULAR,0,,1,rebound,478,477,[],offensivedeadball,0,,,,,,,,,,,ALIAGA PETKIM SPOR,PTK,,,,,,,,TREB,,ALIAGA PETKIM SPOR team rebound offensivedeadball,,,,,,,,,0,155,1.0,def_reb,0,60,0,55
02:56,02:56:00,61,55,6,1,3,REGULAR,66,J. FLOYD,1,freethrow,479,,[],2of2,1,20,Jehyve Jamal,Floyd,Jehyve Jamal,Floyd,J,F,J,F,J. Floyd,ALIAGA PETKIM SPOR,PTK,J. Floyd,20,,,,,,FT,made,ALIAGA PETKIM SPOR J. FLOYD FT 2of2 made,,,,,,,,,1,156,2.0,made_ft_last,1,61,0,55
02:56,02:56:00,61,55,6,1,3,REGULAR,98,P. SCRUBB,1,assist,480,479,[],,0,23,Philip Alexander,Scrubb,Philip Alexander,Scrubb,P,S,P,S,P. Scrubb,ALIAGA PETKIM SPOR,PTK,P. Scrubb,23,,,,,,ASS,,ALIAGA PETKIM SPOR P. SCRUBB assist,,,,,,,,,0,157,1.0,,0,61,0,55
02:34,02:34:00,61,58,3,2,3,REGULAR,6,F. CRUZ SALDIVAR,1,3pt,482,,[],jumpshot,1,9,Francisco Javier,Cruz Saldivar,Francisco Javier,Cruz Saldivar,F,C,F,C,F. Cruz Saldivar,MERSIN SPOR,MSK,F. Cruz Saldivar,9,,,34.200000762939,50.959999084473,1.0,P3,made,MERSIN SPOR F. CRUZ SALDIVAR 3Pt made,,,,,,,,,3,157,1.0,score,0,61,3,58
02:16,02:16:00,64,58,6,1,3,REGULAR,68,Y. FRANKE,1,3pt,483,,[],jumpshot,1,5,Yannick Ayrton,Franke,Yannick Ayrton,Franke,Y,F,Y,F,Y. Franke,ALIAGA PETKIM SPOR,PTK,Y. Franke,5,,,90.669998168945,4.9200000762939,1.0,P3,made,ALIAGA PETKIM SPOR Y. FRANKE 3Pt made,98.0,1.0,P. SCRUBB,,,,,,3,158,2.0,score,3,64,0,58
02:16,02:16:00,64,58,6,1,3,REGULAR,98,P. SCRUBB,1,assist,484,483,[],,0,23,Philip Alexander,Scrubb,Philip Alexander,Scrubb,P,S,P,S,P. Scrubb,ALIAGA PETKIM SPOR,PTK,P. Scrubb,23,,,,,,ASS,,ALIAGA PETKIM SPOR P. SCRUBB assist,,,,,,,,,0,159,1.0,,0,64,0,58
01:57,01:57:00,64,60,4,2,3,REGULAR,6,F. CRUZ SALDIVAR,1,2pt,485,,['pointsinthepaint'],fadeaway,1,9,Francisco Javier,Cruz Saldivar,Francisco Javier,Cruz Saldivar,F,C,F,C,F. Cruz Saldivar,MERSIN SPOR,MSK,F. Cruz Saldivar,9,,,6.4299998283386,46.159999847412,1.0,P2,made,MERSIN SPOR F. CRUZ SALDIVAR 2Pt made,56.0,2.0,A. COWAN,,,,,,2,159,1.0,score,0,64,2,60
01:57,01:57:00,64,60,4,2,3,REGULAR,56,A. COWAN,1,assist,486,485,[],,0,7,Anthony Dewayne,Cowan,Anthony Dewayne,Cowan,A,C,A,C,A. Cowan,MERSIN SPOR,MSK,A. Cowan,7,,,,,,ASS,,MERSIN SPOR A. COWAN assist,,,,,,,,,0,160,2.0,,0,64,0,60
01:36,01:36:00,66,60,6,1,3,REGULAR,66,J. FLOYD,1,2pt,487,,['pointsinthepaint'],jumpshot,1,20,Jehyve Jamal,Floyd,Jehyve Jamal,Floyd,J,F,J,F,J. Floyd,ALIAGA PETKIM SPOR,PTK,J. Floyd,20,,,90.050003051758,61.130001068115,1.0,P2,made,ALIAGA PETKIM SPOR J. FLOYD 2Pt made,,,,,,,,,2,160,2.0,score,2,66,0,60
01:18,01:18:00,66,60,6,2,3,REGULAR,7,B. BENTIL,0,3pt,488,,[],jumpshot,1,50,Benjamin,Bentil,Benjamin,Bentil,B,B,B,B,B. Bentil,MERSIN SPOR,MSK,B. Bentil,50,,,6.5799999237061,95.879997253418,0.0,P3,missed,MERSIN SPOR B. BENTIL 3Pt missed,,,,,,,,,0,161,1.0,def_reb,0,66,0,60
01:16,01:16:00,66,60,6,1,3,REGULAR,66,J. FLOYD,1,rebound,489,488,[],defensive,0,20,Jehyve Jamal,Floyd,Jehyve Jamal,Floyd,J,F,J,F,J. Floyd,ALIAGA PETKIM SPOR,PTK,J. Floyd,20,,,,,,REB,,ALIAGA PETKIM SPOR rebound defensive,,,,,,,,,0,162,2.0,def_reb,0,66,0,60
01:07,01:07:00,66,60,6,1,3,REGULAR,98,P. SCRUBB,0,3pt,490,,[],jumpshot,1,23,Philip Alexander,Scrubb,Philip Alexander,Scrubb,P,S,P,S,P. Scrubb,ALIAGA PETKIM SPOR,PTK,P. Scrubb,23,,,68.209999084473,57.740001678467,0.0,P3,missed,ALIAGA PETKIM SPOR P. SCRUBB 3Pt missed,,,,,,,,,0,163,1.0,def_reb,0,66,0,60
01:04,01:04:00,66,60,6,2,3,REGULAR,7,B. BENTIL,1,rebound,491,490,[],defensive,0,50,Benjamin,Bentil,Benjamin,Bentil,B,B,B,B,B. Bentil,MERSIN SPOR,MSK,B. Bentil,50,,,,,,REB,,MERSIN SPOR rebound defensive,,,,,,,,,0,164,2.0,def_reb,0,66,0,60
00:45,00:45:90,66,63,3,2,3,REGULAR,7,B. BENTIL,1,3pt,492,,[],jumpshot,1,50,Benjamin,Bentil,Benjamin,Bentil,B,B,B,B,B. Bentil,MERSIN SPOR,MSK,B. Bentil,50,,,31.079999923706,49.830001831055,1.0,P3,made,MERSIN SPOR B. BENTIL 3Pt made,56.0,2.0,A. COWAN,,,,,,3,165,1.0,score,0,66,3,63
00:45,00:45:90,66,63,3,2,3,REGULAR,56,A. COWAN,1,assist,493,492,[],,0,7,Anthony Dewayne,Cowan,Anthony Dewayne,Cowan,A,C,A,C,A. Cowan,MERSIN SPOR,MSK,A. Cowan,7,,,,,,ASS,,MERSIN SPOR A. COWAN assist,,,,,,,,,0,166,2.0,,0,66,0,63
00:21,00:21:10,66,63,3,1,3,REGULAR,67,D. EFIANAYI JR,0,2pt,494,,"['pointsinthepaint', 'blocked']",layup,1,4,David Tinsley Eghosa,Efianayi Jr,David Tinsley Eghosa,Efianayi Jr,D,E,D,E,D. Efianayi Jr,ALIAGA PETKIM SPOR,PTK,D. Efianayi Jr,4,,,92.699996948242,44.75,0.0,P2,missed,ALIAGA PETKIM SPOR D. EFIANAYI JR 2Pt missed,,,,55.0,2.0,A. OLASENI,,,0,166,2.0,,0,66,0,63
00:21,00:21:10,66,63,3,2,3,REGULAR,55,A. OLASENI,1,block,495,494,[],,0,0,Abodunrin Gabriel,Olaseni,Abodunrin Gabriel,Olaseni,A,O,A,O,A. Olaseni,MERSIN SPOR,MSK,A. Olaseni,0,,,,,,BS,,MERSIN SPOR A. OLASENI block,,,,,,,,,0,166,2.0,,0,66,0,63
00:17,00:17:30,66,63,3,2,3,REGULAR,6,F. CRUZ SALDIVAR,1,rebound,496,494,[],defensive,0,9,Francisco Javier,Cruz Saldivar,Francisco Javier,Cruz Saldivar,F,C,F,C,F. Cruz Saldivar,MERSIN SPOR,MSK,F. Cruz Saldivar,9,,,,,,REB,,MERSIN SPOR rebound defensive,,,,,,,,,0,166,2.0,def_reb,0,66,0,63
00:01,00:01:70,66,63,3,2,3,REGULAR,56,A. COWAN,0,3pt,498,,[],stepbackjumpshot,1,7,Anthony Dewayne,Cowan,Anthony Dewayne,Cowan,A,C,A,C,A. Cowan,MERSIN SPOR,MSK,A. Cowan,7,,,22.64999961853,84.580001831055,0.0,P3,missed,MERSIN SPOR A. COWAN 3Pt missed,,,,,,,,,0,167,1.0,,0,66,0,63
00:00,00:00:00,66,63,3,0,3,REGULAR,0,,1,period,501,,['confirmed'],end,0,,,,,,,,,,,,,,,,,,,,OTHER,,period end,,,,,,,,,0,167,1.0,,0,66,0,63
10:00,10:00:00,66,63,3,1,4,REGULAR,67,D. EFIANAYI JR,1,substitution,502,,[],out,0,4,David Tinsley Eghosa,Efianayi Jr,David Tinsley Eghosa,Efianayi Jr,D,E,D,E,D. Efianayi Jr,ALIAGA PETKIM SPOR,PTK,D. Efianayi Jr,4,,,,,,SUB,out,ALIAGA PETKIM SPOR substitution out,,,,,,,,,0,167,1.0,,0,66,0,63
10:00,10:00:00,66,63,3,1,4,REGULAR,70,U. UTOMI,1,substitution,503,,[],in,0,8,Uzodinma,Utomi,Uzodinma,Utomi,U,U,U,U,U. Utomi,ALIAGA PETKIM SPOR,PTK,U. Utomi,8,,,,,,SUB,in,ALIAGA PETKIM SPOR substitution in,,,,,,,,,0,167,1.0,,0,66,0,63
10:00,10:00:00,66,63,3,2,4,REGULAR,6,F. CRUZ SALDIVAR,1,substitution,504,,[],out,0,9,Francisco Javier,Cruz Saldivar,Francisco Javier,Cruz Saldivar,F,C,F,C,F. Cruz Saldivar,MERSIN SPOR,MSK,F. Cruz Saldivar,9,,,,,,SUB,out,MERSIN SPOR substitution out,,,,,,,,,0,167,1.0,,0,66,0,63
10:00,10:00:00,66,63,3,2,4,REGULAR,5,J. COBBS,1,substitution,505,,[],in,0,1,Justin,Cobbs,Justin,Cobbs,J,C,J,C,J. Cobbs,MERSIN SPOR,MSK,J. Cobbs,1,,,,,,SUB,in,MERSIN SPOR substitution in,,,,,,,,,0,167,1.0,,0,66,0,63
10:00,10:00:00,66,63,3,0,4,REGULAR,0,,1,period,506,,[],start,0,,,,,,,,,,,,,,,,,,,,OTHER,,period start,,,,,,,,,0,167,1.0,,0,66,0,63
09:42,09:42:00,66,66,0,2,4,REGULAR,4,E. TIRPANCI,1,3pt,508,,[],jumpshot,1,10,Efe Ergi,Tirpanci,Efe Ergi,Tirpanci,E,T,E,T,E. Tirpanci,MERSIN SPOR,MSK,E. Tirpanci,10,,,32.639999389648,75.25,1.0,P3,made,MERSIN SPOR E. TIRPANCI 3Pt made,5.0,2.0,J. COBBS,,,,,,3,167,1.0,score,0,66,3,66
09:42,09:42:00,66,66,0,2,4,REGULAR,5,J. COBBS,1,assist,509,508,[],,0,1,Justin,Cobbs,Justin,Cobbs,J,C,J,C,J. Cobbs,MERSIN SPOR,MSK,J. Cobbs,1,,,,,,ASS,,MERSIN SPOR J. COBBS assist,,,,,,,,,0,168,2.0,,0,66,0,66
09:19,09:19:00,66,66,0,2,4,REGULAR,56,A. COWAN,1,foul,511,,[],personal,0,7,Anthony Dewayne,Cowan,Anthony Dewayne,Cowan,A,C,A,C,A. Cowan,MERSIN SPOR,MSK,A. Cowan,7,,,,,,FOUL,,MERSIN SPOR A. COWAN foul personal,,,,,,,,,0,168,2.0,,0,66,0,66
09:19,09:19:00,66,66,0,1,4,REGULAR,70,U. UTOMI,1,foulon,512,511,[],,0,8,Uzodinma,Utomi,Uzodinma,Utomi,U,U,U,U,U. Utomi,ALIAGA PETKIM SPOR,PTK,U. Utomi,8,,,,,,OTHER,,ALIAGA PETKIM SPOR foulon,,,,,,,,,0,168,2.0,,0,66,0,66
09:19,09:19:00,66,66,0,1,4,REGULAR,66,J. FLOYD,1,substitution,513,,[],out,0,20,Jehyve Jamal,Floyd,Jehyve Jamal,Floyd,J,F,J,F,J. Floyd,ALIAGA PETKIM SPOR,PTK,J. Floyd,20,,,,,,SUB,out,ALIAGA PETKIM SPOR substitution out,,,,,,,,,0,168,2.0,,0,66,0,66
09:19,09:19:00,66,66,0,1,4,REGULAR,64,M. SAJUS,1,substitution,514,,[],in,0,19,Martynas,Sajus,Martynas,Sajus,M,S,M,S,M. Sajus,ALIAGA PETKIM SPOR,PTK,M. Sajus,19,,,,,,SUB,in,ALIAGA PETKIM SPOR substitution in,,,,,,,,,0,168,2.0,,0,66,0,66
09:04,09:04:00,66,66,0,1,4,REGULAR,70,U. UTOMI,1,turnover,516,,[],badpass,0,8,Uzodinma,Utomi,Uzodinma,Utomi,U,U,U,U,U. Utomi,ALIAGA PETKIM SPOR,PTK,U. Utomi,8,,,,,,TO,,ALIAGA PETKIM SPOR U. UTOMI turnover badpass,,,,,,,,,0,168,2.0,turnover,0,66,0,66
09:04,09:04:00,66,66,0,2,4,REGULAR,55,A. OLASENI,1,steal,517,516,[],,0,0,Abodunrin Gabriel,Olaseni,Abodunrin Gabriel,Olaseni,A,O,A,O,A. Olaseni,MERSIN SPOR,MSK,A. Olaseni,0,,,,,,ST,,MERSIN SPOR A. OLASENI steal,,,,,,,,,0,169,1.0,,0,66,0,66
08:46,08:46:00,66,66,0,2,4,REGULAR,7,B. BENTIL,1,turnover,518,,[],badpass,0,50,Benjamin,Bentil,Benjamin,Bentil,B,B,B,B,B. Bentil,MERSIN SPOR,MSK,B. Bentil,50,,,,,,TO,,MERSIN SPOR B. BENTIL turnover badpass,,,,,,,,,0,169,1.0,turnover,0,66,0,66
08:46,08:46:00,66,66,0,1,4,REGULAR,98,P. SCRUBB,1,steal,519,518,[],,0,23,Philip Alexander,Scrubb,Philip Alexander,Scrubb,P,S,P,S,P. Scrubb,ALIAGA PETKIM SPOR,PTK,P. Scrubb,23,,,,,,ST,,ALIAGA PETKIM SPOR P. SCRUBB steal,,,,,,,,,0,170,2.0,,0,66,0,66
08:43,08:43:00,66,66,0,2,4,REGULAR,56,A. COWAN,1,foul,521,,[],personal,0,7,Anthony Dewayne,Cowan,Anthony Dewayne,Cowan,A,C,A,C,A. Cowan,MERSIN SPOR,MSK,A. Cowan,7,,,,,,FOUL,,MERSIN SPOR A. COWAN foul personal,,,,,,,,,0,170,2.0,,0,66,0,66
08:43,08:43:00,66,66,0,1,4,REGULAR,98,P. SCRUBB,1,foulon,522,521,[],,0,23,Philip Alexander,Scrubb,Philip Alexander,Scrubb,P,S,P,S,P. Scrubb,ALIAGA PETKIM SPOR,PTK,P. Scrubb,23,,,,,,OTHER,,ALIAGA PETKIM SPOR foulon,,,,,,,,,0,170,2.0,,0,66,0,66
08:43,08:43:00,66,66,0,2,4,REGULAR,56,A. COWAN,1,substitution,523,,[],out,0,7,Anthony Dewayne,Cowan,Anthony Dewayne,Cowan,A,C,A,C,A. Cowan,MERSIN SPOR,MSK,A. Cowan,7,,,,,,SUB,out,MERSIN SPOR substitution out,,,,,,,,,0,170,2.0,,0,66,0,66
08:43,08:43:00,66,66,0,2,4,REGULAR,6,F. CRUZ SALDIVAR,1,substitution,524,,[],in,0,9,Francisco Javier,Cruz Saldivar,Francisco Javier,Cruz Saldivar,F,C,F,C,F. Cruz Saldivar,MERSIN SPOR,MSK,F. Cruz Saldivar,9,,,,,,SUB,in,MERSIN SPOR substitution in,,,,,,,,,0,170,2.0,,0,66,0,66
08:24,08:24:00,66,66,0,1,4,REGULAR,70,U. UTOMI,0,2pt,526,,"['fromturnover', 'pointsinthepaint']",stepbackjumpshot,1,8,Uzodinma,Utomi,Uzodinma,Utomi,U,U,U,U,U. Utomi,ALIAGA PETKIM SPOR,PTK,U. Utomi,8,,,83.48999786377,61.409999847412,0.0,P2,missed,ALIAGA PETKIM SPOR U. UTOMI 2Pt missed,,,,,,,,,0,170,2.0,def_reb,0,66,0,66
08:20,08:20:00,66,66,0,2,4,REGULAR,7,B. BENTIL,1,rebound,527,526,[],defensive,0,50,Benjamin,Bentil,Benjamin,Bentil,B,B,B,B,B. Bentil,MERSIN SPOR,MSK,B. Bentil,50,,,,,,REB,,MERSIN SPOR rebound defensive,,,,,,,,,0,171,1.0,def_reb,0,66,0,66
08:10,08:10:00,66,68,-2,2,4,REGULAR,5,J. COBBS,1,2pt,528,,['pointsinthepaint'],floatingjumpshot,1,1,Justin,Cobbs,Justin,Cobbs,J,C,J,C,J. Cobbs,MERSIN SPOR,MSK,J. Cobbs,1,,,12.819999694824,39.659999847412,1.0,P2,made,MERSIN SPOR J. COBBS 2Pt made,,,,,,,,,2,172,2.0,score,0,66,2,68
07:52,07:52:00,66,68,-2,1,4,REGULAR,98,P. SCRUBB,0,3pt,529,,[],jumpshot,1,23,Philip Alexander,Scrubb,Philip Alexander,Scrubb,P,S,P,S,P. Scrubb,ALIAGA PETKIM SPOR,PTK,P. Scrubb,23,,,95.040000915527,3.789999961853,0.0,P3,missed,ALIAGA PETKIM SPOR P. SCRUBB 3Pt missed,,,,,,,,,0,173,1.0,def_reb,0,66,0,68
07:50,07:50:00,66,68,-2,2,4,REGULAR,4,E. TIRPANCI,1,rebound,530,529,[],defensive,0,10,Efe Ergi,Tirpanci,Efe Ergi,Tirpanci,E,T,E,T,E. Tirpanci,MERSIN SPOR,MSK,E. Tirpanci,10,,,,,,REB,,MERSIN SPOR rebound defensive,,,,,,,,,0,174,2.0,def_reb,0,66,0,68
07:26,07:26:00,66,70,-4,2,4,REGULAR,5,J. COBBS,1,2pt,531,,[],jumpshot,1,1,Justin,Cobbs,Justin,Cobbs,J,C,J,C,J. Cobbs,MERSIN SPOR,MSK,J. Cobbs,1,,,24.680000305176,33.159999847412,1.0,P2,made,MERSIN SPOR J. COBBS 2Pt made,,,,,,,,,2,175,1.0,score,0,66,2,70
07:12,07:12:00,66,70,-4,2,4,REGULAR,5,J. COBBS,1,foul,533,,[],personal,0,1,Justin,Cobbs,Justin,Cobbs,J,C,J,C,J. Cobbs,MERSIN SPOR,MSK,J. Cobbs,1,,,,,,FOUL,,MERSIN SPOR J. COBBS foul personal,,,,,,,,,0,176,2.0,,0,66,0,70
07:12,07:12:00,66,70,-4,1,4,REGULAR,68,Y. FRANKE,1,foulon,534,533,[],,0,5,Yannick Ayrton,Franke,Yannick Ayrton,Franke,Y,F,Y,F,Y. Franke,ALIAGA PETKIM SPOR,PTK,Y. Franke,5,,,,,,OTHER,,ALIAGA PETKIM SPOR foulon,,,,,,,,,0,176,2.0,,0,66,0,70
07:12,07:12:00,66,70,-4,1,4,REGULAR,70,U. UTOMI,1,substitution,535,,[],out,0,8,Uzodinma,Utomi,Uzodinma,Utomi,U,U,U,U,U. Utomi,ALIAGA PETKIM SPOR,PTK,U. Utomi,8,,,,,,SUB,out,ALIAGA PETKIM SPOR substitution out,,,,,,,,,0,176,2.0,,0,66,0,70
07:12,07:12:00,66,70,-4,1,4,REGULAR,67,D. EFIANAYI JR,1,substitution,536,,[],in,0,4,David Tinsley Eghosa,Efianayi Jr,David Tinsley Eghosa,Efianayi Jr,D,E,D,E,D. Efianayi Jr,ALIAGA PETKIM SPOR,PTK,D. Efianayi Jr,4,,,,,,SUB,in,ALIAGA PETKIM SPOR substitution in,,,,,,,,,0,176,2.0,,0,66,0,70
07:07,07:07:00,66,70,-4,2,4,REGULAR,7,B. BENTIL,1,foul,539,,"['shooting', '2freethrow']",personal,0,50,Benjamin,Bentil,Benjamin,Bentil,B,B,B,B,B. Bentil,MERSIN SPOR,MSK,B. Bentil,50,,,,,,FOUL,,MERSIN SPOR B. BENTIL foul personal,,,,,,,,,0,176,2.0,,0,66,0,70
07:07,07:07:00,66,70,-4,1,4,REGULAR,68,Y. FRANKE,1,foulon,540,539,[],,0,5,Yannick Ayrton,Franke,Yannick Ayrton,Franke,Y,F,Y,F,Y. Franke,ALIAGA PETKIM SPOR,PTK,Y. Franke,5,,,,,,OTHER,,ALIAGA PETKIM SPOR foulon,,,,,,,,,0,176,2.0,,0,66,0,70
07:07,07:07:00,67,70,-3,1,4,REGULAR,68,Y. FRANKE,1,freethrow,541,,[],1of2,1,5,Yannick Ayrton,Franke,Yannick Ayrton,Franke,Y,F,Y,F,Y. Franke,ALIAGA PETKIM SPOR,PTK,Y. Franke,5,,,,,,FT,made,ALIAGA PETKIM SPOR Y. FRANKE FT 1of2 made,,,,,,,,,1,176,2.0,made_ft,1,67,0,70
07:07,07:07:00,68,70,-2,1,4,REGULAR,68,Y. FRANKE,1,freethrow,542,,[],2of2,1,5,Yannick Ayrton,Franke,Yannick Ayrton,Franke,Y,F,Y,F,Y. Franke,ALIAGA PETKIM SPOR,PTK,Y. Franke,5,,,,,,FT,made,ALIAGA PETKIM SPOR Y. FRANKE FT 2of2 made,,,,,,,,,1,177,1.0,made_ft_last,1,68,0,70
06:47,06:47:00,68,70,-2,2,4,REGULAR,6,F. CRUZ SALDIVAR,1,turnover,544,,[],badpass,0,9,Francisco Javier,Cruz Saldivar,Francisco Javier,Cruz Saldivar,F,C,F,C,F. Cruz Saldivar,MERSIN SPOR,MSK,F. Cruz Saldivar,9,,,,,,TO,,MERSIN SPOR F. CRUZ SALDIVAR turnover badpass,,,,,,,,,0,178,2.0,turnover,0,68,0,70
06:47,06:47:00,68,70,-2,1,4,REGULAR,67,D. EFIANAYI JR,1,steal,545,544,[],,0,4,David Tinsley Eghosa,Efianayi Jr,David Tinsley Eghosa,Efianayi Jr,D,E,D,E,D. Efianayi Jr,ALIAGA PETKIM SPOR,PTK,D. Efianayi Jr,4,,,,,,ST,,ALIAGA PETKIM SPOR D. EFIANAYI JR steal,,,,,,,,,0,179,1.0,,0,68,0,70
06:42,06:42:00,68,70,-2,1,4,REGULAR,67,D. EFIANAYI JR,0,2pt,546,,"['fromturnover', 'pointsinthepaint']",floatingjumpshot,1,4,David Tinsley Eghosa,Efianayi Jr,David Tinsley Eghosa,Efianayi Jr,D,E,D,E,D. Efianayi Jr,ALIAGA PETKIM SPOR,PTK,D. Efianayi Jr,4,,,90.050003051758,58.869998931885,0.0,P2,missed,ALIAGA PETKIM SPOR D. EFIANAYI JR 2Pt missed,,,,,,,,,0,179,1.0,,0,68,0,70
06:38,06:38:00,68,70,-2,1,4,REGULAR,44,T. SAV,1,rebound,547,546,[],offensive,0,15,Troy Selim,Sav,Troy Selim,Sav,T,S,T,S,T. Sav,ALIAGA PETKIM SPOR,PTK,T. Sav,15,,,,,,REB,,ALIAGA PETKIM SPOR rebound offensive,,,,,,,,,0,179,1.0,,0,68,0,70
06:38,06:38:00,70,70,0,1,4,REGULAR,44,T. SAV,1,2pt,548,,"['2ndchance', 'fromturnover', 'pointsinthepaint']",tipinlayup,1,15,Troy Selim,Sav,Troy Selim,Sav,T,S,T,S,T. Sav,ALIAGA PETKIM SPOR,PTK,T. Sav,15,,,94.0,50.0,1.0,P2,made,ALIAGA PETKIM SPOR T. SAV 2Pt made,,,,,,,,,2,179,1.0,score,2,70,0,70
06:15,06:15:00,70,70,0,2,4,REGULAR,4,E. TIRPANCI,0,3pt,550,,[],jumpshot,1,10,Efe Ergi,Tirpanci,Efe Ergi,Tirpanci,E,T,E,T,E. Tirpanci,MERSIN SPOR,MSK,E. Tirpanci,10,,,32.009998321533,42.770000457764,0.0,P3,missed,MERSIN SPOR E. TIRPANCI 3Pt missed,,,,,,,,,0,180,2.0,def_reb,0,70,0,70
06:15,06:15:00,70,70,0,1,4,REGULAR,0,,1,rebound,551,550,['team'],defensive,0,,,,,,,,,,,ALIAGA PETKIM SPOR,PTK,,,,,,,,TREB,,ALIAGA PETKIM SPOR team rebound defensive,,,,,,,,,0,181,1.0,def_reb,0,70,0,70
06:15,06:15:00,70,70,0,2,4,REGULAR,55,A. OLASENI,1,foul,552,,['2freethrow'],personal,0,0,Abodunrin Gabriel,Olaseni,Abodunrin Gabriel,Olaseni,A,O,A,O,A. Olaseni,MERSIN SPOR,MSK,A. Olaseni,0,,,,,,FOUL,,MERSIN SPOR A. OLASENI foul personal,,,,,,,,,0,182,2.0,,0,70,0,70
06:15,06:15:00,70,70,0,1,4,REGULAR,64,M. SAJUS,1,foulon,553,552,[],,0,19,Martynas,Sajus,Martynas,Sajus,M,S,M,S,M. Sajus,ALIAGA PETKIM SPOR,PTK,M. Sajus,19,,,,,,OTHER,,ALIAGA PETKIM SPOR foulon,,,,,,,,,0,182,2.0,,0,70,0,70
06:15,06:15:00,70,70,0,2,4,REGULAR,55,A. OLASENI,1,foul,554,,['2freethrow'],unsportsmanlike,0,0,Abodunrin Gabriel,Olaseni,Abodunrin Gabriel,Olaseni,A,O,A,O,A. Olaseni,MERSIN SPOR,MSK,A. Olaseni,0,,,,,,FOUL,,MERSIN SPOR A. OLASENI foul unsportsmanlike,,,,,,,,,0,182,2.0,,0,70,0,70
06:15,06:15:00,70,70,0,1,4,REGULAR,64,M. SAJUS,1,foulon,555,554,[],,0,19,Martynas,Sajus,Martynas,Sajus,M,S,M,S,M. Sajus,ALIAGA PETKIM SPOR,PTK,M. Sajus,19,,,,,,OTHER,,ALIAGA PETKIM SPOR foulon,,,,,,,,,0,182,2.0,,0,70,0,70
06:15,06:15:00,70,70,0,1,4,REGULAR,44,T. SAV,1,substitution,556,,[],out,0,15,Troy Selim,Sav,Troy Selim,Sav,T,S,T,S,T. Sav,ALIAGA PETKIM SPOR,PTK,T. Sav,15,,,,,,SUB,out,ALIAGA PETKIM SPOR substitution out,,,,,,,,,0,182,2.0,,0,70,0,70
06:15,06:15:00,70,70,0,1,4,REGULAR,98,P. SCRUBB,1,substitution,557,,[],out,0,23,Philip Alexander,Scrubb,Philip Alexander,Scrubb,P,S,P,S,P. Scrubb,ALIAGA PETKIM SPOR,PTK,P. Scrubb,23,,,,,,SUB,out,ALIAGA PETKIM SPOR substitution out,,,,,,,,,0,182,2.0,,0,70,0,70
06:15,06:15:00,70,70,0,1,4,REGULAR,65,R. BLUMBERGS,1,substitution,558,,[],in,0,6,Roberts,Blumbergs,Roberts,Blumbergs,R,B,R,B,R. Blumbergs,ALIAGA PETKIM SPOR,PTK,R. Blumbergs,6,,,,,,SUB,in,ALIAGA PETKIM SPOR substitution in,,,,,,,,,0,182,2.0,,0,70,0,70
06:15,06:15:00,70,70,0,1,4,REGULAR,42,Y. SONSIRMA,1,substitution,559,,[],in,0,9,Yunus Emre,Sonsirma,Yunus Emre,Sonsirma,Y,S,Y,S,Y. Sonsirma,ALIAGA PETKIM SPOR,PTK,Y. Sonsirma,9,,,,,,SUB,in,ALIAGA PETKIM SPOR substitution in,,,,,,,,,0,182,2.0,,0,70,0,70
06:15,06:15:00,70,70,0,2,4,REGULAR,55,A. OLASENI,1,substitution,560,,[],out,0,0,Abodunrin Gabriel,Olaseni,Abodunrin Gabriel,Olaseni,A,O,A,O,A. Olaseni,MERSIN SPOR,MSK,A. Olaseni,0,,,,,,SUB,out,MERSIN SPOR substitution out,,,,,,,,,0,182,2.0,,0,70,0,70
06:15,06:15:00,70,70,0,2,4,REGULAR,9,J. WHITE,1,substitution,561,,[],in,0,14,Jackson Thomas,White,Jackson Thomas,White,J,W,J,W,J. White,MERSIN SPOR,MSK,J. White,14,,,,,,SUB,in,MERSIN SPOR substitution in,,,,,,,,,0,182,2.0,,0,70,0,70
06:15,06:15:00,71,70,1,1,4,REGULAR,64,M. SAJUS,1,freethrow,562,,[],1of2,1,19,Martynas,Sajus,Martynas,Sajus,M,S,M,S,M. Sajus,ALIAGA PETKIM SPOR,PTK,M. Sajus,19,,,,,,FT,made,ALIAGA PETKIM SPOR M. SAJUS FT 1of2 made,,,,,,,,,1,182,2.0,made_ft,1,71,0,70
06:15,06:15:00,71,70,1,1,4,REGULAR,64,M. SAJUS,0,freethrow,563,,[],2of2,1,19,Martynas,Sajus,Martynas,Sajus,M,S,M,S,M. Sajus,ALIAGA PETKIM SPOR,PTK,M. Sajus,19,,,,,,FT,missed,ALIAGA PETKIM SPOR M. SAJUS FT 2of2 missed,,,,,,,,,0,183,1.0,,0,71,0,70
06:15,06:15:00,72,70,2,1,4,REGULAR,64,M. SAJUS,1,freethrow,564,,[],1of2,1,19,Martynas,Sajus,Martynas,Sajus,M,S,M,S,M. Sajus,ALIAGA PETKIM SPOR,PTK,M. Sajus,19,,,,,,FT,made,ALIAGA PETKIM SPOR M. SAJUS FT 1of2 made,,,,,,,,,1,183,1.0,made_ft,1,72,0,70
06:15,06:15:00,73,70,3,1,4,REGULAR,64,M. SAJUS,1,freethrow,565,,[],2of2,1,19,Martynas,Sajus,Martynas,Sajus,M,S,M,S,M. Sajus,ALIAGA PETKIM SPOR,PTK,M. Sajus,19,,,,,,FT,made,ALIAGA PETKIM SPOR M. SAJUS FT 2of2 made,,,,,,,,,1,184,2.0,made_ft_last,1,73,0,70
05:59,05:59:00,73,70,3,1,4,REGULAR,67,D. EFIANAYI JR,0,2pt,567,,['pointsinthepaint'],fadeaway,1,4,David Tinsley Eghosa,Efianayi Jr,David Tinsley Eghosa,Efianayi Jr,D,E,D,E,D. Efianayi Jr,ALIAGA PETKIM SPOR,PTK,D. Efianayi Jr,4,,,85.680000305176,58.869998931885,0.0,P2,missed,ALIAGA PETKIM SPOR D. EFIANAYI JR 2Pt missed,,,,,,,,,0,185,1.0,,0,73,0,70
05:56,05:56:00,73,70,3,1,4,REGULAR,67,D. EFIANAYI JR,1,rebound,568,567,[],offensive,0,4,David Tinsley Eghosa,Efianayi Jr,David Tinsley Eghosa,Efianayi Jr,D,E,D,E,D. Efianayi Jr,ALIAGA PETKIM SPOR,PTK,D. Efianayi Jr,4,,,,,,REB,,ALIAGA PETKIM SPOR rebound offensive,,,,,,,,,0,185,1.0,,0,73,0,70
05:54,05:54:00,76,70,6,1,4,REGULAR,68,Y. FRANKE,1,3pt,570,,['2ndchance'],jumpshot,1,5,Yannick Ayrton,Franke,Yannick Ayrton,Franke,Y,F,Y,F,Y. Franke,ALIAGA PETKIM SPOR,PTK,Y. Franke,5,,,70.860000610352,24.120000839233,1.0,P3,made,ALIAGA PETKIM SPOR Y. FRANKE 3Pt made,67.0,1.0,D. EFIANAYI JR,,,,,,3,185,1.0,score,3,76,0,70
05:54,05:54:00,76,70,6,1,4,REGULAR,67,D. EFIANAYI JR,1,assist,571,570,[],,0,4,David Tinsley Eghosa,Efianayi Jr,David Tinsley Eghosa,Efianayi Jr,D,E,D,E,D. Efianayi Jr,ALIAGA PETKIM SPOR,PTK,D. Efianayi Jr,4,,,,,,ASS,,ALIAGA PETKIM SPOR D. EFIANAYI JR assist,,,,,,,,,0,186,2.0,,0,76,0,70
05:30,05:30:00,76,70,6,1,4,REGULAR,42,Y. SONSIRMA,1,foul,574,,"['shooting', '3freethrow']",personal,0,9,Yunus Emre,Sonsirma,Yunus Emre,Sonsirma,Y,S,Y,S,Y. Sonsirma,ALIAGA PETKIM SPOR,PTK,Y. Sonsirma,9,,,,,,FOUL,,ALIAGA PETKIM SPOR Y. SONSIRMA foul personal,,,,,,,,,0,186,2.0,,0,76,0,70
05:30,05:30:00,76,70,6,2,4,REGULAR,6,F. CRUZ SALDIVAR,1,foulon,575,574,[],,0,9,Francisco Javier,Cruz Saldivar,Francisco Javier,Cruz Saldivar,F,C,F,C,F. Cruz Saldivar,MERSIN SPOR,MSK,F. Cruz Saldivar,9,,,,,,OTHER,,MERSIN SPOR foulon,,,,,,,,,0,186,2.0,,0,76,0,70
05:30,05:30:00,76,71,5,2,4,REGULAR,6,F. CRUZ SALDIVAR,1,freethrow,576,,[],1of3,1,9,Francisco Javier,Cruz Saldivar,Francisco Javier,Cruz Saldivar,F,C,F,C,F. Cruz Saldivar,MERSIN SPOR,MSK,F. Cruz Saldivar,9,,,,,,FT,made,MERSIN SPOR F. CRUZ SALDIVAR FT 1of3 made,,,,,,,,,1,186,2.0,made_ft,0,76,1,71
05:30,05:30:00,76,71,5,2,4,REGULAR,7,B. BENTIL,1,assist,577,576,[],,0,50,Benjamin,Bentil,Benjamin,Bentil,B,B,B,B,B. Bentil,MERSIN SPOR,MSK,B. Bentil,50,,,,,,ASS,,MERSIN SPOR B. BENTIL assist,,,,,,,,,0,187,1.0,,0,76,0,71
05:30,05:30:00,76,71,5,2,4,REGULAR,6,F. CRUZ SALDIVAR,0,freethrow,578,,[],2of3,1,9,Francisco Javier,Cruz Saldivar,Francisco Javier,Cruz Saldivar,F,C,F,C,F. Cruz Saldivar,MERSIN SPOR,MSK,F. Cruz Saldivar,9,,,,,,FT,missed,MERSIN SPOR F. CRUZ SALDIVAR FT 2of3 missed,,,,,,,,,0,187,1.0,def_reb,0,76,0,71
05:30,05:30:00,76,71,5,2,4,REGULAR,0,,1,rebound,579,578,[],offensivedeadball,0,,,,,,,,,,,MERSIN SPOR,MSK,,,,,,,,TREB,,MERSIN SPOR team rebound offensivedeadball,,,,,,,,,0,188,2.0,def_reb,0,76,0,71
05:30,05:30:00,76,71,5,2,4,REGULAR,6,F. CRUZ SALDIVAR,0,freethrow,580,,[],3of3,1,9,Francisco Javier,Cruz Saldivar,Francisco Javier,Cruz Saldivar,F,C,F,C,F. Cruz Saldivar,MERSIN SPOR,MSK,F. Cruz Saldivar,9,,,,,,FT,missed,MERSIN SPOR F. CRUZ SALDIVAR FT 3of3 missed,,,,,,,,,0,189,1.0,def_reb,0,76,0,71
05:30,05:30:00,76,71,5,1,4,REGULAR,65,R. BLUMBERGS,1,rebound,582,580,[],defensive,0,6,Roberts,Blumbergs,Roberts,Blumbergs,R,B,R,B,R. Blumbergs,ALIAGA PETKIM SPOR,PTK,R. Blumbergs,6,,,,,,REB,,ALIAGA PETKIM SPOR rebound defensive,,,,,,,,,0,190,2.0,def_reb,0,76,0,71
05:14,05:14:00,79,71,8,1,4,REGULAR,68,Y. FRANKE,1,3pt,583,,[],jumpshot,1,5,Yannick Ayrton,Franke,Yannick Ayrton,Franke,Y,F,Y,F,Y. Franke,ALIAGA PETKIM SPOR,PTK,Y. Franke,5,,,75.379997253418,15.079999923706,1.0,P3,made,ALIAGA PETKIM SPOR Y. FRANKE 3Pt made,42.0,1.0,Y. SONSIRMA,,,,,,3,191,1.0,score,3,79,0,71
05:14,05:14:00,79,71,8,1,4,REGULAR,42,Y. SONSIRMA,1,assist,584,583,[],,0,9,Yunus Emre,Sonsirma,Yunus Emre,Sonsirma,Y,S,Y,S,Y. Sonsirma,ALIAGA PETKIM SPOR,PTK,Y. Sonsirma,9,,,,,,ASS,,ALIAGA PETKIM SPOR Y. SONSIRMA assist,,,,,,,,,0,192,2.0,,0,79,0,71
04:59,04:59:00,79,74,5,2,4,REGULAR,7,B. BENTIL,1,3pt,585,,[],jumpshot,1,50,Benjamin,Bentil,Benjamin,Bentil,B,B,B,B,B. Bentil,MERSIN SPOR,MSK,B. Bentil,50,,,30.450000762939,34.860000610352,1.0,P3,made,MERSIN SPOR B. BENTIL 3Pt made,5.0,2.0,J. COBBS,,,,,,3,192,2.0,score,0,79,3,74
04:59,04:59:00,79,74,5,2,4,REGULAR,5,J. COBBS,1,assist,586,585,[],,0,1,Justin,Cobbs,Justin,Cobbs,J,C,J,C,J. Cobbs,MERSIN SPOR,MSK,J. Cobbs,1,,,,,,ASS,,MERSIN SPOR J. COBBS assist,,,,,,,,,0,193,1.0,,0,79,0,74
04:37,04:37:00,81,74,7,1,4,REGULAR,65,R. BLUMBERGS,1,2pt,587,,['pointsinthepaint'],alleyoopdunk,1,6,Roberts,Blumbergs,Roberts,Blumbergs,R,B,R,B,R. Blumbergs,ALIAGA PETKIM SPOR,PTK,R. Blumbergs,6,,,92.540000915527,41.639999389648,1.0,P2,made,ALIAGA PETKIM SPOR R. BLUMBERGS 2Pt made,67.0,1.0,D. EFIANAYI JR,,,,,,2,193,1.0,score,2,81,0,74
04:37,04:37:00,81,74,7,1,4,REGULAR,67,D. EFIANAYI JR,1,assist,588,587,[],,0,4,David Tinsley Eghosa,Efianayi Jr,David Tinsley Eghosa,Efianayi Jr,D,E,D,E,D. Efianayi Jr,ALIAGA PETKIM SPOR,PTK,D. Efianayi Jr,4,,,,,,ASS,,ALIAGA PETKIM SPOR D. EFIANAYI JR assist,,,,,,,,,0,194,2.0,,0,81,0,74
04:16,04:16:00,81,74,7,1,4,REGULAR,64,M. SAJUS,1,foul,590,,"['shooting', '2freethrow']",personal,0,19,Martynas,Sajus,Martynas,Sajus,M,S,M,S,M. Sajus,ALIAGA PETKIM SPOR,PTK,M. Sajus,19,,,,,,FOUL,,ALIAGA PETKIM SPOR M. SAJUS foul personal,,,,,,,,,0,194,2.0,,0,81,0,74
04:16,04:16:00,81,74,7,2,4,REGULAR,5,J. COBBS,1,foulon,591,590,[],,0,1,Justin,Cobbs,Justin,Cobbs,J,C,J,C,J. Cobbs,MERSIN SPOR,MSK,J. Cobbs,1,,,,,,OTHER,,MERSIN SPOR foulon,,,,,,,,,0,194,2.0,,0,81,0,74
04:16,04:16:00,81,74,7,2,4,REGULAR,6,F. CRUZ SALDIVAR,1,substitution,592,,[],out,0,9,Francisco Javier,Cruz Saldivar,Francisco Javier,Cruz Saldivar,F,C,F,C,F. Cruz Saldivar,MERSIN SPOR,MSK,F. Cruz Saldivar,9,,,,,,SUB,out,MERSIN SPOR substitution out,,,,,,,,,0,194,2.0,,0,81,0,74
04:16,04:16:00,81,74,7,2,4,REGULAR,7,B. BENTIL,1,substitution,593,,[],out,0,50,Benjamin,Bentil,Benjamin,Bentil,B,B,B,B,B. Bentil,MERSIN SPOR,MSK,B. Bentil,50,,,,,,SUB,out,MERSIN SPOR substitution out,,,,,,,,,0,194,2.0,,0,81,0,74
04:16,04:16:00,81,74,7,2,4,REGULAR,55,A. OLASENI,1,substitution,594,,[],in,0,0,Abodunrin Gabriel,Olaseni,Abodunrin Gabriel,Olaseni,A,O,A,O,A. Olaseni,MERSIN SPOR,MSK,A. Olaseni,0,,,,,,SUB,in,MERSIN SPOR substitution in,,,,,,,,,0,194,2.0,,0,81,0,74
04:16,04:16:00,81,74,7,2,4,REGULAR,56,A. COWAN,1,substitution,595,,[],in,0,7,Anthony Dewayne,Cowan,Anthony Dewayne,Cowan,A,C,A,C,A. Cowan,MERSIN SPOR,MSK,A. Cowan,7,,,,,,SUB,in,MERSIN SPOR substitution in,,,,,,,,,0,194,2.0,,0,81,0,74
04:16,04:16:00,81,75,6,2,4,REGULAR,5,J. COBBS,1,freethrow,596,,[],1of2,1,1,Justin,Cobbs,Justin,Cobbs,J,C,J,C,J. Cobbs,MERSIN SPOR,MSK,J. Cobbs,1,,,,,,FT,made,MERSIN SPOR J. COBBS FT 1of2 made,,,,,,,,,1,194,2.0,made_ft,0,81,1,75
04:16,04:16:00,81,76,5,2,4,REGULAR,5,J. COBBS,1,freethrow,597,,[],2of2,1,1,Justin,Cobbs,Justin,Cobbs,J,C,J,C,J. Cobbs,MERSIN SPOR,MSK,J. Cobbs,1,,,,,,FT,made,MERSIN SPOR J. COBBS FT 2of2 made,,,,,,,,,1,195,1.0,made_ft_last,0,81,1,76
04:05,04:05:00,81,76,5,1,4,REGULAR,42,Y. SONSIRMA,0,3pt,599,,[],jumpshot,1,9,Yunus Emre,Sonsirma,Yunus Emre,Sonsirma,Y,S,Y,S,Y. Sonsirma,ALIAGA PETKIM SPOR,PTK,Y. Sonsirma,9,,,69.139999389648,38.529998779297,0.0,P3,missed,ALIAGA PETKIM SPOR Y. SONSIRMA 3Pt missed,,,,,,,,,0,196,2.0,,0,81,0,76
04:03,04:03:00,81,76,5,1,4,REGULAR,64,M. SAJUS,1,rebound,601,599,[],offensive,0,19,Martynas,Sajus,Martynas,Sajus,M,S,M,S,M. Sajus,ALIAGA PETKIM SPOR,PTK,M. Sajus,19,,,,,,REB,,ALIAGA PETKIM SPOR rebound offensive,,,,,,,,,0,196,2.0,,0,81,0,76
04:03,04:03:00,81,76,5,2,4,REGULAR,55,A. OLASENI,1,foul,602,,['2freethrow'],personal,0,0,Abodunrin Gabriel,Olaseni,Abodunrin Gabriel,Olaseni,A,O,A,O,A. Olaseni,MERSIN SPOR,MSK,A. Olaseni,0,,,,,,FOUL,,MERSIN SPOR A. OLASENI foul personal,,,,,,,,,0,196,2.0,,0,81,0,76
04:03,04:03:00,81,76,5,1,4,REGULAR,64,M. SAJUS,1,foulon,603,602,[],,0,19,Martynas,Sajus,Martynas,Sajus,M,S,M,S,M. Sajus,ALIAGA PETKIM SPOR,PTK,M. Sajus,19,,,,,,OTHER,,ALIAGA PETKIM SPOR foulon,,,,,,,,,0,196,2.0,,0,81,0,76
04:03,04:03:00,81,76,5,2,4,REGULAR,55,A. OLASENI,1,substitution,604,,[],out,0,0,Abodunrin Gabriel,Olaseni,Abodunrin Gabriel,Olaseni,A,O,A,O,A. Olaseni,MERSIN SPOR,MSK,A. Olaseni,0,,,,,,SUB,out,MERSIN SPOR substitution out,,,,,,,,,0,196,2.0,,0,81,0,76
04:03,04:03:00,81,76,5,2,4,REGULAR,7,B. BENTIL,1,substitution,605,,[],in,0,50,Benjamin,Bentil,Benjamin,Bentil,B,B,B,B,B. Bentil,MERSIN SPOR,MSK,B. Bentil,50,,,,,,SUB,in,MERSIN SPOR substitution in,,,,,,,,,0,196,2.0,,0,81,0,76
04:03,04:03:00,82,76,6,1,4,REGULAR,64,M. SAJUS,1,freethrow,606,,['2ndchance'],1of2,1,19,Martynas,Sajus,Martynas,Sajus,M,S,M,S,M. Sajus,ALIAGA PETKIM SPOR,PTK,M. Sajus,19,,,,,,FT,made,ALIAGA PETKIM SPOR M. SAJUS FT 1of2 made,,,,,,,,,1,196,2.0,made_ft,1,82,0,76
04:03,04:03:00,83,76,7,1,4,REGULAR,64,M. SAJUS,1,freethrow,607,,['2ndchance'],2of2,1,19,Martynas,Sajus,Martynas,Sajus,M,S,M,S,M. Sajus,ALIAGA PETKIM SPOR,PTK,M. Sajus,19,,,,,,FT,made,ALIAGA PETKIM SPOR M. SAJUS FT 2of2 made,,,,,,,,,1,197,1.0,made_ft_last,1,83,0,76
04:03,04:03:00,83,76,7,1,4,REGULAR,64,M. SAJUS,1,substitution,608,,[],out,0,19,Martynas,Sajus,Martynas,Sajus,M,S,M,S,M. Sajus,ALIAGA PETKIM SPOR,PTK,M. Sajus,19,,,,,,SUB,out,ALIAGA PETKIM SPOR substitution out,,,,,,,,,0,198,2.0,,0,83,0,76
04:03,04:03:00,83,76,7,1,4,REGULAR,66,J. FLOYD,1,substitution,609,,[],in,0,20,Jehyve Jamal,Floyd,Jehyve Jamal,Floyd,J,F,J,F,J. Floyd,ALIAGA PETKIM SPOR,PTK,J. Floyd,20,,,,,,SUB,in,ALIAGA PETKIM SPOR substitution in,,,,,,,,,0,198,2.0,,0,83,0,76
03:42,03:42:00,83,79,4,2,4,REGULAR,5,J. COBBS,1,3pt,613,,[],jumpshot,1,1,Justin,Cobbs,Justin,Cobbs,J,C,J,C,J. Cobbs,MERSIN SPOR,MSK,J. Cobbs,1,,,25.770000457764,19.040000915527,1.0,P3,made,MERSIN SPOR J. COBBS 3Pt made,56.0,2.0,A. COWAN,,,,,,3,198,2.0,score,0,83,3,79
03:42,03:42:00,83,79,4,2,4,REGULAR,56,A. COWAN,1,assist,614,613,[],,0,7,Anthony Dewayne,Cowan,Anthony Dewayne,Cowan,A,C,A,C,A. Cowan,MERSIN SPOR,MSK,A. Cowan,7,,,,,,ASS,,MERSIN SPOR A. COWAN assist,,,,,,,,,0,199,1.0,,0,83,0,79
03:21,03:21:00,83,79,4,1,4,REGULAR,65,R. BLUMBERGS,0,3pt,615,,[],jumpshot,1,6,Roberts,Blumbergs,Roberts,Blumbergs,R,B,R,B,R. Blumbergs,ALIAGA PETKIM SPOR,PTK,R. Blumbergs,6,,,75.540000915527,84.01000213623,0.0,P3,missed,ALIAGA PETKIM SPOR R. BLUMBERGS 3Pt missed,,,,,,,,,0,199,1.0,def_reb,0,83,0,79
03:19,03:19:00,83,79,4,2,4,REGULAR,4,E. TIRPANCI,1,rebound,616,615,[],defensive,0,10,Efe Ergi,Tirpanci,Efe Ergi,Tirpanci,E,T,E,T,E. Tirpanci,MERSIN SPOR,MSK,E. Tirpanci,10,,,,,,REB,,MERSIN SPOR rebound defensive,,,,,,,,,0,200,2.0,def_reb,0,83,0,79
03:06,03:06:00,83,82,1,2,4,REGULAR,56,A. COWAN,1,3pt,618,,[],jumpshot,1,7,Anthony Dewayne,Cowan,Anthony Dewayne,Cowan,A,C,A,C,A. Cowan,MERSIN SPOR,MSK,A. Cowan,7,,,23.280000686646,90.51000213623,1.0,P3,made,MERSIN SPOR A. COWAN 3Pt made,,,,,,,,,3,201,1.0,score,0,83,3,82
03:06,03:06:00,83,82,1,1,4,REGULAR,0,,1,timeout,619,,[],full,0,,,,,,,,,,,ALIAGA PETKIM SPOR,PTK,,,,,,,,TIMEOUT,,ALIAGA PETKIM SPOR timeout,,,,,,,,,0,202,2.0,,0,83,0,82
02:55,02:55:00,83,82,1,1,4,REGULAR,67,D. EFIANAYI JR,1,foul,622,,[],offensive,0,4,David Tinsley Eghosa,Efianayi Jr,David Tinsley Eghosa,Efianayi Jr,D,E,D,E,D. Efianayi Jr,ALIAGA PETKIM SPOR,PTK,D. Efianayi Jr,4,,,,,,RFOUL,,ALIAGA PETKIM SPOR D. EFIANAYI JR foul offensive,,,,,,,,,0,202,2.0,offensive_foul,0,83,0,82
02:55,02:55:00,83,82,1,1,4,REGULAR,67,D. EFIANAYI JR,1,turnover,623,622,[],offensive,0,4,David Tinsley Eghosa,Efianayi Jr,David Tinsley Eghosa,Efianayi Jr,D,E,D,E,D. Efianayi Jr,ALIAGA PETKIM SPOR,PTK,D. Efianayi Jr,4,,,,,,TO,,ALIAGA PETKIM SPOR D. EFIANAYI JR turnover offensive,,,,,,,,,0,203,1.0,turnover,0,83,0,82
02:55,02:55:00,83,82,1,2,4,REGULAR,4,E. TIRPANCI,1,foulon,624,622,[],,0,10,Efe Ergi,Tirpanci,Efe Ergi,Tirpanci,E,T,E,T,E. Tirpanci,MERSIN SPOR,MSK,E. Tirpanci,10,,,,,,OTHER,,MERSIN SPOR foulon,,,,,,,,,0,204,2.0,,0,83,0,82
02:55,02:55:00,83,82,1,1,4,REGULAR,65,R. BLUMBERGS,1,substitution,625,,[],out,0,6,Roberts,Blumbergs,Roberts,Blumbergs,R,B,R,B,R. Blumbergs,ALIAGA PETKIM SPOR,PTK,R. Blumbergs,6,,,,,,SUB,out,ALIAGA PETKIM SPOR substitution out,,,,,,,,,0,204,2.0,,0,83,0,82
02:55,02:55:00,83,82,1,1,4,REGULAR,42,Y. SONSIRMA,1,substitution,626,,[],out,0,9,Yunus Emre,Sonsirma,Yunus Emre,Sonsirma,Y,S,Y,S,Y. Sonsirma,ALIAGA PETKIM SPOR,PTK,Y. Sonsirma,9,,,,,,SUB,out,ALIAGA PETKIM SPOR substitution out,,,,,,,,,0,204,2.0,,0,83,0,82
02:55,02:55:00,83,82,1,1,4,REGULAR,66,J. FLOYD,1,substitution,627,,[],out,0,20,Jehyve Jamal,Floyd,Jehyve Jamal,Floyd,J,F,J,F,J. Floyd,ALIAGA PETKIM SPOR,PTK,J. Floyd,20,,,,,,SUB,out,ALIAGA PETKIM SPOR substitution out,,,,,,,,,0,204,2.0,,0,83,0,82
02:55,02:55:00,83,82,1,1,4,REGULAR,44,T. SAV,1,substitution,628,,[],in,0,15,Troy Selim,Sav,Troy Selim,Sav,T,S,T,S,T. Sav,ALIAGA PETKIM SPOR,PTK,T. Sav,15,,,,,,SUB,in,ALIAGA PETKIM SPOR substitution in,,,,,,,,,0,204,2.0,,0,83,0,82
02:55,02:55:00,83,82,1,1,4,REGULAR,64,M. SAJUS,1,substitution,629,,[],in,0,19,Martynas,Sajus,Martynas,Sajus,M,S,M,S,M. Sajus,ALIAGA PETKIM SPOR,PTK,M. Sajus,19,,,,,,SUB,in,ALIAGA PETKIM SPOR substitution in,,,,,,,,,0,204,2.0,,0,83,0,82
02:55,02:55:00,83,82,1,1,4,REGULAR,98,P. SCRUBB,1,substitution,630,,[],in,0,23,Philip Alexander,Scrubb,Philip Alexander,Scrubb,P,S,P,S,P. Scrubb,ALIAGA PETKIM SPOR,PTK,P. Scrubb,23,,,,,,SUB,in,ALIAGA PETKIM SPOR substitution in,,,,,,,,,0,204,2.0,,0,83,0,82
02:42,02:42:00,83,82,1,2,4,REGULAR,56,A. COWAN,0,3pt,632,,['fromturnover'],jumpshot,1,7,Anthony Dewayne,Cowan,Anthony Dewayne,Cowan,A,C,A,C,A. Cowan,MERSIN SPOR,MSK,A. Cowan,7,,,24.680000305176,85.419998168945,0.0,P3,missed,MERSIN SPOR A. COWAN 3Pt missed,,,,,,,,,0,204,2.0,def_reb,0,83,0,82
02:40,02:40:00,83,82,1,1,4,REGULAR,98,P. SCRUBB,1,rebound,633,632,[],defensive,0,23,Philip Alexander,Scrubb,Philip Alexander,Scrubb,P,S,P,S,P. Scrubb,ALIAGA PETKIM SPOR,PTK,P. Scrubb,23,,,,,,REB,,ALIAGA PETKIM SPOR rebound defensive,,,,,,,,,0,205,1.0,def_reb,0,83,0,82
02:29,02:29:00,85,82,3,1,4,REGULAR,64,M. SAJUS,1,2pt,635,,['pointsinthepaint'],jumpshot,1,19,Martynas,Sajus,Martynas,Sajus,M,S,M,S,M. Sajus,ALIAGA PETKIM SPOR,PTK,M. Sajus,19,,,90.199996948242,50.110000610352,1.0,P2,made,ALIAGA PETKIM SPOR M. SAJUS 2Pt made,67.0,1.0,D. EFIANAYI JR,,,,,,2,206,2.0,score,2,85,0,82
02:29,02:29:00,85,82,3,1,4,REGULAR,67,D. EFIANAYI JR,1,assist,636,635,[],,0,4,David Tinsley Eghosa,Efianayi Jr,David Tinsley Eghosa,Efianayi Jr,D,E,D,E,D. Efianayi Jr,ALIAGA PETKIM SPOR,PTK,D. Efianayi Jr,4,,,,,,ASS,,ALIAGA PETKIM SPOR D. EFIANAYI JR assist,,,,,,,,,0,207,1.0,,0,85,0,82
02:29,02:29:00,85,82,3,2,4,REGULAR,9,J. WHITE,1,foul,637,,"['shooting', '1freethrow']",personal,0,14,Jackson Thomas,White,Jackson Thomas,White,J,W,J,W,J. White,MERSIN SPOR,MSK,J. White,14,,,,,,FOUL,,MERSIN SPOR J. WHITE foul personal,,,,,,,,,0,207,1.0,,0,85,0,82
02:29,02:29:00,85,82,3,1,4,REGULAR,64,M. SAJUS,1,foulon,638,637,[],,0,19,Martynas,Sajus,Martynas,Sajus,M,S,M,S,M. Sajus,ALIAGA PETKIM SPOR,PTK,M. Sajus,19,,,,,,OTHER,,ALIAGA PETKIM SPOR foulon,,,,,,,,,0,207,1.0,,0,85,0,82
02:29,02:29:00,85,82,3,1,4,REGULAR,64,M. SAJUS,0,freethrow,639,,[],1of1,1,19,Martynas,Sajus,Martynas,Sajus,M,S,M,S,M. Sajus,ALIAGA PETKIM SPOR,PTK,M. Sajus,19,,,,,,FT,missed,ALIAGA PETKIM SPOR M. SAJUS FT 1of1 missed,,,,,,,,,0,207,1.0,def_reb,0,85,0,82
02:29,02:29:00,85,82,3,2,4,REGULAR,9,J. WHITE,1,rebound,641,639,[],defensive,0,14,Jackson Thomas,White,Jackson Thomas,White,J,W,J,W,J. White,MERSIN SPOR,MSK,J. White,14,,,,,,REB,,MERSIN SPOR rebound defensive,,,,,,,,,0,208,2.0,def_reb,0,85,0,82
02:11,02:11:00,85,82,3,1,4,REGULAR,64,M. SAJUS,1,foul,643,,"['shooting', '2freethrow']",personal,0,19,Martynas,Sajus,Martynas,Sajus,M,S,M,S,M. Sajus,ALIAGA PETKIM SPOR,PTK,M. Sajus,19,,,,,,FOUL,,ALIAGA PETKIM SPOR M. SAJUS foul personal,,,,,,,,,0,209,1.0,,0,85,0,82
02:11,02:11:00,85,82,3,2,4,REGULAR,5,J. COBBS,1,foulon,644,643,[],,0,1,Justin,Cobbs,Justin,Cobbs,J,C,J,C,J. Cobbs,MERSIN SPOR,MSK,J. Cobbs,1,,,,,,OTHER,,MERSIN SPOR foulon,,,,,,,,,0,209,1.0,,0,85,0,82
02:11,02:11:00,85,82,3,1,4,REGULAR,64,M. SAJUS,1,substitution,645,,[],out,0,19,Martynas,Sajus,Martynas,Sajus,M,S,M,S,M. Sajus,ALIAGA PETKIM SPOR,PTK,M. Sajus,19,,,,,,SUB,out,ALIAGA PETKIM SPOR substitution out,,,,,,,,,0,209,1.0,,0,85,0,82
02:11,02:11:00,85,82,3,1,4,REGULAR,66,J. FLOYD,1,substitution,646,,[],in,0,20,Jehyve Jamal,Floyd,Jehyve Jamal,Floyd,J,F,J,F,J. Floyd,ALIAGA PETKIM SPOR,PTK,J. Floyd,20,,,,,,SUB,in,ALIAGA PETKIM SPOR substitution in,,,,,,,,,0,209,1.0,,0,85,0,82
02:11,02:11:00,85,83,2,2,4,REGULAR,5,J. COBBS,1,freethrow,647,,[],1of2,1,1,Justin,Cobbs,Justin,Cobbs,J,C,J,C,J. Cobbs,MERSIN SPOR,MSK,J. Cobbs,1,,,,,,FT,made,MERSIN SPOR J. COBBS FT 1of2 made,,,,,,,,,1,209,1.0,made_ft,0,85,1,83
02:11,02:11:00,85,84,1,2,4,REGULAR,5,J. COBBS,1,freethrow,648,,[],2of2,1,1,Justin,Cobbs,Justin,Cobbs,J,C,J,C,J. Cobbs,MERSIN SPOR,MSK,J. Cobbs,1,,,,,,FT,made,MERSIN SPOR J. COBBS FT 2of2 made,,,,,,,,,1,210,2.0,made_ft_last,0,85,1,84
01:57,01:57:00,87,84,3,1,4,REGULAR,66,J. FLOYD,1,2pt,650,,['pointsinthepaint'],dunk,1,20,Jehyve Jamal,Floyd,Jehyve Jamal,Floyd,J,F,J,F,J. Floyd,ALIAGA PETKIM SPOR,PTK,J. Floyd,20,,,93.319999694824,50.959999084473,1.0,P2,made,ALIAGA PETKIM SPOR J. FLOYD 2Pt made,98.0,1.0,P. SCRUBB,,,,,,2,211,1.0,score,2,87,0,84
01:57,01:57:00,87,84,3,1,4,REGULAR,98,P. SCRUBB,1,assist,651,650,[],,0,23,Philip Alexander,Scrubb,Philip Alexander,Scrubb,P,S,P,S,P. Scrubb,ALIAGA PETKIM SPOR,PTK,P. Scrubb,23,,,,,,ASS,,ALIAGA PETKIM SPOR P. SCRUBB assist,,,,,,,,,0,212,2.0,,0,87,0,84
01:43,01:43:00,87,84,3,2,4,REGULAR,4,E. TIRPANCI,1,turnover,653,,[],ballhandling,0,10,Efe Ergi,Tirpanci,Efe Ergi,Tirpanci,E,T,E,T,E. Tirpanci,MERSIN SPOR,MSK,E. Tirpanci,10,,,,,,TO,,MERSIN SPOR E. TIRPANCI turnover ballhandling,,,,,,,,,0,212,2.0,turnover,0,87,0,84
01:17,01:17:00,87,84,3,1,4,REGULAR,98,P. SCRUBB,1,turnover,655,,[],badpass,0,23,Philip Alexander,Scrubb,Philip Alexander,Scrubb,P,S,P,S,P. Scrubb,ALIAGA PETKIM SPOR,PTK,P. Scrubb,23,,,,,,TO,,ALIAGA PETKIM SPOR P. SCRUBB turnover badpass,,,,,,,,,0,213,1.0,turnover,0,87,0,84
01:17,01:17:00,87,84,3,2,4,REGULAR,7,B. BENTIL,1,steal,656,655,[],,0,50,Benjamin,Bentil,Benjamin,Bentil,B,B,B,B,B. Bentil,MERSIN SPOR,MSK,B. Bentil,50,,,,,,ST,,MERSIN SPOR B. BENTIL steal,,,,,,,,,0,214,2.0,,0,87,0,84
01:11,01:11:00,87,84,3,2,4,REGULAR,7,B. BENTIL,0,2pt,657,,"['fromturnover', 'pointsinthepaint']",jumpshot,1,50,Benjamin,Bentil,Benjamin,Bentil,B,B,B,B,B. Bentil,MERSIN SPOR,MSK,B. Bentil,50,,,9.6999998092651,43.900001525879,0.0,P2,missed,MERSIN SPOR B. BENTIL 2Pt missed,,,,,,,,,0,214,2.0,def_reb,0,87,0,84
01:08,01:08:00,87,84,3,1,4,REGULAR,44,T. SAV,1,rebound,658,657,[],defensive,0,15,Troy Selim,Sav,Troy Selim,Sav,T,S,T,S,T. Sav,ALIAGA PETKIM SPOR,PTK,T. Sav,15,,,,,,REB,,ALIAGA PETKIM SPOR rebound defensive,,,,,,,,,0,215,1.0,def_reb,0,87,0,84
00:47,00:47:20,89,84,5,1,4,REGULAR,44,T. SAV,1,2pt,660,,['pointsinthepaint'],dunk,1,15,Troy Selim,Sav,Troy Selim,Sav,T,S,T,S,T. Sav,ALIAGA PETKIM SPOR,PTK,T. Sav,15,,,94.26000213623,54.349998474121,1.0,P2,made,ALIAGA PETKIM SPOR T. SAV 2Pt made,66.0,1.0,J. FLOYD,,,,,,2,216,2.0,score,2,89,0,84
00:47,00:47:20,89,84,5,1,4,REGULAR,66,J. FLOYD,1,assist,661,660,[],,0,20,Jehyve Jamal,Floyd,Jehyve Jamal,Floyd,J,F,J,F,J. Floyd,ALIAGA PETKIM SPOR,PTK,J. Floyd,20,,,,,,ASS,,ALIAGA PETKIM SPOR J. FLOYD assist,,,,,,,,,0,217,1.0,,0,89,0,84
00:47,00:47:20,89,84,5,2,4,REGULAR,0,,1,timeout,662,,[],full,0,,,,,,,,,,,MERSIN SPOR,MSK,,,,,,,,TIMEOUT,,MERSIN SPOR timeout,,,,,,,,,0,217,1.0,,0,89,0,84
00:47,00:47:20,89,84,5,2,4,REGULAR,7,B. BENTIL,1,substitution,663,,[],out,0,50,Benjamin,Bentil,Benjamin,Bentil,B,B,B,B,B. Bentil,MERSIN SPOR,MSK,B. Bentil,50,,,,,,SUB,out,MERSIN SPOR substitution out,,,,,,,,,0,217,1.0,,0,89,0,84
00:47,00:47:20,89,84,5,2,4,REGULAR,6,F. CRUZ SALDIVAR,1,substitution,664,,[],in,0,9,Francisco Javier,Cruz Saldivar,Francisco Javier,Cruz Saldivar,F,C,F,C,F. Cruz Saldivar,MERSIN SPOR,MSK,F. Cruz Saldivar,9,,,,,,SUB,in,MERSIN SPOR substitution in,,,,,,,,,0,217,1.0,,0,89,0,84
00:44,00:44:50,89,84,5,2,4,REGULAR,6,F. CRUZ SALDIVAR,1,turnover,666,,[],ballhandling,0,9,Francisco Javier,Cruz Saldivar,Francisco Javier,Cruz Saldivar,F,C,F,C,F. Cruz Saldivar,MERSIN SPOR,MSK,F. Cruz Saldivar,9,,,,,,TO,,MERSIN SPOR F. CRUZ SALDIVAR turnover ballhandling,,,,,,,,,0,217,1.0,turnover,0,89,0,84
00:44,00:44:50,89,84,5,1,4,REGULAR,66,J. FLOYD,1,steal,667,666,[],,0,20,Jehyve Jamal,Floyd,Jehyve Jamal,Floyd,J,F,J,F,J. Floyd,ALIAGA PETKIM SPOR,PTK,J. Floyd,20,,,,,,ST,,ALIAGA PETKIM SPOR J. FLOYD steal,,,,,,,,,0,218,2.0,,0,89,0,84
00:20,00:20:50,89,84,5,1,4,REGULAR,0,,1,turnover,669,,['team'],24sec,0,,,,,,,,,,,ALIAGA PETKIM SPOR,PTK,,,,,,,,TO,,ALIAGA PETKIM SPOR  turnover 24sec,,,,,,,,,0,218,2.0,turnover,0,89,0,84
00:20,00:20:50,89,84,5,2,4,REGULAR,0,,1,timeout,670,,[],full,0,,,,,,,,,,,MERSIN SPOR,MSK,,,,,,,,TIMEOUT,,MERSIN SPOR timeout,,,,,,,,,0,219,1.0,,0,89,0,84
00:14,00:14:10,89,86,3,2,4,REGULAR,4,E. TIRPANCI,1,2pt,673,,"['fromturnover', 'pointsinthepaint']",jumpshot,1,10,Efe Ergi,Tirpanci,Efe Ergi,Tirpanci,E,T,E,T,E. Tirpanci,MERSIN SPOR,MSK,E. Tirpanci,10,,,7.0500001907349,47.849998474121,1.0,P2,made,MERSIN SPOR E. TIRPANCI 2Pt made,5.0,2.0,J. COBBS,,,,,,2,219,1.0,score,0,89,2,86
00:14,00:14:10,89,86,3,2,4,REGULAR,5,J. COBBS,1,assist,674,673,[],,0,1,Justin,Cobbs,Justin,Cobbs,J,C,J,C,J. Cobbs,MERSIN SPOR,MSK,J. Cobbs,1,,,,,,ASS,,MERSIN SPOR J. COBBS assist,,,,,,,,,0,220,2.0,,0,89,0,86
00:14,00:14:10,89,86,3,1,4,REGULAR,0,,1,timeout,675,,[],full,0,,,,,,,,,,,ALIAGA PETKIM SPOR,PTK,,,,,,,,TIMEOUT,,ALIAGA PETKIM SPOR timeout,,,,,,,,,0,220,2.0,,0,89,0,86
00:14,00:14:10,89,86,3,2,4,REGULAR,6,F. CRUZ SALDIVAR,1,substitution,676,,[],out,0,9,Francisco Javier,Cruz Saldivar,Francisco Javier,Cruz Saldivar,F,C,F,C,F. Cruz Saldivar,MERSIN SPOR,MSK,F. Cruz Saldivar,9,,,,,,SUB,out,MERSIN SPOR substitution out,,,,,,,,,0,220,2.0,,0,89,0,86
00:14,00:14:10,89,86,3,2,4,REGULAR,10,R. MARCH JR,1,substitution,677,,[],in,0,4,Ronald Eugene,March Jr,Ronald Eugene,March Jr,R,M,R,M,R. March Jr,MERSIN SPOR,MSK,R. March Jr,4,,,,,,SUB,in,MERSIN SPOR substitution in,,,,,,,,,0,220,2.0,,0,89,0,86
00:12,00:12:80,89,86,3,1,4,REGULAR,66,J. FLOYD,1,substitution,680,,[],out,0,20,Jehyve Jamal,Floyd,Jehyve Jamal,Floyd,J,F,J,F,J. Floyd,ALIAGA PETKIM SPOR,PTK,J. Floyd,20,,,,,,SUB,out,ALIAGA PETKIM SPOR substitution out,,,,,,,,,0,220,2.0,,0,89,0,86
00:12,00:12:80,89,86,3,1,4,REGULAR,65,R. BLUMBERGS,1,substitution,681,,[],in,0,6,Roberts,Blumbergs,Roberts,Blumbergs,R,B,R,B,R. Blumbergs,ALIAGA PETKIM SPOR,PTK,R. Blumbergs,6,,,,,,SUB,in,ALIAGA PETKIM SPOR substitution in,,,,,,,,,0,220,2.0,,0,89,0,86
00:11,00:11:40,89,86,3,1,4,REGULAR,65,R. BLUMBERGS,1,turnover,684,,[],badpass,0,6,Roberts,Blumbergs,Roberts,Blumbergs,R,B,R,B,R. Blumbergs,ALIAGA PETKIM SPOR,PTK,R. Blumbergs,6,,,,,,TO,,ALIAGA PETKIM SPOR R. BLUMBERGS turnover badpass,,,,,,,,,0,220,2.0,turnover,0,89,0,86
00:11,00:11:40,89,86,3,2,4,REGULAR,10,R. MARCH JR,1,steal,685,684,[],,0,4,Ronald Eugene,March Jr,Ronald Eugene,March Jr,R,M,R,M,R. March Jr,MERSIN SPOR,MSK,R. March Jr,4,,,,,,ST,,MERSIN SPOR R. MARCH JR steal,,,,,,,,,0,221,1.0,,0,89,0,86
00:08,00:08:10,89,86,3,2,4,REGULAR,10,R. MARCH JR,1,turnover,688,,[],badpass,0,4,Ronald Eugene,March Jr,Ronald Eugene,March Jr,R,M,R,M,R. March Jr,MERSIN SPOR,MSK,R. March Jr,4,,,,,,TO,,MERSIN SPOR R. MARCH JR turnover badpass,,,,,,,,,0,221,1.0,turnover,0,89,0,86
00:08,00:08:10,89,86,3,1,4,REGULAR,67,D. EFIANAYI JR,1,steal,689,688,[],,0,4,David Tinsley Eghosa,Efianayi Jr,David Tinsley Eghosa,Efianayi Jr,D,E,D,E,D. Efianayi Jr,ALIAGA PETKIM SPOR,PTK,D. Efianayi Jr,4,,,,,,ST,,ALIAGA PETKIM SPOR D. EFIANAYI JR steal,,,,,,,,,0,222,2.0,,0,89,0,86
00:08,00:08:10,89,86,3,2,4,REGULAR,9,J. WHITE,1,foul,690,,['2freethrow'],personal,0,14,Jackson Thomas,White,Jackson Thomas,White,J,W,J,W,J. White,MERSIN SPOR,MSK,J. White,14,,,,,,FOUL,,MERSIN SPOR J. WHITE foul personal,,,,,,,,,0,222,2.0,,0,89,0,86
00:08,00:08:10,89,86,3,1,4,REGULAR,67,D. EFIANAYI JR,1,foulon,691,690,[],,0,4,David Tinsley Eghosa,Efianayi Jr,David Tinsley Eghosa,Efianayi Jr,D,E,D,E,D. Efianayi Jr,ALIAGA PETKIM SPOR,PTK,D. Efianayi Jr,4,,,,,,OTHER,,ALIAGA PETKIM SPOR foulon,,,,,,,,,0,222,2.0,,0,89,0,86
00:08,00:08:10,89,86,3,2,4,REGULAR,9,J. WHITE,1,substitution,692,,[],out,0,14,Jackson Thomas,White,Jackson Thomas,White,J,W,J,W,J. White,MERSIN SPOR,MSK,J. White,14,,,,,,SUB,out,MERSIN SPOR substitution out,,,,,,,,,0,222,2.0,,0,89,0,86
00:08,00:08:10,89,86,3,2,4,REGULAR,6,F. CRUZ SALDIVAR,1,substitution,693,,[],in,0,9,Francisco Javier,Cruz Saldivar,Francisco Javier,Cruz Saldivar,F,C,F,C,F. Cruz Saldivar,MERSIN SPOR,MSK,F. Cruz Saldivar,9,,,,,,SUB,in,MERSIN SPOR substitution in,,,,,,,,,0,222,2.0,,0,89,0,86
00:08,00:08:10,90,86,4,1,4,REGULAR,67,D. EFIANAYI JR,1,freethrow,694,,"['fastbreak', 'fromturnover']",1of2,1,4,David Tinsley Eghosa,Efianayi Jr,David Tinsley Eghosa,Efianayi Jr,D,E,D,E,D. Efianayi Jr,ALIAGA PETKIM SPOR,PTK,D. Efianayi Jr,4,,,,,,FT,made,ALIAGA PETKIM SPOR D. EFIANAYI JR FT 1of2 made,,,,,,,,,1,222,2.0,made_ft,1,90,0,86
00:08,00:08:10,90,86,4,1,4,REGULAR,67,D. EFIANAYI JR,0,freethrow,695,,"['fastbreak', 'fromturnover']",2of2,1,4,David Tinsley Eghosa,Efianayi Jr,David Tinsley Eghosa,Efianayi Jr,D,E,D,E,D. Efianayi Jr,ALIAGA PETKIM SPOR,PTK,D. Efianayi Jr,4,,,,,,FT,missed,ALIAGA PETKIM SPOR D. EFIANAYI JR FT 2of2 missed,,,,,,,,,0,223,1.0,def_reb,0,90,0,86
00:08,00:08:10,90,86,4,2,4,REGULAR,6,F. CRUZ SALDIVAR,1,rebound,697,695,[],defensive,0,9,Francisco Javier,Cruz Saldivar,Francisco Javier,Cruz Saldivar,F,C,F,C,F. Cruz Saldivar,MERSIN SPOR,MSK,F. Cruz Saldivar,9,,,,,,REB,,MERSIN SPOR rebound defensive,,,,,,,,,0,224,2.0,def_reb,0,90,0,86
00:00,00:00:00,90,86,4,0,4,REGULAR,0,,1,period,701,,['confirmed'],end,0,,,,,,,,,,,,,,,,,,,,OTHER,,period end,,,,,,,,,0,225,1.0,,0,90,0,86
00:00,00:00:00,90,86,4,0,4,REGULAR,0,,1,game,702,,['confirmed'],end,0,,,,,,,,,,,,,,,,,,,,OTHER,,game end,,,,,,,,,0,225,1.0,,0,90,0,86
