gt,clock,s1,s2,lead,tno,period,periodType,pno,player,success,actionType,actionNumber,previousAction,qualifier,subType,scoring,shirtNumber,firstName,familyName,internationalFirstName,internationalFamilyName,firstNameInitial,familyNameInitial,internationalFirstNameInitial,internationalFamilyNameInitial,scoreboardName,team_name,team_code,player_name_from_roster,player_shirt,player_pos_raw,player_pos_group,x,y,r,ev_code,ev_result,ev_text,assist_pno,assist_tno,assist_player,block_pno,block_tno,block_player,assist_pos_group,block_pos_group,points,possession_id,possession_owner_tno,possession_end_reason,pts_1,cum_1,pts_2,cum_2
10:00,10:00:00,0,0,0,0,1,REGULAR,0,,1,game,1,,[],start,0,,,,,,,,,,,,,,,,,,,,OTHER,,game start,,,,,,,,,0,0,,,0,0,0,0
10:00,10:00:00,0,0,0,0,1,REGULAR,0,,1,period,2,,[],start,0,,,,,,,,,,,,,,,,,,,,OTHER,,period start,,,,,,,,,0,0,,,0,0,0,0
10:00,10:00:00,0,0,0,0,1,REGULAR,0,,1,jumpball,4,,[],startperiod,0,,,,,,,,,,,,,,,,,,,,JUMP,,jump ball,,,,,,,,,0,0,,,0,0,0,0
09:59,09:59:00,0,0,0,1,1,REGULAR,88,M. BLAZEVIC,1,jumpball,5,4,[],won,0,22,Marek,Blazevic,Marek,Blazevic,M,B,M,B,M. Blazevic,TOFAS,TOF,M. Blazevic,22,,,,,,JUMP,,jump ball,,,,,,,,,0,0,,,0,0,0,0
09:59,09:59:00,0,0,0,2,1,REGULAR,6,E. KOSUT,1,jumpball,6,4,[],lost,0,5,Emircan,Kosut,Emircan,Kosut,E,K,E,K,E. Kosut,TÜRK TELEKOM ,TTK,E. Kosut,5,,,,,,JUMP,,jump ball,,,,,,,,,0,0,,,0,0,0,0
09:46,09:46:00,0,0,0,1,1,REGULAR,93,J. THOMASSON JR,0,3pt,7,,[],jumpshot,1,32,Joseph Elliotte,Thomasson Jr,Joseph Elliotte,Thomasson Jr,J,T,J,T,J. Thomasson Jr,TOFAS,TOF,J. Thomasson Jr,32,,,19.690000534058,8.0200004577637,0.0,P3,missed,TOFAS J. THOMASSON JR 3Pt missed,,,,,,,,,0,1,1.0,def_reb,0,0,0,0
09:43,09:43:00,0,0,0,2,1,REGULAR,74,J. USHER,1,rebound,8,7,[],defensive,0,8,Jordan Emanuel ,Usher,Jordan Emanuel ,Usher,J,U,J,U,J. Usher,TÜRK TELEKOM ,TTK,J. Usher,8,,,,,,REB,,TÜRK TELEKOM  rebound defensive,,,,,,,,,0,2,2.0,def_reb,0,0,0,0
09:32,09:32:00,0,0,0,2,1,REGULAR,74,J. USHER,0,2pt,9,,['pointsinthepaint'],turnaroundjumpshot,1,8,Jordan Emanuel ,Usher,Jordan Emanuel ,Usher,J,U,J,U,J. Usher,TÜRK TELEKOM ,TTK,J. Usher,8,,,89.110000610352,52.939998626709,0.0,P2,missed,TÜRK TELEKOM  J. USHER 2Pt missed,,,,,,,,,0,3,1.0,def_reb,0,0,0,0
09:29,09:29:00,0,0,0,1,1,REGULAR,91,M. LEWIS III,1,rebound,10,9,[],defensive,0,21,Maxwell Robert ,Lewis Iii,Maxwell Robert ,Lewis Iii,M,L,M,L,M. Lewis Iii,TOFAS,TOF,M. Lewis Iii,21,,,,,,REB,,TOFAS rebound defensive,,,,,,,,,0,4,2.0,def_reb,0,0,0,0
09:17,09:17:00,0,0,0,1,1,REGULAR,88,M. BLAZEVIC,0,2pt,11,,['pointsinthepaint'],turnaroundjumpshot,1,22,Marek,Blazevic,Marek,Blazevic,M,B,M,B,M. Blazevic,TOFAS,TOF,M. Blazevic,22,,,8.1400003433228,42.200000762939,0.0,P2,missed,TOFAS M. BLAZEVIC 2Pt missed,,,,,,,,,0,5,1.0,def_reb,0,0,0,0
09:13,09:13:00,0,0,0,2,1,REGULAR,5,D. ÖZDEMIROGLU,1,rebound,12,11,[],defensive,0,18,Dogus,Özdemiroglu,Dogus,Özdemiroglu,D,Ö,D,Ö,D. Özdemiroglu,TÜRK TELEKOM ,TTK,D. Özdemiroglu,18,,,,,,REB,,TÜRK TELEKOM  rebound defensive,,,,,,,,,0,6,2.0,def_reb,0,0,0,0
09:10,09:10:00,0,2,-2,2,1,REGULAR,76,M. SIMONOVIC,1,2pt,13,,"['pointsinthepaint', 'fastbreak']",layup,1,11,Marko,Simonovic,Marko,Simonovic,M,S,M,S,M. Simonovic,TÜRK TELEKOM ,TTK,M. Simonovic,11,,,90.669998168945,55.200000762939,1.0,P2,made,TÜRK TELEKOM  M. SIMONOVIC 2Pt made,5.0,2.0,D. ÖZDEMIROGLU,,,,,,2,7,1.0,score,0,0,2,2
09:10,09:10:00,0,2,-2,2,1,REGULAR,5,D. ÖZDEMIROGLU,1,assist,14,13,[],,0,18,Dogus,Özdemiroglu,Dogus,Özdemiroglu,D,Ö,D,Ö,D. Özdemiroglu,TÜRK TELEKOM ,TTK,D. Özdemiroglu,18,,,,,,ASS,,TÜRK TELEKOM  D. ÖZDEMIROGLU assist,,,,,,,,,0,8,2.0,,0,0,0,2
08:43,08:43:00,0,2,-2,1,1,REGULAR,89,A. PEREZ,0,2pt,15,,['pointsinthepaint'],drivinglayup,1,2,Alex Daniel,Perez,Alex Daniel,Perez,A,P,A,P,A. Perez,TOFAS,TOF,A. Perez,2,,,7.0500001907349,37.400001525879,0.0,P2,missed,TOFAS A. PEREZ 2Pt missed,,,,,,,,,0,8,2.0,,0,0,0,2
08:41,08:41:00,0,2,-2,1,1,REGULAR,88,M. BLAZEVIC,1,rebound,16,15,[],offensive,0,22,Marek,Blazevic,Marek,Blazevic,M,B,M,B,M. Blazevic,TOFAS,TOF,M. Blazevic,22,,,,,,REB,,TOFAS rebound offensive,,,,,,,,,0,8,2.0,,0,0,0,2
08:40,08:40:00,2,2,0,1,1,REGULAR,88,M. BLAZEVIC,1,2pt,17,,"['2ndchance', 'pointsinthepaint']",jumpshot,1,22,Marek,Blazevic,Marek,Blazevic,M,B,M,B,M. Blazevic,TOFAS,TOF,M. Blazevic,22,,,9.5500001907349,54.349998474121,1.0,P2,made,TOFAS M. BLAZEVIC 2Pt made,,,,,,,,,2,8,2.0,score,2,2,0,2
08:25,08:25:00,2,2,0,2,1,REGULAR,77,J. SMITH,0,3pt,18,,[],pullupjumpshot,1,9,Jaleen Devon,Smith,Jaleen Devon,Smith,J,S,J,S,J. Smith,TÜRK TELEKOM ,TTK,J. Smith,9,,,68.209999084473,66.779998779297,0.0,P3,missed,TÜRK TELEKOM  J. SMITH 3Pt missed,,,,,,,,,0,9,1.0,def_reb,0,2,0,2
08:21,08:21:00,2,2,0,1,1,REGULAR,91,M. LEWIS III,1,rebound,19,18,[],defensive,0,21,Maxwell Robert ,Lewis Iii,Maxwell Robert ,Lewis Iii,M,L,M,L,M. Lewis Iii,TOFAS,TOF,M. Lewis Iii,21,,,,,,REB,,TOFAS rebound defensive,,,,,,,,,0,10,2.0,def_reb,0,2,0,2
08:09,08:09:00,4,2,2,1,1,REGULAR,88,M. BLAZEVIC,1,2pt,20,,['pointsinthepaint'],reverselayup,1,22,Marek,Blazevic,Marek,Blazevic,M,B,M,B,M. Blazevic,TOFAS,TOF,M. Blazevic,22,,,8.3000001907349,58.590000152588,1.0,P2,made,TOFAS M. BLAZEVIC 2Pt made,93.0,1.0,J. THOMASSON JR,,,,,,2,11,1.0,score,2,4,0,2
08:09,08:09:00,4,2,2,1,1,REGULAR,93,J. THOMASSON JR,1,assist,21,20,[],,0,32,Joseph Elliotte,Thomasson Jr,Joseph Elliotte,Thomasson Jr,J,T,J,T,J. Thomasson Jr,TOFAS,TOF,J. Thomasson Jr,32,,,,,,ASS,,TOFAS J. THOMASSON JR assist,,,,,,,,,0,12,2.0,,0,4,0,2
07:52,07:52:00,4,2,2,2,1,REGULAR,5,D. ÖZDEMIROGLU,0,3pt,22,,[],jumpshot,1,18,Dogus,Özdemiroglu,Dogus,Özdemiroglu,D,Ö,D,Ö,D. Özdemiroglu,TÜRK TELEKOM ,TTK,D. Özdemiroglu,18,,,73.51000213623,14.800000190735,0.0,P3,missed,TÜRK TELEKOM  D. ÖZDEMIROGLU 3Pt missed,,,,,,,,,0,12,2.0,def_reb,0,4,0,2
07:51,07:51:00,4,2,2,1,1,REGULAR,0,,1,rebound,24,22,['team'],defensive,0,,,,,,,,,,,TOFAS,TOF,,,,,,,,TREB,,TOFAS team rebound defensive,,,,,,,,,0,13,1.0,def_reb,0,4,0,2
07:51,07:51:00,4,2,2,2,1,REGULAR,76,M. SIMONOVIC,1,foul,25,,[],personal,0,11,Marko,Simonovic,Marko,Simonovic,M,S,M,S,M. Simonovic,TÜRK TELEKOM ,TTK,M. Simonovic,11,,,,,,FOUL,,TÜRK TELEKOM  M. SIMONOVIC foul personal,,,,,,,,,0,14,2.0,,0,4,0,2
07:51,07:51:00,4,2,2,1,1,REGULAR,88,M. BLAZEVIC,1,foulon,26,25,[],,0,22,Marek,Blazevic,Marek,Blazevic,M,B,M,B,M. Blazevic,TOFAS,TOF,M. Blazevic,22,,,,,,OTHER,,TOFAS foulon,,,,,,,,,0,14,2.0,,0,4,0,2
07:32,07:32:00,4,2,2,1,1,REGULAR,91,M. LEWIS III,0,3pt,28,,[],jumpshot,1,21,Maxwell Robert ,Lewis Iii,Maxwell Robert ,Lewis Iii,M,L,M,L,M. Lewis Iii,TOFAS,TOF,M. Lewis Iii,21,,,21.39999961853,9.1499996185303,0.0,P3,missed,TOFAS M. LEWIS III 3Pt missed,,,,,,,,,0,14,2.0,def_reb,0,4,0,2
07:29,07:29:00,4,2,2,2,1,REGULAR,77,J. SMITH,1,rebound,29,28,[],defensive,0,9,Jaleen Devon,Smith,Jaleen Devon,Smith,J,S,J,S,J. Smith,TÜRK TELEKOM ,TTK,J. Smith,9,,,,,,REB,,TÜRK TELEKOM  rebound defensive,,,,,,,,,0,15,1.0,def_reb,0,4,0,2
07:15,07:15:00,4,2,2,1,1,REGULAR,88,M. BLAZEVIC,1,foul,37,,[],personal,0,22,Marek,Blazevic,Marek,Blazevic,M,B,M,B,M. Blazevic,TOFAS,TOF,M. Blazevic,22,,,,,,FOUL,,TOFAS M. BLAZEVIC foul personal,,,,,,,,,0,16,2.0,,0,4,0,2
07:15,07:15:00,4,2,2,2,1,REGULAR,74,J. USHER,1,foulon,38,37,[],,0,8,Jordan Emanuel ,Usher,Jordan Emanuel ,Usher,J,U,J,U,J. Usher,TÜRK TELEKOM ,TTK,J. Usher,8,,,,,,OTHER,,TÜRK TELEKOM  foulon,,,,,,,,,0,16,2.0,,0,4,0,2
07:08,07:08:00,4,2,2,2,1,REGULAR,77,J. SMITH,0,2pt,40,,[],pullupjumpshot,1,9,Jaleen Devon,Smith,Jaleen Devon,Smith,J,S,J,S,J. Smith,TÜRK TELEKOM ,TTK,J. Smith,9,,,78.349998474121,75.819999694824,0.0,P2,missed,TÜRK TELEKOM  J. SMITH 2Pt missed,,,,,,,,,0,16,2.0,def_reb,0,4,0,2
07:04,07:04:00,4,2,2,1,1,REGULAR,91,M. LEWIS III,1,rebound,41,40,[],defensive,0,21,Maxwell Robert ,Lewis Iii,Maxwell Robert ,Lewis Iii,M,L,M,L,M. Lewis Iii,TOFAS,TOF,M. Lewis Iii,21,,,,,,REB,,TOFAS rebound defensive,,,,,,,,,0,17,1.0,def_reb,0,4,0,2
07:01,07:01:00,7,2,5,1,1,REGULAR,66,Y. SAYBIR,1,3pt,42,,['fastbreak'],jumpshot,1,3,Yigitcan,Saybir,Yigitcan,Saybir,Y,S,Y,S,Y. Saybir,TOFAS,TOF,Y. Saybir,3,,,27.639999389648,87.680000305176,1.0,P3,made,TOFAS Y. SAYBIR 3Pt made,89.0,1.0,A. PEREZ,,,,,,3,18,2.0,score,3,7,0,2
07:01,07:01:00,7,2,5,1,1,REGULAR,89,A. PEREZ,1,assist,43,42,[],,0,2,Alex Daniel,Perez,Alex Daniel,Perez,A,P,A,P,A. Perez,TOFAS,TOF,A. Perez,2,,,,,,ASS,,TOFAS A. PEREZ assist,,,,,,,,,0,19,1.0,,0,7,0,2
06:46,06:46:00,7,4,3,2,1,REGULAR,6,E. KOSUT,1,2pt,44,,['pointsinthepaint'],jumpshot,1,5,Emircan,Kosut,Emircan,Kosut,E,K,E,K,E. Kosut,TÜRK TELEKOM ,TTK,E. Kosut,5,,,88.48999786377,47.569999694824,1.0,P2,made,TÜRK TELEKOM  E. KOSUT 2Pt made,5.0,2.0,D. ÖZDEMIROGLU,,,,,,2,19,1.0,score,0,7,2,4
06:46,06:46:00,7,4,3,2,1,REGULAR,5,D. ÖZDEMIROGLU,1,assist,45,44,[],,0,18,Dogus,Özdemiroglu,Dogus,Özdemiroglu,D,Ö,D,Ö,D. Özdemiroglu,TÜRK TELEKOM ,TTK,D. Özdemiroglu,18,,,,,,ASS,,TÜRK TELEKOM  D. ÖZDEMIROGLU assist,,,,,,,,,0,20,2.0,,0,7,0,4
06:38,06:38:00,9,4,5,1,1,REGULAR,88,M. BLAZEVIC,1,2pt,46,,"['pointsinthepaint', 'fastbreak']",layup,1,22,Marek,Blazevic,Marek,Blazevic,M,B,M,B,M. Blazevic,TOFAS,TOF,M. Blazevic,22,,,9.5500001907349,49.549999237061,1.0,P2,made,TOFAS M. BLAZEVIC 2Pt made,66.0,1.0,Y. SAYBIR,,,,,,2,20,2.0,score,2,9,0,4
06:38,06:38:00,9,4,5,1,1,REGULAR,66,Y. SAYBIR,1,assist,47,46,[],,0,3,Yigitcan,Saybir,Yigitcan,Saybir,Y,S,Y,S,Y. Saybir,TOFAS,TOF,Y. Saybir,3,,,,,,ASS,,TOFAS Y. SAYBIR assist,,,,,,,,,0,21,1.0,,0,9,0,4
06:18,06:18:00,9,4,5,2,1,REGULAR,74,J. USHER,0,3pt,48,,[],jumpshot,1,8,Jordan Emanuel ,Usher,Jordan Emanuel ,Usher,J,U,J,U,J. Usher,TÜRK TELEKOM ,TTK,J. Usher,8,,,81.779998779297,90.790000915527,0.0,P3,missed,TÜRK TELEKOM  J. USHER 3Pt missed,,,,,,,,,0,21,1.0,def_reb,0,9,0,4
06:15,06:15:00,9,4,5,1,1,REGULAR,66,Y. SAYBIR,1,rebound,49,48,[],defensive,0,3,Yigitcan,Saybir,Yigitcan,Saybir,Y,S,Y,S,Y. Saybir,TOFAS,TOF,Y. Saybir,3,,,,,,REB,,TOFAS rebound defensive,,,,,,,,,0,22,2.0,def_reb,0,9,0,4
05:57,05:57:00,11,4,7,1,1,REGULAR,88,M. BLAZEVIC,1,2pt,50,,['pointsinthepaint'],jumpshot,1,22,Marek,Blazevic,Marek,Blazevic,M,B,M,B,M. Blazevic,TOFAS,TOF,M. Blazevic,22,,,9.5500001907349,46.720001220703,1.0,P2,made,TOFAS M. BLAZEVIC 2Pt made,66.0,1.0,Y. SAYBIR,,,,,,2,23,1.0,score,2,11,0,4
05:57,05:57:00,11,4,7,1,1,REGULAR,66,Y. SAYBIR,1,assist,51,50,[],,0,3,Yigitcan,Saybir,Yigitcan,Saybir,Y,S,Y,S,Y. Saybir,TOFAS,TOF,Y. Saybir,3,,,,,,ASS,,TOFAS Y. SAYBIR assist,,,,,,,,,0,24,2.0,,0,11,0,4
05:35,05:35:00,11,4,7,2,1,REGULAR,5,D. ÖZDEMIROGLU,0,2pt,52,,[],floatingjumpshot,1,18,Dogus,Özdemiroglu,Dogus,Özdemiroglu,D,Ö,D,Ö,D. Özdemiroglu,TÜRK TELEKOM ,TTK,D. Özdemiroglu,18,,,80.690002441406,29.489999771118,0.0,P2,missed,TÜRK TELEKOM  D. ÖZDEMIROGLU 2Pt missed,,,,,,,,,0,24,2.0,def_reb,0,11,0,4
05:32,05:32:00,11,4,7,1,1,REGULAR,91,M. LEWIS III,1,rebound,53,52,[],defensive,0,21,Maxwell Robert ,Lewis Iii,Maxwell Robert ,Lewis Iii,M,L,M,L,M. Lewis Iii,TOFAS,TOF,M. Lewis Iii,21,,,,,,REB,,TOFAS rebound defensive,,,,,,,,,0,25,1.0,def_reb,0,11,0,4
05:21,05:21:00,13,4,9,1,1,REGULAR,93,J. THOMASSON JR,1,2pt,54,,['pointsinthepaint'],floatingjumpshot,1,32,Joseph Elliotte,Thomasson Jr,Joseph Elliotte,Thomasson Jr,J,T,J,T,J. Thomasson Jr,TOFAS,TOF,J. Thomasson Jr,32,,,16.719999313354,58.869998931885,1.0,P2,made,TOFAS J. THOMASSON JR 2Pt made,,,,,,,,,2,26,2.0,score,2,13,0,4
05:20,05:20:00,13,4,9,2,1,REGULAR,0,,1,timeout,57,,[],full,0,,,,,,,,,,,TÜRK TELEKOM ,TTK,,,,,,,,TIMEOUT,,TÜRK TELEKOM  timeout,,,,,,,,,0,27,1.0,,0,13,0,4
05:20,05:20:00,13,4,9,2,1,REGULAR,6,E. KOSUT,1,substitution,58,,[],out,0,5,Emircan,Kosut,Emircan,Kosut,E,K,E,K,E. Kosut,TÜRK TELEKOM ,TTK,E. Kosut,5,,,,,,SUB,out,TÜRK TELEKOM  substitution out,,,,,,,,,0,27,1.0,,0,13,0,4
05:20,05:20:00,13,4,9,2,1,REGULAR,76,M. SIMONOVIC,1,substitution,59,,[],out,0,11,Marko,Simonovic,Marko,Simonovic,M,S,M,S,M. Simonovic,TÜRK TELEKOM ,TTK,M. Simonovic,11,,,,,,SUB,out,TÜRK TELEKOM  substitution out,,,,,,,,,0,27,1.0,,0,13,0,4
05:20,05:20:00,13,4,9,2,1,REGULAR,7,B. DURMAZ,1,substitution,60,,[],in,0,3,Berkan,Durmaz,Berkan,Durmaz,B,D,B,D,B. Durmaz,TÜRK TELEKOM ,TTK,B. Durmaz,3,,,,,,SUB,in,TÜRK TELEKOM  substitution in,,,,,,,,,0,27,1.0,,0,13,0,4
05:20,05:20:00,13,4,9,2,1,REGULAR,78,K. BANKSTON,1,substitution,61,,[],in,0,30,Kristeon Lamar,Bankston,Kristeon Lamar,Bankston,K,B,K,B,K. Bankston,TÜRK TELEKOM ,TTK,K. Bankston,30,,,,,,SUB,in,TÜRK TELEKOM  substitution in,,,,,,,,,0,27,1.0,,0,13,0,4
05:07,05:07:00,13,4,9,2,1,REGULAR,5,D. ÖZDEMIROGLU,1,turnover,64,,[],travel,0,18,Dogus,Özdemiroglu,Dogus,Özdemiroglu,D,Ö,D,Ö,D. Özdemiroglu,TÜRK TELEKOM ,TTK,D. Özdemiroglu,18,,,,,,TO,,TÜRK TELEKOM  D. ÖZDEMIROGLU turnover travel,,,,,,,,,0,27,1.0,turnover,0,13,0,4
04:55,04:55:00,13,4,9,2,1,REGULAR,78,K. BANKSTON,1,foul,67,,"['shooting', '2freethrow']",personal,0,30,Kristeon Lamar,Bankston,Kristeon Lamar,Bankston,K,B,K,B,K. Bankston,TÜRK TELEKOM ,TTK,K. Bankston,30,,,,,,FOUL,,TÜRK TELEKOM  K. BANKSTON foul personal,,,,,,,,,0,28,2.0,,0,13,0,4
04:55,04:55:00,13,4,9,1,1,REGULAR,88,M. BLAZEVIC,1,foulon,68,67,[],,0,22,Marek,Blazevic,Marek,Blazevic,M,B,M,B,M. Blazevic,TOFAS,TOF,M. Blazevic,22,,,,,,OTHER,,TOFAS foulon,,,,,,,,,0,28,2.0,,0,13,0,4
04:55,04:55:00,13,4,9,2,1,REGULAR,5,D. ÖZDEMIROGLU,1,substitution,69,,[],out,0,18,Dogus,Özdemiroglu,Dogus,Özdemiroglu,D,Ö,D,Ö,D. Özdemiroglu,TÜRK TELEKOM ,TTK,D. Özdemiroglu,18,,,,,,SUB,out,TÜRK TELEKOM  substitution out,,,,,,,,,0,28,2.0,,0,13,0,4
04:55,04:55:00,13,4,9,2,1,REGULAR,75,K. ALLMAN,1,substitution,70,,[],in,0,1,Kyle Lindsay,Allman,Kyle Lindsay,Allman,K,A,K,A,K. Allman,TÜRK TELEKOM ,TTK,K. Allman,1,,,,,,SUB,in,TÜRK TELEKOM  substitution in,,,,,,,,,0,28,2.0,,0,13,0,4
04:55,04:55:00,13,4,9,1,1,REGULAR,88,M. BLAZEVIC,0,freethrow,71,,['fromturnover'],1of2,1,22,Marek,Blazevic,Marek,Blazevic,M,B,M,B,M. Blazevic,TOFAS,TOF,M. Blazevic,22,,,,,,FT,missed,TOFAS M. BLAZEVIC FT 1of2 missed,,,,,,,,,0,28,2.0,def_reb,0,13,0,4
04:55,04:55:00,13,4,9,1,1,REGULAR,0,,1,rebound,72,71,[],offensivedeadball,0,,,,,,,,,,,TOFAS,TOF,,,,,,,,TREB,,TOFAS team rebound offensivedeadball,,,,,,,,,0,29,1.0,def_reb,0,13,0,4
04:55,04:55:00,14,4,10,1,1,REGULAR,88,M. BLAZEVIC,1,freethrow,73,,['fromturnover'],2of2,1,22,Marek,Blazevic,Marek,Blazevic,M,B,M,B,M. Blazevic,TOFAS,TOF,M. Blazevic,22,,,,,,FT,made,TOFAS M. BLAZEVIC FT 2of2 made,,,,,,,,,1,30,2.0,made_ft_last,1,14,0,4
04:55,04:55:00,14,4,10,1,1,REGULAR,93,J. THOMASSON JR,1,assist,74,73,[],,0,32,Joseph Elliotte,Thomasson Jr,Joseph Elliotte,Thomasson Jr,J,T,J,T,J. Thomasson Jr,TOFAS,TOF,J. Thomasson Jr,32,,,,,,ASS,,TOFAS J. THOMASSON JR assist,,,,,,,,,0,31,1.0,,0,14,0,4
04:40,04:40:00,14,4,10,2,1,REGULAR,74,J. USHER,0,2pt,76,,['pointsinthepaint'],fadeaway,1,8,Jordan Emanuel ,Usher,Jordan Emanuel ,Usher,J,U,J,U,J. Usher,TÜRK TELEKOM ,TTK,J. Usher,8,,,86.930000305176,49.549999237061,0.0,P2,missed,TÜRK TELEKOM  J. USHER 2Pt missed,,,,,,,,,0,31,1.0,,0,14,0,4
04:37,04:37:00,14,4,10,2,1,REGULAR,74,J. USHER,1,rebound,77,76,[],offensive,0,8,Jordan Emanuel ,Usher,Jordan Emanuel ,Usher,J,U,J,U,J. Usher,TÜRK TELEKOM ,TTK,J. Usher,8,,,,,,REB,,TÜRK TELEKOM  rebound offensive,,,,,,,,,0,31,1.0,,0,14,0,4
04:35,04:35:00,14,4,10,2,1,REGULAR,75,K. ALLMAN,0,3pt,78,,['2ndchance'],jumpshot,1,1,Kyle Lindsay,Allman,Kyle Lindsay,Allman,K,A,K,A,K. Allman,TÜRK TELEKOM ,TTK,K. Allman,1,,,86.610000610352,4.9200000762939,0.0,P3,missed,TÜRK TELEKOM  K. ALLMAN 3Pt missed,,,,,,,,,0,31,1.0,def_reb,0,14,0,4
04:32,04:32:00,14,4,10,1,1,REGULAR,91,M. LEWIS III,1,rebound,79,78,[],defensive,0,21,Maxwell Robert ,Lewis Iii,Maxwell Robert ,Lewis Iii,M,L,M,L,M. Lewis Iii,TOFAS,TOF,M. Lewis Iii,21,,,,,,REB,,TOFAS rebound defensive,,,,,,,,,0,32,2.0,def_reb,0,14,0,4
04:31,04:31:00,14,4,10,1,1,REGULAR,66,Y. SAYBIR,1,turnover,80,,[],ballhandling,0,3,Yigitcan,Saybir,Yigitcan,Saybir,Y,S,Y,S,Y. Saybir,TOFAS,TOF,Y. Saybir,3,,,,,,TO,,TOFAS Y. SAYBIR turnover ballhandling,,,,,,,,,0,33,1.0,turnover,0,14,0,4
04:31,04:31:00,14,4,10,2,1,REGULAR,77,J. SMITH,1,steal,81,80,[],,0,9,Jaleen Devon,Smith,Jaleen Devon,Smith,J,S,J,S,J. Smith,TÜRK TELEKOM ,TTK,J. Smith,9,,,,,,ST,,TÜRK TELEKOM  J. SMITH steal,,,,,,,,,0,34,2.0,,0,14,0,4
04:23,04:23:00,14,4,10,2,1,REGULAR,77,J. SMITH,1,turnover,82,,[],ballhandling,0,9,Jaleen Devon,Smith,Jaleen Devon,Smith,J,S,J,S,J. Smith,TÜRK TELEKOM ,TTK,J. Smith,9,,,,,,TO,,TÜRK TELEKOM  J. SMITH turnover ballhandling,,,,,,,,,0,34,2.0,turnover,0,14,0,4
04:23,04:23:00,14,4,10,1,1,REGULAR,91,M. LEWIS III,1,steal,83,82,[],,0,21,Maxwell Robert ,Lewis Iii,Maxwell Robert ,Lewis Iii,M,L,M,L,M. Lewis Iii,TOFAS,TOF,M. Lewis Iii,21,,,,,,ST,,TOFAS M. LEWIS III steal,,,,,,,,,0,35,1.0,,0,14,0,4
04:06,04:06:00,16,4,12,1,1,REGULAR,88,M. BLAZEVIC,1,2pt,84,,"['fromturnover', 'pointsinthepaint']",floatingjumpshot,1,22,Marek,Blazevic,Marek,Blazevic,M,B,M,B,M. Blazevic,TOFAS,TOF,M. Blazevic,22,,,13.140000343323,49.549999237061,1.0,P2,made,TOFAS M. BLAZEVIC 2Pt made,91.0,1.0,M. LEWIS III,,,,,,2,35,1.0,score,2,16,0,4
04:06,04:06:00,16,4,12,1,1,REGULAR,91,M. LEWIS III,1,assist,85,84,[],,0,21,Maxwell Robert ,Lewis Iii,Maxwell Robert ,Lewis Iii,M,L,M,L,M. Lewis Iii,TOFAS,TOF,M. Lewis Iii,21,,,,,,ASS,,TOFAS M. LEWIS III assist,,,,,,,,,0,36,2.0,,0,16,0,4
03:51,03:51:00,16,4,12,2,1,REGULAR,75,K. ALLMAN,1,turnover,86,,[],badpass,0,1,Kyle Lindsay,Allman,Kyle Lindsay,Allman,K,A,K,A,K. Allman,TÜRK TELEKOM ,TTK,K. Allman,1,,,,,,TO,,TÜRK TELEKOM  K. ALLMAN turnover badpass,,,,,,,,,0,36,2.0,turnover,0,16,0,4
03:51,03:51:00,16,4,12,1,1,REGULAR,66,Y. SAYBIR,1,steal,87,86,[],,0,3,Yigitcan,Saybir,Yigitcan,Saybir,Y,S,Y,S,Y. Saybir,TOFAS,TOF,Y. Saybir,3,,,,,,ST,,TOFAS Y. SAYBIR steal,,,,,,,,,0,37,1.0,,0,16,0,4
03:45,03:45:00,18,4,14,1,1,REGULAR,91,M. LEWIS III,1,2pt,88,,"['fromturnover', 'pointsinthepaint', 'fastbreak']",layup,1,21,Maxwell Robert ,Lewis Iii,Maxwell Robert ,Lewis Iii,M,L,M,L,M. Lewis Iii,TOFAS,TOF,M. Lewis Iii,21,,,12.510000228882,41.360000610352,1.0,P2,made,TOFAS M. LEWIS III 2Pt made,66.0,1.0,Y. SAYBIR,,,,,,2,37,1.0,score,2,18,0,4
03:45,03:45:00,18,4,14,1,1,REGULAR,66,Y. SAYBIR,1,assist,89,88,[],,0,3,Yigitcan,Saybir,Yigitcan,Saybir,Y,S,Y,S,Y. Saybir,TOFAS,TOF,Y. Saybir,3,,,,,,ASS,,TOFAS Y. SAYBIR assist,,,,,,,,,0,38,2.0,,0,18,0,4
03:22,03:22:00,18,4,14,1,1,REGULAR,89,A. PEREZ,1,foul,92,,"['shooting', '2freethrow']",personal,0,2,Alex Daniel,Perez,Alex Daniel,Perez,A,P,A,P,A. Perez,TOFAS,TOF,A. Perez,2,,,,,,FOUL,,TOFAS A. PEREZ foul personal,,,,,,,,,0,38,2.0,,0,18,0,4
03:22,03:22:00,18,4,14,2,1,REGULAR,74,J. USHER,1,foulon,93,92,[],,0,8,Jordan Emanuel ,Usher,Jordan Emanuel ,Usher,J,U,J,U,J. Usher,TÜRK TELEKOM ,TTK,J. Usher,8,,,,,,OTHER,,TÜRK TELEKOM  foulon,,,,,,,,,0,38,2.0,,0,18,0,4
03:22,03:22:00,18,4,14,1,1,REGULAR,91,M. LEWIS III,1,substitution,94,,[],out,0,21,Maxwell Robert ,Lewis Iii,Maxwell Robert ,Lewis Iii,M,L,M,L,M. Lewis Iii,TOFAS,TOF,M. Lewis Iii,21,,,,,,SUB,out,TOFAS substitution out,,,,,,,,,0,38,2.0,,0,18,0,4
03:22,03:22:00,18,4,14,1,1,REGULAR,67,Ö. CENGIZ,1,substitution,95,,[],in,0,1,Özgür,Cengiz,Özgür,Cengiz,Ö,C,Ö,C,Ö. Cengiz,TOFAS,TOF,Ö. Cengiz,1,,,,,,SUB,in,TOFAS substitution in,,,,,,,,,0,38,2.0,,0,18,0,4
03:22,03:22:00,18,4,14,1,1,REGULAR,89,A. PEREZ,1,substitution,96,,[],out,0,2,Alex Daniel,Perez,Alex Daniel,Perez,A,P,A,P,A. Perez,TOFAS,TOF,A. Perez,2,,,,,,SUB,out,TOFAS substitution out,,,,,,,,,0,38,2.0,,0,18,0,4
03:22,03:22:00,18,4,14,1,1,REGULAR,90,H. BESSON,1,substitution,97,,[],in,0,25,Hugo Eric,Besson,Hugo Eric,Besson,H,B,H,B,H. Besson,TOFAS,TOF,H. Besson,25,,,,,,SUB,in,TOFAS substitution in,,,,,,,,,0,38,2.0,,0,18,0,4
03:22,03:22:00,18,5,13,2,1,REGULAR,74,J. USHER,1,freethrow,98,,[],1of2,1,8,Jordan Emanuel ,Usher,Jordan Emanuel ,Usher,J,U,J,U,J. Usher,TÜRK TELEKOM ,TTK,J. Usher,8,,,,,,FT,made,TÜRK TELEKOM  J. USHER FT 1of2 made,,,,,,,,,1,38,2.0,made_ft,0,18,1,5
03:22,03:22:00,18,5,13,2,1,REGULAR,75,K. ALLMAN,1,assist,99,98,[],,0,1,Kyle Lindsay,Allman,Kyle Lindsay,Allman,K,A,K,A,K. Allman,TÜRK TELEKOM ,TTK,K. Allman,1,,,,,,ASS,,TÜRK TELEKOM  K. ALLMAN assist,,,,,,,,,0,39,1.0,,0,18,0,5
03:22,03:22:00,18,5,13,2,1,REGULAR,74,J. USHER,0,freethrow,100,,[],2of2,1,8,Jordan Emanuel ,Usher,Jordan Emanuel ,Usher,J,U,J,U,J. Usher,TÜRK TELEKOM ,TTK,J. Usher,8,,,,,,FT,missed,TÜRK TELEKOM  J. USHER FT 2of2 missed,,,,,,,,,0,39,1.0,def_reb,0,18,0,5
03:22,03:22:00,18,5,13,1,1,REGULAR,93,J. THOMASSON JR,1,rebound,102,100,[],defensive,0,32,Joseph Elliotte,Thomasson Jr,Joseph Elliotte,Thomasson Jr,J,T,J,T,J. Thomasson Jr,TOFAS,TOF,J. Thomasson Jr,32,,,,,,REB,,TOFAS rebound defensive,,,,,,,,,0,40,2.0,def_reb,0,18,0,5
03:07,03:07:00,18,5,13,2,1,REGULAR,74,J. USHER,1,foul,105,,"['shooting', '2freethrow']",personal,0,8,Jordan Emanuel ,Usher,Jordan Emanuel ,Usher,J,U,J,U,J. Usher,TÜRK TELEKOM ,TTK,J. Usher,8,,,,,,FOUL,,TÜRK TELEKOM  J. USHER foul personal,,,,,,,,,0,41,1.0,,0,18,0,5
03:07,03:07:00,18,5,13,1,1,REGULAR,88,M. BLAZEVIC,1,foulon,106,105,[],,0,22,Marek,Blazevic,Marek,Blazevic,M,B,M,B,M. Blazevic,TOFAS,TOF,M. Blazevic,22,,,,,,OTHER,,TOFAS foulon,,,,,,,,,0,41,1.0,,0,18,0,5
03:07,03:07:00,18,5,13,1,1,REGULAR,93,J. THOMASSON JR,1,substitution,107,,[],out,0,32,Joseph Elliotte,Thomasson Jr,Joseph Elliotte,Thomasson Jr,J,T,J,T,J. Thomasson Jr,TOFAS,TOF,J. Thomasson Jr,32,,,,,,SUB,out,TOFAS substitution out,,,,,,,,,0,41,1.0,,0,18,0,5
03:07,03:07:00,18,5,13,1,1,REGULAR,55,T. GEÇIM,1,substitution,108,,[],in,0,8,Tolga,Geçim,Tolga,Geçim,T,G,T,G,T. Geçim,TOFAS,TOF,T. Geçim,8,,,,,,SUB,in,TOFAS substitution in,,,,,,,,,0,41,1.0,,0,18,0,5
03:07,03:07:00,18,5,13,2,1,REGULAR,8,Y. GÜLTEKIN,1,substitution,110,,[],in,0,19,Yavuz,Gültekin,Yavuz,Gültekin,Y,G,Y,G,Y. Gültekin,TÜRK TELEKOM ,TTK,Y. Gültekin,19,,,,,,SUB,in,TÜRK TELEKOM  substitution in,,,,,,,,,0,41,1.0,,0,18,0,5
03:07,03:07:00,18,5,13,1,1,REGULAR,88,M. BLAZEVIC,0,freethrow,111,,[],1of2,1,22,Marek,Blazevic,Marek,Blazevic,M,B,M,B,M. Blazevic,TOFAS,TOF,M. Blazevic,22,,,,,,FT,missed,TOFAS M. BLAZEVIC FT 1of2 missed,,,,,,,,,0,41,1.0,def_reb,0,18,0,5
03:07,03:07:00,18,5,13,1,1,REGULAR,0,,1,rebound,112,111,[],offensivedeadball,0,,,,,,,,,,,TOFAS,TOF,,,,,,,,TREB,,TOFAS team rebound offensivedeadball,,,,,,,,,0,42,2.0,def_reb,0,18,0,5
03:07,03:07:00,18,5,13,1,1,REGULAR,88,M. BLAZEVIC,0,freethrow,113,,[],2of2,1,22,Marek,Blazevic,Marek,Blazevic,M,B,M,B,M. Blazevic,TOFAS,TOF,M. Blazevic,22,,,,,,FT,missed,TOFAS M. BLAZEVIC FT 2of2 missed,,,,,,,,,0,43,1.0,def_reb,0,18,0,5
03:06,03:06:00,18,5,13,2,1,REGULAR,0,,1,rebound,115,113,['team'],defensive,0,,,,,,,,,,,TÜRK TELEKOM ,TTK,,,,,,,,TREB,,TÜRK TELEKOM  team rebound defensive,,,,,,,,,0,44,2.0,def_reb,0,18,0,5
03:07,03:07:00,18,5,13,2,1,REGULAR,74,J. USHER,1,substitution,119,,[],out,0,8,Jordan Emanuel ,Usher,Jordan Emanuel ,Usher,J,U,J,U,J. Usher,TÜRK TELEKOM ,TTK,J. Usher,8,,,,,,SUB,out,TÜRK TELEKOM  substitution out,,,,,,,,,0,45,1.0,,0,18,0,5
02:42,02:42:00,18,5,13,2,1,REGULAR,77,J. SMITH,0,2pt,120,,['pointsinthepaint'],floatingjumpshot,1,9,Jaleen Devon,Smith,Jaleen Devon,Smith,J,S,J,S,J. Smith,TÜRK TELEKOM ,TTK,J. Smith,9,,,83.339996337891,53.220001220703,0.0,P2,missed,TÜRK TELEKOM  J. SMITH 2Pt missed,,,,,,,,,0,45,1.0,,0,18,0,5
02:38,02:38:00,18,5,13,2,1,REGULAR,8,Y. GÜLTEKIN,1,rebound,121,120,[],offensive,0,19,Yavuz,Gültekin,Yavuz,Gültekin,Y,G,Y,G,Y. Gültekin,TÜRK TELEKOM ,TTK,Y. Gültekin,19,,,,,,REB,,TÜRK TELEKOM  rebound offensive,,,,,,,,,0,45,1.0,,0,18,0,5
02:37,02:37:00,18,5,13,2,1,REGULAR,75,K. ALLMAN,0,3pt,122,,['2ndchance'],jumpshot,1,1,Kyle Lindsay,Allman,Kyle Lindsay,Allman,K,A,K,A,K. Allman,TÜRK TELEKOM ,TTK,K. Allman,1,,,70.699996948242,82.599998474121,0.0,P3,missed,TÜRK TELEKOM  K. ALLMAN 3Pt missed,,,,,,,,,0,45,1.0,,0,18,0,5
02:36,02:36:00,18,5,13,2,1,REGULAR,8,Y. GÜLTEKIN,1,rebound,124,122,[],offensive,0,19,Yavuz,Gültekin,Yavuz,Gültekin,Y,G,Y,G,Y. Gültekin,TÜRK TELEKOM ,TTK,Y. Gültekin,19,,,,,,REB,,TÜRK TELEKOM  rebound offensive,,,,,,,,,0,45,1.0,,0,18,0,5
02:36,02:36:00,18,5,13,2,1,REGULAR,8,Y. GÜLTEKIN,0,2pt,125,,"['2ndchance', 'pointsinthepaint']",tipinlayup,1,19,Yavuz,Gültekin,Yavuz,Gültekin,Y,G,Y,G,Y. Gültekin,TÜRK TELEKOM ,TTK,Y. Gültekin,19,,,94.0,50.0,0.0,P2,missed,TÜRK TELEKOM  Y. GÜLTEKIN 2Pt missed,,,,,,,,,0,45,1.0,def_reb,0,18,0,5
02:36,02:36:00,18,5,13,1,1,REGULAR,0,,1,rebound,126,125,['team'],defensive,0,,,,,,,,,,,TOFAS,TOF,,,,,,,,TREB,,TOFAS team rebound defensive,,,,,,,,,0,46,2.0,def_reb,0,18,0,5
02:36,02:36:00,18,5,13,1,1,REGULAR,88,M. BLAZEVIC,1,substitution,127,,[],out,0,22,Marek,Blazevic,Marek,Blazevic,M,B,M,B,M. Blazevic,TOFAS,TOF,M. Blazevic,22,,,,,,SUB,out,TOFAS substitution out,,,,,,,,,0,47,1.0,,0,18,0,5
02:36,02:36:00,18,5,13,1,1,REGULAR,94,W. KIDD JR,1,substitution,128,,[],in,0,15,Warren Lynn,Kidd Jr,Warren Lynn,Kidd Jr,W,K,W,K,W. Kidd Jr,TOFAS,TOF,W. Kidd Jr,15,,,,,,SUB,in,TOFAS substitution in,,,,,,,,,0,47,1.0,,0,18,0,5
02:24,02:24:00,18,5,13,1,1,REGULAR,66,Y. SAYBIR,0,3pt,132,,[],jumpshot,1,3,Yigitcan,Saybir,Yigitcan,Saybir,Y,S,Y,S,Y. Saybir,TOFAS,TOF,Y. Saybir,3,,,4.5599999427795,98.419998168945,0.0,P3,missed,TOFAS Y. SAYBIR 3Pt missed,,,,,,,,,0,47,1.0,def_reb,0,18,0,5
02:21,02:21:00,18,5,13,2,1,REGULAR,78,K. BANKSTON,1,rebound,133,132,[],defensive,0,30,Kristeon Lamar,Bankston,Kristeon Lamar,Bankston,K,B,K,B,K. Bankston,TÜRK TELEKOM ,TTK,K. Bankston,30,,,,,,REB,,TÜRK TELEKOM  rebound defensive,,,,,,,,,0,48,2.0,def_reb,0,18,0,5
02:19,02:19:00,18,5,13,1,1,REGULAR,90,H. BESSON,1,foul,138,,"['shooting', '2freethrow']",personal,0,25,Hugo Eric,Besson,Hugo Eric,Besson,H,B,H,B,H. Besson,TOFAS,TOF,H. Besson,25,,,,,,FOUL,,TOFAS H. BESSON foul personal,,,,,,,,,0,49,1.0,,0,18,0,5
02:19,02:19:00,18,5,13,2,1,REGULAR,77,J. SMITH,1,foulon,139,138,[],,0,9,Jaleen Devon,Smith,Jaleen Devon,Smith,J,S,J,S,J. Smith,TÜRK TELEKOM ,TTK,J. Smith,9,,,,,,OTHER,,TÜRK TELEKOM  foulon,,,,,,,,,0,49,1.0,,0,18,0,5
02:19,02:19:00,18,5,13,1,1,REGULAR,66,Y. SAYBIR,1,substitution,140,,[],out,0,3,Yigitcan,Saybir,Yigitcan,Saybir,Y,S,Y,S,Y. Saybir,TOFAS,TOF,Y. Saybir,3,,,,,,SUB,out,TOFAS substitution out,,,,,,,,,0,49,1.0,,0,18,0,5
02:19,02:19:00,18,5,13,1,1,REGULAR,92,S. WHALEY,1,substitution,141,,[],in,0,5,Shaqwan Malic,Whaley,Shaqwan Malic,Whaley,S,W,S,W,S. Whaley,TOFAS,TOF,S. Whaley,5,,,,,,SUB,in,TOFAS substitution in,,,,,,,,,0,49,1.0,,0,18,0,5
02:19,02:19:00,18,6,12,2,1,REGULAR,77,J. SMITH,1,freethrow,142,,['fastbreak'],1of2,1,9,Jaleen Devon,Smith,Jaleen Devon,Smith,J,S,J,S,J. Smith,TÜRK TELEKOM ,TTK,J. Smith,9,,,,,,FT,made,TÜRK TELEKOM  J. SMITH FT 1of2 made,,,,,,,,,1,49,1.0,made_ft,0,18,1,6
02:19,02:19:00,18,7,11,2,1,REGULAR,77,J. SMITH,1,freethrow,143,,['fastbreak'],2of2,1,9,Jaleen Devon,Smith,Jaleen Devon,Smith,J,S,J,S,J. Smith,TÜRK TELEKOM ,TTK,J. Smith,9,,,,,,FT,made,TÜRK TELEKOM  J. SMITH FT 2of2 made,,,,,,,,,1,50,2.0,made_ft_last,0,18,1,7
02:07,02:07:00,20,7,13,1,1,REGULAR,94,W. KIDD JR,1,2pt,145,,['pointsinthepaint'],turnaroundjumpshot,1,15,Warren Lynn,Kidd Jr,Warren Lynn,Kidd Jr,W,K,W,K,W. Kidd Jr,TOFAS,TOF,W. Kidd Jr,15,,,7.3600001335144,43.049999237061,1.0,P2,made,TOFAS W. KIDD JR 2Pt made,92.0,1.0,S. WHALEY,,,,,,2,51,1.0,score,2,20,0,7
02:07,02:07:00,20,7,13,1,1,REGULAR,92,S. WHALEY,1,assist,146,145,[],,0,5,Shaqwan Malic,Whaley,Shaqwan Malic,Whaley,S,W,S,W,S. Whaley,TOFAS,TOF,S. Whaley,5,,,,,,ASS,,TOFAS S. WHALEY assist,,,,,,,,,0,52,2.0,,0,20,0,7
01:49,01:49:00,20,7,13,2,1,REGULAR,75,K. ALLMAN,0,2pt,147,,['pointsinthepaint'],dunk,1,1,Kyle Lindsay,Allman,Kyle Lindsay,Allman,K,A,K,A,K. Allman,TÜRK TELEKOM ,TTK,K. Allman,1,,,89.889999389648,48.139999389648,0.0,P2,missed,TÜRK TELEKOM  K. ALLMAN 2Pt missed,,,,,,,,,0,52,2.0,def_reb,0,20,0,7
01:46,01:46:00,20,7,13,1,1,REGULAR,67,Ö. CENGIZ,1,rebound,148,147,[],defensive,0,1,Özgür,Cengiz,Özgür,Cengiz,Ö,C,Ö,C,Ö. Cengiz,TOFAS,TOF,Ö. Cengiz,1,,,,,,REB,,TOFAS rebound defensive,,,,,,,,,0,53,1.0,def_reb,0,20,0,7
01:41,01:41:00,22,7,15,1,1,REGULAR,94,W. KIDD JR,1,2pt,149,,"['pointsinthepaint', 'fastbreak']",dunk,1,15,Warren Lynn,Kidd Jr,Warren Lynn,Kidd Jr,W,K,W,K,W. Kidd Jr,TOFAS,TOF,W. Kidd Jr,15,,,9.2399997711182,52.090000152588,1.0,P2,made,TOFAS W. KIDD JR 2Pt made,92.0,1.0,S. WHALEY,,,,,,2,54,2.0,score,2,22,0,7
01:41,01:41:00,22,7,15,1,1,REGULAR,92,S. WHALEY,1,assist,150,149,[],,0,5,Shaqwan Malic,Whaley,Shaqwan Malic,Whaley,S,W,S,W,S. Whaley,TOFAS,TOF,S. Whaley,5,,,,,,ASS,,TOFAS S. WHALEY assist,,,,,,,,,0,55,1.0,,0,22,0,7
01:21,01:21:00,22,9,13,2,1,REGULAR,77,J. SMITH,1,2pt,151,,['pointsinthepaint'],drivinglayup,1,9,Jaleen Devon,Smith,Jaleen Devon,Smith,J,S,J,S,J. Smith,TÜRK TELEKOM ,TTK,J. Smith,9,,,87.860000610352,46.159999847412,1.0,P2,made,TÜRK TELEKOM  J. SMITH 2Pt made,,,,,,,,,2,55,1.0,score,0,22,2,9
01:05,01:05:00,24,9,15,1,1,REGULAR,94,W. KIDD JR,1,2pt,152,,['pointsinthepaint'],layup,1,15,Warren Lynn,Kidd Jr,Warren Lynn,Kidd Jr,W,K,W,K,W. Kidd Jr,TOFAS,TOF,W. Kidd Jr,15,,,13.289999961853,58.310001373291,1.0,P2,made,TOFAS W. KIDD JR 2Pt made,90.0,1.0,H. BESSON,,,,,,2,56,2.0,score,2,24,0,9
01:05,01:05:00,24,9,15,1,1,REGULAR,90,H. BESSON,1,assist,153,152,[],,0,25,Hugo Eric,Besson,Hugo Eric,Besson,H,B,H,B,H. Besson,TOFAS,TOF,H. Besson,25,,,,,,ASS,,TOFAS H. BESSON assist,,,,,,,,,0,57,1.0,,0,24,0,9
00:42,00:42:20,24,9,15,2,1,REGULAR,8,Y. GÜLTEKIN,0,2pt,154,,['pointsinthepaint'],jumpshot,1,19,Yavuz,Gültekin,Yavuz,Gültekin,Y,G,Y,G,Y. Gültekin,TÜRK TELEKOM ,TTK,Y. Gültekin,19,,,83.809997558594,44.180000305176,0.0,P2,missed,TÜRK TELEKOM  Y. GÜLTEKIN 2Pt missed,,,,,,,,,0,57,1.0,def_reb,0,24,0,9
00:41,00:41:60,24,9,15,2,1,REGULAR,0,,1,rebound,156,154,['team'],offensive,0,,,,,,,,,,,TÜRK TELEKOM ,TTK,,,,,,,,TREB,,TÜRK TELEKOM  team rebound offensive,,,,,,,,,0,58,2.0,def_reb,0,24,0,9
00:36,00:36:30,24,9,15,2,1,REGULAR,77,J. SMITH,0,2pt,158,,"['2ndchance', 'pointsinthepaint']",jumpshot,1,9,Jaleen Devon,Smith,Jaleen Devon,Smith,J,S,J,S,J. Smith,TÜRK TELEKOM ,TTK,J. Smith,9,,,92.540000915527,39.659999847412,0.0,P2,missed,TÜRK TELEKOM  J. SMITH 2Pt missed,,,,,,,,,0,59,1.0,,0,24,0,9
00:33,00:33:80,24,9,15,2,1,REGULAR,77,J. SMITH,1,rebound,159,158,[],offensive,0,9,Jaleen Devon,Smith,Jaleen Devon,Smith,J,S,J,S,J. Smith,TÜRK TELEKOM ,TTK,J. Smith,9,,,,,,REB,,TÜRK TELEKOM  rebound offensive,,,,,,,,,0,59,1.0,,0,24,0,9
00:23,00:23:70,24,9,15,2,1,REGULAR,75,K. ALLMAN,0,2pt,162,,['2ndchance'],pullupjumpshot,1,1,Kyle Lindsay,Allman,Kyle Lindsay,Allman,K,A,K,A,K. Allman,TÜRK TELEKOM ,TTK,K. Allman,1,,,77.099998474121,65.650001525879,0.0,P2,missed,TÜRK TELEKOM  K. ALLMAN 2Pt missed,,,,,,,,,0,59,1.0,,0,24,0,9
00:20,00:20:00,24,9,15,2,1,REGULAR,78,K. BANKSTON,1,rebound,163,162,[],offensive,0,30,Kristeon Lamar,Bankston,Kristeon Lamar,Bankston,K,B,K,B,K. Bankston,TÜRK TELEKOM ,TTK,K. Bankston,30,,,,,,REB,,TÜRK TELEKOM  rebound offensive,,,,,,,,,0,59,1.0,,0,24,0,9
00:18,00:18:10,24,12,12,2,1,REGULAR,7,B. DURMAZ,1,3pt,164,,['2ndchance'],jumpshot,1,3,Berkan,Durmaz,Berkan,Durmaz,B,D,B,D,B. Durmaz,TÜRK TELEKOM ,TTK,B. Durmaz,3,,,63.840000152588,50.680000305176,1.0,P3,made,TÜRK TELEKOM  B. DURMAZ 3Pt made,78.0,2.0,K. BANKSTON,,,,,,3,59,1.0,score,0,24,3,12
00:18,00:18:10,24,12,12,2,1,REGULAR,78,K. BANKSTON,1,assist,165,164,[],,0,30,Kristeon Lamar,Bankston,Kristeon Lamar,Bankston,K,B,K,B,K. Bankston,TÜRK TELEKOM ,TTK,K. Bankston,30,,,,,,ASS,,TÜRK TELEKOM  K. BANKSTON assist,,,,,,,,,0,60,2.0,,0,24,0,12
00:01,00:01:90,26,12,14,1,1,REGULAR,67,Ö. CENGIZ,1,2pt,168,,['pointsinthepaint'],drivinglayup,1,1,Özgür,Cengiz,Özgür,Cengiz,Ö,C,Ö,C,Ö. Cengiz,TOFAS,TOF,Ö. Cengiz,1,,,7.0500001907349,62.259998321533,1.0,P2,made,TOFAS Ö. CENGIZ 2Pt made,,,,,,,,,2,60,2.0,score,2,26,0,12
00:00,00:00:00,26,12,14,0,1,REGULAR,0,,1,period,170,,['confirmed'],end,0,,,,,,,,,,,,,,,,,,,,OTHER,,period end,,,,,,,,,0,61,1.0,,0,26,0,12
10:00,10:00:00,26,12,14,2,2,REGULAR,77,J. SMITH,1,substitution,171,,[],out,0,9,Jaleen Devon,Smith,Jaleen Devon,Smith,J,S,J,S,J. Smith,TÜRK TELEKOM ,TTK,J. Smith,9,,,,,,SUB,out,TÜRK TELEKOM  substitution out,,,,,,,,,0,61,1.0,,0,26,0,12
10:00,10:00:00,26,12,14,2,2,REGULAR,8,Y. GÜLTEKIN,1,substitution,172,,[],out,0,19,Yavuz,Gültekin,Yavuz,Gültekin,Y,G,Y,G,Y. Gültekin,TÜRK TELEKOM ,TTK,Y. Gültekin,19,,,,,,SUB,out,TÜRK TELEKOM  substitution out,,,,,,,,,0,61,1.0,,0,26,0,12
10:00,10:00:00,26,12,14,2,2,REGULAR,74,J. USHER,1,substitution,173,,[],in,0,8,Jordan Emanuel ,Usher,Jordan Emanuel ,Usher,J,U,J,U,J. Usher,TÜRK TELEKOM ,TTK,J. Usher,8,,,,,,SUB,in,TÜRK TELEKOM  substitution in,,,,,,,,,0,61,1.0,,0,26,0,12
10:00,10:00:00,26,12,14,2,2,REGULAR,5,D. ÖZDEMIROGLU,1,substitution,174,,[],in,0,18,Dogus,Özdemiroglu,Dogus,Özdemiroglu,D,Ö,D,Ö,D. Özdemiroglu,TÜRK TELEKOM ,TTK,D. Özdemiroglu,18,,,,,,SUB,in,TÜRK TELEKOM  substitution in,,,,,,,,,0,61,1.0,,0,26,0,12
10:00,10:00:00,26,12,14,0,2,REGULAR,0,,1,period,175,,[],start,0,,,,,,,,,,,,,,,,,,,,OTHER,,period start,,,,,,,,,0,61,1.0,,0,26,0,12
09:44,09:44:00,26,12,14,2,2,REGULAR,75,K. ALLMAN,0,2pt,177,,[],pullupjumpshot,1,1,Kyle Lindsay,Allman,Kyle Lindsay,Allman,K,A,K,A,K. Allman,TÜRK TELEKOM ,TTK,K. Allman,1,,,78.5,24.969999313354,0.0,P2,missed,TÜRK TELEKOM  K. ALLMAN 2Pt missed,,,,,,,,,0,61,1.0,def_reb,0,26,0,12
09:40,09:40:00,26,12,14,1,2,REGULAR,92,S. WHALEY,1,rebound,178,177,[],defensive,0,5,Shaqwan Malic,Whaley,Shaqwan Malic,Whaley,S,W,S,W,S. Whaley,TOFAS,TOF,S. Whaley,5,,,,,,REB,,TOFAS rebound defensive,,,,,,,,,0,62,2.0,def_reb,0,26,0,12
09:38,09:38:00,26,12,14,1,2,REGULAR,94,W. KIDD JR,1,foul,180,,[],offensive,0,15,Warren Lynn,Kidd Jr,Warren Lynn,Kidd Jr,W,K,W,K,W. Kidd Jr,TOFAS,TOF,W. Kidd Jr,15,,,,,,RFOUL,,TOFAS W. KIDD JR foul offensive,,,,,,,,,0,63,1.0,offensive_foul,0,26,0,12
09:38,09:38:00,26,12,14,1,2,REGULAR,94,W. KIDD JR,1,turnover,181,180,[],offensive,0,15,Warren Lynn,Kidd Jr,Warren Lynn,Kidd Jr,W,K,W,K,W. Kidd Jr,TOFAS,TOF,W. Kidd Jr,15,,,,,,TO,,TOFAS W. KIDD JR turnover offensive,,,,,,,,,0,64,2.0,turnover,0,26,0,12
09:38,09:38:00,26,12,14,2,2,REGULAR,7,B. DURMAZ,1,foulon,182,180,[],,0,3,Berkan,Durmaz,Berkan,Durmaz,B,D,B,D,B. Durmaz,TÜRK TELEKOM ,TTK,B. Durmaz,3,,,,,,OTHER,,TÜRK TELEKOM  foulon,,,,,,,,,0,65,1.0,,0,26,0,12
09:24,09:24:00,26,12,14,1,2,REGULAR,90,H. BESSON,1,foul,186,,"['shooting', '2freethrow']",personal,0,25,Hugo Eric,Besson,Hugo Eric,Besson,H,B,H,B,H. Besson,TOFAS,TOF,H. Besson,25,,,,,,FOUL,,TOFAS H. BESSON foul personal,,,,,,,,,0,65,1.0,,0,26,0,12
09:24,09:24:00,26,12,14,2,2,REGULAR,75,K. ALLMAN,1,foulon,187,186,[],,0,1,Kyle Lindsay,Allman,Kyle Lindsay,Allman,K,A,K,A,K. Allman,TÜRK TELEKOM ,TTK,K. Allman,1,,,,,,OTHER,,TÜRK TELEKOM  foulon,,,,,,,,,0,65,1.0,,0,26,0,12
09:24,09:24:00,26,13,13,2,2,REGULAR,75,K. ALLMAN,1,freethrow,188,,['fromturnover'],1of2,1,1,Kyle Lindsay,Allman,Kyle Lindsay,Allman,K,A,K,A,K. Allman,TÜRK TELEKOM ,TTK,K. Allman,1,,,,,,FT,made,TÜRK TELEKOM  K. ALLMAN FT 1of2 made,,,,,,,,,1,65,1.0,made_ft,0,26,1,13
09:24,09:24:00,26,13,13,2,2,REGULAR,74,J. USHER,1,assist,189,188,[],,0,8,Jordan Emanuel ,Usher,Jordan Emanuel ,Usher,J,U,J,U,J. Usher,TÜRK TELEKOM ,TTK,J. Usher,8,,,,,,ASS,,TÜRK TELEKOM  J. USHER assist,,,,,,,,,0,66,2.0,,0,26,0,13
09:24,09:24:00,26,14,12,2,2,REGULAR,75,K. ALLMAN,1,freethrow,190,,['fromturnover'],2of2,1,1,Kyle Lindsay,Allman,Kyle Lindsay,Allman,K,A,K,A,K. Allman,TÜRK TELEKOM ,TTK,K. Allman,1,,,,,,FT,made,TÜRK TELEKOM  K. ALLMAN FT 2of2 made,,,,,,,,,1,66,2.0,made_ft_last,0,26,1,14
09:19,09:19:00,26,14,12,2,2,REGULAR,5,D. ÖZDEMIROGLU,1,foul,194,,[],personal,0,18,Dogus,Özdemiroglu,Dogus,Özdemiroglu,D,Ö,D,Ö,D. Özdemiroglu,TÜRK TELEKOM ,TTK,D. Özdemiroglu,18,,,,,,FOUL,,TÜRK TELEKOM  D. ÖZDEMIROGLU foul personal,,,,,,,,,0,67,1.0,,0,26,0,14
09:19,09:19:00,26,14,12,1,2,REGULAR,67,Ö. CENGIZ,1,foulon,195,194,[],,0,1,Özgür,Cengiz,Özgür,Cengiz,Ö,C,Ö,C,Ö. Cengiz,TOFAS,TOF,Ö. Cengiz,1,,,,,,OTHER,,TOFAS foulon,,,,,,,,,0,67,1.0,,0,26,0,14
09:08,09:08:00,26,14,12,1,2,REGULAR,55,T. GEÇIM,1,turnover,197,,[],badpass,0,8,Tolga,Geçim,Tolga,Geçim,T,G,T,G,T. Geçim,TOFAS,TOF,T. Geçim,8,,,,,,TO,,TOFAS T. GEÇIM turnover badpass,,,,,,,,,0,67,1.0,turnover,0,26,0,14
09:08,09:08:00,26,14,12,2,2,REGULAR,74,J. USHER,1,steal,198,197,[],,0,8,Jordan Emanuel ,Usher,Jordan Emanuel ,Usher,J,U,J,U,J. Usher,TÜRK TELEKOM ,TTK,J. Usher,8,,,,,,ST,,TÜRK TELEKOM  J. USHER steal,,,,,,,,,0,68,2.0,,0,26,0,14
09:02,09:02:00,26,16,10,2,2,REGULAR,78,K. BANKSTON,1,2pt,199,,"['fromturnover', 'pointsinthepaint', 'fastbreak']",layup,1,30,Kristeon Lamar,Bankston,Kristeon Lamar,Bankston,K,B,K,B,K. Bankston,TÜRK TELEKOM ,TTK,K. Bankston,30,,,90.51000213623,56.049999237061,1.0,P2,made,TÜRK TELEKOM  K. BANKSTON 2Pt made,74.0,2.0,J. USHER,,,,,,2,68,2.0,score,0,26,2,16
09:02,09:02:00,26,16,10,2,2,REGULAR,74,J. USHER,1,assist,200,199,[],,0,8,Jordan Emanuel ,Usher,Jordan Emanuel ,Usher,J,U,J,U,J. Usher,TÜRK TELEKOM ,TTK,J. Usher,8,,,,,,ASS,,TÜRK TELEKOM  J. USHER assist,,,,,,,,,0,69,1.0,,0,26,0,16
08:52,08:52:00,26,16,10,2,2,REGULAR,7,B. DURMAZ,1,foul,203,,[],personal,0,3,Berkan,Durmaz,Berkan,Durmaz,B,D,B,D,B. Durmaz,TÜRK TELEKOM ,TTK,B. Durmaz,3,,,,,,FOUL,,TÜRK TELEKOM  B. DURMAZ foul personal,,,,,,,,,0,69,1.0,,0,26,0,16
08:52,08:52:00,26,16,10,1,2,REGULAR,55,T. GEÇIM,1,foulon,204,203,[],,0,8,Tolga,Geçim,Tolga,Geçim,T,G,T,G,T. Geçim,TOFAS,TOF,T. Geçim,8,,,,,,OTHER,,TOFAS foulon,,,,,,,,,0,69,1.0,,0,26,0,16
08:50,08:50:00,28,16,12,1,2,REGULAR,92,S. WHALEY,1,2pt,206,,['pointsinthepaint'],jumpshot,1,5,Shaqwan Malic,Whaley,Shaqwan Malic,Whaley,S,W,S,W,S. Whaley,TOFAS,TOF,S. Whaley,5,,,7.3600001335144,45.590000152588,1.0,P2,made,TOFAS S. WHALEY 2Pt made,67.0,1.0,Ö. CENGIZ,,,,,,2,69,1.0,score,2,28,0,16
08:50,08:50:00,28,16,12,1,2,REGULAR,67,Ö. CENGIZ,1,assist,207,206,[],,0,1,Özgür,Cengiz,Özgür,Cengiz,Ö,C,Ö,C,Ö. Cengiz,TOFAS,TOF,Ö. Cengiz,1,,,,,,ASS,,TOFAS Ö. CENGIZ assist,,,,,,,,,0,70,2.0,,0,28,0,16
08:29,08:29:00,28,16,12,2,2,REGULAR,74,J. USHER,0,2pt,208,,[],stepbackjumpshot,1,8,Jordan Emanuel ,Usher,Jordan Emanuel ,Usher,J,U,J,U,J. Usher,TÜRK TELEKOM ,TTK,J. Usher,8,,,88.48999786377,76.099998474121,0.0,P2,missed,TÜRK TELEKOM  J. USHER 2Pt missed,,,,,,,,,0,70,2.0,def_reb,0,28,0,16
08:26,08:26:00,28,16,12,1,2,REGULAR,67,Ö. CENGIZ,1,rebound,209,208,[],defensive,0,1,Özgür,Cengiz,Özgür,Cengiz,Ö,C,Ö,C,Ö. Cengiz,TOFAS,TOF,Ö. Cengiz,1,,,,,,REB,,TOFAS rebound defensive,,,,,,,,,0,71,1.0,def_reb,0,28,0,16
08:24,08:24:00,30,16,14,1,2,REGULAR,94,W. KIDD JR,1,2pt,210,,"['pointsinthepaint', 'fastbreak']",dunk,1,15,Warren Lynn,Kidd Jr,Warren Lynn,Kidd Jr,W,K,W,K,W. Kidd Jr,TOFAS,TOF,W. Kidd Jr,15,,,9.3900003433228,57.740001678467,1.0,P2,made,TOFAS W. KIDD JR 2Pt made,92.0,1.0,S. WHALEY,,,,,,2,72,2.0,score,2,30,0,16
08:24,08:24:00,30,16,14,1,2,REGULAR,92,S. WHALEY,1,assist,211,210,[],,0,5,Shaqwan Malic,Whaley,Shaqwan Malic,Whaley,S,W,S,W,S. Whaley,TOFAS,TOF,S. Whaley,5,,,,,,ASS,,TOFAS S. WHALEY assist,,,,,,,,,0,73,1.0,,0,30,0,16
08:01,08:01:00,30,16,14,2,2,REGULAR,75,K. ALLMAN,0,2pt,212,,[],floatingjumpshot,1,1,Kyle Lindsay,Allman,Kyle Lindsay,Allman,K,A,K,A,K. Allman,TÜRK TELEKOM ,TTK,K. Allman,1,,,85.370002746582,67.910003662109,0.0,P2,missed,TÜRK TELEKOM  K. ALLMAN 2Pt missed,,,,,,,,,0,73,1.0,,0,30,0,16
07:56,07:56:00,30,16,14,2,2,REGULAR,75,K. ALLMAN,1,rebound,213,212,[],offensive,0,1,Kyle Lindsay,Allman,Kyle Lindsay,Allman,K,A,K,A,K. Allman,TÜRK TELEKOM ,TTK,K. Allman,1,,,,,,REB,,TÜRK TELEKOM  rebound offensive,,,,,,,,,0,73,1.0,,0,30,0,16
07:56,07:56:00,30,18,12,2,2,REGULAR,75,K. ALLMAN,1,2pt,214,,"['2ndchance', 'pointsinthepaint']",jumpshot,1,1,Kyle Lindsay,Allman,Kyle Lindsay,Allman,K,A,K,A,K. Allman,TÜRK TELEKOM ,TTK,K. Allman,1,,,87.550003051758,63.389999389648,1.0,P2,made,TÜRK TELEKOM  K. ALLMAN 2Pt made,,,,,,,,,2,73,1.0,score,0,30,2,18
07:48,07:48:00,30,18,12,1,2,REGULAR,92,S. WHALEY,0,3pt,215,,[],jumpshot,1,5,Shaqwan Malic,Whaley,Shaqwan Malic,Whaley,S,W,S,W,S. Whaley,TOFAS,TOF,S. Whaley,5,,,21.870000839233,10.279999732971,0.0,P3,missed,TOFAS S. WHALEY 3Pt missed,,,,,,,,,0,74,2.0,def_reb,0,30,0,18
07:45,07:45:00,30,18,12,2,2,REGULAR,7,B. DURMAZ,1,rebound,216,215,[],defensive,0,3,Berkan,Durmaz,Berkan,Durmaz,B,D,B,D,B. Durmaz,TÜRK TELEKOM ,TTK,B. Durmaz,3,,,,,,REB,,TÜRK TELEKOM  rebound defensive,,,,,,,,,0,75,1.0,def_reb,0,30,0,18
07:45,07:45:00,30,18,12,1,2,REGULAR,67,Ö. CENGIZ,1,foul,220,,[],personal,0,1,Özgür,Cengiz,Özgür,Cengiz,Ö,C,Ö,C,Ö. Cengiz,TOFAS,TOF,Ö. Cengiz,1,,,,,,FOUL,,TOFAS Ö. CENGIZ foul personal,,,,,,,,,0,76,2.0,,0,30,0,18
07:45,07:45:00,30,18,12,2,2,REGULAR,75,K. ALLMAN,1,foulon,221,220,[],,0,1,Kyle Lindsay,Allman,Kyle Lindsay,Allman,K,A,K,A,K. Allman,TÜRK TELEKOM ,TTK,K. Allman,1,,,,,,OTHER,,TÜRK TELEKOM  foulon,,,,,,,,,0,76,2.0,,0,30,0,18
07:45,07:45:00,30,18,12,1,2,REGULAR,67,Ö. CENGIZ,1,substitution,222,,[],out,0,1,Özgür,Cengiz,Özgür,Cengiz,Ö,C,Ö,C,Ö. Cengiz,TOFAS,TOF,Ö. Cengiz,1,,,,,,SUB,out,TOFAS substitution out,,,,,,,,,0,76,2.0,,0,30,0,18
07:45,07:45:00,30,18,12,1,2,REGULAR,90,H. BESSON,1,substitution,223,,[],out,0,25,Hugo Eric,Besson,Hugo Eric,Besson,H,B,H,B,H. Besson,TOFAS,TOF,H. Besson,25,,,,,,SUB,out,TOFAS substitution out,,,,,,,,,0,76,2.0,,0,30,0,18
07:45,07:45:00,30,18,12,1,2,REGULAR,89,A. PEREZ,1,substitution,224,,[],in,0,2,Alex Daniel,Perez,Alex Daniel,Perez,A,P,A,P,A. Perez,TOFAS,TOF,A. Perez,2,,,,,,SUB,in,TOFAS substitution in,,,,,,,,,0,76,2.0,,0,30,0,18
07:45,07:45:00,30,18,12,1,2,REGULAR,93,J. THOMASSON JR,1,substitution,225,,[],in,0,32,Joseph Elliotte,Thomasson Jr,Joseph Elliotte,Thomasson Jr,J,T,J,T,J. Thomasson Jr,TOFAS,TOF,J. Thomasson Jr,32,,,,,,SUB,in,TOFAS substitution in,,,,,,,,,0,76,2.0,,0,30,0,18
07:45,07:45:00,30,18,12,2,2,REGULAR,74,J. USHER,1,substitution,226,,[],out,0,8,Jordan Emanuel ,Usher,Jordan Emanuel ,Usher,J,U,J,U,J. Usher,TÜRK TELEKOM ,TTK,J. Usher,8,,,,,,SUB,out,TÜRK TELEKOM  substitution out,,,,,,,,,0,76,2.0,,0,30,0,18
07:45,07:45:00,30,18,12,2,2,REGULAR,3,A. KAHRAMAN,1,substitution,227,,[],in,0,6,Ata,Kahraman,Ata,Kahraman,A,K,A,K,A. Kahraman,TÜRK TELEKOM ,TTK,A. Kahraman,6,,,,,,SUB,in,TÜRK TELEKOM  substitution in,,,,,,,,,0,76,2.0,,0,30,0,18
07:23,07:23:00,30,18,12,2,2,REGULAR,0,,1,turnover,230,,['team'],24sec,0,,,,,,,,,,,TÜRK TELEKOM ,TTK,,,,,,,,TO,,TÜRK TELEKOM   turnover 24sec,,,,,,,,,0,76,2.0,turnover,0,30,0,18
07:12,07:12:00,30,18,12,2,2,REGULAR,3,A. KAHRAMAN,1,foul,235,,[],personal,0,6,Ata,Kahraman,Ata,Kahraman,A,K,A,K,A. Kahraman,TÜRK TELEKOM ,TTK,A. Kahraman,6,,,,,,FOUL,,TÜRK TELEKOM  A. KAHRAMAN foul personal,,,,,,,,,0,77,1.0,,0,30,0,18
07:12,07:12:00,30,18,12,1,2,REGULAR,93,J. THOMASSON JR,1,foulon,236,235,[],,0,32,Joseph Elliotte,Thomasson Jr,Joseph Elliotte,Thomasson Jr,J,T,J,T,J. Thomasson Jr,TOFAS,TOF,J. Thomasson Jr,32,,,,,,OTHER,,TOFAS foulon,,,,,,,,,0,77,1.0,,0,30,0,18
07:12,07:12:00,30,18,12,2,2,REGULAR,7,B. DURMAZ,1,substitution,237,,[],out,0,3,Berkan,Durmaz,Berkan,Durmaz,B,D,B,D,B. Durmaz,TÜRK TELEKOM ,TTK,B. Durmaz,3,,,,,,SUB,out,TÜRK TELEKOM  substitution out,,,,,,,,,0,77,1.0,,0,30,0,18
07:12,07:12:00,30,18,12,2,2,REGULAR,76,M. SIMONOVIC,1,substitution,238,,[],in,0,11,Marko,Simonovic,Marko,Simonovic,M,S,M,S,M. Simonovic,TÜRK TELEKOM ,TTK,M. Simonovic,11,,,,,,SUB,in,TÜRK TELEKOM  substitution in,,,,,,,,,0,77,1.0,,0,30,0,18
07:12,07:12:00,30,18,12,1,2,REGULAR,94,W. KIDD JR,1,substitution,239,,[],out,0,15,Warren Lynn,Kidd Jr,Warren Lynn,Kidd Jr,W,K,W,K,W. Kidd Jr,TOFAS,TOF,W. Kidd Jr,15,,,,,,SUB,out,TOFAS substitution out,,,,,,,,,0,77,1.0,,0,30,0,18
07:12,07:12:00,30,18,12,1,2,REGULAR,88,M. BLAZEVIC,1,substitution,240,,[],in,0,22,Marek,Blazevic,Marek,Blazevic,M,B,M,B,M. Blazevic,TOFAS,TOF,M. Blazevic,22,,,,,,SUB,in,TOFAS substitution in,,,,,,,,,0,77,1.0,,0,30,0,18
07:05,07:05:00,30,18,12,1,2,REGULAR,55,T. GEÇIM,1,foul,243,,[],offensive,0,8,Tolga,Geçim,Tolga,Geçim,T,G,T,G,T. Geçim,TOFAS,TOF,T. Geçim,8,,,,,,RFOUL,,TOFAS T. GEÇIM foul offensive,,,,,,,,,0,77,1.0,offensive_foul,0,30,0,18
07:05,07:05:00,30,18,12,1,2,REGULAR,55,T. GEÇIM,1,turnover,244,243,[],offensive,0,8,Tolga,Geçim,Tolga,Geçim,T,G,T,G,T. Geçim,TOFAS,TOF,T. Geçim,8,,,,,,TO,,TOFAS T. GEÇIM turnover offensive,,,,,,,,,0,78,2.0,turnover,0,30,0,18
07:05,07:05:00,30,18,12,2,2,REGULAR,5,D. ÖZDEMIROGLU,1,foulon,245,243,[],,0,18,Dogus,Özdemiroglu,Dogus,Özdemiroglu,D,Ö,D,Ö,D. Özdemiroglu,TÜRK TELEKOM ,TTK,D. Özdemiroglu,18,,,,,,OTHER,,TÜRK TELEKOM  foulon,,,,,,,,,0,79,1.0,,0,30,0,18
06:52,06:52:00,30,20,10,2,2,REGULAR,78,K. BANKSTON,1,2pt,247,,"['fromturnover', 'pointsinthepaint']",jumpshot,1,30,Kristeon Lamar,Bankston,Kristeon Lamar,Bankston,K,B,K,B,K. Bankston,TÜRK TELEKOM ,TTK,K. Bankston,30,,,90.050003051758,53.790000915527,1.0,P2,made,TÜRK TELEKOM  K. BANKSTON 2Pt made,5.0,2.0,D. ÖZDEMIROGLU,,,,,,2,79,1.0,score,0,30,2,20
06:52,06:52:00,30,20,10,2,2,REGULAR,5,D. ÖZDEMIROGLU,1,assist,248,247,[],,0,18,Dogus,Özdemiroglu,Dogus,Özdemiroglu,D,Ö,D,Ö,D. Özdemiroglu,TÜRK TELEKOM ,TTK,D. Özdemiroglu,18,,,,,,ASS,,TÜRK TELEKOM  D. ÖZDEMIROGLU assist,,,,,,,,,0,80,2.0,,0,30,0,20
06:37,06:37:00,30,20,10,1,2,REGULAR,93,J. THOMASSON JR,0,3pt,249,,[],pullupjumpshot,1,32,Joseph Elliotte,Thomasson Jr,Joseph Elliotte,Thomasson Jr,J,T,J,T,J. Thomasson Jr,TOFAS,TOF,J. Thomasson Jr,32,,,27.020000457764,20.450000762939,0.0,P3,missed,TOFAS J. THOMASSON JR 3Pt missed,,,,,,,,,0,80,2.0,def_reb,0,30,0,20
06:33,06:33:00,30,20,10,2,2,REGULAR,5,D. ÖZDEMIROGLU,1,rebound,250,249,[],defensive,0,18,Dogus,Özdemiroglu,Dogus,Özdemiroglu,D,Ö,D,Ö,D. Özdemiroglu,TÜRK TELEKOM ,TTK,D. Özdemiroglu,18,,,,,,REB,,TÜRK TELEKOM  rebound defensive,,,,,,,,,0,81,1.0,def_reb,0,30,0,20
06:27,06:27:00,30,22,8,2,2,REGULAR,78,K. BANKSTON,1,2pt,251,,"['pointsinthepaint', 'fastbreak']",layup,1,30,Kristeon Lamar,Bankston,Kristeon Lamar,Bankston,K,B,K,B,K. Bankston,TÜRK TELEKOM ,TTK,K. Bankston,30,,,92.699996948242,60.0,1.0,P2,made,TÜRK TELEKOM  K. BANKSTON 2Pt made,5.0,2.0,D. ÖZDEMIROGLU,,,,,,2,82,2.0,score,0,30,2,22
06:27,06:27:00,30,22,8,2,2,REGULAR,5,D. ÖZDEMIROGLU,1,assist,253,251,[],,0,18,Dogus,Özdemiroglu,Dogus,Özdemiroglu,D,Ö,D,Ö,D. Özdemiroglu,TÜRK TELEKOM ,TTK,D. Özdemiroglu,18,,,,,,ASS,,TÜRK TELEKOM  D. ÖZDEMIROGLU assist,,,,,,,,,0,83,1.0,,0,30,0,22
06:27,06:27:00,30,22,8,1,2,REGULAR,0,,1,timeout,255,,[],full,0,,,,,,,,,,,TOFAS,TOF,,,,,,,,TIMEOUT,,TOFAS timeout,,,,,,,,,0,83,1.0,,0,30,0,22
06:27,06:27:00,30,22,8,1,2,REGULAR,92,S. WHALEY,1,substitution,256,,[],out,0,5,Shaqwan Malic,Whaley,Shaqwan Malic,Whaley,S,W,S,W,S. Whaley,TOFAS,TOF,S. Whaley,5,,,,,,SUB,out,TOFAS substitution out,,,,,,,,,0,83,1.0,,0,30,0,22
06:27,06:27:00,30,22,8,1,2,REGULAR,55,T. GEÇIM,1,substitution,257,,[],out,0,8,Tolga,Geçim,Tolga,Geçim,T,G,T,G,T. Geçim,TOFAS,TOF,T. Geçim,8,,,,,,SUB,out,TOFAS substitution out,,,,,,,,,0,83,1.0,,0,30,0,22
06:27,06:27:00,30,22,8,1,2,REGULAR,66,Y. SAYBIR,1,substitution,258,,[],in,0,3,Yigitcan,Saybir,Yigitcan,Saybir,Y,S,Y,S,Y. Saybir,TOFAS,TOF,Y. Saybir,3,,,,,,SUB,in,TOFAS substitution in,,,,,,,,,0,83,1.0,,0,30,0,22
06:27,06:27:00,30,22,8,1,2,REGULAR,91,M. LEWIS III,1,substitution,259,,[],in,0,21,Maxwell Robert ,Lewis Iii,Maxwell Robert ,Lewis Iii,M,L,M,L,M. Lewis Iii,TOFAS,TOF,M. Lewis Iii,21,,,,,,SUB,in,TOFAS substitution in,,,,,,,,,0,83,1.0,,0,30,0,22
06:09,06:09:00,30,22,8,1,2,REGULAR,66,Y. SAYBIR,0,3pt,261,,[],jumpshot,1,3,Yigitcan,Saybir,Yigitcan,Saybir,Y,S,Y,S,Y. Saybir,TOFAS,TOF,Y. Saybir,3,,,29.049999237061,24.409999847412,0.0,P3,missed,TOFAS Y. SAYBIR 3Pt missed,,,,,,,,,0,83,1.0,def_reb,0,30,0,22
06:06,06:06:00,30,22,8,2,2,REGULAR,75,K. ALLMAN,1,rebound,262,261,[],defensive,0,1,Kyle Lindsay,Allman,Kyle Lindsay,Allman,K,A,K,A,K. Allman,TÜRK TELEKOM ,TTK,K. Allman,1,,,,,,REB,,TÜRK TELEKOM  rebound defensive,,,,,,,,,0,84,2.0,def_reb,0,30,0,22
06:01,06:01:00,30,22,8,2,2,REGULAR,5,D. ÖZDEMIROGLU,0,3pt,263,,[],jumpshot,1,18,Dogus,Özdemiroglu,Dogus,Özdemiroglu,D,Ö,D,Ö,D. Özdemiroglu,TÜRK TELEKOM ,TTK,D. Özdemiroglu,18,,,79.440002441406,93.900001525879,0.0,P3,missed,TÜRK TELEKOM  D. ÖZDEMIROGLU 3Pt missed,,,,,,,,,0,85,1.0,def_reb,0,30,0,22
05:58,05:58:00,30,22,8,1,2,REGULAR,66,Y. SAYBIR,1,rebound,264,263,[],defensive,0,3,Yigitcan,Saybir,Yigitcan,Saybir,Y,S,Y,S,Y. Saybir,TOFAS,TOF,Y. Saybir,3,,,,,,REB,,TOFAS rebound defensive,,,,,,,,,0,86,2.0,def_reb,0,30,0,22
05:55,05:55:00,32,22,10,1,2,REGULAR,66,Y. SAYBIR,1,2pt,265,,"['pointsinthepaint', 'fastbreak']",drivinglayup,1,3,Yigitcan,Saybir,Yigitcan,Saybir,Y,S,Y,S,Y. Saybir,TOFAS,TOF,Y. Saybir,3,,,5.6500000953674,53.5,1.0,P2,made,TOFAS Y. SAYBIR 2Pt made,91.0,1.0,M. LEWIS III,,,,,,2,87,1.0,score,2,32,0,22
05:55,05:55:00,32,22,10,1,2,REGULAR,91,M. LEWIS III,1,assist,266,265,[],,0,21,Maxwell Robert ,Lewis Iii,Maxwell Robert ,Lewis Iii,M,L,M,L,M. Lewis Iii,TOFAS,TOF,M. Lewis Iii,21,,,,,,ASS,,TOFAS M. LEWIS III assist,,,,,,,,,0,88,2.0,,0,32,0,22
05:29,05:29:00,32,25,7,2,2,REGULAR,3,A. KAHRAMAN,1,3pt,267,,[],jumpshot,1,6,Ata,Kahraman,Ata,Kahraman,A,K,A,K,A. Kahraman,TÜRK TELEKOM ,TTK,A. Kahraman,6,,,70.080001831055,43.900001525879,1.0,P3,made,TÜRK TELEKOM  A. KAHRAMAN 3Pt made,5.0,2.0,D. ÖZDEMIROGLU,,,,,,3,88,2.0,score,0,32,3,25
05:29,05:29:00,32,25,7,2,2,REGULAR,5,D. ÖZDEMIROGLU,1,assist,268,267,[],,0,18,Dogus,Özdemiroglu,Dogus,Özdemiroglu,D,Ö,D,Ö,D. Özdemiroglu,TÜRK TELEKOM ,TTK,D. Özdemiroglu,18,,,,,,ASS,,TÜRK TELEKOM  D. ÖZDEMIROGLU assist,,,,,,,,,0,89,1.0,,0,32,0,25
05:11,05:11:00,32,25,7,1,2,REGULAR,91,M. LEWIS III,0,3pt,269,,[],jumpshot,1,21,Maxwell Robert ,Lewis Iii,Maxwell Robert ,Lewis Iii,M,L,M,L,M. Lewis Iii,TOFAS,TOF,M. Lewis Iii,21,,,8.7700004577637,97.01000213623,0.0,P3,missed,TOFAS M. LEWIS III 3Pt missed,,,,,,,,,0,89,1.0,,0,32,0,25
05:09,05:09:00,32,25,7,1,2,REGULAR,93,J. THOMASSON JR,1,rebound,270,269,[],offensive,0,32,Joseph Elliotte,Thomasson Jr,Joseph Elliotte,Thomasson Jr,J,T,J,T,J. Thomasson Jr,TOFAS,TOF,J. Thomasson Jr,32,,,,,,REB,,TOFAS rebound offensive,,,,,,,,,0,89,1.0,,0,32,0,25
05:07,05:07:00,34,25,9,1,2,REGULAR,88,M. BLAZEVIC,1,2pt,271,,"['2ndchance', 'pointsinthepaint']",layup,1,22,Marek,Blazevic,Marek,Blazevic,M,B,M,B,M. Blazevic,TOFAS,TOF,M. Blazevic,22,,,4.5599999427795,62.540000915527,1.0,P2,made,TOFAS M. BLAZEVIC 2Pt made,93.0,1.0,J. THOMASSON JR,,,,,,2,89,1.0,score,2,34,0,25
05:07,05:07:00,34,25,9,1,2,REGULAR,93,J. THOMASSON JR,1,assist,272,271,[],,0,32,Joseph Elliotte,Thomasson Jr,Joseph Elliotte,Thomasson Jr,J,T,J,T,J. Thomasson Jr,TOFAS,TOF,J. Thomasson Jr,32,,,,,,ASS,,TOFAS J. THOMASSON JR assist,,,,,,,,,0,90,2.0,,0,34,0,25
04:50,04:50:00,34,25,9,2,2,REGULAR,5,D. ÖZDEMIROGLU,1,turnover,273,,[],ballhandling,0,18,Dogus,Özdemiroglu,Dogus,Özdemiroglu,D,Ö,D,Ö,D. Özdemiroglu,TÜRK TELEKOM ,TTK,D. Özdemiroglu,18,,,,,,TO,,TÜRK TELEKOM  D. ÖZDEMIROGLU turnover ballhandling,,,,,,,,,0,90,2.0,turnover,0,34,0,25
04:50,04:50:00,34,25,9,1,2,REGULAR,93,J. THOMASSON JR,1,steal,275,273,[],,0,32,Joseph Elliotte,Thomasson Jr,Joseph Elliotte,Thomasson Jr,J,T,J,T,J. Thomasson Jr,TOFAS,TOF,J. Thomasson Jr,32,,,,,,ST,,TOFAS J. THOMASSON JR steal,,,,,,,,,0,91,1.0,,0,34,0,25
04:47,04:47:00,36,25,11,1,2,REGULAR,89,A. PEREZ,1,2pt,276,,"['fromturnover', 'pointsinthepaint', 'fastbreak']",drivinglayup,1,2,Alex Daniel,Perez,Alex Daniel,Perez,A,P,A,P,A. Perez,TOFAS,TOF,A. Perez,2,,,10.479999542236,60.560001373291,1.0,P2,made,TOFAS A. PEREZ 2Pt made,93.0,1.0,J. THOMASSON JR,,,,,,2,91,1.0,score,2,36,0,25
04:47,04:47:00,36,25,11,1,2,REGULAR,93,J. THOMASSON JR,1,assist,277,276,[],,0,32,Joseph Elliotte,Thomasson Jr,Joseph Elliotte,Thomasson Jr,J,T,J,T,J. Thomasson Jr,TOFAS,TOF,J. Thomasson Jr,32,,,,,,ASS,,TOFAS J. THOMASSON JR assist,,,,,,,,,0,92,2.0,,0,36,0,25
04:47,04:47:00,36,25,11,2,2,REGULAR,0,,1,timeout,278,,[],full,0,,,,,,,,,,,TÜRK TELEKOM ,TTK,,,,,,,,TIMEOUT,,TÜRK TELEKOM  timeout,,,,,,,,,0,92,2.0,,0,36,0,25
04:47,04:47:00,36,25,11,2,2,REGULAR,5,D. ÖZDEMIROGLU,1,substitution,279,,[],out,0,18,Dogus,Özdemiroglu,Dogus,Özdemiroglu,D,Ö,D,Ö,D. Özdemiroglu,TÜRK TELEKOM ,TTK,D. Özdemiroglu,18,,,,,,SUB,out,TÜRK TELEKOM  substitution out,,,,,,,,,0,92,2.0,,0,36,0,25
04:47,04:47:00,36,25,11,2,2,REGULAR,77,J. SMITH,1,substitution,280,,[],in,0,9,Jaleen Devon,Smith,Jaleen Devon,Smith,J,S,J,S,J. Smith,TÜRK TELEKOM ,TTK,J. Smith,9,,,,,,SUB,in,TÜRK TELEKOM  substitution in,,,,,,,,,0,92,2.0,,0,36,0,25
04:26,04:26:00,36,27,9,2,2,REGULAR,75,K. ALLMAN,1,2pt,282,,[],pullupjumpshot,1,1,Kyle Lindsay,Allman,Kyle Lindsay,Allman,K,A,K,A,K. Allman,TÜRK TELEKOM ,TTK,K. Allman,1,,,79.910003662109,75.540000915527,1.0,P2,made,TÜRK TELEKOM  K. ALLMAN 2Pt made,77.0,2.0,J. SMITH,,,,,,2,92,2.0,score,0,36,2,27
04:26,04:26:00,36,27,9,2,2,REGULAR,77,J. SMITH,1,assist,283,282,[],,0,9,Jaleen Devon,Smith,Jaleen Devon,Smith,J,S,J,S,J. Smith,TÜRK TELEKOM ,TTK,J. Smith,9,,,,,,ASS,,TÜRK TELEKOM  J. SMITH assist,,,,,,,,,0,93,1.0,,0,36,0,27
04:01,04:01:00,39,27,12,1,2,REGULAR,91,M. LEWIS III,1,3pt,284,,[],jumpshot,1,21,Maxwell Robert ,Lewis Iii,Maxwell Robert ,Lewis Iii,M,L,M,L,M. Lewis Iii,TOFAS,TOF,M. Lewis Iii,21,,,10.170000076294,2.9400000572205,1.0,P3,made,TOFAS M. LEWIS III 3Pt made,66.0,1.0,Y. SAYBIR,,,,,,3,93,1.0,score,3,39,0,27
04:01,04:01:00,39,27,12,1,2,REGULAR,66,Y. SAYBIR,1,assist,285,284,[],,0,3,Yigitcan,Saybir,Yigitcan,Saybir,Y,S,Y,S,Y. Saybir,TOFAS,TOF,Y. Saybir,3,,,,,,ASS,,TOFAS Y. SAYBIR assist,,,,,,,,,0,94,2.0,,0,39,0,27
03:41,03:41:00,39,29,10,2,2,REGULAR,75,K. ALLMAN,1,2pt,286,,['pointsinthepaint'],reverselayup,1,1,Kyle Lindsay,Allman,Kyle Lindsay,Allman,K,A,K,A,K. Allman,TÜRK TELEKOM ,TTK,K. Allman,1,,,92.849998474121,46.159999847412,1.0,P2,made,TÜRK TELEKOM  K. ALLMAN 2Pt made,,,,,,,,,2,94,2.0,score,0,39,2,29
03:29,03:29:00,39,29,10,1,2,REGULAR,66,Y. SAYBIR,0,3pt,287,,[],jumpshot,1,3,Yigitcan,Saybir,Yigitcan,Saybir,Y,S,Y,S,Y. Saybir,TOFAS,TOF,Y. Saybir,3,,,30.299999237061,30.620000839233,0.0,P3,missed,TOFAS Y. SAYBIR 3Pt missed,,,,,,,,,0,95,1.0,,0,39,0,29
03:27,03:27:00,39,29,10,1,2,REGULAR,88,M. BLAZEVIC,1,rebound,289,287,[],offensive,0,22,Marek,Blazevic,Marek,Blazevic,M,B,M,B,M. Blazevic,TOFAS,TOF,M. Blazevic,22,,,,,,REB,,TOFAS rebound offensive,,,,,,,,,0,95,1.0,,0,39,0,29
03:27,03:27:00,39,29,10,2,2,REGULAR,75,K. ALLMAN,1,foul,290,,[],personal,0,1,Kyle Lindsay,Allman,Kyle Lindsay,Allman,K,A,K,A,K. Allman,TÜRK TELEKOM ,TTK,K. Allman,1,,,,,,FOUL,,TÜRK TELEKOM  K. ALLMAN foul personal,,,,,,,,,0,95,1.0,,0,39,0,29
03:27,03:27:00,39,29,10,1,2,REGULAR,88,M. BLAZEVIC,1,foulon,291,290,[],,0,22,Marek,Blazevic,Marek,Blazevic,M,B,M,B,M. Blazevic,TOFAS,TOF,M. Blazevic,22,,,,,,OTHER,,TOFAS foulon,,,,,,,,,0,95,1.0,,0,39,0,29
03:27,03:27:00,39,29,10,2,2,REGULAR,78,K. BANKSTON,1,substitution,292,,[],out,0,30,Kristeon Lamar,Bankston,Kristeon Lamar,Bankston,K,B,K,B,K. Bankston,TÜRK TELEKOM ,TTK,K. Bankston,30,,,,,,SUB,out,TÜRK TELEKOM  substitution out,,,,,,,,,0,95,1.0,,0,39,0,29
03:27,03:27:00,39,29,10,2,2,REGULAR,74,J. USHER,1,substitution,293,,[],in,0,8,Jordan Emanuel ,Usher,Jordan Emanuel ,Usher,J,U,J,U,J. Usher,TÜRK TELEKOM ,TTK,J. Usher,8,,,,,,SUB,in,TÜRK TELEKOM  substitution in,,,,,,,,,0,95,1.0,,0,39,0,29
03:26,03:26:00,39,29,10,1,2,REGULAR,89,A. PEREZ,1,turnover,295,,[],badpass,0,2,Alex Daniel,Perez,Alex Daniel,Perez,A,P,A,P,A. Perez,TOFAS,TOF,A. Perez,2,,,,,,TO,,TOFAS A. PEREZ turnover badpass,,,,,,,,,0,95,1.0,turnover,0,39,0,29
03:26,03:26:00,39,29,10,2,2,REGULAR,76,M. SIMONOVIC,1,steal,296,295,[],,0,11,Marko,Simonovic,Marko,Simonovic,M,S,M,S,M. Simonovic,TÜRK TELEKOM ,TTK,M. Simonovic,11,,,,,,ST,,TÜRK TELEKOM  M. SIMONOVIC steal,,,,,,,,,0,96,2.0,,0,39,0,29
03:22,03:22:00,39,29,10,1,2,REGULAR,93,J. THOMASSON JR,1,foul,298,,"['shooting', '2freethrow']",personal,0,32,Joseph Elliotte,Thomasson Jr,Joseph Elliotte,Thomasson Jr,J,T,J,T,J. Thomasson Jr,TOFAS,TOF,J. Thomasson Jr,32,,,,,,FOUL,,TOFAS J. THOMASSON JR foul personal,,,,,,,,,0,96,2.0,,0,39,0,29
03:22,03:22:00,39,29,10,2,2,REGULAR,74,J. USHER,1,foulon,299,298,[],,0,8,Jordan Emanuel ,Usher,Jordan Emanuel ,Usher,J,U,J,U,J. Usher,TÜRK TELEKOM ,TTK,J. Usher,8,,,,,,OTHER,,TÜRK TELEKOM  foulon,,,,,,,,,0,96,2.0,,0,39,0,29
03:22,03:22:00,39,29,10,2,2,REGULAR,74,J. USHER,0,freethrow,300,,"['fastbreak', 'fromturnover']",1of2,1,8,Jordan Emanuel ,Usher,Jordan Emanuel ,Usher,J,U,J,U,J. Usher,TÜRK TELEKOM ,TTK,J. Usher,8,,,,,,FT,missed,TÜRK TELEKOM  J. USHER FT 1of2 missed,,,,,,,,,0,96,2.0,def_reb,0,39,0,29
03:22,03:22:00,39,29,10,2,2,REGULAR,0,,1,rebound,301,300,[],offensivedeadball,0,,,,,,,,,,,TÜRK TELEKOM ,TTK,,,,,,,,TREB,,TÜRK TELEKOM  team rebound offensivedeadball,,,,,,,,,0,97,1.0,def_reb,0,39,0,29
03:22,03:22:00,39,30,9,2,2,REGULAR,74,J. USHER,1,freethrow,302,,"['fastbreak', 'fromturnover']",2of2,1,8,Jordan Emanuel ,Usher,Jordan Emanuel ,Usher,J,U,J,U,J. Usher,TÜRK TELEKOM ,TTK,J. Usher,8,,,,,,FT,made,TÜRK TELEKOM  J. USHER FT 2of2 made,,,,,,,,,1,98,2.0,made_ft_last,0,39,1,30
03:18,03:18:00,39,30,9,2,2,REGULAR,74,J. USHER,1,foul,311,,['2freethrow'],personal,0,8,Jordan Emanuel ,Usher,Jordan Emanuel ,Usher,J,U,J,U,J. Usher,TÜRK TELEKOM ,TTK,J. Usher,8,,,,,,FOUL,,TÜRK TELEKOM  J. USHER foul personal,,,,,,,,,0,99,1.0,,0,39,0,30
03:18,03:18:00,39,30,9,1,2,REGULAR,93,J. THOMASSON JR,1,foulon,312,311,[],,0,32,Joseph Elliotte,Thomasson Jr,Joseph Elliotte,Thomasson Jr,J,T,J,T,J. Thomasson Jr,TOFAS,TOF,J. Thomasson Jr,32,,,,,,OTHER,,TOFAS foulon,,,,,,,,,0,99,1.0,,0,39,0,30
03:18,03:18:00,40,30,10,1,2,REGULAR,93,J. THOMASSON JR,1,freethrow,313,,['fastbreak'],1of2,1,32,Joseph Elliotte,Thomasson Jr,Joseph Elliotte,Thomasson Jr,J,T,J,T,J. Thomasson Jr,TOFAS,TOF,J. Thomasson Jr,32,,,,,,FT,made,TOFAS J. THOMASSON JR FT 1of2 made,,,,,,,,,1,99,1.0,made_ft,1,40,0,30
03:18,03:18:00,41,30,11,1,2,REGULAR,93,J. THOMASSON JR,1,freethrow,314,,['fastbreak'],2of2,1,32,Joseph Elliotte,Thomasson Jr,Joseph Elliotte,Thomasson Jr,J,T,J,T,J. Thomasson Jr,TOFAS,TOF,J. Thomasson Jr,32,,,,,,FT,made,TOFAS J. THOMASSON JR FT 2of2 made,,,,,,,,,1,100,2.0,made_ft_last,1,41,0,30
03:07,03:07:00,41,30,11,2,2,REGULAR,75,K. ALLMAN,0,2pt,316,,[],pullupjumpshot,1,1,Kyle Lindsay,Allman,Kyle Lindsay,Allman,K,A,K,A,K. Allman,TÜRK TELEKOM ,TTK,K. Allman,1,,,81.930000305176,25.819999694824,0.0,P2,missed,TÜRK TELEKOM  K. ALLMAN 2Pt missed,,,,,,,,,0,101,1.0,def_reb,0,41,0,30
03:02,03:02:00,41,30,11,1,2,REGULAR,91,M. LEWIS III,1,rebound,317,316,[],defensive,0,21,Maxwell Robert ,Lewis Iii,Maxwell Robert ,Lewis Iii,M,L,M,L,M. Lewis Iii,TOFAS,TOF,M. Lewis Iii,21,,,,,,REB,,TOFAS rebound defensive,,,,,,,,,0,102,2.0,def_reb,0,41,0,30
02:56,02:56:00,41,30,11,1,2,REGULAR,88,M. BLAZEVIC,0,2pt,318,,"['pointsinthepaint', 'blocked']",layup,1,22,Marek,Blazevic,Marek,Blazevic,M,B,M,B,M. Blazevic,TOFAS,TOF,M. Blazevic,22,,,5.8000001907349,60.560001373291,0.0,P2,missed,TOFAS M. BLAZEVIC 2Pt missed,,,,3.0,2.0,A. KAHRAMAN,,,0,103,1.0,,0,41,0,30
02:56,02:56:00,41,30,11,2,2,REGULAR,3,A. KAHRAMAN,1,block,319,318,[],,0,6,Ata,Kahraman,Ata,Kahraman,A,K,A,K,A. Kahraman,TÜRK TELEKOM ,TTK,A. Kahraman,6,,,,,,BS,,TÜRK TELEKOM  A. KAHRAMAN block,,,,,,,,,0,103,1.0,,0,41,0,30
02:52,02:52:00,41,30,11,1,2,REGULAR,89,A. PEREZ,1,rebound,320,318,[],offensive,0,2,Alex Daniel,Perez,Alex Daniel,Perez,A,P,A,P,A. Perez,TOFAS,TOF,A. Perez,2,,,,,,REB,,TOFAS rebound offensive,,,,,,,,,0,103,1.0,,0,41,0,30
02:52,02:52:00,41,30,11,1,2,REGULAR,89,A. PEREZ,0,2pt,321,,['2ndchance'],jumpshot,1,2,Alex Daniel,Perez,Alex Daniel,Perez,A,P,A,P,A. Perez,TOFAS,TOF,A. Perez,2,,,13.760000228882,31.190000534058,0.0,P2,missed,TOFAS A. PEREZ 2Pt missed,,,,,,,,,0,103,1.0,def_reb,0,41,0,30
02:50,02:50:00,41,30,11,2,2,REGULAR,76,M. SIMONOVIC,1,rebound,323,321,[],defensive,0,11,Marko,Simonovic,Marko,Simonovic,M,S,M,S,M. Simonovic,TÜRK TELEKOM ,TTK,M. Simonovic,11,,,,,,REB,,TÜRK TELEKOM  rebound defensive,,,,,,,,,0,104,2.0,def_reb,0,41,0,30
02:52,02:52:00,41,30,11,1,2,REGULAR,88,M. BLAZEVIC,1,substitution,326,,[],out,0,22,Marek,Blazevic,Marek,Blazevic,M,B,M,B,M. Blazevic,TOFAS,TOF,M. Blazevic,22,,,,,,SUB,out,TOFAS substitution out,,,,,,,,,0,105,1.0,,0,41,0,30
02:52,02:52:00,41,30,11,1,2,REGULAR,92,S. WHALEY,1,substitution,327,,[],in,0,5,Shaqwan Malic,Whaley,Shaqwan Malic,Whaley,S,W,S,W,S. Whaley,TOFAS,TOF,S. Whaley,5,,,,,,SUB,in,TOFAS substitution in,,,,,,,,,0,105,1.0,,0,41,0,30
02:34,02:34:00,41,32,9,2,2,REGULAR,75,K. ALLMAN,1,2pt,329,,['pointsinthepaint'],reverselayup,1,1,Kyle Lindsay,Allman,Kyle Lindsay,Allman,K,A,K,A,K. Allman,TÜRK TELEKOM ,TTK,K. Allman,1,,,94.26000213623,60.560001373291,1.0,P2,made,TÜRK TELEKOM  K. ALLMAN 2Pt made,77.0,2.0,J. SMITH,,,,,,2,105,1.0,score,0,41,2,32
02:34,02:34:00,41,32,9,2,2,REGULAR,77,J. SMITH,1,assist,330,329,[],,0,9,Jaleen Devon,Smith,Jaleen Devon,Smith,J,S,J,S,J. Smith,TÜRK TELEKOM ,TTK,J. Smith,9,,,,,,ASS,,TÜRK TELEKOM  J. SMITH assist,,,,,,,,,0,106,2.0,,0,41,0,32
02:13,02:13:00,43,32,11,1,2,REGULAR,93,J. THOMASSON JR,1,2pt,331,,['pointsinthepaint'],floatingjumpshot,1,32,Joseph Elliotte,Thomasson Jr,Joseph Elliotte,Thomasson Jr,J,T,J,T,J. Thomasson Jr,TOFAS,TOF,J. Thomasson Jr,32,,,13.289999961853,37.680000305176,1.0,P2,made,TOFAS J. THOMASSON JR 2Pt made,89.0,1.0,A. PEREZ,,,,,,2,106,2.0,score,2,43,0,32
02:13,02:13:00,43,32,11,1,2,REGULAR,89,A. PEREZ,1,assist,332,331,[],,0,2,Alex Daniel,Perez,Alex Daniel,Perez,A,P,A,P,A. Perez,TOFAS,TOF,A. Perez,2,,,,,,ASS,,TOFAS A. PEREZ assist,,,,,,,,,0,107,1.0,,0,43,0,32
01:46,01:46:00,43,32,11,2,2,REGULAR,0,,1,turnover,334,,['team'],24sec,0,,,,,,,,,,,TÜRK TELEKOM ,TTK,,,,,,,,TO,,TÜRK TELEKOM   turnover 24sec,,,,,,,,,0,107,1.0,turnover,0,43,0,32
01:35,01:35:00,45,32,13,1,2,REGULAR,92,S. WHALEY,1,2pt,336,,"['fromturnover', 'pointsinthepaint']",layup,1,5,Shaqwan Malic,Whaley,Shaqwan Malic,Whaley,S,W,S,W,S. Whaley,TOFAS,TOF,S. Whaley,5,,,5.6500000953674,56.610000610352,1.0,P2,made,TOFAS S. WHALEY 2Pt made,93.0,1.0,J. THOMASSON JR,,,,,,2,108,2.0,score,2,45,0,32
01:35,01:35:00,45,32,13,1,2,REGULAR,93,J. THOMASSON JR,1,assist,337,336,[],,0,32,Joseph Elliotte,Thomasson Jr,Joseph Elliotte,Thomasson Jr,J,T,J,T,J. Thomasson Jr,TOFAS,TOF,J. Thomasson Jr,32,,,,,,ASS,,TOFAS J. THOMASSON JR assist,,,,,,,,,0,109,1.0,,0,45,0,32
01:13,01:13:00,45,32,13,2,2,REGULAR,74,J. USHER,0,2pt,338,,[],stepbackjumpshot,1,8,Jordan Emanuel ,Usher,Jordan Emanuel ,Usher,J,U,J,U,J. Usher,TÜRK TELEKOM ,TTK,J. Usher,8,,,92.540000915527,32.319999694824,0.0,P2,missed,TÜRK TELEKOM  J. USHER 2Pt missed,,,,,,,,,0,109,1.0,def_reb,0,45,0,32
01:09,01:09:00,45,32,13,1,2,REGULAR,92,S. WHALEY,1,rebound,339,338,[],defensive,0,5,Shaqwan Malic,Whaley,Shaqwan Malic,Whaley,S,W,S,W,S. Whaley,TOFAS,TOF,S. Whaley,5,,,,,,REB,,TOFAS rebound defensive,,,,,,,,,0,110,2.0,def_reb,0,45,0,32
01:01,01:01:00,47,32,15,1,2,REGULAR,91,M. LEWIS III,1,2pt,340,,['pointsinthepaint'],layup,1,21,Maxwell Robert ,Lewis Iii,Maxwell Robert ,Lewis Iii,M,L,M,L,M. Lewis Iii,TOFAS,TOF,M. Lewis Iii,21,,,10.020000457764,50.959999084473,1.0,P2,made,TOFAS M. LEWIS III 2Pt made,66.0,1.0,Y. SAYBIR,,,,,,2,111,1.0,score,2,47,0,32
01:01,01:01:00,47,32,15,1,2,REGULAR,66,Y. SAYBIR,1,assist,341,340,[],,0,3,Yigitcan,Saybir,Yigitcan,Saybir,Y,S,Y,S,Y. Saybir,TOFAS,TOF,Y. Saybir,3,,,,,,ASS,,TOFAS Y. SAYBIR assist,,,,,,,,,0,112,2.0,,0,47,0,32
00:42,00:42:10,47,32,15,2,2,REGULAR,74,J. USHER,1,turnover,342,,[],badpass,0,8,Jordan Emanuel ,Usher,Jordan Emanuel ,Usher,J,U,J,U,J. Usher,TÜRK TELEKOM ,TTK,J. Usher,8,,,,,,TO,,TÜRK TELEKOM  J. USHER turnover badpass,,,,,,,,,0,112,2.0,turnover,0,47,0,32
00:42,00:42:10,47,32,15,1,2,REGULAR,89,A. PEREZ,1,steal,343,342,[],,0,2,Alex Daniel,Perez,Alex Daniel,Perez,A,P,A,P,A. Perez,TOFAS,TOF,A. Perez,2,,,,,,ST,,TOFAS A. PEREZ steal,,,,,,,,,0,113,1.0,,0,47,0,32
00:37,00:37:10,50,32,18,1,2,REGULAR,91,M. LEWIS III,1,3pt,344,,"['fromturnover', 'fastbreak']",jumpshot,1,21,Maxwell Robert ,Lewis Iii,Maxwell Robert ,Lewis Iii,M,L,M,L,M. Lewis Iii,TOFAS,TOF,M. Lewis Iii,21,,,19.379999160767,93.330001831055,1.0,P3,made,TOFAS M. LEWIS III 3Pt made,93.0,1.0,J. THOMASSON JR,,,,,,3,113,1.0,score,3,50,0,32
00:37,00:37:10,50,32,18,1,2,REGULAR,93,J. THOMASSON JR,1,assist,345,344,[],,0,32,Joseph Elliotte,Thomasson Jr,Joseph Elliotte,Thomasson Jr,J,T,J,T,J. Thomasson Jr,TOFAS,TOF,J. Thomasson Jr,32,,,,,,ASS,,TOFAS J. THOMASSON JR assist,,,,,,,,,0,114,2.0,,0,50,0,32
00:09,00:09:80,50,32,18,2,2,REGULAR,3,A. KAHRAMAN,0,3pt,346,,[],jumpshot,1,6,Ata,Kahraman,Ata,Kahraman,A,K,A,K,A. Kahraman,TÜRK TELEKOM ,TTK,A. Kahraman,6,,,89.580001831055,97.290000915527,0.0,P3,missed,TÜRK TELEKOM  A. KAHRAMAN 3Pt missed,,,,,,,,,0,114,2.0,def_reb,0,50,0,32
00:07,00:07:30,50,32,18,1,2,REGULAR,92,S. WHALEY,1,rebound,347,346,[],defensive,0,5,Shaqwan Malic,Whaley,Shaqwan Malic,Whaley,S,W,S,W,S. Whaley,TOFAS,TOF,S. Whaley,5,,,,,,REB,,TOFAS rebound defensive,,,,,,,,,0,115,1.0,def_reb,0,50,0,32
00:00,00:00:50,50,32,18,1,2,REGULAR,66,Y. SAYBIR,0,2pt,350,,[],turnaroundjumpshot,1,3,Yigitcan,Saybir,Yigitcan,Saybir,Y,S,Y,S,Y. Saybir,TOFAS,TOF,Y. Saybir,3,,,7.6799998283386,20.729999542236,0.0,P2,missed,TOFAS Y. SAYBIR 2Pt missed,,,,,,,,,0,116,2.0,,0,50,0,32
00:00,00:00:00,50,32,18,0,2,REGULAR,0,,1,period,352,,['confirmed'],end,0,,,,,,,,,,,,,,,,,,,,OTHER,,period end,,,,,,,,,0,116,2.0,,0,50,0,32
10:00,10:00:00,50,32,18,1,3,REGULAR,92,S. WHALEY,1,substitution,353,,[],out,0,5,Shaqwan Malic,Whaley,Shaqwan Malic,Whaley,S,W,S,W,S. Whaley,TOFAS,TOF,S. Whaley,5,,,,,,SUB,out,TOFAS substitution out,,,,,,,,,0,116,2.0,,0,50,0,32
10:00,10:00:00,50,32,18,1,3,REGULAR,88,M. BLAZEVIC,1,substitution,354,,[],in,0,22,Marek,Blazevic,Marek,Blazevic,M,B,M,B,M. Blazevic,TOFAS,TOF,M. Blazevic,22,,,,,,SUB,in,TOFAS substitution in,,,,,,,,,0,116,2.0,,0,50,0,32
10:00,10:00:00,50,32,18,2,3,REGULAR,75,K. ALLMAN,1,substitution,355,,[],out,0,1,Kyle Lindsay,Allman,Kyle Lindsay,Allman,K,A,K,A,K. Allman,TÜRK TELEKOM ,TTK,K. Allman,1,,,,,,SUB,out,TÜRK TELEKOM  substitution out,,,,,,,,,0,116,2.0,,0,50,0,32
10:00,10:00:00,50,32,18,2,3,REGULAR,3,A. KAHRAMAN,1,substitution,356,,[],out,0,6,Ata,Kahraman,Ata,Kahraman,A,K,A,K,A. Kahraman,TÜRK TELEKOM ,TTK,A. Kahraman,6,,,,,,SUB,out,TÜRK TELEKOM  substitution out,,,,,,,,,0,116,2.0,,0,50,0,32
10:00,10:00:00,50,32,18,2,3,REGULAR,76,M. SIMONOVIC,1,substitution,357,,[],out,0,11,Marko,Simonovic,Marko,Simonovic,M,S,M,S,M. Simonovic,TÜRK TELEKOM ,TTK,M. Simonovic,11,,,,,,SUB,out,TÜRK TELEKOM  substitution out,,,,,,,,,0,116,2.0,,0,50,0,32
10:00,10:00:00,50,32,18,2,3,REGULAR,7,B. DURMAZ,1,substitution,358,,[],in,0,3,Berkan,Durmaz,Berkan,Durmaz,B,D,B,D,B. Durmaz,TÜRK TELEKOM ,TTK,B. Durmaz,3,,,,,,SUB,in,TÜRK TELEKOM  substitution in,,,,,,,,,0,116,2.0,,0,50,0,32
10:00,10:00:00,50,32,18,2,3,REGULAR,5,D. ÖZDEMIROGLU,1,substitution,359,,[],in,0,18,Dogus,Özdemiroglu,Dogus,Özdemiroglu,D,Ö,D,Ö,D. Özdemiroglu,TÜRK TELEKOM ,TTK,D. Özdemiroglu,18,,,,,,SUB,in,TÜRK TELEKOM  substitution in,,,,,,,,,0,116,2.0,,0,50,0,32
10:00,10:00:00,50,32,18,2,3,REGULAR,78,K. BANKSTON,1,substitution,360,,[],in,0,30,Kristeon Lamar,Bankston,Kristeon Lamar,Bankston,K,B,K,B,K. Bankston,TÜRK TELEKOM ,TTK,K. Bankston,30,,,,,,SUB,in,TÜRK TELEKOM  substitution in,,,,,,,,,0,116,2.0,,0,50,0,32
10:00,10:00:00,50,32,18,0,3,REGULAR,0,,1,period,361,,[],start,0,,,,,,,,,,,,,,,,,,,,OTHER,,period start,,,,,,,,,0,116,2.0,,0,50,0,32
09:42,09:42:00,50,32,18,1,3,REGULAR,91,M. LEWIS III,0,2pt,364,,[],floatingjumpshot,1,21,Maxwell Robert ,Lewis Iii,Maxwell Robert ,Lewis Iii,M,L,M,L,M. Lewis Iii,TOFAS,TOF,M. Lewis Iii,21,,,89.889999389648,74.690002441406,0.0,P2,missed,TOFAS M. LEWIS III 2Pt missed,,,,,,,,,0,116,2.0,,0,50,0,32
09:41,09:41:00,50,32,18,1,3,REGULAR,66,Y. SAYBIR,1,rebound,365,364,[],offensive,0,3,Yigitcan,Saybir,Yigitcan,Saybir,Y,S,Y,S,Y. Saybir,TOFAS,TOF,Y. Saybir,3,,,,,,REB,,TOFAS rebound offensive,,,,,,,,,0,116,2.0,,0,50,0,32
09:41,09:41:00,50,32,18,2,3,REGULAR,7,B. DURMAZ,1,foul,366,,"['shooting', '2freethrow']",personal,0,3,Berkan,Durmaz,Berkan,Durmaz,B,D,B,D,B. Durmaz,TÜRK TELEKOM ,TTK,B. Durmaz,3,,,,,,FOUL,,TÜRK TELEKOM  B. DURMAZ foul personal,,,,,,,,,0,116,2.0,,0,50,0,32
09:41,09:41:00,50,32,18,1,3,REGULAR,66,Y. SAYBIR,1,foulon,367,366,[],,0,3,Yigitcan,Saybir,Yigitcan,Saybir,Y,S,Y,S,Y. Saybir,TOFAS,TOF,Y. Saybir,3,,,,,,OTHER,,TOFAS foulon,,,,,,,,,0,116,2.0,,0,50,0,32
09:41,09:41:00,51,32,19,1,3,REGULAR,66,Y. SAYBIR,1,freethrow,368,,['2ndchance'],1of2,1,3,Yigitcan,Saybir,Yigitcan,Saybir,Y,S,Y,S,Y. Saybir,TOFAS,TOF,Y. Saybir,3,,,,,,FT,made,TOFAS Y. SAYBIR FT 1of2 made,,,,,,,,,1,116,2.0,made_ft,1,51,0,32
09:41,09:41:00,51,32,19,1,3,REGULAR,66,Y. SAYBIR,0,freethrow,369,,['2ndchance'],2of2,1,3,Yigitcan,Saybir,Yigitcan,Saybir,Y,S,Y,S,Y. Saybir,TOFAS,TOF,Y. Saybir,3,,,,,,FT,missed,TOFAS Y. SAYBIR FT 2of2 missed,,,,,,,,,0,117,1.0,def_reb,0,51,0,32
09:41,09:41:00,51,32,19,2,3,REGULAR,7,B. DURMAZ,1,rebound,371,369,[],defensive,0,3,Berkan,Durmaz,Berkan,Durmaz,B,D,B,D,B. Durmaz,TÜRK TELEKOM ,TTK,B. Durmaz,3,,,,,,REB,,TÜRK TELEKOM  rebound defensive,,,,,,,,,0,118,2.0,def_reb,0,51,0,32
09:40,09:40:00,51,32,19,1,3,REGULAR,91,M. LEWIS III,1,foul,375,,[],personal,0,21,Maxwell Robert ,Lewis Iii,Maxwell Robert ,Lewis Iii,M,L,M,L,M. Lewis Iii,TOFAS,TOF,M. Lewis Iii,21,,,,,,FOUL,,TOFAS M. LEWIS III foul personal,,,,,,,,,0,119,1.0,,0,51,0,32
09:40,09:40:00,51,32,19,2,3,REGULAR,7,B. DURMAZ,1,foulon,376,375,[],,0,3,Berkan,Durmaz,Berkan,Durmaz,B,D,B,D,B. Durmaz,TÜRK TELEKOM ,TTK,B. Durmaz,3,,,,,,OTHER,,TÜRK TELEKOM  foulon,,,,,,,,,0,119,1.0,,0,51,0,32
09:32,09:32:00,51,32,19,2,3,REGULAR,5,D. ÖZDEMIROGLU,1,turnover,379,,[],badpass,0,18,Dogus,Özdemiroglu,Dogus,Özdemiroglu,D,Ö,D,Ö,D. Özdemiroglu,TÜRK TELEKOM ,TTK,D. Özdemiroglu,18,,,,,,TO,,TÜRK TELEKOM  D. ÖZDEMIROGLU turnover badpass,,,,,,,,,0,119,1.0,turnover,0,51,0,32
09:11,09:11:00,51,32,19,1,3,REGULAR,91,M. LEWIS III,0,2pt,381,,"['fromturnover', 'pointsinthepaint']",drivinglayup,1,21,Maxwell Robert ,Lewis Iii,Maxwell Robert ,Lewis Iii,M,L,M,L,M. Lewis Iii,TOFAS,TOF,M. Lewis Iii,21,,,91.919998168945,40.790000915527,0.0,P2,missed,TOFAS M. LEWIS III 2Pt missed,,,,,,,,,0,120,2.0,def_reb,0,51,0,32
09:08,09:08:00,51,32,19,2,3,REGULAR,7,B. DURMAZ,1,rebound,382,381,[],defensive,0,3,Berkan,Durmaz,Berkan,Durmaz,B,D,B,D,B. Durmaz,TÜRK TELEKOM ,TTK,B. Durmaz,3,,,,,,REB,,TÜRK TELEKOM  rebound defensive,,,,,,,,,0,121,1.0,def_reb,0,51,0,32
08:57,08:57:00,51,35,16,2,3,REGULAR,74,J. USHER,1,3pt,383,,[],jumpshot,1,8,Jordan Emanuel ,Usher,Jordan Emanuel ,Usher,J,U,J,U,J. Usher,TÜRK TELEKOM ,TTK,J. Usher,8,,,19.840000152588,8.0200004577637,1.0,P3,made,TÜRK TELEKOM  J. USHER 3Pt made,77.0,2.0,J. SMITH,,,,,,3,122,2.0,score,0,51,3,35
08:57,08:57:00,51,35,16,2,3,REGULAR,77,J. SMITH,1,assist,384,383,[],,0,9,Jaleen Devon,Smith,Jaleen Devon,Smith,J,S,J,S,J. Smith,TÜRK TELEKOM ,TTK,J. Smith,9,,,,,,ASS,,TÜRK TELEKOM  J. SMITH assist,,,,,,,,,0,123,1.0,,0,51,0,35
08:46,08:46:00,51,35,16,1,3,REGULAR,66,Y. SAYBIR,0,2pt,385,,['pointsinthepaint'],reverselayup,1,3,Yigitcan,Saybir,Yigitcan,Saybir,Y,S,Y,S,Y. Saybir,TOFAS,TOF,Y. Saybir,3,,,93.319999694824,48.979999542236,0.0,P2,missed,TOFAS Y. SAYBIR 2Pt missed,,,,,,,,,0,123,1.0,def_reb,0,51,0,35
08:42,08:42:00,51,35,16,2,3,REGULAR,7,B. DURMAZ,1,rebound,386,385,[],defensive,0,3,Berkan,Durmaz,Berkan,Durmaz,B,D,B,D,B. Durmaz,TÜRK TELEKOM ,TTK,B. Durmaz,3,,,,,,REB,,TÜRK TELEKOM  rebound defensive,,,,,,,,,0,124,2.0,def_reb,0,51,0,35
08:27,08:27:00,51,37,14,2,3,REGULAR,77,J. SMITH,1,2pt,387,,[],fadeaway,1,9,Jaleen Devon,Smith,Jaleen Devon,Smith,J,S,J,S,J. Smith,TÜRK TELEKOM ,TTK,J. Smith,9,,,18.60000038147,30.059999465942,1.0,P2,made,TÜRK TELEKOM  J. SMITH 2Pt made,,,,,,,,,2,125,1.0,score,0,51,2,37
08:03,08:03:00,53,37,16,1,3,REGULAR,88,M. BLAZEVIC,1,2pt,388,,[],jumpshot,1,22,Marek,Blazevic,Marek,Blazevic,M,B,M,B,M. Blazevic,TOFAS,TOF,M. Blazevic,22,,,95.51000213623,18.190000534058,1.0,P2,made,TOFAS M. BLAZEVIC 2Pt made,93.0,1.0,J. THOMASSON JR,,,,,,2,126,2.0,score,2,53,0,37
08:03,08:03:00,53,37,16,1,3,REGULAR,93,J. THOMASSON JR,1,assist,389,388,[],,0,32,Joseph Elliotte,Thomasson Jr,Joseph Elliotte,Thomasson Jr,J,T,J,T,J. Thomasson Jr,TOFAS,TOF,J. Thomasson Jr,32,,,,,,ASS,,TOFAS J. THOMASSON JR assist,,,,,,,,,0,127,1.0,,0,53,0,37
07:38,07:38:00,53,37,16,2,3,REGULAR,7,B. DURMAZ,0,3pt,390,,[],jumpshot,1,3,Berkan,Durmaz,Berkan,Durmaz,B,D,B,D,B. Durmaz,TÜRK TELEKOM ,TTK,B. Durmaz,3,,,15.319999694824,6.6100001335144,0.0,P3,missed,TÜRK TELEKOM  B. DURMAZ 3Pt missed,,,,,,,,,0,127,1.0,def_reb,0,53,0,37
07:37,07:37:00,53,37,16,2,3,REGULAR,0,,1,rebound,392,390,['team'],offensive,0,,,,,,,,,,,TÜRK TELEKOM ,TTK,,,,,,,,TREB,,TÜRK TELEKOM  team rebound offensive,,,,,,,,,0,128,2.0,def_reb,0,53,0,37
07:37,07:37:00,53,37,16,1,3,REGULAR,0,,1,headcoachchallenge,393,,['rejected'],outofbounds,0,,,,,,,,,,,TOFAS,TOF,,,,,,,,OTHER,,TOFAS headcoachchallenge outofbounds,,,,,,,,,0,129,1.0,,0,53,0,37
07:32,07:32:00,53,40,13,2,3,REGULAR,7,B. DURMAZ,1,3pt,395,,['2ndchance'],jumpshot,1,3,Berkan,Durmaz,Berkan,Durmaz,B,D,B,D,B. Durmaz,TÜRK TELEKOM ,TTK,B. Durmaz,3,,,20.780000686646,90.51000213623,1.0,P3,made,TÜRK TELEKOM  B. DURMAZ 3Pt made,78.0,2.0,K. BANKSTON,,,,,,3,129,1.0,score,0,53,3,40
07:32,07:32:00,53,40,13,2,3,REGULAR,78,K. BANKSTON,1,assist,396,395,[],,0,30,Kristeon Lamar,Bankston,Kristeon Lamar,Bankston,K,B,K,B,K. Bankston,TÜRK TELEKOM ,TTK,K. Bankston,30,,,,,,ASS,,TÜRK TELEKOM  K. BANKSTON assist,,,,,,,,,0,130,2.0,,0,53,0,40
07:17,07:17:00,55,40,15,1,3,REGULAR,66,Y. SAYBIR,1,2pt,397,,"['pointsinthepaint', 'fastbreak']",alleyoop,1,3,Yigitcan,Saybir,Yigitcan,Saybir,Y,S,Y,S,Y. Saybir,TOFAS,TOF,Y. Saybir,3,,,94.879997253418,64.519996643066,1.0,P2,made,TOFAS Y. SAYBIR 2Pt made,93.0,1.0,J. THOMASSON JR,,,,,,2,130,2.0,score,2,55,0,40
07:17,07:17:00,55,40,15,1,3,REGULAR,93,J. THOMASSON JR,1,assist,398,397,[],,0,32,Joseph Elliotte,Thomasson Jr,Joseph Elliotte,Thomasson Jr,J,T,J,T,J. Thomasson Jr,TOFAS,TOF,J. Thomasson Jr,32,,,,,,ASS,,TOFAS J. THOMASSON JR assist,,,,,,,,,0,131,1.0,,0,55,0,40
07:07,07:07:00,55,43,12,2,3,REGULAR,77,J. SMITH,1,3pt,399,,[],pullupjumpshot,1,9,Jaleen Devon,Smith,Jaleen Devon,Smith,J,S,J,S,J. Smith,TÜRK TELEKOM ,TTK,J. Smith,9,,,32.479999542236,51.810001373291,1.0,P3,made,TÜRK TELEKOM  J. SMITH 3Pt made,,,,,,,,,3,131,1.0,score,0,55,3,43
06:49,06:49:00,55,43,12,1,3,REGULAR,89,A. PEREZ,1,turnover,401,,[],badpass,0,2,Alex Daniel,Perez,Alex Daniel,Perez,A,P,A,P,A. Perez,TOFAS,TOF,A. Perez,2,,,,,,TO,,TOFAS A. PEREZ turnover badpass,,,,,,,,,0,132,2.0,turnover,0,55,0,43
06:49,06:49:00,55,43,12,2,3,REGULAR,7,B. DURMAZ,1,steal,402,401,[],,0,3,Berkan,Durmaz,Berkan,Durmaz,B,D,B,D,B. Durmaz,TÜRK TELEKOM ,TTK,B. Durmaz,3,,,,,,ST,,TÜRK TELEKOM  B. DURMAZ steal,,,,,,,,,0,133,1.0,,0,55,0,43
06:49,06:49:00,55,43,12,1,3,REGULAR,88,M. BLAZEVIC,1,foul,403,,[],personal,0,22,Marek,Blazevic,Marek,Blazevic,M,B,M,B,M. Blazevic,TOFAS,TOF,M. Blazevic,22,,,,,,FOUL,,TOFAS M. BLAZEVIC foul personal,,,,,,,,,0,133,1.0,,0,55,0,43
06:49,06:49:00,55,43,12,2,3,REGULAR,5,D. ÖZDEMIROGLU,1,foulon,404,403,[],,0,18,Dogus,Özdemiroglu,Dogus,Özdemiroglu,D,Ö,D,Ö,D. Özdemiroglu,TÜRK TELEKOM ,TTK,D. Özdemiroglu,18,,,,,,OTHER,,TÜRK TELEKOM  foulon,,,,,,,,,0,133,1.0,,0,55,0,43
06:26,06:26:00,55,43,12,2,3,REGULAR,74,J. USHER,0,3pt,406,,['fromturnover'],jumpshot,1,8,Jordan Emanuel ,Usher,Jordan Emanuel ,Usher,J,U,J,U,J. Usher,TÜRK TELEKOM ,TTK,J. Usher,8,,,8.7700004577637,97.849998474121,0.0,P3,missed,TÜRK TELEKOM  J. USHER 3Pt missed,,,,,,,,,0,133,1.0,def_reb,0,55,0,43
06:23,06:23:00,55,43,12,1,3,REGULAR,66,Y. SAYBIR,1,rebound,407,406,[],defensive,0,3,Yigitcan,Saybir,Yigitcan,Saybir,Y,S,Y,S,Y. Saybir,TOFAS,TOF,Y. Saybir,3,,,,,,REB,,TOFAS rebound defensive,,,,,,,,,0,134,2.0,def_reb,0,55,0,43
06:12,06:12:00,55,43,12,1,3,REGULAR,89,A. PEREZ,1,turnover,408,,[],badpass,0,2,Alex Daniel,Perez,Alex Daniel,Perez,A,P,A,P,A. Perez,TOFAS,TOF,A. Perez,2,,,,,,TO,,TOFAS A. PEREZ turnover badpass,,,,,,,,,0,135,1.0,turnover,0,55,0,43
06:12,06:12:00,55,43,12,2,3,REGULAR,78,K. BANKSTON,1,steal,409,408,[],,0,30,Kristeon Lamar,Bankston,Kristeon Lamar,Bankston,K,B,K,B,K. Bankston,TÜRK TELEKOM ,TTK,K. Bankston,30,,,,,,ST,,TÜRK TELEKOM  K. BANKSTON steal,,,,,,,,,0,136,2.0,,0,55,0,43
05:57,05:57:00,55,46,9,2,3,REGULAR,5,D. ÖZDEMIROGLU,1,3pt,410,,['fromturnover'],jumpshot,1,18,Dogus,Özdemiroglu,Dogus,Özdemiroglu,D,Ö,D,Ö,D. Özdemiroglu,TÜRK TELEKOM ,TTK,D. Özdemiroglu,18,,,26.239999771118,84.860000610352,1.0,P3,made,TÜRK TELEKOM  D. ÖZDEMIROGLU 3Pt made,74.0,2.0,J. USHER,,,,,,3,136,2.0,score,0,55,3,46
05:57,05:57:00,55,46,9,2,3,REGULAR,74,J. USHER,1,assist,412,410,[],,0,8,Jordan Emanuel ,Usher,Jordan Emanuel ,Usher,J,U,J,U,J. Usher,TÜRK TELEKOM ,TTK,J. Usher,8,,,,,,ASS,,TÜRK TELEKOM  J. USHER assist,,,,,,,,,0,137,1.0,,0,55,0,46
05:56,05:56:00,55,46,9,1,3,REGULAR,0,,1,timeout,413,,[],full,0,,,,,,,,,,,TOFAS,TOF,,,,,,,,TIMEOUT,,TOFAS timeout,,,,,,,,,0,137,1.0,,0,55,0,46
05:32,05:32:00,55,46,9,1,3,REGULAR,89,A. PEREZ,0,2pt,415,,['pointsinthepaint'],drivinglayup,1,2,Alex Daniel,Perez,Alex Daniel,Perez,A,P,A,P,A. Perez,TOFAS,TOF,A. Perez,2,,,90.669998168945,63.389999389648,0.0,P2,missed,TOFAS A. PEREZ 2Pt missed,,,,,,,,,0,137,1.0,def_reb,0,55,0,46
05:28,05:28:00,55,46,9,2,3,REGULAR,5,D. ÖZDEMIROGLU,1,rebound,416,415,[],defensive,0,18,Dogus,Özdemiroglu,Dogus,Özdemiroglu,D,Ö,D,Ö,D. Özdemiroglu,TÜRK TELEKOM ,TTK,D. Özdemiroglu,18,,,,,,REB,,TÜRK TELEKOM  rebound defensive,,,,,,,,,0,138,2.0,def_reb,0,55,0,46
05:14,05:14:00,55,46,9,2,3,REGULAR,78,K. BANKSTON,1,turnover,418,,[],outofbounds,0,30,Kristeon Lamar,Bankston,Kristeon Lamar,Bankston,K,B,K,B,K. Bankston,TÜRK TELEKOM ,TTK,K. Bankston,30,,,,,,TO,,TÜRK TELEKOM  K. BANKSTON turnover outofbounds,,,,,,,,,0,139,1.0,turnover,0,55,0,46
05:14,05:14:00,55,46,9,2,3,REGULAR,78,K. BANKSTON,1,substitution,419,,[],out,0,30,Kristeon Lamar,Bankston,Kristeon Lamar,Bankston,K,B,K,B,K. Bankston,TÜRK TELEKOM ,TTK,K. Bankston,30,,,,,,SUB,out,TÜRK TELEKOM  substitution out,,,,,,,,,0,140,2.0,,0,55,0,46
05:14,05:14:00,55,46,9,2,3,REGULAR,76,M. SIMONOVIC,1,substitution,420,,[],in,0,11,Marko,Simonovic,Marko,Simonovic,M,S,M,S,M. Simonovic,TÜRK TELEKOM ,TTK,M. Simonovic,11,,,,,,SUB,in,TÜRK TELEKOM  substitution in,,,,,,,,,0,140,2.0,,0,55,0,46
04:49,04:49:00,55,46,9,1,3,REGULAR,91,M. LEWIS III,0,2pt,422,,"['fromturnover', 'pointsinthepaint']",fadeaway,1,21,Maxwell Robert ,Lewis Iii,Maxwell Robert ,Lewis Iii,M,L,M,L,M. Lewis Iii,TOFAS,TOF,M. Lewis Iii,21,,,91.290000915527,37.119998931885,0.0,P2,missed,TOFAS M. LEWIS III 2Pt missed,,,,,,,,,0,140,2.0,def_reb,0,55,0,46
04:47,04:47:00,55,46,9,2,3,REGULAR,74,J. USHER,1,rebound,423,422,[],defensive,0,8,Jordan Emanuel ,Usher,Jordan Emanuel ,Usher,J,U,J,U,J. Usher,TÜRK TELEKOM ,TTK,J. Usher,8,,,,,,REB,,TÜRK TELEKOM  rebound defensive,,,,,,,,,0,141,1.0,def_reb,0,55,0,46
04:42,04:42:00,55,46,9,2,3,REGULAR,5,D. ÖZDEMIROGLU,1,turnover,424,,[],badpass,0,18,Dogus,Özdemiroglu,Dogus,Özdemiroglu,D,Ö,D,Ö,D. Özdemiroglu,TÜRK TELEKOM ,TTK,D. Özdemiroglu,18,,,,,,TO,,TÜRK TELEKOM  D. ÖZDEMIROGLU turnover badpass,,,,,,,,,0,142,2.0,turnover,0,55,0,46
04:42,04:42:00,55,46,9,1,3,REGULAR,88,M. BLAZEVIC,1,steal,425,424,[],,0,22,Marek,Blazevic,Marek,Blazevic,M,B,M,B,M. Blazevic,TOFAS,TOF,M. Blazevic,22,,,,,,ST,,TOFAS M. BLAZEVIC steal,,,,,,,,,0,143,1.0,,0,55,0,46
04:38,04:38:00,57,46,11,1,3,REGULAR,66,Y. SAYBIR,1,2pt,426,,"['fromturnover', 'pointsinthepaint', 'fastbreak']",drivinglayup,1,3,Yigitcan,Saybir,Yigitcan,Saybir,Y,S,Y,S,Y. Saybir,TOFAS,TOF,Y. Saybir,3,,,93.790000915527,47.569999694824,1.0,P2,made,TOFAS Y. SAYBIR 2Pt made,89.0,1.0,A. PEREZ,,,,,,2,143,1.0,score,2,57,0,46
04:38,04:38:00,57,46,11,1,3,REGULAR,89,A. PEREZ,1,assist,427,426,[],,0,2,Alex Daniel,Perez,Alex Daniel,Perez,A,P,A,P,A. Perez,TOFAS,TOF,A. Perez,2,,,,,,ASS,,TOFAS A. PEREZ assist,,,,,,,,,0,144,2.0,,0,57,0,46
04:27,04:27:00,57,46,11,1,3,REGULAR,91,M. LEWIS III,1,foul,431,,[],personal,0,21,Maxwell Robert ,Lewis Iii,Maxwell Robert ,Lewis Iii,M,L,M,L,M. Lewis Iii,TOFAS,TOF,M. Lewis Iii,21,,,,,,FOUL,,TOFAS M. LEWIS III foul personal,,,,,,,,,0,144,2.0,,0,57,0,46
04:27,04:27:00,57,46,11,2,3,REGULAR,5,D. ÖZDEMIROGLU,1,foulon,432,431,[],,0,18,Dogus,Özdemiroglu,Dogus,Özdemiroglu,D,Ö,D,Ö,D. Özdemiroglu,TÜRK TELEKOM ,TTK,D. Özdemiroglu,18,,,,,,OTHER,,TÜRK TELEKOM  foulon,,,,,,,,,0,144,2.0,,0,57,0,46
04:27,04:27:00,57,46,11,1,3,REGULAR,91,M. LEWIS III,1,substitution,433,,[],out,0,21,Maxwell Robert ,Lewis Iii,Maxwell Robert ,Lewis Iii,M,L,M,L,M. Lewis Iii,TOFAS,TOF,M. Lewis Iii,21,,,,,,SUB,out,TOFAS substitution out,,,,,,,,,0,144,2.0,,0,57,0,46
04:27,04:27:00,57,46,11,1,3,REGULAR,55,T. GEÇIM,1,substitution,434,,[],in,0,8,Tolga,Geçim,Tolga,Geçim,T,G,T,G,T. Geçim,TOFAS,TOF,T. Geçim,8,,,,,,SUB,in,TOFAS substitution in,,,,,,,,,0,144,2.0,,0,57,0,46
04:14,04:14:00,57,46,11,2,3,REGULAR,76,M. SIMONOVIC,0,2pt,436,,[],jumpshot,1,11,Marko,Simonovic,Marko,Simonovic,M,S,M,S,M. Simonovic,TÜRK TELEKOM ,TTK,M. Simonovic,11,,,9.2399997711182,74.690002441406,0.0,P2,missed,TÜRK TELEKOM  M. SIMONOVIC 2Pt missed,,,,,,,,,0,144,2.0,def_reb,0,57,0,46
04:11,04:11:00,57,46,11,1,3,REGULAR,89,A. PEREZ,1,rebound,437,436,[],defensive,0,2,Alex Daniel,Perez,Alex Daniel,Perez,A,P,A,P,A. Perez,TOFAS,TOF,A. Perez,2,,,,,,REB,,TOFAS rebound defensive,,,,,,,,,0,145,1.0,def_reb,0,57,0,46
04:03,04:03:00,57,46,11,1,3,REGULAR,66,Y. SAYBIR,0,3pt,438,,[],jumpshot,1,3,Yigitcan,Saybir,Yigitcan,Saybir,Y,S,Y,S,Y. Saybir,TOFAS,TOF,Y. Saybir,3,,,75.069999694824,87.120002746582,0.0,P3,missed,TOFAS Y. SAYBIR 3Pt missed,,,,,,,,,0,146,2.0,,0,57,0,46
03:57,03:57:00,57,46,11,1,3,REGULAR,88,M. BLAZEVIC,1,rebound,439,438,[],offensive,0,22,Marek,Blazevic,Marek,Blazevic,M,B,M,B,M. Blazevic,TOFAS,TOF,M. Blazevic,22,,,,,,REB,,TOFAS rebound offensive,,,,,,,,,0,146,2.0,,0,57,0,46
03:57,03:57:00,59,46,13,1,3,REGULAR,88,M. BLAZEVIC,1,2pt,440,,"['2ndchance', 'pointsinthepaint']",tipinlayup,1,22,Marek,Blazevic,Marek,Blazevic,M,B,M,B,M. Blazevic,TOFAS,TOF,M. Blazevic,22,,,94.0,50.0,1.0,P2,made,TOFAS M. BLAZEVIC 2Pt made,,,,,,,,,2,146,2.0,score,2,59,0,46
03:44,03:44:00,59,46,13,2,3,REGULAR,5,D. ÖZDEMIROGLU,0,3pt,441,,[],jumpshot,1,18,Dogus,Özdemiroglu,Dogus,Özdemiroglu,D,Ö,D,Ö,D. Özdemiroglu,TÜRK TELEKOM ,TTK,D. Özdemiroglu,18,,,19.530000686646,88.25,0.0,P3,missed,TÜRK TELEKOM  D. ÖZDEMIROGLU 3Pt missed,,,,,,,,,0,147,1.0,def_reb,0,59,0,46
03:42,03:42:00,59,46,13,1,3,REGULAR,0,,1,rebound,443,441,['team'],defensive,0,,,,,,,,,,,TOFAS,TOF,,,,,,,,TREB,,TOFAS team rebound defensive,,,,,,,,,0,148,2.0,def_reb,0,59,0,46
03:43,03:43:00,59,46,13,2,3,REGULAR,76,M. SIMONOVIC,1,substitution,445,,[],out,0,11,Marko,Simonovic,Marko,Simonovic,M,S,M,S,M. Simonovic,TÜRK TELEKOM ,TTK,M. Simonovic,11,,,,,,SUB,out,TÜRK TELEKOM  substitution out,,,,,,,,,0,149,1.0,,0,59,0,46
03:43,03:43:00,59,46,13,2,3,REGULAR,78,K. BANKSTON,1,substitution,446,,[],in,0,30,Kristeon Lamar,Bankston,Kristeon Lamar,Bankston,K,B,K,B,K. Bankston,TÜRK TELEKOM ,TTK,K. Bankston,30,,,,,,SUB,in,TÜRK TELEKOM  substitution in,,,,,,,,,0,149,1.0,,0,59,0,46
03:27,03:27:00,59,46,13,1,3,REGULAR,93,J. THOMASSON JR,0,3pt,448,,[],jumpshot,1,32,Joseph Elliotte,Thomasson Jr,Joseph Elliotte,Thomasson Jr,J,T,J,T,J. Thomasson Jr,TOFAS,TOF,J. Thomasson Jr,32,,,69.769996643066,89.379997253418,0.0,P3,missed,TOFAS J. THOMASSON JR 3Pt missed,,,,,,,,,0,149,1.0,def_reb,0,59,0,46
03:23,03:23:00,59,46,13,2,3,REGULAR,7,B. DURMAZ,1,rebound,449,448,[],defensive,0,3,Berkan,Durmaz,Berkan,Durmaz,B,D,B,D,B. Durmaz,TÜRK TELEKOM ,TTK,B. Durmaz,3,,,,,,REB,,TÜRK TELEKOM  rebound defensive,,,,,,,,,0,150,2.0,def_reb,0,59,0,46
03:10,03:10:00,59,46,13,2,3,REGULAR,7,B. DURMAZ,0,2pt,450,,['pointsinthepaint'],layup,1,3,Berkan,Durmaz,Berkan,Durmaz,B,D,B,D,B. Durmaz,TÜRK TELEKOM ,TTK,B. Durmaz,3,,,8.460000038147,47.849998474121,0.0,P2,missed,TÜRK TELEKOM  B. DURMAZ 2Pt missed,,,,,,,,,0,151,1.0,def_reb,0,59,0,46
03:08,03:08:00,59,46,13,1,3,REGULAR,88,M. BLAZEVIC,1,rebound,451,450,[],defensive,0,22,Marek,Blazevic,Marek,Blazevic,M,B,M,B,M. Blazevic,TOFAS,TOF,M. Blazevic,22,,,,,,REB,,TOFAS rebound defensive,,,,,,,,,0,152,2.0,def_reb,0,59,0,46
03:05,03:05:00,62,46,16,1,3,REGULAR,55,T. GEÇIM,1,3pt,452,,['fastbreak'],jumpshot,1,8,Tolga,Geçim,Tolga,Geçim,T,G,T,G,T. Geçim,TOFAS,TOF,T. Geçim,8,,,90.050003051758,97.849998474121,1.0,P3,made,TOFAS T. GEÇIM 3Pt made,89.0,1.0,A. PEREZ,,,,,,3,153,1.0,score,3,62,0,46
03:05,03:05:00,62,46,16,1,3,REGULAR,89,A. PEREZ,1,assist,454,452,[],,0,2,Alex Daniel,Perez,Alex Daniel,Perez,A,P,A,P,A. Perez,TOFAS,TOF,A. Perez,2,,,,,,ASS,,TOFAS A. PEREZ assist,,,,,,,,,0,154,2.0,,0,62,0,46
03:03,03:03:00,62,46,16,2,3,REGULAR,0,,1,timeout,457,,[],full,0,,,,,,,,,,,TÜRK TELEKOM ,TTK,,,,,,,,TIMEOUT,,TÜRK TELEKOM  timeout,,,,,,,,,0,154,2.0,,0,62,0,46
03:03,03:03:00,62,46,16,1,3,REGULAR,93,J. THOMASSON JR,1,substitution,458,,[],out,0,32,Joseph Elliotte,Thomasson Jr,Joseph Elliotte,Thomasson Jr,J,T,J,T,J. Thomasson Jr,TOFAS,TOF,J. Thomasson Jr,32,,,,,,SUB,out,TOFAS substitution out,,,,,,,,,0,154,2.0,,0,62,0,46
03:03,03:03:00,62,46,16,1,3,REGULAR,90,H. BESSON,1,substitution,459,,[],in,0,25,Hugo Eric,Besson,Hugo Eric,Besson,H,B,H,B,H. Besson,TOFAS,TOF,H. Besson,25,,,,,,SUB,in,TOFAS substitution in,,,,,,,,,0,154,2.0,,0,62,0,46
03:03,03:03:00,62,46,16,2,3,REGULAR,5,D. ÖZDEMIROGLU,1,substitution,460,,[],out,0,18,Dogus,Özdemiroglu,Dogus,Özdemiroglu,D,Ö,D,Ö,D. Özdemiroglu,TÜRK TELEKOM ,TTK,D. Özdemiroglu,18,,,,,,SUB,out,TÜRK TELEKOM  substitution out,,,,,,,,,0,154,2.0,,0,62,0,46
03:03,03:03:00,62,46,16,2,3,REGULAR,75,K. ALLMAN,1,substitution,461,,[],in,0,1,Kyle Lindsay,Allman,Kyle Lindsay,Allman,K,A,K,A,K. Allman,TÜRK TELEKOM ,TTK,K. Allman,1,,,,,,SUB,in,TÜRK TELEKOM  substitution in,,,,,,,,,0,154,2.0,,0,62,0,46
02:44,02:44:00,62,48,14,2,3,REGULAR,78,K. BANKSTON,1,2pt,463,,['pointsinthepaint'],jumpshot,1,30,Kristeon Lamar,Bankston,Kristeon Lamar,Bankston,K,B,K,B,K. Bankston,TÜRK TELEKOM ,TTK,K. Bankston,30,,,5.960000038147,59.720001220703,1.0,P2,made,TÜRK TELEKOM  K. BANKSTON 2Pt made,74.0,2.0,J. USHER,,,,,,2,154,2.0,score,0,62,2,48
02:44,02:44:00,62,48,14,2,3,REGULAR,74,J. USHER,1,assist,464,463,[],,0,8,Jordan Emanuel ,Usher,Jordan Emanuel ,Usher,J,U,J,U,J. Usher,TÜRK TELEKOM ,TTK,J. Usher,8,,,,,,ASS,,TÜRK TELEKOM  J. USHER assist,,,,,,,,,0,155,1.0,,0,62,0,48
02:28,02:28:00,64,48,16,1,3,REGULAR,66,Y. SAYBIR,1,2pt,465,,['pointsinthepaint'],layup,1,3,Yigitcan,Saybir,Yigitcan,Saybir,Y,S,Y,S,Y. Saybir,TOFAS,TOF,Y. Saybir,3,,,93.319999694824,65.650001525879,1.0,P2,made,TOFAS Y. SAYBIR 2Pt made,55.0,1.0,T. GEÇIM,,,,,,2,155,1.0,score,2,64,0,48
02:28,02:28:00,64,48,16,1,3,REGULAR,55,T. GEÇIM,1,assist,466,465,[],,0,8,Tolga,Geçim,Tolga,Geçim,T,G,T,G,T. Geçim,TOFAS,TOF,T. Geçim,8,,,,,,ASS,,TOFAS T. GEÇIM assist,,,,,,,,,0,156,2.0,,0,64,0,48
02:02,02:02:00,64,48,16,2,3,REGULAR,77,J. SMITH,0,2pt,467,,['pointsinthepaint'],jumpshot,1,9,Jaleen Devon,Smith,Jaleen Devon,Smith,J,S,J,S,J. Smith,TÜRK TELEKOM ,TTK,J. Smith,9,,,15.159999847412,45.880001068115,0.0,P2,missed,TÜRK TELEKOM  J. SMITH 2Pt missed,,,,,,,,,0,156,2.0,def_reb,0,64,0,48
02:00,02:00:00,64,48,16,1,3,REGULAR,89,A. PEREZ,1,rebound,468,467,[],defensive,0,2,Alex Daniel,Perez,Alex Daniel,Perez,A,P,A,P,A. Perez,TOFAS,TOF,A. Perez,2,,,,,,REB,,TOFAS rebound defensive,,,,,,,,,0,157,1.0,def_reb,0,64,0,48
01:54,01:54:00,66,48,18,1,3,REGULAR,88,M. BLAZEVIC,1,2pt,469,,"['pointsinthepaint', 'fastbreak']",layup,1,22,Marek,Blazevic,Marek,Blazevic,M,B,M,B,M. Blazevic,TOFAS,TOF,M. Blazevic,22,,,91.610000610352,43.049999237061,1.0,P2,made,TOFAS M. BLAZEVIC 2Pt made,89.0,1.0,A. PEREZ,,,,,,2,158,2.0,score,2,66,0,48
01:54,01:54:00,66,48,18,1,3,REGULAR,89,A. PEREZ,1,assist,470,469,[],,0,2,Alex Daniel,Perez,Alex Daniel,Perez,A,P,A,P,A. Perez,TOFAS,TOF,A. Perez,2,,,,,,ASS,,TOFAS A. PEREZ assist,,,,,,,,,0,159,1.0,,0,66,0,48
01:34,01:34:00,66,48,18,2,3,REGULAR,75,K. ALLMAN,0,3pt,471,,[],jumpshot,1,1,Kyle Lindsay,Allman,Kyle Lindsay,Allman,K,A,K,A,K. Allman,TÜRK TELEKOM ,TTK,K. Allman,1,,,28.110000610352,72.709999084473,0.0,P3,missed,TÜRK TELEKOM  K. ALLMAN 3Pt missed,,,,,,,,,0,159,1.0,def_reb,0,66,0,48
01:30,01:30:00,66,48,18,1,3,REGULAR,90,H. BESSON,1,rebound,472,471,[],defensive,0,25,Hugo Eric,Besson,Hugo Eric,Besson,H,B,H,B,H. Besson,TOFAS,TOF,H. Besson,25,,,,,,REB,,TOFAS rebound defensive,,,,,,,,,0,160,2.0,def_reb,0,66,0,48
01:28,01:28:00,66,48,18,1,3,REGULAR,90,H. BESSON,1,turnover,473,,[],ballhandling,0,25,Hugo Eric,Besson,Hugo Eric,Besson,H,B,H,B,H. Besson,TOFAS,TOF,H. Besson,25,,,,,,TO,,TOFAS H. BESSON turnover ballhandling,,,,,,,,,0,161,1.0,turnover,0,66,0,48
01:28,01:28:00,66,48,18,2,3,REGULAR,74,J. USHER,1,steal,474,473,[],,0,8,Jordan Emanuel ,Usher,Jordan Emanuel ,Usher,J,U,J,U,J. Usher,TÜRK TELEKOM ,TTK,J. Usher,8,,,,,,ST,,TÜRK TELEKOM  J. USHER steal,,,,,,,,,0,162,2.0,,0,66,0,48
01:25,01:25:00,66,48,18,1,3,REGULAR,88,M. BLAZEVIC,1,foul,477,,['2freethrow'],unsportsmanlike,0,22,Marek,Blazevic,Marek,Blazevic,M,B,M,B,M. Blazevic,TOFAS,TOF,M. Blazevic,22,,,,,,FOUL,,TOFAS M. BLAZEVIC foul unsportsmanlike,,,,,,,,,0,162,2.0,,0,66,0,48
01:25,01:25:00,66,48,18,2,3,REGULAR,74,J. USHER,1,foulon,478,477,[],,0,8,Jordan Emanuel ,Usher,Jordan Emanuel ,Usher,J,U,J,U,J. Usher,TÜRK TELEKOM ,TTK,J. Usher,8,,,,,,OTHER,,TÜRK TELEKOM  foulon,,,,,,,,,0,162,2.0,,0,66,0,48
01:25,01:25:00,66,48,18,1,3,REGULAR,88,M. BLAZEVIC,1,substitution,479,,[],out,0,22,Marek,Blazevic,Marek,Blazevic,M,B,M,B,M. Blazevic,TOFAS,TOF,M. Blazevic,22,,,,,,SUB,out,TOFAS substitution out,,,,,,,,,0,162,2.0,,0,66,0,48
01:25,01:25:00,66,48,18,1,3,REGULAR,94,W. KIDD JR,1,substitution,480,,[],in,0,15,Warren Lynn,Kidd Jr,Warren Lynn,Kidd Jr,W,K,W,K,W. Kidd Jr,TOFAS,TOF,W. Kidd Jr,15,,,,,,SUB,in,TOFAS substitution in,,,,,,,,,0,162,2.0,,0,66,0,48
01:25,01:25:00,66,48,18,2,3,REGULAR,7,B. DURMAZ,1,substitution,481,,[],out,0,3,Berkan,Durmaz,Berkan,Durmaz,B,D,B,D,B. Durmaz,TÜRK TELEKOM ,TTK,B. Durmaz,3,,,,,,SUB,out,TÜRK TELEKOM  substitution out,,,,,,,,,0,162,2.0,,0,66,0,48
01:25,01:25:00,66,48,18,2,3,REGULAR,77,J. SMITH,1,substitution,482,,[],out,0,9,Jaleen Devon,Smith,Jaleen Devon,Smith,J,S,J,S,J. Smith,TÜRK TELEKOM ,TTK,J. Smith,9,,,,,,SUB,out,TÜRK TELEKOM  substitution out,,,,,,,,,0,162,2.0,,0,66,0,48
01:25,01:25:00,66,48,18,2,3,REGULAR,78,K. BANKSTON,1,substitution,483,,[],out,0,30,Kristeon Lamar,Bankston,Kristeon Lamar,Bankston,K,B,K,B,K. Bankston,TÜRK TELEKOM ,TTK,K. Bankston,30,,,,,,SUB,out,TÜRK TELEKOM  substitution out,,,,,,,,,0,162,2.0,,0,66,0,48
01:25,01:25:00,66,48,18,2,3,REGULAR,6,E. KOSUT,1,substitution,484,,[],in,0,5,Emircan,Kosut,Emircan,Kosut,E,K,E,K,E. Kosut,TÜRK TELEKOM ,TTK,E. Kosut,5,,,,,,SUB,in,TÜRK TELEKOM  substitution in,,,,,,,,,0,162,2.0,,0,66,0,48
01:25,01:25:00,66,48,18,2,3,REGULAR,3,A. KAHRAMAN,1,substitution,485,,[],in,0,6,Ata,Kahraman,Ata,Kahraman,A,K,A,K,A. Kahraman,TÜRK TELEKOM ,TTK,A. Kahraman,6,,,,,,SUB,in,TÜRK TELEKOM  substitution in,,,,,,,,,0,162,2.0,,0,66,0,48
01:25,01:25:00,66,48,18,2,3,REGULAR,76,M. SIMONOVIC,1,substitution,486,,[],in,0,11,Marko,Simonovic,Marko,Simonovic,M,S,M,S,M. Simonovic,TÜRK TELEKOM ,TTK,M. Simonovic,11,,,,,,SUB,in,TÜRK TELEKOM  substitution in,,,,,,,,,0,162,2.0,,0,66,0,48
01:25,01:25:00,66,49,17,2,3,REGULAR,74,J. USHER,1,freethrow,487,,"['fastbreak', 'fromturnover']",1of2,1,8,Jordan Emanuel ,Usher,Jordan Emanuel ,Usher,J,U,J,U,J. Usher,TÜRK TELEKOM ,TTK,J. Usher,8,,,,,,FT,made,TÜRK TELEKOM  J. USHER FT 1of2 made,,,,,,,,,1,162,2.0,made_ft,0,66,1,49
01:25,01:25:00,66,50,16,2,3,REGULAR,74,J. USHER,1,freethrow,488,,"['fastbreak', 'fromturnover']",2of2,1,8,Jordan Emanuel ,Usher,Jordan Emanuel ,Usher,J,U,J,U,J. Usher,TÜRK TELEKOM ,TTK,J. Usher,8,,,,,,FT,made,TÜRK TELEKOM  J. USHER FT 2of2 made,,,,,,,,,1,163,1.0,made_ft_last,0,66,1,50
01:21,01:21:00,66,50,16,2,3,REGULAR,6,E. KOSUT,1,foul,491,,[],offensive,0,5,Emircan,Kosut,Emircan,Kosut,E,K,E,K,E. Kosut,TÜRK TELEKOM ,TTK,E. Kosut,5,,,,,,RFOUL,,TÜRK TELEKOM  E. KOSUT foul offensive,,,,,,,,,0,164,2.0,offensive_foul,0,66,0,50
01:21,01:21:00,66,50,16,2,3,REGULAR,6,E. KOSUT,1,turnover,492,491,[],offensive,0,5,Emircan,Kosut,Emircan,Kosut,E,K,E,K,E. Kosut,TÜRK TELEKOM ,TTK,E. Kosut,5,,,,,,TO,,TÜRK TELEKOM  E. KOSUT turnover offensive,,,,,,,,,0,165,1.0,turnover,0,66,0,50
01:21,01:21:00,66,50,16,1,3,REGULAR,89,A. PEREZ,1,foulon,493,491,[],,0,2,Alex Daniel,Perez,Alex Daniel,Perez,A,P,A,P,A. Perez,TOFAS,TOF,A. Perez,2,,,,,,OTHER,,TOFAS foulon,,,,,,,,,0,166,2.0,,0,66,0,50
01:12,01:12:00,66,50,16,1,3,REGULAR,55,T. GEÇIM,1,turnover,495,,[],ballhandling,0,8,Tolga,Geçim,Tolga,Geçim,T,G,T,G,T. Geçim,TOFAS,TOF,T. Geçim,8,,,,,,TO,,TOFAS T. GEÇIM turnover ballhandling,,,,,,,,,0,166,2.0,turnover,0,66,0,50
01:12,01:12:00,66,50,16,2,3,REGULAR,74,J. USHER,1,steal,496,495,[],,0,8,Jordan Emanuel ,Usher,Jordan Emanuel ,Usher,J,U,J,U,J. Usher,TÜRK TELEKOM ,TTK,J. Usher,8,,,,,,ST,,TÜRK TELEKOM  J. USHER steal,,,,,,,,,0,167,1.0,,0,66,0,50
01:04,01:04:00,66,50,16,1,3,REGULAR,66,Y. SAYBIR,1,foul,498,,['2freethrow'],personal,0,3,Yigitcan,Saybir,Yigitcan,Saybir,Y,S,Y,S,Y. Saybir,TOFAS,TOF,Y. Saybir,3,,,,,,FOUL,,TOFAS Y. SAYBIR foul personal,,,,,,,,,0,167,1.0,,0,66,0,50
01:04,01:04:00,66,50,16,2,3,REGULAR,74,J. USHER,1,foulon,499,498,[],,0,8,Jordan Emanuel ,Usher,Jordan Emanuel ,Usher,J,U,J,U,J. Usher,TÜRK TELEKOM ,TTK,J. Usher,8,,,,,,OTHER,,TÜRK TELEKOM  foulon,,,,,,,,,0,167,1.0,,0,66,0,50
01:04,01:04:00,66,51,15,2,3,REGULAR,74,J. USHER,1,freethrow,500,,['fromturnover'],1of2,1,8,Jordan Emanuel ,Usher,Jordan Emanuel ,Usher,J,U,J,U,J. Usher,TÜRK TELEKOM ,TTK,J. Usher,8,,,,,,FT,made,TÜRK TELEKOM  J. USHER FT 1of2 made,,,,,,,,,1,167,1.0,made_ft,0,66,1,51
01:04,01:04:00,66,51,15,2,3,REGULAR,74,J. USHER,0,freethrow,501,,['fromturnover'],2of2,1,8,Jordan Emanuel ,Usher,Jordan Emanuel ,Usher,J,U,J,U,J. Usher,TÜRK TELEKOM ,TTK,J. Usher,8,,,,,,FT,missed,TÜRK TELEKOM  J. USHER FT 2of2 missed,,,,,,,,,0,168,2.0,def_reb,0,66,0,51
01:04,01:04:00,66,51,15,1,3,REGULAR,66,Y. SAYBIR,1,rebound,503,501,[],defensive,0,3,Yigitcan,Saybir,Yigitcan,Saybir,Y,S,Y,S,Y. Saybir,TOFAS,TOF,Y. Saybir,3,,,,,,REB,,TOFAS rebound defensive,,,,,,,,,0,169,1.0,def_reb,0,66,0,51
01:02,01:02:00,66,51,15,2,3,REGULAR,76,M. SIMONOVIC,1,foul,505,,[],personal,0,11,Marko,Simonovic,Marko,Simonovic,M,S,M,S,M. Simonovic,TÜRK TELEKOM ,TTK,M. Simonovic,11,,,,,,FOUL,,TÜRK TELEKOM  M. SIMONOVIC foul personal,,,,,,,,,0,170,2.0,,0,66,0,51
01:02,01:02:00,66,51,15,1,3,REGULAR,66,Y. SAYBIR,1,foulon,506,505,[],,0,3,Yigitcan,Saybir,Yigitcan,Saybir,Y,S,Y,S,Y. Saybir,TOFAS,TOF,Y. Saybir,3,,,,,,OTHER,,TOFAS foulon,,,,,,,,,0,170,2.0,,0,66,0,51
00:47,00:47:00,66,51,15,1,3,REGULAR,90,H. BESSON,1,turnover,509,,[],badpass,0,25,Hugo Eric,Besson,Hugo Eric,Besson,H,B,H,B,H. Besson,TOFAS,TOF,H. Besson,25,,,,,,TO,,TOFAS H. BESSON turnover badpass,,,,,,,,,0,170,2.0,turnover,0,66,0,51
00:47,00:47:00,66,51,15,1,3,REGULAR,89,A. PEREZ,1,substitution,510,,[],out,0,2,Alex Daniel,Perez,Alex Daniel,Perez,A,P,A,P,A. Perez,TOFAS,TOF,A. Perez,2,,,,,,SUB,out,TOFAS substitution out,,,,,,,,,0,171,1.0,,0,66,0,51
00:47,00:47:00,66,51,15,1,3,REGULAR,66,Y. SAYBIR,1,substitution,511,,[],out,0,3,Yigitcan,Saybir,Yigitcan,Saybir,Y,S,Y,S,Y. Saybir,TOFAS,TOF,Y. Saybir,3,,,,,,SUB,out,TOFAS substitution out,,,,,,,,,0,171,1.0,,0,66,0,51
00:47,00:47:00,66,51,15,1,3,REGULAR,67,Ö. CENGIZ,1,substitution,512,,[],in,0,1,Özgür,Cengiz,Özgür,Cengiz,Ö,C,Ö,C,Ö. Cengiz,TOFAS,TOF,Ö. Cengiz,1,,,,,,SUB,in,TOFAS substitution in,,,,,,,,,0,171,1.0,,0,66,0,51
00:47,00:47:00,66,51,15,1,3,REGULAR,92,S. WHALEY,1,substitution,513,,[],in,0,5,Shaqwan Malic,Whaley,Shaqwan Malic,Whaley,S,W,S,W,S. Whaley,TOFAS,TOF,S. Whaley,5,,,,,,SUB,in,TOFAS substitution in,,,,,,,,,0,171,1.0,,0,66,0,51
00:38,00:38:70,66,53,13,2,3,REGULAR,75,K. ALLMAN,1,2pt,515,,"['fromturnover', 'pointsinthepaint', 'fastbreak']",pullupjumpshot,1,1,Kyle Lindsay,Allman,Kyle Lindsay,Allman,K,A,K,A,K. Allman,TÜRK TELEKOM ,TTK,K. Allman,1,,,15.630000114441,62.259998321533,1.0,P2,made,TÜRK TELEKOM  K. ALLMAN 2Pt made,,,,,,,,,2,171,1.0,score,0,66,2,53
00:19,00:19:40,66,53,13,1,3,REGULAR,90,H. BESSON,0,2pt,516,,['pointsinthepaint'],drivinglayup,1,25,Hugo Eric,Besson,Hugo Eric,Besson,H,B,H,B,H. Besson,TOFAS,TOF,H. Besson,25,,,90.51000213623,50.680000305176,0.0,P2,missed,TOFAS H. BESSON 2Pt missed,,,,,,,,,0,172,2.0,,0,66,0,53
00:16,00:16:20,66,53,13,1,3,REGULAR,92,S. WHALEY,1,rebound,517,516,[],offensive,0,5,Shaqwan Malic,Whaley,Shaqwan Malic,Whaley,S,W,S,W,S. Whaley,TOFAS,TOF,S. Whaley,5,,,,,,REB,,TOFAS rebound offensive,,,,,,,,,0,172,2.0,,0,66,0,53
00:07,00:07:50,66,53,13,1,3,REGULAR,55,T. GEÇIM,0,2pt,518,,"['2ndchance', 'pointsinthepaint', 'blocked']",layup,1,8,Tolga,Geçim,Tolga,Geçim,T,G,T,G,T. Geçim,TOFAS,TOF,T. Geçim,8,,,84.269996643066,60.560001373291,0.0,P2,missed,TOFAS T. GEÇIM 2Pt missed,,,,6.0,2.0,E. KOSUT,,,0,172,2.0,,0,66,0,53
00:07,00:07:50,66,53,13,2,3,REGULAR,6,E. KOSUT,1,block,519,518,[],,0,5,Emircan,Kosut,Emircan,Kosut,E,K,E,K,E. Kosut,TÜRK TELEKOM ,TTK,E. Kosut,5,,,,,,BS,,TÜRK TELEKOM  E. KOSUT block,,,,,,,,,0,172,2.0,,0,66,0,53
00:04,00:04:00,66,53,13,2,3,REGULAR,3,A. KAHRAMAN,1,rebound,520,518,[],defensive,0,6,Ata,Kahraman,Ata,Kahraman,A,K,A,K,A. Kahraman,TÜRK TELEKOM ,TTK,A. Kahraman,6,,,,,,REB,,TÜRK TELEKOM  rebound defensive,,,,,,,,,0,172,2.0,def_reb,0,66,0,53
00:02,00:02:10,66,55,11,2,3,REGULAR,75,K. ALLMAN,1,2pt,521,,"['pointsinthepaint', 'fastbreak']",drivinglayup,1,1,Kyle Lindsay,Allman,Kyle Lindsay,Allman,K,A,K,A,K. Allman,TÜRK TELEKOM ,TTK,K. Allman,1,,,4.710000038147,56.610000610352,1.0,P2,made,TÜRK TELEKOM  K. ALLMAN 2Pt made,3.0,2.0,A. KAHRAMAN,,,,,,2,173,1.0,score,0,66,2,55
00:02,00:02:10,66,55,11,2,3,REGULAR,3,A. KAHRAMAN,1,assist,523,521,[],,0,6,Ata,Kahraman,Ata,Kahraman,A,K,A,K,A. Kahraman,TÜRK TELEKOM ,TTK,A. Kahraman,6,,,,,,ASS,,TÜRK TELEKOM  A. KAHRAMAN assist,,,,,,,,,0,174,2.0,,0,66,0,55
00:00,00:00:00,66,55,11,0,3,REGULAR,0,,1,period,524,,['confirmed'],end,0,,,,,,,,,,,,,,,,,,,,OTHER,,period end,,,,,,,,,0,174,2.0,,0,66,0,55
10:00,10:00:00,66,55,11,0,4,REGULAR,0,,1,period,525,,[],start,0,,,,,,,,,,,,,,,,,,,,OTHER,,period start,,,,,,,,,0,174,2.0,,0,66,0,55
09:40,09:40:00,66,55,11,2,4,REGULAR,75,K. ALLMAN,0,2pt,527,,['pointsinthepaint'],floatingjumpshot,1,1,Kyle Lindsay,Allman,Kyle Lindsay,Allman,K,A,K,A,K. Allman,TÜRK TELEKOM ,TTK,K. Allman,1,,,11.260000228882,56.610000610352,0.0,P2,missed,TÜRK TELEKOM  K. ALLMAN 2Pt missed,,,,,,,,,0,174,2.0,def_reb,0,66,0,55
09:37,09:37:00,66,55,11,1,4,REGULAR,67,Ö. CENGIZ,1,rebound,528,527,[],defensive,0,1,Özgür,Cengiz,Özgür,Cengiz,Ö,C,Ö,C,Ö. Cengiz,TOFAS,TOF,Ö. Cengiz,1,,,,,,REB,,TOFAS rebound defensive,,,,,,,,,0,175,1.0,def_reb,0,66,0,55
09:35,09:35:00,68,55,13,1,4,REGULAR,90,H. BESSON,1,2pt,529,,"['pointsinthepaint', 'fastbreak']",alleyoop,1,25,Hugo Eric,Besson,Hugo Eric,Besson,H,B,H,B,H. Besson,TOFAS,TOF,H. Besson,25,,,89.269996643066,41.639999389648,1.0,P2,made,TOFAS H. BESSON 2Pt made,55.0,1.0,T. GEÇIM,,,,,,2,176,2.0,score,2,68,0,55
09:35,09:35:00,68,55,13,1,4,REGULAR,55,T. GEÇIM,1,assist,530,529,[],,0,8,Tolga,Geçim,Tolga,Geçim,T,G,T,G,T. Geçim,TOFAS,TOF,T. Geçim,8,,,,,,ASS,,TOFAS T. GEÇIM assist,,,,,,,,,0,177,1.0,,0,68,0,55
09:20,09:20:00,68,55,13,2,4,REGULAR,3,A. KAHRAMAN,0,3pt,531,,[],jumpshot,1,6,Ata,Kahraman,Ata,Kahraman,A,K,A,K,A. Kahraman,TÜRK TELEKOM ,TTK,A. Kahraman,6,,,24.520000457764,89.379997253418,0.0,P3,missed,TÜRK TELEKOM  A. KAHRAMAN 3Pt missed,,,,,,,,,0,177,1.0,def_reb,0,68,0,55
09:16,09:16:00,68,55,13,1,4,REGULAR,55,T. GEÇIM,1,rebound,532,531,[],defensive,0,8,Tolga,Geçim,Tolga,Geçim,T,G,T,G,T. Geçim,TOFAS,TOF,T. Geçim,8,,,,,,REB,,TOFAS rebound defensive,,,,,,,,,0,178,2.0,def_reb,0,68,0,55
09:15,09:15:00,68,55,13,2,4,REGULAR,3,A. KAHRAMAN,1,foul,534,,[],personal,0,6,Ata,Kahraman,Ata,Kahraman,A,K,A,K,A. Kahraman,TÜRK TELEKOM ,TTK,A. Kahraman,6,,,,,,FOUL,,TÜRK TELEKOM  A. KAHRAMAN foul personal,,,,,,,,,0,179,1.0,,0,68,0,55
09:15,09:15:00,68,55,13,1,4,REGULAR,55,T. GEÇIM,1,foulon,535,534,[],,0,8,Tolga,Geçim,Tolga,Geçim,T,G,T,G,T. Geçim,TOFAS,TOF,T. Geçim,8,,,,,,OTHER,,TOFAS foulon,,,,,,,,,0,179,1.0,,0,68,0,55
09:15,09:15:00,68,55,13,2,4,REGULAR,6,E. KOSUT,1,substitution,536,,[],out,0,5,Emircan,Kosut,Emircan,Kosut,E,K,E,K,E. Kosut,TÜRK TELEKOM ,TTK,E. Kosut,5,,,,,,SUB,out,TÜRK TELEKOM  substitution out,,,,,,,,,0,179,1.0,,0,68,0,55
09:15,09:15:00,68,55,13,2,4,REGULAR,76,M. SIMONOVIC,1,substitution,537,,[],out,0,11,Marko,Simonovic,Marko,Simonovic,M,S,M,S,M. Simonovic,TÜRK TELEKOM ,TTK,M. Simonovic,11,,,,,,SUB,out,TÜRK TELEKOM  substitution out,,,,,,,,,0,179,1.0,,0,68,0,55
09:15,09:15:00,68,55,13,2,4,REGULAR,7,B. DURMAZ,1,substitution,538,,[],in,0,3,Berkan,Durmaz,Berkan,Durmaz,B,D,B,D,B. Durmaz,TÜRK TELEKOM ,TTK,B. Durmaz,3,,,,,,SUB,in,TÜRK TELEKOM  substitution in,,,,,,,,,0,179,1.0,,0,68,0,55
09:15,09:15:00,68,55,13,2,4,REGULAR,78,K. BANKSTON,1,substitution,539,,[],in,0,30,Kristeon Lamar,Bankston,Kristeon Lamar,Bankston,K,B,K,B,K. Bankston,TÜRK TELEKOM ,TTK,K. Bankston,30,,,,,,SUB,in,TÜRK TELEKOM  substitution in,,,,,,,,,0,179,1.0,,0,68,0,55
08:58,08:58:00,70,55,15,1,4,REGULAR,94,W. KIDD JR,1,2pt,541,,['pointsinthepaint'],turnaroundjumpshot,1,15,Warren Lynn,Kidd Jr,Warren Lynn,Kidd Jr,W,K,W,K,W. Kidd Jr,TOFAS,TOF,W. Kidd Jr,15,,,96.290000915527,39.099998474121,1.0,P2,made,TOFAS W. KIDD JR 2Pt made,,,,,,,,,2,179,1.0,score,2,70,0,55
08:51,08:51:00,70,55,15,1,4,REGULAR,67,Ö. CENGIZ,1,foul,543,,[],personal,0,1,Özgür,Cengiz,Özgür,Cengiz,Ö,C,Ö,C,Ö. Cengiz,TOFAS,TOF,Ö. Cengiz,1,,,,,,FOUL,,TOFAS Ö. CENGIZ foul personal,,,,,,,,,0,180,2.0,,0,70,0,55
08:51,08:51:00,70,55,15,2,4,REGULAR,75,K. ALLMAN,1,foulon,544,543,[],,0,1,Kyle Lindsay,Allman,Kyle Lindsay,Allman,K,A,K,A,K. Allman,TÜRK TELEKOM ,TTK,K. Allman,1,,,,,,OTHER,,TÜRK TELEKOM  foulon,,,,,,,,,0,180,2.0,,0,70,0,55
08:34,08:34:00,70,55,15,2,4,REGULAR,74,J. USHER,0,2pt,546,,['pointsinthepaint'],drivinglayup,1,8,Jordan Emanuel ,Usher,Jordan Emanuel ,Usher,J,U,J,U,J. Usher,TÜRK TELEKOM ,TTK,J. Usher,8,,,13.60000038147,39.099998474121,0.0,P2,missed,TÜRK TELEKOM  J. USHER 2Pt missed,,,,,,,,,0,180,2.0,,0,70,0,55
08:30,08:30:00,70,55,15,2,4,REGULAR,78,K. BANKSTON,1,rebound,547,546,[],offensive,0,30,Kristeon Lamar,Bankston,Kristeon Lamar,Bankston,K,B,K,B,K. Bankston,TÜRK TELEKOM ,TTK,K. Bankston,30,,,,,,REB,,TÜRK TELEKOM  rebound offensive,,,,,,,,,0,180,2.0,,0,70,0,55
08:22,08:22:00,70,55,15,2,4,REGULAR,75,K. ALLMAN,0,3pt,548,,['2ndchance'],pullupjumpshot,1,1,Kyle Lindsay,Allman,Kyle Lindsay,Allman,K,A,K,A,K. Allman,TÜRK TELEKOM ,TTK,K. Allman,1,,,29.520000457764,75.819999694824,0.0,P3,missed,TÜRK TELEKOM  K. ALLMAN 3Pt missed,,,,,,,,,0,180,2.0,def_reb,0,70,0,55
08:19,08:19:00,70,55,15,1,4,REGULAR,90,H. BESSON,1,rebound,549,548,[],defensive,0,25,Hugo Eric,Besson,Hugo Eric,Besson,H,B,H,B,H. Besson,TOFAS,TOF,H. Besson,25,,,,,,REB,,TOFAS rebound defensive,,,,,,,,,0,181,1.0,def_reb,0,70,0,55
08:04,08:04:00,70,55,15,1,4,REGULAR,92,S. WHALEY,0,2pt,550,,['pointsinthepaint'],jumpshot,1,5,Shaqwan Malic,Whaley,Shaqwan Malic,Whaley,S,W,S,W,S. Whaley,TOFAS,TOF,S. Whaley,5,,,90.669998168945,34.009998321533,0.0,P2,missed,TOFAS S. WHALEY 2Pt missed,,,,,,,,,0,182,2.0,def_reb,0,70,0,55
08:01,08:01:00,70,55,15,2,4,REGULAR,7,B. DURMAZ,1,rebound,551,550,[],defensive,0,3,Berkan,Durmaz,Berkan,Durmaz,B,D,B,D,B. Durmaz,TÜRK TELEKOM ,TTK,B. Durmaz,3,,,,,,REB,,TÜRK TELEKOM  rebound defensive,,,,,,,,,0,183,1.0,def_reb,0,70,0,55
07:55,07:55:00,70,57,13,2,4,REGULAR,78,K. BANKSTON,1,2pt,552,,"['pointsinthepaint', 'fastbreak']",layup,1,30,Kristeon Lamar,Bankston,Kristeon Lamar,Bankston,K,B,K,B,K. Bankston,TÜRK TELEKOM ,TTK,K. Bankston,30,,,6.4299998283386,56.610000610352,1.0,P2,made,TÜRK TELEKOM  K. BANKSTON 2Pt made,7.0,2.0,B. DURMAZ,,,,,,2,184,2.0,score,0,70,2,57
07:55,07:55:00,70,57,13,2,4,REGULAR,7,B. DURMAZ,1,assist,553,552,[],,0,3,Berkan,Durmaz,Berkan,Durmaz,B,D,B,D,B. Durmaz,TÜRK TELEKOM ,TTK,B. Durmaz,3,,,,,,ASS,,TÜRK TELEKOM  B. DURMAZ assist,,,,,,,,,0,185,1.0,,0,70,0,57
07:39,07:39:00,70,57,13,1,4,REGULAR,55,T. GEÇIM,0,3pt,554,,[],jumpshot,1,8,Tolga,Geçim,Tolga,Geçim,T,G,T,G,T. Geçim,TOFAS,TOF,T. Geçim,8,,,69.610000610352,84.290000915527,0.0,P3,missed,TOFAS T. GEÇIM 3Pt missed,,,,,,,,,0,185,1.0,def_reb,0,70,0,57
07:33,07:33:00,70,57,13,2,4,REGULAR,74,J. USHER,1,rebound,555,554,[],defensive,0,8,Jordan Emanuel ,Usher,Jordan Emanuel ,Usher,J,U,J,U,J. Usher,TÜRK TELEKOM ,TTK,J. Usher,8,,,,,,REB,,TÜRK TELEKOM  rebound defensive,,,,,,,,,0,186,2.0,def_reb,0,70,0,57
07:30,07:30:00,70,57,13,2,4,REGULAR,75,K. ALLMAN,1,turnover,557,,[],badpass,0,1,Kyle Lindsay,Allman,Kyle Lindsay,Allman,K,A,K,A,K. Allman,TÜRK TELEKOM ,TTK,K. Allman,1,,,,,,TO,,TÜRK TELEKOM  K. ALLMAN turnover badpass,,,,,,,,,0,187,1.0,turnover,0,70,0,57
07:30,07:30:00,70,57,13,2,4,REGULAR,3,A. KAHRAMAN,1,substitution,558,,[],out,0,6,Ata,Kahraman,Ata,Kahraman,A,K,A,K,A. Kahraman,TÜRK TELEKOM ,TTK,A. Kahraman,6,,,,,,SUB,out,TÜRK TELEKOM  substitution out,,,,,,,,,0,188,2.0,,0,70,0,57
07:30,07:30:00,70,57,13,2,4,REGULAR,74,J. USHER,1,substitution,559,,[],out,0,8,Jordan Emanuel ,Usher,Jordan Emanuel ,Usher,J,U,J,U,J. Usher,TÜRK TELEKOM ,TTK,J. Usher,8,,,,,,SUB,out,TÜRK TELEKOM  substitution out,,,,,,,,,0,188,2.0,,0,70,0,57
07:30,07:30:00,70,57,13,2,4,REGULAR,77,J. SMITH,1,substitution,560,,[],in,0,9,Jaleen Devon,Smith,Jaleen Devon,Smith,J,S,J,S,J. Smith,TÜRK TELEKOM ,TTK,J. Smith,9,,,,,,SUB,in,TÜRK TELEKOM  substitution in,,,,,,,,,0,188,2.0,,0,70,0,57
07:30,07:30:00,70,57,13,2,4,REGULAR,5,D. ÖZDEMIROGLU,1,substitution,561,,[],in,0,18,Dogus,Özdemiroglu,Dogus,Özdemiroglu,D,Ö,D,Ö,D. Özdemiroglu,TÜRK TELEKOM ,TTK,D. Özdemiroglu,18,,,,,,SUB,in,TÜRK TELEKOM  substitution in,,,,,,,,,0,188,2.0,,0,70,0,57
07:10,07:10:00,72,57,15,1,4,REGULAR,92,S. WHALEY,1,2pt,563,,"['fromturnover', 'pointsinthepaint']",jumpshot,1,5,Shaqwan Malic,Whaley,Shaqwan Malic,Whaley,S,W,S,W,S. Whaley,TOFAS,TOF,S. Whaley,5,,,89.730003356934,37.119998931885,1.0,P2,made,TOFAS S. WHALEY 2Pt made,,,,,,,,,2,188,2.0,score,2,72,0,57
06:59,06:59:00,72,57,15,2,4,REGULAR,5,D. ÖZDEMIROGLU,0,2pt,564,,"['pointsinthepaint', 'blocked']",drivinglayup,1,18,Dogus,Özdemiroglu,Dogus,Özdemiroglu,D,Ö,D,Ö,D. Özdemiroglu,TÜRK TELEKOM ,TTK,D. Özdemiroglu,18,,,15.789999961853,56.330001831055,0.0,P2,missed,TÜRK TELEKOM  D. ÖZDEMIROGLU 2Pt missed,,,,90.0,1.0,H. BESSON,,,0,189,1.0,,0,72,0,57
06:59,06:59:00,72,57,15,1,4,REGULAR,90,H. BESSON,1,block,565,564,[],,0,25,Hugo Eric,Besson,Hugo Eric,Besson,H,B,H,B,H. Besson,TOFAS,TOF,H. Besson,25,,,,,,BS,,TOFAS H. BESSON block,,,,,,,,,0,189,1.0,,0,72,0,57
06:55,06:55:00,72,58,14,1,4,REGULAR,92,S. WHALEY,1,rebound,566,564,[],defensive,0,5,Shaqwan Malic,Whaley,Shaqwan Malic,Whaley,S,W,S,W,S. Whaley,TOFAS,TOF,S. Whaley,5,,,,,,REB,,TOFAS rebound defensive,,,,,,,,,0,189,1.0,def_reb,0,72,0,57
06:56,06:56:00,72,57,15,1,4,REGULAR,90,H. BESSON,1,foul,569,,['2freethrow'],unsportsmanlike,0,25,Hugo Eric,Besson,Hugo Eric,Besson,H,B,H,B,H. Besson,TOFAS,TOF,H. Besson,25,,,,,,FOUL,,TOFAS H. BESSON foul unsportsmanlike,,,,,,,,,0,190,2.0,,0,72,0,57
06:56,06:56:00,72,57,15,1,4,REGULAR,90,H. BESSON,1,turnover,570,569,[],offensive,0,25,Hugo Eric,Besson,Hugo Eric,Besson,H,B,H,B,H. Besson,TOFAS,TOF,H. Besson,25,,,,,,TO,,TOFAS H. BESSON turnover offensive,,,,,,,,,0,190,2.0,turnover,0,72,0,57
06:56,06:56:00,72,57,15,2,4,REGULAR,5,D. ÖZDEMIROGLU,1,foulon,571,569,[],,0,18,Dogus,Özdemiroglu,Dogus,Özdemiroglu,D,Ö,D,Ö,D. Özdemiroglu,TÜRK TELEKOM ,TTK,D. Özdemiroglu,18,,,,,,OTHER,,TÜRK TELEKOM  foulon,,,,,,,,,0,191,1.0,,0,72,0,57
06:56,06:56:00,72,58,14,2,4,REGULAR,5,D. ÖZDEMIROGLU,1,freethrow,572,,['fromturnover'],1of2,1,18,Dogus,Özdemiroglu,Dogus,Özdemiroglu,D,Ö,D,Ö,D. Özdemiroglu,TÜRK TELEKOM ,TTK,D. Özdemiroglu,18,,,,,,FT,made,TÜRK TELEKOM  D. ÖZDEMIROGLU FT 1of2 made,,,,,,,,,1,191,1.0,made_ft,0,72,1,58
06:56,06:56:00,72,58,14,2,4,REGULAR,5,D. ÖZDEMIROGLU,0,freethrow,573,,['fromturnover'],2of2,1,18,Dogus,Özdemiroglu,Dogus,Özdemiroglu,D,Ö,D,Ö,D. Özdemiroglu,TÜRK TELEKOM ,TTK,D. Özdemiroglu,18,,,,,,FT,missed,TÜRK TELEKOM  D. ÖZDEMIROGLU FT 2of2 missed,,,,,,,,,0,192,2.0,,0,72,0,58
06:41,06:41:00,72,58,14,2,4,REGULAR,7,B. DURMAZ,0,2pt,575,,"['pointsinthepaint', 'blocked']",floatingjumpshot,1,3,Berkan,Durmaz,Berkan,Durmaz,B,D,B,D,B. Durmaz,TÜRK TELEKOM ,TTK,B. Durmaz,3,,,14.380000114441,35.709999084473,0.0,P2,missed,TÜRK TELEKOM  B. DURMAZ 2Pt missed,,,,92.0,1.0,S. WHALEY,,,0,192,2.0,,0,72,0,58
06:41,06:41:00,72,58,14,1,4,REGULAR,92,S. WHALEY,1,block,576,575,[],,0,5,Shaqwan Malic,Whaley,Shaqwan Malic,Whaley,S,W,S,W,S. Whaley,TOFAS,TOF,S. Whaley,5,,,,,,BS,,TOFAS S. WHALEY block,,,,,,,,,0,192,2.0,,0,72,0,58
06:35,06:35:00,72,58,14,1,4,REGULAR,92,S. WHALEY,1,rebound,577,575,[],defensive,0,5,Shaqwan Malic,Whaley,Shaqwan Malic,Whaley,S,W,S,W,S. Whaley,TOFAS,TOF,S. Whaley,5,,,,,,REB,,TOFAS rebound defensive,,,,,,,,,0,192,2.0,def_reb,0,72,0,58
06:27,06:27:00,72,58,14,1,4,REGULAR,92,S. WHALEY,1,turnover,578,,[],ballhandling,0,5,Shaqwan Malic,Whaley,Shaqwan Malic,Whaley,S,W,S,W,S. Whaley,TOFAS,TOF,S. Whaley,5,,,,,,TO,,TOFAS S. WHALEY turnover ballhandling,,,,,,,,,0,193,1.0,turnover,0,72,0,58
06:27,06:27:00,72,58,14,2,4,REGULAR,77,J. SMITH,1,steal,579,578,[],,0,9,Jaleen Devon,Smith,Jaleen Devon,Smith,J,S,J,S,J. Smith,TÜRK TELEKOM ,TTK,J. Smith,9,,,,,,ST,,TÜRK TELEKOM  J. SMITH steal,,,,,,,,,0,194,2.0,,0,72,0,58
06:10,06:10:00,72,60,12,2,4,REGULAR,78,K. BANKSTON,1,2pt,580,,"['fromturnover', 'pointsinthepaint']",dunk,1,30,Kristeon Lamar,Bankston,Kristeon Lamar,Bankston,K,B,K,B,K. Bankston,TÜRK TELEKOM ,TTK,K. Bankston,30,,,9.0799999237061,56.330001831055,1.0,P2,made,TÜRK TELEKOM  K. BANKSTON 2Pt made,77.0,2.0,J. SMITH,,,,,,2,194,2.0,score,0,72,2,60
06:10,06:10:00,72,60,12,2,4,REGULAR,77,J. SMITH,1,assist,581,580,[],,0,9,Jaleen Devon,Smith,Jaleen Devon,Smith,J,S,J,S,J. Smith,TÜRK TELEKOM ,TTK,J. Smith,9,,,,,,ASS,,TÜRK TELEKOM  J. SMITH assist,,,,,,,,,0,195,1.0,,0,72,0,60
05:43,05:43:00,72,60,12,1,4,REGULAR,67,Ö. CENGIZ,0,2pt,582,,['pointsinthepaint'],turnaroundjumpshot,1,1,Özgür,Cengiz,Özgür,Cengiz,Ö,C,Ö,C,Ö. Cengiz,TOFAS,TOF,Ö. Cengiz,1,,,87.389999389648,34.290000915527,0.0,P2,missed,TOFAS Ö. CENGIZ 2Pt missed,,,,,,,,,0,195,1.0,def_reb,0,72,0,60
05:40,05:40:00,72,60,12,2,4,REGULAR,77,J. SMITH,1,rebound,583,582,[],defensive,0,9,Jaleen Devon,Smith,Jaleen Devon,Smith,J,S,J,S,J. Smith,TÜRK TELEKOM ,TTK,J. Smith,9,,,,,,REB,,TÜRK TELEKOM  rebound defensive,,,,,,,,,0,196,2.0,def_reb,0,72,0,60
05:36,05:36:00,72,63,9,2,4,REGULAR,7,B. DURMAZ,1,3pt,584,,['fastbreak'],jumpshot,1,3,Berkan,Durmaz,Berkan,Durmaz,B,D,B,D,B. Durmaz,TÜRK TELEKOM ,TTK,B. Durmaz,3,,,14.069999694824,94.180000305176,1.0,P3,made,TÜRK TELEKOM  B. DURMAZ 3Pt made,77.0,2.0,J. SMITH,,,,,,3,197,1.0,score,0,72,3,63
05:36,05:36:00,72,63,9,2,4,REGULAR,77,J. SMITH,1,assist,586,584,[],,0,9,Jaleen Devon,Smith,Jaleen Devon,Smith,J,S,J,S,J. Smith,TÜRK TELEKOM ,TTK,J. Smith,9,,,,,,ASS,,TÜRK TELEKOM  J. SMITH assist,,,,,,,,,0,198,2.0,,0,72,0,63
05:35,05:35:00,72,63,9,1,4,REGULAR,0,,1,timeout,587,,[],full,0,,,,,,,,,,,TOFAS,TOF,,,,,,,,TIMEOUT,,TOFAS timeout,,,,,,,,,0,198,2.0,,0,72,0,63
05:35,05:35:00,72,63,9,1,4,REGULAR,67,Ö. CENGIZ,1,substitution,588,,[],out,0,1,Özgür,Cengiz,Özgür,Cengiz,Ö,C,Ö,C,Ö. Cengiz,TOFAS,TOF,Ö. Cengiz,1,,,,,,SUB,out,TOFAS substitution out,,,,,,,,,0,198,2.0,,0,72,0,63
05:35,05:35:00,72,63,9,1,4,REGULAR,94,W. KIDD JR,1,substitution,589,,[],out,0,15,Warren Lynn,Kidd Jr,Warren Lynn,Kidd Jr,W,K,W,K,W. Kidd Jr,TOFAS,TOF,W. Kidd Jr,15,,,,,,SUB,out,TOFAS substitution out,,,,,,,,,0,198,2.0,,0,72,0,63
05:35,05:35:00,72,63,9,1,4,REGULAR,90,H. BESSON,1,substitution,590,,[],out,0,25,Hugo Eric,Besson,Hugo Eric,Besson,H,B,H,B,H. Besson,TOFAS,TOF,H. Besson,25,,,,,,SUB,out,TOFAS substitution out,,,,,,,,,0,198,2.0,,0,72,0,63
05:35,05:35:00,72,63,9,1,4,REGULAR,89,A. PEREZ,1,substitution,591,,[],in,0,2,Alex Daniel,Perez,Alex Daniel,Perez,A,P,A,P,A. Perez,TOFAS,TOF,A. Perez,2,,,,,,SUB,in,TOFAS substitution in,,,,,,,,,0,198,2.0,,0,72,0,63
05:35,05:35:00,72,63,9,1,4,REGULAR,88,M. BLAZEVIC,1,substitution,592,,[],in,0,22,Marek,Blazevic,Marek,Blazevic,M,B,M,B,M. Blazevic,TOFAS,TOF,M. Blazevic,22,,,,,,SUB,in,TOFAS substitution in,,,,,,,,,0,198,2.0,,0,72,0,63
05:35,05:35:00,72,63,9,1,4,REGULAR,93,J. THOMASSON JR,1,substitution,593,,[],in,0,32,Joseph Elliotte,Thomasson Jr,Joseph Elliotte,Thomasson Jr,J,T,J,T,J. Thomasson Jr,TOFAS,TOF,J. Thomasson Jr,32,,,,,,SUB,in,TOFAS substitution in,,,,,,,,,0,198,2.0,,0,72,0,63
05:19,05:19:00,75,63,12,1,4,REGULAR,89,A. PEREZ,1,3pt,597,,[],pullupjumpshot,1,2,Alex Daniel,Perez,Alex Daniel,Perez,A,P,A,P,A. Perez,TOFAS,TOF,A. Perez,2,,,75.069999694824,84.860000610352,1.0,P3,made,TOFAS A. PEREZ 3Pt made,,,,,,,,,3,198,2.0,score,3,75,0,63
04:58,04:58:00,75,66,9,2,4,REGULAR,5,D. ÖZDEMIROGLU,1,3pt,598,,[],pullupjumpshot,1,18,Dogus,Özdemiroglu,Dogus,Özdemiroglu,D,Ö,D,Ö,D. Özdemiroglu,TÜRK TELEKOM ,TTK,D. Özdemiroglu,18,,,26.39999961853,86.269996643066,1.0,P3,made,TÜRK TELEKOM  D. ÖZDEMIROGLU 3Pt made,,,,,,,,,3,199,1.0,score,0,75,3,66
04:33,04:33:00,75,66,9,1,4,REGULAR,55,T. GEÇIM,1,turnover,599,,[],ballhandling,0,8,Tolga,Geçim,Tolga,Geçim,T,G,T,G,T. Geçim,TOFAS,TOF,T. Geçim,8,,,,,,TO,,TOFAS T. GEÇIM turnover ballhandling,,,,,,,,,0,200,2.0,turnover,0,75,0,66
04:33,04:33:00,75,66,9,2,4,REGULAR,5,D. ÖZDEMIROGLU,1,steal,600,599,[],,0,18,Dogus,Özdemiroglu,Dogus,Özdemiroglu,D,Ö,D,Ö,D. Özdemiroglu,TÜRK TELEKOM ,TTK,D. Özdemiroglu,18,,,,,,ST,,TÜRK TELEKOM  D. ÖZDEMIROGLU steal,,,,,,,,,0,201,1.0,,0,75,0,66
04:20,04:20:00,75,66,9,1,4,REGULAR,93,J. THOMASSON JR,1,foul,603,,"['shooting', '2freethrow']",personal,0,32,Joseph Elliotte,Thomasson Jr,Joseph Elliotte,Thomasson Jr,J,T,J,T,J. Thomasson Jr,TOFAS,TOF,J. Thomasson Jr,32,,,,,,FOUL,,TOFAS J. THOMASSON JR foul personal,,,,,,,,,0,201,1.0,,0,75,0,66
04:20,04:20:00,75,66,9,2,4,REGULAR,75,K. ALLMAN,1,foulon,604,603,[],,0,1,Kyle Lindsay,Allman,Kyle Lindsay,Allman,K,A,K,A,K. Allman,TÜRK TELEKOM ,TTK,K. Allman,1,,,,,,OTHER,,TÜRK TELEKOM  foulon,,,,,,,,,0,201,1.0,,0,75,0,66
04:20,04:20:00,75,66,9,1,4,REGULAR,92,S. WHALEY,1,substitution,605,,[],out,0,5,Shaqwan Malic,Whaley,Shaqwan Malic,Whaley,S,W,S,W,S. Whaley,TOFAS,TOF,S. Whaley,5,,,,,,SUB,out,TOFAS substitution out,,,,,,,,,0,201,1.0,,0,75,0,66
04:20,04:20:00,75,66,9,1,4,REGULAR,66,Y. SAYBIR,1,substitution,606,,[],in,0,3,Yigitcan,Saybir,Yigitcan,Saybir,Y,S,Y,S,Y. Saybir,TOFAS,TOF,Y. Saybir,3,,,,,,SUB,in,TOFAS substitution in,,,,,,,,,0,201,1.0,,0,75,0,66
04:20,04:20:00,75,66,9,2,4,REGULAR,75,K. ALLMAN,0,freethrow,607,,['fromturnover'],1of2,1,1,Kyle Lindsay,Allman,Kyle Lindsay,Allman,K,A,K,A,K. Allman,TÜRK TELEKOM ,TTK,K. Allman,1,,,,,,FT,missed,TÜRK TELEKOM  K. ALLMAN FT 1of2 missed,,,,,,,,,0,201,1.0,def_reb,0,75,0,66
04:20,04:20:00,75,66,9,2,4,REGULAR,0,,1,rebound,608,607,[],offensivedeadball,0,,,,,,,,,,,TÜRK TELEKOM ,TTK,,,,,,,,TREB,,TÜRK TELEKOM  team rebound offensivedeadball,,,,,,,,,0,202,2.0,def_reb,0,75,0,66
04:20,04:20:00,75,66,9,2,4,REGULAR,75,K. ALLMAN,0,freethrow,609,,['fromturnover'],2of2,1,1,Kyle Lindsay,Allman,Kyle Lindsay,Allman,K,A,K,A,K. Allman,TÜRK TELEKOM ,TTK,K. Allman,1,,,,,,FT,missed,TÜRK TELEKOM  K. ALLMAN FT 2of2 missed,,,,,,,,,0,203,1.0,def_reb,0,75,0,66
04:20,04:20:00,75,66,9,1,4,REGULAR,93,J. THOMASSON JR,1,rebound,611,609,[],defensive,0,32,Joseph Elliotte,Thomasson Jr,Joseph Elliotte,Thomasson Jr,J,T,J,T,J. Thomasson Jr,TOFAS,TOF,J. Thomasson Jr,32,,,,,,REB,,TOFAS rebound defensive,,,,,,,,,0,204,2.0,def_reb,0,75,0,66
04:00,04:00:00,75,66,9,1,4,REGULAR,88,M. BLAZEVIC,1,turnover,612,,[],ballhandling,0,22,Marek,Blazevic,Marek,Blazevic,M,B,M,B,M. Blazevic,TOFAS,TOF,M. Blazevic,22,,,,,,TO,,TOFAS M. BLAZEVIC turnover ballhandling,,,,,,,,,0,205,1.0,turnover,0,75,0,66
04:00,04:00:00,75,66,9,2,4,REGULAR,75,K. ALLMAN,1,steal,613,612,[],,0,1,Kyle Lindsay,Allman,Kyle Lindsay,Allman,K,A,K,A,K. Allman,TÜRK TELEKOM ,TTK,K. Allman,1,,,,,,ST,,TÜRK TELEKOM  K. ALLMAN steal,,,,,,,,,0,206,2.0,,0,75,0,66
03:49,03:49:00,75,68,7,2,4,REGULAR,77,J. SMITH,1,2pt,614,,['fromturnover'],jumpshot,1,9,Jaleen Devon,Smith,Jaleen Devon,Smith,J,S,J,S,J. Smith,TÜRK TELEKOM ,TTK,J. Smith,9,,,10.170000076294,78.930000305176,1.0,P2,made,TÜRK TELEKOM  J. SMITH 2Pt made,7.0,2.0,B. DURMAZ,,,,,,2,206,2.0,score,0,75,2,68
03:49,03:49:00,75,68,7,2,4,REGULAR,7,B. DURMAZ,1,assist,615,614,[],,0,3,Berkan,Durmaz,Berkan,Durmaz,B,D,B,D,B. Durmaz,TÜRK TELEKOM ,TTK,B. Durmaz,3,,,,,,ASS,,TÜRK TELEKOM  B. DURMAZ assist,,,,,,,,,0,207,1.0,,0,75,0,68
03:30,03:30:00,75,68,7,2,4,REGULAR,75,K. ALLMAN,1,foul,619,,[],personal,0,1,Kyle Lindsay,Allman,Kyle Lindsay,Allman,K,A,K,A,K. Allman,TÜRK TELEKOM ,TTK,K. Allman,1,,,,,,FOUL,,TÜRK TELEKOM  K. ALLMAN foul personal,,,,,,,,,0,207,1.0,,0,75,0,68
03:30,03:30:00,75,68,7,1,4,REGULAR,88,M. BLAZEVIC,1,foulon,620,619,[],,0,22,Marek,Blazevic,Marek,Blazevic,M,B,M,B,M. Blazevic,TOFAS,TOF,M. Blazevic,22,,,,,,OTHER,,TOFAS foulon,,,,,,,,,0,207,1.0,,0,75,0,68
03:26,03:26:00,75,68,7,2,4,REGULAR,7,B. DURMAZ,1,foul,625,,"['shooting', '2freethrow']",personal,0,3,Berkan,Durmaz,Berkan,Durmaz,B,D,B,D,B. Durmaz,TÜRK TELEKOM ,TTK,B. Durmaz,3,,,,,,FOUL,,TÜRK TELEKOM  B. DURMAZ foul personal,,,,,,,,,0,207,1.0,,0,75,0,68
03:26,03:26:00,75,68,7,1,4,REGULAR,66,Y. SAYBIR,1,foulon,626,625,[],,0,3,Yigitcan,Saybir,Yigitcan,Saybir,Y,S,Y,S,Y. Saybir,TOFAS,TOF,Y. Saybir,3,,,,,,OTHER,,TOFAS foulon,,,,,,,,,0,207,1.0,,0,75,0,68
03:26,03:26:00,76,68,8,1,4,REGULAR,66,Y. SAYBIR,1,freethrow,627,,[],1of2,1,3,Yigitcan,Saybir,Yigitcan,Saybir,Y,S,Y,S,Y. Saybir,TOFAS,TOF,Y. Saybir,3,,,,,,FT,made,TOFAS Y. SAYBIR FT 1of2 made,,,,,,,,,1,207,1.0,made_ft,1,76,0,68
03:26,03:26:00,76,68,8,1,4,REGULAR,89,A. PEREZ,1,assist,628,627,[],,0,2,Alex Daniel,Perez,Alex Daniel,Perez,A,P,A,P,A. Perez,TOFAS,TOF,A. Perez,2,,,,,,ASS,,TOFAS A. PEREZ assist,,,,,,,,,0,208,2.0,,0,76,0,68
03:26,03:26:00,77,68,9,1,4,REGULAR,66,Y. SAYBIR,1,freethrow,629,,[],2of2,1,3,Yigitcan,Saybir,Yigitcan,Saybir,Y,S,Y,S,Y. Saybir,TOFAS,TOF,Y. Saybir,3,,,,,,FT,made,TOFAS Y. SAYBIR FT 2of2 made,,,,,,,,,1,208,2.0,made_ft_last,1,77,0,68
03:13,03:13:00,77,70,7,2,4,REGULAR,5,D. ÖZDEMIROGLU,1,2pt,631,,[],pullupjumpshot,1,18,Dogus,Özdemiroglu,Dogus,Özdemiroglu,D,Ö,D,Ö,D. Özdemiroglu,TÜRK TELEKOM ,TTK,D. Özdemiroglu,18,,,23.280000686646,56.610000610352,1.0,P2,made,TÜRK TELEKOM  D. ÖZDEMIROGLU 2Pt made,77.0,2.0,J. SMITH,,,,,,2,209,1.0,score,0,77,2,70
03:13,03:13:00,77,70,7,2,4,REGULAR,77,J. SMITH,1,assist,632,631,[],,0,9,Jaleen Devon,Smith,Jaleen Devon,Smith,J,S,J,S,J. Smith,TÜRK TELEKOM ,TTK,J. Smith,9,,,,,,ASS,,TÜRK TELEKOM  J. SMITH assist,,,,,,,,,0,210,2.0,,0,77,0,70
02:51,02:51:00,77,70,7,1,4,REGULAR,88,M. BLAZEVIC,0,2pt,633,,['pointsinthepaint'],reverselayup,1,22,Marek,Blazevic,Marek,Blazevic,M,B,M,B,M. Blazevic,TOFAS,TOF,M. Blazevic,22,,,95.819999694824,50.959999084473,0.0,P2,missed,TOFAS M. BLAZEVIC 2Pt missed,,,,,,,,,0,210,2.0,,0,77,0,70
02:47,02:47:00,77,70,7,1,4,REGULAR,66,Y. SAYBIR,1,rebound,634,633,[],offensive,0,3,Yigitcan,Saybir,Yigitcan,Saybir,Y,S,Y,S,Y. Saybir,TOFAS,TOF,Y. Saybir,3,,,,,,REB,,TOFAS rebound offensive,,,,,,,,,0,210,2.0,,0,77,0,70
02:47,02:47:00,79,70,9,1,4,REGULAR,66,Y. SAYBIR,1,2pt,635,,"['2ndchance', 'pointsinthepaint']",tipinlayup,1,3,Yigitcan,Saybir,Yigitcan,Saybir,Y,S,Y,S,Y. Saybir,TOFAS,TOF,Y. Saybir,3,,,94.0,50.0,1.0,P2,made,TOFAS Y. SAYBIR 2Pt made,,,,,,,,,2,210,2.0,score,2,79,0,70
02:31,02:31:00,79,73,6,2,4,REGULAR,7,B. DURMAZ,1,3pt,636,,[],jumpshot,1,3,Berkan,Durmaz,Berkan,Durmaz,B,D,B,D,B. Durmaz,TÜRK TELEKOM ,TTK,B. Durmaz,3,,,8.9200000762939,95.589996337891,1.0,P3,made,TÜRK TELEKOM  B. DURMAZ 3Pt made,75.0,2.0,K. ALLMAN,,,,,,3,211,1.0,score,0,79,3,73
02:31,02:31:00,79,73,6,2,4,REGULAR,75,K. ALLMAN,1,assist,637,636,[],,0,1,Kyle Lindsay,Allman,Kyle Lindsay,Allman,K,A,K,A,K. Allman,TÜRK TELEKOM ,TTK,K. Allman,1,,,,,,ASS,,TÜRK TELEKOM  K. ALLMAN assist,,,,,,,,,0,212,2.0,,0,79,0,73
02:12,02:12:00,79,73,6,1,4,REGULAR,93,J. THOMASSON JR,1,turnover,639,,[],travel,0,32,Joseph Elliotte,Thomasson Jr,Joseph Elliotte,Thomasson Jr,J,T,J,T,J. Thomasson Jr,TOFAS,TOF,J. Thomasson Jr,32,,,,,,TO,,TOFAS J. THOMASSON JR turnover travel,,,,,,,,,0,212,2.0,turnover,0,79,0,73
02:12,02:12:00,79,73,6,1,4,REGULAR,55,T. GEÇIM,1,substitution,640,,[],out,0,8,Tolga,Geçim,Tolga,Geçim,T,G,T,G,T. Geçim,TOFAS,TOF,T. Geçim,8,,,,,,SUB,out,TOFAS substitution out,,,,,,,,,0,213,1.0,,0,79,0,73
02:12,02:12:00,79,73,6,1,4,REGULAR,91,M. LEWIS III,1,substitution,641,,[],in,0,21,Maxwell Robert ,Lewis Iii,Maxwell Robert ,Lewis Iii,M,L,M,L,M. Lewis Iii,TOFAS,TOF,M. Lewis Iii,21,,,,,,SUB,in,TOFAS substitution in,,,,,,,,,0,213,1.0,,0,79,0,73
01:54,01:54:00,79,73,6,2,4,REGULAR,77,J. SMITH,0,2pt,643,,['fromturnover'],floatingjumpshot,1,9,Jaleen Devon,Smith,Jaleen Devon,Smith,J,S,J,S,J. Smith,TÜRK TELEKOM ,TTK,J. Smith,9,,,11.420000076294,25.25,0.0,P2,missed,TÜRK TELEKOM  J. SMITH 2Pt missed,,,,,,,,,0,213,1.0,def_reb,0,79,0,73
01:52,01:52:00,79,73,6,1,4,REGULAR,88,M. BLAZEVIC,1,rebound,644,643,[],defensive,0,22,Marek,Blazevic,Marek,Blazevic,M,B,M,B,M. Blazevic,TOFAS,TOF,M. Blazevic,22,,,,,,REB,,TOFAS rebound defensive,,,,,,,,,0,214,2.0,def_reb,0,79,0,73
01:29,01:29:00,79,73,6,1,4,REGULAR,89,A. PEREZ,0,2pt,645,,['pointsinthepaint'],floatingjumpshot,1,2,Alex Daniel,Perez,Alex Daniel,Perez,A,P,A,P,A. Perez,TOFAS,TOF,A. Perez,2,,,80.839996337891,46.439998626709,0.0,P2,missed,TOFAS A. PEREZ 2Pt missed,,,,,,,,,0,215,1.0,def_reb,0,79,0,73
01:27,01:27:00,79,73,6,2,4,REGULAR,7,B. DURMAZ,1,rebound,646,645,[],defensive,0,3,Berkan,Durmaz,Berkan,Durmaz,B,D,B,D,B. Durmaz,TÜRK TELEKOM ,TTK,B. Durmaz,3,,,,,,REB,,TÜRK TELEKOM  rebound defensive,,,,,,,,,0,216,2.0,def_reb,0,79,0,73
01:24,01:24:00,79,73,6,1,4,REGULAR,89,A. PEREZ,1,foul,648,,[],personal,0,2,Alex Daniel,Perez,Alex Daniel,Perez,A,P,A,P,A. Perez,TOFAS,TOF,A. Perez,2,,,,,,FOUL,,TOFAS A. PEREZ foul personal,,,,,,,,,0,217,1.0,,0,79,0,73
01:24,01:24:00,79,73,6,2,4,REGULAR,75,K. ALLMAN,1,foulon,649,648,[],,0,1,Kyle Lindsay,Allman,Kyle Lindsay,Allman,K,A,K,A,K. Allman,TÜRK TELEKOM ,TTK,K. Allman,1,,,,,,OTHER,,TÜRK TELEKOM  foulon,,,,,,,,,0,217,1.0,,0,79,0,73
01:14,01:14:00,79,73,6,2,4,REGULAR,75,K. ALLMAN,0,2pt,651,,['pointsinthepaint'],floatingjumpshot,1,1,Kyle Lindsay,Allman,Kyle Lindsay,Allman,K,A,K,A,K. Allman,TÜRK TELEKOM ,TTK,K. Allman,1,,,17.35000038147,41.360000610352,0.0,P2,missed,TÜRK TELEKOM  K. ALLMAN 2Pt missed,,,,,,,,,0,217,1.0,def_reb,0,79,0,73
01:11,01:11:00,79,73,6,1,4,REGULAR,91,M. LEWIS III,1,rebound,652,651,[],defensive,0,21,Maxwell Robert ,Lewis Iii,Maxwell Robert ,Lewis Iii,M,L,M,L,M. Lewis Iii,TOFAS,TOF,M. Lewis Iii,21,,,,,,REB,,TOFAS rebound defensive,,,,,,,,,0,218,2.0,def_reb,0,79,0,73
01:01,01:01:00,79,73,6,1,4,REGULAR,93,J. THOMASSON JR,0,3pt,656,,[],jumpshot,1,32,Joseph Elliotte,Thomasson Jr,Joseph Elliotte,Thomasson Jr,J,T,J,T,J. Thomasson Jr,TOFAS,TOF,J. Thomasson Jr,32,,,94.410003662109,2.3699998855591,0.0,P3,missed,TOFAS J. THOMASSON JR 3Pt missed,,,,,,,,,0,219,1.0,def_reb,0,79,0,73
00:56,00:56:90,79,73,6,2,4,REGULAR,5,D. ÖZDEMIROGLU,1,rebound,657,656,[],defensive,0,18,Dogus,Özdemiroglu,Dogus,Özdemiroglu,D,Ö,D,Ö,D. Özdemiroglu,TÜRK TELEKOM ,TTK,D. Özdemiroglu,18,,,,,,REB,,TÜRK TELEKOM  rebound defensive,,,,,,,,,0,220,2.0,def_reb,0,79,0,73
00:47,00:47:20,79,73,6,2,4,REGULAR,77,J. SMITH,1,turnover,658,,[],badpass,0,9,Jaleen Devon,Smith,Jaleen Devon,Smith,J,S,J,S,J. Smith,TÜRK TELEKOM ,TTK,J. Smith,9,,,,,,TO,,TÜRK TELEKOM  J. SMITH turnover badpass,,,,,,,,,0,221,1.0,turnover,0,79,0,73
00:47,00:47:20,79,73,6,1,4,REGULAR,89,A. PEREZ,1,steal,659,658,[],,0,2,Alex Daniel,Perez,Alex Daniel,Perez,A,P,A,P,A. Perez,TOFAS,TOF,A. Perez,2,,,,,,ST,,TOFAS A. PEREZ steal,,,,,,,,,0,222,2.0,,0,79,0,73
00:27,00:27:20,81,73,8,1,4,REGULAR,91,M. LEWIS III,1,2pt,661,,"['fromturnover', 'pointsinthepaint']",drivinglayup,1,21,Maxwell Robert ,Lewis Iii,Maxwell Robert ,Lewis Iii,M,L,M,L,M. Lewis Iii,TOFAS,TOF,M. Lewis Iii,21,,,93.480003356934,41.069999694824,1.0,P2,made,TOFAS M. LEWIS III 2Pt made,93.0,1.0,J. THOMASSON JR,,,,,,2,222,2.0,score,2,81,0,73
00:27,00:27:20,81,73,8,1,4,REGULAR,93,J. THOMASSON JR,1,assist,662,661,[],,0,32,Joseph Elliotte,Thomasson Jr,Joseph Elliotte,Thomasson Jr,J,T,J,T,J. Thomasson Jr,TOFAS,TOF,J. Thomasson Jr,32,,,,,,ASS,,TOFAS J. THOMASSON JR assist,,,,,,,,,0,223,1.0,,0,81,0,73
00:27,00:27:20,81,73,8,2,4,REGULAR,0,,1,timeout,663,,[],full,0,,,,,,,,,,,TÜRK TELEKOM ,TTK,,,,,,,,TIMEOUT,,TÜRK TELEKOM  timeout,,,,,,,,,0,223,1.0,,0,81,0,73
00:27,00:27:20,81,73,8,2,4,REGULAR,5,D. ÖZDEMIROGLU,1,substitution,664,,[],out,0,18,Dogus,Özdemiroglu,Dogus,Özdemiroglu,D,Ö,D,Ö,D. Özdemiroglu,TÜRK TELEKOM ,TTK,D. Özdemiroglu,18,,,,,,SUB,out,TÜRK TELEKOM  substitution out,,,,,,,,,0,223,1.0,,0,81,0,73
00:27,00:27:20,81,73,8,2,4,REGULAR,74,J. USHER,1,substitution,665,,[],in,0,8,Jordan Emanuel ,Usher,Jordan Emanuel ,Usher,J,U,J,U,J. Usher,TÜRK TELEKOM ,TTK,J. Usher,8,,,,,,SUB,in,TÜRK TELEKOM  substitution in,,,,,,,,,0,223,1.0,,0,81,0,73
00:24,00:24:80,81,73,8,2,4,REGULAR,7,B. DURMAZ,0,3pt,667,,[],jumpshot,1,3,Berkan,Durmaz,Berkan,Durmaz,B,D,B,D,B. Durmaz,TÜRK TELEKOM ,TTK,B. Durmaz,3,,,11.420000076294,96.720001220703,0.0,P3,missed,TÜRK TELEKOM  B. DURMAZ 3Pt missed,,,,,,,,,0,223,1.0,def_reb,0,81,0,73
00:20,00:20:80,81,73,8,1,4,REGULAR,66,Y. SAYBIR,1,rebound,668,667,[],defensive,0,3,Yigitcan,Saybir,Yigitcan,Saybir,Y,S,Y,S,Y. Saybir,TOFAS,TOF,Y. Saybir,3,,,,,,REB,,TOFAS rebound defensive,,,,,,,,,0,224,2.0,def_reb,0,81,0,73
00:20,00:20:50,81,73,8,2,4,REGULAR,7,B. DURMAZ,1,foul,670,,[],personal,0,3,Berkan,Durmaz,Berkan,Durmaz,B,D,B,D,B. Durmaz,TÜRK TELEKOM ,TTK,B. Durmaz,3,,,,,,FOUL,,TÜRK TELEKOM  B. DURMAZ foul personal,,,,,,,,,0,225,1.0,,0,81,0,73
00:20,00:20:50,81,73,8,1,4,REGULAR,66,Y. SAYBIR,1,foulon,671,670,[],,0,3,Yigitcan,Saybir,Yigitcan,Saybir,Y,S,Y,S,Y. Saybir,TOFAS,TOF,Y. Saybir,3,,,,,,OTHER,,TOFAS foulon,,,,,,,,,0,225,1.0,,0,81,0,73
00:17,00:17:10,81,73,8,2,4,REGULAR,75,K. ALLMAN,1,foul,674,,['2freethrow'],personal,0,1,Kyle Lindsay,Allman,Kyle Lindsay,Allman,K,A,K,A,K. Allman,TÜRK TELEKOM ,TTK,K. Allman,1,,,,,,FOUL,,TÜRK TELEKOM  K. ALLMAN foul personal,,,,,,,,,0,225,1.0,,0,81,0,73
00:17,00:17:10,81,73,8,1,4,REGULAR,93,J. THOMASSON JR,1,foulon,675,674,[],,0,32,Joseph Elliotte,Thomasson Jr,Joseph Elliotte,Thomasson Jr,J,T,J,T,J. Thomasson Jr,TOFAS,TOF,J. Thomasson Jr,32,,,,,,OTHER,,TOFAS foulon,,,,,,,,,0,225,1.0,,0,81,0,73
00:17,00:17:10,82,73,9,1,4,REGULAR,93,J. THOMASSON JR,1,freethrow,676,,['fastbreak'],1of2,1,32,Joseph Elliotte,Thomasson Jr,Joseph Elliotte,Thomasson Jr,J,T,J,T,J. Thomasson Jr,TOFAS,TOF,J. Thomasson Jr,32,,,,,,FT,made,TOFAS J. THOMASSON JR FT 1of2 made,,,,,,,,,1,225,1.0,made_ft,1,82,0,73
00:17,00:17:10,83,73,10,1,4,REGULAR,93,J. THOMASSON JR,1,freethrow,677,,['fastbreak'],2of2,1,32,Joseph Elliotte,Thomasson Jr,Joseph Elliotte,Thomasson Jr,J,T,J,T,J. Thomasson Jr,TOFAS,TOF,J. Thomasson Jr,32,,,,,,FT,made,TOFAS J. THOMASSON JR FT 2of2 made,,,,,,,,,1,226,2.0,made_ft_last,1,83,0,73
00:17,00:17:10,83,73,10,2,4,REGULAR,0,,1,timeout,678,,[],full,0,,,,,,,,,,,TÜRK TELEKOM ,TTK,,,,,,,,TIMEOUT,,TÜRK TELEKOM  timeout,,,,,,,,,0,227,1.0,,0,83,0,73
00:11,00:11:50,83,73,10,2,4,REGULAR,7,B. DURMAZ,0,3pt,680,,[],jumpshot,1,3,Berkan,Durmaz,Berkan,Durmaz,B,D,B,D,B. Durmaz,TÜRK TELEKOM ,TTK,B. Durmaz,3,,,21.25,11.409999847412,0.0,P3,missed,TÜRK TELEKOM  B. DURMAZ 3Pt missed,,,,,,,,,0,227,1.0,def_reb,0,83,0,73
00:09,00:09:00,83,73,10,1,4,REGULAR,91,M. LEWIS III,1,rebound,681,680,[],defensive,0,21,Maxwell Robert ,Lewis Iii,Maxwell Robert ,Lewis Iii,M,L,M,L,M. Lewis Iii,TOFAS,TOF,M. Lewis Iii,21,,,,,,REB,,TOFAS rebound defensive,,,,,,,,,0,228,2.0,def_reb,0,83,0,73
00:02,00:02:90,83,73,10,2,4,REGULAR,7,B. DURMAZ,1,foul,683,,"['shooting', '2freethrow']",personal,0,3,Berkan,Durmaz,Berkan,Durmaz,B,D,B,D,B. Durmaz,TÜRK TELEKOM ,TTK,B. Durmaz,3,,,,,,FOUL,,TÜRK TELEKOM  B. DURMAZ foul personal,,,,,,,,,0,229,1.0,,0,83,0,73
00:02,00:02:90,83,73,10,1,4,REGULAR,88,M. BLAZEVIC,1,foulon,684,683,[],,0,22,Marek,Blazevic,Marek,Blazevic,M,B,M,B,M. Blazevic,TOFAS,TOF,M. Blazevic,22,,,,,,OTHER,,TOFAS foulon,,,,,,,,,0,229,1.0,,0,83,0,73
00:02,00:02:90,83,73,10,2,4,REGULAR,7,B. DURMAZ,1,substitution,685,,[],out,0,3,Berkan,Durmaz,Berkan,Durmaz,B,D,B,D,B. Durmaz,TÜRK TELEKOM ,TTK,B. Durmaz,3,,,,,,SUB,out,TÜRK TELEKOM  substitution out,,,,,,,,,0,229,1.0,,0,83,0,73
00:02,00:02:90,83,73,10,2,4,REGULAR,6,E. KOSUT,1,substitution,686,,[],in,0,5,Emircan,Kosut,Emircan,Kosut,E,K,E,K,E. Kosut,TÜRK TELEKOM ,TTK,E. Kosut,5,,,,,,SUB,in,TÜRK TELEKOM  substitution in,,,,,,,,,0,229,1.0,,0,83,0,73
00:02,00:02:90,84,73,11,1,4,REGULAR,88,M. BLAZEVIC,1,freethrow,687,,['fastbreak'],1of2,1,22,Marek,Blazevic,Marek,Blazevic,M,B,M,B,M. Blazevic,TOFAS,TOF,M. Blazevic,22,,,,,,FT,made,TOFAS M. BLAZEVIC FT 1of2 made,,,,,,,,,1,229,1.0,made_ft,1,84,0,73
00:02,00:02:90,84,73,11,1,4,REGULAR,89,A. PEREZ,1,assist,688,687,[],,0,2,Alex Daniel,Perez,Alex Daniel,Perez,A,P,A,P,A. Perez,TOFAS,TOF,A. Perez,2,,,,,,ASS,,TOFAS A. PEREZ assist,,,,,,,,,0,230,2.0,,0,84,0,73
00:02,00:02:90,85,73,12,1,4,REGULAR,88,M. BLAZEVIC,1,freethrow,689,,['fastbreak'],2of2,1,22,Marek,Blazevic,Marek,Blazevic,M,B,M,B,M. Blazevic,TOFAS,TOF,M. Blazevic,22,,,,,,FT,made,TOFAS M. BLAZEVIC FT 2of2 made,,,,,,,,,1,230,2.0,made_ft_last,1,85,0,73
00:02,00:02:90,85,73,12,1,4,REGULAR,88,M. BLAZEVIC,1,substitution,690,,[],out,0,22,Marek,Blazevic,Marek,Blazevic,M,B,M,B,M. Blazevic,TOFAS,TOF,M. Blazevic,22,,,,,,SUB,out,TOFAS substitution out,,,,,,,,,0,231,1.0,,0,85,0,73
00:02,00:02:90,85,73,12,1,4,REGULAR,94,W. KIDD JR,1,substitution,691,,[],in,0,15,Warren Lynn,Kidd Jr,Warren Lynn,Kidd Jr,W,K,W,K,W. Kidd Jr,TOFAS,TOF,W. Kidd Jr,15,,,,,,SUB,in,TOFAS substitution in,,,,,,,,,0,231,1.0,,0,85,0,73
00:00,00:00:10,85,73,12,2,4,REGULAR,77,J. SMITH,0,3pt,694,,[],jumpshot,1,9,Jaleen Devon,Smith,Jaleen Devon,Smith,J,S,J,S,J. Smith,TÜRK TELEKOM ,TTK,J. Smith,9,,,43.240001678467,56.330001831055,0.0,P3,missed,TÜRK TELEKOM  J. SMITH 3Pt missed,,,,,,,,,0,231,1.0,,0,85,0,73
00:00,00:00:00,85,73,12,0,4,REGULAR,0,,1,period,695,,['confirmed'],end,0,,,,,,,,,,,,,,,,,,,,OTHER,,period end,,,,,,,,,0,231,1.0,,0,85,0,73
00:00,00:00:00,85,73,12,0,4,REGULAR,0,,1,game,696,,[],end,0,,,,,,,,,,,,,,,,,,,,OTHER,,game end,,,,,,,,,0,231,1.0,,0,85,0,73
