gt,clock,s1,s2,lead,tno,period,periodType,pno,player,success,actionType,actionNumber,previousAction,qualifier,subType,scoring,shirtNumber,firstName,familyName,internationalFirstName,internationalFamilyName,firstNameInitial,familyNameInitial,internationalFirstNameInitial,internationalFamilyNameInitial,scoreboardName,team_name,team_code,player_name_from_roster,player_shirt,player_pos_raw,player_pos_group,x,y,r,ev_code,ev_result,ev_text,assist_pno,assist_tno,assist_player,block_pno,block_tno,block_player,assist_pos_group,block_pos_group,points,possession_id,possession_owner_tno,possession_end_reason,pts_1,cum_1,pts_2,cum_2
10:00,10:00:00,0,0,0,0,1,REGULAR,0,,1,game,1,,[],start,0,,,,,,,,,,,,,,,,,,,,OTHER,,game start,,,,,,,,,0,0,,,0,0,0,0
10:00,10:00:00,0,0,0,0,1,REGULAR,0,,1,period,2,,[],start,0,,,,,,,,,,,,,,,,,,,,OTHER,,period start,,,,,,,,,0,0,,,0,0,0,0
10:00,10:00:00,0,0,0,0,1,REGULAR,0,,1,jumpball,4,,[],startperiod,0,,,,,,,,,,,,,,,,,,,,JUMP,,jump ball,,,,,,,,,0,0,,,0,0,0,0
09:59,09:59:00,0,0,0,2,1,REGULAR,28,J. JOHNSON,1,jumpball,5,4,[],won,0,34,Jayce Ryback,Johnson,Jayce Ryback,Johnson,J,J,J,J,J. Johnson,GLINT MANISA BASKET,MNS,J. Johnson,34,,,,,,JUMP,,jump ball,,,,,,,,,0,0,,,0,0,0,0
09:59,09:59:00,0,0,0,1,1,REGULAR,127,L. NNOKO,1,jumpball,6,4,[],lost,0,35,Landry,Nnoko,Landry,Nnoko,L,N,L,N,L. Nnoko,BURSASPOR BASKETBOL,BUR,L. Nnoko,35,,,,,,JUMP,,jump ball,,,,,,,,,0,0,,,0,0,0,0
09:50,09:50:00,0,2,-2,2,1,REGULAR,33,J. MINTZ,1,2pt,7,,[],pullupjumpshot,1,10,Judah Jah Leone,Mintz,Judah Jah Leone,Mintz,J,M,J,M,J. Mintz,GLINT MANISA BASKET,MNS,J. Mintz,10,,,86.610000610352,78.080001831055,1.0,P2,made,GLINT MANISA BASKET J. MINTZ 2Pt made,,,,,,,,,2,1,2.0,score,0,0,2,2
09:22,09:22:00,0,2,-2,1,1,REGULAR,144,M. PARSONS,0,3pt,8,,[],jumpshot,1,5,Malik Disjohn,Parsons,Malik Disjohn,Parsons,M,P,M,P,M. Parsons,BURSASPOR BASKETBOL,BUR,M. Parsons,5,,,27.329999923706,21.020000457764,0.0,P3,missed,BURSASPOR BASKETBOL M. PARSONS 3Pt missed,,,,,,,,,0,2,1.0,def_reb,0,0,0,2
09:20,09:20:00,0,2,-2,2,1,REGULAR,0,,1,rebound,9,8,['team'],defensive,0,,,,,,,,,,,GLINT MANISA BASKET,MNS,,,,,,,,TREB,,GLINT MANISA BASKET team rebound defensive,,,,,,,,,0,3,2.0,def_reb,0,0,0,2
08:55,08:55:00,0,2,-2,2,1,REGULAR,24,Y. ONAN,0,2pt,12,,[],turnaroundjumpshot,1,7,Yigit,Onan,Yigit,Onan,Y,O,Y,O,Y. Onan,GLINT MANISA BASKET,MNS,Y. Onan,7,,,92.389999389648,70.449996948242,0.0,P2,missed,GLINT MANISA BASKET Y. ONAN 2Pt missed,,,,,,,,,0,4,1.0,,0,0,0,2
08:52,08:52:00,0,2,-2,2,1,REGULAR,16,A. ÇAMOGLU,1,rebound,13,12,[],offensive,0,21,Altan,Çamoglu,Altan,Çamoglu,A,Ç,A,Ç,A. Çamoglu,GLINT MANISA BASKET,MNS,A. Çamoglu,21,,,,,,REB,,GLINT MANISA BASKET rebound offensive,,,,,,,,,0,4,1.0,,0,0,0,2
08:44,08:44:00,0,2,-2,2,1,REGULAR,28,J. JOHNSON,0,2pt,14,,"['2ndchance', 'pointsinthepaint']",hookshot,1,34,Jayce Ryback,Johnson,Jayce Ryback,Johnson,J,J,J,J,J. Johnson,GLINT MANISA BASKET,MNS,J. Johnson,34,,,89.269996643066,53.220001220703,0.0,P2,missed,GLINT MANISA BASKET J. JOHNSON 2Pt missed,,,,,,,,,0,4,1.0,def_reb,0,0,0,2
08:40,08:40:00,0,2,-2,1,1,REGULAR,127,L. NNOKO,1,rebound,15,14,[],defensive,0,35,Landry,Nnoko,Landry,Nnoko,L,N,L,N,L. Nnoko,BURSASPOR BASKETBOL,BUR,L. Nnoko,35,,,,,,REB,,BURSASPOR BASKETBOL rebound defensive,,,,,,,,,0,5,2.0,def_reb,0,0,0,2
08:15,08:15:00,0,2,-2,1,1,REGULAR,144,M. PARSONS,1,turnover,20,,[],badpass,0,5,Malik Disjohn,Parsons,Malik Disjohn,Parsons,M,P,M,P,M. Parsons,BURSASPOR BASKETBOL,BUR,M. Parsons,5,,,,,,TO,,BURSASPOR BASKETBOL M. PARSONS turnover badpass,,,,,,,,,0,6,1.0,turnover,0,0,0,2
08:15,08:15:00,0,2,-2,2,1,REGULAR,31,D. SMITH,1,steal,21,20,[],,0,2,Dayshon Hassan,Smith,Dayshon Hassan,Smith,D,S,D,S,D. Smith,GLINT MANISA BASKET,MNS,D. Smith,2,,,,,,ST,,GLINT MANISA BASKET D. SMITH steal,,,,,,,,,0,7,2.0,,0,0,0,2
08:12,08:12:00,0,4,-4,2,1,REGULAR,16,A. ÇAMOGLU,1,2pt,22,,"['fromturnover', 'pointsinthepaint', 'fastbreak']",dunk,1,21,Altan,Çamoglu,Altan,Çamoglu,A,Ç,A,Ç,A. Çamoglu,GLINT MANISA BASKET,MNS,A. Çamoglu,21,,,93.790000915527,38.25,1.0,P2,made,GLINT MANISA BASKET A. ÇAMOGLU 2Pt made,31.0,2.0,D. SMITH,,,,,,2,7,2.0,score,0,0,2,4
08:12,08:12:00,0,4,-4,2,1,REGULAR,31,D. SMITH,1,assist,23,22,[],,0,2,Dayshon Hassan,Smith,Dayshon Hassan,Smith,D,S,D,S,D. Smith,GLINT MANISA BASKET,MNS,D. Smith,2,,,,,,ASS,,GLINT MANISA BASKET D. SMITH assist,,,,,,,,,0,8,1.0,,0,0,0,4
07:54,07:54:00,0,4,-4,1,1,REGULAR,144,M. PARSONS,1,substitution,25,,[],out,0,5,Malik Disjohn,Parsons,Malik Disjohn,Parsons,M,P,M,P,M. Parsons,BURSASPOR BASKETBOL,BUR,M. Parsons,5,,,,,,SUB,out,BURSASPOR BASKETBOL substitution out,,,,,,,,,0,8,1.0,,0,0,0,4
07:54,07:54:00,0,4,-4,1,1,REGULAR,134,V. KING,1,substitution,26,,[],in,0,22,Vincent Earl,King,Vincent Earl,King,V,K,V,K,V. King,BURSASPOR BASKETBOL,BUR,V. King,22,,,,,,SUB,in,BURSASPOR BASKETBOL substitution in,,,,,,,,,0,8,1.0,,0,0,0,4
07:44,07:44:00,0,4,-4,1,1,REGULAR,133,B. CHILDRESS,0,3pt,28,,[],jumpshot,1,0,Brandon Reginald,Childress,Brandon Reginald,Childress,B,C,B,C,B. Childress,BURSASPOR BASKETBOL,BUR,B. Childress,0,,,33.259998321533,49.270000457764,0.0,P3,missed,BURSASPOR BASKETBOL B. CHILDRESS 3Pt missed,,,,,,,,,0,8,1.0,def_reb,0,0,0,4
07:42,07:42:00,0,4,-4,2,1,REGULAR,28,J. JOHNSON,1,rebound,29,28,[],defensive,0,34,Jayce Ryback,Johnson,Jayce Ryback,Johnson,J,J,J,J,J. Johnson,GLINT MANISA BASKET,MNS,J. Johnson,34,,,,,,REB,,GLINT MANISA BASKET rebound defensive,,,,,,,,,0,9,2.0,def_reb,0,0,0,4
07:40,07:40:00,0,4,-4,1,1,REGULAR,101,H. KÖKSAL,1,foul,31,,[],personal,0,7,Hüseyin Göksenin,Köksal,Hüseyin Göksenin,Köksal,H,K,H,K,H. Köksal,BURSASPOR BASKETBOL,BUR,H. Köksal,7,,,,,,FOUL,,BURSASPOR BASKETBOL H. KÖKSAL foul personal,,,,,,,,,0,10,1.0,,0,0,0,4
07:40,07:40:00,0,4,-4,2,1,REGULAR,31,D. SMITH,1,foulon,32,31,[],,0,2,Dayshon Hassan,Smith,Dayshon Hassan,Smith,D,S,D,S,D. Smith,GLINT MANISA BASKET,MNS,D. Smith,2,,,,,,OTHER,,GLINT MANISA BASKET foulon,,,,,,,,,0,10,1.0,,0,0,0,4
07:30,07:30:00,0,4,-4,1,1,REGULAR,133,B. CHILDRESS,1,foul,35,,"['shooting', '2freethrow']",personal,0,0,Brandon Reginald,Childress,Brandon Reginald,Childress,B,C,B,C,B. Childress,BURSASPOR BASKETBOL,BUR,B. Childress,0,,,,,,FOUL,,BURSASPOR BASKETBOL B. CHILDRESS foul personal,,,,,,,,,0,10,1.0,,0,0,0,4
07:30,07:30:00,0,4,-4,2,1,REGULAR,33,J. MINTZ,1,foulon,36,35,[],,0,10,Judah Jah Leone,Mintz,Judah Jah Leone,Mintz,J,M,J,M,J. Mintz,GLINT MANISA BASKET,MNS,J. Mintz,10,,,,,,OTHER,,GLINT MANISA BASKET foulon,,,,,,,,,0,10,1.0,,0,0,0,4
07:30,07:30:00,0,5,-5,2,1,REGULAR,33,J. MINTZ,1,freethrow,37,,[],1of2,1,10,Judah Jah Leone,Mintz,Judah Jah Leone,Mintz,J,M,J,M,J. Mintz,GLINT MANISA BASKET,MNS,J. Mintz,10,,,,,,FT,made,GLINT MANISA BASKET J. MINTZ FT 1of2 made,,,,,,,,,1,10,1.0,made_ft,0,0,1,5
07:30,07:30:00,0,5,-5,2,1,REGULAR,24,Y. ONAN,1,assist,38,37,[],,0,7,Yigit,Onan,Yigit,Onan,Y,O,Y,O,Y. Onan,GLINT MANISA BASKET,MNS,Y. Onan,7,,,,,,ASS,,GLINT MANISA BASKET Y. ONAN assist,,,,,,,,,0,11,2.0,,0,0,0,5
07:30,07:30:00,0,6,-6,2,1,REGULAR,33,J. MINTZ,1,freethrow,39,,[],2of2,1,10,Judah Jah Leone,Mintz,Judah Jah Leone,Mintz,J,M,J,M,J. Mintz,GLINT MANISA BASKET,MNS,J. Mintz,10,,,,,,FT,made,GLINT MANISA BASKET J. MINTZ FT 2of2 made,,,,,,,,,1,11,2.0,made_ft_last,0,0,1,6
07:12,07:12:00,0,6,-6,1,1,REGULAR,133,B. CHILDRESS,0,3pt,43,,[],jumpshot,1,0,Brandon Reginald,Childress,Brandon Reginald,Childress,B,C,B,C,B. Childress,BURSASPOR BASKETBOL,BUR,B. Childress,0,,,31.700000762939,37.970001220703,0.0,P3,missed,BURSASPOR BASKETBOL B. CHILDRESS 3Pt missed,,,,,,,,,0,12,1.0,def_reb,0,0,0,6
07:08,07:08:00,0,6,-6,1,1,REGULAR,0,,1,rebound,45,43,['team'],offensive,0,,,,,,,,,,,BURSASPOR BASKETBOL,BUR,,,,,,,,TREB,,BURSASPOR BASKETBOL team rebound offensive,,,,,,,,,0,13,2.0,def_reb,0,0,0,6
07:08,07:08:00,0,6,-6,2,1,REGULAR,0,,1,headcoachchallenge,46,,['rejected'],outofbounds,0,,,,,,,,,,,GLINT MANISA BASKET,MNS,,,,,,,,OTHER,,GLINT MANISA BASKET headcoachchallenge outofbounds,,,,,,,,,0,14,1.0,,0,0,0,6
07:01,07:01:00,2,6,-4,1,1,REGULAR,134,V. KING,1,2pt,48,,"['2ndchance', 'pointsinthepaint']",drivinglayup,1,22,Vincent Earl,King,Vincent Earl,King,V,K,V,K,V. King,BURSASPOR BASKETBOL,BUR,V. King,22,,,9.8599996566772,41.639999389648,1.0,P2,made,BURSASPOR BASKETBOL V. KING 2Pt made,133.0,1.0,B. CHILDRESS,,,,,,2,14,1.0,score,2,2,0,6
07:01,07:01:00,2,6,-4,1,1,REGULAR,133,B. CHILDRESS,1,assist,49,48,[],,0,0,Brandon Reginald,Childress,Brandon Reginald,Childress,B,C,B,C,B. Childress,BURSASPOR BASKETBOL,BUR,B. Childress,0,,,,,,ASS,,BURSASPOR BASKETBOL B. CHILDRESS assist,,,,,,,,,0,15,2.0,,0,2,0,6
06:42,06:42:00,2,8,-6,2,1,REGULAR,28,J. JOHNSON,1,2pt,50,,['pointsinthepaint'],layup,1,34,Jayce Ryback,Johnson,Jayce Ryback,Johnson,J,J,J,J,J. Johnson,GLINT MANISA BASKET,MNS,J. Johnson,34,,,91.919998168945,59.439998626709,1.0,P2,made,GLINT MANISA BASKET J. JOHNSON 2Pt made,31.0,2.0,D. SMITH,,,,,,2,15,2.0,score,0,2,2,8
06:42,06:42:00,2,8,-6,2,1,REGULAR,31,D. SMITH,1,assist,51,50,[],,0,2,Dayshon Hassan,Smith,Dayshon Hassan,Smith,D,S,D,S,D. Smith,GLINT MANISA BASKET,MNS,D. Smith,2,,,,,,ASS,,GLINT MANISA BASKET D. SMITH assist,,,,,,,,,0,16,1.0,,0,2,0,8
06:24,06:24:00,4,8,-4,1,1,REGULAR,133,B. CHILDRESS,1,2pt,52,,['pointsinthepaint'],drivinglayup,1,0,Brandon Reginald,Childress,Brandon Reginald,Childress,B,C,B,C,B. Childress,BURSASPOR BASKETBOL,BUR,B. Childress,0,,,11.109999656677,39.659999847412,1.0,P2,made,BURSASPOR BASKETBOL B. CHILDRESS 2Pt made,,,,,,,,,2,16,1.0,score,2,4,0,8
06:08,06:08:00,4,8,-4,2,1,REGULAR,16,A. ÇAMOGLU,1,turnover,53,,[],ballhandling,0,21,Altan,Çamoglu,Altan,Çamoglu,A,Ç,A,Ç,A. Çamoglu,GLINT MANISA BASKET,MNS,A. Çamoglu,21,,,,,,TO,,GLINT MANISA BASKET A. ÇAMOGLU turnover ballhandling,,,,,,,,,0,17,2.0,turnover,0,4,0,8
06:08,06:08:00,4,8,-4,1,1,REGULAR,135,A. KONONTSUK,1,steal,54,53,[],,0,34,Artur,Konontsuk,Artur,Konontsuk,A,K,A,K,A. Konontsuk,BURSASPOR BASKETBOL,BUR,A. Konontsuk,34,,,,,,ST,,BURSASPOR BASKETBOL A. KONONTSUK steal,,,,,,,,,0,18,1.0,,0,4,0,8
05:44,05:44:00,6,8,-2,1,1,REGULAR,101,H. KÖKSAL,1,2pt,57,,"['fromturnover', 'pointsinthepaint']",turnaroundjumpshot,1,7,Hüseyin Göksenin,Köksal,Hüseyin Göksenin,Köksal,H,K,H,K,H. Köksal,BURSASPOR BASKETBOL,BUR,H. Köksal,7,,,11.579999923706,61.979999542236,1.0,P2,made,BURSASPOR BASKETBOL H. KÖKSAL 2Pt made,,,,,,,,,2,18,1.0,score,2,6,0,8
05:33,05:33:00,6,10,-4,2,1,REGULAR,31,D. SMITH,1,2pt,58,,"['pointsinthepaint', 'fastbreak']",layup,1,2,Dayshon Hassan,Smith,Dayshon Hassan,Smith,D,S,D,S,D. Smith,GLINT MANISA BASKET,MNS,D. Smith,2,,,90.980003356934,40.229999542236,1.0,P2,made,GLINT MANISA BASKET D. SMITH 2Pt made,,,,,,,,,2,19,2.0,score,0,6,2,10
05:18,05:18:00,6,10,-4,2,1,REGULAR,16,A. ÇAMOGLU,1,foul,60,,[],personal,0,21,Altan,Çamoglu,Altan,Çamoglu,A,Ç,A,Ç,A. Çamoglu,GLINT MANISA BASKET,MNS,A. Çamoglu,21,,,,,,FOUL,,GLINT MANISA BASKET A. ÇAMOGLU foul personal,,,,,,,,,0,20,1.0,,0,6,0,10
05:18,05:18:00,6,10,-4,1,1,REGULAR,133,B. CHILDRESS,1,foulon,61,60,[],,0,0,Brandon Reginald,Childress,Brandon Reginald,Childress,B,C,B,C,B. Childress,BURSASPOR BASKETBOL,BUR,B. Childress,0,,,,,,OTHER,,BURSASPOR BASKETBOL foulon,,,,,,,,,0,20,1.0,,0,6,0,10
05:07,05:07:00,8,10,-2,1,1,REGULAR,133,B. CHILDRESS,1,2pt,63,,[],stepbackjumpshot,1,0,Brandon Reginald,Childress,Brandon Reginald,Childress,B,C,B,C,B. Childress,BURSASPOR BASKETBOL,BUR,B. Childress,0,,,22.340000152588,60.279998779297,1.0,P2,made,BURSASPOR BASKETBOL B. CHILDRESS 2Pt made,,,,,,,,,2,20,1.0,score,2,8,0,10
04:57,04:57:00,8,10,-2,2,1,REGULAR,33,J. MINTZ,0,2pt,64,,['pointsinthepaint'],layup,1,10,Judah Jah Leone,Mintz,Judah Jah Leone,Mintz,J,M,J,M,J. Mintz,GLINT MANISA BASKET,MNS,J. Mintz,10,,,93.790000915527,36.270000457764,0.0,P2,missed,GLINT MANISA BASKET J. MINTZ 2Pt missed,,,,,,,,,0,21,2.0,def_reb,0,8,0,10
04:55,04:55:00,8,10,-2,1,1,REGULAR,127,L. NNOKO,1,rebound,65,64,[],defensive,0,35,Landry,Nnoko,Landry,Nnoko,L,N,L,N,L. Nnoko,BURSASPOR BASKETBOL,BUR,L. Nnoko,35,,,,,,REB,,BURSASPOR BASKETBOL rebound defensive,,,,,,,,,0,22,1.0,def_reb,0,8,0,10
04:46,04:46:00,8,10,-2,1,1,REGULAR,134,V. KING,0,3pt,66,,[],jumpshot,1,22,Vincent Earl,King,Vincent Earl,King,V,K,V,K,V. King,BURSASPOR BASKETBOL,BUR,V. King,22,,,26.549999237061,85.419998168945,0.0,P3,missed,BURSASPOR BASKETBOL V. KING 3Pt missed,,,,,,,,,0,23,2.0,,0,8,0,10
04:44,04:44:00,8,10,-2,1,1,REGULAR,133,B. CHILDRESS,1,rebound,67,66,[],offensive,0,0,Brandon Reginald,Childress,Brandon Reginald,Childress,B,C,B,C,B. Childress,BURSASPOR BASKETBOL,BUR,B. Childress,0,,,,,,REB,,BURSASPOR BASKETBOL rebound offensive,,,,,,,,,0,23,2.0,,0,8,0,10
04:32,04:32:00,8,10,-2,1,1,REGULAR,127,L. NNOKO,1,turnover,68,,[],badpass,0,35,Landry,Nnoko,Landry,Nnoko,L,N,L,N,L. Nnoko,BURSASPOR BASKETBOL,BUR,L. Nnoko,35,,,,,,TO,,BURSASPOR BASKETBOL L. NNOKO turnover badpass,,,,,,,,,0,23,2.0,turnover,0,8,0,10
04:32,04:32:00,8,10,-2,2,1,REGULAR,31,D. SMITH,1,steal,70,68,[],,0,2,Dayshon Hassan,Smith,Dayshon Hassan,Smith,D,S,D,S,D. Smith,GLINT MANISA BASKET,MNS,D. Smith,2,,,,,,ST,,GLINT MANISA BASKET D. SMITH steal,,,,,,,,,0,24,1.0,,0,8,0,10
04:30,04:30:00,8,10,-2,1,1,REGULAR,127,L. NNOKO,1,foul,71,,"['shooting', '2freethrow']",personal,0,35,Landry,Nnoko,Landry,Nnoko,L,N,L,N,L. Nnoko,BURSASPOR BASKETBOL,BUR,L. Nnoko,35,,,,,,FOUL,,BURSASPOR BASKETBOL L. NNOKO foul personal,,,,,,,,,0,24,1.0,,0,8,0,10
04:30,04:30:00,8,10,-2,2,1,REGULAR,33,J. MINTZ,1,foulon,72,71,[],,0,10,Judah Jah Leone,Mintz,Judah Jah Leone,Mintz,J,M,J,M,J. Mintz,GLINT MANISA BASKET,MNS,J. Mintz,10,,,,,,OTHER,,GLINT MANISA BASKET foulon,,,,,,,,,0,24,1.0,,0,8,0,10
04:30,04:30:00,8,10,-2,0,1,REGULAR,0,,1,timeout,73,,[],officials,0,,,,,,,,,,,,,,,,,,,,TIMEOUT,, timeout,,,,,,,,,0,24,1.0,,0,8,0,10
04:30,04:30:00,8,10,-2,1,1,REGULAR,101,H. KÖKSAL,1,substitution,74,,[],out,0,7,Hüseyin Göksenin,Köksal,Hüseyin Göksenin,Köksal,H,K,H,K,H. Köksal,BURSASPOR BASKETBOL,BUR,H. Köksal,7,,,,,,SUB,out,BURSASPOR BASKETBOL substitution out,,,,,,,,,0,24,1.0,,0,8,0,10
04:30,04:30:00,8,10,-2,1,1,REGULAR,135,A. KONONTSUK,1,substitution,75,,[],out,0,34,Artur,Konontsuk,Artur,Konontsuk,A,K,A,K,A. Konontsuk,BURSASPOR BASKETBOL,BUR,A. Konontsuk,34,,,,,,SUB,out,BURSASPOR BASKETBOL substitution out,,,,,,,,,0,24,1.0,,0,8,0,10
04:30,04:30:00,8,10,-2,1,1,REGULAR,102,B. AKIN,1,substitution,76,,[],in,0,11,Berk Can,Akin,Berk Can,Akin,B,A,B,A,B. Akin,BURSASPOR BASKETBOL,BUR,B. Akin,11,,,,,,SUB,in,BURSASPOR BASKETBOL substitution in,,,,,,,,,0,24,1.0,,0,8,0,10
04:30,04:30:00,8,10,-2,1,1,REGULAR,4,Y. ONAR,1,substitution,77,,[],in,0,14,Yesukan,Onar,Yesukan,Onar,Y,O,Y,O,Y. Onar,BURSASPOR BASKETBOL,BUR,Y. Onar,14,,,,,,SUB,in,BURSASPOR BASKETBOL substitution in,,,,,,,,,0,24,1.0,,0,8,0,10
04:30,04:30:00,8,10,-2,2,1,REGULAR,16,A. ÇAMOGLU,1,substitution,78,,[],out,0,21,Altan,Çamoglu,Altan,Çamoglu,A,Ç,A,Ç,A. Çamoglu,GLINT MANISA BASKET,MNS,A. Çamoglu,21,,,,,,SUB,out,GLINT MANISA BASKET substitution out,,,,,,,,,0,24,1.0,,0,8,0,10
04:30,04:30:00,8,10,-2,2,1,REGULAR,32,J. SCRUBB,1,substitution,79,,[],in,0,1,Jayden Amari,Scrubb,Jayden Amari,Scrubb,J,S,J,S,J. Scrubb,GLINT MANISA BASKET,MNS,J. Scrubb,1,,,,,,SUB,in,GLINT MANISA BASKET substitution in,,,,,,,,,0,24,1.0,,0,8,0,10
04:30,04:30:00,8,11,-3,2,1,REGULAR,33,J. MINTZ,1,freethrow,80,,"['fastbreak', 'fromturnover']",1of2,1,10,Judah Jah Leone,Mintz,Judah Jah Leone,Mintz,J,M,J,M,J. Mintz,GLINT MANISA BASKET,MNS,J. Mintz,10,,,,,,FT,made,GLINT MANISA BASKET J. MINTZ FT 1of2 made,,,,,,,,,1,24,1.0,made_ft,0,8,1,11
04:30,04:30:00,8,11,-3,2,1,REGULAR,31,D. SMITH,1,assist,81,80,[],,0,2,Dayshon Hassan,Smith,Dayshon Hassan,Smith,D,S,D,S,D. Smith,GLINT MANISA BASKET,MNS,D. Smith,2,,,,,,ASS,,GLINT MANISA BASKET D. SMITH assist,,,,,,,,,0,25,2.0,,0,8,0,11
04:30,04:30:00,8,12,-4,2,1,REGULAR,33,J. MINTZ,1,freethrow,82,,"['fastbreak', 'fromturnover']",2of2,1,10,Judah Jah Leone,Mintz,Judah Jah Leone,Mintz,J,M,J,M,J. Mintz,GLINT MANISA BASKET,MNS,J. Mintz,10,,,,,,FT,made,GLINT MANISA BASKET J. MINTZ FT 2of2 made,,,,,,,,,1,25,2.0,made_ft_last,0,8,1,12
04:09,04:09:00,8,12,-4,1,1,REGULAR,127,L. NNOKO,0,2pt,84,,['pointsinthepaint'],layup,1,35,Landry,Nnoko,Landry,Nnoko,L,N,L,N,L. Nnoko,BURSASPOR BASKETBOL,BUR,L. Nnoko,35,,,12.979999542236,58.869998931885,0.0,P2,missed,BURSASPOR BASKETBOL L. NNOKO 2Pt missed,,,,,,,,,0,26,1.0,,0,8,0,12
04:04,04:04:00,8,12,-4,1,1,REGULAR,127,L. NNOKO,1,rebound,85,84,[],offensive,0,35,Landry,Nnoko,Landry,Nnoko,L,N,L,N,L. Nnoko,BURSASPOR BASKETBOL,BUR,L. Nnoko,35,,,,,,REB,,BURSASPOR BASKETBOL rebound offensive,,,,,,,,,0,26,1.0,,0,8,0,12
04:04,04:04:00,10,12,-2,1,1,REGULAR,127,L. NNOKO,1,2pt,86,,"['2ndchance', 'pointsinthepaint']",tipinlayup,1,35,Landry,Nnoko,Landry,Nnoko,L,N,L,N,L. Nnoko,BURSASPOR BASKETBOL,BUR,L. Nnoko,35,,,6.0,50.0,1.0,P2,made,BURSASPOR BASKETBOL L. NNOKO 2Pt made,,,,,,,,,2,26,1.0,score,2,10,0,12
03:57,03:57:00,10,12,-2,1,1,REGULAR,4,Y. ONAR,1,foul,88,,"['shooting', '2freethrow']",personal,0,14,Yesukan,Onar,Yesukan,Onar,Y,O,Y,O,Y. Onar,BURSASPOR BASKETBOL,BUR,Y. Onar,14,,,,,,FOUL,,BURSASPOR BASKETBOL Y. ONAR foul personal,,,,,,,,,0,27,2.0,,0,10,0,12
03:57,03:57:00,10,12,-2,2,1,REGULAR,24,Y. ONAN,1,foulon,89,88,[],,0,7,Yigit,Onan,Yigit,Onan,Y,O,Y,O,Y. Onan,GLINT MANISA BASKET,MNS,Y. Onan,7,,,,,,OTHER,,GLINT MANISA BASKET foulon,,,,,,,,,0,27,2.0,,0,10,0,12
03:57,03:57:00,10,12,-2,2,1,REGULAR,31,D. SMITH,1,substitution,90,,[],out,0,2,Dayshon Hassan,Smith,Dayshon Hassan,Smith,D,S,D,S,D. Smith,GLINT MANISA BASKET,MNS,D. Smith,2,,,,,,SUB,out,GLINT MANISA BASKET substitution out,,,,,,,,,0,27,2.0,,0,10,0,12
03:57,03:57:00,10,12,-2,2,1,REGULAR,34,K. ZEMAITIS,1,substitution,91,,[],in,0,13,Kristupas,Zemaitis,Kristupas,Zemaitis,K,Z,K,Z,K. Zemaitis,GLINT MANISA BASKET,MNS,K. Zemaitis,13,,,,,,SUB,in,GLINT MANISA BASKET substitution in,,,,,,,,,0,27,2.0,,0,10,0,12
03:57,03:57:00,10,13,-3,2,1,REGULAR,24,Y. ONAN,1,freethrow,92,,['fastbreak'],1of2,1,7,Yigit,Onan,Yigit,Onan,Y,O,Y,O,Y. Onan,GLINT MANISA BASKET,MNS,Y. Onan,7,,,,,,FT,made,GLINT MANISA BASKET Y. ONAN FT 1of2 made,,,,,,,,,1,27,2.0,made_ft,0,10,1,13
03:57,03:57:00,10,13,-3,2,1,REGULAR,24,Y. ONAN,0,freethrow,93,,['fastbreak'],2of2,1,7,Yigit,Onan,Yigit,Onan,Y,O,Y,O,Y. Onan,GLINT MANISA BASKET,MNS,Y. Onan,7,,,,,,FT,missed,GLINT MANISA BASKET Y. ONAN FT 2of2 missed,,,,,,,,,0,28,1.0,def_reb,0,10,0,13
03:57,03:57:00,10,13,-3,1,1,REGULAR,134,V. KING,1,rebound,95,93,[],defensive,0,22,Vincent Earl,King,Vincent Earl,King,V,K,V,K,V. King,BURSASPOR BASKETBOL,BUR,V. King,22,,,,,,REB,,BURSASPOR BASKETBOL rebound defensive,,,,,,,,,0,29,2.0,def_reb,0,10,0,13
03:41,03:41:00,12,13,-1,1,1,REGULAR,127,L. NNOKO,1,2pt,96,,['pointsinthepaint'],jumpshot,1,35,Landry,Nnoko,Landry,Nnoko,L,N,L,N,L. Nnoko,BURSASPOR BASKETBOL,BUR,L. Nnoko,35,,,8.9200000762939,61.409999847412,1.0,P2,made,BURSASPOR BASKETBOL L. NNOKO 2Pt made,,,,,,,,,2,30,1.0,score,2,12,0,13
03:18,03:18:00,12,13,-1,1,1,REGULAR,133,B. CHILDRESS,1,foul,98,,"['shooting', '2freethrow']",personal,0,0,Brandon Reginald,Childress,Brandon Reginald,Childress,B,C,B,C,B. Childress,BURSASPOR BASKETBOL,BUR,B. Childress,0,,,,,,FOUL,,BURSASPOR BASKETBOL B. CHILDRESS foul personal,,,,,,,,,0,31,2.0,,0,12,0,13
03:18,03:18:00,12,13,-1,2,1,REGULAR,33,J. MINTZ,1,foulon,99,98,[],,0,10,Judah Jah Leone,Mintz,Judah Jah Leone,Mintz,J,M,J,M,J. Mintz,GLINT MANISA BASKET,MNS,J. Mintz,10,,,,,,OTHER,,GLINT MANISA BASKET foulon,,,,,,,,,0,31,2.0,,0,12,0,13
03:18,03:18:00,12,13,-1,2,1,REGULAR,24,Y. ONAN,1,substitution,100,,[],out,0,7,Yigit,Onan,Yigit,Onan,Y,O,Y,O,Y. Onan,GLINT MANISA BASKET,MNS,Y. Onan,7,,,,,,SUB,out,GLINT MANISA BASKET substitution out,,,,,,,,,0,31,2.0,,0,12,0,13
03:18,03:18:00,12,13,-1,2,1,REGULAR,22,B. ÇAL,1,substitution,101,,[],in,0,11,Bugra,Çal,Bugra,Çal,B,Ç,B,Ç,B. Çal,GLINT MANISA BASKET,MNS,B. Çal,11,,,,,,SUB,in,GLINT MANISA BASKET substitution in,,,,,,,,,0,31,2.0,,0,12,0,13
03:18,03:18:00,12,14,-2,2,1,REGULAR,33,J. MINTZ,1,freethrow,102,,[],1of2,1,10,Judah Jah Leone,Mintz,Judah Jah Leone,Mintz,J,M,J,M,J. Mintz,GLINT MANISA BASKET,MNS,J. Mintz,10,,,,,,FT,made,GLINT MANISA BASKET J. MINTZ FT 1of2 made,,,,,,,,,1,31,2.0,made_ft,0,12,1,14
03:18,03:18:00,12,15,-3,2,1,REGULAR,33,J. MINTZ,1,freethrow,103,,[],2of2,1,10,Judah Jah Leone,Mintz,Judah Jah Leone,Mintz,J,M,J,M,J. Mintz,GLINT MANISA BASKET,MNS,J. Mintz,10,,,,,,FT,made,GLINT MANISA BASKET J. MINTZ FT 2of2 made,,,,,,,,,1,32,1.0,made_ft_last,0,12,1,15
03:18,03:18:00,12,15,-3,1,1,REGULAR,133,B. CHILDRESS,1,substitution,104,,[],out,0,0,Brandon Reginald,Childress,Brandon Reginald,Childress,B,C,B,C,B. Childress,BURSASPOR BASKETBOL,BUR,B. Childress,0,,,,,,SUB,out,BURSASPOR BASKETBOL substitution out,,,,,,,,,0,33,2.0,,0,12,0,15
03:18,03:18:00,12,15,-3,1,1,REGULAR,129,B. CRAWFORD,1,substitution,105,,[],in,0,13,Bryant Dejuan,Crawford,Bryant Dejuan,Crawford,B,C,B,C,B. Crawford,BURSASPOR BASKETBOL,BUR,B. Crawford,13,,,,,,SUB,in,BURSASPOR BASKETBOL substitution in,,,,,,,,,0,33,2.0,,0,12,0,15
02:55,02:55:00,12,15,-3,1,1,REGULAR,129,B. CRAWFORD,0,3pt,108,,[],jumpshot,1,13,Bryant Dejuan,Crawford,Bryant Dejuan,Crawford,B,C,B,C,B. Crawford,BURSASPOR BASKETBOL,BUR,B. Crawford,13,,,30.450000762939,35.139999389648,0.0,P3,missed,BURSASPOR BASKETBOL B. CRAWFORD 3Pt missed,,,,,,,,,0,33,2.0,def_reb,0,12,0,15
02:55,02:55:00,12,15,-3,1,1,REGULAR,0,,1,rebound,109,108,['team'],offensive,0,,,,,,,,,,,BURSASPOR BASKETBOL,BUR,,,,,,,,TREB,,BURSASPOR BASKETBOL team rebound offensive,,,,,,,,,0,34,1.0,def_reb,0,12,0,15
02:55,02:55:00,12,15,-3,2,1,REGULAR,33,J. MINTZ,1,foul,110,,[],personal,0,10,Judah Jah Leone,Mintz,Judah Jah Leone,Mintz,J,M,J,M,J. Mintz,GLINT MANISA BASKET,MNS,J. Mintz,10,,,,,,FOUL,,GLINT MANISA BASKET J. MINTZ foul personal,,,,,,,,,0,35,2.0,,0,12,0,15
02:55,02:55:00,12,15,-3,1,1,REGULAR,129,B. CRAWFORD,1,foulon,111,110,[],,0,13,Bryant Dejuan,Crawford,Bryant Dejuan,Crawford,B,C,B,C,B. Crawford,BURSASPOR BASKETBOL,BUR,B. Crawford,13,,,,,,OTHER,,BURSASPOR BASKETBOL foulon,,,,,,,,,0,35,2.0,,0,12,0,15
02:46,02:46:00,12,15,-3,1,1,REGULAR,134,V. KING,0,2pt,113,,"['2ndchance', 'pointsinthepaint']",drivinglayup,1,22,Vincent Earl,King,Vincent Earl,King,V,K,V,K,V. King,BURSASPOR BASKETBOL,BUR,V. King,22,,,10.640000343323,63.669998168945,0.0,P2,missed,BURSASPOR BASKETBOL V. KING 2Pt missed,,,,,,,,,0,35,2.0,def_reb,0,12,0,15
02:43,02:43:00,12,15,-3,2,1,REGULAR,28,J. JOHNSON,1,rebound,114,113,[],defensive,0,34,Jayce Ryback,Johnson,Jayce Ryback,Johnson,J,J,J,J,J. Johnson,GLINT MANISA BASKET,MNS,J. Johnson,34,,,,,,REB,,GLINT MANISA BASKET rebound defensive,,,,,,,,,0,36,1.0,def_reb,0,12,0,15
02:39,02:39:00,12,15,-3,2,1,REGULAR,33,J. MINTZ,1,turnover,115,,[],badpass,0,10,Judah Jah Leone,Mintz,Judah Jah Leone,Mintz,J,M,J,M,J. Mintz,GLINT MANISA BASKET,MNS,J. Mintz,10,,,,,,TO,,GLINT MANISA BASKET J. MINTZ turnover badpass,,,,,,,,,0,37,2.0,turnover,0,12,0,15
02:39,02:39:00,12,15,-3,1,1,REGULAR,4,Y. ONAR,1,steal,116,115,[],,0,14,Yesukan,Onar,Yesukan,Onar,Y,O,Y,O,Y. Onar,BURSASPOR BASKETBOL,BUR,Y. Onar,14,,,,,,ST,,BURSASPOR BASKETBOL Y. ONAR steal,,,,,,,,,0,38,1.0,,0,12,0,15
02:26,02:26:00,12,15,-3,1,1,REGULAR,127,L. NNOKO,1,substitution,120,,[],out,0,35,Landry,Nnoko,Landry,Nnoko,L,N,L,N,L. Nnoko,BURSASPOR BASKETBOL,BUR,L. Nnoko,35,,,,,,SUB,out,BURSASPOR BASKETBOL substitution out,,,,,,,,,0,38,1.0,,0,12,0,15
02:26,02:26:00,12,15,-3,1,1,REGULAR,136,J. DELAURIER,1,substitution,121,,[],in,0,12,Javin Que,Delaurier,Javin Que,Delaurier,J,D,J,D,J. Delaurier,BURSASPOR BASKETBOL,BUR,J. Delaurier,12,,,,,,SUB,in,BURSASPOR BASKETBOL substitution in,,,,,,,,,0,38,1.0,,0,12,0,15
02:17,02:17:00,14,15,-1,1,1,REGULAR,136,J. DELAURIER,1,2pt,123,,"['fromturnover', 'pointsinthepaint']",pullupjumpshot,1,12,Javin Que,Delaurier,Javin Que,Delaurier,J,D,J,D,J. Delaurier,BURSASPOR BASKETBOL,BUR,J. Delaurier,12,,,10.020000457764,55.200000762939,1.0,P2,made,BURSASPOR BASKETBOL J. DELAURIER 2Pt made,129.0,1.0,B. CRAWFORD,,,,,,2,38,1.0,score,2,14,0,15
02:17,02:17:00,14,15,-1,1,1,REGULAR,129,B. CRAWFORD,1,assist,124,123,[],,0,13,Bryant Dejuan,Crawford,Bryant Dejuan,Crawford,B,C,B,C,B. Crawford,BURSASPOR BASKETBOL,BUR,B. Crawford,13,,,,,,ASS,,BURSASPOR BASKETBOL B. CRAWFORD assist,,,,,,,,,0,39,2.0,,0,14,0,15
02:02,02:02:00,14,15,-1,2,1,REGULAR,34,K. ZEMAITIS,1,turnover,125,,[],badpass,0,13,Kristupas,Zemaitis,Kristupas,Zemaitis,K,Z,K,Z,K. Zemaitis,GLINT MANISA BASKET,MNS,K. Zemaitis,13,,,,,,TO,,GLINT MANISA BASKET K. ZEMAITIS turnover badpass,,,,,,,,,0,39,2.0,turnover,0,14,0,15
02:02,02:02:00,14,15,-1,1,1,REGULAR,129,B. CRAWFORD,1,steal,126,125,[],,0,13,Bryant Dejuan,Crawford,Bryant Dejuan,Crawford,B,C,B,C,B. Crawford,BURSASPOR BASKETBOL,BUR,B. Crawford,13,,,,,,ST,,BURSASPOR BASKETBOL B. CRAWFORD steal,,,,,,,,,0,40,1.0,,0,14,0,15
01:58,01:58:00,16,15,1,1,1,REGULAR,129,B. CRAWFORD,1,2pt,128,,"['fromturnover', 'pointsinthepaint', 'fastbreak']",layup,1,13,Bryant Dejuan,Crawford,Bryant Dejuan,Crawford,B,C,B,C,B. Crawford,BURSASPOR BASKETBOL,BUR,B. Crawford,13,,,10.170000076294,63.389999389648,1.0,P2,made,BURSASPOR BASKETBOL B. CRAWFORD 2Pt made,102.0,1.0,B. AKIN,,,,,,2,40,1.0,score,2,16,0,15
01:58,01:58:00,16,15,1,1,1,REGULAR,102,B. AKIN,1,assist,129,128,[],,0,11,Berk Can,Akin,Berk Can,Akin,B,A,B,A,B. Akin,BURSASPOR BASKETBOL,BUR,B. Akin,11,,,,,,ASS,,BURSASPOR BASKETBOL B. AKIN assist,,,,,,,,,0,41,2.0,,0,16,0,15
01:58,01:58:00,16,15,1,2,1,REGULAR,0,,1,timeout,130,,[],full,0,,,,,,,,,,,GLINT MANISA BASKET,MNS,,,,,,,,TIMEOUT,,GLINT MANISA BASKET timeout,,,,,,,,,0,41,2.0,,0,16,0,15
01:58,01:58:00,16,15,1,2,1,REGULAR,33,J. MINTZ,1,substitution,131,,[],out,0,10,Judah Jah Leone,Mintz,Judah Jah Leone,Mintz,J,M,J,M,J. Mintz,GLINT MANISA BASKET,MNS,J. Mintz,10,,,,,,SUB,out,GLINT MANISA BASKET substitution out,,,,,,,,,0,41,2.0,,0,16,0,15
01:58,01:58:00,16,15,1,2,1,REGULAR,28,J. JOHNSON,1,substitution,132,,[],out,0,34,Jayce Ryback,Johnson,Jayce Ryback,Johnson,J,J,J,J,J. Johnson,GLINT MANISA BASKET,MNS,J. Johnson,34,,,,,,SUB,out,GLINT MANISA BASKET substitution out,,,,,,,,,0,41,2.0,,0,16,0,15
01:58,01:58:00,16,15,1,2,1,REGULAR,31,D. SMITH,1,substitution,133,,[],in,0,2,Dayshon Hassan,Smith,Dayshon Hassan,Smith,D,S,D,S,D. Smith,GLINT MANISA BASKET,MNS,D. Smith,2,,,,,,SUB,in,GLINT MANISA BASKET substitution in,,,,,,,,,0,41,2.0,,0,16,0,15
01:58,01:58:00,16,15,1,2,1,REGULAR,27,M. YERKAZANOGLU,1,substitution,134,,[],in,0,12,Mustafa Faruk,Yerkazanoglu,Mustafa Faruk,Yerkazanoglu,M,Y,M,Y,M. Yerkazanoglu,GLINT MANISA BASKET,MNS,M. Yerkazanoglu,12,,,,,,SUB,in,GLINT MANISA BASKET substitution in,,,,,,,,,0,41,2.0,,0,16,0,15
01:41,01:41:00,16,17,-1,2,1,REGULAR,32,J. SCRUBB,1,2pt,138,,['pointsinthepaint'],layup,1,1,Jayden Amari,Scrubb,Jayden Amari,Scrubb,J,S,J,S,J. Scrubb,GLINT MANISA BASKET,MNS,J. Scrubb,1,,,90.669998168945,41.069999694824,1.0,P2,made,GLINT MANISA BASKET J. SCRUBB 2Pt made,31.0,2.0,D. SMITH,,,,,,2,41,2.0,score,0,16,2,17
01:41,01:41:00,16,17,-1,2,1,REGULAR,31,D. SMITH,1,assist,139,138,[],,0,2,Dayshon Hassan,Smith,Dayshon Hassan,Smith,D,S,D,S,D. Smith,GLINT MANISA BASKET,MNS,D. Smith,2,,,,,,ASS,,GLINT MANISA BASKET D. SMITH assist,,,,,,,,,0,42,1.0,,0,16,0,17
01:20,01:20:00,18,17,1,1,1,REGULAR,4,Y. ONAR,1,2pt,141,,['pointsinthepaint'],jumpshot,1,14,Yesukan,Onar,Yesukan,Onar,Y,O,Y,O,Y. Onar,BURSASPOR BASKETBOL,BUR,Y. Onar,14,,,8.9200000762939,41.919998168945,1.0,P2,made,BURSASPOR BASKETBOL Y. ONAR 2Pt made,129.0,1.0,B. CRAWFORD,,,,,,2,42,1.0,score,2,18,0,17
01:20,01:20:00,18,17,1,1,1,REGULAR,129,B. CRAWFORD,1,assist,142,141,[],,0,13,Bryant Dejuan,Crawford,Bryant Dejuan,Crawford,B,C,B,C,B. Crawford,BURSASPOR BASKETBOL,BUR,B. Crawford,13,,,,,,ASS,,BURSASPOR BASKETBOL B. CRAWFORD assist,,,,,,,,,0,43,2.0,,0,18,0,17
01:20,01:20:00,18,17,1,2,1,REGULAR,22,B. ÇAL,1,foul,143,,"['shooting', '1freethrow']",personal,0,11,Bugra,Çal,Bugra,Çal,B,Ç,B,Ç,B. Çal,GLINT MANISA BASKET,MNS,B. Çal,11,,,,,,FOUL,,GLINT MANISA BASKET B. ÇAL foul personal,,,,,,,,,0,43,2.0,,0,18,0,17
01:20,01:20:00,18,17,1,1,1,REGULAR,4,Y. ONAR,1,foulon,144,143,[],,0,14,Yesukan,Onar,Yesukan,Onar,Y,O,Y,O,Y. Onar,BURSASPOR BASKETBOL,BUR,Y. Onar,14,,,,,,OTHER,,BURSASPOR BASKETBOL foulon,,,,,,,,,0,43,2.0,,0,18,0,17
01:20,01:20:00,19,17,2,1,1,REGULAR,4,Y. ONAR,1,freethrow,145,,[],1of1,1,14,Yesukan,Onar,Yesukan,Onar,Y,O,Y,O,Y. Onar,BURSASPOR BASKETBOL,BUR,Y. Onar,14,,,,,,FT,made,BURSASPOR BASKETBOL Y. ONAR FT 1of1 made,,,,,,,,,1,43,2.0,made_ft_last,1,19,0,17
01:01,01:01:00,19,17,2,1,1,REGULAR,4,Y. ONAR,1,foul,150,,"['shooting', '2freethrow']",personal,0,14,Yesukan,Onar,Yesukan,Onar,Y,O,Y,O,Y. Onar,BURSASPOR BASKETBOL,BUR,Y. Onar,14,,,,,,FOUL,,BURSASPOR BASKETBOL Y. ONAR foul personal,,,,,,,,,0,44,1.0,,0,19,0,17
01:01,01:01:00,19,17,2,2,1,REGULAR,22,B. ÇAL,1,foulon,151,150,[],,0,11,Bugra,Çal,Bugra,Çal,B,Ç,B,Ç,B. Çal,GLINT MANISA BASKET,MNS,B. Çal,11,,,,,,OTHER,,GLINT MANISA BASKET foulon,,,,,,,,,0,44,1.0,,0,19,0,17
01:01,01:01:00,19,18,1,2,1,REGULAR,22,B. ÇAL,1,freethrow,152,,[],1of2,1,11,Bugra,Çal,Bugra,Çal,B,Ç,B,Ç,B. Çal,GLINT MANISA BASKET,MNS,B. Çal,11,,,,,,FT,made,GLINT MANISA BASKET B. ÇAL FT 1of2 made,,,,,,,,,1,44,1.0,made_ft,0,19,1,18
01:01,01:01:00,19,18,1,2,1,REGULAR,22,B. ÇAL,0,freethrow,153,,[],2of2,1,11,Bugra,Çal,Bugra,Çal,B,Ç,B,Ç,B. Çal,GLINT MANISA BASKET,MNS,B. Çal,11,,,,,,FT,missed,GLINT MANISA BASKET B. ÇAL FT 2of2 missed,,,,,,,,,0,45,2.0,def_reb,0,19,0,18
01:01,01:01:00,19,18,1,1,1,REGULAR,134,V. KING,1,rebound,155,153,[],defensive,0,22,Vincent Earl,King,Vincent Earl,King,V,K,V,K,V. King,BURSASPOR BASKETBOL,BUR,V. King,22,,,,,,REB,,BURSASPOR BASKETBOL rebound defensive,,,,,,,,,0,46,1.0,def_reb,0,19,0,18
00:43,00:43:30,19,18,1,1,1,REGULAR,4,Y. ONAR,1,turnover,156,,[],ballhandling,0,14,Yesukan,Onar,Yesukan,Onar,Y,O,Y,O,Y. Onar,BURSASPOR BASKETBOL,BUR,Y. Onar,14,,,,,,TO,,BURSASPOR BASKETBOL Y. ONAR turnover ballhandling,,,,,,,,,0,47,2.0,turnover,0,19,0,18
00:43,00:43:30,19,18,1,2,1,REGULAR,22,B. ÇAL,1,steal,157,156,[],,0,11,Bugra,Çal,Bugra,Çal,B,Ç,B,Ç,B. Çal,GLINT MANISA BASKET,MNS,B. Çal,11,,,,,,ST,,GLINT MANISA BASKET B. ÇAL steal,,,,,,,,,0,48,1.0,,0,19,0,18
00:40,00:40:80,19,18,1,2,1,REGULAR,34,K. ZEMAITIS,0,2pt,159,,"['fromturnover', 'pointsinthepaint', 'blocked']",layup,1,13,Kristupas,Zemaitis,Kristupas,Zemaitis,K,Z,K,Z,K. Zemaitis,GLINT MANISA BASKET,MNS,K. Zemaitis,13,,,90.830001831055,61.979999542236,0.0,P2,missed,GLINT MANISA BASKET K. ZEMAITIS 2Pt missed,,,,4.0,1.0,Y. ONAR,,,0,48,1.0,,0,19,0,18
00:40,00:40:80,19,18,1,1,1,REGULAR,4,Y. ONAR,1,block,160,159,[],,0,14,Yesukan,Onar,Yesukan,Onar,Y,O,Y,O,Y. Onar,BURSASPOR BASKETBOL,BUR,Y. Onar,14,,,,,,BS,,BURSASPOR BASKETBOL Y. ONAR block,,,,,,,,,0,48,1.0,,0,19,0,18
00:40,00:40:80,19,18,1,2,1,REGULAR,0,,1,rebound,161,159,['team'],offensive,0,,,,,,,,,,,GLINT MANISA BASKET,MNS,,,,,,,,TREB,,GLINT MANISA BASKET team rebound offensive,,,,,,,,,0,48,1.0,def_reb,0,19,0,18
00:36,00:36:30,19,18,1,2,1,REGULAR,31,D. SMITH,0,3pt,165,,"['2ndchance', 'fromturnover']",jumpshot,1,2,Dayshon Hassan,Smith,Dayshon Hassan,Smith,D,S,D,S,D. Smith,GLINT MANISA BASKET,MNS,D. Smith,2,,,85.050003051758,98.699996948242,0.0,P3,missed,GLINT MANISA BASKET D. SMITH 3Pt missed,,,,,,,,,0,49,2.0,def_reb,0,19,0,18
00:33,00:33:50,19,18,1,1,1,REGULAR,136,J. DELAURIER,1,rebound,166,165,[],defensive,0,12,Javin Que,Delaurier,Javin Que,Delaurier,J,D,J,D,J. Delaurier,BURSASPOR BASKETBOL,BUR,J. Delaurier,12,,,,,,REB,,BURSASPOR BASKETBOL rebound defensive,,,,,,,,,0,50,1.0,def_reb,0,19,0,18
00:21,00:21:40,19,18,1,1,1,REGULAR,136,J. DELAURIER,1,turnover,167,,[],badpass,0,12,Javin Que,Delaurier,Javin Que,Delaurier,J,D,J,D,J. Delaurier,BURSASPOR BASKETBOL,BUR,J. Delaurier,12,,,,,,TO,,BURSASPOR BASKETBOL J. DELAURIER turnover badpass,,,,,,,,,0,51,2.0,turnover,0,19,0,18
00:21,00:21:40,19,18,1,2,1,REGULAR,34,K. ZEMAITIS,1,steal,168,167,[],,0,13,Kristupas,Zemaitis,Kristupas,Zemaitis,K,Z,K,Z,K. Zemaitis,GLINT MANISA BASKET,MNS,K. Zemaitis,13,,,,,,ST,,GLINT MANISA BASKET K. ZEMAITIS steal,,,,,,,,,0,52,1.0,,0,19,0,18
00:04,00:04:30,19,20,-1,2,1,REGULAR,31,D. SMITH,1,2pt,170,,"['fromturnover', 'pointsinthepaint']",layup,1,2,Dayshon Hassan,Smith,Dayshon Hassan,Smith,D,S,D,S,D. Smith,GLINT MANISA BASKET,MNS,D. Smith,2,,,91.139999389648,60.849998474121,1.0,P2,made,GLINT MANISA BASKET D. SMITH 2Pt made,,,,,,,,,2,52,1.0,score,0,19,2,20
00:00,00:00:10,19,20,-1,1,1,REGULAR,129,B. CRAWFORD,0,3pt,173,,[],jumpshot,1,13,Bryant Dejuan,Crawford,Bryant Dejuan,Crawford,B,C,B,C,B. Crawford,BURSASPOR BASKETBOL,BUR,B. Crawford,13,,,34.509998321533,56.610000610352,0.0,P3,missed,BURSASPOR BASKETBOL B. CRAWFORD 3Pt missed,,,,,,,,,0,53,2.0,,0,19,0,20
00:00,00:00:00,19,20,-1,0,1,REGULAR,0,,1,period,176,,['confirmed'],end,0,,,,,,,,,,,,,,,,,,,,OTHER,,period end,,,,,,,,,0,53,2.0,,0,19,0,20
10:00,10:00:00,19,20,-1,1,2,REGULAR,4,Y. ONAR,1,substitution,177,,[],out,0,14,Yesukan,Onar,Yesukan,Onar,Y,O,Y,O,Y. Onar,BURSASPOR BASKETBOL,BUR,Y. Onar,14,,,,,,SUB,out,BURSASPOR BASKETBOL substitution out,,,,,,,,,0,53,2.0,,0,19,0,20
10:00,10:00:00,19,20,-1,1,2,REGULAR,135,A. KONONTSUK,1,substitution,178,,[],in,0,34,Artur,Konontsuk,Artur,Konontsuk,A,K,A,K,A. Konontsuk,BURSASPOR BASKETBOL,BUR,A. Konontsuk,34,,,,,,SUB,in,BURSASPOR BASKETBOL substitution in,,,,,,,,,0,53,2.0,,0,19,0,20
10:00,10:00:00,19,20,-1,0,2,REGULAR,0,,1,period,179,,[],start,0,,,,,,,,,,,,,,,,,,,,OTHER,,period start,,,,,,,,,0,53,2.0,,0,19,0,20
09:41,09:41:00,19,20,-1,1,2,REGULAR,129,B. CRAWFORD,0,3pt,181,,[],jumpshot,1,13,Bryant Dejuan,Crawford,Bryant Dejuan,Crawford,B,C,B,C,B. Crawford,BURSASPOR BASKETBOL,BUR,B. Crawford,13,,,32.319999694824,54.349998474121,0.0,P3,missed,BURSASPOR BASKETBOL B. CRAWFORD 3Pt missed,,,,,,,,,0,53,2.0,def_reb,0,19,0,20
09:38,09:38:00,19,20,-1,2,2,REGULAR,22,B. ÇAL,1,rebound,182,181,[],defensive,0,11,Bugra,Çal,Bugra,Çal,B,Ç,B,Ç,B. Çal,GLINT MANISA BASKET,MNS,B. Çal,11,,,,,,REB,,GLINT MANISA BASKET rebound defensive,,,,,,,,,0,54,1.0,def_reb,0,19,0,20
09:21,09:21:00,19,22,-3,2,2,REGULAR,32,J. SCRUBB,1,2pt,183,,['pointsinthepaint'],jumpshot,1,1,Jayden Amari,Scrubb,Jayden Amari,Scrubb,J,S,J,S,J. Scrubb,GLINT MANISA BASKET,MNS,J. Scrubb,1,,,90.980003356934,62.540000915527,1.0,P2,made,GLINT MANISA BASKET J. SCRUBB 2Pt made,,,,,,,,,2,55,2.0,score,0,19,2,22
09:12,09:12:00,19,22,-3,1,2,REGULAR,136,J. DELAURIER,0,2pt,184,,['pointsinthepaint'],layup,1,12,Javin Que,Delaurier,Javin Que,Delaurier,J,D,J,D,J. Delaurier,BURSASPOR BASKETBOL,BUR,J. Delaurier,12,,,10.020000457764,44.180000305176,0.0,P2,missed,BURSASPOR BASKETBOL J. DELAURIER 2Pt missed,,,,,,,,,0,56,1.0,def_reb,0,19,0,22
09:10,09:10:00,19,22,-3,2,2,REGULAR,31,D. SMITH,1,rebound,185,184,[],defensive,0,2,Dayshon Hassan,Smith,Dayshon Hassan,Smith,D,S,D,S,D. Smith,GLINT MANISA BASKET,MNS,D. Smith,2,,,,,,REB,,GLINT MANISA BASKET rebound defensive,,,,,,,,,0,57,2.0,def_reb,0,19,0,22
09:07,09:07:00,19,22,-3,2,2,REGULAR,31,D. SMITH,1,turnover,186,,[],badpass,0,2,Dayshon Hassan,Smith,Dayshon Hassan,Smith,D,S,D,S,D. Smith,GLINT MANISA BASKET,MNS,D. Smith,2,,,,,,TO,,GLINT MANISA BASKET D. SMITH turnover badpass,,,,,,,,,0,58,1.0,turnover,0,19,0,22
09:07,09:07:00,19,22,-3,1,2,REGULAR,102,B. AKIN,1,steal,187,186,[],,0,11,Berk Can,Akin,Berk Can,Akin,B,A,B,A,B. Akin,BURSASPOR BASKETBOL,BUR,B. Akin,11,,,,,,ST,,BURSASPOR BASKETBOL B. AKIN steal,,,,,,,,,0,59,2.0,,0,19,0,22
09:04,09:04:00,21,22,-1,1,2,REGULAR,102,B. AKIN,1,2pt,188,,"['fromturnover', 'pointsinthepaint', 'fastbreak']",dunk,1,11,Berk Can,Akin,Berk Can,Akin,B,A,B,A,B. Akin,BURSASPOR BASKETBOL,BUR,B. Akin,11,,,10.020000457764,58.869998931885,1.0,P2,made,BURSASPOR BASKETBOL B. AKIN 2Pt made,,,,,,,,,2,59,2.0,score,2,21,0,22
08:49,08:49:00,21,22,-1,1,2,REGULAR,102,B. AKIN,1,foul,192,,[],personal,0,11,Berk Can,Akin,Berk Can,Akin,B,A,B,A,B. Akin,BURSASPOR BASKETBOL,BUR,B. Akin,11,,,,,,FOUL,,BURSASPOR BASKETBOL B. AKIN foul personal,,,,,,,,,0,60,1.0,,0,21,0,22
08:49,08:49:00,21,22,-1,2,2,REGULAR,34,K. ZEMAITIS,1,foulon,193,192,[],,0,13,Kristupas,Zemaitis,Kristupas,Zemaitis,K,Z,K,Z,K. Zemaitis,GLINT MANISA BASKET,MNS,K. Zemaitis,13,,,,,,OTHER,,GLINT MANISA BASKET foulon,,,,,,,,,0,60,1.0,,0,21,0,22
08:49,08:49:00,21,22,-1,1,2,REGULAR,134,V. KING,1,substitution,194,,[],out,0,22,Vincent Earl,King,Vincent Earl,King,V,K,V,K,V. King,BURSASPOR BASKETBOL,BUR,V. King,22,,,,,,SUB,out,BURSASPOR BASKETBOL substitution out,,,,,,,,,0,60,1.0,,0,21,0,22
08:49,08:49:00,21,22,-1,1,2,REGULAR,144,M. PARSONS,1,substitution,195,,[],in,0,5,Malik Disjohn,Parsons,Malik Disjohn,Parsons,M,P,M,P,M. Parsons,BURSASPOR BASKETBOL,BUR,M. Parsons,5,,,,,,SUB,in,BURSASPOR BASKETBOL substitution in,,,,,,,,,0,60,1.0,,0,21,0,22
08:33,08:33:00,21,22,-1,2,2,REGULAR,22,B. ÇAL,0,3pt,197,,[],jumpshot,1,11,Bugra,Çal,Bugra,Çal,B,Ç,B,Ç,B. Çal,GLINT MANISA BASKET,MNS,B. Çal,11,,,74.129997253418,86.839996337891,0.0,P3,missed,GLINT MANISA BASKET B. ÇAL 3Pt missed,,,,,,,,,0,60,1.0,def_reb,0,21,0,22
08:31,08:31:00,21,22,-1,1,2,REGULAR,136,J. DELAURIER,1,rebound,198,197,[],defensive,0,12,Javin Que,Delaurier,Javin Que,Delaurier,J,D,J,D,J. Delaurier,BURSASPOR BASKETBOL,BUR,J. Delaurier,12,,,,,,REB,,BURSASPOR BASKETBOL rebound defensive,,,,,,,,,0,61,2.0,def_reb,0,21,0,22
08:28,08:28:00,21,22,-1,2,2,REGULAR,27,M. YERKAZANOGLU,1,foul,200,,[],personal,0,12,Mustafa Faruk,Yerkazanoglu,Mustafa Faruk,Yerkazanoglu,M,Y,M,Y,M. Yerkazanoglu,GLINT MANISA BASKET,MNS,M. Yerkazanoglu,12,,,,,,FOUL,,GLINT MANISA BASKET M. YERKAZANOGLU foul personal,,,,,,,,,0,62,1.0,,0,21,0,22
08:28,08:28:00,21,22,-1,1,2,REGULAR,144,M. PARSONS,1,foulon,201,200,[],,0,5,Malik Disjohn,Parsons,Malik Disjohn,Parsons,M,P,M,P,M. Parsons,BURSASPOR BASKETBOL,BUR,M. Parsons,5,,,,,,OTHER,,BURSASPOR BASKETBOL foulon,,,,,,,,,0,62,1.0,,0,21,0,22
08:16,08:16:00,23,22,1,1,2,REGULAR,144,M. PARSONS,1,2pt,205,,[],pullupjumpshot,1,5,Malik Disjohn,Parsons,Malik Disjohn,Parsons,M,P,M,P,M. Parsons,BURSASPOR BASKETBOL,BUR,M. Parsons,5,,,22.959999084473,23.840000152588,1.0,P2,made,BURSASPOR BASKETBOL M. PARSONS 2Pt made,,,,,,,,,2,62,1.0,score,2,23,0,22
07:55,07:55:00,23,24,-1,2,2,REGULAR,22,B. ÇAL,1,2pt,206,,['pointsinthepaint'],floatingjumpshot,1,11,Bugra,Çal,Bugra,Çal,B,Ç,B,Ç,B. Çal,GLINT MANISA BASKET,MNS,B. Çal,11,,,90.050003051758,56.049999237061,1.0,P2,made,GLINT MANISA BASKET B. ÇAL 2Pt made,,,,,,,,,2,63,2.0,score,0,23,2,24
07:47,07:47:00,23,24,-1,2,2,REGULAR,22,B. ÇAL,1,foul,208,,[],personal,0,11,Bugra,Çal,Bugra,Çal,B,Ç,B,Ç,B. Çal,GLINT MANISA BASKET,MNS,B. Çal,11,,,,,,FOUL,,GLINT MANISA BASKET B. ÇAL foul personal,,,,,,,,,0,64,1.0,,0,23,0,24
07:47,07:47:00,23,24,-1,1,2,REGULAR,135,A. KONONTSUK,1,foulon,209,208,[],,0,34,Artur,Konontsuk,Artur,Konontsuk,A,K,A,K,A. Konontsuk,BURSASPOR BASKETBOL,BUR,A. Konontsuk,34,,,,,,OTHER,,BURSASPOR BASKETBOL foulon,,,,,,,,,0,64,1.0,,0,23,0,24
07:47,07:47:00,23,24,-1,1,2,REGULAR,136,J. DELAURIER,1,substitution,210,,[],out,0,12,Javin Que,Delaurier,Javin Que,Delaurier,J,D,J,D,J. Delaurier,BURSASPOR BASKETBOL,BUR,J. Delaurier,12,,,,,,SUB,out,BURSASPOR BASKETBOL substitution out,,,,,,,,,0,64,1.0,,0,23,0,24
07:47,07:47:00,23,24,-1,1,2,REGULAR,127,L. NNOKO,1,substitution,211,,[],in,0,35,Landry,Nnoko,Landry,Nnoko,L,N,L,N,L. Nnoko,BURSASPOR BASKETBOL,BUR,L. Nnoko,35,,,,,,SUB,in,BURSASPOR BASKETBOL substitution in,,,,,,,,,0,64,1.0,,0,23,0,24
07:47,07:47:00,23,24,-1,2,2,REGULAR,27,M. YERKAZANOGLU,1,substitution,212,,[],out,0,12,Mustafa Faruk,Yerkazanoglu,Mustafa Faruk,Yerkazanoglu,M,Y,M,Y,M. Yerkazanoglu,GLINT MANISA BASKET,MNS,M. Yerkazanoglu,12,,,,,,SUB,out,GLINT MANISA BASKET substitution out,,,,,,,,,0,64,1.0,,0,23,0,24
07:47,07:47:00,23,24,-1,2,2,REGULAR,28,J. JOHNSON,1,substitution,213,,[],in,0,34,Jayce Ryback,Johnson,Jayce Ryback,Johnson,J,J,J,J,J. Johnson,GLINT MANISA BASKET,MNS,J. Johnson,34,,,,,,SUB,in,GLINT MANISA BASKET substitution in,,,,,,,,,0,64,1.0,,0,23,0,24
07:44,07:44:00,23,24,-1,1,2,REGULAR,135,A. KONONTSUK,0,3pt,215,,[],jumpshot,1,34,Artur,Konontsuk,Artur,Konontsuk,A,K,A,K,A. Konontsuk,BURSASPOR BASKETBOL,BUR,A. Konontsuk,34,,,14.539999961853,6.3299999237061,0.0,P3,missed,BURSASPOR BASKETBOL A. KONONTSUK 3Pt missed,,,,,,,,,0,64,1.0,def_reb,0,23,0,24
07:42,07:42:00,23,24,-1,2,2,REGULAR,32,J. SCRUBB,1,rebound,216,215,[],defensive,0,1,Jayden Amari,Scrubb,Jayden Amari,Scrubb,J,S,J,S,J. Scrubb,GLINT MANISA BASKET,MNS,J. Scrubb,1,,,,,,REB,,GLINT MANISA BASKET rebound defensive,,,,,,,,,0,65,2.0,def_reb,0,23,0,24
07:34,07:34:00,23,26,-3,2,2,REGULAR,28,J. JOHNSON,1,2pt,217,,['pointsinthepaint'],layup,1,34,Jayce Ryback,Johnson,Jayce Ryback,Johnson,J,J,J,J,J. Johnson,GLINT MANISA BASKET,MNS,J. Johnson,34,,,94.730003356934,38.529998779297,1.0,P2,made,GLINT MANISA BASKET J. JOHNSON 2Pt made,32.0,2.0,J. SCRUBB,,,,,,2,66,1.0,score,0,23,2,26
07:34,07:34:00,23,26,-3,2,2,REGULAR,32,J. SCRUBB,1,assist,218,217,[],,0,1,Jayden Amari,Scrubb,Jayden Amari,Scrubb,J,S,J,S,J. Scrubb,GLINT MANISA BASKET,MNS,J. Scrubb,1,,,,,,ASS,,GLINT MANISA BASKET J. SCRUBB assist,,,,,,,,,0,67,2.0,,0,23,0,26
07:19,07:19:00,25,26,-1,1,2,REGULAR,129,B. CRAWFORD,1,2pt,220,,['pointsinthepaint'],layup,1,13,Bryant Dejuan,Crawford,Bryant Dejuan,Crawford,B,C,B,C,B. Crawford,BURSASPOR BASKETBOL,BUR,B. Crawford,13,,,8.1400003433228,61.130001068115,1.0,P2,made,BURSASPOR BASKETBOL B. CRAWFORD 2Pt made,127.0,1.0,L. NNOKO,,,,,,2,67,2.0,score,2,25,0,26
07:19,07:19:00,25,26,-1,1,2,REGULAR,127,L. NNOKO,1,assist,221,220,[],,0,35,Landry,Nnoko,Landry,Nnoko,L,N,L,N,L. Nnoko,BURSASPOR BASKETBOL,BUR,L. Nnoko,35,,,,,,ASS,,BURSASPOR BASKETBOL L. NNOKO assist,,,,,,,,,0,68,1.0,,0,25,0,26
07:19,07:19:00,25,26,-1,2,2,REGULAR,28,J. JOHNSON,1,foul,222,,"['shooting', '1freethrow']",personal,0,34,Jayce Ryback,Johnson,Jayce Ryback,Johnson,J,J,J,J,J. Johnson,GLINT MANISA BASKET,MNS,J. Johnson,34,,,,,,FOUL,,GLINT MANISA BASKET J. JOHNSON foul personal,,,,,,,,,0,68,1.0,,0,25,0,26
07:19,07:19:00,25,26,-1,1,2,REGULAR,129,B. CRAWFORD,1,foulon,223,222,[],,0,13,Bryant Dejuan,Crawford,Bryant Dejuan,Crawford,B,C,B,C,B. Crawford,BURSASPOR BASKETBOL,BUR,B. Crawford,13,,,,,,OTHER,,BURSASPOR BASKETBOL foulon,,,,,,,,,0,68,1.0,,0,25,0,26
07:19,07:19:00,25,26,-1,1,2,REGULAR,129,B. CRAWFORD,0,freethrow,224,,[],1of1,1,13,Bryant Dejuan,Crawford,Bryant Dejuan,Crawford,B,C,B,C,B. Crawford,BURSASPOR BASKETBOL,BUR,B. Crawford,13,,,,,,FT,missed,BURSASPOR BASKETBOL B. CRAWFORD FT 1of1 missed,,,,,,,,,0,68,1.0,def_reb,0,25,0,26
07:19,07:19:00,25,26,-1,2,2,REGULAR,31,D. SMITH,1,rebound,226,224,[],defensive,0,2,Dayshon Hassan,Smith,Dayshon Hassan,Smith,D,S,D,S,D. Smith,GLINT MANISA BASKET,MNS,D. Smith,2,,,,,,REB,,GLINT MANISA BASKET rebound defensive,,,,,,,,,0,69,2.0,def_reb,0,25,0,26
07:09,07:09:00,25,26,-1,1,2,REGULAR,129,B. CRAWFORD,1,foul,228,,"['shooting', '2freethrow']",personal,0,13,Bryant Dejuan,Crawford,Bryant Dejuan,Crawford,B,C,B,C,B. Crawford,BURSASPOR BASKETBOL,BUR,B. Crawford,13,,,,,,FOUL,,BURSASPOR BASKETBOL B. CRAWFORD foul personal,,,,,,,,,0,70,1.0,,0,25,0,26
07:09,07:09:00,25,26,-1,2,2,REGULAR,31,D. SMITH,1,foulon,229,228,[],,0,2,Dayshon Hassan,Smith,Dayshon Hassan,Smith,D,S,D,S,D. Smith,GLINT MANISA BASKET,MNS,D. Smith,2,,,,,,OTHER,,GLINT MANISA BASKET foulon,,,,,,,,,0,70,1.0,,0,25,0,26
07:09,07:09:00,25,26,-1,2,2,REGULAR,22,B. ÇAL,1,substitution,230,,[],out,0,11,Bugra,Çal,Bugra,Çal,B,Ç,B,Ç,B. Çal,GLINT MANISA BASKET,MNS,B. Çal,11,,,,,,SUB,out,GLINT MANISA BASKET substitution out,,,,,,,,,0,70,1.0,,0,25,0,26
07:09,07:09:00,25,26,-1,2,2,REGULAR,24,Y. ONAN,1,substitution,231,,[],in,0,7,Yigit,Onan,Yigit,Onan,Y,O,Y,O,Y. Onan,GLINT MANISA BASKET,MNS,Y. Onan,7,,,,,,SUB,in,GLINT MANISA BASKET substitution in,,,,,,,,,0,70,1.0,,0,25,0,26
07:09,07:09:00,25,27,-2,2,2,REGULAR,31,D. SMITH,1,freethrow,232,,[],1of2,1,2,Dayshon Hassan,Smith,Dayshon Hassan,Smith,D,S,D,S,D. Smith,GLINT MANISA BASKET,MNS,D. Smith,2,,,,,,FT,made,GLINT MANISA BASKET D. SMITH FT 1of2 made,,,,,,,,,1,70,1.0,made_ft,0,25,1,27
07:09,07:09:00,25,28,-3,2,2,REGULAR,31,D. SMITH,1,freethrow,233,,[],2of2,1,2,Dayshon Hassan,Smith,Dayshon Hassan,Smith,D,S,D,S,D. Smith,GLINT MANISA BASKET,MNS,D. Smith,2,,,,,,FT,made,GLINT MANISA BASKET D. SMITH FT 2of2 made,,,,,,,,,1,71,2.0,made_ft_last,0,25,1,28
06:51,06:51:00,25,28,-3,1,2,REGULAR,129,B. CRAWFORD,0,3pt,235,,[],jumpshot,1,13,Bryant Dejuan,Crawford,Bryant Dejuan,Crawford,B,C,B,C,B. Crawford,BURSASPOR BASKETBOL,BUR,B. Crawford,13,,,29.829999923706,25.540000915527,0.0,P3,missed,BURSASPOR BASKETBOL B. CRAWFORD 3Pt missed,,,,,,,,,0,72,1.0,def_reb,0,25,0,28
06:49,06:49:00,25,28,-3,2,2,REGULAR,32,J. SCRUBB,1,rebound,236,235,[],defensive,0,1,Jayden Amari,Scrubb,Jayden Amari,Scrubb,J,S,J,S,J. Scrubb,GLINT MANISA BASKET,MNS,J. Scrubb,1,,,,,,REB,,GLINT MANISA BASKET rebound defensive,,,,,,,,,0,73,2.0,def_reb,0,25,0,28
06:33,06:33:00,25,28,-3,2,2,REGULAR,32,J. SCRUBB,0,3pt,237,,[],stepbackjumpshot,1,1,Jayden Amari,Scrubb,Jayden Amari,Scrubb,J,S,J,S,J. Scrubb,GLINT MANISA BASKET,MNS,J. Scrubb,1,,,68.050003051758,61.130001068115,0.0,P3,missed,GLINT MANISA BASKET J. SCRUBB 3Pt missed,,,,,,,,,0,74,1.0,def_reb,0,25,0,28
06:30,06:30:00,25,28,-3,1,2,REGULAR,102,B. AKIN,1,rebound,238,237,[],defensive,0,11,Berk Can,Akin,Berk Can,Akin,B,A,B,A,B. Akin,BURSASPOR BASKETBOL,BUR,B. Akin,11,,,,,,REB,,BURSASPOR BASKETBOL rebound defensive,,,,,,,,,0,75,2.0,def_reb,0,25,0,28
06:24,06:24:00,25,28,-3,1,2,REGULAR,129,B. CRAWFORD,1,turnover,240,,[],ballhandling,0,13,Bryant Dejuan,Crawford,Bryant Dejuan,Crawford,B,C,B,C,B. Crawford,BURSASPOR BASKETBOL,BUR,B. Crawford,13,,,,,,TO,,BURSASPOR BASKETBOL B. CRAWFORD turnover ballhandling,,,,,,,,,0,76,1.0,turnover,0,25,0,28
06:10,06:10:00,25,28,-3,2,2,REGULAR,31,D. SMITH,0,3pt,244,,['fromturnover'],jumpshot,1,2,Dayshon Hassan,Smith,Dayshon Hassan,Smith,D,S,D,S,D. Smith,GLINT MANISA BASKET,MNS,D. Smith,2,,,81.150001525879,92.48999786377,0.0,P3,missed,GLINT MANISA BASKET D. SMITH 3Pt missed,,,,,,,,,0,77,2.0,def_reb,0,25,0,28
06:08,06:08:00,25,28,-3,1,2,REGULAR,127,L. NNOKO,1,rebound,245,244,[],defensive,0,35,Landry,Nnoko,Landry,Nnoko,L,N,L,N,L. Nnoko,BURSASPOR BASKETBOL,BUR,L. Nnoko,35,,,,,,REB,,BURSASPOR BASKETBOL rebound defensive,,,,,,,,,0,78,1.0,def_reb,0,25,0,28
06:06,06:06:00,27,28,-1,1,2,REGULAR,144,M. PARSONS,1,2pt,247,,"['pointsinthepaint', 'fastbreak']",layup,1,5,Malik Disjohn,Parsons,Malik Disjohn,Parsons,M,P,M,P,M. Parsons,BURSASPOR BASKETBOL,BUR,M. Parsons,5,,,8.1400003433228,62.819999694824,1.0,P2,made,BURSASPOR BASKETBOL M. PARSONS 2Pt made,127.0,1.0,L. NNOKO,,,,,,2,79,2.0,score,2,27,0,28
06:06,06:06:00,27,28,-1,1,2,REGULAR,127,L. NNOKO,1,assist,248,247,[],,0,35,Landry,Nnoko,Landry,Nnoko,L,N,L,N,L. Nnoko,BURSASPOR BASKETBOL,BUR,L. Nnoko,35,,,,,,ASS,,BURSASPOR BASKETBOL L. NNOKO assist,,,,,,,,,0,80,1.0,,0,27,0,28
06:06,06:06:00,27,28,-1,2,2,REGULAR,31,D. SMITH,1,foul,249,,"['shooting', '1freethrow']",personal,0,2,Dayshon Hassan,Smith,Dayshon Hassan,Smith,D,S,D,S,D. Smith,GLINT MANISA BASKET,MNS,D. Smith,2,,,,,,FOUL,,GLINT MANISA BASKET D. SMITH foul personal,,,,,,,,,0,80,1.0,,0,27,0,28
06:06,06:06:00,27,28,-1,1,2,REGULAR,144,M. PARSONS,1,foulon,250,249,[],,0,5,Malik Disjohn,Parsons,Malik Disjohn,Parsons,M,P,M,P,M. Parsons,BURSASPOR BASKETBOL,BUR,M. Parsons,5,,,,,,OTHER,,BURSASPOR BASKETBOL foulon,,,,,,,,,0,80,1.0,,0,27,0,28
06:06,06:06:00,27,28,-1,2,2,REGULAR,31,D. SMITH,1,substitution,251,,[],out,0,2,Dayshon Hassan,Smith,Dayshon Hassan,Smith,D,S,D,S,D. Smith,GLINT MANISA BASKET,MNS,D. Smith,2,,,,,,SUB,out,GLINT MANISA BASKET substitution out,,,,,,,,,0,80,1.0,,0,27,0,28
06:06,06:06:00,27,28,-1,2,2,REGULAR,33,J. MINTZ,1,substitution,252,,[],in,0,10,Judah Jah Leone,Mintz,Judah Jah Leone,Mintz,J,M,J,M,J. Mintz,GLINT MANISA BASKET,MNS,J. Mintz,10,,,,,,SUB,in,GLINT MANISA BASKET substitution in,,,,,,,,,0,80,1.0,,0,27,0,28
06:06,06:06:00,27,28,-1,1,2,REGULAR,144,M. PARSONS,0,freethrow,253,,['fastbreak'],1of1,1,5,Malik Disjohn,Parsons,Malik Disjohn,Parsons,M,P,M,P,M. Parsons,BURSASPOR BASKETBOL,BUR,M. Parsons,5,,,,,,FT,missed,BURSASPOR BASKETBOL M. PARSONS FT 1of1 missed,,,,,,,,,0,80,1.0,def_reb,0,27,0,28
06:06,06:06:00,27,28,-1,2,2,REGULAR,24,Y. ONAN,1,rebound,255,253,[],defensive,0,7,Yigit,Onan,Yigit,Onan,Y,O,Y,O,Y. Onan,GLINT MANISA BASKET,MNS,Y. Onan,7,,,,,,REB,,GLINT MANISA BASKET rebound defensive,,,,,,,,,0,81,2.0,def_reb,0,27,0,28
05:56,05:56:00,27,28,-1,1,2,REGULAR,144,M. PARSONS,1,foul,257,,[],personal,0,5,Malik Disjohn,Parsons,Malik Disjohn,Parsons,M,P,M,P,M. Parsons,BURSASPOR BASKETBOL,BUR,M. Parsons,5,,,,,,FOUL,,BURSASPOR BASKETBOL M. PARSONS foul personal,,,,,,,,,0,82,1.0,,0,27,0,28
05:56,05:56:00,27,28,-1,2,2,REGULAR,34,K. ZEMAITIS,1,foulon,258,257,[],,0,13,Kristupas,Zemaitis,Kristupas,Zemaitis,K,Z,K,Z,K. Zemaitis,GLINT MANISA BASKET,MNS,K. Zemaitis,13,,,,,,OTHER,,GLINT MANISA BASKET foulon,,,,,,,,,0,82,1.0,,0,27,0,28
05:45,05:45:00,27,28,-1,1,2,REGULAR,102,B. AKIN,1,foul,261,,"['shooting', '2freethrow']",personal,0,11,Berk Can,Akin,Berk Can,Akin,B,A,B,A,B. Akin,BURSASPOR BASKETBOL,BUR,B. Akin,11,,,,,,FOUL,,BURSASPOR BASKETBOL B. AKIN foul personal,,,,,,,,,0,82,1.0,,0,27,0,28
05:45,05:45:00,27,28,-1,2,2,REGULAR,33,J. MINTZ,1,foulon,262,261,[],,0,10,Judah Jah Leone,Mintz,Judah Jah Leone,Mintz,J,M,J,M,J. Mintz,GLINT MANISA BASKET,MNS,J. Mintz,10,,,,,,OTHER,,GLINT MANISA BASKET foulon,,,,,,,,,0,82,1.0,,0,27,0,28
05:45,05:45:00,27,28,-1,1,2,REGULAR,102,B. AKIN,1,substitution,263,,[],out,0,11,Berk Can,Akin,Berk Can,Akin,B,A,B,A,B. Akin,BURSASPOR BASKETBOL,BUR,B. Akin,11,,,,,,SUB,out,BURSASPOR BASKETBOL substitution out,,,,,,,,,0,82,1.0,,0,27,0,28
05:45,05:45:00,27,28,-1,1,2,REGULAR,101,H. KÖKSAL,1,substitution,264,,[],in,0,7,Hüseyin Göksenin,Köksal,Hüseyin Göksenin,Köksal,H,K,H,K,H. Köksal,BURSASPOR BASKETBOL,BUR,H. Köksal,7,,,,,,SUB,in,BURSASPOR BASKETBOL substitution in,,,,,,,,,0,82,1.0,,0,27,0,28
05:45,05:45:00,27,28,-1,1,2,REGULAR,129,B. CRAWFORD,1,substitution,265,,[],out,0,13,Bryant Dejuan,Crawford,Bryant Dejuan,Crawford,B,C,B,C,B. Crawford,BURSASPOR BASKETBOL,BUR,B. Crawford,13,,,,,,SUB,out,BURSASPOR BASKETBOL substitution out,,,,,,,,,0,82,1.0,,0,27,0,28
05:45,05:45:00,27,28,-1,1,2,REGULAR,133,B. CHILDRESS,1,substitution,266,,[],in,0,0,Brandon Reginald,Childress,Brandon Reginald,Childress,B,C,B,C,B. Childress,BURSASPOR BASKETBOL,BUR,B. Childress,0,,,,,,SUB,in,BURSASPOR BASKETBOL substitution in,,,,,,,,,0,82,1.0,,0,27,0,28
05:45,05:45:00,27,29,-2,2,2,REGULAR,33,J. MINTZ,1,freethrow,267,,[],1of2,1,10,Judah Jah Leone,Mintz,Judah Jah Leone,Mintz,J,M,J,M,J. Mintz,GLINT MANISA BASKET,MNS,J. Mintz,10,,,,,,FT,made,GLINT MANISA BASKET J. MINTZ FT 1of2 made,,,,,,,,,1,82,1.0,made_ft,0,27,1,29
05:45,05:45:00,27,29,-2,2,2,REGULAR,33,J. MINTZ,0,freethrow,268,,[],2of2,1,10,Judah Jah Leone,Mintz,Judah Jah Leone,Mintz,J,M,J,M,J. Mintz,GLINT MANISA BASKET,MNS,J. Mintz,10,,,,,,FT,missed,GLINT MANISA BASKET J. MINTZ FT 2of2 missed,,,,,,,,,0,83,2.0,def_reb,0,27,0,29
05:45,05:45:00,27,29,-2,1,2,REGULAR,135,A. KONONTSUK,1,rebound,270,268,[],defensive,0,34,Artur,Konontsuk,Artur,Konontsuk,A,K,A,K,A. Konontsuk,BURSASPOR BASKETBOL,BUR,A. Konontsuk,34,,,,,,REB,,BURSASPOR BASKETBOL rebound defensive,,,,,,,,,0,84,1.0,def_reb,0,27,0,29
05:25,05:25:00,29,29,0,1,2,REGULAR,144,M. PARSONS,1,2pt,271,,[],pullupjumpshot,1,5,Malik Disjohn,Parsons,Malik Disjohn,Parsons,M,P,M,P,M. Parsons,BURSASPOR BASKETBOL,BUR,M. Parsons,5,,,25.14999961853,47.290000915527,1.0,P2,made,BURSASPOR BASKETBOL M. PARSONS 2Pt made,,,,,,,,,2,85,2.0,score,2,29,0,29
04:58,04:58:00,29,29,0,2,2,REGULAR,34,K. ZEMAITIS,0,2pt,273,,['pointsinthepaint'],layup,1,13,Kristupas,Zemaitis,Kristupas,Zemaitis,K,Z,K,Z,K. Zemaitis,GLINT MANISA BASKET,MNS,K. Zemaitis,13,,,89.110000610352,41.360000610352,0.0,P2,missed,GLINT MANISA BASKET K. ZEMAITIS 2Pt missed,,,,,,,,,0,86,1.0,def_reb,0,29,0,29
04:58,04:58:00,29,29,0,1,2,REGULAR,144,M. PARSONS,1,rebound,274,273,[],defensive,0,5,Malik Disjohn,Parsons,Malik Disjohn,Parsons,M,P,M,P,M. Parsons,BURSASPOR BASKETBOL,BUR,M. Parsons,5,,,,,,REB,,BURSASPOR BASKETBOL rebound defensive,,,,,,,,,0,87,2.0,def_reb,0,29,0,29
04:58,04:58:00,29,29,0,1,2,REGULAR,144,M. PARSONS,1,turnover,275,,[],outofbounds,0,5,Malik Disjohn,Parsons,Malik Disjohn,Parsons,M,P,M,P,M. Parsons,BURSASPOR BASKETBOL,BUR,M. Parsons,5,,,,,,TO,,BURSASPOR BASKETBOL M. PARSONS turnover outofbounds,,,,,,,,,0,88,1.0,turnover,0,29,0,29
04:57,04:57:00,29,29,0,0,2,REGULAR,0,,1,timeout,278,,[],officials,0,,,,,,,,,,,,,,,,,,,,TIMEOUT,, timeout,,,,,,,,,0,89,2.0,,0,29,0,29
04:49,04:49:00,29,29,0,2,2,REGULAR,28,J. JOHNSON,0,2pt,282,,"['fromturnover', 'pointsinthepaint', 'blocked']",layup,1,34,Jayce Ryback,Johnson,Jayce Ryback,Johnson,J,J,J,J,J. Johnson,GLINT MANISA BASKET,MNS,J. Johnson,34,,,90.199996948242,44.180000305176,0.0,P2,missed,GLINT MANISA BASKET J. JOHNSON 2Pt missed,,,,127.0,1.0,L. NNOKO,,,0,89,2.0,,0,29,0,29
04:49,04:49:00,29,29,0,1,2,REGULAR,127,L. NNOKO,1,block,283,282,[],,0,35,Landry,Nnoko,Landry,Nnoko,L,N,L,N,L. Nnoko,BURSASPOR BASKETBOL,BUR,L. Nnoko,35,,,,,,BS,,BURSASPOR BASKETBOL L. NNOKO block,,,,,,,,,0,89,2.0,,0,29,0,29
04:41,04:41:00,29,29,0,1,2,REGULAR,135,A. KONONTSUK,1,rebound,284,282,[],defensive,0,34,Artur,Konontsuk,Artur,Konontsuk,A,K,A,K,A. Konontsuk,BURSASPOR BASKETBOL,BUR,A. Konontsuk,34,,,,,,REB,,BURSASPOR BASKETBOL rebound defensive,,,,,,,,,0,89,2.0,def_reb,0,29,0,29
04:23,04:23:00,29,29,0,1,2,REGULAR,144,M. PARSONS,0,2pt,285,,[],jumpshot,1,5,Malik Disjohn,Parsons,Malik Disjohn,Parsons,M,P,M,P,M. Parsons,BURSASPOR BASKETBOL,BUR,M. Parsons,5,,,4.710000038147,82.319999694824,0.0,P2,missed,BURSASPOR BASKETBOL M. PARSONS 2Pt missed,,,,,,,,,0,90,1.0,def_reb,0,29,0,29
04:21,04:21:00,29,29,0,2,2,REGULAR,32,J. SCRUBB,1,rebound,286,285,[],defensive,0,1,Jayden Amari,Scrubb,Jayden Amari,Scrubb,J,S,J,S,J. Scrubb,GLINT MANISA BASKET,MNS,J. Scrubb,1,,,,,,REB,,GLINT MANISA BASKET rebound defensive,,,,,,,,,0,91,2.0,def_reb,0,29,0,29
04:13,04:13:00,29,31,-2,2,2,REGULAR,32,J. SCRUBB,1,2pt,287,,['pointsinthepaint'],drivinglayup,1,1,Jayden Amari,Scrubb,Jayden Amari,Scrubb,J,S,J,S,J. Scrubb,GLINT MANISA BASKET,MNS,J. Scrubb,1,,,93.01000213623,38.529998779297,1.0,P2,made,GLINT MANISA BASKET J. SCRUBB 2Pt made,,,,,,,,,2,92,1.0,score,0,29,2,31
03:42,03:42:00,29,31,-2,1,2,REGULAR,144,M. PARSONS,0,2pt,288,,['blocked'],jumpshot,1,5,Malik Disjohn,Parsons,Malik Disjohn,Parsons,M,P,M,P,M. Parsons,BURSASPOR BASKETBOL,BUR,M. Parsons,5,,,20.780000686646,51.529998779297,0.0,P2,missed,BURSASPOR BASKETBOL M. PARSONS 2Pt missed,,,,32.0,2.0,J. SCRUBB,,,0,93,2.0,,0,29,0,31
03:42,03:42:00,29,31,-2,2,2,REGULAR,32,J. SCRUBB,1,block,289,288,[],,0,1,Jayden Amari,Scrubb,Jayden Amari,Scrubb,J,S,J,S,J. Scrubb,GLINT MANISA BASKET,MNS,J. Scrubb,1,,,,,,BS,,GLINT MANISA BASKET J. SCRUBB block,,,,,,,,,0,93,2.0,,0,29,0,31
03:39,03:39:00,29,31,-2,2,2,REGULAR,28,J. JOHNSON,1,rebound,290,288,[],defensive,0,34,Jayce Ryback,Johnson,Jayce Ryback,Johnson,J,J,J,J,J. Johnson,GLINT MANISA BASKET,MNS,J. Johnson,34,,,,,,REB,,GLINT MANISA BASKET rebound defensive,,,,,,,,,0,93,2.0,def_reb,0,29,0,31
03:38,03:38:00,29,33,-4,2,2,REGULAR,33,J. MINTZ,1,2pt,292,,"['pointsinthepaint', 'fastbreak']",layup,1,10,Judah Jah Leone,Mintz,Judah Jah Leone,Mintz,J,M,J,M,J. Mintz,GLINT MANISA BASKET,MNS,J. Mintz,10,,,91.290000915527,61.979999542236,1.0,P2,made,GLINT MANISA BASKET J. MINTZ 2Pt made,24.0,2.0,Y. ONAN,,,,,,2,94,1.0,score,0,29,2,33
03:38,03:38:00,29,33,-4,2,2,REGULAR,24,Y. ONAN,1,assist,293,292,[],,0,7,Yigit,Onan,Yigit,Onan,Y,O,Y,O,Y. Onan,GLINT MANISA BASKET,MNS,Y. Onan,7,,,,,,ASS,,GLINT MANISA BASKET Y. ONAN assist,,,,,,,,,0,95,2.0,,0,29,0,33
03:38,03:38:00,29,33,-4,1,2,REGULAR,0,,1,timeout,294,,[],full,0,,,,,,,,,,,BURSASPOR BASKETBOL,BUR,,,,,,,,TIMEOUT,,BURSASPOR BASKETBOL timeout,,,,,,,,,0,95,2.0,,0,29,0,33
03:38,03:38:00,29,33,-4,1,2,REGULAR,101,H. KÖKSAL,1,substitution,295,,[],out,0,7,Hüseyin Göksenin,Köksal,Hüseyin Göksenin,Köksal,H,K,H,K,H. Köksal,BURSASPOR BASKETBOL,BUR,H. Köksal,7,,,,,,SUB,out,BURSASPOR BASKETBOL substitution out,,,,,,,,,0,95,2.0,,0,29,0,33
03:38,03:38:00,29,33,-4,1,2,REGULAR,102,B. AKIN,1,substitution,296,,[],in,0,11,Berk Can,Akin,Berk Can,Akin,B,A,B,A,B. Akin,BURSASPOR BASKETBOL,BUR,B. Akin,11,,,,,,SUB,in,BURSASPOR BASKETBOL substitution in,,,,,,,,,0,95,2.0,,0,29,0,33
03:38,03:38:00,29,33,-4,2,2,REGULAR,34,K. ZEMAITIS,1,substitution,297,,[],out,0,13,Kristupas,Zemaitis,Kristupas,Zemaitis,K,Z,K,Z,K. Zemaitis,GLINT MANISA BASKET,MNS,K. Zemaitis,13,,,,,,SUB,out,GLINT MANISA BASKET substitution out,,,,,,,,,0,95,2.0,,0,29,0,33
03:38,03:38:00,29,33,-4,2,2,REGULAR,31,D. SMITH,1,substitution,298,,[],in,0,2,Dayshon Hassan,Smith,Dayshon Hassan,Smith,D,S,D,S,D. Smith,GLINT MANISA BASKET,MNS,D. Smith,2,,,,,,SUB,in,GLINT MANISA BASKET substitution in,,,,,,,,,0,95,2.0,,0,29,0,33
03:29,03:29:00,31,33,-2,1,2,REGULAR,135,A. KONONTSUK,1,2pt,300,,['pointsinthepaint'],layup,1,34,Artur,Konontsuk,Artur,Konontsuk,A,K,A,K,A. Konontsuk,BURSASPOR BASKETBOL,BUR,A. Konontsuk,34,,,13.760000228882,53.220001220703,1.0,P2,made,BURSASPOR BASKETBOL A. KONONTSUK 2Pt made,133.0,1.0,B. CHILDRESS,,,,,,2,95,2.0,score,2,31,0,33
03:29,03:29:00,31,33,-2,1,2,REGULAR,133,B. CHILDRESS,1,assist,301,300,[],,0,0,Brandon Reginald,Childress,Brandon Reginald,Childress,B,C,B,C,B. Childress,BURSASPOR BASKETBOL,BUR,B. Childress,0,,,,,,ASS,,BURSASPOR BASKETBOL B. CHILDRESS assist,,,,,,,,,0,96,1.0,,0,31,0,33
03:09,03:09:00,31,33,-2,2,2,REGULAR,32,J. SCRUBB,0,2pt,302,,['pointsinthepaint'],layup,1,1,Jayden Amari,Scrubb,Jayden Amari,Scrubb,J,S,J,S,J. Scrubb,GLINT MANISA BASKET,MNS,J. Scrubb,1,,,90.980003356934,61.689998626709,0.0,P2,missed,GLINT MANISA BASKET J. SCRUBB 2Pt missed,,,,,,,,,0,96,1.0,def_reb,0,31,0,33
03:06,03:06:00,31,33,-2,1,2,REGULAR,127,L. NNOKO,1,rebound,303,302,[],defensive,0,35,Landry,Nnoko,Landry,Nnoko,L,N,L,N,L. Nnoko,BURSASPOR BASKETBOL,BUR,L. Nnoko,35,,,,,,REB,,BURSASPOR BASKETBOL rebound defensive,,,,,,,,,0,97,2.0,def_reb,0,31,0,33
02:47,02:47:00,31,33,-2,1,2,REGULAR,102,B. AKIN,0,3pt,310,,[],jumpshot,1,11,Berk Can,Akin,Berk Can,Akin,B,A,B,A,B. Akin,BURSASPOR BASKETBOL,BUR,B. Akin,11,,,29.670000076294,28.930000305176,0.0,P3,missed,BURSASPOR BASKETBOL B. AKIN 3Pt missed,,,,,,,,,0,98,1.0,def_reb,0,31,0,33
02:45,02:45:00,31,33,-2,2,2,REGULAR,24,Y. ONAN,1,rebound,311,310,[],defensive,0,7,Yigit,Onan,Yigit,Onan,Y,O,Y,O,Y. Onan,GLINT MANISA BASKET,MNS,Y. Onan,7,,,,,,REB,,GLINT MANISA BASKET rebound defensive,,,,,,,,,0,99,2.0,def_reb,0,31,0,33
02:32,02:32:00,31,35,-4,2,2,REGULAR,24,Y. ONAN,1,2pt,312,,['pointsinthepaint'],layup,1,7,Yigit,Onan,Yigit,Onan,Y,O,Y,O,Y. Onan,GLINT MANISA BASKET,MNS,Y. Onan,7,,,88.48999786377,52.939998626709,1.0,P2,made,GLINT MANISA BASKET Y. ONAN 2Pt made,31.0,2.0,D. SMITH,,,,,,2,100,1.0,score,0,31,2,35
02:32,02:32:00,31,35,-4,2,2,REGULAR,31,D. SMITH,1,assist,313,312,[],,0,2,Dayshon Hassan,Smith,Dayshon Hassan,Smith,D,S,D,S,D. Smith,GLINT MANISA BASKET,MNS,D. Smith,2,,,,,,ASS,,GLINT MANISA BASKET D. SMITH assist,,,,,,,,,0,101,2.0,,0,31,0,35
02:06,02:06:00,31,35,-4,1,2,REGULAR,144,M. PARSONS,0,3pt,314,,[],jumpshot,1,5,Malik Disjohn,Parsons,Malik Disjohn,Parsons,M,P,M,P,M. Parsons,BURSASPOR BASKETBOL,BUR,M. Parsons,5,,,26.860000610352,83.449996948242,0.0,P3,missed,BURSASPOR BASKETBOL M. PARSONS 3Pt missed,,,,,,,,,0,101,2.0,def_reb,0,31,0,35
02:02,02:02:00,31,35,-4,2,2,REGULAR,32,J. SCRUBB,1,rebound,315,314,[],defensive,0,1,Jayden Amari,Scrubb,Jayden Amari,Scrubb,J,S,J,S,J. Scrubb,GLINT MANISA BASKET,MNS,J. Scrubb,1,,,,,,REB,,GLINT MANISA BASKET rebound defensive,,,,,,,,,0,102,1.0,def_reb,0,31,0,35
01:54,01:54:00,31,35,-4,1,2,REGULAR,135,A. KONONTSUK,1,foul,317,,['2freethrow'],personal,0,34,Artur,Konontsuk,Artur,Konontsuk,A,K,A,K,A. Konontsuk,BURSASPOR BASKETBOL,BUR,A. Konontsuk,34,,,,,,FOUL,,BURSASPOR BASKETBOL A. KONONTSUK foul personal,,,,,,,,,0,103,2.0,,0,31,0,35
01:54,01:54:00,31,35,-4,2,2,REGULAR,28,J. JOHNSON,1,foulon,318,317,[],,0,34,Jayce Ryback,Johnson,Jayce Ryback,Johnson,J,J,J,J,J. Johnson,GLINT MANISA BASKET,MNS,J. Johnson,34,,,,,,OTHER,,GLINT MANISA BASKET foulon,,,,,,,,,0,103,2.0,,0,31,0,35
01:54,01:54:00,31,35,-4,1,2,REGULAR,133,B. CHILDRESS,1,substitution,319,,[],out,0,0,Brandon Reginald,Childress,Brandon Reginald,Childress,B,C,B,C,B. Childress,BURSASPOR BASKETBOL,BUR,B. Childress,0,,,,,,SUB,out,BURSASPOR BASKETBOL substitution out,,,,,,,,,0,103,2.0,,0,31,0,35
01:54,01:54:00,31,35,-4,1,2,REGULAR,135,A. KONONTSUK,1,substitution,320,,[],out,0,34,Artur,Konontsuk,Artur,Konontsuk,A,K,A,K,A. Konontsuk,BURSASPOR BASKETBOL,BUR,A. Konontsuk,34,,,,,,SUB,out,BURSASPOR BASKETBOL substitution out,,,,,,,,,0,103,2.0,,0,31,0,35
01:54,01:54:00,31,35,-4,1,2,REGULAR,129,B. CRAWFORD,1,substitution,321,,[],in,0,13,Bryant Dejuan,Crawford,Bryant Dejuan,Crawford,B,C,B,C,B. Crawford,BURSASPOR BASKETBOL,BUR,B. Crawford,13,,,,,,SUB,in,BURSASPOR BASKETBOL substitution in,,,,,,,,,0,103,2.0,,0,31,0,35
01:54,01:54:00,31,35,-4,1,2,REGULAR,4,Y. ONAR,1,substitution,322,,[],in,0,14,Yesukan,Onar,Yesukan,Onar,Y,O,Y,O,Y. Onar,BURSASPOR BASKETBOL,BUR,Y. Onar,14,,,,,,SUB,in,BURSASPOR BASKETBOL substitution in,,,,,,,,,0,103,2.0,,0,31,0,35
01:54,01:54:00,31,36,-5,2,2,REGULAR,28,J. JOHNSON,1,freethrow,323,,[],1of2,1,34,Jayce Ryback,Johnson,Jayce Ryback,Johnson,J,J,J,J,J. Johnson,GLINT MANISA BASKET,MNS,J. Johnson,34,,,,,,FT,made,GLINT MANISA BASKET J. JOHNSON FT 1of2 made,,,,,,,,,1,103,2.0,made_ft,0,31,1,36
01:54,01:54:00,31,37,-6,2,2,REGULAR,28,J. JOHNSON,1,freethrow,324,,[],2of2,1,34,Jayce Ryback,Johnson,Jayce Ryback,Johnson,J,J,J,J,J. Johnson,GLINT MANISA BASKET,MNS,J. Johnson,34,,,,,,FT,made,GLINT MANISA BASKET J. JOHNSON FT 2of2 made,,,,,,,,,1,104,1.0,made_ft_last,0,31,1,37
01:27,01:27:00,34,37,-3,1,2,REGULAR,102,B. AKIN,1,3pt,330,,[],jumpshot,1,11,Berk Can,Akin,Berk Can,Akin,B,A,B,A,B. Akin,BURSASPOR BASKETBOL,BUR,B. Akin,11,,,8.1400003433228,4.6300001144409,1.0,P3,made,BURSASPOR BASKETBOL B. AKIN 3Pt made,144.0,1.0,M. PARSONS,,,,,,3,105,2.0,score,3,34,0,37
01:27,01:27:00,34,37,-3,1,2,REGULAR,144,M. PARSONS,1,assist,331,330,[],,0,5,Malik Disjohn,Parsons,Malik Disjohn,Parsons,M,P,M,P,M. Parsons,BURSASPOR BASKETBOL,BUR,M. Parsons,5,,,,,,ASS,,BURSASPOR BASKETBOL M. PARSONS assist,,,,,,,,,0,106,1.0,,0,34,0,37
01:08,01:08:00,34,37,-3,1,2,REGULAR,102,B. AKIN,1,foul,333,,"['shooting', '2freethrow']",personal,0,11,Berk Can,Akin,Berk Can,Akin,B,A,B,A,B. Akin,BURSASPOR BASKETBOL,BUR,B. Akin,11,,,,,,FOUL,,BURSASPOR BASKETBOL B. AKIN foul personal,,,,,,,,,0,106,1.0,,0,34,0,37
01:08,01:08:00,34,37,-3,2,2,REGULAR,28,J. JOHNSON,1,foulon,334,333,[],,0,34,Jayce Ryback,Johnson,Jayce Ryback,Johnson,J,J,J,J,J. Johnson,GLINT MANISA BASKET,MNS,J. Johnson,34,,,,,,OTHER,,GLINT MANISA BASKET foulon,,,,,,,,,0,106,1.0,,0,34,0,37
01:08,01:08:00,34,37,-3,2,2,REGULAR,28,J. JOHNSON,0,freethrow,335,,[],1of2,1,34,Jayce Ryback,Johnson,Jayce Ryback,Johnson,J,J,J,J,J. Johnson,GLINT MANISA BASKET,MNS,J. Johnson,34,,,,,,FT,missed,GLINT MANISA BASKET J. JOHNSON FT 1of2 missed,,,,,,,,,0,106,1.0,def_reb,0,34,0,37
01:08,01:08:00,34,37,-3,2,2,REGULAR,0,,1,rebound,336,335,[],offensivedeadball,0,,,,,,,,,,,GLINT MANISA BASKET,MNS,,,,,,,,TREB,,GLINT MANISA BASKET team rebound offensivedeadball,,,,,,,,,0,107,2.0,def_reb,0,34,0,37
01:08,01:08:00,34,38,-4,2,2,REGULAR,28,J. JOHNSON,1,freethrow,337,,[],2of2,1,34,Jayce Ryback,Johnson,Jayce Ryback,Johnson,J,J,J,J,J. Johnson,GLINT MANISA BASKET,MNS,J. Johnson,34,,,,,,FT,made,GLINT MANISA BASKET J. JOHNSON FT 2of2 made,,,,,,,,,1,108,1.0,made_ft_last,0,34,1,38
01:08,01:08:00,34,38,-4,2,2,REGULAR,24,Y. ONAN,1,assist,338,337,[],,0,7,Yigit,Onan,Yigit,Onan,Y,O,Y,O,Y. Onan,GLINT MANISA BASKET,MNS,Y. Onan,7,,,,,,ASS,,GLINT MANISA BASKET Y. ONAN assist,,,,,,,,,0,109,2.0,,0,34,0,38
01:08,01:08:00,34,38,-4,1,2,REGULAR,102,B. AKIN,1,substitution,339,,[],out,0,11,Berk Can,Akin,Berk Can,Akin,B,A,B,A,B. Akin,BURSASPOR BASKETBOL,BUR,B. Akin,11,,,,,,SUB,out,BURSASPOR BASKETBOL substitution out,,,,,,,,,0,109,2.0,,0,34,0,38
01:08,01:08:00,34,38,-4,1,2,REGULAR,134,V. KING,1,substitution,340,,[],in,0,22,Vincent Earl,King,Vincent Earl,King,V,K,V,K,V. King,BURSASPOR BASKETBOL,BUR,V. King,22,,,,,,SUB,in,BURSASPOR BASKETBOL substitution in,,,,,,,,,0,109,2.0,,0,34,0,38
00:42,00:42:10,34,38,-4,1,2,REGULAR,129,B. CRAWFORD,0,3pt,342,,[],jumpshot,1,13,Bryant Dejuan,Crawford,Bryant Dejuan,Crawford,B,C,B,C,B. Crawford,BURSASPOR BASKETBOL,BUR,B. Crawford,13,,,26.239999771118,19.319999694824,0.0,P3,missed,BURSASPOR BASKETBOL B. CRAWFORD 3Pt missed,,,,,,,,,0,109,2.0,def_reb,0,34,0,38
00:39,00:39:90,34,38,-4,2,2,REGULAR,32,J. SCRUBB,1,rebound,343,342,[],defensive,0,1,Jayden Amari,Scrubb,Jayden Amari,Scrubb,J,S,J,S,J. Scrubb,GLINT MANISA BASKET,MNS,J. Scrubb,1,,,,,,REB,,GLINT MANISA BASKET rebound defensive,,,,,,,,,0,110,1.0,def_reb,0,34,0,38
00:35,00:35:10,34,38,-4,2,2,REGULAR,33,J. MINTZ,0,2pt,344,,['pointsinthepaint'],layup,1,10,Judah Jah Leone,Mintz,Judah Jah Leone,Mintz,J,M,J,M,J. Mintz,GLINT MANISA BASKET,MNS,J. Mintz,10,,,91.610000610352,63.669998168945,0.0,P2,missed,GLINT MANISA BASKET J. MINTZ 2Pt missed,,,,,,,,,0,111,2.0,,0,34,0,38
00:32,00:32:20,34,38,-4,2,2,REGULAR,28,J. JOHNSON,1,rebound,345,344,[],offensive,0,34,Jayce Ryback,Johnson,Jayce Ryback,Johnson,J,J,J,J,J. Johnson,GLINT MANISA BASKET,MNS,J. Johnson,34,,,,,,REB,,GLINT MANISA BASKET rebound offensive,,,,,,,,,0,111,2.0,,0,34,0,38
00:31,00:31:60,34,38,-4,2,2,REGULAR,28,J. JOHNSON,1,turnover,346,,[],badpass,0,34,Jayce Ryback,Johnson,Jayce Ryback,Johnson,J,J,J,J,J. Johnson,GLINT MANISA BASKET,MNS,J. Johnson,34,,,,,,TO,,GLINT MANISA BASKET J. JOHNSON turnover badpass,,,,,,,,,0,111,2.0,turnover,0,34,0,38
00:31,00:31:60,34,38,-4,1,2,REGULAR,144,M. PARSONS,1,steal,347,346,[],,0,5,Malik Disjohn,Parsons,Malik Disjohn,Parsons,M,P,M,P,M. Parsons,BURSASPOR BASKETBOL,BUR,M. Parsons,5,,,,,,ST,,BURSASPOR BASKETBOL M. PARSONS steal,,,,,,,,,0,112,1.0,,0,34,0,38
00:28,00:28:60,36,38,-2,1,2,REGULAR,129,B. CRAWFORD,1,2pt,348,,"['fromturnover', 'pointsinthepaint', 'fastbreak']",dunk,1,13,Bryant Dejuan,Crawford,Bryant Dejuan,Crawford,B,C,B,C,B. Crawford,BURSASPOR BASKETBOL,BUR,B. Crawford,13,,,6.1199998855591,60.0,1.0,P2,made,BURSASPOR BASKETBOL B. CRAWFORD 2Pt made,144.0,1.0,M. PARSONS,,,,,,2,112,1.0,score,2,36,0,38
00:28,00:28:60,36,38,-2,1,2,REGULAR,144,M. PARSONS,1,assist,350,348,[],,0,5,Malik Disjohn,Parsons,Malik Disjohn,Parsons,M,P,M,P,M. Parsons,BURSASPOR BASKETBOL,BUR,M. Parsons,5,,,,,,ASS,,BURSASPOR BASKETBOL M. PARSONS assist,,,,,,,,,0,113,2.0,,0,36,0,38
00:27,00:27:40,36,38,-2,2,2,REGULAR,0,,1,timeout,351,,[],full,0,,,,,,,,,,,GLINT MANISA BASKET,MNS,,,,,,,,TIMEOUT,,GLINT MANISA BASKET timeout,,,,,,,,,0,113,2.0,,0,36,0,38
00:07,00:07:30,36,38,-2,2,2,REGULAR,31,D. SMITH,0,2pt,355,,['pointsinthepaint'],layup,1,2,Dayshon Hassan,Smith,Dayshon Hassan,Smith,D,S,D,S,D. Smith,GLINT MANISA BASKET,MNS,D. Smith,2,,,92.230003356934,37.680000305176,0.0,P2,missed,GLINT MANISA BASKET D. SMITH 2Pt missed,,,,,,,,,0,113,2.0,,0,36,0,38
00:04,00:04:80,36,38,-2,2,2,REGULAR,28,J. JOHNSON,1,rebound,357,355,[],offensive,0,34,Jayce Ryback,Johnson,Jayce Ryback,Johnson,J,J,J,J,J. Johnson,GLINT MANISA BASKET,MNS,J. Johnson,34,,,,,,REB,,GLINT MANISA BASKET rebound offensive,,,,,,,,,0,113,2.0,,0,36,0,38
00:01,00:01:30,36,38,-2,2,2,REGULAR,33,J. MINTZ,0,3pt,359,,['2ndchance'],jumpshot,1,10,Judah Jah Leone,Mintz,Judah Jah Leone,Mintz,J,M,J,M,J. Mintz,GLINT MANISA BASKET,MNS,J. Mintz,10,,,86.300003051758,96.160003662109,0.0,P3,missed,GLINT MANISA BASKET J. MINTZ 3Pt missed,,,,,,,,,0,113,2.0,,0,36,0,38
00:00,00:00:00,36,38,-2,0,2,REGULAR,0,,1,period,361,,['confirmed'],end,0,,,,,,,,,,,,,,,,,,,,OTHER,,period end,,,,,,,,,0,113,2.0,,0,36,0,38
10:00,10:00:00,36,38,-2,1,3,REGULAR,129,B. CRAWFORD,1,substitution,362,,[],out,0,13,Bryant Dejuan,Crawford,Bryant Dejuan,Crawford,B,C,B,C,B. Crawford,BURSASPOR BASKETBOL,BUR,B. Crawford,13,,,,,,SUB,out,BURSASPOR BASKETBOL substitution out,,,,,,,,,0,113,2.0,,0,36,0,38
10:00,10:00:00,36,38,-2,1,3,REGULAR,4,Y. ONAR,1,substitution,363,,[],out,0,14,Yesukan,Onar,Yesukan,Onar,Y,O,Y,O,Y. Onar,BURSASPOR BASKETBOL,BUR,Y. Onar,14,,,,,,SUB,out,BURSASPOR BASKETBOL substitution out,,,,,,,,,0,113,2.0,,0,36,0,38
10:00,10:00:00,36,38,-2,1,3,REGULAR,134,V. KING,1,substitution,364,,[],out,0,22,Vincent Earl,King,Vincent Earl,King,V,K,V,K,V. King,BURSASPOR BASKETBOL,BUR,V. King,22,,,,,,SUB,out,BURSASPOR BASKETBOL substitution out,,,,,,,,,0,113,2.0,,0,36,0,38
10:00,10:00:00,36,38,-2,1,3,REGULAR,133,B. CHILDRESS,1,substitution,365,,[],in,0,0,Brandon Reginald,Childress,Brandon Reginald,Childress,B,C,B,C,B. Childress,BURSASPOR BASKETBOL,BUR,B. Childress,0,,,,,,SUB,in,BURSASPOR BASKETBOL substitution in,,,,,,,,,0,113,2.0,,0,36,0,38
10:00,10:00:00,36,38,-2,1,3,REGULAR,101,H. KÖKSAL,1,substitution,366,,[],in,0,7,Hüseyin Göksenin,Köksal,Hüseyin Göksenin,Köksal,H,K,H,K,H. Köksal,BURSASPOR BASKETBOL,BUR,H. Köksal,7,,,,,,SUB,in,BURSASPOR BASKETBOL substitution in,,,,,,,,,0,113,2.0,,0,36,0,38
10:00,10:00:00,36,38,-2,1,3,REGULAR,135,A. KONONTSUK,1,substitution,367,,[],in,0,34,Artur,Konontsuk,Artur,Konontsuk,A,K,A,K,A. Konontsuk,BURSASPOR BASKETBOL,BUR,A. Konontsuk,34,,,,,,SUB,in,BURSASPOR BASKETBOL substitution in,,,,,,,,,0,113,2.0,,0,36,0,38
10:00,10:00:00,36,38,-2,0,3,REGULAR,0,,1,period,368,,[],start,0,,,,,,,,,,,,,,,,,,,,OTHER,,period start,,,,,,,,,0,113,2.0,,0,36,0,38
09:50,09:50:00,36,40,-4,2,3,REGULAR,28,J. JOHNSON,1,2pt,370,,['pointsinthepaint'],layup,1,34,Jayce Ryback,Johnson,Jayce Ryback,Johnson,J,J,J,J,J. Johnson,GLINT MANISA BASKET,MNS,J. Johnson,34,,,8.460000038147,40.790000915527,1.0,P2,made,GLINT MANISA BASKET J. JOHNSON 2Pt made,31.0,2.0,D. SMITH,,,,,,2,113,2.0,score,0,36,2,40
09:50,09:50:00,36,40,-4,2,3,REGULAR,31,D. SMITH,1,assist,371,370,[],,0,2,Dayshon Hassan,Smith,Dayshon Hassan,Smith,D,S,D,S,D. Smith,GLINT MANISA BASKET,MNS,D. Smith,2,,,,,,ASS,,GLINT MANISA BASKET D. SMITH assist,,,,,,,,,0,114,1.0,,0,36,0,40
09:25,09:25:00,38,40,-2,1,3,REGULAR,144,M. PARSONS,1,2pt,372,,[],jumpshot,1,5,Malik Disjohn,Parsons,Malik Disjohn,Parsons,M,P,M,P,M. Parsons,BURSASPOR BASKETBOL,BUR,M. Parsons,5,,,83.959999084473,83.449996948242,1.0,P2,made,BURSASPOR BASKETBOL M. PARSONS 2Pt made,,,,,,,,,2,114,1.0,score,2,38,0,40
08:57,08:57:00,38,42,-4,2,3,REGULAR,24,Y. ONAN,1,2pt,373,,['pointsinthepaint'],drivinglayup,1,7,Yigit,Onan,Yigit,Onan,Y,O,Y,O,Y. Onan,GLINT MANISA BASKET,MNS,Y. Onan,7,,,8.7700004577637,65.080001831055,1.0,P2,made,GLINT MANISA BASKET Y. ONAN 2Pt made,,,,,,,,,2,115,2.0,score,0,38,2,42
08:29,08:29:00,38,42,-4,1,3,REGULAR,133,B. CHILDRESS,0,3pt,374,,[],jumpshot,1,0,Brandon Reginald,Childress,Brandon Reginald,Childress,B,C,B,C,B. Childress,BURSASPOR BASKETBOL,BUR,B. Childress,0,,,71.949996948242,79.769996643066,0.0,P3,missed,BURSASPOR BASKETBOL B. CHILDRESS 3Pt missed,,,,,,,,,0,116,1.0,def_reb,0,38,0,42
08:27,08:27:00,38,42,-4,2,3,REGULAR,31,D. SMITH,1,rebound,375,374,[],defensive,0,2,Dayshon Hassan,Smith,Dayshon Hassan,Smith,D,S,D,S,D. Smith,GLINT MANISA BASKET,MNS,D. Smith,2,,,,,,REB,,GLINT MANISA BASKET rebound defensive,,,,,,,,,0,117,2.0,def_reb,0,38,0,42
08:20,08:20:00,38,42,-4,2,3,REGULAR,28,J. JOHNSON,1,turnover,376,,[],ballhandling,0,34,Jayce Ryback,Johnson,Jayce Ryback,Johnson,J,J,J,J,J. Johnson,GLINT MANISA BASKET,MNS,J. Johnson,34,,,,,,TO,,GLINT MANISA BASKET J. JOHNSON turnover ballhandling,,,,,,,,,0,118,1.0,turnover,0,38,0,42
08:20,08:20:00,38,42,-4,1,3,REGULAR,127,L. NNOKO,1,steal,377,376,[],,0,35,Landry,Nnoko,Landry,Nnoko,L,N,L,N,L. Nnoko,BURSASPOR BASKETBOL,BUR,L. Nnoko,35,,,,,,ST,,BURSASPOR BASKETBOL L. NNOKO steal,,,,,,,,,0,119,2.0,,0,38,0,42
08:02,08:02:00,38,42,-4,2,3,REGULAR,31,D. SMITH,1,foul,383,,"['shooting', '2freethrow']",personal,0,2,Dayshon Hassan,Smith,Dayshon Hassan,Smith,D,S,D,S,D. Smith,GLINT MANISA BASKET,MNS,D. Smith,2,,,,,,FOUL,,GLINT MANISA BASKET D. SMITH foul personal,,,,,,,,,0,119,2.0,,0,38,0,42
08:02,08:02:00,38,42,-4,1,3,REGULAR,144,M. PARSONS,1,foulon,384,383,[],,0,5,Malik Disjohn,Parsons,Malik Disjohn,Parsons,M,P,M,P,M. Parsons,BURSASPOR BASKETBOL,BUR,M. Parsons,5,,,,,,OTHER,,BURSASPOR BASKETBOL foulon,,,,,,,,,0,119,2.0,,0,38,0,42
08:02,08:02:00,39,42,-3,1,3,REGULAR,144,M. PARSONS,1,freethrow,385,,['fromturnover'],1of2,1,5,Malik Disjohn,Parsons,Malik Disjohn,Parsons,M,P,M,P,M. Parsons,BURSASPOR BASKETBOL,BUR,M. Parsons,5,,,,,,FT,made,BURSASPOR BASKETBOL M. PARSONS FT 1of2 made,,,,,,,,,1,119,2.0,made_ft,1,39,0,42
08:02,08:02:00,40,42,-2,1,3,REGULAR,144,M. PARSONS,1,freethrow,386,,['fromturnover'],2of2,1,5,Malik Disjohn,Parsons,Malik Disjohn,Parsons,M,P,M,P,M. Parsons,BURSASPOR BASKETBOL,BUR,M. Parsons,5,,,,,,FT,made,BURSASPOR BASKETBOL M. PARSONS FT 2of2 made,,,,,,,,,1,120,1.0,made_ft_last,1,40,0,42
07:48,07:48:00,40,42,-2,1,3,REGULAR,127,L. NNOKO,1,foul,389,,[],personal,0,35,Landry,Nnoko,Landry,Nnoko,L,N,L,N,L. Nnoko,BURSASPOR BASKETBOL,BUR,L. Nnoko,35,,,,,,FOUL,,BURSASPOR BASKETBOL L. NNOKO foul personal,,,,,,,,,0,121,2.0,,0,40,0,42
07:48,07:48:00,40,42,-2,2,3,REGULAR,32,J. SCRUBB,1,foulon,390,389,[],,0,1,Jayden Amari,Scrubb,Jayden Amari,Scrubb,J,S,J,S,J. Scrubb,GLINT MANISA BASKET,MNS,J. Scrubb,1,,,,,,OTHER,,GLINT MANISA BASKET foulon,,,,,,,,,0,121,2.0,,0,40,0,42
07:46,07:46:00,40,42,-2,2,3,REGULAR,24,Y. ONAN,0,2pt,394,,[],jumpshot,1,7,Yigit,Onan,Yigit,Onan,Y,O,Y,O,Y. Onan,GLINT MANISA BASKET,MNS,Y. Onan,7,,,7.6799998283386,25.819999694824,0.0,P2,missed,GLINT MANISA BASKET Y. ONAN 2Pt missed,,,,,,,,,0,121,2.0,,0,40,0,42
07:44,07:44:00,40,42,-2,2,3,REGULAR,24,Y. ONAN,1,rebound,395,394,[],offensive,0,7,Yigit,Onan,Yigit,Onan,Y,O,Y,O,Y. Onan,GLINT MANISA BASKET,MNS,Y. Onan,7,,,,,,REB,,GLINT MANISA BASKET rebound offensive,,,,,,,,,0,121,2.0,,0,40,0,42
07:32,07:32:00,40,42,-2,2,3,REGULAR,0,,1,turnover,397,,['team'],24sec,0,,,,,,,,,,,GLINT MANISA BASKET,MNS,,,,,,,,TO,,GLINT MANISA BASKET  turnover 24sec,,,,,,,,,0,121,2.0,turnover,0,40,0,42
07:27,07:27:00,42,42,0,1,3,REGULAR,144,M. PARSONS,1,2pt,401,,"['fromturnover', 'pointsinthepaint', 'fastbreak']",layup,1,5,Malik Disjohn,Parsons,Malik Disjohn,Parsons,M,P,M,P,M. Parsons,BURSASPOR BASKETBOL,BUR,M. Parsons,5,,,91.610000610352,63.389999389648,1.0,P2,made,BURSASPOR BASKETBOL M. PARSONS 2Pt made,101.0,1.0,H. KÖKSAL,,,,,,2,122,1.0,score,2,42,0,42
07:27,07:27:00,42,42,0,1,3,REGULAR,101,H. KÖKSAL,1,assist,402,401,[],,0,7,Hüseyin Göksenin,Köksal,Hüseyin Göksenin,Köksal,H,K,H,K,H. Köksal,BURSASPOR BASKETBOL,BUR,H. Köksal,7,,,,,,ASS,,BURSASPOR BASKETBOL H. KÖKSAL assist,,,,,,,,,0,123,2.0,,0,42,0,42
07:12,07:12:00,42,42,0,2,3,REGULAR,24,Y. ONAN,0,3pt,403,,[],jumpshot,1,7,Yigit,Onan,Yigit,Onan,Y,O,Y,O,Y. Onan,GLINT MANISA BASKET,MNS,Y. Onan,7,,,22.959999084473,10.85000038147,0.0,P3,missed,GLINT MANISA BASKET Y. ONAN 3Pt missed,,,,,,,,,0,123,2.0,def_reb,0,42,0,42
07:09,07:09:00,42,42,0,1,3,REGULAR,101,H. KÖKSAL,1,rebound,404,403,[],defensive,0,7,Hüseyin Göksenin,Köksal,Hüseyin Göksenin,Köksal,H,K,H,K,H. Köksal,BURSASPOR BASKETBOL,BUR,H. Köksal,7,,,,,,REB,,BURSASPOR BASKETBOL rebound defensive,,,,,,,,,0,124,1.0,def_reb,0,42,0,42
07:03,07:03:00,45,42,3,1,3,REGULAR,135,A. KONONTSUK,1,3pt,405,,['fastbreak'],jumpshot,1,34,Artur,Konontsuk,Artur,Konontsuk,A,K,A,K,A. Konontsuk,BURSASPOR BASKETBOL,BUR,A. Konontsuk,34,,,94.879997253418,4.3499999046326,1.0,P3,made,BURSASPOR BASKETBOL A. KONONTSUK 3Pt made,133.0,1.0,B. CHILDRESS,,,,,,3,125,2.0,score,3,45,0,42
07:03,07:03:00,45,42,3,1,3,REGULAR,133,B. CHILDRESS,1,assist,407,405,[],,0,0,Brandon Reginald,Childress,Brandon Reginald,Childress,B,C,B,C,B. Childress,BURSASPOR BASKETBOL,BUR,B. Childress,0,,,,,,ASS,,BURSASPOR BASKETBOL B. CHILDRESS assist,,,,,,,,,0,126,1.0,,0,45,0,42
07:02,07:02:00,45,42,3,2,3,REGULAR,0,,1,timeout,408,,[],full,0,,,,,,,,,,,GLINT MANISA BASKET,MNS,,,,,,,,TIMEOUT,,GLINT MANISA BASKET timeout,,,,,,,,,0,126,1.0,,0,45,0,42
06:49,06:49:00,45,42,3,2,3,REGULAR,31,D. SMITH,1,turnover,410,,[],badpass,0,2,Dayshon Hassan,Smith,Dayshon Hassan,Smith,D,S,D,S,D. Smith,GLINT MANISA BASKET,MNS,D. Smith,2,,,,,,TO,,GLINT MANISA BASKET D. SMITH turnover badpass,,,,,,,,,0,126,1.0,turnover,0,45,0,42
06:49,06:49:00,45,42,3,1,3,REGULAR,133,B. CHILDRESS,1,steal,412,410,[],,0,0,Brandon Reginald,Childress,Brandon Reginald,Childress,B,C,B,C,B. Childress,BURSASPOR BASKETBOL,BUR,B. Childress,0,,,,,,ST,,BURSASPOR BASKETBOL B. CHILDRESS steal,,,,,,,,,0,127,2.0,,0,45,0,42
06:48,06:48:00,45,42,3,2,3,REGULAR,24,Y. ONAN,1,foul,413,,[],personal,0,7,Yigit,Onan,Yigit,Onan,Y,O,Y,O,Y. Onan,GLINT MANISA BASKET,MNS,Y. Onan,7,,,,,,FOUL,,GLINT MANISA BASKET Y. ONAN foul personal,,,,,,,,,0,127,2.0,,0,45,0,42
06:48,06:48:00,45,42,3,1,3,REGULAR,133,B. CHILDRESS,1,foulon,414,413,[],,0,0,Brandon Reginald,Childress,Brandon Reginald,Childress,B,C,B,C,B. Childress,BURSASPOR BASKETBOL,BUR,B. Childress,0,,,,,,OTHER,,BURSASPOR BASKETBOL foulon,,,,,,,,,0,127,2.0,,0,45,0,42
06:47,06:47:00,45,42,3,2,3,REGULAR,31,D. SMITH,1,substitution,417,,[],out,0,2,Dayshon Hassan,Smith,Dayshon Hassan,Smith,D,S,D,S,D. Smith,GLINT MANISA BASKET,MNS,D. Smith,2,,,,,,SUB,out,GLINT MANISA BASKET substitution out,,,,,,,,,0,127,2.0,,0,45,0,42
06:47,06:47:00,45,42,3,2,3,REGULAR,34,K. ZEMAITIS,1,substitution,418,,[],in,0,13,Kristupas,Zemaitis,Kristupas,Zemaitis,K,Z,K,Z,K. Zemaitis,GLINT MANISA BASKET,MNS,K. Zemaitis,13,,,,,,SUB,in,GLINT MANISA BASKET substitution in,,,,,,,,,0,127,2.0,,0,45,0,42
06:29,06:29:00,45,42,3,1,3,REGULAR,133,B. CHILDRESS,1,turnover,420,,[],badpass,0,0,Brandon Reginald,Childress,Brandon Reginald,Childress,B,C,B,C,B. Childress,BURSASPOR BASKETBOL,BUR,B. Childress,0,,,,,,TO,,BURSASPOR BASKETBOL B. CHILDRESS turnover badpass,,,,,,,,,0,127,2.0,turnover,0,45,0,42
06:29,06:29:00,45,42,3,2,3,REGULAR,28,J. JOHNSON,1,steal,421,420,[],,0,34,Jayce Ryback,Johnson,Jayce Ryback,Johnson,J,J,J,J,J. Johnson,GLINT MANISA BASKET,MNS,J. Johnson,34,,,,,,ST,,GLINT MANISA BASKET J. JOHNSON steal,,,,,,,,,0,128,1.0,,0,45,0,42
06:23,06:23:00,45,42,3,1,3,REGULAR,144,M. PARSONS,1,foul,423,,[],personal,0,5,Malik Disjohn,Parsons,Malik Disjohn,Parsons,M,P,M,P,M. Parsons,BURSASPOR BASKETBOL,BUR,M. Parsons,5,,,,,,FOUL,,BURSASPOR BASKETBOL M. PARSONS foul personal,,,,,,,,,0,128,1.0,,0,45,0,42
06:23,06:23:00,45,42,3,2,3,REGULAR,33,J. MINTZ,1,foulon,424,423,[],,0,10,Judah Jah Leone,Mintz,Judah Jah Leone,Mintz,J,M,J,M,J. Mintz,GLINT MANISA BASKET,MNS,J. Mintz,10,,,,,,OTHER,,GLINT MANISA BASKET foulon,,,,,,,,,0,128,1.0,,0,45,0,42
06:14,06:14:00,45,42,3,2,3,REGULAR,32,J. SCRUBB,1,turnover,426,,[],ballhandling,0,1,Jayden Amari,Scrubb,Jayden Amari,Scrubb,J,S,J,S,J. Scrubb,GLINT MANISA BASKET,MNS,J. Scrubb,1,,,,,,TO,,GLINT MANISA BASKET J. SCRUBB turnover ballhandling,,,,,,,,,0,128,1.0,turnover,0,45,0,42
06:14,06:14:00,45,42,3,1,3,REGULAR,133,B. CHILDRESS,1,steal,427,426,[],,0,0,Brandon Reginald,Childress,Brandon Reginald,Childress,B,C,B,C,B. Childress,BURSASPOR BASKETBOL,BUR,B. Childress,0,,,,,,ST,,BURSASPOR BASKETBOL B. CHILDRESS steal,,,,,,,,,0,129,2.0,,0,45,0,42
06:01,06:01:00,45,42,3,1,3,REGULAR,135,A. KONONTSUK,0,3pt,428,,['fromturnover'],jumpshot,1,34,Artur,Konontsuk,Artur,Konontsuk,A,K,A,K,A. Konontsuk,BURSASPOR BASKETBOL,BUR,A. Konontsuk,34,,,92.230003356934,4.6300001144409,0.0,P3,missed,BURSASPOR BASKETBOL A. KONONTSUK 3Pt missed,,,,,,,,,0,129,2.0,def_reb,0,45,0,42
05:59,05:59:00,45,42,3,2,3,REGULAR,34,K. ZEMAITIS,1,rebound,429,428,[],defensive,0,13,Kristupas,Zemaitis,Kristupas,Zemaitis,K,Z,K,Z,K. Zemaitis,GLINT MANISA BASKET,MNS,K. Zemaitis,13,,,,,,REB,,GLINT MANISA BASKET rebound defensive,,,,,,,,,0,130,1.0,def_reb,0,45,0,42
05:40,05:40:00,45,44,1,2,3,REGULAR,28,J. JOHNSON,1,2pt,430,,['pointsinthepaint'],layup,1,34,Jayce Ryback,Johnson,Jayce Ryback,Johnson,J,J,J,J,J. Johnson,GLINT MANISA BASKET,MNS,J. Johnson,34,,,9.5500001907349,56.610000610352,1.0,P2,made,GLINT MANISA BASKET J. JOHNSON 2Pt made,,,,,,,,,2,131,2.0,score,0,45,2,44
05:27,05:27:00,45,44,1,1,3,REGULAR,101,H. KÖKSAL,0,3pt,431,,['blocked'],jumpshot,1,7,Hüseyin Göksenin,Köksal,Hüseyin Göksenin,Köksal,H,K,H,K,H. Köksal,BURSASPOR BASKETBOL,BUR,H. Köksal,7,,,78.809997558594,88.25,0.0,P3,missed,BURSASPOR BASKETBOL H. KÖKSAL 3Pt missed,,,,32.0,2.0,J. SCRUBB,,,0,132,1.0,,0,45,0,44
05:27,05:27:00,45,44,1,2,3,REGULAR,32,J. SCRUBB,1,block,432,431,[],,0,1,Jayden Amari,Scrubb,Jayden Amari,Scrubb,J,S,J,S,J. Scrubb,GLINT MANISA BASKET,MNS,J. Scrubb,1,,,,,,BS,,GLINT MANISA BASKET J. SCRUBB block,,,,,,,,,0,132,1.0,,0,45,0,44
05:22,05:22:00,45,44,1,2,3,REGULAR,24,Y. ONAN,1,rebound,433,431,[],defensive,0,7,Yigit,Onan,Yigit,Onan,Y,O,Y,O,Y. Onan,GLINT MANISA BASKET,MNS,Y. Onan,7,,,,,,REB,,GLINT MANISA BASKET rebound defensive,,,,,,,,,0,132,1.0,def_reb,0,45,0,44
05:05,05:05:00,45,44,1,2,3,REGULAR,24,Y. ONAN,0,3pt,436,,[],jumpshot,1,7,Yigit,Onan,Yigit,Onan,Y,O,Y,O,Y. Onan,GLINT MANISA BASKET,MNS,Y. Onan,7,,,31.860000610352,48.139999389648,0.0,P3,missed,GLINT MANISA BASKET Y. ONAN 3Pt missed,,,,,,,,,0,133,2.0,def_reb,0,45,0,44
05:03,05:03:00,45,44,1,1,3,REGULAR,135,A. KONONTSUK,1,rebound,437,436,[],defensive,0,34,Artur,Konontsuk,Artur,Konontsuk,A,K,A,K,A. Konontsuk,BURSASPOR BASKETBOL,BUR,A. Konontsuk,34,,,,,,REB,,BURSASPOR BASKETBOL rebound defensive,,,,,,,,,0,134,1.0,def_reb,0,45,0,44
04:58,04:58:00,47,44,3,1,3,REGULAR,144,M. PARSONS,1,2pt,438,,"['pointsinthepaint', 'fastbreak']",layup,1,5,Malik Disjohn,Parsons,Malik Disjohn,Parsons,M,P,M,P,M. Parsons,BURSASPOR BASKETBOL,BUR,M. Parsons,5,,,92.540000915527,63.110000610352,1.0,P2,made,BURSASPOR BASKETBOL M. PARSONS 2Pt made,133.0,1.0,B. CHILDRESS,,,,,,2,135,2.0,score,2,47,0,44
04:58,04:58:00,47,44,3,1,3,REGULAR,133,B. CHILDRESS,1,assist,439,438,[],,0,0,Brandon Reginald,Childress,Brandon Reginald,Childress,B,C,B,C,B. Childress,BURSASPOR BASKETBOL,BUR,B. Childress,0,,,,,,ASS,,BURSASPOR BASKETBOL B. CHILDRESS assist,,,,,,,,,0,136,1.0,,0,47,0,44
04:37,04:37:00,47,44,3,2,3,REGULAR,28,J. JOHNSON,0,2pt,440,,['pointsinthepaint'],jumpshot,1,34,Jayce Ryback,Johnson,Jayce Ryback,Johnson,J,J,J,J,J. Johnson,GLINT MANISA BASKET,MNS,J. Johnson,34,,,9.8599996566772,37.680000305176,0.0,P2,missed,GLINT MANISA BASKET J. JOHNSON 2Pt missed,,,,,,,,,0,136,1.0,,0,47,0,44
04:30,04:30:00,47,44,3,2,3,REGULAR,33,J. MINTZ,1,rebound,441,440,[],offensive,0,10,Judah Jah Leone,Mintz,Judah Jah Leone,Mintz,J,M,J,M,J. Mintz,GLINT MANISA BASKET,MNS,J. Mintz,10,,,,,,REB,,GLINT MANISA BASKET rebound offensive,,,,,,,,,0,136,1.0,,0,47,0,44
04:29,04:29:00,47,44,3,2,3,REGULAR,33,J. MINTZ,1,turnover,443,,[],badpass,0,10,Judah Jah Leone,Mintz,Judah Jah Leone,Mintz,J,M,J,M,J. Mintz,GLINT MANISA BASKET,MNS,J. Mintz,10,,,,,,TO,,GLINT MANISA BASKET J. MINTZ turnover badpass,,,,,,,,,0,136,1.0,turnover,0,47,0,44
04:29,04:29:00,47,44,3,1,3,REGULAR,101,H. KÖKSAL,1,steal,444,443,[],,0,7,Hüseyin Göksenin,Köksal,Hüseyin Göksenin,Köksal,H,K,H,K,H. Köksal,BURSASPOR BASKETBOL,BUR,H. Köksal,7,,,,,,ST,,BURSASPOR BASKETBOL H. KÖKSAL steal,,,,,,,,,0,137,2.0,,0,47,0,44
04:29,04:29:00,47,44,3,2,3,REGULAR,32,J. SCRUBB,1,foul,445,,[],personal,0,1,Jayden Amari,Scrubb,Jayden Amari,Scrubb,J,S,J,S,J. Scrubb,GLINT MANISA BASKET,MNS,J. Scrubb,1,,,,,,FOUL,,GLINT MANISA BASKET J. SCRUBB foul personal,,,,,,,,,0,137,2.0,,0,47,0,44
04:29,04:29:00,47,44,3,1,3,REGULAR,133,B. CHILDRESS,1,foulon,446,445,[],,0,0,Brandon Reginald,Childress,Brandon Reginald,Childress,B,C,B,C,B. Childress,BURSASPOR BASKETBOL,BUR,B. Childress,0,,,,,,OTHER,,BURSASPOR BASKETBOL foulon,,,,,,,,,0,137,2.0,,0,47,0,44
04:29,04:29:00,47,44,3,2,3,REGULAR,33,J. MINTZ,1,substitution,447,,[],out,0,10,Judah Jah Leone,Mintz,Judah Jah Leone,Mintz,J,M,J,M,J. Mintz,GLINT MANISA BASKET,MNS,J. Mintz,10,,,,,,SUB,out,GLINT MANISA BASKET substitution out,,,,,,,,,0,137,2.0,,0,47,0,44
04:29,04:29:00,47,44,3,2,3,REGULAR,31,D. SMITH,1,substitution,448,,[],in,0,2,Dayshon Hassan,Smith,Dayshon Hassan,Smith,D,S,D,S,D. Smith,GLINT MANISA BASKET,MNS,D. Smith,2,,,,,,SUB,in,GLINT MANISA BASKET substitution in,,,,,,,,,0,137,2.0,,0,47,0,44
04:29,04:29:00,47,44,3,1,3,REGULAR,144,M. PARSONS,1,substitution,449,,[],out,0,5,Malik Disjohn,Parsons,Malik Disjohn,Parsons,M,P,M,P,M. Parsons,BURSASPOR BASKETBOL,BUR,M. Parsons,5,,,,,,SUB,out,BURSASPOR BASKETBOL substitution out,,,,,,,,,0,137,2.0,,0,47,0,44
04:29,04:29:00,47,44,3,1,3,REGULAR,101,H. KÖKSAL,1,substitution,450,,[],out,0,7,Hüseyin Göksenin,Köksal,Hüseyin Göksenin,Köksal,H,K,H,K,H. Köksal,BURSASPOR BASKETBOL,BUR,H. Köksal,7,,,,,,SUB,out,BURSASPOR BASKETBOL substitution out,,,,,,,,,0,137,2.0,,0,47,0,44
04:29,04:29:00,47,44,3,1,3,REGULAR,102,B. AKIN,1,substitution,451,,[],in,0,11,Berk Can,Akin,Berk Can,Akin,B,A,B,A,B. Akin,BURSASPOR BASKETBOL,BUR,B. Akin,11,,,,,,SUB,in,BURSASPOR BASKETBOL substitution in,,,,,,,,,0,137,2.0,,0,47,0,44
04:29,04:29:00,47,44,3,1,3,REGULAR,134,V. KING,1,substitution,452,,[],in,0,22,Vincent Earl,King,Vincent Earl,King,V,K,V,K,V. King,BURSASPOR BASKETBOL,BUR,V. King,22,,,,,,SUB,in,BURSASPOR BASKETBOL substitution in,,,,,,,,,0,137,2.0,,0,47,0,44
04:19,04:19:00,50,44,6,1,3,REGULAR,102,B. AKIN,1,3pt,454,,['fromturnover'],jumpshot,1,11,Berk Can,Akin,Berk Can,Akin,B,A,B,A,B. Akin,BURSASPOR BASKETBOL,BUR,B. Akin,11,,,85.519996643066,95.029998779297,1.0,P3,made,BURSASPOR BASKETBOL B. AKIN 3Pt made,127.0,1.0,L. NNOKO,,,,,,3,137,2.0,score,3,50,0,44
04:19,04:19:00,50,44,6,1,3,REGULAR,127,L. NNOKO,1,assist,455,454,[],,0,35,Landry,Nnoko,Landry,Nnoko,L,N,L,N,L. Nnoko,BURSASPOR BASKETBOL,BUR,L. Nnoko,35,,,,,,ASS,,BURSASPOR BASKETBOL L. NNOKO assist,,,,,,,,,0,138,1.0,,0,50,0,44
04:02,04:02:00,50,44,6,2,3,REGULAR,34,K. ZEMAITIS,0,3pt,456,,[],jumpshot,1,13,Kristupas,Zemaitis,Kristupas,Zemaitis,K,Z,K,Z,K. Zemaitis,GLINT MANISA BASKET,MNS,K. Zemaitis,13,,,29.520000457764,78.080001831055,0.0,P3,missed,GLINT MANISA BASKET K. ZEMAITIS 3Pt missed,,,,,,,,,0,138,1.0,,0,50,0,44
04:00,04:00:00,50,44,6,2,3,REGULAR,28,J. JOHNSON,1,rebound,457,456,[],offensive,0,34,Jayce Ryback,Johnson,Jayce Ryback,Johnson,J,J,J,J,J. Johnson,GLINT MANISA BASKET,MNS,J. Johnson,34,,,,,,REB,,GLINT MANISA BASKET rebound offensive,,,,,,,,,0,138,1.0,,0,50,0,44
03:56,03:56:00,50,44,6,2,3,REGULAR,31,D. SMITH,0,3pt,458,,['2ndchance'],jumpshot,1,2,Dayshon Hassan,Smith,Dayshon Hassan,Smith,D,S,D,S,D. Smith,GLINT MANISA BASKET,MNS,D. Smith,2,,,34.509998321533,59.720001220703,0.0,P3,missed,GLINT MANISA BASKET D. SMITH 3Pt missed,,,,,,,,,0,138,1.0,def_reb,0,50,0,44
03:54,03:54:00,50,44,6,1,3,REGULAR,134,V. KING,1,rebound,459,458,[],defensive,0,22,Vincent Earl,King,Vincent Earl,King,V,K,V,K,V. King,BURSASPOR BASKETBOL,BUR,V. King,22,,,,,,REB,,BURSASPOR BASKETBOL rebound defensive,,,,,,,,,0,139,2.0,def_reb,0,50,0,44
03:45,03:45:00,50,44,6,1,3,REGULAR,127,L. NNOKO,0,2pt,460,,['pointsinthepaint'],layup,1,35,Landry,Nnoko,Landry,Nnoko,L,N,L,N,L. Nnoko,BURSASPOR BASKETBOL,BUR,L. Nnoko,35,,,93.319999694824,43.900001525879,0.0,P2,missed,BURSASPOR BASKETBOL L. NNOKO 2Pt missed,,,,,,,,,0,140,1.0,,0,50,0,44
03:42,03:42:00,50,44,6,1,3,REGULAR,127,L. NNOKO,1,rebound,461,460,[],offensive,0,35,Landry,Nnoko,Landry,Nnoko,L,N,L,N,L. Nnoko,BURSASPOR BASKETBOL,BUR,L. Nnoko,35,,,,,,REB,,BURSASPOR BASKETBOL rebound offensive,,,,,,,,,0,140,1.0,,0,50,0,44
03:42,03:42:00,50,44,6,1,3,REGULAR,127,L. NNOKO,0,2pt,462,,"['2ndchance', 'pointsinthepaint']",tipinlayup,1,35,Landry,Nnoko,Landry,Nnoko,L,N,L,N,L. Nnoko,BURSASPOR BASKETBOL,BUR,L. Nnoko,35,,,94.0,50.0,0.0,P2,missed,BURSASPOR BASKETBOL L. NNOKO 2Pt missed,,,,,,,,,0,140,1.0,,0,50,0,44
03:41,03:41:00,50,44,6,1,3,REGULAR,127,L. NNOKO,1,rebound,463,462,[],offensive,0,35,Landry,Nnoko,Landry,Nnoko,L,N,L,N,L. Nnoko,BURSASPOR BASKETBOL,BUR,L. Nnoko,35,,,,,,REB,,BURSASPOR BASKETBOL rebound offensive,,,,,,,,,0,140,1.0,,0,50,0,44
03:41,03:41:00,50,44,6,1,3,REGULAR,127,L. NNOKO,0,2pt,464,,"['2ndchance', 'pointsinthepaint']",tipinlayup,1,35,Landry,Nnoko,Landry,Nnoko,L,N,L,N,L. Nnoko,BURSASPOR BASKETBOL,BUR,L. Nnoko,35,,,94.0,50.0,0.0,P2,missed,BURSASPOR BASKETBOL L. NNOKO 2Pt missed,,,,,,,,,0,140,1.0,,0,50,0,44
03:40,03:40:00,50,44,6,1,3,REGULAR,134,V. KING,1,rebound,465,464,[],offensive,0,22,Vincent Earl,King,Vincent Earl,King,V,K,V,K,V. King,BURSASPOR BASKETBOL,BUR,V. King,22,,,,,,REB,,BURSASPOR BASKETBOL rebound offensive,,,,,,,,,0,140,1.0,,0,50,0,44
03:40,03:40:00,50,44,6,1,3,REGULAR,134,V. KING,0,2pt,466,,"['2ndchance', 'pointsinthepaint']",layup,1,22,Vincent Earl,King,Vincent Earl,King,V,K,V,K,V. King,BURSASPOR BASKETBOL,BUR,V. King,22,,,92.540000915527,41.069999694824,0.0,P2,missed,BURSASPOR BASKETBOL V. KING 2Pt missed,,,,,,,,,0,140,1.0,def_reb,0,50,0,44
03:37,03:37:00,50,44,6,2,3,REGULAR,28,J. JOHNSON,1,rebound,467,466,[],defensive,0,34,Jayce Ryback,Johnson,Jayce Ryback,Johnson,J,J,J,J,J. Johnson,GLINT MANISA BASKET,MNS,J. Johnson,34,,,,,,REB,,GLINT MANISA BASKET rebound defensive,,,,,,,,,0,141,2.0,def_reb,0,50,0,44
03:18,03:18:00,50,44,6,2,3,REGULAR,34,K. ZEMAITIS,0,3pt,474,,[],jumpshot,1,13,Kristupas,Zemaitis,Kristupas,Zemaitis,K,Z,K,Z,K. Zemaitis,GLINT MANISA BASKET,MNS,K. Zemaitis,13,,,35.130001068115,65.930000305176,0.0,P3,missed,GLINT MANISA BASKET K. ZEMAITIS 3Pt missed,,,,,,,,,0,142,1.0,def_reb,0,50,0,44
03:16,03:16:00,50,44,6,1,3,REGULAR,127,L. NNOKO,1,rebound,475,474,[],defensive,0,35,Landry,Nnoko,Landry,Nnoko,L,N,L,N,L. Nnoko,BURSASPOR BASKETBOL,BUR,L. Nnoko,35,,,,,,REB,,BURSASPOR BASKETBOL rebound defensive,,,,,,,,,0,143,2.0,def_reb,0,50,0,44
03:00,03:00:00,50,44,6,2,3,REGULAR,24,Y. ONAN,1,foul,477,,[],personal,0,7,Yigit,Onan,Yigit,Onan,Y,O,Y,O,Y. Onan,GLINT MANISA BASKET,MNS,Y. Onan,7,,,,,,FOUL,,GLINT MANISA BASKET Y. ONAN foul personal,,,,,,,,,0,144,1.0,,0,50,0,44
03:00,03:00:00,50,44,6,1,3,REGULAR,133,B. CHILDRESS,1,foulon,478,477,[],,0,0,Brandon Reginald,Childress,Brandon Reginald,Childress,B,C,B,C,B. Childress,BURSASPOR BASKETBOL,BUR,B. Childress,0,,,,,,OTHER,,BURSASPOR BASKETBOL foulon,,,,,,,,,0,144,1.0,,0,50,0,44
03:00,03:00:00,50,44,6,2,3,REGULAR,28,J. JOHNSON,1,substitution,479,,[],out,0,34,Jayce Ryback,Johnson,Jayce Ryback,Johnson,J,J,J,J,J. Johnson,GLINT MANISA BASKET,MNS,J. Johnson,34,,,,,,SUB,out,GLINT MANISA BASKET substitution out,,,,,,,,,0,144,1.0,,0,50,0,44
03:00,03:00:00,50,44,6,2,3,REGULAR,27,M. YERKAZANOGLU,1,substitution,480,,[],in,0,12,Mustafa Faruk,Yerkazanoglu,Mustafa Faruk,Yerkazanoglu,M,Y,M,Y,M. Yerkazanoglu,GLINT MANISA BASKET,MNS,M. Yerkazanoglu,12,,,,,,SUB,in,GLINT MANISA BASKET substitution in,,,,,,,,,0,144,1.0,,0,50,0,44
03:00,03:00:00,50,44,6,1,3,REGULAR,127,L. NNOKO,1,substitution,481,,[],out,0,35,Landry,Nnoko,Landry,Nnoko,L,N,L,N,L. Nnoko,BURSASPOR BASKETBOL,BUR,L. Nnoko,35,,,,,,SUB,out,BURSASPOR BASKETBOL substitution out,,,,,,,,,0,144,1.0,,0,50,0,44
03:00,03:00:00,50,44,6,1,3,REGULAR,136,J. DELAURIER,1,substitution,482,,[],in,0,12,Javin Que,Delaurier,Javin Que,Delaurier,J,D,J,D,J. Delaurier,BURSASPOR BASKETBOL,BUR,J. Delaurier,12,,,,,,SUB,in,BURSASPOR BASKETBOL substitution in,,,,,,,,,0,144,1.0,,0,50,0,44
03:00,03:00:00,50,44,6,1,3,REGULAR,135,A. KONONTSUK,1,substitution,483,,[],out,0,34,Artur,Konontsuk,Artur,Konontsuk,A,K,A,K,A. Konontsuk,BURSASPOR BASKETBOL,BUR,A. Konontsuk,34,,,,,,SUB,out,BURSASPOR BASKETBOL substitution out,,,,,,,,,0,144,1.0,,0,50,0,44
03:00,03:00:00,50,44,6,1,3,REGULAR,129,B. CRAWFORD,1,substitution,484,,[],in,0,13,Bryant Dejuan,Crawford,Bryant Dejuan,Crawford,B,C,B,C,B. Crawford,BURSASPOR BASKETBOL,BUR,B. Crawford,13,,,,,,SUB,in,BURSASPOR BASKETBOL substitution in,,,,,,,,,0,144,1.0,,0,50,0,44
02:50,02:50:00,50,44,6,1,3,REGULAR,129,B. CRAWFORD,1,turnover,486,,[],badpass,0,13,Bryant Dejuan,Crawford,Bryant Dejuan,Crawford,B,C,B,C,B. Crawford,BURSASPOR BASKETBOL,BUR,B. Crawford,13,,,,,,TO,,BURSASPOR BASKETBOL B. CRAWFORD turnover badpass,,,,,,,,,0,144,1.0,turnover,0,50,0,44
02:50,02:50:00,50,44,6,2,3,REGULAR,31,D. SMITH,1,steal,487,486,[],,0,2,Dayshon Hassan,Smith,Dayshon Hassan,Smith,D,S,D,S,D. Smith,GLINT MANISA BASKET,MNS,D. Smith,2,,,,,,ST,,GLINT MANISA BASKET D. SMITH steal,,,,,,,,,0,145,2.0,,0,50,0,44
02:47,02:47:00,50,44,6,1,3,REGULAR,134,V. KING,1,foul,489,,[],personal,0,22,Vincent Earl,King,Vincent Earl,King,V,K,V,K,V. King,BURSASPOR BASKETBOL,BUR,V. King,22,,,,,,FOUL,,BURSASPOR BASKETBOL V. KING foul personal,,,,,,,,,0,145,2.0,,0,50,0,44
02:47,02:47:00,50,44,6,2,3,REGULAR,31,D. SMITH,1,foulon,490,489,[],,0,2,Dayshon Hassan,Smith,Dayshon Hassan,Smith,D,S,D,S,D. Smith,GLINT MANISA BASKET,MNS,D. Smith,2,,,,,,OTHER,,GLINT MANISA BASKET foulon,,,,,,,,,0,145,2.0,,0,50,0,44
02:33,02:33:00,50,44,6,2,3,REGULAR,34,K. ZEMAITIS,0,2pt,492,,['fromturnover'],jumpshot,1,13,Kristupas,Zemaitis,Kristupas,Zemaitis,K,Z,K,Z,K. Zemaitis,GLINT MANISA BASKET,MNS,K. Zemaitis,13,,,10.640000343323,27.510000228882,0.0,P2,missed,GLINT MANISA BASKET K. ZEMAITIS 2Pt missed,,,,,,,,,0,145,2.0,def_reb,0,50,0,44
02:31,02:31:00,50,44,6,1,3,REGULAR,136,J. DELAURIER,1,rebound,493,492,[],defensive,0,12,Javin Que,Delaurier,Javin Que,Delaurier,J,D,J,D,J. Delaurier,BURSASPOR BASKETBOL,BUR,J. Delaurier,12,,,,,,REB,,BURSASPOR BASKETBOL rebound defensive,,,,,,,,,0,146,1.0,def_reb,0,50,0,44
02:20,02:20:00,52,44,8,1,3,REGULAR,134,V. KING,1,2pt,494,,['pointsinthepaint'],drivinglayup,1,22,Vincent Earl,King,Vincent Earl,King,V,K,V,K,V. King,BURSASPOR BASKETBOL,BUR,V. King,22,,,94.26000213623,60.560001373291,1.0,P2,made,BURSASPOR BASKETBOL V. KING 2Pt made,,,,,,,,,2,147,2.0,score,2,52,0,44
01:57,01:57:00,52,44,8,2,3,REGULAR,32,J. SCRUBB,1,foul,496,,[],offensive,0,1,Jayden Amari,Scrubb,Jayden Amari,Scrubb,J,S,J,S,J. Scrubb,GLINT MANISA BASKET,MNS,J. Scrubb,1,,,,,,RFOUL,,GLINT MANISA BASKET J. SCRUBB foul offensive,,,,,,,,,0,148,1.0,offensive_foul,0,52,0,44
01:57,01:57:00,52,44,8,2,3,REGULAR,32,J. SCRUBB,1,turnover,497,496,[],offensive,0,1,Jayden Amari,Scrubb,Jayden Amari,Scrubb,J,S,J,S,J. Scrubb,GLINT MANISA BASKET,MNS,J. Scrubb,1,,,,,,TO,,GLINT MANISA BASKET J. SCRUBB turnover offensive,,,,,,,,,0,149,2.0,turnover,0,52,0,44
01:57,01:57:00,52,44,8,1,3,REGULAR,136,J. DELAURIER,1,foulon,498,496,[],,0,12,Javin Que,Delaurier,Javin Que,Delaurier,J,D,J,D,J. Delaurier,BURSASPOR BASKETBOL,BUR,J. Delaurier,12,,,,,,OTHER,,BURSASPOR BASKETBOL foulon,,,,,,,,,0,150,1.0,,0,52,0,44
01:57,01:57:00,52,44,8,2,3,REGULAR,32,J. SCRUBB,1,substitution,499,,[],out,0,1,Jayden Amari,Scrubb,Jayden Amari,Scrubb,J,S,J,S,J. Scrubb,GLINT MANISA BASKET,MNS,J. Scrubb,1,,,,,,SUB,out,GLINT MANISA BASKET substitution out,,,,,,,,,0,150,1.0,,0,52,0,44
01:57,01:57:00,52,44,8,2,3,REGULAR,16,A. ÇAMOGLU,1,substitution,500,,[],in,0,21,Altan,Çamoglu,Altan,Çamoglu,A,Ç,A,Ç,A. Çamoglu,GLINT MANISA BASKET,MNS,A. Çamoglu,21,,,,,,SUB,in,GLINT MANISA BASKET substitution in,,,,,,,,,0,150,1.0,,0,52,0,44
01:43,01:43:00,52,44,8,2,3,REGULAR,16,A. ÇAMOGLU,1,foul,503,,"['shooting', '2freethrow']",personal,0,21,Altan,Çamoglu,Altan,Çamoglu,A,Ç,A,Ç,A. Çamoglu,GLINT MANISA BASKET,MNS,A. Çamoglu,21,,,,,,FOUL,,GLINT MANISA BASKET A. ÇAMOGLU foul personal,,,,,,,,,0,150,1.0,,0,52,0,44
01:43,01:43:00,52,44,8,1,3,REGULAR,136,J. DELAURIER,1,foulon,504,503,[],,0,12,Javin Que,Delaurier,Javin Que,Delaurier,J,D,J,D,J. Delaurier,BURSASPOR BASKETBOL,BUR,J. Delaurier,12,,,,,,OTHER,,BURSASPOR BASKETBOL foulon,,,,,,,,,0,150,1.0,,0,52,0,44
01:43,01:43:00,53,44,9,1,3,REGULAR,136,J. DELAURIER,1,freethrow,505,,['fromturnover'],1of2,1,12,Javin Que,Delaurier,Javin Que,Delaurier,J,D,J,D,J. Delaurier,BURSASPOR BASKETBOL,BUR,J. Delaurier,12,,,,,,FT,made,BURSASPOR BASKETBOL J. DELAURIER FT 1of2 made,,,,,,,,,1,150,1.0,made_ft,1,53,0,44
01:43,01:43:00,53,44,9,1,3,REGULAR,129,B. CRAWFORD,1,assist,506,505,[],,0,13,Bryant Dejuan,Crawford,Bryant Dejuan,Crawford,B,C,B,C,B. Crawford,BURSASPOR BASKETBOL,BUR,B. Crawford,13,,,,,,ASS,,BURSASPOR BASKETBOL B. CRAWFORD assist,,,,,,,,,0,151,2.0,,0,53,0,44
01:43,01:43:00,54,44,10,1,3,REGULAR,136,J. DELAURIER,1,freethrow,507,,['fromturnover'],2of2,1,12,Javin Que,Delaurier,Javin Que,Delaurier,J,D,J,D,J. Delaurier,BURSASPOR BASKETBOL,BUR,J. Delaurier,12,,,,,,FT,made,BURSASPOR BASKETBOL J. DELAURIER FT 2of2 made,,,,,,,,,1,151,2.0,made_ft_last,1,54,0,44
01:19,01:19:00,54,47,7,2,3,REGULAR,34,K. ZEMAITIS,1,3pt,513,,[],jumpshot,1,13,Kristupas,Zemaitis,Kristupas,Zemaitis,K,Z,K,Z,K. Zemaitis,GLINT MANISA BASKET,MNS,K. Zemaitis,13,,,22.180000305176,90.51000213623,1.0,P3,made,GLINT MANISA BASKET K. ZEMAITIS 3Pt made,31.0,2.0,D. SMITH,,,,,,3,152,1.0,score,0,54,3,47
01:19,01:19:00,54,47,7,2,3,REGULAR,31,D. SMITH,1,assist,514,513,[],,0,2,Dayshon Hassan,Smith,Dayshon Hassan,Smith,D,S,D,S,D. Smith,GLINT MANISA BASKET,MNS,D. Smith,2,,,,,,ASS,,GLINT MANISA BASKET D. SMITH assist,,,,,,,,,0,153,2.0,,0,54,0,47
01:10,01:10:00,57,47,10,1,3,REGULAR,133,B. CHILDRESS,1,3pt,515,,[],jumpshot,1,0,Brandon Reginald,Childress,Brandon Reginald,Childress,B,C,B,C,B. Childress,BURSASPOR BASKETBOL,BUR,B. Childress,0,,,76.160003662109,14.800000190735,1.0,P3,made,BURSASPOR BASKETBOL B. CHILDRESS 3Pt made,129.0,1.0,B. CRAWFORD,,,,,,3,153,2.0,score,3,57,0,47
01:10,01:10:00,57,47,10,1,3,REGULAR,129,B. CRAWFORD,1,assist,516,515,[],,0,13,Bryant Dejuan,Crawford,Bryant Dejuan,Crawford,B,C,B,C,B. Crawford,BURSASPOR BASKETBOL,BUR,B. Crawford,13,,,,,,ASS,,BURSASPOR BASKETBOL B. CRAWFORD assist,,,,,,,,,0,154,1.0,,0,57,0,47
00:57,00:57:70,57,47,10,2,3,REGULAR,34,K. ZEMAITIS,1,foul,518,,[],offensive,0,13,Kristupas,Zemaitis,Kristupas,Zemaitis,K,Z,K,Z,K. Zemaitis,GLINT MANISA BASKET,MNS,K. Zemaitis,13,,,,,,RFOUL,,GLINT MANISA BASKET K. ZEMAITIS foul offensive,,,,,,,,,0,154,1.0,offensive_foul,0,57,0,47
00:57,00:57:70,57,47,10,2,3,REGULAR,34,K. ZEMAITIS,1,turnover,519,518,[],offensive,0,13,Kristupas,Zemaitis,Kristupas,Zemaitis,K,Z,K,Z,K. Zemaitis,GLINT MANISA BASKET,MNS,K. Zemaitis,13,,,,,,TO,,GLINT MANISA BASKET K. ZEMAITIS turnover offensive,,,,,,,,,0,155,2.0,turnover,0,57,0,47
00:57,00:57:70,57,47,10,1,3,REGULAR,129,B. CRAWFORD,1,foulon,520,518,[],,0,13,Bryant Dejuan,Crawford,Bryant Dejuan,Crawford,B,C,B,C,B. Crawford,BURSASPOR BASKETBOL,BUR,B. Crawford,13,,,,,,OTHER,,BURSASPOR BASKETBOL foulon,,,,,,,,,0,156,1.0,,0,57,0,47
00:57,00:57:70,57,47,10,2,3,REGULAR,24,Y. ONAN,1,substitution,521,,[],out,0,7,Yigit,Onan,Yigit,Onan,Y,O,Y,O,Y. Onan,GLINT MANISA BASKET,MNS,Y. Onan,7,,,,,,SUB,out,GLINT MANISA BASKET substitution out,,,,,,,,,0,156,1.0,,0,57,0,47
00:57,00:57:70,57,47,10,2,3,REGULAR,22,B. ÇAL,1,substitution,522,,[],in,0,11,Bugra,Çal,Bugra,Çal,B,Ç,B,Ç,B. Çal,GLINT MANISA BASKET,MNS,B. Çal,11,,,,,,SUB,in,GLINT MANISA BASKET substitution in,,,,,,,,,0,156,1.0,,0,57,0,47
00:41,00:41:40,59,47,12,1,3,REGULAR,129,B. CRAWFORD,1,2pt,524,,['fromturnover'],pullupjumpshot,1,13,Bryant Dejuan,Crawford,Bryant Dejuan,Crawford,B,C,B,C,B. Crawford,BURSASPOR BASKETBOL,BUR,B. Crawford,13,,,77.720001220703,38.529998779297,1.0,P2,made,BURSASPOR BASKETBOL B. CRAWFORD 2Pt made,,,,,,,,,2,156,1.0,score,2,59,0,47
00:31,00:31:80,59,47,12,1,3,REGULAR,102,B. AKIN,1,foul,526,,[],personal,0,11,Berk Can,Akin,Berk Can,Akin,B,A,B,A,B. Akin,BURSASPOR BASKETBOL,BUR,B. Akin,11,,,,,,FOUL,,BURSASPOR BASKETBOL B. AKIN foul personal,,,,,,,,,0,157,2.0,,0,59,0,47
00:31,00:31:80,59,47,12,2,3,REGULAR,31,D. SMITH,1,foulon,527,526,[],,0,2,Dayshon Hassan,Smith,Dayshon Hassan,Smith,D,S,D,S,D. Smith,GLINT MANISA BASKET,MNS,D. Smith,2,,,,,,OTHER,,GLINT MANISA BASKET foulon,,,,,,,,,0,157,2.0,,0,59,0,47
00:31,00:31:80,59,47,12,1,3,REGULAR,102,B. AKIN,1,substitution,528,,[],out,0,11,Berk Can,Akin,Berk Can,Akin,B,A,B,A,B. Akin,BURSASPOR BASKETBOL,BUR,B. Akin,11,,,,,,SUB,out,BURSASPOR BASKETBOL substitution out,,,,,,,,,0,157,2.0,,0,59,0,47
00:31,00:31:80,59,47,12,1,3,REGULAR,101,H. KÖKSAL,1,substitution,529,,[],in,0,7,Hüseyin Göksenin,Köksal,Hüseyin Göksenin,Köksal,H,K,H,K,H. Köksal,BURSASPOR BASKETBOL,BUR,H. Köksal,7,,,,,,SUB,in,BURSASPOR BASKETBOL substitution in,,,,,,,,,0,157,2.0,,0,59,0,47
00:24,00:24:40,59,47,12,2,3,REGULAR,31,D. SMITH,0,3pt,531,,[],jumpshot,1,2,Dayshon Hassan,Smith,Dayshon Hassan,Smith,D,S,D,S,D. Smith,GLINT MANISA BASKET,MNS,D. Smith,2,,,29.049999237061,24.690000534058,0.0,P3,missed,GLINT MANISA BASKET D. SMITH 3Pt missed,,,,,,,,,0,157,2.0,def_reb,0,59,0,47
00:21,00:21:00,59,47,12,1,3,REGULAR,134,V. KING,1,rebound,532,531,[],defensive,0,22,Vincent Earl,King,Vincent Earl,King,V,K,V,K,V. King,BURSASPOR BASKETBOL,BUR,V. King,22,,,,,,REB,,BURSASPOR BASKETBOL rebound defensive,,,,,,,,,0,158,1.0,def_reb,0,59,0,47
00:03,00:03:50,62,47,15,1,3,REGULAR,133,B. CHILDRESS,1,3pt,534,,[],jumpshot,1,0,Brandon Reginald,Childress,Brandon Reginald,Childress,B,C,B,C,B. Childress,BURSASPOR BASKETBOL,BUR,B. Childress,0,,,71.949996948242,80.059997558594,1.0,P3,made,BURSASPOR BASKETBOL B. CHILDRESS 3Pt made,,,,,,,,,3,159,2.0,score,3,62,0,47
00:00,00:00:00,62,47,15,0,3,REGULAR,0,,1,period,537,,['confirmed'],end,0,,,,,,,,,,,,,,,,,,,,OTHER,,period end,,,,,,,,,0,160,1.0,,0,62,0,47
10:00,10:00:00,62,47,15,2,4,REGULAR,27,M. YERKAZANOGLU,1,substitution,538,,[],out,0,12,Mustafa Faruk,Yerkazanoglu,Mustafa Faruk,Yerkazanoglu,M,Y,M,Y,M. Yerkazanoglu,GLINT MANISA BASKET,MNS,M. Yerkazanoglu,12,,,,,,SUB,out,GLINT MANISA BASKET substitution out,,,,,,,,,0,160,1.0,,0,62,0,47
10:00,10:00:00,62,47,15,2,4,REGULAR,34,K. ZEMAITIS,1,substitution,539,,[],out,0,13,Kristupas,Zemaitis,Kristupas,Zemaitis,K,Z,K,Z,K. Zemaitis,GLINT MANISA BASKET,MNS,K. Zemaitis,13,,,,,,SUB,out,GLINT MANISA BASKET substitution out,,,,,,,,,0,160,1.0,,0,62,0,47
10:00,10:00:00,62,47,15,2,4,REGULAR,33,J. MINTZ,1,substitution,540,,[],in,0,10,Judah Jah Leone,Mintz,Judah Jah Leone,Mintz,J,M,J,M,J. Mintz,GLINT MANISA BASKET,MNS,J. Mintz,10,,,,,,SUB,in,GLINT MANISA BASKET substitution in,,,,,,,,,0,160,1.0,,0,62,0,47
10:00,10:00:00,62,47,15,2,4,REGULAR,28,J. JOHNSON,1,substitution,541,,[],in,0,34,Jayce Ryback,Johnson,Jayce Ryback,Johnson,J,J,J,J,J. Johnson,GLINT MANISA BASKET,MNS,J. Johnson,34,,,,,,SUB,in,GLINT MANISA BASKET substitution in,,,,,,,,,0,160,1.0,,0,62,0,47
10:00,10:00:00,62,47,15,0,4,REGULAR,0,,1,period,542,,[],start,0,,,,,,,,,,,,,,,,,,,,OTHER,,period start,,,,,,,,,0,160,1.0,,0,62,0,47
09:46,09:46:00,62,47,15,1,4,REGULAR,134,V. KING,0,2pt,544,,['pointsinthepaint'],layup,1,22,Vincent Earl,King,Vincent Earl,King,V,K,V,K,V. King,BURSASPOR BASKETBOL,BUR,V. King,22,,,90.199996948242,61.409999847412,0.0,P2,missed,BURSASPOR BASKETBOL V. KING 2Pt missed,,,,,,,,,0,160,1.0,def_reb,0,62,0,47
09:40,09:40:00,62,47,15,2,4,REGULAR,22,B. ÇAL,1,rebound,545,544,[],defensive,0,11,Bugra,Çal,Bugra,Çal,B,Ç,B,Ç,B. Çal,GLINT MANISA BASKET,MNS,B. Çal,11,,,,,,REB,,GLINT MANISA BASKET rebound defensive,,,,,,,,,0,161,2.0,def_reb,0,62,0,47
09:40,09:40:00,62,47,15,1,4,REGULAR,129,B. CRAWFORD,1,foul,547,,[],personal,0,13,Bryant Dejuan,Crawford,Bryant Dejuan,Crawford,B,C,B,C,B. Crawford,BURSASPOR BASKETBOL,BUR,B. Crawford,13,,,,,,FOUL,,BURSASPOR BASKETBOL B. CRAWFORD foul personal,,,,,,,,,0,162,1.0,,0,62,0,47
09:40,09:40:00,62,47,15,2,4,REGULAR,31,D. SMITH,1,foulon,548,547,[],,0,2,Dayshon Hassan,Smith,Dayshon Hassan,Smith,D,S,D,S,D. Smith,GLINT MANISA BASKET,MNS,D. Smith,2,,,,,,OTHER,,GLINT MANISA BASKET foulon,,,,,,,,,0,162,1.0,,0,62,0,47
09:19,09:19:00,62,47,15,2,4,REGULAR,28,J. JOHNSON,0,2pt,550,,"['pointsinthepaint', 'blocked']",layup,1,34,Jayce Ryback,Johnson,Jayce Ryback,Johnson,J,J,J,J,J. Johnson,GLINT MANISA BASKET,MNS,J. Johnson,34,,,9.2399997711182,59.439998626709,0.0,P2,missed,GLINT MANISA BASKET J. JOHNSON 2Pt missed,,,,136.0,1.0,J. DELAURIER,,,0,162,1.0,,0,62,0,47
09:19,09:19:00,62,47,15,1,4,REGULAR,136,J. DELAURIER,1,block,551,550,[],,0,12,Javin Que,Delaurier,Javin Que,Delaurier,J,D,J,D,J. Delaurier,BURSASPOR BASKETBOL,BUR,J. Delaurier,12,,,,,,BS,,BURSASPOR BASKETBOL J. DELAURIER block,,,,,,,,,0,162,1.0,,0,62,0,47
09:15,09:15:00,62,47,15,1,4,REGULAR,134,V. KING,1,rebound,552,550,[],defensive,0,22,Vincent Earl,King,Vincent Earl,King,V,K,V,K,V. King,BURSASPOR BASKETBOL,BUR,V. King,22,,,,,,REB,,BURSASPOR BASKETBOL rebound defensive,,,,,,,,,0,162,1.0,def_reb,0,62,0,47
09:14,09:14:00,65,47,18,1,4,REGULAR,129,B. CRAWFORD,1,3pt,553,,['fastbreak'],jumpshot,1,13,Bryant Dejuan,Crawford,Bryant Dejuan,Crawford,B,C,B,C,B. Crawford,BURSASPOR BASKETBOL,BUR,B. Crawford,13,,,77.099998474121,12.539999961853,1.0,P3,made,BURSASPOR BASKETBOL B. CRAWFORD 3Pt made,133.0,1.0,B. CHILDRESS,,,,,,3,163,2.0,score,3,65,0,47
09:14,09:14:00,65,47,18,1,4,REGULAR,133,B. CHILDRESS,1,assist,555,553,[],,0,0,Brandon Reginald,Childress,Brandon Reginald,Childress,B,C,B,C,B. Childress,BURSASPOR BASKETBOL,BUR,B. Childress,0,,,,,,ASS,,BURSASPOR BASKETBOL B. CHILDRESS assist,,,,,,,,,0,164,1.0,,0,65,0,47
09:11,09:11:00,65,47,18,2,4,REGULAR,0,,1,timeout,556,,[],full,0,,,,,,,,,,,GLINT MANISA BASKET,MNS,,,,,,,,TIMEOUT,,GLINT MANISA BASKET timeout,,,,,,,,,0,164,1.0,,0,65,0,47
09:05,09:05:00,65,47,18,1,4,REGULAR,101,H. KÖKSAL,1,foul,559,,[],personal,0,7,Hüseyin Göksenin,Köksal,Hüseyin Göksenin,Köksal,H,K,H,K,H. Köksal,BURSASPOR BASKETBOL,BUR,H. Köksal,7,,,,,,FOUL,,BURSASPOR BASKETBOL H. KÖKSAL foul personal,,,,,,,,,0,164,1.0,,0,65,0,47
09:05,09:05:00,65,47,18,2,4,REGULAR,31,D. SMITH,1,foulon,560,559,[],,0,2,Dayshon Hassan,Smith,Dayshon Hassan,Smith,D,S,D,S,D. Smith,GLINT MANISA BASKET,MNS,D. Smith,2,,,,,,OTHER,,GLINT MANISA BASKET foulon,,,,,,,,,0,164,1.0,,0,65,0,47
08:58,08:58:00,65,49,16,2,4,REGULAR,16,A. ÇAMOGLU,1,2pt,562,,['pointsinthepaint'],floatingjumpshot,1,21,Altan,Çamoglu,Altan,Çamoglu,A,Ç,A,Ç,A. Çamoglu,GLINT MANISA BASKET,MNS,A. Çamoglu,21,,,5.0199999809265,61.130001068115,1.0,P2,made,GLINT MANISA BASKET A. ÇAMOGLU 2Pt made,28.0,2.0,J. JOHNSON,,,,,,2,164,1.0,score,0,65,2,49
08:58,08:58:00,65,49,16,2,4,REGULAR,28,J. JOHNSON,1,assist,563,562,[],,0,34,Jayce Ryback,Johnson,Jayce Ryback,Johnson,J,J,J,J,J. Johnson,GLINT MANISA BASKET,MNS,J. Johnson,34,,,,,,ASS,,GLINT MANISA BASKET J. JOHNSON assist,,,,,,,,,0,165,2.0,,0,65,0,49
08:30,08:30:00,65,49,16,1,4,REGULAR,134,V. KING,0,2pt,564,,['pointsinthepaint'],layup,1,22,Vincent Earl,King,Vincent Earl,King,V,K,V,K,V. King,BURSASPOR BASKETBOL,BUR,V. King,22,,,93.169998168945,41.069999694824,0.0,P2,missed,BURSASPOR BASKETBOL V. KING 2Pt missed,,,,,,,,,0,165,2.0,def_reb,0,65,0,49
08:25,08:25:00,65,49,16,2,4,REGULAR,28,J. JOHNSON,1,rebound,565,564,[],defensive,0,34,Jayce Ryback,Johnson,Jayce Ryback,Johnson,J,J,J,J,J. Johnson,GLINT MANISA BASKET,MNS,J. Johnson,34,,,,,,REB,,GLINT MANISA BASKET rebound defensive,,,,,,,,,0,166,1.0,def_reb,0,65,0,49
08:12,08:12:00,65,49,16,1,4,REGULAR,129,B. CRAWFORD,0,3pt,568,,[],jumpshot,1,13,Bryant Dejuan,Crawford,Bryant Dejuan,Crawford,B,C,B,C,B. Crawford,BURSASPOR BASKETBOL,BUR,B. Crawford,13,,,76.470001220703,10.85000038147,0.0,P3,missed,BURSASPOR BASKETBOL B. CRAWFORD 3Pt missed,,,,,,,,,0,167,2.0,def_reb,0,65,0,49
08:12,08:12:00,65,49,16,1,4,REGULAR,0,,1,rebound,569,568,['team'],offensive,0,,,,,,,,,,,BURSASPOR BASKETBOL,BUR,,,,,,,,TREB,,BURSASPOR BASKETBOL team rebound offensive,,,,,,,,,0,168,1.0,def_reb,0,65,0,49
08:12,08:12:00,65,49,16,2,4,REGULAR,28,J. JOHNSON,1,foul,571,,"['shooting', '2freethrow']",personal,0,34,Jayce Ryback,Johnson,Jayce Ryback,Johnson,J,J,J,J,J. Johnson,GLINT MANISA BASKET,MNS,J. Johnson,34,,,,,,FOUL,,GLINT MANISA BASKET J. JOHNSON foul personal,,,,,,,,,0,169,2.0,,0,65,0,49
08:12,08:12:00,65,49,16,1,4,REGULAR,136,J. DELAURIER,1,foulon,572,571,[],,0,12,Javin Que,Delaurier,Javin Que,Delaurier,J,D,J,D,J. Delaurier,BURSASPOR BASKETBOL,BUR,J. Delaurier,12,,,,,,OTHER,,BURSASPOR BASKETBOL foulon,,,,,,,,,0,169,2.0,,0,65,0,49
08:12,08:12:00,65,49,16,1,4,REGULAR,133,B. CHILDRESS,1,substitution,573,,[],out,0,0,Brandon Reginald,Childress,Brandon Reginald,Childress,B,C,B,C,B. Childress,BURSASPOR BASKETBOL,BUR,B. Childress,0,,,,,,SUB,out,BURSASPOR BASKETBOL substitution out,,,,,,,,,0,169,2.0,,0,65,0,49
08:12,08:12:00,65,49,16,1,4,REGULAR,144,M. PARSONS,1,substitution,574,,[],in,0,5,Malik Disjohn,Parsons,Malik Disjohn,Parsons,M,P,M,P,M. Parsons,BURSASPOR BASKETBOL,BUR,M. Parsons,5,,,,,,SUB,in,BURSASPOR BASKETBOL substitution in,,,,,,,,,0,169,2.0,,0,65,0,49
08:12,08:12:00,65,49,16,2,4,REGULAR,31,D. SMITH,1,substitution,575,,[],out,0,2,Dayshon Hassan,Smith,Dayshon Hassan,Smith,D,S,D,S,D. Smith,GLINT MANISA BASKET,MNS,D. Smith,2,,,,,,SUB,out,GLINT MANISA BASKET substitution out,,,,,,,,,0,169,2.0,,0,65,0,49
08:12,08:12:00,65,49,16,2,4,REGULAR,22,B. ÇAL,1,substitution,576,,[],out,0,11,Bugra,Çal,Bugra,Çal,B,Ç,B,Ç,B. Çal,GLINT MANISA BASKET,MNS,B. Çal,11,,,,,,SUB,out,GLINT MANISA BASKET substitution out,,,,,,,,,0,169,2.0,,0,65,0,49
08:12,08:12:00,65,49,16,2,4,REGULAR,24,Y. ONAN,1,substitution,577,,[],in,0,7,Yigit,Onan,Yigit,Onan,Y,O,Y,O,Y. Onan,GLINT MANISA BASKET,MNS,Y. Onan,7,,,,,,SUB,in,GLINT MANISA BASKET substitution in,,,,,,,,,0,169,2.0,,0,65,0,49
08:12,08:12:00,65,49,16,2,4,REGULAR,34,K. ZEMAITIS,1,substitution,578,,[],in,0,13,Kristupas,Zemaitis,Kristupas,Zemaitis,K,Z,K,Z,K. Zemaitis,GLINT MANISA BASKET,MNS,K. Zemaitis,13,,,,,,SUB,in,GLINT MANISA BASKET substitution in,,,,,,,,,0,169,2.0,,0,65,0,49
08:12,08:12:00,65,49,16,1,4,REGULAR,136,J. DELAURIER,0,freethrow,579,,['fromturnover'],1of2,1,12,Javin Que,Delaurier,Javin Que,Delaurier,J,D,J,D,J. Delaurier,BURSASPOR BASKETBOL,BUR,J. Delaurier,12,,,,,,FT,missed,BURSASPOR BASKETBOL J. DELAURIER FT 1of2 missed,,,,,,,,,0,169,2.0,def_reb,0,65,0,49
08:12,08:12:00,65,49,16,1,4,REGULAR,0,,1,rebound,580,579,[],offensivedeadball,0,,,,,,,,,,,BURSASPOR BASKETBOL,BUR,,,,,,,,TREB,,BURSASPOR BASKETBOL team rebound offensivedeadball,,,,,,,,,0,170,1.0,def_reb,0,65,0,49
08:12,08:12:00,66,49,17,1,4,REGULAR,136,J. DELAURIER,1,freethrow,581,,['fromturnover'],2of2,1,12,Javin Que,Delaurier,Javin Que,Delaurier,J,D,J,D,J. Delaurier,BURSASPOR BASKETBOL,BUR,J. Delaurier,12,,,,,,FT,made,BURSASPOR BASKETBOL J. DELAURIER FT 2of2 made,,,,,,,,,1,171,2.0,made_ft_last,1,66,0,49
08:05,08:05:00,66,49,17,1,4,REGULAR,101,H. KÖKSAL,1,foul,584,,[],personal,0,7,Hüseyin Göksenin,Köksal,Hüseyin Göksenin,Köksal,H,K,H,K,H. Köksal,BURSASPOR BASKETBOL,BUR,H. Köksal,7,,,,,,FOUL,,BURSASPOR BASKETBOL H. KÖKSAL foul personal,,,,,,,,,0,172,1.0,,0,66,0,49
08:05,08:05:00,66,49,17,2,4,REGULAR,34,K. ZEMAITIS,1,foulon,585,584,[],,0,13,Kristupas,Zemaitis,Kristupas,Zemaitis,K,Z,K,Z,K. Zemaitis,GLINT MANISA BASKET,MNS,K. Zemaitis,13,,,,,,OTHER,,GLINT MANISA BASKET foulon,,,,,,,,,0,172,1.0,,0,66,0,49
07:58,07:58:00,66,49,17,2,4,REGULAR,16,A. ÇAMOGLU,0,3pt,590,,[],jumpshot,1,21,Altan,Çamoglu,Altan,Çamoglu,A,Ç,A,Ç,A. Çamoglu,GLINT MANISA BASKET,MNS,A. Çamoglu,21,,,28.270000457764,22.709999084473,0.0,P3,missed,GLINT MANISA BASKET A. ÇAMOGLU 3Pt missed,,,,,,,,,0,172,1.0,,0,66,0,49
07:58,07:58:00,66,49,17,2,4,REGULAR,0,,1,turnover,591,,['team'],24sec,0,,,,,,,,,,,GLINT MANISA BASKET,MNS,,,,,,,,TO,,GLINT MANISA BASKET  turnover 24sec,,,,,,,,,0,172,1.0,turnover,0,66,0,49
07:50,07:50:00,66,49,17,1,4,REGULAR,101,H. KÖKSAL,1,turnover,600,,[],badpass,0,7,Hüseyin Göksenin,Köksal,Hüseyin Göksenin,Köksal,H,K,H,K,H. Köksal,BURSASPOR BASKETBOL,BUR,H. Köksal,7,,,,,,TO,,BURSASPOR BASKETBOL H. KÖKSAL turnover badpass,,,,,,,,,0,173,2.0,turnover,0,66,0,49
07:50,07:50:00,66,49,17,2,4,REGULAR,33,J. MINTZ,1,steal,601,600,[],,0,10,Judah Jah Leone,Mintz,Judah Jah Leone,Mintz,J,M,J,M,J. Mintz,GLINT MANISA BASKET,MNS,J. Mintz,10,,,,,,ST,,GLINT MANISA BASKET J. MINTZ steal,,,,,,,,,0,174,1.0,,0,66,0,49
07:25,07:25:00,66,51,15,2,4,REGULAR,33,J. MINTZ,1,2pt,628,,"['fromturnover', 'pointsinthepaint']",dunk,1,10,Judah Jah Leone,Mintz,Judah Jah Leone,Mintz,J,M,J,M,J. Mintz,GLINT MANISA BASKET,MNS,J. Mintz,10,,,7.8299999237061,56.330001831055,1.0,P2,made,GLINT MANISA BASKET J. MINTZ 2Pt made,16.0,2.0,A. ÇAMOGLU,,,,,,2,174,1.0,score,0,66,2,51
07:25,07:25:00,66,51,15,1,4,REGULAR,129,B. CRAWFORD,1,foul,629,,"['shooting', '1freethrow']",personal,0,13,Bryant Dejuan,Crawford,Bryant Dejuan,Crawford,B,C,B,C,B. Crawford,BURSASPOR BASKETBOL,BUR,B. Crawford,13,,,,,,FOUL,,BURSASPOR BASKETBOL B. CRAWFORD foul personal,,,,,,,,,0,175,2.0,,0,66,0,51
07:25,07:25:00,66,51,15,2,4,REGULAR,33,J. MINTZ,1,foulon,630,629,[],,0,10,Judah Jah Leone,Mintz,Judah Jah Leone,Mintz,J,M,J,M,J. Mintz,GLINT MANISA BASKET,MNS,J. Mintz,10,,,,,,OTHER,,GLINT MANISA BASKET foulon,,,,,,,,,0,175,2.0,,0,66,0,51
07:25,07:25:00,66,52,14,2,4,REGULAR,33,J. MINTZ,1,freethrow,631,,[],1of1,1,10,Judah Jah Leone,Mintz,Judah Jah Leone,Mintz,J,M,J,M,J. Mintz,GLINT MANISA BASKET,MNS,J. Mintz,10,,,,,,FT,made,GLINT MANISA BASKET J. MINTZ FT 1of1 made,,,,,,,,,1,175,2.0,made_ft_last,0,66,1,52
07:25,07:25:00,66,52,14,1,4,REGULAR,0,,1,timeout,632,,[],full,0,,,,,,,,,,,BURSASPOR BASKETBOL,BUR,,,,,,,,TIMEOUT,,BURSASPOR BASKETBOL timeout,,,,,,,,,0,176,1.0,,0,66,0,52
07:25,07:25:00,66,51,15,2,4,REGULAR,16,A. ÇAMOGLU,1,assist,633,628,[],,0,21,Altan,Çamoglu,Altan,Çamoglu,A,Ç,A,Ç,A. Çamoglu,GLINT MANISA BASKET,MNS,A. Çamoglu,21,,,,,,ASS,,GLINT MANISA BASKET A. ÇAMOGLU assist,,,,,,,,,0,176,1.0,,0,66,0,52
08:12,08:12:00,65,49,16,2,4,REGULAR,24,Y. ONAN,1,turnover,634,,[],ballhandling,0,7,Yigit,Onan,Yigit,Onan,Y,O,Y,O,Y. Onan,GLINT MANISA BASKET,MNS,Y. Onan,7,,,,,,TO,,GLINT MANISA BASKET Y. ONAN turnover ballhandling,,,,,,,,,0,176,1.0,turnover,0,66,0,52
08:12,08:12:00,65,49,16,1,4,REGULAR,129,B. CRAWFORD,1,steal,635,634,[],,0,13,Bryant Dejuan,Crawford,Bryant Dejuan,Crawford,B,C,B,C,B. Crawford,BURSASPOR BASKETBOL,BUR,B. Crawford,13,,,,,,ST,,BURSASPOR BASKETBOL B. CRAWFORD steal,,,,,,,,,0,177,2.0,,0,66,0,52
07:06,07:06:00,66,52,14,1,4,REGULAR,134,V. KING,0,2pt,637,,[],jumpshot,1,22,Vincent Earl,King,Vincent Earl,King,V,K,V,K,V. King,BURSASPOR BASKETBOL,BUR,V. King,22,,,84.430000305176,82.319999694824,0.0,P2,missed,BURSASPOR BASKETBOL V. KING 2Pt missed,,,,,,,,,0,177,2.0,def_reb,0,66,0,52
07:04,07:04:00,66,52,14,2,4,REGULAR,33,J. MINTZ,1,rebound,638,637,[],defensive,0,10,Judah Jah Leone,Mintz,Judah Jah Leone,Mintz,J,M,J,M,J. Mintz,GLINT MANISA BASKET,MNS,J. Mintz,10,,,,,,REB,,GLINT MANISA BASKET rebound defensive,,,,,,,,,0,178,1.0,def_reb,0,66,0,52
06:51,06:51:00,66,52,14,1,4,REGULAR,129,B. CRAWFORD,1,foul,640,,"['shooting', '2freethrow']",personal,0,13,Bryant Dejuan,Crawford,Bryant Dejuan,Crawford,B,C,B,C,B. Crawford,BURSASPOR BASKETBOL,BUR,B. Crawford,13,,,,,,FOUL,,BURSASPOR BASKETBOL B. CRAWFORD foul personal,,,,,,,,,0,179,2.0,,0,66,0,52
06:51,06:51:00,66,52,14,2,4,REGULAR,33,J. MINTZ,1,foulon,641,640,[],,0,10,Judah Jah Leone,Mintz,Judah Jah Leone,Mintz,J,M,J,M,J. Mintz,GLINT MANISA BASKET,MNS,J. Mintz,10,,,,,,OTHER,,GLINT MANISA BASKET foulon,,,,,,,,,0,179,2.0,,0,66,0,52
06:51,06:51:00,66,52,14,1,4,REGULAR,101,H. KÖKSAL,1,substitution,642,,[],out,0,7,Hüseyin Göksenin,Köksal,Hüseyin Göksenin,Köksal,H,K,H,K,H. Köksal,BURSASPOR BASKETBOL,BUR,H. Köksal,7,,,,,,SUB,out,BURSASPOR BASKETBOL substitution out,,,,,,,,,0,179,2.0,,0,66,0,52
06:51,06:51:00,66,52,14,1,4,REGULAR,136,J. DELAURIER,1,substitution,643,,[],out,0,12,Javin Que,Delaurier,Javin Que,Delaurier,J,D,J,D,J. Delaurier,BURSASPOR BASKETBOL,BUR,J. Delaurier,12,,,,,,SUB,out,BURSASPOR BASKETBOL substitution out,,,,,,,,,0,179,2.0,,0,66,0,52
06:51,06:51:00,66,52,14,1,4,REGULAR,129,B. CRAWFORD,1,substitution,644,,[],out,0,13,Bryant Dejuan,Crawford,Bryant Dejuan,Crawford,B,C,B,C,B. Crawford,BURSASPOR BASKETBOL,BUR,B. Crawford,13,,,,,,SUB,out,BURSASPOR BASKETBOL substitution out,,,,,,,,,0,179,2.0,,0,66,0,52
06:51,06:51:00,66,52,14,1,4,REGULAR,133,B. CHILDRESS,1,substitution,645,,[],in,0,0,Brandon Reginald,Childress,Brandon Reginald,Childress,B,C,B,C,B. Childress,BURSASPOR BASKETBOL,BUR,B. Childress,0,,,,,,SUB,in,BURSASPOR BASKETBOL substitution in,,,,,,,,,0,179,2.0,,0,66,0,52
06:51,06:51:00,66,52,14,1,4,REGULAR,102,B. AKIN,1,substitution,646,,[],in,0,11,Berk Can,Akin,Berk Can,Akin,B,A,B,A,B. Akin,BURSASPOR BASKETBOL,BUR,B. Akin,11,,,,,,SUB,in,BURSASPOR BASKETBOL substitution in,,,,,,,,,0,179,2.0,,0,66,0,52
06:51,06:51:00,66,52,14,1,4,REGULAR,127,L. NNOKO,1,substitution,647,,[],in,0,35,Landry,Nnoko,Landry,Nnoko,L,N,L,N,L. Nnoko,BURSASPOR BASKETBOL,BUR,L. Nnoko,35,,,,,,SUB,in,BURSASPOR BASKETBOL substitution in,,,,,,,,,0,179,2.0,,0,66,0,52
06:51,06:51:00,66,53,13,2,4,REGULAR,33,J. MINTZ,1,freethrow,648,,[],1of2,1,10,Judah Jah Leone,Mintz,Judah Jah Leone,Mintz,J,M,J,M,J. Mintz,GLINT MANISA BASKET,MNS,J. Mintz,10,,,,,,FT,made,GLINT MANISA BASKET J. MINTZ FT 1of2 made,,,,,,,,,1,179,2.0,made_ft,0,66,1,53
06:51,06:51:00,66,54,12,2,4,REGULAR,33,J. MINTZ,1,freethrow,649,,[],2of2,1,10,Judah Jah Leone,Mintz,Judah Jah Leone,Mintz,J,M,J,M,J. Mintz,GLINT MANISA BASKET,MNS,J. Mintz,10,,,,,,FT,made,GLINT MANISA BASKET J. MINTZ FT 2of2 made,,,,,,,,,1,180,1.0,made_ft_last,0,66,1,54
06:29,06:29:00,68,54,14,1,4,REGULAR,144,M. PARSONS,1,2pt,651,,[],jumpshot,1,5,Malik Disjohn,Parsons,Malik Disjohn,Parsons,M,P,M,P,M. Parsons,BURSASPOR BASKETBOL,BUR,M. Parsons,5,,,81.150001525879,21.579999923706,1.0,P2,made,BURSASPOR BASKETBOL M. PARSONS 2Pt made,133.0,1.0,B. CHILDRESS,,,,,,2,181,2.0,score,2,68,0,54
06:29,06:29:00,68,54,14,1,4,REGULAR,133,B. CHILDRESS,1,assist,652,651,[],,0,0,Brandon Reginald,Childress,Brandon Reginald,Childress,B,C,B,C,B. Childress,BURSASPOR BASKETBOL,BUR,B. Childress,0,,,,,,ASS,,BURSASPOR BASKETBOL B. CHILDRESS assist,,,,,,,,,0,182,1.0,,0,68,0,54
06:05,06:05:00,68,56,12,2,4,REGULAR,28,J. JOHNSON,1,2pt,653,,['pointsinthepaint'],layup,1,34,Jayce Ryback,Johnson,Jayce Ryback,Johnson,J,J,J,J,J. Johnson,GLINT MANISA BASKET,MNS,J. Johnson,34,,,8.1400003433228,63.110000610352,1.0,P2,made,GLINT MANISA BASKET J. JOHNSON 2Pt made,34.0,2.0,K. ZEMAITIS,,,,,,2,182,1.0,score,0,68,2,56
06:05,06:05:00,68,56,12,2,4,REGULAR,34,K. ZEMAITIS,1,assist,654,653,[],,0,13,Kristupas,Zemaitis,Kristupas,Zemaitis,K,Z,K,Z,K. Zemaitis,GLINT MANISA BASKET,MNS,K. Zemaitis,13,,,,,,ASS,,GLINT MANISA BASKET K. ZEMAITIS assist,,,,,,,,,0,183,2.0,,0,68,0,56
05:51,05:51:00,68,56,12,1,4,REGULAR,133,B. CHILDRESS,0,2pt,655,,[],jumpshot,1,0,Brandon Reginald,Childress,Brandon Reginald,Childress,B,C,B,C,B. Childress,BURSASPOR BASKETBOL,BUR,B. Childress,0,,,85.050003051758,76.379997253418,0.0,P2,missed,BURSASPOR BASKETBOL B. CHILDRESS 2Pt missed,,,,,,,,,0,183,2.0,,0,68,0,56
05:47,05:47:00,68,56,12,1,4,REGULAR,127,L. NNOKO,1,rebound,656,655,[],offensive,0,35,Landry,Nnoko,Landry,Nnoko,L,N,L,N,L. Nnoko,BURSASPOR BASKETBOL,BUR,L. Nnoko,35,,,,,,REB,,BURSASPOR BASKETBOL rebound offensive,,,,,,,,,0,183,2.0,,0,68,0,56
05:47,05:47:00,70,56,14,1,4,REGULAR,127,L. NNOKO,1,2pt,657,,"['2ndchance', 'pointsinthepaint']",tipinlayup,1,35,Landry,Nnoko,Landry,Nnoko,L,N,L,N,L. Nnoko,BURSASPOR BASKETBOL,BUR,L. Nnoko,35,,,94.0,50.0,1.0,P2,made,BURSASPOR BASKETBOL L. NNOKO 2Pt made,,,,,,,,,2,183,2.0,score,2,70,0,56
05:28,05:28:00,70,56,14,2,4,REGULAR,28,J. JOHNSON,1,turnover,658,,[],ballhandling,0,34,Jayce Ryback,Johnson,Jayce Ryback,Johnson,J,J,J,J,J. Johnson,GLINT MANISA BASKET,MNS,J. Johnson,34,,,,,,TO,,GLINT MANISA BASKET J. JOHNSON turnover ballhandling,,,,,,,,,0,184,1.0,turnover,0,70,0,56
05:28,05:28:00,70,56,14,1,4,REGULAR,102,B. AKIN,1,steal,659,658,[],,0,11,Berk Can,Akin,Berk Can,Akin,B,A,B,A,B. Akin,BURSASPOR BASKETBOL,BUR,B. Akin,11,,,,,,ST,,BURSASPOR BASKETBOL B. AKIN steal,,,,,,,,,0,185,2.0,,0,70,0,56
05:18,05:18:00,70,56,14,1,4,REGULAR,144,M. PARSONS,0,2pt,660,,"['fromturnover', 'pointsinthepaint', 'blocked']",layup,1,5,Malik Disjohn,Parsons,Malik Disjohn,Parsons,M,P,M,P,M. Parsons,BURSASPOR BASKETBOL,BUR,M. Parsons,5,,,94.879997253418,61.130001068115,0.0,P2,missed,BURSASPOR BASKETBOL M. PARSONS 2Pt missed,,,,28.0,2.0,J. JOHNSON,,,0,185,2.0,,0,70,0,56
05:18,05:18:00,70,56,14,2,4,REGULAR,28,J. JOHNSON,1,block,661,660,[],,0,34,Jayce Ryback,Johnson,Jayce Ryback,Johnson,J,J,J,J,J. Johnson,GLINT MANISA BASKET,MNS,J. Johnson,34,,,,,,BS,,GLINT MANISA BASKET J. JOHNSON block,,,,,,,,,0,185,2.0,,0,70,0,56
05:12,05:12:00,70,56,14,1,4,REGULAR,134,V. KING,1,rebound,662,660,[],offensive,0,22,Vincent Earl,King,Vincent Earl,King,V,K,V,K,V. King,BURSASPOR BASKETBOL,BUR,V. King,22,,,,,,REB,,BURSASPOR BASKETBOL rebound offensive,,,,,,,,,0,185,2.0,,0,70,0,56
05:12,05:12:00,72,56,16,1,4,REGULAR,134,V. KING,1,2pt,663,,"['2ndchance', 'fromturnover', 'pointsinthepaint']",tipinlayup,1,22,Vincent Earl,King,Vincent Earl,King,V,K,V,K,V. King,BURSASPOR BASKETBOL,BUR,V. King,22,,,94.0,50.0,1.0,P2,made,BURSASPOR BASKETBOL V. KING 2Pt made,,,,,,,,,2,185,2.0,score,2,72,0,56
05:07,05:07:00,72,56,16,2,4,REGULAR,28,J. JOHNSON,1,substitution,667,,[],out,0,34,Jayce Ryback,Johnson,Jayce Ryback,Johnson,J,J,J,J,J. Johnson,GLINT MANISA BASKET,MNS,J. Johnson,34,,,,,,SUB,out,GLINT MANISA BASKET substitution out,,,,,,,,,0,186,1.0,,0,72,0,56
05:07,05:07:00,72,56,16,2,4,REGULAR,27,M. YERKAZANOGLU,1,substitution,668,,[],in,0,12,Mustafa Faruk,Yerkazanoglu,Mustafa Faruk,Yerkazanoglu,M,Y,M,Y,M. Yerkazanoglu,GLINT MANISA BASKET,MNS,M. Yerkazanoglu,12,,,,,,SUB,in,GLINT MANISA BASKET substitution in,,,,,,,,,0,186,1.0,,0,72,0,56
05:07,05:07:00,72,56,16,1,4,REGULAR,134,V. KING,1,substitution,669,,[],out,0,22,Vincent Earl,King,Vincent Earl,King,V,K,V,K,V. King,BURSASPOR BASKETBOL,BUR,V. King,22,,,,,,SUB,out,BURSASPOR BASKETBOL substitution out,,,,,,,,,0,186,1.0,,0,72,0,56
05:07,05:07:00,72,56,16,1,4,REGULAR,135,A. KONONTSUK,1,substitution,670,,[],in,0,34,Artur,Konontsuk,Artur,Konontsuk,A,K,A,K,A. Konontsuk,BURSASPOR BASKETBOL,BUR,A. Konontsuk,34,,,,,,SUB,in,BURSASPOR BASKETBOL substitution in,,,,,,,,,0,186,1.0,,0,72,0,56
04:57,04:57:00,72,58,14,2,4,REGULAR,16,A. ÇAMOGLU,1,2pt,672,,['pointsinthepaint'],layup,1,21,Altan,Çamoglu,Altan,Çamoglu,A,Ç,A,Ç,A. Çamoglu,GLINT MANISA BASKET,MNS,A. Çamoglu,21,,,10.949999809265,42.490001678467,1.0,P2,made,GLINT MANISA BASKET A. ÇAMOGLU 2Pt made,34.0,2.0,K. ZEMAITIS,,,,,,2,186,1.0,score,0,72,2,58
04:57,04:57:00,72,58,14,2,4,REGULAR,34,K. ZEMAITIS,1,assist,673,672,[],,0,13,Kristupas,Zemaitis,Kristupas,Zemaitis,K,Z,K,Z,K. Zemaitis,GLINT MANISA BASKET,MNS,K. Zemaitis,13,,,,,,ASS,,GLINT MANISA BASKET K. ZEMAITIS assist,,,,,,,,,0,187,2.0,,0,72,0,58
04:35,04:35:00,75,58,17,1,4,REGULAR,102,B. AKIN,1,3pt,674,,[],jumpshot,1,11,Berk Can,Akin,Berk Can,Akin,B,A,B,A,B. Akin,BURSASPOR BASKETBOL,BUR,B. Akin,11,,,76.01000213623,14.800000190735,1.0,P3,made,BURSASPOR BASKETBOL B. AKIN 3Pt made,,,,,,,,,3,187,2.0,score,3,75,0,58
04:25,04:25:00,75,58,17,1,4,REGULAR,135,A. KONONTSUK,1,foul,678,,"['shooting', '2freethrow']",personal,0,34,Artur,Konontsuk,Artur,Konontsuk,A,K,A,K,A. Konontsuk,BURSASPOR BASKETBOL,BUR,A. Konontsuk,34,,,,,,FOUL,,BURSASPOR BASKETBOL A. KONONTSUK foul personal,,,,,,,,,0,188,1.0,,0,75,0,58
04:25,04:25:00,75,58,17,2,4,REGULAR,24,Y. ONAN,1,foulon,679,678,[],,0,7,Yigit,Onan,Yigit,Onan,Y,O,Y,O,Y. Onan,GLINT MANISA BASKET,MNS,Y. Onan,7,,,,,,OTHER,,GLINT MANISA BASKET foulon,,,,,,,,,0,188,1.0,,0,75,0,58
04:25,04:25:00,75,59,16,2,4,REGULAR,24,Y. ONAN,1,freethrow,680,,[],1of2,1,7,Yigit,Onan,Yigit,Onan,Y,O,Y,O,Y. Onan,GLINT MANISA BASKET,MNS,Y. Onan,7,,,,,,FT,made,GLINT MANISA BASKET Y. ONAN FT 1of2 made,,,,,,,,,1,188,1.0,made_ft,0,75,1,59
04:25,04:25:00,75,59,16,2,4,REGULAR,24,Y. ONAN,0,freethrow,681,,[],2of2,1,7,Yigit,Onan,Yigit,Onan,Y,O,Y,O,Y. Onan,GLINT MANISA BASKET,MNS,Y. Onan,7,,,,,,FT,missed,GLINT MANISA BASKET Y. ONAN FT 2of2 missed,,,,,,,,,0,189,2.0,def_reb,0,75,0,59
04:25,04:25:00,75,59,16,1,4,REGULAR,135,A. KONONTSUK,1,rebound,683,681,[],defensive,0,34,Artur,Konontsuk,Artur,Konontsuk,A,K,A,K,A. Konontsuk,BURSASPOR BASKETBOL,BUR,A. Konontsuk,34,,,,,,REB,,BURSASPOR BASKETBOL rebound defensive,,,,,,,,,0,190,1.0,def_reb,0,75,0,59
04:13,04:13:00,75,59,16,2,4,REGULAR,27,M. YERKAZANOGLU,1,foul,685,,[],personal,0,12,Mustafa Faruk,Yerkazanoglu,Mustafa Faruk,Yerkazanoglu,M,Y,M,Y,M. Yerkazanoglu,GLINT MANISA BASKET,MNS,M. Yerkazanoglu,12,,,,,,FOUL,,GLINT MANISA BASKET M. YERKAZANOGLU foul personal,,,,,,,,,0,191,2.0,,0,75,0,59
04:13,04:13:00,75,59,16,1,4,REGULAR,127,L. NNOKO,1,foulon,686,685,[],,0,35,Landry,Nnoko,Landry,Nnoko,L,N,L,N,L. Nnoko,BURSASPOR BASKETBOL,BUR,L. Nnoko,35,,,,,,OTHER,,BURSASPOR BASKETBOL foulon,,,,,,,,,0,191,2.0,,0,75,0,59
04:02,04:02:00,75,59,16,1,4,REGULAR,144,M. PARSONS,1,turnover,688,,[],badpass,0,5,Malik Disjohn,Parsons,Malik Disjohn,Parsons,M,P,M,P,M. Parsons,BURSASPOR BASKETBOL,BUR,M. Parsons,5,,,,,,TO,,BURSASPOR BASKETBOL M. PARSONS turnover badpass,,,,,,,,,0,191,2.0,turnover,0,75,0,59
04:02,04:02:00,75,59,16,2,4,REGULAR,34,K. ZEMAITIS,1,steal,689,688,[],,0,13,Kristupas,Zemaitis,Kristupas,Zemaitis,K,Z,K,Z,K. Zemaitis,GLINT MANISA BASKET,MNS,K. Zemaitis,13,,,,,,ST,,GLINT MANISA BASKET K. ZEMAITIS steal,,,,,,,,,0,192,1.0,,0,75,0,59
03:47,03:47:00,75,59,16,2,4,REGULAR,24,Y. ONAN,1,turnover,690,,[],ballhandling,0,7,Yigit,Onan,Yigit,Onan,Y,O,Y,O,Y. Onan,GLINT MANISA BASKET,MNS,Y. Onan,7,,,,,,TO,,GLINT MANISA BASKET Y. ONAN turnover ballhandling,,,,,,,,,0,192,1.0,turnover,0,75,0,59
03:47,03:47:00,75,59,16,1,4,REGULAR,133,B. CHILDRESS,1,steal,691,690,[],,0,0,Brandon Reginald,Childress,Brandon Reginald,Childress,B,C,B,C,B. Childress,BURSASPOR BASKETBOL,BUR,B. Childress,0,,,,,,ST,,BURSASPOR BASKETBOL B. CHILDRESS steal,,,,,,,,,0,193,2.0,,0,75,0,59
03:30,03:30:00,75,59,16,2,4,REGULAR,24,Y. ONAN,1,foul,693,,"['shooting', '3freethrow']",personal,0,7,Yigit,Onan,Yigit,Onan,Y,O,Y,O,Y. Onan,GLINT MANISA BASKET,MNS,Y. Onan,7,,,,,,FOUL,,GLINT MANISA BASKET Y. ONAN foul personal,,,,,,,,,0,193,2.0,,0,75,0,59
03:30,03:30:00,75,59,16,1,4,REGULAR,133,B. CHILDRESS,1,foulon,694,693,[],,0,0,Brandon Reginald,Childress,Brandon Reginald,Childress,B,C,B,C,B. Childress,BURSASPOR BASKETBOL,BUR,B. Childress,0,,,,,,OTHER,,BURSASPOR BASKETBOL foulon,,,,,,,,,0,193,2.0,,0,75,0,59
03:30,03:30:00,76,59,17,1,4,REGULAR,133,B. CHILDRESS,1,freethrow,695,,['fromturnover'],1of3,1,0,Brandon Reginald,Childress,Brandon Reginald,Childress,B,C,B,C,B. Childress,BURSASPOR BASKETBOL,BUR,B. Childress,0,,,,,,FT,made,BURSASPOR BASKETBOL B. CHILDRESS FT 1of3 made,,,,,,,,,1,193,2.0,made_ft,1,76,0,59
03:30,03:30:00,77,59,18,1,4,REGULAR,133,B. CHILDRESS,1,freethrow,696,,['fromturnover'],2of3,1,0,Brandon Reginald,Childress,Brandon Reginald,Childress,B,C,B,C,B. Childress,BURSASPOR BASKETBOL,BUR,B. Childress,0,,,,,,FT,made,BURSASPOR BASKETBOL B. CHILDRESS FT 2of3 made,,,,,,,,,1,194,1.0,made_ft,1,77,0,59
03:30,03:30:00,78,59,19,1,4,REGULAR,133,B. CHILDRESS,1,freethrow,697,,['fromturnover'],3of3,1,0,Brandon Reginald,Childress,Brandon Reginald,Childress,B,C,B,C,B. Childress,BURSASPOR BASKETBOL,BUR,B. Childress,0,,,,,,FT,made,BURSASPOR BASKETBOL B. CHILDRESS FT 3of3 made,,,,,,,,,1,195,2.0,made_ft_last,1,78,0,59
03:14,03:14:00,78,59,19,1,4,REGULAR,144,M. PARSONS,1,foul,700,,"['shooting', '2freethrow']",personal,0,5,Malik Disjohn,Parsons,Malik Disjohn,Parsons,M,P,M,P,M. Parsons,BURSASPOR BASKETBOL,BUR,M. Parsons,5,,,,,,FOUL,,BURSASPOR BASKETBOL M. PARSONS foul personal,,,,,,,,,0,196,1.0,,0,78,0,59
03:14,03:14:00,78,59,19,2,4,REGULAR,16,A. ÇAMOGLU,1,foulon,701,700,[],,0,21,Altan,Çamoglu,Altan,Çamoglu,A,Ç,A,Ç,A. Çamoglu,GLINT MANISA BASKET,MNS,A. Çamoglu,21,,,,,,OTHER,,GLINT MANISA BASKET foulon,,,,,,,,,0,196,1.0,,0,78,0,59
03:14,03:14:00,78,60,18,2,4,REGULAR,16,A. ÇAMOGLU,1,freethrow,702,,[],1of2,1,21,Altan,Çamoglu,Altan,Çamoglu,A,Ç,A,Ç,A. Çamoglu,GLINT MANISA BASKET,MNS,A. Çamoglu,21,,,,,,FT,made,GLINT MANISA BASKET A. ÇAMOGLU FT 1of2 made,,,,,,,,,1,196,1.0,made_ft,0,78,1,60
03:14,03:14:00,78,61,17,2,4,REGULAR,16,A. ÇAMOGLU,1,freethrow,703,,[],2of2,1,21,Altan,Çamoglu,Altan,Çamoglu,A,Ç,A,Ç,A. Çamoglu,GLINT MANISA BASKET,MNS,A. Çamoglu,21,,,,,,FT,made,GLINT MANISA BASKET A. ÇAMOGLU FT 2of2 made,,,,,,,,,1,197,2.0,made_ft_last,0,78,1,61
02:49,02:49:00,78,61,17,1,4,REGULAR,133,B. CHILDRESS,0,2pt,705,,[],stepbackjumpshot,1,0,Brandon Reginald,Childress,Brandon Reginald,Childress,B,C,B,C,B. Childress,BURSASPOR BASKETBOL,BUR,B. Childress,0,,,81.470001220703,26.379999160767,0.0,P2,missed,BURSASPOR BASKETBOL B. CHILDRESS 2Pt missed,,,,,,,,,0,198,1.0,def_reb,0,78,0,61
02:47,02:47:00,78,61,17,2,4,REGULAR,16,A. ÇAMOGLU,1,rebound,706,705,[],defensive,0,21,Altan,Çamoglu,Altan,Çamoglu,A,Ç,A,Ç,A. Çamoglu,GLINT MANISA BASKET,MNS,A. Çamoglu,21,,,,,,REB,,GLINT MANISA BASKET rebound defensive,,,,,,,,,0,199,2.0,def_reb,0,78,0,61
02:41,02:41:00,78,61,17,1,4,REGULAR,144,M. PARSONS,1,foul,710,,"['shooting', '2freethrow']",personal,0,5,Malik Disjohn,Parsons,Malik Disjohn,Parsons,M,P,M,P,M. Parsons,BURSASPOR BASKETBOL,BUR,M. Parsons,5,,,,,,FOUL,,BURSASPOR BASKETBOL M. PARSONS foul personal,,,,,,,,,0,200,1.0,,0,78,0,61
02:41,02:41:00,78,61,17,2,4,REGULAR,24,Y. ONAN,1,foulon,711,710,[],,0,7,Yigit,Onan,Yigit,Onan,Y,O,Y,O,Y. Onan,GLINT MANISA BASKET,MNS,Y. Onan,7,,,,,,OTHER,,GLINT MANISA BASKET foulon,,,,,,,,,0,200,1.0,,0,78,0,61
02:41,02:41:00,78,62,16,2,4,REGULAR,24,Y. ONAN,1,freethrow,712,,[],1of2,1,7,Yigit,Onan,Yigit,Onan,Y,O,Y,O,Y. Onan,GLINT MANISA BASKET,MNS,Y. Onan,7,,,,,,FT,made,GLINT MANISA BASKET Y. ONAN FT 1of2 made,,,,,,,,,1,200,1.0,made_ft,0,78,1,62
02:41,02:41:00,78,62,16,2,4,REGULAR,16,A. ÇAMOGLU,1,assist,713,712,[],,0,21,Altan,Çamoglu,Altan,Çamoglu,A,Ç,A,Ç,A. Çamoglu,GLINT MANISA BASKET,MNS,A. Çamoglu,21,,,,,,ASS,,GLINT MANISA BASKET A. ÇAMOGLU assist,,,,,,,,,0,201,2.0,,0,78,0,62
02:41,02:41:00,78,62,16,2,4,REGULAR,24,Y. ONAN,0,freethrow,714,,[],2of2,1,7,Yigit,Onan,Yigit,Onan,Y,O,Y,O,Y. Onan,GLINT MANISA BASKET,MNS,Y. Onan,7,,,,,,FT,missed,GLINT MANISA BASKET Y. ONAN FT 2of2 missed,,,,,,,,,0,201,2.0,def_reb,0,78,0,62
02:41,02:41:00,78,62,16,1,4,REGULAR,127,L. NNOKO,1,rebound,716,714,[],defensive,0,35,Landry,Nnoko,Landry,Nnoko,L,N,L,N,L. Nnoko,BURSASPOR BASKETBOL,BUR,L. Nnoko,35,,,,,,REB,,BURSASPOR BASKETBOL rebound defensive,,,,,,,,,0,202,1.0,def_reb,0,78,0,62
02:25,02:25:00,78,62,16,1,4,REGULAR,102,B. AKIN,0,2pt,717,,['pointsinthepaint'],layup,1,11,Berk Can,Akin,Berk Can,Akin,B,A,B,A,B. Akin,BURSASPOR BASKETBOL,BUR,B. Akin,11,,,92.699996948242,39.099998474121,0.0,P2,missed,BURSASPOR BASKETBOL B. AKIN 2Pt missed,,,,,,,,,0,203,2.0,,0,78,0,62
02:23,02:23:00,78,62,16,1,4,REGULAR,127,L. NNOKO,1,rebound,718,717,[],offensive,0,35,Landry,Nnoko,Landry,Nnoko,L,N,L,N,L. Nnoko,BURSASPOR BASKETBOL,BUR,L. Nnoko,35,,,,,,REB,,BURSASPOR BASKETBOL rebound offensive,,,,,,,,,0,203,2.0,,0,78,0,62
02:22,02:22:00,78,62,16,1,4,REGULAR,127,L. NNOKO,0,2pt,719,,"['2ndchance', 'pointsinthepaint', 'blocked']",layup,1,35,Landry,Nnoko,Landry,Nnoko,L,N,L,N,L. Nnoko,BURSASPOR BASKETBOL,BUR,L. Nnoko,35,,,89.269996643066,37.680000305176,0.0,P2,missed,BURSASPOR BASKETBOL L. NNOKO 2Pt missed,,,,27.0,2.0,M. YERKAZANOGLU,,,0,203,2.0,,0,78,0,62
02:22,02:22:00,78,62,16,2,4,REGULAR,27,M. YERKAZANOGLU,1,block,720,719,[],,0,12,Mustafa Faruk,Yerkazanoglu,Mustafa Faruk,Yerkazanoglu,M,Y,M,Y,M. Yerkazanoglu,GLINT MANISA BASKET,MNS,M. Yerkazanoglu,12,,,,,,BS,,GLINT MANISA BASKET M. YERKAZANOGLU block,,,,,,,,,0,203,2.0,,0,78,0,62
02:19,02:19:00,78,62,16,1,4,REGULAR,144,M. PARSONS,1,rebound,721,719,[],offensive,0,5,Malik Disjohn,Parsons,Malik Disjohn,Parsons,M,P,M,P,M. Parsons,BURSASPOR BASKETBOL,BUR,M. Parsons,5,,,,,,REB,,BURSASPOR BASKETBOL rebound offensive,,,,,,,,,0,203,2.0,,0,78,0,62
02:16,02:16:00,78,62,16,1,4,REGULAR,102,B. AKIN,0,3pt,722,,['2ndchance'],jumpshot,1,11,Berk Can,Akin,Berk Can,Akin,B,A,B,A,B. Akin,BURSASPOR BASKETBOL,BUR,B. Akin,11,,,82.709999084473,92.48999786377,0.0,P3,missed,BURSASPOR BASKETBOL B. AKIN 3Pt missed,,,,,,,,,0,203,2.0,,0,78,0,62
02:14,02:14:00,78,62,16,1,4,REGULAR,127,L. NNOKO,1,rebound,723,722,[],offensive,0,35,Landry,Nnoko,Landry,Nnoko,L,N,L,N,L. Nnoko,BURSASPOR BASKETBOL,BUR,L. Nnoko,35,,,,,,REB,,BURSASPOR BASKETBOL rebound offensive,,,,,,,,,0,203,2.0,,0,78,0,62
02:14,02:14:00,78,62,16,1,4,REGULAR,127,L. NNOKO,0,2pt,724,,"['2ndchance', 'pointsinthepaint']",tipinlayup,1,35,Landry,Nnoko,Landry,Nnoko,L,N,L,N,L. Nnoko,BURSASPOR BASKETBOL,BUR,L. Nnoko,35,,,94.0,50.0,0.0,P2,missed,BURSASPOR BASKETBOL L. NNOKO 2Pt missed,,,,,,,,,0,203,2.0,,0,78,0,62
02:12,02:12:00,78,62,16,1,4,REGULAR,127,L. NNOKO,1,rebound,725,724,[],offensive,0,35,Landry,Nnoko,Landry,Nnoko,L,N,L,N,L. Nnoko,BURSASPOR BASKETBOL,BUR,L. Nnoko,35,,,,,,REB,,BURSASPOR BASKETBOL rebound offensive,,,,,,,,,0,203,2.0,,0,78,0,62
02:12,02:12:00,80,62,18,1,4,REGULAR,127,L. NNOKO,1,2pt,726,,"['2ndchance', 'pointsinthepaint']",tipinlayup,1,35,Landry,Nnoko,Landry,Nnoko,L,N,L,N,L. Nnoko,BURSASPOR BASKETBOL,BUR,L. Nnoko,35,,,94.0,50.0,1.0,P2,made,BURSASPOR BASKETBOL L. NNOKO 2Pt made,,,,,,,,,2,203,2.0,score,2,80,0,62
01:50,01:50:00,80,62,18,2,4,REGULAR,34,K. ZEMAITIS,1,turnover,729,,[],badpass,0,13,Kristupas,Zemaitis,Kristupas,Zemaitis,K,Z,K,Z,K. Zemaitis,GLINT MANISA BASKET,MNS,K. Zemaitis,13,,,,,,TO,,GLINT MANISA BASKET K. ZEMAITIS turnover badpass,,,,,,,,,0,204,1.0,turnover,0,80,0,62
01:50,01:50:00,80,62,18,1,4,REGULAR,135,A. KONONTSUK,1,steal,730,729,[],,0,34,Artur,Konontsuk,Artur,Konontsuk,A,K,A,K,A. Konontsuk,BURSASPOR BASKETBOL,BUR,A. Konontsuk,34,,,,,,ST,,BURSASPOR BASKETBOL A. KONONTSUK steal,,,,,,,,,0,205,2.0,,0,80,0,62
01:45,01:45:00,82,62,20,1,4,REGULAR,102,B. AKIN,1,2pt,731,,"['fromturnover', 'pointsinthepaint', 'fastbreak']",dunk,1,11,Berk Can,Akin,Berk Can,Akin,B,A,B,A,B. Akin,BURSASPOR BASKETBOL,BUR,B. Akin,11,,,89.419998168945,59.439998626709,1.0,P2,made,BURSASPOR BASKETBOL B. AKIN 2Pt made,135.0,1.0,A. KONONTSUK,,,,,,2,205,2.0,score,2,82,0,62
01:45,01:45:00,82,62,20,1,4,REGULAR,135,A. KONONTSUK,1,assist,733,731,[],,0,34,Artur,Konontsuk,Artur,Konontsuk,A,K,A,K,A. Konontsuk,BURSASPOR BASKETBOL,BUR,A. Konontsuk,34,,,,,,ASS,,BURSASPOR BASKETBOL A. KONONTSUK assist,,,,,,,,,0,206,1.0,,0,82,0,62
01:25,01:25:00,82,62,20,2,4,REGULAR,33,J. MINTZ,0,2pt,737,,['pointsinthepaint'],jumpshot,1,10,Judah Jah Leone,Mintz,Judah Jah Leone,Mintz,J,M,J,M,J. Mintz,GLINT MANISA BASKET,MNS,J. Mintz,10,,,13.760000228882,61.130001068115,0.0,P2,missed,GLINT MANISA BASKET J. MINTZ 2Pt missed,,,,,,,,,0,206,1.0,def_reb,0,82,0,62
01:23,01:23:00,82,62,20,1,4,REGULAR,127,L. NNOKO,1,rebound,738,737,[],defensive,0,35,Landry,Nnoko,Landry,Nnoko,L,N,L,N,L. Nnoko,BURSASPOR BASKETBOL,BUR,L. Nnoko,35,,,,,,REB,,BURSASPOR BASKETBOL rebound defensive,,,,,,,,,0,207,2.0,def_reb,0,82,0,62
01:18,01:18:00,84,62,22,1,4,REGULAR,133,B. CHILDRESS,1,2pt,740,,"['pointsinthepaint', 'fastbreak']",drivinglayup,1,0,Brandon Reginald,Childress,Brandon Reginald,Childress,B,C,B,C,B. Childress,BURSASPOR BASKETBOL,BUR,B. Childress,0,,,94.410003662109,38.529998779297,1.0,P2,made,BURSASPOR BASKETBOL B. CHILDRESS 2Pt made,,,,,,,,,2,208,1.0,score,2,84,0,62
01:18,01:18:00,84,62,22,2,4,REGULAR,0,,1,timeout,741,,[],full,0,,,,,,,,,,,GLINT MANISA BASKET,MNS,,,,,,,,TIMEOUT,,GLINT MANISA BASKET timeout,,,,,,,,,0,209,2.0,,0,84,0,62
00:54,00:54:20,84,62,22,2,4,REGULAR,16,A. ÇAMOGLU,0,2pt,743,,"['pointsinthepaint', 'blocked']",layup,1,21,Altan,Çamoglu,Altan,Çamoglu,A,Ç,A,Ç,A. Çamoglu,GLINT MANISA BASKET,MNS,A. Çamoglu,21,,,11.260000228882,61.689998626709,0.0,P2,missed,GLINT MANISA BASKET A. ÇAMOGLU 2Pt missed,,,,127.0,1.0,L. NNOKO,,,0,209,2.0,,0,84,0,62
00:54,00:54:20,84,62,22,1,4,REGULAR,127,L. NNOKO,1,block,745,743,[],,0,35,Landry,Nnoko,Landry,Nnoko,L,N,L,N,L. Nnoko,BURSASPOR BASKETBOL,BUR,L. Nnoko,35,,,,,,BS,,BURSASPOR BASKETBOL L. NNOKO block,,,,,,,,,0,209,2.0,,0,84,0,62
00:51,00:51:90,84,62,22,2,4,REGULAR,27,M. YERKAZANOGLU,1,rebound,746,743,[],offensive,0,12,Mustafa Faruk,Yerkazanoglu,Mustafa Faruk,Yerkazanoglu,M,Y,M,Y,M. Yerkazanoglu,GLINT MANISA BASKET,MNS,M. Yerkazanoglu,12,,,,,,REB,,GLINT MANISA BASKET rebound offensive,,,,,,,,,0,209,2.0,,0,84,0,62
00:51,00:51:90,84,64,20,2,4,REGULAR,27,M. YERKAZANOGLU,1,2pt,747,,"['2ndchance', 'pointsinthepaint']",tipinlayup,1,12,Mustafa Faruk,Yerkazanoglu,Mustafa Faruk,Yerkazanoglu,M,Y,M,Y,M. Yerkazanoglu,GLINT MANISA BASKET,MNS,M. Yerkazanoglu,12,,,6.0,50.0,1.0,P2,made,GLINT MANISA BASKET M. YERKAZANOGLU 2Pt made,,,,,,,,,2,209,2.0,score,0,84,2,64
00:39,00:39:00,84,64,20,1,4,REGULAR,144,M. PARSONS,1,turnover,750,,[],ballhandling,0,5,Malik Disjohn,Parsons,Malik Disjohn,Parsons,M,P,M,P,M. Parsons,BURSASPOR BASKETBOL,BUR,M. Parsons,5,,,,,,TO,,BURSASPOR BASKETBOL M. PARSONS turnover ballhandling,,,,,,,,,0,210,1.0,turnover,0,84,0,64
00:24,00:24:10,84,67,17,2,4,REGULAR,16,A. ÇAMOGLU,1,3pt,753,,['fromturnover'],jumpshot,1,21,Altan,Çamoglu,Altan,Çamoglu,A,Ç,A,Ç,A. Çamoglu,GLINT MANISA BASKET,MNS,A. Çamoglu,21,,,25.770000457764,14.800000190735,1.0,P3,made,GLINT MANISA BASKET A. ÇAMOGLU 3Pt made,34.0,2.0,K. ZEMAITIS,,,,,,3,211,2.0,score,0,84,3,67
00:24,00:24:10,84,67,17,2,4,REGULAR,34,K. ZEMAITIS,1,assist,754,753,[],,0,13,Kristupas,Zemaitis,Kristupas,Zemaitis,K,Z,K,Z,K. Zemaitis,GLINT MANISA BASKET,MNS,K. Zemaitis,13,,,,,,ASS,,GLINT MANISA BASKET K. ZEMAITIS assist,,,,,,,,,0,212,1.0,,0,84,0,67
00:12,00:12:40,84,67,17,1,4,REGULAR,135,A. KONONTSUK,0,2pt,763,,"['pointsinthepaint', 'blocked']",layup,1,34,Artur,Konontsuk,Artur,Konontsuk,A,K,A,K,A. Konontsuk,BURSASPOR BASKETBOL,BUR,A. Konontsuk,34,,,91.76000213623,61.689998626709,0.0,P2,missed,BURSASPOR BASKETBOL A. KONONTSUK 2Pt missed,,,,27.0,2.0,M. YERKAZANOGLU,,,0,212,1.0,,0,84,0,67
00:12,00:12:40,84,67,17,2,4,REGULAR,27,M. YERKAZANOGLU,1,block,764,763,[],,0,12,Mustafa Faruk,Yerkazanoglu,Mustafa Faruk,Yerkazanoglu,M,Y,M,Y,M. Yerkazanoglu,GLINT MANISA BASKET,MNS,M. Yerkazanoglu,12,,,,,,BS,,GLINT MANISA BASKET M. YERKAZANOGLU block,,,,,,,,,0,212,1.0,,0,84,0,67
00:09,00:09:30,84,67,17,2,4,REGULAR,27,M. YERKAZANOGLU,1,rebound,765,763,[],defensive,0,12,Mustafa Faruk,Yerkazanoglu,Mustafa Faruk,Yerkazanoglu,M,Y,M,Y,M. Yerkazanoglu,GLINT MANISA BASKET,MNS,M. Yerkazanoglu,12,,,,,,REB,,GLINT MANISA BASKET rebound defensive,,,,,,,,,0,212,1.0,def_reb,0,84,0,67
00:05,00:05:20,84,67,17,2,4,REGULAR,16,A. ÇAMOGLU,0,2pt,767,,['pointsinthepaint'],layup,1,21,Altan,Çamoglu,Altan,Çamoglu,A,Ç,A,Ç,A. Çamoglu,GLINT MANISA BASKET,MNS,A. Çamoglu,21,,,10.800000190735,58.310001373291,0.0,P2,missed,GLINT MANISA BASKET A. ÇAMOGLU 2Pt missed,,,,,,,,,0,213,2.0,,0,84,0,67
00:05,00:05:20,84,67,17,2,4,REGULAR,24,Y. ONAN,1,rebound,768,767,[],offensive,0,7,Yigit,Onan,Yigit,Onan,Y,O,Y,O,Y. Onan,GLINT MANISA BASKET,MNS,Y. Onan,7,,,,,,REB,,GLINT MANISA BASKET rebound offensive,,,,,,,,,0,213,2.0,,0,84,0,67
00:05,00:05:20,84,69,15,2,4,REGULAR,24,Y. ONAN,1,2pt,769,,"['2ndchance', 'pointsinthepaint', 'fastbreak']",tipinlayup,1,7,Yigit,Onan,Yigit,Onan,Y,O,Y,O,Y. Onan,GLINT MANISA BASKET,MNS,Y. Onan,7,,,6.0,50.0,1.0,P2,made,GLINT MANISA BASKET Y. ONAN 2Pt made,,,,,,,,,2,213,2.0,score,0,84,2,69
00:00,00:00:00,84,69,15,0,4,REGULAR,0,,1,period,772,,['confirmed'],end,0,,,,,,,,,,,,,,,,,,,,OTHER,,period end,,,,,,,,,0,214,1.0,,0,84,0,69
00:00,00:00:00,84,69,15,0,4,REGULAR,0,,1,game,773,,['confirmed'],end,0,,,,,,,,,,,,,,,,,,,,OTHER,,game end,,,,,,,,,0,214,1.0,,0,84,0,69
