gt,clock,s1,s2,lead,tno,period,periodType,pno,player,success,actionType,actionNumber,previousAction,qualifier,subType,scoring,shirtNumber,firstName,familyName,internationalFirstName,internationalFamilyName,firstNameInitial,familyNameInitial,internationalFirstNameInitial,internationalFamilyNameInitial,scoreboardName,team_name,team_code,player_name_from_roster,player_shirt,player_pos_raw,player_pos_group,x,y,r,ev_code,ev_result,ev_text,assist_pno,assist_tno,assist_player,block_pno,block_tno,block_player,assist_pos_group,block_pos_group,points,possession_id,possession_owner_tno,possession_end_reason,pts_1,cum_1,pts_2,cum_2
10:00,10:00:00,0,0,0,0,1,REGULAR,0,,1,game,1,,[],start,0,,,,,,,,,,,,,,,,,,,,OTHER,,game start,,,,,,,,,0,0,,,0,0,0,0
10:00,10:00:00,0,0,0,0,1,REGULAR,0,,1,period,2,,[],start,0,,,,,,,,,,,,,,,,,,,,OTHER,,period start,,,,,,,,,0,0,,,0,0,0,0
10:00,10:00:00,0,0,0,0,1,REGULAR,0,,1,jumpball,4,,[],startperiod,0,,,,,,,,,,,,,,,,,,,,JUMP,,jump ball,,,,,,,,,0,0,,,0,0,0,0
09:59,09:59:00,0,0,0,2,1,REGULAR,55,A. OLASENI,1,jumpball,5,4,[],won,0,0,Abodunrin Gabriel,Olaseni,Abodunrin Gabriel,Olaseni,A,O,A,O,A. Olaseni,MERSIN SPOR,MSK,A. Olaseni,0,,,,,,JUMP,,jump ball,,,,,,,,,0,0,,,0,0,0,0
09:59,09:59:00,0,0,0,1,1,REGULAR,79,T. WILLIAMS,1,jumpball,6,4,[],lost,0,50,Trevion Lamon,Williams,Trevion Lamon,Williams,T,W,T,W,T. Williams,BAHÇESEHIR KOLEJI,BSK,T. Williams,50,,,,,,JUMP,,jump ball,,,,,,,,,0,0,,,0,0,0,0
09:36,09:36:00,0,2,-2,2,1,REGULAR,6,F. CRUZ SALDIVAR,1,2pt,7,,['pointsinthepaint'],drivinglayup,1,9,Francisco Javier,Cruz Saldivar,Francisco Javier,Cruz Saldivar,F,C,F,C,F. Cruz Saldivar,MERSIN SPOR,MSK,F. Cruz Saldivar,9,,,96.440002441406,53.220001220703,1.0,P2,made,MERSIN SPOR F. CRUZ SALDIVAR 2Pt made,,,,,,,,,2,1,2.0,score,0,0,2,2
09:17,09:17:00,2,2,0,1,1,REGULAR,78,H. HALE,1,2pt,8,,['pointsinthepaint'],drivinglayup,1,77,Hunter Jelaun,Hale,Hunter Jelaun,Hale,H,H,H,H,H. Hale,BAHÇESEHIR KOLEJI,BSK,H. Hale,77,,,7.8299999237061,47.569999694824,1.0,P2,made,BAHÇESEHIR KOLEJI H. HALE 2Pt made,79.0,1.0,T. WILLIAMS,,,,,,2,2,1.0,score,2,2,0,2
09:17,09:17:00,2,2,0,1,1,REGULAR,79,T. WILLIAMS,1,assist,9,8,[],,0,50,Trevion Lamon,Williams,Trevion Lamon,Williams,T,W,T,W,T. Williams,BAHÇESEHIR KOLEJI,BSK,T. Williams,50,,,,,,ASS,,BAHÇESEHIR KOLEJI T. WILLIAMS assist,,,,,,,,,0,3,2.0,,0,2,0,2
08:55,08:55:00,2,4,-2,2,1,REGULAR,6,F. CRUZ SALDIVAR,1,2pt,11,,['pointsinthepaint'],layup,1,9,Francisco Javier,Cruz Saldivar,Francisco Javier,Cruz Saldivar,F,C,F,C,F. Cruz Saldivar,MERSIN SPOR,MSK,F. Cruz Saldivar,9,,,96.290000915527,56.610000610352,1.0,P2,made,MERSIN SPOR F. CRUZ SALDIVAR 2Pt made,5.0,2.0,J. COBBS,,,,,,2,3,2.0,score,0,2,2,4
08:55,08:55:00,2,4,-2,2,1,REGULAR,5,J. COBBS,1,assist,12,11,[],,0,1,Justin,Cobbs,Justin,Cobbs,J,C,J,C,J. Cobbs,MERSIN SPOR,MSK,J. Cobbs,1,,,,,,ASS,,MERSIN SPOR J. COBBS assist,,,,,,,,,0,4,1.0,,0,2,0,4
08:55,08:55:00,2,4,-2,1,1,REGULAR,78,H. HALE,1,foul,13,,"['shooting', '1freethrow']",personal,0,77,Hunter Jelaun,Hale,Hunter Jelaun,Hale,H,H,H,H,H. Hale,BAHÇESEHIR KOLEJI,BSK,H. Hale,77,,,,,,FOUL,,BAHÇESEHIR KOLEJI H. HALE foul personal,,,,,,,,,0,4,1.0,,0,2,0,4
08:55,08:55:00,2,4,-2,2,1,REGULAR,6,F. CRUZ SALDIVAR,1,foulon,14,13,[],,0,9,Francisco Javier,Cruz Saldivar,Francisco Javier,Cruz Saldivar,F,C,F,C,F. Cruz Saldivar,MERSIN SPOR,MSK,F. Cruz Saldivar,9,,,,,,OTHER,,MERSIN SPOR foulon,,,,,,,,,0,4,1.0,,0,2,0,4
08:55,08:55:00,2,4,-2,2,1,REGULAR,6,F. CRUZ SALDIVAR,0,freethrow,15,,[],1of1,1,9,Francisco Javier,Cruz Saldivar,Francisco Javier,Cruz Saldivar,F,C,F,C,F. Cruz Saldivar,MERSIN SPOR,MSK,F. Cruz Saldivar,9,,,,,,FT,missed,MERSIN SPOR F. CRUZ SALDIVAR FT 1of1 missed,,,,,,,,,0,4,1.0,def_reb,0,2,0,4
08:55,08:55:00,2,4,-2,1,1,REGULAR,79,T. WILLIAMS,1,rebound,16,15,[],defensive,0,50,Trevion Lamon,Williams,Trevion Lamon,Williams,T,W,T,W,T. Williams,BAHÇESEHIR KOLEJI,BSK,T. Williams,50,,,,,,REB,,BAHÇESEHIR KOLEJI rebound defensive,,,,,,,,,0,5,2.0,def_reb,0,2,0,4
08:41,08:41:00,2,4,-2,1,1,REGULAR,3,G. BAS,0,3pt,18,,[],jumpshot,1,57,Göktug,Bas,Göktug,Bas,G,B,G,B,G. Bas,BAHÇESEHIR KOLEJI,BSK,G. Bas,57,,,32.950000762939,62.819999694824,0.0,P3,missed,BAHÇESEHIR KOLEJI G. BAS 3Pt missed,,,,,,,,,0,6,1.0,def_reb,0,2,0,4
08:38,08:38:00,2,4,-2,2,1,REGULAR,4,E. TIRPANCI,1,rebound,19,18,[],defensive,0,10,Efe Ergi,Tirpanci,Efe Ergi,Tirpanci,E,T,E,T,E. Tirpanci,MERSIN SPOR,MSK,E. Tirpanci,10,,,,,,REB,,MERSIN SPOR rebound defensive,,,,,,,,,0,7,2.0,def_reb,0,2,0,4
08:22,08:22:00,2,4,-2,2,1,REGULAR,4,E. TIRPANCI,0,2pt,20,,['pointsinthepaint'],floatingjumpshot,1,10,Efe Ergi,Tirpanci,Efe Ergi,Tirpanci,E,T,E,T,E. Tirpanci,MERSIN SPOR,MSK,E. Tirpanci,10,,,91.919998168945,50.680000305176,0.0,P2,missed,MERSIN SPOR E. TIRPANCI 2Pt missed,,,,,,,,,0,8,1.0,def_reb,0,2,0,4
08:19,08:19:00,2,4,-2,1,1,REGULAR,0,,1,rebound,21,20,['team'],defensive,0,,,,,,,,,,,BAHÇESEHIR KOLEJI,BSK,,,,,,,,TREB,,BAHÇESEHIR KOLEJI team rebound defensive,,,,,,,,,0,9,2.0,def_reb,0,2,0,4
07:59,07:59:00,2,4,-2,2,1,REGULAR,9,J. WHITE,1,foul,25,,"['shooting', '2freethrow']",personal,0,14,Jackson Thomas,White,Jackson Thomas,White,J,W,J,W,J. White,MERSIN SPOR,MSK,J. White,14,,,,,,FOUL,,MERSIN SPOR J. WHITE foul personal,,,,,,,,,0,10,1.0,,0,2,0,4
07:59,07:59:00,2,4,-2,1,1,REGULAR,73,M. PONITKA,1,foulon,26,25,[],,0,28,Mateusz Michal,Ponitka,Mateusz Michal,Ponitka,M,P,M,P,M. Ponitka,BAHÇESEHIR KOLEJI,BSK,M. Ponitka,28,,,,,,OTHER,,BAHÇESEHIR KOLEJI foulon,,,,,,,,,0,10,1.0,,0,2,0,4
07:59,07:59:00,3,4,-1,1,1,REGULAR,73,M. PONITKA,1,freethrow,27,,[],1of2,1,28,Mateusz Michal,Ponitka,Mateusz Michal,Ponitka,M,P,M,P,M. Ponitka,BAHÇESEHIR KOLEJI,BSK,M. Ponitka,28,,,,,,FT,made,BAHÇESEHIR KOLEJI M. PONITKA FT 1of2 made,,,,,,,,,1,10,1.0,made_ft,1,3,0,4
07:59,07:59:00,3,4,-1,1,1,REGULAR,79,T. WILLIAMS,1,assist,28,27,[],,0,50,Trevion Lamon,Williams,Trevion Lamon,Williams,T,W,T,W,T. Williams,BAHÇESEHIR KOLEJI,BSK,T. Williams,50,,,,,,ASS,,BAHÇESEHIR KOLEJI T. WILLIAMS assist,,,,,,,,,0,11,2.0,,0,3,0,4
07:59,07:59:00,4,4,0,1,1,REGULAR,73,M. PONITKA,1,freethrow,29,,[],2of2,1,28,Mateusz Michal,Ponitka,Mateusz Michal,Ponitka,M,P,M,P,M. Ponitka,BAHÇESEHIR KOLEJI,BSK,M. Ponitka,28,,,,,,FT,made,BAHÇESEHIR KOLEJI M. PONITKA FT 2of2 made,,,,,,,,,1,11,2.0,made_ft_last,1,4,0,4
07:41,07:41:00,4,4,0,2,1,REGULAR,5,J. COBBS,0,2pt,31,,[],jumpshot,1,1,Justin,Cobbs,Justin,Cobbs,J,C,J,C,J. Cobbs,MERSIN SPOR,MSK,J. Cobbs,1,,,81.470001220703,74.690002441406,0.0,P2,missed,MERSIN SPOR J. COBBS 2Pt missed,,,,,,,,,0,12,1.0,def_reb,0,4,0,4
07:37,07:37:00,4,4,0,1,1,REGULAR,73,M. PONITKA,1,rebound,32,31,[],defensive,0,28,Mateusz Michal,Ponitka,Mateusz Michal,Ponitka,M,P,M,P,M. Ponitka,BAHÇESEHIR KOLEJI,BSK,M. Ponitka,28,,,,,,REB,,BAHÇESEHIR KOLEJI rebound defensive,,,,,,,,,0,13,2.0,def_reb,0,4,0,4
07:20,07:20:00,4,4,0,1,1,REGULAR,80,M. FLYNN,0,2pt,33,,[],stepbackjumpshot,1,22,Malachi Emmanuel,Flynn,Malachi Emmanuel,Flynn,M,F,M,F,M. Flynn,BAHÇESEHIR KOLEJI,BSK,M. Flynn,22,,,23.739999771118,43.049999237061,0.0,P2,missed,BAHÇESEHIR KOLEJI M. FLYNN 2Pt missed,,,,,,,,,0,14,1.0,,0,4,0,4
07:17,07:17:00,4,4,0,1,1,REGULAR,79,T. WILLIAMS,1,rebound,35,33,[],offensive,0,50,Trevion Lamon,Williams,Trevion Lamon,Williams,T,W,T,W,T. Williams,BAHÇESEHIR KOLEJI,BSK,T. Williams,50,,,,,,REB,,BAHÇESEHIR KOLEJI rebound offensive,,,,,,,,,0,14,1.0,,0,4,0,4
07:17,07:17:00,4,4,0,2,1,REGULAR,9,J. WHITE,1,foul,36,,[],personal,0,14,Jackson Thomas,White,Jackson Thomas,White,J,W,J,W,J. White,MERSIN SPOR,MSK,J. White,14,,,,,,FOUL,,MERSIN SPOR J. WHITE foul personal,,,,,,,,,0,14,1.0,,0,4,0,4
07:17,07:17:00,4,4,0,1,1,REGULAR,79,T. WILLIAMS,1,foulon,37,36,[],,0,50,Trevion Lamon,Williams,Trevion Lamon,Williams,T,W,T,W,T. Williams,BAHÇESEHIR KOLEJI,BSK,T. Williams,50,,,,,,OTHER,,BAHÇESEHIR KOLEJI foulon,,,,,,,,,0,14,1.0,,0,4,0,4
07:06,07:06:00,4,4,0,1,1,REGULAR,79,T. WILLIAMS,0,2pt,39,,"['2ndchance', 'pointsinthepaint', 'blocked']",floatingjumpshot,1,50,Trevion Lamon,Williams,Trevion Lamon,Williams,T,W,T,W,T. Williams,BAHÇESEHIR KOLEJI,BSK,T. Williams,50,,,11.420000076294,49.830001831055,0.0,P2,missed,BAHÇESEHIR KOLEJI T. WILLIAMS 2Pt missed,,,,4.0,2.0,E. TIRPANCI,,,0,14,1.0,,0,4,0,4
07:06,07:06:00,4,4,0,2,1,REGULAR,4,E. TIRPANCI,1,block,41,39,[],,0,10,Efe Ergi,Tirpanci,Efe Ergi,Tirpanci,E,T,E,T,E. Tirpanci,MERSIN SPOR,MSK,E. Tirpanci,10,,,,,,BS,,MERSIN SPOR E. TIRPANCI block,,,,,,,,,0,14,1.0,,0,4,0,4
07:04,07:04:00,4,4,0,2,1,REGULAR,9,J. WHITE,1,rebound,42,39,[],defensive,0,14,Jackson Thomas,White,Jackson Thomas,White,J,W,J,W,J. White,MERSIN SPOR,MSK,J. White,14,,,,,,REB,,MERSIN SPOR rebound defensive,,,,,,,,,0,14,1.0,def_reb,0,4,0,4
07:04,07:04:00,4,4,0,1,1,REGULAR,3,G. BAS,1,foul,43,,[],personal,0,57,Göktug,Bas,Göktug,Bas,G,B,G,B,G. Bas,BAHÇESEHIR KOLEJI,BSK,G. Bas,57,,,,,,FOUL,,BAHÇESEHIR KOLEJI G. BAS foul personal,,,,,,,,,0,15,2.0,,0,4,0,4
07:04,07:04:00,4,4,0,2,1,REGULAR,9,J. WHITE,1,foulon,44,43,[],,0,14,Jackson Thomas,White,Jackson Thomas,White,J,W,J,W,J. White,MERSIN SPOR,MSK,J. White,14,,,,,,OTHER,,MERSIN SPOR foulon,,,,,,,,,0,15,2.0,,0,4,0,4
06:45,06:45:00,4,4,0,2,1,REGULAR,4,E. TIRPANCI,0,3pt,46,,[],jumpshot,1,10,Efe Ergi,Tirpanci,Efe Ergi,Tirpanci,E,T,E,T,E. Tirpanci,MERSIN SPOR,MSK,E. Tirpanci,10,,,83.809997558594,6.0500001907349,0.0,P3,missed,MERSIN SPOR E. TIRPANCI 3Pt missed,,,,,,,,,0,15,2.0,,0,4,0,4
06:43,06:43:00,4,4,0,2,1,REGULAR,55,A. OLASENI,1,rebound,47,46,[],offensive,0,0,Abodunrin Gabriel,Olaseni,Abodunrin Gabriel,Olaseni,A,O,A,O,A. Olaseni,MERSIN SPOR,MSK,A. Olaseni,0,,,,,,REB,,MERSIN SPOR rebound offensive,,,,,,,,,0,15,2.0,,0,4,0,4
06:39,06:39:00,4,6,-2,2,1,REGULAR,6,F. CRUZ SALDIVAR,1,2pt,48,,"['2ndchance', 'pointsinthepaint']",floatingjumpshot,1,9,Francisco Javier,Cruz Saldivar,Francisco Javier,Cruz Saldivar,F,C,F,C,F. Cruz Saldivar,MERSIN SPOR,MSK,F. Cruz Saldivar,9,,,95.040000915527,47.849998474121,1.0,P2,made,MERSIN SPOR F. CRUZ SALDIVAR 2Pt made,4.0,2.0,E. TIRPANCI,,,,,,2,15,2.0,score,0,4,2,6
06:39,06:39:00,4,6,-2,2,1,REGULAR,4,E. TIRPANCI,1,assist,49,48,[],,0,10,Efe Ergi,Tirpanci,Efe Ergi,Tirpanci,E,T,E,T,E. Tirpanci,MERSIN SPOR,MSK,E. Tirpanci,10,,,,,,ASS,,MERSIN SPOR E. TIRPANCI assist,,,,,,,,,0,16,1.0,,0,4,0,6
06:24,06:24:00,6,6,0,1,1,REGULAR,79,T. WILLIAMS,1,2pt,50,,['pointsinthepaint'],floatingjumpshot,1,50,Trevion Lamon,Williams,Trevion Lamon,Williams,T,W,T,W,T. Williams,BAHÇESEHIR KOLEJI,BSK,T. Williams,50,,,9.5500001907349,48.139999389648,1.0,P2,made,BAHÇESEHIR KOLEJI T. WILLIAMS 2Pt made,78.0,1.0,H. HALE,,,,,,2,16,1.0,score,2,6,0,6
06:24,06:24:00,6,6,0,1,1,REGULAR,78,H. HALE,1,assist,51,50,[],,0,77,Hunter Jelaun,Hale,Hunter Jelaun,Hale,H,H,H,H,H. Hale,BAHÇESEHIR KOLEJI,BSK,H. Hale,77,,,,,,ASS,,BAHÇESEHIR KOLEJI H. HALE assist,,,,,,,,,0,17,2.0,,0,6,0,6
06:09,06:09:00,6,8,-2,2,1,REGULAR,5,J. COBBS,1,2pt,52,,[],floatingjumpshot,1,1,Justin,Cobbs,Justin,Cobbs,J,C,J,C,J. Cobbs,MERSIN SPOR,MSK,J. Cobbs,1,,,90.669998168945,70.730003356934,1.0,P2,made,MERSIN SPOR J. COBBS 2Pt made,6.0,2.0,F. CRUZ SALDIVAR,,,,,,2,17,2.0,score,0,6,2,8
06:09,06:09:00,6,8,-2,2,1,REGULAR,6,F. CRUZ SALDIVAR,1,assist,53,52,[],,0,9,Francisco Javier,Cruz Saldivar,Francisco Javier,Cruz Saldivar,F,C,F,C,F. Cruz Saldivar,MERSIN SPOR,MSK,F. Cruz Saldivar,9,,,,,,ASS,,MERSIN SPOR F. CRUZ SALDIVAR assist,,,,,,,,,0,18,1.0,,0,6,0,8
06:01,06:01:00,6,8,-2,2,1,REGULAR,6,F. CRUZ SALDIVAR,1,foul,55,,[],personal,0,9,Francisco Javier,Cruz Saldivar,Francisco Javier,Cruz Saldivar,F,C,F,C,F. Cruz Saldivar,MERSIN SPOR,MSK,F. Cruz Saldivar,9,,,,,,FOUL,,MERSIN SPOR F. CRUZ SALDIVAR foul personal,,,,,,,,,0,18,1.0,,0,6,0,8
06:01,06:01:00,6,8,-2,1,1,REGULAR,80,M. FLYNN,1,foulon,56,55,[],,0,22,Malachi Emmanuel,Flynn,Malachi Emmanuel,Flynn,M,F,M,F,M. Flynn,BAHÇESEHIR KOLEJI,BSK,M. Flynn,22,,,,,,OTHER,,BAHÇESEHIR KOLEJI foulon,,,,,,,,,0,18,1.0,,0,6,0,8
05:48,05:48:00,6,8,-2,1,1,REGULAR,80,M. FLYNN,0,3pt,60,,[],jumpshot,1,22,Malachi Emmanuel,Flynn,Malachi Emmanuel,Flynn,M,F,M,F,M. Flynn,BAHÇESEHIR KOLEJI,BSK,M. Flynn,22,,,16.569999694824,1.2400000095367,0.0,P3,missed,BAHÇESEHIR KOLEJI M. FLYNN 3Pt missed,,,,,,,,,0,18,1.0,def_reb,0,6,0,8
05:46,05:46:00,6,8,-2,2,1,REGULAR,9,J. WHITE,1,rebound,61,60,[],defensive,0,14,Jackson Thomas,White,Jackson Thomas,White,J,W,J,W,J. White,MERSIN SPOR,MSK,J. White,14,,,,,,REB,,MERSIN SPOR rebound defensive,,,,,,,,,0,19,2.0,def_reb,0,6,0,8
05:40,05:40:00,6,8,-2,2,1,REGULAR,55,A. OLASENI,1,turnover,63,,[],travel,0,0,Abodunrin Gabriel,Olaseni,Abodunrin Gabriel,Olaseni,A,O,A,O,A. Olaseni,MERSIN SPOR,MSK,A. Olaseni,0,,,,,,TO,,MERSIN SPOR A. OLASENI turnover travel,,,,,,,,,0,20,1.0,turnover,0,6,0,8
05:23,05:23:00,6,8,-2,1,1,REGULAR,78,H. HALE,0,2pt,65,,"['fromturnover', 'pointsinthepaint']",layup,1,77,Hunter Jelaun,Hale,Hunter Jelaun,Hale,H,H,H,H,H. Hale,BAHÇESEHIR KOLEJI,BSK,H. Hale,77,,,6.1199998855591,53.220001220703,0.0,P2,missed,BAHÇESEHIR KOLEJI H. HALE 2Pt missed,,,,,,,,,0,21,2.0,def_reb,0,6,0,8
05:21,05:21:00,6,8,-2,2,1,REGULAR,0,,1,rebound,67,65,['team'],defensive,0,,,,,,,,,,,MERSIN SPOR,MSK,,,,,,,,TREB,,MERSIN SPOR team rebound defensive,,,,,,,,,0,22,1.0,def_reb,0,6,0,8
05:21,05:21:00,6,8,-2,2,1,REGULAR,9,J. WHITE,1,substitution,68,,[],out,0,14,Jackson Thomas,White,Jackson Thomas,White,J,W,J,W,J. White,MERSIN SPOR,MSK,J. White,14,,,,,,SUB,out,MERSIN SPOR substitution out,,,,,,,,,0,23,2.0,,0,6,0,8
05:21,05:21:00,6,8,-2,2,1,REGULAR,7,B. BENTIL,1,substitution,69,,[],in,0,50,Benjamin,Bentil,Benjamin,Bentil,B,B,B,B,B. Bentil,MERSIN SPOR,MSK,B. Bentil,50,,,,,,SUB,in,MERSIN SPOR substitution in,,,,,,,,,0,23,2.0,,0,6,0,8
04:56,04:56:00,6,10,-4,2,1,REGULAR,7,B. BENTIL,1,2pt,71,,['pointsinthepaint'],floatingjumpshot,1,50,Benjamin,Bentil,Benjamin,Bentil,B,B,B,B,B. Bentil,MERSIN SPOR,MSK,B. Bentil,50,,,93.480003356934,57.740001678467,1.0,P2,made,MERSIN SPOR B. BENTIL 2Pt made,5.0,2.0,J. COBBS,,,,,,2,23,2.0,score,0,6,2,10
04:56,04:56:00,6,10,-4,2,1,REGULAR,5,J. COBBS,1,assist,72,71,[],,0,1,Justin,Cobbs,Justin,Cobbs,J,C,J,C,J. Cobbs,MERSIN SPOR,MSK,J. Cobbs,1,,,,,,ASS,,MERSIN SPOR J. COBBS assist,,,,,,,,,0,24,1.0,,0,6,0,10
04:45,04:45:00,6,10,-4,2,1,REGULAR,7,B. BENTIL,1,foul,74,,"['shooting', '3freethrow']",personal,0,50,Benjamin,Bentil,Benjamin,Bentil,B,B,B,B,B. Bentil,MERSIN SPOR,MSK,B. Bentil,50,,,,,,FOUL,,MERSIN SPOR B. BENTIL foul personal,,,,,,,,,0,24,1.0,,0,6,0,10
04:45,04:45:00,6,10,-4,1,1,REGULAR,78,H. HALE,1,foulon,75,74,[],,0,77,Hunter Jelaun,Hale,Hunter Jelaun,Hale,H,H,H,H,H. Hale,BAHÇESEHIR KOLEJI,BSK,H. Hale,77,,,,,,OTHER,,BAHÇESEHIR KOLEJI foulon,,,,,,,,,0,24,1.0,,0,6,0,10
04:45,04:45:00,6,10,-4,0,1,REGULAR,0,,1,timeout,78,,[],officials,0,,,,,,,,,,,,,,,,,,,,TIMEOUT,, timeout,,,,,,,,,0,24,1.0,,0,6,0,10
04:45,04:45:00,6,10,-4,1,1,REGULAR,79,T. WILLIAMS,1,substitution,79,,[],out,0,50,Trevion Lamon,Williams,Trevion Lamon,Williams,T,W,T,W,T. Williams,BAHÇESEHIR KOLEJI,BSK,T. Williams,50,,,,,,SUB,out,BAHÇESEHIR KOLEJI substitution out,,,,,,,,,0,24,1.0,,0,6,0,10
04:45,04:45:00,6,10,-4,1,1,REGULAR,77,B. KOPRIVICA,1,substitution,80,,[],in,0,8,Balsa,Koprivica,Balsa,Koprivica,B,K,B,K,B. Koprivica,BAHÇESEHIR KOLEJI,BSK,B. Koprivica,8,,,,,,SUB,in,BAHÇESEHIR KOLEJI substitution in,,,,,,,,,0,24,1.0,,0,6,0,10
04:45,04:45:00,7,10,-3,1,1,REGULAR,78,H. HALE,1,freethrow,81,,[],1of3,1,77,Hunter Jelaun,Hale,Hunter Jelaun,Hale,H,H,H,H,H. Hale,BAHÇESEHIR KOLEJI,BSK,H. Hale,77,,,,,,FT,made,BAHÇESEHIR KOLEJI H. HALE FT 1of3 made,,,,,,,,,1,24,1.0,made_ft,1,7,0,10
04:45,04:45:00,8,10,-2,1,1,REGULAR,78,H. HALE,1,freethrow,82,,[],2of3,1,77,Hunter Jelaun,Hale,Hunter Jelaun,Hale,H,H,H,H,H. Hale,BAHÇESEHIR KOLEJI,BSK,H. Hale,77,,,,,,FT,made,BAHÇESEHIR KOLEJI H. HALE FT 2of3 made,,,,,,,,,1,25,2.0,made_ft,1,8,0,10
04:45,04:45:00,9,10,-1,1,1,REGULAR,78,H. HALE,1,freethrow,83,,[],3of3,1,77,Hunter Jelaun,Hale,Hunter Jelaun,Hale,H,H,H,H,H. Hale,BAHÇESEHIR KOLEJI,BSK,H. Hale,77,,,,,,FT,made,BAHÇESEHIR KOLEJI H. HALE FT 3of3 made,,,,,,,,,1,26,1.0,made_ft_last,1,9,0,10
04:30,04:30:00,9,10,-1,2,1,REGULAR,7,B. BENTIL,0,2pt,89,,['pointsinthepaint'],layup,1,50,Benjamin,Bentil,Benjamin,Bentil,B,B,B,B,B. Bentil,MERSIN SPOR,MSK,B. Bentil,50,,,92.540000915527,49.549999237061,0.0,P2,missed,MERSIN SPOR B. BENTIL 2Pt missed,,,,,,,,,0,27,2.0,,0,9,0,10
04:30,04:30:00,9,10,-1,2,1,REGULAR,55,A. OLASENI,1,rebound,90,89,[],offensive,0,0,Abodunrin Gabriel,Olaseni,Abodunrin Gabriel,Olaseni,A,O,A,O,A. Olaseni,MERSIN SPOR,MSK,A. Olaseni,0,,,,,,REB,,MERSIN SPOR rebound offensive,,,,,,,,,0,27,2.0,,0,9,0,10
04:30,04:30:00,9,10,-1,1,1,REGULAR,77,B. KOPRIVICA,1,foul,91,,"['shooting', '2freethrow']",personal,0,8,Balsa,Koprivica,Balsa,Koprivica,B,K,B,K,B. Koprivica,BAHÇESEHIR KOLEJI,BSK,B. Koprivica,8,,,,,,FOUL,,BAHÇESEHIR KOLEJI B. KOPRIVICA foul personal,,,,,,,,,0,27,2.0,,0,9,0,10
04:30,04:30:00,9,10,-1,2,1,REGULAR,55,A. OLASENI,1,foulon,92,91,[],,0,0,Abodunrin Gabriel,Olaseni,Abodunrin Gabriel,Olaseni,A,O,A,O,A. Olaseni,MERSIN SPOR,MSK,A. Olaseni,0,,,,,,OTHER,,MERSIN SPOR foulon,,,,,,,,,0,27,2.0,,0,9,0,10
04:30,04:30:00,9,10,-1,1,1,REGULAR,73,M. PONITKA,1,substitution,93,,[],out,0,28,Mateusz Michal,Ponitka,Mateusz Michal,Ponitka,M,P,M,P,M. Ponitka,BAHÇESEHIR KOLEJI,BSK,M. Ponitka,28,,,,,,SUB,out,BAHÇESEHIR KOLEJI substitution out,,,,,,,,,0,27,2.0,,0,9,0,10
04:30,04:30:00,9,10,-1,1,1,REGULAR,3,G. BAS,1,substitution,94,,[],out,0,57,Göktug,Bas,Göktug,Bas,G,B,G,B,G. Bas,BAHÇESEHIR KOLEJI,BSK,G. Bas,57,,,,,,SUB,out,BAHÇESEHIR KOLEJI substitution out,,,,,,,,,0,27,2.0,,0,9,0,10
04:30,04:30:00,9,10,-1,1,1,REGULAR,76,M. MITCHELL II,1,substitution,95,,[],in,0,11,Matthew Antonio,Mitchell Ii,Matthew Antonio,Mitchell Ii,M,M,M,M,M. Mitchell Ii,BAHÇESEHIR KOLEJI,BSK,M. Mitchell Ii,11,,,,,,SUB,in,BAHÇESEHIR KOLEJI substitution in,,,,,,,,,0,27,2.0,,0,9,0,10
04:30,04:30:00,9,10,-1,1,1,REGULAR,1,I. AKPINAR,1,substitution,96,,[],in,0,33,Ismet,Akpinar,Ismet,Akpinar,I,A,I,A,I. Akpinar,BAHÇESEHIR KOLEJI,BSK,I. Akpinar,33,,,,,,SUB,in,BAHÇESEHIR KOLEJI substitution in,,,,,,,,,0,27,2.0,,0,9,0,10
04:30,04:30:00,9,11,-2,2,1,REGULAR,55,A. OLASENI,1,freethrow,97,,['2ndchance'],1of2,1,0,Abodunrin Gabriel,Olaseni,Abodunrin Gabriel,Olaseni,A,O,A,O,A. Olaseni,MERSIN SPOR,MSK,A. Olaseni,0,,,,,,FT,made,MERSIN SPOR A. OLASENI FT 1of2 made,,,,,,,,,1,27,2.0,made_ft,0,9,1,11
04:30,04:30:00,9,12,-3,2,1,REGULAR,55,A. OLASENI,1,freethrow,98,,['2ndchance'],2of2,1,0,Abodunrin Gabriel,Olaseni,Abodunrin Gabriel,Olaseni,A,O,A,O,A. Olaseni,MERSIN SPOR,MSK,A. Olaseni,0,,,,,,FT,made,MERSIN SPOR A. OLASENI FT 2of2 made,,,,,,,,,1,28,1.0,made_ft_last,0,9,1,12
04:30,04:30:00,9,12,-3,2,1,REGULAR,4,E. TIRPANCI,1,substitution,99,,[],out,0,10,Efe Ergi,Tirpanci,Efe Ergi,Tirpanci,E,T,E,T,E. Tirpanci,MERSIN SPOR,MSK,E. Tirpanci,10,,,,,,SUB,out,MERSIN SPOR substitution out,,,,,,,,,0,29,2.0,,0,9,0,12
04:30,04:30:00,9,12,-3,2,1,REGULAR,3,K. ÖZMIZRAK,1,substitution,100,,[],in,0,3,Kartal,Özmizrak,Kartal,Özmizrak,K,Ö,K,Ö,K. Özmizrak,MERSIN SPOR,MSK,K. Özmizrak,3,,,,,,SUB,in,MERSIN SPOR substitution in,,,,,,,,,0,29,2.0,,0,9,0,12
04:18,04:18:00,9,12,-3,1,1,REGULAR,80,M. FLYNN,0,3pt,102,,[],jumpshot,1,22,Malachi Emmanuel,Flynn,Malachi Emmanuel,Flynn,M,F,M,F,M. Flynn,BAHÇESEHIR KOLEJI,BSK,M. Flynn,22,,,28.579999923706,90.230003356934,0.0,P3,missed,BAHÇESEHIR KOLEJI M. FLYNN 3Pt missed,,,,,,,,,0,29,2.0,,0,9,0,12
04:16,04:16:00,9,12,-3,1,1,REGULAR,77,B. KOPRIVICA,1,rebound,103,102,[],offensive,0,8,Balsa,Koprivica,Balsa,Koprivica,B,K,B,K,B. Koprivica,BAHÇESEHIR KOLEJI,BSK,B. Koprivica,8,,,,,,REB,,BAHÇESEHIR KOLEJI rebound offensive,,,,,,,,,0,29,2.0,,0,9,0,12
04:12,04:12:00,12,12,0,1,1,REGULAR,80,M. FLYNN,1,3pt,104,,['2ndchance'],jumpshot,1,22,Malachi Emmanuel,Flynn,Malachi Emmanuel,Flynn,M,F,M,F,M. Flynn,BAHÇESEHIR KOLEJI,BSK,M. Flynn,22,,,24.059999465942,90.51000213623,1.0,P3,made,BAHÇESEHIR KOLEJI M. FLYNN 3Pt made,1.0,1.0,I. AKPINAR,,,,,,3,29,2.0,score,3,12,0,12
04:12,04:12:00,12,12,0,1,1,REGULAR,1,I. AKPINAR,1,assist,105,104,[],,0,33,Ismet,Akpinar,Ismet,Akpinar,I,A,I,A,I. Akpinar,BAHÇESEHIR KOLEJI,BSK,I. Akpinar,33,,,,,,ASS,,BAHÇESEHIR KOLEJI I. AKPINAR assist,,,,,,,,,0,30,1.0,,0,12,0,12
03:53,03:53:00,12,12,0,2,1,REGULAR,55,A. OLASENI,0,2pt,107,,"['pointsinthepaint', 'blocked']",layup,1,0,Abodunrin Gabriel,Olaseni,Abodunrin Gabriel,Olaseni,A,O,A,O,A. Olaseni,MERSIN SPOR,MSK,A. Olaseni,0,,,93.319999694824,53.5,0.0,P2,missed,MERSIN SPOR A. OLASENI 2Pt missed,,,,77.0,1.0,B. KOPRIVICA,,,0,30,1.0,,0,12,0,12
03:53,03:53:00,12,12,0,1,1,REGULAR,77,B. KOPRIVICA,1,block,108,107,[],,0,8,Balsa,Koprivica,Balsa,Koprivica,B,K,B,K,B. Koprivica,BAHÇESEHIR KOLEJI,BSK,B. Koprivica,8,,,,,,BS,,BAHÇESEHIR KOLEJI B. KOPRIVICA block,,,,,,,,,0,30,1.0,,0,12,0,12
03:53,03:53:00,12,12,0,2,1,REGULAR,0,,1,rebound,109,107,['team'],offensive,0,,,,,,,,,,,MERSIN SPOR,MSK,,,,,,,,TREB,,MERSIN SPOR team rebound offensive,,,,,,,,,0,30,1.0,def_reb,0,12,0,12
03:50,03:50:00,12,14,-2,2,1,REGULAR,6,F. CRUZ SALDIVAR,1,2pt,111,,['2ndchance'],jumpshot,1,9,Francisco Javier,Cruz Saldivar,Francisco Javier,Cruz Saldivar,F,C,F,C,F. Cruz Saldivar,MERSIN SPOR,MSK,F. Cruz Saldivar,9,,,90.830001831055,13.949999809265,1.0,P2,made,MERSIN SPOR F. CRUZ SALDIVAR 2Pt made,5.0,2.0,J. COBBS,,,,,,2,31,2.0,score,0,12,2,14
03:50,03:50:00,12,14,-2,2,1,REGULAR,5,J. COBBS,1,assist,112,111,[],,0,1,Justin,Cobbs,Justin,Cobbs,J,C,J,C,J. Cobbs,MERSIN SPOR,MSK,J. Cobbs,1,,,,,,ASS,,MERSIN SPOR J. COBBS assist,,,,,,,,,0,32,1.0,,0,12,0,14
03:32,03:32:00,12,14,-2,1,1,REGULAR,77,B. KOPRIVICA,1,turnover,114,,[],travel,0,8,Balsa,Koprivica,Balsa,Koprivica,B,K,B,K,B. Koprivica,BAHÇESEHIR KOLEJI,BSK,B. Koprivica,8,,,,,,TO,,BAHÇESEHIR KOLEJI B. KOPRIVICA turnover travel,,,,,,,,,0,32,1.0,turnover,0,12,0,14
03:11,03:11:00,12,14,-2,2,1,REGULAR,5,J. COBBS,0,2pt,116,,['fromturnover'],jumpshot,1,1,Justin,Cobbs,Justin,Cobbs,J,C,J,C,J. Cobbs,MERSIN SPOR,MSK,J. Cobbs,1,,,86.459999084473,23.280000686646,0.0,P2,missed,MERSIN SPOR J. COBBS 2Pt missed,,,,,,,,,0,33,2.0,def_reb,0,12,0,14
03:09,03:09:00,12,14,-2,1,1,REGULAR,80,M. FLYNN,1,rebound,117,116,[],defensive,0,22,Malachi Emmanuel,Flynn,Malachi Emmanuel,Flynn,M,F,M,F,M. Flynn,BAHÇESEHIR KOLEJI,BSK,M. Flynn,22,,,,,,REB,,BAHÇESEHIR KOLEJI rebound defensive,,,,,,,,,0,34,1.0,def_reb,0,12,0,14
03:03,03:03:00,14,14,0,1,1,REGULAR,77,B. KOPRIVICA,1,2pt,118,,"['pointsinthepaint', 'fastbreak']",dunk,1,8,Balsa,Koprivica,Balsa,Koprivica,B,K,B,K,B. Koprivica,BAHÇESEHIR KOLEJI,BSK,B. Koprivica,8,,,6.5799999237061,53.220001220703,1.0,P2,made,BAHÇESEHIR KOLEJI B. KOPRIVICA 2Pt made,76.0,1.0,M. MITCHELL II,,,,,,2,35,2.0,score,2,14,0,14
03:03,03:03:00,14,14,0,1,1,REGULAR,76,M. MITCHELL II,1,assist,119,118,[],,0,11,Matthew Antonio,Mitchell Ii,Matthew Antonio,Mitchell Ii,M,M,M,M,M. Mitchell Ii,BAHÇESEHIR KOLEJI,BSK,M. Mitchell Ii,11,,,,,,ASS,,BAHÇESEHIR KOLEJI M. MITCHELL II assist,,,,,,,,,0,36,1.0,,0,14,0,14
02:37,02:37:00,14,14,0,2,1,REGULAR,6,F. CRUZ SALDIVAR,0,3pt,120,,[],jumpshot,1,9,Francisco Javier,Cruz Saldivar,Francisco Javier,Cruz Saldivar,F,C,F,C,F. Cruz Saldivar,MERSIN SPOR,MSK,F. Cruz Saldivar,9,,,66.48999786377,66.5,0.0,P3,missed,MERSIN SPOR F. CRUZ SALDIVAR 3Pt missed,,,,,,,,,0,36,1.0,def_reb,0,14,0,14
02:34,02:34:00,14,14,0,2,1,REGULAR,0,,1,rebound,122,120,['team'],offensive,0,,,,,,,,,,,MERSIN SPOR,MSK,,,,,,,,TREB,,MERSIN SPOR team rebound offensive,,,,,,,,,0,37,2.0,def_reb,0,14,0,14
02:34,02:34:00,14,14,0,1,1,REGULAR,80,M. FLYNN,1,substitution,123,,[],out,0,22,Malachi Emmanuel,Flynn,Malachi Emmanuel,Flynn,M,F,M,F,M. Flynn,BAHÇESEHIR KOLEJI,BSK,M. Flynn,22,,,,,,SUB,out,BAHÇESEHIR KOLEJI substitution out,,,,,,,,,0,38,1.0,,0,14,0,14
02:34,02:34:00,14,14,0,1,1,REGULAR,78,H. HALE,1,substitution,124,,[],out,0,77,Hunter Jelaun,Hale,Hunter Jelaun,Hale,H,H,H,H,H. Hale,BAHÇESEHIR KOLEJI,BSK,H. Hale,77,,,,,,SUB,out,BAHÇESEHIR KOLEJI substitution out,,,,,,,,,0,38,1.0,,0,14,0,14
02:34,02:34:00,14,14,0,1,1,REGULAR,75,C. HOMESLEY,1,substitution,125,,[],in,0,5,Caleb Allen,Homesley,Caleb Allen,Homesley,C,H,C,H,C. Homesley,BAHÇESEHIR KOLEJI,BSK,C. Homesley,5,,,,,,SUB,in,BAHÇESEHIR KOLEJI substitution in,,,,,,,,,0,38,1.0,,0,14,0,14
02:34,02:34:00,14,14,0,1,1,REGULAR,73,M. PONITKA,1,substitution,126,,[],in,0,28,Mateusz Michal,Ponitka,Mateusz Michal,Ponitka,M,P,M,P,M. Ponitka,BAHÇESEHIR KOLEJI,BSK,M. Ponitka,28,,,,,,SUB,in,BAHÇESEHIR KOLEJI substitution in,,,,,,,,,0,38,1.0,,0,14,0,14
02:34,02:34:00,14,14,0,2,1,REGULAR,5,J. COBBS,1,substitution,127,,[],out,0,1,Justin,Cobbs,Justin,Cobbs,J,C,J,C,J. Cobbs,MERSIN SPOR,MSK,J. Cobbs,1,,,,,,SUB,out,MERSIN SPOR substitution out,,,,,,,,,0,38,1.0,,0,14,0,14
02:34,02:34:00,14,14,0,2,1,REGULAR,6,F. CRUZ SALDIVAR,1,substitution,128,,[],out,0,9,Francisco Javier,Cruz Saldivar,Francisco Javier,Cruz Saldivar,F,C,F,C,F. Cruz Saldivar,MERSIN SPOR,MSK,F. Cruz Saldivar,9,,,,,,SUB,out,MERSIN SPOR substitution out,,,,,,,,,0,38,1.0,,0,14,0,14
02:34,02:34:00,14,14,0,2,1,REGULAR,10,R. MARCH JR,1,substitution,129,,[],in,0,4,Ronald Eugene,March Jr,Ronald Eugene,March Jr,R,M,R,M,R. March Jr,MERSIN SPOR,MSK,R. March Jr,4,,,,,,SUB,in,MERSIN SPOR substitution in,,,,,,,,,0,38,1.0,,0,14,0,14
02:34,02:34:00,14,14,0,2,1,REGULAR,56,A. COWAN,1,substitution,130,,[],in,0,7,Anthony Dewayne,Cowan,Anthony Dewayne,Cowan,A,C,A,C,A. Cowan,MERSIN SPOR,MSK,A. Cowan,7,,,,,,SUB,in,MERSIN SPOR substitution in,,,,,,,,,0,38,1.0,,0,14,0,14
02:34,02:34:00,14,14,0,2,1,REGULAR,55,A. OLASENI,1,substitution,131,,[],out,0,0,Abodunrin Gabriel,Olaseni,Abodunrin Gabriel,Olaseni,A,O,A,O,A. Olaseni,MERSIN SPOR,MSK,A. Olaseni,0,,,,,,SUB,out,MERSIN SPOR substitution out,,,,,,,,,0,38,1.0,,0,14,0,14
02:34,02:34:00,14,14,0,2,1,REGULAR,1,H. SAYILI,1,substitution,132,,[],in,0,8,Hakan,Sayili,Hakan,Sayili,H,S,H,S,H. Sayili,MERSIN SPOR,MSK,H. Sayili,8,,,,,,SUB,in,MERSIN SPOR substitution in,,,,,,,,,0,38,1.0,,0,14,0,14
02:25,02:25:00,14,14,0,2,1,REGULAR,3,K. ÖZMIZRAK,0,3pt,134,,['2ndchance'],jumpshot,1,3,Kartal,Özmizrak,Kartal,Özmizrak,K,Ö,K,Ö,K. Özmizrak,MERSIN SPOR,MSK,K. Özmizrak,3,,,77.099998474121,86.550003051758,0.0,P3,missed,MERSIN SPOR K. ÖZMIZRAK 3Pt missed,,,,,,,,,0,38,1.0,def_reb,0,14,0,14
02:22,02:22:00,14,14,0,1,1,REGULAR,73,M. PONITKA,1,rebound,135,134,[],defensive,0,28,Mateusz Michal,Ponitka,Mateusz Michal,Ponitka,M,P,M,P,M. Ponitka,BAHÇESEHIR KOLEJI,BSK,M. Ponitka,28,,,,,,REB,,BAHÇESEHIR KOLEJI rebound defensive,,,,,,,,,0,39,2.0,def_reb,0,14,0,14
02:15,02:15:00,14,14,0,2,1,REGULAR,3,K. ÖZMIZRAK,1,foul,137,,['2freethrow'],personal,0,3,Kartal,Özmizrak,Kartal,Özmizrak,K,Ö,K,Ö,K. Özmizrak,MERSIN SPOR,MSK,K. Özmizrak,3,,,,,,FOUL,,MERSIN SPOR K. ÖZMIZRAK foul personal,,,,,,,,,0,40,1.0,,0,14,0,14
02:15,02:15:00,14,14,0,1,1,REGULAR,77,B. KOPRIVICA,1,foulon,138,137,[],,0,8,Balsa,Koprivica,Balsa,Koprivica,B,K,B,K,B. Koprivica,BAHÇESEHIR KOLEJI,BSK,B. Koprivica,8,,,,,,OTHER,,BAHÇESEHIR KOLEJI foulon,,,,,,,,,0,40,1.0,,0,14,0,14
02:15,02:15:00,15,14,1,1,1,REGULAR,77,B. KOPRIVICA,1,freethrow,139,,[],1of2,1,8,Balsa,Koprivica,Balsa,Koprivica,B,K,B,K,B. Koprivica,BAHÇESEHIR KOLEJI,BSK,B. Koprivica,8,,,,,,FT,made,BAHÇESEHIR KOLEJI B. KOPRIVICA FT 1of2 made,,,,,,,,,1,40,1.0,made_ft,1,15,0,14
02:15,02:15:00,15,14,1,1,1,REGULAR,77,B. KOPRIVICA,0,freethrow,140,,[],2of2,1,8,Balsa,Koprivica,Balsa,Koprivica,B,K,B,K,B. Koprivica,BAHÇESEHIR KOLEJI,BSK,B. Koprivica,8,,,,,,FT,missed,BAHÇESEHIR KOLEJI B. KOPRIVICA FT 2of2 missed,,,,,,,,,0,41,2.0,def_reb,0,15,0,14
02:15,02:15:00,15,14,1,2,1,REGULAR,7,B. BENTIL,1,rebound,142,140,[],defensive,0,50,Benjamin,Bentil,Benjamin,Bentil,B,B,B,B,B. Bentil,MERSIN SPOR,MSK,B. Bentil,50,,,,,,REB,,MERSIN SPOR rebound defensive,,,,,,,,,0,42,1.0,def_reb,0,15,0,14
02:00,02:00:00,15,14,1,1,1,REGULAR,77,B. KOPRIVICA,1,foul,144,,"['shooting', '2freethrow']",personal,0,8,Balsa,Koprivica,Balsa,Koprivica,B,K,B,K,B. Koprivica,BAHÇESEHIR KOLEJI,BSK,B. Koprivica,8,,,,,,FOUL,,BAHÇESEHIR KOLEJI B. KOPRIVICA foul personal,,,,,,,,,0,43,2.0,,0,15,0,14
02:00,02:00:00,15,14,1,2,1,REGULAR,10,R. MARCH JR,1,foulon,145,144,[],,0,4,Ronald Eugene,March Jr,Ronald Eugene,March Jr,R,M,R,M,R. March Jr,MERSIN SPOR,MSK,R. March Jr,4,,,,,,OTHER,,MERSIN SPOR foulon,,,,,,,,,0,43,2.0,,0,15,0,14
02:00,02:00:00,15,14,1,1,1,REGULAR,77,B. KOPRIVICA,1,substitution,146,,[],out,0,8,Balsa,Koprivica,Balsa,Koprivica,B,K,B,K,B. Koprivica,BAHÇESEHIR KOLEJI,BSK,B. Koprivica,8,,,,,,SUB,out,BAHÇESEHIR KOLEJI substitution out,,,,,,,,,0,43,2.0,,0,15,0,14
02:00,02:00:00,15,14,1,1,1,REGULAR,63,F. HALTALI,1,substitution,147,,[],in,0,14,Furkan,Haltali,Furkan,Haltali,F,H,F,H,F. Haltali,BAHÇESEHIR KOLEJI,BSK,F. Haltali,14,,,,,,SUB,in,BAHÇESEHIR KOLEJI substitution in,,,,,,,,,0,43,2.0,,0,15,0,14
02:00,02:00:00,15,15,0,2,1,REGULAR,10,R. MARCH JR,1,freethrow,148,,[],1of2,1,4,Ronald Eugene,March Jr,Ronald Eugene,March Jr,R,M,R,M,R. March Jr,MERSIN SPOR,MSK,R. March Jr,4,,,,,,FT,made,MERSIN SPOR R. MARCH JR FT 1of2 made,,,,,,,,,1,43,2.0,made_ft,0,15,1,15
02:00,02:00:00,15,16,-1,2,1,REGULAR,10,R. MARCH JR,1,freethrow,149,,[],2of2,1,4,Ronald Eugene,March Jr,Ronald Eugene,March Jr,R,M,R,M,R. March Jr,MERSIN SPOR,MSK,R. March Jr,4,,,,,,FT,made,MERSIN SPOR R. MARCH JR FT 2of2 made,,,,,,,,,1,44,1.0,made_ft_last,0,15,1,16
01:39,01:39:00,17,16,1,1,1,REGULAR,76,M. MITCHELL II,1,2pt,151,,['pointsinthepaint'],jumpshot,1,11,Matthew Antonio,Mitchell Ii,Matthew Antonio,Mitchell Ii,M,M,M,M,M. Mitchell Ii,BAHÇESEHIR KOLEJI,BSK,M. Mitchell Ii,11,,,8.3000001907349,39.659999847412,1.0,P2,made,BAHÇESEHIR KOLEJI M. MITCHELL II 2Pt made,,,,,,,,,2,45,2.0,score,2,17,0,16
01:29,01:29:00,17,16,1,1,1,REGULAR,75,C. HOMESLEY,1,foul,153,,['2freethrow'],personal,0,5,Caleb Allen,Homesley,Caleb Allen,Homesley,C,H,C,H,C. Homesley,BAHÇESEHIR KOLEJI,BSK,C. Homesley,5,,,,,,FOUL,,BAHÇESEHIR KOLEJI C. HOMESLEY foul personal,,,,,,,,,0,46,1.0,,0,17,0,16
01:29,01:29:00,17,16,1,2,1,REGULAR,3,K. ÖZMIZRAK,1,foulon,154,153,[],,0,3,Kartal,Özmizrak,Kartal,Özmizrak,K,Ö,K,Ö,K. Özmizrak,MERSIN SPOR,MSK,K. Özmizrak,3,,,,,,OTHER,,MERSIN SPOR foulon,,,,,,,,,0,46,1.0,,0,17,0,16
01:29,01:29:00,17,17,0,2,1,REGULAR,3,K. ÖZMIZRAK,1,freethrow,155,,[],1of2,1,3,Kartal,Özmizrak,Kartal,Özmizrak,K,Ö,K,Ö,K. Özmizrak,MERSIN SPOR,MSK,K. Özmizrak,3,,,,,,FT,made,MERSIN SPOR K. ÖZMIZRAK FT 1of2 made,,,,,,,,,1,46,1.0,made_ft,0,17,1,17
01:29,01:29:00,17,18,-1,2,1,REGULAR,3,K. ÖZMIZRAK,1,freethrow,156,,[],2of2,1,3,Kartal,Özmizrak,Kartal,Özmizrak,K,Ö,K,Ö,K. Özmizrak,MERSIN SPOR,MSK,K. Özmizrak,3,,,,,,FT,made,MERSIN SPOR K. ÖZMIZRAK FT 2of2 made,,,,,,,,,1,47,2.0,made_ft_last,0,17,1,18
01:11,01:11:00,17,18,-1,1,1,REGULAR,75,C. HOMESLEY,1,turnover,159,,[],badpass,0,5,Caleb Allen,Homesley,Caleb Allen,Homesley,C,H,C,H,C. Homesley,BAHÇESEHIR KOLEJI,BSK,C. Homesley,5,,,,,,TO,,BAHÇESEHIR KOLEJI C. HOMESLEY turnover badpass,,,,,,,,,0,48,1.0,turnover,0,17,0,18
01:11,01:11:00,17,18,-1,1,1,REGULAR,1,I. AKPINAR,1,substitution,160,,[],out,0,33,Ismet,Akpinar,Ismet,Akpinar,I,A,I,A,I. Akpinar,BAHÇESEHIR KOLEJI,BSK,I. Akpinar,33,,,,,,SUB,out,BAHÇESEHIR KOLEJI substitution out,,,,,,,,,0,49,2.0,,0,17,0,18
01:11,01:11:00,17,18,-1,1,1,REGULAR,80,M. FLYNN,1,substitution,161,,[],in,0,22,Malachi Emmanuel,Flynn,Malachi Emmanuel,Flynn,M,F,M,F,M. Flynn,BAHÇESEHIR KOLEJI,BSK,M. Flynn,22,,,,,,SUB,in,BAHÇESEHIR KOLEJI substitution in,,,,,,,,,0,49,2.0,,0,17,0,18
00:48,00:48:70,17,18,-1,2,1,REGULAR,7,B. BENTIL,0,2pt,163,,['fromturnover'],jumpshot,1,50,Benjamin,Bentil,Benjamin,Bentil,B,B,B,B,B. Bentil,MERSIN SPOR,MSK,B. Bentil,50,,,92.849998474121,24.969999313354,0.0,P2,missed,MERSIN SPOR B. BENTIL 2Pt missed,,,,,,,,,0,49,2.0,,0,17,0,18
00:46,00:46:50,17,18,-1,2,1,REGULAR,1,H. SAYILI,1,rebound,164,163,[],offensive,0,8,Hakan,Sayili,Hakan,Sayili,H,S,H,S,H. Sayili,MERSIN SPOR,MSK,H. Sayili,8,,,,,,REB,,MERSIN SPOR rebound offensive,,,,,,,,,0,49,2.0,,0,17,0,18
00:45,00:45:40,17,20,-3,2,1,REGULAR,1,H. SAYILI,1,2pt,165,,"['2ndchance', 'fromturnover', 'pointsinthepaint']",layup,1,8,Hakan,Sayili,Hakan,Sayili,H,S,H,S,H. Sayili,MERSIN SPOR,MSK,H. Sayili,8,,,95.349998474121,56.330001831055,1.0,P2,made,MERSIN SPOR H. SAYILI 2Pt made,,,,,,,,,2,49,2.0,score,0,17,2,20
00:37,00:37:50,17,20,-3,1,1,REGULAR,80,M. FLYNN,0,3pt,166,,[],jumpshot,1,22,Malachi Emmanuel,Flynn,Malachi Emmanuel,Flynn,M,F,M,F,M. Flynn,BAHÇESEHIR KOLEJI,BSK,M. Flynn,22,,,29.520000457764,74.970001220703,0.0,P3,missed,BAHÇESEHIR KOLEJI M. FLYNN 3Pt missed,,,,,,,,,0,50,1.0,def_reb,0,17,0,20
00:34,00:34:50,17,20,-3,1,1,REGULAR,0,,1,rebound,168,166,['team'],offensive,0,,,,,,,,,,,BAHÇESEHIR KOLEJI,BSK,,,,,,,,TREB,,BAHÇESEHIR KOLEJI team rebound offensive,,,,,,,,,0,51,2.0,def_reb,0,17,0,20
00:24,00:24:50,17,20,-3,1,1,REGULAR,80,M. FLYNN,0,2pt,170,,['2ndchance'],jumpshot,1,22,Malachi Emmanuel,Flynn,Malachi Emmanuel,Flynn,M,F,M,F,M. Flynn,BAHÇESEHIR KOLEJI,BSK,M. Flynn,22,,,18.60000038147,24.120000839233,0.0,P2,missed,BAHÇESEHIR KOLEJI M. FLYNN 2Pt missed,,,,,,,,,0,52,1.0,def_reb,0,17,0,20
00:21,00:21:90,17,20,-3,2,1,REGULAR,3,K. ÖZMIZRAK,1,rebound,171,170,[],defensive,0,3,Kartal,Özmizrak,Kartal,Özmizrak,K,Ö,K,Ö,K. Özmizrak,MERSIN SPOR,MSK,K. Özmizrak,3,,,,,,REB,,MERSIN SPOR rebound defensive,,,,,,,,,0,53,2.0,def_reb,0,17,0,20
00:18,00:18:70,17,20,-3,2,1,REGULAR,10,R. MARCH JR,1,turnover,173,,[],ballhandling,0,4,Ronald Eugene,March Jr,Ronald Eugene,March Jr,R,M,R,M,R. March Jr,MERSIN SPOR,MSK,R. March Jr,4,,,,,,TO,,MERSIN SPOR R. MARCH JR turnover ballhandling,,,,,,,,,0,54,1.0,turnover,0,17,0,20
00:03,00:03:10,17,20,-3,2,1,REGULAR,56,A. COWAN,1,foul,176,,"['shooting', '2freethrow']",personal,0,7,Anthony Dewayne,Cowan,Anthony Dewayne,Cowan,A,C,A,C,A. Cowan,MERSIN SPOR,MSK,A. Cowan,7,,,,,,FOUL,,MERSIN SPOR A. COWAN foul personal,,,,,,,,,0,55,2.0,,0,17,0,20
00:03,00:03:10,17,20,-3,1,1,REGULAR,80,M. FLYNN,1,foulon,177,176,[],,0,22,Malachi Emmanuel,Flynn,Malachi Emmanuel,Flynn,M,F,M,F,M. Flynn,BAHÇESEHIR KOLEJI,BSK,M. Flynn,22,,,,,,OTHER,,BAHÇESEHIR KOLEJI foulon,,,,,,,,,0,55,2.0,,0,17,0,20
00:03,00:03:10,17,20,-3,2,1,REGULAR,1,H. SAYILI,1,substitution,178,,[],out,0,8,Hakan,Sayili,Hakan,Sayili,H,S,H,S,H. Sayili,MERSIN SPOR,MSK,H. Sayili,8,,,,,,SUB,out,MERSIN SPOR substitution out,,,,,,,,,0,55,2.0,,0,17,0,20
00:03,00:03:10,17,20,-3,2,1,REGULAR,6,F. CRUZ SALDIVAR,1,substitution,179,,[],in,0,9,Francisco Javier,Cruz Saldivar,Francisco Javier,Cruz Saldivar,F,C,F,C,F. Cruz Saldivar,MERSIN SPOR,MSK,F. Cruz Saldivar,9,,,,,,SUB,in,MERSIN SPOR substitution in,,,,,,,,,0,55,2.0,,0,17,0,20
00:03,00:03:10,18,20,-2,1,1,REGULAR,80,M. FLYNN,1,freethrow,180,,['fromturnover'],1of2,1,22,Malachi Emmanuel,Flynn,Malachi Emmanuel,Flynn,M,F,M,F,M. Flynn,BAHÇESEHIR KOLEJI,BSK,M. Flynn,22,,,,,,FT,made,BAHÇESEHIR KOLEJI M. FLYNN FT 1of2 made,,,,,,,,,1,55,2.0,made_ft,1,18,0,20
00:03,00:03:10,19,20,-1,1,1,REGULAR,80,M. FLYNN,1,freethrow,181,,['fromturnover'],2of2,1,22,Malachi Emmanuel,Flynn,Malachi Emmanuel,Flynn,M,F,M,F,M. Flynn,BAHÇESEHIR KOLEJI,BSK,M. Flynn,22,,,,,,FT,made,BAHÇESEHIR KOLEJI M. FLYNN FT 2of2 made,,,,,,,,,1,56,1.0,made_ft_last,1,19,0,20
00:03,00:03:10,19,20,-1,1,1,REGULAR,75,C. HOMESLEY,1,substitution,182,,[],out,0,5,Caleb Allen,Homesley,Caleb Allen,Homesley,C,H,C,H,C. Homesley,BAHÇESEHIR KOLEJI,BSK,C. Homesley,5,,,,,,SUB,out,BAHÇESEHIR KOLEJI substitution out,,,,,,,,,0,57,2.0,,0,19,0,20
00:03,00:03:10,19,20,-1,1,1,REGULAR,63,F. HALTALI,1,substitution,183,,[],out,0,14,Furkan,Haltali,Furkan,Haltali,F,H,F,H,F. Haltali,BAHÇESEHIR KOLEJI,BSK,F. Haltali,14,,,,,,SUB,out,BAHÇESEHIR KOLEJI substitution out,,,,,,,,,0,57,2.0,,0,19,0,20
00:03,00:03:10,19,20,-1,1,1,REGULAR,1,I. AKPINAR,1,substitution,184,,[],in,0,33,Ismet,Akpinar,Ismet,Akpinar,I,A,I,A,I. Akpinar,BAHÇESEHIR KOLEJI,BSK,I. Akpinar,33,,,,,,SUB,in,BAHÇESEHIR KOLEJI substitution in,,,,,,,,,0,57,2.0,,0,19,0,20
00:03,00:03:10,19,20,-1,1,1,REGULAR,3,G. BAS,1,substitution,185,,[],in,0,57,Göktug,Bas,Göktug,Bas,G,B,G,B,G. Bas,BAHÇESEHIR KOLEJI,BSK,G. Bas,57,,,,,,SUB,in,BAHÇESEHIR KOLEJI substitution in,,,,,,,,,0,57,2.0,,0,19,0,20
00:00,00:00:00,19,20,-1,0,1,REGULAR,0,,1,period,188,,['confirmed'],end,0,,,,,,,,,,,,,,,,,,,,OTHER,,period end,,,,,,,,,0,57,2.0,,0,19,0,20
10:00,10:00:00,19,20,-1,1,2,REGULAR,73,M. PONITKA,1,substitution,189,,[],out,0,28,Mateusz Michal,Ponitka,Mateusz Michal,Ponitka,M,P,M,P,M. Ponitka,BAHÇESEHIR KOLEJI,BSK,M. Ponitka,28,,,,,,SUB,out,BAHÇESEHIR KOLEJI substitution out,,,,,,,,,0,57,2.0,,0,19,0,20
10:00,10:00:00,19,20,-1,1,2,REGULAR,3,G. BAS,1,substitution,190,,[],out,0,57,Göktug,Bas,Göktug,Bas,G,B,G,B,G. Bas,BAHÇESEHIR KOLEJI,BSK,G. Bas,57,,,,,,SUB,out,BAHÇESEHIR KOLEJI substitution out,,,,,,,,,0,57,2.0,,0,19,0,20
10:00,10:00:00,19,20,-1,1,2,REGULAR,75,C. HOMESLEY,1,substitution,191,,[],in,0,5,Caleb Allen,Homesley,Caleb Allen,Homesley,C,H,C,H,C. Homesley,BAHÇESEHIR KOLEJI,BSK,C. Homesley,5,,,,,,SUB,in,BAHÇESEHIR KOLEJI substitution in,,,,,,,,,0,57,2.0,,0,19,0,20
10:00,10:00:00,19,20,-1,1,2,REGULAR,79,T. WILLIAMS,1,substitution,192,,[],in,0,50,Trevion Lamon,Williams,Trevion Lamon,Williams,T,W,T,W,T. Williams,BAHÇESEHIR KOLEJI,BSK,T. Williams,50,,,,,,SUB,in,BAHÇESEHIR KOLEJI substitution in,,,,,,,,,0,57,2.0,,0,19,0,20
10:00,10:00:00,19,20,-1,2,2,REGULAR,6,F. CRUZ SALDIVAR,1,substitution,193,,[],out,0,9,Francisco Javier,Cruz Saldivar,Francisco Javier,Cruz Saldivar,F,C,F,C,F. Cruz Saldivar,MERSIN SPOR,MSK,F. Cruz Saldivar,9,,,,,,SUB,out,MERSIN SPOR substitution out,,,,,,,,,0,57,2.0,,0,19,0,20
10:00,10:00:00,19,20,-1,2,2,REGULAR,55,A. OLASENI,1,substitution,194,,[],in,0,0,Abodunrin Gabriel,Olaseni,Abodunrin Gabriel,Olaseni,A,O,A,O,A. Olaseni,MERSIN SPOR,MSK,A. Olaseni,0,,,,,,SUB,in,MERSIN SPOR substitution in,,,,,,,,,0,57,2.0,,0,19,0,20
10:00,10:00:00,19,20,-1,0,2,REGULAR,0,,1,period,195,,[],start,0,,,,,,,,,,,,,,,,,,,,OTHER,,period start,,,,,,,,,0,57,2.0,,0,19,0,20
09:47,09:47:00,19,20,-1,1,2,REGULAR,75,C. HOMESLEY,0,3pt,197,,[],jumpshot,1,5,Caleb Allen,Homesley,Caleb Allen,Homesley,C,H,C,H,C. Homesley,BAHÇESEHIR KOLEJI,BSK,C. Homesley,5,,,33.880001068115,51.240001678467,0.0,P3,missed,BAHÇESEHIR KOLEJI C. HOMESLEY 3Pt missed,,,,,,,,,0,57,2.0,,0,19,0,20
09:43,09:43:00,19,20,-1,1,2,REGULAR,79,T. WILLIAMS,1,rebound,198,197,[],offensive,0,50,Trevion Lamon,Williams,Trevion Lamon,Williams,T,W,T,W,T. Williams,BAHÇESEHIR KOLEJI,BSK,T. Williams,50,,,,,,REB,,BAHÇESEHIR KOLEJI rebound offensive,,,,,,,,,0,57,2.0,,0,19,0,20
09:40,09:40:00,19,20,-1,1,2,REGULAR,75,C. HOMESLEY,0,2pt,199,,"['2ndchance', 'pointsinthepaint']",layup,1,5,Caleb Allen,Homesley,Caleb Allen,Homesley,C,H,C,H,C. Homesley,BAHÇESEHIR KOLEJI,BSK,C. Homesley,5,,,4.5599999427795,54.349998474121,0.0,P2,missed,BAHÇESEHIR KOLEJI C. HOMESLEY 2Pt missed,,,,,,,,,0,57,2.0,,0,19,0,20
09:38,09:38:00,19,20,-1,1,2,REGULAR,79,T. WILLIAMS,1,rebound,200,199,[],offensive,0,50,Trevion Lamon,Williams,Trevion Lamon,Williams,T,W,T,W,T. Williams,BAHÇESEHIR KOLEJI,BSK,T. Williams,50,,,,,,REB,,BAHÇESEHIR KOLEJI rebound offensive,,,,,,,,,0,57,2.0,,0,19,0,20
09:37,09:37:00,21,20,1,1,2,REGULAR,79,T. WILLIAMS,1,2pt,201,,"['2ndchance', 'pointsinthepaint']",layup,1,50,Trevion Lamon,Williams,Trevion Lamon,Williams,T,W,T,W,T. Williams,BAHÇESEHIR KOLEJI,BSK,T. Williams,50,,,5.6500000953674,49.830001831055,1.0,P2,made,BAHÇESEHIR KOLEJI T. WILLIAMS 2Pt made,,,,,,,,,2,57,2.0,score,2,21,0,20
09:06,09:06:00,21,20,1,2,2,REGULAR,7,B. BENTIL,0,2pt,204,,['pointsinthepaint'],floatingjumpshot,1,50,Benjamin,Bentil,Benjamin,Bentil,B,B,B,B,B. Bentil,MERSIN SPOR,MSK,B. Bentil,50,,,95.040000915527,46.720001220703,0.0,P2,missed,MERSIN SPOR B. BENTIL 2Pt missed,,,,,,,,,0,58,1.0,def_reb,0,21,0,20
09:03,09:03:00,21,20,1,1,2,REGULAR,79,T. WILLIAMS,1,rebound,205,204,[],defensive,0,50,Trevion Lamon,Williams,Trevion Lamon,Williams,T,W,T,W,T. Williams,BAHÇESEHIR KOLEJI,BSK,T. Williams,50,,,,,,REB,,BAHÇESEHIR KOLEJI rebound defensive,,,,,,,,,0,59,2.0,def_reb,0,21,0,20
09:01,09:01:00,21,20,1,2,2,REGULAR,3,K. ÖZMIZRAK,1,foul,207,,[],personal,0,3,Kartal,Özmizrak,Kartal,Özmizrak,K,Ö,K,Ö,K. Özmizrak,MERSIN SPOR,MSK,K. Özmizrak,3,,,,,,FOUL,,MERSIN SPOR K. ÖZMIZRAK foul personal,,,,,,,,,0,60,1.0,,0,21,0,20
09:01,09:01:00,21,20,1,1,2,REGULAR,80,M. FLYNN,1,foulon,208,207,[],,0,22,Malachi Emmanuel,Flynn,Malachi Emmanuel,Flynn,M,F,M,F,M. Flynn,BAHÇESEHIR KOLEJI,BSK,M. Flynn,22,,,,,,OTHER,,BAHÇESEHIR KOLEJI foulon,,,,,,,,,0,60,1.0,,0,21,0,20
08:53,08:53:00,21,20,1,1,2,REGULAR,80,M. FLYNN,0,2pt,210,,['pointsinthepaint'],drivinglayup,1,22,Malachi Emmanuel,Flynn,Malachi Emmanuel,Flynn,M,F,M,F,M. Flynn,BAHÇESEHIR KOLEJI,BSK,M. Flynn,22,,,7.5199999809265,53.220001220703,0.0,P2,missed,BAHÇESEHIR KOLEJI M. FLYNN 2Pt missed,,,,,,,,,0,60,1.0,def_reb,0,21,0,20
08:50,08:50:00,21,20,1,2,2,REGULAR,7,B. BENTIL,1,rebound,211,210,[],defensive,0,50,Benjamin,Bentil,Benjamin,Bentil,B,B,B,B,B. Bentil,MERSIN SPOR,MSK,B. Bentil,50,,,,,,REB,,MERSIN SPOR rebound defensive,,,,,,,,,0,61,2.0,def_reb,0,21,0,20
08:46,08:46:00,21,20,1,1,2,REGULAR,1,I. AKPINAR,1,foul,213,,"['shooting', '3freethrow']",personal,0,33,Ismet,Akpinar,Ismet,Akpinar,I,A,I,A,I. Akpinar,BAHÇESEHIR KOLEJI,BSK,I. Akpinar,33,,,,,,FOUL,,BAHÇESEHIR KOLEJI I. AKPINAR foul personal,,,,,,,,,0,62,1.0,,0,21,0,20
08:46,08:46:00,21,20,1,2,2,REGULAR,56,A. COWAN,1,foulon,214,213,[],,0,7,Anthony Dewayne,Cowan,Anthony Dewayne,Cowan,A,C,A,C,A. Cowan,MERSIN SPOR,MSK,A. Cowan,7,,,,,,OTHER,,MERSIN SPOR foulon,,,,,,,,,0,62,1.0,,0,21,0,20
08:46,08:46:00,21,21,0,2,2,REGULAR,56,A. COWAN,1,freethrow,215,,['fastbreak'],1of3,1,7,Anthony Dewayne,Cowan,Anthony Dewayne,Cowan,A,C,A,C,A. Cowan,MERSIN SPOR,MSK,A. Cowan,7,,,,,,FT,made,MERSIN SPOR A. COWAN FT 1of3 made,,,,,,,,,1,62,1.0,made_ft,0,21,1,21
08:46,08:46:00,21,22,-1,2,2,REGULAR,56,A. COWAN,1,freethrow,216,,['fastbreak'],2of3,1,7,Anthony Dewayne,Cowan,Anthony Dewayne,Cowan,A,C,A,C,A. Cowan,MERSIN SPOR,MSK,A. Cowan,7,,,,,,FT,made,MERSIN SPOR A. COWAN FT 2of3 made,,,,,,,,,1,63,2.0,made_ft,0,21,1,22
08:46,08:46:00,21,23,-2,2,2,REGULAR,56,A. COWAN,1,freethrow,217,,['fastbreak'],3of3,1,7,Anthony Dewayne,Cowan,Anthony Dewayne,Cowan,A,C,A,C,A. Cowan,MERSIN SPOR,MSK,A. Cowan,7,,,,,,FT,made,MERSIN SPOR A. COWAN FT 3of3 made,,,,,,,,,1,64,1.0,made_ft_last,0,21,1,23
08:22,08:22:00,21,23,-2,2,2,REGULAR,10,R. MARCH JR,1,foul,222,,[],personal,0,4,Ronald Eugene,March Jr,Ronald Eugene,March Jr,R,M,R,M,R. March Jr,MERSIN SPOR,MSK,R. March Jr,4,,,,,,FOUL,,MERSIN SPOR R. MARCH JR foul personal,,,,,,,,,0,65,2.0,,0,21,0,23
08:22,08:22:00,21,23,-2,1,2,REGULAR,75,C. HOMESLEY,1,foulon,223,222,[],,0,5,Caleb Allen,Homesley,Caleb Allen,Homesley,C,H,C,H,C. Homesley,BAHÇESEHIR KOLEJI,BSK,C. Homesley,5,,,,,,OTHER,,BAHÇESEHIR KOLEJI foulon,,,,,,,,,0,65,2.0,,0,21,0,23
08:19,08:19:00,21,23,-2,1,2,REGULAR,75,C. HOMESLEY,1,turnover,227,,[],badpass,0,5,Caleb Allen,Homesley,Caleb Allen,Homesley,C,H,C,H,C. Homesley,BAHÇESEHIR KOLEJI,BSK,C. Homesley,5,,,,,,TO,,BAHÇESEHIR KOLEJI C. HOMESLEY turnover badpass,,,,,,,,,0,65,2.0,turnover,0,21,0,23
08:19,08:19:00,21,23,-2,2,2,REGULAR,55,A. OLASENI,1,steal,228,227,[],,0,0,Abodunrin Gabriel,Olaseni,Abodunrin Gabriel,Olaseni,A,O,A,O,A. Olaseni,MERSIN SPOR,MSK,A. Olaseni,0,,,,,,ST,,MERSIN SPOR A. OLASENI steal,,,,,,,,,0,66,1.0,,0,21,0,23
08:15,08:15:00,21,23,-2,2,2,REGULAR,10,R. MARCH JR,0,3pt,229,,['fromturnover'],jumpshot,1,4,Ronald Eugene,March Jr,Ronald Eugene,March Jr,R,M,R,M,R. March Jr,MERSIN SPOR,MSK,R. March Jr,4,,,70.230003356934,22.430000305176,0.0,P3,missed,MERSIN SPOR R. MARCH JR 3Pt missed,,,,,,,,,0,66,1.0,def_reb,0,21,0,23
08:13,08:13:00,21,23,-2,1,2,REGULAR,80,M. FLYNN,1,rebound,230,229,[],defensive,0,22,Malachi Emmanuel,Flynn,Malachi Emmanuel,Flynn,M,F,M,F,M. Flynn,BAHÇESEHIR KOLEJI,BSK,M. Flynn,22,,,,,,REB,,BAHÇESEHIR KOLEJI rebound defensive,,,,,,,,,0,67,2.0,def_reb,0,21,0,23
08:05,08:05:00,21,23,-2,1,2,REGULAR,80,M. FLYNN,0,2pt,231,,[],jumpshot,1,22,Malachi Emmanuel,Flynn,Malachi Emmanuel,Flynn,M,F,M,F,M. Flynn,BAHÇESEHIR KOLEJI,BSK,M. Flynn,22,,,20.159999847412,50.680000305176,0.0,P2,missed,BAHÇESEHIR KOLEJI M. FLYNN 2Pt missed,,,,,,,,,0,68,1.0,def_reb,0,21,0,23
08:03,08:03:00,21,23,-2,2,2,REGULAR,56,A. COWAN,1,rebound,232,231,[],defensive,0,7,Anthony Dewayne,Cowan,Anthony Dewayne,Cowan,A,C,A,C,A. Cowan,MERSIN SPOR,MSK,A. Cowan,7,,,,,,REB,,MERSIN SPOR rebound defensive,,,,,,,,,0,69,2.0,def_reb,0,21,0,23
07:49,07:49:00,21,23,-2,2,2,REGULAR,55,A. OLASENI,0,2pt,233,,['pointsinthepaint'],layup,1,0,Abodunrin Gabriel,Olaseni,Abodunrin Gabriel,Olaseni,A,O,A,O,A. Olaseni,MERSIN SPOR,MSK,A. Olaseni,0,,,96.599998474121,45.310001373291,0.0,P2,missed,MERSIN SPOR A. OLASENI 2Pt missed,,,,,,,,,0,70,1.0,def_reb,0,21,0,23
07:45,07:45:00,21,23,-2,1,2,REGULAR,75,C. HOMESLEY,1,rebound,234,233,[],defensive,0,5,Caleb Allen,Homesley,Caleb Allen,Homesley,C,H,C,H,C. Homesley,BAHÇESEHIR KOLEJI,BSK,C. Homesley,5,,,,,,REB,,BAHÇESEHIR KOLEJI rebound defensive,,,,,,,,,0,71,2.0,def_reb,0,21,0,23
07:40,07:40:00,21,23,-2,1,2,REGULAR,79,T. WILLIAMS,0,2pt,235,,['pointsinthepaint'],layup,1,50,Trevion Lamon,Williams,Trevion Lamon,Williams,T,W,T,W,T. Williams,BAHÇESEHIR KOLEJI,BSK,T. Williams,50,,,4.4000000953674,47.290000915527,0.0,P2,missed,BAHÇESEHIR KOLEJI T. WILLIAMS 2Pt missed,,,,,,,,,0,72,1.0,,0,21,0,23
07:38,07:38:00,21,23,-2,1,2,REGULAR,79,T. WILLIAMS,1,rebound,236,235,[],offensive,0,50,Trevion Lamon,Williams,Trevion Lamon,Williams,T,W,T,W,T. Williams,BAHÇESEHIR KOLEJI,BSK,T. Williams,50,,,,,,REB,,BAHÇESEHIR KOLEJI rebound offensive,,,,,,,,,0,72,1.0,,0,21,0,23
07:37,07:37:00,21,23,-2,1,2,REGULAR,79,T. WILLIAMS,0,2pt,237,,"['2ndchance', 'pointsinthepaint']",layup,1,50,Trevion Lamon,Williams,Trevion Lamon,Williams,T,W,T,W,T. Williams,BAHÇESEHIR KOLEJI,BSK,T. Williams,50,,,2.8399999141693,50.400001525879,0.0,P2,missed,BAHÇESEHIR KOLEJI T. WILLIAMS 2Pt missed,,,,,,,,,0,72,1.0,,0,21,0,23
07:35,07:35:00,21,23,-2,1,2,REGULAR,79,T. WILLIAMS,1,rebound,238,237,[],offensive,0,50,Trevion Lamon,Williams,Trevion Lamon,Williams,T,W,T,W,T. Williams,BAHÇESEHIR KOLEJI,BSK,T. Williams,50,,,,,,REB,,BAHÇESEHIR KOLEJI rebound offensive,,,,,,,,,0,72,1.0,,0,21,0,23
07:35,07:35:00,21,23,-2,1,2,REGULAR,79,T. WILLIAMS,0,2pt,239,,"['2ndchance', 'pointsinthepaint']",tipinlayup,1,50,Trevion Lamon,Williams,Trevion Lamon,Williams,T,W,T,W,T. Williams,BAHÇESEHIR KOLEJI,BSK,T. Williams,50,,,6.0,50.0,0.0,P2,missed,BAHÇESEHIR KOLEJI T. WILLIAMS 2Pt missed,,,,,,,,,0,72,1.0,,0,21,0,23
07:34,07:34:00,21,23,-2,1,2,REGULAR,80,M. FLYNN,1,rebound,240,239,[],offensive,0,22,Malachi Emmanuel,Flynn,Malachi Emmanuel,Flynn,M,F,M,F,M. Flynn,BAHÇESEHIR KOLEJI,BSK,M. Flynn,22,,,,,,REB,,BAHÇESEHIR KOLEJI rebound offensive,,,,,,,,,0,72,1.0,,0,21,0,23
07:33,07:33:00,24,23,1,1,2,REGULAR,1,I. AKPINAR,1,3pt,241,,['2ndchance'],jumpshot,1,33,Ismet,Akpinar,Ismet,Akpinar,I,A,I,A,I. Akpinar,BAHÇESEHIR KOLEJI,BSK,I. Akpinar,33,,,28.579999923706,82.599998474121,1.0,P3,made,BAHÇESEHIR KOLEJI I. AKPINAR 3Pt made,80.0,1.0,M. FLYNN,,,,,,3,72,1.0,score,3,24,0,23
07:33,07:33:00,24,23,1,1,2,REGULAR,80,M. FLYNN,1,assist,242,241,[],,0,22,Malachi Emmanuel,Flynn,Malachi Emmanuel,Flynn,M,F,M,F,M. Flynn,BAHÇESEHIR KOLEJI,BSK,M. Flynn,22,,,,,,ASS,,BAHÇESEHIR KOLEJI M. FLYNN assist,,,,,,,,,0,73,2.0,,0,24,0,23
07:11,07:11:00,24,23,1,1,2,REGULAR,76,M. MITCHELL II,1,foul,244,,"['shooting', '2freethrow']",personal,0,11,Matthew Antonio,Mitchell Ii,Matthew Antonio,Mitchell Ii,M,M,M,M,M. Mitchell Ii,BAHÇESEHIR KOLEJI,BSK,M. Mitchell Ii,11,,,,,,FOUL,,BAHÇESEHIR KOLEJI M. MITCHELL II foul personal,,,,,,,,,0,73,2.0,,0,24,0,23
07:11,07:11:00,24,23,1,2,2,REGULAR,56,A. COWAN,1,foulon,245,244,[],,0,7,Anthony Dewayne,Cowan,Anthony Dewayne,Cowan,A,C,A,C,A. Cowan,MERSIN SPOR,MSK,A. Cowan,7,,,,,,OTHER,,MERSIN SPOR foulon,,,,,,,,,0,73,2.0,,0,24,0,23
07:11,07:11:00,24,23,1,1,2,REGULAR,79,T. WILLIAMS,1,substitution,246,,[],out,0,50,Trevion Lamon,Williams,Trevion Lamon,Williams,T,W,T,W,T. Williams,BAHÇESEHIR KOLEJI,BSK,T. Williams,50,,,,,,SUB,out,BAHÇESEHIR KOLEJI substitution out,,,,,,,,,0,73,2.0,,0,24,0,23
07:11,07:11:00,24,23,1,1,2,REGULAR,77,B. KOPRIVICA,1,substitution,247,,[],in,0,8,Balsa,Koprivica,Balsa,Koprivica,B,K,B,K,B. Koprivica,BAHÇESEHIR KOLEJI,BSK,B. Koprivica,8,,,,,,SUB,in,BAHÇESEHIR KOLEJI substitution in,,,,,,,,,0,73,2.0,,0,24,0,23
07:11,07:11:00,24,23,1,2,2,REGULAR,7,B. BENTIL,1,substitution,248,,[],out,0,50,Benjamin,Bentil,Benjamin,Bentil,B,B,B,B,B. Bentil,MERSIN SPOR,MSK,B. Bentil,50,,,,,,SUB,out,MERSIN SPOR substitution out,,,,,,,,,0,73,2.0,,0,24,0,23
07:11,07:11:00,24,23,1,2,2,REGULAR,9,J. WHITE,1,substitution,249,,[],in,0,14,Jackson Thomas,White,Jackson Thomas,White,J,W,J,W,J. White,MERSIN SPOR,MSK,J. White,14,,,,,,SUB,in,MERSIN SPOR substitution in,,,,,,,,,0,73,2.0,,0,24,0,23
07:11,07:11:00,24,24,0,2,2,REGULAR,56,A. COWAN,1,freethrow,250,,[],1of2,1,7,Anthony Dewayne,Cowan,Anthony Dewayne,Cowan,A,C,A,C,A. Cowan,MERSIN SPOR,MSK,A. Cowan,7,,,,,,FT,made,MERSIN SPOR A. COWAN FT 1of2 made,,,,,,,,,1,73,2.0,made_ft,0,24,1,24
07:11,07:11:00,24,25,-1,2,2,REGULAR,56,A. COWAN,1,freethrow,251,,[],2of2,1,7,Anthony Dewayne,Cowan,Anthony Dewayne,Cowan,A,C,A,C,A. Cowan,MERSIN SPOR,MSK,A. Cowan,7,,,,,,FT,made,MERSIN SPOR A. COWAN FT 2of2 made,,,,,,,,,1,74,1.0,made_ft_last,0,24,1,25
06:58,06:58:00,24,25,-1,1,2,REGULAR,76,M. MITCHELL II,0,2pt,253,,['pointsinthepaint'],jumpshot,1,11,Matthew Antonio,Mitchell Ii,Matthew Antonio,Mitchell Ii,M,M,M,M,M. Mitchell Ii,BAHÇESEHIR KOLEJI,BSK,M. Mitchell Ii,11,,,17.35000038147,60.560001373291,0.0,P2,missed,BAHÇESEHIR KOLEJI M. MITCHELL II 2Pt missed,,,,,,,,,0,75,2.0,def_reb,0,24,0,25
06:55,06:55:00,24,25,-1,2,2,REGULAR,56,A. COWAN,1,rebound,254,253,[],defensive,0,7,Anthony Dewayne,Cowan,Anthony Dewayne,Cowan,A,C,A,C,A. Cowan,MERSIN SPOR,MSK,A. Cowan,7,,,,,,REB,,MERSIN SPOR rebound defensive,,,,,,,,,0,76,1.0,def_reb,0,24,0,25
06:40,06:40:00,24,25,-1,1,2,REGULAR,1,I. AKPINAR,1,foul,256,,[],personal,0,33,Ismet,Akpinar,Ismet,Akpinar,I,A,I,A,I. Akpinar,BAHÇESEHIR KOLEJI,BSK,I. Akpinar,33,,,,,,FOUL,,BAHÇESEHIR KOLEJI I. AKPINAR foul personal,,,,,,,,,0,77,2.0,,0,24,0,25
06:40,06:40:00,24,25,-1,2,2,REGULAR,9,J. WHITE,1,foulon,257,256,[],,0,14,Jackson Thomas,White,Jackson Thomas,White,J,W,J,W,J. White,MERSIN SPOR,MSK,J. White,14,,,,,,OTHER,,MERSIN SPOR foulon,,,,,,,,,0,77,2.0,,0,24,0,25
06:40,06:40:00,24,25,-1,1,2,REGULAR,76,M. MITCHELL II,1,substitution,258,,[],out,0,11,Matthew Antonio,Mitchell Ii,Matthew Antonio,Mitchell Ii,M,M,M,M,M. Mitchell Ii,BAHÇESEHIR KOLEJI,BSK,M. Mitchell Ii,11,,,,,,SUB,out,BAHÇESEHIR KOLEJI substitution out,,,,,,,,,0,77,2.0,,0,24,0,25
06:40,06:40:00,24,25,-1,1,2,REGULAR,1,I. AKPINAR,1,substitution,259,,[],out,0,33,Ismet,Akpinar,Ismet,Akpinar,I,A,I,A,I. Akpinar,BAHÇESEHIR KOLEJI,BSK,I. Akpinar,33,,,,,,SUB,out,BAHÇESEHIR KOLEJI substitution out,,,,,,,,,0,77,2.0,,0,24,0,25
06:40,06:40:00,24,25,-1,1,2,REGULAR,3,G. BAS,1,substitution,260,,[],in,0,57,Göktug,Bas,Göktug,Bas,G,B,G,B,G. Bas,BAHÇESEHIR KOLEJI,BSK,G. Bas,57,,,,,,SUB,in,BAHÇESEHIR KOLEJI substitution in,,,,,,,,,0,77,2.0,,0,24,0,25
06:40,06:40:00,24,25,-1,1,2,REGULAR,78,H. HALE,1,substitution,261,,[],in,0,77,Hunter Jelaun,Hale,Hunter Jelaun,Hale,H,H,H,H,H. Hale,BAHÇESEHIR KOLEJI,BSK,H. Hale,77,,,,,,SUB,in,BAHÇESEHIR KOLEJI substitution in,,,,,,,,,0,77,2.0,,0,24,0,25
06:31,06:31:00,24,25,-1,1,2,REGULAR,78,H. HALE,1,foul,264,,[],personal,0,77,Hunter Jelaun,Hale,Hunter Jelaun,Hale,H,H,H,H,H. Hale,BAHÇESEHIR KOLEJI,BSK,H. Hale,77,,,,,,FOUL,,BAHÇESEHIR KOLEJI H. HALE foul personal,,,,,,,,,0,77,2.0,,0,24,0,25
06:31,06:31:00,24,25,-1,2,2,REGULAR,56,A. COWAN,1,foulon,265,264,[],,0,7,Anthony Dewayne,Cowan,Anthony Dewayne,Cowan,A,C,A,C,A. Cowan,MERSIN SPOR,MSK,A. Cowan,7,,,,,,OTHER,,MERSIN SPOR foulon,,,,,,,,,0,77,2.0,,0,24,0,25
06:22,06:22:00,24,27,-3,2,2,REGULAR,9,J. WHITE,1,2pt,267,,['pointsinthepaint'],dunk,1,14,Jackson Thomas,White,Jackson Thomas,White,J,W,J,W,J. White,MERSIN SPOR,MSK,J. White,14,,,96.910003662109,54.069999694824,1.0,P2,made,MERSIN SPOR J. WHITE 2Pt made,55.0,2.0,A. OLASENI,,,,,,2,77,2.0,score,0,24,2,27
06:22,06:22:00,24,27,-3,2,2,REGULAR,55,A. OLASENI,1,assist,269,267,[],,0,0,Abodunrin Gabriel,Olaseni,Abodunrin Gabriel,Olaseni,A,O,A,O,A. Olaseni,MERSIN SPOR,MSK,A. Olaseni,0,,,,,,ASS,,MERSIN SPOR A. OLASENI assist,,,,,,,,,0,78,1.0,,0,24,0,27
06:21,06:21:00,24,27,-3,1,2,REGULAR,0,,1,timeout,270,,[],full,0,,,,,,,,,,,BAHÇESEHIR KOLEJI,BSK,,,,,,,,TIMEOUT,,BAHÇESEHIR KOLEJI timeout,,,,,,,,,0,78,1.0,,0,24,0,27
06:21,06:21:00,24,27,-3,0,2,REGULAR,0,,1,timeout,271,,[],officials,0,,,,,,,,,,,,,,,,,,,,TIMEOUT,, timeout,,,,,,,,,0,78,1.0,,0,24,0,27
06:21,06:21:00,24,27,-3,1,2,REGULAR,75,C. HOMESLEY,1,substitution,272,,[],out,0,5,Caleb Allen,Homesley,Caleb Allen,Homesley,C,H,C,H,C. Homesley,BAHÇESEHIR KOLEJI,BSK,C. Homesley,5,,,,,,SUB,out,BAHÇESEHIR KOLEJI substitution out,,,,,,,,,0,78,1.0,,0,24,0,27
06:21,06:21:00,24,27,-3,1,2,REGULAR,73,M. PONITKA,1,substitution,273,,[],in,0,28,Mateusz Michal,Ponitka,Mateusz Michal,Ponitka,M,P,M,P,M. Ponitka,BAHÇESEHIR KOLEJI,BSK,M. Ponitka,28,,,,,,SUB,in,BAHÇESEHIR KOLEJI substitution in,,,,,,,,,0,78,1.0,,0,24,0,27
06:08,06:08:00,24,27,-3,1,2,REGULAR,80,M. FLYNN,1,turnover,278,,[],doubledribble,0,22,Malachi Emmanuel,Flynn,Malachi Emmanuel,Flynn,M,F,M,F,M. Flynn,BAHÇESEHIR KOLEJI,BSK,M. Flynn,22,,,,,,TO,,BAHÇESEHIR KOLEJI M. FLYNN turnover doubledribble,,,,,,,,,0,78,1.0,turnover,0,24,0,27
06:08,06:08:00,24,27,-3,2,2,REGULAR,3,K. ÖZMIZRAK,1,substitution,279,,[],out,0,3,Kartal,Özmizrak,Kartal,Özmizrak,K,Ö,K,Ö,K. Özmizrak,MERSIN SPOR,MSK,K. Özmizrak,3,,,,,,SUB,out,MERSIN SPOR substitution out,,,,,,,,,0,79,2.0,,0,24,0,27
06:08,06:08:00,24,27,-3,2,2,REGULAR,4,E. TIRPANCI,1,substitution,280,,[],in,0,10,Efe Ergi,Tirpanci,Efe Ergi,Tirpanci,E,T,E,T,E. Tirpanci,MERSIN SPOR,MSK,E. Tirpanci,10,,,,,,SUB,in,MERSIN SPOR substitution in,,,,,,,,,0,79,2.0,,0,24,0,27
05:56,05:56:00,24,27,-3,2,2,REGULAR,10,R. MARCH JR,0,2pt,281,,"['fromturnover', 'pointsinthepaint']",layup,1,4,Ronald Eugene,March Jr,Ronald Eugene,March Jr,R,M,R,M,R. March Jr,MERSIN SPOR,MSK,R. March Jr,4,,,92.230003356934,46.159999847412,0.0,P2,missed,MERSIN SPOR R. MARCH JR 2Pt missed,,,,,,,,,0,79,2.0,,0,24,0,27
05:56,05:56:00,24,27,-3,2,2,REGULAR,10,R. MARCH JR,1,rebound,282,281,[],offensive,0,4,Ronald Eugene,March Jr,Ronald Eugene,March Jr,R,M,R,M,R. March Jr,MERSIN SPOR,MSK,R. March Jr,4,,,,,,REB,,MERSIN SPOR rebound offensive,,,,,,,,,0,79,2.0,,0,24,0,27
05:53,05:53:00,24,29,-5,2,2,REGULAR,10,R. MARCH JR,1,2pt,283,,"['2ndchance', 'fromturnover']",jumpshot,1,4,Ronald Eugene,March Jr,Ronald Eugene,March Jr,R,M,R,M,R. March Jr,MERSIN SPOR,MSK,R. March Jr,4,,,88.019996643066,80.339996337891,1.0,P2,made,MERSIN SPOR R. MARCH JR 2Pt made,,,,,,,,,2,79,2.0,score,0,24,2,29
05:37,05:37:00,24,29,-5,2,2,REGULAR,4,E. TIRPANCI,1,foul,289,,"['shooting', '2freethrow']",personal,0,10,Efe Ergi,Tirpanci,Efe Ergi,Tirpanci,E,T,E,T,E. Tirpanci,MERSIN SPOR,MSK,E. Tirpanci,10,,,,,,FOUL,,MERSIN SPOR E. TIRPANCI foul personal,,,,,,,,,0,80,1.0,,0,24,0,29
05:37,05:37:00,24,29,-5,1,2,REGULAR,77,B. KOPRIVICA,1,foulon,290,289,[],,0,8,Balsa,Koprivica,Balsa,Koprivica,B,K,B,K,B. Koprivica,BAHÇESEHIR KOLEJI,BSK,B. Koprivica,8,,,,,,OTHER,,BAHÇESEHIR KOLEJI foulon,,,,,,,,,0,80,1.0,,0,24,0,29
05:37,05:37:00,24,29,-5,2,2,REGULAR,56,A. COWAN,1,substitution,291,,[],out,0,7,Anthony Dewayne,Cowan,Anthony Dewayne,Cowan,A,C,A,C,A. Cowan,MERSIN SPOR,MSK,A. Cowan,7,,,,,,SUB,out,MERSIN SPOR substitution out,,,,,,,,,0,80,1.0,,0,24,0,29
05:37,05:37:00,24,29,-5,2,2,REGULAR,5,J. COBBS,1,substitution,292,,[],in,0,1,Justin,Cobbs,Justin,Cobbs,J,C,J,C,J. Cobbs,MERSIN SPOR,MSK,J. Cobbs,1,,,,,,SUB,in,MERSIN SPOR substitution in,,,,,,,,,0,80,1.0,,0,24,0,29
05:37,05:37:00,25,29,-4,1,2,REGULAR,77,B. KOPRIVICA,1,freethrow,293,,[],1of2,1,8,Balsa,Koprivica,Balsa,Koprivica,B,K,B,K,B. Koprivica,BAHÇESEHIR KOLEJI,BSK,B. Koprivica,8,,,,,,FT,made,BAHÇESEHIR KOLEJI B. KOPRIVICA FT 1of2 made,,,,,,,,,1,80,1.0,made_ft,1,25,0,29
05:37,05:37:00,25,29,-4,1,2,REGULAR,78,H. HALE,1,assist,294,293,[],,0,77,Hunter Jelaun,Hale,Hunter Jelaun,Hale,H,H,H,H,H. Hale,BAHÇESEHIR KOLEJI,BSK,H. Hale,77,,,,,,ASS,,BAHÇESEHIR KOLEJI H. HALE assist,,,,,,,,,0,81,2.0,,0,25,0,29
05:37,05:37:00,26,29,-3,1,2,REGULAR,77,B. KOPRIVICA,1,freethrow,295,,[],2of2,1,8,Balsa,Koprivica,Balsa,Koprivica,B,K,B,K,B. Koprivica,BAHÇESEHIR KOLEJI,BSK,B. Koprivica,8,,,,,,FT,made,BAHÇESEHIR KOLEJI B. KOPRIVICA FT 2of2 made,,,,,,,,,1,81,2.0,made_ft_last,1,26,0,29
05:09,05:09:00,26,29,-3,2,2,REGULAR,9,J. WHITE,0,2pt,297,,"['pointsinthepaint', 'blocked']",layup,1,14,Jackson Thomas,White,Jackson Thomas,White,J,W,J,W,J. White,MERSIN SPOR,MSK,J. White,14,,,95.040000915527,54.069999694824,0.0,P2,missed,MERSIN SPOR J. WHITE 2Pt missed,,,,77.0,1.0,B. KOPRIVICA,,,0,82,1.0,,0,26,0,29
05:09,05:09:00,26,29,-3,1,2,REGULAR,77,B. KOPRIVICA,1,block,298,297,[],,0,8,Balsa,Koprivica,Balsa,Koprivica,B,K,B,K,B. Koprivica,BAHÇESEHIR KOLEJI,BSK,B. Koprivica,8,,,,,,BS,,BAHÇESEHIR KOLEJI B. KOPRIVICA block,,,,,,,,,0,82,1.0,,0,26,0,29
05:06,05:06:00,26,29,-3,1,2,REGULAR,78,H. HALE,1,rebound,299,297,[],defensive,0,77,Hunter Jelaun,Hale,Hunter Jelaun,Hale,H,H,H,H,H. Hale,BAHÇESEHIR KOLEJI,BSK,H. Hale,77,,,,,,REB,,BAHÇESEHIR KOLEJI rebound defensive,,,,,,,,,0,82,1.0,def_reb,0,26,0,29
04:52,04:52:00,26,29,-3,2,2,REGULAR,55,A. OLASENI,1,foul,303,,"['shooting', '2freethrow']",personal,0,0,Abodunrin Gabriel,Olaseni,Abodunrin Gabriel,Olaseni,A,O,A,O,A. Olaseni,MERSIN SPOR,MSK,A. Olaseni,0,,,,,,FOUL,,MERSIN SPOR A. OLASENI foul personal,,,,,,,,,0,83,2.0,,0,26,0,29
04:52,04:52:00,26,29,-3,1,2,REGULAR,77,B. KOPRIVICA,1,foulon,304,303,[],,0,8,Balsa,Koprivica,Balsa,Koprivica,B,K,B,K,B. Koprivica,BAHÇESEHIR KOLEJI,BSK,B. Koprivica,8,,,,,,OTHER,,BAHÇESEHIR KOLEJI foulon,,,,,,,,,0,83,2.0,,0,26,0,29
04:52,04:52:00,26,29,-3,2,2,REGULAR,10,R. MARCH JR,1,substitution,305,,[],out,0,4,Ronald Eugene,March Jr,Ronald Eugene,March Jr,R,M,R,M,R. March Jr,MERSIN SPOR,MSK,R. March Jr,4,,,,,,SUB,out,MERSIN SPOR substitution out,,,,,,,,,0,83,2.0,,0,26,0,29
04:52,04:52:00,26,29,-3,2,2,REGULAR,9,J. WHITE,1,substitution,306,,[],out,0,14,Jackson Thomas,White,Jackson Thomas,White,J,W,J,W,J. White,MERSIN SPOR,MSK,J. White,14,,,,,,SUB,out,MERSIN SPOR substitution out,,,,,,,,,0,83,2.0,,0,26,0,29
04:52,04:52:00,26,29,-3,2,2,REGULAR,6,F. CRUZ SALDIVAR,1,substitution,307,,[],in,0,9,Francisco Javier,Cruz Saldivar,Francisco Javier,Cruz Saldivar,F,C,F,C,F. Cruz Saldivar,MERSIN SPOR,MSK,F. Cruz Saldivar,9,,,,,,SUB,in,MERSIN SPOR substitution in,,,,,,,,,0,83,2.0,,0,26,0,29
04:52,04:52:00,26,29,-3,2,2,REGULAR,7,B. BENTIL,1,substitution,308,,[],in,0,50,Benjamin,Bentil,Benjamin,Bentil,B,B,B,B,B. Bentil,MERSIN SPOR,MSK,B. Bentil,50,,,,,,SUB,in,MERSIN SPOR substitution in,,,,,,,,,0,83,2.0,,0,26,0,29
04:52,04:52:00,26,29,-3,1,2,REGULAR,77,B. KOPRIVICA,0,freethrow,309,,[],1of2,1,8,Balsa,Koprivica,Balsa,Koprivica,B,K,B,K,B. Koprivica,BAHÇESEHIR KOLEJI,BSK,B. Koprivica,8,,,,,,FT,missed,BAHÇESEHIR KOLEJI B. KOPRIVICA FT 1of2 missed,,,,,,,,,0,83,2.0,def_reb,0,26,0,29
04:52,04:52:00,26,29,-3,1,2,REGULAR,0,,1,rebound,310,309,[],offensivedeadball,0,,,,,,,,,,,BAHÇESEHIR KOLEJI,BSK,,,,,,,,TREB,,BAHÇESEHIR KOLEJI team rebound offensivedeadball,,,,,,,,,0,84,1.0,def_reb,0,26,0,29
04:52,04:52:00,27,29,-2,1,2,REGULAR,77,B. KOPRIVICA,1,freethrow,311,,[],2of2,1,8,Balsa,Koprivica,Balsa,Koprivica,B,K,B,K,B. Koprivica,BAHÇESEHIR KOLEJI,BSK,B. Koprivica,8,,,,,,FT,made,BAHÇESEHIR KOLEJI B. KOPRIVICA FT 2of2 made,,,,,,,,,1,85,2.0,made_ft_last,1,27,0,29
04:52,04:52:00,27,29,-2,1,2,REGULAR,73,M. PONITKA,1,assist,312,311,[],,0,28,Mateusz Michal,Ponitka,Mateusz Michal,Ponitka,M,P,M,P,M. Ponitka,BAHÇESEHIR KOLEJI,BSK,M. Ponitka,28,,,,,,ASS,,BAHÇESEHIR KOLEJI M. PONITKA assist,,,,,,,,,0,86,1.0,,0,27,0,29
04:17,04:17:00,27,29,-2,1,2,REGULAR,73,M. PONITKA,1,foul,315,,['2freethrow'],personal,0,28,Mateusz Michal,Ponitka,Mateusz Michal,Ponitka,M,P,M,P,M. Ponitka,BAHÇESEHIR KOLEJI,BSK,M. Ponitka,28,,,,,,FOUL,,BAHÇESEHIR KOLEJI M. PONITKA foul personal,,,,,,,,,0,86,1.0,,0,27,0,29
04:17,04:17:00,27,29,-2,2,2,REGULAR,55,A. OLASENI,1,foulon,317,315,[],,0,0,Abodunrin Gabriel,Olaseni,Abodunrin Gabriel,Olaseni,A,O,A,O,A. Olaseni,MERSIN SPOR,MSK,A. Olaseni,0,,,,,,OTHER,,MERSIN SPOR foulon,,,,,,,,,0,86,1.0,,0,27,0,29
04:14,04:14:00,27,30,-3,2,2,REGULAR,55,A. OLASENI,1,freethrow,319,,[],1of2,1,0,Abodunrin Gabriel,Olaseni,Abodunrin Gabriel,Olaseni,A,O,A,O,A. Olaseni,MERSIN SPOR,MSK,A. Olaseni,0,,,,,,FT,made,MERSIN SPOR A. OLASENI FT 1of2 made,,,,,,,,,1,86,1.0,made_ft,0,27,1,30
04:14,04:14:00,27,30,-3,2,2,REGULAR,55,A. OLASENI,0,freethrow,320,,[],2of2,1,0,Abodunrin Gabriel,Olaseni,Abodunrin Gabriel,Olaseni,A,O,A,O,A. Olaseni,MERSIN SPOR,MSK,A. Olaseni,0,,,,,,FT,missed,MERSIN SPOR A. OLASENI FT 2of2 missed,,,,,,,,,0,87,2.0,def_reb,0,27,0,30
04:14,04:14:00,27,30,-3,1,2,REGULAR,77,B. KOPRIVICA,1,rebound,322,320,[],defensive,0,8,Balsa,Koprivica,Balsa,Koprivica,B,K,B,K,B. Koprivica,BAHÇESEHIR KOLEJI,BSK,B. Koprivica,8,,,,,,REB,,BAHÇESEHIR KOLEJI rebound defensive,,,,,,,,,0,88,1.0,def_reb,0,27,0,30
04:13,04:13:00,27,30,-3,1,2,REGULAR,78,H. HALE,0,3pt,324,,[],jumpshot,1,77,Hunter Jelaun,Hale,Hunter Jelaun,Hale,H,H,H,H,H. Hale,BAHÇESEHIR KOLEJI,BSK,H. Hale,77,,,22.64999961853,87.120002746582,0.0,P3,missed,BAHÇESEHIR KOLEJI H. HALE 3Pt missed,,,,,,,,,0,89,2.0,def_reb,0,27,0,30
04:13,04:13:00,27,30,-3,2,2,REGULAR,4,E. TIRPANCI,1,rebound,325,324,[],defensive,0,10,Efe Ergi,Tirpanci,Efe Ergi,Tirpanci,E,T,E,T,E. Tirpanci,MERSIN SPOR,MSK,E. Tirpanci,10,,,,,,REB,,MERSIN SPOR rebound defensive,,,,,,,,,0,90,1.0,def_reb,0,27,0,30
04:13,04:13:00,27,30,-3,2,2,REGULAR,5,J. COBBS,0,3pt,326,,[],jumpshot,1,1,Justin,Cobbs,Justin,Cobbs,J,C,J,C,J. Cobbs,MERSIN SPOR,MSK,J. Cobbs,1,,,76.790000915527,14.239999771118,0.0,P3,missed,MERSIN SPOR J. COBBS 3Pt missed,,,,,,,,,0,91,2.0,def_reb,0,27,0,30
04:13,04:13:00,27,30,-3,1,2,REGULAR,73,M. PONITKA,1,rebound,327,326,[],defensive,0,28,Mateusz Michal,Ponitka,Mateusz Michal,Ponitka,M,P,M,P,M. Ponitka,BAHÇESEHIR KOLEJI,BSK,M. Ponitka,28,,,,,,REB,,BAHÇESEHIR KOLEJI rebound defensive,,,,,,,,,0,92,1.0,def_reb,0,27,0,30
04:09,04:09:00,27,30,-3,1,2,REGULAR,80,M. FLYNN,0,3pt,329,,[],jumpshot,1,22,Malachi Emmanuel,Flynn,Malachi Emmanuel,Flynn,M,F,M,F,M. Flynn,BAHÇESEHIR KOLEJI,BSK,M. Flynn,22,,,26.39999961853,3.5,0.0,P3,missed,BAHÇESEHIR KOLEJI M. FLYNN 3Pt missed,,,,,,,,,0,93,2.0,,0,27,0,30
04:07,04:07:00,27,30,-3,1,2,REGULAR,3,G. BAS,1,rebound,330,329,[],offensive,0,57,Göktug,Bas,Göktug,Bas,G,B,G,B,G. Bas,BAHÇESEHIR KOLEJI,BSK,G. Bas,57,,,,,,REB,,BAHÇESEHIR KOLEJI rebound offensive,,,,,,,,,0,93,2.0,,0,27,0,30
03:58,03:58:00,27,30,-3,1,2,REGULAR,80,M. FLYNN,0,3pt,331,,['2ndchance'],jumpshot,1,22,Malachi Emmanuel,Flynn,Malachi Emmanuel,Flynn,M,F,M,F,M. Flynn,BAHÇESEHIR KOLEJI,BSK,M. Flynn,22,,,18.60000038147,3.789999961853,0.0,P3,missed,BAHÇESEHIR KOLEJI M. FLYNN 3Pt missed,,,,,,,,,0,93,2.0,def_reb,0,27,0,30
03:55,03:55:00,27,30,-3,2,2,REGULAR,5,J. COBBS,1,rebound,332,331,[],defensive,0,1,Justin,Cobbs,Justin,Cobbs,J,C,J,C,J. Cobbs,MERSIN SPOR,MSK,J. Cobbs,1,,,,,,REB,,MERSIN SPOR rebound defensive,,,,,,,,,0,94,1.0,def_reb,0,27,0,30
03:46,03:46:00,27,30,-3,2,2,REGULAR,5,J. COBBS,1,turnover,333,,[],badpass,0,1,Justin,Cobbs,Justin,Cobbs,J,C,J,C,J. Cobbs,MERSIN SPOR,MSK,J. Cobbs,1,,,,,,TO,,MERSIN SPOR J. COBBS turnover badpass,,,,,,,,,0,95,2.0,turnover,0,27,0,30
03:24,03:24:00,29,30,-1,1,2,REGULAR,78,H. HALE,1,2pt,339,,['fromturnover'],jumpshot,1,77,Hunter Jelaun,Hale,Hunter Jelaun,Hale,H,H,H,H,H. Hale,BAHÇESEHIR KOLEJI,BSK,H. Hale,77,,,20.620000839233,59.720001220703,1.0,P2,made,BAHÇESEHIR KOLEJI H. HALE 2Pt made,,,,,,,,,2,96,1.0,score,2,29,0,30
03:13,03:13:00,29,30,-1,2,2,REGULAR,0,,1,timeout,343,,[],full,0,,,,,,,,,,,MERSIN SPOR,MSK,,,,,,,,TIMEOUT,,MERSIN SPOR timeout,,,,,,,,,0,97,2.0,,0,29,0,30
03:13,03:13:00,29,30,-1,1,2,REGULAR,73,M. PONITKA,1,substitution,344,,[],out,0,28,Mateusz Michal,Ponitka,Mateusz Michal,Ponitka,M,P,M,P,M. Ponitka,BAHÇESEHIR KOLEJI,BSK,M. Ponitka,28,,,,,,SUB,out,BAHÇESEHIR KOLEJI substitution out,,,,,,,,,0,97,2.0,,0,29,0,30
03:13,03:13:00,29,30,-1,1,2,REGULAR,75,C. HOMESLEY,1,substitution,345,,[],in,0,5,Caleb Allen,Homesley,Caleb Allen,Homesley,C,H,C,H,C. Homesley,BAHÇESEHIR KOLEJI,BSK,C. Homesley,5,,,,,,SUB,in,BAHÇESEHIR KOLEJI substitution in,,,,,,,,,0,97,2.0,,0,29,0,30
03:11,03:11:00,29,30,-1,2,2,REGULAR,5,J. COBBS,1,turnover,350,,[],badpass,0,1,Justin,Cobbs,Justin,Cobbs,J,C,J,C,J. Cobbs,MERSIN SPOR,MSK,J. Cobbs,1,,,,,,TO,,MERSIN SPOR J. COBBS turnover badpass,,,,,,,,,0,97,2.0,turnover,0,29,0,30
03:11,03:11:00,29,30,-1,1,2,REGULAR,78,H. HALE,1,steal,351,350,[],,0,77,Hunter Jelaun,Hale,Hunter Jelaun,Hale,H,H,H,H,H. Hale,BAHÇESEHIR KOLEJI,BSK,H. Hale,77,,,,,,ST,,BAHÇESEHIR KOLEJI H. HALE steal,,,,,,,,,0,98,1.0,,0,29,0,30
03:08,03:08:00,31,30,1,1,2,REGULAR,3,G. BAS,1,2pt,352,,"['fromturnover', 'pointsinthepaint', 'fastbreak']",dunk,1,57,Göktug,Bas,Göktug,Bas,G,B,G,B,G. Bas,BAHÇESEHIR KOLEJI,BSK,G. Bas,57,,,4.5599999427795,52.659999847412,1.0,P2,made,BAHÇESEHIR KOLEJI G. BAS 2Pt made,78.0,1.0,H. HALE,,,,,,2,98,1.0,score,2,31,0,30
03:08,03:08:00,31,30,1,1,2,REGULAR,78,H. HALE,1,assist,353,352,[],,0,77,Hunter Jelaun,Hale,Hunter Jelaun,Hale,H,H,H,H,H. Hale,BAHÇESEHIR KOLEJI,BSK,H. Hale,77,,,,,,ASS,,BAHÇESEHIR KOLEJI H. HALE assist,,,,,,,,,0,99,2.0,,0,31,0,30
02:50,02:50:00,31,33,-2,2,2,REGULAR,6,F. CRUZ SALDIVAR,1,3pt,354,,[],jumpshot,1,9,Francisco Javier,Cruz Saldivar,Francisco Javier,Cruz Saldivar,F,C,F,C,F. Cruz Saldivar,MERSIN SPOR,MSK,F. Cruz Saldivar,9,,,73.819999694824,79.209999084473,1.0,P3,made,MERSIN SPOR F. CRUZ SALDIVAR 3Pt made,,,,,,,,,3,99,2.0,score,0,31,3,33
02:33,02:33:00,31,33,-2,1,2,REGULAR,75,C. HOMESLEY,0,2pt,355,,[],floatingjumpshot,1,5,Caleb Allen,Homesley,Caleb Allen,Homesley,C,H,C,H,C. Homesley,BAHÇESEHIR KOLEJI,BSK,C. Homesley,5,,,13.449999809265,73.559997558594,0.0,P2,missed,BAHÇESEHIR KOLEJI C. HOMESLEY 2Pt missed,,,,,,,,,0,100,1.0,,0,31,0,33
02:30,02:30:00,31,33,-2,1,2,REGULAR,3,G. BAS,1,rebound,356,355,[],offensive,0,57,Göktug,Bas,Göktug,Bas,G,B,G,B,G. Bas,BAHÇESEHIR KOLEJI,BSK,G. Bas,57,,,,,,REB,,BAHÇESEHIR KOLEJI rebound offensive,,,,,,,,,0,100,1.0,,0,31,0,33
02:30,02:30:00,31,33,-2,1,2,REGULAR,3,G. BAS,0,2pt,357,,"['2ndchance', 'pointsinthepaint']",layup,1,57,Göktug,Bas,Göktug,Bas,G,B,G,B,G. Bas,BAHÇESEHIR KOLEJI,BSK,G. Bas,57,,,3.1500000953674,52.939998626709,0.0,P2,missed,BAHÇESEHIR KOLEJI G. BAS 2Pt missed,,,,,,,,,0,100,1.0,def_reb,0,31,0,33
02:28,02:28:00,31,33,-2,2,2,REGULAR,6,F. CRUZ SALDIVAR,1,rebound,358,357,[],defensive,0,9,Francisco Javier,Cruz Saldivar,Francisco Javier,Cruz Saldivar,F,C,F,C,F. Cruz Saldivar,MERSIN SPOR,MSK,F. Cruz Saldivar,9,,,,,,REB,,MERSIN SPOR rebound defensive,,,,,,,,,0,101,2.0,def_reb,0,31,0,33
02:23,02:23:00,31,33,-2,2,2,REGULAR,6,F. CRUZ SALDIVAR,0,3pt,359,,[],jumpshot,1,9,Francisco Javier,Cruz Saldivar,Francisco Javier,Cruz Saldivar,F,C,F,C,F. Cruz Saldivar,MERSIN SPOR,MSK,F. Cruz Saldivar,9,,,68.830001831055,29.489999771118,0.0,P3,missed,MERSIN SPOR F. CRUZ SALDIVAR 3Pt missed,,,,,,,,,0,102,1.0,def_reb,0,31,0,33
02:20,02:20:00,31,33,-2,1,2,REGULAR,75,C. HOMESLEY,1,rebound,360,359,[],defensive,0,5,Caleb Allen,Homesley,Caleb Allen,Homesley,C,H,C,H,C. Homesley,BAHÇESEHIR KOLEJI,BSK,C. Homesley,5,,,,,,REB,,BAHÇESEHIR KOLEJI rebound defensive,,,,,,,,,0,103,2.0,def_reb,0,31,0,33
02:12,02:12:00,33,33,0,1,2,REGULAR,77,B. KOPRIVICA,1,2pt,362,,['pointsinthepaint'],layup,1,8,Balsa,Koprivica,Balsa,Koprivica,B,K,B,K,B. Koprivica,BAHÇESEHIR KOLEJI,BSK,B. Koprivica,8,,,3.9300000667572,48.700000762939,1.0,P2,made,BAHÇESEHIR KOLEJI B. KOPRIVICA 2Pt made,3.0,1.0,G. BAS,,,,,,2,104,1.0,score,2,33,0,33
02:12,02:12:00,33,33,0,1,2,REGULAR,3,G. BAS,1,assist,363,362,[],,0,57,Göktug,Bas,Göktug,Bas,G,B,G,B,G. Bas,BAHÇESEHIR KOLEJI,BSK,G. Bas,57,,,,,,ASS,,BAHÇESEHIR KOLEJI G. BAS assist,,,,,,,,,0,105,2.0,,0,33,0,33
02:12,02:12:00,33,33,0,2,2,REGULAR,6,F. CRUZ SALDIVAR,1,foul,364,,"['shooting', '1freethrow']",personal,0,9,Francisco Javier,Cruz Saldivar,Francisco Javier,Cruz Saldivar,F,C,F,C,F. Cruz Saldivar,MERSIN SPOR,MSK,F. Cruz Saldivar,9,,,,,,FOUL,,MERSIN SPOR F. CRUZ SALDIVAR foul personal,,,,,,,,,0,105,2.0,,0,33,0,33
02:12,02:12:00,33,33,0,1,2,REGULAR,77,B. KOPRIVICA,1,foulon,365,364,[],,0,8,Balsa,Koprivica,Balsa,Koprivica,B,K,B,K,B. Koprivica,BAHÇESEHIR KOLEJI,BSK,B. Koprivica,8,,,,,,OTHER,,BAHÇESEHIR KOLEJI foulon,,,,,,,,,0,105,2.0,,0,33,0,33
02:12,02:12:00,33,33,0,2,2,REGULAR,4,E. TIRPANCI,1,substitution,368,,[],out,0,10,Efe Ergi,Tirpanci,Efe Ergi,Tirpanci,E,T,E,T,E. Tirpanci,MERSIN SPOR,MSK,E. Tirpanci,10,,,,,,SUB,out,MERSIN SPOR substitution out,,,,,,,,,0,105,2.0,,0,33,0,33
02:12,02:12:00,33,33,0,2,2,REGULAR,3,K. ÖZMIZRAK,1,substitution,369,,[],in,0,3,Kartal,Özmizrak,Kartal,Özmizrak,K,Ö,K,Ö,K. Özmizrak,MERSIN SPOR,MSK,K. Özmizrak,3,,,,,,SUB,in,MERSIN SPOR substitution in,,,,,,,,,0,105,2.0,,0,33,0,33
02:12,02:12:00,34,33,1,1,2,REGULAR,77,B. KOPRIVICA,1,freethrow,370,,[],1of1,1,8,Balsa,Koprivica,Balsa,Koprivica,B,K,B,K,B. Koprivica,BAHÇESEHIR KOLEJI,BSK,B. Koprivica,8,,,,,,FT,made,BAHÇESEHIR KOLEJI B. KOPRIVICA FT 1of1 made,,,,,,,,,1,105,2.0,made_ft_last,1,34,0,33
01:55,01:55:00,34,33,1,2,2,REGULAR,7,B. BENTIL,1,turnover,373,,[],ballhandling,0,50,Benjamin,Bentil,Benjamin,Bentil,B,B,B,B,B. Bentil,MERSIN SPOR,MSK,B. Bentil,50,,,,,,TO,,MERSIN SPOR B. BENTIL turnover ballhandling,,,,,,,,,0,106,1.0,turnover,0,34,0,33
01:38,01:38:00,34,33,1,1,2,REGULAR,78,H. HALE,0,2pt,375,,"['fromturnover', 'pointsinthepaint']",layup,1,77,Hunter Jelaun,Hale,Hunter Jelaun,Hale,H,H,H,H,H. Hale,BAHÇESEHIR KOLEJI,BSK,H. Hale,77,,,3.3099999427795,51.240001678467,0.0,P2,missed,BAHÇESEHIR KOLEJI H. HALE 2Pt missed,,,,,,,,,0,107,2.0,,0,34,0,33
01:35,01:35:00,34,33,1,1,2,REGULAR,3,G. BAS,1,rebound,376,375,[],offensive,0,57,Göktug,Bas,Göktug,Bas,G,B,G,B,G. Bas,BAHÇESEHIR KOLEJI,BSK,G. Bas,57,,,,,,REB,,BAHÇESEHIR KOLEJI rebound offensive,,,,,,,,,0,107,2.0,,0,34,0,33
01:34,01:34:00,36,33,3,1,2,REGULAR,78,H. HALE,1,2pt,377,,"['2ndchance', 'fromturnover']",jumpshot,1,77,Hunter Jelaun,Hale,Hunter Jelaun,Hale,H,H,H,H,H. Hale,BAHÇESEHIR KOLEJI,BSK,H. Hale,77,,,12.979999542236,27.229999542236,1.0,P2,made,BAHÇESEHIR KOLEJI H. HALE 2Pt made,3.0,1.0,G. BAS,,,,,,2,107,2.0,score,2,36,0,33
01:34,01:34:00,36,33,3,1,2,REGULAR,3,G. BAS,1,assist,379,377,[],,0,57,Göktug,Bas,Göktug,Bas,G,B,G,B,G. Bas,BAHÇESEHIR KOLEJI,BSK,G. Bas,57,,,,,,ASS,,BAHÇESEHIR KOLEJI G. BAS assist,,,,,,,,,0,108,1.0,,0,36,0,33
01:33,01:33:00,36,33,3,2,2,REGULAR,0,,1,timeout,380,,[],full,0,,,,,,,,,,,MERSIN SPOR,MSK,,,,,,,,TIMEOUT,,MERSIN SPOR timeout,,,,,,,,,0,108,1.0,,0,36,0,33
01:33,01:33:00,36,33,3,2,2,REGULAR,55,A. OLASENI,1,substitution,381,,[],out,0,0,Abodunrin Gabriel,Olaseni,Abodunrin Gabriel,Olaseni,A,O,A,O,A. Olaseni,MERSIN SPOR,MSK,A. Olaseni,0,,,,,,SUB,out,MERSIN SPOR substitution out,,,,,,,,,0,108,1.0,,0,36,0,33
01:33,01:33:00,36,33,3,2,2,REGULAR,3,K. ÖZMIZRAK,1,substitution,382,,[],out,0,3,Kartal,Özmizrak,Kartal,Özmizrak,K,Ö,K,Ö,K. Özmizrak,MERSIN SPOR,MSK,K. Özmizrak,3,,,,,,SUB,out,MERSIN SPOR substitution out,,,,,,,,,0,108,1.0,,0,36,0,33
01:33,01:33:00,36,33,3,2,2,REGULAR,6,F. CRUZ SALDIVAR,1,substitution,383,,[],out,0,9,Francisco Javier,Cruz Saldivar,Francisco Javier,Cruz Saldivar,F,C,F,C,F. Cruz Saldivar,MERSIN SPOR,MSK,F. Cruz Saldivar,9,,,,,,SUB,out,MERSIN SPOR substitution out,,,,,,,,,0,108,1.0,,0,36,0,33
01:33,01:33:00,36,33,3,2,2,REGULAR,10,R. MARCH JR,1,substitution,384,,[],in,0,4,Ronald Eugene,March Jr,Ronald Eugene,March Jr,R,M,R,M,R. March Jr,MERSIN SPOR,MSK,R. March Jr,4,,,,,,SUB,in,MERSIN SPOR substitution in,,,,,,,,,0,108,1.0,,0,36,0,33
01:33,01:33:00,36,33,3,2,2,REGULAR,56,A. COWAN,1,substitution,385,,[],in,0,7,Anthony Dewayne,Cowan,Anthony Dewayne,Cowan,A,C,A,C,A. Cowan,MERSIN SPOR,MSK,A. Cowan,7,,,,,,SUB,in,MERSIN SPOR substitution in,,,,,,,,,0,108,1.0,,0,36,0,33
01:33,01:33:00,36,33,3,2,2,REGULAR,1,H. SAYILI,1,substitution,386,,[],in,0,8,Hakan,Sayili,Hakan,Sayili,H,S,H,S,H. Sayili,MERSIN SPOR,MSK,H. Sayili,8,,,,,,SUB,in,MERSIN SPOR substitution in,,,,,,,,,0,108,1.0,,0,36,0,33
01:09,01:09:00,36,33,3,2,2,REGULAR,7,B. BENTIL,0,3pt,388,,[],jumpshot,1,50,Benjamin,Bentil,Benjamin,Bentil,B,B,B,B,B. Bentil,MERSIN SPOR,MSK,B. Bentil,50,,,73.819999694824,85.98999786377,0.0,P3,missed,MERSIN SPOR B. BENTIL 3Pt missed,,,,,,,,,0,108,1.0,,0,36,0,33
01:07,01:07:00,36,33,3,2,2,REGULAR,10,R. MARCH JR,1,rebound,389,388,[],offensive,0,4,Ronald Eugene,March Jr,Ronald Eugene,March Jr,R,M,R,M,R. March Jr,MERSIN SPOR,MSK,R. March Jr,4,,,,,,REB,,MERSIN SPOR rebound offensive,,,,,,,,,0,108,1.0,,0,36,0,33
00:52,00:52:40,36,33,3,2,2,REGULAR,0,,1,turnover,391,,['team'],24sec,0,,,,,,,,,,,MERSIN SPOR,MSK,,,,,,,,TO,,MERSIN SPOR  turnover 24sec,,,,,,,,,0,108,1.0,turnover,0,36,0,33
00:42,00:42:00,38,33,5,1,2,REGULAR,80,M. FLYNN,1,2pt,393,,"['fromturnover', 'pointsinthepaint']",layup,1,22,Malachi Emmanuel,Flynn,Malachi Emmanuel,Flynn,M,F,M,F,M. Flynn,BAHÇESEHIR KOLEJI,BSK,M. Flynn,22,,,7.3600001335144,49.549999237061,1.0,P2,made,BAHÇESEHIR KOLEJI M. FLYNN 2Pt made,,,,,,,,,2,109,2.0,score,2,38,0,33
00:32,00:32:00,38,33,5,2,2,REGULAR,5,J. COBBS,0,2pt,394,,[],jumpshot,1,1,Justin,Cobbs,Justin,Cobbs,J,C,J,C,J. Cobbs,MERSIN SPOR,MSK,J. Cobbs,1,,,83.180000305176,73.839996337891,0.0,P2,missed,MERSIN SPOR J. COBBS 2Pt missed,,,,,,,,,0,110,1.0,def_reb,0,38,0,33
00:29,00:29:80,38,33,5,1,2,REGULAR,77,B. KOPRIVICA,1,rebound,395,394,[],defensive,0,8,Balsa,Koprivica,Balsa,Koprivica,B,K,B,K,B. Koprivica,BAHÇESEHIR KOLEJI,BSK,B. Koprivica,8,,,,,,REB,,BAHÇESEHIR KOLEJI rebound defensive,,,,,,,,,0,111,2.0,def_reb,0,38,0,33
00:16,00:16:50,38,33,5,1,2,REGULAR,80,M. FLYNN,0,3pt,396,,[],jumpshot,1,22,Malachi Emmanuel,Flynn,Malachi Emmanuel,Flynn,M,F,M,F,M. Flynn,BAHÇESEHIR KOLEJI,BSK,M. Flynn,22,,,26.860000610352,84.580001831055,0.0,P3,missed,BAHÇESEHIR KOLEJI M. FLYNN 3Pt missed,,,,,,,,,0,112,1.0,,0,38,0,33
00:13,00:13:50,38,33,5,1,2,REGULAR,77,B. KOPRIVICA,1,rebound,397,396,[],offensive,0,8,Balsa,Koprivica,Balsa,Koprivica,B,K,B,K,B. Koprivica,BAHÇESEHIR KOLEJI,BSK,B. Koprivica,8,,,,,,REB,,BAHÇESEHIR KOLEJI rebound offensive,,,,,,,,,0,112,1.0,,0,38,0,33
00:12,00:12:10,40,33,7,1,2,REGULAR,77,B. KOPRIVICA,1,2pt,398,,"['2ndchance', 'pointsinthepaint']",dunk,1,8,Balsa,Koprivica,Balsa,Koprivica,B,K,B,K,B. Koprivica,BAHÇESEHIR KOLEJI,BSK,B. Koprivica,8,,,3.9300000667572,54.349998474121,1.0,P2,made,BAHÇESEHIR KOLEJI B. KOPRIVICA 2Pt made,,,,,,,,,2,112,1.0,score,2,40,0,33
00:01,00:01:30,40,36,4,2,2,REGULAR,56,A. COWAN,1,3pt,400,,[],jumpshot,1,7,Anthony Dewayne,Cowan,Anthony Dewayne,Cowan,A,C,A,C,A. Cowan,MERSIN SPOR,MSK,A. Cowan,7,,,68.209999084473,35.139999389648,1.0,P3,made,MERSIN SPOR A. COWAN 3Pt made,,,,,,,,,3,113,2.0,score,0,40,3,36
00:00,00:00:00,40,36,4,0,2,REGULAR,0,,1,period,401,,['confirmed'],end,0,,,,,,,,,,,,,,,,,,,,OTHER,,period end,,,,,,,,,0,114,1.0,,0,40,0,36
10:00,10:00:00,40,36,4,1,3,REGULAR,75,C. HOMESLEY,1,substitution,402,,[],out,0,5,Caleb Allen,Homesley,Caleb Allen,Homesley,C,H,C,H,C. Homesley,BAHÇESEHIR KOLEJI,BSK,C. Homesley,5,,,,,,SUB,out,BAHÇESEHIR KOLEJI substitution out,,,,,,,,,0,114,1.0,,0,40,0,36
10:00,10:00:00,40,36,4,1,3,REGULAR,77,B. KOPRIVICA,1,substitution,403,,[],out,0,8,Balsa,Koprivica,Balsa,Koprivica,B,K,B,K,B. Koprivica,BAHÇESEHIR KOLEJI,BSK,B. Koprivica,8,,,,,,SUB,out,BAHÇESEHIR KOLEJI substitution out,,,,,,,,,0,114,1.0,,0,40,0,36
10:00,10:00:00,40,36,4,1,3,REGULAR,73,M. PONITKA,1,substitution,404,,[],in,0,28,Mateusz Michal,Ponitka,Mateusz Michal,Ponitka,M,P,M,P,M. Ponitka,BAHÇESEHIR KOLEJI,BSK,M. Ponitka,28,,,,,,SUB,in,BAHÇESEHIR KOLEJI substitution in,,,,,,,,,0,114,1.0,,0,40,0,36
10:00,10:00:00,40,36,4,1,3,REGULAR,79,T. WILLIAMS,1,substitution,405,,[],in,0,50,Trevion Lamon,Williams,Trevion Lamon,Williams,T,W,T,W,T. Williams,BAHÇESEHIR KOLEJI,BSK,T. Williams,50,,,,,,SUB,in,BAHÇESEHIR KOLEJI substitution in,,,,,,,,,0,114,1.0,,0,40,0,36
10:00,10:00:00,40,36,4,2,3,REGULAR,10,R. MARCH JR,1,substitution,406,,[],out,0,4,Ronald Eugene,March Jr,Ronald Eugene,March Jr,R,M,R,M,R. March Jr,MERSIN SPOR,MSK,R. March Jr,4,,,,,,SUB,out,MERSIN SPOR substitution out,,,,,,,,,0,114,1.0,,0,40,0,36
10:00,10:00:00,40,36,4,2,3,REGULAR,56,A. COWAN,1,substitution,407,,[],out,0,7,Anthony Dewayne,Cowan,Anthony Dewayne,Cowan,A,C,A,C,A. Cowan,MERSIN SPOR,MSK,A. Cowan,7,,,,,,SUB,out,MERSIN SPOR substitution out,,,,,,,,,0,114,1.0,,0,40,0,36
10:00,10:00:00,40,36,4,2,3,REGULAR,1,H. SAYILI,1,substitution,408,,[],out,0,8,Hakan,Sayili,Hakan,Sayili,H,S,H,S,H. Sayili,MERSIN SPOR,MSK,H. Sayili,8,,,,,,SUB,out,MERSIN SPOR substitution out,,,,,,,,,0,114,1.0,,0,40,0,36
10:00,10:00:00,40,36,4,2,3,REGULAR,7,B. BENTIL,1,substitution,409,,[],out,0,50,Benjamin,Bentil,Benjamin,Bentil,B,B,B,B,B. Bentil,MERSIN SPOR,MSK,B. Bentil,50,,,,,,SUB,out,MERSIN SPOR substitution out,,,,,,,,,0,114,1.0,,0,40,0,36
10:00,10:00:00,40,36,4,2,3,REGULAR,55,A. OLASENI,1,substitution,410,,[],in,0,0,Abodunrin Gabriel,Olaseni,Abodunrin Gabriel,Olaseni,A,O,A,O,A. Olaseni,MERSIN SPOR,MSK,A. Olaseni,0,,,,,,SUB,in,MERSIN SPOR substitution in,,,,,,,,,0,114,1.0,,0,40,0,36
10:00,10:00:00,40,36,4,2,3,REGULAR,6,F. CRUZ SALDIVAR,1,substitution,411,,[],in,0,9,Francisco Javier,Cruz Saldivar,Francisco Javier,Cruz Saldivar,F,C,F,C,F. Cruz Saldivar,MERSIN SPOR,MSK,F. Cruz Saldivar,9,,,,,,SUB,in,MERSIN SPOR substitution in,,,,,,,,,0,114,1.0,,0,40,0,36
10:00,10:00:00,40,36,4,2,3,REGULAR,4,E. TIRPANCI,1,substitution,412,,[],in,0,10,Efe Ergi,Tirpanci,Efe Ergi,Tirpanci,E,T,E,T,E. Tirpanci,MERSIN SPOR,MSK,E. Tirpanci,10,,,,,,SUB,in,MERSIN SPOR substitution in,,,,,,,,,0,114,1.0,,0,40,0,36
10:00,10:00:00,40,36,4,2,3,REGULAR,9,J. WHITE,1,substitution,413,,[],in,0,14,Jackson Thomas,White,Jackson Thomas,White,J,W,J,W,J. White,MERSIN SPOR,MSK,J. White,14,,,,,,SUB,in,MERSIN SPOR substitution in,,,,,,,,,0,114,1.0,,0,40,0,36
10:00,10:00:00,40,36,4,0,3,REGULAR,0,,1,period,414,,[],start,0,,,,,,,,,,,,,,,,,,,,OTHER,,period start,,,,,,,,,0,114,1.0,,0,40,0,36
09:50,09:50:00,40,38,2,2,3,REGULAR,9,J. WHITE,1,2pt,416,,['pointsinthepaint'],dunk,1,14,Jackson Thomas,White,Jackson Thomas,White,J,W,J,W,J. White,MERSIN SPOR,MSK,J. White,14,,,3.9300000667572,47.290000915527,1.0,P2,made,MERSIN SPOR J. WHITE 2Pt made,55.0,2.0,A. OLASENI,,,,,,2,114,1.0,score,0,40,2,38
09:50,09:50:00,40,38,2,2,3,REGULAR,55,A. OLASENI,1,assist,417,416,[],,0,0,Abodunrin Gabriel,Olaseni,Abodunrin Gabriel,Olaseni,A,O,A,O,A. Olaseni,MERSIN SPOR,MSK,A. Olaseni,0,,,,,,ASS,,MERSIN SPOR A. OLASENI assist,,,,,,,,,0,115,2.0,,0,40,0,38
09:34,09:34:00,40,38,2,1,3,REGULAR,78,H. HALE,0,3pt,418,,[],jumpshot,1,77,Hunter Jelaun,Hale,Hunter Jelaun,Hale,H,H,H,H,H. Hale,BAHÇESEHIR KOLEJI,BSK,H. Hale,77,,,69.610000610352,18.469999313354,0.0,P3,missed,BAHÇESEHIR KOLEJI H. HALE 3Pt missed,,,,,,,,,0,115,2.0,def_reb,0,40,0,38
09:32,09:32:00,40,38,2,2,3,REGULAR,55,A. OLASENI,1,rebound,419,418,[],defensive,0,0,Abodunrin Gabriel,Olaseni,Abodunrin Gabriel,Olaseni,A,O,A,O,A. Olaseni,MERSIN SPOR,MSK,A. Olaseni,0,,,,,,REB,,MERSIN SPOR rebound defensive,,,,,,,,,0,116,1.0,def_reb,0,40,0,38
09:21,09:21:00,40,40,0,2,3,REGULAR,9,J. WHITE,1,2pt,420,,['pointsinthepaint'],drivinglayup,1,14,Jackson Thomas,White,Jackson Thomas,White,J,W,J,W,J. White,MERSIN SPOR,MSK,J. White,14,,,4.710000038147,48.700000762939,1.0,P2,made,MERSIN SPOR J. WHITE 2Pt made,,,,,,,,,2,117,2.0,score,0,40,2,40
09:06,09:06:00,40,40,0,1,3,REGULAR,80,M. FLYNN,0,3pt,421,,[],jumpshot,1,22,Malachi Emmanuel,Flynn,Malachi Emmanuel,Flynn,M,F,M,F,M. Flynn,BAHÇESEHIR KOLEJI,BSK,M. Flynn,22,,,71.330001831055,78.639999389648,0.0,P3,missed,BAHÇESEHIR KOLEJI M. FLYNN 3Pt missed,,,,,,,,,0,118,1.0,def_reb,0,40,0,40
09:04,09:04:00,40,40,0,2,3,REGULAR,5,J. COBBS,1,rebound,422,421,[],defensive,0,1,Justin,Cobbs,Justin,Cobbs,J,C,J,C,J. Cobbs,MERSIN SPOR,MSK,J. Cobbs,1,,,,,,REB,,MERSIN SPOR rebound defensive,,,,,,,,,0,119,2.0,def_reb,0,40,0,40
08:50,08:50:00,40,40,0,1,3,REGULAR,73,M. PONITKA,1,foul,424,,"['shooting', '2freethrow']",personal,0,28,Mateusz Michal,Ponitka,Mateusz Michal,Ponitka,M,P,M,P,M. Ponitka,BAHÇESEHIR KOLEJI,BSK,M. Ponitka,28,,,,,,FOUL,,BAHÇESEHIR KOLEJI M. PONITKA foul personal,,,,,,,,,0,120,1.0,,0,40,0,40
08:50,08:50:00,40,40,0,2,3,REGULAR,55,A. OLASENI,1,foulon,425,424,[],,0,0,Abodunrin Gabriel,Olaseni,Abodunrin Gabriel,Olaseni,A,O,A,O,A. Olaseni,MERSIN SPOR,MSK,A. Olaseni,0,,,,,,OTHER,,MERSIN SPOR foulon,,,,,,,,,0,120,1.0,,0,40,0,40
08:50,08:50:00,40,41,-1,2,3,REGULAR,55,A. OLASENI,1,freethrow,426,,[],1of2,1,0,Abodunrin Gabriel,Olaseni,Abodunrin Gabriel,Olaseni,A,O,A,O,A. Olaseni,MERSIN SPOR,MSK,A. Olaseni,0,,,,,,FT,made,MERSIN SPOR A. OLASENI FT 1of2 made,,,,,,,,,1,120,1.0,made_ft,0,40,1,41
08:50,08:50:00,40,41,-1,2,3,REGULAR,6,F. CRUZ SALDIVAR,1,assist,427,426,[],,0,9,Francisco Javier,Cruz Saldivar,Francisco Javier,Cruz Saldivar,F,C,F,C,F. Cruz Saldivar,MERSIN SPOR,MSK,F. Cruz Saldivar,9,,,,,,ASS,,MERSIN SPOR F. CRUZ SALDIVAR assist,,,,,,,,,0,121,2.0,,0,40,0,41
08:50,08:50:00,40,41,-1,2,3,REGULAR,55,A. OLASENI,0,freethrow,428,,[],2of2,1,0,Abodunrin Gabriel,Olaseni,Abodunrin Gabriel,Olaseni,A,O,A,O,A. Olaseni,MERSIN SPOR,MSK,A. Olaseni,0,,,,,,FT,missed,MERSIN SPOR A. OLASENI FT 2of2 missed,,,,,,,,,0,121,2.0,def_reb,0,40,0,41
08:50,08:50:00,40,41,-1,1,3,REGULAR,79,T. WILLIAMS,1,rebound,430,428,[],defensive,0,50,Trevion Lamon,Williams,Trevion Lamon,Williams,T,W,T,W,T. Williams,BAHÇESEHIR KOLEJI,BSK,T. Williams,50,,,,,,REB,,BAHÇESEHIR KOLEJI rebound defensive,,,,,,,,,0,122,1.0,def_reb,0,40,0,41
08:27,08:27:00,40,41,-1,1,3,REGULAR,80,M. FLYNN,0,2pt,434,,['pointsinthepaint'],floatingjumpshot,1,22,Malachi Emmanuel,Flynn,Malachi Emmanuel,Flynn,M,F,M,F,M. Flynn,BAHÇESEHIR KOLEJI,BSK,M. Flynn,22,,,94.099998474121,50.680000305176,0.0,P2,missed,BAHÇESEHIR KOLEJI M. FLYNN 2Pt missed,,,,,,,,,0,123,2.0,,0,40,0,41
08:24,08:24:00,40,41,-1,1,3,REGULAR,3,G. BAS,1,rebound,435,434,[],offensive,0,57,Göktug,Bas,Göktug,Bas,G,B,G,B,G. Bas,BAHÇESEHIR KOLEJI,BSK,G. Bas,57,,,,,,REB,,BAHÇESEHIR KOLEJI rebound offensive,,,,,,,,,0,123,2.0,,0,40,0,41
08:24,08:24:00,42,41,1,1,3,REGULAR,3,G. BAS,1,2pt,436,,"['2ndchance', 'pointsinthepaint']",hookshot,1,57,Göktug,Bas,Göktug,Bas,G,B,G,B,G. Bas,BAHÇESEHIR KOLEJI,BSK,G. Bas,57,,,96.440002441406,50.680000305176,1.0,P2,made,BAHÇESEHIR KOLEJI G. BAS 2Pt made,,,,,,,,,2,123,2.0,score,2,42,0,41
07:59,07:59:00,42,43,-1,2,3,REGULAR,55,A. OLASENI,1,2pt,437,,['pointsinthepaint'],layup,1,0,Abodunrin Gabriel,Olaseni,Abodunrin Gabriel,Olaseni,A,O,A,O,A. Olaseni,MERSIN SPOR,MSK,A. Olaseni,0,,,4.5599999427795,57.459999084473,1.0,P2,made,MERSIN SPOR A. OLASENI 2Pt made,5.0,2.0,J. COBBS,,,,,,2,124,1.0,score,0,42,2,43
07:59,07:59:00,42,43,-1,2,3,REGULAR,5,J. COBBS,1,assist,438,437,[],,0,1,Justin,Cobbs,Justin,Cobbs,J,C,J,C,J. Cobbs,MERSIN SPOR,MSK,J. Cobbs,1,,,,,,ASS,,MERSIN SPOR J. COBBS assist,,,,,,,,,0,125,2.0,,0,42,0,43
07:48,07:48:00,42,43,-1,2,3,REGULAR,4,E. TIRPANCI,1,foul,440,,[],personal,0,10,Efe Ergi,Tirpanci,Efe Ergi,Tirpanci,E,T,E,T,E. Tirpanci,MERSIN SPOR,MSK,E. Tirpanci,10,,,,,,FOUL,,MERSIN SPOR E. TIRPANCI foul personal,,,,,,,,,0,125,2.0,,0,42,0,43
07:48,07:48:00,42,43,-1,1,3,REGULAR,73,M. PONITKA,1,foulon,441,440,[],,0,28,Mateusz Michal,Ponitka,Mateusz Michal,Ponitka,M,P,M,P,M. Ponitka,BAHÇESEHIR KOLEJI,BSK,M. Ponitka,28,,,,,,OTHER,,BAHÇESEHIR KOLEJI foulon,,,,,,,,,0,125,2.0,,0,42,0,43
07:43,07:43:00,42,43,-1,1,3,REGULAR,78,H. HALE,1,turnover,443,,[],badpass,0,77,Hunter Jelaun,Hale,Hunter Jelaun,Hale,H,H,H,H,H. Hale,BAHÇESEHIR KOLEJI,BSK,H. Hale,77,,,,,,TO,,BAHÇESEHIR KOLEJI H. HALE turnover badpass,,,,,,,,,0,125,2.0,turnover,0,42,0,43
07:43,07:43:00,42,43,-1,2,3,REGULAR,9,J. WHITE,1,steal,444,443,[],,0,14,Jackson Thomas,White,Jackson Thomas,White,J,W,J,W,J. White,MERSIN SPOR,MSK,J. White,14,,,,,,ST,,MERSIN SPOR J. WHITE steal,,,,,,,,,0,126,1.0,,0,42,0,43
07:18,07:18:00,42,45,-3,2,3,REGULAR,5,J. COBBS,1,2pt,445,,['fromturnover'],floatingjumpshot,1,1,Justin,Cobbs,Justin,Cobbs,J,C,J,C,J. Cobbs,MERSIN SPOR,MSK,J. Cobbs,1,,,5.8000001907349,22.430000305176,1.0,P2,made,MERSIN SPOR J. COBBS 2Pt made,,,,,,,,,2,126,1.0,score,0,42,2,45
06:58,06:58:00,45,45,0,1,3,REGULAR,73,M. PONITKA,1,3pt,446,,[],jumpshot,1,28,Mateusz Michal,Ponitka,Mateusz Michal,Ponitka,M,P,M,P,M. Ponitka,BAHÇESEHIR KOLEJI,BSK,M. Ponitka,28,,,69.449996948242,38.25,1.0,P3,made,BAHÇESEHIR KOLEJI M. PONITKA 3Pt made,78.0,1.0,H. HALE,,,,,,3,127,2.0,score,3,45,0,45
06:58,06:58:00,45,45,0,1,3,REGULAR,78,H. HALE,1,assist,447,446,[],,0,77,Hunter Jelaun,Hale,Hunter Jelaun,Hale,H,H,H,H,H. Hale,BAHÇESEHIR KOLEJI,BSK,H. Hale,77,,,,,,ASS,,BAHÇESEHIR KOLEJI H. HALE assist,,,,,,,,,0,128,1.0,,0,45,0,45
06:31,06:31:00,45,45,0,2,3,REGULAR,9,J. WHITE,0,3pt,448,,[],jumpshot,1,14,Jackson Thomas,White,Jackson Thomas,White,J,W,J,W,J. White,MERSIN SPOR,MSK,J. White,14,,,25.770000457764,82.599998474121,0.0,P3,missed,MERSIN SPOR J. WHITE 3Pt missed,,,,,,,,,0,128,1.0,,0,45,0,45
06:29,06:29:00,45,45,0,2,3,REGULAR,4,E. TIRPANCI,1,rebound,449,448,[],offensive,0,10,Efe Ergi,Tirpanci,Efe Ergi,Tirpanci,E,T,E,T,E. Tirpanci,MERSIN SPOR,MSK,E. Tirpanci,10,,,,,,REB,,MERSIN SPOR rebound offensive,,,,,,,,,0,128,1.0,,0,45,0,45
06:29,06:29:00,45,45,0,2,3,REGULAR,4,E. TIRPANCI,0,2pt,450,,"['2ndchance', 'pointsinthepaint']",layup,1,10,Efe Ergi,Tirpanci,Efe Ergi,Tirpanci,E,T,E,T,E. Tirpanci,MERSIN SPOR,MSK,E. Tirpanci,10,,,4.5599999427795,55.200000762939,0.0,P2,missed,MERSIN SPOR E. TIRPANCI 2Pt missed,,,,,,,,,0,128,1.0,,0,45,0,45
06:26,06:26:00,45,45,0,2,3,REGULAR,55,A. OLASENI,1,rebound,451,450,[],offensive,0,0,Abodunrin Gabriel,Olaseni,Abodunrin Gabriel,Olaseni,A,O,A,O,A. Olaseni,MERSIN SPOR,MSK,A. Olaseni,0,,,,,,REB,,MERSIN SPOR rebound offensive,,,,,,,,,0,128,1.0,,0,45,0,45
06:26,06:26:00,45,45,0,2,3,REGULAR,55,A. OLASENI,0,2pt,452,,"['2ndchance', 'pointsinthepaint']",tipinlayup,1,0,Abodunrin Gabriel,Olaseni,Abodunrin Gabriel,Olaseni,A,O,A,O,A. Olaseni,MERSIN SPOR,MSK,A. Olaseni,0,,,6.0,50.0,0.0,P2,missed,MERSIN SPOR A. OLASENI 2Pt missed,,,,,,,,,0,128,1.0,,0,45,0,45
06:25,06:25:00,45,45,0,2,3,REGULAR,55,A. OLASENI,1,rebound,453,452,[],offensive,0,0,Abodunrin Gabriel,Olaseni,Abodunrin Gabriel,Olaseni,A,O,A,O,A. Olaseni,MERSIN SPOR,MSK,A. Olaseni,0,,,,,,REB,,MERSIN SPOR rebound offensive,,,,,,,,,0,128,1.0,,0,45,0,45
06:24,06:24:00,45,47,-2,2,3,REGULAR,4,E. TIRPANCI,1,2pt,454,,"['2ndchance', 'pointsinthepaint']",layup,1,10,Efe Ergi,Tirpanci,Efe Ergi,Tirpanci,E,T,E,T,E. Tirpanci,MERSIN SPOR,MSK,E. Tirpanci,10,,,5.0199999809265,52.659999847412,1.0,P2,made,MERSIN SPOR E. TIRPANCI 2Pt made,55.0,2.0,A. OLASENI,,,,,,2,128,1.0,score,0,45,2,47
06:24,06:24:00,45,47,-2,2,3,REGULAR,55,A. OLASENI,1,assist,455,454,[],,0,0,Abodunrin Gabriel,Olaseni,Abodunrin Gabriel,Olaseni,A,O,A,O,A. Olaseni,MERSIN SPOR,MSK,A. Olaseni,0,,,,,,ASS,,MERSIN SPOR A. OLASENI assist,,,,,,,,,0,129,2.0,,0,45,0,47
06:21,06:21:00,45,47,-2,1,3,REGULAR,0,,1,timeout,457,,[],full,0,,,,,,,,,,,BAHÇESEHIR KOLEJI,BSK,,,,,,,,TIMEOUT,,BAHÇESEHIR KOLEJI timeout,,,,,,,,,0,129,2.0,,0,45,0,47
06:21,06:21:00,45,47,-2,0,3,REGULAR,0,,1,timeout,458,,[],officials,0,,,,,,,,,,,,,,,,,,,,TIMEOUT,, timeout,,,,,,,,,0,129,2.0,,0,45,0,47
06:21,06:21:00,45,47,-2,1,3,REGULAR,79,T. WILLIAMS,1,substitution,459,,[],out,0,50,Trevion Lamon,Williams,Trevion Lamon,Williams,T,W,T,W,T. Williams,BAHÇESEHIR KOLEJI,BSK,T. Williams,50,,,,,,SUB,out,BAHÇESEHIR KOLEJI substitution out,,,,,,,,,0,129,2.0,,0,45,0,47
06:21,06:21:00,45,47,-2,1,3,REGULAR,3,G. BAS,1,substitution,460,,[],out,0,57,Göktug,Bas,Göktug,Bas,G,B,G,B,G. Bas,BAHÇESEHIR KOLEJI,BSK,G. Bas,57,,,,,,SUB,out,BAHÇESEHIR KOLEJI substitution out,,,,,,,,,0,129,2.0,,0,45,0,47
06:21,06:21:00,45,47,-2,1,3,REGULAR,78,H. HALE,1,substitution,461,,[],out,0,77,Hunter Jelaun,Hale,Hunter Jelaun,Hale,H,H,H,H,H. Hale,BAHÇESEHIR KOLEJI,BSK,H. Hale,77,,,,,,SUB,out,BAHÇESEHIR KOLEJI substitution out,,,,,,,,,0,129,2.0,,0,45,0,47
06:21,06:21:00,45,47,-2,1,3,REGULAR,77,B. KOPRIVICA,1,substitution,462,,[],in,0,8,Balsa,Koprivica,Balsa,Koprivica,B,K,B,K,B. Koprivica,BAHÇESEHIR KOLEJI,BSK,B. Koprivica,8,,,,,,SUB,in,BAHÇESEHIR KOLEJI substitution in,,,,,,,,,0,129,2.0,,0,45,0,47
06:21,06:21:00,45,47,-2,1,3,REGULAR,76,M. MITCHELL II,1,substitution,463,,[],in,0,11,Matthew Antonio,Mitchell Ii,Matthew Antonio,Mitchell Ii,M,M,M,M,M. Mitchell Ii,BAHÇESEHIR KOLEJI,BSK,M. Mitchell Ii,11,,,,,,SUB,in,BAHÇESEHIR KOLEJI substitution in,,,,,,,,,0,129,2.0,,0,45,0,47
06:21,06:21:00,45,47,-2,1,3,REGULAR,1,I. AKPINAR,1,substitution,464,,[],in,0,33,Ismet,Akpinar,Ismet,Akpinar,I,A,I,A,I. Akpinar,BAHÇESEHIR KOLEJI,BSK,I. Akpinar,33,,,,,,SUB,in,BAHÇESEHIR KOLEJI substitution in,,,,,,,,,0,129,2.0,,0,45,0,47
06:00,06:00:00,45,47,-2,1,3,REGULAR,77,B. KOPRIVICA,0,2pt,466,,['pointsinthepaint'],floatingjumpshot,1,8,Balsa,Koprivica,Balsa,Koprivica,B,K,B,K,B. Koprivica,BAHÇESEHIR KOLEJI,BSK,B. Koprivica,8,,,98.629997253418,52.090000152588,0.0,P2,missed,BAHÇESEHIR KOLEJI B. KOPRIVICA 2Pt missed,,,,,,,,,0,129,2.0,def_reb,0,45,0,47
05:57,05:57:00,45,47,-2,2,3,REGULAR,5,J. COBBS,1,rebound,467,466,[],defensive,0,1,Justin,Cobbs,Justin,Cobbs,J,C,J,C,J. Cobbs,MERSIN SPOR,MSK,J. Cobbs,1,,,,,,REB,,MERSIN SPOR rebound defensive,,,,,,,,,0,130,1.0,def_reb,0,45,0,47
05:38,05:38:00,45,47,-2,2,3,REGULAR,6,F. CRUZ SALDIVAR,0,3pt,468,,[],jumpshot,1,9,Francisco Javier,Cruz Saldivar,Francisco Javier,Cruz Saldivar,F,C,F,C,F. Cruz Saldivar,MERSIN SPOR,MSK,F. Cruz Saldivar,9,,,33.729999542236,84.860000610352,0.0,P3,missed,MERSIN SPOR F. CRUZ SALDIVAR 3Pt missed,,,,,,,,,0,131,2.0,def_reb,0,45,0,47
05:35,05:35:00,45,47,-2,1,3,REGULAR,0,,1,rebound,469,468,['team'],defensive,0,,,,,,,,,,,BAHÇESEHIR KOLEJI,BSK,,,,,,,,TREB,,BAHÇESEHIR KOLEJI team rebound defensive,,,,,,,,,0,132,1.0,def_reb,0,45,0,47
05:10,05:10:00,45,47,-2,1,3,REGULAR,1,I. AKPINAR,0,2pt,477,,[],jumpshot,1,33,Ismet,Akpinar,Ismet,Akpinar,I,A,I,A,I. Akpinar,BAHÇESEHIR KOLEJI,BSK,I. Akpinar,33,,,81.930000305176,75.819999694824,0.0,P2,missed,BAHÇESEHIR KOLEJI I. AKPINAR 2Pt missed,,,,,,,,,0,133,2.0,,0,45,0,47
05:10,05:10:00,45,47,-2,1,3,REGULAR,0,,1,turnover,478,,['team'],24sec,0,,,,,,,,,,,BAHÇESEHIR KOLEJI,BSK,,,,,,,,TO,,BAHÇESEHIR KOLEJI  turnover 24sec,,,,,,,,,0,133,2.0,turnover,0,45,0,47
04:49,04:49:00,45,47,-2,2,3,REGULAR,6,F. CRUZ SALDIVAR,1,turnover,481,,[],ballhandling,0,9,Francisco Javier,Cruz Saldivar,Francisco Javier,Cruz Saldivar,F,C,F,C,F. Cruz Saldivar,MERSIN SPOR,MSK,F. Cruz Saldivar,9,,,,,,TO,,MERSIN SPOR F. CRUZ SALDIVAR turnover ballhandling,,,,,,,,,0,134,1.0,turnover,0,45,0,47
04:49,04:49:00,45,47,-2,1,3,REGULAR,80,M. FLYNN,1,substitution,482,,[],out,0,22,Malachi Emmanuel,Flynn,Malachi Emmanuel,Flynn,M,F,M,F,M. Flynn,BAHÇESEHIR KOLEJI,BSK,M. Flynn,22,,,,,,SUB,out,BAHÇESEHIR KOLEJI substitution out,,,,,,,,,0,135,2.0,,0,45,0,47
04:49,04:49:00,45,47,-2,1,3,REGULAR,75,C. HOMESLEY,1,substitution,483,,[],in,0,5,Caleb Allen,Homesley,Caleb Allen,Homesley,C,H,C,H,C. Homesley,BAHÇESEHIR KOLEJI,BSK,C. Homesley,5,,,,,,SUB,in,BAHÇESEHIR KOLEJI substitution in,,,,,,,,,0,135,2.0,,0,45,0,47
04:36,04:36:00,45,47,-2,1,3,REGULAR,77,B. KOPRIVICA,0,2pt,485,,"['fromturnover', 'pointsinthepaint', 'blocked']",dunk,1,8,Balsa,Koprivica,Balsa,Koprivica,B,K,B,K,B. Koprivica,BAHÇESEHIR KOLEJI,BSK,B. Koprivica,8,,,95.040000915527,51.810001373291,0.0,P2,missed,BAHÇESEHIR KOLEJI B. KOPRIVICA 2Pt missed,,,,9.0,2.0,J. WHITE,,,0,135,2.0,,0,45,0,47
04:36,04:36:00,45,47,-2,2,3,REGULAR,9,J. WHITE,1,block,487,485,[],,0,14,Jackson Thomas,White,Jackson Thomas,White,J,W,J,W,J. White,MERSIN SPOR,MSK,J. White,14,,,,,,BS,,MERSIN SPOR J. WHITE block,,,,,,,,,0,135,2.0,,0,45,0,47
04:34,04:34:00,45,47,-2,2,3,REGULAR,4,E. TIRPANCI,1,rebound,488,485,[],defensive,0,10,Efe Ergi,Tirpanci,Efe Ergi,Tirpanci,E,T,E,T,E. Tirpanci,MERSIN SPOR,MSK,E. Tirpanci,10,,,,,,REB,,MERSIN SPOR rebound defensive,,,,,,,,,0,135,2.0,def_reb,0,45,0,47
04:34,04:34:00,45,47,-2,1,3,REGULAR,77,B. KOPRIVICA,1,foul,489,,[],personal,0,8,Balsa,Koprivica,Balsa,Koprivica,B,K,B,K,B. Koprivica,BAHÇESEHIR KOLEJI,BSK,B. Koprivica,8,,,,,,FOUL,,BAHÇESEHIR KOLEJI B. KOPRIVICA foul personal,,,,,,,,,0,136,1.0,,0,45,0,47
04:34,04:34:00,45,47,-2,2,3,REGULAR,4,E. TIRPANCI,1,foulon,490,489,[],,0,10,Efe Ergi,Tirpanci,Efe Ergi,Tirpanci,E,T,E,T,E. Tirpanci,MERSIN SPOR,MSK,E. Tirpanci,10,,,,,,OTHER,,MERSIN SPOR foulon,,,,,,,,,0,136,1.0,,0,45,0,47
04:17,04:17:00,45,47,-2,2,3,REGULAR,6,F. CRUZ SALDIVAR,0,3pt,492,,[],jumpshot,1,9,Francisco Javier,Cruz Saldivar,Francisco Javier,Cruz Saldivar,F,C,F,C,F. Cruz Saldivar,MERSIN SPOR,MSK,F. Cruz Saldivar,9,,,20.159999847412,3.789999961853,0.0,P3,missed,MERSIN SPOR F. CRUZ SALDIVAR 3Pt missed,,,,,,,,,0,136,1.0,def_reb,0,45,0,47
04:13,04:13:00,45,47,-2,1,3,REGULAR,73,M. PONITKA,1,rebound,493,492,[],defensive,0,28,Mateusz Michal,Ponitka,Mateusz Michal,Ponitka,M,P,M,P,M. Ponitka,BAHÇESEHIR KOLEJI,BSK,M. Ponitka,28,,,,,,REB,,BAHÇESEHIR KOLEJI rebound defensive,,,,,,,,,0,137,2.0,def_reb,0,45,0,47
04:10,04:10:00,45,47,-2,2,3,REGULAR,4,E. TIRPANCI,1,foul,495,,[],personal,0,10,Efe Ergi,Tirpanci,Efe Ergi,Tirpanci,E,T,E,T,E. Tirpanci,MERSIN SPOR,MSK,E. Tirpanci,10,,,,,,FOUL,,MERSIN SPOR E. TIRPANCI foul personal,,,,,,,,,0,138,1.0,,0,45,0,47
04:10,04:10:00,45,47,-2,1,3,REGULAR,73,M. PONITKA,1,foulon,496,495,[],,0,28,Mateusz Michal,Ponitka,Mateusz Michal,Ponitka,M,P,M,P,M. Ponitka,BAHÇESEHIR KOLEJI,BSK,M. Ponitka,28,,,,,,OTHER,,BAHÇESEHIR KOLEJI foulon,,,,,,,,,0,138,1.0,,0,45,0,47
03:56,03:56:00,45,47,-2,1,3,REGULAR,73,M. PONITKA,0,2pt,498,,['pointsinthepaint'],floatingjumpshot,1,28,Mateusz Michal,Ponitka,Mateusz Michal,Ponitka,M,P,M,P,M. Ponitka,BAHÇESEHIR KOLEJI,BSK,M. Ponitka,28,,,97.540000915527,52.369998931885,0.0,P2,missed,BAHÇESEHIR KOLEJI M. PONITKA 2Pt missed,,,,,,,,,0,138,1.0,def_reb,0,45,0,47
03:54,03:54:00,45,47,-2,2,3,REGULAR,55,A. OLASENI,1,rebound,499,498,[],defensive,0,0,Abodunrin Gabriel,Olaseni,Abodunrin Gabriel,Olaseni,A,O,A,O,A. Olaseni,MERSIN SPOR,MSK,A. Olaseni,0,,,,,,REB,,MERSIN SPOR rebound defensive,,,,,,,,,0,139,2.0,def_reb,0,45,0,47
03:38,03:38:00,45,47,-2,2,3,REGULAR,55,A. OLASENI,0,2pt,500,,[],jumpshot,1,0,Abodunrin Gabriel,Olaseni,Abodunrin Gabriel,Olaseni,A,O,A,O,A. Olaseni,MERSIN SPOR,MSK,A. Olaseni,0,,,19.530000686646,74.120002746582,0.0,P2,missed,MERSIN SPOR A. OLASENI 2Pt missed,,,,,,,,,0,140,1.0,def_reb,0,45,0,47
03:36,03:36:00,45,47,-2,1,3,REGULAR,73,M. PONITKA,1,rebound,501,500,[],defensive,0,28,Mateusz Michal,Ponitka,Mateusz Michal,Ponitka,M,P,M,P,M. Ponitka,BAHÇESEHIR KOLEJI,BSK,M. Ponitka,28,,,,,,REB,,BAHÇESEHIR KOLEJI rebound defensive,,,,,,,,,0,141,2.0,def_reb,0,45,0,47
03:26,03:26:00,48,47,1,1,3,REGULAR,1,I. AKPINAR,1,3pt,502,,[],jumpshot,1,33,Ismet,Akpinar,Ismet,Akpinar,I,A,I,A,I. Akpinar,BAHÇESEHIR KOLEJI,BSK,I. Akpinar,33,,,70.699996948242,19.889999389648,1.0,P3,made,BAHÇESEHIR KOLEJI I. AKPINAR 3Pt made,76.0,1.0,M. MITCHELL II,,,,,,3,142,1.0,score,3,48,0,47
03:26,03:26:00,48,47,1,1,3,REGULAR,76,M. MITCHELL II,1,assist,503,502,[],,0,11,Matthew Antonio,Mitchell Ii,Matthew Antonio,Mitchell Ii,M,M,M,M,M. Mitchell Ii,BAHÇESEHIR KOLEJI,BSK,M. Mitchell Ii,11,,,,,,ASS,,BAHÇESEHIR KOLEJI M. MITCHELL II assist,,,,,,,,,0,143,2.0,,0,48,0,47
02:52,02:52:00,48,47,1,2,3,REGULAR,5,J. COBBS,0,2pt,504,,[],jumpshot,1,1,Justin,Cobbs,Justin,Cobbs,J,C,J,C,J. Cobbs,MERSIN SPOR,MSK,J. Cobbs,1,,,21.39999961853,43.049999237061,0.0,P2,missed,MERSIN SPOR J. COBBS 2Pt missed,,,,,,,,,0,143,2.0,,0,48,0,47
02:51,02:51:00,48,47,1,2,3,REGULAR,6,F. CRUZ SALDIVAR,1,rebound,505,504,[],offensive,0,9,Francisco Javier,Cruz Saldivar,Francisco Javier,Cruz Saldivar,F,C,F,C,F. Cruz Saldivar,MERSIN SPOR,MSK,F. Cruz Saldivar,9,,,,,,REB,,MERSIN SPOR rebound offensive,,,,,,,,,0,143,2.0,,0,48,0,47
02:50,02:50:00,48,47,1,2,3,REGULAR,6,F. CRUZ SALDIVAR,0,3pt,506,,['2ndchance'],jumpshot,1,9,Francisco Javier,Cruz Saldivar,Francisco Javier,Cruz Saldivar,F,C,F,C,F. Cruz Saldivar,MERSIN SPOR,MSK,F. Cruz Saldivar,9,,,28.739999771118,84.290000915527,0.0,P3,missed,MERSIN SPOR F. CRUZ SALDIVAR 3Pt missed,,,,,,,,,0,143,2.0,def_reb,0,48,0,47
02:48,02:48:00,48,47,1,1,3,REGULAR,77,B. KOPRIVICA,1,rebound,507,506,[],defensive,0,8,Balsa,Koprivica,Balsa,Koprivica,B,K,B,K,B. Koprivica,BAHÇESEHIR KOLEJI,BSK,B. Koprivica,8,,,,,,REB,,BAHÇESEHIR KOLEJI rebound defensive,,,,,,,,,0,144,1.0,def_reb,0,48,0,47
02:47,02:47:00,48,47,1,2,3,REGULAR,5,J. COBBS,1,foul,509,,[],personal,0,1,Justin,Cobbs,Justin,Cobbs,J,C,J,C,J. Cobbs,MERSIN SPOR,MSK,J. Cobbs,1,,,,,,FOUL,,MERSIN SPOR J. COBBS foul personal,,,,,,,,,0,145,2.0,,0,48,0,47
02:47,02:47:00,48,47,1,1,3,REGULAR,73,M. PONITKA,1,foulon,510,509,[],,0,28,Mateusz Michal,Ponitka,Mateusz Michal,Ponitka,M,P,M,P,M. Ponitka,BAHÇESEHIR KOLEJI,BSK,M. Ponitka,28,,,,,,OTHER,,BAHÇESEHIR KOLEJI foulon,,,,,,,,,0,145,2.0,,0,48,0,47
02:47,02:47:00,48,47,1,2,3,REGULAR,55,A. OLASENI,1,substitution,511,,[],out,0,0,Abodunrin Gabriel,Olaseni,Abodunrin Gabriel,Olaseni,A,O,A,O,A. Olaseni,MERSIN SPOR,MSK,A. Olaseni,0,,,,,,SUB,out,MERSIN SPOR substitution out,,,,,,,,,0,145,2.0,,0,48,0,47
02:47,02:47:00,48,47,1,2,3,REGULAR,6,F. CRUZ SALDIVAR,1,substitution,512,,[],out,0,9,Francisco Javier,Cruz Saldivar,Francisco Javier,Cruz Saldivar,F,C,F,C,F. Cruz Saldivar,MERSIN SPOR,MSK,F. Cruz Saldivar,9,,,,,,SUB,out,MERSIN SPOR substitution out,,,,,,,,,0,145,2.0,,0,48,0,47
02:47,02:47:00,48,47,1,2,3,REGULAR,56,A. COWAN,1,substitution,513,,[],in,0,7,Anthony Dewayne,Cowan,Anthony Dewayne,Cowan,A,C,A,C,A. Cowan,MERSIN SPOR,MSK,A. Cowan,7,,,,,,SUB,in,MERSIN SPOR substitution in,,,,,,,,,0,145,2.0,,0,48,0,47
02:47,02:47:00,48,47,1,2,3,REGULAR,7,B. BENTIL,1,substitution,514,,[],in,0,50,Benjamin,Bentil,Benjamin,Bentil,B,B,B,B,B. Bentil,MERSIN SPOR,MSK,B. Bentil,50,,,,,,SUB,in,MERSIN SPOR substitution in,,,,,,,,,0,145,2.0,,0,48,0,47
02:39,02:39:00,48,47,1,1,3,REGULAR,77,B. KOPRIVICA,0,2pt,516,,['pointsinthepaint'],layup,1,8,Balsa,Koprivica,Balsa,Koprivica,B,K,B,K,B. Koprivica,BAHÇESEHIR KOLEJI,BSK,B. Koprivica,8,,,96.910003662109,59.720001220703,0.0,P2,missed,BAHÇESEHIR KOLEJI B. KOPRIVICA 2Pt missed,,,,,,,,,0,145,2.0,,0,48,0,47
02:37,02:37:00,48,47,1,1,3,REGULAR,77,B. KOPRIVICA,1,rebound,518,516,[],offensive,0,8,Balsa,Koprivica,Balsa,Koprivica,B,K,B,K,B. Koprivica,BAHÇESEHIR KOLEJI,BSK,B. Koprivica,8,,,,,,REB,,BAHÇESEHIR KOLEJI rebound offensive,,,,,,,,,0,145,2.0,,0,48,0,47
02:37,02:37:00,48,47,1,1,3,REGULAR,77,B. KOPRIVICA,0,2pt,519,,"['2ndchance', 'pointsinthepaint']",tipinlayup,1,8,Balsa,Koprivica,Balsa,Koprivica,B,K,B,K,B. Koprivica,BAHÇESEHIR KOLEJI,BSK,B. Koprivica,8,,,94.0,50.0,0.0,P2,missed,BAHÇESEHIR KOLEJI B. KOPRIVICA 2Pt missed,,,,,,,,,0,145,2.0,def_reb,0,48,0,47
02:37,02:37:00,48,47,1,2,3,REGULAR,7,B. BENTIL,1,rebound,520,519,[],defensive,0,50,Benjamin,Bentil,Benjamin,Bentil,B,B,B,B,B. Bentil,MERSIN SPOR,MSK,B. Bentil,50,,,,,,REB,,MERSIN SPOR rebound defensive,,,,,,,,,0,146,1.0,def_reb,0,48,0,47
02:37,02:37:00,48,47,1,1,3,REGULAR,77,B. KOPRIVICA,1,foul,521,,[],personal,0,8,Balsa,Koprivica,Balsa,Koprivica,B,K,B,K,B. Koprivica,BAHÇESEHIR KOLEJI,BSK,B. Koprivica,8,,,,,,FOUL,,BAHÇESEHIR KOLEJI B. KOPRIVICA foul personal,,,,,,,,,0,147,2.0,,0,48,0,47
02:37,02:37:00,48,47,1,2,3,REGULAR,7,B. BENTIL,1,foulon,522,521,[],,0,50,Benjamin,Bentil,Benjamin,Bentil,B,B,B,B,B. Bentil,MERSIN SPOR,MSK,B. Bentil,50,,,,,,OTHER,,MERSIN SPOR foulon,,,,,,,,,0,147,2.0,,0,48,0,47
02:37,02:37:00,48,47,1,1,3,REGULAR,77,B. KOPRIVICA,1,substitution,523,,[],out,0,8,Balsa,Koprivica,Balsa,Koprivica,B,K,B,K,B. Koprivica,BAHÇESEHIR KOLEJI,BSK,B. Koprivica,8,,,,,,SUB,out,BAHÇESEHIR KOLEJI substitution out,,,,,,,,,0,147,2.0,,0,48,0,47
02:37,02:37:00,48,47,1,1,3,REGULAR,63,F. HALTALI,1,substitution,524,,[],in,0,14,Furkan,Haltali,Furkan,Haltali,F,H,F,H,F. Haltali,BAHÇESEHIR KOLEJI,BSK,F. Haltali,14,,,,,,SUB,in,BAHÇESEHIR KOLEJI substitution in,,,,,,,,,0,147,2.0,,0,48,0,47
02:37,02:37:00,48,47,1,2,3,REGULAR,10,R. MARCH JR,1,substitution,526,,[],in,0,4,Ronald Eugene,March Jr,Ronald Eugene,March Jr,R,M,R,M,R. March Jr,MERSIN SPOR,MSK,R. March Jr,4,,,,,,SUB,in,MERSIN SPOR substitution in,,,,,,,,,0,147,2.0,,0,48,0,47
02:37,02:37:00,48,47,1,2,3,REGULAR,5,J. COBBS,1,substitution,527,,[],out,0,1,Justin,Cobbs,Justin,Cobbs,J,C,J,C,J. Cobbs,MERSIN SPOR,MSK,J. Cobbs,1,,,,,,SUB,out,MERSIN SPOR substitution out,,,,,,,,,0,147,2.0,,0,48,0,47
02:14,02:14:00,48,47,1,2,3,REGULAR,9,J. WHITE,0,2pt,529,,[],jumpshot,1,14,Jackson Thomas,White,Jackson Thomas,White,J,W,J,W,J. White,MERSIN SPOR,MSK,J. White,14,,,15.939999580383,81.470001220703,0.0,P2,missed,MERSIN SPOR J. WHITE 2Pt missed,,,,,,,,,0,147,2.0,,0,48,0,47
02:11,02:11:00,48,47,1,2,3,REGULAR,7,B. BENTIL,1,rebound,531,529,[],offensive,0,50,Benjamin,Bentil,Benjamin,Bentil,B,B,B,B,B. Bentil,MERSIN SPOR,MSK,B. Bentil,50,,,,,,REB,,MERSIN SPOR rebound offensive,,,,,,,,,0,147,2.0,,0,48,0,47
02:11,02:11:00,48,47,1,2,3,REGULAR,7,B. BENTIL,1,turnover,532,,[],ballhandling,0,50,Benjamin,Bentil,Benjamin,Bentil,B,B,B,B,B. Bentil,MERSIN SPOR,MSK,B. Bentil,50,,,,,,TO,,MERSIN SPOR B. BENTIL turnover ballhandling,,,,,,,,,0,147,2.0,turnover,0,48,0,47
01:57,01:57:00,48,47,1,1,3,REGULAR,75,C. HOMESLEY,0,3pt,534,,['fromturnover'],jumpshot,1,5,Caleb Allen,Homesley,Caleb Allen,Homesley,C,H,C,H,C. Homesley,BAHÇESEHIR KOLEJI,BSK,C. Homesley,5,,,71.639999389648,75.819999694824,0.0,P3,missed,BAHÇESEHIR KOLEJI C. HOMESLEY 3Pt missed,,,,,,,,,0,148,1.0,def_reb,0,48,0,47
01:54,01:54:00,48,47,1,1,3,REGULAR,0,,1,rebound,536,534,['team'],offensive,0,,,,,,,,,,,BAHÇESEHIR KOLEJI,BSK,,,,,,,,TREB,,BAHÇESEHIR KOLEJI team rebound offensive,,,,,,,,,0,149,2.0,def_reb,0,48,0,47
01:52,01:52:00,48,47,1,1,3,REGULAR,73,M. PONITKA,1,turnover,538,,[],badpass,0,28,Mateusz Michal,Ponitka,Mateusz Michal,Ponitka,M,P,M,P,M. Ponitka,BAHÇESEHIR KOLEJI,BSK,M. Ponitka,28,,,,,,TO,,BAHÇESEHIR KOLEJI M. PONITKA turnover badpass,,,,,,,,,0,150,1.0,turnover,0,48,0,47
01:52,01:52:00,48,47,1,2,3,REGULAR,56,A. COWAN,1,steal,539,538,[],,0,7,Anthony Dewayne,Cowan,Anthony Dewayne,Cowan,A,C,A,C,A. Cowan,MERSIN SPOR,MSK,A. Cowan,7,,,,,,ST,,MERSIN SPOR A. COWAN steal,,,,,,,,,0,151,2.0,,0,48,0,47
01:42,01:42:00,48,47,1,2,3,REGULAR,56,A. COWAN,1,turnover,540,,[],travel,0,7,Anthony Dewayne,Cowan,Anthony Dewayne,Cowan,A,C,A,C,A. Cowan,MERSIN SPOR,MSK,A. Cowan,7,,,,,,TO,,MERSIN SPOR A. COWAN turnover travel,,,,,,,,,0,151,2.0,turnover,0,48,0,47
01:30,01:30:00,51,47,4,1,3,REGULAR,73,M. PONITKA,1,3pt,545,,['fromturnover'],jumpshot,1,28,Mateusz Michal,Ponitka,Mateusz Michal,Ponitka,M,P,M,P,M. Ponitka,BAHÇESEHIR KOLEJI,BSK,M. Ponitka,28,,,67.269996643066,35.139999389648,1.0,P3,made,BAHÇESEHIR KOLEJI M. PONITKA 3Pt made,75.0,1.0,C. HOMESLEY,,,,,,3,152,1.0,score,3,51,0,47
01:30,01:30:00,51,47,4,1,3,REGULAR,75,C. HOMESLEY,1,assist,546,545,[],,0,5,Caleb Allen,Homesley,Caleb Allen,Homesley,C,H,C,H,C. Homesley,BAHÇESEHIR KOLEJI,BSK,C. Homesley,5,,,,,,ASS,,BAHÇESEHIR KOLEJI C. HOMESLEY assist,,,,,,,,,0,153,2.0,,0,51,0,47
01:07,01:07:00,51,47,4,2,3,REGULAR,10,R. MARCH JR,0,2pt,547,,[],jumpshot,1,4,Ronald Eugene,March Jr,Ronald Eugene,March Jr,R,M,R,M,R. March Jr,MERSIN SPOR,MSK,R. March Jr,4,,,16.719999313354,78.930000305176,0.0,P2,missed,MERSIN SPOR R. MARCH JR 2Pt missed,,,,,,,,,0,153,2.0,def_reb,0,51,0,47
01:04,01:04:00,51,47,4,1,3,REGULAR,1,I. AKPINAR,1,rebound,548,547,[],defensive,0,33,Ismet,Akpinar,Ismet,Akpinar,I,A,I,A,I. Akpinar,BAHÇESEHIR KOLEJI,BSK,I. Akpinar,33,,,,,,REB,,BAHÇESEHIR KOLEJI rebound defensive,,,,,,,,,0,154,1.0,def_reb,0,51,0,47
00:50,00:50:20,51,47,4,2,3,REGULAR,10,R. MARCH JR,1,foul,550,,"['shooting', '2freethrow']",personal,0,4,Ronald Eugene,March Jr,Ronald Eugene,March Jr,R,M,R,M,R. March Jr,MERSIN SPOR,MSK,R. March Jr,4,,,,,,FOUL,,MERSIN SPOR R. MARCH JR foul personal,,,,,,,,,0,155,2.0,,0,51,0,47
00:50,00:50:20,51,47,4,1,3,REGULAR,76,M. MITCHELL II,1,foulon,551,550,[],,0,11,Matthew Antonio,Mitchell Ii,Matthew Antonio,Mitchell Ii,M,M,M,M,M. Mitchell Ii,BAHÇESEHIR KOLEJI,BSK,M. Mitchell Ii,11,,,,,,OTHER,,BAHÇESEHIR KOLEJI foulon,,,,,,,,,0,155,2.0,,0,51,0,47
00:50,00:50:20,51,47,4,1,3,REGULAR,1,I. AKPINAR,1,substitution,552,,[],out,0,33,Ismet,Akpinar,Ismet,Akpinar,I,A,I,A,I. Akpinar,BAHÇESEHIR KOLEJI,BSK,I. Akpinar,33,,,,,,SUB,out,BAHÇESEHIR KOLEJI substitution out,,,,,,,,,0,155,2.0,,0,51,0,47
00:50,00:50:20,51,47,4,1,3,REGULAR,78,H. HALE,1,substitution,553,,[],in,0,77,Hunter Jelaun,Hale,Hunter Jelaun,Hale,H,H,H,H,H. Hale,BAHÇESEHIR KOLEJI,BSK,H. Hale,77,,,,,,SUB,in,BAHÇESEHIR KOLEJI substitution in,,,,,,,,,0,155,2.0,,0,51,0,47
00:50,00:50:20,51,47,4,1,3,REGULAR,73,M. PONITKA,1,substitution,554,,[],out,0,28,Mateusz Michal,Ponitka,Mateusz Michal,Ponitka,M,P,M,P,M. Ponitka,BAHÇESEHIR KOLEJI,BSK,M. Ponitka,28,,,,,,SUB,out,BAHÇESEHIR KOLEJI substitution out,,,,,,,,,0,155,2.0,,0,51,0,47
00:50,00:50:20,51,47,4,1,3,REGULAR,3,G. BAS,1,substitution,555,,[],in,0,57,Göktug,Bas,Göktug,Bas,G,B,G,B,G. Bas,BAHÇESEHIR KOLEJI,BSK,G. Bas,57,,,,,,SUB,in,BAHÇESEHIR KOLEJI substitution in,,,,,,,,,0,155,2.0,,0,51,0,47
00:50,00:50:20,51,47,4,2,3,REGULAR,4,E. TIRPANCI,1,substitution,556,,[],out,0,10,Efe Ergi,Tirpanci,Efe Ergi,Tirpanci,E,T,E,T,E. Tirpanci,MERSIN SPOR,MSK,E. Tirpanci,10,,,,,,SUB,out,MERSIN SPOR substitution out,,,,,,,,,0,155,2.0,,0,51,0,47
00:50,00:50:20,51,47,4,2,3,REGULAR,3,K. ÖZMIZRAK,1,substitution,557,,[],in,0,3,Kartal,Özmizrak,Kartal,Özmizrak,K,Ö,K,Ö,K. Özmizrak,MERSIN SPOR,MSK,K. Özmizrak,3,,,,,,SUB,in,MERSIN SPOR substitution in,,,,,,,,,0,155,2.0,,0,51,0,47
00:50,00:50:20,52,47,5,1,3,REGULAR,76,M. MITCHELL II,1,freethrow,558,,[],1of2,1,11,Matthew Antonio,Mitchell Ii,Matthew Antonio,Mitchell Ii,M,M,M,M,M. Mitchell Ii,BAHÇESEHIR KOLEJI,BSK,M. Mitchell Ii,11,,,,,,FT,made,BAHÇESEHIR KOLEJI M. MITCHELL II FT 1of2 made,,,,,,,,,1,155,2.0,made_ft,1,52,0,47
00:50,00:50:20,53,47,6,1,3,REGULAR,76,M. MITCHELL II,1,freethrow,559,,[],2of2,1,11,Matthew Antonio,Mitchell Ii,Matthew Antonio,Mitchell Ii,M,M,M,M,M. Mitchell Ii,BAHÇESEHIR KOLEJI,BSK,M. Mitchell Ii,11,,,,,,FT,made,BAHÇESEHIR KOLEJI M. MITCHELL II FT 2of2 made,,,,,,,,,1,156,1.0,made_ft_last,1,53,0,47
00:36,00:36:30,53,47,6,2,3,REGULAR,3,K. ÖZMIZRAK,1,turnover,562,,[],badpass,0,3,Kartal,Özmizrak,Kartal,Özmizrak,K,Ö,K,Ö,K. Özmizrak,MERSIN SPOR,MSK,K. Özmizrak,3,,,,,,TO,,MERSIN SPOR K. ÖZMIZRAK turnover badpass,,,,,,,,,0,157,2.0,turnover,0,53,0,47
00:21,00:21:20,53,47,6,1,3,REGULAR,63,F. HALTALI,0,2pt,564,,"['fromturnover', 'pointsinthepaint', 'blocked']",layup,1,14,Furkan,Haltali,Furkan,Haltali,F,H,F,H,F. Haltali,BAHÇESEHIR KOLEJI,BSK,F. Haltali,14,,,95.819999694824,49.549999237061,0.0,P2,missed,BAHÇESEHIR KOLEJI F. HALTALI 2Pt missed,,,,7.0,2.0,B. BENTIL,,,0,158,1.0,,0,53,0,47
00:21,00:21:20,53,47,6,2,3,REGULAR,7,B. BENTIL,1,block,566,564,[],,0,50,Benjamin,Bentil,Benjamin,Bentil,B,B,B,B,B. Bentil,MERSIN SPOR,MSK,B. Bentil,50,,,,,,BS,,MERSIN SPOR B. BENTIL block,,,,,,,,,0,158,1.0,,0,53,0,47
00:19,00:19:60,53,47,6,2,3,REGULAR,3,K. ÖZMIZRAK,1,rebound,567,564,[],defensive,0,3,Kartal,Özmizrak,Kartal,Özmizrak,K,Ö,K,Ö,K. Özmizrak,MERSIN SPOR,MSK,K. Özmizrak,3,,,,,,REB,,MERSIN SPOR rebound defensive,,,,,,,,,0,158,1.0,def_reb,0,53,0,47
00:19,00:19:60,53,47,6,1,3,REGULAR,3,G. BAS,1,foul,568,,[],personal,0,57,Göktug,Bas,Göktug,Bas,G,B,G,B,G. Bas,BAHÇESEHIR KOLEJI,BSK,G. Bas,57,,,,,,FOUL,,BAHÇESEHIR KOLEJI G. BAS foul personal,,,,,,,,,0,159,2.0,,0,53,0,47
00:19,00:19:60,53,47,6,2,3,REGULAR,3,K. ÖZMIZRAK,1,foulon,569,568,[],,0,3,Kartal,Özmizrak,Kartal,Özmizrak,K,Ö,K,Ö,K. Özmizrak,MERSIN SPOR,MSK,K. Özmizrak,3,,,,,,OTHER,,MERSIN SPOR foulon,,,,,,,,,0,159,2.0,,0,53,0,47
00:03,00:03:60,53,47,6,2,3,REGULAR,10,R. MARCH JR,0,3pt,571,,[],jumpshot,1,4,Ronald Eugene,March Jr,Ronald Eugene,March Jr,R,M,R,M,R. March Jr,MERSIN SPOR,MSK,R. March Jr,4,,,27.639999389648,80.620002746582,0.0,P3,missed,MERSIN SPOR R. MARCH JR 3Pt missed,,,,,,,,,0,159,2.0,,0,53,0,47
00:00,00:00:00,53,47,6,0,3,REGULAR,0,,1,period,575,,['confirmed'],end,0,,,,,,,,,,,,,,,,,,,,OTHER,,period end,,,,,,,,,0,159,2.0,,0,53,0,47
10:00,10:00:00,53,47,6,1,4,REGULAR,63,F. HALTALI,1,substitution,576,,[],out,0,14,Furkan,Haltali,Furkan,Haltali,F,H,F,H,F. Haltali,BAHÇESEHIR KOLEJI,BSK,F. Haltali,14,,,,,,SUB,out,BAHÇESEHIR KOLEJI substitution out,,,,,,,,,0,159,2.0,,0,53,0,47
10:00,10:00:00,53,47,6,1,4,REGULAR,79,T. WILLIAMS,1,substitution,577,,[],in,0,50,Trevion Lamon,Williams,Trevion Lamon,Williams,T,W,T,W,T. Williams,BAHÇESEHIR KOLEJI,BSK,T. Williams,50,,,,,,SUB,in,BAHÇESEHIR KOLEJI substitution in,,,,,,,,,0,159,2.0,,0,53,0,47
10:00,10:00:00,53,47,6,2,4,REGULAR,3,K. ÖZMIZRAK,1,substitution,578,,[],out,0,3,Kartal,Özmizrak,Kartal,Özmizrak,K,Ö,K,Ö,K. Özmizrak,MERSIN SPOR,MSK,K. Özmizrak,3,,,,,,SUB,out,MERSIN SPOR substitution out,,,,,,,,,0,159,2.0,,0,53,0,47
10:00,10:00:00,53,47,6,2,4,REGULAR,9,J. WHITE,1,substitution,579,,[],out,0,14,Jackson Thomas,White,Jackson Thomas,White,J,W,J,W,J. White,MERSIN SPOR,MSK,J. White,14,,,,,,SUB,out,MERSIN SPOR substitution out,,,,,,,,,0,159,2.0,,0,53,0,47
10:00,10:00:00,53,47,6,2,4,REGULAR,1,H. SAYILI,1,substitution,580,,[],in,0,8,Hakan,Sayili,Hakan,Sayili,H,S,H,S,H. Sayili,MERSIN SPOR,MSK,H. Sayili,8,,,,,,SUB,in,MERSIN SPOR substitution in,,,,,,,,,0,159,2.0,,0,53,0,47
10:00,10:00:00,53,47,6,2,4,REGULAR,6,F. CRUZ SALDIVAR,1,substitution,581,,[],in,0,9,Francisco Javier,Cruz Saldivar,Francisco Javier,Cruz Saldivar,F,C,F,C,F. Cruz Saldivar,MERSIN SPOR,MSK,F. Cruz Saldivar,9,,,,,,SUB,in,MERSIN SPOR substitution in,,,,,,,,,0,159,2.0,,0,53,0,47
10:00,10:00:00,53,47,6,0,4,REGULAR,0,,1,period,582,,[],start,0,,,,,,,,,,,,,,,,,,,,OTHER,,period start,,,,,,,,,0,159,2.0,,0,53,0,47
09:48,09:48:00,53,47,6,1,4,REGULAR,78,H. HALE,1,turnover,584,,[],badpass,0,77,Hunter Jelaun,Hale,Hunter Jelaun,Hale,H,H,H,H,H. Hale,BAHÇESEHIR KOLEJI,BSK,H. Hale,77,,,,,,TO,,BAHÇESEHIR KOLEJI H. HALE turnover badpass,,,,,,,,,0,159,2.0,turnover,0,53,0,47
09:48,09:48:00,53,47,6,2,4,REGULAR,6,F. CRUZ SALDIVAR,1,steal,585,584,[],,0,9,Francisco Javier,Cruz Saldivar,Francisco Javier,Cruz Saldivar,F,C,F,C,F. Cruz Saldivar,MERSIN SPOR,MSK,F. Cruz Saldivar,9,,,,,,ST,,MERSIN SPOR F. CRUZ SALDIVAR steal,,,,,,,,,0,160,1.0,,0,53,0,47
09:43,09:43:00,53,47,6,1,4,REGULAR,78,H. HALE,1,foul,587,,[],personal,0,77,Hunter Jelaun,Hale,Hunter Jelaun,Hale,H,H,H,H,H. Hale,BAHÇESEHIR KOLEJI,BSK,H. Hale,77,,,,,,FOUL,,BAHÇESEHIR KOLEJI H. HALE foul personal,,,,,,,,,0,160,1.0,,0,53,0,47
09:43,09:43:00,53,47,6,2,4,REGULAR,56,A. COWAN,1,foulon,588,587,[],,0,7,Anthony Dewayne,Cowan,Anthony Dewayne,Cowan,A,C,A,C,A. Cowan,MERSIN SPOR,MSK,A. Cowan,7,,,,,,OTHER,,MERSIN SPOR foulon,,,,,,,,,0,160,1.0,,0,53,0,47
09:32,09:32:00,53,47,6,2,4,REGULAR,7,B. BENTIL,0,3pt,590,,['fromturnover'],jumpshot,1,50,Benjamin,Bentil,Benjamin,Bentil,B,B,B,B,B. Bentil,MERSIN SPOR,MSK,B. Bentil,50,,,25.770000457764,84.01000213623,0.0,P3,missed,MERSIN SPOR B. BENTIL 3Pt missed,,,,,,,,,0,160,1.0,def_reb,0,53,0,47
09:30,09:30:00,53,47,6,1,4,REGULAR,3,G. BAS,1,rebound,591,590,[],defensive,0,57,Göktug,Bas,Göktug,Bas,G,B,G,B,G. Bas,BAHÇESEHIR KOLEJI,BSK,G. Bas,57,,,,,,REB,,BAHÇESEHIR KOLEJI rebound defensive,,,,,,,,,0,161,2.0,def_reb,0,53,0,47
09:23,09:23:00,53,47,6,1,4,REGULAR,76,M. MITCHELL II,0,3pt,592,,[],jumpshot,1,11,Matthew Antonio,Mitchell Ii,Matthew Antonio,Mitchell Ii,M,M,M,M,M. Mitchell Ii,BAHÇESEHIR KOLEJI,BSK,M. Mitchell Ii,11,,,81.620002746582,99.550003051758,0.0,P3,missed,BAHÇESEHIR KOLEJI M. MITCHELL II 3Pt missed,,,,,,,,,0,162,1.0,def_reb,0,53,0,47
09:20,09:20:00,53,47,6,2,4,REGULAR,56,A. COWAN,1,rebound,593,592,[],defensive,0,7,Anthony Dewayne,Cowan,Anthony Dewayne,Cowan,A,C,A,C,A. Cowan,MERSIN SPOR,MSK,A. Cowan,7,,,,,,REB,,MERSIN SPOR rebound defensive,,,,,,,,,0,163,2.0,def_reb,0,53,0,47
09:10,09:10:00,53,49,4,2,4,REGULAR,7,B. BENTIL,1,2pt,594,,['pointsinthepaint'],layup,1,50,Benjamin,Bentil,Benjamin,Bentil,B,B,B,B,B. Bentil,MERSIN SPOR,MSK,B. Bentil,50,,,2.0599999427795,50.110000610352,1.0,P2,made,MERSIN SPOR B. BENTIL 2Pt made,6.0,2.0,F. CRUZ SALDIVAR,,,,,,2,164,1.0,score,0,53,2,49
09:10,09:10:00,53,49,4,2,4,REGULAR,6,F. CRUZ SALDIVAR,1,assist,595,594,[],,0,9,Francisco Javier,Cruz Saldivar,Francisco Javier,Cruz Saldivar,F,C,F,C,F. Cruz Saldivar,MERSIN SPOR,MSK,F. Cruz Saldivar,9,,,,,,ASS,,MERSIN SPOR F. CRUZ SALDIVAR assist,,,,,,,,,0,165,2.0,,0,53,0,49
08:58,08:58:00,53,49,4,1,4,REGULAR,75,C. HOMESLEY,1,turnover,597,,[],travel,0,5,Caleb Allen,Homesley,Caleb Allen,Homesley,C,H,C,H,C. Homesley,BAHÇESEHIR KOLEJI,BSK,C. Homesley,5,,,,,,TO,,BAHÇESEHIR KOLEJI C. HOMESLEY turnover travel,,,,,,,,,0,165,2.0,turnover,0,53,0,49
08:58,08:58:00,53,49,4,1,4,REGULAR,76,M. MITCHELL II,1,substitution,598,,[],out,0,11,Matthew Antonio,Mitchell Ii,Matthew Antonio,Mitchell Ii,M,M,M,M,M. Mitchell Ii,BAHÇESEHIR KOLEJI,BSK,M. Mitchell Ii,11,,,,,,SUB,out,BAHÇESEHIR KOLEJI substitution out,,,,,,,,,0,166,1.0,,0,53,0,49
08:58,08:58:00,53,49,4,1,4,REGULAR,80,M. FLYNN,1,substitution,599,,[],in,0,22,Malachi Emmanuel,Flynn,Malachi Emmanuel,Flynn,M,F,M,F,M. Flynn,BAHÇESEHIR KOLEJI,BSK,M. Flynn,22,,,,,,SUB,in,BAHÇESEHIR KOLEJI substitution in,,,,,,,,,0,166,1.0,,0,53,0,49
08:36,08:36:00,53,52,1,2,4,REGULAR,56,A. COWAN,1,3pt,601,,['fromturnover'],jumpshot,1,7,Anthony Dewayne,Cowan,Anthony Dewayne,Cowan,A,C,A,C,A. Cowan,MERSIN SPOR,MSK,A. Cowan,7,,,38.409999847412,54.069999694824,1.0,P3,made,MERSIN SPOR A. COWAN 3Pt made,,,,,,,,,3,166,1.0,score,0,53,3,52
08:14,08:14:00,53,52,1,1,4,REGULAR,3,G. BAS,0,3pt,602,,[],jumpshot,1,57,Göktug,Bas,Göktug,Bas,G,B,G,B,G. Bas,BAHÇESEHIR KOLEJI,BSK,G. Bas,57,,,82.559997558594,93.900001525879,0.0,P3,missed,BAHÇESEHIR KOLEJI G. BAS 3Pt missed,,,,,,,,,0,167,2.0,,0,53,0,52
08:11,08:11:00,53,52,1,1,4,REGULAR,75,C. HOMESLEY,1,rebound,603,602,[],offensive,0,5,Caleb Allen,Homesley,Caleb Allen,Homesley,C,H,C,H,C. Homesley,BAHÇESEHIR KOLEJI,BSK,C. Homesley,5,,,,,,REB,,BAHÇESEHIR KOLEJI rebound offensive,,,,,,,,,0,167,2.0,,0,53,0,52
08:09,08:09:00,53,52,1,1,4,REGULAR,80,M. FLYNN,0,3pt,604,,"['2ndchance', 'blocked']",jumpshot,1,22,Malachi Emmanuel,Flynn,Malachi Emmanuel,Flynn,M,F,M,F,M. Flynn,BAHÇESEHIR KOLEJI,BSK,M. Flynn,22,,,68.209999084473,77.230003356934,0.0,P3,missed,BAHÇESEHIR KOLEJI M. FLYNN 3Pt missed,,,,10.0,2.0,R. MARCH JR,,,0,167,2.0,,0,53,0,52
08:09,08:09:00,53,52,1,2,4,REGULAR,10,R. MARCH JR,1,block,605,604,[],,0,4,Ronald Eugene,March Jr,Ronald Eugene,March Jr,R,M,R,M,R. March Jr,MERSIN SPOR,MSK,R. March Jr,4,,,,,,BS,,MERSIN SPOR R. MARCH JR block,,,,,,,,,0,167,2.0,,0,53,0,52
08:05,08:05:00,53,52,1,2,4,REGULAR,7,B. BENTIL,1,rebound,606,604,[],defensive,0,50,Benjamin,Bentil,Benjamin,Bentil,B,B,B,B,B. Bentil,MERSIN SPOR,MSK,B. Bentil,50,,,,,,REB,,MERSIN SPOR rebound defensive,,,,,,,,,0,167,2.0,def_reb,0,53,0,52
07:52,07:52:00,53,52,1,1,4,REGULAR,3,G. BAS,1,foul,610,,[],personal,0,57,Göktug,Bas,Göktug,Bas,G,B,G,B,G. Bas,BAHÇESEHIR KOLEJI,BSK,G. Bas,57,,,,,,FOUL,,BAHÇESEHIR KOLEJI G. BAS foul personal,,,,,,,,,0,168,1.0,,0,53,0,52
07:52,07:52:00,53,52,1,2,4,REGULAR,7,B. BENTIL,1,foulon,611,610,[],,0,50,Benjamin,Bentil,Benjamin,Bentil,B,B,B,B,B. Bentil,MERSIN SPOR,MSK,B. Bentil,50,,,,,,OTHER,,MERSIN SPOR foulon,,,,,,,,,0,168,1.0,,0,53,0,52
07:52,07:52:00,53,52,1,1,4,REGULAR,3,G. BAS,1,substitution,612,,[],out,0,57,Göktug,Bas,Göktug,Bas,G,B,G,B,G. Bas,BAHÇESEHIR KOLEJI,BSK,G. Bas,57,,,,,,SUB,out,BAHÇESEHIR KOLEJI substitution out,,,,,,,,,0,168,1.0,,0,53,0,52
07:52,07:52:00,53,52,1,1,4,REGULAR,1,I. AKPINAR,1,substitution,613,,[],in,0,33,Ismet,Akpinar,Ismet,Akpinar,I,A,I,A,I. Akpinar,BAHÇESEHIR KOLEJI,BSK,I. Akpinar,33,,,,,,SUB,in,BAHÇESEHIR KOLEJI substitution in,,,,,,,,,0,168,1.0,,0,53,0,52
07:52,07:52:00,53,52,1,1,4,REGULAR,78,H. HALE,1,substitution,614,,[],out,0,77,Hunter Jelaun,Hale,Hunter Jelaun,Hale,H,H,H,H,H. Hale,BAHÇESEHIR KOLEJI,BSK,H. Hale,77,,,,,,SUB,out,BAHÇESEHIR KOLEJI substitution out,,,,,,,,,0,168,1.0,,0,53,0,52
07:52,07:52:00,53,52,1,1,4,REGULAR,76,M. MITCHELL II,1,substitution,615,,[],in,0,11,Matthew Antonio,Mitchell Ii,Matthew Antonio,Mitchell Ii,M,M,M,M,M. Mitchell Ii,BAHÇESEHIR KOLEJI,BSK,M. Mitchell Ii,11,,,,,,SUB,in,BAHÇESEHIR KOLEJI substitution in,,,,,,,,,0,168,1.0,,0,53,0,52
07:47,07:47:00,53,52,1,1,4,REGULAR,79,T. WILLIAMS,1,foul,618,,"['shooting', '2freethrow']",personal,0,50,Trevion Lamon,Williams,Trevion Lamon,Williams,T,W,T,W,T. Williams,BAHÇESEHIR KOLEJI,BSK,T. Williams,50,,,,,,FOUL,,BAHÇESEHIR KOLEJI T. WILLIAMS foul personal,,,,,,,,,0,168,1.0,,0,53,0,52
07:47,07:47:00,53,52,1,2,4,REGULAR,6,F. CRUZ SALDIVAR,1,foulon,619,618,[],,0,9,Francisco Javier,Cruz Saldivar,Francisco Javier,Cruz Saldivar,F,C,F,C,F. Cruz Saldivar,MERSIN SPOR,MSK,F. Cruz Saldivar,9,,,,,,OTHER,,MERSIN SPOR foulon,,,,,,,,,0,168,1.0,,0,53,0,52
07:47,07:47:00,53,54,-1,1,4,REGULAR,75,C. HOMESLEY,1,substitution,620,,[],out,0,5,Caleb Allen,Homesley,Caleb Allen,Homesley,C,H,C,H,C. Homesley,BAHÇESEHIR KOLEJI,BSK,C. Homesley,5,,,,,,SUB,out,BAHÇESEHIR KOLEJI substitution out,,,,,,,,,0,168,1.0,,0,53,0,52
07:47,07:47:00,53,54,-1,1,4,REGULAR,73,M. PONITKA,1,substitution,621,,[],in,0,28,Mateusz Michal,Ponitka,Mateusz Michal,Ponitka,M,P,M,P,M. Ponitka,BAHÇESEHIR KOLEJI,BSK,M. Ponitka,28,,,,,,SUB,in,BAHÇESEHIR KOLEJI substitution in,,,,,,,,,0,168,1.0,,0,53,0,52
07:47,07:47:00,53,53,0,2,4,REGULAR,6,F. CRUZ SALDIVAR,1,freethrow,622,,[],1of2,1,9,Francisco Javier,Cruz Saldivar,Francisco Javier,Cruz Saldivar,F,C,F,C,F. Cruz Saldivar,MERSIN SPOR,MSK,F. Cruz Saldivar,9,,,,,,FT,made,MERSIN SPOR F. CRUZ SALDIVAR FT 1of2 made,,,,,,,,,1,168,1.0,made_ft,0,53,1,53
07:47,07:47:00,53,54,-1,2,4,REGULAR,6,F. CRUZ SALDIVAR,1,freethrow,623,,[],2of2,1,9,Francisco Javier,Cruz Saldivar,Francisco Javier,Cruz Saldivar,F,C,F,C,F. Cruz Saldivar,MERSIN SPOR,MSK,F. Cruz Saldivar,9,,,,,,FT,made,MERSIN SPOR F. CRUZ SALDIVAR FT 2of2 made,,,,,,,,,1,169,2.0,made_ft_last,0,53,1,54
07:34,07:34:00,55,54,1,1,4,REGULAR,79,T. WILLIAMS,1,2pt,625,,['pointsinthepaint'],floatingjumpshot,1,50,Trevion Lamon,Williams,Trevion Lamon,Williams,T,W,T,W,T. Williams,BAHÇESEHIR KOLEJI,BSK,T. Williams,50,,,94.26000213623,56.049999237061,1.0,P2,made,BAHÇESEHIR KOLEJI T. WILLIAMS 2Pt made,73.0,1.0,M. PONITKA,,,,,,2,170,1.0,score,2,55,0,54
07:34,07:34:00,55,54,1,1,4,REGULAR,73,M. PONITKA,1,assist,626,625,[],,0,28,Mateusz Michal,Ponitka,Mateusz Michal,Ponitka,M,P,M,P,M. Ponitka,BAHÇESEHIR KOLEJI,BSK,M. Ponitka,28,,,,,,ASS,,BAHÇESEHIR KOLEJI M. PONITKA assist,,,,,,,,,0,171,2.0,,0,55,0,54
07:08,07:08:00,55,54,1,2,4,REGULAR,7,B. BENTIL,0,2pt,627,,[],fadeaway,1,50,Benjamin,Bentil,Benjamin,Bentil,B,B,B,B,B. Bentil,MERSIN SPOR,MSK,B. Bentil,50,,,6.9000000953674,78.360000610352,0.0,P2,missed,MERSIN SPOR B. BENTIL 2Pt missed,,,,,,,,,0,171,2.0,def_reb,0,55,0,54
07:05,07:05:00,55,54,1,1,4,REGULAR,79,T. WILLIAMS,1,rebound,628,627,[],defensive,0,50,Trevion Lamon,Williams,Trevion Lamon,Williams,T,W,T,W,T. Williams,BAHÇESEHIR KOLEJI,BSK,T. Williams,50,,,,,,REB,,BAHÇESEHIR KOLEJI rebound defensive,,,,,,,,,0,172,1.0,def_reb,0,55,0,54
07:00,07:00:00,55,54,1,1,4,REGULAR,76,M. MITCHELL II,1,turnover,630,,[],travel,0,11,Matthew Antonio,Mitchell Ii,Matthew Antonio,Mitchell Ii,M,M,M,M,M. Mitchell Ii,BAHÇESEHIR KOLEJI,BSK,M. Mitchell Ii,11,,,,,,TO,,BAHÇESEHIR KOLEJI M. MITCHELL II turnover travel,,,,,,,,,0,173,2.0,turnover,0,55,0,54
07:00,07:00:00,55,54,1,2,4,REGULAR,10,R. MARCH JR,1,substitution,631,,[],out,0,4,Ronald Eugene,March Jr,Ronald Eugene,March Jr,R,M,R,M,R. March Jr,MERSIN SPOR,MSK,R. March Jr,4,,,,,,SUB,out,MERSIN SPOR substitution out,,,,,,,,,0,174,1.0,,0,55,0,54
07:00,07:00:00,55,54,1,2,4,REGULAR,7,B. BENTIL,1,substitution,632,,[],out,0,50,Benjamin,Bentil,Benjamin,Bentil,B,B,B,B,B. Bentil,MERSIN SPOR,MSK,B. Bentil,50,,,,,,SUB,out,MERSIN SPOR substitution out,,,,,,,,,0,174,1.0,,0,55,0,54
07:00,07:00:00,55,54,1,2,4,REGULAR,55,A. OLASENI,1,substitution,633,,[],in,0,0,Abodunrin Gabriel,Olaseni,Abodunrin Gabriel,Olaseni,A,O,A,O,A. Olaseni,MERSIN SPOR,MSK,A. Olaseni,0,,,,,,SUB,in,MERSIN SPOR substitution in,,,,,,,,,0,174,1.0,,0,55,0,54
07:00,07:00:00,55,54,1,2,4,REGULAR,5,J. COBBS,1,substitution,634,,[],in,0,1,Justin,Cobbs,Justin,Cobbs,J,C,J,C,J. Cobbs,MERSIN SPOR,MSK,J. Cobbs,1,,,,,,SUB,in,MERSIN SPOR substitution in,,,,,,,,,0,174,1.0,,0,55,0,54
06:37,06:37:00,55,54,1,1,4,REGULAR,1,I. AKPINAR,1,foul,637,,"['shooting', '2freethrow']",personal,0,33,Ismet,Akpinar,Ismet,Akpinar,I,A,I,A,I. Akpinar,BAHÇESEHIR KOLEJI,BSK,I. Akpinar,33,,,,,,FOUL,,BAHÇESEHIR KOLEJI I. AKPINAR foul personal,,,,,,,,,0,174,1.0,,0,55,0,54
06:37,06:37:00,55,54,1,2,4,REGULAR,56,A. COWAN,1,foulon,638,637,[],,0,7,Anthony Dewayne,Cowan,Anthony Dewayne,Cowan,A,C,A,C,A. Cowan,MERSIN SPOR,MSK,A. Cowan,7,,,,,,OTHER,,MERSIN SPOR foulon,,,,,,,,,0,174,1.0,,0,55,0,54
06:37,06:37:00,55,55,0,2,4,REGULAR,56,A. COWAN,1,freethrow,639,,['fromturnover'],1of2,1,7,Anthony Dewayne,Cowan,Anthony Dewayne,Cowan,A,C,A,C,A. Cowan,MERSIN SPOR,MSK,A. Cowan,7,,,,,,FT,made,MERSIN SPOR A. COWAN FT 1of2 made,,,,,,,,,1,174,1.0,made_ft,0,55,1,55
06:37,06:37:00,55,56,-1,2,4,REGULAR,56,A. COWAN,1,freethrow,640,,['fromturnover'],2of2,1,7,Anthony Dewayne,Cowan,Anthony Dewayne,Cowan,A,C,A,C,A. Cowan,MERSIN SPOR,MSK,A. Cowan,7,,,,,,FT,made,MERSIN SPOR A. COWAN FT 2of2 made,,,,,,,,,1,175,2.0,made_ft_last,0,55,1,56
06:15,06:15:00,57,56,1,1,4,REGULAR,76,M. MITCHELL II,1,2pt,642,,[],jumpshot,1,11,Matthew Antonio,Mitchell Ii,Matthew Antonio,Mitchell Ii,M,M,M,M,M. Mitchell Ii,BAHÇESEHIR KOLEJI,BSK,M. Mitchell Ii,11,,,74.599998474121,41.360000610352,1.0,P2,made,BAHÇESEHIR KOLEJI M. MITCHELL II 2Pt made,,,,,,,,,2,176,1.0,score,2,57,0,56
05:46,05:46:00,57,58,-1,2,4,REGULAR,5,J. COBBS,1,2pt,643,,[],jumpshot,1,1,Justin,Cobbs,Justin,Cobbs,J,C,J,C,J. Cobbs,MERSIN SPOR,MSK,J. Cobbs,1,,,13.920000076294,25.540000915527,1.0,P2,made,MERSIN SPOR J. COBBS 2Pt made,56.0,2.0,A. COWAN,,,,,,2,177,2.0,score,0,57,2,58
05:46,05:46:00,57,58,-1,2,4,REGULAR,56,A. COWAN,1,assist,644,643,[],,0,7,Anthony Dewayne,Cowan,Anthony Dewayne,Cowan,A,C,A,C,A. Cowan,MERSIN SPOR,MSK,A. Cowan,7,,,,,,ASS,,MERSIN SPOR A. COWAN assist,,,,,,,,,0,178,1.0,,0,57,0,58
05:31,05:31:00,57,58,-1,2,4,REGULAR,55,A. OLASENI,1,foul,648,,[],personal,0,0,Abodunrin Gabriel,Olaseni,Abodunrin Gabriel,Olaseni,A,O,A,O,A. Olaseni,MERSIN SPOR,MSK,A. Olaseni,0,,,,,,FOUL,,MERSIN SPOR A. OLASENI foul personal,,,,,,,,,0,178,1.0,,0,57,0,58
05:31,05:31:00,57,58,-1,1,4,REGULAR,80,M. FLYNN,1,foulon,649,648,[],,0,22,Malachi Emmanuel,Flynn,Malachi Emmanuel,Flynn,M,F,M,F,M. Flynn,BAHÇESEHIR KOLEJI,BSK,M. Flynn,22,,,,,,OTHER,,BAHÇESEHIR KOLEJI foulon,,,,,,,,,0,178,1.0,,0,57,0,58
05:20,05:20:00,57,58,-1,1,4,REGULAR,79,T. WILLIAMS,1,turnover,651,,[],ballhandling,0,50,Trevion Lamon,Williams,Trevion Lamon,Williams,T,W,T,W,T. Williams,BAHÇESEHIR KOLEJI,BSK,T. Williams,50,,,,,,TO,,BAHÇESEHIR KOLEJI T. WILLIAMS turnover ballhandling,,,,,,,,,0,178,1.0,turnover,0,57,0,58
05:20,05:20:00,57,58,-1,2,4,REGULAR,55,A. OLASENI,1,steal,652,651,[],,0,0,Abodunrin Gabriel,Olaseni,Abodunrin Gabriel,Olaseni,A,O,A,O,A. Olaseni,MERSIN SPOR,MSK,A. Olaseni,0,,,,,,ST,,MERSIN SPOR A. OLASENI steal,,,,,,,,,0,179,2.0,,0,57,0,58
05:01,05:01:00,57,58,-1,2,4,REGULAR,56,A. COWAN,0,3pt,653,,['fromturnover'],jumpshot,1,7,Anthony Dewayne,Cowan,Anthony Dewayne,Cowan,A,C,A,C,A. Cowan,MERSIN SPOR,MSK,A. Cowan,7,,,31.229999542236,39.659999847412,0.0,P3,missed,MERSIN SPOR A. COWAN 3Pt missed,,,,,,,,,0,179,2.0,,0,57,0,58
04:58,04:58:00,57,58,-1,2,4,REGULAR,55,A. OLASENI,1,rebound,654,653,[],offensive,0,0,Abodunrin Gabriel,Olaseni,Abodunrin Gabriel,Olaseni,A,O,A,O,A. Olaseni,MERSIN SPOR,MSK,A. Olaseni,0,,,,,,REB,,MERSIN SPOR rebound offensive,,,,,,,,,0,179,2.0,,0,57,0,58
04:57,04:57:00,57,60,-3,2,4,REGULAR,55,A. OLASENI,1,2pt,656,,"['2ndchance', 'fromturnover', 'pointsinthepaint']",layup,1,0,Abodunrin Gabriel,Olaseni,Abodunrin Gabriel,Olaseni,A,O,A,O,A. Olaseni,MERSIN SPOR,MSK,A. Olaseni,0,,,4.5599999427795,49.830001831055,1.0,P2,made,MERSIN SPOR A. OLASENI 2Pt made,,,,,,,,,2,179,2.0,score,0,57,2,60
04:57,04:57:00,57,60,-3,1,4,REGULAR,79,T. WILLIAMS,1,foul,657,,"['shooting', '1freethrow']",personal,0,50,Trevion Lamon,Williams,Trevion Lamon,Williams,T,W,T,W,T. Williams,BAHÇESEHIR KOLEJI,BSK,T. Williams,50,,,,,,FOUL,,BAHÇESEHIR KOLEJI T. WILLIAMS foul personal,,,,,,,,,0,180,1.0,,0,57,0,60
04:57,04:57:00,57,60,-3,2,4,REGULAR,55,A. OLASENI,1,foulon,658,657,[],,0,0,Abodunrin Gabriel,Olaseni,Abodunrin Gabriel,Olaseni,A,O,A,O,A. Olaseni,MERSIN SPOR,MSK,A. Olaseni,0,,,,,,OTHER,,MERSIN SPOR foulon,,,,,,,,,0,180,1.0,,0,57,0,60
04:57,04:57:00,57,60,-3,1,4,REGULAR,0,,1,timeout,659,,[],full,0,,,,,,,,,,,BAHÇESEHIR KOLEJI,BSK,,,,,,,,TIMEOUT,,BAHÇESEHIR KOLEJI timeout,,,,,,,,,0,180,1.0,,0,57,0,60
04:57,04:57:00,57,60,-3,1,4,REGULAR,79,T. WILLIAMS,1,substitution,661,,[],out,0,50,Trevion Lamon,Williams,Trevion Lamon,Williams,T,W,T,W,T. Williams,BAHÇESEHIR KOLEJI,BSK,T. Williams,50,,,,,,SUB,out,BAHÇESEHIR KOLEJI substitution out,,,,,,,,,0,180,1.0,,0,57,0,60
04:57,04:57:00,57,60,-3,1,4,REGULAR,77,B. KOPRIVICA,1,substitution,662,,[],in,0,8,Balsa,Koprivica,Balsa,Koprivica,B,K,B,K,B. Koprivica,BAHÇESEHIR KOLEJI,BSK,B. Koprivica,8,,,,,,SUB,in,BAHÇESEHIR KOLEJI substitution in,,,,,,,,,0,180,1.0,,0,57,0,60
04:57,04:57:00,57,61,-4,2,4,REGULAR,55,A. OLASENI,1,freethrow,663,,"['2ndchance', 'fromturnover']",1of1,1,0,Abodunrin Gabriel,Olaseni,Abodunrin Gabriel,Olaseni,A,O,A,O,A. Olaseni,MERSIN SPOR,MSK,A. Olaseni,0,,,,,,FT,made,MERSIN SPOR A. OLASENI FT 1of1 made,,,,,,,,,1,180,1.0,made_ft_last,0,57,1,61
04:37,04:37:00,57,61,-4,2,4,REGULAR,6,F. CRUZ SALDIVAR,1,foul,666,,"['shooting', '2freethrow']",personal,0,9,Francisco Javier,Cruz Saldivar,Francisco Javier,Cruz Saldivar,F,C,F,C,F. Cruz Saldivar,MERSIN SPOR,MSK,F. Cruz Saldivar,9,,,,,,FOUL,,MERSIN SPOR F. CRUZ SALDIVAR foul personal,,,,,,,,,0,181,2.0,,0,57,0,61
04:37,04:37:00,57,61,-4,1,4,REGULAR,76,M. MITCHELL II,1,foulon,667,666,[],,0,11,Matthew Antonio,Mitchell Ii,Matthew Antonio,Mitchell Ii,M,M,M,M,M. Mitchell Ii,BAHÇESEHIR KOLEJI,BSK,M. Mitchell Ii,11,,,,,,OTHER,,BAHÇESEHIR KOLEJI foulon,,,,,,,,,0,181,2.0,,0,57,0,61
04:37,04:37:00,58,61,-3,1,4,REGULAR,76,M. MITCHELL II,1,freethrow,668,,[],1of2,1,11,Matthew Antonio,Mitchell Ii,Matthew Antonio,Mitchell Ii,M,M,M,M,M. Mitchell Ii,BAHÇESEHIR KOLEJI,BSK,M. Mitchell Ii,11,,,,,,FT,made,BAHÇESEHIR KOLEJI M. MITCHELL II FT 1of2 made,,,,,,,,,1,181,2.0,made_ft,1,58,0,61
04:37,04:37:00,59,61,-2,1,4,REGULAR,76,M. MITCHELL II,1,freethrow,669,,[],2of2,1,11,Matthew Antonio,Mitchell Ii,Matthew Antonio,Mitchell Ii,M,M,M,M,M. Mitchell Ii,BAHÇESEHIR KOLEJI,BSK,M. Mitchell Ii,11,,,,,,FT,made,BAHÇESEHIR KOLEJI M. MITCHELL II FT 2of2 made,,,,,,,,,1,182,1.0,made_ft_last,1,59,0,61
04:13,04:13:00,59,64,-5,2,4,REGULAR,5,J. COBBS,1,3pt,671,,[],jumpshot,1,1,Justin,Cobbs,Justin,Cobbs,J,C,J,C,J. Cobbs,MERSIN SPOR,MSK,J. Cobbs,1,,,31.540000915527,52.659999847412,1.0,P3,made,MERSIN SPOR J. COBBS 3Pt made,,,,,,,,,3,183,2.0,score,0,59,3,64
04:05,04:05:00,59,64,-5,2,4,REGULAR,1,H. SAYILI,1,foul,673,,[],personal,0,8,Hakan,Sayili,Hakan,Sayili,H,S,H,S,H. Sayili,MERSIN SPOR,MSK,H. Sayili,8,,,,,,FOUL,,MERSIN SPOR H. SAYILI foul personal,,,,,,,,,0,184,1.0,,0,59,0,64
04:05,04:05:00,59,64,-5,1,4,REGULAR,77,B. KOPRIVICA,1,foulon,674,673,[],,0,8,Balsa,Koprivica,Balsa,Koprivica,B,K,B,K,B. Koprivica,BAHÇESEHIR KOLEJI,BSK,B. Koprivica,8,,,,,,OTHER,,BAHÇESEHIR KOLEJI foulon,,,,,,,,,0,184,1.0,,0,59,0,64
04:04,04:04:00,62,64,-2,1,4,REGULAR,80,M. FLYNN,1,3pt,676,,[],jumpshot,1,22,Malachi Emmanuel,Flynn,Malachi Emmanuel,Flynn,M,F,M,F,M. Flynn,BAHÇESEHIR KOLEJI,BSK,M. Flynn,22,,,79.129997253418,3.2200000286102,1.0,P3,made,BAHÇESEHIR KOLEJI M. FLYNN 3Pt made,73.0,1.0,M. PONITKA,,,,,,3,184,1.0,score,3,62,0,64
04:04,04:04:00,62,64,-2,1,4,REGULAR,73,M. PONITKA,1,assist,677,676,[],,0,28,Mateusz Michal,Ponitka,Mateusz Michal,Ponitka,M,P,M,P,M. Ponitka,BAHÇESEHIR KOLEJI,BSK,M. Ponitka,28,,,,,,ASS,,BAHÇESEHIR KOLEJI M. PONITKA assist,,,,,,,,,0,185,2.0,,0,62,0,64
03:45,03:45:00,62,64,-2,2,4,REGULAR,5,J. COBBS,0,3pt,678,,[],jumpshot,1,1,Justin,Cobbs,Justin,Cobbs,J,C,J,C,J. Cobbs,MERSIN SPOR,MSK,J. Cobbs,1,,,28.889999389648,86.269996643066,0.0,P3,missed,MERSIN SPOR J. COBBS 3Pt missed,,,,,,,,,0,185,2.0,def_reb,0,62,0,64
03:45,03:45:00,62,64,-2,1,4,REGULAR,0,,1,rebound,680,678,['team'],defensive,0,,,,,,,,,,,BAHÇESEHIR KOLEJI,BSK,,,,,,,,TREB,,BAHÇESEHIR KOLEJI team rebound defensive,,,,,,,,,0,186,1.0,def_reb,0,62,0,64
03:45,03:45:00,62,64,-2,2,4,REGULAR,55,A. OLASENI,1,foul,681,,[],personal,0,0,Abodunrin Gabriel,Olaseni,Abodunrin Gabriel,Olaseni,A,O,A,O,A. Olaseni,MERSIN SPOR,MSK,A. Olaseni,0,,,,,,FOUL,,MERSIN SPOR A. OLASENI foul personal,,,,,,,,,0,187,2.0,,0,62,0,64
03:45,03:45:00,62,64,-2,1,4,REGULAR,73,M. PONITKA,1,foulon,682,681,[],,0,28,Mateusz Michal,Ponitka,Mateusz Michal,Ponitka,M,P,M,P,M. Ponitka,BAHÇESEHIR KOLEJI,BSK,M. Ponitka,28,,,,,,OTHER,,BAHÇESEHIR KOLEJI foulon,,,,,,,,,0,187,2.0,,0,62,0,64
03:45,03:45:00,62,64,-2,1,4,REGULAR,76,M. MITCHELL II,1,substitution,683,,[],out,0,11,Matthew Antonio,Mitchell Ii,Matthew Antonio,Mitchell Ii,M,M,M,M,M. Mitchell Ii,BAHÇESEHIR KOLEJI,BSK,M. Mitchell Ii,11,,,,,,SUB,out,BAHÇESEHIR KOLEJI substitution out,,,,,,,,,0,187,2.0,,0,62,0,64
03:45,03:45:00,62,64,-2,1,4,REGULAR,78,H. HALE,1,substitution,684,,[],in,0,77,Hunter Jelaun,Hale,Hunter Jelaun,Hale,H,H,H,H,H. Hale,BAHÇESEHIR KOLEJI,BSK,H. Hale,77,,,,,,SUB,in,BAHÇESEHIR KOLEJI substitution in,,,,,,,,,0,187,2.0,,0,62,0,64
03:23,03:23:00,62,64,-2,1,4,REGULAR,78,H. HALE,0,2pt,688,,['pointsinthepaint'],layup,1,77,Hunter Jelaun,Hale,Hunter Jelaun,Hale,H,H,H,H,H. Hale,BAHÇESEHIR KOLEJI,BSK,H. Hale,77,,,90.360000610352,53.220001220703,0.0,P2,missed,BAHÇESEHIR KOLEJI H. HALE 2Pt missed,,,,,,,,,0,187,2.0,,0,62,0,64
03:20,03:20:00,62,64,-2,1,4,REGULAR,80,M. FLYNN,1,rebound,689,688,[],offensive,0,22,Malachi Emmanuel,Flynn,Malachi Emmanuel,Flynn,M,F,M,F,M. Flynn,BAHÇESEHIR KOLEJI,BSK,M. Flynn,22,,,,,,REB,,BAHÇESEHIR KOLEJI rebound offensive,,,,,,,,,0,187,2.0,,0,62,0,64
03:20,03:20:00,62,64,-2,1,4,REGULAR,80,M. FLYNN,0,2pt,690,,"['2ndchance', 'pointsinthepaint']",layup,1,22,Malachi Emmanuel,Flynn,Malachi Emmanuel,Flynn,M,F,M,F,M. Flynn,BAHÇESEHIR KOLEJI,BSK,M. Flynn,22,,,90.830001831055,58.590000152588,0.0,P2,missed,BAHÇESEHIR KOLEJI M. FLYNN 2Pt missed,,,,,,,,,0,187,2.0,def_reb,0,62,0,64
03:18,03:18:00,62,64,-2,2,4,REGULAR,55,A. OLASENI,1,rebound,691,690,[],defensive,0,0,Abodunrin Gabriel,Olaseni,Abodunrin Gabriel,Olaseni,A,O,A,O,A. Olaseni,MERSIN SPOR,MSK,A. Olaseni,0,,,,,,REB,,MERSIN SPOR rebound defensive,,,,,,,,,0,188,1.0,def_reb,0,62,0,64
03:03,03:03:00,62,64,-2,2,4,REGULAR,56,A. COWAN,0,3pt,692,,[],jumpshot,1,7,Anthony Dewayne,Cowan,Anthony Dewayne,Cowan,A,C,A,C,A. Cowan,MERSIN SPOR,MSK,A. Cowan,7,,,26.39999961853,13.949999809265,0.0,P3,missed,MERSIN SPOR A. COWAN 3Pt missed,,,,,,,,,0,189,2.0,,0,62,0,64
03:00,03:00:00,62,64,-2,2,4,REGULAR,55,A. OLASENI,1,rebound,693,692,[],offensive,0,0,Abodunrin Gabriel,Olaseni,Abodunrin Gabriel,Olaseni,A,O,A,O,A. Olaseni,MERSIN SPOR,MSK,A. Olaseni,0,,,,,,REB,,MERSIN SPOR rebound offensive,,,,,,,,,0,189,2.0,,0,62,0,64
02:58,02:58:00,62,64,-2,2,4,REGULAR,6,F. CRUZ SALDIVAR,0,3pt,694,,['2ndchance'],jumpshot,1,9,Francisco Javier,Cruz Saldivar,Francisco Javier,Cruz Saldivar,F,C,F,C,F. Cruz Saldivar,MERSIN SPOR,MSK,F. Cruz Saldivar,9,,,30.760000228882,80.620002746582,0.0,P3,missed,MERSIN SPOR F. CRUZ SALDIVAR 3Pt missed,,,,,,,,,0,189,2.0,def_reb,0,62,0,64
02:55,02:55:00,62,64,-2,1,4,REGULAR,80,M. FLYNN,1,rebound,695,694,[],defensive,0,22,Malachi Emmanuel,Flynn,Malachi Emmanuel,Flynn,M,F,M,F,M. Flynn,BAHÇESEHIR KOLEJI,BSK,M. Flynn,22,,,,,,REB,,BAHÇESEHIR KOLEJI rebound defensive,,,,,,,,,0,190,1.0,def_reb,0,62,0,64
02:49,02:49:00,64,64,0,1,4,REGULAR,73,M. PONITKA,1,2pt,697,,['fastbreak'],jumpshot,1,28,Mateusz Michal,Ponitka,Mateusz Michal,Ponitka,M,P,M,P,M. Ponitka,BAHÇESEHIR KOLEJI,BSK,M. Ponitka,28,,,86.300003051758,85.98999786377,1.0,P2,made,BAHÇESEHIR KOLEJI M. PONITKA 2Pt made,80.0,1.0,M. FLYNN,,,,,,2,191,2.0,score,2,64,0,64
02:49,02:49:00,64,64,0,1,4,REGULAR,80,M. FLYNN,1,assist,698,697,[],,0,22,Malachi Emmanuel,Flynn,Malachi Emmanuel,Flynn,M,F,M,F,M. Flynn,BAHÇESEHIR KOLEJI,BSK,M. Flynn,22,,,,,,ASS,,BAHÇESEHIR KOLEJI M. FLYNN assist,,,,,,,,,0,192,1.0,,0,64,0,64
02:49,02:49:00,64,64,0,2,4,REGULAR,0,,1,timeout,699,,[],full,0,,,,,,,,,,,MERSIN SPOR,MSK,,,,,,,,TIMEOUT,,MERSIN SPOR timeout,,,,,,,,,0,192,1.0,,0,64,0,64
02:49,02:49:00,64,64,0,2,4,REGULAR,1,H. SAYILI,1,substitution,700,,[],out,0,8,Hakan,Sayili,Hakan,Sayili,H,S,H,S,H. Sayili,MERSIN SPOR,MSK,H. Sayili,8,,,,,,SUB,out,MERSIN SPOR substitution out,,,,,,,,,0,192,1.0,,0,64,0,64
02:49,02:49:00,64,64,0,2,4,REGULAR,3,K. ÖZMIZRAK,1,substitution,701,,[],in,0,3,Kartal,Özmizrak,Kartal,Özmizrak,K,Ö,K,Ö,K. Özmizrak,MERSIN SPOR,MSK,K. Özmizrak,3,,,,,,SUB,in,MERSIN SPOR substitution in,,,,,,,,,0,192,1.0,,0,64,0,64
02:30,02:30:00,64,64,0,2,4,REGULAR,6,F. CRUZ SALDIVAR,1,turnover,703,,[],ballhandling,0,9,Francisco Javier,Cruz Saldivar,Francisco Javier,Cruz Saldivar,F,C,F,C,F. Cruz Saldivar,MERSIN SPOR,MSK,F. Cruz Saldivar,9,,,,,,TO,,MERSIN SPOR F. CRUZ SALDIVAR turnover ballhandling,,,,,,,,,0,192,1.0,turnover,0,64,0,64
02:30,02:30:00,64,64,0,1,4,REGULAR,78,H. HALE,1,steal,704,703,[],,0,77,Hunter Jelaun,Hale,Hunter Jelaun,Hale,H,H,H,H,H. Hale,BAHÇESEHIR KOLEJI,BSK,H. Hale,77,,,,,,ST,,BAHÇESEHIR KOLEJI H. HALE steal,,,,,,,,,0,193,2.0,,0,64,0,64
02:10,02:10:00,64,64,0,1,4,REGULAR,73,M. PONITKA,0,3pt,705,,['fromturnover'],jumpshot,1,28,Mateusz Michal,Ponitka,Mateusz Michal,Ponitka,M,P,M,P,M. Ponitka,BAHÇESEHIR KOLEJI,BSK,M. Ponitka,28,,,71.330001831055,15.64999961853,0.0,P3,missed,BAHÇESEHIR KOLEJI M. PONITKA 3Pt missed,,,,,,,,,0,193,2.0,,0,64,0,64
02:08,02:08:00,64,64,0,1,4,REGULAR,1,I. AKPINAR,1,rebound,706,705,[],offensive,0,33,Ismet,Akpinar,Ismet,Akpinar,I,A,I,A,I. Akpinar,BAHÇESEHIR KOLEJI,BSK,I. Akpinar,33,,,,,,REB,,BAHÇESEHIR KOLEJI rebound offensive,,,,,,,,,0,193,2.0,,0,64,0,64
02:07,02:07:00,64,64,0,2,4,REGULAR,56,A. COWAN,1,foul,708,,['2freethrow'],personal,0,7,Anthony Dewayne,Cowan,Anthony Dewayne,Cowan,A,C,A,C,A. Cowan,MERSIN SPOR,MSK,A. Cowan,7,,,,,,FOUL,,MERSIN SPOR A. COWAN foul personal,,,,,,,,,0,193,2.0,,0,64,0,64
02:07,02:07:00,64,64,0,1,4,REGULAR,77,B. KOPRIVICA,1,foulon,709,708,[],,0,8,Balsa,Koprivica,Balsa,Koprivica,B,K,B,K,B. Koprivica,BAHÇESEHIR KOLEJI,BSK,B. Koprivica,8,,,,,,OTHER,,BAHÇESEHIR KOLEJI foulon,,,,,,,,,0,193,2.0,,0,64,0,64
02:06,02:06:00,65,64,1,1,4,REGULAR,77,B. KOPRIVICA,1,freethrow,710,,"['2ndchance', 'fromturnover']",1of2,1,8,Balsa,Koprivica,Balsa,Koprivica,B,K,B,K,B. Koprivica,BAHÇESEHIR KOLEJI,BSK,B. Koprivica,8,,,,,,FT,made,BAHÇESEHIR KOLEJI B. KOPRIVICA FT 1of2 made,,,,,,,,,1,193,2.0,made_ft,1,65,0,64
02:06,02:06:00,65,64,1,1,4,REGULAR,77,B. KOPRIVICA,0,freethrow,711,,"['2ndchance', 'fromturnover']",2of2,1,8,Balsa,Koprivica,Balsa,Koprivica,B,K,B,K,B. Koprivica,BAHÇESEHIR KOLEJI,BSK,B. Koprivica,8,,,,,,FT,missed,BAHÇESEHIR KOLEJI B. KOPRIVICA FT 2of2 missed,,,,,,,,,0,194,1.0,def_reb,0,65,0,64
02:06,02:06:00,65,64,1,2,4,REGULAR,55,A. OLASENI,1,rebound,713,711,[],defensive,0,0,Abodunrin Gabriel,Olaseni,Abodunrin Gabriel,Olaseni,A,O,A,O,A. Olaseni,MERSIN SPOR,MSK,A. Olaseni,0,,,,,,REB,,MERSIN SPOR rebound defensive,,,,,,,,,0,195,2.0,def_reb,0,65,0,64
01:53,01:53:00,65,64,1,1,4,REGULAR,73,M. PONITKA,1,foul,715,,['2freethrow'],personal,0,28,Mateusz Michal,Ponitka,Mateusz Michal,Ponitka,M,P,M,P,M. Ponitka,BAHÇESEHIR KOLEJI,BSK,M. Ponitka,28,,,,,,FOUL,,BAHÇESEHIR KOLEJI M. PONITKA foul personal,,,,,,,,,0,196,1.0,,0,65,0,64
01:53,01:53:00,65,64,1,2,4,REGULAR,56,A. COWAN,1,foulon,716,715,[],,0,7,Anthony Dewayne,Cowan,Anthony Dewayne,Cowan,A,C,A,C,A. Cowan,MERSIN SPOR,MSK,A. Cowan,7,,,,,,OTHER,,MERSIN SPOR foulon,,,,,,,,,0,196,1.0,,0,65,0,64
01:53,01:53:00,65,64,1,2,4,REGULAR,6,F. CRUZ SALDIVAR,1,substitution,717,,[],out,0,9,Francisco Javier,Cruz Saldivar,Francisco Javier,Cruz Saldivar,F,C,F,C,F. Cruz Saldivar,MERSIN SPOR,MSK,F. Cruz Saldivar,9,,,,,,SUB,out,MERSIN SPOR substitution out,,,,,,,,,0,196,1.0,,0,65,0,64
01:53,01:53:00,65,64,1,2,4,REGULAR,9,J. WHITE,1,substitution,718,,[],in,0,14,Jackson Thomas,White,Jackson Thomas,White,J,W,J,W,J. White,MERSIN SPOR,MSK,J. White,14,,,,,,SUB,in,MERSIN SPOR substitution in,,,,,,,,,0,196,1.0,,0,65,0,64
01:53,01:53:00,65,64,1,2,4,REGULAR,56,A. COWAN,0,freethrow,719,,[],1of2,1,7,Anthony Dewayne,Cowan,Anthony Dewayne,Cowan,A,C,A,C,A. Cowan,MERSIN SPOR,MSK,A. Cowan,7,,,,,,FT,missed,MERSIN SPOR A. COWAN FT 1of2 missed,,,,,,,,,0,196,1.0,def_reb,0,65,0,64
01:53,01:53:00,65,64,1,2,4,REGULAR,0,,1,rebound,720,719,[],offensivedeadball,0,,,,,,,,,,,MERSIN SPOR,MSK,,,,,,,,TREB,,MERSIN SPOR team rebound offensivedeadball,,,,,,,,,0,197,2.0,def_reb,0,65,0,64
01:53,01:53:00,65,65,0,2,4,REGULAR,56,A. COWAN,1,freethrow,721,,[],2of2,1,7,Anthony Dewayne,Cowan,Anthony Dewayne,Cowan,A,C,A,C,A. Cowan,MERSIN SPOR,MSK,A. Cowan,7,,,,,,FT,made,MERSIN SPOR A. COWAN FT 2of2 made,,,,,,,,,1,198,1.0,made_ft_last,0,65,1,65
01:43,01:43:00,65,65,0,2,4,REGULAR,56,A. COWAN,1,foul,724,,"['shooting', '3freethrow']",personal,0,7,Anthony Dewayne,Cowan,Anthony Dewayne,Cowan,A,C,A,C,A. Cowan,MERSIN SPOR,MSK,A. Cowan,7,,,,,,FOUL,,MERSIN SPOR A. COWAN foul personal,,,,,,,,,0,199,2.0,,0,65,0,65
01:43,01:43:00,65,65,0,1,4,REGULAR,80,M. FLYNN,1,foulon,725,724,[],,0,22,Malachi Emmanuel,Flynn,Malachi Emmanuel,Flynn,M,F,M,F,M. Flynn,BAHÇESEHIR KOLEJI,BSK,M. Flynn,22,,,,,,OTHER,,BAHÇESEHIR KOLEJI foulon,,,,,,,,,0,199,2.0,,0,65,0,65
01:43,01:43:00,65,65,0,1,4,REGULAR,80,M. FLYNN,0,freethrow,726,,[],1of3,1,22,Malachi Emmanuel,Flynn,Malachi Emmanuel,Flynn,M,F,M,F,M. Flynn,BAHÇESEHIR KOLEJI,BSK,M. Flynn,22,,,,,,FT,missed,BAHÇESEHIR KOLEJI M. FLYNN FT 1of3 missed,,,,,,,,,0,199,2.0,def_reb,0,65,0,65
01:43,01:43:00,65,65,0,1,4,REGULAR,0,,1,rebound,727,726,[],offensivedeadball,0,,,,,,,,,,,BAHÇESEHIR KOLEJI,BSK,,,,,,,,TREB,,BAHÇESEHIR KOLEJI team rebound offensivedeadball,,,,,,,,,0,200,1.0,def_reb,0,65,0,65
01:43,01:43:00,66,65,1,1,4,REGULAR,80,M. FLYNN,1,freethrow,728,,[],2of3,1,22,Malachi Emmanuel,Flynn,Malachi Emmanuel,Flynn,M,F,M,F,M. Flynn,BAHÇESEHIR KOLEJI,BSK,M. Flynn,22,,,,,,FT,made,BAHÇESEHIR KOLEJI M. FLYNN FT 2of3 made,,,,,,,,,1,201,2.0,made_ft,1,66,0,65
01:43,01:43:00,66,65,1,1,4,REGULAR,80,M. FLYNN,0,freethrow,729,,[],3of3,1,22,Malachi Emmanuel,Flynn,Malachi Emmanuel,Flynn,M,F,M,F,M. Flynn,BAHÇESEHIR KOLEJI,BSK,M. Flynn,22,,,,,,FT,missed,BAHÇESEHIR KOLEJI M. FLYNN FT 3of3 missed,,,,,,,,,0,202,1.0,def_reb,0,66,0,65
01:43,01:43:00,66,65,1,2,4,REGULAR,9,J. WHITE,1,rebound,731,729,[],defensive,0,14,Jackson Thomas,White,Jackson Thomas,White,J,W,J,W,J. White,MERSIN SPOR,MSK,J. White,14,,,,,,REB,,MERSIN SPOR rebound defensive,,,,,,,,,0,203,2.0,def_reb,0,66,0,65
01:23,01:23:00,66,65,1,2,4,REGULAR,56,A. COWAN,0,2pt,732,,['pointsinthepaint'],layup,1,7,Anthony Dewayne,Cowan,Anthony Dewayne,Cowan,A,C,A,C,A. Cowan,MERSIN SPOR,MSK,A. Cowan,7,,,5.0199999809265,49.830001831055,0.0,P2,missed,MERSIN SPOR A. COWAN 2Pt missed,,,,,,,,,0,204,1.0,,0,66,0,65
01:21,01:21:00,66,65,1,2,4,REGULAR,56,A. COWAN,1,rebound,733,732,[],offensive,0,7,Anthony Dewayne,Cowan,Anthony Dewayne,Cowan,A,C,A,C,A. Cowan,MERSIN SPOR,MSK,A. Cowan,7,,,,,,REB,,MERSIN SPOR rebound offensive,,,,,,,,,0,204,1.0,,0,66,0,65
01:13,01:13:00,66,65,1,2,4,REGULAR,5,J. COBBS,1,turnover,734,,[],ballhandling,0,1,Justin,Cobbs,Justin,Cobbs,J,C,J,C,J. Cobbs,MERSIN SPOR,MSK,J. Cobbs,1,,,,,,TO,,MERSIN SPOR J. COBBS turnover ballhandling,,,,,,,,,0,204,1.0,turnover,0,66,0,65
01:13,01:13:00,66,65,1,1,4,REGULAR,78,H. HALE,1,steal,735,734,[],,0,77,Hunter Jelaun,Hale,Hunter Jelaun,Hale,H,H,H,H,H. Hale,BAHÇESEHIR KOLEJI,BSK,H. Hale,77,,,,,,ST,,BAHÇESEHIR KOLEJI H. HALE steal,,,,,,,,,0,205,2.0,,0,66,0,65
00:53,00:53:80,66,65,1,2,4,REGULAR,9,J. WHITE,1,foul,737,,['2freethrow'],personal,0,14,Jackson Thomas,White,Jackson Thomas,White,J,W,J,W,J. White,MERSIN SPOR,MSK,J. White,14,,,,,,FOUL,,MERSIN SPOR J. WHITE foul personal,,,,,,,,,0,205,2.0,,0,66,0,65
00:53,00:53:80,66,65,1,1,4,REGULAR,78,H. HALE,1,foulon,738,737,[],,0,77,Hunter Jelaun,Hale,Hunter Jelaun,Hale,H,H,H,H,H. Hale,BAHÇESEHIR KOLEJI,BSK,H. Hale,77,,,,,,OTHER,,BAHÇESEHIR KOLEJI foulon,,,,,,,,,0,205,2.0,,0,66,0,65
00:53,00:53:80,66,65,1,2,4,REGULAR,55,A. OLASENI,1,substitution,739,,[],out,0,0,Abodunrin Gabriel,Olaseni,Abodunrin Gabriel,Olaseni,A,O,A,O,A. Olaseni,MERSIN SPOR,MSK,A. Olaseni,0,,,,,,SUB,out,MERSIN SPOR substitution out,,,,,,,,,0,205,2.0,,0,66,0,65
00:53,00:53:80,66,65,1,2,4,REGULAR,7,B. BENTIL,1,substitution,740,,[],in,0,50,Benjamin,Bentil,Benjamin,Bentil,B,B,B,B,B. Bentil,MERSIN SPOR,MSK,B. Bentil,50,,,,,,SUB,in,MERSIN SPOR substitution in,,,,,,,,,0,205,2.0,,0,66,0,65
00:53,00:53:80,66,65,1,2,4,REGULAR,56,A. COWAN,1,substitution,741,,[],out,0,7,Anthony Dewayne,Cowan,Anthony Dewayne,Cowan,A,C,A,C,A. Cowan,MERSIN SPOR,MSK,A. Cowan,7,,,,,,SUB,out,MERSIN SPOR substitution out,,,,,,,,,0,205,2.0,,0,66,0,65
00:53,00:53:80,66,65,1,2,4,REGULAR,6,F. CRUZ SALDIVAR,1,substitution,742,,[],in,0,9,Francisco Javier,Cruz Saldivar,Francisco Javier,Cruz Saldivar,F,C,F,C,F. Cruz Saldivar,MERSIN SPOR,MSK,F. Cruz Saldivar,9,,,,,,SUB,in,MERSIN SPOR substitution in,,,,,,,,,0,205,2.0,,0,66,0,65
00:53,00:53:80,66,65,1,1,4,REGULAR,78,H. HALE,0,freethrow,743,,['fromturnover'],1of2,1,77,Hunter Jelaun,Hale,Hunter Jelaun,Hale,H,H,H,H,H. Hale,BAHÇESEHIR KOLEJI,BSK,H. Hale,77,,,,,,FT,missed,BAHÇESEHIR KOLEJI H. HALE FT 1of2 missed,,,,,,,,,0,205,2.0,def_reb,0,66,0,65
00:53,00:53:80,66,65,1,1,4,REGULAR,0,,1,rebound,744,743,[],offensivedeadball,0,,,,,,,,,,,BAHÇESEHIR KOLEJI,BSK,,,,,,,,TREB,,BAHÇESEHIR KOLEJI team rebound offensivedeadball,,,,,,,,,0,206,1.0,def_reb,0,66,0,65
00:53,00:53:80,67,65,2,1,4,REGULAR,78,H. HALE,1,freethrow,745,,['fromturnover'],2of2,1,77,Hunter Jelaun,Hale,Hunter Jelaun,Hale,H,H,H,H,H. Hale,BAHÇESEHIR KOLEJI,BSK,H. Hale,77,,,,,,FT,made,BAHÇESEHIR KOLEJI H. HALE FT 2of2 made,,,,,,,,,1,207,2.0,made_ft_last,1,67,0,65
00:38,00:38:90,67,65,2,2,4,REGULAR,5,J. COBBS,0,2pt,747,,['pointsinthepaint'],floatingjumpshot,1,1,Justin,Cobbs,Justin,Cobbs,J,C,J,C,J. Cobbs,MERSIN SPOR,MSK,J. Cobbs,1,,,14.539999961853,57.740001678467,0.0,P2,missed,MERSIN SPOR J. COBBS 2Pt missed,,,,,,,,,0,208,1.0,def_reb,0,67,0,65
00:36,00:36:60,67,65,2,1,4,REGULAR,73,M. PONITKA,1,rebound,748,747,[],defensive,0,28,Mateusz Michal,Ponitka,Mateusz Michal,Ponitka,M,P,M,P,M. Ponitka,BAHÇESEHIR KOLEJI,BSK,M. Ponitka,28,,,,,,REB,,BAHÇESEHIR KOLEJI rebound defensive,,,,,,,,,0,209,2.0,def_reb,0,67,0,65
00:16,00:16:30,67,65,2,2,4,REGULAR,3,K. ÖZMIZRAK,1,foul,750,,['2freethrow'],personal,0,3,Kartal,Özmizrak,Kartal,Özmizrak,K,Ö,K,Ö,K. Özmizrak,MERSIN SPOR,MSK,K. Özmizrak,3,,,,,,FOUL,,MERSIN SPOR K. ÖZMIZRAK foul personal,,,,,,,,,0,210,1.0,,0,67,0,65
00:16,00:16:30,67,65,2,1,4,REGULAR,80,M. FLYNN,1,foulon,751,750,[],,0,22,Malachi Emmanuel,Flynn,Malachi Emmanuel,Flynn,M,F,M,F,M. Flynn,BAHÇESEHIR KOLEJI,BSK,M. Flynn,22,,,,,,OTHER,,BAHÇESEHIR KOLEJI foulon,,,,,,,,,0,210,1.0,,0,67,0,65
00:16,00:16:30,67,65,2,1,4,REGULAR,80,M. FLYNN,0,freethrow,752,,[],1of2,1,22,Malachi Emmanuel,Flynn,Malachi Emmanuel,Flynn,M,F,M,F,M. Flynn,BAHÇESEHIR KOLEJI,BSK,M. Flynn,22,,,,,,FT,missed,BAHÇESEHIR KOLEJI M. FLYNN FT 1of2 missed,,,,,,,,,0,210,1.0,def_reb,0,67,0,65
00:16,00:16:30,67,65,2,1,4,REGULAR,0,,1,rebound,753,752,[],offensivedeadball,0,,,,,,,,,,,BAHÇESEHIR KOLEJI,BSK,,,,,,,,TREB,,BAHÇESEHIR KOLEJI team rebound offensivedeadball,,,,,,,,,0,211,2.0,def_reb,0,67,0,65
00:16,00:16:30,68,65,3,1,4,REGULAR,80,M. FLYNN,1,freethrow,754,,[],2of2,1,22,Malachi Emmanuel,Flynn,Malachi Emmanuel,Flynn,M,F,M,F,M. Flynn,BAHÇESEHIR KOLEJI,BSK,M. Flynn,22,,,,,,FT,made,BAHÇESEHIR KOLEJI M. FLYNN FT 2of2 made,,,,,,,,,1,212,1.0,made_ft_last,1,68,0,65
00:16,00:16:30,68,65,3,2,4,REGULAR,0,,1,timeout,755,,[],full,0,,,,,,,,,,,MERSIN SPOR,MSK,,,,,,,,TIMEOUT,,MERSIN SPOR timeout,,,,,,,,,0,213,2.0,,0,68,0,65
00:12,00:12:10,68,67,1,2,4,REGULAR,5,J. COBBS,1,2pt,758,,['pointsinthepaint'],drivinglayup,1,1,Justin,Cobbs,Justin,Cobbs,J,C,J,C,J. Cobbs,MERSIN SPOR,MSK,J. Cobbs,1,,,4.0900001525879,51.529998779297,1.0,P2,made,MERSIN SPOR J. COBBS 2Pt made,,,,,,,,,2,213,2.0,score,0,68,2,67
00:12,00:12:10,68,67,1,1,4,REGULAR,0,,1,timeout,759,,[],full,0,,,,,,,,,,,BAHÇESEHIR KOLEJI,BSK,,,,,,,,TIMEOUT,,BAHÇESEHIR KOLEJI timeout,,,,,,,,,0,214,1.0,,0,68,0,67
00:09,00:09:70,68,67,1,2,4,REGULAR,5,J. COBBS,1,substitution,762,,[],out,0,1,Justin,Cobbs,Justin,Cobbs,J,C,J,C,J. Cobbs,MERSIN SPOR,MSK,J. Cobbs,1,,,,,,SUB,out,MERSIN SPOR substitution out,,,,,,,,,0,214,1.0,,0,68,0,67
00:09,00:09:70,68,67,1,2,4,REGULAR,3,K. ÖZMIZRAK,1,substitution,763,,[],out,0,3,Kartal,Özmizrak,Kartal,Özmizrak,K,Ö,K,Ö,K. Özmizrak,MERSIN SPOR,MSK,K. Özmizrak,3,,,,,,SUB,out,MERSIN SPOR substitution out,,,,,,,,,0,214,1.0,,0,68,0,67
00:09,00:09:70,68,67,1,2,4,REGULAR,6,F. CRUZ SALDIVAR,1,substitution,764,,[],out,0,9,Francisco Javier,Cruz Saldivar,Francisco Javier,Cruz Saldivar,F,C,F,C,F. Cruz Saldivar,MERSIN SPOR,MSK,F. Cruz Saldivar,9,,,,,,SUB,out,MERSIN SPOR substitution out,,,,,,,,,0,214,1.0,,0,68,0,67
00:09,00:09:70,68,67,1,2,4,REGULAR,10,R. MARCH JR,1,substitution,765,,[],in,0,4,Ronald Eugene,March Jr,Ronald Eugene,March Jr,R,M,R,M,R. March Jr,MERSIN SPOR,MSK,R. March Jr,4,,,,,,SUB,in,MERSIN SPOR substitution in,,,,,,,,,0,214,1.0,,0,68,0,67
00:09,00:09:70,68,67,1,2,4,REGULAR,56,A. COWAN,1,substitution,766,,[],in,0,7,Anthony Dewayne,Cowan,Anthony Dewayne,Cowan,A,C,A,C,A. Cowan,MERSIN SPOR,MSK,A. Cowan,7,,,,,,SUB,in,MERSIN SPOR substitution in,,,,,,,,,0,214,1.0,,0,68,0,67
00:09,00:09:70,68,67,1,2,4,REGULAR,4,E. TIRPANCI,1,substitution,767,,[],in,0,10,Efe Ergi,Tirpanci,Efe Ergi,Tirpanci,E,T,E,T,E. Tirpanci,MERSIN SPOR,MSK,E. Tirpanci,10,,,,,,SUB,in,MERSIN SPOR substitution in,,,,,,,,,0,214,1.0,,0,68,0,67
00:09,00:09:00,68,67,1,2,4,REGULAR,56,A. COWAN,1,foul,770,,['2freethrow'],personal,0,7,Anthony Dewayne,Cowan,Anthony Dewayne,Cowan,A,C,A,C,A. Cowan,MERSIN SPOR,MSK,A. Cowan,7,,,,,,FOUL,,MERSIN SPOR A. COWAN foul personal,,,,,,,,,0,214,1.0,,0,68,0,67
00:09,00:09:00,68,67,1,1,4,REGULAR,73,M. PONITKA,1,foulon,771,770,[],,0,28,Mateusz Michal,Ponitka,Mateusz Michal,Ponitka,M,P,M,P,M. Ponitka,BAHÇESEHIR KOLEJI,BSK,M. Ponitka,28,,,,,,OTHER,,BAHÇESEHIR KOLEJI foulon,,,,,,,,,0,214,1.0,,0,68,0,67
00:09,00:09:00,69,67,2,1,4,REGULAR,73,M. PONITKA,1,freethrow,772,,[],1of2,1,28,Mateusz Michal,Ponitka,Mateusz Michal,Ponitka,M,P,M,P,M. Ponitka,BAHÇESEHIR KOLEJI,BSK,M. Ponitka,28,,,,,,FT,made,BAHÇESEHIR KOLEJI M. PONITKA FT 1of2 made,,,,,,,,,1,214,1.0,made_ft,1,69,0,67
00:09,00:09:00,70,67,3,1,4,REGULAR,73,M. PONITKA,1,freethrow,773,,[],2of2,1,28,Mateusz Michal,Ponitka,Mateusz Michal,Ponitka,M,P,M,P,M. Ponitka,BAHÇESEHIR KOLEJI,BSK,M. Ponitka,28,,,,,,FT,made,BAHÇESEHIR KOLEJI M. PONITKA FT 2of2 made,,,,,,,,,1,215,2.0,made_ft_last,1,70,0,67
00:09,00:09:00,70,67,3,2,4,REGULAR,0,,1,timeout,774,,[],full,0,,,,,,,,,,,MERSIN SPOR,MSK,,,,,,,,TIMEOUT,,MERSIN SPOR timeout,,,,,,,,,0,216,1.0,,0,70,0,67
00:09,00:09:00,70,67,3,1,4,REGULAR,78,H. HALE,1,substitution,775,,[],out,0,77,Hunter Jelaun,Hale,Hunter Jelaun,Hale,H,H,H,H,H. Hale,BAHÇESEHIR KOLEJI,BSK,H. Hale,77,,,,,,SUB,out,BAHÇESEHIR KOLEJI substitution out,,,,,,,,,0,216,1.0,,0,70,0,67
00:09,00:09:00,70,67,3,1,4,REGULAR,76,M. MITCHELL II,1,substitution,776,,[],in,0,11,Matthew Antonio,Mitchell Ii,Matthew Antonio,Mitchell Ii,M,M,M,M,M. Mitchell Ii,BAHÇESEHIR KOLEJI,BSK,M. Mitchell Ii,11,,,,,,SUB,in,BAHÇESEHIR KOLEJI substitution in,,,,,,,,,0,216,1.0,,0,70,0,67
00:09,00:09:00,70,67,3,2,4,REGULAR,10,R. MARCH JR,1,substitution,777,,[],out,0,4,Ronald Eugene,March Jr,Ronald Eugene,March Jr,R,M,R,M,R. March Jr,MERSIN SPOR,MSK,R. March Jr,4,,,,,,SUB,out,MERSIN SPOR substitution out,,,,,,,,,0,216,1.0,,0,70,0,67
00:09,00:09:00,70,67,3,2,4,REGULAR,4,E. TIRPANCI,1,substitution,778,,[],out,0,10,Efe Ergi,Tirpanci,Efe Ergi,Tirpanci,E,T,E,T,E. Tirpanci,MERSIN SPOR,MSK,E. Tirpanci,10,,,,,,SUB,out,MERSIN SPOR substitution out,,,,,,,,,0,216,1.0,,0,70,0,67
00:09,00:09:00,70,67,3,2,4,REGULAR,3,K. ÖZMIZRAK,1,substitution,779,,[],in,0,3,Kartal,Özmizrak,Kartal,Özmizrak,K,Ö,K,Ö,K. Özmizrak,MERSIN SPOR,MSK,K. Özmizrak,3,,,,,,SUB,in,MERSIN SPOR substitution in,,,,,,,,,0,216,1.0,,0,70,0,67
00:09,00:09:00,70,67,3,2,4,REGULAR,6,F. CRUZ SALDIVAR,1,substitution,780,,[],in,0,9,Francisco Javier,Cruz Saldivar,Francisco Javier,Cruz Saldivar,F,C,F,C,F. Cruz Saldivar,MERSIN SPOR,MSK,F. Cruz Saldivar,9,,,,,,SUB,in,MERSIN SPOR substitution in,,,,,,,,,0,216,1.0,,0,70,0,67
00:04,00:04:80,70,67,3,2,4,REGULAR,6,F. CRUZ SALDIVAR,0,3pt,782,,[],jumpshot,1,9,Francisco Javier,Cruz Saldivar,Francisco Javier,Cruz Saldivar,F,C,F,C,F. Cruz Saldivar,MERSIN SPOR,MSK,F. Cruz Saldivar,9,,,29.049999237061,88.529998779297,0.0,P3,missed,MERSIN SPOR F. CRUZ SALDIVAR 3Pt missed,,,,,,,,,0,216,1.0,,0,70,0,67
00:02,00:02:00,70,67,3,2,4,REGULAR,7,B. BENTIL,1,rebound,784,782,[],offensive,0,50,Benjamin,Bentil,Benjamin,Bentil,B,B,B,B,B. Bentil,MERSIN SPOR,MSK,B. Bentil,50,,,,,,REB,,MERSIN SPOR rebound offensive,,,,,,,,,0,216,1.0,,0,70,0,67
00:02,00:02:00,70,69,1,2,4,REGULAR,7,B. BENTIL,1,2pt,785,,"['2ndchance', 'pointsinthepaint']",tipinlayup,1,50,Benjamin,Bentil,Benjamin,Bentil,B,B,B,B,B. Bentil,MERSIN SPOR,MSK,B. Bentil,50,,,6.0,50.0,1.0,P2,made,MERSIN SPOR B. BENTIL 2Pt made,,,,,,,,,2,216,1.0,score,0,70,2,69
00:02,00:02:00,70,69,1,2,4,REGULAR,3,K. ÖZMIZRAK,1,substitution,786,,[],out,0,3,Kartal,Özmizrak,Kartal,Özmizrak,K,Ö,K,Ö,K. Özmizrak,MERSIN SPOR,MSK,K. Özmizrak,3,,,,,,SUB,out,MERSIN SPOR substitution out,,,,,,,,,0,217,2.0,,0,70,0,69
00:02,00:02:00,70,69,1,2,4,REGULAR,4,E. TIRPANCI,1,substitution,787,,[],in,0,10,Efe Ergi,Tirpanci,Efe Ergi,Tirpanci,E,T,E,T,E. Tirpanci,MERSIN SPOR,MSK,E. Tirpanci,10,,,,,,SUB,in,MERSIN SPOR substitution in,,,,,,,,,0,217,2.0,,0,70,0,69
00:02,00:02:00,70,69,1,2,4,REGULAR,56,A. COWAN,1,substitution,788,,[],out,0,7,Anthony Dewayne,Cowan,Anthony Dewayne,Cowan,A,C,A,C,A. Cowan,MERSIN SPOR,MSK,A. Cowan,7,,,,,,SUB,out,MERSIN SPOR substitution out,,,,,,,,,0,217,2.0,,0,70,0,69
00:02,00:02:00,70,69,1,2,4,REGULAR,10,R. MARCH JR,1,substitution,789,,[],in,0,4,Ronald Eugene,March Jr,Ronald Eugene,March Jr,R,M,R,M,R. March Jr,MERSIN SPOR,MSK,R. March Jr,4,,,,,,SUB,in,MERSIN SPOR substitution in,,,,,,,,,0,217,2.0,,0,70,0,69
00:02,00:02:00,70,69,1,1,4,REGULAR,76,M. MITCHELL II,1,substitution,790,,[],out,0,11,Matthew Antonio,Mitchell Ii,Matthew Antonio,Mitchell Ii,M,M,M,M,M. Mitchell Ii,BAHÇESEHIR KOLEJI,BSK,M. Mitchell Ii,11,,,,,,SUB,out,BAHÇESEHIR KOLEJI substitution out,,,,,,,,,0,217,2.0,,0,70,0,69
00:02,00:02:00,70,69,1,1,4,REGULAR,78,H. HALE,1,substitution,791,,[],in,0,77,Hunter Jelaun,Hale,Hunter Jelaun,Hale,H,H,H,H,H. Hale,BAHÇESEHIR KOLEJI,BSK,H. Hale,77,,,,,,SUB,in,BAHÇESEHIR KOLEJI substitution in,,,,,,,,,0,217,2.0,,0,70,0,69
00:01,00:01:30,70,69,1,2,4,REGULAR,10,R. MARCH JR,1,foul,794,,['2freethrow'],personal,0,4,Ronald Eugene,March Jr,Ronald Eugene,March Jr,R,M,R,M,R. March Jr,MERSIN SPOR,MSK,R. March Jr,4,,,,,,FOUL,,MERSIN SPOR R. MARCH JR foul personal,,,,,,,,,0,217,2.0,,0,70,0,69
00:01,00:01:30,70,69,1,1,4,REGULAR,80,M. FLYNN,1,foulon,795,794,[],,0,22,Malachi Emmanuel,Flynn,Malachi Emmanuel,Flynn,M,F,M,F,M. Flynn,BAHÇESEHIR KOLEJI,BSK,M. Flynn,22,,,,,,OTHER,,BAHÇESEHIR KOLEJI foulon,,,,,,,,,0,217,2.0,,0,70,0,69
00:01,00:01:30,71,69,2,1,4,REGULAR,80,M. FLYNN,1,freethrow,796,,[],1of2,1,22,Malachi Emmanuel,Flynn,Malachi Emmanuel,Flynn,M,F,M,F,M. Flynn,BAHÇESEHIR KOLEJI,BSK,M. Flynn,22,,,,,,FT,made,BAHÇESEHIR KOLEJI M. FLYNN FT 1of2 made,,,,,,,,,1,217,2.0,made_ft,1,71,0,69
00:01,00:01:30,72,69,3,1,4,REGULAR,80,M. FLYNN,1,freethrow,797,,[],2of2,1,22,Malachi Emmanuel,Flynn,Malachi Emmanuel,Flynn,M,F,M,F,M. Flynn,BAHÇESEHIR KOLEJI,BSK,M. Flynn,22,,,,,,FT,made,BAHÇESEHIR KOLEJI M. FLYNN FT 2of2 made,,,,,,,,,1,218,1.0,made_ft_last,1,72,0,69
00:01,00:01:30,72,69,3,2,4,REGULAR,9,J. WHITE,1,turnover,798,,[],badpass,0,14,Jackson Thomas,White,Jackson Thomas,White,J,W,J,W,J. White,MERSIN SPOR,MSK,J. White,14,,,,,,TO,,MERSIN SPOR J. WHITE turnover badpass,,,,,,,,,0,219,2.0,turnover,0,72,0,69
00:01,00:01:30,72,69,3,1,4,REGULAR,73,M. PONITKA,1,steal,800,798,[],,0,28,Mateusz Michal,Ponitka,Mateusz Michal,Ponitka,M,P,M,P,M. Ponitka,BAHÇESEHIR KOLEJI,BSK,M. Ponitka,28,,,,,,ST,,BAHÇESEHIR KOLEJI M. PONITKA steal,,,,,,,,,0,220,1.0,,0,72,0,69
00:00,00:00:00,72,69,3,0,4,REGULAR,0,,1,period,802,,['confirmed'],end,0,,,,,,,,,,,,,,,,,,,,OTHER,,period end,,,,,,,,,0,220,1.0,,0,72,0,69
00:00,00:00:00,72,69,3,0,4,REGULAR,0,,1,game,803,,['confirmed'],end,0,,,,,,,,,,,,,,,,,,,,OTHER,,game end,,,,,,,,,0,220,1.0,,0,72,0,69
