gt,clock,s1,s2,lead,tno,period,periodType,pno,player,success,actionType,actionNumber,previousAction,qualifier,subType,scoring,shirtNumber,firstName,familyName,internationalFirstName,internationalFamilyName,firstNameInitial,familyNameInitial,internationalFirstNameInitial,internationalFamilyNameInitial,scoreboardName,team_name,team_code,player_name_from_roster,player_shirt,player_pos_raw,player_pos_group,x,y,r,ev_code,ev_result,ev_text,assist_pno,assist_tno,assist_player,block_pno,block_tno,block_player,assist_pos_group,block_pos_group,points,possession_id,possession_owner_tno,possession_end_reason,pts_1,cum_1,pts_2,cum_2
10:00,10:00:00,0,0,0,0,1,REGULAR,0,,1,game,1,,[],start,0,,,,,,,,,,,,,,,,,,,,OTHER,,game start,,,,,,,,,0,0,,,0,0,0,0
10:00,10:00:00,0,0,0,0,1,REGULAR,0,,1,period,2,,[],start,0,,,,,,,,,,,,,,,,,,,,OTHER,,period start,,,,,,,,,0,0,,,0,0,0,0
10:00,10:00:00,0,0,0,0,1,REGULAR,0,,1,jumpball,4,,[],startperiod,0,,,,,,,,,,,,,,,,,,,,JUMP,,jump ball,,,,,,,,,0,0,,,0,0,0,0
09:59,09:59:00,0,0,0,1,1,REGULAR,105,F. GILLESPIE ,1,jumpball,5,4,[],won,0,33,Frederick ,Gillespie ,Frederick ,Gillespie ,F,G,F,G,F. Gillespie ,GALATASARAY MCT TECHNIC,GSM,F. Gillespie ,33,,,,,,JUMP,,jump ball,,,,,,,,,0,0,,,0,0,0,0
09:59,09:59:00,0,0,0,2,1,REGULAR,99,A. BACOT JR,1,jumpball,6,4,[],lost,0,00,Armando,Bacot Jr,Armando,Bacot Jr,A,B,A,B,A. Bacot Jr,FENERBAHÇE BEKO,FBB,A. Bacot Jr,00,,,,,,JUMP,,jump ball,,,,,,,,,0,0,,,0,0,0,0
09:41,09:41:00,2,0,2,1,1,REGULAR,105,F. GILLESPIE ,1,2pt,7,,['pointsinthepaint'],layup,1,33,Frederick ,Gillespie ,Frederick ,Gillespie ,F,G,F,G,F. Gillespie ,GALATASARAY MCT TECHNIC,GSM,F. Gillespie ,33,,,10.640000343323,52.090000152588,1.0,P2,made,GALATASARAY MCT TECHNIC F. GILLESPIE  2Pt made,103.0,1.0,J. PALMER JR,,,,,,2,1,1.0,score,2,2,0,0
09:41,09:41:00,2,0,2,1,1,REGULAR,103,J. PALMER JR,1,assist,8,7,[],,0,12,James Alfred,Palmer Jr,James Alfred,Palmer Jr,J,P,J,P,J. Palmer Jr,GALATASARAY MCT TECHNIC,GSM,J. Palmer Jr,12,,,,,,ASS,,GALATASARAY MCT TECHNIC J. PALMER JR assist,,,,,,,,,0,2,2.0,,0,2,0,0
09:16,09:16:00,2,3,-1,2,1,REGULAR,79,T. BIBEROVIÇ,1,3pt,9,,[],jumpshot,1,13,Tarik,Biberoviç,Tarik,Biberoviç,T,B,T,B,T. Biberoviç,FENERBAHÇE BEKO,FBB,T. Biberoviç,13,,,71.169998168945,81.470001220703,1.0,P3,made,FENERBAHÇE BEKO T. BIBEROVIÇ 3Pt made,76.0,2.0,M. MAHMUTOGLU,,,,,,3,2,2.0,score,0,2,3,3
09:16,09:16:00,2,3,-1,2,1,REGULAR,76,M. MAHMUTOGLU,1,assist,10,9,[],,0,10,Melih,Mahmutoglu,Melih,Mahmutoglu,M,M,M,M,M. Mahmutoglu,FENERBAHÇE BEKO,FBB,M. Mahmutoglu,10,,,,,,ASS,,FENERBAHÇE BEKO M. MAHMUTOGLU assist,,,,,,,,,0,3,1.0,,0,2,0,3
08:55,08:55:00,2,3,-1,1,1,REGULAR,104,F. WHITE JR,0,2pt,11,,['pointsinthepaint'],floatingjumpshot,1,35,Fabian,White Jr,Fabian,White Jr,F,W,F,W,F. White Jr,GALATASARAY MCT TECHNIC,GSM,F. White Jr,35,,,11.579999923706,64.519996643066,0.0,P2,missed,GALATASARAY MCT TECHNIC F. WHITE JR 2Pt missed,,,,,,,,,0,3,1.0,,0,2,0,3
08:51,08:51:00,2,3,-1,1,1,REGULAR,105,F. GILLESPIE ,1,rebound,12,11,[],offensive,0,33,Frederick ,Gillespie ,Frederick ,Gillespie ,F,G,F,G,F. Gillespie ,GALATASARAY MCT TECHNIC,GSM,F. Gillespie ,33,,,,,,REB,,GALATASARAY MCT TECHNIC rebound offensive,,,,,,,,,0,3,1.0,,0,2,0,3
08:47,08:47:00,2,3,-1,2,1,REGULAR,76,M. MAHMUTOGLU,1,foul,14,,[],personal,0,10,Melih,Mahmutoglu,Melih,Mahmutoglu,M,M,M,M,M. Mahmutoglu,FENERBAHÇE BEKO,FBB,M. Mahmutoglu,10,,,,,,FOUL,,FENERBAHÇE BEKO M. MAHMUTOGLU foul personal,,,,,,,,,0,3,1.0,,0,2,0,3
08:47,08:47:00,2,3,-1,1,1,REGULAR,70,R. ÖNCEL,1,foulon,15,14,[],,0,10,Ridvan,Öncel,Ridvan,Öncel,R,Ö,R,Ö,R. Öncel,GALATASARAY MCT TECHNIC,GSM,R. Öncel,10,,,,,,OTHER,,GALATASARAY MCT TECHNIC foulon,,,,,,,,,0,3,1.0,,0,2,0,3
08:38,08:38:00,4,3,1,1,1,REGULAR,103,J. PALMER JR,1,2pt,19,,['2ndchance'],jumpshot,1,12,James Alfred,Palmer Jr,James Alfred,Palmer Jr,J,P,J,P,J. Palmer Jr,GALATASARAY MCT TECHNIC,GSM,J. Palmer Jr,12,,,19.690000534058,82.029998779297,1.0,P2,made,GALATASARAY MCT TECHNIC J. PALMER JR 2Pt made,,,,,,,,,2,3,1.0,score,2,4,0,3
08:10,08:10:00,4,3,1,2,1,REGULAR,0,,1,turnover,21,,['team'],24sec,0,,,,,,,,,,,FENERBAHÇE BEKO,FBB,,,,,,,,TO,,FENERBAHÇE BEKO  turnover 24sec,,,,,,,,,0,4,2.0,turnover,0,4,0,3
07:57,07:57:00,4,3,1,1,1,REGULAR,109,W. CUMMINGS,1,turnover,25,,[],badpass,0,7,William,Cummings,William,Cummings,W,C,W,C,W. Cummings,GALATASARAY MCT TECHNIC,GSM,W. Cummings,7,,,,,,TO,,GALATASARAY MCT TECHNIC W. CUMMINGS turnover badpass,,,,,,,,,0,5,1.0,turnover,0,4,0,3
07:57,07:57:00,4,3,1,2,1,REGULAR,99,A. BACOT JR,1,steal,26,25,[],,0,00,Armando,Bacot Jr,Armando,Bacot Jr,A,B,A,B,A. Bacot Jr,FENERBAHÇE BEKO,FBB,A. Bacot Jr,00,,,,,,ST,,FENERBAHÇE BEKO A. BACOT JR steal,,,,,,,,,0,6,2.0,,0,4,0,3
07:48,07:48:00,4,3,1,2,1,REGULAR,79,T. BIBEROVIÇ,0,2pt,27,,"['fromturnover', 'pointsinthepaint']",layup,1,13,Tarik,Biberoviç,Tarik,Biberoviç,T,B,T,B,T. Biberoviç,FENERBAHÇE BEKO,FBB,T. Biberoviç,13,,,85.98999786377,48.979999542236,0.0,P2,missed,FENERBAHÇE BEKO T. BIBEROVIÇ 2Pt missed,,,,,,,,,0,6,2.0,def_reb,0,4,0,3
07:46,07:46:00,4,3,1,1,1,REGULAR,70,R. ÖNCEL,1,rebound,28,27,[],defensive,0,10,Ridvan,Öncel,Ridvan,Öncel,R,Ö,R,Ö,R. Öncel,GALATASARAY MCT TECHNIC,GSM,R. Öncel,10,,,,,,REB,,GALATASARAY MCT TECHNIC rebound defensive,,,,,,,,,0,7,1.0,def_reb,0,4,0,3
07:43,07:43:00,4,3,1,1,1,REGULAR,70,R. ÖNCEL,0,2pt,29,,['pointsinthepaint'],layup,1,10,Ridvan,Öncel,Ridvan,Öncel,R,Ö,R,Ö,R. Öncel,GALATASARAY MCT TECHNIC,GSM,R. Öncel,10,,,12.039999961853,56.049999237061,0.0,P2,missed,GALATASARAY MCT TECHNIC R. ÖNCEL 2Pt missed,,,,,,,,,0,8,2.0,def_reb,0,4,0,3
07:40,07:40:00,4,3,1,2,1,REGULAR,98,M. JANTUNEN,1,rebound,30,29,[],defensive,0,18,Mikael,Jantunen,Mikael,Jantunen,M,J,M,J,M. Jantunen,FENERBAHÇE BEKO,FBB,M. Jantunen,18,,,,,,REB,,FENERBAHÇE BEKO rebound defensive,,,,,,,,,0,9,1.0,def_reb,0,4,0,3
07:35,07:35:00,4,6,-2,2,1,REGULAR,79,T. BIBEROVIÇ,1,3pt,31,,['fastbreak'],jumpshot,1,13,Tarik,Biberoviç,Tarik,Biberoviç,T,B,T,B,T. Biberoviç,FENERBAHÇE BEKO,FBB,T. Biberoviç,13,,,68.209999084473,29.209999084473,1.0,P3,made,FENERBAHÇE BEKO T. BIBEROVIÇ 3Pt made,76.0,2.0,M. MAHMUTOGLU,,,,,,3,10,2.0,score,0,4,3,6
07:35,07:35:00,4,6,-2,2,1,REGULAR,76,M. MAHMUTOGLU,1,assist,32,31,[],,0,10,Melih,Mahmutoglu,Melih,Mahmutoglu,M,M,M,M,M. Mahmutoglu,FENERBAHÇE BEKO,FBB,M. Mahmutoglu,10,,,,,,ASS,,FENERBAHÇE BEKO M. MAHMUTOGLU assist,,,,,,,,,0,11,1.0,,0,4,0,6
07:10,07:10:00,4,6,-2,1,1,REGULAR,103,J. PALMER JR,0,2pt,33,,['pointsinthepaint'],floatingjumpshot,1,12,James Alfred,Palmer Jr,James Alfred,Palmer Jr,J,P,J,P,J. Palmer Jr,GALATASARAY MCT TECHNIC,GSM,J. Palmer Jr,12,,,13.920000076294,60.0,0.0,P2,missed,GALATASARAY MCT TECHNIC J. PALMER JR 2Pt missed,,,,,,,,,0,11,1.0,def_reb,0,4,0,6
07:07,07:07:00,4,6,-2,2,1,REGULAR,99,A. BACOT JR,1,rebound,34,33,[],defensive,0,00,Armando,Bacot Jr,Armando,Bacot Jr,A,B,A,B,A. Bacot Jr,FENERBAHÇE BEKO,FBB,A. Bacot Jr,00,,,,,,REB,,FENERBAHÇE BEKO rebound defensive,,,,,,,,,0,12,2.0,def_reb,0,4,0,6
07:03,07:03:00,4,8,-4,2,1,REGULAR,95,D. HALL,1,2pt,35,,"['pointsinthepaint', 'fastbreak']",layup,1,20,Devon Howard,Hall,Devon Howard,Hall,D,H,D,H,D. Hall,FENERBAHÇE BEKO,FBB,D. Hall,20,,,91.139999389648,52.659999847412,1.0,P2,made,FENERBAHÇE BEKO D. HALL 2Pt made,99.0,2.0,A. BACOT JR,,,,,,2,13,1.0,score,0,4,2,8
07:03,07:03:00,4,8,-4,2,1,REGULAR,99,A. BACOT JR,1,assist,36,35,[],,0,00,Armando,Bacot Jr,Armando,Bacot Jr,A,B,A,B,A. Bacot Jr,FENERBAHÇE BEKO,FBB,A. Bacot Jr,00,,,,,,ASS,,FENERBAHÇE BEKO A. BACOT JR assist,,,,,,,,,0,14,2.0,,0,4,0,8
06:46,06:46:00,4,8,-4,2,1,REGULAR,79,T. BIBEROVIÇ,1,foul,38,,[],personal,0,13,Tarik,Biberoviç,Tarik,Biberoviç,T,B,T,B,T. Biberoviç,FENERBAHÇE BEKO,FBB,T. Biberoviç,13,,,,,,FOUL,,FENERBAHÇE BEKO T. BIBEROVIÇ foul personal,,,,,,,,,0,14,2.0,,0,4,0,8
06:46,06:46:00,4,8,-4,1,1,REGULAR,103,J. PALMER JR,1,foulon,39,38,[],,0,12,James Alfred,Palmer Jr,James Alfred,Palmer Jr,J,P,J,P,J. Palmer Jr,GALATASARAY MCT TECHNIC,GSM,J. Palmer Jr,12,,,,,,OTHER,,GALATASARAY MCT TECHNIC foulon,,,,,,,,,0,14,2.0,,0,4,0,8
06:37,06:37:00,4,8,-4,1,1,REGULAR,105,F. GILLESPIE ,1,turnover,42,,[],travel,0,33,Frederick ,Gillespie ,Frederick ,Gillespie ,F,G,F,G,F. Gillespie ,GALATASARAY MCT TECHNIC,GSM,F. Gillespie ,33,,,,,,TO,,GALATASARAY MCT TECHNIC F. GILLESPIE  turnover travel,,,,,,,,,0,14,2.0,turnover,0,4,0,8
06:34,06:34:00,4,8,-4,2,1,REGULAR,76,M. MAHMUTOGLU,0,3pt,44,,['fromturnover'],jumpshot,1,10,Melih,Mahmutoglu,Melih,Mahmutoglu,M,M,M,M,M. Mahmutoglu,FENERBAHÇE BEKO,FBB,M. Mahmutoglu,10,,,73.980003356934,89.660003662109,0.0,P3,missed,FENERBAHÇE BEKO M. MAHMUTOGLU 3Pt missed,,,,,,,,,0,15,1.0,def_reb,0,4,0,8
06:32,06:32:00,4,8,-4,1,1,REGULAR,109,W. CUMMINGS,1,rebound,45,44,[],defensive,0,7,William,Cummings,William,Cummings,W,C,W,C,W. Cummings,GALATASARAY MCT TECHNIC,GSM,W. Cummings,7,,,,,,REB,,GALATASARAY MCT TECHNIC rebound defensive,,,,,,,,,0,16,2.0,def_reb,0,4,0,8
06:18,06:18:00,4,8,-4,2,1,REGULAR,99,A. BACOT JR,1,substitution,55,,[],out,0,00,Armando,Bacot Jr,Armando,Bacot Jr,A,B,A,B,A. Bacot Jr,FENERBAHÇE BEKO,FBB,A. Bacot Jr,00,,,,,,SUB,out,FENERBAHÇE BEKO substitution out,,,,,,,,,0,17,1.0,,0,4,0,8
06:18,06:18:00,4,8,-4,2,1,REGULAR,79,T. BIBEROVIÇ,1,substitution,56,,[],out,0,13,Tarik,Biberoviç,Tarik,Biberoviç,T,B,T,B,T. Biberoviç,FENERBAHÇE BEKO,FBB,T. Biberoviç,13,,,,,,SUB,out,FENERBAHÇE BEKO substitution out,,,,,,,,,0,17,1.0,,0,4,0,8
06:18,06:18:00,4,8,-4,2,1,REGULAR,89,O. BITIM,1,substitution,57,,[],in,0,17,Onuralp,Bitim,Onuralp,Bitim,O,B,O,B,O. Bitim,FENERBAHÇE BEKO,FBB,O. Bitim,17,,,,,,SUB,in,FENERBAHÇE BEKO substitution in,,,,,,,,,0,17,1.0,,0,4,0,8
06:18,06:18:00,4,8,-4,2,1,REGULAR,91,K. BIRCH,1,substitution,58,,[],in,0,92,Khem,Birch,Khem,Birch,K,B,K,B,K. Birch,FENERBAHÇE BEKO,FBB,K. Birch,92,,,,,,SUB,in,FENERBAHÇE BEKO substitution in,,,,,,,,,0,17,1.0,,0,4,0,8
06:18,06:18:00,4,8,-4,1,1,REGULAR,70,R. ÖNCEL,1,substitution,59,,[],out,0,10,Ridvan,Öncel,Ridvan,Öncel,R,Ö,R,Ö,R. Öncel,GALATASARAY MCT TECHNIC,GSM,R. Öncel,10,,,,,,SUB,out,GALATASARAY MCT TECHNIC substitution out,,,,,,,,,0,17,1.0,,0,4,0,8
06:18,06:18:00,4,8,-4,1,1,REGULAR,38,A. TUNCER,1,substitution,60,,[],in,0,19,Ahmet Bugrahan,Tuncer,Ahmet Bugrahan,Tuncer,A,T,A,T,A. Tuncer,GALATASARAY MCT TECHNIC,GSM,A. Tuncer,19,,,,,,SUB,in,GALATASARAY MCT TECHNIC substitution in,,,,,,,,,0,17,1.0,,0,4,0,8
06:17,06:17:00,7,8,-1,1,1,REGULAR,104,F. WHITE JR,1,3pt,62,,[],jumpshot,1,35,Fabian,White Jr,Fabian,White Jr,F,W,F,W,F. White Jr,GALATASARAY MCT TECHNIC,GSM,F. White Jr,35,,,30.139999389648,17.629999160767,1.0,P3,made,GALATASARAY MCT TECHNIC F. WHITE JR 3Pt made,109.0,1.0,W. CUMMINGS,,,,,,3,17,1.0,score,3,7,0,8
06:17,06:17:00,7,8,-1,1,1,REGULAR,109,W. CUMMINGS,1,assist,63,62,[],,0,7,William,Cummings,William,Cummings,W,C,W,C,W. Cummings,GALATASARAY MCT TECHNIC,GSM,W. Cummings,7,,,,,,ASS,,GALATASARAY MCT TECHNIC W. CUMMINGS assist,,,,,,,,,0,18,2.0,,0,7,0,8
06:03,06:03:00,7,11,-4,2,1,REGULAR,76,M. MAHMUTOGLU,1,3pt,64,,[],jumpshot,1,10,Melih,Mahmutoglu,Melih,Mahmutoglu,M,M,M,M,M. Mahmutoglu,FENERBAHÇE BEKO,FBB,M. Mahmutoglu,10,,,70.699996948242,75.25,1.0,P3,made,FENERBAHÇE BEKO M. MAHMUTOGLU 3Pt made,95.0,2.0,D. HALL,,,,,,3,18,2.0,score,0,7,3,11
06:03,06:03:00,7,11,-4,2,1,REGULAR,95,D. HALL,1,assist,65,64,[],,0,20,Devon Howard,Hall,Devon Howard,Hall,D,H,D,H,D. Hall,FENERBAHÇE BEKO,FBB,D. Hall,20,,,,,,ASS,,FENERBAHÇE BEKO D. HALL assist,,,,,,,,,0,19,1.0,,0,7,0,11
05:51,05:51:00,7,11,-4,1,1,REGULAR,109,W. CUMMINGS,1,turnover,66,,[],badpass,0,7,William,Cummings,William,Cummings,W,C,W,C,W. Cummings,GALATASARAY MCT TECHNIC,GSM,W. Cummings,7,,,,,,TO,,GALATASARAY MCT TECHNIC W. CUMMINGS turnover badpass,,,,,,,,,0,19,1.0,turnover,0,7,0,11
05:51,05:51:00,7,11,-4,2,1,REGULAR,95,D. HALL,1,steal,67,66,[],,0,20,Devon Howard,Hall,Devon Howard,Hall,D,H,D,H,D. Hall,FENERBAHÇE BEKO,FBB,D. Hall,20,,,,,,ST,,FENERBAHÇE BEKO D. HALL steal,,,,,,,,,0,20,2.0,,0,7,0,11
05:39,05:39:00,7,11,-4,2,1,REGULAR,91,K. BIRCH,1,foul,69,,[],offensive,0,92,Khem,Birch,Khem,Birch,K,B,K,B,K. Birch,FENERBAHÇE BEKO,FBB,K. Birch,92,,,,,,RFOUL,,FENERBAHÇE BEKO K. BIRCH foul offensive,,,,,,,,,0,20,2.0,offensive_foul,0,7,0,11
05:39,05:39:00,7,11,-4,2,1,REGULAR,91,K. BIRCH,1,turnover,70,69,[],offensive,0,92,Khem,Birch,Khem,Birch,K,B,K,B,K. Birch,FENERBAHÇE BEKO,FBB,K. Birch,92,,,,,,TO,,FENERBAHÇE BEKO K. BIRCH turnover offensive,,,,,,,,,0,21,1.0,turnover,0,7,0,11
05:39,05:39:00,7,11,-4,1,1,REGULAR,109,W. CUMMINGS,1,foulon,71,69,[],,0,7,William,Cummings,William,Cummings,W,C,W,C,W. Cummings,GALATASARAY MCT TECHNIC,GSM,W. Cummings,7,,,,,,OTHER,,GALATASARAY MCT TECHNIC foulon,,,,,,,,,0,22,2.0,,0,7,0,11
05:29,05:29:00,7,11,-4,1,1,REGULAR,109,W. CUMMINGS,1,turnover,73,,[],badpass,0,7,William,Cummings,William,Cummings,W,C,W,C,W. Cummings,GALATASARAY MCT TECHNIC,GSM,W. Cummings,7,,,,,,TO,,GALATASARAY MCT TECHNIC W. CUMMINGS turnover badpass,,,,,,,,,0,22,2.0,turnover,0,7,0,11
05:12,05:12:00,7,11,-4,1,1,REGULAR,109,W. CUMMINGS,1,foul,82,,"['shooting', '2freethrow']",personal,0,7,William,Cummings,William,Cummings,W,C,W,C,W. Cummings,GALATASARAY MCT TECHNIC,GSM,W. Cummings,7,,,,,,FOUL,,GALATASARAY MCT TECHNIC W. CUMMINGS foul personal,,,,,,,,,0,23,1.0,,0,7,0,11
05:12,05:12:00,7,11,-4,2,1,REGULAR,95,D. HALL,1,foulon,83,82,[],,0,20,Devon Howard,Hall,Devon Howard,Hall,D,H,D,H,D. Hall,FENERBAHÇE BEKO,FBB,D. Hall,20,,,,,,OTHER,,FENERBAHÇE BEKO foulon,,,,,,,,,0,23,1.0,,0,7,0,11
05:12,05:12:00,7,12,-5,2,1,REGULAR,95,D. HALL,1,freethrow,84,,['fromturnover'],1of2,1,20,Devon Howard,Hall,Devon Howard,Hall,D,H,D,H,D. Hall,FENERBAHÇE BEKO,FBB,D. Hall,20,,,,,,FT,made,FENERBAHÇE BEKO D. HALL FT 1of2 made,,,,,,,,,1,23,1.0,made_ft,0,7,1,12
05:12,05:12:00,7,13,-6,2,1,REGULAR,95,D. HALL,1,freethrow,85,,['fromturnover'],2of2,1,20,Devon Howard,Hall,Devon Howard,Hall,D,H,D,H,D. Hall,FENERBAHÇE BEKO,FBB,D. Hall,20,,,,,,FT,made,FENERBAHÇE BEKO D. HALL FT 2of2 made,,,,,,,,,1,24,2.0,made_ft_last,0,7,1,13
04:58,04:58:00,7,13,-6,1,1,REGULAR,38,A. TUNCER,0,3pt,87,,[],jumpshot,1,19,Ahmet Bugrahan,Tuncer,Ahmet Bugrahan,Tuncer,A,T,A,T,A. Tuncer,GALATASARAY MCT TECHNIC,GSM,A. Tuncer,19,,,27.639999389648,80.900001525879,0.0,P3,missed,GALATASARAY MCT TECHNIC A. TUNCER 3Pt missed,,,,,,,,,0,25,1.0,def_reb,0,7,0,13
04:57,04:57:00,7,13,-6,2,1,REGULAR,98,M. JANTUNEN,1,rebound,88,87,[],defensive,0,18,Mikael,Jantunen,Mikael,Jantunen,M,J,M,J,M. Jantunen,FENERBAHÇE BEKO,FBB,M. Jantunen,18,,,,,,REB,,FENERBAHÇE BEKO rebound defensive,,,,,,,,,0,26,2.0,def_reb,0,7,0,13
04:49,04:49:00,7,15,-8,2,1,REGULAR,89,O. BITIM,1,2pt,89,,['pointsinthepaint'],layup,1,17,Onuralp,Bitim,Onuralp,Bitim,O,B,O,B,O. Bitim,FENERBAHÇE BEKO,FBB,O. Bitim,17,,,90.51000213623,54.069999694824,1.0,P2,made,FENERBAHÇE BEKO O. BITIM 2Pt made,,,,,,,,,2,27,1.0,score,0,7,2,15
04:32,04:32:00,7,15,-8,2,1,REGULAR,91,K. BIRCH,1,foul,93,,"['shooting', '2freethrow']",personal,0,92,Khem,Birch,Khem,Birch,K,B,K,B,K. Birch,FENERBAHÇE BEKO,FBB,K. Birch,92,,,,,,FOUL,,FENERBAHÇE BEKO K. BIRCH foul personal,,,,,,,,,0,28,2.0,,0,7,0,15
04:32,04:32:00,7,15,-8,1,1,REGULAR,105,F. GILLESPIE ,1,foulon,94,93,[],,0,33,Frederick ,Gillespie ,Frederick ,Gillespie ,F,G,F,G,F. Gillespie ,GALATASARAY MCT TECHNIC,GSM,F. Gillespie ,33,,,,,,OTHER,,GALATASARAY MCT TECHNIC foulon,,,,,,,,,0,28,2.0,,0,7,0,15
04:32,04:32:00,7,15,-8,0,1,REGULAR,0,,1,timeout,95,,[],officials,0,,,,,,,,,,,,,,,,,,,,TIMEOUT,, timeout,,,,,,,,,0,28,2.0,,0,7,0,15
04:32,04:32:00,7,15,-8,2,1,REGULAR,95,D. HALL,1,substitution,96,,[],out,0,20,Devon Howard,Hall,Devon Howard,Hall,D,H,D,H,D. Hall,FENERBAHÇE BEKO,FBB,D. Hall,20,,,,,,SUB,out,FENERBAHÇE BEKO substitution out,,,,,,,,,0,28,2.0,,0,7,0,15
04:32,04:32:00,7,15,-8,2,1,REGULAR,94,W. BALDWIN IV,1,substitution,97,,[],in,0,2,Wade M,Baldwin Iv,Wade M,Baldwin Iv,W,B,W,B,W. Baldwin Iv,FENERBAHÇE BEKO,FBB,W. Baldwin Iv,2,,,,,,SUB,in,FENERBAHÇE BEKO substitution in,,,,,,,,,0,28,2.0,,0,7,0,15
04:32,04:32:00,7,15,-8,1,1,REGULAR,105,F. GILLESPIE ,0,freethrow,98,,[],1of2,1,33,Frederick ,Gillespie ,Frederick ,Gillespie ,F,G,F,G,F. Gillespie ,GALATASARAY MCT TECHNIC,GSM,F. Gillespie ,33,,,,,,FT,missed,GALATASARAY MCT TECHNIC F. GILLESPIE  FT 1of2 missed,,,,,,,,,0,28,2.0,def_reb,0,7,0,15
04:32,04:32:00,7,15,-8,1,1,REGULAR,0,,1,rebound,99,98,[],offensivedeadball,0,,,,,,,,,,,GALATASARAY MCT TECHNIC,GSM,,,,,,,,TREB,,GALATASARAY MCT TECHNIC team rebound offensivedeadball,,,,,,,,,0,29,1.0,def_reb,0,7,0,15
04:32,04:32:00,8,15,-7,1,1,REGULAR,105,F. GILLESPIE ,1,freethrow,100,,[],2of2,1,33,Frederick ,Gillespie ,Frederick ,Gillespie ,F,G,F,G,F. Gillespie ,GALATASARAY MCT TECHNIC,GSM,F. Gillespie ,33,,,,,,FT,made,GALATASARAY MCT TECHNIC F. GILLESPIE  FT 2of2 made,,,,,,,,,1,30,2.0,made_ft_last,1,8,0,15
04:32,04:32:00,8,15,-7,1,1,REGULAR,103,J. PALMER JR,1,assist,101,100,[],,0,12,James Alfred,Palmer Jr,James Alfred,Palmer Jr,J,P,J,P,J. Palmer Jr,GALATASARAY MCT TECHNIC,GSM,J. Palmer Jr,12,,,,,,ASS,,GALATASARAY MCT TECHNIC J. PALMER JR assist,,,,,,,,,0,31,1.0,,0,8,0,15
04:15,04:15:00,8,15,-7,2,1,REGULAR,89,O. BITIM,0,2pt,103,,[],jumpshot,1,17,Onuralp,Bitim,Onuralp,Bitim,O,B,O,B,O. Bitim,FENERBAHÇE BEKO,FBB,O. Bitim,17,,,78.809997558594,39.659999847412,0.0,P2,missed,FENERBAHÇE BEKO O. BITIM 2Pt missed,,,,,,,,,0,31,1.0,,0,8,0,15
04:12,04:12:00,8,15,-7,2,1,REGULAR,98,M. JANTUNEN,1,rebound,104,103,[],offensive,0,18,Mikael,Jantunen,Mikael,Jantunen,M,J,M,J,M. Jantunen,FENERBAHÇE BEKO,FBB,M. Jantunen,18,,,,,,REB,,FENERBAHÇE BEKO rebound offensive,,,,,,,,,0,31,1.0,,0,8,0,15
04:10,04:10:00,8,15,-7,2,1,REGULAR,76,M. MAHMUTOGLU,0,3pt,105,,['2ndchance'],jumpshot,1,10,Melih,Mahmutoglu,Melih,Mahmutoglu,M,M,M,M,M. Mahmutoglu,FENERBAHÇE BEKO,FBB,M. Mahmutoglu,10,,,77.410003662109,91.360000610352,0.0,P3,missed,FENERBAHÇE BEKO M. MAHMUTOGLU 3Pt missed,,,,,,,,,0,31,1.0,def_reb,0,8,0,15
04:08,04:08:00,8,15,-7,1,1,REGULAR,103,J. PALMER JR,1,rebound,106,105,[],defensive,0,12,James Alfred,Palmer Jr,James Alfred,Palmer Jr,J,P,J,P,J. Palmer Jr,GALATASARAY MCT TECHNIC,GSM,J. Palmer Jr,12,,,,,,REB,,GALATASARAY MCT TECHNIC rebound defensive,,,,,,,,,0,32,2.0,def_reb,0,8,0,15
04:06,04:06:00,8,15,-7,2,1,REGULAR,94,W. BALDWIN IV,1,foul,109,,"['shooting', '2freethrow']",personal,0,2,Wade M,Baldwin Iv,Wade M,Baldwin Iv,W,B,W,B,W. Baldwin Iv,FENERBAHÇE BEKO,FBB,W. Baldwin Iv,2,,,,,,FOUL,,FENERBAHÇE BEKO W. BALDWIN IV foul personal,,,,,,,,,0,33,1.0,,0,8,0,15
04:06,04:06:00,8,15,-7,1,1,REGULAR,109,W. CUMMINGS,1,foulon,110,109,[],,0,7,William,Cummings,William,Cummings,W,C,W,C,W. Cummings,GALATASARAY MCT TECHNIC,GSM,W. Cummings,7,,,,,,OTHER,,GALATASARAY MCT TECHNIC foulon,,,,,,,,,0,33,1.0,,0,8,0,15
04:06,04:06:00,9,15,-6,1,1,REGULAR,109,W. CUMMINGS,1,freethrow,111,,['fastbreak'],1of2,1,7,William,Cummings,William,Cummings,W,C,W,C,W. Cummings,GALATASARAY MCT TECHNIC,GSM,W. Cummings,7,,,,,,FT,made,GALATASARAY MCT TECHNIC W. CUMMINGS FT 1of2 made,,,,,,,,,1,33,1.0,made_ft,1,9,0,15
04:06,04:06:00,9,15,-6,1,1,REGULAR,103,J. PALMER JR,1,assist,112,111,[],,0,12,James Alfred,Palmer Jr,James Alfred,Palmer Jr,J,P,J,P,J. Palmer Jr,GALATASARAY MCT TECHNIC,GSM,J. Palmer Jr,12,,,,,,ASS,,GALATASARAY MCT TECHNIC J. PALMER JR assist,,,,,,,,,0,34,2.0,,0,9,0,15
04:06,04:06:00,10,15,-5,1,1,REGULAR,109,W. CUMMINGS,1,freethrow,113,,['fastbreak'],2of2,1,7,William,Cummings,William,Cummings,W,C,W,C,W. Cummings,GALATASARAY MCT TECHNIC,GSM,W. Cummings,7,,,,,,FT,made,GALATASARAY MCT TECHNIC W. CUMMINGS FT 2of2 made,,,,,,,,,1,34,2.0,made_ft_last,1,10,0,15
04:06,04:06:00,10,15,-5,2,1,REGULAR,76,M. MAHMUTOGLU,1,substitution,114,,[],out,0,10,Melih,Mahmutoglu,Melih,Mahmutoglu,M,M,M,M,M. Mahmutoglu,FENERBAHÇE BEKO,FBB,M. Mahmutoglu,10,,,,,,SUB,out,FENERBAHÇE BEKO substitution out,,,,,,,,,0,35,1.0,,0,10,0,15
04:06,04:06:00,10,15,-5,2,1,REGULAR,91,K. BIRCH,1,substitution,115,,[],out,0,92,Khem,Birch,Khem,Birch,K,B,K,B,K. Birch,FENERBAHÇE BEKO,FBB,K. Birch,92,,,,,,SUB,out,FENERBAHÇE BEKO substitution out,,,,,,,,,0,35,1.0,,0,10,0,15
04:06,04:06:00,10,15,-5,2,1,REGULAR,100,S. VILBEKIN,1,substitution,116,,[],in,0,3,Scott Jordan,Vilbekin,Scott Jordan,Vilbekin,S,V,S,V,S. Vilbekin,FENERBAHÇE BEKO,FBB,S. Vilbekin,3,,,,,,SUB,in,FENERBAHÇE BEKO substitution in,,,,,,,,,0,35,1.0,,0,10,0,15
04:06,04:06:00,10,15,-5,2,1,REGULAR,92,N. MELLI,1,substitution,117,,[],in,0,4,Nicolo,Melli,Nicolo,Melli,N,M,N,M,N. Melli,FENERBAHÇE BEKO,FBB,N. Melli,4,,,,,,SUB,in,FENERBAHÇE BEKO substitution in,,,,,,,,,0,35,1.0,,0,10,0,15
04:06,04:06:00,10,15,-5,2,1,REGULAR,98,M. JANTUNEN,1,substitution,118,,[],out,0,18,Mikael,Jantunen,Mikael,Jantunen,M,J,M,J,M. Jantunen,FENERBAHÇE BEKO,FBB,M. Jantunen,18,,,,,,SUB,out,FENERBAHÇE BEKO substitution out,,,,,,,,,0,35,1.0,,0,10,0,15
04:06,04:06:00,10,15,-5,2,1,REGULAR,99,A. BACOT JR,1,substitution,119,,[],in,0,00,Armando,Bacot Jr,Armando,Bacot Jr,A,B,A,B,A. Bacot Jr,FENERBAHÇE BEKO,FBB,A. Bacot Jr,00,,,,,,SUB,in,FENERBAHÇE BEKO substitution in,,,,,,,,,0,35,1.0,,0,10,0,15
03:52,03:52:00,10,15,-5,2,1,REGULAR,92,N. MELLI,0,3pt,121,,[],jumpshot,1,4,Nicolo,Melli,Nicolo,Melli,N,M,N,M,N. Melli,FENERBAHÇE BEKO,FBB,N. Melli,4,,,77.569999694824,15.079999923706,0.0,P3,missed,FENERBAHÇE BEKO N. MELLI 3Pt missed,,,,,,,,,0,35,1.0,def_reb,0,10,0,15
03:49,03:49:00,10,15,-5,1,1,REGULAR,109,W. CUMMINGS,1,rebound,122,121,[],defensive,0,7,William,Cummings,William,Cummings,W,C,W,C,W. Cummings,GALATASARAY MCT TECHNIC,GSM,W. Cummings,7,,,,,,REB,,GALATASARAY MCT TECHNIC rebound defensive,,,,,,,,,0,36,2.0,def_reb,0,10,0,15
03:33,03:33:00,12,15,-3,1,1,REGULAR,104,F. WHITE JR,1,2pt,123,,['pointsinthepaint'],floatingjumpshot,1,35,Fabian,White Jr,Fabian,White Jr,F,W,F,W,F. White Jr,GALATASARAY MCT TECHNIC,GSM,F. White Jr,35,,,16.879999160767,36.840000152588,1.0,P2,made,GALATASARAY MCT TECHNIC F. WHITE JR 2Pt made,103.0,1.0,J. PALMER JR,,,,,,2,37,1.0,score,2,12,0,15
03:33,03:33:00,12,15,-3,1,1,REGULAR,103,J. PALMER JR,1,assist,124,123,[],,0,12,James Alfred,Palmer Jr,James Alfred,Palmer Jr,J,P,J,P,J. Palmer Jr,GALATASARAY MCT TECHNIC,GSM,J. Palmer Jr,12,,,,,,ASS,,GALATASARAY MCT TECHNIC J. PALMER JR assist,,,,,,,,,0,38,2.0,,0,12,0,15
03:07,03:07:00,12,18,-6,2,1,REGULAR,92,N. MELLI,1,3pt,125,,[],jumpshot,1,4,Nicolo,Melli,Nicolo,Melli,N,M,N,M,N. Melli,FENERBAHÇE BEKO,FBB,N. Melli,4,,,73.819999694824,18.469999313354,1.0,P3,made,FENERBAHÇE BEKO N. MELLI 3Pt made,100.0,2.0,S. VILBEKIN,,,,,,3,38,2.0,score,0,12,3,18
03:07,03:07:00,12,18,-6,2,1,REGULAR,100,S. VILBEKIN,1,assist,126,125,[],,0,3,Scott Jordan,Vilbekin,Scott Jordan,Vilbekin,S,V,S,V,S. Vilbekin,FENERBAHÇE BEKO,FBB,S. Vilbekin,3,,,,,,ASS,,FENERBAHÇE BEKO S. VILBEKIN assist,,,,,,,,,0,39,1.0,,0,12,0,18
02:47,02:47:00,14,18,-4,1,1,REGULAR,103,J. PALMER JR,1,2pt,127,,['pointsinthepaint'],floatingjumpshot,1,12,James Alfred,Palmer Jr,James Alfred,Palmer Jr,J,P,J,P,J. Palmer Jr,GALATASARAY MCT TECHNIC,GSM,J. Palmer Jr,12,,,13.920000076294,51.810001373291,1.0,P2,made,GALATASARAY MCT TECHNIC J. PALMER JR 2Pt made,,,,,,,,,2,39,1.0,score,2,14,0,18
02:35,02:35:00,14,20,-6,2,1,REGULAR,92,N. MELLI,1,2pt,128,,['pointsinthepaint'],layup,1,4,Nicolo,Melli,Nicolo,Melli,N,M,N,M,N. Melli,FENERBAHÇE BEKO,FBB,N. Melli,4,,,93.629997253418,54.919998168945,1.0,P2,made,FENERBAHÇE BEKO N. MELLI 2Pt made,94.0,2.0,W. BALDWIN IV,,,,,,2,40,2.0,score,0,14,2,20
02:35,02:35:00,14,20,-6,2,1,REGULAR,94,W. BALDWIN IV,1,assist,129,128,[],,0,2,Wade M,Baldwin Iv,Wade M,Baldwin Iv,W,B,W,B,W. Baldwin Iv,FENERBAHÇE BEKO,FBB,W. Baldwin Iv,2,,,,,,ASS,,FENERBAHÇE BEKO W. BALDWIN IV assist,,,,,,,,,0,41,1.0,,0,14,0,20
02:07,02:07:00,14,20,-6,1,1,REGULAR,104,F. WHITE JR,0,3pt,130,,[],jumpshot,1,35,Fabian,White Jr,Fabian,White Jr,F,W,F,W,F. White Jr,GALATASARAY MCT TECHNIC,GSM,F. White Jr,35,,,31.860000610352,79.209999084473,0.0,P3,missed,GALATASARAY MCT TECHNIC F. WHITE JR 3Pt missed,,,,,,,,,0,41,1.0,def_reb,0,14,0,20
02:05,02:05:00,14,20,-6,2,1,REGULAR,99,A. BACOT JR,1,rebound,131,130,[],defensive,0,00,Armando,Bacot Jr,Armando,Bacot Jr,A,B,A,B,A. Bacot Jr,FENERBAHÇE BEKO,FBB,A. Bacot Jr,00,,,,,,REB,,FENERBAHÇE BEKO rebound defensive,,,,,,,,,0,42,2.0,def_reb,0,14,0,20
01:57,01:57:00,14,20,-6,1,1,REGULAR,104,F. WHITE JR,1,foul,133,,[],personal,0,35,Fabian,White Jr,Fabian,White Jr,F,W,F,W,F. White Jr,GALATASARAY MCT TECHNIC,GSM,F. White Jr,35,,,,,,FOUL,,GALATASARAY MCT TECHNIC F. WHITE JR foul personal,,,,,,,,,0,43,1.0,,0,14,0,20
01:57,01:57:00,14,20,-6,2,1,REGULAR,92,N. MELLI,1,foulon,134,133,[],,0,4,Nicolo,Melli,Nicolo,Melli,N,M,N,M,N. Melli,FENERBAHÇE BEKO,FBB,N. Melli,4,,,,,,OTHER,,FENERBAHÇE BEKO foulon,,,,,,,,,0,43,1.0,,0,14,0,20
01:57,01:57:00,14,20,-6,1,1,REGULAR,109,W. CUMMINGS,1,substitution,135,,[],out,0,7,William,Cummings,William,Cummings,W,C,W,C,W. Cummings,GALATASARAY MCT TECHNIC,GSM,W. Cummings,7,,,,,,SUB,out,GALATASARAY MCT TECHNIC substitution out,,,,,,,,,0,43,1.0,,0,14,0,20
01:57,01:57:00,14,20,-6,1,1,REGULAR,105,F. GILLESPIE ,1,substitution,136,,[],out,0,33,Frederick ,Gillespie ,Frederick ,Gillespie ,F,G,F,G,F. Gillespie ,GALATASARAY MCT TECHNIC,GSM,F. Gillespie ,33,,,,,,SUB,out,GALATASARAY MCT TECHNIC substitution out,,,,,,,,,0,43,1.0,,0,14,0,20
01:57,01:57:00,14,20,-6,1,1,REGULAR,107,R. MEEKS,1,substitution,137,,[],in,0,9,Robinson Jr,Meeks,Robinson Jr,Meeks,R,M,R,M,R. Meeks,GALATASARAY MCT TECHNIC,GSM,R. Meeks,9,,,,,,SUB,in,GALATASARAY MCT TECHNIC substitution in,,,,,,,,,0,43,1.0,,0,14,0,20
01:57,01:57:00,14,20,-6,1,1,REGULAR,108,C. BISHOP,1,substitution,138,,[],in,0,13,Christian,Bishop,Christian,Bishop,C,B,C,B,C. Bishop,GALATASARAY MCT TECHNIC,GSM,C. Bishop,13,,,,,,SUB,in,GALATASARAY MCT TECHNIC substitution in,,,,,,,,,0,43,1.0,,0,14,0,20
01:57,01:57:00,14,20,-6,2,1,REGULAR,99,A. BACOT JR,1,substitution,139,,[],out,0,00,Armando,Bacot Jr,Armando,Bacot Jr,A,B,A,B,A. Bacot Jr,FENERBAHÇE BEKO,FBB,A. Bacot Jr,00,,,,,,SUB,out,FENERBAHÇE BEKO substitution out,,,,,,,,,0,43,1.0,,0,14,0,20
01:57,01:57:00,14,20,-6,2,1,REGULAR,93,B. COLSON ,1,substitution,140,,[],in,0,50,Bonzie,Colson ,Bonzie,Colson ,B,C,B,C,B. Colson ,FENERBAHÇE BEKO,FBB,B. Colson ,50,,,,,,SUB,in,FENERBAHÇE BEKO substitution in,,,,,,,,,0,43,1.0,,0,14,0,20
01:57,01:57:00,14,20,-6,1,1,REGULAR,38,A. TUNCER,1,foul,141,,[],personal,0,19,Ahmet Bugrahan,Tuncer,Ahmet Bugrahan,Tuncer,A,T,A,T,A. Tuncer,GALATASARAY MCT TECHNIC,GSM,A. Tuncer,19,,,,,,FOUL,,GALATASARAY MCT TECHNIC A. TUNCER foul personal,,,,,,,,,0,43,1.0,,0,14,0,20
01:57,01:57:00,14,20,-6,2,1,REGULAR,100,S. VILBEKIN,1,foulon,142,141,[],,0,3,Scott Jordan,Vilbekin,Scott Jordan,Vilbekin,S,V,S,V,S. Vilbekin,FENERBAHÇE BEKO,FBB,S. Vilbekin,3,,,,,,OTHER,,FENERBAHÇE BEKO foulon,,,,,,,,,0,43,1.0,,0,14,0,20
01:52,01:52:00,14,22,-8,2,1,REGULAR,100,S. VILBEKIN,1,2pt,146,,['pointsinthepaint'],layup,1,3,Scott Jordan,Vilbekin,Scott Jordan,Vilbekin,S,V,S,V,S. Vilbekin,FENERBAHÇE BEKO,FBB,S. Vilbekin,3,,,86.300003051758,53.220001220703,1.0,P2,made,FENERBAHÇE BEKO S. VILBEKIN 2Pt made,94.0,2.0,W. BALDWIN IV,,,,,,2,43,1.0,score,0,14,2,22
01:52,01:52:00,14,22,-8,2,1,REGULAR,94,W. BALDWIN IV,1,assist,147,146,[],,0,2,Wade M,Baldwin Iv,Wade M,Baldwin Iv,W,B,W,B,W. Baldwin Iv,FENERBAHÇE BEKO,FBB,W. Baldwin Iv,2,,,,,,ASS,,FENERBAHÇE BEKO W. BALDWIN IV assist,,,,,,,,,0,44,2.0,,0,14,0,22
01:52,01:52:00,14,22,-8,1,1,REGULAR,107,R. MEEKS,1,foul,148,,"['shooting', '1freethrow']",personal,0,9,Robinson Jr,Meeks,Robinson Jr,Meeks,R,M,R,M,R. Meeks,GALATASARAY MCT TECHNIC,GSM,R. Meeks,9,,,,,,FOUL,,GALATASARAY MCT TECHNIC R. MEEKS foul personal,,,,,,,,,0,44,2.0,,0,14,0,22
01:52,01:52:00,14,22,-8,2,1,REGULAR,100,S. VILBEKIN,1,foulon,149,148,[],,0,3,Scott Jordan,Vilbekin,Scott Jordan,Vilbekin,S,V,S,V,S. Vilbekin,FENERBAHÇE BEKO,FBB,S. Vilbekin,3,,,,,,OTHER,,FENERBAHÇE BEKO foulon,,,,,,,,,0,44,2.0,,0,14,0,22
01:52,01:52:00,14,23,-9,2,1,REGULAR,100,S. VILBEKIN,1,freethrow,150,,[],1of1,1,3,Scott Jordan,Vilbekin,Scott Jordan,Vilbekin,S,V,S,V,S. Vilbekin,FENERBAHÇE BEKO,FBB,S. Vilbekin,3,,,,,,FT,made,FENERBAHÇE BEKO S. VILBEKIN FT 1of1 made,,,,,,,,,1,44,2.0,made_ft_last,0,14,1,23
01:52,01:52:00,14,23,-9,2,1,REGULAR,89,O. BITIM,1,substitution,151,,[],out,0,17,Onuralp,Bitim,Onuralp,Bitim,O,B,O,B,O. Bitim,FENERBAHÇE BEKO,FBB,O. Bitim,17,,,,,,SUB,out,FENERBAHÇE BEKO substitution out,,,,,,,,,0,45,1.0,,0,14,0,23
01:52,01:52:00,14,23,-9,2,1,REGULAR,77,J. BIRSEN,1,substitution,152,,[],in,0,1,James Metecan,Birsen,James Metecan,Birsen,J,B,J,B,J. Birsen,FENERBAHÇE BEKO,FBB,J. Birsen,1,,,,,,SUB,in,FENERBAHÇE BEKO substitution in,,,,,,,,,0,45,1.0,,0,14,0,23
01:21,01:21:00,14,23,-9,1,1,REGULAR,108,C. BISHOP,0,2pt,154,,"['pointsinthepaint', 'blocked']",layup,1,13,Christian,Bishop,Christian,Bishop,C,B,C,B,C. Bishop,GALATASARAY MCT TECHNIC,GSM,C. Bishop,13,,,6.5799999237061,49.830001831055,0.0,P2,missed,GALATASARAY MCT TECHNIC C. BISHOP 2Pt missed,,,,77.0,2.0,J. BIRSEN,,,0,45,1.0,,0,14,0,23
01:21,01:21:00,14,23,-9,2,1,REGULAR,77,J. BIRSEN,1,block,155,154,[],,0,1,James Metecan,Birsen,James Metecan,Birsen,J,B,J,B,J. Birsen,FENERBAHÇE BEKO,FBB,J. Birsen,1,,,,,,BS,,FENERBAHÇE BEKO J. BIRSEN block,,,,,,,,,0,45,1.0,,0,14,0,23
01:18,01:18:00,14,23,-9,2,1,REGULAR,93,B. COLSON ,1,rebound,156,154,[],defensive,0,50,Bonzie,Colson ,Bonzie,Colson ,B,C,B,C,B. Colson ,FENERBAHÇE BEKO,FBB,B. Colson ,50,,,,,,REB,,FENERBAHÇE BEKO rebound defensive,,,,,,,,,0,45,1.0,def_reb,0,14,0,23
00:59,00:59:40,14,23,-9,2,1,REGULAR,94,W. BALDWIN IV,0,2pt,157,,['pointsinthepaint'],floatingjumpshot,1,2,Wade M,Baldwin Iv,Wade M,Baldwin Iv,W,B,W,B,W. Baldwin Iv,FENERBAHÇE BEKO,FBB,W. Baldwin Iv,2,,,87.23999786377,54.349998474121,0.0,P2,missed,FENERBAHÇE BEKO W. BALDWIN IV 2Pt missed,,,,,,,,,0,46,2.0,,0,14,0,23
00:57,00:57:00,14,23,-9,2,1,REGULAR,100,S. VILBEKIN,1,rebound,158,157,[],offensive,0,3,Scott Jordan,Vilbekin,Scott Jordan,Vilbekin,S,V,S,V,S. Vilbekin,FENERBAHÇE BEKO,FBB,S. Vilbekin,3,,,,,,REB,,FENERBAHÇE BEKO rebound offensive,,,,,,,,,0,46,2.0,,0,14,0,23
00:53,00:53:90,14,23,-9,2,1,REGULAR,77,J. BIRSEN,1,turnover,162,,[],badpass,0,1,James Metecan,Birsen,James Metecan,Birsen,J,B,J,B,J. Birsen,FENERBAHÇE BEKO,FBB,J. Birsen,1,,,,,,TO,,FENERBAHÇE BEKO J. BIRSEN turnover badpass,,,,,,,,,0,46,2.0,turnover,0,14,0,23
00:53,00:53:90,14,23,-9,1,1,REGULAR,38,A. TUNCER,1,substitution,163,,[],out,0,19,Ahmet Bugrahan,Tuncer,Ahmet Bugrahan,Tuncer,A,T,A,T,A. Tuncer,GALATASARAY MCT TECHNIC,GSM,A. Tuncer,19,,,,,,SUB,out,GALATASARAY MCT TECHNIC substitution out,,,,,,,,,0,47,1.0,,0,14,0,23
00:53,00:53:90,14,23,-9,1,1,REGULAR,104,F. WHITE JR,1,substitution,164,,[],out,0,35,Fabian,White Jr,Fabian,White Jr,F,W,F,W,F. White Jr,GALATASARAY MCT TECHNIC,GSM,F. White Jr,35,,,,,,SUB,out,GALATASARAY MCT TECHNIC substitution out,,,,,,,,,0,47,1.0,,0,14,0,23
00:53,00:53:90,14,23,-9,1,1,REGULAR,106,J. ROBINSON JR,1,substitution,165,,[],in,0,1,Jerome,Robinson Jr,Jerome,Robinson Jr,J,R,J,R,J. Robinson Jr,GALATASARAY MCT TECHNIC,GSM,J. Robinson Jr,1,,,,,,SUB,in,GALATASARAY MCT TECHNIC substitution in,,,,,,,,,0,47,1.0,,0,14,0,23
00:53,00:53:90,14,23,-9,1,1,REGULAR,70,R. ÖNCEL,1,substitution,166,,[],in,0,10,Ridvan,Öncel,Ridvan,Öncel,R,Ö,R,Ö,R. Öncel,GALATASARAY MCT TECHNIC,GSM,R. Öncel,10,,,,,,SUB,in,GALATASARAY MCT TECHNIC substitution in,,,,,,,,,0,47,1.0,,0,14,0,23
00:32,00:32:20,16,23,-7,1,1,REGULAR,103,J. PALMER JR,1,2pt,168,,['fromturnover'],jumpshot,1,12,James Alfred,Palmer Jr,James Alfred,Palmer Jr,J,P,J,P,J. Palmer Jr,GALATASARAY MCT TECHNIC,GSM,J. Palmer Jr,12,,,15.789999961853,28.930000305176,1.0,P2,made,GALATASARAY MCT TECHNIC J. PALMER JR 2Pt made,,,,,,,,,2,47,1.0,score,2,16,0,23
00:09,00:09:80,16,23,-7,2,1,REGULAR,94,W. BALDWIN IV,0,3pt,169,,[],jumpshot,1,2,Wade M,Baldwin Iv,Wade M,Baldwin Iv,W,B,W,B,W. Baldwin Iv,FENERBAHÇE BEKO,FBB,W. Baldwin Iv,2,,,66.48999786377,58.020000457764,0.0,P3,missed,FENERBAHÇE BEKO W. BALDWIN IV 3Pt missed,,,,,,,,,0,48,2.0,,0,16,0,23
00:06,00:06:90,16,23,-7,2,1,REGULAR,93,B. COLSON ,1,rebound,170,169,[],offensive,0,50,Bonzie,Colson ,Bonzie,Colson ,B,C,B,C,B. Colson ,FENERBAHÇE BEKO,FBB,B. Colson ,50,,,,,,REB,,FENERBAHÇE BEKO rebound offensive,,,,,,,,,0,48,2.0,,0,16,0,23
00:06,00:06:40,16,23,-7,2,1,REGULAR,93,B. COLSON ,0,2pt,171,,"['2ndchance', 'pointsinthepaint']",layup,1,50,Bonzie,Colson ,Bonzie,Colson ,B,C,B,C,B. Colson ,FENERBAHÇE BEKO,FBB,B. Colson ,50,,,87.550003051758,53.5,0.0,P2,missed,FENERBAHÇE BEKO B. COLSON  2Pt missed,,,,,,,,,0,48,2.0,def_reb,0,16,0,23
00:04,00:04:30,16,23,-7,1,1,REGULAR,106,J. ROBINSON JR,1,rebound,172,171,[],defensive,0,1,Jerome,Robinson Jr,Jerome,Robinson Jr,J,R,J,R,J. Robinson Jr,GALATASARAY MCT TECHNIC,GSM,J. Robinson Jr,1,,,,,,REB,,GALATASARAY MCT TECHNIC rebound defensive,,,,,,,,,0,49,1.0,def_reb,0,16,0,23
00:01,00:01:00,16,23,-7,1,1,REGULAR,103,J. PALMER JR,0,2pt,175,,['pointsinthepaint'],layup,1,12,James Alfred,Palmer Jr,James Alfred,Palmer Jr,J,P,J,P,J. Palmer Jr,GALATASARAY MCT TECHNIC,GSM,J. Palmer Jr,12,,,10.800000190735,56.330001831055,0.0,P2,missed,GALATASARAY MCT TECHNIC J. PALMER JR 2Pt missed,,,,,,,,,0,50,2.0,,0,16,0,23
00:00,00:00:00,16,23,-7,0,1,REGULAR,0,,1,period,177,,['confirmed'],end,0,,,,,,,,,,,,,,,,,,,,OTHER,,period end,,,,,,,,,0,50,2.0,,0,16,0,23
10:00,10:00:00,16,23,-7,1,2,REGULAR,103,J. PALMER JR,1,substitution,178,,[],out,0,12,James Alfred,Palmer Jr,James Alfred,Palmer Jr,J,P,J,P,J. Palmer Jr,GALATASARAY MCT TECHNIC,GSM,J. Palmer Jr,12,,,,,,SUB,out,GALATASARAY MCT TECHNIC substitution out,,,,,,,,,0,50,2.0,,0,16,0,23
10:00,10:00:00,16,23,-7,1,2,REGULAR,109,W. CUMMINGS,1,substitution,179,,[],in,0,7,William,Cummings,William,Cummings,W,C,W,C,W. Cummings,GALATASARAY MCT TECHNIC,GSM,W. Cummings,7,,,,,,SUB,in,GALATASARAY MCT TECHNIC substitution in,,,,,,,,,0,50,2.0,,0,16,0,23
10:00,10:00:00,16,23,-7,0,2,REGULAR,0,,1,period,180,,[],start,0,,,,,,,,,,,,,,,,,,,,OTHER,,period start,,,,,,,,,0,50,2.0,,0,16,0,23
09:40,09:40:00,16,26,-10,2,2,REGULAR,92,N. MELLI,1,3pt,182,,[],jumpshot,1,4,Nicolo,Melli,Nicolo,Melli,N,M,N,M,N. Melli,FENERBAHÇE BEKO,FBB,N. Melli,4,,,74.599998474121,88.25,1.0,P3,made,FENERBAHÇE BEKO N. MELLI 3Pt made,100.0,2.0,S. VILBEKIN,,,,,,3,50,2.0,score,0,16,3,26
09:40,09:40:00,16,26,-10,2,2,REGULAR,100,S. VILBEKIN,1,assist,183,182,[],,0,3,Scott Jordan,Vilbekin,Scott Jordan,Vilbekin,S,V,S,V,S. Vilbekin,FENERBAHÇE BEKO,FBB,S. Vilbekin,3,,,,,,ASS,,FENERBAHÇE BEKO S. VILBEKIN assist,,,,,,,,,0,51,1.0,,0,16,0,26
09:30,09:30:00,16,26,-10,2,2,REGULAR,100,S. VILBEKIN,1,foul,187,,[],personal,0,3,Scott Jordan,Vilbekin,Scott Jordan,Vilbekin,S,V,S,V,S. Vilbekin,FENERBAHÇE BEKO,FBB,S. Vilbekin,3,,,,,,FOUL,,FENERBAHÇE BEKO S. VILBEKIN foul personal,,,,,,,,,0,51,1.0,,0,16,0,26
09:30,09:30:00,16,26,-10,1,2,REGULAR,106,J. ROBINSON JR,1,foulon,188,187,[],,0,1,Jerome,Robinson Jr,Jerome,Robinson Jr,J,R,J,R,J. Robinson Jr,GALATASARAY MCT TECHNIC,GSM,J. Robinson Jr,1,,,,,,OTHER,,GALATASARAY MCT TECHNIC foulon,,,,,,,,,0,51,1.0,,0,16,0,26
09:21,09:21:00,18,26,-8,1,2,REGULAR,70,R. ÖNCEL,1,2pt,190,,['pointsinthepaint'],layup,1,10,Ridvan,Öncel,Ridvan,Öncel,R,Ö,R,Ö,R. Öncel,GALATASARAY MCT TECHNIC,GSM,R. Öncel,10,,,6.4299998283386,58.310001373291,1.0,P2,made,GALATASARAY MCT TECHNIC R. ÖNCEL 2Pt made,,,,,,,,,2,51,1.0,score,2,18,0,26
09:00,09:00:00,18,26,-8,2,2,REGULAR,92,N. MELLI,1,foul,194,,[],offensive,0,4,Nicolo,Melli,Nicolo,Melli,N,M,N,M,N. Melli,FENERBAHÇE BEKO,FBB,N. Melli,4,,,,,,RFOUL,,FENERBAHÇE BEKO N. MELLI foul offensive,,,,,,,,,0,52,2.0,offensive_foul,0,18,0,26
09:00,09:00:00,18,26,-8,2,2,REGULAR,92,N. MELLI,1,turnover,195,194,[],offensive,0,4,Nicolo,Melli,Nicolo,Melli,N,M,N,M,N. Melli,FENERBAHÇE BEKO,FBB,N. Melli,4,,,,,,TO,,FENERBAHÇE BEKO N. MELLI turnover offensive,,,,,,,,,0,53,1.0,turnover,0,18,0,26
09:00,09:00:00,18,26,-8,1,2,REGULAR,70,R. ÖNCEL,1,foulon,196,194,[],,0,10,Ridvan,Öncel,Ridvan,Öncel,R,Ö,R,Ö,R. Öncel,GALATASARAY MCT TECHNIC,GSM,R. Öncel,10,,,,,,OTHER,,GALATASARAY MCT TECHNIC foulon,,,,,,,,,0,54,2.0,,0,18,0,26
09:00,09:00:00,18,26,-8,2,2,REGULAR,100,S. VILBEKIN,1,substitution,197,,[],out,0,3,Scott Jordan,Vilbekin,Scott Jordan,Vilbekin,S,V,S,V,S. Vilbekin,FENERBAHÇE BEKO,FBB,S. Vilbekin,3,,,,,,SUB,out,FENERBAHÇE BEKO substitution out,,,,,,,,,0,54,2.0,,0,18,0,26
09:00,09:00:00,18,26,-8,2,2,REGULAR,79,T. BIBEROVIÇ,1,substitution,198,,[],in,0,13,Tarik,Biberoviç,Tarik,Biberoviç,T,B,T,B,T. Biberoviç,FENERBAHÇE BEKO,FBB,T. Biberoviç,13,,,,,,SUB,in,FENERBAHÇE BEKO substitution in,,,,,,,,,0,54,2.0,,0,18,0,26
09:00,09:00:00,18,26,-8,2,2,REGULAR,94,W. BALDWIN IV,1,substitution,199,,[],out,0,2,Wade M,Baldwin Iv,Wade M,Baldwin Iv,W,B,W,B,W. Baldwin Iv,FENERBAHÇE BEKO,FBB,W. Baldwin Iv,2,,,,,,SUB,out,FENERBAHÇE BEKO substitution out,,,,,,,,,0,54,2.0,,0,18,0,26
09:00,09:00:00,18,26,-8,2,2,REGULAR,95,D. HALL,1,substitution,200,,[],in,0,20,Devon Howard,Hall,Devon Howard,Hall,D,H,D,H,D. Hall,FENERBAHÇE BEKO,FBB,D. Hall,20,,,,,,SUB,in,FENERBAHÇE BEKO substitution in,,,,,,,,,0,54,2.0,,0,18,0,26
08:49,08:49:00,20,26,-6,1,2,REGULAR,108,C. BISHOP,1,2pt,202,,"['fromturnover', 'pointsinthepaint']",alleyoopdunk,1,13,Christian,Bishop,Christian,Bishop,C,B,C,B,C. Bishop,GALATASARAY MCT TECHNIC,GSM,C. Bishop,13,,,7.9899997711182,49.270000457764,1.0,P2,made,GALATASARAY MCT TECHNIC C. BISHOP 2Pt made,109.0,1.0,W. CUMMINGS,,,,,,2,54,2.0,score,2,20,0,26
08:49,08:49:00,20,26,-6,1,2,REGULAR,109,W. CUMMINGS,1,assist,203,202,[],,0,7,William,Cummings,William,Cummings,W,C,W,C,W. Cummings,GALATASARAY MCT TECHNIC,GSM,W. Cummings,7,,,,,,ASS,,GALATASARAY MCT TECHNIC W. CUMMINGS assist,,,,,,,,,0,55,1.0,,0,20,0,26
08:32,08:32:00,20,26,-6,2,2,REGULAR,77,J. BIRSEN,0,2pt,204,,[],jumpshot,1,1,James Metecan,Birsen,James Metecan,Birsen,J,B,J,B,J. Birsen,FENERBAHÇE BEKO,FBB,J. Birsen,1,,,76.629997253418,53.220001220703,0.0,P2,missed,FENERBAHÇE BEKO J. BIRSEN 2Pt missed,,,,,,,,,0,55,1.0,def_reb,0,20,0,26
08:30,08:30:00,20,26,-6,1,2,REGULAR,109,W. CUMMINGS,1,rebound,205,204,[],defensive,0,7,William,Cummings,William,Cummings,W,C,W,C,W. Cummings,GALATASARAY MCT TECHNIC,GSM,W. Cummings,7,,,,,,REB,,GALATASARAY MCT TECHNIC rebound defensive,,,,,,,,,0,56,2.0,def_reb,0,20,0,26
08:21,08:21:00,22,26,-4,1,2,REGULAR,107,R. MEEKS,1,2pt,206,,['pointsinthepaint'],layup,1,9,Robinson Jr,Meeks,Robinson Jr,Meeks,R,M,R,M,R. Meeks,GALATASARAY MCT TECHNIC,GSM,R. Meeks,9,,,7.6799998283386,55.759998321533,1.0,P2,made,GALATASARAY MCT TECHNIC R. MEEKS 2Pt made,,,,,,,,,2,57,1.0,score,2,22,0,26
08:21,08:21:00,22,26,-4,2,2,REGULAR,0,,1,timeout,209,,[],full,0,,,,,,,,,,,FENERBAHÇE BEKO,FBB,,,,,,,,TIMEOUT,,FENERBAHÇE BEKO timeout,,,,,,,,,0,58,2.0,,0,22,0,26
08:21,08:21:00,22,26,-4,0,2,REGULAR,0,,1,timeout,210,,[],officials,0,,,,,,,,,,,,,,,,,,,,TIMEOUT,, timeout,,,,,,,,,0,58,2.0,,0,22,0,26
08:21,08:21:00,22,26,-4,1,2,REGULAR,70,R. ÖNCEL,1,substitution,211,,[],out,0,10,Ridvan,Öncel,Ridvan,Öncel,R,Ö,R,Ö,R. Öncel,GALATASARAY MCT TECHNIC,GSM,R. Öncel,10,,,,,,SUB,out,GALATASARAY MCT TECHNIC substitution out,,,,,,,,,0,58,2.0,,0,22,0,26
08:21,08:21:00,22,26,-4,1,2,REGULAR,108,C. BISHOP,1,substitution,212,,[],out,0,13,Christian,Bishop,Christian,Bishop,C,B,C,B,C. Bishop,GALATASARAY MCT TECHNIC,GSM,C. Bishop,13,,,,,,SUB,out,GALATASARAY MCT TECHNIC substitution out,,,,,,,,,0,58,2.0,,0,22,0,26
08:21,08:21:00,22,26,-4,1,2,REGULAR,103,J. PALMER JR,1,substitution,213,,[],in,0,12,James Alfred,Palmer Jr,James Alfred,Palmer Jr,J,P,J,P,J. Palmer Jr,GALATASARAY MCT TECHNIC,GSM,J. Palmer Jr,12,,,,,,SUB,in,GALATASARAY MCT TECHNIC substitution in,,,,,,,,,0,58,2.0,,0,22,0,26
08:21,08:21:00,22,26,-4,1,2,REGULAR,99,M. YASAR,1,substitution,214,,[],in,0,77,Muhsin,Yasar,Muhsin,Yasar,M,Y,M,Y,M. Yasar,GALATASARAY MCT TECHNIC,GSM,M. Yasar,77,,,,,,SUB,in,GALATASARAY MCT TECHNIC substitution in,,,,,,,,,0,58,2.0,,0,22,0,26
08:21,08:21:00,22,26,-4,2,2,REGULAR,77,J. BIRSEN,1,substitution,215,,[],out,0,1,James Metecan,Birsen,James Metecan,Birsen,J,B,J,B,J. Birsen,FENERBAHÇE BEKO,FBB,J. Birsen,1,,,,,,SUB,out,FENERBAHÇE BEKO substitution out,,,,,,,,,0,58,2.0,,0,22,0,26
08:21,08:21:00,22,26,-4,2,2,REGULAR,99,A. BACOT JR,1,substitution,216,,[],in,0,00,Armando,Bacot Jr,Armando,Bacot Jr,A,B,A,B,A. Bacot Jr,FENERBAHÇE BEKO,FBB,A. Bacot Jr,00,,,,,,SUB,in,FENERBAHÇE BEKO substitution in,,,,,,,,,0,58,2.0,,0,22,0,26
08:09,08:09:00,22,28,-6,2,2,REGULAR,79,T. BIBEROVIÇ,1,2pt,218,,['pointsinthepaint'],jumpshot,1,13,Tarik,Biberoviç,Tarik,Biberoviç,T,B,T,B,T. Biberoviç,FENERBAHÇE BEKO,FBB,T. Biberoviç,13,,,90.51000213623,58.020000457764,1.0,P2,made,FENERBAHÇE BEKO T. BIBEROVIÇ 2Pt made,,,,,,,,,2,58,2.0,score,0,22,2,28
07:46,07:46:00,22,28,-6,1,2,REGULAR,109,W. CUMMINGS,0,2pt,219,,['pointsinthepaint'],layup,1,7,William,Cummings,William,Cummings,W,C,W,C,W. Cummings,GALATASARAY MCT TECHNIC,GSM,W. Cummings,7,,,8.3000001907349,51.810001373291,0.0,P2,missed,GALATASARAY MCT TECHNIC W. CUMMINGS 2Pt missed,,,,,,,,,0,59,1.0,def_reb,0,22,0,28
07:43,07:43:00,22,28,-6,2,2,REGULAR,93,B. COLSON ,1,rebound,222,219,[],defensive,0,50,Bonzie,Colson ,Bonzie,Colson ,B,C,B,C,B. Colson ,FENERBAHÇE BEKO,FBB,B. Colson ,50,,,,,,REB,,FENERBAHÇE BEKO rebound defensive,,,,,,,,,0,60,2.0,def_reb,0,22,0,28
07:42,07:42:00,22,28,-6,1,2,REGULAR,99,M. YASAR,1,foul,224,,[],personal,0,77,Muhsin,Yasar,Muhsin,Yasar,M,Y,M,Y,M. Yasar,GALATASARAY MCT TECHNIC,GSM,M. Yasar,77,,,,,,FOUL,,GALATASARAY MCT TECHNIC M. YASAR foul personal,,,,,,,,,0,61,1.0,,0,22,0,28
07:42,07:42:00,22,28,-6,2,2,REGULAR,93,B. COLSON ,1,foulon,225,224,[],,0,50,Bonzie,Colson ,Bonzie,Colson ,B,C,B,C,B. Colson ,FENERBAHÇE BEKO,FBB,B. Colson ,50,,,,,,OTHER,,FENERBAHÇE BEKO foulon,,,,,,,,,0,61,1.0,,0,22,0,28
07:19,07:19:00,22,28,-6,2,2,REGULAR,95,D. HALL,0,2pt,227,,[],jumpshot,1,20,Devon Howard,Hall,Devon Howard,Hall,D,H,D,H,D. Hall,FENERBAHÇE BEKO,FBB,D. Hall,20,,,80.059997558594,33.159999847412,0.0,P2,missed,FENERBAHÇE BEKO D. HALL 2Pt missed,,,,,,,,,0,61,1.0,def_reb,0,22,0,28
07:17,07:17:00,22,28,-6,1,2,REGULAR,106,J. ROBINSON JR,1,rebound,228,227,[],defensive,0,1,Jerome,Robinson Jr,Jerome,Robinson Jr,J,R,J,R,J. Robinson Jr,GALATASARAY MCT TECHNIC,GSM,J. Robinson Jr,1,,,,,,REB,,GALATASARAY MCT TECHNIC rebound defensive,,,,,,,,,0,62,2.0,def_reb,0,22,0,28
07:04,07:04:00,22,28,-6,2,2,REGULAR,99,A. BACOT JR,1,foul,230,,"['shooting', '2freethrow']",personal,0,00,Armando,Bacot Jr,Armando,Bacot Jr,A,B,A,B,A. Bacot Jr,FENERBAHÇE BEKO,FBB,A. Bacot Jr,00,,,,,,FOUL,,FENERBAHÇE BEKO A. BACOT JR foul personal,,,,,,,,,0,63,1.0,,0,22,0,28
07:04,07:04:00,22,28,-6,1,2,REGULAR,99,M. YASAR,1,foulon,231,230,[],,0,77,Muhsin,Yasar,Muhsin,Yasar,M,Y,M,Y,M. Yasar,GALATASARAY MCT TECHNIC,GSM,M. Yasar,77,,,,,,OTHER,,GALATASARAY MCT TECHNIC foulon,,,,,,,,,0,63,1.0,,0,22,0,28
07:04,07:04:00,22,28,-6,2,2,REGULAR,92,N. MELLI,1,substitution,232,,[],out,0,4,Nicolo,Melli,Nicolo,Melli,N,M,N,M,N. Melli,FENERBAHÇE BEKO,FBB,N. Melli,4,,,,,,SUB,out,FENERBAHÇE BEKO substitution out,,,,,,,,,0,63,1.0,,0,22,0,28
07:04,07:04:00,22,28,-6,2,2,REGULAR,98,M. JANTUNEN,1,substitution,233,,[],in,0,18,Mikael,Jantunen,Mikael,Jantunen,M,J,M,J,M. Jantunen,FENERBAHÇE BEKO,FBB,M. Jantunen,18,,,,,,SUB,in,FENERBAHÇE BEKO substitution in,,,,,,,,,0,63,1.0,,0,22,0,28
07:04,07:04:00,22,28,-6,1,2,REGULAR,99,M. YASAR,0,freethrow,234,,[],1of2,1,77,Muhsin,Yasar,Muhsin,Yasar,M,Y,M,Y,M. Yasar,GALATASARAY MCT TECHNIC,GSM,M. Yasar,77,,,,,,FT,missed,GALATASARAY MCT TECHNIC M. YASAR FT 1of2 missed,,,,,,,,,0,63,1.0,def_reb,0,22,0,28
07:04,07:04:00,22,28,-6,1,2,REGULAR,0,,1,rebound,235,234,[],offensivedeadball,0,,,,,,,,,,,GALATASARAY MCT TECHNIC,GSM,,,,,,,,TREB,,GALATASARAY MCT TECHNIC team rebound offensivedeadball,,,,,,,,,0,64,2.0,def_reb,0,22,0,28
07:04,07:04:00,23,28,-5,1,2,REGULAR,99,M. YASAR,1,freethrow,236,,[],2of2,1,77,Muhsin,Yasar,Muhsin,Yasar,M,Y,M,Y,M. Yasar,GALATASARAY MCT TECHNIC,GSM,M. Yasar,77,,,,,,FT,made,GALATASARAY MCT TECHNIC M. YASAR FT 2of2 made,,,,,,,,,1,65,1.0,made_ft_last,1,23,0,28
07:04,07:04:00,23,28,-5,1,2,REGULAR,103,J. PALMER JR,1,assist,237,236,[],,0,12,James Alfred,Palmer Jr,James Alfred,Palmer Jr,J,P,J,P,J. Palmer Jr,GALATASARAY MCT TECHNIC,GSM,J. Palmer Jr,12,,,,,,ASS,,GALATASARAY MCT TECHNIC J. PALMER JR assist,,,,,,,,,0,66,2.0,,0,23,0,28
06:53,06:53:00,23,28,-5,1,2,REGULAR,99,M. YASAR,1,foul,241,,[],personal,0,77,Muhsin,Yasar,Muhsin,Yasar,M,Y,M,Y,M. Yasar,GALATASARAY MCT TECHNIC,GSM,M. Yasar,77,,,,,,FOUL,,GALATASARAY MCT TECHNIC M. YASAR foul personal,,,,,,,,,0,66,2.0,,0,23,0,28
06:53,06:53:00,23,28,-5,2,2,REGULAR,99,A. BACOT JR,1,foulon,242,241,[],,0,00,Armando,Bacot Jr,Armando,Bacot Jr,A,B,A,B,A. Bacot Jr,FENERBAHÇE BEKO,FBB,A. Bacot Jr,00,,,,,,OTHER,,FENERBAHÇE BEKO foulon,,,,,,,,,0,66,2.0,,0,23,0,28
06:49,06:49:00,23,30,-7,2,2,REGULAR,95,D. HALL,1,2pt,244,,['pointsinthepaint'],layup,1,20,Devon Howard,Hall,Devon Howard,Hall,D,H,D,H,D. Hall,FENERBAHÇE BEKO,FBB,D. Hall,20,,,90.51000213623,50.400001525879,1.0,P2,made,FENERBAHÇE BEKO D. HALL 2Pt made,,,,,,,,,2,66,2.0,score,0,23,2,30
06:26,06:26:00,25,30,-5,1,2,REGULAR,107,R. MEEKS,1,2pt,245,,['pointsinthepaint'],layup,1,9,Robinson Jr,Meeks,Robinson Jr,Meeks,R,M,R,M,R. Meeks,GALATASARAY MCT TECHNIC,GSM,R. Meeks,9,,,4.710000038147,52.939998626709,1.0,P2,made,GALATASARAY MCT TECHNIC R. MEEKS 2Pt made,,,,,,,,,2,67,1.0,score,2,25,0,30
06:09,06:09:00,25,30,-5,2,2,REGULAR,93,B. COLSON ,0,2pt,246,,[],jumpshot,1,50,Bonzie,Colson ,Bonzie,Colson ,B,C,B,C,B. Colson ,FENERBAHÇE BEKO,FBB,B. Colson ,50,,,83.809997558594,72.709999084473,0.0,P2,missed,FENERBAHÇE BEKO B. COLSON  2Pt missed,,,,,,,,,0,68,2.0,,0,25,0,30
06:07,06:07:00,25,32,-7,2,2,REGULAR,99,A. BACOT JR,1,rebound,248,246,[],offensive,0,00,Armando,Bacot Jr,Armando,Bacot Jr,A,B,A,B,A. Bacot Jr,FENERBAHÇE BEKO,FBB,A. Bacot Jr,00,,,,,,REB,,FENERBAHÇE BEKO rebound offensive,,,,,,,,,0,68,2.0,,0,25,0,30
06:08,06:08:00,25,30,-5,1,2,REGULAR,99,M. YASAR,1,foul,250,,"['shooting', '2freethrow']",personal,0,77,Muhsin,Yasar,Muhsin,Yasar,M,Y,M,Y,M. Yasar,GALATASARAY MCT TECHNIC,GSM,M. Yasar,77,,,,,,FOUL,,GALATASARAY MCT TECHNIC M. YASAR foul personal,,,,,,,,,0,68,2.0,,0,25,0,30
06:08,06:08:00,25,30,-5,2,2,REGULAR,99,A. BACOT JR,1,foulon,251,250,[],,0,00,Armando,Bacot Jr,Armando,Bacot Jr,A,B,A,B,A. Bacot Jr,FENERBAHÇE BEKO,FBB,A. Bacot Jr,00,,,,,,OTHER,,FENERBAHÇE BEKO foulon,,,,,,,,,0,68,2.0,,0,25,0,30
06:08,06:08:00,25,30,-5,2,2,REGULAR,93,B. COLSON ,1,substitution,252,,[],out,0,50,Bonzie,Colson ,Bonzie,Colson ,B,C,B,C,B. Colson ,FENERBAHÇE BEKO,FBB,B. Colson ,50,,,,,,SUB,out,FENERBAHÇE BEKO substitution out,,,,,,,,,0,68,2.0,,0,25,0,30
06:08,06:08:00,25,30,-5,2,2,REGULAR,76,M. MAHMUTOGLU,1,substitution,253,,[],in,0,10,Melih,Mahmutoglu,Melih,Mahmutoglu,M,M,M,M,M. Mahmutoglu,FENERBAHÇE BEKO,FBB,M. Mahmutoglu,10,,,,,,SUB,in,FENERBAHÇE BEKO substitution in,,,,,,,,,0,68,2.0,,0,25,0,30
06:08,06:08:00,25,30,-5,1,2,REGULAR,106,J. ROBINSON JR,1,substitution,254,,[],out,0,1,Jerome,Robinson Jr,Jerome,Robinson Jr,J,R,J,R,J. Robinson Jr,GALATASARAY MCT TECHNIC,GSM,J. Robinson Jr,1,,,,,,SUB,out,GALATASARAY MCT TECHNIC substitution out,,,,,,,,,0,68,2.0,,0,25,0,30
06:08,06:08:00,25,30,-5,1,2,REGULAR,99,M. YASAR,1,substitution,255,,[],out,0,77,Muhsin,Yasar,Muhsin,Yasar,M,Y,M,Y,M. Yasar,GALATASARAY MCT TECHNIC,GSM,M. Yasar,77,,,,,,SUB,out,GALATASARAY MCT TECHNIC substitution out,,,,,,,,,0,68,2.0,,0,25,0,30
06:08,06:08:00,25,30,-5,1,2,REGULAR,38,A. TUNCER,1,substitution,256,,[],in,0,19,Ahmet Bugrahan,Tuncer,Ahmet Bugrahan,Tuncer,A,T,A,T,A. Tuncer,GALATASARAY MCT TECHNIC,GSM,A. Tuncer,19,,,,,,SUB,in,GALATASARAY MCT TECHNIC substitution in,,,,,,,,,0,68,2.0,,0,25,0,30
06:08,06:08:00,25,30,-5,1,2,REGULAR,105,F. GILLESPIE ,1,substitution,257,,[],in,0,33,Frederick ,Gillespie ,Frederick ,Gillespie ,F,G,F,G,F. Gillespie ,GALATASARAY MCT TECHNIC,GSM,F. Gillespie ,33,,,,,,SUB,in,GALATASARAY MCT TECHNIC substitution in,,,,,,,,,0,68,2.0,,0,25,0,30
06:08,06:08:00,25,31,-6,2,2,REGULAR,99,A. BACOT JR,1,freethrow,258,,['2ndchance'],1of2,1,00,Armando,Bacot Jr,Armando,Bacot Jr,A,B,A,B,A. Bacot Jr,FENERBAHÇE BEKO,FBB,A. Bacot Jr,00,,,,,,FT,made,FENERBAHÇE BEKO A. BACOT JR FT 1of2 made,,,,,,,,,1,68,2.0,made_ft,0,25,1,31
06:08,06:08:00,25,32,-7,2,2,REGULAR,99,A. BACOT JR,1,freethrow,259,,['2ndchance'],2of2,1,00,Armando,Bacot Jr,Armando,Bacot Jr,A,B,A,B,A. Bacot Jr,FENERBAHÇE BEKO,FBB,A. Bacot Jr,00,,,,,,FT,made,FENERBAHÇE BEKO A. BACOT JR FT 2of2 made,,,,,,,,,1,69,1.0,made_ft_last,0,25,1,32
06:08,06:08:00,25,32,-7,2,2,REGULAR,99,A. BACOT JR,1,substitution,260,,[],out,0,00,Armando,Bacot Jr,Armando,Bacot Jr,A,B,A,B,A. Bacot Jr,FENERBAHÇE BEKO,FBB,A. Bacot Jr,00,,,,,,SUB,out,FENERBAHÇE BEKO substitution out,,,,,,,,,0,70,2.0,,0,25,0,32
06:08,06:08:00,25,32,-7,2,2,REGULAR,94,W. BALDWIN IV,1,substitution,261,,[],in,0,2,Wade M,Baldwin Iv,Wade M,Baldwin Iv,W,B,W,B,W. Baldwin Iv,FENERBAHÇE BEKO,FBB,W. Baldwin Iv,2,,,,,,SUB,in,FENERBAHÇE BEKO substitution in,,,,,,,,,0,70,2.0,,0,25,0,32
05:47,05:47:00,27,32,-5,1,2,REGULAR,109,W. CUMMINGS,1,2pt,265,,['pointsinthepaint'],floatingjumpshot,1,7,William,Cummings,William,Cummings,W,C,W,C,W. Cummings,GALATASARAY MCT TECHNIC,GSM,W. Cummings,7,,,16.879999160767,53.220001220703,1.0,P2,made,GALATASARAY MCT TECHNIC W. CUMMINGS 2Pt made,,,,,,,,,2,70,2.0,score,2,27,0,32
05:35,05:35:00,27,32,-5,2,2,REGULAR,94,W. BALDWIN IV,1,turnover,269,,[],badpass,0,2,Wade M,Baldwin Iv,Wade M,Baldwin Iv,W,B,W,B,W. Baldwin Iv,FENERBAHÇE BEKO,FBB,W. Baldwin Iv,2,,,,,,TO,,FENERBAHÇE BEKO W. BALDWIN IV turnover badpass,,,,,,,,,0,71,1.0,turnover,0,27,0,32
05:19,05:19:00,27,32,-5,1,2,REGULAR,107,R. MEEKS,0,3pt,274,,['fromturnover'],jumpshot,1,9,Robinson Jr,Meeks,Robinson Jr,Meeks,R,M,R,M,R. Meeks,GALATASARAY MCT TECHNIC,GSM,R. Meeks,9,,,15.789999961853,6.0500001907349,0.0,P3,missed,GALATASARAY MCT TECHNIC R. MEEKS 3Pt missed,,,,,,,,,0,72,2.0,def_reb,0,27,0,32
05:19,05:19:00,27,32,-5,1,2,REGULAR,0,,1,rebound,275,274,['team'],offensive,0,,,,,,,,,,,GALATASARAY MCT TECHNIC,GSM,,,,,,,,TREB,,GALATASARAY MCT TECHNIC team rebound offensive,,,,,,,,,0,73,1.0,def_reb,0,27,0,32
05:18,05:18:00,27,32,-5,2,2,REGULAR,98,M. JANTUNEN,1,foul,280,,[],personal,0,18,Mikael,Jantunen,Mikael,Jantunen,M,J,M,J,M. Jantunen,FENERBAHÇE BEKO,FBB,M. Jantunen,18,,,,,,FOUL,,FENERBAHÇE BEKO M. JANTUNEN foul personal,,,,,,,,,0,74,2.0,,0,27,0,32
05:18,05:18:00,27,32,-5,1,2,REGULAR,105,F. GILLESPIE ,1,foulon,281,280,[],,0,33,Frederick ,Gillespie ,Frederick ,Gillespie ,F,G,F,G,F. Gillespie ,GALATASARAY MCT TECHNIC,GSM,F. Gillespie ,33,,,,,,OTHER,,GALATASARAY MCT TECHNIC foulon,,,,,,,,,0,74,2.0,,0,27,0,32
05:16,05:16:00,27,32,-5,2,2,REGULAR,95,D. HALL,1,foul,286,,['2freethrow'],personal,0,20,Devon Howard,Hall,Devon Howard,Hall,D,H,D,H,D. Hall,FENERBAHÇE BEKO,FBB,D. Hall,20,,,,,,FOUL,,FENERBAHÇE BEKO D. HALL foul personal,,,,,,,,,0,74,2.0,,0,27,0,32
05:16,05:16:00,27,32,-5,1,2,REGULAR,109,W. CUMMINGS,1,foulon,287,286,[],,0,7,William,Cummings,William,Cummings,W,C,W,C,W. Cummings,GALATASARAY MCT TECHNIC,GSM,W. Cummings,7,,,,,,OTHER,,GALATASARAY MCT TECHNIC foulon,,,,,,,,,0,74,2.0,,0,27,0,32
05:16,05:16:00,28,32,-4,1,2,REGULAR,109,W. CUMMINGS,1,freethrow,288,,"['2ndchance', 'fromturnover']",1of2,1,7,William,Cummings,William,Cummings,W,C,W,C,W. Cummings,GALATASARAY MCT TECHNIC,GSM,W. Cummings,7,,,,,,FT,made,GALATASARAY MCT TECHNIC W. CUMMINGS FT 1of2 made,,,,,,,,,1,74,2.0,made_ft,1,28,0,32
05:16,05:16:00,29,32,-3,1,2,REGULAR,109,W. CUMMINGS,1,freethrow,289,,"['2ndchance', 'fromturnover']",2of2,1,7,William,Cummings,William,Cummings,W,C,W,C,W. Cummings,GALATASARAY MCT TECHNIC,GSM,W. Cummings,7,,,,,,FT,made,GALATASARAY MCT TECHNIC W. CUMMINGS FT 2of2 made,,,,,,,,,1,75,1.0,made_ft_last,1,29,0,32
05:03,05:03:00,29,32,-3,2,2,REGULAR,94,W. BALDWIN IV,0,2pt,291,,[],jumpshot,1,2,Wade M,Baldwin Iv,Wade M,Baldwin Iv,W,B,W,B,W. Baldwin Iv,FENERBAHÇE BEKO,FBB,W. Baldwin Iv,2,,,76.629997253418,67.339996337891,0.0,P2,missed,FENERBAHÇE BEKO W. BALDWIN IV 2Pt missed,,,,,,,,,0,76,2.0,def_reb,0,29,0,32
05:00,05:00:00,29,32,-3,1,2,REGULAR,105,F. GILLESPIE ,1,rebound,292,291,[],defensive,0,33,Frederick ,Gillespie ,Frederick ,Gillespie ,F,G,F,G,F. Gillespie ,GALATASARAY MCT TECHNIC,GSM,F. Gillespie ,33,,,,,,REB,,GALATASARAY MCT TECHNIC rebound defensive,,,,,,,,,0,77,1.0,def_reb,0,29,0,32
04:48,04:48:00,29,32,-3,1,2,REGULAR,109,W. CUMMINGS,0,3pt,293,,[],jumpshot,1,7,William,Cummings,William,Cummings,W,C,W,C,W. Cummings,GALATASARAY MCT TECHNIC,GSM,W. Cummings,7,,,27.489999771118,20.729999542236,0.0,P3,missed,GALATASARAY MCT TECHNIC W. CUMMINGS 3Pt missed,,,,,,,,,0,78,2.0,def_reb,0,29,0,32
04:45,04:45:00,29,32,-3,2,2,REGULAR,95,D. HALL,1,rebound,294,293,[],defensive,0,20,Devon Howard,Hall,Devon Howard,Hall,D,H,D,H,D. Hall,FENERBAHÇE BEKO,FBB,D. Hall,20,,,,,,REB,,FENERBAHÇE BEKO rebound defensive,,,,,,,,,0,79,1.0,def_reb,0,29,0,32
04:29,04:29:00,29,35,-6,2,2,REGULAR,98,M. JANTUNEN,1,3pt,295,,[],jumpshot,1,18,Mikael,Jantunen,Mikael,Jantunen,M,J,M,J,M. Jantunen,FENERBAHÇE BEKO,FBB,M. Jantunen,18,,,70.699996948242,78.930000305176,1.0,P3,made,FENERBAHÇE BEKO M. JANTUNEN 3Pt made,95.0,2.0,D. HALL,,,,,,3,80,2.0,score,0,29,3,35
04:29,04:29:00,29,35,-6,2,2,REGULAR,95,D. HALL,1,assist,296,295,[],,0,20,Devon Howard,Hall,Devon Howard,Hall,D,H,D,H,D. Hall,FENERBAHÇE BEKO,FBB,D. Hall,20,,,,,,ASS,,FENERBAHÇE BEKO D. HALL assist,,,,,,,,,0,81,1.0,,0,29,0,35
04:13,04:13:00,29,35,-6,1,2,REGULAR,105,F. GILLESPIE ,1,foul,299,,[],offensive,0,33,Frederick ,Gillespie ,Frederick ,Gillespie ,F,G,F,G,F. Gillespie ,GALATASARAY MCT TECHNIC,GSM,F. Gillespie ,33,,,,,,RFOUL,,GALATASARAY MCT TECHNIC F. GILLESPIE  foul offensive,,,,,,,,,0,81,1.0,offensive_foul,0,29,0,35
04:13,04:13:00,29,35,-6,1,2,REGULAR,105,F. GILLESPIE ,1,turnover,300,299,[],offensive,0,33,Frederick ,Gillespie ,Frederick ,Gillespie ,F,G,F,G,F. Gillespie ,GALATASARAY MCT TECHNIC,GSM,F. Gillespie ,33,,,,,,TO,,GALATASARAY MCT TECHNIC F. GILLESPIE  turnover offensive,,,,,,,,,0,82,2.0,turnover,0,29,0,35
04:13,04:13:00,29,35,-6,2,2,REGULAR,95,D. HALL,1,foulon,301,299,[],,0,20,Devon Howard,Hall,Devon Howard,Hall,D,H,D,H,D. Hall,FENERBAHÇE BEKO,FBB,D. Hall,20,,,,,,OTHER,,FENERBAHÇE BEKO foulon,,,,,,,,,0,83,1.0,,0,29,0,35
04:05,04:05:00,29,35,-6,2,2,REGULAR,94,W. BALDWIN IV,1,turnover,304,,[],outofbounds,0,2,Wade M,Baldwin Iv,Wade M,Baldwin Iv,W,B,W,B,W. Baldwin Iv,FENERBAHÇE BEKO,FBB,W. Baldwin Iv,2,,,,,,TO,,FENERBAHÇE BEKO W. BALDWIN IV turnover outofbounds,,,,,,,,,0,83,1.0,turnover,0,29,0,35
04:05,04:05:00,29,35,-6,2,2,REGULAR,98,M. JANTUNEN,1,substitution,305,,[],out,0,18,Mikael,Jantunen,Mikael,Jantunen,M,J,M,J,M. Jantunen,FENERBAHÇE BEKO,FBB,M. Jantunen,18,,,,,,SUB,out,FENERBAHÇE BEKO substitution out,,,,,,,,,0,84,2.0,,0,29,0,35
04:05,04:05:00,29,35,-6,2,2,REGULAR,91,K. BIRCH,1,substitution,306,,[],in,0,92,Khem,Birch,Khem,Birch,K,B,K,B,K. Birch,FENERBAHÇE BEKO,FBB,K. Birch,92,,,,,,SUB,in,FENERBAHÇE BEKO substitution in,,,,,,,,,0,84,2.0,,0,29,0,35
03:44,03:44:00,31,35,-4,1,2,REGULAR,103,J. PALMER JR,1,2pt,308,,['fromturnover'],jumpshot,1,12,James Alfred,Palmer Jr,James Alfred,Palmer Jr,J,P,J,P,J. Palmer Jr,GALATASARAY MCT TECHNIC,GSM,J. Palmer Jr,12,,,19.840000152588,74.410003662109,1.0,P2,made,GALATASARAY MCT TECHNIC J. PALMER JR 2Pt made,,,,,,,,,2,84,2.0,score,2,31,0,35
03:30,03:30:00,31,35,-4,1,2,REGULAR,105,F. GILLESPIE ,1,foul,310,,"['shooting', '2freethrow']",personal,0,33,Frederick ,Gillespie ,Frederick ,Gillespie ,F,G,F,G,F. Gillespie ,GALATASARAY MCT TECHNIC,GSM,F. Gillespie ,33,,,,,,FOUL,,GALATASARAY MCT TECHNIC F. GILLESPIE  foul personal,,,,,,,,,0,85,1.0,,0,31,0,35
03:30,03:30:00,31,35,-4,2,2,REGULAR,91,K. BIRCH,1,foulon,311,310,[],,0,92,Khem,Birch,Khem,Birch,K,B,K,B,K. Birch,FENERBAHÇE BEKO,FBB,K. Birch,92,,,,,,OTHER,,FENERBAHÇE BEKO foulon,,,,,,,,,0,85,1.0,,0,31,0,35
03:30,03:30:00,31,36,-5,2,2,REGULAR,91,K. BIRCH,1,freethrow,312,,[],1of2,1,92,Khem,Birch,Khem,Birch,K,B,K,B,K. Birch,FENERBAHÇE BEKO,FBB,K. Birch,92,,,,,,FT,made,FENERBAHÇE BEKO K. BIRCH FT 1of2 made,,,,,,,,,1,85,1.0,made_ft,0,31,1,36
03:30,03:30:00,31,36,-5,2,2,REGULAR,94,W. BALDWIN IV,1,assist,313,312,[],,0,2,Wade M,Baldwin Iv,Wade M,Baldwin Iv,W,B,W,B,W. Baldwin Iv,FENERBAHÇE BEKO,FBB,W. Baldwin Iv,2,,,,,,ASS,,FENERBAHÇE BEKO W. BALDWIN IV assist,,,,,,,,,0,86,2.0,,0,31,0,36
03:30,03:30:00,31,37,-6,2,2,REGULAR,91,K. BIRCH,1,freethrow,314,,[],2of2,1,92,Khem,Birch,Khem,Birch,K,B,K,B,K. Birch,FENERBAHÇE BEKO,FBB,K. Birch,92,,,,,,FT,made,FENERBAHÇE BEKO K. BIRCH FT 2of2 made,,,,,,,,,1,86,2.0,made_ft_last,0,31,1,37
03:30,03:30:00,31,37,-6,1,2,REGULAR,105,F. GILLESPIE ,1,substitution,315,,[],out,0,33,Frederick ,Gillespie ,Frederick ,Gillespie ,F,G,F,G,F. Gillespie ,GALATASARAY MCT TECHNIC,GSM,F. Gillespie ,33,,,,,,SUB,out,GALATASARAY MCT TECHNIC substitution out,,,,,,,,,0,87,1.0,,0,31,0,37
03:30,03:30:00,31,37,-6,1,2,REGULAR,108,C. BISHOP,1,substitution,316,,[],in,0,13,Christian,Bishop,Christian,Bishop,C,B,C,B,C. Bishop,GALATASARAY MCT TECHNIC,GSM,C. Bishop,13,,,,,,SUB,in,GALATASARAY MCT TECHNIC substitution in,,,,,,,,,0,87,1.0,,0,31,0,37
03:30,03:30:00,31,37,-6,2,2,REGULAR,95,D. HALL,1,substitution,317,,[],out,0,20,Devon Howard,Hall,Devon Howard,Hall,D,H,D,H,D. Hall,FENERBAHÇE BEKO,FBB,D. Hall,20,,,,,,SUB,out,FENERBAHÇE BEKO substitution out,,,,,,,,,0,87,1.0,,0,31,0,37
03:30,03:30:00,31,37,-6,2,2,REGULAR,89,O. BITIM,1,substitution,318,,[],in,0,17,Onuralp,Bitim,Onuralp,Bitim,O,B,O,B,O. Bitim,FENERBAHÇE BEKO,FBB,O. Bitim,17,,,,,,SUB,in,FENERBAHÇE BEKO substitution in,,,,,,,,,0,87,1.0,,0,31,0,37
03:20,03:20:00,31,37,-6,2,2,REGULAR,91,K. BIRCH,1,foul,321,,"['shooting', '2freethrow']",personal,0,92,Khem,Birch,Khem,Birch,K,B,K,B,K. Birch,FENERBAHÇE BEKO,FBB,K. Birch,92,,,,,,FOUL,,FENERBAHÇE BEKO K. BIRCH foul personal,,,,,,,,,0,87,1.0,,0,31,0,37
03:20,03:20:00,31,37,-6,1,2,REGULAR,103,J. PALMER JR,1,foulon,322,321,[],,0,12,James Alfred,Palmer Jr,James Alfred,Palmer Jr,J,P,J,P,J. Palmer Jr,GALATASARAY MCT TECHNIC,GSM,J. Palmer Jr,12,,,,,,OTHER,,GALATASARAY MCT TECHNIC foulon,,,,,,,,,0,87,1.0,,0,31,0,37
03:20,03:20:00,32,37,-5,1,2,REGULAR,103,J. PALMER JR,1,freethrow,323,,[],1of2,1,12,James Alfred,Palmer Jr,James Alfred,Palmer Jr,J,P,J,P,J. Palmer Jr,GALATASARAY MCT TECHNIC,GSM,J. Palmer Jr,12,,,,,,FT,made,GALATASARAY MCT TECHNIC J. PALMER JR FT 1of2 made,,,,,,,,,1,87,1.0,made_ft,1,32,0,37
03:20,03:20:00,33,37,-4,1,2,REGULAR,103,J. PALMER JR,1,freethrow,324,,[],2of2,1,12,James Alfred,Palmer Jr,James Alfred,Palmer Jr,J,P,J,P,J. Palmer Jr,GALATASARAY MCT TECHNIC,GSM,J. Palmer Jr,12,,,,,,FT,made,GALATASARAY MCT TECHNIC J. PALMER JR FT 2of2 made,,,,,,,,,1,88,2.0,made_ft_last,1,33,0,37
03:20,03:20:00,33,37,-4,2,2,REGULAR,76,M. MAHMUTOGLU,1,substitution,325,,[],out,0,10,Melih,Mahmutoglu,Melih,Mahmutoglu,M,M,M,M,M. Mahmutoglu,FENERBAHÇE BEKO,FBB,M. Mahmutoglu,10,,,,,,SUB,out,FENERBAHÇE BEKO substitution out,,,,,,,,,0,89,1.0,,0,33,0,37
03:20,03:20:00,33,37,-4,2,2,REGULAR,100,S. VILBEKIN,1,substitution,326,,[],in,0,3,Scott Jordan,Vilbekin,Scott Jordan,Vilbekin,S,V,S,V,S. Vilbekin,FENERBAHÇE BEKO,FBB,S. Vilbekin,3,,,,,,SUB,in,FENERBAHÇE BEKO substitution in,,,,,,,,,0,89,1.0,,0,33,0,37
03:20,03:20:00,33,37,-4,2,2,REGULAR,91,K. BIRCH,1,substitution,327,,[],out,0,92,Khem,Birch,Khem,Birch,K,B,K,B,K. Birch,FENERBAHÇE BEKO,FBB,K. Birch,92,,,,,,SUB,out,FENERBAHÇE BEKO substitution out,,,,,,,,,0,89,1.0,,0,33,0,37
03:20,03:20:00,33,37,-4,2,2,REGULAR,92,N. MELLI,1,substitution,328,,[],in,0,4,Nicolo,Melli,Nicolo,Melli,N,M,N,M,N. Melli,FENERBAHÇE BEKO,FBB,N. Melli,4,,,,,,SUB,in,FENERBAHÇE BEKO substitution in,,,,,,,,,0,89,1.0,,0,33,0,37
03:07,03:07:00,33,40,-7,2,2,REGULAR,100,S. VILBEKIN,1,3pt,330,,[],jumpshot,1,3,Scott Jordan,Vilbekin,Scott Jordan,Vilbekin,S,V,S,V,S. Vilbekin,FENERBAHÇE BEKO,FBB,S. Vilbekin,3,,,79.440002441406,89.660003662109,1.0,P3,made,FENERBAHÇE BEKO S. VILBEKIN 3Pt made,94.0,2.0,W. BALDWIN IV,,,,,,3,89,1.0,score,0,33,3,40
03:07,03:07:00,33,40,-7,2,2,REGULAR,94,W. BALDWIN IV,1,assist,331,330,[],,0,2,Wade M,Baldwin Iv,Wade M,Baldwin Iv,W,B,W,B,W. Baldwin Iv,FENERBAHÇE BEKO,FBB,W. Baldwin Iv,2,,,,,,ASS,,FENERBAHÇE BEKO W. BALDWIN IV assist,,,,,,,,,0,90,2.0,,0,33,0,40
02:52,02:52:00,33,40,-7,1,2,REGULAR,103,J. PALMER JR,0,3pt,332,,[],jumpshot,1,12,James Alfred,Palmer Jr,James Alfred,Palmer Jr,J,P,J,P,J. Palmer Jr,GALATASARAY MCT TECHNIC,GSM,J. Palmer Jr,12,,,29.670000076294,30.340000152588,0.0,P3,missed,GALATASARAY MCT TECHNIC J. PALMER JR 3Pt missed,,,,,,,,,0,90,2.0,def_reb,0,33,0,40
02:51,02:51:00,33,40,-7,1,2,REGULAR,0,,1,rebound,334,332,['team'],offensive,0,,,,,,,,,,,GALATASARAY MCT TECHNIC,GSM,,,,,,,,TREB,,GALATASARAY MCT TECHNIC team rebound offensive,,,,,,,,,0,91,1.0,def_reb,0,33,0,40
02:51,02:51:00,33,40,-7,2,2,REGULAR,100,S. VILBEKIN,1,foul,335,,['2freethrow'],personal,0,3,Scott Jordan,Vilbekin,Scott Jordan,Vilbekin,S,V,S,V,S. Vilbekin,FENERBAHÇE BEKO,FBB,S. Vilbekin,3,,,,,,FOUL,,FENERBAHÇE BEKO S. VILBEKIN foul personal,,,,,,,,,0,92,2.0,,0,33,0,40
02:51,02:51:00,33,40,-7,1,2,REGULAR,38,A. TUNCER,1,foulon,336,335,[],,0,19,Ahmet Bugrahan,Tuncer,Ahmet Bugrahan,Tuncer,A,T,A,T,A. Tuncer,GALATASARAY MCT TECHNIC,GSM,A. Tuncer,19,,,,,,OTHER,,GALATASARAY MCT TECHNIC foulon,,,,,,,,,0,92,2.0,,0,33,0,40
02:51,02:51:00,34,40,-6,1,2,REGULAR,38,A. TUNCER,1,freethrow,337,,['2ndchance'],1of2,1,19,Ahmet Bugrahan,Tuncer,Ahmet Bugrahan,Tuncer,A,T,A,T,A. Tuncer,GALATASARAY MCT TECHNIC,GSM,A. Tuncer,19,,,,,,FT,made,GALATASARAY MCT TECHNIC A. TUNCER FT 1of2 made,,,,,,,,,1,92,2.0,made_ft,1,34,0,40
02:51,02:51:00,35,40,-5,1,2,REGULAR,38,A. TUNCER,1,freethrow,338,,['2ndchance'],2of2,1,19,Ahmet Bugrahan,Tuncer,Ahmet Bugrahan,Tuncer,A,T,A,T,A. Tuncer,GALATASARAY MCT TECHNIC,GSM,A. Tuncer,19,,,,,,FT,made,GALATASARAY MCT TECHNIC A. TUNCER FT 2of2 made,,,,,,,,,1,93,1.0,made_ft_last,1,35,0,40
02:51,02:51:00,35,40,-5,1,2,REGULAR,38,A. TUNCER,1,substitution,339,,[],out,0,19,Ahmet Bugrahan,Tuncer,Ahmet Bugrahan,Tuncer,A,T,A,T,A. Tuncer,GALATASARAY MCT TECHNIC,GSM,A. Tuncer,19,,,,,,SUB,out,GALATASARAY MCT TECHNIC substitution out,,,,,,,,,0,94,2.0,,0,35,0,40
02:51,02:51:00,35,40,-5,1,2,REGULAR,101,T. GÖRENER,1,substitution,340,,[],in,0,5,Tibet Deniz,Görener,Tibet Deniz,Görener,T,G,T,G,T. Görener,GALATASARAY MCT TECHNIC,GSM,T. Görener,5,,,,,,SUB,in,GALATASARAY MCT TECHNIC substitution in,,,,,,,,,0,94,2.0,,0,35,0,40
02:29,02:29:00,35,40,-5,2,2,REGULAR,94,W. BALDWIN IV,0,2pt,345,,['pointsinthepaint'],layup,1,2,Wade M,Baldwin Iv,Wade M,Baldwin Iv,W,B,W,B,W. Baldwin Iv,FENERBAHÇE BEKO,FBB,W. Baldwin Iv,2,,,86.150001525879,54.069999694824,0.0,P2,missed,FENERBAHÇE BEKO W. BALDWIN IV 2Pt missed,,,,,,,,,0,94,2.0,,0,35,0,40
02:29,02:29:00,35,40,-5,2,2,REGULAR,92,N. MELLI,1,rebound,346,345,[],offensive,0,4,Nicolo,Melli,Nicolo,Melli,N,M,N,M,N. Melli,FENERBAHÇE BEKO,FBB,N. Melli,4,,,,,,REB,,FENERBAHÇE BEKO rebound offensive,,,,,,,,,0,94,2.0,,0,35,0,40
02:29,02:29:00,35,40,-5,1,2,REGULAR,107,R. MEEKS,1,foul,347,,"['shooting', '2freethrow']",personal,0,9,Robinson Jr,Meeks,Robinson Jr,Meeks,R,M,R,M,R. Meeks,GALATASARAY MCT TECHNIC,GSM,R. Meeks,9,,,,,,FOUL,,GALATASARAY MCT TECHNIC R. MEEKS foul personal,,,,,,,,,0,94,2.0,,0,35,0,40
02:29,02:29:00,35,40,-5,2,2,REGULAR,92,N. MELLI,1,foulon,348,347,[],,0,4,Nicolo,Melli,Nicolo,Melli,N,M,N,M,N. Melli,FENERBAHÇE BEKO,FBB,N. Melli,4,,,,,,OTHER,,FENERBAHÇE BEKO foulon,,,,,,,,,0,94,2.0,,0,35,0,40
02:29,02:29:00,35,40,-5,1,2,REGULAR,107,R. MEEKS,1,substitution,349,,[],out,0,9,Robinson Jr,Meeks,Robinson Jr,Meeks,R,M,R,M,R. Meeks,GALATASARAY MCT TECHNIC,GSM,R. Meeks,9,,,,,,SUB,out,GALATASARAY MCT TECHNIC substitution out,,,,,,,,,0,94,2.0,,0,35,0,40
02:29,02:29:00,35,40,-5,1,2,REGULAR,104,F. WHITE JR,1,substitution,350,,[],in,0,35,Fabian,White Jr,Fabian,White Jr,F,W,F,W,F. White Jr,GALATASARAY MCT TECHNIC,GSM,F. White Jr,35,,,,,,SUB,in,GALATASARAY MCT TECHNIC substitution in,,,,,,,,,0,94,2.0,,0,35,0,40
02:29,02:29:00,35,40,-5,2,2,REGULAR,100,S. VILBEKIN,1,substitution,351,,[],out,0,3,Scott Jordan,Vilbekin,Scott Jordan,Vilbekin,S,V,S,V,S. Vilbekin,FENERBAHÇE BEKO,FBB,S. Vilbekin,3,,,,,,SUB,out,FENERBAHÇE BEKO substitution out,,,,,,,,,0,94,2.0,,0,35,0,40
02:29,02:29:00,35,40,-5,2,2,REGULAR,95,D. HALL,1,substitution,352,,[],in,0,20,Devon Howard,Hall,Devon Howard,Hall,D,H,D,H,D. Hall,FENERBAHÇE BEKO,FBB,D. Hall,20,,,,,,SUB,in,FENERBAHÇE BEKO substitution in,,,,,,,,,0,94,2.0,,0,35,0,40
02:29,02:29:00,35,41,-6,2,2,REGULAR,92,N. MELLI,1,freethrow,353,,['2ndchance'],1of2,1,4,Nicolo,Melli,Nicolo,Melli,N,M,N,M,N. Melli,FENERBAHÇE BEKO,FBB,N. Melli,4,,,,,,FT,made,FENERBAHÇE BEKO N. MELLI FT 1of2 made,,,,,,,,,1,94,2.0,made_ft,0,35,1,41
02:29,02:29:00,35,42,-7,2,2,REGULAR,92,N. MELLI,1,freethrow,354,,['2ndchance'],2of2,1,4,Nicolo,Melli,Nicolo,Melli,N,M,N,M,N. Melli,FENERBAHÇE BEKO,FBB,N. Melli,4,,,,,,FT,made,FENERBAHÇE BEKO N. MELLI FT 2of2 made,,,,,,,,,1,95,1.0,made_ft_last,0,35,1,42
02:12,02:12:00,38,42,-4,1,2,REGULAR,103,J. PALMER JR,1,3pt,356,,[],jumpshot,1,12,James Alfred,Palmer Jr,James Alfred,Palmer Jr,J,P,J,P,J. Palmer Jr,GALATASARAY MCT TECHNIC,GSM,J. Palmer Jr,12,,,32.169998168945,41.919998168945,1.0,P3,made,GALATASARAY MCT TECHNIC J. PALMER JR 3Pt made,104.0,1.0,F. WHITE JR,,,,,,3,96,2.0,score,3,38,0,42
02:12,02:12:00,38,42,-4,1,2,REGULAR,104,F. WHITE JR,1,assist,357,356,[],,0,35,Fabian,White Jr,Fabian,White Jr,F,W,F,W,F. White Jr,GALATASARAY MCT TECHNIC,GSM,F. White Jr,35,,,,,,ASS,,GALATASARAY MCT TECHNIC F. WHITE JR assist,,,,,,,,,0,97,1.0,,0,38,0,42
01:54,01:54:00,38,42,-4,2,2,REGULAR,94,W. BALDWIN IV,1,foul,359,,[],offensive,0,2,Wade M,Baldwin Iv,Wade M,Baldwin Iv,W,B,W,B,W. Baldwin Iv,FENERBAHÇE BEKO,FBB,W. Baldwin Iv,2,,,,,,RFOUL,,FENERBAHÇE BEKO W. BALDWIN IV foul offensive,,,,,,,,,0,97,1.0,offensive_foul,0,38,0,42
01:54,01:54:00,38,42,-4,2,2,REGULAR,94,W. BALDWIN IV,1,turnover,360,359,[],offensive,0,2,Wade M,Baldwin Iv,Wade M,Baldwin Iv,W,B,W,B,W. Baldwin Iv,FENERBAHÇE BEKO,FBB,W. Baldwin Iv,2,,,,,,TO,,FENERBAHÇE BEKO W. BALDWIN IV turnover offensive,,,,,,,,,0,98,2.0,turnover,0,38,0,42
01:54,01:54:00,38,42,-4,1,2,REGULAR,108,C. BISHOP,1,foulon,361,359,[],,0,13,Christian,Bishop,Christian,Bishop,C,B,C,B,C. Bishop,GALATASARAY MCT TECHNIC,GSM,C. Bishop,13,,,,,,OTHER,,GALATASARAY MCT TECHNIC foulon,,,,,,,,,0,99,1.0,,0,38,0,42
01:54,01:54:00,38,42,-4,2,2,REGULAR,94,W. BALDWIN IV,1,substitution,362,,[],out,0,2,Wade M,Baldwin Iv,Wade M,Baldwin Iv,W,B,W,B,W. Baldwin Iv,FENERBAHÇE BEKO,FBB,W. Baldwin Iv,2,,,,,,SUB,out,FENERBAHÇE BEKO substitution out,,,,,,,,,0,99,1.0,,0,38,0,42
01:54,01:54:00,38,42,-4,2,2,REGULAR,76,M. MAHMUTOGLU,1,substitution,363,,[],in,0,10,Melih,Mahmutoglu,Melih,Mahmutoglu,M,M,M,M,M. Mahmutoglu,FENERBAHÇE BEKO,FBB,M. Mahmutoglu,10,,,,,,SUB,in,FENERBAHÇE BEKO substitution in,,,,,,,,,0,99,1.0,,0,38,0,42
01:44,01:44:00,38,42,-4,2,2,REGULAR,89,O. BITIM,1,foul,368,,['2freethrow'],personal,0,17,Onuralp,Bitim,Onuralp,Bitim,O,B,O,B,O. Bitim,FENERBAHÇE BEKO,FBB,O. Bitim,17,,,,,,FOUL,,FENERBAHÇE BEKO O. BITIM foul personal,,,,,,,,,0,99,1.0,,0,38,0,42
01:44,01:44:00,38,42,-4,1,2,REGULAR,103,J. PALMER JR,1,foulon,369,368,[],,0,12,James Alfred,Palmer Jr,James Alfred,Palmer Jr,J,P,J,P,J. Palmer Jr,GALATASARAY MCT TECHNIC,GSM,J. Palmer Jr,12,,,,,,OTHER,,GALATASARAY MCT TECHNIC foulon,,,,,,,,,0,99,1.0,,0,38,0,42
01:44,01:44:00,38,42,-4,1,2,REGULAR,103,J. PALMER JR,0,freethrow,370,,['fromturnover'],1of2,1,12,James Alfred,Palmer Jr,James Alfred,Palmer Jr,J,P,J,P,J. Palmer Jr,GALATASARAY MCT TECHNIC,GSM,J. Palmer Jr,12,,,,,,FT,missed,GALATASARAY MCT TECHNIC J. PALMER JR FT 1of2 missed,,,,,,,,,0,99,1.0,def_reb,0,38,0,42
01:44,01:44:00,38,42,-4,1,2,REGULAR,0,,1,rebound,371,370,[],offensivedeadball,0,,,,,,,,,,,GALATASARAY MCT TECHNIC,GSM,,,,,,,,TREB,,GALATASARAY MCT TECHNIC team rebound offensivedeadball,,,,,,,,,0,100,2.0,def_reb,0,38,0,42
01:44,01:44:00,38,42,-4,1,2,REGULAR,103,J. PALMER JR,0,freethrow,372,,['fromturnover'],2of2,1,12,James Alfred,Palmer Jr,James Alfred,Palmer Jr,J,P,J,P,J. Palmer Jr,GALATASARAY MCT TECHNIC,GSM,J. Palmer Jr,12,,,,,,FT,missed,GALATASARAY MCT TECHNIC J. PALMER JR FT 2of2 missed,,,,,,,,,0,101,1.0,def_reb,0,38,0,42
01:44,01:44:00,38,42,-4,2,2,REGULAR,79,T. BIBEROVIÇ,1,rebound,374,372,[],defensive,0,13,Tarik,Biberoviç,Tarik,Biberoviç,T,B,T,B,T. Biberoviç,FENERBAHÇE BEKO,FBB,T. Biberoviç,13,,,,,,REB,,FENERBAHÇE BEKO rebound defensive,,,,,,,,,0,102,2.0,def_reb,0,38,0,42
01:21,01:21:00,38,42,-4,2,2,REGULAR,95,D. HALL,0,3pt,375,,[],stepbackjumpshot,1,20,Devon Howard,Hall,Devon Howard,Hall,D,H,D,H,D. Hall,FENERBAHÇE BEKO,FBB,D. Hall,20,,,66.959999084473,41.069999694824,0.0,P3,missed,FENERBAHÇE BEKO D. HALL 3Pt missed,,,,,,,,,0,103,1.0,,0,38,0,42
01:17,01:17:00,38,42,-4,2,2,REGULAR,92,N. MELLI,1,rebound,376,375,[],offensive,0,4,Nicolo,Melli,Nicolo,Melli,N,M,N,M,N. Melli,FENERBAHÇE BEKO,FBB,N. Melli,4,,,,,,REB,,FENERBAHÇE BEKO rebound offensive,,,,,,,,,0,103,1.0,,0,38,0,42
01:11,01:11:00,38,42,-4,2,2,REGULAR,95,D. HALL,1,turnover,380,,[],outofbounds,0,20,Devon Howard,Hall,Devon Howard,Hall,D,H,D,H,D. Hall,FENERBAHÇE BEKO,FBB,D. Hall,20,,,,,,TO,,FENERBAHÇE BEKO D. HALL turnover outofbounds,,,,,,,,,0,103,1.0,turnover,0,38,0,42
01:10,01:10:00,38,42,-4,1,2,REGULAR,0,,1,timeout,381,,[],full,0,,,,,,,,,,,GALATASARAY MCT TECHNIC,GSM,,,,,,,,TIMEOUT,,GALATASARAY MCT TECHNIC timeout,,,,,,,,,0,104,2.0,,0,38,0,42
01:10,01:10:00,38,42,-4,1,2,REGULAR,101,T. GÖRENER,1,substitution,382,,[],out,0,5,Tibet Deniz,Görener,Tibet Deniz,Görener,T,G,T,G,T. Görener,GALATASARAY MCT TECHNIC,GSM,T. Görener,5,,,,,,SUB,out,GALATASARAY MCT TECHNIC substitution out,,,,,,,,,0,104,2.0,,0,38,0,42
01:10,01:10:00,38,42,-4,1,2,REGULAR,38,A. TUNCER,1,substitution,383,,[],in,0,19,Ahmet Bugrahan,Tuncer,Ahmet Bugrahan,Tuncer,A,T,A,T,A. Tuncer,GALATASARAY MCT TECHNIC,GSM,A. Tuncer,19,,,,,,SUB,in,GALATASARAY MCT TECHNIC substitution in,,,,,,,,,0,104,2.0,,0,38,0,42
01:10,01:10:00,38,42,-4,2,2,REGULAR,89,O. BITIM,1,substitution,384,,[],out,0,17,Onuralp,Bitim,Onuralp,Bitim,O,B,O,B,O. Bitim,FENERBAHÇE BEKO,FBB,O. Bitim,17,,,,,,SUB,out,FENERBAHÇE BEKO substitution out,,,,,,,,,0,104,2.0,,0,38,0,42
01:10,01:10:00,38,42,-4,2,2,REGULAR,77,J. BIRSEN,1,substitution,385,,[],in,0,1,James Metecan,Birsen,James Metecan,Birsen,J,B,J,B,J. Birsen,FENERBAHÇE BEKO,FBB,J. Birsen,1,,,,,,SUB,in,FENERBAHÇE BEKO substitution in,,,,,,,,,0,104,2.0,,0,38,0,42
01:00,01:00:00,40,42,-2,1,2,REGULAR,104,F. WHITE JR,1,2pt,387,,"['fromturnover', 'pointsinthepaint']",layup,1,35,Fabian,White Jr,Fabian,White Jr,F,W,F,W,F. White Jr,GALATASARAY MCT TECHNIC,GSM,F. White Jr,35,,,4.5599999427795,53.790000915527,1.0,P2,made,GALATASARAY MCT TECHNIC F. WHITE JR 2Pt made,109.0,1.0,W. CUMMINGS,,,,,,2,104,2.0,score,2,40,0,42
01:00,01:00:00,40,42,-2,1,2,REGULAR,109,W. CUMMINGS,1,assist,388,387,[],,0,7,William,Cummings,William,Cummings,W,C,W,C,W. Cummings,GALATASARAY MCT TECHNIC,GSM,W. Cummings,7,,,,,,ASS,,GALATASARAY MCT TECHNIC W. CUMMINGS assist,,,,,,,,,0,105,1.0,,0,40,0,42
00:48,00:48:40,40,42,-2,2,2,REGULAR,77,J. BIRSEN,0,2pt,389,,['pointsinthepaint'],layup,1,1,James Metecan,Birsen,James Metecan,Birsen,J,B,J,B,J. Birsen,FENERBAHÇE BEKO,FBB,J. Birsen,1,,,89.419998168945,48.700000762939,0.0,P2,missed,FENERBAHÇE BEKO J. BIRSEN 2Pt missed,,,,,,,,,0,105,1.0,,0,40,0,42
00:43,00:43:80,40,42,-2,2,2,REGULAR,92,N. MELLI,1,rebound,390,389,[],offensive,0,4,Nicolo,Melli,Nicolo,Melli,N,M,N,M,N. Melli,FENERBAHÇE BEKO,FBB,N. Melli,4,,,,,,REB,,FENERBAHÇE BEKO rebound offensive,,,,,,,,,0,105,1.0,,0,40,0,42
00:43,00:43:80,40,42,-2,2,2,REGULAR,92,N. MELLI,0,2pt,391,,"['2ndchance', 'pointsinthepaint']",tipinlayup,1,4,Nicolo,Melli,Nicolo,Melli,N,M,N,M,N. Melli,FENERBAHÇE BEKO,FBB,N. Melli,4,,,94.0,50.0,0.0,P2,missed,FENERBAHÇE BEKO N. MELLI 2Pt missed,,,,,,,,,0,105,1.0,def_reb,0,40,0,42
00:43,00:43:20,40,42,-2,1,2,REGULAR,104,F. WHITE JR,1,rebound,392,391,[],defensive,0,35,Fabian,White Jr,Fabian,White Jr,F,W,F,W,F. White Jr,GALATASARAY MCT TECHNIC,GSM,F. White Jr,35,,,,,,REB,,GALATASARAY MCT TECHNIC rebound defensive,,,,,,,,,0,106,2.0,def_reb,0,40,0,42
00:41,00:41:60,42,42,0,1,2,REGULAR,109,W. CUMMINGS,1,2pt,393,,"['pointsinthepaint', 'fastbreak']",layup,1,7,William,Cummings,William,Cummings,W,C,W,C,W. Cummings,GALATASARAY MCT TECHNIC,GSM,W. Cummings,7,,,6.4299998283386,59.439998626709,1.0,P2,made,GALATASARAY MCT TECHNIC W. CUMMINGS 2Pt made,,,,,,,,,2,107,1.0,score,2,42,0,42
00:23,00:23:10,42,42,0,1,2,REGULAR,104,F. WHITE JR,1,foul,401,,"['shooting', '2freethrow']",personal,0,35,Fabian,White Jr,Fabian,White Jr,F,W,F,W,F. White Jr,GALATASARAY MCT TECHNIC,GSM,F. White Jr,35,,,,,,FOUL,,GALATASARAY MCT TECHNIC F. WHITE JR foul personal,,,,,,,,,0,108,2.0,,0,42,0,42
00:23,00:23:10,42,42,0,2,2,REGULAR,77,J. BIRSEN,1,foulon,402,401,[],,0,1,James Metecan,Birsen,James Metecan,Birsen,J,B,J,B,J. Birsen,FENERBAHÇE BEKO,FBB,J. Birsen,1,,,,,,OTHER,,FENERBAHÇE BEKO foulon,,,,,,,,,0,108,2.0,,0,42,0,42
00:23,00:23:10,42,42,0,1,2,REGULAR,0,,1,timeout,403,,[],full,0,,,,,,,,,,,GALATASARAY MCT TECHNIC,GSM,,,,,,,,TIMEOUT,,GALATASARAY MCT TECHNIC timeout,,,,,,,,,0,108,2.0,,0,42,0,42
00:23,00:23:10,42,42,0,1,2,REGULAR,108,C. BISHOP,1,substitution,404,,[],out,0,13,Christian,Bishop,Christian,Bishop,C,B,C,B,C. Bishop,GALATASARAY MCT TECHNIC,GSM,C. Bishop,13,,,,,,SUB,out,GALATASARAY MCT TECHNIC substitution out,,,,,,,,,0,108,2.0,,0,42,0,42
00:23,00:23:10,42,42,0,1,2,REGULAR,99,M. YASAR,1,substitution,405,,[],in,0,77,Muhsin,Yasar,Muhsin,Yasar,M,Y,M,Y,M. Yasar,GALATASARAY MCT TECHNIC,GSM,M. Yasar,77,,,,,,SUB,in,GALATASARAY MCT TECHNIC substitution in,,,,,,,,,0,108,2.0,,0,42,0,42
00:23,00:23:10,42,42,0,2,2,REGULAR,76,M. MAHMUTOGLU,1,substitution,406,,[],out,0,10,Melih,Mahmutoglu,Melih,Mahmutoglu,M,M,M,M,M. Mahmutoglu,FENERBAHÇE BEKO,FBB,M. Mahmutoglu,10,,,,,,SUB,out,FENERBAHÇE BEKO substitution out,,,,,,,,,0,108,2.0,,0,42,0,42
00:23,00:23:10,42,42,0,2,2,REGULAR,89,O. BITIM,1,substitution,407,,[],in,0,17,Onuralp,Bitim,Onuralp,Bitim,O,B,O,B,O. Bitim,FENERBAHÇE BEKO,FBB,O. Bitim,17,,,,,,SUB,in,FENERBAHÇE BEKO substitution in,,,,,,,,,0,108,2.0,,0,42,0,42
00:23,00:23:10,42,43,-1,2,2,REGULAR,77,J. BIRSEN,1,freethrow,408,,[],1of2,1,1,James Metecan,Birsen,James Metecan,Birsen,J,B,J,B,J. Birsen,FENERBAHÇE BEKO,FBB,J. Birsen,1,,,,,,FT,made,FENERBAHÇE BEKO J. BIRSEN FT 1of2 made,,,,,,,,,1,108,2.0,made_ft,0,42,1,43
00:23,00:23:10,42,44,-2,2,2,REGULAR,77,J. BIRSEN,1,freethrow,409,,[],2of2,1,1,James Metecan,Birsen,James Metecan,Birsen,J,B,J,B,J. Birsen,FENERBAHÇE BEKO,FBB,J. Birsen,1,,,,,,FT,made,FENERBAHÇE BEKO J. BIRSEN FT 2of2 made,,,,,,,,,1,109,1.0,made_ft_last,0,42,1,44
00:03,00:03:40,42,44,-2,1,2,REGULAR,104,F. WHITE JR,0,3pt,415,,[],jumpshot,1,35,Fabian,White Jr,Fabian,White Jr,F,W,F,W,F. White Jr,GALATASARAY MCT TECHNIC,GSM,F. White Jr,35,,,20.0,10.0,0.0,P3,missed,GALATASARAY MCT TECHNIC F. WHITE JR 3Pt missed,,,,,,,,,0,110,2.0,def_reb,0,42,0,44
00:02,00:02:50,42,44,-2,2,2,REGULAR,89,O. BITIM,1,rebound,417,415,[],defensive,0,17,Onuralp,Bitim,Onuralp,Bitim,O,B,O,B,O. Bitim,FENERBAHÇE BEKO,FBB,O. Bitim,17,,,,,,REB,,FENERBAHÇE BEKO rebound defensive,,,,,,,,,0,111,1.0,def_reb,0,42,0,44
00:01,00:01:20,42,44,-2,2,2,REGULAR,89,O. BITIM,0,3pt,421,,[],jumpshot,1,17,Onuralp,Bitim,Onuralp,Bitim,O,B,O,B,O. Bitim,FENERBAHÇE BEKO,FBB,O. Bitim,17,,,31.229999542236,90.51000213623,0.0,P3,missed,FENERBAHÇE BEKO O. BITIM 3Pt missed,,,,,,,,,0,112,2.0,,0,42,0,44
00:00,00:00:00,42,44,-2,0,2,REGULAR,0,,1,period,423,,['confirmed'],end,0,,,,,,,,,,,,,,,,,,,,OTHER,,period end,,,,,,,,,0,112,2.0,,0,42,0,44
10:00,10:00:00,42,44,-2,1,3,REGULAR,38,A. TUNCER,1,substitution,424,,[],out,0,19,Ahmet Bugrahan,Tuncer,Ahmet Bugrahan,Tuncer,A,T,A,T,A. Tuncer,GALATASARAY MCT TECHNIC,GSM,A. Tuncer,19,,,,,,SUB,out,GALATASARAY MCT TECHNIC substitution out,,,,,,,,,0,112,2.0,,0,42,0,44
10:00,10:00:00,42,44,-2,1,3,REGULAR,99,M. YASAR,1,substitution,425,,[],out,0,77,Muhsin,Yasar,Muhsin,Yasar,M,Y,M,Y,M. Yasar,GALATASARAY MCT TECHNIC,GSM,M. Yasar,77,,,,,,SUB,out,GALATASARAY MCT TECHNIC substitution out,,,,,,,,,0,112,2.0,,0,42,0,44
10:00,10:00:00,42,44,-2,1,3,REGULAR,70,R. ÖNCEL,1,substitution,426,,[],in,0,10,Ridvan,Öncel,Ridvan,Öncel,R,Ö,R,Ö,R. Öncel,GALATASARAY MCT TECHNIC,GSM,R. Öncel,10,,,,,,SUB,in,GALATASARAY MCT TECHNIC substitution in,,,,,,,,,0,112,2.0,,0,42,0,44
10:00,10:00:00,42,44,-2,1,3,REGULAR,105,F. GILLESPIE ,1,substitution,427,,[],in,0,33,Frederick ,Gillespie ,Frederick ,Gillespie ,F,G,F,G,F. Gillespie ,GALATASARAY MCT TECHNIC,GSM,F. Gillespie ,33,,,,,,SUB,in,GALATASARAY MCT TECHNIC substitution in,,,,,,,,,0,112,2.0,,0,42,0,44
10:00,10:00:00,42,44,-2,2,3,REGULAR,77,J. BIRSEN,1,substitution,428,,[],out,0,1,James Metecan,Birsen,James Metecan,Birsen,J,B,J,B,J. Birsen,FENERBAHÇE BEKO,FBB,J. Birsen,1,,,,,,SUB,out,FENERBAHÇE BEKO substitution out,,,,,,,,,0,112,2.0,,0,42,0,44
10:00,10:00:00,42,44,-2,2,3,REGULAR,92,N. MELLI,1,substitution,429,,[],out,0,4,Nicolo,Melli,Nicolo,Melli,N,M,N,M,N. Melli,FENERBAHÇE BEKO,FBB,N. Melli,4,,,,,,SUB,out,FENERBAHÇE BEKO substitution out,,,,,,,,,0,112,2.0,,0,42,0,44
10:00,10:00:00,42,44,-2,2,3,REGULAR,89,O. BITIM,1,substitution,430,,[],out,0,17,Onuralp,Bitim,Onuralp,Bitim,O,B,O,B,O. Bitim,FENERBAHÇE BEKO,FBB,O. Bitim,17,,,,,,SUB,out,FENERBAHÇE BEKO substitution out,,,,,,,,,0,112,2.0,,0,42,0,44
10:00,10:00:00,42,44,-2,2,3,REGULAR,99,A. BACOT JR,1,substitution,431,,[],in,0,00,Armando,Bacot Jr,Armando,Bacot Jr,A,B,A,B,A. Bacot Jr,FENERBAHÇE BEKO,FBB,A. Bacot Jr,00,,,,,,SUB,in,FENERBAHÇE BEKO substitution in,,,,,,,,,0,112,2.0,,0,42,0,44
10:00,10:00:00,42,44,-2,2,3,REGULAR,76,M. MAHMUTOGLU,1,substitution,432,,[],in,0,10,Melih,Mahmutoglu,Melih,Mahmutoglu,M,M,M,M,M. Mahmutoglu,FENERBAHÇE BEKO,FBB,M. Mahmutoglu,10,,,,,,SUB,in,FENERBAHÇE BEKO substitution in,,,,,,,,,0,112,2.0,,0,42,0,44
10:00,10:00:00,42,44,-2,2,3,REGULAR,98,M. JANTUNEN,1,substitution,433,,[],in,0,18,Mikael,Jantunen,Mikael,Jantunen,M,J,M,J,M. Jantunen,FENERBAHÇE BEKO,FBB,M. Jantunen,18,,,,,,SUB,in,FENERBAHÇE BEKO substitution in,,,,,,,,,0,112,2.0,,0,42,0,44
10:00,10:00:00,42,44,-2,0,3,REGULAR,0,,1,period,434,,[],start,0,,,,,,,,,,,,,,,,,,,,OTHER,,period start,,,,,,,,,0,112,2.0,,0,42,0,44
09:49,09:49:00,42,44,-2,1,3,REGULAR,103,J. PALMER JR,1,turnover,436,,[],badpass,0,12,James Alfred,Palmer Jr,James Alfred,Palmer Jr,J,P,J,P,J. Palmer Jr,GALATASARAY MCT TECHNIC,GSM,J. Palmer Jr,12,,,,,,TO,,GALATASARAY MCT TECHNIC J. PALMER JR turnover badpass,,,,,,,,,0,112,2.0,turnover,0,42,0,44
09:49,09:49:00,42,44,-2,2,3,REGULAR,98,M. JANTUNEN,1,steal,437,436,[],,0,18,Mikael,Jantunen,Mikael,Jantunen,M,J,M,J,M. Jantunen,FENERBAHÇE BEKO,FBB,M. Jantunen,18,,,,,,ST,,FENERBAHÇE BEKO M. JANTUNEN steal,,,,,,,,,0,113,1.0,,0,42,0,44
09:36,09:36:00,42,44,-2,2,3,REGULAR,99,A. BACOT JR,1,turnover,438,,[],ballhandling,0,00,Armando,Bacot Jr,Armando,Bacot Jr,A,B,A,B,A. Bacot Jr,FENERBAHÇE BEKO,FBB,A. Bacot Jr,00,,,,,,TO,,FENERBAHÇE BEKO A. BACOT JR turnover ballhandling,,,,,,,,,0,113,1.0,turnover,0,42,0,44
09:36,09:36:00,42,44,-2,1,3,REGULAR,105,F. GILLESPIE ,1,steal,439,438,[],,0,33,Frederick ,Gillespie ,Frederick ,Gillespie ,F,G,F,G,F. Gillespie ,GALATASARAY MCT TECHNIC,GSM,F. Gillespie ,33,,,,,,ST,,GALATASARAY MCT TECHNIC F. GILLESPIE  steal,,,,,,,,,0,114,2.0,,0,42,0,44
09:23,09:23:00,42,44,-2,1,3,REGULAR,109,W. CUMMINGS,0,2pt,440,,"['fromturnover', 'pointsinthepaint']",layup,1,7,William,Cummings,William,Cummings,W,C,W,C,W. Cummings,GALATASARAY MCT TECHNIC,GSM,W. Cummings,7,,,91.919998168945,50.110000610352,0.0,P2,missed,GALATASARAY MCT TECHNIC W. CUMMINGS 2Pt missed,,,,,,,,,0,114,2.0,,0,42,0,44
09:19,09:19:00,42,44,-2,1,3,REGULAR,105,F. GILLESPIE ,1,rebound,441,440,[],offensive,0,33,Frederick ,Gillespie ,Frederick ,Gillespie ,F,G,F,G,F. Gillespie ,GALATASARAY MCT TECHNIC,GSM,F. Gillespie ,33,,,,,,REB,,GALATASARAY MCT TECHNIC rebound offensive,,,,,,,,,0,114,2.0,,0,42,0,44
09:19,09:19:00,42,44,-2,1,3,REGULAR,105,F. GILLESPIE ,0,2pt,442,,"['2ndchance', 'fromturnover', 'pointsinthepaint']",tipinlayup,1,33,Frederick ,Gillespie ,Frederick ,Gillespie ,F,G,F,G,F. Gillespie ,GALATASARAY MCT TECHNIC,GSM,F. Gillespie ,33,,,94.0,50.0,0.0,P2,missed,GALATASARAY MCT TECHNIC F. GILLESPIE  2Pt missed,,,,,,,,,0,114,2.0,,0,42,0,44
09:18,09:18:00,42,44,-2,1,3,REGULAR,70,R. ÖNCEL,1,rebound,443,442,[],offensive,0,10,Ridvan,Öncel,Ridvan,Öncel,R,Ö,R,Ö,R. Öncel,GALATASARAY MCT TECHNIC,GSM,R. Öncel,10,,,,,,REB,,GALATASARAY MCT TECHNIC rebound offensive,,,,,,,,,0,114,2.0,,0,42,0,44
09:13,09:13:00,42,44,-2,1,3,REGULAR,103,J. PALMER JR,1,turnover,446,,[],travel,0,12,James Alfred,Palmer Jr,James Alfred,Palmer Jr,J,P,J,P,J. Palmer Jr,GALATASARAY MCT TECHNIC,GSM,J. Palmer Jr,12,,,,,,TO,,GALATASARAY MCT TECHNIC J. PALMER JR turnover travel,,,,,,,,,0,114,2.0,turnover,0,42,0,44
08:57,08:57:00,42,46,-4,2,3,REGULAR,98,M. JANTUNEN,1,2pt,448,,"['fromturnover', 'pointsinthepaint']",layup,1,18,Mikael,Jantunen,Mikael,Jantunen,M,J,M,J,M. Jantunen,FENERBAHÇE BEKO,FBB,M. Jantunen,18,,,7.3600001335144,51.810001373291,1.0,P2,made,FENERBAHÇE BEKO M. JANTUNEN 2Pt made,79.0,2.0,T. BIBEROVIÇ,,,,,,2,115,1.0,score,0,42,2,46
08:57,08:57:00,42,46,-4,2,3,REGULAR,79,T. BIBEROVIÇ,1,assist,449,448,[],,0,13,Tarik,Biberoviç,Tarik,Biberoviç,T,B,T,B,T. Biberoviç,FENERBAHÇE BEKO,FBB,T. Biberoviç,13,,,,,,ASS,,FENERBAHÇE BEKO T. BIBEROVIÇ assist,,,,,,,,,0,116,2.0,,0,42,0,46
08:32,08:32:00,42,46,-4,2,3,REGULAR,99,A. BACOT JR,1,foul,451,,[],personal,0,00,Armando,Bacot Jr,Armando,Bacot Jr,A,B,A,B,A. Bacot Jr,FENERBAHÇE BEKO,FBB,A. Bacot Jr,00,,,,,,FOUL,,FENERBAHÇE BEKO A. BACOT JR foul personal,,,,,,,,,0,116,2.0,,0,42,0,46
08:32,08:32:00,42,46,-4,1,3,REGULAR,105,F. GILLESPIE ,1,foulon,452,451,[],,0,33,Frederick ,Gillespie ,Frederick ,Gillespie ,F,G,F,G,F. Gillespie ,GALATASARAY MCT TECHNIC,GSM,F. Gillespie ,33,,,,,,OTHER,,GALATASARAY MCT TECHNIC foulon,,,,,,,,,0,116,2.0,,0,42,0,46
08:26,08:26:00,42,46,-4,1,3,REGULAR,70,R. ÖNCEL,0,2pt,454,,"['pointsinthepaint', 'blocked']",layup,1,10,Ridvan,Öncel,Ridvan,Öncel,R,Ö,R,Ö,R. Öncel,GALATASARAY MCT TECHNIC,GSM,R. Öncel,10,,,92.849998474121,54.919998168945,0.0,P2,missed,GALATASARAY MCT TECHNIC R. ÖNCEL 2Pt missed,,,,99.0,2.0,A. BACOT JR,,,0,116,2.0,,0,42,0,46
08:26,08:26:00,42,46,-4,2,3,REGULAR,99,A. BACOT JR,1,block,455,454,[],,0,00,Armando,Bacot Jr,Armando,Bacot Jr,A,B,A,B,A. Bacot Jr,FENERBAHÇE BEKO,FBB,A. Bacot Jr,00,,,,,,BS,,FENERBAHÇE BEKO A. BACOT JR block,,,,,,,,,0,116,2.0,,0,42,0,46
08:22,08:22:00,42,46,-4,1,3,REGULAR,70,R. ÖNCEL,1,rebound,456,454,[],offensive,0,10,Ridvan,Öncel,Ridvan,Öncel,R,Ö,R,Ö,R. Öncel,GALATASARAY MCT TECHNIC,GSM,R. Öncel,10,,,,,,REB,,GALATASARAY MCT TECHNIC rebound offensive,,,,,,,,,0,116,2.0,,0,42,0,46
08:18,08:18:00,42,46,-4,1,3,REGULAR,103,J. PALMER JR,0,2pt,457,,['2ndchance'],jumpshot,1,12,James Alfred,Palmer Jr,James Alfred,Palmer Jr,J,P,J,P,J. Palmer Jr,GALATASARAY MCT TECHNIC,GSM,J. Palmer Jr,12,,,78.5,22.430000305176,0.0,P2,missed,GALATASARAY MCT TECHNIC J. PALMER JR 2Pt missed,,,,,,,,,0,116,2.0,def_reb,0,42,0,46
08:16,08:16:00,42,46,-4,2,3,REGULAR,98,M. JANTUNEN,1,rebound,458,457,[],defensive,0,18,Mikael,Jantunen,Mikael,Jantunen,M,J,M,J,M. Jantunen,FENERBAHÇE BEKO,FBB,M. Jantunen,18,,,,,,REB,,FENERBAHÇE BEKO rebound defensive,,,,,,,,,0,117,1.0,def_reb,0,42,0,46
07:56,07:56:00,42,46,-4,1,3,REGULAR,70,R. ÖNCEL,1,foul,460,,[],personal,0,10,Ridvan,Öncel,Ridvan,Öncel,R,Ö,R,Ö,R. Öncel,GALATASARAY MCT TECHNIC,GSM,R. Öncel,10,,,,,,FOUL,,GALATASARAY MCT TECHNIC R. ÖNCEL foul personal,,,,,,,,,0,118,2.0,,0,42,0,46
07:56,07:56:00,42,46,-4,2,3,REGULAR,99,A. BACOT JR,1,foulon,461,460,[],,0,00,Armando,Bacot Jr,Armando,Bacot Jr,A,B,A,B,A. Bacot Jr,FENERBAHÇE BEKO,FBB,A. Bacot Jr,00,,,,,,OTHER,,FENERBAHÇE BEKO foulon,,,,,,,,,0,118,2.0,,0,42,0,46
07:46,07:46:00,42,46,-4,2,3,REGULAR,95,D. HALL,1,turnover,463,,[],badpass,0,20,Devon Howard,Hall,Devon Howard,Hall,D,H,D,H,D. Hall,FENERBAHÇE BEKO,FBB,D. Hall,20,,,,,,TO,,FENERBAHÇE BEKO D. HALL turnover badpass,,,,,,,,,0,118,2.0,turnover,0,42,0,46
07:46,07:46:00,42,46,-4,1,3,REGULAR,105,F. GILLESPIE ,1,steal,464,463,[],,0,33,Frederick ,Gillespie ,Frederick ,Gillespie ,F,G,F,G,F. Gillespie ,GALATASARAY MCT TECHNIC,GSM,F. Gillespie ,33,,,,,,ST,,GALATASARAY MCT TECHNIC F. GILLESPIE  steal,,,,,,,,,0,119,1.0,,0,42,0,46
07:38,07:38:00,45,46,-1,1,3,REGULAR,109,W. CUMMINGS,1,3pt,465,,"['fromturnover', 'fastbreak']",jumpshot,1,7,William,Cummings,William,Cummings,W,C,W,C,W. Cummings,GALATASARAY MCT TECHNIC,GSM,W. Cummings,7,,,68.830001831055,40.790000915527,1.0,P3,made,GALATASARAY MCT TECHNIC W. CUMMINGS 3Pt made,103.0,1.0,J. PALMER JR,,,,,,3,119,1.0,score,3,45,0,46
07:38,07:38:00,45,46,-1,1,3,REGULAR,103,J. PALMER JR,1,assist,466,465,[],,0,12,James Alfred,Palmer Jr,James Alfred,Palmer Jr,J,P,J,P,J. Palmer Jr,GALATASARAY MCT TECHNIC,GSM,J. Palmer Jr,12,,,,,,ASS,,GALATASARAY MCT TECHNIC J. PALMER JR assist,,,,,,,,,0,120,2.0,,0,45,0,46
07:13,07:13:00,45,46,-1,2,3,REGULAR,95,D. HALL,0,2pt,467,,['pointsinthepaint'],jumpshot,1,20,Devon Howard,Hall,Devon Howard,Hall,D,H,D,H,D. Hall,FENERBAHÇE BEKO,FBB,D. Hall,20,,,11.420000076294,58.869998931885,0.0,P2,missed,FENERBAHÇE BEKO D. HALL 2Pt missed,,,,,,,,,0,120,2.0,def_reb,0,45,0,46
07:10,07:10:00,45,46,-1,1,3,REGULAR,105,F. GILLESPIE ,1,rebound,468,467,[],defensive,0,33,Frederick ,Gillespie ,Frederick ,Gillespie ,F,G,F,G,F. Gillespie ,GALATASARAY MCT TECHNIC,GSM,F. Gillespie ,33,,,,,,REB,,GALATASARAY MCT TECHNIC rebound defensive,,,,,,,,,0,121,1.0,def_reb,0,45,0,46
07:00,07:00:00,47,46,1,1,3,REGULAR,104,F. WHITE JR,1,2pt,470,,['pointsinthepaint'],floatingjumpshot,1,35,Fabian,White Jr,Fabian,White Jr,F,W,F,W,F. White Jr,GALATASARAY MCT TECHNIC,GSM,F. White Jr,35,,,85.050003051758,47.569999694824,1.0,P2,made,GALATASARAY MCT TECHNIC F. WHITE JR 2Pt made,,,,,,,,,2,122,2.0,score,2,47,0,46
07:00,07:00:00,47,46,1,2,3,REGULAR,98,M. JANTUNEN,1,foul,471,,"['shooting', '1freethrow']",personal,0,18,Mikael,Jantunen,Mikael,Jantunen,M,J,M,J,M. Jantunen,FENERBAHÇE BEKO,FBB,M. Jantunen,18,,,,,,FOUL,,FENERBAHÇE BEKO M. JANTUNEN foul personal,,,,,,,,,0,123,1.0,,0,47,0,46
07:00,07:00:00,47,46,1,1,3,REGULAR,104,F. WHITE JR,1,foulon,472,471,[],,0,35,Fabian,White Jr,Fabian,White Jr,F,W,F,W,F. White Jr,GALATASARAY MCT TECHNIC,GSM,F. White Jr,35,,,,,,OTHER,,GALATASARAY MCT TECHNIC foulon,,,,,,,,,0,123,1.0,,0,47,0,46
07:00,07:00:00,47,46,1,2,3,REGULAR,99,A. BACOT JR,1,substitution,473,,[],out,0,00,Armando,Bacot Jr,Armando,Bacot Jr,A,B,A,B,A. Bacot Jr,FENERBAHÇE BEKO,FBB,A. Bacot Jr,00,,,,,,SUB,out,FENERBAHÇE BEKO substitution out,,,,,,,,,0,123,1.0,,0,47,0,46
07:00,07:00:00,47,46,1,2,3,REGULAR,98,M. JANTUNEN,1,substitution,474,,[],out,0,18,Mikael,Jantunen,Mikael,Jantunen,M,J,M,J,M. Jantunen,FENERBAHÇE BEKO,FBB,M. Jantunen,18,,,,,,SUB,out,FENERBAHÇE BEKO substitution out,,,,,,,,,0,123,1.0,,0,47,0,46
07:00,07:00:00,47,46,1,2,3,REGULAR,77,J. BIRSEN,1,substitution,475,,[],in,0,1,James Metecan,Birsen,James Metecan,Birsen,J,B,J,B,J. Birsen,FENERBAHÇE BEKO,FBB,J. Birsen,1,,,,,,SUB,in,FENERBAHÇE BEKO substitution in,,,,,,,,,0,123,1.0,,0,47,0,46
07:00,07:00:00,47,46,1,2,3,REGULAR,92,N. MELLI,1,substitution,476,,[],in,0,4,Nicolo,Melli,Nicolo,Melli,N,M,N,M,N. Melli,FENERBAHÇE BEKO,FBB,N. Melli,4,,,,,,SUB,in,FENERBAHÇE BEKO substitution in,,,,,,,,,0,123,1.0,,0,47,0,46
07:00,07:00:00,47,46,1,1,3,REGULAR,104,F. WHITE JR,0,freethrow,477,,[],1of1,1,35,Fabian,White Jr,Fabian,White Jr,F,W,F,W,F. White Jr,GALATASARAY MCT TECHNIC,GSM,F. White Jr,35,,,,,,FT,missed,GALATASARAY MCT TECHNIC F. WHITE JR FT 1of1 missed,,,,,,,,,0,123,1.0,def_reb,0,47,0,46
07:00,07:00:00,47,46,1,2,3,REGULAR,77,J. BIRSEN,1,rebound,479,477,[],defensive,0,1,James Metecan,Birsen,James Metecan,Birsen,J,B,J,B,J. Birsen,FENERBAHÇE BEKO,FBB,J. Birsen,1,,,,,,REB,,FENERBAHÇE BEKO rebound defensive,,,,,,,,,0,124,2.0,def_reb,0,47,0,46
06:51,06:51:00,47,46,1,2,3,REGULAR,79,T. BIBEROVIÇ,0,3pt,480,,[],jumpshot,1,13,Tarik,Biberoviç,Tarik,Biberoviç,T,B,T,B,T. Biberoviç,FENERBAHÇE BEKO,FBB,T. Biberoviç,13,,,22.030000686646,10.560000419617,0.0,P3,missed,FENERBAHÇE BEKO T. BIBEROVIÇ 3Pt missed,,,,,,,,,0,125,1.0,def_reb,0,47,0,46
06:49,06:49:00,47,46,1,1,3,REGULAR,109,W. CUMMINGS,1,rebound,481,480,[],defensive,0,7,William,Cummings,William,Cummings,W,C,W,C,W. Cummings,GALATASARAY MCT TECHNIC,GSM,W. Cummings,7,,,,,,REB,,GALATASARAY MCT TECHNIC rebound defensive,,,,,,,,,0,126,2.0,def_reb,0,47,0,46
06:43,06:43:00,47,46,1,1,3,REGULAR,103,J. PALMER JR,0,3pt,482,,[],jumpshot,1,12,James Alfred,Palmer Jr,James Alfred,Palmer Jr,J,P,J,P,J. Palmer Jr,GALATASARAY MCT TECHNIC,GSM,J. Palmer Jr,12,,,67.269996643066,50.110000610352,0.0,P3,missed,GALATASARAY MCT TECHNIC J. PALMER JR 3Pt missed,,,,,,,,,0,127,1.0,def_reb,0,47,0,46
06:40,06:40:00,47,46,1,2,3,REGULAR,79,T. BIBEROVIÇ,1,rebound,483,482,[],defensive,0,13,Tarik,Biberoviç,Tarik,Biberoviç,T,B,T,B,T. Biberoviç,FENERBAHÇE BEKO,FBB,T. Biberoviç,13,,,,,,REB,,FENERBAHÇE BEKO rebound defensive,,,,,,,,,0,128,2.0,def_reb,0,47,0,46
06:31,06:31:00,47,48,-1,2,3,REGULAR,79,T. BIBEROVIÇ,1,2pt,484,,['pointsinthepaint'],floatingjumpshot,1,13,Tarik,Biberoviç,Tarik,Biberoviç,T,B,T,B,T. Biberoviç,FENERBAHÇE BEKO,FBB,T. Biberoviç,13,,,15.630000114441,57.180000305176,1.0,P2,made,FENERBAHÇE BEKO T. BIBEROVIÇ 2Pt made,,,,,,,,,2,129,1.0,score,0,47,2,48
06:04,06:04:00,47,48,-1,2,3,REGULAR,95,D. HALL,1,foul,488,,[],personal,0,20,Devon Howard,Hall,Devon Howard,Hall,D,H,D,H,D. Hall,FENERBAHÇE BEKO,FBB,D. Hall,20,,,,,,FOUL,,FENERBAHÇE BEKO D. HALL foul personal,,,,,,,,,0,130,2.0,,0,47,0,48
06:04,06:04:00,47,48,-1,1,3,REGULAR,109,W. CUMMINGS,1,foulon,489,488,[],,0,7,William,Cummings,William,Cummings,W,C,W,C,W. Cummings,GALATASARAY MCT TECHNIC,GSM,W. Cummings,7,,,,,,OTHER,,GALATASARAY MCT TECHNIC foulon,,,,,,,,,0,130,2.0,,0,47,0,48
06:02,06:02:00,47,48,-1,1,3,REGULAR,70,R. ÖNCEL,1,substitution,490,,[],out,0,10,Ridvan,Öncel,Ridvan,Öncel,R,Ö,R,Ö,R. Öncel,GALATASARAY MCT TECHNIC,GSM,R. Öncel,10,,,,,,SUB,out,GALATASARAY MCT TECHNIC substitution out,,,,,,,,,0,130,2.0,,0,47,0,48
06:02,06:02:00,47,48,-1,1,3,REGULAR,38,A. TUNCER,1,substitution,491,,[],in,0,19,Ahmet Bugrahan,Tuncer,Ahmet Bugrahan,Tuncer,A,T,A,T,A. Tuncer,GALATASARAY MCT TECHNIC,GSM,A. Tuncer,19,,,,,,SUB,in,GALATASARAY MCT TECHNIC substitution in,,,,,,,,,0,130,2.0,,0,47,0,48
06:02,06:02:00,47,48,-1,1,3,REGULAR,109,W. CUMMINGS,0,2pt,492,,['pointsinthepaint'],layup,1,7,William,Cummings,William,Cummings,W,C,W,C,W. Cummings,GALATASARAY MCT TECHNIC,GSM,W. Cummings,7,,,89.419998168945,56.049999237061,0.0,P2,missed,GALATASARAY MCT TECHNIC W. CUMMINGS 2Pt missed,,,,,,,,,0,130,2.0,def_reb,0,47,0,48
06:02,06:02:00,47,48,-1,2,3,REGULAR,92,N. MELLI,1,rebound,493,492,[],defensive,0,4,Nicolo,Melli,Nicolo,Melli,N,M,N,M,N. Melli,FENERBAHÇE BEKO,FBB,N. Melli,4,,,,,,REB,,FENERBAHÇE BEKO rebound defensive,,,,,,,,,0,131,1.0,def_reb,0,47,0,48
05:49,05:49:00,47,48,-1,2,3,REGULAR,95,D. HALL,0,3pt,494,,[],jumpshot,1,20,Devon Howard,Hall,Devon Howard,Hall,D,H,D,H,D. Hall,FENERBAHÇE BEKO,FBB,D. Hall,20,,,28.889999389648,26.10000038147,0.0,P3,missed,FENERBAHÇE BEKO D. HALL 3Pt missed,,,,,,,,,0,132,2.0,def_reb,0,47,0,48
05:49,05:49:00,47,48,-1,1,3,REGULAR,104,F. WHITE JR,1,rebound,495,494,[],defensive,0,35,Fabian,White Jr,Fabian,White Jr,F,W,F,W,F. White Jr,GALATASARAY MCT TECHNIC,GSM,F. White Jr,35,,,,,,REB,,GALATASARAY MCT TECHNIC rebound defensive,,,,,,,,,0,133,1.0,def_reb,0,47,0,48
05:38,05:38:00,47,48,-1,2,3,REGULAR,79,T. BIBEROVIÇ,1,foul,521,,[],personal,0,13,Tarik,Biberoviç,Tarik,Biberoviç,T,B,T,B,T. Biberoviç,FENERBAHÇE BEKO,FBB,T. Biberoviç,13,,,,,,FOUL,,FENERBAHÇE BEKO T. BIBEROVIÇ foul personal,,,,,,,,,0,134,2.0,,0,47,0,48
05:38,05:38:00,47,48,-1,1,3,REGULAR,105,F. GILLESPIE ,1,foulon,522,521,[],,0,33,Frederick ,Gillespie ,Frederick ,Gillespie ,F,G,F,G,F. Gillespie ,GALATASARAY MCT TECHNIC,GSM,F. Gillespie ,33,,,,,,OTHER,,GALATASARAY MCT TECHNIC foulon,,,,,,,,,0,134,2.0,,0,47,0,48
05:33,05:33:00,47,48,-1,2,3,REGULAR,76,M. MAHMUTOGLU,1,substitution,525,,[],out,0,10,Melih,Mahmutoglu,Melih,Mahmutoglu,M,M,M,M,M. Mahmutoglu,FENERBAHÇE BEKO,FBB,M. Mahmutoglu,10,,,,,,SUB,out,FENERBAHÇE BEKO substitution out,,,,,,,,,0,134,2.0,,0,47,0,48
05:33,05:33:00,47,48,-1,2,3,REGULAR,100,S. VILBEKIN,1,substitution,526,,[],in,0,3,Scott Jordan,Vilbekin,Scott Jordan,Vilbekin,S,V,S,V,S. Vilbekin,FENERBAHÇE BEKO,FBB,S. Vilbekin,3,,,,,,SUB,in,FENERBAHÇE BEKO substitution in,,,,,,,,,0,134,2.0,,0,47,0,48
05:21,05:21:00,47,48,-1,1,3,REGULAR,109,W. CUMMINGS,0,2pt,528,,['pointsinthepaint'],jumpshot,1,7,William,Cummings,William,Cummings,W,C,W,C,W. Cummings,GALATASARAY MCT TECHNIC,GSM,W. Cummings,7,,,83.029998779297,61.130001068115,0.0,P2,missed,GALATASARAY MCT TECHNIC W. CUMMINGS 2Pt missed,,,,,,,,,0,134,2.0,def_reb,0,47,0,48
05:19,05:19:00,47,48,-1,2,3,REGULAR,95,D. HALL,1,rebound,529,528,[],defensive,0,20,Devon Howard,Hall,Devon Howard,Hall,D,H,D,H,D. Hall,FENERBAHÇE BEKO,FBB,D. Hall,20,,,,,,REB,,FENERBAHÇE BEKO rebound defensive,,,,,,,,,0,135,1.0,def_reb,0,47,0,48
05:16,05:16:00,47,48,-1,2,3,REGULAR,95,D. HALL,1,turnover,532,,[],badpass,0,20,Devon Howard,Hall,Devon Howard,Hall,D,H,D,H,D. Hall,FENERBAHÇE BEKO,FBB,D. Hall,20,,,,,,TO,,FENERBAHÇE BEKO D. HALL turnover badpass,,,,,,,,,0,136,2.0,turnover,0,47,0,48
05:16,05:16:00,47,48,-1,2,3,REGULAR,95,D. HALL,1,substitution,533,,[],out,0,20,Devon Howard,Hall,Devon Howard,Hall,D,H,D,H,D. Hall,FENERBAHÇE BEKO,FBB,D. Hall,20,,,,,,SUB,out,FENERBAHÇE BEKO substitution out,,,,,,,,,0,137,1.0,,0,47,0,48
05:16,05:16:00,47,48,-1,2,3,REGULAR,94,W. BALDWIN IV,1,substitution,534,,[],in,0,2,Wade M,Baldwin Iv,Wade M,Baldwin Iv,W,B,W,B,W. Baldwin Iv,FENERBAHÇE BEKO,FBB,W. Baldwin Iv,2,,,,,,SUB,in,FENERBAHÇE BEKO substitution in,,,,,,,,,0,137,1.0,,0,47,0,48
05:03,05:03:00,47,48,-1,1,3,REGULAR,38,A. TUNCER,0,2pt,536,,"['fromturnover', 'pointsinthepaint']",layup,1,19,Ahmet Bugrahan,Tuncer,Ahmet Bugrahan,Tuncer,A,T,A,T,A. Tuncer,GALATASARAY MCT TECHNIC,GSM,A. Tuncer,19,,,96.910003662109,54.349998474121,0.0,P2,missed,GALATASARAY MCT TECHNIC A. TUNCER 2Pt missed,,,,,,,,,0,137,1.0,def_reb,0,47,0,48
05:02,05:02:00,47,48,-1,1,3,REGULAR,0,,1,rebound,538,536,['team'],offensive,0,,,,,,,,,,,GALATASARAY MCT TECHNIC,GSM,,,,,,,,TREB,,GALATASARAY MCT TECHNIC team rebound offensive,,,,,,,,,0,138,2.0,def_reb,0,47,0,48
05:02,05:02:00,49,48,1,1,3,REGULAR,103,J. PALMER JR,1,2pt,540,,"['2ndchance', 'fromturnover', 'pointsinthepaint']",layup,1,12,James Alfred,Palmer Jr,James Alfred,Palmer Jr,J,P,J,P,J. Palmer Jr,GALATASARAY MCT TECHNIC,GSM,J. Palmer Jr,12,,,92.540000915527,53.790000915527,1.0,P2,made,GALATASARAY MCT TECHNIC J. PALMER JR 2Pt made,38.0,1.0,A. TUNCER,,,,,,2,139,1.0,score,2,49,0,48
05:02,05:02:00,49,48,1,1,3,REGULAR,38,A. TUNCER,1,assist,541,540,[],,0,19,Ahmet Bugrahan,Tuncer,Ahmet Bugrahan,Tuncer,A,T,A,T,A. Tuncer,GALATASARAY MCT TECHNIC,GSM,A. Tuncer,19,,,,,,ASS,,GALATASARAY MCT TECHNIC A. TUNCER assist,,,,,,,,,0,140,2.0,,0,49,0,48
04:40,04:40:00,49,48,1,2,3,REGULAR,94,W. BALDWIN IV,0,2pt,542,,['pointsinthepaint'],fadeaway,1,2,Wade M,Baldwin Iv,Wade M,Baldwin Iv,W,B,W,B,W. Baldwin Iv,FENERBAHÇE BEKO,FBB,W. Baldwin Iv,2,,,18.60000038147,38.25,0.0,P2,missed,FENERBAHÇE BEKO W. BALDWIN IV 2Pt missed,,,,,,,,,0,140,2.0,,0,49,0,48
04:37,04:37:00,49,48,1,2,3,REGULAR,92,N. MELLI,1,rebound,543,542,[],offensive,0,4,Nicolo,Melli,Nicolo,Melli,N,M,N,M,N. Melli,FENERBAHÇE BEKO,FBB,N. Melli,4,,,,,,REB,,FENERBAHÇE BEKO rebound offensive,,,,,,,,,0,140,2.0,,0,49,0,48
04:33,04:33:00,49,48,1,1,3,REGULAR,103,J. PALMER JR,1,foul,547,,[],personal,0,12,James Alfred,Palmer Jr,James Alfred,Palmer Jr,J,P,J,P,J. Palmer Jr,GALATASARAY MCT TECHNIC,GSM,J. Palmer Jr,12,,,,,,FOUL,,GALATASARAY MCT TECHNIC J. PALMER JR foul personal,,,,,,,,,0,140,2.0,,0,49,0,48
04:33,04:33:00,49,48,1,2,3,REGULAR,92,N. MELLI,1,foulon,548,547,[],,0,4,Nicolo,Melli,Nicolo,Melli,N,M,N,M,N. Melli,FENERBAHÇE BEKO,FBB,N. Melli,4,,,,,,OTHER,,FENERBAHÇE BEKO foulon,,,,,,,,,0,140,2.0,,0,49,0,48
04:33,04:33:00,49,48,1,0,3,REGULAR,0,,1,timeout,549,,[],officials,0,,,,,,,,,,,,,,,,,,,,TIMEOUT,, timeout,,,,,,,,,0,140,2.0,,0,49,0,48
04:33,04:33:00,49,48,1,2,3,REGULAR,79,T. BIBEROVIÇ,1,substitution,550,,[],out,0,13,Tarik,Biberoviç,Tarik,Biberoviç,T,B,T,B,T. Biberoviç,FENERBAHÇE BEKO,FBB,T. Biberoviç,13,,,,,,SUB,out,FENERBAHÇE BEKO substitution out,,,,,,,,,0,140,2.0,,0,49,0,48
04:33,04:33:00,49,48,1,2,3,REGULAR,89,O. BITIM,1,substitution,551,,[],in,0,17,Onuralp,Bitim,Onuralp,Bitim,O,B,O,B,O. Bitim,FENERBAHÇE BEKO,FBB,O. Bitim,17,,,,,,SUB,in,FENERBAHÇE BEKO substitution in,,,,,,,,,0,140,2.0,,0,49,0,48
04:28,04:28:00,49,48,1,1,3,REGULAR,0,,1,foul,556,,[],coachTechnical,0,,,,,,,,,,,GALATASARAY MCT TECHNIC,GSM,,,,,,,,FOUL,,GALATASARAY MCT TECHNIC  foul coachtechnical,,,,,,,,,0,140,2.0,,0,49,0,48
04:28,04:28:00,49,49,0,2,3,REGULAR,100,S. VILBEKIN,1,freethrow,558,,['2ndchance'],1of1,1,3,Scott Jordan,Vilbekin,Scott Jordan,Vilbekin,S,V,S,V,S. Vilbekin,FENERBAHÇE BEKO,FBB,S. Vilbekin,3,,,,,,FT,made,FENERBAHÇE BEKO S. VILBEKIN FT 1of1 made,,,,,,,,,1,140,2.0,made_ft_last,0,49,1,49
04:21,04:21:00,49,49,0,2,3,REGULAR,94,W. BALDWIN IV,0,2pt,565,,[],jumpshot,1,2,Wade M,Baldwin Iv,Wade M,Baldwin Iv,W,B,W,B,W. Baldwin Iv,FENERBAHÇE BEKO,FBB,W. Baldwin Iv,2,,,13.140000343323,15.64999961853,0.0,P2,missed,FENERBAHÇE BEKO W. BALDWIN IV 2Pt missed,,,,,,,,,0,141,1.0,def_reb,0,49,0,49
04:19,04:19:00,49,49,0,1,3,REGULAR,38,A. TUNCER,1,rebound,568,565,[],defensive,0,19,Ahmet Bugrahan,Tuncer,Ahmet Bugrahan,Tuncer,A,T,A,T,A. Tuncer,GALATASARAY MCT TECHNIC,GSM,A. Tuncer,19,,,,,,REB,,GALATASARAY MCT TECHNIC rebound defensive,,,,,,,,,0,142,2.0,def_reb,0,49,0,49
04:17,04:17:00,49,49,0,2,3,REGULAR,92,N. MELLI,1,foul,573,,['2freethrow'],personal,0,4,Nicolo,Melli,Nicolo,Melli,N,M,N,M,N. Melli,FENERBAHÇE BEKO,FBB,N. Melli,4,,,,,,FOUL,,FENERBAHÇE BEKO N. MELLI foul personal,,,,,,,,,0,143,1.0,,0,49,0,49
04:17,04:17:00,49,49,0,1,3,REGULAR,38,A. TUNCER,1,foulon,574,573,[],,0,19,Ahmet Bugrahan,Tuncer,Ahmet Bugrahan,Tuncer,A,T,A,T,A. Tuncer,GALATASARAY MCT TECHNIC,GSM,A. Tuncer,19,,,,,,OTHER,,GALATASARAY MCT TECHNIC foulon,,,,,,,,,0,143,1.0,,0,49,0,49
04:14,04:14:00,50,49,1,1,3,REGULAR,38,A. TUNCER,1,freethrow,576,,[],1of2,1,19,Ahmet Bugrahan,Tuncer,Ahmet Bugrahan,Tuncer,A,T,A,T,A. Tuncer,GALATASARAY MCT TECHNIC,GSM,A. Tuncer,19,,,,,,FT,made,GALATASARAY MCT TECHNIC A. TUNCER FT 1of2 made,,,,,,,,,1,143,1.0,made_ft,1,50,0,49
04:14,04:14:00,51,49,2,1,3,REGULAR,38,A. TUNCER,1,freethrow,577,,[],2of2,1,19,Ahmet Bugrahan,Tuncer,Ahmet Bugrahan,Tuncer,A,T,A,T,A. Tuncer,GALATASARAY MCT TECHNIC,GSM,A. Tuncer,19,,,,,,FT,made,GALATASARAY MCT TECHNIC A. TUNCER FT 2of2 made,,,,,,,,,1,144,2.0,made_ft_last,1,51,0,49
04:02,04:02:00,51,49,2,1,3,REGULAR,109,W. CUMMINGS,1,foul,582,,"['shooting', '2freethrow']",personal,0,7,William,Cummings,William,Cummings,W,C,W,C,W. Cummings,GALATASARAY MCT TECHNIC,GSM,W. Cummings,7,,,,,,FOUL,,GALATASARAY MCT TECHNIC W. CUMMINGS foul personal,,,,,,,,,0,145,1.0,,0,51,0,49
04:02,04:02:00,51,49,2,2,3,REGULAR,89,O. BITIM,1,foulon,583,582,[],,0,17,Onuralp,Bitim,Onuralp,Bitim,O,B,O,B,O. Bitim,FENERBAHÇE BEKO,FBB,O. Bitim,17,,,,,,OTHER,,FENERBAHÇE BEKO foulon,,,,,,,,,0,145,1.0,,0,51,0,49
04:04,04:04:00,51,49,2,2,3,REGULAR,94,W. BALDWIN IV,1,substitution,584,,[],out,0,2,Wade M,Baldwin Iv,Wade M,Baldwin Iv,W,B,W,B,W. Baldwin Iv,FENERBAHÇE BEKO,FBB,W. Baldwin Iv,2,,,,,,SUB,out,FENERBAHÇE BEKO substitution out,,,,,,,,,0,145,1.0,,0,51,0,49
04:04,04:04:00,51,49,2,2,3,REGULAR,95,D. HALL,1,substitution,585,,[],in,0,20,Devon Howard,Hall,Devon Howard,Hall,D,H,D,H,D. Hall,FENERBAHÇE BEKO,FBB,D. Hall,20,,,,,,SUB,in,FENERBAHÇE BEKO substitution in,,,,,,,,,0,145,1.0,,0,51,0,49
04:02,04:02:00,51,49,2,2,3,REGULAR,95,D. HALL,0,freethrow,586,,[],1of2,1,20,Devon Howard,Hall,Devon Howard,Hall,D,H,D,H,D. Hall,FENERBAHÇE BEKO,FBB,D. Hall,20,,,,,,FT,missed,FENERBAHÇE BEKO D. HALL FT 1of2 missed,,,,,,,,,0,145,1.0,def_reb,0,51,0,49
04:02,04:02:00,51,49,2,2,3,REGULAR,0,,1,rebound,587,586,[],offensivedeadball,0,,,,,,,,,,,FENERBAHÇE BEKO,FBB,,,,,,,,TREB,,FENERBAHÇE BEKO team rebound offensivedeadball,,,,,,,,,0,146,2.0,def_reb,0,51,0,49
04:02,04:02:00,51,50,1,2,3,REGULAR,95,D. HALL,1,freethrow,588,,[],2of2,1,20,Devon Howard,Hall,Devon Howard,Hall,D,H,D,H,D. Hall,FENERBAHÇE BEKO,FBB,D. Hall,20,,,,,,FT,made,FENERBAHÇE BEKO D. HALL FT 2of2 made,,,,,,,,,1,147,1.0,made_ft_last,0,51,1,50
03:56,03:56:00,53,50,3,1,3,REGULAR,104,F. WHITE JR,1,2pt,590,,['pointsinthepaint'],layup,1,35,Fabian,White Jr,Fabian,White Jr,F,W,F,W,F. White Jr,GALATASARAY MCT TECHNIC,GSM,F. White Jr,35,,,89.269996643066,50.110000610352,1.0,P2,made,GALATASARAY MCT TECHNIC F. WHITE JR 2Pt made,109.0,1.0,W. CUMMINGS,,,,,,2,148,2.0,score,2,53,0,50
03:56,03:56:00,53,50,3,1,3,REGULAR,109,W. CUMMINGS,1,assist,591,590,[],,0,7,William,Cummings,William,Cummings,W,C,W,C,W. Cummings,GALATASARAY MCT TECHNIC,GSM,W. Cummings,7,,,,,,ASS,,GALATASARAY MCT TECHNIC W. CUMMINGS assist,,,,,,,,,0,149,1.0,,0,53,0,50
03:50,03:50:00,53,50,3,2,3,REGULAR,100,S. VILBEKIN,1,foul,593,,"['shooting', '1freethrow']",personal,0,3,Scott Jordan,Vilbekin,Scott Jordan,Vilbekin,S,V,S,V,S. Vilbekin,FENERBAHÇE BEKO,FBB,S. Vilbekin,3,,,,,,FOUL,,FENERBAHÇE BEKO S. VILBEKIN foul personal,,,,,,,,,0,149,1.0,,0,53,0,50
03:50,03:50:00,53,50,3,1,3,REGULAR,104,F. WHITE JR,1,foulon,594,593,[],,0,35,Fabian,White Jr,Fabian,White Jr,F,W,F,W,F. White Jr,GALATASARAY MCT TECHNIC,GSM,F. White Jr,35,,,,,,OTHER,,GALATASARAY MCT TECHNIC foulon,,,,,,,,,0,149,1.0,,0,53,0,50
03:50,03:50:00,53,50,3,2,3,REGULAR,77,J. BIRSEN,1,substitution,595,,[],out,0,1,James Metecan,Birsen,James Metecan,Birsen,J,B,J,B,J. Birsen,FENERBAHÇE BEKO,FBB,J. Birsen,1,,,,,,SUB,out,FENERBAHÇE BEKO substitution out,,,,,,,,,0,149,1.0,,0,53,0,50
03:50,03:50:00,53,50,3,2,3,REGULAR,98,M. JANTUNEN,1,substitution,596,,[],in,0,18,Mikael,Jantunen,Mikael,Jantunen,M,J,M,J,M. Jantunen,FENERBAHÇE BEKO,FBB,M. Jantunen,18,,,,,,SUB,in,FENERBAHÇE BEKO substitution in,,,,,,,,,0,149,1.0,,0,53,0,50
03:50,03:50:00,54,50,4,1,3,REGULAR,104,F. WHITE JR,1,freethrow,597,,[],1of1,1,35,Fabian,White Jr,Fabian,White Jr,F,W,F,W,F. White Jr,GALATASARAY MCT TECHNIC,GSM,F. White Jr,35,,,,,,FT,made,GALATASARAY MCT TECHNIC F. WHITE JR FT 1of1 made,,,,,,,,,1,149,1.0,made_ft_last,1,54,0,50
03:31,03:31:00,54,50,4,1,3,REGULAR,105,F. GILLESPIE ,1,foul,617,,[],personal,0,33,Frederick ,Gillespie ,Frederick ,Gillespie ,F,G,F,G,F. Gillespie ,GALATASARAY MCT TECHNIC,GSM,F. Gillespie ,33,,,,,,FOUL,,GALATASARAY MCT TECHNIC F. GILLESPIE  foul personal,,,,,,,,,0,150,2.0,,0,54,0,50
03:31,03:31:00,54,50,4,2,3,REGULAR,98,M. JANTUNEN,1,foulon,618,617,[],,0,18,Mikael,Jantunen,Mikael,Jantunen,M,J,M,J,M. Jantunen,FENERBAHÇE BEKO,FBB,M. Jantunen,18,,,,,,OTHER,,FENERBAHÇE BEKO foulon,,,,,,,,,0,150,2.0,,0,54,0,50
03:31,03:31:00,54,50,4,1,3,REGULAR,105,F. GILLESPIE ,1,substitution,619,,[],out,0,33,Frederick ,Gillespie ,Frederick ,Gillespie ,F,G,F,G,F. Gillespie ,GALATASARAY MCT TECHNIC,GSM,F. Gillespie ,33,,,,,,SUB,out,GALATASARAY MCT TECHNIC substitution out,,,,,,,,,0,150,2.0,,0,54,0,50
03:31,03:31:00,54,50,4,1,3,REGULAR,108,C. BISHOP,1,substitution,620,,[],in,0,13,Christian,Bishop,Christian,Bishop,C,B,C,B,C. Bishop,GALATASARAY MCT TECHNIC,GSM,C. Bishop,13,,,,,,SUB,in,GALATASARAY MCT TECHNIC substitution in,,,,,,,,,0,150,2.0,,0,54,0,50
03:26,03:26:00,54,52,2,2,3,REGULAR,92,N. MELLI,1,2pt,622,,[],jumpshot,1,4,Nicolo,Melli,Nicolo,Melli,N,M,N,M,N. Melli,FENERBAHÇE BEKO,FBB,N. Melli,4,,,22.030000686646,59.720001220703,1.0,P2,made,FENERBAHÇE BEKO N. MELLI 2Pt made,100.0,2.0,S. VILBEKIN,,,,,,2,150,2.0,score,0,54,2,52
03:26,03:26:00,54,52,2,2,3,REGULAR,100,S. VILBEKIN,1,assist,623,622,[],,0,3,Scott Jordan,Vilbekin,Scott Jordan,Vilbekin,S,V,S,V,S. Vilbekin,FENERBAHÇE BEKO,FBB,S. Vilbekin,3,,,,,,ASS,,FENERBAHÇE BEKO S. VILBEKIN assist,,,,,,,,,0,151,1.0,,0,54,0,52
03:02,03:02:00,54,52,2,1,3,REGULAR,38,A. TUNCER,0,2pt,624,,['pointsinthepaint'],jumpshot,1,19,Ahmet Bugrahan,Tuncer,Ahmet Bugrahan,Tuncer,A,T,A,T,A. Tuncer,GALATASARAY MCT TECHNIC,GSM,A. Tuncer,19,,,82.559997558594,53.5,0.0,P2,missed,GALATASARAY MCT TECHNIC A. TUNCER 2Pt missed,,,,,,,,,0,151,1.0,def_reb,0,54,0,52
03:00,03:00:00,54,52,2,2,3,REGULAR,89,O. BITIM,1,rebound,625,624,[],defensive,0,17,Onuralp,Bitim,Onuralp,Bitim,O,B,O,B,O. Bitim,FENERBAHÇE BEKO,FBB,O. Bitim,17,,,,,,REB,,FENERBAHÇE BEKO rebound defensive,,,,,,,,,0,152,2.0,def_reb,0,54,0,52
02:41,02:41:00,54,52,2,2,3,REGULAR,89,O. BITIM,0,3pt,628,,[],jumpshot,1,17,Onuralp,Bitim,Onuralp,Bitim,O,B,O,B,O. Bitim,FENERBAHÇE BEKO,FBB,O. Bitim,17,,,28.270000457764,78.360000610352,0.0,P3,missed,FENERBAHÇE BEKO O. BITIM 3Pt missed,,,,,,,,,0,153,1.0,,0,54,0,52
02:38,02:38:00,54,52,2,2,3,REGULAR,92,N. MELLI,1,rebound,632,628,[],offensive,0,4,Nicolo,Melli,Nicolo,Melli,N,M,N,M,N. Melli,FENERBAHÇE BEKO,FBB,N. Melli,4,,,,,,REB,,FENERBAHÇE BEKO rebound offensive,,,,,,,,,0,153,1.0,,0,54,0,52
02:38,02:38:00,54,52,2,2,3,REGULAR,100,S. VILBEKIN,1,substitution,633,,[],out,0,3,Scott Jordan,Vilbekin,Scott Jordan,Vilbekin,S,V,S,V,S. Vilbekin,FENERBAHÇE BEKO,FBB,S. Vilbekin,3,,,,,,SUB,out,FENERBAHÇE BEKO substitution out,,,,,,,,,0,153,1.0,,0,54,0,52
02:38,02:38:00,54,52,2,2,3,REGULAR,94,W. BALDWIN IV,1,substitution,634,,[],in,0,2,Wade M,Baldwin Iv,Wade M,Baldwin Iv,W,B,W,B,W. Baldwin Iv,FENERBAHÇE BEKO,FBB,W. Baldwin Iv,2,,,,,,SUB,in,FENERBAHÇE BEKO substitution in,,,,,,,,,0,153,1.0,,0,54,0,52
02:38,02:38:00,54,52,2,1,3,REGULAR,108,C. BISHOP,1,foul,635,,['2freethrow'],personal,0,13,Christian,Bishop,Christian,Bishop,C,B,C,B,C. Bishop,GALATASARAY MCT TECHNIC,GSM,C. Bishop,13,,,,,,FOUL,,GALATASARAY MCT TECHNIC C. BISHOP foul personal,,,,,,,,,0,153,1.0,,0,54,0,52
02:38,02:38:00,54,52,2,2,3,REGULAR,92,N. MELLI,1,foulon,636,635,[],,0,4,Nicolo,Melli,Nicolo,Melli,N,M,N,M,N. Melli,FENERBAHÇE BEKO,FBB,N. Melli,4,,,,,,OTHER,,FENERBAHÇE BEKO foulon,,,,,,,,,0,153,1.0,,0,54,0,52
02:38,02:38:00,54,52,2,2,3,REGULAR,92,N. MELLI,0,freethrow,637,,['2ndchance'],1of2,1,4,Nicolo,Melli,Nicolo,Melli,N,M,N,M,N. Melli,FENERBAHÇE BEKO,FBB,N. Melli,4,,,,,,FT,missed,FENERBAHÇE BEKO N. MELLI FT 1of2 missed,,,,,,,,,0,153,1.0,def_reb,0,54,0,52
02:38,02:38:00,54,52,2,2,3,REGULAR,0,,1,rebound,638,637,[],offensivedeadball,0,,,,,,,,,,,FENERBAHÇE BEKO,FBB,,,,,,,,TREB,,FENERBAHÇE BEKO team rebound offensivedeadball,,,,,,,,,0,154,2.0,def_reb,0,54,0,52
02:38,02:38:00,54,53,1,2,3,REGULAR,92,N. MELLI,1,freethrow,639,,['2ndchance'],2of2,1,4,Nicolo,Melli,Nicolo,Melli,N,M,N,M,N. Melli,FENERBAHÇE BEKO,FBB,N. Melli,4,,,,,,FT,made,FENERBAHÇE BEKO N. MELLI FT 2of2 made,,,,,,,,,1,155,1.0,made_ft_last,0,54,1,53
02:21,02:21:00,54,53,1,1,3,REGULAR,103,J. PALMER JR,0,2pt,641,,[],jumpshot,1,12,James Alfred,Palmer Jr,James Alfred,Palmer Jr,J,P,J,P,J. Palmer Jr,GALATASARAY MCT TECHNIC,GSM,J. Palmer Jr,12,,,78.190002441406,71.580001831055,0.0,P2,missed,GALATASARAY MCT TECHNIC J. PALMER JR 2Pt missed,,,,,,,,,0,156,2.0,def_reb,0,54,0,53
02:18,02:18:00,54,53,1,2,3,REGULAR,95,D. HALL,1,rebound,642,641,[],defensive,0,20,Devon Howard,Hall,Devon Howard,Hall,D,H,D,H,D. Hall,FENERBAHÇE BEKO,FBB,D. Hall,20,,,,,,REB,,FENERBAHÇE BEKO rebound defensive,,,,,,,,,0,157,1.0,def_reb,0,54,0,53
01:58,01:58:00,54,53,1,2,3,REGULAR,95,D. HALL,0,2pt,645,,['pointsinthepaint'],jumpshot,1,20,Devon Howard,Hall,Devon Howard,Hall,D,H,D,H,D. Hall,FENERBAHÇE BEKO,FBB,D. Hall,20,,,9.8599996566772,50.959999084473,0.0,P2,missed,FENERBAHÇE BEKO D. HALL 2Pt missed,,,,,,,,,0,158,2.0,def_reb,0,54,0,53
01:58,01:58:00,54,53,1,1,3,REGULAR,0,,1,rebound,646,645,['team'],defensive,0,,,,,,,,,,,GALATASARAY MCT TECHNIC,GSM,,,,,,,,TREB,,GALATASARAY MCT TECHNIC team rebound defensive,,,,,,,,,0,159,1.0,def_reb,0,54,0,53
01:58,01:58:00,54,53,1,2,3,REGULAR,0,,1,headcoachchallenge,647,,['rejected'],goalorinterference,0,,,,,,,,,,,FENERBAHÇE BEKO,FBB,,,,,,,,OTHER,,FENERBAHÇE BEKO headcoachchallenge goalorinterference,,,,,,,,,0,160,2.0,,0,54,0,53
01:58,01:58:00,54,53,1,1,3,REGULAR,38,A. TUNCER,1,substitution,648,,[],out,0,19,Ahmet Bugrahan,Tuncer,Ahmet Bugrahan,Tuncer,A,T,A,T,A. Tuncer,GALATASARAY MCT TECHNIC,GSM,A. Tuncer,19,,,,,,SUB,out,GALATASARAY MCT TECHNIC substitution out,,,,,,,,,0,160,2.0,,0,54,0,53
01:58,01:58:00,54,53,1,1,3,REGULAR,70,R. ÖNCEL,1,substitution,649,,[],in,0,10,Ridvan,Öncel,Ridvan,Öncel,R,Ö,R,Ö,R. Öncel,GALATASARAY MCT TECHNIC,GSM,R. Öncel,10,,,,,,SUB,in,GALATASARAY MCT TECHNIC substitution in,,,,,,,,,0,160,2.0,,0,54,0,53
01:44,01:44:00,54,53,1,1,3,REGULAR,109,W. CUMMINGS,1,turnover,651,,[],badpass,0,7,William,Cummings,William,Cummings,W,C,W,C,W. Cummings,GALATASARAY MCT TECHNIC,GSM,W. Cummings,7,,,,,,TO,,GALATASARAY MCT TECHNIC W. CUMMINGS turnover badpass,,,,,,,,,0,160,2.0,turnover,0,54,0,53
01:44,01:44:00,54,53,1,2,3,REGULAR,94,W. BALDWIN IV,1,steal,652,651,[],,0,2,Wade M,Baldwin Iv,Wade M,Baldwin Iv,W,B,W,B,W. Baldwin Iv,FENERBAHÇE BEKO,FBB,W. Baldwin Iv,2,,,,,,ST,,FENERBAHÇE BEKO W. BALDWIN IV steal,,,,,,,,,0,161,1.0,,0,54,0,53
01:22,01:22:00,54,56,-2,2,3,REGULAR,89,O. BITIM,1,3pt,653,,['fromturnover'],jumpshot,1,17,Onuralp,Bitim,Onuralp,Bitim,O,B,O,B,O. Bitim,FENERBAHÇE BEKO,FBB,O. Bitim,17,,,20.159999847412,91.919998168945,1.0,P3,made,FENERBAHÇE BEKO O. BITIM 3Pt made,92.0,2.0,N. MELLI,,,,,,3,161,1.0,score,0,54,3,56
01:22,01:22:00,54,56,-2,2,3,REGULAR,92,N. MELLI,1,assist,654,653,[],,0,4,Nicolo,Melli,Nicolo,Melli,N,M,N,M,N. Melli,FENERBAHÇE BEKO,FBB,N. Melli,4,,,,,,ASS,,FENERBAHÇE BEKO N. MELLI assist,,,,,,,,,0,162,2.0,,0,54,0,56
01:07,01:07:00,56,56,0,1,3,REGULAR,109,W. CUMMINGS,1,2pt,656,,['pointsinthepaint'],layup,1,7,William,Cummings,William,Cummings,W,C,W,C,W. Cummings,GALATASARAY MCT TECHNIC,GSM,W. Cummings,7,,,90.669998168945,54.349998474121,1.0,P2,made,GALATASARAY MCT TECHNIC W. CUMMINGS 2Pt made,,,,,,,,,2,162,2.0,score,2,56,0,56
01:07,01:07:00,56,56,0,2,3,REGULAR,89,O. BITIM,1,foul,657,,"['shooting', '1freethrow']",personal,0,17,Onuralp,Bitim,Onuralp,Bitim,O,B,O,B,O. Bitim,FENERBAHÇE BEKO,FBB,O. Bitim,17,,,,,,FOUL,,FENERBAHÇE BEKO O. BITIM foul personal,,,,,,,,,0,163,1.0,,0,56,0,56
01:07,01:07:00,56,56,0,1,3,REGULAR,109,W. CUMMINGS,1,foulon,658,657,[],,0,7,William,Cummings,William,Cummings,W,C,W,C,W. Cummings,GALATASARAY MCT TECHNIC,GSM,W. Cummings,7,,,,,,OTHER,,GALATASARAY MCT TECHNIC foulon,,,,,,,,,0,163,1.0,,0,56,0,56
01:07,01:07:00,56,56,0,1,3,REGULAR,104,F. WHITE JR,1,substitution,659,,[],out,0,35,Fabian,White Jr,Fabian,White Jr,F,W,F,W,F. White Jr,GALATASARAY MCT TECHNIC,GSM,F. White Jr,35,,,,,,SUB,out,GALATASARAY MCT TECHNIC substitution out,,,,,,,,,0,163,1.0,,0,56,0,56
01:07,01:07:00,56,56,0,1,3,REGULAR,107,R. MEEKS,1,substitution,660,,[],in,0,9,Robinson Jr,Meeks,Robinson Jr,Meeks,R,M,R,M,R. Meeks,GALATASARAY MCT TECHNIC,GSM,R. Meeks,9,,,,,,SUB,in,GALATASARAY MCT TECHNIC substitution in,,,,,,,,,0,163,1.0,,0,56,0,56
01:07,01:07:00,56,56,0,2,3,REGULAR,92,N. MELLI,1,substitution,661,,[],out,0,4,Nicolo,Melli,Nicolo,Melli,N,M,N,M,N. Melli,FENERBAHÇE BEKO,FBB,N. Melli,4,,,,,,SUB,out,FENERBAHÇE BEKO substitution out,,,,,,,,,0,163,1.0,,0,56,0,56
01:07,01:07:00,56,56,0,2,3,REGULAR,95,D. HALL,1,substitution,662,,[],out,0,20,Devon Howard,Hall,Devon Howard,Hall,D,H,D,H,D. Hall,FENERBAHÇE BEKO,FBB,D. Hall,20,,,,,,SUB,out,FENERBAHÇE BEKO substitution out,,,,,,,,,0,163,1.0,,0,56,0,56
01:07,01:07:00,56,56,0,2,3,REGULAR,93,B. COLSON ,1,substitution,663,,[],in,0,50,Bonzie,Colson ,Bonzie,Colson ,B,C,B,C,B. Colson ,FENERBAHÇE BEKO,FBB,B. Colson ,50,,,,,,SUB,in,FENERBAHÇE BEKO substitution in,,,,,,,,,0,163,1.0,,0,56,0,56
01:07,01:07:00,56,56,0,2,3,REGULAR,91,K. BIRCH,1,substitution,664,,[],in,0,92,Khem,Birch,Khem,Birch,K,B,K,B,K. Birch,FENERBAHÇE BEKO,FBB,K. Birch,92,,,,,,SUB,in,FENERBAHÇE BEKO substitution in,,,,,,,,,0,163,1.0,,0,56,0,56
01:07,01:07:00,56,56,0,1,3,REGULAR,109,W. CUMMINGS,0,freethrow,665,,[],1of1,1,7,William,Cummings,William,Cummings,W,C,W,C,W. Cummings,GALATASARAY MCT TECHNIC,GSM,W. Cummings,7,,,,,,FT,missed,GALATASARAY MCT TECHNIC W. CUMMINGS FT 1of1 missed,,,,,,,,,0,163,1.0,def_reb,0,56,0,56
01:07,01:07:00,56,56,0,2,3,REGULAR,93,B. COLSON ,1,rebound,667,665,[],defensive,0,50,Bonzie,Colson ,Bonzie,Colson ,B,C,B,C,B. Colson ,FENERBAHÇE BEKO,FBB,B. Colson ,50,,,,,,REB,,FENERBAHÇE BEKO rebound defensive,,,,,,,,,0,164,2.0,def_reb,0,56,0,56
00:44,00:44:40,56,56,0,2,3,REGULAR,91,K. BIRCH,0,2pt,668,,[],jumpshot,1,92,Khem,Birch,Khem,Birch,K,B,K,B,K. Birch,FENERBAHÇE BEKO,FBB,K. Birch,92,,,15.630000114441,86.550003051758,0.0,P2,missed,FENERBAHÇE BEKO K. BIRCH 2Pt missed,,,,,,,,,0,165,1.0,def_reb,0,56,0,56
00:41,00:41:00,56,56,0,1,3,REGULAR,103,J. PALMER JR,1,rebound,669,668,[],defensive,0,12,James Alfred,Palmer Jr,James Alfred,Palmer Jr,J,P,J,P,J. Palmer Jr,GALATASARAY MCT TECHNIC,GSM,J. Palmer Jr,12,,,,,,REB,,GALATASARAY MCT TECHNIC rebound defensive,,,,,,,,,0,166,2.0,def_reb,0,56,0,56
00:24,00:24:70,56,56,0,1,3,REGULAR,103,J. PALMER JR,0,3pt,670,,[],jumpshot,1,12,James Alfred,Palmer Jr,James Alfred,Palmer Jr,J,P,J,P,J. Palmer Jr,GALATASARAY MCT TECHNIC,GSM,J. Palmer Jr,12,,,72.889999389648,20.450000762939,0.0,P3,missed,GALATASARAY MCT TECHNIC J. PALMER JR 3Pt missed,,,,,,,,,0,167,1.0,def_reb,0,56,0,56
00:22,00:22:50,56,56,0,2,3,REGULAR,93,B. COLSON ,1,rebound,671,670,[],defensive,0,50,Bonzie,Colson ,Bonzie,Colson ,B,C,B,C,B. Colson ,FENERBAHÇE BEKO,FBB,B. Colson ,50,,,,,,REB,,FENERBAHÇE BEKO rebound defensive,,,,,,,,,0,168,2.0,def_reb,0,56,0,56
00:05,00:05:70,56,58,-2,2,3,REGULAR,94,W. BALDWIN IV,1,2pt,672,,['pointsinthepaint'],layup,1,2,Wade M,Baldwin Iv,Wade M,Baldwin Iv,W,B,W,B,W. Baldwin Iv,FENERBAHÇE BEKO,FBB,W. Baldwin Iv,2,,,4.8699998855591,50.110000610352,1.0,P2,made,FENERBAHÇE BEKO W. BALDWIN IV 2Pt made,,,,,,,,,2,169,1.0,score,0,56,2,58
00:00,00:00:00,56,58,-2,0,3,REGULAR,0,,1,period,674,,['confirmed'],end,0,,,,,,,,,,,,,,,,,,,,OTHER,,period end,,,,,,,,,0,170,2.0,,0,56,0,58
10:00,10:00:00,56,58,-2,1,4,REGULAR,109,W. CUMMINGS,1,substitution,675,,[],out,0,7,William,Cummings,William,Cummings,W,C,W,C,W. Cummings,GALATASARAY MCT TECHNIC,GSM,W. Cummings,7,,,,,,SUB,out,GALATASARAY MCT TECHNIC substitution out,,,,,,,,,0,170,2.0,,0,56,0,58
10:00,10:00:00,56,58,-2,1,4,REGULAR,106,J. ROBINSON JR,1,substitution,676,,[],in,0,1,Jerome,Robinson Jr,Jerome,Robinson Jr,J,R,J,R,J. Robinson Jr,GALATASARAY MCT TECHNIC,GSM,J. Robinson Jr,1,,,,,,SUB,in,GALATASARAY MCT TECHNIC substitution in,,,,,,,,,0,170,2.0,,0,56,0,58
10:00,10:00:00,56,58,-2,2,4,REGULAR,89,O. BITIM,1,substitution,677,,[],out,0,17,Onuralp,Bitim,Onuralp,Bitim,O,B,O,B,O. Bitim,FENERBAHÇE BEKO,FBB,O. Bitim,17,,,,,,SUB,out,FENERBAHÇE BEKO substitution out,,,,,,,,,0,170,2.0,,0,56,0,58
10:00,10:00:00,56,58,-2,2,4,REGULAR,93,B. COLSON ,1,substitution,678,,[],out,0,50,Bonzie,Colson ,Bonzie,Colson ,B,C,B,C,B. Colson ,FENERBAHÇE BEKO,FBB,B. Colson ,50,,,,,,SUB,out,FENERBAHÇE BEKO substitution out,,,,,,,,,0,170,2.0,,0,56,0,58
10:00,10:00:00,56,58,-2,2,4,REGULAR,79,T. BIBEROVIÇ,1,substitution,679,,[],in,0,13,Tarik,Biberoviç,Tarik,Biberoviç,T,B,T,B,T. Biberoviç,FENERBAHÇE BEKO,FBB,T. Biberoviç,13,,,,,,SUB,in,FENERBAHÇE BEKO substitution in,,,,,,,,,0,170,2.0,,0,56,0,58
10:00,10:00:00,56,58,-2,2,4,REGULAR,95,D. HALL,1,substitution,680,,[],in,0,20,Devon Howard,Hall,Devon Howard,Hall,D,H,D,H,D. Hall,FENERBAHÇE BEKO,FBB,D. Hall,20,,,,,,SUB,in,FENERBAHÇE BEKO substitution in,,,,,,,,,0,170,2.0,,0,56,0,58
10:00,10:00:00,56,58,-2,0,4,REGULAR,0,,1,period,681,,[],start,0,,,,,,,,,,,,,,,,,,,,OTHER,,period start,,,,,,,,,0,170,2.0,,0,56,0,58
09:39,09:39:00,56,58,-2,2,4,REGULAR,94,W. BALDWIN IV,0,2pt,683,,[],jumpshot,1,2,Wade M,Baldwin Iv,Wade M,Baldwin Iv,W,B,W,B,W. Baldwin Iv,FENERBAHÇE BEKO,FBB,W. Baldwin Iv,2,,,11.729999542236,28.639999389648,0.0,P2,missed,FENERBAHÇE BEKO W. BALDWIN IV 2Pt missed,,,,,,,,,0,170,2.0,def_reb,0,56,0,58
09:37,09:37:00,56,58,-2,1,4,REGULAR,108,C. BISHOP,1,rebound,684,683,[],defensive,0,13,Christian,Bishop,Christian,Bishop,C,B,C,B,C. Bishop,GALATASARAY MCT TECHNIC,GSM,C. Bishop,13,,,,,,REB,,GALATASARAY MCT TECHNIC rebound defensive,,,,,,,,,0,171,1.0,def_reb,0,56,0,58
09:35,09:35:00,56,58,-2,2,4,REGULAR,98,M. JANTUNEN,1,foul,686,,[],personal,0,18,Mikael,Jantunen,Mikael,Jantunen,M,J,M,J,M. Jantunen,FENERBAHÇE BEKO,FBB,M. Jantunen,18,,,,,,FOUL,,FENERBAHÇE BEKO M. JANTUNEN foul personal,,,,,,,,,0,172,2.0,,0,56,0,58
09:35,09:35:00,56,58,-2,1,4,REGULAR,70,R. ÖNCEL,1,foulon,687,686,[],,0,10,Ridvan,Öncel,Ridvan,Öncel,R,Ö,R,Ö,R. Öncel,GALATASARAY MCT TECHNIC,GSM,R. Öncel,10,,,,,,OTHER,,GALATASARAY MCT TECHNIC foulon,,,,,,,,,0,172,2.0,,0,56,0,58
09:35,09:35:00,56,58,-2,2,4,REGULAR,98,M. JANTUNEN,1,substitution,688,,[],out,0,18,Mikael,Jantunen,Mikael,Jantunen,M,J,M,J,M. Jantunen,FENERBAHÇE BEKO,FBB,M. Jantunen,18,,,,,,SUB,out,FENERBAHÇE BEKO substitution out,,,,,,,,,0,172,2.0,,0,56,0,58
09:35,09:35:00,56,58,-2,2,4,REGULAR,77,J. BIRSEN,1,substitution,689,,[],in,0,1,James Metecan,Birsen,James Metecan,Birsen,J,B,J,B,J. Birsen,FENERBAHÇE BEKO,FBB,J. Birsen,1,,,,,,SUB,in,FENERBAHÇE BEKO substitution in,,,,,,,,,0,172,2.0,,0,56,0,58
09:21,09:21:00,56,58,-2,1,4,REGULAR,103,J. PALMER JR,0,3pt,691,,[],jumpshot,1,12,James Alfred,Palmer Jr,James Alfred,Palmer Jr,J,P,J,P,J. Palmer Jr,GALATASARAY MCT TECHNIC,GSM,J. Palmer Jr,12,,,68.830001831055,54.919998168945,0.0,P3,missed,GALATASARAY MCT TECHNIC J. PALMER JR 3Pt missed,,,,,,,,,0,172,2.0,def_reb,0,56,0,58
09:18,09:18:00,56,58,-2,2,4,REGULAR,79,T. BIBEROVIÇ,1,rebound,692,691,[],defensive,0,13,Tarik,Biberoviç,Tarik,Biberoviç,T,B,T,B,T. Biberoviç,FENERBAHÇE BEKO,FBB,T. Biberoviç,13,,,,,,REB,,FENERBAHÇE BEKO rebound defensive,,,,,,,,,0,173,1.0,def_reb,0,56,0,58
09:07,09:07:00,56,58,-2,2,4,REGULAR,94,W. BALDWIN IV,0,3pt,697,,[],jumpshot,1,2,Wade M,Baldwin Iv,Wade M,Baldwin Iv,W,B,W,B,W. Baldwin Iv,FENERBAHÇE BEKO,FBB,W. Baldwin Iv,2,,,31.229999542236,56.610000610352,0.0,P3,missed,FENERBAHÇE BEKO W. BALDWIN IV 3Pt missed,,,,,,,,,0,174,2.0,,0,56,0,58
09:05,09:05:00,56,58,-2,2,4,REGULAR,91,K. BIRCH,1,rebound,698,697,[],offensive,0,92,Khem,Birch,Khem,Birch,K,B,K,B,K. Birch,FENERBAHÇE BEKO,FBB,K. Birch,92,,,,,,REB,,FENERBAHÇE BEKO rebound offensive,,,,,,,,,0,174,2.0,,0,56,0,58
09:05,09:05:00,56,60,-4,2,4,REGULAR,91,K. BIRCH,1,2pt,701,,"['2ndchance', 'pointsinthepaint']",layup,1,92,Khem,Birch,Khem,Birch,K,B,K,B,K. Birch,FENERBAHÇE BEKO,FBB,K. Birch,92,,,12.039999961853,48.139999389648,1.0,P2,made,FENERBAHÇE BEKO K. BIRCH 2Pt made,,,,,,,,,2,174,2.0,score,0,56,2,60
09:05,09:05:00,56,60,-4,1,4,REGULAR,70,R. ÖNCEL,1,foul,702,,"['shooting', '1freethrow']",personal,0,10,Ridvan,Öncel,Ridvan,Öncel,R,Ö,R,Ö,R. Öncel,GALATASARAY MCT TECHNIC,GSM,R. Öncel,10,,,,,,FOUL,,GALATASARAY MCT TECHNIC R. ÖNCEL foul personal,,,,,,,,,0,175,1.0,,0,56,0,60
09:05,09:05:00,56,60,-4,2,4,REGULAR,91,K. BIRCH,1,foulon,703,702,[],,0,92,Khem,Birch,Khem,Birch,K,B,K,B,K. Birch,FENERBAHÇE BEKO,FBB,K. Birch,92,,,,,,OTHER,,FENERBAHÇE BEKO foulon,,,,,,,,,0,175,1.0,,0,56,0,60
09:05,09:05:00,56,61,-5,2,4,REGULAR,91,K. BIRCH,1,freethrow,704,,['2ndchance'],1of1,1,92,Khem,Birch,Khem,Birch,K,B,K,B,K. Birch,FENERBAHÇE BEKO,FBB,K. Birch,92,,,,,,FT,made,FENERBAHÇE BEKO K. BIRCH FT 1of1 made,,,,,,,,,1,175,1.0,made_ft_last,0,56,1,61
09:05,09:05:00,56,61,-5,1,4,REGULAR,108,C. BISHOP,1,substitution,705,,[],out,0,13,Christian,Bishop,Christian,Bishop,C,B,C,B,C. Bishop,GALATASARAY MCT TECHNIC,GSM,C. Bishop,13,,,,,,SUB,out,GALATASARAY MCT TECHNIC substitution out,,,,,,,,,0,176,2.0,,0,56,0,61
09:05,09:05:00,56,61,-5,1,4,REGULAR,105,F. GILLESPIE ,1,substitution,706,,[],in,0,33,Frederick ,Gillespie ,Frederick ,Gillespie ,F,G,F,G,F. Gillespie ,GALATASARAY MCT TECHNIC,GSM,F. Gillespie ,33,,,,,,SUB,in,GALATASARAY MCT TECHNIC substitution in,,,,,,,,,0,176,2.0,,0,56,0,61
09:05,09:05:00,56,61,-5,1,4,REGULAR,103,J. PALMER JR,1,substitution,707,,[],out,0,12,James Alfred,Palmer Jr,James Alfred,Palmer Jr,J,P,J,P,J. Palmer Jr,GALATASARAY MCT TECHNIC,GSM,J. Palmer Jr,12,,,,,,SUB,out,GALATASARAY MCT TECHNIC substitution out,,,,,,,,,0,176,2.0,,0,56,0,61
09:05,09:05:00,56,61,-5,1,4,REGULAR,109,W. CUMMINGS,1,substitution,708,,[],in,0,7,William,Cummings,William,Cummings,W,C,W,C,W. Cummings,GALATASARAY MCT TECHNIC,GSM,W. Cummings,7,,,,,,SUB,in,GALATASARAY MCT TECHNIC substitution in,,,,,,,,,0,176,2.0,,0,56,0,61
08:51,08:51:00,56,61,-5,1,4,REGULAR,107,R. MEEKS,0,3pt,710,,[],jumpshot,1,9,Robinson Jr,Meeks,Robinson Jr,Meeks,R,M,R,M,R. Meeks,GALATASARAY MCT TECHNIC,GSM,R. Meeks,9,,,66.330001831055,57.459999084473,0.0,P3,missed,GALATASARAY MCT TECHNIC R. MEEKS 3Pt missed,,,,,,,,,0,176,2.0,def_reb,0,56,0,61
08:49,08:49:00,56,61,-5,2,4,REGULAR,94,W. BALDWIN IV,1,rebound,711,710,[],defensive,0,2,Wade M,Baldwin Iv,Wade M,Baldwin Iv,W,B,W,B,W. Baldwin Iv,FENERBAHÇE BEKO,FBB,W. Baldwin Iv,2,,,,,,REB,,FENERBAHÇE BEKO rebound defensive,,,,,,,,,0,177,1.0,def_reb,0,56,0,61
08:36,08:36:00,56,61,-5,2,4,REGULAR,94,W. BALDWIN IV,0,3pt,712,,[],jumpshot,1,2,Wade M,Baldwin Iv,Wade M,Baldwin Iv,W,B,W,B,W. Baldwin Iv,FENERBAHÇE BEKO,FBB,W. Baldwin Iv,2,,,24.520000457764,86.550003051758,0.0,P3,missed,FENERBAHÇE BEKO W. BALDWIN IV 3Pt missed,,,,,,,,,0,178,2.0,def_reb,0,56,0,61
08:35,08:35:00,56,61,-5,2,4,REGULAR,0,,1,rebound,714,712,['team'],offensive,0,,,,,,,,,,,FENERBAHÇE BEKO,FBB,,,,,,,,TREB,,FENERBAHÇE BEKO team rebound offensive,,,,,,,,,0,179,1.0,def_reb,0,56,0,61
08:35,08:35:00,56,61,-5,1,4,REGULAR,70,R. ÖNCEL,1,foul,715,,[],personal,0,10,Ridvan,Öncel,Ridvan,Öncel,R,Ö,R,Ö,R. Öncel,GALATASARAY MCT TECHNIC,GSM,R. Öncel,10,,,,,,FOUL,,GALATASARAY MCT TECHNIC R. ÖNCEL foul personal,,,,,,,,,0,180,2.0,,0,56,0,61
08:35,08:35:00,56,61,-5,2,4,REGULAR,91,K. BIRCH,1,foulon,716,715,[],,0,92,Khem,Birch,Khem,Birch,K,B,K,B,K. Birch,FENERBAHÇE BEKO,FBB,K. Birch,92,,,,,,OTHER,,FENERBAHÇE BEKO foulon,,,,,,,,,0,180,2.0,,0,56,0,61
08:28,08:28:00,56,63,-7,2,4,REGULAR,79,T. BIBEROVIÇ,1,2pt,718,,"['2ndchance', 'pointsinthepaint']",layup,1,13,Tarik,Biberoviç,Tarik,Biberoviç,T,B,T,B,T. Biberoviç,FENERBAHÇE BEKO,FBB,T. Biberoviç,13,,,5.960000038147,54.349998474121,1.0,P2,made,FENERBAHÇE BEKO T. BIBEROVIÇ 2Pt made,94.0,2.0,W. BALDWIN IV,,,,,,2,180,2.0,score,0,56,2,63
08:28,08:28:00,56,63,-7,2,4,REGULAR,94,W. BALDWIN IV,1,assist,720,718,[],,0,2,Wade M,Baldwin Iv,Wade M,Baldwin Iv,W,B,W,B,W. Baldwin Iv,FENERBAHÇE BEKO,FBB,W. Baldwin Iv,2,,,,,,ASS,,FENERBAHÇE BEKO W. BALDWIN IV assist,,,,,,,,,0,181,1.0,,0,56,0,63
08:27,08:27:00,56,63,-7,1,4,REGULAR,0,,1,timeout,722,,[],full,0,,,,,,,,,,,GALATASARAY MCT TECHNIC,GSM,,,,,,,,TIMEOUT,,GALATASARAY MCT TECHNIC timeout,,,,,,,,,0,181,1.0,,0,56,0,63
08:27,08:27:00,56,63,-7,0,4,REGULAR,0,,1,timeout,723,,[],officials,0,,,,,,,,,,,,,,,,,,,,TIMEOUT,, timeout,,,,,,,,,0,181,1.0,,0,56,0,63
08:27,08:27:00,56,63,-7,1,4,REGULAR,70,R. ÖNCEL,1,substitution,724,,[],out,0,10,Ridvan,Öncel,Ridvan,Öncel,R,Ö,R,Ö,R. Öncel,GALATASARAY MCT TECHNIC,GSM,R. Öncel,10,,,,,,SUB,out,GALATASARAY MCT TECHNIC substitution out,,,,,,,,,0,181,1.0,,0,56,0,63
08:27,08:27:00,56,63,-7,1,4,REGULAR,38,A. TUNCER,1,substitution,725,,[],in,0,19,Ahmet Bugrahan,Tuncer,Ahmet Bugrahan,Tuncer,A,T,A,T,A. Tuncer,GALATASARAY MCT TECHNIC,GSM,A. Tuncer,19,,,,,,SUB,in,GALATASARAY MCT TECHNIC substitution in,,,,,,,,,0,181,1.0,,0,56,0,63
08:27,08:27:00,56,63,-7,2,4,REGULAR,95,D. HALL,1,substitution,726,,[],out,0,20,Devon Howard,Hall,Devon Howard,Hall,D,H,D,H,D. Hall,FENERBAHÇE BEKO,FBB,D. Hall,20,,,,,,SUB,out,FENERBAHÇE BEKO substitution out,,,,,,,,,0,181,1.0,,0,56,0,63
08:27,08:27:00,56,63,-7,2,4,REGULAR,100,S. VILBEKIN,1,substitution,727,,[],in,0,3,Scott Jordan,Vilbekin,Scott Jordan,Vilbekin,S,V,S,V,S. Vilbekin,FENERBAHÇE BEKO,FBB,S. Vilbekin,3,,,,,,SUB,in,FENERBAHÇE BEKO substitution in,,,,,,,,,0,181,1.0,,0,56,0,63
08:09,08:09:00,56,63,-7,1,4,REGULAR,38,A. TUNCER,0,3pt,729,,[],jumpshot,1,19,Ahmet Bugrahan,Tuncer,Ahmet Bugrahan,Tuncer,A,T,A,T,A. Tuncer,GALATASARAY MCT TECHNIC,GSM,A. Tuncer,19,,,72.569999694824,85.98999786377,0.0,P3,missed,GALATASARAY MCT TECHNIC A. TUNCER 3Pt missed,,,,,,,,,0,181,1.0,def_reb,0,56,0,63
08:06,08:06:00,56,63,-7,2,4,REGULAR,79,T. BIBEROVIÇ,1,rebound,730,729,[],defensive,0,13,Tarik,Biberoviç,Tarik,Biberoviç,T,B,T,B,T. Biberoviç,FENERBAHÇE BEKO,FBB,T. Biberoviç,13,,,,,,REB,,FENERBAHÇE BEKO rebound defensive,,,,,,,,,0,182,2.0,def_reb,0,56,0,63
07:44,07:44:00,56,63,-7,2,4,REGULAR,91,K. BIRCH,1,turnover,734,,[],ballhandling,0,92,Khem,Birch,Khem,Birch,K,B,K,B,K. Birch,FENERBAHÇE BEKO,FBB,K. Birch,92,,,,,,TO,,FENERBAHÇE BEKO K. BIRCH turnover ballhandling,,,,,,,,,0,183,1.0,turnover,0,56,0,63
07:28,07:28:00,56,63,-7,2,4,REGULAR,94,W. BALDWIN IV,1,foul,738,,[],personal,0,2,Wade M,Baldwin Iv,Wade M,Baldwin Iv,W,B,W,B,W. Baldwin Iv,FENERBAHÇE BEKO,FBB,W. Baldwin Iv,2,,,,,,FOUL,,FENERBAHÇE BEKO W. BALDWIN IV foul personal,,,,,,,,,0,184,2.0,,0,56,0,63
07:28,07:28:00,56,63,-7,1,4,REGULAR,109,W. CUMMINGS,1,foulon,739,738,[],,0,7,William,Cummings,William,Cummings,W,C,W,C,W. Cummings,GALATASARAY MCT TECHNIC,GSM,W. Cummings,7,,,,,,OTHER,,GALATASARAY MCT TECHNIC foulon,,,,,,,,,0,184,2.0,,0,56,0,63
07:21,07:21:00,59,63,-4,1,4,REGULAR,107,R. MEEKS,1,3pt,741,,['fromturnover'],jumpshot,1,9,Robinson Jr,Meeks,Robinson Jr,Meeks,R,M,R,M,R. Meeks,GALATASARAY MCT TECHNIC,GSM,R. Meeks,9,,,74.449996948242,18.469999313354,1.0,P3,made,GALATASARAY MCT TECHNIC R. MEEKS 3Pt made,38.0,1.0,A. TUNCER,,,,,,3,184,2.0,score,3,59,0,63
07:21,07:21:00,59,63,-4,1,4,REGULAR,38,A. TUNCER,1,assist,742,741,[],,0,19,Ahmet Bugrahan,Tuncer,Ahmet Bugrahan,Tuncer,A,T,A,T,A. Tuncer,GALATASARAY MCT TECHNIC,GSM,A. Tuncer,19,,,,,,ASS,,GALATASARAY MCT TECHNIC A. TUNCER assist,,,,,,,,,0,185,1.0,,0,59,0,63
06:56,06:56:00,59,63,-4,2,4,REGULAR,77,J. BIRSEN,1,turnover,743,,[],ballhandling,0,1,James Metecan,Birsen,James Metecan,Birsen,J,B,J,B,J. Birsen,FENERBAHÇE BEKO,FBB,J. Birsen,1,,,,,,TO,,FENERBAHÇE BEKO J. BIRSEN turnover ballhandling,,,,,,,,,0,185,1.0,turnover,0,59,0,63
06:56,06:56:00,59,63,-4,1,4,REGULAR,38,A. TUNCER,1,steal,744,743,[],,0,19,Ahmet Bugrahan,Tuncer,Ahmet Bugrahan,Tuncer,A,T,A,T,A. Tuncer,GALATASARAY MCT TECHNIC,GSM,A. Tuncer,19,,,,,,ST,,GALATASARAY MCT TECHNIC A. TUNCER steal,,,,,,,,,0,186,2.0,,0,59,0,63
06:51,06:51:00,59,63,-4,2,4,REGULAR,77,J. BIRSEN,1,foul,750,,"['shooting', '2freethrow']",personal,0,1,James Metecan,Birsen,James Metecan,Birsen,J,B,J,B,J. Birsen,FENERBAHÇE BEKO,FBB,J. Birsen,1,,,,,,FOUL,,FENERBAHÇE BEKO J. BIRSEN foul personal,,,,,,,,,0,186,2.0,,0,59,0,63
06:51,06:51:00,59,63,-4,1,4,REGULAR,109,W. CUMMINGS,1,foulon,751,750,[],,0,7,William,Cummings,William,Cummings,W,C,W,C,W. Cummings,GALATASARAY MCT TECHNIC,GSM,W. Cummings,7,,,,,,OTHER,,GALATASARAY MCT TECHNIC foulon,,,,,,,,,0,186,2.0,,0,59,0,63
06:51,06:51:00,59,63,-4,1,4,REGULAR,109,W. CUMMINGS,0,freethrow,752,,"['fastbreak', 'fromturnover']",1of2,1,7,William,Cummings,William,Cummings,W,C,W,C,W. Cummings,GALATASARAY MCT TECHNIC,GSM,W. Cummings,7,,,,,,FT,missed,GALATASARAY MCT TECHNIC W. CUMMINGS FT 1of2 missed,,,,,,,,,0,186,2.0,def_reb,0,59,0,63
06:51,06:51:00,59,63,-4,1,4,REGULAR,0,,1,rebound,753,752,[],offensivedeadball,0,,,,,,,,,,,GALATASARAY MCT TECHNIC,GSM,,,,,,,,TREB,,GALATASARAY MCT TECHNIC team rebound offensivedeadball,,,,,,,,,0,187,1.0,def_reb,0,59,0,63
06:51,06:51:00,60,63,-3,1,4,REGULAR,109,W. CUMMINGS,1,freethrow,754,,"['fastbreak', 'fromturnover']",2of2,1,7,William,Cummings,William,Cummings,W,C,W,C,W. Cummings,GALATASARAY MCT TECHNIC,GSM,W. Cummings,7,,,,,,FT,made,GALATASARAY MCT TECHNIC W. CUMMINGS FT 2of2 made,,,,,,,,,1,188,2.0,made_ft_last,1,60,0,63
06:51,06:51:00,60,63,-3,1,4,REGULAR,38,A. TUNCER,1,assist,755,754,[],,0,19,Ahmet Bugrahan,Tuncer,Ahmet Bugrahan,Tuncer,A,T,A,T,A. Tuncer,GALATASARAY MCT TECHNIC,GSM,A. Tuncer,19,,,,,,ASS,,GALATASARAY MCT TECHNIC A. TUNCER assist,,,,,,,,,0,189,1.0,,0,60,0,63
06:31,06:31:00,60,63,-3,1,4,REGULAR,109,W. CUMMINGS,1,foul,758,,[],personal,0,7,William,Cummings,William,Cummings,W,C,W,C,W. Cummings,GALATASARAY MCT TECHNIC,GSM,W. Cummings,7,,,,,,FOUL,,GALATASARAY MCT TECHNIC W. CUMMINGS foul personal,,,,,,,,,0,189,1.0,,0,60,0,63
06:31,06:31:00,60,63,-3,2,4,REGULAR,91,K. BIRCH,1,foulon,759,758,[],,0,92,Khem,Birch,Khem,Birch,K,B,K,B,K. Birch,FENERBAHÇE BEKO,FBB,K. Birch,92,,,,,,OTHER,,FENERBAHÇE BEKO foulon,,,,,,,,,0,189,1.0,,0,60,0,63
06:31,06:31:00,60,63,-3,2,4,REGULAR,0,,1,timeout,760,,[],full,0,,,,,,,,,,,FENERBAHÇE BEKO,FBB,,,,,,,,TIMEOUT,,FENERBAHÇE BEKO timeout,,,,,,,,,0,189,1.0,,0,60,0,63
06:31,06:31:00,60,63,-3,1,4,REGULAR,106,J. ROBINSON JR,1,substitution,761,,[],out,0,1,Jerome,Robinson Jr,Jerome,Robinson Jr,J,R,J,R,J. Robinson Jr,GALATASARAY MCT TECHNIC,GSM,J. Robinson Jr,1,,,,,,SUB,out,GALATASARAY MCT TECHNIC substitution out,,,,,,,,,0,189,1.0,,0,60,0,63
06:31,06:31:00,60,63,-3,1,4,REGULAR,103,J. PALMER JR,1,substitution,762,,[],in,0,12,James Alfred,Palmer Jr,James Alfred,Palmer Jr,J,P,J,P,J. Palmer Jr,GALATASARAY MCT TECHNIC,GSM,J. Palmer Jr,12,,,,,,SUB,in,GALATASARAY MCT TECHNIC substitution in,,,,,,,,,0,189,1.0,,0,60,0,63
06:29,06:29:00,60,66,-6,2,4,REGULAR,100,S. VILBEKIN,1,3pt,764,,[],jumpshot,1,3,Scott Jordan,Vilbekin,Scott Jordan,Vilbekin,S,V,S,V,S. Vilbekin,FENERBAHÇE BEKO,FBB,S. Vilbekin,3,,,21.25,92.199996948242,1.0,P3,made,FENERBAHÇE BEKO S. VILBEKIN 3Pt made,94.0,2.0,W. BALDWIN IV,,,,,,3,189,1.0,score,0,60,3,66
06:29,06:29:00,60,66,-6,2,4,REGULAR,94,W. BALDWIN IV,1,assist,765,764,[],,0,2,Wade M,Baldwin Iv,Wade M,Baldwin Iv,W,B,W,B,W. Baldwin Iv,FENERBAHÇE BEKO,FBB,W. Baldwin Iv,2,,,,,,ASS,,FENERBAHÇE BEKO W. BALDWIN IV assist,,,,,,,,,0,190,2.0,,0,60,0,66
06:14,06:14:00,60,66,-6,2,4,REGULAR,100,S. VILBEKIN,1,foul,767,,[],personal,0,3,Scott Jordan,Vilbekin,Scott Jordan,Vilbekin,S,V,S,V,S. Vilbekin,FENERBAHÇE BEKO,FBB,S. Vilbekin,3,,,,,,FOUL,,FENERBAHÇE BEKO S. VILBEKIN foul personal,,,,,,,,,0,190,2.0,,0,60,0,66
06:14,06:14:00,60,66,-6,1,4,REGULAR,38,A. TUNCER,1,foulon,768,767,[],,0,19,Ahmet Bugrahan,Tuncer,Ahmet Bugrahan,Tuncer,A,T,A,T,A. Tuncer,GALATASARAY MCT TECHNIC,GSM,A. Tuncer,19,,,,,,OTHER,,GALATASARAY MCT TECHNIC foulon,,,,,,,,,0,190,2.0,,0,60,0,66
06:14,06:14:00,60,66,-6,2,4,REGULAR,100,S. VILBEKIN,1,substitution,769,,[],out,0,3,Scott Jordan,Vilbekin,Scott Jordan,Vilbekin,S,V,S,V,S. Vilbekin,FENERBAHÇE BEKO,FBB,S. Vilbekin,3,,,,,,SUB,out,FENERBAHÇE BEKO substitution out,,,,,,,,,0,190,2.0,,0,60,0,66
06:14,06:14:00,60,66,-6,2,4,REGULAR,95,D. HALL,1,substitution,770,,[],in,0,20,Devon Howard,Hall,Devon Howard,Hall,D,H,D,H,D. Hall,FENERBAHÇE BEKO,FBB,D. Hall,20,,,,,,SUB,in,FENERBAHÇE BEKO substitution in,,,,,,,,,0,190,2.0,,0,60,0,66
06:00,06:00:00,60,66,-6,1,4,REGULAR,105,F. GILLESPIE ,0,2pt,772,,[],jumpshot,1,33,Frederick ,Gillespie ,Frederick ,Gillespie ,F,G,F,G,F. Gillespie ,GALATASARAY MCT TECHNIC,GSM,F. Gillespie ,33,,,88.800003051758,76.379997253418,0.0,P2,missed,GALATASARAY MCT TECHNIC F. GILLESPIE  2Pt missed,,,,,,,,,0,190,2.0,def_reb,0,60,0,66
05:58,05:58:00,60,66,-6,2,4,REGULAR,94,W. BALDWIN IV,1,rebound,773,772,[],defensive,0,2,Wade M,Baldwin Iv,Wade M,Baldwin Iv,W,B,W,B,W. Baldwin Iv,FENERBAHÇE BEKO,FBB,W. Baldwin Iv,2,,,,,,REB,,FENERBAHÇE BEKO rebound defensive,,,,,,,,,0,191,1.0,def_reb,0,60,0,66
05:55,05:55:00,60,66,-6,1,4,REGULAR,38,A. TUNCER,1,foul,776,,[],personal,0,19,Ahmet Bugrahan,Tuncer,Ahmet Bugrahan,Tuncer,A,T,A,T,A. Tuncer,GALATASARAY MCT TECHNIC,GSM,A. Tuncer,19,,,,,,FOUL,,GALATASARAY MCT TECHNIC A. TUNCER foul personal,,,,,,,,,0,192,2.0,,0,60,0,66
05:55,05:55:00,60,66,-6,2,4,REGULAR,94,W. BALDWIN IV,1,foulon,777,776,[],,0,2,Wade M,Baldwin Iv,Wade M,Baldwin Iv,W,B,W,B,W. Baldwin Iv,FENERBAHÇE BEKO,FBB,W. Baldwin Iv,2,,,,,,OTHER,,FENERBAHÇE BEKO foulon,,,,,,,,,0,192,2.0,,0,60,0,66
05:42,05:42:00,60,69,-9,2,4,REGULAR,79,T. BIBEROVIÇ,1,3pt,779,,[],jumpshot,1,13,Tarik,Biberoviç,Tarik,Biberoviç,T,B,T,B,T. Biberoviç,FENERBAHÇE BEKO,FBB,T. Biberoviç,13,,,33.729999542236,50.400001525879,1.0,P3,made,FENERBAHÇE BEKO T. BIBEROVIÇ 3Pt made,,,,,,,,,3,192,2.0,score,0,60,3,69
05:41,05:41:00,60,69,-9,1,4,REGULAR,0,,1,timeout,782,,[],full,0,,,,,,,,,,,GALATASARAY MCT TECHNIC,GSM,,,,,,,,TIMEOUT,,GALATASARAY MCT TECHNIC timeout,,,,,,,,,0,193,1.0,,0,60,0,69
05:41,05:41:00,60,69,-9,1,4,REGULAR,107,R. MEEKS,1,substitution,783,,[],out,0,9,Robinson Jr,Meeks,Robinson Jr,Meeks,R,M,R,M,R. Meeks,GALATASARAY MCT TECHNIC,GSM,R. Meeks,9,,,,,,SUB,out,GALATASARAY MCT TECHNIC substitution out,,,,,,,,,0,193,1.0,,0,60,0,69
05:41,05:41:00,60,69,-9,1,4,REGULAR,104,F. WHITE JR,1,substitution,784,,[],in,0,35,Fabian,White Jr,Fabian,White Jr,F,W,F,W,F. White Jr,GALATASARAY MCT TECHNIC,GSM,F. White Jr,35,,,,,,SUB,in,GALATASARAY MCT TECHNIC substitution in,,,,,,,,,0,193,1.0,,0,60,0,69
05:41,05:41:00,60,69,-9,2,4,REGULAR,91,K. BIRCH,1,substitution,785,,[],out,0,92,Khem,Birch,Khem,Birch,K,B,K,B,K. Birch,FENERBAHÇE BEKO,FBB,K. Birch,92,,,,,,SUB,out,FENERBAHÇE BEKO substitution out,,,,,,,,,0,193,1.0,,0,60,0,69
05:41,05:41:00,60,69,-9,2,4,REGULAR,92,N. MELLI,1,substitution,786,,[],in,0,4,Nicolo,Melli,Nicolo,Melli,N,M,N,M,N. Melli,FENERBAHÇE BEKO,FBB,N. Melli,4,,,,,,SUB,in,FENERBAHÇE BEKO substitution in,,,,,,,,,0,193,1.0,,0,60,0,69
05:25,05:25:00,60,69,-9,2,4,REGULAR,77,J. BIRSEN,1,foul,789,,['2freethrow'],personal,0,1,James Metecan,Birsen,James Metecan,Birsen,J,B,J,B,J. Birsen,FENERBAHÇE BEKO,FBB,J. Birsen,1,,,,,,FOUL,,FENERBAHÇE BEKO J. BIRSEN foul personal,,,,,,,,,0,193,1.0,,0,60,0,69
05:25,05:25:00,60,69,-9,1,4,REGULAR,104,F. WHITE JR,1,foulon,790,789,[],,0,35,Fabian,White Jr,Fabian,White Jr,F,W,F,W,F. White Jr,GALATASARAY MCT TECHNIC,GSM,F. White Jr,35,,,,,,OTHER,,GALATASARAY MCT TECHNIC foulon,,,,,,,,,0,193,1.0,,0,60,0,69
05:25,05:25:00,61,69,-8,1,4,REGULAR,104,F. WHITE JR,1,freethrow,791,,[],1of2,1,35,Fabian,White Jr,Fabian,White Jr,F,W,F,W,F. White Jr,GALATASARAY MCT TECHNIC,GSM,F. White Jr,35,,,,,,FT,made,GALATASARAY MCT TECHNIC F. WHITE JR FT 1of2 made,,,,,,,,,1,193,1.0,made_ft,1,61,0,69
05:25,05:25:00,62,69,-7,1,4,REGULAR,104,F. WHITE JR,1,freethrow,792,,[],2of2,1,35,Fabian,White Jr,Fabian,White Jr,F,W,F,W,F. White Jr,GALATASARAY MCT TECHNIC,GSM,F. White Jr,35,,,,,,FT,made,GALATASARAY MCT TECHNIC F. WHITE JR FT 2of2 made,,,,,,,,,1,194,2.0,made_ft_last,1,62,0,69
05:15,05:15:00,62,69,-7,2,4,REGULAR,77,J. BIRSEN,0,2pt,794,,"['pointsinthepaint', 'blocked']",layup,1,1,James Metecan,Birsen,James Metecan,Birsen,J,B,J,B,J. Birsen,FENERBAHÇE BEKO,FBB,J. Birsen,1,,,4.5599999427795,55.200000762939,0.0,P2,missed,FENERBAHÇE BEKO J. BIRSEN 2Pt missed,,,,105.0,1.0,F. GILLESPIE ,,,0,195,1.0,,0,62,0,69
05:15,05:15:00,62,69,-7,1,4,REGULAR,105,F. GILLESPIE ,1,block,795,794,[],,0,33,Frederick ,Gillespie ,Frederick ,Gillespie ,F,G,F,G,F. Gillespie ,GALATASARAY MCT TECHNIC,GSM,F. Gillespie ,33,,,,,,BS,,GALATASARAY MCT TECHNIC F. GILLESPIE  block,,,,,,,,,0,195,1.0,,0,62,0,69
05:12,05:12:00,62,69,-7,1,4,REGULAR,105,F. GILLESPIE ,1,rebound,796,794,[],defensive,0,33,Frederick ,Gillespie ,Frederick ,Gillespie ,F,G,F,G,F. Gillespie ,GALATASARAY MCT TECHNIC,GSM,F. Gillespie ,33,,,,,,REB,,GALATASARAY MCT TECHNIC rebound defensive,,,,,,,,,0,195,1.0,def_reb,0,62,0,69
05:04,05:04:00,64,69,-5,1,4,REGULAR,103,J. PALMER JR,1,2pt,797,,['pointsinthepaint'],layup,1,12,James Alfred,Palmer Jr,James Alfred,Palmer Jr,J,P,J,P,J. Palmer Jr,GALATASARAY MCT TECHNIC,GSM,J. Palmer Jr,12,,,90.51000213623,54.069999694824,1.0,P2,made,GALATASARAY MCT TECHNIC J. PALMER JR 2Pt made,,,,,,,,,2,196,2.0,score,2,64,0,69
04:39,04:39:00,64,72,-8,2,4,REGULAR,92,N. MELLI,1,3pt,798,,[],jumpshot,1,4,Nicolo,Melli,Nicolo,Melli,N,M,N,M,N. Melli,FENERBAHÇE BEKO,FBB,N. Melli,4,,,30.760000228882,32.599998474121,1.0,P3,made,FENERBAHÇE BEKO N. MELLI 3Pt made,79.0,2.0,T. BIBEROVIÇ,,,,,,3,197,1.0,score,0,64,3,72
04:39,04:39:00,64,72,-8,2,4,REGULAR,79,T. BIBEROVIÇ,1,assist,799,798,[],,0,13,Tarik,Biberoviç,Tarik,Biberoviç,T,B,T,B,T. Biberoviç,FENERBAHÇE BEKO,FBB,T. Biberoviç,13,,,,,,ASS,,FENERBAHÇE BEKO T. BIBEROVIÇ assist,,,,,,,,,0,198,2.0,,0,64,0,72
04:20,04:20:00,64,72,-8,1,4,REGULAR,105,F. GILLESPIE ,1,foul,801,,[],offensive,0,33,Frederick ,Gillespie ,Frederick ,Gillespie ,F,G,F,G,F. Gillespie ,GALATASARAY MCT TECHNIC,GSM,F. Gillespie ,33,,,,,,RFOUL,,GALATASARAY MCT TECHNIC F. GILLESPIE  foul offensive,,,,,,,,,0,198,2.0,offensive_foul,0,64,0,72
04:20,04:20:00,64,72,-8,1,4,REGULAR,105,F. GILLESPIE ,1,turnover,802,801,[],offensive,0,33,Frederick ,Gillespie ,Frederick ,Gillespie ,F,G,F,G,F. Gillespie ,GALATASARAY MCT TECHNIC,GSM,F. Gillespie ,33,,,,,,TO,,GALATASARAY MCT TECHNIC F. GILLESPIE  turnover offensive,,,,,,,,,0,199,1.0,turnover,0,64,0,72
04:20,04:20:00,64,72,-8,2,4,REGULAR,79,T. BIBEROVIÇ,1,foulon,803,801,[],,0,13,Tarik,Biberoviç,Tarik,Biberoviç,T,B,T,B,T. Biberoviç,FENERBAHÇE BEKO,FBB,T. Biberoviç,13,,,,,,OTHER,,FENERBAHÇE BEKO foulon,,,,,,,,,0,200,2.0,,0,64,0,72
04:20,04:20:00,64,72,-8,2,4,REGULAR,77,J. BIRSEN,1,substitution,804,,[],out,0,1,James Metecan,Birsen,James Metecan,Birsen,J,B,J,B,J. Birsen,FENERBAHÇE BEKO,FBB,J. Birsen,1,,,,,,SUB,out,FENERBAHÇE BEKO substitution out,,,,,,,,,0,200,2.0,,0,64,0,72
04:20,04:20:00,64,72,-8,2,4,REGULAR,91,K. BIRCH,1,substitution,805,,[],in,0,92,Khem,Birch,Khem,Birch,K,B,K,B,K. Birch,FENERBAHÇE BEKO,FBB,K. Birch,92,,,,,,SUB,in,FENERBAHÇE BEKO substitution in,,,,,,,,,0,200,2.0,,0,64,0,72
04:07,04:07:00,64,72,-8,2,4,REGULAR,79,T. BIBEROVIÇ,0,3pt,807,,['fromturnover'],jumpshot,1,13,Tarik,Biberoviç,Tarik,Biberoviç,T,B,T,B,T. Biberoviç,FENERBAHÇE BEKO,FBB,T. Biberoviç,13,,,28.270000457764,79.48999786377,0.0,P3,missed,FENERBAHÇE BEKO T. BIBEROVIÇ 3Pt missed,,,,,,,,,0,200,2.0,def_reb,0,64,0,72
04:05,04:05:00,64,72,-8,1,4,REGULAR,104,F. WHITE JR,1,rebound,808,807,[],defensive,0,35,Fabian,White Jr,Fabian,White Jr,F,W,F,W,F. White Jr,GALATASARAY MCT TECHNIC,GSM,F. White Jr,35,,,,,,REB,,GALATASARAY MCT TECHNIC rebound defensive,,,,,,,,,0,201,1.0,def_reb,0,64,0,72
03:56,03:56:00,67,72,-5,1,4,REGULAR,38,A. TUNCER,1,3pt,809,,[],jumpshot,1,19,Ahmet Bugrahan,Tuncer,Ahmet Bugrahan,Tuncer,A,T,A,T,A. Tuncer,GALATASARAY MCT TECHNIC,GSM,A. Tuncer,19,,,71.480003356934,74.690002441406,1.0,P3,made,GALATASARAY MCT TECHNIC A. TUNCER 3Pt made,103.0,1.0,J. PALMER JR,,,,,,3,202,2.0,score,3,67,0,72
03:56,03:56:00,67,72,-5,1,4,REGULAR,103,J. PALMER JR,1,assist,810,809,[],,0,12,James Alfred,Palmer Jr,James Alfred,Palmer Jr,J,P,J,P,J. Palmer Jr,GALATASARAY MCT TECHNIC,GSM,J. Palmer Jr,12,,,,,,ASS,,GALATASARAY MCT TECHNIC J. PALMER JR assist,,,,,,,,,0,203,1.0,,0,67,0,72
03:41,03:41:00,67,72,-5,1,4,REGULAR,105,F. GILLESPIE ,1,foul,814,,"['shooting', '2freethrow']",personal,0,33,Frederick ,Gillespie ,Frederick ,Gillespie ,F,G,F,G,F. Gillespie ,GALATASARAY MCT TECHNIC,GSM,F. Gillespie ,33,,,,,,FOUL,,GALATASARAY MCT TECHNIC F. GILLESPIE  foul personal,,,,,,,,,0,203,1.0,,0,67,0,72
03:41,03:41:00,67,72,-5,2,4,REGULAR,95,D. HALL,1,foulon,815,814,[],,0,20,Devon Howard,Hall,Devon Howard,Hall,D,H,D,H,D. Hall,FENERBAHÇE BEKO,FBB,D. Hall,20,,,,,,OTHER,,FENERBAHÇE BEKO foulon,,,,,,,,,0,203,1.0,,0,67,0,72
03:41,03:41:00,67,72,-5,1,4,REGULAR,105,F. GILLESPIE ,1,substitution,816,,[],out,0,33,Frederick ,Gillespie ,Frederick ,Gillespie ,F,G,F,G,F. Gillespie ,GALATASARAY MCT TECHNIC,GSM,F. Gillespie ,33,,,,,,SUB,out,GALATASARAY MCT TECHNIC substitution out,,,,,,,,,0,203,1.0,,0,67,0,72
03:41,03:41:00,67,72,-5,1,4,REGULAR,107,R. MEEKS,1,substitution,817,,[],in,0,9,Robinson Jr,Meeks,Robinson Jr,Meeks,R,M,R,M,R. Meeks,GALATASARAY MCT TECHNIC,GSM,R. Meeks,9,,,,,,SUB,in,GALATASARAY MCT TECHNIC substitution in,,,,,,,,,0,203,1.0,,0,67,0,72
03:41,03:41:00,67,72,-5,2,4,REGULAR,79,T. BIBEROVIÇ,1,substitution,818,,[],out,0,13,Tarik,Biberoviç,Tarik,Biberoviç,T,B,T,B,T. Biberoviç,FENERBAHÇE BEKO,FBB,T. Biberoviç,13,,,,,,SUB,out,FENERBAHÇE BEKO substitution out,,,,,,,,,0,203,1.0,,0,67,0,72
03:41,03:41:00,67,72,-5,2,4,REGULAR,89,O. BITIM,1,substitution,819,,[],in,0,17,Onuralp,Bitim,Onuralp,Bitim,O,B,O,B,O. Bitim,FENERBAHÇE BEKO,FBB,O. Bitim,17,,,,,,SUB,in,FENERBAHÇE BEKO substitution in,,,,,,,,,0,203,1.0,,0,67,0,72
03:41,03:41:00,67,73,-6,2,4,REGULAR,95,D. HALL,1,freethrow,820,,[],1of2,1,20,Devon Howard,Hall,Devon Howard,Hall,D,H,D,H,D. Hall,FENERBAHÇE BEKO,FBB,D. Hall,20,,,,,,FT,made,FENERBAHÇE BEKO D. HALL FT 1of2 made,,,,,,,,,1,203,1.0,made_ft,0,67,1,73
03:41,03:41:00,67,74,-7,2,4,REGULAR,95,D. HALL,1,freethrow,821,,[],2of2,1,20,Devon Howard,Hall,Devon Howard,Hall,D,H,D,H,D. Hall,FENERBAHÇE BEKO,FBB,D. Hall,20,,,,,,FT,made,FENERBAHÇE BEKO D. HALL FT 2of2 made,,,,,,,,,1,204,2.0,made_ft_last,0,67,1,74
03:22,03:22:00,70,74,-4,1,4,REGULAR,38,A. TUNCER,1,3pt,825,,[],jumpshot,1,19,Ahmet Bugrahan,Tuncer,Ahmet Bugrahan,Tuncer,A,T,A,T,A. Tuncer,GALATASARAY MCT TECHNIC,GSM,A. Tuncer,19,,,76.01000213623,88.25,1.0,P3,made,GALATASARAY MCT TECHNIC A. TUNCER 3Pt made,104.0,1.0,F. WHITE JR,,,,,,3,205,1.0,score,3,70,0,74
03:22,03:22:00,70,74,-4,1,4,REGULAR,104,F. WHITE JR,1,assist,826,825,[],,0,35,Fabian,White Jr,Fabian,White Jr,F,W,F,W,F. White Jr,GALATASARAY MCT TECHNIC,GSM,F. White Jr,35,,,,,,ASS,,GALATASARAY MCT TECHNIC F. WHITE JR assist,,,,,,,,,0,206,2.0,,0,70,0,74
02:58,02:58:00,70,74,-4,1,4,REGULAR,104,F. WHITE JR,1,foul,830,,['2freethrow'],personal,0,35,Fabian,White Jr,Fabian,White Jr,F,W,F,W,F. White Jr,GALATASARAY MCT TECHNIC,GSM,F. White Jr,35,,,,,,FOUL,,GALATASARAY MCT TECHNIC F. WHITE JR foul personal,,,,,,,,,0,206,2.0,,0,70,0,74
02:58,02:58:00,70,74,-4,2,4,REGULAR,94,W. BALDWIN IV,1,foulon,831,830,[],,0,2,Wade M,Baldwin Iv,Wade M,Baldwin Iv,W,B,W,B,W. Baldwin Iv,FENERBAHÇE BEKO,FBB,W. Baldwin Iv,2,,,,,,OTHER,,FENERBAHÇE BEKO foulon,,,,,,,,,0,206,2.0,,0,70,0,74
02:58,02:58:00,70,75,-5,2,4,REGULAR,94,W. BALDWIN IV,1,freethrow,832,,[],1of2,1,2,Wade M,Baldwin Iv,Wade M,Baldwin Iv,W,B,W,B,W. Baldwin Iv,FENERBAHÇE BEKO,FBB,W. Baldwin Iv,2,,,,,,FT,made,FENERBAHÇE BEKO W. BALDWIN IV FT 1of2 made,,,,,,,,,1,206,2.0,made_ft,0,70,1,75
02:58,02:58:00,70,76,-6,2,4,REGULAR,94,W. BALDWIN IV,1,freethrow,833,,[],2of2,1,2,Wade M,Baldwin Iv,Wade M,Baldwin Iv,W,B,W,B,W. Baldwin Iv,FENERBAHÇE BEKO,FBB,W. Baldwin Iv,2,,,,,,FT,made,FENERBAHÇE BEKO W. BALDWIN IV FT 2of2 made,,,,,,,,,1,207,1.0,made_ft_last,0,70,1,76
02:51,02:51:00,73,76,-3,1,4,REGULAR,103,J. PALMER JR,1,3pt,835,,['fastbreak'],jumpshot,1,12,James Alfred,Palmer Jr,James Alfred,Palmer Jr,J,P,J,P,J. Palmer Jr,GALATASARAY MCT TECHNIC,GSM,J. Palmer Jr,12,,,68.98999786377,21.299999237061,1.0,P3,made,GALATASARAY MCT TECHNIC J. PALMER JR 3Pt made,109.0,1.0,W. CUMMINGS,,,,,,3,208,2.0,score,3,73,0,76
02:51,02:51:00,73,76,-3,1,4,REGULAR,109,W. CUMMINGS,1,assist,836,835,[],,0,7,William,Cummings,William,Cummings,W,C,W,C,W. Cummings,GALATASARAY MCT TECHNIC,GSM,W. Cummings,7,,,,,,ASS,,GALATASARAY MCT TECHNIC W. CUMMINGS assist,,,,,,,,,0,209,1.0,,0,73,0,76
02:37,02:37:00,73,78,-5,2,4,REGULAR,94,W. BALDWIN IV,1,2pt,837,,[],jumpshot,1,2,Wade M,Baldwin Iv,Wade M,Baldwin Iv,W,B,W,B,W. Baldwin Iv,FENERBAHÇE BEKO,FBB,W. Baldwin Iv,2,,,18.280000686646,22.709999084473,1.0,P2,made,FENERBAHÇE BEKO W. BALDWIN IV 2Pt made,,,,,,,,,2,209,1.0,score,0,73,2,78
02:17,02:17:00,73,78,-5,1,4,REGULAR,107,R. MEEKS,0,3pt,838,,[],jumpshot,1,9,Robinson Jr,Meeks,Robinson Jr,Meeks,R,M,R,M,R. Meeks,GALATASARAY MCT TECHNIC,GSM,R. Meeks,9,,,73.199996948242,79.209999084473,0.0,P3,missed,GALATASARAY MCT TECHNIC R. MEEKS 3Pt missed,,,,,,,,,0,210,2.0,def_reb,0,73,0,78
02:12,02:12:00,73,78,-5,2,4,REGULAR,89,O. BITIM,1,rebound,839,838,[],defensive,0,17,Onuralp,Bitim,Onuralp,Bitim,O,B,O,B,O. Bitim,FENERBAHÇE BEKO,FBB,O. Bitim,17,,,,,,REB,,FENERBAHÇE BEKO rebound defensive,,,,,,,,,0,211,1.0,def_reb,0,73,0,78
01:57,01:57:00,73,78,-5,2,4,REGULAR,94,W. BALDWIN IV,0,2pt,842,,[],jumpshot,1,2,Wade M,Baldwin Iv,Wade M,Baldwin Iv,W,B,W,B,W. Baldwin Iv,FENERBAHÇE BEKO,FBB,W. Baldwin Iv,2,,,12.039999961853,28.079999923706,0.0,P2,missed,FENERBAHÇE BEKO W. BALDWIN IV 2Pt missed,,,,,,,,,0,212,2.0,def_reb,0,73,0,78
01:56,01:56:00,73,78,-5,1,4,REGULAR,109,W. CUMMINGS,1,rebound,843,842,[],defensive,0,7,William,Cummings,William,Cummings,W,C,W,C,W. Cummings,GALATASARAY MCT TECHNIC,GSM,W. Cummings,7,,,,,,REB,,GALATASARAY MCT TECHNIC rebound defensive,,,,,,,,,0,213,1.0,def_reb,0,73,0,78
01:54,01:54:00,73,78,-5,1,4,REGULAR,109,W. CUMMINGS,0,2pt,844,,['pointsinthepaint'],layup,1,7,William,Cummings,William,Cummings,W,C,W,C,W. Cummings,GALATASARAY MCT TECHNIC,GSM,W. Cummings,7,,,88.800003051758,49.830001831055,0.0,P2,missed,GALATASARAY MCT TECHNIC W. CUMMINGS 2Pt missed,,,,,,,,,0,214,2.0,,0,73,0,78
01:53,01:53:00,73,78,-5,1,4,REGULAR,107,R. MEEKS,1,rebound,846,844,[],offensive,0,9,Robinson Jr,Meeks,Robinson Jr,Meeks,R,M,R,M,R. Meeks,GALATASARAY MCT TECHNIC,GSM,R. Meeks,9,,,,,,REB,,GALATASARAY MCT TECHNIC rebound offensive,,,,,,,,,0,214,2.0,,0,73,0,78
01:53,01:53:00,73,78,-5,1,4,REGULAR,107,R. MEEKS,0,2pt,847,,"['2ndchance', 'pointsinthepaint']",tipinlayup,1,9,Robinson Jr,Meeks,Robinson Jr,Meeks,R,M,R,M,R. Meeks,GALATASARAY MCT TECHNIC,GSM,R. Meeks,9,,,94.0,50.0,0.0,P2,missed,GALATASARAY MCT TECHNIC R. MEEKS 2Pt missed,,,,,,,,,0,214,2.0,,0,73,0,78
01:53,01:53:00,73,78,-5,1,4,REGULAR,104,F. WHITE JR,1,rebound,848,847,[],offensive,0,35,Fabian,White Jr,Fabian,White Jr,F,W,F,W,F. White Jr,GALATASARAY MCT TECHNIC,GSM,F. White Jr,35,,,,,,REB,,GALATASARAY MCT TECHNIC rebound offensive,,,,,,,,,0,214,2.0,,0,73,0,78
01:53,01:53:00,73,78,-5,2,4,REGULAR,95,D. HALL,1,foul,849,,"['shooting', '2freethrow']",personal,0,20,Devon Howard,Hall,Devon Howard,Hall,D,H,D,H,D. Hall,FENERBAHÇE BEKO,FBB,D. Hall,20,,,,,,FOUL,,FENERBAHÇE BEKO D. HALL foul personal,,,,,,,,,0,214,2.0,,0,73,0,78
01:53,01:53:00,73,78,-5,1,4,REGULAR,104,F. WHITE JR,1,foulon,850,849,[],,0,35,Fabian,White Jr,Fabian,White Jr,F,W,F,W,F. White Jr,GALATASARAY MCT TECHNIC,GSM,F. White Jr,35,,,,,,OTHER,,GALATASARAY MCT TECHNIC foulon,,,,,,,,,0,214,2.0,,0,73,0,78
01:53,01:53:00,73,78,-5,2,4,REGULAR,89,O. BITIM,1,substitution,851,,[],out,0,17,Onuralp,Bitim,Onuralp,Bitim,O,B,O,B,O. Bitim,FENERBAHÇE BEKO,FBB,O. Bitim,17,,,,,,SUB,out,FENERBAHÇE BEKO substitution out,,,,,,,,,0,214,2.0,,0,73,0,78
01:53,01:53:00,73,78,-5,2,4,REGULAR,79,T. BIBEROVIÇ,1,substitution,852,,[],in,0,13,Tarik,Biberoviç,Tarik,Biberoviç,T,B,T,B,T. Biberoviç,FENERBAHÇE BEKO,FBB,T. Biberoviç,13,,,,,,SUB,in,FENERBAHÇE BEKO substitution in,,,,,,,,,0,214,2.0,,0,73,0,78
01:53,01:53:00,74,78,-4,1,4,REGULAR,104,F. WHITE JR,1,freethrow,853,,"['2ndchance', 'fastbreak']",1of2,1,35,Fabian,White Jr,Fabian,White Jr,F,W,F,W,F. White Jr,GALATASARAY MCT TECHNIC,GSM,F. White Jr,35,,,,,,FT,made,GALATASARAY MCT TECHNIC F. WHITE JR FT 1of2 made,,,,,,,,,1,214,2.0,made_ft,1,74,0,78
01:53,01:53:00,75,78,-3,1,4,REGULAR,104,F. WHITE JR,1,freethrow,854,,"['2ndchance', 'fastbreak']",2of2,1,35,Fabian,White Jr,Fabian,White Jr,F,W,F,W,F. White Jr,GALATASARAY MCT TECHNIC,GSM,F. White Jr,35,,,,,,FT,made,GALATASARAY MCT TECHNIC F. WHITE JR FT 2of2 made,,,,,,,,,1,215,1.0,made_ft_last,1,75,0,78
01:41,01:41:00,75,80,-5,2,4,REGULAR,92,N. MELLI,1,2pt,856,,['pointsinthepaint'],dunk,1,4,Nicolo,Melli,Nicolo,Melli,N,M,N,M,N. Melli,FENERBAHÇE BEKO,FBB,N. Melli,4,,,9.8599996566772,51.529998779297,1.0,P2,made,FENERBAHÇE BEKO N. MELLI 2Pt made,94.0,2.0,W. BALDWIN IV,,,,,,2,216,2.0,score,0,75,2,80
01:41,01:41:00,75,80,-5,2,4,REGULAR,94,W. BALDWIN IV,1,assist,857,856,[],,0,2,Wade M,Baldwin Iv,Wade M,Baldwin Iv,W,B,W,B,W. Baldwin Iv,FENERBAHÇE BEKO,FBB,W. Baldwin Iv,2,,,,,,ASS,,FENERBAHÇE BEKO W. BALDWIN IV assist,,,,,,,,,0,217,1.0,,0,75,0,80
01:27,01:27:00,75,80,-5,1,4,REGULAR,38,A. TUNCER,1,turnover,859,,[],ballhandling,0,19,Ahmet Bugrahan,Tuncer,Ahmet Bugrahan,Tuncer,A,T,A,T,A. Tuncer,GALATASARAY MCT TECHNIC,GSM,A. Tuncer,19,,,,,,TO,,GALATASARAY MCT TECHNIC A. TUNCER turnover ballhandling,,,,,,,,,0,217,1.0,turnover,0,75,0,80
01:27,01:27:00,75,80,-5,2,4,REGULAR,91,K. BIRCH,1,steal,860,859,[],,0,92,Khem,Birch,Khem,Birch,K,B,K,B,K. Birch,FENERBAHÇE BEKO,FBB,K. Birch,92,,,,,,ST,,FENERBAHÇE BEKO K. BIRCH steal,,,,,,,,,0,218,2.0,,0,75,0,80
01:26,01:26:00,75,80,-5,1,4,REGULAR,38,A. TUNCER,1,foul,861,,['2freethrow'],personal,0,19,Ahmet Bugrahan,Tuncer,Ahmet Bugrahan,Tuncer,A,T,A,T,A. Tuncer,GALATASARAY MCT TECHNIC,GSM,A. Tuncer,19,,,,,,FOUL,,GALATASARAY MCT TECHNIC A. TUNCER foul personal,,,,,,,,,0,218,2.0,,0,75,0,80
01:26,01:26:00,75,80,-5,2,4,REGULAR,95,D. HALL,1,foulon,862,861,[],,0,20,Devon Howard,Hall,Devon Howard,Hall,D,H,D,H,D. Hall,FENERBAHÇE BEKO,FBB,D. Hall,20,,,,,,OTHER,,FENERBAHÇE BEKO foulon,,,,,,,,,0,218,2.0,,0,75,0,80
01:26,01:26:00,75,81,-6,2,4,REGULAR,95,D. HALL,1,freethrow,863,,['fromturnover'],1of2,1,20,Devon Howard,Hall,Devon Howard,Hall,D,H,D,H,D. Hall,FENERBAHÇE BEKO,FBB,D. Hall,20,,,,,,FT,made,FENERBAHÇE BEKO D. HALL FT 1of2 made,,,,,,,,,1,218,2.0,made_ft,0,75,1,81
01:26,01:26:00,75,82,-7,2,4,REGULAR,95,D. HALL,1,freethrow,864,,['fromturnover'],2of2,1,20,Devon Howard,Hall,Devon Howard,Hall,D,H,D,H,D. Hall,FENERBAHÇE BEKO,FBB,D. Hall,20,,,,,,FT,made,FENERBAHÇE BEKO D. HALL FT 2of2 made,,,,,,,,,1,219,1.0,made_ft_last,0,75,1,82
01:24,01:24:00,75,82,-7,1,4,REGULAR,38,A. TUNCER,0,3pt,866,,[],jumpshot,1,19,Ahmet Bugrahan,Tuncer,Ahmet Bugrahan,Tuncer,A,T,A,T,A. Tuncer,GALATASARAY MCT TECHNIC,GSM,A. Tuncer,19,,,69.610000610352,29.489999771118,0.0,P3,missed,GALATASARAY MCT TECHNIC A. TUNCER 3Pt missed,,,,,,,,,0,220,2.0,def_reb,0,75,0,82
01:19,01:19:00,75,82,-7,2,4,REGULAR,0,,1,rebound,869,866,['team'],defensive,0,,,,,,,,,,,FENERBAHÇE BEKO,FBB,,,,,,,,TREB,,FENERBAHÇE BEKO team rebound defensive,,,,,,,,,0,221,1.0,def_reb,0,75,0,82
01:07,01:07:00,75,85,-10,2,4,REGULAR,79,T. BIBEROVIÇ,1,3pt,872,,[],jumpshot,1,13,Tarik,Biberoviç,Tarik,Biberoviç,T,B,T,B,T. Biberoviç,FENERBAHÇE BEKO,FBB,T. Biberoviç,13,,,24.840000152588,87.680000305176,1.0,P3,made,FENERBAHÇE BEKO T. BIBEROVIÇ 3Pt made,94.0,2.0,W. BALDWIN IV,,,,,,3,222,2.0,score,0,75,3,85
01:07,01:07:00,75,85,-10,2,4,REGULAR,94,W. BALDWIN IV,1,assist,874,872,[],,0,2,Wade M,Baldwin Iv,Wade M,Baldwin Iv,W,B,W,B,W. Baldwin Iv,FENERBAHÇE BEKO,FBB,W. Baldwin Iv,2,,,,,,ASS,,FENERBAHÇE BEKO W. BALDWIN IV assist,,,,,,,,,0,223,1.0,,0,75,0,85
01:06,01:06:00,75,85,-10,1,4,REGULAR,0,,1,timeout,875,,[],full,0,,,,,,,,,,,GALATASARAY MCT TECHNIC,GSM,,,,,,,,TIMEOUT,,GALATASARAY MCT TECHNIC timeout,,,,,,,,,0,223,1.0,,0,75,0,85
00:58,00:58:80,75,85,-10,1,4,REGULAR,107,R. MEEKS,0,3pt,877,,[],jumpshot,1,9,Robinson Jr,Meeks,Robinson Jr,Meeks,R,M,R,M,R. Meeks,GALATASARAY MCT TECHNIC,GSM,R. Meeks,9,,,68.98999786377,32.880001068115,0.0,P3,missed,GALATASARAY MCT TECHNIC R. MEEKS 3Pt missed,,,,,,,,,0,223,1.0,,0,75,0,85
00:56,00:56:20,75,85,-10,1,4,REGULAR,38,A. TUNCER,1,rebound,878,877,[],offensive,0,19,Ahmet Bugrahan,Tuncer,Ahmet Bugrahan,Tuncer,A,T,A,T,A. Tuncer,GALATASARAY MCT TECHNIC,GSM,A. Tuncer,19,,,,,,REB,,GALATASARAY MCT TECHNIC rebound offensive,,,,,,,,,0,223,1.0,,0,75,0,85
00:56,00:56:00,75,85,-10,2,4,REGULAR,79,T. BIBEROVIÇ,1,foul,881,,"['shooting', '2freethrow']",personal,0,13,Tarik,Biberoviç,Tarik,Biberoviç,T,B,T,B,T. Biberoviç,FENERBAHÇE BEKO,FBB,T. Biberoviç,13,,,,,,FOUL,,FENERBAHÇE BEKO T. BIBEROVIÇ foul personal,,,,,,,,,0,223,1.0,,0,75,0,85
00:56,00:56:00,75,85,-10,1,4,REGULAR,38,A. TUNCER,1,foulon,882,881,[],,0,19,Ahmet Bugrahan,Tuncer,Ahmet Bugrahan,Tuncer,A,T,A,T,A. Tuncer,GALATASARAY MCT TECHNIC,GSM,A. Tuncer,19,,,,,,OTHER,,GALATASARAY MCT TECHNIC foulon,,,,,,,,,0,223,1.0,,0,75,0,85
00:56,00:56:00,76,85,-9,1,4,REGULAR,38,A. TUNCER,1,freethrow,883,,['2ndchance'],1of2,1,19,Ahmet Bugrahan,Tuncer,Ahmet Bugrahan,Tuncer,A,T,A,T,A. Tuncer,GALATASARAY MCT TECHNIC,GSM,A. Tuncer,19,,,,,,FT,made,GALATASARAY MCT TECHNIC A. TUNCER FT 1of2 made,,,,,,,,,1,223,1.0,made_ft,1,76,0,85
00:56,00:56:00,76,85,-9,1,4,REGULAR,38,A. TUNCER,0,freethrow,884,,['2ndchance'],2of2,1,19,Ahmet Bugrahan,Tuncer,Ahmet Bugrahan,Tuncer,A,T,A,T,A. Tuncer,GALATASARAY MCT TECHNIC,GSM,A. Tuncer,19,,,,,,FT,missed,GALATASARAY MCT TECHNIC A. TUNCER FT 2of2 missed,,,,,,,,,0,224,2.0,,0,76,0,85
00:56,00:56:00,76,85,-9,1,4,REGULAR,104,F. WHITE JR,1,rebound,886,884,[],offensive,0,35,Fabian,White Jr,Fabian,White Jr,F,W,F,W,F. White Jr,GALATASARAY MCT TECHNIC,GSM,F. White Jr,35,,,,,,REB,,GALATASARAY MCT TECHNIC rebound offensive,,,,,,,,,0,224,2.0,,0,76,0,85
00:46,00:46:70,76,85,-9,1,4,REGULAR,38,A. TUNCER,0,2pt,887,,"['2ndchance', 'pointsinthepaint']",layup,1,19,Ahmet Bugrahan,Tuncer,Ahmet Bugrahan,Tuncer,A,T,A,T,A. Tuncer,GALATASARAY MCT TECHNIC,GSM,A. Tuncer,19,,,89.419998168945,53.5,0.0,P2,missed,GALATASARAY MCT TECHNIC A. TUNCER 2Pt missed,,,,,,,,,0,224,2.0,def_reb,0,76,0,85
00:43,00:43:90,76,85,-9,1,4,REGULAR,0,,1,rebound,891,887,['team'],offensive,0,,,,,,,,,,,GALATASARAY MCT TECHNIC,GSM,,,,,,,,TREB,,GALATASARAY MCT TECHNIC team rebound offensive,,,,,,,,,0,225,1.0,def_reb,0,76,0,85
00:41,00:41:40,76,85,-9,1,4,REGULAR,103,J. PALMER JR,0,3pt,893,,['2ndchance'],jumpshot,1,12,James Alfred,Palmer Jr,James Alfred,Palmer Jr,J,P,J,P,J. Palmer Jr,GALATASARAY MCT TECHNIC,GSM,J. Palmer Jr,12,,,80.059997558594,9.4399995803833,0.0,P3,missed,GALATASARAY MCT TECHNIC J. PALMER JR 3Pt missed,,,,,,,,,0,226,2.0,def_reb,0,76,0,85
00:39,00:39:20,76,85,-9,2,4,REGULAR,95,D. HALL,1,rebound,894,893,[],defensive,0,20,Devon Howard,Hall,Devon Howard,Hall,D,H,D,H,D. Hall,FENERBAHÇE BEKO,FBB,D. Hall,20,,,,,,REB,,FENERBAHÇE BEKO rebound defensive,,,,,,,,,0,227,1.0,def_reb,0,76,0,85
00:18,00:18:50,76,85,-9,2,4,REGULAR,94,W. BALDWIN IV,0,3pt,895,,[],jumpshot,1,2,Wade M,Baldwin Iv,Wade M,Baldwin Iv,W,B,W,B,W. Baldwin Iv,FENERBAHÇE BEKO,FBB,W. Baldwin Iv,2,,,31.700000762939,41.639999389648,0.0,P3,missed,FENERBAHÇE BEKO W. BALDWIN IV 3Pt missed,,,,,,,,,0,228,2.0,def_reb,0,76,0,85
00:14,00:14:10,76,85,-9,1,4,REGULAR,38,A. TUNCER,1,rebound,896,895,[],defensive,0,19,Ahmet Bugrahan,Tuncer,Ahmet Bugrahan,Tuncer,A,T,A,T,A. Tuncer,GALATASARAY MCT TECHNIC,GSM,A. Tuncer,19,,,,,,REB,,GALATASARAY MCT TECHNIC rebound defensive,,,,,,,,,0,229,1.0,def_reb,0,76,0,85
00:07,00:07:70,76,85,-9,1,4,REGULAR,109,W. CUMMINGS,0,3pt,897,,[],jumpshot,1,7,William,Cummings,William,Cummings,W,C,W,C,W. Cummings,GALATASARAY MCT TECHNIC,GSM,W. Cummings,7,,,68.830001831055,33.729999542236,0.0,P3,missed,GALATASARAY MCT TECHNIC W. CUMMINGS 3Pt missed,,,,,,,,,0,230,2.0,,0,76,0,85
00:05,00:05:10,76,85,-9,1,4,REGULAR,104,F. WHITE JR,1,rebound,898,897,[],offensive,0,35,Fabian,White Jr,Fabian,White Jr,F,W,F,W,F. White Jr,GALATASARAY MCT TECHNIC,GSM,F. White Jr,35,,,,,,REB,,GALATASARAY MCT TECHNIC rebound offensive,,,,,,,,,0,230,2.0,,0,76,0,85
00:02,00:02:80,76,85,-9,1,4,REGULAR,104,F. WHITE JR,0,3pt,899,,['2ndchance'],jumpshot,1,35,Fabian,White Jr,Fabian,White Jr,F,W,F,W,F. White Jr,GALATASARAY MCT TECHNIC,GSM,F. White Jr,35,,,78.970001220703,11.689999580383,0.0,P3,missed,GALATASARAY MCT TECHNIC F. WHITE JR 3Pt missed,,,,,,,,,0,230,2.0,def_reb,0,76,0,85
00:02,00:02:10,76,85,-9,2,4,REGULAR,91,K. BIRCH,1,rebound,901,899,[],defensive,0,92,Khem,Birch,Khem,Birch,K,B,K,B,K. Birch,FENERBAHÇE BEKO,FBB,K. Birch,92,,,,,,REB,,FENERBAHÇE BEKO rebound defensive,,,,,,,,,0,231,1.0,def_reb,0,76,0,85
00:01,00:01:10,76,85,-9,2,4,REGULAR,91,K. BIRCH,0,3pt,905,,[],jumpshot,1,92,Khem,Birch,Khem,Birch,K,B,K,B,K. Birch,FENERBAHÇE BEKO,FBB,K. Birch,92,,,64.150001525879,81.75,0.0,P3,missed,FENERBAHÇE BEKO K. BIRCH 3Pt missed,,,,,,,,,0,232,2.0,,0,76,0,85
00:00,00:00:00,76,85,-9,0,4,REGULAR,0,,1,period,907,,['confirmed'],end,0,,,,,,,,,,,,,,,,,,,,OTHER,,period end,,,,,,,,,0,232,2.0,,0,76,0,85
00:00,00:00:00,76,85,-9,0,4,REGULAR,0,,1,game,908,,['confirmed'],end,0,,,,,,,,,,,,,,,,,,,,OTHER,,game end,,,,,,,,,0,232,2.0,,0,76,0,85
