gt,clock,s1,s2,lead,tno,period,periodType,pno,player,success,actionType,actionNumber,previousAction,qualifier,subType,scoring,shirtNumber,firstName,familyName,internationalFirstName,internationalFamilyName,firstNameInitial,familyNameInitial,internationalFirstNameInitial,internationalFamilyNameInitial,scoreboardName,team_name,team_code,player_name_from_roster,player_shirt,player_pos_raw,player_pos_group,x,y,r,ev_code,ev_result,ev_text,assist_pno,assist_tno,assist_player,block_pno,block_tno,block_player,assist_pos_group,block_pos_group,points,possession_id,possession_owner_tno,possession_end_reason,pts_1,cum_1,pts_2,cum_2
10:00,10:00:00,0,0,0,0,1,REGULAR,0,,1,game,1,,[],start,0,,,,,,,,,,,,,,,,,,,,OTHER,,game start,,,,,,,,,0,0,,,0,0,0,0
10:00,10:00:00,0,0,0,0,1,REGULAR,0,,1,period,2,,[],start,0,,,,,,,,,,,,,,,,,,,,OTHER,,period start,,,,,,,,,0,0,,,0,0,0,0
10:00,10:00:00,0,0,0,0,1,REGULAR,0,,1,jumpball,4,,[],startperiod,0,,,,,,,,,,,,,,,,,,,,JUMP,,jump ball,,,,,,,,,0,0,,,0,0,0,0
09:59,09:59:00,0,0,0,2,1,REGULAR,99,A. BACOT JR,1,jumpball,5,4,[],won,0,00,Armando Linwood,Bacot Jr,Armando Linwood,Bacot Jr,A,B,A,B,A. Bacot Jr,FENERBAHÇE BEKO,FBB,A. Bacot Jr,00,,,,,,JUMP,,jump ball,,,,,,,,,0,0,,,0,0,0,0
09:59,09:59:00,0,0,0,1,1,REGULAR,88,M. BLAZEVIC,1,jumpball,6,4,[],lost,0,22,Marek,Blazevic,Marek,Blazevic,M,B,M,B,M. Blazevic,TOFAS,TOF,M. Blazevic,22,,,,,,JUMP,,jump ball,,,,,,,,,0,0,,,0,0,0,0
09:49,09:49:00,0,2,-2,2,1,REGULAR,96,T. TUCKER,1,2pt,9,,['pointsinthepaint'],layup,1,8,Talen Jalee,Tucker,Talen Jalee,Tucker,T,T,T,T,T. Tucker,FENERBAHÇE BEKO,FBB,T. Tucker,8,,,90.830001831055,45.310001373291,1.0,P2,made,FENERBAHÇE BEKO T. TUCKER 2Pt made,,,,,,,,,2,1,2.0,score,0,0,2,2
09:30,09:30:00,2,2,0,1,1,REGULAR,93,J. THOMASSON JR,1,2pt,10,,['pointsinthepaint'],layup,1,32,Joseph Elliotte,Thomasson Jr,Joseph Elliotte,Thomasson Jr,J,T,J,T,J. Thomasson Jr,TOFAS,TOF,J. Thomasson Jr,32,,,10.329999923706,47.009998321533,1.0,P2,made,TOFAS J. THOMASSON JR 2Pt made,89.0,1.0,A. PEREZ,,,,,,2,2,1.0,score,2,2,0,2
09:30,09:30:00,2,2,0,1,1,REGULAR,89,A. PEREZ,1,assist,11,10,[],,0,2,Alex Daniel,Perez,Alex Daniel,Perez,A,P,A,P,A. Perez,TOFAS,TOF,A. Perez,2,,,,,,ASS,,TOFAS A. PEREZ assist,,,,,,,,,0,3,2.0,,0,2,0,2
09:14,09:14:00,2,2,0,2,1,REGULAR,95,D. HALL,0,2pt,12,,['pointsinthepaint'],layup,1,20,Devon Howard,Hall,Devon Howard,Hall,D,H,D,H,D. Hall,FENERBAHÇE BEKO,FBB,D. Hall,20,,,92.230003356934,44.459999084473,0.0,P2,missed,FENERBAHÇE BEKO D. HALL 2Pt missed,,,,,,,,,0,3,2.0,def_reb,0,2,0,2
09:11,09:11:00,2,2,0,1,1,REGULAR,93,J. THOMASSON JR,1,rebound,13,12,[],defensive,0,32,Joseph Elliotte,Thomasson Jr,Joseph Elliotte,Thomasson Jr,J,T,J,T,J. Thomasson Jr,TOFAS,TOF,J. Thomasson Jr,32,,,,,,REB,,TOFAS rebound defensive,,,,,,,,,0,4,1.0,def_reb,0,2,0,2
08:53,08:53:00,4,2,2,1,1,REGULAR,88,M. BLAZEVIC,1,2pt,14,,['pointsinthepaint'],jumpshot,1,22,Marek,Blazevic,Marek,Blazevic,M,B,M,B,M. Blazevic,TOFAS,TOF,M. Blazevic,22,,,8.460000038147,62.259998321533,1.0,P2,made,TOFAS M. BLAZEVIC 2Pt made,89.0,1.0,A. PEREZ,,,,,,2,5,2.0,score,2,4,0,2
08:53,08:53:00,4,2,2,1,1,REGULAR,89,A. PEREZ,1,assist,15,14,[],,0,2,Alex Daniel,Perez,Alex Daniel,Perez,A,P,A,P,A. Perez,TOFAS,TOF,A. Perez,2,,,,,,ASS,,TOFAS A. PEREZ assist,,,,,,,,,0,6,1.0,,0,4,0,2
08:30,08:30:00,4,4,0,2,1,REGULAR,99,A. BACOT JR,1,2pt,16,,['pointsinthepaint'],jumpshot,1,00,Armando Linwood,Bacot Jr,Armando Linwood,Bacot Jr,A,B,A,B,A. Bacot Jr,FENERBAHÇE BEKO,FBB,A. Bacot Jr,00,,,91.290000915527,43.049999237061,1.0,P2,made,FENERBAHÇE BEKO A. BACOT JR 2Pt made,76.0,2.0,M. MAHMUTOGLU,,,,,,2,6,1.0,score,0,4,2,4
08:30,08:30:00,4,4,0,2,1,REGULAR,76,M. MAHMUTOGLU,1,assist,17,16,[],,0,10,Melih,Mahmutoglu,Melih,Mahmutoglu,M,M,M,M,M. Mahmutoglu,FENERBAHÇE BEKO,FBB,M. Mahmutoglu,10,,,,,,ASS,,FENERBAHÇE BEKO M. MAHMUTOGLU assist,,,,,,,,,0,7,2.0,,0,4,0,4
08:03,08:03:00,4,4,0,1,1,REGULAR,89,A. PEREZ,0,2pt,18,,[],jumpshot,1,2,Alex Daniel,Perez,Alex Daniel,Perez,A,P,A,P,A. Perez,TOFAS,TOF,A. Perez,2,,,20.620000839233,80.900001525879,0.0,P2,missed,TOFAS A. PEREZ 2Pt missed,,,,,,,,,0,7,2.0,,0,4,0,4
08:00,08:00:00,4,4,0,1,1,REGULAR,88,M. BLAZEVIC,1,rebound,19,18,[],offensive,0,22,Marek,Blazevic,Marek,Blazevic,M,B,M,B,M. Blazevic,TOFAS,TOF,M. Blazevic,22,,,,,,REB,,TOFAS rebound offensive,,,,,,,,,0,7,2.0,,0,4,0,4
07:57,07:57:00,6,4,2,1,1,REGULAR,88,M. BLAZEVIC,1,2pt,20,,"['2ndchance', 'pointsinthepaint']",hookshot,1,22,Marek,Blazevic,Marek,Blazevic,M,B,M,B,M. Blazevic,TOFAS,TOF,M. Blazevic,22,,,7.6799998283386,41.919998168945,1.0,P2,made,TOFAS M. BLAZEVIC 2Pt made,,,,,,,,,2,7,2.0,score,2,6,0,4
07:39,07:39:00,6,4,2,2,1,REGULAR,96,T. TUCKER,0,2pt,21,,['pointsinthepaint'],layup,1,8,Talen Jalee,Tucker,Talen Jalee,Tucker,T,T,T,T,T. Tucker,FENERBAHÇE BEKO,FBB,T. Tucker,8,,,93.169998168945,40.509998321533,0.0,P2,missed,FENERBAHÇE BEKO T. TUCKER 2Pt missed,,,,,,,,,0,8,1.0,,0,6,0,4
07:35,07:35:00,6,4,2,2,1,REGULAR,99,A. BACOT JR,1,rebound,22,21,[],offensive,0,00,Armando Linwood,Bacot Jr,Armando Linwood,Bacot Jr,A,B,A,B,A. Bacot Jr,FENERBAHÇE BEKO,FBB,A. Bacot Jr,00,,,,,,REB,,FENERBAHÇE BEKO rebound offensive,,,,,,,,,0,8,1.0,,0,6,0,4
07:35,07:35:00,6,4,2,2,1,REGULAR,99,A. BACOT JR,0,2pt,23,,"['2ndchance', 'pointsinthepaint']",tipinlayup,1,00,Armando Linwood,Bacot Jr,Armando Linwood,Bacot Jr,A,B,A,B,A. Bacot Jr,FENERBAHÇE BEKO,FBB,A. Bacot Jr,00,,,94.0,50.0,0.0,P2,missed,FENERBAHÇE BEKO A. BACOT JR 2Pt missed,,,,,,,,,0,8,1.0,,0,6,0,4
07:34,07:34:00,6,4,2,2,1,REGULAR,76,M. MAHMUTOGLU,1,rebound,24,23,[],offensive,0,10,Melih,Mahmutoglu,Melih,Mahmutoglu,M,M,M,M,M. Mahmutoglu,FENERBAHÇE BEKO,FBB,M. Mahmutoglu,10,,,,,,REB,,FENERBAHÇE BEKO rebound offensive,,,,,,,,,0,8,1.0,,0,6,0,4
07:27,07:27:00,6,4,2,2,1,REGULAR,76,M. MAHMUTOGLU,0,3pt,26,,['2ndchance'],jumpshot,1,10,Melih,Mahmutoglu,Melih,Mahmutoglu,M,M,M,M,M. Mahmutoglu,FENERBAHÇE BEKO,FBB,M. Mahmutoglu,10,,,72.569999694824,83.730003356934,0.0,P3,missed,FENERBAHÇE BEKO M. MAHMUTOGLU 3Pt missed,,,,,,,,,0,8,1.0,def_reb,0,6,0,4
07:27,07:27:00,6,4,2,2,1,REGULAR,0,,1,rebound,27,26,['team'],offensive,0,,,,,,,,,,,FENERBAHÇE BEKO,FBB,,,,,,,,TREB,,FENERBAHÇE BEKO team rebound offensive,,,,,,,,,0,9,2.0,def_reb,0,6,0,4
07:27,07:27:00,6,4,2,1,1,REGULAR,91,M. LEWIS III,1,foul,28,,[],personal,0,21,Maxwell Robert ,Lewis Iii,Maxwell Robert ,Lewis Iii,M,L,M,L,M. Lewis Iii,TOFAS,TOF,M. Lewis Iii,21,,,,,,FOUL,,TOFAS M. LEWIS III foul personal,,,,,,,,,0,10,1.0,,0,6,0,4
07:27,07:27:00,6,4,2,2,1,REGULAR,95,D. HALL,1,foulon,29,28,[],,0,20,Devon Howard,Hall,Devon Howard,Hall,D,H,D,H,D. Hall,FENERBAHÇE BEKO,FBB,D. Hall,20,,,,,,OTHER,,FENERBAHÇE BEKO foulon,,,,,,,,,0,10,1.0,,0,6,0,4
07:24,07:24:00,6,6,0,2,1,REGULAR,95,D. HALL,1,2pt,31,,"['2ndchance', 'pointsinthepaint']",layup,1,20,Devon Howard,Hall,Devon Howard,Hall,D,H,D,H,D. Hall,FENERBAHÇE BEKO,FBB,D. Hall,20,,,92.540000915527,63.389999389648,1.0,P2,made,FENERBAHÇE BEKO D. HALL 2Pt made,96.0,2.0,T. TUCKER,,,,,,2,10,1.0,score,0,6,2,6
07:24,07:24:00,6,6,0,2,1,REGULAR,96,T. TUCKER,1,assist,32,31,[],,0,8,Talen Jalee,Tucker,Talen Jalee,Tucker,T,T,T,T,T. Tucker,FENERBAHÇE BEKO,FBB,T. Tucker,8,,,,,,ASS,,FENERBAHÇE BEKO T. TUCKER assist,,,,,,,,,0,11,2.0,,0,6,0,6
07:12,07:12:00,8,6,2,1,1,REGULAR,89,A. PEREZ,1,2pt,34,,['pointsinthepaint'],layup,1,2,Alex Daniel,Perez,Alex Daniel,Perez,A,P,A,P,A. Perez,TOFAS,TOF,A. Perez,2,,,5.960000038147,59.439998626709,1.0,P2,made,TOFAS A. PEREZ 2Pt made,,,,,,,,,2,11,2.0,score,2,8,0,6
07:12,07:12:00,8,6,2,2,1,REGULAR,99,A. BACOT JR,1,foul,35,,"['shooting', '1freethrow']",personal,0,00,Armando Linwood,Bacot Jr,Armando Linwood,Bacot Jr,A,B,A,B,A. Bacot Jr,FENERBAHÇE BEKO,FBB,A. Bacot Jr,00,,,,,,FOUL,,FENERBAHÇE BEKO A. BACOT JR foul personal,,,,,,,,,0,12,1.0,,0,8,0,6
07:12,07:12:00,8,6,2,1,1,REGULAR,89,A. PEREZ,1,foulon,36,35,[],,0,2,Alex Daniel,Perez,Alex Daniel,Perez,A,P,A,P,A. Perez,TOFAS,TOF,A. Perez,2,,,,,,OTHER,,TOFAS foulon,,,,,,,,,0,12,1.0,,0,8,0,6
07:12,07:12:00,8,6,2,1,1,REGULAR,89,A. PEREZ,0,freethrow,37,,[],1of1,1,2,Alex Daniel,Perez,Alex Daniel,Perez,A,P,A,P,A. Perez,TOFAS,TOF,A. Perez,2,,,,,,FT,missed,TOFAS A. PEREZ FT 1of1 missed,,,,,,,,,0,12,1.0,,0,8,0,6
07:11,07:11:00,8,6,2,1,1,REGULAR,66,Y. SAYBIR,1,rebound,39,37,[],offensive,0,3,Yigitcan,Saybir,Yigitcan,Saybir,Y,S,Y,S,Y. Saybir,TOFAS,TOF,Y. Saybir,3,,,,,,REB,,TOFAS rebound offensive,,,,,,,,,0,12,1.0,,0,8,0,6
07:11,07:11:00,10,6,4,1,1,REGULAR,66,Y. SAYBIR,1,2pt,40,,"['2ndchance', 'pointsinthepaint']",tipinlayup,1,3,Yigitcan,Saybir,Yigitcan,Saybir,Y,S,Y,S,Y. Saybir,TOFAS,TOF,Y. Saybir,3,,,6.0,50.0,1.0,P2,made,TOFAS Y. SAYBIR 2Pt made,,,,,,,,,2,12,1.0,score,2,10,0,6
06:56,06:56:00,10,6,4,2,1,REGULAR,96,T. TUCKER,0,3pt,41,,[],jumpshot,1,8,Talen Jalee,Tucker,Talen Jalee,Tucker,T,T,T,T,T. Tucker,FENERBAHÇE BEKO,FBB,T. Tucker,8,,,71.330001831055,78.080001831055,0.0,P3,missed,FENERBAHÇE BEKO T. TUCKER 3Pt missed,,,,,,,,,0,13,2.0,def_reb,0,10,0,6
06:54,06:54:00,10,6,4,1,1,REGULAR,88,M. BLAZEVIC,1,rebound,42,41,[],defensive,0,22,Marek,Blazevic,Marek,Blazevic,M,B,M,B,M. Blazevic,TOFAS,TOF,M. Blazevic,22,,,,,,REB,,TOFAS rebound defensive,,,,,,,,,0,14,1.0,def_reb,0,10,0,6
06:49,06:49:00,10,6,4,2,1,REGULAR,77,J. BIRSEN,1,foul,44,,[],personal,0,1,James Metecan,Birsen,James Metecan,Birsen,J,B,J,B,J. Birsen,FENERBAHÇE BEKO,FBB,J. Birsen,1,,,,,,FOUL,,FENERBAHÇE BEKO J. BIRSEN foul personal,,,,,,,,,0,15,2.0,,0,10,0,6
06:49,06:49:00,10,6,4,1,1,REGULAR,89,A. PEREZ,1,foulon,45,44,[],,0,2,Alex Daniel,Perez,Alex Daniel,Perez,A,P,A,P,A. Perez,TOFAS,TOF,A. Perez,2,,,,,,OTHER,,TOFAS foulon,,,,,,,,,0,15,2.0,,0,10,0,6
06:34,06:34:00,12,6,6,1,1,REGULAR,89,A. PEREZ,1,2pt,49,,['pointsinthepaint'],drivinglayup,1,2,Alex Daniel,Perez,Alex Daniel,Perez,A,P,A,P,A. Perez,TOFAS,TOF,A. Perez,2,,,8.1400003433228,60.279998779297,1.0,P2,made,TOFAS A. PEREZ 2Pt made,,,,,,,,,2,15,2.0,score,2,12,0,6
06:33,06:33:00,12,6,6,2,1,REGULAR,0,,1,timeout,51,,[],full,0,,,,,,,,,,,FENERBAHÇE BEKO,FBB,,,,,,,,TIMEOUT,,FENERBAHÇE BEKO timeout,,,,,,,,,0,16,1.0,,0,12,0,6
06:18,06:18:00,12,8,4,2,1,REGULAR,99,A. BACOT JR,1,2pt,54,,['pointsinthepaint'],layup,1,00,Armando Linwood,Bacot Jr,Armando Linwood,Bacot Jr,A,B,A,B,A. Bacot Jr,FENERBAHÇE BEKO,FBB,A. Bacot Jr,00,,,93.949996948242,41.639999389648,1.0,P2,made,FENERBAHÇE BEKO A. BACOT JR 2Pt made,96.0,2.0,T. TUCKER,,,,,,2,16,1.0,score,0,12,2,8
06:18,06:18:00,12,8,4,2,1,REGULAR,96,T. TUCKER,1,assist,55,54,[],,0,8,Talen Jalee,Tucker,Talen Jalee,Tucker,T,T,T,T,T. Tucker,FENERBAHÇE BEKO,FBB,T. Tucker,8,,,,,,ASS,,FENERBAHÇE BEKO T. TUCKER assist,,,,,,,,,0,17,2.0,,0,12,0,8
06:18,06:18:00,12,8,4,1,1,REGULAR,88,M. BLAZEVIC,1,foul,56,,"['shooting', '1freethrow']",personal,0,22,Marek,Blazevic,Marek,Blazevic,M,B,M,B,M. Blazevic,TOFAS,TOF,M. Blazevic,22,,,,,,FOUL,,TOFAS M. BLAZEVIC foul personal,,,,,,,,,0,17,2.0,,0,12,0,8
06:18,06:18:00,12,8,4,2,1,REGULAR,99,A. BACOT JR,1,foulon,57,56,[],,0,00,Armando Linwood,Bacot Jr,Armando Linwood,Bacot Jr,A,B,A,B,A. Bacot Jr,FENERBAHÇE BEKO,FBB,A. Bacot Jr,00,,,,,,OTHER,,FENERBAHÇE BEKO foulon,,,,,,,,,0,17,2.0,,0,12,0,8
06:18,06:18:00,12,8,4,2,1,REGULAR,77,J. BIRSEN,1,substitution,58,,[],out,0,1,James Metecan,Birsen,James Metecan,Birsen,J,B,J,B,J. Birsen,FENERBAHÇE BEKO,FBB,J. Birsen,1,,,,,,SUB,out,FENERBAHÇE BEKO substitution out,,,,,,,,,0,17,2.0,,0,12,0,8
06:18,06:18:00,12,8,4,2,1,REGULAR,93,B. COLSON II,1,substitution,59,,[],in,0,50,Bonzie Alexander,Colson Ii,Bonzie Alexander,Colson Ii,B,C,B,C,B. Colson Ii,FENERBAHÇE BEKO,FBB,B. Colson Ii,50,,,,,,SUB,in,FENERBAHÇE BEKO substitution in,,,,,,,,,0,17,2.0,,0,12,0,8
06:18,06:18:00,12,9,3,2,1,REGULAR,99,A. BACOT JR,1,freethrow,60,,[],1of1,1,00,Armando Linwood,Bacot Jr,Armando Linwood,Bacot Jr,A,B,A,B,A. Bacot Jr,FENERBAHÇE BEKO,FBB,A. Bacot Jr,00,,,,,,FT,made,FENERBAHÇE BEKO A. BACOT JR FT 1of1 made,,,,,,,,,1,17,2.0,made_ft_last,0,12,1,9
06:08,06:08:00,12,9,3,1,1,REGULAR,93,J. THOMASSON JR,1,turnover,63,,[],outofbounds,0,32,Joseph Elliotte,Thomasson Jr,Joseph Elliotte,Thomasson Jr,J,T,J,T,J. Thomasson Jr,TOFAS,TOF,J. Thomasson Jr,32,,,,,,TO,,TOFAS J. THOMASSON JR turnover outofbounds,,,,,,,,,0,18,1.0,turnover,0,12,0,9
05:52,05:52:00,12,9,3,1,1,REGULAR,89,A. PEREZ,1,foul,66,,[],personal,0,2,Alex Daniel,Perez,Alex Daniel,Perez,A,P,A,P,A. Perez,TOFAS,TOF,A. Perez,2,,,,,,FOUL,,TOFAS A. PEREZ foul personal,,,,,,,,,0,19,2.0,,0,12,0,9
05:52,05:52:00,12,9,3,2,1,REGULAR,99,A. BACOT JR,1,foulon,67,66,[],,0,00,Armando Linwood,Bacot Jr,Armando Linwood,Bacot Jr,A,B,A,B,A. Bacot Jr,FENERBAHÇE BEKO,FBB,A. Bacot Jr,00,,,,,,OTHER,,FENERBAHÇE BEKO foulon,,,,,,,,,0,19,2.0,,0,12,0,9
05:37,05:37:00,12,11,1,2,1,REGULAR,95,D. HALL,1,2pt,69,,"['fromturnover', 'pointsinthepaint']",drivinglayup,1,20,Devon Howard,Hall,Devon Howard,Hall,D,H,D,H,D. Hall,FENERBAHÇE BEKO,FBB,D. Hall,20,,,88.800003051758,41.639999389648,1.0,P2,made,FENERBAHÇE BEKO D. HALL 2Pt made,,,,,,,,,2,19,2.0,score,0,12,2,11
05:14,05:14:00,12,11,1,1,1,REGULAR,93,J. THOMASSON JR,0,2pt,70,,['pointsinthepaint'],layup,1,32,Joseph Elliotte,Thomasson Jr,Joseph Elliotte,Thomasson Jr,J,T,J,T,J. Thomasson Jr,TOFAS,TOF,J. Thomasson Jr,32,,,10.800000190735,59.720001220703,0.0,P2,missed,TOFAS J. THOMASSON JR 2Pt missed,,,,,,,,,0,20,1.0,def_reb,0,12,0,11
05:11,05:11:00,12,11,1,2,1,REGULAR,99,A. BACOT JR,1,rebound,71,70,[],defensive,0,00,Armando Linwood,Bacot Jr,Armando Linwood,Bacot Jr,A,B,A,B,A. Bacot Jr,FENERBAHÇE BEKO,FBB,A. Bacot Jr,00,,,,,,REB,,FENERBAHÇE BEKO rebound defensive,,,,,,,,,0,21,2.0,def_reb,0,12,0,11
05:09,05:09:00,12,13,-1,2,1,REGULAR,96,T. TUCKER,1,2pt,72,,"['pointsinthepaint', 'fastbreak']",dunk,1,8,Talen Jalee,Tucker,Talen Jalee,Tucker,T,T,T,T,T. Tucker,FENERBAHÇE BEKO,FBB,T. Tucker,8,,,93.790000915527,42.200000762939,1.0,P2,made,FENERBAHÇE BEKO T. TUCKER 2Pt made,99.0,2.0,A. BACOT JR,,,,,,2,22,1.0,score,0,12,2,13
05:09,05:09:00,12,13,-1,2,1,REGULAR,99,A. BACOT JR,1,assist,73,72,[],,0,00,Armando Linwood,Bacot Jr,Armando Linwood,Bacot Jr,A,B,A,B,A. Bacot Jr,FENERBAHÇE BEKO,FBB,A. Bacot Jr,00,,,,,,ASS,,FENERBAHÇE BEKO A. BACOT JR assist,,,,,,,,,0,23,2.0,,0,12,0,13
04:49,04:49:00,14,13,1,1,1,REGULAR,88,M. BLAZEVIC,1,2pt,74,,['pointsinthepaint'],jumpshot,1,22,Marek,Blazevic,Marek,Blazevic,M,B,M,B,M. Blazevic,TOFAS,TOF,M. Blazevic,22,,,10.800000190735,53.790000915527,1.0,P2,made,TOFAS M. BLAZEVIC 2Pt made,89.0,1.0,A. PEREZ,,,,,,2,23,2.0,score,2,14,0,13
04:49,04:49:00,14,13,1,1,1,REGULAR,89,A. PEREZ,1,assist,75,74,[],,0,2,Alex Daniel,Perez,Alex Daniel,Perez,A,P,A,P,A. Perez,TOFAS,TOF,A. Perez,2,,,,,,ASS,,TOFAS A. PEREZ assist,,,,,,,,,0,24,1.0,,0,14,0,13
04:33,04:33:00,14,13,1,1,1,REGULAR,91,M. LEWIS III,1,foul,77,,[],personal,0,21,Maxwell Robert ,Lewis Iii,Maxwell Robert ,Lewis Iii,M,L,M,L,M. Lewis Iii,TOFAS,TOF,M. Lewis Iii,21,,,,,,FOUL,,TOFAS M. LEWIS III foul personal,,,,,,,,,0,24,1.0,,0,14,0,13
04:33,04:33:00,14,13,1,2,1,REGULAR,95,D. HALL,1,foulon,78,77,[],,0,20,Devon Howard,Hall,Devon Howard,Hall,D,H,D,H,D. Hall,FENERBAHÇE BEKO,FBB,D. Hall,20,,,,,,OTHER,,FENERBAHÇE BEKO foulon,,,,,,,,,0,24,1.0,,0,14,0,13
04:33,04:33:00,14,13,1,1,1,REGULAR,91,M. LEWIS III,1,substitution,79,,[],out,0,21,Maxwell Robert ,Lewis Iii,Maxwell Robert ,Lewis Iii,M,L,M,L,M. Lewis Iii,TOFAS,TOF,M. Lewis Iii,21,,,,,,SUB,out,TOFAS substitution out,,,,,,,,,0,24,1.0,,0,14,0,13
04:33,04:33:00,14,13,1,1,1,REGULAR,88,M. BLAZEVIC,1,substitution,80,,[],out,0,22,Marek,Blazevic,Marek,Blazevic,M,B,M,B,M. Blazevic,TOFAS,TOF,M. Blazevic,22,,,,,,SUB,out,TOFAS substitution out,,,,,,,,,0,24,1.0,,0,14,0,13
04:33,04:33:00,14,13,1,1,1,REGULAR,92,S. WHALEY,1,substitution,81,,[],in,0,5,Shaqwan Malic,Whaley,Shaqwan Malic,Whaley,S,W,S,W,S. Whaley,TOFAS,TOF,S. Whaley,5,,,,,,SUB,in,TOFAS substitution in,,,,,,,,,0,24,1.0,,0,14,0,13
04:33,04:33:00,14,13,1,1,1,REGULAR,55,T. GEÇIM,1,substitution,82,,[],in,0,8,Tolga,Geçim,Tolga,Geçim,T,G,T,G,T. Geçim,TOFAS,TOF,T. Geçim,8,,,,,,SUB,in,TOFAS substitution in,,,,,,,,,0,24,1.0,,0,14,0,13
04:33,04:33:00,14,13,1,2,1,REGULAR,99,A. BACOT JR,1,substitution,83,,[],out,0,00,Armando Linwood,Bacot Jr,Armando Linwood,Bacot Jr,A,B,A,B,A. Bacot Jr,FENERBAHÇE BEKO,FBB,A. Bacot Jr,00,,,,,,SUB,out,FENERBAHÇE BEKO substitution out,,,,,,,,,0,24,1.0,,0,14,0,13
04:33,04:33:00,14,13,1,2,1,REGULAR,96,T. TUCKER,1,substitution,84,,[],out,0,8,Talen Jalee,Tucker,Talen Jalee,Tucker,T,T,T,T,T. Tucker,FENERBAHÇE BEKO,FBB,T. Tucker,8,,,,,,SUB,out,FENERBAHÇE BEKO substitution out,,,,,,,,,0,24,1.0,,0,14,0,13
04:33,04:33:00,14,13,1,2,1,REGULAR,92,N. MELLI,1,substitution,85,,[],in,0,4,Nicolo,Melli,Nicolo,Melli,N,M,N,M,N. Melli,FENERBAHÇE BEKO,FBB,N. Melli,4,,,,,,SUB,in,FENERBAHÇE BEKO substitution in,,,,,,,,,0,24,1.0,,0,14,0,13
04:33,04:33:00,14,13,1,2,1,REGULAR,97,B. BOSTON JR,1,substitution,86,,[],in,0,11,Brandon Elliott,Boston Jr,Brandon Elliott,Boston Jr,B,B,B,B,B. Boston Jr,FENERBAHÇE BEKO,FBB,B. Boston Jr,11,,,,,,SUB,in,FENERBAHÇE BEKO substitution in,,,,,,,,,0,24,1.0,,0,14,0,13
04:20,04:20:00,14,13,1,2,1,REGULAR,92,N. MELLI,0,2pt,88,,[],jumpshot,1,4,Nicolo,Melli,Nicolo,Melli,N,M,N,M,N. Melli,FENERBAHÇE BEKO,FBB,N. Melli,4,,,78.029998779297,49.270000457764,0.0,P2,missed,FENERBAHÇE BEKO N. MELLI 2Pt missed,,,,,,,,,0,24,1.0,def_reb,0,14,0,13
04:18,04:18:00,14,13,1,1,1,REGULAR,66,Y. SAYBIR,1,rebound,89,88,[],defensive,0,3,Yigitcan,Saybir,Yigitcan,Saybir,Y,S,Y,S,Y. Saybir,TOFAS,TOF,Y. Saybir,3,,,,,,REB,,TOFAS rebound defensive,,,,,,,,,0,25,2.0,def_reb,0,14,0,13
04:11,04:11:00,14,13,1,1,1,REGULAR,92,S. WHALEY,0,2pt,90,,['pointsinthepaint'],layup,1,5,Shaqwan Malic,Whaley,Shaqwan Malic,Whaley,S,W,S,W,S. Whaley,TOFAS,TOF,S. Whaley,5,,,15.010000228882,57.459999084473,0.0,P2,missed,TOFAS S. WHALEY 2Pt missed,,,,,,,,,0,26,1.0,def_reb,0,14,0,13
04:08,04:08:00,14,13,1,2,1,REGULAR,0,,1,rebound,92,90,['team'],defensive,0,,,,,,,,,,,FENERBAHÇE BEKO,FBB,,,,,,,,TREB,,FENERBAHÇE BEKO team rebound defensive,,,,,,,,,0,27,2.0,def_reb,0,14,0,13
03:44,03:44:00,14,13,1,2,1,REGULAR,93,B. COLSON II,0,3pt,94,,[],jumpshot,1,50,Bonzie Alexander,Colson Ii,Bonzie Alexander,Colson Ii,B,C,B,C,B. Colson Ii,FENERBAHÇE BEKO,FBB,B. Colson Ii,50,,,92.699996948242,4.6300001144409,0.0,P3,missed,FENERBAHÇE BEKO B. COLSON II 3Pt missed,,,,,,,,,0,28,1.0,def_reb,0,14,0,13
03:39,03:39:00,14,13,1,1,1,REGULAR,93,J. THOMASSON JR,1,rebound,95,94,[],defensive,0,32,Joseph Elliotte,Thomasson Jr,Joseph Elliotte,Thomasson Jr,J,T,J,T,J. Thomasson Jr,TOFAS,TOF,J. Thomasson Jr,32,,,,,,REB,,TOFAS rebound defensive,,,,,,,,,0,29,2.0,def_reb,0,14,0,13
03:27,03:27:00,14,13,1,1,1,REGULAR,66,Y. SAYBIR,0,3pt,96,,[],jumpshot,1,3,Yigitcan,Saybir,Yigitcan,Saybir,Y,S,Y,S,Y. Saybir,TOFAS,TOF,Y. Saybir,3,,,7.0500001907349,5.1999998092651,0.0,P3,missed,TOFAS Y. SAYBIR 3Pt missed,,,,,,,,,0,30,1.0,def_reb,0,14,0,13
03:24,03:24:00,14,13,1,2,1,REGULAR,93,B. COLSON II,1,rebound,97,96,[],defensive,0,50,Bonzie Alexander,Colson Ii,Bonzie Alexander,Colson Ii,B,C,B,C,B. Colson Ii,FENERBAHÇE BEKO,FBB,B. Colson Ii,50,,,,,,REB,,FENERBAHÇE BEKO rebound defensive,,,,,,,,,0,31,2.0,def_reb,0,14,0,13
03:15,03:15:00,14,13,1,1,1,REGULAR,93,J. THOMASSON JR,1,foul,99,,"['shooting', '2freethrow']",personal,0,32,Joseph Elliotte,Thomasson Jr,Joseph Elliotte,Thomasson Jr,J,T,J,T,J. Thomasson Jr,TOFAS,TOF,J. Thomasson Jr,32,,,,,,FOUL,,TOFAS J. THOMASSON JR foul personal,,,,,,,,,0,32,1.0,,0,14,0,13
03:15,03:15:00,14,13,1,2,1,REGULAR,92,N. MELLI,1,foulon,100,99,[],,0,4,Nicolo,Melli,Nicolo,Melli,N,M,N,M,N. Melli,FENERBAHÇE BEKO,FBB,N. Melli,4,,,,,,OTHER,,FENERBAHÇE BEKO foulon,,,,,,,,,0,32,1.0,,0,14,0,13
03:15,03:15:00,14,14,0,1,1,REGULAR,93,J. THOMASSON JR,1,substitution,101,,[],out,0,32,Joseph Elliotte,Thomasson Jr,Joseph Elliotte,Thomasson Jr,J,T,J,T,J. Thomasson Jr,TOFAS,TOF,J. Thomasson Jr,32,,,,,,SUB,out,TOFAS substitution out,,,,,,,,,0,32,1.0,,0,14,0,13
03:15,03:15:00,14,14,0,1,1,REGULAR,90,H. BESSON,1,substitution,102,,[],in,0,25,Hugo Eric,Besson,Hugo Eric,Besson,H,B,H,B,H. Besson,TOFAS,TOF,H. Besson,25,,,,,,SUB,in,TOFAS substitution in,,,,,,,,,0,32,1.0,,0,14,0,13
03:15,03:15:00,14,14,0,2,1,REGULAR,76,M. MAHMUTOGLU,1,substitution,103,,[],out,0,10,Melih,Mahmutoglu,Melih,Mahmutoglu,M,M,M,M,M. Mahmutoglu,FENERBAHÇE BEKO,FBB,M. Mahmutoglu,10,,,,,,SUB,out,FENERBAHÇE BEKO substitution out,,,,,,,,,0,32,1.0,,0,14,0,13
03:15,03:15:00,14,14,0,2,1,REGULAR,89,O. BITIM,1,substitution,104,,[],in,0,17,Onuralp,Bitim,Onuralp,Bitim,O,B,O,B,O. Bitim,FENERBAHÇE BEKO,FBB,O. Bitim,17,,,,,,SUB,in,FENERBAHÇE BEKO substitution in,,,,,,,,,0,32,1.0,,0,14,0,13
03:15,03:15:00,14,14,0,2,1,REGULAR,92,N. MELLI,1,freethrow,105,,[],1of2,1,4,Nicolo,Melli,Nicolo,Melli,N,M,N,M,N. Melli,FENERBAHÇE BEKO,FBB,N. Melli,4,,,,,,FT,made,FENERBAHÇE BEKO N. MELLI FT 1of2 made,,,,,,,,,1,32,1.0,made_ft,0,14,1,14
03:15,03:15:00,14,14,0,2,1,REGULAR,92,N. MELLI,0,freethrow,106,,[],2of2,1,4,Nicolo,Melli,Nicolo,Melli,N,M,N,M,N. Melli,FENERBAHÇE BEKO,FBB,N. Melli,4,,,,,,FT,missed,FENERBAHÇE BEKO N. MELLI FT 2of2 missed,,,,,,,,,0,33,2.0,def_reb,0,14,0,14
03:15,03:15:00,14,14,0,1,1,REGULAR,55,T. GEÇIM,1,rebound,107,106,[],defensive,0,8,Tolga,Geçim,Tolga,Geçim,T,G,T,G,T. Geçim,TOFAS,TOF,T. Geçim,8,,,,,,REB,,TOFAS rebound defensive,,,,,,,,,0,34,1.0,def_reb,0,14,0,14
02:59,02:59:00,14,14,0,1,1,REGULAR,90,H. BESSON,0,3pt,109,,[],jumpshot,1,25,Hugo Eric,Besson,Hugo Eric,Besson,H,B,H,B,H. Besson,TOFAS,TOF,H. Besson,25,,,12.510000228882,96.160003662109,0.0,P3,missed,TOFAS H. BESSON 3Pt missed,,,,,,,,,0,35,2.0,def_reb,0,14,0,14
02:56,02:56:00,14,14,0,2,1,REGULAR,92,N. MELLI,1,rebound,110,109,[],defensive,0,4,Nicolo,Melli,Nicolo,Melli,N,M,N,M,N. Melli,FENERBAHÇE BEKO,FBB,N. Melli,4,,,,,,REB,,FENERBAHÇE BEKO rebound defensive,,,,,,,,,0,36,1.0,def_reb,0,14,0,14
02:50,02:50:00,14,16,-2,2,1,REGULAR,93,B. COLSON II,1,2pt,111,,['pointsinthepaint'],layup,1,50,Bonzie Alexander,Colson Ii,Bonzie Alexander,Colson Ii,B,C,B,C,B. Colson Ii,FENERBAHÇE BEKO,FBB,B. Colson Ii,50,,,93.629997253418,43.049999237061,1.0,P2,made,FENERBAHÇE BEKO B. COLSON II 2Pt made,,,,,,,,,2,37,2.0,score,0,14,2,16
02:35,02:35:00,14,16,-2,2,1,REGULAR,92,N. MELLI,1,foul,116,,[],personal,0,4,Nicolo,Melli,Nicolo,Melli,N,M,N,M,N. Melli,FENERBAHÇE BEKO,FBB,N. Melli,4,,,,,,FOUL,,FENERBAHÇE BEKO N. MELLI foul personal,,,,,,,,,0,38,1.0,,0,14,0,16
02:35,02:35:00,14,16,-2,1,1,REGULAR,89,A. PEREZ,1,foulon,117,116,[],,0,2,Alex Daniel,Perez,Alex Daniel,Perez,A,P,A,P,A. Perez,TOFAS,TOF,A. Perez,2,,,,,,OTHER,,TOFAS foulon,,,,,,,,,0,38,1.0,,0,14,0,16
02:32,02:32:00,14,16,-2,2,1,REGULAR,95,D. HALL,1,substitution,121,,[],out,0,20,Devon Howard,Hall,Devon Howard,Hall,D,H,D,H,D. Hall,FENERBAHÇE BEKO,FBB,D. Hall,20,,,,,,SUB,out,FENERBAHÇE BEKO substitution out,,,,,,,,,0,38,1.0,,0,14,0,16
02:32,02:32:00,14,16,-2,2,1,REGULAR,90,A. ZAGARS,1,substitution,122,,[],in,0,32,Arturs Martins,Zagars,Arturs Martins,Zagars,A,Z,A,Z,A. Zagars,FENERBAHÇE BEKO,FBB,A. Zagars,32,,,,,,SUB,in,FENERBAHÇE BEKO substitution in,,,,,,,,,0,38,1.0,,0,14,0,16
02:21,02:21:00,14,16,-2,1,1,REGULAR,90,H. BESSON,0,2pt,124,,['pointsinthepaint'],drivinglayup,1,25,Hugo Eric,Besson,Hugo Eric,Besson,H,B,H,B,H. Besson,TOFAS,TOF,H. Besson,25,,,12.510000228882,57.459999084473,0.0,P2,missed,TOFAS H. BESSON 2Pt missed,,,,,,,,,0,38,1.0,def_reb,0,14,0,16
02:18,02:18:00,14,16,-2,2,1,REGULAR,92,N. MELLI,1,rebound,125,124,[],defensive,0,4,Nicolo,Melli,Nicolo,Melli,N,M,N,M,N. Melli,FENERBAHÇE BEKO,FBB,N. Melli,4,,,,,,REB,,FENERBAHÇE BEKO rebound defensive,,,,,,,,,0,39,2.0,def_reb,0,14,0,16
02:07,02:07:00,14,16,-2,2,1,REGULAR,97,B. BOSTON JR,0,2pt,126,,['pointsinthepaint'],layup,1,11,Brandon Elliott,Boston Jr,Brandon Elliott,Boston Jr,B,B,B,B,B. Boston Jr,FENERBAHÇE BEKO,FBB,B. Boston Jr,11,,,95.040000915527,44.459999084473,0.0,P2,missed,FENERBAHÇE BEKO B. BOSTON JR 2Pt missed,,,,,,,,,0,40,1.0,,0,14,0,16
02:05,02:05:00,14,16,-2,2,1,REGULAR,97,B. BOSTON JR,1,rebound,127,126,[],offensive,0,11,Brandon Elliott,Boston Jr,Brandon Elliott,Boston Jr,B,B,B,B,B. Boston Jr,FENERBAHÇE BEKO,FBB,B. Boston Jr,11,,,,,,REB,,FENERBAHÇE BEKO rebound offensive,,,,,,,,,0,40,1.0,,0,14,0,16
02:04,02:04:00,14,16,-2,2,1,REGULAR,97,B. BOSTON JR,0,2pt,128,,"['2ndchance', 'pointsinthepaint']",layup,1,11,Brandon Elliott,Boston Jr,Brandon Elliott,Boston Jr,B,B,B,B,B. Boston Jr,FENERBAHÇE BEKO,FBB,B. Boston Jr,11,,,91.290000915527,44.180000305176,0.0,P2,missed,FENERBAHÇE BEKO B. BOSTON JR 2Pt missed,,,,,,,,,0,40,1.0,,0,14,0,16
02:01,02:01:00,14,16,-2,2,1,REGULAR,97,B. BOSTON JR,1,rebound,129,128,[],offensive,0,11,Brandon Elliott,Boston Jr,Brandon Elliott,Boston Jr,B,B,B,B,B. Boston Jr,FENERBAHÇE BEKO,FBB,B. Boston Jr,11,,,,,,REB,,FENERBAHÇE BEKO rebound offensive,,,,,,,,,0,40,1.0,,0,14,0,16
02:01,02:01:00,14,18,-4,2,1,REGULAR,97,B. BOSTON JR,1,2pt,130,,"['2ndchance', 'pointsinthepaint']",tipinlayup,1,11,Brandon Elliott,Boston Jr,Brandon Elliott,Boston Jr,B,B,B,B,B. Boston Jr,FENERBAHÇE BEKO,FBB,B. Boston Jr,11,,,94.0,50.0,1.0,P2,made,FENERBAHÇE BEKO B. BOSTON JR 2Pt made,,,,,,,,,2,40,1.0,score,0,14,2,18
01:46,01:46:00,14,18,-4,2,1,REGULAR,90,A. ZAGARS,1,foul,132,,[],personal,0,32,Arturs Martins,Zagars,Arturs Martins,Zagars,A,Z,A,Z,A. Zagars,FENERBAHÇE BEKO,FBB,A. Zagars,32,,,,,,FOUL,,FENERBAHÇE BEKO A. ZAGARS foul personal,,,,,,,,,0,41,2.0,,0,14,0,18
01:46,01:46:00,14,18,-4,1,1,REGULAR,89,A. PEREZ,1,foulon,133,132,[],,0,2,Alex Daniel,Perez,Alex Daniel,Perez,A,P,A,P,A. Perez,TOFAS,TOF,A. Perez,2,,,,,,OTHER,,TOFAS foulon,,,,,,,,,0,41,2.0,,0,14,0,18
01:46,01:46:00,14,18,-4,1,1,REGULAR,66,Y. SAYBIR,1,substitution,134,,[],out,0,3,Yigitcan,Saybir,Yigitcan,Saybir,Y,S,Y,S,Y. Saybir,TOFAS,TOF,Y. Saybir,3,,,,,,SUB,out,TOFAS substitution out,,,,,,,,,0,41,2.0,,0,14,0,18
01:46,01:46:00,14,18,-4,1,1,REGULAR,94,W. KIDD JR,1,substitution,135,,[],in,0,15,Warren Lynn,Kidd Jr,Warren Lynn,Kidd Jr,W,K,W,K,W. Kidd Jr,TOFAS,TOF,W. Kidd Jr,15,,,,,,SUB,in,TOFAS substitution in,,,,,,,,,0,41,2.0,,0,14,0,18
01:44,01:44:00,14,18,-4,2,1,REGULAR,97,B. BOSTON JR,1,foul,138,,"['shooting', '2freethrow']",personal,0,11,Brandon Elliott,Boston Jr,Brandon Elliott,Boston Jr,B,B,B,B,B. Boston Jr,FENERBAHÇE BEKO,FBB,B. Boston Jr,11,,,,,,FOUL,,FENERBAHÇE BEKO B. BOSTON JR foul personal,,,,,,,,,0,41,2.0,,0,14,0,18
01:44,01:44:00,14,18,-4,1,1,REGULAR,55,T. GEÇIM,1,foulon,139,138,[],,0,8,Tolga,Geçim,Tolga,Geçim,T,G,T,G,T. Geçim,TOFAS,TOF,T. Geçim,8,,,,,,OTHER,,TOFAS foulon,,,,,,,,,0,41,2.0,,0,14,0,18
01:44,01:44:00,15,18,-3,1,1,REGULAR,55,T. GEÇIM,1,freethrow,140,,[],1of2,1,8,Tolga,Geçim,Tolga,Geçim,T,G,T,G,T. Geçim,TOFAS,TOF,T. Geçim,8,,,,,,FT,made,TOFAS T. GEÇIM FT 1of2 made,,,,,,,,,1,41,2.0,made_ft,1,15,0,18
01:44,01:44:00,16,18,-2,1,1,REGULAR,55,T. GEÇIM,1,freethrow,141,,[],2of2,1,8,Tolga,Geçim,Tolga,Geçim,T,G,T,G,T. Geçim,TOFAS,TOF,T. Geçim,8,,,,,,FT,made,TOFAS T. GEÇIM FT 2of2 made,,,,,,,,,1,42,1.0,made_ft_last,1,16,0,18
01:22,01:22:00,16,18,-2,2,1,REGULAR,92,N. MELLI,0,2pt,143,,['pointsinthepaint'],hookshot,1,4,Nicolo,Melli,Nicolo,Melli,N,M,N,M,N. Melli,FENERBAHÇE BEKO,FBB,N. Melli,4,,,91.76000213623,58.869998931885,0.0,P2,missed,FENERBAHÇE BEKO N. MELLI 2Pt missed,,,,,,,,,0,43,2.0,def_reb,0,16,0,18
01:19,01:19:00,16,18,-2,1,1,REGULAR,94,W. KIDD JR,1,rebound,144,143,[],defensive,0,15,Warren Lynn,Kidd Jr,Warren Lynn,Kidd Jr,W,K,W,K,W. Kidd Jr,TOFAS,TOF,W. Kidd Jr,15,,,,,,REB,,TOFAS rebound defensive,,,,,,,,,0,44,1.0,def_reb,0,16,0,18
01:01,01:01:00,16,18,-2,1,1,REGULAR,92,S. WHALEY,1,turnover,148,,[],outofbounds,0,5,Shaqwan Malic,Whaley,Shaqwan Malic,Whaley,S,W,S,W,S. Whaley,TOFAS,TOF,S. Whaley,5,,,,,,TO,,TOFAS S. WHALEY turnover outofbounds,,,,,,,,,0,45,2.0,turnover,0,16,0,18
01:01,01:01:00,16,18,-2,1,1,REGULAR,89,A. PEREZ,1,substitution,149,,[],out,0,2,Alex Daniel,Perez,Alex Daniel,Perez,A,P,A,P,A. Perez,TOFAS,TOF,A. Perez,2,,,,,,SUB,out,TOFAS substitution out,,,,,,,,,0,46,1.0,,0,16,0,18
01:01,01:01:00,16,18,-2,1,1,REGULAR,67,Ö. CENGIZ,1,substitution,150,,[],in,0,1,Özgür,Cengiz,Özgür,Cengiz,Ö,C,Ö,C,Ö. Cengiz,TOFAS,TOF,Ö. Cengiz,1,,,,,,SUB,in,TOFAS substitution in,,,,,,,,,0,46,1.0,,0,16,0,18
00:48,00:48:30,16,18,-2,2,1,REGULAR,92,N. MELLI,0,3pt,152,,['fromturnover'],jumpshot,1,4,Nicolo,Melli,Nicolo,Melli,N,M,N,M,N. Melli,FENERBAHÇE BEKO,FBB,N. Melli,4,,,68.830001831055,75.819999694824,0.0,P3,missed,FENERBAHÇE BEKO N. MELLI 3Pt missed,,,,,,,,,0,46,1.0,def_reb,0,16,0,18
00:45,00:45:90,16,18,-2,1,1,REGULAR,94,W. KIDD JR,1,rebound,153,152,[],defensive,0,15,Warren Lynn,Kidd Jr,Warren Lynn,Kidd Jr,W,K,W,K,W. Kidd Jr,TOFAS,TOF,W. Kidd Jr,15,,,,,,REB,,TOFAS rebound defensive,,,,,,,,,0,47,2.0,def_reb,0,16,0,18
00:37,00:37:20,16,18,-2,1,1,REGULAR,55,T. GEÇIM,1,turnover,154,,[],badpass,0,8,Tolga,Geçim,Tolga,Geçim,T,G,T,G,T. Geçim,TOFAS,TOF,T. Geçim,8,,,,,,TO,,TOFAS T. GEÇIM turnover badpass,,,,,,,,,0,48,1.0,turnover,0,16,0,18
00:37,00:37:20,16,18,-2,2,1,REGULAR,93,B. COLSON II,1,steal,155,154,[],,0,50,Bonzie Alexander,Colson Ii,Bonzie Alexander,Colson Ii,B,C,B,C,B. Colson Ii,FENERBAHÇE BEKO,FBB,B. Colson Ii,50,,,,,,ST,,FENERBAHÇE BEKO B. COLSON II steal,,,,,,,,,0,49,2.0,,0,16,0,18
00:13,00:13:50,16,18,-2,2,1,REGULAR,97,B. BOSTON JR,0,2pt,156,,['fromturnover'],pullupjumpshot,1,11,Brandon Elliott,Boston Jr,Brandon Elliott,Boston Jr,B,B,B,B,B. Boston Jr,FENERBAHÇE BEKO,FBB,B. Boston Jr,11,,,76.790000915527,39.659999847412,0.0,P2,missed,FENERBAHÇE BEKO B. BOSTON JR 2Pt missed,,,,,,,,,0,49,2.0,def_reb,0,16,0,18
00:10,00:10:70,16,18,-2,1,1,REGULAR,92,S. WHALEY,1,rebound,157,156,[],defensive,0,5,Shaqwan Malic,Whaley,Shaqwan Malic,Whaley,S,W,S,W,S. Whaley,TOFAS,TOF,S. Whaley,5,,,,,,REB,,TOFAS rebound defensive,,,,,,,,,0,50,1.0,def_reb,0,16,0,18
00:02,00:02:50,18,18,0,1,1,REGULAR,67,Ö. CENGIZ,1,2pt,159,,[],jumpshot,1,1,Özgür,Cengiz,Özgür,Cengiz,Ö,C,Ö,C,Ö. Cengiz,TOFAS,TOF,Ö. Cengiz,1,,,23.309999465942,32.209999084473,1.0,P2,made,TOFAS Ö. CENGIZ 2Pt made,,,,,,,,,2,51,2.0,score,2,18,0,18
00:00,00:00:00,18,18,0,0,1,REGULAR,0,,1,period,162,,['confirmed'],end,0,,,,,,,,,,,,,,,,,,,,OTHER,,period end,,,,,,,,,0,52,1.0,,0,18,0,18
10:00,10:00:00,18,18,0,0,2,REGULAR,0,,1,period,163,,[],start,0,,,,,,,,,,,,,,,,,,,,OTHER,,period start,,,,,,,,,0,52,1.0,,0,18,0,18
09:59,09:59:00,18,18,0,1,2,REGULAR,90,H. BESSON,0,3pt,165,,[],jumpshot,1,25,Hugo Eric,Besson,Hugo Eric,Besson,H,B,H,B,H. Besson,TOFAS,TOF,H. Besson,25,,,30.299999237061,30.340000152588,0.0,P3,missed,TOFAS H. BESSON 3Pt missed,,,,,,,,,0,52,1.0,def_reb,0,18,0,18
09:56,09:56:00,18,18,0,2,2,REGULAR,93,B. COLSON II,1,rebound,166,165,[],defensive,0,50,Bonzie Alexander,Colson Ii,Bonzie Alexander,Colson Ii,B,C,B,C,B. Colson Ii,FENERBAHÇE BEKO,FBB,B. Colson Ii,50,,,,,,REB,,FENERBAHÇE BEKO rebound defensive,,,,,,,,,0,53,2.0,def_reb,0,18,0,18
09:48,09:48:00,18,18,0,2,2,REGULAR,93,B. COLSON II,0,3pt,169,,[],jumpshot,1,50,Bonzie Alexander,Colson Ii,Bonzie Alexander,Colson Ii,B,C,B,C,B. Colson Ii,FENERBAHÇE BEKO,FBB,B. Colson Ii,50,,,75.069999694824,21.579999923706,0.0,P3,missed,FENERBAHÇE BEKO B. COLSON II 3Pt missed,,,,,,,,,0,54,1.0,def_reb,0,18,0,18
09:43,09:43:00,18,18,0,1,2,REGULAR,90,H. BESSON,1,rebound,170,169,[],defensive,0,25,Hugo Eric,Besson,Hugo Eric,Besson,H,B,H,B,H. Besson,TOFAS,TOF,H. Besson,25,,,,,,REB,,TOFAS rebound defensive,,,,,,,,,0,55,2.0,def_reb,0,18,0,18
09:32,09:32:00,20,18,2,1,2,REGULAR,94,W. KIDD JR,1,2pt,171,,[],jumpshot,1,15,Warren Lynn,Kidd Jr,Warren Lynn,Kidd Jr,W,K,W,K,W. Kidd Jr,TOFAS,TOF,W. Kidd Jr,15,,,14.380000114441,30.620000839233,1.0,P2,made,TOFAS W. KIDD JR 2Pt made,55.0,1.0,T. GEÇIM,,,,,,2,56,1.0,score,2,20,0,18
09:32,09:32:00,20,18,2,1,2,REGULAR,55,T. GEÇIM,1,assist,172,171,[],,0,8,Tolga,Geçim,Tolga,Geçim,T,G,T,G,T. Geçim,TOFAS,TOF,T. Geçim,8,,,,,,ASS,,TOFAS T. GEÇIM assist,,,,,,,,,0,57,2.0,,0,20,0,18
09:18,09:18:00,20,18,2,2,2,REGULAR,89,O. BITIM,0,3pt,173,,[],jumpshot,1,17,Onuralp,Bitim,Onuralp,Bitim,O,B,O,B,O. Bitim,FENERBAHÇE BEKO,FBB,O. Bitim,17,,,79.440002441406,89.940002441406,0.0,P3,missed,FENERBAHÇE BEKO O. BITIM 3Pt missed,,,,,,,,,0,57,2.0,,0,20,0,18
09:14,09:14:00,20,18,2,2,2,REGULAR,97,B. BOSTON JR,1,rebound,175,173,[],offensive,0,11,Brandon Elliott,Boston Jr,Brandon Elliott,Boston Jr,B,B,B,B,B. Boston Jr,FENERBAHÇE BEKO,FBB,B. Boston Jr,11,,,,,,REB,,FENERBAHÇE BEKO rebound offensive,,,,,,,,,0,57,2.0,,0,20,0,18
09:14,09:14:00,20,18,2,2,2,REGULAR,97,B. BOSTON JR,0,2pt,176,,"['2ndchance', 'pointsinthepaint']",tipinlayup,1,11,Brandon Elliott,Boston Jr,Brandon Elliott,Boston Jr,B,B,B,B,B. Boston Jr,FENERBAHÇE BEKO,FBB,B. Boston Jr,11,,,94.0,50.0,0.0,P2,missed,FENERBAHÇE BEKO B. BOSTON JR 2Pt missed,,,,,,,,,0,57,2.0,,0,20,0,18
09:14,09:14:00,20,18,2,2,2,REGULAR,93,B. COLSON II,1,rebound,177,176,[],offensive,0,50,Bonzie Alexander,Colson Ii,Bonzie Alexander,Colson Ii,B,C,B,C,B. Colson Ii,FENERBAHÇE BEKO,FBB,B. Colson Ii,50,,,,,,REB,,FENERBAHÇE BEKO rebound offensive,,,,,,,,,0,57,2.0,,0,20,0,18
08:53,08:53:00,20,18,2,1,2,REGULAR,55,T. GEÇIM,1,foul,199,,"['shooting', '2freethrow']",personal,0,8,Tolga,Geçim,Tolga,Geçim,T,G,T,G,T. Geçim,TOFAS,TOF,T. Geçim,8,,,,,,FOUL,,TOFAS T. GEÇIM foul personal,,,,,,,,,0,57,2.0,,0,20,0,18
08:53,08:53:00,20,18,2,2,2,REGULAR,93,B. COLSON II,1,foulon,200,199,[],,0,50,Bonzie Alexander,Colson Ii,Bonzie Alexander,Colson Ii,B,C,B,C,B. Colson Ii,FENERBAHÇE BEKO,FBB,B. Colson Ii,50,,,,,,OTHER,,FENERBAHÇE BEKO foulon,,,,,,,,,0,57,2.0,,0,20,0,18
08:53,08:53:00,20,18,2,2,2,REGULAR,92,N. MELLI,1,substitution,201,,[],out,0,4,Nicolo,Melli,Nicolo,Melli,N,M,N,M,N. Melli,FENERBAHÇE BEKO,FBB,N. Melli,4,,,,,,SUB,out,FENERBAHÇE BEKO substitution out,,,,,,,,,0,57,2.0,,0,20,0,18
08:53,08:53:00,20,18,2,2,2,REGULAR,99,A. BACOT JR,1,substitution,202,,[],in,0,00,Armando Linwood,Bacot Jr,Armando Linwood,Bacot Jr,A,B,A,B,A. Bacot Jr,FENERBAHÇE BEKO,FBB,A. Bacot Jr,00,,,,,,SUB,in,FENERBAHÇE BEKO substitution in,,,,,,,,,0,57,2.0,,0,20,0,18
08:53,08:53:00,20,19,1,2,2,REGULAR,93,B. COLSON II,1,freethrow,203,,['2ndchance'],1of2,1,50,Bonzie Alexander,Colson Ii,Bonzie Alexander,Colson Ii,B,C,B,C,B. Colson Ii,FENERBAHÇE BEKO,FBB,B. Colson Ii,50,,,,,,FT,made,FENERBAHÇE BEKO B. COLSON II FT 1of2 made,,,,,,,,,1,57,2.0,made_ft,0,20,1,19
08:53,08:53:00,20,19,1,2,2,REGULAR,93,B. COLSON II,0,freethrow,204,,['2ndchance'],2of2,1,50,Bonzie Alexander,Colson Ii,Bonzie Alexander,Colson Ii,B,C,B,C,B. Colson Ii,FENERBAHÇE BEKO,FBB,B. Colson Ii,50,,,,,,FT,missed,FENERBAHÇE BEKO B. COLSON II FT 2of2 missed,,,,,,,,,0,58,1.0,def_reb,0,20,0,19
08:53,08:53:00,20,19,1,1,2,REGULAR,92,S. WHALEY,1,rebound,206,204,[],defensive,0,5,Shaqwan Malic,Whaley,Shaqwan Malic,Whaley,S,W,S,W,S. Whaley,TOFAS,TOF,S. Whaley,5,,,,,,REB,,TOFAS rebound defensive,,,,,,,,,0,59,2.0,def_reb,0,20,0,19
08:45,08:45:00,20,19,1,2,2,REGULAR,89,O. BITIM,1,foul,208,,[],personal,0,17,Onuralp,Bitim,Onuralp,Bitim,O,B,O,B,O. Bitim,FENERBAHÇE BEKO,FBB,O. Bitim,17,,,,,,FOUL,,FENERBAHÇE BEKO O. BITIM foul personal,,,,,,,,,0,60,1.0,,0,20,0,19
08:45,08:45:00,20,19,1,1,2,REGULAR,90,H. BESSON,1,foulon,209,208,[],,0,25,Hugo Eric,Besson,Hugo Eric,Besson,H,B,H,B,H. Besson,TOFAS,TOF,H. Besson,25,,,,,,OTHER,,TOFAS foulon,,,,,,,,,0,60,1.0,,0,20,0,19
08:45,08:45:00,20,19,1,2,2,REGULAR,93,B. COLSON II,1,substitution,210,,[],out,0,50,Bonzie Alexander,Colson Ii,Bonzie Alexander,Colson Ii,B,C,B,C,B. Colson Ii,FENERBAHÇE BEKO,FBB,B. Colson Ii,50,,,,,,SUB,out,FENERBAHÇE BEKO substitution out,,,,,,,,,0,60,1.0,,0,20,0,19
08:45,08:45:00,20,19,1,2,2,REGULAR,77,J. BIRSEN,1,substitution,211,,[],in,0,1,James Metecan,Birsen,James Metecan,Birsen,J,B,J,B,J. Birsen,FENERBAHÇE BEKO,FBB,J. Birsen,1,,,,,,SUB,in,FENERBAHÇE BEKO substitution in,,,,,,,,,0,60,1.0,,0,20,0,19
08:33,08:33:00,20,19,1,2,2,REGULAR,97,B. BOSTON JR,1,foul,214,,"['shooting', '2freethrow']",personal,0,11,Brandon Elliott,Boston Jr,Brandon Elliott,Boston Jr,B,B,B,B,B. Boston Jr,FENERBAHÇE BEKO,FBB,B. Boston Jr,11,,,,,,FOUL,,FENERBAHÇE BEKO B. BOSTON JR foul personal,,,,,,,,,0,60,1.0,,0,20,0,19
08:33,08:33:00,20,19,1,1,2,REGULAR,94,W. KIDD JR,1,foulon,215,214,[],,0,15,Warren Lynn,Kidd Jr,Warren Lynn,Kidd Jr,W,K,W,K,W. Kidd Jr,TOFAS,TOF,W. Kidd Jr,15,,,,,,OTHER,,TOFAS foulon,,,,,,,,,0,60,1.0,,0,20,0,19
08:33,08:33:00,21,19,2,1,2,REGULAR,94,W. KIDD JR,1,freethrow,216,,[],1of2,1,15,Warren Lynn,Kidd Jr,Warren Lynn,Kidd Jr,W,K,W,K,W. Kidd Jr,TOFAS,TOF,W. Kidd Jr,15,,,,,,FT,made,TOFAS W. KIDD JR FT 1of2 made,,,,,,,,,1,60,1.0,made_ft,1,21,0,19
08:33,08:33:00,21,19,2,1,2,REGULAR,55,T. GEÇIM,1,assist,217,216,[],,0,8,Tolga,Geçim,Tolga,Geçim,T,G,T,G,T. Geçim,TOFAS,TOF,T. Geçim,8,,,,,,ASS,,TOFAS T. GEÇIM assist,,,,,,,,,0,61,2.0,,0,21,0,19
08:33,08:33:00,22,19,3,1,2,REGULAR,94,W. KIDD JR,1,freethrow,218,,[],2of2,1,15,Warren Lynn,Kidd Jr,Warren Lynn,Kidd Jr,W,K,W,K,W. Kidd Jr,TOFAS,TOF,W. Kidd Jr,15,,,,,,FT,made,TOFAS W. KIDD JR FT 2of2 made,,,,,,,,,1,61,2.0,made_ft_last,1,22,0,19
08:33,08:33:00,22,19,3,2,2,REGULAR,97,B. BOSTON JR,1,substitution,219,,[],out,0,11,Brandon Elliott,Boston Jr,Brandon Elliott,Boston Jr,B,B,B,B,B. Boston Jr,FENERBAHÇE BEKO,FBB,B. Boston Jr,11,,,,,,SUB,out,FENERBAHÇE BEKO substitution out,,,,,,,,,0,62,1.0,,0,22,0,19
08:33,08:33:00,22,19,3,2,2,REGULAR,96,T. TUCKER,1,substitution,220,,[],in,0,8,Talen Jalee,Tucker,Talen Jalee,Tucker,T,T,T,T,T. Tucker,FENERBAHÇE BEKO,FBB,T. Tucker,8,,,,,,SUB,in,FENERBAHÇE BEKO substitution in,,,,,,,,,0,62,1.0,,0,22,0,19
08:18,08:18:00,22,19,3,2,2,REGULAR,90,A. ZAGARS,0,2pt,222,,['pointsinthepaint'],layup,1,32,Arturs Martins,Zagars,Arturs Martins,Zagars,A,Z,A,Z,A. Zagars,FENERBAHÇE BEKO,FBB,A. Zagars,32,,,93.790000915527,55.759998321533,0.0,P2,missed,FENERBAHÇE BEKO A. ZAGARS 2Pt missed,,,,,,,,,0,62,1.0,def_reb,0,22,0,19
08:16,08:16:00,22,19,3,2,2,REGULAR,0,,1,rebound,224,222,['team'],offensive,0,,,,,,,,,,,FENERBAHÇE BEKO,FBB,,,,,,,,TREB,,FENERBAHÇE BEKO team rebound offensive,,,,,,,,,0,63,2.0,def_reb,0,22,0,19
08:16,08:16:00,22,19,3,1,2,REGULAR,67,Ö. CENGIZ,1,foul,225,,[],personal,0,1,Özgür,Cengiz,Özgür,Cengiz,Ö,C,Ö,C,Ö. Cengiz,TOFAS,TOF,Ö. Cengiz,1,,,,,,FOUL,,TOFAS Ö. CENGIZ foul personal,,,,,,,,,0,64,1.0,,0,22,0,19
08:16,08:16:00,22,19,3,2,2,REGULAR,90,A. ZAGARS,1,foulon,226,225,[],,0,32,Arturs Martins,Zagars,Arturs Martins,Zagars,A,Z,A,Z,A. Zagars,FENERBAHÇE BEKO,FBB,A. Zagars,32,,,,,,OTHER,,FENERBAHÇE BEKO foulon,,,,,,,,,0,64,1.0,,0,22,0,19
08:08,08:08:00,22,19,3,2,2,REGULAR,96,T. TUCKER,0,2pt,228,,"['2ndchance', 'pointsinthepaint']",drivinglayup,1,8,Talen Jalee,Tucker,Talen Jalee,Tucker,T,T,T,T,T. Tucker,FENERBAHÇE BEKO,FBB,T. Tucker,8,,,94.730003356934,61.979999542236,0.0,P2,missed,FENERBAHÇE BEKO T. TUCKER 2Pt missed,,,,,,,,,0,64,1.0,def_reb,0,22,0,19
08:06,08:06:00,22,19,3,1,2,REGULAR,92,S. WHALEY,1,rebound,229,228,[],defensive,0,5,Shaqwan Malic,Whaley,Shaqwan Malic,Whaley,S,W,S,W,S. Whaley,TOFAS,TOF,S. Whaley,5,,,,,,REB,,TOFAS rebound defensive,,,,,,,,,0,65,2.0,def_reb,0,22,0,19
07:56,07:56:00,22,19,3,2,2,REGULAR,99,A. BACOT JR,1,foul,231,,"['shooting', '2freethrow']",personal,0,00,Armando Linwood,Bacot Jr,Armando Linwood,Bacot Jr,A,B,A,B,A. Bacot Jr,FENERBAHÇE BEKO,FBB,A. Bacot Jr,00,,,,,,FOUL,,FENERBAHÇE BEKO A. BACOT JR foul personal,,,,,,,,,0,66,1.0,,0,22,0,19
07:56,07:56:00,22,19,3,1,2,REGULAR,94,W. KIDD JR,1,foulon,232,231,[],,0,15,Warren Lynn,Kidd Jr,Warren Lynn,Kidd Jr,W,K,W,K,W. Kidd Jr,TOFAS,TOF,W. Kidd Jr,15,,,,,,OTHER,,TOFAS foulon,,,,,,,,,0,66,1.0,,0,22,0,19
07:56,07:56:00,22,19,3,1,2,REGULAR,94,W. KIDD JR,0,freethrow,233,,[],1of2,1,15,Warren Lynn,Kidd Jr,Warren Lynn,Kidd Jr,W,K,W,K,W. Kidd Jr,TOFAS,TOF,W. Kidd Jr,15,,,,,,FT,missed,TOFAS W. KIDD JR FT 1of2 missed,,,,,,,,,0,66,1.0,def_reb,0,22,0,19
07:56,07:56:00,22,19,3,1,2,REGULAR,0,,1,rebound,234,233,[],offensivedeadball,0,,,,,,,,,,,TOFAS,TOF,,,,,,,,TREB,,TOFAS team rebound offensivedeadball,,,,,,,,,0,67,2.0,def_reb,0,22,0,19
07:56,07:56:00,23,19,4,1,2,REGULAR,94,W. KIDD JR,1,freethrow,235,,[],2of2,1,15,Warren Lynn,Kidd Jr,Warren Lynn,Kidd Jr,W,K,W,K,W. Kidd Jr,TOFAS,TOF,W. Kidd Jr,15,,,,,,FT,made,TOFAS W. KIDD JR FT 2of2 made,,,,,,,,,1,68,1.0,made_ft_last,1,23,0,19
07:56,07:56:00,23,19,4,1,2,REGULAR,90,H. BESSON,1,assist,236,235,[],,0,25,Hugo Eric,Besson,Hugo Eric,Besson,H,B,H,B,H. Besson,TOFAS,TOF,H. Besson,25,,,,,,ASS,,TOFAS H. BESSON assist,,,,,,,,,0,69,2.0,,0,23,0,19
07:35,07:35:00,23,19,4,2,2,REGULAR,90,A. ZAGARS,0,3pt,238,,[],jumpshot,1,32,Arturs Martins,Zagars,Arturs Martins,Zagars,A,Z,A,Z,A. Zagars,FENERBAHÇE BEKO,FBB,A. Zagars,32,,,75.379997253418,85.139999389648,0.0,P3,missed,FENERBAHÇE BEKO A. ZAGARS 3Pt missed,,,,,,,,,0,69,2.0,,0,23,0,19
07:32,07:32:00,23,19,4,2,2,REGULAR,96,T. TUCKER,1,rebound,239,238,[],offensive,0,8,Talen Jalee,Tucker,Talen Jalee,Tucker,T,T,T,T,T. Tucker,FENERBAHÇE BEKO,FBB,T. Tucker,8,,,,,,REB,,FENERBAHÇE BEKO rebound offensive,,,,,,,,,0,69,2.0,,0,23,0,19
07:29,07:29:00,23,19,4,2,2,REGULAR,77,J. BIRSEN,0,3pt,241,,['2ndchance'],jumpshot,1,1,James Metecan,Birsen,James Metecan,Birsen,J,B,J,B,J. Birsen,FENERBAHÇE BEKO,FBB,J. Birsen,1,,,75.379997253418,17.629999160767,0.0,P3,missed,FENERBAHÇE BEKO J. BIRSEN 3Pt missed,,,,,,,,,0,69,2.0,def_reb,0,23,0,19
07:28,07:28:00,23,19,4,2,2,REGULAR,0,,1,rebound,242,241,['team'],offensive,0,,,,,,,,,,,FENERBAHÇE BEKO,FBB,,,,,,,,TREB,,FENERBAHÇE BEKO team rebound offensive,,,,,,,,,0,70,1.0,def_reb,0,23,0,19
07:28,07:28:00,23,19,4,1,2,REGULAR,92,S. WHALEY,1,foul,243,,[],personal,0,5,Shaqwan Malic,Whaley,Shaqwan Malic,Whaley,S,W,S,W,S. Whaley,TOFAS,TOF,S. Whaley,5,,,,,,FOUL,,TOFAS S. WHALEY foul personal,,,,,,,,,0,71,2.0,,0,23,0,19
07:28,07:28:00,23,19,4,2,2,REGULAR,99,A. BACOT JR,1,foulon,244,243,[],,0,00,Armando Linwood,Bacot Jr,Armando Linwood,Bacot Jr,A,B,A,B,A. Bacot Jr,FENERBAHÇE BEKO,FBB,A. Bacot Jr,00,,,,,,OTHER,,FENERBAHÇE BEKO foulon,,,,,,,,,0,71,2.0,,0,23,0,19
07:28,07:28:00,23,19,4,2,2,REGULAR,90,A. ZAGARS,1,substitution,245,,[],out,0,32,Arturs Martins,Zagars,Arturs Martins,Zagars,A,Z,A,Z,A. Zagars,FENERBAHÇE BEKO,FBB,A. Zagars,32,,,,,,SUB,out,FENERBAHÇE BEKO substitution out,,,,,,,,,0,71,2.0,,0,23,0,19
07:28,07:28:00,23,19,4,2,2,REGULAR,95,D. HALL,1,substitution,246,,[],in,0,20,Devon Howard,Hall,Devon Howard,Hall,D,H,D,H,D. Hall,FENERBAHÇE BEKO,FBB,D. Hall,20,,,,,,SUB,in,FENERBAHÇE BEKO substitution in,,,,,,,,,0,71,2.0,,0,23,0,19
07:25,07:25:00,23,22,1,2,2,REGULAR,96,T. TUCKER,1,3pt,248,,['2ndchance'],jumpshot,1,8,Talen Jalee,Tucker,Talen Jalee,Tucker,T,T,T,T,T. Tucker,FENERBAHÇE BEKO,FBB,T. Tucker,8,,,77.720001220703,11.689999580383,1.0,P3,made,FENERBAHÇE BEKO T. TUCKER 3Pt made,95.0,2.0,D. HALL,,,,,,3,71,2.0,score,0,23,3,22
07:25,07:25:00,23,22,1,2,2,REGULAR,95,D. HALL,1,assist,249,248,[],,0,20,Devon Howard,Hall,Devon Howard,Hall,D,H,D,H,D. Hall,FENERBAHÇE BEKO,FBB,D. Hall,20,,,,,,ASS,,FENERBAHÇE BEKO D. HALL assist,,,,,,,,,0,72,1.0,,0,23,0,22
07:00,07:00:00,23,22,1,1,2,REGULAR,90,H. BESSON,0,2pt,250,,['pointsinthepaint'],jumpshot,1,25,Hugo Eric,Besson,Hugo Eric,Besson,H,B,H,B,H. Besson,TOFAS,TOF,H. Besson,25,,,7.6799998283386,63.950000762939,0.0,P2,missed,TOFAS H. BESSON 2Pt missed,,,,,,,,,0,72,1.0,def_reb,0,23,0,22
06:58,06:58:00,23,22,1,2,2,REGULAR,96,T. TUCKER,1,rebound,251,250,[],defensive,0,8,Talen Jalee,Tucker,Talen Jalee,Tucker,T,T,T,T,T. Tucker,FENERBAHÇE BEKO,FBB,T. Tucker,8,,,,,,REB,,FENERBAHÇE BEKO rebound defensive,,,,,,,,,0,73,2.0,def_reb,0,23,0,22
06:54,06:54:00,23,22,1,1,2,REGULAR,67,Ö. CENGIZ,1,foul,253,,"['shooting', '2freethrow']",personal,0,1,Özgür,Cengiz,Özgür,Cengiz,Ö,C,Ö,C,Ö. Cengiz,TOFAS,TOF,Ö. Cengiz,1,,,,,,FOUL,,TOFAS Ö. CENGIZ foul personal,,,,,,,,,0,74,1.0,,0,23,0,22
06:54,06:54:00,23,22,1,2,2,REGULAR,96,T. TUCKER,1,foulon,254,253,[],,0,8,Talen Jalee,Tucker,Talen Jalee,Tucker,T,T,T,T,T. Tucker,FENERBAHÇE BEKO,FBB,T. Tucker,8,,,,,,OTHER,,FENERBAHÇE BEKO foulon,,,,,,,,,0,74,1.0,,0,23,0,22
06:54,06:54:00,23,22,1,1,2,REGULAR,67,Ö. CENGIZ,1,substitution,255,,[],out,0,1,Özgür,Cengiz,Özgür,Cengiz,Ö,C,Ö,C,Ö. Cengiz,TOFAS,TOF,Ö. Cengiz,1,,,,,,SUB,out,TOFAS substitution out,,,,,,,,,0,74,1.0,,0,23,0,22
06:54,06:54:00,23,22,1,1,2,REGULAR,94,W. KIDD JR,1,substitution,256,,[],out,0,15,Warren Lynn,Kidd Jr,Warren Lynn,Kidd Jr,W,K,W,K,W. Kidd Jr,TOFAS,TOF,W. Kidd Jr,15,,,,,,SUB,out,TOFAS substitution out,,,,,,,,,0,74,1.0,,0,23,0,22
06:54,06:54:00,23,22,1,1,2,REGULAR,89,A. PEREZ,1,substitution,257,,[],in,0,2,Alex Daniel,Perez,Alex Daniel,Perez,A,P,A,P,A. Perez,TOFAS,TOF,A. Perez,2,,,,,,SUB,in,TOFAS substitution in,,,,,,,,,0,74,1.0,,0,23,0,22
06:54,06:54:00,23,22,1,1,2,REGULAR,88,M. BLAZEVIC,1,substitution,258,,[],in,0,22,Marek,Blazevic,Marek,Blazevic,M,B,M,B,M. Blazevic,TOFAS,TOF,M. Blazevic,22,,,,,,SUB,in,TOFAS substitution in,,,,,,,,,0,74,1.0,,0,23,0,22
06:54,06:54:00,23,22,1,2,2,REGULAR,96,T. TUCKER,0,freethrow,259,,['fastbreak'],1of2,1,8,Talen Jalee,Tucker,Talen Jalee,Tucker,T,T,T,T,T. Tucker,FENERBAHÇE BEKO,FBB,T. Tucker,8,,,,,,FT,missed,FENERBAHÇE BEKO T. TUCKER FT 1of2 missed,,,,,,,,,0,74,1.0,def_reb,0,23,0,22
06:54,06:54:00,23,22,1,2,2,REGULAR,0,,1,rebound,260,259,[],offensivedeadball,0,,,,,,,,,,,FENERBAHÇE BEKO,FBB,,,,,,,,TREB,,FENERBAHÇE BEKO team rebound offensivedeadball,,,,,,,,,0,75,2.0,def_reb,0,23,0,22
06:54,06:54:00,23,23,0,2,2,REGULAR,96,T. TUCKER,1,freethrow,261,,['fastbreak'],2of2,1,8,Talen Jalee,Tucker,Talen Jalee,Tucker,T,T,T,T,T. Tucker,FENERBAHÇE BEKO,FBB,T. Tucker,8,,,,,,FT,made,FENERBAHÇE BEKO T. TUCKER FT 2of2 made,,,,,,,,,1,76,1.0,made_ft_last,0,23,1,23
06:39,06:39:00,23,23,0,2,2,REGULAR,96,T. TUCKER,1,foul,264,,"['shooting', '2freethrow']",personal,0,8,Talen Jalee,Tucker,Talen Jalee,Tucker,T,T,T,T,T. Tucker,FENERBAHÇE BEKO,FBB,T. Tucker,8,,,,,,FOUL,,FENERBAHÇE BEKO T. TUCKER foul personal,,,,,,,,,0,77,2.0,,0,23,0,23
06:39,06:39:00,23,23,0,1,2,REGULAR,88,M. BLAZEVIC,1,foulon,265,264,[],,0,22,Marek,Blazevic,Marek,Blazevic,M,B,M,B,M. Blazevic,TOFAS,TOF,M. Blazevic,22,,,,,,OTHER,,TOFAS foulon,,,,,,,,,0,77,2.0,,0,23,0,23
06:39,06:39:00,23,23,0,1,2,REGULAR,92,S. WHALEY,1,substitution,266,,[],out,0,5,Shaqwan Malic,Whaley,Shaqwan Malic,Whaley,S,W,S,W,S. Whaley,TOFAS,TOF,S. Whaley,5,,,,,,SUB,out,TOFAS substitution out,,,,,,,,,0,77,2.0,,0,23,0,23
06:39,06:39:00,23,23,0,1,2,REGULAR,55,T. GEÇIM,1,substitution,267,,[],out,0,8,Tolga,Geçim,Tolga,Geçim,T,G,T,G,T. Geçim,TOFAS,TOF,T. Geçim,8,,,,,,SUB,out,TOFAS substitution out,,,,,,,,,0,77,2.0,,0,23,0,23
06:39,06:39:00,23,23,0,1,2,REGULAR,66,Y. SAYBIR,1,substitution,268,,[],in,0,3,Yigitcan,Saybir,Yigitcan,Saybir,Y,S,Y,S,Y. Saybir,TOFAS,TOF,Y. Saybir,3,,,,,,SUB,in,TOFAS substitution in,,,,,,,,,0,77,2.0,,0,23,0,23
06:39,06:39:00,23,23,0,1,2,REGULAR,91,M. LEWIS III,1,substitution,269,,[],in,0,21,Maxwell Robert ,Lewis Iii,Maxwell Robert ,Lewis Iii,M,L,M,L,M. Lewis Iii,TOFAS,TOF,M. Lewis Iii,21,,,,,,SUB,in,TOFAS substitution in,,,,,,,,,0,77,2.0,,0,23,0,23
06:39,06:39:00,23,23,0,1,2,REGULAR,88,M. BLAZEVIC,0,freethrow,270,,[],1of2,1,22,Marek,Blazevic,Marek,Blazevic,M,B,M,B,M. Blazevic,TOFAS,TOF,M. Blazevic,22,,,,,,FT,missed,TOFAS M. BLAZEVIC FT 1of2 missed,,,,,,,,,0,77,2.0,def_reb,0,23,0,23
06:39,06:39:00,23,23,0,1,2,REGULAR,0,,1,rebound,271,270,[],offensivedeadball,0,,,,,,,,,,,TOFAS,TOF,,,,,,,,TREB,,TOFAS team rebound offensivedeadball,,,,,,,,,0,78,1.0,def_reb,0,23,0,23
06:39,06:39:00,24,23,1,1,2,REGULAR,88,M. BLAZEVIC,1,freethrow,272,,[],2of2,1,22,Marek,Blazevic,Marek,Blazevic,M,B,M,B,M. Blazevic,TOFAS,TOF,M. Blazevic,22,,,,,,FT,made,TOFAS M. BLAZEVIC FT 2of2 made,,,,,,,,,1,79,2.0,made_ft_last,1,24,0,23
06:39,06:39:00,24,23,1,1,2,REGULAR,55,T. GEÇIM,1,assist,273,272,[],,0,8,Tolga,Geçim,Tolga,Geçim,T,G,T,G,T. Geçim,TOFAS,TOF,T. Geçim,8,,,,,,ASS,,TOFAS T. GEÇIM assist,,,,,,,,,0,80,1.0,,0,24,0,23
06:30,06:30:00,24,23,1,1,2,REGULAR,91,M. LEWIS III,1,foul,278,,"['shooting', '2freethrow']",personal,0,21,Maxwell Robert ,Lewis Iii,Maxwell Robert ,Lewis Iii,M,L,M,L,M. Lewis Iii,TOFAS,TOF,M. Lewis Iii,21,,,,,,FOUL,,TOFAS M. LEWIS III foul personal,,,,,,,,,0,80,1.0,,0,24,0,23
06:30,06:30:00,24,23,1,2,2,REGULAR,99,A. BACOT JR,1,foulon,279,278,[],,0,00,Armando Linwood,Bacot Jr,Armando Linwood,Bacot Jr,A,B,A,B,A. Bacot Jr,FENERBAHÇE BEKO,FBB,A. Bacot Jr,00,,,,,,OTHER,,FENERBAHÇE BEKO foulon,,,,,,,,,0,80,1.0,,0,24,0,23
06:30,06:30:00,24,23,1,1,2,REGULAR,91,M. LEWIS III,1,substitution,280,,[],out,0,21,Maxwell Robert ,Lewis Iii,Maxwell Robert ,Lewis Iii,M,L,M,L,M. Lewis Iii,TOFAS,TOF,M. Lewis Iii,21,,,,,,SUB,out,TOFAS substitution out,,,,,,,,,0,80,1.0,,0,24,0,23
06:30,06:30:00,24,23,1,1,2,REGULAR,93,J. THOMASSON JR,1,substitution,281,,[],in,0,32,Joseph Elliotte,Thomasson Jr,Joseph Elliotte,Thomasson Jr,J,T,J,T,J. Thomasson Jr,TOFAS,TOF,J. Thomasson Jr,32,,,,,,SUB,in,TOFAS substitution in,,,,,,,,,0,80,1.0,,0,24,0,23
06:30,06:30:00,24,23,1,2,2,REGULAR,99,A. BACOT JR,0,freethrow,282,,[],1of2,1,00,Armando Linwood,Bacot Jr,Armando Linwood,Bacot Jr,A,B,A,B,A. Bacot Jr,FENERBAHÇE BEKO,FBB,A. Bacot Jr,00,,,,,,FT,missed,FENERBAHÇE BEKO A. BACOT JR FT 1of2 missed,,,,,,,,,0,80,1.0,def_reb,0,24,0,23
06:30,06:30:00,24,23,1,2,2,REGULAR,0,,1,rebound,283,282,[],offensivedeadball,0,,,,,,,,,,,FENERBAHÇE BEKO,FBB,,,,,,,,TREB,,FENERBAHÇE BEKO team rebound offensivedeadball,,,,,,,,,0,81,2.0,def_reb,0,24,0,23
06:30,06:30:00,24,24,0,2,2,REGULAR,99,A. BACOT JR,1,freethrow,284,,[],2of2,1,00,Armando Linwood,Bacot Jr,Armando Linwood,Bacot Jr,A,B,A,B,A. Bacot Jr,FENERBAHÇE BEKO,FBB,A. Bacot Jr,00,,,,,,FT,made,FENERBAHÇE BEKO A. BACOT JR FT 2of2 made,,,,,,,,,1,82,1.0,made_ft_last,0,24,1,24
06:12,06:12:00,24,24,0,1,2,REGULAR,89,A. PEREZ,1,turnover,287,,[],badpass,0,2,Alex Daniel,Perez,Alex Daniel,Perez,A,P,A,P,A. Perez,TOFAS,TOF,A. Perez,2,,,,,,TO,,TOFAS A. PEREZ turnover badpass,,,,,,,,,0,83,2.0,turnover,0,24,0,24
06:12,06:12:00,24,24,0,2,2,REGULAR,89,O. BITIM,1,substitution,288,,[],out,0,17,Onuralp,Bitim,Onuralp,Bitim,O,B,O,B,O. Bitim,FENERBAHÇE BEKO,FBB,O. Bitim,17,,,,,,SUB,out,FENERBAHÇE BEKO substitution out,,,,,,,,,0,84,1.0,,0,24,0,24
06:12,06:12:00,24,24,0,2,2,REGULAR,76,M. MAHMUTOGLU,1,substitution,289,,[],in,0,10,Melih,Mahmutoglu,Melih,Mahmutoglu,M,M,M,M,M. Mahmutoglu,FENERBAHÇE BEKO,FBB,M. Mahmutoglu,10,,,,,,SUB,in,FENERBAHÇE BEKO substitution in,,,,,,,,,0,84,1.0,,0,24,0,24
05:58,05:58:00,24,24,0,2,2,REGULAR,95,D. HALL,1,turnover,291,,[],badpass,0,20,Devon Howard,Hall,Devon Howard,Hall,D,H,D,H,D. Hall,FENERBAHÇE BEKO,FBB,D. Hall,20,,,,,,TO,,FENERBAHÇE BEKO D. HALL turnover badpass,,,,,,,,,0,84,1.0,turnover,0,24,0,24
05:58,05:58:00,24,24,0,1,2,REGULAR,93,J. THOMASSON JR,1,steal,292,291,[],,0,32,Joseph Elliotte,Thomasson Jr,Joseph Elliotte,Thomasson Jr,J,T,J,T,J. Thomasson Jr,TOFAS,TOF,J. Thomasson Jr,32,,,,,,ST,,TOFAS J. THOMASSON JR steal,,,,,,,,,0,85,2.0,,0,24,0,24
05:52,05:52:00,24,24,0,1,2,REGULAR,89,A. PEREZ,1,turnover,293,,[],badpass,0,2,Alex Daniel,Perez,Alex Daniel,Perez,A,P,A,P,A. Perez,TOFAS,TOF,A. Perez,2,,,,,,TO,,TOFAS A. PEREZ turnover badpass,,,,,,,,,0,85,2.0,turnover,0,24,0,24
05:52,05:52:00,24,24,0,2,2,REGULAR,96,T. TUCKER,1,steal,294,293,[],,0,8,Talen Jalee,Tucker,Talen Jalee,Tucker,T,T,T,T,T. Tucker,FENERBAHÇE BEKO,FBB,T. Tucker,8,,,,,,ST,,FENERBAHÇE BEKO T. TUCKER steal,,,,,,,,,0,86,1.0,,0,24,0,24
05:48,05:48:00,24,26,-2,2,2,REGULAR,77,J. BIRSEN,1,2pt,295,,"['fromturnover', 'pointsinthepaint', 'fastbreak']",layup,1,1,James Metecan,Birsen,James Metecan,Birsen,J,B,J,B,J. Birsen,FENERBAHÇE BEKO,FBB,J. Birsen,1,,,88.169998168945,52.369998931885,1.0,P2,made,FENERBAHÇE BEKO J. BIRSEN 2Pt made,96.0,2.0,T. TUCKER,,,,,,2,86,1.0,score,0,24,2,26
05:48,05:48:00,24,26,-2,2,2,REGULAR,96,T. TUCKER,1,assist,297,295,[],,0,8,Talen Jalee,Tucker,Talen Jalee,Tucker,T,T,T,T,T. Tucker,FENERBAHÇE BEKO,FBB,T. Tucker,8,,,,,,ASS,,FENERBAHÇE BEKO T. TUCKER assist,,,,,,,,,0,87,2.0,,0,24,0,26
05:46,05:46:00,24,26,-2,1,2,REGULAR,0,,1,timeout,298,,[],full,0,,,,,,,,,,,TOFAS,TOF,,,,,,,,TIMEOUT,,TOFAS timeout,,,,,,,,,0,87,2.0,,0,24,0,26
05:46,05:46:00,24,26,-2,2,2,REGULAR,99,A. BACOT JR,1,substitution,299,,[],out,0,00,Armando Linwood,Bacot Jr,Armando Linwood,Bacot Jr,A,B,A,B,A. Bacot Jr,FENERBAHÇE BEKO,FBB,A. Bacot Jr,00,,,,,,SUB,out,FENERBAHÇE BEKO substitution out,,,,,,,,,0,87,2.0,,0,24,0,26
05:46,05:46:00,24,26,-2,2,2,REGULAR,92,N. MELLI,1,substitution,300,,[],in,0,4,Nicolo,Melli,Nicolo,Melli,N,M,N,M,N. Melli,FENERBAHÇE BEKO,FBB,N. Melli,4,,,,,,SUB,in,FENERBAHÇE BEKO substitution in,,,,,,,,,0,87,2.0,,0,24,0,26
05:28,05:28:00,26,26,0,1,2,REGULAR,90,H. BESSON,1,2pt,302,,['pointsinthepaint'],drivinglayup,1,25,Hugo Eric,Besson,Hugo Eric,Besson,H,B,H,B,H. Besson,TOFAS,TOF,H. Besson,25,,,10.949999809265,62.259998321533,1.0,P2,made,TOFAS H. BESSON 2Pt made,,,,,,,,,2,87,2.0,score,2,26,0,26
05:03,05:03:00,26,26,0,2,2,REGULAR,76,M. MAHMUTOGLU,0,3pt,303,,[],jumpshot,1,10,Melih,Mahmutoglu,Melih,Mahmutoglu,M,M,M,M,M. Mahmutoglu,FENERBAHÇE BEKO,FBB,M. Mahmutoglu,10,,,73.980003356934,19.889999389648,0.0,P3,missed,FENERBAHÇE BEKO M. MAHMUTOGLU 3Pt missed,,,,,,,,,0,88,1.0,def_reb,0,26,0,26
05:01,05:01:00,26,26,0,1,2,REGULAR,93,J. THOMASSON JR,1,rebound,304,303,[],defensive,0,32,Joseph Elliotte,Thomasson Jr,Joseph Elliotte,Thomasson Jr,J,T,J,T,J. Thomasson Jr,TOFAS,TOF,J. Thomasson Jr,32,,,,,,REB,,TOFAS rebound defensive,,,,,,,,,0,89,2.0,def_reb,0,26,0,26
04:54,04:54:00,28,26,2,1,2,REGULAR,66,Y. SAYBIR,1,2pt,305,,['pointsinthepaint'],dunk,1,3,Yigitcan,Saybir,Yigitcan,Saybir,Y,S,Y,S,Y. Saybir,TOFAS,TOF,Y. Saybir,3,,,12.039999961853,43.619998931885,1.0,P2,made,TOFAS Y. SAYBIR 2Pt made,88.0,1.0,M. BLAZEVIC,,,,,,2,90,1.0,score,2,28,0,26
04:54,04:54:00,28,26,2,1,2,REGULAR,88,M. BLAZEVIC,1,assist,306,305,[],,0,22,Marek,Blazevic,Marek,Blazevic,M,B,M,B,M. Blazevic,TOFAS,TOF,M. Blazevic,22,,,,,,ASS,,TOFAS M. BLAZEVIC assist,,,,,,,,,0,91,2.0,,0,28,0,26
04:37,04:37:00,28,26,2,2,2,REGULAR,77,J. BIRSEN,0,3pt,307,,[],jumpshot,1,1,James Metecan,Birsen,James Metecan,Birsen,J,B,J,B,J. Birsen,FENERBAHÇE BEKO,FBB,J. Birsen,1,,,75.540000915527,87.400001525879,0.0,P3,missed,FENERBAHÇE BEKO J. BIRSEN 3Pt missed,,,,,,,,,0,91,2.0,def_reb,0,28,0,26
04:35,04:35:00,28,26,2,1,2,REGULAR,88,M. BLAZEVIC,1,rebound,308,307,[],defensive,0,22,Marek,Blazevic,Marek,Blazevic,M,B,M,B,M. Blazevic,TOFAS,TOF,M. Blazevic,22,,,,,,REB,,TOFAS rebound defensive,,,,,,,,,0,92,1.0,def_reb,0,28,0,26
04:22,04:22:00,28,26,2,1,2,REGULAR,90,H. BESSON,0,2pt,309,,['pointsinthepaint'],layup,1,25,Hugo Eric,Besson,Hugo Eric,Besson,H,B,H,B,H. Besson,TOFAS,TOF,H. Besson,25,,,10.170000076294,54.919998168945,0.0,P2,missed,TOFAS H. BESSON 2Pt missed,,,,,,,,,0,93,2.0,,0,28,0,26
04:21,04:21:00,28,26,2,1,2,REGULAR,66,Y. SAYBIR,1,rebound,311,309,[],offensive,0,3,Yigitcan,Saybir,Yigitcan,Saybir,Y,S,Y,S,Y. Saybir,TOFAS,TOF,Y. Saybir,3,,,,,,REB,,TOFAS rebound offensive,,,,,,,,,0,93,2.0,,0,28,0,26
04:21,04:21:00,30,26,4,1,2,REGULAR,66,Y. SAYBIR,1,2pt,312,,"['2ndchance', 'pointsinthepaint']",jumpshot,1,3,Yigitcan,Saybir,Yigitcan,Saybir,Y,S,Y,S,Y. Saybir,TOFAS,TOF,Y. Saybir,3,,,13.140000343323,61.689998626709,1.0,P2,made,TOFAS Y. SAYBIR 2Pt made,,,,,,,,,2,93,2.0,score,2,30,0,26
04:21,04:21:00,30,26,4,2,2,REGULAR,77,J. BIRSEN,1,foul,313,,"['shooting', '1freethrow']",personal,0,1,James Metecan,Birsen,James Metecan,Birsen,J,B,J,B,J. Birsen,FENERBAHÇE BEKO,FBB,J. Birsen,1,,,,,,FOUL,,FENERBAHÇE BEKO J. BIRSEN foul personal,,,,,,,,,0,94,1.0,,0,30,0,26
04:21,04:21:00,30,26,4,1,2,REGULAR,66,Y. SAYBIR,1,foulon,314,313,[],,0,3,Yigitcan,Saybir,Yigitcan,Saybir,Y,S,Y,S,Y. Saybir,TOFAS,TOF,Y. Saybir,3,,,,,,OTHER,,TOFAS foulon,,,,,,,,,0,94,1.0,,0,30,0,26
04:21,04:21:00,30,26,4,2,2,REGULAR,77,J. BIRSEN,1,substitution,315,,[],out,0,1,James Metecan,Birsen,James Metecan,Birsen,J,B,J,B,J. Birsen,FENERBAHÇE BEKO,FBB,J. Birsen,1,,,,,,SUB,out,FENERBAHÇE BEKO substitution out,,,,,,,,,0,94,1.0,,0,30,0,26
04:21,04:21:00,30,26,4,2,2,REGULAR,95,D. HALL,1,substitution,316,,[],out,0,20,Devon Howard,Hall,Devon Howard,Hall,D,H,D,H,D. Hall,FENERBAHÇE BEKO,FBB,D. Hall,20,,,,,,SUB,out,FENERBAHÇE BEKO substitution out,,,,,,,,,0,94,1.0,,0,30,0,26
04:21,04:21:00,30,26,4,2,2,REGULAR,97,B. BOSTON JR,1,substitution,317,,[],in,0,11,Brandon Elliott,Boston Jr,Brandon Elliott,Boston Jr,B,B,B,B,B. Boston Jr,FENERBAHÇE BEKO,FBB,B. Boston Jr,11,,,,,,SUB,in,FENERBAHÇE BEKO substitution in,,,,,,,,,0,94,1.0,,0,30,0,26
04:21,04:21:00,30,26,4,2,2,REGULAR,93,B. COLSON II,1,substitution,318,,[],in,0,50,Bonzie Alexander,Colson Ii,Bonzie Alexander,Colson Ii,B,C,B,C,B. Colson Ii,FENERBAHÇE BEKO,FBB,B. Colson Ii,50,,,,,,SUB,in,FENERBAHÇE BEKO substitution in,,,,,,,,,0,94,1.0,,0,30,0,26
04:21,04:21:00,31,26,5,1,2,REGULAR,66,Y. SAYBIR,1,freethrow,319,,['2ndchance'],1of1,1,3,Yigitcan,Saybir,Yigitcan,Saybir,Y,S,Y,S,Y. Saybir,TOFAS,TOF,Y. Saybir,3,,,,,,FT,made,TOFAS Y. SAYBIR FT 1of1 made,,,,,,,,,1,94,1.0,made_ft_last,1,31,0,26
04:15,04:15:00,31,26,5,1,2,REGULAR,66,Y. SAYBIR,1,foul,322,,"['shooting', '2freethrow']",personal,0,3,Yigitcan,Saybir,Yigitcan,Saybir,Y,S,Y,S,Y. Saybir,TOFAS,TOF,Y. Saybir,3,,,,,,FOUL,,TOFAS Y. SAYBIR foul personal,,,,,,,,,0,95,2.0,,0,31,0,26
04:15,04:15:00,31,26,5,2,2,REGULAR,76,M. MAHMUTOGLU,1,foulon,323,322,[],,0,10,Melih,Mahmutoglu,Melih,Mahmutoglu,M,M,M,M,M. Mahmutoglu,FENERBAHÇE BEKO,FBB,M. Mahmutoglu,10,,,,,,OTHER,,FENERBAHÇE BEKO foulon,,,,,,,,,0,95,2.0,,0,31,0,26
04:15,04:15:00,31,27,4,2,2,REGULAR,76,M. MAHMUTOGLU,1,freethrow,324,,[],1of2,1,10,Melih,Mahmutoglu,Melih,Mahmutoglu,M,M,M,M,M. Mahmutoglu,FENERBAHÇE BEKO,FBB,M. Mahmutoglu,10,,,,,,FT,made,FENERBAHÇE BEKO M. MAHMUTOGLU FT 1of2 made,,,,,,,,,1,95,2.0,made_ft,0,31,1,27
04:15,04:15:00,31,28,3,2,2,REGULAR,76,M. MAHMUTOGLU,1,freethrow,325,,[],2of2,1,10,Melih,Mahmutoglu,Melih,Mahmutoglu,M,M,M,M,M. Mahmutoglu,FENERBAHÇE BEKO,FBB,M. Mahmutoglu,10,,,,,,FT,made,FENERBAHÇE BEKO M. MAHMUTOGLU FT 2of2 made,,,,,,,,,1,96,1.0,made_ft_last,0,31,1,28
04:01,04:01:00,31,28,3,2,2,REGULAR,92,N. MELLI,1,foul,328,,"['shooting', '2freethrow']",personal,0,4,Nicolo,Melli,Nicolo,Melli,N,M,N,M,N. Melli,FENERBAHÇE BEKO,FBB,N. Melli,4,,,,,,FOUL,,FENERBAHÇE BEKO N. MELLI foul personal,,,,,,,,,0,97,2.0,,0,31,0,28
04:01,04:01:00,31,28,3,1,2,REGULAR,88,M. BLAZEVIC,1,foulon,329,328,[],,0,22,Marek,Blazevic,Marek,Blazevic,M,B,M,B,M. Blazevic,TOFAS,TOF,M. Blazevic,22,,,,,,OTHER,,TOFAS foulon,,,,,,,,,0,97,2.0,,0,31,0,28
04:01,04:01:00,32,28,4,1,2,REGULAR,88,M. BLAZEVIC,1,freethrow,330,,[],1of2,1,22,Marek,Blazevic,Marek,Blazevic,M,B,M,B,M. Blazevic,TOFAS,TOF,M. Blazevic,22,,,,,,FT,made,TOFAS M. BLAZEVIC FT 1of2 made,,,,,,,,,1,97,2.0,made_ft,1,32,0,28
04:01,04:01:00,32,28,4,1,2,REGULAR,93,J. THOMASSON JR,1,assist,331,330,[],,0,32,Joseph Elliotte,Thomasson Jr,Joseph Elliotte,Thomasson Jr,J,T,J,T,J. Thomasson Jr,TOFAS,TOF,J. Thomasson Jr,32,,,,,,ASS,,TOFAS J. THOMASSON JR assist,,,,,,,,,0,98,1.0,,0,32,0,28
04:01,04:01:00,33,28,5,1,2,REGULAR,88,M. BLAZEVIC,1,freethrow,332,,[],2of2,1,22,Marek,Blazevic,Marek,Blazevic,M,B,M,B,M. Blazevic,TOFAS,TOF,M. Blazevic,22,,,,,,FT,made,TOFAS M. BLAZEVIC FT 2of2 made,,,,,,,,,1,98,1.0,made_ft_last,1,33,0,28
03:44,03:44:00,33,31,2,2,2,REGULAR,76,M. MAHMUTOGLU,1,3pt,334,,[],jumpshot,1,10,Melih,Mahmutoglu,Melih,Mahmutoglu,M,M,M,M,M. Mahmutoglu,FENERBAHÇE BEKO,FBB,M. Mahmutoglu,10,,,74.129997253418,84.01000213623,1.0,P3,made,FENERBAHÇE BEKO M. MAHMUTOGLU 3Pt made,96.0,2.0,T. TUCKER,,,,,,3,99,2.0,score,0,33,3,31
03:44,03:44:00,33,31,2,2,2,REGULAR,96,T. TUCKER,1,assist,335,334,[],,0,8,Talen Jalee,Tucker,Talen Jalee,Tucker,T,T,T,T,T. Tucker,FENERBAHÇE BEKO,FBB,T. Tucker,8,,,,,,ASS,,FENERBAHÇE BEKO T. TUCKER assist,,,,,,,,,0,100,1.0,,0,33,0,31
03:28,03:28:00,35,31,4,1,2,REGULAR,66,Y. SAYBIR,1,2pt,337,,['pointsinthepaint'],layup,1,3,Yigitcan,Saybir,Yigitcan,Saybir,Y,S,Y,S,Y. Saybir,TOFAS,TOF,Y. Saybir,3,,,10.329999923706,41.639999389648,1.0,P2,made,TOFAS Y. SAYBIR 2Pt made,89.0,1.0,A. PEREZ,,,,,,2,100,1.0,score,2,35,0,31
03:28,03:28:00,35,31,4,1,2,REGULAR,89,A. PEREZ,1,assist,338,337,[],,0,2,Alex Daniel,Perez,Alex Daniel,Perez,A,P,A,P,A. Perez,TOFAS,TOF,A. Perez,2,,,,,,ASS,,TOFAS A. PEREZ assist,,,,,,,,,0,101,2.0,,0,35,0,31
03:28,03:28:00,35,31,4,2,2,REGULAR,96,T. TUCKER,1,foul,339,,"['shooting', '1freethrow']",personal,0,8,Talen Jalee,Tucker,Talen Jalee,Tucker,T,T,T,T,T. Tucker,FENERBAHÇE BEKO,FBB,T. Tucker,8,,,,,,FOUL,,FENERBAHÇE BEKO T. TUCKER foul personal,,,,,,,,,0,101,2.0,,0,35,0,31
03:28,03:28:00,35,31,4,1,2,REGULAR,66,Y. SAYBIR,1,foulon,340,339,[],,0,3,Yigitcan,Saybir,Yigitcan,Saybir,Y,S,Y,S,Y. Saybir,TOFAS,TOF,Y. Saybir,3,,,,,,OTHER,,TOFAS foulon,,,,,,,,,0,101,2.0,,0,35,0,31
03:28,03:28:00,35,31,4,2,2,REGULAR,0,,1,timeout,341,,[],full,0,,,,,,,,,,,FENERBAHÇE BEKO,FBB,,,,,,,,TIMEOUT,,FENERBAHÇE BEKO timeout,,,,,,,,,0,101,2.0,,0,35,0,31
03:28,03:28:00,35,31,4,2,2,REGULAR,97,B. BOSTON JR,1,substitution,342,,[],out,0,11,Brandon Elliott,Boston Jr,Brandon Elliott,Boston Jr,B,B,B,B,B. Boston Jr,FENERBAHÇE BEKO,FBB,B. Boston Jr,11,,,,,,SUB,out,FENERBAHÇE BEKO substitution out,,,,,,,,,0,101,2.0,,0,35,0,31
03:28,03:28:00,35,31,4,2,2,REGULAR,89,O. BITIM,1,substitution,343,,[],in,0,17,Onuralp,Bitim,Onuralp,Bitim,O,B,O,B,O. Bitim,FENERBAHÇE BEKO,FBB,O. Bitim,17,,,,,,SUB,in,FENERBAHÇE BEKO substitution in,,,,,,,,,0,101,2.0,,0,35,0,31
03:28,03:28:00,36,31,5,1,2,REGULAR,66,Y. SAYBIR,1,freethrow,344,,[],1of1,1,3,Yigitcan,Saybir,Yigitcan,Saybir,Y,S,Y,S,Y. Saybir,TOFAS,TOF,Y. Saybir,3,,,,,,FT,made,TOFAS Y. SAYBIR FT 1of1 made,,,,,,,,,1,101,2.0,made_ft_last,1,36,0,31
03:11,03:11:00,36,31,5,2,2,REGULAR,93,B. COLSON II,0,2pt,346,,['pointsinthepaint'],jumpshot,1,50,Bonzie Alexander,Colson Ii,Bonzie Alexander,Colson Ii,B,C,B,C,B. Colson Ii,FENERBAHÇE BEKO,FBB,B. Colson Ii,50,,,92.069999694824,40.790000915527,0.0,P2,missed,FENERBAHÇE BEKO B. COLSON II 2Pt missed,,,,,,,,,0,102,1.0,,0,36,0,31
03:08,03:08:00,36,31,5,2,2,REGULAR,92,N. MELLI,1,rebound,347,346,[],offensive,0,4,Nicolo,Melli,Nicolo,Melli,N,M,N,M,N. Melli,FENERBAHÇE BEKO,FBB,N. Melli,4,,,,,,REB,,FENERBAHÇE BEKO rebound offensive,,,,,,,,,0,102,1.0,,0,36,0,31
03:08,03:08:00,36,31,5,2,2,REGULAR,92,N. MELLI,0,2pt,348,,"['2ndchance', 'pointsinthepaint']",tipinlayup,1,4,Nicolo,Melli,Nicolo,Melli,N,M,N,M,N. Melli,FENERBAHÇE BEKO,FBB,N. Melli,4,,,94.0,50.0,0.0,P2,missed,FENERBAHÇE BEKO N. MELLI 2Pt missed,,,,,,,,,0,102,1.0,,0,36,0,31
03:05,03:05:00,36,31,5,2,2,REGULAR,92,N. MELLI,1,rebound,349,348,[],offensive,0,4,Nicolo,Melli,Nicolo,Melli,N,M,N,M,N. Melli,FENERBAHÇE BEKO,FBB,N. Melli,4,,,,,,REB,,FENERBAHÇE BEKO rebound offensive,,,,,,,,,0,102,1.0,,0,36,0,31
03:05,03:05:00,36,31,5,2,2,REGULAR,92,N. MELLI,0,2pt,350,,"['2ndchance', 'pointsinthepaint']",tipinlayup,1,4,Nicolo,Melli,Nicolo,Melli,N,M,N,M,N. Melli,FENERBAHÇE BEKO,FBB,N. Melli,4,,,94.0,50.0,0.0,P2,missed,FENERBAHÇE BEKO N. MELLI 2Pt missed,,,,,,,,,0,102,1.0,def_reb,0,36,0,31
03:04,03:04:00,36,31,5,1,2,REGULAR,88,M. BLAZEVIC,1,rebound,351,350,[],defensive,0,22,Marek,Blazevic,Marek,Blazevic,M,B,M,B,M. Blazevic,TOFAS,TOF,M. Blazevic,22,,,,,,REB,,TOFAS rebound defensive,,,,,,,,,0,103,2.0,def_reb,0,36,0,31
02:47,02:47:00,36,31,5,1,2,REGULAR,90,H. BESSON,0,3pt,352,,[],jumpshot,1,25,Hugo Eric,Besson,Hugo Eric,Besson,H,B,H,B,H. Besson,TOFAS,TOF,H. Besson,25,,,26.39999961853,15.930000305176,0.0,P3,missed,TOFAS H. BESSON 3Pt missed,,,,,,,,,0,104,1.0,def_reb,0,36,0,31
02:44,02:44:00,36,31,5,2,2,REGULAR,92,N. MELLI,1,rebound,353,352,[],defensive,0,4,Nicolo,Melli,Nicolo,Melli,N,M,N,M,N. Melli,FENERBAHÇE BEKO,FBB,N. Melli,4,,,,,,REB,,FENERBAHÇE BEKO rebound defensive,,,,,,,,,0,105,2.0,def_reb,0,36,0,31
02:43,02:43:00,36,33,3,2,2,REGULAR,89,O. BITIM,1,2pt,354,,"['pointsinthepaint', 'fastbreak']",dunk,1,17,Onuralp,Bitim,Onuralp,Bitim,O,B,O,B,O. Bitim,FENERBAHÇE BEKO,FBB,O. Bitim,17,,,93.790000915527,57.459999084473,1.0,P2,made,FENERBAHÇE BEKO O. BITIM 2Pt made,92.0,2.0,N. MELLI,,,,,,2,106,1.0,score,0,36,2,33
02:43,02:43:00,36,33,3,2,2,REGULAR,92,N. MELLI,1,assist,355,354,[],,0,4,Nicolo,Melli,Nicolo,Melli,N,M,N,M,N. Melli,FENERBAHÇE BEKO,FBB,N. Melli,4,,,,,,ASS,,FENERBAHÇE BEKO N. MELLI assist,,,,,,,,,0,107,2.0,,0,36,0,33
02:28,02:28:00,38,33,5,1,2,REGULAR,90,H. BESSON,1,2pt,356,,['pointsinthepaint'],layup,1,25,Hugo Eric,Besson,Hugo Eric,Besson,H,B,H,B,H. Besson,TOFAS,TOF,H. Besson,25,,,12.819999694824,58.869998931885,1.0,P2,made,TOFAS H. BESSON 2Pt made,89.0,1.0,A. PEREZ,,,,,,2,107,2.0,score,2,38,0,33
02:28,02:28:00,38,33,5,1,2,REGULAR,89,A. PEREZ,1,assist,357,356,[],,0,2,Alex Daniel,Perez,Alex Daniel,Perez,A,P,A,P,A. Perez,TOFAS,TOF,A. Perez,2,,,,,,ASS,,TOFAS A. PEREZ assist,,,,,,,,,0,108,1.0,,0,38,0,33
02:13,02:13:00,38,35,3,2,2,REGULAR,96,T. TUCKER,1,2pt,358,,['pointsinthepaint'],turnaroundjumpshot,1,8,Talen Jalee,Tucker,Talen Jalee,Tucker,T,T,T,T,T. Tucker,FENERBAHÇE BEKO,FBB,T. Tucker,8,,,90.669998168945,46.439998626709,1.0,P2,made,FENERBAHÇE BEKO T. TUCKER 2Pt made,,,,,,,,,2,108,1.0,score,0,38,2,35
01:54,01:54:00,40,35,5,1,2,REGULAR,88,M. BLAZEVIC,1,2pt,359,,['pointsinthepaint'],jumpshot,1,22,Marek,Blazevic,Marek,Blazevic,M,B,M,B,M. Blazevic,TOFAS,TOF,M. Blazevic,22,,,10.949999809265,53.220001220703,1.0,P2,made,TOFAS M. BLAZEVIC 2Pt made,93.0,1.0,J. THOMASSON JR,,,,,,2,109,2.0,score,2,40,0,35
01:54,01:54:00,40,35,5,1,2,REGULAR,93,J. THOMASSON JR,1,assist,360,359,[],,0,32,Joseph Elliotte,Thomasson Jr,Joseph Elliotte,Thomasson Jr,J,T,J,T,J. Thomasson Jr,TOFAS,TOF,J. Thomasson Jr,32,,,,,,ASS,,TOFAS J. THOMASSON JR assist,,,,,,,,,0,110,1.0,,0,40,0,35
01:30,01:30:00,40,37,3,2,2,REGULAR,92,N. MELLI,1,2pt,361,,['pointsinthepaint'],turnaroundjumpshot,1,4,Nicolo,Melli,Nicolo,Melli,N,M,N,M,N. Melli,FENERBAHÇE BEKO,FBB,N. Melli,4,,,91.290000915527,63.669998168945,1.0,P2,made,FENERBAHÇE BEKO N. MELLI 2Pt made,,,,,,,,,2,110,1.0,score,0,40,2,37
01:16,01:16:00,40,37,3,1,2,REGULAR,90,H. BESSON,1,turnover,362,,[],badpass,0,25,Hugo Eric,Besson,Hugo Eric,Besson,H,B,H,B,H. Besson,TOFAS,TOF,H. Besson,25,,,,,,TO,,TOFAS H. BESSON turnover badpass,,,,,,,,,0,111,2.0,turnover,0,40,0,37
01:16,01:16:00,40,37,3,2,2,REGULAR,89,O. BITIM,1,steal,363,362,[],,0,17,Onuralp,Bitim,Onuralp,Bitim,O,B,O,B,O. Bitim,FENERBAHÇE BEKO,FBB,O. Bitim,17,,,,,,ST,,FENERBAHÇE BEKO O. BITIM steal,,,,,,,,,0,112,1.0,,0,40,0,37
01:10,01:10:00,40,39,1,2,2,REGULAR,96,T. TUCKER,1,2pt,364,,"['fromturnover', 'pointsinthepaint', 'fastbreak']",dunk,1,8,Talen Jalee,Tucker,Talen Jalee,Tucker,T,T,T,T,T. Tucker,FENERBAHÇE BEKO,FBB,T. Tucker,8,,,91.919998168945,43.900001525879,1.0,P2,made,FENERBAHÇE BEKO T. TUCKER 2Pt made,92.0,2.0,N. MELLI,,,,,,2,112,1.0,score,0,40,2,39
01:10,01:10:00,40,39,1,2,2,REGULAR,92,N. MELLI,1,assist,366,364,[],,0,4,Nicolo,Melli,Nicolo,Melli,N,M,N,M,N. Melli,FENERBAHÇE BEKO,FBB,N. Melli,4,,,,,,ASS,,FENERBAHÇE BEKO N. MELLI assist,,,,,,,,,0,113,2.0,,0,40,0,39
01:10,01:10:00,40,39,1,1,2,REGULAR,0,,1,timeout,367,,[],full,0,,,,,,,,,,,TOFAS,TOF,,,,,,,,TIMEOUT,,TOFAS timeout,,,,,,,,,0,113,2.0,,0,40,0,39
01:10,01:10:00,40,39,1,1,2,REGULAR,90,H. BESSON,1,substitution,368,,[],out,0,25,Hugo Eric,Besson,Hugo Eric,Besson,H,B,H,B,H. Besson,TOFAS,TOF,H. Besson,25,,,,,,SUB,out,TOFAS substitution out,,,,,,,,,0,113,2.0,,0,40,0,39
01:10,01:10:00,40,39,1,1,2,REGULAR,55,T. GEÇIM,1,substitution,369,,[],in,0,8,Tolga,Geçim,Tolga,Geçim,T,G,T,G,T. Geçim,TOFAS,TOF,T. Geçim,8,,,,,,SUB,in,TOFAS substitution in,,,,,,,,,0,113,2.0,,0,40,0,39
01:10,01:10:00,40,39,1,2,2,REGULAR,92,N. MELLI,1,substitution,370,,[],out,0,4,Nicolo,Melli,Nicolo,Melli,N,M,N,M,N. Melli,FENERBAHÇE BEKO,FBB,N. Melli,4,,,,,,SUB,out,FENERBAHÇE BEKO substitution out,,,,,,,,,0,113,2.0,,0,40,0,39
01:10,01:10:00,40,39,1,2,2,REGULAR,96,T. TUCKER,1,substitution,371,,[],out,0,8,Talen Jalee,Tucker,Talen Jalee,Tucker,T,T,T,T,T. Tucker,FENERBAHÇE BEKO,FBB,T. Tucker,8,,,,,,SUB,out,FENERBAHÇE BEKO substitution out,,,,,,,,,0,113,2.0,,0,40,0,39
01:10,01:10:00,40,39,1,2,2,REGULAR,77,J. BIRSEN,1,substitution,372,,[],in,0,1,James Metecan,Birsen,James Metecan,Birsen,J,B,J,B,J. Birsen,FENERBAHÇE BEKO,FBB,J. Birsen,1,,,,,,SUB,in,FENERBAHÇE BEKO substitution in,,,,,,,,,0,113,2.0,,0,40,0,39
01:10,01:10:00,40,39,1,2,2,REGULAR,95,D. HALL,1,substitution,373,,[],in,0,20,Devon Howard,Hall,Devon Howard,Hall,D,H,D,H,D. Hall,FENERBAHÇE BEKO,FBB,D. Hall,20,,,,,,SUB,in,FENERBAHÇE BEKO substitution in,,,,,,,,,0,113,2.0,,0,40,0,39
00:48,00:48:10,40,39,1,2,2,REGULAR,77,J. BIRSEN,1,foul,376,,"['shooting', '2freethrow']",personal,0,1,James Metecan,Birsen,James Metecan,Birsen,J,B,J,B,J. Birsen,FENERBAHÇE BEKO,FBB,J. Birsen,1,,,,,,FOUL,,FENERBAHÇE BEKO J. BIRSEN foul personal,,,,,,,,,0,113,2.0,,0,40,0,39
00:48,00:48:10,40,39,1,1,2,REGULAR,93,J. THOMASSON JR,1,foulon,377,376,[],,0,32,Joseph Elliotte,Thomasson Jr,Joseph Elliotte,Thomasson Jr,J,T,J,T,J. Thomasson Jr,TOFAS,TOF,J. Thomasson Jr,32,,,,,,OTHER,,TOFAS foulon,,,,,,,,,0,113,2.0,,0,40,0,39
00:48,00:48:10,40,39,1,1,2,REGULAR,93,J. THOMASSON JR,0,freethrow,378,,[],1of2,1,32,Joseph Elliotte,Thomasson Jr,Joseph Elliotte,Thomasson Jr,J,T,J,T,J. Thomasson Jr,TOFAS,TOF,J. Thomasson Jr,32,,,,,,FT,missed,TOFAS J. THOMASSON JR FT 1of2 missed,,,,,,,,,0,113,2.0,def_reb,0,40,0,39
00:48,00:48:10,40,39,1,1,2,REGULAR,0,,1,rebound,379,378,[],offensivedeadball,0,,,,,,,,,,,TOFAS,TOF,,,,,,,,TREB,,TOFAS team rebound offensivedeadball,,,,,,,,,0,114,1.0,def_reb,0,40,0,39
00:48,00:48:10,41,39,2,1,2,REGULAR,93,J. THOMASSON JR,1,freethrow,380,,[],2of2,1,32,Joseph Elliotte,Thomasson Jr,Joseph Elliotte,Thomasson Jr,J,T,J,T,J. Thomasson Jr,TOFAS,TOF,J. Thomasson Jr,32,,,,,,FT,made,TOFAS J. THOMASSON JR FT 2of2 made,,,,,,,,,1,115,2.0,made_ft_last,1,41,0,39
00:48,00:48:10,41,39,2,2,2,REGULAR,89,O. BITIM,1,substitution,381,,[],out,0,17,Onuralp,Bitim,Onuralp,Bitim,O,B,O,B,O. Bitim,FENERBAHÇE BEKO,FBB,O. Bitim,17,,,,,,SUB,out,FENERBAHÇE BEKO substitution out,,,,,,,,,0,116,1.0,,0,41,0,39
00:48,00:48:10,41,39,2,2,2,REGULAR,96,T. TUCKER,1,substitution,382,,[],in,0,8,Talen Jalee,Tucker,Talen Jalee,Tucker,T,T,T,T,T. Tucker,FENERBAHÇE BEKO,FBB,T. Tucker,8,,,,,,SUB,in,FENERBAHÇE BEKO substitution in,,,,,,,,,0,116,1.0,,0,41,0,39
00:24,00:24:30,41,39,2,2,2,REGULAR,93,B. COLSON II,0,2pt,384,,['pointsinthepaint'],jumpshot,1,50,Bonzie Alexander,Colson Ii,Bonzie Alexander,Colson Ii,B,C,B,C,B. Colson Ii,FENERBAHÇE BEKO,FBB,B. Colson Ii,50,,,87.550003051758,62.540000915527,0.0,P2,missed,FENERBAHÇE BEKO B. COLSON II 2Pt missed,,,,,,,,,0,116,1.0,def_reb,0,41,0,39
00:20,00:20:00,41,39,2,1,2,REGULAR,89,A. PEREZ,1,rebound,385,384,[],defensive,0,2,Alex Daniel,Perez,Alex Daniel,Perez,A,P,A,P,A. Perez,TOFAS,TOF,A. Perez,2,,,,,,REB,,TOFAS rebound defensive,,,,,,,,,0,117,2.0,def_reb,0,41,0,39
00:05,00:05:00,43,39,4,1,2,REGULAR,88,M. BLAZEVIC,1,2pt,387,,['pointsinthepaint'],layup,1,22,Marek,Blazevic,Marek,Blazevic,M,B,M,B,M. Blazevic,TOFAS,TOF,M. Blazevic,22,,,13.60000038147,53.5,1.0,P2,made,TOFAS M. BLAZEVIC 2Pt made,55.0,1.0,T. GEÇIM,,,,,,2,118,1.0,score,2,43,0,39
00:05,00:05:00,43,39,4,1,2,REGULAR,55,T. GEÇIM,1,assist,388,387,[],,0,8,Tolga,Geçim,Tolga,Geçim,T,G,T,G,T. Geçim,TOFAS,TOF,T. Geçim,8,,,,,,ASS,,TOFAS T. GEÇIM assist,,,,,,,,,0,119,2.0,,0,43,0,39
00:02,00:02:40,43,39,4,2,2,REGULAR,95,D. HALL,0,3pt,391,,[],jumpshot,1,20,Devon Howard,Hall,Devon Howard,Hall,D,H,D,H,D. Hall,FENERBAHÇE BEKO,FBB,D. Hall,20,,,37.319999694824,86.550003051758,0.0,P3,missed,FENERBAHÇE BEKO D. HALL 3Pt missed,,,,,,,,,0,119,2.0,,0,43,0,39
00:00,00:00:00,43,39,4,0,2,REGULAR,0,,1,period,394,,['confirmed'],end,0,,,,,,,,,,,,,,,,,,,,OTHER,,period end,,,,,,,,,0,119,2.0,,0,43,0,39
10:00,10:00:00,43,39,4,1,3,REGULAR,55,T. GEÇIM,1,substitution,395,,[],out,0,8,Tolga,Geçim,Tolga,Geçim,T,G,T,G,T. Geçim,TOFAS,TOF,T. Geçim,8,,,,,,SUB,out,TOFAS substitution out,,,,,,,,,0,119,2.0,,0,43,0,39
10:00,10:00:00,43,39,4,1,3,REGULAR,91,M. LEWIS III,1,substitution,396,,[],in,0,21,Maxwell Robert ,Lewis Iii,Maxwell Robert ,Lewis Iii,M,L,M,L,M. Lewis Iii,TOFAS,TOF,M. Lewis Iii,21,,,,,,SUB,in,TOFAS substitution in,,,,,,,,,0,119,2.0,,0,43,0,39
10:00,10:00:00,43,39,4,2,3,REGULAR,77,J. BIRSEN,1,substitution,397,,[],out,0,1,James Metecan,Birsen,James Metecan,Birsen,J,B,J,B,J. Birsen,FENERBAHÇE BEKO,FBB,J. Birsen,1,,,,,,SUB,out,FENERBAHÇE BEKO substitution out,,,,,,,,,0,119,2.0,,0,43,0,39
10:00,10:00:00,43,39,4,2,3,REGULAR,96,T. TUCKER,1,substitution,398,,[],out,0,8,Talen Jalee,Tucker,Talen Jalee,Tucker,T,T,T,T,T. Tucker,FENERBAHÇE BEKO,FBB,T. Tucker,8,,,,,,SUB,out,FENERBAHÇE BEKO substitution out,,,,,,,,,0,119,2.0,,0,43,0,39
10:00,10:00:00,43,39,4,2,3,REGULAR,92,N. MELLI,1,substitution,399,,[],in,0,4,Nicolo,Melli,Nicolo,Melli,N,M,N,M,N. Melli,FENERBAHÇE BEKO,FBB,N. Melli,4,,,,,,SUB,in,FENERBAHÇE BEKO substitution in,,,,,,,,,0,119,2.0,,0,43,0,39
10:00,10:00:00,43,39,4,2,3,REGULAR,89,O. BITIM,1,substitution,400,,[],in,0,17,Onuralp,Bitim,Onuralp,Bitim,O,B,O,B,O. Bitim,FENERBAHÇE BEKO,FBB,O. Bitim,17,,,,,,SUB,in,FENERBAHÇE BEKO substitution in,,,,,,,,,0,119,2.0,,0,43,0,39
10:00,10:00:00,43,39,4,0,3,REGULAR,0,,1,period,401,,[],start,0,,,,,,,,,,,,,,,,,,,,OTHER,,period start,,,,,,,,,0,119,2.0,,0,43,0,39
09:38,09:38:00,43,39,4,2,3,REGULAR,95,D. HALL,0,3pt,403,,[],jumpshot,1,20,Devon Howard,Hall,Devon Howard,Hall,D,H,D,H,D. Hall,FENERBAHÇE BEKO,FBB,D. Hall,20,,,23.120000839233,12.260000228882,0.0,P3,missed,FENERBAHÇE BEKO D. HALL 3Pt missed,,,,,,,,,0,119,2.0,def_reb,0,43,0,39
09:37,09:37:00,43,39,4,1,3,REGULAR,0,,1,rebound,405,403,['team'],defensive,0,,,,,,,,,,,TOFAS,TOF,,,,,,,,TREB,,TOFAS team rebound defensive,,,,,,,,,0,120,1.0,def_reb,0,43,0,39
09:18,09:18:00,43,39,4,1,3,REGULAR,89,A. PEREZ,0,2pt,407,,['pointsinthepaint'],drivinglayup,1,2,Alex Daniel,Perez,Alex Daniel,Perez,A,P,A,P,A. Perez,TOFAS,TOF,A. Perez,2,,,90.669998168945,41.360000610352,0.0,P2,missed,TOFAS A. PEREZ 2Pt missed,,,,,,,,,0,121,2.0,def_reb,0,43,0,39
09:15,09:15:00,43,39,4,2,3,REGULAR,92,N. MELLI,1,rebound,408,407,[],defensive,0,4,Nicolo,Melli,Nicolo,Melli,N,M,N,M,N. Melli,FENERBAHÇE BEKO,FBB,N. Melli,4,,,,,,REB,,FENERBAHÇE BEKO rebound defensive,,,,,,,,,0,122,1.0,def_reb,0,43,0,39
08:53,08:53:00,43,39,4,2,3,REGULAR,95,D. HALL,0,2pt,411,,['pointsinthepaint'],turnaroundjumpshot,1,20,Devon Howard,Hall,Devon Howard,Hall,D,H,D,H,D. Hall,FENERBAHÇE BEKO,FBB,D. Hall,20,,,12.670000076294,41.919998168945,0.0,P2,missed,FENERBAHÇE BEKO D. HALL 2Pt missed,,,,,,,,,0,123,2.0,def_reb,0,43,0,39
08:52,08:52:00,43,39,4,1,3,REGULAR,0,,1,rebound,413,411,['team'],defensive,0,,,,,,,,,,,TOFAS,TOF,,,,,,,,TREB,,TOFAS team rebound defensive,,,,,,,,,0,124,1.0,def_reb,0,43,0,39
08:35,08:35:00,45,39,6,1,3,REGULAR,88,M. BLAZEVIC,1,2pt,415,,['pointsinthepaint'],drivinglayup,1,22,Marek,Blazevic,Marek,Blazevic,M,B,M,B,M. Blazevic,TOFAS,TOF,M. Blazevic,22,,,93.319999694824,40.790000915527,1.0,P2,made,TOFAS M. BLAZEVIC 2Pt made,,,,,,,,,2,125,2.0,score,2,45,0,39
08:26,08:26:00,45,39,6,1,3,REGULAR,91,M. LEWIS III,1,foul,417,,[],personal,0,21,Maxwell Robert ,Lewis Iii,Maxwell Robert ,Lewis Iii,M,L,M,L,M. Lewis Iii,TOFAS,TOF,M. Lewis Iii,21,,,,,,FOUL,,TOFAS M. LEWIS III foul personal,,,,,,,,,0,126,1.0,,0,45,0,39
08:26,08:26:00,45,39,6,2,3,REGULAR,89,O. BITIM,1,foulon,418,417,[],,0,17,Onuralp,Bitim,Onuralp,Bitim,O,B,O,B,O. Bitim,FENERBAHÇE BEKO,FBB,O. Bitim,17,,,,,,OTHER,,FENERBAHÇE BEKO foulon,,,,,,,,,0,126,1.0,,0,45,0,39
08:26,08:26:00,45,39,6,1,3,REGULAR,91,M. LEWIS III,1,substitution,419,,[],out,0,21,Maxwell Robert ,Lewis Iii,Maxwell Robert ,Lewis Iii,M,L,M,L,M. Lewis Iii,TOFAS,TOF,M. Lewis Iii,21,,,,,,SUB,out,TOFAS substitution out,,,,,,,,,0,126,1.0,,0,45,0,39
08:26,08:26:00,45,39,6,1,3,REGULAR,55,T. GEÇIM,1,substitution,420,,[],in,0,8,Tolga,Geçim,Tolga,Geçim,T,G,T,G,T. Geçim,TOFAS,TOF,T. Geçim,8,,,,,,SUB,in,TOFAS substitution in,,,,,,,,,0,126,1.0,,0,45,0,39
08:16,08:16:00,45,39,6,2,3,REGULAR,93,B. COLSON II,0,2pt,422,,"['pointsinthepaint', 'blocked']",layup,1,50,Bonzie Alexander,Colson Ii,Bonzie Alexander,Colson Ii,B,C,B,C,B. Colson Ii,FENERBAHÇE BEKO,FBB,B. Colson Ii,50,,,13.60000038147,42.200000762939,0.0,P2,missed,FENERBAHÇE BEKO B. COLSON II 2Pt missed,,,,88.0,1.0,M. BLAZEVIC,,,0,126,1.0,,0,45,0,39
08:16,08:16:00,45,39,6,1,3,REGULAR,88,M. BLAZEVIC,1,block,423,422,[],,0,22,Marek,Blazevic,Marek,Blazevic,M,B,M,B,M. Blazevic,TOFAS,TOF,M. Blazevic,22,,,,,,BS,,TOFAS M. BLAZEVIC block,,,,,,,,,0,126,1.0,,0,45,0,39
08:12,08:12:00,45,39,6,1,3,REGULAR,93,J. THOMASSON JR,1,rebound,424,422,[],defensive,0,32,Joseph Elliotte,Thomasson Jr,Joseph Elliotte,Thomasson Jr,J,T,J,T,J. Thomasson Jr,TOFAS,TOF,J. Thomasson Jr,32,,,,,,REB,,TOFAS rebound defensive,,,,,,,,,0,126,1.0,def_reb,0,45,0,39
08:10,08:10:00,45,39,6,1,3,REGULAR,93,J. THOMASSON JR,0,2pt,425,,['pointsinthepaint'],layup,1,32,Joseph Elliotte,Thomasson Jr,Joseph Elliotte,Thomasson Jr,J,T,J,T,J. Thomasson Jr,TOFAS,TOF,J. Thomasson Jr,32,,,91.290000915527,60.0,0.0,P2,missed,TOFAS J. THOMASSON JR 2Pt missed,,,,,,,,,0,127,2.0,,0,45,0,39
08:07,08:07:00,45,39,6,1,3,REGULAR,93,J. THOMASSON JR,1,rebound,426,425,[],offensive,0,32,Joseph Elliotte,Thomasson Jr,Joseph Elliotte,Thomasson Jr,J,T,J,T,J. Thomasson Jr,TOFAS,TOF,J. Thomasson Jr,32,,,,,,REB,,TOFAS rebound offensive,,,,,,,,,0,127,2.0,,0,45,0,39
07:53,07:53:00,47,39,8,1,3,REGULAR,88,M. BLAZEVIC,1,2pt,427,,"['2ndchance', 'pointsinthepaint']",jumpshot,1,22,Marek,Blazevic,Marek,Blazevic,M,B,M,B,M. Blazevic,TOFAS,TOF,M. Blazevic,22,,,90.050003051758,49.549999237061,1.0,P2,made,TOFAS M. BLAZEVIC 2Pt made,55.0,1.0,T. GEÇIM,,,,,,2,127,2.0,score,2,47,0,39
07:53,07:53:00,47,39,8,1,3,REGULAR,55,T. GEÇIM,1,assist,428,427,[],,0,8,Tolga,Geçim,Tolga,Geçim,T,G,T,G,T. Geçim,TOFAS,TOF,T. Geçim,8,,,,,,ASS,,TOFAS T. GEÇIM assist,,,,,,,,,0,128,1.0,,0,47,0,39
07:39,07:39:00,47,39,8,2,3,REGULAR,92,N. MELLI,1,substitution,431,,[],out,0,4,Nicolo,Melli,Nicolo,Melli,N,M,N,M,N. Melli,FENERBAHÇE BEKO,FBB,N. Melli,4,,,,,,SUB,out,FENERBAHÇE BEKO substitution out,,,,,,,,,0,128,1.0,,0,47,0,39
07:39,07:39:00,47,39,8,2,3,REGULAR,89,O. BITIM,1,substitution,432,,[],out,0,17,Onuralp,Bitim,Onuralp,Bitim,O,B,O,B,O. Bitim,FENERBAHÇE BEKO,FBB,O. Bitim,17,,,,,,SUB,out,FENERBAHÇE BEKO substitution out,,,,,,,,,0,128,1.0,,0,47,0,39
07:39,07:39:00,47,39,8,2,3,REGULAR,99,A. BACOT JR,1,substitution,433,,[],in,0,00,Armando Linwood,Bacot Jr,Armando Linwood,Bacot Jr,A,B,A,B,A. Bacot Jr,FENERBAHÇE BEKO,FBB,A. Bacot Jr,00,,,,,,SUB,in,FENERBAHÇE BEKO substitution in,,,,,,,,,0,128,1.0,,0,47,0,39
07:39,07:39:00,47,39,8,2,3,REGULAR,96,T. TUCKER,1,substitution,434,,[],in,0,8,Talen Jalee,Tucker,Talen Jalee,Tucker,T,T,T,T,T. Tucker,FENERBAHÇE BEKO,FBB,T. Tucker,8,,,,,,SUB,in,FENERBAHÇE BEKO substitution in,,,,,,,,,0,128,1.0,,0,47,0,39
07:32,07:32:00,47,42,5,2,3,REGULAR,96,T. TUCKER,1,3pt,436,,[],stepbackjumpshot,1,8,Talen Jalee,Tucker,Talen Jalee,Tucker,T,T,T,T,T. Tucker,FENERBAHÇE BEKO,FBB,T. Tucker,8,,,33.569999694824,34.580001831055,1.0,P3,made,FENERBAHÇE BEKO T. TUCKER 3Pt made,,,,,,,,,3,128,1.0,score,0,47,3,42
07:07,07:07:00,47,42,5,1,3,REGULAR,55,T. GEÇIM,0,3pt,437,,[],jumpshot,1,8,Tolga,Geçim,Tolga,Geçim,T,G,T,G,T. Geçim,TOFAS,TOF,T. Geçim,8,,,67.889999389648,30.620000839233,0.0,P3,missed,TOFAS T. GEÇIM 3Pt missed,,,,,,,,,0,129,2.0,def_reb,0,47,0,42
07:05,07:05:00,47,42,5,2,3,REGULAR,76,M. MAHMUTOGLU,1,rebound,438,437,[],defensive,0,10,Melih,Mahmutoglu,Melih,Mahmutoglu,M,M,M,M,M. Mahmutoglu,FENERBAHÇE BEKO,FBB,M. Mahmutoglu,10,,,,,,REB,,FENERBAHÇE BEKO rebound defensive,,,,,,,,,0,130,1.0,def_reb,0,47,0,42
06:48,06:48:00,47,45,2,2,3,REGULAR,93,B. COLSON II,1,3pt,439,,[],jumpshot,1,50,Bonzie Alexander,Colson Ii,Bonzie Alexander,Colson Ii,B,C,B,C,B. Colson Ii,FENERBAHÇE BEKO,FBB,B. Colson Ii,50,,,16.719999313354,94.459999084473,1.0,P3,made,FENERBAHÇE BEKO B. COLSON II 3Pt made,99.0,2.0,A. BACOT JR,,,,,,3,131,2.0,score,0,47,3,45
06:48,06:48:00,47,45,2,2,3,REGULAR,99,A. BACOT JR,1,assist,440,439,[],,0,00,Armando Linwood,Bacot Jr,Armando Linwood,Bacot Jr,A,B,A,B,A. Bacot Jr,FENERBAHÇE BEKO,FBB,A. Bacot Jr,00,,,,,,ASS,,FENERBAHÇE BEKO A. BACOT JR assist,,,,,,,,,0,132,1.0,,0,47,0,45
06:24,06:24:00,47,45,2,2,3,REGULAR,95,D. HALL,1,substitution,444,,[],out,0,20,Devon Howard,Hall,Devon Howard,Hall,D,H,D,H,D. Hall,FENERBAHÇE BEKO,FBB,D. Hall,20,,,,,,SUB,out,FENERBAHÇE BEKO substitution out,,,,,,,,,0,132,1.0,,0,47,0,45
06:24,06:24:00,47,45,2,2,3,REGULAR,97,B. BOSTON JR,1,substitution,445,,[],in,0,11,Brandon Elliott,Boston Jr,Brandon Elliott,Boston Jr,B,B,B,B,B. Boston Jr,FENERBAHÇE BEKO,FBB,B. Boston Jr,11,,,,,,SUB,in,FENERBAHÇE BEKO substitution in,,,,,,,,,0,132,1.0,,0,47,0,45
06:20,06:20:00,47,45,2,1,3,REGULAR,89,A. PEREZ,0,3pt,449,,[],jumpshot,1,2,Alex Daniel,Perez,Alex Daniel,Perez,A,P,A,P,A. Perez,TOFAS,TOF,A. Perez,2,,,95.660003662109,4.3499999046326,0.0,P3,missed,TOFAS A. PEREZ 3Pt missed,,,,,,,,,0,132,1.0,def_reb,0,47,0,45
06:18,06:18:00,47,45,2,2,3,REGULAR,76,M. MAHMUTOGLU,1,rebound,450,449,[],defensive,0,10,Melih,Mahmutoglu,Melih,Mahmutoglu,M,M,M,M,M. Mahmutoglu,FENERBAHÇE BEKO,FBB,M. Mahmutoglu,10,,,,,,REB,,FENERBAHÇE BEKO rebound defensive,,,,,,,,,0,133,2.0,def_reb,0,47,0,45
06:14,06:14:00,47,45,2,2,3,REGULAR,96,T. TUCKER,1,turnover,452,,[],ballhandling,0,8,Talen Jalee,Tucker,Talen Jalee,Tucker,T,T,T,T,T. Tucker,FENERBAHÇE BEKO,FBB,T. Tucker,8,,,,,,TO,,FENERBAHÇE BEKO T. TUCKER turnover ballhandling,,,,,,,,,0,134,1.0,turnover,0,47,0,45
05:58,05:58:00,47,45,2,1,3,REGULAR,88,M. BLAZEVIC,1,turnover,454,,[],badpass,0,22,Marek,Blazevic,Marek,Blazevic,M,B,M,B,M. Blazevic,TOFAS,TOF,M. Blazevic,22,,,,,,TO,,TOFAS M. BLAZEVIC turnover badpass,,,,,,,,,0,135,2.0,turnover,0,47,0,45
05:58,05:58:00,47,45,2,2,3,REGULAR,93,B. COLSON II,1,steal,455,454,[],,0,50,Bonzie Alexander,Colson Ii,Bonzie Alexander,Colson Ii,B,C,B,C,B. Colson Ii,FENERBAHÇE BEKO,FBB,B. Colson Ii,50,,,,,,ST,,FENERBAHÇE BEKO B. COLSON II steal,,,,,,,,,0,136,1.0,,0,47,0,45
05:53,05:53:00,47,45,2,2,3,REGULAR,76,M. MAHMUTOGLU,0,3pt,456,,['fromturnover'],jumpshot,1,10,Melih,Mahmutoglu,Melih,Mahmutoglu,M,M,M,M,M. Mahmutoglu,FENERBAHÇE BEKO,FBB,M. Mahmutoglu,10,,,2.6800000667572,2.6600000858307,0.0,P3,missed,FENERBAHÇE BEKO M. MAHMUTOGLU 3Pt missed,,,,,,,,,0,136,1.0,def_reb,0,47,0,45
05:50,05:50:00,47,45,2,1,3,REGULAR,93,J. THOMASSON JR,1,rebound,457,456,[],defensive,0,32,Joseph Elliotte,Thomasson Jr,Joseph Elliotte,Thomasson Jr,J,T,J,T,J. Thomasson Jr,TOFAS,TOF,J. Thomasson Jr,32,,,,,,REB,,TOFAS rebound defensive,,,,,,,,,0,137,2.0,def_reb,0,47,0,45
05:42,05:42:00,47,45,2,1,3,REGULAR,88,M. BLAZEVIC,0,2pt,458,,"['pointsinthepaint', 'blocked']",layup,1,22,Marek,Blazevic,Marek,Blazevic,M,B,M,B,M. Blazevic,TOFAS,TOF,M. Blazevic,22,,,94.730003356934,41.919998168945,0.0,P2,missed,TOFAS M. BLAZEVIC 2Pt missed,,,,99.0,2.0,A. BACOT JR,,,0,138,1.0,,0,47,0,45
05:42,05:42:00,47,45,2,2,3,REGULAR,99,A. BACOT JR,1,block,459,458,[],,0,00,Armando Linwood,Bacot Jr,Armando Linwood,Bacot Jr,A,B,A,B,A. Bacot Jr,FENERBAHÇE BEKO,FBB,A. Bacot Jr,00,,,,,,BS,,FENERBAHÇE BEKO A. BACOT JR block,,,,,,,,,0,138,1.0,,0,47,0,45
05:37,05:37:00,47,45,2,1,3,REGULAR,88,M. BLAZEVIC,1,rebound,460,458,[],offensive,0,22,Marek,Blazevic,Marek,Blazevic,M,B,M,B,M. Blazevic,TOFAS,TOF,M. Blazevic,22,,,,,,REB,,TOFAS rebound offensive,,,,,,,,,0,138,1.0,,0,47,0,45
05:36,05:36:00,49,45,4,1,3,REGULAR,93,J. THOMASSON JR,1,2pt,461,,"['2ndchance', 'pointsinthepaint']",jumpshot,1,32,Joseph Elliotte,Thomasson Jr,Joseph Elliotte,Thomasson Jr,J,T,J,T,J. Thomasson Jr,TOFAS,TOF,J. Thomasson Jr,32,,,90.050003051758,45.029998779297,1.0,P2,made,TOFAS J. THOMASSON JR 2Pt made,88.0,1.0,M. BLAZEVIC,,,,,,2,138,1.0,score,2,49,0,45
05:36,05:36:00,49,45,4,1,3,REGULAR,88,M. BLAZEVIC,1,assist,462,461,[],,0,22,Marek,Blazevic,Marek,Blazevic,M,B,M,B,M. Blazevic,TOFAS,TOF,M. Blazevic,22,,,,,,ASS,,TOFAS M. BLAZEVIC assist,,,,,,,,,0,139,2.0,,0,49,0,45
05:28,05:28:00,49,45,4,1,3,REGULAR,93,J. THOMASSON JR,1,foul,464,,[],personal,0,32,Joseph Elliotte,Thomasson Jr,Joseph Elliotte,Thomasson Jr,J,T,J,T,J. Thomasson Jr,TOFAS,TOF,J. Thomasson Jr,32,,,,,,FOUL,,TOFAS J. THOMASSON JR foul personal,,,,,,,,,0,139,2.0,,0,49,0,45
05:28,05:28:00,49,45,4,2,3,REGULAR,97,B. BOSTON JR,1,foulon,465,464,[],,0,11,Brandon Elliott,Boston Jr,Brandon Elliott,Boston Jr,B,B,B,B,B. Boston Jr,FENERBAHÇE BEKO,FBB,B. Boston Jr,11,,,,,,OTHER,,FENERBAHÇE BEKO foulon,,,,,,,,,0,139,2.0,,0,49,0,45
05:28,05:28:00,49,45,4,1,3,REGULAR,88,M. BLAZEVIC,1,substitution,466,,[],out,0,22,Marek,Blazevic,Marek,Blazevic,M,B,M,B,M. Blazevic,TOFAS,TOF,M. Blazevic,22,,,,,,SUB,out,TOFAS substitution out,,,,,,,,,0,139,2.0,,0,49,0,45
05:28,05:28:00,49,45,4,1,3,REGULAR,94,W. KIDD JR,1,substitution,467,,[],in,0,15,Warren Lynn,Kidd Jr,Warren Lynn,Kidd Jr,W,K,W,K,W. Kidd Jr,TOFAS,TOF,W. Kidd Jr,15,,,,,,SUB,in,TOFAS substitution in,,,,,,,,,0,139,2.0,,0,49,0,45
05:28,05:28:00,49,45,4,2,3,REGULAR,93,B. COLSON II,1,substitution,468,,[],out,0,50,Bonzie Alexander,Colson Ii,Bonzie Alexander,Colson Ii,B,C,B,C,B. Colson Ii,FENERBAHÇE BEKO,FBB,B. Colson Ii,50,,,,,,SUB,out,FENERBAHÇE BEKO substitution out,,,,,,,,,0,139,2.0,,0,49,0,45
05:28,05:28:00,49,45,4,2,3,REGULAR,77,J. BIRSEN,1,substitution,469,,[],in,0,1,James Metecan,Birsen,James Metecan,Birsen,J,B,J,B,J. Birsen,FENERBAHÇE BEKO,FBB,J. Birsen,1,,,,,,SUB,in,FENERBAHÇE BEKO substitution in,,,,,,,,,0,139,2.0,,0,49,0,45
05:17,05:17:00,49,45,4,2,3,REGULAR,96,T. TUCKER,0,3pt,471,,[],stepbackjumpshot,1,8,Talen Jalee,Tucker,Talen Jalee,Tucker,T,T,T,T,T. Tucker,FENERBAHÇE BEKO,FBB,T. Tucker,8,,,34.200000762939,69.599998474121,0.0,P3,missed,FENERBAHÇE BEKO T. TUCKER 3Pt missed,,,,,,,,,0,139,2.0,,0,49,0,45
05:14,05:14:00,49,45,4,2,3,REGULAR,77,J. BIRSEN,1,rebound,472,471,[],offensive,0,1,James Metecan,Birsen,James Metecan,Birsen,J,B,J,B,J. Birsen,FENERBAHÇE BEKO,FBB,J. Birsen,1,,,,,,REB,,FENERBAHÇE BEKO rebound offensive,,,,,,,,,0,139,2.0,,0,49,0,45
05:04,05:04:00,49,45,4,2,3,REGULAR,77,J. BIRSEN,0,3pt,473,,['2ndchance'],jumpshot,1,1,James Metecan,Birsen,James Metecan,Birsen,J,B,J,B,J. Birsen,FENERBAHÇE BEKO,FBB,J. Birsen,1,,,10.640000343323,96.720001220703,0.0,P3,missed,FENERBAHÇE BEKO J. BIRSEN 3Pt missed,,,,,,,,,0,139,2.0,,0,49,0,45
05:02,05:02:00,49,45,4,2,3,REGULAR,96,T. TUCKER,1,rebound,475,473,[],offensive,0,8,Talen Jalee,Tucker,Talen Jalee,Tucker,T,T,T,T,T. Tucker,FENERBAHÇE BEKO,FBB,T. Tucker,8,,,,,,REB,,FENERBAHÇE BEKO rebound offensive,,,,,,,,,0,139,2.0,,0,49,0,45
05:02,05:02:00,49,47,2,2,3,REGULAR,96,T. TUCKER,1,2pt,476,,"['2ndchance', 'pointsinthepaint']",jumpshot,1,8,Talen Jalee,Tucker,Talen Jalee,Tucker,T,T,T,T,T. Tucker,FENERBAHÇE BEKO,FBB,T. Tucker,8,,,7.9899997711182,62.819999694824,1.0,P2,made,FENERBAHÇE BEKO T. TUCKER 2Pt made,,,,,,,,,2,139,2.0,score,0,49,2,47
05:02,05:02:00,49,47,2,1,3,REGULAR,94,W. KIDD JR,1,foul,477,,"['shooting', '1freethrow']",personal,0,15,Warren Lynn,Kidd Jr,Warren Lynn,Kidd Jr,W,K,W,K,W. Kidd Jr,TOFAS,TOF,W. Kidd Jr,15,,,,,,FOUL,,TOFAS W. KIDD JR foul personal,,,,,,,,,0,140,1.0,,0,49,0,47
05:02,05:02:00,49,47,2,2,3,REGULAR,96,T. TUCKER,1,foulon,478,477,[],,0,8,Talen Jalee,Tucker,Talen Jalee,Tucker,T,T,T,T,T. Tucker,FENERBAHÇE BEKO,FBB,T. Tucker,8,,,,,,OTHER,,FENERBAHÇE BEKO foulon,,,,,,,,,0,140,1.0,,0,49,0,47
05:02,05:02:00,49,47,2,2,3,REGULAR,96,T. TUCKER,0,freethrow,479,,['2ndchance'],1of1,1,8,Talen Jalee,Tucker,Talen Jalee,Tucker,T,T,T,T,T. Tucker,FENERBAHÇE BEKO,FBB,T. Tucker,8,,,,,,FT,missed,FENERBAHÇE BEKO T. TUCKER FT 1of1 missed,,,,,,,,,0,140,1.0,def_reb,0,49,0,47
05:02,05:02:00,49,47,2,1,3,REGULAR,66,Y. SAYBIR,1,rebound,481,479,[],defensive,0,3,Yigitcan,Saybir,Yigitcan,Saybir,Y,S,Y,S,Y. Saybir,TOFAS,TOF,Y. Saybir,3,,,,,,REB,,TOFAS rebound defensive,,,,,,,,,0,141,2.0,def_reb,0,49,0,47
04:48,04:48:00,49,47,2,2,3,REGULAR,96,T. TUCKER,1,foul,483,,[],personal,0,8,Talen Jalee,Tucker,Talen Jalee,Tucker,T,T,T,T,T. Tucker,FENERBAHÇE BEKO,FBB,T. Tucker,8,,,,,,FOUL,,FENERBAHÇE BEKO T. TUCKER foul personal,,,,,,,,,0,142,1.0,,0,49,0,47
04:48,04:48:00,49,47,2,1,3,REGULAR,55,T. GEÇIM,1,foulon,484,483,[],,0,8,Tolga,Geçim,Tolga,Geçim,T,G,T,G,T. Geçim,TOFAS,TOF,T. Geçim,8,,,,,,OTHER,,TOFAS foulon,,,,,,,,,0,142,1.0,,0,49,0,47
04:48,04:48:00,49,47,2,0,3,REGULAR,0,,1,timeout,485,,[],officials,0,,,,,,,,,,,,,,,,,,,,TIMEOUT,, timeout,,,,,,,,,0,142,1.0,,0,49,0,47
04:48,04:48:00,49,47,2,2,3,REGULAR,96,T. TUCKER,1,substitution,486,,[],out,0,8,Talen Jalee,Tucker,Talen Jalee,Tucker,T,T,T,T,T. Tucker,FENERBAHÇE BEKO,FBB,T. Tucker,8,,,,,,SUB,out,FENERBAHÇE BEKO substitution out,,,,,,,,,0,142,1.0,,0,49,0,47
04:48,04:48:00,49,47,2,2,3,REGULAR,95,D. HALL,1,substitution,487,,[],in,0,20,Devon Howard,Hall,Devon Howard,Hall,D,H,D,H,D. Hall,FENERBAHÇE BEKO,FBB,D. Hall,20,,,,,,SUB,in,FENERBAHÇE BEKO substitution in,,,,,,,,,0,142,1.0,,0,49,0,47
04:41,04:41:00,49,47,2,1,3,REGULAR,66,Y. SAYBIR,0,2pt,489,,['pointsinthepaint'],alleyoop,1,3,Yigitcan,Saybir,Yigitcan,Saybir,Y,S,Y,S,Y. Saybir,TOFAS,TOF,Y. Saybir,3,,,93.169998168945,56.610000610352,0.0,P2,missed,TOFAS Y. SAYBIR 2Pt missed,,,,,,,,,0,142,1.0,def_reb,0,49,0,47
04:38,04:38:00,49,47,2,2,3,REGULAR,76,M. MAHMUTOGLU,1,rebound,490,489,[],defensive,0,10,Melih,Mahmutoglu,Melih,Mahmutoglu,M,M,M,M,M. Mahmutoglu,FENERBAHÇE BEKO,FBB,M. Mahmutoglu,10,,,,,,REB,,FENERBAHÇE BEKO rebound defensive,,,,,,,,,0,143,2.0,def_reb,0,49,0,47
04:34,04:34:00,49,49,0,2,3,REGULAR,77,J. BIRSEN,1,2pt,491,,['fastbreak'],jumpshot,1,1,James Metecan,Birsen,James Metecan,Birsen,J,B,J,B,J. Birsen,FENERBAHÇE BEKO,FBB,J. Birsen,1,,,19.209999084473,81.059997558594,1.0,P2,made,FENERBAHÇE BEKO J. BIRSEN 2Pt made,95.0,2.0,D. HALL,,,,,,2,144,1.0,score,0,49,2,49
04:34,04:34:00,49,49,0,2,3,REGULAR,95,D. HALL,1,assist,492,491,[],,0,20,Devon Howard,Hall,Devon Howard,Hall,D,H,D,H,D. Hall,FENERBAHÇE BEKO,FBB,D. Hall,20,,,,,,ASS,,FENERBAHÇE BEKO D. HALL assist,,,,,,,,,0,145,2.0,,0,49,0,49
04:14,04:14:00,51,49,2,1,3,REGULAR,66,Y. SAYBIR,1,2pt,493,,['pointsinthepaint'],jumpshot,1,3,Yigitcan,Saybir,Yigitcan,Saybir,Y,S,Y,S,Y. Saybir,TOFAS,TOF,Y. Saybir,3,,,91.919998168945,60.279998779297,1.0,P2,made,TOFAS Y. SAYBIR 2Pt made,,,,,,,,,2,145,2.0,score,2,51,0,49
03:53,03:53:00,51,51,0,2,3,REGULAR,95,D. HALL,1,2pt,494,,[],jumpshot,1,20,Devon Howard,Hall,Devon Howard,Hall,D,H,D,H,D. Hall,FENERBAHÇE BEKO,FBB,D. Hall,20,,,22.180000305176,32.880001068115,1.0,P2,made,FENERBAHÇE BEKO D. HALL 2Pt made,,,,,,,,,2,146,1.0,score,0,51,2,51
03:35,03:35:00,51,51,0,1,3,REGULAR,93,J. THOMASSON JR,0,3pt,495,,[],jumpshot,1,32,Joseph Elliotte,Thomasson Jr,Joseph Elliotte,Thomasson Jr,J,T,J,T,J. Thomasson Jr,TOFAS,TOF,J. Thomasson Jr,32,,,73.199996948242,19.60000038147,0.0,P3,missed,TOFAS J. THOMASSON JR 3Pt missed,,,,,,,,,0,147,2.0,def_reb,0,51,0,51
03:33,03:33:00,51,51,0,2,3,REGULAR,77,J. BIRSEN,1,rebound,496,495,[],defensive,0,1,James Metecan,Birsen,James Metecan,Birsen,J,B,J,B,J. Birsen,FENERBAHÇE BEKO,FBB,J. Birsen,1,,,,,,REB,,FENERBAHÇE BEKO rebound defensive,,,,,,,,,0,148,1.0,def_reb,0,51,0,51
03:29,03:29:00,51,53,-2,2,3,REGULAR,77,J. BIRSEN,1,2pt,498,,"['pointsinthepaint', 'fastbreak']",layup,1,1,James Metecan,Birsen,James Metecan,Birsen,J,B,J,B,J. Birsen,FENERBAHÇE BEKO,FBB,J. Birsen,1,,,10.949999809265,42.770000457764,1.0,P2,made,FENERBAHÇE BEKO J. BIRSEN 2Pt made,95.0,2.0,D. HALL,,,,,,2,149,2.0,score,0,51,2,53
03:29,03:29:00,51,53,-2,2,3,REGULAR,95,D. HALL,1,assist,499,498,[],,0,20,Devon Howard,Hall,Devon Howard,Hall,D,H,D,H,D. Hall,FENERBAHÇE BEKO,FBB,D. Hall,20,,,,,,ASS,,FENERBAHÇE BEKO D. HALL assist,,,,,,,,,0,150,1.0,,0,51,0,53
03:29,03:29:00,51,53,-2,1,3,REGULAR,55,T. GEÇIM,1,foul,500,,"['shooting', '1freethrow']",personal,0,8,Tolga,Geçim,Tolga,Geçim,T,G,T,G,T. Geçim,TOFAS,TOF,T. Geçim,8,,,,,,FOUL,,TOFAS T. GEÇIM foul personal,,,,,,,,,0,150,1.0,,0,51,0,53
03:29,03:29:00,51,53,-2,2,3,REGULAR,77,J. BIRSEN,1,foulon,501,500,[],,0,1,James Metecan,Birsen,James Metecan,Birsen,J,B,J,B,J. Birsen,FENERBAHÇE BEKO,FBB,J. Birsen,1,,,,,,OTHER,,FENERBAHÇE BEKO foulon,,,,,,,,,0,150,1.0,,0,51,0,53
03:29,03:29:00,51,53,-2,2,3,REGULAR,76,M. MAHMUTOGLU,1,substitution,502,,[],out,0,10,Melih,Mahmutoglu,Melih,Mahmutoglu,M,M,M,M,M. Mahmutoglu,FENERBAHÇE BEKO,FBB,M. Mahmutoglu,10,,,,,,SUB,out,FENERBAHÇE BEKO substitution out,,,,,,,,,0,150,1.0,,0,51,0,53
03:29,03:29:00,51,53,-2,2,3,REGULAR,89,O. BITIM,1,substitution,503,,[],in,0,17,Onuralp,Bitim,Onuralp,Bitim,O,B,O,B,O. Bitim,FENERBAHÇE BEKO,FBB,O. Bitim,17,,,,,,SUB,in,FENERBAHÇE BEKO substitution in,,,,,,,,,0,150,1.0,,0,51,0,53
03:29,03:29:00,51,53,-2,1,3,REGULAR,66,Y. SAYBIR,1,substitution,504,,[],out,0,3,Yigitcan,Saybir,Yigitcan,Saybir,Y,S,Y,S,Y. Saybir,TOFAS,TOF,Y. Saybir,3,,,,,,SUB,out,TOFAS substitution out,,,,,,,,,0,150,1.0,,0,51,0,53
03:29,03:29:00,51,53,-2,1,3,REGULAR,93,J. THOMASSON JR,1,substitution,505,,[],out,0,32,Joseph Elliotte,Thomasson Jr,Joseph Elliotte,Thomasson Jr,J,T,J,T,J. Thomasson Jr,TOFAS,TOF,J. Thomasson Jr,32,,,,,,SUB,out,TOFAS substitution out,,,,,,,,,0,150,1.0,,0,51,0,53
03:29,03:29:00,51,53,-2,1,3,REGULAR,92,S. WHALEY,1,substitution,506,,[],in,0,5,Shaqwan Malic,Whaley,Shaqwan Malic,Whaley,S,W,S,W,S. Whaley,TOFAS,TOF,S. Whaley,5,,,,,,SUB,in,TOFAS substitution in,,,,,,,,,0,150,1.0,,0,51,0,53
03:29,03:29:00,51,53,-2,1,3,REGULAR,90,H. BESSON,1,substitution,507,,[],in,0,25,Hugo Eric,Besson,Hugo Eric,Besson,H,B,H,B,H. Besson,TOFAS,TOF,H. Besson,25,,,,,,SUB,in,TOFAS substitution in,,,,,,,,,0,150,1.0,,0,51,0,53
03:29,03:29:00,51,54,-3,2,3,REGULAR,77,J. BIRSEN,1,freethrow,508,,['fastbreak'],1of1,1,1,James Metecan,Birsen,James Metecan,Birsen,J,B,J,B,J. Birsen,FENERBAHÇE BEKO,FBB,J. Birsen,1,,,,,,FT,made,FENERBAHÇE BEKO J. BIRSEN FT 1of1 made,,,,,,,,,1,150,1.0,made_ft_last,0,51,1,54
03:08,03:08:00,51,54,-3,1,3,REGULAR,89,A. PEREZ,0,2pt,510,,['pointsinthepaint'],layup,1,2,Alex Daniel,Perez,Alex Daniel,Perez,A,P,A,P,A. Perez,TOFAS,TOF,A. Perez,2,,,95.040000915527,41.360000610352,0.0,P2,missed,TOFAS A. PEREZ 2Pt missed,,,,,,,,,0,151,2.0,,0,51,0,54
03:08,03:08:00,51,54,-3,1,3,REGULAR,94,W. KIDD JR,1,rebound,512,510,[],offensive,0,15,Warren Lynn,Kidd Jr,Warren Lynn,Kidd Jr,W,K,W,K,W. Kidd Jr,TOFAS,TOF,W. Kidd Jr,15,,,,,,REB,,TOFAS rebound offensive,,,,,,,,,0,151,2.0,,0,51,0,54
03:08,03:08:00,51,54,-3,2,3,REGULAR,77,J. BIRSEN,1,foul,513,,"['shooting', '2freethrow']",personal,0,1,James Metecan,Birsen,James Metecan,Birsen,J,B,J,B,J. Birsen,FENERBAHÇE BEKO,FBB,J. Birsen,1,,,,,,FOUL,,FENERBAHÇE BEKO J. BIRSEN foul personal,,,,,,,,,0,151,2.0,,0,51,0,54
03:08,03:08:00,51,54,-3,1,3,REGULAR,94,W. KIDD JR,1,foulon,514,513,[],,0,15,Warren Lynn,Kidd Jr,Warren Lynn,Kidd Jr,W,K,W,K,W. Kidd Jr,TOFAS,TOF,W. Kidd Jr,15,,,,,,OTHER,,TOFAS foulon,,,,,,,,,0,151,2.0,,0,51,0,54
03:08,03:08:00,51,54,-3,2,3,REGULAR,77,J. BIRSEN,1,substitution,515,,[],out,0,1,James Metecan,Birsen,James Metecan,Birsen,J,B,J,B,J. Birsen,FENERBAHÇE BEKO,FBB,J. Birsen,1,,,,,,SUB,out,FENERBAHÇE BEKO substitution out,,,,,,,,,0,151,2.0,,0,51,0,54
03:08,03:08:00,51,54,-3,2,3,REGULAR,93,B. COLSON II,1,substitution,516,,[],in,0,50,Bonzie Alexander,Colson Ii,Bonzie Alexander,Colson Ii,B,C,B,C,B. Colson Ii,FENERBAHÇE BEKO,FBB,B. Colson Ii,50,,,,,,SUB,in,FENERBAHÇE BEKO substitution in,,,,,,,,,0,151,2.0,,0,51,0,54
03:08,03:08:00,52,54,-2,1,3,REGULAR,94,W. KIDD JR,1,freethrow,517,,['2ndchance'],1of2,1,15,Warren Lynn,Kidd Jr,Warren Lynn,Kidd Jr,W,K,W,K,W. Kidd Jr,TOFAS,TOF,W. Kidd Jr,15,,,,,,FT,made,TOFAS W. KIDD JR FT 1of2 made,,,,,,,,,1,151,2.0,made_ft,1,52,0,54
03:08,03:08:00,52,54,-2,1,3,REGULAR,94,W. KIDD JR,0,freethrow,518,,['2ndchance'],2of2,1,15,Warren Lynn,Kidd Jr,Warren Lynn,Kidd Jr,W,K,W,K,W. Kidd Jr,TOFAS,TOF,W. Kidd Jr,15,,,,,,FT,missed,TOFAS W. KIDD JR FT 2of2 missed,,,,,,,,,0,152,1.0,def_reb,0,52,0,54
03:08,03:08:00,52,54,-2,2,3,REGULAR,89,O. BITIM,1,rebound,520,518,[],defensive,0,17,Onuralp,Bitim,Onuralp,Bitim,O,B,O,B,O. Bitim,FENERBAHÇE BEKO,FBB,O. Bitim,17,,,,,,REB,,FENERBAHÇE BEKO rebound defensive,,,,,,,,,0,153,2.0,def_reb,0,52,0,54
02:44,02:44:00,52,57,-5,2,3,REGULAR,89,O. BITIM,1,3pt,521,,[],jumpshot,1,17,Onuralp,Bitim,Onuralp,Bitim,O,B,O,B,O. Bitim,FENERBAHÇE BEKO,FBB,O. Bitim,17,,,32.169998168945,27.799999237061,1.0,P3,made,FENERBAHÇE BEKO O. BITIM 3Pt made,,,,,,,,,3,154,1.0,score,0,52,3,57
02:20,02:20:00,52,57,-5,1,3,REGULAR,89,A. PEREZ,0,2pt,522,,['pointsinthepaint'],drivinglayup,1,2,Alex Daniel,Perez,Alex Daniel,Perez,A,P,A,P,A. Perez,TOFAS,TOF,A. Perez,2,,,92.230003356934,43.330001831055,0.0,P2,missed,TOFAS A. PEREZ 2Pt missed,,,,,,,,,0,155,2.0,def_reb,0,52,0,57
02:17,02:17:00,52,57,-5,2,3,REGULAR,89,O. BITIM,1,rebound,523,522,[],defensive,0,17,Onuralp,Bitim,Onuralp,Bitim,O,B,O,B,O. Bitim,FENERBAHÇE BEKO,FBB,O. Bitim,17,,,,,,REB,,FENERBAHÇE BEKO rebound defensive,,,,,,,,,0,156,1.0,def_reb,0,52,0,57
02:13,02:13:00,52,57,-5,2,3,REGULAR,93,B. COLSON II,1,turnover,525,,[],badpass,0,50,Bonzie Alexander,Colson Ii,Bonzie Alexander,Colson Ii,B,C,B,C,B. Colson Ii,FENERBAHÇE BEKO,FBB,B. Colson Ii,50,,,,,,TO,,FENERBAHÇE BEKO B. COLSON II turnover badpass,,,,,,,,,0,157,2.0,turnover,0,52,0,57
01:57,01:57:00,54,57,-3,1,3,REGULAR,94,W. KIDD JR,1,2pt,530,,"['fromturnover', 'pointsinthepaint']",jumpshot,1,15,Warren Lynn,Kidd Jr,Warren Lynn,Kidd Jr,W,K,W,K,W. Kidd Jr,TOFAS,TOF,W. Kidd Jr,15,,,91.610000610352,60.0,1.0,P2,made,TOFAS W. KIDD JR 2Pt made,92.0,1.0,S. WHALEY,,,,,,2,158,1.0,score,2,54,0,57
01:57,01:57:00,54,57,-3,1,3,REGULAR,92,S. WHALEY,1,assist,531,530,[],,0,5,Shaqwan Malic,Whaley,Shaqwan Malic,Whaley,S,W,S,W,S. Whaley,TOFAS,TOF,S. Whaley,5,,,,,,ASS,,TOFAS S. WHALEY assist,,,,,,,,,0,159,2.0,,0,54,0,57
01:57,01:57:00,54,57,-3,1,3,REGULAR,89,A. PEREZ,1,substitution,532,,[],out,0,2,Alex Daniel,Perez,Alex Daniel,Perez,A,P,A,P,A. Perez,TOFAS,TOF,A. Perez,2,,,,,,SUB,out,TOFAS substitution out,,,,,,,,,0,159,2.0,,0,54,0,57
01:57,01:57:00,54,57,-3,1,3,REGULAR,67,Ö. CENGIZ,1,substitution,533,,[],in,0,1,Özgür,Cengiz,Özgür,Cengiz,Ö,C,Ö,C,Ö. Cengiz,TOFAS,TOF,Ö. Cengiz,1,,,,,,SUB,in,TOFAS substitution in,,,,,,,,,0,159,2.0,,0,54,0,57
01:50,01:50:00,54,57,-3,2,3,REGULAR,89,O. BITIM,0,2pt,535,,['pointsinthepaint'],layup,1,17,Onuralp,Bitim,Onuralp,Bitim,O,B,O,B,O. Bitim,FENERBAHÇE BEKO,FBB,O. Bitim,17,,,11.729999542236,43.049999237061,0.0,P2,missed,FENERBAHÇE BEKO O. BITIM 2Pt missed,,,,,,,,,0,159,2.0,,0,54,0,57
01:43,01:43:00,54,57,-3,2,3,REGULAR,93,B. COLSON II,1,rebound,536,535,[],offensive,0,50,Bonzie Alexander,Colson Ii,Bonzie Alexander,Colson Ii,B,C,B,C,B. Colson Ii,FENERBAHÇE BEKO,FBB,B. Colson Ii,50,,,,,,REB,,FENERBAHÇE BEKO rebound offensive,,,,,,,,,0,159,2.0,,0,54,0,57
01:42,01:42:00,54,57,-3,2,3,REGULAR,93,B. COLSON II,1,turnover,537,,[],ballhandling,0,50,Bonzie Alexander,Colson Ii,Bonzie Alexander,Colson Ii,B,C,B,C,B. Colson Ii,FENERBAHÇE BEKO,FBB,B. Colson Ii,50,,,,,,TO,,FENERBAHÇE BEKO B. COLSON II turnover ballhandling,,,,,,,,,0,159,2.0,turnover,0,54,0,57
01:42,01:42:00,54,57,-3,1,3,REGULAR,94,W. KIDD JR,1,steal,538,537,[],,0,15,Warren Lynn,Kidd Jr,Warren Lynn,Kidd Jr,W,K,W,K,W. Kidd Jr,TOFAS,TOF,W. Kidd Jr,15,,,,,,ST,,TOFAS W. KIDD JR steal,,,,,,,,,0,160,1.0,,0,54,0,57
01:38,01:38:00,56,57,-1,1,3,REGULAR,94,W. KIDD JR,1,2pt,539,,"['fromturnover', 'pointsinthepaint', 'fastbreak']",jumpshot,1,15,Warren Lynn,Kidd Jr,Warren Lynn,Kidd Jr,W,K,W,K,W. Kidd Jr,TOFAS,TOF,W. Kidd Jr,15,,,92.699996948242,42.200000762939,1.0,P2,made,TOFAS W. KIDD JR 2Pt made,90.0,1.0,H. BESSON,,,,,,2,160,1.0,score,2,56,0,57
01:38,01:38:00,56,57,-1,1,3,REGULAR,90,H. BESSON,1,assist,541,539,[],,0,25,Hugo Eric,Besson,Hugo Eric,Besson,H,B,H,B,H. Besson,TOFAS,TOF,H. Besson,25,,,,,,ASS,,TOFAS H. BESSON assist,,,,,,,,,0,161,2.0,,0,56,0,57
01:37,01:37:00,56,57,-1,2,3,REGULAR,0,,1,timeout,542,,[],full,0,,,,,,,,,,,FENERBAHÇE BEKO,FBB,,,,,,,,TIMEOUT,,FENERBAHÇE BEKO timeout,,,,,,,,,0,161,2.0,,0,56,0,57
01:22,01:22:00,56,59,-3,2,3,REGULAR,95,D. HALL,1,2pt,544,,['pointsinthepaint'],drivinglayup,1,20,Devon Howard,Hall,Devon Howard,Hall,D,H,D,H,D. Hall,FENERBAHÇE BEKO,FBB,D. Hall,20,,,9.6999998092651,63.389999389648,1.0,P2,made,FENERBAHÇE BEKO D. HALL 2Pt made,,,,,,,,,2,161,2.0,score,0,56,2,59
01:04,01:04:00,56,59,-3,1,3,REGULAR,94,W. KIDD JR,0,2pt,545,,['pointsinthepaint'],layup,1,15,Warren Lynn,Kidd Jr,Warren Lynn,Kidd Jr,W,K,W,K,W. Kidd Jr,TOFAS,TOF,W. Kidd Jr,15,,,90.980003356934,46.720001220703,0.0,P2,missed,TOFAS W. KIDD JR 2Pt missed,,,,,,,,,0,162,1.0,,0,56,0,59
01:02,01:02:00,56,59,-3,1,3,REGULAR,94,W. KIDD JR,1,rebound,546,545,[],offensive,0,15,Warren Lynn,Kidd Jr,Warren Lynn,Kidd Jr,W,K,W,K,W. Kidd Jr,TOFAS,TOF,W. Kidd Jr,15,,,,,,REB,,TOFAS rebound offensive,,,,,,,,,0,162,1.0,,0,56,0,59
01:01,01:01:00,56,59,-3,1,3,REGULAR,94,W. KIDD JR,0,2pt,547,,"['2ndchance', 'pointsinthepaint']",layup,1,15,Warren Lynn,Kidd Jr,Warren Lynn,Kidd Jr,W,K,W,K,W. Kidd Jr,TOFAS,TOF,W. Kidd Jr,15,,,90.669998168945,41.069999694824,0.0,P2,missed,TOFAS W. KIDD JR 2Pt missed,,,,,,,,,0,162,1.0,def_reb,0,56,0,59
00:58,00:58:50,56,59,-3,2,3,REGULAR,89,O. BITIM,1,rebound,548,547,[],defensive,0,17,Onuralp,Bitim,Onuralp,Bitim,O,B,O,B,O. Bitim,FENERBAHÇE BEKO,FBB,O. Bitim,17,,,,,,REB,,FENERBAHÇE BEKO rebound defensive,,,,,,,,,0,163,2.0,def_reb,0,56,0,59
00:43,00:43:60,56,59,-3,2,3,REGULAR,95,D. HALL,1,turnover,550,,[],ballhandling,0,20,Devon Howard,Hall,Devon Howard,Hall,D,H,D,H,D. Hall,FENERBAHÇE BEKO,FBB,D. Hall,20,,,,,,TO,,FENERBAHÇE BEKO D. HALL turnover ballhandling,,,,,,,,,0,164,1.0,turnover,0,56,0,59
00:30,00:30:40,58,59,-1,1,3,REGULAR,90,H. BESSON,1,2pt,552,,"['fromturnover', 'pointsinthepaint']",jumpshot,1,25,Hugo Eric,Besson,Hugo Eric,Besson,H,B,H,B,H. Besson,TOFAS,TOF,H. Besson,25,,,91.139999389648,45.310001373291,1.0,P2,made,TOFAS H. BESSON 2Pt made,55.0,1.0,T. GEÇIM,,,,,,2,165,2.0,score,2,58,0,59
00:30,00:30:40,58,59,-1,1,3,REGULAR,55,T. GEÇIM,1,assist,553,552,[],,0,8,Tolga,Geçim,Tolga,Geçim,T,G,T,G,T. Geçim,TOFAS,TOF,T. Geçim,8,,,,,,ASS,,TOFAS T. GEÇIM assist,,,,,,,,,0,166,1.0,,0,58,0,59
00:06,00:06:30,58,61,-3,2,3,REGULAR,93,B. COLSON II,1,2pt,555,,['pointsinthepaint'],layup,1,50,Bonzie Alexander,Colson Ii,Bonzie Alexander,Colson Ii,B,C,B,C,B. Colson Ii,FENERBAHÇE BEKO,FBB,B. Colson Ii,50,,,12.819999694824,60.849998474121,1.0,P2,made,FENERBAHÇE BEKO B. COLSON II 2Pt made,95.0,2.0,D. HALL,,,,,,2,166,1.0,score,0,58,2,61
00:06,00:06:30,58,61,-3,2,3,REGULAR,95,D. HALL,1,assist,556,555,[],,0,20,Devon Howard,Hall,Devon Howard,Hall,D,H,D,H,D. Hall,FENERBAHÇE BEKO,FBB,D. Hall,20,,,,,,ASS,,FENERBAHÇE BEKO D. HALL assist,,,,,,,,,0,167,2.0,,0,58,0,61
00:04,00:04:20,58,61,-3,1,3,REGULAR,90,H. BESSON,0,3pt,560,,[],jumpshot,1,25,Hugo Eric,Besson,Hugo Eric,Besson,H,B,H,B,H. Besson,TOFAS,TOF,H. Besson,25,,,73.51000213623,84.860000610352,0.0,P3,missed,TOFAS H. BESSON 3Pt missed,,,,,,,,,0,167,2.0,,0,58,0,61
00:00,00:00:00,58,61,-3,0,3,REGULAR,0,,1,period,562,,['confirmed'],end,0,,,,,,,,,,,,,,,,,,,,OTHER,,period end,,,,,,,,,0,167,2.0,,0,58,0,61
10:00,10:00:00,58,61,-3,0,4,REGULAR,0,,1,period,563,,[],start,0,,,,,,,,,,,,,,,,,,,,OTHER,,period start,,,,,,,,,0,167,2.0,,0,58,0,61
09:46,09:46:00,60,61,-1,1,4,REGULAR,94,W. KIDD JR,1,2pt,565,,['pointsinthepaint'],dunk,1,15,Warren Lynn,Kidd Jr,Warren Lynn,Kidd Jr,W,K,W,K,W. Kidd Jr,TOFAS,TOF,W. Kidd Jr,15,,,93.949996948242,59.439998626709,1.0,P2,made,TOFAS W. KIDD JR 2Pt made,55.0,1.0,T. GEÇIM,,,,,,2,167,2.0,score,2,60,0,61
09:46,09:46:00,60,61,-1,1,4,REGULAR,55,T. GEÇIM,1,assist,566,565,[],,0,8,Tolga,Geçim,Tolga,Geçim,T,G,T,G,T. Geçim,TOFAS,TOF,T. Geçim,8,,,,,,ASS,,TOFAS T. GEÇIM assist,,,,,,,,,0,168,1.0,,0,60,0,61
09:20,09:20:00,60,61,-1,2,4,REGULAR,97,B. BOSTON JR,0,2pt,568,,[],jumpshot,1,11,Brandon Elliott,Boston Jr,Brandon Elliott,Boston Jr,B,B,B,B,B. Boston Jr,FENERBAHÇE BEKO,FBB,B. Boston Jr,11,,,24.520000457764,61.689998626709,0.0,P2,missed,FENERBAHÇE BEKO B. BOSTON JR 2Pt missed,,,,,,,,,0,168,1.0,def_reb,0,60,0,61
09:20,09:20:00,60,61,-1,2,4,REGULAR,0,,1,rebound,569,568,['team'],offensive,0,,,,,,,,,,,FENERBAHÇE BEKO,FBB,,,,,,,,TREB,,FENERBAHÇE BEKO team rebound offensive,,,,,,,,,0,169,2.0,def_reb,0,60,0,61
09:20,09:20:00,60,61,-1,1,4,REGULAR,90,H. BESSON,1,foul,570,,"['shooting', '2freethrow']",personal,0,25,Hugo Eric,Besson,Hugo Eric,Besson,H,B,H,B,H. Besson,TOFAS,TOF,H. Besson,25,,,,,,FOUL,,TOFAS H. BESSON foul personal,,,,,,,,,0,170,1.0,,0,60,0,61
09:20,09:20:00,60,61,-1,2,4,REGULAR,97,B. BOSTON JR,1,foulon,571,570,[],,0,11,Brandon Elliott,Boston Jr,Brandon Elliott,Boston Jr,B,B,B,B,B. Boston Jr,FENERBAHÇE BEKO,FBB,B. Boston Jr,11,,,,,,OTHER,,FENERBAHÇE BEKO foulon,,,,,,,,,0,170,1.0,,0,60,0,61
09:20,09:20:00,60,61,-1,2,4,REGULAR,99,A. BACOT JR,1,substitution,572,,[],out,0,00,Armando Linwood,Bacot Jr,Armando Linwood,Bacot Jr,A,B,A,B,A. Bacot Jr,FENERBAHÇE BEKO,FBB,A. Bacot Jr,00,,,,,,SUB,out,FENERBAHÇE BEKO substitution out,,,,,,,,,0,170,1.0,,0,60,0,61
09:20,09:20:00,60,61,-1,2,4,REGULAR,92,N. MELLI,1,substitution,573,,[],in,0,4,Nicolo,Melli,Nicolo,Melli,N,M,N,M,N. Melli,FENERBAHÇE BEKO,FBB,N. Melli,4,,,,,,SUB,in,FENERBAHÇE BEKO substitution in,,,,,,,,,0,170,1.0,,0,60,0,61
09:20,09:20:00,60,61,-1,2,4,REGULAR,97,B. BOSTON JR,0,freethrow,574,,['2ndchance'],1of2,1,11,Brandon Elliott,Boston Jr,Brandon Elliott,Boston Jr,B,B,B,B,B. Boston Jr,FENERBAHÇE BEKO,FBB,B. Boston Jr,11,,,,,,FT,missed,FENERBAHÇE BEKO B. BOSTON JR FT 1of2 missed,,,,,,,,,0,170,1.0,def_reb,0,60,0,61
09:20,09:20:00,60,61,-1,2,4,REGULAR,0,,1,rebound,575,574,[],offensivedeadball,0,,,,,,,,,,,FENERBAHÇE BEKO,FBB,,,,,,,,TREB,,FENERBAHÇE BEKO team rebound offensivedeadball,,,,,,,,,0,171,2.0,def_reb,0,60,0,61
09:20,09:20:00,60,61,-1,2,4,REGULAR,97,B. BOSTON JR,0,freethrow,576,,['2ndchance'],2of2,1,11,Brandon Elliott,Boston Jr,Brandon Elliott,Boston Jr,B,B,B,B,B. Boston Jr,FENERBAHÇE BEKO,FBB,B. Boston Jr,11,,,,,,FT,missed,FENERBAHÇE BEKO B. BOSTON JR FT 2of2 missed,,,,,,,,,0,172,1.0,,0,60,0,61
09:20,09:20:00,60,61,-1,2,4,REGULAR,92,N. MELLI,1,rebound,578,576,[],offensive,0,4,Nicolo,Melli,Nicolo,Melli,N,M,N,M,N. Melli,FENERBAHÇE BEKO,FBB,N. Melli,4,,,,,,REB,,FENERBAHÇE BEKO rebound offensive,,,,,,,,,0,172,1.0,,0,60,0,61
09:07,09:07:00,60,61,-1,2,4,REGULAR,93,B. COLSON II,0,2pt,579,,"['2ndchance', 'pointsinthepaint']",jumpshot,1,50,Bonzie Alexander,Colson Ii,Bonzie Alexander,Colson Ii,B,C,B,C,B. Colson Ii,FENERBAHÇE BEKO,FBB,B. Colson Ii,50,,,16.260000228882,58.869998931885,0.0,P2,missed,FENERBAHÇE BEKO B. COLSON II 2Pt missed,,,,,,,,,0,172,1.0,def_reb,0,60,0,61
09:05,09:05:00,60,61,-1,1,4,REGULAR,55,T. GEÇIM,1,rebound,580,579,[],defensive,0,8,Tolga,Geçim,Tolga,Geçim,T,G,T,G,T. Geçim,TOFAS,TOF,T. Geçim,8,,,,,,REB,,TOFAS rebound defensive,,,,,,,,,0,173,2.0,def_reb,0,60,0,61
08:47,08:47:00,62,61,1,1,4,REGULAR,94,W. KIDD JR,1,2pt,581,,['pointsinthepaint'],jumpshot,1,15,Warren Lynn,Kidd Jr,Warren Lynn,Kidd Jr,W,K,W,K,W. Kidd Jr,TOFAS,TOF,W. Kidd Jr,15,,,97.220001220703,60.849998474121,1.0,P2,made,TOFAS W. KIDD JR 2Pt made,55.0,1.0,T. GEÇIM,,,,,,2,174,1.0,score,2,62,0,61
08:47,08:47:00,62,61,1,1,4,REGULAR,55,T. GEÇIM,1,assist,583,581,[],,0,8,Tolga,Geçim,Tolga,Geçim,T,G,T,G,T. Geçim,TOFAS,TOF,T. Geçim,8,,,,,,ASS,,TOFAS T. GEÇIM assist,,,,,,,,,0,175,2.0,,0,62,0,61
08:44,08:44:00,62,61,1,2,4,REGULAR,97,B. BOSTON JR,1,substitution,586,,[],out,0,11,Brandon Elliott,Boston Jr,Brandon Elliott,Boston Jr,B,B,B,B,B. Boston Jr,FENERBAHÇE BEKO,FBB,B. Boston Jr,11,,,,,,SUB,out,FENERBAHÇE BEKO substitution out,,,,,,,,,0,175,2.0,,0,62,0,61
08:44,08:44:00,62,61,1,2,4,REGULAR,96,T. TUCKER,1,substitution,587,,[],in,0,8,Talen Jalee,Tucker,Talen Jalee,Tucker,T,T,T,T,T. Tucker,FENERBAHÇE BEKO,FBB,T. Tucker,8,,,,,,SUB,in,FENERBAHÇE BEKO substitution in,,,,,,,,,0,175,2.0,,0,62,0,61
08:19,08:19:00,62,63,-1,2,4,REGULAR,96,T. TUCKER,1,2pt,589,,['pointsinthepaint'],drivinglayup,1,8,Talen Jalee,Tucker,Talen Jalee,Tucker,T,T,T,T,T. Tucker,FENERBAHÇE BEKO,FBB,T. Tucker,8,,,12.199999809265,60.279998779297,1.0,P2,made,FENERBAHÇE BEKO T. TUCKER 2Pt made,,,,,,,,,2,175,2.0,score,0,62,2,63
07:57,07:57:00,62,63,-1,1,4,REGULAR,90,H. BESSON,0,3pt,590,,[],jumpshot,1,25,Hugo Eric,Besson,Hugo Eric,Besson,H,B,H,B,H. Besson,TOFAS,TOF,H. Besson,25,,,78.190002441406,90.51000213623,0.0,P3,missed,TOFAS H. BESSON 3Pt missed,,,,,,,,,0,176,1.0,,0,62,0,63
07:56,07:56:00,62,63,-1,1,4,REGULAR,92,S. WHALEY,1,rebound,592,590,[],offensive,0,5,Shaqwan Malic,Whaley,Shaqwan Malic,Whaley,S,W,S,W,S. Whaley,TOFAS,TOF,S. Whaley,5,,,,,,REB,,TOFAS rebound offensive,,,,,,,,,0,176,1.0,,0,62,0,63
07:56,07:56:00,62,63,-1,2,4,REGULAR,92,N. MELLI,1,foul,593,,"['shooting', '2freethrow']",personal,0,4,Nicolo,Melli,Nicolo,Melli,N,M,N,M,N. Melli,FENERBAHÇE BEKO,FBB,N. Melli,4,,,,,,FOUL,,FENERBAHÇE BEKO N. MELLI foul personal,,,,,,,,,0,176,1.0,,0,62,0,63
07:56,07:56:00,62,63,-1,1,4,REGULAR,92,S. WHALEY,1,foulon,594,593,[],,0,5,Shaqwan Malic,Whaley,Shaqwan Malic,Whaley,S,W,S,W,S. Whaley,TOFAS,TOF,S. Whaley,5,,,,,,OTHER,,TOFAS foulon,,,,,,,,,0,176,1.0,,0,62,0,63
07:56,07:56:00,62,63,-1,1,4,REGULAR,94,W. KIDD JR,1,substitution,595,,[],out,0,15,Warren Lynn,Kidd Jr,Warren Lynn,Kidd Jr,W,K,W,K,W. Kidd Jr,TOFAS,TOF,W. Kidd Jr,15,,,,,,SUB,out,TOFAS substitution out,,,,,,,,,0,176,1.0,,0,62,0,63
07:56,07:56:00,62,63,-1,1,4,REGULAR,66,Y. SAYBIR,1,substitution,596,,[],in,0,3,Yigitcan,Saybir,Yigitcan,Saybir,Y,S,Y,S,Y. Saybir,TOFAS,TOF,Y. Saybir,3,,,,,,SUB,in,TOFAS substitution in,,,,,,,,,0,176,1.0,,0,62,0,63
07:56,07:56:00,62,63,-1,2,4,REGULAR,95,D. HALL,1,substitution,597,,[],out,0,20,Devon Howard,Hall,Devon Howard,Hall,D,H,D,H,D. Hall,FENERBAHÇE BEKO,FBB,D. Hall,20,,,,,,SUB,out,FENERBAHÇE BEKO substitution out,,,,,,,,,0,176,1.0,,0,62,0,63
07:56,07:56:00,62,63,-1,2,4,REGULAR,76,M. MAHMUTOGLU,1,substitution,598,,[],in,0,10,Melih,Mahmutoglu,Melih,Mahmutoglu,M,M,M,M,M. Mahmutoglu,FENERBAHÇE BEKO,FBB,M. Mahmutoglu,10,,,,,,SUB,in,FENERBAHÇE BEKO substitution in,,,,,,,,,0,176,1.0,,0,62,0,63
07:56,07:56:00,63,63,0,1,4,REGULAR,92,S. WHALEY,1,freethrow,599,,['2ndchance'],1of2,1,5,Shaqwan Malic,Whaley,Shaqwan Malic,Whaley,S,W,S,W,S. Whaley,TOFAS,TOF,S. Whaley,5,,,,,,FT,made,TOFAS S. WHALEY FT 1of2 made,,,,,,,,,1,176,1.0,made_ft,1,63,0,63
07:56,07:56:00,63,63,0,1,4,REGULAR,92,S. WHALEY,0,freethrow,600,,['2ndchance'],2of2,1,5,Shaqwan Malic,Whaley,Shaqwan Malic,Whaley,S,W,S,W,S. Whaley,TOFAS,TOF,S. Whaley,5,,,,,,FT,missed,TOFAS S. WHALEY FT 2of2 missed,,,,,,,,,0,177,2.0,def_reb,0,63,0,63
07:56,07:56:00,63,63,0,2,4,REGULAR,93,B. COLSON II,1,rebound,602,600,[],defensive,0,50,Bonzie Alexander,Colson Ii,Bonzie Alexander,Colson Ii,B,C,B,C,B. Colson Ii,FENERBAHÇE BEKO,FBB,B. Colson Ii,50,,,,,,REB,,FENERBAHÇE BEKO rebound defensive,,,,,,,,,0,178,1.0,def_reb,0,63,0,63
07:44,07:44:00,63,63,0,1,4,REGULAR,67,Ö. CENGIZ,1,foul,604,,[],personal,0,1,Özgür,Cengiz,Özgür,Cengiz,Ö,C,Ö,C,Ö. Cengiz,TOFAS,TOF,Ö. Cengiz,1,,,,,,FOUL,,TOFAS Ö. CENGIZ foul personal,,,,,,,,,0,179,2.0,,0,63,0,63
07:44,07:44:00,63,63,0,2,4,REGULAR,96,T. TUCKER,1,foulon,605,604,[],,0,8,Talen Jalee,Tucker,Talen Jalee,Tucker,T,T,T,T,T. Tucker,FENERBAHÇE BEKO,FBB,T. Tucker,8,,,,,,OTHER,,FENERBAHÇE BEKO foulon,,,,,,,,,0,179,2.0,,0,63,0,63
07:31,07:31:00,63,63,0,2,4,REGULAR,96,T. TUCKER,0,3pt,607,,[],jumpshot,1,8,Talen Jalee,Tucker,Talen Jalee,Tucker,T,T,T,T,T. Tucker,FENERBAHÇE BEKO,FBB,T. Tucker,8,,,32.009998321533,66.779998779297,0.0,P3,missed,FENERBAHÇE BEKO T. TUCKER 3Pt missed,,,,,,,,,0,179,2.0,,0,63,0,63
07:28,07:28:00,63,63,0,2,4,REGULAR,92,N. MELLI,1,rebound,608,607,[],offensive,0,4,Nicolo,Melli,Nicolo,Melli,N,M,N,M,N. Melli,FENERBAHÇE BEKO,FBB,N. Melli,4,,,,,,REB,,FENERBAHÇE BEKO rebound offensive,,,,,,,,,0,179,2.0,,0,63,0,63
07:15,07:15:00,63,63,0,2,4,REGULAR,92,N. MELLI,0,2pt,609,,['2ndchance'],jumpshot,1,4,Nicolo,Melli,Nicolo,Melli,N,M,N,M,N. Melli,FENERBAHÇE BEKO,FBB,N. Melli,4,,,9.5500001907349,82.319999694824,0.0,P2,missed,FENERBAHÇE BEKO N. MELLI 2Pt missed,,,,,,,,,0,179,2.0,def_reb,0,63,0,63
07:13,07:13:00,63,63,0,1,4,REGULAR,92,S. WHALEY,1,rebound,610,609,[],defensive,0,5,Shaqwan Malic,Whaley,Shaqwan Malic,Whaley,S,W,S,W,S. Whaley,TOFAS,TOF,S. Whaley,5,,,,,,REB,,TOFAS rebound defensive,,,,,,,,,0,180,1.0,def_reb,0,63,0,63
06:55,06:55:00,65,63,2,1,4,REGULAR,66,Y. SAYBIR,1,2pt,611,,['pointsinthepaint'],alleyoop,1,3,Yigitcan,Saybir,Yigitcan,Saybir,Y,S,Y,S,Y. Saybir,TOFAS,TOF,Y. Saybir,3,,,91.919998168945,65.370002746582,1.0,P2,made,TOFAS Y. SAYBIR 2Pt made,55.0,1.0,T. GEÇIM,,,,,,2,181,2.0,score,2,65,0,63
06:55,06:55:00,65,63,2,1,4,REGULAR,55,T. GEÇIM,1,assist,612,611,[],,0,8,Tolga,Geçim,Tolga,Geçim,T,G,T,G,T. Geçim,TOFAS,TOF,T. Geçim,8,,,,,,ASS,,TOFAS T. GEÇIM assist,,,,,,,,,0,182,1.0,,0,65,0,63
06:41,06:41:00,65,66,-1,2,4,REGULAR,89,O. BITIM,1,3pt,614,,[],jumpshot,1,17,Onuralp,Bitim,Onuralp,Bitim,O,B,O,B,O. Bitim,FENERBAHÇE BEKO,FBB,O. Bitim,17,,,25.620000839233,13.949999809265,1.0,P3,made,FENERBAHÇE BEKO O. BITIM 3Pt made,96.0,2.0,T. TUCKER,,,,,,3,182,1.0,score,0,65,3,66
06:41,06:41:00,65,66,-1,2,4,REGULAR,96,T. TUCKER,1,assist,615,614,[],,0,8,Talen Jalee,Tucker,Talen Jalee,Tucker,T,T,T,T,T. Tucker,FENERBAHÇE BEKO,FBB,T. Tucker,8,,,,,,ASS,,FENERBAHÇE BEKO T. TUCKER assist,,,,,,,,,0,183,2.0,,0,65,0,66
06:41,06:41:00,65,66,-1,1,4,REGULAR,92,S. WHALEY,1,foul,616,,"['shooting', '1freethrow']",personal,0,5,Shaqwan Malic,Whaley,Shaqwan Malic,Whaley,S,W,S,W,S. Whaley,TOFAS,TOF,S. Whaley,5,,,,,,FOUL,,TOFAS S. WHALEY foul personal,,,,,,,,,0,183,2.0,,0,65,0,66
06:41,06:41:00,65,66,-1,2,4,REGULAR,89,O. BITIM,1,foulon,617,616,[],,0,17,Onuralp,Bitim,Onuralp,Bitim,O,B,O,B,O. Bitim,FENERBAHÇE BEKO,FBB,O. Bitim,17,,,,,,OTHER,,FENERBAHÇE BEKO foulon,,,,,,,,,0,183,2.0,,0,65,0,66
06:41,06:41:00,65,66,-1,1,4,REGULAR,67,Ö. CENGIZ,1,substitution,618,,[],out,0,1,Özgür,Cengiz,Özgür,Cengiz,Ö,C,Ö,C,Ö. Cengiz,TOFAS,TOF,Ö. Cengiz,1,,,,,,SUB,out,TOFAS substitution out,,,,,,,,,0,183,2.0,,0,65,0,66
06:41,06:41:00,65,66,-1,1,4,REGULAR,89,A. PEREZ,1,substitution,619,,[],in,0,2,Alex Daniel,Perez,Alex Daniel,Perez,A,P,A,P,A. Perez,TOFAS,TOF,A. Perez,2,,,,,,SUB,in,TOFAS substitution in,,,,,,,,,0,183,2.0,,0,65,0,66
06:41,06:41:00,65,66,-1,2,4,REGULAR,93,B. COLSON II,1,substitution,620,,[],out,0,50,Bonzie Alexander,Colson Ii,Bonzie Alexander,Colson Ii,B,C,B,C,B. Colson Ii,FENERBAHÇE BEKO,FBB,B. Colson Ii,50,,,,,,SUB,out,FENERBAHÇE BEKO substitution out,,,,,,,,,0,183,2.0,,0,65,0,66
06:41,06:41:00,65,66,-1,2,4,REGULAR,99,A. BACOT JR,1,substitution,621,,[],in,0,00,Armando Linwood,Bacot Jr,Armando Linwood,Bacot Jr,A,B,A,B,A. Bacot Jr,FENERBAHÇE BEKO,FBB,A. Bacot Jr,00,,,,,,SUB,in,FENERBAHÇE BEKO substitution in,,,,,,,,,0,183,2.0,,0,65,0,66
06:41,06:41:00,65,66,-1,1,4,REGULAR,92,S. WHALEY,1,substitution,622,,[],out,0,5,Shaqwan Malic,Whaley,Shaqwan Malic,Whaley,S,W,S,W,S. Whaley,TOFAS,TOF,S. Whaley,5,,,,,,SUB,out,TOFAS substitution out,,,,,,,,,0,183,2.0,,0,65,0,66
06:41,06:41:00,65,66,-1,1,4,REGULAR,88,M. BLAZEVIC,1,substitution,623,,[],in,0,22,Marek,Blazevic,Marek,Blazevic,M,B,M,B,M. Blazevic,TOFAS,TOF,M. Blazevic,22,,,,,,SUB,in,TOFAS substitution in,,,,,,,,,0,183,2.0,,0,65,0,66
06:41,06:41:00,65,67,-2,2,4,REGULAR,89,O. BITIM,1,freethrow,624,,[],1of1,1,17,Onuralp,Bitim,Onuralp,Bitim,O,B,O,B,O. Bitim,FENERBAHÇE BEKO,FBB,O. Bitim,17,,,,,,FT,made,FENERBAHÇE BEKO O. BITIM FT 1of1 made,,,,,,,,,1,183,2.0,made_ft_last,0,65,1,67
06:32,06:32:00,65,67,-2,2,4,REGULAR,76,M. MAHMUTOGLU,1,foul,627,,[],personal,0,10,Melih,Mahmutoglu,Melih,Mahmutoglu,M,M,M,M,M. Mahmutoglu,FENERBAHÇE BEKO,FBB,M. Mahmutoglu,10,,,,,,FOUL,,FENERBAHÇE BEKO M. MAHMUTOGLU foul personal,,,,,,,,,0,184,1.0,,0,65,0,67
06:32,06:32:00,65,67,-2,1,4,REGULAR,90,H. BESSON,1,foulon,628,627,[],,0,25,Hugo Eric,Besson,Hugo Eric,Besson,H,B,H,B,H. Besson,TOFAS,TOF,H. Besson,25,,,,,,OTHER,,TOFAS foulon,,,,,,,,,0,184,1.0,,0,65,0,67
06:24,06:24:00,67,67,0,1,4,REGULAR,88,M. BLAZEVIC,1,2pt,630,,['pointsinthepaint'],layup,1,22,Marek,Blazevic,Marek,Blazevic,M,B,M,B,M. Blazevic,TOFAS,TOF,M. Blazevic,22,,,91.919998168945,61.689998626709,1.0,P2,made,TOFAS M. BLAZEVIC 2Pt made,90.0,1.0,H. BESSON,,,,,,2,184,1.0,score,2,67,0,67
06:24,06:24:00,67,67,0,1,4,REGULAR,90,H. BESSON,1,assist,631,630,[],,0,25,Hugo Eric,Besson,Hugo Eric,Besson,H,B,H,B,H. Besson,TOFAS,TOF,H. Besson,25,,,,,,ASS,,TOFAS H. BESSON assist,,,,,,,,,0,185,2.0,,0,67,0,67
06:14,06:14:00,67,67,0,2,4,REGULAR,96,T. TUCKER,1,turnover,633,,[],ballhandling,0,8,Talen Jalee,Tucker,Talen Jalee,Tucker,T,T,T,T,T. Tucker,FENERBAHÇE BEKO,FBB,T. Tucker,8,,,,,,TO,,FENERBAHÇE BEKO T. TUCKER turnover ballhandling,,,,,,,,,0,185,2.0,turnover,0,67,0,67
05:58,05:58:00,67,67,0,1,4,REGULAR,90,H. BESSON,0,3pt,635,,['fromturnover'],jumpshot,1,25,Hugo Eric,Besson,Hugo Eric,Besson,H,B,H,B,H. Besson,TOFAS,TOF,H. Besson,25,,,72.569999694824,23.559999465942,0.0,P3,missed,TOFAS H. BESSON 3Pt missed,,,,,,,,,0,186,1.0,def_reb,0,67,0,67
05:56,05:56:00,67,67,0,2,4,REGULAR,96,T. TUCKER,1,rebound,636,635,[],defensive,0,8,Talen Jalee,Tucker,Talen Jalee,Tucker,T,T,T,T,T. Tucker,FENERBAHÇE BEKO,FBB,T. Tucker,8,,,,,,REB,,FENERBAHÇE BEKO rebound defensive,,,,,,,,,0,187,2.0,def_reb,0,67,0,67
05:55,05:55:00,67,69,-2,2,4,REGULAR,96,T. TUCKER,1,2pt,638,,"['pointsinthepaint', 'fastbreak']",layup,1,8,Talen Jalee,Tucker,Talen Jalee,Tucker,T,T,T,T,T. Tucker,FENERBAHÇE BEKO,FBB,T. Tucker,8,,,11.729999542236,55.759998321533,1.0,P2,made,FENERBAHÇE BEKO T. TUCKER 2Pt made,,,,,,,,,2,188,1.0,score,0,67,2,69
05:55,05:55:00,67,69,-2,1,4,REGULAR,55,T. GEÇIM,1,foul,639,,"['shooting', '1freethrow']",personal,0,8,Tolga,Geçim,Tolga,Geçim,T,G,T,G,T. Geçim,TOFAS,TOF,T. Geçim,8,,,,,,FOUL,,TOFAS T. GEÇIM foul personal,,,,,,,,,0,189,2.0,,0,67,0,69
05:55,05:55:00,67,69,-2,2,4,REGULAR,96,T. TUCKER,1,foulon,640,639,[],,0,8,Talen Jalee,Tucker,Talen Jalee,Tucker,T,T,T,T,T. Tucker,FENERBAHÇE BEKO,FBB,T. Tucker,8,,,,,,OTHER,,FENERBAHÇE BEKO foulon,,,,,,,,,0,189,2.0,,0,67,0,69
05:55,05:55:00,67,69,-2,2,4,REGULAR,76,M. MAHMUTOGLU,1,substitution,641,,[],out,0,10,Melih,Mahmutoglu,Melih,Mahmutoglu,M,M,M,M,M. Mahmutoglu,FENERBAHÇE BEKO,FBB,M. Mahmutoglu,10,,,,,,SUB,out,FENERBAHÇE BEKO substitution out,,,,,,,,,0,189,2.0,,0,67,0,69
05:55,05:55:00,67,69,-2,2,4,REGULAR,95,D. HALL,1,substitution,642,,[],in,0,20,Devon Howard,Hall,Devon Howard,Hall,D,H,D,H,D. Hall,FENERBAHÇE BEKO,FBB,D. Hall,20,,,,,,SUB,in,FENERBAHÇE BEKO substitution in,,,,,,,,,0,189,2.0,,0,67,0,69
05:55,05:55:00,67,69,-2,1,4,REGULAR,90,H. BESSON,1,substitution,643,,[],out,0,25,Hugo Eric,Besson,Hugo Eric,Besson,H,B,H,B,H. Besson,TOFAS,TOF,H. Besson,25,,,,,,SUB,out,TOFAS substitution out,,,,,,,,,0,189,2.0,,0,67,0,69
05:55,05:55:00,67,69,-2,1,4,REGULAR,93,J. THOMASSON JR,1,substitution,644,,[],in,0,32,Joseph Elliotte,Thomasson Jr,Joseph Elliotte,Thomasson Jr,J,T,J,T,J. Thomasson Jr,TOFAS,TOF,J. Thomasson Jr,32,,,,,,SUB,in,TOFAS substitution in,,,,,,,,,0,189,2.0,,0,67,0,69
05:55,05:55:00,67,70,-3,2,4,REGULAR,96,T. TUCKER,1,freethrow,645,,['fastbreak'],1of1,1,8,Talen Jalee,Tucker,Talen Jalee,Tucker,T,T,T,T,T. Tucker,FENERBAHÇE BEKO,FBB,T. Tucker,8,,,,,,FT,made,FENERBAHÇE BEKO T. TUCKER FT 1of1 made,,,,,,,,,1,189,2.0,made_ft_last,0,67,1,70
05:36,05:36:00,67,70,-3,1,4,REGULAR,93,J. THOMASSON JR,0,3pt,647,,[],jumpshot,1,32,Joseph Elliotte,Thomasson Jr,Joseph Elliotte,Thomasson Jr,J,T,J,T,J. Thomasson Jr,TOFAS,TOF,J. Thomasson Jr,32,,,76.01000213623,85.139999389648,0.0,P3,missed,TOFAS J. THOMASSON JR 3Pt missed,,,,,,,,,0,190,1.0,def_reb,0,67,0,70
05:33,05:33:00,67,70,-3,2,4,REGULAR,92,N. MELLI,1,rebound,648,647,[],defensive,0,4,Nicolo,Melli,Nicolo,Melli,N,M,N,M,N. Melli,FENERBAHÇE BEKO,FBB,N. Melli,4,,,,,,REB,,FENERBAHÇE BEKO rebound defensive,,,,,,,,,0,191,2.0,def_reb,0,67,0,70
05:31,05:31:00,67,70,-3,1,4,REGULAR,66,Y. SAYBIR,1,foul,650,,"['shooting', '2freethrow']",personal,0,3,Yigitcan,Saybir,Yigitcan,Saybir,Y,S,Y,S,Y. Saybir,TOFAS,TOF,Y. Saybir,3,,,,,,FOUL,,TOFAS Y. SAYBIR foul personal,,,,,,,,,0,192,1.0,,0,67,0,70
05:31,05:31:00,67,70,-3,2,4,REGULAR,96,T. TUCKER,1,foulon,651,650,[],,0,8,Talen Jalee,Tucker,Talen Jalee,Tucker,T,T,T,T,T. Tucker,FENERBAHÇE BEKO,FBB,T. Tucker,8,,,,,,OTHER,,FENERBAHÇE BEKO foulon,,,,,,,,,0,192,1.0,,0,67,0,70
05:31,05:31:00,67,71,-4,2,4,REGULAR,96,T. TUCKER,1,freethrow,652,,[],1of2,1,8,Talen Jalee,Tucker,Talen Jalee,Tucker,T,T,T,T,T. Tucker,FENERBAHÇE BEKO,FBB,T. Tucker,8,,,,,,FT,made,FENERBAHÇE BEKO T. TUCKER FT 1of2 made,,,,,,,,,1,192,1.0,made_ft,0,67,1,71
05:31,05:31:00,67,72,-5,2,4,REGULAR,96,T. TUCKER,1,freethrow,653,,[],2of2,1,8,Talen Jalee,Tucker,Talen Jalee,Tucker,T,T,T,T,T. Tucker,FENERBAHÇE BEKO,FBB,T. Tucker,8,,,,,,FT,made,FENERBAHÇE BEKO T. TUCKER FT 2of2 made,,,,,,,,,1,193,2.0,made_ft_last,0,67,1,72
05:31,05:31:00,67,72,-5,1,4,REGULAR,0,,1,timeout,654,,[],full,0,,,,,,,,,,,TOFAS,TOF,,,,,,,,TIMEOUT,,TOFAS timeout,,,,,,,,,0,194,1.0,,0,67,0,72
05:12,05:12:00,67,72,-5,1,4,REGULAR,89,A. PEREZ,0,3pt,656,,[],jumpshot,1,2,Alex Daniel,Perez,Alex Daniel,Perez,A,P,A,P,A. Perez,TOFAS,TOF,A. Perez,2,,,69.449996948242,70.449996948242,0.0,P3,missed,TOFAS A. PEREZ 3Pt missed,,,,,,,,,0,194,1.0,,0,67,0,72
05:10,05:10:00,67,72,-5,1,4,REGULAR,66,Y. SAYBIR,1,rebound,658,656,[],offensive,0,3,Yigitcan,Saybir,Yigitcan,Saybir,Y,S,Y,S,Y. Saybir,TOFAS,TOF,Y. Saybir,3,,,,,,REB,,TOFAS rebound offensive,,,,,,,,,0,194,1.0,,0,67,0,72
05:05,05:05:00,67,72,-5,2,4,REGULAR,89,O. BITIM,1,foul,661,,[],personal,0,17,Onuralp,Bitim,Onuralp,Bitim,O,B,O,B,O. Bitim,FENERBAHÇE BEKO,FBB,O. Bitim,17,,,,,,FOUL,,FENERBAHÇE BEKO O. BITIM foul personal,,,,,,,,,0,194,1.0,,0,67,0,72
05:05,05:05:00,67,72,-5,1,4,REGULAR,89,A. PEREZ,1,foulon,662,661,[],,0,2,Alex Daniel,Perez,Alex Daniel,Perez,A,P,A,P,A. Perez,TOFAS,TOF,A. Perez,2,,,,,,OTHER,,TOFAS foulon,,,,,,,,,0,194,1.0,,0,67,0,72
04:59,04:59:00,67,72,-5,1,4,REGULAR,66,Y. SAYBIR,0,2pt,664,,"['2ndchance', 'pointsinthepaint']",drivinglayup,1,3,Yigitcan,Saybir,Yigitcan,Saybir,Y,S,Y,S,Y. Saybir,TOFAS,TOF,Y. Saybir,3,,,89.889999389648,63.669998168945,0.0,P2,missed,TOFAS Y. SAYBIR 2Pt missed,,,,,,,,,0,194,1.0,def_reb,0,67,0,72
04:54,04:54:00,67,72,-5,2,4,REGULAR,99,A. BACOT JR,1,rebound,665,664,[],defensive,0,00,Armando Linwood,Bacot Jr,Armando Linwood,Bacot Jr,A,B,A,B,A. Bacot Jr,FENERBAHÇE BEKO,FBB,A. Bacot Jr,00,,,,,,REB,,FENERBAHÇE BEKO rebound defensive,,,,,,,,,0,195,2.0,def_reb,0,67,0,72
04:40,04:40:00,67,72,-5,2,4,REGULAR,96,T. TUCKER,0,2pt,666,,['pointsinthepaint'],layup,1,8,Talen Jalee,Tucker,Talen Jalee,Tucker,T,T,T,T,T. Tucker,FENERBAHÇE BEKO,FBB,T. Tucker,8,,,8.1400003433228,44.180000305176,0.0,P2,missed,FENERBAHÇE BEKO T. TUCKER 2Pt missed,,,,,,,,,0,196,1.0,,0,67,0,72
04:37,04:37:00,67,72,-5,2,4,REGULAR,99,A. BACOT JR,1,rebound,667,666,[],offensive,0,00,Armando Linwood,Bacot Jr,Armando Linwood,Bacot Jr,A,B,A,B,A. Bacot Jr,FENERBAHÇE BEKO,FBB,A. Bacot Jr,00,,,,,,REB,,FENERBAHÇE BEKO rebound offensive,,,,,,,,,0,196,1.0,,0,67,0,72
04:37,04:37:00,67,74,-7,2,4,REGULAR,99,A. BACOT JR,1,2pt,668,,"['2ndchance', 'pointsinthepaint']",tipinlayup,1,00,Armando Linwood,Bacot Jr,Armando Linwood,Bacot Jr,A,B,A,B,A. Bacot Jr,FENERBAHÇE BEKO,FBB,A. Bacot Jr,00,,,6.0,50.0,1.0,P2,made,FENERBAHÇE BEKO A. BACOT JR 2Pt made,,,,,,,,,2,196,1.0,score,0,67,2,74
04:18,04:18:00,70,74,-4,1,4,REGULAR,55,T. GEÇIM,1,3pt,669,,[],jumpshot,1,8,Tolga,Geçim,Tolga,Geçim,T,G,T,G,T. Geçim,TOFAS,TOF,T. Geçim,8,,,73.349998474121,14.800000190735,1.0,P3,made,TOFAS T. GEÇIM 3Pt made,88.0,1.0,M. BLAZEVIC,,,,,,3,197,2.0,score,3,70,0,74
04:18,04:18:00,70,74,-4,1,4,REGULAR,88,M. BLAZEVIC,1,assist,670,669,[],,0,22,Marek,Blazevic,Marek,Blazevic,M,B,M,B,M. Blazevic,TOFAS,TOF,M. Blazevic,22,,,,,,ASS,,TOFAS M. BLAZEVIC assist,,,,,,,,,0,198,1.0,,0,70,0,74
03:58,03:58:00,70,74,-4,2,4,REGULAR,95,D. HALL,0,3pt,671,,[],jumpshot,1,20,Devon Howard,Hall,Devon Howard,Hall,D,H,D,H,D. Hall,FENERBAHÇE BEKO,FBB,D. Hall,20,,,29.829999923706,20.450000762939,0.0,P3,missed,FENERBAHÇE BEKO D. HALL 3Pt missed,,,,,,,,,0,198,1.0,,0,70,0,74
03:57,03:57:00,70,74,-4,2,4,REGULAR,99,A. BACOT JR,1,rebound,673,671,[],offensive,0,00,Armando Linwood,Bacot Jr,Armando Linwood,Bacot Jr,A,B,A,B,A. Bacot Jr,FENERBAHÇE BEKO,FBB,A. Bacot Jr,00,,,,,,REB,,FENERBAHÇE BEKO rebound offensive,,,,,,,,,0,198,1.0,,0,70,0,74
03:44,03:44:00,70,74,-4,2,4,REGULAR,95,D. HALL,0,3pt,675,,['2ndchance'],jumpshot,1,20,Devon Howard,Hall,Devon Howard,Hall,D,H,D,H,D. Hall,FENERBAHÇE BEKO,FBB,D. Hall,20,,,33.569999694824,51.529998779297,0.0,P3,missed,FENERBAHÇE BEKO D. HALL 3Pt missed,,,,,,,,,0,198,1.0,def_reb,0,70,0,74
03:40,03:40:00,70,74,-4,1,4,REGULAR,55,T. GEÇIM,1,rebound,677,675,[],defensive,0,8,Tolga,Geçim,Tolga,Geçim,T,G,T,G,T. Geçim,TOFAS,TOF,T. Geçim,8,,,,,,REB,,TOFAS rebound defensive,,,,,,,,,0,199,2.0,def_reb,0,70,0,74
03:40,03:40:00,70,74,-4,2,4,REGULAR,96,T. TUCKER,1,foul,678,,[],personal,0,8,Talen Jalee,Tucker,Talen Jalee,Tucker,T,T,T,T,T. Tucker,FENERBAHÇE BEKO,FBB,T. Tucker,8,,,,,,FOUL,,FENERBAHÇE BEKO T. TUCKER foul personal,,,,,,,,,0,200,1.0,,0,70,0,74
03:40,03:40:00,70,74,-4,1,4,REGULAR,55,T. GEÇIM,1,foulon,679,678,[],,0,8,Tolga,Geçim,Tolga,Geçim,T,G,T,G,T. Geçim,TOFAS,TOF,T. Geçim,8,,,,,,OTHER,,TOFAS foulon,,,,,,,,,0,200,1.0,,0,70,0,74
03:40,03:40:00,70,74,-4,2,4,REGULAR,96,T. TUCKER,1,substitution,680,,[],out,0,8,Talen Jalee,Tucker,Talen Jalee,Tucker,T,T,T,T,T. Tucker,FENERBAHÇE BEKO,FBB,T. Tucker,8,,,,,,SUB,out,FENERBAHÇE BEKO substitution out,,,,,,,,,0,200,1.0,,0,70,0,74
03:40,03:40:00,70,74,-4,2,4,REGULAR,77,J. BIRSEN,1,substitution,681,,[],in,0,1,James Metecan,Birsen,James Metecan,Birsen,J,B,J,B,J. Birsen,FENERBAHÇE BEKO,FBB,J. Birsen,1,,,,,,SUB,in,FENERBAHÇE BEKO substitution in,,,,,,,,,0,200,1.0,,0,70,0,74
03:32,03:32:00,70,74,-4,1,4,REGULAR,89,A. PEREZ,1,turnover,683,,[],badpass,0,2,Alex Daniel,Perez,Alex Daniel,Perez,A,P,A,P,A. Perez,TOFAS,TOF,A. Perez,2,,,,,,TO,,TOFAS A. PEREZ turnover badpass,,,,,,,,,0,200,1.0,turnover,0,70,0,74
03:32,03:32:00,70,74,-4,2,4,REGULAR,77,J. BIRSEN,1,steal,684,683,[],,0,1,James Metecan,Birsen,James Metecan,Birsen,J,B,J,B,J. Birsen,FENERBAHÇE BEKO,FBB,J. Birsen,1,,,,,,ST,,FENERBAHÇE BEKO J. BIRSEN steal,,,,,,,,,0,201,2.0,,0,70,0,74
03:25,03:25:00,70,74,-4,2,4,REGULAR,89,O. BITIM,0,3pt,685,,['fromturnover'],jumpshot,1,17,Onuralp,Bitim,Onuralp,Bitim,O,B,O,B,O. Bitim,FENERBAHÇE BEKO,FBB,O. Bitim,17,,,30.760000228882,81.190002441406,0.0,P3,missed,FENERBAHÇE BEKO O. BITIM 3Pt missed,,,,,,,,,0,201,2.0,def_reb,0,70,0,74
03:23,03:23:00,70,74,-4,1,4,REGULAR,55,T. GEÇIM,1,rebound,686,685,[],defensive,0,8,Tolga,Geçim,Tolga,Geçim,T,G,T,G,T. Geçim,TOFAS,TOF,T. Geçim,8,,,,,,REB,,TOFAS rebound defensive,,,,,,,,,0,202,1.0,def_reb,0,70,0,74
03:19,03:19:00,72,74,-2,1,4,REGULAR,93,J. THOMASSON JR,1,2pt,688,,"['pointsinthepaint', 'fastbreak']",layup,1,32,Joseph Elliotte,Thomasson Jr,Joseph Elliotte,Thomasson Jr,J,T,J,T,J. Thomasson Jr,TOFAS,TOF,J. Thomasson Jr,32,,,91.610000610352,52.090000152588,1.0,P2,made,TOFAS J. THOMASSON JR 2Pt made,89.0,1.0,A. PEREZ,,,,,,2,203,2.0,score,2,72,0,74
03:19,03:19:00,72,74,-2,1,4,REGULAR,89,A. PEREZ,1,assist,689,688,[],,0,2,Alex Daniel,Perez,Alex Daniel,Perez,A,P,A,P,A. Perez,TOFAS,TOF,A. Perez,2,,,,,,ASS,,TOFAS A. PEREZ assist,,,,,,,,,0,204,1.0,,0,72,0,74
03:19,03:19:00,72,74,-2,2,4,REGULAR,89,O. BITIM,1,foul,690,,"['shooting', '1freethrow']",personal,0,17,Onuralp,Bitim,Onuralp,Bitim,O,B,O,B,O. Bitim,FENERBAHÇE BEKO,FBB,O. Bitim,17,,,,,,FOUL,,FENERBAHÇE BEKO O. BITIM foul personal,,,,,,,,,0,204,1.0,,0,72,0,74
03:19,03:19:00,72,74,-2,1,4,REGULAR,93,J. THOMASSON JR,1,foulon,691,690,[],,0,32,Joseph Elliotte,Thomasson Jr,Joseph Elliotte,Thomasson Jr,J,T,J,T,J. Thomasson Jr,TOFAS,TOF,J. Thomasson Jr,32,,,,,,OTHER,,TOFAS foulon,,,,,,,,,0,204,1.0,,0,72,0,74
03:19,03:19:00,72,74,-2,1,4,REGULAR,93,J. THOMASSON JR,0,freethrow,692,,['fastbreak'],1of1,1,32,Joseph Elliotte,Thomasson Jr,Joseph Elliotte,Thomasson Jr,J,T,J,T,J. Thomasson Jr,TOFAS,TOF,J. Thomasson Jr,32,,,,,,FT,missed,TOFAS J. THOMASSON JR FT 1of1 missed,,,,,,,,,0,204,1.0,,0,72,0,74
03:19,03:19:00,72,74,-2,1,4,REGULAR,93,J. THOMASSON JR,1,rebound,694,692,[],offensive,0,32,Joseph Elliotte,Thomasson Jr,Joseph Elliotte,Thomasson Jr,J,T,J,T,J. Thomasson Jr,TOFAS,TOF,J. Thomasson Jr,32,,,,,,REB,,TOFAS rebound offensive,,,,,,,,,0,204,1.0,,0,72,0,74
03:06,03:06:00,72,74,-2,1,4,REGULAR,88,M. BLAZEVIC,0,2pt,695,,"['2ndchance', 'pointsinthepaint']",hookshot,1,22,Marek,Blazevic,Marek,Blazevic,M,B,M,B,M. Blazevic,TOFAS,TOF,M. Blazevic,22,,,88.330001831055,60.0,0.0,P2,missed,TOFAS M. BLAZEVIC 2Pt missed,,,,,,,,,0,204,1.0,def_reb,0,72,0,74
03:03,03:03:00,72,74,-2,2,4,REGULAR,92,N. MELLI,1,rebound,696,695,[],defensive,0,4,Nicolo,Melli,Nicolo,Melli,N,M,N,M,N. Melli,FENERBAHÇE BEKO,FBB,N. Melli,4,,,,,,REB,,FENERBAHÇE BEKO rebound defensive,,,,,,,,,0,205,2.0,def_reb,0,72,0,74
02:46,02:46:00,72,74,-2,2,4,REGULAR,77,J. BIRSEN,1,substitution,700,,[],out,0,1,James Metecan,Birsen,James Metecan,Birsen,J,B,J,B,J. Birsen,FENERBAHÇE BEKO,FBB,J. Birsen,1,,,,,,SUB,out,FENERBAHÇE BEKO substitution out,,,,,,,,,0,206,1.0,,0,72,0,74
02:46,02:46:00,72,74,-2,2,4,REGULAR,89,O. BITIM,1,substitution,701,,[],out,0,17,Onuralp,Bitim,Onuralp,Bitim,O,B,O,B,O. Bitim,FENERBAHÇE BEKO,FBB,O. Bitim,17,,,,,,SUB,out,FENERBAHÇE BEKO substitution out,,,,,,,,,0,206,1.0,,0,72,0,74
02:46,02:46:00,72,74,-2,2,4,REGULAR,96,T. TUCKER,1,substitution,702,,[],in,0,8,Talen Jalee,Tucker,Talen Jalee,Tucker,T,T,T,T,T. Tucker,FENERBAHÇE BEKO,FBB,T. Tucker,8,,,,,,SUB,in,FENERBAHÇE BEKO substitution in,,,,,,,,,0,206,1.0,,0,72,0,74
02:46,02:46:00,72,74,-2,2,4,REGULAR,76,M. MAHMUTOGLU,1,substitution,703,,[],in,0,10,Melih,Mahmutoglu,Melih,Mahmutoglu,M,M,M,M,M. Mahmutoglu,FENERBAHÇE BEKO,FBB,M. Mahmutoglu,10,,,,,,SUB,in,FENERBAHÇE BEKO substitution in,,,,,,,,,0,206,1.0,,0,72,0,74
02:40,02:40:00,72,74,-2,2,4,REGULAR,76,M. MAHMUTOGLU,0,2pt,705,,[],jumpshot,1,10,Melih,Mahmutoglu,Melih,Mahmutoglu,M,M,M,M,M. Mahmutoglu,FENERBAHÇE BEKO,FBB,M. Mahmutoglu,10,,,26.079999923706,71.860000610352,0.0,P2,missed,FENERBAHÇE BEKO M. MAHMUTOGLU 2Pt missed,,,,,,,,,0,206,1.0,def_reb,0,72,0,74
02:38,02:38:00,72,74,-2,1,4,REGULAR,89,A. PEREZ,1,rebound,706,705,[],defensive,0,2,Alex Daniel,Perez,Alex Daniel,Perez,A,P,A,P,A. Perez,TOFAS,TOF,A. Perez,2,,,,,,REB,,TOFAS rebound defensive,,,,,,,,,0,207,2.0,def_reb,0,72,0,74
02:22,02:22:00,74,74,0,1,4,REGULAR,88,M. BLAZEVIC,1,2pt,707,,[],jumpshot,1,22,Marek,Blazevic,Marek,Blazevic,M,B,M,B,M. Blazevic,TOFAS,TOF,M. Blazevic,22,,,95.660003662109,23.559999465942,1.0,P2,made,TOFAS M. BLAZEVIC 2Pt made,89.0,1.0,A. PEREZ,,,,,,2,208,1.0,score,2,74,0,74
02:22,02:22:00,74,74,0,1,4,REGULAR,89,A. PEREZ,1,assist,708,707,[],,0,2,Alex Daniel,Perez,Alex Daniel,Perez,A,P,A,P,A. Perez,TOFAS,TOF,A. Perez,2,,,,,,ASS,,TOFAS A. PEREZ assist,,,,,,,,,0,209,2.0,,0,74,0,74
02:03,02:03:00,74,76,-2,2,4,REGULAR,99,A. BACOT JR,1,2pt,709,,['pointsinthepaint'],dunk,1,00,Armando Linwood,Bacot Jr,Armando Linwood,Bacot Jr,A,B,A,B,A. Bacot Jr,FENERBAHÇE BEKO,FBB,A. Bacot Jr,00,,,5.8000001907349,48.139999389648,1.0,P2,made,FENERBAHÇE BEKO A. BACOT JR 2Pt made,96.0,2.0,T. TUCKER,,,,,,2,209,2.0,score,0,74,2,76
02:03,02:03:00,74,76,-2,2,4,REGULAR,96,T. TUCKER,1,assist,710,709,[],,0,8,Talen Jalee,Tucker,Talen Jalee,Tucker,T,T,T,T,T. Tucker,FENERBAHÇE BEKO,FBB,T. Tucker,8,,,,,,ASS,,FENERBAHÇE BEKO T. TUCKER assist,,,,,,,,,0,210,1.0,,0,74,0,76
01:41,01:41:00,76,76,0,1,4,REGULAR,93,J. THOMASSON JR,1,2pt,713,,['pointsinthepaint'],turnaroundjumpshot,1,32,Joseph Elliotte,Thomasson Jr,Joseph Elliotte,Thomasson Jr,J,T,J,T,J. Thomasson Jr,TOFAS,TOF,J. Thomasson Jr,32,,,94.410003662109,40.790000915527,1.0,P2,made,TOFAS J. THOMASSON JR 2Pt made,,,,,,,,,2,210,1.0,score,2,76,0,76
01:24,01:24:00,76,76,0,2,4,REGULAR,96,T. TUCKER,0,3pt,716,,[],jumpshot,1,8,Talen Jalee,Tucker,Talen Jalee,Tucker,T,T,T,T,T. Tucker,FENERBAHÇE BEKO,FBB,T. Tucker,8,,,28.579999923706,19.889999389648,0.0,P3,missed,FENERBAHÇE BEKO T. TUCKER 3Pt missed,,,,,,,,,0,211,2.0,,0,76,0,76
01:21,01:21:00,76,76,0,2,4,REGULAR,95,D. HALL,1,rebound,717,716,[],offensive,0,20,Devon Howard,Hall,Devon Howard,Hall,D,H,D,H,D. Hall,FENERBAHÇE BEKO,FBB,D. Hall,20,,,,,,REB,,FENERBAHÇE BEKO rebound offensive,,,,,,,,,0,211,2.0,,0,76,0,76
01:13,01:13:00,76,78,-2,2,4,REGULAR,95,D. HALL,1,2pt,719,,"['2ndchance', 'pointsinthepaint']",layup,1,20,Devon Howard,Hall,Devon Howard,Hall,D,H,D,H,D. Hall,FENERBAHÇE BEKO,FBB,D. Hall,20,,,8.9200000762939,63.389999389648,1.0,P2,made,FENERBAHÇE BEKO D. HALL 2Pt made,96.0,2.0,T. TUCKER,,,,,,2,211,2.0,score,0,76,2,78
01:13,01:13:00,76,78,-2,2,4,REGULAR,96,T. TUCKER,1,assist,720,719,[],,0,8,Talen Jalee,Tucker,Talen Jalee,Tucker,T,T,T,T,T. Tucker,FENERBAHÇE BEKO,FBB,T. Tucker,8,,,,,,ASS,,FENERBAHÇE BEKO T. TUCKER assist,,,,,,,,,0,212,1.0,,0,76,0,78
00:59,00:59:30,78,78,0,1,4,REGULAR,66,Y. SAYBIR,1,2pt,723,,['pointsinthepaint'],layup,1,3,Yigitcan,Saybir,Yigitcan,Saybir,Y,S,Y,S,Y. Saybir,TOFAS,TOF,Y. Saybir,3,,,93.949996948242,62.819999694824,1.0,P2,made,TOFAS Y. SAYBIR 2Pt made,88.0,1.0,M. BLAZEVIC,,,,,,2,212,1.0,score,2,78,0,78
00:59,00:59:30,78,78,0,1,4,REGULAR,88,M. BLAZEVIC,1,assist,724,723,[],,0,22,Marek,Blazevic,Marek,Blazevic,M,B,M,B,M. Blazevic,TOFAS,TOF,M. Blazevic,22,,,,,,ASS,,TOFAS M. BLAZEVIC assist,,,,,,,,,0,213,2.0,,0,78,0,78
00:57,00:57:70,78,78,0,2,4,REGULAR,0,,1,timeout,727,,[],full,0,,,,,,,,,,,FENERBAHÇE BEKO,FBB,,,,,,,,TIMEOUT,,FENERBAHÇE BEKO timeout,,,,,,,,,0,213,2.0,,0,78,0,78
00:38,00:38:70,78,78,0,2,4,REGULAR,96,T. TUCKER,1,turnover,729,,[],badpass,0,8,Talen Jalee,Tucker,Talen Jalee,Tucker,T,T,T,T,T. Tucker,FENERBAHÇE BEKO,FBB,T. Tucker,8,,,,,,TO,,FENERBAHÇE BEKO T. TUCKER turnover badpass,,,,,,,,,0,213,2.0,turnover,0,78,0,78
00:38,00:38:70,78,78,0,1,4,REGULAR,55,T. GEÇIM,1,steal,730,729,[],,0,8,Tolga,Geçim,Tolga,Geçim,T,G,T,G,T. Geçim,TOFAS,TOF,T. Geçim,8,,,,,,ST,,TOFAS T. GEÇIM steal,,,,,,,,,0,214,1.0,,0,78,0,78
00:23,00:23:90,78,78,0,1,4,REGULAR,93,J. THOMASSON JR,0,3pt,731,,['fromturnover'],jumpshot,1,32,Joseph Elliotte,Thomasson Jr,Joseph Elliotte,Thomasson Jr,J,T,J,T,J. Thomasson Jr,TOFAS,TOF,J. Thomasson Jr,32,,,68.519996643066,70.169998168945,0.0,P3,missed,TOFAS J. THOMASSON JR 3Pt missed,,,,,,,,,0,214,1.0,def_reb,0,78,0,78
00:21,00:21:80,78,78,0,2,4,REGULAR,92,N. MELLI,1,rebound,732,731,[],defensive,0,4,Nicolo,Melli,Nicolo,Melli,N,M,N,M,N. Melli,FENERBAHÇE BEKO,FBB,N. Melli,4,,,,,,REB,,FENERBAHÇE BEKO rebound defensive,,,,,,,,,0,215,2.0,def_reb,0,78,0,78
00:04,00:04:60,78,78,0,2,4,REGULAR,95,D. HALL,0,3pt,736,,[],jumpshot,1,20,Devon Howard,Hall,Devon Howard,Hall,D,H,D,H,D. Hall,FENERBAHÇE BEKO,FBB,D. Hall,20,,,27.959999084473,84.860000610352,0.0,P3,missed,FENERBAHÇE BEKO D. HALL 3Pt missed,,,,,,,,,0,216,1.0,def_reb,0,78,0,78
00:04,00:04:60,78,78,0,1,4,REGULAR,0,,1,rebound,737,736,['team'],defensive,0,,,,,,,,,,,TOFAS,TOF,,,,,,,,TREB,,TOFAS team rebound defensive,,,,,,,,,0,217,2.0,def_reb,0,78,0,78
00:00,00:00:80,78,78,0,1,4,REGULAR,0,,1,timeout,742,,[],full,0,,,,,,,,,,,TOFAS,TOF,,,,,,,,TIMEOUT,,TOFAS timeout,,,,,,,,,0,218,1.0,,0,78,0,78
00:00,00:00:80,78,78,0,2,4,REGULAR,76,M. MAHMUTOGLU,1,substitution,743,,[],out,0,10,Melih,Mahmutoglu,Melih,Mahmutoglu,M,M,M,M,M. Mahmutoglu,FENERBAHÇE BEKO,FBB,M. Mahmutoglu,10,,,,,,SUB,out,FENERBAHÇE BEKO substitution out,,,,,,,,,0,218,1.0,,0,78,0,78
00:00,00:00:80,78,78,0,2,4,REGULAR,89,O. BITIM,1,substitution,744,,[],in,0,17,Onuralp,Bitim,Onuralp,Bitim,O,B,O,B,O. Bitim,FENERBAHÇE BEKO,FBB,O. Bitim,17,,,,,,SUB,in,FENERBAHÇE BEKO substitution in,,,,,,,,,0,218,1.0,,0,78,0,78
00:00,00:00:80,78,78,0,1,4,REGULAR,93,J. THOMASSON JR,1,substitution,745,,[],out,0,32,Joseph Elliotte,Thomasson Jr,Joseph Elliotte,Thomasson Jr,J,T,J,T,J. Thomasson Jr,TOFAS,TOF,J. Thomasson Jr,32,,,,,,SUB,out,TOFAS substitution out,,,,,,,,,0,218,1.0,,0,78,0,78
00:00,00:00:80,78,78,0,1,4,REGULAR,91,M. LEWIS III,1,substitution,746,,[],in,0,21,Maxwell Robert ,Lewis Iii,Maxwell Robert ,Lewis Iii,M,L,M,L,M. Lewis Iii,TOFAS,TOF,M. Lewis Iii,21,,,,,,SUB,in,TOFAS substitution in,,,,,,,,,0,218,1.0,,0,78,0,78
00:00,00:00:80,80,78,2,1,4,REGULAR,91,M. LEWIS III,1,2pt,747,,['pointsinthepaint'],jumpshot,1,21,Maxwell Robert ,Lewis Iii,Maxwell Robert ,Lewis Iii,M,L,M,L,M. Lewis Iii,TOFAS,TOF,M. Lewis Iii,21,,,91.449996948242,42.770000457764,1.0,P2,made,TOFAS M. LEWIS III 2Pt made,55.0,1.0,T. GEÇIM,,,,,,2,218,1.0,score,2,80,0,78
00:00,00:00:80,80,78,2,1,4,REGULAR,55,T. GEÇIM,1,assist,748,747,[],,0,8,Tolga,Geçim,Tolga,Geçim,T,G,T,G,T. Geçim,TOFAS,TOF,T. Geçim,8,,,,,,ASS,,TOFAS T. GEÇIM assist,,,,,,,,,0,219,2.0,,0,80,0,78
00:00,00:00:00,80,78,2,0,4,REGULAR,0,,1,period,751,,['confirmed'],end,0,,,,,,,,,,,,,,,,,,,,OTHER,,period end,,,,,,,,,0,219,2.0,,0,80,0,78
00:00,00:00:00,80,78,2,0,4,REGULAR,0,,1,game,752,,['confirmed'],end,0,,,,,,,,,,,,,,,,,,,,OTHER,,game end,,,,,,,,,0,219,2.0,,0,80,0,78
