gt,clock,s1,s2,lead,tno,period,periodType,pno,player,success,actionType,actionNumber,previousAction,qualifier,subType,scoring,shirtNumber,firstName,familyName,internationalFirstName,internationalFamilyName,firstNameInitial,familyNameInitial,internationalFirstNameInitial,internationalFamilyNameInitial,scoreboardName,team_name,team_code,player_name_from_roster,player_shirt,player_pos_raw,player_pos_group,x,y,r,ev_code,ev_result,ev_text,assist_pno,assist_tno,assist_player,block_pno,block_tno,block_player,assist_pos_group,block_pos_group,points,possession_id,possession_owner_tno,possession_end_reason,pts_1,cum_1,pts_2,cum_2
10:00,10:00:00,0,0,0,0,1,REGULAR,0,,1,game,1,,[],start,0,,,,,,,,,,,,,,,,,,,,OTHER,,game start,,,,,,,,,0,0,,,0,0,0,0
10:00,10:00:00,0,0,0,0,1,REGULAR,0,,1,period,2,,[],start,0,,,,,,,,,,,,,,,,,,,,OTHER,,period start,,,,,,,,,0,0,,,0,0,0,0
10:00,10:00:00,0,0,0,0,1,REGULAR,0,,1,jumpball,4,,[],startperiod,0,,,,,,,,,,,,,,,,,,,,JUMP,,jump ball,,,,,,,,,0,0,,,0,0,0,0
09:59,09:59:00,0,0,0,1,1,REGULAR,87,K. ALEXANDER,1,jumpball,5,4,[],won,0,7,Kyle John Solomon,Alexander,Kyle John Solomon,Alexander,K,A,K,A,K. Alexander,TÜRK TELEKOM,TTK,K. Alexander,7,,,,,,JUMP,,jump ball,,,,,,,,,0,0,,,0,0,0,0
09:59,09:59:00,0,0,0,2,1,REGULAR,105,F. GILLESPIE II,1,jumpball,6,4,[],lost,0,33,Frederick Maurice ,Gillespie Ii,Frederick Maurice ,Gillespie Ii,F,G,F,G,F. Gillespie Ii,GALATASARAY MCT TECHNIC,GSM,F. Gillespie Ii,33,,,,,,JUMP,,jump ball,,,,,,,,,0,0,,,0,0,0,0
09:47,09:47:00,0,0,0,1,1,REGULAR,80,M. DEVOE,0,3pt,7,,[],jumpshot,1,0,Michael Jaden,Devoe,Michael Jaden,Devoe,M,D,M,D,M. Devoe,TÜRK TELEKOM,TTK,M. Devoe,0,,,70.360000610352,67.800003051758,0.0,P3,missed,TÜRK TELEKOM M. DEVOE 3Pt missed,,,,,,,,,0,1,1.0,,0,0,0,0
09:44,09:44:00,0,0,0,1,1,REGULAR,5,D. ÖZDEMIROGLU,1,rebound,8,7,[],offensive,0,18,Dogus,Özdemiroglu,Dogus,Özdemiroglu,D,Ö,D,Ö,D. Özdemiroglu,TÜRK TELEKOM,TTK,D. Özdemiroglu,18,,,,,,REB,,TÜRK TELEKOM rebound offensive,,,,,,,,,0,1,1.0,,0,0,0,0
09:40,09:40:00,2,0,2,1,1,REGULAR,87,K. ALEXANDER,1,2pt,9,,"['2ndchance', 'pointsinthepaint']",dunk,1,7,Kyle John Solomon,Alexander,Kyle John Solomon,Alexander,K,A,K,A,K. Alexander,TÜRK TELEKOM,TTK,K. Alexander,7,,,93.919998168945,47.459999084473,1.0,P2,made,TÜRK TELEKOM K. ALEXANDER 2Pt made,5.0,1.0,D. ÖZDEMIROGLU,,,,,,2,1,1.0,score,2,2,0,0
09:40,09:40:00,2,0,2,1,1,REGULAR,5,D. ÖZDEMIROGLU,1,assist,10,9,[],,0,18,Dogus,Özdemiroglu,Dogus,Özdemiroglu,D,Ö,D,Ö,D. Özdemiroglu,TÜRK TELEKOM,TTK,D. Özdemiroglu,18,,,,,,ASS,,TÜRK TELEKOM D. ÖZDEMIROGLU assist,,,,,,,,,0,2,2.0,,0,2,0,0
09:21,09:21:00,2,0,2,2,1,REGULAR,71,C. KORKMAZ,0,3pt,11,,[],pullupjumpshot,1,8,Can,Korkmaz,Can,Korkmaz,C,K,C,K,C. Korkmaz,GALATASARAY MCT TECHNIC,GSM,C. Korkmaz,8,,,24.959999084473,20.340000152588,0.0,P3,missed,GALATASARAY MCT TECHNIC C. KORKMAZ 3Pt missed,,,,,,,,,0,2,2.0,def_reb,0,2,0,0
09:18,09:18:00,2,0,2,1,1,REGULAR,80,M. DEVOE,1,rebound,12,11,[],defensive,0,0,Michael Jaden,Devoe,Michael Jaden,Devoe,M,D,M,D,M. Devoe,TÜRK TELEKOM,TTK,M. Devoe,0,,,,,,REB,,TÜRK TELEKOM rebound defensive,,,,,,,,,0,3,1.0,def_reb,0,2,0,0
09:07,09:07:00,2,0,2,2,1,REGULAR,105,F. GILLESPIE II,1,foul,14,,"['shooting', '2freethrow']",personal,0,33,Frederick Maurice ,Gillespie Ii,Frederick Maurice ,Gillespie Ii,F,G,F,G,F. Gillespie Ii,GALATASARAY MCT TECHNIC,GSM,F. Gillespie Ii,33,,,,,,FOUL,,GALATASARAY MCT TECHNIC F. GILLESPIE II foul personal,,,,,,,,,0,4,2.0,,0,2,0,0
09:07,09:07:00,2,0,2,1,1,REGULAR,5,D. ÖZDEMIROGLU,1,foulon,15,14,[],,0,18,Dogus,Özdemiroglu,Dogus,Özdemiroglu,D,Ö,D,Ö,D. Özdemiroglu,TÜRK TELEKOM,TTK,D. Özdemiroglu,18,,,,,,OTHER,,TÜRK TELEKOM foulon,,,,,,,,,0,4,2.0,,0,2,0,0
09:07,09:07:00,3,0,3,1,1,REGULAR,5,D. ÖZDEMIROGLU,1,freethrow,16,,[],1of2,1,18,Dogus,Özdemiroglu,Dogus,Özdemiroglu,D,Ö,D,Ö,D. Özdemiroglu,TÜRK TELEKOM,TTK,D. Özdemiroglu,18,,,,,,FT,made,TÜRK TELEKOM D. ÖZDEMIROGLU FT 1of2 made,,,,,,,,,1,4,2.0,made_ft,1,3,0,0
09:07,09:07:00,4,0,4,1,1,REGULAR,5,D. ÖZDEMIROGLU,1,freethrow,17,,[],2of2,1,18,Dogus,Özdemiroglu,Dogus,Özdemiroglu,D,Ö,D,Ö,D. Özdemiroglu,TÜRK TELEKOM,TTK,D. Özdemiroglu,18,,,,,,FT,made,TÜRK TELEKOM D. ÖZDEMIROGLU FT 2of2 made,,,,,,,,,1,5,1.0,made_ft_last,1,4,0,0
08:47,08:47:00,4,2,2,2,1,REGULAR,105,F. GILLESPIE II,1,2pt,19,,['pointsinthepaint'],dunk,1,33,Frederick Maurice ,Gillespie Ii,Frederick Maurice ,Gillespie Ii,F,G,F,G,F. Gillespie Ii,GALATASARAY MCT TECHNIC,GSM,F. Gillespie Ii,33,,,4.8400001525879,46.889999389648,1.0,P2,made,GALATASARAY MCT TECHNIC F. GILLESPIE II 2Pt made,103.0,2.0,J. PALMER JR,,,,,,2,6,2.0,score,0,4,2,2
08:47,08:47:00,4,2,2,2,1,REGULAR,103,J. PALMER JR,1,assist,21,19,[],,0,12,James Alfred,Palmer Jr,James Alfred,Palmer Jr,J,P,J,P,J. Palmer Jr,GALATASARAY MCT TECHNIC,GSM,J. Palmer Jr,12,,,,,,ASS,,GALATASARAY MCT TECHNIC J. PALMER JR assist,,,,,,,,,0,7,1.0,,0,4,0,2
08:45,08:45:00,4,2,2,1,1,REGULAR,7,B. DURMAZ,1,foul,22,,"['shooting', '1freethrow']",personal,0,3,Berkan,Durmaz,Berkan,Durmaz,B,D,B,D,B. Durmaz,TÜRK TELEKOM,TTK,B. Durmaz,3,,,,,,FOUL,,TÜRK TELEKOM B. DURMAZ foul personal,,,,,,,,,0,7,1.0,,0,4,0,2
08:45,08:45:00,4,2,2,2,1,REGULAR,105,F. GILLESPIE II,1,foulon,23,22,[],,0,33,Frederick Maurice ,Gillespie Ii,Frederick Maurice ,Gillespie Ii,F,G,F,G,F. Gillespie Ii,GALATASARAY MCT TECHNIC,GSM,F. Gillespie Ii,33,,,,,,OTHER,,GALATASARAY MCT TECHNIC foulon,,,,,,,,,0,7,1.0,,0,4,0,2
08:45,08:45:00,4,2,2,2,1,REGULAR,105,F. GILLESPIE II,0,freethrow,24,,[],1of1,1,33,Frederick Maurice ,Gillespie Ii,Frederick Maurice ,Gillespie Ii,F,G,F,G,F. Gillespie Ii,GALATASARAY MCT TECHNIC,GSM,F. Gillespie Ii,33,,,,,,FT,missed,GALATASARAY MCT TECHNIC F. GILLESPIE II FT 1of1 missed,,,,,,,,,0,7,1.0,,0,4,0,2
08:45,08:45:00,4,2,2,2,1,REGULAR,104,F. WHITE JR,1,rebound,26,24,[],offensive,0,35,Fabian Christopher,White Jr,Fabian Christopher,White Jr,F,W,F,W,F. White Jr,GALATASARAY MCT TECHNIC,GSM,F. White Jr,35,,,,,,REB,,GALATASARAY MCT TECHNIC rebound offensive,,,,,,,,,0,7,1.0,,0,4,0,2
08:42,08:42:00,4,2,2,2,1,REGULAR,104,F. WHITE JR,1,turnover,27,,[],ballhandling,0,35,Fabian Christopher,White Jr,Fabian Christopher,White Jr,F,W,F,W,F. White Jr,GALATASARAY MCT TECHNIC,GSM,F. White Jr,35,,,,,,TO,,GALATASARAY MCT TECHNIC F. WHITE JR turnover ballhandling,,,,,,,,,0,7,1.0,turnover,0,4,0,2
08:42,08:42:00,4,2,2,1,1,REGULAR,87,K. ALEXANDER,1,steal,28,27,[],,0,7,Kyle John Solomon,Alexander,Kyle John Solomon,Alexander,K,A,K,A,K. Alexander,TÜRK TELEKOM,TTK,K. Alexander,7,,,,,,ST,,TÜRK TELEKOM K. ALEXANDER steal,,,,,,,,,0,8,2.0,,0,4,0,2
08:24,08:24:00,7,2,5,1,1,REGULAR,7,B. DURMAZ,1,3pt,29,,['fromturnover'],jumpshot,1,3,Berkan,Durmaz,Berkan,Durmaz,B,D,B,D,B. Durmaz,TÜRK TELEKOM,TTK,B. Durmaz,3,,,75.199996948242,86.440002441406,1.0,P3,made,TÜRK TELEKOM B. DURMAZ 3Pt made,5.0,1.0,D. ÖZDEMIROGLU,,,,,,3,8,2.0,score,3,7,0,2
08:24,08:24:00,7,2,5,1,1,REGULAR,5,D. ÖZDEMIROGLU,1,assist,30,29,[],,0,18,Dogus,Özdemiroglu,Dogus,Özdemiroglu,D,Ö,D,Ö,D. Özdemiroglu,TÜRK TELEKOM,TTK,D. Özdemiroglu,18,,,,,,ASS,,TÜRK TELEKOM D. ÖZDEMIROGLU assist,,,,,,,,,0,9,1.0,,0,7,0,2
07:57,07:57:00,7,4,3,2,1,REGULAR,103,J. PALMER JR,1,2pt,31,,[],pullupjumpshot,1,12,James Alfred,Palmer Jr,James Alfred,Palmer Jr,J,P,J,P,J. Palmer Jr,GALATASARAY MCT TECHNIC,GSM,J. Palmer Jr,12,,,21.530000686646,72.029998779297,1.0,P2,made,GALATASARAY MCT TECHNIC J. PALMER JR 2Pt made,,,,,,,,,2,9,1.0,score,0,7,2,4
07:38,07:38:00,9,4,5,1,1,REGULAR,80,M. DEVOE,1,2pt,32,,['pointsinthepaint'],fadeaway,1,0,Michael Jaden,Devoe,Michael Jaden,Devoe,M,D,M,D,M. Devoe,TÜRK TELEKOM,TTK,M. Devoe,0,,,90.019996643066,45.479999542236,1.0,P2,made,TÜRK TELEKOM M. DEVOE 2Pt made,,,,,,,,,2,10,2.0,score,2,9,0,4
07:17,07:17:00,9,6,3,2,1,REGULAR,104,F. WHITE JR,1,2pt,33,,[],jumpshot,1,35,Fabian Christopher,White Jr,Fabian Christopher,White Jr,F,W,F,W,F. White Jr,GALATASARAY MCT TECHNIC,GSM,F. White Jr,35,,,4.6799998283386,23.159999847412,1.0,P2,made,GALATASARAY MCT TECHNIC F. WHITE JR 2Pt made,71.0,2.0,C. KORKMAZ,,,,,,2,11,1.0,score,0,9,2,6
07:17,07:17:00,9,6,3,2,1,REGULAR,71,C. KORKMAZ,1,assist,34,33,[],,0,8,Can,Korkmaz,Can,Korkmaz,C,K,C,K,C. Korkmaz,GALATASARAY MCT TECHNIC,GSM,C. Korkmaz,8,,,,,,ASS,,GALATASARAY MCT TECHNIC C. KORKMAZ assist,,,,,,,,,0,12,2.0,,0,9,0,6
07:07,07:07:00,9,6,3,1,1,REGULAR,77,J. SMITH,0,3pt,35,,['blocked'],stepbackjumpshot,1,9,Jaleen Devon,Smith,Jaleen Devon,Smith,J,S,J,S,J. Smith,TÜRK TELEKOM,TTK,J. Smith,9,,,68.169998168945,57.340000152588,0.0,P3,missed,TÜRK TELEKOM J. SMITH 3Pt missed,,,,106.0,2.0,J. ROBINSON JR,,,0,12,2.0,,0,9,0,6
07:07,07:07:00,9,6,3,2,1,REGULAR,106,J. ROBINSON JR,1,block,36,35,[],,0,1,Jerome Emanuel,Robinson Jr,Jerome Emanuel,Robinson Jr,J,R,J,R,J. Robinson Jr,GALATASARAY MCT TECHNIC,GSM,J. Robinson Jr,1,,,,,,BS,,GALATASARAY MCT TECHNIC J. ROBINSON JR block,,,,,,,,,0,12,2.0,,0,9,0,6
07:04,07:04:00,9,6,3,2,1,REGULAR,71,C. KORKMAZ,1,rebound,37,35,[],defensive,0,8,Can,Korkmaz,Can,Korkmaz,C,K,C,K,C. Korkmaz,GALATASARAY MCT TECHNIC,GSM,C. Korkmaz,8,,,,,,REB,,GALATASARAY MCT TECHNIC rebound defensive,,,,,,,,,0,12,2.0,def_reb,0,9,0,6
07:02,07:02:00,9,6,3,1,1,REGULAR,80,M. DEVOE,1,foul,39,,[],personal,0,0,Michael Jaden,Devoe,Michael Jaden,Devoe,M,D,M,D,M. Devoe,TÜRK TELEKOM,TTK,M. Devoe,0,,,,,,FOUL,,TÜRK TELEKOM M. DEVOE foul personal,,,,,,,,,0,13,1.0,,0,9,0,6
07:02,07:02:00,9,6,3,2,1,REGULAR,71,C. KORKMAZ,1,foulon,40,39,[],,0,8,Can,Korkmaz,Can,Korkmaz,C,K,C,K,C. Korkmaz,GALATASARAY MCT TECHNIC,GSM,C. Korkmaz,8,,,,,,OTHER,,GALATASARAY MCT TECHNIC foulon,,,,,,,,,0,13,1.0,,0,9,0,6
06:44,06:44:00,9,8,1,2,1,REGULAR,105,F. GILLESPIE II,1,2pt,42,,['pointsinthepaint'],jumpshot,1,33,Frederick Maurice ,Gillespie Ii,Frederick Maurice ,Gillespie Ii,F,G,F,G,F. Gillespie Ii,GALATASARAY MCT TECHNIC,GSM,F. Gillespie Ii,33,,,5.3000001907349,55.650001525879,1.0,P2,made,GALATASARAY MCT TECHNIC F. GILLESPIE II 2Pt made,103.0,2.0,J. PALMER JR,,,,,,2,13,1.0,score,0,9,2,8
06:44,06:44:00,9,8,1,2,1,REGULAR,103,J. PALMER JR,1,assist,43,42,[],,0,12,James Alfred,Palmer Jr,James Alfred,Palmer Jr,J,P,J,P,J. Palmer Jr,GALATASARAY MCT TECHNIC,GSM,J. Palmer Jr,12,,,,,,ASS,,GALATASARAY MCT TECHNIC J. PALMER JR assist,,,,,,,,,0,14,2.0,,0,9,0,8
06:21,06:21:00,9,8,1,1,1,REGULAR,87,K. ALEXANDER,0,2pt,44,,[],jumpshot,1,7,Kyle John Solomon,Alexander,Kyle John Solomon,Alexander,K,A,K,A,K. Alexander,TÜRK TELEKOM,TTK,K. Alexander,7,,,75.51000213623,49.720001220703,0.0,P2,missed,TÜRK TELEKOM K. ALEXANDER 2Pt missed,,,,,,,,,0,14,2.0,def_reb,0,9,0,8
06:19,06:19:00,9,8,1,2,1,REGULAR,103,J. PALMER JR,1,rebound,45,44,[],defensive,0,12,James Alfred,Palmer Jr,James Alfred,Palmer Jr,J,P,J,P,J. Palmer Jr,GALATASARAY MCT TECHNIC,GSM,J. Palmer Jr,12,,,,,,REB,,GALATASARAY MCT TECHNIC rebound defensive,,,,,,,,,0,15,1.0,def_reb,0,9,0,8
05:56,05:56:00,9,11,-2,2,1,REGULAR,103,J. PALMER JR,1,3pt,46,,[],jumpshot,1,12,James Alfred,Palmer Jr,James Alfred,Palmer Jr,J,P,J,P,J. Palmer Jr,GALATASARAY MCT TECHNIC,GSM,J. Palmer Jr,12,,,26.680000305176,23.450000762939,1.0,P3,made,GALATASARAY MCT TECHNIC J. PALMER JR 3Pt made,71.0,2.0,C. KORKMAZ,,,,,,3,16,2.0,score,0,9,3,11
05:56,05:56:00,9,11,-2,2,1,REGULAR,71,C. KORKMAZ,1,assist,47,46,[],,0,8,Can,Korkmaz,Can,Korkmaz,C,K,C,K,C. Korkmaz,GALATASARAY MCT TECHNIC,GSM,C. Korkmaz,8,,,,,,ASS,,GALATASARAY MCT TECHNIC C. KORKMAZ assist,,,,,,,,,0,17,1.0,,0,9,0,11
05:33,05:33:00,11,11,0,1,1,REGULAR,80,M. DEVOE,1,2pt,48,,[],jumpshot,1,0,Michael Jaden,Devoe,Michael Jaden,Devoe,M,D,M,D,M. Devoe,TÜRK TELEKOM,TTK,M. Devoe,0,,,79.879997253418,43.5,1.0,P2,made,TÜRK TELEKOM M. DEVOE 2Pt made,,,,,,,,,2,17,1.0,score,2,11,0,11
05:11,05:11:00,11,11,0,2,1,REGULAR,71,C. KORKMAZ,0,2pt,49,,['pointsinthepaint'],reverselayup,1,8,Can,Korkmaz,Can,Korkmaz,C,K,C,K,C. Korkmaz,GALATASARAY MCT TECHNIC,GSM,C. Korkmaz,8,,,4.9899997711182,43.790000915527,0.0,P2,missed,GALATASARAY MCT TECHNIC C. KORKMAZ 2Pt missed,,,,,,,,,0,18,2.0,,0,11,0,11
05:08,05:08:00,11,11,0,2,1,REGULAR,103,J. PALMER JR,1,rebound,50,49,[],offensive,0,12,James Alfred,Palmer Jr,James Alfred,Palmer Jr,J,P,J,P,J. Palmer Jr,GALATASARAY MCT TECHNIC,GSM,J. Palmer Jr,12,,,,,,REB,,GALATASARAY MCT TECHNIC rebound offensive,,,,,,,,,0,18,2.0,,0,11,0,11
05:05,05:05:00,11,11,0,2,1,REGULAR,71,C. KORKMAZ,0,3pt,52,,['2ndchance'],jumpshot,1,8,Can,Korkmaz,Can,Korkmaz,C,K,C,K,C. Korkmaz,GALATASARAY MCT TECHNIC,GSM,C. Korkmaz,8,,,2.8099999427795,4.5199999809265,0.0,P3,missed,GALATASARAY MCT TECHNIC C. KORKMAZ 3Pt missed,,,,,,,,,0,18,2.0,def_reb,0,11,0,11
05:05,05:05:00,11,11,0,1,1,REGULAR,0,,1,rebound,53,52,['team'],defensive,0,,,,,,,,,,,TÜRK TELEKOM,TTK,,,,,,,,TREB,,TÜRK TELEKOM team rebound defensive,,,,,,,,,0,19,1.0,def_reb,0,11,0,11
04:52,04:52:00,11,11,0,2,1,REGULAR,71,C. KORKMAZ,1,foul,56,,[],personal,0,8,Can,Korkmaz,Can,Korkmaz,C,K,C,K,C. Korkmaz,GALATASARAY MCT TECHNIC,GSM,C. Korkmaz,8,,,,,,FOUL,,GALATASARAY MCT TECHNIC C. KORKMAZ foul personal,,,,,,,,,0,20,2.0,,0,11,0,11
04:52,04:52:00,11,11,0,1,1,REGULAR,5,D. ÖZDEMIROGLU,1,foulon,57,56,[],,0,18,Dogus,Özdemiroglu,Dogus,Özdemiroglu,D,Ö,D,Ö,D. Özdemiroglu,TÜRK TELEKOM,TTK,D. Özdemiroglu,18,,,,,,OTHER,,TÜRK TELEKOM foulon,,,,,,,,,0,20,2.0,,0,11,0,11
04:52,04:52:00,11,11,0,0,1,REGULAR,0,,1,timeout,58,,[],officials,0,,,,,,,,,,,,,,,,,,,,TIMEOUT,, timeout,,,,,,,,,0,20,2.0,,0,11,0,11
04:52,04:52:00,11,11,0,1,1,REGULAR,7,B. DURMAZ,1,substitution,59,,[],out,0,3,Berkan,Durmaz,Berkan,Durmaz,B,D,B,D,B. Durmaz,TÜRK TELEKOM,TTK,B. Durmaz,3,,,,,,SUB,out,TÜRK TELEKOM substitution out,,,,,,,,,0,20,2.0,,0,11,0,11
04:52,04:52:00,11,11,0,1,1,REGULAR,76,M. SIMONOVIC,1,substitution,60,,[],in,0,11,Marko,Simonovic,Marko,Simonovic,M,S,M,S,M. Simonovic,TÜRK TELEKOM,TTK,M. Simonovic,11,,,,,,SUB,in,TÜRK TELEKOM substitution in,,,,,,,,,0,20,2.0,,0,11,0,11
04:52,04:52:00,11,11,0,2,1,REGULAR,106,J. ROBINSON JR,1,substitution,61,,[],out,0,1,Jerome Emanuel,Robinson Jr,Jerome Emanuel,Robinson Jr,J,R,J,R,J. Robinson Jr,GALATASARAY MCT TECHNIC,GSM,J. Robinson Jr,1,,,,,,SUB,out,GALATASARAY MCT TECHNIC substitution out,,,,,,,,,0,20,2.0,,0,11,0,11
04:52,04:52:00,11,11,0,2,1,REGULAR,71,C. KORKMAZ,1,substitution,62,,[],out,0,8,Can,Korkmaz,Can,Korkmaz,C,K,C,K,C. Korkmaz,GALATASARAY MCT TECHNIC,GSM,C. Korkmaz,8,,,,,,SUB,out,GALATASARAY MCT TECHNIC substitution out,,,,,,,,,0,20,2.0,,0,11,0,11
04:52,04:52:00,11,11,0,2,1,REGULAR,109,W. CUMMINGS,1,substitution,63,,[],in,0,7,William,Cummings,William,Cummings,W,C,W,C,W. Cummings,GALATASARAY MCT TECHNIC,GSM,W. Cummings,7,,,,,,SUB,in,GALATASARAY MCT TECHNIC substitution in,,,,,,,,,0,20,2.0,,0,11,0,11
04:52,04:52:00,11,11,0,2,1,REGULAR,70,R. ÖNCEL,1,substitution,64,,[],in,0,10,Ridvan,Öncel,Ridvan,Öncel,R,Ö,R,Ö,R. Öncel,GALATASARAY MCT TECHNIC,GSM,R. Öncel,10,,,,,,SUB,in,GALATASARAY MCT TECHNIC substitution in,,,,,,,,,0,20,2.0,,0,11,0,11
04:41,04:41:00,11,11,0,1,1,REGULAR,77,J. SMITH,0,3pt,66,,[],jumpshot,1,9,Jaleen Devon,Smith,Jaleen Devon,Smith,J,S,J,S,J. Smith,TÜRK TELEKOM,TTK,J. Smith,9,,,85.339996337891,93.790000915527,0.0,P3,missed,TÜRK TELEKOM J. SMITH 3Pt missed,,,,,,,,,0,20,2.0,def_reb,0,11,0,11
04:39,04:39:00,11,11,0,2,1,REGULAR,103,J. PALMER JR,1,rebound,67,66,[],defensive,0,12,James Alfred,Palmer Jr,James Alfred,Palmer Jr,J,P,J,P,J. Palmer Jr,GALATASARAY MCT TECHNIC,GSM,J. Palmer Jr,12,,,,,,REB,,GALATASARAY MCT TECHNIC rebound defensive,,,,,,,,,0,21,1.0,def_reb,0,11,0,11
04:32,04:32:00,11,11,0,2,1,REGULAR,70,R. ÖNCEL,0,3pt,68,,[],jumpshot,1,10,Ridvan,Öncel,Ridvan,Öncel,R,Ö,R,Ö,R. Öncel,GALATASARAY MCT TECHNIC,GSM,R. Öncel,10,,,13.729999542236,95.199996948242,0.0,P3,missed,GALATASARAY MCT TECHNIC R. ÖNCEL 3Pt missed,,,,,,,,,0,22,2.0,def_reb,0,11,0,11
04:30,04:30:00,11,11,0,2,1,REGULAR,0,,1,rebound,70,68,['team'],offensive,0,,,,,,,,,,,GALATASARAY MCT TECHNIC,GSM,,,,,,,,TREB,,GALATASARAY MCT TECHNIC team rebound offensive,,,,,,,,,0,23,1.0,def_reb,0,11,0,11
04:18,04:18:00,11,11,0,2,1,REGULAR,70,R. ÖNCEL,1,turnover,73,,[],ballhandling,0,10,Ridvan,Öncel,Ridvan,Öncel,R,Ö,R,Ö,R. Öncel,GALATASARAY MCT TECHNIC,GSM,R. Öncel,10,,,,,,TO,,GALATASARAY MCT TECHNIC R. ÖNCEL turnover ballhandling,,,,,,,,,0,24,2.0,turnover,0,11,0,11
04:01,04:01:00,11,11,0,1,1,REGULAR,77,J. SMITH,0,2pt,75,,['fromturnover'],pullupjumpshot,1,9,Jaleen Devon,Smith,Jaleen Devon,Smith,J,S,J,S,J. Smith,TÜRK TELEKOM,TTK,J. Smith,9,,,82.059997558594,70.339996337891,0.0,P2,missed,TÜRK TELEKOM J. SMITH 2Pt missed,,,,,,,,,0,25,1.0,def_reb,0,11,0,11
03:58,03:58:00,11,11,0,2,1,REGULAR,109,W. CUMMINGS,1,rebound,76,75,[],defensive,0,7,William,Cummings,William,Cummings,W,C,W,C,W. Cummings,GALATASARAY MCT TECHNIC,GSM,W. Cummings,7,,,,,,REB,,GALATASARAY MCT TECHNIC rebound defensive,,,,,,,,,0,26,2.0,def_reb,0,11,0,11
03:50,03:50:00,11,11,0,2,1,REGULAR,109,W. CUMMINGS,0,2pt,78,,['pointsinthepaint'],layup,1,7,William,Cummings,William,Cummings,W,C,W,C,W. Cummings,GALATASARAY MCT TECHNIC,GSM,W. Cummings,7,,,4.9899997711182,46.610000610352,0.0,P2,missed,GALATASARAY MCT TECHNIC W. CUMMINGS 2Pt missed,,,,,,,,,0,27,1.0,def_reb,0,11,0,11
03:50,03:50:00,11,11,0,2,1,REGULAR,0,,1,rebound,79,78,['team'],offensive,0,,,,,,,,,,,GALATASARAY MCT TECHNIC,GSM,,,,,,,,TREB,,GALATASARAY MCT TECHNIC team rebound offensive,,,,,,,,,0,28,2.0,def_reb,0,11,0,11
03:50,03:50:00,11,11,0,1,1,REGULAR,80,M. DEVOE,1,substitution,80,,[],out,0,0,Michael Jaden,Devoe,Michael Jaden,Devoe,M,D,M,D,M. Devoe,TÜRK TELEKOM,TTK,M. Devoe,0,,,,,,SUB,out,TÜRK TELEKOM substitution out,,,,,,,,,0,29,1.0,,0,11,0,11
03:50,03:50:00,11,11,0,1,1,REGULAR,87,K. ALEXANDER,1,substitution,81,,[],out,0,7,Kyle John Solomon,Alexander,Kyle John Solomon,Alexander,K,A,K,A,K. Alexander,TÜRK TELEKOM,TTK,K. Alexander,7,,,,,,SUB,out,TÜRK TELEKOM substitution out,,,,,,,,,0,29,1.0,,0,11,0,11
03:50,03:50:00,11,11,0,1,1,REGULAR,77,J. SMITH,1,substitution,82,,[],out,0,9,Jaleen Devon,Smith,Jaleen Devon,Smith,J,S,J,S,J. Smith,TÜRK TELEKOM,TTK,J. Smith,9,,,,,,SUB,out,TÜRK TELEKOM substitution out,,,,,,,,,0,29,1.0,,0,11,0,11
03:50,03:50:00,11,11,0,1,1,REGULAR,75,K. ALLMAN,1,substitution,83,,[],in,0,1,Kyle Lindsay,Allman,Kyle Lindsay,Allman,K,A,K,A,K. Allman,TÜRK TELEKOM,TTK,K. Allman,1,,,,,,SUB,in,TÜRK TELEKOM substitution in,,,,,,,,,0,29,1.0,,0,11,0,11
03:50,03:50:00,11,11,0,1,1,REGULAR,74,J. USHER,1,substitution,84,,[],in,0,8,Jordan Emanuel ,Usher,Jordan Emanuel ,Usher,J,U,J,U,J. Usher,TÜRK TELEKOM,TTK,J. Usher,8,,,,,,SUB,in,TÜRK TELEKOM substitution in,,,,,,,,,0,29,1.0,,0,11,0,11
03:50,03:50:00,11,11,0,1,1,REGULAR,78,K. BANKSTON,1,substitution,85,,[],in,0,30,Kristeon Lamar,Bankston,Kristeon Lamar,Bankston,K,B,K,B,K. Bankston,TÜRK TELEKOM,TTK,K. Bankston,30,,,,,,SUB,in,TÜRK TELEKOM substitution in,,,,,,,,,0,29,1.0,,0,11,0,11
03:43,03:43:00,11,13,-2,2,1,REGULAR,103,J. PALMER JR,1,2pt,87,,"['2ndchance', 'pointsinthepaint']",layup,1,12,James Alfred,Palmer Jr,James Alfred,Palmer Jr,J,P,J,P,J. Palmer Jr,GALATASARAY MCT TECHNIC,GSM,J. Palmer Jr,12,,,7.4899997711182,53.950000762939,1.0,P2,made,GALATASARAY MCT TECHNIC J. PALMER JR 2Pt made,,,,,,,,,2,29,1.0,score,0,11,2,13
03:32,03:32:00,11,13,-2,1,1,REGULAR,5,D. ÖZDEMIROGLU,0,2pt,90,,['pointsinthepaint'],drivinglayup,1,18,Dogus,Özdemiroglu,Dogus,Özdemiroglu,D,Ö,D,Ö,D. Özdemiroglu,TÜRK TELEKOM,TTK,D. Özdemiroglu,18,,,94.230003356934,59.889999389648,0.0,P2,missed,TÜRK TELEKOM D. ÖZDEMIROGLU 2Pt missed,,,,,,,,,0,30,2.0,def_reb,0,11,0,13
03:30,03:30:00,11,13,-2,2,1,REGULAR,105,F. GILLESPIE II,1,rebound,91,90,[],defensive,0,33,Frederick Maurice ,Gillespie Ii,Frederick Maurice ,Gillespie Ii,F,G,F,G,F. Gillespie Ii,GALATASARAY MCT TECHNIC,GSM,F. Gillespie Ii,33,,,,,,REB,,GALATASARAY MCT TECHNIC rebound defensive,,,,,,,,,0,31,1.0,def_reb,0,11,0,13
03:20,03:20:00,11,13,-2,2,1,REGULAR,103,J. PALMER JR,0,3pt,92,,[],stepbackjumpshot,1,12,James Alfred,Palmer Jr,James Alfred,Palmer Jr,J,P,J,P,J. Palmer Jr,GALATASARAY MCT TECHNIC,GSM,J. Palmer Jr,12,,,28.079999923706,28.809999465942,0.0,P3,missed,GALATASARAY MCT TECHNIC J. PALMER JR 3Pt missed,,,,,,,,,0,32,2.0,def_reb,0,11,0,13
03:17,03:17:00,11,13,-2,1,1,REGULAR,78,K. BANKSTON,1,rebound,93,92,[],defensive,0,30,Kristeon Lamar,Bankston,Kristeon Lamar,Bankston,K,B,K,B,K. Bankston,TÜRK TELEKOM,TTK,K. Bankston,30,,,,,,REB,,TÜRK TELEKOM rebound defensive,,,,,,,,,0,33,1.0,def_reb,0,11,0,13
03:06,03:06:00,11,13,-2,1,1,REGULAR,78,K. BANKSTON,1,turnover,94,,[],ballhandling,0,30,Kristeon Lamar,Bankston,Kristeon Lamar,Bankston,K,B,K,B,K. Bankston,TÜRK TELEKOM,TTK,K. Bankston,30,,,,,,TO,,TÜRK TELEKOM K. BANKSTON turnover ballhandling,,,,,,,,,0,34,2.0,turnover,0,11,0,13
03:06,03:06:00,11,13,-2,2,1,REGULAR,109,W. CUMMINGS,1,steal,96,94,[],,0,7,William,Cummings,William,Cummings,W,C,W,C,W. Cummings,GALATASARAY MCT TECHNIC,GSM,W. Cummings,7,,,,,,ST,,GALATASARAY MCT TECHNIC W. CUMMINGS steal,,,,,,,,,0,35,1.0,,0,11,0,13
03:05,03:05:00,11,13,-2,1,1,REGULAR,75,K. ALLMAN,1,foul,97,,['2freethrow'],unsportsmanlike,0,1,Kyle Lindsay,Allman,Kyle Lindsay,Allman,K,A,K,A,K. Allman,TÜRK TELEKOM,TTK,K. Allman,1,,,,,,FOUL,,TÜRK TELEKOM K. ALLMAN foul unsportsmanlike,,,,,,,,,0,35,1.0,,0,11,0,13
03:05,03:05:00,11,13,-2,2,1,REGULAR,109,W. CUMMINGS,1,foulon,98,97,[],,0,7,William,Cummings,William,Cummings,W,C,W,C,W. Cummings,GALATASARAY MCT TECHNIC,GSM,W. Cummings,7,,,,,,OTHER,,GALATASARAY MCT TECHNIC foulon,,,,,,,,,0,35,1.0,,0,11,0,13
03:05,03:05:00,11,13,-2,1,1,REGULAR,5,D. ÖZDEMIROGLU,1,substitution,99,,[],out,0,18,Dogus,Özdemiroglu,Dogus,Özdemiroglu,D,Ö,D,Ö,D. Özdemiroglu,TÜRK TELEKOM,TTK,D. Özdemiroglu,18,,,,,,SUB,out,TÜRK TELEKOM substitution out,,,,,,,,,0,35,1.0,,0,11,0,13
03:05,03:05:00,11,13,-2,1,1,REGULAR,3,A. KAHRAMAN,1,substitution,100,,[],in,0,6,Ata,Kahraman,Ata,Kahraman,A,K,A,K,A. Kahraman,TÜRK TELEKOM,TTK,A. Kahraman,6,,,,,,SUB,in,TÜRK TELEKOM substitution in,,,,,,,,,0,35,1.0,,0,11,0,13
03:05,03:05:00,11,14,-3,2,1,REGULAR,109,W. CUMMINGS,1,freethrow,101,,"['fastbreak', 'fromturnover']",1of2,1,7,William,Cummings,William,Cummings,W,C,W,C,W. Cummings,GALATASARAY MCT TECHNIC,GSM,W. Cummings,7,,,,,,FT,made,GALATASARAY MCT TECHNIC W. CUMMINGS FT 1of2 made,,,,,,,,,1,35,1.0,made_ft,0,11,1,14
03:05,03:05:00,11,14,-3,2,1,REGULAR,109,W. CUMMINGS,0,freethrow,102,,"['fastbreak', 'fromturnover']",2of2,1,7,William,Cummings,William,Cummings,W,C,W,C,W. Cummings,GALATASARAY MCT TECHNIC,GSM,W. Cummings,7,,,,,,FT,missed,GALATASARAY MCT TECHNIC W. CUMMINGS FT 2of2 missed,,,,,,,,,0,36,2.0,,0,11,0,14
02:54,02:54:00,11,14,-3,2,1,REGULAR,105,F. GILLESPIE II,1,turnover,105,,[],badpass,0,33,Frederick Maurice ,Gillespie Ii,Frederick Maurice ,Gillespie Ii,F,G,F,G,F. Gillespie Ii,GALATASARAY MCT TECHNIC,GSM,F. Gillespie Ii,33,,,,,,TO,,GALATASARAY MCT TECHNIC F. GILLESPIE II turnover badpass,,,,,,,,,0,36,2.0,turnover,0,11,0,14
02:41,02:41:00,11,14,-3,1,1,REGULAR,74,J. USHER,1,turnover,108,,[],ballhandling,0,8,Jordan Emanuel ,Usher,Jordan Emanuel ,Usher,J,U,J,U,J. Usher,TÜRK TELEKOM,TTK,J. Usher,8,,,,,,TO,,TÜRK TELEKOM J. USHER turnover ballhandling,,,,,,,,,0,37,1.0,turnover,0,11,0,14
02:28,02:28:00,11,14,-3,2,1,REGULAR,109,W. CUMMINGS,1,turnover,110,,[],badpass,0,7,William,Cummings,William,Cummings,W,C,W,C,W. Cummings,GALATASARAY MCT TECHNIC,GSM,W. Cummings,7,,,,,,TO,,GALATASARAY MCT TECHNIC W. CUMMINGS turnover badpass,,,,,,,,,0,38,2.0,turnover,0,11,0,14
02:28,02:28:00,11,14,-3,1,1,REGULAR,74,J. USHER,1,steal,112,110,[],,0,8,Jordan Emanuel ,Usher,Jordan Emanuel ,Usher,J,U,J,U,J. Usher,TÜRK TELEKOM,TTK,J. Usher,8,,,,,,ST,,TÜRK TELEKOM J. USHER steal,,,,,,,,,0,39,1.0,,0,11,0,14
02:26,02:26:00,11,14,-3,2,1,REGULAR,70,R. ÖNCEL,1,foul,113,,[],personal,0,10,Ridvan,Öncel,Ridvan,Öncel,R,Ö,R,Ö,R. Öncel,GALATASARAY MCT TECHNIC,GSM,R. Öncel,10,,,,,,FOUL,,GALATASARAY MCT TECHNIC R. ÖNCEL foul personal,,,,,,,,,0,39,1.0,,0,11,0,14
02:26,02:26:00,11,14,-3,1,1,REGULAR,3,A. KAHRAMAN,1,foulon,114,113,[],,0,6,Ata,Kahraman,Ata,Kahraman,A,K,A,K,A. Kahraman,TÜRK TELEKOM,TTK,A. Kahraman,6,,,,,,OTHER,,TÜRK TELEKOM foulon,,,,,,,,,0,39,1.0,,0,11,0,14
02:16,02:16:00,11,14,-3,1,1,REGULAR,75,K. ALLMAN,0,2pt,116,,"['fromturnover', 'pointsinthepaint']",layup,1,1,Kyle Lindsay,Allman,Kyle Lindsay,Allman,K,A,K,A,K. Allman,TÜRK TELEKOM,TTK,K. Allman,1,,,94.069999694824,39.830001831055,0.0,P2,missed,TÜRK TELEKOM K. ALLMAN 2Pt missed,,,,,,,,,0,39,1.0,def_reb,0,11,0,14
02:14,02:14:00,11,14,-3,2,1,REGULAR,103,J. PALMER JR,1,rebound,117,116,[],defensive,0,12,James Alfred,Palmer Jr,James Alfred,Palmer Jr,J,P,J,P,J. Palmer Jr,GALATASARAY MCT TECHNIC,GSM,J. Palmer Jr,12,,,,,,REB,,GALATASARAY MCT TECHNIC rebound defensive,,,,,,,,,0,40,2.0,def_reb,0,11,0,14
02:10,02:10:00,11,14,-3,2,1,REGULAR,103,J. PALMER JR,1,turnover,118,,[],badpass,0,12,James Alfred,Palmer Jr,James Alfred,Palmer Jr,J,P,J,P,J. Palmer Jr,GALATASARAY MCT TECHNIC,GSM,J. Palmer Jr,12,,,,,,TO,,GALATASARAY MCT TECHNIC J. PALMER JR turnover badpass,,,,,,,,,0,41,1.0,turnover,0,11,0,14
02:10,02:10:00,11,14,-3,1,1,REGULAR,76,M. SIMONOVIC,1,steal,119,118,[],,0,11,Marko,Simonovic,Marko,Simonovic,M,S,M,S,M. Simonovic,TÜRK TELEKOM,TTK,M. Simonovic,11,,,,,,ST,,TÜRK TELEKOM M. SIMONOVIC steal,,,,,,,,,0,42,2.0,,0,11,0,14
02:06,02:06:00,13,14,-1,1,1,REGULAR,74,J. USHER,1,2pt,121,,"['fromturnover', 'pointsinthepaint', 'fastbreak']",drivinglayup,1,8,Jordan Emanuel ,Usher,Jordan Emanuel ,Usher,J,U,J,U,J. Usher,TÜRK TELEKOM,TTK,J. Usher,8,,,91.730003356934,44.349998474121,1.0,P2,made,TÜRK TELEKOM J. USHER 2Pt made,76.0,1.0,M. SIMONOVIC,,,,,,2,42,2.0,score,2,13,0,14
02:06,02:06:00,13,14,-1,1,1,REGULAR,76,M. SIMONOVIC,1,assist,122,121,[],,0,11,Marko,Simonovic,Marko,Simonovic,M,S,M,S,M. Simonovic,TÜRK TELEKOM,TTK,M. Simonovic,11,,,,,,ASS,,TÜRK TELEKOM M. SIMONOVIC assist,,,,,,,,,0,43,1.0,,0,13,0,14
02:06,02:06:00,13,14,-1,2,1,REGULAR,70,R. ÖNCEL,1,foul,123,,"['shooting', '1freethrow']",personal,0,10,Ridvan,Öncel,Ridvan,Öncel,R,Ö,R,Ö,R. Öncel,GALATASARAY MCT TECHNIC,GSM,R. Öncel,10,,,,,,FOUL,,GALATASARAY MCT TECHNIC R. ÖNCEL foul personal,,,,,,,,,0,43,1.0,,0,13,0,14
02:06,02:06:00,13,14,-1,1,1,REGULAR,74,J. USHER,1,foulon,124,123,[],,0,8,Jordan Emanuel ,Usher,Jordan Emanuel ,Usher,J,U,J,U,J. Usher,TÜRK TELEKOM,TTK,J. Usher,8,,,,,,OTHER,,TÜRK TELEKOM foulon,,,,,,,,,0,43,1.0,,0,13,0,14
02:06,02:06:00,13,14,-1,2,1,REGULAR,105,F. GILLESPIE II,1,substitution,125,,[],out,0,33,Frederick Maurice ,Gillespie Ii,Frederick Maurice ,Gillespie Ii,F,G,F,G,F. Gillespie Ii,GALATASARAY MCT TECHNIC,GSM,F. Gillespie Ii,33,,,,,,SUB,out,GALATASARAY MCT TECHNIC substitution out,,,,,,,,,0,43,1.0,,0,13,0,14
02:06,02:06:00,13,14,-1,2,1,REGULAR,99,M. YASAR,1,substitution,126,,[],in,0,77,Muhsin,Yasar,Muhsin,Yasar,M,Y,M,Y,M. Yasar,GALATASARAY MCT TECHNIC,GSM,M. Yasar,77,,,,,,SUB,in,GALATASARAY MCT TECHNIC substitution in,,,,,,,,,0,43,1.0,,0,13,0,14
02:06,02:06:00,14,14,0,1,1,REGULAR,74,J. USHER,1,freethrow,127,,"['fastbreak', 'fromturnover']",1of1,1,8,Jordan Emanuel ,Usher,Jordan Emanuel ,Usher,J,U,J,U,J. Usher,TÜRK TELEKOM,TTK,J. Usher,8,,,,,,FT,made,TÜRK TELEKOM J. USHER FT 1of1 made,,,,,,,,,1,43,1.0,made_ft_last,1,14,0,14
01:49,01:49:00,14,17,-3,2,1,REGULAR,104,F. WHITE JR,1,3pt,129,,[],jumpshot,1,35,Fabian Christopher,White Jr,Fabian Christopher,White Jr,F,W,F,W,F. White Jr,GALATASARAY MCT TECHNIC,GSM,F. White Jr,35,,,29.639999389648,35.590000152588,1.0,P3,made,GALATASARAY MCT TECHNIC F. WHITE JR 3Pt made,109.0,2.0,W. CUMMINGS,,,,,,3,44,2.0,score,0,14,3,17
01:49,01:49:00,14,17,-3,2,1,REGULAR,109,W. CUMMINGS,1,assist,130,129,[],,0,7,William,Cummings,William,Cummings,W,C,W,C,W. Cummings,GALATASARAY MCT TECHNIC,GSM,W. Cummings,7,,,,,,ASS,,GALATASARAY MCT TECHNIC W. CUMMINGS assist,,,,,,,,,0,45,1.0,,0,14,0,17
01:30,01:30:00,17,17,0,1,1,REGULAR,75,K. ALLMAN,1,3pt,132,,[],stepbackjumpshot,1,1,Kyle Lindsay,Allman,Kyle Lindsay,Allman,K,A,K,A,K. Allman,TÜRK TELEKOM,TTK,K. Allman,1,,,70.360000610352,62.150001525879,1.0,P3,made,TÜRK TELEKOM K. ALLMAN 3Pt made,,,,,,,,,3,45,1.0,score,3,17,0,17
01:30,01:30:00,17,17,0,2,1,REGULAR,70,R. ÖNCEL,1,foul,133,,"['shooting', '1freethrow']",personal,0,10,Ridvan,Öncel,Ridvan,Öncel,R,Ö,R,Ö,R. Öncel,GALATASARAY MCT TECHNIC,GSM,R. Öncel,10,,,,,,FOUL,,GALATASARAY MCT TECHNIC R. ÖNCEL foul personal,,,,,,,,,0,46,2.0,,0,17,0,17
01:30,01:30:00,17,17,0,1,1,REGULAR,75,K. ALLMAN,1,foulon,134,133,[],,0,1,Kyle Lindsay,Allman,Kyle Lindsay,Allman,K,A,K,A,K. Allman,TÜRK TELEKOM,TTK,K. Allman,1,,,,,,OTHER,,TÜRK TELEKOM foulon,,,,,,,,,0,46,2.0,,0,17,0,17
01:30,01:30:00,17,17,0,2,1,REGULAR,106,J. ROBINSON JR,1,substitution,136,,[],in,0,1,Jerome Emanuel,Robinson Jr,Jerome Emanuel,Robinson Jr,J,R,J,R,J. Robinson Jr,GALATASARAY MCT TECHNIC,GSM,J. Robinson Jr,1,,,,,,SUB,in,GALATASARAY MCT TECHNIC substitution in,,,,,,,,,0,46,2.0,,0,17,0,17
01:30,01:30:00,17,17,0,2,1,REGULAR,70,R. ÖNCEL,1,substitution,137,,[],out,0,10,Ridvan,Öncel,Ridvan,Öncel,R,Ö,R,Ö,R. Öncel,GALATASARAY MCT TECHNIC,GSM,R. Öncel,10,,,,,,SUB,out,GALATASARAY MCT TECHNIC substitution out,,,,,,,,,0,46,2.0,,0,17,0,17
01:30,01:30:00,17,17,0,1,1,REGULAR,75,K. ALLMAN,0,freethrow,138,,[],1of1,1,1,Kyle Lindsay,Allman,Kyle Lindsay,Allman,K,A,K,A,K. Allman,TÜRK TELEKOM,TTK,K. Allman,1,,,,,,FT,missed,TÜRK TELEKOM K. ALLMAN FT 1of1 missed,,,,,,,,,0,46,2.0,def_reb,0,17,0,17
01:30,01:30:00,17,17,0,2,1,REGULAR,103,J. PALMER JR,1,rebound,140,138,[],defensive,0,12,James Alfred,Palmer Jr,James Alfred,Palmer Jr,J,P,J,P,J. Palmer Jr,GALATASARAY MCT TECHNIC,GSM,J. Palmer Jr,12,,,,,,REB,,GALATASARAY MCT TECHNIC rebound defensive,,,,,,,,,0,47,1.0,def_reb,0,17,0,17
01:16,01:16:00,17,17,0,1,1,REGULAR,74,J. USHER,1,foul,144,,[],personal,0,8,Jordan Emanuel ,Usher,Jordan Emanuel ,Usher,J,U,J,U,J. Usher,TÜRK TELEKOM,TTK,J. Usher,8,,,,,,FOUL,,TÜRK TELEKOM J. USHER foul personal,,,,,,,,,0,48,2.0,,0,17,0,17
01:16,01:16:00,17,17,0,2,1,REGULAR,103,J. PALMER JR,1,foulon,145,144,[],,0,12,James Alfred,Palmer Jr,James Alfred,Palmer Jr,J,P,J,P,J. Palmer Jr,GALATASARAY MCT TECHNIC,GSM,J. Palmer Jr,12,,,,,,OTHER,,GALATASARAY MCT TECHNIC foulon,,,,,,,,,0,48,2.0,,0,17,0,17
01:08,01:08:00,17,17,0,2,1,REGULAR,106,J. ROBINSON JR,0,3pt,147,,[],jumpshot,1,1,Jerome Emanuel,Robinson Jr,Jerome Emanuel,Robinson Jr,J,R,J,R,J. Robinson Jr,GALATASARAY MCT TECHNIC,GSM,J. Robinson Jr,1,,,10.449999809265,96.050003051758,0.0,P3,missed,GALATASARAY MCT TECHNIC J. ROBINSON JR 3Pt missed,,,,,,,,,0,48,2.0,def_reb,0,17,0,17
01:05,01:05:00,17,17,0,1,1,REGULAR,74,J. USHER,1,rebound,148,147,[],defensive,0,8,Jordan Emanuel ,Usher,Jordan Emanuel ,Usher,J,U,J,U,J. Usher,TÜRK TELEKOM,TTK,J. Usher,8,,,,,,REB,,TÜRK TELEKOM rebound defensive,,,,,,,,,0,49,1.0,def_reb,0,17,0,17
01:00,01:00:00,19,17,2,1,1,REGULAR,3,A. KAHRAMAN,1,2pt,149,,['fastbreak'],jumpshot,1,6,Ata,Kahraman,Ata,Kahraman,A,K,A,K,A. Kahraman,TÜRK TELEKOM,TTK,A. Kahraman,6,,,82.680000305176,19.489999771118,1.0,P2,made,TÜRK TELEKOM A. KAHRAMAN 2Pt made,74.0,1.0,J. USHER,,,,,,2,50,2.0,score,2,19,0,17
01:00,01:00:00,19,17,2,1,1,REGULAR,74,J. USHER,1,assist,150,149,[],,0,8,Jordan Emanuel ,Usher,Jordan Emanuel ,Usher,J,U,J,U,J. Usher,TÜRK TELEKOM,TTK,J. Usher,8,,,,,,ASS,,TÜRK TELEKOM J. USHER assist,,,,,,,,,0,51,1.0,,0,19,0,17
00:44,00:44:70,19,19,0,2,1,REGULAR,99,M. YASAR,1,2pt,151,,['pointsinthepaint'],layup,1,77,Muhsin,Yasar,Muhsin,Yasar,M,Y,M,Y,M. Yasar,GALATASARAY MCT TECHNIC,GSM,M. Yasar,77,,,8.1099996566772,50.279998779297,1.0,P2,made,GALATASARAY MCT TECHNIC M. YASAR 2Pt made,104.0,2.0,F. WHITE JR,,,,,,2,51,1.0,score,0,19,2,19
00:44,00:44:70,19,19,0,2,1,REGULAR,104,F. WHITE JR,1,assist,152,151,[],,0,35,Fabian Christopher,White Jr,Fabian Christopher,White Jr,F,W,F,W,F. White Jr,GALATASARAY MCT TECHNIC,GSM,F. White Jr,35,,,,,,ASS,,GALATASARAY MCT TECHNIC F. WHITE JR assist,,,,,,,,,0,52,2.0,,0,19,0,19
00:26,00:26:00,22,19,3,1,1,REGULAR,76,M. SIMONOVIC,1,3pt,153,,[],jumpshot,1,11,Marko,Simonovic,Marko,Simonovic,M,S,M,S,M. Simonovic,TÜRK TELEKOM,TTK,M. Simonovic,11,,,75.040000915527,18.930000305176,1.0,P3,made,TÜRK TELEKOM M. SIMONOVIC 3Pt made,75.0,1.0,K. ALLMAN,,,,,,3,52,2.0,score,3,22,0,19
00:26,00:26:00,22,19,3,1,1,REGULAR,75,K. ALLMAN,1,assist,154,153,[],,0,1,Kyle Lindsay,Allman,Kyle Lindsay,Allman,K,A,K,A,K. Allman,TÜRK TELEKOM,TTK,K. Allman,1,,,,,,ASS,,TÜRK TELEKOM K. ALLMAN assist,,,,,,,,,0,53,1.0,,0,22,0,19
00:00,00:00:70,22,19,3,2,1,REGULAR,106,J. ROBINSON JR,0,3pt,156,,[],jumpshot,1,1,Jerome Emanuel,Robinson Jr,Jerome Emanuel,Robinson Jr,J,R,J,R,J. Robinson Jr,GALATASARAY MCT TECHNIC,GSM,J. Robinson Jr,1,,,19.030000686646,90.110000610352,0.0,P3,missed,GALATASARAY MCT TECHNIC J. ROBINSON JR 3Pt missed,,,,,,,,,0,53,1.0,,0,22,0,19
00:00,00:00:00,22,19,3,0,1,REGULAR,0,,1,period,159,,['confirmed'],end,0,,,,,,,,,,,,,,,,,,,,OTHER,,period end,,,,,,,,,0,53,1.0,,0,22,0,19
10:00,10:00:00,22,19,3,2,2,REGULAR,104,F. WHITE JR,1,substitution,160,,[],out,0,35,Fabian Christopher,White Jr,Fabian Christopher,White Jr,F,W,F,W,F. White Jr,GALATASARAY MCT TECHNIC,GSM,F. White Jr,35,,,,,,SUB,out,GALATASARAY MCT TECHNIC substitution out,,,,,,,,,0,53,1.0,,0,22,0,19
10:00,10:00:00,22,19,3,2,2,REGULAR,107,R. MEEKS,1,substitution,161,,[],in,0,9,Robinson Jr,Meeks,Robinson Jr,Meeks,R,M,R,M,R. Meeks,GALATASARAY MCT TECHNIC,GSM,R. Meeks,9,,,,,,SUB,in,GALATASARAY MCT TECHNIC substitution in,,,,,,,,,0,53,1.0,,0,22,0,19
10:00,10:00:00,22,19,3,0,2,REGULAR,0,,1,period,162,,[],start,0,,,,,,,,,,,,,,,,,,,,OTHER,,period start,,,,,,,,,0,53,1.0,,0,22,0,19
09:38,09:38:00,22,19,3,2,2,REGULAR,109,W. CUMMINGS,1,turnover,167,,[],travel,0,7,William,Cummings,William,Cummings,W,C,W,C,W. Cummings,GALATASARAY MCT TECHNIC,GSM,W. Cummings,7,,,,,,TO,,GALATASARAY MCT TECHNIC W. CUMMINGS turnover travel,,,,,,,,,0,53,1.0,turnover,0,22,0,19
09:30,09:30:00,24,19,5,1,2,REGULAR,75,K. ALLMAN,1,2pt,169,,"['fromturnover', 'pointsinthepaint']",layup,1,1,Kyle Lindsay,Allman,Kyle Lindsay,Allman,K,A,K,A,K. Allman,TÜRK TELEKOM,TTK,K. Allman,1,,,94.230003356934,43.5,1.0,P2,made,TÜRK TELEKOM K. ALLMAN 2Pt made,,,,,,,,,2,54,2.0,score,2,24,0,19
09:04,09:04:00,24,21,3,2,2,REGULAR,107,R. MEEKS,1,2pt,172,,[],floatingjumpshot,1,9,Robinson Jr,Meeks,Robinson Jr,Meeks,R,M,R,M,R. Meeks,GALATASARAY MCT TECHNIC,GSM,R. Meeks,9,,,9.0500001907349,31.069999694824,1.0,P2,made,GALATASARAY MCT TECHNIC R. MEEKS 2Pt made,109.0,2.0,W. CUMMINGS,,,,,,2,55,1.0,score,0,24,2,21
09:04,09:04:00,24,21,3,2,2,REGULAR,109,W. CUMMINGS,1,assist,173,172,[],,0,7,William,Cummings,William,Cummings,W,C,W,C,W. Cummings,GALATASARAY MCT TECHNIC,GSM,W. Cummings,7,,,,,,ASS,,GALATASARAY MCT TECHNIC W. CUMMINGS assist,,,,,,,,,0,56,2.0,,0,24,0,21
08:52,08:52:00,24,21,3,1,2,REGULAR,75,K. ALLMAN,0,2pt,174,,['pointsinthepaint'],drivinglayup,1,1,Kyle Lindsay,Allman,Kyle Lindsay,Allman,K,A,K,A,K. Allman,TÜRK TELEKOM,TTK,K. Allman,1,,,93.919998168945,57.630001068115,0.0,P2,missed,TÜRK TELEKOM K. ALLMAN 2Pt missed,,,,,,,,,0,56,2.0,def_reb,0,24,0,21
08:51,08:51:00,24,21,3,2,2,REGULAR,99,M. YASAR,1,rebound,176,174,[],defensive,0,77,Muhsin,Yasar,Muhsin,Yasar,M,Y,M,Y,M. Yasar,GALATASARAY MCT TECHNIC,GSM,M. Yasar,77,,,,,,REB,,GALATASARAY MCT TECHNIC rebound defensive,,,,,,,,,0,57,1.0,def_reb,0,24,0,21
08:51,08:51:00,24,21,3,2,2,REGULAR,99,M. YASAR,1,turnover,177,,[],outofbounds,0,77,Muhsin,Yasar,Muhsin,Yasar,M,Y,M,Y,M. Yasar,GALATASARAY MCT TECHNIC,GSM,M. Yasar,77,,,,,,TO,,GALATASARAY MCT TECHNIC M. YASAR turnover outofbounds,,,,,,,,,0,58,2.0,turnover,0,24,0,21
08:43,08:43:00,24,21,3,1,2,REGULAR,76,M. SIMONOVIC,0,3pt,180,,['fromturnover'],jumpshot,1,11,Marko,Simonovic,Marko,Simonovic,M,S,M,S,M. Simonovic,TÜRK TELEKOM,TTK,M. Simonovic,11,,,73.01000213623,82.199996948242,0.0,P3,missed,TÜRK TELEKOM M. SIMONOVIC 3Pt missed,,,,,,,,,0,59,1.0,def_reb,0,24,0,21
08:42,08:42:00,24,21,3,1,2,REGULAR,0,,1,rebound,181,180,['team'],offensive,0,,,,,,,,,,,TÜRK TELEKOM,TTK,,,,,,,,TREB,,TÜRK TELEKOM team rebound offensive,,,,,,,,,0,60,2.0,def_reb,0,24,0,21
08:42,08:42:00,24,21,3,2,2,REGULAR,99,M. YASAR,1,foul,182,,[],personal,0,77,Muhsin,Yasar,Muhsin,Yasar,M,Y,M,Y,M. Yasar,GALATASARAY MCT TECHNIC,GSM,M. Yasar,77,,,,,,FOUL,,GALATASARAY MCT TECHNIC M. YASAR foul personal,,,,,,,,,0,61,1.0,,0,24,0,21
08:42,08:42:00,24,21,3,1,2,REGULAR,78,K. BANKSTON,1,foulon,183,182,[],,0,30,Kristeon Lamar,Bankston,Kristeon Lamar,Bankston,K,B,K,B,K. Bankston,TÜRK TELEKOM,TTK,K. Bankston,30,,,,,,OTHER,,TÜRK TELEKOM foulon,,,,,,,,,0,61,1.0,,0,24,0,21
08:42,08:42:00,24,21,3,1,2,REGULAR,78,K. BANKSTON,1,turnover,184,,[],badpass,0,30,Kristeon Lamar,Bankston,Kristeon Lamar,Bankston,K,B,K,B,K. Bankston,TÜRK TELEKOM,TTK,K. Bankston,30,,,,,,TO,,TÜRK TELEKOM K. BANKSTON turnover badpass,,,,,,,,,0,61,1.0,turnover,0,24,0,21
08:42,08:42:00,24,21,3,2,2,REGULAR,106,J. ROBINSON JR,1,steal,185,184,[],,0,1,Jerome Emanuel,Robinson Jr,Jerome Emanuel,Robinson Jr,J,R,J,R,J. Robinson Jr,GALATASARAY MCT TECHNIC,GSM,J. Robinson Jr,1,,,,,,ST,,GALATASARAY MCT TECHNIC J. ROBINSON JR steal,,,,,,,,,0,62,2.0,,0,24,0,21
08:41,08:41:00,24,23,1,2,2,REGULAR,106,J. ROBINSON JR,1,2pt,187,,"['fromturnover', 'pointsinthepaint', 'fastbreak']",dunk,1,1,Jerome Emanuel,Robinson Jr,Jerome Emanuel,Robinson Jr,J,R,J,R,J. Robinson Jr,GALATASARAY MCT TECHNIC,GSM,J. Robinson Jr,1,,,6.710000038147,53.669998168945,1.0,P2,made,GALATASARAY MCT TECHNIC J. ROBINSON JR 2Pt made,,,,,,,,,2,62,2.0,score,0,24,2,23
08:23,08:23:00,24,23,1,1,2,REGULAR,3,A. KAHRAMAN,0,3pt,188,,[],jumpshot,1,6,Ata,Kahraman,Ata,Kahraman,A,K,A,K,A. Kahraman,TÜRK TELEKOM,TTK,A. Kahraman,6,,,79.720001220703,12.430000305176,0.0,P3,missed,TÜRK TELEKOM A. KAHRAMAN 3Pt missed,,,,,,,,,0,63,1.0,def_reb,0,24,0,23
08:21,08:21:00,24,23,1,2,2,REGULAR,106,J. ROBINSON JR,1,rebound,189,188,[],defensive,0,1,Jerome Emanuel,Robinson Jr,Jerome Emanuel,Robinson Jr,J,R,J,R,J. Robinson Jr,GALATASARAY MCT TECHNIC,GSM,J. Robinson Jr,1,,,,,,REB,,GALATASARAY MCT TECHNIC rebound defensive,,,,,,,,,0,64,2.0,def_reb,0,24,0,23
08:12,08:12:00,24,25,-1,2,2,REGULAR,103,J. PALMER JR,1,2pt,191,,['pointsinthepaint'],drivinglayup,1,12,James Alfred,Palmer Jr,James Alfred,Palmer Jr,J,P,J,P,J. Palmer Jr,GALATASARAY MCT TECHNIC,GSM,J. Palmer Jr,12,,,5.1500000953674,44.630001068115,1.0,P2,made,GALATASARAY MCT TECHNIC J. PALMER JR 2Pt made,,,,,,,,,2,65,1.0,score,0,24,2,25
08:12,08:12:00,24,25,-1,1,2,REGULAR,76,M. SIMONOVIC,1,foul,192,,"['shooting', '1freethrow']",personal,0,11,Marko,Simonovic,Marko,Simonovic,M,S,M,S,M. Simonovic,TÜRK TELEKOM,TTK,M. Simonovic,11,,,,,,FOUL,,TÜRK TELEKOM M. SIMONOVIC foul personal,,,,,,,,,0,66,2.0,,0,24,0,25
08:12,08:12:00,24,25,-1,2,2,REGULAR,103,J. PALMER JR,1,foulon,193,192,[],,0,12,James Alfred,Palmer Jr,James Alfred,Palmer Jr,J,P,J,P,J. Palmer Jr,GALATASARAY MCT TECHNIC,GSM,J. Palmer Jr,12,,,,,,OTHER,,GALATASARAY MCT TECHNIC foulon,,,,,,,,,0,66,2.0,,0,24,0,25
08:12,08:12:00,24,25,-1,1,2,REGULAR,3,A. KAHRAMAN,1,substitution,194,,[],out,0,6,Ata,Kahraman,Ata,Kahraman,A,K,A,K,A. Kahraman,TÜRK TELEKOM,TTK,A. Kahraman,6,,,,,,SUB,out,TÜRK TELEKOM substitution out,,,,,,,,,0,66,2.0,,0,24,0,25
08:12,08:12:00,24,25,-1,1,2,REGULAR,74,J. USHER,1,substitution,195,,[],out,0,8,Jordan Emanuel ,Usher,Jordan Emanuel ,Usher,J,U,J,U,J. Usher,TÜRK TELEKOM,TTK,J. Usher,8,,,,,,SUB,out,TÜRK TELEKOM substitution out,,,,,,,,,0,66,2.0,,0,24,0,25
08:12,08:12:00,24,25,-1,1,2,REGULAR,76,M. SIMONOVIC,1,substitution,196,,[],out,0,11,Marko,Simonovic,Marko,Simonovic,M,S,M,S,M. Simonovic,TÜRK TELEKOM,TTK,M. Simonovic,11,,,,,,SUB,out,TÜRK TELEKOM substitution out,,,,,,,,,0,66,2.0,,0,24,0,25
08:12,08:12:00,24,25,-1,1,2,REGULAR,87,K. ALEXANDER,1,substitution,197,,[],in,0,7,Kyle John Solomon,Alexander,Kyle John Solomon,Alexander,K,A,K,A,K. Alexander,TÜRK TELEKOM,TTK,K. Alexander,7,,,,,,SUB,in,TÜRK TELEKOM substitution in,,,,,,,,,0,66,2.0,,0,24,0,25
08:12,08:12:00,24,25,-1,1,2,REGULAR,77,J. SMITH,1,substitution,198,,[],in,0,9,Jaleen Devon,Smith,Jaleen Devon,Smith,J,S,J,S,J. Smith,TÜRK TELEKOM,TTK,J. Smith,9,,,,,,SUB,in,TÜRK TELEKOM substitution in,,,,,,,,,0,66,2.0,,0,24,0,25
08:12,08:12:00,24,25,-1,1,2,REGULAR,5,D. ÖZDEMIROGLU,1,substitution,199,,[],in,0,18,Dogus,Özdemiroglu,Dogus,Özdemiroglu,D,Ö,D,Ö,D. Özdemiroglu,TÜRK TELEKOM,TTK,D. Özdemiroglu,18,,,,,,SUB,in,TÜRK TELEKOM substitution in,,,,,,,,,0,66,2.0,,0,24,0,25
08:12,08:12:00,24,25,-1,2,2,REGULAR,103,J. PALMER JR,0,freethrow,200,,[],1of1,1,12,James Alfred,Palmer Jr,James Alfred,Palmer Jr,J,P,J,P,J. Palmer Jr,GALATASARAY MCT TECHNIC,GSM,J. Palmer Jr,12,,,,,,FT,missed,GALATASARAY MCT TECHNIC J. PALMER JR FT 1of1 missed,,,,,,,,,0,66,2.0,def_reb,0,24,0,25
08:12,08:12:00,24,25,-1,1,2,REGULAR,0,,1,rebound,201,200,['team'],defensive,0,,,,,,,,,,,TÜRK TELEKOM,TTK,,,,,,,,TREB,,TÜRK TELEKOM team rebound defensive,,,,,,,,,0,67,1.0,def_reb,0,24,0,25
08:12,08:12:00,24,25,-1,2,2,REGULAR,107,R. MEEKS,1,substitution,202,,[],out,0,9,Robinson Jr,Meeks,Robinson Jr,Meeks,R,M,R,M,R. Meeks,GALATASARAY MCT TECHNIC,GSM,R. Meeks,9,,,,,,SUB,out,GALATASARAY MCT TECHNIC substitution out,,,,,,,,,0,68,2.0,,0,24,0,25
08:12,08:12:00,24,25,-1,2,2,REGULAR,103,J. PALMER JR,1,substitution,203,,[],out,0,12,James Alfred,Palmer Jr,James Alfred,Palmer Jr,J,P,J,P,J. Palmer Jr,GALATASARAY MCT TECHNIC,GSM,J. Palmer Jr,12,,,,,,SUB,out,GALATASARAY MCT TECHNIC substitution out,,,,,,,,,0,68,2.0,,0,24,0,25
08:12,08:12:00,24,25,-1,2,2,REGULAR,99,M. YASAR,1,substitution,204,,[],out,0,77,Muhsin,Yasar,Muhsin,Yasar,M,Y,M,Y,M. Yasar,GALATASARAY MCT TECHNIC,GSM,M. Yasar,77,,,,,,SUB,out,GALATASARAY MCT TECHNIC substitution out,,,,,,,,,0,68,2.0,,0,24,0,25
08:12,08:12:00,24,25,-1,2,2,REGULAR,38,A. TUNCER,1,substitution,205,,[],in,0,19,Ahmet Bugrahan,Tuncer,Ahmet Bugrahan,Tuncer,A,T,A,T,A. Tuncer,GALATASARAY MCT TECHNIC,GSM,A. Tuncer,19,,,,,,SUB,in,GALATASARAY MCT TECHNIC substitution in,,,,,,,,,0,68,2.0,,0,24,0,25
08:12,08:12:00,24,25,-1,2,2,REGULAR,105,F. GILLESPIE II,1,substitution,206,,[],in,0,33,Frederick Maurice ,Gillespie Ii,Frederick Maurice ,Gillespie Ii,F,G,F,G,F. Gillespie Ii,GALATASARAY MCT TECHNIC,GSM,F. Gillespie Ii,33,,,,,,SUB,in,GALATASARAY MCT TECHNIC substitution in,,,,,,,,,0,68,2.0,,0,24,0,25
08:12,08:12:00,24,25,-1,2,2,REGULAR,104,F. WHITE JR,1,substitution,207,,[],in,0,35,Fabian Christopher,White Jr,Fabian Christopher,White Jr,F,W,F,W,F. White Jr,GALATASARAY MCT TECHNIC,GSM,F. White Jr,35,,,,,,SUB,in,GALATASARAY MCT TECHNIC substitution in,,,,,,,,,0,68,2.0,,0,24,0,25
07:57,07:57:00,24,25,-1,1,2,REGULAR,75,K. ALLMAN,0,3pt,209,,[],jumpshot,1,1,Kyle Lindsay,Allman,Kyle Lindsay,Allman,K,A,K,A,K. Allman,TÜRK TELEKOM,TTK,K. Allman,1,,,75.199996948242,82.48999786377,0.0,P3,missed,TÜRK TELEKOM K. ALLMAN 3Pt missed,,,,,,,,,0,68,2.0,def_reb,0,24,0,25
07:56,07:56:00,24,25,-1,2,2,REGULAR,109,W. CUMMINGS,1,rebound,210,209,[],defensive,0,7,William,Cummings,William,Cummings,W,C,W,C,W. Cummings,GALATASARAY MCT TECHNIC,GSM,W. Cummings,7,,,,,,REB,,GALATASARAY MCT TECHNIC rebound defensive,,,,,,,,,0,69,1.0,def_reb,0,24,0,25
07:43,07:43:00,24,25,-1,1,2,REGULAR,5,D. ÖZDEMIROGLU,1,foul,212,,[],personal,0,18,Dogus,Özdemiroglu,Dogus,Özdemiroglu,D,Ö,D,Ö,D. Özdemiroglu,TÜRK TELEKOM,TTK,D. Özdemiroglu,18,,,,,,FOUL,,TÜRK TELEKOM D. ÖZDEMIROGLU foul personal,,,,,,,,,0,70,2.0,,0,24,0,25
07:43,07:43:00,24,25,-1,2,2,REGULAR,109,W. CUMMINGS,1,foulon,213,212,[],,0,7,William,Cummings,William,Cummings,W,C,W,C,W. Cummings,GALATASARAY MCT TECHNIC,GSM,W. Cummings,7,,,,,,OTHER,,GALATASARAY MCT TECHNIC foulon,,,,,,,,,0,70,2.0,,0,24,0,25
07:36,07:36:00,24,25,-1,2,2,REGULAR,109,W. CUMMINGS,1,turnover,216,,[],badpass,0,7,William,Cummings,William,Cummings,W,C,W,C,W. Cummings,GALATASARAY MCT TECHNIC,GSM,W. Cummings,7,,,,,,TO,,GALATASARAY MCT TECHNIC W. CUMMINGS turnover badpass,,,,,,,,,0,70,2.0,turnover,0,24,0,25
07:22,07:22:00,24,25,-1,1,2,REGULAR,77,J. SMITH,1,turnover,218,,[],badpass,0,9,Jaleen Devon,Smith,Jaleen Devon,Smith,J,S,J,S,J. Smith,TÜRK TELEKOM,TTK,J. Smith,9,,,,,,TO,,TÜRK TELEKOM J. SMITH turnover badpass,,,,,,,,,0,71,1.0,turnover,0,24,0,25
07:22,07:22:00,24,25,-1,2,2,REGULAR,104,F. WHITE JR,1,steal,219,218,[],,0,35,Fabian Christopher,White Jr,Fabian Christopher,White Jr,F,W,F,W,F. White Jr,GALATASARAY MCT TECHNIC,GSM,F. White Jr,35,,,,,,ST,,GALATASARAY MCT TECHNIC F. WHITE JR steal,,,,,,,,,0,72,2.0,,0,24,0,25
07:18,07:18:00,24,25,-1,1,2,REGULAR,75,K. ALLMAN,1,foul,223,,"['shooting', '2freethrow']",personal,0,1,Kyle Lindsay,Allman,Kyle Lindsay,Allman,K,A,K,A,K. Allman,TÜRK TELEKOM,TTK,K. Allman,1,,,,,,FOUL,,TÜRK TELEKOM K. ALLMAN foul personal,,,,,,,,,0,72,2.0,,0,24,0,25
07:18,07:18:00,24,25,-1,2,2,REGULAR,104,F. WHITE JR,1,foulon,224,223,[],,0,35,Fabian Christopher,White Jr,Fabian Christopher,White Jr,F,W,F,W,F. White Jr,GALATASARAY MCT TECHNIC,GSM,F. White Jr,35,,,,,,OTHER,,GALATASARAY MCT TECHNIC foulon,,,,,,,,,0,72,2.0,,0,24,0,25
07:17,07:17:00,24,26,-2,2,2,REGULAR,104,F. WHITE JR,1,freethrow,225,,"['fastbreak', 'fromturnover']",1of2,1,35,Fabian Christopher,White Jr,Fabian Christopher,White Jr,F,W,F,W,F. White Jr,GALATASARAY MCT TECHNIC,GSM,F. White Jr,35,,,,,,FT,made,GALATASARAY MCT TECHNIC F. WHITE JR FT 1of2 made,,,,,,,,,1,72,2.0,made_ft,0,24,1,26
07:17,07:17:00,24,26,-2,2,2,REGULAR,109,W. CUMMINGS,1,assist,226,225,[],,0,7,William,Cummings,William,Cummings,W,C,W,C,W. Cummings,GALATASARAY MCT TECHNIC,GSM,W. Cummings,7,,,,,,ASS,,GALATASARAY MCT TECHNIC W. CUMMINGS assist,,,,,,,,,0,73,1.0,,0,24,0,26
07:17,07:17:00,24,27,-3,2,2,REGULAR,104,F. WHITE JR,1,freethrow,227,,"['fastbreak', 'fromturnover']",2of2,1,35,Fabian Christopher,White Jr,Fabian Christopher,White Jr,F,W,F,W,F. White Jr,GALATASARAY MCT TECHNIC,GSM,F. White Jr,35,,,,,,FT,made,GALATASARAY MCT TECHNIC F. WHITE JR FT 2of2 made,,,,,,,,,1,73,1.0,made_ft_last,0,24,1,27
07:00,07:00:00,24,27,-3,2,2,REGULAR,38,A. TUNCER,1,foul,230,,[],personal,0,19,Ahmet Bugrahan,Tuncer,Ahmet Bugrahan,Tuncer,A,T,A,T,A. Tuncer,GALATASARAY MCT TECHNIC,GSM,A. Tuncer,19,,,,,,FOUL,,GALATASARAY MCT TECHNIC A. TUNCER foul personal,,,,,,,,,0,74,2.0,,0,24,0,27
07:00,07:00:00,24,27,-3,1,2,REGULAR,5,D. ÖZDEMIROGLU,1,foulon,231,230,[],,0,18,Dogus,Özdemiroglu,Dogus,Özdemiroglu,D,Ö,D,Ö,D. Özdemiroglu,TÜRK TELEKOM,TTK,D. Özdemiroglu,18,,,,,,OTHER,,TÜRK TELEKOM foulon,,,,,,,,,0,74,2.0,,0,24,0,27
07:00,07:00:00,24,27,-3,1,2,REGULAR,75,K. ALLMAN,1,substitution,232,,[],out,0,1,Kyle Lindsay,Allman,Kyle Lindsay,Allman,K,A,K,A,K. Allman,TÜRK TELEKOM,TTK,K. Allman,1,,,,,,SUB,out,TÜRK TELEKOM substitution out,,,,,,,,,0,74,2.0,,0,24,0,27
07:00,07:00:00,24,27,-3,1,2,REGULAR,78,K. BANKSTON,1,substitution,233,,[],out,0,30,Kristeon Lamar,Bankston,Kristeon Lamar,Bankston,K,B,K,B,K. Bankston,TÜRK TELEKOM,TTK,K. Bankston,30,,,,,,SUB,out,TÜRK TELEKOM substitution out,,,,,,,,,0,74,2.0,,0,24,0,27
07:00,07:00:00,24,27,-3,1,2,REGULAR,80,M. DEVOE,1,substitution,234,,[],in,0,0,Michael Jaden,Devoe,Michael Jaden,Devoe,M,D,M,D,M. Devoe,TÜRK TELEKOM,TTK,M. Devoe,0,,,,,,SUB,in,TÜRK TELEKOM substitution in,,,,,,,,,0,74,2.0,,0,24,0,27
07:00,07:00:00,24,27,-3,1,2,REGULAR,7,B. DURMAZ,1,substitution,235,,[],in,0,3,Berkan,Durmaz,Berkan,Durmaz,B,D,B,D,B. Durmaz,TÜRK TELEKOM,TTK,B. Durmaz,3,,,,,,SUB,in,TÜRK TELEKOM substitution in,,,,,,,,,0,74,2.0,,0,24,0,27
06:45,06:45:00,24,27,-3,1,2,REGULAR,5,D. ÖZDEMIROGLU,1,turnover,237,,[],ballhandling,0,18,Dogus,Özdemiroglu,Dogus,Özdemiroglu,D,Ö,D,Ö,D. Özdemiroglu,TÜRK TELEKOM,TTK,D. Özdemiroglu,18,,,,,,TO,,TÜRK TELEKOM D. ÖZDEMIROGLU turnover ballhandling,,,,,,,,,0,74,2.0,turnover,0,24,0,27
06:45,06:45:00,24,27,-3,2,2,REGULAR,105,F. GILLESPIE II,1,steal,238,237,[],,0,33,Frederick Maurice ,Gillespie Ii,Frederick Maurice ,Gillespie Ii,F,G,F,G,F. Gillespie Ii,GALATASARAY MCT TECHNIC,GSM,F. Gillespie Ii,33,,,,,,ST,,GALATASARAY MCT TECHNIC F. GILLESPIE II steal,,,,,,,,,0,75,1.0,,0,24,0,27
06:31,06:31:00,24,27,-3,2,2,REGULAR,38,A. TUNCER,0,3pt,239,,['fromturnover'],jumpshot,1,19,Ahmet Bugrahan,Tuncer,Ahmet Bugrahan,Tuncer,A,T,A,T,A. Tuncer,GALATASARAY MCT TECHNIC,GSM,A. Tuncer,19,,,20.75,91.23999786377,0.0,P3,missed,GALATASARAY MCT TECHNIC A. TUNCER 3Pt missed,,,,,,,,,0,75,1.0,,0,24,0,27
06:28,06:28:00,24,27,-3,2,2,REGULAR,104,F. WHITE JR,1,rebound,240,239,[],offensive,0,35,Fabian Christopher,White Jr,Fabian Christopher,White Jr,F,W,F,W,F. White Jr,GALATASARAY MCT TECHNIC,GSM,F. White Jr,35,,,,,,REB,,GALATASARAY MCT TECHNIC rebound offensive,,,,,,,,,0,75,1.0,,0,24,0,27
06:25,06:25:00,24,27,-3,2,2,REGULAR,104,F. WHITE JR,0,2pt,241,,"['2ndchance', 'fromturnover', 'pointsinthepaint']",turnaroundjumpshot,1,35,Fabian Christopher,White Jr,Fabian Christopher,White Jr,F,W,F,W,F. White Jr,GALATASARAY MCT TECHNIC,GSM,F. White Jr,35,,,6.4000000953674,57.909999847412,0.0,P2,missed,GALATASARAY MCT TECHNIC F. WHITE JR 2Pt missed,,,,,,,,,0,75,1.0,,0,24,0,27
06:23,06:23:00,24,27,-3,2,2,REGULAR,104,F. WHITE JR,1,rebound,243,241,[],offensive,0,35,Fabian Christopher,White Jr,Fabian Christopher,White Jr,F,W,F,W,F. White Jr,GALATASARAY MCT TECHNIC,GSM,F. White Jr,35,,,,,,REB,,GALATASARAY MCT TECHNIC rebound offensive,,,,,,,,,0,75,1.0,,0,24,0,27
06:23,06:23:00,24,27,-3,2,2,REGULAR,104,F. WHITE JR,0,2pt,244,,"['2ndchance', 'fromturnover', 'pointsinthepaint', 'blocked']",jumpshot,1,35,Fabian Christopher,White Jr,Fabian Christopher,White Jr,F,W,F,W,F. White Jr,GALATASARAY MCT TECHNIC,GSM,F. White Jr,35,,,9.1999998092651,54.520000457764,0.0,P2,missed,GALATASARAY MCT TECHNIC F. WHITE JR 2Pt missed,,,,87.0,1.0,K. ALEXANDER,,,0,75,1.0,,0,24,0,27
06:23,06:23:00,24,27,-3,1,2,REGULAR,87,K. ALEXANDER,1,block,245,244,[],,0,7,Kyle John Solomon,Alexander,Kyle John Solomon,Alexander,K,A,K,A,K. Alexander,TÜRK TELEKOM,TTK,K. Alexander,7,,,,,,BS,,TÜRK TELEKOM K. ALEXANDER block,,,,,,,,,0,75,1.0,,0,24,0,27
06:23,06:23:00,24,27,-3,2,2,REGULAR,104,F. WHITE JR,1,rebound,246,244,[],offensive,0,35,Fabian Christopher,White Jr,Fabian Christopher,White Jr,F,W,F,W,F. White Jr,GALATASARAY MCT TECHNIC,GSM,F. White Jr,35,,,,,,REB,,GALATASARAY MCT TECHNIC rebound offensive,,,,,,,,,0,75,1.0,,0,24,0,27
06:23,06:23:00,24,27,-3,2,2,REGULAR,104,F. WHITE JR,1,turnover,247,,[],travel,0,35,Fabian Christopher,White Jr,Fabian Christopher,White Jr,F,W,F,W,F. White Jr,GALATASARAY MCT TECHNIC,GSM,F. White Jr,35,,,,,,TO,,GALATASARAY MCT TECHNIC F. WHITE JR turnover travel,,,,,,,,,0,75,1.0,turnover,0,24,0,27
06:13,06:13:00,24,27,-3,2,2,REGULAR,105,F. GILLESPIE II,1,foul,250,,"['shooting', '2freethrow']",personal,0,33,Frederick Maurice ,Gillespie Ii,Frederick Maurice ,Gillespie Ii,F,G,F,G,F. Gillespie Ii,GALATASARAY MCT TECHNIC,GSM,F. Gillespie Ii,33,,,,,,FOUL,,GALATASARAY MCT TECHNIC F. GILLESPIE II foul personal,,,,,,,,,0,76,2.0,,0,24,0,27
06:13,06:13:00,24,27,-3,1,2,REGULAR,7,B. DURMAZ,1,foulon,251,250,[],,0,3,Berkan,Durmaz,Berkan,Durmaz,B,D,B,D,B. Durmaz,TÜRK TELEKOM,TTK,B. Durmaz,3,,,,,,OTHER,,TÜRK TELEKOM foulon,,,,,,,,,0,76,2.0,,0,24,0,27
06:13,06:13:00,24,27,-3,2,2,REGULAR,105,F. GILLESPIE II,1,foul,252,,['1freethrow'],technical,0,33,Frederick Maurice ,Gillespie Ii,Frederick Maurice ,Gillespie Ii,F,G,F,G,F. Gillespie Ii,GALATASARAY MCT TECHNIC,GSM,F. Gillespie Ii,33,,,,,,FOUL,,GALATASARAY MCT TECHNIC F. GILLESPIE II foul technical,,,,,,,,,0,76,2.0,,0,24,0,27
06:13,06:13:00,24,27,-3,2,2,REGULAR,105,F. GILLESPIE II,1,substitution,253,,[],out,0,33,Frederick Maurice ,Gillespie Ii,Frederick Maurice ,Gillespie Ii,F,G,F,G,F. Gillespie Ii,GALATASARAY MCT TECHNIC,GSM,F. Gillespie Ii,33,,,,,,SUB,out,GALATASARAY MCT TECHNIC substitution out,,,,,,,,,0,76,2.0,,0,24,0,27
06:13,06:13:00,24,27,-3,2,2,REGULAR,108,C. BISHOP,1,substitution,254,,[],in,0,13,Christian Angelo ,Bishop,Christian Angelo ,Bishop,C,B,C,B,C. Bishop,GALATASARAY MCT TECHNIC,GSM,C. Bishop,13,,,,,,SUB,in,GALATASARAY MCT TECHNIC substitution in,,,,,,,,,0,76,2.0,,0,24,0,27
06:13,06:13:00,25,27,-2,1,2,REGULAR,77,J. SMITH,1,freethrow,255,,[],1of1,1,9,Jaleen Devon,Smith,Jaleen Devon,Smith,J,S,J,S,J. Smith,TÜRK TELEKOM,TTK,J. Smith,9,,,,,,FT,made,TÜRK TELEKOM J. SMITH FT 1of1 made,,,,,,,,,1,76,2.0,made_ft_last,1,25,0,27
06:13,06:13:00,26,27,-1,1,2,REGULAR,7,B. DURMAZ,1,freethrow,256,,['fromturnover'],1of2,1,3,Berkan,Durmaz,Berkan,Durmaz,B,D,B,D,B. Durmaz,TÜRK TELEKOM,TTK,B. Durmaz,3,,,,,,FT,made,TÜRK TELEKOM B. DURMAZ FT 1of2 made,,,,,,,,,1,77,1.0,made_ft,1,26,0,27
06:13,06:13:00,27,27,0,1,2,REGULAR,7,B. DURMAZ,1,freethrow,257,,['fromturnover'],2of2,1,3,Berkan,Durmaz,Berkan,Durmaz,B,D,B,D,B. Durmaz,TÜRK TELEKOM,TTK,B. Durmaz,3,,,,,,FT,made,TÜRK TELEKOM B. DURMAZ FT 2of2 made,,,,,,,,,1,78,2.0,made_ft_last,1,27,0,27
06:04,06:04:00,27,27,0,2,2,REGULAR,38,A. TUNCER,1,turnover,259,,[],badpass,0,19,Ahmet Bugrahan,Tuncer,Ahmet Bugrahan,Tuncer,A,T,A,T,A. Tuncer,GALATASARAY MCT TECHNIC,GSM,A. Tuncer,19,,,,,,TO,,GALATASARAY MCT TECHNIC A. TUNCER turnover badpass,,,,,,,,,0,79,1.0,turnover,0,27,0,27
06:04,06:04:00,27,27,0,1,2,REGULAR,80,M. DEVOE,1,steal,260,259,[],,0,0,Michael Jaden,Devoe,Michael Jaden,Devoe,M,D,M,D,M. Devoe,TÜRK TELEKOM,TTK,M. Devoe,0,,,,,,ST,,TÜRK TELEKOM M. DEVOE steal,,,,,,,,,0,80,2.0,,0,27,0,27
05:58,05:58:00,27,27,0,1,2,REGULAR,7,B. DURMAZ,0,3pt,261,,['fromturnover'],jumpshot,1,3,Berkan,Durmaz,Berkan,Durmaz,B,D,B,D,B. Durmaz,TÜRK TELEKOM,TTK,B. Durmaz,3,,,95.319999694824,3.9500000476837,0.0,P3,missed,TÜRK TELEKOM B. DURMAZ 3Pt missed,,,,,,,,,0,80,2.0,def_reb,0,27,0,27
05:55,05:55:00,27,27,0,2,2,REGULAR,104,F. WHITE JR,1,rebound,262,261,[],defensive,0,35,Fabian Christopher,White Jr,Fabian Christopher,White Jr,F,W,F,W,F. White Jr,GALATASARAY MCT TECHNIC,GSM,F. White Jr,35,,,,,,REB,,GALATASARAY MCT TECHNIC rebound defensive,,,,,,,,,0,81,1.0,def_reb,0,27,0,27
05:35,05:35:00,27,27,0,2,2,REGULAR,104,F. WHITE JR,0,2pt,263,,['pointsinthepaint'],layup,1,35,Fabian Christopher,White Jr,Fabian Christopher,White Jr,F,W,F,W,F. White Jr,GALATASARAY MCT TECHNIC,GSM,F. White Jr,35,,,7.6399998664856,49.720001220703,0.0,P2,missed,GALATASARAY MCT TECHNIC F. WHITE JR 2Pt missed,,,,,,,,,0,82,2.0,def_reb,0,27,0,27
05:33,05:33:00,27,27,0,1,2,REGULAR,87,K. ALEXANDER,1,rebound,264,263,[],defensive,0,7,Kyle John Solomon,Alexander,Kyle John Solomon,Alexander,K,A,K,A,K. Alexander,TÜRK TELEKOM,TTK,K. Alexander,7,,,,,,REB,,TÜRK TELEKOM rebound defensive,,,,,,,,,0,83,1.0,def_reb,0,27,0,27
05:23,05:23:00,27,27,0,1,2,REGULAR,87,K. ALEXANDER,0,3pt,265,,[],jumpshot,1,7,Kyle John Solomon,Alexander,Kyle John Solomon,Alexander,K,A,K,A,K. Alexander,TÜRK TELEKOM,TTK,K. Alexander,7,,,68.800003051758,49.720001220703,0.0,P3,missed,TÜRK TELEKOM K. ALEXANDER 3Pt missed,,,,,,,,,0,84,2.0,def_reb,0,27,0,27
05:21,05:21:00,27,27,0,2,2,REGULAR,104,F. WHITE JR,1,rebound,266,265,[],defensive,0,35,Fabian Christopher,White Jr,Fabian Christopher,White Jr,F,W,F,W,F. White Jr,GALATASARAY MCT TECHNIC,GSM,F. White Jr,35,,,,,,REB,,GALATASARAY MCT TECHNIC rebound defensive,,,,,,,,,0,85,1.0,def_reb,0,27,0,27
05:01,05:01:00,27,29,-2,2,2,REGULAR,109,W. CUMMINGS,1,2pt,268,,['pointsinthepaint'],drivinglayup,1,7,William,Cummings,William,Cummings,W,C,W,C,W. Cummings,GALATASARAY MCT TECHNIC,GSM,W. Cummings,7,,,6.5500001907349,46.610000610352,1.0,P2,made,GALATASARAY MCT TECHNIC W. CUMMINGS 2Pt made,,,,,,,,,2,86,2.0,score,0,27,2,29
05:01,05:01:00,27,29,-2,1,2,REGULAR,87,K. ALEXANDER,1,foul,269,,"['shooting', '1freethrow']",personal,0,7,Kyle John Solomon,Alexander,Kyle John Solomon,Alexander,K,A,K,A,K. Alexander,TÜRK TELEKOM,TTK,K. Alexander,7,,,,,,FOUL,,TÜRK TELEKOM K. ALEXANDER foul personal,,,,,,,,,0,87,1.0,,0,27,0,29
05:01,05:01:00,27,29,-2,2,2,REGULAR,109,W. CUMMINGS,1,foulon,270,269,[],,0,7,William,Cummings,William,Cummings,W,C,W,C,W. Cummings,GALATASARAY MCT TECHNIC,GSM,W. Cummings,7,,,,,,OTHER,,GALATASARAY MCT TECHNIC foulon,,,,,,,,,0,87,1.0,,0,27,0,29
05:01,05:01:00,27,29,-2,2,2,REGULAR,109,W. CUMMINGS,0,freethrow,271,,[],1of1,1,7,William,Cummings,William,Cummings,W,C,W,C,W. Cummings,GALATASARAY MCT TECHNIC,GSM,W. Cummings,7,,,,,,FT,missed,GALATASARAY MCT TECHNIC W. CUMMINGS FT 1of1 missed,,,,,,,,,0,87,1.0,,0,27,0,29
05:01,05:01:00,27,29,-2,2,2,REGULAR,104,F. WHITE JR,1,rebound,273,271,[],offensive,0,35,Fabian Christopher,White Jr,Fabian Christopher,White Jr,F,W,F,W,F. White Jr,GALATASARAY MCT TECHNIC,GSM,F. White Jr,35,,,,,,REB,,GALATASARAY MCT TECHNIC rebound offensive,,,,,,,,,0,87,1.0,,0,27,0,29
04:49,04:49:00,27,29,-2,2,2,REGULAR,106,J. ROBINSON JR,0,2pt,274,,"['2ndchance', 'pointsinthepaint']",drivinglayup,1,1,Jerome Emanuel,Robinson Jr,Jerome Emanuel,Robinson Jr,J,R,J,R,J. Robinson Jr,GALATASARAY MCT TECHNIC,GSM,J. Robinson Jr,1,,,5.9299998283386,43.790000915527,0.0,P2,missed,GALATASARAY MCT TECHNIC J. ROBINSON JR 2Pt missed,,,,,,,,,0,87,1.0,,0,27,0,29
04:46,04:46:00,27,29,-2,2,2,REGULAR,106,J. ROBINSON JR,1,rebound,275,274,[],offensive,0,1,Jerome Emanuel,Robinson Jr,Jerome Emanuel,Robinson Jr,J,R,J,R,J. Robinson Jr,GALATASARAY MCT TECHNIC,GSM,J. Robinson Jr,1,,,,,,REB,,GALATASARAY MCT TECHNIC rebound offensive,,,,,,,,,0,87,1.0,,0,27,0,29
04:43,04:43:00,27,29,-2,2,2,REGULAR,38,A. TUNCER,0,3pt,276,,['2ndchance'],jumpshot,1,19,Ahmet Bugrahan,Tuncer,Ahmet Bugrahan,Tuncer,A,T,A,T,A. Tuncer,GALATASARAY MCT TECHNIC,GSM,A. Tuncer,19,,,30.579999923706,41.240001678467,0.0,P3,missed,GALATASARAY MCT TECHNIC A. TUNCER 3Pt missed,,,,,,,,,0,87,1.0,def_reb,0,27,0,29
04:41,04:41:00,27,29,-2,1,2,REGULAR,80,M. DEVOE,1,rebound,277,276,[],defensive,0,0,Michael Jaden,Devoe,Michael Jaden,Devoe,M,D,M,D,M. Devoe,TÜRK TELEKOM,TTK,M. Devoe,0,,,,,,REB,,TÜRK TELEKOM rebound defensive,,,,,,,,,0,88,2.0,def_reb,0,27,0,29
04:36,04:36:00,27,29,-2,2,2,REGULAR,38,A. TUNCER,1,foul,281,,"['shooting', '2freethrow']",personal,0,19,Ahmet Bugrahan,Tuncer,Ahmet Bugrahan,Tuncer,A,T,A,T,A. Tuncer,GALATASARAY MCT TECHNIC,GSM,A. Tuncer,19,,,,,,FOUL,,GALATASARAY MCT TECHNIC A. TUNCER foul personal,,,,,,,,,0,89,1.0,,0,27,0,29
04:36,04:36:00,27,29,-2,1,2,REGULAR,80,M. DEVOE,1,foulon,282,281,[],,0,0,Michael Jaden,Devoe,Michael Jaden,Devoe,M,D,M,D,M. Devoe,TÜRK TELEKOM,TTK,M. Devoe,0,,,,,,OTHER,,TÜRK TELEKOM foulon,,,,,,,,,0,89,1.0,,0,27,0,29
04:35,04:35:00,27,29,-2,0,2,REGULAR,0,,1,timeout,283,,[],officials,0,,,,,,,,,,,,,,,,,,,,TIMEOUT,, timeout,,,,,,,,,0,89,1.0,,0,27,0,29
04:35,04:35:00,27,29,-2,1,2,REGULAR,7,B. DURMAZ,1,substitution,284,,[],out,0,3,Berkan,Durmaz,Berkan,Durmaz,B,D,B,D,B. Durmaz,TÜRK TELEKOM,TTK,B. Durmaz,3,,,,,,SUB,out,TÜRK TELEKOM substitution out,,,,,,,,,0,89,1.0,,0,27,0,29
04:35,04:35:00,27,29,-2,1,2,REGULAR,76,M. SIMONOVIC,1,substitution,285,,[],in,0,11,Marko,Simonovic,Marko,Simonovic,M,S,M,S,M. Simonovic,TÜRK TELEKOM,TTK,M. Simonovic,11,,,,,,SUB,in,TÜRK TELEKOM substitution in,,,,,,,,,0,89,1.0,,0,27,0,29
04:35,04:35:00,27,29,-2,2,2,REGULAR,109,W. CUMMINGS,1,substitution,286,,[],out,0,7,William,Cummings,William,Cummings,W,C,W,C,W. Cummings,GALATASARAY MCT TECHNIC,GSM,W. Cummings,7,,,,,,SUB,out,GALATASARAY MCT TECHNIC substitution out,,,,,,,,,0,89,1.0,,0,27,0,29
04:35,04:35:00,27,29,-2,2,2,REGULAR,103,J. PALMER JR,1,substitution,287,,[],in,0,12,James Alfred,Palmer Jr,James Alfred,Palmer Jr,J,P,J,P,J. Palmer Jr,GALATASARAY MCT TECHNIC,GSM,J. Palmer Jr,12,,,,,,SUB,in,GALATASARAY MCT TECHNIC substitution in,,,,,,,,,0,89,1.0,,0,27,0,29
04:35,04:35:00,28,29,-1,1,2,REGULAR,80,M. DEVOE,1,freethrow,288,,['fastbreak'],1of2,1,0,Michael Jaden,Devoe,Michael Jaden,Devoe,M,D,M,D,M. Devoe,TÜRK TELEKOM,TTK,M. Devoe,0,,,,,,FT,made,TÜRK TELEKOM M. DEVOE FT 1of2 made,,,,,,,,,1,89,1.0,made_ft,1,28,0,29
04:35,04:35:00,29,29,0,1,2,REGULAR,80,M. DEVOE,1,freethrow,289,,['fastbreak'],2of2,1,0,Michael Jaden,Devoe,Michael Jaden,Devoe,M,D,M,D,M. Devoe,TÜRK TELEKOM,TTK,M. Devoe,0,,,,,,FT,made,TÜRK TELEKOM M. DEVOE FT 2of2 made,,,,,,,,,1,90,2.0,made_ft_last,1,29,0,29
04:20,04:20:00,29,31,-2,2,2,REGULAR,108,C. BISHOP,1,2pt,291,,['pointsinthepaint'],dunk,1,13,Christian Angelo ,Bishop,Christian Angelo ,Bishop,C,B,C,B,C. Bishop,GALATASARAY MCT TECHNIC,GSM,C. Bishop,13,,,5.3000001907349,55.369998931885,1.0,P2,made,GALATASARAY MCT TECHNIC C. BISHOP 2Pt made,103.0,2.0,J. PALMER JR,,,,,,2,91,1.0,score,0,29,2,31
04:20,04:20:00,29,31,-2,2,2,REGULAR,103,J. PALMER JR,1,assist,293,291,[],,0,12,James Alfred,Palmer Jr,James Alfred,Palmer Jr,J,P,J,P,J. Palmer Jr,GALATASARAY MCT TECHNIC,GSM,J. Palmer Jr,12,,,,,,ASS,,GALATASARAY MCT TECHNIC J. PALMER JR assist,,,,,,,,,0,92,2.0,,0,29,0,31
04:04,04:04:00,29,31,-2,2,2,REGULAR,108,C. BISHOP,1,foul,296,,['2freethrow'],personal,0,13,Christian Angelo ,Bishop,Christian Angelo ,Bishop,C,B,C,B,C. Bishop,GALATASARAY MCT TECHNIC,GSM,C. Bishop,13,,,,,,FOUL,,GALATASARAY MCT TECHNIC C. BISHOP foul personal,,,,,,,,,0,92,2.0,,0,29,0,31
04:04,04:04:00,29,31,-2,1,2,REGULAR,87,K. ALEXANDER,1,foulon,297,296,[],,0,7,Kyle John Solomon,Alexander,Kyle John Solomon,Alexander,K,A,K,A,K. Alexander,TÜRK TELEKOM,TTK,K. Alexander,7,,,,,,OTHER,,TÜRK TELEKOM foulon,,,,,,,,,0,92,2.0,,0,29,0,31
04:04,04:04:00,30,31,-1,1,2,REGULAR,87,K. ALEXANDER,1,freethrow,298,,[],1of2,1,7,Kyle John Solomon,Alexander,Kyle John Solomon,Alexander,K,A,K,A,K. Alexander,TÜRK TELEKOM,TTK,K. Alexander,7,,,,,,FT,made,TÜRK TELEKOM K. ALEXANDER FT 1of2 made,,,,,,,,,1,92,2.0,made_ft,1,30,0,31
04:04,04:04:00,30,31,-1,1,2,REGULAR,87,K. ALEXANDER,0,freethrow,299,,[],2of2,1,7,Kyle John Solomon,Alexander,Kyle John Solomon,Alexander,K,A,K,A,K. Alexander,TÜRK TELEKOM,TTK,K. Alexander,7,,,,,,FT,missed,TÜRK TELEKOM K. ALEXANDER FT 2of2 missed,,,,,,,,,0,93,1.0,def_reb,0,30,0,31
04:04,04:04:00,30,31,-1,2,2,REGULAR,108,C. BISHOP,1,rebound,301,299,[],defensive,0,13,Christian Angelo ,Bishop,Christian Angelo ,Bishop,C,B,C,B,C. Bishop,GALATASARAY MCT TECHNIC,GSM,C. Bishop,13,,,,,,REB,,GALATASARAY MCT TECHNIC rebound defensive,,,,,,,,,0,94,2.0,def_reb,0,30,0,31
03:40,03:40:00,30,33,-3,2,2,REGULAR,103,J. PALMER JR,1,2pt,302,,[],fadeaway,1,12,James Alfred,Palmer Jr,James Alfred,Palmer Jr,J,P,J,P,J. Palmer Jr,GALATASARAY MCT TECHNIC,GSM,J. Palmer Jr,12,,,21.530000686646,33.330001831055,1.0,P2,made,GALATASARAY MCT TECHNIC J. PALMER JR 2Pt made,,,,,,,,,2,95,1.0,score,0,30,2,33
03:13,03:13:00,30,33,-3,1,2,REGULAR,5,D. ÖZDEMIROGLU,0,2pt,303,,['pointsinthepaint'],drivinglayup,1,18,Dogus,Özdemiroglu,Dogus,Özdemiroglu,D,Ö,D,Ö,D. Özdemiroglu,TÜRK TELEKOM,TTK,D. Özdemiroglu,18,,,92.980003356934,50.279998779297,0.0,P2,missed,TÜRK TELEKOM D. ÖZDEMIROGLU 2Pt missed,,,,,,,,,0,96,2.0,,0,30,0,33
03:11,03:11:00,30,33,-3,1,2,REGULAR,87,K. ALEXANDER,1,rebound,304,303,[],offensive,0,7,Kyle John Solomon,Alexander,Kyle John Solomon,Alexander,K,A,K,A,K. Alexander,TÜRK TELEKOM,TTK,K. Alexander,7,,,,,,REB,,TÜRK TELEKOM rebound offensive,,,,,,,,,0,96,2.0,,0,30,0,33
03:08,03:08:00,33,33,0,1,2,REGULAR,76,M. SIMONOVIC,1,3pt,305,,['2ndchance'],jumpshot,1,11,Marko,Simonovic,Marko,Simonovic,M,S,M,S,M. Simonovic,TÜRK TELEKOM,TTK,M. Simonovic,11,,,71.139999389648,30.790000915527,1.0,P3,made,TÜRK TELEKOM M. SIMONOVIC 3Pt made,77.0,1.0,J. SMITH,,,,,,3,96,2.0,score,3,33,0,33
03:08,03:08:00,33,33,0,1,2,REGULAR,77,J. SMITH,1,assist,306,305,[],,0,9,Jaleen Devon,Smith,Jaleen Devon,Smith,J,S,J,S,J. Smith,TÜRK TELEKOM,TTK,J. Smith,9,,,,,,ASS,,TÜRK TELEKOM J. SMITH assist,,,,,,,,,0,97,1.0,,0,33,0,33
02:51,02:51:00,33,33,0,1,2,REGULAR,80,M. DEVOE,1,foul,308,,['2freethrow'],personal,0,0,Michael Jaden,Devoe,Michael Jaden,Devoe,M,D,M,D,M. Devoe,TÜRK TELEKOM,TTK,M. Devoe,0,,,,,,FOUL,,TÜRK TELEKOM M. DEVOE foul personal,,,,,,,,,0,97,1.0,,0,33,0,33
02:51,02:51:00,33,33,0,2,2,REGULAR,38,A. TUNCER,1,foulon,309,308,[],,0,19,Ahmet Bugrahan,Tuncer,Ahmet Bugrahan,Tuncer,A,T,A,T,A. Tuncer,GALATASARAY MCT TECHNIC,GSM,A. Tuncer,19,,,,,,OTHER,,GALATASARAY MCT TECHNIC foulon,,,,,,,,,0,97,1.0,,0,33,0,33
02:51,02:51:00,33,33,0,1,2,REGULAR,80,M. DEVOE,1,substitution,310,,[],out,0,0,Michael Jaden,Devoe,Michael Jaden,Devoe,M,D,M,D,M. Devoe,TÜRK TELEKOM,TTK,M. Devoe,0,,,,,,SUB,out,TÜRK TELEKOM substitution out,,,,,,,,,0,97,1.0,,0,33,0,33
02:51,02:51:00,33,33,0,1,2,REGULAR,75,K. ALLMAN,1,substitution,311,,[],in,0,1,Kyle Lindsay,Allman,Kyle Lindsay,Allman,K,A,K,A,K. Allman,TÜRK TELEKOM,TTK,K. Allman,1,,,,,,SUB,in,TÜRK TELEKOM substitution in,,,,,,,,,0,97,1.0,,0,33,0,33
02:51,02:51:00,33,34,-1,2,2,REGULAR,38,A. TUNCER,1,freethrow,312,,[],1of2,1,19,Ahmet Bugrahan,Tuncer,Ahmet Bugrahan,Tuncer,A,T,A,T,A. Tuncer,GALATASARAY MCT TECHNIC,GSM,A. Tuncer,19,,,,,,FT,made,GALATASARAY MCT TECHNIC A. TUNCER FT 1of2 made,,,,,,,,,1,97,1.0,made_ft,0,33,1,34
02:51,02:51:00,33,35,-2,2,2,REGULAR,38,A. TUNCER,1,freethrow,313,,[],2of2,1,19,Ahmet Bugrahan,Tuncer,Ahmet Bugrahan,Tuncer,A,T,A,T,A. Tuncer,GALATASARAY MCT TECHNIC,GSM,A. Tuncer,19,,,,,,FT,made,GALATASARAY MCT TECHNIC A. TUNCER FT 2of2 made,,,,,,,,,1,98,2.0,made_ft_last,0,33,1,35
02:38,02:38:00,36,35,1,1,2,REGULAR,76,M. SIMONOVIC,1,3pt,315,,[],jumpshot,1,11,Marko,Simonovic,Marko,Simonovic,M,S,M,S,M. Simonovic,TÜRK TELEKOM,TTK,M. Simonovic,11,,,67.860000610352,46.889999389648,1.0,P3,made,TÜRK TELEKOM M. SIMONOVIC 3Pt made,75.0,1.0,K. ALLMAN,,,,,,3,99,1.0,score,3,36,0,35
02:38,02:38:00,36,35,1,1,2,REGULAR,75,K. ALLMAN,1,assist,316,315,[],,0,1,Kyle Lindsay,Allman,Kyle Lindsay,Allman,K,A,K,A,K. Allman,TÜRK TELEKOM,TTK,K. Allman,1,,,,,,ASS,,TÜRK TELEKOM K. ALLMAN assist,,,,,,,,,0,100,2.0,,0,36,0,35
02:17,02:17:00,36,38,-2,2,2,REGULAR,103,J. PALMER JR,1,3pt,317,,[],jumpshot,1,12,James Alfred,Palmer Jr,James Alfred,Palmer Jr,J,P,J,P,J. Palmer Jr,GALATASARAY MCT TECHNIC,GSM,J. Palmer Jr,12,,,29.020000457764,75.709999084473,1.0,P3,made,GALATASARAY MCT TECHNIC J. PALMER JR 3Pt made,,,,,,,,,3,100,2.0,score,0,36,3,38
02:07,02:07:00,36,38,-2,2,2,REGULAR,106,J. ROBINSON JR,1,foul,319,,['2freethrow'],personal,0,1,Jerome Emanuel,Robinson Jr,Jerome Emanuel,Robinson Jr,J,R,J,R,J. Robinson Jr,GALATASARAY MCT TECHNIC,GSM,J. Robinson Jr,1,,,,,,FOUL,,GALATASARAY MCT TECHNIC J. ROBINSON JR foul personal,,,,,,,,,0,101,1.0,,0,36,0,38
02:07,02:07:00,36,38,-2,1,2,REGULAR,75,K. ALLMAN,1,foulon,320,319,[],,0,1,Kyle Lindsay,Allman,Kyle Lindsay,Allman,K,A,K,A,K. Allman,TÜRK TELEKOM,TTK,K. Allman,1,,,,,,OTHER,,TÜRK TELEKOM foulon,,,,,,,,,0,101,1.0,,0,36,0,38
02:07,02:07:00,37,38,-1,1,2,REGULAR,75,K. ALLMAN,1,freethrow,321,,[],1of2,1,1,Kyle Lindsay,Allman,Kyle Lindsay,Allman,K,A,K,A,K. Allman,TÜRK TELEKOM,TTK,K. Allman,1,,,,,,FT,made,TÜRK TELEKOM K. ALLMAN FT 1of2 made,,,,,,,,,1,101,1.0,made_ft,1,37,0,38
02:07,02:07:00,38,38,0,1,2,REGULAR,75,K. ALLMAN,1,freethrow,322,,[],2of2,1,1,Kyle Lindsay,Allman,Kyle Lindsay,Allman,K,A,K,A,K. Allman,TÜRK TELEKOM,TTK,K. Allman,1,,,,,,FT,made,TÜRK TELEKOM K. ALLMAN FT 2of2 made,,,,,,,,,1,102,2.0,made_ft_last,1,38,0,38
02:07,02:07:00,38,38,0,2,2,REGULAR,0,,1,timeout,323,,[],full,0,,,,,,,,,,,GALATASARAY MCT TECHNIC,GSM,,,,,,,,TIMEOUT,,GALATASARAY MCT TECHNIC timeout,,,,,,,,,0,103,1.0,,0,38,0,38
02:07,02:07:00,38,38,0,1,2,REGULAR,75,K. ALLMAN,1,substitution,324,,[],out,0,1,Kyle Lindsay,Allman,Kyle Lindsay,Allman,K,A,K,A,K. Allman,TÜRK TELEKOM,TTK,K. Allman,1,,,,,,SUB,out,TÜRK TELEKOM substitution out,,,,,,,,,0,103,1.0,,0,38,0,38
02:07,02:07:00,38,38,0,1,2,REGULAR,74,J. USHER,1,substitution,325,,[],in,0,8,Jordan Emanuel ,Usher,Jordan Emanuel ,Usher,J,U,J,U,J. Usher,TÜRK TELEKOM,TTK,J. Usher,8,,,,,,SUB,in,TÜRK TELEKOM substitution in,,,,,,,,,0,103,1.0,,0,38,0,38
01:47,01:47:00,38,38,0,2,2,REGULAR,108,C. BISHOP,0,2pt,327,,"['pointsinthepaint', 'blocked']",jumpshot,1,13,Christian Angelo ,Bishop,Christian Angelo ,Bishop,C,B,C,B,C. Bishop,GALATASARAY MCT TECHNIC,GSM,C. Bishop,13,,,8.5799999237061,54.240001678467,0.0,P2,missed,GALATASARAY MCT TECHNIC C. BISHOP 2Pt missed,,,,76.0,1.0,M. SIMONOVIC,,,0,103,1.0,,0,38,0,38
01:47,01:47:00,38,38,0,1,2,REGULAR,76,M. SIMONOVIC,1,block,328,327,[],,0,11,Marko,Simonovic,Marko,Simonovic,M,S,M,S,M. Simonovic,TÜRK TELEKOM,TTK,M. Simonovic,11,,,,,,BS,,TÜRK TELEKOM M. SIMONOVIC block,,,,,,,,,0,103,1.0,,0,38,0,38
01:44,01:44:00,38,38,0,2,2,REGULAR,108,C. BISHOP,1,rebound,329,327,[],offensive,0,13,Christian Angelo ,Bishop,Christian Angelo ,Bishop,C,B,C,B,C. Bishop,GALATASARAY MCT TECHNIC,GSM,C. Bishop,13,,,,,,REB,,GALATASARAY MCT TECHNIC rebound offensive,,,,,,,,,0,103,1.0,,0,38,0,38
01:43,01:43:00,38,40,-2,2,2,REGULAR,108,C. BISHOP,1,2pt,330,,"['2ndchance', 'pointsinthepaint']",reverselayup,1,13,Christian Angelo ,Bishop,Christian Angelo ,Bishop,C,B,C,B,C. Bishop,GALATASARAY MCT TECHNIC,GSM,C. Bishop,13,,,4.9899997711182,43.790000915527,1.0,P2,made,GALATASARAY MCT TECHNIC C. BISHOP 2Pt made,,,,,,,,,2,103,1.0,score,0,38,2,40
01:25,01:25:00,41,40,1,1,2,REGULAR,5,D. ÖZDEMIROGLU,1,3pt,331,,[],jumpshot,1,18,Dogus,Özdemiroglu,Dogus,Özdemiroglu,D,Ö,D,Ö,D. Özdemiroglu,TÜRK TELEKOM,TTK,D. Özdemiroglu,18,,,70.51000213623,71.75,1.0,P3,made,TÜRK TELEKOM D. ÖZDEMIROGLU 3Pt made,,,,,,,,,3,104,2.0,score,3,41,0,40
01:02,01:02:00,41,40,1,2,2,REGULAR,38,A. TUNCER,1,turnover,334,,[],badpass,0,19,Ahmet Bugrahan,Tuncer,Ahmet Bugrahan,Tuncer,A,T,A,T,A. Tuncer,GALATASARAY MCT TECHNIC,GSM,A. Tuncer,19,,,,,,TO,,GALATASARAY MCT TECHNIC A. TUNCER turnover badpass,,,,,,,,,0,105,1.0,turnover,0,41,0,40
01:02,01:02:00,41,40,1,1,2,REGULAR,77,J. SMITH,1,steal,335,334,[],,0,9,Jaleen Devon,Smith,Jaleen Devon,Smith,J,S,J,S,J. Smith,TÜRK TELEKOM,TTK,J. Smith,9,,,,,,ST,,TÜRK TELEKOM J. SMITH steal,,,,,,,,,0,106,2.0,,0,41,0,40
00:45,00:45:40,43,40,3,1,2,REGULAR,87,K. ALEXANDER,1,2pt,336,,"['fromturnover', 'pointsinthepaint']",jumpshot,1,7,Kyle John Solomon,Alexander,Kyle John Solomon,Alexander,K,A,K,A,K. Alexander,TÜRK TELEKOM,TTK,K. Alexander,7,,,94.849998474121,48.310001373291,1.0,P2,made,TÜRK TELEKOM K. ALEXANDER 2Pt made,77.0,1.0,J. SMITH,,,,,,2,106,2.0,score,2,43,0,40
00:45,00:45:40,43,40,3,1,2,REGULAR,77,J. SMITH,1,assist,337,336,[],,0,9,Jaleen Devon,Smith,Jaleen Devon,Smith,J,S,J,S,J. Smith,TÜRK TELEKOM,TTK,J. Smith,9,,,,,,ASS,,TÜRK TELEKOM J. SMITH assist,,,,,,,,,0,107,1.0,,0,43,0,40
00:36,00:36:40,43,40,3,2,2,REGULAR,106,J. ROBINSON JR,1,turnover,338,,[],badpass,0,1,Jerome Emanuel,Robinson Jr,Jerome Emanuel,Robinson Jr,J,R,J,R,J. Robinson Jr,GALATASARAY MCT TECHNIC,GSM,J. Robinson Jr,1,,,,,,TO,,GALATASARAY MCT TECHNIC J. ROBINSON JR turnover badpass,,,,,,,,,0,107,1.0,turnover,0,43,0,40
00:36,00:36:40,43,40,3,1,2,REGULAR,77,J. SMITH,1,steal,339,338,[],,0,9,Jaleen Devon,Smith,Jaleen Devon,Smith,J,S,J,S,J. Smith,TÜRK TELEKOM,TTK,J. Smith,9,,,,,,ST,,TÜRK TELEKOM J. SMITH steal,,,,,,,,,0,108,2.0,,0,43,0,40
00:33,00:33:70,46,40,6,1,2,REGULAR,77,J. SMITH,1,3pt,341,,"['fromturnover', 'fastbreak']",jumpshot,1,9,Jaleen Devon,Smith,Jaleen Devon,Smith,J,S,J,S,J. Smith,TÜRK TELEKOM,TTK,J. Smith,9,,,80.660003662109,91.529998779297,1.0,P3,made,TÜRK TELEKOM J. SMITH 3Pt made,,,,,,,,,3,108,2.0,score,3,46,0,40
00:33,00:33:70,46,40,6,2,2,REGULAR,0,,1,timeout,342,,[],full,0,,,,,,,,,,,GALATASARAY MCT TECHNIC,GSM,,,,,,,,TIMEOUT,,GALATASARAY MCT TECHNIC timeout,,,,,,,,,0,109,1.0,,0,46,0,40
00:33,00:33:70,46,40,6,1,2,REGULAR,5,D. ÖZDEMIROGLU,1,substitution,343,,[],out,0,18,Dogus,Özdemiroglu,Dogus,Özdemiroglu,D,Ö,D,Ö,D. Özdemiroglu,TÜRK TELEKOM,TTK,D. Özdemiroglu,18,,,,,,SUB,out,TÜRK TELEKOM substitution out,,,,,,,,,0,109,1.0,,0,46,0,40
00:33,00:33:70,46,40,6,1,2,REGULAR,7,B. DURMAZ,1,substitution,344,,[],in,0,3,Berkan,Durmaz,Berkan,Durmaz,B,D,B,D,B. Durmaz,TÜRK TELEKOM,TTK,B. Durmaz,3,,,,,,SUB,in,TÜRK TELEKOM substitution in,,,,,,,,,0,109,1.0,,0,46,0,40
00:33,00:33:70,46,40,6,2,2,REGULAR,106,J. ROBINSON JR,1,substitution,345,,[],out,0,1,Jerome Emanuel,Robinson Jr,Jerome Emanuel,Robinson Jr,J,R,J,R,J. Robinson Jr,GALATASARAY MCT TECHNIC,GSM,J. Robinson Jr,1,,,,,,SUB,out,GALATASARAY MCT TECHNIC substitution out,,,,,,,,,0,109,1.0,,0,46,0,40
00:33,00:33:70,46,40,6,2,2,REGULAR,38,A. TUNCER,1,substitution,346,,[],out,0,19,Ahmet Bugrahan,Tuncer,Ahmet Bugrahan,Tuncer,A,T,A,T,A. Tuncer,GALATASARAY MCT TECHNIC,GSM,A. Tuncer,19,,,,,,SUB,out,GALATASARAY MCT TECHNIC substitution out,,,,,,,,,0,109,1.0,,0,46,0,40
00:33,00:33:70,46,40,6,2,2,REGULAR,104,F. WHITE JR,1,substitution,347,,[],out,0,35,Fabian Christopher,White Jr,Fabian Christopher,White Jr,F,W,F,W,F. White Jr,GALATASARAY MCT TECHNIC,GSM,F. White Jr,35,,,,,,SUB,out,GALATASARAY MCT TECHNIC substitution out,,,,,,,,,0,109,1.0,,0,46,0,40
00:33,00:33:70,46,40,6,2,2,REGULAR,109,W. CUMMINGS,1,substitution,348,,[],in,0,7,William,Cummings,William,Cummings,W,C,W,C,W. Cummings,GALATASARAY MCT TECHNIC,GSM,W. Cummings,7,,,,,,SUB,in,GALATASARAY MCT TECHNIC substitution in,,,,,,,,,0,109,1.0,,0,46,0,40
00:33,00:33:70,46,40,6,2,2,REGULAR,71,C. KORKMAZ,1,substitution,349,,[],in,0,8,Can,Korkmaz,Can,Korkmaz,C,K,C,K,C. Korkmaz,GALATASARAY MCT TECHNIC,GSM,C. Korkmaz,8,,,,,,SUB,in,GALATASARAY MCT TECHNIC substitution in,,,,,,,,,0,109,1.0,,0,46,0,40
00:33,00:33:70,46,40,6,2,2,REGULAR,107,R. MEEKS,1,substitution,350,,[],in,0,9,Robinson Jr,Meeks,Robinson Jr,Meeks,R,M,R,M,R. Meeks,GALATASARAY MCT TECHNIC,GSM,R. Meeks,9,,,,,,SUB,in,GALATASARAY MCT TECHNIC substitution in,,,,,,,,,0,109,1.0,,0,46,0,40
00:16,00:16:50,46,40,6,2,2,REGULAR,103,J. PALMER JR,0,3pt,352,,[],jumpshot,1,12,James Alfred,Palmer Jr,James Alfred,Palmer Jr,J,P,J,P,J. Palmer Jr,GALATASARAY MCT TECHNIC,GSM,J. Palmer Jr,12,,,25.270000457764,19.770000457764,0.0,P3,missed,GALATASARAY MCT TECHNIC J. PALMER JR 3Pt missed,,,,,,,,,0,109,1.0,def_reb,0,46,0,40
00:13,00:13:70,46,40,6,1,2,REGULAR,87,K. ALEXANDER,1,rebound,353,352,[],defensive,0,7,Kyle John Solomon,Alexander,Kyle John Solomon,Alexander,K,A,K,A,K. Alexander,TÜRK TELEKOM,TTK,K. Alexander,7,,,,,,REB,,TÜRK TELEKOM rebound defensive,,,,,,,,,0,110,2.0,def_reb,0,46,0,40
00:00,00:00:60,46,40,6,1,2,REGULAR,74,J. USHER,1,foul,355,,[],offensive,0,8,Jordan Emanuel ,Usher,Jordan Emanuel ,Usher,J,U,J,U,J. Usher,TÜRK TELEKOM,TTK,J. Usher,8,,,,,,RFOUL,,TÜRK TELEKOM J. USHER foul offensive,,,,,,,,,0,111,1.0,offensive_foul,0,46,0,40
00:00,00:00:60,46,40,6,1,2,REGULAR,74,J. USHER,1,turnover,356,355,[],offensive,0,8,Jordan Emanuel ,Usher,Jordan Emanuel ,Usher,J,U,J,U,J. Usher,TÜRK TELEKOM,TTK,J. Usher,8,,,,,,TO,,TÜRK TELEKOM J. USHER turnover offensive,,,,,,,,,0,112,2.0,turnover,0,46,0,40
00:00,00:00:60,46,40,6,2,2,REGULAR,71,C. KORKMAZ,1,foulon,357,355,[],,0,8,Can,Korkmaz,Can,Korkmaz,C,K,C,K,C. Korkmaz,GALATASARAY MCT TECHNIC,GSM,C. Korkmaz,8,,,,,,OTHER,,GALATASARAY MCT TECHNIC foulon,,,,,,,,,0,113,1.0,,0,46,0,40
00:00,00:00:00,46,40,6,0,2,REGULAR,0,,1,period,360,,['confirmed'],end,0,,,,,,,,,,,,,,,,,,,,OTHER,,period end,,,,,,,,,0,113,1.0,,0,46,0,40
10:00,10:00:00,46,40,6,1,3,REGULAR,7,B. DURMAZ,1,substitution,361,,[],out,0,3,Berkan,Durmaz,Berkan,Durmaz,B,D,B,D,B. Durmaz,TÜRK TELEKOM,TTK,B. Durmaz,3,,,,,,SUB,out,TÜRK TELEKOM substitution out,,,,,,,,,0,113,1.0,,0,46,0,40
10:00,10:00:00,46,40,6,1,3,REGULAR,5,D. ÖZDEMIROGLU,1,substitution,362,,[],in,0,18,Dogus,Özdemiroglu,Dogus,Özdemiroglu,D,Ö,D,Ö,D. Özdemiroglu,TÜRK TELEKOM,TTK,D. Özdemiroglu,18,,,,,,SUB,in,TÜRK TELEKOM substitution in,,,,,,,,,0,113,1.0,,0,46,0,40
10:00,10:00:00,46,40,6,2,3,REGULAR,71,C. KORKMAZ,1,substitution,363,,[],out,0,8,Can,Korkmaz,Can,Korkmaz,C,K,C,K,C. Korkmaz,GALATASARAY MCT TECHNIC,GSM,C. Korkmaz,8,,,,,,SUB,out,GALATASARAY MCT TECHNIC substitution out,,,,,,,,,0,113,1.0,,0,46,0,40
10:00,10:00:00,46,40,6,2,3,REGULAR,107,R. MEEKS,1,substitution,364,,[],out,0,9,Robinson Jr,Meeks,Robinson Jr,Meeks,R,M,R,M,R. Meeks,GALATASARAY MCT TECHNIC,GSM,R. Meeks,9,,,,,,SUB,out,GALATASARAY MCT TECHNIC substitution out,,,,,,,,,0,113,1.0,,0,46,0,40
10:00,10:00:00,46,40,6,2,3,REGULAR,108,C. BISHOP,1,substitution,365,,[],out,0,13,Christian Angelo ,Bishop,Christian Angelo ,Bishop,C,B,C,B,C. Bishop,GALATASARAY MCT TECHNIC,GSM,C. Bishop,13,,,,,,SUB,out,GALATASARAY MCT TECHNIC substitution out,,,,,,,,,0,113,1.0,,0,46,0,40
10:00,10:00:00,46,40,6,2,3,REGULAR,106,J. ROBINSON JR,1,substitution,366,,[],in,0,1,Jerome Emanuel,Robinson Jr,Jerome Emanuel,Robinson Jr,J,R,J,R,J. Robinson Jr,GALATASARAY MCT TECHNIC,GSM,J. Robinson Jr,1,,,,,,SUB,in,GALATASARAY MCT TECHNIC substitution in,,,,,,,,,0,113,1.0,,0,46,0,40
10:00,10:00:00,46,40,6,2,3,REGULAR,104,F. WHITE JR,1,substitution,367,,[],in,0,35,Fabian Christopher,White Jr,Fabian Christopher,White Jr,F,W,F,W,F. White Jr,GALATASARAY MCT TECHNIC,GSM,F. White Jr,35,,,,,,SUB,in,GALATASARAY MCT TECHNIC substitution in,,,,,,,,,0,113,1.0,,0,46,0,40
10:00,10:00:00,46,40,6,2,3,REGULAR,99,M. YASAR,1,substitution,368,,[],in,0,77,Muhsin,Yasar,Muhsin,Yasar,M,Y,M,Y,M. Yasar,GALATASARAY MCT TECHNIC,GSM,M. Yasar,77,,,,,,SUB,in,GALATASARAY MCT TECHNIC substitution in,,,,,,,,,0,113,1.0,,0,46,0,40
10:00,10:00:00,46,40,6,0,3,REGULAR,0,,1,period,369,,[],start,0,,,,,,,,,,,,,,,,,,,,OTHER,,period start,,,,,,,,,0,113,1.0,,0,46,0,40
09:48,09:48:00,46,40,6,2,3,REGULAR,103,J. PALMER JR,1,foul,374,,[],personal,0,12,James Alfred,Palmer Jr,James Alfred,Palmer Jr,J,P,J,P,J. Palmer Jr,GALATASARAY MCT TECHNIC,GSM,J. Palmer Jr,12,,,,,,FOUL,,GALATASARAY MCT TECHNIC J. PALMER JR foul personal,,,,,,,,,0,113,1.0,,0,46,0,40
09:48,09:48:00,46,40,6,1,3,REGULAR,74,J. USHER,1,foulon,375,374,[],,0,8,Jordan Emanuel ,Usher,Jordan Emanuel ,Usher,J,U,J,U,J. Usher,TÜRK TELEKOM,TTK,J. Usher,8,,,,,,OTHER,,TÜRK TELEKOM foulon,,,,,,,,,0,113,1.0,,0,46,0,40
09:42,09:42:00,46,40,6,1,3,REGULAR,77,J. SMITH,1,turnover,377,,[],badpass,0,9,Jaleen Devon,Smith,Jaleen Devon,Smith,J,S,J,S,J. Smith,TÜRK TELEKOM,TTK,J. Smith,9,,,,,,TO,,TÜRK TELEKOM J. SMITH turnover badpass,,,,,,,,,0,113,1.0,turnover,0,46,0,40
09:42,09:42:00,46,40,6,2,3,REGULAR,99,M. YASAR,1,steal,378,377,[],,0,77,Muhsin,Yasar,Muhsin,Yasar,M,Y,M,Y,M. Yasar,GALATASARAY MCT TECHNIC,GSM,M. Yasar,77,,,,,,ST,,GALATASARAY MCT TECHNIC M. YASAR steal,,,,,,,,,0,114,2.0,,0,46,0,40
09:34,09:34:00,46,43,3,2,3,REGULAR,104,F. WHITE JR,1,3pt,379,,"['fromturnover', 'fastbreak']",jumpshot,1,35,Fabian Christopher,White Jr,Fabian Christopher,White Jr,F,W,F,W,F. White Jr,GALATASARAY MCT TECHNIC,GSM,F. White Jr,35,,,96.720001220703,3.6700000762939,1.0,P3,made,GALATASARAY MCT TECHNIC F. WHITE JR 3Pt made,109.0,2.0,W. CUMMINGS,,,,,,3,114,2.0,score,0,46,3,43
09:34,09:34:00,46,43,3,2,3,REGULAR,109,W. CUMMINGS,1,assist,380,379,[],,0,7,William,Cummings,William,Cummings,W,C,W,C,W. Cummings,GALATASARAY MCT TECHNIC,GSM,W. Cummings,7,,,,,,ASS,,GALATASARAY MCT TECHNIC W. CUMMINGS assist,,,,,,,,,0,115,1.0,,0,46,0,43
09:15,09:15:00,46,43,3,1,3,REGULAR,74,J. USHER,0,2pt,381,,"['pointsinthepaint', 'blocked']",layup,1,8,Jordan Emanuel ,Usher,Jordan Emanuel ,Usher,J,U,J,U,J. Usher,TÜRK TELEKOM,TTK,J. Usher,8,,,6.2399997711182,47.459999084473,0.0,P2,missed,TÜRK TELEKOM J. USHER 2Pt missed,,,,103.0,2.0,J. PALMER JR,,,0,115,1.0,,0,46,0,43
09:15,09:15:00,46,43,3,2,3,REGULAR,103,J. PALMER JR,1,block,382,381,[],,0,12,James Alfred,Palmer Jr,James Alfred,Palmer Jr,J,P,J,P,J. Palmer Jr,GALATASARAY MCT TECHNIC,GSM,J. Palmer Jr,12,,,,,,BS,,GALATASARAY MCT TECHNIC J. PALMER JR block,,,,,,,,,0,115,1.0,,0,46,0,43
09:10,09:10:00,46,43,3,2,3,REGULAR,99,M. YASAR,1,rebound,383,381,[],defensive,0,77,Muhsin,Yasar,Muhsin,Yasar,M,Y,M,Y,M. Yasar,GALATASARAY MCT TECHNIC,GSM,M. Yasar,77,,,,,,REB,,GALATASARAY MCT TECHNIC rebound defensive,,,,,,,,,0,115,1.0,def_reb,0,46,0,43
08:58,08:58:00,46,43,3,2,3,REGULAR,106,J. ROBINSON JR,0,3pt,384,,[],jumpshot,1,1,Jerome Emanuel,Robinson Jr,Jerome Emanuel,Robinson Jr,J,R,J,R,J. Robinson Jr,GALATASARAY MCT TECHNIC,GSM,J. Robinson Jr,1,,,92.51000213623,95.199996948242,0.0,P3,missed,GALATASARAY MCT TECHNIC J. ROBINSON JR 3Pt missed,,,,,,,,,0,116,2.0,,0,46,0,43
08:55,08:55:00,46,43,3,2,3,REGULAR,109,W. CUMMINGS,1,rebound,385,384,[],offensive,0,7,William,Cummings,William,Cummings,W,C,W,C,W. Cummings,GALATASARAY MCT TECHNIC,GSM,W. Cummings,7,,,,,,REB,,GALATASARAY MCT TECHNIC rebound offensive,,,,,,,,,0,116,2.0,,0,46,0,43
08:55,08:55:00,46,45,1,2,3,REGULAR,99,M. YASAR,1,2pt,386,,"['2ndchance', 'pointsinthepaint']",reverselayup,1,77,Muhsin,Yasar,Muhsin,Yasar,M,Y,M,Y,M. Yasar,GALATASARAY MCT TECHNIC,GSM,M. Yasar,77,,,93.599998474121,53.669998168945,1.0,P2,made,GALATASARAY MCT TECHNIC M. YASAR 2Pt made,109.0,2.0,W. CUMMINGS,,,,,,2,116,2.0,score,0,46,2,45
08:55,08:55:00,46,45,1,2,3,REGULAR,109,W. CUMMINGS,1,assist,387,386,[],,0,7,William,Cummings,William,Cummings,W,C,W,C,W. Cummings,GALATASARAY MCT TECHNIC,GSM,W. Cummings,7,,,,,,ASS,,GALATASARAY MCT TECHNIC W. CUMMINGS assist,,,,,,,,,0,117,1.0,,0,46,0,45
08:38,08:38:00,46,45,1,1,3,REGULAR,5,D. ÖZDEMIROGLU,0,2pt,388,,['pointsinthepaint'],pullupjumpshot,1,18,Dogus,Özdemiroglu,Dogus,Özdemiroglu,D,Ö,D,Ö,D. Özdemiroglu,TÜRK TELEKOM,TTK,D. Özdemiroglu,18,,,16.85000038147,61.580001831055,0.0,P2,missed,TÜRK TELEKOM D. ÖZDEMIROGLU 2Pt missed,,,,,,,,,0,117,1.0,,0,46,0,45
08:32,08:32:00,46,45,1,1,3,REGULAR,5,D. ÖZDEMIROGLU,1,rebound,389,388,[],offensive,0,18,Dogus,Özdemiroglu,Dogus,Özdemiroglu,D,Ö,D,Ö,D. Özdemiroglu,TÜRK TELEKOM,TTK,D. Özdemiroglu,18,,,,,,REB,,TÜRK TELEKOM rebound offensive,,,,,,,,,0,117,1.0,,0,46,0,45
08:32,08:32:00,48,45,3,1,3,REGULAR,5,D. ÖZDEMIROGLU,1,2pt,390,,"['2ndchance', 'pointsinthepaint']",tipinlayup,1,18,Dogus,Özdemiroglu,Dogus,Özdemiroglu,D,Ö,D,Ö,D. Özdemiroglu,TÜRK TELEKOM,TTK,D. Özdemiroglu,18,,,6.0,50.0,1.0,P2,made,TÜRK TELEKOM D. ÖZDEMIROGLU 2Pt made,,,,,,,,,2,117,1.0,score,2,48,0,45
08:18,08:18:00,48,47,1,2,3,REGULAR,109,W. CUMMINGS,1,2pt,392,,['pointsinthepaint'],drivinglayup,1,7,William,Cummings,William,Cummings,W,C,W,C,W. Cummings,GALATASARAY MCT TECHNIC,GSM,W. Cummings,7,,,94.230003356934,45.200000762939,1.0,P2,made,GALATASARAY MCT TECHNIC W. CUMMINGS 2Pt made,,,,,,,,,2,118,2.0,score,0,48,2,47
08:00,08:00:00,48,47,1,1,3,REGULAR,77,J. SMITH,1,turnover,394,,[],badpass,0,9,Jaleen Devon,Smith,Jaleen Devon,Smith,J,S,J,S,J. Smith,TÜRK TELEKOM,TTK,J. Smith,9,,,,,,TO,,TÜRK TELEKOM J. SMITH turnover badpass,,,,,,,,,0,119,1.0,turnover,0,48,0,47
08:00,08:00:00,48,47,1,2,3,REGULAR,99,M. YASAR,1,steal,396,394,[],,0,77,Muhsin,Yasar,Muhsin,Yasar,M,Y,M,Y,M. Yasar,GALATASARAY MCT TECHNIC,GSM,M. Yasar,77,,,,,,ST,,GALATASARAY MCT TECHNIC M. YASAR steal,,,,,,,,,0,120,2.0,,0,48,0,47
07:59,07:59:00,48,47,1,1,3,REGULAR,5,D. ÖZDEMIROGLU,1,foul,397,,[],personal,0,18,Dogus,Özdemiroglu,Dogus,Özdemiroglu,D,Ö,D,Ö,D. Özdemiroglu,TÜRK TELEKOM,TTK,D. Özdemiroglu,18,,,,,,FOUL,,TÜRK TELEKOM D. ÖZDEMIROGLU foul personal,,,,,,,,,0,120,2.0,,0,48,0,47
07:59,07:59:00,48,47,1,2,3,REGULAR,109,W. CUMMINGS,1,foulon,398,397,[],,0,7,William,Cummings,William,Cummings,W,C,W,C,W. Cummings,GALATASARAY MCT TECHNIC,GSM,W. Cummings,7,,,,,,OTHER,,GALATASARAY MCT TECHNIC foulon,,,,,,,,,0,120,2.0,,0,48,0,47
07:59,07:59:00,48,47,1,1,3,REGULAR,77,J. SMITH,1,substitution,399,,[],out,0,9,Jaleen Devon,Smith,Jaleen Devon,Smith,J,S,J,S,J. Smith,TÜRK TELEKOM,TTK,J. Smith,9,,,,,,SUB,out,TÜRK TELEKOM substitution out,,,,,,,,,0,120,2.0,,0,48,0,47
07:59,07:59:00,48,47,1,1,3,REGULAR,80,M. DEVOE,1,substitution,400,,[],in,0,0,Michael Jaden,Devoe,Michael Jaden,Devoe,M,D,M,D,M. Devoe,TÜRK TELEKOM,TTK,M. Devoe,0,,,,,,SUB,in,TÜRK TELEKOM substitution in,,,,,,,,,0,120,2.0,,0,48,0,47
07:43,07:43:00,48,47,1,2,3,REGULAR,109,W. CUMMINGS,0,2pt,402,,"['fromturnover', 'pointsinthepaint']",floatingjumpshot,1,7,William,Cummings,William,Cummings,W,C,W,C,W. Cummings,GALATASARAY MCT TECHNIC,GSM,W. Cummings,7,,,88.919998168945,54.799999237061,0.0,P2,missed,GALATASARAY MCT TECHNIC W. CUMMINGS 2Pt missed,,,,,,,,,0,120,2.0,def_reb,0,48,0,47
07:40,07:40:00,48,47,1,1,3,REGULAR,76,M. SIMONOVIC,1,rebound,403,402,[],defensive,0,11,Marko,Simonovic,Marko,Simonovic,M,S,M,S,M. Simonovic,TÜRK TELEKOM,TTK,M. Simonovic,11,,,,,,REB,,TÜRK TELEKOM rebound defensive,,,,,,,,,0,121,1.0,def_reb,0,48,0,47
07:29,07:29:00,48,47,1,1,3,REGULAR,76,M. SIMONOVIC,0,2pt,404,,['pointsinthepaint'],layup,1,11,Marko,Simonovic,Marko,Simonovic,M,S,M,S,M. Simonovic,TÜRK TELEKOM,TTK,M. Simonovic,11,,,8.2700004577637,49.439998626709,0.0,P2,missed,TÜRK TELEKOM M. SIMONOVIC 2Pt missed,,,,,,,,,0,122,2.0,def_reb,0,48,0,47
07:25,07:25:00,48,47,1,2,3,REGULAR,99,M. YASAR,1,rebound,405,404,[],defensive,0,77,Muhsin,Yasar,Muhsin,Yasar,M,Y,M,Y,M. Yasar,GALATASARAY MCT TECHNIC,GSM,M. Yasar,77,,,,,,REB,,GALATASARAY MCT TECHNIC rebound defensive,,,,,,,,,0,123,1.0,def_reb,0,48,0,47
07:20,07:20:00,48,49,-1,2,3,REGULAR,106,J. ROBINSON JR,1,2pt,406,,"['pointsinthepaint', 'fastbreak']",layup,1,1,Jerome Emanuel,Robinson Jr,Jerome Emanuel,Robinson Jr,J,R,J,R,J. Robinson Jr,GALATASARAY MCT TECHNIC,GSM,J. Robinson Jr,1,,,91.419998168945,53.950000762939,1.0,P2,made,GALATASARAY MCT TECHNIC J. ROBINSON JR 2Pt made,103.0,2.0,J. PALMER JR,,,,,,2,124,2.0,score,0,48,2,49
07:20,07:20:00,48,49,-1,2,3,REGULAR,103,J. PALMER JR,1,assist,407,406,[],,0,12,James Alfred,Palmer Jr,James Alfred,Palmer Jr,J,P,J,P,J. Palmer Jr,GALATASARAY MCT TECHNIC,GSM,J. Palmer Jr,12,,,,,,ASS,,GALATASARAY MCT TECHNIC J. PALMER JR assist,,,,,,,,,0,125,1.0,,0,48,0,49
07:02,07:02:00,48,49,-1,1,3,REGULAR,87,K. ALEXANDER,0,2pt,408,,['pointsinthepaint'],jumpshot,1,7,Kyle John Solomon,Alexander,Kyle John Solomon,Alexander,K,A,K,A,K. Alexander,TÜRK TELEKOM,TTK,K. Alexander,7,,,17.0,52.819999694824,0.0,P2,missed,TÜRK TELEKOM K. ALEXANDER 2Pt missed,,,,,,,,,0,125,1.0,def_reb,0,48,0,49
07:00,07:00:00,48,49,-1,2,3,REGULAR,104,F. WHITE JR,1,rebound,409,408,[],defensive,0,35,Fabian Christopher,White Jr,Fabian Christopher,White Jr,F,W,F,W,F. White Jr,GALATASARAY MCT TECHNIC,GSM,F. White Jr,35,,,,,,REB,,GALATASARAY MCT TECHNIC rebound defensive,,,,,,,,,0,126,2.0,def_reb,0,48,0,49
06:51,06:51:00,48,51,-3,2,3,REGULAR,99,M. YASAR,1,2pt,410,,[],floatingjumpshot,1,77,Muhsin,Yasar,Muhsin,Yasar,M,Y,M,Y,M. Yasar,GALATASARAY MCT TECHNIC,GSM,M. Yasar,77,,,88.459999084473,67.51000213623,1.0,P2,made,GALATASARAY MCT TECHNIC M. YASAR 2Pt made,103.0,2.0,J. PALMER JR,,,,,,2,127,1.0,score,0,48,2,51
06:51,06:51:00,48,51,-3,2,3,REGULAR,103,J. PALMER JR,1,assist,411,410,[],,0,12,James Alfred,Palmer Jr,James Alfred,Palmer Jr,J,P,J,P,J. Palmer Jr,GALATASARAY MCT TECHNIC,GSM,J. Palmer Jr,12,,,,,,ASS,,GALATASARAY MCT TECHNIC J. PALMER JR assist,,,,,,,,,0,128,2.0,,0,48,0,51
06:36,06:36:00,48,51,-3,2,3,REGULAR,103,J. PALMER JR,1,foul,413,,"['shooting', '2freethrow']",personal,0,12,James Alfred,Palmer Jr,James Alfred,Palmer Jr,J,P,J,P,J. Palmer Jr,GALATASARAY MCT TECHNIC,GSM,J. Palmer Jr,12,,,,,,FOUL,,GALATASARAY MCT TECHNIC J. PALMER JR foul personal,,,,,,,,,0,128,2.0,,0,48,0,51
06:36,06:36:00,48,51,-3,1,3,REGULAR,74,J. USHER,1,foulon,414,413,[],,0,8,Jordan Emanuel ,Usher,Jordan Emanuel ,Usher,J,U,J,U,J. Usher,TÜRK TELEKOM,TTK,J. Usher,8,,,,,,OTHER,,TÜRK TELEKOM foulon,,,,,,,,,0,128,2.0,,0,48,0,51
06:36,06:36:00,48,51,-3,1,3,REGULAR,74,J. USHER,0,freethrow,415,,[],1of2,1,8,Jordan Emanuel ,Usher,Jordan Emanuel ,Usher,J,U,J,U,J. Usher,TÜRK TELEKOM,TTK,J. Usher,8,,,,,,FT,missed,TÜRK TELEKOM J. USHER FT 1of2 missed,,,,,,,,,0,128,2.0,def_reb,0,48,0,51
06:36,06:36:00,48,51,-3,1,3,REGULAR,0,,1,rebound,416,415,[],offensivedeadball,0,,,,,,,,,,,TÜRK TELEKOM,TTK,,,,,,,,TREB,,TÜRK TELEKOM team rebound offensivedeadball,,,,,,,,,0,129,1.0,def_reb,0,48,0,51
06:36,06:36:00,49,51,-2,1,3,REGULAR,74,J. USHER,1,freethrow,417,,[],2of2,1,8,Jordan Emanuel ,Usher,Jordan Emanuel ,Usher,J,U,J,U,J. Usher,TÜRK TELEKOM,TTK,J. Usher,8,,,,,,FT,made,TÜRK TELEKOM J. USHER FT 2of2 made,,,,,,,,,1,130,2.0,made_ft_last,1,49,0,51
06:13,06:13:00,49,54,-5,2,3,REGULAR,103,J. PALMER JR,1,3pt,421,,[],jumpshot,1,12,James Alfred,Palmer Jr,James Alfred,Palmer Jr,J,P,J,P,J. Palmer Jr,GALATASARAY MCT TECHNIC,GSM,J. Palmer Jr,12,,,75.660003662109,17.799999237061,1.0,P3,made,GALATASARAY MCT TECHNIC J. PALMER JR 3Pt made,,,,,,,,,3,131,1.0,score,0,49,3,54
06:02,06:02:00,49,54,-5,2,3,REGULAR,109,W. CUMMINGS,1,foul,423,,"['shooting', '2freethrow']",personal,0,7,William,Cummings,William,Cummings,W,C,W,C,W. Cummings,GALATASARAY MCT TECHNIC,GSM,W. Cummings,7,,,,,,FOUL,,GALATASARAY MCT TECHNIC W. CUMMINGS foul personal,,,,,,,,,0,132,2.0,,0,49,0,54
06:02,06:02:00,49,54,-5,1,3,REGULAR,5,D. ÖZDEMIROGLU,1,foulon,424,423,[],,0,18,Dogus,Özdemiroglu,Dogus,Özdemiroglu,D,Ö,D,Ö,D. Özdemiroglu,TÜRK TELEKOM,TTK,D. Özdemiroglu,18,,,,,,OTHER,,TÜRK TELEKOM foulon,,,,,,,,,0,132,2.0,,0,49,0,54
06:02,06:02:00,49,54,-5,1,3,REGULAR,80,M. DEVOE,1,substitution,425,,[],out,0,0,Michael Jaden,Devoe,Michael Jaden,Devoe,M,D,M,D,M. Devoe,TÜRK TELEKOM,TTK,M. Devoe,0,,,,,,SUB,out,TÜRK TELEKOM substitution out,,,,,,,,,0,132,2.0,,0,49,0,54
06:02,06:02:00,49,54,-5,1,3,REGULAR,87,K. ALEXANDER,1,substitution,426,,[],out,0,7,Kyle John Solomon,Alexander,Kyle John Solomon,Alexander,K,A,K,A,K. Alexander,TÜRK TELEKOM,TTK,K. Alexander,7,,,,,,SUB,out,TÜRK TELEKOM substitution out,,,,,,,,,0,132,2.0,,0,49,0,54
06:02,06:02:00,49,54,-5,1,3,REGULAR,74,J. USHER,1,substitution,427,,[],out,0,8,Jordan Emanuel ,Usher,Jordan Emanuel ,Usher,J,U,J,U,J. Usher,TÜRK TELEKOM,TTK,J. Usher,8,,,,,,SUB,out,TÜRK TELEKOM substitution out,,,,,,,,,0,132,2.0,,0,49,0,54
06:02,06:02:00,49,54,-5,1,3,REGULAR,75,K. ALLMAN,1,substitution,428,,[],in,0,1,Kyle Lindsay,Allman,Kyle Lindsay,Allman,K,A,K,A,K. Allman,TÜRK TELEKOM,TTK,K. Allman,1,,,,,,SUB,in,TÜRK TELEKOM substitution in,,,,,,,,,0,132,2.0,,0,49,0,54
06:02,06:02:00,49,54,-5,1,3,REGULAR,77,J. SMITH,1,substitution,429,,[],in,0,9,Jaleen Devon,Smith,Jaleen Devon,Smith,J,S,J,S,J. Smith,TÜRK TELEKOM,TTK,J. Smith,9,,,,,,SUB,in,TÜRK TELEKOM substitution in,,,,,,,,,0,132,2.0,,0,49,0,54
06:02,06:02:00,49,54,-5,1,3,REGULAR,78,K. BANKSTON,1,substitution,430,,[],in,0,30,Kristeon Lamar,Bankston,Kristeon Lamar,Bankston,K,B,K,B,K. Bankston,TÜRK TELEKOM,TTK,K. Bankston,30,,,,,,SUB,in,TÜRK TELEKOM substitution in,,,,,,,,,0,132,2.0,,0,49,0,54
06:02,06:02:00,50,54,-4,1,3,REGULAR,5,D. ÖZDEMIROGLU,1,freethrow,431,,[],1of2,1,18,Dogus,Özdemiroglu,Dogus,Özdemiroglu,D,Ö,D,Ö,D. Özdemiroglu,TÜRK TELEKOM,TTK,D. Özdemiroglu,18,,,,,,FT,made,TÜRK TELEKOM D. ÖZDEMIROGLU FT 1of2 made,,,,,,,,,1,132,2.0,made_ft,1,50,0,54
06:02,06:02:00,50,54,-4,1,3,REGULAR,5,D. ÖZDEMIROGLU,0,freethrow,432,,[],2of2,1,18,Dogus,Özdemiroglu,Dogus,Özdemiroglu,D,Ö,D,Ö,D. Özdemiroglu,TÜRK TELEKOM,TTK,D. Özdemiroglu,18,,,,,,FT,missed,TÜRK TELEKOM D. ÖZDEMIROGLU FT 2of2 missed,,,,,,,,,0,133,1.0,def_reb,0,50,0,54
06:02,06:02:00,50,54,-4,2,3,REGULAR,104,F. WHITE JR,1,rebound,434,432,[],defensive,0,35,Fabian Christopher,White Jr,Fabian Christopher,White Jr,F,W,F,W,F. White Jr,GALATASARAY MCT TECHNIC,GSM,F. White Jr,35,,,,,,REB,,GALATASARAY MCT TECHNIC rebound defensive,,,,,,,,,0,134,2.0,def_reb,0,50,0,54
05:52,05:52:00,50,56,-6,2,3,REGULAR,109,W. CUMMINGS,1,2pt,435,,['pointsinthepaint'],layup,1,7,William,Cummings,William,Cummings,W,C,W,C,W. Cummings,GALATASARAY MCT TECHNIC,GSM,W. Cummings,7,,,92.040000915527,48.310001373291,1.0,P2,made,GALATASARAY MCT TECHNIC W. CUMMINGS 2Pt made,103.0,2.0,J. PALMER JR,,,,,,2,135,1.0,score,0,50,2,56
05:52,05:52:00,50,56,-6,2,3,REGULAR,103,J. PALMER JR,1,assist,436,435,[],,0,12,James Alfred,Palmer Jr,James Alfred,Palmer Jr,J,P,J,P,J. Palmer Jr,GALATASARAY MCT TECHNIC,GSM,J. Palmer Jr,12,,,,,,ASS,,GALATASARAY MCT TECHNIC J. PALMER JR assist,,,,,,,,,0,136,2.0,,0,50,0,56
05:27,05:27:00,50,56,-6,1,3,REGULAR,5,D. ÖZDEMIROGLU,0,3pt,437,,[],stepbackjumpshot,1,18,Dogus,Özdemiroglu,Dogus,Özdemiroglu,D,Ö,D,Ö,D. Özdemiroglu,TÜRK TELEKOM,TTK,D. Özdemiroglu,18,,,31.670000076294,42.369998931885,0.0,P3,missed,TÜRK TELEKOM D. ÖZDEMIROGLU 3Pt missed,,,,,,,,,0,136,2.0,,0,50,0,56
05:24,05:24:00,50,56,-6,1,3,REGULAR,77,J. SMITH,1,rebound,438,437,[],offensive,0,9,Jaleen Devon,Smith,Jaleen Devon,Smith,J,S,J,S,J. Smith,TÜRK TELEKOM,TTK,J. Smith,9,,,,,,REB,,TÜRK TELEKOM rebound offensive,,,,,,,,,0,136,2.0,,0,50,0,56
05:16,05:16:00,50,56,-6,1,3,REGULAR,76,M. SIMONOVIC,0,3pt,439,,['2ndchance'],jumpshot,1,11,Marko,Simonovic,Marko,Simonovic,M,S,M,S,M. Simonovic,TÜRK TELEKOM,TTK,M. Simonovic,11,,,4.210000038147,95.480003356934,0.0,P3,missed,TÜRK TELEKOM M. SIMONOVIC 3Pt missed,,,,,,,,,0,136,2.0,def_reb,0,50,0,56
05:14,05:14:00,50,56,-6,2,3,REGULAR,99,M. YASAR,1,rebound,440,439,[],defensive,0,77,Muhsin,Yasar,Muhsin,Yasar,M,Y,M,Y,M. Yasar,GALATASARAY MCT TECHNIC,GSM,M. Yasar,77,,,,,,REB,,GALATASARAY MCT TECHNIC rebound defensive,,,,,,,,,0,137,1.0,def_reb,0,50,0,56
05:13,05:13:00,50,56,-6,2,3,REGULAR,99,M. YASAR,1,foul,442,,[],offensive,0,77,Muhsin,Yasar,Muhsin,Yasar,M,Y,M,Y,M. Yasar,GALATASARAY MCT TECHNIC,GSM,M. Yasar,77,,,,,,RFOUL,,GALATASARAY MCT TECHNIC M. YASAR foul offensive,,,,,,,,,0,138,2.0,offensive_foul,0,50,0,56
05:13,05:13:00,50,56,-6,2,3,REGULAR,99,M. YASAR,1,turnover,443,442,[],offensive,0,77,Muhsin,Yasar,Muhsin,Yasar,M,Y,M,Y,M. Yasar,GALATASARAY MCT TECHNIC,GSM,M. Yasar,77,,,,,,TO,,GALATASARAY MCT TECHNIC M. YASAR turnover offensive,,,,,,,,,0,139,1.0,turnover,0,50,0,56
05:13,05:13:00,50,56,-6,1,3,REGULAR,5,D. ÖZDEMIROGLU,1,foulon,444,442,[],,0,18,Dogus,Özdemiroglu,Dogus,Özdemiroglu,D,Ö,D,Ö,D. Özdemiroglu,TÜRK TELEKOM,TTK,D. Özdemiroglu,18,,,,,,OTHER,,TÜRK TELEKOM foulon,,,,,,,,,0,140,2.0,,0,50,0,56
05:13,05:13:00,50,56,-6,2,3,REGULAR,0,,1,foul,445,,['1freethrow'],coachTechnical,0,,,,,,,,,,,GALATASARAY MCT TECHNIC,GSM,,,,,,,,FOUL,,GALATASARAY MCT TECHNIC  foul coachtechnical,,,,,,,,,0,140,2.0,,0,50,0,56
05:13,05:13:00,51,56,-5,1,3,REGULAR,77,J. SMITH,1,freethrow,446,,['fromturnover'],1of1,1,9,Jaleen Devon,Smith,Jaleen Devon,Smith,J,S,J,S,J. Smith,TÜRK TELEKOM,TTK,J. Smith,9,,,,,,FT,made,TÜRK TELEKOM J. SMITH FT 1of1 made,,,,,,,,,1,140,2.0,made_ft_last,1,51,0,56
05:13,05:13:00,51,56,-5,2,3,REGULAR,109,W. CUMMINGS,1,foul,447,,['2freethrow'],personal,0,7,William,Cummings,William,Cummings,W,C,W,C,W. Cummings,GALATASARAY MCT TECHNIC,GSM,W. Cummings,7,,,,,,FOUL,,GALATASARAY MCT TECHNIC W. CUMMINGS foul personal,,,,,,,,,0,141,1.0,,0,51,0,56
05:13,05:13:00,51,56,-5,1,3,REGULAR,5,D. ÖZDEMIROGLU,1,foulon,448,447,[],,0,18,Dogus,Özdemiroglu,Dogus,Özdemiroglu,D,Ö,D,Ö,D. Özdemiroglu,TÜRK TELEKOM,TTK,D. Özdemiroglu,18,,,,,,OTHER,,TÜRK TELEKOM foulon,,,,,,,,,0,141,1.0,,0,51,0,56
05:13,05:13:00,52,56,-4,1,3,REGULAR,5,D. ÖZDEMIROGLU,1,freethrow,449,,[],1of2,1,18,Dogus,Özdemiroglu,Dogus,Özdemiroglu,D,Ö,D,Ö,D. Özdemiroglu,TÜRK TELEKOM,TTK,D. Özdemiroglu,18,,,,,,FT,made,TÜRK TELEKOM D. ÖZDEMIROGLU FT 1of2 made,,,,,,,,,1,141,1.0,made_ft,1,52,0,56
05:13,05:13:00,53,56,-3,1,3,REGULAR,5,D. ÖZDEMIROGLU,1,freethrow,450,,[],2of2,1,18,Dogus,Özdemiroglu,Dogus,Özdemiroglu,D,Ö,D,Ö,D. Özdemiroglu,TÜRK TELEKOM,TTK,D. Özdemiroglu,18,,,,,,FT,made,TÜRK TELEKOM D. ÖZDEMIROGLU FT 2of2 made,,,,,,,,,1,142,2.0,made_ft_last,1,53,0,56
05:02,05:02:00,53,56,-3,2,3,REGULAR,109,W. CUMMINGS,0,2pt,452,,['pointsinthepaint'],layup,1,7,William,Cummings,William,Cummings,W,C,W,C,W. Cummings,GALATASARAY MCT TECHNIC,GSM,W. Cummings,7,,,93.919998168945,48.020000457764,0.0,P2,missed,GALATASARAY MCT TECHNIC W. CUMMINGS 2Pt missed,,,,,,,,,0,143,1.0,,0,53,0,56
04:59,04:59:00,53,56,-3,2,3,REGULAR,99,M. YASAR,1,rebound,453,452,[],offensive,0,77,Muhsin,Yasar,Muhsin,Yasar,M,Y,M,Y,M. Yasar,GALATASARAY MCT TECHNIC,GSM,M. Yasar,77,,,,,,REB,,GALATASARAY MCT TECHNIC rebound offensive,,,,,,,,,0,143,1.0,,0,53,0,56
04:59,04:59:00,53,56,-3,2,3,REGULAR,99,M. YASAR,0,2pt,454,,"['2ndchance', 'pointsinthepaint']",tipinlayup,1,77,Muhsin,Yasar,Muhsin,Yasar,M,Y,M,Y,M. Yasar,GALATASARAY MCT TECHNIC,GSM,M. Yasar,77,,,94.0,50.0,0.0,P2,missed,GALATASARAY MCT TECHNIC M. YASAR 2Pt missed,,,,,,,,,0,143,1.0,,0,53,0,56
04:59,04:59:00,53,56,-3,2,3,REGULAR,106,J. ROBINSON JR,1,rebound,455,454,[],offensive,0,1,Jerome Emanuel,Robinson Jr,Jerome Emanuel,Robinson Jr,J,R,J,R,J. Robinson Jr,GALATASARAY MCT TECHNIC,GSM,J. Robinson Jr,1,,,,,,REB,,GALATASARAY MCT TECHNIC rebound offensive,,,,,,,,,0,143,1.0,,0,53,0,56
04:58,04:58:00,53,58,-5,2,3,REGULAR,104,F. WHITE JR,1,2pt,456,,"['2ndchance', 'pointsinthepaint']",jumpshot,1,35,Fabian Christopher,White Jr,Fabian Christopher,White Jr,F,W,F,W,F. White Jr,GALATASARAY MCT TECHNIC,GSM,F. White Jr,35,,,92.980003356934,58.470001220703,1.0,P2,made,GALATASARAY MCT TECHNIC F. WHITE JR 2Pt made,106.0,2.0,J. ROBINSON JR,,,,,,2,143,1.0,score,0,53,2,58
04:58,04:58:00,53,58,-5,2,3,REGULAR,106,J. ROBINSON JR,1,assist,457,456,[],,0,1,Jerome Emanuel,Robinson Jr,Jerome Emanuel,Robinson Jr,J,R,J,R,J. Robinson Jr,GALATASARAY MCT TECHNIC,GSM,J. Robinson Jr,1,,,,,,ASS,,GALATASARAY MCT TECHNIC J. ROBINSON JR assist,,,,,,,,,0,144,2.0,,0,53,0,58
04:46,04:46:00,55,58,-3,1,3,REGULAR,78,K. BANKSTON,1,2pt,458,,['pointsinthepaint'],alleyoopdunk,1,30,Kristeon Lamar,Bankston,Kristeon Lamar,Bankston,K,B,K,B,K. Bankston,TÜRK TELEKOM,TTK,K. Bankston,30,,,5.7699999809265,46.049999237061,1.0,P2,made,TÜRK TELEKOM K. BANKSTON 2Pt made,75.0,1.0,K. ALLMAN,,,,,,2,144,2.0,score,2,55,0,58
04:46,04:46:00,55,58,-3,1,3,REGULAR,75,K. ALLMAN,1,assist,459,458,[],,0,1,Kyle Lindsay,Allman,Kyle Lindsay,Allman,K,A,K,A,K. Allman,TÜRK TELEKOM,TTK,K. Allman,1,,,,,,ASS,,TÜRK TELEKOM K. ALLMAN assist,,,,,,,,,0,145,1.0,,0,55,0,58
04:29,04:29:00,55,58,-3,1,3,REGULAR,76,M. SIMONOVIC,1,foul,461,,[],personal,0,11,Marko,Simonovic,Marko,Simonovic,M,S,M,S,M. Simonovic,TÜRK TELEKOM,TTK,M. Simonovic,11,,,,,,FOUL,,TÜRK TELEKOM M. SIMONOVIC foul personal,,,,,,,,,0,145,1.0,,0,55,0,58
04:29,04:29:00,55,58,-3,2,3,REGULAR,106,J. ROBINSON JR,1,foulon,462,461,[],,0,1,Jerome Emanuel,Robinson Jr,Jerome Emanuel,Robinson Jr,J,R,J,R,J. Robinson Jr,GALATASARAY MCT TECHNIC,GSM,J. Robinson Jr,1,,,,,,OTHER,,GALATASARAY MCT TECHNIC foulon,,,,,,,,,0,145,1.0,,0,55,0,58
04:29,04:29:00,55,58,-3,0,3,REGULAR,0,,1,timeout,463,,[],officials,0,,,,,,,,,,,,,,,,,,,,TIMEOUT,, timeout,,,,,,,,,0,145,1.0,,0,55,0,58
04:29,04:29:00,55,58,-3,1,3,REGULAR,76,M. SIMONOVIC,1,substitution,464,,[],out,0,11,Marko,Simonovic,Marko,Simonovic,M,S,M,S,M. Simonovic,TÜRK TELEKOM,TTK,M. Simonovic,11,,,,,,SUB,out,TÜRK TELEKOM substitution out,,,,,,,,,0,145,1.0,,0,55,0,58
04:29,04:29:00,55,58,-3,1,3,REGULAR,87,K. ALEXANDER,1,substitution,465,,[],in,0,7,Kyle John Solomon,Alexander,Kyle John Solomon,Alexander,K,A,K,A,K. Alexander,TÜRK TELEKOM,TTK,K. Alexander,7,,,,,,SUB,in,TÜRK TELEKOM substitution in,,,,,,,,,0,145,1.0,,0,55,0,58
04:20,04:20:00,55,58,-3,2,3,REGULAR,104,F. WHITE JR,0,3pt,467,,[],jumpshot,1,35,Fabian Christopher,White Jr,Fabian Christopher,White Jr,F,W,F,W,F. White Jr,GALATASARAY MCT TECHNIC,GSM,F. White Jr,35,,,73.480003356934,78.529998779297,0.0,P3,missed,GALATASARAY MCT TECHNIC F. WHITE JR 3Pt missed,,,,,,,,,0,145,1.0,def_reb,0,55,0,58
04:17,04:17:00,55,58,-3,1,3,REGULAR,5,D. ÖZDEMIROGLU,1,rebound,468,467,[],defensive,0,18,Dogus,Özdemiroglu,Dogus,Özdemiroglu,D,Ö,D,Ö,D. Özdemiroglu,TÜRK TELEKOM,TTK,D. Özdemiroglu,18,,,,,,REB,,TÜRK TELEKOM rebound defensive,,,,,,,,,0,146,2.0,def_reb,0,55,0,58
04:11,04:11:00,58,58,0,1,3,REGULAR,77,J. SMITH,1,3pt,469,,[],pullupjumpshot,1,9,Jaleen Devon,Smith,Jaleen Devon,Smith,J,S,J,S,J. Smith,TÜRK TELEKOM,TTK,J. Smith,9,,,24.489999771118,83.900001525879,1.0,P3,made,TÜRK TELEKOM J. SMITH 3Pt made,,,,,,,,,3,147,1.0,score,3,58,0,58
03:59,03:59:00,58,58,0,1,3,REGULAR,75,K. ALLMAN,1,foul,473,,"['shooting', '2freethrow']",personal,0,1,Kyle Lindsay,Allman,Kyle Lindsay,Allman,K,A,K,A,K. Allman,TÜRK TELEKOM,TTK,K. Allman,1,,,,,,FOUL,,TÜRK TELEKOM K. ALLMAN foul personal,,,,,,,,,0,148,2.0,,0,58,0,58
03:59,03:59:00,58,58,0,2,3,REGULAR,106,J. ROBINSON JR,1,foulon,474,473,[],,0,1,Jerome Emanuel,Robinson Jr,Jerome Emanuel,Robinson Jr,J,R,J,R,J. Robinson Jr,GALATASARAY MCT TECHNIC,GSM,J. Robinson Jr,1,,,,,,OTHER,,GALATASARAY MCT TECHNIC foulon,,,,,,,,,0,148,2.0,,0,58,0,58
03:58,03:58:00,58,58,0,2,3,REGULAR,103,J. PALMER JR,1,substitution,475,,[],out,0,12,James Alfred,Palmer Jr,James Alfred,Palmer Jr,J,P,J,P,J. Palmer Jr,GALATASARAY MCT TECHNIC,GSM,J. Palmer Jr,12,,,,,,SUB,out,GALATASARAY MCT TECHNIC substitution out,,,,,,,,,0,148,2.0,,0,58,0,58
03:58,03:58:00,58,58,0,2,3,REGULAR,99,M. YASAR,1,substitution,476,,[],out,0,77,Muhsin,Yasar,Muhsin,Yasar,M,Y,M,Y,M. Yasar,GALATASARAY MCT TECHNIC,GSM,M. Yasar,77,,,,,,SUB,out,GALATASARAY MCT TECHNIC substitution out,,,,,,,,,0,148,2.0,,0,58,0,58
03:58,03:58:00,58,58,0,2,3,REGULAR,70,R. ÖNCEL,1,substitution,477,,[],in,0,10,Ridvan,Öncel,Ridvan,Öncel,R,Ö,R,Ö,R. Öncel,GALATASARAY MCT TECHNIC,GSM,R. Öncel,10,,,,,,SUB,in,GALATASARAY MCT TECHNIC substitution in,,,,,,,,,0,148,2.0,,0,58,0,58
03:58,03:58:00,58,58,0,2,3,REGULAR,105,F. GILLESPIE II,1,substitution,478,,[],in,0,33,Frederick Maurice ,Gillespie Ii,Frederick Maurice ,Gillespie Ii,F,G,F,G,F. Gillespie Ii,GALATASARAY MCT TECHNIC,GSM,F. Gillespie Ii,33,,,,,,SUB,in,GALATASARAY MCT TECHNIC substitution in,,,,,,,,,0,148,2.0,,0,58,0,58
03:58,03:58:00,58,59,-1,2,3,REGULAR,106,J. ROBINSON JR,1,freethrow,479,,[],1of2,1,1,Jerome Emanuel,Robinson Jr,Jerome Emanuel,Robinson Jr,J,R,J,R,J. Robinson Jr,GALATASARAY MCT TECHNIC,GSM,J. Robinson Jr,1,,,,,,FT,made,GALATASARAY MCT TECHNIC J. ROBINSON JR FT 1of2 made,,,,,,,,,1,148,2.0,made_ft,0,58,1,59
03:58,03:58:00,58,59,-1,2,3,REGULAR,109,W. CUMMINGS,1,assist,480,479,[],,0,7,William,Cummings,William,Cummings,W,C,W,C,W. Cummings,GALATASARAY MCT TECHNIC,GSM,W. Cummings,7,,,,,,ASS,,GALATASARAY MCT TECHNIC W. CUMMINGS assist,,,,,,,,,0,149,1.0,,0,58,0,59
03:58,03:58:00,58,60,-2,2,3,REGULAR,106,J. ROBINSON JR,1,freethrow,481,,[],2of2,1,1,Jerome Emanuel,Robinson Jr,Jerome Emanuel,Robinson Jr,J,R,J,R,J. Robinson Jr,GALATASARAY MCT TECHNIC,GSM,J. Robinson Jr,1,,,,,,FT,made,GALATASARAY MCT TECHNIC J. ROBINSON JR FT 2of2 made,,,,,,,,,1,149,1.0,made_ft_last,0,58,1,60
03:58,03:58:00,58,60,-2,1,3,REGULAR,75,K. ALLMAN,1,substitution,482,,[],out,0,1,Kyle Lindsay,Allman,Kyle Lindsay,Allman,K,A,K,A,K. Allman,TÜRK TELEKOM,TTK,K. Allman,1,,,,,,SUB,out,TÜRK TELEKOM substitution out,,,,,,,,,0,150,2.0,,0,58,0,60
03:58,03:58:00,58,60,-2,1,3,REGULAR,80,M. DEVOE,1,substitution,483,,[],in,0,0,Michael Jaden,Devoe,Michael Jaden,Devoe,M,D,M,D,M. Devoe,TÜRK TELEKOM,TTK,M. Devoe,0,,,,,,SUB,in,TÜRK TELEKOM substitution in,,,,,,,,,0,150,2.0,,0,58,0,60
03:39,03:39:00,58,60,-2,1,3,REGULAR,80,M. DEVOE,0,2pt,485,,[],jumpshot,1,0,Michael Jaden,Devoe,Michael Jaden,Devoe,M,D,M,D,M. Devoe,TÜRK TELEKOM,TTK,M. Devoe,0,,,23.870000839233,53.110000610352,0.0,P2,missed,TÜRK TELEKOM M. DEVOE 2Pt missed,,,,,,,,,0,150,2.0,def_reb,0,58,0,60
03:36,03:36:00,58,60,-2,2,3,REGULAR,104,F. WHITE JR,1,rebound,486,485,[],defensive,0,35,Fabian Christopher,White Jr,Fabian Christopher,White Jr,F,W,F,W,F. White Jr,GALATASARAY MCT TECHNIC,GSM,F. White Jr,35,,,,,,REB,,GALATASARAY MCT TECHNIC rebound defensive,,,,,,,,,0,151,1.0,def_reb,0,58,0,60
03:32,03:32:00,58,60,-2,2,3,REGULAR,109,W. CUMMINGS,1,turnover,487,,[],ballhandling,0,7,William,Cummings,William,Cummings,W,C,W,C,W. Cummings,GALATASARAY MCT TECHNIC,GSM,W. Cummings,7,,,,,,TO,,GALATASARAY MCT TECHNIC W. CUMMINGS turnover ballhandling,,,,,,,,,0,152,2.0,turnover,0,58,0,60
03:32,03:32:00,58,60,-2,1,3,REGULAR,5,D. ÖZDEMIROGLU,1,steal,489,487,[],,0,18,Dogus,Özdemiroglu,Dogus,Özdemiroglu,D,Ö,D,Ö,D. Özdemiroglu,TÜRK TELEKOM,TTK,D. Özdemiroglu,18,,,,,,ST,,TÜRK TELEKOM D. ÖZDEMIROGLU steal,,,,,,,,,0,153,1.0,,0,58,0,60
03:30,03:30:00,58,60,-2,2,3,REGULAR,104,F. WHITE JR,1,foul,490,,['2freethrow'],personal,0,35,Fabian Christopher,White Jr,Fabian Christopher,White Jr,F,W,F,W,F. White Jr,GALATASARAY MCT TECHNIC,GSM,F. White Jr,35,,,,,,FOUL,,GALATASARAY MCT TECHNIC F. WHITE JR foul personal,,,,,,,,,0,153,1.0,,0,58,0,60
03:30,03:30:00,58,60,-2,1,3,REGULAR,80,M. DEVOE,1,foulon,491,490,[],,0,0,Michael Jaden,Devoe,Michael Jaden,Devoe,M,D,M,D,M. Devoe,TÜRK TELEKOM,TTK,M. Devoe,0,,,,,,OTHER,,TÜRK TELEKOM foulon,,,,,,,,,0,153,1.0,,0,58,0,60
03:30,03:30:00,58,60,-2,2,3,REGULAR,106,J. ROBINSON JR,1,substitution,492,,[],out,0,1,Jerome Emanuel,Robinson Jr,Jerome Emanuel,Robinson Jr,J,R,J,R,J. Robinson Jr,GALATASARAY MCT TECHNIC,GSM,J. Robinson Jr,1,,,,,,SUB,out,GALATASARAY MCT TECHNIC substitution out,,,,,,,,,0,153,1.0,,0,58,0,60
03:30,03:30:00,58,60,-2,2,3,REGULAR,103,J. PALMER JR,1,substitution,493,,[],in,0,12,James Alfred,Palmer Jr,James Alfred,Palmer Jr,J,P,J,P,J. Palmer Jr,GALATASARAY MCT TECHNIC,GSM,J. Palmer Jr,12,,,,,,SUB,in,GALATASARAY MCT TECHNIC substitution in,,,,,,,,,0,153,1.0,,0,58,0,60
03:30,03:30:00,59,60,-1,1,3,REGULAR,80,M. DEVOE,1,freethrow,494,,"['fastbreak', 'fromturnover']",1of2,1,0,Michael Jaden,Devoe,Michael Jaden,Devoe,M,D,M,D,M. Devoe,TÜRK TELEKOM,TTK,M. Devoe,0,,,,,,FT,made,TÜRK TELEKOM M. DEVOE FT 1of2 made,,,,,,,,,1,153,1.0,made_ft,1,59,0,60
03:30,03:30:00,60,60,0,1,3,REGULAR,80,M. DEVOE,1,freethrow,495,,"['fastbreak', 'fromturnover']",2of2,1,0,Michael Jaden,Devoe,Michael Jaden,Devoe,M,D,M,D,M. Devoe,TÜRK TELEKOM,TTK,M. Devoe,0,,,,,,FT,made,TÜRK TELEKOM M. DEVOE FT 2of2 made,,,,,,,,,1,154,2.0,made_ft_last,1,60,0,60
03:23,03:23:00,60,60,0,1,3,REGULAR,78,K. BANKSTON,1,foul,498,,[],personal,0,30,Kristeon Lamar,Bankston,Kristeon Lamar,Bankston,K,B,K,B,K. Bankston,TÜRK TELEKOM,TTK,K. Bankston,30,,,,,,FOUL,,TÜRK TELEKOM K. BANKSTON foul personal,,,,,,,,,0,155,1.0,,0,60,0,60
03:23,03:23:00,60,60,0,2,3,REGULAR,70,R. ÖNCEL,1,foulon,499,498,[],,0,10,Ridvan,Öncel,Ridvan,Öncel,R,Ö,R,Ö,R. Öncel,GALATASARAY MCT TECHNIC,GSM,R. Öncel,10,,,,,,OTHER,,GALATASARAY MCT TECHNIC foulon,,,,,,,,,0,155,1.0,,0,60,0,60
03:04,03:04:00,60,60,0,2,3,REGULAR,103,J. PALMER JR,0,3pt,503,,[],jumpshot,1,12,James Alfred,Palmer Jr,James Alfred,Palmer Jr,J,P,J,P,J. Palmer Jr,GALATASARAY MCT TECHNIC,GSM,J. Palmer Jr,12,,,77.690002441406,12.989999771118,0.0,P3,missed,GALATASARAY MCT TECHNIC J. PALMER JR 3Pt missed,,,,,,,,,0,155,1.0,def_reb,0,60,0,60
03:02,03:02:00,60,60,0,1,3,REGULAR,87,K. ALEXANDER,1,rebound,504,503,[],defensive,0,7,Kyle John Solomon,Alexander,Kyle John Solomon,Alexander,K,A,K,A,K. Alexander,TÜRK TELEKOM,TTK,K. Alexander,7,,,,,,REB,,TÜRK TELEKOM rebound defensive,,,,,,,,,0,156,2.0,def_reb,0,60,0,60
02:45,02:45:00,60,60,0,1,3,REGULAR,78,K. BANKSTON,1,turnover,506,,[],travel,0,30,Kristeon Lamar,Bankston,Kristeon Lamar,Bankston,K,B,K,B,K. Bankston,TÜRK TELEKOM,TTK,K. Bankston,30,,,,,,TO,,TÜRK TELEKOM K. BANKSTON turnover travel,,,,,,,,,0,157,1.0,turnover,0,60,0,60
02:33,02:33:00,60,63,-3,2,3,REGULAR,103,J. PALMER JR,1,3pt,508,,['fromturnover'],pullupjumpshot,1,12,James Alfred,Palmer Jr,James Alfred,Palmer Jr,J,P,J,P,J. Palmer Jr,GALATASARAY MCT TECHNIC,GSM,J. Palmer Jr,12,,,68.48999786377,55.080001831055,1.0,P3,made,GALATASARAY MCT TECHNIC J. PALMER JR 3Pt made,109.0,2.0,W. CUMMINGS,,,,,,3,158,2.0,score,0,60,3,63
02:33,02:33:00,60,63,-3,2,3,REGULAR,109,W. CUMMINGS,1,assist,509,508,[],,0,7,William,Cummings,William,Cummings,W,C,W,C,W. Cummings,GALATASARAY MCT TECHNIC,GSM,W. Cummings,7,,,,,,ASS,,GALATASARAY MCT TECHNIC W. CUMMINGS assist,,,,,,,,,0,159,1.0,,0,60,0,63
02:17,02:17:00,60,63,-3,1,3,REGULAR,5,D. ÖZDEMIROGLU,0,3pt,510,,[],jumpshot,1,18,Dogus,Özdemiroglu,Dogus,Özdemiroglu,D,Ö,D,Ö,D. Özdemiroglu,TÜRK TELEKOM,TTK,D. Özdemiroglu,18,,,25.430000305176,80.790000915527,0.0,P3,missed,TÜRK TELEKOM D. ÖZDEMIROGLU 3Pt missed,,,,,,,,,0,159,1.0,def_reb,0,60,0,63
02:15,02:15:00,60,63,-3,2,3,REGULAR,103,J. PALMER JR,1,rebound,511,510,[],defensive,0,12,James Alfred,Palmer Jr,James Alfred,Palmer Jr,J,P,J,P,J. Palmer Jr,GALATASARAY MCT TECHNIC,GSM,J. Palmer Jr,12,,,,,,REB,,GALATASARAY MCT TECHNIC rebound defensive,,,,,,,,,0,160,2.0,def_reb,0,60,0,63
02:08,02:08:00,60,63,-3,2,3,REGULAR,105,F. GILLESPIE II,1,foul,513,,[],offensive,0,33,Frederick Maurice ,Gillespie Ii,Frederick Maurice ,Gillespie Ii,F,G,F,G,F. Gillespie Ii,GALATASARAY MCT TECHNIC,GSM,F. Gillespie Ii,33,,,,,,RFOUL,,GALATASARAY MCT TECHNIC F. GILLESPIE II foul offensive,,,,,,,,,0,161,1.0,offensive_foul,0,60,0,63
02:08,02:08:00,60,63,-3,2,3,REGULAR,105,F. GILLESPIE II,1,turnover,514,513,[],offensive,0,33,Frederick Maurice ,Gillespie Ii,Frederick Maurice ,Gillespie Ii,F,G,F,G,F. Gillespie Ii,GALATASARAY MCT TECHNIC,GSM,F. Gillespie Ii,33,,,,,,TO,,GALATASARAY MCT TECHNIC F. GILLESPIE II turnover offensive,,,,,,,,,0,162,2.0,turnover,0,60,0,63
02:08,02:08:00,60,63,-3,1,3,REGULAR,78,K. BANKSTON,1,foulon,515,513,[],,0,30,Kristeon Lamar,Bankston,Kristeon Lamar,Bankston,K,B,K,B,K. Bankston,TÜRK TELEKOM,TTK,K. Bankston,30,,,,,,OTHER,,TÜRK TELEKOM foulon,,,,,,,,,0,163,1.0,,0,60,0,63
02:08,02:08:00,60,63,-3,1,3,REGULAR,78,K. BANKSTON,1,substitution,516,,[],out,0,30,Kristeon Lamar,Bankston,Kristeon Lamar,Bankston,K,B,K,B,K. Bankston,TÜRK TELEKOM,TTK,K. Bankston,30,,,,,,SUB,out,TÜRK TELEKOM substitution out,,,,,,,,,0,163,1.0,,0,60,0,63
02:08,02:08:00,60,63,-3,1,3,REGULAR,76,M. SIMONOVIC,1,substitution,517,,[],in,0,11,Marko,Simonovic,Marko,Simonovic,M,S,M,S,M. Simonovic,TÜRK TELEKOM,TTK,M. Simonovic,11,,,,,,SUB,in,TÜRK TELEKOM substitution in,,,,,,,,,0,163,1.0,,0,60,0,63
02:08,02:08:00,60,63,-3,2,3,REGULAR,70,R. ÖNCEL,1,substitution,518,,[],out,0,10,Ridvan,Öncel,Ridvan,Öncel,R,Ö,R,Ö,R. Öncel,GALATASARAY MCT TECHNIC,GSM,R. Öncel,10,,,,,,SUB,out,GALATASARAY MCT TECHNIC substitution out,,,,,,,,,0,163,1.0,,0,60,0,63
02:08,02:08:00,60,63,-3,2,3,REGULAR,105,F. GILLESPIE II,1,substitution,519,,[],out,0,33,Frederick Maurice ,Gillespie Ii,Frederick Maurice ,Gillespie Ii,F,G,F,G,F. Gillespie Ii,GALATASARAY MCT TECHNIC,GSM,F. Gillespie Ii,33,,,,,,SUB,out,GALATASARAY MCT TECHNIC substitution out,,,,,,,,,0,163,1.0,,0,60,0,63
02:08,02:08:00,60,63,-3,2,3,REGULAR,104,F. WHITE JR,1,substitution,520,,[],out,0,35,Fabian Christopher,White Jr,Fabian Christopher,White Jr,F,W,F,W,F. White Jr,GALATASARAY MCT TECHNIC,GSM,F. White Jr,35,,,,,,SUB,out,GALATASARAY MCT TECHNIC substitution out,,,,,,,,,0,163,1.0,,0,60,0,63
02:08,02:08:00,60,63,-3,2,3,REGULAR,101,T. GÖRENER,1,substitution,521,,[],in,0,5,Tibet Deniz,Görener,Tibet Deniz,Görener,T,G,T,G,T. Görener,GALATASARAY MCT TECHNIC,GSM,T. Görener,5,,,,,,SUB,in,GALATASARAY MCT TECHNIC substitution in,,,,,,,,,0,163,1.0,,0,60,0,63
02:08,02:08:00,60,63,-3,2,3,REGULAR,107,R. MEEKS,1,substitution,522,,[],in,0,9,Robinson Jr,Meeks,Robinson Jr,Meeks,R,M,R,M,R. Meeks,GALATASARAY MCT TECHNIC,GSM,R. Meeks,9,,,,,,SUB,in,GALATASARAY MCT TECHNIC substitution in,,,,,,,,,0,163,1.0,,0,60,0,63
02:08,02:08:00,60,63,-3,2,3,REGULAR,108,C. BISHOP,1,substitution,523,,[],in,0,13,Christian Angelo ,Bishop,Christian Angelo ,Bishop,C,B,C,B,C. Bishop,GALATASARAY MCT TECHNIC,GSM,C. Bishop,13,,,,,,SUB,in,GALATASARAY MCT TECHNIC substitution in,,,,,,,,,0,163,1.0,,0,60,0,63
01:56,01:56:00,62,63,-1,1,3,REGULAR,80,M. DEVOE,1,2pt,525,,"['fromturnover', 'pointsinthepaint']",floatingjumpshot,1,0,Michael Jaden,Devoe,Michael Jaden,Devoe,M,D,M,D,M. Devoe,TÜRK TELEKOM,TTK,M. Devoe,0,,,8.4200000762939,44.349998474121,1.0,P2,made,TÜRK TELEKOM M. DEVOE 2Pt made,77.0,1.0,J. SMITH,,,,,,2,163,1.0,score,2,62,0,63
01:56,01:56:00,62,63,-1,1,3,REGULAR,77,J. SMITH,1,assist,526,525,[],,0,9,Jaleen Devon,Smith,Jaleen Devon,Smith,J,S,J,S,J. Smith,TÜRK TELEKOM,TTK,J. Smith,9,,,,,,ASS,,TÜRK TELEKOM J. SMITH assist,,,,,,,,,0,164,2.0,,0,62,0,63
01:33,01:33:00,62,63,-1,1,3,REGULAR,87,K. ALEXANDER,1,foul,528,,['2freethrow'],personal,0,7,Kyle John Solomon,Alexander,Kyle John Solomon,Alexander,K,A,K,A,K. Alexander,TÜRK TELEKOM,TTK,K. Alexander,7,,,,,,FOUL,,TÜRK TELEKOM K. ALEXANDER foul personal,,,,,,,,,0,164,2.0,,0,62,0,63
01:33,01:33:00,62,63,-1,2,3,REGULAR,108,C. BISHOP,1,foulon,529,528,[],,0,13,Christian Angelo ,Bishop,Christian Angelo ,Bishop,C,B,C,B,C. Bishop,GALATASARAY MCT TECHNIC,GSM,C. Bishop,13,,,,,,OTHER,,GALATASARAY MCT TECHNIC foulon,,,,,,,,,0,164,2.0,,0,62,0,63
01:33,01:33:00,62,63,-1,2,3,REGULAR,108,C. BISHOP,0,freethrow,530,,[],1of2,1,13,Christian Angelo ,Bishop,Christian Angelo ,Bishop,C,B,C,B,C. Bishop,GALATASARAY MCT TECHNIC,GSM,C. Bishop,13,,,,,,FT,missed,GALATASARAY MCT TECHNIC C. BISHOP FT 1of2 missed,,,,,,,,,0,164,2.0,def_reb,0,62,0,63
01:33,01:33:00,62,63,-1,2,3,REGULAR,0,,1,rebound,531,530,[],offensivedeadball,0,,,,,,,,,,,GALATASARAY MCT TECHNIC,GSM,,,,,,,,TREB,,GALATASARAY MCT TECHNIC team rebound offensivedeadball,,,,,,,,,0,165,1.0,def_reb,0,62,0,63
01:33,01:33:00,62,64,-2,2,3,REGULAR,108,C. BISHOP,1,freethrow,532,,[],2of2,1,13,Christian Angelo ,Bishop,Christian Angelo ,Bishop,C,B,C,B,C. Bishop,GALATASARAY MCT TECHNIC,GSM,C. Bishop,13,,,,,,FT,made,GALATASARAY MCT TECHNIC C. BISHOP FT 2of2 made,,,,,,,,,1,166,2.0,made_ft_last,0,62,1,64
01:18,01:18:00,62,64,-2,1,3,REGULAR,80,M. DEVOE,0,3pt,534,,[],stepbackjumpshot,1,0,Michael Jaden,Devoe,Michael Jaden,Devoe,M,D,M,D,M. Devoe,TÜRK TELEKOM,TTK,M. Devoe,0,,,28.860000610352,68.360000610352,0.0,P3,missed,TÜRK TELEKOM M. DEVOE 3Pt missed,,,,,,,,,0,167,1.0,,0,62,0,64
01:15,01:15:00,62,64,-2,1,3,REGULAR,87,K. ALEXANDER,1,rebound,535,534,[],offensive,0,7,Kyle John Solomon,Alexander,Kyle John Solomon,Alexander,K,A,K,A,K. Alexander,TÜRK TELEKOM,TTK,K. Alexander,7,,,,,,REB,,TÜRK TELEKOM rebound offensive,,,,,,,,,0,167,1.0,,0,62,0,64
01:13,01:13:00,62,64,-2,1,3,REGULAR,77,J. SMITH,0,3pt,536,,['2ndchance'],jumpshot,1,9,Jaleen Devon,Smith,Jaleen Devon,Smith,J,S,J,S,J. Smith,TÜRK TELEKOM,TTK,J. Smith,9,,,20.89999961853,11.579999923706,0.0,P3,missed,TÜRK TELEKOM J. SMITH 3Pt missed,,,,,,,,,0,167,1.0,,0,62,0,64
01:10,01:10:00,62,64,-2,1,3,REGULAR,5,D. ÖZDEMIROGLU,1,rebound,537,536,[],offensive,0,18,Dogus,Özdemiroglu,Dogus,Özdemiroglu,D,Ö,D,Ö,D. Özdemiroglu,TÜRK TELEKOM,TTK,D. Özdemiroglu,18,,,,,,REB,,TÜRK TELEKOM rebound offensive,,,,,,,,,0,167,1.0,,0,62,0,64
01:07,01:07:00,62,64,-2,1,3,REGULAR,5,D. ÖZDEMIROGLU,1,turnover,538,,[],badpass,0,18,Dogus,Özdemiroglu,Dogus,Özdemiroglu,D,Ö,D,Ö,D. Özdemiroglu,TÜRK TELEKOM,TTK,D. Özdemiroglu,18,,,,,,TO,,TÜRK TELEKOM D. ÖZDEMIROGLU turnover badpass,,,,,,,,,0,167,1.0,turnover,0,62,0,64
01:07,01:07:00,62,64,-2,2,3,REGULAR,107,R. MEEKS,1,steal,539,538,[],,0,9,Robinson Jr,Meeks,Robinson Jr,Meeks,R,M,R,M,R. Meeks,GALATASARAY MCT TECHNIC,GSM,R. Meeks,9,,,,,,ST,,GALATASARAY MCT TECHNIC R. MEEKS steal,,,,,,,,,0,168,2.0,,0,62,0,64
00:45,00:45:00,62,64,-2,2,3,REGULAR,103,J. PALMER JR,0,2pt,540,,['fromturnover'],floatingjumpshot,1,12,James Alfred,Palmer Jr,James Alfred,Palmer Jr,J,P,J,P,J. Palmer Jr,GALATASARAY MCT TECHNIC,GSM,J. Palmer Jr,12,,,92.360000610352,77.120002746582,0.0,P2,missed,GALATASARAY MCT TECHNIC J. PALMER JR 2Pt missed,,,,,,,,,0,168,2.0,,0,62,0,64
00:42,00:42:10,62,64,-2,2,3,REGULAR,109,W. CUMMINGS,1,rebound,541,540,[],offensive,0,7,William,Cummings,William,Cummings,W,C,W,C,W. Cummings,GALATASARAY MCT TECHNIC,GSM,W. Cummings,7,,,,,,REB,,GALATASARAY MCT TECHNIC rebound offensive,,,,,,,,,0,168,2.0,,0,62,0,64
00:40,00:40:00,62,67,-5,2,3,REGULAR,107,R. MEEKS,1,3pt,542,,"['2ndchance', 'fromturnover']",jumpshot,1,9,Robinson Jr,Meeks,Robinson Jr,Meeks,R,M,R,M,R. Meeks,GALATASARAY MCT TECHNIC,GSM,R. Meeks,9,,,73.790000915527,21.75,1.0,P3,made,GALATASARAY MCT TECHNIC R. MEEKS 3Pt made,109.0,2.0,W. CUMMINGS,,,,,,3,168,2.0,score,0,62,3,67
00:40,00:40:00,62,67,-5,2,3,REGULAR,109,W. CUMMINGS,1,assist,543,542,[],,0,7,William,Cummings,William,Cummings,W,C,W,C,W. Cummings,GALATASARAY MCT TECHNIC,GSM,W. Cummings,7,,,,,,ASS,,GALATASARAY MCT TECHNIC W. CUMMINGS assist,,,,,,,,,0,169,1.0,,0,62,0,67
00:21,00:21:10,62,67,-5,1,3,REGULAR,76,M. SIMONOVIC,0,2pt,544,,['pointsinthepaint'],turnaroundjumpshot,1,11,Marko,Simonovic,Marko,Simonovic,M,S,M,S,M. Simonovic,TÜRK TELEKOM,TTK,M. Simonovic,11,,,8.2700004577637,57.909999847412,0.0,P2,missed,TÜRK TELEKOM M. SIMONOVIC 2Pt missed,,,,,,,,,0,169,1.0,def_reb,0,62,0,67
00:16,00:16:80,62,67,-5,2,3,REGULAR,103,J. PALMER JR,1,rebound,545,544,[],defensive,0,12,James Alfred,Palmer Jr,James Alfred,Palmer Jr,J,P,J,P,J. Palmer Jr,GALATASARAY MCT TECHNIC,GSM,J. Palmer Jr,12,,,,,,REB,,GALATASARAY MCT TECHNIC rebound defensive,,,,,,,,,0,170,2.0,def_reb,0,62,0,67
00:02,00:02:30,62,67,-5,2,3,REGULAR,109,W. CUMMINGS,0,3pt,547,,[],jumpshot,1,7,William,Cummings,William,Cummings,W,C,W,C,W. Cummings,GALATASARAY MCT TECHNIC,GSM,W. Cummings,7,,,70.050003051758,31.360000610352,0.0,P3,missed,GALATASARAY MCT TECHNIC W. CUMMINGS 3Pt missed,,,,,,,,,0,171,1.0,def_reb,0,62,0,67
00:01,00:01:70,62,67,-5,1,3,REGULAR,80,M. DEVOE,1,rebound,548,547,[],defensive,0,0,Michael Jaden,Devoe,Michael Jaden,Devoe,M,D,M,D,M. Devoe,TÜRK TELEKOM,TTK,M. Devoe,0,,,,,,REB,,TÜRK TELEKOM rebound defensive,,,,,,,,,0,172,2.0,def_reb,0,62,0,67
00:00,00:00:00,62,67,-5,0,3,REGULAR,0,,1,period,551,,['confirmed'],end,0,,,,,,,,,,,,,,,,,,,,OTHER,,period end,,,,,,,,,0,173,1.0,,0,62,0,67
10:00,10:00:00,62,67,-5,1,4,REGULAR,80,M. DEVOE,1,substitution,552,,[],out,0,0,Michael Jaden,Devoe,Michael Jaden,Devoe,M,D,M,D,M. Devoe,TÜRK TELEKOM,TTK,M. Devoe,0,,,,,,SUB,out,TÜRK TELEKOM substitution out,,,,,,,,,0,173,1.0,,0,62,0,67
10:00,10:00:00,62,67,-5,1,4,REGULAR,87,K. ALEXANDER,1,substitution,553,,[],out,0,7,Kyle John Solomon,Alexander,Kyle John Solomon,Alexander,K,A,K,A,K. Alexander,TÜRK TELEKOM,TTK,K. Alexander,7,,,,,,SUB,out,TÜRK TELEKOM substitution out,,,,,,,,,0,173,1.0,,0,62,0,67
10:00,10:00:00,62,67,-5,1,4,REGULAR,76,M. SIMONOVIC,1,substitution,554,,[],out,0,11,Marko,Simonovic,Marko,Simonovic,M,S,M,S,M. Simonovic,TÜRK TELEKOM,TTK,M. Simonovic,11,,,,,,SUB,out,TÜRK TELEKOM substitution out,,,,,,,,,0,173,1.0,,0,62,0,67
10:00,10:00:00,62,67,-5,1,4,REGULAR,75,K. ALLMAN,1,substitution,555,,[],in,0,1,Kyle Lindsay,Allman,Kyle Lindsay,Allman,K,A,K,A,K. Allman,TÜRK TELEKOM,TTK,K. Allman,1,,,,,,SUB,in,TÜRK TELEKOM substitution in,,,,,,,,,0,173,1.0,,0,62,0,67
10:00,10:00:00,62,67,-5,1,4,REGULAR,74,J. USHER,1,substitution,556,,[],in,0,8,Jordan Emanuel ,Usher,Jordan Emanuel ,Usher,J,U,J,U,J. Usher,TÜRK TELEKOM,TTK,J. Usher,8,,,,,,SUB,in,TÜRK TELEKOM substitution in,,,,,,,,,0,173,1.0,,0,62,0,67
10:00,10:00:00,62,67,-5,1,4,REGULAR,78,K. BANKSTON,1,substitution,557,,[],in,0,30,Kristeon Lamar,Bankston,Kristeon Lamar,Bankston,K,B,K,B,K. Bankston,TÜRK TELEKOM,TTK,K. Bankston,30,,,,,,SUB,in,TÜRK TELEKOM substitution in,,,,,,,,,0,173,1.0,,0,62,0,67
10:00,10:00:00,62,67,-5,0,4,REGULAR,0,,1,period,558,,[],start,0,,,,,,,,,,,,,,,,,,,,OTHER,,period start,,,,,,,,,0,173,1.0,,0,62,0,67
09:49,09:49:00,62,69,-7,2,4,REGULAR,108,C. BISHOP,1,2pt,562,,['pointsinthepaint'],alleyoop,1,13,Christian Angelo ,Bishop,Christian Angelo ,Bishop,C,B,C,B,C. Bishop,GALATASARAY MCT TECHNIC,GSM,C. Bishop,13,,,94.699996948242,46.049999237061,1.0,P2,made,GALATASARAY MCT TECHNIC C. BISHOP 2Pt made,109.0,2.0,W. CUMMINGS,,,,,,2,173,1.0,score,0,62,2,69
09:49,09:49:00,62,69,-7,2,4,REGULAR,109,W. CUMMINGS,1,assist,563,562,[],,0,7,William,Cummings,William,Cummings,W,C,W,C,W. Cummings,GALATASARAY MCT TECHNIC,GSM,W. Cummings,7,,,,,,ASS,,GALATASARAY MCT TECHNIC W. CUMMINGS assist,,,,,,,,,0,174,2.0,,0,62,0,69
09:33,09:33:00,62,69,-7,2,4,REGULAR,108,C. BISHOP,1,foul,565,,"['shooting', '2freethrow']",personal,0,13,Christian Angelo ,Bishop,Christian Angelo ,Bishop,C,B,C,B,C. Bishop,GALATASARAY MCT TECHNIC,GSM,C. Bishop,13,,,,,,FOUL,,GALATASARAY MCT TECHNIC C. BISHOP foul personal,,,,,,,,,0,174,2.0,,0,62,0,69
09:33,09:33:00,62,69,-7,1,4,REGULAR,75,K. ALLMAN,1,foulon,566,565,[],,0,1,Kyle Lindsay,Allman,Kyle Lindsay,Allman,K,A,K,A,K. Allman,TÜRK TELEKOM,TTK,K. Allman,1,,,,,,OTHER,,TÜRK TELEKOM foulon,,,,,,,,,0,174,2.0,,0,62,0,69
09:33,09:33:00,63,69,-6,1,4,REGULAR,75,K. ALLMAN,1,freethrow,567,,[],1of2,1,1,Kyle Lindsay,Allman,Kyle Lindsay,Allman,K,A,K,A,K. Allman,TÜRK TELEKOM,TTK,K. Allman,1,,,,,,FT,made,TÜRK TELEKOM K. ALLMAN FT 1of2 made,,,,,,,,,1,174,2.0,made_ft,1,63,0,69
09:33,09:33:00,64,69,-5,1,4,REGULAR,75,K. ALLMAN,1,freethrow,568,,[],2of2,1,1,Kyle Lindsay,Allman,Kyle Lindsay,Allman,K,A,K,A,K. Allman,TÜRK TELEKOM,TTK,K. Allman,1,,,,,,FT,made,TÜRK TELEKOM K. ALLMAN FT 2of2 made,,,,,,,,,1,175,1.0,made_ft_last,1,64,0,69
09:10,09:10:00,64,69,-5,2,4,REGULAR,103,J. PALMER JR,0,2pt,570,,[],pullupjumpshot,1,12,James Alfred,Palmer Jr,James Alfred,Palmer Jr,J,P,J,P,J. Palmer Jr,GALATASARAY MCT TECHNIC,GSM,J. Palmer Jr,12,,,75.040000915527,35.880001068115,0.0,P2,missed,GALATASARAY MCT TECHNIC J. PALMER JR 2Pt missed,,,,,,,,,0,176,2.0,,0,64,0,69
09:07,09:07:00,64,69,-5,2,4,REGULAR,109,W. CUMMINGS,1,rebound,571,570,[],offensive,0,7,William,Cummings,William,Cummings,W,C,W,C,W. Cummings,GALATASARAY MCT TECHNIC,GSM,W. Cummings,7,,,,,,REB,,GALATASARAY MCT TECHNIC rebound offensive,,,,,,,,,0,176,2.0,,0,64,0,69
09:06,09:06:00,64,71,-7,2,4,REGULAR,109,W. CUMMINGS,1,2pt,572,,"['2ndchance', 'pointsinthepaint']",layup,1,7,William,Cummings,William,Cummings,W,C,W,C,W. Cummings,GALATASARAY MCT TECHNIC,GSM,W. Cummings,7,,,94.849998474121,57.060001373291,1.0,P2,made,GALATASARAY MCT TECHNIC W. CUMMINGS 2Pt made,,,,,,,,,2,176,2.0,score,0,64,2,71
08:48,08:48:00,66,71,-5,1,4,REGULAR,75,K. ALLMAN,1,2pt,573,,['pointsinthepaint'],jumpshot,1,1,Kyle Lindsay,Allman,Kyle Lindsay,Allman,K,A,K,A,K. Allman,TÜRK TELEKOM,TTK,K. Allman,1,,,5.460000038147,57.340000152588,1.0,P2,made,TÜRK TELEKOM K. ALLMAN 2Pt made,,,,,,,,,2,177,1.0,score,2,66,0,71
08:32,08:32:00,66,71,-5,1,4,REGULAR,5,D. ÖZDEMIROGLU,1,foul,575,,[],personal,0,18,Dogus,Özdemiroglu,Dogus,Özdemiroglu,D,Ö,D,Ö,D. Özdemiroglu,TÜRK TELEKOM,TTK,D. Özdemiroglu,18,,,,,,FOUL,,TÜRK TELEKOM D. ÖZDEMIROGLU foul personal,,,,,,,,,0,178,2.0,,0,66,0,71
08:32,08:32:00,66,71,-5,2,4,REGULAR,109,W. CUMMINGS,1,foulon,576,575,[],,0,7,William,Cummings,William,Cummings,W,C,W,C,W. Cummings,GALATASARAY MCT TECHNIC,GSM,W. Cummings,7,,,,,,OTHER,,GALATASARAY MCT TECHNIC foulon,,,,,,,,,0,178,2.0,,0,66,0,71
08:32,08:32:00,66,71,-5,1,4,REGULAR,74,J. USHER,1,substitution,577,,[],out,0,8,Jordan Emanuel ,Usher,Jordan Emanuel ,Usher,J,U,J,U,J. Usher,TÜRK TELEKOM,TTK,J. Usher,8,,,,,,SUB,out,TÜRK TELEKOM substitution out,,,,,,,,,0,178,2.0,,0,66,0,71
08:32,08:32:00,66,71,-5,1,4,REGULAR,5,D. ÖZDEMIROGLU,1,substitution,578,,[],out,0,18,Dogus,Özdemiroglu,Dogus,Özdemiroglu,D,Ö,D,Ö,D. Özdemiroglu,TÜRK TELEKOM,TTK,D. Özdemiroglu,18,,,,,,SUB,out,TÜRK TELEKOM substitution out,,,,,,,,,0,178,2.0,,0,66,0,71
08:32,08:32:00,66,71,-5,1,4,REGULAR,80,M. DEVOE,1,substitution,579,,[],in,0,0,Michael Jaden,Devoe,Michael Jaden,Devoe,M,D,M,D,M. Devoe,TÜRK TELEKOM,TTK,M. Devoe,0,,,,,,SUB,in,TÜRK TELEKOM substitution in,,,,,,,,,0,178,2.0,,0,66,0,71
08:32,08:32:00,66,71,-5,1,4,REGULAR,7,B. DURMAZ,1,substitution,580,,[],in,0,3,Berkan,Durmaz,Berkan,Durmaz,B,D,B,D,B. Durmaz,TÜRK TELEKOM,TTK,B. Durmaz,3,,,,,,SUB,in,TÜRK TELEKOM substitution in,,,,,,,,,0,178,2.0,,0,66,0,71
08:26,08:26:00,66,71,-5,2,4,REGULAR,101,T. GÖRENER,0,3pt,582,,[],jumpshot,1,5,Tibet Deniz,Görener,Tibet Deniz,Görener,T,G,T,G,T. Görener,GALATASARAY MCT TECHNIC,GSM,T. Görener,5,,,92.819999694824,96.889999389648,0.0,P3,missed,GALATASARAY MCT TECHNIC T. GÖRENER 3Pt missed,,,,,,,,,0,178,2.0,def_reb,0,66,0,71
08:22,08:22:00,66,71,-5,1,4,REGULAR,7,B. DURMAZ,1,rebound,583,582,[],defensive,0,3,Berkan,Durmaz,Berkan,Durmaz,B,D,B,D,B. Durmaz,TÜRK TELEKOM,TTK,B. Durmaz,3,,,,,,REB,,TÜRK TELEKOM rebound defensive,,,,,,,,,0,179,1.0,def_reb,0,66,0,71
08:16,08:16:00,66,71,-5,2,4,REGULAR,109,W. CUMMINGS,1,foul,585,,"['shooting', '2freethrow']",personal,0,7,William,Cummings,William,Cummings,W,C,W,C,W. Cummings,GALATASARAY MCT TECHNIC,GSM,W. Cummings,7,,,,,,FOUL,,GALATASARAY MCT TECHNIC W. CUMMINGS foul personal,,,,,,,,,0,180,2.0,,0,66,0,71
08:16,08:16:00,66,71,-5,1,4,REGULAR,75,K. ALLMAN,1,foulon,586,585,[],,0,1,Kyle Lindsay,Allman,Kyle Lindsay,Allman,K,A,K,A,K. Allman,TÜRK TELEKOM,TTK,K. Allman,1,,,,,,OTHER,,TÜRK TELEKOM foulon,,,,,,,,,0,180,2.0,,0,66,0,71
08:16,08:16:00,66,71,-5,2,4,REGULAR,109,W. CUMMINGS,1,substitution,587,,[],out,0,7,William,Cummings,William,Cummings,W,C,W,C,W. Cummings,GALATASARAY MCT TECHNIC,GSM,W. Cummings,7,,,,,,SUB,out,GALATASARAY MCT TECHNIC substitution out,,,,,,,,,0,180,2.0,,0,66,0,71
08:16,08:16:00,66,71,-5,2,4,REGULAR,106,J. ROBINSON JR,1,substitution,588,,[],in,0,1,Jerome Emanuel,Robinson Jr,Jerome Emanuel,Robinson Jr,J,R,J,R,J. Robinson Jr,GALATASARAY MCT TECHNIC,GSM,J. Robinson Jr,1,,,,,,SUB,in,GALATASARAY MCT TECHNIC substitution in,,,,,,,,,0,180,2.0,,0,66,0,71
08:16,08:16:00,66,71,-5,1,4,REGULAR,75,K. ALLMAN,0,freethrow,589,,[],1of2,1,1,Kyle Lindsay,Allman,Kyle Lindsay,Allman,K,A,K,A,K. Allman,TÜRK TELEKOM,TTK,K. Allman,1,,,,,,FT,missed,TÜRK TELEKOM K. ALLMAN FT 1of2 missed,,,,,,,,,0,180,2.0,def_reb,0,66,0,71
08:16,08:16:00,66,71,-5,1,4,REGULAR,0,,1,rebound,590,589,[],offensivedeadball,0,,,,,,,,,,,TÜRK TELEKOM,TTK,,,,,,,,TREB,,TÜRK TELEKOM team rebound offensivedeadball,,,,,,,,,0,181,1.0,def_reb,0,66,0,71
08:16,08:16:00,66,71,-5,1,4,REGULAR,75,K. ALLMAN,0,freethrow,591,,[],2of2,1,1,Kyle Lindsay,Allman,Kyle Lindsay,Allman,K,A,K,A,K. Allman,TÜRK TELEKOM,TTK,K. Allman,1,,,,,,FT,missed,TÜRK TELEKOM K. ALLMAN FT 2of2 missed,,,,,,,,,0,182,2.0,def_reb,0,66,0,71
08:16,08:16:00,66,71,-5,2,4,REGULAR,108,C. BISHOP,1,rebound,593,591,[],defensive,0,13,Christian Angelo ,Bishop,Christian Angelo ,Bishop,C,B,C,B,C. Bishop,GALATASARAY MCT TECHNIC,GSM,C. Bishop,13,,,,,,REB,,GALATASARAY MCT TECHNIC rebound defensive,,,,,,,,,0,183,1.0,def_reb,0,66,0,71
07:57,07:57:00,66,71,-5,2,4,REGULAR,106,J. ROBINSON JR,0,2pt,594,,['pointsinthepaint'],layup,1,1,Jerome Emanuel,Robinson Jr,Jerome Emanuel,Robinson Jr,J,R,J,R,J. Robinson Jr,GALATASARAY MCT TECHNIC,GSM,J. Robinson Jr,1,,,94.699996948242,42.659999847412,0.0,P2,missed,GALATASARAY MCT TECHNIC J. ROBINSON JR 2Pt missed,,,,,,,,,0,184,2.0,,0,66,0,71
07:56,07:56:00,66,71,-5,2,4,REGULAR,106,J. ROBINSON JR,1,rebound,596,594,[],offensive,0,1,Jerome Emanuel,Robinson Jr,Jerome Emanuel,Robinson Jr,J,R,J,R,J. Robinson Jr,GALATASARAY MCT TECHNIC,GSM,J. Robinson Jr,1,,,,,,REB,,GALATASARAY MCT TECHNIC rebound offensive,,,,,,,,,0,184,2.0,,0,66,0,71
07:56,07:56:00,66,71,-5,2,4,REGULAR,106,J. ROBINSON JR,0,2pt,597,,"['2ndchance', 'pointsinthepaint']",tipinlayup,1,1,Jerome Emanuel,Robinson Jr,Jerome Emanuel,Robinson Jr,J,R,J,R,J. Robinson Jr,GALATASARAY MCT TECHNIC,GSM,J. Robinson Jr,1,,,94.0,50.0,0.0,P2,missed,GALATASARAY MCT TECHNIC J. ROBINSON JR 2Pt missed,,,,,,,,,0,184,2.0,def_reb,0,66,0,71
07:56,07:56:00,66,71,-5,1,4,REGULAR,7,B. DURMAZ,1,rebound,598,597,[],defensive,0,3,Berkan,Durmaz,Berkan,Durmaz,B,D,B,D,B. Durmaz,TÜRK TELEKOM,TTK,B. Durmaz,3,,,,,,REB,,TÜRK TELEKOM rebound defensive,,,,,,,,,0,185,1.0,def_reb,0,66,0,71
07:56,07:56:00,66,71,-5,2,4,REGULAR,106,J. ROBINSON JR,1,foul,599,,[],personal,0,1,Jerome Emanuel,Robinson Jr,Jerome Emanuel,Robinson Jr,J,R,J,R,J. Robinson Jr,GALATASARAY MCT TECHNIC,GSM,J. Robinson Jr,1,,,,,,FOUL,,GALATASARAY MCT TECHNIC J. ROBINSON JR foul personal,,,,,,,,,0,186,2.0,,0,66,0,71
07:56,07:56:00,66,71,-5,1,4,REGULAR,7,B. DURMAZ,1,foulon,600,599,[],,0,3,Berkan,Durmaz,Berkan,Durmaz,B,D,B,D,B. Durmaz,TÜRK TELEKOM,TTK,B. Durmaz,3,,,,,,OTHER,,TÜRK TELEKOM foulon,,,,,,,,,0,186,2.0,,0,66,0,71
07:56,07:56:00,66,71,-5,2,4,REGULAR,0,,1,headcoachchallenge,601,,['rejected'],foul,0,,,,,,,,,,,GALATASARAY MCT TECHNIC,GSM,,,,,,,,OTHER,,GALATASARAY MCT TECHNIC headcoachchallenge foul,,,,,,,,,0,186,2.0,,0,66,0,71
07:41,07:41:00,68,71,-3,1,4,REGULAR,75,K. ALLMAN,1,2pt,603,,[],pullupjumpshot,1,1,Kyle Lindsay,Allman,Kyle Lindsay,Allman,K,A,K,A,K. Allman,TÜRK TELEKOM,TTK,K. Allman,1,,,21.530000686646,28.809999465942,1.0,P2,made,TÜRK TELEKOM K. ALLMAN 2Pt made,,,,,,,,,2,186,2.0,score,2,68,0,71
07:17,07:17:00,68,71,-3,2,4,REGULAR,106,J. ROBINSON JR,0,2pt,605,,"['pointsinthepaint', 'blocked']",layup,1,1,Jerome Emanuel,Robinson Jr,Jerome Emanuel,Robinson Jr,J,R,J,R,J. Robinson Jr,GALATASARAY MCT TECHNIC,GSM,J. Robinson Jr,1,,,93.599998474121,42.369998931885,0.0,P2,missed,GALATASARAY MCT TECHNIC J. ROBINSON JR 2Pt missed,,,,75.0,1.0,K. ALLMAN,,,0,187,1.0,,0,68,0,71
07:17,07:17:00,68,71,-3,1,4,REGULAR,75,K. ALLMAN,1,block,606,605,[],,0,1,Kyle Lindsay,Allman,Kyle Lindsay,Allman,K,A,K,A,K. Allman,TÜRK TELEKOM,TTK,K. Allman,1,,,,,,BS,,TÜRK TELEKOM K. ALLMAN block,,,,,,,,,0,187,1.0,,0,68,0,71
07:17,07:17:00,68,71,-3,2,4,REGULAR,0,,1,rebound,607,605,['team'],offensive,0,,,,,,,,,,,GALATASARAY MCT TECHNIC,GSM,,,,,,,,TREB,,GALATASARAY MCT TECHNIC team rebound offensive,,,,,,,,,0,187,1.0,def_reb,0,68,0,71
07:17,07:17:00,68,71,-3,2,4,REGULAR,106,J. ROBINSON JR,1,substitution,608,,[],out,0,1,Jerome Emanuel,Robinson Jr,Jerome Emanuel,Robinson Jr,J,R,J,R,J. Robinson Jr,GALATASARAY MCT TECHNIC,GSM,J. Robinson Jr,1,,,,,,SUB,out,GALATASARAY MCT TECHNIC substitution out,,,,,,,,,0,188,2.0,,0,68,0,71
07:17,07:17:00,68,71,-3,2,4,REGULAR,109,W. CUMMINGS,1,substitution,609,,[],in,0,7,William,Cummings,William,Cummings,W,C,W,C,W. Cummings,GALATASARAY MCT TECHNIC,GSM,W. Cummings,7,,,,,,SUB,in,GALATASARAY MCT TECHNIC substitution in,,,,,,,,,0,188,2.0,,0,68,0,71
07:12,07:12:00,68,71,-3,2,4,REGULAR,103,J. PALMER JR,0,2pt,611,,['2ndchance'],fadeaway,1,12,James Alfred,Palmer Jr,James Alfred,Palmer Jr,J,P,J,P,J. Palmer Jr,GALATASARAY MCT TECHNIC,GSM,J. Palmer Jr,12,,,79.559997558594,55.650001525879,0.0,P2,missed,GALATASARAY MCT TECHNIC J. PALMER JR 2Pt missed,,,,,,,,,0,188,2.0,def_reb,0,68,0,71
07:10,07:10:00,68,71,-3,1,4,REGULAR,75,K. ALLMAN,1,rebound,612,611,[],defensive,0,1,Kyle Lindsay,Allman,Kyle Lindsay,Allman,K,A,K,A,K. Allman,TÜRK TELEKOM,TTK,K. Allman,1,,,,,,REB,,TÜRK TELEKOM rebound defensive,,,,,,,,,0,189,1.0,def_reb,0,68,0,71
06:57,06:57:00,68,71,-3,1,4,REGULAR,7,B. DURMAZ,0,3pt,613,,[],stepbackjumpshot,1,3,Berkan,Durmaz,Berkan,Durmaz,B,D,B,D,B. Durmaz,TÜRK TELEKOM,TTK,B. Durmaz,3,,,12.949999809265,5.6500000953674,0.0,P3,missed,TÜRK TELEKOM B. DURMAZ 3Pt missed,,,,,,,,,0,190,2.0,def_reb,0,68,0,71
06:55,06:55:00,68,71,-3,2,4,REGULAR,108,C. BISHOP,1,rebound,614,613,[],defensive,0,13,Christian Angelo ,Bishop,Christian Angelo ,Bishop,C,B,C,B,C. Bishop,GALATASARAY MCT TECHNIC,GSM,C. Bishop,13,,,,,,REB,,GALATASARAY MCT TECHNIC rebound defensive,,,,,,,,,0,191,1.0,def_reb,0,68,0,71
06:45,06:45:00,68,71,-3,2,4,REGULAR,103,J. PALMER JR,0,3pt,615,,[],jumpshot,1,12,James Alfred,Palmer Jr,James Alfred,Palmer Jr,J,P,J,P,J. Palmer Jr,GALATASARAY MCT TECHNIC,GSM,J. Palmer Jr,12,,,80.809997558594,8.7600002288818,0.0,P3,missed,GALATASARAY MCT TECHNIC J. PALMER JR 3Pt missed,,,,,,,,,0,192,2.0,def_reb,0,68,0,71
06:43,06:43:00,68,71,-3,1,4,REGULAR,75,K. ALLMAN,1,rebound,616,615,[],defensive,0,1,Kyle Lindsay,Allman,Kyle Lindsay,Allman,K,A,K,A,K. Allman,TÜRK TELEKOM,TTK,K. Allman,1,,,,,,REB,,TÜRK TELEKOM rebound defensive,,,,,,,,,0,193,1.0,def_reb,0,68,0,71
06:28,06:28:00,68,71,-3,2,4,REGULAR,101,T. GÖRENER,1,foul,618,,"['shooting', '2freethrow']",personal,0,5,Tibet Deniz,Görener,Tibet Deniz,Görener,T,G,T,G,T. Görener,GALATASARAY MCT TECHNIC,GSM,T. Görener,5,,,,,,FOUL,,GALATASARAY MCT TECHNIC T. GÖRENER foul personal,,,,,,,,,0,194,2.0,,0,68,0,71
06:28,06:28:00,68,71,-3,1,4,REGULAR,77,J. SMITH,1,foulon,619,618,[],,0,9,Jaleen Devon,Smith,Jaleen Devon,Smith,J,S,J,S,J. Smith,TÜRK TELEKOM,TTK,J. Smith,9,,,,,,OTHER,,TÜRK TELEKOM foulon,,,,,,,,,0,194,2.0,,0,68,0,71
06:28,06:28:00,68,71,-3,1,4,REGULAR,78,K. BANKSTON,1,substitution,620,,[],out,0,30,Kristeon Lamar,Bankston,Kristeon Lamar,Bankston,K,B,K,B,K. Bankston,TÜRK TELEKOM,TTK,K. Bankston,30,,,,,,SUB,out,TÜRK TELEKOM substitution out,,,,,,,,,0,194,2.0,,0,68,0,71
06:28,06:28:00,68,71,-3,1,4,REGULAR,87,K. ALEXANDER,1,substitution,621,,[],in,0,7,Kyle John Solomon,Alexander,Kyle John Solomon,Alexander,K,A,K,A,K. Alexander,TÜRK TELEKOM,TTK,K. Alexander,7,,,,,,SUB,in,TÜRK TELEKOM substitution in,,,,,,,,,0,194,2.0,,0,68,0,71
06:28,06:28:00,68,71,-3,2,4,REGULAR,108,C. BISHOP,1,substitution,622,,[],out,0,13,Christian Angelo ,Bishop,Christian Angelo ,Bishop,C,B,C,B,C. Bishop,GALATASARAY MCT TECHNIC,GSM,C. Bishop,13,,,,,,SUB,out,GALATASARAY MCT TECHNIC substitution out,,,,,,,,,0,194,2.0,,0,68,0,71
06:28,06:28:00,68,71,-3,2,4,REGULAR,105,F. GILLESPIE II,1,substitution,623,,[],in,0,33,Frederick Maurice ,Gillespie Ii,Frederick Maurice ,Gillespie Ii,F,G,F,G,F. Gillespie Ii,GALATASARAY MCT TECHNIC,GSM,F. Gillespie Ii,33,,,,,,SUB,in,GALATASARAY MCT TECHNIC substitution in,,,,,,,,,0,194,2.0,,0,68,0,71
06:28,06:28:00,69,71,-2,1,4,REGULAR,77,J. SMITH,1,freethrow,624,,[],1of2,1,9,Jaleen Devon,Smith,Jaleen Devon,Smith,J,S,J,S,J. Smith,TÜRK TELEKOM,TTK,J. Smith,9,,,,,,FT,made,TÜRK TELEKOM J. SMITH FT 1of2 made,,,,,,,,,1,194,2.0,made_ft,1,69,0,71
06:28,06:28:00,70,71,-1,1,4,REGULAR,77,J. SMITH,1,freethrow,625,,[],2of2,1,9,Jaleen Devon,Smith,Jaleen Devon,Smith,J,S,J,S,J. Smith,TÜRK TELEKOM,TTK,J. Smith,9,,,,,,FT,made,TÜRK TELEKOM J. SMITH FT 2of2 made,,,,,,,,,1,195,1.0,made_ft_last,1,70,0,71
06:03,06:03:00,70,71,-1,2,4,REGULAR,109,W. CUMMINGS,0,2pt,627,,['pointsinthepaint'],layup,1,7,William,Cummings,William,Cummings,W,C,W,C,W. Cummings,GALATASARAY MCT TECHNIC,GSM,W. Cummings,7,,,91.26000213623,47.740001678467,0.0,P2,missed,GALATASARAY MCT TECHNIC W. CUMMINGS 2Pt missed,,,,,,,,,0,196,2.0,def_reb,0,70,0,71
06:01,06:01:00,70,71,-1,1,4,REGULAR,80,M. DEVOE,1,rebound,628,627,[],defensive,0,0,Michael Jaden,Devoe,Michael Jaden,Devoe,M,D,M,D,M. Devoe,TÜRK TELEKOM,TTK,M. Devoe,0,,,,,,REB,,TÜRK TELEKOM rebound defensive,,,,,,,,,0,197,1.0,def_reb,0,70,0,71
05:58,05:58:00,70,71,-1,1,4,REGULAR,75,K. ALLMAN,0,2pt,630,,"['pointsinthepaint', 'blocked']",jumpshot,1,1,Kyle Lindsay,Allman,Kyle Lindsay,Allman,K,A,K,A,K. Allman,TÜRK TELEKOM,TTK,K. Allman,1,,,8.7399997711182,59.319999694824,0.0,P2,missed,TÜRK TELEKOM K. ALLMAN 2Pt missed,,,,101.0,2.0,T. GÖRENER,,,0,198,2.0,,0,70,0,71
05:58,05:58:00,70,71,-1,2,4,REGULAR,101,T. GÖRENER,1,block,631,630,[],,0,5,Tibet Deniz,Görener,Tibet Deniz,Görener,T,G,T,G,T. Görener,GALATASARAY MCT TECHNIC,GSM,T. Görener,5,,,,,,BS,,GALATASARAY MCT TECHNIC T. GÖRENER block,,,,,,,,,0,198,2.0,,0,70,0,71
05:58,05:58:00,70,71,-1,1,4,REGULAR,0,,1,rebound,632,630,['team'],offensive,0,,,,,,,,,,,TÜRK TELEKOM,TTK,,,,,,,,TREB,,TÜRK TELEKOM team rebound offensive,,,,,,,,,0,198,2.0,def_reb,0,70,0,71
05:50,05:50:00,72,71,1,1,4,REGULAR,75,K. ALLMAN,1,2pt,634,,"['2ndchance', 'pointsinthepaint']",layup,1,1,Kyle Lindsay,Allman,Kyle Lindsay,Allman,K,A,K,A,K. Allman,TÜRK TELEKOM,TTK,K. Allman,1,,,5.1500000953674,55.930000305176,1.0,P2,made,TÜRK TELEKOM K. ALLMAN 2Pt made,,,,,,,,,2,199,1.0,score,2,72,0,71
05:49,05:49:00,72,71,1,2,4,REGULAR,0,,1,timeout,636,,[],full,0,,,,,,,,,,,GALATASARAY MCT TECHNIC,GSM,,,,,,,,TIMEOUT,,GALATASARAY MCT TECHNIC timeout,,,,,,,,,0,200,2.0,,0,72,0,71
05:49,05:49:00,72,71,1,0,4,REGULAR,0,,1,timeout,637,,[],officials,0,,,,,,,,,,,,,,,,,,,,TIMEOUT,, timeout,,,,,,,,,0,200,2.0,,0,72,0,71
05:49,05:49:00,72,71,1,2,4,REGULAR,101,T. GÖRENER,1,substitution,638,,[],out,0,5,Tibet Deniz,Görener,Tibet Deniz,Görener,T,G,T,G,T. Görener,GALATASARAY MCT TECHNIC,GSM,T. Görener,5,,,,,,SUB,out,GALATASARAY MCT TECHNIC substitution out,,,,,,,,,0,200,2.0,,0,72,0,71
05:49,05:49:00,72,71,1,2,4,REGULAR,107,R. MEEKS,1,substitution,639,,[],out,0,9,Robinson Jr,Meeks,Robinson Jr,Meeks,R,M,R,M,R. Meeks,GALATASARAY MCT TECHNIC,GSM,R. Meeks,9,,,,,,SUB,out,GALATASARAY MCT TECHNIC substitution out,,,,,,,,,0,200,2.0,,0,72,0,71
05:49,05:49:00,72,71,1,2,4,REGULAR,105,F. GILLESPIE II,1,substitution,640,,[],out,0,33,Frederick Maurice ,Gillespie Ii,Frederick Maurice ,Gillespie Ii,F,G,F,G,F. Gillespie Ii,GALATASARAY MCT TECHNIC,GSM,F. Gillespie Ii,33,,,,,,SUB,out,GALATASARAY MCT TECHNIC substitution out,,,,,,,,,0,200,2.0,,0,72,0,71
05:49,05:49:00,72,71,1,2,4,REGULAR,106,J. ROBINSON JR,1,substitution,641,,[],in,0,1,Jerome Emanuel,Robinson Jr,Jerome Emanuel,Robinson Jr,J,R,J,R,J. Robinson Jr,GALATASARAY MCT TECHNIC,GSM,J. Robinson Jr,1,,,,,,SUB,in,GALATASARAY MCT TECHNIC substitution in,,,,,,,,,0,200,2.0,,0,72,0,71
05:49,05:49:00,72,71,1,2,4,REGULAR,104,F. WHITE JR,1,substitution,642,,[],in,0,35,Fabian Christopher,White Jr,Fabian Christopher,White Jr,F,W,F,W,F. White Jr,GALATASARAY MCT TECHNIC,GSM,F. White Jr,35,,,,,,SUB,in,GALATASARAY MCT TECHNIC substitution in,,,,,,,,,0,200,2.0,,0,72,0,71
05:49,05:49:00,72,71,1,2,4,REGULAR,99,M. YASAR,1,substitution,643,,[],in,0,77,Muhsin,Yasar,Muhsin,Yasar,M,Y,M,Y,M. Yasar,GALATASARAY MCT TECHNIC,GSM,M. Yasar,77,,,,,,SUB,in,GALATASARAY MCT TECHNIC substitution in,,,,,,,,,0,200,2.0,,0,72,0,71
05:41,05:41:00,72,71,1,1,4,REGULAR,87,K. ALEXANDER,1,foul,646,,[],personal,0,7,Kyle John Solomon,Alexander,Kyle John Solomon,Alexander,K,A,K,A,K. Alexander,TÜRK TELEKOM,TTK,K. Alexander,7,,,,,,FOUL,,TÜRK TELEKOM K. ALEXANDER foul personal,,,,,,,,,0,200,2.0,,0,72,0,71
05:41,05:41:00,72,71,1,2,4,REGULAR,99,M. YASAR,1,foulon,647,646,[],,0,77,Muhsin,Yasar,Muhsin,Yasar,M,Y,M,Y,M. Yasar,GALATASARAY MCT TECHNIC,GSM,M. Yasar,77,,,,,,OTHER,,GALATASARAY MCT TECHNIC foulon,,,,,,,,,0,200,2.0,,0,72,0,71
05:29,05:29:00,72,71,1,2,4,REGULAR,103,J. PALMER JR,0,3pt,650,,[],stepbackjumpshot,1,12,James Alfred,Palmer Jr,James Alfred,Palmer Jr,J,P,J,P,J. Palmer Jr,GALATASARAY MCT TECHNIC,GSM,J. Palmer Jr,12,,,68.019996643066,59.889999389648,0.0,P3,missed,GALATASARAY MCT TECHNIC J. PALMER JR 3Pt missed,,,,,,,,,0,200,2.0,def_reb,0,72,0,71
05:28,05:28:00,72,71,1,1,4,REGULAR,7,B. DURMAZ,1,rebound,651,650,[],defensive,0,3,Berkan,Durmaz,Berkan,Durmaz,B,D,B,D,B. Durmaz,TÜRK TELEKOM,TTK,B. Durmaz,3,,,,,,REB,,TÜRK TELEKOM rebound defensive,,,,,,,,,0,201,1.0,def_reb,0,72,0,71
05:28,05:28:00,72,71,1,2,4,REGULAR,104,F. WHITE JR,1,foul,652,,['2freethrow'],personal,0,35,Fabian Christopher,White Jr,Fabian Christopher,White Jr,F,W,F,W,F. White Jr,GALATASARAY MCT TECHNIC,GSM,F. White Jr,35,,,,,,FOUL,,GALATASARAY MCT TECHNIC F. WHITE JR foul personal,,,,,,,,,0,202,2.0,,0,72,0,71
05:28,05:28:00,72,71,1,1,4,REGULAR,7,B. DURMAZ,1,foulon,653,652,[],,0,3,Berkan,Durmaz,Berkan,Durmaz,B,D,B,D,B. Durmaz,TÜRK TELEKOM,TTK,B. Durmaz,3,,,,,,OTHER,,TÜRK TELEKOM foulon,,,,,,,,,0,202,2.0,,0,72,0,71
05:28,05:28:00,72,71,1,1,4,REGULAR,7,B. DURMAZ,0,freethrow,654,,[],1of2,1,3,Berkan,Durmaz,Berkan,Durmaz,B,D,B,D,B. Durmaz,TÜRK TELEKOM,TTK,B. Durmaz,3,,,,,,FT,missed,TÜRK TELEKOM B. DURMAZ FT 1of2 missed,,,,,,,,,0,202,2.0,def_reb,0,72,0,71
05:28,05:28:00,72,71,1,1,4,REGULAR,0,,1,rebound,655,654,[],offensivedeadball,0,,,,,,,,,,,TÜRK TELEKOM,TTK,,,,,,,,TREB,,TÜRK TELEKOM team rebound offensivedeadball,,,,,,,,,0,203,1.0,def_reb,0,72,0,71
05:28,05:28:00,72,71,1,1,4,REGULAR,7,B. DURMAZ,0,freethrow,656,,[],2of2,1,3,Berkan,Durmaz,Berkan,Durmaz,B,D,B,D,B. Durmaz,TÜRK TELEKOM,TTK,B. Durmaz,3,,,,,,FT,missed,TÜRK TELEKOM B. DURMAZ FT 2of2 missed,,,,,,,,,0,204,2.0,def_reb,0,72,0,71
05:28,05:28:00,72,71,1,2,4,REGULAR,104,F. WHITE JR,1,rebound,658,656,[],defensive,0,35,Fabian Christopher,White Jr,Fabian Christopher,White Jr,F,W,F,W,F. White Jr,GALATASARAY MCT TECHNIC,GSM,F. White Jr,35,,,,,,REB,,GALATASARAY MCT TECHNIC rebound defensive,,,,,,,,,0,205,1.0,def_reb,0,72,0,71
05:11,05:11:00,72,73,-1,2,4,REGULAR,104,F. WHITE JR,1,2pt,659,,['pointsinthepaint'],jumpshot,1,35,Fabian Christopher,White Jr,Fabian Christopher,White Jr,F,W,F,W,F. White Jr,GALATASARAY MCT TECHNIC,GSM,F. White Jr,35,,,86.269996643066,58.189998626709,1.0,P2,made,GALATASARAY MCT TECHNIC F. WHITE JR 2Pt made,,,,,,,,,2,206,2.0,score,0,72,2,73
04:47,04:47:00,72,73,-1,2,4,REGULAR,109,W. CUMMINGS,1,foul,661,,['2freethrow'],personal,0,7,William,Cummings,William,Cummings,W,C,W,C,W. Cummings,GALATASARAY MCT TECHNIC,GSM,W. Cummings,7,,,,,,FOUL,,GALATASARAY MCT TECHNIC W. CUMMINGS foul personal,,,,,,,,,0,207,1.0,,0,72,0,73
04:47,04:47:00,72,73,-1,1,4,REGULAR,87,K. ALEXANDER,1,foulon,662,661,[],,0,7,Kyle John Solomon,Alexander,Kyle John Solomon,Alexander,K,A,K,A,K. Alexander,TÜRK TELEKOM,TTK,K. Alexander,7,,,,,,OTHER,,TÜRK TELEKOM foulon,,,,,,,,,0,207,1.0,,0,72,0,73
04:47,04:47:00,73,73,0,1,4,REGULAR,87,K. ALEXANDER,1,freethrow,663,,[],1of2,1,7,Kyle John Solomon,Alexander,Kyle John Solomon,Alexander,K,A,K,A,K. Alexander,TÜRK TELEKOM,TTK,K. Alexander,7,,,,,,FT,made,TÜRK TELEKOM K. ALEXANDER FT 1of2 made,,,,,,,,,1,207,1.0,made_ft,1,73,0,73
04:47,04:47:00,74,73,1,1,4,REGULAR,87,K. ALEXANDER,1,freethrow,664,,[],2of2,1,7,Kyle John Solomon,Alexander,Kyle John Solomon,Alexander,K,A,K,A,K. Alexander,TÜRK TELEKOM,TTK,K. Alexander,7,,,,,,FT,made,TÜRK TELEKOM K. ALEXANDER FT 2of2 made,,,,,,,,,1,208,2.0,made_ft_last,1,74,0,73
04:22,04:22:00,74,75,-1,2,4,REGULAR,103,J. PALMER JR,1,2pt,666,,[],fadeaway,1,12,James Alfred,Palmer Jr,James Alfred,Palmer Jr,J,P,J,P,J. Palmer Jr,GALATASARAY MCT TECHNIC,GSM,J. Palmer Jr,12,,,81.589996337891,32.200000762939,1.0,P2,made,GALATASARAY MCT TECHNIC J. PALMER JR 2Pt made,,,,,,,,,2,209,1.0,score,0,74,2,75
04:04,04:04:00,74,75,-1,1,4,REGULAR,7,B. DURMAZ,0,3pt,667,,[],jumpshot,1,3,Berkan,Durmaz,Berkan,Durmaz,B,D,B,D,B. Durmaz,TÜRK TELEKOM,TTK,B. Durmaz,3,,,18.409999847412,90.680000305176,0.0,P3,missed,TÜRK TELEKOM B. DURMAZ 3Pt missed,,,,,,,,,0,210,2.0,,0,74,0,75
04:02,04:02:00,74,75,-1,1,4,REGULAR,80,M. DEVOE,1,rebound,668,667,[],offensive,0,0,Michael Jaden,Devoe,Michael Jaden,Devoe,M,D,M,D,M. Devoe,TÜRK TELEKOM,TTK,M. Devoe,0,,,,,,REB,,TÜRK TELEKOM rebound offensive,,,,,,,,,0,210,2.0,,0,74,0,75
04:02,04:02:00,76,75,1,1,4,REGULAR,80,M. DEVOE,1,2pt,669,,"['2ndchance', 'pointsinthepaint']",jumpshot,1,0,Michael Jaden,Devoe,Michael Jaden,Devoe,M,D,M,D,M. Devoe,TÜRK TELEKOM,TTK,M. Devoe,0,,,5.6199998855591,46.610000610352,1.0,P2,made,TÜRK TELEKOM M. DEVOE 2Pt made,,,,,,,,,2,210,2.0,score,2,76,0,75
03:41,03:41:00,76,75,1,2,4,REGULAR,106,J. ROBINSON JR,0,2pt,670,,['pointsinthepaint'],layup,1,1,Jerome Emanuel,Robinson Jr,Jerome Emanuel,Robinson Jr,J,R,J,R,J. Robinson Jr,GALATASARAY MCT TECHNIC,GSM,J. Robinson Jr,1,,,92.51000213623,56.779998779297,0.0,P2,missed,GALATASARAY MCT TECHNIC J. ROBINSON JR 2Pt missed,,,,,,,,,0,211,1.0,def_reb,0,76,0,75
03:38,03:38:00,76,75,1,1,4,REGULAR,87,K. ALEXANDER,1,rebound,671,670,[],defensive,0,7,Kyle John Solomon,Alexander,Kyle John Solomon,Alexander,K,A,K,A,K. Alexander,TÜRK TELEKOM,TTK,K. Alexander,7,,,,,,REB,,TÜRK TELEKOM rebound defensive,,,,,,,,,0,212,2.0,def_reb,0,76,0,75
03:22,03:22:00,76,75,1,1,4,REGULAR,77,J. SMITH,0,3pt,672,,[],stepbackjumpshot,1,9,Jaleen Devon,Smith,Jaleen Devon,Smith,J,S,J,S,J. Smith,TÜRK TELEKOM,TTK,J. Smith,9,,,22.0,13.279999732971,0.0,P3,missed,TÜRK TELEKOM J. SMITH 3Pt missed,,,,,,,,,0,213,1.0,def_reb,0,76,0,75
03:19,03:19:00,76,75,1,2,4,REGULAR,106,J. ROBINSON JR,1,rebound,673,672,[],defensive,0,1,Jerome Emanuel,Robinson Jr,Jerome Emanuel,Robinson Jr,J,R,J,R,J. Robinson Jr,GALATASARAY MCT TECHNIC,GSM,J. Robinson Jr,1,,,,,,REB,,GALATASARAY MCT TECHNIC rebound defensive,,,,,,,,,0,214,2.0,def_reb,0,76,0,75
02:59,02:59:00,76,77,-1,2,4,REGULAR,99,M. YASAR,1,2pt,674,,[],jumpshot,1,77,Muhsin,Yasar,Muhsin,Yasar,M,Y,M,Y,M. Yasar,GALATASARAY MCT TECHNIC,GSM,M. Yasar,77,,,90.800003051758,17.799999237061,1.0,P2,made,GALATASARAY MCT TECHNIC M. YASAR 2Pt made,109.0,2.0,W. CUMMINGS,,,,,,2,215,1.0,score,0,76,2,77
02:59,02:59:00,76,77,-1,2,4,REGULAR,109,W. CUMMINGS,1,assist,675,674,[],,0,7,William,Cummings,William,Cummings,W,C,W,C,W. Cummings,GALATASARAY MCT TECHNIC,GSM,W. Cummings,7,,,,,,ASS,,GALATASARAY MCT TECHNIC W. CUMMINGS assist,,,,,,,,,0,216,2.0,,0,76,0,77
02:40,02:40:00,76,77,-1,1,4,REGULAR,75,K. ALLMAN,0,3pt,676,,[],jumpshot,1,1,Kyle Lindsay,Allman,Kyle Lindsay,Allman,K,A,K,A,K. Allman,TÜRK TELEKOM,TTK,K. Allman,1,,,30.729999542236,59.599998474121,0.0,P3,missed,TÜRK TELEKOM K. ALLMAN 3Pt missed,,,,,,,,,0,216,2.0,def_reb,0,76,0,77
02:38,02:38:00,76,77,-1,2,4,REGULAR,103,J. PALMER JR,1,rebound,677,676,[],defensive,0,12,James Alfred,Palmer Jr,James Alfred,Palmer Jr,J,P,J,P,J. Palmer Jr,GALATASARAY MCT TECHNIC,GSM,J. Palmer Jr,12,,,,,,REB,,GALATASARAY MCT TECHNIC rebound defensive,,,,,,,,,0,217,1.0,def_reb,0,76,0,77
02:36,02:36:00,76,77,-1,1,4,REGULAR,77,J. SMITH,1,foul,679,,[],personal,0,9,Jaleen Devon,Smith,Jaleen Devon,Smith,J,S,J,S,J. Smith,TÜRK TELEKOM,TTK,J. Smith,9,,,,,,FOUL,,TÜRK TELEKOM J. SMITH foul personal,,,,,,,,,0,218,2.0,,0,76,0,77
02:36,02:36:00,76,77,-1,2,4,REGULAR,103,J. PALMER JR,1,foulon,680,679,[],,0,12,James Alfred,Palmer Jr,James Alfred,Palmer Jr,J,P,J,P,J. Palmer Jr,GALATASARAY MCT TECHNIC,GSM,J. Palmer Jr,12,,,,,,OTHER,,GALATASARAY MCT TECHNIC foulon,,,,,,,,,0,218,2.0,,0,76,0,77
02:36,02:36:00,76,77,-1,2,4,REGULAR,106,J. ROBINSON JR,1,substitution,681,,[],out,0,1,Jerome Emanuel,Robinson Jr,Jerome Emanuel,Robinson Jr,J,R,J,R,J. Robinson Jr,GALATASARAY MCT TECHNIC,GSM,J. Robinson Jr,1,,,,,,SUB,out,GALATASARAY MCT TECHNIC substitution out,,,,,,,,,0,218,2.0,,0,76,0,77
02:36,02:36:00,76,77,-1,2,4,REGULAR,99,M. YASAR,1,substitution,682,,[],out,0,77,Muhsin,Yasar,Muhsin,Yasar,M,Y,M,Y,M. Yasar,GALATASARAY MCT TECHNIC,GSM,M. Yasar,77,,,,,,SUB,out,GALATASARAY MCT TECHNIC substitution out,,,,,,,,,0,218,2.0,,0,76,0,77
02:36,02:36:00,76,77,-1,2,4,REGULAR,38,A. TUNCER,1,substitution,683,,[],in,0,19,Ahmet Bugrahan,Tuncer,Ahmet Bugrahan,Tuncer,A,T,A,T,A. Tuncer,GALATASARAY MCT TECHNIC,GSM,A. Tuncer,19,,,,,,SUB,in,GALATASARAY MCT TECHNIC substitution in,,,,,,,,,0,218,2.0,,0,76,0,77
02:36,02:36:00,76,77,-1,2,4,REGULAR,105,F. GILLESPIE II,1,substitution,684,,[],in,0,33,Frederick Maurice ,Gillespie Ii,Frederick Maurice ,Gillespie Ii,F,G,F,G,F. Gillespie Ii,GALATASARAY MCT TECHNIC,GSM,F. Gillespie Ii,33,,,,,,SUB,in,GALATASARAY MCT TECHNIC substitution in,,,,,,,,,0,218,2.0,,0,76,0,77
02:31,02:31:00,76,77,-1,2,4,REGULAR,104,F. WHITE JR,0,2pt,686,,['pointsinthepaint'],layup,1,35,Fabian Christopher,White Jr,Fabian Christopher,White Jr,F,W,F,W,F. White Jr,GALATASARAY MCT TECHNIC,GSM,F. White Jr,35,,,92.669998168945,45.479999542236,0.0,P2,missed,GALATASARAY MCT TECHNIC F. WHITE JR 2Pt missed,,,,,,,,,0,218,2.0,def_reb,0,76,0,77
02:28,02:28:00,76,77,-1,1,4,REGULAR,75,K. ALLMAN,1,rebound,687,686,[],defensive,0,1,Kyle Lindsay,Allman,Kyle Lindsay,Allman,K,A,K,A,K. Allman,TÜRK TELEKOM,TTK,K. Allman,1,,,,,,REB,,TÜRK TELEKOM rebound defensive,,,,,,,,,0,219,1.0,def_reb,0,76,0,77
02:11,02:11:00,79,77,2,1,4,REGULAR,7,B. DURMAZ,1,3pt,688,,[],jumpshot,1,3,Berkan,Durmaz,Berkan,Durmaz,B,D,B,D,B. Durmaz,TÜRK TELEKOM,TTK,B. Durmaz,3,,,3.4300000667572,96.330001831055,1.0,P3,made,TÜRK TELEKOM B. DURMAZ 3Pt made,77.0,1.0,J. SMITH,,,,,,3,220,2.0,score,3,79,0,77
02:11,02:11:00,79,77,2,1,4,REGULAR,77,J. SMITH,1,assist,690,688,[],,0,9,Jaleen Devon,Smith,Jaleen Devon,Smith,J,S,J,S,J. Smith,TÜRK TELEKOM,TTK,J. Smith,9,,,,,,ASS,,TÜRK TELEKOM J. SMITH assist,,,,,,,,,0,221,1.0,,0,79,0,77
02:10,02:10:00,79,77,2,2,4,REGULAR,0,,1,timeout,691,,[],full,0,,,,,,,,,,,GALATASARAY MCT TECHNIC,GSM,,,,,,,,TIMEOUT,,GALATASARAY MCT TECHNIC timeout,,,,,,,,,0,221,1.0,,0,79,0,77
01:44,01:44:00,79,77,2,2,4,REGULAR,103,J. PALMER JR,0,3pt,693,,[],jumpshot,1,12,James Alfred,Palmer Jr,James Alfred,Palmer Jr,J,P,J,P,J. Palmer Jr,GALATASARAY MCT TECHNIC,GSM,J. Palmer Jr,12,,,68.48999786377,53.389999389648,0.0,P3,missed,GALATASARAY MCT TECHNIC J. PALMER JR 3Pt missed,,,,,,,,,0,221,1.0,,0,79,0,77
01:41,01:41:00,79,77,2,2,4,REGULAR,109,W. CUMMINGS,1,rebound,694,693,[],offensive,0,7,William,Cummings,William,Cummings,W,C,W,C,W. Cummings,GALATASARAY MCT TECHNIC,GSM,W. Cummings,7,,,,,,REB,,GALATASARAY MCT TECHNIC rebound offensive,,,,,,,,,0,221,1.0,,0,79,0,77
01:33,01:33:00,79,77,2,2,4,REGULAR,109,W. CUMMINGS,1,turnover,697,,[],badpass,0,7,William,Cummings,William,Cummings,W,C,W,C,W. Cummings,GALATASARAY MCT TECHNIC,GSM,W. Cummings,7,,,,,,TO,,GALATASARAY MCT TECHNIC W. CUMMINGS turnover badpass,,,,,,,,,0,221,1.0,turnover,0,79,0,77
01:33,01:33:00,79,77,2,1,4,REGULAR,80,M. DEVOE,1,steal,698,697,[],,0,0,Michael Jaden,Devoe,Michael Jaden,Devoe,M,D,M,D,M. Devoe,TÜRK TELEKOM,TTK,M. Devoe,0,,,,,,ST,,TÜRK TELEKOM M. DEVOE steal,,,,,,,,,0,222,2.0,,0,79,0,77
01:15,01:15:00,79,77,2,2,4,REGULAR,104,F. WHITE JR,1,foul,700,,"['shooting', '2freethrow']",personal,0,35,Fabian Christopher,White Jr,Fabian Christopher,White Jr,F,W,F,W,F. White Jr,GALATASARAY MCT TECHNIC,GSM,F. White Jr,35,,,,,,FOUL,,GALATASARAY MCT TECHNIC F. WHITE JR foul personal,,,,,,,,,0,222,2.0,,0,79,0,77
01:15,01:15:00,79,77,2,1,4,REGULAR,75,K. ALLMAN,1,foulon,701,700,[],,0,1,Kyle Lindsay,Allman,Kyle Lindsay,Allman,K,A,K,A,K. Allman,TÜRK TELEKOM,TTK,K. Allman,1,,,,,,OTHER,,TÜRK TELEKOM foulon,,,,,,,,,0,222,2.0,,0,79,0,77
01:15,01:15:00,80,77,3,1,4,REGULAR,75,K. ALLMAN,1,freethrow,702,,['fromturnover'],1of2,1,1,Kyle Lindsay,Allman,Kyle Lindsay,Allman,K,A,K,A,K. Allman,TÜRK TELEKOM,TTK,K. Allman,1,,,,,,FT,made,TÜRK TELEKOM K. ALLMAN FT 1of2 made,,,,,,,,,1,222,2.0,made_ft,1,80,0,77
01:15,01:15:00,81,77,4,1,4,REGULAR,75,K. ALLMAN,1,freethrow,703,,['fromturnover'],2of2,1,1,Kyle Lindsay,Allman,Kyle Lindsay,Allman,K,A,K,A,K. Allman,TÜRK TELEKOM,TTK,K. Allman,1,,,,,,FT,made,TÜRK TELEKOM K. ALLMAN FT 2of2 made,,,,,,,,,1,223,1.0,made_ft_last,1,81,0,77
00:57,00:57:20,81,77,4,1,4,REGULAR,87,K. ALEXANDER,1,foul,706,,"['shooting', '2freethrow']",personal,0,7,Kyle John Solomon,Alexander,Kyle John Solomon,Alexander,K,A,K,A,K. Alexander,TÜRK TELEKOM,TTK,K. Alexander,7,,,,,,FOUL,,TÜRK TELEKOM K. ALEXANDER foul personal,,,,,,,,,0,224,2.0,,0,81,0,77
00:57,00:57:20,81,77,4,2,4,REGULAR,109,W. CUMMINGS,1,foulon,707,706,[],,0,7,William,Cummings,William,Cummings,W,C,W,C,W. Cummings,GALATASARAY MCT TECHNIC,GSM,W. Cummings,7,,,,,,OTHER,,GALATASARAY MCT TECHNIC foulon,,,,,,,,,0,224,2.0,,0,81,0,77
00:57,00:57:20,81,78,3,2,4,REGULAR,109,W. CUMMINGS,1,freethrow,708,,[],1of2,1,7,William,Cummings,William,Cummings,W,C,W,C,W. Cummings,GALATASARAY MCT TECHNIC,GSM,W. Cummings,7,,,,,,FT,made,GALATASARAY MCT TECHNIC W. CUMMINGS FT 1of2 made,,,,,,,,,1,224,2.0,made_ft,0,81,1,78
00:57,00:57:20,81,79,2,2,4,REGULAR,109,W. CUMMINGS,1,freethrow,709,,[],2of2,1,7,William,Cummings,William,Cummings,W,C,W,C,W. Cummings,GALATASARAY MCT TECHNIC,GSM,W. Cummings,7,,,,,,FT,made,GALATASARAY MCT TECHNIC W. CUMMINGS FT 2of2 made,,,,,,,,,1,225,1.0,made_ft_last,0,81,1,79
00:57,00:57:20,81,79,2,2,4,REGULAR,38,A. TUNCER,1,substitution,710,,[],out,0,19,Ahmet Bugrahan,Tuncer,Ahmet Bugrahan,Tuncer,A,T,A,T,A. Tuncer,GALATASARAY MCT TECHNIC,GSM,A. Tuncer,19,,,,,,SUB,out,GALATASARAY MCT TECHNIC substitution out,,,,,,,,,0,226,2.0,,0,81,0,79
00:57,00:57:20,81,79,2,2,4,REGULAR,104,F. WHITE JR,1,substitution,711,,[],out,0,35,Fabian Christopher,White Jr,Fabian Christopher,White Jr,F,W,F,W,F. White Jr,GALATASARAY MCT TECHNIC,GSM,F. White Jr,35,,,,,,SUB,out,GALATASARAY MCT TECHNIC substitution out,,,,,,,,,0,226,2.0,,0,81,0,79
00:57,00:57:20,81,79,2,2,4,REGULAR,70,R. ÖNCEL,1,substitution,712,,[],in,0,10,Ridvan,Öncel,Ridvan,Öncel,R,Ö,R,Ö,R. Öncel,GALATASARAY MCT TECHNIC,GSM,R. Öncel,10,,,,,,SUB,in,GALATASARAY MCT TECHNIC substitution in,,,,,,,,,0,226,2.0,,0,81,0,79
00:57,00:57:20,81,79,2,2,4,REGULAR,108,C. BISHOP,1,substitution,713,,[],in,0,13,Christian Angelo ,Bishop,Christian Angelo ,Bishop,C,B,C,B,C. Bishop,GALATASARAY MCT TECHNIC,GSM,C. Bishop,13,,,,,,SUB,in,GALATASARAY MCT TECHNIC substitution in,,,,,,,,,0,226,2.0,,0,81,0,79
00:37,00:37:40,81,79,2,1,4,REGULAR,75,K. ALLMAN,0,2pt,715,,[],pullupjumpshot,1,1,Kyle Lindsay,Allman,Kyle Lindsay,Allman,K,A,K,A,K. Allman,TÜRK TELEKOM,TTK,K. Allman,1,,,28.239999771118,54.240001678467,0.0,P2,missed,TÜRK TELEKOM K. ALLMAN 2Pt missed,,,,,,,,,0,226,2.0,def_reb,0,81,0,79
00:34,00:34:00,81,79,2,2,4,REGULAR,105,F. GILLESPIE II,1,rebound,716,715,[],defensive,0,33,Frederick Maurice ,Gillespie Ii,Frederick Maurice ,Gillespie Ii,F,G,F,G,F. Gillespie Ii,GALATASARAY MCT TECHNIC,GSM,F. Gillespie Ii,33,,,,,,REB,,GALATASARAY MCT TECHNIC rebound defensive,,,,,,,,,0,227,1.0,def_reb,0,81,0,79
00:19,00:19:30,81,81,0,2,4,REGULAR,109,W. CUMMINGS,1,2pt,718,,['pointsinthepaint'],floatingjumpshot,1,7,William,Cummings,William,Cummings,W,C,W,C,W. Cummings,GALATASARAY MCT TECHNIC,GSM,W. Cummings,7,,,89.389999389648,51.689998626709,1.0,P2,made,GALATASARAY MCT TECHNIC W. CUMMINGS 2Pt made,,,,,,,,,2,228,2.0,score,0,81,2,81
00:19,00:19:30,81,81,0,1,4,REGULAR,0,,1,timeout,719,,[],full,0,,,,,,,,,,,TÜRK TELEKOM,TTK,,,,,,,,TIMEOUT,,TÜRK TELEKOM timeout,,,,,,,,,0,229,1.0,,0,81,0,81
00:19,00:19:30,81,81,0,2,4,REGULAR,109,W. CUMMINGS,1,substitution,720,,[],out,0,7,William,Cummings,William,Cummings,W,C,W,C,W. Cummings,GALATASARAY MCT TECHNIC,GSM,W. Cummings,7,,,,,,SUB,out,GALATASARAY MCT TECHNIC substitution out,,,,,,,,,0,229,1.0,,0,81,0,81
00:19,00:19:30,81,81,0,2,4,REGULAR,106,J. ROBINSON JR,1,substitution,721,,[],in,0,1,Jerome Emanuel,Robinson Jr,Jerome Emanuel,Robinson Jr,J,R,J,R,J. Robinson Jr,GALATASARAY MCT TECHNIC,GSM,J. Robinson Jr,1,,,,,,SUB,in,GALATASARAY MCT TECHNIC substitution in,,,,,,,,,0,229,1.0,,0,81,0,81
00:01,00:01:70,83,81,2,1,4,REGULAR,75,K. ALLMAN,1,2pt,724,,['pointsinthepaint'],layup,1,1,Kyle Lindsay,Allman,Kyle Lindsay,Allman,K,A,K,A,K. Allman,TÜRK TELEKOM,TTK,K. Allman,1,,,9.9799995422363,53.950000762939,1.0,P2,made,TÜRK TELEKOM K. ALLMAN 2Pt made,,,,,,,,,2,229,1.0,score,2,83,0,81
00:01,00:01:70,83,81,2,2,4,REGULAR,0,,1,timeout,725,,[],full,0,,,,,,,,,,,GALATASARAY MCT TECHNIC,GSM,,,,,,,,TIMEOUT,,GALATASARAY MCT TECHNIC timeout,,,,,,,,,0,230,2.0,,0,83,0,81
00:01,00:01:70,83,81,2,2,4,REGULAR,106,J. ROBINSON JR,1,substitution,726,,[],out,0,1,Jerome Emanuel,Robinson Jr,Jerome Emanuel,Robinson Jr,J,R,J,R,J. Robinson Jr,GALATASARAY MCT TECHNIC,GSM,J. Robinson Jr,1,,,,,,SUB,out,GALATASARAY MCT TECHNIC substitution out,,,,,,,,,0,230,2.0,,0,83,0,81
00:01,00:01:70,83,81,2,2,4,REGULAR,70,R. ÖNCEL,1,substitution,727,,[],out,0,10,Ridvan,Öncel,Ridvan,Öncel,R,Ö,R,Ö,R. Öncel,GALATASARAY MCT TECHNIC,GSM,R. Öncel,10,,,,,,SUB,out,GALATASARAY MCT TECHNIC substitution out,,,,,,,,,0,230,2.0,,0,83,0,81
00:01,00:01:70,83,81,2,2,4,REGULAR,108,C. BISHOP,1,substitution,728,,[],out,0,13,Christian Angelo ,Bishop,Christian Angelo ,Bishop,C,B,C,B,C. Bishop,GALATASARAY MCT TECHNIC,GSM,C. Bishop,13,,,,,,SUB,out,GALATASARAY MCT TECHNIC substitution out,,,,,,,,,0,230,2.0,,0,83,0,81
00:01,00:01:70,83,81,2,2,4,REGULAR,105,F. GILLESPIE II,1,substitution,729,,[],out,0,33,Frederick Maurice ,Gillespie Ii,Frederick Maurice ,Gillespie Ii,F,G,F,G,F. Gillespie Ii,GALATASARAY MCT TECHNIC,GSM,F. Gillespie Ii,33,,,,,,SUB,out,GALATASARAY MCT TECHNIC substitution out,,,,,,,,,0,230,2.0,,0,83,0,81
00:01,00:01:70,83,81,2,2,4,REGULAR,109,W. CUMMINGS,1,substitution,730,,[],in,0,7,William,Cummings,William,Cummings,W,C,W,C,W. Cummings,GALATASARAY MCT TECHNIC,GSM,W. Cummings,7,,,,,,SUB,in,GALATASARAY MCT TECHNIC substitution in,,,,,,,,,0,230,2.0,,0,83,0,81
00:01,00:01:70,83,81,2,2,4,REGULAR,107,R. MEEKS,1,substitution,731,,[],in,0,9,Robinson Jr,Meeks,Robinson Jr,Meeks,R,M,R,M,R. Meeks,GALATASARAY MCT TECHNIC,GSM,R. Meeks,9,,,,,,SUB,in,GALATASARAY MCT TECHNIC substitution in,,,,,,,,,0,230,2.0,,0,83,0,81
00:01,00:01:70,83,81,2,2,4,REGULAR,38,A. TUNCER,1,substitution,732,,[],in,0,19,Ahmet Bugrahan,Tuncer,Ahmet Bugrahan,Tuncer,A,T,A,T,A. Tuncer,GALATASARAY MCT TECHNIC,GSM,A. Tuncer,19,,,,,,SUB,in,GALATASARAY MCT TECHNIC substitution in,,,,,,,,,0,230,2.0,,0,83,0,81
00:01,00:01:70,83,81,2,2,4,REGULAR,104,F. WHITE JR,1,substitution,733,,[],in,0,35,Fabian Christopher,White Jr,Fabian Christopher,White Jr,F,W,F,W,F. White Jr,GALATASARAY MCT TECHNIC,GSM,F. White Jr,35,,,,,,SUB,in,GALATASARAY MCT TECHNIC substitution in,,,,,,,,,0,230,2.0,,0,83,0,81
00:01,00:01:10,83,81,2,2,4,REGULAR,103,J. PALMER JR,0,3pt,736,,[],jumpshot,1,12,James Alfred,Palmer Jr,James Alfred,Palmer Jr,J,P,J,P,J. Palmer Jr,GALATASARAY MCT TECHNIC,GSM,J. Palmer Jr,12,,,64.900001525879,52.819999694824,0.0,P3,missed,GALATASARAY MCT TECHNIC J. PALMER JR 3Pt missed,,,,,,,,,0,230,2.0,,0,83,0,81
00:00,00:00:00,83,81,2,0,4,REGULAR,0,,1,period,739,,['confirmed'],end,0,,,,,,,,,,,,,,,,,,,,OTHER,,period end,,,,,,,,,0,230,2.0,,0,83,0,81
00:00,00:00:00,83,81,2,0,4,REGULAR,0,,1,game,740,,['confirmed'],end,0,,,,,,,,,,,,,,,,,,,,OTHER,,game end,,,,,,,,,0,230,2.0,,0,83,0,81
