gt,clock,s1,s2,lead,tno,period,periodType,pno,player,success,actionType,actionNumber,previousAction,qualifier,subType,scoring,shirtNumber,firstName,familyName,internationalFirstName,internationalFamilyName,firstNameInitial,familyNameInitial,internationalFirstNameInitial,internationalFamilyNameInitial,scoreboardName,team_name,team_code,player_name_from_roster,player_shirt,player_pos_raw,player_pos_group,x,y,r,ev_code,ev_result,ev_text,assist_pno,assist_tno,assist_player,block_pno,block_tno,block_player,assist_pos_group,block_pos_group,points,possession_id,possession_owner_tno,possession_end_reason,pts_1,cum_1,pts_2,cum_2
10:00,10:00:00,0,0,0,0,1,REGULAR,0,,1,game,1,,[],start,0,,,,,,,,,,,,,,,,,,,,OTHER,,game start,,,,,,,,,0,0,,,0,0,0,0
10:00,10:00:00,0,0,0,0,1,REGULAR,0,,1,period,2,,[],start,0,,,,,,,,,,,,,,,,,,,,OTHER,,period start,,,,,,,,,0,0,,,0,0,0,0
10:00,10:00:00,0,0,0,0,1,REGULAR,0,,1,jumpball,4,,[],startperiod,0,,,,,,,,,,,,,,,,,,,,JUMP,,jump ball,,,,,,,,,0,0,,,0,0,0,0
09:59,09:59:00,0,0,0,2,1,REGULAR,73,B. DESSERT,1,jumpball,5,4,[],won,0,13,Brice ,Dessert,Brice ,Dessert,B,D,B,D,B. Dessert,ANADOLU EFES,EFS,B. Dessert,13,,,,,,JUMP,,jump ball,,,,,,,,,0,0,,,0,0,0,0
09:59,09:59:00,0,0,0,1,1,REGULAR,127,L. NNOKO,1,jumpball,6,4,[],lost,0,35,Landry,Nnoko,Landry,Nnoko,L,N,L,N,L. Nnoko,BURSASPOR BASKETBOL,SPR,L. Nnoko,35,,,,,,JUMP,,jump ball,,,,,,,,,0,0,,,0,0,0,0
09:41,09:41:00,0,2,-2,2,1,REGULAR,89,E. OSMANI,1,2pt,7,,['pointsinthepaint'],jumpshot,1,24,Ercan,Osmani,Ercan,Osmani,E,O,E,O,E. Osmani,ANADOLU EFES,EFS,E. Osmani,24,,,88.48999786377,50.959999084473,1.0,P2,made,ANADOLU EFES E. OSMANI 2Pt made,,,,,,,,,2,1,2.0,score,0,0,2,2
09:31,09:31:00,0,2,-2,1,1,REGULAR,127,L. NNOKO,1,foul,9,,[],offensive,0,35,Landry,Nnoko,Landry,Nnoko,L,N,L,N,L. Nnoko,BURSASPOR BASKETBOL,SPR,L. Nnoko,35,,,,,,RFOUL,,BURSASPOR BASKETBOL L. NNOKO foul offensive,,,,,,,,,0,2,1.0,offensive_foul,0,0,0,2
09:31,09:31:00,0,2,-2,1,1,REGULAR,127,L. NNOKO,1,turnover,10,9,[],offensive,0,35,Landry,Nnoko,Landry,Nnoko,L,N,L,N,L. Nnoko,BURSASPOR BASKETBOL,SPR,L. Nnoko,35,,,,,,TO,,BURSASPOR BASKETBOL L. NNOKO turnover offensive,,,,,,,,,0,3,2.0,turnover,0,0,0,2
09:31,09:31:00,0,2,-2,2,1,REGULAR,80,E. YILMAZ,1,foulon,11,9,[],,0,33,Erkan,Yilmaz,Erkan,Yilmaz,E,Y,E,Y,E. Yilmaz,ANADOLU EFES,EFS,E. Yilmaz,33,,,,,,OTHER,,ANADOLU EFES foulon,,,,,,,,,0,4,1.0,,0,0,0,2
09:08,09:08:00,0,4,-4,2,1,REGULAR,88,I. CORDINIER,1,2pt,13,,"['fromturnover', 'pointsinthepaint']",drivinglayup,1,10,Isaia,Cordinier,Isaia,Cordinier,I,C,I,C,I. Cordinier,ANADOLU EFES,EFS,I. Cordinier,10,,,90.830001831055,40.790000915527,1.0,P2,made,ANADOLU EFES I. CORDINIER 2Pt made,,,,,,,,,2,4,1.0,score,0,0,2,4
08:53,08:53:00,0,4,-4,1,1,REGULAR,133,B. CHILDRESS,1,turnover,14,,[],badpass,0,0,Brandon Reginald,Childress,Brandon Reginald,Childress,B,C,B,C,B. Childress,BURSASPOR BASKETBOL,SPR,B. Childress,0,,,,,,TO,,BURSASPOR BASKETBOL B. CHILDRESS turnover badpass,,,,,,,,,0,5,2.0,turnover,0,0,0,4
08:53,08:53:00,0,4,-4,2,1,REGULAR,80,E. YILMAZ,1,steal,15,14,[],,0,33,Erkan,Yilmaz,Erkan,Yilmaz,E,Y,E,Y,E. Yilmaz,ANADOLU EFES,EFS,E. Yilmaz,33,,,,,,ST,,ANADOLU EFES E. YILMAZ steal,,,,,,,,,0,6,1.0,,0,0,0,4
08:47,08:47:00,0,7,-7,2,1,REGULAR,87,N. WEILER-BABB,1,3pt,16,,"['fromturnover', 'fastbreak']",jumpshot,1,8,Nick,Weiler-Babb,Nick,Weiler-Babb,N,W,N,W,N. Weiler-Babb,ANADOLU EFES,EFS,N. Weiler-Babb,8,,,79.440002441406,11.130000114441,1.0,P3,made,ANADOLU EFES N. WEILER-BABB 3Pt made,80.0,2.0,E. YILMAZ,,,,,,3,6,1.0,score,0,0,3,7
08:47,08:47:00,0,7,-7,2,1,REGULAR,80,E. YILMAZ,1,assist,18,16,[],,0,33,Erkan,Yilmaz,Erkan,Yilmaz,E,Y,E,Y,E. Yilmaz,ANADOLU EFES,EFS,E. Yilmaz,33,,,,,,ASS,,ANADOLU EFES E. YILMAZ assist,,,,,,,,,0,7,2.0,,0,0,0,7
08:43,08:43:00,0,7,-7,1,1,REGULAR,0,,1,timeout,21,,[],full,0,,,,,,,,,,,BURSASPOR BASKETBOL,SPR,,,,,,,,TIMEOUT,,BURSASPOR BASKETBOL timeout,,,,,,,,,0,7,2.0,,0,0,0,7
08:22,08:22:00,0,7,-7,1,1,REGULAR,135,A. KONONTSUK,1,turnover,24,,[],ballhandling,0,34,Artur,Konontsuk,Artur,Konontsuk,A,K,A,K,A. Konontsuk,BURSASPOR BASKETBOL,SPR,A. Konontsuk,34,,,,,,TO,,BURSASPOR BASKETBOL A. KONONTSUK turnover ballhandling,,,,,,,,,0,7,2.0,turnover,0,0,0,7
08:05,08:05:00,0,9,-9,2,1,REGULAR,73,B. DESSERT,1,2pt,27,,"['fromturnover', 'pointsinthepaint']",alleyoopdunk,1,13,Brice ,Dessert,Brice ,Dessert,B,D,B,D,B. Dessert,ANADOLU EFES,EFS,B. Dessert,13,,,91.139999389648,59.150001525879,1.0,P2,made,ANADOLU EFES B. DESSERT 2Pt made,87.0,2.0,N. WEILER-BABB,,,,,,2,8,1.0,score,0,0,2,9
08:05,08:05:00,0,9,-9,2,1,REGULAR,87,N. WEILER-BABB,1,assist,28,27,[],,0,8,Nick,Weiler-Babb,Nick,Weiler-Babb,N,W,N,W,N. Weiler-Babb,ANADOLU EFES,EFS,N. Weiler-Babb,8,,,,,,ASS,,ANADOLU EFES N. WEILER-BABB assist,,,,,,,,,0,9,2.0,,0,0,0,9
08:05,08:05:00,0,9,-9,1,1,REGULAR,135,A. KONONTSUK,1,foul,29,,"['shooting', '1freethrow']",personal,0,34,Artur,Konontsuk,Artur,Konontsuk,A,K,A,K,A. Konontsuk,BURSASPOR BASKETBOL,SPR,A. Konontsuk,34,,,,,,FOUL,,BURSASPOR BASKETBOL A. KONONTSUK foul personal,,,,,,,,,0,9,2.0,,0,0,0,9
08:05,08:05:00,0,9,-9,2,1,REGULAR,73,B. DESSERT,1,foulon,30,29,[],,0,13,Brice ,Dessert,Brice ,Dessert,B,D,B,D,B. Dessert,ANADOLU EFES,EFS,B. Dessert,13,,,,,,OTHER,,ANADOLU EFES foulon,,,,,,,,,0,9,2.0,,0,0,0,9
08:05,08:05:00,0,9,-9,2,1,REGULAR,73,B. DESSERT,0,freethrow,31,,['fromturnover'],1of1,1,13,Brice ,Dessert,Brice ,Dessert,B,D,B,D,B. Dessert,ANADOLU EFES,EFS,B. Dessert,13,,,,,,FT,missed,ANADOLU EFES B. DESSERT FT 1of1 missed,,,,,,,,,0,9,2.0,,0,0,0,9
08:04,08:04:00,0,9,-9,2,1,REGULAR,89,E. OSMANI,1,rebound,33,31,[],offensive,0,24,Ercan,Osmani,Ercan,Osmani,E,O,E,O,E. Osmani,ANADOLU EFES,EFS,E. Osmani,24,,,,,,REB,,ANADOLU EFES rebound offensive,,,,,,,,,0,9,2.0,,0,0,0,9
08:04,08:04:00,0,11,-11,2,1,REGULAR,89,E. OSMANI,1,2pt,34,,"['2ndchance', 'pointsinthepaint']",tipinlayup,1,24,Ercan,Osmani,Ercan,Osmani,E,O,E,O,E. Osmani,ANADOLU EFES,EFS,E. Osmani,24,,,94.0,50.0,1.0,P2,made,ANADOLU EFES E. OSMANI 2Pt made,,,,,,,,,2,9,2.0,score,0,0,2,11
07:45,07:45:00,0,11,-11,2,1,REGULAR,73,B. DESSERT,1,foul,38,,"['shooting', '2freethrow']",personal,0,13,Brice ,Dessert,Brice ,Dessert,B,D,B,D,B. Dessert,ANADOLU EFES,EFS,B. Dessert,13,,,,,,FOUL,,ANADOLU EFES B. DESSERT foul personal,,,,,,,,,0,10,1.0,,0,0,0,11
07:45,07:45:00,0,11,-11,1,1,REGULAR,134,V. KING,1,foulon,39,38,[],,0,22,Vincent Earl,King,Vincent Earl,King,V,K,V,K,V. King,BURSASPOR BASKETBOL,SPR,V. King,22,,,,,,OTHER,,BURSASPOR BASKETBOL foulon,,,,,,,,,0,10,1.0,,0,0,0,11
07:45,07:45:00,1,11,-10,1,1,REGULAR,134,V. KING,1,freethrow,40,,[],1of2,1,22,Vincent Earl,King,Vincent Earl,King,V,K,V,K,V. King,BURSASPOR BASKETBOL,SPR,V. King,22,,,,,,FT,made,BURSASPOR BASKETBOL V. KING FT 1of2 made,,,,,,,,,1,10,1.0,made_ft,1,1,0,11
07:45,07:45:00,1,11,-10,1,1,REGULAR,127,L. NNOKO,1,assist,41,40,[],,0,35,Landry,Nnoko,Landry,Nnoko,L,N,L,N,L. Nnoko,BURSASPOR BASKETBOL,SPR,L. Nnoko,35,,,,,,ASS,,BURSASPOR BASKETBOL L. NNOKO assist,,,,,,,,,0,11,2.0,,0,1,0,11
07:45,07:45:00,2,11,-9,1,1,REGULAR,134,V. KING,1,freethrow,42,,[],2of2,1,22,Vincent Earl,King,Vincent Earl,King,V,K,V,K,V. King,BURSASPOR BASKETBOL,SPR,V. King,22,,,,,,FT,made,BURSASPOR BASKETBOL V. KING FT 2of2 made,,,,,,,,,1,11,2.0,made_ft_last,1,2,0,11
07:32,07:32:00,2,11,-9,2,1,REGULAR,87,N. WEILER-BABB,1,turnover,44,,[],badpass,0,8,Nick,Weiler-Babb,Nick,Weiler-Babb,N,W,N,W,N. Weiler-Babb,ANADOLU EFES,EFS,N. Weiler-Babb,8,,,,,,TO,,ANADOLU EFES N. WEILER-BABB turnover badpass,,,,,,,,,0,12,1.0,turnover,0,2,0,11
07:32,07:32:00,2,11,-9,1,1,REGULAR,101,H. KÖKSAL,1,steal,45,44,[],,0,7,Hüseyin Göksenin,Köksal,Hüseyin Göksenin,Köksal,H,K,H,K,H. Köksal,BURSASPOR BASKETBOL,SPR,H. Köksal,7,,,,,,ST,,BURSASPOR BASKETBOL H. KÖKSAL steal,,,,,,,,,0,13,2.0,,0,2,0,11
07:28,07:28:00,5,11,-6,1,1,REGULAR,133,B. CHILDRESS,1,3pt,46,,"['fromturnover', 'fastbreak']",jumpshot,1,0,Brandon Reginald,Childress,Brandon Reginald,Childress,B,C,B,C,B. Childress,BURSASPOR BASKETBOL,SPR,B. Childress,0,,,24.520000457764,88.529998779297,1.0,P3,made,BURSASPOR BASKETBOL B. CHILDRESS 3Pt made,134.0,1.0,V. KING,,,,,,3,13,2.0,score,3,5,0,11
07:28,07:28:00,5,11,-6,1,1,REGULAR,134,V. KING,1,assist,47,46,[],,0,22,Vincent Earl,King,Vincent Earl,King,V,K,V,K,V. King,BURSASPOR BASKETBOL,SPR,V. King,22,,,,,,ASS,,BURSASPOR BASKETBOL V. KING assist,,,,,,,,,0,14,1.0,,0,5,0,11
07:08,07:08:00,5,11,-6,2,1,REGULAR,87,N. WEILER-BABB,1,turnover,48,,[],badpass,0,8,Nick,Weiler-Babb,Nick,Weiler-Babb,N,W,N,W,N. Weiler-Babb,ANADOLU EFES,EFS,N. Weiler-Babb,8,,,,,,TO,,ANADOLU EFES N. WEILER-BABB turnover badpass,,,,,,,,,0,14,1.0,turnover,0,5,0,11
07:08,07:08:00,5,11,-6,1,1,REGULAR,127,L. NNOKO,1,steal,49,48,[],,0,35,Landry,Nnoko,Landry,Nnoko,L,N,L,N,L. Nnoko,BURSASPOR BASKETBOL,SPR,L. Nnoko,35,,,,,,ST,,BURSASPOR BASKETBOL L. NNOKO steal,,,,,,,,,0,15,2.0,,0,5,0,11
07:03,07:03:00,5,11,-6,1,1,REGULAR,134,V. KING,1,turnover,50,,[],ballhandling,0,22,Vincent Earl,King,Vincent Earl,King,V,K,V,K,V. King,BURSASPOR BASKETBOL,SPR,V. King,22,,,,,,TO,,BURSASPOR BASKETBOL V. KING turnover ballhandling,,,,,,,,,0,15,2.0,turnover,0,5,0,11
07:03,07:03:00,5,11,-6,2,1,REGULAR,87,N. WEILER-BABB,1,steal,51,50,[],,0,8,Nick,Weiler-Babb,Nick,Weiler-Babb,N,W,N,W,N. Weiler-Babb,ANADOLU EFES,EFS,N. Weiler-Babb,8,,,,,,ST,,ANADOLU EFES N. WEILER-BABB steal,,,,,,,,,0,16,1.0,,0,5,0,11
06:48,06:48:00,5,11,-6,1,1,REGULAR,133,B. CHILDRESS,1,foul,53,,[],personal,0,0,Brandon Reginald,Childress,Brandon Reginald,Childress,B,C,B,C,B. Childress,BURSASPOR BASKETBOL,SPR,B. Childress,0,,,,,,FOUL,,BURSASPOR BASKETBOL B. CHILDRESS foul personal,,,,,,,,,0,16,1.0,,0,5,0,11
06:48,06:48:00,5,11,-6,2,1,REGULAR,80,E. YILMAZ,1,foulon,54,53,[],,0,33,Erkan,Yilmaz,Erkan,Yilmaz,E,Y,E,Y,E. Yilmaz,ANADOLU EFES,EFS,E. Yilmaz,33,,,,,,OTHER,,ANADOLU EFES foulon,,,,,,,,,0,16,1.0,,0,5,0,11
06:43,06:43:00,5,11,-6,2,1,REGULAR,88,I. CORDINIER,0,2pt,56,,"['fromturnover', 'pointsinthepaint']",layup,1,10,Isaia,Cordinier,Isaia,Cordinier,I,C,I,C,I. Cordinier,ANADOLU EFES,EFS,I. Cordinier,10,,,92.389999389648,39.939998626709,0.0,P2,missed,ANADOLU EFES I. CORDINIER 2Pt missed,,,,,,,,,0,16,1.0,def_reb,0,5,0,11
06:40,06:40:00,5,11,-6,1,1,REGULAR,101,H. KÖKSAL,1,rebound,57,56,[],defensive,0,7,Hüseyin Göksenin,Köksal,Hüseyin Göksenin,Köksal,H,K,H,K,H. Köksal,BURSASPOR BASKETBOL,SPR,H. Köksal,7,,,,,,REB,,BURSASPOR BASKETBOL rebound defensive,,,,,,,,,0,17,2.0,def_reb,0,5,0,11
06:36,06:36:00,5,11,-6,1,1,REGULAR,133,B. CHILDRESS,0,3pt,58,,[],jumpshot,1,0,Brandon Reginald,Childress,Brandon Reginald,Childress,B,C,B,C,B. Childress,BURSASPOR BASKETBOL,SPR,B. Childress,0,,,24.680000305176,84.290000915527,0.0,P3,missed,BURSASPOR BASKETBOL B. CHILDRESS 3Pt missed,,,,,,,,,0,18,1.0,def_reb,0,5,0,11
06:33,06:33:00,5,11,-6,2,1,REGULAR,87,N. WEILER-BABB,1,rebound,59,58,[],defensive,0,8,Nick,Weiler-Babb,Nick,Weiler-Babb,N,W,N,W,N. Weiler-Babb,ANADOLU EFES,EFS,N. Weiler-Babb,8,,,,,,REB,,ANADOLU EFES rebound defensive,,,,,,,,,0,19,2.0,def_reb,0,5,0,11
06:31,06:31:00,5,13,-8,2,1,REGULAR,88,I. CORDINIER,1,2pt,60,,"['pointsinthepaint', 'fastbreak']",layup,1,10,Isaia,Cordinier,Isaia,Cordinier,I,C,I,C,I. Cordinier,ANADOLU EFES,EFS,I. Cordinier,10,,,91.919998168945,39.380001068115,1.0,P2,made,ANADOLU EFES I. CORDINIER 2Pt made,87.0,2.0,N. WEILER-BABB,,,,,,2,20,1.0,score,0,5,2,13
06:31,06:31:00,5,13,-8,2,1,REGULAR,87,N. WEILER-BABB,1,assist,61,60,[],,0,8,Nick,Weiler-Babb,Nick,Weiler-Babb,N,W,N,W,N. Weiler-Babb,ANADOLU EFES,EFS,N. Weiler-Babb,8,,,,,,ASS,,ANADOLU EFES N. WEILER-BABB assist,,,,,,,,,0,21,2.0,,0,5,0,13
06:14,06:14:00,5,13,-8,2,1,REGULAR,87,N. WEILER-BABB,1,foul,63,,[],personal,0,8,Nick,Weiler-Babb,Nick,Weiler-Babb,N,W,N,W,N. Weiler-Babb,ANADOLU EFES,EFS,N. Weiler-Babb,8,,,,,,FOUL,,ANADOLU EFES N. WEILER-BABB foul personal,,,,,,,,,0,21,2.0,,0,5,0,13
06:14,06:14:00,5,13,-8,1,1,REGULAR,133,B. CHILDRESS,1,foulon,64,63,[],,0,0,Brandon Reginald,Childress,Brandon Reginald,Childress,B,C,B,C,B. Childress,BURSASPOR BASKETBOL,SPR,B. Childress,0,,,,,,OTHER,,BURSASPOR BASKETBOL foulon,,,,,,,,,0,21,2.0,,0,5,0,13
06:13,06:13:00,5,13,-8,2,1,REGULAR,73,B. DESSERT,1,substitution,67,,[],out,0,13,Brice ,Dessert,Brice ,Dessert,B,D,B,D,B. Dessert,ANADOLU EFES,EFS,B. Dessert,13,,,,,,SUB,out,ANADOLU EFES substitution out,,,,,,,,,0,21,2.0,,0,5,0,13
06:13,06:13:00,5,13,-8,2,1,REGULAR,80,E. YILMAZ,1,substitution,68,,[],out,0,33,Erkan,Yilmaz,Erkan,Yilmaz,E,Y,E,Y,E. Yilmaz,ANADOLU EFES,EFS,E. Yilmaz,33,,,,,,SUB,out,ANADOLU EFES substitution out,,,,,,,,,0,21,2.0,,0,5,0,13
06:13,06:13:00,5,13,-8,2,1,REGULAR,92,J. LOYD,1,substitution,69,,[],in,0,3,Jordan,Loyd,Jordan,Loyd,J,L,J,L,J. Loyd,ANADOLU EFES,EFS,J. Loyd,3,,,,,,SUB,in,ANADOLU EFES substitution in,,,,,,,,,0,21,2.0,,0,5,0,13
06:13,06:13:00,5,13,-8,2,1,REGULAR,85,G. PAPAGIANNIS,1,substitution,70,,[],in,0,9,Georgios,Papagiannis,Georgios,Papagiannis,G,P,G,P,G. Papagiannis,ANADOLU EFES,EFS,G. Papagiannis,9,,,,,,SUB,in,ANADOLU EFES substitution in,,,,,,,,,0,21,2.0,,0,5,0,13
06:04,06:04:00,5,13,-8,1,1,REGULAR,135,A. KONONTSUK,0,3pt,72,,[],jumpshot,1,34,Artur,Konontsuk,Artur,Konontsuk,A,K,A,K,A. Konontsuk,BURSASPOR BASKETBOL,SPR,A. Konontsuk,34,,,23.739999771118,10.560000419617,0.0,P3,missed,BURSASPOR BASKETBOL A. KONONTSUK 3Pt missed,,,,,,,,,0,21,2.0,def_reb,0,5,0,13
06:02,06:02:00,5,13,-8,2,1,REGULAR,87,N. WEILER-BABB,1,rebound,73,72,[],defensive,0,8,Nick,Weiler-Babb,Nick,Weiler-Babb,N,W,N,W,N. Weiler-Babb,ANADOLU EFES,EFS,N. Weiler-Babb,8,,,,,,REB,,ANADOLU EFES rebound defensive,,,,,,,,,0,22,1.0,def_reb,0,5,0,13
05:46,05:46:00,5,13,-8,1,1,REGULAR,135,A. KONONTSUK,1,foul,75,,[],personal,0,34,Artur,Konontsuk,Artur,Konontsuk,A,K,A,K,A. Konontsuk,BURSASPOR BASKETBOL,SPR,A. Konontsuk,34,,,,,,FOUL,,BURSASPOR BASKETBOL A. KONONTSUK foul personal,,,,,,,,,0,23,2.0,,0,5,0,13
05:46,05:46:00,5,13,-8,2,1,REGULAR,89,E. OSMANI,1,foulon,76,75,[],,0,24,Ercan,Osmani,Ercan,Osmani,E,O,E,O,E. Osmani,ANADOLU EFES,EFS,E. Osmani,24,,,,,,OTHER,,ANADOLU EFES foulon,,,,,,,,,0,23,2.0,,0,5,0,13
05:37,05:37:00,5,13,-8,2,1,REGULAR,85,G. PAPAGIANNIS,1,turnover,79,,[],travel,0,9,Georgios,Papagiannis,Georgios,Papagiannis,G,P,G,P,G. Papagiannis,ANADOLU EFES,EFS,G. Papagiannis,9,,,,,,TO,,ANADOLU EFES G. PAPAGIANNIS turnover travel,,,,,,,,,0,23,2.0,turnover,0,5,0,13
05:37,05:37:00,5,13,-8,1,1,REGULAR,135,A. KONONTSUK,1,substitution,80,,[],out,0,34,Artur,Konontsuk,Artur,Konontsuk,A,K,A,K,A. Konontsuk,BURSASPOR BASKETBOL,SPR,A. Konontsuk,34,,,,,,SUB,out,BURSASPOR BASKETBOL substitution out,,,,,,,,,0,24,1.0,,0,5,0,13
05:37,05:37:00,5,13,-8,1,1,REGULAR,4,Y. ONAR,1,substitution,81,,[],in,0,14,Yesukan,Onar,Yesukan,Onar,Y,O,Y,O,Y. Onar,BURSASPOR BASKETBOL,SPR,Y. Onar,14,,,,,,SUB,in,BURSASPOR BASKETBOL substitution in,,,,,,,,,0,24,1.0,,0,5,0,13
05:25,05:25:00,5,13,-8,1,1,REGULAR,101,H. KÖKSAL,1,turnover,84,,[],badpass,0,7,Hüseyin Göksenin,Köksal,Hüseyin Göksenin,Köksal,H,K,H,K,H. Köksal,BURSASPOR BASKETBOL,SPR,H. Köksal,7,,,,,,TO,,BURSASPOR BASKETBOL H. KÖKSAL turnover badpass,,,,,,,,,0,24,1.0,turnover,0,5,0,13
05:12,05:12:00,5,13,-8,2,1,REGULAR,89,E. OSMANI,1,turnover,87,,[],outofbounds,0,24,Ercan,Osmani,Ercan,Osmani,E,O,E,O,E. Osmani,ANADOLU EFES,EFS,E. Osmani,24,,,,,,TO,,ANADOLU EFES E. OSMANI turnover outofbounds,,,,,,,,,0,25,2.0,turnover,0,5,0,13
04:46,04:46:00,7,13,-6,1,1,REGULAR,127,L. NNOKO,1,2pt,89,,"['fromturnover', 'pointsinthepaint']",jumpshot,1,35,Landry,Nnoko,Landry,Nnoko,L,N,L,N,L. Nnoko,BURSASPOR BASKETBOL,SPR,L. Nnoko,35,,,12.199999809265,64.800003051758,1.0,P2,made,BURSASPOR BASKETBOL L. NNOKO 2Pt made,,,,,,,,,2,26,1.0,score,2,7,0,13
04:26,04:26:00,7,13,-6,2,1,REGULAR,85,G. PAPAGIANNIS,0,2pt,90,,['pointsinthepaint'],hookshot,1,9,Georgios,Papagiannis,Georgios,Papagiannis,G,P,G,P,G. Papagiannis,ANADOLU EFES,EFS,G. Papagiannis,9,,,88.639999389648,41.639999389648,0.0,P2,missed,ANADOLU EFES G. PAPAGIANNIS 2Pt missed,,,,,,,,,0,27,2.0,def_reb,0,7,0,13
04:23,04:23:00,7,13,-6,1,1,REGULAR,134,V. KING,1,rebound,91,90,[],defensive,0,22,Vincent Earl,King,Vincent Earl,King,V,K,V,K,V. King,BURSASPOR BASKETBOL,SPR,V. King,22,,,,,,REB,,BURSASPOR BASKETBOL rebound defensive,,,,,,,,,0,28,1.0,def_reb,0,7,0,13
04:17,04:17:00,7,13,-6,2,1,REGULAR,85,G. PAPAGIANNIS,1,foul,93,,[],personal,0,9,Georgios,Papagiannis,Georgios,Papagiannis,G,P,G,P,G. Papagiannis,ANADOLU EFES,EFS,G. Papagiannis,9,,,,,,FOUL,,ANADOLU EFES G. PAPAGIANNIS foul personal,,,,,,,,,0,29,2.0,,0,7,0,13
04:17,04:17:00,7,13,-6,1,1,REGULAR,127,L. NNOKO,1,foulon,94,93,[],,0,35,Landry,Nnoko,Landry,Nnoko,L,N,L,N,L. Nnoko,BURSASPOR BASKETBOL,SPR,L. Nnoko,35,,,,,,OTHER,,BURSASPOR BASKETBOL foulon,,,,,,,,,0,29,2.0,,0,7,0,13
04:00,04:00:00,7,13,-6,1,1,REGULAR,133,B. CHILDRESS,0,3pt,97,,[],jumpshot,1,0,Brandon Reginald,Childress,Brandon Reginald,Childress,B,C,B,C,B. Childress,BURSASPOR BASKETBOL,SPR,B. Childress,0,,,25.620000839233,14.800000190735,0.0,P3,missed,BURSASPOR BASKETBOL B. CHILDRESS 3Pt missed,,,,,,,,,0,29,2.0,,0,7,0,13
04:00,04:00:00,7,13,-6,1,1,REGULAR,0,,1,turnover,98,,['team'],24sec,0,,,,,,,,,,,BURSASPOR BASKETBOL,SPR,,,,,,,,TO,,BURSASPOR BASKETBOL  turnover 24sec,,,,,,,,,0,29,2.0,turnover,0,7,0,13
03:43,03:43:00,7,13,-6,2,1,REGULAR,89,E. OSMANI,1,turnover,100,,[],ballhandling,0,24,Ercan,Osmani,Ercan,Osmani,E,O,E,O,E. Osmani,ANADOLU EFES,EFS,E. Osmani,24,,,,,,TO,,ANADOLU EFES E. OSMANI turnover ballhandling,,,,,,,,,0,30,1.0,turnover,0,7,0,13
03:43,03:43:00,7,13,-6,1,1,REGULAR,4,Y. ONAR,1,steal,101,100,[],,0,14,Yesukan,Onar,Yesukan,Onar,Y,O,Y,O,Y. Onar,BURSASPOR BASKETBOL,SPR,Y. Onar,14,,,,,,ST,,BURSASPOR BASKETBOL Y. ONAR steal,,,,,,,,,0,31,2.0,,0,7,0,13
03:38,03:38:00,7,13,-6,1,1,REGULAR,134,V. KING,0,3pt,102,,['fromturnover'],jumpshot,1,22,Vincent Earl,King,Vincent Earl,King,V,K,V,K,V. King,BURSASPOR BASKETBOL,SPR,V. King,22,,,22.180000305176,87.970001220703,0.0,P3,missed,BURSASPOR BASKETBOL V. KING 3Pt missed,,,,,,,,,0,31,2.0,,0,7,0,13
03:36,03:36:00,7,13,-6,1,1,REGULAR,127,L. NNOKO,1,rebound,103,102,[],offensive,0,35,Landry,Nnoko,Landry,Nnoko,L,N,L,N,L. Nnoko,BURSASPOR BASKETBOL,SPR,L. Nnoko,35,,,,,,REB,,BURSASPOR BASKETBOL rebound offensive,,,,,,,,,0,31,2.0,,0,7,0,13
03:24,03:24:00,7,13,-6,1,1,REGULAR,134,V. KING,0,2pt,104,,"['2ndchance', 'fromturnover', 'pointsinthepaint']",jumpshot,1,22,Vincent Earl,King,Vincent Earl,King,V,K,V,K,V. King,BURSASPOR BASKETBOL,SPR,V. King,22,,,14.699999809265,53.5,0.0,P2,missed,BURSASPOR BASKETBOL V. KING 2Pt missed,,,,,,,,,0,31,2.0,def_reb,0,7,0,13
03:21,03:21:00,7,13,-6,2,1,REGULAR,87,N. WEILER-BABB,1,rebound,105,104,[],defensive,0,8,Nick,Weiler-Babb,Nick,Weiler-Babb,N,W,N,W,N. Weiler-Babb,ANADOLU EFES,EFS,N. Weiler-Babb,8,,,,,,REB,,ANADOLU EFES rebound defensive,,,,,,,,,0,32,1.0,def_reb,0,7,0,13
03:20,03:20:00,7,13,-6,1,1,REGULAR,134,V. KING,1,foul,107,,['2freethrow'],personal,0,22,Vincent Earl,King,Vincent Earl,King,V,K,V,K,V. King,BURSASPOR BASKETBOL,SPR,V. King,22,,,,,,FOUL,,BURSASPOR BASKETBOL V. KING foul personal,,,,,,,,,0,33,2.0,,0,7,0,13
03:20,03:20:00,7,13,-6,2,1,REGULAR,92,J. LOYD,1,foulon,108,107,[],,0,3,Jordan,Loyd,Jordan,Loyd,J,L,J,L,J. Loyd,ANADOLU EFES,EFS,J. Loyd,3,,,,,,OTHER,,ANADOLU EFES foulon,,,,,,,,,0,33,2.0,,0,7,0,13
03:20,03:20:00,7,14,-7,2,1,REGULAR,92,J. LOYD,1,freethrow,109,,['fastbreak'],1of2,1,3,Jordan,Loyd,Jordan,Loyd,J,L,J,L,J. Loyd,ANADOLU EFES,EFS,J. Loyd,3,,,,,,FT,made,ANADOLU EFES J. LOYD FT 1of2 made,,,,,,,,,1,33,2.0,made_ft,0,7,1,14
03:20,03:20:00,7,15,-8,2,1,REGULAR,92,J. LOYD,1,freethrow,110,,['fastbreak'],2of2,1,3,Jordan,Loyd,Jordan,Loyd,J,L,J,L,J. Loyd,ANADOLU EFES,EFS,J. Loyd,3,,,,,,FT,made,ANADOLU EFES J. LOYD FT 2of2 made,,,,,,,,,1,34,1.0,made_ft_last,0,7,1,15
03:20,03:20:00,7,15,-8,1,1,REGULAR,133,B. CHILDRESS,1,substitution,111,,[],out,0,0,Brandon Reginald,Childress,Brandon Reginald,Childress,B,C,B,C,B. Childress,BURSASPOR BASKETBOL,SPR,B. Childress,0,,,,,,SUB,out,BURSASPOR BASKETBOL substitution out,,,,,,,,,0,35,2.0,,0,7,0,15
03:20,03:20:00,7,15,-8,1,1,REGULAR,129,B. CRAWFORD,1,substitution,112,,[],in,0,13,Bryant Dejuan,Crawford,Bryant Dejuan,Crawford,B,C,B,C,B. Crawford,BURSASPOR BASKETBOL,SPR,B. Crawford,13,,,,,,SUB,in,BURSASPOR BASKETBOL substitution in,,,,,,,,,0,35,2.0,,0,7,0,15
03:20,03:20:00,7,15,-8,2,1,REGULAR,87,N. WEILER-BABB,1,substitution,113,,[],out,0,8,Nick,Weiler-Babb,Nick,Weiler-Babb,N,W,N,W,N. Weiler-Babb,ANADOLU EFES,EFS,N. Weiler-Babb,8,,,,,,SUB,out,ANADOLU EFES substitution out,,,,,,,,,0,35,2.0,,0,7,0,15
03:20,03:20:00,7,15,-8,2,1,REGULAR,89,E. OSMANI,1,substitution,114,,[],out,0,24,Ercan,Osmani,Ercan,Osmani,E,O,E,O,E. Osmani,ANADOLU EFES,EFS,E. Osmani,24,,,,,,SUB,out,ANADOLU EFES substitution out,,,,,,,,,0,35,2.0,,0,7,0,15
03:20,03:20:00,7,15,-8,2,1,REGULAR,81,S. HAZER,1,substitution,115,,[],in,0,2,Sehmus,Hazer,Sehmus,Hazer,S,H,S,H,S. Hazer,ANADOLU EFES,EFS,S. Hazer,2,,,,,,SUB,in,ANADOLU EFES substitution in,,,,,,,,,0,35,2.0,,0,7,0,15
03:20,03:20:00,7,15,-8,2,1,REGULAR,75,C. SWIDER,1,substitution,116,,[],in,0,21,Cole,Swider,Cole,Swider,C,S,C,S,C. Swider,ANADOLU EFES,EFS,C. Swider,21,,,,,,SUB,in,ANADOLU EFES substitution in,,,,,,,,,0,35,2.0,,0,7,0,15
03:20,03:20:00,7,15,-8,1,1,REGULAR,101,H. KÖKSAL,1,substitution,117,,[],out,0,7,Hüseyin Göksenin,Köksal,Hüseyin Göksenin,Köksal,H,K,H,K,H. Köksal,BURSASPOR BASKETBOL,SPR,H. Köksal,7,,,,,,SUB,out,BURSASPOR BASKETBOL substitution out,,,,,,,,,0,35,2.0,,0,7,0,15
03:20,03:20:00,7,15,-8,1,1,REGULAR,102,B. AKIN,1,substitution,118,,[],in,0,11,Berk Can,Akin,Berk Can,Akin,B,A,B,A,B. Akin,BURSASPOR BASKETBOL,SPR,B. Akin,11,,,,,,SUB,in,BURSASPOR BASKETBOL substitution in,,,,,,,,,0,35,2.0,,0,7,0,15
03:00,03:00:00,7,15,-8,2,1,REGULAR,88,I. CORDINIER,1,foul,121,,"['shooting', '2freethrow']",personal,0,10,Isaia,Cordinier,Isaia,Cordinier,I,C,I,C,I. Cordinier,ANADOLU EFES,EFS,I. Cordinier,10,,,,,,FOUL,,ANADOLU EFES I. CORDINIER foul personal,,,,,,,,,0,35,2.0,,0,7,0,15
03:00,03:00:00,7,15,-8,1,1,REGULAR,102,B. AKIN,1,foulon,122,121,[],,0,11,Berk Can,Akin,Berk Can,Akin,B,A,B,A,B. Akin,BURSASPOR BASKETBOL,SPR,B. Akin,11,,,,,,OTHER,,BURSASPOR BASKETBOL foulon,,,,,,,,,0,35,2.0,,0,7,0,15
03:00,03:00:00,7,15,-8,1,1,REGULAR,102,B. AKIN,0,freethrow,123,,[],1of2,1,11,Berk Can,Akin,Berk Can,Akin,B,A,B,A,B. Akin,BURSASPOR BASKETBOL,SPR,B. Akin,11,,,,,,FT,missed,BURSASPOR BASKETBOL B. AKIN FT 1of2 missed,,,,,,,,,0,35,2.0,def_reb,0,7,0,15
03:00,03:00:00,7,15,-8,1,1,REGULAR,0,,1,rebound,124,123,[],offensivedeadball,0,,,,,,,,,,,BURSASPOR BASKETBOL,SPR,,,,,,,,TREB,,BURSASPOR BASKETBOL team rebound offensivedeadball,,,,,,,,,0,36,1.0,def_reb,0,7,0,15
03:00,03:00:00,8,15,-7,1,1,REGULAR,102,B. AKIN,1,freethrow,125,,[],2of2,1,11,Berk Can,Akin,Berk Can,Akin,B,A,B,A,B. Akin,BURSASPOR BASKETBOL,SPR,B. Akin,11,,,,,,FT,made,BURSASPOR BASKETBOL B. AKIN FT 2of2 made,,,,,,,,,1,37,2.0,made_ft_last,1,8,0,15
03:00,03:00:00,8,15,-7,1,1,REGULAR,127,L. NNOKO,1,substitution,126,,[],out,0,35,Landry,Nnoko,Landry,Nnoko,L,N,L,N,L. Nnoko,BURSASPOR BASKETBOL,SPR,L. Nnoko,35,,,,,,SUB,out,BURSASPOR BASKETBOL substitution out,,,,,,,,,0,38,1.0,,0,8,0,15
03:00,03:00:00,8,15,-7,1,1,REGULAR,136,J. DELAURIER,1,substitution,127,,[],in,0,12,Javin Que,Delaurier,Javin Que,Delaurier,J,D,J,D,J. Delaurier,BURSASPOR BASKETBOL,SPR,J. Delaurier,12,,,,,,SUB,in,BURSASPOR BASKETBOL substitution in,,,,,,,,,0,38,1.0,,0,8,0,15
02:43,02:43:00,8,17,-9,2,1,REGULAR,85,G. PAPAGIANNIS,1,2pt,129,,['pointsinthepaint'],layup,1,9,Georgios,Papagiannis,Georgios,Papagiannis,G,P,G,P,G. Papagiannis,ANADOLU EFES,EFS,G. Papagiannis,9,,,87.550003051758,57.740001678467,1.0,P2,made,ANADOLU EFES G. PAPAGIANNIS 2Pt made,81.0,2.0,S. HAZER,,,,,,2,38,1.0,score,0,8,2,17
02:43,02:43:00,8,17,-9,2,1,REGULAR,81,S. HAZER,1,assist,130,129,[],,0,2,Sehmus,Hazer,Sehmus,Hazer,S,H,S,H,S. Hazer,ANADOLU EFES,EFS,S. Hazer,2,,,,,,ASS,,ANADOLU EFES S. HAZER assist,,,,,,,,,0,39,2.0,,0,8,0,17
02:25,02:25:00,11,17,-6,1,1,REGULAR,129,B. CRAWFORD,1,3pt,131,,[],jumpshot,1,13,Bryant Dejuan,Crawford,Bryant Dejuan,Crawford,B,C,B,C,B. Crawford,BURSASPOR BASKETBOL,SPR,B. Crawford,13,,,28.739999771118,71.019996643066,1.0,P3,made,BURSASPOR BASKETBOL B. CRAWFORD 3Pt made,,,,,,,,,3,39,2.0,score,3,11,0,17
02:14,02:14:00,11,20,-9,2,1,REGULAR,92,J. LOYD,1,3pt,133,,[],jumpshot,1,3,Jordan,Loyd,Jordan,Loyd,J,L,J,L,J. Loyd,ANADOLU EFES,EFS,J. Loyd,3,,,74.129997253418,17.059999465942,1.0,P3,made,ANADOLU EFES J. LOYD 3Pt made,,,,,,,,,3,40,1.0,score,0,11,3,20
02:14,02:14:00,11,20,-9,2,1,REGULAR,88,I. CORDINIER,1,substitution,134,,[],out,0,10,Isaia,Cordinier,Isaia,Cordinier,I,C,I,C,I. Cordinier,ANADOLU EFES,EFS,I. Cordinier,10,,,,,,SUB,out,ANADOLU EFES substitution out,,,,,,,,,0,41,2.0,,0,11,0,20
02:14,02:14:00,11,20,-9,2,1,REGULAR,72,R. BEAUBOIS,1,substitution,135,,[],in,0,1,Rodrigue,Beaubois,Rodrigue,Beaubois,R,B,R,B,R. Beaubois,ANADOLU EFES,EFS,R. Beaubois,1,,,,,,SUB,in,ANADOLU EFES substitution in,,,,,,,,,0,41,2.0,,0,11,0,20
02:14,02:14:00,11,20,-9,1,1,REGULAR,4,Y. ONAR,1,substitution,136,,[],out,0,14,Yesukan,Onar,Yesukan,Onar,Y,O,Y,O,Y. Onar,BURSASPOR BASKETBOL,SPR,Y. Onar,14,,,,,,SUB,out,BURSASPOR BASKETBOL substitution out,,,,,,,,,0,41,2.0,,0,11,0,20
02:14,02:14:00,11,20,-9,1,1,REGULAR,133,B. CHILDRESS,1,substitution,137,,[],in,0,0,Brandon Reginald,Childress,Brandon Reginald,Childress,B,C,B,C,B. Childress,BURSASPOR BASKETBOL,SPR,B. Childress,0,,,,,,SUB,in,BURSASPOR BASKETBOL substitution in,,,,,,,,,0,41,2.0,,0,11,0,20
02:00,02:00:00,13,20,-7,1,1,REGULAR,136,J. DELAURIER,1,2pt,139,,['pointsinthepaint'],dunk,1,12,Javin Que,Delaurier,Javin Que,Delaurier,J,D,J,D,J. Delaurier,BURSASPOR BASKETBOL,SPR,J. Delaurier,12,,,7.6799998283386,39.659999847412,1.0,P2,made,BURSASPOR BASKETBOL J. DELAURIER 2Pt made,134.0,1.0,V. KING,,,,,,2,41,2.0,score,2,13,0,20
02:00,02:00:00,13,20,-7,1,1,REGULAR,134,V. KING,1,assist,140,139,[],,0,22,Vincent Earl,King,Vincent Earl,King,V,K,V,K,V. King,BURSASPOR BASKETBOL,SPR,V. King,22,,,,,,ASS,,BURSASPOR BASKETBOL V. KING assist,,,,,,,,,0,42,1.0,,0,13,0,20
01:46,01:46:00,13,20,-7,1,1,REGULAR,134,V. KING,1,foul,142,,['2freethrow'],personal,0,22,Vincent Earl,King,Vincent Earl,King,V,K,V,K,V. King,BURSASPOR BASKETBOL,SPR,V. King,22,,,,,,FOUL,,BURSASPOR BASKETBOL V. KING foul personal,,,,,,,,,0,42,1.0,,0,13,0,20
01:46,01:46:00,13,20,-7,2,1,REGULAR,75,C. SWIDER,1,foulon,143,142,[],,0,21,Cole,Swider,Cole,Swider,C,S,C,S,C. Swider,ANADOLU EFES,EFS,C. Swider,21,,,,,,OTHER,,ANADOLU EFES foulon,,,,,,,,,0,42,1.0,,0,13,0,20
01:46,01:46:00,13,21,-8,2,1,REGULAR,75,C. SWIDER,1,freethrow,144,,[],1of2,1,21,Cole,Swider,Cole,Swider,C,S,C,S,C. Swider,ANADOLU EFES,EFS,C. Swider,21,,,,,,FT,made,ANADOLU EFES C. SWIDER FT 1of2 made,,,,,,,,,1,42,1.0,made_ft,0,13,1,21
01:46,01:46:00,13,22,-9,2,1,REGULAR,75,C. SWIDER,1,freethrow,145,,[],2of2,1,21,Cole,Swider,Cole,Swider,C,S,C,S,C. Swider,ANADOLU EFES,EFS,C. Swider,21,,,,,,FT,made,ANADOLU EFES C. SWIDER FT 2of2 made,,,,,,,,,1,43,2.0,made_ft_last,0,13,1,22
01:30,01:30:00,13,22,-9,1,1,REGULAR,134,V. KING,0,2pt,147,,['pointsinthepaint'],layup,1,22,Vincent Earl,King,Vincent Earl,King,V,K,V,K,V. King,BURSASPOR BASKETBOL,SPR,V. King,22,,,8.9200000762939,63.389999389648,0.0,P2,missed,BURSASPOR BASKETBOL V. KING 2Pt missed,,,,,,,,,0,44,1.0,def_reb,0,13,0,22
01:26,01:26:00,13,22,-9,2,1,REGULAR,92,J. LOYD,1,rebound,148,147,[],defensive,0,3,Jordan,Loyd,Jordan,Loyd,J,L,J,L,J. Loyd,ANADOLU EFES,EFS,J. Loyd,3,,,,,,REB,,ANADOLU EFES rebound defensive,,,,,,,,,0,45,2.0,def_reb,0,13,0,22
01:16,01:16:00,13,22,-9,2,1,REGULAR,85,G. PAPAGIANNIS,1,foul,150,,[],offensive,0,9,Georgios,Papagiannis,Georgios,Papagiannis,G,P,G,P,G. Papagiannis,ANADOLU EFES,EFS,G. Papagiannis,9,,,,,,RFOUL,,ANADOLU EFES G. PAPAGIANNIS foul offensive,,,,,,,,,0,46,1.0,offensive_foul,0,13,0,22
01:16,01:16:00,13,22,-9,2,1,REGULAR,85,G. PAPAGIANNIS,1,turnover,151,150,[],offensive,0,9,Georgios,Papagiannis,Georgios,Papagiannis,G,P,G,P,G. Papagiannis,ANADOLU EFES,EFS,G. Papagiannis,9,,,,,,TO,,ANADOLU EFES G. PAPAGIANNIS turnover offensive,,,,,,,,,0,47,2.0,turnover,0,13,0,22
01:16,01:16:00,13,22,-9,1,1,REGULAR,129,B. CRAWFORD,1,foulon,152,150,[],,0,13,Bryant Dejuan,Crawford,Bryant Dejuan,Crawford,B,C,B,C,B. Crawford,BURSASPOR BASKETBOL,SPR,B. Crawford,13,,,,,,OTHER,,BURSASPOR BASKETBOL foulon,,,,,,,,,0,48,1.0,,0,13,0,22
00:58,00:58:70,15,22,-7,1,1,REGULAR,133,B. CHILDRESS,1,2pt,156,,['fromturnover'],pullupjumpshot,1,0,Brandon Reginald,Childress,Brandon Reginald,Childress,B,C,B,C,B. Childress,BURSASPOR BASKETBOL,SPR,B. Childress,0,,,10.170000076294,15.930000305176,1.0,P2,made,BURSASPOR BASKETBOL B. CHILDRESS 2Pt made,,,,,,,,,2,48,1.0,score,2,15,0,22
00:34,00:34:00,15,22,-7,2,1,REGULAR,92,J. LOYD,0,3pt,157,,[],jumpshot,1,3,Jordan,Loyd,Jordan,Loyd,J,L,J,L,J. Loyd,ANADOLU EFES,EFS,J. Loyd,3,,,78.5,13.109999656677,0.0,P3,missed,ANADOLU EFES J. LOYD 3Pt missed,,,,,,,,,0,49,2.0,def_reb,0,15,0,22
00:31,00:31:60,15,22,-7,1,1,REGULAR,136,J. DELAURIER,1,rebound,158,157,[],defensive,0,12,Javin Que,Delaurier,Javin Que,Delaurier,J,D,J,D,J. Delaurier,BURSASPOR BASKETBOL,SPR,J. Delaurier,12,,,,,,REB,,BURSASPOR BASKETBOL rebound defensive,,,,,,,,,0,50,1.0,def_reb,0,15,0,22
00:26,00:26:30,15,22,-7,1,1,REGULAR,134,V. KING,0,3pt,159,,[],jumpshot,1,22,Vincent Earl,King,Vincent Earl,King,V,K,V,K,V. King,BURSASPOR BASKETBOL,SPR,V. King,22,,,5.4899997711182,97.569999694824,0.0,P3,missed,BURSASPOR BASKETBOL V. KING 3Pt missed,,,,,,,,,0,51,2.0,def_reb,0,15,0,22
00:24,00:24:10,15,22,-7,2,1,REGULAR,0,,1,rebound,161,159,['team'],defensive,0,,,,,,,,,,,ANADOLU EFES,EFS,,,,,,,,TREB,,ANADOLU EFES team rebound defensive,,,,,,,,,0,52,1.0,def_reb,0,15,0,22
00:24,00:24:10,15,22,-7,1,1,REGULAR,134,V. KING,1,substitution,162,,[],out,0,22,Vincent Earl,King,Vincent Earl,King,V,K,V,K,V. King,BURSASPOR BASKETBOL,SPR,V. King,22,,,,,,SUB,out,BURSASPOR BASKETBOL substitution out,,,,,,,,,0,53,2.0,,0,15,0,22
00:24,00:24:10,15,22,-7,1,1,REGULAR,4,Y. ONAR,1,substitution,163,,[],in,0,14,Yesukan,Onar,Yesukan,Onar,Y,O,Y,O,Y. Onar,BURSASPOR BASKETBOL,SPR,Y. Onar,14,,,,,,SUB,in,BURSASPOR BASKETBOL substitution in,,,,,,,,,0,53,2.0,,0,15,0,22
00:03,00:03:50,15,24,-9,2,1,REGULAR,92,J. LOYD,1,2pt,169,,[],jumpshot,1,3,Jordan,Loyd,Jordan,Loyd,J,L,J,L,J. Loyd,ANADOLU EFES,EFS,J. Loyd,3,,,77.25,67.059997558594,1.0,P2,made,ANADOLU EFES J. LOYD 2Pt made,,,,,,,,,2,53,2.0,score,0,15,2,24
00:00,00:00:00,15,24,-9,0,1,REGULAR,0,,1,period,173,,['confirmed'],end,0,,,,,,,,,,,,,,,,,,,,OTHER,,period end,,,,,,,,,0,54,1.0,,0,15,0,24
10:00,10:00:00,15,24,-9,1,2,REGULAR,4,Y. ONAR,1,substitution,174,,[],out,0,14,Yesukan,Onar,Yesukan,Onar,Y,O,Y,O,Y. Onar,BURSASPOR BASKETBOL,SPR,Y. Onar,14,,,,,,SUB,out,BURSASPOR BASKETBOL substitution out,,,,,,,,,0,54,1.0,,0,15,0,24
10:00,10:00:00,15,24,-9,1,2,REGULAR,135,A. KONONTSUK,1,substitution,175,,[],in,0,34,Artur,Konontsuk,Artur,Konontsuk,A,K,A,K,A. Konontsuk,BURSASPOR BASKETBOL,SPR,A. Konontsuk,34,,,,,,SUB,in,BURSASPOR BASKETBOL substitution in,,,,,,,,,0,54,1.0,,0,15,0,24
10:00,10:00:00,15,24,-9,2,2,REGULAR,85,G. PAPAGIANNIS,1,substitution,176,,[],out,0,9,Georgios,Papagiannis,Georgios,Papagiannis,G,P,G,P,G. Papagiannis,ANADOLU EFES,EFS,G. Papagiannis,9,,,,,,SUB,out,ANADOLU EFES substitution out,,,,,,,,,0,54,1.0,,0,15,0,24
10:00,10:00:00,15,24,-9,2,2,REGULAR,73,B. DESSERT,1,substitution,177,,[],in,0,13,Brice ,Dessert,Brice ,Dessert,B,D,B,D,B. Dessert,ANADOLU EFES,EFS,B. Dessert,13,,,,,,SUB,in,ANADOLU EFES substitution in,,,,,,,,,0,54,1.0,,0,15,0,24
10:00,10:00:00,15,24,-9,0,2,REGULAR,0,,1,period,178,,[],start,0,,,,,,,,,,,,,,,,,,,,OTHER,,period start,,,,,,,,,0,54,1.0,,0,15,0,24
09:37,09:37:00,15,24,-9,1,2,REGULAR,129,B. CRAWFORD,0,3pt,180,,[],jumpshot,1,13,Bryant Dejuan,Crawford,Bryant Dejuan,Crawford,B,C,B,C,B. Crawford,BURSASPOR BASKETBOL,SPR,B. Crawford,13,,,22.809999465942,90.51000213623,0.0,P3,missed,BURSASPOR BASKETBOL B. CRAWFORD 3Pt missed,,,,,,,,,0,54,1.0,def_reb,0,15,0,24
09:35,09:35:00,15,24,-9,2,2,REGULAR,75,C. SWIDER,1,rebound,181,180,[],defensive,0,21,Cole,Swider,Cole,Swider,C,S,C,S,C. Swider,ANADOLU EFES,EFS,C. Swider,21,,,,,,REB,,ANADOLU EFES rebound defensive,,,,,,,,,0,55,2.0,def_reb,0,15,0,24
09:20,09:20:00,15,27,-12,2,2,REGULAR,92,J. LOYD,1,3pt,182,,[],jumpshot,1,3,Jordan,Loyd,Jordan,Loyd,J,L,J,L,J. Loyd,ANADOLU EFES,EFS,J. Loyd,3,,,74.290000915527,15.64999961853,1.0,P3,made,ANADOLU EFES J. LOYD 3Pt made,81.0,2.0,S. HAZER,,,,,,3,56,1.0,score,0,15,3,27
09:20,09:20:00,15,27,-12,2,2,REGULAR,81,S. HAZER,1,assist,183,182,[],,0,2,Sehmus,Hazer,Sehmus,Hazer,S,H,S,H,S. Hazer,ANADOLU EFES,EFS,S. Hazer,2,,,,,,ASS,,ANADOLU EFES S. HAZER assist,,,,,,,,,0,57,2.0,,0,15,0,27
09:15,09:15:00,15,27,-12,2,2,REGULAR,92,J. LOYD,1,foul,191,,"['shooting', '2freethrow']",personal,0,3,Jordan,Loyd,Jordan,Loyd,J,L,J,L,J. Loyd,ANADOLU EFES,EFS,J. Loyd,3,,,,,,FOUL,,ANADOLU EFES J. LOYD foul personal,,,,,,,,,0,57,2.0,,0,15,0,27
09:15,09:15:00,15,27,-12,1,2,REGULAR,136,J. DELAURIER,1,foulon,192,191,[],,0,12,Javin Que,Delaurier,Javin Que,Delaurier,J,D,J,D,J. Delaurier,BURSASPOR BASKETBOL,SPR,J. Delaurier,12,,,,,,OTHER,,BURSASPOR BASKETBOL foulon,,,,,,,,,0,57,2.0,,0,15,0,27
09:15,09:15:00,15,27,-12,1,2,REGULAR,136,J. DELAURIER,0,freethrow,193,,[],1of2,1,12,Javin Que,Delaurier,Javin Que,Delaurier,J,D,J,D,J. Delaurier,BURSASPOR BASKETBOL,SPR,J. Delaurier,12,,,,,,FT,missed,BURSASPOR BASKETBOL J. DELAURIER FT 1of2 missed,,,,,,,,,0,57,2.0,def_reb,0,15,0,27
09:15,09:15:00,15,27,-12,1,2,REGULAR,0,,1,rebound,194,193,[],offensivedeadball,0,,,,,,,,,,,BURSASPOR BASKETBOL,SPR,,,,,,,,TREB,,BURSASPOR BASKETBOL team rebound offensivedeadball,,,,,,,,,0,58,1.0,def_reb,0,15,0,27
09:15,09:15:00,16,27,-11,1,2,REGULAR,136,J. DELAURIER,1,freethrow,195,,[],2of2,1,12,Javin Que,Delaurier,Javin Que,Delaurier,J,D,J,D,J. Delaurier,BURSASPOR BASKETBOL,SPR,J. Delaurier,12,,,,,,FT,made,BURSASPOR BASKETBOL J. DELAURIER FT 2of2 made,,,,,,,,,1,59,2.0,made_ft_last,1,16,0,27
09:15,09:15:00,16,27,-11,1,2,REGULAR,133,B. CHILDRESS,1,assist,196,195,[],,0,0,Brandon Reginald,Childress,Brandon Reginald,Childress,B,C,B,C,B. Childress,BURSASPOR BASKETBOL,SPR,B. Childress,0,,,,,,ASS,,BURSASPOR BASKETBOL B. CHILDRESS assist,,,,,,,,,0,60,1.0,,0,16,0,27
08:49,08:49:00,16,27,-11,2,2,REGULAR,75,C. SWIDER,0,3pt,198,,[],jumpshot,1,21,Cole,Swider,Cole,Swider,C,S,C,S,C. Swider,ANADOLU EFES,EFS,C. Swider,21,,,79.129997253418,91.360000610352,0.0,P3,missed,ANADOLU EFES C. SWIDER 3Pt missed,,,,,,,,,0,60,1.0,def_reb,0,16,0,27
08:47,08:47:00,16,27,-11,1,2,REGULAR,135,A. KONONTSUK,1,rebound,199,198,[],defensive,0,34,Artur,Konontsuk,Artur,Konontsuk,A,K,A,K,A. Konontsuk,BURSASPOR BASKETBOL,SPR,A. Konontsuk,34,,,,,,REB,,BURSASPOR BASKETBOL rebound defensive,,,,,,,,,0,61,2.0,def_reb,0,16,0,27
08:29,08:29:00,16,27,-11,1,2,REGULAR,102,B. AKIN,0,3pt,200,,[],jumpshot,1,11,Berk Can,Akin,Berk Can,Akin,B,A,B,A,B. Akin,BURSASPOR BASKETBOL,SPR,B. Akin,11,,,29.520000457764,66.5,0.0,P3,missed,BURSASPOR BASKETBOL B. AKIN 3Pt missed,,,,,,,,,0,62,1.0,def_reb,0,16,0,27
08:27,08:27:00,16,27,-11,2,2,REGULAR,92,J. LOYD,1,rebound,201,200,[],defensive,0,3,Jordan,Loyd,Jordan,Loyd,J,L,J,L,J. Loyd,ANADOLU EFES,EFS,J. Loyd,3,,,,,,REB,,ANADOLU EFES rebound defensive,,,,,,,,,0,63,2.0,def_reb,0,16,0,27
08:11,08:11:00,16,27,-11,2,2,REGULAR,81,S. HAZER,0,3pt,202,,[],jumpshot,1,2,Sehmus,Hazer,Sehmus,Hazer,S,H,S,H,S. Hazer,ANADOLU EFES,EFS,S. Hazer,2,,,66.959999084473,40.790000915527,0.0,P3,missed,ANADOLU EFES S. HAZER 3Pt missed,,,,,,,,,0,64,1.0,def_reb,0,16,0,27
08:09,08:09:00,16,27,-11,1,2,REGULAR,135,A. KONONTSUK,1,rebound,203,202,[],defensive,0,34,Artur,Konontsuk,Artur,Konontsuk,A,K,A,K,A. Konontsuk,BURSASPOR BASKETBOL,SPR,A. Konontsuk,34,,,,,,REB,,BURSASPOR BASKETBOL rebound defensive,,,,,,,,,0,65,2.0,def_reb,0,16,0,27
08:07,08:07:00,18,27,-9,1,2,REGULAR,129,B. CRAWFORD,1,2pt,204,,"['pointsinthepaint', 'fastbreak']",layup,1,13,Bryant Dejuan,Crawford,Bryant Dejuan,Crawford,B,C,B,C,B. Crawford,BURSASPOR BASKETBOL,SPR,B. Crawford,13,,,7.6799998283386,62.259998321533,1.0,P2,made,BURSASPOR BASKETBOL B. CRAWFORD 2Pt made,135.0,1.0,A. KONONTSUK,,,,,,2,66,1.0,score,2,18,0,27
08:07,08:07:00,18,27,-9,1,2,REGULAR,135,A. KONONTSUK,1,assist,205,204,[],,0,34,Artur,Konontsuk,Artur,Konontsuk,A,K,A,K,A. Konontsuk,BURSASPOR BASKETBOL,SPR,A. Konontsuk,34,,,,,,ASS,,BURSASPOR BASKETBOL A. KONONTSUK assist,,,,,,,,,0,67,2.0,,0,18,0,27
07:44,07:44:00,18,27,-9,2,2,REGULAR,72,R. BEAUBOIS,0,2pt,206,,['pointsinthepaint'],drivinglayup,1,1,Rodrigue,Beaubois,Rodrigue,Beaubois,R,B,R,B,R. Beaubois,ANADOLU EFES,EFS,R. Beaubois,1,,,91.919998168945,64.519996643066,0.0,P2,missed,ANADOLU EFES R. BEAUBOIS 2Pt missed,,,,,,,,,0,67,2.0,def_reb,0,18,0,27
07:42,07:42:00,18,27,-9,1,2,REGULAR,136,J. DELAURIER,1,rebound,207,206,[],defensive,0,12,Javin Que,Delaurier,Javin Que,Delaurier,J,D,J,D,J. Delaurier,BURSASPOR BASKETBOL,SPR,J. Delaurier,12,,,,,,REB,,BURSASPOR BASKETBOL rebound defensive,,,,,,,,,0,68,1.0,def_reb,0,18,0,27
07:37,07:37:00,20,27,-7,1,2,REGULAR,102,B. AKIN,1,2pt,208,,"['pointsinthepaint', 'fastbreak']",layup,1,11,Berk Can,Akin,Berk Can,Akin,B,A,B,A,B. Akin,BURSASPOR BASKETBOL,SPR,B. Akin,11,,,7.8299999237061,63.389999389648,1.0,P2,made,BURSASPOR BASKETBOL B. AKIN 2Pt made,129.0,1.0,B. CRAWFORD,,,,,,2,69,2.0,score,2,20,0,27
07:37,07:37:00,20,27,-7,1,2,REGULAR,129,B. CRAWFORD,1,assist,210,208,[],,0,13,Bryant Dejuan,Crawford,Bryant Dejuan,Crawford,B,C,B,C,B. Crawford,BURSASPOR BASKETBOL,SPR,B. Crawford,13,,,,,,ASS,,BURSASPOR BASKETBOL B. CRAWFORD assist,,,,,,,,,0,70,1.0,,0,20,0,27
07:37,07:37:00,20,27,-7,2,2,REGULAR,0,,1,timeout,211,,[],full,0,,,,,,,,,,,ANADOLU EFES,EFS,,,,,,,,TIMEOUT,,ANADOLU EFES timeout,,,,,,,,,0,70,1.0,,0,20,0,27
07:37,07:37:00,20,27,-7,1,2,REGULAR,136,J. DELAURIER,1,substitution,212,,[],out,0,12,Javin Que,Delaurier,Javin Que,Delaurier,J,D,J,D,J. Delaurier,BURSASPOR BASKETBOL,SPR,J. Delaurier,12,,,,,,SUB,out,BURSASPOR BASKETBOL substitution out,,,,,,,,,0,70,1.0,,0,20,0,27
07:37,07:37:00,20,27,-7,1,2,REGULAR,127,L. NNOKO,1,substitution,213,,[],in,0,35,Landry,Nnoko,Landry,Nnoko,L,N,L,N,L. Nnoko,BURSASPOR BASKETBOL,SPR,L. Nnoko,35,,,,,,SUB,in,BURSASPOR BASKETBOL substitution in,,,,,,,,,0,70,1.0,,0,20,0,27
07:19,07:19:00,20,29,-9,2,2,REGULAR,73,B. DESSERT,1,2pt,215,,['pointsinthepaint'],dunk,1,13,Brice ,Dessert,Brice ,Dessert,B,D,B,D,B. Dessert,ANADOLU EFES,EFS,B. Dessert,13,,,93.949996948242,61.130001068115,1.0,P2,made,ANADOLU EFES B. DESSERT 2Pt made,81.0,2.0,S. HAZER,,,,,,2,70,1.0,score,0,20,2,29
07:19,07:19:00,20,29,-9,2,2,REGULAR,81,S. HAZER,1,assist,216,215,[],,0,2,Sehmus,Hazer,Sehmus,Hazer,S,H,S,H,S. Hazer,ANADOLU EFES,EFS,S. Hazer,2,,,,,,ASS,,ANADOLU EFES S. HAZER assist,,,,,,,,,0,71,2.0,,0,20,0,29
06:56,06:56:00,20,29,-9,1,2,REGULAR,135,A. KONONTSUK,0,2pt,217,,[],jumpshot,1,34,Artur,Konontsuk,Artur,Konontsuk,A,K,A,K,A. Konontsuk,BURSASPOR BASKETBOL,SPR,A. Konontsuk,34,,,5.3400001525879,70.449996948242,0.0,P2,missed,BURSASPOR BASKETBOL A. KONONTSUK 2Pt missed,,,,,,,,,0,71,2.0,def_reb,0,20,0,29
06:54,06:54:00,20,29,-9,2,2,REGULAR,0,,1,rebound,219,217,['team'],defensive,0,,,,,,,,,,,ANADOLU EFES,EFS,,,,,,,,TREB,,ANADOLU EFES team rebound defensive,,,,,,,,,0,72,1.0,def_reb,0,20,0,29
06:42,06:42:00,20,29,-9,2,2,REGULAR,73,B. DESSERT,1,turnover,222,,[],travel,0,13,Brice ,Dessert,Brice ,Dessert,B,D,B,D,B. Dessert,ANADOLU EFES,EFS,B. Dessert,13,,,,,,TO,,ANADOLU EFES B. DESSERT turnover travel,,,,,,,,,0,73,2.0,turnover,0,20,0,29
06:37,06:37:00,20,29,-9,1,2,REGULAR,127,L. NNOKO,0,2pt,224,,"['fromturnover', 'pointsinthepaint']",hookshot,1,35,Landry,Nnoko,Landry,Nnoko,L,N,L,N,L. Nnoko,BURSASPOR BASKETBOL,SPR,L. Nnoko,35,,,11.420000076294,61.979999542236,0.0,P2,missed,BURSASPOR BASKETBOL L. NNOKO 2Pt missed,,,,,,,,,0,74,1.0,def_reb,0,20,0,29
06:34,06:34:00,20,29,-9,2,2,REGULAR,81,S. HAZER,1,rebound,225,224,[],defensive,0,2,Sehmus,Hazer,Sehmus,Hazer,S,H,S,H,S. Hazer,ANADOLU EFES,EFS,S. Hazer,2,,,,,,REB,,ANADOLU EFES rebound defensive,,,,,,,,,0,75,2.0,def_reb,0,20,0,29
06:25,06:25:00,20,29,-9,1,2,REGULAR,129,B. CRAWFORD,1,foul,227,,[],personal,0,13,Bryant Dejuan,Crawford,Bryant Dejuan,Crawford,B,C,B,C,B. Crawford,BURSASPOR BASKETBOL,SPR,B. Crawford,13,,,,,,FOUL,,BURSASPOR BASKETBOL B. CRAWFORD foul personal,,,,,,,,,0,76,1.0,,0,20,0,29
06:25,06:25:00,20,29,-9,2,2,REGULAR,81,S. HAZER,1,foulon,228,227,[],,0,2,Sehmus,Hazer,Sehmus,Hazer,S,H,S,H,S. Hazer,ANADOLU EFES,EFS,S. Hazer,2,,,,,,OTHER,,ANADOLU EFES foulon,,,,,,,,,0,76,1.0,,0,20,0,29
06:16,06:16:00,20,29,-9,2,2,REGULAR,92,J. LOYD,0,3pt,230,,[],jumpshot,1,3,Jordan,Loyd,Jordan,Loyd,J,L,J,L,J. Loyd,ANADOLU EFES,EFS,J. Loyd,3,,,74.910003662109,15.930000305176,0.0,P3,missed,ANADOLU EFES J. LOYD 3Pt missed,,,,,,,,,0,76,1.0,def_reb,0,20,0,29
06:13,06:13:00,20,29,-9,1,2,REGULAR,127,L. NNOKO,1,rebound,231,230,[],defensive,0,35,Landry,Nnoko,Landry,Nnoko,L,N,L,N,L. Nnoko,BURSASPOR BASKETBOL,SPR,L. Nnoko,35,,,,,,REB,,BURSASPOR BASKETBOL rebound defensive,,,,,,,,,0,77,2.0,def_reb,0,20,0,29
06:04,06:04:00,23,29,-6,1,2,REGULAR,133,B. CHILDRESS,1,3pt,232,,[],jumpshot,1,0,Brandon Reginald,Childress,Brandon Reginald,Childress,B,C,B,C,B. Childress,BURSASPOR BASKETBOL,SPR,B. Childress,0,,,25.299999237061,85.98999786377,1.0,P3,made,BURSASPOR BASKETBOL B. CHILDRESS 3Pt made,129.0,1.0,B. CRAWFORD,,,,,,3,78,1.0,score,3,23,0,29
06:04,06:04:00,23,29,-6,1,2,REGULAR,129,B. CRAWFORD,1,assist,233,232,[],,0,13,Bryant Dejuan,Crawford,Bryant Dejuan,Crawford,B,C,B,C,B. Crawford,BURSASPOR BASKETBOL,SPR,B. Crawford,13,,,,,,ASS,,BURSASPOR BASKETBOL B. CRAWFORD assist,,,,,,,,,0,79,2.0,,0,23,0,29
05:47,05:47:00,23,29,-6,1,2,REGULAR,129,B. CRAWFORD,1,foul,237,,"['shooting', '2freethrow']",personal,0,13,Bryant Dejuan,Crawford,Bryant Dejuan,Crawford,B,C,B,C,B. Crawford,BURSASPOR BASKETBOL,SPR,B. Crawford,13,,,,,,FOUL,,BURSASPOR BASKETBOL B. CRAWFORD foul personal,,,,,,,,,0,79,2.0,,0,23,0,29
05:47,05:47:00,23,29,-6,2,2,REGULAR,73,B. DESSERT,1,foulon,238,237,[],,0,13,Brice ,Dessert,Brice ,Dessert,B,D,B,D,B. Dessert,ANADOLU EFES,EFS,B. Dessert,13,,,,,,OTHER,,ANADOLU EFES foulon,,,,,,,,,0,79,2.0,,0,23,0,29
05:47,05:47:00,23,29,-6,2,2,REGULAR,81,S. HAZER,1,substitution,239,,[],out,0,2,Sehmus,Hazer,Sehmus,Hazer,S,H,S,H,S. Hazer,ANADOLU EFES,EFS,S. Hazer,2,,,,,,SUB,out,ANADOLU EFES substitution out,,,,,,,,,0,79,2.0,,0,23,0,29
05:47,05:47:00,23,29,-6,2,2,REGULAR,75,C. SWIDER,1,substitution,240,,[],out,0,21,Cole,Swider,Cole,Swider,C,S,C,S,C. Swider,ANADOLU EFES,EFS,C. Swider,21,,,,,,SUB,out,ANADOLU EFES substitution out,,,,,,,,,0,79,2.0,,0,23,0,29
05:47,05:47:00,23,29,-6,2,2,REGULAR,87,N. WEILER-BABB,1,substitution,241,,[],in,0,8,Nick,Weiler-Babb,Nick,Weiler-Babb,N,W,N,W,N. Weiler-Babb,ANADOLU EFES,EFS,N. Weiler-Babb,8,,,,,,SUB,in,ANADOLU EFES substitution in,,,,,,,,,0,79,2.0,,0,23,0,29
05:47,05:47:00,23,29,-6,2,2,REGULAR,89,E. OSMANI,1,substitution,242,,[],in,0,24,Ercan,Osmani,Ercan,Osmani,E,O,E,O,E. Osmani,ANADOLU EFES,EFS,E. Osmani,24,,,,,,SUB,in,ANADOLU EFES substitution in,,,,,,,,,0,79,2.0,,0,23,0,29
05:47,05:47:00,23,29,-6,2,2,REGULAR,73,B. DESSERT,0,freethrow,243,,[],1of2,1,13,Brice ,Dessert,Brice ,Dessert,B,D,B,D,B. Dessert,ANADOLU EFES,EFS,B. Dessert,13,,,,,,FT,missed,ANADOLU EFES B. DESSERT FT 1of2 missed,,,,,,,,,0,79,2.0,def_reb,0,23,0,29
05:47,05:47:00,23,29,-6,2,2,REGULAR,0,,1,rebound,244,243,[],offensivedeadball,0,,,,,,,,,,,ANADOLU EFES,EFS,,,,,,,,TREB,,ANADOLU EFES team rebound offensivedeadball,,,,,,,,,0,80,1.0,def_reb,0,23,0,29
05:47,05:47:00,23,30,-7,2,2,REGULAR,73,B. DESSERT,1,freethrow,245,,[],2of2,1,13,Brice ,Dessert,Brice ,Dessert,B,D,B,D,B. Dessert,ANADOLU EFES,EFS,B. Dessert,13,,,,,,FT,made,ANADOLU EFES B. DESSERT FT 2of2 made,,,,,,,,,1,81,2.0,made_ft_last,0,23,1,30
05:47,05:47:00,23,30,-7,2,2,REGULAR,81,S. HAZER,1,assist,246,245,[],,0,2,Sehmus,Hazer,Sehmus,Hazer,S,H,S,H,S. Hazer,ANADOLU EFES,EFS,S. Hazer,2,,,,,,ASS,,ANADOLU EFES S. HAZER assist,,,,,,,,,0,82,1.0,,0,23,0,30
05:31,05:31:00,23,30,-7,1,2,REGULAR,133,B. CHILDRESS,1,turnover,248,,[],badpass,0,0,Brandon Reginald,Childress,Brandon Reginald,Childress,B,C,B,C,B. Childress,BURSASPOR BASKETBOL,SPR,B. Childress,0,,,,,,TO,,BURSASPOR BASKETBOL B. CHILDRESS turnover badpass,,,,,,,,,0,82,1.0,turnover,0,23,0,30
05:31,05:31:00,23,30,-7,2,2,REGULAR,72,R. BEAUBOIS,1,steal,249,248,[],,0,1,Rodrigue,Beaubois,Rodrigue,Beaubois,R,B,R,B,R. Beaubois,ANADOLU EFES,EFS,R. Beaubois,1,,,,,,ST,,ANADOLU EFES R. BEAUBOIS steal,,,,,,,,,0,83,2.0,,0,23,0,30
05:28,05:28:00,23,30,-7,2,2,REGULAR,89,E. OSMANI,1,turnover,250,,[],badpass,0,24,Ercan,Osmani,Ercan,Osmani,E,O,E,O,E. Osmani,ANADOLU EFES,EFS,E. Osmani,24,,,,,,TO,,ANADOLU EFES E. OSMANI turnover badpass,,,,,,,,,0,83,2.0,turnover,0,23,0,30
05:28,05:28:00,23,30,-7,1,2,REGULAR,133,B. CHILDRESS,1,steal,251,250,[],,0,0,Brandon Reginald,Childress,Brandon Reginald,Childress,B,C,B,C,B. Childress,BURSASPOR BASKETBOL,SPR,B. Childress,0,,,,,,ST,,BURSASPOR BASKETBOL B. CHILDRESS steal,,,,,,,,,0,84,1.0,,0,23,0,30
05:17,05:17:00,23,30,-7,1,2,REGULAR,102,B. AKIN,1,turnover,253,,[],travel,0,11,Berk Can,Akin,Berk Can,Akin,B,A,B,A,B. Akin,BURSASPOR BASKETBOL,SPR,B. Akin,11,,,,,,TO,,BURSASPOR BASKETBOL B. AKIN turnover travel,,,,,,,,,0,84,1.0,turnover,0,23,0,30
04:55,04:55:00,23,33,-10,2,2,REGULAR,87,N. WEILER-BABB,1,3pt,255,,['fromturnover'],jumpshot,1,8,Nick,Weiler-Babb,Nick,Weiler-Babb,N,W,N,W,N. Weiler-Babb,ANADOLU EFES,EFS,N. Weiler-Babb,8,,,67.580001831055,56.610000610352,1.0,P3,made,ANADOLU EFES N. WEILER-BABB 3Pt made,,,,,,,,,3,85,2.0,score,0,23,3,33
04:53,04:53:00,23,33,-10,1,2,REGULAR,0,,1,timeout,257,,[],full,0,,,,,,,,,,,BURSASPOR BASKETBOL,SPR,,,,,,,,TIMEOUT,,BURSASPOR BASKETBOL timeout,,,,,,,,,0,86,1.0,,0,23,0,33
04:53,04:53:00,23,33,-10,1,2,REGULAR,102,B. AKIN,1,substitution,258,,[],out,0,11,Berk Can,Akin,Berk Can,Akin,B,A,B,A,B. Akin,BURSASPOR BASKETBOL,SPR,B. Akin,11,,,,,,SUB,out,BURSASPOR BASKETBOL substitution out,,,,,,,,,0,86,1.0,,0,23,0,33
04:53,04:53:00,23,33,-10,1,2,REGULAR,101,H. KÖKSAL,1,substitution,259,,[],in,0,7,Hüseyin Göksenin,Köksal,Hüseyin Göksenin,Köksal,H,K,H,K,H. Köksal,BURSASPOR BASKETBOL,SPR,H. Köksal,7,,,,,,SUB,in,BURSASPOR BASKETBOL substitution in,,,,,,,,,0,86,1.0,,0,23,0,33
04:53,04:53:00,23,33,-10,2,2,REGULAR,92,J. LOYD,1,substitution,260,,[],out,0,3,Jordan,Loyd,Jordan,Loyd,J,L,J,L,J. Loyd,ANADOLU EFES,EFS,J. Loyd,3,,,,,,SUB,out,ANADOLU EFES substitution out,,,,,,,,,0,86,1.0,,0,23,0,33
04:53,04:53:00,23,33,-10,2,2,REGULAR,88,I. CORDINIER,1,substitution,261,,[],in,0,10,Isaia,Cordinier,Isaia,Cordinier,I,C,I,C,I. Cordinier,ANADOLU EFES,EFS,I. Cordinier,10,,,,,,SUB,in,ANADOLU EFES substitution in,,,,,,,,,0,86,1.0,,0,23,0,33
04:34,04:34:00,26,33,-7,1,2,REGULAR,135,A. KONONTSUK,1,3pt,263,,[],jumpshot,1,34,Artur,Konontsuk,Artur,Konontsuk,A,K,A,K,A. Konontsuk,BURSASPOR BASKETBOL,SPR,A. Konontsuk,34,,,32.009998321533,49.830001831055,1.0,P3,made,BURSASPOR BASKETBOL A. KONONTSUK 3Pt made,133.0,1.0,B. CHILDRESS,,,,,,3,86,1.0,score,3,26,0,33
04:34,04:34:00,26,33,-7,1,2,REGULAR,133,B. CHILDRESS,1,assist,264,263,[],,0,0,Brandon Reginald,Childress,Brandon Reginald,Childress,B,C,B,C,B. Childress,BURSASPOR BASKETBOL,SPR,B. Childress,0,,,,,,ASS,,BURSASPOR BASKETBOL B. CHILDRESS assist,,,,,,,,,0,87,2.0,,0,26,0,33
04:21,04:21:00,26,33,-7,1,2,REGULAR,133,B. CHILDRESS,1,foul,266,,[],personal,0,0,Brandon Reginald,Childress,Brandon Reginald,Childress,B,C,B,C,B. Childress,BURSASPOR BASKETBOL,SPR,B. Childress,0,,,,,,FOUL,,BURSASPOR BASKETBOL B. CHILDRESS foul personal,,,,,,,,,0,87,2.0,,0,26,0,33
04:21,04:21:00,26,33,-7,2,2,REGULAR,87,N. WEILER-BABB,1,foulon,267,266,[],,0,8,Nick,Weiler-Babb,Nick,Weiler-Babb,N,W,N,W,N. Weiler-Babb,ANADOLU EFES,EFS,N. Weiler-Babb,8,,,,,,OTHER,,ANADOLU EFES foulon,,,,,,,,,0,87,2.0,,0,26,0,33
04:15,04:15:00,26,33,-7,2,2,REGULAR,89,E. OSMANI,0,3pt,269,,[],stepbackjumpshot,1,24,Ercan,Osmani,Ercan,Osmani,E,O,E,O,E. Osmani,ANADOLU EFES,EFS,E. Osmani,24,,,93.629997253418,96.160003662109,0.0,P3,missed,ANADOLU EFES E. OSMANI 3Pt missed,,,,,,,,,0,87,2.0,def_reb,0,26,0,33
04:12,04:12:00,26,33,-7,1,2,REGULAR,129,B. CRAWFORD,1,rebound,270,269,[],defensive,0,13,Bryant Dejuan,Crawford,Bryant Dejuan,Crawford,B,C,B,C,B. Crawford,BURSASPOR BASKETBOL,SPR,B. Crawford,13,,,,,,REB,,BURSASPOR BASKETBOL rebound defensive,,,,,,,,,0,88,1.0,def_reb,0,26,0,33
04:06,04:06:00,26,33,-7,1,2,REGULAR,135,A. KONONTSUK,0,2pt,271,,['pointsinthepaint'],layup,1,34,Artur,Konontsuk,Artur,Konontsuk,A,K,A,K,A. Konontsuk,BURSASPOR BASKETBOL,SPR,A. Konontsuk,34,,,10.479999542236,65.370002746582,0.0,P2,missed,BURSASPOR BASKETBOL A. KONONTSUK 2Pt missed,,,,,,,,,0,89,2.0,,0,26,0,33
04:02,04:02:00,26,33,-7,1,2,REGULAR,127,L. NNOKO,1,rebound,272,271,[],offensive,0,35,Landry,Nnoko,Landry,Nnoko,L,N,L,N,L. Nnoko,BURSASPOR BASKETBOL,SPR,L. Nnoko,35,,,,,,REB,,BURSASPOR BASKETBOL rebound offensive,,,,,,,,,0,89,2.0,,0,26,0,33
04:02,04:02:00,28,33,-5,1,2,REGULAR,127,L. NNOKO,1,2pt,273,,"['2ndchance', 'pointsinthepaint']",tipindunk,1,35,Landry,Nnoko,Landry,Nnoko,L,N,L,N,L. Nnoko,BURSASPOR BASKETBOL,SPR,L. Nnoko,35,,,6.0,50.0,1.0,P2,made,BURSASPOR BASKETBOL L. NNOKO 2Pt made,,,,,,,,,2,89,2.0,score,2,28,0,33
03:46,03:46:00,28,36,-8,2,2,REGULAR,87,N. WEILER-BABB,1,3pt,274,,[],jumpshot,1,8,Nick,Weiler-Babb,Nick,Weiler-Babb,N,W,N,W,N. Weiler-Babb,ANADOLU EFES,EFS,N. Weiler-Babb,8,,,67.110000610352,65.930000305176,1.0,P3,made,ANADOLU EFES N. WEILER-BABB 3Pt made,,,,,,,,,3,90,1.0,score,0,28,3,36
03:22,03:22:00,28,36,-8,2,2,REGULAR,72,R. BEAUBOIS,1,foul,276,,"['shooting', '2freethrow']",personal,0,1,Rodrigue,Beaubois,Rodrigue,Beaubois,R,B,R,B,R. Beaubois,ANADOLU EFES,EFS,R. Beaubois,1,,,,,,FOUL,,ANADOLU EFES R. BEAUBOIS foul personal,,,,,,,,,0,91,2.0,,0,28,0,36
03:22,03:22:00,28,36,-8,1,2,REGULAR,101,H. KÖKSAL,1,foulon,277,276,[],,0,7,Hüseyin Göksenin,Köksal,Hüseyin Göksenin,Köksal,H,K,H,K,H. Köksal,BURSASPOR BASKETBOL,SPR,H. Köksal,7,,,,,,OTHER,,BURSASPOR BASKETBOL foulon,,,,,,,,,0,91,2.0,,0,28,0,36
03:22,03:22:00,28,36,-8,2,2,REGULAR,72,R. BEAUBOIS,1,substitution,278,,[],out,0,1,Rodrigue,Beaubois,Rodrigue,Beaubois,R,B,R,B,R. Beaubois,ANADOLU EFES,EFS,R. Beaubois,1,,,,,,SUB,out,ANADOLU EFES substitution out,,,,,,,,,0,91,2.0,,0,28,0,36
03:22,03:22:00,28,36,-8,2,2,REGULAR,92,J. LOYD,1,substitution,279,,[],in,0,3,Jordan,Loyd,Jordan,Loyd,J,L,J,L,J. Loyd,ANADOLU EFES,EFS,J. Loyd,3,,,,,,SUB,in,ANADOLU EFES substitution in,,,,,,,,,0,91,2.0,,0,28,0,36
03:22,03:22:00,28,36,-8,1,2,REGULAR,101,H. KÖKSAL,0,freethrow,280,,[],1of2,1,7,Hüseyin Göksenin,Köksal,Hüseyin Göksenin,Köksal,H,K,H,K,H. Köksal,BURSASPOR BASKETBOL,SPR,H. Köksal,7,,,,,,FT,missed,BURSASPOR BASKETBOL H. KÖKSAL FT 1of2 missed,,,,,,,,,0,91,2.0,def_reb,0,28,0,36
03:22,03:22:00,28,36,-8,1,2,REGULAR,0,,1,rebound,281,280,[],offensivedeadball,0,,,,,,,,,,,BURSASPOR BASKETBOL,SPR,,,,,,,,TREB,,BURSASPOR BASKETBOL team rebound offensivedeadball,,,,,,,,,0,92,1.0,def_reb,0,28,0,36
03:22,03:22:00,28,36,-8,1,2,REGULAR,101,H. KÖKSAL,0,freethrow,282,,[],2of2,1,7,Hüseyin Göksenin,Köksal,Hüseyin Göksenin,Köksal,H,K,H,K,H. Köksal,BURSASPOR BASKETBOL,SPR,H. Köksal,7,,,,,,FT,missed,BURSASPOR BASKETBOL H. KÖKSAL FT 2of2 missed,,,,,,,,,0,93,2.0,def_reb,0,28,0,36
03:20,03:20:00,28,36,-8,1,2,REGULAR,0,,1,rebound,284,282,['team'],offensive,0,,,,,,,,,,,BURSASPOR BASKETBOL,SPR,,,,,,,,TREB,,BURSASPOR BASKETBOL team rebound offensive,,,,,,,,,0,94,1.0,def_reb,0,28,0,36
03:16,03:16:00,28,36,-8,1,2,REGULAR,127,L. NNOKO,1,foul,290,,[],offensive,0,35,Landry,Nnoko,Landry,Nnoko,L,N,L,N,L. Nnoko,BURSASPOR BASKETBOL,SPR,L. Nnoko,35,,,,,,RFOUL,,BURSASPOR BASKETBOL L. NNOKO foul offensive,,,,,,,,,0,95,2.0,offensive_foul,0,28,0,36
03:16,03:16:00,28,36,-8,1,2,REGULAR,127,L. NNOKO,1,turnover,291,290,[],offensive,0,35,Landry,Nnoko,Landry,Nnoko,L,N,L,N,L. Nnoko,BURSASPOR BASKETBOL,SPR,L. Nnoko,35,,,,,,TO,,BURSASPOR BASKETBOL L. NNOKO turnover offensive,,,,,,,,,0,96,1.0,turnover,0,28,0,36
03:16,03:16:00,28,36,-8,2,2,REGULAR,73,B. DESSERT,1,foulon,292,290,[],,0,13,Brice ,Dessert,Brice ,Dessert,B,D,B,D,B. Dessert,ANADOLU EFES,EFS,B. Dessert,13,,,,,,OTHER,,ANADOLU EFES foulon,,,,,,,,,0,97,2.0,,0,28,0,36
02:53,02:53:00,28,36,-8,2,2,REGULAR,88,I. CORDINIER,0,3pt,298,,['fromturnover'],jumpshot,1,10,Isaia,Cordinier,Isaia,Cordinier,I,C,I,C,I. Cordinier,ANADOLU EFES,EFS,I. Cordinier,10,,,72.569999694824,84.290000915527,0.0,P3,missed,ANADOLU EFES I. CORDINIER 3Pt missed,,,,,,,,,0,97,2.0,,0,28,0,36
02:49,02:49:00,28,36,-8,2,2,REGULAR,89,E. OSMANI,1,rebound,299,298,[],offensive,0,24,Ercan,Osmani,Ercan,Osmani,E,O,E,O,E. Osmani,ANADOLU EFES,EFS,E. Osmani,24,,,,,,REB,,ANADOLU EFES rebound offensive,,,,,,,,,0,97,2.0,,0,28,0,36
02:45,02:45:00,28,36,-8,2,2,REGULAR,87,N. WEILER-BABB,0,3pt,300,,"['2ndchance', 'fromturnover']",jumpshot,1,8,Nick,Weiler-Babb,Nick,Weiler-Babb,N,W,N,W,N. Weiler-Babb,ANADOLU EFES,EFS,N. Weiler-Babb,8,,,67.580001831055,39.659999847412,0.0,P3,missed,ANADOLU EFES N. WEILER-BABB 3Pt missed,,,,,,,,,0,97,2.0,def_reb,0,28,0,36
02:42,02:42:00,28,36,-8,1,2,REGULAR,129,B. CRAWFORD,1,rebound,301,300,[],defensive,0,13,Bryant Dejuan,Crawford,Bryant Dejuan,Crawford,B,C,B,C,B. Crawford,BURSASPOR BASKETBOL,SPR,B. Crawford,13,,,,,,REB,,BURSASPOR BASKETBOL rebound defensive,,,,,,,,,0,98,1.0,def_reb,0,28,0,36
02:42,02:42:00,28,36,-8,1,2,REGULAR,129,B. CRAWFORD,1,turnover,302,,[],badpass,0,13,Bryant Dejuan,Crawford,Bryant Dejuan,Crawford,B,C,B,C,B. Crawford,BURSASPOR BASKETBOL,SPR,B. Crawford,13,,,,,,TO,,BURSASPOR BASKETBOL B. CRAWFORD turnover badpass,,,,,,,,,0,99,2.0,turnover,0,28,0,36
02:42,02:42:00,28,36,-8,2,2,REGULAR,92,J. LOYD,1,steal,303,302,[],,0,3,Jordan,Loyd,Jordan,Loyd,J,L,J,L,J. Loyd,ANADOLU EFES,EFS,J. Loyd,3,,,,,,ST,,ANADOLU EFES J. LOYD steal,,,,,,,,,0,100,1.0,,0,28,0,36
02:37,02:37:00,28,38,-10,2,2,REGULAR,89,E. OSMANI,1,2pt,304,,"['fromturnover', 'pointsinthepaint', 'fastbreak']",layup,1,24,Ercan,Osmani,Ercan,Osmani,E,O,E,O,E. Osmani,ANADOLU EFES,EFS,E. Osmani,24,,,91.76000213623,63.669998168945,1.0,P2,made,ANADOLU EFES E. OSMANI 2Pt made,92.0,2.0,J. LOYD,,,,,,2,100,1.0,score,0,28,2,38
02:37,02:37:00,28,38,-10,2,2,REGULAR,92,J. LOYD,1,assist,305,304,[],,0,3,Jordan,Loyd,Jordan,Loyd,J,L,J,L,J. Loyd,ANADOLU EFES,EFS,J. Loyd,3,,,,,,ASS,,ANADOLU EFES J. LOYD assist,,,,,,,,,0,101,2.0,,0,28,0,38
02:28,02:28:00,28,38,-10,2,2,REGULAR,88,I. CORDINIER,1,foul,307,,[],personal,0,10,Isaia,Cordinier,Isaia,Cordinier,I,C,I,C,I. Cordinier,ANADOLU EFES,EFS,I. Cordinier,10,,,,,,FOUL,,ANADOLU EFES I. CORDINIER foul personal,,,,,,,,,0,101,2.0,,0,28,0,38
02:28,02:28:00,28,38,-10,1,2,REGULAR,127,L. NNOKO,1,foulon,308,307,[],,0,35,Landry,Nnoko,Landry,Nnoko,L,N,L,N,L. Nnoko,BURSASPOR BASKETBOL,SPR,L. Nnoko,35,,,,,,OTHER,,BURSASPOR BASKETBOL foulon,,,,,,,,,0,101,2.0,,0,28,0,38
02:28,02:28:00,28,38,-10,2,2,REGULAR,73,B. DESSERT,1,substitution,309,,[],out,0,13,Brice ,Dessert,Brice ,Dessert,B,D,B,D,B. Dessert,ANADOLU EFES,EFS,B. Dessert,13,,,,,,SUB,out,ANADOLU EFES substitution out,,,,,,,,,0,101,2.0,,0,28,0,38
02:28,02:28:00,28,38,-10,2,2,REGULAR,85,G. PAPAGIANNIS,1,substitution,310,,[],in,0,9,Georgios,Papagiannis,Georgios,Papagiannis,G,P,G,P,G. Papagiannis,ANADOLU EFES,EFS,G. Papagiannis,9,,,,,,SUB,in,ANADOLU EFES substitution in,,,,,,,,,0,101,2.0,,0,28,0,38
02:17,02:17:00,31,38,-7,1,2,REGULAR,135,A. KONONTSUK,1,3pt,312,,[],jumpshot,1,34,Artur,Konontsuk,Artur,Konontsuk,A,K,A,K,A. Konontsuk,BURSASPOR BASKETBOL,SPR,A. Konontsuk,34,,,32.319999694824,65.650001525879,1.0,P3,made,BURSASPOR BASKETBOL A. KONONTSUK 3Pt made,133.0,1.0,B. CHILDRESS,,,,,,3,101,2.0,score,3,31,0,38
02:17,02:17:00,31,38,-7,1,2,REGULAR,133,B. CHILDRESS,1,assist,313,312,[],,0,0,Brandon Reginald,Childress,Brandon Reginald,Childress,B,C,B,C,B. Childress,BURSASPOR BASKETBOL,SPR,B. Childress,0,,,,,,ASS,,BURSASPOR BASKETBOL B. CHILDRESS assist,,,,,,,,,0,102,1.0,,0,31,0,38
01:58,01:58:00,31,40,-9,2,2,REGULAR,92,J. LOYD,1,2pt,314,,['pointsinthepaint'],layup,1,3,Jordan,Loyd,Jordan,Loyd,J,L,J,L,J. Loyd,ANADOLU EFES,EFS,J. Loyd,3,,,89.580001831055,40.229999542236,1.0,P2,made,ANADOLU EFES J. LOYD 2Pt made,89.0,2.0,E. OSMANI,,,,,,2,102,1.0,score,0,31,2,40
01:58,01:58:00,31,40,-9,2,2,REGULAR,89,E. OSMANI,1,assist,315,314,[],,0,24,Ercan,Osmani,Ercan,Osmani,E,O,E,O,E. Osmani,ANADOLU EFES,EFS,E. Osmani,24,,,,,,ASS,,ANADOLU EFES E. OSMANI assist,,,,,,,,,0,103,2.0,,0,31,0,40
01:39,01:39:00,31,40,-9,1,2,REGULAR,133,B. CHILDRESS,0,3pt,316,,[],jumpshot,1,0,Brandon Reginald,Childress,Brandon Reginald,Childress,B,C,B,C,B. Childress,BURSASPOR BASKETBOL,SPR,B. Childress,0,,,30.760000228882,74.690002441406,0.0,P3,missed,BURSASPOR BASKETBOL B. CHILDRESS 3Pt missed,,,,,,,,,0,103,2.0,def_reb,0,31,0,40
01:36,01:36:00,31,40,-9,2,2,REGULAR,85,G. PAPAGIANNIS,1,rebound,317,316,[],defensive,0,9,Georgios,Papagiannis,Georgios,Papagiannis,G,P,G,P,G. Papagiannis,ANADOLU EFES,EFS,G. Papagiannis,9,,,,,,REB,,ANADOLU EFES rebound defensive,,,,,,,,,0,104,1.0,def_reb,0,31,0,40
01:26,01:26:00,31,42,-11,2,2,REGULAR,88,I. CORDINIER,1,2pt,318,,['pointsinthepaint'],pullupjumpshot,1,10,Isaia,Cordinier,Isaia,Cordinier,I,C,I,C,I. Cordinier,ANADOLU EFES,EFS,I. Cordinier,10,,,90.669998168945,60.0,1.0,P2,made,ANADOLU EFES I. CORDINIER 2Pt made,,,,,,,,,2,105,2.0,score,0,31,2,42
01:05,01:05:00,34,42,-8,1,2,REGULAR,135,A. KONONTSUK,1,3pt,319,,[],jumpshot,1,34,Artur,Konontsuk,Artur,Konontsuk,A,K,A,K,A. Konontsuk,BURSASPOR BASKETBOL,SPR,A. Konontsuk,34,,,33.729999542236,50.959999084473,1.0,P3,made,BURSASPOR BASKETBOL A. KONONTSUK 3Pt made,129.0,1.0,B. CRAWFORD,,,,,,3,106,1.0,score,3,34,0,42
01:05,01:05:00,34,42,-8,1,2,REGULAR,129,B. CRAWFORD,1,assist,320,319,[],,0,13,Bryant Dejuan,Crawford,Bryant Dejuan,Crawford,B,C,B,C,B. Crawford,BURSASPOR BASKETBOL,SPR,B. Crawford,13,,,,,,ASS,,BURSASPOR BASKETBOL B. CRAWFORD assist,,,,,,,,,0,107,2.0,,0,34,0,42
00:46,00:46:10,34,42,-8,2,2,REGULAR,85,G. PAPAGIANNIS,0,2pt,321,,['pointsinthepaint'],layup,1,9,Georgios,Papagiannis,Georgios,Papagiannis,G,P,G,P,G. Papagiannis,ANADOLU EFES,EFS,G. Papagiannis,9,,,86.610000610352,52.090000152588,0.0,P2,missed,ANADOLU EFES G. PAPAGIANNIS 2Pt missed,,,,,,,,,0,107,2.0,def_reb,0,34,0,42
00:44,00:44:90,34,42,-8,1,2,REGULAR,0,,1,rebound,323,321,['team'],defensive,0,,,,,,,,,,,BURSASPOR BASKETBOL,SPR,,,,,,,,TREB,,BURSASPOR BASKETBOL team rebound defensive,,,,,,,,,0,108,1.0,def_reb,0,34,0,42
00:43,00:43:60,34,42,-8,1,2,REGULAR,101,H. KÖKSAL,1,substitution,326,,[],out,0,7,Hüseyin Göksenin,Köksal,Hüseyin Göksenin,Köksal,H,K,H,K,H. Köksal,BURSASPOR BASKETBOL,SPR,H. Köksal,7,,,,,,SUB,out,BURSASPOR BASKETBOL substitution out,,,,,,,,,0,109,2.0,,0,34,0,42
00:43,00:43:60,34,42,-8,1,2,REGULAR,129,B. CRAWFORD,1,substitution,327,,[],out,0,13,Bryant Dejuan,Crawford,Bryant Dejuan,Crawford,B,C,B,C,B. Crawford,BURSASPOR BASKETBOL,SPR,B. Crawford,13,,,,,,SUB,out,BURSASPOR BASKETBOL substitution out,,,,,,,,,0,109,2.0,,0,34,0,42
00:43,00:43:60,34,42,-8,1,2,REGULAR,127,L. NNOKO,1,substitution,328,,[],out,0,35,Landry,Nnoko,Landry,Nnoko,L,N,L,N,L. Nnoko,BURSASPOR BASKETBOL,SPR,L. Nnoko,35,,,,,,SUB,out,BURSASPOR BASKETBOL substitution out,,,,,,,,,0,109,2.0,,0,34,0,42
00:43,00:43:60,34,42,-8,1,2,REGULAR,102,B. AKIN,1,substitution,329,,[],in,0,11,Berk Can,Akin,Berk Can,Akin,B,A,B,A,B. Akin,BURSASPOR BASKETBOL,SPR,B. Akin,11,,,,,,SUB,in,BURSASPOR BASKETBOL substitution in,,,,,,,,,0,109,2.0,,0,34,0,42
00:43,00:43:60,34,42,-8,1,2,REGULAR,136,J. DELAURIER,1,substitution,330,,[],in,0,12,Javin Que,Delaurier,Javin Que,Delaurier,J,D,J,D,J. Delaurier,BURSASPOR BASKETBOL,SPR,J. Delaurier,12,,,,,,SUB,in,BURSASPOR BASKETBOL substitution in,,,,,,,,,0,109,2.0,,0,34,0,42
00:43,00:43:60,34,42,-8,1,2,REGULAR,134,V. KING,1,substitution,331,,[],in,0,22,Vincent Earl,King,Vincent Earl,King,V,K,V,K,V. King,BURSASPOR BASKETBOL,SPR,V. King,22,,,,,,SUB,in,BURSASPOR BASKETBOL substitution in,,,,,,,,,0,109,2.0,,0,34,0,42
00:43,00:43:60,34,42,-8,2,2,REGULAR,88,I. CORDINIER,1,substitution,332,,[],out,0,10,Isaia,Cordinier,Isaia,Cordinier,I,C,I,C,I. Cordinier,ANADOLU EFES,EFS,I. Cordinier,10,,,,,,SUB,out,ANADOLU EFES substitution out,,,,,,,,,0,109,2.0,,0,34,0,42
00:43,00:43:60,34,42,-8,2,2,REGULAR,72,R. BEAUBOIS,1,substitution,333,,[],in,0,1,Rodrigue,Beaubois,Rodrigue,Beaubois,R,B,R,B,R. Beaubois,ANADOLU EFES,EFS,R. Beaubois,1,,,,,,SUB,in,ANADOLU EFES substitution in,,,,,,,,,0,109,2.0,,0,34,0,42
00:22,00:22:20,37,42,-5,1,2,REGULAR,102,B. AKIN,1,3pt,335,,[],jumpshot,1,11,Berk Can,Akin,Berk Can,Akin,B,A,B,A,B. Akin,BURSASPOR BASKETBOL,SPR,B. Akin,11,,,22.180000305176,87.970001220703,1.0,P3,made,BURSASPOR BASKETBOL B. AKIN 3Pt made,133.0,1.0,B. CHILDRESS,,,,,,3,109,2.0,score,3,37,0,42
00:22,00:22:20,37,42,-5,1,2,REGULAR,133,B. CHILDRESS,1,assist,336,335,[],,0,0,Brandon Reginald,Childress,Brandon Reginald,Childress,B,C,B,C,B. Childress,BURSASPOR BASKETBOL,SPR,B. Childress,0,,,,,,ASS,,BURSASPOR BASKETBOL B. CHILDRESS assist,,,,,,,,,0,110,1.0,,0,37,0,42
00:05,00:05:10,37,42,-5,2,2,REGULAR,92,J. LOYD,0,3pt,340,,[],jumpshot,1,3,Jordan,Loyd,Jordan,Loyd,J,L,J,L,J. Loyd,ANADOLU EFES,EFS,J. Loyd,3,,,66.959999084473,59.439998626709,0.0,P3,missed,ANADOLU EFES J. LOYD 3Pt missed,,,,,,,,,0,110,1.0,def_reb,0,37,0,42
00:03,00:03:30,37,42,-5,1,2,REGULAR,135,A. KONONTSUK,1,rebound,342,340,[],defensive,0,34,Artur,Konontsuk,Artur,Konontsuk,A,K,A,K,A. Konontsuk,BURSASPOR BASKETBOL,SPR,A. Konontsuk,34,,,,,,REB,,BURSASPOR BASKETBOL rebound defensive,,,,,,,,,0,111,2.0,def_reb,0,37,0,42
00:00,00:00:00,37,42,-5,0,2,REGULAR,0,,1,period,346,,['confirmed'],end,0,,,,,,,,,,,,,,,,,,,,OTHER,,period end,,,,,,,,,0,112,1.0,,0,37,0,42
10:00,10:00:00,37,42,-5,1,3,REGULAR,136,J. DELAURIER,1,substitution,347,,[],out,0,12,Javin Que,Delaurier,Javin Que,Delaurier,J,D,J,D,J. Delaurier,BURSASPOR BASKETBOL,SPR,J. Delaurier,12,,,,,,SUB,out,BURSASPOR BASKETBOL substitution out,,,,,,,,,0,112,1.0,,0,37,0,42
10:00,10:00:00,37,42,-5,1,3,REGULAR,127,L. NNOKO,1,substitution,348,,[],in,0,35,Landry,Nnoko,Landry,Nnoko,L,N,L,N,L. Nnoko,BURSASPOR BASKETBOL,SPR,L. Nnoko,35,,,,,,SUB,in,BURSASPOR BASKETBOL substitution in,,,,,,,,,0,112,1.0,,0,37,0,42
10:00,10:00:00,37,42,-5,2,3,REGULAR,72,R. BEAUBOIS,1,substitution,349,,[],out,0,1,Rodrigue,Beaubois,Rodrigue,Beaubois,R,B,R,B,R. Beaubois,ANADOLU EFES,EFS,R. Beaubois,1,,,,,,SUB,out,ANADOLU EFES substitution out,,,,,,,,,0,112,1.0,,0,37,0,42
10:00,10:00:00,37,42,-5,2,3,REGULAR,92,J. LOYD,1,substitution,350,,[],out,0,3,Jordan,Loyd,Jordan,Loyd,J,L,J,L,J. Loyd,ANADOLU EFES,EFS,J. Loyd,3,,,,,,SUB,out,ANADOLU EFES substitution out,,,,,,,,,0,112,1.0,,0,37,0,42
10:00,10:00:00,37,42,-5,2,3,REGULAR,85,G. PAPAGIANNIS,1,substitution,351,,[],out,0,9,Georgios,Papagiannis,Georgios,Papagiannis,G,P,G,P,G. Papagiannis,ANADOLU EFES,EFS,G. Papagiannis,9,,,,,,SUB,out,ANADOLU EFES substitution out,,,,,,,,,0,112,1.0,,0,37,0,42
10:00,10:00:00,37,42,-5,2,3,REGULAR,88,I. CORDINIER,1,substitution,352,,[],in,0,10,Isaia,Cordinier,Isaia,Cordinier,I,C,I,C,I. Cordinier,ANADOLU EFES,EFS,I. Cordinier,10,,,,,,SUB,in,ANADOLU EFES substitution in,,,,,,,,,0,112,1.0,,0,37,0,42
10:00,10:00:00,37,42,-5,2,3,REGULAR,73,B. DESSERT,1,substitution,353,,[],in,0,13,Brice ,Dessert,Brice ,Dessert,B,D,B,D,B. Dessert,ANADOLU EFES,EFS,B. Dessert,13,,,,,,SUB,in,ANADOLU EFES substitution in,,,,,,,,,0,112,1.0,,0,37,0,42
10:00,10:00:00,37,42,-5,2,3,REGULAR,80,E. YILMAZ,1,substitution,354,,[],in,0,33,Erkan,Yilmaz,Erkan,Yilmaz,E,Y,E,Y,E. Yilmaz,ANADOLU EFES,EFS,E. Yilmaz,33,,,,,,SUB,in,ANADOLU EFES substitution in,,,,,,,,,0,112,1.0,,0,37,0,42
10:00,10:00:00,37,42,-5,0,3,REGULAR,0,,1,period,355,,[],start,0,,,,,,,,,,,,,,,,,,,,OTHER,,period start,,,,,,,,,0,112,1.0,,0,37,0,42
09:47,09:47:00,37,44,-7,2,3,REGULAR,89,E. OSMANI,1,2pt,357,,['pointsinthepaint'],hookshot,1,24,Ercan,Osmani,Ercan,Osmani,E,O,E,O,E. Osmani,ANADOLU EFES,EFS,E. Osmani,24,,,11.579999923706,58.020000457764,1.0,P2,made,ANADOLU EFES E. OSMANI 2Pt made,87.0,2.0,N. WEILER-BABB,,,,,,2,112,1.0,score,0,37,2,44
09:47,09:47:00,37,44,-7,2,3,REGULAR,87,N. WEILER-BABB,1,assist,358,357,[],,0,8,Nick,Weiler-Babb,Nick,Weiler-Babb,N,W,N,W,N. Weiler-Babb,ANADOLU EFES,EFS,N. Weiler-Babb,8,,,,,,ASS,,ANADOLU EFES N. WEILER-BABB assist,,,,,,,,,0,113,2.0,,0,37,0,44
09:26,09:26:00,37,44,-7,1,3,REGULAR,133,B. CHILDRESS,0,2pt,359,,[],jumpshot,1,0,Brandon Reginald,Childress,Brandon Reginald,Childress,B,C,B,C,B. Childress,BURSASPOR BASKETBOL,SPR,B. Childress,0,,,77.569999694824,70.169998168945,0.0,P2,missed,BURSASPOR BASKETBOL B. CHILDRESS 2Pt missed,,,,,,,,,0,113,2.0,def_reb,0,37,0,44
09:24,09:24:00,37,44,-7,2,3,REGULAR,0,,1,rebound,361,359,['team'],defensive,0,,,,,,,,,,,ANADOLU EFES,EFS,,,,,,,,TREB,,ANADOLU EFES team rebound defensive,,,,,,,,,0,114,1.0,def_reb,0,37,0,44
09:02,09:02:00,37,44,-7,2,3,REGULAR,88,I. CORDINIER,0,3pt,363,,[],jumpshot,1,10,Isaia,Cordinier,Isaia,Cordinier,I,C,I,C,I. Cordinier,ANADOLU EFES,EFS,I. Cordinier,10,,,33.099998474121,50.110000610352,0.0,P3,missed,ANADOLU EFES I. CORDINIER 3Pt missed,,,,,,,,,0,115,2.0,def_reb,0,37,0,44
09:00,09:00:00,37,44,-7,1,3,REGULAR,134,V. KING,1,rebound,364,363,[],defensive,0,22,Vincent Earl,King,Vincent Earl,King,V,K,V,K,V. King,BURSASPOR BASKETBOL,SPR,V. King,22,,,,,,REB,,BURSASPOR BASKETBOL rebound defensive,,,,,,,,,0,116,1.0,def_reb,0,37,0,44
08:54,08:54:00,37,44,-7,2,3,REGULAR,80,E. YILMAZ,1,foul,366,,"['shooting', '2freethrow']",personal,0,33,Erkan,Yilmaz,Erkan,Yilmaz,E,Y,E,Y,E. Yilmaz,ANADOLU EFES,EFS,E. Yilmaz,33,,,,,,FOUL,,ANADOLU EFES E. YILMAZ foul personal,,,,,,,,,0,117,2.0,,0,37,0,44
08:54,08:54:00,37,44,-7,1,3,REGULAR,133,B. CHILDRESS,1,foulon,367,366,[],,0,0,Brandon Reginald,Childress,Brandon Reginald,Childress,B,C,B,C,B. Childress,BURSASPOR BASKETBOL,SPR,B. Childress,0,,,,,,OTHER,,BURSASPOR BASKETBOL foulon,,,,,,,,,0,117,2.0,,0,37,0,44
08:54,08:54:00,38,44,-6,1,3,REGULAR,133,B. CHILDRESS,1,freethrow,368,,['fastbreak'],1of2,1,0,Brandon Reginald,Childress,Brandon Reginald,Childress,B,C,B,C,B. Childress,BURSASPOR BASKETBOL,SPR,B. Childress,0,,,,,,FT,made,BURSASPOR BASKETBOL B. CHILDRESS FT 1of2 made,,,,,,,,,1,117,2.0,made_ft,1,38,0,44
08:54,08:54:00,38,44,-6,1,3,REGULAR,134,V. KING,1,assist,369,368,[],,0,22,Vincent Earl,King,Vincent Earl,King,V,K,V,K,V. King,BURSASPOR BASKETBOL,SPR,V. King,22,,,,,,ASS,,BURSASPOR BASKETBOL V. KING assist,,,,,,,,,0,118,1.0,,0,38,0,44
08:54,08:54:00,39,44,-5,1,3,REGULAR,133,B. CHILDRESS,1,freethrow,370,,['fastbreak'],2of2,1,0,Brandon Reginald,Childress,Brandon Reginald,Childress,B,C,B,C,B. Childress,BURSASPOR BASKETBOL,SPR,B. Childress,0,,,,,,FT,made,BURSASPOR BASKETBOL B. CHILDRESS FT 2of2 made,,,,,,,,,1,118,1.0,made_ft_last,1,39,0,44
08:31,08:31:00,39,44,-5,2,3,REGULAR,80,E. YILMAZ,0,2pt,372,,['pointsinthepaint'],turnaroundjumpshot,1,33,Erkan,Yilmaz,Erkan,Yilmaz,E,Y,E,Y,E. Yilmaz,ANADOLU EFES,EFS,E. Yilmaz,33,,,17.190000534058,55.759998321533,0.0,P2,missed,ANADOLU EFES E. YILMAZ 2Pt missed,,,,,,,,,0,119,2.0,def_reb,0,39,0,44
08:27,08:27:00,39,44,-5,1,3,REGULAR,0,,1,rebound,374,372,['team'],defensive,0,,,,,,,,,,,BURSASPOR BASKETBOL,SPR,,,,,,,,TREB,,BURSASPOR BASKETBOL team rebound defensive,,,,,,,,,0,120,1.0,def_reb,0,39,0,44
08:12,08:12:00,39,44,-5,1,3,REGULAR,133,B. CHILDRESS,0,3pt,376,,[],jumpshot,1,0,Brandon Reginald,Childress,Brandon Reginald,Childress,B,C,B,C,B. Childress,BURSASPOR BASKETBOL,SPR,B. Childress,0,,,73.819999694824,83.730003356934,0.0,P3,missed,BURSASPOR BASKETBOL B. CHILDRESS 3Pt missed,,,,,,,,,0,121,2.0,,0,39,0,44
08:10,08:10:00,39,44,-5,1,3,REGULAR,102,B. AKIN,1,rebound,377,376,[],offensive,0,11,Berk Can,Akin,Berk Can,Akin,B,A,B,A,B. Akin,BURSASPOR BASKETBOL,SPR,B. Akin,11,,,,,,REB,,BURSASPOR BASKETBOL rebound offensive,,,,,,,,,0,121,2.0,,0,39,0,44
08:00,08:00:00,42,44,-2,1,3,REGULAR,102,B. AKIN,1,3pt,378,,['2ndchance'],jumpshot,1,11,Berk Can,Akin,Berk Can,Akin,B,A,B,A,B. Akin,BURSASPOR BASKETBOL,SPR,B. Akin,11,,,70.860000610352,77.800003051758,1.0,P3,made,BURSASPOR BASKETBOL B. AKIN 3Pt made,,,,,,,,,3,121,2.0,score,3,42,0,44
07:36,07:36:00,42,46,-4,2,3,REGULAR,73,B. DESSERT,1,2pt,379,,['pointsinthepaint'],jumpshot,1,13,Brice ,Dessert,Brice ,Dessert,B,D,B,D,B. Dessert,ANADOLU EFES,EFS,B. Dessert,13,,,10.170000076294,41.360000610352,1.0,P2,made,ANADOLU EFES B. DESSERT 2Pt made,80.0,2.0,E. YILMAZ,,,,,,2,122,1.0,score,0,42,2,46
07:36,07:36:00,42,46,-4,2,3,REGULAR,80,E. YILMAZ,1,assist,380,379,[],,0,33,Erkan,Yilmaz,Erkan,Yilmaz,E,Y,E,Y,E. Yilmaz,ANADOLU EFES,EFS,E. Yilmaz,33,,,,,,ASS,,ANADOLU EFES E. YILMAZ assist,,,,,,,,,0,123,2.0,,0,42,0,46
07:26,07:26:00,42,46,-4,2,3,REGULAR,80,E. YILMAZ,1,foul,382,,[],personal,0,33,Erkan,Yilmaz,Erkan,Yilmaz,E,Y,E,Y,E. Yilmaz,ANADOLU EFES,EFS,E. Yilmaz,33,,,,,,FOUL,,ANADOLU EFES E. YILMAZ foul personal,,,,,,,,,0,123,2.0,,0,42,0,46
07:26,07:26:00,42,46,-4,1,3,REGULAR,127,L. NNOKO,1,foulon,383,382,[],,0,35,Landry,Nnoko,Landry,Nnoko,L,N,L,N,L. Nnoko,BURSASPOR BASKETBOL,SPR,L. Nnoko,35,,,,,,OTHER,,BURSASPOR BASKETBOL foulon,,,,,,,,,0,123,2.0,,0,42,0,46
07:26,07:26:00,42,46,-4,2,3,REGULAR,80,E. YILMAZ,1,substitution,384,,[],out,0,33,Erkan,Yilmaz,Erkan,Yilmaz,E,Y,E,Y,E. Yilmaz,ANADOLU EFES,EFS,E. Yilmaz,33,,,,,,SUB,out,ANADOLU EFES substitution out,,,,,,,,,0,123,2.0,,0,42,0,46
07:26,07:26:00,42,46,-4,2,3,REGULAR,92,J. LOYD,1,substitution,385,,[],in,0,3,Jordan,Loyd,Jordan,Loyd,J,L,J,L,J. Loyd,ANADOLU EFES,EFS,J. Loyd,3,,,,,,SUB,in,ANADOLU EFES substitution in,,,,,,,,,0,123,2.0,,0,42,0,46
07:12,07:12:00,42,46,-4,1,3,REGULAR,102,B. AKIN,0,2pt,387,,['pointsinthepaint'],drivinglayup,1,11,Berk Can,Akin,Berk Can,Akin,B,A,B,A,B. Akin,BURSASPOR BASKETBOL,SPR,B. Akin,11,,,93.790000915527,65.930000305176,0.0,P2,missed,BURSASPOR BASKETBOL B. AKIN 2Pt missed,,,,,,,,,0,123,2.0,def_reb,0,42,0,46
07:09,07:09:00,42,46,-4,2,3,REGULAR,87,N. WEILER-BABB,1,rebound,388,387,[],defensive,0,8,Nick,Weiler-Babb,Nick,Weiler-Babb,N,W,N,W,N. Weiler-Babb,ANADOLU EFES,EFS,N. Weiler-Babb,8,,,,,,REB,,ANADOLU EFES rebound defensive,,,,,,,,,0,124,1.0,def_reb,0,42,0,46
07:08,07:08:00,42,46,-4,1,3,REGULAR,102,B. AKIN,1,foul,390,,[],personal,0,11,Berk Can,Akin,Berk Can,Akin,B,A,B,A,B. Akin,BURSASPOR BASKETBOL,SPR,B. Akin,11,,,,,,FOUL,,BURSASPOR BASKETBOL B. AKIN foul personal,,,,,,,,,0,125,2.0,,0,42,0,46
07:08,07:08:00,42,46,-4,2,3,REGULAR,87,N. WEILER-BABB,1,foulon,391,390,[],,0,8,Nick,Weiler-Babb,Nick,Weiler-Babb,N,W,N,W,N. Weiler-Babb,ANADOLU EFES,EFS,N. Weiler-Babb,8,,,,,,OTHER,,ANADOLU EFES foulon,,,,,,,,,0,125,2.0,,0,42,0,46
07:04,07:04:00,42,46,-4,2,3,REGULAR,89,E. OSMANI,1,turnover,394,,[],travel,0,24,Ercan,Osmani,Ercan,Osmani,E,O,E,O,E. Osmani,ANADOLU EFES,EFS,E. Osmani,24,,,,,,TO,,ANADOLU EFES E. OSMANI turnover travel,,,,,,,,,0,125,2.0,turnover,0,42,0,46
06:46,06:46:00,42,46,-4,1,3,REGULAR,127,L. NNOKO,0,2pt,398,,"['fromturnover', 'pointsinthepaint']",alleyoopdunk,1,35,Landry,Nnoko,Landry,Nnoko,L,N,L,N,L. Nnoko,BURSASPOR BASKETBOL,SPR,L. Nnoko,35,,,92.849998474121,34.580001831055,0.0,P2,missed,BURSASPOR BASKETBOL L. NNOKO 2Pt missed,,,,,,,,,0,126,1.0,def_reb,0,42,0,46
06:45,06:45:00,42,46,-4,1,3,REGULAR,0,,1,rebound,400,398,['team'],offensive,0,,,,,,,,,,,BURSASPOR BASKETBOL,SPR,,,,,,,,TREB,,BURSASPOR BASKETBOL team rebound offensive,,,,,,,,,0,127,2.0,def_reb,0,42,0,46
06:36,06:36:00,44,46,-2,1,3,REGULAR,134,V. KING,1,2pt,402,,"['2ndchance', 'fromturnover', 'pointsinthepaint']",dunk,1,22,Vincent Earl,King,Vincent Earl,King,V,K,V,K,V. King,BURSASPOR BASKETBOL,SPR,V. King,22,,,93.01000213623,38.810001373291,1.0,P2,made,BURSASPOR BASKETBOL V. KING 2Pt made,133.0,1.0,B. CHILDRESS,,,,,,2,128,1.0,score,2,44,0,46
06:36,06:36:00,44,46,-2,1,3,REGULAR,133,B. CHILDRESS,1,assist,403,402,[],,0,0,Brandon Reginald,Childress,Brandon Reginald,Childress,B,C,B,C,B. Childress,BURSASPOR BASKETBOL,SPR,B. Childress,0,,,,,,ASS,,BURSASPOR BASKETBOL B. CHILDRESS assist,,,,,,,,,0,129,2.0,,0,44,0,46
06:17,06:17:00,44,46,-2,1,3,REGULAR,133,B. CHILDRESS,1,foul,405,,[],personal,0,0,Brandon Reginald,Childress,Brandon Reginald,Childress,B,C,B,C,B. Childress,BURSASPOR BASKETBOL,SPR,B. Childress,0,,,,,,FOUL,,BURSASPOR BASKETBOL B. CHILDRESS foul personal,,,,,,,,,0,129,2.0,,0,44,0,46
06:17,06:17:00,44,46,-2,2,3,REGULAR,87,N. WEILER-BABB,1,foulon,406,405,[],,0,8,Nick,Weiler-Babb,Nick,Weiler-Babb,N,W,N,W,N. Weiler-Babb,ANADOLU EFES,EFS,N. Weiler-Babb,8,,,,,,OTHER,,ANADOLU EFES foulon,,,,,,,,,0,129,2.0,,0,44,0,46
06:06,06:06:00,44,49,-5,2,3,REGULAR,88,I. CORDINIER,1,3pt,410,,[],jumpshot,1,10,Isaia,Cordinier,Isaia,Cordinier,I,C,I,C,I. Cordinier,ANADOLU EFES,EFS,I. Cordinier,10,,,32.790000915527,63.389999389648,1.0,P3,made,ANADOLU EFES I. CORDINIER 3Pt made,,,,,,,,,3,129,2.0,score,0,44,3,49
05:49,05:49:00,44,49,-5,2,3,REGULAR,87,N. WEILER-BABB,1,foul,412,,[],personal,0,8,Nick,Weiler-Babb,Nick,Weiler-Babb,N,W,N,W,N. Weiler-Babb,ANADOLU EFES,EFS,N. Weiler-Babb,8,,,,,,FOUL,,ANADOLU EFES N. WEILER-BABB foul personal,,,,,,,,,0,130,1.0,,0,44,0,49
05:49,05:49:00,44,49,-5,1,3,REGULAR,127,L. NNOKO,1,foulon,413,412,[],,0,35,Landry,Nnoko,Landry,Nnoko,L,N,L,N,L. Nnoko,BURSASPOR BASKETBOL,SPR,L. Nnoko,35,,,,,,OTHER,,BURSASPOR BASKETBOL foulon,,,,,,,,,0,130,1.0,,0,44,0,49
05:36,05:36:00,46,49,-3,1,3,REGULAR,134,V. KING,1,2pt,415,,['pointsinthepaint'],drivinglayup,1,22,Vincent Earl,King,Vincent Earl,King,V,K,V,K,V. King,BURSASPOR BASKETBOL,SPR,V. King,22,,,89.730003356934,57.740001678467,1.0,P2,made,BURSASPOR BASKETBOL V. KING 2Pt made,,,,,,,,,2,130,1.0,score,2,46,0,49
05:25,05:25:00,46,51,-5,2,3,REGULAR,89,E. OSMANI,1,2pt,416,,['pointsinthepaint'],layup,1,24,Ercan,Osmani,Ercan,Osmani,E,O,E,O,E. Osmani,ANADOLU EFES,EFS,E. Osmani,24,,,10.329999923706,47.009998321533,1.0,P2,made,ANADOLU EFES E. OSMANI 2Pt made,87.0,2.0,N. WEILER-BABB,,,,,,2,131,2.0,score,0,46,2,51
05:25,05:25:00,46,51,-5,2,3,REGULAR,87,N. WEILER-BABB,1,assist,417,416,[],,0,8,Nick,Weiler-Babb,Nick,Weiler-Babb,N,W,N,W,N. Weiler-Babb,ANADOLU EFES,EFS,N. Weiler-Babb,8,,,,,,ASS,,ANADOLU EFES N. WEILER-BABB assist,,,,,,,,,0,132,1.0,,0,46,0,51
05:13,05:13:00,48,51,-3,1,3,REGULAR,134,V. KING,1,2pt,418,,['pointsinthepaint'],layup,1,22,Vincent Earl,King,Vincent Earl,King,V,K,V,K,V. King,BURSASPOR BASKETBOL,SPR,V. King,22,,,91.290000915527,61.979999542236,1.0,P2,made,BURSASPOR BASKETBOL V. KING 2Pt made,133.0,1.0,B. CHILDRESS,,,,,,2,132,1.0,score,2,48,0,51
05:13,05:13:00,48,51,-3,1,3,REGULAR,133,B. CHILDRESS,1,assist,419,418,[],,0,0,Brandon Reginald,Childress,Brandon Reginald,Childress,B,C,B,C,B. Childress,BURSASPOR BASKETBOL,SPR,B. Childress,0,,,,,,ASS,,BURSASPOR BASKETBOL B. CHILDRESS assist,,,,,,,,,0,133,2.0,,0,48,0,51
04:48,04:48:00,48,51,-3,2,3,REGULAR,92,J. LOYD,1,turnover,421,,[],travel,0,3,Jordan,Loyd,Jordan,Loyd,J,L,J,L,J. Loyd,ANADOLU EFES,EFS,J. Loyd,3,,,,,,TO,,ANADOLU EFES J. LOYD turnover travel,,,,,,,,,0,133,2.0,turnover,0,48,0,51
04:48,04:48:00,48,51,-3,0,3,REGULAR,0,,1,timeout,422,,[],officials,0,,,,,,,,,,,,,,,,,,,,TIMEOUT,, timeout,,,,,,,,,0,134,1.0,,0,48,0,51
04:48,04:48:00,48,51,-3,2,3,REGULAR,73,B. DESSERT,1,substitution,423,,[],out,0,13,Brice ,Dessert,Brice ,Dessert,B,D,B,D,B. Dessert,ANADOLU EFES,EFS,B. Dessert,13,,,,,,SUB,out,ANADOLU EFES substitution out,,,,,,,,,0,134,1.0,,0,48,0,51
04:48,04:48:00,48,51,-3,2,3,REGULAR,85,G. PAPAGIANNIS,1,substitution,424,,[],in,0,9,Georgios,Papagiannis,Georgios,Papagiannis,G,P,G,P,G. Papagiannis,ANADOLU EFES,EFS,G. Papagiannis,9,,,,,,SUB,in,ANADOLU EFES substitution in,,,,,,,,,0,134,1.0,,0,48,0,51
04:34,04:34:00,48,51,-3,1,3,REGULAR,133,B. CHILDRESS,0,2pt,428,,['fromturnover'],jumpshot,1,0,Brandon Reginald,Childress,Brandon Reginald,Childress,B,C,B,C,B. Childress,BURSASPOR BASKETBOL,SPR,B. Childress,0,,,76.470001220703,77.230003356934,0.0,P2,missed,BURSASPOR BASKETBOL B. CHILDRESS 2Pt missed,,,,,,,,,0,134,1.0,def_reb,0,48,0,51
04:32,04:32:00,48,51,-3,2,3,REGULAR,92,J. LOYD,1,rebound,429,428,[],defensive,0,3,Jordan,Loyd,Jordan,Loyd,J,L,J,L,J. Loyd,ANADOLU EFES,EFS,J. Loyd,3,,,,,,REB,,ANADOLU EFES rebound defensive,,,,,,,,,0,135,2.0,def_reb,0,48,0,51
04:28,04:28:00,48,51,-3,2,3,REGULAR,88,I. CORDINIER,1,turnover,430,,[],badpass,0,10,Isaia,Cordinier,Isaia,Cordinier,I,C,I,C,I. Cordinier,ANADOLU EFES,EFS,I. Cordinier,10,,,,,,TO,,ANADOLU EFES I. CORDINIER turnover badpass,,,,,,,,,0,136,1.0,turnover,0,48,0,51
04:28,04:28:00,48,51,-3,1,3,REGULAR,134,V. KING,1,steal,431,430,[],,0,22,Vincent Earl,King,Vincent Earl,King,V,K,V,K,V. King,BURSASPOR BASKETBOL,SPR,V. King,22,,,,,,ST,,BURSASPOR BASKETBOL V. KING steal,,,,,,,,,0,137,2.0,,0,48,0,51
04:22,04:22:00,48,51,-3,1,3,REGULAR,134,V. KING,0,2pt,432,,"['fromturnover', 'pointsinthepaint']",layup,1,22,Vincent Earl,King,Vincent Earl,King,V,K,V,K,V. King,BURSASPOR BASKETBOL,SPR,V. King,22,,,93.629997253418,38.810001373291,0.0,P2,missed,BURSASPOR BASKETBOL V. KING 2Pt missed,,,,,,,,,0,137,2.0,def_reb,0,48,0,51
04:17,04:17:00,48,51,-3,2,3,REGULAR,89,E. OSMANI,1,rebound,433,432,[],defensive,0,24,Ercan,Osmani,Ercan,Osmani,E,O,E,O,E. Osmani,ANADOLU EFES,EFS,E. Osmani,24,,,,,,REB,,ANADOLU EFES rebound defensive,,,,,,,,,0,138,1.0,def_reb,0,48,0,51
04:01,04:01:00,48,51,-3,2,3,REGULAR,89,E. OSMANI,0,3pt,434,,[],jumpshot,1,24,Ercan,Osmani,Ercan,Osmani,E,O,E,O,E. Osmani,ANADOLU EFES,EFS,E. Osmani,24,,,33.099998474121,25.819999694824,0.0,P3,missed,ANADOLU EFES E. OSMANI 3Pt missed,,,,,,,,,0,139,2.0,def_reb,0,48,0,51
03:58,03:58:00,48,51,-3,1,3,REGULAR,102,B. AKIN,1,rebound,435,434,[],defensive,0,11,Berk Can,Akin,Berk Can,Akin,B,A,B,A,B. Akin,BURSASPOR BASKETBOL,SPR,B. Akin,11,,,,,,REB,,BURSASPOR BASKETBOL rebound defensive,,,,,,,,,0,140,1.0,def_reb,0,48,0,51
03:48,03:48:00,50,51,-1,1,3,REGULAR,135,A. KONONTSUK,1,2pt,436,,[],jumpshot,1,34,Artur,Konontsuk,Artur,Konontsuk,A,K,A,K,A. Konontsuk,BURSASPOR BASKETBOL,SPR,A. Konontsuk,34,,,94.26000213623,15.930000305176,1.0,P2,made,BURSASPOR BASKETBOL A. KONONTSUK 2Pt made,133.0,1.0,B. CHILDRESS,,,,,,2,141,2.0,score,2,50,0,51
03:48,03:48:00,50,51,-1,1,3,REGULAR,133,B. CHILDRESS,1,assist,437,436,[],,0,0,Brandon Reginald,Childress,Brandon Reginald,Childress,B,C,B,C,B. Childress,BURSASPOR BASKETBOL,SPR,B. Childress,0,,,,,,ASS,,BURSASPOR BASKETBOL B. CHILDRESS assist,,,,,,,,,0,142,1.0,,0,50,0,51
03:28,03:28:00,50,53,-3,2,3,REGULAR,89,E. OSMANI,1,2pt,439,,['pointsinthepaint'],jumpshot,1,24,Ercan,Osmani,Ercan,Osmani,E,O,E,O,E. Osmani,ANADOLU EFES,EFS,E. Osmani,24,,,8.3000001907349,61.130001068115,1.0,P2,made,ANADOLU EFES E. OSMANI 2Pt made,88.0,2.0,I. CORDINIER,,,,,,2,142,1.0,score,0,50,2,53
03:28,03:28:00,50,53,-3,2,3,REGULAR,88,I. CORDINIER,1,assist,440,439,[],,0,10,Isaia,Cordinier,Isaia,Cordinier,I,C,I,C,I. Cordinier,ANADOLU EFES,EFS,I. Cordinier,10,,,,,,ASS,,ANADOLU EFES I. CORDINIER assist,,,,,,,,,0,143,2.0,,0,50,0,53
03:28,03:28:00,50,53,-3,1,3,REGULAR,127,L. NNOKO,1,foul,441,,"['shooting', '1freethrow']",personal,0,35,Landry,Nnoko,Landry,Nnoko,L,N,L,N,L. Nnoko,BURSASPOR BASKETBOL,SPR,L. Nnoko,35,,,,,,FOUL,,BURSASPOR BASKETBOL L. NNOKO foul personal,,,,,,,,,0,143,2.0,,0,50,0,53
03:28,03:28:00,50,53,-3,2,3,REGULAR,89,E. OSMANI,1,foulon,442,441,[],,0,24,Ercan,Osmani,Ercan,Osmani,E,O,E,O,E. Osmani,ANADOLU EFES,EFS,E. Osmani,24,,,,,,OTHER,,ANADOLU EFES foulon,,,,,,,,,0,143,2.0,,0,50,0,53
03:28,03:28:00,50,53,-3,1,3,REGULAR,133,B. CHILDRESS,1,substitution,443,,[],out,0,0,Brandon Reginald,Childress,Brandon Reginald,Childress,B,C,B,C,B. Childress,BURSASPOR BASKETBOL,SPR,B. Childress,0,,,,,,SUB,out,BURSASPOR BASKETBOL substitution out,,,,,,,,,0,143,2.0,,0,50,0,53
03:28,03:28:00,50,53,-3,1,3,REGULAR,127,L. NNOKO,1,substitution,444,,[],out,0,35,Landry,Nnoko,Landry,Nnoko,L,N,L,N,L. Nnoko,BURSASPOR BASKETBOL,SPR,L. Nnoko,35,,,,,,SUB,out,BURSASPOR BASKETBOL substitution out,,,,,,,,,0,143,2.0,,0,50,0,53
03:28,03:28:00,50,53,-3,1,3,REGULAR,136,J. DELAURIER,1,substitution,445,,[],in,0,12,Javin Que,Delaurier,Javin Que,Delaurier,J,D,J,D,J. Delaurier,BURSASPOR BASKETBOL,SPR,J. Delaurier,12,,,,,,SUB,in,BURSASPOR BASKETBOL substitution in,,,,,,,,,0,143,2.0,,0,50,0,53
03:28,03:28:00,50,53,-3,1,3,REGULAR,129,B. CRAWFORD,1,substitution,446,,[],in,0,13,Bryant Dejuan,Crawford,Bryant Dejuan,Crawford,B,C,B,C,B. Crawford,BURSASPOR BASKETBOL,SPR,B. Crawford,13,,,,,,SUB,in,BURSASPOR BASKETBOL substitution in,,,,,,,,,0,143,2.0,,0,50,0,53
03:28,03:28:00,50,54,-4,2,3,REGULAR,89,E. OSMANI,1,freethrow,447,,[],1of1,1,24,Ercan,Osmani,Ercan,Osmani,E,O,E,O,E. Osmani,ANADOLU EFES,EFS,E. Osmani,24,,,,,,FT,made,ANADOLU EFES E. OSMANI FT 1of1 made,,,,,,,,,1,143,2.0,made_ft_last,0,50,1,54
03:14,03:14:00,50,54,-4,1,3,REGULAR,129,B. CRAWFORD,0,2pt,449,,['pointsinthepaint'],drivinglayup,1,13,Bryant Dejuan,Crawford,Bryant Dejuan,Crawford,B,C,B,C,B. Crawford,BURSASPOR BASKETBOL,SPR,B. Crawford,13,,,88.019996643066,58.020000457764,0.0,P2,missed,BURSASPOR BASKETBOL B. CRAWFORD 2Pt missed,,,,,,,,,0,144,1.0,def_reb,0,50,0,54
03:11,03:11:00,50,54,-4,2,3,REGULAR,89,E. OSMANI,1,rebound,450,449,[],defensive,0,24,Ercan,Osmani,Ercan,Osmani,E,O,E,O,E. Osmani,ANADOLU EFES,EFS,E. Osmani,24,,,,,,REB,,ANADOLU EFES rebound defensive,,,,,,,,,0,145,2.0,def_reb,0,50,0,54
02:59,02:59:00,50,54,-4,2,3,REGULAR,89,E. OSMANI,0,2pt,451,,['pointsinthepaint'],hookshot,1,24,Ercan,Osmani,Ercan,Osmani,E,O,E,O,E. Osmani,ANADOLU EFES,EFS,E. Osmani,24,,,12.359999656677,60.560001373291,0.0,P2,missed,ANADOLU EFES E. OSMANI 2Pt missed,,,,,,,,,0,146,1.0,,0,50,0,54
02:54,02:54:00,50,54,-4,2,3,REGULAR,89,E. OSMANI,1,rebound,452,451,[],offensive,0,24,Ercan,Osmani,Ercan,Osmani,E,O,E,O,E. Osmani,ANADOLU EFES,EFS,E. Osmani,24,,,,,,REB,,ANADOLU EFES rebound offensive,,,,,,,,,0,146,1.0,,0,50,0,54
02:54,02:54:00,50,56,-6,2,3,REGULAR,89,E. OSMANI,1,2pt,453,,"['2ndchance', 'pointsinthepaint']",tipinlayup,1,24,Ercan,Osmani,Ercan,Osmani,E,O,E,O,E. Osmani,ANADOLU EFES,EFS,E. Osmani,24,,,6.0,50.0,1.0,P2,made,ANADOLU EFES E. OSMANI 2Pt made,,,,,,,,,2,146,1.0,score,0,50,2,56
02:40,02:40:00,50,56,-6,1,3,REGULAR,129,B. CRAWFORD,1,turnover,454,,[],badpass,0,13,Bryant Dejuan,Crawford,Bryant Dejuan,Crawford,B,C,B,C,B. Crawford,BURSASPOR BASKETBOL,SPR,B. Crawford,13,,,,,,TO,,BURSASPOR BASKETBOL B. CRAWFORD turnover badpass,,,,,,,,,0,147,2.0,turnover,0,50,0,56
02:40,02:40:00,50,56,-6,2,3,REGULAR,88,I. CORDINIER,1,steal,455,454,[],,0,10,Isaia,Cordinier,Isaia,Cordinier,I,C,I,C,I. Cordinier,ANADOLU EFES,EFS,I. Cordinier,10,,,,,,ST,,ANADOLU EFES I. CORDINIER steal,,,,,,,,,0,148,1.0,,0,50,0,56
02:36,02:36:00,50,58,-8,2,3,REGULAR,89,E. OSMANI,1,2pt,456,,"['fromturnover', 'pointsinthepaint', 'fastbreak']",dunk,1,24,Ercan,Osmani,Ercan,Osmani,E,O,E,O,E. Osmani,ANADOLU EFES,EFS,E. Osmani,24,,,10.329999923706,61.979999542236,1.0,P2,made,ANADOLU EFES E. OSMANI 2Pt made,88.0,2.0,I. CORDINIER,,,,,,2,148,1.0,score,0,50,2,58
02:36,02:36:00,50,58,-8,2,3,REGULAR,88,I. CORDINIER,1,assist,458,456,[],,0,10,Isaia,Cordinier,Isaia,Cordinier,I,C,I,C,I. Cordinier,ANADOLU EFES,EFS,I. Cordinier,10,,,,,,ASS,,ANADOLU EFES I. CORDINIER assist,,,,,,,,,0,149,2.0,,0,50,0,58
02:34,02:34:00,50,58,-8,1,3,REGULAR,0,,1,timeout,459,,[],full,0,,,,,,,,,,,BURSASPOR BASKETBOL,SPR,,,,,,,,TIMEOUT,,BURSASPOR BASKETBOL timeout,,,,,,,,,0,149,2.0,,0,50,0,58
02:34,02:34:00,50,58,-8,2,3,REGULAR,88,I. CORDINIER,1,substitution,460,,[],out,0,10,Isaia,Cordinier,Isaia,Cordinier,I,C,I,C,I. Cordinier,ANADOLU EFES,EFS,I. Cordinier,10,,,,,,SUB,out,ANADOLU EFES substitution out,,,,,,,,,0,149,2.0,,0,50,0,58
02:34,02:34:00,50,58,-8,2,3,REGULAR,81,S. HAZER,1,substitution,461,,[],in,0,2,Sehmus,Hazer,Sehmus,Hazer,S,H,S,H,S. Hazer,ANADOLU EFES,EFS,S. Hazer,2,,,,,,SUB,in,ANADOLU EFES substitution in,,,,,,,,,0,149,2.0,,0,50,0,58
02:27,02:27:00,50,58,-8,1,3,REGULAR,136,J. DELAURIER,1,foul,464,,[],offensive,0,12,Javin Que,Delaurier,Javin Que,Delaurier,J,D,J,D,J. Delaurier,BURSASPOR BASKETBOL,SPR,J. Delaurier,12,,,,,,RFOUL,,BURSASPOR BASKETBOL J. DELAURIER foul offensive,,,,,,,,,0,149,2.0,offensive_foul,0,50,0,58
02:27,02:27:00,50,58,-8,1,3,REGULAR,136,J. DELAURIER,1,turnover,465,464,[],offensive,0,12,Javin Que,Delaurier,Javin Que,Delaurier,J,D,J,D,J. Delaurier,BURSASPOR BASKETBOL,SPR,J. Delaurier,12,,,,,,TO,,BURSASPOR BASKETBOL J. DELAURIER turnover offensive,,,,,,,,,0,150,1.0,turnover,0,50,0,58
02:27,02:27:00,50,58,-8,2,3,REGULAR,89,E. OSMANI,1,foulon,466,464,[],,0,24,Ercan,Osmani,Ercan,Osmani,E,O,E,O,E. Osmani,ANADOLU EFES,EFS,E. Osmani,24,,,,,,OTHER,,ANADOLU EFES foulon,,,,,,,,,0,151,2.0,,0,50,0,58
02:17,02:17:00,50,61,-11,2,3,REGULAR,85,G. PAPAGIANNIS,1,3pt,468,,['fromturnover'],jumpshot,1,9,Georgios,Papagiannis,Georgios,Papagiannis,G,P,G,P,G. Papagiannis,ANADOLU EFES,EFS,G. Papagiannis,9,,,33.569999694824,53.5,1.0,P3,made,ANADOLU EFES G. PAPAGIANNIS 3Pt made,87.0,2.0,N. WEILER-BABB,,,,,,3,151,2.0,score,0,50,3,61
02:17,02:17:00,50,61,-11,2,3,REGULAR,87,N. WEILER-BABB,1,assist,469,468,[],,0,8,Nick,Weiler-Babb,Nick,Weiler-Babb,N,W,N,W,N. Weiler-Babb,ANADOLU EFES,EFS,N. Weiler-Babb,8,,,,,,ASS,,ANADOLU EFES N. WEILER-BABB assist,,,,,,,,,0,152,1.0,,0,50,0,61
01:55,01:55:00,50,61,-11,1,3,REGULAR,102,B. AKIN,0,3pt,470,,[],jumpshot,1,11,Berk Can,Akin,Berk Can,Akin,B,A,B,A,B. Akin,BURSASPOR BASKETBOL,SPR,B. Akin,11,,,77.099998474121,90.51000213623,0.0,P3,missed,BURSASPOR BASKETBOL B. AKIN 3Pt missed,,,,,,,,,0,152,1.0,def_reb,0,50,0,61
01:53,01:53:00,50,61,-11,2,3,REGULAR,92,J. LOYD,1,rebound,471,470,[],defensive,0,3,Jordan,Loyd,Jordan,Loyd,J,L,J,L,J. Loyd,ANADOLU EFES,EFS,J. Loyd,3,,,,,,REB,,ANADOLU EFES rebound defensive,,,,,,,,,0,153,2.0,def_reb,0,50,0,61
01:43,01:43:00,50,63,-13,2,3,REGULAR,89,E. OSMANI,1,2pt,472,,['pointsinthepaint'],jumpshot,1,24,Ercan,Osmani,Ercan,Osmani,E,O,E,O,E. Osmani,ANADOLU EFES,EFS,E. Osmani,24,,,8.460000038147,43.049999237061,1.0,P2,made,ANADOLU EFES E. OSMANI 2Pt made,,,,,,,,,2,154,1.0,score,0,50,2,63
01:29,01:29:00,50,63,-13,2,3,REGULAR,85,G. PAPAGIANNIS,1,foul,476,,"['shooting', '2freethrow']",personal,0,9,Georgios,Papagiannis,Georgios,Papagiannis,G,P,G,P,G. Papagiannis,ANADOLU EFES,EFS,G. Papagiannis,9,,,,,,FOUL,,ANADOLU EFES G. PAPAGIANNIS foul personal,,,,,,,,,0,155,2.0,,0,50,0,63
01:29,01:29:00,50,63,-13,1,3,REGULAR,129,B. CRAWFORD,1,foulon,477,476,[],,0,13,Bryant Dejuan,Crawford,Bryant Dejuan,Crawford,B,C,B,C,B. Crawford,BURSASPOR BASKETBOL,SPR,B. Crawford,13,,,,,,OTHER,,BURSASPOR BASKETBOL foulon,,,,,,,,,0,155,2.0,,0,50,0,63
01:29,01:29:00,50,63,-13,1,3,REGULAR,102,B. AKIN,1,substitution,478,,[],out,0,11,Berk Can,Akin,Berk Can,Akin,B,A,B,A,B. Akin,BURSASPOR BASKETBOL,SPR,B. Akin,11,,,,,,SUB,out,BURSASPOR BASKETBOL substitution out,,,,,,,,,0,155,2.0,,0,50,0,63
01:29,01:29:00,50,63,-13,1,3,REGULAR,134,V. KING,1,substitution,479,,[],out,0,22,Vincent Earl,King,Vincent Earl,King,V,K,V,K,V. King,BURSASPOR BASKETBOL,SPR,V. King,22,,,,,,SUB,out,BURSASPOR BASKETBOL substitution out,,,,,,,,,0,155,2.0,,0,50,0,63
01:29,01:29:00,50,63,-13,1,3,REGULAR,133,B. CHILDRESS,1,substitution,480,,[],in,0,0,Brandon Reginald,Childress,Brandon Reginald,Childress,B,C,B,C,B. Childress,BURSASPOR BASKETBOL,SPR,B. Childress,0,,,,,,SUB,in,BURSASPOR BASKETBOL substitution in,,,,,,,,,0,155,2.0,,0,50,0,63
01:29,01:29:00,50,63,-13,1,3,REGULAR,101,H. KÖKSAL,1,substitution,481,,[],in,0,7,Hüseyin Göksenin,Köksal,Hüseyin Göksenin,Köksal,H,K,H,K,H. Köksal,BURSASPOR BASKETBOL,SPR,H. Köksal,7,,,,,,SUB,in,BURSASPOR BASKETBOL substitution in,,,,,,,,,0,155,2.0,,0,50,0,63
01:29,01:29:00,51,63,-12,1,3,REGULAR,129,B. CRAWFORD,1,freethrow,482,,[],1of2,1,13,Bryant Dejuan,Crawford,Bryant Dejuan,Crawford,B,C,B,C,B. Crawford,BURSASPOR BASKETBOL,SPR,B. Crawford,13,,,,,,FT,made,BURSASPOR BASKETBOL B. CRAWFORD FT 1of2 made,,,,,,,,,1,155,2.0,made_ft,1,51,0,63
01:29,01:29:00,51,63,-12,1,3,REGULAR,129,B. CRAWFORD,0,freethrow,483,,[],2of2,1,13,Bryant Dejuan,Crawford,Bryant Dejuan,Crawford,B,C,B,C,B. Crawford,BURSASPOR BASKETBOL,SPR,B. Crawford,13,,,,,,FT,missed,BURSASPOR BASKETBOL B. CRAWFORD FT 2of2 missed,,,,,,,,,0,156,1.0,def_reb,0,51,0,63
01:29,01:29:00,51,63,-12,2,3,REGULAR,85,G. PAPAGIANNIS,1,rebound,485,483,[],defensive,0,9,Georgios,Papagiannis,Georgios,Papagiannis,G,P,G,P,G. Papagiannis,ANADOLU EFES,EFS,G. Papagiannis,9,,,,,,REB,,ANADOLU EFES rebound defensive,,,,,,,,,0,157,2.0,def_reb,0,51,0,63
01:15,01:15:00,51,63,-12,2,3,REGULAR,85,G. PAPAGIANNIS,0,3pt,486,,[],jumpshot,1,9,Georgios,Papagiannis,Georgios,Papagiannis,G,P,G,P,G. Papagiannis,ANADOLU EFES,EFS,G. Papagiannis,9,,,32.479999542236,39.099998474121,0.0,P3,missed,ANADOLU EFES G. PAPAGIANNIS 3Pt missed,,,,,,,,,0,158,1.0,def_reb,0,51,0,63
01:12,01:12:00,51,63,-12,1,3,REGULAR,0,,1,rebound,488,486,['team'],defensive,0,,,,,,,,,,,BURSASPOR BASKETBOL,SPR,,,,,,,,TREB,,BURSASPOR BASKETBOL team rebound defensive,,,,,,,,,0,159,2.0,def_reb,0,51,0,63
00:50,00:50:70,54,63,-9,1,3,REGULAR,129,B. CRAWFORD,1,3pt,494,,[],jumpshot,1,13,Bryant Dejuan,Crawford,Bryant Dejuan,Crawford,B,C,B,C,B. Crawford,BURSASPOR BASKETBOL,SPR,B. Crawford,13,,,70.389999389648,29.770000457764,1.0,P3,made,BURSASPOR BASKETBOL B. CRAWFORD 3Pt made,,,,,,,,,3,160,1.0,score,3,54,0,63
00:30,00:30:90,54,63,-9,2,3,REGULAR,87,N. WEILER-BABB,0,3pt,495,,[],jumpshot,1,8,Nick,Weiler-Babb,Nick,Weiler-Babb,N,W,N,W,N. Weiler-Babb,ANADOLU EFES,EFS,N. Weiler-Babb,8,,,28.420000076294,84.860000610352,0.0,P3,missed,ANADOLU EFES N. WEILER-BABB 3Pt missed,,,,,,,,,0,161,2.0,,0,54,0,63
00:28,00:28:40,54,63,-9,2,3,REGULAR,87,N. WEILER-BABB,1,rebound,496,495,[],offensive,0,8,Nick,Weiler-Babb,Nick,Weiler-Babb,N,W,N,W,N. Weiler-Babb,ANADOLU EFES,EFS,N. Weiler-Babb,8,,,,,,REB,,ANADOLU EFES rebound offensive,,,,,,,,,0,161,2.0,,0,54,0,63
00:25,00:25:40,54,63,-9,2,3,REGULAR,92,J. LOYD,0,2pt,497,,['2ndchance'],jumpshot,1,3,Jordan,Loyd,Jordan,Loyd,J,L,J,L,J. Loyd,ANADOLU EFES,EFS,J. Loyd,3,,,5.0199999809265,28.360000610352,0.0,P2,missed,ANADOLU EFES J. LOYD 2Pt missed,,,,,,,,,0,161,2.0,,0,54,0,63
00:23,00:23:20,54,63,-9,2,3,REGULAR,85,G. PAPAGIANNIS,1,rebound,498,497,[],offensive,0,9,Georgios,Papagiannis,Georgios,Papagiannis,G,P,G,P,G. Papagiannis,ANADOLU EFES,EFS,G. Papagiannis,9,,,,,,REB,,ANADOLU EFES rebound offensive,,,,,,,,,0,161,2.0,,0,54,0,63
00:21,00:21:40,54,65,-11,2,3,REGULAR,85,G. PAPAGIANNIS,1,2pt,500,,"['2ndchance', 'pointsinthepaint']",dunk,1,9,Georgios,Papagiannis,Georgios,Papagiannis,G,P,G,P,G. Papagiannis,ANADOLU EFES,EFS,G. Papagiannis,9,,,11.579999923706,56.330001831055,1.0,P2,made,ANADOLU EFES G. PAPAGIANNIS 2Pt made,,,,,,,,,2,161,2.0,score,0,54,2,65
00:04,00:04:60,54,65,-11,1,3,REGULAR,129,B. CRAWFORD,0,3pt,503,,[],jumpshot,1,13,Bryant Dejuan,Crawford,Bryant Dejuan,Crawford,B,C,B,C,B. Crawford,BURSASPOR BASKETBOL,SPR,B. Crawford,13,,,73.199996948242,81.470001220703,0.0,P3,missed,BURSASPOR BASKETBOL B. CRAWFORD 3Pt missed,,,,,,,,,0,162,1.0,def_reb,0,54,0,65
00:02,00:02:90,54,65,-11,2,3,REGULAR,89,E. OSMANI,1,rebound,505,503,[],defensive,0,24,Ercan,Osmani,Ercan,Osmani,E,O,E,O,E. Osmani,ANADOLU EFES,EFS,E. Osmani,24,,,,,,REB,,ANADOLU EFES rebound defensive,,,,,,,,,0,163,2.0,def_reb,0,54,0,65
00:00,00:00:00,54,65,-11,0,3,REGULAR,0,,1,period,507,,['confirmed'],end,0,,,,,,,,,,,,,,,,,,,,OTHER,,period end,,,,,,,,,0,164,1.0,,0,54,0,65
10:00,10:00:00,54,65,-11,1,4,REGULAR,136,J. DELAURIER,1,substitution,508,,[],out,0,12,Javin Que,Delaurier,Javin Que,Delaurier,J,D,J,D,J. Delaurier,BURSASPOR BASKETBOL,SPR,J. Delaurier,12,,,,,,SUB,out,BURSASPOR BASKETBOL substitution out,,,,,,,,,0,164,1.0,,0,54,0,65
10:00,10:00:00,54,65,-11,1,4,REGULAR,127,L. NNOKO,1,substitution,509,,[],in,0,35,Landry,Nnoko,Landry,Nnoko,L,N,L,N,L. Nnoko,BURSASPOR BASKETBOL,SPR,L. Nnoko,35,,,,,,SUB,in,BURSASPOR BASKETBOL substitution in,,,,,,,,,0,164,1.0,,0,54,0,65
10:00,10:00:00,54,65,-11,2,4,REGULAR,87,N. WEILER-BABB,1,substitution,510,,[],out,0,8,Nick,Weiler-Babb,Nick,Weiler-Babb,N,W,N,W,N. Weiler-Babb,ANADOLU EFES,EFS,N. Weiler-Babb,8,,,,,,SUB,out,ANADOLU EFES substitution out,,,,,,,,,0,164,1.0,,0,54,0,65
10:00,10:00:00,54,65,-11,2,4,REGULAR,89,E. OSMANI,1,substitution,511,,[],out,0,24,Ercan,Osmani,Ercan,Osmani,E,O,E,O,E. Osmani,ANADOLU EFES,EFS,E. Osmani,24,,,,,,SUB,out,ANADOLU EFES substitution out,,,,,,,,,0,164,1.0,,0,54,0,65
10:00,10:00:00,54,65,-11,2,4,REGULAR,75,C. SWIDER,1,substitution,512,,[],in,0,21,Cole,Swider,Cole,Swider,C,S,C,S,C. Swider,ANADOLU EFES,EFS,C. Swider,21,,,,,,SUB,in,ANADOLU EFES substitution in,,,,,,,,,0,164,1.0,,0,54,0,65
10:00,10:00:00,54,65,-11,2,4,REGULAR,80,E. YILMAZ,1,substitution,513,,[],in,0,33,Erkan,Yilmaz,Erkan,Yilmaz,E,Y,E,Y,E. Yilmaz,ANADOLU EFES,EFS,E. Yilmaz,33,,,,,,SUB,in,ANADOLU EFES substitution in,,,,,,,,,0,164,1.0,,0,54,0,65
10:00,10:00:00,54,65,-11,0,4,REGULAR,0,,1,period,514,,[],start,0,,,,,,,,,,,,,,,,,,,,OTHER,,period start,,,,,,,,,0,164,1.0,,0,54,0,65
09:56,09:56:00,54,65,-11,1,4,REGULAR,133,B. CHILDRESS,0,2pt,516,,[],jumpshot,1,0,Brandon Reginald,Childress,Brandon Reginald,Childress,B,C,B,C,B. Childress,BURSASPOR BASKETBOL,SPR,B. Childress,0,,,81.620002746582,74.410003662109,0.0,P2,missed,BURSASPOR BASKETBOL B. CHILDRESS 2Pt missed,,,,,,,,,0,164,1.0,def_reb,0,54,0,65
09:53,09:53:00,54,65,-11,1,4,REGULAR,0,,1,rebound,517,516,['team'],offensive,0,,,,,,,,,,,BURSASPOR BASKETBOL,SPR,,,,,,,,TREB,,BURSASPOR BASKETBOL team rebound offensive,,,,,,,,,0,165,2.0,def_reb,0,54,0,65
09:50,09:50:00,54,65,-11,2,4,REGULAR,81,S. HAZER,1,foul,518,,[],personal,0,2,Sehmus,Hazer,Sehmus,Hazer,S,H,S,H,S. Hazer,ANADOLU EFES,EFS,S. Hazer,2,,,,,,FOUL,,ANADOLU EFES S. HAZER foul personal,,,,,,,,,0,166,1.0,,0,54,0,65
09:50,09:50:00,54,65,-11,1,4,REGULAR,127,L. NNOKO,1,foulon,519,518,[],,0,35,Landry,Nnoko,Landry,Nnoko,L,N,L,N,L. Nnoko,BURSASPOR BASKETBOL,SPR,L. Nnoko,35,,,,,,OTHER,,BURSASPOR BASKETBOL foulon,,,,,,,,,0,166,1.0,,0,54,0,65
09:30,09:30:00,54,65,-11,1,4,REGULAR,135,A. KONONTSUK,0,3pt,522,,['2ndchance'],jumpshot,1,34,Artur,Konontsuk,Artur,Konontsuk,A,K,A,K,A. Konontsuk,BURSASPOR BASKETBOL,SPR,A. Konontsuk,34,,,73.980003356934,88.25,0.0,P3,missed,BURSASPOR BASKETBOL A. KONONTSUK 3Pt missed,,,,,,,,,0,166,1.0,def_reb,0,54,0,65
09:28,09:28:00,54,65,-11,2,4,REGULAR,80,E. YILMAZ,1,rebound,523,522,[],defensive,0,33,Erkan,Yilmaz,Erkan,Yilmaz,E,Y,E,Y,E. Yilmaz,ANADOLU EFES,EFS,E. Yilmaz,33,,,,,,REB,,ANADOLU EFES rebound defensive,,,,,,,,,0,167,2.0,def_reb,0,54,0,65
09:20,09:20:00,54,67,-13,2,4,REGULAR,75,C. SWIDER,1,2pt,524,,['pointsinthepaint'],layup,1,21,Cole,Swider,Cole,Swider,C,S,C,S,C. Swider,ANADOLU EFES,EFS,C. Swider,21,,,10.020000457764,59.150001525879,1.0,P2,made,ANADOLU EFES C. SWIDER 2Pt made,85.0,2.0,G. PAPAGIANNIS,,,,,,2,168,1.0,score,0,54,2,67
09:20,09:20:00,54,67,-13,2,4,REGULAR,85,G. PAPAGIANNIS,1,assist,525,524,[],,0,9,Georgios,Papagiannis,Georgios,Papagiannis,G,P,G,P,G. Papagiannis,ANADOLU EFES,EFS,G. Papagiannis,9,,,,,,ASS,,ANADOLU EFES G. PAPAGIANNIS assist,,,,,,,,,0,169,2.0,,0,54,0,67
08:59,08:59:00,54,67,-13,2,4,REGULAR,85,G. PAPAGIANNIS,1,foul,529,,"['shooting', '2freethrow']",personal,0,9,Georgios,Papagiannis,Georgios,Papagiannis,G,P,G,P,G. Papagiannis,ANADOLU EFES,EFS,G. Papagiannis,9,,,,,,FOUL,,ANADOLU EFES G. PAPAGIANNIS foul personal,,,,,,,,,0,169,2.0,,0,54,0,67
08:59,08:59:00,54,67,-13,1,4,REGULAR,127,L. NNOKO,1,foulon,530,529,[],,0,35,Landry,Nnoko,Landry,Nnoko,L,N,L,N,L. Nnoko,BURSASPOR BASKETBOL,SPR,L. Nnoko,35,,,,,,OTHER,,BURSASPOR BASKETBOL foulon,,,,,,,,,0,169,2.0,,0,54,0,67
08:59,08:59:00,55,67,-12,1,4,REGULAR,127,L. NNOKO,1,freethrow,531,,[],1of2,1,35,Landry,Nnoko,Landry,Nnoko,L,N,L,N,L. Nnoko,BURSASPOR BASKETBOL,SPR,L. Nnoko,35,,,,,,FT,made,BURSASPOR BASKETBOL L. NNOKO FT 1of2 made,,,,,,,,,1,169,2.0,made_ft,1,55,0,67
08:59,08:59:00,56,67,-11,1,4,REGULAR,127,L. NNOKO,1,freethrow,532,,[],2of2,1,35,Landry,Nnoko,Landry,Nnoko,L,N,L,N,L. Nnoko,BURSASPOR BASKETBOL,SPR,L. Nnoko,35,,,,,,FT,made,BURSASPOR BASKETBOL L. NNOKO FT 2of2 made,,,,,,,,,1,170,1.0,made_ft_last,1,56,0,67
08:43,08:43:00,56,67,-11,2,4,REGULAR,92,J. LOYD,1,foul,535,,[],offensive,0,3,Jordan,Loyd,Jordan,Loyd,J,L,J,L,J. Loyd,ANADOLU EFES,EFS,J. Loyd,3,,,,,,RFOUL,,ANADOLU EFES J. LOYD foul offensive,,,,,,,,,0,171,2.0,offensive_foul,0,56,0,67
08:43,08:43:00,56,67,-11,2,4,REGULAR,92,J. LOYD,1,turnover,536,535,[],offensive,0,3,Jordan,Loyd,Jordan,Loyd,J,L,J,L,J. Loyd,ANADOLU EFES,EFS,J. Loyd,3,,,,,,TO,,ANADOLU EFES J. LOYD turnover offensive,,,,,,,,,0,172,1.0,turnover,0,56,0,67
08:43,08:43:00,56,67,-11,1,4,REGULAR,129,B. CRAWFORD,1,foulon,537,535,[],,0,13,Bryant Dejuan,Crawford,Bryant Dejuan,Crawford,B,C,B,C,B. Crawford,BURSASPOR BASKETBOL,SPR,B. Crawford,13,,,,,,OTHER,,BURSASPOR BASKETBOL foulon,,,,,,,,,0,173,2.0,,0,56,0,67
08:43,08:43:00,56,67,-11,2,4,REGULAR,85,G. PAPAGIANNIS,1,substitution,538,,[],out,0,9,Georgios,Papagiannis,Georgios,Papagiannis,G,P,G,P,G. Papagiannis,ANADOLU EFES,EFS,G. Papagiannis,9,,,,,,SUB,out,ANADOLU EFES substitution out,,,,,,,,,0,173,2.0,,0,56,0,67
08:43,08:43:00,56,67,-11,2,4,REGULAR,73,B. DESSERT,1,substitution,539,,[],in,0,13,Brice ,Dessert,Brice ,Dessert,B,D,B,D,B. Dessert,ANADOLU EFES,EFS,B. Dessert,13,,,,,,SUB,in,ANADOLU EFES substitution in,,,,,,,,,0,173,2.0,,0,56,0,67
08:33,08:33:00,58,67,-9,1,4,REGULAR,133,B. CHILDRESS,1,2pt,541,,"['fromturnover', 'pointsinthepaint']",layup,1,0,Brandon Reginald,Childress,Brandon Reginald,Childress,B,C,B,C,B. Childress,BURSASPOR BASKETBOL,SPR,B. Childress,0,,,90.669998168945,61.689998626709,1.0,P2,made,BURSASPOR BASKETBOL B. CHILDRESS 2Pt made,129.0,1.0,B. CRAWFORD,,,,,,2,173,2.0,score,2,58,0,67
08:33,08:33:00,58,67,-9,1,4,REGULAR,129,B. CRAWFORD,1,assist,542,541,[],,0,13,Bryant Dejuan,Crawford,Bryant Dejuan,Crawford,B,C,B,C,B. Crawford,BURSASPOR BASKETBOL,SPR,B. Crawford,13,,,,,,ASS,,BURSASPOR BASKETBOL B. CRAWFORD assist,,,,,,,,,0,174,1.0,,0,58,0,67
08:12,08:12:00,58,69,-11,2,4,REGULAR,73,B. DESSERT,1,2pt,544,,['pointsinthepaint'],layup,1,13,Brice ,Dessert,Brice ,Dessert,B,D,B,D,B. Dessert,ANADOLU EFES,EFS,B. Dessert,13,,,12.670000076294,62.819999694824,1.0,P2,made,ANADOLU EFES B. DESSERT 2Pt made,92.0,2.0,J. LOYD,,,,,,2,174,1.0,score,0,58,2,69
08:12,08:12:00,58,69,-11,2,4,REGULAR,92,J. LOYD,1,assist,545,544,[],,0,3,Jordan,Loyd,Jordan,Loyd,J,L,J,L,J. Loyd,ANADOLU EFES,EFS,J. Loyd,3,,,,,,ASS,,ANADOLU EFES J. LOYD assist,,,,,,,,,0,175,2.0,,0,58,0,69
08:12,08:12:00,58,69,-11,1,4,REGULAR,135,A. KONONTSUK,1,foul,546,,"['shooting', '1freethrow']",personal,0,34,Artur,Konontsuk,Artur,Konontsuk,A,K,A,K,A. Konontsuk,BURSASPOR BASKETBOL,SPR,A. Konontsuk,34,,,,,,FOUL,,BURSASPOR BASKETBOL A. KONONTSUK foul personal,,,,,,,,,0,175,2.0,,0,58,0,69
08:12,08:12:00,58,69,-11,2,4,REGULAR,73,B. DESSERT,1,foulon,547,546,[],,0,13,Brice ,Dessert,Brice ,Dessert,B,D,B,D,B. Dessert,ANADOLU EFES,EFS,B. Dessert,13,,,,,,OTHER,,ANADOLU EFES foulon,,,,,,,,,0,175,2.0,,0,58,0,69
08:12,08:12:00,58,70,-12,2,4,REGULAR,73,B. DESSERT,1,freethrow,548,,[],1of1,1,13,Brice ,Dessert,Brice ,Dessert,B,D,B,D,B. Dessert,ANADOLU EFES,EFS,B. Dessert,13,,,,,,FT,made,ANADOLU EFES B. DESSERT FT 1of1 made,,,,,,,,,1,175,2.0,made_ft_last,0,58,1,70
07:58,07:58:00,58,70,-12,2,4,REGULAR,92,J. LOYD,1,foul,551,,"['shooting', '2freethrow']",personal,0,3,Jordan,Loyd,Jordan,Loyd,J,L,J,L,J. Loyd,ANADOLU EFES,EFS,J. Loyd,3,,,,,,FOUL,,ANADOLU EFES J. LOYD foul personal,,,,,,,,,0,176,1.0,,0,58,0,70
07:58,07:58:00,58,70,-12,1,4,REGULAR,129,B. CRAWFORD,1,foulon,552,551,[],,0,13,Bryant Dejuan,Crawford,Bryant Dejuan,Crawford,B,C,B,C,B. Crawford,BURSASPOR BASKETBOL,SPR,B. Crawford,13,,,,,,OTHER,,BURSASPOR BASKETBOL foulon,,,,,,,,,0,176,1.0,,0,58,0,70
07:58,07:58:00,58,70,-12,1,4,REGULAR,129,B. CRAWFORD,0,freethrow,553,,[],1of2,1,13,Bryant Dejuan,Crawford,Bryant Dejuan,Crawford,B,C,B,C,B. Crawford,BURSASPOR BASKETBOL,SPR,B. Crawford,13,,,,,,FT,missed,BURSASPOR BASKETBOL B. CRAWFORD FT 1of2 missed,,,,,,,,,0,176,1.0,def_reb,0,58,0,70
07:58,07:58:00,58,70,-12,1,4,REGULAR,0,,1,rebound,554,553,[],offensivedeadball,0,,,,,,,,,,,BURSASPOR BASKETBOL,SPR,,,,,,,,TREB,,BURSASPOR BASKETBOL team rebound offensivedeadball,,,,,,,,,0,177,2.0,def_reb,0,58,0,70
07:58,07:58:00,59,70,-11,1,4,REGULAR,129,B. CRAWFORD,1,freethrow,555,,[],2of2,1,13,Bryant Dejuan,Crawford,Bryant Dejuan,Crawford,B,C,B,C,B. Crawford,BURSASPOR BASKETBOL,SPR,B. Crawford,13,,,,,,FT,made,BURSASPOR BASKETBOL B. CRAWFORD FT 2of2 made,,,,,,,,,1,178,1.0,made_ft_last,1,59,0,70
07:38,07:38:00,59,70,-11,2,4,REGULAR,75,C. SWIDER,0,3pt,557,,[],jumpshot,1,21,Cole,Swider,Cole,Swider,C,S,C,S,C. Swider,ANADOLU EFES,EFS,C. Swider,21,,,34.509998321533,71.019996643066,0.0,P3,missed,ANADOLU EFES C. SWIDER 3Pt missed,,,,,,,,,0,179,2.0,def_reb,0,59,0,70
07:35,07:35:00,59,70,-11,1,4,REGULAR,133,B. CHILDRESS,1,rebound,558,557,[],defensive,0,0,Brandon Reginald,Childress,Brandon Reginald,Childress,B,C,B,C,B. Childress,BURSASPOR BASKETBOL,SPR,B. Childress,0,,,,,,REB,,BURSASPOR BASKETBOL rebound defensive,,,,,,,,,0,180,1.0,def_reb,0,59,0,70
07:31,07:31:00,59,70,-11,1,4,REGULAR,129,B. CRAWFORD,1,turnover,560,,[],travel,0,13,Bryant Dejuan,Crawford,Bryant Dejuan,Crawford,B,C,B,C,B. Crawford,BURSASPOR BASKETBOL,SPR,B. Crawford,13,,,,,,TO,,BURSASPOR BASKETBOL B. CRAWFORD turnover travel,,,,,,,,,0,181,2.0,turnover,0,59,0,70
07:31,07:31:00,59,70,-11,2,4,REGULAR,0,,1,timeout,561,,[],full,0,,,,,,,,,,,ANADOLU EFES,EFS,,,,,,,,TIMEOUT,,ANADOLU EFES timeout,,,,,,,,,0,182,1.0,,0,59,0,70
07:31,07:31:00,59,70,-11,1,4,REGULAR,135,A. KONONTSUK,1,substitution,562,,[],out,0,34,Artur,Konontsuk,Artur,Konontsuk,A,K,A,K,A. Konontsuk,BURSASPOR BASKETBOL,SPR,A. Konontsuk,34,,,,,,SUB,out,BURSASPOR BASKETBOL substitution out,,,,,,,,,0,182,1.0,,0,59,0,70
07:31,07:31:00,59,70,-11,1,4,REGULAR,134,V. KING,1,substitution,563,,[],in,0,22,Vincent Earl,King,Vincent Earl,King,V,K,V,K,V. King,BURSASPOR BASKETBOL,SPR,V. King,22,,,,,,SUB,in,BURSASPOR BASKETBOL substitution in,,,,,,,,,0,182,1.0,,0,59,0,70
07:31,07:31:00,59,70,-11,2,4,REGULAR,92,J. LOYD,1,substitution,564,,[],out,0,3,Jordan,Loyd,Jordan,Loyd,J,L,J,L,J. Loyd,ANADOLU EFES,EFS,J. Loyd,3,,,,,,SUB,out,ANADOLU EFES substitution out,,,,,,,,,0,182,1.0,,0,59,0,70
07:31,07:31:00,59,70,-11,2,4,REGULAR,88,I. CORDINIER,1,substitution,565,,[],in,0,10,Isaia,Cordinier,Isaia,Cordinier,I,C,I,C,I. Cordinier,ANADOLU EFES,EFS,I. Cordinier,10,,,,,,SUB,in,ANADOLU EFES substitution in,,,,,,,,,0,182,1.0,,0,59,0,70
07:15,07:15:00,59,72,-13,2,4,REGULAR,88,I. CORDINIER,1,2pt,567,,"['fromturnover', 'pointsinthepaint']",layup,1,10,Isaia,Cordinier,Isaia,Cordinier,I,C,I,C,I. Cordinier,ANADOLU EFES,EFS,I. Cordinier,10,,,10.329999923706,59.720001220703,1.0,P2,made,ANADOLU EFES I. CORDINIER 2Pt made,73.0,2.0,B. DESSERT,,,,,,2,182,1.0,score,0,59,2,72
07:15,07:15:00,59,72,-13,2,4,REGULAR,73,B. DESSERT,1,assist,568,567,[],,0,13,Brice ,Dessert,Brice ,Dessert,B,D,B,D,B. Dessert,ANADOLU EFES,EFS,B. Dessert,13,,,,,,ASS,,ANADOLU EFES B. DESSERT assist,,,,,,,,,0,183,2.0,,0,59,0,72
07:03,07:03:00,59,72,-13,1,4,REGULAR,129,B. CRAWFORD,0,3pt,569,,['blocked'],jumpshot,1,13,Bryant Dejuan,Crawford,Bryant Dejuan,Crawford,B,C,B,C,B. Crawford,BURSASPOR BASKETBOL,SPR,B. Crawford,13,,,82.25,93.900001525879,0.0,P3,missed,BURSASPOR BASKETBOL B. CRAWFORD 3Pt missed,,,,80.0,2.0,E. YILMAZ,,,0,183,2.0,,0,59,0,72
07:03,07:03:00,59,72,-13,2,4,REGULAR,80,E. YILMAZ,1,block,570,569,[],,0,33,Erkan,Yilmaz,Erkan,Yilmaz,E,Y,E,Y,E. Yilmaz,ANADOLU EFES,EFS,E. Yilmaz,33,,,,,,BS,,ANADOLU EFES E. YILMAZ block,,,,,,,,,0,183,2.0,,0,59,0,72
06:59,06:59:00,59,72,-13,2,4,REGULAR,75,C. SWIDER,1,rebound,571,569,[],defensive,0,21,Cole,Swider,Cole,Swider,C,S,C,S,C. Swider,ANADOLU EFES,EFS,C. Swider,21,,,,,,REB,,ANADOLU EFES rebound defensive,,,,,,,,,0,183,2.0,def_reb,0,59,0,72
06:45,06:45:00,59,75,-16,2,4,REGULAR,80,E. YILMAZ,1,3pt,572,,[],jumpshot,1,33,Erkan,Yilmaz,Erkan,Yilmaz,E,Y,E,Y,E. Yilmaz,ANADOLU EFES,EFS,E. Yilmaz,33,,,23.89999961853,85.98999786377,1.0,P3,made,ANADOLU EFES E. YILMAZ 3Pt made,88.0,2.0,I. CORDINIER,,,,,,3,184,1.0,score,0,59,3,75
06:45,06:45:00,59,75,-16,2,4,REGULAR,88,I. CORDINIER,1,assist,574,572,[],,0,10,Isaia,Cordinier,Isaia,Cordinier,I,C,I,C,I. Cordinier,ANADOLU EFES,EFS,I. Cordinier,10,,,,,,ASS,,ANADOLU EFES I. CORDINIER assist,,,,,,,,,0,185,2.0,,0,59,0,75
06:44,06:44:00,59,75,-16,1,4,REGULAR,0,,1,timeout,575,,[],full,0,,,,,,,,,,,BURSASPOR BASKETBOL,SPR,,,,,,,,TIMEOUT,,BURSASPOR BASKETBOL timeout,,,,,,,,,0,185,2.0,,0,59,0,75
06:44,06:44:00,59,75,-16,1,4,REGULAR,101,H. KÖKSAL,1,substitution,576,,[],out,0,7,Hüseyin Göksenin,Köksal,Hüseyin Göksenin,Köksal,H,K,H,K,H. Köksal,BURSASPOR BASKETBOL,SPR,H. Köksal,7,,,,,,SUB,out,BURSASPOR BASKETBOL substitution out,,,,,,,,,0,185,2.0,,0,59,0,75
06:44,06:44:00,59,75,-16,1,4,REGULAR,129,B. CRAWFORD,1,substitution,577,,[],out,0,13,Bryant Dejuan,Crawford,Bryant Dejuan,Crawford,B,C,B,C,B. Crawford,BURSASPOR BASKETBOL,SPR,B. Crawford,13,,,,,,SUB,out,BURSASPOR BASKETBOL substitution out,,,,,,,,,0,185,2.0,,0,59,0,75
06:44,06:44:00,59,75,-16,1,4,REGULAR,4,Y. ONAR,1,substitution,578,,[],in,0,14,Yesukan,Onar,Yesukan,Onar,Y,O,Y,O,Y. Onar,BURSASPOR BASKETBOL,SPR,Y. Onar,14,,,,,,SUB,in,BURSASPOR BASKETBOL substitution in,,,,,,,,,0,185,2.0,,0,59,0,75
06:44,06:44:00,59,75,-16,1,4,REGULAR,135,A. KONONTSUK,1,substitution,579,,[],in,0,34,Artur,Konontsuk,Artur,Konontsuk,A,K,A,K,A. Konontsuk,BURSASPOR BASKETBOL,SPR,A. Konontsuk,34,,,,,,SUB,in,BURSASPOR BASKETBOL substitution in,,,,,,,,,0,185,2.0,,0,59,0,75
06:23,06:23:00,59,75,-16,1,4,REGULAR,4,Y. ONAR,1,substitution,583,,[],out,0,14,Yesukan,Onar,Yesukan,Onar,Y,O,Y,O,Y. Onar,BURSASPOR BASKETBOL,SPR,Y. Onar,14,,,,,,SUB,out,BURSASPOR BASKETBOL substitution out,,,,,,,,,0,185,2.0,,0,59,0,75
06:23,06:23:00,59,75,-16,1,4,REGULAR,102,B. AKIN,1,substitution,584,,[],in,0,11,Berk Can,Akin,Berk Can,Akin,B,A,B,A,B. Akin,BURSASPOR BASKETBOL,SPR,B. Akin,11,,,,,,SUB,in,BURSASPOR BASKETBOL substitution in,,,,,,,,,0,185,2.0,,0,59,0,75
06:23,06:23:00,61,75,-14,1,4,REGULAR,102,B. AKIN,1,2pt,585,,['pointsinthepaint'],jumpshot,1,11,Berk Can,Akin,Berk Can,Akin,B,A,B,A,B. Akin,BURSASPOR BASKETBOL,SPR,B. Akin,11,,,91.139999389648,58.590000152588,1.0,P2,made,BURSASPOR BASKETBOL B. AKIN 2Pt made,135.0,1.0,A. KONONTSUK,,,,,,2,185,2.0,score,2,61,0,75
06:23,06:23:00,61,75,-14,1,4,REGULAR,135,A. KONONTSUK,1,assist,586,585,[],,0,34,Artur,Konontsuk,Artur,Konontsuk,A,K,A,K,A. Konontsuk,BURSASPOR BASKETBOL,SPR,A. Konontsuk,34,,,,,,ASS,,BURSASPOR BASKETBOL A. KONONTSUK assist,,,,,,,,,0,186,1.0,,0,61,0,75
06:09,06:09:00,61,75,-14,1,4,REGULAR,102,B. AKIN,1,foul,600,,"['shooting', '2freethrow']",personal,0,11,Berk Can,Akin,Berk Can,Akin,B,A,B,A,B. Akin,BURSASPOR BASKETBOL,SPR,B. Akin,11,,,,,,FOUL,,BURSASPOR BASKETBOL B. AKIN foul personal,,,,,,,,,0,186,1.0,,0,61,0,75
06:09,06:09:00,61,75,-14,2,4,REGULAR,88,I. CORDINIER,1,foulon,601,600,[],,0,10,Isaia,Cordinier,Isaia,Cordinier,I,C,I,C,I. Cordinier,ANADOLU EFES,EFS,I. Cordinier,10,,,,,,OTHER,,ANADOLU EFES foulon,,,,,,,,,0,186,1.0,,0,61,0,75
06:09,06:09:00,61,75,-14,2,4,REGULAR,88,I. CORDINIER,0,freethrow,602,,[],1of2,1,10,Isaia,Cordinier,Isaia,Cordinier,I,C,I,C,I. Cordinier,ANADOLU EFES,EFS,I. Cordinier,10,,,,,,FT,missed,ANADOLU EFES I. CORDINIER FT 1of2 missed,,,,,,,,,0,186,1.0,def_reb,0,61,0,75
06:09,06:09:00,61,75,-14,2,4,REGULAR,0,,1,rebound,603,602,[],offensivedeadball,0,,,,,,,,,,,ANADOLU EFES,EFS,,,,,,,,TREB,,ANADOLU EFES team rebound offensivedeadball,,,,,,,,,0,187,2.0,def_reb,0,61,0,75
06:09,06:09:00,61,76,-15,2,4,REGULAR,88,I. CORDINIER,1,freethrow,604,,[],2of2,1,10,Isaia,Cordinier,Isaia,Cordinier,I,C,I,C,I. Cordinier,ANADOLU EFES,EFS,I. Cordinier,10,,,,,,FT,made,ANADOLU EFES I. CORDINIER FT 2of2 made,,,,,,,,,1,188,1.0,made_ft_last,0,61,1,76
06:03,06:03:00,61,76,-15,2,4,REGULAR,75,C. SWIDER,1,foul,607,,['2freethrow'],personal,0,21,Cole,Swider,Cole,Swider,C,S,C,S,C. Swider,ANADOLU EFES,EFS,C. Swider,21,,,,,,FOUL,,ANADOLU EFES C. SWIDER foul personal,,,,,,,,,0,189,2.0,,0,61,0,76
06:03,06:03:00,61,76,-15,1,4,REGULAR,102,B. AKIN,1,foulon,608,607,[],,0,11,Berk Can,Akin,Berk Can,Akin,B,A,B,A,B. Akin,BURSASPOR BASKETBOL,SPR,B. Akin,11,,,,,,OTHER,,BURSASPOR BASKETBOL foulon,,,,,,,,,0,189,2.0,,0,61,0,76
06:03,06:03:00,61,76,-15,2,4,REGULAR,81,S. HAZER,1,substitution,609,,[],out,0,2,Sehmus,Hazer,Sehmus,Hazer,S,H,S,H,S. Hazer,ANADOLU EFES,EFS,S. Hazer,2,,,,,,SUB,out,ANADOLU EFES substitution out,,,,,,,,,0,189,2.0,,0,61,0,76
06:03,06:03:00,61,76,-15,2,4,REGULAR,73,B. DESSERT,1,substitution,610,,[],out,0,13,Brice ,Dessert,Brice ,Dessert,B,D,B,D,B. Dessert,ANADOLU EFES,EFS,B. Dessert,13,,,,,,SUB,out,ANADOLU EFES substitution out,,,,,,,,,0,189,2.0,,0,61,0,76
06:03,06:03:00,61,76,-15,2,4,REGULAR,87,N. WEILER-BABB,1,substitution,611,,[],in,0,8,Nick,Weiler-Babb,Nick,Weiler-Babb,N,W,N,W,N. Weiler-Babb,ANADOLU EFES,EFS,N. Weiler-Babb,8,,,,,,SUB,in,ANADOLU EFES substitution in,,,,,,,,,0,189,2.0,,0,61,0,76
06:03,06:03:00,61,76,-15,2,4,REGULAR,89,E. OSMANI,1,substitution,612,,[],in,0,24,Ercan,Osmani,Ercan,Osmani,E,O,E,O,E. Osmani,ANADOLU EFES,EFS,E. Osmani,24,,,,,,SUB,in,ANADOLU EFES substitution in,,,,,,,,,0,189,2.0,,0,61,0,76
06:03,06:03:00,62,76,-14,1,4,REGULAR,102,B. AKIN,1,freethrow,613,,['fastbreak'],1of2,1,11,Berk Can,Akin,Berk Can,Akin,B,A,B,A,B. Akin,BURSASPOR BASKETBOL,SPR,B. Akin,11,,,,,,FT,made,BURSASPOR BASKETBOL B. AKIN FT 1of2 made,,,,,,,,,1,189,2.0,made_ft,1,62,0,76
06:03,06:03:00,63,76,-13,1,4,REGULAR,102,B. AKIN,1,freethrow,614,,['fastbreak'],2of2,1,11,Berk Can,Akin,Berk Can,Akin,B,A,B,A,B. Akin,BURSASPOR BASKETBOL,SPR,B. Akin,11,,,,,,FT,made,BURSASPOR BASKETBOL B. AKIN FT 2of2 made,,,,,,,,,1,190,1.0,made_ft_last,1,63,0,76
05:40,05:40:00,63,76,-13,2,4,REGULAR,88,I. CORDINIER,0,2pt,616,,['pointsinthepaint'],layup,1,10,Isaia,Cordinier,Isaia,Cordinier,I,C,I,C,I. Cordinier,ANADOLU EFES,EFS,I. Cordinier,10,,,9.3900003433228,41.360000610352,0.0,P2,missed,ANADOLU EFES I. CORDINIER 2Pt missed,,,,,,,,,0,191,2.0,,0,63,0,76
05:38,05:38:00,63,76,-13,2,4,REGULAR,89,E. OSMANI,1,rebound,617,616,[],offensive,0,24,Ercan,Osmani,Ercan,Osmani,E,O,E,O,E. Osmani,ANADOLU EFES,EFS,E. Osmani,24,,,,,,REB,,ANADOLU EFES rebound offensive,,,,,,,,,0,191,2.0,,0,63,0,76
05:32,05:32:00,63,76,-13,2,4,REGULAR,75,C. SWIDER,0,3pt,618,,['2ndchance'],jumpshot,1,21,Cole,Swider,Cole,Swider,C,S,C,S,C. Swider,ANADOLU EFES,EFS,C. Swider,21,,,9.3900003433228,95.589996337891,0.0,P3,missed,ANADOLU EFES C. SWIDER 3Pt missed,,,,,,,,,0,191,2.0,def_reb,0,63,0,76
05:29,05:29:00,63,76,-13,1,4,REGULAR,127,L. NNOKO,1,rebound,619,618,[],defensive,0,35,Landry,Nnoko,Landry,Nnoko,L,N,L,N,L. Nnoko,BURSASPOR BASKETBOL,SPR,L. Nnoko,35,,,,,,REB,,BURSASPOR BASKETBOL rebound defensive,,,,,,,,,0,192,1.0,def_reb,0,63,0,76
05:16,05:16:00,63,76,-13,1,4,REGULAR,102,B. AKIN,0,3pt,620,,[],jumpshot,1,11,Berk Can,Akin,Berk Can,Akin,B,A,B,A,B. Akin,BURSASPOR BASKETBOL,SPR,B. Akin,11,,,79.279998779297,8.0200004577637,0.0,P3,missed,BURSASPOR BASKETBOL B. AKIN 3Pt missed,,,,,,,,,0,193,2.0,def_reb,0,63,0,76
05:13,05:13:00,63,76,-13,2,4,REGULAR,88,I. CORDINIER,1,rebound,621,620,[],defensive,0,10,Isaia,Cordinier,Isaia,Cordinier,I,C,I,C,I. Cordinier,ANADOLU EFES,EFS,I. Cordinier,10,,,,,,REB,,ANADOLU EFES rebound defensive,,,,,,,,,0,194,1.0,def_reb,0,63,0,76
04:52,04:52:00,63,78,-15,2,4,REGULAR,75,C. SWIDER,1,2pt,622,,[],turnaroundjumpshot,1,21,Cole,Swider,Cole,Swider,C,S,C,S,C. Swider,ANADOLU EFES,EFS,C. Swider,21,,,9.6999998092651,22.14999961853,1.0,P2,made,ANADOLU EFES C. SWIDER 2Pt made,,,,,,,,,2,195,2.0,score,0,63,2,78
04:34,04:34:00,63,78,-15,1,4,REGULAR,133,B. CHILDRESS,0,3pt,623,,[],jumpshot,1,0,Brandon Reginald,Childress,Brandon Reginald,Childress,B,C,B,C,B. Childress,BURSASPOR BASKETBOL,SPR,B. Childress,0,,,70.080001831055,73.559997558594,0.0,P3,missed,BURSASPOR BASKETBOL B. CHILDRESS 3Pt missed,,,,,,,,,0,196,1.0,def_reb,0,63,0,78
04:32,04:32:00,63,78,-15,2,4,REGULAR,88,I. CORDINIER,1,rebound,624,623,[],defensive,0,10,Isaia,Cordinier,Isaia,Cordinier,I,C,I,C,I. Cordinier,ANADOLU EFES,EFS,I. Cordinier,10,,,,,,REB,,ANADOLU EFES rebound defensive,,,,,,,,,0,197,2.0,def_reb,0,63,0,78
04:29,04:29:00,63,80,-17,2,4,REGULAR,89,E. OSMANI,1,2pt,625,,"['pointsinthepaint', 'fastbreak']",layup,1,24,Ercan,Osmani,Ercan,Osmani,E,O,E,O,E. Osmani,ANADOLU EFES,EFS,E. Osmani,24,,,9.6999998092651,58.310001373291,1.0,P2,made,ANADOLU EFES E. OSMANI 2Pt made,88.0,2.0,I. CORDINIER,,,,,,2,198,1.0,score,0,63,2,80
04:29,04:29:00,63,80,-17,2,4,REGULAR,88,I. CORDINIER,1,assist,627,625,[],,0,10,Isaia,Cordinier,Isaia,Cordinier,I,C,I,C,I. Cordinier,ANADOLU EFES,EFS,I. Cordinier,10,,,,,,ASS,,ANADOLU EFES I. CORDINIER assist,,,,,,,,,0,199,2.0,,0,63,0,80
04:28,04:28:00,63,80,-17,1,4,REGULAR,0,,1,timeout,628,,[],full,0,,,,,,,,,,,BURSASPOR BASKETBOL,SPR,,,,,,,,TIMEOUT,,BURSASPOR BASKETBOL timeout,,,,,,,,,0,199,2.0,,0,63,0,80
04:18,04:18:00,63,80,-17,1,4,REGULAR,102,B. AKIN,0,3pt,630,,[],jumpshot,1,11,Berk Can,Akin,Berk Can,Akin,B,A,B,A,B. Akin,BURSASPOR BASKETBOL,SPR,B. Akin,11,,,75.230003356934,83.160003662109,0.0,P3,missed,BURSASPOR BASKETBOL B. AKIN 3Pt missed,,,,,,,,,0,199,2.0,def_reb,0,63,0,80
04:15,04:15:00,63,80,-17,2,4,REGULAR,80,E. YILMAZ,1,rebound,631,630,[],defensive,0,33,Erkan,Yilmaz,Erkan,Yilmaz,E,Y,E,Y,E. Yilmaz,ANADOLU EFES,EFS,E. Yilmaz,33,,,,,,REB,,ANADOLU EFES rebound defensive,,,,,,,,,0,200,1.0,def_reb,0,63,0,80
03:54,03:54:00,63,83,-20,2,4,REGULAR,75,C. SWIDER,1,3pt,632,,[],jumpshot,1,21,Cole,Swider,Cole,Swider,C,S,C,S,C. Swider,ANADOLU EFES,EFS,C. Swider,21,,,4.0900001525879,4.3499999046326,1.0,P3,made,ANADOLU EFES C. SWIDER 3Pt made,87.0,2.0,N. WEILER-BABB,,,,,,3,201,2.0,score,0,63,3,83
03:54,03:54:00,63,83,-20,2,4,REGULAR,87,N. WEILER-BABB,1,assist,633,632,[],,0,8,Nick,Weiler-Babb,Nick,Weiler-Babb,N,W,N,W,N. Weiler-Babb,ANADOLU EFES,EFS,N. Weiler-Babb,8,,,,,,ASS,,ANADOLU EFES N. WEILER-BABB assist,,,,,,,,,0,202,1.0,,0,63,0,83
03:45,03:45:00,63,83,-20,1,4,REGULAR,102,B. AKIN,1,turnover,634,,[],badpass,0,11,Berk Can,Akin,Berk Can,Akin,B,A,B,A,B. Akin,BURSASPOR BASKETBOL,SPR,B. Akin,11,,,,,,TO,,BURSASPOR BASKETBOL B. AKIN turnover badpass,,,,,,,,,0,202,1.0,turnover,0,63,0,83
03:45,03:45:00,63,83,-20,2,4,REGULAR,87,N. WEILER-BABB,1,steal,635,634,[],,0,8,Nick,Weiler-Babb,Nick,Weiler-Babb,N,W,N,W,N. Weiler-Babb,ANADOLU EFES,EFS,N. Weiler-Babb,8,,,,,,ST,,ANADOLU EFES N. WEILER-BABB steal,,,,,,,,,0,203,2.0,,0,63,0,83
03:40,03:40:00,63,83,-20,2,4,REGULAR,80,E. YILMAZ,1,turnover,637,,[],badpass,0,33,Erkan,Yilmaz,Erkan,Yilmaz,E,Y,E,Y,E. Yilmaz,ANADOLU EFES,EFS,E. Yilmaz,33,,,,,,TO,,ANADOLU EFES E. YILMAZ turnover badpass,,,,,,,,,0,203,2.0,turnover,0,63,0,83
03:40,03:40:00,63,83,-20,1,4,REGULAR,127,L. NNOKO,1,substitution,638,,[],out,0,35,Landry,Nnoko,Landry,Nnoko,L,N,L,N,L. Nnoko,BURSASPOR BASKETBOL,SPR,L. Nnoko,35,,,,,,SUB,out,BURSASPOR BASKETBOL substitution out,,,,,,,,,0,204,1.0,,0,63,0,83
03:40,03:40:00,63,83,-20,1,4,REGULAR,4,Y. ONAR,1,substitution,639,,[],in,0,14,Yesukan,Onar,Yesukan,Onar,Y,O,Y,O,Y. Onar,BURSASPOR BASKETBOL,SPR,Y. Onar,14,,,,,,SUB,in,BURSASPOR BASKETBOL substitution in,,,,,,,,,0,204,1.0,,0,63,0,83
03:40,03:40:00,63,83,-20,2,4,REGULAR,88,I. CORDINIER,1,substitution,640,,[],out,0,10,Isaia,Cordinier,Isaia,Cordinier,I,C,I,C,I. Cordinier,ANADOLU EFES,EFS,I. Cordinier,10,,,,,,SUB,out,ANADOLU EFES substitution out,,,,,,,,,0,204,1.0,,0,63,0,83
03:40,03:40:00,63,83,-20,2,4,REGULAR,72,R. BEAUBOIS,1,substitution,641,,[],in,0,1,Rodrigue,Beaubois,Rodrigue,Beaubois,R,B,R,B,R. Beaubois,ANADOLU EFES,EFS,R. Beaubois,1,,,,,,SUB,in,ANADOLU EFES substitution in,,,,,,,,,0,204,1.0,,0,63,0,83
03:22,03:22:00,63,83,-20,1,4,REGULAR,133,B. CHILDRESS,0,3pt,643,,['fromturnover'],jumpshot,1,0,Brandon Reginald,Childress,Brandon Reginald,Childress,B,C,B,C,B. Childress,BURSASPOR BASKETBOL,SPR,B. Childress,0,,,74.129997253418,12.539999961853,0.0,P3,missed,BURSASPOR BASKETBOL B. CHILDRESS 3Pt missed,,,,,,,,,0,204,1.0,def_reb,0,63,0,83
03:19,03:19:00,63,83,-20,1,4,REGULAR,0,,1,rebound,645,643,['team'],offensive,0,,,,,,,,,,,BURSASPOR BASKETBOL,SPR,,,,,,,,TREB,,BURSASPOR BASKETBOL team rebound offensive,,,,,,,,,0,205,2.0,def_reb,0,63,0,83
03:04,03:04:00,63,83,-20,1,4,REGULAR,135,A. KONONTSUK,0,2pt,654,,"['2ndchance', 'fromturnover']",jumpshot,1,34,Artur,Konontsuk,Artur,Konontsuk,A,K,A,K,A. Konontsuk,BURSASPOR BASKETBOL,SPR,A. Konontsuk,34,,,93.01000213623,72.430000305176,0.0,P2,missed,BURSASPOR BASKETBOL A. KONONTSUK 2Pt missed,,,,,,,,,0,206,1.0,def_reb,0,63,0,83
03:02,03:02:00,63,83,-20,2,4,REGULAR,89,E. OSMANI,1,rebound,655,654,[],defensive,0,24,Ercan,Osmani,Ercan,Osmani,E,O,E,O,E. Osmani,ANADOLU EFES,EFS,E. Osmani,24,,,,,,REB,,ANADOLU EFES rebound defensive,,,,,,,,,0,207,2.0,def_reb,0,63,0,83
02:47,02:47:00,63,83,-20,2,4,REGULAR,89,E. OSMANI,1,turnover,656,,[],badpass,0,24,Ercan,Osmani,Ercan,Osmani,E,O,E,O,E. Osmani,ANADOLU EFES,EFS,E. Osmani,24,,,,,,TO,,ANADOLU EFES E. OSMANI turnover badpass,,,,,,,,,0,208,1.0,turnover,0,63,0,83
02:47,02:47:00,63,83,-20,1,4,REGULAR,133,B. CHILDRESS,1,steal,657,656,[],,0,0,Brandon Reginald,Childress,Brandon Reginald,Childress,B,C,B,C,B. Childress,BURSASPOR BASKETBOL,SPR,B. Childress,0,,,,,,ST,,BURSASPOR BASKETBOL B. CHILDRESS steal,,,,,,,,,0,209,2.0,,0,63,0,83
02:43,02:43:00,63,83,-20,1,4,REGULAR,102,B. AKIN,0,2pt,658,,"['fromturnover', 'pointsinthepaint']",layup,1,11,Berk Can,Akin,Berk Can,Akin,B,A,B,A,B. Akin,BURSASPOR BASKETBOL,SPR,B. Akin,11,,,91.290000915527,62.259998321533,0.0,P2,missed,BURSASPOR BASKETBOL B. AKIN 2Pt missed,,,,,,,,,0,209,2.0,def_reb,0,63,0,83
02:41,02:41:00,63,83,-20,2,4,REGULAR,80,E. YILMAZ,1,rebound,659,658,[],defensive,0,33,Erkan,Yilmaz,Erkan,Yilmaz,E,Y,E,Y,E. Yilmaz,ANADOLU EFES,EFS,E. Yilmaz,33,,,,,,REB,,ANADOLU EFES rebound defensive,,,,,,,,,0,210,1.0,def_reb,0,63,0,83
02:36,02:36:00,63,83,-20,2,4,REGULAR,75,C. SWIDER,0,3pt,660,,[],jumpshot,1,21,Cole,Swider,Cole,Swider,C,S,C,S,C. Swider,ANADOLU EFES,EFS,C. Swider,21,,,27.020000457764,20.729999542236,0.0,P3,missed,ANADOLU EFES C. SWIDER 3Pt missed,,,,,,,,,0,211,2.0,,0,63,0,83
02:31,02:31:00,63,83,-20,2,4,REGULAR,89,E. OSMANI,1,rebound,661,660,[],offensive,0,24,Ercan,Osmani,Ercan,Osmani,E,O,E,O,E. Osmani,ANADOLU EFES,EFS,E. Osmani,24,,,,,,REB,,ANADOLU EFES rebound offensive,,,,,,,,,0,211,2.0,,0,63,0,83
02:29,02:29:00,63,85,-22,2,4,REGULAR,75,C. SWIDER,1,2pt,662,,"['2ndchance', 'pointsinthepaint']",jumpshot,1,21,Cole,Swider,Cole,Swider,C,S,C,S,C. Swider,ANADOLU EFES,EFS,C. Swider,21,,,11.420000076294,36.549999237061,1.0,P2,made,ANADOLU EFES C. SWIDER 2Pt made,89.0,2.0,E. OSMANI,,,,,,2,211,2.0,score,0,63,2,85
02:29,02:29:00,63,85,-22,2,4,REGULAR,89,E. OSMANI,1,assist,663,662,[],,0,24,Ercan,Osmani,Ercan,Osmani,E,O,E,O,E. Osmani,ANADOLU EFES,EFS,E. Osmani,24,,,,,,ASS,,ANADOLU EFES E. OSMANI assist,,,,,,,,,0,212,1.0,,0,63,0,85
02:13,02:13:00,63,85,-22,2,4,REGULAR,80,E. YILMAZ,1,foul,667,,['2freethrow'],personal,0,33,Erkan,Yilmaz,Erkan,Yilmaz,E,Y,E,Y,E. Yilmaz,ANADOLU EFES,EFS,E. Yilmaz,33,,,,,,FOUL,,ANADOLU EFES E. YILMAZ foul personal,,,,,,,,,0,212,1.0,,0,63,0,85
02:13,02:13:00,63,85,-22,1,4,REGULAR,135,A. KONONTSUK,1,foulon,668,667,[],,0,34,Artur,Konontsuk,Artur,Konontsuk,A,K,A,K,A. Konontsuk,BURSASPOR BASKETBOL,SPR,A. Konontsuk,34,,,,,,OTHER,,BURSASPOR BASKETBOL foulon,,,,,,,,,0,212,1.0,,0,63,0,85
02:13,02:13:00,63,85,-22,1,4,REGULAR,133,B. CHILDRESS,1,substitution,669,,[],out,0,0,Brandon Reginald,Childress,Brandon Reginald,Childress,B,C,B,C,B. Childress,BURSASPOR BASKETBOL,SPR,B. Childress,0,,,,,,SUB,out,BURSASPOR BASKETBOL substitution out,,,,,,,,,0,212,1.0,,0,63,0,85
02:13,02:13:00,63,85,-22,1,4,REGULAR,126,B. SATIR,1,substitution,670,,[],in,0,10,Bora,Satir,Bora,Satir,B,S,B,S,B. Satir,BURSASPOR BASKETBOL,SPR,B. Satir,10,,,,,,SUB,in,BURSASPOR BASKETBOL substitution in,,,,,,,,,0,212,1.0,,0,63,0,85
02:13,02:13:00,63,85,-22,2,4,REGULAR,87,N. WEILER-BABB,1,substitution,671,,[],out,0,8,Nick,Weiler-Babb,Nick,Weiler-Babb,N,W,N,W,N. Weiler-Babb,ANADOLU EFES,EFS,N. Weiler-Babb,8,,,,,,SUB,out,ANADOLU EFES substitution out,,,,,,,,,0,212,1.0,,0,63,0,85
02:13,02:13:00,63,85,-22,2,4,REGULAR,89,E. OSMANI,1,substitution,672,,[],out,0,24,Ercan,Osmani,Ercan,Osmani,E,O,E,O,E. Osmani,ANADOLU EFES,EFS,E. Osmani,24,,,,,,SUB,out,ANADOLU EFES substitution out,,,,,,,,,0,212,1.0,,0,63,0,85
02:13,02:13:00,63,85,-22,2,4,REGULAR,81,S. HAZER,1,substitution,673,,[],in,0,2,Sehmus,Hazer,Sehmus,Hazer,S,H,S,H,S. Hazer,ANADOLU EFES,EFS,S. Hazer,2,,,,,,SUB,in,ANADOLU EFES substitution in,,,,,,,,,0,212,1.0,,0,63,0,85
02:13,02:13:00,63,85,-22,2,4,REGULAR,73,B. DESSERT,1,substitution,674,,[],in,0,13,Brice ,Dessert,Brice ,Dessert,B,D,B,D,B. Dessert,ANADOLU EFES,EFS,B. Dessert,13,,,,,,SUB,in,ANADOLU EFES substitution in,,,,,,,,,0,212,1.0,,0,63,0,85
02:13,02:13:00,64,85,-21,1,4,REGULAR,135,A. KONONTSUK,1,freethrow,675,,[],1of2,1,34,Artur,Konontsuk,Artur,Konontsuk,A,K,A,K,A. Konontsuk,BURSASPOR BASKETBOL,SPR,A. Konontsuk,34,,,,,,FT,made,BURSASPOR BASKETBOL A. KONONTSUK FT 1of2 made,,,,,,,,,1,212,1.0,made_ft,1,64,0,85
02:13,02:13:00,65,85,-20,1,4,REGULAR,135,A. KONONTSUK,1,freethrow,676,,[],2of2,1,34,Artur,Konontsuk,Artur,Konontsuk,A,K,A,K,A. Konontsuk,BURSASPOR BASKETBOL,SPR,A. Konontsuk,34,,,,,,FT,made,BURSASPOR BASKETBOL A. KONONTSUK FT 2of2 made,,,,,,,,,1,213,2.0,made_ft_last,1,65,0,85
02:04,02:04:00,65,85,-20,1,4,REGULAR,4,Y. ONAR,1,foul,679,,[],personal,0,14,Yesukan,Onar,Yesukan,Onar,Y,O,Y,O,Y. Onar,BURSASPOR BASKETBOL,SPR,Y. Onar,14,,,,,,FOUL,,BURSASPOR BASKETBOL Y. ONAR foul personal,,,,,,,,,0,214,1.0,,0,65,0,85
02:04,02:04:00,65,85,-20,2,4,REGULAR,73,B. DESSERT,1,foulon,680,679,[],,0,13,Brice ,Dessert,Brice ,Dessert,B,D,B,D,B. Dessert,ANADOLU EFES,EFS,B. Dessert,13,,,,,,OTHER,,ANADOLU EFES foulon,,,,,,,,,0,214,1.0,,0,65,0,85
01:49,01:49:00,65,85,-20,2,4,REGULAR,81,S. HAZER,1,turnover,682,,[],ballhandling,0,2,Sehmus,Hazer,Sehmus,Hazer,S,H,S,H,S. Hazer,ANADOLU EFES,EFS,S. Hazer,2,,,,,,TO,,ANADOLU EFES S. HAZER turnover ballhandling,,,,,,,,,0,214,1.0,turnover,0,65,0,85
01:49,01:49:00,65,85,-20,1,4,REGULAR,134,V. KING,1,steal,683,682,[],,0,22,Vincent Earl,King,Vincent Earl,King,V,K,V,K,V. King,BURSASPOR BASKETBOL,SPR,V. King,22,,,,,,ST,,BURSASPOR BASKETBOL V. KING steal,,,,,,,,,0,215,2.0,,0,65,0,85
01:46,01:46:00,67,85,-18,1,4,REGULAR,134,V. KING,1,2pt,684,,"['fromturnover', 'pointsinthepaint', 'fastbreak']",dunk,1,22,Vincent Earl,King,Vincent Earl,King,V,K,V,K,V. King,BURSASPOR BASKETBOL,SPR,V. King,22,,,89.730003356934,44.459999084473,1.0,P2,made,BURSASPOR BASKETBOL V. KING 2Pt made,,,,,,,,,2,215,2.0,score,2,67,0,85
01:29,01:29:00,67,88,-21,2,4,REGULAR,81,S. HAZER,1,3pt,688,,[],jumpshot,1,2,Sehmus,Hazer,Sehmus,Hazer,S,H,S,H,S. Hazer,ANADOLU EFES,EFS,S. Hazer,2,,,27.180000305176,23.559999465942,1.0,P3,made,ANADOLU EFES S. HAZER 3Pt made,75.0,2.0,C. SWIDER,,,,,,3,216,1.0,score,0,67,3,88
01:29,01:29:00,67,88,-21,2,4,REGULAR,75,C. SWIDER,1,assist,689,688,[],,0,21,Cole,Swider,Cole,Swider,C,S,C,S,C. Swider,ANADOLU EFES,EFS,C. Swider,21,,,,,,ASS,,ANADOLU EFES C. SWIDER assist,,,,,,,,,0,217,2.0,,0,67,0,88
01:15,01:15:00,70,88,-18,1,4,REGULAR,135,A. KONONTSUK,1,3pt,692,,[],jumpshot,1,34,Artur,Konontsuk,Artur,Konontsuk,A,K,A,K,A. Konontsuk,BURSASPOR BASKETBOL,SPR,A. Konontsuk,34,,,74.599998474121,16.209999084473,1.0,P3,made,BURSASPOR BASKETBOL A. KONONTSUK 3Pt made,126.0,1.0,B. SATIR,,,,,,3,217,2.0,score,3,70,0,88
01:15,01:15:00,70,88,-18,1,4,REGULAR,126,B. SATIR,1,assist,693,692,[],,0,10,Bora,Satir,Bora,Satir,B,S,B,S,B. Satir,BURSASPOR BASKETBOL,SPR,B. Satir,10,,,,,,ASS,,BURSASPOR BASKETBOL B. SATIR assist,,,,,,,,,0,218,1.0,,0,70,0,88
00:53,00:53:40,70,88,-18,2,4,REGULAR,80,E. YILMAZ,0,2pt,695,,['pointsinthepaint'],drivinglayup,1,33,Erkan,Yilmaz,Erkan,Yilmaz,E,Y,E,Y,E. Yilmaz,ANADOLU EFES,EFS,E. Yilmaz,33,,,15.630000114441,41.069999694824,0.0,P2,missed,ANADOLU EFES E. YILMAZ 2Pt missed,,,,,,,,,0,218,1.0,,0,70,0,88
00:51,00:51:00,70,88,-18,2,4,REGULAR,73,B. DESSERT,1,rebound,697,695,[],offensive,0,13,Brice ,Dessert,Brice ,Dessert,B,D,B,D,B. Dessert,ANADOLU EFES,EFS,B. Dessert,13,,,,,,REB,,ANADOLU EFES rebound offensive,,,,,,,,,0,218,1.0,,0,70,0,88
00:51,00:51:00,70,90,-20,2,4,REGULAR,73,B. DESSERT,1,2pt,698,,"['2ndchance', 'pointsinthepaint']",jumpshot,1,13,Brice ,Dessert,Brice ,Dessert,B,D,B,D,B. Dessert,ANADOLU EFES,EFS,B. Dessert,13,,,9.2399997711182,60.560001373291,1.0,P2,made,ANADOLU EFES B. DESSERT 2Pt made,,,,,,,,,2,218,1.0,score,0,70,2,90
00:51,00:51:00,70,90,-20,1,4,REGULAR,4,Y. ONAR,1,foul,699,,"['shooting', '1freethrow']",personal,0,14,Yesukan,Onar,Yesukan,Onar,Y,O,Y,O,Y. Onar,BURSASPOR BASKETBOL,SPR,Y. Onar,14,,,,,,FOUL,,BURSASPOR BASKETBOL Y. ONAR foul personal,,,,,,,,,0,219,2.0,,0,70,0,90
00:51,00:51:00,70,90,-20,2,4,REGULAR,73,B. DESSERT,1,foulon,700,699,[],,0,13,Brice ,Dessert,Brice ,Dessert,B,D,B,D,B. Dessert,ANADOLU EFES,EFS,B. Dessert,13,,,,,,OTHER,,ANADOLU EFES foulon,,,,,,,,,0,219,2.0,,0,70,0,90
00:51,00:51:00,70,91,-21,2,4,REGULAR,73,B. DESSERT,1,freethrow,701,,['2ndchance'],1of1,1,13,Brice ,Dessert,Brice ,Dessert,B,D,B,D,B. Dessert,ANADOLU EFES,EFS,B. Dessert,13,,,,,,FT,made,ANADOLU EFES B. DESSERT FT 1of1 made,,,,,,,,,1,219,2.0,made_ft_last,0,70,1,91
00:34,00:34:60,70,91,-21,1,4,REGULAR,126,B. SATIR,1,turnover,703,,[],badpass,0,10,Bora,Satir,Bora,Satir,B,S,B,S,B. Satir,BURSASPOR BASKETBOL,SPR,B. Satir,10,,,,,,TO,,BURSASPOR BASKETBOL B. SATIR turnover badpass,,,,,,,,,0,220,1.0,turnover,0,70,0,91
00:34,00:34:60,70,91,-21,2,4,REGULAR,75,C. SWIDER,1,steal,704,703,[],,0,21,Cole,Swider,Cole,Swider,C,S,C,S,C. Swider,ANADOLU EFES,EFS,C. Swider,21,,,,,,ST,,ANADOLU EFES C. SWIDER steal,,,,,,,,,0,221,2.0,,0,70,0,91
00:29,00:29:40,70,93,-23,2,4,REGULAR,75,C. SWIDER,1,2pt,706,,"['fromturnover', 'fastbreak']",jumpshot,1,21,Cole,Swider,Cole,Swider,C,S,C,S,C. Swider,ANADOLU EFES,EFS,C. Swider,21,,,15.159999847412,69.599998474121,1.0,P2,made,ANADOLU EFES C. SWIDER 2Pt made,72.0,2.0,R. BEAUBOIS,,,,,,2,221,2.0,score,0,70,2,93
00:29,00:29:40,70,93,-23,2,4,REGULAR,72,R. BEAUBOIS,1,assist,707,706,[],,0,1,Rodrigue,Beaubois,Rodrigue,Beaubois,R,B,R,B,R. Beaubois,ANADOLU EFES,EFS,R. Beaubois,1,,,,,,ASS,,ANADOLU EFES R. BEAUBOIS assist,,,,,,,,,0,222,1.0,,0,70,0,93
00:12,00:12:90,73,93,-20,1,4,REGULAR,135,A. KONONTSUK,1,3pt,709,,[],jumpshot,1,34,Artur,Konontsuk,Artur,Konontsuk,A,K,A,K,A. Konontsuk,BURSASPOR BASKETBOL,SPR,A. Konontsuk,34,,,71.330001831055,81.190002441406,1.0,P3,made,BURSASPOR BASKETBOL A. KONONTSUK 3Pt made,126.0,1.0,B. SATIR,,,,,,3,222,1.0,score,3,73,0,93
00:12,00:12:90,73,93,-20,1,4,REGULAR,126,B. SATIR,1,assist,710,709,[],,0,10,Bora,Satir,Bora,Satir,B,S,B,S,B. Satir,BURSASPOR BASKETBOL,SPR,B. Satir,10,,,,,,ASS,,BURSASPOR BASKETBOL B. SATIR assist,,,,,,,,,0,223,2.0,,0,73,0,93
00:00,00:00:00,73,93,-20,0,4,REGULAR,0,,1,period,714,,['confirmed'],end,0,,,,,,,,,,,,,,,,,,,,OTHER,,period end,,,,,,,,,0,223,2.0,,0,73,0,93
00:00,00:00:00,73,93,-20,0,4,REGULAR,0,,1,game,715,,['confirmed'],end,0,,,,,,,,,,,,,,,,,,,,OTHER,,game end,,,,,,,,,0,223,2.0,,0,73,0,93
