gt,clock,s1,s2,lead,tno,period,periodType,pno,player,success,actionType,actionNumber,previousAction,qualifier,subType,scoring,shirtNumber,firstName,familyName,internationalFirstName,internationalFamilyName,firstNameInitial,familyNameInitial,internationalFirstNameInitial,internationalFamilyNameInitial,scoreboardName,team_name,team_code,player_name_from_roster,player_shirt,player_pos_raw,player_pos_group,x,y,r,ev_code,ev_result,ev_text,assist_pno,assist_tno,assist_player,block_pno,block_tno,block_player,assist_pos_group,block_pos_group,points,possession_id,possession_owner_tno,possession_end_reason,pts_1,cum_1,pts_2,cum_2
10:00,10:00:00,0,0,0,0,1,REGULAR,0,,1,game,1,,[],start,0,,,,,,,,,,,,,,,,,,,,OTHER,,game start,,,,,,,,,0,0,,,0,0,0,0
10:00,10:00:00,0,0,0,0,1,REGULAR,0,,1,period,2,,[],start,0,,,,,,,,,,,,,,,,,,,,OTHER,,period start,,,,,,,,,0,0,,,0,0,0,0
10:00,10:00:00,0,0,0,0,1,REGULAR,0,,1,jumpball,4,,[],startperiod,0,,,,,,,,,,,,,,,,,,,,JUMP,,jump ball,,,,,,,,,0,0,,,0,0,0,0
09:57,09:57:00,0,0,0,2,1,REGULAR,78,K. BANKSTON,1,jumpball,5,4,[],won,0,30,Kristeon Lamar,Bankston,Kristeon Lamar,Bankston,K,B,K,B,K. Bankston,TÜRK TELEKOM,TTK,K. Bankston,30,,,,,,JUMP,,jump ball,,,,,,,,,0,0,,,0,0,0,0
09:57,09:57:00,0,0,0,1,1,REGULAR,62,A. ZIZIC,1,jumpball,6,4,[],lost,0,41,Ante Toni,Zizic,Ante Toni,Zizic,A,Z,A,Z,A. Zizic,BESIKTAS GAIN,BJK,A. Zizic,41,,,,,,JUMP,,jump ball,,,,,,,,,0,0,,,0,0,0,0
09:46,09:46:00,0,0,0,1,1,REGULAR,71,D. DOTSON,1,foul,8,,[],personal,0,1,Devon Durrell,Dotson,Devon Durrell,Dotson,D,D,D,D,D. Dotson,BESIKTAS GAIN,BJK,D. Dotson,1,,,,,,FOUL,,BESIKTAS GAIN D. DOTSON foul personal,,,,,,,,,0,0,,,0,0,0,0
09:46,09:46:00,0,0,0,2,1,REGULAR,5,D. ÖZDEMIROGLU,1,foulon,9,8,[],,0,18,Dogus,Özdemiroglu,Dogus,Özdemiroglu,D,Ö,D,Ö,D. Özdemiroglu,TÜRK TELEKOM,TTK,D. Özdemiroglu,18,,,,,,OTHER,,TÜRK TELEKOM foulon,,,,,,,,,0,0,,,0,0,0,0
09:32,09:32:00,0,2,-2,2,1,REGULAR,78,K. BANKSTON,1,2pt,11,,['pointsinthepaint'],layup,1,30,Kristeon Lamar,Bankston,Kristeon Lamar,Bankston,K,B,K,B,K. Bankston,TÜRK TELEKOM,TTK,K. Bankston,30,,,6.710000038147,49.150001525879,1.0,P2,made,TÜRK TELEKOM K. BANKSTON 2Pt made,77.0,2.0,J. SMITH,,,,,,2,1,2.0,score,0,0,2,2
09:32,09:32:00,0,2,-2,2,1,REGULAR,77,J. SMITH,1,assist,12,11,[],,0,9,Jaleen Devon,Smith,Jaleen Devon,Smith,J,S,J,S,J. Smith,TÜRK TELEKOM,TTK,J. Smith,9,,,,,,ASS,,TÜRK TELEKOM J. SMITH assist,,,,,,,,,0,2,1.0,,0,0,0,2
09:08,09:08:00,2,2,0,1,1,REGULAR,68,V. BROWN,1,2pt,13,,['pointsinthepaint'],layup,1,33,Vittorio,Brown,Vittorio,Brown,V,B,V,B,V. Brown,BESIKTAS GAIN,BJK,V. Brown,33,,,95.01000213623,45.200000762939,1.0,P2,made,BESIKTAS GAIN V. BROWN 2Pt made,71.0,1.0,D. DOTSON,,,,,,2,2,1.0,score,2,2,0,2
09:08,09:08:00,2,2,0,1,1,REGULAR,71,D. DOTSON,1,assist,14,13,[],,0,1,Devon Durrell,Dotson,Devon Durrell,Dotson,D,D,D,D,D. Dotson,BESIKTAS GAIN,BJK,D. Dotson,1,,,,,,ASS,,BESIKTAS GAIN D. DOTSON assist,,,,,,,,,0,3,2.0,,0,2,0,2
08:51,08:51:00,2,2,0,2,1,REGULAR,77,J. SMITH,0,3pt,21,,[],jumpshot,1,9,Jaleen Devon,Smith,Jaleen Devon,Smith,J,S,J,S,J. Smith,TÜRK TELEKOM,TTK,J. Smith,9,,,25.590000152588,23.450000762939,0.0,P3,missed,TÜRK TELEKOM J. SMITH 3Pt missed,,,,,,,,,0,3,2.0,def_reb,0,2,0,2
08:49,08:49:00,2,2,0,1,1,REGULAR,62,A. ZIZIC,1,rebound,23,21,[],defensive,0,41,Ante Toni,Zizic,Ante Toni,Zizic,A,Z,A,Z,A. Zizic,BESIKTAS GAIN,BJK,A. Zizic,41,,,,,,REB,,BESIKTAS GAIN rebound defensive,,,,,,,,,0,4,1.0,def_reb,0,2,0,2
08:49,08:49:00,2,2,0,2,1,REGULAR,5,D. ÖZDEMIROGLU,1,foul,24,,[],personal,0,18,Dogus,Özdemiroglu,Dogus,Özdemiroglu,D,Ö,D,Ö,D. Özdemiroglu,TÜRK TELEKOM,TTK,D. Özdemiroglu,18,,,,,,FOUL,,TÜRK TELEKOM D. ÖZDEMIROGLU foul personal,,,,,,,,,0,5,2.0,,0,2,0,2
08:49,08:49:00,2,2,0,1,1,REGULAR,62,A. ZIZIC,1,foulon,25,24,[],,0,41,Ante Toni,Zizic,Ante Toni,Zizic,A,Z,A,Z,A. Zizic,BESIKTAS GAIN,BJK,A. Zizic,41,,,,,,OTHER,,BESIKTAS GAIN foulon,,,,,,,,,0,5,2.0,,0,2,0,2
08:35,08:35:00,2,2,0,1,1,REGULAR,71,D. DOTSON,0,3pt,27,,[],jumpshot,1,1,Devon Durrell,Dotson,Devon Durrell,Dotson,D,D,D,D,D. Dotson,BESIKTAS GAIN,BJK,D. Dotson,1,,,73.169998168945,22.60000038147,0.0,P3,missed,BESIKTAS GAIN D. DOTSON 3Pt missed,,,,,,,,,0,5,2.0,def_reb,0,2,0,2
08:30,08:30:00,2,2,0,2,1,REGULAR,74,J. USHER,1,rebound,28,27,[],defensive,0,8,Jordan Emanuel ,Usher,Jordan Emanuel ,Usher,J,U,J,U,J. Usher,TÜRK TELEKOM,TTK,J. Usher,8,,,,,,REB,,TÜRK TELEKOM rebound defensive,,,,,,,,,0,6,1.0,def_reb,0,2,0,2
08:19,08:19:00,2,2,0,2,1,REGULAR,5,D. ÖZDEMIROGLU,0,2pt,29,,['pointsinthepaint'],layup,1,18,Dogus,Özdemiroglu,Dogus,Özdemiroglu,D,Ö,D,Ö,D. Özdemiroglu,TÜRK TELEKOM,TTK,D. Özdemiroglu,18,,,10.920000076294,50.0,0.0,P2,missed,TÜRK TELEKOM D. ÖZDEMIROGLU 2Pt missed,,,,,,,,,0,7,2.0,,0,2,0,2
08:13,08:13:00,2,2,0,2,1,REGULAR,5,D. ÖZDEMIROGLU,1,rebound,30,29,[],offensive,0,18,Dogus,Özdemiroglu,Dogus,Özdemiroglu,D,Ö,D,Ö,D. Özdemiroglu,TÜRK TELEKOM,TTK,D. Özdemiroglu,18,,,,,,REB,,TÜRK TELEKOM rebound offensive,,,,,,,,,0,7,2.0,,0,2,0,2
08:13,08:13:00,2,2,0,2,1,REGULAR,5,D. ÖZDEMIROGLU,0,2pt,31,,"['2ndchance', 'pointsinthepaint']",tipinlayup,1,18,Dogus,Özdemiroglu,Dogus,Özdemiroglu,D,Ö,D,Ö,D. Özdemiroglu,TÜRK TELEKOM,TTK,D. Özdemiroglu,18,,,6.0,50.0,0.0,P2,missed,TÜRK TELEKOM D. ÖZDEMIROGLU 2Pt missed,,,,,,,,,0,7,2.0,def_reb,0,2,0,2
08:12,08:12:00,2,2,0,1,1,REGULAR,71,D. DOTSON,1,rebound,32,31,[],defensive,0,1,Devon Durrell,Dotson,Devon Durrell,Dotson,D,D,D,D,D. Dotson,BESIKTAS GAIN,BJK,D. Dotson,1,,,,,,REB,,BESIKTAS GAIN rebound defensive,,,,,,,,,0,8,1.0,def_reb,0,2,0,2
08:09,08:09:00,5,2,3,1,1,REGULAR,74,Y. ARSLAN,1,3pt,33,,['fastbreak'],jumpshot,1,7,Yigit,Arslan,Yigit,Arslan,Y,A,Y,A,Y. Arslan,BESIKTAS GAIN,BJK,Y. Arslan,7,,,90.800003051758,5.0799999237061,1.0,P3,made,BESIKTAS GAIN Y. ARSLAN 3Pt made,71.0,1.0,D. DOTSON,,,,,,3,9,2.0,score,3,5,0,2
08:09,08:09:00,5,2,3,1,1,REGULAR,71,D. DOTSON,1,assist,34,33,[],,0,1,Devon Durrell,Dotson,Devon Durrell,Dotson,D,D,D,D,D. Dotson,BESIKTAS GAIN,BJK,D. Dotson,1,,,,,,ASS,,BESIKTAS GAIN D. DOTSON assist,,,,,,,,,0,10,1.0,,0,5,0,2
07:58,07:58:00,5,2,3,1,1,REGULAR,74,Y. ARSLAN,1,foul,36,,[],personal,0,7,Yigit,Arslan,Yigit,Arslan,Y,A,Y,A,Y. Arslan,BESIKTAS GAIN,BJK,Y. Arslan,7,,,,,,FOUL,,BESIKTAS GAIN Y. ARSLAN foul personal,,,,,,,,,0,10,1.0,,0,5,0,2
07:58,07:58:00,5,2,3,2,1,REGULAR,74,J. USHER,1,foulon,37,36,[],,0,8,Jordan Emanuel ,Usher,Jordan Emanuel ,Usher,J,U,J,U,J. Usher,TÜRK TELEKOM,TTK,J. Usher,8,,,,,,OTHER,,TÜRK TELEKOM foulon,,,,,,,,,0,10,1.0,,0,5,0,2
07:50,07:50:00,5,2,3,2,1,REGULAR,77,J. SMITH,0,3pt,41,,[],jumpshot,1,9,Jaleen Devon,Smith,Jaleen Devon,Smith,J,S,J,S,J. Smith,TÜRK TELEKOM,TTK,J. Smith,9,,,28.079999923706,76.550003051758,0.0,P3,missed,TÜRK TELEKOM J. SMITH 3Pt missed,,,,,,,,,0,10,1.0,,0,5,0,2
07:48,07:48:00,5,2,3,2,1,REGULAR,7,B. DURMAZ,1,rebound,42,41,[],offensive,0,3,Berkan,Durmaz,Berkan,Durmaz,B,D,B,D,B. Durmaz,TÜRK TELEKOM,TTK,B. Durmaz,3,,,,,,REB,,TÜRK TELEKOM rebound offensive,,,,,,,,,0,10,1.0,,0,5,0,2
07:42,07:42:00,5,2,3,1,1,REGULAR,62,A. ZIZIC,1,foul,46,,"['shooting', '2freethrow']",personal,0,41,Ante Toni,Zizic,Ante Toni,Zizic,A,Z,A,Z,A. Zizic,BESIKTAS GAIN,BJK,A. Zizic,41,,,,,,FOUL,,BESIKTAS GAIN A. ZIZIC foul personal,,,,,,,,,0,10,1.0,,0,5,0,2
07:42,07:42:00,5,2,3,2,1,REGULAR,78,K. BANKSTON,1,foulon,47,46,[],,0,30,Kristeon Lamar,Bankston,Kristeon Lamar,Bankston,K,B,K,B,K. Bankston,TÜRK TELEKOM,TTK,K. Bankston,30,,,,,,OTHER,,TÜRK TELEKOM foulon,,,,,,,,,0,10,1.0,,0,5,0,2
07:42,07:42:00,5,3,2,2,1,REGULAR,78,K. BANKSTON,1,freethrow,48,,['2ndchance'],1of2,1,30,Kristeon Lamar,Bankston,Kristeon Lamar,Bankston,K,B,K,B,K. Bankston,TÜRK TELEKOM,TTK,K. Bankston,30,,,,,,FT,made,TÜRK TELEKOM K. BANKSTON FT 1of2 made,,,,,,,,,1,10,1.0,made_ft,0,5,1,3
07:42,07:42:00,5,3,2,2,1,REGULAR,5,D. ÖZDEMIROGLU,1,assist,49,48,[],,0,18,Dogus,Özdemiroglu,Dogus,Özdemiroglu,D,Ö,D,Ö,D. Özdemiroglu,TÜRK TELEKOM,TTK,D. Özdemiroglu,18,,,,,,ASS,,TÜRK TELEKOM D. ÖZDEMIROGLU assist,,,,,,,,,0,11,2.0,,0,5,0,3
07:42,07:42:00,5,4,1,2,1,REGULAR,78,K. BANKSTON,1,freethrow,50,,['2ndchance'],2of2,1,30,Kristeon Lamar,Bankston,Kristeon Lamar,Bankston,K,B,K,B,K. Bankston,TÜRK TELEKOM,TTK,K. Bankston,30,,,,,,FT,made,TÜRK TELEKOM K. BANKSTON FT 2of2 made,,,,,,,,,1,11,2.0,made_ft_last,0,5,1,4
07:24,07:24:00,5,4,1,1,1,REGULAR,70,J. MATHEWS,0,3pt,52,,[],jumpshot,1,0,Jonah Kenneth,Mathews,Jonah Kenneth,Mathews,J,M,J,M,J. Mathews,BESIKTAS GAIN,BJK,J. Mathews,0,,,67.389999389648,55.369998931885,0.0,P3,missed,BESIKTAS GAIN J. MATHEWS 3Pt missed,,,,,,,,,0,12,1.0,def_reb,0,5,0,4
07:21,07:21:00,5,4,1,2,1,REGULAR,7,B. DURMAZ,1,rebound,53,52,[],defensive,0,3,Berkan,Durmaz,Berkan,Durmaz,B,D,B,D,B. Durmaz,TÜRK TELEKOM,TTK,B. Durmaz,3,,,,,,REB,,TÜRK TELEKOM rebound defensive,,,,,,,,,0,13,2.0,def_reb,0,5,0,4
07:12,07:12:00,5,4,1,2,1,REGULAR,7,B. DURMAZ,0,2pt,54,,"['pointsinthepaint', 'blocked']",layup,1,3,Berkan,Durmaz,Berkan,Durmaz,B,D,B,D,B. Durmaz,TÜRK TELEKOM,TTK,B. Durmaz,3,,,3.1199998855591,58.189998626709,0.0,P2,missed,TÜRK TELEKOM B. DURMAZ 2Pt missed,,,,68.0,1.0,V. BROWN,,,0,14,1.0,,0,5,0,4
07:12,07:12:00,5,4,1,1,1,REGULAR,68,V. BROWN,1,block,56,54,[],,0,33,Vittorio,Brown,Vittorio,Brown,V,B,V,B,V. Brown,BESIKTAS GAIN,BJK,V. Brown,33,,,,,,BS,,BESIKTAS GAIN V. BROWN block,,,,,,,,,0,14,1.0,,0,5,0,4
07:08,07:08:00,5,4,1,1,1,REGULAR,71,D. DOTSON,1,rebound,57,54,[],defensive,0,1,Devon Durrell,Dotson,Devon Durrell,Dotson,D,D,D,D,D. Dotson,BESIKTAS GAIN,BJK,D. Dotson,1,,,,,,REB,,BESIKTAS GAIN rebound defensive,,,,,,,,,0,14,1.0,def_reb,0,5,0,4
07:08,07:08:00,5,4,1,2,1,REGULAR,77,J. SMITH,1,foul,58,,[],personal,0,9,Jaleen Devon,Smith,Jaleen Devon,Smith,J,S,J,S,J. Smith,TÜRK TELEKOM,TTK,J. Smith,9,,,,,,FOUL,,TÜRK TELEKOM J. SMITH foul personal,,,,,,,,,0,15,2.0,,0,5,0,4
07:08,07:08:00,5,4,1,1,1,REGULAR,71,D. DOTSON,1,foulon,59,58,[],,0,1,Devon Durrell,Dotson,Devon Durrell,Dotson,D,D,D,D,D. Dotson,BESIKTAS GAIN,BJK,D. Dotson,1,,,,,,OTHER,,BESIKTAS GAIN foulon,,,,,,,,,0,15,2.0,,0,5,0,4
06:54,06:54:00,5,4,1,1,1,REGULAR,71,D. DOTSON,0,3pt,61,,[],jumpshot,1,1,Devon Durrell,Dotson,Devon Durrell,Dotson,D,D,D,D,D. Dotson,BESIKTAS GAIN,BJK,D. Dotson,1,,,78.160003662109,88.980003356934,0.0,P3,missed,BESIKTAS GAIN D. DOTSON 3Pt missed,,,,,,,,,0,15,2.0,def_reb,0,5,0,4
06:51,06:51:00,5,4,1,2,1,REGULAR,74,J. USHER,1,rebound,62,61,[],defensive,0,8,Jordan Emanuel ,Usher,Jordan Emanuel ,Usher,J,U,J,U,J. Usher,TÜRK TELEKOM,TTK,J. Usher,8,,,,,,REB,,TÜRK TELEKOM rebound defensive,,,,,,,,,0,16,1.0,def_reb,0,5,0,4
06:45,06:45:00,5,4,1,2,1,REGULAR,74,J. USHER,1,turnover,64,,[],travel,0,8,Jordan Emanuel ,Usher,Jordan Emanuel ,Usher,J,U,J,U,J. Usher,TÜRK TELEKOM,TTK,J. Usher,8,,,,,,TO,,TÜRK TELEKOM J. USHER turnover travel,,,,,,,,,0,17,2.0,turnover,0,5,0,4
06:20,06:20:00,5,4,1,2,1,REGULAR,78,K. BANKSTON,1,foul,69,,"['shooting', '2freethrow']",personal,0,30,Kristeon Lamar,Bankston,Kristeon Lamar,Bankston,K,B,K,B,K. Bankston,TÜRK TELEKOM,TTK,K. Bankston,30,,,,,,FOUL,,TÜRK TELEKOM K. BANKSTON foul personal,,,,,,,,,0,18,1.0,,0,5,0,4
06:20,06:20:00,5,4,1,1,1,REGULAR,62,A. ZIZIC,1,foulon,70,69,[],,0,41,Ante Toni,Zizic,Ante Toni,Zizic,A,Z,A,Z,A. Zizic,BESIKTAS GAIN,BJK,A. Zizic,41,,,,,,OTHER,,BESIKTAS GAIN foulon,,,,,,,,,0,18,1.0,,0,5,0,4
06:20,06:20:00,5,4,1,1,1,REGULAR,62,A. ZIZIC,0,freethrow,71,,['fromturnover'],1of2,1,41,Ante Toni,Zizic,Ante Toni,Zizic,A,Z,A,Z,A. Zizic,BESIKTAS GAIN,BJK,A. Zizic,41,,,,,,FT,missed,BESIKTAS GAIN A. ZIZIC FT 1of2 missed,,,,,,,,,0,18,1.0,def_reb,0,5,0,4
06:20,06:20:00,5,4,1,1,1,REGULAR,0,,1,rebound,72,71,[],offensivedeadball,0,,,,,,,,,,,BESIKTAS GAIN,BJK,,,,,,,,TREB,,BESIKTAS GAIN team rebound offensivedeadball,,,,,,,,,0,19,2.0,def_reb,0,5,0,4
06:20,06:20:00,6,4,2,1,1,REGULAR,62,A. ZIZIC,1,freethrow,73,,['fromturnover'],2of2,1,41,Ante Toni,Zizic,Ante Toni,Zizic,A,Z,A,Z,A. Zizic,BESIKTAS GAIN,BJK,A. Zizic,41,,,,,,FT,made,BESIKTAS GAIN A. ZIZIC FT 2of2 made,,,,,,,,,1,20,1.0,made_ft_last,1,6,0,4
06:03,06:03:00,6,6,0,2,1,REGULAR,74,J. USHER,1,2pt,75,,['pointsinthepaint'],hookshot,1,8,Jordan Emanuel ,Usher,Jordan Emanuel ,Usher,J,U,J,U,J. Usher,TÜRK TELEKOM,TTK,J. Usher,8,,,5.460000038147,48.310001373291,1.0,P2,made,TÜRK TELEKOM J. USHER 2Pt made,,,,,,,,,2,21,2.0,score,0,6,2,6
05:44,05:44:00,6,6,0,1,1,REGULAR,62,A. ZIZIC,1,turnover,76,,[],badpass,0,41,Ante Toni,Zizic,Ante Toni,Zizic,A,Z,A,Z,A. Zizic,BESIKTAS GAIN,BJK,A. Zizic,41,,,,,,TO,,BESIKTAS GAIN A. ZIZIC turnover badpass,,,,,,,,,0,22,1.0,turnover,0,6,0,6
05:44,05:44:00,6,6,0,2,1,REGULAR,74,J. USHER,1,steal,77,76,[],,0,8,Jordan Emanuel ,Usher,Jordan Emanuel ,Usher,J,U,J,U,J. Usher,TÜRK TELEKOM,TTK,J. Usher,8,,,,,,ST,,TÜRK TELEKOM J. USHER steal,,,,,,,,,0,23,2.0,,0,6,0,6
05:37,05:37:00,6,6,0,2,1,REGULAR,5,D. ÖZDEMIROGLU,0,2pt,78,,"['fromturnover', 'pointsinthepaint']",layup,1,18,Dogus,Özdemiroglu,Dogus,Özdemiroglu,D,Ö,D,Ö,D. Özdemiroglu,TÜRK TELEKOM,TTK,D. Özdemiroglu,18,,,6.710000038147,41.240001678467,0.0,P2,missed,TÜRK TELEKOM D. ÖZDEMIROGLU 2Pt missed,,,,,,,,,0,23,2.0,def_reb,0,6,0,6
05:35,05:35:00,6,6,0,1,1,REGULAR,62,A. ZIZIC,1,rebound,79,78,[],defensive,0,41,Ante Toni,Zizic,Ante Toni,Zizic,A,Z,A,Z,A. Zizic,BESIKTAS GAIN,BJK,A. Zizic,41,,,,,,REB,,BESIKTAS GAIN rebound defensive,,,,,,,,,0,24,1.0,def_reb,0,6,0,6
05:23,05:23:00,6,6,0,1,1,REGULAR,71,D. DOTSON,0,2pt,80,,[],hookshot,1,1,Devon Durrell,Dotson,Devon Durrell,Dotson,D,D,D,D,D. Dotson,BESIKTAS GAIN,BJK,D. Dotson,1,,,95.319999694824,31.920000076294,0.0,P2,missed,BESIKTAS GAIN D. DOTSON 2Pt missed,,,,,,,,,0,25,2.0,def_reb,0,6,0,6
05:20,05:20:00,6,6,0,2,1,REGULAR,7,B. DURMAZ,1,rebound,81,80,[],defensive,0,3,Berkan,Durmaz,Berkan,Durmaz,B,D,B,D,B. Durmaz,TÜRK TELEKOM,TTK,B. Durmaz,3,,,,,,REB,,TÜRK TELEKOM rebound defensive,,,,,,,,,0,26,1.0,def_reb,0,6,0,6
05:06,05:06:00,6,6,0,1,1,REGULAR,74,Y. ARSLAN,1,foul,83,,"['shooting', '2freethrow']",personal,0,7,Yigit,Arslan,Yigit,Arslan,Y,A,Y,A,Y. Arslan,BESIKTAS GAIN,BJK,Y. Arslan,7,,,,,,FOUL,,BESIKTAS GAIN Y. ARSLAN foul personal,,,,,,,,,0,27,2.0,,0,6,0,6
05:06,05:06:00,6,6,0,2,1,REGULAR,78,K. BANKSTON,1,foulon,84,83,[],,0,30,Kristeon Lamar,Bankston,Kristeon Lamar,Bankston,K,B,K,B,K. Bankston,TÜRK TELEKOM,TTK,K. Bankston,30,,,,,,OTHER,,TÜRK TELEKOM foulon,,,,,,,,,0,27,2.0,,0,6,0,6
05:06,05:06:00,6,6,0,1,1,REGULAR,71,D. DOTSON,1,substitution,85,,[],out,0,1,Devon Durrell,Dotson,Devon Durrell,Dotson,D,D,D,D,D. Dotson,BESIKTAS GAIN,BJK,D. Dotson,1,,,,,,SUB,out,BESIKTAS GAIN substitution out,,,,,,,,,0,27,2.0,,0,6,0,6
05:06,05:06:00,6,6,0,1,1,REGULAR,74,Y. ARSLAN,1,substitution,86,,[],out,0,7,Yigit,Arslan,Yigit,Arslan,Y,A,Y,A,Y. Arslan,BESIKTAS GAIN,BJK,Y. Arslan,7,,,,,,SUB,out,BESIKTAS GAIN substitution out,,,,,,,,,0,27,2.0,,0,6,0,6
05:06,05:06:00,6,6,0,1,1,REGULAR,62,A. ZIZIC,1,substitution,87,,[],out,0,41,Ante Toni,Zizic,Ante Toni,Zizic,A,Z,A,Z,A. Zizic,BESIKTAS GAIN,BJK,A. Zizic,41,,,,,,SUB,out,BESIKTAS GAIN substitution out,,,,,,,,,0,27,2.0,,0,6,0,6
05:06,05:06:00,6,6,0,1,1,REGULAR,72,I. KAMAGATE,1,substitution,88,,[],in,0,4,Ismael Sindou,Kamagate,Ismael Sindou,Kamagate,I,K,I,K,I. Kamagate,BESIKTAS GAIN,BJK,I. Kamagate,4,,,,,,SUB,in,BESIKTAS GAIN substitution in,,,,,,,,,0,27,2.0,,0,6,0,6
05:06,05:06:00,6,6,0,1,1,REGULAR,75,B. UGURLU,1,substitution,89,,[],in,0,6,Berk Ibrahim,Ugurlu,Berk Ibrahim,Ugurlu,B,U,B,U,B. Ugurlu,BESIKTAS GAIN,BJK,B. Ugurlu,6,,,,,,SUB,in,BESIKTAS GAIN substitution in,,,,,,,,,0,27,2.0,,0,6,0,6
05:06,05:06:00,6,6,0,1,1,REGULAR,67,A. BROWN,1,substitution,90,,[],in,0,21,Anthony Lejohn,Brown,Anthony Lejohn,Brown,A,B,A,B,A. Brown,BESIKTAS GAIN,BJK,A. Brown,21,,,,,,SUB,in,BESIKTAS GAIN substitution in,,,,,,,,,0,27,2.0,,0,6,0,6
05:06,05:06:00,6,7,-1,2,1,REGULAR,78,K. BANKSTON,1,freethrow,91,,[],1of2,1,30,Kristeon Lamar,Bankston,Kristeon Lamar,Bankston,K,B,K,B,K. Bankston,TÜRK TELEKOM,TTK,K. Bankston,30,,,,,,FT,made,TÜRK TELEKOM K. BANKSTON FT 1of2 made,,,,,,,,,1,27,2.0,made_ft,0,6,1,7
05:06,05:06:00,6,7,-1,2,1,REGULAR,77,J. SMITH,1,assist,92,91,[],,0,9,Jaleen Devon,Smith,Jaleen Devon,Smith,J,S,J,S,J. Smith,TÜRK TELEKOM,TTK,J. Smith,9,,,,,,ASS,,TÜRK TELEKOM J. SMITH assist,,,,,,,,,0,28,1.0,,0,6,0,7
05:06,05:06:00,6,8,-2,2,1,REGULAR,78,K. BANKSTON,1,freethrow,93,,[],2of2,1,30,Kristeon Lamar,Bankston,Kristeon Lamar,Bankston,K,B,K,B,K. Bankston,TÜRK TELEKOM,TTK,K. Bankston,30,,,,,,FT,made,TÜRK TELEKOM K. BANKSTON FT 2of2 made,,,,,,,,,1,28,1.0,made_ft_last,0,6,1,8
04:49,04:49:00,6,8,-2,1,1,REGULAR,70,J. MATHEWS,0,2pt,95,,['pointsinthepaint'],fadeaway,1,0,Jonah Kenneth,Mathews,Jonah Kenneth,Mathews,J,M,J,M,J. Mathews,BESIKTAS GAIN,BJK,J. Mathews,0,,,92.819999694824,50.279998779297,0.0,P2,missed,BESIKTAS GAIN J. MATHEWS 2Pt missed,,,,,,,,,0,29,2.0,def_reb,0,6,0,8
04:46,04:46:00,6,8,-2,2,1,REGULAR,78,K. BANKSTON,1,rebound,96,95,[],defensive,0,30,Kristeon Lamar,Bankston,Kristeon Lamar,Bankston,K,B,K,B,K. Bankston,TÜRK TELEKOM,TTK,K. Bankston,30,,,,,,REB,,TÜRK TELEKOM rebound defensive,,,,,,,,,0,30,1.0,def_reb,0,6,0,8
04:43,04:43:00,6,10,-4,2,1,REGULAR,74,J. USHER,1,2pt,97,,"['pointsinthepaint', 'fastbreak']",layup,1,8,Jordan Emanuel ,Usher,Jordan Emanuel ,Usher,J,U,J,U,J. Usher,TÜRK TELEKOM,TTK,J. Usher,8,,,7.0199999809265,46.049999237061,1.0,P2,made,TÜRK TELEKOM J. USHER 2Pt made,77.0,2.0,J. SMITH,,,,,,2,31,2.0,score,0,6,2,10
04:43,04:43:00,6,10,-4,2,1,REGULAR,77,J. SMITH,1,assist,98,97,[],,0,9,Jaleen Devon,Smith,Jaleen Devon,Smith,J,S,J,S,J. Smith,TÜRK TELEKOM,TTK,J. Smith,9,,,,,,ASS,,TÜRK TELEKOM J. SMITH assist,,,,,,,,,0,32,1.0,,0,6,0,10
04:25,04:25:00,6,10,-4,2,1,REGULAR,7,B. DURMAZ,1,foul,100,,[],personal,0,3,Berkan,Durmaz,Berkan,Durmaz,B,D,B,D,B. Durmaz,TÜRK TELEKOM,TTK,B. Durmaz,3,,,,,,FOUL,,TÜRK TELEKOM B. DURMAZ foul personal,,,,,,,,,0,32,1.0,,0,6,0,10
04:25,04:25:00,6,10,-4,1,1,REGULAR,70,J. MATHEWS,1,foulon,101,100,[],,0,0,Jonah Kenneth,Mathews,Jonah Kenneth,Mathews,J,M,J,M,J. Mathews,BESIKTAS GAIN,BJK,J. Mathews,0,,,,,,OTHER,,BESIKTAS GAIN foulon,,,,,,,,,0,32,1.0,,0,6,0,10
04:25,04:25:00,6,10,-4,0,1,REGULAR,0,,1,timeout,102,,[],officials,0,,,,,,,,,,,,,,,,,,,,TIMEOUT,, timeout,,,,,,,,,0,32,1.0,,0,6,0,10
04:25,04:25:00,6,10,-4,2,1,REGULAR,5,D. ÖZDEMIROGLU,1,substitution,103,,[],out,0,18,Dogus,Özdemiroglu,Dogus,Özdemiroglu,D,Ö,D,Ö,D. Özdemiroglu,TÜRK TELEKOM,TTK,D. Özdemiroglu,18,,,,,,SUB,out,TÜRK TELEKOM substitution out,,,,,,,,,0,32,1.0,,0,6,0,10
04:25,04:25:00,6,10,-4,2,1,REGULAR,78,K. BANKSTON,1,substitution,104,,[],out,0,30,Kristeon Lamar,Bankston,Kristeon Lamar,Bankston,K,B,K,B,K. Bankston,TÜRK TELEKOM,TTK,K. Bankston,30,,,,,,SUB,out,TÜRK TELEKOM substitution out,,,,,,,,,0,32,1.0,,0,6,0,10
04:25,04:25:00,6,10,-4,2,1,REGULAR,75,K. ALLMAN,1,substitution,105,,[],in,0,1,Kyle Lindsay,Allman,Kyle Lindsay,Allman,K,A,K,A,K. Allman,TÜRK TELEKOM,TTK,K. Allman,1,,,,,,SUB,in,TÜRK TELEKOM substitution in,,,,,,,,,0,32,1.0,,0,6,0,10
04:25,04:25:00,6,10,-4,2,1,REGULAR,76,M. SIMONOVIC,1,substitution,106,,[],in,0,11,Marko,Simonovic,Marko,Simonovic,M,S,M,S,M. Simonovic,TÜRK TELEKOM,TTK,M. Simonovic,11,,,,,,SUB,in,TÜRK TELEKOM substitution in,,,,,,,,,0,32,1.0,,0,6,0,10
04:20,04:20:00,8,10,-2,1,1,REGULAR,67,A. BROWN,1,2pt,108,,['pointsinthepaint'],drivinglayup,1,21,Anthony Lejohn,Brown,Anthony Lejohn,Brown,A,B,A,B,A. Brown,BESIKTAS GAIN,BJK,A. Brown,21,,,93.449996948242,42.659999847412,1.0,P2,made,BESIKTAS GAIN A. BROWN 2Pt made,,,,,,,,,2,32,1.0,score,2,8,0,10
04:01,04:01:00,8,10,-2,2,1,REGULAR,76,M. SIMONOVIC,1,turnover,110,,[],badpass,0,11,Marko,Simonovic,Marko,Simonovic,M,S,M,S,M. Simonovic,TÜRK TELEKOM,TTK,M. Simonovic,11,,,,,,TO,,TÜRK TELEKOM M. SIMONOVIC turnover badpass,,,,,,,,,0,33,2.0,turnover,0,8,0,10
03:44,03:44:00,8,10,-2,1,1,REGULAR,72,I. KAMAGATE,0,2pt,112,,"['fromturnover', 'pointsinthepaint']",layup,1,4,Ismael Sindou,Kamagate,Ismael Sindou,Kamagate,I,K,I,K,I. Kamagate,BESIKTAS GAIN,BJK,I. Kamagate,4,,,92.199996948242,51.979999542236,0.0,P2,missed,BESIKTAS GAIN I. KAMAGATE 2Pt missed,,,,,,,,,0,34,1.0,def_reb,0,8,0,10
03:42,03:42:00,8,10,-2,2,1,REGULAR,75,K. ALLMAN,1,rebound,113,112,[],defensive,0,1,Kyle Lindsay,Allman,Kyle Lindsay,Allman,K,A,K,A,K. Allman,TÜRK TELEKOM,TTK,K. Allman,1,,,,,,REB,,TÜRK TELEKOM rebound defensive,,,,,,,,,0,35,2.0,def_reb,0,8,0,10
03:31,03:31:00,8,10,-2,1,1,REGULAR,75,B. UGURLU,1,foul,115,,"['shooting', '2freethrow']",personal,0,6,Berk Ibrahim,Ugurlu,Berk Ibrahim,Ugurlu,B,U,B,U,B. Ugurlu,BESIKTAS GAIN,BJK,B. Ugurlu,6,,,,,,FOUL,,BESIKTAS GAIN B. UGURLU foul personal,,,,,,,,,0,36,1.0,,0,8,0,10
03:31,03:31:00,8,10,-2,2,1,REGULAR,75,K. ALLMAN,1,foulon,116,115,[],,0,1,Kyle Lindsay,Allman,Kyle Lindsay,Allman,K,A,K,A,K. Allman,TÜRK TELEKOM,TTK,K. Allman,1,,,,,,OTHER,,TÜRK TELEKOM foulon,,,,,,,,,0,36,1.0,,0,8,0,10
03:31,03:31:00,8,10,-2,1,1,REGULAR,70,J. MATHEWS,1,substitution,117,,[],out,0,0,Jonah Kenneth,Mathews,Jonah Kenneth,Mathews,J,M,J,M,J. Mathews,BESIKTAS GAIN,BJK,J. Mathews,0,,,,,,SUB,out,BESIKTAS GAIN substitution out,,,,,,,,,0,36,1.0,,0,8,0,10
03:31,03:31:00,8,10,-2,1,1,REGULAR,68,V. BROWN,1,substitution,118,,[],out,0,33,Vittorio,Brown,Vittorio,Brown,V,B,V,B,V. Brown,BESIKTAS GAIN,BJK,V. Brown,33,,,,,,SUB,out,BESIKTAS GAIN substitution out,,,,,,,,,0,36,1.0,,0,8,0,10
03:31,03:31:00,8,10,-2,1,1,REGULAR,66,B. LEMAR,1,substitution,119,,[],in,0,11,Brynton Jevon,Lemar,Brynton Jevon,Lemar,B,L,B,L,B. Lemar,BESIKTAS GAIN,BJK,B. Lemar,11,,,,,,SUB,in,BESIKTAS GAIN substitution in,,,,,,,,,0,36,1.0,,0,8,0,10
03:31,03:31:00,8,10,-2,1,1,REGULAR,76,C. KUS,1,substitution,120,,[],in,0,12,Canberk,Kus,Canberk,Kus,C,K,C,K,C. Kus,BESIKTAS GAIN,BJK,C. Kus,12,,,,,,SUB,in,BESIKTAS GAIN substitution in,,,,,,,,,0,36,1.0,,0,8,0,10
03:31,03:31:00,8,10,-2,2,1,REGULAR,7,B. DURMAZ,1,substitution,121,,[],out,0,3,Berkan,Durmaz,Berkan,Durmaz,B,D,B,D,B. Durmaz,TÜRK TELEKOM,TTK,B. Durmaz,3,,,,,,SUB,out,TÜRK TELEKOM substitution out,,,,,,,,,0,36,1.0,,0,8,0,10
03:31,03:31:00,8,10,-2,2,1,REGULAR,74,J. USHER,1,substitution,122,,[],out,0,8,Jordan Emanuel ,Usher,Jordan Emanuel ,Usher,J,U,J,U,J. Usher,TÜRK TELEKOM,TTK,J. Usher,8,,,,,,SUB,out,TÜRK TELEKOM substitution out,,,,,,,,,0,36,1.0,,0,8,0,10
03:31,03:31:00,8,10,-2,2,1,REGULAR,80,M. DEVOE,1,substitution,123,,[],in,0,0,Michael Jaden,Devoe,Michael Jaden,Devoe,M,D,M,D,M. Devoe,TÜRK TELEKOM,TTK,M. Devoe,0,,,,,,SUB,in,TÜRK TELEKOM substitution in,,,,,,,,,0,36,1.0,,0,8,0,10
03:31,03:31:00,8,10,-2,2,1,REGULAR,8,Y. GÜLTEKIN,1,substitution,124,,[],in,0,19,Yavuz,Gültekin,Yavuz,Gültekin,Y,G,Y,G,Y. Gültekin,TÜRK TELEKOM,TTK,Y. Gültekin,19,,,,,,SUB,in,TÜRK TELEKOM substitution in,,,,,,,,,0,36,1.0,,0,8,0,10
03:31,03:31:00,8,10,-2,2,1,REGULAR,75,K. ALLMAN,0,freethrow,125,,[],1of2,1,1,Kyle Lindsay,Allman,Kyle Lindsay,Allman,K,A,K,A,K. Allman,TÜRK TELEKOM,TTK,K. Allman,1,,,,,,FT,missed,TÜRK TELEKOM K. ALLMAN FT 1of2 missed,,,,,,,,,0,36,1.0,def_reb,0,8,0,10
03:31,03:31:00,8,10,-2,2,1,REGULAR,0,,1,rebound,126,125,[],offensivedeadball,0,,,,,,,,,,,TÜRK TELEKOM,TTK,,,,,,,,TREB,,TÜRK TELEKOM team rebound offensivedeadball,,,,,,,,,0,37,2.0,def_reb,0,8,0,10
03:31,03:31:00,8,11,-3,2,1,REGULAR,75,K. ALLMAN,1,freethrow,127,,[],2of2,1,1,Kyle Lindsay,Allman,Kyle Lindsay,Allman,K,A,K,A,K. Allman,TÜRK TELEKOM,TTK,K. Allman,1,,,,,,FT,made,TÜRK TELEKOM K. ALLMAN FT 2of2 made,,,,,,,,,1,38,1.0,made_ft_last,0,8,1,11
03:23,03:23:00,8,11,-3,2,1,REGULAR,77,J. SMITH,1,foul,134,,"['shooting', '2freethrow']",personal,0,9,Jaleen Devon,Smith,Jaleen Devon,Smith,J,S,J,S,J. Smith,TÜRK TELEKOM,TTK,J. Smith,9,,,,,,FOUL,,TÜRK TELEKOM J. SMITH foul personal,,,,,,,,,0,39,2.0,,0,8,0,11
03:23,03:23:00,8,11,-3,1,1,REGULAR,66,B. LEMAR,1,foulon,135,134,[],,0,11,Brynton Jevon,Lemar,Brynton Jevon,Lemar,B,L,B,L,B. Lemar,BESIKTAS GAIN,BJK,B. Lemar,11,,,,,,OTHER,,BESIKTAS GAIN foulon,,,,,,,,,0,39,2.0,,0,8,0,11
03:23,03:23:00,8,11,-3,1,1,REGULAR,66,B. LEMAR,0,freethrow,136,,[],1of2,1,11,Brynton Jevon,Lemar,Brynton Jevon,Lemar,B,L,B,L,B. Lemar,BESIKTAS GAIN,BJK,B. Lemar,11,,,,,,FT,missed,BESIKTAS GAIN B. LEMAR FT 1of2 missed,,,,,,,,,0,39,2.0,def_reb,0,8,0,11
03:23,03:23:00,8,11,-3,1,1,REGULAR,0,,1,rebound,137,136,[],offensivedeadball,0,,,,,,,,,,,BESIKTAS GAIN,BJK,,,,,,,,TREB,,BESIKTAS GAIN team rebound offensivedeadball,,,,,,,,,0,40,1.0,def_reb,0,8,0,11
03:23,03:23:00,8,11,-3,1,1,REGULAR,66,B. LEMAR,0,freethrow,138,,[],2of2,1,11,Brynton Jevon,Lemar,Brynton Jevon,Lemar,B,L,B,L,B. Lemar,BESIKTAS GAIN,BJK,B. Lemar,11,,,,,,FT,missed,BESIKTAS GAIN B. LEMAR FT 2of2 missed,,,,,,,,,0,41,2.0,,0,8,0,11
03:23,03:23:00,8,11,-3,1,1,REGULAR,76,C. KUS,1,rebound,140,138,[],offensive,0,12,Canberk,Kus,Canberk,Kus,C,K,C,K,C. Kus,BESIKTAS GAIN,BJK,C. Kus,12,,,,,,REB,,BESIKTAS GAIN rebound offensive,,,,,,,,,0,41,2.0,,0,8,0,11
03:21,03:21:00,10,11,-1,1,1,REGULAR,66,B. LEMAR,1,2pt,141,,"['2ndchance', 'pointsinthepaint']",layup,1,11,Brynton Jevon,Lemar,Brynton Jevon,Lemar,B,L,B,L,B. Lemar,BESIKTAS GAIN,BJK,B. Lemar,11,,,90.169998168945,43.790000915527,1.0,P2,made,BESIKTAS GAIN B. LEMAR 2Pt made,76.0,1.0,C. KUS,,,,,,2,41,2.0,score,2,10,0,11
03:21,03:21:00,10,11,-1,1,1,REGULAR,76,C. KUS,1,assist,142,141,[],,0,12,Canberk,Kus,Canberk,Kus,C,K,C,K,C. Kus,BESIKTAS GAIN,BJK,C. Kus,12,,,,,,ASS,,BESIKTAS GAIN C. KUS assist,,,,,,,,,0,42,1.0,,0,10,0,11
03:13,03:13:00,10,13,-3,2,1,REGULAR,8,Y. GÜLTEKIN,1,2pt,143,,['pointsinthepaint'],drivinglayup,1,19,Yavuz,Gültekin,Yavuz,Gültekin,Y,G,Y,G,Y. Gültekin,TÜRK TELEKOM,TTK,Y. Gültekin,19,,,3.2799999713898,44.919998168945,1.0,P2,made,TÜRK TELEKOM Y. GÜLTEKIN 2Pt made,,,,,,,,,2,42,1.0,score,0,10,2,13
02:56,02:56:00,10,13,-3,1,1,REGULAR,72,I. KAMAGATE,1,foul,145,,[],offensive,0,4,Ismael Sindou,Kamagate,Ismael Sindou,Kamagate,I,K,I,K,I. Kamagate,BESIKTAS GAIN,BJK,I. Kamagate,4,,,,,,RFOUL,,BESIKTAS GAIN I. KAMAGATE foul offensive,,,,,,,,,0,43,2.0,offensive_foul,0,10,0,13
02:56,02:56:00,10,13,-3,1,1,REGULAR,72,I. KAMAGATE,1,turnover,146,145,[],offensive,0,4,Ismael Sindou,Kamagate,Ismael Sindou,Kamagate,I,K,I,K,I. Kamagate,BESIKTAS GAIN,BJK,I. Kamagate,4,,,,,,TO,,BESIKTAS GAIN I. KAMAGATE turnover offensive,,,,,,,,,0,44,1.0,turnover,0,10,0,13
02:56,02:56:00,10,13,-3,2,1,REGULAR,75,K. ALLMAN,1,foulon,147,145,[],,0,1,Kyle Lindsay,Allman,Kyle Lindsay,Allman,K,A,K,A,K. Allman,TÜRK TELEKOM,TTK,K. Allman,1,,,,,,OTHER,,TÜRK TELEKOM foulon,,,,,,,,,0,45,2.0,,0,10,0,13
02:56,02:56:00,10,13,-3,2,1,REGULAR,77,J. SMITH,1,substitution,148,,[],out,0,9,Jaleen Devon,Smith,Jaleen Devon,Smith,J,S,J,S,J. Smith,TÜRK TELEKOM,TTK,J. Smith,9,,,,,,SUB,out,TÜRK TELEKOM substitution out,,,,,,,,,0,45,2.0,,0,10,0,13
02:56,02:56:00,10,13,-3,2,1,REGULAR,3,A. KAHRAMAN,1,substitution,149,,[],in,0,6,Ata,Kahraman,Ata,Kahraman,A,K,A,K,A. Kahraman,TÜRK TELEKOM,TTK,A. Kahraman,6,,,,,,SUB,in,TÜRK TELEKOM substitution in,,,,,,,,,0,45,2.0,,0,10,0,13
02:38,02:38:00,10,13,-3,2,1,REGULAR,80,M. DEVOE,1,turnover,154,,[],travel,0,0,Michael Jaden,Devoe,Michael Jaden,Devoe,M,D,M,D,M. Devoe,TÜRK TELEKOM,TTK,M. Devoe,0,,,,,,TO,,TÜRK TELEKOM M. DEVOE turnover travel,,,,,,,,,0,45,2.0,turnover,0,10,0,13
02:21,02:21:00,13,13,0,1,1,REGULAR,76,C. KUS,1,3pt,156,,['fromturnover'],jumpshot,1,12,Canberk,Kus,Canberk,Kus,C,K,C,K,C. Kus,BESIKTAS GAIN,BJK,C. Kus,12,,,75.980003356934,83.900001525879,1.0,P3,made,BESIKTAS GAIN C. KUS 3Pt made,75.0,1.0,B. UGURLU,,,,,,3,46,1.0,score,3,13,0,13
02:21,02:21:00,13,13,0,1,1,REGULAR,75,B. UGURLU,1,assist,157,156,[],,0,6,Berk Ibrahim,Ugurlu,Berk Ibrahim,Ugurlu,B,U,B,U,B. Ugurlu,BESIKTAS GAIN,BJK,B. Ugurlu,6,,,,,,ASS,,BESIKTAS GAIN B. UGURLU assist,,,,,,,,,0,47,2.0,,0,13,0,13
02:04,02:04:00,13,13,0,1,1,REGULAR,75,B. UGURLU,1,foul,159,,"['shooting', '2freethrow']",personal,0,6,Berk Ibrahim,Ugurlu,Berk Ibrahim,Ugurlu,B,U,B,U,B. Ugurlu,BESIKTAS GAIN,BJK,B. Ugurlu,6,,,,,,FOUL,,BESIKTAS GAIN B. UGURLU foul personal,,,,,,,,,0,47,2.0,,0,13,0,13
02:04,02:04:00,13,13,0,2,1,REGULAR,75,K. ALLMAN,1,foulon,160,159,[],,0,1,Kyle Lindsay,Allman,Kyle Lindsay,Allman,K,A,K,A,K. Allman,TÜRK TELEKOM,TTK,K. Allman,1,,,,,,OTHER,,TÜRK TELEKOM foulon,,,,,,,,,0,47,2.0,,0,13,0,13
02:04,02:04:00,13,13,0,1,1,REGULAR,75,B. UGURLU,1,substitution,161,,[],out,0,6,Berk Ibrahim,Ugurlu,Berk Ibrahim,Ugurlu,B,U,B,U,B. Ugurlu,BESIKTAS GAIN,BJK,B. Ugurlu,6,,,,,,SUB,out,BESIKTAS GAIN substitution out,,,,,,,,,0,47,2.0,,0,13,0,13
02:04,02:04:00,13,13,0,1,1,REGULAR,71,D. DOTSON,1,substitution,162,,[],in,0,1,Devon Durrell,Dotson,Devon Durrell,Dotson,D,D,D,D,D. Dotson,BESIKTAS GAIN,BJK,D. Dotson,1,,,,,,SUB,in,BESIKTAS GAIN substitution in,,,,,,,,,0,47,2.0,,0,13,0,13
02:04,02:04:00,13,14,-1,2,1,REGULAR,75,K. ALLMAN,1,freethrow,163,,[],1of2,1,1,Kyle Lindsay,Allman,Kyle Lindsay,Allman,K,A,K,A,K. Allman,TÜRK TELEKOM,TTK,K. Allman,1,,,,,,FT,made,TÜRK TELEKOM K. ALLMAN FT 1of2 made,,,,,,,,,1,47,2.0,made_ft,0,13,1,14
02:04,02:04:00,13,15,-2,2,1,REGULAR,75,K. ALLMAN,1,freethrow,164,,[],2of2,1,1,Kyle Lindsay,Allman,Kyle Lindsay,Allman,K,A,K,A,K. Allman,TÜRK TELEKOM,TTK,K. Allman,1,,,,,,FT,made,TÜRK TELEKOM K. ALLMAN FT 2of2 made,,,,,,,,,1,48,1.0,made_ft_last,0,13,1,15
01:49,01:49:00,13,15,-2,1,1,REGULAR,72,I. KAMAGATE,1,turnover,166,,[],ballhandling,0,4,Ismael Sindou,Kamagate,Ismael Sindou,Kamagate,I,K,I,K,I. Kamagate,BESIKTAS GAIN,BJK,I. Kamagate,4,,,,,,TO,,BESIKTAS GAIN I. KAMAGATE turnover ballhandling,,,,,,,,,0,49,2.0,turnover,0,13,0,15
01:49,01:49:00,13,15,-2,2,1,REGULAR,3,A. KAHRAMAN,1,steal,167,166,[],,0,6,Ata,Kahraman,Ata,Kahraman,A,K,A,K,A. Kahraman,TÜRK TELEKOM,TTK,A. Kahraman,6,,,,,,ST,,TÜRK TELEKOM A. KAHRAMAN steal,,,,,,,,,0,50,1.0,,0,13,0,15
01:40,01:40:00,13,17,-4,2,1,REGULAR,3,A. KAHRAMAN,1,2pt,168,,"['fromturnover', 'pointsinthepaint']",layup,1,6,Ata,Kahraman,Ata,Kahraman,A,K,A,K,A. Kahraman,TÜRK TELEKOM,TTK,A. Kahraman,6,,,7.4899997711182,35.029998779297,1.0,P2,made,TÜRK TELEKOM A. KAHRAMAN 2Pt made,8.0,2.0,Y. GÜLTEKIN,,,,,,2,50,1.0,score,0,13,2,17
01:40,01:40:00,13,17,-4,2,1,REGULAR,8,Y. GÜLTEKIN,1,assist,170,168,[],,0,19,Yavuz,Gültekin,Yavuz,Gültekin,Y,G,Y,G,Y. Gültekin,TÜRK TELEKOM,TTK,Y. Gültekin,19,,,,,,ASS,,TÜRK TELEKOM Y. GÜLTEKIN assist,,,,,,,,,0,51,2.0,,0,13,0,17
01:38,01:38:00,13,17,-4,1,1,REGULAR,0,,1,timeout,173,,[],full,0,,,,,,,,,,,BESIKTAS GAIN,BJK,,,,,,,,TIMEOUT,,BESIKTAS GAIN timeout,,,,,,,,,0,51,2.0,,0,13,0,17
01:22,01:22:00,16,17,-1,1,1,REGULAR,67,A. BROWN,1,3pt,175,,[],jumpshot,1,21,Anthony Lejohn,Brown,Anthony Lejohn,Brown,A,B,A,B,A. Brown,BESIKTAS GAIN,BJK,A. Brown,21,,,82.680000305176,92.089996337891,1.0,P3,made,BESIKTAS GAIN A. BROWN 3Pt made,71.0,1.0,D. DOTSON,,,,,,3,51,2.0,score,3,16,0,17
01:22,01:22:00,16,17,-1,1,1,REGULAR,71,D. DOTSON,1,assist,176,175,[],,0,1,Devon Durrell,Dotson,Devon Durrell,Dotson,D,D,D,D,D. Dotson,BESIKTAS GAIN,BJK,D. Dotson,1,,,,,,ASS,,BESIKTAS GAIN D. DOTSON assist,,,,,,,,,0,52,1.0,,0,16,0,17
00:58,00:58:60,16,17,-1,2,1,REGULAR,3,A. KAHRAMAN,0,3pt,177,,[],jumpshot,1,6,Ata,Kahraman,Ata,Kahraman,A,K,A,K,A. Kahraman,TÜRK TELEKOM,TTK,A. Kahraman,6,,,27.459999084473,27.120000839233,0.0,P3,missed,TÜRK TELEKOM A. KAHRAMAN 3Pt missed,,,,,,,,,0,52,1.0,def_reb,0,16,0,17
00:56,00:56:40,16,17,-1,1,1,REGULAR,72,I. KAMAGATE,1,rebound,178,177,[],defensive,0,4,Ismael Sindou,Kamagate,Ismael Sindou,Kamagate,I,K,I,K,I. Kamagate,BESIKTAS GAIN,BJK,I. Kamagate,4,,,,,,REB,,BESIKTAS GAIN rebound defensive,,,,,,,,,0,53,2.0,def_reb,0,16,0,17
00:48,00:48:60,16,17,-1,1,1,REGULAR,66,B. LEMAR,0,3pt,179,,[],jumpshot,1,11,Brynton Jevon,Lemar,Brynton Jevon,Lemar,B,L,B,L,B. Lemar,BESIKTAS GAIN,BJK,B. Lemar,11,,,85.180000305176,94.629997253418,0.0,P3,missed,BESIKTAS GAIN B. LEMAR 3Pt missed,,,,,,,,,0,54,1.0,def_reb,0,16,0,17
00:46,00:46:20,16,17,-1,2,1,REGULAR,80,M. DEVOE,1,rebound,180,179,[],defensive,0,0,Michael Jaden,Devoe,Michael Jaden,Devoe,M,D,M,D,M. Devoe,TÜRK TELEKOM,TTK,M. Devoe,0,,,,,,REB,,TÜRK TELEKOM rebound defensive,,,,,,,,,0,55,2.0,def_reb,0,16,0,17
00:36,00:36:40,16,19,-3,2,1,REGULAR,75,K. ALLMAN,1,2pt,181,,['pointsinthepaint'],layup,1,1,Kyle Lindsay,Allman,Kyle Lindsay,Allman,K,A,K,A,K. Allman,TÜRK TELEKOM,TTK,K. Allman,1,,,9.8299999237061,46.610000610352,1.0,P2,made,TÜRK TELEKOM K. ALLMAN 2Pt made,,,,,,,,,2,56,1.0,score,0,16,2,19
00:26,00:26:40,16,19,-3,1,1,REGULAR,71,D. DOTSON,0,2pt,182,,['pointsinthepaint'],layup,1,1,Devon Durrell,Dotson,Devon Durrell,Dotson,D,D,D,D,D. Dotson,BESIKTAS GAIN,BJK,D. Dotson,1,,,95.629997253418,48.310001373291,0.0,P2,missed,BESIKTAS GAIN D. DOTSON 2Pt missed,,,,,,,,,0,57,2.0,def_reb,0,16,0,19
00:23,00:23:80,16,19,-3,2,1,REGULAR,8,Y. GÜLTEKIN,1,rebound,183,182,[],defensive,0,19,Yavuz,Gültekin,Yavuz,Gültekin,Y,G,Y,G,Y. Gültekin,TÜRK TELEKOM,TTK,Y. Gültekin,19,,,,,,REB,,TÜRK TELEKOM rebound defensive,,,,,,,,,0,58,1.0,def_reb,0,16,0,19
00:18,00:18:50,16,19,-3,1,1,REGULAR,76,C. KUS,1,foul,185,,"['shooting', '2freethrow']",personal,0,12,Canberk,Kus,Canberk,Kus,C,K,C,K,C. Kus,BESIKTAS GAIN,BJK,C. Kus,12,,,,,,FOUL,,BESIKTAS GAIN C. KUS foul personal,,,,,,,,,0,59,2.0,,0,16,0,19
00:18,00:18:50,16,19,-3,2,1,REGULAR,76,M. SIMONOVIC,1,foulon,186,185,[],,0,11,Marko,Simonovic,Marko,Simonovic,M,S,M,S,M. Simonovic,TÜRK TELEKOM,TTK,M. Simonovic,11,,,,,,OTHER,,TÜRK TELEKOM foulon,,,,,,,,,0,59,2.0,,0,16,0,19
00:18,00:18:50,16,20,-4,2,1,REGULAR,76,M. SIMONOVIC,1,freethrow,187,,[],1of2,1,11,Marko,Simonovic,Marko,Simonovic,M,S,M,S,M. Simonovic,TÜRK TELEKOM,TTK,M. Simonovic,11,,,,,,FT,made,TÜRK TELEKOM M. SIMONOVIC FT 1of2 made,,,,,,,,,1,59,2.0,made_ft,0,16,1,20
00:18,00:18:50,16,21,-5,2,1,REGULAR,76,M. SIMONOVIC,1,freethrow,188,,[],2of2,1,11,Marko,Simonovic,Marko,Simonovic,M,S,M,S,M. Simonovic,TÜRK TELEKOM,TTK,M. Simonovic,11,,,,,,FT,made,TÜRK TELEKOM M. SIMONOVIC FT 2of2 made,,,,,,,,,1,60,1.0,made_ft_last,0,16,1,21
00:02,00:02:90,18,21,-3,1,1,REGULAR,67,A. BROWN,1,2pt,190,,[],jumpshot,1,21,Anthony Lejohn,Brown,Anthony Lejohn,Brown,A,B,A,B,A. Brown,BESIKTAS GAIN,BJK,A. Brown,21,,,83.309997558594,22.60000038147,1.0,P2,made,BESIKTAS GAIN A. BROWN 2Pt made,,,,,,,,,2,61,2.0,score,2,18,0,21
00:00,00:00:00,18,21,-3,0,1,REGULAR,0,,1,period,192,,['confirmed'],end,0,,,,,,,,,,,,,,,,,,,,OTHER,,period end,,,,,,,,,0,62,1.0,,0,18,0,21
10:00,10:00:00,18,21,-3,1,2,REGULAR,72,I. KAMAGATE,1,substitution,193,,[],out,0,4,Ismael Sindou,Kamagate,Ismael Sindou,Kamagate,I,K,I,K,I. Kamagate,BESIKTAS GAIN,BJK,I. Kamagate,4,,,,,,SUB,out,BESIKTAS GAIN substitution out,,,,,,,,,0,62,1.0,,0,18,0,21
10:00,10:00:00,18,21,-3,1,2,REGULAR,66,B. LEMAR,1,substitution,194,,[],out,0,11,Brynton Jevon,Lemar,Brynton Jevon,Lemar,B,L,B,L,B. Lemar,BESIKTAS GAIN,BJK,B. Lemar,11,,,,,,SUB,out,BESIKTAS GAIN substitution out,,,,,,,,,0,62,1.0,,0,18,0,21
10:00,10:00:00,18,21,-3,1,2,REGULAR,70,J. MATHEWS,1,substitution,195,,[],in,0,0,Jonah Kenneth,Mathews,Jonah Kenneth,Mathews,J,M,J,M,J. Mathews,BESIKTAS GAIN,BJK,J. Mathews,0,,,,,,SUB,in,BESIKTAS GAIN substitution in,,,,,,,,,0,62,1.0,,0,18,0,21
10:00,10:00:00,18,21,-3,1,2,REGULAR,62,A. ZIZIC,1,substitution,196,,[],in,0,41,Ante Toni,Zizic,Ante Toni,Zizic,A,Z,A,Z,A. Zizic,BESIKTAS GAIN,BJK,A. Zizic,41,,,,,,SUB,in,BESIKTAS GAIN substitution in,,,,,,,,,0,62,1.0,,0,18,0,21
10:00,10:00:00,18,21,-3,2,2,REGULAR,3,A. KAHRAMAN,1,substitution,197,,[],out,0,6,Ata,Kahraman,Ata,Kahraman,A,K,A,K,A. Kahraman,TÜRK TELEKOM,TTK,A. Kahraman,6,,,,,,SUB,out,TÜRK TELEKOM substitution out,,,,,,,,,0,62,1.0,,0,18,0,21
10:00,10:00:00,18,21,-3,2,2,REGULAR,76,M. SIMONOVIC,1,substitution,198,,[],out,0,11,Marko,Simonovic,Marko,Simonovic,M,S,M,S,M. Simonovic,TÜRK TELEKOM,TTK,M. Simonovic,11,,,,,,SUB,out,TÜRK TELEKOM substitution out,,,,,,,,,0,62,1.0,,0,18,0,21
10:00,10:00:00,18,21,-3,2,2,REGULAR,74,J. USHER,1,substitution,199,,[],in,0,8,Jordan Emanuel ,Usher,Jordan Emanuel ,Usher,J,U,J,U,J. Usher,TÜRK TELEKOM,TTK,J. Usher,8,,,,,,SUB,in,TÜRK TELEKOM substitution in,,,,,,,,,0,62,1.0,,0,18,0,21
10:00,10:00:00,18,21,-3,2,2,REGULAR,78,K. BANKSTON,1,substitution,200,,[],in,0,30,Kristeon Lamar,Bankston,Kristeon Lamar,Bankston,K,B,K,B,K. Bankston,TÜRK TELEKOM,TTK,K. Bankston,30,,,,,,SUB,in,TÜRK TELEKOM substitution in,,,,,,,,,0,62,1.0,,0,18,0,21
10:00,10:00:00,18,21,-3,0,2,REGULAR,0,,1,period,201,,[],start,0,,,,,,,,,,,,,,,,,,,,OTHER,,period start,,,,,,,,,0,62,1.0,,0,18,0,21
09:45,09:45:00,20,21,-1,1,2,REGULAR,62,A. ZIZIC,1,2pt,203,,['pointsinthepaint'],dunk,1,41,Ante Toni,Zizic,Ante Toni,Zizic,A,Z,A,Z,A. Zizic,BESIKTAS GAIN,BJK,A. Zizic,41,,,95.01000213623,47.180000305176,1.0,P2,made,BESIKTAS GAIN A. ZIZIC 2Pt made,71.0,1.0,D. DOTSON,,,,,,2,62,1.0,score,2,20,0,21
09:45,09:45:00,20,21,-1,1,2,REGULAR,71,D. DOTSON,1,assist,204,203,[],,0,1,Devon Durrell,Dotson,Devon Durrell,Dotson,D,D,D,D,D. Dotson,BESIKTAS GAIN,BJK,D. Dotson,1,,,,,,ASS,,BESIKTAS GAIN D. DOTSON assist,,,,,,,,,0,63,2.0,,0,20,0,21
09:24,09:24:00,20,21,-1,2,2,REGULAR,80,M. DEVOE,0,2pt,205,,['pointsinthepaint'],jumpshot,1,0,Michael Jaden,Devoe,Michael Jaden,Devoe,M,D,M,D,M. Devoe,TÜRK TELEKOM,TTK,M. Devoe,0,,,8.4200000762939,50.279998779297,0.0,P2,missed,TÜRK TELEKOM M. DEVOE 2Pt missed,,,,,,,,,0,63,2.0,def_reb,0,20,0,21
09:21,09:21:00,20,21,-1,1,2,REGULAR,71,D. DOTSON,1,rebound,206,205,[],defensive,0,1,Devon Durrell,Dotson,Devon Durrell,Dotson,D,D,D,D,D. Dotson,BESIKTAS GAIN,BJK,D. Dotson,1,,,,,,REB,,BESIKTAS GAIN rebound defensive,,,,,,,,,0,64,1.0,def_reb,0,20,0,21
09:17,09:17:00,22,21,1,1,2,REGULAR,76,C. KUS,1,2pt,207,,"['pointsinthepaint', 'fastbreak']",layup,1,12,Canberk,Kus,Canberk,Kus,C,K,C,K,C. Kus,BESIKTAS GAIN,BJK,C. Kus,12,,,93.919998168945,53.669998168945,1.0,P2,made,BESIKTAS GAIN C. KUS 2Pt made,62.0,1.0,A. ZIZIC,,,,,,2,65,2.0,score,2,22,0,21
09:17,09:17:00,22,21,1,1,2,REGULAR,62,A. ZIZIC,1,assist,208,207,[],,0,41,Ante Toni,Zizic,Ante Toni,Zizic,A,Z,A,Z,A. Zizic,BESIKTAS GAIN,BJK,A. Zizic,41,,,,,,ASS,,BESIKTAS GAIN A. ZIZIC assist,,,,,,,,,0,66,1.0,,0,22,0,21
09:00,09:00:00,22,21,1,1,2,REGULAR,76,C. KUS,1,foul,212,,[],personal,0,12,Canberk,Kus,Canberk,Kus,C,K,C,K,C. Kus,BESIKTAS GAIN,BJK,C. Kus,12,,,,,,FOUL,,BESIKTAS GAIN C. KUS foul personal,,,,,,,,,0,66,1.0,,0,22,0,21
09:00,09:00:00,22,21,1,2,2,REGULAR,8,Y. GÜLTEKIN,1,foulon,213,212,[],,0,19,Yavuz,Gültekin,Yavuz,Gültekin,Y,G,Y,G,Y. Gültekin,TÜRK TELEKOM,TTK,Y. Gültekin,19,,,,,,OTHER,,TÜRK TELEKOM foulon,,,,,,,,,0,66,1.0,,0,22,0,21
09:00,09:00:00,22,21,1,2,2,REGULAR,80,M. DEVOE,1,substitution,214,,[],out,0,0,Michael Jaden,Devoe,Michael Jaden,Devoe,M,D,M,D,M. Devoe,TÜRK TELEKOM,TTK,M. Devoe,0,,,,,,SUB,out,TÜRK TELEKOM substitution out,,,,,,,,,0,66,1.0,,0,22,0,21
09:00,09:00:00,22,21,1,2,2,REGULAR,5,D. ÖZDEMIROGLU,1,substitution,215,,[],in,0,18,Dogus,Özdemiroglu,Dogus,Özdemiroglu,D,Ö,D,Ö,D. Özdemiroglu,TÜRK TELEKOM,TTK,D. Özdemiroglu,18,,,,,,SUB,in,TÜRK TELEKOM substitution in,,,,,,,,,0,66,1.0,,0,22,0,21
08:51,08:51:00,22,21,1,2,2,REGULAR,75,K. ALLMAN,0,2pt,217,,[],pullupjumpshot,1,1,Kyle Lindsay,Allman,Kyle Lindsay,Allman,K,A,K,A,K. Allman,TÜRK TELEKOM,TTK,K. Allman,1,,,21.370000839233,28.809999465942,0.0,P2,missed,TÜRK TELEKOM K. ALLMAN 2Pt missed,,,,,,,,,0,66,1.0,,0,22,0,21
08:48,08:48:00,22,21,1,2,2,REGULAR,78,K. BANKSTON,1,rebound,218,217,[],offensive,0,30,Kristeon Lamar,Bankston,Kristeon Lamar,Bankston,K,B,K,B,K. Bankston,TÜRK TELEKOM,TTK,K. Bankston,30,,,,,,REB,,TÜRK TELEKOM rebound offensive,,,,,,,,,0,66,1.0,,0,22,0,21
08:47,08:47:00,22,21,1,1,2,REGULAR,76,C. KUS,1,foul,220,,[],personal,0,12,Canberk,Kus,Canberk,Kus,C,K,C,K,C. Kus,BESIKTAS GAIN,BJK,C. Kus,12,,,,,,FOUL,,BESIKTAS GAIN C. KUS foul personal,,,,,,,,,0,66,1.0,,0,22,0,21
08:47,08:47:00,22,21,1,2,2,REGULAR,5,D. ÖZDEMIROGLU,1,foulon,221,220,[],,0,18,Dogus,Özdemiroglu,Dogus,Özdemiroglu,D,Ö,D,Ö,D. Özdemiroglu,TÜRK TELEKOM,TTK,D. Özdemiroglu,18,,,,,,OTHER,,TÜRK TELEKOM foulon,,,,,,,,,0,66,1.0,,0,22,0,21
08:47,08:47:00,22,21,1,1,2,REGULAR,76,C. KUS,1,substitution,222,,[],out,0,12,Canberk,Kus,Canberk,Kus,C,K,C,K,C. Kus,BESIKTAS GAIN,BJK,C. Kus,12,,,,,,SUB,out,BESIKTAS GAIN substitution out,,,,,,,,,0,66,1.0,,0,22,0,21
08:47,08:47:00,22,21,1,1,2,REGULAR,67,A. BROWN,1,substitution,223,,[],out,0,21,Anthony Lejohn,Brown,Anthony Lejohn,Brown,A,B,A,B,A. Brown,BESIKTAS GAIN,BJK,A. Brown,21,,,,,,SUB,out,BESIKTAS GAIN substitution out,,,,,,,,,0,66,1.0,,0,22,0,21
08:47,08:47:00,22,21,1,1,2,REGULAR,74,Y. ARSLAN,1,substitution,224,,[],in,0,7,Yigit,Arslan,Yigit,Arslan,Y,A,Y,A,Y. Arslan,BESIKTAS GAIN,BJK,Y. Arslan,7,,,,,,SUB,in,BESIKTAS GAIN substitution in,,,,,,,,,0,66,1.0,,0,22,0,21
08:47,08:47:00,22,21,1,1,2,REGULAR,68,V. BROWN,1,substitution,225,,[],in,0,33,Vittorio,Brown,Vittorio,Brown,V,B,V,B,V. Brown,BESIKTAS GAIN,BJK,V. Brown,33,,,,,,SUB,in,BESIKTAS GAIN substitution in,,,,,,,,,0,66,1.0,,0,22,0,21
08:40,08:40:00,22,21,1,2,2,REGULAR,5,D. ÖZDEMIROGLU,0,3pt,227,,['2ndchance'],jumpshot,1,18,Dogus,Özdemiroglu,Dogus,Özdemiroglu,D,Ö,D,Ö,D. Özdemiroglu,TÜRK TELEKOM,TTK,D. Özdemiroglu,18,,,23.870000839233,18.360000610352,0.0,P3,missed,TÜRK TELEKOM D. ÖZDEMIROGLU 3Pt missed,,,,,,,,,0,66,1.0,def_reb,0,22,0,21
08:37,08:37:00,22,21,1,1,2,REGULAR,70,J. MATHEWS,1,rebound,228,227,[],defensive,0,0,Jonah Kenneth,Mathews,Jonah Kenneth,Mathews,J,M,J,M,J. Mathews,BESIKTAS GAIN,BJK,J. Mathews,0,,,,,,REB,,BESIKTAS GAIN rebound defensive,,,,,,,,,0,67,2.0,def_reb,0,22,0,21
08:35,08:35:00,22,21,1,1,2,REGULAR,70,J. MATHEWS,0,2pt,229,,"['pointsinthepaint', 'blocked']",drivinglayup,1,0,Jonah Kenneth,Mathews,Jonah Kenneth,Mathews,J,M,J,M,J. Mathews,BESIKTAS GAIN,BJK,J. Mathews,0,,,91.419998168945,47.459999084473,0.0,P2,missed,BESIKTAS GAIN J. MATHEWS 2Pt missed,,,,5.0,2.0,D. ÖZDEMIROGLU,,,0,68,1.0,,0,22,0,21
08:35,08:35:00,22,21,1,2,2,REGULAR,5,D. ÖZDEMIROGLU,1,block,230,229,[],,0,18,Dogus,Özdemiroglu,Dogus,Özdemiroglu,D,Ö,D,Ö,D. Özdemiroglu,TÜRK TELEKOM,TTK,D. Özdemiroglu,18,,,,,,BS,,TÜRK TELEKOM D. ÖZDEMIROGLU block,,,,,,,,,0,68,1.0,,0,22,0,21
08:30,08:30:00,22,21,1,2,2,REGULAR,78,K. BANKSTON,1,rebound,231,229,[],defensive,0,30,Kristeon Lamar,Bankston,Kristeon Lamar,Bankston,K,B,K,B,K. Bankston,TÜRK TELEKOM,TTK,K. Bankston,30,,,,,,REB,,TÜRK TELEKOM rebound defensive,,,,,,,,,0,68,1.0,def_reb,0,22,0,21
08:26,08:26:00,22,23,-1,2,2,REGULAR,8,Y. GÜLTEKIN,1,2pt,232,,"['pointsinthepaint', 'fastbreak']",drivinglayup,1,19,Yavuz,Gültekin,Yavuz,Gültekin,Y,G,Y,G,Y. Gültekin,TÜRK TELEKOM,TTK,Y. Gültekin,19,,,7.8000001907349,53.669998168945,1.0,P2,made,TÜRK TELEKOM Y. GÜLTEKIN 2Pt made,,,,,,,,,2,69,2.0,score,0,22,2,23
08:08,08:08:00,22,23,-1,1,2,REGULAR,74,Y. ARSLAN,0,3pt,234,,[],jumpshot,1,7,Yigit,Arslan,Yigit,Arslan,Y,A,Y,A,Y. Arslan,BESIKTAS GAIN,BJK,Y. Arslan,7,,,75.660003662109,14.970000267029,0.0,P3,missed,BESIKTAS GAIN Y. ARSLAN 3Pt missed,,,,,,,,,0,70,1.0,def_reb,0,22,0,23
08:08,08:08:00,22,23,-1,1,2,REGULAR,0,,1,rebound,235,234,['team'],offensive,0,,,,,,,,,,,BESIKTAS GAIN,BJK,,,,,,,,TREB,,BESIKTAS GAIN team rebound offensive,,,,,,,,,0,71,2.0,def_reb,0,22,0,23
08:08,08:08:00,22,23,-1,2,2,REGULAR,78,K. BANKSTON,1,foul,236,,[],personal,0,30,Kristeon Lamar,Bankston,Kristeon Lamar,Bankston,K,B,K,B,K. Bankston,TÜRK TELEKOM,TTK,K. Bankston,30,,,,,,FOUL,,TÜRK TELEKOM K. BANKSTON foul personal,,,,,,,,,0,72,1.0,,0,22,0,23
08:08,08:08:00,22,23,-1,1,2,REGULAR,62,A. ZIZIC,1,foulon,237,236,[],,0,41,Ante Toni,Zizic,Ante Toni,Zizic,A,Z,A,Z,A. Zizic,BESIKTAS GAIN,BJK,A. Zizic,41,,,,,,OTHER,,BESIKTAS GAIN foulon,,,,,,,,,0,72,1.0,,0,22,0,23
08:08,08:08:00,22,23,-1,2,2,REGULAR,78,K. BANKSTON,1,substitution,238,,[],out,0,30,Kristeon Lamar,Bankston,Kristeon Lamar,Bankston,K,B,K,B,K. Bankston,TÜRK TELEKOM,TTK,K. Bankston,30,,,,,,SUB,out,TÜRK TELEKOM substitution out,,,,,,,,,0,72,1.0,,0,22,0,23
08:08,08:08:00,22,23,-1,2,2,REGULAR,76,M. SIMONOVIC,1,substitution,239,,[],in,0,11,Marko,Simonovic,Marko,Simonovic,M,S,M,S,M. Simonovic,TÜRK TELEKOM,TTK,M. Simonovic,11,,,,,,SUB,in,TÜRK TELEKOM substitution in,,,,,,,,,0,72,1.0,,0,22,0,23
07:58,07:58:00,24,23,1,1,2,REGULAR,70,J. MATHEWS,1,2pt,241,,['2ndchance'],stepbackjumpshot,1,0,Jonah Kenneth,Mathews,Jonah Kenneth,Mathews,J,M,J,M,J. Mathews,BESIKTAS GAIN,BJK,J. Mathews,0,,,78.940002441406,33.619998931885,1.0,P2,made,BESIKTAS GAIN J. MATHEWS 2Pt made,,,,,,,,,2,72,1.0,score,2,24,0,23
07:38,07:38:00,24,25,-1,2,2,REGULAR,76,M. SIMONOVIC,1,2pt,242,,['pointsinthepaint'],dunk,1,11,Marko,Simonovic,Marko,Simonovic,M,S,M,S,M. Simonovic,TÜRK TELEKOM,TTK,M. Simonovic,11,,,10.140000343323,48.020000457764,1.0,P2,made,TÜRK TELEKOM M. SIMONOVIC 2Pt made,75.0,2.0,K. ALLMAN,,,,,,2,73,2.0,score,0,24,2,25
07:38,07:38:00,24,25,-1,2,2,REGULAR,75,K. ALLMAN,1,assist,243,242,[],,0,1,Kyle Lindsay,Allman,Kyle Lindsay,Allman,K,A,K,A,K. Allman,TÜRK TELEKOM,TTK,K. Allman,1,,,,,,ASS,,TÜRK TELEKOM K. ALLMAN assist,,,,,,,,,0,74,1.0,,0,24,0,25
07:24,07:24:00,24,25,-1,1,2,REGULAR,71,D. DOTSON,0,3pt,244,,[],jumpshot,1,1,Devon Durrell,Dotson,Devon Durrell,Dotson,D,D,D,D,D. Dotson,BESIKTAS GAIN,BJK,D. Dotson,1,,,77.379997253418,84.75,0.0,P3,missed,BESIKTAS GAIN D. DOTSON 3Pt missed,,,,,,,,,0,74,1.0,def_reb,0,24,0,25
07:22,07:22:00,24,25,-1,2,2,REGULAR,5,D. ÖZDEMIROGLU,1,rebound,245,244,[],defensive,0,18,Dogus,Özdemiroglu,Dogus,Özdemiroglu,D,Ö,D,Ö,D. Özdemiroglu,TÜRK TELEKOM,TTK,D. Özdemiroglu,18,,,,,,REB,,TÜRK TELEKOM rebound defensive,,,,,,,,,0,75,2.0,def_reb,0,24,0,25
07:19,07:19:00,24,25,-1,2,2,REGULAR,5,D. ÖZDEMIROGLU,1,turnover,246,,[],badpass,0,18,Dogus,Özdemiroglu,Dogus,Özdemiroglu,D,Ö,D,Ö,D. Özdemiroglu,TÜRK TELEKOM,TTK,D. Özdemiroglu,18,,,,,,TO,,TÜRK TELEKOM D. ÖZDEMIROGLU turnover badpass,,,,,,,,,0,76,1.0,turnover,0,24,0,25
07:19,07:19:00,24,25,-1,1,2,REGULAR,70,J. MATHEWS,1,steal,247,246,[],,0,0,Jonah Kenneth,Mathews,Jonah Kenneth,Mathews,J,M,J,M,J. Mathews,BESIKTAS GAIN,BJK,J. Mathews,0,,,,,,ST,,BESIKTAS GAIN J. MATHEWS steal,,,,,,,,,0,77,2.0,,0,24,0,25
07:13,07:13:00,26,25,1,1,2,REGULAR,70,J. MATHEWS,1,2pt,248,,"['fromturnover', 'pointsinthepaint', 'fastbreak']",layup,1,0,Jonah Kenneth,Mathews,Jonah Kenneth,Mathews,J,M,J,M,J. Mathews,BESIKTAS GAIN,BJK,J. Mathews,0,,,94.849998474121,44.349998474121,1.0,P2,made,BESIKTAS GAIN J. MATHEWS 2Pt made,,,,,,,,,2,77,2.0,score,2,26,0,25
06:55,06:55:00,26,27,-1,2,2,REGULAR,75,K. ALLMAN,1,2pt,249,,['pointsinthepaint'],drivinglayup,1,1,Kyle Lindsay,Allman,Kyle Lindsay,Allman,K,A,K,A,K. Allman,TÜRK TELEKOM,TTK,K. Allman,1,,,9.0500001907349,53.389999389648,1.0,P2,made,TÜRK TELEKOM K. ALLMAN 2Pt made,,,,,,,,,2,78,1.0,score,0,26,2,27
06:38,06:38:00,26,27,-1,1,2,REGULAR,74,Y. ARSLAN,0,3pt,250,,[],jumpshot,1,7,Yigit,Arslan,Yigit,Arslan,Y,A,Y,A,Y. Arslan,BESIKTAS GAIN,BJK,Y. Arslan,7,,,73.480003356934,80.790000915527,0.0,P3,missed,BESIKTAS GAIN Y. ARSLAN 3Pt missed,,,,,,,,,0,79,2.0,def_reb,0,26,0,27
06:36,06:36:00,26,27,-1,2,2,REGULAR,76,M. SIMONOVIC,1,rebound,251,250,[],defensive,0,11,Marko,Simonovic,Marko,Simonovic,M,S,M,S,M. Simonovic,TÜRK TELEKOM,TTK,M. Simonovic,11,,,,,,REB,,TÜRK TELEKOM rebound defensive,,,,,,,,,0,80,1.0,def_reb,0,26,0,27
06:23,06:23:00,26,27,-1,2,2,REGULAR,74,J. USHER,0,3pt,252,,[],jumpshot,1,8,Jordan Emanuel ,Usher,Jordan Emanuel ,Usher,J,U,J,U,J. Usher,TÜRK TELEKOM,TTK,J. Usher,8,,,20.280000686646,11.579999923706,0.0,P3,missed,TÜRK TELEKOM J. USHER 3Pt missed,,,,,,,,,0,81,2.0,def_reb,0,26,0,27
06:23,06:23:00,26,27,-1,1,2,REGULAR,0,,1,rebound,254,252,['team'],defensive,0,,,,,,,,,,,BESIKTAS GAIN,BJK,,,,,,,,TREB,,BESIKTAS GAIN team rebound defensive,,,,,,,,,0,82,1.0,def_reb,0,26,0,27
06:23,06:23:00,26,27,-1,2,2,REGULAR,76,M. SIMONOVIC,1,substitution,255,,[],out,0,11,Marko,Simonovic,Marko,Simonovic,M,S,M,S,M. Simonovic,TÜRK TELEKOM,TTK,M. Simonovic,11,,,,,,SUB,out,TÜRK TELEKOM substitution out,,,,,,,,,0,83,2.0,,0,26,0,27
06:23,06:23:00,26,27,-1,2,2,REGULAR,8,Y. GÜLTEKIN,1,substitution,256,,[],out,0,19,Yavuz,Gültekin,Yavuz,Gültekin,Y,G,Y,G,Y. Gültekin,TÜRK TELEKOM,TTK,Y. Gültekin,19,,,,,,SUB,out,TÜRK TELEKOM substitution out,,,,,,,,,0,83,2.0,,0,26,0,27
06:23,06:23:00,26,27,-1,2,2,REGULAR,7,B. DURMAZ,1,substitution,257,,[],in,0,3,Berkan,Durmaz,Berkan,Durmaz,B,D,B,D,B. Durmaz,TÜRK TELEKOM,TTK,B. Durmaz,3,,,,,,SUB,in,TÜRK TELEKOM substitution in,,,,,,,,,0,83,2.0,,0,26,0,27
06:23,06:23:00,26,27,-1,2,2,REGULAR,6,E. KOSUT,1,substitution,258,,[],in,0,5,Emircan,Kosut,Emircan,Kosut,E,K,E,K,E. Kosut,TÜRK TELEKOM,TTK,E. Kosut,5,,,,,,SUB,in,TÜRK TELEKOM substitution in,,,,,,,,,0,83,2.0,,0,26,0,27
06:10,06:10:00,26,27,-1,2,2,REGULAR,6,E. KOSUT,1,foul,261,,"['shooting', '2freethrow']",personal,0,5,Emircan,Kosut,Emircan,Kosut,E,K,E,K,E. Kosut,TÜRK TELEKOM,TTK,E. Kosut,5,,,,,,FOUL,,TÜRK TELEKOM E. KOSUT foul personal,,,,,,,,,0,83,2.0,,0,26,0,27
06:10,06:10:00,26,27,-1,1,2,REGULAR,62,A. ZIZIC,1,foulon,262,261,[],,0,41,Ante Toni,Zizic,Ante Toni,Zizic,A,Z,A,Z,A. Zizic,BESIKTAS GAIN,BJK,A. Zizic,41,,,,,,OTHER,,BESIKTAS GAIN foulon,,,,,,,,,0,83,2.0,,0,26,0,27
06:10,06:10:00,26,27,-1,1,2,REGULAR,62,A. ZIZIC,0,freethrow,263,,[],1of2,1,41,Ante Toni,Zizic,Ante Toni,Zizic,A,Z,A,Z,A. Zizic,BESIKTAS GAIN,BJK,A. Zizic,41,,,,,,FT,missed,BESIKTAS GAIN A. ZIZIC FT 1of2 missed,,,,,,,,,0,83,2.0,def_reb,0,26,0,27
06:10,06:10:00,26,27,-1,1,2,REGULAR,0,,1,rebound,264,263,[],offensivedeadball,0,,,,,,,,,,,BESIKTAS GAIN,BJK,,,,,,,,TREB,,BESIKTAS GAIN team rebound offensivedeadball,,,,,,,,,0,84,1.0,def_reb,0,26,0,27
06:10,06:10:00,27,27,0,1,2,REGULAR,62,A. ZIZIC,1,freethrow,265,,[],2of2,1,41,Ante Toni,Zizic,Ante Toni,Zizic,A,Z,A,Z,A. Zizic,BESIKTAS GAIN,BJK,A. Zizic,41,,,,,,FT,made,BESIKTAS GAIN A. ZIZIC FT 2of2 made,,,,,,,,,1,85,2.0,made_ft_last,1,27,0,27
06:10,06:10:00,27,27,0,1,2,REGULAR,68,V. BROWN,1,assist,266,265,[],,0,33,Vittorio,Brown,Vittorio,Brown,V,B,V,B,V. Brown,BESIKTAS GAIN,BJK,V. Brown,33,,,,,,ASS,,BESIKTAS GAIN V. BROWN assist,,,,,,,,,0,86,1.0,,0,27,0,27
05:55,05:55:00,27,30,-3,2,2,REGULAR,75,K. ALLMAN,1,3pt,268,,[],jumpshot,1,1,Kyle Lindsay,Allman,Kyle Lindsay,Allman,K,A,K,A,K. Allman,TÜRK TELEKOM,TTK,K. Allman,1,,,29.950000762939,66.949996948242,1.0,P3,made,TÜRK TELEKOM K. ALLMAN 3Pt made,,,,,,,,,3,86,1.0,score,0,27,3,30
05:31,05:31:00,27,30,-3,1,2,REGULAR,68,V. BROWN,0,2pt,269,,[],jumpshot,1,33,Vittorio,Brown,Vittorio,Brown,V,B,V,B,V. Brown,BESIKTAS GAIN,BJK,V. Brown,33,,,92.360000610352,20.059999465942,0.0,P2,missed,BESIKTAS GAIN V. BROWN 2Pt missed,,,,,,,,,0,87,2.0,,0,27,0,30
05:28,05:28:00,27,30,-3,1,2,REGULAR,70,J. MATHEWS,1,rebound,270,269,[],offensive,0,0,Jonah Kenneth,Mathews,Jonah Kenneth,Mathews,J,M,J,M,J. Mathews,BESIKTAS GAIN,BJK,J. Mathews,0,,,,,,REB,,BESIKTAS GAIN rebound offensive,,,,,,,,,0,87,2.0,,0,27,0,30
05:26,05:26:00,27,30,-3,1,2,REGULAR,70,J. MATHEWS,1,turnover,271,,[],ballhandling,0,0,Jonah Kenneth,Mathews,Jonah Kenneth,Mathews,J,M,J,M,J. Mathews,BESIKTAS GAIN,BJK,J. Mathews,0,,,,,,TO,,BESIKTAS GAIN J. MATHEWS turnover ballhandling,,,,,,,,,0,87,2.0,turnover,0,27,0,30
05:26,05:26:00,27,30,-3,2,2,REGULAR,5,D. ÖZDEMIROGLU,1,steal,272,271,[],,0,18,Dogus,Özdemiroglu,Dogus,Özdemiroglu,D,Ö,D,Ö,D. Özdemiroglu,TÜRK TELEKOM,TTK,D. Özdemiroglu,18,,,,,,ST,,TÜRK TELEKOM D. ÖZDEMIROGLU steal,,,,,,,,,0,88,1.0,,0,27,0,30
05:14,05:14:00,27,30,-3,2,2,REGULAR,74,J. USHER,0,2pt,273,,['fromturnover'],fadeaway,1,8,Jordan Emanuel ,Usher,Jordan Emanuel ,Usher,J,U,J,U,J. Usher,TÜRK TELEKOM,TTK,J. Usher,8,,,4.6799998283386,28.530000686646,0.0,P2,missed,TÜRK TELEKOM J. USHER 2Pt missed,,,,,,,,,0,88,1.0,,0,27,0,30
05:11,05:11:00,27,30,-3,2,2,REGULAR,6,E. KOSUT,1,rebound,274,273,[],offensive,0,5,Emircan,Kosut,Emircan,Kosut,E,K,E,K,E. Kosut,TÜRK TELEKOM,TTK,E. Kosut,5,,,,,,REB,,TÜRK TELEKOM rebound offensive,,,,,,,,,0,88,1.0,,0,27,0,30
05:10,05:10:00,27,30,-3,2,2,REGULAR,5,D. ÖZDEMIROGLU,0,3pt,275,,"['2ndchance', 'fromturnover']",jumpshot,1,18,Dogus,Özdemiroglu,Dogus,Özdemiroglu,D,Ö,D,Ö,D. Özdemiroglu,TÜRK TELEKOM,TTK,D. Özdemiroglu,18,,,21.370000839233,87.849998474121,0.0,P3,missed,TÜRK TELEKOM D. ÖZDEMIROGLU 3Pt missed,,,,,,,,,0,88,1.0,,0,27,0,30
05:07,05:07:00,27,30,-3,2,2,REGULAR,7,B. DURMAZ,1,rebound,277,275,[],offensive,0,3,Berkan,Durmaz,Berkan,Durmaz,B,D,B,D,B. Durmaz,TÜRK TELEKOM,TTK,B. Durmaz,3,,,,,,REB,,TÜRK TELEKOM rebound offensive,,,,,,,,,0,88,1.0,,0,27,0,30
05:07,05:07:00,27,32,-5,2,2,REGULAR,7,B. DURMAZ,1,2pt,278,,"['2ndchance', 'fromturnover', 'pointsinthepaint']",tipinlayup,1,3,Berkan,Durmaz,Berkan,Durmaz,B,D,B,D,B. Durmaz,TÜRK TELEKOM,TTK,B. Durmaz,3,,,6.0,50.0,1.0,P2,made,TÜRK TELEKOM B. DURMAZ 2Pt made,,,,,,,,,2,88,1.0,score,0,27,2,32
05:07,05:07:00,27,32,-5,1,2,REGULAR,68,V. BROWN,1,foul,279,,"['shooting', '1freethrow']",personal,0,33,Vittorio,Brown,Vittorio,Brown,V,B,V,B,V. Brown,BESIKTAS GAIN,BJK,V. Brown,33,,,,,,FOUL,,BESIKTAS GAIN V. BROWN foul personal,,,,,,,,,0,89,2.0,,0,27,0,32
05:07,05:07:00,27,32,-5,2,2,REGULAR,7,B. DURMAZ,1,foulon,280,279,[],,0,3,Berkan,Durmaz,Berkan,Durmaz,B,D,B,D,B. Durmaz,TÜRK TELEKOM,TTK,B. Durmaz,3,,,,,,OTHER,,TÜRK TELEKOM foulon,,,,,,,,,0,89,2.0,,0,27,0,32
05:07,05:07:00,27,32,-5,1,2,REGULAR,0,,1,timeout,281,,[],full,0,,,,,,,,,,,BESIKTAS GAIN,BJK,,,,,,,,TIMEOUT,,BESIKTAS GAIN timeout,,,,,,,,,0,89,2.0,,0,27,0,32
05:07,05:07:00,27,32,-5,1,2,REGULAR,70,J. MATHEWS,1,substitution,282,,[],out,0,0,Jonah Kenneth,Mathews,Jonah Kenneth,Mathews,J,M,J,M,J. Mathews,BESIKTAS GAIN,BJK,J. Mathews,0,,,,,,SUB,out,BESIKTAS GAIN substitution out,,,,,,,,,0,89,2.0,,0,27,0,32
05:07,05:07:00,27,32,-5,1,2,REGULAR,71,D. DOTSON,1,substitution,283,,[],out,0,1,Devon Durrell,Dotson,Devon Durrell,Dotson,D,D,D,D,D. Dotson,BESIKTAS GAIN,BJK,D. Dotson,1,,,,,,SUB,out,BESIKTAS GAIN substitution out,,,,,,,,,0,89,2.0,,0,27,0,32
05:07,05:07:00,27,32,-5,1,2,REGULAR,74,Y. ARSLAN,1,substitution,284,,[],out,0,7,Yigit,Arslan,Yigit,Arslan,Y,A,Y,A,Y. Arslan,BESIKTAS GAIN,BJK,Y. Arslan,7,,,,,,SUB,out,BESIKTAS GAIN substitution out,,,,,,,,,0,89,2.0,,0,27,0,32
05:07,05:07:00,27,32,-5,1,2,REGULAR,75,B. UGURLU,1,substitution,285,,[],in,0,6,Berk Ibrahim,Ugurlu,Berk Ibrahim,Ugurlu,B,U,B,U,B. Ugurlu,BESIKTAS GAIN,BJK,B. Ugurlu,6,,,,,,SUB,in,BESIKTAS GAIN substitution in,,,,,,,,,0,89,2.0,,0,27,0,32
05:07,05:07:00,27,32,-5,1,2,REGULAR,66,B. LEMAR,1,substitution,286,,[],in,0,11,Brynton Jevon,Lemar,Brynton Jevon,Lemar,B,L,B,L,B. Lemar,BESIKTAS GAIN,BJK,B. Lemar,11,,,,,,SUB,in,BESIKTAS GAIN substitution in,,,,,,,,,0,89,2.0,,0,27,0,32
05:07,05:07:00,27,32,-5,1,2,REGULAR,67,A. BROWN,1,substitution,287,,[],in,0,21,Anthony Lejohn,Brown,Anthony Lejohn,Brown,A,B,A,B,A. Brown,BESIKTAS GAIN,BJK,A. Brown,21,,,,,,SUB,in,BESIKTAS GAIN substitution in,,,,,,,,,0,89,2.0,,0,27,0,32
05:07,05:07:00,27,32,-5,2,2,REGULAR,7,B. DURMAZ,0,freethrow,288,,"['2ndchance', 'fromturnover']",1of1,1,3,Berkan,Durmaz,Berkan,Durmaz,B,D,B,D,B. Durmaz,TÜRK TELEKOM,TTK,B. Durmaz,3,,,,,,FT,missed,TÜRK TELEKOM B. DURMAZ FT 1of1 missed,,,,,,,,,0,89,2.0,def_reb,0,27,0,32
05:07,05:07:00,27,32,-5,1,2,REGULAR,0,,1,rebound,289,288,['team'],defensive,0,,,,,,,,,,,BESIKTAS GAIN,BJK,,,,,,,,TREB,,BESIKTAS GAIN team rebound defensive,,,,,,,,,0,90,1.0,def_reb,0,27,0,32
04:46,04:46:00,27,32,-5,1,2,REGULAR,75,B. UGURLU,0,2pt,295,,['blocked'],jumpshot,1,6,Berk Ibrahim,Ugurlu,Berk Ibrahim,Ugurlu,B,U,B,U,B. Ugurlu,BESIKTAS GAIN,BJK,B. Ugurlu,6,,,77.069999694824,35.029998779297,0.0,P2,missed,BESIKTAS GAIN B. UGURLU 2Pt missed,,,,6.0,2.0,E. KOSUT,,,0,91,2.0,def_reb,0,27,0,32
04:46,04:46:00,27,32,-5,2,2,REGULAR,5,D. ÖZDEMIROGLU,1,rebound,296,295,[],defensive,0,18,Dogus,Özdemiroglu,Dogus,Özdemiroglu,D,Ö,D,Ö,D. Özdemiroglu,TÜRK TELEKOM,TTK,D. Özdemiroglu,18,,,,,,REB,,TÜRK TELEKOM rebound defensive,,,,,,,,,0,92,1.0,def_reb,0,27,0,32
04:28,04:28:00,27,32,-5,2,2,REGULAR,7,B. DURMAZ,0,3pt,297,,[],jumpshot,1,3,Berkan,Durmaz,Berkan,Durmaz,B,D,B,D,B. Durmaz,TÜRK TELEKOM,TTK,B. Durmaz,3,,,19.969999313354,11.859999656677,0.0,P3,missed,TÜRK TELEKOM B. DURMAZ 3Pt missed,,,,,,,,,0,93,2.0,def_reb,0,27,0,32
04:26,04:26:00,27,32,-5,1,2,REGULAR,75,B. UGURLU,1,rebound,298,297,[],defensive,0,6,Berk Ibrahim,Ugurlu,Berk Ibrahim,Ugurlu,B,U,B,U,B. Ugurlu,BESIKTAS GAIN,BJK,B. Ugurlu,6,,,,,,REB,,BESIKTAS GAIN rebound defensive,,,,,,,,,0,94,1.0,def_reb,0,27,0,32
04:17,04:17:00,30,32,-2,1,2,REGULAR,66,B. LEMAR,1,3pt,299,,['fastbreak'],jumpshot,1,11,Brynton Jevon,Lemar,Brynton Jevon,Lemar,B,L,B,L,B. Lemar,BESIKTAS GAIN,BJK,B. Lemar,11,,,93.76000213623,3.9500000476837,1.0,P3,made,BESIKTAS GAIN B. LEMAR 3Pt made,75.0,1.0,B. UGURLU,,,,,,3,95,2.0,score,3,30,0,32
04:17,04:17:00,30,32,-2,1,2,REGULAR,75,B. UGURLU,1,assist,300,299,[],,0,6,Berk Ibrahim,Ugurlu,Berk Ibrahim,Ugurlu,B,U,B,U,B. Ugurlu,BESIKTAS GAIN,BJK,B. Ugurlu,6,,,,,,ASS,,BESIKTAS GAIN B. UGURLU assist,,,,,,,,,0,96,1.0,,0,30,0,32
04:05,04:05:00,30,32,-2,2,2,REGULAR,75,K. ALLMAN,1,turnover,301,,[],ballhandling,0,1,Kyle Lindsay,Allman,Kyle Lindsay,Allman,K,A,K,A,K. Allman,TÜRK TELEKOM,TTK,K. Allman,1,,,,,,TO,,TÜRK TELEKOM K. ALLMAN turnover ballhandling,,,,,,,,,0,96,1.0,turnover,0,30,0,32
04:05,04:05:00,30,32,-2,1,2,REGULAR,67,A. BROWN,1,steal,302,301,[],,0,21,Anthony Lejohn,Brown,Anthony Lejohn,Brown,A,B,A,B,A. Brown,BESIKTAS GAIN,BJK,A. Brown,21,,,,,,ST,,BESIKTAS GAIN A. BROWN steal,,,,,,,,,0,97,2.0,,0,30,0,32
04:00,04:00:00,32,32,0,1,2,REGULAR,67,A. BROWN,1,2pt,304,,"['fromturnover', 'fastbreak']",pullupjumpshot,1,21,Anthony Lejohn,Brown,Anthony Lejohn,Brown,A,B,A,B,A. Brown,BESIKTAS GAIN,BJK,A. Brown,21,,,88.769996643066,72.319999694824,1.0,P2,made,BESIKTAS GAIN A. BROWN 2Pt made,,,,,,,,,2,97,2.0,score,2,32,0,32
03:59,03:59:00,32,32,0,2,2,REGULAR,0,,1,timeout,305,,[],full,0,,,,,,,,,,,TÜRK TELEKOM,TTK,,,,,,,,TIMEOUT,,TÜRK TELEKOM timeout,,,,,,,,,0,98,1.0,,0,32,0,32
04:46,04:46:00,27,32,-5,2,2,REGULAR,6,E. KOSUT,1,block,306,295,[],,0,5,Emircan,Kosut,Emircan,Kosut,E,K,E,K,E. Kosut,TÜRK TELEKOM,TTK,E. Kosut,5,,,,,,BS,,TÜRK TELEKOM E. KOSUT block,,,,,,,,,0,98,1.0,,0,32,0,32
03:59,03:59:00,32,32,0,2,2,REGULAR,75,K. ALLMAN,1,substitution,307,,[],out,0,1,Kyle Lindsay,Allman,Kyle Lindsay,Allman,K,A,K,A,K. Allman,TÜRK TELEKOM,TTK,K. Allman,1,,,,,,SUB,out,TÜRK TELEKOM substitution out,,,,,,,,,0,98,1.0,,0,32,0,32
03:59,03:59:00,32,32,0,2,2,REGULAR,7,B. DURMAZ,1,substitution,308,,[],out,0,3,Berkan,Durmaz,Berkan,Durmaz,B,D,B,D,B. Durmaz,TÜRK TELEKOM,TTK,B. Durmaz,3,,,,,,SUB,out,TÜRK TELEKOM substitution out,,,,,,,,,0,98,1.0,,0,32,0,32
03:59,03:59:00,32,32,0,2,2,REGULAR,6,E. KOSUT,1,substitution,309,,[],out,0,5,Emircan,Kosut,Emircan,Kosut,E,K,E,K,E. Kosut,TÜRK TELEKOM,TTK,E. Kosut,5,,,,,,SUB,out,TÜRK TELEKOM substitution out,,,,,,,,,0,98,1.0,,0,32,0,32
03:59,03:59:00,32,32,0,2,2,REGULAR,77,J. SMITH,1,substitution,310,,[],in,0,9,Jaleen Devon,Smith,Jaleen Devon,Smith,J,S,J,S,J. Smith,TÜRK TELEKOM,TTK,J. Smith,9,,,,,,SUB,in,TÜRK TELEKOM substitution in,,,,,,,,,0,98,1.0,,0,32,0,32
03:59,03:59:00,32,32,0,2,2,REGULAR,76,M. SIMONOVIC,1,substitution,311,,[],in,0,11,Marko,Simonovic,Marko,Simonovic,M,S,M,S,M. Simonovic,TÜRK TELEKOM,TTK,M. Simonovic,11,,,,,,SUB,in,TÜRK TELEKOM substitution in,,,,,,,,,0,98,1.0,,0,32,0,32
03:59,03:59:00,32,32,0,2,2,REGULAR,8,Y. GÜLTEKIN,1,substitution,312,,[],in,0,19,Yavuz,Gültekin,Yavuz,Gültekin,Y,G,Y,G,Y. Gültekin,TÜRK TELEKOM,TTK,Y. Gültekin,19,,,,,,SUB,in,TÜRK TELEKOM substitution in,,,,,,,,,0,98,1.0,,0,32,0,32
03:46,03:46:00,32,32,0,2,2,REGULAR,77,J. SMITH,0,2pt,314,,['pointsinthepaint'],layup,1,9,Jaleen Devon,Smith,Jaleen Devon,Smith,J,S,J,S,J. Smith,TÜRK TELEKOM,TTK,J. Smith,9,,,11.539999961853,55.369998931885,0.0,P2,missed,TÜRK TELEKOM J. SMITH 2Pt missed,,,,,,,,,0,98,1.0,def_reb,0,32,0,32
03:44,03:44:00,32,32,0,1,2,REGULAR,68,V. BROWN,1,rebound,315,314,[],defensive,0,33,Vittorio,Brown,Vittorio,Brown,V,B,V,B,V. Brown,BESIKTAS GAIN,BJK,V. Brown,33,,,,,,REB,,BESIKTAS GAIN rebound defensive,,,,,,,,,0,99,2.0,def_reb,0,32,0,32
03:40,03:40:00,32,32,0,2,2,REGULAR,5,D. ÖZDEMIROGLU,1,foul,317,,[],personal,0,18,Dogus,Özdemiroglu,Dogus,Özdemiroglu,D,Ö,D,Ö,D. Özdemiroglu,TÜRK TELEKOM,TTK,D. Özdemiroglu,18,,,,,,FOUL,,TÜRK TELEKOM D. ÖZDEMIROGLU foul personal,,,,,,,,,0,100,1.0,,0,32,0,32
03:40,03:40:00,32,32,0,1,2,REGULAR,75,B. UGURLU,1,foulon,318,317,[],,0,6,Berk Ibrahim,Ugurlu,Berk Ibrahim,Ugurlu,B,U,B,U,B. Ugurlu,BESIKTAS GAIN,BJK,B. Ugurlu,6,,,,,,OTHER,,BESIKTAS GAIN foulon,,,,,,,,,0,100,1.0,,0,32,0,32
03:35,03:35:00,32,32,0,1,2,REGULAR,62,A. ZIZIC,1,turnover,321,,[],ballhandling,0,41,Ante Toni,Zizic,Ante Toni,Zizic,A,Z,A,Z,A. Zizic,BESIKTAS GAIN,BJK,A. Zizic,41,,,,,,TO,,BESIKTAS GAIN A. ZIZIC turnover ballhandling,,,,,,,,,0,100,1.0,turnover,0,32,0,32
03:35,03:35:00,32,32,0,2,2,REGULAR,5,D. ÖZDEMIROGLU,1,substitution,322,,[],out,0,18,Dogus,Özdemiroglu,Dogus,Özdemiroglu,D,Ö,D,Ö,D. Özdemiroglu,TÜRK TELEKOM,TTK,D. Özdemiroglu,18,,,,,,SUB,out,TÜRK TELEKOM substitution out,,,,,,,,,0,101,2.0,,0,32,0,32
03:35,03:35:00,32,32,0,2,2,REGULAR,3,A. KAHRAMAN,1,substitution,323,,[],in,0,6,Ata,Kahraman,Ata,Kahraman,A,K,A,K,A. Kahraman,TÜRK TELEKOM,TTK,A. Kahraman,6,,,,,,SUB,in,TÜRK TELEKOM substitution in,,,,,,,,,0,101,2.0,,0,32,0,32
03:22,03:22:00,32,32,0,2,2,REGULAR,77,J. SMITH,0,2pt,325,,"['fromturnover', 'pointsinthepaint']",layup,1,9,Jaleen Devon,Smith,Jaleen Devon,Smith,J,S,J,S,J. Smith,TÜRK TELEKOM,TTK,J. Smith,9,,,5.9299998283386,48.869998931885,0.0,P2,missed,TÜRK TELEKOM J. SMITH 2Pt missed,,,,,,,,,0,101,2.0,,0,32,0,32
03:17,03:17:00,32,32,0,2,2,REGULAR,8,Y. GÜLTEKIN,1,rebound,326,325,[],offensive,0,19,Yavuz,Gültekin,Yavuz,Gültekin,Y,G,Y,G,Y. Gültekin,TÜRK TELEKOM,TTK,Y. Gültekin,19,,,,,,REB,,TÜRK TELEKOM rebound offensive,,,,,,,,,0,101,2.0,,0,32,0,32
03:12,03:12:00,32,32,0,2,2,REGULAR,3,A. KAHRAMAN,0,2pt,327,,"['2ndchance', 'fromturnover']",jumpshot,1,6,Ata,Kahraman,Ata,Kahraman,A,K,A,K,A. Kahraman,TÜRK TELEKOM,TTK,A. Kahraman,6,,,7.960000038147,92.660003662109,0.0,P2,missed,TÜRK TELEKOM A. KAHRAMAN 2Pt missed,,,,,,,,,0,101,2.0,def_reb,0,32,0,32
03:10,03:10:00,32,32,0,1,2,REGULAR,67,A. BROWN,1,rebound,328,327,[],defensive,0,21,Anthony Lejohn,Brown,Anthony Lejohn,Brown,A,B,A,B,A. Brown,BESIKTAS GAIN,BJK,A. Brown,21,,,,,,REB,,BESIKTAS GAIN rebound defensive,,,,,,,,,0,102,1.0,def_reb,0,32,0,32
02:56,02:56:00,34,32,2,1,2,REGULAR,75,B. UGURLU,1,2pt,329,,['pointsinthepaint'],eurostep,1,6,Berk Ibrahim,Ugurlu,Berk Ibrahim,Ugurlu,B,U,B,U,B. Ugurlu,BESIKTAS GAIN,BJK,B. Ugurlu,6,,,90.949996948242,51.979999542236,1.0,P2,made,BESIKTAS GAIN B. UGURLU 2Pt made,,,,,,,,,2,103,2.0,score,2,34,0,32
02:43,02:43:00,34,32,2,2,2,REGULAR,77,J. SMITH,1,turnover,330,,[],badpass,0,9,Jaleen Devon,Smith,Jaleen Devon,Smith,J,S,J,S,J. Smith,TÜRK TELEKOM,TTK,J. Smith,9,,,,,,TO,,TÜRK TELEKOM J. SMITH turnover badpass,,,,,,,,,0,104,1.0,turnover,0,34,0,32
02:43,02:43:00,34,32,2,1,2,REGULAR,62,A. ZIZIC,1,steal,331,330,[],,0,41,Ante Toni,Zizic,Ante Toni,Zizic,A,Z,A,Z,A. Zizic,BESIKTAS GAIN,BJK,A. Zizic,41,,,,,,ST,,BESIKTAS GAIN A. ZIZIC steal,,,,,,,,,0,105,2.0,,0,34,0,32
02:26,02:26:00,37,32,5,1,2,REGULAR,67,A. BROWN,1,3pt,332,,['fromturnover'],jumpshot,1,21,Anthony Lejohn,Brown,Anthony Lejohn,Brown,A,B,A,B,A. Brown,BESIKTAS GAIN,BJK,A. Brown,21,,,72.230003356934,80.230003356934,1.0,P3,made,BESIKTAS GAIN A. BROWN 3Pt made,,,,,,,,,3,105,2.0,score,3,37,0,32
01:59,01:59:00,37,32,5,2,2,REGULAR,76,M. SIMONOVIC,0,3pt,333,,[],jumpshot,1,11,Marko,Simonovic,Marko,Simonovic,M,S,M,S,M. Simonovic,TÜRK TELEKOM,TTK,M. Simonovic,11,,,31.360000610352,52.819999694824,0.0,P3,missed,TÜRK TELEKOM M. SIMONOVIC 3Pt missed,,,,,,,,,0,106,1.0,def_reb,0,37,0,32
01:56,01:56:00,37,32,5,1,2,REGULAR,66,B. LEMAR,1,rebound,334,333,[],defensive,0,11,Brynton Jevon,Lemar,Brynton Jevon,Lemar,B,L,B,L,B. Lemar,BESIKTAS GAIN,BJK,B. Lemar,11,,,,,,REB,,BESIKTAS GAIN rebound defensive,,,,,,,,,0,107,2.0,def_reb,0,37,0,32
01:43,01:43:00,39,32,7,1,2,REGULAR,66,B. LEMAR,1,2pt,335,,['pointsinthepaint'],drivinglayup,1,11,Brynton Jevon,Lemar,Brynton Jevon,Lemar,B,L,B,L,B. Lemar,BESIKTAS GAIN,BJK,B. Lemar,11,,,95.629997253418,46.330001831055,1.0,P2,made,BESIKTAS GAIN B. LEMAR 2Pt made,,,,,,,,,2,108,1.0,score,2,39,0,32
01:43,01:43:00,39,32,7,2,2,REGULAR,0,,1,timeout,338,,[],full,0,,,,,,,,,,,TÜRK TELEKOM,TTK,,,,,,,,TIMEOUT,,TÜRK TELEKOM timeout,,,,,,,,,0,109,2.0,,0,39,0,32
01:43,01:43:00,39,32,7,1,2,REGULAR,66,B. LEMAR,1,substitution,339,,[],out,0,11,Brynton Jevon,Lemar,Brynton Jevon,Lemar,B,L,B,L,B. Lemar,BESIKTAS GAIN,BJK,B. Lemar,11,,,,,,SUB,out,BESIKTAS GAIN substitution out,,,,,,,,,0,109,2.0,,0,39,0,32
01:43,01:43:00,39,32,7,1,2,REGULAR,62,A. ZIZIC,1,substitution,340,,[],out,0,41,Ante Toni,Zizic,Ante Toni,Zizic,A,Z,A,Z,A. Zizic,BESIKTAS GAIN,BJK,A. Zizic,41,,,,,,SUB,out,BESIKTAS GAIN substitution out,,,,,,,,,0,109,2.0,,0,39,0,32
01:43,01:43:00,39,32,7,1,2,REGULAR,70,J. MATHEWS,1,substitution,341,,[],in,0,0,Jonah Kenneth,Mathews,Jonah Kenneth,Mathews,J,M,J,M,J. Mathews,BESIKTAS GAIN,BJK,J. Mathews,0,,,,,,SUB,in,BESIKTAS GAIN substitution in,,,,,,,,,0,109,2.0,,0,39,0,32
01:43,01:43:00,39,32,7,1,2,REGULAR,72,I. KAMAGATE,1,substitution,342,,[],in,0,4,Ismael Sindou,Kamagate,Ismael Sindou,Kamagate,I,K,I,K,I. Kamagate,BESIKTAS GAIN,BJK,I. Kamagate,4,,,,,,SUB,in,BESIKTAS GAIN substitution in,,,,,,,,,0,109,2.0,,0,39,0,32
01:43,01:43:00,39,32,7,2,2,REGULAR,3,A. KAHRAMAN,1,substitution,343,,[],out,0,6,Ata,Kahraman,Ata,Kahraman,A,K,A,K,A. Kahraman,TÜRK TELEKOM,TTK,A. Kahraman,6,,,,,,SUB,out,TÜRK TELEKOM substitution out,,,,,,,,,0,109,2.0,,0,39,0,32
01:43,01:43:00,39,32,7,2,2,REGULAR,74,J. USHER,1,substitution,344,,[],out,0,8,Jordan Emanuel ,Usher,Jordan Emanuel ,Usher,J,U,J,U,J. Usher,TÜRK TELEKOM,TTK,J. Usher,8,,,,,,SUB,out,TÜRK TELEKOM substitution out,,,,,,,,,0,109,2.0,,0,39,0,32
01:43,01:43:00,39,32,7,2,2,REGULAR,8,Y. GÜLTEKIN,1,substitution,345,,[],out,0,19,Yavuz,Gültekin,Yavuz,Gültekin,Y,G,Y,G,Y. Gültekin,TÜRK TELEKOM,TTK,Y. Gültekin,19,,,,,,SUB,out,TÜRK TELEKOM substitution out,,,,,,,,,0,109,2.0,,0,39,0,32
01:43,01:43:00,39,32,7,2,2,REGULAR,75,K. ALLMAN,1,substitution,346,,[],in,0,1,Kyle Lindsay,Allman,Kyle Lindsay,Allman,K,A,K,A,K. Allman,TÜRK TELEKOM,TTK,K. Allman,1,,,,,,SUB,in,TÜRK TELEKOM substitution in,,,,,,,,,0,109,2.0,,0,39,0,32
01:43,01:43:00,39,32,7,2,2,REGULAR,5,D. ÖZDEMIROGLU,1,substitution,347,,[],in,0,18,Dogus,Özdemiroglu,Dogus,Özdemiroglu,D,Ö,D,Ö,D. Özdemiroglu,TÜRK TELEKOM,TTK,D. Özdemiroglu,18,,,,,,SUB,in,TÜRK TELEKOM substitution in,,,,,,,,,0,109,2.0,,0,39,0,32
01:43,01:43:00,39,32,7,2,2,REGULAR,78,K. BANKSTON,1,substitution,348,,[],in,0,30,Kristeon Lamar,Bankston,Kristeon Lamar,Bankston,K,B,K,B,K. Bankston,TÜRK TELEKOM,TTK,K. Bankston,30,,,,,,SUB,in,TÜRK TELEKOM substitution in,,,,,,,,,0,109,2.0,,0,39,0,32
01:29,01:29:00,39,32,7,1,2,REGULAR,67,A. BROWN,1,foul,351,,"['shooting', '2freethrow']",personal,0,21,Anthony Lejohn,Brown,Anthony Lejohn,Brown,A,B,A,B,A. Brown,BESIKTAS GAIN,BJK,A. Brown,21,,,,,,FOUL,,BESIKTAS GAIN A. BROWN foul personal,,,,,,,,,0,109,2.0,,0,39,0,32
01:29,01:29:00,39,32,7,2,2,REGULAR,5,D. ÖZDEMIROGLU,1,foulon,352,351,[],,0,18,Dogus,Özdemiroglu,Dogus,Özdemiroglu,D,Ö,D,Ö,D. Özdemiroglu,TÜRK TELEKOM,TTK,D. Özdemiroglu,18,,,,,,OTHER,,TÜRK TELEKOM foulon,,,,,,,,,0,109,2.0,,0,39,0,32
01:29,01:29:00,39,33,6,2,2,REGULAR,5,D. ÖZDEMIROGLU,1,freethrow,353,,[],1of2,1,18,Dogus,Özdemiroglu,Dogus,Özdemiroglu,D,Ö,D,Ö,D. Özdemiroglu,TÜRK TELEKOM,TTK,D. Özdemiroglu,18,,,,,,FT,made,TÜRK TELEKOM D. ÖZDEMIROGLU FT 1of2 made,,,,,,,,,1,109,2.0,made_ft,0,39,1,33
01:29,01:29:00,39,33,6,2,2,REGULAR,5,D. ÖZDEMIROGLU,0,freethrow,354,,[],2of2,1,18,Dogus,Özdemiroglu,Dogus,Özdemiroglu,D,Ö,D,Ö,D. Özdemiroglu,TÜRK TELEKOM,TTK,D. Özdemiroglu,18,,,,,,FT,missed,TÜRK TELEKOM D. ÖZDEMIROGLU FT 2of2 missed,,,,,,,,,0,110,1.0,def_reb,0,39,0,33
01:29,01:29:00,39,33,6,1,2,REGULAR,68,V. BROWN,1,rebound,356,354,[],defensive,0,33,Vittorio,Brown,Vittorio,Brown,V,B,V,B,V. Brown,BESIKTAS GAIN,BJK,V. Brown,33,,,,,,REB,,BESIKTAS GAIN rebound defensive,,,,,,,,,0,111,2.0,def_reb,0,39,0,33
01:15,01:15:00,39,33,6,1,2,REGULAR,75,B. UGURLU,0,2pt,359,,['pointsinthepaint'],layup,1,6,Berk Ibrahim,Ugurlu,Berk Ibrahim,Ugurlu,B,U,B,U,B. Ugurlu,BESIKTAS GAIN,BJK,B. Ugurlu,6,,,95.790000915527,47.180000305176,0.0,P2,missed,BESIKTAS GAIN B. UGURLU 2Pt missed,,,,,,,,,0,112,1.0,,0,39,0,33
01:13,01:13:00,39,33,6,1,2,REGULAR,72,I. KAMAGATE,1,rebound,360,359,[],offensive,0,4,Ismael Sindou,Kamagate,Ismael Sindou,Kamagate,I,K,I,K,I. Kamagate,BESIKTAS GAIN,BJK,I. Kamagate,4,,,,,,REB,,BESIKTAS GAIN rebound offensive,,,,,,,,,0,112,1.0,,0,39,0,33
01:07,01:07:00,39,33,6,1,2,REGULAR,70,J. MATHEWS,0,3pt,361,,['2ndchance'],jumpshot,1,0,Jonah Kenneth,Mathews,Jonah Kenneth,Mathews,J,M,J,M,J. Mathews,BESIKTAS GAIN,BJK,J. Mathews,0,,,72.230003356934,22.030000686646,0.0,P3,missed,BESIKTAS GAIN J. MATHEWS 3Pt missed,,,,,,,,,0,112,1.0,,0,39,0,33
01:05,01:05:00,39,33,6,1,2,REGULAR,72,I. KAMAGATE,1,rebound,362,361,[],offensive,0,4,Ismael Sindou,Kamagate,Ismael Sindou,Kamagate,I,K,I,K,I. Kamagate,BESIKTAS GAIN,BJK,I. Kamagate,4,,,,,,REB,,BESIKTAS GAIN rebound offensive,,,,,,,,,0,112,1.0,,0,39,0,33
01:04,01:04:00,39,33,6,1,2,REGULAR,72,I. KAMAGATE,0,2pt,363,,"['2ndchance', 'pointsinthepaint']",jumpshot,1,4,Ismael Sindou,Kamagate,Ismael Sindou,Kamagate,I,K,I,K,I. Kamagate,BESIKTAS GAIN,BJK,I. Kamagate,4,,,94.069999694824,50.0,0.0,P2,missed,BESIKTAS GAIN I. KAMAGATE 2Pt missed,,,,,,,,,0,112,1.0,,0,39,0,33
01:02,01:02:00,39,33,6,1,2,REGULAR,72,I. KAMAGATE,1,rebound,364,363,[],offensive,0,4,Ismael Sindou,Kamagate,Ismael Sindou,Kamagate,I,K,I,K,I. Kamagate,BESIKTAS GAIN,BJK,I. Kamagate,4,,,,,,REB,,BESIKTAS GAIN rebound offensive,,,,,,,,,0,112,1.0,,0,39,0,33
00:59,00:59:10,42,33,9,1,2,REGULAR,70,J. MATHEWS,1,3pt,365,,['2ndchance'],jumpshot,1,0,Jonah Kenneth,Mathews,Jonah Kenneth,Mathews,J,M,J,M,J. Mathews,BESIKTAS GAIN,BJK,J. Mathews,0,,,70.51000213623,32.490001678467,1.0,P3,made,BESIKTAS GAIN J. MATHEWS 3Pt made,75.0,1.0,B. UGURLU,,,,,,3,112,1.0,score,3,42,0,33
00:59,00:59:10,42,33,9,1,2,REGULAR,75,B. UGURLU,1,assist,366,365,[],,0,6,Berk Ibrahim,Ugurlu,Berk Ibrahim,Ugurlu,B,U,B,U,B. Ugurlu,BESIKTAS GAIN,BJK,B. Ugurlu,6,,,,,,ASS,,BESIKTAS GAIN B. UGURLU assist,,,,,,,,,0,113,2.0,,0,42,0,33
00:45,00:45:50,42,33,9,2,2,REGULAR,75,K. ALLMAN,1,turnover,368,,[],ballhandling,0,1,Kyle Lindsay,Allman,Kyle Lindsay,Allman,K,A,K,A,K. Allman,TÜRK TELEKOM,TTK,K. Allman,1,,,,,,TO,,TÜRK TELEKOM K. ALLMAN turnover ballhandling,,,,,,,,,0,113,2.0,turnover,0,42,0,33
00:45,00:45:50,42,33,9,2,2,REGULAR,76,M. SIMONOVIC,1,substitution,369,,[],out,0,11,Marko,Simonovic,Marko,Simonovic,M,S,M,S,M. Simonovic,TÜRK TELEKOM,TTK,M. Simonovic,11,,,,,,SUB,out,TÜRK TELEKOM substitution out,,,,,,,,,0,114,1.0,,0,42,0,33
00:45,00:45:50,42,33,9,2,2,REGULAR,7,B. DURMAZ,1,substitution,370,,[],in,0,3,Berkan,Durmaz,Berkan,Durmaz,B,D,B,D,B. Durmaz,TÜRK TELEKOM,TTK,B. Durmaz,3,,,,,,SUB,in,TÜRK TELEKOM substitution in,,,,,,,,,0,114,1.0,,0,42,0,33
00:33,00:33:50,42,33,9,1,2,REGULAR,68,V. BROWN,0,3pt,372,,['fromturnover'],jumpshot,1,33,Vittorio,Brown,Vittorio,Brown,V,B,V,B,V. Brown,BESIKTAS GAIN,BJK,V. Brown,33,,,71.449996948242,27.969999313354,0.0,P3,missed,BESIKTAS GAIN V. BROWN 3Pt missed,,,,,,,,,0,114,1.0,def_reb,0,42,0,33
00:31,00:31:50,42,33,9,1,2,REGULAR,0,,1,rebound,374,372,['team'],offensive,0,,,,,,,,,,,BESIKTAS GAIN,BJK,,,,,,,,TREB,,BESIKTAS GAIN team rebound offensive,,,,,,,,,0,115,2.0,def_reb,0,42,0,33
00:23,00:23:30,42,33,9,1,2,REGULAR,70,J. MATHEWS,1,turnover,376,,[],badpass,0,0,Jonah Kenneth,Mathews,Jonah Kenneth,Mathews,J,M,J,M,J. Mathews,BESIKTAS GAIN,BJK,J. Mathews,0,,,,,,TO,,BESIKTAS GAIN J. MATHEWS turnover badpass,,,,,,,,,0,116,1.0,turnover,0,42,0,33
00:23,00:23:30,42,33,9,2,2,REGULAR,78,K. BANKSTON,1,steal,377,376,[],,0,30,Kristeon Lamar,Bankston,Kristeon Lamar,Bankston,K,B,K,B,K. Bankston,TÜRK TELEKOM,TTK,K. Bankston,30,,,,,,ST,,TÜRK TELEKOM K. BANKSTON steal,,,,,,,,,0,117,2.0,,0,42,0,33
00:06,00:06:00,42,33,9,2,2,REGULAR,75,K. ALLMAN,0,2pt,378,,['fromturnover'],jumpshot,1,1,Kyle Lindsay,Allman,Kyle Lindsay,Allman,K,A,K,A,K. Allman,TÜRK TELEKOM,TTK,K. Allman,1,,,23.870000839233,24.010000228882,0.0,P2,missed,TÜRK TELEKOM K. ALLMAN 2Pt missed,,,,,,,,,0,117,2.0,def_reb,0,42,0,33
00:03,00:03:80,42,33,9,1,2,REGULAR,75,B. UGURLU,1,rebound,379,378,[],defensive,0,6,Berk Ibrahim,Ugurlu,Berk Ibrahim,Ugurlu,B,U,B,U,B. Ugurlu,BESIKTAS GAIN,BJK,B. Ugurlu,6,,,,,,REB,,BESIKTAS GAIN rebound defensive,,,,,,,,,0,118,1.0,def_reb,0,42,0,33
00:00,00:00:00,42,33,9,0,2,REGULAR,0,,1,period,383,,['confirmed'],end,0,,,,,,,,,,,,,,,,,,,,OTHER,,period end,,,,,,,,,0,119,2.0,,0,42,0,33
10:00,10:00:00,42,33,9,1,3,REGULAR,72,I. KAMAGATE,1,substitution,384,,[],out,0,4,Ismael Sindou,Kamagate,Ismael Sindou,Kamagate,I,K,I,K,I. Kamagate,BESIKTAS GAIN,BJK,I. Kamagate,4,,,,,,SUB,out,BESIKTAS GAIN substitution out,,,,,,,,,0,119,2.0,,0,42,0,33
10:00,10:00:00,42,33,9,1,3,REGULAR,75,B. UGURLU,1,substitution,385,,[],out,0,6,Berk Ibrahim,Ugurlu,Berk Ibrahim,Ugurlu,B,U,B,U,B. Ugurlu,BESIKTAS GAIN,BJK,B. Ugurlu,6,,,,,,SUB,out,BESIKTAS GAIN substitution out,,,,,,,,,0,119,2.0,,0,42,0,33
10:00,10:00:00,42,33,9,1,3,REGULAR,67,A. BROWN,1,substitution,386,,[],out,0,21,Anthony Lejohn,Brown,Anthony Lejohn,Brown,A,B,A,B,A. Brown,BESIKTAS GAIN,BJK,A. Brown,21,,,,,,SUB,out,BESIKTAS GAIN substitution out,,,,,,,,,0,119,2.0,,0,42,0,33
10:00,10:00:00,42,33,9,1,3,REGULAR,71,D. DOTSON,1,substitution,387,,[],in,0,1,Devon Durrell,Dotson,Devon Durrell,Dotson,D,D,D,D,D. Dotson,BESIKTAS GAIN,BJK,D. Dotson,1,,,,,,SUB,in,BESIKTAS GAIN substitution in,,,,,,,,,0,119,2.0,,0,42,0,33
10:00,10:00:00,42,33,9,1,3,REGULAR,74,Y. ARSLAN,1,substitution,388,,[],in,0,7,Yigit,Arslan,Yigit,Arslan,Y,A,Y,A,Y. Arslan,BESIKTAS GAIN,BJK,Y. Arslan,7,,,,,,SUB,in,BESIKTAS GAIN substitution in,,,,,,,,,0,119,2.0,,0,42,0,33
10:00,10:00:00,42,33,9,1,3,REGULAR,62,A. ZIZIC,1,substitution,389,,[],in,0,41,Ante Toni,Zizic,Ante Toni,Zizic,A,Z,A,Z,A. Zizic,BESIKTAS GAIN,BJK,A. Zizic,41,,,,,,SUB,in,BESIKTAS GAIN substitution in,,,,,,,,,0,119,2.0,,0,42,0,33
10:00,10:00:00,42,33,9,2,3,REGULAR,75,K. ALLMAN,1,substitution,390,,[],out,0,1,Kyle Lindsay,Allman,Kyle Lindsay,Allman,K,A,K,A,K. Allman,TÜRK TELEKOM,TTK,K. Allman,1,,,,,,SUB,out,TÜRK TELEKOM substitution out,,,,,,,,,0,119,2.0,,0,42,0,33
10:00,10:00:00,42,33,9,2,3,REGULAR,74,J. USHER,1,substitution,391,,[],in,0,8,Jordan Emanuel ,Usher,Jordan Emanuel ,Usher,J,U,J,U,J. Usher,TÜRK TELEKOM,TTK,J. Usher,8,,,,,,SUB,in,TÜRK TELEKOM substitution in,,,,,,,,,0,119,2.0,,0,42,0,33
10:00,10:00:00,42,33,9,0,3,REGULAR,0,,1,period,392,,[],start,0,,,,,,,,,,,,,,,,,,,,OTHER,,period start,,,,,,,,,0,119,2.0,,0,42,0,33
09:49,09:49:00,42,33,9,2,3,REGULAR,77,J. SMITH,0,3pt,394,,[],jumpshot,1,9,Jaleen Devon,Smith,Jaleen Devon,Smith,J,S,J,S,J. Smith,TÜRK TELEKOM,TTK,J. Smith,9,,,73.169998168945,78.25,0.0,P3,missed,TÜRK TELEKOM J. SMITH 3Pt missed,,,,,,,,,0,119,2.0,def_reb,0,42,0,33
09:47,09:47:00,42,33,9,1,3,REGULAR,74,Y. ARSLAN,1,rebound,395,394,[],defensive,0,7,Yigit,Arslan,Yigit,Arslan,Y,A,Y,A,Y. Arslan,BESIKTAS GAIN,BJK,Y. Arslan,7,,,,,,REB,,BESIKTAS GAIN rebound defensive,,,,,,,,,0,120,1.0,def_reb,0,42,0,33
09:27,09:27:00,44,33,11,1,3,REGULAR,68,V. BROWN,1,2pt,398,,['pointsinthepaint'],layup,1,33,Vittorio,Brown,Vittorio,Brown,V,B,V,B,V. Brown,BESIKTAS GAIN,BJK,V. Brown,33,,,5.7699999809265,53.950000762939,1.0,P2,made,BESIKTAS GAIN V. BROWN 2Pt made,71.0,1.0,D. DOTSON,,,,,,2,121,2.0,score,2,44,0,33
09:27,09:27:00,44,33,11,1,3,REGULAR,71,D. DOTSON,1,assist,399,398,[],,0,1,Devon Durrell,Dotson,Devon Durrell,Dotson,D,D,D,D,D. Dotson,BESIKTAS GAIN,BJK,D. Dotson,1,,,,,,ASS,,BESIKTAS GAIN D. DOTSON assist,,,,,,,,,0,122,1.0,,0,44,0,33
09:13,09:13:00,44,33,11,2,3,REGULAR,74,J. USHER,0,3pt,400,,[],jumpshot,1,8,Jordan Emanuel ,Usher,Jordan Emanuel ,Usher,J,U,J,U,J. Usher,TÜRK TELEKOM,TTK,J. Usher,8,,,72.230003356934,75.709999084473,0.0,P3,missed,TÜRK TELEKOM J. USHER 3Pt missed,,,,,,,,,0,122,1.0,def_reb,0,44,0,33
09:11,09:11:00,44,33,11,1,3,REGULAR,62,A. ZIZIC,1,rebound,401,400,[],defensive,0,41,Ante Toni,Zizic,Ante Toni,Zizic,A,Z,A,Z,A. Zizic,BESIKTAS GAIN,BJK,A. Zizic,41,,,,,,REB,,BESIKTAS GAIN rebound defensive,,,,,,,,,0,123,2.0,def_reb,0,44,0,33
08:59,08:59:00,46,33,13,1,3,REGULAR,62,A. ZIZIC,1,2pt,402,,['pointsinthepaint'],layup,1,41,Ante Toni,Zizic,Ante Toni,Zizic,A,Z,A,Z,A. Zizic,BESIKTAS GAIN,BJK,A. Zizic,41,,,7.0199999809265,52.259998321533,1.0,P2,made,BESIKTAS GAIN A. ZIZIC 2Pt made,68.0,1.0,V. BROWN,,,,,,2,124,1.0,score,2,46,0,33
08:59,08:59:00,46,33,13,1,3,REGULAR,68,V. BROWN,1,assist,403,402,[],,0,33,Vittorio,Brown,Vittorio,Brown,V,B,V,B,V. Brown,BESIKTAS GAIN,BJK,V. Brown,33,,,,,,ASS,,BESIKTAS GAIN V. BROWN assist,,,,,,,,,0,125,2.0,,0,46,0,33
08:33,08:33:00,46,35,11,2,3,REGULAR,7,B. DURMAZ,1,2pt,404,,[],turnaroundjumpshot,1,3,Berkan,Durmaz,Berkan,Durmaz,B,D,B,D,B. Durmaz,TÜRK TELEKOM,TTK,B. Durmaz,3,,,78.160003662109,50.279998779297,1.0,P2,made,TÜRK TELEKOM B. DURMAZ 2Pt made,,,,,,,,,2,125,2.0,score,0,46,2,35
08:11,08:11:00,46,35,11,1,3,REGULAR,70,J. MATHEWS,0,3pt,405,,[],jumpshot,1,0,Jonah Kenneth,Mathews,Jonah Kenneth,Mathews,J,M,J,M,J. Mathews,BESIKTAS GAIN,BJK,J. Mathews,0,,,24.64999961853,82.48999786377,0.0,P3,missed,BESIKTAS GAIN J. MATHEWS 3Pt missed,,,,,,,,,0,126,1.0,def_reb,0,46,0,35
08:09,08:09:00,46,35,11,2,3,REGULAR,5,D. ÖZDEMIROGLU,1,rebound,406,405,[],defensive,0,18,Dogus,Özdemiroglu,Dogus,Özdemiroglu,D,Ö,D,Ö,D. Özdemiroglu,TÜRK TELEKOM,TTK,D. Özdemiroglu,18,,,,,,REB,,TÜRK TELEKOM rebound defensive,,,,,,,,,0,127,2.0,def_reb,0,46,0,35
08:06,08:06:00,46,35,11,1,3,REGULAR,68,V. BROWN,1,foul,409,,"['shooting', '2freethrow']",personal,0,33,Vittorio,Brown,Vittorio,Brown,V,B,V,B,V. Brown,BESIKTAS GAIN,BJK,V. Brown,33,,,,,,FOUL,,BESIKTAS GAIN V. BROWN foul personal,,,,,,,,,0,128,1.0,,0,46,0,35
08:06,08:06:00,46,35,11,2,3,REGULAR,78,K. BANKSTON,1,foulon,410,409,[],,0,30,Kristeon Lamar,Bankston,Kristeon Lamar,Bankston,K,B,K,B,K. Bankston,TÜRK TELEKOM,TTK,K. Bankston,30,,,,,,OTHER,,TÜRK TELEKOM foulon,,,,,,,,,0,128,1.0,,0,46,0,35
08:06,08:06:00,46,35,11,2,3,REGULAR,7,B. DURMAZ,1,substitution,411,,[],out,0,3,Berkan,Durmaz,Berkan,Durmaz,B,D,B,D,B. Durmaz,TÜRK TELEKOM,TTK,B. Durmaz,3,,,,,,SUB,out,TÜRK TELEKOM substitution out,,,,,,,,,0,128,1.0,,0,46,0,35
08:06,08:06:00,46,35,11,2,3,REGULAR,76,M. SIMONOVIC,1,substitution,412,,[],in,0,11,Marko,Simonovic,Marko,Simonovic,M,S,M,S,M. Simonovic,TÜRK TELEKOM,TTK,M. Simonovic,11,,,,,,SUB,in,TÜRK TELEKOM substitution in,,,,,,,,,0,128,1.0,,0,46,0,35
08:06,08:06:00,46,36,10,2,3,REGULAR,78,K. BANKSTON,1,freethrow,413,,['fastbreak'],1of2,1,30,Kristeon Lamar,Bankston,Kristeon Lamar,Bankston,K,B,K,B,K. Bankston,TÜRK TELEKOM,TTK,K. Bankston,30,,,,,,FT,made,TÜRK TELEKOM K. BANKSTON FT 1of2 made,,,,,,,,,1,128,1.0,made_ft,0,46,1,36
08:06,08:06:00,46,36,10,2,3,REGULAR,77,J. SMITH,1,assist,414,413,[],,0,9,Jaleen Devon,Smith,Jaleen Devon,Smith,J,S,J,S,J. Smith,TÜRK TELEKOM,TTK,J. Smith,9,,,,,,ASS,,TÜRK TELEKOM J. SMITH assist,,,,,,,,,0,129,2.0,,0,46,0,36
08:06,08:06:00,46,37,9,2,3,REGULAR,78,K. BANKSTON,1,freethrow,415,,['fastbreak'],2of2,1,30,Kristeon Lamar,Bankston,Kristeon Lamar,Bankston,K,B,K,B,K. Bankston,TÜRK TELEKOM,TTK,K. Bankston,30,,,,,,FT,made,TÜRK TELEKOM K. BANKSTON FT 2of2 made,,,,,,,,,1,129,2.0,made_ft_last,0,46,1,37
07:53,07:53:00,46,37,9,2,3,REGULAR,78,K. BANKSTON,1,foul,419,,[],personal,0,30,Kristeon Lamar,Bankston,Kristeon Lamar,Bankston,K,B,K,B,K. Bankston,TÜRK TELEKOM,TTK,K. Bankston,30,,,,,,FOUL,,TÜRK TELEKOM K. BANKSTON foul personal,,,,,,,,,0,130,1.0,,0,46,0,37
07:53,07:53:00,46,37,9,1,3,REGULAR,62,A. ZIZIC,1,foulon,420,419,[],,0,41,Ante Toni,Zizic,Ante Toni,Zizic,A,Z,A,Z,A. Zizic,BESIKTAS GAIN,BJK,A. Zizic,41,,,,,,OTHER,,BESIKTAS GAIN foulon,,,,,,,,,0,130,1.0,,0,46,0,37
07:40,07:40:00,46,37,9,1,3,REGULAR,74,Y. ARSLAN,0,3pt,424,,[],jumpshot,1,7,Yigit,Arslan,Yigit,Arslan,Y,A,Y,A,Y. Arslan,BESIKTAS GAIN,BJK,Y. Arslan,7,,,2.3399999141693,3.1099998950958,0.0,P3,missed,BESIKTAS GAIN Y. ARSLAN 3Pt missed,,,,,,,,,0,130,1.0,def_reb,0,46,0,37
07:37,07:37:00,46,37,9,2,3,REGULAR,5,D. ÖZDEMIROGLU,1,rebound,426,424,[],defensive,0,18,Dogus,Özdemiroglu,Dogus,Özdemiroglu,D,Ö,D,Ö,D. Özdemiroglu,TÜRK TELEKOM,TTK,D. Özdemiroglu,18,,,,,,REB,,TÜRK TELEKOM rebound defensive,,,,,,,,,0,131,2.0,def_reb,0,46,0,37
07:37,07:37:00,46,37,9,1,3,REGULAR,70,J. MATHEWS,1,foul,427,,[],personal,0,0,Jonah Kenneth,Mathews,Jonah Kenneth,Mathews,J,M,J,M,J. Mathews,BESIKTAS GAIN,BJK,J. Mathews,0,,,,,,FOUL,,BESIKTAS GAIN J. MATHEWS foul personal,,,,,,,,,0,132,1.0,,0,46,0,37
07:37,07:37:00,46,37,9,2,3,REGULAR,5,D. ÖZDEMIROGLU,1,foulon,428,427,[],,0,18,Dogus,Özdemiroglu,Dogus,Özdemiroglu,D,Ö,D,Ö,D. Özdemiroglu,TÜRK TELEKOM,TTK,D. Özdemiroglu,18,,,,,,OTHER,,TÜRK TELEKOM foulon,,,,,,,,,0,132,1.0,,0,46,0,37
07:21,07:21:00,46,37,9,1,3,REGULAR,71,D. DOTSON,1,foul,433,,[],personal,0,1,Devon Durrell,Dotson,Devon Durrell,Dotson,D,D,D,D,D. Dotson,BESIKTAS GAIN,BJK,D. Dotson,1,,,,,,FOUL,,BESIKTAS GAIN D. DOTSON foul personal,,,,,,,,,0,132,1.0,,0,46,0,37
07:21,07:21:00,46,37,9,2,3,REGULAR,78,K. BANKSTON,1,foulon,434,433,[],,0,30,Kristeon Lamar,Bankston,Kristeon Lamar,Bankston,K,B,K,B,K. Bankston,TÜRK TELEKOM,TTK,K. Bankston,30,,,,,,OTHER,,TÜRK TELEKOM foulon,,,,,,,,,0,132,1.0,,0,46,0,37
07:12,07:12:00,46,37,9,2,3,REGULAR,76,M. SIMONOVIC,0,3pt,436,,[],jumpshot,1,11,Marko,Simonovic,Marko,Simonovic,M,S,M,S,M. Simonovic,TÜRK TELEKOM,TTK,M. Simonovic,11,,,83.150001525879,91.529998779297,0.0,P3,missed,TÜRK TELEKOM M. SIMONOVIC 3Pt missed,,,,,,,,,0,132,1.0,,0,46,0,37
07:10,07:10:00,46,37,9,2,3,REGULAR,78,K. BANKSTON,1,rebound,437,436,[],offensive,0,30,Kristeon Lamar,Bankston,Kristeon Lamar,Bankston,K,B,K,B,K. Bankston,TÜRK TELEKOM,TTK,K. Bankston,30,,,,,,REB,,TÜRK TELEKOM rebound offensive,,,,,,,,,0,132,1.0,,0,46,0,37
07:07,07:07:00,46,39,7,2,3,REGULAR,74,J. USHER,1,2pt,438,,"['2ndchance', 'pointsinthepaint']",drivinglayup,1,8,Jordan Emanuel ,Usher,Jordan Emanuel ,Usher,J,U,J,U,J. Usher,TÜRK TELEKOM,TTK,J. Usher,8,,,89.699996948242,46.330001831055,1.0,P2,made,TÜRK TELEKOM J. USHER 2Pt made,78.0,2.0,K. BANKSTON,,,,,,2,132,1.0,score,0,46,2,39
07:07,07:07:00,46,39,7,2,3,REGULAR,78,K. BANKSTON,1,assist,439,438,[],,0,30,Kristeon Lamar,Bankston,Kristeon Lamar,Bankston,K,B,K,B,K. Bankston,TÜRK TELEKOM,TTK,K. Bankston,30,,,,,,ASS,,TÜRK TELEKOM K. BANKSTON assist,,,,,,,,,0,133,2.0,,0,46,0,39
07:00,07:00:00,46,39,7,1,3,REGULAR,70,J. MATHEWS,1,turnover,440,,[],badpass,0,0,Jonah Kenneth,Mathews,Jonah Kenneth,Mathews,J,M,J,M,J. Mathews,BESIKTAS GAIN,BJK,J. Mathews,0,,,,,,TO,,BESIKTAS GAIN J. MATHEWS turnover badpass,,,,,,,,,0,133,2.0,turnover,0,46,0,39
07:00,07:00:00,46,39,7,2,3,REGULAR,77,J. SMITH,1,steal,441,440,[],,0,9,Jaleen Devon,Smith,Jaleen Devon,Smith,J,S,J,S,J. Smith,TÜRK TELEKOM,TTK,J. Smith,9,,,,,,ST,,TÜRK TELEKOM J. SMITH steal,,,,,,,,,0,134,1.0,,0,46,0,39
06:56,06:56:00,46,41,5,2,3,REGULAR,77,J. SMITH,1,2pt,442,,"['fromturnover', 'pointsinthepaint', 'fastbreak']",drivinglayup,1,9,Jaleen Devon,Smith,Jaleen Devon,Smith,J,S,J,S,J. Smith,TÜRK TELEKOM,TTK,J. Smith,9,,,95.940002441406,46.889999389648,1.0,P2,made,TÜRK TELEKOM J. SMITH 2Pt made,,,,,,,,,2,134,1.0,score,0,46,2,41
06:41,06:41:00,46,41,5,1,3,REGULAR,68,V. BROWN,0,3pt,443,,[],jumpshot,1,33,Vittorio,Brown,Vittorio,Brown,V,B,V,B,V. Brown,BESIKTAS GAIN,BJK,V. Brown,33,,,15.130000114441,94.629997253418,0.0,P3,missed,BESIKTAS GAIN V. BROWN 3Pt missed,,,,,,,,,0,135,2.0,def_reb,0,46,0,41
06:38,06:38:00,46,41,5,2,3,REGULAR,5,D. ÖZDEMIROGLU,1,rebound,444,443,[],defensive,0,18,Dogus,Özdemiroglu,Dogus,Özdemiroglu,D,Ö,D,Ö,D. Özdemiroglu,TÜRK TELEKOM,TTK,D. Özdemiroglu,18,,,,,,REB,,TÜRK TELEKOM rebound defensive,,,,,,,,,0,136,1.0,def_reb,0,46,0,41
06:31,06:31:00,46,41,5,1,3,REGULAR,71,D. DOTSON,1,foul,446,,[],personal,0,1,Devon Durrell,Dotson,Devon Durrell,Dotson,D,D,D,D,D. Dotson,BESIKTAS GAIN,BJK,D. Dotson,1,,,,,,FOUL,,BESIKTAS GAIN D. DOTSON foul personal,,,,,,,,,0,137,2.0,,0,46,0,41
06:31,06:31:00,46,41,5,2,3,REGULAR,78,K. BANKSTON,1,foulon,447,446,[],,0,30,Kristeon Lamar,Bankston,Kristeon Lamar,Bankston,K,B,K,B,K. Bankston,TÜRK TELEKOM,TTK,K. Bankston,30,,,,,,OTHER,,TÜRK TELEKOM foulon,,,,,,,,,0,137,2.0,,0,46,0,41
06:31,06:31:00,46,41,5,1,3,REGULAR,70,J. MATHEWS,1,substitution,448,,[],out,0,0,Jonah Kenneth,Mathews,Jonah Kenneth,Mathews,J,M,J,M,J. Mathews,BESIKTAS GAIN,BJK,J. Mathews,0,,,,,,SUB,out,BESIKTAS GAIN substitution out,,,,,,,,,0,137,2.0,,0,46,0,41
06:31,06:31:00,46,41,5,1,3,REGULAR,71,D. DOTSON,1,substitution,449,,[],out,0,1,Devon Durrell,Dotson,Devon Durrell,Dotson,D,D,D,D,D. Dotson,BESIKTAS GAIN,BJK,D. Dotson,1,,,,,,SUB,out,BESIKTAS GAIN substitution out,,,,,,,,,0,137,2.0,,0,46,0,41
06:31,06:31:00,46,41,5,1,3,REGULAR,75,B. UGURLU,1,substitution,450,,[],in,0,6,Berk Ibrahim,Ugurlu,Berk Ibrahim,Ugurlu,B,U,B,U,B. Ugurlu,BESIKTAS GAIN,BJK,B. Ugurlu,6,,,,,,SUB,in,BESIKTAS GAIN substitution in,,,,,,,,,0,137,2.0,,0,46,0,41
06:31,06:31:00,46,41,5,1,3,REGULAR,66,B. LEMAR,1,substitution,451,,[],in,0,11,Brynton Jevon,Lemar,Brynton Jevon,Lemar,B,L,B,L,B. Lemar,BESIKTAS GAIN,BJK,B. Lemar,11,,,,,,SUB,in,BESIKTAS GAIN substitution in,,,,,,,,,0,137,2.0,,0,46,0,41
06:30,06:30:00,46,41,5,2,3,REGULAR,76,M. SIMONOVIC,0,2pt,453,,[],jumpshot,1,11,Marko,Simonovic,Marko,Simonovic,M,S,M,S,M. Simonovic,TÜRK TELEKOM,TTK,M. Simonovic,11,,,95.160003662109,79.660003662109,0.0,P2,missed,TÜRK TELEKOM M. SIMONOVIC 2Pt missed,,,,,,,,,0,137,2.0,def_reb,0,46,0,41
06:27,06:27:00,46,41,5,1,3,REGULAR,74,Y. ARSLAN,1,rebound,454,453,[],defensive,0,7,Yigit,Arslan,Yigit,Arslan,Y,A,Y,A,Y. Arslan,BESIKTAS GAIN,BJK,Y. Arslan,7,,,,,,REB,,BESIKTAS GAIN rebound defensive,,,,,,,,,0,138,1.0,def_reb,0,46,0,41
06:10,06:10:00,46,41,5,1,3,REGULAR,66,B. LEMAR,0,3pt,455,,[],jumpshot,1,11,Brynton Jevon,Lemar,Brynton Jevon,Lemar,B,L,B,L,B. Lemar,BESIKTAS GAIN,BJK,B. Lemar,11,,,30.579999923706,39.270000457764,0.0,P3,missed,BESIKTAS GAIN B. LEMAR 3Pt missed,,,,,,,,,0,139,2.0,,0,46,0,41
06:08,06:08:00,46,41,5,1,3,REGULAR,62,A. ZIZIC,1,rebound,456,455,[],offensive,0,41,Ante Toni,Zizic,Ante Toni,Zizic,A,Z,A,Z,A. Zizic,BESIKTAS GAIN,BJK,A. Zizic,41,,,,,,REB,,BESIKTAS GAIN rebound offensive,,,,,,,,,0,139,2.0,,0,46,0,41
06:05,06:05:00,49,41,8,1,3,REGULAR,74,Y. ARSLAN,1,3pt,457,,['2ndchance'],jumpshot,1,7,Yigit,Arslan,Yigit,Arslan,Y,A,Y,A,Y. Arslan,BESIKTAS GAIN,BJK,Y. Arslan,7,,,6.2399997711182,4.2399997711182,1.0,P3,made,BESIKTAS GAIN Y. ARSLAN 3Pt made,66.0,1.0,B. LEMAR,,,,,,3,139,2.0,score,3,49,0,41
06:05,06:05:00,49,41,8,1,3,REGULAR,66,B. LEMAR,1,assist,458,457,[],,0,11,Brynton Jevon,Lemar,Brynton Jevon,Lemar,B,L,B,L,B. Lemar,BESIKTAS GAIN,BJK,B. Lemar,11,,,,,,ASS,,BESIKTAS GAIN B. LEMAR assist,,,,,,,,,0,140,1.0,,0,49,0,41
05:43,05:43:00,49,41,8,1,3,REGULAR,74,Y. ARSLAN,1,foul,460,,"['shooting', '2freethrow']",personal,0,7,Yigit,Arslan,Yigit,Arslan,Y,A,Y,A,Y. Arslan,BESIKTAS GAIN,BJK,Y. Arslan,7,,,,,,FOUL,,BESIKTAS GAIN Y. ARSLAN foul personal,,,,,,,,,0,140,1.0,,0,49,0,41
05:43,05:43:00,49,41,8,2,3,REGULAR,74,J. USHER,1,foulon,461,460,[],,0,8,Jordan Emanuel ,Usher,Jordan Emanuel ,Usher,J,U,J,U,J. Usher,TÜRK TELEKOM,TTK,J. Usher,8,,,,,,OTHER,,TÜRK TELEKOM foulon,,,,,,,,,0,140,1.0,,0,49,0,41
05:43,05:43:00,49,41,8,1,3,REGULAR,74,Y. ARSLAN,1,substitution,462,,[],out,0,7,Yigit,Arslan,Yigit,Arslan,Y,A,Y,A,Y. Arslan,BESIKTAS GAIN,BJK,Y. Arslan,7,,,,,,SUB,out,BESIKTAS GAIN substitution out,,,,,,,,,0,140,1.0,,0,49,0,41
05:43,05:43:00,49,41,8,1,3,REGULAR,67,A. BROWN,1,substitution,463,,[],in,0,21,Anthony Lejohn,Brown,Anthony Lejohn,Brown,A,B,A,B,A. Brown,BESIKTAS GAIN,BJK,A. Brown,21,,,,,,SUB,in,BESIKTAS GAIN substitution in,,,,,,,,,0,140,1.0,,0,49,0,41
05:43,05:43:00,49,42,7,2,3,REGULAR,74,J. USHER,1,freethrow,464,,[],1of2,1,8,Jordan Emanuel ,Usher,Jordan Emanuel ,Usher,J,U,J,U,J. Usher,TÜRK TELEKOM,TTK,J. Usher,8,,,,,,FT,made,TÜRK TELEKOM J. USHER FT 1of2 made,,,,,,,,,1,140,1.0,made_ft,0,49,1,42
05:43,05:43:00,49,42,7,2,3,REGULAR,78,K. BANKSTON,1,assist,465,464,[],,0,30,Kristeon Lamar,Bankston,Kristeon Lamar,Bankston,K,B,K,B,K. Bankston,TÜRK TELEKOM,TTK,K. Bankston,30,,,,,,ASS,,TÜRK TELEKOM K. BANKSTON assist,,,,,,,,,0,141,2.0,,0,49,0,42
05:43,05:43:00,49,43,6,2,3,REGULAR,74,J. USHER,1,freethrow,466,,[],2of2,1,8,Jordan Emanuel ,Usher,Jordan Emanuel ,Usher,J,U,J,U,J. Usher,TÜRK TELEKOM,TTK,J. Usher,8,,,,,,FT,made,TÜRK TELEKOM J. USHER FT 2of2 made,,,,,,,,,1,141,2.0,made_ft_last,0,49,1,43
05:43,05:43:00,49,43,6,2,3,REGULAR,74,J. USHER,1,substitution,467,,[],out,0,8,Jordan Emanuel ,Usher,Jordan Emanuel ,Usher,J,U,J,U,J. Usher,TÜRK TELEKOM,TTK,J. Usher,8,,,,,,SUB,out,TÜRK TELEKOM substitution out,,,,,,,,,0,142,1.0,,0,49,0,43
05:43,05:43:00,49,43,6,2,3,REGULAR,75,K. ALLMAN,1,substitution,468,,[],in,0,1,Kyle Lindsay,Allman,Kyle Lindsay,Allman,K,A,K,A,K. Allman,TÜRK TELEKOM,TTK,K. Allman,1,,,,,,SUB,in,TÜRK TELEKOM substitution in,,,,,,,,,0,142,1.0,,0,49,0,43
05:42,05:42:00,49,43,6,1,3,REGULAR,68,V. BROWN,1,turnover,470,,[],badpass,0,33,Vittorio,Brown,Vittorio,Brown,V,B,V,B,V. Brown,BESIKTAS GAIN,BJK,V. Brown,33,,,,,,TO,,BESIKTAS GAIN V. BROWN turnover badpass,,,,,,,,,0,142,1.0,turnover,0,49,0,43
05:42,05:42:00,49,43,6,2,3,REGULAR,76,M. SIMONOVIC,1,steal,471,470,[],,0,11,Marko,Simonovic,Marko,Simonovic,M,S,M,S,M. Simonovic,TÜRK TELEKOM,TTK,M. Simonovic,11,,,,,,ST,,TÜRK TELEKOM M. SIMONOVIC steal,,,,,,,,,0,143,2.0,,0,49,0,43
05:33,05:33:00,49,45,4,2,3,REGULAR,75,K. ALLMAN,1,2pt,475,,"['fromturnover', 'pointsinthepaint', 'fastbreak']",layup,1,1,Kyle Lindsay,Allman,Kyle Lindsay,Allman,K,A,K,A,K. Allman,TÜRK TELEKOM,TTK,K. Allman,1,,,94.699996948242,43.790000915527,1.0,P2,made,TÜRK TELEKOM K. ALLMAN 2Pt made,,,,,,,,,2,143,2.0,score,0,49,2,45
05:33,05:33:00,49,45,4,1,3,REGULAR,67,A. BROWN,1,foul,476,,"['shooting', '1freethrow']",personal,0,21,Anthony Lejohn,Brown,Anthony Lejohn,Brown,A,B,A,B,A. Brown,BESIKTAS GAIN,BJK,A. Brown,21,,,,,,FOUL,,BESIKTAS GAIN A. BROWN foul personal,,,,,,,,,0,144,1.0,,0,49,0,45
05:33,05:33:00,49,45,4,2,3,REGULAR,75,K. ALLMAN,1,foulon,477,476,[],,0,1,Kyle Lindsay,Allman,Kyle Lindsay,Allman,K,A,K,A,K. Allman,TÜRK TELEKOM,TTK,K. Allman,1,,,,,,OTHER,,TÜRK TELEKOM foulon,,,,,,,,,0,144,1.0,,0,49,0,45
05:33,05:33:00,49,46,3,2,3,REGULAR,75,K. ALLMAN,1,freethrow,478,,['fastbreak'],1of1,1,1,Kyle Lindsay,Allman,Kyle Lindsay,Allman,K,A,K,A,K. Allman,TÜRK TELEKOM,TTK,K. Allman,1,,,,,,FT,made,TÜRK TELEKOM K. ALLMAN FT 1of1 made,,,,,,,,,1,144,1.0,made_ft_last,0,49,1,46
05:24,05:24:00,51,46,5,1,3,REGULAR,62,A. ZIZIC,1,2pt,480,,['pointsinthepaint'],layup,1,41,Ante Toni,Zizic,Ante Toni,Zizic,A,Z,A,Z,A. Zizic,BESIKTAS GAIN,BJK,A. Zizic,41,,,8.8900003433228,47.180000305176,1.0,P2,made,BESIKTAS GAIN A. ZIZIC 2Pt made,68.0,1.0,V. BROWN,,,,,,2,145,2.0,score,2,51,0,46
05:24,05:24:00,51,46,5,1,3,REGULAR,68,V. BROWN,1,assist,481,480,[],,0,33,Vittorio,Brown,Vittorio,Brown,V,B,V,B,V. Brown,BESIKTAS GAIN,BJK,V. Brown,33,,,,,,ASS,,BESIKTAS GAIN V. BROWN assist,,,,,,,,,0,146,1.0,,0,51,0,46
05:14,05:14:00,51,49,2,2,3,REGULAR,77,J. SMITH,1,3pt,482,,[],jumpshot,1,9,Jaleen Devon,Smith,Jaleen Devon,Smith,J,S,J,S,J. Smith,TÜRK TELEKOM,TTK,J. Smith,9,,,71.76000213623,72.319999694824,1.0,P3,made,TÜRK TELEKOM J. SMITH 3Pt made,,,,,,,,,3,146,1.0,score,0,51,3,49
05:00,05:00:00,51,49,2,1,3,REGULAR,67,A. BROWN,0,3pt,483,,[],jumpshot,1,21,Anthony Lejohn,Brown,Anthony Lejohn,Brown,A,B,A,B,A. Brown,BESIKTAS GAIN,BJK,A. Brown,21,,,23.090000152588,16.379999160767,0.0,P3,missed,BESIKTAS GAIN A. BROWN 3Pt missed,,,,,,,,,0,147,2.0,,0,51,0,49
04:57,04:57:00,51,49,2,1,3,REGULAR,62,A. ZIZIC,1,rebound,484,483,[],offensive,0,41,Ante Toni,Zizic,Ante Toni,Zizic,A,Z,A,Z,A. Zizic,BESIKTAS GAIN,BJK,A. Zizic,41,,,,,,REB,,BESIKTAS GAIN rebound offensive,,,,,,,,,0,147,2.0,,0,51,0,49
04:47,04:47:00,51,49,2,0,3,REGULAR,0,,1,timeout,486,,[],officials,0,,,,,,,,,,,,,,,,,,,,TIMEOUT,, timeout,,,,,,,,,0,147,2.0,,0,51,0,49
04:47,04:47:00,51,49,2,2,3,REGULAR,78,K. BANKSTON,1,substitution,487,,[],out,0,30,Kristeon Lamar,Bankston,Kristeon Lamar,Bankston,K,B,K,B,K. Bankston,TÜRK TELEKOM,TTK,K. Bankston,30,,,,,,SUB,out,TÜRK TELEKOM substitution out,,,,,,,,,0,147,2.0,,0,51,0,49
04:47,04:47:00,51,49,2,2,3,REGULAR,6,E. KOSUT,1,substitution,488,,[],in,0,5,Emircan,Kosut,Emircan,Kosut,E,K,E,K,E. Kosut,TÜRK TELEKOM,TTK,E. Kosut,5,,,,,,SUB,in,TÜRK TELEKOM substitution in,,,,,,,,,0,147,2.0,,0,51,0,49
04:46,04:46:00,51,49,2,2,3,REGULAR,6,E. KOSUT,1,foul,491,,[],personal,0,5,Emircan,Kosut,Emircan,Kosut,E,K,E,K,E. Kosut,TÜRK TELEKOM,TTK,E. Kosut,5,,,,,,FOUL,,TÜRK TELEKOM E. KOSUT foul personal,,,,,,,,,0,147,2.0,,0,51,0,49
04:46,04:46:00,51,49,2,1,3,REGULAR,62,A. ZIZIC,1,foulon,492,491,[],,0,41,Ante Toni,Zizic,Ante Toni,Zizic,A,Z,A,Z,A. Zizic,BESIKTAS GAIN,BJK,A. Zizic,41,,,,,,OTHER,,BESIKTAS GAIN foulon,,,,,,,,,0,147,2.0,,0,51,0,49
04:46,04:46:00,51,49,2,1,3,REGULAR,62,A. ZIZIC,1,substitution,493,,[],out,0,41,Ante Toni,Zizic,Ante Toni,Zizic,A,Z,A,Z,A. Zizic,BESIKTAS GAIN,BJK,A. Zizic,41,,,,,,SUB,out,BESIKTAS GAIN substitution out,,,,,,,,,0,147,2.0,,0,51,0,49
04:46,04:46:00,51,49,2,1,3,REGULAR,72,I. KAMAGATE,1,substitution,494,,[],in,0,4,Ismael Sindou,Kamagate,Ismael Sindou,Kamagate,I,K,I,K,I. Kamagate,BESIKTAS GAIN,BJK,I. Kamagate,4,,,,,,SUB,in,BESIKTAS GAIN substitution in,,,,,,,,,0,147,2.0,,0,51,0,49
04:31,04:31:00,51,49,2,1,3,REGULAR,67,A. BROWN,0,2pt,496,,"['2ndchance', 'blocked']",jumpshot,1,21,Anthony Lejohn,Brown,Anthony Lejohn,Brown,A,B,A,B,A. Brown,BESIKTAS GAIN,BJK,A. Brown,21,,,8.5799999237061,20.620000839233,0.0,P2,missed,BESIKTAS GAIN A. BROWN 2Pt missed,,,,75.0,2.0,K. ALLMAN,,,0,147,2.0,,0,51,0,49
04:31,04:31:00,51,49,2,2,3,REGULAR,75,K. ALLMAN,1,block,497,496,[],,0,1,Kyle Lindsay,Allman,Kyle Lindsay,Allman,K,A,K,A,K. Allman,TÜRK TELEKOM,TTK,K. Allman,1,,,,,,BS,,TÜRK TELEKOM K. ALLMAN block,,,,,,,,,0,147,2.0,,0,51,0,49
04:27,04:27:00,51,51,0,2,3,REGULAR,5,D. ÖZDEMIROGLU,1,rebound,498,496,[],defensive,0,18,Dogus,Özdemiroglu,Dogus,Özdemiroglu,D,Ö,D,Ö,D. Özdemiroglu,TÜRK TELEKOM,TTK,D. Özdemiroglu,18,,,,,,REB,,TÜRK TELEKOM rebound defensive,,,,,,,,,0,147,2.0,def_reb,0,51,0,49
04:28,04:28:00,51,49,2,1,3,REGULAR,68,V. BROWN,1,foul,502,,"['shooting', '2freethrow']",personal,0,33,Vittorio,Brown,Vittorio,Brown,V,B,V,B,V. Brown,BESIKTAS GAIN,BJK,V. Brown,33,,,,,,FOUL,,BESIKTAS GAIN V. BROWN foul personal,,,,,,,,,0,148,1.0,,0,51,0,49
04:28,04:28:00,51,49,2,2,3,REGULAR,5,D. ÖZDEMIROGLU,1,foulon,503,502,[],,0,18,Dogus,Özdemiroglu,Dogus,Özdemiroglu,D,Ö,D,Ö,D. Özdemiroglu,TÜRK TELEKOM,TTK,D. Özdemiroglu,18,,,,,,OTHER,,TÜRK TELEKOM foulon,,,,,,,,,0,148,1.0,,0,51,0,49
04:28,04:28:00,51,50,1,2,3,REGULAR,5,D. ÖZDEMIROGLU,1,freethrow,504,,['fastbreak'],1of2,1,18,Dogus,Özdemiroglu,Dogus,Özdemiroglu,D,Ö,D,Ö,D. Özdemiroglu,TÜRK TELEKOM,TTK,D. Özdemiroglu,18,,,,,,FT,made,TÜRK TELEKOM D. ÖZDEMIROGLU FT 1of2 made,,,,,,,,,1,148,1.0,made_ft,0,51,1,50
04:28,04:28:00,51,51,0,2,3,REGULAR,5,D. ÖZDEMIROGLU,1,freethrow,505,,['fastbreak'],2of2,1,18,Dogus,Özdemiroglu,Dogus,Özdemiroglu,D,Ö,D,Ö,D. Özdemiroglu,TÜRK TELEKOM,TTK,D. Özdemiroglu,18,,,,,,FT,made,TÜRK TELEKOM D. ÖZDEMIROGLU FT 2of2 made,,,,,,,,,1,149,2.0,made_ft_last,0,51,1,51
04:28,04:28:00,51,51,0,1,3,REGULAR,68,V. BROWN,1,substitution,506,,[],out,0,33,Vittorio,Brown,Vittorio,Brown,V,B,V,B,V. Brown,BESIKTAS GAIN,BJK,V. Brown,33,,,,,,SUB,out,BESIKTAS GAIN substitution out,,,,,,,,,0,150,1.0,,0,51,0,51
04:28,04:28:00,51,51,0,1,3,REGULAR,76,C. KUS,1,substitution,507,,[],in,0,12,Canberk,Kus,Canberk,Kus,C,K,C,K,C. Kus,BESIKTAS GAIN,BJK,C. Kus,12,,,,,,SUB,in,BESIKTAS GAIN substitution in,,,,,,,,,0,150,1.0,,0,51,0,51
04:11,04:11:00,53,51,2,1,3,REGULAR,75,B. UGURLU,1,2pt,509,,[],jumpshot,1,6,Berk Ibrahim,Ugurlu,Berk Ibrahim,Ugurlu,B,U,B,U,B. Ugurlu,BESIKTAS GAIN,BJK,B. Ugurlu,6,,,25.270000457764,66.379997253418,1.0,P2,made,BESIKTAS GAIN B. UGURLU 2Pt made,,,,,,,,,2,150,1.0,score,2,53,0,51
03:53,03:53:00,53,51,2,2,3,REGULAR,5,D. ÖZDEMIROGLU,0,3pt,510,,[],jumpshot,1,18,Dogus,Özdemiroglu,Dogus,Özdemiroglu,D,Ö,D,Ö,D. Özdemiroglu,TÜRK TELEKOM,TTK,D. Özdemiroglu,18,,,80.5,88.980003356934,0.0,P3,missed,TÜRK TELEKOM D. ÖZDEMIROGLU 3Pt missed,,,,,,,,,0,151,2.0,def_reb,0,53,0,51
03:49,03:49:00,53,51,2,1,3,REGULAR,75,B. UGURLU,1,rebound,511,510,[],defensive,0,6,Berk Ibrahim,Ugurlu,Berk Ibrahim,Ugurlu,B,U,B,U,B. Ugurlu,BESIKTAS GAIN,BJK,B. Ugurlu,6,,,,,,REB,,BESIKTAS GAIN rebound defensive,,,,,,,,,0,152,1.0,def_reb,0,53,0,51
03:42,03:42:00,53,51,2,1,3,REGULAR,75,B. UGURLU,0,3pt,512,,[],jumpshot,1,6,Berk Ibrahim,Ugurlu,Berk Ibrahim,Ugurlu,B,U,B,U,B. Ugurlu,BESIKTAS GAIN,BJK,B. Ugurlu,6,,,19.030000686646,11.020000457764,0.0,P3,missed,BESIKTAS GAIN B. UGURLU 3Pt missed,,,,,,,,,0,153,2.0,def_reb,0,53,0,51
03:40,03:40:00,53,51,2,2,3,REGULAR,5,D. ÖZDEMIROGLU,1,rebound,513,512,[],defensive,0,18,Dogus,Özdemiroglu,Dogus,Özdemiroglu,D,Ö,D,Ö,D. Özdemiroglu,TÜRK TELEKOM,TTK,D. Özdemiroglu,18,,,,,,REB,,TÜRK TELEKOM rebound defensive,,,,,,,,,0,154,1.0,def_reb,0,53,0,51
03:38,03:38:00,53,51,2,2,3,REGULAR,5,D. ÖZDEMIROGLU,1,turnover,514,,[],badpass,0,18,Dogus,Özdemiroglu,Dogus,Özdemiroglu,D,Ö,D,Ö,D. Özdemiroglu,TÜRK TELEKOM,TTK,D. Özdemiroglu,18,,,,,,TO,,TÜRK TELEKOM D. ÖZDEMIROGLU turnover badpass,,,,,,,,,0,155,2.0,turnover,0,53,0,51
03:38,03:38:00,53,51,2,1,3,REGULAR,66,B. LEMAR,1,steal,516,514,[],,0,11,Brynton Jevon,Lemar,Brynton Jevon,Lemar,B,L,B,L,B. Lemar,BESIKTAS GAIN,BJK,B. Lemar,11,,,,,,ST,,BESIKTAS GAIN B. LEMAR steal,,,,,,,,,0,156,1.0,,0,53,0,51
03:37,03:37:00,53,51,2,1,3,REGULAR,66,B. LEMAR,1,turnover,517,,[],backcourt,0,11,Brynton Jevon,Lemar,Brynton Jevon,Lemar,B,L,B,L,B. Lemar,BESIKTAS GAIN,BJK,B. Lemar,11,,,,,,TO,,BESIKTAS GAIN B. LEMAR turnover backcourt,,,,,,,,,0,156,1.0,turnover,0,53,0,51
03:32,03:32:00,53,51,2,2,3,REGULAR,5,D. ÖZDEMIROGLU,1,turnover,519,,[],badpass,0,18,Dogus,Özdemiroglu,Dogus,Özdemiroglu,D,Ö,D,Ö,D. Özdemiroglu,TÜRK TELEKOM,TTK,D. Özdemiroglu,18,,,,,,TO,,TÜRK TELEKOM D. ÖZDEMIROGLU turnover badpass,,,,,,,,,0,157,2.0,turnover,0,53,0,51
03:32,03:32:00,53,51,2,1,3,REGULAR,75,B. UGURLU,1,steal,520,519,[],,0,6,Berk Ibrahim,Ugurlu,Berk Ibrahim,Ugurlu,B,U,B,U,B. Ugurlu,BESIKTAS GAIN,BJK,B. Ugurlu,6,,,,,,ST,,BESIKTAS GAIN B. UGURLU steal,,,,,,,,,0,158,1.0,,0,53,0,51
03:30,03:30:00,55,51,4,1,3,REGULAR,75,B. UGURLU,1,2pt,521,,"['fromturnover', 'pointsinthepaint', 'fastbreak']",drivinglayup,1,6,Berk Ibrahim,Ugurlu,Berk Ibrahim,Ugurlu,B,U,B,U,B. Ugurlu,BESIKTAS GAIN,BJK,B. Ugurlu,6,,,7.6399998664856,48.869998931885,1.0,P2,made,BESIKTAS GAIN B. UGURLU 2Pt made,,,,,,,,,2,158,1.0,score,2,55,0,51
03:14,03:14:00,55,51,4,1,3,REGULAR,76,C. KUS,1,foul,523,,['2freethrow'],personal,0,12,Canberk,Kus,Canberk,Kus,C,K,C,K,C. Kus,BESIKTAS GAIN,BJK,C. Kus,12,,,,,,FOUL,,BESIKTAS GAIN C. KUS foul personal,,,,,,,,,0,159,2.0,,0,55,0,51
03:14,03:14:00,55,51,4,2,3,REGULAR,76,M. SIMONOVIC,1,foulon,524,523,[],,0,11,Marko,Simonovic,Marko,Simonovic,M,S,M,S,M. Simonovic,TÜRK TELEKOM,TTK,M. Simonovic,11,,,,,,OTHER,,TÜRK TELEKOM foulon,,,,,,,,,0,159,2.0,,0,55,0,51
03:14,03:14:00,55,52,3,2,3,REGULAR,76,M. SIMONOVIC,1,freethrow,525,,[],1of2,1,11,Marko,Simonovic,Marko,Simonovic,M,S,M,S,M. Simonovic,TÜRK TELEKOM,TTK,M. Simonovic,11,,,,,,FT,made,TÜRK TELEKOM M. SIMONOVIC FT 1of2 made,,,,,,,,,1,159,2.0,made_ft,0,55,1,52
03:14,03:14:00,55,53,2,2,3,REGULAR,76,M. SIMONOVIC,1,freethrow,526,,[],2of2,1,11,Marko,Simonovic,Marko,Simonovic,M,S,M,S,M. Simonovic,TÜRK TELEKOM,TTK,M. Simonovic,11,,,,,,FT,made,TÜRK TELEKOM M. SIMONOVIC FT 2of2 made,,,,,,,,,1,160,1.0,made_ft_last,0,55,1,53
02:54,02:54:00,58,53,5,1,3,REGULAR,76,C. KUS,1,3pt,528,,[],jumpshot,1,12,Canberk,Kus,Canberk,Kus,C,K,C,K,C. Kus,BESIKTAS GAIN,BJK,C. Kus,12,,,32.450000762939,80.230003356934,1.0,P3,made,BESIKTAS GAIN C. KUS 3Pt made,75.0,1.0,B. UGURLU,,,,,,3,161,2.0,score,3,58,0,53
02:54,02:54:00,58,53,5,1,3,REGULAR,75,B. UGURLU,1,assist,529,528,[],,0,6,Berk Ibrahim,Ugurlu,Berk Ibrahim,Ugurlu,B,U,B,U,B. Ugurlu,BESIKTAS GAIN,BJK,B. Ugurlu,6,,,,,,ASS,,BESIKTAS GAIN B. UGURLU assist,,,,,,,,,0,162,1.0,,0,58,0,53
02:27,02:27:00,58,53,5,2,3,REGULAR,5,D. ÖZDEMIROGLU,0,3pt,530,,[],jumpshot,1,18,Dogus,Özdemiroglu,Dogus,Özdemiroglu,D,Ö,D,Ö,D. Özdemiroglu,TÜRK TELEKOM,TTK,D. Özdemiroglu,18,,,69.269996643066,35.590000152588,0.0,P3,missed,TÜRK TELEKOM D. ÖZDEMIROGLU 3Pt missed,,,,,,,,,0,162,1.0,,0,58,0,53
02:25,02:25:00,58,53,5,2,3,REGULAR,76,M. SIMONOVIC,1,rebound,531,530,[],offensive,0,11,Marko,Simonovic,Marko,Simonovic,M,S,M,S,M. Simonovic,TÜRK TELEKOM,TTK,M. Simonovic,11,,,,,,REB,,TÜRK TELEKOM rebound offensive,,,,,,,,,0,162,1.0,,0,58,0,53
02:24,02:24:00,58,55,3,2,3,REGULAR,76,M. SIMONOVIC,1,2pt,532,,"['2ndchance', 'pointsinthepaint']",layup,1,11,Marko,Simonovic,Marko,Simonovic,M,S,M,S,M. Simonovic,TÜRK TELEKOM,TTK,M. Simonovic,11,,,93.599998474121,50.279998779297,1.0,P2,made,TÜRK TELEKOM M. SIMONOVIC 2Pt made,,,,,,,,,2,162,1.0,score,0,58,2,55
02:02,02:02:00,58,55,3,1,3,REGULAR,67,A. BROWN,0,3pt,533,,[],jumpshot,1,21,Anthony Lejohn,Brown,Anthony Lejohn,Brown,A,B,A,B,A. Brown,BESIKTAS GAIN,BJK,A. Brown,21,,,25.739999771118,19.489999771118,0.0,P3,missed,BESIKTAS GAIN A. BROWN 3Pt missed,,,,,,,,,0,163,2.0,def_reb,0,58,0,55
01:58,01:58:00,58,55,3,2,3,REGULAR,75,K. ALLMAN,1,rebound,534,533,[],defensive,0,1,Kyle Lindsay,Allman,Kyle Lindsay,Allman,K,A,K,A,K. Allman,TÜRK TELEKOM,TTK,K. Allman,1,,,,,,REB,,TÜRK TELEKOM rebound defensive,,,,,,,,,0,164,1.0,def_reb,0,58,0,55
01:38,01:38:00,58,55,3,2,3,REGULAR,0,,1,turnover,536,,['team'],24sec,0,,,,,,,,,,,TÜRK TELEKOM,TTK,,,,,,,,TO,,TÜRK TELEKOM  turnover 24sec,,,,,,,,,0,165,2.0,turnover,0,58,0,55
01:38,01:38:00,58,55,3,1,3,REGULAR,66,B. LEMAR,1,substitution,537,,[],out,0,11,Brynton Jevon,Lemar,Brynton Jevon,Lemar,B,L,B,L,B. Lemar,BESIKTAS GAIN,BJK,B. Lemar,11,,,,,,SUB,out,BESIKTAS GAIN substitution out,,,,,,,,,0,166,1.0,,0,58,0,55
01:38,01:38:00,58,55,3,1,3,REGULAR,67,A. BROWN,1,substitution,538,,[],out,0,21,Anthony Lejohn,Brown,Anthony Lejohn,Brown,A,B,A,B,A. Brown,BESIKTAS GAIN,BJK,A. Brown,21,,,,,,SUB,out,BESIKTAS GAIN substitution out,,,,,,,,,0,166,1.0,,0,58,0,55
01:38,01:38:00,58,55,3,1,3,REGULAR,70,J. MATHEWS,1,substitution,539,,[],in,0,0,Jonah Kenneth,Mathews,Jonah Kenneth,Mathews,J,M,J,M,J. Mathews,BESIKTAS GAIN,BJK,J. Mathews,0,,,,,,SUB,in,BESIKTAS GAIN substitution in,,,,,,,,,0,166,1.0,,0,58,0,55
01:38,01:38:00,58,55,3,1,3,REGULAR,74,Y. ARSLAN,1,substitution,540,,[],in,0,7,Yigit,Arslan,Yigit,Arslan,Y,A,Y,A,Y. Arslan,BESIKTAS GAIN,BJK,Y. Arslan,7,,,,,,SUB,in,BESIKTAS GAIN substitution in,,,,,,,,,0,166,1.0,,0,58,0,55
01:38,01:38:00,58,55,3,2,3,REGULAR,6,E. KOSUT,1,substitution,541,,[],out,0,5,Emircan,Kosut,Emircan,Kosut,E,K,E,K,E. Kosut,TÜRK TELEKOM,TTK,E. Kosut,5,,,,,,SUB,out,TÜRK TELEKOM substitution out,,,,,,,,,0,166,1.0,,0,58,0,55
01:38,01:38:00,58,55,3,2,3,REGULAR,76,M. SIMONOVIC,1,substitution,542,,[],out,0,11,Marko,Simonovic,Marko,Simonovic,M,S,M,S,M. Simonovic,TÜRK TELEKOM,TTK,M. Simonovic,11,,,,,,SUB,out,TÜRK TELEKOM substitution out,,,,,,,,,0,166,1.0,,0,58,0,55
01:38,01:38:00,58,55,3,2,3,REGULAR,7,B. DURMAZ,1,substitution,543,,[],in,0,3,Berkan,Durmaz,Berkan,Durmaz,B,D,B,D,B. Durmaz,TÜRK TELEKOM,TTK,B. Durmaz,3,,,,,,SUB,in,TÜRK TELEKOM substitution in,,,,,,,,,0,166,1.0,,0,58,0,55
01:38,01:38:00,58,55,3,2,3,REGULAR,78,K. BANKSTON,1,substitution,544,,[],in,0,30,Kristeon Lamar,Bankston,Kristeon Lamar,Bankston,K,B,K,B,K. Bankston,TÜRK TELEKOM,TTK,K. Bankston,30,,,,,,SUB,in,TÜRK TELEKOM substitution in,,,,,,,,,0,166,1.0,,0,58,0,55
01:30,01:30:00,58,55,3,1,3,REGULAR,72,I. KAMAGATE,1,turnover,546,,[],badpass,0,4,Ismael Sindou,Kamagate,Ismael Sindou,Kamagate,I,K,I,K,I. Kamagate,BESIKTAS GAIN,BJK,I. Kamagate,4,,,,,,TO,,BESIKTAS GAIN I. KAMAGATE turnover badpass,,,,,,,,,0,166,1.0,turnover,0,58,0,55
01:30,01:30:00,58,55,3,2,3,REGULAR,5,D. ÖZDEMIROGLU,1,steal,547,546,[],,0,18,Dogus,Özdemiroglu,Dogus,Özdemiroglu,D,Ö,D,Ö,D. Özdemiroglu,TÜRK TELEKOM,TTK,D. Özdemiroglu,18,,,,,,ST,,TÜRK TELEKOM D. ÖZDEMIROGLU steal,,,,,,,,,0,167,2.0,,0,58,0,55
01:14,01:14:00,58,55,3,2,3,REGULAR,5,D. ÖZDEMIROGLU,0,3pt,548,,['fromturnover'],jumpshot,1,18,Dogus,Özdemiroglu,Dogus,Özdemiroglu,D,Ö,D,Ö,D. Özdemiroglu,TÜRK TELEKOM,TTK,D. Özdemiroglu,18,,,94.379997253418,3.3900001049042,0.0,P3,missed,TÜRK TELEKOM D. ÖZDEMIROGLU 3Pt missed,,,,,,,,,0,167,2.0,def_reb,0,58,0,55
01:12,01:12:00,58,55,3,1,3,REGULAR,74,Y. ARSLAN,1,rebound,549,548,[],defensive,0,7,Yigit,Arslan,Yigit,Arslan,Y,A,Y,A,Y. Arslan,BESIKTAS GAIN,BJK,Y. Arslan,7,,,,,,REB,,BESIKTAS GAIN rebound defensive,,,,,,,,,0,168,1.0,def_reb,0,58,0,55
00:55,00:55:40,58,55,3,2,3,REGULAR,7,B. DURMAZ,1,foul,551,,[],personal,0,3,Berkan,Durmaz,Berkan,Durmaz,B,D,B,D,B. Durmaz,TÜRK TELEKOM,TTK,B. Durmaz,3,,,,,,FOUL,,TÜRK TELEKOM B. DURMAZ foul personal,,,,,,,,,0,169,2.0,,0,58,0,55
00:55,00:55:40,58,55,3,1,3,REGULAR,70,J. MATHEWS,1,foulon,552,551,[],,0,0,Jonah Kenneth,Mathews,Jonah Kenneth,Mathews,J,M,J,M,J. Mathews,BESIKTAS GAIN,BJK,J. Mathews,0,,,,,,OTHER,,BESIKTAS GAIN foulon,,,,,,,,,0,169,2.0,,0,58,0,55
00:55,00:55:40,58,55,3,1,3,REGULAR,76,C. KUS,1,substitution,553,,[],out,0,12,Canberk,Kus,Canberk,Kus,C,K,C,K,C. Kus,BESIKTAS GAIN,BJK,C. Kus,12,,,,,,SUB,out,BESIKTAS GAIN substitution out,,,,,,,,,0,169,2.0,,0,58,0,55
00:55,00:55:40,58,55,3,1,3,REGULAR,68,V. BROWN,1,substitution,554,,[],in,0,33,Vittorio,Brown,Vittorio,Brown,V,B,V,B,V. Brown,BESIKTAS GAIN,BJK,V. Brown,33,,,,,,SUB,in,BESIKTAS GAIN substitution in,,,,,,,,,0,169,2.0,,0,58,0,55
00:39,00:39:80,61,55,6,1,3,REGULAR,74,Y. ARSLAN,1,3pt,556,,[],jumpshot,1,7,Yigit,Arslan,Yigit,Arslan,Y,A,Y,A,Y. Arslan,BESIKTAS GAIN,BJK,Y. Arslan,7,,,7.4899997711182,5.0799999237061,1.0,P3,made,BESIKTAS GAIN Y. ARSLAN 3Pt made,68.0,1.0,V. BROWN,,,,,,3,169,2.0,score,3,61,0,55
00:39,00:39:80,61,55,6,1,3,REGULAR,68,V. BROWN,1,assist,557,556,[],,0,33,Vittorio,Brown,Vittorio,Brown,V,B,V,B,V. Brown,BESIKTAS GAIN,BJK,V. Brown,33,,,,,,ASS,,BESIKTAS GAIN V. BROWN assist,,,,,,,,,0,170,1.0,,0,61,0,55
00:26,00:26:50,61,55,6,2,3,REGULAR,77,J. SMITH,1,turnover,558,,[],badpass,0,9,Jaleen Devon,Smith,Jaleen Devon,Smith,J,S,J,S,J. Smith,TÜRK TELEKOM,TTK,J. Smith,9,,,,,,TO,,TÜRK TELEKOM J. SMITH turnover badpass,,,,,,,,,0,170,1.0,turnover,0,61,0,55
00:26,00:26:50,61,55,6,1,3,REGULAR,72,I. KAMAGATE,1,steal,559,558,[],,0,4,Ismael Sindou,Kamagate,Ismael Sindou,Kamagate,I,K,I,K,I. Kamagate,BESIKTAS GAIN,BJK,I. Kamagate,4,,,,,,ST,,BESIKTAS GAIN I. KAMAGATE steal,,,,,,,,,0,171,2.0,,0,61,0,55
00:02,00:02:90,61,55,6,1,3,REGULAR,70,J. MATHEWS,0,2pt,560,,['fromturnover'],jumpshot,1,0,Jonah Kenneth,Mathews,Jonah Kenneth,Mathews,J,M,J,M,J. Mathews,BESIKTAS GAIN,BJK,J. Mathews,0,,,26.680000305176,61.299999237061,0.0,P2,missed,BESIKTAS GAIN J. MATHEWS 2Pt missed,,,,,,,,,0,171,2.0,def_reb,0,61,0,55
00:00,00:00:00,61,55,6,2,3,REGULAR,7,B. DURMAZ,1,rebound,562,560,[],defensive,0,3,Berkan,Durmaz,Berkan,Durmaz,B,D,B,D,B. Durmaz,TÜRK TELEKOM,TTK,B. Durmaz,3,,,,,,REB,,TÜRK TELEKOM rebound defensive,,,,,,,,,0,172,1.0,def_reb,0,61,0,55
00:00,00:00:00,61,55,6,0,3,REGULAR,0,,1,period,563,,['confirmed'],end,0,,,,,,,,,,,,,,,,,,,,OTHER,,period end,,,,,,,,,0,173,2.0,,0,61,0,55
10:00,10:00:00,61,55,6,1,4,REGULAR,72,I. KAMAGATE,1,substitution,564,,[],out,0,4,Ismael Sindou,Kamagate,Ismael Sindou,Kamagate,I,K,I,K,I. Kamagate,BESIKTAS GAIN,BJK,I. Kamagate,4,,,,,,SUB,out,BESIKTAS GAIN substitution out,,,,,,,,,0,173,2.0,,0,61,0,55
10:00,10:00:00,61,55,6,1,4,REGULAR,75,B. UGURLU,1,substitution,565,,[],out,0,6,Berk Ibrahim,Ugurlu,Berk Ibrahim,Ugurlu,B,U,B,U,B. Ugurlu,BESIKTAS GAIN,BJK,B. Ugurlu,6,,,,,,SUB,out,BESIKTAS GAIN substitution out,,,,,,,,,0,173,2.0,,0,61,0,55
10:00,10:00:00,61,55,6,1,4,REGULAR,71,D. DOTSON,1,substitution,566,,[],in,0,1,Devon Durrell,Dotson,Devon Durrell,Dotson,D,D,D,D,D. Dotson,BESIKTAS GAIN,BJK,D. Dotson,1,,,,,,SUB,in,BESIKTAS GAIN substitution in,,,,,,,,,0,173,2.0,,0,61,0,55
10:00,10:00:00,61,55,6,1,4,REGULAR,62,A. ZIZIC,1,substitution,567,,[],in,0,41,Ante Toni,Zizic,Ante Toni,Zizic,A,Z,A,Z,A. Zizic,BESIKTAS GAIN,BJK,A. Zizic,41,,,,,,SUB,in,BESIKTAS GAIN substitution in,,,,,,,,,0,173,2.0,,0,61,0,55
10:00,10:00:00,61,55,6,0,4,REGULAR,0,,1,period,568,,[],start,0,,,,,,,,,,,,,,,,,,,,OTHER,,period start,,,,,,,,,0,173,2.0,,0,61,0,55
09:51,09:51:00,63,55,8,1,4,REGULAR,74,Y. ARSLAN,1,2pt,570,,['pointsinthepaint'],layup,1,7,Yigit,Arslan,Yigit,Arslan,Y,A,Y,A,Y. Arslan,BESIKTAS GAIN,BJK,Y. Arslan,7,,,9.3599996566772,46.610000610352,1.0,P2,made,BESIKTAS GAIN Y. ARSLAN 2Pt made,,,,,,,,,2,173,2.0,score,2,63,0,55
09:35,09:35:00,63,55,8,2,4,REGULAR,75,K. ALLMAN,0,2pt,571,,[],jumpshot,1,1,Kyle Lindsay,Allman,Kyle Lindsay,Allman,K,A,K,A,K. Allman,TÜRK TELEKOM,TTK,K. Allman,1,,,83.150001525879,80.790000915527,0.0,P2,missed,TÜRK TELEKOM K. ALLMAN 2Pt missed,,,,,,,,,0,174,1.0,def_reb,0,63,0,55
09:33,09:33:00,63,55,8,1,4,REGULAR,62,A. ZIZIC,1,rebound,572,571,[],defensive,0,41,Ante Toni,Zizic,Ante Toni,Zizic,A,Z,A,Z,A. Zizic,BESIKTAS GAIN,BJK,A. Zizic,41,,,,,,REB,,BESIKTAS GAIN rebound defensive,,,,,,,,,0,175,2.0,def_reb,0,63,0,55
09:18,09:18:00,65,55,10,1,4,REGULAR,71,D. DOTSON,1,2pt,573,,['pointsinthepaint'],floatingjumpshot,1,1,Devon Durrell,Dotson,Devon Durrell,Dotson,D,D,D,D,D. Dotson,BESIKTAS GAIN,BJK,D. Dotson,1,,,10.920000076294,59.889999389648,1.0,P2,made,BESIKTAS GAIN D. DOTSON 2Pt made,,,,,,,,,2,176,1.0,score,2,65,0,55
08:53,08:53:00,65,55,10,2,4,REGULAR,5,D. ÖZDEMIROGLU,0,2pt,574,,['pointsinthepaint'],drivinglayup,1,18,Dogus,Özdemiroglu,Dogus,Özdemiroglu,D,Ö,D,Ö,D. Özdemiroglu,TÜRK TELEKOM,TTK,D. Özdemiroglu,18,,,93.449996948242,47.459999084473,0.0,P2,missed,TÜRK TELEKOM D. ÖZDEMIROGLU 2Pt missed,,,,,,,,,0,177,2.0,def_reb,0,65,0,55
08:50,08:50:00,65,55,10,1,4,REGULAR,62,A. ZIZIC,1,rebound,575,574,[],defensive,0,41,Ante Toni,Zizic,Ante Toni,Zizic,A,Z,A,Z,A. Zizic,BESIKTAS GAIN,BJK,A. Zizic,41,,,,,,REB,,BESIKTAS GAIN rebound defensive,,,,,,,,,0,178,1.0,def_reb,0,65,0,55
08:27,08:27:00,65,55,10,1,4,REGULAR,68,V. BROWN,0,2pt,576,,"['pointsinthepaint', 'blocked']",layup,1,33,Vittorio,Brown,Vittorio,Brown,V,B,V,B,V. Brown,BESIKTAS GAIN,BJK,V. Brown,33,,,7.3299999237061,56.5,0.0,P2,missed,BESIKTAS GAIN V. BROWN 2Pt missed,,,,78.0,2.0,K. BANKSTON,,,0,179,2.0,,0,65,0,55
08:27,08:27:00,65,55,10,2,4,REGULAR,78,K. BANKSTON,1,block,577,576,[],,0,30,Kristeon Lamar,Bankston,Kristeon Lamar,Bankston,K,B,K,B,K. Bankston,TÜRK TELEKOM,TTK,K. Bankston,30,,,,,,BS,,TÜRK TELEKOM K. BANKSTON block,,,,,,,,,0,179,2.0,,0,65,0,55
08:22,08:22:00,65,55,10,2,4,REGULAR,75,K. ALLMAN,1,rebound,578,576,[],defensive,0,1,Kyle Lindsay,Allman,Kyle Lindsay,Allman,K,A,K,A,K. Allman,TÜRK TELEKOM,TTK,K. Allman,1,,,,,,REB,,TÜRK TELEKOM rebound defensive,,,,,,,,,0,179,2.0,def_reb,0,65,0,55
08:21,08:21:00,65,55,10,1,4,REGULAR,70,J. MATHEWS,1,foul,580,,[],personal,0,0,Jonah Kenneth,Mathews,Jonah Kenneth,Mathews,J,M,J,M,J. Mathews,BESIKTAS GAIN,BJK,J. Mathews,0,,,,,,FOUL,,BESIKTAS GAIN J. MATHEWS foul personal,,,,,,,,,0,180,1.0,,0,65,0,55
08:21,08:21:00,65,55,10,2,4,REGULAR,75,K. ALLMAN,1,foulon,581,580,[],,0,1,Kyle Lindsay,Allman,Kyle Lindsay,Allman,K,A,K,A,K. Allman,TÜRK TELEKOM,TTK,K. Allman,1,,,,,,OTHER,,TÜRK TELEKOM foulon,,,,,,,,,0,180,1.0,,0,65,0,55
08:21,08:21:00,65,55,10,2,4,REGULAR,5,D. ÖZDEMIROGLU,1,substitution,582,,[],out,0,18,Dogus,Özdemiroglu,Dogus,Özdemiroglu,D,Ö,D,Ö,D. Özdemiroglu,TÜRK TELEKOM,TTK,D. Özdemiroglu,18,,,,,,SUB,out,TÜRK TELEKOM substitution out,,,,,,,,,0,180,1.0,,0,65,0,55
08:21,08:21:00,65,55,10,2,4,REGULAR,74,J. USHER,1,substitution,583,,[],in,0,8,Jordan Emanuel ,Usher,Jordan Emanuel ,Usher,J,U,J,U,J. Usher,TÜRK TELEKOM,TTK,J. Usher,8,,,,,,SUB,in,TÜRK TELEKOM substitution in,,,,,,,,,0,180,1.0,,0,65,0,55
08:21,08:21:00,65,55,10,2,4,REGULAR,0,,1,headcoachchallenge,584,,['rejected'],foul,0,,,,,,,,,,,TÜRK TELEKOM,TTK,,,,,,,,OTHER,,TÜRK TELEKOM headcoachchallenge foul,,,,,,,,,0,180,1.0,,0,65,0,55
08:08,08:08:00,65,57,8,2,4,REGULAR,75,K. ALLMAN,1,2pt,588,,['pointsinthepaint'],eurostep,1,1,Kyle Lindsay,Allman,Kyle Lindsay,Allman,K,A,K,A,K. Allman,TÜRK TELEKOM,TTK,K. Allman,1,,,89.550003051758,46.330001831055,1.0,P2,made,TÜRK TELEKOM K. ALLMAN 2Pt made,,,,,,,,,2,180,1.0,score,0,65,2,57
07:53,07:53:00,68,57,11,1,4,REGULAR,71,D. DOTSON,1,3pt,590,,[],jumpshot,1,1,Devon Durrell,Dotson,Devon Durrell,Dotson,D,D,D,D,D. Dotson,BESIKTAS GAIN,BJK,D. Dotson,1,,,17.319999694824,9.3199996948242,1.0,P3,made,BESIKTAS GAIN D. DOTSON 3Pt made,70.0,1.0,J. MATHEWS,,,,,,3,181,2.0,score,3,68,0,57
07:53,07:53:00,68,57,11,1,4,REGULAR,70,J. MATHEWS,1,assist,591,590,[],,0,0,Jonah Kenneth,Mathews,Jonah Kenneth,Mathews,J,M,J,M,J. Mathews,BESIKTAS GAIN,BJK,J. Mathews,0,,,,,,ASS,,BESIKTAS GAIN J. MATHEWS assist,,,,,,,,,0,182,1.0,,0,68,0,57
07:53,07:53:00,68,57,11,2,4,REGULAR,0,,1,timeout,592,,[],full,0,,,,,,,,,,,TÜRK TELEKOM,TTK,,,,,,,,TIMEOUT,,TÜRK TELEKOM timeout,,,,,,,,,0,182,1.0,,0,68,0,57
07:53,07:53:00,68,57,11,2,4,REGULAR,74,J. USHER,1,substitution,593,,[],out,0,8,Jordan Emanuel ,Usher,Jordan Emanuel ,Usher,J,U,J,U,J. Usher,TÜRK TELEKOM,TTK,J. Usher,8,,,,,,SUB,out,TÜRK TELEKOM substitution out,,,,,,,,,0,182,1.0,,0,68,0,57
07:53,07:53:00,68,57,11,2,4,REGULAR,8,Y. GÜLTEKIN,1,substitution,594,,[],in,0,19,Yavuz,Gültekin,Yavuz,Gültekin,Y,G,Y,G,Y. Gültekin,TÜRK TELEKOM,TTK,Y. Gültekin,19,,,,,,SUB,in,TÜRK TELEKOM substitution in,,,,,,,,,0,182,1.0,,0,68,0,57
07:39,07:39:00,68,59,9,2,4,REGULAR,78,K. BANKSTON,1,2pt,596,,['pointsinthepaint'],dunk,1,30,Kristeon Lamar,Bankston,Kristeon Lamar,Bankston,K,B,K,B,K. Bankston,TÜRK TELEKOM,TTK,K. Bankston,30,,,94.540000915527,49.439998626709,1.0,P2,made,TÜRK TELEKOM K. BANKSTON 2Pt made,75.0,2.0,K. ALLMAN,,,,,,2,182,1.0,score,0,68,2,59
07:39,07:39:00,68,59,9,2,4,REGULAR,75,K. ALLMAN,1,assist,597,596,[],,0,1,Kyle Lindsay,Allman,Kyle Lindsay,Allman,K,A,K,A,K. Allman,TÜRK TELEKOM,TTK,K. Allman,1,,,,,,ASS,,TÜRK TELEKOM K. ALLMAN assist,,,,,,,,,0,183,2.0,,0,68,0,59
07:20,07:20:00,71,59,12,1,4,REGULAR,70,J. MATHEWS,1,3pt,598,,[],jumpshot,1,0,Jonah Kenneth,Mathews,Jonah Kenneth,Mathews,J,M,J,M,J. Mathews,BESIKTAS GAIN,BJK,J. Mathews,0,,,28.389999389648,29.379999160767,1.0,P3,made,BESIKTAS GAIN J. MATHEWS 3Pt made,71.0,1.0,D. DOTSON,,,,,,3,183,2.0,score,3,71,0,59
07:20,07:20:00,71,59,12,1,4,REGULAR,71,D. DOTSON,1,assist,599,598,[],,0,1,Devon Durrell,Dotson,Devon Durrell,Dotson,D,D,D,D,D. Dotson,BESIKTAS GAIN,BJK,D. Dotson,1,,,,,,ASS,,BESIKTAS GAIN D. DOTSON assist,,,,,,,,,0,184,1.0,,0,71,0,59
07:18,07:18:00,71,59,12,2,4,REGULAR,8,Y. GÜLTEKIN,1,substitution,608,,[],out,0,19,Yavuz,Gültekin,Yavuz,Gültekin,Y,G,Y,G,Y. Gültekin,TÜRK TELEKOM,TTK,Y. Gültekin,19,,,,,,SUB,out,TÜRK TELEKOM substitution out,,,,,,,,,0,184,1.0,,0,71,0,59
07:18,07:18:00,71,59,12,2,4,REGULAR,5,D. ÖZDEMIROGLU,1,substitution,609,,[],in,0,18,Dogus,Özdemiroglu,Dogus,Özdemiroglu,D,Ö,D,Ö,D. Özdemiroglu,TÜRK TELEKOM,TTK,D. Özdemiroglu,18,,,,,,SUB,in,TÜRK TELEKOM substitution in,,,,,,,,,0,184,1.0,,0,71,0,59
07:01,07:01:00,71,59,12,1,4,REGULAR,74,Y. ARSLAN,1,foul,612,,[],personal,0,7,Yigit,Arslan,Yigit,Arslan,Y,A,Y,A,Y. Arslan,BESIKTAS GAIN,BJK,Y. Arslan,7,,,,,,FOUL,,BESIKTAS GAIN Y. ARSLAN foul personal,,,,,,,,,0,184,1.0,,0,71,0,59
07:01,07:01:00,71,59,12,2,4,REGULAR,78,K. BANKSTON,1,foulon,613,612,[],,0,30,Kristeon Lamar,Bankston,Kristeon Lamar,Bankston,K,B,K,B,K. Bankston,TÜRK TELEKOM,TTK,K. Bankston,30,,,,,,OTHER,,TÜRK TELEKOM foulon,,,,,,,,,0,184,1.0,,0,71,0,59
07:01,07:01:00,71,59,12,2,4,REGULAR,7,B. DURMAZ,1,substitution,614,,[],out,0,3,Berkan,Durmaz,Berkan,Durmaz,B,D,B,D,B. Durmaz,TÜRK TELEKOM,TTK,B. Durmaz,3,,,,,,SUB,out,TÜRK TELEKOM substitution out,,,,,,,,,0,184,1.0,,0,71,0,59
07:01,07:01:00,71,59,12,2,4,REGULAR,76,M. SIMONOVIC,1,substitution,615,,[],in,0,11,Marko,Simonovic,Marko,Simonovic,M,S,M,S,M. Simonovic,TÜRK TELEKOM,TTK,M. Simonovic,11,,,,,,SUB,in,TÜRK TELEKOM substitution in,,,,,,,,,0,184,1.0,,0,71,0,59
06:55,06:55:00,71,62,9,2,4,REGULAR,75,K. ALLMAN,1,3pt,617,,[],jumpshot,1,1,Kyle Lindsay,Allman,Kyle Lindsay,Allman,K,A,K,A,K. Allman,TÜRK TELEKOM,TTK,K. Allman,1,,,80.660003662109,90.959999084473,1.0,P3,made,TÜRK TELEKOM K. ALLMAN 3Pt made,,,,,,,,,3,184,1.0,score,0,71,3,62
06:36,06:36:00,74,62,12,1,4,REGULAR,71,D. DOTSON,1,3pt,618,,[],jumpshot,1,1,Devon Durrell,Dotson,Devon Durrell,Dotson,D,D,D,D,D. Dotson,BESIKTAS GAIN,BJK,D. Dotson,1,,,29.639999389648,73.730003356934,1.0,P3,made,BESIKTAS GAIN D. DOTSON 3Pt made,,,,,,,,,3,185,2.0,score,3,74,0,62
06:22,06:22:00,74,64,10,2,4,REGULAR,78,K. BANKSTON,1,2pt,620,,['pointsinthepaint'],alleyoop,1,30,Kristeon Lamar,Bankston,Kristeon Lamar,Bankston,K,B,K,B,K. Bankston,TÜRK TELEKOM,TTK,K. Bankston,30,,,93.599998474121,53.669998168945,1.0,P2,made,TÜRK TELEKOM K. BANKSTON 2Pt made,77.0,2.0,J. SMITH,,,,,,2,186,1.0,score,0,74,2,64
06:22,06:22:00,74,64,10,2,4,REGULAR,77,J. SMITH,1,assist,621,620,[],,0,9,Jaleen Devon,Smith,Jaleen Devon,Smith,J,S,J,S,J. Smith,TÜRK TELEKOM,TTK,J. Smith,9,,,,,,ASS,,TÜRK TELEKOM J. SMITH assist,,,,,,,,,0,187,2.0,,0,74,0,64
06:22,06:22:00,74,64,10,1,4,REGULAR,70,J. MATHEWS,1,foul,622,,"['shooting', '1freethrow']",personal,0,0,Jonah Kenneth,Mathews,Jonah Kenneth,Mathews,J,M,J,M,J. Mathews,BESIKTAS GAIN,BJK,J. Mathews,0,,,,,,FOUL,,BESIKTAS GAIN J. MATHEWS foul personal,,,,,,,,,0,187,2.0,,0,74,0,64
06:22,06:22:00,74,64,10,2,4,REGULAR,78,K. BANKSTON,1,foulon,623,622,[],,0,30,Kristeon Lamar,Bankston,Kristeon Lamar,Bankston,K,B,K,B,K. Bankston,TÜRK TELEKOM,TTK,K. Bankston,30,,,,,,OTHER,,TÜRK TELEKOM foulon,,,,,,,,,0,187,2.0,,0,74,0,64
06:22,06:22:00,74,65,9,2,4,REGULAR,78,K. BANKSTON,1,freethrow,624,,[],1of1,1,30,Kristeon Lamar,Bankston,Kristeon Lamar,Bankston,K,B,K,B,K. Bankston,TÜRK TELEKOM,TTK,K. Bankston,30,,,,,,FT,made,TÜRK TELEKOM K. BANKSTON FT 1of1 made,,,,,,,,,1,187,2.0,made_ft_last,0,74,1,65
06:17,06:17:00,74,65,9,2,4,REGULAR,76,M. SIMONOVIC,1,foul,627,,[],personal,0,11,Marko,Simonovic,Marko,Simonovic,M,S,M,S,M. Simonovic,TÜRK TELEKOM,TTK,M. Simonovic,11,,,,,,FOUL,,TÜRK TELEKOM M. SIMONOVIC foul personal,,,,,,,,,0,188,1.0,,0,74,0,65
06:17,06:17:00,74,65,9,1,4,REGULAR,71,D. DOTSON,1,foulon,628,627,[],,0,1,Devon Durrell,Dotson,Devon Durrell,Dotson,D,D,D,D,D. Dotson,BESIKTAS GAIN,BJK,D. Dotson,1,,,,,,OTHER,,BESIKTAS GAIN foulon,,,,,,,,,0,188,1.0,,0,74,0,65
06:03,06:03:00,74,65,9,1,4,REGULAR,70,J. MATHEWS,0,2pt,630,,[],fadeaway,1,0,Jonah Kenneth,Mathews,Jonah Kenneth,Mathews,J,M,J,M,J. Mathews,BESIKTAS GAIN,BJK,J. Mathews,0,,,19.809999465942,28.25,0.0,P2,missed,BESIKTAS GAIN J. MATHEWS 2Pt missed,,,,,,,,,0,188,1.0,,0,74,0,65
06:00,06:00:00,74,65,9,1,4,REGULAR,62,A. ZIZIC,1,rebound,632,630,[],offensive,0,41,Ante Toni,Zizic,Ante Toni,Zizic,A,Z,A,Z,A. Zizic,BESIKTAS GAIN,BJK,A. Zizic,41,,,,,,REB,,BESIKTAS GAIN rebound offensive,,,,,,,,,0,188,1.0,,0,74,0,65
06:00,06:00:00,74,65,9,1,4,REGULAR,0,,1,headcoachchallenge,634,,['accepted'],foul,0,,,,,,,,,,,BESIKTAS GAIN,BJK,,,,,,,,OTHER,,BESIKTAS GAIN headcoachchallenge foul,,,,,,,,,0,188,1.0,,0,74,0,65
06:00,06:00:00,74,65,9,2,4,REGULAR,5,D. ÖZDEMIROGLU,1,foul,635,,['2freethrow'],unsportsmanlike,0,18,Dogus,Özdemiroglu,Dogus,Özdemiroglu,D,Ö,D,Ö,D. Özdemiroglu,TÜRK TELEKOM,TTK,D. Özdemiroglu,18,,,,,,FOUL,,TÜRK TELEKOM D. ÖZDEMIROGLU foul unsportsmanlike,,,,,,,,,0,188,1.0,,0,74,0,65
06:00,06:00:00,74,65,9,2,4,REGULAR,5,D. ÖZDEMIROGLU,1,turnover,636,635,[],offensive,0,18,Dogus,Özdemiroglu,Dogus,Özdemiroglu,D,Ö,D,Ö,D. Özdemiroglu,TÜRK TELEKOM,TTK,D. Özdemiroglu,18,,,,,,TO,,TÜRK TELEKOM D. ÖZDEMIROGLU turnover offensive,,,,,,,,,0,188,1.0,turnover,0,74,0,65
06:00,06:00:00,74,65,9,1,4,REGULAR,62,A. ZIZIC,1,foulon,637,635,[],,0,41,Ante Toni,Zizic,Ante Toni,Zizic,A,Z,A,Z,A. Zizic,BESIKTAS GAIN,BJK,A. Zizic,41,,,,,,OTHER,,BESIKTAS GAIN foulon,,,,,,,,,0,189,2.0,,0,74,0,65
06:00,06:00:00,75,65,10,1,4,REGULAR,62,A. ZIZIC,1,freethrow,638,,['fromturnover'],1of2,1,41,Ante Toni,Zizic,Ante Toni,Zizic,A,Z,A,Z,A. Zizic,BESIKTAS GAIN,BJK,A. Zizic,41,,,,,,FT,made,BESIKTAS GAIN A. ZIZIC FT 1of2 made,,,,,,,,,1,189,2.0,made_ft,1,75,0,65
06:00,06:00:00,75,65,10,1,4,REGULAR,62,A. ZIZIC,0,freethrow,639,,['fromturnover'],2of2,1,41,Ante Toni,Zizic,Ante Toni,Zizic,A,Z,A,Z,A. Zizic,BESIKTAS GAIN,BJK,A. Zizic,41,,,,,,FT,missed,BESIKTAS GAIN A. ZIZIC FT 2of2 missed,,,,,,,,,0,190,1.0,,0,75,0,65
05:51,05:51:00,75,65,10,1,4,REGULAR,71,D. DOTSON,0,3pt,641,,[],jumpshot,1,1,Devon Durrell,Dotson,Devon Durrell,Dotson,D,D,D,D,D. Dotson,BESIKTAS GAIN,BJK,D. Dotson,1,,,32.450000762939,48.020000457764,0.0,P3,missed,BESIKTAS GAIN D. DOTSON 3Pt missed,,,,,,,,,0,190,1.0,def_reb,0,75,0,65
05:49,05:49:00,75,65,10,2,4,REGULAR,5,D. ÖZDEMIROGLU,1,rebound,642,641,[],defensive,0,18,Dogus,Özdemiroglu,Dogus,Özdemiroglu,D,Ö,D,Ö,D. Özdemiroglu,TÜRK TELEKOM,TTK,D. Özdemiroglu,18,,,,,,REB,,TÜRK TELEKOM rebound defensive,,,,,,,,,0,191,2.0,def_reb,0,75,0,65
05:36,05:36:00,75,65,10,1,4,REGULAR,62,A. ZIZIC,1,foul,646,,[],personal,0,41,Ante Toni,Zizic,Ante Toni,Zizic,A,Z,A,Z,A. Zizic,BESIKTAS GAIN,BJK,A. Zizic,41,,,,,,FOUL,,BESIKTAS GAIN A. ZIZIC foul personal,,,,,,,,,0,192,1.0,,0,75,0,65
05:36,05:36:00,75,65,10,2,4,REGULAR,75,K. ALLMAN,1,foulon,647,646,[],,0,1,Kyle Lindsay,Allman,Kyle Lindsay,Allman,K,A,K,A,K. Allman,TÜRK TELEKOM,TTK,K. Allman,1,,,,,,OTHER,,TÜRK TELEKOM foulon,,,,,,,,,0,192,1.0,,0,75,0,65
05:32,05:32:00,75,65,10,2,4,REGULAR,75,K. ALLMAN,0,2pt,649,,['pointsinthepaint'],layup,1,1,Kyle Lindsay,Allman,Kyle Lindsay,Allman,K,A,K,A,K. Allman,TÜRK TELEKOM,TTK,K. Allman,1,,,92.040000915527,48.590000152588,0.0,P2,missed,TÜRK TELEKOM K. ALLMAN 2Pt missed,,,,,,,,,0,192,1.0,,0,75,0,65
05:28,05:28:00,75,65,10,2,4,REGULAR,78,K. BANKSTON,1,rebound,650,649,[],offensive,0,30,Kristeon Lamar,Bankston,Kristeon Lamar,Bankston,K,B,K,B,K. Bankston,TÜRK TELEKOM,TTK,K. Bankston,30,,,,,,REB,,TÜRK TELEKOM rebound offensive,,,,,,,,,0,192,1.0,,0,75,0,65
05:28,05:28:00,75,67,8,2,4,REGULAR,78,K. BANKSTON,1,2pt,651,,"['2ndchance', 'pointsinthepaint']",tipinlayup,1,30,Kristeon Lamar,Bankston,Kristeon Lamar,Bankston,K,B,K,B,K. Bankston,TÜRK TELEKOM,TTK,K. Bankston,30,,,94.0,50.0,1.0,P2,made,TÜRK TELEKOM K. BANKSTON 2Pt made,,,,,,,,,2,192,1.0,score,0,75,2,67
05:16,05:16:00,75,67,8,1,4,REGULAR,68,V. BROWN,0,2pt,652,,"['pointsinthepaint', 'blocked']",layup,1,33,Vittorio,Brown,Vittorio,Brown,V,B,V,B,V. Brown,BESIKTAS GAIN,BJK,V. Brown,33,,,9.1999998092651,54.240001678467,0.0,P2,missed,BESIKTAS GAIN V. BROWN 2Pt missed,,,,78.0,2.0,K. BANKSTON,,,0,193,2.0,,0,75,0,67
05:16,05:16:00,75,67,8,2,4,REGULAR,78,K. BANKSTON,1,block,653,652,[],,0,30,Kristeon Lamar,Bankston,Kristeon Lamar,Bankston,K,B,K,B,K. Bankston,TÜRK TELEKOM,TTK,K. Bankston,30,,,,,,BS,,TÜRK TELEKOM K. BANKSTON block,,,,,,,,,0,193,2.0,,0,75,0,67
05:11,05:11:00,75,67,8,2,4,REGULAR,77,J. SMITH,1,rebound,654,652,[],defensive,0,9,Jaleen Devon,Smith,Jaleen Devon,Smith,J,S,J,S,J. Smith,TÜRK TELEKOM,TTK,J. Smith,9,,,,,,REB,,TÜRK TELEKOM rebound defensive,,,,,,,,,0,193,2.0,def_reb,0,75,0,67
05:08,05:08:00,75,69,6,2,4,REGULAR,76,M. SIMONOVIC,1,2pt,656,,"['pointsinthepaint', 'fastbreak']",layup,1,11,Marko,Simonovic,Marko,Simonovic,M,S,M,S,M. Simonovic,TÜRK TELEKOM,TTK,M. Simonovic,11,,,91.889999389648,46.049999237061,1.0,P2,made,TÜRK TELEKOM M. SIMONOVIC 2Pt made,5.0,2.0,D. ÖZDEMIROGLU,,,,,,2,194,1.0,score,0,75,2,69
05:08,05:08:00,75,69,6,2,4,REGULAR,5,D. ÖZDEMIROGLU,1,assist,657,656,[],,0,18,Dogus,Özdemiroglu,Dogus,Özdemiroglu,D,Ö,D,Ö,D. Özdemiroglu,TÜRK TELEKOM,TTK,D. Özdemiroglu,18,,,,,,ASS,,TÜRK TELEKOM D. ÖZDEMIROGLU assist,,,,,,,,,0,195,2.0,,0,75,0,69
05:06,05:06:00,75,69,6,1,4,REGULAR,71,D. DOTSON,1,substitution,660,,[],out,0,1,Devon Durrell,Dotson,Devon Durrell,Dotson,D,D,D,D,D. Dotson,BESIKTAS GAIN,BJK,D. Dotson,1,,,,,,SUB,out,BESIKTAS GAIN substitution out,,,,,,,,,0,195,2.0,,0,75,0,69
05:06,05:06:00,75,69,6,1,4,REGULAR,75,B. UGURLU,1,substitution,661,,[],in,0,6,Berk Ibrahim,Ugurlu,Berk Ibrahim,Ugurlu,B,U,B,U,B. Ugurlu,BESIKTAS GAIN,BJK,B. Ugurlu,6,,,,,,SUB,in,BESIKTAS GAIN substitution in,,,,,,,,,0,195,2.0,,0,75,0,69
04:46,04:46:00,75,69,6,1,4,REGULAR,75,B. UGURLU,0,2pt,663,,"['pointsinthepaint', 'blocked']",layup,1,6,Berk Ibrahim,Ugurlu,Berk Ibrahim,Ugurlu,B,U,B,U,B. Ugurlu,BESIKTAS GAIN,BJK,B. Ugurlu,6,,,7.8000001907349,42.939998626709,0.0,P2,missed,BESIKTAS GAIN B. UGURLU 2Pt missed,,,,75.0,2.0,K. ALLMAN,,,0,195,2.0,,0,75,0,69
04:46,04:46:00,75,69,6,2,4,REGULAR,75,K. ALLMAN,1,block,665,663,[],,0,1,Kyle Lindsay,Allman,Kyle Lindsay,Allman,K,A,K,A,K. Allman,TÜRK TELEKOM,TTK,K. Allman,1,,,,,,BS,,TÜRK TELEKOM K. ALLMAN block,,,,,,,,,0,195,2.0,,0,75,0,69
04:44,04:44:00,75,69,6,2,4,REGULAR,0,,1,rebound,666,663,['team'],defensive,0,,,,,,,,,,,TÜRK TELEKOM,TTK,,,,,,,,TREB,,TÜRK TELEKOM team rebound defensive,,,,,,,,,0,195,2.0,def_reb,0,75,0,69
04:29,04:29:00,75,69,6,2,4,REGULAR,77,J. SMITH,1,turnover,670,,[],badpass,0,9,Jaleen Devon,Smith,Jaleen Devon,Smith,J,S,J,S,J. Smith,TÜRK TELEKOM,TTK,J. Smith,9,,,,,,TO,,TÜRK TELEKOM J. SMITH turnover badpass,,,,,,,,,0,196,1.0,turnover,0,75,0,69
04:18,04:18:00,75,69,6,1,4,REGULAR,70,J. MATHEWS,0,3pt,672,,['fromturnover'],jumpshot,1,0,Jonah Kenneth,Mathews,Jonah Kenneth,Mathews,J,M,J,M,J. Mathews,BESIKTAS GAIN,BJK,J. Mathews,0,,,29.950000762939,36.159999847412,0.0,P3,missed,BESIKTAS GAIN J. MATHEWS 3Pt missed,,,,,,,,,0,197,2.0,def_reb,0,75,0,69
04:16,04:16:00,75,69,6,2,4,REGULAR,75,K. ALLMAN,1,rebound,673,672,[],defensive,0,1,Kyle Lindsay,Allman,Kyle Lindsay,Allman,K,A,K,A,K. Allman,TÜRK TELEKOM,TTK,K. Allman,1,,,,,,REB,,TÜRK TELEKOM rebound defensive,,,,,,,,,0,198,1.0,def_reb,0,75,0,69
04:14,04:14:00,75,69,6,2,4,REGULAR,75,K. ALLMAN,1,turnover,674,,[],badpass,0,1,Kyle Lindsay,Allman,Kyle Lindsay,Allman,K,A,K,A,K. Allman,TÜRK TELEKOM,TTK,K. Allman,1,,,,,,TO,,TÜRK TELEKOM K. ALLMAN turnover badpass,,,,,,,,,0,199,2.0,turnover,0,75,0,69
04:14,04:14:00,75,69,6,1,4,REGULAR,70,J. MATHEWS,1,steal,675,674,[],,0,0,Jonah Kenneth,Mathews,Jonah Kenneth,Mathews,J,M,J,M,J. Mathews,BESIKTAS GAIN,BJK,J. Mathews,0,,,,,,ST,,BESIKTAS GAIN J. MATHEWS steal,,,,,,,,,0,200,1.0,,0,75,0,69
03:54,03:54:00,75,69,6,1,4,REGULAR,68,V. BROWN,0,3pt,676,,['fromturnover'],jumpshot,1,33,Vittorio,Brown,Vittorio,Brown,V,B,V,B,V. Brown,BESIKTAS GAIN,BJK,V. Brown,33,,,5.3000001907349,96.330001831055,0.0,P3,missed,BESIKTAS GAIN V. BROWN 3Pt missed,,,,,,,,,0,200,1.0,def_reb,0,75,0,69
03:53,03:53:00,75,69,6,1,4,REGULAR,0,,1,rebound,678,676,['team'],offensive,0,,,,,,,,,,,BESIKTAS GAIN,BJK,,,,,,,,TREB,,BESIKTAS GAIN team rebound offensive,,,,,,,,,0,201,2.0,def_reb,0,75,0,69
03:53,03:53:00,75,69,6,1,4,REGULAR,74,Y. ARSLAN,1,substitution,679,,[],out,0,7,Yigit,Arslan,Yigit,Arslan,Y,A,Y,A,Y. Arslan,BESIKTAS GAIN,BJK,Y. Arslan,7,,,,,,SUB,out,BESIKTAS GAIN substitution out,,,,,,,,,0,202,1.0,,0,75,0,69
03:53,03:53:00,75,69,6,1,4,REGULAR,67,A. BROWN,1,substitution,680,,[],in,0,21,Anthony Lejohn,Brown,Anthony Lejohn,Brown,A,B,A,B,A. Brown,BESIKTAS GAIN,BJK,A. Brown,21,,,,,,SUB,in,BESIKTAS GAIN substitution in,,,,,,,,,0,202,1.0,,0,75,0,69
03:44,03:44:00,75,69,6,1,4,REGULAR,70,J. MATHEWS,1,turnover,683,,[],badpass,0,0,Jonah Kenneth,Mathews,Jonah Kenneth,Mathews,J,M,J,M,J. Mathews,BESIKTAS GAIN,BJK,J. Mathews,0,,,,,,TO,,BESIKTAS GAIN J. MATHEWS turnover badpass,,,,,,,,,0,202,1.0,turnover,0,75,0,69
03:21,03:21:00,75,69,6,2,4,REGULAR,75,K. ALLMAN,0,3pt,685,,['fromturnover'],jumpshot,1,1,Kyle Lindsay,Allman,Kyle Lindsay,Allman,K,A,K,A,K. Allman,TÜRK TELEKOM,TTK,K. Allman,1,,,85.959999084473,6.210000038147,0.0,P3,missed,TÜRK TELEKOM K. ALLMAN 3Pt missed,,,,,,,,,0,203,2.0,def_reb,0,75,0,69
03:19,03:19:00,75,69,6,1,4,REGULAR,70,J. MATHEWS,1,rebound,686,685,[],defensive,0,0,Jonah Kenneth,Mathews,Jonah Kenneth,Mathews,J,M,J,M,J. Mathews,BESIKTAS GAIN,BJK,J. Mathews,0,,,,,,REB,,BESIKTAS GAIN rebound defensive,,,,,,,,,0,204,1.0,def_reb,0,75,0,69
02:57,02:57:00,75,69,6,1,4,REGULAR,0,,1,turnover,688,,['team'],24sec,0,,,,,,,,,,,BESIKTAS GAIN,BJK,,,,,,,,TO,,BESIKTAS GAIN  turnover 24sec,,,,,,,,,0,205,2.0,turnover,0,75,0,69
02:41,02:41:00,75,69,6,2,4,REGULAR,77,J. SMITH,0,2pt,690,,"['fromturnover', 'pointsinthepaint']",jumpshot,1,9,Jaleen Devon,Smith,Jaleen Devon,Smith,J,S,J,S,J. Smith,TÜRK TELEKOM,TTK,J. Smith,9,,,86.73999786377,60.169998168945,0.0,P2,missed,TÜRK TELEKOM J. SMITH 2Pt missed,,,,,,,,,0,206,1.0,,0,75,0,69
02:38,02:38:00,75,69,6,2,4,REGULAR,78,K. BANKSTON,1,rebound,691,690,[],offensive,0,30,Kristeon Lamar,Bankston,Kristeon Lamar,Bankston,K,B,K,B,K. Bankston,TÜRK TELEKOM,TTK,K. Bankston,30,,,,,,REB,,TÜRK TELEKOM rebound offensive,,,,,,,,,0,206,1.0,,0,75,0,69
02:33,02:33:00,75,69,6,2,4,REGULAR,5,D. ÖZDEMIROGLU,0,2pt,692,,"['2ndchance', 'fromturnover', 'pointsinthepaint']",layup,1,18,Dogus,Özdemiroglu,Dogus,Özdemiroglu,D,Ö,D,Ö,D. Özdemiroglu,TÜRK TELEKOM,TTK,D. Özdemiroglu,18,,,93.449996948242,47.180000305176,0.0,P2,missed,TÜRK TELEKOM D. ÖZDEMIROGLU 2Pt missed,,,,,,,,,0,206,1.0,,0,75,0,69
02:29,02:29:00,75,69,6,2,4,REGULAR,76,M. SIMONOVIC,1,rebound,693,692,[],offensive,0,11,Marko,Simonovic,Marko,Simonovic,M,S,M,S,M. Simonovic,TÜRK TELEKOM,TTK,M. Simonovic,11,,,,,,REB,,TÜRK TELEKOM rebound offensive,,,,,,,,,0,206,1.0,,0,75,0,69
02:29,02:29:00,75,69,6,2,4,REGULAR,76,M. SIMONOVIC,0,2pt,694,,"['2ndchance', 'fromturnover', 'pointsinthepaint']",tipinlayup,1,11,Marko,Simonovic,Marko,Simonovic,M,S,M,S,M. Simonovic,TÜRK TELEKOM,TTK,M. Simonovic,11,,,94.0,50.0,0.0,P2,missed,TÜRK TELEKOM M. SIMONOVIC 2Pt missed,,,,,,,,,0,206,1.0,,0,75,0,69
02:28,02:28:00,75,69,6,2,4,REGULAR,76,M. SIMONOVIC,1,rebound,695,694,[],offensive,0,11,Marko,Simonovic,Marko,Simonovic,M,S,M,S,M. Simonovic,TÜRK TELEKOM,TTK,M. Simonovic,11,,,,,,REB,,TÜRK TELEKOM rebound offensive,,,,,,,,,0,206,1.0,,0,75,0,69
02:28,02:28:00,75,71,4,2,4,REGULAR,76,M. SIMONOVIC,1,2pt,696,,"['2ndchance', 'fromturnover', 'pointsinthepaint']",tipinlayup,1,11,Marko,Simonovic,Marko,Simonovic,M,S,M,S,M. Simonovic,TÜRK TELEKOM,TTK,M. Simonovic,11,,,94.0,50.0,1.0,P2,made,TÜRK TELEKOM M. SIMONOVIC 2Pt made,,,,,,,,,2,206,1.0,score,0,75,2,71
02:07,02:07:00,75,71,4,1,4,REGULAR,62,A. ZIZIC,0,2pt,697,,"['pointsinthepaint', '2ndchance']",jumpshot,1,41,Ante Toni,Zizic,Ante Toni,Zizic,A,Z,A,Z,A. Zizic,BESIKTAS GAIN,BJK,A. Zizic,41,,,9.1999998092651,52.259998321533,0.0,P2,missed,BESIKTAS GAIN A. ZIZIC 2Pt missed,,,,,,,,,0,207,2.0,,0,75,0,71
02:04,02:04:00,75,71,4,1,4,REGULAR,62,A. ZIZIC,1,rebound,698,697,[],offensive,0,41,Ante Toni,Zizic,Ante Toni,Zizic,A,Z,A,Z,A. Zizic,BESIKTAS GAIN,BJK,A. Zizic,41,,,,,,REB,,BESIKTAS GAIN rebound offensive,,,,,,,,,0,207,2.0,,0,75,0,71
02:03,02:03:00,75,71,4,1,4,REGULAR,62,A. ZIZIC,0,2pt,699,,"['2ndchance', 'pointsinthepaint', 'blocked']",jumpshot,1,41,Ante Toni,Zizic,Ante Toni,Zizic,A,Z,A,Z,A. Zizic,BESIKTAS GAIN,BJK,A. Zizic,41,,,10.920000076294,48.869998931885,0.0,P2,missed,BESIKTAS GAIN A. ZIZIC 2Pt missed,,,,76.0,2.0,M. SIMONOVIC,,,0,207,2.0,,0,75,0,71
02:03,02:03:00,75,71,4,2,4,REGULAR,76,M. SIMONOVIC,1,block,700,699,[],,0,11,Marko,Simonovic,Marko,Simonovic,M,S,M,S,M. Simonovic,TÜRK TELEKOM,TTK,M. Simonovic,11,,,,,,BS,,TÜRK TELEKOM M. SIMONOVIC block,,,,,,,,,0,207,2.0,,0,75,0,71
01:57,01:57:00,75,71,4,2,4,REGULAR,75,K. ALLMAN,1,rebound,701,699,[],defensive,0,1,Kyle Lindsay,Allman,Kyle Lindsay,Allman,K,A,K,A,K. Allman,TÜRK TELEKOM,TTK,K. Allman,1,,,,,,REB,,TÜRK TELEKOM rebound defensive,,,,,,,,,0,207,2.0,def_reb,0,75,0,71
01:54,01:54:00,75,71,4,2,4,REGULAR,5,D. ÖZDEMIROGLU,1,turnover,703,,[],outofbounds,0,18,Dogus,Özdemiroglu,Dogus,Özdemiroglu,D,Ö,D,Ö,D. Özdemiroglu,TÜRK TELEKOM,TTK,D. Özdemiroglu,18,,,,,,TO,,TÜRK TELEKOM D. ÖZDEMIROGLU turnover outofbounds,,,,,,,,,0,208,1.0,turnover,0,75,0,71
01:35,01:35:00,75,71,4,1,4,REGULAR,70,J. MATHEWS,0,3pt,705,,['fromturnover'],jumpshot,1,0,Jonah Kenneth,Mathews,Jonah Kenneth,Mathews,J,M,J,M,J. Mathews,BESIKTAS GAIN,BJK,J. Mathews,0,,,31.829999923706,55.650001525879,0.0,P3,missed,BESIKTAS GAIN J. MATHEWS 3Pt missed,,,,,,,,,0,209,2.0,def_reb,0,75,0,71
01:33,01:33:00,75,71,4,2,4,REGULAR,78,K. BANKSTON,1,rebound,706,705,[],defensive,0,30,Kristeon Lamar,Bankston,Kristeon Lamar,Bankston,K,B,K,B,K. Bankston,TÜRK TELEKOM,TTK,K. Bankston,30,,,,,,REB,,TÜRK TELEKOM rebound defensive,,,,,,,,,0,210,1.0,def_reb,0,75,0,71
01:25,01:25:00,75,71,4,2,4,REGULAR,0,,1,timeout,708,,[],full,0,,,,,,,,,,,TÜRK TELEKOM,TTK,,,,,,,,TIMEOUT,,TÜRK TELEKOM timeout,,,,,,,,,0,211,2.0,,0,75,0,71
01:15,01:15:00,75,71,4,2,4,REGULAR,75,K. ALLMAN,0,2pt,710,,['pointsinthepaint'],fadeaway,1,1,Kyle Lindsay,Allman,Kyle Lindsay,Allman,K,A,K,A,K. Allman,TÜRK TELEKOM,TTK,K. Allman,1,,,84.559997558594,59.040000915527,0.0,P2,missed,TÜRK TELEKOM K. ALLMAN 2Pt missed,,,,,,,,,0,211,2.0,,0,75,0,71
01:12,01:12:00,75,71,4,2,4,REGULAR,5,D. ÖZDEMIROGLU,1,rebound,711,710,[],offensive,0,18,Dogus,Özdemiroglu,Dogus,Özdemiroglu,D,Ö,D,Ö,D. Özdemiroglu,TÜRK TELEKOM,TTK,D. Özdemiroglu,18,,,,,,REB,,TÜRK TELEKOM rebound offensive,,,,,,,,,0,211,2.0,,0,75,0,71
01:10,01:10:00,75,71,4,2,4,REGULAR,0,,1,turnover,715,,['team'],24sec,0,,,,,,,,,,,TÜRK TELEKOM,TTK,,,,,,,,TO,,TÜRK TELEKOM  turnover 24sec,,,,,,,,,0,211,2.0,turnover,0,75,0,71
00:57,00:57:70,75,71,4,1,4,REGULAR,67,A. BROWN,0,3pt,717,,['fromturnover'],jumpshot,1,21,Anthony Lejohn,Brown,Anthony Lejohn,Brown,A,B,A,B,A. Brown,BESIKTAS GAIN,BJK,A. Brown,21,,,23.239999771118,88.980003356934,0.0,P3,missed,BESIKTAS GAIN A. BROWN 3Pt missed,,,,,,,,,0,212,1.0,def_reb,0,75,0,71
00:55,00:55:80,75,71,4,2,4,REGULAR,0,,1,rebound,719,717,['team'],defensive,0,,,,,,,,,,,TÜRK TELEKOM,TTK,,,,,,,,TREB,,TÜRK TELEKOM team rebound defensive,,,,,,,,,0,213,2.0,def_reb,0,75,0,71
00:47,00:47:50,75,71,4,1,4,REGULAR,68,V. BROWN,1,foul,724,,"['shooting', '2freethrow']",personal,0,33,Vittorio,Brown,Vittorio,Brown,V,B,V,B,V. Brown,BESIKTAS GAIN,BJK,V. Brown,33,,,,,,FOUL,,BESIKTAS GAIN V. BROWN foul personal,,,,,,,,,0,214,1.0,,0,75,0,71
00:47,00:47:50,75,71,4,2,4,REGULAR,78,K. BANKSTON,1,foulon,725,724,[],,0,30,Kristeon Lamar,Bankston,Kristeon Lamar,Bankston,K,B,K,B,K. Bankston,TÜRK TELEKOM,TTK,K. Bankston,30,,,,,,OTHER,,TÜRK TELEKOM foulon,,,,,,,,,0,214,1.0,,0,75,0,71
00:47,00:47:50,75,71,4,2,4,REGULAR,78,K. BANKSTON,0,freethrow,726,,[],1of2,1,30,Kristeon Lamar,Bankston,Kristeon Lamar,Bankston,K,B,K,B,K. Bankston,TÜRK TELEKOM,TTK,K. Bankston,30,,,,,,FT,missed,TÜRK TELEKOM K. BANKSTON FT 1of2 missed,,,,,,,,,0,214,1.0,def_reb,0,75,0,71
00:47,00:47:50,75,71,4,2,4,REGULAR,0,,1,rebound,727,726,[],offensivedeadball,0,,,,,,,,,,,TÜRK TELEKOM,TTK,,,,,,,,TREB,,TÜRK TELEKOM team rebound offensivedeadball,,,,,,,,,0,215,2.0,def_reb,0,75,0,71
00:47,00:47:50,75,72,3,2,4,REGULAR,78,K. BANKSTON,1,freethrow,728,,[],2of2,1,30,Kristeon Lamar,Bankston,Kristeon Lamar,Bankston,K,B,K,B,K. Bankston,TÜRK TELEKOM,TTK,K. Bankston,30,,,,,,FT,made,TÜRK TELEKOM K. BANKSTON FT 2of2 made,,,,,,,,,1,216,1.0,made_ft_last,0,75,1,72
00:30,00:30:20,75,72,3,1,4,REGULAR,70,J. MATHEWS,0,2pt,730,,[],jumpshot,1,0,Jonah Kenneth,Mathews,Jonah Kenneth,Mathews,J,M,J,M,J. Mathews,BESIKTAS GAIN,BJK,J. Mathews,0,,,3.7400000095367,22.879999160767,0.0,P2,missed,BESIKTAS GAIN J. MATHEWS 2Pt missed,,,,,,,,,0,217,2.0,def_reb,0,75,0,72
00:27,00:27:00,75,72,3,2,4,REGULAR,75,K. ALLMAN,1,rebound,731,730,[],defensive,0,1,Kyle Lindsay,Allman,Kyle Lindsay,Allman,K,A,K,A,K. Allman,TÜRK TELEKOM,TTK,K. Allman,1,,,,,,REB,,TÜRK TELEKOM rebound defensive,,,,,,,,,0,218,1.0,def_reb,0,75,0,72
00:10,00:10:50,75,72,3,2,4,REGULAR,75,K. ALLMAN,0,3pt,734,,[],jumpshot,1,1,Kyle Lindsay,Allman,Kyle Lindsay,Allman,K,A,K,A,K. Allman,TÜRK TELEKOM,TTK,K. Allman,1,,,75.51000213623,15.539999961853,0.0,P3,missed,TÜRK TELEKOM K. ALLMAN 3Pt missed,,,,,,,,,0,219,2.0,def_reb,0,75,0,72
00:08,00:08:30,75,72,3,1,4,REGULAR,75,B. UGURLU,1,rebound,735,734,[],defensive,0,6,Berk Ibrahim,Ugurlu,Berk Ibrahim,Ugurlu,B,U,B,U,B. Ugurlu,BESIKTAS GAIN,BJK,B. Ugurlu,6,,,,,,REB,,BESIKTAS GAIN rebound defensive,,,,,,,,,0,220,1.0,def_reb,0,75,0,72
00:08,00:08:00,75,72,3,2,4,REGULAR,78,K. BANKSTON,1,foul,737,,[],personal,0,30,Kristeon Lamar,Bankston,Kristeon Lamar,Bankston,K,B,K,B,K. Bankston,TÜRK TELEKOM,TTK,K. Bankston,30,,,,,,FOUL,,TÜRK TELEKOM K. BANKSTON foul personal,,,,,,,,,0,221,2.0,,0,75,0,72
00:08,00:08:00,75,72,3,1,4,REGULAR,75,B. UGURLU,1,foulon,738,737,[],,0,6,Berk Ibrahim,Ugurlu,Berk Ibrahim,Ugurlu,B,U,B,U,B. Ugurlu,BESIKTAS GAIN,BJK,B. Ugurlu,6,,,,,,OTHER,,BESIKTAS GAIN foulon,,,,,,,,,0,221,2.0,,0,75,0,72
00:02,00:02:60,75,72,3,2,4,REGULAR,77,J. SMITH,1,foul,743,,[],personal,0,9,Jaleen Devon,Smith,Jaleen Devon,Smith,J,S,J,S,J. Smith,TÜRK TELEKOM,TTK,J. Smith,9,,,,,,FOUL,,TÜRK TELEKOM J. SMITH foul personal,,,,,,,,,0,221,2.0,,0,75,0,72
00:02,00:02:60,75,72,3,1,4,REGULAR,70,J. MATHEWS,1,foulon,744,743,[],,0,0,Jonah Kenneth,Mathews,Jonah Kenneth,Mathews,J,M,J,M,J. Mathews,BESIKTAS GAIN,BJK,J. Mathews,0,,,,,,OTHER,,BESIKTAS GAIN foulon,,,,,,,,,0,221,2.0,,0,75,0,72
00:02,00:02:60,75,72,3,2,4,REGULAR,5,D. ÖZDEMIROGLU,1,foul,745,,"['shooting', '2freethrow']",personal,0,18,Dogus,Özdemiroglu,Dogus,Özdemiroglu,D,Ö,D,Ö,D. Özdemiroglu,TÜRK TELEKOM,TTK,D. Özdemiroglu,18,,,,,,FOUL,,TÜRK TELEKOM D. ÖZDEMIROGLU foul personal,,,,,,,,,0,221,2.0,,0,75,0,72
00:02,00:02:60,75,72,3,1,4,REGULAR,67,A. BROWN,1,foulon,746,745,[],,0,21,Anthony Lejohn,Brown,Anthony Lejohn,Brown,A,B,A,B,A. Brown,BESIKTAS GAIN,BJK,A. Brown,21,,,,,,OTHER,,BESIKTAS GAIN foulon,,,,,,,,,0,221,2.0,,0,75,0,72
00:02,00:02:60,76,72,4,1,4,REGULAR,67,A. BROWN,1,freethrow,747,,[],1of2,1,21,Anthony Lejohn,Brown,Anthony Lejohn,Brown,A,B,A,B,A. Brown,BESIKTAS GAIN,BJK,A. Brown,21,,,,,,FT,made,BESIKTAS GAIN A. BROWN FT 1of2 made,,,,,,,,,1,221,2.0,made_ft,1,76,0,72
00:02,00:02:60,77,72,5,1,4,REGULAR,67,A. BROWN,1,freethrow,748,,[],2of2,1,21,Anthony Lejohn,Brown,Anthony Lejohn,Brown,A,B,A,B,A. Brown,BESIKTAS GAIN,BJK,A. Brown,21,,,,,,FT,made,BESIKTAS GAIN A. BROWN FT 2of2 made,,,,,,,,,1,222,1.0,made_ft_last,1,77,0,72
00:02,00:02:60,77,72,5,2,4,REGULAR,0,,1,timeout,749,,[],full,0,,,,,,,,,,,TÜRK TELEKOM,TTK,,,,,,,,TIMEOUT,,TÜRK TELEKOM timeout,,,,,,,,,0,223,2.0,,0,77,0,72
00:02,00:02:60,77,72,5,2,4,REGULAR,78,K. BANKSTON,0,3pt,751,,[],jumpshot,1,30,Kristeon Lamar,Bankston,Kristeon Lamar,Bankston,K,B,K,B,K. Bankston,TÜRK TELEKOM,TTK,K. Bankston,30,,,73.949996948242,83.900001525879,0.0,P3,missed,TÜRK TELEKOM K. BANKSTON 3Pt missed,,,,,,,,,0,223,2.0,,0,77,0,72
02:07,02:07:00,75,71,4,1,4,REGULAR,75,B. UGURLU,0,2pt,753,,"['pointsinthepaint', 'blocked']",jumpshot,1,6,Berk Ibrahim,Ugurlu,Berk Ibrahim,Ugurlu,B,U,B,U,B. Ugurlu,BESIKTAS GAIN,BJK,B. Ugurlu,6,,,9.4300003051758,49.709999084473,0.0,P2,missed,BESIKTAS GAIN B. UGURLU 2Pt missed,,,,78.0,2.0,K. BANKSTON,,,0,223,2.0,,0,77,0,72
02:07,02:07:00,75,71,4,2,4,REGULAR,78,K. BANKSTON,1,block,754,753,[],,0,30,Kristeon Lamar,Bankston,Kristeon Lamar,Bankston,K,B,K,B,K. Bankston,TÜRK TELEKOM,TTK,K. Bankston,30,,,,,,BS,,TÜRK TELEKOM K. BANKSTON block,,,,,,,,,0,223,2.0,,0,77,0,72
02:07,02:07:00,75,71,4,1,4,REGULAR,62,A. ZIZIC,1,rebound,755,753,[],offensive,0,41,Ante Toni,Zizic,Ante Toni,Zizic,A,Z,A,Z,A. Zizic,BESIKTAS GAIN,BJK,A. Zizic,41,,,,,,REB,,BESIKTAS GAIN rebound offensive,,,,,,,,,0,223,2.0,,0,77,0,72
00:00,00:00:00,77,72,5,0,4,REGULAR,0,,1,period,756,,['confirmed'],end,0,,,,,,,,,,,,,,,,,,,,OTHER,,period end,,,,,,,,,0,223,2.0,,0,77,0,72
00:00,00:00:00,77,72,5,0,4,REGULAR,0,,1,game,757,,['confirmed'],end,0,,,,,,,,,,,,,,,,,,,,OTHER,,game end,,,,,,,,,0,223,2.0,,0,77,0,72
