gt,clock,s1,s2,lead,tno,period,periodType,pno,player,success,actionType,actionNumber,previousAction,qualifier,subType,scoring,shirtNumber,firstName,familyName,internationalFirstName,internationalFamilyName,firstNameInitial,familyNameInitial,internationalFirstNameInitial,internationalFamilyNameInitial,scoreboardName,team_name,team_code,player_name_from_roster,player_shirt,player_pos_raw,player_pos_group,x,y,r,ev_code,ev_result,ev_text,assist_pno,assist_tno,assist_player,block_pno,block_tno,block_player,assist_pos_group,block_pos_group,points,possession_id,possession_owner_tno,possession_end_reason,pts_1,cum_1,pts_2,cum_2
10:00,10:00:00,0,0,0,0,1,REGULAR,0,,1,game,1,,[],start,0,,,,,,,,,,,,,,,,,,,,OTHER,,game start,,,,,,,,,0,0,,,0,0,0,0
10:00,10:00:00,0,0,0,0,1,REGULAR,0,,1,period,2,,[],start,0,,,,,,,,,,,,,,,,,,,,OTHER,,period start,,,,,,,,,0,0,,,0,0,0,0
10:00,10:00:00,0,0,0,0,1,REGULAR,0,,1,jumpball,4,,[],startperiod,0,,,,,,,,,,,,,,,,,,,,JUMP,,jump ball,,,,,,,,,0,0,,,0,0,0,0
09:59,09:59:00,0,0,0,1,1,REGULAR,27,J. SIMMONS,1,jumpball,5,4,[],won,0,11,Jeremy,Simmons,Jeremy,Simmons,J,S,J,S,J. Simmons,ESENLER EROKSPOR,ERK,J. Simmons,11,,,,,,JUMP,,jump ball,,,,,,,,,0,0,,,0,0,0,0
09:59,09:59:00,0,0,0,2,1,REGULAR,88,M. BLAZEVIC,1,jumpball,6,4,[],lost,0,22,Marek,Blazevic,Marek,Blazevic,M,B,M,B,M. Blazevic,TOFAŞ,TOF,M. Blazevic,22,,,,,,JUMP,,jump ball,,,,,,,,,0,0,,,0,0,0,0
09:45,09:45:00,0,0,0,1,1,REGULAR,27,J. SIMMONS,1,foul,10,,[],offensive,0,11,Jeremy,Simmons,Jeremy,Simmons,J,S,J,S,J. Simmons,ESENLER EROKSPOR,ERK,J. Simmons,11,,,,,,RFOUL,,ESENLER EROKSPOR J. SIMMONS foul offensive,,,,,,,,,0,1,1.0,offensive_foul,0,0,0,0
09:45,09:45:00,0,0,0,1,1,REGULAR,27,J. SIMMONS,1,turnover,11,10,[],offensive,0,11,Jeremy,Simmons,Jeremy,Simmons,J,S,J,S,J. Simmons,ESENLER EROKSPOR,ERK,J. Simmons,11,,,,,,TO,,ESENLER EROKSPOR J. SIMMONS turnover offensive,,,,,,,,,0,2,2.0,turnover,0,0,0,0
09:45,09:45:00,0,0,0,2,1,REGULAR,55,T. GEÇIM,1,foulon,12,10,[],,0,8,Tolga,Geçim,Tolga,Geçim,T,G,T,G,T. Geçim,TOFAŞ,TOF,T. Geçim,8,,,,,,OTHER,,TOFAŞ foulon,,,,,,,,,0,3,1.0,,0,0,0,0
09:29,09:29:00,0,0,0,2,1,REGULAR,93,J. THOMASSON,0,2pt,14,,['fromturnover'],jumpshot,1,32,Joseph ,Thomasson,Joseph ,Thomasson,J,T,J,T,J. Thomasson,TOFAŞ,TOF,J. Thomasson,32,,,77.540000915527,37.569999694824,0.0,P2,missed,TOFAŞ J. THOMASSON 2Pt missed,,,,,,,,,0,3,1.0,,0,0,0,0
09:26,09:26:00,0,0,0,2,1,REGULAR,66,Y. SAYBIR,1,rebound,15,14,[],offensive,0,3,Yigitcan,Saybir,Yigitcan,Saybir,Y,S,Y,S,Y. Saybir,TOFAŞ,TOF,Y. Saybir,3,,,,,,REB,,TOFAŞ rebound offensive,,,,,,,,,0,3,1.0,,0,0,0,0
09:16,09:16:00,0,2,-2,2,1,REGULAR,88,M. BLAZEVIC,1,2pt,16,,"['2ndchance', 'fromturnover', 'pointsinthepaint']",dunk,1,22,Marek,Blazevic,Marek,Blazevic,M,B,M,B,M. Blazevic,TOFAŞ,TOF,M. Blazevic,22,,,92.360000610352,52.819999694824,1.0,P2,made,TOFAŞ M. BLAZEVIC 2Pt made,55.0,2.0,T. GEÇIM,,,,,,2,3,1.0,score,0,0,2,2
09:16,09:16:00,0,2,-2,2,1,REGULAR,55,T. GEÇIM,1,assist,17,16,[],,0,8,Tolga,Geçim,Tolga,Geçim,T,G,T,G,T. Geçim,TOFAŞ,TOF,T. Geçim,8,,,,,,ASS,,TOFAŞ T. GEÇIM assist,,,,,,,,,0,4,2.0,,0,0,0,2
08:51,08:51:00,0,2,-2,1,1,REGULAR,25,L. GALLOWAY,0,2pt,18,,[],jumpshot,1,9,Langston ,Galloway,Langston ,Galloway,L,G,L,G,L. Galloway,ESENLER EROKSPOR,ERK,L. Galloway,9,,,5.3000001907349,17.799999237061,0.0,P2,missed,ESENLER EROKSPOR L. GALLOWAY 2Pt missed,,,,,,,,,0,4,2.0,def_reb,0,0,0,2
08:50,08:50:00,0,2,-2,2,1,REGULAR,0,,1,rebound,20,18,['team'],defensive,0,,,,,,,,,,,TOFAŞ,TOF,,,,,,,,TREB,,TOFAŞ team rebound defensive,,,,,,,,,0,5,1.0,def_reb,0,0,0,2
08:36,08:36:00,0,2,-2,2,1,REGULAR,89,A. PEREZ,0,3pt,26,,[],jumpshot,1,2,Alex Daniel,Perez,Alex Daniel,Perez,A,P,A,P,A. Perez,TOFAŞ,TOF,A. Perez,2,,,74.26000213623,83.330001831055,0.0,P3,missed,TOFAŞ A. PEREZ 3Pt missed,,,,,,,,,0,6,2.0,def_reb,0,0,0,2
08:33,08:33:00,0,2,-2,1,1,REGULAR,24,P. CORNELIE,1,rebound,27,26,[],defensive,0,12,Petr  Willlam,Cornelie,Petr  Willlam,Cornelie,P,C,P,C,P. Cornelie,ESENLER EROKSPOR,ERK,P. Cornelie,12,,,,,,REB,,ESENLER EROKSPOR rebound defensive,,,,,,,,,0,7,1.0,def_reb,0,0,0,2
08:17,08:17:00,2,2,0,1,1,REGULAR,24,P. CORNELIE,1,2pt,28,,['pointsinthepaint'],floatingjumpshot,1,12,Petr  Willlam,Cornelie,Petr  Willlam,Cornelie,P,C,P,C,P. Cornelie,ESENLER EROKSPOR,ERK,P. Cornelie,12,,,10.760000228882,60.169998168945,1.0,P2,made,ESENLER EROKSPOR P. CORNELIE 2Pt made,,,,,,,,,2,8,2.0,score,2,2,0,2
08:01,08:01:00,2,2,0,2,1,REGULAR,89,A. PEREZ,0,2pt,29,,['pointsinthepaint'],layup,1,2,Alex Daniel,Perez,Alex Daniel,Perez,A,P,A,P,A. Perez,TOFAŞ,TOF,A. Perez,2,,,96.569999694824,40.110000610352,0.0,P2,missed,TOFAŞ A. PEREZ 2Pt missed,,,,,,,,,0,9,1.0,def_reb,0,2,0,2
07:58,07:58:00,2,2,0,1,1,REGULAR,27,J. SIMMONS,1,rebound,30,29,[],defensive,0,11,Jeremy,Simmons,Jeremy,Simmons,J,S,J,S,J. Simmons,ESENLER EROKSPOR,ERK,J. Simmons,11,,,,,,REB,,ESENLER EROKSPOR rebound defensive,,,,,,,,,0,10,2.0,def_reb,0,2,0,2
07:55,07:55:00,2,2,0,2,1,REGULAR,88,M. BLAZEVIC,1,foul,35,,"['shooting', '2freethrow']",personal,0,22,Marek,Blazevic,Marek,Blazevic,M,B,M,B,M. Blazevic,TOFAŞ,TOF,M. Blazevic,22,,,,,,FOUL,,TOFAŞ M. BLAZEVIC foul personal,,,,,,,,,0,11,1.0,,0,2,0,2
07:55,07:55:00,2,2,0,1,1,REGULAR,25,L. GALLOWAY,1,foulon,36,35,[],,0,9,Langston ,Galloway,Langston ,Galloway,L,G,L,G,L. Galloway,ESENLER EROKSPOR,ERK,L. Galloway,9,,,,,,OTHER,,ESENLER EROKSPOR foulon,,,,,,,,,0,11,1.0,,0,2,0,2
07:55,07:55:00,3,2,1,1,1,REGULAR,25,L. GALLOWAY,1,freethrow,37,,['fastbreak'],1of2,1,9,Langston ,Galloway,Langston ,Galloway,L,G,L,G,L. Galloway,ESENLER EROKSPOR,ERK,L. Galloway,9,,,,,,FT,made,ESENLER EROKSPOR L. GALLOWAY FT 1of2 made,,,,,,,,,1,11,1.0,made_ft,1,3,0,2
07:55,07:55:00,3,2,1,1,1,REGULAR,26,J. CRAWFORD,1,assist,38,37,[],,0,1,Jordon,Crawford,Jordon,Crawford,J,C,J,C,J. Crawford,ESENLER EROKSPOR,ERK,J. Crawford,1,,,,,,ASS,,ESENLER EROKSPOR J. CRAWFORD assist,,,,,,,,,0,12,2.0,,0,3,0,2
07:55,07:55:00,4,2,2,1,1,REGULAR,25,L. GALLOWAY,1,freethrow,39,,['fastbreak'],2of2,1,9,Langston ,Galloway,Langston ,Galloway,L,G,L,G,L. Galloway,ESENLER EROKSPOR,ERK,L. Galloway,9,,,,,,FT,made,ESENLER EROKSPOR L. GALLOWAY FT 2of2 made,,,,,,,,,1,12,2.0,made_ft_last,1,4,0,2
07:41,07:41:00,4,4,0,2,1,REGULAR,55,T. GEÇIM,1,2pt,41,,['pointsinthepaint'],layup,1,8,Tolga,Geçim,Tolga,Geçim,T,G,T,G,T. Geçim,TOFAŞ,TOF,T. Geçim,8,,,93.139999389648,58.759998321533,1.0,P2,made,TOFAŞ T. GEÇIM 2Pt made,,,,,,,,,2,13,1.0,score,0,4,2,4
07:30,07:30:00,6,4,2,1,1,REGULAR,24,P. CORNELIE,1,2pt,42,,['pointsinthepaint'],dunk,1,12,Petr  Willlam,Cornelie,Petr  Willlam,Cornelie,P,C,P,C,P. Cornelie,ESENLER EROKSPOR,ERK,P. Cornelie,12,,,7.0199999809265,42.939998626709,1.0,P2,made,ESENLER EROKSPOR P. CORNELIE 2Pt made,,,,,,,,,2,14,2.0,score,2,6,0,4
07:05,07:05:00,6,4,2,2,1,REGULAR,66,Y. SAYBIR,0,2pt,43,,['pointsinthepaint'],layup,1,3,Yigitcan,Saybir,Yigitcan,Saybir,Y,S,Y,S,Y. Saybir,TOFAŞ,TOF,Y. Saybir,3,,,87.209999084473,55.930000305176,0.0,P2,missed,TOFAŞ Y. SAYBIR 2Pt missed,,,,,,,,,0,15,1.0,def_reb,0,6,0,4
07:02,07:02:00,6,4,2,1,1,REGULAR,27,J. SIMMONS,1,rebound,44,43,[],defensive,0,11,Jeremy,Simmons,Jeremy,Simmons,J,S,J,S,J. Simmons,ESENLER EROKSPOR,ERK,J. Simmons,11,,,,,,REB,,ESENLER EROKSPOR rebound defensive,,,,,,,,,0,16,2.0,def_reb,0,6,0,4
06:54,06:54:00,8,4,4,1,1,REGULAR,26,J. CRAWFORD,1,2pt,45,,['pointsinthepaint'],layup,1,1,Jordon,Crawford,Jordon,Crawford,J,C,J,C,J. Crawford,ESENLER EROKSPOR,ERK,J. Crawford,1,,,5.9299998283386,59.889999389648,1.0,P2,made,ESENLER EROKSPOR J. CRAWFORD 2Pt made,,,,,,,,,2,17,1.0,score,2,8,0,4
06:35,06:35:00,8,4,4,2,1,REGULAR,88,M. BLAZEVIC,0,2pt,46,,['pointsinthepaint'],layup,1,22,Marek,Blazevic,Marek,Blazevic,M,B,M,B,M. Blazevic,TOFAŞ,TOF,M. Blazevic,22,,,91.730003356934,40.400001525879,0.0,P2,missed,TOFAŞ M. BLAZEVIC 2Pt missed,,,,,,,,,0,18,2.0,def_reb,0,8,0,4
06:33,06:33:00,8,4,4,1,1,REGULAR,27,J. SIMMONS,1,rebound,47,46,[],defensive,0,11,Jeremy,Simmons,Jeremy,Simmons,J,S,J,S,J. Simmons,ESENLER EROKSPOR,ERK,J. Simmons,11,,,,,,REB,,ESENLER EROKSPOR rebound defensive,,,,,,,,,0,19,1.0,def_reb,0,8,0,4
06:32,06:32:00,8,4,4,2,1,REGULAR,93,J. THOMASSON,1,foul,49,,[],personal,0,32,Joseph ,Thomasson,Joseph ,Thomasson,J,T,J,T,J. Thomasson,TOFAŞ,TOF,J. Thomasson,32,,,,,,FOUL,,TOFAŞ J. THOMASSON foul personal,,,,,,,,,0,20,2.0,,0,8,0,4
06:32,06:32:00,8,4,4,1,1,REGULAR,26,J. CRAWFORD,1,foulon,50,49,[],,0,1,Jordon,Crawford,Jordon,Crawford,J,C,J,C,J. Crawford,ESENLER EROKSPOR,ERK,J. Crawford,1,,,,,,OTHER,,ESENLER EROKSPOR foulon,,,,,,,,,0,20,2.0,,0,8,0,4
06:17,06:17:00,8,4,4,1,1,REGULAR,26,J. CRAWFORD,0,3pt,52,,['blocked'],jumpshot,1,1,Jordon,Crawford,Jordon,Crawford,J,C,J,C,J. Crawford,ESENLER EROKSPOR,ERK,J. Crawford,1,,,28.709999084473,73.160003662109,0.0,P3,missed,ESENLER EROKSPOR J. CRAWFORD 3Pt missed,,,,89.0,2.0,A. PEREZ,,,0,20,2.0,,0,8,0,4
06:17,06:17:00,8,4,4,2,1,REGULAR,89,A. PEREZ,1,block,53,52,[],,0,2,Alex Daniel,Perez,Alex Daniel,Perez,A,P,A,P,A. Perez,TOFAŞ,TOF,A. Perez,2,,,,,,BS,,TOFAŞ A. PEREZ block,,,,,,,,,0,20,2.0,,0,8,0,4
06:14,06:14:00,8,4,4,2,1,REGULAR,93,J. THOMASSON,1,rebound,54,52,[],defensive,0,32,Joseph ,Thomasson,Joseph ,Thomasson,J,T,J,T,J. Thomasson,TOFAŞ,TOF,J. Thomasson,32,,,,,,REB,,TOFAŞ rebound defensive,,,,,,,,,0,20,2.0,def_reb,0,8,0,4
06:11,06:11:00,8,4,4,2,1,REGULAR,55,T. GEÇIM,1,turnover,55,,[],ballhandling,0,8,Tolga,Geçim,Tolga,Geçim,T,G,T,G,T. Geçim,TOFAŞ,TOF,T. Geçim,8,,,,,,TO,,TOFAŞ T. GEÇIM turnover ballhandling,,,,,,,,,0,21,1.0,turnover,0,8,0,4
06:11,06:11:00,8,4,4,1,1,REGULAR,26,J. CRAWFORD,1,steal,56,55,[],,0,1,Jordon,Crawford,Jordon,Crawford,J,C,J,C,J. Crawford,ESENLER EROKSPOR,ERK,J. Crawford,1,,,,,,ST,,ESENLER EROKSPOR J. CRAWFORD steal,,,,,,,,,0,22,2.0,,0,8,0,4
06:04,06:04:00,8,4,4,1,1,REGULAR,25,L. GALLOWAY,0,2pt,57,,"['fromturnover', 'pointsinthepaint']",layup,1,9,Langston ,Galloway,Langston ,Galloway,L,G,L,G,L. Galloway,ESENLER EROKSPOR,ERK,L. Galloway,9,,,10.300000190735,55.080001831055,0.0,P2,missed,ESENLER EROKSPOR L. GALLOWAY 2Pt missed,,,,,,,,,0,22,2.0,def_reb,0,8,0,4
06:02,06:02:00,8,4,4,2,1,REGULAR,88,M. BLAZEVIC,1,rebound,58,57,[],defensive,0,22,Marek,Blazevic,Marek,Blazevic,M,B,M,B,M. Blazevic,TOFAŞ,TOF,M. Blazevic,22,,,,,,REB,,TOFAŞ rebound defensive,,,,,,,,,0,23,1.0,def_reb,0,8,0,4
05:59,05:59:00,8,6,2,2,1,REGULAR,88,M. BLAZEVIC,1,2pt,59,,"['pointsinthepaint', 'fastbreak']",dunk,1,22,Marek,Blazevic,Marek,Blazevic,M,B,M,B,M. Blazevic,TOFAŞ,TOF,M. Blazevic,22,,,93.76000213623,46.049999237061,1.0,P2,made,TOFAŞ M. BLAZEVIC 2Pt made,89.0,2.0,A. PEREZ,,,,,,2,24,2.0,score,0,8,2,6
05:59,05:59:00,8,6,2,2,1,REGULAR,89,A. PEREZ,1,assist,61,59,[],,0,2,Alex Daniel,Perez,Alex Daniel,Perez,A,P,A,P,A. Perez,TOFAŞ,TOF,A. Perez,2,,,,,,ASS,,TOFAŞ A. PEREZ assist,,,,,,,,,0,25,1.0,,0,8,0,6
05:34,05:34:00,8,6,2,1,1,REGULAR,20,E. ARNA,0,3pt,65,,[],jumpshot,1,18,Egehan,Arna,Egehan,Arna,E,A,E,A,E. Arna,ESENLER EROKSPOR,ERK,E. Arna,18,,,22.930000305176,85.309997558594,0.0,P3,missed,ESENLER EROKSPOR E. ARNA 3Pt missed,,,,,,,,,0,25,1.0,def_reb,0,8,0,6
05:32,05:32:00,8,6,2,2,1,REGULAR,88,M. BLAZEVIC,1,rebound,66,65,[],defensive,0,22,Marek,Blazevic,Marek,Blazevic,M,B,M,B,M. Blazevic,TOFAŞ,TOF,M. Blazevic,22,,,,,,REB,,TOFAŞ rebound defensive,,,,,,,,,0,26,2.0,def_reb,0,8,0,6
05:23,05:23:00,8,8,0,2,1,REGULAR,89,A. PEREZ,1,2pt,71,,['pointsinthepaint'],alleyoop,1,2,Alex Daniel,Perez,Alex Daniel,Perez,A,P,A,P,A. Perez,TOFAŞ,TOF,A. Perez,2,,,93.139999389648,40.110000610352,1.0,P2,made,TOFAŞ A. PEREZ 2Pt made,55.0,2.0,T. GEÇIM,,,,,,2,27,1.0,score,0,8,2,8
05:23,05:23:00,8,8,0,2,1,REGULAR,55,T. GEÇIM,1,assist,72,71,[],,0,8,Tolga,Geçim,Tolga,Geçim,T,G,T,G,T. Geçim,TOFAŞ,TOF,T. Geçim,8,,,,,,ASS,,TOFAŞ T. GEÇIM assist,,,,,,,,,0,28,2.0,,0,8,0,8
05:19,05:19:00,8,8,0,2,1,REGULAR,89,A. PEREZ,1,foul,74,,[],personal,0,2,Alex Daniel,Perez,Alex Daniel,Perez,A,P,A,P,A. Perez,TOFAŞ,TOF,A. Perez,2,,,,,,FOUL,,TOFAŞ A. PEREZ foul personal,,,,,,,,,0,28,2.0,,0,8,0,8
05:19,05:19:00,8,8,0,1,1,REGULAR,26,J. CRAWFORD,1,foulon,75,74,[],,0,1,Jordon,Crawford,Jordon,Crawford,J,C,J,C,J. Crawford,ESENLER EROKSPOR,ERK,J. Crawford,1,,,,,,OTHER,,ESENLER EROKSPOR foulon,,,,,,,,,0,28,2.0,,0,8,0,8
05:09,05:09:00,8,8,0,2,1,REGULAR,93,J. THOMASSON,1,foul,78,,[],personal,0,32,Joseph ,Thomasson,Joseph ,Thomasson,J,T,J,T,J. Thomasson,TOFAŞ,TOF,J. Thomasson,32,,,,,,FOUL,,TOFAŞ J. THOMASSON foul personal,,,,,,,,,0,28,2.0,,0,8,0,8
05:09,05:09:00,8,8,0,1,1,REGULAR,20,E. ARNA,1,foulon,79,78,[],,0,18,Egehan,Arna,Egehan,Arna,E,A,E,A,E. Arna,ESENLER EROKSPOR,ERK,E. Arna,18,,,,,,OTHER,,ESENLER EROKSPOR foulon,,,,,,,,,0,28,2.0,,0,8,0,8
05:09,05:09:00,8,8,0,2,1,REGULAR,93,J. THOMASSON,1,substitution,80,,[],out,0,32,Joseph ,Thomasson,Joseph ,Thomasson,J,T,J,T,J. Thomasson,TOFAŞ,TOF,J. Thomasson,32,,,,,,SUB,out,TOFAŞ substitution out,,,,,,,,,0,28,2.0,,0,8,0,8
05:09,05:09:00,8,8,0,2,1,REGULAR,90,H. BESSON,1,substitution,81,,[],in,0,25,Hugo Eric,Besson,Hugo Eric,Besson,H,B,H,B,H. Besson,TOFAŞ,TOF,H. Besson,25,,,,,,SUB,in,TOFAŞ substitution in,,,,,,,,,0,28,2.0,,0,8,0,8
04:54,04:54:00,8,8,0,1,1,REGULAR,26,J. CRAWFORD,0,2pt,83,,['pointsinthepaint'],layup,1,1,Jordon,Crawford,Jordon,Crawford,J,C,J,C,J. Crawford,ESENLER EROKSPOR,ERK,J. Crawford,1,,,6.0799999237061,38.979999542236,0.0,P2,missed,ESENLER EROKSPOR J. CRAWFORD 2Pt missed,,,,,,,,,0,28,2.0,def_reb,0,8,0,8
04:52,04:52:00,8,8,0,2,1,REGULAR,88,M. BLAZEVIC,1,rebound,84,83,[],defensive,0,22,Marek,Blazevic,Marek,Blazevic,M,B,M,B,M. Blazevic,TOFAŞ,TOF,M. Blazevic,22,,,,,,REB,,TOFAŞ rebound defensive,,,,,,,,,0,29,1.0,def_reb,0,8,0,8
04:38,04:38:00,8,8,0,2,1,REGULAR,66,Y. SAYBIR,0,3pt,85,,[],jumpshot,1,3,Yigitcan,Saybir,Yigitcan,Saybir,Y,S,Y,S,Y. Saybir,TOFAŞ,TOF,Y. Saybir,3,,,81.279998779297,93.790000915527,0.0,P3,missed,TOFAŞ Y. SAYBIR 3Pt missed,,,,,,,,,0,30,2.0,def_reb,0,8,0,8
04:36,04:36:00,8,8,0,1,1,REGULAR,20,E. ARNA,1,rebound,86,85,[],defensive,0,18,Egehan,Arna,Egehan,Arna,E,A,E,A,E. Arna,ESENLER EROKSPOR,ERK,E. Arna,18,,,,,,REB,,ESENLER EROKSPOR rebound defensive,,,,,,,,,0,31,1.0,def_reb,0,8,0,8
04:29,04:29:00,11,8,3,1,1,REGULAR,26,J. CRAWFORD,1,3pt,87,,['fastbreak'],jumpshot,1,1,Jordon,Crawford,Jordon,Crawford,J,C,J,C,J. Crawford,ESENLER EROKSPOR,ERK,J. Crawford,1,,,25.89999961853,80.51000213623,1.0,P3,made,ESENLER EROKSPOR J. CRAWFORD 3Pt made,,,,,,,,,3,32,2.0,score,3,11,0,8
04:11,04:11:00,11,8,3,1,1,REGULAR,25,L. GALLOWAY,1,foul,90,,[],personal,0,9,Langston ,Galloway,Langston ,Galloway,L,G,L,G,L. Galloway,ESENLER EROKSPOR,ERK,L. Galloway,9,,,,,,FOUL,,ESENLER EROKSPOR L. GALLOWAY foul personal,,,,,,,,,0,33,1.0,,0,11,0,8
04:11,04:11:00,11,8,3,2,1,REGULAR,90,H. BESSON,1,foulon,91,90,[],,0,25,Hugo Eric,Besson,Hugo Eric,Besson,H,B,H,B,H. Besson,TOFAŞ,TOF,H. Besson,25,,,,,,OTHER,,TOFAŞ foulon,,,,,,,,,0,33,1.0,,0,11,0,8
04:11,04:11:00,11,8,3,0,1,REGULAR,0,,1,timeout,92,,[],officials,0,,,,,,,,,,,,,,,,,,,,TIMEOUT,, timeout,,,,,,,,,0,33,1.0,,0,11,0,8
04:11,04:11:00,11,8,3,1,1,REGULAR,26,J. CRAWFORD,1,substitution,94,,[],out,0,1,Jordon,Crawford,Jordon,Crawford,J,C,J,C,J. Crawford,ESENLER EROKSPOR,ERK,J. Crawford,1,,,,,,SUB,out,ESENLER EROKSPOR substitution out,,,,,,,,,0,33,1.0,,0,11,0,8
04:11,04:11:00,11,8,3,1,1,REGULAR,20,E. ARNA,1,substitution,95,,[],out,0,18,Egehan,Arna,Egehan,Arna,E,A,E,A,E. Arna,ESENLER EROKSPOR,ERK,E. Arna,18,,,,,,SUB,out,ESENLER EROKSPOR substitution out,,,,,,,,,0,33,1.0,,0,11,0,8
04:11,04:11:00,11,8,3,1,1,REGULAR,60,K. PANGOS,1,substitution,96,,[],in,0,4,Kevin Joseph,Pangos,Kevin Joseph,Pangos,K,P,K,P,K. Pangos,ESENLER EROKSPOR,ERK,K. Pangos,4,,,,,,SUB,in,ESENLER EROKSPOR substitution in,,,,,,,,,0,33,1.0,,0,11,0,8
04:11,04:11:00,11,8,3,1,1,REGULAR,15,T. AKYAZILI,1,substitution,97,,[],in,0,14,Thomas,Akyazili,Thomas,Akyazili,T,A,T,A,T. Akyazili,ESENLER EROKSPOR,ERK,T. Akyazili,14,,,,,,SUB,in,ESENLER EROKSPOR substitution in,,,,,,,,,0,33,1.0,,0,11,0,8
04:11,04:11:00,11,8,3,2,1,REGULAR,55,T. GEÇIM,1,substitution,98,,[],out,0,8,Tolga,Geçim,Tolga,Geçim,T,G,T,G,T. Geçim,TOFAŞ,TOF,T. Geçim,8,,,,,,SUB,out,TOFAŞ substitution out,,,,,,,,,0,33,1.0,,0,11,0,8
04:11,04:11:00,11,8,3,2,1,REGULAR,91,M. LEWIS III,1,substitution,99,,[],in,0,21,Maxwell Robert ,Lewis Iii,Maxwell Robert ,Lewis Iii,M,L,M,L,M. Lewis Iii,TOFAŞ,TOF,M. Lewis Iii,21,,,,,,SUB,in,TOFAŞ substitution in,,,,,,,,,0,33,1.0,,0,11,0,8
04:01,04:01:00,11,8,3,2,1,REGULAR,88,M. BLAZEVIC,0,2pt,100,,['pointsinthepaint'],hookshot,1,22,Marek,Blazevic,Marek,Blazevic,M,B,M,B,M. Blazevic,TOFAŞ,TOF,M. Blazevic,22,,,94.540000915527,35.880001068115,0.0,P2,missed,TOFAŞ M. BLAZEVIC 2Pt missed,,,,,,,,,0,33,1.0,def_reb,0,11,0,8
03:56,03:56:00,11,8,3,1,1,REGULAR,24,P. CORNELIE,1,rebound,101,100,[],defensive,0,12,Petr  Willlam,Cornelie,Petr  Willlam,Cornelie,P,C,P,C,P. Cornelie,ESENLER EROKSPOR,ERK,P. Cornelie,12,,,,,,REB,,ESENLER EROKSPOR rebound defensive,,,,,,,,,0,34,2.0,def_reb,0,11,0,8
03:35,03:35:00,11,8,3,1,1,REGULAR,25,L. GALLOWAY,0,3pt,102,,[],jumpshot,1,9,Langston ,Galloway,Langston ,Galloway,L,G,L,G,L. Galloway,ESENLER EROKSPOR,ERK,L. Galloway,9,,,23.39999961853,88.419998168945,0.0,P3,missed,ESENLER EROKSPOR L. GALLOWAY 3Pt missed,,,,,,,,,0,35,1.0,def_reb,0,11,0,8
03:33,03:33:00,11,8,3,2,1,REGULAR,66,Y. SAYBIR,1,rebound,103,102,[],defensive,0,3,Yigitcan,Saybir,Yigitcan,Saybir,Y,S,Y,S,Y. Saybir,TOFAŞ,TOF,Y. Saybir,3,,,,,,REB,,TOFAŞ rebound defensive,,,,,,,,,0,36,2.0,def_reb,0,11,0,8
03:26,03:26:00,11,8,3,1,1,REGULAR,15,T. AKYAZILI,1,foul,107,,['2freethrow'],unsportsmanlike,0,14,Thomas,Akyazili,Thomas,Akyazili,T,A,T,A,T. Akyazili,ESENLER EROKSPOR,ERK,T. Akyazili,14,,,,,,FOUL,,ESENLER EROKSPOR T. AKYAZILI foul unsportsmanlike,,,,,,,,,0,37,1.0,,0,11,0,8
03:26,03:26:00,11,8,3,2,1,REGULAR,90,H. BESSON,1,foulon,108,107,[],,0,25,Hugo Eric,Besson,Hugo Eric,Besson,H,B,H,B,H. Besson,TOFAŞ,TOF,H. Besson,25,,,,,,OTHER,,TOFAŞ foulon,,,,,,,,,0,37,1.0,,0,11,0,8
03:26,03:26:00,11,9,2,2,1,REGULAR,90,H. BESSON,1,freethrow,109,,[],1of2,1,25,Hugo Eric,Besson,Hugo Eric,Besson,H,B,H,B,H. Besson,TOFAŞ,TOF,H. Besson,25,,,,,,FT,made,TOFAŞ H. BESSON FT 1of2 made,,,,,,,,,1,37,1.0,made_ft,0,11,1,9
03:26,03:26:00,11,10,1,2,1,REGULAR,90,H. BESSON,1,freethrow,110,,[],2of2,1,25,Hugo Eric,Besson,Hugo Eric,Besson,H,B,H,B,H. Besson,TOFAŞ,TOF,H. Besson,25,,,,,,FT,made,TOFAŞ H. BESSON FT 2of2 made,,,,,,,,,1,38,2.0,made_ft_last,0,11,1,10
03:20,03:20:00,11,12,-1,2,1,REGULAR,88,M. BLAZEVIC,1,2pt,112,,['pointsinthepaint'],layup,1,22,Marek,Blazevic,Marek,Blazevic,M,B,M,B,M. Blazevic,TOFAŞ,TOF,M. Blazevic,22,,,94.849998474121,40.680000305176,1.0,P2,made,TOFAŞ M. BLAZEVIC 2Pt made,89.0,2.0,A. PEREZ,,,,,,2,39,1.0,score,0,11,2,12
03:20,03:20:00,11,12,-1,2,1,REGULAR,89,A. PEREZ,1,assist,113,112,[],,0,2,Alex Daniel,Perez,Alex Daniel,Perez,A,P,A,P,A. Perez,TOFAŞ,TOF,A. Perez,2,,,,,,ASS,,TOFAŞ A. PEREZ assist,,,,,,,,,0,40,2.0,,0,11,0,12
03:08,03:08:00,11,12,-1,1,1,REGULAR,25,L. GALLOWAY,0,2pt,114,,[],fadeaway,1,9,Langston ,Galloway,Langston ,Galloway,L,G,L,G,L. Galloway,ESENLER EROKSPOR,ERK,L. Galloway,9,,,13.420000076294,20.620000839233,0.0,P2,missed,ESENLER EROKSPOR L. GALLOWAY 2Pt missed,,,,,,,,,0,40,2.0,def_reb,0,11,0,12
03:04,03:04:00,11,12,-1,2,1,REGULAR,90,H. BESSON,1,rebound,115,114,[],defensive,0,25,Hugo Eric,Besson,Hugo Eric,Besson,H,B,H,B,H. Besson,TOFAŞ,TOF,H. Besson,25,,,,,,REB,,TOFAŞ rebound defensive,,,,,,,,,0,41,1.0,def_reb,0,11,0,12
02:51,02:51:00,11,12,-1,2,1,REGULAR,66,Y. SAYBIR,0,2pt,116,,['pointsinthepaint'],floatingjumpshot,1,3,Yigitcan,Saybir,Yigitcan,Saybir,Y,S,Y,S,Y. Saybir,TOFAŞ,TOF,Y. Saybir,3,,,85.959999084473,65.819999694824,0.0,P2,missed,TOFAŞ Y. SAYBIR 2Pt missed,,,,,,,,,0,42,2.0,def_reb,0,11,0,12
02:48,02:48:00,11,12,-1,1,1,REGULAR,15,T. AKYAZILI,1,rebound,117,116,[],defensive,0,14,Thomas,Akyazili,Thomas,Akyazili,T,A,T,A,T. Akyazili,ESENLER EROKSPOR,ERK,T. Akyazili,14,,,,,,REB,,ESENLER EROKSPOR rebound defensive,,,,,,,,,0,43,1.0,def_reb,0,11,0,12
02:45,02:45:00,11,12,-1,1,1,REGULAR,25,L. GALLOWAY,0,3pt,118,,[],jumpshot,1,9,Langston ,Galloway,Langston ,Galloway,L,G,L,G,L. Galloway,ESENLER EROKSPOR,ERK,L. Galloway,9,,,16.540000915527,6.5,0.0,P3,missed,ESENLER EROKSPOR L. GALLOWAY 3Pt missed,,,,,,,,,0,44,2.0,def_reb,0,11,0,12
02:43,02:43:00,11,12,-1,2,1,REGULAR,0,,1,rebound,120,118,['team'],defensive,0,,,,,,,,,,,TOFAŞ,TOF,,,,,,,,TREB,,TOFAŞ team rebound defensive,,,,,,,,,0,45,1.0,def_reb,0,11,0,12
02:43,02:43:00,11,12,-1,1,1,REGULAR,15,T. AKYAZILI,1,foul,121,,[],personal,0,14,Thomas,Akyazili,Thomas,Akyazili,T,A,T,A,T. Akyazili,ESENLER EROKSPOR,ERK,T. Akyazili,14,,,,,,FOUL,,ESENLER EROKSPOR T. AKYAZILI foul personal,,,,,,,,,0,46,2.0,,0,11,0,12
02:43,02:43:00,11,12,-1,2,1,REGULAR,90,H. BESSON,1,foulon,122,121,[],,0,25,Hugo Eric,Besson,Hugo Eric,Besson,H,B,H,B,H. Besson,TOFAŞ,TOF,H. Besson,25,,,,,,OTHER,,TOFAŞ foulon,,,,,,,,,0,46,2.0,,0,11,0,12
02:43,02:43:00,11,12,-1,2,1,REGULAR,89,A. PEREZ,1,substitution,123,,[],out,0,2,Alex Daniel,Perez,Alex Daniel,Perez,A,P,A,P,A. Perez,TOFAŞ,TOF,A. Perez,2,,,,,,SUB,out,TOFAŞ substitution out,,,,,,,,,0,46,2.0,,0,11,0,12
02:43,02:43:00,11,12,-1,2,1,REGULAR,66,Y. SAYBIR,1,substitution,124,,[],out,0,3,Yigitcan,Saybir,Yigitcan,Saybir,Y,S,Y,S,Y. Saybir,TOFAŞ,TOF,Y. Saybir,3,,,,,,SUB,out,TOFAŞ substitution out,,,,,,,,,0,46,2.0,,0,11,0,12
02:43,02:43:00,11,12,-1,2,1,REGULAR,67,Ö. CENGIZ,1,substitution,125,,[],in,0,1,Özgür,Cengiz,Özgür,Cengiz,Ö,C,Ö,C,Ö. Cengiz,TOFAŞ,TOF,Ö. Cengiz,1,,,,,,SUB,in,TOFAŞ substitution in,,,,,,,,,0,46,2.0,,0,11,0,12
02:43,02:43:00,11,12,-1,2,1,REGULAR,92,S. WHALEY,1,substitution,126,,[],in,0,5,Shaqwan Malic,Whaley,Shaqwan Malic,Whaley,S,W,S,W,S. Whaley,TOFAŞ,TOF,S. Whaley,5,,,,,,SUB,in,TOFAŞ substitution in,,,,,,,,,0,46,2.0,,0,11,0,12
02:43,02:43:00,11,12,-1,1,1,REGULAR,25,L. GALLOWAY,1,substitution,127,,[],out,0,9,Langston ,Galloway,Langston ,Galloway,L,G,L,G,L. Galloway,ESENLER EROKSPOR,ERK,L. Galloway,9,,,,,,SUB,out,ESENLER EROKSPOR substitution out,,,,,,,,,0,46,2.0,,0,11,0,12
02:43,02:43:00,11,12,-1,1,1,REGULAR,15,T. AKYAZILI,1,substitution,128,,[],out,0,14,Thomas,Akyazili,Thomas,Akyazili,T,A,T,A,T. Akyazili,ESENLER EROKSPOR,ERK,T. Akyazili,14,,,,,,SUB,out,ESENLER EROKSPOR substitution out,,,,,,,,,0,46,2.0,,0,11,0,12
02:43,02:43:00,11,12,-1,1,1,REGULAR,20,E. ARNA,1,substitution,129,,[],in,0,18,Egehan,Arna,Egehan,Arna,E,A,E,A,E. Arna,ESENLER EROKSPOR,ERK,E. Arna,18,,,,,,SUB,in,ESENLER EROKSPOR substitution in,,,,,,,,,0,46,2.0,,0,11,0,12
02:43,02:43:00,11,12,-1,1,1,REGULAR,28,J. LOVE,1,substitution,130,,[],in,0,22,Jermaine,Love,Jermaine,Love,J,L,J,L,J. Love,ESENLER EROKSPOR,ERK,J. Love,22,,,,,,SUB,in,ESENLER EROKSPOR substitution in,,,,,,,,,0,46,2.0,,0,11,0,12
02:26,02:26:00,11,12,-1,2,1,REGULAR,91,M. LEWIS III,0,3pt,132,,[],jumpshot,1,21,Maxwell Robert ,Lewis Iii,Maxwell Robert ,Lewis Iii,M,L,M,L,M. Lewis Iii,TOFAŞ,TOF,M. Lewis Iii,21,,,74.410003662109,20.89999961853,0.0,P3,missed,TOFAŞ M. LEWIS III 3Pt missed,,,,,,,,,0,46,2.0,,0,11,0,12
02:23,02:23:00,11,12,-1,2,1,REGULAR,92,S. WHALEY,1,rebound,133,132,[],offensive,0,5,Shaqwan Malic,Whaley,Shaqwan Malic,Whaley,S,W,S,W,S. Whaley,TOFAŞ,TOF,S. Whaley,5,,,,,,REB,,TOFAŞ rebound offensive,,,,,,,,,0,46,2.0,,0,11,0,12
02:11,02:11:00,11,12,-1,2,1,REGULAR,90,H. BESSON,0,3pt,134,,['2ndchance'],fadeaway,1,25,Hugo Eric,Besson,Hugo Eric,Besson,H,B,H,B,H. Besson,TOFAŞ,TOF,H. Besson,25,,,67.23999786377,53.389999389648,0.0,P3,missed,TOFAŞ H. BESSON 3Pt missed,,,,,,,,,0,46,2.0,def_reb,0,11,0,12
02:04,02:04:00,11,12,-1,1,1,REGULAR,27,J. SIMMONS,1,rebound,135,134,[],defensive,0,11,Jeremy,Simmons,Jeremy,Simmons,J,S,J,S,J. Simmons,ESENLER EROKSPOR,ERK,J. Simmons,11,,,,,,REB,,ESENLER EROKSPOR rebound defensive,,,,,,,,,0,47,1.0,def_reb,0,11,0,12
02:01,02:01:00,13,12,1,1,1,REGULAR,28,J. LOVE,1,2pt,137,,"['pointsinthepaint', 'fastbreak']",layup,1,22,Jermaine,Love,Jermaine,Love,J,L,J,L,J. Love,ESENLER EROKSPOR,ERK,J. Love,22,,,7.6399998664856,57.909999847412,1.0,P2,made,ESENLER EROKSPOR J. LOVE 2Pt made,60.0,1.0,K. PANGOS,,,,,,2,48,2.0,score,2,13,0,12
02:01,02:01:00,13,12,1,1,1,REGULAR,60,K. PANGOS,1,assist,138,137,[],,0,4,Kevin Joseph,Pangos,Kevin Joseph,Pangos,K,P,K,P,K. Pangos,ESENLER EROKSPOR,ERK,K. Pangos,4,,,,,,ASS,,ESENLER EROKSPOR K. PANGOS assist,,,,,,,,,0,49,1.0,,0,13,0,12
02:01,02:01:00,13,12,1,2,1,REGULAR,67,Ö. CENGIZ,1,foul,139,,"['shooting', '1freethrow']",personal,0,1,Özgür,Cengiz,Özgür,Cengiz,Ö,C,Ö,C,Ö. Cengiz,TOFAŞ,TOF,Ö. Cengiz,1,,,,,,FOUL,,TOFAŞ Ö. CENGIZ foul personal,,,,,,,,,0,49,1.0,,0,13,0,12
02:01,02:01:00,13,12,1,1,1,REGULAR,28,J. LOVE,1,foulon,140,139,[],,0,22,Jermaine,Love,Jermaine,Love,J,L,J,L,J. Love,ESENLER EROKSPOR,ERK,J. Love,22,,,,,,OTHER,,ESENLER EROKSPOR foulon,,,,,,,,,0,49,1.0,,0,13,0,12
02:01,02:01:00,13,12,1,2,1,REGULAR,88,M. BLAZEVIC,1,substitution,141,,[],out,0,22,Marek,Blazevic,Marek,Blazevic,M,B,M,B,M. Blazevic,TOFAŞ,TOF,M. Blazevic,22,,,,,,SUB,out,TOFAŞ substitution out,,,,,,,,,0,49,1.0,,0,13,0,12
02:01,02:01:00,13,12,1,2,1,REGULAR,94,W. KIDD JR,1,substitution,142,,[],in,0,15,Warren Lynn,Kidd Jr,Warren Lynn,Kidd Jr,W,K,W,K,W. Kidd Jr,TOFAŞ,TOF,W. Kidd Jr,15,,,,,,SUB,in,TOFAŞ substitution in,,,,,,,,,0,49,1.0,,0,13,0,12
02:01,02:01:00,13,12,1,1,1,REGULAR,24,P. CORNELIE,1,substitution,143,,[],out,0,12,Petr  Willlam,Cornelie,Petr  Willlam,Cornelie,P,C,P,C,P. Cornelie,ESENLER EROKSPOR,ERK,P. Cornelie,12,,,,,,SUB,out,ESENLER EROKSPOR substitution out,,,,,,,,,0,49,1.0,,0,13,0,12
02:01,02:01:00,13,12,1,1,1,REGULAR,22,T. THURMAN,1,substitution,144,,[],in,0,15,Tre'shawn,Thurman,Tre'shawn,Thurman,T,T,T,T,T. Thurman,ESENLER EROKSPOR,ERK,T. Thurman,15,,,,,,SUB,in,ESENLER EROKSPOR substitution in,,,,,,,,,0,49,1.0,,0,13,0,12
02:01,02:01:00,14,12,2,1,1,REGULAR,28,J. LOVE,1,freethrow,145,,['fastbreak'],1of1,1,22,Jermaine,Love,Jermaine,Love,J,L,J,L,J. Love,ESENLER EROKSPOR,ERK,J. Love,22,,,,,,FT,made,ESENLER EROKSPOR J. LOVE FT 1of1 made,,,,,,,,,1,49,1.0,made_ft_last,1,14,0,12
01:49,01:49:00,14,12,2,1,1,REGULAR,60,K. PANGOS,1,foul,148,,['2freethrow'],personal,0,4,Kevin Joseph,Pangos,Kevin Joseph,Pangos,K,P,K,P,K. Pangos,ESENLER EROKSPOR,ERK,K. Pangos,4,,,,,,FOUL,,ESENLER EROKSPOR K. PANGOS foul personal,,,,,,,,,0,50,2.0,,0,14,0,12
01:49,01:49:00,14,12,2,2,1,REGULAR,67,Ö. CENGIZ,1,foulon,149,148,[],,0,1,Özgür,Cengiz,Özgür,Cengiz,Ö,C,Ö,C,Ö. Cengiz,TOFAŞ,TOF,Ö. Cengiz,1,,,,,,OTHER,,TOFAŞ foulon,,,,,,,,,0,50,2.0,,0,14,0,12
01:49,01:49:00,14,12,2,2,1,REGULAR,67,Ö. CENGIZ,0,freethrow,150,,[],1of2,1,1,Özgür,Cengiz,Özgür,Cengiz,Ö,C,Ö,C,Ö. Cengiz,TOFAŞ,TOF,Ö. Cengiz,1,,,,,,FT,missed,TOFAŞ Ö. CENGIZ FT 1of2 missed,,,,,,,,,0,50,2.0,def_reb,0,14,0,12
01:49,01:49:00,14,12,2,2,1,REGULAR,0,,1,rebound,151,150,[],offensivedeadball,0,,,,,,,,,,,TOFAŞ,TOF,,,,,,,,TREB,,TOFAŞ team rebound offensivedeadball,,,,,,,,,0,51,1.0,def_reb,0,14,0,12
01:49,01:49:00,14,13,1,2,1,REGULAR,67,Ö. CENGIZ,1,freethrow,152,,[],2of2,1,1,Özgür,Cengiz,Özgür,Cengiz,Ö,C,Ö,C,Ö. Cengiz,TOFAŞ,TOF,Ö. Cengiz,1,,,,,,FT,made,TOFAŞ Ö. CENGIZ FT 2of2 made,,,,,,,,,1,52,2.0,made_ft_last,0,14,1,13
01:25,01:25:00,14,13,1,1,1,REGULAR,60,K. PANGOS,0,3pt,154,,[],stepbackjumpshot,1,4,Kevin Joseph,Pangos,Kevin Joseph,Pangos,K,P,K,P,K. Pangos,ESENLER EROKSPOR,ERK,K. Pangos,4,,,27.299999237061,78.529998779297,0.0,P3,missed,ESENLER EROKSPOR K. PANGOS 3Pt missed,,,,,,,,,0,53,1.0,def_reb,0,14,0,13
01:22,01:22:00,14,13,1,2,1,REGULAR,94,W. KIDD JR,1,rebound,155,154,[],defensive,0,15,Warren Lynn,Kidd Jr,Warren Lynn,Kidd Jr,W,K,W,K,W. Kidd Jr,TOFAŞ,TOF,W. Kidd Jr,15,,,,,,REB,,TOFAŞ rebound defensive,,,,,,,,,0,54,2.0,def_reb,0,14,0,13
01:11,01:11:00,14,13,1,2,1,REGULAR,92,S. WHALEY,0,3pt,156,,[],jumpshot,1,5,Shaqwan Malic,Whaley,Shaqwan Malic,Whaley,S,W,S,W,S. Whaley,TOFAŞ,TOF,S. Whaley,5,,,77.540000915527,88.980003356934,0.0,P3,missed,TOFAŞ S. WHALEY 3Pt missed,,,,,,,,,0,55,1.0,def_reb,0,14,0,13
01:08,01:08:00,14,13,1,1,1,REGULAR,27,J. SIMMONS,1,rebound,157,156,[],defensive,0,11,Jeremy,Simmons,Jeremy,Simmons,J,S,J,S,J. Simmons,ESENLER EROKSPOR,ERK,J. Simmons,11,,,,,,REB,,ESENLER EROKSPOR rebound defensive,,,,,,,,,0,56,2.0,def_reb,0,14,0,13
00:55,00:55:80,16,13,3,1,1,REGULAR,20,E. ARNA,1,2pt,163,,['pointsinthepaint'],layup,1,18,Egehan,Arna,Egehan,Arna,E,A,E,A,E. Arna,ESENLER EROKSPOR,ERK,E. Arna,18,,,7.0199999809265,39.830001831055,1.0,P2,made,ESENLER EROKSPOR E. ARNA 2Pt made,,,,,,,,,2,57,1.0,score,2,16,0,13
00:55,00:55:80,16,13,3,2,1,REGULAR,94,W. KIDD JR,1,foul,164,,"['shooting', '1freethrow']",personal,0,15,Warren Lynn,Kidd Jr,Warren Lynn,Kidd Jr,W,K,W,K,W. Kidd Jr,TOFAŞ,TOF,W. Kidd Jr,15,,,,,,FOUL,,TOFAŞ W. KIDD JR foul personal,,,,,,,,,0,58,2.0,,0,16,0,13
00:55,00:55:80,16,13,3,1,1,REGULAR,20,E. ARNA,1,foulon,165,164,[],,0,18,Egehan,Arna,Egehan,Arna,E,A,E,A,E. Arna,ESENLER EROKSPOR,ERK,E. Arna,18,,,,,,OTHER,,ESENLER EROKSPOR foulon,,,,,,,,,0,58,2.0,,0,16,0,13
00:55,00:55:80,16,13,3,1,1,REGULAR,27,J. SIMMONS,1,substitution,166,,[],out,0,11,Jeremy,Simmons,Jeremy,Simmons,J,S,J,S,J. Simmons,ESENLER EROKSPOR,ERK,J. Simmons,11,,,,,,SUB,out,ESENLER EROKSPOR substitution out,,,,,,,,,0,58,2.0,,0,16,0,13
00:55,00:55:80,16,13,3,1,1,REGULAR,19,A. DUVERIOGLU,1,substitution,167,,[],in,0,44,Ahmet,Duverioglu,Ahmet,Duverioglu,A,D,A,D,A. Duverioglu,ESENLER EROKSPOR,ERK,A. Duverioglu,44,,,,,,SUB,in,ESENLER EROKSPOR substitution in,,,,,,,,,0,58,2.0,,0,16,0,13
00:55,00:55:80,17,13,4,1,1,REGULAR,20,E. ARNA,1,freethrow,168,,[],1of1,1,18,Egehan,Arna,Egehan,Arna,E,A,E,A,E. Arna,ESENLER EROKSPOR,ERK,E. Arna,18,,,,,,FT,made,ESENLER EROKSPOR E. ARNA FT 1of1 made,,,,,,,,,1,58,2.0,made_ft_last,1,17,0,13
00:37,00:37:70,17,15,2,2,1,REGULAR,94,W. KIDD JR,1,2pt,173,,['pointsinthepaint'],layup,1,15,Warren Lynn,Kidd Jr,Warren Lynn,Kidd Jr,W,K,W,K,W. Kidd Jr,TOFAŞ,TOF,W. Kidd Jr,15,,,91.110000610352,38.419998168945,1.0,P2,made,TOFAŞ W. KIDD JR 2Pt made,91.0,2.0,M. LEWIS III,,,,,,2,59,1.0,score,0,17,2,15
00:37,00:37:70,17,15,2,2,1,REGULAR,91,M. LEWIS III,1,assist,174,173,[],,0,21,Maxwell Robert ,Lewis Iii,Maxwell Robert ,Lewis Iii,M,L,M,L,M. Lewis Iii,TOFAŞ,TOF,M. Lewis Iii,21,,,,,,ASS,,TOFAŞ M. LEWIS III assist,,,,,,,,,0,60,2.0,,0,17,0,15
00:37,00:37:70,17,15,2,1,1,REGULAR,28,J. LOVE,1,foul,175,,"['shooting', '1freethrow']",personal,0,22,Jermaine,Love,Jermaine,Love,J,L,J,L,J. Love,ESENLER EROKSPOR,ERK,J. Love,22,,,,,,FOUL,,ESENLER EROKSPOR J. LOVE foul personal,,,,,,,,,0,60,2.0,,0,17,0,15
00:37,00:37:70,17,15,2,2,1,REGULAR,94,W. KIDD JR,1,foulon,176,175,[],,0,15,Warren Lynn,Kidd Jr,Warren Lynn,Kidd Jr,W,K,W,K,W. Kidd Jr,TOFAŞ,TOF,W. Kidd Jr,15,,,,,,OTHER,,TOFAŞ foulon,,,,,,,,,0,60,2.0,,0,17,0,15
00:37,00:37:70,17,16,1,2,1,REGULAR,94,W. KIDD JR,1,freethrow,177,,[],1of1,1,15,Warren Lynn,Kidd Jr,Warren Lynn,Kidd Jr,W,K,W,K,W. Kidd Jr,TOFAŞ,TOF,W. Kidd Jr,15,,,,,,FT,made,TOFAŞ W. KIDD JR FT 1of1 made,,,,,,,,,1,60,2.0,made_ft_last,0,17,1,16
00:22,00:22:30,19,16,3,1,1,REGULAR,19,A. DUVERIOGLU,1,2pt,179,,['pointsinthepaint'],hookshot,1,44,Ahmet,Duverioglu,Ahmet,Duverioglu,A,D,A,D,A. Duverioglu,ESENLER EROKSPOR,ERK,A. Duverioglu,44,,,7.0199999809265,50.849998474121,1.0,P2,made,ESENLER EROKSPOR A. DUVERIOGLU 2Pt made,20.0,1.0,E. ARNA,,,,,,2,61,1.0,score,2,19,0,16
00:22,00:22:30,19,16,3,1,1,REGULAR,20,E. ARNA,1,assist,180,179,[],,0,18,Egehan,Arna,Egehan,Arna,E,A,E,A,E. Arna,ESENLER EROKSPOR,ERK,E. Arna,18,,,,,,ASS,,ESENLER EROKSPOR E. ARNA assist,,,,,,,,,0,62,2.0,,0,19,0,16
00:02,00:02:70,19,18,1,2,1,REGULAR,90,H. BESSON,1,2pt,181,,[],jumpshot,1,25,Hugo Eric,Besson,Hugo Eric,Besson,H,B,H,B,H. Besson,TOFAŞ,TOF,H. Besson,25,,,77.540000915527,31.069999694824,1.0,P2,made,TOFAŞ H. BESSON 2Pt made,,,,,,,,,2,62,2.0,score,0,19,2,18
00:00,00:00:00,19,18,1,0,1,REGULAR,0,,1,period,185,,['confirmed'],end,0,,,,,,,,,,,,,,,,,,,,OTHER,,period end,,,,,,,,,0,63,1.0,,0,19,0,18
10:00,10:00:00,19,18,1,0,2,REGULAR,0,,1,period,186,,[],start,0,,,,,,,,,,,,,,,,,,,,OTHER,,period start,,,,,,,,,0,63,1.0,,0,19,0,18
09:47,09:47:00,19,18,1,2,2,REGULAR,91,M. LEWIS III,1,turnover,188,,[],badpass,0,21,Maxwell Robert ,Lewis Iii,Maxwell Robert ,Lewis Iii,M,L,M,L,M. Lewis Iii,TOFAŞ,TOF,M. Lewis Iii,21,,,,,,TO,,TOFAŞ M. LEWIS III turnover badpass,,,,,,,,,0,63,1.0,turnover,0,19,0,18
09:47,09:47:00,19,18,1,1,2,REGULAR,60,K. PANGOS,1,steal,189,188,[],,0,4,Kevin Joseph,Pangos,Kevin Joseph,Pangos,K,P,K,P,K. Pangos,ESENLER EROKSPOR,ERK,K. Pangos,4,,,,,,ST,,ESENLER EROKSPOR K. PANGOS steal,,,,,,,,,0,64,2.0,,0,19,0,18
09:24,09:24:00,19,18,1,1,2,REGULAR,22,T. THURMAN,0,2pt,190,,['fromturnover'],jumpshot,1,15,Tre'shawn,Thurman,Tre'shawn,Thurman,T,T,T,T,T. Thurman,ESENLER EROKSPOR,ERK,T. Thurman,15,,,9.1999998092651,69.209999084473,0.0,P2,missed,ESENLER EROKSPOR T. THURMAN 2Pt missed,,,,,,,,,0,64,2.0,,0,19,0,18
09:21,09:21:00,19,18,1,1,2,REGULAR,19,A. DUVERIOGLU,1,rebound,191,190,[],offensive,0,44,Ahmet,Duverioglu,Ahmet,Duverioglu,A,D,A,D,A. Duverioglu,ESENLER EROKSPOR,ERK,A. Duverioglu,44,,,,,,REB,,ESENLER EROKSPOR rebound offensive,,,,,,,,,0,64,2.0,,0,19,0,18
09:21,09:21:00,19,18,1,1,2,REGULAR,19,A. DUVERIOGLU,0,2pt,192,,"['2ndchance', 'fromturnover', 'pointsinthepaint']",tipinlayup,1,44,Ahmet,Duverioglu,Ahmet,Duverioglu,A,D,A,D,A. Duverioglu,ESENLER EROKSPOR,ERK,A. Duverioglu,44,,,6.0,50.0,0.0,P2,missed,ESENLER EROKSPOR A. DUVERIOGLU 2Pt missed,,,,,,,,,0,64,2.0,def_reb,0,19,0,18
09:21,09:21:00,19,18,1,2,2,REGULAR,92,S. WHALEY,1,rebound,193,192,[],defensive,0,5,Shaqwan Malic,Whaley,Shaqwan Malic,Whaley,S,W,S,W,S. Whaley,TOFAŞ,TOF,S. Whaley,5,,,,,,REB,,TOFAŞ rebound defensive,,,,,,,,,0,65,1.0,def_reb,0,19,0,18
09:15,09:15:00,19,18,1,2,2,REGULAR,92,S. WHALEY,0,3pt,194,,[],jumpshot,1,5,Shaqwan Malic,Whaley,Shaqwan Malic,Whaley,S,W,S,W,S. Whaley,TOFAŞ,TOF,S. Whaley,5,,,67.550003051758,48.590000152588,0.0,P3,missed,TOFAŞ S. WHALEY 3Pt missed,,,,,,,,,0,66,2.0,,0,19,0,18
09:12,09:12:00,19,18,1,2,2,REGULAR,94,W. KIDD JR,1,rebound,196,194,[],offensive,0,15,Warren Lynn,Kidd Jr,Warren Lynn,Kidd Jr,W,K,W,K,W. Kidd Jr,TOFAŞ,TOF,W. Kidd Jr,15,,,,,,REB,,TOFAŞ rebound offensive,,,,,,,,,0,66,2.0,,0,19,0,18
09:12,09:12:00,19,20,-1,2,2,REGULAR,94,W. KIDD JR,1,2pt,197,,"['2ndchance', 'pointsinthepaint']",tipinlayup,1,15,Warren Lynn,Kidd Jr,Warren Lynn,Kidd Jr,W,K,W,K,W. Kidd Jr,TOFAŞ,TOF,W. Kidd Jr,15,,,94.0,50.0,1.0,P2,made,TOFAŞ W. KIDD JR 2Pt made,,,,,,,,,2,66,2.0,score,0,19,2,20
09:11,09:11:00,19,20,-1,1,2,REGULAR,60,K. PANGOS,1,foul,200,,"['shooting', '1freethrow']",personal,0,4,Kevin Joseph,Pangos,Kevin Joseph,Pangos,K,P,K,P,K. Pangos,ESENLER EROKSPOR,ERK,K. Pangos,4,,,,,,FOUL,,ESENLER EROKSPOR K. PANGOS foul personal,,,,,,,,,0,67,1.0,,0,19,0,20
09:11,09:11:00,19,20,-1,2,2,REGULAR,94,W. KIDD JR,1,foulon,201,200,[],,0,15,Warren Lynn,Kidd Jr,Warren Lynn,Kidd Jr,W,K,W,K,W. Kidd Jr,TOFAŞ,TOF,W. Kidd Jr,15,,,,,,OTHER,,TOFAŞ foulon,,,,,,,,,0,67,1.0,,0,19,0,20
09:11,09:11:00,19,20,-1,2,2,REGULAR,94,W. KIDD JR,0,freethrow,202,,['2ndchance'],1of1,1,15,Warren Lynn,Kidd Jr,Warren Lynn,Kidd Jr,W,K,W,K,W. Kidd Jr,TOFAŞ,TOF,W. Kidd Jr,15,,,,,,FT,missed,TOFAŞ W. KIDD JR FT 1of1 missed,,,,,,,,,0,67,1.0,def_reb,0,19,0,20
09:11,09:11:00,19,20,-1,1,2,REGULAR,20,E. ARNA,1,rebound,204,202,[],defensive,0,18,Egehan,Arna,Egehan,Arna,E,A,E,A,E. Arna,ESENLER EROKSPOR,ERK,E. Arna,18,,,,,,REB,,ESENLER EROKSPOR rebound defensive,,,,,,,,,0,68,2.0,def_reb,0,19,0,20
09:04,09:04:00,19,20,-1,2,2,REGULAR,67,Ö. CENGIZ,1,foul,208,,[],personal,0,1,Özgür,Cengiz,Özgür,Cengiz,Ö,C,Ö,C,Ö. Cengiz,TOFAŞ,TOF,Ö. Cengiz,1,,,,,,FOUL,,TOFAŞ Ö. CENGIZ foul personal,,,,,,,,,0,69,1.0,,0,19,0,20
09:04,09:04:00,19,20,-1,1,2,REGULAR,60,K. PANGOS,1,foulon,209,208,[],,0,4,Kevin Joseph,Pangos,Kevin Joseph,Pangos,K,P,K,P,K. Pangos,ESENLER EROKSPOR,ERK,K. Pangos,4,,,,,,OTHER,,ESENLER EROKSPOR foulon,,,,,,,,,0,69,1.0,,0,19,0,20
08:55,08:55:00,22,20,2,1,2,REGULAR,20,E. ARNA,1,3pt,211,,[],jumpshot,1,18,Egehan,Arna,Egehan,Arna,E,A,E,A,E. Arna,ESENLER EROKSPOR,ERK,E. Arna,18,,,23.559999465942,13.560000419617,1.0,P3,made,ESENLER EROKSPOR E. ARNA 3Pt made,60.0,1.0,K. PANGOS,,,,,,3,69,1.0,score,3,22,0,20
08:55,08:55:00,22,20,2,1,2,REGULAR,60,K. PANGOS,1,assist,212,211,[],,0,4,Kevin Joseph,Pangos,Kevin Joseph,Pangos,K,P,K,P,K. Pangos,ESENLER EROKSPOR,ERK,K. Pangos,4,,,,,,ASS,,ESENLER EROKSPOR K. PANGOS assist,,,,,,,,,0,70,2.0,,0,22,0,20
08:37,08:37:00,22,20,2,2,2,REGULAR,92,S. WHALEY,0,3pt,213,,[],jumpshot,1,5,Shaqwan Malic,Whaley,Shaqwan Malic,Whaley,S,W,S,W,S. Whaley,TOFAŞ,TOF,S. Whaley,5,,,94.540000915527,3.1099998950958,0.0,P3,missed,TOFAŞ S. WHALEY 3Pt missed,,,,,,,,,0,70,2.0,def_reb,0,22,0,20
08:34,08:34:00,22,20,2,1,2,REGULAR,19,A. DUVERIOGLU,1,rebound,214,213,[],defensive,0,44,Ahmet,Duverioglu,Ahmet,Duverioglu,A,D,A,D,A. Duverioglu,ESENLER EROKSPOR,ERK,A. Duverioglu,44,,,,,,REB,,ESENLER EROKSPOR rebound defensive,,,,,,,,,0,71,1.0,def_reb,0,22,0,20
08:30,08:30:00,22,20,2,1,2,REGULAR,28,J. LOVE,1,foul,218,,[],offensive,0,22,Jermaine,Love,Jermaine,Love,J,L,J,L,J. Love,ESENLER EROKSPOR,ERK,J. Love,22,,,,,,RFOUL,,ESENLER EROKSPOR J. LOVE foul offensive,,,,,,,,,0,72,2.0,offensive_foul,0,22,0,20
08:30,08:30:00,22,20,2,1,2,REGULAR,28,J. LOVE,1,turnover,219,218,[],offensive,0,22,Jermaine,Love,Jermaine,Love,J,L,J,L,J. Love,ESENLER EROKSPOR,ERK,J. Love,22,,,,,,TO,,ESENLER EROKSPOR J. LOVE turnover offensive,,,,,,,,,0,73,1.0,turnover,0,22,0,20
08:30,08:30:00,22,20,2,2,2,REGULAR,67,Ö. CENGIZ,1,foulon,220,218,[],,0,1,Özgür,Cengiz,Özgür,Cengiz,Ö,C,Ö,C,Ö. Cengiz,TOFAŞ,TOF,Ö. Cengiz,1,,,,,,OTHER,,TOFAŞ foulon,,,,,,,,,0,74,2.0,,0,22,0,20
08:30,08:30:00,22,20,2,1,2,REGULAR,28,J. LOVE,1,substitution,221,,[],out,0,22,Jermaine,Love,Jermaine,Love,J,L,J,L,J. Love,ESENLER EROKSPOR,ERK,J. Love,22,,,,,,SUB,out,ESENLER EROKSPOR substitution out,,,,,,,,,0,74,2.0,,0,22,0,20
08:30,08:30:00,22,20,2,1,2,REGULAR,25,L. GALLOWAY,1,substitution,222,,[],in,0,9,Langston ,Galloway,Langston ,Galloway,L,G,L,G,L. Galloway,ESENLER EROKSPOR,ERK,L. Galloway,9,,,,,,SUB,in,ESENLER EROKSPOR substitution in,,,,,,,,,0,74,2.0,,0,22,0,20
08:17,08:17:00,22,20,2,2,2,REGULAR,67,Ö. CENGIZ,0,3pt,224,,['fromturnover'],jumpshot,1,1,Özgür,Cengiz,Özgür,Cengiz,Ö,C,Ö,C,Ö. Cengiz,TOFAŞ,TOF,Ö. Cengiz,1,,,82.220001220703,91.529998779297,0.0,P3,missed,TOFAŞ Ö. CENGIZ 3Pt missed,,,,,,,,,0,74,2.0,def_reb,0,22,0,20
08:14,08:14:00,22,20,2,1,2,REGULAR,20,E. ARNA,1,rebound,225,224,[],defensive,0,18,Egehan,Arna,Egehan,Arna,E,A,E,A,E. Arna,ESENLER EROKSPOR,ERK,E. Arna,18,,,,,,REB,,ESENLER EROKSPOR rebound defensive,,,,,,,,,0,75,1.0,def_reb,0,22,0,20
07:57,07:57:00,22,20,2,1,2,REGULAR,20,E. ARNA,0,3pt,226,,[],jumpshot,1,18,Egehan,Arna,Egehan,Arna,E,A,E,A,E. Arna,ESENLER EROKSPOR,ERK,E. Arna,18,,,30.729999542236,46.889999389648,0.0,P3,missed,ESENLER EROKSPOR E. ARNA 3Pt missed,,,,,,,,,0,76,2.0,def_reb,0,22,0,20
07:54,07:54:00,22,20,2,2,2,REGULAR,94,W. KIDD JR,1,rebound,227,226,[],defensive,0,15,Warren Lynn,Kidd Jr,Warren Lynn,Kidd Jr,W,K,W,K,W. Kidd Jr,TOFAŞ,TOF,W. Kidd Jr,15,,,,,,REB,,TOFAŞ rebound defensive,,,,,,,,,0,77,1.0,def_reb,0,22,0,20
07:43,07:43:00,22,20,2,2,2,REGULAR,91,M. LEWIS III,0,3pt,228,,[],jumpshot,1,21,Maxwell Robert ,Lewis Iii,Maxwell Robert ,Lewis Iii,M,L,M,L,M. Lewis Iii,TOFAŞ,TOF,M. Lewis Iii,21,,,78.319999694824,90.110000610352,0.0,P3,missed,TOFAŞ M. LEWIS III 3Pt missed,,,,,,,,,0,78,2.0,def_reb,0,22,0,20
07:40,07:40:00,22,20,2,1,2,REGULAR,25,L. GALLOWAY,1,rebound,229,228,[],defensive,0,9,Langston ,Galloway,Langston ,Galloway,L,G,L,G,L. Galloway,ESENLER EROKSPOR,ERK,L. Galloway,9,,,,,,REB,,ESENLER EROKSPOR rebound defensive,,,,,,,,,0,79,1.0,def_reb,0,22,0,20
07:32,07:32:00,24,20,4,1,2,REGULAR,19,A. DUVERIOGLU,1,2pt,230,,['pointsinthepaint'],dunk,1,44,Ahmet,Duverioglu,Ahmet,Duverioglu,A,D,A,D,A. Duverioglu,ESENLER EROKSPOR,ERK,A. Duverioglu,44,,,6.2399997711182,47.740001678467,1.0,P2,made,ESENLER EROKSPOR A. DUVERIOGLU 2Pt made,22.0,1.0,T. THURMAN,,,,,,2,80,2.0,score,2,24,0,20
07:32,07:32:00,24,20,4,1,2,REGULAR,22,T. THURMAN,1,assist,232,230,[],,0,15,Tre'shawn,Thurman,Tre'shawn,Thurman,T,T,T,T,T. Thurman,ESENLER EROKSPOR,ERK,T. Thurman,15,,,,,,ASS,,ESENLER EROKSPOR T. THURMAN assist,,,,,,,,,0,81,1.0,,0,24,0,20
07:30,07:30:00,24,20,4,2,2,REGULAR,0,,1,timeout,235,,[],full,0,,,,,,,,,,,TOFAŞ,TOF,,,,,,,,TIMEOUT,,TOFAŞ timeout,,,,,,,,,0,81,1.0,,0,24,0,20
07:30,07:30:00,24,20,4,0,2,REGULAR,0,,1,timeout,236,,[],officials,0,,,,,,,,,,,,,,,,,,,,TIMEOUT,, timeout,,,,,,,,,0,81,1.0,,0,24,0,20
07:30,07:30:00,24,20,4,1,2,REGULAR,60,K. PANGOS,1,substitution,237,,[],out,0,4,Kevin Joseph,Pangos,Kevin Joseph,Pangos,K,P,K,P,K. Pangos,ESENLER EROKSPOR,ERK,K. Pangos,4,,,,,,SUB,out,ESENLER EROKSPOR substitution out,,,,,,,,,0,81,1.0,,0,24,0,20
07:30,07:30:00,24,20,4,1,2,REGULAR,26,J. CRAWFORD,1,substitution,238,,[],in,0,1,Jordon,Crawford,Jordon,Crawford,J,C,J,C,J. Crawford,ESENLER EROKSPOR,ERK,J. Crawford,1,,,,,,SUB,in,ESENLER EROKSPOR substitution in,,,,,,,,,0,81,1.0,,0,24,0,20
07:12,07:12:00,24,20,4,1,2,REGULAR,19,A. DUVERIOGLU,1,foul,243,,"['shooting', '2freethrow']",personal,0,44,Ahmet,Duverioglu,Ahmet,Duverioglu,A,D,A,D,A. Duverioglu,ESENLER EROKSPOR,ERK,A. Duverioglu,44,,,,,,FOUL,,ESENLER EROKSPOR A. DUVERIOGLU foul personal,,,,,,,,,0,81,1.0,,0,24,0,20
07:12,07:12:00,24,20,4,2,2,REGULAR,90,H. BESSON,1,foulon,244,243,[],,0,25,Hugo Eric,Besson,Hugo Eric,Besson,H,B,H,B,H. Besson,TOFAŞ,TOF,H. Besson,25,,,,,,OTHER,,TOFAŞ foulon,,,,,,,,,0,81,1.0,,0,24,0,20
07:12,07:12:00,24,20,4,2,2,REGULAR,94,W. KIDD JR,1,substitution,245,,[],out,0,15,Warren Lynn,Kidd Jr,Warren Lynn,Kidd Jr,W,K,W,K,W. Kidd Jr,TOFAŞ,TOF,W. Kidd Jr,15,,,,,,SUB,out,TOFAŞ substitution out,,,,,,,,,0,81,1.0,,0,24,0,20
07:12,07:12:00,24,20,4,2,2,REGULAR,91,M. LEWIS III,1,substitution,246,,[],out,0,21,Maxwell Robert ,Lewis Iii,Maxwell Robert ,Lewis Iii,M,L,M,L,M. Lewis Iii,TOFAŞ,TOF,M. Lewis Iii,21,,,,,,SUB,out,TOFAŞ substitution out,,,,,,,,,0,81,1.0,,0,24,0,20
07:12,07:12:00,24,20,4,2,2,REGULAR,55,T. GEÇIM,1,substitution,247,,[],in,0,8,Tolga,Geçim,Tolga,Geçim,T,G,T,G,T. Geçim,TOFAŞ,TOF,T. Geçim,8,,,,,,SUB,in,TOFAŞ substitution in,,,,,,,,,0,81,1.0,,0,24,0,20
07:12,07:12:00,24,20,4,2,2,REGULAR,88,M. BLAZEVIC,1,substitution,248,,[],in,0,22,Marek,Blazevic,Marek,Blazevic,M,B,M,B,M. Blazevic,TOFAŞ,TOF,M. Blazevic,22,,,,,,SUB,in,TOFAŞ substitution in,,,,,,,,,0,81,1.0,,0,24,0,20
07:12,07:12:00,24,21,3,2,2,REGULAR,90,H. BESSON,1,freethrow,249,,[],1of2,1,25,Hugo Eric,Besson,Hugo Eric,Besson,H,B,H,B,H. Besson,TOFAŞ,TOF,H. Besson,25,,,,,,FT,made,TOFAŞ H. BESSON FT 1of2 made,,,,,,,,,1,81,1.0,made_ft,0,24,1,21
07:12,07:12:00,24,21,3,2,2,REGULAR,90,H. BESSON,0,freethrow,250,,[],2of2,1,25,Hugo Eric,Besson,Hugo Eric,Besson,H,B,H,B,H. Besson,TOFAŞ,TOF,H. Besson,25,,,,,,FT,missed,TOFAŞ H. BESSON FT 2of2 missed,,,,,,,,,0,82,2.0,def_reb,0,24,0,21
07:12,07:12:00,24,21,3,1,2,REGULAR,25,L. GALLOWAY,1,rebound,252,250,[],defensive,0,9,Langston ,Galloway,Langston ,Galloway,L,G,L,G,L. Galloway,ESENLER EROKSPOR,ERK,L. Galloway,9,,,,,,REB,,ESENLER EROKSPOR rebound defensive,,,,,,,,,0,83,1.0,def_reb,0,24,0,21
06:55,06:55:00,24,21,3,1,2,REGULAR,26,J. CRAWFORD,0,3pt,253,,[],jumpshot,1,1,Jordon,Crawford,Jordon,Crawford,J,C,J,C,J. Crawford,ESENLER EROKSPOR,ERK,J. Crawford,1,,,10.760000228882,96.050003051758,0.0,P3,missed,ESENLER EROKSPOR J. CRAWFORD 3Pt missed,,,,,,,,,0,84,2.0,,0,24,0,21
06:53,06:53:00,24,21,3,1,2,REGULAR,22,T. THURMAN,1,rebound,254,253,[],offensive,0,15,Tre'shawn,Thurman,Tre'shawn,Thurman,T,T,T,T,T. Thurman,ESENLER EROKSPOR,ERK,T. Thurman,15,,,,,,REB,,ESENLER EROKSPOR rebound offensive,,,,,,,,,0,84,2.0,,0,24,0,21
06:51,06:51:00,27,21,6,1,2,REGULAR,25,L. GALLOWAY,1,3pt,255,,['2ndchance'],jumpshot,1,9,Langston ,Galloway,Langston ,Galloway,L,G,L,G,L. Galloway,ESENLER EROKSPOR,ERK,L. Galloway,9,,,29.020000457764,75.139999389648,1.0,P3,made,ESENLER EROKSPOR L. GALLOWAY 3Pt made,26.0,1.0,J. CRAWFORD,,,,,,3,84,2.0,score,3,27,0,21
06:51,06:51:00,27,21,6,1,2,REGULAR,26,J. CRAWFORD,1,assist,256,255,[],,0,1,Jordon,Crawford,Jordon,Crawford,J,C,J,C,J. Crawford,ESENLER EROKSPOR,ERK,J. Crawford,1,,,,,,ASS,,ESENLER EROKSPOR J. CRAWFORD assist,,,,,,,,,0,85,1.0,,0,27,0,21
06:31,06:31:00,27,21,6,2,2,REGULAR,90,H. BESSON,0,3pt,257,,[],jumpshot,1,25,Hugo Eric,Besson,Hugo Eric,Besson,H,B,H,B,H. Besson,TOFAŞ,TOF,H. Besson,25,,,70.199996948242,70.339996337891,0.0,P3,missed,TOFAŞ H. BESSON 3Pt missed,,,,,,,,,0,85,1.0,def_reb,0,27,0,21
06:29,06:29:00,27,21,6,1,2,REGULAR,20,E. ARNA,1,rebound,258,257,[],defensive,0,18,Egehan,Arna,Egehan,Arna,E,A,E,A,E. Arna,ESENLER EROKSPOR,ERK,E. Arna,18,,,,,,REB,,ESENLER EROKSPOR rebound defensive,,,,,,,,,0,86,2.0,def_reb,0,27,0,21
06:21,06:21:00,30,21,9,1,2,REGULAR,25,L. GALLOWAY,1,3pt,259,,[],jumpshot,1,9,Langston ,Galloway,Langston ,Galloway,L,G,L,G,L. Galloway,ESENLER EROKSPOR,ERK,L. Galloway,9,,,3.7400000095367,95.76000213623,1.0,P3,made,ESENLER EROKSPOR L. GALLOWAY 3Pt made,26.0,1.0,J. CRAWFORD,,,,,,3,87,1.0,score,3,30,0,21
06:21,06:21:00,30,21,9,1,2,REGULAR,26,J. CRAWFORD,1,assist,260,259,[],,0,1,Jordon,Crawford,Jordon,Crawford,J,C,J,C,J. Crawford,ESENLER EROKSPOR,ERK,J. Crawford,1,,,,,,ASS,,ESENLER EROKSPOR J. CRAWFORD assist,,,,,,,,,0,88,2.0,,0,30,0,21
05:58,05:58:00,30,21,9,2,2,REGULAR,92,S. WHALEY,0,3pt,261,,[],jumpshot,1,5,Shaqwan Malic,Whaley,Shaqwan Malic,Whaley,S,W,S,W,S. Whaley,TOFAŞ,TOF,S. Whaley,5,,,97.349998474121,4.2399997711182,0.0,P3,missed,TOFAŞ S. WHALEY 3Pt missed,,,,,,,,,0,88,2.0,def_reb,0,30,0,21
05:56,05:56:00,30,21,9,1,2,REGULAR,26,J. CRAWFORD,1,rebound,262,261,[],defensive,0,1,Jordon,Crawford,Jordon,Crawford,J,C,J,C,J. Crawford,ESENLER EROKSPOR,ERK,J. Crawford,1,,,,,,REB,,ESENLER EROKSPOR rebound defensive,,,,,,,,,0,89,1.0,def_reb,0,30,0,21
05:45,05:45:00,30,21,9,1,2,REGULAR,25,L. GALLOWAY,0,3pt,263,,[],jumpshot,1,9,Langston ,Galloway,Langston ,Galloway,L,G,L,G,L. Galloway,ESENLER EROKSPOR,ERK,L. Galloway,9,,,19.809999465942,8.7600002288818,0.0,P3,missed,ESENLER EROKSPOR L. GALLOWAY 3Pt missed,,,,,,,,,0,90,2.0,def_reb,0,30,0,21
05:43,05:43:00,30,21,9,2,2,REGULAR,92,S. WHALEY,1,rebound,264,263,[],defensive,0,5,Shaqwan Malic,Whaley,Shaqwan Malic,Whaley,S,W,S,W,S. Whaley,TOFAŞ,TOF,S. Whaley,5,,,,,,REB,,TOFAŞ rebound defensive,,,,,,,,,0,91,1.0,def_reb,0,30,0,21
05:32,05:32:00,30,21,9,1,2,REGULAR,19,A. DUVERIOGLU,1,foul,268,,[],personal,0,44,Ahmet,Duverioglu,Ahmet,Duverioglu,A,D,A,D,A. Duverioglu,ESENLER EROKSPOR,ERK,A. Duverioglu,44,,,,,,FOUL,,ESENLER EROKSPOR A. DUVERIOGLU foul personal,,,,,,,,,0,92,2.0,,0,30,0,21
05:32,05:32:00,30,21,9,2,2,REGULAR,55,T. GEÇIM,1,foulon,269,268,[],,0,8,Tolga,Geçim,Tolga,Geçim,T,G,T,G,T. Geçim,TOFAŞ,TOF,T. Geçim,8,,,,,,OTHER,,TOFAŞ foulon,,,,,,,,,0,92,2.0,,0,30,0,21
05:32,05:32:00,30,21,9,2,2,REGULAR,67,Ö. CENGIZ,1,substitution,270,,[],out,0,1,Özgür,Cengiz,Özgür,Cengiz,Ö,C,Ö,C,Ö. Cengiz,TOFAŞ,TOF,Ö. Cengiz,1,,,,,,SUB,out,TOFAŞ substitution out,,,,,,,,,0,92,2.0,,0,30,0,21
05:32,05:32:00,30,21,9,2,2,REGULAR,92,S. WHALEY,1,substitution,271,,[],out,0,5,Shaqwan Malic,Whaley,Shaqwan Malic,Whaley,S,W,S,W,S. Whaley,TOFAŞ,TOF,S. Whaley,5,,,,,,SUB,out,TOFAŞ substitution out,,,,,,,,,0,92,2.0,,0,30,0,21
05:32,05:32:00,30,21,9,2,2,REGULAR,90,H. BESSON,1,substitution,272,,[],out,0,25,Hugo Eric,Besson,Hugo Eric,Besson,H,B,H,B,H. Besson,TOFAŞ,TOF,H. Besson,25,,,,,,SUB,out,TOFAŞ substitution out,,,,,,,,,0,92,2.0,,0,30,0,21
05:32,05:32:00,30,21,9,2,2,REGULAR,89,A. PEREZ,1,substitution,273,,[],in,0,2,Alex Daniel,Perez,Alex Daniel,Perez,A,P,A,P,A. Perez,TOFAŞ,TOF,A. Perez,2,,,,,,SUB,in,TOFAŞ substitution in,,,,,,,,,0,92,2.0,,0,30,0,21
05:32,05:32:00,30,21,9,2,2,REGULAR,66,Y. SAYBIR,1,substitution,274,,[],in,0,3,Yigitcan,Saybir,Yigitcan,Saybir,Y,S,Y,S,Y. Saybir,TOFAŞ,TOF,Y. Saybir,3,,,,,,SUB,in,TOFAŞ substitution in,,,,,,,,,0,92,2.0,,0,30,0,21
05:32,05:32:00,30,21,9,2,2,REGULAR,93,J. THOMASSON,1,substitution,275,,[],in,0,32,Joseph ,Thomasson,Joseph ,Thomasson,J,T,J,T,J. Thomasson,TOFAŞ,TOF,J. Thomasson,32,,,,,,SUB,in,TOFAŞ substitution in,,,,,,,,,0,92,2.0,,0,30,0,21
05:32,05:32:00,30,21,9,1,2,REGULAR,20,E. ARNA,1,substitution,276,,[],out,0,18,Egehan,Arna,Egehan,Arna,E,A,E,A,E. Arna,ESENLER EROKSPOR,ERK,E. Arna,18,,,,,,SUB,out,ESENLER EROKSPOR substitution out,,,,,,,,,0,92,2.0,,0,30,0,21
05:32,05:32:00,30,21,9,1,2,REGULAR,21,E. GAZI,1,substitution,277,,[],in,0,7,Erten,Gazi,Erten,Gazi,E,G,E,G,E. Gazi,ESENLER EROKSPOR,ERK,E. Gazi,7,,,,,,SUB,in,ESENLER EROKSPOR substitution in,,,,,,,,,0,92,2.0,,0,30,0,21
05:29,05:29:00,30,23,7,2,2,REGULAR,88,M. BLAZEVIC,1,2pt,281,,['pointsinthepaint'],layup,1,22,Marek,Blazevic,Marek,Blazevic,M,B,M,B,M. Blazevic,TOFAŞ,TOF,M. Blazevic,22,,,94.069999694824,56.779998779297,1.0,P2,made,TOFAŞ M. BLAZEVIC 2Pt made,55.0,2.0,T. GEÇIM,,,,,,2,92,2.0,score,0,30,2,23
05:29,05:29:00,30,23,7,2,2,REGULAR,55,T. GEÇIM,1,assist,282,281,[],,0,8,Tolga,Geçim,Tolga,Geçim,T,G,T,G,T. Geçim,TOFAŞ,TOF,T. Geçim,8,,,,,,ASS,,TOFAŞ T. GEÇIM assist,,,,,,,,,0,93,1.0,,0,30,0,23
05:12,05:12:00,30,23,7,2,2,REGULAR,55,T. GEÇIM,1,foul,286,,"['shooting', '2freethrow']",personal,0,8,Tolga,Geçim,Tolga,Geçim,T,G,T,G,T. Geçim,TOFAŞ,TOF,T. Geçim,8,,,,,,FOUL,,TOFAŞ T. GEÇIM foul personal,,,,,,,,,0,93,1.0,,0,30,0,23
05:12,05:12:00,30,23,7,1,2,REGULAR,21,E. GAZI,1,foulon,287,286,[],,0,7,Erten,Gazi,Erten,Gazi,E,G,E,G,E. Gazi,ESENLER EROKSPOR,ERK,E. Gazi,7,,,,,,OTHER,,ESENLER EROKSPOR foulon,,,,,,,,,0,93,1.0,,0,30,0,23
05:12,05:12:00,30,23,7,1,2,REGULAR,19,A. DUVERIOGLU,1,substitution,288,,[],out,0,44,Ahmet,Duverioglu,Ahmet,Duverioglu,A,D,A,D,A. Duverioglu,ESENLER EROKSPOR,ERK,A. Duverioglu,44,,,,,,SUB,out,ESENLER EROKSPOR substitution out,,,,,,,,,0,93,1.0,,0,30,0,23
05:12,05:12:00,30,23,7,1,2,REGULAR,27,J. SIMMONS,1,substitution,289,,[],in,0,11,Jeremy,Simmons,Jeremy,Simmons,J,S,J,S,J. Simmons,ESENLER EROKSPOR,ERK,J. Simmons,11,,,,,,SUB,in,ESENLER EROKSPOR substitution in,,,,,,,,,0,93,1.0,,0,30,0,23
05:12,05:12:00,31,23,8,1,2,REGULAR,21,E. GAZI,1,freethrow,290,,[],1of2,1,7,Erten,Gazi,Erten,Gazi,E,G,E,G,E. Gazi,ESENLER EROKSPOR,ERK,E. Gazi,7,,,,,,FT,made,ESENLER EROKSPOR E. GAZI FT 1of2 made,,,,,,,,,1,93,1.0,made_ft,1,31,0,23
05:12,05:12:00,32,23,9,1,2,REGULAR,21,E. GAZI,1,freethrow,291,,[],2of2,1,7,Erten,Gazi,Erten,Gazi,E,G,E,G,E. Gazi,ESENLER EROKSPOR,ERK,E. Gazi,7,,,,,,FT,made,ESENLER EROKSPOR E. GAZI FT 2of2 made,,,,,,,,,1,94,2.0,made_ft_last,1,32,0,23
04:56,04:56:00,32,23,9,2,2,REGULAR,55,T. GEÇIM,0,2pt,293,,[],floatingjumpshot,1,8,Tolga,Geçim,Tolga,Geçim,T,G,T,G,T. Geçim,TOFAŞ,TOF,T. Geçim,8,,,77.220001220703,61.860000610352,0.0,P2,missed,TOFAŞ T. GEÇIM 2Pt missed,,,,,,,,,0,95,1.0,def_reb,0,32,0,23
04:53,04:53:00,32,23,9,1,2,REGULAR,22,T. THURMAN,1,rebound,294,293,[],defensive,0,15,Tre'shawn,Thurman,Tre'shawn,Thurman,T,T,T,T,T. Thurman,ESENLER EROKSPOR,ERK,T. Thurman,15,,,,,,REB,,ESENLER EROKSPOR rebound defensive,,,,,,,,,0,96,2.0,def_reb,0,32,0,23
04:49,04:49:00,34,23,11,1,2,REGULAR,27,J. SIMMONS,1,2pt,295,,"['pointsinthepaint', 'fastbreak']",dunk,1,11,Jeremy,Simmons,Jeremy,Simmons,J,S,J,S,J. Simmons,ESENLER EROKSPOR,ERK,J. Simmons,11,,,5.7699999809265,45.200000762939,1.0,P2,made,ESENLER EROKSPOR J. SIMMONS 2Pt made,26.0,1.0,J. CRAWFORD,,,,,,2,97,1.0,score,2,34,0,23
04:49,04:49:00,34,23,11,1,2,REGULAR,26,J. CRAWFORD,1,assist,296,295,[],,0,1,Jordon,Crawford,Jordon,Crawford,J,C,J,C,J. Crawford,ESENLER EROKSPOR,ERK,J. Crawford,1,,,,,,ASS,,ESENLER EROKSPOR J. CRAWFORD assist,,,,,,,,,0,98,2.0,,0,34,0,23
04:26,04:26:00,34,23,11,2,2,REGULAR,55,T. GEÇIM,0,3pt,297,,[],jumpshot,1,8,Tolga,Geçim,Tolga,Geçim,T,G,T,G,T. Geçim,TOFAŞ,TOF,T. Geçim,8,,,74.26000213623,83.900001525879,0.0,P3,missed,TOFAŞ T. GEÇIM 3Pt missed,,,,,,,,,0,98,2.0,,0,34,0,23
04:24,04:24:00,34,23,11,2,2,REGULAR,89,A. PEREZ,1,rebound,298,297,[],offensive,0,2,Alex Daniel,Perez,Alex Daniel,Perez,A,P,A,P,A. Perez,TOFAŞ,TOF,A. Perez,2,,,,,,REB,,TOFAŞ rebound offensive,,,,,,,,,0,98,2.0,,0,34,0,23
04:23,04:23:00,34,23,11,2,2,REGULAR,89,A. PEREZ,0,2pt,299,,"['2ndchance', 'pointsinthepaint']",layup,1,2,Alex Daniel,Perez,Alex Daniel,Perez,A,P,A,P,A. Perez,TOFAŞ,TOF,A. Perez,2,,,87.209999084473,50.560001373291,0.0,P2,missed,TOFAŞ A. PEREZ 2Pt missed,,,,,,,,,0,98,2.0,,0,34,0,23
04:19,04:19:00,34,23,11,2,2,REGULAR,93,J. THOMASSON,1,rebound,300,299,[],offensive,0,32,Joseph ,Thomasson,Joseph ,Thomasson,J,T,J,T,J. Thomasson,TOFAŞ,TOF,J. Thomasson,32,,,,,,REB,,TOFAŞ rebound offensive,,,,,,,,,0,98,2.0,,0,34,0,23
04:17,04:17:00,34,26,8,2,2,REGULAR,89,A. PEREZ,1,3pt,301,,['2ndchance'],jumpshot,1,2,Alex Daniel,Perez,Alex Daniel,Perez,A,P,A,P,A. Perez,TOFAŞ,TOF,A. Perez,2,,,97.040000915527,96.330001831055,1.0,P3,made,TOFAŞ A. PEREZ 3Pt made,93.0,2.0,J. THOMASSON,,,,,,3,98,2.0,score,0,34,3,26
04:17,04:17:00,34,26,8,2,2,REGULAR,93,J. THOMASSON,1,assist,302,301,[],,0,32,Joseph ,Thomasson,Joseph ,Thomasson,J,T,J,T,J. Thomasson,TOFAŞ,TOF,J. Thomasson,32,,,,,,ASS,,TOFAŞ J. THOMASSON assist,,,,,,,,,0,99,1.0,,0,34,0,26
04:14,04:14:00,34,26,8,1,2,REGULAR,0,,1,timeout,305,,[],full,0,,,,,,,,,,,ESENLER EROKSPOR,ERK,,,,,,,,TIMEOUT,,ESENLER EROKSPOR timeout,,,,,,,,,0,99,1.0,,0,34,0,26
03:54,03:54:00,36,26,10,1,2,REGULAR,25,L. GALLOWAY,1,2pt,307,,['pointsinthepaint'],layup,1,9,Langston ,Galloway,Langston ,Galloway,L,G,L,G,L. Galloway,ESENLER EROKSPOR,ERK,L. Galloway,9,,,10.609999656677,57.340000152588,1.0,P2,made,ESENLER EROKSPOR L. GALLOWAY 2Pt made,27.0,1.0,J. SIMMONS,,,,,,2,99,1.0,score,2,36,0,26
03:54,03:54:00,36,26,10,1,2,REGULAR,27,J. SIMMONS,1,assist,308,307,[],,0,11,Jeremy,Simmons,Jeremy,Simmons,J,S,J,S,J. Simmons,ESENLER EROKSPOR,ERK,J. Simmons,11,,,,,,ASS,,ESENLER EROKSPOR J. SIMMONS assist,,,,,,,,,0,100,2.0,,0,36,0,26
03:36,03:36:00,36,29,7,2,2,REGULAR,55,T. GEÇIM,1,3pt,309,,[],jumpshot,1,8,Tolga,Geçim,Tolga,Geçim,T,G,T,G,T. Geçim,TOFAŞ,TOF,T. Geçim,8,,,85.180000305176,3.3900001049042,1.0,P3,made,TOFAŞ T. GEÇIM 3Pt made,88.0,2.0,M. BLAZEVIC,,,,,,3,100,2.0,score,0,36,3,29
03:36,03:36:00,36,29,7,2,2,REGULAR,88,M. BLAZEVIC,1,assist,310,309,[],,0,22,Marek,Blazevic,Marek,Blazevic,M,B,M,B,M. Blazevic,TOFAŞ,TOF,M. Blazevic,22,,,,,,ASS,,TOFAŞ M. BLAZEVIC assist,,,,,,,,,0,101,1.0,,0,36,0,29
03:22,03:22:00,36,29,7,2,2,REGULAR,93,J. THOMASSON,1,foul,314,,[],personal,0,32,Joseph ,Thomasson,Joseph ,Thomasson,J,T,J,T,J. Thomasson,TOFAŞ,TOF,J. Thomasson,32,,,,,,FOUL,,TOFAŞ J. THOMASSON foul personal,,,,,,,,,0,101,1.0,,0,36,0,29
03:22,03:22:00,36,29,7,1,2,REGULAR,26,J. CRAWFORD,1,foulon,315,314,[],,0,1,Jordon,Crawford,Jordon,Crawford,J,C,J,C,J. Crawford,ESENLER EROKSPOR,ERK,J. Crawford,1,,,,,,OTHER,,ESENLER EROKSPOR foulon,,,,,,,,,0,101,1.0,,0,36,0,29
03:19,03:19:00,36,29,7,1,2,REGULAR,25,L. GALLOWAY,0,2pt,317,,[],jumpshot,1,9,Langston ,Galloway,Langston ,Galloway,L,G,L,G,L. Galloway,ESENLER EROKSPOR,ERK,L. Galloway,9,,,12.319999694824,82.48999786377,0.0,P2,missed,ESENLER EROKSPOR L. GALLOWAY 2Pt missed,,,,,,,,,0,101,1.0,def_reb,0,36,0,29
03:17,03:17:00,36,29,7,2,2,REGULAR,55,T. GEÇIM,1,rebound,318,317,[],defensive,0,8,Tolga,Geçim,Tolga,Geçim,T,G,T,G,T. Geçim,TOFAŞ,TOF,T. Geçim,8,,,,,,REB,,TOFAŞ rebound defensive,,,,,,,,,0,102,2.0,def_reb,0,36,0,29
03:08,03:08:00,36,29,7,2,2,REGULAR,88,M. BLAZEVIC,0,2pt,319,,['pointsinthepaint'],jumpshot,1,22,Marek,Blazevic,Marek,Blazevic,M,B,M,B,M. Blazevic,TOFAŞ,TOF,M. Blazevic,22,,,89.23999786377,44.919998168945,0.0,P2,missed,TOFAŞ M. BLAZEVIC 2Pt missed,,,,,,,,,0,103,1.0,def_reb,0,36,0,29
03:05,03:05:00,36,29,7,1,2,REGULAR,27,J. SIMMONS,1,rebound,320,319,[],defensive,0,11,Jeremy,Simmons,Jeremy,Simmons,J,S,J,S,J. Simmons,ESENLER EROKSPOR,ERK,J. Simmons,11,,,,,,REB,,ESENLER EROKSPOR rebound defensive,,,,,,,,,0,104,2.0,def_reb,0,36,0,29
02:55,02:55:00,36,29,7,1,2,REGULAR,22,T. THURMAN,0,2pt,321,,[],jumpshot,1,15,Tre'shawn,Thurman,Tre'shawn,Thurman,T,T,T,T,T. Thurman,ESENLER EROKSPOR,ERK,T. Thurman,15,,,7.8000001907349,32.200000762939,0.0,P2,missed,ESENLER EROKSPOR T. THURMAN 2Pt missed,,,,,,,,,0,105,1.0,def_reb,0,36,0,29
02:53,02:53:00,36,29,7,2,2,REGULAR,93,J. THOMASSON,1,rebound,322,321,[],defensive,0,32,Joseph ,Thomasson,Joseph ,Thomasson,J,T,J,T,J. Thomasson,TOFAŞ,TOF,J. Thomasson,32,,,,,,REB,,TOFAŞ rebound defensive,,,,,,,,,0,106,2.0,def_reb,0,36,0,29
02:49,02:49:00,36,29,7,1,2,REGULAR,22,T. THURMAN,1,foul,324,,['2freethrow'],personal,0,15,Tre'shawn,Thurman,Tre'shawn,Thurman,T,T,T,T,T. Thurman,ESENLER EROKSPOR,ERK,T. Thurman,15,,,,,,FOUL,,ESENLER EROKSPOR T. THURMAN foul personal,,,,,,,,,0,107,1.0,,0,36,0,29
02:49,02:49:00,36,29,7,2,2,REGULAR,55,T. GEÇIM,1,foulon,325,324,[],,0,8,Tolga,Geçim,Tolga,Geçim,T,G,T,G,T. Geçim,TOFAŞ,TOF,T. Geçim,8,,,,,,OTHER,,TOFAŞ foulon,,,,,,,,,0,107,1.0,,0,36,0,29
02:49,02:49:00,36,29,7,2,2,REGULAR,55,T. GEÇIM,0,freethrow,326,,[],1of2,1,8,Tolga,Geçim,Tolga,Geçim,T,G,T,G,T. Geçim,TOFAŞ,TOF,T. Geçim,8,,,,,,FT,missed,TOFAŞ T. GEÇIM FT 1of2 missed,,,,,,,,,0,107,1.0,def_reb,0,36,0,29
02:49,02:49:00,36,29,7,2,2,REGULAR,0,,1,rebound,327,326,[],offensivedeadball,0,,,,,,,,,,,TOFAŞ,TOF,,,,,,,,TREB,,TOFAŞ team rebound offensivedeadball,,,,,,,,,0,108,2.0,def_reb,0,36,0,29
02:49,02:49:00,36,30,6,2,2,REGULAR,55,T. GEÇIM,1,freethrow,328,,[],2of2,1,8,Tolga,Geçim,Tolga,Geçim,T,G,T,G,T. Geçim,TOFAŞ,TOF,T. Geçim,8,,,,,,FT,made,TOFAŞ T. GEÇIM FT 2of2 made,,,,,,,,,1,109,1.0,made_ft_last,0,36,1,30
02:37,02:37:00,36,30,6,1,2,REGULAR,26,J. CRAWFORD,0,3pt,330,,[],jumpshot,1,1,Jordon,Crawford,Jordon,Crawford,J,C,J,C,J. Crawford,ESENLER EROKSPOR,ERK,J. Crawford,1,,,24.020000457764,85.879997253418,0.0,P3,missed,ESENLER EROKSPOR J. CRAWFORD 3Pt missed,,,,,,,,,0,110,2.0,def_reb,0,36,0,30
02:34,02:34:00,36,30,6,2,2,REGULAR,93,J. THOMASSON,1,rebound,331,330,[],defensive,0,32,Joseph ,Thomasson,Joseph ,Thomasson,J,T,J,T,J. Thomasson,TOFAŞ,TOF,J. Thomasson,32,,,,,,REB,,TOFAŞ rebound defensive,,,,,,,,,0,111,1.0,def_reb,0,36,0,30
02:33,02:33:00,36,30,6,1,2,REGULAR,26,J. CRAWFORD,1,foul,334,,"['shooting', '2freethrow']",personal,0,1,Jordon,Crawford,Jordon,Crawford,J,C,J,C,J. Crawford,ESENLER EROKSPOR,ERK,J. Crawford,1,,,,,,FOUL,,ESENLER EROKSPOR J. CRAWFORD foul personal,,,,,,,,,0,112,2.0,,0,36,0,30
02:33,02:33:00,36,30,6,2,2,REGULAR,88,M. BLAZEVIC,1,foulon,335,334,[],,0,22,Marek,Blazevic,Marek,Blazevic,M,B,M,B,M. Blazevic,TOFAŞ,TOF,M. Blazevic,22,,,,,,OTHER,,TOFAŞ foulon,,,,,,,,,0,112,2.0,,0,36,0,30
02:33,02:33:00,36,30,6,1,2,REGULAR,22,T. THURMAN,1,substitution,336,,[],out,0,15,Tre'shawn,Thurman,Tre'shawn,Thurman,T,T,T,T,T. Thurman,ESENLER EROKSPOR,ERK,T. Thurman,15,,,,,,SUB,out,ESENLER EROKSPOR substitution out,,,,,,,,,0,112,2.0,,0,36,0,30
02:33,02:33:00,36,30,6,1,2,REGULAR,24,P. CORNELIE,1,substitution,337,,[],in,0,12,Petr  Willlam,Cornelie,Petr  Willlam,Cornelie,P,C,P,C,P. Cornelie,ESENLER EROKSPOR,ERK,P. Cornelie,12,,,,,,SUB,in,ESENLER EROKSPOR substitution in,,,,,,,,,0,112,2.0,,0,36,0,30
02:33,02:33:00,36,30,6,1,2,REGULAR,25,L. GALLOWAY,1,substitution,338,,[],out,0,9,Langston ,Galloway,Langston ,Galloway,L,G,L,G,L. Galloway,ESENLER EROKSPOR,ERK,L. Galloway,9,,,,,,SUB,out,ESENLER EROKSPOR substitution out,,,,,,,,,0,112,2.0,,0,36,0,30
02:33,02:33:00,36,30,6,1,2,REGULAR,20,E. ARNA,1,substitution,339,,[],in,0,18,Egehan,Arna,Egehan,Arna,E,A,E,A,E. Arna,ESENLER EROKSPOR,ERK,E. Arna,18,,,,,,SUB,in,ESENLER EROKSPOR substitution in,,,,,,,,,0,112,2.0,,0,36,0,30
02:33,02:33:00,36,30,6,2,2,REGULAR,88,M. BLAZEVIC,0,freethrow,340,,['fastbreak'],1of2,1,22,Marek,Blazevic,Marek,Blazevic,M,B,M,B,M. Blazevic,TOFAŞ,TOF,M. Blazevic,22,,,,,,FT,missed,TOFAŞ M. BLAZEVIC FT 1of2 missed,,,,,,,,,0,112,2.0,def_reb,0,36,0,30
02:33,02:33:00,36,30,6,2,2,REGULAR,0,,1,rebound,341,340,[],offensivedeadball,0,,,,,,,,,,,TOFAŞ,TOF,,,,,,,,TREB,,TOFAŞ team rebound offensivedeadball,,,,,,,,,0,113,1.0,def_reb,0,36,0,30
02:33,02:33:00,36,31,5,2,2,REGULAR,88,M. BLAZEVIC,1,freethrow,342,,['fastbreak'],2of2,1,22,Marek,Blazevic,Marek,Blazevic,M,B,M,B,M. Blazevic,TOFAŞ,TOF,M. Blazevic,22,,,,,,FT,made,TOFAŞ M. BLAZEVIC FT 2of2 made,,,,,,,,,1,114,2.0,made_ft_last,0,36,1,31
02:33,02:33:00,36,31,5,2,2,REGULAR,55,T. GEÇIM,1,assist,343,342,[],,0,8,Tolga,Geçim,Tolga,Geçim,T,G,T,G,T. Geçim,TOFAŞ,TOF,T. Geçim,8,,,,,,ASS,,TOFAŞ T. GEÇIM assist,,,,,,,,,0,115,1.0,,0,36,0,31
02:09,02:09:00,36,31,5,1,2,REGULAR,20,E. ARNA,0,3pt,345,,[],stepbackjumpshot,1,18,Egehan,Arna,Egehan,Arna,E,A,E,A,E. Arna,ESENLER EROKSPOR,ERK,E. Arna,18,,,33.069999694824,48.310001373291,0.0,P3,missed,ESENLER EROKSPOR E. ARNA 3Pt missed,,,,,,,,,0,115,1.0,def_reb,0,36,0,31
02:06,02:06:00,36,31,5,2,2,REGULAR,66,Y. SAYBIR,1,rebound,346,345,[],defensive,0,3,Yigitcan,Saybir,Yigitcan,Saybir,Y,S,Y,S,Y. Saybir,TOFAŞ,TOF,Y. Saybir,3,,,,,,REB,,TOFAŞ rebound defensive,,,,,,,,,0,116,2.0,def_reb,0,36,0,31
01:53,01:53:00,36,31,5,2,2,REGULAR,88,M. BLAZEVIC,0,2pt,347,,['pointsinthepaint'],floatingjumpshot,1,22,Marek,Blazevic,Marek,Blazevic,M,B,M,B,M. Blazevic,TOFAŞ,TOF,M. Blazevic,22,,,86.120002746582,41.810001373291,0.0,P2,missed,TOFAŞ M. BLAZEVIC 2Pt missed,,,,,,,,,0,117,1.0,def_reb,0,36,0,31
01:51,01:51:00,36,31,5,1,2,REGULAR,24,P. CORNELIE,1,rebound,348,347,[],defensive,0,12,Petr  Willlam,Cornelie,Petr  Willlam,Cornelie,P,C,P,C,P. Cornelie,ESENLER EROKSPOR,ERK,P. Cornelie,12,,,,,,REB,,ESENLER EROKSPOR rebound defensive,,,,,,,,,0,118,2.0,def_reb,0,36,0,31
01:32,01:32:00,36,31,5,2,2,REGULAR,55,T. GEÇIM,1,foul,352,,"['shooting', '2freethrow']",personal,0,8,Tolga,Geçim,Tolga,Geçim,T,G,T,G,T. Geçim,TOFAŞ,TOF,T. Geçim,8,,,,,,FOUL,,TOFAŞ T. GEÇIM foul personal,,,,,,,,,0,119,1.0,,0,36,0,31
01:32,01:32:00,36,31,5,1,2,REGULAR,26,J. CRAWFORD,1,foulon,353,352,[],,0,1,Jordon,Crawford,Jordon,Crawford,J,C,J,C,J. Crawford,ESENLER EROKSPOR,ERK,J. Crawford,1,,,,,,OTHER,,ESENLER EROKSPOR foulon,,,,,,,,,0,119,1.0,,0,36,0,31
01:32,01:32:00,37,31,6,1,2,REGULAR,26,J. CRAWFORD,1,freethrow,354,,[],1of2,1,1,Jordon,Crawford,Jordon,Crawford,J,C,J,C,J. Crawford,ESENLER EROKSPOR,ERK,J. Crawford,1,,,,,,FT,made,ESENLER EROKSPOR J. CRAWFORD FT 1of2 made,,,,,,,,,1,119,1.0,made_ft,1,37,0,31
01:32,01:32:00,37,31,6,1,2,REGULAR,26,J. CRAWFORD,0,freethrow,355,,[],2of2,1,1,Jordon,Crawford,Jordon,Crawford,J,C,J,C,J. Crawford,ESENLER EROKSPOR,ERK,J. Crawford,1,,,,,,FT,missed,ESENLER EROKSPOR J. CRAWFORD FT 2of2 missed,,,,,,,,,0,120,2.0,def_reb,0,37,0,31
01:32,01:32:00,37,31,6,2,2,REGULAR,55,T. GEÇIM,1,rebound,357,355,[],defensive,0,8,Tolga,Geçim,Tolga,Geçim,T,G,T,G,T. Geçim,TOFAŞ,TOF,T. Geçim,8,,,,,,REB,,TOFAŞ rebound defensive,,,,,,,,,0,121,1.0,def_reb,0,37,0,31
01:19,01:19:00,37,31,6,2,2,REGULAR,55,T. GEÇIM,0,3pt,358,,[],jumpshot,1,8,Tolga,Geçim,Tolga,Geçim,T,G,T,G,T. Geçim,TOFAŞ,TOF,T. Geçim,8,,,71.610000610352,25.709999084473,0.0,P3,missed,TOFAŞ T. GEÇIM 3Pt missed,,,,,,,,,0,122,2.0,def_reb,0,37,0,31
01:15,01:15:00,37,31,6,1,2,REGULAR,26,J. CRAWFORD,1,rebound,359,358,[],defensive,0,1,Jordon,Crawford,Jordon,Crawford,J,C,J,C,J. Crawford,ESENLER EROKSPOR,ERK,J. Crawford,1,,,,,,REB,,ESENLER EROKSPOR rebound defensive,,,,,,,,,0,123,1.0,def_reb,0,37,0,31
00:54,00:54:30,37,31,6,1,2,REGULAR,20,E. ARNA,0,2pt,360,,['pointsinthepaint'],layup,1,18,Egehan,Arna,Egehan,Arna,E,A,E,A,E. Arna,ESENLER EROKSPOR,ERK,E. Arna,18,,,7.3299999237061,46.889999389648,0.0,P2,missed,ESENLER EROKSPOR E. ARNA 2Pt missed,,,,,,,,,0,124,2.0,,0,37,0,31
00:48,00:48:20,37,31,6,1,2,REGULAR,27,J. SIMMONS,1,rebound,361,360,[],offensive,0,11,Jeremy,Simmons,Jeremy,Simmons,J,S,J,S,J. Simmons,ESENLER EROKSPOR,ERK,J. Simmons,11,,,,,,REB,,ESENLER EROKSPOR rebound offensive,,,,,,,,,0,124,2.0,,0,37,0,31
00:48,00:48:20,39,31,8,1,2,REGULAR,27,J. SIMMONS,1,2pt,362,,"['2ndchance', 'pointsinthepaint']",tipinlayup,1,11,Jeremy,Simmons,Jeremy,Simmons,J,S,J,S,J. Simmons,ESENLER EROKSPOR,ERK,J. Simmons,11,,,6.0,50.0,1.0,P2,made,ESENLER EROKSPOR J. SIMMONS 2Pt made,,,,,,,,,2,124,2.0,score,2,39,0,31
00:44,00:44:80,39,31,8,1,2,REGULAR,27,J. SIMMONS,1,substitution,372,,[],out,0,11,Jeremy,Simmons,Jeremy,Simmons,J,S,J,S,J. Simmons,ESENLER EROKSPOR,ERK,J. Simmons,11,,,,,,SUB,out,ESENLER EROKSPOR substitution out,,,,,,,,,0,125,1.0,,0,39,0,31
00:44,00:44:80,39,31,8,1,2,REGULAR,22,T. THURMAN,1,substitution,373,,[],in,0,15,Tre'shawn,Thurman,Tre'shawn,Thurman,T,T,T,T,T. Thurman,ESENLER EROKSPOR,ERK,T. Thurman,15,,,,,,SUB,in,ESENLER EROKSPOR substitution in,,,,,,,,,0,125,1.0,,0,39,0,31
00:33,00:33:20,39,33,6,2,2,REGULAR,66,Y. SAYBIR,1,2pt,376,,['pointsinthepaint'],layup,1,3,Yigitcan,Saybir,Yigitcan,Saybir,Y,S,Y,S,Y. Saybir,TOFAŞ,TOF,Y. Saybir,3,,,90.639999389648,62.150001525879,1.0,P2,made,TOFAŞ Y. SAYBIR 2Pt made,93.0,2.0,J. THOMASSON,,,,,,2,125,1.0,score,0,39,2,33
00:33,00:33:20,39,33,6,2,2,REGULAR,93,J. THOMASSON,1,assist,378,376,[],,0,32,Joseph ,Thomasson,Joseph ,Thomasson,J,T,J,T,J. Thomasson,TOFAŞ,TOF,J. Thomasson,32,,,,,,ASS,,TOFAŞ J. THOMASSON assist,,,,,,,,,0,126,2.0,,0,39,0,33
00:29,00:29:10,39,33,6,2,2,REGULAR,93,J. THOMASSON,1,substitution,390,,[],out,0,32,Joseph ,Thomasson,Joseph ,Thomasson,J,T,J,T,J. Thomasson,TOFAŞ,TOF,J. Thomasson,32,,,,,,SUB,out,TOFAŞ substitution out,,,,,,,,,0,126,2.0,,0,39,0,33
00:29,00:29:10,39,33,6,2,2,REGULAR,91,M. LEWIS III,1,substitution,391,,[],in,0,21,Maxwell Robert ,Lewis Iii,Maxwell Robert ,Lewis Iii,M,L,M,L,M. Lewis Iii,TOFAŞ,TOF,M. Lewis Iii,21,,,,,,SUB,in,TOFAŞ substitution in,,,,,,,,,0,126,2.0,,0,39,0,33
00:08,00:08:00,39,33,6,1,2,REGULAR,26,J. CRAWFORD,0,3pt,393,,[],jumpshot,1,1,Jordon,Crawford,Jordon,Crawford,J,C,J,C,J. Crawford,ESENLER EROKSPOR,ERK,J. Crawford,1,,,31.049999237061,38.979999542236,0.0,P3,missed,ESENLER EROKSPOR J. CRAWFORD 3Pt missed,,,,,,,,,0,126,2.0,def_reb,0,39,0,33
00:05,00:05:40,39,33,6,2,2,REGULAR,91,M. LEWIS III,1,rebound,394,393,[],defensive,0,21,Maxwell Robert ,Lewis Iii,Maxwell Robert ,Lewis Iii,M,L,M,L,M. Lewis Iii,TOFAŞ,TOF,M. Lewis Iii,21,,,,,,REB,,TOFAŞ rebound defensive,,,,,,,,,0,127,1.0,def_reb,0,39,0,33
00:01,00:01:80,39,33,6,2,2,REGULAR,89,A. PEREZ,1,turnover,395,,[],ballhandling,0,2,Alex Daniel,Perez,Alex Daniel,Perez,A,P,A,P,A. Perez,TOFAŞ,TOF,A. Perez,2,,,,,,TO,,TOFAŞ A. PEREZ turnover ballhandling,,,,,,,,,0,128,2.0,turnover,0,39,0,33
00:01,00:01:80,39,33,6,1,2,REGULAR,26,J. CRAWFORD,1,steal,398,395,[],,0,1,Jordon,Crawford,Jordon,Crawford,J,C,J,C,J. Crawford,ESENLER EROKSPOR,ERK,J. Crawford,1,,,,,,ST,,ESENLER EROKSPOR J. CRAWFORD steal,,,,,,,,,0,129,1.0,,0,39,0,33
00:00,00:00:00,39,33,6,0,2,REGULAR,0,,1,period,400,,['confirmed'],end,0,,,,,,,,,,,,,,,,,,,,OTHER,,period end,,,,,,,,,0,129,1.0,,0,39,0,33
10:00,10:00:00,39,33,6,1,3,REGULAR,21,E. GAZI,1,substitution,401,,[],out,0,7,Erten,Gazi,Erten,Gazi,E,G,E,G,E. Gazi,ESENLER EROKSPOR,ERK,E. Gazi,7,,,,,,SUB,out,ESENLER EROKSPOR substitution out,,,,,,,,,0,129,1.0,,0,39,0,33
10:00,10:00:00,39,33,6,1,3,REGULAR,22,T. THURMAN,1,substitution,402,,[],out,0,15,Tre'shawn,Thurman,Tre'shawn,Thurman,T,T,T,T,T. Thurman,ESENLER EROKSPOR,ERK,T. Thurman,15,,,,,,SUB,out,ESENLER EROKSPOR substitution out,,,,,,,,,0,129,1.0,,0,39,0,33
10:00,10:00:00,39,33,6,1,3,REGULAR,25,L. GALLOWAY,1,substitution,403,,[],in,0,9,Langston ,Galloway,Langston ,Galloway,L,G,L,G,L. Galloway,ESENLER EROKSPOR,ERK,L. Galloway,9,,,,,,SUB,in,ESENLER EROKSPOR substitution in,,,,,,,,,0,129,1.0,,0,39,0,33
10:00,10:00:00,39,33,6,1,3,REGULAR,27,J. SIMMONS,1,substitution,404,,[],in,0,11,Jeremy,Simmons,Jeremy,Simmons,J,S,J,S,J. Simmons,ESENLER EROKSPOR,ERK,J. Simmons,11,,,,,,SUB,in,ESENLER EROKSPOR substitution in,,,,,,,,,0,129,1.0,,0,39,0,33
10:00,10:00:00,39,33,6,2,3,REGULAR,91,M. LEWIS III,1,substitution,405,,[],out,0,21,Maxwell Robert ,Lewis Iii,Maxwell Robert ,Lewis Iii,M,L,M,L,M. Lewis Iii,TOFAŞ,TOF,M. Lewis Iii,21,,,,,,SUB,out,TOFAŞ substitution out,,,,,,,,,0,129,1.0,,0,39,0,33
10:00,10:00:00,39,33,6,2,3,REGULAR,93,J. THOMASSON,1,substitution,406,,[],in,0,32,Joseph ,Thomasson,Joseph ,Thomasson,J,T,J,T,J. Thomasson,TOFAŞ,TOF,J. Thomasson,32,,,,,,SUB,in,TOFAŞ substitution in,,,,,,,,,0,129,1.0,,0,39,0,33
10:00,10:00:00,39,33,6,0,3,REGULAR,0,,1,period,407,,[],start,0,,,,,,,,,,,,,,,,,,,,OTHER,,period start,,,,,,,,,0,129,1.0,,0,39,0,33
09:41,09:41:00,39,33,6,1,3,REGULAR,24,P. CORNELIE,0,3pt,411,,[],jumpshot,1,12,Petr  Willlam,Cornelie,Petr  Willlam,Cornelie,P,C,P,C,P. Cornelie,ESENLER EROKSPOR,ERK,P. Cornelie,12,,,71.449996948242,19.770000457764,0.0,P3,missed,ESENLER EROKSPOR P. CORNELIE 3Pt missed,,,,,,,,,0,129,1.0,def_reb,0,39,0,33
09:40,09:40:00,39,33,6,1,3,REGULAR,0,,1,rebound,413,411,['team'],offensive,0,,,,,,,,,,,ESENLER EROKSPOR,ERK,,,,,,,,TREB,,ESENLER EROKSPOR team rebound offensive,,,,,,,,,0,130,2.0,def_reb,0,39,0,33
09:31,09:31:00,39,33,6,1,3,REGULAR,27,J. SIMMONS,0,2pt,415,,"['2ndchance', 'pointsinthepaint']",layup,1,11,Jeremy,Simmons,Jeremy,Simmons,J,S,J,S,J. Simmons,ESENLER EROKSPOR,ERK,J. Simmons,11,,,93.449996948242,43.220001220703,0.0,P2,missed,ESENLER EROKSPOR J. SIMMONS 2Pt missed,,,,,,,,,0,131,1.0,def_reb,0,39,0,33
09:30,09:30:00,39,33,6,2,3,REGULAR,88,M. BLAZEVIC,1,rebound,416,415,[],defensive,0,22,Marek,Blazevic,Marek,Blazevic,M,B,M,B,M. Blazevic,TOFAŞ,TOF,M. Blazevic,22,,,,,,REB,,TOFAŞ rebound defensive,,,,,,,,,0,132,2.0,def_reb,0,39,0,33
09:08,09:08:00,39,36,3,2,3,REGULAR,93,J. THOMASSON,1,3pt,417,,[],jumpshot,1,32,Joseph ,Thomasson,Joseph ,Thomasson,J,T,J,T,J. Thomasson,TOFAŞ,TOF,J. Thomasson,32,,,12.319999694824,3.3900001049042,1.0,P3,made,TOFAŞ J. THOMASSON 3Pt made,88.0,2.0,M. BLAZEVIC,,,,,,3,133,1.0,score,0,39,3,36
09:08,09:08:00,39,36,3,2,3,REGULAR,88,M. BLAZEVIC,1,assist,418,417,[],,0,22,Marek,Blazevic,Marek,Blazevic,M,B,M,B,M. Blazevic,TOFAŞ,TOF,M. Blazevic,22,,,,,,ASS,,TOFAŞ M. BLAZEVIC assist,,,,,,,,,0,134,2.0,,0,39,0,36
08:41,08:41:00,39,36,3,1,3,REGULAR,26,J. CRAWFORD,0,3pt,419,,[],jumpshot,1,1,Jordon,Crawford,Jordon,Crawford,J,C,J,C,J. Crawford,ESENLER EROKSPOR,ERK,J. Crawford,1,,,80.660003662109,93.790000915527,0.0,P3,missed,ESENLER EROKSPOR J. CRAWFORD 3Pt missed,,,,,,,,,0,134,2.0,,0,39,0,36
08:38,08:38:00,39,36,3,1,3,REGULAR,27,J. SIMMONS,1,rebound,420,419,[],offensive,0,11,Jeremy,Simmons,Jeremy,Simmons,J,S,J,S,J. Simmons,ESENLER EROKSPOR,ERK,J. Simmons,11,,,,,,REB,,ESENLER EROKSPOR rebound offensive,,,,,,,,,0,134,2.0,,0,39,0,36
08:35,08:35:00,42,36,6,1,3,REGULAR,24,P. CORNELIE,1,3pt,421,,['2ndchance'],jumpshot,1,12,Petr  Willlam,Cornelie,Petr  Willlam,Cornelie,P,C,P,C,P. Cornelie,ESENLER EROKSPOR,ERK,P. Cornelie,12,,,75.199996948242,16.379999160767,1.0,P3,made,ESENLER EROKSPOR P. CORNELIE 3Pt made,26.0,1.0,J. CRAWFORD,,,,,,3,134,2.0,score,3,42,0,36
08:35,08:35:00,42,36,6,1,3,REGULAR,26,J. CRAWFORD,1,assist,422,421,[],,0,1,Jordon,Crawford,Jordon,Crawford,J,C,J,C,J. Crawford,ESENLER EROKSPOR,ERK,J. Crawford,1,,,,,,ASS,,ESENLER EROKSPOR J. CRAWFORD assist,,,,,,,,,0,135,1.0,,0,42,0,36
08:09,08:09:00,42,39,3,2,3,REGULAR,89,A. PEREZ,1,3pt,423,,[],jumpshot,1,2,Alex Daniel,Perez,Alex Daniel,Perez,A,P,A,P,A. Perez,TOFAŞ,TOF,A. Perez,2,,,6.0799999237061,1.4099999666214,1.0,P3,made,TOFAŞ A. PEREZ 3Pt made,66.0,2.0,Y. SAYBIR,,,,,,3,135,1.0,score,0,42,3,39
08:09,08:09:00,42,39,3,2,3,REGULAR,66,Y. SAYBIR,1,assist,424,423,[],,0,3,Yigitcan,Saybir,Yigitcan,Saybir,Y,S,Y,S,Y. Saybir,TOFAŞ,TOF,Y. Saybir,3,,,,,,ASS,,TOFAŞ Y. SAYBIR assist,,,,,,,,,0,136,2.0,,0,42,0,39
07:49,07:49:00,42,39,3,1,3,REGULAR,25,L. GALLOWAY,0,3pt,425,,[],jumpshot,1,9,Langston ,Galloway,Langston ,Galloway,L,G,L,G,L. Galloway,ESENLER EROKSPOR,ERK,L. Galloway,9,,,76.129997253418,84.459999084473,0.0,P3,missed,ESENLER EROKSPOR L. GALLOWAY 3Pt missed,,,,,,,,,0,136,2.0,def_reb,0,42,0,39
07:46,07:46:00,42,39,3,2,3,REGULAR,89,A. PEREZ,1,rebound,426,425,[],defensive,0,2,Alex Daniel,Perez,Alex Daniel,Perez,A,P,A,P,A. Perez,TOFAŞ,TOF,A. Perez,2,,,,,,REB,,TOFAŞ rebound defensive,,,,,,,,,0,137,1.0,def_reb,0,42,0,39
07:44,07:44:00,42,39,3,1,3,REGULAR,26,J. CRAWFORD,1,foul,428,,[],personal,0,1,Jordon,Crawford,Jordon,Crawford,J,C,J,C,J. Crawford,ESENLER EROKSPOR,ERK,J. Crawford,1,,,,,,FOUL,,ESENLER EROKSPOR J. CRAWFORD foul personal,,,,,,,,,0,138,2.0,,0,42,0,39
07:44,07:44:00,42,39,3,2,3,REGULAR,89,A. PEREZ,1,foulon,429,428,[],,0,2,Alex Daniel,Perez,Alex Daniel,Perez,A,P,A,P,A. Perez,TOFAŞ,TOF,A. Perez,2,,,,,,OTHER,,TOFAŞ foulon,,,,,,,,,0,138,2.0,,0,42,0,39
07:36,07:36:00,42,39,3,2,3,REGULAR,55,T. GEÇIM,1,turnover,431,,[],badpass,0,8,Tolga,Geçim,Tolga,Geçim,T,G,T,G,T. Geçim,TOFAŞ,TOF,T. Geçim,8,,,,,,TO,,TOFAŞ T. GEÇIM turnover badpass,,,,,,,,,0,138,2.0,turnover,0,42,0,39
07:36,07:36:00,42,39,3,1,3,REGULAR,24,P. CORNELIE,1,steal,432,431,[],,0,12,Petr  Willlam,Cornelie,Petr  Willlam,Cornelie,P,C,P,C,P. Cornelie,ESENLER EROKSPOR,ERK,P. Cornelie,12,,,,,,ST,,ESENLER EROKSPOR P. CORNELIE steal,,,,,,,,,0,139,1.0,,0,42,0,39
07:32,07:32:00,44,39,5,1,3,REGULAR,25,L. GALLOWAY,1,2pt,433,,"['fromturnover', 'pointsinthepaint', 'fastbreak']",layup,1,9,Langston ,Galloway,Langston ,Galloway,L,G,L,G,L. Galloway,ESENLER EROKSPOR,ERK,L. Galloway,9,,,93.919998168945,58.470001220703,1.0,P2,made,ESENLER EROKSPOR L. GALLOWAY 2Pt made,26.0,1.0,J. CRAWFORD,,,,,,2,139,1.0,score,2,44,0,39
07:32,07:32:00,44,39,5,1,3,REGULAR,26,J. CRAWFORD,1,assist,434,433,[],,0,1,Jordon,Crawford,Jordon,Crawford,J,C,J,C,J. Crawford,ESENLER EROKSPOR,ERK,J. Crawford,1,,,,,,ASS,,ESENLER EROKSPOR J. CRAWFORD assist,,,,,,,,,0,140,2.0,,0,44,0,39
07:18,07:18:00,44,39,5,2,3,REGULAR,66,Y. SAYBIR,0,2pt,435,,"['pointsinthepaint', 'blocked']",layup,1,3,Yigitcan,Saybir,Yigitcan,Saybir,Y,S,Y,S,Y. Saybir,TOFAŞ,TOF,Y. Saybir,3,,,11.390000343323,38.700000762939,0.0,P2,missed,TOFAŞ Y. SAYBIR 2Pt missed,,,,24.0,1.0,P. CORNELIE,,,0,140,2.0,,0,44,0,39
07:18,07:18:00,44,39,5,1,3,REGULAR,24,P. CORNELIE,1,block,436,435,[],,0,12,Petr  Willlam,Cornelie,Petr  Willlam,Cornelie,P,C,P,C,P. Cornelie,ESENLER EROKSPOR,ERK,P. Cornelie,12,,,,,,BS,,ESENLER EROKSPOR P. CORNELIE block,,,,,,,,,0,140,2.0,,0,44,0,39
07:15,07:15:00,44,39,5,1,3,REGULAR,20,E. ARNA,1,rebound,437,435,[],defensive,0,18,Egehan,Arna,Egehan,Arna,E,A,E,A,E. Arna,ESENLER EROKSPOR,ERK,E. Arna,18,,,,,,REB,,ESENLER EROKSPOR rebound defensive,,,,,,,,,0,140,2.0,def_reb,0,44,0,39
07:11,07:11:00,44,39,5,1,3,REGULAR,25,L. GALLOWAY,0,3pt,438,,[],jumpshot,1,9,Langston ,Galloway,Langston ,Galloway,L,G,L,G,L. Galloway,ESENLER EROKSPOR,ERK,L. Galloway,9,,,83.459999084473,5.3699998855591,0.0,P3,missed,ESENLER EROKSPOR L. GALLOWAY 3Pt missed,,,,,,,,,0,141,1.0,,0,44,0,39
07:09,07:09:00,44,39,5,1,3,REGULAR,25,L. GALLOWAY,1,rebound,439,438,[],offensive,0,9,Langston ,Galloway,Langston ,Galloway,L,G,L,G,L. Galloway,ESENLER EROKSPOR,ERK,L. Galloway,9,,,,,,REB,,ESENLER EROKSPOR rebound offensive,,,,,,,,,0,141,1.0,,0,44,0,39
07:04,07:04:00,47,39,8,1,3,REGULAR,20,E. ARNA,1,3pt,440,,['2ndchance'],jumpshot,1,18,Egehan,Arna,Egehan,Arna,E,A,E,A,E. Arna,ESENLER EROKSPOR,ERK,E. Arna,18,,,70.51000213623,27.120000839233,1.0,P3,made,ESENLER EROKSPOR E. ARNA 3Pt made,25.0,1.0,L. GALLOWAY,,,,,,3,141,1.0,score,3,47,0,39
07:04,07:04:00,47,39,8,1,3,REGULAR,25,L. GALLOWAY,1,assist,441,440,[],,0,9,Langston ,Galloway,Langston ,Galloway,L,G,L,G,L. Galloway,ESENLER EROKSPOR,ERK,L. Galloway,9,,,,,,ASS,,ESENLER EROKSPOR L. GALLOWAY assist,,,,,,,,,0,142,2.0,,0,47,0,39
06:48,06:48:00,47,39,8,2,3,REGULAR,89,A. PEREZ,1,turnover,445,,[],badpass,0,2,Alex Daniel,Perez,Alex Daniel,Perez,A,P,A,P,A. Perez,TOFAŞ,TOF,A. Perez,2,,,,,,TO,,TOFAŞ A. PEREZ turnover badpass,,,,,,,,,0,142,2.0,turnover,0,47,0,39
06:32,06:32:00,49,39,10,1,3,REGULAR,27,J. SIMMONS,1,2pt,447,,"['fromturnover', 'pointsinthepaint']",layup,1,11,Jeremy,Simmons,Jeremy,Simmons,J,S,J,S,J. Simmons,ESENLER EROKSPOR,ERK,J. Simmons,11,,,95.160003662109,40.110000610352,1.0,P2,made,ESENLER EROKSPOR J. SIMMONS 2Pt made,26.0,1.0,J. CRAWFORD,,,,,,2,143,1.0,score,2,49,0,39
06:32,06:32:00,49,39,10,1,3,REGULAR,26,J. CRAWFORD,1,assist,448,447,[],,0,1,Jordon,Crawford,Jordon,Crawford,J,C,J,C,J. Crawford,ESENLER EROKSPOR,ERK,J. Crawford,1,,,,,,ASS,,ESENLER EROKSPOR J. CRAWFORD assist,,,,,,,,,0,144,2.0,,0,49,0,39
06:27,06:27:00,49,39,10,2,3,REGULAR,88,M. BLAZEVIC,1,foul,452,,['1freethrow'],technical,0,22,Marek,Blazevic,Marek,Blazevic,M,B,M,B,M. Blazevic,TOFAŞ,TOF,M. Blazevic,22,,,,,,FOUL,,TOFAŞ M. BLAZEVIC foul technical,,,,,,,,,0,144,2.0,,0,49,0,39
06:27,06:27:00,49,39,10,2,3,REGULAR,88,M. BLAZEVIC,1,substitution,453,,[],out,0,22,Marek,Blazevic,Marek,Blazevic,M,B,M,B,M. Blazevic,TOFAŞ,TOF,M. Blazevic,22,,,,,,SUB,out,TOFAŞ substitution out,,,,,,,,,0,144,2.0,,0,49,0,39
06:27,06:27:00,49,39,10,2,3,REGULAR,94,W. KIDD JR,1,substitution,454,,[],in,0,15,Warren Lynn,Kidd Jr,Warren Lynn,Kidd Jr,W,K,W,K,W. Kidd Jr,TOFAŞ,TOF,W. Kidd Jr,15,,,,,,SUB,in,TOFAŞ substitution in,,,,,,,,,0,144,2.0,,0,49,0,39
06:27,06:27:00,50,39,11,1,3,REGULAR,26,J. CRAWFORD,1,freethrow,455,,[],1of1,1,1,Jordon,Crawford,Jordon,Crawford,J,C,J,C,J. Crawford,ESENLER EROKSPOR,ERK,J. Crawford,1,,,,,,FT,made,ESENLER EROKSPOR J. CRAWFORD FT 1of1 made,,,,,,,,,1,144,2.0,made_ft_last,1,50,0,39
06:13,06:13:00,50,39,11,2,3,REGULAR,94,W. KIDD JR,0,2pt,458,,"['pointsinthepaint', 'blocked']",layup,1,15,Warren Lynn,Kidd Jr,Warren Lynn,Kidd Jr,W,K,W,K,W. Kidd Jr,TOFAŞ,TOF,W. Kidd Jr,15,,,7.0199999809265,59.040000915527,0.0,P2,missed,TOFAŞ W. KIDD JR 2Pt missed,,,,24.0,1.0,P. CORNELIE,,,0,145,1.0,,0,50,0,39
06:13,06:13:00,50,39,11,1,3,REGULAR,24,P. CORNELIE,1,block,459,458,[],,0,12,Petr  Willlam,Cornelie,Petr  Willlam,Cornelie,P,C,P,C,P. Cornelie,ESENLER EROKSPOR,ERK,P. Cornelie,12,,,,,,BS,,ESENLER EROKSPOR P. CORNELIE block,,,,,,,,,0,145,1.0,,0,50,0,39
06:13,06:13:00,50,39,11,2,3,REGULAR,0,,1,rebound,460,458,['team'],offensive,0,,,,,,,,,,,TOFAŞ,TOF,,,,,,,,TREB,,TOFAŞ team rebound offensive,,,,,,,,,0,145,1.0,def_reb,0,50,0,39
06:10,06:10:00,50,39,11,2,3,REGULAR,94,W. KIDD JR,1,turnover,466,,[],outofbounds,0,15,Warren Lynn,Kidd Jr,Warren Lynn,Kidd Jr,W,K,W,K,W. Kidd Jr,TOFAŞ,TOF,W. Kidd Jr,15,,,,,,TO,,TOFAŞ W. KIDD JR turnover outofbounds,,,,,,,,,0,146,2.0,turnover,0,50,0,39
05:46,05:46:00,50,39,11,2,3,REGULAR,94,W. KIDD JR,1,foul,472,,"['shooting', '2freethrow']",personal,0,15,Warren Lynn,Kidd Jr,Warren Lynn,Kidd Jr,W,K,W,K,W. Kidd Jr,TOFAŞ,TOF,W. Kidd Jr,15,,,,,,FOUL,,TOFAŞ W. KIDD JR foul personal,,,,,,,,,0,147,1.0,,0,50,0,39
05:46,05:46:00,50,39,11,1,3,REGULAR,27,J. SIMMONS,1,foulon,473,472,[],,0,11,Jeremy,Simmons,Jeremy,Simmons,J,S,J,S,J. Simmons,ESENLER EROKSPOR,ERK,J. Simmons,11,,,,,,OTHER,,ESENLER EROKSPOR foulon,,,,,,,,,0,147,1.0,,0,50,0,39
05:46,05:46:00,51,39,12,1,3,REGULAR,27,J. SIMMONS,1,freethrow,474,,['fromturnover'],1of2,1,11,Jeremy,Simmons,Jeremy,Simmons,J,S,J,S,J. Simmons,ESENLER EROKSPOR,ERK,J. Simmons,11,,,,,,FT,made,ESENLER EROKSPOR J. SIMMONS FT 1of2 made,,,,,,,,,1,147,1.0,made_ft,1,51,0,39
05:46,05:46:00,51,39,12,1,3,REGULAR,26,J. CRAWFORD,1,assist,475,474,[],,0,1,Jordon,Crawford,Jordon,Crawford,J,C,J,C,J. Crawford,ESENLER EROKSPOR,ERK,J. Crawford,1,,,,,,ASS,,ESENLER EROKSPOR J. CRAWFORD assist,,,,,,,,,0,148,2.0,,0,51,0,39
05:46,05:46:00,51,39,12,1,3,REGULAR,27,J. SIMMONS,0,freethrow,476,,['fromturnover'],2of2,1,11,Jeremy,Simmons,Jeremy,Simmons,J,S,J,S,J. Simmons,ESENLER EROKSPOR,ERK,J. Simmons,11,,,,,,FT,missed,ESENLER EROKSPOR J. SIMMONS FT 2of2 missed,,,,,,,,,0,148,2.0,def_reb,0,51,0,39
05:46,05:46:00,51,39,12,2,3,REGULAR,94,W. KIDD JR,1,rebound,478,476,[],defensive,0,15,Warren Lynn,Kidd Jr,Warren Lynn,Kidd Jr,W,K,W,K,W. Kidd Jr,TOFAŞ,TOF,W. Kidd Jr,15,,,,,,REB,,TOFAŞ rebound defensive,,,,,,,,,0,149,1.0,def_reb,0,51,0,39
05:28,05:28:00,51,39,12,2,3,REGULAR,66,Y. SAYBIR,0,3pt,479,,[],jumpshot,1,3,Yigitcan,Saybir,Yigitcan,Saybir,Y,S,Y,S,Y. Saybir,TOFAŞ,TOF,Y. Saybir,3,,,27.299999237061,19.770000457764,0.0,P3,missed,TOFAŞ Y. SAYBIR 3Pt missed,,,,,,,,,0,150,2.0,def_reb,0,51,0,39
05:25,05:25:00,51,39,12,1,3,REGULAR,24,P. CORNELIE,1,rebound,480,479,[],defensive,0,12,Petr  Willlam,Cornelie,Petr  Willlam,Cornelie,P,C,P,C,P. Cornelie,ESENLER EROKSPOR,ERK,P. Cornelie,12,,,,,,REB,,ESENLER EROKSPOR rebound defensive,,,,,,,,,0,151,1.0,def_reb,0,51,0,39
05:21,05:21:00,53,39,14,1,3,REGULAR,20,E. ARNA,1,2pt,482,,"['pointsinthepaint', 'fastbreak']",alleyoop,1,18,Egehan,Arna,Egehan,Arna,E,A,E,A,E. Arna,ESENLER EROKSPOR,ERK,E. Arna,18,,,90.949996948242,55.650001525879,1.0,P2,made,ESENLER EROKSPOR E. ARNA 2Pt made,25.0,1.0,L. GALLOWAY,,,,,,2,152,2.0,score,2,53,0,39
05:21,05:21:00,53,39,14,1,3,REGULAR,25,L. GALLOWAY,1,assist,483,482,[],,0,9,Langston ,Galloway,Langston ,Galloway,L,G,L,G,L. Galloway,ESENLER EROKSPOR,ERK,L. Galloway,9,,,,,,ASS,,ESENLER EROKSPOR L. GALLOWAY assist,,,,,,,,,0,153,1.0,,0,53,0,39
05:20,05:20:00,53,39,14,2,3,REGULAR,0,,1,timeout,486,,[],full,0,,,,,,,,,,,TOFAŞ,TOF,,,,,,,,TIMEOUT,,TOFAŞ timeout,,,,,,,,,0,153,1.0,,0,53,0,39
05:20,05:20:00,53,39,14,0,3,REGULAR,0,,1,timeout,487,,[],officials,0,,,,,,,,,,,,,,,,,,,,TIMEOUT,, timeout,,,,,,,,,0,153,1.0,,0,53,0,39
05:20,05:20:00,53,39,14,1,3,REGULAR,25,L. GALLOWAY,1,substitution,488,,[],out,0,9,Langston ,Galloway,Langston ,Galloway,L,G,L,G,L. Galloway,ESENLER EROKSPOR,ERK,L. Galloway,9,,,,,,SUB,out,ESENLER EROKSPOR substitution out,,,,,,,,,0,153,1.0,,0,53,0,39
05:20,05:20:00,53,39,14,1,3,REGULAR,28,J. LOVE,1,substitution,489,,[],in,0,22,Jermaine,Love,Jermaine,Love,J,L,J,L,J. Love,ESENLER EROKSPOR,ERK,J. Love,22,,,,,,SUB,in,ESENLER EROKSPOR substitution in,,,,,,,,,0,153,1.0,,0,53,0,39
05:20,05:20:00,53,39,14,2,3,REGULAR,89,A. PEREZ,1,substitution,490,,[],out,0,2,Alex Daniel,Perez,Alex Daniel,Perez,A,P,A,P,A. Perez,TOFAŞ,TOF,A. Perez,2,,,,,,SUB,out,TOFAŞ substitution out,,,,,,,,,0,153,1.0,,0,53,0,39
05:20,05:20:00,53,39,14,2,3,REGULAR,90,H. BESSON,1,substitution,491,,[],in,0,25,Hugo Eric,Besson,Hugo Eric,Besson,H,B,H,B,H. Besson,TOFAŞ,TOF,H. Besson,25,,,,,,SUB,in,TOFAŞ substitution in,,,,,,,,,0,153,1.0,,0,53,0,39
05:11,05:11:00,53,39,14,1,3,REGULAR,20,E. ARNA,1,foul,496,,[],personal,0,18,Egehan,Arna,Egehan,Arna,E,A,E,A,E. Arna,ESENLER EROKSPOR,ERK,E. Arna,18,,,,,,FOUL,,ESENLER EROKSPOR E. ARNA foul personal,,,,,,,,,0,153,1.0,,0,53,0,39
05:11,05:11:00,53,39,14,2,3,REGULAR,55,T. GEÇIM,1,foulon,497,496,[],,0,8,Tolga,Geçim,Tolga,Geçim,T,G,T,G,T. Geçim,TOFAŞ,TOF,T. Geçim,8,,,,,,OTHER,,TOFAŞ foulon,,,,,,,,,0,153,1.0,,0,53,0,39
05:00,05:00:00,53,39,14,2,3,REGULAR,90,H. BESSON,0,3pt,499,,[],jumpshot,1,25,Hugo Eric,Besson,Hugo Eric,Besson,H,B,H,B,H. Besson,TOFAŞ,TOF,H. Besson,25,,,18.409999847412,93.220001220703,0.0,P3,missed,TOFAŞ H. BESSON 3Pt missed,,,,,,,,,0,153,1.0,,0,53,0,39
04:55,04:55:00,53,39,14,2,3,REGULAR,94,W. KIDD JR,1,rebound,500,499,[],offensive,0,15,Warren Lynn,Kidd Jr,Warren Lynn,Kidd Jr,W,K,W,K,W. Kidd Jr,TOFAŞ,TOF,W. Kidd Jr,15,,,,,,REB,,TOFAŞ rebound offensive,,,,,,,,,0,153,1.0,,0,53,0,39
04:55,04:55:00,53,41,12,2,3,REGULAR,94,W. KIDD JR,1,2pt,501,,"['2ndchance', 'pointsinthepaint']",tipinlayup,1,15,Warren Lynn,Kidd Jr,Warren Lynn,Kidd Jr,W,K,W,K,W. Kidd Jr,TOFAŞ,TOF,W. Kidd Jr,15,,,6.0,50.0,1.0,P2,made,TOFAŞ W. KIDD JR 2Pt made,,,,,,,,,2,153,1.0,score,0,53,2,41
04:41,04:41:00,56,41,15,1,3,REGULAR,26,J. CRAWFORD,1,3pt,502,,[],jumpshot,1,1,Jordon,Crawford,Jordon,Crawford,J,C,J,C,J. Crawford,ESENLER EROKSPOR,ERK,J. Crawford,1,,,68.330001831055,39.830001831055,1.0,P3,made,ESENLER EROKSPOR J. CRAWFORD 3Pt made,20.0,1.0,E. ARNA,,,,,,3,154,2.0,score,3,56,0,41
04:41,04:41:00,56,41,15,1,3,REGULAR,20,E. ARNA,1,assist,503,502,[],,0,18,Egehan,Arna,Egehan,Arna,E,A,E,A,E. Arna,ESENLER EROKSPOR,ERK,E. Arna,18,,,,,,ASS,,ESENLER EROKSPOR E. ARNA assist,,,,,,,,,0,155,1.0,,0,56,0,41
04:25,04:25:00,56,41,15,2,3,REGULAR,93,J. THOMASSON,0,3pt,504,,[],jumpshot,1,32,Joseph ,Thomasson,Joseph ,Thomasson,J,T,J,T,J. Thomasson,TOFAŞ,TOF,J. Thomasson,32,,,24.180000305176,88.419998168945,0.0,P3,missed,TOFAŞ J. THOMASSON 3Pt missed,,,,,,,,,0,155,1.0,def_reb,0,56,0,41
04:21,04:21:00,56,41,15,1,3,REGULAR,20,E. ARNA,1,rebound,505,504,[],defensive,0,18,Egehan,Arna,Egehan,Arna,E,A,E,A,E. Arna,ESENLER EROKSPOR,ERK,E. Arna,18,,,,,,REB,,ESENLER EROKSPOR rebound defensive,,,,,,,,,0,156,2.0,def_reb,0,56,0,41
04:06,04:06:00,56,41,15,1,3,REGULAR,20,E. ARNA,0,3pt,506,,[],jumpshot,1,18,Egehan,Arna,Egehan,Arna,E,A,E,A,E. Arna,ESENLER EROKSPOR,ERK,E. Arna,18,,,87.830001831055,4.2399997711182,0.0,P3,missed,ESENLER EROKSPOR E. ARNA 3Pt missed,,,,,,,,,0,157,1.0,,0,56,0,41
04:01,04:01:00,56,41,15,1,3,REGULAR,27,J. SIMMONS,1,rebound,507,506,[],offensive,0,11,Jeremy,Simmons,Jeremy,Simmons,J,S,J,S,J. Simmons,ESENLER EROKSPOR,ERK,J. Simmons,11,,,,,,REB,,ESENLER EROKSPOR rebound offensive,,,,,,,,,0,157,1.0,,0,56,0,41
04:01,04:01:00,58,41,17,1,3,REGULAR,27,J. SIMMONS,1,2pt,508,,"['2ndchance', 'pointsinthepaint']",tipinlayup,1,11,Jeremy,Simmons,Jeremy,Simmons,J,S,J,S,J. Simmons,ESENLER EROKSPOR,ERK,J. Simmons,11,,,94.0,50.0,1.0,P2,made,ESENLER EROKSPOR J. SIMMONS 2Pt made,,,,,,,,,2,157,1.0,score,2,58,0,41
03:47,03:47:00,58,41,17,2,3,REGULAR,94,W. KIDD JR,1,turnover,509,,[],ballhandling,0,15,Warren Lynn,Kidd Jr,Warren Lynn,Kidd Jr,W,K,W,K,W. Kidd Jr,TOFAŞ,TOF,W. Kidd Jr,15,,,,,,TO,,TOFAŞ W. KIDD JR turnover ballhandling,,,,,,,,,0,158,2.0,turnover,0,58,0,41
03:47,03:47:00,58,41,17,1,3,REGULAR,24,P. CORNELIE,1,steal,510,509,[],,0,12,Petr  Willlam,Cornelie,Petr  Willlam,Cornelie,P,C,P,C,P. Cornelie,ESENLER EROKSPOR,ERK,P. Cornelie,12,,,,,,ST,,ESENLER EROKSPOR P. CORNELIE steal,,,,,,,,,0,159,1.0,,0,58,0,41
03:43,03:43:00,60,41,19,1,3,REGULAR,26,J. CRAWFORD,1,2pt,511,,"['fromturnover', 'pointsinthepaint', 'fastbreak']",layup,1,1,Jordon,Crawford,Jordon,Crawford,J,C,J,C,J. Crawford,ESENLER EROKSPOR,ERK,J. Crawford,1,,,90.330001831055,50.0,1.0,P2,made,ESENLER EROKSPOR J. CRAWFORD 2Pt made,24.0,1.0,P. CORNELIE,,,,,,2,159,1.0,score,2,60,0,41
03:43,03:43:00,60,41,19,1,3,REGULAR,24,P. CORNELIE,1,assist,512,511,[],,0,12,Petr  Willlam,Cornelie,Petr  Willlam,Cornelie,P,C,P,C,P. Cornelie,ESENLER EROKSPOR,ERK,P. Cornelie,12,,,,,,ASS,,ESENLER EROKSPOR P. CORNELIE assist,,,,,,,,,0,160,2.0,,0,60,0,41
03:26,03:26:00,60,41,19,1,3,REGULAR,20,E. ARNA,1,foul,516,,[],personal,0,18,Egehan,Arna,Egehan,Arna,E,A,E,A,E. Arna,ESENLER EROKSPOR,ERK,E. Arna,18,,,,,,FOUL,,ESENLER EROKSPOR E. ARNA foul personal,,,,,,,,,0,160,2.0,,0,60,0,41
03:26,03:26:00,60,41,19,2,3,REGULAR,66,Y. SAYBIR,1,foulon,517,516,[],,0,3,Yigitcan,Saybir,Yigitcan,Saybir,Y,S,Y,S,Y. Saybir,TOFAŞ,TOF,Y. Saybir,3,,,,,,OTHER,,TOFAŞ foulon,,,,,,,,,0,160,2.0,,0,60,0,41
03:26,03:26:00,60,41,19,1,3,REGULAR,26,J. CRAWFORD,1,substitution,518,,[],out,0,1,Jordon,Crawford,Jordon,Crawford,J,C,J,C,J. Crawford,ESENLER EROKSPOR,ERK,J. Crawford,1,,,,,,SUB,out,ESENLER EROKSPOR substitution out,,,,,,,,,0,160,2.0,,0,60,0,41
03:26,03:26:00,60,41,19,1,3,REGULAR,27,J. SIMMONS,1,substitution,519,,[],out,0,11,Jeremy,Simmons,Jeremy,Simmons,J,S,J,S,J. Simmons,ESENLER EROKSPOR,ERK,J. Simmons,11,,,,,,SUB,out,ESENLER EROKSPOR substitution out,,,,,,,,,0,160,2.0,,0,60,0,41
03:26,03:26:00,60,41,19,1,3,REGULAR,60,K. PANGOS,1,substitution,520,,[],in,0,4,Kevin Joseph,Pangos,Kevin Joseph,Pangos,K,P,K,P,K. Pangos,ESENLER EROKSPOR,ERK,K. Pangos,4,,,,,,SUB,in,ESENLER EROKSPOR substitution in,,,,,,,,,0,160,2.0,,0,60,0,41
03:26,03:26:00,60,41,19,1,3,REGULAR,19,A. DUVERIOGLU,1,substitution,521,,[],in,0,44,Ahmet,Duverioglu,Ahmet,Duverioglu,A,D,A,D,A. Duverioglu,ESENLER EROKSPOR,ERK,A. Duverioglu,44,,,,,,SUB,in,ESENLER EROKSPOR substitution in,,,,,,,,,0,160,2.0,,0,60,0,41
03:26,03:26:00,60,41,19,2,3,REGULAR,66,Y. SAYBIR,1,substitution,522,,[],out,0,3,Yigitcan,Saybir,Yigitcan,Saybir,Y,S,Y,S,Y. Saybir,TOFAŞ,TOF,Y. Saybir,3,,,,,,SUB,out,TOFAŞ substitution out,,,,,,,,,0,160,2.0,,0,60,0,41
03:26,03:26:00,60,41,19,2,3,REGULAR,55,T. GEÇIM,1,substitution,523,,[],out,0,8,Tolga,Geçim,Tolga,Geçim,T,G,T,G,T. Geçim,TOFAŞ,TOF,T. Geçim,8,,,,,,SUB,out,TOFAŞ substitution out,,,,,,,,,0,160,2.0,,0,60,0,41
03:26,03:26:00,60,41,19,2,3,REGULAR,94,W. KIDD JR,1,substitution,524,,[],out,0,15,Warren Lynn,Kidd Jr,Warren Lynn,Kidd Jr,W,K,W,K,W. Kidd Jr,TOFAŞ,TOF,W. Kidd Jr,15,,,,,,SUB,out,TOFAŞ substitution out,,,,,,,,,0,160,2.0,,0,60,0,41
03:26,03:26:00,60,41,19,2,3,REGULAR,67,Ö. CENGIZ,1,substitution,525,,[],in,0,1,Özgür,Cengiz,Özgür,Cengiz,Ö,C,Ö,C,Ö. Cengiz,TOFAŞ,TOF,Ö. Cengiz,1,,,,,,SUB,in,TOFAŞ substitution in,,,,,,,,,0,160,2.0,,0,60,0,41
03:26,03:26:00,60,41,19,2,3,REGULAR,92,S. WHALEY,1,substitution,526,,[],in,0,5,Shaqwan Malic,Whaley,Shaqwan Malic,Whaley,S,W,S,W,S. Whaley,TOFAŞ,TOF,S. Whaley,5,,,,,,SUB,in,TOFAŞ substitution in,,,,,,,,,0,160,2.0,,0,60,0,41
03:26,03:26:00,60,41,19,2,3,REGULAR,88,M. BLAZEVIC,1,substitution,527,,[],in,0,22,Marek,Blazevic,Marek,Blazevic,M,B,M,B,M. Blazevic,TOFAŞ,TOF,M. Blazevic,22,,,,,,SUB,in,TOFAŞ substitution in,,,,,,,,,0,160,2.0,,0,60,0,41
03:26,03:26:00,60,41,19,2,3,REGULAR,93,J. THOMASSON,1,substitution,528,,[],out,0,32,Joseph ,Thomasson,Joseph ,Thomasson,J,T,J,T,J. Thomasson,TOFAŞ,TOF,J. Thomasson,32,,,,,,SUB,out,TOFAŞ substitution out,,,,,,,,,0,160,2.0,,0,60,0,41
03:26,03:26:00,60,41,19,2,3,REGULAR,91,M. LEWIS III,1,substitution,529,,[],in,0,21,Maxwell Robert ,Lewis Iii,Maxwell Robert ,Lewis Iii,M,L,M,L,M. Lewis Iii,TOFAŞ,TOF,M. Lewis Iii,21,,,,,,SUB,in,TOFAŞ substitution in,,,,,,,,,0,160,2.0,,0,60,0,41
03:21,03:21:00,60,44,16,2,3,REGULAR,67,Ö. CENGIZ,1,3pt,531,,[],jumpshot,1,1,Özgür,Cengiz,Özgür,Cengiz,Ö,C,Ö,C,Ö. Cengiz,TOFAŞ,TOF,Ö. Cengiz,1,,,2.8099999427795,3.9500000476837,1.0,P3,made,TOFAŞ Ö. CENGIZ 3Pt made,88.0,2.0,M. BLAZEVIC,,,,,,3,160,2.0,score,0,60,3,44
03:21,03:21:00,60,44,16,2,3,REGULAR,88,M. BLAZEVIC,1,assist,532,531,[],,0,22,Marek,Blazevic,Marek,Blazevic,M,B,M,B,M. Blazevic,TOFAŞ,TOF,M. Blazevic,22,,,,,,ASS,,TOFAŞ M. BLAZEVIC assist,,,,,,,,,0,161,1.0,,0,60,0,44
02:56,02:56:00,60,44,16,2,3,REGULAR,88,M. BLAZEVIC,1,foul,536,,[],personal,0,22,Marek,Blazevic,Marek,Blazevic,M,B,M,B,M. Blazevic,TOFAŞ,TOF,M. Blazevic,22,,,,,,FOUL,,TOFAŞ M. BLAZEVIC foul personal,,,,,,,,,0,161,1.0,,0,60,0,44
02:56,02:56:00,60,44,16,1,3,REGULAR,20,E. ARNA,1,foulon,537,536,[],,0,18,Egehan,Arna,Egehan,Arna,E,A,E,A,E. Arna,ESENLER EROKSPOR,ERK,E. Arna,18,,,,,,OTHER,,ESENLER EROKSPOR foulon,,,,,,,,,0,161,1.0,,0,60,0,44
02:42,02:42:00,60,44,16,1,3,REGULAR,60,K. PANGOS,0,2pt,539,,['pointsinthepaint'],layup,1,4,Kevin Joseph,Pangos,Kevin Joseph,Pangos,K,P,K,P,K. Pangos,ESENLER EROKSPOR,ERK,K. Pangos,4,,,91.26000213623,65.25,0.0,P2,missed,ESENLER EROKSPOR K. PANGOS 2Pt missed,,,,,,,,,0,161,1.0,,0,60,0,44
02:39,02:39:00,60,44,16,1,3,REGULAR,19,A. DUVERIOGLU,1,rebound,540,539,[],offensive,0,44,Ahmet,Duverioglu,Ahmet,Duverioglu,A,D,A,D,A. Duverioglu,ESENLER EROKSPOR,ERK,A. Duverioglu,44,,,,,,REB,,ESENLER EROKSPOR rebound offensive,,,,,,,,,0,161,1.0,,0,60,0,44
02:38,02:38:00,60,44,16,1,3,REGULAR,19,A. DUVERIOGLU,0,2pt,541,,"['2ndchance', 'pointsinthepaint']",layup,1,44,Ahmet,Duverioglu,Ahmet,Duverioglu,A,D,A,D,A. Duverioglu,ESENLER EROKSPOR,ERK,A. Duverioglu,44,,,88.459999084473,43.5,0.0,P2,missed,ESENLER EROKSPOR A. DUVERIOGLU 2Pt missed,,,,,,,,,0,161,1.0,,0,60,0,44
02:35,02:35:00,60,44,16,1,3,REGULAR,24,P. CORNELIE,1,rebound,542,541,[],offensive,0,12,Petr  Willlam,Cornelie,Petr  Willlam,Cornelie,P,C,P,C,P. Cornelie,ESENLER EROKSPOR,ERK,P. Cornelie,12,,,,,,REB,,ESENLER EROKSPOR rebound offensive,,,,,,,,,0,161,1.0,,0,60,0,44
02:35,02:35:00,62,44,18,1,3,REGULAR,24,P. CORNELIE,1,2pt,543,,"['2ndchance', 'pointsinthepaint']",tipindunk,1,12,Petr  Willlam,Cornelie,Petr  Willlam,Cornelie,P,C,P,C,P. Cornelie,ESENLER EROKSPOR,ERK,P. Cornelie,12,,,94.0,50.0,1.0,P2,made,ESENLER EROKSPOR P. CORNELIE 2Pt made,,,,,,,,,2,161,1.0,score,2,62,0,44
02:20,02:20:00,62,44,18,1,3,REGULAR,19,A. DUVERIOGLU,1,foul,547,,[],personal,0,44,Ahmet,Duverioglu,Ahmet,Duverioglu,A,D,A,D,A. Duverioglu,ESENLER EROKSPOR,ERK,A. Duverioglu,44,,,,,,FOUL,,ESENLER EROKSPOR A. DUVERIOGLU foul personal,,,,,,,,,0,162,2.0,,0,62,0,44
02:20,02:20:00,62,44,18,2,3,REGULAR,88,M. BLAZEVIC,1,foulon,548,547,[],,0,22,Marek,Blazevic,Marek,Blazevic,M,B,M,B,M. Blazevic,TOFAŞ,TOF,M. Blazevic,22,,,,,,OTHER,,TOFAŞ foulon,,,,,,,,,0,162,2.0,,0,62,0,44
02:20,02:20:00,62,44,18,1,3,REGULAR,20,E. ARNA,1,substitution,549,,[],out,0,18,Egehan,Arna,Egehan,Arna,E,A,E,A,E. Arna,ESENLER EROKSPOR,ERK,E. Arna,18,,,,,,SUB,out,ESENLER EROKSPOR substitution out,,,,,,,,,0,162,2.0,,0,62,0,44
02:20,02:20:00,62,44,18,1,3,REGULAR,15,T. AKYAZILI,1,substitution,550,,[],in,0,14,Thomas,Akyazili,Thomas,Akyazili,T,A,T,A,T. Akyazili,ESENLER EROKSPOR,ERK,T. Akyazili,14,,,,,,SUB,in,ESENLER EROKSPOR substitution in,,,,,,,,,0,162,2.0,,0,62,0,44
02:10,02:10:00,62,44,18,2,3,REGULAR,88,M. BLAZEVIC,1,turnover,552,,[],ballhandling,0,22,Marek,Blazevic,Marek,Blazevic,M,B,M,B,M. Blazevic,TOFAŞ,TOF,M. Blazevic,22,,,,,,TO,,TOFAŞ M. BLAZEVIC turnover ballhandling,,,,,,,,,0,162,2.0,turnover,0,62,0,44
02:10,02:10:00,62,44,18,1,3,REGULAR,24,P. CORNELIE,1,steal,553,552,[],,0,12,Petr  Willlam,Cornelie,Petr  Willlam,Cornelie,P,C,P,C,P. Cornelie,ESENLER EROKSPOR,ERK,P. Cornelie,12,,,,,,ST,,ESENLER EROKSPOR P. CORNELIE steal,,,,,,,,,0,163,1.0,,0,62,0,44
01:47,01:47:00,62,44,18,1,3,REGULAR,60,K. PANGOS,0,3pt,554,,['fromturnover'],jumpshot,1,4,Kevin Joseph,Pangos,Kevin Joseph,Pangos,K,P,K,P,K. Pangos,ESENLER EROKSPOR,ERK,K. Pangos,4,,,61.619998931885,53.669998168945,0.0,P3,missed,ESENLER EROKSPOR K. PANGOS 3Pt missed,,,,,,,,,0,163,1.0,def_reb,0,62,0,44
01:44,01:44:00,62,44,18,2,3,REGULAR,92,S. WHALEY,1,rebound,555,554,[],defensive,0,5,Shaqwan Malic,Whaley,Shaqwan Malic,Whaley,S,W,S,W,S. Whaley,TOFAŞ,TOF,S. Whaley,5,,,,,,REB,,TOFAŞ rebound defensive,,,,,,,,,0,164,2.0,def_reb,0,62,0,44
01:40,01:40:00,62,44,18,2,3,REGULAR,90,H. BESSON,1,turnover,556,,[],badpass,0,25,Hugo Eric,Besson,Hugo Eric,Besson,H,B,H,B,H. Besson,TOFAŞ,TOF,H. Besson,25,,,,,,TO,,TOFAŞ H. BESSON turnover badpass,,,,,,,,,0,165,1.0,turnover,0,62,0,44
01:40,01:40:00,62,44,18,1,3,REGULAR,24,P. CORNELIE,1,steal,557,556,[],,0,12,Petr  Willlam,Cornelie,Petr  Willlam,Cornelie,P,C,P,C,P. Cornelie,ESENLER EROKSPOR,ERK,P. Cornelie,12,,,,,,ST,,ESENLER EROKSPOR P. CORNELIE steal,,,,,,,,,0,166,2.0,,0,62,0,44
01:23,01:23:00,62,44,18,1,3,REGULAR,19,A. DUVERIOGLU,1,turnover,558,,[],badpass,0,44,Ahmet,Duverioglu,Ahmet,Duverioglu,A,D,A,D,A. Duverioglu,ESENLER EROKSPOR,ERK,A. Duverioglu,44,,,,,,TO,,ESENLER EROKSPOR A. DUVERIOGLU turnover badpass,,,,,,,,,0,166,2.0,turnover,0,62,0,44
01:23,01:23:00,62,44,18,2,3,REGULAR,92,S. WHALEY,1,steal,559,558,[],,0,5,Shaqwan Malic,Whaley,Shaqwan Malic,Whaley,S,W,S,W,S. Whaley,TOFAŞ,TOF,S. Whaley,5,,,,,,ST,,TOFAŞ S. WHALEY steal,,,,,,,,,0,167,1.0,,0,62,0,44
01:14,01:14:00,62,44,18,1,3,REGULAR,60,K. PANGOS,1,foul,563,,['2freethrow'],personal,0,4,Kevin Joseph,Pangos,Kevin Joseph,Pangos,K,P,K,P,K. Pangos,ESENLER EROKSPOR,ERK,K. Pangos,4,,,,,,FOUL,,ESENLER EROKSPOR K. PANGOS foul personal,,,,,,,,,0,167,1.0,,0,62,0,44
01:14,01:14:00,62,44,18,2,3,REGULAR,90,H. BESSON,1,foulon,564,563,[],,0,25,Hugo Eric,Besson,Hugo Eric,Besson,H,B,H,B,H. Besson,TOFAŞ,TOF,H. Besson,25,,,,,,OTHER,,TOFAŞ foulon,,,,,,,,,0,167,1.0,,0,62,0,44
01:14,01:14:00,62,44,18,1,3,REGULAR,24,P. CORNELIE,1,substitution,565,,[],out,0,12,Petr  Willlam,Cornelie,Petr  Willlam,Cornelie,P,C,P,C,P. Cornelie,ESENLER EROKSPOR,ERK,P. Cornelie,12,,,,,,SUB,out,ESENLER EROKSPOR substitution out,,,,,,,,,0,167,1.0,,0,62,0,44
01:14,01:14:00,62,44,18,1,3,REGULAR,22,T. THURMAN,1,substitution,566,,[],in,0,15,Tre'shawn,Thurman,Tre'shawn,Thurman,T,T,T,T,T. Thurman,ESENLER EROKSPOR,ERK,T. Thurman,15,,,,,,SUB,in,ESENLER EROKSPOR substitution in,,,,,,,,,0,167,1.0,,0,62,0,44
01:14,01:14:00,62,45,17,2,3,REGULAR,90,H. BESSON,1,freethrow,567,,['fromturnover'],1of2,1,25,Hugo Eric,Besson,Hugo Eric,Besson,H,B,H,B,H. Besson,TOFAŞ,TOF,H. Besson,25,,,,,,FT,made,TOFAŞ H. BESSON FT 1of2 made,,,,,,,,,1,167,1.0,made_ft,0,62,1,45
01:14,01:14:00,62,46,16,2,3,REGULAR,90,H. BESSON,1,freethrow,568,,['fromturnover'],2of2,1,25,Hugo Eric,Besson,Hugo Eric,Besson,H,B,H,B,H. Besson,TOFAŞ,TOF,H. Besson,25,,,,,,FT,made,TOFAŞ H. BESSON FT 2of2 made,,,,,,,,,1,168,2.0,made_ft_last,0,62,1,46
00:54,00:54:80,62,46,16,1,3,REGULAR,28,J. LOVE,0,2pt,570,,[],jumpshot,1,22,Jermaine,Love,Jermaine,Love,J,L,J,L,J. Love,ESENLER EROKSPOR,ERK,J. Love,22,,,79.879997253418,19.489999771118,0.0,P2,missed,ESENLER EROKSPOR J. LOVE 2Pt missed,,,,,,,,,0,169,1.0,def_reb,0,62,0,46
00:52,00:52:50,62,46,16,2,3,REGULAR,67,Ö. CENGIZ,1,rebound,571,570,[],defensive,0,1,Özgür,Cengiz,Özgür,Cengiz,Ö,C,Ö,C,Ö. Cengiz,TOFAŞ,TOF,Ö. Cengiz,1,,,,,,REB,,TOFAŞ rebound defensive,,,,,,,,,0,170,2.0,def_reb,0,62,0,46
00:46,00:46:00,62,48,14,2,3,REGULAR,88,M. BLAZEVIC,1,2pt,572,,['pointsinthepaint'],jumpshot,1,22,Marek,Blazevic,Marek,Blazevic,M,B,M,B,M. Blazevic,TOFAŞ,TOF,M. Blazevic,22,,,2.960000038147,64.410003662109,1.0,P2,made,TOFAŞ M. BLAZEVIC 2Pt made,90.0,2.0,H. BESSON,,,,,,2,171,1.0,score,0,62,2,48
00:46,00:46:00,62,48,14,2,3,REGULAR,90,H. BESSON,1,assist,574,572,[],,0,25,Hugo Eric,Besson,Hugo Eric,Besson,H,B,H,B,H. Besson,TOFAŞ,TOF,H. Besson,25,,,,,,ASS,,TOFAŞ H. BESSON assist,,,,,,,,,0,172,2.0,,0,62,0,48
00:45,00:45:00,62,48,14,1,3,REGULAR,0,,1,timeout,576,,[],full,0,,,,,,,,,,,ESENLER EROKSPOR,ERK,,,,,,,,TIMEOUT,,ESENLER EROKSPOR timeout,,,,,,,,,0,172,2.0,,0,62,0,48
00:26,00:26:20,65,48,17,1,3,REGULAR,22,T. THURMAN,1,3pt,578,,[],jumpshot,1,15,Tre'shawn,Thurman,Tre'shawn,Thurman,T,T,T,T,T. Thurman,ESENLER EROKSPOR,ERK,T. Thurman,15,,,68.639999389648,73.160003662109,1.0,P3,made,ESENLER EROKSPOR T. THURMAN 3Pt made,60.0,1.0,K. PANGOS,,,,,,3,172,2.0,score,3,65,0,48
00:26,00:26:20,65,48,17,1,3,REGULAR,60,K. PANGOS,1,assist,579,578,[],,0,4,Kevin Joseph,Pangos,Kevin Joseph,Pangos,K,P,K,P,K. Pangos,ESENLER EROKSPOR,ERK,K. Pangos,4,,,,,,ASS,,ESENLER EROKSPOR K. PANGOS assist,,,,,,,,,0,173,1.0,,0,65,0,48
00:02,00:02:70,65,51,14,2,3,REGULAR,90,H. BESSON,1,3pt,582,,[],jumpshot,1,25,Hugo Eric,Besson,Hugo Eric,Besson,H,B,H,B,H. Besson,TOFAŞ,TOF,H. Besson,25,,,11.859999656677,96.330001831055,1.0,P3,made,TOFAŞ H. BESSON 3Pt made,67.0,2.0,Ö. CENGIZ,,,,,,3,173,1.0,score,0,65,3,51
00:02,00:02:70,65,51,14,2,3,REGULAR,67,Ö. CENGIZ,1,assist,583,582,[],,0,1,Özgür,Cengiz,Özgür,Cengiz,Ö,C,Ö,C,Ö. Cengiz,TOFAŞ,TOF,Ö. Cengiz,1,,,,,,ASS,,TOFAŞ Ö. CENGIZ assist,,,,,,,,,0,174,2.0,,0,65,0,51
00:00,00:00:00,65,51,14,0,3,REGULAR,0,,1,period,585,,['confirmed'],end,0,,,,,,,,,,,,,,,,,,,,OTHER,,period end,,,,,,,,,0,174,2.0,,0,65,0,51
10:00,10:00:00,65,51,14,0,4,REGULAR,0,,1,period,586,,[],start,0,,,,,,,,,,,,,,,,,,,,OTHER,,period start,,,,,,,,,0,174,2.0,,0,65,0,51
09:38,09:38:00,65,53,12,2,4,REGULAR,92,S. WHALEY,1,2pt,590,,['pointsinthepaint'],dunk,1,5,Shaqwan Malic,Whaley,Shaqwan Malic,Whaley,S,W,S,W,S. Whaley,TOFAŞ,TOF,S. Whaley,5,,,9.0500001907349,42.939998626709,1.0,P2,made,TOFAŞ S. WHALEY 2Pt made,90.0,2.0,H. BESSON,,,,,,2,174,2.0,score,0,65,2,53
09:38,09:38:00,65,53,12,2,4,REGULAR,90,H. BESSON,1,assist,591,590,[],,0,25,Hugo Eric,Besson,Hugo Eric,Besson,H,B,H,B,H. Besson,TOFAŞ,TOF,H. Besson,25,,,,,,ASS,,TOFAŞ H. BESSON assist,,,,,,,,,0,175,1.0,,0,65,0,53
09:21,09:21:00,68,53,15,1,4,REGULAR,28,J. LOVE,1,3pt,592,,[],jumpshot,1,22,Jermaine,Love,Jermaine,Love,J,L,J,L,J. Love,ESENLER EROKSPOR,ERK,J. Love,22,,,71.76000213623,78.809997558594,1.0,P3,made,ESENLER EROKSPOR J. LOVE 3Pt made,60.0,1.0,K. PANGOS,,,,,,3,175,1.0,score,3,68,0,53
09:21,09:21:00,68,53,15,1,4,REGULAR,60,K. PANGOS,1,assist,593,592,[],,0,4,Kevin Joseph,Pangos,Kevin Joseph,Pangos,K,P,K,P,K. Pangos,ESENLER EROKSPOR,ERK,K. Pangos,4,,,,,,ASS,,ESENLER EROKSPOR K. PANGOS assist,,,,,,,,,0,176,2.0,,0,68,0,53
09:04,09:04:00,68,53,15,1,4,REGULAR,15,T. AKYAZILI,1,foul,596,,[],personal,0,14,Thomas,Akyazili,Thomas,Akyazili,T,A,T,A,T. Akyazili,ESENLER EROKSPOR,ERK,T. Akyazili,14,,,,,,FOUL,,ESENLER EROKSPOR T. AKYAZILI foul personal,,,,,,,,,0,176,2.0,,0,68,0,53
09:04,09:04:00,68,53,15,2,4,REGULAR,88,M. BLAZEVIC,1,foulon,597,596,[],,0,22,Marek,Blazevic,Marek,Blazevic,M,B,M,B,M. Blazevic,TOFAŞ,TOF,M. Blazevic,22,,,,,,OTHER,,TOFAŞ foulon,,,,,,,,,0,176,2.0,,0,68,0,53
08:58,08:58:00,68,53,15,1,4,REGULAR,60,K. PANGOS,1,foul,602,,[],personal,0,4,Kevin Joseph,Pangos,Kevin Joseph,Pangos,K,P,K,P,K. Pangos,ESENLER EROKSPOR,ERK,K. Pangos,4,,,,,,FOUL,,ESENLER EROKSPOR K. PANGOS foul personal,,,,,,,,,0,176,2.0,,0,68,0,53
08:58,08:58:00,68,53,15,2,4,REGULAR,67,Ö. CENGIZ,1,foulon,603,602,[],,0,1,Özgür,Cengiz,Özgür,Cengiz,Ö,C,Ö,C,Ö. Cengiz,TOFAŞ,TOF,Ö. Cengiz,1,,,,,,OTHER,,TOFAŞ foulon,,,,,,,,,0,176,2.0,,0,68,0,53
08:51,08:51:00,68,53,15,2,4,REGULAR,67,Ö. CENGIZ,0,3pt,605,,[],jumpshot,1,1,Özgür,Cengiz,Özgür,Cengiz,Ö,C,Ö,C,Ö. Cengiz,TOFAŞ,TOF,Ö. Cengiz,1,,,30.420000076294,76.839996337891,0.0,P3,missed,TOFAŞ Ö. CENGIZ 3Pt missed,,,,,,,,,0,176,2.0,def_reb,0,68,0,53
08:46,08:46:00,68,53,15,1,4,REGULAR,15,T. AKYAZILI,1,rebound,606,605,[],defensive,0,14,Thomas,Akyazili,Thomas,Akyazili,T,A,T,A,T. Akyazili,ESENLER EROKSPOR,ERK,T. Akyazili,14,,,,,,REB,,ESENLER EROKSPOR rebound defensive,,,,,,,,,0,177,1.0,def_reb,0,68,0,53
08:41,08:41:00,70,53,17,1,4,REGULAR,60,K. PANGOS,1,2pt,607,,"['pointsinthepaint', 'fastbreak']",floatingjumpshot,1,4,Kevin Joseph,Pangos,Kevin Joseph,Pangos,K,P,K,P,K. Pangos,ESENLER EROKSPOR,ERK,K. Pangos,4,,,88.459999084473,39.830001831055,1.0,P2,made,ESENLER EROKSPOR K. PANGOS 2Pt made,15.0,1.0,T. AKYAZILI,,,,,,2,178,2.0,score,2,70,0,53
08:41,08:41:00,70,53,17,1,4,REGULAR,15,T. AKYAZILI,1,assist,608,607,[],,0,14,Thomas,Akyazili,Thomas,Akyazili,T,A,T,A,T. Akyazili,ESENLER EROKSPOR,ERK,T. Akyazili,14,,,,,,ASS,,ESENLER EROKSPOR T. AKYAZILI assist,,,,,,,,,0,179,1.0,,0,70,0,53
08:27,08:27:00,70,53,17,2,4,REGULAR,91,M. LEWIS III,1,turnover,610,,[],badpass,0,21,Maxwell Robert ,Lewis Iii,Maxwell Robert ,Lewis Iii,M,L,M,L,M. Lewis Iii,TOFAŞ,TOF,M. Lewis Iii,21,,,,,,TO,,TOFAŞ M. LEWIS III turnover badpass,,,,,,,,,0,179,1.0,turnover,0,70,0,53
08:26,08:26:00,70,53,17,2,4,REGULAR,91,M. LEWIS III,1,substitution,613,,[],out,0,21,Maxwell Robert ,Lewis Iii,Maxwell Robert ,Lewis Iii,M,L,M,L,M. Lewis Iii,TOFAŞ,TOF,M. Lewis Iii,21,,,,,,SUB,out,TOFAŞ substitution out,,,,,,,,,0,180,2.0,,0,70,0,53
08:26,08:26:00,70,53,17,2,4,REGULAR,88,M. BLAZEVIC,1,substitution,614,,[],out,0,22,Marek,Blazevic,Marek,Blazevic,M,B,M,B,M. Blazevic,TOFAŞ,TOF,M. Blazevic,22,,,,,,SUB,out,TOFAŞ substitution out,,,,,,,,,0,180,2.0,,0,70,0,53
08:26,08:26:00,70,53,17,2,4,REGULAR,89,A. PEREZ,1,substitution,615,,[],in,0,2,Alex Daniel,Perez,Alex Daniel,Perez,A,P,A,P,A. Perez,TOFAŞ,TOF,A. Perez,2,,,,,,SUB,in,TOFAŞ substitution in,,,,,,,,,0,180,2.0,,0,70,0,53
08:26,08:26:00,70,53,17,2,4,REGULAR,66,Y. SAYBIR,1,substitution,616,,[],in,0,3,Yigitcan,Saybir,Yigitcan,Saybir,Y,S,Y,S,Y. Saybir,TOFAŞ,TOF,Y. Saybir,3,,,,,,SUB,in,TOFAŞ substitution in,,,,,,,,,0,180,2.0,,0,70,0,53
08:06,08:06:00,72,53,19,1,4,REGULAR,19,A. DUVERIOGLU,1,2pt,618,,"['fromturnover', 'pointsinthepaint']",turnaroundjumpshot,1,44,Ahmet,Duverioglu,Ahmet,Duverioglu,A,D,A,D,A. Duverioglu,ESENLER EROKSPOR,ERK,A. Duverioglu,44,,,94.230003356934,57.060001373291,1.0,P2,made,ESENLER EROKSPOR A. DUVERIOGLU 2Pt made,60.0,1.0,K. PANGOS,,,,,,2,180,2.0,score,2,72,0,53
08:06,08:06:00,72,53,19,1,4,REGULAR,60,K. PANGOS,1,assist,619,618,[],,0,4,Kevin Joseph,Pangos,Kevin Joseph,Pangos,K,P,K,P,K. Pangos,ESENLER EROKSPOR,ERK,K. Pangos,4,,,,,,ASS,,ESENLER EROKSPOR K. PANGOS assist,,,,,,,,,0,181,1.0,,0,72,0,53
07:38,07:38:00,72,53,19,2,4,REGULAR,89,A. PEREZ,0,3pt,620,,[],jumpshot,1,2,Alex Daniel,Perez,Alex Daniel,Perez,A,P,A,P,A. Perez,TOFAŞ,TOF,A. Perez,2,,,31.049999237061,67.800003051758,0.0,P3,missed,TOFAŞ A. PEREZ 3Pt missed,,,,,,,,,0,181,1.0,def_reb,0,72,0,53
07:35,07:35:00,72,53,19,1,4,REGULAR,22,T. THURMAN,1,rebound,621,620,[],defensive,0,15,Tre'shawn,Thurman,Tre'shawn,Thurman,T,T,T,T,T. Thurman,ESENLER EROKSPOR,ERK,T. Thurman,15,,,,,,REB,,ESENLER EROKSPOR rebound defensive,,,,,,,,,0,182,2.0,def_reb,0,72,0,53
07:21,07:21:00,72,53,19,2,4,REGULAR,92,S. WHALEY,1,foul,623,,"['shooting', '3freethrow']",personal,0,5,Shaqwan Malic,Whaley,Shaqwan Malic,Whaley,S,W,S,W,S. Whaley,TOFAŞ,TOF,S. Whaley,5,,,,,,FOUL,,TOFAŞ S. WHALEY foul personal,,,,,,,,,0,183,1.0,,0,72,0,53
07:21,07:21:00,72,53,19,1,4,REGULAR,22,T. THURMAN,1,foulon,624,623,[],,0,15,Tre'shawn,Thurman,Tre'shawn,Thurman,T,T,T,T,T. Thurman,ESENLER EROKSPOR,ERK,T. Thurman,15,,,,,,OTHER,,ESENLER EROKSPOR foulon,,,,,,,,,0,183,1.0,,0,72,0,53
07:21,07:21:00,72,53,19,2,4,REGULAR,67,Ö. CENGIZ,1,substitution,625,,[],out,0,1,Özgür,Cengiz,Özgür,Cengiz,Ö,C,Ö,C,Ö. Cengiz,TOFAŞ,TOF,Ö. Cengiz,1,,,,,,SUB,out,TOFAŞ substitution out,,,,,,,,,0,183,1.0,,0,72,0,53
07:21,07:21:00,72,53,19,2,4,REGULAR,92,S. WHALEY,1,substitution,626,,[],out,0,5,Shaqwan Malic,Whaley,Shaqwan Malic,Whaley,S,W,S,W,S. Whaley,TOFAŞ,TOF,S. Whaley,5,,,,,,SUB,out,TOFAŞ substitution out,,,,,,,,,0,183,1.0,,0,72,0,53
07:21,07:21:00,72,53,19,2,4,REGULAR,94,W. KIDD JR,1,substitution,627,,[],in,0,15,Warren Lynn,Kidd Jr,Warren Lynn,Kidd Jr,W,K,W,K,W. Kidd Jr,TOFAŞ,TOF,W. Kidd Jr,15,,,,,,SUB,in,TOFAŞ substitution in,,,,,,,,,0,183,1.0,,0,72,0,53
07:21,07:21:00,72,53,19,2,4,REGULAR,93,J. THOMASSON,1,substitution,628,,[],in,0,32,Joseph ,Thomasson,Joseph ,Thomasson,J,T,J,T,J. Thomasson,TOFAŞ,TOF,J. Thomasson,32,,,,,,SUB,in,TOFAŞ substitution in,,,,,,,,,0,183,1.0,,0,72,0,53
07:21,07:21:00,72,53,19,1,4,REGULAR,22,T. THURMAN,0,freethrow,629,,[],1of3,1,15,Tre'shawn,Thurman,Tre'shawn,Thurman,T,T,T,T,T. Thurman,ESENLER EROKSPOR,ERK,T. Thurman,15,,,,,,FT,missed,ESENLER EROKSPOR T. THURMAN FT 1of3 missed,,,,,,,,,0,183,1.0,def_reb,0,72,0,53
07:21,07:21:00,72,53,19,1,4,REGULAR,0,,1,rebound,630,629,[],offensivedeadball,0,,,,,,,,,,,ESENLER EROKSPOR,ERK,,,,,,,,TREB,,ESENLER EROKSPOR team rebound offensivedeadball,,,,,,,,,0,184,2.0,def_reb,0,72,0,53
07:21,07:21:00,73,53,20,1,4,REGULAR,22,T. THURMAN,1,freethrow,631,,[],2of3,1,15,Tre'shawn,Thurman,Tre'shawn,Thurman,T,T,T,T,T. Thurman,ESENLER EROKSPOR,ERK,T. Thurman,15,,,,,,FT,made,ESENLER EROKSPOR T. THURMAN FT 2of3 made,,,,,,,,,1,185,1.0,made_ft,1,73,0,53
07:21,07:21:00,74,53,21,1,4,REGULAR,22,T. THURMAN,1,freethrow,632,,[],3of3,1,15,Tre'shawn,Thurman,Tre'shawn,Thurman,T,T,T,T,T. Thurman,ESENLER EROKSPOR,ERK,T. Thurman,15,,,,,,FT,made,ESENLER EROKSPOR T. THURMAN FT 3of3 made,,,,,,,,,1,186,2.0,made_ft_last,1,74,0,53
06:59,06:59:00,74,53,21,2,4,REGULAR,89,A. PEREZ,0,3pt,634,,[],jumpshot,1,2,Alex Daniel,Perez,Alex Daniel,Perez,A,P,A,P,A. Perez,TOFAŞ,TOF,A. Perez,2,,,27.299999237061,82.48999786377,0.0,P3,missed,TOFAŞ A. PEREZ 3Pt missed,,,,,,,,,0,187,1.0,def_reb,0,74,0,53
06:55,06:55:00,74,53,21,1,4,REGULAR,0,,1,rebound,636,634,['team'],defensive,0,,,,,,,,,,,ESENLER EROKSPOR,ERK,,,,,,,,TREB,,ESENLER EROKSPOR team rebound defensive,,,,,,,,,0,188,2.0,def_reb,0,74,0,53
06:36,06:36:00,77,53,24,1,4,REGULAR,28,J. LOVE,1,3pt,638,,[],jumpshot,1,22,Jermaine,Love,Jermaine,Love,J,L,J,L,J. Love,ESENLER EROKSPOR,ERK,J. Love,22,,,78.0,94.349998474121,1.0,P3,made,ESENLER EROKSPOR J. LOVE 3Pt made,15.0,1.0,T. AKYAZILI,,,,,,3,189,1.0,score,3,77,0,53
06:36,06:36:00,77,53,24,1,4,REGULAR,15,T. AKYAZILI,1,assist,639,638,[],,0,14,Thomas,Akyazili,Thomas,Akyazili,T,A,T,A,T. Akyazili,ESENLER EROKSPOR,ERK,T. Akyazili,14,,,,,,ASS,,ESENLER EROKSPOR T. AKYAZILI assist,,,,,,,,,0,190,2.0,,0,77,0,53
06:22,06:22:00,77,53,24,2,4,REGULAR,93,J. THOMASSON,0,2pt,640,,[],jumpshot,1,32,Joseph ,Thomasson,Joseph ,Thomasson,J,T,J,T,J. Thomasson,TOFAŞ,TOF,J. Thomasson,32,,,12.949999809265,21.190000534058,0.0,P2,missed,TOFAŞ J. THOMASSON 2Pt missed,,,,,,,,,0,190,2.0,,0,77,0,53
06:20,06:20:00,77,53,24,2,4,REGULAR,66,Y. SAYBIR,1,rebound,641,640,[],offensive,0,3,Yigitcan,Saybir,Yigitcan,Saybir,Y,S,Y,S,Y. Saybir,TOFAŞ,TOF,Y. Saybir,3,,,,,,REB,,TOFAŞ rebound offensive,,,,,,,,,0,190,2.0,,0,77,0,53
06:16,06:16:00,77,53,24,2,4,REGULAR,90,H. BESSON,0,3pt,642,,['2ndchance'],jumpshot,1,25,Hugo Eric,Besson,Hugo Eric,Besson,H,B,H,B,H. Besson,TOFAŞ,TOF,H. Besson,25,,,5.1500000953674,97.459999084473,0.0,P3,missed,TOFAŞ H. BESSON 3Pt missed,,,,,,,,,0,190,2.0,def_reb,0,77,0,53
06:13,06:13:00,77,53,24,1,4,REGULAR,60,K. PANGOS,1,rebound,643,642,[],defensive,0,4,Kevin Joseph,Pangos,Kevin Joseph,Pangos,K,P,K,P,K. Pangos,ESENLER EROKSPOR,ERK,K. Pangos,4,,,,,,REB,,ESENLER EROKSPOR rebound defensive,,,,,,,,,0,191,1.0,def_reb,0,77,0,53
05:57,05:57:00,77,53,24,1,4,REGULAR,28,J. LOVE,0,3pt,644,,[],jumpshot,1,22,Jermaine,Love,Jermaine,Love,J,L,J,L,J. Love,ESENLER EROKSPOR,ERK,J. Love,22,,,77.540000915527,89.830001831055,0.0,P3,missed,ESENLER EROKSPOR J. LOVE 3Pt missed,,,,,,,,,0,192,2.0,def_reb,0,77,0,53
05:54,05:54:00,77,53,24,2,4,REGULAR,94,W. KIDD JR,1,rebound,645,644,[],defensive,0,15,Warren Lynn,Kidd Jr,Warren Lynn,Kidd Jr,W,K,W,K,W. Kidd Jr,TOFAŞ,TOF,W. Kidd Jr,15,,,,,,REB,,TOFAŞ rebound defensive,,,,,,,,,0,193,1.0,def_reb,0,77,0,53
05:45,05:45:00,77,53,24,1,4,REGULAR,28,J. LOVE,1,foul,649,,[],personal,0,22,Jermaine,Love,Jermaine,Love,J,L,J,L,J. Love,ESENLER EROKSPOR,ERK,J. Love,22,,,,,,FOUL,,ESENLER EROKSPOR J. LOVE foul personal,,,,,,,,,0,194,2.0,,0,77,0,53
05:45,05:45:00,77,53,24,2,4,REGULAR,66,Y. SAYBIR,1,foulon,650,649,[],,0,3,Yigitcan,Saybir,Yigitcan,Saybir,Y,S,Y,S,Y. Saybir,TOFAŞ,TOF,Y. Saybir,3,,,,,,OTHER,,TOFAŞ foulon,,,,,,,,,0,194,2.0,,0,77,0,53
05:45,05:45:00,77,53,24,1,4,REGULAR,15,T. AKYAZILI,1,substitution,651,,[],out,0,14,Thomas,Akyazili,Thomas,Akyazili,T,A,T,A,T. Akyazili,ESENLER EROKSPOR,ERK,T. Akyazili,14,,,,,,SUB,out,ESENLER EROKSPOR substitution out,,,,,,,,,0,194,2.0,,0,77,0,53
05:45,05:45:00,77,53,24,1,4,REGULAR,20,E. ARNA,1,substitution,652,,[],in,0,18,Egehan,Arna,Egehan,Arna,E,A,E,A,E. Arna,ESENLER EROKSPOR,ERK,E. Arna,18,,,,,,SUB,in,ESENLER EROKSPOR substitution in,,,,,,,,,0,194,2.0,,0,77,0,53
05:45,05:45:00,77,53,24,1,4,REGULAR,60,K. PANGOS,1,substitution,653,,[],out,0,4,Kevin Joseph,Pangos,Kevin Joseph,Pangos,K,P,K,P,K. Pangos,ESENLER EROKSPOR,ERK,K. Pangos,4,,,,,,SUB,out,ESENLER EROKSPOR substitution out,,,,,,,,,0,194,2.0,,0,77,0,53
05:45,05:45:00,77,53,24,1,4,REGULAR,26,J. CRAWFORD,1,substitution,654,,[],in,0,1,Jordon,Crawford,Jordon,Crawford,J,C,J,C,J. Crawford,ESENLER EROKSPOR,ERK,J. Crawford,1,,,,,,SUB,in,ESENLER EROKSPOR substitution in,,,,,,,,,0,194,2.0,,0,77,0,53
05:42,05:42:00,77,53,24,1,4,REGULAR,19,A. DUVERIOGLU,1,foul,657,,[],personal,0,44,Ahmet,Duverioglu,Ahmet,Duverioglu,A,D,A,D,A. Duverioglu,ESENLER EROKSPOR,ERK,A. Duverioglu,44,,,,,,FOUL,,ESENLER EROKSPOR A. DUVERIOGLU foul personal,,,,,,,,,0,194,2.0,,0,77,0,53
05:42,05:42:00,77,53,24,2,4,REGULAR,89,A. PEREZ,1,foulon,658,657,[],,0,2,Alex Daniel,Perez,Alex Daniel,Perez,A,P,A,P,A. Perez,TOFAŞ,TOF,A. Perez,2,,,,,,OTHER,,TOFAŞ foulon,,,,,,,,,0,194,2.0,,0,77,0,53
05:36,05:36:00,77,53,24,2,4,REGULAR,90,H. BESSON,0,3pt,660,,[],jumpshot,1,25,Hugo Eric,Besson,Hugo Eric,Besson,H,B,H,B,H. Besson,TOFAŞ,TOF,H. Besson,25,,,8.1099996566772,96.889999389648,0.0,P3,missed,TOFAŞ H. BESSON 3Pt missed,,,,,,,,,0,194,2.0,,0,77,0,53
05:32,05:32:00,77,53,24,2,4,REGULAR,66,Y. SAYBIR,1,rebound,661,660,[],offensive,0,3,Yigitcan,Saybir,Yigitcan,Saybir,Y,S,Y,S,Y. Saybir,TOFAŞ,TOF,Y. Saybir,3,,,,,,REB,,TOFAŞ rebound offensive,,,,,,,,,0,194,2.0,,0,77,0,53
05:26,05:26:00,77,55,22,2,4,REGULAR,94,W. KIDD JR,1,2pt,663,,"['2ndchance', 'pointsinthepaint']",layup,1,15,Warren Lynn,Kidd Jr,Warren Lynn,Kidd Jr,W,K,W,K,W. Kidd Jr,TOFAŞ,TOF,W. Kidd Jr,15,,,8.1099996566772,56.209999084473,1.0,P2,made,TOFAŞ W. KIDD JR 2Pt made,89.0,2.0,A. PEREZ,,,,,,2,194,2.0,score,0,77,2,55
05:26,05:26:00,77,55,22,2,4,REGULAR,89,A. PEREZ,1,assist,664,663,[],,0,2,Alex Daniel,Perez,Alex Daniel,Perez,A,P,A,P,A. Perez,TOFAŞ,TOF,A. Perez,2,,,,,,ASS,,TOFAŞ A. PEREZ assist,,,,,,,,,0,195,1.0,,0,77,0,55
05:26,05:26:00,77,55,22,1,4,REGULAR,0,,1,timeout,665,,[],full,0,,,,,,,,,,,ESENLER EROKSPOR,ERK,,,,,,,,TIMEOUT,,ESENLER EROKSPOR timeout,,,,,,,,,0,195,1.0,,0,77,0,55
05:05,05:05:00,79,55,24,1,4,REGULAR,22,T. THURMAN,1,2pt,670,,['pointsinthepaint'],jumpshot,1,15,Tre'shawn,Thurman,Tre'shawn,Thurman,T,T,T,T,T. Thurman,ESENLER EROKSPOR,ERK,T. Thurman,15,,,85.800003051758,55.650001525879,1.0,P2,made,ESENLER EROKSPOR T. THURMAN 2Pt made,19.0,1.0,A. DUVERIOGLU,,,,,,2,195,1.0,score,2,79,0,55
05:05,05:05:00,79,55,24,1,4,REGULAR,19,A. DUVERIOGLU,1,assist,671,670,[],,0,44,Ahmet,Duverioglu,Ahmet,Duverioglu,A,D,A,D,A. Duverioglu,ESENLER EROKSPOR,ERK,A. Duverioglu,44,,,,,,ASS,,ESENLER EROKSPOR A. DUVERIOGLU assist,,,,,,,,,0,196,2.0,,0,79,0,55
05:05,05:05:00,79,55,24,2,4,REGULAR,66,Y. SAYBIR,1,foul,672,,"['shooting', '1freethrow']",personal,0,3,Yigitcan,Saybir,Yigitcan,Saybir,Y,S,Y,S,Y. Saybir,TOFAŞ,TOF,Y. Saybir,3,,,,,,FOUL,,TOFAŞ Y. SAYBIR foul personal,,,,,,,,,0,196,2.0,,0,79,0,55
05:05,05:05:00,79,55,24,1,4,REGULAR,22,T. THURMAN,1,foulon,673,672,[],,0,15,Tre'shawn,Thurman,Tre'shawn,Thurman,T,T,T,T,T. Thurman,ESENLER EROKSPOR,ERK,T. Thurman,15,,,,,,OTHER,,ESENLER EROKSPOR foulon,,,,,,,,,0,196,2.0,,0,79,0,55
05:05,05:05:00,80,55,25,1,4,REGULAR,22,T. THURMAN,1,freethrow,674,,[],1of1,1,15,Tre'shawn,Thurman,Tre'shawn,Thurman,T,T,T,T,T. Thurman,ESENLER EROKSPOR,ERK,T. Thurman,15,,,,,,FT,made,ESENLER EROKSPOR T. THURMAN FT 1of1 made,,,,,,,,,1,196,2.0,made_ft_last,1,80,0,55
04:45,04:45:00,80,55,25,2,4,REGULAR,89,A. PEREZ,0,2pt,676,,['pointsinthepaint'],layup,1,2,Alex Daniel,Perez,Alex Daniel,Perez,A,P,A,P,A. Perez,TOFAŞ,TOF,A. Perez,2,,,10.300000190735,64.120002746582,0.0,P2,missed,TOFAŞ A. PEREZ 2Pt missed,,,,,,,,,0,197,1.0,def_reb,0,80,0,55
04:42,04:42:00,80,55,25,1,4,REGULAR,22,T. THURMAN,1,rebound,677,676,[],defensive,0,15,Tre'shawn,Thurman,Tre'shawn,Thurman,T,T,T,T,T. Thurman,ESENLER EROKSPOR,ERK,T. Thurman,15,,,,,,REB,,ESENLER EROKSPOR rebound defensive,,,,,,,,,0,198,2.0,def_reb,0,80,0,55
04:30,04:30:00,80,55,25,2,4,REGULAR,94,W. KIDD JR,1,foul,679,,[],personal,0,15,Warren Lynn,Kidd Jr,Warren Lynn,Kidd Jr,W,K,W,K,W. Kidd Jr,TOFAŞ,TOF,W. Kidd Jr,15,,,,,,FOUL,,TOFAŞ W. KIDD JR foul personal,,,,,,,,,0,199,1.0,,0,80,0,55
04:30,04:30:00,80,55,25,1,4,REGULAR,19,A. DUVERIOGLU,1,foulon,680,679,[],,0,44,Ahmet,Duverioglu,Ahmet,Duverioglu,A,D,A,D,A. Duverioglu,ESENLER EROKSPOR,ERK,A. Duverioglu,44,,,,,,OTHER,,ESENLER EROKSPOR foulon,,,,,,,,,0,199,1.0,,0,80,0,55
04:30,04:30:00,80,55,25,2,4,REGULAR,90,H. BESSON,1,substitution,681,,[],out,0,25,Hugo Eric,Besson,Hugo Eric,Besson,H,B,H,B,H. Besson,TOFAŞ,TOF,H. Besson,25,,,,,,SUB,out,TOFAŞ substitution out,,,,,,,,,0,199,1.0,,0,80,0,55
04:30,04:30:00,80,55,25,2,4,REGULAR,55,T. GEÇIM,1,substitution,682,,[],in,0,8,Tolga,Geçim,Tolga,Geçim,T,G,T,G,T. Geçim,TOFAŞ,TOF,T. Geçim,8,,,,,,SUB,in,TOFAŞ substitution in,,,,,,,,,0,199,1.0,,0,80,0,55
04:25,04:25:00,80,55,25,1,4,REGULAR,22,T. THURMAN,0,2pt,684,,[],fadeaway,1,15,Tre'shawn,Thurman,Tre'shawn,Thurman,T,T,T,T,T. Thurman,ESENLER EROKSPOR,ERK,T. Thurman,15,,,89.699996948242,22.030000686646,0.0,P2,missed,ESENLER EROKSPOR T. THURMAN 2Pt missed,,,,,,,,,0,199,1.0,def_reb,0,80,0,55
04:21,04:21:00,80,55,25,2,4,REGULAR,94,W. KIDD JR,1,rebound,685,684,[],defensive,0,15,Warren Lynn,Kidd Jr,Warren Lynn,Kidd Jr,W,K,W,K,W. Kidd Jr,TOFAŞ,TOF,W. Kidd Jr,15,,,,,,REB,,TOFAŞ rebound defensive,,,,,,,,,0,200,2.0,def_reb,0,80,0,55
04:07,04:07:00,80,55,25,2,4,REGULAR,93,J. THOMASSON,1,turnover,686,,[],ballhandling,0,32,Joseph ,Thomasson,Joseph ,Thomasson,J,T,J,T,J. Thomasson,TOFAŞ,TOF,J. Thomasson,32,,,,,,TO,,TOFAŞ J. THOMASSON turnover ballhandling,,,,,,,,,0,201,1.0,turnover,0,80,0,55
04:07,04:07:00,80,55,25,1,4,REGULAR,22,T. THURMAN,1,steal,687,686,[],,0,15,Tre'shawn,Thurman,Tre'shawn,Thurman,T,T,T,T,T. Thurman,ESENLER EROKSPOR,ERK,T. Thurman,15,,,,,,ST,,ESENLER EROKSPOR T. THURMAN steal,,,,,,,,,0,202,2.0,,0,80,0,55
04:02,04:02:00,82,55,27,1,4,REGULAR,28,J. LOVE,1,2pt,688,,"['fromturnover', 'fastbreak']",jumpshot,1,22,Jermaine,Love,Jermaine,Love,J,L,J,L,J. Love,ESENLER EROKSPOR,ERK,J. Love,22,,,84.089996337891,75.98999786377,1.0,P2,made,ESENLER EROKSPOR J. LOVE 2Pt made,19.0,1.0,A. DUVERIOGLU,,,,,,2,202,2.0,score,2,82,0,55
04:02,04:02:00,82,55,27,1,4,REGULAR,19,A. DUVERIOGLU,1,assist,689,688,[],,0,44,Ahmet,Duverioglu,Ahmet,Duverioglu,A,D,A,D,A. Duverioglu,ESENLER EROKSPOR,ERK,A. Duverioglu,44,,,,,,ASS,,ESENLER EROKSPOR A. DUVERIOGLU assist,,,,,,,,,0,203,1.0,,0,82,0,55
03:39,03:39:00,82,58,24,2,4,REGULAR,93,J. THOMASSON,1,3pt,690,,[],jumpshot,1,32,Joseph ,Thomasson,Joseph ,Thomasson,J,T,J,T,J. Thomasson,TOFAŞ,TOF,J. Thomasson,32,,,20.89999961853,90.110000610352,1.0,P3,made,TOFAŞ J. THOMASSON 3Pt made,89.0,2.0,A. PEREZ,,,,,,3,203,1.0,score,0,82,3,58
03:39,03:39:00,82,58,24,2,4,REGULAR,89,A. PEREZ,1,assist,691,690,[],,0,2,Alex Daniel,Perez,Alex Daniel,Perez,A,P,A,P,A. Perez,TOFAŞ,TOF,A. Perez,2,,,,,,ASS,,TOFAŞ A. PEREZ assist,,,,,,,,,0,204,2.0,,0,82,0,58
03:14,03:14:00,82,58,24,1,4,REGULAR,19,A. DUVERIOGLU,0,2pt,694,,['pointsinthepaint'],layup,1,44,Ahmet,Duverioglu,Ahmet,Duverioglu,A,D,A,D,A. Duverioglu,ESENLER EROKSPOR,ERK,A. Duverioglu,44,,,92.819999694824,61.580001831055,0.0,P2,missed,ESENLER EROKSPOR A. DUVERIOGLU 2Pt missed,,,,,,,,,0,204,2.0,def_reb,0,82,0,58
03:11,03:11:00,82,58,24,2,4,REGULAR,94,W. KIDD JR,1,rebound,695,694,[],defensive,0,15,Warren Lynn,Kidd Jr,Warren Lynn,Kidd Jr,W,K,W,K,W. Kidd Jr,TOFAŞ,TOF,W. Kidd Jr,15,,,,,,REB,,TOFAŞ rebound defensive,,,,,,,,,0,205,1.0,def_reb,0,82,0,58
03:09,03:09:00,82,58,24,2,4,REGULAR,55,T. GEÇIM,1,turnover,696,,[],badpass,0,8,Tolga,Geçim,Tolga,Geçim,T,G,T,G,T. Geçim,TOFAŞ,TOF,T. Geçim,8,,,,,,TO,,TOFAŞ T. GEÇIM turnover badpass,,,,,,,,,0,206,2.0,turnover,0,82,0,58
03:09,03:09:00,82,58,24,1,4,REGULAR,19,A. DUVERIOGLU,1,steal,697,696,[],,0,44,Ahmet,Duverioglu,Ahmet,Duverioglu,A,D,A,D,A. Duverioglu,ESENLER EROKSPOR,ERK,A. Duverioglu,44,,,,,,ST,,ESENLER EROKSPOR A. DUVERIOGLU steal,,,,,,,,,0,207,1.0,,0,82,0,58
03:05,03:05:00,84,58,26,1,4,REGULAR,22,T. THURMAN,1,2pt,698,,"['fromturnover', 'pointsinthepaint', 'fastbreak']",dunk,1,15,Tre'shawn,Thurman,Tre'shawn,Thurman,T,T,T,T,T. Thurman,ESENLER EROKSPOR,ERK,T. Thurman,15,,,92.819999694824,47.740001678467,1.0,P2,made,ESENLER EROKSPOR T. THURMAN 2Pt made,26.0,1.0,J. CRAWFORD,,,,,,2,207,1.0,score,2,84,0,58
03:05,03:05:00,84,58,26,1,4,REGULAR,26,J. CRAWFORD,1,assist,699,698,[],,0,1,Jordon,Crawford,Jordon,Crawford,J,C,J,C,J. Crawford,ESENLER EROKSPOR,ERK,J. Crawford,1,,,,,,ASS,,ESENLER EROKSPOR J. CRAWFORD assist,,,,,,,,,0,208,2.0,,0,84,0,58
02:49,02:49:00,84,61,23,2,4,REGULAR,89,A. PEREZ,1,3pt,700,,['fastbreak'],jumpshot,1,2,Alex Daniel,Perez,Alex Daniel,Perez,A,P,A,P,A. Perez,TOFAŞ,TOF,A. Perez,2,,,17.940000534058,91.23999786377,1.0,P3,made,TOFAŞ A. PEREZ 3Pt made,,,,,,,,,3,208,2.0,score,0,84,3,61
02:25,02:25:00,84,61,23,1,4,REGULAR,26,J. CRAWFORD,0,2pt,701,,['pointsinthepaint'],layup,1,1,Jordon,Crawford,Jordon,Crawford,J,C,J,C,J. Crawford,ESENLER EROKSPOR,ERK,J. Crawford,1,,,88.300003051758,51.689998626709,0.0,P2,missed,ESENLER EROKSPOR J. CRAWFORD 2Pt missed,,,,,,,,,0,209,1.0,,0,84,0,61
02:22,02:22:00,84,61,23,1,4,REGULAR,19,A. DUVERIOGLU,1,rebound,702,701,[],offensive,0,44,Ahmet,Duverioglu,Ahmet,Duverioglu,A,D,A,D,A. Duverioglu,ESENLER EROKSPOR,ERK,A. Duverioglu,44,,,,,,REB,,ESENLER EROKSPOR rebound offensive,,,,,,,,,0,209,1.0,,0,84,0,61
02:22,02:22:00,86,61,25,1,4,REGULAR,19,A. DUVERIOGLU,1,2pt,703,,"['2ndchance', 'pointsinthepaint']",tipinlayup,1,44,Ahmet,Duverioglu,Ahmet,Duverioglu,A,D,A,D,A. Duverioglu,ESENLER EROKSPOR,ERK,A. Duverioglu,44,,,94.0,50.0,1.0,P2,made,ESENLER EROKSPOR A. DUVERIOGLU 2Pt made,,,,,,,,,2,209,1.0,score,2,86,0,61
02:21,02:21:00,86,61,25,1,4,REGULAR,20,E. ARNA,1,substitution,705,,[],out,0,18,Egehan,Arna,Egehan,Arna,E,A,E,A,E. Arna,ESENLER EROKSPOR,ERK,E. Arna,18,,,,,,SUB,out,ESENLER EROKSPOR substitution out,,,,,,,,,0,210,2.0,,0,86,0,61
02:21,02:21:00,86,61,25,1,4,REGULAR,21,E. GAZI,1,substitution,706,,[],in,0,7,Erten,Gazi,Erten,Gazi,E,G,E,G,E. Gazi,ESENLER EROKSPOR,ERK,E. Gazi,7,,,,,,SUB,in,ESENLER EROKSPOR substitution in,,,,,,,,,0,210,2.0,,0,86,0,61
02:21,02:21:00,86,61,25,2,4,REGULAR,93,J. THOMASSON,1,substitution,707,,[],out,0,32,Joseph ,Thomasson,Joseph ,Thomasson,J,T,J,T,J. Thomasson,TOFAŞ,TOF,J. Thomasson,32,,,,,,SUB,out,TOFAŞ substitution out,,,,,,,,,0,210,2.0,,0,86,0,61
02:21,02:21:00,86,61,25,2,4,REGULAR,91,M. LEWIS III,1,substitution,708,,[],in,0,21,Maxwell Robert ,Lewis Iii,Maxwell Robert ,Lewis Iii,M,L,M,L,M. Lewis Iii,TOFAŞ,TOF,M. Lewis Iii,21,,,,,,SUB,in,TOFAŞ substitution in,,,,,,,,,0,210,2.0,,0,86,0,61
01:59,01:59:00,86,61,25,2,4,REGULAR,89,A. PEREZ,0,3pt,712,,[],jumpshot,1,2,Alex Daniel,Perez,Alex Daniel,Perez,A,P,A,P,A. Perez,TOFAŞ,TOF,A. Perez,2,,,6.5500001907349,3.6700000762939,0.0,P3,missed,TOFAŞ A. PEREZ 3Pt missed,,,,,,,,,0,210,2.0,def_reb,0,86,0,61
01:56,01:56:00,86,61,25,1,4,REGULAR,28,J. LOVE,1,rebound,713,712,[],defensive,0,22,Jermaine,Love,Jermaine,Love,J,L,J,L,J. Love,ESENLER EROKSPOR,ERK,J. Love,22,,,,,,REB,,ESENLER EROKSPOR rebound defensive,,,,,,,,,0,211,1.0,def_reb,0,86,0,61
01:54,01:54:00,89,61,28,1,4,REGULAR,26,J. CRAWFORD,1,3pt,714,,['fastbreak'],jumpshot,1,1,Jordon,Crawford,Jordon,Crawford,J,C,J,C,J. Crawford,ESENLER EROKSPOR,ERK,J. Crawford,1,,,74.569999694824,82.199996948242,1.0,P3,made,ESENLER EROKSPOR J. CRAWFORD 3Pt made,28.0,1.0,J. LOVE,,,,,,3,212,2.0,score,3,89,0,61
01:54,01:54:00,89,61,28,1,4,REGULAR,28,J. LOVE,1,assist,716,714,[],,0,22,Jermaine,Love,Jermaine,Love,J,L,J,L,J. Love,ESENLER EROKSPOR,ERK,J. Love,22,,,,,,ASS,,ESENLER EROKSPOR J. LOVE assist,,,,,,,,,0,213,1.0,,0,89,0,61
01:37,01:37:00,89,64,25,2,4,REGULAR,66,Y. SAYBIR,1,3pt,719,,[],jumpshot,1,3,Yigitcan,Saybir,Yigitcan,Saybir,Y,S,Y,S,Y. Saybir,TOFAŞ,TOF,Y. Saybir,3,,,26.989999771118,21.469999313354,1.0,P3,made,TOFAŞ Y. SAYBIR 3Pt made,55.0,2.0,T. GEÇIM,,,,,,3,213,1.0,score,0,89,3,64
01:37,01:37:00,89,64,25,2,4,REGULAR,55,T. GEÇIM,1,assist,720,719,[],,0,8,Tolga,Geçim,Tolga,Geçim,T,G,T,G,T. Geçim,TOFAŞ,TOF,T. Geçim,8,,,,,,ASS,,TOFAŞ T. GEÇIM assist,,,,,,,,,0,214,2.0,,0,89,0,64
01:33,01:33:00,89,64,25,1,4,REGULAR,19,A. DUVERIOGLU,1,substitution,723,,[],out,0,44,Ahmet,Duverioglu,Ahmet,Duverioglu,A,D,A,D,A. Duverioglu,ESENLER EROKSPOR,ERK,A. Duverioglu,44,,,,,,SUB,out,ESENLER EROKSPOR substitution out,,,,,,,,,0,214,2.0,,0,89,0,64
01:33,01:33:00,89,64,25,1,4,REGULAR,17,M. AKYEL,1,substitution,724,,[],in,0,41,Metehan,Akyel,Metehan,Akyel,M,A,M,A,M. Akyel,ESENLER EROKSPOR,ERK,M. Akyel,41,,,,,,SUB,in,ESENLER EROKSPOR substitution in,,,,,,,,,0,214,2.0,,0,89,0,64
01:33,01:33:00,89,64,25,2,4,REGULAR,66,Y. SAYBIR,1,substitution,725,,[],out,0,3,Yigitcan,Saybir,Yigitcan,Saybir,Y,S,Y,S,Y. Saybir,TOFAŞ,TOF,Y. Saybir,3,,,,,,SUB,out,TOFAŞ substitution out,,,,,,,,,0,214,2.0,,0,89,0,64
01:33,01:33:00,89,64,25,2,4,REGULAR,92,S. WHALEY,1,substitution,726,,[],in,0,5,Shaqwan Malic,Whaley,Shaqwan Malic,Whaley,S,W,S,W,S. Whaley,TOFAŞ,TOF,S. Whaley,5,,,,,,SUB,in,TOFAŞ substitution in,,,,,,,,,0,214,2.0,,0,89,0,64
01:09,01:09:00,89,64,25,1,4,REGULAR,17,M. AKYEL,0,2pt,728,,[],jumpshot,1,41,Metehan,Akyel,Metehan,Akyel,M,A,M,A,M. Akyel,ESENLER EROKSPOR,ERK,M. Akyel,41,,,95.160003662109,89.269996643066,0.0,P2,missed,ESENLER EROKSPOR M. AKYEL 2Pt missed,,,,,,,,,0,214,2.0,def_reb,0,89,0,64
01:07,01:07:00,89,64,25,2,4,REGULAR,55,T. GEÇIM,1,rebound,729,728,[],defensive,0,8,Tolga,Geçim,Tolga,Geçim,T,G,T,G,T. Geçim,TOFAŞ,TOF,T. Geçim,8,,,,,,REB,,TOFAŞ rebound defensive,,,,,,,,,0,215,1.0,def_reb,0,89,0,64
00:53,00:53:50,89,66,23,2,4,REGULAR,94,W. KIDD JR,1,2pt,731,,['pointsinthepaint'],hookshot,1,15,Warren Lynn,Kidd Jr,Warren Lynn,Kidd Jr,W,K,W,K,W. Kidd Jr,TOFAŞ,TOF,W. Kidd Jr,15,,,10.609999656677,56.209999084473,1.0,P2,made,TOFAŞ W. KIDD JR 2Pt made,,,,,,,,,2,216,2.0,score,0,89,2,66
00:38,00:38:90,89,66,23,1,4,REGULAR,22,T. THURMAN,1,turnover,735,,[],ballhandling,0,15,Tre'shawn,Thurman,Tre'shawn,Thurman,T,T,T,T,T. Thurman,ESENLER EROKSPOR,ERK,T. Thurman,15,,,,,,TO,,ESENLER EROKSPOR T. THURMAN turnover ballhandling,,,,,,,,,0,217,1.0,turnover,0,89,0,66
00:38,00:38:90,89,66,23,2,4,REGULAR,92,S. WHALEY,1,steal,737,735,[],,0,5,Shaqwan Malic,Whaley,Shaqwan Malic,Whaley,S,W,S,W,S. Whaley,TOFAŞ,TOF,S. Whaley,5,,,,,,ST,,TOFAŞ S. WHALEY steal,,,,,,,,,0,218,2.0,,0,89,0,66
00:35,00:35:60,89,68,21,2,4,REGULAR,92,S. WHALEY,1,2pt,739,,"['fromturnover', 'pointsinthepaint', 'fastbreak']",dunk,1,5,Shaqwan Malic,Whaley,Shaqwan Malic,Whaley,S,W,S,W,S. Whaley,TOFAŞ,TOF,S. Whaley,5,,,6.0799999237061,53.389999389648,1.0,P2,made,TOFAŞ S. WHALEY 2Pt made,,,,,,,,,2,218,2.0,score,0,89,2,68
00:35,00:35:30,89,68,21,2,4,REGULAR,89,A. PEREZ,1,substitution,741,,[],out,0,2,Alex Daniel,Perez,Alex Daniel,Perez,A,P,A,P,A. Perez,TOFAŞ,TOF,A. Perez,2,,,,,,SUB,out,TOFAŞ substitution out,,,,,,,,,0,219,1.0,,0,89,0,68
00:35,00:35:30,89,68,21,2,4,REGULAR,67,Ö. CENGIZ,1,substitution,742,,[],in,0,1,Özgür,Cengiz,Özgür,Cengiz,Ö,C,Ö,C,Ö. Cengiz,TOFAŞ,TOF,Ö. Cengiz,1,,,,,,SUB,in,TOFAŞ substitution in,,,,,,,,,0,219,1.0,,0,89,0,68
00:35,00:35:30,89,68,21,1,4,REGULAR,22,T. THURMAN,1,foul,743,,['2freethrow'],unsportsmanlike,0,15,Tre'shawn,Thurman,Tre'shawn,Thurman,T,T,T,T,T. Thurman,ESENLER EROKSPOR,ERK,T. Thurman,15,,,,,,FOUL,,ESENLER EROKSPOR T. THURMAN foul unsportsmanlike,,,,,,,,,0,219,1.0,,0,89,0,68
00:35,00:35:30,89,68,21,1,4,REGULAR,22,T. THURMAN,1,turnover,744,743,[],offensive,0,15,Tre'shawn,Thurman,Tre'shawn,Thurman,T,T,T,T,T. Thurman,ESENLER EROKSPOR,ERK,T. Thurman,15,,,,,,TO,,ESENLER EROKSPOR T. THURMAN turnover offensive,,,,,,,,,0,219,1.0,turnover,0,89,0,68
00:35,00:35:30,89,68,21,2,4,REGULAR,89,A. PEREZ,1,foulon,745,743,[],,0,2,Alex Daniel,Perez,Alex Daniel,Perez,A,P,A,P,A. Perez,TOFAŞ,TOF,A. Perez,2,,,,,,OTHER,,TOFAŞ foulon,,,,,,,,,0,220,2.0,,0,89,0,68
00:35,00:35:30,89,69,20,2,4,REGULAR,67,Ö. CENGIZ,1,freethrow,746,,['fromturnover'],1of2,1,1,Özgür,Cengiz,Özgür,Cengiz,Ö,C,Ö,C,Ö. Cengiz,TOFAŞ,TOF,Ö. Cengiz,1,,,,,,FT,made,TOFAŞ Ö. CENGIZ FT 1of2 made,,,,,,,,,1,220,2.0,made_ft,0,89,1,69
00:35,00:35:30,89,70,19,2,4,REGULAR,67,Ö. CENGIZ,1,freethrow,747,,['fromturnover'],2of2,1,1,Özgür,Cengiz,Özgür,Cengiz,Ö,C,Ö,C,Ö. Cengiz,TOFAŞ,TOF,Ö. Cengiz,1,,,,,,FT,made,TOFAŞ Ö. CENGIZ FT 2of2 made,,,,,,,,,1,221,1.0,made_ft_last,0,89,1,70
00:18,00:18:70,89,70,19,1,4,REGULAR,26,J. CRAWFORD,0,2pt,750,,['pointsinthepaint'],layup,1,1,Jordon,Crawford,Jordon,Crawford,J,C,J,C,J. Crawford,ESENLER EROKSPOR,ERK,J. Crawford,1,,,89.389999389648,60.729999542236,0.0,P2,missed,ESENLER EROKSPOR J. CRAWFORD 2Pt missed,,,,,,,,,0,222,2.0,def_reb,0,89,0,70
00:18,00:18:70,89,70,19,1,4,REGULAR,0,,1,rebound,752,750,['team'],offensive,0,,,,,,,,,,,ESENLER EROKSPOR,ERK,,,,,,,,TREB,,ESENLER EROKSPOR team rebound offensive,,,,,,,,,0,223,1.0,def_reb,0,89,0,70
00:15,00:15:30,92,70,22,1,4,REGULAR,22,T. THURMAN,1,3pt,755,,['2ndchance'],jumpshot,1,15,Tre'shawn,Thurman,Tre'shawn,Thurman,T,T,T,T,T. Thurman,ESENLER EROKSPOR,ERK,T. Thurman,15,,,68.330001831055,74.290000915527,1.0,P3,made,ESENLER EROKSPOR T. THURMAN 3Pt made,17.0,1.0,M. AKYEL,,,,,,3,224,2.0,score,3,92,0,70
00:15,00:15:30,92,70,22,1,4,REGULAR,17,M. AKYEL,1,assist,756,755,[],,0,41,Metehan,Akyel,Metehan,Akyel,M,A,M,A,M. Akyel,ESENLER EROKSPOR,ERK,M. Akyel,41,,,,,,ASS,,ESENLER EROKSPOR M. AKYEL assist,,,,,,,,,0,225,1.0,,0,92,0,70
00:03,00:03:50,92,70,22,2,4,REGULAR,55,T. GEÇIM,0,3pt,759,,[],jumpshot,1,8,Tolga,Geçim,Tolga,Geçim,T,G,T,G,T. Geçim,TOFAŞ,TOF,T. Geçim,8,,,11.079999923706,4.5199999809265,0.0,P3,missed,TOFAŞ T. GEÇIM 3Pt missed,,,,,,,,,0,225,1.0,def_reb,0,92,0,70
00:01,00:01:70,92,70,22,1,4,REGULAR,17,M. AKYEL,1,rebound,761,759,[],defensive,0,41,Metehan,Akyel,Metehan,Akyel,M,A,M,A,M. Akyel,ESENLER EROKSPOR,ERK,M. Akyel,41,,,,,,REB,,ESENLER EROKSPOR rebound defensive,,,,,,,,,0,226,2.0,def_reb,0,92,0,70
00:00,00:00:00,92,70,22,0,4,REGULAR,0,,1,period,763,,['confirmed'],end,0,,,,,,,,,,,,,,,,,,,,OTHER,,period end,,,,,,,,,0,227,1.0,,0,92,0,70
00:00,00:00:00,92,70,22,0,4,REGULAR,0,,1,game,764,,['confirmed'],end,0,,,,,,,,,,,,,,,,,,,,OTHER,,game end,,,,,,,,,0,227,1.0,,0,92,0,70
