gt,clock,s1,s2,lead,tno,period,periodType,pno,player,success,actionType,actionNumber,previousAction,qualifier,subType,scoring,shirtNumber,firstName,familyName,internationalFirstName,internationalFamilyName,firstNameInitial,familyNameInitial,internationalFirstNameInitial,internationalFamilyNameInitial,scoreboardName,team_name,team_code,player_name_from_roster,player_shirt,player_pos_raw,player_pos_group,x,y,r,ev_code,ev_result,ev_text,assist_pno,assist_tno,assist_player,block_pno,block_tno,block_player,assist_pos_group,block_pos_group,points,possession_id,possession_owner_tno,possession_end_reason,pts_1,cum_1,pts_2,cum_2
10:00,10:00:00,0,0,0,0,1,REGULAR,0,,1,game,1,,[],start,0,,,,,,,,,,,,,,,,,,,,OTHER,,game start,,,,,,,,,0,0,,,0,0,0,0
10:00,10:00:00,0,0,0,0,1,REGULAR,0,,1,period,2,,[],start,0,,,,,,,,,,,,,,,,,,,,OTHER,,period start,,,,,,,,,0,0,,,0,0,0,0
10:00,10:00:00,0,0,0,0,1,REGULAR,0,,1,jumpball,4,,[],startperiod,0,,,,,,,,,,,,,,,,,,,,JUMP,,jump ball,,,,,,,,,0,0,,,0,0,0,0
09:59,09:59:00,0,0,0,1,1,REGULAR,73,B. DESSERT,1,jumpball,5,4,[],won,0,13,Brice,Dessert,Brice,Dessert,B,D,B,D,B. Dessert,ANADOLU EFES,EFS,B. Dessert,13,,,,,,JUMP,,jump ball,,,,,,,,,0,0,,,0,0,0,0
09:59,09:59:00,0,0,0,2,1,REGULAR,3,E. TANISAN,1,jumpball,6,4,[],lost,0,0,Emre,Tanisan,Emre,Tanisan,E,T,E,T,E. Tanisan,YUKATEL MERKEZEFENDI BELEDIYESI BASKET,YMB,E. Tanisan,0,,,,,,JUMP,,jump ball,,,,,,,,,0,0,,,0,0,0,0
09:45,09:45:00,3,0,3,1,1,REGULAR,88,I. CORDINIER,1,3pt,7,,[],jumpshot,1,10,Isaia,Cordinier,Isaia,Cordinier,I,C,I,C,I. Cordinier,ANADOLU EFES,EFS,I. Cordinier,10,,,22.959999084473,90.51000213623,1.0,P3,made,ANADOLU EFES I. CORDINIER 3Pt made,89.0,1.0,E. OSMANI,,,,,,3,1,1.0,score,3,3,0,0
09:45,09:45:00,3,0,3,1,1,REGULAR,89,E. OSMANI,1,assist,8,7,[],,0,24,Ercan,Osmani,Ercan,Osmani,E,O,E,O,E. Osmani,ANADOLU EFES,EFS,E. Osmani,24,,,,,,ASS,,ANADOLU EFES E. OSMANI assist,,,,,,,,,0,2,2.0,,0,3,0,0
09:18,09:18:00,3,3,0,2,1,REGULAR,3,E. TANISAN,1,3pt,9,,[],jumpshot,1,0,Emre,Tanisan,Emre,Tanisan,E,T,E,T,E. Tanisan,YUKATEL MERKEZEFENDI BELEDIYESI BASKET,YMB,E. Tanisan,0,,,69.449996948242,35.709999084473,1.0,P3,made,YUKATEL MERKEZEFENDI BELEDIYESI BASKET E. TANISAN 3Pt made,5.0,2.0,M. AGVA,,,,,,3,2,2.0,score,0,3,3,3
09:18,09:18:00,3,3,0,2,1,REGULAR,5,M. AGVA,1,assist,10,9,[],,0,46,Mahir,Agva,Mahir,Agva,M,A,M,A,M. Agva,YUKATEL MERKEZEFENDI BELEDIYESI BASKET,YMB,M. Agva,46,,,,,,ASS,,YUKATEL MERKEZEFENDI BELEDIYESI BASKET M. AGVA assist,,,,,,,,,0,3,1.0,,0,3,0,3
08:58,08:58:00,3,3,0,2,1,REGULAR,5,M. AGVA,1,foul,14,,"['shooting', '2freethrow']",personal,0,46,Mahir,Agva,Mahir,Agva,M,A,M,A,M. Agva,YUKATEL MERKEZEFENDI BELEDIYESI BASKET,YMB,M. Agva,46,,,,,,FOUL,,YUKATEL MERKEZEFENDI BELEDIYESI BASKET M. AGVA foul personal,,,,,,,,,0,3,1.0,,0,3,0,3
08:58,08:58:00,3,3,0,1,1,REGULAR,73,B. DESSERT,1,foulon,15,14,[],,0,13,Brice,Dessert,Brice,Dessert,B,D,B,D,B. Dessert,ANADOLU EFES,EFS,B. Dessert,13,,,,,,OTHER,,ANADOLU EFES foulon,,,,,,,,,0,3,1.0,,0,3,0,3
08:58,08:58:00,4,3,1,1,1,REGULAR,73,B. DESSERT,1,freethrow,16,,[],1of2,1,13,Brice,Dessert,Brice,Dessert,B,D,B,D,B. Dessert,ANADOLU EFES,EFS,B. Dessert,13,,,,,,FT,made,ANADOLU EFES B. DESSERT FT 1of2 made,,,,,,,,,1,3,1.0,made_ft,1,4,0,3
08:58,08:58:00,4,3,1,1,1,REGULAR,80,E. YILMAZ,1,assist,17,16,[],,0,33,Erkan,Yilmaz,Erkan,Yilmaz,E,Y,E,Y,E. Yilmaz,ANADOLU EFES,EFS,E. Yilmaz,33,,,,,,ASS,,ANADOLU EFES E. YILMAZ assist,,,,,,,,,0,4,2.0,,0,4,0,3
08:58,08:58:00,5,3,2,1,1,REGULAR,73,B. DESSERT,1,freethrow,18,,[],2of2,1,13,Brice,Dessert,Brice,Dessert,B,D,B,D,B. Dessert,ANADOLU EFES,EFS,B. Dessert,13,,,,,,FT,made,ANADOLU EFES B. DESSERT FT 2of2 made,,,,,,,,,1,4,2.0,made_ft_last,1,5,0,3
08:42,08:42:00,5,5,0,2,1,REGULAR,5,M. AGVA,1,2pt,20,,[],jumpshot,1,46,Mahir,Agva,Mahir,Agva,M,A,M,A,M. Agva,YUKATEL MERKEZEFENDI BELEDIYESI BASKET,YMB,M. Agva,46,,,72.889999389648,52.659999847412,1.0,P2,made,YUKATEL MERKEZEFENDI BELEDIYESI BASKET M. AGVA 2Pt made,11.0,2.0,S. GRIFFIN,,,,,,2,5,1.0,score,0,5,2,5
08:42,08:42:00,5,5,0,2,1,REGULAR,11,S. GRIFFIN,1,assist,21,20,[],,0,1,Samuel Gevaris,Griffin,Samuel Gevaris,Griffin,S,G,S,G,S. Griffin,YUKATEL MERKEZEFENDI BELEDIYESI BASKET,YMB,S. Griffin,1,,,,,,ASS,,YUKATEL MERKEZEFENDI BELEDIYESI BASKET S. GRIFFIN assist,,,,,,,,,0,6,2.0,,0,5,0,5
08:27,08:27:00,7,5,2,1,1,REGULAR,89,E. OSMANI,1,2pt,22,,['pointsinthepaint'],layup,1,24,Ercan,Osmani,Ercan,Osmani,E,O,E,O,E. Osmani,ANADOLU EFES,EFS,E. Osmani,24,,,9.2399997711182,53.790000915527,1.0,P2,made,ANADOLU EFES E. OSMANI 2Pt made,,,,,,,,,2,6,2.0,score,2,7,0,5
08:13,08:13:00,7,5,2,2,1,REGULAR,11,S. GRIFFIN,0,2pt,23,,"['pointsinthepaint', 'blocked']",layup,1,1,Samuel Gevaris,Griffin,Samuel Gevaris,Griffin,S,G,S,G,S. Griffin,YUKATEL MERKEZEFENDI BELEDIYESI BASKET,YMB,S. Griffin,1,,,87.860000610352,53.790000915527,0.0,P2,missed,YUKATEL MERKEZEFENDI BELEDIYESI BASKET S. GRIFFIN 2Pt missed,,,,73.0,1.0,B. DESSERT,,,0,7,1.0,,0,7,0,5
08:13,08:13:00,7,5,2,1,1,REGULAR,73,B. DESSERT,1,block,25,23,[],,0,13,Brice,Dessert,Brice,Dessert,B,D,B,D,B. Dessert,ANADOLU EFES,EFS,B. Dessert,13,,,,,,BS,,ANADOLU EFES B. DESSERT block,,,,,,,,,0,7,1.0,,0,7,0,5
08:12,08:12:00,7,5,2,2,1,REGULAR,0,,1,rebound,26,23,['team'],offensive,0,,,,,,,,,,,YUKATEL MERKEZEFENDI BELEDIYESI BASKET,YMB,,,,,,,,TREB,,YUKATEL MERKEZEFENDI BELEDIYESI BASKET team rebound offensive,,,,,,,,,0,7,1.0,def_reb,0,7,0,5
08:07,08:07:00,7,5,2,2,1,REGULAR,5,M. AGVA,1,turnover,29,,[],badpass,0,46,Mahir,Agva,Mahir,Agva,M,A,M,A,M. Agva,YUKATEL MERKEZEFENDI BELEDIYESI BASKET,YMB,M. Agva,46,,,,,,TO,,YUKATEL MERKEZEFENDI BELEDIYESI BASKET M. AGVA turnover badpass,,,,,,,,,0,8,2.0,turnover,0,7,0,5
07:51,07:51:00,7,5,2,2,1,REGULAR,5,M. AGVA,1,foul,34,,"['shooting', '2freethrow']",personal,0,46,Mahir,Agva,Mahir,Agva,M,A,M,A,M. Agva,YUKATEL MERKEZEFENDI BELEDIYESI BASKET,YMB,M. Agva,46,,,,,,FOUL,,YUKATEL MERKEZEFENDI BELEDIYESI BASKET M. AGVA foul personal,,,,,,,,,0,9,1.0,,0,7,0,5
07:51,07:51:00,7,5,2,1,1,REGULAR,89,E. OSMANI,1,foulon,35,34,[],,0,24,Ercan,Osmani,Ercan,Osmani,E,O,E,O,E. Osmani,ANADOLU EFES,EFS,E. Osmani,24,,,,,,OTHER,,ANADOLU EFES foulon,,,,,,,,,0,9,1.0,,0,7,0,5
07:51,07:51:00,8,5,3,1,1,REGULAR,89,E. OSMANI,1,freethrow,36,,['fromturnover'],1of2,1,24,Ercan,Osmani,Ercan,Osmani,E,O,E,O,E. Osmani,ANADOLU EFES,EFS,E. Osmani,24,,,,,,FT,made,ANADOLU EFES E. OSMANI FT 1of2 made,,,,,,,,,1,9,1.0,made_ft,1,8,0,5
07:51,07:51:00,8,5,3,1,1,REGULAR,88,I. CORDINIER,1,assist,37,36,[],,0,10,Isaia,Cordinier,Isaia,Cordinier,I,C,I,C,I. Cordinier,ANADOLU EFES,EFS,I. Cordinier,10,,,,,,ASS,,ANADOLU EFES I. CORDINIER assist,,,,,,,,,0,10,2.0,,0,8,0,5
07:51,07:51:00,9,5,4,1,1,REGULAR,89,E. OSMANI,1,freethrow,38,,['fromturnover'],2of2,1,24,Ercan,Osmani,Ercan,Osmani,E,O,E,O,E. Osmani,ANADOLU EFES,EFS,E. Osmani,24,,,,,,FT,made,ANADOLU EFES E. OSMANI FT 2of2 made,,,,,,,,,1,10,2.0,made_ft_last,1,9,0,5
07:51,07:51:00,9,5,4,2,1,REGULAR,5,M. AGVA,1,substitution,39,,[],out,0,46,Mahir,Agva,Mahir,Agva,M,A,M,A,M. Agva,YUKATEL MERKEZEFENDI BELEDIYESI BASKET,YMB,M. Agva,46,,,,,,SUB,out,YUKATEL MERKEZEFENDI BELEDIYESI BASKET substitution out,,,,,,,,,0,11,1.0,,0,9,0,5
07:51,07:51:00,9,5,4,2,1,REGULAR,10,J. ROBERTS,1,substitution,40,,[],in,0,23,Joshua Artee,Roberts,Joshua Artee,Roberts,J,R,J,R,J. Roberts,YUKATEL MERKEZEFENDI BELEDIYESI BASKET,YMB,J. Roberts,23,,,,,,SUB,in,YUKATEL MERKEZEFENDI BELEDIYESI BASKET substitution in,,,,,,,,,0,11,1.0,,0,9,0,5
07:38,07:38:00,9,5,4,2,1,REGULAR,11,S. GRIFFIN,0,2pt,44,,[],jumpshot,1,1,Samuel Gevaris,Griffin,Samuel Gevaris,Griffin,S,G,S,G,S. Griffin,YUKATEL MERKEZEFENDI BELEDIYESI BASKET,YMB,S. Griffin,1,,,83.809997558594,80.620002746582,0.0,P2,missed,YUKATEL MERKEZEFENDI BELEDIYESI BASKET S. GRIFFIN 2Pt missed,,,,,,,,,0,11,1.0,def_reb,0,9,0,5
07:36,07:36:00,9,5,4,1,1,REGULAR,80,E. YILMAZ,1,rebound,45,44,[],defensive,0,33,Erkan,Yilmaz,Erkan,Yilmaz,E,Y,E,Y,E. Yilmaz,ANADOLU EFES,EFS,E. Yilmaz,33,,,,,,REB,,ANADOLU EFES rebound defensive,,,,,,,,,0,12,2.0,def_reb,0,9,0,5
07:22,07:22:00,9,5,4,1,1,REGULAR,89,E. OSMANI,1,turnover,49,,[],badpass,0,24,Ercan,Osmani,Ercan,Osmani,E,O,E,O,E. Osmani,ANADOLU EFES,EFS,E. Osmani,24,,,,,,TO,,ANADOLU EFES E. OSMANI turnover badpass,,,,,,,,,0,13,1.0,turnover,0,9,0,5
07:10,07:10:00,9,8,1,2,1,REGULAR,21,K. SMITH JR,1,3pt,51,,['fromturnover'],jumpshot,1,4,Kenneth Jerome,Smith Jr,Kenneth Jerome,Smith Jr,K,S,K,S,K. Smith Jr,YUKATEL MERKEZEFENDI BELEDIYESI BASKET,YMB,K. Smith Jr,4,,,68.050003051758,28.360000610352,1.0,P3,made,YUKATEL MERKEZEFENDI BELEDIYESI BASKET K. SMITH JR 3Pt made,12.0,2.0,M. CAZALON,,,,,,3,14,2.0,score,0,9,3,8
07:10,07:10:00,9,8,1,2,1,REGULAR,12,M. CAZALON,1,assist,52,51,[],,0,21,Malcolm Jean Ahmed,Cazalon,Malcolm Jean Ahmed,Cazalon,M,C,M,C,M. Cazalon,YUKATEL MERKEZEFENDI BELEDIYESI BASKET,YMB,M. Cazalon,21,,,,,,ASS,,YUKATEL MERKEZEFENDI BELEDIYESI BASKET M. CAZALON assist,,,,,,,,,0,15,1.0,,0,9,0,8
06:51,06:51:00,9,8,1,1,1,REGULAR,89,E. OSMANI,0,2pt,53,,['pointsinthepaint'],layup,1,24,Ercan,Osmani,Ercan,Osmani,E,O,E,O,E. Osmani,ANADOLU EFES,EFS,E. Osmani,24,,,10.800000190735,53.5,0.0,P2,missed,ANADOLU EFES E. OSMANI 2Pt missed,,,,,,,,,0,15,1.0,def_reb,0,9,0,8
06:48,06:48:00,9,8,1,2,1,REGULAR,12,M. CAZALON,1,rebound,54,53,[],defensive,0,21,Malcolm Jean Ahmed,Cazalon,Malcolm Jean Ahmed,Cazalon,M,C,M,C,M. Cazalon,YUKATEL MERKEZEFENDI BELEDIYESI BASKET,YMB,M. Cazalon,21,,,,,,REB,,YUKATEL MERKEZEFENDI BELEDIYESI BASKET rebound defensive,,,,,,,,,0,16,2.0,def_reb,0,9,0,8
06:43,06:43:00,9,8,1,2,1,REGULAR,21,K. SMITH JR,0,3pt,55,,[],jumpshot,1,4,Kenneth Jerome,Smith Jr,Kenneth Jerome,Smith Jr,K,S,K,S,K. Smith Jr,YUKATEL MERKEZEFENDI BELEDIYESI BASKET,YMB,K. Smith Jr,4,,,68.209999084473,79.48999786377,0.0,P3,missed,YUKATEL MERKEZEFENDI BELEDIYESI BASKET K. SMITH JR 3Pt missed,,,,,,,,,0,17,1.0,def_reb,0,9,0,8
06:40,06:40:00,9,8,1,1,1,REGULAR,80,E. YILMAZ,1,rebound,56,55,[],defensive,0,33,Erkan,Yilmaz,Erkan,Yilmaz,E,Y,E,Y,E. Yilmaz,ANADOLU EFES,EFS,E. Yilmaz,33,,,,,,REB,,ANADOLU EFES rebound defensive,,,,,,,,,0,18,2.0,def_reb,0,9,0,8
06:28,06:28:00,12,8,4,1,1,REGULAR,88,I. CORDINIER,1,3pt,57,,[],jumpshot,1,10,Isaia,Cordinier,Isaia,Cordinier,I,C,I,C,I. Cordinier,ANADOLU EFES,EFS,I. Cordinier,10,,,19.530000686646,7.1799998283386,1.0,P3,made,ANADOLU EFES I. CORDINIER 3Pt made,89.0,1.0,E. OSMANI,,,,,,3,19,1.0,score,3,12,0,8
06:28,06:28:00,12,8,4,1,1,REGULAR,89,E. OSMANI,1,assist,58,57,[],,0,24,Ercan,Osmani,Ercan,Osmani,E,O,E,O,E. Osmani,ANADOLU EFES,EFS,E. Osmani,24,,,,,,ASS,,ANADOLU EFES E. OSMANI assist,,,,,,,,,0,20,2.0,,0,12,0,8
06:23,06:23:00,12,8,4,2,1,REGULAR,21,K. SMITH JR,1,turnover,60,,[],badpass,0,4,Kenneth Jerome,Smith Jr,Kenneth Jerome,Smith Jr,K,S,K,S,K. Smith Jr,YUKATEL MERKEZEFENDI BELEDIYESI BASKET,YMB,K. Smith Jr,4,,,,,,TO,,YUKATEL MERKEZEFENDI BELEDIYESI BASKET K. SMITH JR turnover badpass,,,,,,,,,0,20,2.0,turnover,0,12,0,8
06:05,06:05:00,14,8,6,1,1,REGULAR,80,E. YILMAZ,1,2pt,63,,"['fromturnover', 'pointsinthepaint']",layup,1,33,Erkan,Yilmaz,Erkan,Yilmaz,E,Y,E,Y,E. Yilmaz,ANADOLU EFES,EFS,E. Yilmaz,33,,,8.3000001907349,56.610000610352,1.0,P2,made,ANADOLU EFES E. YILMAZ 2Pt made,,,,,,,,,2,21,1.0,score,2,14,0,8
06:05,06:05:00,14,8,6,2,1,REGULAR,10,J. ROBERTS,1,foul,64,,"['shooting', '1freethrow']",personal,0,23,Joshua Artee,Roberts,Joshua Artee,Roberts,J,R,J,R,J. Roberts,YUKATEL MERKEZEFENDI BELEDIYESI BASKET,YMB,J. Roberts,23,,,,,,FOUL,,YUKATEL MERKEZEFENDI BELEDIYESI BASKET J. ROBERTS foul personal,,,,,,,,,0,22,2.0,,0,14,0,8
06:05,06:05:00,14,8,6,1,1,REGULAR,80,E. YILMAZ,1,foulon,65,64,[],,0,33,Erkan,Yilmaz,Erkan,Yilmaz,E,Y,E,Y,E. Yilmaz,ANADOLU EFES,EFS,E. Yilmaz,33,,,,,,OTHER,,ANADOLU EFES foulon,,,,,,,,,0,22,2.0,,0,14,0,8
06:05,06:05:00,15,8,7,1,1,REGULAR,80,E. YILMAZ,1,freethrow,66,,['fromturnover'],1of1,1,33,Erkan,Yilmaz,Erkan,Yilmaz,E,Y,E,Y,E. Yilmaz,ANADOLU EFES,EFS,E. Yilmaz,33,,,,,,FT,made,ANADOLU EFES E. YILMAZ FT 1of1 made,,,,,,,,,1,22,2.0,made_ft_last,1,15,0,8
06:05,06:05:00,15,8,7,1,1,REGULAR,80,E. YILMAZ,1,substitution,68,,[],out,0,33,Erkan,Yilmaz,Erkan,Yilmaz,E,Y,E,Y,E. Yilmaz,ANADOLU EFES,EFS,E. Yilmaz,33,,,,,,SUB,out,ANADOLU EFES substitution out,,,,,,,,,0,23,1.0,,0,15,0,8
06:05,06:05:00,15,8,7,1,1,REGULAR,92,J. LOYD,1,substitution,69,,[],in,0,3,Jordan,Loyd,Jordan,Loyd,J,L,J,L,J. Loyd,ANADOLU EFES,EFS,J. Loyd,3,,,,,,SUB,in,ANADOLU EFES substitution in,,,,,,,,,0,23,1.0,,0,15,0,8
05:50,05:50:00,15,8,7,2,1,REGULAR,12,M. CAZALON,0,3pt,71,,[],jumpshot,1,21,Malcolm Jean Ahmed,Cazalon,Malcolm Jean Ahmed,Cazalon,M,C,M,C,M. Cazalon,YUKATEL MERKEZEFENDI BELEDIYESI BASKET,YMB,M. Cazalon,21,,,66.330001831055,54.349998474121,0.0,P3,missed,YUKATEL MERKEZEFENDI BELEDIYESI BASKET M. CAZALON 3Pt missed,,,,,,,,,0,23,1.0,def_reb,0,15,0,8
05:47,05:47:00,15,8,7,1,1,REGULAR,89,E. OSMANI,1,rebound,72,71,[],defensive,0,24,Ercan,Osmani,Ercan,Osmani,E,O,E,O,E. Osmani,ANADOLU EFES,EFS,E. Osmani,24,,,,,,REB,,ANADOLU EFES rebound defensive,,,,,,,,,0,24,2.0,def_reb,0,15,0,8
05:38,05:38:00,15,8,7,1,1,REGULAR,89,E. OSMANI,1,turnover,73,,[],badpass,0,24,Ercan,Osmani,Ercan,Osmani,E,O,E,O,E. Osmani,ANADOLU EFES,EFS,E. Osmani,24,,,,,,TO,,ANADOLU EFES E. OSMANI turnover badpass,,,,,,,,,0,25,1.0,turnover,0,15,0,8
05:38,05:38:00,15,8,7,2,1,REGULAR,10,J. ROBERTS,1,steal,74,73,[],,0,23,Joshua Artee,Roberts,Joshua Artee,Roberts,J,R,J,R,J. Roberts,YUKATEL MERKEZEFENDI BELEDIYESI BASKET,YMB,J. Roberts,23,,,,,,ST,,YUKATEL MERKEZEFENDI BELEDIYESI BASKET J. ROBERTS steal,,,,,,,,,0,26,2.0,,0,15,0,8
05:35,05:35:00,15,8,7,1,1,REGULAR,89,E. OSMANI,1,foul,76,,[],personal,0,24,Ercan,Osmani,Ercan,Osmani,E,O,E,O,E. Osmani,ANADOLU EFES,EFS,E. Osmani,24,,,,,,FOUL,,ANADOLU EFES E. OSMANI foul personal,,,,,,,,,0,26,2.0,,0,15,0,8
05:35,05:35:00,15,8,7,2,1,REGULAR,11,S. GRIFFIN,1,foulon,77,76,[],,0,1,Samuel Gevaris,Griffin,Samuel Gevaris,Griffin,S,G,S,G,S. Griffin,YUKATEL MERKEZEFENDI BELEDIYESI BASKET,YMB,S. Griffin,1,,,,,,OTHER,,YUKATEL MERKEZEFENDI BELEDIYESI BASKET foulon,,,,,,,,,0,26,2.0,,0,15,0,8
05:34,05:34:00,15,8,7,2,1,REGULAR,21,K. SMITH JR,1,turnover,79,,[],badpass,0,4,Kenneth Jerome,Smith Jr,Kenneth Jerome,Smith Jr,K,S,K,S,K. Smith Jr,YUKATEL MERKEZEFENDI BELEDIYESI BASKET,YMB,K. Smith Jr,4,,,,,,TO,,YUKATEL MERKEZEFENDI BELEDIYESI BASKET K. SMITH JR turnover badpass,,,,,,,,,0,26,2.0,turnover,0,15,0,8
05:34,05:34:00,15,8,7,1,1,REGULAR,87,N. WEILER-BABB,1,steal,80,79,[],,0,8,Nick,Weiler-Babb,Nick,Weiler-Babb,N,W,N,W,N. Weiler-Babb,ANADOLU EFES,EFS,N. Weiler-Babb,8,,,,,,ST,,ANADOLU EFES N. WEILER-BABB steal,,,,,,,,,0,27,1.0,,0,15,0,8
05:31,05:31:00,17,8,9,1,1,REGULAR,87,N. WEILER-BABB,1,2pt,81,,"['fromturnover', 'pointsinthepaint', 'fastbreak']",layup,1,8,Nick,Weiler-Babb,Nick,Weiler-Babb,N,W,N,W,N. Weiler-Babb,ANADOLU EFES,EFS,N. Weiler-Babb,8,,,7.5199999809265,46.159999847412,1.0,P2,made,ANADOLU EFES N. WEILER-BABB 2Pt made,,,,,,,,,2,27,1.0,score,2,17,0,8
05:08,05:08:00,17,8,9,2,1,REGULAR,11,S. GRIFFIN,0,2pt,83,,['pointsinthepaint'],layup,1,1,Samuel Gevaris,Griffin,Samuel Gevaris,Griffin,S,G,S,G,S. Griffin,YUKATEL MERKEZEFENDI BELEDIYESI BASKET,YMB,S. Griffin,1,,,86.930000305176,49.270000457764,0.0,P2,missed,YUKATEL MERKEZEFENDI BELEDIYESI BASKET S. GRIFFIN 2Pt missed,,,,,,,,,0,28,2.0,,0,17,0,8
05:08,05:08:00,17,8,9,2,1,REGULAR,3,E. TANISAN,1,rebound,84,83,[],offensive,0,0,Emre,Tanisan,Emre,Tanisan,E,T,E,T,E. Tanisan,YUKATEL MERKEZEFENDI BELEDIYESI BASKET,YMB,E. Tanisan,0,,,,,,REB,,YUKATEL MERKEZEFENDI BELEDIYESI BASKET rebound offensive,,,,,,,,,0,28,2.0,,0,17,0,8
05:08,05:08:00,17,8,9,1,1,REGULAR,88,I. CORDINIER,1,foul,85,,"['shooting', '2freethrow']",personal,0,10,Isaia,Cordinier,Isaia,Cordinier,I,C,I,C,I. Cordinier,ANADOLU EFES,EFS,I. Cordinier,10,,,,,,FOUL,,ANADOLU EFES I. CORDINIER foul personal,,,,,,,,,0,28,2.0,,0,17,0,8
05:08,05:08:00,17,8,9,2,1,REGULAR,3,E. TANISAN,1,foulon,86,85,[],,0,0,Emre,Tanisan,Emre,Tanisan,E,T,E,T,E. Tanisan,YUKATEL MERKEZEFENDI BELEDIYESI BASKET,YMB,E. Tanisan,0,,,,,,OTHER,,YUKATEL MERKEZEFENDI BELEDIYESI BASKET foulon,,,,,,,,,0,28,2.0,,0,17,0,8
05:08,05:08:00,17,9,8,2,1,REGULAR,3,E. TANISAN,1,freethrow,87,,['2ndchance'],1of2,1,0,Emre,Tanisan,Emre,Tanisan,E,T,E,T,E. Tanisan,YUKATEL MERKEZEFENDI BELEDIYESI BASKET,YMB,E. Tanisan,0,,,,,,FT,made,YUKATEL MERKEZEFENDI BELEDIYESI BASKET E. TANISAN FT 1of2 made,,,,,,,,,1,28,2.0,made_ft,0,17,1,9
05:08,05:08:00,17,10,7,2,1,REGULAR,3,E. TANISAN,1,freethrow,88,,['2ndchance'],2of2,1,0,Emre,Tanisan,Emre,Tanisan,E,T,E,T,E. Tanisan,YUKATEL MERKEZEFENDI BELEDIYESI BASKET,YMB,E. Tanisan,0,,,,,,FT,made,YUKATEL MERKEZEFENDI BELEDIYESI BASKET E. TANISAN FT 2of2 made,,,,,,,,,1,29,1.0,made_ft_last,0,17,1,10
04:54,04:54:00,20,10,10,1,1,REGULAR,88,I. CORDINIER,1,3pt,90,,[],jumpshot,1,10,Isaia,Cordinier,Isaia,Cordinier,I,C,I,C,I. Cordinier,ANADOLU EFES,EFS,I. Cordinier,10,,,23.739999771118,15.369999885559,1.0,P3,made,ANADOLU EFES I. CORDINIER 3Pt made,89.0,1.0,E. OSMANI,,,,,,3,30,2.0,score,3,20,0,10
04:54,04:54:00,20,10,10,1,1,REGULAR,89,E. OSMANI,1,assist,91,90,[],,0,24,Ercan,Osmani,Ercan,Osmani,E,O,E,O,E. Osmani,ANADOLU EFES,EFS,E. Osmani,24,,,,,,ASS,,ANADOLU EFES E. OSMANI assist,,,,,,,,,0,31,1.0,,0,20,0,10
04:50,04:50:00,20,10,10,2,1,REGULAR,0,,1,timeout,93,,[],full,0,,,,,,,,,,,YUKATEL MERKEZEFENDI BELEDIYESI BASKET,YMB,,,,,,,,TIMEOUT,,YUKATEL MERKEZEFENDI BELEDIYESI BASKET timeout,,,,,,,,,0,31,1.0,,0,20,0,10
04:50,04:50:00,20,10,10,0,1,REGULAR,0,,1,timeout,94,,[],officials,0,,,,,,,,,,,,,,,,,,,,TIMEOUT,, timeout,,,,,,,,,0,31,1.0,,0,20,0,10
04:36,04:36:00,20,10,10,2,1,REGULAR,12,M. CAZALON,0,3pt,96,,[],jumpshot,1,21,Malcolm Jean Ahmed,Cazalon,Malcolm Jean Ahmed,Cazalon,M,C,M,C,M. Cazalon,YUKATEL MERKEZEFENDI BELEDIYESI BASKET,YMB,M. Cazalon,21,,,75.690002441406,12.539999961853,0.0,P3,missed,YUKATEL MERKEZEFENDI BELEDIYESI BASKET M. CAZALON 3Pt missed,,,,,,,,,0,31,1.0,def_reb,0,20,0,10
04:32,04:32:00,20,10,10,1,1,REGULAR,92,J. LOYD,1,rebound,97,96,[],defensive,0,3,Jordan,Loyd,Jordan,Loyd,J,L,J,L,J. Loyd,ANADOLU EFES,EFS,J. Loyd,3,,,,,,REB,,ANADOLU EFES rebound defensive,,,,,,,,,0,32,2.0,def_reb,0,20,0,10
04:22,04:22:00,22,10,12,1,1,REGULAR,87,N. WEILER-BABB,1,2pt,99,,['pointsinthepaint'],layup,1,8,Nick,Weiler-Babb,Nick,Weiler-Babb,N,W,N,W,N. Weiler-Babb,ANADOLU EFES,EFS,N. Weiler-Babb,8,,,9.6999998092651,51.240001678467,1.0,P2,made,ANADOLU EFES N. WEILER-BABB 2Pt made,,,,,,,,,2,33,1.0,score,2,22,0,10
04:22,04:22:00,22,10,12,2,1,REGULAR,21,K. SMITH JR,1,foul,100,,"['shooting', '1freethrow']",personal,0,4,Kenneth Jerome,Smith Jr,Kenneth Jerome,Smith Jr,K,S,K,S,K. Smith Jr,YUKATEL MERKEZEFENDI BELEDIYESI BASKET,YMB,K. Smith Jr,4,,,,,,FOUL,,YUKATEL MERKEZEFENDI BELEDIYESI BASKET K. SMITH JR foul personal,,,,,,,,,0,34,2.0,,0,22,0,10
04:22,04:22:00,22,10,12,1,1,REGULAR,87,N. WEILER-BABB,1,foulon,101,100,[],,0,8,Nick,Weiler-Babb,Nick,Weiler-Babb,N,W,N,W,N. Weiler-Babb,ANADOLU EFES,EFS,N. Weiler-Babb,8,,,,,,OTHER,,ANADOLU EFES foulon,,,,,,,,,0,34,2.0,,0,22,0,10
04:22,04:22:00,22,10,12,1,1,REGULAR,89,E. OSMANI,1,substitution,102,,[],out,0,24,Ercan,Osmani,Ercan,Osmani,E,O,E,O,E. Osmani,ANADOLU EFES,EFS,E. Osmani,24,,,,,,SUB,out,ANADOLU EFES substitution out,,,,,,,,,0,34,2.0,,0,22,0,10
04:22,04:22:00,22,10,12,1,1,REGULAR,75,C. SWIDER,1,substitution,103,,[],in,0,21,Cole,Swider,Cole,Swider,C,S,C,S,C. Swider,ANADOLU EFES,EFS,C. Swider,21,,,,,,SUB,in,ANADOLU EFES substitution in,,,,,,,,,0,34,2.0,,0,22,0,10
04:22,04:22:00,22,10,12,2,1,REGULAR,3,E. TANISAN,1,substitution,104,,[],out,0,0,Emre,Tanisan,Emre,Tanisan,E,T,E,T,E. Tanisan,YUKATEL MERKEZEFENDI BELEDIYESI BASKET,YMB,E. Tanisan,0,,,,,,SUB,out,YUKATEL MERKEZEFENDI BELEDIYESI BASKET substitution out,,,,,,,,,0,34,2.0,,0,22,0,10
04:22,04:22:00,22,10,12,2,1,REGULAR,11,S. GRIFFIN,1,substitution,105,,[],out,0,1,Samuel Gevaris,Griffin,Samuel Gevaris,Griffin,S,G,S,G,S. Griffin,YUKATEL MERKEZEFENDI BELEDIYESI BASKET,YMB,S. Griffin,1,,,,,,SUB,out,YUKATEL MERKEZEFENDI BELEDIYESI BASKET substitution out,,,,,,,,,0,34,2.0,,0,22,0,10
04:22,04:22:00,22,10,12,2,1,REGULAR,21,K. SMITH JR,1,substitution,106,,[],out,0,4,Kenneth Jerome,Smith Jr,Kenneth Jerome,Smith Jr,K,S,K,S,K. Smith Jr,YUKATEL MERKEZEFENDI BELEDIYESI BASKET,YMB,K. Smith Jr,4,,,,,,SUB,out,YUKATEL MERKEZEFENDI BELEDIYESI BASKET substitution out,,,,,,,,,0,34,2.0,,0,22,0,10
04:22,04:22:00,22,10,12,2,1,REGULAR,7,Ö. ILYASOGLU,1,substitution,107,,[],in,0,13,Ömer Can,Ilyasoglu,Ömer Can,Ilyasoglu,Ö,I,Ö,I,Ö. Ilyasoglu,YUKATEL MERKEZEFENDI BELEDIYESI BASKET,YMB,Ö. Ilyasoglu,13,,,,,,SUB,in,YUKATEL MERKEZEFENDI BELEDIYESI BASKET substitution in,,,,,,,,,0,34,2.0,,0,22,0,10
04:22,04:22:00,22,10,12,2,1,REGULAR,9,R. BADZIM,1,substitution,108,,[],in,0,18,Roko,Badzim,Roko,Badzim,R,B,R,B,R. Badzim,YUKATEL MERKEZEFENDI BELEDIYESI BASKET,YMB,R. Badzim,18,,,,,,SUB,in,YUKATEL MERKEZEFENDI BELEDIYESI BASKET substitution in,,,,,,,,,0,34,2.0,,0,22,0,10
04:22,04:22:00,22,10,12,2,1,REGULAR,13,J. HAWKINS,1,substitution,109,,[],in,0,31,Javontae Aaron,Hawkins,Javontae Aaron,Hawkins,J,H,J,H,J. Hawkins,YUKATEL MERKEZEFENDI BELEDIYESI BASKET,YMB,J. Hawkins,31,,,,,,SUB,in,YUKATEL MERKEZEFENDI BELEDIYESI BASKET substitution in,,,,,,,,,0,34,2.0,,0,22,0,10
04:22,04:22:00,22,10,12,1,1,REGULAR,73,B. DESSERT,1,substitution,110,,[],out,0,13,Brice,Dessert,Brice,Dessert,B,D,B,D,B. Dessert,ANADOLU EFES,EFS,B. Dessert,13,,,,,,SUB,out,ANADOLU EFES substitution out,,,,,,,,,0,34,2.0,,0,22,0,10
04:22,04:22:00,22,10,12,1,1,REGULAR,89,E. OSMANI,1,substitution,111,,[],in,0,24,Ercan,Osmani,Ercan,Osmani,E,O,E,O,E. Osmani,ANADOLU EFES,EFS,E. Osmani,24,,,,,,SUB,in,ANADOLU EFES substitution in,,,,,,,,,0,34,2.0,,0,22,0,10
04:22,04:22:00,23,10,13,1,1,REGULAR,87,N. WEILER-BABB,1,freethrow,112,,[],1of1,1,8,Nick,Weiler-Babb,Nick,Weiler-Babb,N,W,N,W,N. Weiler-Babb,ANADOLU EFES,EFS,N. Weiler-Babb,8,,,,,,FT,made,ANADOLU EFES N. WEILER-BABB FT 1of1 made,,,,,,,,,1,34,2.0,made_ft_last,1,23,0,10
04:08,04:08:00,23,10,13,2,1,REGULAR,12,M. CAZALON,0,2pt,114,,[],floatingjumpshot,1,21,Malcolm Jean Ahmed,Cazalon,Malcolm Jean Ahmed,Cazalon,M,C,M,C,M. Cazalon,YUKATEL MERKEZEFENDI BELEDIYESI BASKET,YMB,M. Cazalon,21,,,84.900001525879,67.910003662109,0.0,P2,missed,YUKATEL MERKEZEFENDI BELEDIYESI BASKET M. CAZALON 2Pt missed,,,,,,,,,0,35,1.0,def_reb,0,23,0,10
04:05,04:05:00,23,10,13,1,1,REGULAR,88,I. CORDINIER,1,rebound,115,114,[],defensive,0,10,Isaia,Cordinier,Isaia,Cordinier,I,C,I,C,I. Cordinier,ANADOLU EFES,EFS,I. Cordinier,10,,,,,,REB,,ANADOLU EFES rebound defensive,,,,,,,,,0,36,2.0,def_reb,0,23,0,10
03:53,03:53:00,25,10,15,1,1,REGULAR,88,I. CORDINIER,1,2pt,116,,['pointsinthepaint'],layup,1,10,Isaia,Cordinier,Isaia,Cordinier,I,C,I,C,I. Cordinier,ANADOLU EFES,EFS,I. Cordinier,10,,,13.60000038147,50.110000610352,1.0,P2,made,ANADOLU EFES I. CORDINIER 2Pt made,,,,,,,,,2,37,1.0,score,2,25,0,10
03:35,03:35:00,25,13,12,2,1,REGULAR,7,Ö. ILYASOGLU,1,3pt,117,,[],jumpshot,1,13,Ömer Can,Ilyasoglu,Ömer Can,Ilyasoglu,Ö,I,Ö,I,Ö. Ilyasoglu,YUKATEL MERKEZEFENDI BELEDIYESI BASKET,YMB,Ö. Ilyasoglu,13,,,71.639999389648,72.98999786377,1.0,P3,made,YUKATEL MERKEZEFENDI BELEDIYESI BASKET Ö. ILYASOGLU 3Pt made,9.0,2.0,R. BADZIM,,,,,,3,38,2.0,score,0,25,3,13
03:35,03:35:00,25,13,12,2,1,REGULAR,9,R. BADZIM,1,assist,118,117,[],,0,18,Roko,Badzim,Roko,Badzim,R,B,R,B,R. Badzim,YUKATEL MERKEZEFENDI BELEDIYESI BASKET,YMB,R. Badzim,18,,,,,,ASS,,YUKATEL MERKEZEFENDI BELEDIYESI BASKET R. BADZIM assist,,,,,,,,,0,39,1.0,,0,25,0,13
03:16,03:16:00,25,13,12,1,1,REGULAR,92,J. LOYD,0,3pt,119,,[],jumpshot,1,3,Jordan,Loyd,Jordan,Loyd,J,L,J,L,J. Loyd,ANADOLU EFES,EFS,J. Loyd,3,,,30.760000228882,77.800003051758,0.0,P3,missed,ANADOLU EFES J. LOYD 3Pt missed,,,,,,,,,0,39,1.0,def_reb,0,25,0,13
03:13,03:13:00,25,13,12,2,1,REGULAR,12,M. CAZALON,1,rebound,120,119,[],defensive,0,21,Malcolm Jean Ahmed,Cazalon,Malcolm Jean Ahmed,Cazalon,M,C,M,C,M. Cazalon,YUKATEL MERKEZEFENDI BELEDIYESI BASKET,YMB,M. Cazalon,21,,,,,,REB,,YUKATEL MERKEZEFENDI BELEDIYESI BASKET rebound defensive,,,,,,,,,0,40,2.0,def_reb,0,25,0,13
03:09,03:09:00,25,13,12,2,1,REGULAR,10,J. ROBERTS,0,2pt,121,,['pointsinthepaint'],layup,1,23,Joshua Artee,Roberts,Joshua Artee,Roberts,J,R,J,R,J. Roberts,YUKATEL MERKEZEFENDI BELEDIYESI BASKET,YMB,J. Roberts,23,,,98.0,52.090000152588,0.0,P2,missed,YUKATEL MERKEZEFENDI BELEDIYESI BASKET J. ROBERTS 2Pt missed,,,,,,,,,0,41,1.0,def_reb,0,25,0,13
03:07,03:07:00,25,13,12,1,1,REGULAR,75,C. SWIDER,1,rebound,122,121,[],defensive,0,21,Cole,Swider,Cole,Swider,C,S,C,S,C. Swider,ANADOLU EFES,EFS,C. Swider,21,,,,,,REB,,ANADOLU EFES rebound defensive,,,,,,,,,0,42,2.0,def_reb,0,25,0,13
02:59,02:59:00,25,13,12,1,1,REGULAR,88,I. CORDINIER,0,3pt,123,,[],jumpshot,1,10,Isaia,Cordinier,Isaia,Cordinier,I,C,I,C,I. Cordinier,ANADOLU EFES,EFS,I. Cordinier,10,,,21.719999313354,10.279999732971,0.0,P3,missed,ANADOLU EFES I. CORDINIER 3Pt missed,,,,,,,,,0,43,1.0,def_reb,0,25,0,13
02:55,02:55:00,25,13,12,2,1,REGULAR,13,J. HAWKINS,1,rebound,124,123,[],defensive,0,31,Javontae Aaron,Hawkins,Javontae Aaron,Hawkins,J,H,J,H,J. Hawkins,YUKATEL MERKEZEFENDI BELEDIYESI BASKET,YMB,J. Hawkins,31,,,,,,REB,,YUKATEL MERKEZEFENDI BELEDIYESI BASKET rebound defensive,,,,,,,,,0,44,2.0,def_reb,0,25,0,13
02:53,02:53:00,25,13,12,1,1,REGULAR,92,J. LOYD,1,foul,128,,[],personal,0,3,Jordan,Loyd,Jordan,Loyd,J,L,J,L,J. Loyd,ANADOLU EFES,EFS,J. Loyd,3,,,,,,FOUL,,ANADOLU EFES J. LOYD foul personal,,,,,,,,,0,45,1.0,,0,25,0,13
02:53,02:53:00,25,13,12,2,1,REGULAR,13,J. HAWKINS,1,foulon,129,128,[],,0,31,Javontae Aaron,Hawkins,Javontae Aaron,Hawkins,J,H,J,H,J. Hawkins,YUKATEL MERKEZEFENDI BELEDIYESI BASKET,YMB,J. Hawkins,31,,,,,,OTHER,,YUKATEL MERKEZEFENDI BELEDIYESI BASKET foulon,,,,,,,,,0,45,1.0,,0,25,0,13
02:53,02:53:00,25,13,12,1,1,REGULAR,87,N. WEILER-BABB,1,substitution,130,,[],out,0,8,Nick,Weiler-Babb,Nick,Weiler-Babb,N,W,N,W,N. Weiler-Babb,ANADOLU EFES,EFS,N. Weiler-Babb,8,,,,,,SUB,out,ANADOLU EFES substitution out,,,,,,,,,0,45,1.0,,0,25,0,13
02:53,02:53:00,25,13,12,1,1,REGULAR,89,E. OSMANI,1,substitution,131,,[],out,0,24,Ercan,Osmani,Ercan,Osmani,E,O,E,O,E. Osmani,ANADOLU EFES,EFS,E. Osmani,24,,,,,,SUB,out,ANADOLU EFES substitution out,,,,,,,,,0,45,1.0,,0,25,0,13
02:53,02:53:00,25,13,12,1,1,REGULAR,81,S. HAZER,1,substitution,132,,[],in,0,2,Sehmus,Hazer,Sehmus,Hazer,S,H,S,H,S. Hazer,ANADOLU EFES,EFS,S. Hazer,2,,,,,,SUB,in,ANADOLU EFES substitution in,,,,,,,,,0,45,1.0,,0,25,0,13
02:53,02:53:00,25,13,12,1,1,REGULAR,86,R. SMITS,1,substitution,133,,[],in,0,11,Rolands,Smits,Rolands,Smits,R,S,R,S,R. Smits,ANADOLU EFES,EFS,R. Smits,11,,,,,,SUB,in,ANADOLU EFES substitution in,,,,,,,,,0,45,1.0,,0,25,0,13
02:47,02:47:00,25,16,9,2,1,REGULAR,12,M. CAZALON,1,3pt,135,,[],jumpshot,1,21,Malcolm Jean Ahmed,Cazalon,Malcolm Jean Ahmed,Cazalon,M,C,M,C,M. Cazalon,YUKATEL MERKEZEFENDI BELEDIYESI BASKET,YMB,M. Cazalon,21,,,67.889999389648,53.220001220703,1.0,P3,made,YUKATEL MERKEZEFENDI BELEDIYESI BASKET M. CAZALON 3Pt made,7.0,2.0,Ö. ILYASOGLU,,,,,,3,45,1.0,score,0,25,3,16
02:47,02:47:00,25,16,9,2,1,REGULAR,7,Ö. ILYASOGLU,1,assist,136,135,[],,0,13,Ömer Can,Ilyasoglu,Ömer Can,Ilyasoglu,Ö,I,Ö,I,Ö. Ilyasoglu,YUKATEL MERKEZEFENDI BELEDIYESI BASKET,YMB,Ö. Ilyasoglu,13,,,,,,ASS,,YUKATEL MERKEZEFENDI BELEDIYESI BASKET Ö. ILYASOGLU assist,,,,,,,,,0,46,2.0,,0,25,0,16
02:25,02:25:00,25,16,9,1,1,REGULAR,75,C. SWIDER,0,3pt,137,,[],jumpshot,1,21,Cole,Swider,Cole,Swider,C,S,C,S,C. Swider,ANADOLU EFES,EFS,C. Swider,21,,,27.489999771118,79.209999084473,0.0,P3,missed,ANADOLU EFES C. SWIDER 3Pt missed,,,,,,,,,0,46,2.0,,0,25,0,16
02:23,02:23:00,25,16,9,1,1,REGULAR,86,R. SMITS,1,rebound,138,137,[],offensive,0,11,Rolands,Smits,Rolands,Smits,R,S,R,S,R. Smits,ANADOLU EFES,EFS,R. Smits,11,,,,,,REB,,ANADOLU EFES rebound offensive,,,,,,,,,0,46,2.0,,0,25,0,16
02:19,02:19:00,28,16,12,1,1,REGULAR,75,C. SWIDER,1,3pt,139,,['2ndchance'],jumpshot,1,21,Cole,Swider,Cole,Swider,C,S,C,S,C. Swider,ANADOLU EFES,EFS,C. Swider,21,,,24.680000305176,90.51000213623,1.0,P3,made,ANADOLU EFES C. SWIDER 3Pt made,86.0,1.0,R. SMITS,,,,,,3,46,2.0,score,3,28,0,16
02:19,02:19:00,28,16,12,1,1,REGULAR,86,R. SMITS,1,assist,140,139,[],,0,11,Rolands,Smits,Rolands,Smits,R,S,R,S,R. Smits,ANADOLU EFES,EFS,R. Smits,11,,,,,,ASS,,ANADOLU EFES R. SMITS assist,,,,,,,,,0,47,1.0,,0,28,0,16
01:58,01:58:00,28,16,12,2,1,REGULAR,10,J. ROBERTS,1,turnover,143,,[],travel,0,23,Joshua Artee,Roberts,Joshua Artee,Roberts,J,R,J,R,J. Roberts,YUKATEL MERKEZEFENDI BELEDIYESI BASKET,YMB,J. Roberts,23,,,,,,TO,,YUKATEL MERKEZEFENDI BELEDIYESI BASKET J. ROBERTS turnover travel,,,,,,,,,0,47,1.0,turnover,0,28,0,16
01:54,01:54:00,28,16,12,2,1,REGULAR,12,M. CAZALON,1,substitution,146,,[],out,0,21,Malcolm Jean Ahmed,Cazalon,Malcolm Jean Ahmed,Cazalon,M,C,M,C,M. Cazalon,YUKATEL MERKEZEFENDI BELEDIYESI BASKET,YMB,M. Cazalon,21,,,,,,SUB,out,YUKATEL MERKEZEFENDI BELEDIYESI BASKET substitution out,,,,,,,,,0,48,2.0,,0,28,0,16
01:54,01:54:00,28,16,12,2,1,REGULAR,11,S. GRIFFIN,1,substitution,147,,[],in,0,1,Samuel Gevaris,Griffin,Samuel Gevaris,Griffin,S,G,S,G,S. Griffin,YUKATEL MERKEZEFENDI BELEDIYESI BASKET,YMB,S. Griffin,1,,,,,,SUB,in,YUKATEL MERKEZEFENDI BELEDIYESI BASKET substitution in,,,,,,,,,0,48,2.0,,0,28,0,16
01:40,01:40:00,28,16,12,1,1,REGULAR,86,R. SMITS,0,3pt,149,,['fromturnover'],jumpshot,1,11,Rolands,Smits,Rolands,Smits,R,S,R,S,R. Smits,ANADOLU EFES,EFS,R. Smits,11,,,34.509998321533,54.069999694824,0.0,P3,missed,ANADOLU EFES R. SMITS 3Pt missed,,,,,,,,,0,48,2.0,def_reb,0,28,0,16
01:37,01:37:00,28,16,12,2,1,REGULAR,13,J. HAWKINS,1,rebound,150,149,[],defensive,0,31,Javontae Aaron,Hawkins,Javontae Aaron,Hawkins,J,H,J,H,J. Hawkins,YUKATEL MERKEZEFENDI BELEDIYESI BASKET,YMB,J. Hawkins,31,,,,,,REB,,YUKATEL MERKEZEFENDI BELEDIYESI BASKET rebound defensive,,,,,,,,,0,49,1.0,def_reb,0,28,0,16
01:16,01:16:00,28,16,12,2,1,REGULAR,9,R. BADZIM,0,2pt,151,,"['pointsinthepaint', 'blocked']",layup,1,18,Roko,Badzim,Roko,Badzim,R,B,R,B,R. Badzim,YUKATEL MERKEZEFENDI BELEDIYESI BASKET,YMB,R. Badzim,18,,,84.269996643066,53.220001220703,0.0,P2,missed,YUKATEL MERKEZEFENDI BELEDIYESI BASKET R. BADZIM 2Pt missed,,,,81.0,1.0,S. HAZER,,,0,50,2.0,,0,28,0,16
01:16,01:16:00,28,16,12,1,1,REGULAR,81,S. HAZER,1,block,152,151,[],,0,2,Sehmus,Hazer,Sehmus,Hazer,S,H,S,H,S. Hazer,ANADOLU EFES,EFS,S. Hazer,2,,,,,,BS,,ANADOLU EFES S. HAZER block,,,,,,,,,0,50,2.0,,0,28,0,16
01:11,01:11:00,28,16,12,1,1,REGULAR,86,R. SMITS,1,rebound,153,151,[],defensive,0,11,Rolands,Smits,Rolands,Smits,R,S,R,S,R. Smits,ANADOLU EFES,EFS,R. Smits,11,,,,,,REB,,ANADOLU EFES rebound defensive,,,,,,,,,0,50,2.0,def_reb,0,28,0,16
01:10,01:10:00,30,16,14,1,1,REGULAR,92,J. LOYD,1,2pt,154,,"['pointsinthepaint', 'fastbreak']",layup,1,3,Jordan,Loyd,Jordan,Loyd,J,L,J,L,J. Loyd,ANADOLU EFES,EFS,J. Loyd,3,,,6.4299998283386,47.569999694824,1.0,P2,made,ANADOLU EFES J. LOYD 2Pt made,86.0,1.0,R. SMITS,,,,,,2,51,1.0,score,2,30,0,16
01:10,01:10:00,30,16,14,1,1,REGULAR,86,R. SMITS,1,assist,155,154,[],,0,11,Rolands,Smits,Rolands,Smits,R,S,R,S,R. Smits,ANADOLU EFES,EFS,R. Smits,11,,,,,,ASS,,ANADOLU EFES R. SMITS assist,,,,,,,,,0,52,2.0,,0,30,0,16
00:56,00:56:60,30,16,14,2,1,REGULAR,11,S. GRIFFIN,0,2pt,156,,[],jumpshot,1,1,Samuel Gevaris,Griffin,Samuel Gevaris,Griffin,S,G,S,G,S. Griffin,YUKATEL MERKEZEFENDI BELEDIYESI BASKET,YMB,S. Griffin,1,,,77.879997253418,48.700000762939,0.0,P2,missed,YUKATEL MERKEZEFENDI BELEDIYESI BASKET S. GRIFFIN 2Pt missed,,,,,,,,,0,52,2.0,def_reb,0,30,0,16
00:54,00:54:30,30,16,14,1,1,REGULAR,86,R. SMITS,1,rebound,157,156,[],defensive,0,11,Rolands,Smits,Rolands,Smits,R,S,R,S,R. Smits,ANADOLU EFES,EFS,R. Smits,11,,,,,,REB,,ANADOLU EFES rebound defensive,,,,,,,,,0,53,1.0,def_reb,0,30,0,16
00:50,00:50:80,30,16,14,2,1,REGULAR,7,Ö. ILYASOGLU,1,foul,159,,['2freethrow'],personal,0,13,Ömer Can,Ilyasoglu,Ömer Can,Ilyasoglu,Ö,I,Ö,I,Ö. Ilyasoglu,YUKATEL MERKEZEFENDI BELEDIYESI BASKET,YMB,Ö. Ilyasoglu,13,,,,,,FOUL,,YUKATEL MERKEZEFENDI BELEDIYESI BASKET Ö. ILYASOGLU foul personal,,,,,,,,,0,54,2.0,,0,30,0,16
00:50,00:50:80,30,16,14,1,1,REGULAR,81,S. HAZER,1,foulon,160,159,[],,0,2,Sehmus,Hazer,Sehmus,Hazer,S,H,S,H,S. Hazer,ANADOLU EFES,EFS,S. Hazer,2,,,,,,OTHER,,ANADOLU EFES foulon,,,,,,,,,0,54,2.0,,0,30,0,16
00:50,00:50:80,30,16,14,1,1,REGULAR,88,I. CORDINIER,1,substitution,161,,[],out,0,10,Isaia,Cordinier,Isaia,Cordinier,I,C,I,C,I. Cordinier,ANADOLU EFES,EFS,I. Cordinier,10,,,,,,SUB,out,ANADOLU EFES substitution out,,,,,,,,,0,54,2.0,,0,30,0,16
00:50,00:50:80,30,16,14,1,1,REGULAR,72,R. BEAUBOIS,1,substitution,162,,[],in,0,1,Rodrigue,Beaubois,Rodrigue,Beaubois,R,B,R,B,R. Beaubois,ANADOLU EFES,EFS,R. Beaubois,1,,,,,,SUB,in,ANADOLU EFES substitution in,,,,,,,,,0,54,2.0,,0,30,0,16
00:50,00:50:80,30,16,14,2,1,REGULAR,10,J. ROBERTS,1,substitution,163,,[],out,0,23,Joshua Artee,Roberts,Joshua Artee,Roberts,J,R,J,R,J. Roberts,YUKATEL MERKEZEFENDI BELEDIYESI BASKET,YMB,J. Roberts,23,,,,,,SUB,out,YUKATEL MERKEZEFENDI BELEDIYESI BASKET substitution out,,,,,,,,,0,54,2.0,,0,30,0,16
00:50,00:50:80,30,16,14,2,1,REGULAR,5,M. AGVA,1,substitution,164,,[],in,0,46,Mahir,Agva,Mahir,Agva,M,A,M,A,M. Agva,YUKATEL MERKEZEFENDI BELEDIYESI BASKET,YMB,M. Agva,46,,,,,,SUB,in,YUKATEL MERKEZEFENDI BELEDIYESI BASKET substitution in,,,,,,,,,0,54,2.0,,0,30,0,16
00:50,00:50:80,31,16,15,1,1,REGULAR,81,S. HAZER,1,freethrow,165,,['fastbreak'],1of2,1,2,Sehmus,Hazer,Sehmus,Hazer,S,H,S,H,S. Hazer,ANADOLU EFES,EFS,S. Hazer,2,,,,,,FT,made,ANADOLU EFES S. HAZER FT 1of2 made,,,,,,,,,1,54,2.0,made_ft,1,31,0,16
00:50,00:50:80,32,16,16,1,1,REGULAR,81,S. HAZER,1,freethrow,166,,['fastbreak'],2of2,1,2,Sehmus,Hazer,Sehmus,Hazer,S,H,S,H,S. Hazer,ANADOLU EFES,EFS,S. Hazer,2,,,,,,FT,made,ANADOLU EFES S. HAZER FT 2of2 made,,,,,,,,,1,55,1.0,made_ft_last,1,32,0,16
00:38,00:38:30,32,16,16,2,1,REGULAR,7,Ö. ILYASOGLU,0,3pt,168,,[],jumpshot,1,13,Ömer Can,Ilyasoglu,Ömer Can,Ilyasoglu,Ö,I,Ö,I,Ö. Ilyasoglu,YUKATEL MERKEZEFENDI BELEDIYESI BASKET,YMB,Ö. Ilyasoglu,13,,,67.580001831055,66.209999084473,0.0,P3,missed,YUKATEL MERKEZEFENDI BELEDIYESI BASKET Ö. ILYASOGLU 3Pt missed,,,,,,,,,0,56,2.0,def_reb,0,32,0,16
00:35,00:35:60,32,16,16,1,1,REGULAR,86,R. SMITS,1,rebound,169,168,[],defensive,0,11,Rolands,Smits,Rolands,Smits,R,S,R,S,R. Smits,ANADOLU EFES,EFS,R. Smits,11,,,,,,REB,,ANADOLU EFES rebound defensive,,,,,,,,,0,57,1.0,def_reb,0,32,0,16
00:18,00:18:90,32,16,16,1,1,REGULAR,92,J. LOYD,0,2pt,170,,[],jumpshot,1,3,Jordan,Loyd,Jordan,Loyd,J,L,J,L,J. Loyd,ANADOLU EFES,EFS,J. Loyd,3,,,3.3099999427795,66.779998779297,0.0,P2,missed,ANADOLU EFES J. LOYD 2Pt missed,,,,,,,,,0,58,2.0,,0,32,0,16
00:16,00:16:30,32,16,16,1,1,REGULAR,86,R. SMITS,1,rebound,172,170,[],offensive,0,11,Rolands,Smits,Rolands,Smits,R,S,R,S,R. Smits,ANADOLU EFES,EFS,R. Smits,11,,,,,,REB,,ANADOLU EFES rebound offensive,,,,,,,,,0,58,2.0,,0,32,0,16
00:16,00:16:30,32,16,16,1,1,REGULAR,86,R. SMITS,0,2pt,173,,"['2ndchance', 'pointsinthepaint']",tipinlayup,1,11,Rolands,Smits,Rolands,Smits,R,S,R,S,R. Smits,ANADOLU EFES,EFS,R. Smits,11,,,6.0,50.0,0.0,P2,missed,ANADOLU EFES R. SMITS 2Pt missed,,,,,,,,,0,58,2.0,def_reb,0,32,0,16
00:16,00:16:30,32,16,16,1,1,REGULAR,0,,1,rebound,174,173,['team'],offensive,0,,,,,,,,,,,ANADOLU EFES,EFS,,,,,,,,TREB,,ANADOLU EFES team rebound offensive,,,,,,,,,0,59,1.0,def_reb,0,32,0,16
00:16,00:16:30,32,16,16,2,1,REGULAR,13,J. HAWKINS,1,foul,175,,['2freethrow'],personal,0,31,Javontae Aaron,Hawkins,Javontae Aaron,Hawkins,J,H,J,H,J. Hawkins,YUKATEL MERKEZEFENDI BELEDIYESI BASKET,YMB,J. Hawkins,31,,,,,,FOUL,,YUKATEL MERKEZEFENDI BELEDIYESI BASKET J. HAWKINS foul personal,,,,,,,,,0,60,2.0,,0,32,0,16
00:16,00:16:30,32,16,16,1,1,REGULAR,75,C. SWIDER,1,foulon,176,175,[],,0,21,Cole,Swider,Cole,Swider,C,S,C,S,C. Swider,ANADOLU EFES,EFS,C. Swider,21,,,,,,OTHER,,ANADOLU EFES foulon,,,,,,,,,0,60,2.0,,0,32,0,16
00:16,00:16:30,32,16,16,1,1,REGULAR,92,J. LOYD,1,substitution,177,,[],out,0,3,Jordan,Loyd,Jordan,Loyd,J,L,J,L,J. Loyd,ANADOLU EFES,EFS,J. Loyd,3,,,,,,SUB,out,ANADOLU EFES substitution out,,,,,,,,,0,60,2.0,,0,32,0,16
00:16,00:16:30,32,16,16,1,1,REGULAR,80,E. YILMAZ,1,substitution,178,,[],in,0,33,Erkan,Yilmaz,Erkan,Yilmaz,E,Y,E,Y,E. Yilmaz,ANADOLU EFES,EFS,E. Yilmaz,33,,,,,,SUB,in,ANADOLU EFES substitution in,,,,,,,,,0,60,2.0,,0,32,0,16
00:16,00:16:30,32,16,16,1,1,REGULAR,75,C. SWIDER,0,freethrow,179,,['2ndchance'],1of2,1,21,Cole,Swider,Cole,Swider,C,S,C,S,C. Swider,ANADOLU EFES,EFS,C. Swider,21,,,,,,FT,missed,ANADOLU EFES C. SWIDER FT 1of2 missed,,,,,,,,,0,60,2.0,def_reb,0,32,0,16
00:16,00:16:30,32,16,16,1,1,REGULAR,0,,1,rebound,180,179,[],offensivedeadball,0,,,,,,,,,,,ANADOLU EFES,EFS,,,,,,,,TREB,,ANADOLU EFES team rebound offensivedeadball,,,,,,,,,0,61,1.0,def_reb,0,32,0,16
00:16,00:16:30,33,16,17,1,1,REGULAR,75,C. SWIDER,1,freethrow,181,,['2ndchance'],2of2,1,21,Cole,Swider,Cole,Swider,C,S,C,S,C. Swider,ANADOLU EFES,EFS,C. Swider,21,,,,,,FT,made,ANADOLU EFES C. SWIDER FT 2of2 made,,,,,,,,,1,62,2.0,made_ft_last,1,33,0,16
00:00,00:00:10,33,16,17,2,1,REGULAR,9,R. BADZIM,0,3pt,186,,[],jumpshot,1,18,Roko,Badzim,Roko,Badzim,R,B,R,B,R. Badzim,YUKATEL MERKEZEFENDI BELEDIYESI BASKET,YMB,R. Badzim,18,,,65.550003051758,24.409999847412,0.0,P3,missed,YUKATEL MERKEZEFENDI BELEDIYESI BASKET R. BADZIM 3Pt missed,,,,,,,,,0,63,1.0,def_reb,0,33,0,16
00:00,00:00:10,33,16,17,1,1,REGULAR,0,,1,rebound,187,186,['team'],defensive,0,,,,,,,,,,,ANADOLU EFES,EFS,,,,,,,,TREB,,ANADOLU EFES team rebound defensive,,,,,,,,,0,64,2.0,def_reb,0,33,0,16
00:00,00:00:00,33,16,17,0,1,REGULAR,0,,1,period,190,,['confirmed'],end,0,,,,,,,,,,,,,,,,,,,,OTHER,,period end,,,,,,,,,0,65,1.0,,0,33,0,16
10:00,10:00:00,33,16,17,2,2,REGULAR,11,S. GRIFFIN,1,substitution,191,,[],out,0,1,Samuel Gevaris,Griffin,Samuel Gevaris,Griffin,S,G,S,G,S. Griffin,YUKATEL MERKEZEFENDI BELEDIYESI BASKET,YMB,S. Griffin,1,,,,,,SUB,out,YUKATEL MERKEZEFENDI BELEDIYESI BASKET substitution out,,,,,,,,,0,65,1.0,,0,33,0,16
10:00,10:00:00,33,16,17,2,2,REGULAR,7,Ö. ILYASOGLU,1,substitution,192,,[],out,0,13,Ömer Can,Ilyasoglu,Ömer Can,Ilyasoglu,Ö,I,Ö,I,Ö. Ilyasoglu,YUKATEL MERKEZEFENDI BELEDIYESI BASKET,YMB,Ö. Ilyasoglu,13,,,,,,SUB,out,YUKATEL MERKEZEFENDI BELEDIYESI BASKET substitution out,,,,,,,,,0,65,1.0,,0,33,0,16
10:00,10:00:00,33,16,17,2,2,REGULAR,21,K. SMITH JR,1,substitution,193,,[],in,0,4,Kenneth Jerome,Smith Jr,Kenneth Jerome,Smith Jr,K,S,K,S,K. Smith Jr,YUKATEL MERKEZEFENDI BELEDIYESI BASKET,YMB,K. Smith Jr,4,,,,,,SUB,in,YUKATEL MERKEZEFENDI BELEDIYESI BASKET substitution in,,,,,,,,,0,65,1.0,,0,33,0,16
10:00,10:00:00,33,16,17,2,2,REGULAR,12,M. CAZALON,1,substitution,194,,[],in,0,21,Malcolm Jean Ahmed,Cazalon,Malcolm Jean Ahmed,Cazalon,M,C,M,C,M. Cazalon,YUKATEL MERKEZEFENDI BELEDIYESI BASKET,YMB,M. Cazalon,21,,,,,,SUB,in,YUKATEL MERKEZEFENDI BELEDIYESI BASKET substitution in,,,,,,,,,0,65,1.0,,0,33,0,16
10:00,10:00:00,33,16,17,0,2,REGULAR,0,,1,period,195,,[],start,0,,,,,,,,,,,,,,,,,,,,OTHER,,period start,,,,,,,,,0,65,1.0,,0,33,0,16
09:42,09:42:00,33,16,17,2,2,REGULAR,5,M. AGVA,1,turnover,197,,[],ballhandling,0,46,Mahir,Agva,Mahir,Agva,M,A,M,A,M. Agva,YUKATEL MERKEZEFENDI BELEDIYESI BASKET,YMB,M. Agva,46,,,,,,TO,,YUKATEL MERKEZEFENDI BELEDIYESI BASKET M. AGVA turnover ballhandling,,,,,,,,,0,65,1.0,turnover,0,33,0,16
09:42,09:42:00,33,16,17,1,2,REGULAR,80,E. YILMAZ,1,steal,198,197,[],,0,33,Erkan,Yilmaz,Erkan,Yilmaz,E,Y,E,Y,E. Yilmaz,ANADOLU EFES,EFS,E. Yilmaz,33,,,,,,ST,,ANADOLU EFES E. YILMAZ steal,,,,,,,,,0,66,2.0,,0,33,0,16
09:38,09:38:00,35,16,19,1,2,REGULAR,80,E. YILMAZ,1,2pt,199,,"['fromturnover', 'pointsinthepaint', 'fastbreak']",dunk,1,33,Erkan,Yilmaz,Erkan,Yilmaz,E,Y,E,Y,E. Yilmaz,ANADOLU EFES,EFS,E. Yilmaz,33,,,3.6199998855591,52.369998931885,1.0,P2,made,ANADOLU EFES E. YILMAZ 2Pt made,86.0,1.0,R. SMITS,,,,,,2,66,2.0,score,2,35,0,16
09:38,09:38:00,35,16,19,1,2,REGULAR,86,R. SMITS,1,assist,200,199,[],,0,11,Rolands,Smits,Rolands,Smits,R,S,R,S,R. Smits,ANADOLU EFES,EFS,R. Smits,11,,,,,,ASS,,ANADOLU EFES R. SMITS assist,,,,,,,,,0,67,1.0,,0,35,0,16
09:21,09:21:00,35,16,19,1,2,REGULAR,72,R. BEAUBOIS,1,foul,202,,[],personal,0,1,Rodrigue,Beaubois,Rodrigue,Beaubois,R,B,R,B,R. Beaubois,ANADOLU EFES,EFS,R. Beaubois,1,,,,,,FOUL,,ANADOLU EFES R. BEAUBOIS foul personal,,,,,,,,,0,67,1.0,,0,35,0,16
09:21,09:21:00,35,16,19,2,2,REGULAR,9,R. BADZIM,1,foulon,203,202,[],,0,18,Roko,Badzim,Roko,Badzim,R,B,R,B,R. Badzim,YUKATEL MERKEZEFENDI BELEDIYESI BASKET,YMB,R. Badzim,18,,,,,,OTHER,,YUKATEL MERKEZEFENDI BELEDIYESI BASKET foulon,,,,,,,,,0,67,1.0,,0,35,0,16
09:13,09:13:00,35,19,16,2,2,REGULAR,9,R. BADZIM,1,3pt,205,,[],jumpshot,1,18,Roko,Badzim,Roko,Badzim,R,B,R,B,R. Badzim,YUKATEL MERKEZEFENDI BELEDIYESI BASKET,YMB,R. Badzim,18,,,67.580001831055,42.770000457764,1.0,P3,made,YUKATEL MERKEZEFENDI BELEDIYESI BASKET R. BADZIM 3Pt made,21.0,2.0,K. SMITH JR,,,,,,3,67,1.0,score,0,35,3,19
09:13,09:13:00,35,19,16,2,2,REGULAR,21,K. SMITH JR,1,assist,206,205,[],,0,4,Kenneth Jerome,Smith Jr,Kenneth Jerome,Smith Jr,K,S,K,S,K. Smith Jr,YUKATEL MERKEZEFENDI BELEDIYESI BASKET,YMB,K. Smith Jr,4,,,,,,ASS,,YUKATEL MERKEZEFENDI BELEDIYESI BASKET K. SMITH JR assist,,,,,,,,,0,68,2.0,,0,35,0,19
08:51,08:51:00,35,19,16,1,2,REGULAR,72,R. BEAUBOIS,1,turnover,207,,[],badpass,0,1,Rodrigue,Beaubois,Rodrigue,Beaubois,R,B,R,B,R. Beaubois,ANADOLU EFES,EFS,R. Beaubois,1,,,,,,TO,,ANADOLU EFES R. BEAUBOIS turnover badpass,,,,,,,,,0,68,2.0,turnover,0,35,0,19
08:51,08:51:00,35,19,16,2,2,REGULAR,13,J. HAWKINS,1,steal,208,207,[],,0,31,Javontae Aaron,Hawkins,Javontae Aaron,Hawkins,J,H,J,H,J. Hawkins,YUKATEL MERKEZEFENDI BELEDIYESI BASKET,YMB,J. Hawkins,31,,,,,,ST,,YUKATEL MERKEZEFENDI BELEDIYESI BASKET J. HAWKINS steal,,,,,,,,,0,69,1.0,,0,35,0,19
08:47,08:47:00,35,21,14,2,2,REGULAR,13,J. HAWKINS,1,2pt,209,,"['fromturnover', 'pointsinthepaint', 'fastbreak']",layup,1,31,Javontae Aaron,Hawkins,Javontae Aaron,Hawkins,J,H,J,H,J. Hawkins,YUKATEL MERKEZEFENDI BELEDIYESI BASKET,YMB,J. Hawkins,31,,,86.610000610352,55.479999542236,1.0,P2,made,YUKATEL MERKEZEFENDI BELEDIYESI BASKET J. HAWKINS 2Pt made,,,,,,,,,2,69,1.0,score,0,35,2,21
08:31,08:31:00,35,21,14,1,2,REGULAR,80,E. YILMAZ,0,3pt,210,,[],jumpshot,1,33,Erkan,Yilmaz,Erkan,Yilmaz,E,Y,E,Y,E. Yilmaz,ANADOLU EFES,EFS,E. Yilmaz,33,,,31.540000915527,35.419998168945,0.0,P3,missed,ANADOLU EFES E. YILMAZ 3Pt missed,,,,,,,,,0,70,2.0,def_reb,0,35,0,21
08:28,08:28:00,35,21,14,2,2,REGULAR,0,,1,rebound,212,210,['team'],defensive,0,,,,,,,,,,,YUKATEL MERKEZEFENDI BELEDIYESI BASKET,YMB,,,,,,,,TREB,,YUKATEL MERKEZEFENDI BELEDIYESI BASKET team rebound defensive,,,,,,,,,0,71,1.0,def_reb,0,35,0,21
08:16,08:16:00,35,24,11,2,2,REGULAR,9,R. BADZIM,1,3pt,214,,[],jumpshot,1,18,Roko,Badzim,Roko,Badzim,R,B,R,B,R. Badzim,YUKATEL MERKEZEFENDI BELEDIYESI BASKET,YMB,R. Badzim,18,,,70.080001831055,27.510000228882,1.0,P3,made,YUKATEL MERKEZEFENDI BELEDIYESI BASKET R. BADZIM 3Pt made,5.0,2.0,M. AGVA,,,,,,3,72,2.0,score,0,35,3,24
08:16,08:16:00,35,24,11,2,2,REGULAR,5,M. AGVA,1,assist,217,214,[],,0,46,Mahir,Agva,Mahir,Agva,M,A,M,A,M. Agva,YUKATEL MERKEZEFENDI BELEDIYESI BASKET,YMB,M. Agva,46,,,,,,ASS,,YUKATEL MERKEZEFENDI BELEDIYESI BASKET M. AGVA assist,,,,,,,,,0,73,1.0,,0,35,0,24
08:12,08:12:00,35,24,11,1,2,REGULAR,0,,1,timeout,219,,[],full,0,,,,,,,,,,,ANADOLU EFES,EFS,,,,,,,,TIMEOUT,,ANADOLU EFES timeout,,,,,,,,,0,73,1.0,,0,35,0,24
08:12,08:12:00,35,24,11,0,2,REGULAR,0,,1,timeout,220,,[],officials,0,,,,,,,,,,,,,,,,,,,,TIMEOUT,, timeout,,,,,,,,,0,73,1.0,,0,35,0,24
07:53,07:53:00,35,24,11,1,2,REGULAR,81,S. HAZER,0,2pt,222,,['pointsinthepaint'],layup,1,2,Sehmus,Hazer,Sehmus,Hazer,S,H,S,H,S. Hazer,ANADOLU EFES,EFS,S. Hazer,2,,,12.039999961853,55.759998321533,0.0,P2,missed,ANADOLU EFES S. HAZER 2Pt missed,,,,,,,,,0,73,1.0,def_reb,0,35,0,24
07:50,07:50:00,35,24,11,2,2,REGULAR,5,M. AGVA,1,rebound,223,222,[],defensive,0,46,Mahir,Agva,Mahir,Agva,M,A,M,A,M. Agva,YUKATEL MERKEZEFENDI BELEDIYESI BASKET,YMB,M. Agva,46,,,,,,REB,,YUKATEL MERKEZEFENDI BELEDIYESI BASKET rebound defensive,,,,,,,,,0,74,2.0,def_reb,0,35,0,24
07:41,07:41:00,35,27,8,2,2,REGULAR,13,J. HAWKINS,1,3pt,225,,[],jumpshot,1,31,Javontae Aaron,Hawkins,Javontae Aaron,Hawkins,J,H,J,H,J. Hawkins,YUKATEL MERKEZEFENDI BELEDIYESI BASKET,YMB,J. Hawkins,31,,,70.699996948242,85.139999389648,1.0,P3,made,YUKATEL MERKEZEFENDI BELEDIYESI BASKET J. HAWKINS 3Pt made,21.0,2.0,K. SMITH JR,,,,,,3,75,1.0,score,0,35,3,27
07:41,07:41:00,35,27,8,2,2,REGULAR,21,K. SMITH JR,1,assist,226,225,[],,0,4,Kenneth Jerome,Smith Jr,Kenneth Jerome,Smith Jr,K,S,K,S,K. Smith Jr,YUKATEL MERKEZEFENDI BELEDIYESI BASKET,YMB,K. Smith Jr,4,,,,,,ASS,,YUKATEL MERKEZEFENDI BELEDIYESI BASKET K. SMITH JR assist,,,,,,,,,0,76,2.0,,0,35,0,27
07:22,07:22:00,35,27,8,2,2,REGULAR,13,J. HAWKINS,1,foul,230,,[],personal,0,31,Javontae Aaron,Hawkins,Javontae Aaron,Hawkins,J,H,J,H,J. Hawkins,YUKATEL MERKEZEFENDI BELEDIYESI BASKET,YMB,J. Hawkins,31,,,,,,FOUL,,YUKATEL MERKEZEFENDI BELEDIYESI BASKET J. HAWKINS foul personal,,,,,,,,,0,76,2.0,,0,35,0,27
07:22,07:22:00,35,27,8,1,2,REGULAR,75,C. SWIDER,1,foulon,231,230,[],,0,21,Cole,Swider,Cole,Swider,C,S,C,S,C. Swider,ANADOLU EFES,EFS,C. Swider,21,,,,,,OTHER,,ANADOLU EFES foulon,,,,,,,,,0,76,2.0,,0,35,0,27
07:22,07:22:00,35,27,8,1,2,REGULAR,86,R. SMITS,1,substitution,232,,[],out,0,11,Rolands,Smits,Rolands,Smits,R,S,R,S,R. Smits,ANADOLU EFES,EFS,R. Smits,11,,,,,,SUB,out,ANADOLU EFES substitution out,,,,,,,,,0,76,2.0,,0,35,0,27
07:22,07:22:00,35,27,8,1,2,REGULAR,73,B. DESSERT,1,substitution,233,,[],in,0,13,Brice,Dessert,Brice,Dessert,B,D,B,D,B. Dessert,ANADOLU EFES,EFS,B. Dessert,13,,,,,,SUB,in,ANADOLU EFES substitution in,,,,,,,,,0,76,2.0,,0,35,0,27
07:13,07:13:00,38,27,11,1,2,REGULAR,80,E. YILMAZ,1,3pt,235,,[],jumpshot,1,33,Erkan,Yilmaz,Erkan,Yilmaz,E,Y,E,Y,E. Yilmaz,ANADOLU EFES,EFS,E. Yilmaz,33,,,25.459999084473,85.709999084473,1.0,P3,made,ANADOLU EFES E. YILMAZ 3Pt made,81.0,1.0,S. HAZER,,,,,,3,76,2.0,score,3,38,0,27
07:13,07:13:00,38,27,11,1,2,REGULAR,81,S. HAZER,1,assist,236,235,[],,0,2,Sehmus,Hazer,Sehmus,Hazer,S,H,S,H,S. Hazer,ANADOLU EFES,EFS,S. Hazer,2,,,,,,ASS,,ANADOLU EFES S. HAZER assist,,,,,,,,,0,77,1.0,,0,38,0,27
07:00,07:00:00,38,27,11,2,2,REGULAR,12,M. CAZALON,1,turnover,237,,[],badpass,0,21,Malcolm Jean Ahmed,Cazalon,Malcolm Jean Ahmed,Cazalon,M,C,M,C,M. Cazalon,YUKATEL MERKEZEFENDI BELEDIYESI BASKET,YMB,M. Cazalon,21,,,,,,TO,,YUKATEL MERKEZEFENDI BELEDIYESI BASKET M. CAZALON turnover badpass,,,,,,,,,0,77,1.0,turnover,0,38,0,27
07:00,07:00:00,38,27,11,1,2,REGULAR,80,E. YILMAZ,1,steal,238,237,[],,0,33,Erkan,Yilmaz,Erkan,Yilmaz,E,Y,E,Y,E. Yilmaz,ANADOLU EFES,EFS,E. Yilmaz,33,,,,,,ST,,ANADOLU EFES E. YILMAZ steal,,,,,,,,,0,78,2.0,,0,38,0,27
06:55,06:55:00,38,27,11,1,2,REGULAR,75,C. SWIDER,0,3pt,239,,['fromturnover'],jumpshot,1,21,Cole,Swider,Cole,Swider,C,S,C,S,C. Swider,ANADOLU EFES,EFS,C. Swider,21,,,21.25,91.639999389648,0.0,P3,missed,ANADOLU EFES C. SWIDER 3Pt missed,,,,,,,,,0,78,2.0,def_reb,0,38,0,27
06:51,06:51:00,38,27,11,2,2,REGULAR,0,,1,rebound,243,239,['team'],defensive,0,,,,,,,,,,,YUKATEL MERKEZEFENDI BELEDIYESI BASKET,YMB,,,,,,,,TREB,,YUKATEL MERKEZEFENDI BELEDIYESI BASKET team rebound defensive,,,,,,,,,0,79,1.0,def_reb,0,38,0,27
06:40,06:40:00,38,27,11,2,2,REGULAR,5,M. AGVA,1,turnover,245,,[],badpass,0,46,Mahir,Agva,Mahir,Agva,M,A,M,A,M. Agva,YUKATEL MERKEZEFENDI BELEDIYESI BASKET,YMB,M. Agva,46,,,,,,TO,,YUKATEL MERKEZEFENDI BELEDIYESI BASKET M. AGVA turnover badpass,,,,,,,,,0,80,2.0,turnover,0,38,0,27
06:40,06:40:00,38,27,11,1,2,REGULAR,80,E. YILMAZ,1,steal,246,245,[],,0,33,Erkan,Yilmaz,Erkan,Yilmaz,E,Y,E,Y,E. Yilmaz,ANADOLU EFES,EFS,E. Yilmaz,33,,,,,,ST,,ANADOLU EFES E. YILMAZ steal,,,,,,,,,0,81,1.0,,0,38,0,27
06:35,06:35:00,40,27,13,1,2,REGULAR,75,C. SWIDER,1,2pt,247,,"['fromturnover', 'pointsinthepaint', 'fastbreak']",layup,1,21,Cole,Swider,Cole,Swider,C,S,C,S,C. Swider,ANADOLU EFES,EFS,C. Swider,21,,,2.0599999427795,60.849998474121,1.0,P2,made,ANADOLU EFES C. SWIDER 2Pt made,80.0,1.0,E. YILMAZ,,,,,,2,81,1.0,score,2,40,0,27
06:35,06:35:00,40,27,13,1,2,REGULAR,80,E. YILMAZ,1,assist,250,247,[],,0,33,Erkan,Yilmaz,Erkan,Yilmaz,E,Y,E,Y,E. Yilmaz,ANADOLU EFES,EFS,E. Yilmaz,33,,,,,,ASS,,ANADOLU EFES E. YILMAZ assist,,,,,,,,,0,82,2.0,,0,40,0,27
06:35,06:35:00,40,27,13,2,2,REGULAR,0,,1,timeout,251,,[],full,0,,,,,,,,,,,YUKATEL MERKEZEFENDI BELEDIYESI BASKET,YMB,,,,,,,,TIMEOUT,,YUKATEL MERKEZEFENDI BELEDIYESI BASKET timeout,,,,,,,,,0,82,2.0,,0,40,0,27
06:17,06:17:00,40,29,11,2,2,REGULAR,13,J. HAWKINS,1,2pt,255,,[],jumpshot,1,31,Javontae Aaron,Hawkins,Javontae Aaron,Hawkins,J,H,J,H,J. Hawkins,YUKATEL MERKEZEFENDI BELEDIYESI BASKET,YMB,J. Hawkins,31,,,84.430000305176,23.840000152588,1.0,P2,made,YUKATEL MERKEZEFENDI BELEDIYESI BASKET J. HAWKINS 2Pt made,,,,,,,,,2,82,2.0,score,0,40,2,29
06:01,06:01:00,40,29,11,1,2,REGULAR,72,R. BEAUBOIS,0,3pt,256,,[],jumpshot,1,1,Rodrigue,Beaubois,Rodrigue,Beaubois,R,B,R,B,R. Beaubois,ANADOLU EFES,EFS,R. Beaubois,1,,,30.760000228882,76.669998168945,0.0,P3,missed,ANADOLU EFES R. BEAUBOIS 3Pt missed,,,,,,,,,0,83,1.0,def_reb,0,40,0,29
05:55,05:55:00,40,29,11,1,2,REGULAR,0,,1,rebound,260,256,['team'],offensive,0,,,,,,,,,,,ANADOLU EFES,EFS,,,,,,,,TREB,,ANADOLU EFES team rebound offensive,,,,,,,,,0,84,2.0,def_reb,0,40,0,29
05:48,05:48:00,42,29,13,1,2,REGULAR,75,C. SWIDER,1,2pt,264,,"['2ndchance', 'pointsinthepaint']",layup,1,21,Cole,Swider,Cole,Swider,C,S,C,S,C. Swider,ANADOLU EFES,EFS,C. Swider,21,,,10.170000076294,56.610000610352,1.0,P2,made,ANADOLU EFES C. SWIDER 2Pt made,81.0,1.0,S. HAZER,,,,,,2,85,1.0,score,2,42,0,29
05:48,05:48:00,42,29,13,1,2,REGULAR,81,S. HAZER,1,assist,265,264,[],,0,2,Sehmus,Hazer,Sehmus,Hazer,S,H,S,H,S. Hazer,ANADOLU EFES,EFS,S. Hazer,2,,,,,,ASS,,ANADOLU EFES S. HAZER assist,,,,,,,,,0,86,2.0,,0,42,0,29
05:29,05:29:00,42,29,13,2,2,REGULAR,9,R. BADZIM,0,3pt,266,,[],jumpshot,1,18,Roko,Badzim,Roko,Badzim,R,B,R,B,R. Badzim,YUKATEL MERKEZEFENDI BELEDIYESI BASKET,YMB,R. Badzim,18,,,66.959999084473,70.169998168945,0.0,P3,missed,YUKATEL MERKEZEFENDI BELEDIYESI BASKET R. BADZIM 3Pt missed,,,,,,,,,0,86,2.0,def_reb,0,42,0,29
05:26,05:26:00,42,29,13,1,2,REGULAR,80,E. YILMAZ,1,rebound,267,266,[],defensive,0,33,Erkan,Yilmaz,Erkan,Yilmaz,E,Y,E,Y,E. Yilmaz,ANADOLU EFES,EFS,E. Yilmaz,33,,,,,,REB,,ANADOLU EFES rebound defensive,,,,,,,,,0,87,1.0,def_reb,0,42,0,29
05:16,05:16:00,42,29,13,1,2,REGULAR,73,B. DESSERT,1,turnover,269,,[],travel,0,13,Brice,Dessert,Brice,Dessert,B,D,B,D,B. Dessert,ANADOLU EFES,EFS,B. Dessert,13,,,,,,TO,,ANADOLU EFES B. DESSERT turnover travel,,,,,,,,,0,88,2.0,turnover,0,42,0,29
05:16,05:16:00,42,29,13,1,2,REGULAR,80,E. YILMAZ,1,substitution,270,,[],out,0,33,Erkan,Yilmaz,Erkan,Yilmaz,E,Y,E,Y,E. Yilmaz,ANADOLU EFES,EFS,E. Yilmaz,33,,,,,,SUB,out,ANADOLU EFES substitution out,,,,,,,,,0,89,1.0,,0,42,0,29
05:16,05:16:00,42,29,13,1,2,REGULAR,88,I. CORDINIER,1,substitution,271,,[],in,0,10,Isaia,Cordinier,Isaia,Cordinier,I,C,I,C,I. Cordinier,ANADOLU EFES,EFS,I. Cordinier,10,,,,,,SUB,in,ANADOLU EFES substitution in,,,,,,,,,0,89,1.0,,0,42,0,29
05:16,05:16:00,42,29,13,2,2,REGULAR,9,R. BADZIM,1,substitution,272,,[],out,0,18,Roko,Badzim,Roko,Badzim,R,B,R,B,R. Badzim,YUKATEL MERKEZEFENDI BELEDIYESI BASKET,YMB,R. Badzim,18,,,,,,SUB,out,YUKATEL MERKEZEFENDI BELEDIYESI BASKET substitution out,,,,,,,,,0,89,1.0,,0,42,0,29
05:16,05:16:00,42,29,13,2,2,REGULAR,13,J. HAWKINS,1,substitution,273,,[],out,0,31,Javontae Aaron,Hawkins,Javontae Aaron,Hawkins,J,H,J,H,J. Hawkins,YUKATEL MERKEZEFENDI BELEDIYESI BASKET,YMB,J. Hawkins,31,,,,,,SUB,out,YUKATEL MERKEZEFENDI BELEDIYESI BASKET substitution out,,,,,,,,,0,89,1.0,,0,42,0,29
05:16,05:16:00,42,29,13,2,2,REGULAR,3,E. TANISAN,1,substitution,274,,[],in,0,0,Emre,Tanisan,Emre,Tanisan,E,T,E,T,E. Tanisan,YUKATEL MERKEZEFENDI BELEDIYESI BASKET,YMB,E. Tanisan,0,,,,,,SUB,in,YUKATEL MERKEZEFENDI BELEDIYESI BASKET substitution in,,,,,,,,,0,89,1.0,,0,42,0,29
05:16,05:16:00,42,29,13,2,2,REGULAR,11,S. GRIFFIN,1,substitution,275,,[],in,0,1,Samuel Gevaris,Griffin,Samuel Gevaris,Griffin,S,G,S,G,S. Griffin,YUKATEL MERKEZEFENDI BELEDIYESI BASKET,YMB,S. Griffin,1,,,,,,SUB,in,YUKATEL MERKEZEFENDI BELEDIYESI BASKET substitution in,,,,,,,,,0,89,1.0,,0,42,0,29
04:59,04:59:00,42,29,13,2,2,REGULAR,5,M. AGVA,0,2pt,279,,['fromturnover'],jumpshot,1,46,Mahir,Agva,Mahir,Agva,M,A,M,A,M. Agva,YUKATEL MERKEZEFENDI BELEDIYESI BASKET,YMB,M. Agva,46,,,72.569999694824,47.009998321533,0.0,P2,missed,YUKATEL MERKEZEFENDI BELEDIYESI BASKET M. AGVA 2Pt missed,,,,,,,,,0,89,1.0,def_reb,0,42,0,29
04:56,04:56:00,42,29,13,1,2,REGULAR,88,I. CORDINIER,1,rebound,280,279,[],defensive,0,10,Isaia,Cordinier,Isaia,Cordinier,I,C,I,C,I. Cordinier,ANADOLU EFES,EFS,I. Cordinier,10,,,,,,REB,,ANADOLU EFES rebound defensive,,,,,,,,,0,90,2.0,def_reb,0,42,0,29
04:51,04:51:00,42,29,13,1,2,REGULAR,81,S. HAZER,0,3pt,281,,[],jumpshot,1,2,Sehmus,Hazer,Sehmus,Hazer,S,H,S,H,S. Hazer,ANADOLU EFES,EFS,S. Hazer,2,,,21.25,10.560000419617,0.0,P3,missed,ANADOLU EFES S. HAZER 3Pt missed,,,,,,,,,0,91,1.0,def_reb,0,42,0,29
04:48,04:48:00,42,29,13,2,2,REGULAR,21,K. SMITH JR,1,rebound,282,281,[],defensive,0,4,Kenneth Jerome,Smith Jr,Kenneth Jerome,Smith Jr,K,S,K,S,K. Smith Jr,YUKATEL MERKEZEFENDI BELEDIYESI BASKET,YMB,K. Smith Jr,4,,,,,,REB,,YUKATEL MERKEZEFENDI BELEDIYESI BASKET rebound defensive,,,,,,,,,0,92,2.0,def_reb,0,42,0,29
04:43,04:43:00,42,29,13,2,2,REGULAR,12,M. CAZALON,0,3pt,283,,[],jumpshot,1,21,Malcolm Jean Ahmed,Cazalon,Malcolm Jean Ahmed,Cazalon,M,C,M,C,M. Cazalon,YUKATEL MERKEZEFENDI BELEDIYESI BASKET,YMB,M. Cazalon,21,,,76.629997253418,11.979999542236,0.0,P3,missed,YUKATEL MERKEZEFENDI BELEDIYESI BASKET M. CAZALON 3Pt missed,,,,,,,,,0,93,1.0,def_reb,0,42,0,29
04:40,04:40:00,42,29,13,1,2,REGULAR,81,S. HAZER,1,rebound,284,283,[],defensive,0,2,Sehmus,Hazer,Sehmus,Hazer,S,H,S,H,S. Hazer,ANADOLU EFES,EFS,S. Hazer,2,,,,,,REB,,ANADOLU EFES rebound defensive,,,,,,,,,0,94,2.0,def_reb,0,42,0,29
04:21,04:21:00,42,29,13,2,2,REGULAR,5,M. AGVA,1,foul,288,,[],personal,0,46,Mahir,Agva,Mahir,Agva,M,A,M,A,M. Agva,YUKATEL MERKEZEFENDI BELEDIYESI BASKET,YMB,M. Agva,46,,,,,,FOUL,,YUKATEL MERKEZEFENDI BELEDIYESI BASKET M. AGVA foul personal,,,,,,,,,0,95,1.0,,0,42,0,29
04:21,04:21:00,42,29,13,1,2,REGULAR,73,B. DESSERT,1,foulon,289,288,[],,0,13,Brice,Dessert,Brice,Dessert,B,D,B,D,B. Dessert,ANADOLU EFES,EFS,B. Dessert,13,,,,,,OTHER,,ANADOLU EFES foulon,,,,,,,,,0,95,1.0,,0,42,0,29
04:21,04:21:00,42,29,13,2,2,REGULAR,5,M. AGVA,1,substitution,290,,[],out,0,46,Mahir,Agva,Mahir,Agva,M,A,M,A,M. Agva,YUKATEL MERKEZEFENDI BELEDIYESI BASKET,YMB,M. Agva,46,,,,,,SUB,out,YUKATEL MERKEZEFENDI BELEDIYESI BASKET substitution out,,,,,,,,,0,95,1.0,,0,42,0,29
04:21,04:21:00,42,29,13,2,2,REGULAR,10,J. ROBERTS,1,substitution,291,,[],in,0,23,Joshua Artee,Roberts,Joshua Artee,Roberts,J,R,J,R,J. Roberts,YUKATEL MERKEZEFENDI BELEDIYESI BASKET,YMB,J. Roberts,23,,,,,,SUB,in,YUKATEL MERKEZEFENDI BELEDIYESI BASKET substitution in,,,,,,,,,0,95,1.0,,0,42,0,29
04:21,04:21:00,42,29,13,1,2,REGULAR,72,R. BEAUBOIS,1,substitution,292,,[],out,0,1,Rodrigue,Beaubois,Rodrigue,Beaubois,R,B,R,B,R. Beaubois,ANADOLU EFES,EFS,R. Beaubois,1,,,,,,SUB,out,ANADOLU EFES substitution out,,,,,,,,,0,95,1.0,,0,42,0,29
04:21,04:21:00,42,29,13,1,2,REGULAR,87,N. WEILER-BABB,1,substitution,293,,[],in,0,8,Nick,Weiler-Babb,Nick,Weiler-Babb,N,W,N,W,N. Weiler-Babb,ANADOLU EFES,EFS,N. Weiler-Babb,8,,,,,,SUB,in,ANADOLU EFES substitution in,,,,,,,,,0,95,1.0,,0,42,0,29
04:20,04:20:00,42,29,13,1,2,REGULAR,81,S. HAZER,1,turnover,295,,[],badpass,0,2,Sehmus,Hazer,Sehmus,Hazer,S,H,S,H,S. Hazer,ANADOLU EFES,EFS,S. Hazer,2,,,,,,TO,,ANADOLU EFES S. HAZER turnover badpass,,,,,,,,,0,95,1.0,turnover,0,42,0,29
04:20,04:20:00,42,29,13,2,2,REGULAR,3,E. TANISAN,1,steal,296,295,[],,0,0,Emre,Tanisan,Emre,Tanisan,E,T,E,T,E. Tanisan,YUKATEL MERKEZEFENDI BELEDIYESI BASKET,YMB,E. Tanisan,0,,,,,,ST,,YUKATEL MERKEZEFENDI BELEDIYESI BASKET E. TANISAN steal,,,,,,,,,0,96,2.0,,0,42,0,29
04:17,04:17:00,42,29,13,2,2,REGULAR,3,E. TANISAN,1,turnover,297,,[],badpass,0,0,Emre,Tanisan,Emre,Tanisan,E,T,E,T,E. Tanisan,YUKATEL MERKEZEFENDI BELEDIYESI BASKET,YMB,E. Tanisan,0,,,,,,TO,,YUKATEL MERKEZEFENDI BELEDIYESI BASKET E. TANISAN turnover badpass,,,,,,,,,0,96,2.0,turnover,0,42,0,29
04:17,04:17:00,42,29,13,1,2,REGULAR,87,N. WEILER-BABB,1,steal,298,297,[],,0,8,Nick,Weiler-Babb,Nick,Weiler-Babb,N,W,N,W,N. Weiler-Babb,ANADOLU EFES,EFS,N. Weiler-Babb,8,,,,,,ST,,ANADOLU EFES N. WEILER-BABB steal,,,,,,,,,0,97,1.0,,0,42,0,29
04:13,04:13:00,45,29,16,1,2,REGULAR,88,I. CORDINIER,1,3pt,299,,"['fromturnover', 'fastbreak']",jumpshot,1,10,Isaia,Cordinier,Isaia,Cordinier,I,C,I,C,I. Cordinier,ANADOLU EFES,EFS,I. Cordinier,10,,,29.979999542236,24.969999313354,1.0,P3,made,ANADOLU EFES I. CORDINIER 3Pt made,87.0,1.0,N. WEILER-BABB,,,,,,3,97,1.0,score,3,45,0,29
04:13,04:13:00,45,29,16,1,2,REGULAR,87,N. WEILER-BABB,1,assist,300,299,[],,0,8,Nick,Weiler-Babb,Nick,Weiler-Babb,N,W,N,W,N. Weiler-Babb,ANADOLU EFES,EFS,N. Weiler-Babb,8,,,,,,ASS,,ANADOLU EFES N. WEILER-BABB assist,,,,,,,,,0,98,2.0,,0,45,0,29
03:53,03:53:00,45,29,16,2,2,REGULAR,21,K. SMITH JR,1,turnover,301,,[],badpass,0,4,Kenneth Jerome,Smith Jr,Kenneth Jerome,Smith Jr,K,S,K,S,K. Smith Jr,YUKATEL MERKEZEFENDI BELEDIYESI BASKET,YMB,K. Smith Jr,4,,,,,,TO,,YUKATEL MERKEZEFENDI BELEDIYESI BASKET K. SMITH JR turnover badpass,,,,,,,,,0,98,2.0,turnover,0,45,0,29
03:53,03:53:00,45,29,16,1,2,REGULAR,81,S. HAZER,1,steal,303,301,[],,0,2,Sehmus,Hazer,Sehmus,Hazer,S,H,S,H,S. Hazer,ANADOLU EFES,EFS,S. Hazer,2,,,,,,ST,,ANADOLU EFES S. HAZER steal,,,,,,,,,0,99,1.0,,0,45,0,29
03:52,03:52:00,45,29,16,2,2,REGULAR,3,E. TANISAN,1,foul,305,,['2freethrow'],unsportsmanlike,0,0,Emre,Tanisan,Emre,Tanisan,E,T,E,T,E. Tanisan,YUKATEL MERKEZEFENDI BELEDIYESI BASKET,YMB,E. Tanisan,0,,,,,,FOUL,,YUKATEL MERKEZEFENDI BELEDIYESI BASKET E. TANISAN foul unsportsmanlike,,,,,,,,,0,99,1.0,,0,45,0,29
03:52,03:52:00,45,29,16,1,2,REGULAR,81,S. HAZER,1,foulon,306,305,[],,0,2,Sehmus,Hazer,Sehmus,Hazer,S,H,S,H,S. Hazer,ANADOLU EFES,EFS,S. Hazer,2,,,,,,OTHER,,ANADOLU EFES foulon,,,,,,,,,0,99,1.0,,0,45,0,29
03:52,03:52:00,45,29,16,1,2,REGULAR,81,S. HAZER,0,freethrow,307,,"['fastbreak', 'fromturnover']",1of2,1,2,Sehmus,Hazer,Sehmus,Hazer,S,H,S,H,S. Hazer,ANADOLU EFES,EFS,S. Hazer,2,,,,,,FT,missed,ANADOLU EFES S. HAZER FT 1of2 missed,,,,,,,,,0,99,1.0,def_reb,0,45,0,29
03:52,03:52:00,45,29,16,1,2,REGULAR,0,,1,rebound,308,307,[],offensivedeadball,0,,,,,,,,,,,ANADOLU EFES,EFS,,,,,,,,TREB,,ANADOLU EFES team rebound offensivedeadball,,,,,,,,,0,100,2.0,def_reb,0,45,0,29
03:52,03:52:00,46,29,17,1,2,REGULAR,81,S. HAZER,1,freethrow,309,,"['fastbreak', 'fromturnover']",2of2,1,2,Sehmus,Hazer,Sehmus,Hazer,S,H,S,H,S. Hazer,ANADOLU EFES,EFS,S. Hazer,2,,,,,,FT,made,ANADOLU EFES S. HAZER FT 2of2 made,,,,,,,,,1,101,1.0,made_ft_last,1,46,0,29
03:44,03:44:00,46,29,17,1,2,REGULAR,88,I. CORDINIER,1,turnover,311,,[],badpass,0,10,Isaia,Cordinier,Isaia,Cordinier,I,C,I,C,I. Cordinier,ANADOLU EFES,EFS,I. Cordinier,10,,,,,,TO,,ANADOLU EFES I. CORDINIER turnover badpass,,,,,,,,,0,102,2.0,turnover,0,46,0,29
03:44,03:44:00,46,29,17,2,2,REGULAR,21,K. SMITH JR,1,steal,312,311,[],,0,4,Kenneth Jerome,Smith Jr,Kenneth Jerome,Smith Jr,K,S,K,S,K. Smith Jr,YUKATEL MERKEZEFENDI BELEDIYESI BASKET,YMB,K. Smith Jr,4,,,,,,ST,,YUKATEL MERKEZEFENDI BELEDIYESI BASKET K. SMITH JR steal,,,,,,,,,0,103,1.0,,0,46,0,29
03:38,03:38:00,46,29,17,1,2,REGULAR,87,N. WEILER-BABB,1,foul,314,,[],personal,0,8,Nick,Weiler-Babb,Nick,Weiler-Babb,N,W,N,W,N. Weiler-Babb,ANADOLU EFES,EFS,N. Weiler-Babb,8,,,,,,FOUL,,ANADOLU EFES N. WEILER-BABB foul personal,,,,,,,,,0,103,1.0,,0,46,0,29
03:38,03:38:00,46,29,17,2,2,REGULAR,21,K. SMITH JR,1,foulon,315,314,[],,0,4,Kenneth Jerome,Smith Jr,Kenneth Jerome,Smith Jr,K,S,K,S,K. Smith Jr,YUKATEL MERKEZEFENDI BELEDIYESI BASKET,YMB,K. Smith Jr,4,,,,,,OTHER,,YUKATEL MERKEZEFENDI BELEDIYESI BASKET foulon,,,,,,,,,0,103,1.0,,0,46,0,29
03:26,03:26:00,46,29,17,2,2,REGULAR,21,K. SMITH JR,0,3pt,317,,['fromturnover'],jumpshot,1,4,Kenneth Jerome,Smith Jr,Kenneth Jerome,Smith Jr,K,S,K,S,K. Smith Jr,YUKATEL MERKEZEFENDI BELEDIYESI BASKET,YMB,K. Smith Jr,4,,,67.73999786377,36.840000152588,0.0,P3,missed,YUKATEL MERKEZEFENDI BELEDIYESI BASKET K. SMITH JR 3Pt missed,,,,,,,,,0,103,1.0,def_reb,0,46,0,29
03:24,03:24:00,46,29,17,1,2,REGULAR,75,C. SWIDER,1,rebound,318,317,[],defensive,0,21,Cole,Swider,Cole,Swider,C,S,C,S,C. Swider,ANADOLU EFES,EFS,C. Swider,21,,,,,,REB,,ANADOLU EFES rebound defensive,,,,,,,,,0,104,2.0,def_reb,0,46,0,29
03:18,03:18:00,46,29,17,2,2,REGULAR,3,E. TANISAN,1,foul,322,,[],personal,0,0,Emre,Tanisan,Emre,Tanisan,E,T,E,T,E. Tanisan,YUKATEL MERKEZEFENDI BELEDIYESI BASKET,YMB,E. Tanisan,0,,,,,,FOUL,,YUKATEL MERKEZEFENDI BELEDIYESI BASKET E. TANISAN foul personal,,,,,,,,,0,105,1.0,,0,46,0,29
03:18,03:18:00,46,29,17,1,2,REGULAR,75,C. SWIDER,1,foulon,323,322,[],,0,21,Cole,Swider,Cole,Swider,C,S,C,S,C. Swider,ANADOLU EFES,EFS,C. Swider,21,,,,,,OTHER,,ANADOLU EFES foulon,,,,,,,,,0,105,1.0,,0,46,0,29
03:12,03:12:00,48,29,19,1,2,REGULAR,81,S. HAZER,1,2pt,329,,['pointsinthepaint'],jumpshot,1,2,Sehmus,Hazer,Sehmus,Hazer,S,H,S,H,S. Hazer,ANADOLU EFES,EFS,S. Hazer,2,,,17.969999313354,58.590000152588,1.0,P2,made,ANADOLU EFES S. HAZER 2Pt made,,,,,,,,,2,105,1.0,score,2,48,0,29
02:51,02:51:00,48,29,19,1,2,REGULAR,81,S. HAZER,1,foul,331,,[],personal,0,2,Sehmus,Hazer,Sehmus,Hazer,S,H,S,H,S. Hazer,ANADOLU EFES,EFS,S. Hazer,2,,,,,,FOUL,,ANADOLU EFES S. HAZER foul personal,,,,,,,,,0,106,2.0,,0,48,0,29
02:51,02:51:00,48,29,19,2,2,REGULAR,3,E. TANISAN,1,foulon,332,331,[],,0,0,Emre,Tanisan,Emre,Tanisan,E,T,E,T,E. Tanisan,YUKATEL MERKEZEFENDI BELEDIYESI BASKET,YMB,E. Tanisan,0,,,,,,OTHER,,YUKATEL MERKEZEFENDI BELEDIYESI BASKET foulon,,,,,,,,,0,106,2.0,,0,48,0,29
02:41,02:41:00,48,29,19,2,2,REGULAR,11,S. GRIFFIN,0,2pt,334,,[],floatingjumpshot,1,1,Samuel Gevaris,Griffin,Samuel Gevaris,Griffin,S,G,S,G,S. Griffin,YUKATEL MERKEZEFENDI BELEDIYESI BASKET,YMB,S. Griffin,1,,,75.069999694824,56.330001831055,0.0,P2,missed,YUKATEL MERKEZEFENDI BELEDIYESI BASKET S. GRIFFIN 2Pt missed,,,,,,,,,0,106,2.0,,0,48,0,29
02:38,02:38:00,48,29,19,2,2,REGULAR,11,S. GRIFFIN,1,rebound,335,334,[],offensive,0,1,Samuel Gevaris,Griffin,Samuel Gevaris,Griffin,S,G,S,G,S. Griffin,YUKATEL MERKEZEFENDI BELEDIYESI BASKET,YMB,S. Griffin,1,,,,,,REB,,YUKATEL MERKEZEFENDI BELEDIYESI BASKET rebound offensive,,,,,,,,,0,106,2.0,,0,48,0,29
02:37,02:37:00,48,29,19,2,2,REGULAR,11,S. GRIFFIN,0,2pt,336,,"['2ndchance', 'pointsinthepaint']",floatingjumpshot,1,1,Samuel Gevaris,Griffin,Samuel Gevaris,Griffin,S,G,S,G,S. Griffin,YUKATEL MERKEZEFENDI BELEDIYESI BASKET,YMB,S. Griffin,1,,,85.98999786377,60.0,0.0,P2,missed,YUKATEL MERKEZEFENDI BELEDIYESI BASKET S. GRIFFIN 2Pt missed,,,,,,,,,0,106,2.0,def_reb,0,48,0,29
02:34,02:34:00,48,29,19,1,2,REGULAR,88,I. CORDINIER,1,rebound,337,336,[],defensive,0,10,Isaia,Cordinier,Isaia,Cordinier,I,C,I,C,I. Cordinier,ANADOLU EFES,EFS,I. Cordinier,10,,,,,,REB,,ANADOLU EFES rebound defensive,,,,,,,,,0,107,1.0,def_reb,0,48,0,29
02:32,02:32:00,48,29,19,1,2,REGULAR,88,I. CORDINIER,1,turnover,338,,[],ballhandling,0,10,Isaia,Cordinier,Isaia,Cordinier,I,C,I,C,I. Cordinier,ANADOLU EFES,EFS,I. Cordinier,10,,,,,,TO,,ANADOLU EFES I. CORDINIER turnover ballhandling,,,,,,,,,0,108,2.0,turnover,0,48,0,29
02:32,02:32:00,48,29,19,2,2,REGULAR,3,E. TANISAN,1,steal,339,338,[],,0,0,Emre,Tanisan,Emre,Tanisan,E,T,E,T,E. Tanisan,YUKATEL MERKEZEFENDI BELEDIYESI BASKET,YMB,E. Tanisan,0,,,,,,ST,,YUKATEL MERKEZEFENDI BELEDIYESI BASKET E. TANISAN steal,,,,,,,,,0,109,1.0,,0,48,0,29
02:29,02:29:00,48,31,17,2,2,REGULAR,3,E. TANISAN,1,2pt,340,,"['fromturnover', 'pointsinthepaint', 'fastbreak']",dunk,1,0,Emre,Tanisan,Emre,Tanisan,E,T,E,T,E. Tanisan,YUKATEL MERKEZEFENDI BELEDIYESI BASKET,YMB,E. Tanisan,0,,,90.980003356934,55.479999542236,1.0,P2,made,YUKATEL MERKEZEFENDI BELEDIYESI BASKET E. TANISAN 2Pt made,11.0,2.0,S. GRIFFIN,,,,,,2,109,1.0,score,0,48,2,31
02:29,02:29:00,48,31,17,2,2,REGULAR,11,S. GRIFFIN,1,assist,341,340,[],,0,1,Samuel Gevaris,Griffin,Samuel Gevaris,Griffin,S,G,S,G,S. Griffin,YUKATEL MERKEZEFENDI BELEDIYESI BASKET,YMB,S. Griffin,1,,,,,,ASS,,YUKATEL MERKEZEFENDI BELEDIYESI BASKET S. GRIFFIN assist,,,,,,,,,0,110,2.0,,0,48,0,31
02:00,02:00:00,48,31,17,1,2,REGULAR,81,S. HAZER,0,3pt,342,,[],jumpshot,1,2,Sehmus,Hazer,Sehmus,Hazer,S,H,S,H,S. Hazer,ANADOLU EFES,EFS,S. Hazer,2,,,31.540000915527,42.490001678467,0.0,P3,missed,ANADOLU EFES S. HAZER 3Pt missed,,,,,,,,,0,110,2.0,def_reb,0,48,0,31
01:57,01:57:00,48,31,17,2,2,REGULAR,10,J. ROBERTS,1,rebound,343,342,[],defensive,0,23,Joshua Artee,Roberts,Joshua Artee,Roberts,J,R,J,R,J. Roberts,YUKATEL MERKEZEFENDI BELEDIYESI BASKET,YMB,J. Roberts,23,,,,,,REB,,YUKATEL MERKEZEFENDI BELEDIYESI BASKET rebound defensive,,,,,,,,,0,111,1.0,def_reb,0,48,0,31
01:41,01:41:00,48,33,15,2,2,REGULAR,3,E. TANISAN,1,2pt,344,,['pointsinthepaint'],layup,1,0,Emre,Tanisan,Emre,Tanisan,E,T,E,T,E. Tanisan,YUKATEL MERKEZEFENDI BELEDIYESI BASKET,YMB,E. Tanisan,0,,,87.550003051758,48.700000762939,1.0,P2,made,YUKATEL MERKEZEFENDI BELEDIYESI BASKET E. TANISAN 2Pt made,21.0,2.0,K. SMITH JR,,,,,,2,112,2.0,score,0,48,2,33
01:41,01:41:00,48,33,15,2,2,REGULAR,21,K. SMITH JR,1,assist,346,344,[],,0,4,Kenneth Jerome,Smith Jr,Kenneth Jerome,Smith Jr,K,S,K,S,K. Smith Jr,YUKATEL MERKEZEFENDI BELEDIYESI BASKET,YMB,K. Smith Jr,4,,,,,,ASS,,YUKATEL MERKEZEFENDI BELEDIYESI BASKET K. SMITH JR assist,,,,,,,,,0,113,1.0,,0,48,0,33
01:40,01:40:00,48,33,15,1,2,REGULAR,0,,1,timeout,347,,[],full,0,,,,,,,,,,,ANADOLU EFES,EFS,,,,,,,,TIMEOUT,,ANADOLU EFES timeout,,,,,,,,,0,113,1.0,,0,48,0,33
01:40,01:40:00,48,33,15,1,2,REGULAR,81,S. HAZER,1,substitution,348,,[],out,0,2,Sehmus,Hazer,Sehmus,Hazer,S,H,S,H,S. Hazer,ANADOLU EFES,EFS,S. Hazer,2,,,,,,SUB,out,ANADOLU EFES substitution out,,,,,,,,,0,113,1.0,,0,48,0,33
01:40,01:40:00,48,33,15,1,2,REGULAR,75,C. SWIDER,1,substitution,349,,[],out,0,21,Cole,Swider,Cole,Swider,C,S,C,S,C. Swider,ANADOLU EFES,EFS,C. Swider,21,,,,,,SUB,out,ANADOLU EFES substitution out,,,,,,,,,0,113,1.0,,0,48,0,33
01:40,01:40:00,48,33,15,1,2,REGULAR,92,J. LOYD,1,substitution,350,,[],in,0,3,Jordan,Loyd,Jordan,Loyd,J,L,J,L,J. Loyd,ANADOLU EFES,EFS,J. Loyd,3,,,,,,SUB,in,ANADOLU EFES substitution in,,,,,,,,,0,113,1.0,,0,48,0,33
01:40,01:40:00,48,33,15,1,2,REGULAR,80,E. YILMAZ,1,substitution,351,,[],in,0,33,Erkan,Yilmaz,Erkan,Yilmaz,E,Y,E,Y,E. Yilmaz,ANADOLU EFES,EFS,E. Yilmaz,33,,,,,,SUB,in,ANADOLU EFES substitution in,,,,,,,,,0,113,1.0,,0,48,0,33
01:35,01:35:00,48,33,15,2,2,REGULAR,11,S. GRIFFIN,1,foul,356,,['2freethrow'],personal,0,1,Samuel Gevaris,Griffin,Samuel Gevaris,Griffin,S,G,S,G,S. Griffin,YUKATEL MERKEZEFENDI BELEDIYESI BASKET,YMB,S. Griffin,1,,,,,,FOUL,,YUKATEL MERKEZEFENDI BELEDIYESI BASKET S. GRIFFIN foul personal,,,,,,,,,0,113,1.0,,0,48,0,33
01:35,01:35:00,48,33,15,1,2,REGULAR,87,N. WEILER-BABB,1,foulon,357,356,[],,0,8,Nick,Weiler-Babb,Nick,Weiler-Babb,N,W,N,W,N. Weiler-Babb,ANADOLU EFES,EFS,N. Weiler-Babb,8,,,,,,OTHER,,ANADOLU EFES foulon,,,,,,,,,0,113,1.0,,0,48,0,33
01:35,01:35:00,48,33,15,2,2,REGULAR,3,E. TANISAN,1,substitution,358,,[],out,0,0,Emre,Tanisan,Emre,Tanisan,E,T,E,T,E. Tanisan,YUKATEL MERKEZEFENDI BELEDIYESI BASKET,YMB,E. Tanisan,0,,,,,,SUB,out,YUKATEL MERKEZEFENDI BELEDIYESI BASKET substitution out,,,,,,,,,0,113,1.0,,0,48,0,33
01:35,01:35:00,48,33,15,2,2,REGULAR,11,S. GRIFFIN,1,substitution,359,,[],out,0,1,Samuel Gevaris,Griffin,Samuel Gevaris,Griffin,S,G,S,G,S. Griffin,YUKATEL MERKEZEFENDI BELEDIYESI BASKET,YMB,S. Griffin,1,,,,,,SUB,out,YUKATEL MERKEZEFENDI BELEDIYESI BASKET substitution out,,,,,,,,,0,113,1.0,,0,48,0,33
01:35,01:35:00,48,33,15,2,2,REGULAR,7,Ö. ILYASOGLU,1,substitution,360,,[],in,0,13,Ömer Can,Ilyasoglu,Ömer Can,Ilyasoglu,Ö,I,Ö,I,Ö. Ilyasoglu,YUKATEL MERKEZEFENDI BELEDIYESI BASKET,YMB,Ö. Ilyasoglu,13,,,,,,SUB,in,YUKATEL MERKEZEFENDI BELEDIYESI BASKET substitution in,,,,,,,,,0,113,1.0,,0,48,0,33
01:35,01:35:00,48,33,15,2,2,REGULAR,13,J. HAWKINS,1,substitution,361,,[],in,0,31,Javontae Aaron,Hawkins,Javontae Aaron,Hawkins,J,H,J,H,J. Hawkins,YUKATEL MERKEZEFENDI BELEDIYESI BASKET,YMB,J. Hawkins,31,,,,,,SUB,in,YUKATEL MERKEZEFENDI BELEDIYESI BASKET substitution in,,,,,,,,,0,113,1.0,,0,48,0,33
01:35,01:35:00,49,33,16,1,2,REGULAR,87,N. WEILER-BABB,1,freethrow,362,,[],1of2,1,8,Nick,Weiler-Babb,Nick,Weiler-Babb,N,W,N,W,N. Weiler-Babb,ANADOLU EFES,EFS,N. Weiler-Babb,8,,,,,,FT,made,ANADOLU EFES N. WEILER-BABB FT 1of2 made,,,,,,,,,1,113,1.0,made_ft,1,49,0,33
01:35,01:35:00,50,33,17,1,2,REGULAR,87,N. WEILER-BABB,1,freethrow,363,,[],2of2,1,8,Nick,Weiler-Babb,Nick,Weiler-Babb,N,W,N,W,N. Weiler-Babb,ANADOLU EFES,EFS,N. Weiler-Babb,8,,,,,,FT,made,ANADOLU EFES N. WEILER-BABB FT 2of2 made,,,,,,,,,1,114,2.0,made_ft_last,1,50,0,33
01:13,01:13:00,50,33,17,2,2,REGULAR,7,Ö. ILYASOGLU,0,2pt,365,,[],jumpshot,1,13,Ömer Can,Ilyasoglu,Ömer Can,Ilyasoglu,Ö,I,Ö,I,Ö. Ilyasoglu,YUKATEL MERKEZEFENDI BELEDIYESI BASKET,YMB,Ö. Ilyasoglu,13,,,79.75,74.690002441406,0.0,P2,missed,YUKATEL MERKEZEFENDI BELEDIYESI BASKET Ö. ILYASOGLU 2Pt missed,,,,,,,,,0,115,1.0,def_reb,0,50,0,33
01:10,01:10:00,50,33,17,1,2,REGULAR,73,B. DESSERT,1,rebound,366,365,[],defensive,0,13,Brice,Dessert,Brice,Dessert,B,D,B,D,B. Dessert,ANADOLU EFES,EFS,B. Dessert,13,,,,,,REB,,ANADOLU EFES rebound defensive,,,,,,,,,0,116,2.0,def_reb,0,50,0,33
01:00,01:00:00,50,33,17,1,2,REGULAR,88,I. CORDINIER,0,3pt,367,,[],jumpshot,1,10,Isaia,Cordinier,Isaia,Cordinier,I,C,I,C,I. Cordinier,ANADOLU EFES,EFS,I. Cordinier,10,,,24.840000152588,16.780000686646,0.0,P3,missed,ANADOLU EFES I. CORDINIER 3Pt missed,,,,,,,,,0,117,1.0,def_reb,0,50,0,33
00:57,00:57:60,50,33,17,2,2,REGULAR,21,K. SMITH JR,1,rebound,368,367,[],defensive,0,4,Kenneth Jerome,Smith Jr,Kenneth Jerome,Smith Jr,K,S,K,S,K. Smith Jr,YUKATEL MERKEZEFENDI BELEDIYESI BASKET,YMB,K. Smith Jr,4,,,,,,REB,,YUKATEL MERKEZEFENDI BELEDIYESI BASKET rebound defensive,,,,,,,,,0,118,2.0,def_reb,0,50,0,33
00:53,00:53:70,50,33,17,1,2,REGULAR,87,N. WEILER-BABB,1,foul,372,,"['shooting', '3freethrow']",personal,0,8,Nick,Weiler-Babb,Nick,Weiler-Babb,N,W,N,W,N. Weiler-Babb,ANADOLU EFES,EFS,N. Weiler-Babb,8,,,,,,FOUL,,ANADOLU EFES N. WEILER-BABB foul personal,,,,,,,,,0,119,1.0,,0,50,0,33
00:53,00:53:70,50,33,17,2,2,REGULAR,21,K. SMITH JR,1,foulon,373,372,[],,0,4,Kenneth Jerome,Smith Jr,Kenneth Jerome,Smith Jr,K,S,K,S,K. Smith Jr,YUKATEL MERKEZEFENDI BELEDIYESI BASKET,YMB,K. Smith Jr,4,,,,,,OTHER,,YUKATEL MERKEZEFENDI BELEDIYESI BASKET foulon,,,,,,,,,0,119,1.0,,0,50,0,33
00:53,00:53:70,50,33,17,2,2,REGULAR,21,K. SMITH JR,0,freethrow,374,,['fastbreak'],1of3,1,4,Kenneth Jerome,Smith Jr,Kenneth Jerome,Smith Jr,K,S,K,S,K. Smith Jr,YUKATEL MERKEZEFENDI BELEDIYESI BASKET,YMB,K. Smith Jr,4,,,,,,FT,missed,YUKATEL MERKEZEFENDI BELEDIYESI BASKET K. SMITH JR FT 1of3 missed,,,,,,,,,0,119,1.0,def_reb,0,50,0,33
00:53,00:53:70,50,33,17,2,2,REGULAR,0,,1,rebound,375,374,[],offensivedeadball,0,,,,,,,,,,,YUKATEL MERKEZEFENDI BELEDIYESI BASKET,YMB,,,,,,,,TREB,,YUKATEL MERKEZEFENDI BELEDIYESI BASKET team rebound offensivedeadball,,,,,,,,,0,120,2.0,def_reb,0,50,0,33
00:53,00:53:70,50,34,16,2,2,REGULAR,21,K. SMITH JR,1,freethrow,376,,['fastbreak'],2of3,1,4,Kenneth Jerome,Smith Jr,Kenneth Jerome,Smith Jr,K,S,K,S,K. Smith Jr,YUKATEL MERKEZEFENDI BELEDIYESI BASKET,YMB,K. Smith Jr,4,,,,,,FT,made,YUKATEL MERKEZEFENDI BELEDIYESI BASKET K. SMITH JR FT 2of3 made,,,,,,,,,1,121,1.0,made_ft,0,50,1,34
00:53,00:53:70,50,35,15,2,2,REGULAR,21,K. SMITH JR,1,freethrow,377,,['fastbreak'],3of3,1,4,Kenneth Jerome,Smith Jr,Kenneth Jerome,Smith Jr,K,S,K,S,K. Smith Jr,YUKATEL MERKEZEFENDI BELEDIYESI BASKET,YMB,K. Smith Jr,4,,,,,,FT,made,YUKATEL MERKEZEFENDI BELEDIYESI BASKET K. SMITH JR FT 3of3 made,,,,,,,,,1,122,2.0,made_ft_last,0,50,1,35
00:42,00:42:50,50,35,15,2,2,REGULAR,12,M. CAZALON,1,foul,380,,"['shooting', '2freethrow']",personal,0,21,Malcolm Jean Ahmed,Cazalon,Malcolm Jean Ahmed,Cazalon,M,C,M,C,M. Cazalon,YUKATEL MERKEZEFENDI BELEDIYESI BASKET,YMB,M. Cazalon,21,,,,,,FOUL,,YUKATEL MERKEZEFENDI BELEDIYESI BASKET M. CAZALON foul personal,,,,,,,,,0,123,1.0,,0,50,0,35
00:42,00:42:50,50,35,15,1,2,REGULAR,88,I. CORDINIER,1,foulon,381,380,[],,0,10,Isaia,Cordinier,Isaia,Cordinier,I,C,I,C,I. Cordinier,ANADOLU EFES,EFS,I. Cordinier,10,,,,,,OTHER,,ANADOLU EFES foulon,,,,,,,,,0,123,1.0,,0,50,0,35
00:41,00:41:50,51,35,16,1,2,REGULAR,88,I. CORDINIER,1,freethrow,382,,[],1of2,1,10,Isaia,Cordinier,Isaia,Cordinier,I,C,I,C,I. Cordinier,ANADOLU EFES,EFS,I. Cordinier,10,,,,,,FT,made,ANADOLU EFES I. CORDINIER FT 1of2 made,,,,,,,,,1,123,1.0,made_ft,1,51,0,35
00:41,00:41:50,51,35,16,1,2,REGULAR,87,N. WEILER-BABB,1,assist,383,382,[],,0,8,Nick,Weiler-Babb,Nick,Weiler-Babb,N,W,N,W,N. Weiler-Babb,ANADOLU EFES,EFS,N. Weiler-Babb,8,,,,,,ASS,,ANADOLU EFES N. WEILER-BABB assist,,,,,,,,,0,124,2.0,,0,51,0,35
00:41,00:41:50,52,35,17,1,2,REGULAR,88,I. CORDINIER,1,freethrow,384,,[],2of2,1,10,Isaia,Cordinier,Isaia,Cordinier,I,C,I,C,I. Cordinier,ANADOLU EFES,EFS,I. Cordinier,10,,,,,,FT,made,ANADOLU EFES I. CORDINIER FT 2of2 made,,,,,,,,,1,124,2.0,made_ft_last,1,52,0,35
00:31,00:31:90,52,35,17,1,2,REGULAR,73,B. DESSERT,1,foul,389,,['2freethrow'],personal,0,13,Brice,Dessert,Brice,Dessert,B,D,B,D,B. Dessert,ANADOLU EFES,EFS,B. Dessert,13,,,,,,FOUL,,ANADOLU EFES B. DESSERT foul personal,,,,,,,,,0,125,1.0,,0,52,0,35
00:31,00:31:90,52,35,17,2,2,REGULAR,13,J. HAWKINS,1,foulon,390,389,[],,0,31,Javontae Aaron,Hawkins,Javontae Aaron,Hawkins,J,H,J,H,J. Hawkins,YUKATEL MERKEZEFENDI BELEDIYESI BASKET,YMB,J. Hawkins,31,,,,,,OTHER,,YUKATEL MERKEZEFENDI BELEDIYESI BASKET foulon,,,,,,,,,0,125,1.0,,0,52,0,35
00:31,00:31:90,52,35,17,2,2,REGULAR,10,J. ROBERTS,1,substitution,391,,[],out,0,23,Joshua Artee,Roberts,Joshua Artee,Roberts,J,R,J,R,J. Roberts,YUKATEL MERKEZEFENDI BELEDIYESI BASKET,YMB,J. Roberts,23,,,,,,SUB,out,YUKATEL MERKEZEFENDI BELEDIYESI BASKET substitution out,,,,,,,,,0,125,1.0,,0,52,0,35
00:31,00:31:90,52,35,17,2,2,REGULAR,9,R. BADZIM,1,substitution,392,,[],in,0,18,Roko,Badzim,Roko,Badzim,R,B,R,B,R. Badzim,YUKATEL MERKEZEFENDI BELEDIYESI BASKET,YMB,R. Badzim,18,,,,,,SUB,in,YUKATEL MERKEZEFENDI BELEDIYESI BASKET substitution in,,,,,,,,,0,125,1.0,,0,52,0,35
00:31,00:31:90,52,35,17,2,2,REGULAR,13,J. HAWKINS,0,freethrow,393,,[],1of2,1,31,Javontae Aaron,Hawkins,Javontae Aaron,Hawkins,J,H,J,H,J. Hawkins,YUKATEL MERKEZEFENDI BELEDIYESI BASKET,YMB,J. Hawkins,31,,,,,,FT,missed,YUKATEL MERKEZEFENDI BELEDIYESI BASKET J. HAWKINS FT 1of2 missed,,,,,,,,,0,125,1.0,def_reb,0,52,0,35
00:31,00:31:90,52,35,17,2,2,REGULAR,0,,1,rebound,394,393,[],offensivedeadball,0,,,,,,,,,,,YUKATEL MERKEZEFENDI BELEDIYESI BASKET,YMB,,,,,,,,TREB,,YUKATEL MERKEZEFENDI BELEDIYESI BASKET team rebound offensivedeadball,,,,,,,,,0,126,2.0,def_reb,0,52,0,35
00:31,00:31:90,52,36,16,2,2,REGULAR,13,J. HAWKINS,1,freethrow,395,,[],2of2,1,31,Javontae Aaron,Hawkins,Javontae Aaron,Hawkins,J,H,J,H,J. Hawkins,YUKATEL MERKEZEFENDI BELEDIYESI BASKET,YMB,J. Hawkins,31,,,,,,FT,made,YUKATEL MERKEZEFENDI BELEDIYESI BASKET J. HAWKINS FT 2of2 made,,,,,,,,,1,127,1.0,made_ft_last,0,52,1,36
00:11,00:11:50,52,36,16,1,2,REGULAR,73,B. DESSERT,0,2pt,397,,['pointsinthepaint'],layup,1,13,Brice,Dessert,Brice,Dessert,B,D,B,D,B. Dessert,ANADOLU EFES,EFS,B. Dessert,13,,,7.9899997711182,52.939998626709,0.0,P2,missed,ANADOLU EFES B. DESSERT 2Pt missed,,,,,,,,,0,128,2.0,,0,52,0,36
00:09,00:09:40,52,36,16,1,2,REGULAR,80,E. YILMAZ,1,rebound,398,397,[],offensive,0,33,Erkan,Yilmaz,Erkan,Yilmaz,E,Y,E,Y,E. Yilmaz,ANADOLU EFES,EFS,E. Yilmaz,33,,,,,,REB,,ANADOLU EFES rebound offensive,,,,,,,,,0,128,2.0,,0,52,0,36
00:07,00:07:60,52,36,16,1,2,REGULAR,0,,1,turnover,402,,['team'],24sec,0,,,,,,,,,,,ANADOLU EFES,EFS,,,,,,,,TO,,ANADOLU EFES  turnover 24sec,,,,,,,,,0,128,2.0,turnover,0,52,0,36
00:07,00:07:60,52,36,16,1,2,REGULAR,73,B. DESSERT,1,substitution,403,,[],out,0,13,Brice,Dessert,Brice,Dessert,B,D,B,D,B. Dessert,ANADOLU EFES,EFS,B. Dessert,13,,,,,,SUB,out,ANADOLU EFES substitution out,,,,,,,,,0,129,1.0,,0,52,0,36
00:07,00:07:60,52,36,16,1,2,REGULAR,81,S. HAZER,1,substitution,404,,[],in,0,2,Sehmus,Hazer,Sehmus,Hazer,S,H,S,H,S. Hazer,ANADOLU EFES,EFS,S. Hazer,2,,,,,,SUB,in,ANADOLU EFES substitution in,,,,,,,,,0,129,1.0,,0,52,0,36
00:02,00:02:20,52,38,14,2,2,REGULAR,7,Ö. ILYASOGLU,1,2pt,408,,"['fromturnover', 'pointsinthepaint', 'fastbreak']",layup,1,13,Ömer Can,Ilyasoglu,Ömer Can,Ilyasoglu,Ö,I,Ö,I,Ö. Ilyasoglu,YUKATEL MERKEZEFENDI BELEDIYESI BASKET,YMB,Ö. Ilyasoglu,13,,,89.269996643066,53.220001220703,1.0,P2,made,YUKATEL MERKEZEFENDI BELEDIYESI BASKET Ö. ILYASOGLU 2Pt made,,,,,,,,,2,129,1.0,score,0,52,2,38
00:00,00:00:00,52,38,14,0,2,REGULAR,0,,1,period,410,,['confirmed'],end,0,,,,,,,,,,,,,,,,,,,,OTHER,,period end,,,,,,,,,0,130,2.0,,0,52,0,38
10:00,10:00:00,52,38,14,1,3,REGULAR,81,S. HAZER,1,substitution,411,,[],out,0,2,Sehmus,Hazer,Sehmus,Hazer,S,H,S,H,S. Hazer,ANADOLU EFES,EFS,S. Hazer,2,,,,,,SUB,out,ANADOLU EFES substitution out,,,,,,,,,0,130,2.0,,0,52,0,38
10:00,10:00:00,52,38,14,1,3,REGULAR,92,J. LOYD,1,substitution,412,,[],out,0,3,Jordan,Loyd,Jordan,Loyd,J,L,J,L,J. Loyd,ANADOLU EFES,EFS,J. Loyd,3,,,,,,SUB,out,ANADOLU EFES substitution out,,,,,,,,,0,130,2.0,,0,52,0,38
10:00,10:00:00,52,38,14,1,3,REGULAR,73,B. DESSERT,1,substitution,413,,[],in,0,13,Brice,Dessert,Brice,Dessert,B,D,B,D,B. Dessert,ANADOLU EFES,EFS,B. Dessert,13,,,,,,SUB,in,ANADOLU EFES substitution in,,,,,,,,,0,130,2.0,,0,52,0,38
10:00,10:00:00,52,38,14,1,3,REGULAR,89,E. OSMANI,1,substitution,414,,[],in,0,24,Ercan,Osmani,Ercan,Osmani,E,O,E,O,E. Osmani,ANADOLU EFES,EFS,E. Osmani,24,,,,,,SUB,in,ANADOLU EFES substitution in,,,,,,,,,0,130,2.0,,0,52,0,38
10:00,10:00:00,52,38,14,2,3,REGULAR,7,Ö. ILYASOGLU,1,substitution,415,,[],out,0,13,Ömer Can,Ilyasoglu,Ömer Can,Ilyasoglu,Ö,I,Ö,I,Ö. Ilyasoglu,YUKATEL MERKEZEFENDI BELEDIYESI BASKET,YMB,Ö. Ilyasoglu,13,,,,,,SUB,out,YUKATEL MERKEZEFENDI BELEDIYESI BASKET substitution out,,,,,,,,,0,130,2.0,,0,52,0,38
10:00,10:00:00,52,38,14,2,3,REGULAR,9,R. BADZIM,1,substitution,416,,[],out,0,18,Roko,Badzim,Roko,Badzim,R,B,R,B,R. Badzim,YUKATEL MERKEZEFENDI BELEDIYESI BASKET,YMB,R. Badzim,18,,,,,,SUB,out,YUKATEL MERKEZEFENDI BELEDIYESI BASKET substitution out,,,,,,,,,0,130,2.0,,0,52,0,38
10:00,10:00:00,52,38,14,2,3,REGULAR,13,J. HAWKINS,1,substitution,417,,[],out,0,31,Javontae Aaron,Hawkins,Javontae Aaron,Hawkins,J,H,J,H,J. Hawkins,YUKATEL MERKEZEFENDI BELEDIYESI BASKET,YMB,J. Hawkins,31,,,,,,SUB,out,YUKATEL MERKEZEFENDI BELEDIYESI BASKET substitution out,,,,,,,,,0,130,2.0,,0,52,0,38
10:00,10:00:00,52,38,14,2,3,REGULAR,3,E. TANISAN,1,substitution,418,,[],in,0,0,Emre,Tanisan,Emre,Tanisan,E,T,E,T,E. Tanisan,YUKATEL MERKEZEFENDI BELEDIYESI BASKET,YMB,E. Tanisan,0,,,,,,SUB,in,YUKATEL MERKEZEFENDI BELEDIYESI BASKET substitution in,,,,,,,,,0,130,2.0,,0,52,0,38
10:00,10:00:00,52,38,14,2,3,REGULAR,11,S. GRIFFIN,1,substitution,419,,[],in,0,1,Samuel Gevaris,Griffin,Samuel Gevaris,Griffin,S,G,S,G,S. Griffin,YUKATEL MERKEZEFENDI BELEDIYESI BASKET,YMB,S. Griffin,1,,,,,,SUB,in,YUKATEL MERKEZEFENDI BELEDIYESI BASKET substitution in,,,,,,,,,0,130,2.0,,0,52,0,38
10:00,10:00:00,52,38,14,2,3,REGULAR,5,M. AGVA,1,substitution,420,,[],in,0,46,Mahir,Agva,Mahir,Agva,M,A,M,A,M. Agva,YUKATEL MERKEZEFENDI BELEDIYESI BASKET,YMB,M. Agva,46,,,,,,SUB,in,YUKATEL MERKEZEFENDI BELEDIYESI BASKET substitution in,,,,,,,,,0,130,2.0,,0,52,0,38
10:00,10:00:00,52,38,14,0,3,REGULAR,0,,1,period,421,,[],start,0,,,,,,,,,,,,,,,,,,,,OTHER,,period start,,,,,,,,,0,130,2.0,,0,52,0,38
09:47,09:47:00,52,38,14,1,3,REGULAR,89,E. OSMANI,1,turnover,423,,[],badpass,0,24,Ercan,Osmani,Ercan,Osmani,E,O,E,O,E. Osmani,ANADOLU EFES,EFS,E. Osmani,24,,,,,,TO,,ANADOLU EFES E. OSMANI turnover badpass,,,,,,,,,0,130,2.0,turnover,0,52,0,38
09:47,09:47:00,52,38,14,2,3,REGULAR,12,M. CAZALON,1,steal,424,423,[],,0,21,Malcolm Jean Ahmed,Cazalon,Malcolm Jean Ahmed,Cazalon,M,C,M,C,M. Cazalon,YUKATEL MERKEZEFENDI BELEDIYESI BASKET,YMB,M. Cazalon,21,,,,,,ST,,YUKATEL MERKEZEFENDI BELEDIYESI BASKET M. CAZALON steal,,,,,,,,,0,131,1.0,,0,52,0,38
09:25,09:25:00,52,38,14,2,3,REGULAR,12,M. CAZALON,0,2pt,425,,['fromturnover'],jumpshot,1,21,Malcolm Jean Ahmed,Cazalon,Malcolm Jean Ahmed,Cazalon,M,C,M,C,M. Cazalon,YUKATEL MERKEZEFENDI BELEDIYESI BASKET,YMB,M. Cazalon,21,,,9.0799999237061,22.709999084473,0.0,P2,missed,YUKATEL MERKEZEFENDI BELEDIYESI BASKET M. CAZALON 2Pt missed,,,,,,,,,0,131,1.0,def_reb,0,52,0,38
09:23,09:23:00,52,38,14,1,3,REGULAR,73,B. DESSERT,1,rebound,426,425,[],defensive,0,13,Brice,Dessert,Brice,Dessert,B,D,B,D,B. Dessert,ANADOLU EFES,EFS,B. Dessert,13,,,,,,REB,,ANADOLU EFES rebound defensive,,,,,,,,,0,132,2.0,def_reb,0,52,0,38
09:11,09:11:00,52,38,14,1,3,REGULAR,89,E. OSMANI,1,turnover,427,,[],ballhandling,0,24,Ercan,Osmani,Ercan,Osmani,E,O,E,O,E. Osmani,ANADOLU EFES,EFS,E. Osmani,24,,,,,,TO,,ANADOLU EFES E. OSMANI turnover ballhandling,,,,,,,,,0,133,1.0,turnover,0,52,0,38
09:11,09:11:00,52,38,14,2,3,REGULAR,3,E. TANISAN,1,steal,428,427,[],,0,0,Emre,Tanisan,Emre,Tanisan,E,T,E,T,E. Tanisan,YUKATEL MERKEZEFENDI BELEDIYESI BASKET,YMB,E. Tanisan,0,,,,,,ST,,YUKATEL MERKEZEFENDI BELEDIYESI BASKET E. TANISAN steal,,,,,,,,,0,134,2.0,,0,52,0,38
08:49,08:49:00,52,38,14,2,3,REGULAR,3,E. TANISAN,0,3pt,429,,['fromturnover'],jumpshot,1,0,Emre,Tanisan,Emre,Tanisan,E,T,E,T,E. Tanisan,YUKATEL MERKEZEFENDI BELEDIYESI BASKET,YMB,E. Tanisan,0,,,19.690000534058,93.330001831055,0.0,P3,missed,YUKATEL MERKEZEFENDI BELEDIYESI BASKET E. TANISAN 3Pt missed,,,,,,,,,0,134,2.0,def_reb,0,52,0,38
08:47,08:47:00,52,38,14,1,3,REGULAR,88,I. CORDINIER,1,rebound,430,429,[],defensive,0,10,Isaia,Cordinier,Isaia,Cordinier,I,C,I,C,I. Cordinier,ANADOLU EFES,EFS,I. Cordinier,10,,,,,,REB,,ANADOLU EFES rebound defensive,,,,,,,,,0,135,1.0,def_reb,0,52,0,38
08:42,08:42:00,52,38,14,1,3,REGULAR,88,I. CORDINIER,0,2pt,431,,['pointsinthepaint'],layup,1,10,Isaia,Cordinier,Isaia,Cordinier,I,C,I,C,I. Cordinier,ANADOLU EFES,EFS,I. Cordinier,10,,,90.050003051758,56.049999237061,0.0,P2,missed,ANADOLU EFES I. CORDINIER 2Pt missed,,,,,,,,,0,136,2.0,def_reb,0,52,0,38
08:39,08:39:00,52,38,14,2,3,REGULAR,3,E. TANISAN,1,rebound,432,431,[],defensive,0,0,Emre,Tanisan,Emre,Tanisan,E,T,E,T,E. Tanisan,YUKATEL MERKEZEFENDI BELEDIYESI BASKET,YMB,E. Tanisan,0,,,,,,REB,,YUKATEL MERKEZEFENDI BELEDIYESI BASKET rebound defensive,,,,,,,,,0,137,1.0,def_reb,0,52,0,38
08:40,08:40:00,52,38,14,1,3,REGULAR,80,E. YILMAZ,1,foul,435,,[],personal,0,33,Erkan,Yilmaz,Erkan,Yilmaz,E,Y,E,Y,E. Yilmaz,ANADOLU EFES,EFS,E. Yilmaz,33,,,,,,FOUL,,ANADOLU EFES E. YILMAZ foul personal,,,,,,,,,0,138,2.0,,0,52,0,38
08:40,08:40:00,52,38,14,2,3,REGULAR,21,K. SMITH JR,1,foulon,436,435,[],,0,4,Kenneth Jerome,Smith Jr,Kenneth Jerome,Smith Jr,K,S,K,S,K. Smith Jr,YUKATEL MERKEZEFENDI BELEDIYESI BASKET,YMB,K. Smith Jr,4,,,,,,OTHER,,YUKATEL MERKEZEFENDI BELEDIYESI BASKET foulon,,,,,,,,,0,138,2.0,,0,52,0,38
08:27,08:27:00,52,41,11,2,3,REGULAR,12,M. CAZALON,1,3pt,438,,[],jumpshot,1,21,Malcolm Jean Ahmed,Cazalon,Malcolm Jean Ahmed,Cazalon,M,C,M,C,M. Cazalon,YUKATEL MERKEZEFENDI BELEDIYESI BASKET,YMB,M. Cazalon,21,,,25.620000839233,15.930000305176,1.0,P3,made,YUKATEL MERKEZEFENDI BELEDIYESI BASKET M. CAZALON 3Pt made,21.0,2.0,K. SMITH JR,,,,,,3,138,2.0,score,0,52,3,41
08:27,08:27:00,52,41,11,2,3,REGULAR,21,K. SMITH JR,1,assist,439,438,[],,0,4,Kenneth Jerome,Smith Jr,Kenneth Jerome,Smith Jr,K,S,K,S,K. Smith Jr,YUKATEL MERKEZEFENDI BELEDIYESI BASKET,YMB,K. Smith Jr,4,,,,,,ASS,,YUKATEL MERKEZEFENDI BELEDIYESI BASKET K. SMITH JR assist,,,,,,,,,0,139,1.0,,0,52,0,41
08:13,08:13:00,54,41,13,1,3,REGULAR,89,E. OSMANI,1,2pt,440,,['pointsinthepaint'],layup,1,24,Ercan,Osmani,Ercan,Osmani,E,O,E,O,E. Osmani,ANADOLU EFES,EFS,E. Osmani,24,,,83.180000305176,54.919998168945,1.0,P2,made,ANADOLU EFES E. OSMANI 2Pt made,87.0,1.0,N. WEILER-BABB,,,,,,2,139,1.0,score,2,54,0,41
08:13,08:13:00,54,41,13,1,3,REGULAR,87,N. WEILER-BABB,1,assist,441,440,[],,0,8,Nick,Weiler-Babb,Nick,Weiler-Babb,N,W,N,W,N. Weiler-Babb,ANADOLU EFES,EFS,N. Weiler-Babb,8,,,,,,ASS,,ANADOLU EFES N. WEILER-BABB assist,,,,,,,,,0,140,2.0,,0,54,0,41
07:54,07:54:00,54,41,13,1,3,REGULAR,89,E. OSMANI,1,foul,443,,[],personal,0,24,Ercan,Osmani,Ercan,Osmani,E,O,E,O,E. Osmani,ANADOLU EFES,EFS,E. Osmani,24,,,,,,FOUL,,ANADOLU EFES E. OSMANI foul personal,,,,,,,,,0,140,2.0,,0,54,0,41
07:54,07:54:00,54,41,13,2,3,REGULAR,12,M. CAZALON,1,foulon,444,443,[],,0,21,Malcolm Jean Ahmed,Cazalon,Malcolm Jean Ahmed,Cazalon,M,C,M,C,M. Cazalon,YUKATEL MERKEZEFENDI BELEDIYESI BASKET,YMB,M. Cazalon,21,,,,,,OTHER,,YUKATEL MERKEZEFENDI BELEDIYESI BASKET foulon,,,,,,,,,0,140,2.0,,0,54,0,41
07:42,07:42:00,54,41,13,2,3,REGULAR,11,S. GRIFFIN,0,2pt,448,,['blocked'],jumpshot,1,1,Samuel Gevaris,Griffin,Samuel Gevaris,Griffin,S,G,S,G,S. Griffin,YUKATEL MERKEZEFENDI BELEDIYESI BASKET,YMB,S. Griffin,1,,,15.789999961853,77.230003356934,0.0,P2,missed,YUKATEL MERKEZEFENDI BELEDIYESI BASKET S. GRIFFIN 2Pt missed,,,,80.0,1.0,E. YILMAZ,,,0,140,2.0,,0,54,0,41
07:42,07:42:00,54,41,13,1,3,REGULAR,80,E. YILMAZ,1,block,449,448,[],,0,33,Erkan,Yilmaz,Erkan,Yilmaz,E,Y,E,Y,E. Yilmaz,ANADOLU EFES,EFS,E. Yilmaz,33,,,,,,BS,,ANADOLU EFES E. YILMAZ block,,,,,,,,,0,140,2.0,,0,54,0,41
07:36,07:36:00,54,41,13,1,3,REGULAR,88,I. CORDINIER,1,rebound,450,448,[],defensive,0,10,Isaia,Cordinier,Isaia,Cordinier,I,C,I,C,I. Cordinier,ANADOLU EFES,EFS,I. Cordinier,10,,,,,,REB,,ANADOLU EFES rebound defensive,,,,,,,,,0,140,2.0,def_reb,0,54,0,41
07:36,07:36:00,56,41,15,1,3,REGULAR,88,I. CORDINIER,1,2pt,451,,"['pointsinthepaint', 'fastbreak']",layup,1,10,Isaia,Cordinier,Isaia,Cordinier,I,C,I,C,I. Cordinier,ANADOLU EFES,EFS,I. Cordinier,10,,,90.050003051758,49.830001831055,1.0,P2,made,ANADOLU EFES I. CORDINIER 2Pt made,,,,,,,,,2,141,1.0,score,2,56,0,41
07:20,07:20:00,56,41,15,2,3,REGULAR,11,S. GRIFFIN,0,3pt,452,,[],jumpshot,1,1,Samuel Gevaris,Griffin,Samuel Gevaris,Griffin,S,G,S,G,S. Griffin,YUKATEL MERKEZEFENDI BELEDIYESI BASKET,YMB,S. Griffin,1,,,22.030000686646,88.809997558594,0.0,P3,missed,YUKATEL MERKEZEFENDI BELEDIYESI BASKET S. GRIFFIN 3Pt missed,,,,,,,,,0,142,2.0,def_reb,0,56,0,41
07:17,07:17:00,56,41,15,1,3,REGULAR,89,E. OSMANI,1,rebound,453,452,[],defensive,0,24,Ercan,Osmani,Ercan,Osmani,E,O,E,O,E. Osmani,ANADOLU EFES,EFS,E. Osmani,24,,,,,,REB,,ANADOLU EFES rebound defensive,,,,,,,,,0,143,1.0,def_reb,0,56,0,41
07:12,07:12:00,56,41,15,2,3,REGULAR,5,M. AGVA,1,foul,455,,[],personal,0,46,Mahir,Agva,Mahir,Agva,M,A,M,A,M. Agva,YUKATEL MERKEZEFENDI BELEDIYESI BASKET,YMB,M. Agva,46,,,,,,FOUL,,YUKATEL MERKEZEFENDI BELEDIYESI BASKET M. AGVA foul personal,,,,,,,,,0,144,2.0,,0,56,0,41
07:12,07:12:00,56,41,15,1,3,REGULAR,73,B. DESSERT,1,foulon,456,455,[],,0,13,Brice,Dessert,Brice,Dessert,B,D,B,D,B. Dessert,ANADOLU EFES,EFS,B. Dessert,13,,,,,,OTHER,,ANADOLU EFES foulon,,,,,,,,,0,144,2.0,,0,56,0,41
07:12,07:12:00,56,41,15,1,3,REGULAR,80,E. YILMAZ,1,substitution,457,,[],out,0,33,Erkan,Yilmaz,Erkan,Yilmaz,E,Y,E,Y,E. Yilmaz,ANADOLU EFES,EFS,E. Yilmaz,33,,,,,,SUB,out,ANADOLU EFES substitution out,,,,,,,,,0,144,2.0,,0,56,0,41
07:12,07:12:00,56,41,15,1,3,REGULAR,72,R. BEAUBOIS,1,substitution,458,,[],in,0,1,Rodrigue,Beaubois,Rodrigue,Beaubois,R,B,R,B,R. Beaubois,ANADOLU EFES,EFS,R. Beaubois,1,,,,,,SUB,in,ANADOLU EFES substitution in,,,,,,,,,0,144,2.0,,0,56,0,41
07:12,07:12:00,56,41,15,2,3,REGULAR,11,S. GRIFFIN,1,substitution,459,,[],out,0,1,Samuel Gevaris,Griffin,Samuel Gevaris,Griffin,S,G,S,G,S. Griffin,YUKATEL MERKEZEFENDI BELEDIYESI BASKET,YMB,S. Griffin,1,,,,,,SUB,out,YUKATEL MERKEZEFENDI BELEDIYESI BASKET substitution out,,,,,,,,,0,144,2.0,,0,56,0,41
07:12,07:12:00,56,41,15,2,3,REGULAR,9,R. BADZIM,1,substitution,460,,[],in,0,18,Roko,Badzim,Roko,Badzim,R,B,R,B,R. Badzim,YUKATEL MERKEZEFENDI BELEDIYESI BASKET,YMB,R. Badzim,18,,,,,,SUB,in,YUKATEL MERKEZEFENDI BELEDIYESI BASKET substitution in,,,,,,,,,0,144,2.0,,0,56,0,41
07:06,07:06:00,56,41,15,2,3,REGULAR,9,R. BADZIM,1,foul,465,,[],personal,0,18,Roko,Badzim,Roko,Badzim,R,B,R,B,R. Badzim,YUKATEL MERKEZEFENDI BELEDIYESI BASKET,YMB,R. Badzim,18,,,,,,FOUL,,YUKATEL MERKEZEFENDI BELEDIYESI BASKET R. BADZIM foul personal,,,,,,,,,0,144,2.0,,0,56,0,41
07:06,07:06:00,56,41,15,1,3,REGULAR,87,N. WEILER-BABB,1,foulon,466,465,[],,0,8,Nick,Weiler-Babb,Nick,Weiler-Babb,N,W,N,W,N. Weiler-Babb,ANADOLU EFES,EFS,N. Weiler-Babb,8,,,,,,OTHER,,ANADOLU EFES foulon,,,,,,,,,0,144,2.0,,0,56,0,41
07:01,07:01:00,59,41,18,1,3,REGULAR,89,E. OSMANI,1,3pt,470,,[],jumpshot,1,24,Ercan,Osmani,Ercan,Osmani,E,O,E,O,E. Osmani,ANADOLU EFES,EFS,E. Osmani,24,,,67.73999786377,64.519996643066,1.0,P3,made,ANADOLU EFES E. OSMANI 3Pt made,87.0,1.0,N. WEILER-BABB,,,,,,3,144,2.0,score,3,59,0,41
07:01,07:01:00,59,41,18,1,3,REGULAR,87,N. WEILER-BABB,1,assist,471,470,[],,0,8,Nick,Weiler-Babb,Nick,Weiler-Babb,N,W,N,W,N. Weiler-Babb,ANADOLU EFES,EFS,N. Weiler-Babb,8,,,,,,ASS,,ANADOLU EFES N. WEILER-BABB assist,,,,,,,,,0,145,1.0,,0,59,0,41
06:44,06:44:00,59,41,18,2,3,REGULAR,3,E. TANISAN,0,2pt,480,,['pointsinthepaint'],floatingjumpshot,1,0,Emre,Tanisan,Emre,Tanisan,E,T,E,T,E. Tanisan,YUKATEL MERKEZEFENDI BELEDIYESI BASKET,YMB,E. Tanisan,0,,,12.039999961853,62.540000915527,0.0,P2,missed,YUKATEL MERKEZEFENDI BELEDIYESI BASKET E. TANISAN 2Pt missed,,,,,,,,,0,145,1.0,def_reb,0,59,0,41
06:41,06:41:00,59,41,18,1,3,REGULAR,72,R. BEAUBOIS,1,rebound,481,480,[],defensive,0,1,Rodrigue,Beaubois,Rodrigue,Beaubois,R,B,R,B,R. Beaubois,ANADOLU EFES,EFS,R. Beaubois,1,,,,,,REB,,ANADOLU EFES rebound defensive,,,,,,,,,0,146,2.0,def_reb,0,59,0,41
06:39,06:39:00,61,41,20,1,3,REGULAR,72,R. BEAUBOIS,1,2pt,482,,"['pointsinthepaint', 'fastbreak']",layup,1,1,Rodrigue,Beaubois,Rodrigue,Beaubois,R,B,R,B,R. Beaubois,ANADOLU EFES,EFS,R. Beaubois,1,,,92.389999389648,50.959999084473,1.0,P2,made,ANADOLU EFES R. BEAUBOIS 2Pt made,,,,,,,,,2,147,1.0,score,2,61,0,41
06:13,06:13:00,61,44,17,2,3,REGULAR,12,M. CAZALON,1,3pt,483,,[],jumpshot,1,21,Malcolm Jean Ahmed,Cazalon,Malcolm Jean Ahmed,Cazalon,M,C,M,C,M. Cazalon,YUKATEL MERKEZEFENDI BELEDIYESI BASKET,YMB,M. Cazalon,21,,,33.569999694824,58.869998931885,1.0,P3,made,YUKATEL MERKEZEFENDI BELEDIYESI BASKET M. CAZALON 3Pt made,,,,,,,,,3,148,2.0,score,0,61,3,44
05:53,05:53:00,63,44,19,1,3,REGULAR,89,E. OSMANI,1,2pt,488,,['pointsinthepaint'],floatingjumpshot,1,24,Ercan,Osmani,Ercan,Osmani,E,O,E,O,E. Osmani,ANADOLU EFES,EFS,E. Osmani,24,,,91.919998168945,55.200000762939,1.0,P2,made,ANADOLU EFES E. OSMANI 2Pt made,87.0,1.0,N. WEILER-BABB,,,,,,2,149,1.0,score,2,63,0,44
05:53,05:53:00,63,44,19,1,3,REGULAR,87,N. WEILER-BABB,1,assist,489,488,[],,0,8,Nick,Weiler-Babb,Nick,Weiler-Babb,N,W,N,W,N. Weiler-Babb,ANADOLU EFES,EFS,N. Weiler-Babb,8,,,,,,ASS,,ANADOLU EFES N. WEILER-BABB assist,,,,,,,,,0,150,2.0,,0,63,0,44
05:32,05:32:00,63,44,19,2,3,REGULAR,12,M. CAZALON,0,3pt,490,,[],jumpshot,1,21,Malcolm Jean Ahmed,Cazalon,Malcolm Jean Ahmed,Cazalon,M,C,M,C,M. Cazalon,YUKATEL MERKEZEFENDI BELEDIYESI BASKET,YMB,M. Cazalon,21,,,20.940000534058,94.75,0.0,P3,missed,YUKATEL MERKEZEFENDI BELEDIYESI BASKET M. CAZALON 3Pt missed,,,,,,,,,0,150,2.0,def_reb,0,63,0,44
05:29,05:29:00,63,44,19,1,3,REGULAR,88,I. CORDINIER,1,rebound,491,490,[],defensive,0,10,Isaia,Cordinier,Isaia,Cordinier,I,C,I,C,I. Cordinier,ANADOLU EFES,EFS,I. Cordinier,10,,,,,,REB,,ANADOLU EFES rebound defensive,,,,,,,,,0,151,1.0,def_reb,0,63,0,44
05:09,05:09:00,63,44,19,1,3,REGULAR,87,N. WEILER-BABB,0,3pt,492,,[],jumpshot,1,8,Nick,Weiler-Babb,Nick,Weiler-Babb,N,W,N,W,N. Weiler-Babb,ANADOLU EFES,EFS,N. Weiler-Babb,8,,,69.610000610352,22.709999084473,0.0,P3,missed,ANADOLU EFES N. WEILER-BABB 3Pt missed,,,,,,,,,0,152,2.0,def_reb,0,63,0,44
05:06,05:06:00,63,44,19,2,3,REGULAR,9,R. BADZIM,1,rebound,493,492,[],defensive,0,18,Roko,Badzim,Roko,Badzim,R,B,R,B,R. Badzim,YUKATEL MERKEZEFENDI BELEDIYESI BASKET,YMB,R. Badzim,18,,,,,,REB,,YUKATEL MERKEZEFENDI BELEDIYESI BASKET rebound defensive,,,,,,,,,0,153,1.0,def_reb,0,63,0,44
04:50,04:50:00,63,44,19,2,3,REGULAR,12,M. CAZALON,0,3pt,498,,[],jumpshot,1,21,Malcolm Jean Ahmed,Cazalon,Malcolm Jean Ahmed,Cazalon,M,C,M,C,M. Cazalon,YUKATEL MERKEZEFENDI BELEDIYESI BASKET,YMB,M. Cazalon,21,,,27.329999923706,79.209999084473,0.0,P3,missed,YUKATEL MERKEZEFENDI BELEDIYESI BASKET M. CAZALON 3Pt missed,,,,,,,,,0,154,2.0,def_reb,0,63,0,44
04:47,04:47:00,63,44,19,1,3,REGULAR,87,N. WEILER-BABB,1,rebound,499,498,[],defensive,0,8,Nick,Weiler-Babb,Nick,Weiler-Babb,N,W,N,W,N. Weiler-Babb,ANADOLU EFES,EFS,N. Weiler-Babb,8,,,,,,REB,,ANADOLU EFES rebound defensive,,,,,,,,,0,155,1.0,def_reb,0,63,0,44
04:38,04:38:00,66,44,22,1,3,REGULAR,87,N. WEILER-BABB,1,3pt,500,,[],jumpshot,1,8,Nick,Weiler-Babb,Nick,Weiler-Babb,N,W,N,W,N. Weiler-Babb,ANADOLU EFES,EFS,N. Weiler-Babb,8,,,69.769996643066,32.880001068115,1.0,P3,made,ANADOLU EFES N. WEILER-BABB 3Pt made,,,,,,,,,3,156,2.0,score,3,66,0,44
04:18,04:18:00,66,44,22,2,3,REGULAR,3,E. TANISAN,0,3pt,501,,[],jumpshot,1,0,Emre,Tanisan,Emre,Tanisan,E,T,E,T,E. Tanisan,YUKATEL MERKEZEFENDI BELEDIYESI BASKET,YMB,E. Tanisan,0,,,29.360000610352,74.690002441406,0.0,P3,missed,YUKATEL MERKEZEFENDI BELEDIYESI BASKET E. TANISAN 3Pt missed,,,,,,,,,0,157,1.0,def_reb,0,66,0,44
04:16,04:16:00,66,44,22,1,3,REGULAR,88,I. CORDINIER,1,rebound,502,501,[],defensive,0,10,Isaia,Cordinier,Isaia,Cordinier,I,C,I,C,I. Cordinier,ANADOLU EFES,EFS,I. Cordinier,10,,,,,,REB,,ANADOLU EFES rebound defensive,,,,,,,,,0,158,2.0,def_reb,0,66,0,44
04:02,04:02:00,68,44,24,1,3,REGULAR,73,B. DESSERT,1,2pt,503,,['pointsinthepaint'],alleyoop,1,13,Brice,Dessert,Brice,Dessert,B,D,B,D,B. Dessert,ANADOLU EFES,EFS,B. Dessert,13,,,93.169998168945,55.759998321533,1.0,P2,made,ANADOLU EFES B. DESSERT 2Pt made,87.0,1.0,N. WEILER-BABB,,,,,,2,159,1.0,score,2,68,0,44
04:02,04:02:00,68,44,24,1,3,REGULAR,87,N. WEILER-BABB,1,assist,504,503,[],,0,8,Nick,Weiler-Babb,Nick,Weiler-Babb,N,W,N,W,N. Weiler-Babb,ANADOLU EFES,EFS,N. Weiler-Babb,8,,,,,,ASS,,ANADOLU EFES N. WEILER-BABB assist,,,,,,,,,0,160,2.0,,0,68,0,44
03:42,03:42:00,68,44,24,2,3,REGULAR,5,M. AGVA,0,2pt,505,,['pointsinthepaint'],jumpshot,1,46,Mahir,Agva,Mahir,Agva,M,A,M,A,M. Agva,YUKATEL MERKEZEFENDI BELEDIYESI BASKET,YMB,M. Agva,46,,,19.530000686646,35.709999084473,0.0,P2,missed,YUKATEL MERKEZEFENDI BELEDIYESI BASKET M. AGVA 2Pt missed,,,,,,,,,0,160,2.0,def_reb,0,68,0,44
03:40,03:40:00,68,44,24,1,3,REGULAR,89,E. OSMANI,1,rebound,506,505,[],defensive,0,24,Ercan,Osmani,Ercan,Osmani,E,O,E,O,E. Osmani,ANADOLU EFES,EFS,E. Osmani,24,,,,,,REB,,ANADOLU EFES rebound defensive,,,,,,,,,0,161,1.0,def_reb,0,68,0,44
03:27,03:27:00,71,44,27,1,3,REGULAR,72,R. BEAUBOIS,1,3pt,507,,[],jumpshot,1,1,Rodrigue,Beaubois,Rodrigue,Beaubois,R,B,R,B,R. Beaubois,ANADOLU EFES,EFS,R. Beaubois,1,,,68.519996643066,37.400001525879,1.0,P3,made,ANADOLU EFES R. BEAUBOIS 3Pt made,89.0,1.0,E. OSMANI,,,,,,3,162,2.0,score,3,71,0,44
03:27,03:27:00,71,44,27,1,3,REGULAR,89,E. OSMANI,1,assist,508,507,[],,0,24,Ercan,Osmani,Ercan,Osmani,E,O,E,O,E. Osmani,ANADOLU EFES,EFS,E. Osmani,24,,,,,,ASS,,ANADOLU EFES E. OSMANI assist,,,,,,,,,0,163,1.0,,0,71,0,44
03:25,03:25:00,71,44,27,2,3,REGULAR,0,,1,timeout,511,,[],full,0,,,,,,,,,,,YUKATEL MERKEZEFENDI BELEDIYESI BASKET,YMB,,,,,,,,TIMEOUT,,YUKATEL MERKEZEFENDI BELEDIYESI BASKET timeout,,,,,,,,,0,163,1.0,,0,71,0,44
03:25,03:25:00,71,44,27,0,3,REGULAR,0,,1,timeout,512,,[],officials,0,,,,,,,,,,,,,,,,,,,,TIMEOUT,, timeout,,,,,,,,,0,163,1.0,,0,71,0,44
03:25,03:25:00,71,44,27,1,3,REGULAR,88,I. CORDINIER,1,substitution,513,,[],out,0,10,Isaia,Cordinier,Isaia,Cordinier,I,C,I,C,I. Cordinier,ANADOLU EFES,EFS,I. Cordinier,10,,,,,,SUB,out,ANADOLU EFES substitution out,,,,,,,,,0,163,1.0,,0,71,0,44
03:25,03:25:00,71,44,27,1,3,REGULAR,89,E. OSMANI,1,substitution,514,,[],out,0,24,Ercan,Osmani,Ercan,Osmani,E,O,E,O,E. Osmani,ANADOLU EFES,EFS,E. Osmani,24,,,,,,SUB,out,ANADOLU EFES substitution out,,,,,,,,,0,163,1.0,,0,71,0,44
03:25,03:25:00,71,44,27,1,3,REGULAR,75,C. SWIDER,1,substitution,515,,[],in,0,21,Cole,Swider,Cole,Swider,C,S,C,S,C. Swider,ANADOLU EFES,EFS,C. Swider,21,,,,,,SUB,in,ANADOLU EFES substitution in,,,,,,,,,0,163,1.0,,0,71,0,44
03:25,03:25:00,71,44,27,1,3,REGULAR,80,E. YILMAZ,1,substitution,516,,[],in,0,33,Erkan,Yilmaz,Erkan,Yilmaz,E,Y,E,Y,E. Yilmaz,ANADOLU EFES,EFS,E. Yilmaz,33,,,,,,SUB,in,ANADOLU EFES substitution in,,,,,,,,,0,163,1.0,,0,71,0,44
03:25,03:25:00,71,44,27,2,3,REGULAR,3,E. TANISAN,1,substitution,517,,[],out,0,0,Emre,Tanisan,Emre,Tanisan,E,T,E,T,E. Tanisan,YUKATEL MERKEZEFENDI BELEDIYESI BASKET,YMB,E. Tanisan,0,,,,,,SUB,out,YUKATEL MERKEZEFENDI BELEDIYESI BASKET substitution out,,,,,,,,,0,163,1.0,,0,71,0,44
03:25,03:25:00,71,44,27,2,3,REGULAR,12,M. CAZALON,1,substitution,518,,[],out,0,21,Malcolm Jean Ahmed,Cazalon,Malcolm Jean Ahmed,Cazalon,M,C,M,C,M. Cazalon,YUKATEL MERKEZEFENDI BELEDIYESI BASKET,YMB,M. Cazalon,21,,,,,,SUB,out,YUKATEL MERKEZEFENDI BELEDIYESI BASKET substitution out,,,,,,,,,0,163,1.0,,0,71,0,44
03:25,03:25:00,71,44,27,2,3,REGULAR,7,Ö. ILYASOGLU,1,substitution,519,,[],in,0,13,Ömer Can,Ilyasoglu,Ömer Can,Ilyasoglu,Ö,I,Ö,I,Ö. Ilyasoglu,YUKATEL MERKEZEFENDI BELEDIYESI BASKET,YMB,Ö. Ilyasoglu,13,,,,,,SUB,in,YUKATEL MERKEZEFENDI BELEDIYESI BASKET substitution in,,,,,,,,,0,163,1.0,,0,71,0,44
03:25,03:25:00,71,44,27,2,3,REGULAR,13,J. HAWKINS,1,substitution,520,,[],in,0,31,Javontae Aaron,Hawkins,Javontae Aaron,Hawkins,J,H,J,H,J. Hawkins,YUKATEL MERKEZEFENDI BELEDIYESI BASKET,YMB,J. Hawkins,31,,,,,,SUB,in,YUKATEL MERKEZEFENDI BELEDIYESI BASKET substitution in,,,,,,,,,0,163,1.0,,0,71,0,44
03:07,03:07:00,71,44,27,2,3,REGULAR,7,Ö. ILYASOGLU,0,3pt,522,,[],jumpshot,1,13,Ömer Can,Ilyasoglu,Ömer Can,Ilyasoglu,Ö,I,Ö,I,Ö. Ilyasoglu,YUKATEL MERKEZEFENDI BELEDIYESI BASKET,YMB,Ö. Ilyasoglu,13,,,30.139999389648,31.75,0.0,P3,missed,YUKATEL MERKEZEFENDI BELEDIYESI BASKET Ö. ILYASOGLU 3Pt missed,,,,,,,,,0,163,1.0,def_reb,0,71,0,44
03:04,03:04:00,71,44,27,1,3,REGULAR,80,E. YILMAZ,1,rebound,523,522,[],defensive,0,33,Erkan,Yilmaz,Erkan,Yilmaz,E,Y,E,Y,E. Yilmaz,ANADOLU EFES,EFS,E. Yilmaz,33,,,,,,REB,,ANADOLU EFES rebound defensive,,,,,,,,,0,164,2.0,def_reb,0,71,0,44
02:53,02:53:00,73,44,29,1,3,REGULAR,73,B. DESSERT,1,2pt,524,,['pointsinthepaint'],alleyoopdunk,1,13,Brice,Dessert,Brice,Dessert,B,D,B,D,B. Dessert,ANADOLU EFES,EFS,B. Dessert,13,,,92.540000915527,54.630001068115,1.0,P2,made,ANADOLU EFES B. DESSERT 2Pt made,87.0,1.0,N. WEILER-BABB,,,,,,2,165,1.0,score,2,73,0,44
02:53,02:53:00,73,44,29,1,3,REGULAR,87,N. WEILER-BABB,1,assist,525,524,[],,0,8,Nick,Weiler-Babb,Nick,Weiler-Babb,N,W,N,W,N. Weiler-Babb,ANADOLU EFES,EFS,N. Weiler-Babb,8,,,,,,ASS,,ANADOLU EFES N. WEILER-BABB assist,,,,,,,,,0,166,2.0,,0,73,0,44
02:26,02:26:00,73,47,26,2,3,REGULAR,13,J. HAWKINS,1,3pt,526,,[],jumpshot,1,31,Javontae Aaron,Hawkins,Javontae Aaron,Hawkins,J,H,J,H,J. Hawkins,YUKATEL MERKEZEFENDI BELEDIYESI BASKET,YMB,J. Hawkins,31,,,32.169998168945,69.889999389648,1.0,P3,made,YUKATEL MERKEZEFENDI BELEDIYESI BASKET J. HAWKINS 3Pt made,,,,,,,,,3,166,2.0,score,0,73,3,47
02:01,02:01:00,73,47,26,1,3,REGULAR,72,R. BEAUBOIS,0,2pt,528,,['pointsinthepaint'],floatingjumpshot,1,1,Rodrigue,Beaubois,Rodrigue,Beaubois,R,B,R,B,R. Beaubois,ANADOLU EFES,EFS,R. Beaubois,1,,,81.930000305176,51.240001678467,0.0,P2,missed,ANADOLU EFES R. BEAUBOIS 2Pt missed,,,,,,,,,0,167,1.0,def_reb,0,73,0,47
01:58,01:58:00,73,47,26,1,3,REGULAR,0,,1,rebound,530,528,['team'],offensive,0,,,,,,,,,,,ANADOLU EFES,EFS,,,,,,,,TREB,,ANADOLU EFES team rebound offensive,,,,,,,,,0,168,2.0,def_reb,0,73,0,47
01:59,01:59:00,73,47,26,1,3,REGULAR,73,B. DESSERT,1,substitution,532,,[],out,0,13,Brice,Dessert,Brice,Dessert,B,D,B,D,B. Dessert,ANADOLU EFES,EFS,B. Dessert,13,,,,,,SUB,out,ANADOLU EFES substitution out,,,,,,,,,0,169,1.0,,0,73,0,47
01:59,01:59:00,73,47,26,1,3,REGULAR,86,R. SMITS,1,substitution,533,,[],in,0,11,Rolands,Smits,Rolands,Smits,R,S,R,S,R. Smits,ANADOLU EFES,EFS,R. Smits,11,,,,,,SUB,in,ANADOLU EFES substitution in,,,,,,,,,0,169,1.0,,0,73,0,47
01:59,01:59:00,73,47,26,2,3,REGULAR,5,M. AGVA,1,substitution,534,,[],out,0,46,Mahir,Agva,Mahir,Agva,M,A,M,A,M. Agva,YUKATEL MERKEZEFENDI BELEDIYESI BASKET,YMB,M. Agva,46,,,,,,SUB,out,YUKATEL MERKEZEFENDI BELEDIYESI BASKET substitution out,,,,,,,,,0,169,1.0,,0,73,0,47
01:59,01:59:00,73,47,26,2,3,REGULAR,10,J. ROBERTS,1,substitution,535,,[],in,0,23,Joshua Artee,Roberts,Joshua Artee,Roberts,J,R,J,R,J. Roberts,YUKATEL MERKEZEFENDI BELEDIYESI BASKET,YMB,J. Roberts,23,,,,,,SUB,in,YUKATEL MERKEZEFENDI BELEDIYESI BASKET substitution in,,,,,,,,,0,169,1.0,,0,73,0,47
01:47,01:47:00,73,47,26,2,3,REGULAR,21,K. SMITH JR,1,foul,540,,"['shooting', '2freethrow']",personal,0,4,Kenneth Jerome,Smith Jr,Kenneth Jerome,Smith Jr,K,S,K,S,K. Smith Jr,YUKATEL MERKEZEFENDI BELEDIYESI BASKET,YMB,K. Smith Jr,4,,,,,,FOUL,,YUKATEL MERKEZEFENDI BELEDIYESI BASKET K. SMITH JR foul personal,,,,,,,,,0,169,1.0,,0,73,0,47
01:47,01:47:00,73,47,26,1,3,REGULAR,80,E. YILMAZ,1,foulon,541,540,[],,0,33,Erkan,Yilmaz,Erkan,Yilmaz,E,Y,E,Y,E. Yilmaz,ANADOLU EFES,EFS,E. Yilmaz,33,,,,,,OTHER,,ANADOLU EFES foulon,,,,,,,,,0,169,1.0,,0,73,0,47
01:47,01:47:00,74,47,27,1,3,REGULAR,80,E. YILMAZ,1,freethrow,542,,['2ndchance'],1of2,1,33,Erkan,Yilmaz,Erkan,Yilmaz,E,Y,E,Y,E. Yilmaz,ANADOLU EFES,EFS,E. Yilmaz,33,,,,,,FT,made,ANADOLU EFES E. YILMAZ FT 1of2 made,,,,,,,,,1,169,1.0,made_ft,1,74,0,47
01:47,01:47:00,75,47,28,1,3,REGULAR,80,E. YILMAZ,1,freethrow,543,,['2ndchance'],2of2,1,33,Erkan,Yilmaz,Erkan,Yilmaz,E,Y,E,Y,E. Yilmaz,ANADOLU EFES,EFS,E. Yilmaz,33,,,,,,FT,made,ANADOLU EFES E. YILMAZ FT 2of2 made,,,,,,,,,1,170,2.0,made_ft_last,1,75,0,47
01:30,01:30:00,75,47,28,2,3,REGULAR,13,J. HAWKINS,0,2pt,545,,['pointsinthepaint'],layup,1,31,Javontae Aaron,Hawkins,Javontae Aaron,Hawkins,J,H,J,H,J. Hawkins,YUKATEL MERKEZEFENDI BELEDIYESI BASKET,YMB,J. Hawkins,31,,,8.6099996566772,49.830001831055,0.0,P2,missed,YUKATEL MERKEZEFENDI BELEDIYESI BASKET J. HAWKINS 2Pt missed,,,,,,,,,0,171,1.0,,0,75,0,47
01:24,01:24:00,75,47,28,2,3,REGULAR,10,J. ROBERTS,1,rebound,546,545,[],offensive,0,23,Joshua Artee,Roberts,Joshua Artee,Roberts,J,R,J,R,J. Roberts,YUKATEL MERKEZEFENDI BELEDIYESI BASKET,YMB,J. Roberts,23,,,,,,REB,,YUKATEL MERKEZEFENDI BELEDIYESI BASKET rebound offensive,,,,,,,,,0,171,1.0,,0,75,0,47
01:24,01:24:00,75,49,26,2,3,REGULAR,10,J. ROBERTS,1,2pt,547,,"['2ndchance', 'pointsinthepaint']",tipindunk,1,23,Joshua Artee,Roberts,Joshua Artee,Roberts,J,R,J,R,J. Roberts,YUKATEL MERKEZEFENDI BELEDIYESI BASKET,YMB,J. Roberts,23,,,6.0,50.0,1.0,P2,made,YUKATEL MERKEZEFENDI BELEDIYESI BASKET J. ROBERTS 2Pt made,,,,,,,,,2,171,1.0,score,0,75,2,49
01:09,01:09:00,75,49,26,1,3,REGULAR,75,C. SWIDER,0,3pt,548,,[],jumpshot,1,21,Cole,Swider,Cole,Swider,C,S,C,S,C. Swider,ANADOLU EFES,EFS,C. Swider,21,,,71.949996948242,21.299999237061,0.0,P3,missed,ANADOLU EFES C. SWIDER 3Pt missed,,,,,,,,,0,172,2.0,def_reb,0,75,0,49
01:06,01:06:00,75,49,26,2,3,REGULAR,9,R. BADZIM,1,rebound,549,548,[],defensive,0,18,Roko,Badzim,Roko,Badzim,R,B,R,B,R. Badzim,YUKATEL MERKEZEFENDI BELEDIYESI BASKET,YMB,R. Badzim,18,,,,,,REB,,YUKATEL MERKEZEFENDI BELEDIYESI BASKET rebound defensive,,,,,,,,,0,173,1.0,def_reb,0,75,0,49
01:00,01:00:00,75,52,23,2,3,REGULAR,7,Ö. ILYASOGLU,1,3pt,550,,['fastbreak'],jumpshot,1,13,Ömer Can,Ilyasoglu,Ömer Can,Ilyasoglu,Ö,I,Ö,I,Ö. Ilyasoglu,YUKATEL MERKEZEFENDI BELEDIYESI BASKET,YMB,Ö. Ilyasoglu,13,,,25.770000457764,84.860000610352,1.0,P3,made,YUKATEL MERKEZEFENDI BELEDIYESI BASKET Ö. ILYASOGLU 3Pt made,21.0,2.0,K. SMITH JR,,,,,,3,174,2.0,score,0,75,3,52
01:00,01:00:00,75,52,23,2,3,REGULAR,21,K. SMITH JR,1,assist,551,550,[],,0,4,Kenneth Jerome,Smith Jr,Kenneth Jerome,Smith Jr,K,S,K,S,K. Smith Jr,YUKATEL MERKEZEFENDI BELEDIYESI BASKET,YMB,K. Smith Jr,4,,,,,,ASS,,YUKATEL MERKEZEFENDI BELEDIYESI BASKET K. SMITH JR assist,,,,,,,,,0,175,1.0,,0,75,0,52
00:43,00:43:60,75,52,23,1,3,REGULAR,75,C. SWIDER,1,foul,555,,[],offensive,0,21,Cole,Swider,Cole,Swider,C,S,C,S,C. Swider,ANADOLU EFES,EFS,C. Swider,21,,,,,,RFOUL,,ANADOLU EFES C. SWIDER foul offensive,,,,,,,,,0,175,1.0,offensive_foul,0,75,0,52
00:43,00:43:60,75,52,23,1,3,REGULAR,75,C. SWIDER,1,turnover,556,555,[],offensive,0,21,Cole,Swider,Cole,Swider,C,S,C,S,C. Swider,ANADOLU EFES,EFS,C. Swider,21,,,,,,TO,,ANADOLU EFES C. SWIDER turnover offensive,,,,,,,,,0,176,2.0,turnover,0,75,0,52
00:43,00:43:60,75,52,23,2,3,REGULAR,13,J. HAWKINS,1,foulon,557,555,[],,0,31,Javontae Aaron,Hawkins,Javontae Aaron,Hawkins,J,H,J,H,J. Hawkins,YUKATEL MERKEZEFENDI BELEDIYESI BASKET,YMB,J. Hawkins,31,,,,,,OTHER,,YUKATEL MERKEZEFENDI BELEDIYESI BASKET foulon,,,,,,,,,0,177,1.0,,0,75,0,52
00:34,00:34:30,75,52,23,2,3,REGULAR,7,Ö. ILYASOGLU,0,3pt,559,,['fromturnover'],jumpshot,1,13,Ömer Can,Ilyasoglu,Ömer Can,Ilyasoglu,Ö,I,Ö,I,Ö. Ilyasoglu,YUKATEL MERKEZEFENDI BELEDIYESI BASKET,YMB,Ö. Ilyasoglu,13,,,31.389999389648,38.810001373291,0.0,P3,missed,YUKATEL MERKEZEFENDI BELEDIYESI BASKET Ö. ILYASOGLU 3Pt missed,,,,,,,,,0,177,1.0,,0,75,0,52
00:30,00:30:60,75,52,23,2,3,REGULAR,9,R. BADZIM,1,rebound,560,559,[],offensive,0,18,Roko,Badzim,Roko,Badzim,R,B,R,B,R. Badzim,YUKATEL MERKEZEFENDI BELEDIYESI BASKET,YMB,R. Badzim,18,,,,,,REB,,YUKATEL MERKEZEFENDI BELEDIYESI BASKET rebound offensive,,,,,,,,,0,177,1.0,,0,75,0,52
00:20,00:20:10,75,52,23,2,3,REGULAR,13,J. HAWKINS,0,2pt,561,,"['2ndchance', 'fromturnover', 'pointsinthepaint']",jumpshot,1,31,Javontae Aaron,Hawkins,Javontae Aaron,Hawkins,J,H,J,H,J. Hawkins,YUKATEL MERKEZEFENDI BELEDIYESI BASKET,YMB,J. Hawkins,31,,,15.789999961853,34.290000915527,0.0,P2,missed,YUKATEL MERKEZEFENDI BELEDIYESI BASKET J. HAWKINS 2Pt missed,,,,,,,,,0,177,1.0,def_reb,0,75,0,52
00:17,00:17:40,75,52,23,1,3,REGULAR,86,R. SMITS,1,rebound,562,561,[],defensive,0,11,Rolands,Smits,Rolands,Smits,R,S,R,S,R. Smits,ANADOLU EFES,EFS,R. Smits,11,,,,,,REB,,ANADOLU EFES rebound defensive,,,,,,,,,0,178,2.0,def_reb,0,75,0,52
00:01,00:01:70,77,52,25,1,3,REGULAR,72,R. BEAUBOIS,1,2pt,564,,['pointsinthepaint'],layup,1,1,Rodrigue,Beaubois,Rodrigue,Beaubois,R,B,R,B,R. Beaubois,ANADOLU EFES,EFS,R. Beaubois,1,,,86.610000610352,51.529998779297,1.0,P2,made,ANADOLU EFES R. BEAUBOIS 2Pt made,87.0,1.0,N. WEILER-BABB,,,,,,2,179,1.0,score,2,77,0,52
00:01,00:01:70,77,52,25,1,3,REGULAR,87,N. WEILER-BABB,1,assist,566,564,[],,0,8,Nick,Weiler-Babb,Nick,Weiler-Babb,N,W,N,W,N. Weiler-Babb,ANADOLU EFES,EFS,N. Weiler-Babb,8,,,,,,ASS,,ANADOLU EFES N. WEILER-BABB assist,,,,,,,,,0,180,2.0,,0,77,0,52
00:00,00:00:00,77,52,25,0,3,REGULAR,0,,1,period,568,,['confirmed'],end,0,,,,,,,,,,,,,,,,,,,,OTHER,,period end,,,,,,,,,0,180,2.0,,0,77,0,52
10:00,10:00:00,77,52,25,1,4,REGULAR,87,N. WEILER-BABB,1,substitution,569,,[],out,0,8,Nick,Weiler-Babb,Nick,Weiler-Babb,N,W,N,W,N. Weiler-Babb,ANADOLU EFES,EFS,N. Weiler-Babb,8,,,,,,SUB,out,ANADOLU EFES substitution out,,,,,,,,,0,180,2.0,,0,77,0,52
10:00,10:00:00,77,52,25,1,4,REGULAR,80,E. YILMAZ,1,substitution,570,,[],out,0,33,Erkan,Yilmaz,Erkan,Yilmaz,E,Y,E,Y,E. Yilmaz,ANADOLU EFES,EFS,E. Yilmaz,33,,,,,,SUB,out,ANADOLU EFES substitution out,,,,,,,,,0,180,2.0,,0,77,0,52
10:00,10:00:00,77,52,25,1,4,REGULAR,81,S. HAZER,1,substitution,571,,[],in,0,2,Sehmus,Hazer,Sehmus,Hazer,S,H,S,H,S. Hazer,ANADOLU EFES,EFS,S. Hazer,2,,,,,,SUB,in,ANADOLU EFES substitution in,,,,,,,,,0,180,2.0,,0,77,0,52
10:00,10:00:00,77,52,25,1,4,REGULAR,82,S. MUTAF,1,substitution,572,,[],in,0,23,Sarper David,Mutaf,Sarper David,Mutaf,S,M,S,M,S. Mutaf,ANADOLU EFES,EFS,S. Mutaf,23,,,,,,SUB,in,ANADOLU EFES substitution in,,,,,,,,,0,180,2.0,,0,77,0,52
10:00,10:00:00,77,52,25,2,4,REGULAR,7,Ö. ILYASOGLU,1,substitution,573,,[],out,0,13,Ömer Can,Ilyasoglu,Ömer Can,Ilyasoglu,Ö,I,Ö,I,Ö. Ilyasoglu,YUKATEL MERKEZEFENDI BELEDIYESI BASKET,YMB,Ö. Ilyasoglu,13,,,,,,SUB,out,YUKATEL MERKEZEFENDI BELEDIYESI BASKET substitution out,,,,,,,,,0,180,2.0,,0,77,0,52
10:00,10:00:00,77,52,25,2,4,REGULAR,10,J. ROBERTS,1,substitution,574,,[],out,0,23,Joshua Artee,Roberts,Joshua Artee,Roberts,J,R,J,R,J. Roberts,YUKATEL MERKEZEFENDI BELEDIYESI BASKET,YMB,J. Roberts,23,,,,,,SUB,out,YUKATEL MERKEZEFENDI BELEDIYESI BASKET substitution out,,,,,,,,,0,180,2.0,,0,77,0,52
10:00,10:00:00,77,52,25,2,4,REGULAR,3,E. TANISAN,1,substitution,575,,[],in,0,0,Emre,Tanisan,Emre,Tanisan,E,T,E,T,E. Tanisan,YUKATEL MERKEZEFENDI BELEDIYESI BASKET,YMB,E. Tanisan,0,,,,,,SUB,in,YUKATEL MERKEZEFENDI BELEDIYESI BASKET substitution in,,,,,,,,,0,180,2.0,,0,77,0,52
10:00,10:00:00,77,52,25,2,4,REGULAR,12,M. CAZALON,1,substitution,576,,[],in,0,21,Malcolm Jean Ahmed,Cazalon,Malcolm Jean Ahmed,Cazalon,M,C,M,C,M. Cazalon,YUKATEL MERKEZEFENDI BELEDIYESI BASKET,YMB,M. Cazalon,21,,,,,,SUB,in,YUKATEL MERKEZEFENDI BELEDIYESI BASKET substitution in,,,,,,,,,0,180,2.0,,0,77,0,52
10:00,10:00:00,77,52,25,0,4,REGULAR,0,,1,period,577,,[],start,0,,,,,,,,,,,,,,,,,,,,OTHER,,period start,,,,,,,,,0,180,2.0,,0,77,0,52
09:53,09:53:00,77,52,25,1,4,REGULAR,82,S. MUTAF,1,foul,580,,[],personal,0,23,Sarper David,Mutaf,Sarper David,Mutaf,S,M,S,M,S. Mutaf,ANADOLU EFES,EFS,S. Mutaf,23,,,,,,FOUL,,ANADOLU EFES S. MUTAF foul personal,,,,,,,,,0,180,2.0,,0,77,0,52
09:53,09:53:00,77,52,25,2,4,REGULAR,9,R. BADZIM,1,foulon,581,580,[],,0,18,Roko,Badzim,Roko,Badzim,R,B,R,B,R. Badzim,YUKATEL MERKEZEFENDI BELEDIYESI BASKET,YMB,R. Badzim,18,,,,,,OTHER,,YUKATEL MERKEZEFENDI BELEDIYESI BASKET foulon,,,,,,,,,0,180,2.0,,0,77,0,52
09:44,09:44:00,77,55,22,2,4,REGULAR,21,K. SMITH JR,1,3pt,583,,[],jumpshot,1,4,Kenneth Jerome,Smith Jr,Kenneth Jerome,Smith Jr,K,S,K,S,K. Smith Jr,YUKATEL MERKEZEFENDI BELEDIYESI BASKET,YMB,K. Smith Jr,4,,,30.760000228882,28.930000305176,1.0,P3,made,YUKATEL MERKEZEFENDI BELEDIYESI BASKET K. SMITH JR 3Pt made,9.0,2.0,R. BADZIM,,,,,,3,180,2.0,score,0,77,3,55
09:44,09:44:00,77,55,22,2,4,REGULAR,9,R. BADZIM,1,assist,584,583,[],,0,18,Roko,Badzim,Roko,Badzim,R,B,R,B,R. Badzim,YUKATEL MERKEZEFENDI BELEDIYESI BASKET,YMB,R. Badzim,18,,,,,,ASS,,YUKATEL MERKEZEFENDI BELEDIYESI BASKET R. BADZIM assist,,,,,,,,,0,181,1.0,,0,77,0,55
09:22,09:22:00,77,55,22,1,4,REGULAR,81,S. HAZER,0,3pt,585,,[],jumpshot,1,2,Sehmus,Hazer,Sehmus,Hazer,S,H,S,H,S. Hazer,ANADOLU EFES,EFS,S. Hazer,2,,,68.669998168945,72.430000305176,0.0,P3,missed,ANADOLU EFES S. HAZER 3Pt missed,,,,,,,,,0,181,1.0,def_reb,0,77,0,55
09:19,09:19:00,77,55,22,2,4,REGULAR,3,E. TANISAN,1,rebound,586,585,[],defensive,0,0,Emre,Tanisan,Emre,Tanisan,E,T,E,T,E. Tanisan,YUKATEL MERKEZEFENDI BELEDIYESI BASKET,YMB,E. Tanisan,0,,,,,,REB,,YUKATEL MERKEZEFENDI BELEDIYESI BASKET rebound defensive,,,,,,,,,0,182,2.0,def_reb,0,77,0,55
09:05,09:05:00,77,55,22,2,4,REGULAR,13,J. HAWKINS,0,3pt,588,,[],jumpshot,1,31,Javontae Aaron,Hawkins,Javontae Aaron,Hawkins,J,H,J,H,J. Hawkins,YUKATEL MERKEZEFENDI BELEDIYESI BASKET,YMB,J. Hawkins,31,,,26.079999923706,17.340000152588,0.0,P3,missed,YUKATEL MERKEZEFENDI BELEDIYESI BASKET J. HAWKINS 3Pt missed,,,,,,,,,0,183,1.0,def_reb,0,77,0,55
09:00,09:00:00,77,57,20,2,4,REGULAR,0,,1,rebound,590,588,['team'],offensive,0,,,,,,,,,,,YUKATEL MERKEZEFENDI BELEDIYESI BASKET,YMB,,,,,,,,TREB,,YUKATEL MERKEZEFENDI BELEDIYESI BASKET team rebound offensive,,,,,,,,,0,184,2.0,def_reb,0,77,0,55
09:03,09:03:00,77,55,22,1,4,REGULAR,75,C. SWIDER,1,foul,594,,[],personal,0,21,Cole,Swider,Cole,Swider,C,S,C,S,C. Swider,ANADOLU EFES,EFS,C. Swider,21,,,,,,FOUL,,ANADOLU EFES C. SWIDER foul personal,,,,,,,,,0,185,1.0,,0,77,0,55
09:03,09:03:00,77,55,22,2,4,REGULAR,3,E. TANISAN,1,foulon,595,594,[],,0,0,Emre,Tanisan,Emre,Tanisan,E,T,E,T,E. Tanisan,YUKATEL MERKEZEFENDI BELEDIYESI BASKET,YMB,E. Tanisan,0,,,,,,OTHER,,YUKATEL MERKEZEFENDI BELEDIYESI BASKET foulon,,,,,,,,,0,185,1.0,,0,77,0,55
09:02,09:02:00,77,57,20,2,4,REGULAR,13,J. HAWKINS,1,2pt,597,,"['2ndchance', 'pointsinthepaint']",layup,1,31,Javontae Aaron,Hawkins,Javontae Aaron,Hawkins,J,H,J,H,J. Hawkins,YUKATEL MERKEZEFENDI BELEDIYESI BASKET,YMB,J. Hawkins,31,,,6.5799999237061,54.919998168945,1.0,P2,made,YUKATEL MERKEZEFENDI BELEDIYESI BASKET J. HAWKINS 2Pt made,21.0,2.0,K. SMITH JR,,,,,,2,185,1.0,score,0,77,2,57
09:02,09:02:00,77,57,20,2,4,REGULAR,21,K. SMITH JR,1,assist,598,597,[],,0,4,Kenneth Jerome,Smith Jr,Kenneth Jerome,Smith Jr,K,S,K,S,K. Smith Jr,YUKATEL MERKEZEFENDI BELEDIYESI BASKET,YMB,K. Smith Jr,4,,,,,,ASS,,YUKATEL MERKEZEFENDI BELEDIYESI BASKET K. SMITH JR assist,,,,,,,,,0,186,2.0,,0,77,0,57
08:39,08:39:00,80,57,23,1,4,REGULAR,81,S. HAZER,1,3pt,599,,[],jumpshot,1,2,Sehmus,Hazer,Sehmus,Hazer,S,H,S,H,S. Hazer,ANADOLU EFES,EFS,S. Hazer,2,,,73.040000915527,81.75,1.0,P3,made,ANADOLU EFES S. HAZER 3Pt made,72.0,1.0,R. BEAUBOIS,,,,,,3,186,2.0,score,3,80,0,57
08:39,08:39:00,80,57,23,1,4,REGULAR,72,R. BEAUBOIS,1,assist,600,599,[],,0,1,Rodrigue,Beaubois,Rodrigue,Beaubois,R,B,R,B,R. Beaubois,ANADOLU EFES,EFS,R. Beaubois,1,,,,,,ASS,,ANADOLU EFES R. BEAUBOIS assist,,,,,,,,,0,187,1.0,,0,80,0,57
08:12,08:12:00,80,57,23,2,4,REGULAR,3,E. TANISAN,0,2pt,601,,['pointsinthepaint'],layup,1,0,Emre,Tanisan,Emre,Tanisan,E,T,E,T,E. Tanisan,YUKATEL MERKEZEFENDI BELEDIYESI BASKET,YMB,E. Tanisan,0,,,7.0500001907349,55.200000762939,0.0,P2,missed,YUKATEL MERKEZEFENDI BELEDIYESI BASKET E. TANISAN 2Pt missed,,,,,,,,,0,187,1.0,def_reb,0,80,0,57
08:10,08:10:00,80,57,23,1,4,REGULAR,75,C. SWIDER,1,rebound,602,601,[],defensive,0,21,Cole,Swider,Cole,Swider,C,S,C,S,C. Swider,ANADOLU EFES,EFS,C. Swider,21,,,,,,REB,,ANADOLU EFES rebound defensive,,,,,,,,,0,188,2.0,def_reb,0,80,0,57
08:06,08:06:00,80,57,23,1,4,REGULAR,75,C. SWIDER,1,turnover,608,,[],badpass,0,21,Cole,Swider,Cole,Swider,C,S,C,S,C. Swider,ANADOLU EFES,EFS,C. Swider,21,,,,,,TO,,ANADOLU EFES C. SWIDER turnover badpass,,,,,,,,,0,189,1.0,turnover,0,80,0,57
07:53,07:53:00,80,57,23,1,4,REGULAR,81,S. HAZER,1,foul,612,,[],personal,0,2,Sehmus,Hazer,Sehmus,Hazer,S,H,S,H,S. Hazer,ANADOLU EFES,EFS,S. Hazer,2,,,,,,FOUL,,ANADOLU EFES S. HAZER foul personal,,,,,,,,,0,190,2.0,,0,80,0,57
07:53,07:53:00,80,57,23,2,4,REGULAR,21,K. SMITH JR,1,foulon,613,612,[],,0,4,Kenneth Jerome,Smith Jr,Kenneth Jerome,Smith Jr,K,S,K,S,K. Smith Jr,YUKATEL MERKEZEFENDI BELEDIYESI BASKET,YMB,K. Smith Jr,4,,,,,,OTHER,,YUKATEL MERKEZEFENDI BELEDIYESI BASKET foulon,,,,,,,,,0,190,2.0,,0,80,0,57
07:43,07:43:00,80,59,21,2,4,REGULAR,3,E. TANISAN,1,2pt,615,,"['fromturnover', 'pointsinthepaint']",layup,1,0,Emre,Tanisan,Emre,Tanisan,E,T,E,T,E. Tanisan,YUKATEL MERKEZEFENDI BELEDIYESI BASKET,YMB,E. Tanisan,0,,,7.6799998283386,53.220001220703,1.0,P2,made,YUKATEL MERKEZEFENDI BELEDIYESI BASKET E. TANISAN 2Pt made,21.0,2.0,K. SMITH JR,,,,,,2,190,2.0,score,0,80,2,59
07:43,07:43:00,80,59,21,2,4,REGULAR,21,K. SMITH JR,1,assist,616,615,[],,0,4,Kenneth Jerome,Smith Jr,Kenneth Jerome,Smith Jr,K,S,K,S,K. Smith Jr,YUKATEL MERKEZEFENDI BELEDIYESI BASKET,YMB,K. Smith Jr,4,,,,,,ASS,,YUKATEL MERKEZEFENDI BELEDIYESI BASKET K. SMITH JR assist,,,,,,,,,0,191,1.0,,0,80,0,59
07:21,07:21:00,80,59,21,1,4,REGULAR,82,S. MUTAF,1,turnover,618,,[],badpass,0,23,Sarper David,Mutaf,Sarper David,Mutaf,S,M,S,M,S. Mutaf,ANADOLU EFES,EFS,S. Mutaf,23,,,,,,TO,,ANADOLU EFES S. MUTAF turnover badpass,,,,,,,,,0,191,1.0,turnover,0,80,0,59
07:21,07:21:00,80,59,21,2,4,REGULAR,12,M. CAZALON,1,steal,619,618,[],,0,21,Malcolm Jean Ahmed,Cazalon,Malcolm Jean Ahmed,Cazalon,M,C,M,C,M. Cazalon,YUKATEL MERKEZEFENDI BELEDIYESI BASKET,YMB,M. Cazalon,21,,,,,,ST,,YUKATEL MERKEZEFENDI BELEDIYESI BASKET M. CAZALON steal,,,,,,,,,0,192,2.0,,0,80,0,59
07:21,07:21:00,80,59,21,2,4,REGULAR,12,M. CAZALON,1,turnover,620,,[],outofbounds,0,21,Malcolm Jean Ahmed,Cazalon,Malcolm Jean Ahmed,Cazalon,M,C,M,C,M. Cazalon,YUKATEL MERKEZEFENDI BELEDIYESI BASKET,YMB,M. Cazalon,21,,,,,,TO,,YUKATEL MERKEZEFENDI BELEDIYESI BASKET M. CAZALON turnover outofbounds,,,,,,,,,0,192,2.0,turnover,0,80,0,59
07:21,07:21:00,80,59,21,2,4,REGULAR,0,,1,headcoachchallenge,621,,['rejected'],outofbounds,0,,,,,,,,,,,YUKATEL MERKEZEFENDI BELEDIYESI BASKET,YMB,,,,,,,,OTHER,,YUKATEL MERKEZEFENDI BELEDIYESI BASKET headcoachchallenge outofbounds,,,,,,,,,0,193,1.0,,0,80,0,59
07:19,07:19:00,82,59,23,1,4,REGULAR,86,R. SMITS,1,2pt,623,,"['fromturnover', 'pointsinthepaint']",dunk,1,11,Rolands,Smits,Rolands,Smits,R,S,R,S,R. Smits,ANADOLU EFES,EFS,R. Smits,11,,,94.410003662109,50.400001525879,1.0,P2,made,ANADOLU EFES R. SMITS 2Pt made,81.0,1.0,S. HAZER,,,,,,2,193,1.0,score,2,82,0,59
07:19,07:19:00,82,59,23,1,4,REGULAR,81,S. HAZER,1,assist,624,623,[],,0,2,Sehmus,Hazer,Sehmus,Hazer,S,H,S,H,S. Hazer,ANADOLU EFES,EFS,S. Hazer,2,,,,,,ASS,,ANADOLU EFES S. HAZER assist,,,,,,,,,0,194,2.0,,0,82,0,59
06:55,06:55:00,82,61,21,2,4,REGULAR,3,E. TANISAN,1,2pt,625,,['pointsinthepaint'],floatingjumpshot,1,0,Emre,Tanisan,Emre,Tanisan,E,T,E,T,E. Tanisan,YUKATEL MERKEZEFENDI BELEDIYESI BASKET,YMB,E. Tanisan,0,,,7.6799998283386,53.220001220703,1.0,P2,made,YUKATEL MERKEZEFENDI BELEDIYESI BASKET E. TANISAN 2Pt made,12.0,2.0,M. CAZALON,,,,,,2,194,2.0,score,0,82,2,61
06:55,06:55:00,82,61,21,2,4,REGULAR,12,M. CAZALON,1,assist,626,625,[],,0,21,Malcolm Jean Ahmed,Cazalon,Malcolm Jean Ahmed,Cazalon,M,C,M,C,M. Cazalon,YUKATEL MERKEZEFENDI BELEDIYESI BASKET,YMB,M. Cazalon,21,,,,,,ASS,,YUKATEL MERKEZEFENDI BELEDIYESI BASKET M. CAZALON assist,,,,,,,,,0,195,1.0,,0,82,0,61
06:39,06:39:00,82,61,21,2,4,REGULAR,21,K. SMITH JR,1,foul,630,,"['shooting', '2freethrow']",personal,0,4,Kenneth Jerome,Smith Jr,Kenneth Jerome,Smith Jr,K,S,K,S,K. Smith Jr,YUKATEL MERKEZEFENDI BELEDIYESI BASKET,YMB,K. Smith Jr,4,,,,,,FOUL,,YUKATEL MERKEZEFENDI BELEDIYESI BASKET K. SMITH JR foul personal,,,,,,,,,0,195,1.0,,0,82,0,61
06:39,06:39:00,82,61,21,1,4,REGULAR,82,S. MUTAF,1,foulon,631,630,[],,0,23,Sarper David,Mutaf,Sarper David,Mutaf,S,M,S,M,S. Mutaf,ANADOLU EFES,EFS,S. Mutaf,23,,,,,,OTHER,,ANADOLU EFES foulon,,,,,,,,,0,195,1.0,,0,82,0,61
06:39,06:39:00,83,61,22,1,4,REGULAR,82,S. MUTAF,1,freethrow,632,,[],1of2,1,23,Sarper David,Mutaf,Sarper David,Mutaf,S,M,S,M,S. Mutaf,ANADOLU EFES,EFS,S. Mutaf,23,,,,,,FT,made,ANADOLU EFES S. MUTAF FT 1of2 made,,,,,,,,,1,195,1.0,made_ft,1,83,0,61
06:39,06:39:00,83,61,22,1,4,REGULAR,82,S. MUTAF,0,freethrow,633,,[],2of2,1,23,Sarper David,Mutaf,Sarper David,Mutaf,S,M,S,M,S. Mutaf,ANADOLU EFES,EFS,S. Mutaf,23,,,,,,FT,missed,ANADOLU EFES S. MUTAF FT 2of2 missed,,,,,,,,,0,196,2.0,def_reb,0,83,0,61
06:39,06:39:00,83,61,22,2,4,REGULAR,9,R. BADZIM,1,rebound,635,633,[],defensive,0,18,Roko,Badzim,Roko,Badzim,R,B,R,B,R. Badzim,YUKATEL MERKEZEFENDI BELEDIYESI BASKET,YMB,R. Badzim,18,,,,,,REB,,YUKATEL MERKEZEFENDI BELEDIYESI BASKET rebound defensive,,,,,,,,,0,197,1.0,def_reb,0,83,0,61
06:28,06:28:00,83,61,22,2,4,REGULAR,12,M. CAZALON,1,turnover,636,,[],badpass,0,21,Malcolm Jean Ahmed,Cazalon,Malcolm Jean Ahmed,Cazalon,M,C,M,C,M. Cazalon,YUKATEL MERKEZEFENDI BELEDIYESI BASKET,YMB,M. Cazalon,21,,,,,,TO,,YUKATEL MERKEZEFENDI BELEDIYESI BASKET M. CAZALON turnover badpass,,,,,,,,,0,198,2.0,turnover,0,83,0,61
06:28,06:28:00,83,61,22,1,4,REGULAR,81,S. HAZER,1,steal,637,636,[],,0,2,Sehmus,Hazer,Sehmus,Hazer,S,H,S,H,S. Hazer,ANADOLU EFES,EFS,S. Hazer,2,,,,,,ST,,ANADOLU EFES S. HAZER steal,,,,,,,,,0,199,1.0,,0,83,0,61
06:24,06:24:00,83,61,22,2,4,REGULAR,3,E. TANISAN,1,foul,639,,"['shooting', '2freethrow']",personal,0,0,Emre,Tanisan,Emre,Tanisan,E,T,E,T,E. Tanisan,YUKATEL MERKEZEFENDI BELEDIYESI BASKET,YMB,E. Tanisan,0,,,,,,FOUL,,YUKATEL MERKEZEFENDI BELEDIYESI BASKET E. TANISAN foul personal,,,,,,,,,0,199,1.0,,0,83,0,61
06:24,06:24:00,83,61,22,1,4,REGULAR,81,S. HAZER,1,foulon,640,639,[],,0,2,Sehmus,Hazer,Sehmus,Hazer,S,H,S,H,S. Hazer,ANADOLU EFES,EFS,S. Hazer,2,,,,,,OTHER,,ANADOLU EFES foulon,,,,,,,,,0,199,1.0,,0,83,0,61
06:24,06:24:00,84,61,23,1,4,REGULAR,81,S. HAZER,1,freethrow,641,,"['fastbreak', 'fromturnover']",1of2,1,2,Sehmus,Hazer,Sehmus,Hazer,S,H,S,H,S. Hazer,ANADOLU EFES,EFS,S. Hazer,2,,,,,,FT,made,ANADOLU EFES S. HAZER FT 1of2 made,,,,,,,,,1,199,1.0,made_ft,1,84,0,61
06:24,06:24:00,85,61,24,1,4,REGULAR,81,S. HAZER,1,freethrow,642,,"['fastbreak', 'fromturnover']",2of2,1,2,Sehmus,Hazer,Sehmus,Hazer,S,H,S,H,S. Hazer,ANADOLU EFES,EFS,S. Hazer,2,,,,,,FT,made,ANADOLU EFES S. HAZER FT 2of2 made,,,,,,,,,1,200,2.0,made_ft_last,1,85,0,61
06:03,06:03:00,85,61,24,2,4,REGULAR,9,R. BADZIM,0,3pt,644,,[],jumpshot,1,18,Roko,Badzim,Roko,Badzim,R,B,R,B,R. Badzim,YUKATEL MERKEZEFENDI BELEDIYESI BASKET,YMB,R. Badzim,18,,,24.209999084473,6.8899998664856,0.0,P3,missed,YUKATEL MERKEZEFENDI BELEDIYESI BASKET R. BADZIM 3Pt missed,,,,,,,,,0,201,1.0,def_reb,0,85,0,61
06:01,06:01:00,85,61,24,1,4,REGULAR,75,C. SWIDER,1,rebound,645,644,[],defensive,0,21,Cole,Swider,Cole,Swider,C,S,C,S,C. Swider,ANADOLU EFES,EFS,C. Swider,21,,,,,,REB,,ANADOLU EFES rebound defensive,,,,,,,,,0,202,2.0,def_reb,0,85,0,61
05:52,05:52:00,85,61,24,2,4,REGULAR,3,E. TANISAN,1,substitution,647,,[],out,0,0,Emre,Tanisan,Emre,Tanisan,E,T,E,T,E. Tanisan,YUKATEL MERKEZEFENDI BELEDIYESI BASKET,YMB,E. Tanisan,0,,,,,,SUB,out,YUKATEL MERKEZEFENDI BELEDIYESI BASKET substitution out,,,,,,,,,0,203,1.0,,0,85,0,61
05:52,05:52:00,85,61,24,2,4,REGULAR,5,M. AGVA,1,substitution,648,,[],in,0,46,Mahir,Agva,Mahir,Agva,M,A,M,A,M. Agva,YUKATEL MERKEZEFENDI BELEDIYESI BASKET,YMB,M. Agva,46,,,,,,SUB,in,YUKATEL MERKEZEFENDI BELEDIYESI BASKET substitution in,,,,,,,,,0,203,1.0,,0,85,0,61
05:37,05:37:00,85,61,24,1,4,REGULAR,0,,1,turnover,653,,['team'],24sec,0,,,,,,,,,,,ANADOLU EFES,EFS,,,,,,,,TO,,ANADOLU EFES  turnover 24sec,,,,,,,,,0,203,1.0,turnover,0,85,0,61
05:18,05:18:00,85,61,24,2,4,REGULAR,9,R. BADZIM,1,turnover,655,,[],badpass,0,18,Roko,Badzim,Roko,Badzim,R,B,R,B,R. Badzim,YUKATEL MERKEZEFENDI BELEDIYESI BASKET,YMB,R. Badzim,18,,,,,,TO,,YUKATEL MERKEZEFENDI BELEDIYESI BASKET R. BADZIM turnover badpass,,,,,,,,,0,204,2.0,turnover,0,85,0,61
05:18,05:18:00,85,61,24,1,4,REGULAR,72,R. BEAUBOIS,1,steal,656,655,[],,0,1,Rodrigue,Beaubois,Rodrigue,Beaubois,R,B,R,B,R. Beaubois,ANADOLU EFES,EFS,R. Beaubois,1,,,,,,ST,,ANADOLU EFES R. BEAUBOIS steal,,,,,,,,,0,205,1.0,,0,85,0,61
05:09,05:09:00,85,61,24,1,4,REGULAR,72,R. BEAUBOIS,0,3pt,657,,['fromturnover'],jumpshot,1,1,Rodrigue,Beaubois,Rodrigue,Beaubois,R,B,R,B,R. Beaubois,ANADOLU EFES,EFS,R. Beaubois,1,,,67.889999389648,41.919998168945,0.0,P3,missed,ANADOLU EFES R. BEAUBOIS 3Pt missed,,,,,,,,,0,205,1.0,def_reb,0,85,0,61
05:05,05:05:00,85,61,24,2,4,REGULAR,12,M. CAZALON,1,rebound,658,657,[],defensive,0,21,Malcolm Jean Ahmed,Cazalon,Malcolm Jean Ahmed,Cazalon,M,C,M,C,M. Cazalon,YUKATEL MERKEZEFENDI BELEDIYESI BASKET,YMB,M. Cazalon,21,,,,,,REB,,YUKATEL MERKEZEFENDI BELEDIYESI BASKET rebound defensive,,,,,,,,,0,206,2.0,def_reb,0,85,0,61
05:02,05:02:00,85,61,24,1,4,REGULAR,86,R. SMITS,1,foul,660,,[],personal,0,11,Rolands,Smits,Rolands,Smits,R,S,R,S,R. Smits,ANADOLU EFES,EFS,R. Smits,11,,,,,,FOUL,,ANADOLU EFES R. SMITS foul personal,,,,,,,,,0,207,1.0,,0,85,0,61
05:02,05:02:00,85,61,24,2,4,REGULAR,12,M. CAZALON,1,foulon,661,660,[],,0,21,Malcolm Jean Ahmed,Cazalon,Malcolm Jean Ahmed,Cazalon,M,C,M,C,M. Cazalon,YUKATEL MERKEZEFENDI BELEDIYESI BASKET,YMB,M. Cazalon,21,,,,,,OTHER,,YUKATEL MERKEZEFENDI BELEDIYESI BASKET foulon,,,,,,,,,0,207,1.0,,0,85,0,61
05:02,05:02:00,85,61,24,1,4,REGULAR,72,R. BEAUBOIS,1,substitution,662,,[],out,0,1,Rodrigue,Beaubois,Rodrigue,Beaubois,R,B,R,B,R. Beaubois,ANADOLU EFES,EFS,R. Beaubois,1,,,,,,SUB,out,ANADOLU EFES substitution out,,,,,,,,,0,207,1.0,,0,85,0,61
05:02,05:02:00,85,61,24,1,4,REGULAR,86,R. SMITS,1,substitution,663,,[],out,0,11,Rolands,Smits,Rolands,Smits,R,S,R,S,R. Smits,ANADOLU EFES,EFS,R. Smits,11,,,,,,SUB,out,ANADOLU EFES substitution out,,,,,,,,,0,207,1.0,,0,85,0,61
05:02,05:02:00,85,61,24,1,4,REGULAR,71,B. YILDIZLI,1,substitution,664,,[],in,0,19,Burak Can,Yildizli,Burak Can,Yildizli,B,Y,B,Y,B. Yildizli,ANADOLU EFES,EFS,B. Yildizli,19,,,,,,SUB,in,ANADOLU EFES substitution in,,,,,,,,,0,207,1.0,,0,85,0,61
05:02,05:02:00,85,61,24,1,4,REGULAR,80,E. YILMAZ,1,substitution,665,,[],in,0,33,Erkan,Yilmaz,Erkan,Yilmaz,E,Y,E,Y,E. Yilmaz,ANADOLU EFES,EFS,E. Yilmaz,33,,,,,,SUB,in,ANADOLU EFES substitution in,,,,,,,,,0,207,1.0,,0,85,0,61
05:02,05:02:00,85,61,24,2,4,REGULAR,9,R. BADZIM,1,substitution,666,,[],out,0,18,Roko,Badzim,Roko,Badzim,R,B,R,B,R. Badzim,YUKATEL MERKEZEFENDI BELEDIYESI BASKET,YMB,R. Badzim,18,,,,,,SUB,out,YUKATEL MERKEZEFENDI BELEDIYESI BASKET substitution out,,,,,,,,,0,207,1.0,,0,85,0,61
05:02,05:02:00,85,61,24,2,4,REGULAR,11,S. GRIFFIN,1,substitution,667,,[],in,0,1,Samuel Gevaris,Griffin,Samuel Gevaris,Griffin,S,G,S,G,S. Griffin,YUKATEL MERKEZEFENDI BELEDIYESI BASKET,YMB,S. Griffin,1,,,,,,SUB,in,YUKATEL MERKEZEFENDI BELEDIYESI BASKET substitution in,,,,,,,,,0,207,1.0,,0,85,0,61
04:52,04:52:00,85,61,24,2,4,REGULAR,12,M. CAZALON,0,3pt,669,,[],jumpshot,1,21,Malcolm Jean Ahmed,Cazalon,Malcolm Jean Ahmed,Cazalon,M,C,M,C,M. Cazalon,YUKATEL MERKEZEFENDI BELEDIYESI BASKET,YMB,M. Cazalon,21,,,30.760000228882,81.190002441406,0.0,P3,missed,YUKATEL MERKEZEFENDI BELEDIYESI BASKET M. CAZALON 3Pt missed,,,,,,,,,0,207,1.0,def_reb,0,85,0,61
04:50,04:50:00,85,61,24,1,4,REGULAR,82,S. MUTAF,1,rebound,670,669,[],defensive,0,23,Sarper David,Mutaf,Sarper David,Mutaf,S,M,S,M,S. Mutaf,ANADOLU EFES,EFS,S. Mutaf,23,,,,,,REB,,ANADOLU EFES rebound defensive,,,,,,,,,0,208,2.0,def_reb,0,85,0,61
04:37,04:37:00,85,61,24,2,4,REGULAR,13,J. HAWKINS,1,foul,673,,"['shooting', '2freethrow']",personal,0,31,Javontae Aaron,Hawkins,Javontae Aaron,Hawkins,J,H,J,H,J. Hawkins,YUKATEL MERKEZEFENDI BELEDIYESI BASKET,YMB,J. Hawkins,31,,,,,,FOUL,,YUKATEL MERKEZEFENDI BELEDIYESI BASKET J. HAWKINS foul personal,,,,,,,,,0,209,1.0,,0,85,0,61
04:37,04:37:00,85,61,24,1,4,REGULAR,81,S. HAZER,1,foulon,674,673,[],,0,2,Sehmus,Hazer,Sehmus,Hazer,S,H,S,H,S. Hazer,ANADOLU EFES,EFS,S. Hazer,2,,,,,,OTHER,,ANADOLU EFES foulon,,,,,,,,,0,209,1.0,,0,85,0,61
04:37,04:37:00,85,61,24,0,4,REGULAR,0,,1,timeout,675,,[],officials,0,,,,,,,,,,,,,,,,,,,,TIMEOUT,, timeout,,,,,,,,,0,209,1.0,,0,85,0,61
04:37,04:37:00,85,61,24,1,4,REGULAR,81,S. HAZER,0,freethrow,676,,[],1of2,1,2,Sehmus,Hazer,Sehmus,Hazer,S,H,S,H,S. Hazer,ANADOLU EFES,EFS,S. Hazer,2,,,,,,FT,missed,ANADOLU EFES S. HAZER FT 1of2 missed,,,,,,,,,0,209,1.0,def_reb,0,85,0,61
04:37,04:37:00,85,61,24,1,4,REGULAR,0,,1,rebound,677,676,[],offensivedeadball,0,,,,,,,,,,,ANADOLU EFES,EFS,,,,,,,,TREB,,ANADOLU EFES team rebound offensivedeadball,,,,,,,,,0,210,2.0,def_reb,0,85,0,61
04:37,04:37:00,85,61,24,1,4,REGULAR,81,S. HAZER,0,freethrow,678,,[],2of2,1,2,Sehmus,Hazer,Sehmus,Hazer,S,H,S,H,S. Hazer,ANADOLU EFES,EFS,S. Hazer,2,,,,,,FT,missed,ANADOLU EFES S. HAZER FT 2of2 missed,,,,,,,,,0,211,1.0,def_reb,0,85,0,61
04:37,04:37:00,85,61,24,2,4,REGULAR,5,M. AGVA,1,rebound,680,678,[],defensive,0,46,Mahir,Agva,Mahir,Agva,M,A,M,A,M. Agva,YUKATEL MERKEZEFENDI BELEDIYESI BASKET,YMB,M. Agva,46,,,,,,REB,,YUKATEL MERKEZEFENDI BELEDIYESI BASKET rebound defensive,,,,,,,,,0,212,2.0,def_reb,0,85,0,61
04:22,04:22:00,85,61,24,1,4,REGULAR,71,B. YILDIZLI,1,foul,684,,['2freethrow'],personal,0,19,Burak Can,Yildizli,Burak Can,Yildizli,B,Y,B,Y,B. Yildizli,ANADOLU EFES,EFS,B. Yildizli,19,,,,,,FOUL,,ANADOLU EFES B. YILDIZLI foul personal,,,,,,,,,0,213,1.0,,0,85,0,61
04:22,04:22:00,85,61,24,2,4,REGULAR,21,K. SMITH JR,1,foulon,685,684,[],,0,4,Kenneth Jerome,Smith Jr,Kenneth Jerome,Smith Jr,K,S,K,S,K. Smith Jr,YUKATEL MERKEZEFENDI BELEDIYESI BASKET,YMB,K. Smith Jr,4,,,,,,OTHER,,YUKATEL MERKEZEFENDI BELEDIYESI BASKET foulon,,,,,,,,,0,213,1.0,,0,85,0,61
04:22,04:22:00,85,62,23,2,4,REGULAR,21,K. SMITH JR,1,freethrow,686,,[],1of2,1,4,Kenneth Jerome,Smith Jr,Kenneth Jerome,Smith Jr,K,S,K,S,K. Smith Jr,YUKATEL MERKEZEFENDI BELEDIYESI BASKET,YMB,K. Smith Jr,4,,,,,,FT,made,YUKATEL MERKEZEFENDI BELEDIYESI BASKET K. SMITH JR FT 1of2 made,,,,,,,,,1,213,1.0,made_ft,0,85,1,62
04:22,04:22:00,85,63,22,2,4,REGULAR,21,K. SMITH JR,1,freethrow,687,,[],2of2,1,4,Kenneth Jerome,Smith Jr,Kenneth Jerome,Smith Jr,K,S,K,S,K. Smith Jr,YUKATEL MERKEZEFENDI BELEDIYESI BASKET,YMB,K. Smith Jr,4,,,,,,FT,made,YUKATEL MERKEZEFENDI BELEDIYESI BASKET K. SMITH JR FT 2of2 made,,,,,,,,,1,214,2.0,made_ft_last,0,85,1,63
04:22,04:22:00,85,63,22,2,4,REGULAR,21,K. SMITH JR,1,substitution,688,,[],out,0,4,Kenneth Jerome,Smith Jr,Kenneth Jerome,Smith Jr,K,S,K,S,K. Smith Jr,YUKATEL MERKEZEFENDI BELEDIYESI BASKET,YMB,K. Smith Jr,4,,,,,,SUB,out,YUKATEL MERKEZEFENDI BELEDIYESI BASKET substitution out,,,,,,,,,0,215,1.0,,0,85,0,63
04:22,04:22:00,85,63,22,2,4,REGULAR,4,E. PALTACI,1,substitution,689,,[],in,0,77,Erbey Kemal,Paltaci,Erbey Kemal,Paltaci,E,P,E,P,E. Paltaci,YUKATEL MERKEZEFENDI BELEDIYESI BASKET,YMB,E. Paltaci,77,,,,,,SUB,in,YUKATEL MERKEZEFENDI BELEDIYESI BASKET substitution in,,,,,,,,,0,215,1.0,,0,85,0,63
04:10,04:10:00,85,63,22,1,4,REGULAR,75,C. SWIDER,0,3pt,691,,[],jumpshot,1,21,Cole,Swider,Cole,Swider,C,S,C,S,C. Swider,ANADOLU EFES,EFS,C. Swider,21,,,71.790000915527,17.340000152588,0.0,P3,missed,ANADOLU EFES C. SWIDER 3Pt missed,,,,,,,,,0,215,1.0,def_reb,0,85,0,63
04:07,04:07:00,85,63,22,2,4,REGULAR,12,M. CAZALON,1,rebound,692,691,[],defensive,0,21,Malcolm Jean Ahmed,Cazalon,Malcolm Jean Ahmed,Cazalon,M,C,M,C,M. Cazalon,YUKATEL MERKEZEFENDI BELEDIYESI BASKET,YMB,M. Cazalon,21,,,,,,REB,,YUKATEL MERKEZEFENDI BELEDIYESI BASKET rebound defensive,,,,,,,,,0,216,2.0,def_reb,0,85,0,63
03:58,03:58:00,85,65,20,2,4,REGULAR,12,M. CAZALON,1,2pt,693,,['pointsinthepaint'],layup,1,21,Malcolm Jean Ahmed,Cazalon,Malcolm Jean Ahmed,Cazalon,M,C,M,C,M. Cazalon,YUKATEL MERKEZEFENDI BELEDIYESI BASKET,YMB,M. Cazalon,21,,,7.0500001907349,48.139999389648,1.0,P2,made,YUKATEL MERKEZEFENDI BELEDIYESI BASKET M. CAZALON 2Pt made,,,,,,,,,2,217,1.0,score,0,85,2,65
03:33,03:33:00,88,65,23,1,4,REGULAR,75,C. SWIDER,1,3pt,694,,[],jumpshot,1,21,Cole,Swider,Cole,Swider,C,S,C,S,C. Swider,ANADOLU EFES,EFS,C. Swider,21,,,72.730003356934,86.269996643066,1.0,P3,made,ANADOLU EFES C. SWIDER 3Pt made,,,,,,,,,3,218,2.0,score,3,88,0,65
03:16,03:16:00,88,68,20,2,4,REGULAR,11,S. GRIFFIN,1,3pt,695,,[],jumpshot,1,1,Samuel Gevaris,Griffin,Samuel Gevaris,Griffin,S,G,S,G,S. Griffin,YUKATEL MERKEZEFENDI BELEDIYESI BASKET,YMB,S. Griffin,1,,,28.579999923706,27.229999542236,1.0,P3,made,YUKATEL MERKEZEFENDI BELEDIYESI BASKET S. GRIFFIN 3Pt made,,,,,,,,,3,219,1.0,score,0,88,3,68
03:05,03:05:00,90,68,22,1,4,REGULAR,81,S. HAZER,1,2pt,696,,"['pointsinthepaint', 'fastbreak']",dunk,1,2,Sehmus,Hazer,Sehmus,Hazer,S,H,S,H,S. Hazer,ANADOLU EFES,EFS,S. Hazer,2,,,92.699996948242,52.369998931885,1.0,P2,made,ANADOLU EFES S. HAZER 2Pt made,,,,,,,,,2,220,2.0,score,2,90,0,68
02:44,02:44:00,90,68,22,2,4,REGULAR,11,S. GRIFFIN,0,2pt,697,,['pointsinthepaint'],floatingjumpshot,1,1,Samuel Gevaris,Griffin,Samuel Gevaris,Griffin,S,G,S,G,S. Griffin,YUKATEL MERKEZEFENDI BELEDIYESI BASKET,YMB,S. Griffin,1,,,17.659999847412,48.979999542236,0.0,P2,missed,YUKATEL MERKEZEFENDI BELEDIYESI BASKET S. GRIFFIN 2Pt missed,,,,,,,,,0,221,1.0,def_reb,0,90,0,68
02:41,02:41:00,90,68,22,1,4,REGULAR,75,C. SWIDER,1,rebound,698,697,[],defensive,0,21,Cole,Swider,Cole,Swider,C,S,C,S,C. Swider,ANADOLU EFES,EFS,C. Swider,21,,,,,,REB,,ANADOLU EFES rebound defensive,,,,,,,,,0,222,2.0,def_reb,0,90,0,68
02:20,02:20:00,90,68,22,1,4,REGULAR,80,E. YILMAZ,1,turnover,699,,[],badpass,0,33,Erkan,Yilmaz,Erkan,Yilmaz,E,Y,E,Y,E. Yilmaz,ANADOLU EFES,EFS,E. Yilmaz,33,,,,,,TO,,ANADOLU EFES E. YILMAZ turnover badpass,,,,,,,,,0,223,1.0,turnover,0,90,0,68
02:20,02:20:00,90,68,22,2,4,REGULAR,13,J. HAWKINS,1,steal,700,699,[],,0,31,Javontae Aaron,Hawkins,Javontae Aaron,Hawkins,J,H,J,H,J. Hawkins,YUKATEL MERKEZEFENDI BELEDIYESI BASKET,YMB,J. Hawkins,31,,,,,,ST,,YUKATEL MERKEZEFENDI BELEDIYESI BASKET J. HAWKINS steal,,,,,,,,,0,224,2.0,,0,90,0,68
02:15,02:15:00,90,68,22,2,4,REGULAR,11,S. GRIFFIN,0,2pt,701,,['fromturnover'],jumpshot,1,1,Samuel Gevaris,Griffin,Samuel Gevaris,Griffin,S,G,S,G,S. Griffin,YUKATEL MERKEZEFENDI BELEDIYESI BASKET,YMB,S. Griffin,1,,,20.780000686646,43.049999237061,0.0,P2,missed,YUKATEL MERKEZEFENDI BELEDIYESI BASKET S. GRIFFIN 2Pt missed,,,,,,,,,0,224,2.0,def_reb,0,90,0,68
02:11,02:11:00,90,68,22,1,4,REGULAR,80,E. YILMAZ,1,rebound,702,701,[],defensive,0,33,Erkan,Yilmaz,Erkan,Yilmaz,E,Y,E,Y,E. Yilmaz,ANADOLU EFES,EFS,E. Yilmaz,33,,,,,,REB,,ANADOLU EFES rebound defensive,,,,,,,,,0,225,1.0,def_reb,0,90,0,68
01:48,01:48:00,90,68,22,1,4,REGULAR,0,,1,turnover,706,,['team'],24sec,0,,,,,,,,,,,ANADOLU EFES,EFS,,,,,,,,TO,,ANADOLU EFES  turnover 24sec,,,,,,,,,0,226,2.0,turnover,0,90,0,68
01:32,01:32:00,90,68,22,2,4,REGULAR,13,J. HAWKINS,0,3pt,708,,['fromturnover'],jumpshot,1,31,Javontae Aaron,Hawkins,Javontae Aaron,Hawkins,J,H,J,H,J. Hawkins,YUKATEL MERKEZEFENDI BELEDIYESI BASKET,YMB,J. Hawkins,31,,,25.770000457764,83.449996948242,0.0,P3,missed,YUKATEL MERKEZEFENDI BELEDIYESI BASKET J. HAWKINS 3Pt missed,,,,,,,,,0,227,1.0,,0,90,0,68
01:30,01:30:00,90,68,22,2,4,REGULAR,5,M. AGVA,1,rebound,709,708,[],offensive,0,46,Mahir,Agva,Mahir,Agva,M,A,M,A,M. Agva,YUKATEL MERKEZEFENDI BELEDIYESI BASKET,YMB,M. Agva,46,,,,,,REB,,YUKATEL MERKEZEFENDI BELEDIYESI BASKET rebound offensive,,,,,,,,,0,227,1.0,,0,90,0,68
01:28,01:28:00,90,68,22,2,4,REGULAR,5,M. AGVA,0,2pt,710,,"['2ndchance', 'fromturnover', 'pointsinthepaint']",layup,1,46,Mahir,Agva,Mahir,Agva,M,A,M,A,M. Agva,YUKATEL MERKEZEFENDI BELEDIYESI BASKET,YMB,M. Agva,46,,,9.5500001907349,54.349998474121,0.0,P2,missed,YUKATEL MERKEZEFENDI BELEDIYESI BASKET M. AGVA 2Pt missed,,,,,,,,,0,227,1.0,def_reb,0,90,0,68
01:26,01:26:00,90,68,22,1,4,REGULAR,80,E. YILMAZ,1,rebound,711,710,[],defensive,0,33,Erkan,Yilmaz,Erkan,Yilmaz,E,Y,E,Y,E. Yilmaz,ANADOLU EFES,EFS,E. Yilmaz,33,,,,,,REB,,ANADOLU EFES rebound defensive,,,,,,,,,0,228,2.0,def_reb,0,90,0,68
01:10,01:10:00,90,68,22,2,4,REGULAR,4,E. PALTACI,1,foul,713,,[],personal,0,77,Erbey Kemal,Paltaci,Erbey Kemal,Paltaci,E,P,E,P,E. Paltaci,YUKATEL MERKEZEFENDI BELEDIYESI BASKET,YMB,E. Paltaci,77,,,,,,FOUL,,YUKATEL MERKEZEFENDI BELEDIYESI BASKET E. PALTACI foul personal,,,,,,,,,0,229,1.0,,0,90,0,68
01:10,01:10:00,90,68,22,1,4,REGULAR,80,E. YILMAZ,1,foulon,714,713,[],,0,33,Erkan,Yilmaz,Erkan,Yilmaz,E,Y,E,Y,E. Yilmaz,ANADOLU EFES,EFS,E. Yilmaz,33,,,,,,OTHER,,ANADOLU EFES foulon,,,,,,,,,0,229,1.0,,0,90,0,68
00:59,00:59:90,90,68,22,1,4,REGULAR,82,S. MUTAF,1,turnover,716,,[],badpass,0,23,Sarper David,Mutaf,Sarper David,Mutaf,S,M,S,M,S. Mutaf,ANADOLU EFES,EFS,S. Mutaf,23,,,,,,TO,,ANADOLU EFES S. MUTAF turnover badpass,,,,,,,,,0,229,1.0,turnover,0,90,0,68
00:59,00:59:90,90,68,22,2,4,REGULAR,12,M. CAZALON,1,steal,717,716,[],,0,21,Malcolm Jean Ahmed,Cazalon,Malcolm Jean Ahmed,Cazalon,M,C,M,C,M. Cazalon,YUKATEL MERKEZEFENDI BELEDIYESI BASKET,YMB,M. Cazalon,21,,,,,,ST,,YUKATEL MERKEZEFENDI BELEDIYESI BASKET M. CAZALON steal,,,,,,,,,0,230,2.0,,0,90,0,68
00:44,00:44:00,90,70,20,2,4,REGULAR,5,M. AGVA,1,2pt,718,,"['fromturnover', 'pointsinthepaint']",layup,1,46,Mahir,Agva,Mahir,Agva,M,A,M,A,M. Agva,YUKATEL MERKEZEFENDI BELEDIYESI BASKET,YMB,M. Agva,46,,,5.8000001907349,55.479999542236,1.0,P2,made,YUKATEL MERKEZEFENDI BELEDIYESI BASKET M. AGVA 2Pt made,11.0,2.0,S. GRIFFIN,,,,,,2,230,2.0,score,0,90,2,70
00:44,00:44:00,90,70,20,2,4,REGULAR,11,S. GRIFFIN,1,assist,719,718,[],,0,1,Samuel Gevaris,Griffin,Samuel Gevaris,Griffin,S,G,S,G,S. Griffin,YUKATEL MERKEZEFENDI BELEDIYESI BASKET,YMB,S. Griffin,1,,,,,,ASS,,YUKATEL MERKEZEFENDI BELEDIYESI BASKET S. GRIFFIN assist,,,,,,,,,0,231,1.0,,0,90,0,70
00:23,00:23:70,90,70,20,1,4,REGULAR,80,E. YILMAZ,0,3pt,720,,[],jumpshot,1,33,Erkan,Yilmaz,Erkan,Yilmaz,E,Y,E,Y,E. Yilmaz,ANADOLU EFES,EFS,E. Yilmaz,33,,,64.930000305176,56.049999237061,0.0,P3,missed,ANADOLU EFES E. YILMAZ 3Pt missed,,,,,,,,,0,231,1.0,def_reb,0,90,0,70
00:20,00:20:90,90,70,20,2,4,REGULAR,11,S. GRIFFIN,1,rebound,721,720,[],defensive,0,1,Samuel Gevaris,Griffin,Samuel Gevaris,Griffin,S,G,S,G,S. Griffin,YUKATEL MERKEZEFENDI BELEDIYESI BASKET,YMB,S. Griffin,1,,,,,,REB,,YUKATEL MERKEZEFENDI BELEDIYESI BASKET rebound defensive,,,,,,,,,0,232,2.0,def_reb,0,90,0,70
00:14,00:14:60,90,72,18,2,4,REGULAR,5,M. AGVA,1,2pt,722,,"['pointsinthepaint', 'fastbreak']",alleyoop,1,46,Mahir,Agva,Mahir,Agva,M,A,M,A,M. Agva,YUKATEL MERKEZEFENDI BELEDIYESI BASKET,YMB,M. Agva,46,,,9.2399997711182,47.569999694824,1.0,P2,made,YUKATEL MERKEZEFENDI BELEDIYESI BASKET M. AGVA 2Pt made,12.0,2.0,M. CAZALON,,,,,,2,233,1.0,score,0,90,2,72
00:14,00:14:60,90,72,18,2,4,REGULAR,12,M. CAZALON,1,assist,723,722,[],,0,21,Malcolm Jean Ahmed,Cazalon,Malcolm Jean Ahmed,Cazalon,M,C,M,C,M. Cazalon,YUKATEL MERKEZEFENDI BELEDIYESI BASKET,YMB,M. Cazalon,21,,,,,,ASS,,YUKATEL MERKEZEFENDI BELEDIYESI BASKET M. CAZALON assist,,,,,,,,,0,234,2.0,,0,90,0,72
00:00,00:00:00,90,72,18,0,4,REGULAR,0,,1,period,727,,['confirmed'],end,0,,,,,,,,,,,,,,,,,,,,OTHER,,period end,,,,,,,,,0,234,2.0,,0,90,0,72
00:00,00:00:00,90,72,18,0,4,REGULAR,0,,1,game,728,,['confirmed'],end,0,,,,,,,,,,,,,,,,,,,,OTHER,,game end,,,,,,,,,0,234,2.0,,0,90,0,72
