gt,clock,s1,s2,lead,tno,period,periodType,pno,player,success,actionType,actionNumber,previousAction,qualifier,subType,scoring,shirtNumber,firstName,familyName,internationalFirstName,internationalFamilyName,firstNameInitial,familyNameInitial,internationalFirstNameInitial,internationalFamilyNameInitial,scoreboardName,team_name,team_code,player_name_from_roster,player_shirt,player_pos_raw,player_pos_group,x,y,r,ev_code,ev_result,ev_text,assist_pno,assist_tno,assist_player,block_pno,block_tno,block_player,assist_pos_group,block_pos_group,points,possession_id,possession_owner_tno,possession_end_reason,pts_1,cum_1,pts_2,cum_2
10:00,10:00:00,0,0,0,0,1,REGULAR,0,,1,game,1,,[],start,0,,,,,,,,,,,,,,,,,,,,OTHER,,game start,,,,,,,,,0,0,,,0,0,0,0
10:00,10:00:00,0,0,0,0,1,REGULAR,0,,1,period,2,,[],start,0,,,,,,,,,,,,,,,,,,,,OTHER,,period start,,,,,,,,,0,0,,,0,0,0,0
10:00,10:00:00,0,0,0,0,1,REGULAR,0,,1,jumpball,4,,[],startperiod,0,,,,,,,,,,,,,,,,,,,,JUMP,,jump ball,,,,,,,,,0,0,,,0,0,0,0
09:58,09:58:00,0,0,0,1,1,REGULAR,99,A. BACOT JR,1,jumpball,5,4,[],won,0,00,Armando Linwood,Bacot Jr,Armando Linwood,Bacot Jr,A,B,A,B,A. Bacot Jr,FENERBAHÇE BEKO,FBB,A. Bacot Jr,00,,,,,,JUMP,,jump ball,,,,,,,,,0,0,,,0,0,0,0
09:58,09:58:00,0,0,0,2,1,REGULAR,87,K. ALEXANDER,1,jumpball,6,4,[],lost,0,7,Kyle John Solomon,Alexander,Kyle John Solomon,Alexander,K,A,K,A,K. Alexander,TÜRK TELEKOM ,TTK,K. Alexander,7,,,,,,JUMP,,jump ball,,,,,,,,,0,0,,,0,0,0,0
09:47,09:47:00,0,0,0,2,1,REGULAR,77,J. SMITH,1,foul,8,,[],personal,0,9,Jaleen Devon,Smith,Jaleen Devon,Smith,J,S,J,S,J. Smith,TÜRK TELEKOM ,TTK,J. Smith,9,,,,,,FOUL,,TÜRK TELEKOM  J. SMITH foul personal,,,,,,,,,0,0,,,0,0,0,0
09:47,09:47:00,0,0,0,1,1,REGULAR,76,M. MAHMUTOGLU,1,foulon,9,8,[],,0,10,Melih,Mahmutoglu,Melih,Mahmutoglu,M,M,M,M,M. Mahmutoglu,FENERBAHÇE BEKO,FBB,M. Mahmutoglu,10,,,,,,OTHER,,FENERBAHÇE BEKO foulon,,,,,,,,,0,0,,,0,0,0,0
09:39,09:39:00,0,0,0,1,1,REGULAR,95,D. HALL,1,turnover,11,,[],badpass,0,20,Devon Howard,Hall,Devon Howard,Hall,D,H,D,H,D. Hall,FENERBAHÇE BEKO,FBB,D. Hall,20,,,,,,TO,,FENERBAHÇE BEKO D. HALL turnover badpass,,,,,,,,,0,1,1.0,turnover,0,0,0,0
09:39,09:39:00,0,0,0,2,1,REGULAR,87,K. ALEXANDER,1,steal,12,11,[],,0,7,Kyle John Solomon,Alexander,Kyle John Solomon,Alexander,K,A,K,A,K. Alexander,TÜRK TELEKOM ,TTK,K. Alexander,7,,,,,,ST,,TÜRK TELEKOM  K. ALEXANDER steal,,,,,,,,,0,2,2.0,,0,0,0,0
09:31,09:31:00,0,0,0,2,1,REGULAR,5,D. ÖZDEMIROGLU,0,2pt,14,,"['fromturnover', 'pointsinthepaint']",layup,1,18,Dogus,Özdemiroglu,Dogus,Özdemiroglu,D,Ö,D,Ö,D. Özdemiroglu,TÜRK TELEKOM ,TTK,D. Özdemiroglu,18,,,93.169998168945,55.200000762939,0.0,P2,missed,TÜRK TELEKOM  D. ÖZDEMIROGLU 2Pt missed,,,,,,,,,0,2,2.0,,0,0,0,0
09:25,09:25:00,0,0,0,2,1,REGULAR,76,M. SIMONOVIC,1,rebound,15,14,[],offensive,0,11,Marko,Simonovic,Marko,Simonovic,M,S,M,S,M. Simonovic,TÜRK TELEKOM ,TTK,M. Simonovic,11,,,,,,REB,,TÜRK TELEKOM  rebound offensive,,,,,,,,,0,2,2.0,,0,0,0,0
09:25,09:25:00,0,2,-2,2,1,REGULAR,76,M. SIMONOVIC,1,2pt,16,,"['2ndchance', 'fromturnover', 'pointsinthepaint', 'fastbreak']",jumpshot,1,11,Marko,Simonovic,Marko,Simonovic,M,S,M,S,M. Simonovic,TÜRK TELEKOM ,TTK,M. Simonovic,11,,,90.830001831055,48.419998168945,1.0,P2,made,TÜRK TELEKOM  M. SIMONOVIC 2Pt made,,,,,,,,,2,2,2.0,score,0,0,2,2
09:12,09:12:00,2,2,0,1,1,REGULAR,76,M. MAHMUTOGLU,1,2pt,17,,['pointsinthepaint'],drivinglayup,1,10,Melih,Mahmutoglu,Melih,Mahmutoglu,M,M,M,M,M. Mahmutoglu,FENERBAHÇE BEKO,FBB,M. Mahmutoglu,10,,,7.9899997711182,46.720001220703,1.0,P2,made,FENERBAHÇE BEKO M. MAHMUTOGLU 2Pt made,95.0,1.0,D. HALL,,,,,,2,3,1.0,score,2,2,0,2
09:12,09:12:00,2,2,0,1,1,REGULAR,95,D. HALL,1,assist,18,17,[],,0,20,Devon Howard,Hall,Devon Howard,Hall,D,H,D,H,D. Hall,FENERBAHÇE BEKO,FBB,D. Hall,20,,,,,,ASS,,FENERBAHÇE BEKO D. HALL assist,,,,,,,,,0,4,2.0,,0,2,0,2
08:53,08:53:00,2,2,0,1,1,REGULAR,76,M. MAHMUTOGLU,1,foul,20,,[],personal,0,10,Melih,Mahmutoglu,Melih,Mahmutoglu,M,M,M,M,M. Mahmutoglu,FENERBAHÇE BEKO,FBB,M. Mahmutoglu,10,,,,,,FOUL,,FENERBAHÇE BEKO M. MAHMUTOGLU foul personal,,,,,,,,,0,4,2.0,,0,2,0,2
08:53,08:53:00,2,2,0,2,1,REGULAR,5,D. ÖZDEMIROGLU,1,foulon,21,20,[],,0,18,Dogus,Özdemiroglu,Dogus,Özdemiroglu,D,Ö,D,Ö,D. Özdemiroglu,TÜRK TELEKOM ,TTK,D. Özdemiroglu,18,,,,,,OTHER,,TÜRK TELEKOM  foulon,,,,,,,,,0,4,2.0,,0,2,0,2
08:42,08:42:00,2,2,0,2,1,REGULAR,87,K. ALEXANDER,0,3pt,23,,[],jumpshot,1,7,Kyle John Solomon,Alexander,Kyle John Solomon,Alexander,K,A,K,A,K. Alexander,TÜRK TELEKOM ,TTK,K. Alexander,7,,,62.75,77.800003051758,0.0,P3,missed,TÜRK TELEKOM  K. ALEXANDER 3Pt missed,,,,,,,,,0,4,2.0,def_reb,0,2,0,2
08:39,08:39:00,2,2,0,1,1,REGULAR,79,T. BIBEROVIÇ,1,rebound,24,23,[],defensive,0,13,Tarik,Biberoviç,Tarik,Biberoviç,T,B,T,B,T. Biberoviç,FENERBAHÇE BEKO,FBB,T. Biberoviç,13,,,,,,REB,,FENERBAHÇE BEKO rebound defensive,,,,,,,,,0,5,1.0,def_reb,0,2,0,2
08:32,08:32:00,4,2,2,1,1,REGULAR,98,M. JANTUNEN,1,2pt,25,,['pointsinthepaint'],layup,1,18,Mikael Olli Axel,Jantunen,Mikael Olli Axel,Jantunen,M,J,M,J,M. Jantunen,FENERBAHÇE BEKO,FBB,M. Jantunen,18,,,7.0500001907349,56.610000610352,1.0,P2,made,FENERBAHÇE BEKO M. JANTUNEN 2Pt made,99.0,1.0,A. BACOT JR,,,,,,2,6,2.0,score,2,4,0,2
08:32,08:32:00,4,2,2,1,1,REGULAR,99,A. BACOT JR,1,assist,26,25,[],,0,00,Armando Linwood,Bacot Jr,Armando Linwood,Bacot Jr,A,B,A,B,A. Bacot Jr,FENERBAHÇE BEKO,FBB,A. Bacot Jr,00,,,,,,ASS,,FENERBAHÇE BEKO A. BACOT JR assist,,,,,,,,,0,7,1.0,,0,4,0,2
08:15,08:15:00,4,4,0,2,1,REGULAR,87,K. ALEXANDER,1,2pt,27,,['pointsinthepaint'],alleyoopdunk,1,7,Kyle John Solomon,Alexander,Kyle John Solomon,Alexander,K,A,K,A,K. Alexander,TÜRK TELEKOM ,TTK,K. Alexander,7,,,93.169998168945,53.790000915527,1.0,P2,made,TÜRK TELEKOM  K. ALEXANDER 2Pt made,5.0,2.0,D. ÖZDEMIROGLU,,,,,,2,7,1.0,score,0,4,2,4
08:15,08:15:00,4,4,0,2,1,REGULAR,5,D. ÖZDEMIROGLU,1,assist,28,27,[],,0,18,Dogus,Özdemiroglu,Dogus,Özdemiroglu,D,Ö,D,Ö,D. Özdemiroglu,TÜRK TELEKOM ,TTK,D. Özdemiroglu,18,,,,,,ASS,,TÜRK TELEKOM  D. ÖZDEMIROGLU assist,,,,,,,,,0,8,2.0,,0,4,0,4
08:05,08:05:00,4,4,0,1,1,REGULAR,95,D. HALL,0,3pt,29,,[],jumpshot,1,20,Devon Howard,Hall,Devon Howard,Hall,D,H,D,H,D. Hall,FENERBAHÇE BEKO,FBB,D. Hall,20,,,32.479999542236,77.51000213623,0.0,P3,missed,FENERBAHÇE BEKO D. HALL 3Pt missed,,,,,,,,,0,8,2.0,def_reb,0,4,0,4
08:03,08:03:00,4,4,0,1,1,REGULAR,0,,1,rebound,31,29,['team'],offensive,0,,,,,,,,,,,FENERBAHÇE BEKO,FBB,,,,,,,,TREB,,FENERBAHÇE BEKO team rebound offensive,,,,,,,,,0,9,1.0,def_reb,0,4,0,4
07:53,07:53:00,7,4,3,1,1,REGULAR,95,D. HALL,1,3pt,33,,['2ndchance'],jumpshot,1,20,Devon Howard,Hall,Devon Howard,Hall,D,H,D,H,D. Hall,FENERBAHÇE BEKO,FBB,D. Hall,20,,,13.60000038147,98.419998168945,1.0,P3,made,FENERBAHÇE BEKO D. HALL 3Pt made,76.0,1.0,M. MAHMUTOGLU,,,,,,3,10,2.0,score,3,7,0,4
07:53,07:53:00,7,4,3,1,1,REGULAR,76,M. MAHMUTOGLU,1,assist,34,33,[],,0,10,Melih,Mahmutoglu,Melih,Mahmutoglu,M,M,M,M,M. Mahmutoglu,FENERBAHÇE BEKO,FBB,M. Mahmutoglu,10,,,,,,ASS,,FENERBAHÇE BEKO M. MAHMUTOGLU assist,,,,,,,,,0,11,1.0,,0,7,0,4
07:39,07:39:00,7,6,1,2,1,REGULAR,77,J. SMITH,1,2pt,36,,[],jumpshot,1,9,Jaleen Devon,Smith,Jaleen Devon,Smith,J,S,J,S,J. Smith,TÜRK TELEKOM ,TTK,J. Smith,9,,,78.809997558594,32.880001068115,1.0,P2,made,TÜRK TELEKOM  J. SMITH 2Pt made,,,,,,,,,2,11,1.0,score,0,7,2,6
07:39,07:39:00,7,6,1,1,1,REGULAR,0,,1,timeout,37,,[],full,0,,,,,,,,,,,FENERBAHÇE BEKO,FBB,,,,,,,,TIMEOUT,,FENERBAHÇE BEKO timeout,,,,,,,,,0,12,2.0,,0,7,0,6
07:19,07:19:00,7,6,1,1,1,REGULAR,95,D. HALL,0,2pt,42,,['pointsinthepaint'],floatingjumpshot,1,20,Devon Howard,Hall,Devon Howard,Hall,D,H,D,H,D. Hall,FENERBAHÇE BEKO,FBB,D. Hall,20,,,13.289999961853,60.560001373291,0.0,P2,missed,FENERBAHÇE BEKO D. HALL 2Pt missed,,,,,,,,,0,12,2.0,def_reb,0,7,0,6
07:19,07:19:00,7,6,1,1,1,REGULAR,0,,1,rebound,43,42,['team'],offensive,0,,,,,,,,,,,FENERBAHÇE BEKO,FBB,,,,,,,,TREB,,FENERBAHÇE BEKO team rebound offensive,,,,,,,,,0,13,1.0,def_reb,0,7,0,6
07:19,07:19:00,7,6,1,2,1,REGULAR,77,J. SMITH,1,foul,44,,[],personal,0,9,Jaleen Devon,Smith,Jaleen Devon,Smith,J,S,J,S,J. Smith,TÜRK TELEKOM ,TTK,J. Smith,9,,,,,,FOUL,,TÜRK TELEKOM  J. SMITH foul personal,,,,,,,,,0,14,2.0,,0,7,0,6
07:19,07:19:00,7,6,1,1,1,REGULAR,99,A. BACOT JR,1,foulon,45,44,[],,0,00,Armando Linwood,Bacot Jr,Armando Linwood,Bacot Jr,A,B,A,B,A. Bacot Jr,FENERBAHÇE BEKO,FBB,A. Bacot Jr,00,,,,,,OTHER,,FENERBAHÇE BEKO foulon,,,,,,,,,0,14,2.0,,0,7,0,6
07:16,07:16:00,9,6,3,1,1,REGULAR,79,T. BIBEROVIÇ,1,2pt,47,,['2ndchance'],jumpshot,1,13,Tarik,Biberoviç,Tarik,Biberoviç,T,B,T,B,T. Biberoviç,FENERBAHÇE BEKO,FBB,T. Biberoviç,13,,,11.260000228882,13.949999809265,1.0,P2,made,FENERBAHÇE BEKO T. BIBEROVIÇ 2Pt made,,,,,,,,,2,14,2.0,score,2,9,0,6
07:07,07:07:00,9,6,3,1,1,REGULAR,95,D. HALL,1,foul,49,,"['shooting', '2freethrow']",personal,0,20,Devon Howard,Hall,Devon Howard,Hall,D,H,D,H,D. Hall,FENERBAHÇE BEKO,FBB,D. Hall,20,,,,,,FOUL,,FENERBAHÇE BEKO D. HALL foul personal,,,,,,,,,0,15,1.0,,0,9,0,6
07:07,07:07:00,9,6,3,2,1,REGULAR,5,D. ÖZDEMIROGLU,1,foulon,50,49,[],,0,18,Dogus,Özdemiroglu,Dogus,Özdemiroglu,D,Ö,D,Ö,D. Özdemiroglu,TÜRK TELEKOM ,TTK,D. Özdemiroglu,18,,,,,,OTHER,,TÜRK TELEKOM  foulon,,,,,,,,,0,15,1.0,,0,9,0,6
07:07,07:07:00,9,7,2,2,1,REGULAR,5,D. ÖZDEMIROGLU,1,freethrow,51,,[],1of2,1,18,Dogus,Özdemiroglu,Dogus,Özdemiroglu,D,Ö,D,Ö,D. Özdemiroglu,TÜRK TELEKOM ,TTK,D. Özdemiroglu,18,,,,,,FT,made,TÜRK TELEKOM  D. ÖZDEMIROGLU FT 1of2 made,,,,,,,,,1,15,1.0,made_ft,0,9,1,7
07:07,07:07:00,9,7,2,2,1,REGULAR,5,D. ÖZDEMIROGLU,0,freethrow,52,,[],2of2,1,18,Dogus,Özdemiroglu,Dogus,Özdemiroglu,D,Ö,D,Ö,D. Özdemiroglu,TÜRK TELEKOM ,TTK,D. Özdemiroglu,18,,,,,,FT,missed,TÜRK TELEKOM  D. ÖZDEMIROGLU FT 2of2 missed,,,,,,,,,0,16,2.0,def_reb,0,9,0,7
07:07,07:07:00,9,7,2,1,1,REGULAR,79,T. BIBEROVIÇ,1,rebound,54,52,[],defensive,0,13,Tarik,Biberoviç,Tarik,Biberoviç,T,B,T,B,T. Biberoviç,FENERBAHÇE BEKO,FBB,T. Biberoviç,13,,,,,,REB,,FENERBAHÇE BEKO rebound defensive,,,,,,,,,0,17,1.0,def_reb,0,9,0,7
06:50,06:50:00,9,7,2,1,1,REGULAR,79,T. BIBEROVIÇ,0,2pt,56,,['pointsinthepaint'],layup,1,13,Tarik,Biberoviç,Tarik,Biberoviç,T,B,T,B,T. Biberoviç,FENERBAHÇE BEKO,FBB,T. Biberoviç,13,,,7.8299999237061,50.110000610352,0.0,P2,missed,FENERBAHÇE BEKO T. BIBEROVIÇ 2Pt missed,,,,,,,,,0,18,2.0,,0,9,0,7
06:50,06:50:00,9,7,2,1,1,REGULAR,95,D. HALL,1,rebound,57,56,[],offensive,0,20,Devon Howard,Hall,Devon Howard,Hall,D,H,D,H,D. Hall,FENERBAHÇE BEKO,FBB,D. Hall,20,,,,,,REB,,FENERBAHÇE BEKO rebound offensive,,,,,,,,,0,18,2.0,,0,9,0,7
06:50,06:50:00,11,7,4,1,1,REGULAR,95,D. HALL,1,2pt,58,,"['2ndchance', 'pointsinthepaint']",jumpshot,1,20,Devon Howard,Hall,Devon Howard,Hall,D,H,D,H,D. Hall,FENERBAHÇE BEKO,FBB,D. Hall,20,,,12.979999542236,52.090000152588,1.0,P2,made,FENERBAHÇE BEKO D. HALL 2Pt made,,,,,,,,,2,18,2.0,score,2,11,0,7
06:50,06:50:00,11,7,4,2,1,REGULAR,76,M. SIMONOVIC,1,foul,59,,"['shooting', '1freethrow']",personal,0,11,Marko,Simonovic,Marko,Simonovic,M,S,M,S,M. Simonovic,TÜRK TELEKOM ,TTK,M. Simonovic,11,,,,,,FOUL,,TÜRK TELEKOM  M. SIMONOVIC foul personal,,,,,,,,,0,19,1.0,,0,11,0,7
06:50,06:50:00,11,7,4,1,1,REGULAR,95,D. HALL,1,foulon,60,59,[],,0,20,Devon Howard,Hall,Devon Howard,Hall,D,H,D,H,D. Hall,FENERBAHÇE BEKO,FBB,D. Hall,20,,,,,,OTHER,,FENERBAHÇE BEKO foulon,,,,,,,,,0,19,1.0,,0,11,0,7
06:50,06:50:00,12,7,5,1,1,REGULAR,95,D. HALL,1,freethrow,61,,['2ndchance'],1of1,1,20,Devon Howard,Hall,Devon Howard,Hall,D,H,D,H,D. Hall,FENERBAHÇE BEKO,FBB,D. Hall,20,,,,,,FT,made,FENERBAHÇE BEKO D. HALL FT 1of1 made,,,,,,,,,1,19,1.0,made_ft_last,1,12,0,7
06:32,06:32:00,12,7,5,2,1,REGULAR,77,J. SMITH,0,3pt,63,,[],jumpshot,1,9,Jaleen Devon,Smith,Jaleen Devon,Smith,J,S,J,S,J. Smith,TÜRK TELEKOM ,TTK,J. Smith,9,,,64.459999084473,73.559997558594,0.0,P3,missed,TÜRK TELEKOM  J. SMITH 3Pt missed,,,,,,,,,0,20,2.0,def_reb,0,12,0,7
06:29,06:29:00,12,7,5,1,1,REGULAR,95,D. HALL,1,rebound,64,63,[],defensive,0,20,Devon Howard,Hall,Devon Howard,Hall,D,H,D,H,D. Hall,FENERBAHÇE BEKO,FBB,D. Hall,20,,,,,,REB,,FENERBAHÇE BEKO rebound defensive,,,,,,,,,0,21,1.0,def_reb,0,12,0,7
06:26,06:26:00,12,7,5,1,1,REGULAR,76,M. MAHMUTOGLU,0,3pt,66,,[],jumpshot,1,10,Melih,Mahmutoglu,Melih,Mahmutoglu,M,M,M,M,M. Mahmutoglu,FENERBAHÇE BEKO,FBB,M. Mahmutoglu,10,,,26.079999923706,90.51000213623,0.0,P3,missed,FENERBAHÇE BEKO M. MAHMUTOGLU 3Pt missed,,,,,,,,,0,22,2.0,def_reb,0,12,0,7
06:26,06:26:00,12,7,5,2,1,REGULAR,0,,1,rebound,67,66,['team'],defensive,0,,,,,,,,,,,TÜRK TELEKOM ,TTK,,,,,,,,TREB,,TÜRK TELEKOM  team rebound defensive,,,,,,,,,0,23,1.0,def_reb,0,12,0,7
06:11,06:11:00,12,7,5,1,1,REGULAR,76,M. MAHMUTOGLU,1,foul,70,,[],personal,0,10,Melih,Mahmutoglu,Melih,Mahmutoglu,M,M,M,M,M. Mahmutoglu,FENERBAHÇE BEKO,FBB,M. Mahmutoglu,10,,,,,,FOUL,,FENERBAHÇE BEKO M. MAHMUTOGLU foul personal,,,,,,,,,0,24,2.0,,0,12,0,7
06:11,06:11:00,12,7,5,2,1,REGULAR,5,D. ÖZDEMIROGLU,1,foulon,71,70,[],,0,18,Dogus,Özdemiroglu,Dogus,Özdemiroglu,D,Ö,D,Ö,D. Özdemiroglu,TÜRK TELEKOM ,TTK,D. Özdemiroglu,18,,,,,,OTHER,,TÜRK TELEKOM  foulon,,,,,,,,,0,24,2.0,,0,12,0,7
06:11,06:11:00,12,7,5,1,1,REGULAR,76,M. MAHMUTOGLU,1,substitution,72,,[],out,0,10,Melih,Mahmutoglu,Melih,Mahmutoglu,M,M,M,M,M. Mahmutoglu,FENERBAHÇE BEKO,FBB,M. Mahmutoglu,10,,,,,,SUB,out,FENERBAHÇE BEKO substitution out,,,,,,,,,0,24,2.0,,0,12,0,7
06:11,06:11:00,12,7,5,1,1,REGULAR,95,D. HALL,1,substitution,73,,[],out,0,20,Devon Howard,Hall,Devon Howard,Hall,D,H,D,H,D. Hall,FENERBAHÇE BEKO,FBB,D. Hall,20,,,,,,SUB,out,FENERBAHÇE BEKO substitution out,,,,,,,,,0,24,2.0,,0,12,0,7
06:11,06:11:00,12,7,5,1,1,REGULAR,100,S. VILBEKIN,1,substitution,74,,[],in,0,3,Scott Jordan,Vilbekin,Scott Jordan,Vilbekin,S,V,S,V,S. Vilbekin,FENERBAHÇE BEKO,FBB,S. Vilbekin,3,,,,,,SUB,in,FENERBAHÇE BEKO substitution in,,,,,,,,,0,24,2.0,,0,12,0,7
06:11,06:11:00,12,7,5,1,1,REGULAR,96,T. TUCKER,1,substitution,75,,[],in,0,8,Talen Jalee,Tucker,Talen Jalee,Tucker,T,T,T,T,T. Tucker,FENERBAHÇE BEKO,FBB,T. Tucker,8,,,,,,SUB,in,FENERBAHÇE BEKO substitution in,,,,,,,,,0,24,2.0,,0,12,0,7
06:11,06:11:00,12,7,5,2,1,REGULAR,77,J. SMITH,1,substitution,76,,[],out,0,9,Jaleen Devon,Smith,Jaleen Devon,Smith,J,S,J,S,J. Smith,TÜRK TELEKOM ,TTK,J. Smith,9,,,,,,SUB,out,TÜRK TELEKOM  substitution out,,,,,,,,,0,24,2.0,,0,12,0,7
06:11,06:11:00,12,7,5,2,1,REGULAR,80,M. DEVOE,1,substitution,77,,[],in,0,0,Michael Jaden,Devoe,Michael Jaden,Devoe,M,D,M,D,M. Devoe,TÜRK TELEKOM ,TTK,M. Devoe,0,,,,,,SUB,in,TÜRK TELEKOM  substitution in,,,,,,,,,0,24,2.0,,0,12,0,7
06:03,06:03:00,12,7,5,2,1,REGULAR,5,D. ÖZDEMIROGLU,0,3pt,79,,[],jumpshot,1,18,Dogus,Özdemiroglu,Dogus,Özdemiroglu,D,Ö,D,Ö,D. Özdemiroglu,TÜRK TELEKOM ,TTK,D. Özdemiroglu,18,,,70.389999389648,13.670000076294,0.0,P3,missed,TÜRK TELEKOM  D. ÖZDEMIROGLU 3Pt missed,,,,,,,,,0,24,2.0,def_reb,0,12,0,7
06:01,06:01:00,12,7,5,1,1,REGULAR,98,M. JANTUNEN,1,rebound,80,79,[],defensive,0,18,Mikael Olli Axel,Jantunen,Mikael Olli Axel,Jantunen,M,J,M,J,M. Jantunen,FENERBAHÇE BEKO,FBB,M. Jantunen,18,,,,,,REB,,FENERBAHÇE BEKO rebound defensive,,,,,,,,,0,25,1.0,def_reb,0,12,0,7
05:44,05:44:00,12,7,5,1,1,REGULAR,100,S. VILBEKIN,0,3pt,83,,[],jumpshot,1,3,Scott Jordan,Vilbekin,Scott Jordan,Vilbekin,S,V,S,V,S. Vilbekin,FENERBAHÇE BEKO,FBB,S. Vilbekin,3,,,34.349998474121,26.379999160767,0.0,P3,missed,FENERBAHÇE BEKO S. VILBEKIN 3Pt missed,,,,,,,,,0,26,2.0,def_reb,0,12,0,7
05:42,05:42:00,12,7,5,2,1,REGULAR,74,J. USHER,1,rebound,84,83,[],defensive,0,8,Jordan Emanuel ,Usher,Jordan Emanuel ,Usher,J,U,J,U,J. Usher,TÜRK TELEKOM ,TTK,J. Usher,8,,,,,,REB,,TÜRK TELEKOM  rebound defensive,,,,,,,,,0,27,1.0,def_reb,0,12,0,7
05:26,05:26:00,12,7,5,2,1,REGULAR,5,D. ÖZDEMIROGLU,1,turnover,85,,[],badpass,0,18,Dogus,Özdemiroglu,Dogus,Özdemiroglu,D,Ö,D,Ö,D. Özdemiroglu,TÜRK TELEKOM ,TTK,D. Özdemiroglu,18,,,,,,TO,,TÜRK TELEKOM  D. ÖZDEMIROGLU turnover badpass,,,,,,,,,0,28,2.0,turnover,0,12,0,7
05:26,05:26:00,12,7,5,1,1,REGULAR,100,S. VILBEKIN,1,steal,86,85,[],,0,3,Scott Jordan,Vilbekin,Scott Jordan,Vilbekin,S,V,S,V,S. Vilbekin,FENERBAHÇE BEKO,FBB,S. Vilbekin,3,,,,,,ST,,FENERBAHÇE BEKO S. VILBEKIN steal,,,,,,,,,0,29,1.0,,0,12,0,7
05:23,05:23:00,12,7,5,2,1,REGULAR,80,M. DEVOE,1,foul,88,,[],personal,0,0,Michael Jaden,Devoe,Michael Jaden,Devoe,M,D,M,D,M. Devoe,TÜRK TELEKOM ,TTK,M. Devoe,0,,,,,,FOUL,,TÜRK TELEKOM  M. DEVOE foul personal,,,,,,,,,0,29,1.0,,0,12,0,7
05:23,05:23:00,12,7,5,1,1,REGULAR,79,T. BIBEROVIÇ,1,foulon,89,88,[],,0,13,Tarik,Biberoviç,Tarik,Biberoviç,T,B,T,B,T. Biberoviç,FENERBAHÇE BEKO,FBB,T. Biberoviç,13,,,,,,OTHER,,FENERBAHÇE BEKO foulon,,,,,,,,,0,29,1.0,,0,12,0,7
05:10,05:10:00,14,7,7,1,1,REGULAR,99,A. BACOT JR,1,2pt,92,,"['fromturnover', 'pointsinthepaint']",layup,1,00,Armando Linwood,Bacot Jr,Armando Linwood,Bacot Jr,A,B,A,B,A. Bacot Jr,FENERBAHÇE BEKO,FBB,A. Bacot Jr,00,,,5.960000038147,50.400001525879,1.0,P2,made,FENERBAHÇE BEKO A. BACOT JR 2Pt made,,,,,,,,,2,29,1.0,score,2,14,0,7
05:10,05:10:00,14,7,7,2,1,REGULAR,5,D. ÖZDEMIROGLU,1,foul,93,,"['shooting', '1freethrow']",personal,0,18,Dogus,Özdemiroglu,Dogus,Özdemiroglu,D,Ö,D,Ö,D. Özdemiroglu,TÜRK TELEKOM ,TTK,D. Özdemiroglu,18,,,,,,FOUL,,TÜRK TELEKOM  D. ÖZDEMIROGLU foul personal,,,,,,,,,0,30,2.0,,0,14,0,7
05:10,05:10:00,14,7,7,1,1,REGULAR,99,A. BACOT JR,1,foulon,94,93,[],,0,00,Armando Linwood,Bacot Jr,Armando Linwood,Bacot Jr,A,B,A,B,A. Bacot Jr,FENERBAHÇE BEKO,FBB,A. Bacot Jr,00,,,,,,OTHER,,FENERBAHÇE BEKO foulon,,,,,,,,,0,30,2.0,,0,14,0,7
05:10,05:10:00,15,7,8,1,1,REGULAR,99,A. BACOT JR,1,freethrow,95,,['fromturnover'],1of1,1,00,Armando Linwood,Bacot Jr,Armando Linwood,Bacot Jr,A,B,A,B,A. Bacot Jr,FENERBAHÇE BEKO,FBB,A. Bacot Jr,00,,,,,,FT,made,FENERBAHÇE BEKO A. BACOT JR FT 1of1 made,,,,,,,,,1,30,2.0,made_ft_last,1,15,0,7
05:10,05:10:00,15,7,8,2,1,REGULAR,76,M. SIMONOVIC,1,substitution,96,,[],out,0,11,Marko,Simonovic,Marko,Simonovic,M,S,M,S,M. Simonovic,TÜRK TELEKOM ,TTK,M. Simonovic,11,,,,,,SUB,out,TÜRK TELEKOM  substitution out,,,,,,,,,0,31,1.0,,0,15,0,7
05:10,05:10:00,15,7,8,2,1,REGULAR,5,D. ÖZDEMIROGLU,1,substitution,97,,[],out,0,18,Dogus,Özdemiroglu,Dogus,Özdemiroglu,D,Ö,D,Ö,D. Özdemiroglu,TÜRK TELEKOM ,TTK,D. Özdemiroglu,18,,,,,,SUB,out,TÜRK TELEKOM  substitution out,,,,,,,,,0,31,1.0,,0,15,0,7
05:10,05:10:00,15,7,8,2,1,REGULAR,75,K. ALLMAN,1,substitution,98,,[],in,0,1,Kyle Lindsay,Allman,Kyle Lindsay,Allman,K,A,K,A,K. Allman,TÜRK TELEKOM ,TTK,K. Allman,1,,,,,,SUB,in,TÜRK TELEKOM  substitution in,,,,,,,,,0,31,1.0,,0,15,0,7
05:10,05:10:00,15,7,8,2,1,REGULAR,7,B. DURMAZ,1,substitution,99,,[],in,0,3,Berkan,Durmaz,Berkan,Durmaz,B,D,B,D,B. Durmaz,TÜRK TELEKOM ,TTK,B. Durmaz,3,,,,,,SUB,in,TÜRK TELEKOM  substitution in,,,,,,,,,0,31,1.0,,0,15,0,7
04:58,04:58:00,15,7,8,1,1,REGULAR,79,T. BIBEROVIÇ,1,foul,102,,[],personal,0,13,Tarik,Biberoviç,Tarik,Biberoviç,T,B,T,B,T. Biberoviç,FENERBAHÇE BEKO,FBB,T. Biberoviç,13,,,,,,FOUL,,FENERBAHÇE BEKO T. BIBEROVIÇ foul personal,,,,,,,,,0,31,1.0,,0,15,0,7
04:58,04:58:00,15,7,8,2,1,REGULAR,80,M. DEVOE,1,foulon,103,102,[],,0,0,Michael Jaden,Devoe,Michael Jaden,Devoe,M,D,M,D,M. Devoe,TÜRK TELEKOM ,TTK,M. Devoe,0,,,,,,OTHER,,TÜRK TELEKOM  foulon,,,,,,,,,0,31,1.0,,0,15,0,7
04:49,04:49:00,15,9,6,2,1,REGULAR,74,J. USHER,1,2pt,105,,['pointsinthepaint'],floatingjumpshot,1,8,Jordan Emanuel ,Usher,Jordan Emanuel ,Usher,J,U,J,U,J. Usher,TÜRK TELEKOM ,TTK,J. Usher,8,,,87.550003051758,47.569999694824,1.0,P2,made,TÜRK TELEKOM  J. USHER 2Pt made,80.0,2.0,M. DEVOE,,,,,,2,31,1.0,score,0,15,2,9
04:49,04:49:00,15,9,6,2,1,REGULAR,80,M. DEVOE,1,assist,106,105,[],,0,0,Michael Jaden,Devoe,Michael Jaden,Devoe,M,D,M,D,M. Devoe,TÜRK TELEKOM ,TTK,M. Devoe,0,,,,,,ASS,,TÜRK TELEKOM  M. DEVOE assist,,,,,,,,,0,32,2.0,,0,15,0,9
04:33,04:33:00,15,9,6,1,1,REGULAR,98,M. JANTUNEN,0,3pt,108,,[],jumpshot,1,18,Mikael Olli Axel,Jantunen,Mikael Olli Axel,Jantunen,M,J,M,J,M. Jantunen,FENERBAHÇE BEKO,FBB,M. Jantunen,18,,,30.139999389648,17.059999465942,0.0,P3,missed,FENERBAHÇE BEKO M. JANTUNEN 3Pt missed,,,,,,,,,0,32,2.0,def_reb,0,15,0,9
04:33,04:33:00,15,9,6,2,1,REGULAR,0,,1,rebound,109,108,['team'],defensive,0,,,,,,,,,,,TÜRK TELEKOM ,TTK,,,,,,,,TREB,,TÜRK TELEKOM  team rebound defensive,,,,,,,,,0,33,1.0,def_reb,0,15,0,9
04:33,04:33:00,15,9,6,1,1,REGULAR,99,A. BACOT JR,1,foul,110,,['2freethrow'],personal,0,00,Armando Linwood,Bacot Jr,Armando Linwood,Bacot Jr,A,B,A,B,A. Bacot Jr,FENERBAHÇE BEKO,FBB,A. Bacot Jr,00,,,,,,FOUL,,FENERBAHÇE BEKO A. BACOT JR foul personal,,,,,,,,,0,34,2.0,,0,15,0,9
04:33,04:33:00,15,9,6,2,1,REGULAR,87,K. ALEXANDER,1,foulon,111,110,[],,0,7,Kyle John Solomon,Alexander,Kyle John Solomon,Alexander,K,A,K,A,K. Alexander,TÜRK TELEKOM ,TTK,K. Alexander,7,,,,,,OTHER,,TÜRK TELEKOM  foulon,,,,,,,,,0,34,2.0,,0,15,0,9
04:33,04:33:00,15,9,6,1,1,REGULAR,99,A. BACOT JR,1,substitution,112,,[],out,0,00,Armando Linwood,Bacot Jr,Armando Linwood,Bacot Jr,A,B,A,B,A. Bacot Jr,FENERBAHÇE BEKO,FBB,A. Bacot Jr,00,,,,,,SUB,out,FENERBAHÇE BEKO substitution out,,,,,,,,,0,34,2.0,,0,15,0,9
04:33,04:33:00,15,9,6,1,1,REGULAR,79,T. BIBEROVIÇ,1,substitution,113,,[],out,0,13,Tarik,Biberoviç,Tarik,Biberoviç,T,B,T,B,T. Biberoviç,FENERBAHÇE BEKO,FBB,T. Biberoviç,13,,,,,,SUB,out,FENERBAHÇE BEKO substitution out,,,,,,,,,0,34,2.0,,0,15,0,9
04:33,04:33:00,15,9,6,1,1,REGULAR,89,O. BITIM,1,substitution,114,,[],in,0,17,Onuralp,Bitim,Onuralp,Bitim,O,B,O,B,O. Bitim,FENERBAHÇE BEKO,FBB,O. Bitim,17,,,,,,SUB,in,FENERBAHÇE BEKO substitution in,,,,,,,,,0,34,2.0,,0,15,0,9
04:33,04:33:00,15,9,6,1,1,REGULAR,91,K. BIRCH,1,substitution,115,,[],in,0,92,Khem,Birch,Khem,Birch,K,B,K,B,K. Birch,FENERBAHÇE BEKO,FBB,K. Birch,92,,,,,,SUB,in,FENERBAHÇE BEKO substitution in,,,,,,,,,0,34,2.0,,0,15,0,9
04:33,04:33:00,15,9,6,2,1,REGULAR,74,J. USHER,1,substitution,116,,[],out,0,8,Jordan Emanuel ,Usher,Jordan Emanuel ,Usher,J,U,J,U,J. Usher,TÜRK TELEKOM ,TTK,J. Usher,8,,,,,,SUB,out,TÜRK TELEKOM  substitution out,,,,,,,,,0,34,2.0,,0,15,0,9
04:33,04:33:00,15,9,6,2,1,REGULAR,78,K. BANKSTON,1,substitution,117,,[],in,0,30,Kristeon Lamar,Bankston,Kristeon Lamar,Bankston,K,B,K,B,K. Bankston,TÜRK TELEKOM ,TTK,K. Bankston,30,,,,,,SUB,in,TÜRK TELEKOM  substitution in,,,,,,,,,0,34,2.0,,0,15,0,9
04:33,04:33:00,15,10,5,2,1,REGULAR,87,K. ALEXANDER,1,freethrow,118,,[],1of2,1,7,Kyle John Solomon,Alexander,Kyle John Solomon,Alexander,K,A,K,A,K. Alexander,TÜRK TELEKOM ,TTK,K. Alexander,7,,,,,,FT,made,TÜRK TELEKOM  K. ALEXANDER FT 1of2 made,,,,,,,,,1,34,2.0,made_ft,0,15,1,10
04:33,04:33:00,15,11,4,2,1,REGULAR,87,K. ALEXANDER,1,freethrow,119,,[],2of2,1,7,Kyle John Solomon,Alexander,Kyle John Solomon,Alexander,K,A,K,A,K. Alexander,TÜRK TELEKOM ,TTK,K. Alexander,7,,,,,,FT,made,TÜRK TELEKOM  K. ALEXANDER FT 2of2 made,,,,,,,,,1,35,1.0,made_ft_last,0,15,1,11
04:21,04:21:00,15,11,4,2,1,REGULAR,80,M. DEVOE,1,foul,122,,['2freethrow'],personal,0,0,Michael Jaden,Devoe,Michael Jaden,Devoe,M,D,M,D,M. Devoe,TÜRK TELEKOM ,TTK,M. Devoe,0,,,,,,FOUL,,TÜRK TELEKOM  M. DEVOE foul personal,,,,,,,,,0,36,2.0,,0,15,0,11
04:21,04:21:00,15,11,4,1,1,REGULAR,98,M. JANTUNEN,1,foulon,123,122,[],,0,18,Mikael Olli Axel,Jantunen,Mikael Olli Axel,Jantunen,M,J,M,J,M. Jantunen,FENERBAHÇE BEKO,FBB,M. Jantunen,18,,,,,,OTHER,,FENERBAHÇE BEKO foulon,,,,,,,,,0,36,2.0,,0,15,0,11
04:21,04:21:00,16,11,5,1,1,REGULAR,98,M. JANTUNEN,1,freethrow,124,,[],1of2,1,18,Mikael Olli Axel,Jantunen,Mikael Olli Axel,Jantunen,M,J,M,J,M. Jantunen,FENERBAHÇE BEKO,FBB,M. Jantunen,18,,,,,,FT,made,FENERBAHÇE BEKO M. JANTUNEN FT 1of2 made,,,,,,,,,1,36,2.0,made_ft,1,16,0,11
04:21,04:21:00,17,11,6,1,1,REGULAR,98,M. JANTUNEN,1,freethrow,125,,[],2of2,1,18,Mikael Olli Axel,Jantunen,Mikael Olli Axel,Jantunen,M,J,M,J,M. Jantunen,FENERBAHÇE BEKO,FBB,M. Jantunen,18,,,,,,FT,made,FENERBAHÇE BEKO M. JANTUNEN FT 2of2 made,,,,,,,,,1,37,1.0,made_ft_last,1,17,0,11
04:04,04:04:00,17,11,6,2,1,REGULAR,75,K. ALLMAN,0,2pt,127,,[],jumpshot,1,1,Kyle Lindsay,Allman,Kyle Lindsay,Allman,K,A,K,A,K. Allman,TÜRK TELEKOM ,TTK,K. Allman,1,,,78.349998474121,70.169998168945,0.0,P2,missed,TÜRK TELEKOM  K. ALLMAN 2Pt missed,,,,,,,,,0,38,2.0,def_reb,0,17,0,11
04:02,04:02:00,17,11,6,1,1,REGULAR,91,K. BIRCH,1,rebound,128,127,[],defensive,0,92,Khem,Birch,Khem,Birch,K,B,K,B,K. Birch,FENERBAHÇE BEKO,FBB,K. Birch,92,,,,,,REB,,FENERBAHÇE BEKO rebound defensive,,,,,,,,,0,39,1.0,def_reb,0,17,0,11
03:56,03:56:00,19,11,8,1,1,REGULAR,96,T. TUCKER,1,2pt,129,,"['pointsinthepaint', 'fastbreak']",turnaroundjumpshot,1,8,Talen Jalee,Tucker,Talen Jalee,Tucker,T,T,T,T,T. Tucker,FENERBAHÇE BEKO,FBB,T. Tucker,8,,,7.3600001335144,52.090000152588,1.0,P2,made,FENERBAHÇE BEKO T. TUCKER 2Pt made,,,,,,,,,2,40,2.0,score,2,19,0,11
03:44,03:44:00,19,11,8,1,1,REGULAR,100,S. VILBEKIN,1,foul,131,,['2freethrow'],personal,0,3,Scott Jordan,Vilbekin,Scott Jordan,Vilbekin,S,V,S,V,S. Vilbekin,FENERBAHÇE BEKO,FBB,S. Vilbekin,3,,,,,,FOUL,,FENERBAHÇE BEKO S. VILBEKIN foul personal,,,,,,,,,0,41,1.0,,0,19,0,11
03:44,03:44:00,19,11,8,2,1,REGULAR,80,M. DEVOE,1,foulon,132,131,[],,0,0,Michael Jaden,Devoe,Michael Jaden,Devoe,M,D,M,D,M. Devoe,TÜRK TELEKOM ,TTK,M. Devoe,0,,,,,,OTHER,,TÜRK TELEKOM  foulon,,,,,,,,,0,41,1.0,,0,19,0,11
03:44,03:44:00,19,11,8,1,1,REGULAR,98,M. JANTUNEN,1,substitution,133,,[],out,0,18,Mikael Olli Axel,Jantunen,Mikael Olli Axel,Jantunen,M,J,M,J,M. Jantunen,FENERBAHÇE BEKO,FBB,M. Jantunen,18,,,,,,SUB,out,FENERBAHÇE BEKO substitution out,,,,,,,,,0,41,1.0,,0,19,0,11
03:44,03:44:00,19,11,8,1,1,REGULAR,77,J. BIRSEN,1,substitution,134,,[],in,0,1,James Metecan,Birsen,James Metecan,Birsen,J,B,J,B,J. Birsen,FENERBAHÇE BEKO,FBB,J. Birsen,1,,,,,,SUB,in,FENERBAHÇE BEKO substitution in,,,,,,,,,0,41,1.0,,0,19,0,11
03:44,03:44:00,19,11,8,2,1,REGULAR,80,M. DEVOE,0,freethrow,135,,[],1of2,1,0,Michael Jaden,Devoe,Michael Jaden,Devoe,M,D,M,D,M. Devoe,TÜRK TELEKOM ,TTK,M. Devoe,0,,,,,,FT,missed,TÜRK TELEKOM  M. DEVOE FT 1of2 missed,,,,,,,,,0,41,1.0,def_reb,0,19,0,11
03:44,03:44:00,19,11,8,2,1,REGULAR,0,,1,rebound,136,135,[],offensivedeadball,0,,,,,,,,,,,TÜRK TELEKOM ,TTK,,,,,,,,TREB,,TÜRK TELEKOM  team rebound offensivedeadball,,,,,,,,,0,42,2.0,def_reb,0,19,0,11
03:44,03:44:00,19,12,7,2,1,REGULAR,80,M. DEVOE,1,freethrow,137,,[],2of2,1,0,Michael Jaden,Devoe,Michael Jaden,Devoe,M,D,M,D,M. Devoe,TÜRK TELEKOM ,TTK,M. Devoe,0,,,,,,FT,made,TÜRK TELEKOM  M. DEVOE FT 2of2 made,,,,,,,,,1,43,1.0,made_ft_last,0,19,1,12
03:29,03:29:00,22,12,10,1,1,REGULAR,77,J. BIRSEN,1,3pt,139,,[],jumpshot,1,1,James Metecan,Birsen,James Metecan,Birsen,J,B,J,B,J. Birsen,FENERBAHÇE BEKO,FBB,J. Birsen,1,,,24.209999084473,8.8699998855591,1.0,P3,made,FENERBAHÇE BEKO J. BIRSEN 3Pt made,96.0,1.0,T. TUCKER,,,,,,3,44,2.0,score,3,22,0,12
03:29,03:29:00,22,12,10,1,1,REGULAR,96,T. TUCKER,1,assist,140,139,[],,0,8,Talen Jalee,Tucker,Talen Jalee,Tucker,T,T,T,T,T. Tucker,FENERBAHÇE BEKO,FBB,T. Tucker,8,,,,,,ASS,,FENERBAHÇE BEKO T. TUCKER assist,,,,,,,,,0,45,1.0,,0,22,0,12
03:13,03:13:00,22,14,8,2,1,REGULAR,78,K. BANKSTON,1,2pt,142,,['pointsinthepaint'],alleyoopdunk,1,30,Kristeon Lamar,Bankston,Kristeon Lamar,Bankston,K,B,K,B,K. Bankston,TÜRK TELEKOM ,TTK,K. Bankston,30,,,91.919998168945,56.610000610352,1.0,P2,made,TÜRK TELEKOM  K. BANKSTON 2Pt made,80.0,2.0,M. DEVOE,,,,,,2,45,1.0,score,0,22,2,14
03:13,03:13:00,22,14,8,2,1,REGULAR,80,M. DEVOE,1,assist,143,142,[],,0,0,Michael Jaden,Devoe,Michael Jaden,Devoe,M,D,M,D,M. Devoe,TÜRK TELEKOM ,TTK,M. Devoe,0,,,,,,ASS,,TÜRK TELEKOM  M. DEVOE assist,,,,,,,,,0,46,2.0,,0,22,0,14
03:13,03:13:00,22,14,8,2,1,REGULAR,80,M. DEVOE,1,substitution,144,,[],out,0,0,Michael Jaden,Devoe,Michael Jaden,Devoe,M,D,M,D,M. Devoe,TÜRK TELEKOM ,TTK,M. Devoe,0,,,,,,SUB,out,TÜRK TELEKOM  substitution out,,,,,,,,,0,46,2.0,,0,22,0,14
03:13,03:13:00,22,14,8,2,1,REGULAR,5,D. ÖZDEMIROGLU,1,substitution,145,,[],in,0,18,Dogus,Özdemiroglu,Dogus,Özdemiroglu,D,Ö,D,Ö,D. Özdemiroglu,TÜRK TELEKOM ,TTK,D. Özdemiroglu,18,,,,,,SUB,in,TÜRK TELEKOM  substitution in,,,,,,,,,0,46,2.0,,0,22,0,14
02:57,02:57:00,25,14,11,1,1,REGULAR,89,O. BITIM,1,3pt,148,,[],jumpshot,1,17,Onuralp,Bitim,Onuralp,Bitim,O,B,O,B,O. Bitim,FENERBAHÇE BEKO,FBB,O. Bitim,17,,,27.489999771118,84.860000610352,1.0,P3,made,FENERBAHÇE BEKO O. BITIM 3Pt made,91.0,1.0,K. BIRCH,,,,,,3,46,2.0,score,3,25,0,14
02:57,02:57:00,25,14,11,1,1,REGULAR,91,K. BIRCH,1,assist,149,148,[],,0,92,Khem,Birch,Khem,Birch,K,B,K,B,K. Birch,FENERBAHÇE BEKO,FBB,K. Birch,92,,,,,,ASS,,FENERBAHÇE BEKO K. BIRCH assist,,,,,,,,,0,47,1.0,,0,25,0,14
02:57,02:57:00,25,14,11,2,1,REGULAR,0,,1,timeout,150,,[],full,0,,,,,,,,,,,TÜRK TELEKOM ,TTK,,,,,,,,TIMEOUT,,TÜRK TELEKOM  timeout,,,,,,,,,0,47,1.0,,0,25,0,14
02:42,02:42:00,25,14,11,2,1,REGULAR,75,K. ALLMAN,0,2pt,153,,['pointsinthepaint'],layup,1,1,Kyle Lindsay,Allman,Kyle Lindsay,Allman,K,A,K,A,K. Allman,TÜRK TELEKOM ,TTK,K. Allman,1,,,94.26000213623,52.659999847412,0.0,P2,missed,TÜRK TELEKOM  K. ALLMAN 2Pt missed,,,,,,,,,0,47,1.0,,0,25,0,14
02:42,02:42:00,25,14,11,2,1,REGULAR,78,K. BANKSTON,1,rebound,154,153,[],offensive,0,30,Kristeon Lamar,Bankston,Kristeon Lamar,Bankston,K,B,K,B,K. Bankston,TÜRK TELEKOM ,TTK,K. Bankston,30,,,,,,REB,,TÜRK TELEKOM  rebound offensive,,,,,,,,,0,47,1.0,,0,25,0,14
02:42,02:42:00,25,14,11,1,1,REGULAR,89,O. BITIM,1,foul,155,,['2freethrow'],personal,0,17,Onuralp,Bitim,Onuralp,Bitim,O,B,O,B,O. Bitim,FENERBAHÇE BEKO,FBB,O. Bitim,17,,,,,,FOUL,,FENERBAHÇE BEKO O. BITIM foul personal,,,,,,,,,0,47,1.0,,0,25,0,14
02:42,02:42:00,25,14,11,2,1,REGULAR,78,K. BANKSTON,1,foulon,156,155,[],,0,30,Kristeon Lamar,Bankston,Kristeon Lamar,Bankston,K,B,K,B,K. Bankston,TÜRK TELEKOM ,TTK,K. Bankston,30,,,,,,OTHER,,TÜRK TELEKOM  foulon,,,,,,,,,0,47,1.0,,0,25,0,14
02:42,02:42:00,25,15,10,2,1,REGULAR,78,K. BANKSTON,1,freethrow,157,,['2ndchance'],1of2,1,30,Kristeon Lamar,Bankston,Kristeon Lamar,Bankston,K,B,K,B,K. Bankston,TÜRK TELEKOM ,TTK,K. Bankston,30,,,,,,FT,made,TÜRK TELEKOM  K. BANKSTON FT 1of2 made,,,,,,,,,1,47,1.0,made_ft,0,25,1,15
02:42,02:42:00,25,15,10,2,1,REGULAR,78,K. BANKSTON,0,freethrow,158,,['2ndchance'],2of2,1,30,Kristeon Lamar,Bankston,Kristeon Lamar,Bankston,K,B,K,B,K. Bankston,TÜRK TELEKOM ,TTK,K. Bankston,30,,,,,,FT,missed,TÜRK TELEKOM  K. BANKSTON FT 2of2 missed,,,,,,,,,0,48,2.0,def_reb,0,25,0,15
02:42,02:42:00,25,15,10,1,1,REGULAR,77,J. BIRSEN,1,rebound,160,158,[],defensive,0,1,James Metecan,Birsen,James Metecan,Birsen,J,B,J,B,J. Birsen,FENERBAHÇE BEKO,FBB,J. Birsen,1,,,,,,REB,,FENERBAHÇE BEKO rebound defensive,,,,,,,,,0,49,1.0,def_reb,0,25,0,15
02:25,02:25:00,25,15,10,1,1,REGULAR,96,T. TUCKER,1,turnover,161,,[],badpass,0,8,Talen Jalee,Tucker,Talen Jalee,Tucker,T,T,T,T,T. Tucker,FENERBAHÇE BEKO,FBB,T. Tucker,8,,,,,,TO,,FENERBAHÇE BEKO T. TUCKER turnover badpass,,,,,,,,,0,50,2.0,turnover,0,25,0,15
02:25,02:25:00,25,15,10,2,1,REGULAR,78,K. BANKSTON,1,steal,162,161,[],,0,30,Kristeon Lamar,Bankston,Kristeon Lamar,Bankston,K,B,K,B,K. Bankston,TÜRK TELEKOM ,TTK,K. Bankston,30,,,,,,ST,,TÜRK TELEKOM  K. BANKSTON steal,,,,,,,,,0,51,1.0,,0,25,0,15
02:20,02:20:00,25,15,10,1,1,REGULAR,96,T. TUCKER,1,foul,164,,"['shooting', '2freethrow']",personal,0,8,Talen Jalee,Tucker,Talen Jalee,Tucker,T,T,T,T,T. Tucker,FENERBAHÇE BEKO,FBB,T. Tucker,8,,,,,,FOUL,,FENERBAHÇE BEKO T. TUCKER foul personal,,,,,,,,,0,51,1.0,,0,25,0,15
02:20,02:20:00,25,15,10,2,1,REGULAR,78,K. BANKSTON,1,foulon,165,164,[],,0,30,Kristeon Lamar,Bankston,Kristeon Lamar,Bankston,K,B,K,B,K. Bankston,TÜRK TELEKOM ,TTK,K. Bankston,30,,,,,,OTHER,,TÜRK TELEKOM  foulon,,,,,,,,,0,51,1.0,,0,25,0,15
02:20,02:20:00,25,15,10,2,1,REGULAR,87,K. ALEXANDER,1,substitution,166,,[],out,0,7,Kyle John Solomon,Alexander,Kyle John Solomon,Alexander,K,A,K,A,K. Alexander,TÜRK TELEKOM ,TTK,K. Alexander,7,,,,,,SUB,out,TÜRK TELEKOM  substitution out,,,,,,,,,0,51,1.0,,0,25,0,15
02:20,02:20:00,25,15,10,2,1,REGULAR,76,M. SIMONOVIC,1,substitution,167,,[],in,0,11,Marko,Simonovic,Marko,Simonovic,M,S,M,S,M. Simonovic,TÜRK TELEKOM ,TTK,M. Simonovic,11,,,,,,SUB,in,TÜRK TELEKOM  substitution in,,,,,,,,,0,51,1.0,,0,25,0,15
02:20,02:20:00,25,16,9,2,1,REGULAR,78,K. BANKSTON,1,freethrow,168,,"['fastbreak', 'fromturnover']",1of2,1,30,Kristeon Lamar,Bankston,Kristeon Lamar,Bankston,K,B,K,B,K. Bankston,TÜRK TELEKOM ,TTK,K. Bankston,30,,,,,,FT,made,TÜRK TELEKOM  K. BANKSTON FT 1of2 made,,,,,,,,,1,51,1.0,made_ft,0,25,1,16
02:20,02:20:00,25,16,9,2,1,REGULAR,5,D. ÖZDEMIROGLU,1,assist,169,168,[],,0,18,Dogus,Özdemiroglu,Dogus,Özdemiroglu,D,Ö,D,Ö,D. Özdemiroglu,TÜRK TELEKOM ,TTK,D. Özdemiroglu,18,,,,,,ASS,,TÜRK TELEKOM  D. ÖZDEMIROGLU assist,,,,,,,,,0,52,2.0,,0,25,0,16
02:20,02:20:00,25,17,8,2,1,REGULAR,78,K. BANKSTON,1,freethrow,170,,"['fastbreak', 'fromturnover']",2of2,1,30,Kristeon Lamar,Bankston,Kristeon Lamar,Bankston,K,B,K,B,K. Bankston,TÜRK TELEKOM ,TTK,K. Bankston,30,,,,,,FT,made,TÜRK TELEKOM  K. BANKSTON FT 2of2 made,,,,,,,,,1,52,2.0,made_ft_last,0,25,1,17
02:02,02:02:00,28,17,11,1,1,REGULAR,100,S. VILBEKIN,1,3pt,172,,[],jumpshot,1,3,Scott Jordan,Vilbekin,Scott Jordan,Vilbekin,S,V,S,V,S. Vilbekin,FENERBAHÇE BEKO,FBB,S. Vilbekin,3,,,27.639999389648,13.109999656677,1.0,P3,made,FENERBAHÇE BEKO S. VILBEKIN 3Pt made,96.0,1.0,T. TUCKER,,,,,,3,53,1.0,score,3,28,0,17
02:02,02:02:00,28,17,11,1,1,REGULAR,96,T. TUCKER,1,assist,173,172,[],,0,8,Talen Jalee,Tucker,Talen Jalee,Tucker,T,T,T,T,T. Tucker,FENERBAHÇE BEKO,FBB,T. Tucker,8,,,,,,ASS,,FENERBAHÇE BEKO T. TUCKER assist,,,,,,,,,0,54,2.0,,0,28,0,17
01:45,01:45:00,28,20,8,2,1,REGULAR,75,K. ALLMAN,1,3pt,174,,[],jumpshot,1,1,Kyle Lindsay,Allman,Kyle Lindsay,Allman,K,A,K,A,K. Allman,TÜRK TELEKOM ,TTK,K. Allman,1,,,68.830001831055,26.379999160767,1.0,P3,made,TÜRK TELEKOM  K. ALLMAN 3Pt made,5.0,2.0,D. ÖZDEMIROGLU,,,,,,3,54,2.0,score,0,28,3,20
01:45,01:45:00,28,20,8,2,1,REGULAR,5,D. ÖZDEMIROGLU,1,assist,175,174,[],,0,18,Dogus,Özdemiroglu,Dogus,Özdemiroglu,D,Ö,D,Ö,D. Özdemiroglu,TÜRK TELEKOM ,TTK,D. Özdemiroglu,18,,,,,,ASS,,TÜRK TELEKOM  D. ÖZDEMIROGLU assist,,,,,,,,,0,55,1.0,,0,28,0,20
01:17,01:17:00,31,20,11,1,1,REGULAR,77,J. BIRSEN,1,3pt,176,,[],jumpshot,1,1,James Metecan,Birsen,James Metecan,Birsen,J,B,J,B,J. Birsen,FENERBAHÇE BEKO,FBB,J. Birsen,1,,,9.5500001907349,98.419998168945,1.0,P3,made,FENERBAHÇE BEKO J. BIRSEN 3Pt made,96.0,1.0,T. TUCKER,,,,,,3,55,1.0,score,3,31,0,20
01:17,01:17:00,31,20,11,1,1,REGULAR,96,T. TUCKER,1,assist,177,176,[],,0,8,Talen Jalee,Tucker,Talen Jalee,Tucker,T,T,T,T,T. Tucker,FENERBAHÇE BEKO,FBB,T. Tucker,8,,,,,,ASS,,FENERBAHÇE BEKO T. TUCKER assist,,,,,,,,,0,56,2.0,,0,31,0,20
01:05,01:05:00,31,20,11,1,1,REGULAR,89,O. BITIM,1,foul,179,,['2freethrow'],personal,0,17,Onuralp,Bitim,Onuralp,Bitim,O,B,O,B,O. Bitim,FENERBAHÇE BEKO,FBB,O. Bitim,17,,,,,,FOUL,,FENERBAHÇE BEKO O. BITIM foul personal,,,,,,,,,0,56,2.0,,0,31,0,20
01:05,01:05:00,31,20,11,2,1,REGULAR,75,K. ALLMAN,1,foulon,180,179,[],,0,1,Kyle Lindsay,Allman,Kyle Lindsay,Allman,K,A,K,A,K. Allman,TÜRK TELEKOM ,TTK,K. Allman,1,,,,,,OTHER,,TÜRK TELEKOM  foulon,,,,,,,,,0,56,2.0,,0,31,0,20
01:05,01:05:00,31,21,10,2,1,REGULAR,75,K. ALLMAN,1,freethrow,181,,[],1of2,1,1,Kyle Lindsay,Allman,Kyle Lindsay,Allman,K,A,K,A,K. Allman,TÜRK TELEKOM ,TTK,K. Allman,1,,,,,,FT,made,TÜRK TELEKOM  K. ALLMAN FT 1of2 made,,,,,,,,,1,56,2.0,made_ft,0,31,1,21
01:05,01:05:00,31,22,9,2,1,REGULAR,75,K. ALLMAN,1,freethrow,182,,[],2of2,1,1,Kyle Lindsay,Allman,Kyle Lindsay,Allman,K,A,K,A,K. Allman,TÜRK TELEKOM ,TTK,K. Allman,1,,,,,,FT,made,TÜRK TELEKOM  K. ALLMAN FT 2of2 made,,,,,,,,,1,57,1.0,made_ft_last,0,31,1,22
00:47,00:47:40,31,22,9,1,1,REGULAR,89,O. BITIM,0,3pt,184,,[],jumpshot,1,17,Onuralp,Bitim,Onuralp,Bitim,O,B,O,B,O. Bitim,FENERBAHÇE BEKO,FBB,O. Bitim,17,,,20.940000534058,6.6100001335144,0.0,P3,missed,FENERBAHÇE BEKO O. BITIM 3Pt missed,,,,,,,,,0,58,2.0,def_reb,0,31,0,22
00:43,00:43:90,31,22,9,2,1,REGULAR,5,D. ÖZDEMIROGLU,1,rebound,185,184,[],defensive,0,18,Dogus,Özdemiroglu,Dogus,Özdemiroglu,D,Ö,D,Ö,D. Özdemiroglu,TÜRK TELEKOM ,TTK,D. Özdemiroglu,18,,,,,,REB,,TÜRK TELEKOM  rebound defensive,,,,,,,,,0,59,1.0,def_reb,0,31,0,22
00:38,00:38:20,31,25,6,2,1,REGULAR,75,K. ALLMAN,1,3pt,186,,[],jumpshot,1,1,Kyle Lindsay,Allman,Kyle Lindsay,Allman,K,A,K,A,K. Allman,TÜRK TELEKOM ,TTK,K. Allman,1,,,72.569999694824,84.290000915527,1.0,P3,made,TÜRK TELEKOM  K. ALLMAN 3Pt made,,,,,,,,,3,60,2.0,score,0,31,3,25
00:13,00:13:50,33,25,8,1,1,REGULAR,89,O. BITIM,1,2pt,187,,[],jumpshot,1,17,Onuralp,Bitim,Onuralp,Bitim,O,B,O,B,O. Bitim,FENERBAHÇE BEKO,FBB,O. Bitim,17,,,6.4299998283386,25.25,1.0,P2,made,FENERBAHÇE BEKO O. BITIM 2Pt made,96.0,1.0,T. TUCKER,,,,,,2,61,1.0,score,2,33,0,25
00:13,00:13:50,33,25,8,1,1,REGULAR,96,T. TUCKER,1,assist,188,187,[],,0,8,Talen Jalee,Tucker,Talen Jalee,Tucker,T,T,T,T,T. Tucker,FENERBAHÇE BEKO,FBB,T. Tucker,8,,,,,,ASS,,FENERBAHÇE BEKO T. TUCKER assist,,,,,,,,,0,62,2.0,,0,33,0,25
00:01,00:01:90,33,25,8,2,1,REGULAR,76,M. SIMONOVIC,0,3pt,189,,[],jumpshot,1,11,Marko,Simonovic,Marko,Simonovic,M,S,M,S,M. Simonovic,TÜRK TELEKOM ,TTK,M. Simonovic,11,,,63.680000305176,46.159999847412,0.0,P3,missed,TÜRK TELEKOM  M. SIMONOVIC 3Pt missed,,,,,,,,,0,62,2.0,def_reb,0,33,0,25
00:00,00:00:50,33,25,8,2,1,REGULAR,0,,1,rebound,191,189,['team'],offensive,0,,,,,,,,,,,TÜRK TELEKOM ,TTK,,,,,,,,TREB,,TÜRK TELEKOM  team rebound offensive,,,,,,,,,0,63,1.0,def_reb,0,33,0,25
00:00,00:00:00,33,25,8,0,1,REGULAR,0,,1,period,194,,['confirmed'],end,0,,,,,,,,,,,,,,,,,,,,OTHER,,period end,,,,,,,,,0,64,2.0,,0,33,0,25
10:00,10:00:00,33,25,8,1,2,REGULAR,89,O. BITIM,1,substitution,195,,[],out,0,17,Onuralp,Bitim,Onuralp,Bitim,O,B,O,B,O. Bitim,FENERBAHÇE BEKO,FBB,O. Bitim,17,,,,,,SUB,out,FENERBAHÇE BEKO substitution out,,,,,,,,,0,64,2.0,,0,33,0,25
10:00,10:00:00,33,25,8,1,2,REGULAR,91,K. BIRCH,1,substitution,196,,[],out,0,92,Khem,Birch,Khem,Birch,K,B,K,B,K. Birch,FENERBAHÇE BEKO,FBB,K. Birch,92,,,,,,SUB,out,FENERBAHÇE BEKO substitution out,,,,,,,,,0,64,2.0,,0,33,0,25
10:00,10:00:00,33,25,8,1,2,REGULAR,92,N. MELLI,1,substitution,197,,[],in,0,4,Nicolo,Melli,Nicolo,Melli,N,M,N,M,N. Melli,FENERBAHÇE BEKO,FBB,N. Melli,4,,,,,,SUB,in,FENERBAHÇE BEKO substitution in,,,,,,,,,0,64,2.0,,0,33,0,25
10:00,10:00:00,33,25,8,1,2,REGULAR,78,M. EKSIOGLU,1,substitution,198,,[],in,0,5,Mert Emre,Eksioglu,Mert Emre,Eksioglu,M,E,M,E,M. Eksioglu,FENERBAHÇE BEKO,FBB,M. Eksioglu,5,,,,,,SUB,in,FENERBAHÇE BEKO substitution in,,,,,,,,,0,64,2.0,,0,33,0,25
10:00,10:00:00,33,25,8,0,2,REGULAR,0,,1,period,199,,[],start,0,,,,,,,,,,,,,,,,,,,,OTHER,,period start,,,,,,,,,0,64,2.0,,0,33,0,25
09:49,09:49:00,33,25,8,2,2,REGULAR,75,K. ALLMAN,0,2pt,201,,['pointsinthepaint'],dunk,1,1,Kyle Lindsay,Allman,Kyle Lindsay,Allman,K,A,K,A,K. Allman,TÜRK TELEKOM ,TTK,K. Allman,1,,,93.790000915527,50.680000305176,0.0,P2,missed,TÜRK TELEKOM  K. ALLMAN 2Pt missed,,,,,,,,,0,64,2.0,def_reb,0,33,0,25
09:46,09:46:00,33,25,8,1,2,REGULAR,96,T. TUCKER,1,rebound,202,201,[],defensive,0,8,Talen Jalee,Tucker,Talen Jalee,Tucker,T,T,T,T,T. Tucker,FENERBAHÇE BEKO,FBB,T. Tucker,8,,,,,,REB,,FENERBAHÇE BEKO rebound defensive,,,,,,,,,0,65,1.0,def_reb,0,33,0,25
09:42,09:42:00,36,25,11,1,2,REGULAR,100,S. VILBEKIN,1,3pt,203,,['fastbreak'],jumpshot,1,3,Scott Jordan,Vilbekin,Scott Jordan,Vilbekin,S,V,S,V,S. Vilbekin,FENERBAHÇE BEKO,FBB,S. Vilbekin,3,,,29.200000762939,87.680000305176,1.0,P3,made,FENERBAHÇE BEKO S. VILBEKIN 3Pt made,78.0,1.0,M. EKSIOGLU,,,,,,3,66,2.0,score,3,36,0,25
09:42,09:42:00,36,25,11,1,2,REGULAR,78,M. EKSIOGLU,1,assist,204,203,[],,0,5,Mert Emre,Eksioglu,Mert Emre,Eksioglu,M,E,M,E,M. Eksioglu,FENERBAHÇE BEKO,FBB,M. Eksioglu,5,,,,,,ASS,,FENERBAHÇE BEKO M. EKSIOGLU assist,,,,,,,,,0,67,1.0,,0,36,0,25
09:22,09:22:00,36,25,11,1,2,REGULAR,78,M. EKSIOGLU,1,foul,206,,"['shooting', '2freethrow']",personal,0,5,Mert Emre,Eksioglu,Mert Emre,Eksioglu,M,E,M,E,M. Eksioglu,FENERBAHÇE BEKO,FBB,M. Eksioglu,5,,,,,,FOUL,,FENERBAHÇE BEKO M. EKSIOGLU foul personal,,,,,,,,,0,67,1.0,,0,36,0,25
09:22,09:22:00,36,25,11,2,2,REGULAR,75,K. ALLMAN,1,foulon,207,206,[],,0,1,Kyle Lindsay,Allman,Kyle Lindsay,Allman,K,A,K,A,K. Allman,TÜRK TELEKOM ,TTK,K. Allman,1,,,,,,OTHER,,TÜRK TELEKOM  foulon,,,,,,,,,0,67,1.0,,0,36,0,25
09:22,09:22:00,36,25,11,2,2,REGULAR,75,K. ALLMAN,0,freethrow,208,,[],1of2,1,1,Kyle Lindsay,Allman,Kyle Lindsay,Allman,K,A,K,A,K. Allman,TÜRK TELEKOM ,TTK,K. Allman,1,,,,,,FT,missed,TÜRK TELEKOM  K. ALLMAN FT 1of2 missed,,,,,,,,,0,67,1.0,def_reb,0,36,0,25
09:22,09:22:00,36,25,11,2,2,REGULAR,0,,1,rebound,209,208,[],offensivedeadball,0,,,,,,,,,,,TÜRK TELEKOM ,TTK,,,,,,,,TREB,,TÜRK TELEKOM  team rebound offensivedeadball,,,,,,,,,0,68,2.0,def_reb,0,36,0,25
09:22,09:22:00,36,26,10,2,2,REGULAR,75,K. ALLMAN,1,freethrow,210,,[],2of2,1,1,Kyle Lindsay,Allman,Kyle Lindsay,Allman,K,A,K,A,K. Allman,TÜRK TELEKOM ,TTK,K. Allman,1,,,,,,FT,made,TÜRK TELEKOM  K. ALLMAN FT 2of2 made,,,,,,,,,1,69,1.0,made_ft_last,0,36,1,26
09:10,09:10:00,38,26,12,1,2,REGULAR,77,J. BIRSEN,1,2pt,212,,['pointsinthepaint'],drivinglayup,1,1,James Metecan,Birsen,James Metecan,Birsen,J,B,J,B,J. Birsen,FENERBAHÇE BEKO,FBB,J. Birsen,1,,,7.0500001907349,54.349998474121,1.0,P2,made,FENERBAHÇE BEKO J. BIRSEN 2Pt made,100.0,1.0,S. VILBEKIN,,,,,,2,70,2.0,score,2,38,0,26
09:10,09:10:00,38,26,12,1,2,REGULAR,100,S. VILBEKIN,1,assist,213,212,[],,0,3,Scott Jordan,Vilbekin,Scott Jordan,Vilbekin,S,V,S,V,S. Vilbekin,FENERBAHÇE BEKO,FBB,S. Vilbekin,3,,,,,,ASS,,FENERBAHÇE BEKO S. VILBEKIN assist,,,,,,,,,0,71,1.0,,0,38,0,26
08:53,08:53:00,38,29,9,2,2,REGULAR,5,D. ÖZDEMIROGLU,1,3pt,214,,[],jumpshot,1,18,Dogus,Özdemiroglu,Dogus,Özdemiroglu,D,Ö,D,Ö,D. Özdemiroglu,TÜRK TELEKOM ,TTK,D. Özdemiroglu,18,,,71.330001831055,82.599998474121,1.0,P3,made,TÜRK TELEKOM  D. ÖZDEMIROGLU 3Pt made,,,,,,,,,3,71,1.0,score,0,38,3,29
08:41,08:41:00,38,29,9,1,2,REGULAR,96,T. TUCKER,0,3pt,215,,[],jumpshot,1,8,Talen Jalee,Tucker,Talen Jalee,Tucker,T,T,T,T,T. Tucker,FENERBAHÇE BEKO,FBB,T. Tucker,8,,,34.509998321533,76.669998168945,0.0,P3,missed,FENERBAHÇE BEKO T. TUCKER 3Pt missed,,,,,,,,,0,72,2.0,def_reb,0,38,0,29
08:38,08:38:00,38,29,9,2,2,REGULAR,78,K. BANKSTON,1,rebound,216,215,[],defensive,0,30,Kristeon Lamar,Bankston,Kristeon Lamar,Bankston,K,B,K,B,K. Bankston,TÜRK TELEKOM ,TTK,K. Bankston,30,,,,,,REB,,TÜRK TELEKOM  rebound defensive,,,,,,,,,0,73,1.0,def_reb,0,38,0,29
08:29,08:29:00,38,29,9,1,2,REGULAR,96,T. TUCKER,1,foul,218,,[],personal,0,8,Talen Jalee,Tucker,Talen Jalee,Tucker,T,T,T,T,T. Tucker,FENERBAHÇE BEKO,FBB,T. Tucker,8,,,,,,FOUL,,FENERBAHÇE BEKO T. TUCKER foul personal,,,,,,,,,0,74,2.0,,0,38,0,29
08:29,08:29:00,38,29,9,2,2,REGULAR,7,B. DURMAZ,1,foulon,219,218,[],,0,3,Berkan,Durmaz,Berkan,Durmaz,B,D,B,D,B. Durmaz,TÜRK TELEKOM ,TTK,B. Durmaz,3,,,,,,OTHER,,TÜRK TELEKOM  foulon,,,,,,,,,0,74,2.0,,0,38,0,29
08:29,08:29:00,38,29,9,1,2,REGULAR,100,S. VILBEKIN,1,substitution,220,,[],out,0,3,Scott Jordan,Vilbekin,Scott Jordan,Vilbekin,S,V,S,V,S. Vilbekin,FENERBAHÇE BEKO,FBB,S. Vilbekin,3,,,,,,SUB,out,FENERBAHÇE BEKO substitution out,,,,,,,,,0,74,2.0,,0,38,0,29
08:29,08:29:00,38,29,9,1,2,REGULAR,96,T. TUCKER,1,substitution,221,,[],out,0,8,Talen Jalee,Tucker,Talen Jalee,Tucker,T,T,T,T,T. Tucker,FENERBAHÇE BEKO,FBB,T. Tucker,8,,,,,,SUB,out,FENERBAHÇE BEKO substitution out,,,,,,,,,0,74,2.0,,0,38,0,29
08:29,08:29:00,38,29,9,1,2,REGULAR,79,T. BIBEROVIÇ,1,substitution,222,,[],in,0,13,Tarik,Biberoviç,Tarik,Biberoviç,T,B,T,B,T. Biberoviç,FENERBAHÇE BEKO,FBB,T. Biberoviç,13,,,,,,SUB,in,FENERBAHÇE BEKO substitution in,,,,,,,,,0,74,2.0,,0,38,0,29
08:29,08:29:00,38,29,9,1,2,REGULAR,95,D. HALL,1,substitution,223,,[],in,0,20,Devon Howard,Hall,Devon Howard,Hall,D,H,D,H,D. Hall,FENERBAHÇE BEKO,FBB,D. Hall,20,,,,,,SUB,in,FENERBAHÇE BEKO substitution in,,,,,,,,,0,74,2.0,,0,38,0,29
08:20,08:20:00,38,29,9,2,2,REGULAR,75,K. ALLMAN,0,3pt,225,,[],jumpshot,1,1,Kyle Lindsay,Allman,Kyle Lindsay,Allman,K,A,K,A,K. Allman,TÜRK TELEKOM ,TTK,K. Allman,1,,,68.360000610352,79.48999786377,0.0,P3,missed,TÜRK TELEKOM  K. ALLMAN 3Pt missed,,,,,,,,,0,74,2.0,def_reb,0,38,0,29
08:16,08:16:00,38,29,9,1,2,REGULAR,79,T. BIBEROVIÇ,1,rebound,226,225,[],defensive,0,13,Tarik,Biberoviç,Tarik,Biberoviç,T,B,T,B,T. Biberoviç,FENERBAHÇE BEKO,FBB,T. Biberoviç,13,,,,,,REB,,FENERBAHÇE BEKO rebound defensive,,,,,,,,,0,75,1.0,def_reb,0,38,0,29
08:07,08:07:00,38,29,9,1,2,REGULAR,95,D. HALL,0,2pt,229,,['pointsinthepaint'],layup,1,20,Devon Howard,Hall,Devon Howard,Hall,D,H,D,H,D. Hall,FENERBAHÇE BEKO,FBB,D. Hall,20,,,9.3900003433228,45.880001068115,0.0,P2,missed,FENERBAHÇE BEKO D. HALL 2Pt missed,,,,,,,,,0,76,2.0,def_reb,0,38,0,29
08:04,08:04:00,38,29,9,2,2,REGULAR,75,K. ALLMAN,1,rebound,230,229,[],defensive,0,1,Kyle Lindsay,Allman,Kyle Lindsay,Allman,K,A,K,A,K. Allman,TÜRK TELEKOM ,TTK,K. Allman,1,,,,,,REB,,TÜRK TELEKOM  rebound defensive,,,,,,,,,0,77,1.0,def_reb,0,38,0,29
07:57,07:57:00,38,29,9,1,2,REGULAR,77,J. BIRSEN,1,foul,232,,"['shooting', '2freethrow']",personal,0,1,James Metecan,Birsen,James Metecan,Birsen,J,B,J,B,J. Birsen,FENERBAHÇE BEKO,FBB,J. Birsen,1,,,,,,FOUL,,FENERBAHÇE BEKO J. BIRSEN foul personal,,,,,,,,,0,78,2.0,,0,38,0,29
07:57,07:57:00,38,29,9,2,2,REGULAR,5,D. ÖZDEMIROGLU,1,foulon,233,232,[],,0,18,Dogus,Özdemiroglu,Dogus,Özdemiroglu,D,Ö,D,Ö,D. Özdemiroglu,TÜRK TELEKOM ,TTK,D. Özdemiroglu,18,,,,,,OTHER,,TÜRK TELEKOM  foulon,,,,,,,,,0,78,2.0,,0,38,0,29
07:57,07:57:00,38,30,8,2,2,REGULAR,5,D. ÖZDEMIROGLU,1,freethrow,234,,[],1of2,1,18,Dogus,Özdemiroglu,Dogus,Özdemiroglu,D,Ö,D,Ö,D. Özdemiroglu,TÜRK TELEKOM ,TTK,D. Özdemiroglu,18,,,,,,FT,made,TÜRK TELEKOM  D. ÖZDEMIROGLU FT 1of2 made,,,,,,,,,1,78,2.0,made_ft,0,38,1,30
07:57,07:57:00,38,30,8,2,2,REGULAR,5,D. ÖZDEMIROGLU,0,freethrow,235,,[],2of2,1,18,Dogus,Özdemiroglu,Dogus,Özdemiroglu,D,Ö,D,Ö,D. Özdemiroglu,TÜRK TELEKOM ,TTK,D. Özdemiroglu,18,,,,,,FT,missed,TÜRK TELEKOM  D. ÖZDEMIROGLU FT 2of2 missed,,,,,,,,,0,79,1.0,def_reb,0,38,0,30
07:57,07:57:00,38,30,8,1,2,REGULAR,77,J. BIRSEN,1,rebound,237,235,[],defensive,0,1,James Metecan,Birsen,James Metecan,Birsen,J,B,J,B,J. Birsen,FENERBAHÇE BEKO,FBB,J. Birsen,1,,,,,,REB,,FENERBAHÇE BEKO rebound defensive,,,,,,,,,0,80,2.0,def_reb,0,38,0,30
07:36,07:36:00,41,30,11,1,2,REGULAR,79,T. BIBEROVIÇ,1,3pt,238,,[],jumpshot,1,13,Tarik,Biberoviç,Tarik,Biberoviç,T,B,T,B,T. Biberoviç,FENERBAHÇE BEKO,FBB,T. Biberoviç,13,,,26.860000610352,6.8899998664856,1.0,P3,made,FENERBAHÇE BEKO T. BIBEROVIÇ 3Pt made,,,,,,,,,3,81,1.0,score,3,41,0,30
07:24,07:24:00,41,32,9,2,2,REGULAR,75,K. ALLMAN,1,2pt,240,,['pointsinthepaint'],drivinglayup,1,1,Kyle Lindsay,Allman,Kyle Lindsay,Allman,K,A,K,A,K. Allman,TÜRK TELEKOM ,TTK,K. Allman,1,,,93.949996948242,45.310001373291,1.0,P2,made,TÜRK TELEKOM  K. ALLMAN 2Pt made,,,,,,,,,2,82,2.0,score,0,41,2,32
07:24,07:24:00,41,32,9,1,2,REGULAR,92,N. MELLI,1,foul,241,,"['shooting', '1freethrow']",personal,0,4,Nicolo,Melli,Nicolo,Melli,N,M,N,M,N. Melli,FENERBAHÇE BEKO,FBB,N. Melli,4,,,,,,FOUL,,FENERBAHÇE BEKO N. MELLI foul personal,,,,,,,,,0,83,1.0,,0,41,0,32
07:24,07:24:00,41,32,9,2,2,REGULAR,75,K. ALLMAN,1,foulon,242,241,[],,0,1,Kyle Lindsay,Allman,Kyle Lindsay,Allman,K,A,K,A,K. Allman,TÜRK TELEKOM ,TTK,K. Allman,1,,,,,,OTHER,,TÜRK TELEKOM  foulon,,,,,,,,,0,83,1.0,,0,41,0,32
07:24,07:24:00,41,32,9,1,2,REGULAR,0,,1,timeout,243,,[],full,0,,,,,,,,,,,FENERBAHÇE BEKO,FBB,,,,,,,,TIMEOUT,,FENERBAHÇE BEKO timeout,,,,,,,,,0,83,1.0,,0,41,0,32
07:24,07:24:00,41,32,9,2,2,REGULAR,5,D. ÖZDEMIROGLU,1,substitution,244,,[],out,0,18,Dogus,Özdemiroglu,Dogus,Özdemiroglu,D,Ö,D,Ö,D. Özdemiroglu,TÜRK TELEKOM ,TTK,D. Özdemiroglu,18,,,,,,SUB,out,TÜRK TELEKOM  substitution out,,,,,,,,,0,83,1.0,,0,41,0,32
07:24,07:24:00,41,32,9,2,2,REGULAR,77,J. SMITH,1,substitution,245,,[],in,0,9,Jaleen Devon,Smith,Jaleen Devon,Smith,J,S,J,S,J. Smith,TÜRK TELEKOM ,TTK,J. Smith,9,,,,,,SUB,in,TÜRK TELEKOM  substitution in,,,,,,,,,0,83,1.0,,0,41,0,32
07:24,07:24:00,41,33,8,2,2,REGULAR,75,K. ALLMAN,1,freethrow,246,,[],1of1,1,1,Kyle Lindsay,Allman,Kyle Lindsay,Allman,K,A,K,A,K. Allman,TÜRK TELEKOM ,TTK,K. Allman,1,,,,,,FT,made,TÜRK TELEKOM  K. ALLMAN FT 1of1 made,,,,,,,,,1,83,1.0,made_ft_last,0,41,1,33
07:08,07:08:00,41,33,8,2,2,REGULAR,7,B. DURMAZ,1,foul,249,,[],personal,0,3,Berkan,Durmaz,Berkan,Durmaz,B,D,B,D,B. Durmaz,TÜRK TELEKOM ,TTK,B. Durmaz,3,,,,,,FOUL,,TÜRK TELEKOM  B. DURMAZ foul personal,,,,,,,,,0,84,2.0,,0,41,0,33
07:08,07:08:00,41,33,8,1,2,REGULAR,79,T. BIBEROVIÇ,1,foulon,250,249,[],,0,13,Tarik,Biberoviç,Tarik,Biberoviç,T,B,T,B,T. Biberoviç,FENERBAHÇE BEKO,FBB,T. Biberoviç,13,,,,,,OTHER,,FENERBAHÇE BEKO foulon,,,,,,,,,0,84,2.0,,0,41,0,33
06:55,06:55:00,44,33,11,1,2,REGULAR,78,M. EKSIOGLU,1,3pt,252,,[],jumpshot,1,5,Mert Emre,Eksioglu,Mert Emre,Eksioglu,M,E,M,E,M. Eksioglu,FENERBAHÇE BEKO,FBB,M. Eksioglu,5,,,18.440000534058,5.1999998092651,1.0,P3,made,FENERBAHÇE BEKO M. EKSIOGLU 3Pt made,77.0,1.0,J. BIRSEN,,,,,,3,84,2.0,score,3,44,0,33
06:55,06:55:00,44,33,11,1,2,REGULAR,77,J. BIRSEN,1,assist,253,252,[],,0,1,James Metecan,Birsen,James Metecan,Birsen,J,B,J,B,J. Birsen,FENERBAHÇE BEKO,FBB,J. Birsen,1,,,,,,ASS,,FENERBAHÇE BEKO J. BIRSEN assist,,,,,,,,,0,85,1.0,,0,44,0,33
06:40,06:40:00,44,33,11,2,2,REGULAR,77,J. SMITH,1,turnover,255,,[],travel,0,9,Jaleen Devon,Smith,Jaleen Devon,Smith,J,S,J,S,J. Smith,TÜRK TELEKOM ,TTK,J. Smith,9,,,,,,TO,,TÜRK TELEKOM  J. SMITH turnover travel,,,,,,,,,0,85,1.0,turnover,0,44,0,33
06:40,06:40:00,44,33,11,2,2,REGULAR,75,K. ALLMAN,1,substitution,256,,[],out,0,1,Kyle Lindsay,Allman,Kyle Lindsay,Allman,K,A,K,A,K. Allman,TÜRK TELEKOM ,TTK,K. Allman,1,,,,,,SUB,out,TÜRK TELEKOM  substitution out,,,,,,,,,0,86,2.0,,0,44,0,33
06:40,06:40:00,44,33,11,2,2,REGULAR,7,B. DURMAZ,1,substitution,257,,[],out,0,3,Berkan,Durmaz,Berkan,Durmaz,B,D,B,D,B. Durmaz,TÜRK TELEKOM ,TTK,B. Durmaz,3,,,,,,SUB,out,TÜRK TELEKOM  substitution out,,,,,,,,,0,86,2.0,,0,44,0,33
06:40,06:40:00,44,33,11,2,2,REGULAR,78,K. BANKSTON,1,substitution,258,,[],out,0,30,Kristeon Lamar,Bankston,Kristeon Lamar,Bankston,K,B,K,B,K. Bankston,TÜRK TELEKOM ,TTK,K. Bankston,30,,,,,,SUB,out,TÜRK TELEKOM  substitution out,,,,,,,,,0,86,2.0,,0,44,0,33
06:40,06:40:00,44,33,11,2,2,REGULAR,87,K. ALEXANDER,1,substitution,259,,[],in,0,7,Kyle John Solomon,Alexander,Kyle John Solomon,Alexander,K,A,K,A,K. Alexander,TÜRK TELEKOM ,TTK,K. Alexander,7,,,,,,SUB,in,TÜRK TELEKOM  substitution in,,,,,,,,,0,86,2.0,,0,44,0,33
06:40,06:40:00,44,33,11,2,2,REGULAR,74,J. USHER,1,substitution,260,,[],in,0,8,Jordan Emanuel ,Usher,Jordan Emanuel ,Usher,J,U,J,U,J. Usher,TÜRK TELEKOM ,TTK,J. Usher,8,,,,,,SUB,in,TÜRK TELEKOM  substitution in,,,,,,,,,0,86,2.0,,0,44,0,33
06:40,06:40:00,44,33,11,2,2,REGULAR,5,D. ÖZDEMIROGLU,1,substitution,261,,[],in,0,18,Dogus,Özdemiroglu,Dogus,Özdemiroglu,D,Ö,D,Ö,D. Özdemiroglu,TÜRK TELEKOM ,TTK,D. Özdemiroglu,18,,,,,,SUB,in,TÜRK TELEKOM  substitution in,,,,,,,,,0,86,2.0,,0,44,0,33
06:26,06:26:00,46,33,13,1,2,REGULAR,95,D. HALL,1,2pt,264,,"['fromturnover', 'pointsinthepaint']",drivinglayup,1,20,Devon Howard,Hall,Devon Howard,Hall,D,H,D,H,D. Hall,FENERBAHÇE BEKO,FBB,D. Hall,20,,,6.4299998283386,57.740001678467,1.0,P2,made,FENERBAHÇE BEKO D. HALL 2Pt made,,,,,,,,,2,86,2.0,score,2,46,0,33
06:26,06:26:00,46,33,13,2,2,REGULAR,0,,1,timeout,265,,[],full,0,,,,,,,,,,,TÜRK TELEKOM ,TTK,,,,,,,,TIMEOUT,,TÜRK TELEKOM  timeout,,,,,,,,,0,87,1.0,,0,46,0,33
06:07,06:07:00,46,33,13,2,2,REGULAR,76,M. SIMONOVIC,0,3pt,267,,[],jumpshot,1,11,Marko,Simonovic,Marko,Simonovic,M,S,M,S,M. Simonovic,TÜRK TELEKOM ,TTK,M. Simonovic,11,,,70.080001831055,21.299999237061,0.0,P3,missed,TÜRK TELEKOM  M. SIMONOVIC 3Pt missed,,,,,,,,,0,87,1.0,def_reb,0,46,0,33
06:05,06:05:00,46,33,13,1,2,REGULAR,92,N. MELLI,1,rebound,268,267,[],defensive,0,4,Nicolo,Melli,Nicolo,Melli,N,M,N,M,N. Melli,FENERBAHÇE BEKO,FBB,N. Melli,4,,,,,,REB,,FENERBAHÇE BEKO rebound defensive,,,,,,,,,0,88,2.0,def_reb,0,46,0,33
05:49,05:49:00,46,33,13,1,2,REGULAR,78,M. EKSIOGLU,0,2pt,269,,[],jumpshot,1,5,Mert Emre,Eksioglu,Mert Emre,Eksioglu,M,E,M,E,M. Eksioglu,FENERBAHÇE BEKO,FBB,M. Eksioglu,5,,,22.809999465942,33.450000762939,0.0,P2,missed,FENERBAHÇE BEKO M. EKSIOGLU 2Pt missed,,,,,,,,,0,89,1.0,def_reb,0,46,0,33
05:46,05:46:00,46,33,13,2,2,REGULAR,74,J. USHER,1,rebound,270,269,[],defensive,0,8,Jordan Emanuel ,Usher,Jordan Emanuel ,Usher,J,U,J,U,J. Usher,TÜRK TELEKOM ,TTK,J. Usher,8,,,,,,REB,,TÜRK TELEKOM  rebound defensive,,,,,,,,,0,90,2.0,def_reb,0,46,0,33
05:34,05:34:00,46,33,13,2,2,REGULAR,5,D. ÖZDEMIROGLU,0,2pt,271,,['pointsinthepaint'],drivinglayup,1,18,Dogus,Özdemiroglu,Dogus,Özdemiroglu,D,Ö,D,Ö,D. Özdemiroglu,TÜRK TELEKOM ,TTK,D. Özdemiroglu,18,,,93.790000915527,53.5,0.0,P2,missed,TÜRK TELEKOM  D. ÖZDEMIROGLU 2Pt missed,,,,,,,,,0,91,1.0,def_reb,0,46,0,33
05:32,05:32:00,46,33,13,1,2,REGULAR,92,N. MELLI,1,rebound,272,271,[],defensive,0,4,Nicolo,Melli,Nicolo,Melli,N,M,N,M,N. Melli,FENERBAHÇE BEKO,FBB,N. Melli,4,,,,,,REB,,FENERBAHÇE BEKO rebound defensive,,,,,,,,,0,92,2.0,def_reb,0,46,0,33
05:26,05:26:00,46,33,13,1,2,REGULAR,78,M. EKSIOGLU,1,turnover,273,,[],badpass,0,5,Mert Emre,Eksioglu,Mert Emre,Eksioglu,M,E,M,E,M. Eksioglu,FENERBAHÇE BEKO,FBB,M. Eksioglu,5,,,,,,TO,,FENERBAHÇE BEKO M. EKSIOGLU turnover badpass,,,,,,,,,0,93,1.0,turnover,0,46,0,33
05:26,05:26:00,46,33,13,2,2,REGULAR,76,M. SIMONOVIC,1,steal,274,273,[],,0,11,Marko,Simonovic,Marko,Simonovic,M,S,M,S,M. Simonovic,TÜRK TELEKOM ,TTK,M. Simonovic,11,,,,,,ST,,TÜRK TELEKOM  M. SIMONOVIC steal,,,,,,,,,0,94,2.0,,0,46,0,33
05:23,05:23:00,46,35,11,2,2,REGULAR,76,M. SIMONOVIC,1,2pt,275,,"['fromturnover', 'pointsinthepaint', 'fastbreak']",dunk,1,11,Marko,Simonovic,Marko,Simonovic,M,S,M,S,M. Simonovic,TÜRK TELEKOM ,TTK,M. Simonovic,11,,,92.389999389648,48.419998168945,1.0,P2,made,TÜRK TELEKOM  M. SIMONOVIC 2Pt made,,,,,,,,,2,94,2.0,score,0,46,2,35
05:06,05:06:00,49,35,14,1,2,REGULAR,79,T. BIBEROVIÇ,1,3pt,276,,[],jumpshot,1,13,Tarik,Biberoviç,Tarik,Biberoviç,T,B,T,B,T. Biberoviç,FENERBAHÇE BEKO,FBB,T. Biberoviç,13,,,33.569999694824,66.779998779297,1.0,P3,made,FENERBAHÇE BEKO T. BIBEROVIÇ 3Pt made,95.0,1.0,D. HALL,,,,,,3,95,1.0,score,3,49,0,35
05:06,05:06:00,49,35,14,1,2,REGULAR,95,D. HALL,1,assist,277,276,[],,0,20,Devon Howard,Hall,Devon Howard,Hall,D,H,D,H,D. Hall,FENERBAHÇE BEKO,FBB,D. Hall,20,,,,,,ASS,,FENERBAHÇE BEKO D. HALL assist,,,,,,,,,0,96,2.0,,0,49,0,35
04:41,04:41:00,49,35,14,2,2,REGULAR,77,J. SMITH,0,3pt,279,,[],jumpshot,1,9,Jaleen Devon,Smith,Jaleen Devon,Smith,J,S,J,S,J. Smith,TÜRK TELEKOM ,TTK,J. Smith,9,,,73.51000213623,86.839996337891,0.0,P3,missed,TÜRK TELEKOM  J. SMITH 3Pt missed,,,,,,,,,0,96,2.0,def_reb,0,49,0,35
04:41,04:41:00,49,35,14,1,2,REGULAR,0,,1,rebound,280,279,['team'],defensive,0,,,,,,,,,,,FENERBAHÇE BEKO,FBB,,,,,,,,TREB,,FENERBAHÇE BEKO team rebound defensive,,,,,,,,,0,97,1.0,def_reb,0,49,0,35
04:41,04:41:00,49,35,14,2,2,REGULAR,76,M. SIMONOVIC,1,foul,281,,[],personal,0,11,Marko,Simonovic,Marko,Simonovic,M,S,M,S,M. Simonovic,TÜRK TELEKOM ,TTK,M. Simonovic,11,,,,,,FOUL,,TÜRK TELEKOM  M. SIMONOVIC foul personal,,,,,,,,,0,98,2.0,,0,49,0,35
04:41,04:41:00,49,35,14,1,2,REGULAR,77,J. BIRSEN,1,foulon,282,281,[],,0,1,James Metecan,Birsen,James Metecan,Birsen,J,B,J,B,J. Birsen,FENERBAHÇE BEKO,FBB,J. Birsen,1,,,,,,OTHER,,FENERBAHÇE BEKO foulon,,,,,,,,,0,98,2.0,,0,49,0,35
04:41,04:41:00,49,35,14,1,2,REGULAR,92,N. MELLI,1,substitution,283,,[],out,0,4,Nicolo,Melli,Nicolo,Melli,N,M,N,M,N. Melli,FENERBAHÇE BEKO,FBB,N. Melli,4,,,,,,SUB,out,FENERBAHÇE BEKO substitution out,,,,,,,,,0,98,2.0,,0,49,0,35
04:41,04:41:00,49,35,14,1,2,REGULAR,78,M. EKSIOGLU,1,substitution,284,,[],out,0,5,Mert Emre,Eksioglu,Mert Emre,Eksioglu,M,E,M,E,M. Eksioglu,FENERBAHÇE BEKO,FBB,M. Eksioglu,5,,,,,,SUB,out,FENERBAHÇE BEKO substitution out,,,,,,,,,0,98,2.0,,0,49,0,35
04:41,04:41:00,49,35,14,1,2,REGULAR,95,D. HALL,1,substitution,285,,[],out,0,20,Devon Howard,Hall,Devon Howard,Hall,D,H,D,H,D. Hall,FENERBAHÇE BEKO,FBB,D. Hall,20,,,,,,SUB,out,FENERBAHÇE BEKO substitution out,,,,,,,,,0,98,2.0,,0,49,0,35
04:41,04:41:00,49,35,14,1,2,REGULAR,99,A. BACOT JR,1,substitution,286,,[],in,0,00,Armando Linwood,Bacot Jr,Armando Linwood,Bacot Jr,A,B,A,B,A. Bacot Jr,FENERBAHÇE BEKO,FBB,A. Bacot Jr,00,,,,,,SUB,in,FENERBAHÇE BEKO substitution in,,,,,,,,,0,98,2.0,,0,49,0,35
04:41,04:41:00,49,35,14,1,2,REGULAR,100,S. VILBEKIN,1,substitution,287,,[],in,0,3,Scott Jordan,Vilbekin,Scott Jordan,Vilbekin,S,V,S,V,S. Vilbekin,FENERBAHÇE BEKO,FBB,S. Vilbekin,3,,,,,,SUB,in,FENERBAHÇE BEKO substitution in,,,,,,,,,0,98,2.0,,0,49,0,35
04:41,04:41:00,49,35,14,1,2,REGULAR,89,O. BITIM,1,substitution,288,,[],in,0,17,Onuralp,Bitim,Onuralp,Bitim,O,B,O,B,O. Bitim,FENERBAHÇE BEKO,FBB,O. Bitim,17,,,,,,SUB,in,FENERBAHÇE BEKO substitution in,,,,,,,,,0,98,2.0,,0,49,0,35
04:41,04:41:00,49,35,14,2,2,REGULAR,74,J. USHER,1,substitution,289,,[],out,0,8,Jordan Emanuel ,Usher,Jordan Emanuel ,Usher,J,U,J,U,J. Usher,TÜRK TELEKOM ,TTK,J. Usher,8,,,,,,SUB,out,TÜRK TELEKOM  substitution out,,,,,,,,,0,98,2.0,,0,49,0,35
04:41,04:41:00,49,35,14,2,2,REGULAR,80,M. DEVOE,1,substitution,290,,[],in,0,0,Michael Jaden,Devoe,Michael Jaden,Devoe,M,D,M,D,M. Devoe,TÜRK TELEKOM ,TTK,M. Devoe,0,,,,,,SUB,in,TÜRK TELEKOM  substitution in,,,,,,,,,0,98,2.0,,0,49,0,35
04:29,04:29:00,49,35,14,1,2,REGULAR,100,S. VILBEKIN,0,3pt,292,,[],jumpshot,1,3,Scott Jordan,Vilbekin,Scott Jordan,Vilbekin,S,V,S,V,S. Vilbekin,FENERBAHÇE BEKO,FBB,S. Vilbekin,3,,,34.509998321533,50.959999084473,0.0,P3,missed,FENERBAHÇE BEKO S. VILBEKIN 3Pt missed,,,,,,,,,0,98,2.0,def_reb,0,49,0,35
04:27,04:27:00,49,35,14,2,2,REGULAR,76,M. SIMONOVIC,1,rebound,293,292,[],defensive,0,11,Marko,Simonovic,Marko,Simonovic,M,S,M,S,M. Simonovic,TÜRK TELEKOM ,TTK,M. Simonovic,11,,,,,,REB,,TÜRK TELEKOM  rebound defensive,,,,,,,,,0,99,1.0,def_reb,0,49,0,35
04:19,04:19:00,49,35,14,2,2,REGULAR,77,J. SMITH,0,3pt,294,,[],jumpshot,1,9,Jaleen Devon,Smith,Jaleen Devon,Smith,J,S,J,S,J. Smith,TÜRK TELEKOM ,TTK,J. Smith,9,,,78.190002441406,92.769996643066,0.0,P3,missed,TÜRK TELEKOM  J. SMITH 3Pt missed,,,,,,,,,0,100,2.0,def_reb,0,49,0,35
04:16,04:16:00,49,35,14,1,2,REGULAR,89,O. BITIM,1,rebound,295,294,[],defensive,0,17,Onuralp,Bitim,Onuralp,Bitim,O,B,O,B,O. Bitim,FENERBAHÇE BEKO,FBB,O. Bitim,17,,,,,,REB,,FENERBAHÇE BEKO rebound defensive,,,,,,,,,0,101,1.0,def_reb,0,49,0,35
04:05,04:05:00,51,35,16,1,2,REGULAR,99,A. BACOT JR,1,2pt,296,,['pointsinthepaint'],layup,1,00,Armando Linwood,Bacot Jr,Armando Linwood,Bacot Jr,A,B,A,B,A. Bacot Jr,FENERBAHÇE BEKO,FBB,A. Bacot Jr,00,,,10.170000076294,55.479999542236,1.0,P2,made,FENERBAHÇE BEKO A. BACOT JR 2Pt made,100.0,1.0,S. VILBEKIN,,,,,,2,102,2.0,score,2,51,0,35
04:05,04:05:00,51,35,16,1,2,REGULAR,100,S. VILBEKIN,1,assist,297,296,[],,0,3,Scott Jordan,Vilbekin,Scott Jordan,Vilbekin,S,V,S,V,S. Vilbekin,FENERBAHÇE BEKO,FBB,S. Vilbekin,3,,,,,,ASS,,FENERBAHÇE BEKO S. VILBEKIN assist,,,,,,,,,0,103,1.0,,0,51,0,35
03:48,03:48:00,51,37,14,2,2,REGULAR,87,K. ALEXANDER,1,2pt,299,,['pointsinthepaint'],alleyoopdunk,1,7,Kyle John Solomon,Alexander,Kyle John Solomon,Alexander,K,A,K,A,K. Alexander,TÜRK TELEKOM ,TTK,K. Alexander,7,,,93.480003356934,41.069999694824,1.0,P2,made,TÜRK TELEKOM  K. ALEXANDER 2Pt made,5.0,2.0,D. ÖZDEMIROGLU,,,,,,2,103,1.0,score,0,51,2,37
03:48,03:48:00,51,37,14,2,2,REGULAR,5,D. ÖZDEMIROGLU,1,assist,300,299,[],,0,18,Dogus,Özdemiroglu,Dogus,Özdemiroglu,D,Ö,D,Ö,D. Özdemiroglu,TÜRK TELEKOM ,TTK,D. Özdemiroglu,18,,,,,,ASS,,TÜRK TELEKOM  D. ÖZDEMIROGLU assist,,,,,,,,,0,104,2.0,,0,51,0,37
03:48,03:48:00,51,37,14,2,2,REGULAR,77,J. SMITH,1,substitution,301,,[],out,0,9,Jaleen Devon,Smith,Jaleen Devon,Smith,J,S,J,S,J. Smith,TÜRK TELEKOM ,TTK,J. Smith,9,,,,,,SUB,out,TÜRK TELEKOM  substitution out,,,,,,,,,0,104,2.0,,0,51,0,37
03:48,03:48:00,51,37,14,2,2,REGULAR,75,K. ALLMAN,1,substitution,302,,[],in,0,1,Kyle Lindsay,Allman,Kyle Lindsay,Allman,K,A,K,A,K. Allman,TÜRK TELEKOM ,TTK,K. Allman,1,,,,,,SUB,in,TÜRK TELEKOM  substitution in,,,,,,,,,0,104,2.0,,0,51,0,37
03:27,03:27:00,51,37,14,1,2,REGULAR,77,J. BIRSEN,0,3pt,304,,[],jumpshot,1,1,James Metecan,Birsen,James Metecan,Birsen,J,B,J,B,J. Birsen,FENERBAHÇE BEKO,FBB,J. Birsen,1,,,18.440000534058,91.919998168945,0.0,P3,missed,FENERBAHÇE BEKO J. BIRSEN 3Pt missed,,,,,,,,,0,104,2.0,,0,51,0,37
03:24,03:24:00,51,37,14,1,2,REGULAR,89,O. BITIM,1,rebound,305,304,[],offensive,0,17,Onuralp,Bitim,Onuralp,Bitim,O,B,O,B,O. Bitim,FENERBAHÇE BEKO,FBB,O. Bitim,17,,,,,,REB,,FENERBAHÇE BEKO rebound offensive,,,,,,,,,0,104,2.0,,0,51,0,37
03:19,03:19:00,54,37,17,1,2,REGULAR,89,O. BITIM,1,3pt,306,,['2ndchance'],jumpshot,1,17,Onuralp,Bitim,Onuralp,Bitim,O,B,O,B,O. Bitim,FENERBAHÇE BEKO,FBB,O. Bitim,17,,,15.159999847412,3.789999961853,1.0,P3,made,FENERBAHÇE BEKO O. BITIM 3Pt made,79.0,1.0,T. BIBEROVIÇ,,,,,,3,104,2.0,score,3,54,0,37
03:19,03:19:00,54,37,17,1,2,REGULAR,79,T. BIBEROVIÇ,1,assist,307,306,[],,0,13,Tarik,Biberoviç,Tarik,Biberoviç,T,B,T,B,T. Biberoviç,FENERBAHÇE BEKO,FBB,T. Biberoviç,13,,,,,,ASS,,FENERBAHÇE BEKO T. BIBEROVIÇ assist,,,,,,,,,0,105,1.0,,0,54,0,37
03:00,03:00:00,54,37,17,1,2,REGULAR,77,J. BIRSEN,1,foul,309,,"['shooting', '2freethrow']",personal,0,1,James Metecan,Birsen,James Metecan,Birsen,J,B,J,B,J. Birsen,FENERBAHÇE BEKO,FBB,J. Birsen,1,,,,,,FOUL,,FENERBAHÇE BEKO J. BIRSEN foul personal,,,,,,,,,0,105,1.0,,0,54,0,37
03:00,03:00:00,54,37,17,2,2,REGULAR,5,D. ÖZDEMIROGLU,1,foulon,310,309,[],,0,18,Dogus,Özdemiroglu,Dogus,Özdemiroglu,D,Ö,D,Ö,D. Özdemiroglu,TÜRK TELEKOM ,TTK,D. Özdemiroglu,18,,,,,,OTHER,,TÜRK TELEKOM  foulon,,,,,,,,,0,105,1.0,,0,54,0,37
03:00,03:00:00,54,37,17,1,2,REGULAR,77,J. BIRSEN,1,substitution,311,,[],out,0,1,James Metecan,Birsen,James Metecan,Birsen,J,B,J,B,J. Birsen,FENERBAHÇE BEKO,FBB,J. Birsen,1,,,,,,SUB,out,FENERBAHÇE BEKO substitution out,,,,,,,,,0,105,1.0,,0,54,0,37
03:00,03:00:00,54,37,17,1,2,REGULAR,98,M. JANTUNEN,1,substitution,312,,[],in,0,18,Mikael Olli Axel,Jantunen,Mikael Olli Axel,Jantunen,M,J,M,J,M. Jantunen,FENERBAHÇE BEKO,FBB,M. Jantunen,18,,,,,,SUB,in,FENERBAHÇE BEKO substitution in,,,,,,,,,0,105,1.0,,0,54,0,37
03:00,03:00:00,54,38,16,2,2,REGULAR,5,D. ÖZDEMIROGLU,1,freethrow,313,,[],1of2,1,18,Dogus,Özdemiroglu,Dogus,Özdemiroglu,D,Ö,D,Ö,D. Özdemiroglu,TÜRK TELEKOM ,TTK,D. Özdemiroglu,18,,,,,,FT,made,TÜRK TELEKOM  D. ÖZDEMIROGLU FT 1of2 made,,,,,,,,,1,105,1.0,made_ft,0,54,1,38
03:00,03:00:00,54,39,15,2,2,REGULAR,5,D. ÖZDEMIROGLU,1,freethrow,314,,[],2of2,1,18,Dogus,Özdemiroglu,Dogus,Özdemiroglu,D,Ö,D,Ö,D. Özdemiroglu,TÜRK TELEKOM ,TTK,D. Özdemiroglu,18,,,,,,FT,made,TÜRK TELEKOM  D. ÖZDEMIROGLU FT 2of2 made,,,,,,,,,1,106,2.0,made_ft_last,0,54,1,39
02:35,02:35:00,54,39,15,1,2,REGULAR,0,,1,turnover,317,,['team'],24sec,0,,,,,,,,,,,FENERBAHÇE BEKO,FBB,,,,,,,,TO,,FENERBAHÇE BEKO  turnover 24sec,,,,,,,,,0,107,1.0,turnover,0,54,0,39
02:35,02:35:00,54,39,15,1,2,REGULAR,100,S. VILBEKIN,1,substitution,318,,[],out,0,3,Scott Jordan,Vilbekin,Scott Jordan,Vilbekin,S,V,S,V,S. Vilbekin,FENERBAHÇE BEKO,FBB,S. Vilbekin,3,,,,,,SUB,out,FENERBAHÇE BEKO substitution out,,,,,,,,,0,108,2.0,,0,54,0,39
02:35,02:35:00,54,39,15,1,2,REGULAR,96,T. TUCKER,1,substitution,319,,[],in,0,8,Talen Jalee,Tucker,Talen Jalee,Tucker,T,T,T,T,T. Tucker,FENERBAHÇE BEKO,FBB,T. Tucker,8,,,,,,SUB,in,FENERBAHÇE BEKO substitution in,,,,,,,,,0,108,2.0,,0,54,0,39
02:35,02:35:00,54,39,15,1,2,REGULAR,79,T. BIBEROVIÇ,1,substitution,320,,[],out,0,13,Tarik,Biberoviç,Tarik,Biberoviç,T,B,T,B,T. Biberoviç,FENERBAHÇE BEKO,FBB,T. Biberoviç,13,,,,,,SUB,out,FENERBAHÇE BEKO substitution out,,,,,,,,,0,108,2.0,,0,54,0,39
02:35,02:35:00,54,39,15,1,2,REGULAR,78,M. EKSIOGLU,1,substitution,321,,[],in,0,5,Mert Emre,Eksioglu,Mert Emre,Eksioglu,M,E,M,E,M. Eksioglu,FENERBAHÇE BEKO,FBB,M. Eksioglu,5,,,,,,SUB,in,FENERBAHÇE BEKO substitution in,,,,,,,,,0,108,2.0,,0,54,0,39
02:20,02:20:00,54,41,13,2,2,REGULAR,5,D. ÖZDEMIROGLU,1,2pt,323,,"['fromturnover', 'pointsinthepaint']",layup,1,18,Dogus,Özdemiroglu,Dogus,Özdemiroglu,D,Ö,D,Ö,D. Özdemiroglu,TÜRK TELEKOM ,TTK,D. Özdemiroglu,18,,,94.730003356934,41.360000610352,1.0,P2,made,TÜRK TELEKOM  D. ÖZDEMIROGLU 2Pt made,76.0,2.0,M. SIMONOVIC,,,,,,2,108,2.0,score,0,54,2,41
02:20,02:20:00,54,41,13,2,2,REGULAR,76,M. SIMONOVIC,1,assist,324,323,[],,0,11,Marko,Simonovic,Marko,Simonovic,M,S,M,S,M. Simonovic,TÜRK TELEKOM ,TTK,M. Simonovic,11,,,,,,ASS,,TÜRK TELEKOM  M. SIMONOVIC assist,,,,,,,,,0,109,1.0,,0,54,0,41
02:06,02:06:00,56,41,15,1,2,REGULAR,96,T. TUCKER,1,2pt,325,,['pointsinthepaint'],drivinglayup,1,8,Talen Jalee,Tucker,Talen Jalee,Tucker,T,T,T,T,T. Tucker,FENERBAHÇE BEKO,FBB,T. Tucker,8,,,8.9200000762939,55.759998321533,1.0,P2,made,FENERBAHÇE BEKO T. TUCKER 2Pt made,,,,,,,,,2,109,1.0,score,2,56,0,41
01:55,01:55:00,56,41,15,2,2,REGULAR,75,K. ALLMAN,0,2pt,326,,"['pointsinthepaint', 'blocked']",layup,1,1,Kyle Lindsay,Allman,Kyle Lindsay,Allman,K,A,K,A,K. Allman,TÜRK TELEKOM ,TTK,K. Allman,1,,,89.730003356934,49.830001831055,0.0,P2,missed,TÜRK TELEKOM  K. ALLMAN 2Pt missed,,,,99.0,1.0,A. BACOT JR,,,0,110,2.0,,0,56,0,41
01:55,01:55:00,56,41,15,1,2,REGULAR,99,A. BACOT JR,1,block,327,326,[],,0,00,Armando Linwood,Bacot Jr,Armando Linwood,Bacot Jr,A,B,A,B,A. Bacot Jr,FENERBAHÇE BEKO,FBB,A. Bacot Jr,00,,,,,,BS,,FENERBAHÇE BEKO A. BACOT JR block,,,,,,,,,0,110,2.0,,0,56,0,41
01:51,01:51:00,56,41,15,1,2,REGULAR,98,M. JANTUNEN,1,rebound,328,326,[],defensive,0,18,Mikael Olli Axel,Jantunen,Mikael Olli Axel,Jantunen,M,J,M,J,M. Jantunen,FENERBAHÇE BEKO,FBB,M. Jantunen,18,,,,,,REB,,FENERBAHÇE BEKO rebound defensive,,,,,,,,,0,110,2.0,def_reb,0,56,0,41
01:35,01:35:00,56,41,15,2,2,REGULAR,5,D. ÖZDEMIROGLU,1,foul,332,,[],personal,0,18,Dogus,Özdemiroglu,Dogus,Özdemiroglu,D,Ö,D,Ö,D. Özdemiroglu,TÜRK TELEKOM ,TTK,D. Özdemiroglu,18,,,,,,FOUL,,TÜRK TELEKOM  D. ÖZDEMIROGLU foul personal,,,,,,,,,0,111,1.0,,0,56,0,41
01:35,01:35:00,56,41,15,1,2,REGULAR,98,M. JANTUNEN,1,foulon,333,332,[],,0,18,Mikael Olli Axel,Jantunen,Mikael Olli Axel,Jantunen,M,J,M,J,M. Jantunen,FENERBAHÇE BEKO,FBB,M. Jantunen,18,,,,,,OTHER,,FENERBAHÇE BEKO foulon,,,,,,,,,0,111,1.0,,0,56,0,41
01:23,01:23:00,56,41,15,1,2,REGULAR,98,M. JANTUNEN,1,turnover,335,,[],badpass,0,18,Mikael Olli Axel,Jantunen,Mikael Olli Axel,Jantunen,M,J,M,J,M. Jantunen,FENERBAHÇE BEKO,FBB,M. Jantunen,18,,,,,,TO,,FENERBAHÇE BEKO M. JANTUNEN turnover badpass,,,,,,,,,0,111,1.0,turnover,0,56,0,41
01:23,01:23:00,56,41,15,2,2,REGULAR,80,M. DEVOE,1,steal,336,335,[],,0,0,Michael Jaden,Devoe,Michael Jaden,Devoe,M,D,M,D,M. Devoe,TÜRK TELEKOM ,TTK,M. Devoe,0,,,,,,ST,,TÜRK TELEKOM  M. DEVOE steal,,,,,,,,,0,112,2.0,,0,56,0,41
01:16,01:16:00,56,43,13,2,2,REGULAR,87,K. ALEXANDER,1,2pt,337,,"['fromturnover', 'pointsinthepaint', 'fastbreak']",layup,1,7,Kyle John Solomon,Alexander,Kyle John Solomon,Alexander,K,A,K,A,K. Alexander,TÜRK TELEKOM ,TTK,K. Alexander,7,,,92.069999694824,46.439998626709,1.0,P2,made,TÜRK TELEKOM  K. ALEXANDER 2Pt made,76.0,2.0,M. SIMONOVIC,,,,,,2,112,2.0,score,0,56,2,43
01:16,01:16:00,56,43,13,2,2,REGULAR,76,M. SIMONOVIC,1,assist,338,337,[],,0,11,Marko,Simonovic,Marko,Simonovic,M,S,M,S,M. Simonovic,TÜRK TELEKOM ,TTK,M. Simonovic,11,,,,,,ASS,,TÜRK TELEKOM  M. SIMONOVIC assist,,,,,,,,,0,113,1.0,,0,56,0,43
00:55,00:55:60,56,43,13,1,2,REGULAR,78,M. EKSIOGLU,0,2pt,339,,['pointsinthepaint'],layup,1,5,Mert Emre,Eksioglu,Mert Emre,Eksioglu,M,E,M,E,M. Eksioglu,FENERBAHÇE BEKO,FBB,M. Eksioglu,5,,,8.3000001907349,50.110000610352,0.0,P2,missed,FENERBAHÇE BEKO M. EKSIOGLU 2Pt missed,,,,,,,,,0,113,1.0,def_reb,0,56,0,43
00:53,00:53:10,56,43,13,2,2,REGULAR,76,M. SIMONOVIC,1,rebound,340,339,[],defensive,0,11,Marko,Simonovic,Marko,Simonovic,M,S,M,S,M. Simonovic,TÜRK TELEKOM ,TTK,M. Simonovic,11,,,,,,REB,,TÜRK TELEKOM  rebound defensive,,,,,,,,,0,114,2.0,def_reb,0,56,0,43
00:48,00:48:50,56,43,13,2,2,REGULAR,80,M. DEVOE,0,3pt,342,,[],jumpshot,1,0,Michael Jaden,Devoe,Michael Jaden,Devoe,M,D,M,D,M. Devoe,TÜRK TELEKOM ,TTK,M. Devoe,0,,,92.849998474121,3.2200000286102,0.0,P3,missed,TÜRK TELEKOM  M. DEVOE 3Pt missed,,,,,,,,,0,115,1.0,def_reb,0,56,0,43
00:48,00:48:50,56,43,13,2,2,REGULAR,0,,1,rebound,343,342,['team'],offensive,0,,,,,,,,,,,TÜRK TELEKOM ,TTK,,,,,,,,TREB,,TÜRK TELEKOM  team rebound offensive,,,,,,,,,0,116,2.0,def_reb,0,56,0,43
00:35,00:35:50,56,43,13,2,2,REGULAR,5,D. ÖZDEMIROGLU,0,3pt,345,,['2ndchance'],jumpshot,1,18,Dogus,Özdemiroglu,Dogus,Özdemiroglu,D,Ö,D,Ö,D. Özdemiroglu,TÜRK TELEKOM ,TTK,D. Özdemiroglu,18,,,71.01000213623,16.780000686646,0.0,P3,missed,TÜRK TELEKOM  D. ÖZDEMIROGLU 3Pt missed,,,,,,,,,0,117,1.0,def_reb,0,56,0,43
00:32,00:32:80,56,43,13,1,2,REGULAR,78,M. EKSIOGLU,1,rebound,346,345,[],defensive,0,5,Mert Emre,Eksioglu,Mert Emre,Eksioglu,M,E,M,E,M. Eksioglu,FENERBAHÇE BEKO,FBB,M. Eksioglu,5,,,,,,REB,,FENERBAHÇE BEKO rebound defensive,,,,,,,,,0,118,2.0,def_reb,0,56,0,43
00:26,00:26:00,56,43,13,2,2,REGULAR,76,M. SIMONOVIC,1,foul,348,,"['shooting', '2freethrow']",personal,0,11,Marko,Simonovic,Marko,Simonovic,M,S,M,S,M. Simonovic,TÜRK TELEKOM ,TTK,M. Simonovic,11,,,,,,FOUL,,TÜRK TELEKOM  M. SIMONOVIC foul personal,,,,,,,,,0,119,1.0,,0,56,0,43
00:26,00:26:00,56,43,13,1,2,REGULAR,96,T. TUCKER,1,foulon,349,348,[],,0,8,Talen Jalee,Tucker,Talen Jalee,Tucker,T,T,T,T,T. Tucker,FENERBAHÇE BEKO,FBB,T. Tucker,8,,,,,,OTHER,,FENERBAHÇE BEKO foulon,,,,,,,,,0,119,1.0,,0,56,0,43
00:26,00:26:00,56,43,13,2,2,REGULAR,76,M. SIMONOVIC,1,substitution,350,,[],out,0,11,Marko,Simonovic,Marko,Simonovic,M,S,M,S,M. Simonovic,TÜRK TELEKOM ,TTK,M. Simonovic,11,,,,,,SUB,out,TÜRK TELEKOM  substitution out,,,,,,,,,0,119,1.0,,0,56,0,43
00:26,00:26:00,56,43,13,2,2,REGULAR,77,J. SMITH,1,substitution,351,,[],in,0,9,Jaleen Devon,Smith,Jaleen Devon,Smith,J,S,J,S,J. Smith,TÜRK TELEKOM ,TTK,J. Smith,9,,,,,,SUB,in,TÜRK TELEKOM  substitution in,,,,,,,,,0,119,1.0,,0,56,0,43
00:26,00:26:00,57,43,14,1,2,REGULAR,96,T. TUCKER,1,freethrow,352,,[],1of2,1,8,Talen Jalee,Tucker,Talen Jalee,Tucker,T,T,T,T,T. Tucker,FENERBAHÇE BEKO,FBB,T. Tucker,8,,,,,,FT,made,FENERBAHÇE BEKO T. TUCKER FT 1of2 made,,,,,,,,,1,119,1.0,made_ft,1,57,0,43
00:26,00:26:00,57,43,14,1,2,REGULAR,96,T. TUCKER,0,freethrow,353,,[],2of2,1,8,Talen Jalee,Tucker,Talen Jalee,Tucker,T,T,T,T,T. Tucker,FENERBAHÇE BEKO,FBB,T. Tucker,8,,,,,,FT,missed,FENERBAHÇE BEKO T. TUCKER FT 2of2 missed,,,,,,,,,0,120,2.0,,0,57,0,43
00:26,00:26:00,57,43,14,1,2,REGULAR,99,A. BACOT JR,1,rebound,355,353,[],offensive,0,00,Armando Linwood,Bacot Jr,Armando Linwood,Bacot Jr,A,B,A,B,A. Bacot Jr,FENERBAHÇE BEKO,FBB,A. Bacot Jr,00,,,,,,REB,,FENERBAHÇE BEKO rebound offensive,,,,,,,,,0,120,2.0,,0,57,0,43
00:25,00:25:10,57,43,14,2,2,REGULAR,5,D. ÖZDEMIROGLU,1,foul,357,,"['shooting', '2freethrow']",personal,0,18,Dogus,Özdemiroglu,Dogus,Özdemiroglu,D,Ö,D,Ö,D. Özdemiroglu,TÜRK TELEKOM ,TTK,D. Özdemiroglu,18,,,,,,FOUL,,TÜRK TELEKOM  D. ÖZDEMIROGLU foul personal,,,,,,,,,0,120,2.0,,0,57,0,43
00:25,00:25:10,57,43,14,1,2,REGULAR,99,A. BACOT JR,1,foulon,358,357,[],,0,00,Armando Linwood,Bacot Jr,Armando Linwood,Bacot Jr,A,B,A,B,A. Bacot Jr,FENERBAHÇE BEKO,FBB,A. Bacot Jr,00,,,,,,OTHER,,FENERBAHÇE BEKO foulon,,,,,,,,,0,120,2.0,,0,57,0,43
00:25,00:25:10,57,43,14,1,2,REGULAR,98,M. JANTUNEN,1,substitution,359,,[],out,0,18,Mikael Olli Axel,Jantunen,Mikael Olli Axel,Jantunen,M,J,M,J,M. Jantunen,FENERBAHÇE BEKO,FBB,M. Jantunen,18,,,,,,SUB,out,FENERBAHÇE BEKO substitution out,,,,,,,,,0,120,2.0,,0,57,0,43
00:25,00:25:10,57,43,14,1,2,REGULAR,79,T. BIBEROVIÇ,1,substitution,360,,[],in,0,13,Tarik,Biberoviç,Tarik,Biberoviç,T,B,T,B,T. Biberoviç,FENERBAHÇE BEKO,FBB,T. Biberoviç,13,,,,,,SUB,in,FENERBAHÇE BEKO substitution in,,,,,,,,,0,120,2.0,,0,57,0,43
00:25,00:25:10,57,43,14,2,2,REGULAR,5,D. ÖZDEMIROGLU,1,foul,361,,['1freethrow'],technical,0,18,Dogus,Özdemiroglu,Dogus,Özdemiroglu,D,Ö,D,Ö,D. Özdemiroglu,TÜRK TELEKOM ,TTK,D. Özdemiroglu,18,,,,,,FOUL,,TÜRK TELEKOM  D. ÖZDEMIROGLU foul technical,,,,,,,,,0,120,2.0,,0,57,0,43
00:25,00:25:10,58,43,15,1,2,REGULAR,79,T. BIBEROVIÇ,1,freethrow,362,,['2ndchance'],1of1,1,13,Tarik,Biberoviç,Tarik,Biberoviç,T,B,T,B,T. Biberoviç,FENERBAHÇE BEKO,FBB,T. Biberoviç,13,,,,,,FT,made,FENERBAHÇE BEKO T. BIBEROVIÇ FT 1of1 made,,,,,,,,,1,120,2.0,made_ft_last,1,58,0,43
00:25,00:25:10,59,43,16,1,2,REGULAR,99,A. BACOT JR,1,freethrow,363,,['2ndchance'],1of2,1,00,Armando Linwood,Bacot Jr,Armando Linwood,Bacot Jr,A,B,A,B,A. Bacot Jr,FENERBAHÇE BEKO,FBB,A. Bacot Jr,00,,,,,,FT,made,FENERBAHÇE BEKO A. BACOT JR FT 1of2 made,,,,,,,,,1,121,1.0,made_ft,1,59,0,43
00:25,00:25:10,60,43,17,1,2,REGULAR,99,A. BACOT JR,1,freethrow,364,,['2ndchance'],2of2,1,00,Armando Linwood,Bacot Jr,Armando Linwood,Bacot Jr,A,B,A,B,A. Bacot Jr,FENERBAHÇE BEKO,FBB,A. Bacot Jr,00,,,,,,FT,made,FENERBAHÇE BEKO A. BACOT JR FT 2of2 made,,,,,,,,,1,122,2.0,made_ft_last,1,60,0,43
00:25,00:25:10,60,43,17,1,2,REGULAR,99,A. BACOT JR,1,substitution,365,,[],out,0,00,Armando Linwood,Bacot Jr,Armando Linwood,Bacot Jr,A,B,A,B,A. Bacot Jr,FENERBAHÇE BEKO,FBB,A. Bacot Jr,00,,,,,,SUB,out,FENERBAHÇE BEKO substitution out,,,,,,,,,0,123,1.0,,0,60,0,43
00:25,00:25:10,60,43,17,1,2,REGULAR,92,N. MELLI,1,substitution,366,,[],in,0,4,Nicolo,Melli,Nicolo,Melli,N,M,N,M,N. Melli,FENERBAHÇE BEKO,FBB,N. Melli,4,,,,,,SUB,in,FENERBAHÇE BEKO substitution in,,,,,,,,,0,123,1.0,,0,60,0,43
00:06,00:06:00,60,43,17,2,2,REGULAR,80,M. DEVOE,1,turnover,368,,[],badpass,0,0,Michael Jaden,Devoe,Michael Jaden,Devoe,M,D,M,D,M. Devoe,TÜRK TELEKOM ,TTK,M. Devoe,0,,,,,,TO,,TÜRK TELEKOM  M. DEVOE turnover badpass,,,,,,,,,0,123,1.0,turnover,0,60,0,43
00:06,00:06:00,60,43,17,1,2,REGULAR,96,T. TUCKER,1,steal,369,368,[],,0,8,Talen Jalee,Tucker,Talen Jalee,Tucker,T,T,T,T,T. Tucker,FENERBAHÇE BEKO,FBB,T. Tucker,8,,,,,,ST,,FENERBAHÇE BEKO T. TUCKER steal,,,,,,,,,0,124,2.0,,0,60,0,43
00:00,00:00:00,60,43,17,0,2,REGULAR,0,,1,period,371,,['confirmed'],end,0,,,,,,,,,,,,,,,,,,,,OTHER,,period end,,,,,,,,,0,124,2.0,,0,60,0,43
10:00,10:00:00,60,43,17,1,3,REGULAR,92,N. MELLI,1,substitution,372,,[],out,0,4,Nicolo,Melli,Nicolo,Melli,N,M,N,M,N. Melli,FENERBAHÇE BEKO,FBB,N. Melli,4,,,,,,SUB,out,FENERBAHÇE BEKO substitution out,,,,,,,,,0,124,2.0,,0,60,0,43
10:00,10:00:00,60,43,17,1,3,REGULAR,78,M. EKSIOGLU,1,substitution,373,,[],out,0,5,Mert Emre,Eksioglu,Mert Emre,Eksioglu,M,E,M,E,M. Eksioglu,FENERBAHÇE BEKO,FBB,M. Eksioglu,5,,,,,,SUB,out,FENERBAHÇE BEKO substitution out,,,,,,,,,0,124,2.0,,0,60,0,43
10:00,10:00:00,60,43,17,1,3,REGULAR,96,T. TUCKER,1,substitution,374,,[],out,0,8,Talen Jalee,Tucker,Talen Jalee,Tucker,T,T,T,T,T. Tucker,FENERBAHÇE BEKO,FBB,T. Tucker,8,,,,,,SUB,out,FENERBAHÇE BEKO substitution out,,,,,,,,,0,124,2.0,,0,60,0,43
10:00,10:00:00,60,43,17,1,3,REGULAR,89,O. BITIM,1,substitution,375,,[],out,0,17,Onuralp,Bitim,Onuralp,Bitim,O,B,O,B,O. Bitim,FENERBAHÇE BEKO,FBB,O. Bitim,17,,,,,,SUB,out,FENERBAHÇE BEKO substitution out,,,,,,,,,0,124,2.0,,0,60,0,43
10:00,10:00:00,60,43,17,1,3,REGULAR,99,A. BACOT JR,1,substitution,376,,[],in,0,00,Armando Linwood,Bacot Jr,Armando Linwood,Bacot Jr,A,B,A,B,A. Bacot Jr,FENERBAHÇE BEKO,FBB,A. Bacot Jr,00,,,,,,SUB,in,FENERBAHÇE BEKO substitution in,,,,,,,,,0,124,2.0,,0,60,0,43
10:00,10:00:00,60,43,17,1,3,REGULAR,76,M. MAHMUTOGLU,1,substitution,377,,[],in,0,10,Melih,Mahmutoglu,Melih,Mahmutoglu,M,M,M,M,M. Mahmutoglu,FENERBAHÇE BEKO,FBB,M. Mahmutoglu,10,,,,,,SUB,in,FENERBAHÇE BEKO substitution in,,,,,,,,,0,124,2.0,,0,60,0,43
10:00,10:00:00,60,43,17,1,3,REGULAR,98,M. JANTUNEN,1,substitution,378,,[],in,0,18,Mikael Olli Axel,Jantunen,Mikael Olli Axel,Jantunen,M,J,M,J,M. Jantunen,FENERBAHÇE BEKO,FBB,M. Jantunen,18,,,,,,SUB,in,FENERBAHÇE BEKO substitution in,,,,,,,,,0,124,2.0,,0,60,0,43
10:00,10:00:00,60,43,17,1,3,REGULAR,95,D. HALL,1,substitution,379,,[],in,0,20,Devon Howard,Hall,Devon Howard,Hall,D,H,D,H,D. Hall,FENERBAHÇE BEKO,FBB,D. Hall,20,,,,,,SUB,in,FENERBAHÇE BEKO substitution in,,,,,,,,,0,124,2.0,,0,60,0,43
10:00,10:00:00,60,43,17,2,3,REGULAR,75,K. ALLMAN,1,substitution,380,,[],out,0,1,Kyle Lindsay,Allman,Kyle Lindsay,Allman,K,A,K,A,K. Allman,TÜRK TELEKOM ,TTK,K. Allman,1,,,,,,SUB,out,TÜRK TELEKOM  substitution out,,,,,,,,,0,124,2.0,,0,60,0,43
10:00,10:00:00,60,43,17,2,3,REGULAR,5,D. ÖZDEMIROGLU,1,substitution,381,,[],out,0,18,Dogus,Özdemiroglu,Dogus,Özdemiroglu,D,Ö,D,Ö,D. Özdemiroglu,TÜRK TELEKOM ,TTK,D. Özdemiroglu,18,,,,,,SUB,out,TÜRK TELEKOM  substitution out,,,,,,,,,0,124,2.0,,0,60,0,43
10:00,10:00:00,60,43,17,2,3,REGULAR,7,B. DURMAZ,1,substitution,382,,[],in,0,3,Berkan,Durmaz,Berkan,Durmaz,B,D,B,D,B. Durmaz,TÜRK TELEKOM ,TTK,B. Durmaz,3,,,,,,SUB,in,TÜRK TELEKOM  substitution in,,,,,,,,,0,124,2.0,,0,60,0,43
10:00,10:00:00,60,43,17,2,3,REGULAR,74,J. USHER,1,substitution,383,,[],in,0,8,Jordan Emanuel ,Usher,Jordan Emanuel ,Usher,J,U,J,U,J. Usher,TÜRK TELEKOM ,TTK,J. Usher,8,,,,,,SUB,in,TÜRK TELEKOM  substitution in,,,,,,,,,0,124,2.0,,0,60,0,43
10:00,10:00:00,60,43,17,0,3,REGULAR,0,,1,period,384,,[],start,0,,,,,,,,,,,,,,,,,,,,OTHER,,period start,,,,,,,,,0,124,2.0,,0,60,0,43
09:43,09:43:00,60,43,17,1,3,REGULAR,98,M. JANTUNEN,0,2pt,386,,"['pointsinthepaint', 'blocked']",layup,1,18,Mikael Olli Axel,Jantunen,Mikael Olli Axel,Jantunen,M,J,M,J,M. Jantunen,FENERBAHÇE BEKO,FBB,M. Jantunen,18,,,93.01000213623,57.740001678467,0.0,P2,missed,FENERBAHÇE BEKO M. JANTUNEN 2Pt missed,,,,87.0,2.0,K. ALEXANDER,,,0,124,2.0,,0,60,0,43
09:43,09:43:00,60,43,17,2,3,REGULAR,87,K. ALEXANDER,1,block,387,386,[],,0,7,Kyle John Solomon,Alexander,Kyle John Solomon,Alexander,K,A,K,A,K. Alexander,TÜRK TELEKOM ,TTK,K. Alexander,7,,,,,,BS,,TÜRK TELEKOM  K. ALEXANDER block,,,,,,,,,0,124,2.0,,0,60,0,43
09:39,09:39:00,60,43,17,2,3,REGULAR,87,K. ALEXANDER,1,rebound,388,386,[],defensive,0,7,Kyle John Solomon,Alexander,Kyle John Solomon,Alexander,K,A,K,A,K. Alexander,TÜRK TELEKOM ,TTK,K. Alexander,7,,,,,,REB,,TÜRK TELEKOM  rebound defensive,,,,,,,,,0,124,2.0,def_reb,0,60,0,43
09:21,09:21:00,60,43,17,2,3,REGULAR,77,J. SMITH,0,2pt,389,,['pointsinthepaint'],floatingjumpshot,1,9,Jaleen Devon,Smith,Jaleen Devon,Smith,J,S,J,S,J. Smith,TÜRK TELEKOM ,TTK,J. Smith,9,,,13.449999809265,47.849998474121,0.0,P2,missed,TÜRK TELEKOM  J. SMITH 2Pt missed,,,,,,,,,0,125,1.0,def_reb,0,60,0,43
09:19,09:19:00,60,43,17,1,3,REGULAR,99,A. BACOT JR,1,rebound,390,389,[],defensive,0,00,Armando Linwood,Bacot Jr,Armando Linwood,Bacot Jr,A,B,A,B,A. Bacot Jr,FENERBAHÇE BEKO,FBB,A. Bacot Jr,00,,,,,,REB,,FENERBAHÇE BEKO rebound defensive,,,,,,,,,0,126,2.0,def_reb,0,60,0,43
09:01,09:01:00,63,43,20,1,3,REGULAR,76,M. MAHMUTOGLU,1,3pt,391,,[],jumpshot,1,10,Melih,Mahmutoglu,Melih,Mahmutoglu,M,M,M,M,M. Mahmutoglu,FENERBAHÇE BEKO,FBB,M. Mahmutoglu,10,,,64.150001525879,44.459999084473,1.0,P3,made,FENERBAHÇE BEKO M. MAHMUTOGLU 3Pt made,79.0,1.0,T. BIBEROVIÇ,,,,,,3,127,1.0,score,3,63,0,43
09:01,09:01:00,63,43,20,1,3,REGULAR,79,T. BIBEROVIÇ,1,assist,392,391,[],,0,13,Tarik,Biberoviç,Tarik,Biberoviç,T,B,T,B,T. Biberoviç,FENERBAHÇE BEKO,FBB,T. Biberoviç,13,,,,,,ASS,,FENERBAHÇE BEKO T. BIBEROVIÇ assist,,,,,,,,,0,128,2.0,,0,63,0,43
08:36,08:36:00,63,43,20,2,3,REGULAR,7,B. DURMAZ,0,2pt,393,,['pointsinthepaint'],layup,1,3,Berkan,Durmaz,Berkan,Durmaz,B,D,B,D,B. Durmaz,TÜRK TELEKOM ,TTK,B. Durmaz,3,,,10.640000343323,51.529998779297,0.0,P2,missed,TÜRK TELEKOM  B. DURMAZ 2Pt missed,,,,,,,,,0,128,2.0,def_reb,0,63,0,43
08:34,08:34:00,63,43,20,1,3,REGULAR,95,D. HALL,1,rebound,394,393,[],defensive,0,20,Devon Howard,Hall,Devon Howard,Hall,D,H,D,H,D. Hall,FENERBAHÇE BEKO,FBB,D. Hall,20,,,,,,REB,,FENERBAHÇE BEKO rebound defensive,,,,,,,,,0,129,1.0,def_reb,0,63,0,43
08:31,08:31:00,63,43,20,2,3,REGULAR,77,J. SMITH,1,foul,396,,[],personal,0,9,Jaleen Devon,Smith,Jaleen Devon,Smith,J,S,J,S,J. Smith,TÜRK TELEKOM ,TTK,J. Smith,9,,,,,,FOUL,,TÜRK TELEKOM  J. SMITH foul personal,,,,,,,,,0,130,2.0,,0,63,0,43
08:31,08:31:00,63,43,20,1,3,REGULAR,98,M. JANTUNEN,1,foulon,397,396,[],,0,18,Mikael Olli Axel,Jantunen,Mikael Olli Axel,Jantunen,M,J,M,J,M. Jantunen,FENERBAHÇE BEKO,FBB,M. Jantunen,18,,,,,,OTHER,,FENERBAHÇE BEKO foulon,,,,,,,,,0,130,2.0,,0,63,0,43
08:31,08:31:00,63,43,20,2,3,REGULAR,74,J. USHER,1,substitution,398,,[],out,0,8,Jordan Emanuel ,Usher,Jordan Emanuel ,Usher,J,U,J,U,J. Usher,TÜRK TELEKOM ,TTK,J. Usher,8,,,,,,SUB,out,TÜRK TELEKOM  substitution out,,,,,,,,,0,130,2.0,,0,63,0,43
08:31,08:31:00,63,43,20,2,3,REGULAR,8,Y. GÜLTEKIN,1,substitution,399,,[],in,0,19,Yavuz,Gültekin,Yavuz,Gültekin,Y,G,Y,G,Y. Gültekin,TÜRK TELEKOM ,TTK,Y. Gültekin,19,,,,,,SUB,in,TÜRK TELEKOM  substitution in,,,,,,,,,0,130,2.0,,0,63,0,43
08:30,08:30:00,63,43,20,1,3,REGULAR,79,T. BIBEROVIÇ,1,turnover,402,,[],ballhandling,0,13,Tarik,Biberoviç,Tarik,Biberoviç,T,B,T,B,T. Biberoviç,FENERBAHÇE BEKO,FBB,T. Biberoviç,13,,,,,,TO,,FENERBAHÇE BEKO T. BIBEROVIÇ turnover ballhandling,,,,,,,,,0,130,2.0,turnover,0,63,0,43
08:05,08:05:00,63,43,20,2,3,REGULAR,80,M. DEVOE,0,2pt,404,,"['fromturnover', 'pointsinthepaint']",jumpshot,1,0,Michael Jaden,Devoe,Michael Jaden,Devoe,M,D,M,D,M. Devoe,TÜRK TELEKOM ,TTK,M. Devoe,0,,,17.819999694824,43.049999237061,0.0,P2,missed,TÜRK TELEKOM  M. DEVOE 2Pt missed,,,,,,,,,0,131,1.0,def_reb,0,63,0,43
08:02,08:02:00,63,43,20,1,3,REGULAR,99,A. BACOT JR,1,rebound,405,404,[],defensive,0,00,Armando Linwood,Bacot Jr,Armando Linwood,Bacot Jr,A,B,A,B,A. Bacot Jr,FENERBAHÇE BEKO,FBB,A. Bacot Jr,00,,,,,,REB,,FENERBAHÇE BEKO rebound defensive,,,,,,,,,0,132,2.0,def_reb,0,63,0,43
07:44,07:44:00,63,43,20,1,3,REGULAR,76,M. MAHMUTOGLU,1,turnover,406,,[],badpass,0,10,Melih,Mahmutoglu,Melih,Mahmutoglu,M,M,M,M,M. Mahmutoglu,FENERBAHÇE BEKO,FBB,M. Mahmutoglu,10,,,,,,TO,,FENERBAHÇE BEKO M. MAHMUTOGLU turnover badpass,,,,,,,,,0,133,1.0,turnover,0,63,0,43
07:44,07:44:00,63,43,20,2,3,REGULAR,80,M. DEVOE,1,steal,407,406,[],,0,0,Michael Jaden,Devoe,Michael Jaden,Devoe,M,D,M,D,M. Devoe,TÜRK TELEKOM ,TTK,M. Devoe,0,,,,,,ST,,TÜRK TELEKOM  M. DEVOE steal,,,,,,,,,0,134,2.0,,0,63,0,43
07:40,07:40:00,63,45,18,2,3,REGULAR,80,M. DEVOE,1,2pt,408,,"['fromturnover', 'pointsinthepaint', 'fastbreak']",drivinglayup,1,0,Michael Jaden,Devoe,Michael Jaden,Devoe,M,D,M,D,M. Devoe,TÜRK TELEKOM ,TTK,M. Devoe,0,,,7.6799998283386,44.180000305176,1.0,P2,made,TÜRK TELEKOM  M. DEVOE 2Pt made,,,,,,,,,2,134,2.0,score,0,63,2,45
07:18,07:18:00,63,45,18,2,3,REGULAR,87,K. ALEXANDER,1,foul,410,,"['shooting', '2freethrow']",personal,0,7,Kyle John Solomon,Alexander,Kyle John Solomon,Alexander,K,A,K,A,K. Alexander,TÜRK TELEKOM ,TTK,K. Alexander,7,,,,,,FOUL,,TÜRK TELEKOM  K. ALEXANDER foul personal,,,,,,,,,0,135,1.0,,0,63,0,45
07:18,07:18:00,63,45,18,1,3,REGULAR,99,A. BACOT JR,1,foulon,411,410,[],,0,00,Armando Linwood,Bacot Jr,Armando Linwood,Bacot Jr,A,B,A,B,A. Bacot Jr,FENERBAHÇE BEKO,FBB,A. Bacot Jr,00,,,,,,OTHER,,FENERBAHÇE BEKO foulon,,,,,,,,,0,135,1.0,,0,63,0,45
07:18,07:18:00,64,45,19,1,3,REGULAR,99,A. BACOT JR,1,freethrow,412,,[],1of2,1,00,Armando Linwood,Bacot Jr,Armando Linwood,Bacot Jr,A,B,A,B,A. Bacot Jr,FENERBAHÇE BEKO,FBB,A. Bacot Jr,00,,,,,,FT,made,FENERBAHÇE BEKO A. BACOT JR FT 1of2 made,,,,,,,,,1,135,1.0,made_ft,1,64,0,45
07:18,07:18:00,64,45,19,1,3,REGULAR,98,M. JANTUNEN,1,assist,413,412,[],,0,18,Mikael Olli Axel,Jantunen,Mikael Olli Axel,Jantunen,M,J,M,J,M. Jantunen,FENERBAHÇE BEKO,FBB,M. Jantunen,18,,,,,,ASS,,FENERBAHÇE BEKO M. JANTUNEN assist,,,,,,,,,0,136,2.0,,0,64,0,45
07:18,07:18:00,65,45,20,1,3,REGULAR,99,A. BACOT JR,1,freethrow,414,,[],2of2,1,00,Armando Linwood,Bacot Jr,Armando Linwood,Bacot Jr,A,B,A,B,A. Bacot Jr,FENERBAHÇE BEKO,FBB,A. Bacot Jr,00,,,,,,FT,made,FENERBAHÇE BEKO A. BACOT JR FT 2of2 made,,,,,,,,,1,136,2.0,made_ft_last,1,65,0,45
07:05,07:05:00,65,45,20,2,3,REGULAR,7,B. DURMAZ,0,3pt,416,,[],jumpshot,1,3,Berkan,Durmaz,Berkan,Durmaz,B,D,B,D,B. Durmaz,TÜRK TELEKOM ,TTK,B. Durmaz,3,,,36.069999694824,36.270000457764,0.0,P3,missed,TÜRK TELEKOM  B. DURMAZ 3Pt missed,,,,,,,,,0,137,1.0,def_reb,0,65,0,45
07:02,07:02:00,65,45,20,1,3,REGULAR,95,D. HALL,1,rebound,417,416,[],defensive,0,20,Devon Howard,Hall,Devon Howard,Hall,D,H,D,H,D. Hall,FENERBAHÇE BEKO,FBB,D. Hall,20,,,,,,REB,,FENERBAHÇE BEKO rebound defensive,,,,,,,,,0,138,2.0,def_reb,0,65,0,45
07:00,07:00:00,65,45,20,2,3,REGULAR,8,Y. GÜLTEKIN,1,foul,419,,[],personal,0,19,Yavuz,Gültekin,Yavuz,Gültekin,Y,G,Y,G,Y. Gültekin,TÜRK TELEKOM ,TTK,Y. Gültekin,19,,,,,,FOUL,,TÜRK TELEKOM  Y. GÜLTEKIN foul personal,,,,,,,,,0,139,1.0,,0,65,0,45
07:00,07:00:00,65,45,20,1,3,REGULAR,95,D. HALL,1,foulon,420,419,[],,0,20,Devon Howard,Hall,Devon Howard,Hall,D,H,D,H,D. Hall,FENERBAHÇE BEKO,FBB,D. Hall,20,,,,,,OTHER,,FENERBAHÇE BEKO foulon,,,,,,,,,0,139,1.0,,0,65,0,45
07:00,07:00:00,65,45,20,2,3,REGULAR,7,B. DURMAZ,1,substitution,421,,[],out,0,3,Berkan,Durmaz,Berkan,Durmaz,B,D,B,D,B. Durmaz,TÜRK TELEKOM ,TTK,B. Durmaz,3,,,,,,SUB,out,TÜRK TELEKOM  substitution out,,,,,,,,,0,139,1.0,,0,65,0,45
07:00,07:00:00,65,45,20,2,3,REGULAR,74,J. USHER,1,substitution,422,,[],in,0,8,Jordan Emanuel ,Usher,Jordan Emanuel ,Usher,J,U,J,U,J. Usher,TÜRK TELEKOM ,TTK,J. Usher,8,,,,,,SUB,in,TÜRK TELEKOM  substitution in,,,,,,,,,0,139,1.0,,0,65,0,45
06:50,06:50:00,67,45,22,1,3,REGULAR,98,M. JANTUNEN,1,2pt,424,,['pointsinthepaint'],drivinglayup,1,18,Mikael Olli Axel,Jantunen,Mikael Olli Axel,Jantunen,M,J,M,J,M. Jantunen,FENERBAHÇE BEKO,FBB,M. Jantunen,18,,,93.480003356934,50.959999084473,1.0,P2,made,FENERBAHÇE BEKO M. JANTUNEN 2Pt made,,,,,,,,,2,139,1.0,score,2,67,0,45
06:33,06:33:00,67,45,22,2,3,REGULAR,77,J. SMITH,1,turnover,425,,[],badpass,0,9,Jaleen Devon,Smith,Jaleen Devon,Smith,J,S,J,S,J. Smith,TÜRK TELEKOM ,TTK,J. Smith,9,,,,,,TO,,TÜRK TELEKOM  J. SMITH turnover badpass,,,,,,,,,0,140,2.0,turnover,0,67,0,45
06:33,06:33:00,67,45,22,1,3,REGULAR,98,M. JANTUNEN,1,steal,426,425,[],,0,18,Mikael Olli Axel,Jantunen,Mikael Olli Axel,Jantunen,M,J,M,J,M. Jantunen,FENERBAHÇE BEKO,FBB,M. Jantunen,18,,,,,,ST,,FENERBAHÇE BEKO M. JANTUNEN steal,,,,,,,,,0,141,1.0,,0,67,0,45
06:28,06:28:00,67,45,22,1,3,REGULAR,79,T. BIBEROVIÇ,1,foul,428,,[],offensive,0,13,Tarik,Biberoviç,Tarik,Biberoviç,T,B,T,B,T. Biberoviç,FENERBAHÇE BEKO,FBB,T. Biberoviç,13,,,,,,RFOUL,,FENERBAHÇE BEKO T. BIBEROVIÇ foul offensive,,,,,,,,,0,141,1.0,offensive_foul,0,67,0,45
06:28,06:28:00,67,45,22,1,3,REGULAR,79,T. BIBEROVIÇ,1,turnover,429,428,[],offensive,0,13,Tarik,Biberoviç,Tarik,Biberoviç,T,B,T,B,T. Biberoviç,FENERBAHÇE BEKO,FBB,T. Biberoviç,13,,,,,,TO,,FENERBAHÇE BEKO T. BIBEROVIÇ turnover offensive,,,,,,,,,0,142,2.0,turnover,0,67,0,45
06:28,06:28:00,67,45,22,2,3,REGULAR,80,M. DEVOE,1,foulon,430,428,[],,0,0,Michael Jaden,Devoe,Michael Jaden,Devoe,M,D,M,D,M. Devoe,TÜRK TELEKOM ,TTK,M. Devoe,0,,,,,,OTHER,,TÜRK TELEKOM  foulon,,,,,,,,,0,143,1.0,,0,67,0,45
06:15,06:15:00,67,45,22,2,3,REGULAR,74,J. USHER,0,3pt,432,,['fromturnover'],jumpshot,1,8,Jordan Emanuel ,Usher,Jordan Emanuel ,Usher,J,U,J,U,J. Usher,TÜRK TELEKOM ,TTK,J. Usher,8,,,31.700000762939,86.550003051758,0.0,P3,missed,TÜRK TELEKOM  J. USHER 3Pt missed,,,,,,,,,0,143,1.0,,0,67,0,45
06:13,06:13:00,67,45,22,2,3,REGULAR,87,K. ALEXANDER,1,rebound,433,432,[],offensive,0,7,Kyle John Solomon,Alexander,Kyle John Solomon,Alexander,K,A,K,A,K. Alexander,TÜRK TELEKOM ,TTK,K. Alexander,7,,,,,,REB,,TÜRK TELEKOM  rebound offensive,,,,,,,,,0,143,1.0,,0,67,0,45
06:06,06:06:00,67,45,22,1,3,REGULAR,99,A. BACOT JR,1,foul,435,,"['shooting', '2freethrow']",personal,0,00,Armando Linwood,Bacot Jr,Armando Linwood,Bacot Jr,A,B,A,B,A. Bacot Jr,FENERBAHÇE BEKO,FBB,A. Bacot Jr,00,,,,,,FOUL,,FENERBAHÇE BEKO A. BACOT JR foul personal,,,,,,,,,0,143,1.0,,0,67,0,45
06:06,06:06:00,67,45,22,2,3,REGULAR,87,K. ALEXANDER,1,foulon,436,435,[],,0,7,Kyle John Solomon,Alexander,Kyle John Solomon,Alexander,K,A,K,A,K. Alexander,TÜRK TELEKOM ,TTK,K. Alexander,7,,,,,,OTHER,,TÜRK TELEKOM  foulon,,,,,,,,,0,143,1.0,,0,67,0,45
06:06,06:06:00,67,45,22,2,3,REGULAR,87,K. ALEXANDER,0,freethrow,437,,"['2ndchance', 'fromturnover']",1of2,1,7,Kyle John Solomon,Alexander,Kyle John Solomon,Alexander,K,A,K,A,K. Alexander,TÜRK TELEKOM ,TTK,K. Alexander,7,,,,,,FT,missed,TÜRK TELEKOM  K. ALEXANDER FT 1of2 missed,,,,,,,,,0,143,1.0,def_reb,0,67,0,45
06:06,06:06:00,67,45,22,2,3,REGULAR,0,,1,rebound,438,437,[],offensivedeadball,0,,,,,,,,,,,TÜRK TELEKOM ,TTK,,,,,,,,TREB,,TÜRK TELEKOM  team rebound offensivedeadball,,,,,,,,,0,144,2.0,def_reb,0,67,0,45
06:06,06:06:00,67,46,21,2,3,REGULAR,87,K. ALEXANDER,1,freethrow,439,,"['2ndchance', 'fromturnover']",2of2,1,7,Kyle John Solomon,Alexander,Kyle John Solomon,Alexander,K,A,K,A,K. Alexander,TÜRK TELEKOM ,TTK,K. Alexander,7,,,,,,FT,made,TÜRK TELEKOM  K. ALEXANDER FT 2of2 made,,,,,,,,,1,145,1.0,made_ft_last,0,67,1,46
06:06,06:06:00,67,46,21,2,3,REGULAR,80,M. DEVOE,1,assist,440,439,[],,0,0,Michael Jaden,Devoe,Michael Jaden,Devoe,M,D,M,D,M. Devoe,TÜRK TELEKOM ,TTK,M. Devoe,0,,,,,,ASS,,TÜRK TELEKOM  M. DEVOE assist,,,,,,,,,0,146,2.0,,0,67,0,46
05:43,05:43:00,67,46,21,1,3,REGULAR,76,M. MAHMUTOGLU,0,2pt,442,,[],jumpshot,1,10,Melih,Mahmutoglu,Melih,Mahmutoglu,M,M,M,M,M. Mahmutoglu,FENERBAHÇE BEKO,FBB,M. Mahmutoglu,10,,,91.919998168945,89.379997253418,0.0,P2,missed,FENERBAHÇE BEKO M. MAHMUTOGLU 2Pt missed,,,,,,,,,0,146,2.0,def_reb,0,67,0,46
05:40,05:40:00,67,46,21,2,3,REGULAR,74,J. USHER,1,rebound,443,442,[],defensive,0,8,Jordan Emanuel ,Usher,Jordan Emanuel ,Usher,J,U,J,U,J. Usher,TÜRK TELEKOM ,TTK,J. Usher,8,,,,,,REB,,TÜRK TELEKOM  rebound defensive,,,,,,,,,0,147,1.0,def_reb,0,67,0,46
05:30,05:30:00,67,46,21,2,3,REGULAR,80,M. DEVOE,1,turnover,444,,[],ballhandling,0,0,Michael Jaden,Devoe,Michael Jaden,Devoe,M,D,M,D,M. Devoe,TÜRK TELEKOM ,TTK,M. Devoe,0,,,,,,TO,,TÜRK TELEKOM  M. DEVOE turnover ballhandling,,,,,,,,,0,148,2.0,turnover,0,67,0,46
05:30,05:30:00,67,46,21,1,3,REGULAR,99,A. BACOT JR,1,steal,445,444,[],,0,00,Armando Linwood,Bacot Jr,Armando Linwood,Bacot Jr,A,B,A,B,A. Bacot Jr,FENERBAHÇE BEKO,FBB,A. Bacot Jr,00,,,,,,ST,,FENERBAHÇE BEKO A. BACOT JR steal,,,,,,,,,0,149,1.0,,0,67,0,46
05:25,05:25:00,67,46,21,1,3,REGULAR,76,M. MAHMUTOGLU,1,turnover,446,,[],badpass,0,10,Melih,Mahmutoglu,Melih,Mahmutoglu,M,M,M,M,M. Mahmutoglu,FENERBAHÇE BEKO,FBB,M. Mahmutoglu,10,,,,,,TO,,FENERBAHÇE BEKO M. MAHMUTOGLU turnover badpass,,,,,,,,,0,149,1.0,turnover,0,67,0,46
05:25,05:25:00,67,46,21,2,3,REGULAR,77,J. SMITH,1,steal,448,446,[],,0,9,Jaleen Devon,Smith,Jaleen Devon,Smith,J,S,J,S,J. Smith,TÜRK TELEKOM ,TTK,J. Smith,9,,,,,,ST,,TÜRK TELEKOM  J. SMITH steal,,,,,,,,,0,150,2.0,,0,67,0,46
05:23,05:23:00,67,46,21,1,3,REGULAR,98,M. JANTUNEN,1,foul,449,,[],personal,0,18,Mikael Olli Axel,Jantunen,Mikael Olli Axel,Jantunen,M,J,M,J,M. Jantunen,FENERBAHÇE BEKO,FBB,M. Jantunen,18,,,,,,FOUL,,FENERBAHÇE BEKO M. JANTUNEN foul personal,,,,,,,,,0,150,2.0,,0,67,0,46
05:23,05:23:00,67,46,21,2,3,REGULAR,77,J. SMITH,1,foulon,450,449,[],,0,9,Jaleen Devon,Smith,Jaleen Devon,Smith,J,S,J,S,J. Smith,TÜRK TELEKOM ,TTK,J. Smith,9,,,,,,OTHER,,TÜRK TELEKOM  foulon,,,,,,,,,0,150,2.0,,0,67,0,46
05:23,05:23:00,67,46,21,1,3,REGULAR,79,T. BIBEROVIÇ,1,substitution,451,,[],out,0,13,Tarik,Biberoviç,Tarik,Biberoviç,T,B,T,B,T. Biberoviç,FENERBAHÇE BEKO,FBB,T. Biberoviç,13,,,,,,SUB,out,FENERBAHÇE BEKO substitution out,,,,,,,,,0,150,2.0,,0,67,0,46
05:23,05:23:00,67,46,21,1,3,REGULAR,98,M. JANTUNEN,1,substitution,452,,[],out,0,18,Mikael Olli Axel,Jantunen,Mikael Olli Axel,Jantunen,M,J,M,J,M. Jantunen,FENERBAHÇE BEKO,FBB,M. Jantunen,18,,,,,,SUB,out,FENERBAHÇE BEKO substitution out,,,,,,,,,0,150,2.0,,0,67,0,46
05:23,05:23:00,67,46,21,1,3,REGULAR,95,D. HALL,1,substitution,453,,[],out,0,20,Devon Howard,Hall,Devon Howard,Hall,D,H,D,H,D. Hall,FENERBAHÇE BEKO,FBB,D. Hall,20,,,,,,SUB,out,FENERBAHÇE BEKO substitution out,,,,,,,,,0,150,2.0,,0,67,0,46
05:23,05:23:00,67,46,21,1,3,REGULAR,77,J. BIRSEN,1,substitution,454,,[],in,0,1,James Metecan,Birsen,James Metecan,Birsen,J,B,J,B,J. Birsen,FENERBAHÇE BEKO,FBB,J. Birsen,1,,,,,,SUB,in,FENERBAHÇE BEKO substitution in,,,,,,,,,0,150,2.0,,0,67,0,46
05:23,05:23:00,67,46,21,1,3,REGULAR,100,S. VILBEKIN,1,substitution,455,,[],in,0,3,Scott Jordan,Vilbekin,Scott Jordan,Vilbekin,S,V,S,V,S. Vilbekin,FENERBAHÇE BEKO,FBB,S. Vilbekin,3,,,,,,SUB,in,FENERBAHÇE BEKO substitution in,,,,,,,,,0,150,2.0,,0,67,0,46
05:23,05:23:00,67,46,21,1,3,REGULAR,96,T. TUCKER,1,substitution,456,,[],in,0,8,Talen Jalee,Tucker,Talen Jalee,Tucker,T,T,T,T,T. Tucker,FENERBAHÇE BEKO,FBB,T. Tucker,8,,,,,,SUB,in,FENERBAHÇE BEKO substitution in,,,,,,,,,0,150,2.0,,0,67,0,46
05:12,05:12:00,67,46,21,2,3,REGULAR,80,M. DEVOE,0,2pt,458,,"['fromturnover', 'pointsinthepaint']",floatingjumpshot,1,0,Michael Jaden,Devoe,Michael Jaden,Devoe,M,D,M,D,M. Devoe,TÜRK TELEKOM ,TTK,M. Devoe,0,,,15.479999542236,58.869998931885,0.0,P2,missed,TÜRK TELEKOM  M. DEVOE 2Pt missed,,,,,,,,,0,150,2.0,def_reb,0,67,0,46
05:09,05:09:00,67,46,21,1,3,REGULAR,77,J. BIRSEN,1,rebound,459,458,[],defensive,0,1,James Metecan,Birsen,James Metecan,Birsen,J,B,J,B,J. Birsen,FENERBAHÇE BEKO,FBB,J. Birsen,1,,,,,,REB,,FENERBAHÇE BEKO rebound defensive,,,,,,,,,0,151,1.0,def_reb,0,67,0,46
04:52,04:52:00,67,46,21,1,3,REGULAR,99,A. BACOT JR,0,2pt,460,,['pointsinthepaint'],layup,1,00,Armando Linwood,Bacot Jr,Armando Linwood,Bacot Jr,A,B,A,B,A. Bacot Jr,FENERBAHÇE BEKO,FBB,A. Bacot Jr,00,,,86.300003051758,57.180000305176,0.0,P2,missed,FENERBAHÇE BEKO A. BACOT JR 2Pt missed,,,,,,,,,0,152,2.0,def_reb,0,67,0,46
04:49,04:49:00,67,46,21,2,3,REGULAR,87,K. ALEXANDER,1,rebound,461,460,[],defensive,0,7,Kyle John Solomon,Alexander,Kyle John Solomon,Alexander,K,A,K,A,K. Alexander,TÜRK TELEKOM ,TTK,K. Alexander,7,,,,,,REB,,TÜRK TELEKOM  rebound defensive,,,,,,,,,0,153,1.0,def_reb,0,67,0,46
04:48,04:48:00,67,46,21,1,3,REGULAR,77,J. BIRSEN,1,foul,463,,[],personal,0,1,James Metecan,Birsen,James Metecan,Birsen,J,B,J,B,J. Birsen,FENERBAHÇE BEKO,FBB,J. Birsen,1,,,,,,FOUL,,FENERBAHÇE BEKO J. BIRSEN foul personal,,,,,,,,,0,154,2.0,,0,67,0,46
04:48,04:48:00,67,46,21,2,3,REGULAR,77,J. SMITH,1,foulon,464,463,[],,0,9,Jaleen Devon,Smith,Jaleen Devon,Smith,J,S,J,S,J. Smith,TÜRK TELEKOM ,TTK,J. Smith,9,,,,,,OTHER,,TÜRK TELEKOM  foulon,,,,,,,,,0,154,2.0,,0,67,0,46
04:48,04:48:00,67,46,21,0,3,REGULAR,0,,1,timeout,465,,[],officials,0,,,,,,,,,,,,,,,,,,,,TIMEOUT,, timeout,,,,,,,,,0,154,2.0,,0,67,0,46
04:48,04:48:00,67,46,21,1,3,REGULAR,99,A. BACOT JR,1,substitution,466,,[],out,0,00,Armando Linwood,Bacot Jr,Armando Linwood,Bacot Jr,A,B,A,B,A. Bacot Jr,FENERBAHÇE BEKO,FBB,A. Bacot Jr,00,,,,,,SUB,out,FENERBAHÇE BEKO substitution out,,,,,,,,,0,154,2.0,,0,67,0,46
04:48,04:48:00,67,46,21,1,3,REGULAR,91,K. BIRCH,1,substitution,467,,[],in,0,92,Khem,Birch,Khem,Birch,K,B,K,B,K. Birch,FENERBAHÇE BEKO,FBB,K. Birch,92,,,,,,SUB,in,FENERBAHÇE BEKO substitution in,,,,,,,,,0,154,2.0,,0,67,0,46
04:48,04:48:00,67,46,21,2,3,REGULAR,87,K. ALEXANDER,1,substitution,468,,[],out,0,7,Kyle John Solomon,Alexander,Kyle John Solomon,Alexander,K,A,K,A,K. Alexander,TÜRK TELEKOM ,TTK,K. Alexander,7,,,,,,SUB,out,TÜRK TELEKOM  substitution out,,,,,,,,,0,154,2.0,,0,67,0,46
04:48,04:48:00,67,46,21,2,3,REGULAR,78,K. BANKSTON,1,substitution,469,,[],in,0,30,Kristeon Lamar,Bankston,Kristeon Lamar,Bankston,K,B,K,B,K. Bankston,TÜRK TELEKOM ,TTK,K. Bankston,30,,,,,,SUB,in,TÜRK TELEKOM  substitution in,,,,,,,,,0,154,2.0,,0,67,0,46
04:37,04:37:00,67,49,18,2,3,REGULAR,77,J. SMITH,1,3pt,471,,[],jumpshot,1,9,Jaleen Devon,Smith,Jaleen Devon,Smith,J,S,J,S,J. Smith,TÜRK TELEKOM ,TTK,J. Smith,9,,,33.880001068115,51.240001678467,1.0,P3,made,TÜRK TELEKOM  J. SMITH 3Pt made,8.0,2.0,Y. GÜLTEKIN,,,,,,3,154,2.0,score,0,67,3,49
04:37,04:37:00,67,49,18,2,3,REGULAR,8,Y. GÜLTEKIN,1,assist,472,471,[],,0,19,Yavuz,Gültekin,Yavuz,Gültekin,Y,G,Y,G,Y. Gültekin,TÜRK TELEKOM ,TTK,Y. Gültekin,19,,,,,,ASS,,TÜRK TELEKOM  Y. GÜLTEKIN assist,,,,,,,,,0,155,1.0,,0,67,0,49
04:19,04:19:00,67,49,18,2,3,REGULAR,80,M. DEVOE,1,foul,474,,"['shooting', '2freethrow']",personal,0,0,Michael Jaden,Devoe,Michael Jaden,Devoe,M,D,M,D,M. Devoe,TÜRK TELEKOM ,TTK,M. Devoe,0,,,,,,FOUL,,TÜRK TELEKOM  M. DEVOE foul personal,,,,,,,,,0,155,1.0,,0,67,0,49
04:19,04:19:00,67,49,18,1,3,REGULAR,96,T. TUCKER,1,foulon,475,474,[],,0,8,Talen Jalee,Tucker,Talen Jalee,Tucker,T,T,T,T,T. Tucker,FENERBAHÇE BEKO,FBB,T. Tucker,8,,,,,,OTHER,,FENERBAHÇE BEKO foulon,,,,,,,,,0,155,1.0,,0,67,0,49
04:19,04:19:00,67,49,18,2,3,REGULAR,80,M. DEVOE,1,substitution,476,,[],out,0,0,Michael Jaden,Devoe,Michael Jaden,Devoe,M,D,M,D,M. Devoe,TÜRK TELEKOM ,TTK,M. Devoe,0,,,,,,SUB,out,TÜRK TELEKOM  substitution out,,,,,,,,,0,155,1.0,,0,67,0,49
04:19,04:19:00,67,49,18,2,3,REGULAR,75,K. ALLMAN,1,substitution,477,,[],in,0,1,Kyle Lindsay,Allman,Kyle Lindsay,Allman,K,A,K,A,K. Allman,TÜRK TELEKOM ,TTK,K. Allman,1,,,,,,SUB,in,TÜRK TELEKOM  substitution in,,,,,,,,,0,155,1.0,,0,67,0,49
04:19,04:19:00,68,49,19,1,3,REGULAR,96,T. TUCKER,1,freethrow,478,,[],1of2,1,8,Talen Jalee,Tucker,Talen Jalee,Tucker,T,T,T,T,T. Tucker,FENERBAHÇE BEKO,FBB,T. Tucker,8,,,,,,FT,made,FENERBAHÇE BEKO T. TUCKER FT 1of2 made,,,,,,,,,1,155,1.0,made_ft,1,68,0,49
04:18,04:18:00,68,49,19,1,3,REGULAR,96,T. TUCKER,0,freethrow,480,,[],2of2,1,8,Talen Jalee,Tucker,Talen Jalee,Tucker,T,T,T,T,T. Tucker,FENERBAHÇE BEKO,FBB,T. Tucker,8,,,,,,FT,missed,FENERBAHÇE BEKO T. TUCKER FT 2of2 missed,,,,,,,,,0,156,2.0,def_reb,0,68,0,49
04:18,04:18:00,68,49,19,1,3,REGULAR,0,,1,rebound,482,480,['team'],offensive,0,,,,,,,,,,,FENERBAHÇE BEKO,FBB,,,,,,,,TREB,,FENERBAHÇE BEKO team rebound offensive,,,,,,,,,0,157,1.0,def_reb,0,68,0,49
04:12,04:12:00,68,49,19,1,3,REGULAR,96,T. TUCKER,1,turnover,485,,[],outofbounds,0,8,Talen Jalee,Tucker,Talen Jalee,Tucker,T,T,T,T,T. Tucker,FENERBAHÇE BEKO,FBB,T. Tucker,8,,,,,,TO,,FENERBAHÇE BEKO T. TUCKER turnover outofbounds,,,,,,,,,0,158,2.0,turnover,0,68,0,49
03:56,03:56:00,68,51,17,2,3,REGULAR,78,K. BANKSTON,1,2pt,487,,"['fromturnover', 'pointsinthepaint']",alleyoopdunk,1,30,Kristeon Lamar,Bankston,Kristeon Lamar,Bankston,K,B,K,B,K. Bankston,TÜRK TELEKOM ,TTK,K. Bankston,30,,,6.4299998283386,48.979999542236,1.0,P2,made,TÜRK TELEKOM  K. BANKSTON 2Pt made,75.0,2.0,K. ALLMAN,,,,,,2,159,1.0,score,0,68,2,51
03:56,03:56:00,68,51,17,2,3,REGULAR,75,K. ALLMAN,1,assist,488,487,[],,0,1,Kyle Lindsay,Allman,Kyle Lindsay,Allman,K,A,K,A,K. Allman,TÜRK TELEKOM ,TTK,K. Allman,1,,,,,,ASS,,TÜRK TELEKOM  K. ALLMAN assist,,,,,,,,,0,160,2.0,,0,68,0,51
03:37,03:37:00,68,51,17,2,3,REGULAR,74,J. USHER,1,foul,492,,"['shooting', '2freethrow']",personal,0,8,Jordan Emanuel ,Usher,Jordan Emanuel ,Usher,J,U,J,U,J. Usher,TÜRK TELEKOM ,TTK,J. Usher,8,,,,,,FOUL,,TÜRK TELEKOM  J. USHER foul personal,,,,,,,,,0,160,2.0,,0,68,0,51
03:37,03:37:00,68,51,17,1,3,REGULAR,77,J. BIRSEN,1,foulon,493,492,[],,0,1,James Metecan,Birsen,James Metecan,Birsen,J,B,J,B,J. Birsen,FENERBAHÇE BEKO,FBB,J. Birsen,1,,,,,,OTHER,,FENERBAHÇE BEKO foulon,,,,,,,,,0,160,2.0,,0,68,0,51
03:37,03:37:00,69,51,18,1,3,REGULAR,77,J. BIRSEN,1,freethrow,494,,[],1of2,1,1,James Metecan,Birsen,James Metecan,Birsen,J,B,J,B,J. Birsen,FENERBAHÇE BEKO,FBB,J. Birsen,1,,,,,,FT,made,FENERBAHÇE BEKO J. BIRSEN FT 1of2 made,,,,,,,,,1,160,2.0,made_ft,1,69,0,51
03:37,03:37:00,70,51,19,1,3,REGULAR,77,J. BIRSEN,1,freethrow,495,,[],2of2,1,1,James Metecan,Birsen,James Metecan,Birsen,J,B,J,B,J. Birsen,FENERBAHÇE BEKO,FBB,J. Birsen,1,,,,,,FT,made,FENERBAHÇE BEKO J. BIRSEN FT 2of2 made,,,,,,,,,1,161,1.0,made_ft_last,1,70,0,51
03:25,03:25:00,70,51,19,1,3,REGULAR,91,K. BIRCH,1,foul,498,,"['shooting', '2freethrow']",personal,0,92,Khem,Birch,Khem,Birch,K,B,K,B,K. Birch,FENERBAHÇE BEKO,FBB,K. Birch,92,,,,,,FOUL,,FENERBAHÇE BEKO K. BIRCH foul personal,,,,,,,,,0,162,2.0,,0,70,0,51
03:25,03:25:00,70,51,19,2,3,REGULAR,74,J. USHER,1,foulon,499,498,[],,0,8,Jordan Emanuel ,Usher,Jordan Emanuel ,Usher,J,U,J,U,J. Usher,TÜRK TELEKOM ,TTK,J. Usher,8,,,,,,OTHER,,TÜRK TELEKOM  foulon,,,,,,,,,0,162,2.0,,0,70,0,51
03:25,03:25:00,70,52,18,2,3,REGULAR,74,J. USHER,1,freethrow,500,,[],1of2,1,8,Jordan Emanuel ,Usher,Jordan Emanuel ,Usher,J,U,J,U,J. Usher,TÜRK TELEKOM ,TTK,J. Usher,8,,,,,,FT,made,TÜRK TELEKOM  J. USHER FT 1of2 made,,,,,,,,,1,162,2.0,made_ft,0,70,1,52
03:25,03:25:00,70,53,17,2,3,REGULAR,74,J. USHER,1,freethrow,501,,[],2of2,1,8,Jordan Emanuel ,Usher,Jordan Emanuel ,Usher,J,U,J,U,J. Usher,TÜRK TELEKOM ,TTK,J. Usher,8,,,,,,FT,made,TÜRK TELEKOM  J. USHER FT 2of2 made,,,,,,,,,1,163,1.0,made_ft_last,0,70,1,53
03:06,03:06:00,70,53,17,1,3,REGULAR,96,T. TUCKER,1,turnover,503,,[],badpass,0,8,Talen Jalee,Tucker,Talen Jalee,Tucker,T,T,T,T,T. Tucker,FENERBAHÇE BEKO,FBB,T. Tucker,8,,,,,,TO,,FENERBAHÇE BEKO T. TUCKER turnover badpass,,,,,,,,,0,164,2.0,turnover,0,70,0,53
03:06,03:06:00,70,53,17,2,3,REGULAR,77,J. SMITH,1,steal,504,503,[],,0,9,Jaleen Devon,Smith,Jaleen Devon,Smith,J,S,J,S,J. Smith,TÜRK TELEKOM ,TTK,J. Smith,9,,,,,,ST,,TÜRK TELEKOM  J. SMITH steal,,,,,,,,,0,165,1.0,,0,70,0,53
03:00,03:00:00,70,53,17,2,3,REGULAR,78,K. BANKSTON,0,2pt,505,,"['fromturnover', 'pointsinthepaint', 'blocked']",layup,1,30,Kristeon Lamar,Bankston,Kristeon Lamar,Bankston,K,B,K,B,K. Bankston,TÜRK TELEKOM ,TTK,K. Bankston,30,,,10.800000190735,47.569999694824,0.0,P2,missed,TÜRK TELEKOM  K. BANKSTON 2Pt missed,,,,96.0,1.0,T. TUCKER,,,0,165,1.0,,0,70,0,53
03:00,03:00:00,70,53,17,1,3,REGULAR,96,T. TUCKER,1,block,506,505,[],,0,8,Talen Jalee,Tucker,Talen Jalee,Tucker,T,T,T,T,T. Tucker,FENERBAHÇE BEKO,FBB,T. Tucker,8,,,,,,BS,,FENERBAHÇE BEKO T. TUCKER block,,,,,,,,,0,165,1.0,,0,70,0,53
02:55,02:55:00,70,53,17,1,3,REGULAR,100,S. VILBEKIN,1,rebound,507,505,[],defensive,0,3,Scott Jordan,Vilbekin,Scott Jordan,Vilbekin,S,V,S,V,S. Vilbekin,FENERBAHÇE BEKO,FBB,S. Vilbekin,3,,,,,,REB,,FENERBAHÇE BEKO rebound defensive,,,,,,,,,0,165,1.0,def_reb,0,70,0,53
02:44,02:44:00,70,53,17,1,3,REGULAR,96,T. TUCKER,0,2pt,508,,[],turnaroundjumpshot,1,8,Talen Jalee,Tucker,Talen Jalee,Tucker,T,T,T,T,T. Tucker,FENERBAHÇE BEKO,FBB,T. Tucker,8,,,84.900001525879,69.040000915527,0.0,P2,missed,FENERBAHÇE BEKO T. TUCKER 2Pt missed,,,,,,,,,0,166,2.0,def_reb,0,70,0,53
02:40,02:40:00,70,53,17,2,3,REGULAR,78,K. BANKSTON,1,rebound,509,508,[],defensive,0,30,Kristeon Lamar,Bankston,Kristeon Lamar,Bankston,K,B,K,B,K. Bankston,TÜRK TELEKOM ,TTK,K. Bankston,30,,,,,,REB,,TÜRK TELEKOM  rebound defensive,,,,,,,,,0,167,1.0,def_reb,0,70,0,53
02:34,02:34:00,70,56,14,2,3,REGULAR,77,J. SMITH,1,3pt,510,,['fastbreak'],jumpshot,1,9,Jaleen Devon,Smith,Jaleen Devon,Smith,J,S,J,S,J. Smith,TÜRK TELEKOM ,TTK,J. Smith,9,,,17.969999313354,95.589996337891,1.0,P3,made,TÜRK TELEKOM  J. SMITH 3Pt made,75.0,2.0,K. ALLMAN,,,,,,3,168,2.0,score,0,70,3,56
02:34,02:34:00,70,56,14,2,3,REGULAR,75,K. ALLMAN,1,assist,511,510,[],,0,1,Kyle Lindsay,Allman,Kyle Lindsay,Allman,K,A,K,A,K. Allman,TÜRK TELEKOM ,TTK,K. Allman,1,,,,,,ASS,,TÜRK TELEKOM  K. ALLMAN assist,,,,,,,,,0,169,1.0,,0,70,0,56
02:09,02:09:00,70,56,14,1,3,REGULAR,76,M. MAHMUTOGLU,0,2pt,512,,[],jumpshot,1,10,Melih,Mahmutoglu,Melih,Mahmutoglu,M,M,M,M,M. Mahmutoglu,FENERBAHÇE BEKO,FBB,M. Mahmutoglu,10,,,75.690002441406,45.310001373291,0.0,P2,missed,FENERBAHÇE BEKO M. MAHMUTOGLU 2Pt missed,,,,,,,,,0,169,1.0,def_reb,0,70,0,56
02:06,02:06:00,70,56,14,2,3,REGULAR,78,K. BANKSTON,1,rebound,513,512,[],defensive,0,30,Kristeon Lamar,Bankston,Kristeon Lamar,Bankston,K,B,K,B,K. Bankston,TÜRK TELEKOM ,TTK,K. Bankston,30,,,,,,REB,,TÜRK TELEKOM  rebound defensive,,,,,,,,,0,170,2.0,def_reb,0,70,0,56
01:51,01:51:00,70,56,14,2,3,REGULAR,77,J. SMITH,1,turnover,514,,[],badpass,0,9,Jaleen Devon,Smith,Jaleen Devon,Smith,J,S,J,S,J. Smith,TÜRK TELEKOM ,TTK,J. Smith,9,,,,,,TO,,TÜRK TELEKOM  J. SMITH turnover badpass,,,,,,,,,0,171,1.0,turnover,0,70,0,56
01:51,01:51:00,70,56,14,1,3,REGULAR,91,K. BIRCH,1,steal,515,514,[],,0,92,Khem,Birch,Khem,Birch,K,B,K,B,K. Birch,FENERBAHÇE BEKO,FBB,K. Birch,92,,,,,,ST,,FENERBAHÇE BEKO K. BIRCH steal,,,,,,,,,0,172,2.0,,0,70,0,56
01:39,01:39:00,72,56,16,1,3,REGULAR,77,J. BIRSEN,1,2pt,516,,['fromturnover'],jumpshot,1,1,James Metecan,Birsen,James Metecan,Birsen,J,B,J,B,J. Birsen,FENERBAHÇE BEKO,FBB,J. Birsen,1,,,92.540000915527,28.079999923706,1.0,P2,made,FENERBAHÇE BEKO J. BIRSEN 2Pt made,,,,,,,,,2,172,2.0,score,2,72,0,56
01:15,01:15:00,72,56,16,2,3,REGULAR,8,Y. GÜLTEKIN,0,3pt,517,,[],jumpshot,1,19,Yavuz,Gültekin,Yavuz,Gültekin,Y,G,Y,G,Y. Gültekin,TÜRK TELEKOM ,TTK,Y. Gültekin,19,,,29.200000762939,11.689999580383,0.0,P3,missed,TÜRK TELEKOM  Y. GÜLTEKIN 3Pt missed,,,,,,,,,0,173,1.0,def_reb,0,72,0,56
01:12,01:12:00,72,56,16,1,3,REGULAR,91,K. BIRCH,1,rebound,518,517,[],defensive,0,92,Khem,Birch,Khem,Birch,K,B,K,B,K. Birch,FENERBAHÇE BEKO,FBB,K. Birch,92,,,,,,REB,,FENERBAHÇE BEKO rebound defensive,,,,,,,,,0,174,2.0,def_reb,0,72,0,56
01:00,01:00:00,75,56,19,1,3,REGULAR,96,T. TUCKER,1,3pt,519,,[],jumpshot,1,8,Talen Jalee,Tucker,Talen Jalee,Tucker,T,T,T,T,T. Tucker,FENERBAHÇE BEKO,FBB,T. Tucker,8,,,65.709999084473,64.519996643066,1.0,P3,made,FENERBAHÇE BEKO T. TUCKER 3Pt made,100.0,1.0,S. VILBEKIN,,,,,,3,175,1.0,score,3,75,0,56
01:00,01:00:00,75,56,19,1,3,REGULAR,100,S. VILBEKIN,1,assist,521,519,[],,0,3,Scott Jordan,Vilbekin,Scott Jordan,Vilbekin,S,V,S,V,S. Vilbekin,FENERBAHÇE BEKO,FBB,S. Vilbekin,3,,,,,,ASS,,FENERBAHÇE BEKO S. VILBEKIN assist,,,,,,,,,0,176,2.0,,0,75,0,56
00:58,00:58:70,75,56,19,2,3,REGULAR,0,,1,timeout,522,,[],full,0,,,,,,,,,,,TÜRK TELEKOM ,TTK,,,,,,,,TIMEOUT,,TÜRK TELEKOM  timeout,,,,,,,,,0,176,2.0,,0,75,0,56
00:58,00:58:70,75,56,19,2,3,REGULAR,8,Y. GÜLTEKIN,1,substitution,523,,[],out,0,19,Yavuz,Gültekin,Yavuz,Gültekin,Y,G,Y,G,Y. Gültekin,TÜRK TELEKOM ,TTK,Y. Gültekin,19,,,,,,SUB,out,TÜRK TELEKOM  substitution out,,,,,,,,,0,176,2.0,,0,75,0,56
00:58,00:58:70,75,56,19,2,3,REGULAR,7,B. DURMAZ,1,substitution,524,,[],in,0,3,Berkan,Durmaz,Berkan,Durmaz,B,D,B,D,B. Durmaz,TÜRK TELEKOM ,TTK,B. Durmaz,3,,,,,,SUB,in,TÜRK TELEKOM  substitution in,,,,,,,,,0,176,2.0,,0,75,0,56
00:40,00:40:30,75,56,19,2,3,REGULAR,77,J. SMITH,0,2pt,528,,['pointsinthepaint'],floatingjumpshot,1,9,Jaleen Devon,Smith,Jaleen Devon,Smith,J,S,J,S,J. Smith,TÜRK TELEKOM ,TTK,J. Smith,9,,,13.289999961853,49.270000457764,0.0,P2,missed,TÜRK TELEKOM  J. SMITH 2Pt missed,,,,,,,,,0,176,2.0,def_reb,0,75,0,56
00:37,00:37:20,75,56,19,1,3,REGULAR,76,M. MAHMUTOGLU,1,rebound,529,528,[],defensive,0,10,Melih,Mahmutoglu,Melih,Mahmutoglu,M,M,M,M,M. Mahmutoglu,FENERBAHÇE BEKO,FBB,M. Mahmutoglu,10,,,,,,REB,,FENERBAHÇE BEKO rebound defensive,,,,,,,,,0,177,1.0,def_reb,0,75,0,56
00:25,00:25:90,77,56,21,1,3,REGULAR,96,T. TUCKER,1,2pt,530,,['pointsinthepaint'],reverselayup,1,8,Talen Jalee,Tucker,Talen Jalee,Tucker,T,T,T,T,T. Tucker,FENERBAHÇE BEKO,FBB,T. Tucker,8,,,94.410003662109,43.900001525879,1.0,P2,made,FENERBAHÇE BEKO T. TUCKER 2Pt made,,,,,,,,,2,178,2.0,score,2,77,0,56
00:05,00:05:50,77,58,19,2,3,REGULAR,78,K. BANKSTON,1,2pt,531,,['pointsinthepaint'],layup,1,30,Kristeon Lamar,Bankston,Kristeon Lamar,Bankston,K,B,K,B,K. Bankston,TÜRK TELEKOM ,TTK,K. Bankston,30,,,9.8599996566772,46.159999847412,1.0,P2,made,TÜRK TELEKOM  K. BANKSTON 2Pt made,75.0,2.0,K. ALLMAN,,,,,,2,179,1.0,score,0,77,2,58
00:05,00:05:50,77,58,19,2,3,REGULAR,75,K. ALLMAN,1,assist,532,531,[],,0,1,Kyle Lindsay,Allman,Kyle Lindsay,Allman,K,A,K,A,K. Allman,TÜRK TELEKOM ,TTK,K. Allman,1,,,,,,ASS,,TÜRK TELEKOM  K. ALLMAN assist,,,,,,,,,0,180,2.0,,0,77,0,58
00:01,00:01:50,77,58,19,1,3,REGULAR,96,T. TUCKER,0,3pt,534,,[],jumpshot,1,8,Talen Jalee,Tucker,Talen Jalee,Tucker,T,T,T,T,T. Tucker,FENERBAHÇE BEKO,FBB,T. Tucker,8,,,54.630001068115,58.020000457764,0.0,P3,missed,FENERBAHÇE BEKO T. TUCKER 3Pt missed,,,,,,,,,0,180,2.0,,0,77,0,58
00:00,00:00:00,77,58,19,0,3,REGULAR,0,,1,period,537,,['confirmed'],end,0,,,,,,,,,,,,,,,,,,,,OTHER,,period end,,,,,,,,,0,180,2.0,,0,77,0,58
10:00,10:00:00,77,58,19,1,4,REGULAR,77,J. BIRSEN,1,substitution,538,,[],out,0,1,James Metecan,Birsen,James Metecan,Birsen,J,B,J,B,J. Birsen,FENERBAHÇE BEKO,FBB,J. Birsen,1,,,,,,SUB,out,FENERBAHÇE BEKO substitution out,,,,,,,,,0,180,2.0,,0,77,0,58
10:00,10:00:00,77,58,19,1,4,REGULAR,100,S. VILBEKIN,1,substitution,539,,[],out,0,3,Scott Jordan,Vilbekin,Scott Jordan,Vilbekin,S,V,S,V,S. Vilbekin,FENERBAHÇE BEKO,FBB,S. Vilbekin,3,,,,,,SUB,out,FENERBAHÇE BEKO substitution out,,,,,,,,,0,180,2.0,,0,77,0,58
10:00,10:00:00,77,58,19,1,4,REGULAR,96,T. TUCKER,1,substitution,540,,[],out,0,8,Talen Jalee,Tucker,Talen Jalee,Tucker,T,T,T,T,T. Tucker,FENERBAHÇE BEKO,FBB,T. Tucker,8,,,,,,SUB,out,FENERBAHÇE BEKO substitution out,,,,,,,,,0,180,2.0,,0,77,0,58
10:00,10:00:00,77,58,19,1,4,REGULAR,76,M. MAHMUTOGLU,1,substitution,541,,[],out,0,10,Melih,Mahmutoglu,Melih,Mahmutoglu,M,M,M,M,M. Mahmutoglu,FENERBAHÇE BEKO,FBB,M. Mahmutoglu,10,,,,,,SUB,out,FENERBAHÇE BEKO substitution out,,,,,,,,,0,180,2.0,,0,77,0,58
10:00,10:00:00,77,58,19,1,4,REGULAR,91,K. BIRCH,1,substitution,542,,[],out,0,92,Khem,Birch,Khem,Birch,K,B,K,B,K. Birch,FENERBAHÇE BEKO,FBB,K. Birch,92,,,,,,SUB,out,FENERBAHÇE BEKO substitution out,,,,,,,,,0,180,2.0,,0,77,0,58
10:00,10:00:00,77,58,19,1,4,REGULAR,92,N. MELLI,1,substitution,543,,[],in,0,4,Nicolo,Melli,Nicolo,Melli,N,M,N,M,N. Melli,FENERBAHÇE BEKO,FBB,N. Melli,4,,,,,,SUB,in,FENERBAHÇE BEKO substitution in,,,,,,,,,0,180,2.0,,0,77,0,58
10:00,10:00:00,77,58,19,1,4,REGULAR,79,T. BIBEROVIÇ,1,substitution,544,,[],in,0,13,Tarik,Biberoviç,Tarik,Biberoviç,T,B,T,B,T. Biberoviç,FENERBAHÇE BEKO,FBB,T. Biberoviç,13,,,,,,SUB,in,FENERBAHÇE BEKO substitution in,,,,,,,,,0,180,2.0,,0,77,0,58
10:00,10:00:00,77,58,19,1,4,REGULAR,89,O. BITIM,1,substitution,545,,[],in,0,17,Onuralp,Bitim,Onuralp,Bitim,O,B,O,B,O. Bitim,FENERBAHÇE BEKO,FBB,O. Bitim,17,,,,,,SUB,in,FENERBAHÇE BEKO substitution in,,,,,,,,,0,180,2.0,,0,77,0,58
10:00,10:00:00,77,58,19,1,4,REGULAR,98,M. JANTUNEN,1,substitution,546,,[],in,0,18,Mikael Olli Axel,Jantunen,Mikael Olli Axel,Jantunen,M,J,M,J,M. Jantunen,FENERBAHÇE BEKO,FBB,M. Jantunen,18,,,,,,SUB,in,FENERBAHÇE BEKO substitution in,,,,,,,,,0,180,2.0,,0,77,0,58
10:00,10:00:00,77,58,19,1,4,REGULAR,95,D. HALL,1,substitution,547,,[],in,0,20,Devon Howard,Hall,Devon Howard,Hall,D,H,D,H,D. Hall,FENERBAHÇE BEKO,FBB,D. Hall,20,,,,,,SUB,in,FENERBAHÇE BEKO substitution in,,,,,,,,,0,180,2.0,,0,77,0,58
10:00,10:00:00,77,58,19,2,4,REGULAR,7,B. DURMAZ,1,substitution,548,,[],out,0,3,Berkan,Durmaz,Berkan,Durmaz,B,D,B,D,B. Durmaz,TÜRK TELEKOM ,TTK,B. Durmaz,3,,,,,,SUB,out,TÜRK TELEKOM  substitution out,,,,,,,,,0,180,2.0,,0,77,0,58
10:00,10:00:00,77,58,19,2,4,REGULAR,77,J. SMITH,1,substitution,549,,[],out,0,9,Jaleen Devon,Smith,Jaleen Devon,Smith,J,S,J,S,J. Smith,TÜRK TELEKOM ,TTK,J. Smith,9,,,,,,SUB,out,TÜRK TELEKOM  substitution out,,,,,,,,,0,180,2.0,,0,77,0,58
10:00,10:00:00,77,58,19,2,4,REGULAR,76,M. SIMONOVIC,1,substitution,550,,[],in,0,11,Marko,Simonovic,Marko,Simonovic,M,S,M,S,M. Simonovic,TÜRK TELEKOM ,TTK,M. Simonovic,11,,,,,,SUB,in,TÜRK TELEKOM  substitution in,,,,,,,,,0,180,2.0,,0,77,0,58
10:00,10:00:00,77,58,19,2,4,REGULAR,5,D. ÖZDEMIROGLU,1,substitution,551,,[],in,0,18,Dogus,Özdemiroglu,Dogus,Özdemiroglu,D,Ö,D,Ö,D. Özdemiroglu,TÜRK TELEKOM ,TTK,D. Özdemiroglu,18,,,,,,SUB,in,TÜRK TELEKOM  substitution in,,,,,,,,,0,180,2.0,,0,77,0,58
10:00,10:00:00,77,58,19,0,4,REGULAR,0,,1,period,552,,[],start,0,,,,,,,,,,,,,,,,,,,,OTHER,,period start,,,,,,,,,0,180,2.0,,0,77,0,58
09:44,09:44:00,77,58,19,1,4,REGULAR,92,N. MELLI,1,foul,555,,"['shooting', '2freethrow']",personal,0,4,Nicolo,Melli,Nicolo,Melli,N,M,N,M,N. Melli,FENERBAHÇE BEKO,FBB,N. Melli,4,,,,,,FOUL,,FENERBAHÇE BEKO N. MELLI foul personal,,,,,,,,,0,180,2.0,,0,77,0,58
09:44,09:44:00,77,58,19,2,4,REGULAR,75,K. ALLMAN,1,foulon,556,555,[],,0,1,Kyle Lindsay,Allman,Kyle Lindsay,Allman,K,A,K,A,K. Allman,TÜRK TELEKOM ,TTK,K. Allman,1,,,,,,OTHER,,TÜRK TELEKOM  foulon,,,,,,,,,0,180,2.0,,0,77,0,58
09:44,09:44:00,77,59,18,2,4,REGULAR,75,K. ALLMAN,1,freethrow,557,,[],1of2,1,1,Kyle Lindsay,Allman,Kyle Lindsay,Allman,K,A,K,A,K. Allman,TÜRK TELEKOM ,TTK,K. Allman,1,,,,,,FT,made,TÜRK TELEKOM  K. ALLMAN FT 1of2 made,,,,,,,,,1,180,2.0,made_ft,0,77,1,59
09:44,09:44:00,77,60,17,2,4,REGULAR,75,K. ALLMAN,1,freethrow,558,,[],2of2,1,1,Kyle Lindsay,Allman,Kyle Lindsay,Allman,K,A,K,A,K. Allman,TÜRK TELEKOM ,TTK,K. Allman,1,,,,,,FT,made,TÜRK TELEKOM  K. ALLMAN FT 2of2 made,,,,,,,,,1,181,1.0,made_ft_last,0,77,1,60
09:28,09:28:00,77,60,17,1,4,REGULAR,79,T. BIBEROVIÇ,0,3pt,562,,[],jumpshot,1,13,Tarik,Biberoviç,Tarik,Biberoviç,T,B,T,B,T. Biberoviç,FENERBAHÇE BEKO,FBB,T. Biberoviç,13,,,65.709999084473,70.169998168945,0.0,P3,missed,FENERBAHÇE BEKO T. BIBEROVIÇ 3Pt missed,,,,,,,,,0,182,2.0,def_reb,0,77,0,60
09:26,09:26:00,77,60,17,2,4,REGULAR,76,M. SIMONOVIC,1,rebound,563,562,[],defensive,0,11,Marko,Simonovic,Marko,Simonovic,M,S,M,S,M. Simonovic,TÜRK TELEKOM ,TTK,M. Simonovic,11,,,,,,REB,,TÜRK TELEKOM  rebound defensive,,,,,,,,,0,183,1.0,def_reb,0,77,0,60
09:21,09:21:00,77,60,17,2,4,REGULAR,74,J. USHER,0,2pt,564,,['pointsinthepaint'],layup,1,8,Jordan Emanuel ,Usher,Jordan Emanuel ,Usher,J,U,J,U,J. Usher,TÜRK TELEKOM ,TTK,J. Usher,8,,,9.3900003433228,52.090000152588,0.0,P2,missed,TÜRK TELEKOM  J. USHER 2Pt missed,,,,,,,,,0,184,2.0,def_reb,0,77,0,60
09:18,09:18:00,77,60,17,1,4,REGULAR,79,T. BIBEROVIÇ,1,rebound,565,564,[],defensive,0,13,Tarik,Biberoviç,Tarik,Biberoviç,T,B,T,B,T. Biberoviç,FENERBAHÇE BEKO,FBB,T. Biberoviç,13,,,,,,REB,,FENERBAHÇE BEKO rebound defensive,,,,,,,,,0,185,1.0,def_reb,0,77,0,60
09:03,09:03:00,77,60,17,1,4,REGULAR,89,O. BITIM,0,2pt,566,,['pointsinthepaint'],jumpshot,1,17,Onuralp,Bitim,Onuralp,Bitim,O,B,O,B,O. Bitim,FENERBAHÇE BEKO,FBB,O. Bitim,17,,,84.73999786377,60.560001373291,0.0,P2,missed,FENERBAHÇE BEKO O. BITIM 2Pt missed,,,,,,,,,0,186,2.0,,0,77,0,60
09:01,09:01:00,77,60,17,1,4,REGULAR,92,N. MELLI,1,rebound,567,566,[],offensive,0,4,Nicolo,Melli,Nicolo,Melli,N,M,N,M,N. Melli,FENERBAHÇE BEKO,FBB,N. Melli,4,,,,,,REB,,FENERBAHÇE BEKO rebound offensive,,,,,,,,,0,186,2.0,,0,77,0,60
09:00,09:00:00,80,60,20,1,4,REGULAR,79,T. BIBEROVIÇ,1,3pt,569,,['2ndchance'],jumpshot,1,13,Tarik,Biberoviç,Tarik,Biberoviç,T,B,T,B,T. Biberoviç,FENERBAHÇE BEKO,FBB,T. Biberoviç,13,,,83.809997558594,95.589996337891,1.0,P3,made,FENERBAHÇE BEKO T. BIBEROVIÇ 3Pt made,92.0,1.0,N. MELLI,,,,,,3,186,2.0,score,3,80,0,60
09:00,09:00:00,80,60,20,1,4,REGULAR,92,N. MELLI,1,assist,570,569,[],,0,4,Nicolo,Melli,Nicolo,Melli,N,M,N,M,N. Melli,FENERBAHÇE BEKO,FBB,N. Melli,4,,,,,,ASS,,FENERBAHÇE BEKO N. MELLI assist,,,,,,,,,0,187,1.0,,0,80,0,60
08:43,08:43:00,80,60,20,2,4,REGULAR,5,D. ÖZDEMIROGLU,0,2pt,572,,['pointsinthepaint'],layup,1,18,Dogus,Özdemiroglu,Dogus,Özdemiroglu,D,Ö,D,Ö,D. Özdemiroglu,TÜRK TELEKOM ,TTK,D. Özdemiroglu,18,,,12.670000076294,47.569999694824,0.0,P2,missed,TÜRK TELEKOM  D. ÖZDEMIROGLU 2Pt missed,,,,,,,,,0,187,1.0,def_reb,0,80,0,60
08:40,08:40:00,80,60,20,1,4,REGULAR,92,N. MELLI,1,rebound,573,572,[],defensive,0,4,Nicolo,Melli,Nicolo,Melli,N,M,N,M,N. Melli,FENERBAHÇE BEKO,FBB,N. Melli,4,,,,,,REB,,FENERBAHÇE BEKO rebound defensive,,,,,,,,,0,188,2.0,def_reb,0,80,0,60
08:28,08:28:00,80,60,20,1,4,REGULAR,98,M. JANTUNEN,0,3pt,575,,[],jumpshot,1,18,Mikael Olli Axel,Jantunen,Mikael Olli Axel,Jantunen,M,J,M,J,M. Jantunen,FENERBAHÇE BEKO,FBB,M. Jantunen,18,,,81.309997558594,4.0700001716614,0.0,P3,missed,FENERBAHÇE BEKO M. JANTUNEN 3Pt missed,,,,,,,,,0,189,1.0,def_reb,0,80,0,60
08:28,08:28:00,80,60,20,2,4,REGULAR,0,,1,rebound,576,575,['team'],defensive,0,,,,,,,,,,,TÜRK TELEKOM ,TTK,,,,,,,,TREB,,TÜRK TELEKOM  team rebound defensive,,,,,,,,,0,190,2.0,def_reb,0,80,0,60
08:14,08:14:00,80,62,18,2,4,REGULAR,75,K. ALLMAN,1,2pt,578,,[],jumpshot,1,1,Kyle Lindsay,Allman,Kyle Lindsay,Allman,K,A,K,A,K. Allman,TÜRK TELEKOM ,TTK,K. Allman,1,,,22.809999465942,28.930000305176,1.0,P2,made,TÜRK TELEKOM  K. ALLMAN 2Pt made,,,,,,,,,2,191,1.0,score,0,80,2,62
07:52,07:52:00,82,62,20,1,4,REGULAR,89,O. BITIM,1,2pt,579,,['pointsinthepaint'],drivinglayup,1,17,Onuralp,Bitim,Onuralp,Bitim,O,B,O,B,O. Bitim,FENERBAHÇE BEKO,FBB,O. Bitim,17,,,91.610000610352,42.200000762939,1.0,P2,made,FENERBAHÇE BEKO O. BITIM 2Pt made,95.0,1.0,D. HALL,,,,,,2,192,2.0,score,2,82,0,62
07:52,07:52:00,82,62,20,1,4,REGULAR,95,D. HALL,1,assist,580,579,[],,0,20,Devon Howard,Hall,Devon Howard,Hall,D,H,D,H,D. Hall,FENERBAHÇE BEKO,FBB,D. Hall,20,,,,,,ASS,,FENERBAHÇE BEKO D. HALL assist,,,,,,,,,0,193,1.0,,0,82,0,62
07:31,07:31:00,82,64,18,2,4,REGULAR,5,D. ÖZDEMIROGLU,1,2pt,581,,['pointsinthepaint'],drivinglayup,1,18,Dogus,Özdemiroglu,Dogus,Özdemiroglu,D,Ö,D,Ö,D. Özdemiroglu,TÜRK TELEKOM ,TTK,D. Özdemiroglu,18,,,6.2699999809265,57.180000305176,1.0,P2,made,TÜRK TELEKOM  D. ÖZDEMIROGLU 2Pt made,,,,,,,,,2,193,1.0,score,0,82,2,64
07:14,07:14:00,82,64,18,1,4,REGULAR,95,D. HALL,0,3pt,582,,[],jumpshot,1,20,Devon Howard,Hall,Devon Howard,Hall,D,H,D,H,D. Hall,FENERBAHÇE BEKO,FBB,D. Hall,20,,,67.580001831055,80.900001525879,0.0,P3,missed,FENERBAHÇE BEKO D. HALL 3Pt missed,,,,,,,,,0,194,2.0,def_reb,0,82,0,64
07:11,07:11:00,82,64,18,2,4,REGULAR,78,K. BANKSTON,1,rebound,583,582,[],defensive,0,30,Kristeon Lamar,Bankston,Kristeon Lamar,Bankston,K,B,K,B,K. Bankston,TÜRK TELEKOM ,TTK,K. Bankston,30,,,,,,REB,,TÜRK TELEKOM  rebound defensive,,,,,,,,,0,195,1.0,def_reb,0,82,0,64
07:07,07:07:00,82,66,16,2,4,REGULAR,74,J. USHER,1,2pt,584,,"['pointsinthepaint', 'fastbreak']",eurostep,1,8,Jordan Emanuel ,Usher,Jordan Emanuel ,Usher,J,U,J,U,J. Usher,TÜRK TELEKOM ,TTK,J. Usher,8,,,9.3900003433228,45.310001373291,1.0,P2,made,TÜRK TELEKOM  J. USHER 2Pt made,,,,,,,,,2,196,2.0,score,0,82,2,66
06:41,06:41:00,82,66,16,1,4,REGULAR,95,D. HALL,0,3pt,585,,[],jumpshot,1,20,Devon Howard,Hall,Devon Howard,Hall,D,H,D,H,D. Hall,FENERBAHÇE BEKO,FBB,D. Hall,20,,,70.080001831055,18.760000228882,0.0,P3,missed,FENERBAHÇE BEKO D. HALL 3Pt missed,,,,,,,,,0,197,1.0,def_reb,0,82,0,66
06:39,06:39:00,82,66,16,2,4,REGULAR,74,J. USHER,1,rebound,586,585,[],defensive,0,8,Jordan Emanuel ,Usher,Jordan Emanuel ,Usher,J,U,J,U,J. Usher,TÜRK TELEKOM ,TTK,J. Usher,8,,,,,,REB,,TÜRK TELEKOM  rebound defensive,,,,,,,,,0,198,2.0,def_reb,0,82,0,66
06:37,06:37:00,82,66,16,2,4,REGULAR,74,J. USHER,1,turnover,588,,[],badpass,0,8,Jordan Emanuel ,Usher,Jordan Emanuel ,Usher,J,U,J,U,J. Usher,TÜRK TELEKOM ,TTK,J. Usher,8,,,,,,TO,,TÜRK TELEKOM  J. USHER turnover badpass,,,,,,,,,0,199,1.0,turnover,0,82,0,66
06:37,06:37:00,82,66,16,1,4,REGULAR,0,,1,timeout,589,,[],full,0,,,,,,,,,,,FENERBAHÇE BEKO,FBB,,,,,,,,TIMEOUT,,FENERBAHÇE BEKO timeout,,,,,,,,,0,200,2.0,,0,82,0,66
06:37,06:37:00,82,66,16,1,4,REGULAR,79,T. BIBEROVIÇ,1,substitution,590,,[],out,0,13,Tarik,Biberoviç,Tarik,Biberoviç,T,B,T,B,T. Biberoviç,FENERBAHÇE BEKO,FBB,T. Biberoviç,13,,,,,,SUB,out,FENERBAHÇE BEKO substitution out,,,,,,,,,0,200,2.0,,0,82,0,66
06:37,06:37:00,82,66,16,1,4,REGULAR,78,M. EKSIOGLU,1,substitution,591,,[],in,0,5,Mert Emre,Eksioglu,Mert Emre,Eksioglu,M,E,M,E,M. Eksioglu,FENERBAHÇE BEKO,FBB,M. Eksioglu,5,,,,,,SUB,in,FENERBAHÇE BEKO substitution in,,,,,,,,,0,200,2.0,,0,82,0,66
06:30,06:30:00,82,66,16,1,4,REGULAR,95,D. HALL,1,turnover,594,,[],ballhandling,0,20,Devon Howard,Hall,Devon Howard,Hall,D,H,D,H,D. Hall,FENERBAHÇE BEKO,FBB,D. Hall,20,,,,,,TO,,FENERBAHÇE BEKO D. HALL turnover ballhandling,,,,,,,,,0,200,2.0,turnover,0,82,0,66
06:30,06:30:00,82,66,16,2,4,REGULAR,5,D. ÖZDEMIROGLU,1,turnover,595,,[],badpass,0,18,Dogus,Özdemiroglu,Dogus,Özdemiroglu,D,Ö,D,Ö,D. Özdemiroglu,TÜRK TELEKOM ,TTK,D. Özdemiroglu,18,,,,,,TO,,TÜRK TELEKOM  D. ÖZDEMIROGLU turnover badpass,,,,,,,,,0,201,1.0,turnover,0,82,0,66
06:30,06:30:00,82,66,16,1,4,REGULAR,95,D. HALL,1,steal,596,595,[],,0,20,Devon Howard,Hall,Devon Howard,Hall,D,H,D,H,D. Hall,FENERBAHÇE BEKO,FBB,D. Hall,20,,,,,,ST,,FENERBAHÇE BEKO D. HALL steal,,,,,,,,,0,202,2.0,,0,82,0,66
06:30,06:30:00,82,66,16,1,4,REGULAR,98,M. JANTUNEN,0,3pt,597,,['fromturnover'],jumpshot,1,18,Mikael Olli Axel,Jantunen,Mikael Olli Axel,Jantunen,M,J,M,J,M. Jantunen,FENERBAHÇE BEKO,FBB,M. Jantunen,18,,,76.940002441406,6.3299999237061,0.0,P3,missed,FENERBAHÇE BEKO M. JANTUNEN 3Pt missed,,,,,,,,,0,202,2.0,,0,82,0,66
06:30,06:30:00,82,66,16,1,4,REGULAR,89,O. BITIM,1,rebound,598,597,[],offensive,0,17,Onuralp,Bitim,Onuralp,Bitim,O,B,O,B,O. Bitim,FENERBAHÇE BEKO,FBB,O. Bitim,17,,,,,,REB,,FENERBAHÇE BEKO rebound offensive,,,,,,,,,0,202,2.0,,0,82,0,66
06:30,06:30:00,82,66,16,1,4,REGULAR,78,M. EKSIOGLU,0,2pt,599,,"['2ndchance', 'fromturnover', 'pointsinthepaint']",layup,1,5,Mert Emre,Eksioglu,Mert Emre,Eksioglu,M,E,M,E,M. Eksioglu,FENERBAHÇE BEKO,FBB,M. Eksioglu,5,,,92.069999694824,53.5,0.0,P2,missed,FENERBAHÇE BEKO M. EKSIOGLU 2Pt missed,,,,,,,,,0,202,2.0,def_reb,0,82,0,66
06:30,06:30:00,82,66,16,2,4,REGULAR,78,K. BANKSTON,1,rebound,600,599,[],defensive,0,30,Kristeon Lamar,Bankston,Kristeon Lamar,Bankston,K,B,K,B,K. Bankston,TÜRK TELEKOM ,TTK,K. Bankston,30,,,,,,REB,,TÜRK TELEKOM  rebound defensive,,,,,,,,,0,203,1.0,def_reb,0,82,0,66
06:23,06:23:00,82,66,16,2,4,REGULAR,74,J. USHER,0,2pt,602,,['pointsinthepaint'],layup,1,8,Jordan Emanuel ,Usher,Jordan Emanuel ,Usher,J,U,J,U,J. Usher,TÜRK TELEKOM ,TTK,J. Usher,8,,,11.420000076294,50.680000305176,0.0,P2,missed,TÜRK TELEKOM  J. USHER 2Pt missed,,,,,,,,,0,204,2.0,def_reb,0,82,0,66
06:20,06:20:00,82,66,16,1,4,REGULAR,98,M. JANTUNEN,1,rebound,603,602,[],defensive,0,18,Mikael Olli Axel,Jantunen,Mikael Olli Axel,Jantunen,M,J,M,J,M. Jantunen,FENERBAHÇE BEKO,FBB,M. Jantunen,18,,,,,,REB,,FENERBAHÇE BEKO rebound defensive,,,,,,,,,0,205,1.0,def_reb,0,82,0,66
06:08,06:08:00,82,66,16,1,4,REGULAR,78,M. EKSIOGLU,1,turnover,604,,[],badpass,0,5,Mert Emre,Eksioglu,Mert Emre,Eksioglu,M,E,M,E,M. Eksioglu,FENERBAHÇE BEKO,FBB,M. Eksioglu,5,,,,,,TO,,FENERBAHÇE BEKO M. EKSIOGLU turnover badpass,,,,,,,,,0,206,2.0,turnover,0,82,0,66
06:08,06:08:00,82,66,16,2,4,REGULAR,74,J. USHER,1,steal,605,604,[],,0,8,Jordan Emanuel ,Usher,Jordan Emanuel ,Usher,J,U,J,U,J. Usher,TÜRK TELEKOM ,TTK,J. Usher,8,,,,,,ST,,TÜRK TELEKOM  J. USHER steal,,,,,,,,,0,207,1.0,,0,82,0,66
06:02,06:02:00,82,68,14,2,4,REGULAR,74,J. USHER,1,2pt,606,,"['fromturnover', 'pointsinthepaint', 'fastbreak']",layup,1,8,Jordan Emanuel ,Usher,Jordan Emanuel ,Usher,J,U,J,U,J. Usher,TÜRK TELEKOM ,TTK,J. Usher,8,,,8.3000001907349,54.630001068115,1.0,P2,made,TÜRK TELEKOM  J. USHER 2Pt made,,,,,,,,,2,207,1.0,score,0,82,2,68
05:35,05:35:00,82,68,14,1,4,REGULAR,89,O. BITIM,0,3pt,607,,[],jumpshot,1,17,Onuralp,Bitim,Onuralp,Bitim,O,B,O,B,O. Bitim,FENERBAHÇE BEKO,FBB,O. Bitim,17,,,73.819999694824,10.279999732971,0.0,P3,missed,FENERBAHÇE BEKO O. BITIM 3Pt missed,,,,,,,,,0,208,2.0,,0,82,0,68
05:32,05:32:00,82,68,14,1,4,REGULAR,78,M. EKSIOGLU,1,rebound,608,607,[],offensive,0,5,Mert Emre,Eksioglu,Mert Emre,Eksioglu,M,E,M,E,M. Eksioglu,FENERBAHÇE BEKO,FBB,M. Eksioglu,5,,,,,,REB,,FENERBAHÇE BEKO rebound offensive,,,,,,,,,0,208,2.0,,0,82,0,68
05:22,05:22:00,85,68,17,1,4,REGULAR,92,N. MELLI,1,3pt,610,,['2ndchance'],jumpshot,1,4,Nicolo,Melli,Nicolo,Melli,N,M,N,M,N. Melli,FENERBAHÇE BEKO,FBB,N. Melli,4,,,85.680000305176,3.789999961853,1.0,P3,made,FENERBAHÇE BEKO N. MELLI 3Pt made,95.0,1.0,D. HALL,,,,,,3,208,2.0,score,3,85,0,68
05:22,05:22:00,85,68,17,1,4,REGULAR,95,D. HALL,1,assist,611,610,[],,0,20,Devon Howard,Hall,Devon Howard,Hall,D,H,D,H,D. Hall,FENERBAHÇE BEKO,FBB,D. Hall,20,,,,,,ASS,,FENERBAHÇE BEKO D. HALL assist,,,,,,,,,0,209,1.0,,0,85,0,68
05:21,05:21:00,85,68,17,2,4,REGULAR,0,,1,timeout,612,,[],full,0,,,,,,,,,,,TÜRK TELEKOM ,TTK,,,,,,,,TIMEOUT,,TÜRK TELEKOM  timeout,,,,,,,,,0,209,1.0,,0,85,0,68
05:21,05:21:00,85,68,17,1,4,REGULAR,78,M. EKSIOGLU,1,substitution,613,,[],out,0,5,Mert Emre,Eksioglu,Mert Emre,Eksioglu,M,E,M,E,M. Eksioglu,FENERBAHÇE BEKO,FBB,M. Eksioglu,5,,,,,,SUB,out,FENERBAHÇE BEKO substitution out,,,,,,,,,0,209,1.0,,0,85,0,68
05:21,05:21:00,85,68,17,1,4,REGULAR,98,M. JANTUNEN,1,substitution,614,,[],out,0,18,Mikael Olli Axel,Jantunen,Mikael Olli Axel,Jantunen,M,J,M,J,M. Jantunen,FENERBAHÇE BEKO,FBB,M. Jantunen,18,,,,,,SUB,out,FENERBAHÇE BEKO substitution out,,,,,,,,,0,209,1.0,,0,85,0,68
05:21,05:21:00,85,68,17,1,4,REGULAR,95,D. HALL,1,substitution,615,,[],out,0,20,Devon Howard,Hall,Devon Howard,Hall,D,H,D,H,D. Hall,FENERBAHÇE BEKO,FBB,D. Hall,20,,,,,,SUB,out,FENERBAHÇE BEKO substitution out,,,,,,,,,0,209,1.0,,0,85,0,68
05:21,05:21:00,85,68,17,1,4,REGULAR,77,J. BIRSEN,1,substitution,616,,[],in,0,1,James Metecan,Birsen,James Metecan,Birsen,J,B,J,B,J. Birsen,FENERBAHÇE BEKO,FBB,J. Birsen,1,,,,,,SUB,in,FENERBAHÇE BEKO substitution in,,,,,,,,,0,209,1.0,,0,85,0,68
05:21,05:21:00,85,68,17,1,4,REGULAR,100,S. VILBEKIN,1,substitution,617,,[],in,0,3,Scott Jordan,Vilbekin,Scott Jordan,Vilbekin,S,V,S,V,S. Vilbekin,FENERBAHÇE BEKO,FBB,S. Vilbekin,3,,,,,,SUB,in,FENERBAHÇE BEKO substitution in,,,,,,,,,0,209,1.0,,0,85,0,68
05:21,05:21:00,85,68,17,1,4,REGULAR,79,T. BIBEROVIÇ,1,substitution,618,,[],in,0,13,Tarik,Biberoviç,Tarik,Biberoviç,T,B,T,B,T. Biberoviç,FENERBAHÇE BEKO,FBB,T. Biberoviç,13,,,,,,SUB,in,FENERBAHÇE BEKO substitution in,,,,,,,,,0,209,1.0,,0,85,0,68
05:21,05:21:00,85,68,17,2,4,REGULAR,76,M. SIMONOVIC,1,substitution,619,,[],out,0,11,Marko,Simonovic,Marko,Simonovic,M,S,M,S,M. Simonovic,TÜRK TELEKOM ,TTK,M. Simonovic,11,,,,,,SUB,out,TÜRK TELEKOM  substitution out,,,,,,,,,0,209,1.0,,0,85,0,68
05:21,05:21:00,85,68,17,2,4,REGULAR,87,K. ALEXANDER,1,substitution,620,,[],in,0,7,Kyle John Solomon,Alexander,Kyle John Solomon,Alexander,K,A,K,A,K. Alexander,TÜRK TELEKOM ,TTK,K. Alexander,7,,,,,,SUB,in,TÜRK TELEKOM  substitution in,,,,,,,,,0,209,1.0,,0,85,0,68
05:05,05:05:00,85,70,15,2,4,REGULAR,87,K. ALEXANDER,1,2pt,622,,['pointsinthepaint'],layup,1,7,Kyle John Solomon,Alexander,Kyle John Solomon,Alexander,K,A,K,A,K. Alexander,TÜRK TELEKOM ,TTK,K. Alexander,7,,,7.6799998283386,46.439998626709,1.0,P2,made,TÜRK TELEKOM  K. ALEXANDER 2Pt made,5.0,2.0,D. ÖZDEMIROGLU,,,,,,2,209,1.0,score,0,85,2,70
05:05,05:05:00,85,70,15,2,4,REGULAR,5,D. ÖZDEMIROGLU,1,assist,623,622,[],,0,18,Dogus,Özdemiroglu,Dogus,Özdemiroglu,D,Ö,D,Ö,D. Özdemiroglu,TÜRK TELEKOM ,TTK,D. Özdemiroglu,18,,,,,,ASS,,TÜRK TELEKOM  D. ÖZDEMIROGLU assist,,,,,,,,,0,210,2.0,,0,85,0,70
04:43,04:43:00,85,70,15,1,4,REGULAR,89,O. BITIM,0,3pt,625,,[],jumpshot,1,17,Onuralp,Bitim,Onuralp,Bitim,O,B,O,B,O. Bitim,FENERBAHÇE BEKO,FBB,O. Bitim,17,,,94.569999694824,2.3699998855591,0.0,P3,missed,FENERBAHÇE BEKO O. BITIM 3Pt missed,,,,,,,,,0,210,2.0,def_reb,0,85,0,70
04:43,04:43:00,85,70,15,1,4,REGULAR,0,,1,rebound,626,625,['team'],offensive,0,,,,,,,,,,,FENERBAHÇE BEKO,FBB,,,,,,,,TREB,,FENERBAHÇE BEKO team rebound offensive,,,,,,,,,0,211,1.0,def_reb,0,85,0,70
04:43,04:43:00,85,70,15,1,4,REGULAR,92,N. MELLI,1,substitution,627,,[],out,0,4,Nicolo,Melli,Nicolo,Melli,N,M,N,M,N. Melli,FENERBAHÇE BEKO,FBB,N. Melli,4,,,,,,SUB,out,FENERBAHÇE BEKO substitution out,,,,,,,,,0,212,2.0,,0,85,0,70
04:43,04:43:00,85,70,15,1,4,REGULAR,99,A. BACOT JR,1,substitution,628,,[],in,0,00,Armando Linwood,Bacot Jr,Armando Linwood,Bacot Jr,A,B,A,B,A. Bacot Jr,FENERBAHÇE BEKO,FBB,A. Bacot Jr,00,,,,,,SUB,in,FENERBAHÇE BEKO substitution in,,,,,,,,,0,212,2.0,,0,85,0,70
04:30,04:30:00,85,70,15,1,4,REGULAR,99,A. BACOT JR,0,2pt,630,,['2ndchance'],turnaroundjumpshot,1,00,Armando Linwood,Bacot Jr,Armando Linwood,Bacot Jr,A,B,A,B,A. Bacot Jr,FENERBAHÇE BEKO,FBB,A. Bacot Jr,00,,,93.790000915527,77.800003051758,0.0,P2,missed,FENERBAHÇE BEKO A. BACOT JR 2Pt missed,,,,,,,,,0,212,2.0,def_reb,0,85,0,70
04:27,04:27:00,85,70,15,2,4,REGULAR,78,K. BANKSTON,1,rebound,631,630,[],defensive,0,30,Kristeon Lamar,Bankston,Kristeon Lamar,Bankston,K,B,K,B,K. Bankston,TÜRK TELEKOM ,TTK,K. Bankston,30,,,,,,REB,,TÜRK TELEKOM  rebound defensive,,,,,,,,,0,213,1.0,def_reb,0,85,0,70
04:17,04:17:00,85,70,15,2,4,REGULAR,75,K. ALLMAN,0,2pt,632,,[],jumpshot,1,1,Kyle Lindsay,Allman,Kyle Lindsay,Allman,K,A,K,A,K. Allman,TÜRK TELEKOM ,TTK,K. Allman,1,,,24.209999084473,44.180000305176,0.0,P2,missed,TÜRK TELEKOM  K. ALLMAN 2Pt missed,,,,,,,,,0,214,2.0,def_reb,0,85,0,70
04:14,04:14:00,85,70,15,1,4,REGULAR,77,J. BIRSEN,1,rebound,633,632,[],defensive,0,1,James Metecan,Birsen,James Metecan,Birsen,J,B,J,B,J. Birsen,FENERBAHÇE BEKO,FBB,J. Birsen,1,,,,,,REB,,FENERBAHÇE BEKO rebound defensive,,,,,,,,,0,215,1.0,def_reb,0,85,0,70
03:58,03:58:00,85,70,15,1,4,REGULAR,100,S. VILBEKIN,0,3pt,634,,[],jumpshot,1,3,Scott Jordan,Vilbekin,Scott Jordan,Vilbekin,S,V,S,V,S. Vilbekin,FENERBAHÇE BEKO,FBB,S. Vilbekin,3,,,93.480003356934,96.440002441406,0.0,P3,missed,FENERBAHÇE BEKO S. VILBEKIN 3Pt missed,,,,,,,,,0,216,2.0,,0,85,0,70
03:55,03:55:00,85,70,15,1,4,REGULAR,89,O. BITIM,1,rebound,635,634,[],offensive,0,17,Onuralp,Bitim,Onuralp,Bitim,O,B,O,B,O. Bitim,FENERBAHÇE BEKO,FBB,O. Bitim,17,,,,,,REB,,FENERBAHÇE BEKO rebound offensive,,,,,,,,,0,216,2.0,,0,85,0,70
03:48,03:48:00,85,70,15,1,4,REGULAR,77,J. BIRSEN,1,turnover,638,,[],ballhandling,0,1,James Metecan,Birsen,James Metecan,Birsen,J,B,J,B,J. Birsen,FENERBAHÇE BEKO,FBB,J. Birsen,1,,,,,,TO,,FENERBAHÇE BEKO J. BIRSEN turnover ballhandling,,,,,,,,,0,216,2.0,turnover,0,85,0,70
03:26,03:26:00,85,72,13,2,4,REGULAR,87,K. ALEXANDER,1,2pt,639,,['fromturnover'],jumpshot,1,7,Kyle John Solomon,Alexander,Kyle John Solomon,Alexander,K,A,K,A,K. Alexander,TÜRK TELEKOM ,TTK,K. Alexander,7,,,22.030000686646,65.650001525879,1.0,P2,made,TÜRK TELEKOM  K. ALEXANDER 2Pt made,75.0,2.0,K. ALLMAN,,,,,,2,217,1.0,score,0,85,2,72
03:26,03:26:00,85,72,13,2,4,REGULAR,75,K. ALLMAN,1,assist,640,639,[],,0,1,Kyle Lindsay,Allman,Kyle Lindsay,Allman,K,A,K,A,K. Allman,TÜRK TELEKOM ,TTK,K. Allman,1,,,,,,ASS,,TÜRK TELEKOM  K. ALLMAN assist,,,,,,,,,0,218,2.0,,0,85,0,72
03:14,03:14:00,88,72,16,1,4,REGULAR,100,S. VILBEKIN,1,3pt,641,,[],jumpshot,1,3,Scott Jordan,Vilbekin,Scott Jordan,Vilbekin,S,V,S,V,S. Vilbekin,FENERBAHÇE BEKO,FBB,S. Vilbekin,3,,,66.800003051758,23.840000152588,1.0,P3,made,FENERBAHÇE BEKO S. VILBEKIN 3Pt made,99.0,1.0,A. BACOT JR,,,,,,3,218,2.0,score,3,88,0,72
03:14,03:14:00,88,72,16,1,4,REGULAR,99,A. BACOT JR,1,assist,642,641,[],,0,00,Armando Linwood,Bacot Jr,Armando Linwood,Bacot Jr,A,B,A,B,A. Bacot Jr,FENERBAHÇE BEKO,FBB,A. Bacot Jr,00,,,,,,ASS,,FENERBAHÇE BEKO A. BACOT JR assist,,,,,,,,,0,219,1.0,,0,88,0,72
03:10,03:10:00,88,72,16,2,4,REGULAR,0,,1,timeout,644,,[],full,0,,,,,,,,,,,TÜRK TELEKOM ,TTK,,,,,,,,TIMEOUT,,TÜRK TELEKOM  timeout,,,,,,,,,0,219,1.0,,0,88,0,72
03:10,03:10:00,88,72,16,1,4,REGULAR,100,S. VILBEKIN,1,substitution,645,,[],out,0,3,Scott Jordan,Vilbekin,Scott Jordan,Vilbekin,S,V,S,V,S. Vilbekin,FENERBAHÇE BEKO,FBB,S. Vilbekin,3,,,,,,SUB,out,FENERBAHÇE BEKO substitution out,,,,,,,,,0,219,1.0,,0,88,0,72
03:10,03:10:00,88,72,16,1,4,REGULAR,78,M. EKSIOGLU,1,substitution,646,,[],in,0,5,Mert Emre,Eksioglu,Mert Emre,Eksioglu,M,E,M,E,M. Eksioglu,FENERBAHÇE BEKO,FBB,M. Eksioglu,5,,,,,,SUB,in,FENERBAHÇE BEKO substitution in,,,,,,,,,0,219,1.0,,0,88,0,72
02:57,02:57:00,88,72,16,1,4,REGULAR,99,A. BACOT JR,1,foul,648,,"['shooting', '2freethrow']",personal,0,00,Armando Linwood,Bacot Jr,Armando Linwood,Bacot Jr,A,B,A,B,A. Bacot Jr,FENERBAHÇE BEKO,FBB,A. Bacot Jr,00,,,,,,FOUL,,FENERBAHÇE BEKO A. BACOT JR foul personal,,,,,,,,,0,219,1.0,,0,88,0,72
02:57,02:57:00,88,72,16,2,4,REGULAR,75,K. ALLMAN,1,foulon,649,648,[],,0,1,Kyle Lindsay,Allman,Kyle Lindsay,Allman,K,A,K,A,K. Allman,TÜRK TELEKOM ,TTK,K. Allman,1,,,,,,OTHER,,TÜRK TELEKOM  foulon,,,,,,,,,0,219,1.0,,0,88,0,72
02:50,02:50:00,88,72,16,2,4,REGULAR,74,J. USHER,1,substitution,651,,[],out,0,8,Jordan Emanuel ,Usher,Jordan Emanuel ,Usher,J,U,J,U,J. Usher,TÜRK TELEKOM ,TTK,J. Usher,8,,,,,,SUB,out,TÜRK TELEKOM  substitution out,,,,,,,,,0,219,1.0,,0,88,0,72
02:50,02:50:00,88,72,16,2,4,REGULAR,5,D. ÖZDEMIROGLU,1,substitution,652,,[],out,0,18,Dogus,Özdemiroglu,Dogus,Özdemiroglu,D,Ö,D,Ö,D. Özdemiroglu,TÜRK TELEKOM ,TTK,D. Özdemiroglu,18,,,,,,SUB,out,TÜRK TELEKOM  substitution out,,,,,,,,,0,219,1.0,,0,88,0,72
02:50,02:50:00,88,72,16,2,4,REGULAR,77,J. SMITH,1,substitution,653,,[],in,0,9,Jaleen Devon,Smith,Jaleen Devon,Smith,J,S,J,S,J. Smith,TÜRK TELEKOM ,TTK,J. Smith,9,,,,,,SUB,in,TÜRK TELEKOM  substitution in,,,,,,,,,0,219,1.0,,0,88,0,72
02:50,02:50:00,88,72,16,2,4,REGULAR,8,Y. GÜLTEKIN,1,substitution,654,,[],in,0,19,Yavuz,Gültekin,Yavuz,Gültekin,Y,G,Y,G,Y. Gültekin,TÜRK TELEKOM ,TTK,Y. Gültekin,19,,,,,,SUB,in,TÜRK TELEKOM  substitution in,,,,,,,,,0,219,1.0,,0,88,0,72
02:50,02:50:00,88,73,15,2,4,REGULAR,75,K. ALLMAN,1,freethrow,655,,[],1of2,1,1,Kyle Lindsay,Allman,Kyle Lindsay,Allman,K,A,K,A,K. Allman,TÜRK TELEKOM ,TTK,K. Allman,1,,,,,,FT,made,TÜRK TELEKOM  K. ALLMAN FT 1of2 made,,,,,,,,,1,219,1.0,made_ft,0,88,1,73
02:50,02:50:00,88,74,14,2,4,REGULAR,75,K. ALLMAN,1,freethrow,656,,[],2of2,1,1,Kyle Lindsay,Allman,Kyle Lindsay,Allman,K,A,K,A,K. Allman,TÜRK TELEKOM ,TTK,K. Allman,1,,,,,,FT,made,TÜRK TELEKOM  K. ALLMAN FT 2of2 made,,,,,,,,,1,220,2.0,made_ft_last,0,88,1,74
02:43,02:43:00,88,74,14,1,4,REGULAR,79,T. BIBEROVIÇ,1,turnover,658,,[],badpass,0,13,Tarik,Biberoviç,Tarik,Biberoviç,T,B,T,B,T. Biberoviç,FENERBAHÇE BEKO,FBB,T. Biberoviç,13,,,,,,TO,,FENERBAHÇE BEKO T. BIBEROVIÇ turnover badpass,,,,,,,,,0,221,1.0,turnover,0,88,0,74
02:43,02:43:00,88,74,14,2,4,REGULAR,78,K. BANKSTON,1,steal,659,658,[],,0,30,Kristeon Lamar,Bankston,Kristeon Lamar,Bankston,K,B,K,B,K. Bankston,TÜRK TELEKOM ,TTK,K. Bankston,30,,,,,,ST,,TÜRK TELEKOM  K. BANKSTON steal,,,,,,,,,0,222,2.0,,0,88,0,74
02:30,02:30:00,88,74,14,1,4,REGULAR,77,J. BIRSEN,1,foul,660,,[],personal,0,1,James Metecan,Birsen,James Metecan,Birsen,J,B,J,B,J. Birsen,FENERBAHÇE BEKO,FBB,J. Birsen,1,,,,,,FOUL,,FENERBAHÇE BEKO J. BIRSEN foul personal,,,,,,,,,0,222,2.0,,0,88,0,74
02:30,02:30:00,88,74,14,2,4,REGULAR,87,K. ALEXANDER,1,foulon,661,660,[],,0,7,Kyle John Solomon,Alexander,Kyle John Solomon,Alexander,K,A,K,A,K. Alexander,TÜRK TELEKOM ,TTK,K. Alexander,7,,,,,,OTHER,,TÜRK TELEKOM  foulon,,,,,,,,,0,222,2.0,,0,88,0,74
02:14,02:14:00,88,77,11,2,4,REGULAR,77,J. SMITH,1,3pt,664,,['fromturnover'],jumpshot,1,9,Jaleen Devon,Smith,Jaleen Devon,Smith,J,S,J,S,J. Smith,TÜRK TELEKOM ,TTK,J. Smith,9,,,32.319999694824,48.979999542236,1.0,P3,made,TÜRK TELEKOM  J. SMITH 3Pt made,,,,,,,,,3,222,2.0,score,0,88,3,77
01:46,01:46:00,88,77,11,1,4,REGULAR,89,O. BITIM,0,3pt,665,,[],jumpshot,1,17,Onuralp,Bitim,Onuralp,Bitim,O,B,O,B,O. Bitim,FENERBAHÇE BEKO,FBB,O. Bitim,17,,,62.900001525879,51.240001678467,0.0,P3,missed,FENERBAHÇE BEKO O. BITIM 3Pt missed,,,,,,,,,0,223,1.0,def_reb,0,88,0,77
01:43,01:43:00,88,77,11,2,4,REGULAR,75,K. ALLMAN,1,rebound,666,665,[],defensive,0,1,Kyle Lindsay,Allman,Kyle Lindsay,Allman,K,A,K,A,K. Allman,TÜRK TELEKOM ,TTK,K. Allman,1,,,,,,REB,,TÜRK TELEKOM  rebound defensive,,,,,,,,,0,224,2.0,def_reb,0,88,0,77
01:35,01:35:00,88,77,11,2,4,REGULAR,78,K. BANKSTON,1,foul,668,,[],offensive,0,30,Kristeon Lamar,Bankston,Kristeon Lamar,Bankston,K,B,K,B,K. Bankston,TÜRK TELEKOM ,TTK,K. Bankston,30,,,,,,RFOUL,,TÜRK TELEKOM  K. BANKSTON foul offensive,,,,,,,,,0,225,1.0,offensive_foul,0,88,0,77
01:35,01:35:00,88,77,11,2,4,REGULAR,78,K. BANKSTON,1,turnover,669,668,[],offensive,0,30,Kristeon Lamar,Bankston,Kristeon Lamar,Bankston,K,B,K,B,K. Bankston,TÜRK TELEKOM ,TTK,K. Bankston,30,,,,,,TO,,TÜRK TELEKOM  K. BANKSTON turnover offensive,,,,,,,,,0,226,2.0,turnover,0,88,0,77
01:35,01:35:00,88,77,11,1,4,REGULAR,78,M. EKSIOGLU,1,foulon,670,668,[],,0,5,Mert Emre,Eksioglu,Mert Emre,Eksioglu,M,E,M,E,M. Eksioglu,FENERBAHÇE BEKO,FBB,M. Eksioglu,5,,,,,,OTHER,,FENERBAHÇE BEKO foulon,,,,,,,,,0,227,1.0,,0,88,0,77
01:32,01:32:00,88,77,11,2,4,REGULAR,8,Y. GÜLTEKIN,1,foul,675,,['2freethrow'],unsportsmanlike,0,19,Yavuz,Gültekin,Yavuz,Gültekin,Y,G,Y,G,Y. Gültekin,TÜRK TELEKOM ,TTK,Y. Gültekin,19,,,,,,FOUL,,TÜRK TELEKOM  Y. GÜLTEKIN foul unsportsmanlike,,,,,,,,,0,227,1.0,,0,88,0,77
01:32,01:32:00,88,77,11,1,4,REGULAR,89,O. BITIM,1,foulon,676,675,[],,0,17,Onuralp,Bitim,Onuralp,Bitim,O,B,O,B,O. Bitim,FENERBAHÇE BEKO,FBB,O. Bitim,17,,,,,,OTHER,,FENERBAHÇE BEKO foulon,,,,,,,,,0,227,1.0,,0,88,0,77
01:32,01:32:00,89,77,12,1,4,REGULAR,89,O. BITIM,1,freethrow,677,,['fromturnover'],1of2,1,17,Onuralp,Bitim,Onuralp,Bitim,O,B,O,B,O. Bitim,FENERBAHÇE BEKO,FBB,O. Bitim,17,,,,,,FT,made,FENERBAHÇE BEKO O. BITIM FT 1of2 made,,,,,,,,,1,227,1.0,made_ft,1,89,0,77
01:32,01:32:00,90,77,13,1,4,REGULAR,89,O. BITIM,1,freethrow,678,,['fromturnover'],2of2,1,17,Onuralp,Bitim,Onuralp,Bitim,O,B,O,B,O. Bitim,FENERBAHÇE BEKO,FBB,O. Bitim,17,,,,,,FT,made,FENERBAHÇE BEKO O. BITIM FT 2of2 made,,,,,,,,,1,228,2.0,made_ft_last,1,90,0,77
01:27,01:27:00,92,77,15,1,4,REGULAR,79,T. BIBEROVIÇ,1,2pt,680,,[],jumpshot,1,13,Tarik,Biberoviç,Tarik,Biberoviç,T,B,T,B,T. Biberoviç,FENERBAHÇE BEKO,FBB,T. Biberoviç,13,,,88.800003051758,80.339996337891,1.0,P2,made,FENERBAHÇE BEKO T. BIBEROVIÇ 2Pt made,89.0,1.0,O. BITIM,,,,,,2,229,1.0,score,2,92,0,77
01:27,01:27:00,92,77,15,1,4,REGULAR,89,O. BITIM,1,assist,681,680,[],,0,17,Onuralp,Bitim,Onuralp,Bitim,O,B,O,B,O. Bitim,FENERBAHÇE BEKO,FBB,O. Bitim,17,,,,,,ASS,,FENERBAHÇE BEKO O. BITIM assist,,,,,,,,,0,230,2.0,,0,92,0,77
01:24,01:24:00,92,77,15,1,4,REGULAR,78,M. EKSIOGLU,1,substitution,683,,[],out,0,5,Mert Emre,Eksioglu,Mert Emre,Eksioglu,M,E,M,E,M. Eksioglu,FENERBAHÇE BEKO,FBB,M. Eksioglu,5,,,,,,SUB,out,FENERBAHÇE BEKO substitution out,,,,,,,,,0,230,2.0,,0,92,0,77
01:24,01:24:00,92,77,15,1,4,REGULAR,76,M. MAHMUTOGLU,1,substitution,684,,[],in,0,10,Melih,Mahmutoglu,Melih,Mahmutoglu,M,M,M,M,M. Mahmutoglu,FENERBAHÇE BEKO,FBB,M. Mahmutoglu,10,,,,,,SUB,in,FENERBAHÇE BEKO substitution in,,,,,,,,,0,230,2.0,,0,92,0,77
01:17,01:17:00,92,77,15,1,4,REGULAR,89,O. BITIM,1,foul,687,,"['shooting', '3freethrow']",personal,0,17,Onuralp,Bitim,Onuralp,Bitim,O,B,O,B,O. Bitim,FENERBAHÇE BEKO,FBB,O. Bitim,17,,,,,,FOUL,,FENERBAHÇE BEKO O. BITIM foul personal,,,,,,,,,0,230,2.0,,0,92,0,77
01:17,01:17:00,92,77,15,2,4,REGULAR,75,K. ALLMAN,1,foulon,688,687,[],,0,1,Kyle Lindsay,Allman,Kyle Lindsay,Allman,K,A,K,A,K. Allman,TÜRK TELEKOM ,TTK,K. Allman,1,,,,,,OTHER,,TÜRK TELEKOM  foulon,,,,,,,,,0,230,2.0,,0,92,0,77
01:17,01:17:00,92,78,14,2,4,REGULAR,75,K. ALLMAN,1,freethrow,689,,['fastbreak'],1of3,1,1,Kyle Lindsay,Allman,Kyle Lindsay,Allman,K,A,K,A,K. Allman,TÜRK TELEKOM ,TTK,K. Allman,1,,,,,,FT,made,TÜRK TELEKOM  K. ALLMAN FT 1of3 made,,,,,,,,,1,230,2.0,made_ft,0,92,1,78
01:17,01:17:00,92,79,13,2,4,REGULAR,75,K. ALLMAN,1,freethrow,690,,['fastbreak'],2of3,1,1,Kyle Lindsay,Allman,Kyle Lindsay,Allman,K,A,K,A,K. Allman,TÜRK TELEKOM ,TTK,K. Allman,1,,,,,,FT,made,TÜRK TELEKOM  K. ALLMAN FT 2of3 made,,,,,,,,,1,231,1.0,made_ft,0,92,1,79
01:17,01:17:00,92,80,12,2,4,REGULAR,75,K. ALLMAN,1,freethrow,691,,['fastbreak'],3of3,1,1,Kyle Lindsay,Allman,Kyle Lindsay,Allman,K,A,K,A,K. Allman,TÜRK TELEKOM ,TTK,K. Allman,1,,,,,,FT,made,TÜRK TELEKOM  K. ALLMAN FT 3of3 made,,,,,,,,,1,232,2.0,made_ft_last,0,92,1,80
01:17,01:17:00,92,80,12,2,4,REGULAR,8,Y. GÜLTEKIN,1,foul,694,,[],personal,0,19,Yavuz,Gültekin,Yavuz,Gültekin,Y,G,Y,G,Y. Gültekin,TÜRK TELEKOM ,TTK,Y. Gültekin,19,,,,,,FOUL,,TÜRK TELEKOM  Y. GÜLTEKIN foul personal,,,,,,,,,0,233,1.0,,0,92,0,80
01:17,01:17:00,92,80,12,1,4,REGULAR,89,O. BITIM,1,foulon,695,694,[],,0,17,Onuralp,Bitim,Onuralp,Bitim,O,B,O,B,O. Bitim,FENERBAHÇE BEKO,FBB,O. Bitim,17,,,,,,OTHER,,FENERBAHÇE BEKO foulon,,,,,,,,,0,233,1.0,,0,92,0,80
00:53,00:53:50,92,80,12,1,4,REGULAR,89,O. BITIM,1,turnover,697,,[],badpass,0,17,Onuralp,Bitim,Onuralp,Bitim,O,B,O,B,O. Bitim,FENERBAHÇE BEKO,FBB,O. Bitim,17,,,,,,TO,,FENERBAHÇE BEKO O. BITIM turnover badpass,,,,,,,,,0,233,1.0,turnover,0,92,0,80
00:53,00:53:50,92,80,12,2,4,REGULAR,75,K. ALLMAN,1,steal,698,697,[],,0,1,Kyle Lindsay,Allman,Kyle Lindsay,Allman,K,A,K,A,K. Allman,TÜRK TELEKOM ,TTK,K. Allman,1,,,,,,ST,,TÜRK TELEKOM  K. ALLMAN steal,,,,,,,,,0,234,2.0,,0,92,0,80
00:50,00:50:50,92,82,10,2,4,REGULAR,8,Y. GÜLTEKIN,1,2pt,699,,"['fromturnover', 'pointsinthepaint', 'fastbreak']",layup,1,19,Yavuz,Gültekin,Yavuz,Gültekin,Y,G,Y,G,Y. Gültekin,TÜRK TELEKOM ,TTK,Y. Gültekin,19,,,5.4899997711182,52.939998626709,1.0,P2,made,TÜRK TELEKOM  Y. GÜLTEKIN 2Pt made,87.0,2.0,K. ALEXANDER,,,,,,2,234,2.0,score,0,92,2,82
00:50,00:50:50,92,82,10,2,4,REGULAR,87,K. ALEXANDER,1,assist,701,699,[],,0,7,Kyle John Solomon,Alexander,Kyle John Solomon,Alexander,K,A,K,A,K. Alexander,TÜRK TELEKOM ,TTK,K. Alexander,7,,,,,,ASS,,TÜRK TELEKOM  K. ALEXANDER assist,,,,,,,,,0,235,1.0,,0,92,0,82
00:27,00:27:50,92,82,10,1,4,REGULAR,89,O. BITIM,1,turnover,703,,[],ballhandling,0,17,Onuralp,Bitim,Onuralp,Bitim,O,B,O,B,O. Bitim,FENERBAHÇE BEKO,FBB,O. Bitim,17,,,,,,TO,,FENERBAHÇE BEKO O. BITIM turnover ballhandling,,,,,,,,,0,235,1.0,turnover,0,92,0,82
00:27,00:27:50,92,82,10,2,4,REGULAR,78,K. BANKSTON,1,steal,704,703,[],,0,30,Kristeon Lamar,Bankston,Kristeon Lamar,Bankston,K,B,K,B,K. Bankston,TÜRK TELEKOM ,TTK,K. Bankston,30,,,,,,ST,,TÜRK TELEKOM  K. BANKSTON steal,,,,,,,,,0,236,2.0,,0,92,0,82
00:23,00:23:00,92,84,8,2,4,REGULAR,77,J. SMITH,1,2pt,705,,"['fromturnover', 'pointsinthepaint', 'fastbreak']",layup,1,9,Jaleen Devon,Smith,Jaleen Devon,Smith,J,S,J,S,J. Smith,TÜRK TELEKOM ,TTK,J. Smith,9,,,4.8699998855591,54.349998474121,1.0,P2,made,TÜRK TELEKOM  J. SMITH 2Pt made,87.0,2.0,K. ALEXANDER,,,,,,2,236,2.0,score,0,92,2,84
00:23,00:23:00,92,84,8,2,4,REGULAR,87,K. ALEXANDER,1,assist,707,705,[],,0,7,Kyle John Solomon,Alexander,Kyle John Solomon,Alexander,K,A,K,A,K. Alexander,TÜRK TELEKOM ,TTK,K. Alexander,7,,,,,,ASS,,TÜRK TELEKOM  K. ALEXANDER assist,,,,,,,,,0,237,1.0,,0,92,0,84
00:00,00:00:00,92,84,8,0,4,REGULAR,0,,1,period,710,,['confirmed'],end,0,,,,,,,,,,,,,,,,,,,,OTHER,,period end,,,,,,,,,0,237,1.0,,0,92,0,84
00:00,00:00:00,92,84,8,0,4,REGULAR,0,,1,game,711,,['confirmed'],end,0,,,,,,,,,,,,,,,,,,,,OTHER,,game end,,,,,,,,,0,237,1.0,,0,92,0,84
