gt,clock,s1,s2,lead,tno,period,periodType,pno,player,success,actionType,actionNumber,previousAction,qualifier,subType,scoring,shirtNumber,firstName,familyName,internationalFirstName,internationalFamilyName,firstNameInitial,familyNameInitial,internationalFirstNameInitial,internationalFamilyNameInitial,scoreboardName,team_name,team_code,player_name_from_roster,player_shirt,player_pos_raw,player_pos_group,x,y,r,ev_code,ev_result,ev_text,assist_pno,assist_tno,assist_player,block_pno,block_tno,block_player,assist_pos_group,block_pos_group,points,possession_id,possession_owner_tno,possession_end_reason,pts_1,cum_1,pts_2,cum_2
10:00,10:00:00,0,0,0,0,1,REGULAR,0,,1,game,1,,[],start,0,,,,,,,,,,,,,,,,,,,,OTHER,,game start,,,,,,,,,0,0,,,0,0,0,0
10:00,10:00:00,0,0,0,0,1,REGULAR,0,,1,period,2,,[],start,0,,,,,,,,,,,,,,,,,,,,OTHER,,period start,,,,,,,,,0,0,,,0,0,0,0
10:00,10:00:00,0,0,0,0,1,REGULAR,0,,1,jumpball,4,,[],startperiod,0,,,,,,,,,,,,,,,,,,,,JUMP,,jump ball,,,,,,,,,0,0,,,0,0,0,0
09:58,09:58:00,0,0,0,1,1,REGULAR,79,T. WILLIAMS,1,jumpball,5,4,[],won,0,50,Trevion Lamon,Williams,Trevion Lamon,Williams,T,W,T,W,T. Williams,BAHÇESEHIR KOLEJI,BSK,T. Williams,50,,,,,,JUMP,,jump ball,,,,,,,,,0,0,,,0,0,0,0
09:58,09:58:00,0,0,0,2,1,REGULAR,27,J. SIMMONS,1,jumpball,6,4,[],lost,0,11,Jeremy Byron Jerome,Simmons,Jeremy Byron Jerome,Simmons,J,S,J,S,J. Simmons,ESENLER EROKSPOR,ERK,J. Simmons,11,,,,,,JUMP,,jump ball,,,,,,,,,0,0,,,0,0,0,0
09:44,09:44:00,0,0,0,1,1,REGULAR,79,T. WILLIAMS,0,2pt,7,,['pointsinthepaint'],drivinglayup,1,50,Trevion Lamon,Williams,Trevion Lamon,Williams,T,W,T,W,T. Williams,BAHÇESEHIR KOLEJI,BSK,T. Williams,50,,,7.210000038147,57.180000305176,0.0,P2,missed,BAHÇESEHIR KOLEJI T. WILLIAMS 2Pt missed,,,,,,,,,0,1,1.0,def_reb,0,0,0,0
09:41,09:41:00,0,0,0,2,1,REGULAR,20,E. ARNA,1,rebound,8,7,[],defensive,0,18,Egehan,Arna,Egehan,Arna,E,A,E,A,E. Arna,ESENLER EROKSPOR,ERK,E. Arna,18,,,,,,REB,,ESENLER EROKSPOR rebound defensive,,,,,,,,,0,2,2.0,def_reb,0,0,0,0
09:25,09:25:00,0,0,0,2,1,REGULAR,20,E. ARNA,1,turnover,10,,[],badpass,0,18,Egehan,Arna,Egehan,Arna,E,A,E,A,E. Arna,ESENLER EROKSPOR,ERK,E. Arna,18,,,,,,TO,,ESENLER EROKSPOR E. ARNA turnover badpass,,,,,,,,,0,3,1.0,turnover,0,0,0,0
09:08,09:08:00,0,0,0,1,1,REGULAR,61,K. SIPAHI,0,3pt,12,,['fromturnover'],jumpshot,1,55,Kenan,Sipahi,Kenan,Sipahi,K,S,K,S,K. Sipahi,BAHÇESEHIR KOLEJI,BSK,K. Sipahi,55,,,29.200000762939,30.620000839233,0.0,P3,missed,BAHÇESEHIR KOLEJI K. SIPAHI 3Pt missed,,,,,,,,,0,4,2.0,def_reb,0,0,0,0
09:05,09:05:00,0,0,0,2,1,REGULAR,24,P. CORNELIE,1,rebound,13,12,[],defensive,0,12,Petr  Willlam,Cornelie,Petr  Willlam,Cornelie,P,C,P,C,P. Cornelie,ESENLER EROKSPOR,ERK,P. Cornelie,12,,,,,,REB,,ESENLER EROKSPOR rebound defensive,,,,,,,,,0,5,1.0,def_reb,0,0,0,0
08:54,08:54:00,0,2,-2,2,1,REGULAR,26,J. CRAWFORD,1,2pt,14,,['pointsinthepaint'],drivinglayup,1,1,Jordon Benjamin,Crawford,Jordon Benjamin,Crawford,J,C,J,C,J. Crawford,ESENLER EROKSPOR,ERK,J. Crawford,1,,,93.01000213623,49.830001831055,1.0,P2,made,ESENLER EROKSPOR J. CRAWFORD 2Pt made,,,,,,,,,2,6,2.0,score,0,0,2,2
08:38,08:38:00,0,2,-2,2,1,REGULAR,27,J. SIMMONS,1,foul,16,,[],personal,0,11,Jeremy Byron Jerome,Simmons,Jeremy Byron Jerome,Simmons,J,S,J,S,J. Simmons,ESENLER EROKSPOR,ERK,J. Simmons,11,,,,,,FOUL,,ESENLER EROKSPOR J. SIMMONS foul personal,,,,,,,,,0,7,1.0,,0,0,0,2
08:38,08:38:00,0,2,-2,1,1,REGULAR,75,C. HOMESLEY,1,foulon,17,16,[],,0,5,Caleb Allen,Homesley,Caleb Allen,Homesley,C,H,C,H,C. Homesley,BAHÇESEHIR KOLEJI,BSK,C. Homesley,5,,,,,,OTHER,,BAHÇESEHIR KOLEJI foulon,,,,,,,,,0,7,1.0,,0,0,0,2
08:32,08:32:00,0,2,-2,1,1,REGULAR,75,C. HOMESLEY,0,3pt,19,,[],jumpshot,1,5,Caleb Allen,Homesley,Caleb Allen,Homesley,C,H,C,H,C. Homesley,BAHÇESEHIR KOLEJI,BSK,C. Homesley,5,,,29.979999542236,36.270000457764,0.0,P3,missed,BAHÇESEHIR KOLEJI C. HOMESLEY 3Pt missed,,,,,,,,,0,7,1.0,,0,0,0,2
08:29,08:29:00,0,2,-2,1,1,REGULAR,79,T. WILLIAMS,1,rebound,20,19,[],offensive,0,50,Trevion Lamon,Williams,Trevion Lamon,Williams,T,W,T,W,T. Williams,BAHÇESEHIR KOLEJI,BSK,T. Williams,50,,,,,,REB,,BAHÇESEHIR KOLEJI rebound offensive,,,,,,,,,0,7,1.0,,0,0,0,2
08:27,08:27:00,0,2,-2,1,1,REGULAR,79,T. WILLIAMS,1,turnover,21,,[],badpass,0,50,Trevion Lamon,Williams,Trevion Lamon,Williams,T,W,T,W,T. Williams,BAHÇESEHIR KOLEJI,BSK,T. Williams,50,,,,,,TO,,BAHÇESEHIR KOLEJI T. WILLIAMS turnover badpass,,,,,,,,,0,7,1.0,turnover,0,0,0,2
08:27,08:27:00,0,2,-2,2,1,REGULAR,26,J. CRAWFORD,1,steal,22,21,[],,0,1,Jordon Benjamin,Crawford,Jordon Benjamin,Crawford,J,C,J,C,J. Crawford,ESENLER EROKSPOR,ERK,J. Crawford,1,,,,,,ST,,ESENLER EROKSPOR J. CRAWFORD steal,,,,,,,,,0,8,2.0,,0,0,0,2
08:12,08:12:00,0,4,-4,2,1,REGULAR,25,L. GALLOWAY,1,2pt,23,,['fromturnover'],jumpshot,1,9,Langston Arnold ,Galloway,Langston Arnold ,Galloway,L,G,L,G,L. Galloway,ESENLER EROKSPOR,ERK,L. Galloway,9,,,79.910003662109,71.580001831055,1.0,P2,made,ESENLER EROKSPOR L. GALLOWAY 2Pt made,,,,,,,,,2,8,2.0,score,0,0,2,4
07:49,07:49:00,0,4,-4,1,1,REGULAR,75,C. HOMESLEY,0,2pt,24,,[],jumpshot,1,5,Caleb Allen,Homesley,Caleb Allen,Homesley,C,H,C,H,C. Homesley,BAHÇESEHIR KOLEJI,BSK,C. Homesley,5,,,23.430000305176,70.730003356934,0.0,P2,missed,BAHÇESEHIR KOLEJI C. HOMESLEY 2Pt missed,,,,,,,,,0,9,1.0,def_reb,0,0,0,4
07:47,07:47:00,0,4,-4,2,1,REGULAR,24,P. CORNELIE,1,rebound,25,24,[],defensive,0,12,Petr  Willlam,Cornelie,Petr  Willlam,Cornelie,P,C,P,C,P. Cornelie,ESENLER EROKSPOR,ERK,P. Cornelie,12,,,,,,REB,,ESENLER EROKSPOR rebound defensive,,,,,,,,,0,10,2.0,def_reb,0,0,0,4
07:27,07:27:00,0,7,-7,2,1,REGULAR,20,E. ARNA,1,3pt,26,,[],jumpshot,1,18,Egehan,Arna,Egehan,Arna,E,A,E,A,E. Arna,ESENLER EROKSPOR,ERK,E. Arna,18,,,74.599998474121,13.109999656677,1.0,P3,made,ESENLER EROKSPOR E. ARNA 3Pt made,26.0,2.0,J. CRAWFORD,,,,,,3,11,1.0,score,0,0,3,7
07:27,07:27:00,0,7,-7,2,1,REGULAR,26,J. CRAWFORD,1,assist,27,26,[],,0,1,Jordon Benjamin,Crawford,Jordon Benjamin,Crawford,J,C,J,C,J. Crawford,ESENLER EROKSPOR,ERK,J. Crawford,1,,,,,,ASS,,ESENLER EROKSPOR J. CRAWFORD assist,,,,,,,,,0,12,2.0,,0,0,0,7
07:07,07:07:00,0,7,-7,2,1,REGULAR,26,J. CRAWFORD,1,foul,31,,[],personal,0,1,Jordon Benjamin,Crawford,Jordon Benjamin,Crawford,J,C,J,C,J. Crawford,ESENLER EROKSPOR,ERK,J. Crawford,1,,,,,,FOUL,,ESENLER EROKSPOR J. CRAWFORD foul personal,,,,,,,,,0,12,2.0,,0,0,0,7
07:07,07:07:00,0,7,-7,1,1,REGULAR,61,K. SIPAHI,1,foulon,32,31,[],,0,55,Kenan,Sipahi,Kenan,Sipahi,K,S,K,S,K. Sipahi,BAHÇESEHIR KOLEJI,BSK,K. Sipahi,55,,,,,,OTHER,,BAHÇESEHIR KOLEJI foulon,,,,,,,,,0,12,2.0,,0,0,0,7
06:55,06:55:00,0,7,-7,1,1,REGULAR,75,C. HOMESLEY,0,2pt,34,,['pointsinthepaint'],layup,1,5,Caleb Allen,Homesley,Caleb Allen,Homesley,C,H,C,H,C. Homesley,BAHÇESEHIR KOLEJI,BSK,C. Homesley,5,,,7.3600001335144,42.200000762939,0.0,P2,missed,BAHÇESEHIR KOLEJI C. HOMESLEY 2Pt missed,,,,,,,,,0,12,2.0,def_reb,0,0,0,7
06:51,06:51:00,0,7,-7,2,1,REGULAR,20,E. ARNA,1,rebound,35,34,[],defensive,0,18,Egehan,Arna,Egehan,Arna,E,A,E,A,E. Arna,ESENLER EROKSPOR,ERK,E. Arna,18,,,,,,REB,,ESENLER EROKSPOR rebound defensive,,,,,,,,,0,13,1.0,def_reb,0,0,0,7
06:48,06:48:00,0,10,-10,2,1,REGULAR,26,J. CRAWFORD,1,3pt,36,,['fastbreak'],jumpshot,1,1,Jordon Benjamin,Crawford,Jordon Benjamin,Crawford,J,C,J,C,J. Crawford,ESENLER EROKSPOR,ERK,J. Crawford,1,,,75.069999694824,18.190000534058,1.0,P3,made,ESENLER EROKSPOR J. CRAWFORD 3Pt made,20.0,2.0,E. ARNA,,,,,,3,14,2.0,score,0,0,3,10
06:48,06:48:00,0,10,-10,2,1,REGULAR,20,E. ARNA,1,assist,40,36,[],,0,18,Egehan,Arna,Egehan,Arna,E,A,E,A,E. Arna,ESENLER EROKSPOR,ERK,E. Arna,18,,,,,,ASS,,ESENLER EROKSPOR E. ARNA assist,,,,,,,,,0,15,1.0,,0,0,0,10
06:45,06:45:00,0,10,-10,1,1,REGULAR,0,,1,timeout,41,,[],full,0,,,,,,,,,,,BAHÇESEHIR KOLEJI,BSK,,,,,,,,TIMEOUT,,BAHÇESEHIR KOLEJI timeout,,,,,,,,,0,15,1.0,,0,0,0,10
06:45,06:45:00,0,10,-10,1,1,REGULAR,75,C. HOMESLEY,1,substitution,42,,[],out,0,5,Caleb Allen,Homesley,Caleb Allen,Homesley,C,H,C,H,C. Homesley,BAHÇESEHIR KOLEJI,BSK,C. Homesley,5,,,,,,SUB,out,BAHÇESEHIR KOLEJI substitution out,,,,,,,,,0,15,1.0,,0,0,0,10
06:45,06:45:00,0,10,-10,1,1,REGULAR,76,M. MITCHELL II,1,substitution,43,,[],out,0,11,Matthew Antonio,Mitchell Ii,Matthew Antonio,Mitchell Ii,M,M,M,M,M. Mitchell Ii,BAHÇESEHIR KOLEJI,BSK,M. Mitchell Ii,11,,,,,,SUB,out,BAHÇESEHIR KOLEJI substitution out,,,,,,,,,0,15,1.0,,0,0,0,10
06:45,06:45:00,0,10,-10,1,1,REGULAR,73,M. PONITKA,1,substitution,44,,[],in,0,28,Mateusz Michal,Ponitka,Mateusz Michal,Ponitka,M,P,M,P,M. Ponitka,BAHÇESEHIR KOLEJI,BSK,M. Ponitka,28,,,,,,SUB,in,BAHÇESEHIR KOLEJI substitution in,,,,,,,,,0,15,1.0,,0,0,0,10
06:45,06:45:00,0,10,-10,1,1,REGULAR,78,H. HALE,1,substitution,45,,[],in,0,77,Hunter Jelaun,Hale,Hunter Jelaun,Hale,H,H,H,H,H. Hale,BAHÇESEHIR KOLEJI,BSK,H. Hale,77,,,,,,SUB,in,BAHÇESEHIR KOLEJI substitution in,,,,,,,,,0,15,1.0,,0,0,0,10
06:41,06:41:00,2,10,-8,1,1,REGULAR,79,T. WILLIAMS,1,2pt,47,,"['pointsinthepaint', 'fastbreak']",dunk,1,50,Trevion Lamon,Williams,Trevion Lamon,Williams,T,W,T,W,T. Williams,BAHÇESEHIR KOLEJI,BSK,T. Williams,50,,,4.0900001525879,45.310001373291,1.0,P2,made,BAHÇESEHIR KOLEJI T. WILLIAMS 2Pt made,61.0,1.0,K. SIPAHI,,,,,,2,15,1.0,score,2,2,0,10
06:41,06:41:00,2,10,-8,1,1,REGULAR,61,K. SIPAHI,1,assist,48,47,[],,0,55,Kenan,Sipahi,Kenan,Sipahi,K,S,K,S,K. Sipahi,BAHÇESEHIR KOLEJI,BSK,K. Sipahi,55,,,,,,ASS,,BAHÇESEHIR KOLEJI K. SIPAHI assist,,,,,,,,,0,16,2.0,,0,2,0,10
06:17,06:17:00,2,10,-8,2,1,REGULAR,26,J. CRAWFORD,0,3pt,49,,[],jumpshot,1,1,Jordon Benjamin,Crawford,Jordon Benjamin,Crawford,J,C,J,C,J. Crawford,ESENLER EROKSPOR,ERK,J. Crawford,1,,,68.050003051758,58.869998931885,0.0,P3,missed,ESENLER EROKSPOR J. CRAWFORD 3Pt missed,,,,,,,,,0,16,2.0,def_reb,0,2,0,10
06:14,06:14:00,2,10,-8,1,1,REGULAR,78,H. HALE,1,rebound,50,49,[],defensive,0,77,Hunter Jelaun,Hale,Hunter Jelaun,Hale,H,H,H,H,H. Hale,BAHÇESEHIR KOLEJI,BSK,H. Hale,77,,,,,,REB,,BAHÇESEHIR KOLEJI rebound defensive,,,,,,,,,0,17,1.0,def_reb,0,2,0,10
06:03,06:03:00,2,10,-8,2,1,REGULAR,20,E. ARNA,1,foul,52,,[],personal,0,18,Egehan,Arna,Egehan,Arna,E,A,E,A,E. Arna,ESENLER EROKSPOR,ERK,E. Arna,18,,,,,,FOUL,,ESENLER EROKSPOR E. ARNA foul personal,,,,,,,,,0,18,2.0,,0,2,0,10
06:03,06:03:00,2,10,-8,1,1,REGULAR,79,T. WILLIAMS,1,foulon,53,52,[],,0,50,Trevion Lamon,Williams,Trevion Lamon,Williams,T,W,T,W,T. Williams,BAHÇESEHIR KOLEJI,BSK,T. Williams,50,,,,,,OTHER,,BAHÇESEHIR KOLEJI foulon,,,,,,,,,0,18,2.0,,0,2,0,10
06:02,06:02:00,2,10,-8,2,1,REGULAR,20,E. ARNA,1,foul,56,,"['shooting', '2freethrow']",personal,0,18,Egehan,Arna,Egehan,Arna,E,A,E,A,E. Arna,ESENLER EROKSPOR,ERK,E. Arna,18,,,,,,FOUL,,ESENLER EROKSPOR E. ARNA foul personal,,,,,,,,,0,18,2.0,,0,2,0,10
06:02,06:02:00,2,10,-8,1,1,REGULAR,73,M. PONITKA,1,foulon,57,56,[],,0,28,Mateusz Michal,Ponitka,Mateusz Michal,Ponitka,M,P,M,P,M. Ponitka,BAHÇESEHIR KOLEJI,BSK,M. Ponitka,28,,,,,,OTHER,,BAHÇESEHIR KOLEJI foulon,,,,,,,,,0,18,2.0,,0,2,0,10
06:02,06:02:00,3,10,-7,1,1,REGULAR,73,M. PONITKA,1,freethrow,58,,[],1of2,1,28,Mateusz Michal,Ponitka,Mateusz Michal,Ponitka,M,P,M,P,M. Ponitka,BAHÇESEHIR KOLEJI,BSK,M. Ponitka,28,,,,,,FT,made,BAHÇESEHIR KOLEJI M. PONITKA FT 1of2 made,,,,,,,,,1,18,2.0,made_ft,1,3,0,10
06:02,06:02:00,3,10,-7,1,1,REGULAR,78,H. HALE,1,assist,59,58,[],,0,77,Hunter Jelaun,Hale,Hunter Jelaun,Hale,H,H,H,H,H. Hale,BAHÇESEHIR KOLEJI,BSK,H. Hale,77,,,,,,ASS,,BAHÇESEHIR KOLEJI H. HALE assist,,,,,,,,,0,19,1.0,,0,3,0,10
06:02,06:02:00,3,10,-7,1,1,REGULAR,73,M. PONITKA,0,freethrow,60,,[],2of2,1,28,Mateusz Michal,Ponitka,Mateusz Michal,Ponitka,M,P,M,P,M. Ponitka,BAHÇESEHIR KOLEJI,BSK,M. Ponitka,28,,,,,,FT,missed,BAHÇESEHIR KOLEJI M. PONITKA FT 2of2 missed,,,,,,,,,0,19,1.0,def_reb,0,3,0,10
06:02,06:02:00,3,10,-7,2,1,REGULAR,27,J. SIMMONS,1,rebound,62,60,[],defensive,0,11,Jeremy Byron Jerome,Simmons,Jeremy Byron Jerome,Simmons,J,S,J,S,J. Simmons,ESENLER EROKSPOR,ERK,J. Simmons,11,,,,,,REB,,ESENLER EROKSPOR rebound defensive,,,,,,,,,0,20,2.0,def_reb,0,3,0,10
05:57,05:57:00,3,10,-7,2,1,REGULAR,27,J. SIMMONS,1,foul,66,,[],offensive,0,11,Jeremy Byron Jerome,Simmons,Jeremy Byron Jerome,Simmons,J,S,J,S,J. Simmons,ESENLER EROKSPOR,ERK,J. Simmons,11,,,,,,RFOUL,,ESENLER EROKSPOR J. SIMMONS foul offensive,,,,,,,,,0,21,1.0,offensive_foul,0,3,0,10
05:57,05:57:00,3,10,-7,2,1,REGULAR,27,J. SIMMONS,1,turnover,67,66,[],offensive,0,11,Jeremy Byron Jerome,Simmons,Jeremy Byron Jerome,Simmons,J,S,J,S,J. Simmons,ESENLER EROKSPOR,ERK,J. Simmons,11,,,,,,TO,,ESENLER EROKSPOR J. SIMMONS turnover offensive,,,,,,,,,0,22,2.0,turnover,0,3,0,10
05:57,05:57:00,3,10,-7,1,1,REGULAR,73,M. PONITKA,1,foulon,68,66,[],,0,28,Mateusz Michal,Ponitka,Mateusz Michal,Ponitka,M,P,M,P,M. Ponitka,BAHÇESEHIR KOLEJI,BSK,M. Ponitka,28,,,,,,OTHER,,BAHÇESEHIR KOLEJI foulon,,,,,,,,,0,23,1.0,,0,3,0,10
05:49,05:49:00,3,10,-7,1,1,REGULAR,78,H. HALE,0,3pt,70,,['fromturnover'],jumpshot,1,77,Hunter Jelaun,Hale,Hunter Jelaun,Hale,H,H,H,H,H. Hale,BAHÇESEHIR KOLEJI,BSK,H. Hale,77,,,12.979999542236,95.589996337891,0.0,P3,missed,BAHÇESEHIR KOLEJI H. HALE 3Pt missed,,,,,,,,,0,23,1.0,,0,3,0,10
05:45,05:45:00,3,10,-7,1,1,REGULAR,79,T. WILLIAMS,1,rebound,71,70,[],offensive,0,50,Trevion Lamon,Williams,Trevion Lamon,Williams,T,W,T,W,T. Williams,BAHÇESEHIR KOLEJI,BSK,T. Williams,50,,,,,,REB,,BAHÇESEHIR KOLEJI rebound offensive,,,,,,,,,0,23,1.0,,0,3,0,10
05:39,05:39:00,3,10,-7,1,1,REGULAR,79,T. WILLIAMS,1,turnover,72,,[],badpass,0,50,Trevion Lamon,Williams,Trevion Lamon,Williams,T,W,T,W,T. Williams,BAHÇESEHIR KOLEJI,BSK,T. Williams,50,,,,,,TO,,BAHÇESEHIR KOLEJI T. WILLIAMS turnover badpass,,,,,,,,,0,23,1.0,turnover,0,3,0,10
05:39,05:39:00,3,10,-7,2,1,REGULAR,27,J. SIMMONS,1,steal,73,72,[],,0,11,Jeremy Byron Jerome,Simmons,Jeremy Byron Jerome,Simmons,J,S,J,S,J. Simmons,ESENLER EROKSPOR,ERK,J. Simmons,11,,,,,,ST,,ESENLER EROKSPOR J. SIMMONS steal,,,,,,,,,0,24,2.0,,0,3,0,10
05:33,05:33:00,3,10,-7,2,1,REGULAR,25,L. GALLOWAY,0,3pt,74,,['fromturnover'],jumpshot,1,9,Langston Arnold ,Galloway,Langston Arnold ,Galloway,L,G,L,G,L. Galloway,ESENLER EROKSPOR,ERK,L. Galloway,9,,,96.910003662109,3.2200000286102,0.0,P3,missed,ESENLER EROKSPOR L. GALLOWAY 3Pt missed,,,,,,,,,0,24,2.0,def_reb,0,3,0,10
05:28,05:28:00,3,10,-7,1,1,REGULAR,0,,1,rebound,76,74,['team'],defensive,0,,,,,,,,,,,BAHÇESEHIR KOLEJI,BSK,,,,,,,,TREB,,BAHÇESEHIR KOLEJI team rebound defensive,,,,,,,,,0,25,1.0,def_reb,0,3,0,10
05:08,05:08:00,3,10,-7,1,1,REGULAR,78,H. HALE,0,2pt,78,,['pointsinthepaint'],reverselayup,1,77,Hunter Jelaun,Hale,Hunter Jelaun,Hale,H,H,H,H,H. Hale,BAHÇESEHIR KOLEJI,BSK,H. Hale,77,,,4.4000000953674,47.849998474121,0.0,P2,missed,BAHÇESEHIR KOLEJI H. HALE 2Pt missed,,,,,,,,,0,26,2.0,,0,3,0,10
05:03,05:03:00,3,10,-7,1,1,REGULAR,74,T. CAVANAUGH,1,rebound,79,78,[],offensive,0,34,Tyler Robert,Cavanaugh,Tyler Robert,Cavanaugh,T,C,T,C,T. Cavanaugh,BAHÇESEHIR KOLEJI,BSK,T. Cavanaugh,34,,,,,,REB,,BAHÇESEHIR KOLEJI rebound offensive,,,,,,,,,0,26,2.0,,0,3,0,10
05:03,05:03:00,5,10,-5,1,1,REGULAR,74,T. CAVANAUGH,1,2pt,80,,"['2ndchance', 'pointsinthepaint']",tipinlayup,1,34,Tyler Robert,Cavanaugh,Tyler Robert,Cavanaugh,T,C,T,C,T. Cavanaugh,BAHÇESEHIR KOLEJI,BSK,T. Cavanaugh,34,,,6.0,50.0,1.0,P2,made,BAHÇESEHIR KOLEJI T. CAVANAUGH 2Pt made,,,,,,,,,2,26,2.0,score,2,5,0,10
04:45,04:45:00,5,10,-5,2,1,REGULAR,26,J. CRAWFORD,0,2pt,81,,[],jumpshot,1,1,Jordon Benjamin,Crawford,Jordon Benjamin,Crawford,J,C,J,C,J. Crawford,ESENLER EROKSPOR,ERK,J. Crawford,1,,,73.980003356934,37.400001525879,0.0,P2,missed,ESENLER EROKSPOR J. CRAWFORD 2Pt missed,,,,,,,,,0,27,1.0,def_reb,0,5,0,10
04:43,04:43:00,5,10,-5,1,1,REGULAR,79,T. WILLIAMS,1,rebound,82,81,[],defensive,0,50,Trevion Lamon,Williams,Trevion Lamon,Williams,T,W,T,W,T. Williams,BAHÇESEHIR KOLEJI,BSK,T. Williams,50,,,,,,REB,,BAHÇESEHIR KOLEJI rebound defensive,,,,,,,,,0,28,2.0,def_reb,0,5,0,10
04:34,04:34:00,5,10,-5,1,1,REGULAR,73,M. PONITKA,1,turnover,83,,[],badpass,0,28,Mateusz Michal,Ponitka,Mateusz Michal,Ponitka,M,P,M,P,M. Ponitka,BAHÇESEHIR KOLEJI,BSK,M. Ponitka,28,,,,,,TO,,BAHÇESEHIR KOLEJI M. PONITKA turnover badpass,,,,,,,,,0,29,1.0,turnover,0,5,0,10
04:34,04:34:00,5,10,-5,2,1,REGULAR,25,L. GALLOWAY,1,steal,84,83,[],,0,9,Langston Arnold ,Galloway,Langston Arnold ,Galloway,L,G,L,G,L. Galloway,ESENLER EROKSPOR,ERK,L. Galloway,9,,,,,,ST,,ESENLER EROKSPOR L. GALLOWAY steal,,,,,,,,,0,30,2.0,,0,5,0,10
04:29,04:29:00,5,12,-7,2,1,REGULAR,24,P. CORNELIE,1,2pt,85,,"['fromturnover', 'pointsinthepaint', 'fastbreak']",alleyoopdunk,1,12,Petr  Willlam,Cornelie,Petr  Willlam,Cornelie,P,C,P,C,P. Cornelie,ESENLER EROKSPOR,ERK,P. Cornelie,12,,,95.040000915527,54.349998474121,1.0,P2,made,ESENLER EROKSPOR P. CORNELIE 2Pt made,26.0,2.0,J. CRAWFORD,,,,,,2,30,2.0,score,0,5,2,12
04:29,04:29:00,5,12,-7,2,1,REGULAR,26,J. CRAWFORD,1,assist,86,85,[],,0,1,Jordon Benjamin,Crawford,Jordon Benjamin,Crawford,J,C,J,C,J. Crawford,ESENLER EROKSPOR,ERK,J. Crawford,1,,,,,,ASS,,ESENLER EROKSPOR J. CRAWFORD assist,,,,,,,,,0,31,1.0,,0,5,0,12
04:03,04:03:00,5,12,-7,1,1,REGULAR,61,K. SIPAHI,0,3pt,87,,[],jumpshot,1,55,Kenan,Sipahi,Kenan,Sipahi,K,S,K,S,K. Sipahi,BAHÇESEHIR KOLEJI,BSK,K. Sipahi,55,,,29.200000762939,70.169998168945,0.0,P3,missed,BAHÇESEHIR KOLEJI K. SIPAHI 3Pt missed,,,,,,,,,0,31,1.0,,0,5,0,12
04:00,04:00:00,5,12,-7,1,1,REGULAR,79,T. WILLIAMS,1,rebound,88,87,[],offensive,0,50,Trevion Lamon,Williams,Trevion Lamon,Williams,T,W,T,W,T. Williams,BAHÇESEHIR KOLEJI,BSK,T. Williams,50,,,,,,REB,,BAHÇESEHIR KOLEJI rebound offensive,,,,,,,,,0,31,1.0,,0,5,0,12
04:00,04:00:00,5,12,-7,1,1,REGULAR,79,T. WILLIAMS,0,2pt,89,,"['2ndchance', 'pointsinthepaint']",layup,1,50,Trevion Lamon,Williams,Trevion Lamon,Williams,T,W,T,W,T. Williams,BAHÇESEHIR KOLEJI,BSK,T. Williams,50,,,4.710000038147,45.590000152588,0.0,P2,missed,BAHÇESEHIR KOLEJI T. WILLIAMS 2Pt missed,,,,,,,,,0,31,1.0,def_reb,0,5,0,12
03:57,03:57:00,5,12,-7,2,1,REGULAR,27,J. SIMMONS,1,rebound,90,89,[],defensive,0,11,Jeremy Byron Jerome,Simmons,Jeremy Byron Jerome,Simmons,J,S,J,S,J. Simmons,ESENLER EROKSPOR,ERK,J. Simmons,11,,,,,,REB,,ESENLER EROKSPOR rebound defensive,,,,,,,,,0,32,2.0,def_reb,0,5,0,12
03:42,03:42:00,5,12,-7,2,1,REGULAR,26,J. CRAWFORD,0,3pt,91,,[],jumpshot,1,1,Jordon Benjamin,Crawford,Jordon Benjamin,Crawford,J,C,J,C,J. Crawford,ESENLER EROKSPOR,ERK,J. Crawford,1,,,72.889999389648,21.579999923706,0.0,P3,missed,ESENLER EROKSPOR J. CRAWFORD 3Pt missed,,,,,,,,,0,33,1.0,def_reb,0,5,0,12
03:39,03:39:00,5,12,-7,1,1,REGULAR,61,K. SIPAHI,1,rebound,92,91,[],defensive,0,55,Kenan,Sipahi,Kenan,Sipahi,K,S,K,S,K. Sipahi,BAHÇESEHIR KOLEJI,BSK,K. Sipahi,55,,,,,,REB,,BAHÇESEHIR KOLEJI rebound defensive,,,,,,,,,0,34,2.0,def_reb,0,5,0,12
03:36,03:36:00,5,12,-7,1,1,REGULAR,78,H. HALE,0,2pt,93,,"['pointsinthepaint', 'blocked']",layup,1,77,Hunter Jelaun,Hale,Hunter Jelaun,Hale,H,H,H,H,H. Hale,BAHÇESEHIR KOLEJI,BSK,H. Hale,77,,,3.7799999713898,54.919998168945,0.0,P2,missed,BAHÇESEHIR KOLEJI H. HALE 2Pt missed,,,,25.0,2.0,L. GALLOWAY,,,0,35,1.0,,0,5,0,12
03:36,03:36:00,5,12,-7,2,1,REGULAR,25,L. GALLOWAY,1,block,94,93,[],,0,9,Langston Arnold ,Galloway,Langston Arnold ,Galloway,L,G,L,G,L. Galloway,ESENLER EROKSPOR,ERK,L. Galloway,9,,,,,,BS,,ESENLER EROKSPOR L. GALLOWAY block,,,,,,,,,0,35,1.0,,0,5,0,12
03:32,03:32:00,5,12,-7,2,1,REGULAR,24,P. CORNELIE,1,rebound,95,93,[],defensive,0,12,Petr  Willlam,Cornelie,Petr  Willlam,Cornelie,P,C,P,C,P. Cornelie,ESENLER EROKSPOR,ERK,P. Cornelie,12,,,,,,REB,,ESENLER EROKSPOR rebound defensive,,,,,,,,,0,35,1.0,def_reb,0,5,0,12
03:28,03:28:00,5,12,-7,2,1,REGULAR,25,L. GALLOWAY,0,3pt,96,,[],jumpshot,1,9,Langston Arnold ,Galloway,Langston Arnold ,Galloway,L,G,L,G,L. Galloway,ESENLER EROKSPOR,ERK,L. Galloway,9,,,85.680000305176,4.9200000762939,0.0,P3,missed,ESENLER EROKSPOR L. GALLOWAY 3Pt missed,,,,,,,,,0,36,2.0,def_reb,0,5,0,12
03:25,03:25:00,5,12,-7,1,1,REGULAR,74,T. CAVANAUGH,1,rebound,97,96,[],defensive,0,34,Tyler Robert,Cavanaugh,Tyler Robert,Cavanaugh,T,C,T,C,T. Cavanaugh,BAHÇESEHIR KOLEJI,BSK,T. Cavanaugh,34,,,,,,REB,,BAHÇESEHIR KOLEJI rebound defensive,,,,,,,,,0,37,1.0,def_reb,0,5,0,12
03:08,03:08:00,7,12,-5,1,1,REGULAR,74,T. CAVANAUGH,1,2pt,98,,['pointsinthepaint'],layup,1,34,Tyler Robert,Cavanaugh,Tyler Robert,Cavanaugh,T,C,T,C,T. Cavanaugh,BAHÇESEHIR KOLEJI,BSK,T. Cavanaugh,34,,,5.8000001907349,45.310001373291,1.0,P2,made,BAHÇESEHIR KOLEJI T. CAVANAUGH 2Pt made,,,,,,,,,2,38,2.0,score,2,7,0,12
03:02,03:02:00,7,12,-5,1,1,REGULAR,73,M. PONITKA,1,foul,102,,[],personal,0,28,Mateusz Michal,Ponitka,Mateusz Michal,Ponitka,M,P,M,P,M. Ponitka,BAHÇESEHIR KOLEJI,BSK,M. Ponitka,28,,,,,,FOUL,,BAHÇESEHIR KOLEJI M. PONITKA foul personal,,,,,,,,,0,39,1.0,,0,7,0,12
03:02,03:02:00,7,12,-5,2,1,REGULAR,26,J. CRAWFORD,1,foulon,103,102,[],,0,1,Jordon Benjamin,Crawford,Jordon Benjamin,Crawford,J,C,J,C,J. Crawford,ESENLER EROKSPOR,ERK,J. Crawford,1,,,,,,OTHER,,ESENLER EROKSPOR foulon,,,,,,,,,0,39,1.0,,0,7,0,12
03:02,03:02:00,7,12,-5,1,1,REGULAR,74,T. CAVANAUGH,1,substitution,104,,[],out,0,34,Tyler Robert,Cavanaugh,Tyler Robert,Cavanaugh,T,C,T,C,T. Cavanaugh,BAHÇESEHIR KOLEJI,BSK,T. Cavanaugh,34,,,,,,SUB,out,BAHÇESEHIR KOLEJI substitution out,,,,,,,,,0,39,1.0,,0,7,0,12
03:02,03:02:00,7,12,-5,1,1,REGULAR,79,T. WILLIAMS,1,substitution,105,,[],out,0,50,Trevion Lamon,Williams,Trevion Lamon,Williams,T,W,T,W,T. Williams,BAHÇESEHIR KOLEJI,BSK,T. Williams,50,,,,,,SUB,out,BAHÇESEHIR KOLEJI substitution out,,,,,,,,,0,39,1.0,,0,7,0,12
03:02,03:02:00,7,12,-5,1,1,REGULAR,61,K. SIPAHI,1,substitution,106,,[],out,0,55,Kenan,Sipahi,Kenan,Sipahi,K,S,K,S,K. Sipahi,BAHÇESEHIR KOLEJI,BSK,K. Sipahi,55,,,,,,SUB,out,BAHÇESEHIR KOLEJI substitution out,,,,,,,,,0,39,1.0,,0,7,0,12
03:02,03:02:00,7,12,-5,1,1,REGULAR,75,C. HOMESLEY,1,substitution,107,,[],in,0,5,Caleb Allen,Homesley,Caleb Allen,Homesley,C,H,C,H,C. Homesley,BAHÇESEHIR KOLEJI,BSK,C. Homesley,5,,,,,,SUB,in,BAHÇESEHIR KOLEJI substitution in,,,,,,,,,0,39,1.0,,0,7,0,12
03:02,03:02:00,7,12,-5,1,1,REGULAR,77,B. KOPRIVICA,1,substitution,108,,[],in,0,8,Balsa,Koprivica,Balsa,Koprivica,B,K,B,K,B. Koprivica,BAHÇESEHIR KOLEJI,BSK,B. Koprivica,8,,,,,,SUB,in,BAHÇESEHIR KOLEJI substitution in,,,,,,,,,0,39,1.0,,0,7,0,12
03:02,03:02:00,7,12,-5,1,1,REGULAR,3,G. BAS,1,substitution,109,,[],in,0,57,Göktug,Bas,Göktug,Bas,G,B,G,B,G. Bas,BAHÇESEHIR KOLEJI,BSK,G. Bas,57,,,,,,SUB,in,BAHÇESEHIR KOLEJI substitution in,,,,,,,,,0,39,1.0,,0,7,0,12
03:02,03:02:00,7,12,-5,2,1,REGULAR,26,J. CRAWFORD,1,substitution,110,,[],out,0,1,Jordon Benjamin,Crawford,Jordon Benjamin,Crawford,J,C,J,C,J. Crawford,ESENLER EROKSPOR,ERK,J. Crawford,1,,,,,,SUB,out,ESENLER EROKSPOR substitution out,,,,,,,,,0,39,1.0,,0,7,0,12
03:02,03:02:00,7,12,-5,2,1,REGULAR,27,J. SIMMONS,1,substitution,111,,[],out,0,11,Jeremy Byron Jerome,Simmons,Jeremy Byron Jerome,Simmons,J,S,J,S,J. Simmons,ESENLER EROKSPOR,ERK,J. Simmons,11,,,,,,SUB,out,ESENLER EROKSPOR substitution out,,,,,,,,,0,39,1.0,,0,7,0,12
03:02,03:02:00,7,12,-5,2,1,REGULAR,20,E. ARNA,1,substitution,112,,[],out,0,18,Egehan,Arna,Egehan,Arna,E,A,E,A,E. Arna,ESENLER EROKSPOR,ERK,E. Arna,18,,,,,,SUB,out,ESENLER EROKSPOR substitution out,,,,,,,,,0,39,1.0,,0,7,0,12
03:02,03:02:00,7,12,-5,2,1,REGULAR,60,K. PANGOS,1,substitution,113,,[],in,0,4,Kevin Joseph,Pangos,Kevin Joseph,Pangos,K,P,K,P,K. Pangos,ESENLER EROKSPOR,ERK,K. Pangos,4,,,,,,SUB,in,ESENLER EROKSPOR substitution in,,,,,,,,,0,39,1.0,,0,7,0,12
03:02,03:02:00,7,12,-5,2,1,REGULAR,28,J. LOVE,1,substitution,114,,[],in,0,22,Jermaine,Love,Jermaine,Love,J,L,J,L,J. Love,ESENLER EROKSPOR,ERK,J. Love,22,,,,,,SUB,in,ESENLER EROKSPOR substitution in,,,,,,,,,0,39,1.0,,0,7,0,12
03:02,03:02:00,7,12,-5,2,1,REGULAR,19,A. DUVERIOGLU,1,substitution,115,,[],in,0,44,Ahmet,Duverioglu,Ahmet,Duverioglu,A,D,A,D,A. Duverioglu,ESENLER EROKSPOR,ERK,A. Duverioglu,44,,,,,,SUB,in,ESENLER EROKSPOR substitution in,,,,,,,,,0,39,1.0,,0,7,0,12
02:45,02:45:00,7,12,-5,2,1,REGULAR,25,L. GALLOWAY,0,3pt,117,,[],jumpshot,1,9,Langston Arnold ,Galloway,Langston Arnold ,Galloway,L,G,L,G,L. Galloway,ESENLER EROKSPOR,ERK,L. Galloway,9,,,79.129997253418,14.239999771118,0.0,P3,missed,ESENLER EROKSPOR L. GALLOWAY 3Pt missed,,,,,,,,,0,39,1.0,def_reb,0,7,0,12
02:43,02:43:00,7,12,-5,1,1,REGULAR,78,H. HALE,1,rebound,118,117,[],defensive,0,77,Hunter Jelaun,Hale,Hunter Jelaun,Hale,H,H,H,H,H. Hale,BAHÇESEHIR KOLEJI,BSK,H. Hale,77,,,,,,REB,,BAHÇESEHIR KOLEJI rebound defensive,,,,,,,,,0,40,2.0,def_reb,0,7,0,12
02:24,02:24:00,7,12,-5,1,1,REGULAR,77,B. KOPRIVICA,1,turnover,120,,[],travel,0,8,Balsa,Koprivica,Balsa,Koprivica,B,K,B,K,B. Koprivica,BAHÇESEHIR KOLEJI,BSK,B. Koprivica,8,,,,,,TO,,BAHÇESEHIR KOLEJI B. KOPRIVICA turnover travel,,,,,,,,,0,41,1.0,turnover,0,7,0,12
02:15,02:15:00,7,14,-7,2,1,REGULAR,19,A. DUVERIOGLU,1,2pt,122,,"['fromturnover', 'pointsinthepaint']",alleyoop,1,44,Ahmet,Duverioglu,Ahmet,Duverioglu,A,D,A,D,A. Duverioglu,ESENLER EROKSPOR,ERK,A. Duverioglu,44,,,95.040000915527,58.869998931885,1.0,P2,made,ESENLER EROKSPOR A. DUVERIOGLU 2Pt made,25.0,2.0,L. GALLOWAY,,,,,,2,42,2.0,score,0,7,2,14
02:15,02:15:00,7,14,-7,2,1,REGULAR,25,L. GALLOWAY,1,assist,123,122,[],,0,9,Langston Arnold ,Galloway,Langston Arnold ,Galloway,L,G,L,G,L. Galloway,ESENLER EROKSPOR,ERK,L. Galloway,9,,,,,,ASS,,ESENLER EROKSPOR L. GALLOWAY assist,,,,,,,,,0,43,1.0,,0,7,0,14
02:03,02:03:00,7,14,-7,1,1,REGULAR,78,H. HALE,0,2pt,124,,['pointsinthepaint'],layup,1,77,Hunter Jelaun,Hale,Hunter Jelaun,Hale,H,H,H,H,H. Hale,BAHÇESEHIR KOLEJI,BSK,H. Hale,77,,,5.3400001525879,58.310001373291,0.0,P2,missed,BAHÇESEHIR KOLEJI H. HALE 2Pt missed,,,,,,,,,0,43,1.0,,0,7,0,14
02:00,02:00:00,7,14,-7,1,1,REGULAR,77,B. KOPRIVICA,1,rebound,127,124,[],offensive,0,8,Balsa,Koprivica,Balsa,Koprivica,B,K,B,K,B. Koprivica,BAHÇESEHIR KOLEJI,BSK,B. Koprivica,8,,,,,,REB,,BAHÇESEHIR KOLEJI rebound offensive,,,,,,,,,0,43,1.0,,0,7,0,14
02:00,02:00:00,7,14,-7,2,1,REGULAR,24,P. CORNELIE,1,foul,129,,"['shooting', '2freethrow']",personal,0,12,Petr  Willlam,Cornelie,Petr  Willlam,Cornelie,P,C,P,C,P. Cornelie,ESENLER EROKSPOR,ERK,P. Cornelie,12,,,,,,FOUL,,ESENLER EROKSPOR P. CORNELIE foul personal,,,,,,,,,0,43,1.0,,0,7,0,14
02:00,02:00:00,7,14,-7,1,1,REGULAR,77,B. KOPRIVICA,1,foulon,130,129,[],,0,8,Balsa,Koprivica,Balsa,Koprivica,B,K,B,K,B. Koprivica,BAHÇESEHIR KOLEJI,BSK,B. Koprivica,8,,,,,,OTHER,,BAHÇESEHIR KOLEJI foulon,,,,,,,,,0,43,1.0,,0,7,0,14
02:00,02:00:00,8,14,-6,1,1,REGULAR,77,B. KOPRIVICA,1,freethrow,131,,['2ndchance'],1of2,1,8,Balsa,Koprivica,Balsa,Koprivica,B,K,B,K,B. Koprivica,BAHÇESEHIR KOLEJI,BSK,B. Koprivica,8,,,,,,FT,made,BAHÇESEHIR KOLEJI B. KOPRIVICA FT 1of2 made,,,,,,,,,1,43,1.0,made_ft,1,8,0,14
02:00,02:00:00,8,14,-6,1,1,REGULAR,77,B. KOPRIVICA,0,freethrow,132,,['2ndchance'],2of2,1,8,Balsa,Koprivica,Balsa,Koprivica,B,K,B,K,B. Koprivica,BAHÇESEHIR KOLEJI,BSK,B. Koprivica,8,,,,,,FT,missed,BAHÇESEHIR KOLEJI B. KOPRIVICA FT 2of2 missed,,,,,,,,,0,44,2.0,def_reb,0,8,0,14
02:00,02:00:00,8,14,-6,2,1,REGULAR,24,P. CORNELIE,1,rebound,134,132,[],defensive,0,12,Petr  Willlam,Cornelie,Petr  Willlam,Cornelie,P,C,P,C,P. Cornelie,ESENLER EROKSPOR,ERK,P. Cornelie,12,,,,,,REB,,ESENLER EROKSPOR rebound defensive,,,,,,,,,0,45,1.0,def_reb,0,8,0,14
01:59,01:59:00,8,14,-6,2,1,REGULAR,24,P. CORNELIE,1,turnover,135,,[],ballhandling,0,12,Petr  Willlam,Cornelie,Petr  Willlam,Cornelie,P,C,P,C,P. Cornelie,ESENLER EROKSPOR,ERK,P. Cornelie,12,,,,,,TO,,ESENLER EROKSPOR P. CORNELIE turnover ballhandling,,,,,,,,,0,46,2.0,turnover,0,8,0,14
01:59,01:59:00,8,14,-6,1,1,REGULAR,73,M. PONITKA,1,steal,137,135,[],,0,28,Mateusz Michal,Ponitka,Mateusz Michal,Ponitka,M,P,M,P,M. Ponitka,BAHÇESEHIR KOLEJI,BSK,M. Ponitka,28,,,,,,ST,,BAHÇESEHIR KOLEJI M. PONITKA steal,,,,,,,,,0,47,1.0,,0,8,0,14
01:58,01:58:00,8,14,-6,2,1,REGULAR,19,A. DUVERIOGLU,1,foul,139,,"['shooting', '2freethrow']",personal,0,44,Ahmet,Duverioglu,Ahmet,Duverioglu,A,D,A,D,A. Duverioglu,ESENLER EROKSPOR,ERK,A. Duverioglu,44,,,,,,FOUL,,ESENLER EROKSPOR A. DUVERIOGLU foul personal,,,,,,,,,0,47,1.0,,0,8,0,14
01:58,01:58:00,8,14,-6,1,1,REGULAR,75,C. HOMESLEY,1,foulon,140,139,[],,0,5,Caleb Allen,Homesley,Caleb Allen,Homesley,C,H,C,H,C. Homesley,BAHÇESEHIR KOLEJI,BSK,C. Homesley,5,,,,,,OTHER,,BAHÇESEHIR KOLEJI foulon,,,,,,,,,0,47,1.0,,0,8,0,14
01:58,01:58:00,9,14,-5,1,1,REGULAR,75,C. HOMESLEY,1,freethrow,141,,['fromturnover'],1of2,1,5,Caleb Allen,Homesley,Caleb Allen,Homesley,C,H,C,H,C. Homesley,BAHÇESEHIR KOLEJI,BSK,C. Homesley,5,,,,,,FT,made,BAHÇESEHIR KOLEJI C. HOMESLEY FT 1of2 made,,,,,,,,,1,47,1.0,made_ft,1,9,0,14
01:58,01:58:00,10,14,-4,1,1,REGULAR,75,C. HOMESLEY,1,freethrow,142,,['fromturnover'],2of2,1,5,Caleb Allen,Homesley,Caleb Allen,Homesley,C,H,C,H,C. Homesley,BAHÇESEHIR KOLEJI,BSK,C. Homesley,5,,,,,,FT,made,BAHÇESEHIR KOLEJI C. HOMESLEY FT 2of2 made,,,,,,,,,1,48,2.0,made_ft_last,1,10,0,14
01:58,01:58:00,9,14,-5,1,1,REGULAR,73,M. PONITKA,1,assist,144,141,[],,0,28,Mateusz Michal,Ponitka,Mateusz Michal,Ponitka,M,P,M,P,M. Ponitka,BAHÇESEHIR KOLEJI,BSK,M. Ponitka,28,,,,,,ASS,,BAHÇESEHIR KOLEJI M. PONITKA assist,,,,,,,,,0,49,1.0,,0,10,0,14
01:43,01:43:00,10,17,-7,2,1,REGULAR,24,P. CORNELIE,1,3pt,145,,[],jumpshot,1,12,Petr  Willlam,Cornelie,Petr  Willlam,Cornelie,P,C,P,C,P. Cornelie,ESENLER EROKSPOR,ERK,P. Cornelie,12,,,74.76000213623,81.190002441406,1.0,P3,made,ESENLER EROKSPOR P. CORNELIE 3Pt made,25.0,2.0,L. GALLOWAY,,,,,,3,49,1.0,score,0,10,3,17
01:43,01:43:00,10,17,-7,2,1,REGULAR,25,L. GALLOWAY,1,assist,146,145,[],,0,9,Langston Arnold ,Galloway,Langston Arnold ,Galloway,L,G,L,G,L. Galloway,ESENLER EROKSPOR,ERK,L. Galloway,9,,,,,,ASS,,ESENLER EROKSPOR L. GALLOWAY assist,,,,,,,,,0,50,2.0,,0,10,0,17
01:24,01:24:00,12,17,-5,1,1,REGULAR,75,C. HOMESLEY,1,2pt,150,,['pointsinthepaint'],drivinglayup,1,5,Caleb Allen,Homesley,Caleb Allen,Homesley,C,H,C,H,C. Homesley,BAHÇESEHIR KOLEJI,BSK,C. Homesley,5,,,4.8699998855591,54.349998474121,1.0,P2,made,BAHÇESEHIR KOLEJI C. HOMESLEY 2Pt made,,,,,,,,,2,50,2.0,score,2,12,0,17
01:24,01:24:00,12,17,-5,2,1,REGULAR,24,P. CORNELIE,1,foul,151,,"['shooting', '1freethrow']",personal,0,12,Petr  Willlam,Cornelie,Petr  Willlam,Cornelie,P,C,P,C,P. Cornelie,ESENLER EROKSPOR,ERK,P. Cornelie,12,,,,,,FOUL,,ESENLER EROKSPOR P. CORNELIE foul personal,,,,,,,,,0,51,1.0,,0,12,0,17
01:24,01:24:00,12,17,-5,1,1,REGULAR,75,C. HOMESLEY,1,foulon,152,151,[],,0,5,Caleb Allen,Homesley,Caleb Allen,Homesley,C,H,C,H,C. Homesley,BAHÇESEHIR KOLEJI,BSK,C. Homesley,5,,,,,,OTHER,,BAHÇESEHIR KOLEJI foulon,,,,,,,,,0,51,1.0,,0,12,0,17
01:24,01:24:00,13,17,-4,1,1,REGULAR,75,C. HOMESLEY,1,freethrow,153,,[],1of1,1,5,Caleb Allen,Homesley,Caleb Allen,Homesley,C,H,C,H,C. Homesley,BAHÇESEHIR KOLEJI,BSK,C. Homesley,5,,,,,,FT,made,BAHÇESEHIR KOLEJI C. HOMESLEY FT 1of1 made,,,,,,,,,1,51,1.0,made_ft_last,1,13,0,17
01:14,01:14:00,13,17,-4,1,1,REGULAR,3,G. BAS,1,foul,158,,[],personal,0,57,Göktug,Bas,Göktug,Bas,G,B,G,B,G. Bas,BAHÇESEHIR KOLEJI,BSK,G. Bas,57,,,,,,FOUL,,BAHÇESEHIR KOLEJI G. BAS foul personal,,,,,,,,,0,52,2.0,,0,13,0,17
01:14,01:14:00,13,17,-4,2,1,REGULAR,24,P. CORNELIE,1,foulon,159,158,[],,0,12,Petr  Willlam,Cornelie,Petr  Willlam,Cornelie,P,C,P,C,P. Cornelie,ESENLER EROKSPOR,ERK,P. Cornelie,12,,,,,,OTHER,,ESENLER EROKSPOR foulon,,,,,,,,,0,52,2.0,,0,13,0,17
01:02,01:02:00,13,17,-4,2,1,REGULAR,28,J. LOVE,0,3pt,161,,[],jumpshot,1,22,Jermaine,Love,Jermaine,Love,J,L,J,L,J. Love,ESENLER EROKSPOR,ERK,J. Love,22,,,78.809997558594,90.790000915527,0.0,P3,missed,ESENLER EROKSPOR J. LOVE 3Pt missed,,,,,,,,,0,52,2.0,,0,13,0,17
00:59,00:59:50,13,17,-4,2,1,REGULAR,19,A. DUVERIOGLU,1,rebound,162,161,[],offensive,0,44,Ahmet,Duverioglu,Ahmet,Duverioglu,A,D,A,D,A. Duverioglu,ESENLER EROKSPOR,ERK,A. Duverioglu,44,,,,,,REB,,ESENLER EROKSPOR rebound offensive,,,,,,,,,0,52,2.0,,0,13,0,17
00:57,00:57:40,13,17,-4,1,1,REGULAR,77,B. KOPRIVICA,1,foul,164,,"['shooting', '2freethrow']",personal,0,8,Balsa,Koprivica,Balsa,Koprivica,B,K,B,K,B. Koprivica,BAHÇESEHIR KOLEJI,BSK,B. Koprivica,8,,,,,,FOUL,,BAHÇESEHIR KOLEJI B. KOPRIVICA foul personal,,,,,,,,,0,52,2.0,,0,13,0,17
00:57,00:57:40,13,17,-4,2,1,REGULAR,19,A. DUVERIOGLU,1,foulon,165,164,[],,0,44,Ahmet,Duverioglu,Ahmet,Duverioglu,A,D,A,D,A. Duverioglu,ESENLER EROKSPOR,ERK,A. Duverioglu,44,,,,,,OTHER,,ESENLER EROKSPOR foulon,,,,,,,,,0,52,2.0,,0,13,0,17
00:57,00:57:40,13,17,-4,2,1,REGULAR,24,P. CORNELIE,1,substitution,166,,[],out,0,12,Petr  Willlam,Cornelie,Petr  Willlam,Cornelie,P,C,P,C,P. Cornelie,ESENLER EROKSPOR,ERK,P. Cornelie,12,,,,,,SUB,out,ESENLER EROKSPOR substitution out,,,,,,,,,0,52,2.0,,0,13,0,17
00:57,00:57:40,13,17,-4,2,1,REGULAR,22,T. THURMAN,1,substitution,167,,[],in,0,15,Tre'shawn Marcel,Thurman,Tre'shawn Marcel,Thurman,T,T,T,T,T. Thurman,ESENLER EROKSPOR,ERK,T. Thurman,15,,,,,,SUB,in,ESENLER EROKSPOR substitution in,,,,,,,,,0,52,2.0,,0,13,0,17
00:57,00:57:40,13,18,-5,2,1,REGULAR,19,A. DUVERIOGLU,1,freethrow,168,,['2ndchance'],1of2,1,44,Ahmet,Duverioglu,Ahmet,Duverioglu,A,D,A,D,A. Duverioglu,ESENLER EROKSPOR,ERK,A. Duverioglu,44,,,,,,FT,made,ESENLER EROKSPOR A. DUVERIOGLU FT 1of2 made,,,,,,,,,1,52,2.0,made_ft,0,13,1,18
00:57,00:57:40,13,19,-6,2,1,REGULAR,19,A. DUVERIOGLU,1,freethrow,169,,['2ndchance'],2of2,1,44,Ahmet,Duverioglu,Ahmet,Duverioglu,A,D,A,D,A. Duverioglu,ESENLER EROKSPOR,ERK,A. Duverioglu,44,,,,,,FT,made,ESENLER EROKSPOR A. DUVERIOGLU FT 2of2 made,,,,,,,,,1,53,1.0,made_ft_last,0,13,1,19
00:57,00:57:40,13,19,-6,1,1,REGULAR,3,G. BAS,1,substitution,170,,[],out,0,57,Göktug,Bas,Göktug,Bas,G,B,G,B,G. Bas,BAHÇESEHIR KOLEJI,BSK,G. Bas,57,,,,,,SUB,out,BAHÇESEHIR KOLEJI substitution out,,,,,,,,,0,54,2.0,,0,13,0,19
00:57,00:57:40,13,19,-6,1,1,REGULAR,78,H. HALE,1,substitution,171,,[],out,0,77,Hunter Jelaun,Hale,Hunter Jelaun,Hale,H,H,H,H,H. Hale,BAHÇESEHIR KOLEJI,BSK,H. Hale,77,,,,,,SUB,out,BAHÇESEHIR KOLEJI substitution out,,,,,,,,,0,54,2.0,,0,13,0,19
00:57,00:57:40,13,19,-6,1,1,REGULAR,76,M. MITCHELL II,1,substitution,172,,[],in,0,11,Matthew Antonio,Mitchell Ii,Matthew Antonio,Mitchell Ii,M,M,M,M,M. Mitchell Ii,BAHÇESEHIR KOLEJI,BSK,M. Mitchell Ii,11,,,,,,SUB,in,BAHÇESEHIR KOLEJI substitution in,,,,,,,,,0,54,2.0,,0,13,0,19
00:57,00:57:40,13,19,-6,1,1,REGULAR,1,I. AKPINAR,1,substitution,173,,[],in,0,33,Ismet,Akpinar,Ismet,Akpinar,I,A,I,A,I. Akpinar,BAHÇESEHIR KOLEJI,BSK,I. Akpinar,33,,,,,,SUB,in,BAHÇESEHIR KOLEJI substitution in,,,,,,,,,0,54,2.0,,0,13,0,19
00:38,00:38:20,13,19,-6,1,1,REGULAR,77,B. KOPRIVICA,0,2pt,175,,"['pointsinthepaint', 'blocked']",dunk,1,8,Balsa,Koprivica,Balsa,Koprivica,B,K,B,K,B. Koprivica,BAHÇESEHIR KOLEJI,BSK,B. Koprivica,8,,,5.8000001907349,58.310001373291,0.0,P2,missed,BAHÇESEHIR KOLEJI B. KOPRIVICA 2Pt missed,,,,19.0,2.0,A. DUVERIOGLU,,,0,54,2.0,,0,13,0,19
00:38,00:38:20,13,19,-6,2,1,REGULAR,19,A. DUVERIOGLU,1,block,176,175,[],,0,44,Ahmet,Duverioglu,Ahmet,Duverioglu,A,D,A,D,A. Duverioglu,ESENLER EROKSPOR,ERK,A. Duverioglu,44,,,,,,BS,,ESENLER EROKSPOR A. DUVERIOGLU block,,,,,,,,,0,54,2.0,,0,13,0,19
00:34,00:34:30,13,19,-6,1,1,REGULAR,77,B. KOPRIVICA,1,rebound,177,175,[],offensive,0,8,Balsa,Koprivica,Balsa,Koprivica,B,K,B,K,B. Koprivica,BAHÇESEHIR KOLEJI,BSK,B. Koprivica,8,,,,,,REB,,BAHÇESEHIR KOLEJI rebound offensive,,,,,,,,,0,54,2.0,,0,13,0,19
00:32,00:32:40,13,19,-6,1,1,REGULAR,75,C. HOMESLEY,0,3pt,178,,['2ndchance'],jumpshot,1,5,Caleb Allen,Homesley,Caleb Allen,Homesley,C,H,C,H,C. Homesley,BAHÇESEHIR KOLEJI,BSK,C. Homesley,5,,,12.670000076294,5.7600002288818,0.0,P3,missed,BAHÇESEHIR KOLEJI C. HOMESLEY 3Pt missed,,,,,,,,,0,54,2.0,def_reb,0,13,0,19
00:30,00:30:10,13,19,-6,2,1,REGULAR,19,A. DUVERIOGLU,1,rebound,179,178,[],defensive,0,44,Ahmet,Duverioglu,Ahmet,Duverioglu,A,D,A,D,A. Duverioglu,ESENLER EROKSPOR,ERK,A. Duverioglu,44,,,,,,REB,,ESENLER EROKSPOR rebound defensive,,,,,,,,,0,55,1.0,def_reb,0,13,0,19
00:22,00:22:70,13,19,-6,1,1,REGULAR,77,B. KOPRIVICA,1,foul,183,,['2freethrow'],unsportsmanlike,0,8,Balsa,Koprivica,Balsa,Koprivica,B,K,B,K,B. Koprivica,BAHÇESEHIR KOLEJI,BSK,B. Koprivica,8,,,,,,FOUL,,BAHÇESEHIR KOLEJI B. KOPRIVICA foul unsportsmanlike,,,,,,,,,0,56,2.0,,0,13,0,19
00:22,00:22:70,13,19,-6,2,1,REGULAR,28,J. LOVE,1,foulon,184,183,[],,0,22,Jermaine,Love,Jermaine,Love,J,L,J,L,J. Love,ESENLER EROKSPOR,ERK,J. Love,22,,,,,,OTHER,,ESENLER EROKSPOR foulon,,,,,,,,,0,56,2.0,,0,13,0,19
00:22,00:22:70,13,19,-6,1,1,REGULAR,77,B. KOPRIVICA,1,substitution,185,,[],out,0,8,Balsa,Koprivica,Balsa,Koprivica,B,K,B,K,B. Koprivica,BAHÇESEHIR KOLEJI,BSK,B. Koprivica,8,,,,,,SUB,out,BAHÇESEHIR KOLEJI substitution out,,,,,,,,,0,56,2.0,,0,13,0,19
00:22,00:22:70,13,19,-6,1,1,REGULAR,63,F. HALTALI,1,substitution,186,,[],in,0,14,Furkan,Haltali,Furkan,Haltali,F,H,F,H,F. Haltali,BAHÇESEHIR KOLEJI,BSK,F. Haltali,14,,,,,,SUB,in,BAHÇESEHIR KOLEJI substitution in,,,,,,,,,0,56,2.0,,0,13,0,19
00:22,00:22:70,13,20,-7,2,1,REGULAR,28,J. LOVE,1,freethrow,187,,['fastbreak'],1of2,1,22,Jermaine,Love,Jermaine,Love,J,L,J,L,J. Love,ESENLER EROKSPOR,ERK,J. Love,22,,,,,,FT,made,ESENLER EROKSPOR J. LOVE FT 1of2 made,,,,,,,,,1,56,2.0,made_ft,0,13,1,20
00:22,00:22:70,13,21,-8,2,1,REGULAR,28,J. LOVE,1,freethrow,188,,['fastbreak'],2of2,1,22,Jermaine,Love,Jermaine,Love,J,L,J,L,J. Love,ESENLER EROKSPOR,ERK,J. Love,22,,,,,,FT,made,ESENLER EROKSPOR J. LOVE FT 2of2 made,,,,,,,,,1,57,1.0,made_ft_last,0,13,1,21
00:13,00:13:20,13,21,-8,2,1,REGULAR,19,A. DUVERIOGLU,0,2pt,190,,['pointsinthepaint'],alleyoop,1,44,Ahmet,Duverioglu,Ahmet,Duverioglu,A,D,A,D,A. Duverioglu,ESENLER EROKSPOR,ERK,A. Duverioglu,44,,,93.790000915527,53.220001220703,0.0,P2,missed,ESENLER EROKSPOR A. DUVERIOGLU 2Pt missed,,,,,,,,,0,58,2.0,def_reb,0,13,0,21
00:10,00:10:40,13,21,-8,1,1,REGULAR,73,M. PONITKA,1,rebound,191,190,[],defensive,0,28,Mateusz Michal,Ponitka,Mateusz Michal,Ponitka,M,P,M,P,M. Ponitka,BAHÇESEHIR KOLEJI,BSK,M. Ponitka,28,,,,,,REB,,BAHÇESEHIR KOLEJI rebound defensive,,,,,,,,,0,59,1.0,def_reb,0,13,0,21
00:02,00:02:10,13,21,-8,1,1,REGULAR,73,M. PONITKA,0,3pt,192,,[],stepbackjumpshot,1,28,Mateusz Michal,Ponitka,Mateusz Michal,Ponitka,M,P,M,P,M. Ponitka,BAHÇESEHIR KOLEJI,BSK,M. Ponitka,28,,,16.260000228882,91.639999389648,0.0,P3,missed,BAHÇESEHIR KOLEJI M. PONITKA 3Pt missed,,,,,,,,,0,60,2.0,def_reb,0,13,0,21
00:00,00:00:00,13,21,-8,2,1,REGULAR,25,L. GALLOWAY,1,rebound,194,192,[],defensive,0,9,Langston Arnold ,Galloway,Langston Arnold ,Galloway,L,G,L,G,L. Galloway,ESENLER EROKSPOR,ERK,L. Galloway,9,,,,,,REB,,ESENLER EROKSPOR rebound defensive,,,,,,,,,0,61,1.0,def_reb,0,13,0,21
00:00,00:00:00,13,21,-8,0,1,REGULAR,0,,1,period,195,,['confirmed'],end,0,,,,,,,,,,,,,,,,,,,,OTHER,,period end,,,,,,,,,0,62,2.0,,0,13,0,21
10:00,10:00:00,13,21,-8,1,2,REGULAR,73,M. PONITKA,1,substitution,196,,[],out,0,28,Mateusz Michal,Ponitka,Mateusz Michal,Ponitka,M,P,M,P,M. Ponitka,BAHÇESEHIR KOLEJI,BSK,M. Ponitka,28,,,,,,SUB,out,BAHÇESEHIR KOLEJI substitution out,,,,,,,,,0,62,2.0,,0,13,0,21
10:00,10:00:00,13,21,-8,1,2,REGULAR,74,T. CAVANAUGH,1,substitution,197,,[],in,0,34,Tyler Robert,Cavanaugh,Tyler Robert,Cavanaugh,T,C,T,C,T. Cavanaugh,BAHÇESEHIR KOLEJI,BSK,T. Cavanaugh,34,,,,,,SUB,in,BAHÇESEHIR KOLEJI substitution in,,,,,,,,,0,62,2.0,,0,13,0,21
10:00,10:00:00,13,21,-8,0,2,REGULAR,0,,1,period,198,,[],start,0,,,,,,,,,,,,,,,,,,,,OTHER,,period start,,,,,,,,,0,62,2.0,,0,13,0,21
09:50,09:50:00,13,21,-8,2,2,REGULAR,28,J. LOVE,0,2pt,200,,[],jumpshot,1,22,Jermaine,Love,Jermaine,Love,J,L,J,L,J. Love,ESENLER EROKSPOR,ERK,J. Love,22,,,78.809997558594,79.209999084473,0.0,P2,missed,ESENLER EROKSPOR J. LOVE 2Pt missed,,,,,,,,,0,62,2.0,def_reb,0,13,0,21
09:47,09:47:00,13,21,-8,1,2,REGULAR,76,M. MITCHELL II,1,rebound,201,200,[],defensive,0,11,Matthew Antonio,Mitchell Ii,Matthew Antonio,Mitchell Ii,M,M,M,M,M. Mitchell Ii,BAHÇESEHIR KOLEJI,BSK,M. Mitchell Ii,11,,,,,,REB,,BAHÇESEHIR KOLEJI rebound defensive,,,,,,,,,0,63,1.0,def_reb,0,13,0,21
09:30,09:30:00,15,21,-6,1,2,REGULAR,76,M. MITCHELL II,1,2pt,202,,['pointsinthepaint'],jumpshot,1,11,Matthew Antonio,Mitchell Ii,Matthew Antonio,Mitchell Ii,M,M,M,M,M. Mitchell Ii,BAHÇESEHIR KOLEJI,BSK,M. Mitchell Ii,11,,,17.659999847412,46.159999847412,1.0,P2,made,BAHÇESEHIR KOLEJI M. MITCHELL II 2Pt made,,,,,,,,,2,64,2.0,score,2,15,0,21
09:07,09:07:00,15,21,-6,1,2,REGULAR,1,I. AKPINAR,1,foul,204,,"['shooting', '2freethrow']",personal,0,33,Ismet,Akpinar,Ismet,Akpinar,I,A,I,A,I. Akpinar,BAHÇESEHIR KOLEJI,BSK,I. Akpinar,33,,,,,,FOUL,,BAHÇESEHIR KOLEJI I. AKPINAR foul personal,,,,,,,,,0,65,1.0,,0,15,0,21
09:07,09:07:00,15,21,-6,2,2,REGULAR,19,A. DUVERIOGLU,1,foulon,205,204,[],,0,44,Ahmet,Duverioglu,Ahmet,Duverioglu,A,D,A,D,A. Duverioglu,ESENLER EROKSPOR,ERK,A. Duverioglu,44,,,,,,OTHER,,ESENLER EROKSPOR foulon,,,,,,,,,0,65,1.0,,0,15,0,21
09:07,09:07:00,15,22,-7,2,2,REGULAR,19,A. DUVERIOGLU,1,freethrow,206,,[],1of2,1,44,Ahmet,Duverioglu,Ahmet,Duverioglu,A,D,A,D,A. Duverioglu,ESENLER EROKSPOR,ERK,A. Duverioglu,44,,,,,,FT,made,ESENLER EROKSPOR A. DUVERIOGLU FT 1of2 made,,,,,,,,,1,65,1.0,made_ft,0,15,1,22
09:07,09:07:00,15,22,-7,2,2,REGULAR,60,K. PANGOS,1,assist,207,206,[],,0,4,Kevin Joseph,Pangos,Kevin Joseph,Pangos,K,P,K,P,K. Pangos,ESENLER EROKSPOR,ERK,K. Pangos,4,,,,,,ASS,,ESENLER EROKSPOR K. PANGOS assist,,,,,,,,,0,66,2.0,,0,15,0,22
09:07,09:07:00,15,22,-7,2,2,REGULAR,19,A. DUVERIOGLU,0,freethrow,208,,[],2of2,1,44,Ahmet,Duverioglu,Ahmet,Duverioglu,A,D,A,D,A. Duverioglu,ESENLER EROKSPOR,ERK,A. Duverioglu,44,,,,,,FT,missed,ESENLER EROKSPOR A. DUVERIOGLU FT 2of2 missed,,,,,,,,,0,66,2.0,def_reb,0,15,0,22
09:07,09:07:00,15,22,-7,1,2,REGULAR,76,M. MITCHELL II,1,rebound,210,208,[],defensive,0,11,Matthew Antonio,Mitchell Ii,Matthew Antonio,Mitchell Ii,M,M,M,M,M. Mitchell Ii,BAHÇESEHIR KOLEJI,BSK,M. Mitchell Ii,11,,,,,,REB,,BAHÇESEHIR KOLEJI rebound defensive,,,,,,,,,0,67,1.0,def_reb,0,15,0,22
08:58,08:58:00,15,22,-7,2,2,REGULAR,25,L. GALLOWAY,1,foul,212,,[],personal,0,9,Langston Arnold ,Galloway,Langston Arnold ,Galloway,L,G,L,G,L. Galloway,ESENLER EROKSPOR,ERK,L. Galloway,9,,,,,,FOUL,,ESENLER EROKSPOR L. GALLOWAY foul personal,,,,,,,,,0,68,2.0,,0,15,0,22
08:58,08:58:00,15,22,-7,1,2,REGULAR,76,M. MITCHELL II,1,foulon,213,212,[],,0,11,Matthew Antonio,Mitchell Ii,Matthew Antonio,Mitchell Ii,M,M,M,M,M. Mitchell Ii,BAHÇESEHIR KOLEJI,BSK,M. Mitchell Ii,11,,,,,,OTHER,,BAHÇESEHIR KOLEJI foulon,,,,,,,,,0,68,2.0,,0,15,0,22
08:50,08:50:00,15,22,-7,1,2,REGULAR,76,M. MITCHELL II,1,turnover,215,,[],ballhandling,0,11,Matthew Antonio,Mitchell Ii,Matthew Antonio,Mitchell Ii,M,M,M,M,M. Mitchell Ii,BAHÇESEHIR KOLEJI,BSK,M. Mitchell Ii,11,,,,,,TO,,BAHÇESEHIR KOLEJI M. MITCHELL II turnover ballhandling,,,,,,,,,0,68,2.0,turnover,0,15,0,22
08:50,08:50:00,15,22,-7,2,2,REGULAR,60,K. PANGOS,1,steal,216,215,[],,0,4,Kevin Joseph,Pangos,Kevin Joseph,Pangos,K,P,K,P,K. Pangos,ESENLER EROKSPOR,ERK,K. Pangos,4,,,,,,ST,,ESENLER EROKSPOR K. PANGOS steal,,,,,,,,,0,69,1.0,,0,15,0,22
08:45,08:45:00,15,24,-9,2,2,REGULAR,28,J. LOVE,1,2pt,217,,"['fromturnover', 'pointsinthepaint', 'fastbreak']",layup,1,22,Jermaine,Love,Jermaine,Love,J,L,J,L,J. Love,ESENLER EROKSPOR,ERK,J. Love,22,,,96.910003662109,50.110000610352,1.0,P2,made,ESENLER EROKSPOR J. LOVE 2Pt made,,,,,,,,,2,69,1.0,score,0,15,2,24
08:32,08:32:00,15,24,-9,1,2,REGULAR,1,I. AKPINAR,0,3pt,218,,[],jumpshot,1,33,Ismet,Akpinar,Ismet,Akpinar,I,A,I,A,I. Akpinar,BAHÇESEHIR KOLEJI,BSK,I. Akpinar,33,,,26.079999923706,22.709999084473,0.0,P3,missed,BAHÇESEHIR KOLEJI I. AKPINAR 3Pt missed,,,,,,,,,0,70,2.0,def_reb,0,15,0,24
08:30,08:30:00,15,24,-9,2,2,REGULAR,19,A. DUVERIOGLU,1,rebound,219,218,[],defensive,0,44,Ahmet,Duverioglu,Ahmet,Duverioglu,A,D,A,D,A. Duverioglu,ESENLER EROKSPOR,ERK,A. Duverioglu,44,,,,,,REB,,ESENLER EROKSPOR rebound defensive,,,,,,,,,0,71,1.0,def_reb,0,15,0,24
08:23,08:23:00,15,24,-9,2,2,REGULAR,60,K. PANGOS,1,turnover,220,,[],badpass,0,4,Kevin Joseph,Pangos,Kevin Joseph,Pangos,K,P,K,P,K. Pangos,ESENLER EROKSPOR,ERK,K. Pangos,4,,,,,,TO,,ESENLER EROKSPOR K. PANGOS turnover badpass,,,,,,,,,0,72,2.0,turnover,0,15,0,24
08:23,08:23:00,15,24,-9,1,2,REGULAR,75,C. HOMESLEY,1,steal,221,220,[],,0,5,Caleb Allen,Homesley,Caleb Allen,Homesley,C,H,C,H,C. Homesley,BAHÇESEHIR KOLEJI,BSK,C. Homesley,5,,,,,,ST,,BAHÇESEHIR KOLEJI C. HOMESLEY steal,,,,,,,,,0,73,1.0,,0,15,0,24
08:18,08:18:00,15,24,-9,2,2,REGULAR,22,T. THURMAN,1,foul,225,,[],personal,0,15,Tre'shawn Marcel,Thurman,Tre'shawn Marcel,Thurman,T,T,T,T,T. Thurman,ESENLER EROKSPOR,ERK,T. Thurman,15,,,,,,FOUL,,ESENLER EROKSPOR T. THURMAN foul personal,,,,,,,,,0,73,1.0,,0,15,0,24
08:18,08:18:00,15,24,-9,1,2,REGULAR,75,C. HOMESLEY,1,foulon,226,225,[],,0,5,Caleb Allen,Homesley,Caleb Allen,Homesley,C,H,C,H,C. Homesley,BAHÇESEHIR KOLEJI,BSK,C. Homesley,5,,,,,,OTHER,,BAHÇESEHIR KOLEJI foulon,,,,,,,,,0,73,1.0,,0,15,0,24
08:11,08:11:00,15,24,-9,1,2,REGULAR,1,I. AKPINAR,0,3pt,228,,['fromturnover'],jumpshot,1,33,Ismet,Akpinar,Ismet,Akpinar,I,A,I,A,I. Akpinar,BAHÇESEHIR KOLEJI,BSK,I. Akpinar,33,,,3.9300000667572,98.699996948242,0.0,P3,missed,BAHÇESEHIR KOLEJI I. AKPINAR 3Pt missed,,,,,,,,,0,73,1.0,def_reb,0,15,0,24
08:08,08:08:00,15,24,-9,2,2,REGULAR,28,J. LOVE,1,rebound,229,228,[],defensive,0,22,Jermaine,Love,Jermaine,Love,J,L,J,L,J. Love,ESENLER EROKSPOR,ERK,J. Love,22,,,,,,REB,,ESENLER EROKSPOR rebound defensive,,,,,,,,,0,74,2.0,def_reb,0,15,0,24
08:05,08:05:00,15,24,-9,1,2,REGULAR,74,T. CAVANAUGH,1,foul,233,,[],personal,0,34,Tyler Robert,Cavanaugh,Tyler Robert,Cavanaugh,T,C,T,C,T. Cavanaugh,BAHÇESEHIR KOLEJI,BSK,T. Cavanaugh,34,,,,,,FOUL,,BAHÇESEHIR KOLEJI T. CAVANAUGH foul personal,,,,,,,,,0,75,1.0,,0,15,0,24
08:05,08:05:00,15,24,-9,2,2,REGULAR,28,J. LOVE,1,foulon,234,233,[],,0,22,Jermaine,Love,Jermaine,Love,J,L,J,L,J. Love,ESENLER EROKSPOR,ERK,J. Love,22,,,,,,OTHER,,ESENLER EROKSPOR foulon,,,,,,,,,0,75,1.0,,0,15,0,24
08:05,08:05:00,15,24,-9,2,2,REGULAR,0,,1,timeout,235,,[],full,0,,,,,,,,,,,ESENLER EROKSPOR,ERK,,,,,,,,TIMEOUT,,ESENLER EROKSPOR timeout,,,,,,,,,0,75,1.0,,0,15,0,24
07:54,07:54:00,15,24,-9,2,2,REGULAR,60,K. PANGOS,0,2pt,237,,['pointsinthepaint'],floatingjumpshot,1,4,Kevin Joseph,Pangos,Kevin Joseph,Pangos,K,P,K,P,K. Pangos,ESENLER EROKSPOR,ERK,K. Pangos,4,,,92.699996948242,44.459999084473,0.0,P2,missed,ESENLER EROKSPOR K. PANGOS 2Pt missed,,,,,,,,,0,75,1.0,,0,15,0,24
07:52,07:52:00,15,24,-9,2,2,REGULAR,19,A. DUVERIOGLU,1,rebound,238,237,[],offensive,0,44,Ahmet,Duverioglu,Ahmet,Duverioglu,A,D,A,D,A. Duverioglu,ESENLER EROKSPOR,ERK,A. Duverioglu,44,,,,,,REB,,ESENLER EROKSPOR rebound offensive,,,,,,,,,0,75,1.0,,0,15,0,24
07:51,07:51:00,15,26,-11,2,2,REGULAR,25,L. GALLOWAY,1,2pt,239,,['2ndchance'],jumpshot,1,9,Langston Arnold ,Galloway,Langston Arnold ,Galloway,L,G,L,G,L. Galloway,ESENLER EROKSPOR,ERK,L. Galloway,9,,,83.48999786377,29.489999771118,1.0,P2,made,ESENLER EROKSPOR L. GALLOWAY 2Pt made,19.0,2.0,A. DUVERIOGLU,,,,,,2,75,1.0,score,0,15,2,26
07:51,07:51:00,15,26,-11,2,2,REGULAR,19,A. DUVERIOGLU,1,assist,240,239,[],,0,44,Ahmet,Duverioglu,Ahmet,Duverioglu,A,D,A,D,A. Duverioglu,ESENLER EROKSPOR,ERK,A. Duverioglu,44,,,,,,ASS,,ESENLER EROKSPOR A. DUVERIOGLU assist,,,,,,,,,0,76,2.0,,0,15,0,26
07:37,07:37:00,17,26,-9,1,2,REGULAR,75,C. HOMESLEY,1,2pt,241,,['pointsinthepaint'],drivinglayup,1,5,Caleb Allen,Homesley,Caleb Allen,Homesley,C,H,C,H,C. Homesley,BAHÇESEHIR KOLEJI,BSK,C. Homesley,5,,,4.5599999427795,59.720001220703,1.0,P2,made,BAHÇESEHIR KOLEJI C. HOMESLEY 2Pt made,,,,,,,,,2,76,2.0,score,2,17,0,26
07:21,07:21:00,17,26,-9,1,2,REGULAR,75,C. HOMESLEY,1,foul,243,,[],personal,0,5,Caleb Allen,Homesley,Caleb Allen,Homesley,C,H,C,H,C. Homesley,BAHÇESEHIR KOLEJI,BSK,C. Homesley,5,,,,,,FOUL,,BAHÇESEHIR KOLEJI C. HOMESLEY foul personal,,,,,,,,,0,77,1.0,,0,17,0,26
07:21,07:21:00,17,26,-9,2,2,REGULAR,28,J. LOVE,1,foulon,244,243,[],,0,22,Jermaine,Love,Jermaine,Love,J,L,J,L,J. Love,ESENLER EROKSPOR,ERK,J. Love,22,,,,,,OTHER,,ESENLER EROKSPOR foulon,,,,,,,,,0,77,1.0,,0,17,0,26
07:21,07:21:00,17,26,-9,1,2,REGULAR,63,F. HALTALI,1,substitution,245,,[],out,0,14,Furkan,Haltali,Furkan,Haltali,F,H,F,H,F. Haltali,BAHÇESEHIR KOLEJI,BSK,F. Haltali,14,,,,,,SUB,out,BAHÇESEHIR KOLEJI substitution out,,,,,,,,,0,77,1.0,,0,17,0,26
07:21,07:21:00,17,26,-9,1,2,REGULAR,79,T. WILLIAMS,1,substitution,246,,[],in,0,50,Trevion Lamon,Williams,Trevion Lamon,Williams,T,W,T,W,T. Williams,BAHÇESEHIR KOLEJI,BSK,T. Williams,50,,,,,,SUB,in,BAHÇESEHIR KOLEJI substitution in,,,,,,,,,0,77,1.0,,0,17,0,26
07:13,07:13:00,17,29,-12,2,2,REGULAR,60,K. PANGOS,1,3pt,248,,[],jumpshot,1,4,Kevin Joseph,Pangos,Kevin Joseph,Pangos,K,P,K,P,K. Pangos,ESENLER EROKSPOR,ERK,K. Pangos,4,,,68.830001831055,34.290000915527,1.0,P3,made,ESENLER EROKSPOR K. PANGOS 3Pt made,,,,,,,,,3,77,1.0,score,0,17,3,29
07:10,07:10:00,17,29,-12,1,2,REGULAR,0,,1,timeout,250,,[],full,0,,,,,,,,,,,BAHÇESEHIR KOLEJI,BSK,,,,,,,,TIMEOUT,,BAHÇESEHIR KOLEJI timeout,,,,,,,,,0,78,2.0,,0,17,0,29
07:10,07:10:00,17,29,-12,1,2,REGULAR,76,M. MITCHELL II,1,substitution,251,,[],out,0,11,Matthew Antonio,Mitchell Ii,Matthew Antonio,Mitchell Ii,M,M,M,M,M. Mitchell Ii,BAHÇESEHIR KOLEJI,BSK,M. Mitchell Ii,11,,,,,,SUB,out,BAHÇESEHIR KOLEJI substitution out,,,,,,,,,0,78,2.0,,0,17,0,29
07:10,07:10:00,17,29,-12,1,2,REGULAR,1,I. AKPINAR,1,substitution,252,,[],out,0,33,Ismet,Akpinar,Ismet,Akpinar,I,A,I,A,I. Akpinar,BAHÇESEHIR KOLEJI,BSK,I. Akpinar,33,,,,,,SUB,out,BAHÇESEHIR KOLEJI substitution out,,,,,,,,,0,78,2.0,,0,17,0,29
07:10,07:10:00,17,29,-12,1,2,REGULAR,61,K. SIPAHI,1,substitution,253,,[],in,0,55,Kenan,Sipahi,Kenan,Sipahi,K,S,K,S,K. Sipahi,BAHÇESEHIR KOLEJI,BSK,K. Sipahi,55,,,,,,SUB,in,BAHÇESEHIR KOLEJI substitution in,,,,,,,,,0,78,2.0,,0,17,0,29
07:10,07:10:00,17,29,-12,1,2,REGULAR,78,H. HALE,1,substitution,254,,[],in,0,77,Hunter Jelaun,Hale,Hunter Jelaun,Hale,H,H,H,H,H. Hale,BAHÇESEHIR KOLEJI,BSK,H. Hale,77,,,,,,SUB,in,BAHÇESEHIR KOLEJI substitution in,,,,,,,,,0,78,2.0,,0,17,0,29
06:56,06:56:00,17,29,-12,1,2,REGULAR,74,T. CAVANAUGH,0,3pt,256,,[],jumpshot,1,34,Tyler Robert,Cavanaugh,Tyler Robert,Cavanaugh,T,C,T,C,T. Cavanaugh,BAHÇESEHIR KOLEJI,BSK,T. Cavanaugh,34,,,3.6199998855591,5.1999998092651,0.0,P3,missed,BAHÇESEHIR KOLEJI T. CAVANAUGH 3Pt missed,,,,,,,,,0,78,2.0,def_reb,0,17,0,29
06:54,06:54:00,17,29,-12,2,2,REGULAR,0,,1,rebound,258,256,['team'],defensive,0,,,,,,,,,,,ESENLER EROKSPOR,ERK,,,,,,,,TREB,,ESENLER EROKSPOR team rebound defensive,,,,,,,,,0,79,1.0,def_reb,0,17,0,29
06:54,06:54:00,17,29,-12,1,2,REGULAR,79,T. WILLIAMS,1,foul,259,,[],personal,0,50,Trevion Lamon,Williams,Trevion Lamon,Williams,T,W,T,W,T. Williams,BAHÇESEHIR KOLEJI,BSK,T. Williams,50,,,,,,FOUL,,BAHÇESEHIR KOLEJI T. WILLIAMS foul personal,,,,,,,,,0,80,2.0,,0,17,0,29
06:54,06:54:00,17,29,-12,2,2,REGULAR,19,A. DUVERIOGLU,1,foulon,260,259,[],,0,44,Ahmet,Duverioglu,Ahmet,Duverioglu,A,D,A,D,A. Duverioglu,ESENLER EROKSPOR,ERK,A. Duverioglu,44,,,,,,OTHER,,ESENLER EROKSPOR foulon,,,,,,,,,0,80,2.0,,0,17,0,29
06:34,06:34:00,17,31,-14,2,2,REGULAR,22,T. THURMAN,1,2pt,262,,['pointsinthepaint'],floatingjumpshot,1,15,Tre'shawn Marcel,Thurman,Tre'shawn Marcel,Thurman,T,T,T,T,T. Thurman,ESENLER EROKSPOR,ERK,T. Thurman,15,,,93.169998168945,45.310001373291,1.0,P2,made,ESENLER EROKSPOR T. THURMAN 2Pt made,,,,,,,,,2,80,2.0,score,0,17,2,31
06:24,06:24:00,17,31,-14,1,2,REGULAR,74,T. CAVANAUGH,1,turnover,263,,[],badpass,0,34,Tyler Robert,Cavanaugh,Tyler Robert,Cavanaugh,T,C,T,C,T. Cavanaugh,BAHÇESEHIR KOLEJI,BSK,T. Cavanaugh,34,,,,,,TO,,BAHÇESEHIR KOLEJI T. CAVANAUGH turnover badpass,,,,,,,,,0,81,1.0,turnover,0,17,0,31
06:24,06:24:00,17,31,-14,2,2,REGULAR,22,T. THURMAN,1,steal,264,263,[],,0,15,Tre'shawn Marcel,Thurman,Tre'shawn Marcel,Thurman,T,T,T,T,T. Thurman,ESENLER EROKSPOR,ERK,T. Thurman,15,,,,,,ST,,ESENLER EROKSPOR T. THURMAN steal,,,,,,,,,0,82,2.0,,0,17,0,31
06:14,06:14:00,17,34,-17,2,2,REGULAR,28,J. LOVE,1,3pt,265,,"['fromturnover', 'fastbreak']",jumpshot,1,22,Jermaine,Love,Jermaine,Love,J,L,J,L,J. Love,ESENLER EROKSPOR,ERK,J. Love,22,,,78.029998779297,9.4399995803833,1.0,P3,made,ESENLER EROKSPOR J. LOVE 3Pt made,22.0,2.0,T. THURMAN,,,,,,3,82,2.0,score,0,17,3,34
06:14,06:14:00,17,34,-17,2,2,REGULAR,22,T. THURMAN,1,assist,266,265,[],,0,15,Tre'shawn Marcel,Thurman,Tre'shawn Marcel,Thurman,T,T,T,T,T. Thurman,ESENLER EROKSPOR,ERK,T. Thurman,15,,,,,,ASS,,ESENLER EROKSPOR T. THURMAN assist,,,,,,,,,0,83,1.0,,0,17,0,34
06:10,06:10:00,17,34,-17,1,2,REGULAR,75,C. HOMESLEY,1,substitution,270,,[],out,0,5,Caleb Allen,Homesley,Caleb Allen,Homesley,C,H,C,H,C. Homesley,BAHÇESEHIR KOLEJI,BSK,C. Homesley,5,,,,,,SUB,out,BAHÇESEHIR KOLEJI substitution out,,,,,,,,,0,83,1.0,,0,17,0,34
06:10,06:10:00,17,34,-17,1,2,REGULAR,74,T. CAVANAUGH,1,substitution,271,,[],out,0,34,Tyler Robert,Cavanaugh,Tyler Robert,Cavanaugh,T,C,T,C,T. Cavanaugh,BAHÇESEHIR KOLEJI,BSK,T. Cavanaugh,34,,,,,,SUB,out,BAHÇESEHIR KOLEJI substitution out,,,,,,,,,0,83,1.0,,0,17,0,34
06:10,06:10:00,17,34,-17,1,2,REGULAR,76,M. MITCHELL II,1,substitution,272,,[],in,0,11,Matthew Antonio,Mitchell Ii,Matthew Antonio,Mitchell Ii,M,M,M,M,M. Mitchell Ii,BAHÇESEHIR KOLEJI,BSK,M. Mitchell Ii,11,,,,,,SUB,in,BAHÇESEHIR KOLEJI substitution in,,,,,,,,,0,83,1.0,,0,17,0,34
06:10,06:10:00,17,34,-17,1,2,REGULAR,73,M. PONITKA,1,substitution,273,,[],in,0,28,Mateusz Michal,Ponitka,Mateusz Michal,Ponitka,M,P,M,P,M. Ponitka,BAHÇESEHIR KOLEJI,BSK,M. Ponitka,28,,,,,,SUB,in,BAHÇESEHIR KOLEJI substitution in,,,,,,,,,0,83,1.0,,0,17,0,34
06:04,06:04:00,17,34,-17,2,2,REGULAR,19,A. DUVERIOGLU,1,foul,277,,"['shooting', '2freethrow']",personal,0,44,Ahmet,Duverioglu,Ahmet,Duverioglu,A,D,A,D,A. Duverioglu,ESENLER EROKSPOR,ERK,A. Duverioglu,44,,,,,,FOUL,,ESENLER EROKSPOR A. DUVERIOGLU foul personal,,,,,,,,,0,83,1.0,,0,17,0,34
06:04,06:04:00,17,34,-17,1,2,REGULAR,76,M. MITCHELL II,1,foulon,279,277,[],,0,11,Matthew Antonio,Mitchell Ii,Matthew Antonio,Mitchell Ii,M,M,M,M,M. Mitchell Ii,BAHÇESEHIR KOLEJI,BSK,M. Mitchell Ii,11,,,,,,OTHER,,BAHÇESEHIR KOLEJI foulon,,,,,,,,,0,83,1.0,,0,17,0,34
06:04,06:04:00,18,34,-16,1,2,REGULAR,76,M. MITCHELL II,1,freethrow,280,,[],1of2,1,11,Matthew Antonio,Mitchell Ii,Matthew Antonio,Mitchell Ii,M,M,M,M,M. Mitchell Ii,BAHÇESEHIR KOLEJI,BSK,M. Mitchell Ii,11,,,,,,FT,made,BAHÇESEHIR KOLEJI M. MITCHELL II FT 1of2 made,,,,,,,,,1,83,1.0,made_ft,1,18,0,34
06:04,06:04:00,19,34,-15,1,2,REGULAR,76,M. MITCHELL II,1,freethrow,281,,[],2of2,1,11,Matthew Antonio,Mitchell Ii,Matthew Antonio,Mitchell Ii,M,M,M,M,M. Mitchell Ii,BAHÇESEHIR KOLEJI,BSK,M. Mitchell Ii,11,,,,,,FT,made,BAHÇESEHIR KOLEJI M. MITCHELL II FT 2of2 made,,,,,,,,,1,84,2.0,made_ft_last,1,19,0,34
05:45,05:45:00,19,37,-18,2,2,REGULAR,25,L. GALLOWAY,1,3pt,283,,[],jumpshot,1,9,Langston Arnold ,Galloway,Langston Arnold ,Galloway,L,G,L,G,L. Galloway,ESENLER EROKSPOR,ERK,L. Galloway,9,,,76.470001220703,15.079999923706,1.0,P3,made,ESENLER EROKSPOR L. GALLOWAY 3Pt made,28.0,2.0,J. LOVE,,,,,,3,85,1.0,score,0,19,3,37
05:45,05:45:00,19,37,-18,2,2,REGULAR,28,J. LOVE,1,assist,284,283,[],,0,22,Jermaine,Love,Jermaine,Love,J,L,J,L,J. Love,ESENLER EROKSPOR,ERK,J. Love,22,,,,,,ASS,,ESENLER EROKSPOR J. LOVE assist,,,,,,,,,0,86,2.0,,0,19,0,37
05:19,05:19:00,22,37,-15,1,2,REGULAR,76,M. MITCHELL II,1,3pt,285,,[],stepbackjumpshot,1,11,Matthew Antonio,Mitchell Ii,Matthew Antonio,Mitchell Ii,M,M,M,M,M. Mitchell Ii,BAHÇESEHIR KOLEJI,BSK,M. Mitchell Ii,11,,,14.85000038147,95.029998779297,1.0,P3,made,BAHÇESEHIR KOLEJI M. MITCHELL II 3Pt made,79.0,1.0,T. WILLIAMS,,,,,,3,86,2.0,score,3,22,0,37
05:19,05:19:00,22,37,-15,1,2,REGULAR,79,T. WILLIAMS,1,assist,286,285,[],,0,50,Trevion Lamon,Williams,Trevion Lamon,Williams,T,W,T,W,T. Williams,BAHÇESEHIR KOLEJI,BSK,T. Williams,50,,,,,,ASS,,BAHÇESEHIR KOLEJI T. WILLIAMS assist,,,,,,,,,0,87,1.0,,0,22,0,37
04:57,04:57:00,22,37,-15,2,2,REGULAR,0,,1,turnover,288,,['team'],8sec,0,,,,,,,,,,,ESENLER EROKSPOR,ERK,,,,,,,,TO,,ESENLER EROKSPOR  turnover 8sec,,,,,,,,,0,87,1.0,turnover,0,22,0,37
04:57,04:57:00,22,37,-15,2,2,REGULAR,25,L. GALLOWAY,1,substitution,289,,[],out,0,9,Langston Arnold ,Galloway,Langston Arnold ,Galloway,L,G,L,G,L. Galloway,ESENLER EROKSPOR,ERK,L. Galloway,9,,,,,,SUB,out,ESENLER EROKSPOR substitution out,,,,,,,,,0,88,2.0,,0,22,0,37
04:57,04:57:00,22,37,-15,2,2,REGULAR,19,A. DUVERIOGLU,1,substitution,290,,[],out,0,44,Ahmet,Duverioglu,Ahmet,Duverioglu,A,D,A,D,A. Duverioglu,ESENLER EROKSPOR,ERK,A. Duverioglu,44,,,,,,SUB,out,ESENLER EROKSPOR substitution out,,,,,,,,,0,88,2.0,,0,22,0,37
04:57,04:57:00,22,37,-15,2,2,REGULAR,27,J. SIMMONS,1,substitution,291,,[],in,0,11,Jeremy Byron Jerome,Simmons,Jeremy Byron Jerome,Simmons,J,S,J,S,J. Simmons,ESENLER EROKSPOR,ERK,J. Simmons,11,,,,,,SUB,in,ESENLER EROKSPOR substitution in,,,,,,,,,0,88,2.0,,0,22,0,37
04:57,04:57:00,22,37,-15,2,2,REGULAR,20,E. ARNA,1,substitution,292,,[],in,0,18,Egehan,Arna,Egehan,Arna,E,A,E,A,E. Arna,ESENLER EROKSPOR,ERK,E. Arna,18,,,,,,SUB,in,ESENLER EROKSPOR substitution in,,,,,,,,,0,88,2.0,,0,22,0,37
04:50,04:50:00,22,37,-15,1,2,REGULAR,76,M. MITCHELL II,0,3pt,294,,['fromturnover'],jumpshot,1,11,Matthew Antonio,Mitchell Ii,Matthew Antonio,Mitchell Ii,M,M,M,M,M. Mitchell Ii,BAHÇESEHIR KOLEJI,BSK,M. Mitchell Ii,11,,,10.170000076294,96.440002441406,0.0,P3,missed,BAHÇESEHIR KOLEJI M. MITCHELL II 3Pt missed,,,,,,,,,0,88,2.0,,0,22,0,37
04:46,04:46:00,22,37,-15,1,2,REGULAR,73,M. PONITKA,1,rebound,295,294,[],offensive,0,28,Mateusz Michal,Ponitka,Mateusz Michal,Ponitka,M,P,M,P,M. Ponitka,BAHÇESEHIR KOLEJI,BSK,M. Ponitka,28,,,,,,REB,,BAHÇESEHIR KOLEJI rebound offensive,,,,,,,,,0,88,2.0,,0,22,0,37
04:42,04:42:00,22,37,-15,1,2,REGULAR,61,K. SIPAHI,0,2pt,296,,"['2ndchance', 'fromturnover']",jumpshot,1,55,Kenan,Sipahi,Kenan,Sipahi,K,S,K,S,K. Sipahi,BAHÇESEHIR KOLEJI,BSK,K. Sipahi,55,,,15.010000228882,11.409999847412,0.0,P2,missed,BAHÇESEHIR KOLEJI K. SIPAHI 2Pt missed,,,,,,,,,0,88,2.0,,0,22,0,37
04:39,04:39:00,22,37,-15,1,2,REGULAR,79,T. WILLIAMS,1,rebound,297,296,[],offensive,0,50,Trevion Lamon,Williams,Trevion Lamon,Williams,T,W,T,W,T. Williams,BAHÇESEHIR KOLEJI,BSK,T. Williams,50,,,,,,REB,,BAHÇESEHIR KOLEJI rebound offensive,,,,,,,,,0,88,2.0,,0,22,0,37
04:38,04:38:00,24,37,-13,1,2,REGULAR,79,T. WILLIAMS,1,2pt,299,,"['2ndchance', 'fromturnover', 'pointsinthepaint']",dunk,1,50,Trevion Lamon,Williams,Trevion Lamon,Williams,T,W,T,W,T. Williams,BAHÇESEHIR KOLEJI,BSK,T. Williams,50,,,5.8000001907349,50.110000610352,1.0,P2,made,BAHÇESEHIR KOLEJI T. WILLIAMS 2Pt made,,,,,,,,,2,88,2.0,score,2,24,0,37
04:38,04:38:00,24,37,-13,2,2,REGULAR,0,,1,timeout,300,,[],full,0,,,,,,,,,,,ESENLER EROKSPOR,ERK,,,,,,,,TIMEOUT,,ESENLER EROKSPOR timeout,,,,,,,,,0,89,1.0,,0,24,0,37
04:38,04:38:00,24,37,-13,2,2,REGULAR,60,K. PANGOS,1,substitution,301,,[],out,0,4,Kevin Joseph,Pangos,Kevin Joseph,Pangos,K,P,K,P,K. Pangos,ESENLER EROKSPOR,ERK,K. Pangos,4,,,,,,SUB,out,ESENLER EROKSPOR substitution out,,,,,,,,,0,89,1.0,,0,24,0,37
04:38,04:38:00,24,37,-13,2,2,REGULAR,26,J. CRAWFORD,1,substitution,302,,[],in,0,1,Jordon Benjamin,Crawford,Jordon Benjamin,Crawford,J,C,J,C,J. Crawford,ESENLER EROKSPOR,ERK,J. Crawford,1,,,,,,SUB,in,ESENLER EROKSPOR substitution in,,,,,,,,,0,89,1.0,,0,24,0,37
04:21,04:21:00,24,40,-16,2,2,REGULAR,22,T. THURMAN,1,3pt,304,,[],jumpshot,1,15,Tre'shawn Marcel,Thurman,Tre'shawn Marcel,Thurman,T,T,T,T,T. Thurman,ESENLER EROKSPOR,ERK,T. Thurman,15,,,71.480003356934,26.670000076294,1.0,P3,made,ESENLER EROKSPOR T. THURMAN 3Pt made,26.0,2.0,J. CRAWFORD,,,,,,3,89,1.0,score,0,24,3,40
04:21,04:21:00,24,40,-16,2,2,REGULAR,26,J. CRAWFORD,1,assist,305,304,[],,0,1,Jordon Benjamin,Crawford,Jordon Benjamin,Crawford,J,C,J,C,J. Crawford,ESENLER EROKSPOR,ERK,J. Crawford,1,,,,,,ASS,,ESENLER EROKSPOR J. CRAWFORD assist,,,,,,,,,0,90,2.0,,0,24,0,40
04:02,04:02:00,24,40,-16,1,2,REGULAR,61,K. SIPAHI,0,3pt,306,,[],jumpshot,1,55,Kenan,Sipahi,Kenan,Sipahi,K,S,K,S,K. Sipahi,BAHÇESEHIR KOLEJI,BSK,K. Sipahi,55,,,5.6500000953674,95.589996337891,0.0,P3,missed,BAHÇESEHIR KOLEJI K. SIPAHI 3Pt missed,,,,,,,,,0,90,2.0,def_reb,0,24,0,40
03:58,03:58:00,24,40,-16,2,2,REGULAR,20,E. ARNA,1,rebound,307,306,[],defensive,0,18,Egehan,Arna,Egehan,Arna,E,A,E,A,E. Arna,ESENLER EROKSPOR,ERK,E. Arna,18,,,,,,REB,,ESENLER EROKSPOR rebound defensive,,,,,,,,,0,91,1.0,def_reb,0,24,0,40
03:45,03:45:00,24,42,-18,2,2,REGULAR,26,J. CRAWFORD,1,2pt,308,,['pointsinthepaint'],floatingjumpshot,1,1,Jordon Benjamin,Crawford,Jordon Benjamin,Crawford,J,C,J,C,J. Crawford,ESENLER EROKSPOR,ERK,J. Crawford,1,,,86.300003051758,50.110000610352,1.0,P2,made,ESENLER EROKSPOR J. CRAWFORD 2Pt made,,,,,,,,,2,92,2.0,score,0,24,2,42
03:26,03:26:00,24,42,-18,1,2,REGULAR,61,K. SIPAHI,0,3pt,310,,[],jumpshot,1,55,Kenan,Sipahi,Kenan,Sipahi,K,S,K,S,K. Sipahi,BAHÇESEHIR KOLEJI,BSK,K. Sipahi,55,,,24.840000152588,83.160003662109,0.0,P3,missed,BAHÇESEHIR KOLEJI K. SIPAHI 3Pt missed,,,,,,,,,0,93,1.0,def_reb,0,24,0,42
03:25,03:25:00,24,42,-18,2,2,REGULAR,0,,1,rebound,311,310,['team'],defensive,0,,,,,,,,,,,ESENLER EROKSPOR,ERK,,,,,,,,TREB,,ESENLER EROKSPOR team rebound defensive,,,,,,,,,0,94,2.0,def_reb,0,24,0,42
03:25,03:25:00,24,42,-18,1,2,REGULAR,79,T. WILLIAMS,1,foul,312,,['2freethrow'],personal,0,50,Trevion Lamon,Williams,Trevion Lamon,Williams,T,W,T,W,T. Williams,BAHÇESEHIR KOLEJI,BSK,T. Williams,50,,,,,,FOUL,,BAHÇESEHIR KOLEJI T. WILLIAMS foul personal,,,,,,,,,0,95,1.0,,0,24,0,42
03:25,03:25:00,24,42,-18,2,2,REGULAR,27,J. SIMMONS,1,foulon,313,312,[],,0,11,Jeremy Byron Jerome,Simmons,Jeremy Byron Jerome,Simmons,J,S,J,S,J. Simmons,ESENLER EROKSPOR,ERK,J. Simmons,11,,,,,,OTHER,,ESENLER EROKSPOR foulon,,,,,,,,,0,95,1.0,,0,24,0,42
03:25,03:25:00,24,42,-18,1,2,REGULAR,79,T. WILLIAMS,1,substitution,314,,[],out,0,50,Trevion Lamon,Williams,Trevion Lamon,Williams,T,W,T,W,T. Williams,BAHÇESEHIR KOLEJI,BSK,T. Williams,50,,,,,,SUB,out,BAHÇESEHIR KOLEJI substitution out,,,,,,,,,0,95,1.0,,0,24,0,42
03:25,03:25:00,24,42,-18,1,2,REGULAR,77,B. KOPRIVICA,1,substitution,315,,[],in,0,8,Balsa,Koprivica,Balsa,Koprivica,B,K,B,K,B. Koprivica,BAHÇESEHIR KOLEJI,BSK,B. Koprivica,8,,,,,,SUB,in,BAHÇESEHIR KOLEJI substitution in,,,,,,,,,0,95,1.0,,0,24,0,42
03:25,03:25:00,24,43,-19,2,2,REGULAR,27,J. SIMMONS,1,freethrow,316,,['fastbreak'],1of2,1,11,Jeremy Byron Jerome,Simmons,Jeremy Byron Jerome,Simmons,J,S,J,S,J. Simmons,ESENLER EROKSPOR,ERK,J. Simmons,11,,,,,,FT,made,ESENLER EROKSPOR J. SIMMONS FT 1of2 made,,,,,,,,,1,95,1.0,made_ft,0,24,1,43
03:25,03:25:00,24,44,-20,2,2,REGULAR,27,J. SIMMONS,1,freethrow,317,,['fastbreak'],2of2,1,11,Jeremy Byron Jerome,Simmons,Jeremy Byron Jerome,Simmons,J,S,J,S,J. Simmons,ESENLER EROKSPOR,ERK,J. Simmons,11,,,,,,FT,made,ESENLER EROKSPOR J. SIMMONS FT 2of2 made,,,,,,,,,1,96,2.0,made_ft_last,0,24,1,44
03:25,03:25:00,24,44,-20,1,2,REGULAR,61,K. SIPAHI,1,substitution,318,,[],out,0,55,Kenan,Sipahi,Kenan,Sipahi,K,S,K,S,K. Sipahi,BAHÇESEHIR KOLEJI,BSK,K. Sipahi,55,,,,,,SUB,out,BAHÇESEHIR KOLEJI substitution out,,,,,,,,,0,97,1.0,,0,24,0,44
03:25,03:25:00,24,44,-20,1,2,REGULAR,78,H. HALE,1,substitution,319,,[],out,0,77,Hunter Jelaun,Hale,Hunter Jelaun,Hale,H,H,H,H,H. Hale,BAHÇESEHIR KOLEJI,BSK,H. Hale,77,,,,,,SUB,out,BAHÇESEHIR KOLEJI substitution out,,,,,,,,,0,97,1.0,,0,24,0,44
03:25,03:25:00,24,44,-20,1,2,REGULAR,75,C. HOMESLEY,1,substitution,320,,[],in,0,5,Caleb Allen,Homesley,Caleb Allen,Homesley,C,H,C,H,C. Homesley,BAHÇESEHIR KOLEJI,BSK,C. Homesley,5,,,,,,SUB,in,BAHÇESEHIR KOLEJI substitution in,,,,,,,,,0,97,1.0,,0,24,0,44
03:25,03:25:00,24,44,-20,1,2,REGULAR,1,I. AKPINAR,1,substitution,321,,[],in,0,33,Ismet,Akpinar,Ismet,Akpinar,I,A,I,A,I. Akpinar,BAHÇESEHIR KOLEJI,BSK,I. Akpinar,33,,,,,,SUB,in,BAHÇESEHIR KOLEJI substitution in,,,,,,,,,0,97,1.0,,0,24,0,44
03:15,03:15:00,26,44,-18,1,2,REGULAR,75,C. HOMESLEY,1,2pt,323,,['pointsinthepaint'],layup,1,5,Caleb Allen,Homesley,Caleb Allen,Homesley,C,H,C,H,C. Homesley,BAHÇESEHIR KOLEJI,BSK,C. Homesley,5,,,6.2699999809265,64.519996643066,1.0,P2,made,BAHÇESEHIR KOLEJI C. HOMESLEY 2Pt made,,,,,,,,,2,97,1.0,score,2,26,0,44
02:47,02:47:00,26,44,-18,2,2,REGULAR,28,J. LOVE,0,2pt,324,,[],jumpshot,1,22,Jermaine,Love,Jermaine,Love,J,L,J,L,J. Love,ESENLER EROKSPOR,ERK,J. Love,22,,,79.129997253418,32.029998779297,0.0,P2,missed,ESENLER EROKSPOR J. LOVE 2Pt missed,,,,,,,,,0,98,2.0,def_reb,0,26,0,44
02:45,02:45:00,26,44,-18,1,2,REGULAR,73,M. PONITKA,1,rebound,325,324,[],defensive,0,28,Mateusz Michal,Ponitka,Mateusz Michal,Ponitka,M,P,M,P,M. Ponitka,BAHÇESEHIR KOLEJI,BSK,M. Ponitka,28,,,,,,REB,,BAHÇESEHIR KOLEJI rebound defensive,,,,,,,,,0,99,1.0,def_reb,0,26,0,44
02:40,02:40:00,26,44,-18,2,2,REGULAR,28,J. LOVE,1,foul,327,,[],personal,0,22,Jermaine,Love,Jermaine,Love,J,L,J,L,J. Love,ESENLER EROKSPOR,ERK,J. Love,22,,,,,,FOUL,,ESENLER EROKSPOR J. LOVE foul personal,,,,,,,,,0,100,2.0,,0,26,0,44
02:40,02:40:00,26,44,-18,1,2,REGULAR,1,I. AKPINAR,1,foulon,328,327,[],,0,33,Ismet,Akpinar,Ismet,Akpinar,I,A,I,A,I. Akpinar,BAHÇESEHIR KOLEJI,BSK,I. Akpinar,33,,,,,,OTHER,,BAHÇESEHIR KOLEJI foulon,,,,,,,,,0,100,2.0,,0,26,0,44
02:29,02:29:00,28,44,-16,1,2,REGULAR,76,M. MITCHELL II,1,2pt,330,,[],pullupjumpshot,1,11,Matthew Antonio,Mitchell Ii,Matthew Antonio,Mitchell Ii,M,M,M,M,M. Mitchell Ii,BAHÇESEHIR KOLEJI,BSK,M. Mitchell Ii,11,,,19.379999160767,21.860000610352,1.0,P2,made,BAHÇESEHIR KOLEJI M. MITCHELL II 2Pt made,,,,,,,,,2,100,2.0,score,2,28,0,44
02:13,02:13:00,28,46,-18,2,2,REGULAR,26,J. CRAWFORD,1,2pt,331,,[],jumpshot,1,1,Jordon Benjamin,Crawford,Jordon Benjamin,Crawford,J,C,J,C,J. Crawford,ESENLER EROKSPOR,ERK,J. Crawford,1,,,81.930000305176,82.599998474121,1.0,P2,made,ESENLER EROKSPOR J. CRAWFORD 2Pt made,,,,,,,,,2,101,1.0,score,0,28,2,46
01:59,01:59:00,28,46,-18,1,2,REGULAR,77,B. KOPRIVICA,1,turnover,332,,[],badpass,0,8,Balsa,Koprivica,Balsa,Koprivica,B,K,B,K,B. Koprivica,BAHÇESEHIR KOLEJI,BSK,B. Koprivica,8,,,,,,TO,,BAHÇESEHIR KOLEJI B. KOPRIVICA turnover badpass,,,,,,,,,0,102,2.0,turnover,0,28,0,46
01:59,01:59:00,28,46,-18,2,2,REGULAR,28,J. LOVE,1,steal,333,332,[],,0,22,Jermaine,Love,Jermaine,Love,J,L,J,L,J. Love,ESENLER EROKSPOR,ERK,J. Love,22,,,,,,ST,,ESENLER EROKSPOR J. LOVE steal,,,,,,,,,0,103,1.0,,0,28,0,46
01:55,01:55:00,28,48,-20,2,2,REGULAR,27,J. SIMMONS,1,2pt,334,,"['fromturnover', 'pointsinthepaint', 'fastbreak']",dunk,1,11,Jeremy Byron Jerome,Simmons,Jeremy Byron Jerome,Simmons,J,S,J,S,J. Simmons,ESENLER EROKSPOR,ERK,J. Simmons,11,,,93.790000915527,53.790000915527,1.0,P2,made,ESENLER EROKSPOR J. SIMMONS 2Pt made,28.0,2.0,J. LOVE,,,,,,2,103,1.0,score,0,28,2,48
01:55,01:55:00,28,48,-20,2,2,REGULAR,28,J. LOVE,1,assist,335,334,[],,0,22,Jermaine,Love,Jermaine,Love,J,L,J,L,J. Love,ESENLER EROKSPOR,ERK,J. Love,22,,,,,,ASS,,ESENLER EROKSPOR J. LOVE assist,,,,,,,,,0,104,2.0,,0,28,0,48
01:35,01:35:00,28,48,-20,1,2,REGULAR,75,C. HOMESLEY,1,turnover,336,,[],badpass,0,5,Caleb Allen,Homesley,Caleb Allen,Homesley,C,H,C,H,C. Homesley,BAHÇESEHIR KOLEJI,BSK,C. Homesley,5,,,,,,TO,,BAHÇESEHIR KOLEJI C. HOMESLEY turnover badpass,,,,,,,,,0,104,2.0,turnover,0,28,0,48
01:35,01:35:00,28,48,-20,2,2,REGULAR,22,T. THURMAN,1,steal,337,336,[],,0,15,Tre'shawn Marcel,Thurman,Tre'shawn Marcel,Thurman,T,T,T,T,T. Thurman,ESENLER EROKSPOR,ERK,T. Thurman,15,,,,,,ST,,ESENLER EROKSPOR T. THURMAN steal,,,,,,,,,0,105,1.0,,0,28,0,48
01:16,01:16:00,28,50,-22,2,2,REGULAR,26,J. CRAWFORD,1,2pt,338,,"['fromturnover', 'pointsinthepaint']",layup,1,1,Jordon Benjamin,Crawford,Jordon Benjamin,Crawford,J,C,J,C,J. Crawford,ESENLER EROKSPOR,ERK,J. Crawford,1,,,94.410003662109,47.009998321533,1.0,P2,made,ESENLER EROKSPOR J. CRAWFORD 2Pt made,,,,,,,,,2,105,1.0,score,0,28,2,50
01:00,01:00:00,28,50,-22,1,2,REGULAR,75,C. HOMESLEY,1,substitution,340,,[],out,0,5,Caleb Allen,Homesley,Caleb Allen,Homesley,C,H,C,H,C. Homesley,BAHÇESEHIR KOLEJI,BSK,C. Homesley,5,,,,,,SUB,out,BAHÇESEHIR KOLEJI substitution out,,,,,,,,,0,106,2.0,,0,28,0,50
01:00,01:00:00,28,50,-22,1,2,REGULAR,73,M. PONITKA,1,substitution,341,,[],out,0,28,Mateusz Michal,Ponitka,Mateusz Michal,Ponitka,M,P,M,P,M. Ponitka,BAHÇESEHIR KOLEJI,BSK,M. Ponitka,28,,,,,,SUB,out,BAHÇESEHIR KOLEJI substitution out,,,,,,,,,0,106,2.0,,0,28,0,50
01:00,01:00:00,28,50,-22,1,2,REGULAR,61,K. SIPAHI,1,substitution,342,,[],in,0,55,Kenan,Sipahi,Kenan,Sipahi,K,S,K,S,K. Sipahi,BAHÇESEHIR KOLEJI,BSK,K. Sipahi,55,,,,,,SUB,in,BAHÇESEHIR KOLEJI substitution in,,,,,,,,,0,106,2.0,,0,28,0,50
01:00,01:00:00,28,50,-22,1,2,REGULAR,78,H. HALE,1,substitution,343,,[],in,0,77,Hunter Jelaun,Hale,Hunter Jelaun,Hale,H,H,H,H,H. Hale,BAHÇESEHIR KOLEJI,BSK,H. Hale,77,,,,,,SUB,in,BAHÇESEHIR KOLEJI substitution in,,,,,,,,,0,106,2.0,,0,28,0,50
01:00,01:00:00,28,50,-22,2,2,REGULAR,27,J. SIMMONS,1,substitution,344,,[],out,0,11,Jeremy Byron Jerome,Simmons,Jeremy Byron Jerome,Simmons,J,S,J,S,J. Simmons,ESENLER EROKSPOR,ERK,J. Simmons,11,,,,,,SUB,out,ESENLER EROKSPOR substitution out,,,,,,,,,0,106,2.0,,0,28,0,50
01:00,01:00:00,28,50,-22,2,2,REGULAR,20,E. ARNA,1,substitution,345,,[],out,0,18,Egehan,Arna,Egehan,Arna,E,A,E,A,E. Arna,ESENLER EROKSPOR,ERK,E. Arna,18,,,,,,SUB,out,ESENLER EROKSPOR substitution out,,,,,,,,,0,106,2.0,,0,28,0,50
01:00,01:00:00,28,50,-22,2,2,REGULAR,60,K. PANGOS,1,substitution,346,,[],in,0,4,Kevin Joseph,Pangos,Kevin Joseph,Pangos,K,P,K,P,K. Pangos,ESENLER EROKSPOR,ERK,K. Pangos,4,,,,,,SUB,in,ESENLER EROKSPOR substitution in,,,,,,,,,0,106,2.0,,0,28,0,50
01:00,01:00:00,28,50,-22,2,2,REGULAR,17,M. AKYEL,1,substitution,347,,[],in,0,41,Metehan,Akyel,Metehan,Akyel,M,A,M,A,M. Akyel,ESENLER EROKSPOR,ERK,M. Akyel,41,,,,,,SUB,in,ESENLER EROKSPOR substitution in,,,,,,,,,0,106,2.0,,0,28,0,50
00:50,00:50:80,28,50,-22,1,2,REGULAR,61,K. SIPAHI,0,2pt,349,,[],jumpshot,1,55,Kenan,Sipahi,Kenan,Sipahi,K,S,K,S,K. Sipahi,BAHÇESEHIR KOLEJI,BSK,K. Sipahi,55,,,10.949999809265,81.75,0.0,P2,missed,BAHÇESEHIR KOLEJI K. SIPAHI 2Pt missed,,,,,,,,,0,106,2.0,,0,28,0,50
00:48,00:48:00,28,50,-22,1,2,REGULAR,77,B. KOPRIVICA,1,rebound,350,349,[],offensive,0,8,Balsa,Koprivica,Balsa,Koprivica,B,K,B,K,B. Koprivica,BAHÇESEHIR KOLEJI,BSK,B. Koprivica,8,,,,,,REB,,BAHÇESEHIR KOLEJI rebound offensive,,,,,,,,,0,106,2.0,,0,28,0,50
00:47,00:47:10,28,50,-22,2,2,REGULAR,17,M. AKYEL,1,foul,352,,['2freethrow'],personal,0,41,Metehan,Akyel,Metehan,Akyel,M,A,M,A,M. Akyel,ESENLER EROKSPOR,ERK,M. Akyel,41,,,,,,FOUL,,ESENLER EROKSPOR M. AKYEL foul personal,,,,,,,,,0,106,2.0,,0,28,0,50
00:47,00:47:10,28,50,-22,1,2,REGULAR,77,B. KOPRIVICA,1,foulon,353,352,[],,0,8,Balsa,Koprivica,Balsa,Koprivica,B,K,B,K,B. Koprivica,BAHÇESEHIR KOLEJI,BSK,B. Koprivica,8,,,,,,OTHER,,BAHÇESEHIR KOLEJI foulon,,,,,,,,,0,106,2.0,,0,28,0,50
00:47,00:47:10,28,50,-22,2,2,REGULAR,17,M. AKYEL,1,substitution,354,,[],out,0,41,Metehan,Akyel,Metehan,Akyel,M,A,M,A,M. Akyel,ESENLER EROKSPOR,ERK,M. Akyel,41,,,,,,SUB,out,ESENLER EROKSPOR substitution out,,,,,,,,,0,106,2.0,,0,28,0,50
00:47,00:47:10,28,50,-22,2,2,REGULAR,19,A. DUVERIOGLU,1,substitution,355,,[],in,0,44,Ahmet,Duverioglu,Ahmet,Duverioglu,A,D,A,D,A. Duverioglu,ESENLER EROKSPOR,ERK,A. Duverioglu,44,,,,,,SUB,in,ESENLER EROKSPOR substitution in,,,,,,,,,0,106,2.0,,0,28,0,50
00:47,00:47:10,28,50,-22,1,2,REGULAR,77,B. KOPRIVICA,0,freethrow,356,,['2ndchance'],1of2,1,8,Balsa,Koprivica,Balsa,Koprivica,B,K,B,K,B. Koprivica,BAHÇESEHIR KOLEJI,BSK,B. Koprivica,8,,,,,,FT,missed,BAHÇESEHIR KOLEJI B. KOPRIVICA FT 1of2 missed,,,,,,,,,0,106,2.0,def_reb,0,28,0,50
00:47,00:47:10,28,50,-22,1,2,REGULAR,0,,1,rebound,357,356,[],offensivedeadball,0,,,,,,,,,,,BAHÇESEHIR KOLEJI,BSK,,,,,,,,TREB,,BAHÇESEHIR KOLEJI team rebound offensivedeadball,,,,,,,,,0,107,1.0,def_reb,0,28,0,50
00:47,00:47:10,29,50,-21,1,2,REGULAR,77,B. KOPRIVICA,1,freethrow,358,,['2ndchance'],2of2,1,8,Balsa,Koprivica,Balsa,Koprivica,B,K,B,K,B. Koprivica,BAHÇESEHIR KOLEJI,BSK,B. Koprivica,8,,,,,,FT,made,BAHÇESEHIR KOLEJI B. KOPRIVICA FT 2of2 made,,,,,,,,,1,108,2.0,made_ft_last,1,29,0,50
00:47,00:47:10,29,50,-21,1,2,REGULAR,77,B. KOPRIVICA,1,substitution,359,,[],out,0,8,Balsa,Koprivica,Balsa,Koprivica,B,K,B,K,B. Koprivica,BAHÇESEHIR KOLEJI,BSK,B. Koprivica,8,,,,,,SUB,out,BAHÇESEHIR KOLEJI substitution out,,,,,,,,,0,109,1.0,,0,29,0,50
00:47,00:47:10,29,50,-21,1,2,REGULAR,63,F. HALTALI,1,substitution,360,,[],in,0,14,Furkan,Haltali,Furkan,Haltali,F,H,F,H,F. Haltali,BAHÇESEHIR KOLEJI,BSK,F. Haltali,14,,,,,,SUB,in,BAHÇESEHIR KOLEJI substitution in,,,,,,,,,0,109,1.0,,0,29,0,50
00:26,00:26:70,29,50,-21,2,2,REGULAR,28,J. LOVE,0,2pt,362,,[],jumpshot,1,22,Jermaine,Love,Jermaine,Love,J,L,J,L,J. Love,ESENLER EROKSPOR,ERK,J. Love,22,,,88.800003051758,27.510000228882,0.0,P2,missed,ESENLER EROKSPOR J. LOVE 2Pt missed,,,,,,,,,0,109,1.0,def_reb,0,29,0,50
00:24,00:24:60,29,50,-21,1,2,REGULAR,78,H. HALE,1,rebound,363,362,[],defensive,0,77,Hunter Jelaun,Hale,Hunter Jelaun,Hale,H,H,H,H,H. Hale,BAHÇESEHIR KOLEJI,BSK,H. Hale,77,,,,,,REB,,BAHÇESEHIR KOLEJI rebound defensive,,,,,,,,,0,110,2.0,def_reb,0,29,0,50
00:05,00:05:00,29,50,-21,1,2,REGULAR,1,I. AKPINAR,0,3pt,364,,[],jumpshot,1,33,Ismet,Akpinar,Ismet,Akpinar,I,A,I,A,I. Akpinar,BAHÇESEHIR KOLEJI,BSK,I. Akpinar,33,,,6.1199998855591,96.720001220703,0.0,P3,missed,BAHÇESEHIR KOLEJI I. AKPINAR 3Pt missed,,,,,,,,,0,111,1.0,def_reb,0,29,0,50
00:00,00:00:60,29,50,-21,1,2,REGULAR,0,,1,rebound,366,364,['team'],offensive,0,,,,,,,,,,,BAHÇESEHIR KOLEJI,BSK,,,,,,,,TREB,,BAHÇESEHIR KOLEJI team rebound offensive,,,,,,,,,0,112,2.0,def_reb,0,29,0,50
00:00,00:00:00,29,50,-21,0,2,REGULAR,0,,1,period,369,,['confirmed'],end,0,,,,,,,,,,,,,,,,,,,,OTHER,,period end,,,,,,,,,0,113,1.0,,0,29,0,50
10:00,10:00:00,29,50,-21,1,3,REGULAR,76,M. MITCHELL II,1,substitution,370,,[],out,0,11,Matthew Antonio,Mitchell Ii,Matthew Antonio,Mitchell Ii,M,M,M,M,M. Mitchell Ii,BAHÇESEHIR KOLEJI,BSK,M. Mitchell Ii,11,,,,,,SUB,out,BAHÇESEHIR KOLEJI substitution out,,,,,,,,,0,113,1.0,,0,29,0,50
10:00,10:00:00,29,50,-21,1,3,REGULAR,63,F. HALTALI,1,substitution,371,,[],out,0,14,Furkan,Haltali,Furkan,Haltali,F,H,F,H,F. Haltali,BAHÇESEHIR KOLEJI,BSK,F. Haltali,14,,,,,,SUB,out,BAHÇESEHIR KOLEJI substitution out,,,,,,,,,0,113,1.0,,0,29,0,50
10:00,10:00:00,29,50,-21,1,3,REGULAR,1,I. AKPINAR,1,substitution,372,,[],out,0,33,Ismet,Akpinar,Ismet,Akpinar,I,A,I,A,I. Akpinar,BAHÇESEHIR KOLEJI,BSK,I. Akpinar,33,,,,,,SUB,out,BAHÇESEHIR KOLEJI substitution out,,,,,,,,,0,113,1.0,,0,29,0,50
10:00,10:00:00,29,50,-21,1,3,REGULAR,73,M. PONITKA,1,substitution,373,,[],in,0,28,Mateusz Michal,Ponitka,Mateusz Michal,Ponitka,M,P,M,P,M. Ponitka,BAHÇESEHIR KOLEJI,BSK,M. Ponitka,28,,,,,,SUB,in,BAHÇESEHIR KOLEJI substitution in,,,,,,,,,0,113,1.0,,0,29,0,50
10:00,10:00:00,29,50,-21,1,3,REGULAR,74,T. CAVANAUGH,1,substitution,374,,[],in,0,34,Tyler Robert,Cavanaugh,Tyler Robert,Cavanaugh,T,C,T,C,T. Cavanaugh,BAHÇESEHIR KOLEJI,BSK,T. Cavanaugh,34,,,,,,SUB,in,BAHÇESEHIR KOLEJI substitution in,,,,,,,,,0,113,1.0,,0,29,0,50
10:00,10:00:00,29,50,-21,1,3,REGULAR,79,T. WILLIAMS,1,substitution,375,,[],in,0,50,Trevion Lamon,Williams,Trevion Lamon,Williams,T,W,T,W,T. Williams,BAHÇESEHIR KOLEJI,BSK,T. Williams,50,,,,,,SUB,in,BAHÇESEHIR KOLEJI substitution in,,,,,,,,,0,113,1.0,,0,29,0,50
10:00,10:00:00,29,50,-21,2,3,REGULAR,60,K. PANGOS,1,substitution,376,,[],out,0,4,Kevin Joseph,Pangos,Kevin Joseph,Pangos,K,P,K,P,K. Pangos,ESENLER EROKSPOR,ERK,K. Pangos,4,,,,,,SUB,out,ESENLER EROKSPOR substitution out,,,,,,,,,0,113,1.0,,0,29,0,50
10:00,10:00:00,29,50,-21,2,3,REGULAR,22,T. THURMAN,1,substitution,377,,[],out,0,15,Tre'shawn Marcel,Thurman,Tre'shawn Marcel,Thurman,T,T,T,T,T. Thurman,ESENLER EROKSPOR,ERK,T. Thurman,15,,,,,,SUB,out,ESENLER EROKSPOR substitution out,,,,,,,,,0,113,1.0,,0,29,0,50
10:00,10:00:00,29,50,-21,2,3,REGULAR,28,J. LOVE,1,substitution,378,,[],out,0,22,Jermaine,Love,Jermaine,Love,J,L,J,L,J. Love,ESENLER EROKSPOR,ERK,J. Love,22,,,,,,SUB,out,ESENLER EROKSPOR substitution out,,,,,,,,,0,113,1.0,,0,29,0,50
10:00,10:00:00,29,50,-21,2,3,REGULAR,19,A. DUVERIOGLU,1,substitution,379,,[],out,0,44,Ahmet,Duverioglu,Ahmet,Duverioglu,A,D,A,D,A. Duverioglu,ESENLER EROKSPOR,ERK,A. Duverioglu,44,,,,,,SUB,out,ESENLER EROKSPOR substitution out,,,,,,,,,0,113,1.0,,0,29,0,50
10:00,10:00:00,29,50,-21,2,3,REGULAR,25,L. GALLOWAY,1,substitution,380,,[],in,0,9,Langston Arnold ,Galloway,Langston Arnold ,Galloway,L,G,L,G,L. Galloway,ESENLER EROKSPOR,ERK,L. Galloway,9,,,,,,SUB,in,ESENLER EROKSPOR substitution in,,,,,,,,,0,113,1.0,,0,29,0,50
10:00,10:00:00,29,50,-21,2,3,REGULAR,27,J. SIMMONS,1,substitution,381,,[],in,0,11,Jeremy Byron Jerome,Simmons,Jeremy Byron Jerome,Simmons,J,S,J,S,J. Simmons,ESENLER EROKSPOR,ERK,J. Simmons,11,,,,,,SUB,in,ESENLER EROKSPOR substitution in,,,,,,,,,0,113,1.0,,0,29,0,50
10:00,10:00:00,29,50,-21,2,3,REGULAR,24,P. CORNELIE,1,substitution,382,,[],in,0,12,Petr  Willlam,Cornelie,Petr  Willlam,Cornelie,P,C,P,C,P. Cornelie,ESENLER EROKSPOR,ERK,P. Cornelie,12,,,,,,SUB,in,ESENLER EROKSPOR substitution in,,,,,,,,,0,113,1.0,,0,29,0,50
10:00,10:00:00,29,50,-21,2,3,REGULAR,20,E. ARNA,1,substitution,383,,[],in,0,18,Egehan,Arna,Egehan,Arna,E,A,E,A,E. Arna,ESENLER EROKSPOR,ERK,E. Arna,18,,,,,,SUB,in,ESENLER EROKSPOR substitution in,,,,,,,,,0,113,1.0,,0,29,0,50
10:00,10:00:00,29,50,-21,0,3,REGULAR,0,,1,period,384,,[],start,0,,,,,,,,,,,,,,,,,,,,OTHER,,period start,,,,,,,,,0,113,1.0,,0,29,0,50
09:44,09:44:00,32,50,-18,1,3,REGULAR,61,K. SIPAHI,1,3pt,386,,[],jumpshot,1,55,Kenan,Sipahi,Kenan,Sipahi,K,S,K,S,K. Sipahi,BAHÇESEHIR KOLEJI,BSK,K. Sipahi,55,,,68.050003051758,42.200000762939,1.0,P3,made,BAHÇESEHIR KOLEJI K. SIPAHI 3Pt made,74.0,1.0,T. CAVANAUGH,,,,,,3,113,1.0,score,3,32,0,50
09:44,09:44:00,32,50,-18,1,3,REGULAR,74,T. CAVANAUGH,1,assist,387,386,[],,0,34,Tyler Robert,Cavanaugh,Tyler Robert,Cavanaugh,T,C,T,C,T. Cavanaugh,BAHÇESEHIR KOLEJI,BSK,T. Cavanaugh,34,,,,,,ASS,,BAHÇESEHIR KOLEJI T. CAVANAUGH assist,,,,,,,,,0,114,2.0,,0,32,0,50
09:23,09:23:00,32,50,-18,1,3,REGULAR,73,M. PONITKA,1,foul,389,,[],personal,0,28,Mateusz Michal,Ponitka,Mateusz Michal,Ponitka,M,P,M,P,M. Ponitka,BAHÇESEHIR KOLEJI,BSK,M. Ponitka,28,,,,,,FOUL,,BAHÇESEHIR KOLEJI M. PONITKA foul personal,,,,,,,,,0,114,2.0,,0,32,0,50
09:23,09:23:00,32,50,-18,2,3,REGULAR,24,P. CORNELIE,1,foulon,390,389,[],,0,12,Petr  Willlam,Cornelie,Petr  Willlam,Cornelie,P,C,P,C,P. Cornelie,ESENLER EROKSPOR,ERK,P. Cornelie,12,,,,,,OTHER,,ESENLER EROKSPOR foulon,,,,,,,,,0,114,2.0,,0,32,0,50
09:12,09:12:00,32,50,-18,2,3,REGULAR,27,J. SIMMONS,0,2pt,392,,['pointsinthepaint'],layup,1,11,Jeremy Byron Jerome,Simmons,Jeremy Byron Jerome,Simmons,J,S,J,S,J. Simmons,ESENLER EROKSPOR,ERK,J. Simmons,11,,,8.3000001907349,56.049999237061,0.0,P2,missed,ESENLER EROKSPOR J. SIMMONS 2Pt missed,,,,,,,,,0,114,2.0,def_reb,0,32,0,50
09:09,09:09:00,32,50,-18,1,3,REGULAR,79,T. WILLIAMS,1,rebound,393,392,[],defensive,0,50,Trevion Lamon,Williams,Trevion Lamon,Williams,T,W,T,W,T. Williams,BAHÇESEHIR KOLEJI,BSK,T. Williams,50,,,,,,REB,,BAHÇESEHIR KOLEJI rebound defensive,,,,,,,,,0,115,1.0,def_reb,0,32,0,50
09:02,09:02:00,32,50,-18,1,3,REGULAR,78,H. HALE,0,3pt,394,,[],jumpshot,1,77,Hunter Jelaun,Hale,Hunter Jelaun,Hale,H,H,H,H,H. Hale,BAHÇESEHIR KOLEJI,BSK,H. Hale,77,,,79.440002441406,13.390000343323,0.0,P3,missed,BAHÇESEHIR KOLEJI H. HALE 3Pt missed,,,,,,,,,0,116,2.0,def_reb,0,32,0,50
09:00,09:00:00,32,50,-18,2,3,REGULAR,25,L. GALLOWAY,1,rebound,395,394,[],defensive,0,9,Langston Arnold ,Galloway,Langston Arnold ,Galloway,L,G,L,G,L. Galloway,ESENLER EROKSPOR,ERK,L. Galloway,9,,,,,,REB,,ESENLER EROKSPOR rebound defensive,,,,,,,,,0,117,1.0,def_reb,0,32,0,50
08:42,08:42:00,32,50,-18,2,3,REGULAR,0,,1,jumpball,399,,[],heldball,0,,,,,,,,,,,ESENLER EROKSPOR,ERK,,,,,,,,JUMP,,jump ball,,,,,,,,,0,118,2.0,,0,32,0,50
08:40,08:40:00,32,52,-20,2,3,REGULAR,24,P. CORNELIE,1,2pt,401,,['pointsinthepaint'],alleyoopdunk,1,12,Petr  Willlam,Cornelie,Petr  Willlam,Cornelie,P,C,P,C,P. Cornelie,ESENLER EROKSPOR,ERK,P. Cornelie,12,,,5.6500000953674,46.439998626709,1.0,P2,made,ESENLER EROKSPOR P. CORNELIE 2Pt made,26.0,2.0,J. CRAWFORD,,,,,,2,118,2.0,score,0,32,2,52
08:40,08:40:00,32,52,-20,2,3,REGULAR,26,J. CRAWFORD,1,assist,402,401,[],,0,1,Jordon Benjamin,Crawford,Jordon Benjamin,Crawford,J,C,J,C,J. Crawford,ESENLER EROKSPOR,ERK,J. Crawford,1,,,,,,ASS,,ESENLER EROKSPOR J. CRAWFORD assist,,,,,,,,,0,119,1.0,,0,32,0,52
08:18,08:18:00,34,52,-18,1,3,REGULAR,74,T. CAVANAUGH,1,2pt,403,,[],jumpshot,1,34,Tyler Robert,Cavanaugh,Tyler Robert,Cavanaugh,T,C,T,C,T. Cavanaugh,BAHÇESEHIR KOLEJI,BSK,T. Cavanaugh,34,,,86.930000305176,88.809997558594,1.0,P2,made,BAHÇESEHIR KOLEJI T. CAVANAUGH 2Pt made,79.0,1.0,T. WILLIAMS,,,,,,2,119,1.0,score,2,34,0,52
08:18,08:18:00,34,52,-18,1,3,REGULAR,79,T. WILLIAMS,1,assist,404,403,[],,0,50,Trevion Lamon,Williams,Trevion Lamon,Williams,T,W,T,W,T. Williams,BAHÇESEHIR KOLEJI,BSK,T. Williams,50,,,,,,ASS,,BAHÇESEHIR KOLEJI T. WILLIAMS assist,,,,,,,,,0,120,2.0,,0,34,0,52
07:54,07:54:00,34,52,-18,2,3,REGULAR,26,J. CRAWFORD,0,3pt,405,,[],jumpshot,1,1,Jordon Benjamin,Crawford,Jordon Benjamin,Crawford,J,C,J,C,J. Crawford,ESENLER EROKSPOR,ERK,J. Crawford,1,,,19.059999465942,92.769996643066,0.0,P3,missed,ESENLER EROKSPOR J. CRAWFORD 3Pt missed,,,,,,,,,0,120,2.0,def_reb,0,34,0,52
07:51,07:51:00,34,52,-18,1,3,REGULAR,79,T. WILLIAMS,1,rebound,406,405,[],defensive,0,50,Trevion Lamon,Williams,Trevion Lamon,Williams,T,W,T,W,T. Williams,BAHÇESEHIR KOLEJI,BSK,T. Williams,50,,,,,,REB,,BAHÇESEHIR KOLEJI rebound defensive,,,,,,,,,0,121,1.0,def_reb,0,34,0,52
07:32,07:32:00,34,52,-18,2,3,REGULAR,24,P. CORNELIE,1,foul,408,,[],personal,0,12,Petr  Willlam,Cornelie,Petr  Willlam,Cornelie,P,C,P,C,P. Cornelie,ESENLER EROKSPOR,ERK,P. Cornelie,12,,,,,,FOUL,,ESENLER EROKSPOR P. CORNELIE foul personal,,,,,,,,,0,122,2.0,,0,34,0,52
07:32,07:32:00,34,52,-18,1,3,REGULAR,74,T. CAVANAUGH,1,foulon,409,408,[],,0,34,Tyler Robert,Cavanaugh,Tyler Robert,Cavanaugh,T,C,T,C,T. Cavanaugh,BAHÇESEHIR KOLEJI,BSK,T. Cavanaugh,34,,,,,,OTHER,,BAHÇESEHIR KOLEJI foulon,,,,,,,,,0,122,2.0,,0,34,0,52
07:32,07:32:00,34,52,-18,2,3,REGULAR,24,P. CORNELIE,1,substitution,410,,[],out,0,12,Petr  Willlam,Cornelie,Petr  Willlam,Cornelie,P,C,P,C,P. Cornelie,ESENLER EROKSPOR,ERK,P. Cornelie,12,,,,,,SUB,out,ESENLER EROKSPOR substitution out,,,,,,,,,0,122,2.0,,0,34,0,52
07:32,07:32:00,34,52,-18,2,3,REGULAR,22,T. THURMAN,1,substitution,411,,[],in,0,15,Tre'shawn Marcel,Thurman,Tre'shawn Marcel,Thurman,T,T,T,T,T. Thurman,ESENLER EROKSPOR,ERK,T. Thurman,15,,,,,,SUB,in,ESENLER EROKSPOR substitution in,,,,,,,,,0,122,2.0,,0,34,0,52
07:27,07:27:00,34,52,-18,1,3,REGULAR,73,M. PONITKA,0,3pt,413,,[],jumpshot,1,28,Mateusz Michal,Ponitka,Mateusz Michal,Ponitka,M,P,M,P,M. Ponitka,BAHÇESEHIR KOLEJI,BSK,M. Ponitka,28,,,96.599998474121,3.5,0.0,P3,missed,BAHÇESEHIR KOLEJI M. PONITKA 3Pt missed,,,,,,,,,0,122,2.0,,0,34,0,52
07:24,07:24:00,34,52,-18,1,3,REGULAR,79,T. WILLIAMS,1,rebound,414,413,[],offensive,0,50,Trevion Lamon,Williams,Trevion Lamon,Williams,T,W,T,W,T. Williams,BAHÇESEHIR KOLEJI,BSK,T. Williams,50,,,,,,REB,,BAHÇESEHIR KOLEJI rebound offensive,,,,,,,,,0,122,2.0,,0,34,0,52
07:24,07:24:00,34,52,-18,1,3,REGULAR,79,T. WILLIAMS,1,turnover,415,,[],ballhandling,0,50,Trevion Lamon,Williams,Trevion Lamon,Williams,T,W,T,W,T. Williams,BAHÇESEHIR KOLEJI,BSK,T. Williams,50,,,,,,TO,,BAHÇESEHIR KOLEJI T. WILLIAMS turnover ballhandling,,,,,,,,,0,122,2.0,turnover,0,34,0,52
07:24,07:24:00,34,52,-18,2,3,REGULAR,25,L. GALLOWAY,1,steal,417,415,[],,0,9,Langston Arnold ,Galloway,Langston Arnold ,Galloway,L,G,L,G,L. Galloway,ESENLER EROKSPOR,ERK,L. Galloway,9,,,,,,ST,,ESENLER EROKSPOR L. GALLOWAY steal,,,,,,,,,0,123,1.0,,0,34,0,52
07:21,07:21:00,34,52,-18,1,3,REGULAR,79,T. WILLIAMS,1,foul,420,,['1freethrow'],technical,0,50,Trevion Lamon,Williams,Trevion Lamon,Williams,T,W,T,W,T. Williams,BAHÇESEHIR KOLEJI,BSK,T. Williams,50,,,,,,FOUL,,BAHÇESEHIR KOLEJI T. WILLIAMS foul technical,,,,,,,,,0,123,1.0,,0,34,0,52
07:21,07:21:00,34,53,-19,2,3,REGULAR,26,J. CRAWFORD,1,freethrow,421,,['fastbreak'],1of1,1,1,Jordon Benjamin,Crawford,Jordon Benjamin,Crawford,J,C,J,C,J. Crawford,ESENLER EROKSPOR,ERK,J. Crawford,1,,,,,,FT,made,ESENLER EROKSPOR J. CRAWFORD FT 1of1 made,,,,,,,,,1,123,1.0,made_ft_last,0,34,1,53
07:16,07:16:00,34,53,-19,1,3,REGULAR,61,K. SIPAHI,1,foul,424,,[],personal,0,55,Kenan,Sipahi,Kenan,Sipahi,K,S,K,S,K. Sipahi,BAHÇESEHIR KOLEJI,BSK,K. Sipahi,55,,,,,,FOUL,,BAHÇESEHIR KOLEJI K. SIPAHI foul personal,,,,,,,,,0,124,2.0,,0,34,0,53
07:16,07:16:00,34,53,-19,2,3,REGULAR,26,J. CRAWFORD,1,foulon,425,424,[],,0,1,Jordon Benjamin,Crawford,Jordon Benjamin,Crawford,J,C,J,C,J. Crawford,ESENLER EROKSPOR,ERK,J. Crawford,1,,,,,,OTHER,,ESENLER EROKSPOR foulon,,,,,,,,,0,124,2.0,,0,34,0,53
07:06,07:06:00,34,53,-19,2,3,REGULAR,26,J. CRAWFORD,0,2pt,427,,['pointsinthepaint'],layup,1,1,Jordon Benjamin,Crawford,Jordon Benjamin,Crawford,J,C,J,C,J. Crawford,ESENLER EROKSPOR,ERK,J. Crawford,1,,,5.960000038147,48.700000762939,0.0,P2,missed,ESENLER EROKSPOR J. CRAWFORD 2Pt missed,,,,,,,,,0,124,2.0,def_reb,0,34,0,53
07:04,07:04:00,34,53,-19,1,3,REGULAR,61,K. SIPAHI,1,rebound,428,427,[],defensive,0,55,Kenan,Sipahi,Kenan,Sipahi,K,S,K,S,K. Sipahi,BAHÇESEHIR KOLEJI,BSK,K. Sipahi,55,,,,,,REB,,BAHÇESEHIR KOLEJI rebound defensive,,,,,,,,,0,125,1.0,def_reb,0,34,0,53
06:48,06:48:00,36,53,-17,1,3,REGULAR,73,M. PONITKA,1,2pt,429,,['pointsinthepaint'],reverselayup,1,28,Mateusz Michal,Ponitka,Mateusz Michal,Ponitka,M,P,M,P,M. Ponitka,BAHÇESEHIR KOLEJI,BSK,M. Ponitka,28,,,94.569999694824,50.680000305176,1.0,P2,made,BAHÇESEHIR KOLEJI M. PONITKA 2Pt made,74.0,1.0,T. CAVANAUGH,,,,,,2,126,2.0,score,2,36,0,53
06:48,06:48:00,36,53,-17,1,3,REGULAR,74,T. CAVANAUGH,1,assist,430,429,[],,0,34,Tyler Robert,Cavanaugh,Tyler Robert,Cavanaugh,T,C,T,C,T. Cavanaugh,BAHÇESEHIR KOLEJI,BSK,T. Cavanaugh,34,,,,,,ASS,,BAHÇESEHIR KOLEJI T. CAVANAUGH assist,,,,,,,,,0,127,1.0,,0,36,0,53
06:29,06:29:00,36,53,-17,2,3,REGULAR,20,E. ARNA,0,3pt,431,,[],jumpshot,1,18,Egehan,Arna,Egehan,Arna,E,A,E,A,E. Arna,ESENLER EROKSPOR,ERK,E. Arna,18,,,25.930000305176,89.099998474121,0.0,P3,missed,ESENLER EROKSPOR E. ARNA 3Pt missed,,,,,,,,,0,127,1.0,def_reb,0,36,0,53
06:26,06:26:00,36,53,-17,1,3,REGULAR,79,T. WILLIAMS,1,rebound,432,431,[],defensive,0,50,Trevion Lamon,Williams,Trevion Lamon,Williams,T,W,T,W,T. Williams,BAHÇESEHIR KOLEJI,BSK,T. Williams,50,,,,,,REB,,BAHÇESEHIR KOLEJI rebound defensive,,,,,,,,,0,128,2.0,def_reb,0,36,0,53
06:07,06:07:00,38,53,-15,1,3,REGULAR,74,T. CAVANAUGH,1,2pt,433,,['pointsinthepaint'],layup,1,34,Tyler Robert,Cavanaugh,Tyler Robert,Cavanaugh,T,C,T,C,T. Cavanaugh,BAHÇESEHIR KOLEJI,BSK,T. Cavanaugh,34,,,93.790000915527,47.849998474121,1.0,P2,made,BAHÇESEHIR KOLEJI T. CAVANAUGH 2Pt made,79.0,1.0,T. WILLIAMS,,,,,,2,129,1.0,score,2,38,0,53
06:07,06:07:00,38,53,-15,1,3,REGULAR,79,T. WILLIAMS,1,assist,434,433,[],,0,50,Trevion Lamon,Williams,Trevion Lamon,Williams,T,W,T,W,T. Williams,BAHÇESEHIR KOLEJI,BSK,T. Williams,50,,,,,,ASS,,BAHÇESEHIR KOLEJI T. WILLIAMS assist,,,,,,,,,0,130,2.0,,0,38,0,53
05:44,05:44:00,38,53,-15,1,3,REGULAR,78,H. HALE,1,foul,436,,[],personal,0,77,Hunter Jelaun,Hale,Hunter Jelaun,Hale,H,H,H,H,H. Hale,BAHÇESEHIR KOLEJI,BSK,H. Hale,77,,,,,,FOUL,,BAHÇESEHIR KOLEJI H. HALE foul personal,,,,,,,,,0,130,2.0,,0,38,0,53
05:44,05:44:00,38,53,-15,2,3,REGULAR,20,E. ARNA,1,foulon,437,436,[],,0,18,Egehan,Arna,Egehan,Arna,E,A,E,A,E. Arna,ESENLER EROKSPOR,ERK,E. Arna,18,,,,,,OTHER,,ESENLER EROKSPOR foulon,,,,,,,,,0,130,2.0,,0,38,0,53
05:44,05:44:00,38,53,-15,2,3,REGULAR,26,J. CRAWFORD,1,substitution,438,,[],out,0,1,Jordon Benjamin,Crawford,Jordon Benjamin,Crawford,J,C,J,C,J. Crawford,ESENLER EROKSPOR,ERK,J. Crawford,1,,,,,,SUB,out,ESENLER EROKSPOR substitution out,,,,,,,,,0,130,2.0,,0,38,0,53
05:44,05:44:00,38,53,-15,2,3,REGULAR,60,K. PANGOS,1,substitution,439,,[],in,0,4,Kevin Joseph,Pangos,Kevin Joseph,Pangos,K,P,K,P,K. Pangos,ESENLER EROKSPOR,ERK,K. Pangos,4,,,,,,SUB,in,ESENLER EROKSPOR substitution in,,,,,,,,,0,130,2.0,,0,38,0,53
05:34,05:34:00,38,53,-15,2,3,REGULAR,20,E. ARNA,0,3pt,441,,[],jumpshot,1,18,Egehan,Arna,Egehan,Arna,E,A,E,A,E. Arna,ESENLER EROKSPOR,ERK,E. Arna,18,,,26.39999961853,79.209999084473,0.0,P3,missed,ESENLER EROKSPOR E. ARNA 3Pt missed,,,,,,,,,0,130,2.0,def_reb,0,38,0,53
05:31,05:31:00,38,53,-15,1,3,REGULAR,61,K. SIPAHI,1,rebound,442,441,[],defensive,0,55,Kenan,Sipahi,Kenan,Sipahi,K,S,K,S,K. Sipahi,BAHÇESEHIR KOLEJI,BSK,K. Sipahi,55,,,,,,REB,,BAHÇESEHIR KOLEJI rebound defensive,,,,,,,,,0,131,1.0,def_reb,0,38,0,53
05:16,05:16:00,38,53,-15,1,3,REGULAR,74,T. CAVANAUGH,0,3pt,443,,[],jumpshot,1,34,Tyler Robert,Cavanaugh,Tyler Robert,Cavanaugh,T,C,T,C,T. Cavanaugh,BAHÇESEHIR KOLEJI,BSK,T. Cavanaugh,34,,,76.01000213623,17.059999465942,0.0,P3,missed,BAHÇESEHIR KOLEJI T. CAVANAUGH 3Pt missed,,,,,,,,,0,132,2.0,def_reb,0,38,0,53
05:13,05:13:00,38,53,-15,2,3,REGULAR,60,K. PANGOS,1,rebound,444,443,[],defensive,0,4,Kevin Joseph,Pangos,Kevin Joseph,Pangos,K,P,K,P,K. Pangos,ESENLER EROKSPOR,ERK,K. Pangos,4,,,,,,REB,,ESENLER EROKSPOR rebound defensive,,,,,,,,,0,133,1.0,def_reb,0,38,0,53
05:02,05:02:00,38,53,-15,2,3,REGULAR,20,E. ARNA,0,3pt,445,,[],jumpshot,1,18,Egehan,Arna,Egehan,Arna,E,A,E,A,E. Arna,ESENLER EROKSPOR,ERK,E. Arna,18,,,23.280000686646,15.930000305176,0.0,P3,missed,ESENLER EROKSPOR E. ARNA 3Pt missed,,,,,,,,,0,134,2.0,def_reb,0,38,0,53
04:59,04:59:00,38,53,-15,1,3,REGULAR,78,H. HALE,1,rebound,446,445,[],defensive,0,77,Hunter Jelaun,Hale,Hunter Jelaun,Hale,H,H,H,H,H. Hale,BAHÇESEHIR KOLEJI,BSK,H. Hale,77,,,,,,REB,,BAHÇESEHIR KOLEJI rebound defensive,,,,,,,,,0,135,1.0,def_reb,0,38,0,53
04:52,04:52:00,38,53,-15,1,3,REGULAR,78,H. HALE,1,turnover,450,,[],travel,0,77,Hunter Jelaun,Hale,Hunter Jelaun,Hale,H,H,H,H,H. Hale,BAHÇESEHIR KOLEJI,BSK,H. Hale,77,,,,,,TO,,BAHÇESEHIR KOLEJI H. HALE turnover travel,,,,,,,,,0,136,2.0,turnover,0,38,0,53
04:52,04:52:00,38,53,-15,0,3,REGULAR,0,,1,timeout,451,,[],officials,0,,,,,,,,,,,,,,,,,,,,TIMEOUT,, timeout,,,,,,,,,0,137,1.0,,0,38,0,53
04:52,04:52:00,38,53,-15,1,3,REGULAR,74,T. CAVANAUGH,1,substitution,452,,[],out,0,34,Tyler Robert,Cavanaugh,Tyler Robert,Cavanaugh,T,C,T,C,T. Cavanaugh,BAHÇESEHIR KOLEJI,BSK,T. Cavanaugh,34,,,,,,SUB,out,BAHÇESEHIR KOLEJI substitution out,,,,,,,,,0,137,1.0,,0,38,0,53
04:52,04:52:00,38,53,-15,1,3,REGULAR,79,T. WILLIAMS,1,substitution,453,,[],out,0,50,Trevion Lamon,Williams,Trevion Lamon,Williams,T,W,T,W,T. Williams,BAHÇESEHIR KOLEJI,BSK,T. Williams,50,,,,,,SUB,out,BAHÇESEHIR KOLEJI substitution out,,,,,,,,,0,137,1.0,,0,38,0,53
04:52,04:52:00,38,53,-15,1,3,REGULAR,78,H. HALE,1,substitution,454,,[],out,0,77,Hunter Jelaun,Hale,Hunter Jelaun,Hale,H,H,H,H,H. Hale,BAHÇESEHIR KOLEJI,BSK,H. Hale,77,,,,,,SUB,out,BAHÇESEHIR KOLEJI substitution out,,,,,,,,,0,137,1.0,,0,38,0,53
04:52,04:52:00,38,53,-15,1,3,REGULAR,75,C. HOMESLEY,1,substitution,455,,[],in,0,5,Caleb Allen,Homesley,Caleb Allen,Homesley,C,H,C,H,C. Homesley,BAHÇESEHIR KOLEJI,BSK,C. Homesley,5,,,,,,SUB,in,BAHÇESEHIR KOLEJI substitution in,,,,,,,,,0,137,1.0,,0,38,0,53
04:52,04:52:00,38,53,-15,1,3,REGULAR,77,B. KOPRIVICA,1,substitution,456,,[],in,0,8,Balsa,Koprivica,Balsa,Koprivica,B,K,B,K,B. Koprivica,BAHÇESEHIR KOLEJI,BSK,B. Koprivica,8,,,,,,SUB,in,BAHÇESEHIR KOLEJI substitution in,,,,,,,,,0,137,1.0,,0,38,0,53
04:52,04:52:00,38,53,-15,1,3,REGULAR,76,M. MITCHELL II,1,substitution,457,,[],in,0,11,Matthew Antonio,Mitchell Ii,Matthew Antonio,Mitchell Ii,M,M,M,M,M. Mitchell Ii,BAHÇESEHIR KOLEJI,BSK,M. Mitchell Ii,11,,,,,,SUB,in,BAHÇESEHIR KOLEJI substitution in,,,,,,,,,0,137,1.0,,0,38,0,53
04:52,04:52:00,38,53,-15,2,3,REGULAR,27,J. SIMMONS,1,substitution,458,,[],out,0,11,Jeremy Byron Jerome,Simmons,Jeremy Byron Jerome,Simmons,J,S,J,S,J. Simmons,ESENLER EROKSPOR,ERK,J. Simmons,11,,,,,,SUB,out,ESENLER EROKSPOR substitution out,,,,,,,,,0,137,1.0,,0,38,0,53
04:52,04:52:00,38,53,-15,2,3,REGULAR,20,E. ARNA,1,substitution,459,,[],out,0,18,Egehan,Arna,Egehan,Arna,E,A,E,A,E. Arna,ESENLER EROKSPOR,ERK,E. Arna,18,,,,,,SUB,out,ESENLER EROKSPOR substitution out,,,,,,,,,0,137,1.0,,0,38,0,53
04:52,04:52:00,38,53,-15,2,3,REGULAR,28,J. LOVE,1,substitution,460,,[],in,0,22,Jermaine,Love,Jermaine,Love,J,L,J,L,J. Love,ESENLER EROKSPOR,ERK,J. Love,22,,,,,,SUB,in,ESENLER EROKSPOR substitution in,,,,,,,,,0,137,1.0,,0,38,0,53
04:52,04:52:00,38,53,-15,2,3,REGULAR,19,A. DUVERIOGLU,1,substitution,461,,[],in,0,44,Ahmet,Duverioglu,Ahmet,Duverioglu,A,D,A,D,A. Duverioglu,ESENLER EROKSPOR,ERK,A. Duverioglu,44,,,,,,SUB,in,ESENLER EROKSPOR substitution in,,,,,,,,,0,137,1.0,,0,38,0,53
04:37,04:37:00,38,56,-18,2,3,REGULAR,22,T. THURMAN,1,3pt,463,,['fromturnover'],jumpshot,1,15,Tre'shawn Marcel,Thurman,Tre'shawn Marcel,Thurman,T,T,T,T,T. Thurman,ESENLER EROKSPOR,ERK,T. Thurman,15,,,17.819999694824,9.1499996185303,1.0,P3,made,ESENLER EROKSPOR T. THURMAN 3Pt made,60.0,2.0,K. PANGOS,,,,,,3,137,1.0,score,0,38,3,56
04:37,04:37:00,38,56,-18,2,3,REGULAR,60,K. PANGOS,1,assist,464,463,[],,0,4,Kevin Joseph,Pangos,Kevin Joseph,Pangos,K,P,K,P,K. Pangos,ESENLER EROKSPOR,ERK,K. Pangos,4,,,,,,ASS,,ESENLER EROKSPOR K. PANGOS assist,,,,,,,,,0,138,2.0,,0,38,0,56
04:17,04:17:00,41,56,-15,1,3,REGULAR,73,M. PONITKA,1,3pt,465,,[],jumpshot,1,28,Mateusz Michal,Ponitka,Mateusz Michal,Ponitka,M,P,M,P,M. Ponitka,BAHÇESEHIR KOLEJI,BSK,M. Ponitka,28,,,79.440002441406,90.230003356934,1.0,P3,made,BAHÇESEHIR KOLEJI M. PONITKA 3Pt made,76.0,1.0,M. MITCHELL II,,,,,,3,138,2.0,score,3,41,0,56
04:17,04:17:00,41,56,-15,1,3,REGULAR,76,M. MITCHELL II,1,assist,466,465,[],,0,11,Matthew Antonio,Mitchell Ii,Matthew Antonio,Mitchell Ii,M,M,M,M,M. Mitchell Ii,BAHÇESEHIR KOLEJI,BSK,M. Mitchell Ii,11,,,,,,ASS,,BAHÇESEHIR KOLEJI M. MITCHELL II assist,,,,,,,,,0,139,1.0,,0,41,0,56
03:49,03:49:00,41,56,-15,2,3,REGULAR,60,K. PANGOS,0,2pt,467,,"['pointsinthepaint', 'blocked']",floatingjumpshot,1,4,Kevin Joseph,Pangos,Kevin Joseph,Pangos,K,P,K,P,K. Pangos,ESENLER EROKSPOR,ERK,K. Pangos,4,,,7.9899997711182,58.869998931885,0.0,P2,missed,ESENLER EROKSPOR K. PANGOS 2Pt missed,,,,77.0,1.0,B. KOPRIVICA,,,0,139,1.0,,0,41,0,56
03:49,03:49:00,41,56,-15,1,3,REGULAR,77,B. KOPRIVICA,1,block,468,467,[],,0,8,Balsa,Koprivica,Balsa,Koprivica,B,K,B,K,B. Koprivica,BAHÇESEHIR KOLEJI,BSK,B. Koprivica,8,,,,,,BS,,BAHÇESEHIR KOLEJI B. KOPRIVICA block,,,,,,,,,0,139,1.0,,0,41,0,56
03:46,03:46:00,41,56,-15,1,3,REGULAR,76,M. MITCHELL II,1,rebound,469,467,[],defensive,0,11,Matthew Antonio,Mitchell Ii,Matthew Antonio,Mitchell Ii,M,M,M,M,M. Mitchell Ii,BAHÇESEHIR KOLEJI,BSK,M. Mitchell Ii,11,,,,,,REB,,BAHÇESEHIR KOLEJI rebound defensive,,,,,,,,,0,139,1.0,def_reb,0,41,0,56
03:44,03:44:00,43,56,-13,1,3,REGULAR,73,M. PONITKA,1,2pt,470,,"['pointsinthepaint', 'fastbreak']",layup,1,28,Mateusz Michal,Ponitka,Mateusz Michal,Ponitka,M,P,M,P,M. Ponitka,BAHÇESEHIR KOLEJI,BSK,M. Ponitka,28,,,92.540000915527,43.900001525879,1.0,P2,made,BAHÇESEHIR KOLEJI M. PONITKA 2Pt made,76.0,1.0,M. MITCHELL II,,,,,,2,140,2.0,score,2,43,0,56
03:44,03:44:00,43,56,-13,1,3,REGULAR,76,M. MITCHELL II,1,assist,471,470,[],,0,11,Matthew Antonio,Mitchell Ii,Matthew Antonio,Mitchell Ii,M,M,M,M,M. Mitchell Ii,BAHÇESEHIR KOLEJI,BSK,M. Mitchell Ii,11,,,,,,ASS,,BAHÇESEHIR KOLEJI M. MITCHELL II assist,,,,,,,,,0,141,1.0,,0,43,0,56
03:17,03:17:00,43,56,-13,2,3,REGULAR,25,L. GALLOWAY,0,2pt,472,,[],floatingjumpshot,1,9,Langston Arnold ,Galloway,Langston Arnold ,Galloway,L,G,L,G,L. Galloway,ESENLER EROKSPOR,ERK,L. Galloway,9,,,13.289999961853,69.599998474121,0.0,P2,missed,ESENLER EROKSPOR L. GALLOWAY 2Pt missed,,,,,,,,,0,141,1.0,def_reb,0,43,0,56
03:14,03:14:00,43,56,-13,1,3,REGULAR,73,M. PONITKA,1,rebound,473,472,[],defensive,0,28,Mateusz Michal,Ponitka,Mateusz Michal,Ponitka,M,P,M,P,M. Ponitka,BAHÇESEHIR KOLEJI,BSK,M. Ponitka,28,,,,,,REB,,BAHÇESEHIR KOLEJI rebound defensive,,,,,,,,,0,142,2.0,def_reb,0,43,0,56
03:12,03:12:00,43,56,-13,2,3,REGULAR,22,T. THURMAN,1,foul,477,,[],personal,0,15,Tre'shawn Marcel,Thurman,Tre'shawn Marcel,Thurman,T,T,T,T,T. Thurman,ESENLER EROKSPOR,ERK,T. Thurman,15,,,,,,FOUL,,ESENLER EROKSPOR T. THURMAN foul personal,,,,,,,,,0,143,1.0,,0,43,0,56
03:12,03:12:00,43,56,-13,1,3,REGULAR,76,M. MITCHELL II,1,foulon,478,477,[],,0,11,Matthew Antonio,Mitchell Ii,Matthew Antonio,Mitchell Ii,M,M,M,M,M. Mitchell Ii,BAHÇESEHIR KOLEJI,BSK,M. Mitchell Ii,11,,,,,,OTHER,,BAHÇESEHIR KOLEJI foulon,,,,,,,,,0,143,1.0,,0,43,0,56
03:07,03:07:00,43,56,-13,1,3,REGULAR,76,M. MITCHELL II,0,2pt,480,,['pointsinthepaint'],floatingjumpshot,1,11,Matthew Antonio,Mitchell Ii,Matthew Antonio,Mitchell Ii,M,M,M,M,M. Mitchell Ii,BAHÇESEHIR KOLEJI,BSK,M. Mitchell Ii,11,,,85.98999786377,50.400001525879,0.0,P2,missed,BAHÇESEHIR KOLEJI M. MITCHELL II 2Pt missed,,,,,,,,,0,143,1.0,def_reb,0,43,0,56
03:03,03:03:00,43,56,-13,2,3,REGULAR,19,A. DUVERIOGLU,1,rebound,482,480,[],defensive,0,44,Ahmet,Duverioglu,Ahmet,Duverioglu,A,D,A,D,A. Duverioglu,ESENLER EROKSPOR,ERK,A. Duverioglu,44,,,,,,REB,,ESENLER EROKSPOR rebound defensive,,,,,,,,,0,144,2.0,def_reb,0,43,0,56
03:03,03:03:00,43,56,-13,1,3,REGULAR,73,M. PONITKA,1,foul,483,,['2freethrow'],personal,0,28,Mateusz Michal,Ponitka,Mateusz Michal,Ponitka,M,P,M,P,M. Ponitka,BAHÇESEHIR KOLEJI,BSK,M. Ponitka,28,,,,,,FOUL,,BAHÇESEHIR KOLEJI M. PONITKA foul personal,,,,,,,,,0,145,1.0,,0,43,0,56
03:03,03:03:00,43,56,-13,2,3,REGULAR,19,A. DUVERIOGLU,1,foulon,484,483,[],,0,44,Ahmet,Duverioglu,Ahmet,Duverioglu,A,D,A,D,A. Duverioglu,ESENLER EROKSPOR,ERK,A. Duverioglu,44,,,,,,OTHER,,ESENLER EROKSPOR foulon,,,,,,,,,0,145,1.0,,0,43,0,56
03:03,03:03:00,43,57,-14,2,3,REGULAR,19,A. DUVERIOGLU,1,freethrow,485,,[],1of2,1,44,Ahmet,Duverioglu,Ahmet,Duverioglu,A,D,A,D,A. Duverioglu,ESENLER EROKSPOR,ERK,A. Duverioglu,44,,,,,,FT,made,ESENLER EROKSPOR A. DUVERIOGLU FT 1of2 made,,,,,,,,,1,145,1.0,made_ft,0,43,1,57
03:03,03:03:00,43,58,-15,2,3,REGULAR,19,A. DUVERIOGLU,1,freethrow,486,,[],2of2,1,44,Ahmet,Duverioglu,Ahmet,Duverioglu,A,D,A,D,A. Duverioglu,ESENLER EROKSPOR,ERK,A. Duverioglu,44,,,,,,FT,made,ESENLER EROKSPOR A. DUVERIOGLU FT 2of2 made,,,,,,,,,1,146,2.0,made_ft_last,0,43,1,58
02:49,02:49:00,46,58,-12,1,3,REGULAR,76,M. MITCHELL II,1,3pt,488,,[],jumpshot,1,11,Matthew Antonio,Mitchell Ii,Matthew Antonio,Mitchell Ii,M,M,M,M,M. Mitchell Ii,BAHÇESEHIR KOLEJI,BSK,M. Mitchell Ii,11,,,74.449996948242,20.729999542236,1.0,P3,made,BAHÇESEHIR KOLEJI M. MITCHELL II 3Pt made,75.0,1.0,C. HOMESLEY,,,,,,3,147,1.0,score,3,46,0,58
02:49,02:49:00,46,58,-12,1,3,REGULAR,75,C. HOMESLEY,1,assist,489,488,[],,0,5,Caleb Allen,Homesley,Caleb Allen,Homesley,C,H,C,H,C. Homesley,BAHÇESEHIR KOLEJI,BSK,C. Homesley,5,,,,,,ASS,,BAHÇESEHIR KOLEJI C. HOMESLEY assist,,,,,,,,,0,148,2.0,,0,46,0,58
02:29,02:29:00,46,58,-12,2,3,REGULAR,25,L. GALLOWAY,0,2pt,490,,[],jumpshot,1,9,Langston Arnold ,Galloway,Langston Arnold ,Galloway,L,G,L,G,L. Galloway,ESENLER EROKSPOR,ERK,L. Galloway,9,,,25.770000457764,61.979999542236,0.0,P2,missed,ESENLER EROKSPOR L. GALLOWAY 2Pt missed,,,,,,,,,0,148,2.0,,0,46,0,58
02:26,02:26:00,46,58,-12,2,3,REGULAR,28,J. LOVE,1,rebound,491,490,[],offensive,0,22,Jermaine,Love,Jermaine,Love,J,L,J,L,J. Love,ESENLER EROKSPOR,ERK,J. Love,22,,,,,,REB,,ESENLER EROKSPOR rebound offensive,,,,,,,,,0,148,2.0,,0,46,0,58
02:17,02:17:00,46,58,-12,1,3,REGULAR,73,M. PONITKA,1,substitution,494,,[],out,0,28,Mateusz Michal,Ponitka,Mateusz Michal,Ponitka,M,P,M,P,M. Ponitka,BAHÇESEHIR KOLEJI,BSK,M. Ponitka,28,,,,,,SUB,out,BAHÇESEHIR KOLEJI substitution out,,,,,,,,,0,148,2.0,,0,46,0,58
02:17,02:17:00,46,58,-12,1,3,REGULAR,61,K. SIPAHI,1,substitution,495,,[],out,0,55,Kenan,Sipahi,Kenan,Sipahi,K,S,K,S,K. Sipahi,BAHÇESEHIR KOLEJI,BSK,K. Sipahi,55,,,,,,SUB,out,BAHÇESEHIR KOLEJI substitution out,,,,,,,,,0,148,2.0,,0,46,0,58
02:17,02:17:00,46,58,-12,1,3,REGULAR,1,I. AKPINAR,1,substitution,496,,[],in,0,33,Ismet,Akpinar,Ismet,Akpinar,I,A,I,A,I. Akpinar,BAHÇESEHIR KOLEJI,BSK,I. Akpinar,33,,,,,,SUB,in,BAHÇESEHIR KOLEJI substitution in,,,,,,,,,0,148,2.0,,0,46,0,58
02:17,02:17:00,46,58,-12,1,3,REGULAR,78,H. HALE,1,substitution,497,,[],in,0,77,Hunter Jelaun,Hale,Hunter Jelaun,Hale,H,H,H,H,H. Hale,BAHÇESEHIR KOLEJI,BSK,H. Hale,77,,,,,,SUB,in,BAHÇESEHIR KOLEJI substitution in,,,,,,,,,0,148,2.0,,0,46,0,58
02:14,02:14:00,46,58,-12,2,3,REGULAR,25,L. GALLOWAY,0,2pt,499,,['2ndchance'],jumpshot,1,9,Langston Arnold ,Galloway,Langston Arnold ,Galloway,L,G,L,G,L. Galloway,ESENLER EROKSPOR,ERK,L. Galloway,9,,,9.3900003433228,15.369999885559,0.0,P2,missed,ESENLER EROKSPOR L. GALLOWAY 2Pt missed,,,,,,,,,0,148,2.0,def_reb,0,46,0,58
02:11,02:11:00,46,58,-12,1,3,REGULAR,77,B. KOPRIVICA,1,rebound,501,499,[],defensive,0,8,Balsa,Koprivica,Balsa,Koprivica,B,K,B,K,B. Koprivica,BAHÇESEHIR KOLEJI,BSK,B. Koprivica,8,,,,,,REB,,BAHÇESEHIR KOLEJI rebound defensive,,,,,,,,,0,149,1.0,def_reb,0,46,0,58
02:11,02:11:00,46,58,-12,2,3,REGULAR,19,A. DUVERIOGLU,1,foul,502,,[],personal,0,44,Ahmet,Duverioglu,Ahmet,Duverioglu,A,D,A,D,A. Duverioglu,ESENLER EROKSPOR,ERK,A. Duverioglu,44,,,,,,FOUL,,ESENLER EROKSPOR A. DUVERIOGLU foul personal,,,,,,,,,0,150,2.0,,0,46,0,58
02:11,02:11:00,46,58,-12,1,3,REGULAR,77,B. KOPRIVICA,1,foulon,503,502,[],,0,8,Balsa,Koprivica,Balsa,Koprivica,B,K,B,K,B. Koprivica,BAHÇESEHIR KOLEJI,BSK,B. Koprivica,8,,,,,,OTHER,,BAHÇESEHIR KOLEJI foulon,,,,,,,,,0,150,2.0,,0,46,0,58
02:11,02:11:00,46,58,-12,2,3,REGULAR,25,L. GALLOWAY,1,substitution,504,,[],out,0,9,Langston Arnold ,Galloway,Langston Arnold ,Galloway,L,G,L,G,L. Galloway,ESENLER EROKSPOR,ERK,L. Galloway,9,,,,,,SUB,out,ESENLER EROKSPOR substitution out,,,,,,,,,0,150,2.0,,0,46,0,58
02:11,02:11:00,46,58,-12,2,3,REGULAR,26,J. CRAWFORD,1,substitution,505,,[],in,0,1,Jordon Benjamin,Crawford,Jordon Benjamin,Crawford,J,C,J,C,J. Crawford,ESENLER EROKSPOR,ERK,J. Crawford,1,,,,,,SUB,in,ESENLER EROKSPOR substitution in,,,,,,,,,0,150,2.0,,0,46,0,58
01:55,01:55:00,46,58,-12,1,3,REGULAR,75,C. HOMESLEY,0,3pt,507,,[],jumpshot,1,5,Caleb Allen,Homesley,Caleb Allen,Homesley,C,H,C,H,C. Homesley,BAHÇESEHIR KOLEJI,BSK,C. Homesley,5,,,67.889999389648,38.529998779297,0.0,P3,missed,BAHÇESEHIR KOLEJI C. HOMESLEY 3Pt missed,,,,,,,,,0,150,2.0,def_reb,0,46,0,58
01:51,01:51:00,46,58,-12,2,3,REGULAR,26,J. CRAWFORD,1,rebound,508,507,[],defensive,0,1,Jordon Benjamin,Crawford,Jordon Benjamin,Crawford,J,C,J,C,J. Crawford,ESENLER EROKSPOR,ERK,J. Crawford,1,,,,,,REB,,ESENLER EROKSPOR rebound defensive,,,,,,,,,0,151,1.0,def_reb,0,46,0,58
01:45,01:45:00,46,58,-12,2,3,REGULAR,28,J. LOVE,1,foul,512,,[],offensive,0,22,Jermaine,Love,Jermaine,Love,J,L,J,L,J. Love,ESENLER EROKSPOR,ERK,J. Love,22,,,,,,RFOUL,,ESENLER EROKSPOR J. LOVE foul offensive,,,,,,,,,0,152,2.0,offensive_foul,0,46,0,58
01:45,01:45:00,46,58,-12,2,3,REGULAR,28,J. LOVE,1,turnover,513,512,[],offensive,0,22,Jermaine,Love,Jermaine,Love,J,L,J,L,J. Love,ESENLER EROKSPOR,ERK,J. Love,22,,,,,,TO,,ESENLER EROKSPOR J. LOVE turnover offensive,,,,,,,,,0,153,1.0,turnover,0,46,0,58
01:45,01:45:00,46,58,-12,1,3,REGULAR,75,C. HOMESLEY,1,foulon,514,512,[],,0,5,Caleb Allen,Homesley,Caleb Allen,Homesley,C,H,C,H,C. Homesley,BAHÇESEHIR KOLEJI,BSK,C. Homesley,5,,,,,,OTHER,,BAHÇESEHIR KOLEJI foulon,,,,,,,,,0,154,2.0,,0,46,0,58
01:36,01:36:00,48,58,-10,1,3,REGULAR,77,B. KOPRIVICA,1,2pt,516,,"['fromturnover', 'pointsinthepaint']",layup,1,8,Balsa,Koprivica,Balsa,Koprivica,B,K,B,K,B. Koprivica,BAHÇESEHIR KOLEJI,BSK,B. Koprivica,8,,,93.480003356934,55.200000762939,1.0,P2,made,BAHÇESEHIR KOLEJI B. KOPRIVICA 2Pt made,76.0,1.0,M. MITCHELL II,,,,,,2,154,2.0,score,2,48,0,58
01:36,01:36:00,48,58,-10,1,3,REGULAR,76,M. MITCHELL II,1,assist,517,516,[],,0,11,Matthew Antonio,Mitchell Ii,Matthew Antonio,Mitchell Ii,M,M,M,M,M. Mitchell Ii,BAHÇESEHIR KOLEJI,BSK,M. Mitchell Ii,11,,,,,,ASS,,BAHÇESEHIR KOLEJI M. MITCHELL II assist,,,,,,,,,0,155,1.0,,0,48,0,58
01:16,01:16:00,48,60,-12,2,3,REGULAR,28,J. LOVE,1,2pt,518,,[],jumpshot,1,22,Jermaine,Love,Jermaine,Love,J,L,J,L,J. Love,ESENLER EROKSPOR,ERK,J. Love,22,,,4.4000000953674,15.930000305176,1.0,P2,made,ESENLER EROKSPOR J. LOVE 2Pt made,60.0,2.0,K. PANGOS,,,,,,2,155,1.0,score,0,48,2,60
01:16,01:16:00,48,60,-12,2,3,REGULAR,60,K. PANGOS,1,assist,519,518,[],,0,4,Kevin Joseph,Pangos,Kevin Joseph,Pangos,K,P,K,P,K. Pangos,ESENLER EROKSPOR,ERK,K. Pangos,4,,,,,,ASS,,ESENLER EROKSPOR K. PANGOS assist,,,,,,,,,0,156,2.0,,0,48,0,60
00:58,00:58:70,48,60,-12,1,3,REGULAR,77,B. KOPRIVICA,0,2pt,520,,['pointsinthepaint'],layup,1,8,Balsa,Koprivica,Balsa,Koprivica,B,K,B,K,B. Koprivica,BAHÇESEHIR KOLEJI,BSK,B. Koprivica,8,,,93.319999694824,44.180000305176,0.0,P2,missed,BAHÇESEHIR KOLEJI B. KOPRIVICA 2Pt missed,,,,,,,,,0,156,2.0,def_reb,0,48,0,60
00:56,00:56:60,48,60,-12,2,3,REGULAR,19,A. DUVERIOGLU,1,rebound,521,520,[],defensive,0,44,Ahmet,Duverioglu,Ahmet,Duverioglu,A,D,A,D,A. Duverioglu,ESENLER EROKSPOR,ERK,A. Duverioglu,44,,,,,,REB,,ESENLER EROKSPOR rebound defensive,,,,,,,,,0,157,1.0,def_reb,0,48,0,60
00:37,00:37:50,48,60,-12,2,3,REGULAR,26,J. CRAWFORD,0,3pt,522,,[],stepbackjumpshot,1,1,Jordon Benjamin,Crawford,Jordon Benjamin,Crawford,J,C,J,C,J. Crawford,ESENLER EROKSPOR,ERK,J. Crawford,1,,,25.770000457764,20.729999542236,0.0,P3,missed,ESENLER EROKSPOR J. CRAWFORD 3Pt missed,,,,,,,,,0,158,2.0,def_reb,0,48,0,60
00:34,00:34:80,48,60,-12,1,3,REGULAR,77,B. KOPRIVICA,1,rebound,523,522,[],defensive,0,8,Balsa,Koprivica,Balsa,Koprivica,B,K,B,K,B. Koprivica,BAHÇESEHIR KOLEJI,BSK,B. Koprivica,8,,,,,,REB,,BAHÇESEHIR KOLEJI rebound defensive,,,,,,,,,0,159,1.0,def_reb,0,48,0,60
00:23,00:23:20,50,60,-10,1,3,REGULAR,75,C. HOMESLEY,1,2pt,524,,['pointsinthepaint'],layup,1,5,Caleb Allen,Homesley,Caleb Allen,Homesley,C,H,C,H,C. Homesley,BAHÇESEHIR KOLEJI,BSK,C. Homesley,5,,,91.76000213623,52.090000152588,1.0,P2,made,BAHÇESEHIR KOLEJI C. HOMESLEY 2Pt made,,,,,,,,,2,160,2.0,score,2,50,0,60
00:05,00:05:50,50,60,-10,2,3,REGULAR,60,K. PANGOS,0,2pt,525,,[],jumpshot,1,4,Kevin Joseph,Pangos,Kevin Joseph,Pangos,K,P,K,P,K. Pangos,ESENLER EROKSPOR,ERK,K. Pangos,4,,,25.14999961853,24.120000839233,0.0,P2,missed,ESENLER EROKSPOR K. PANGOS 2Pt missed,,,,,,,,,0,161,1.0,def_reb,0,50,0,60
00:02,00:02:00,50,60,-10,1,3,REGULAR,78,H. HALE,1,rebound,527,525,[],defensive,0,77,Hunter Jelaun,Hale,Hunter Jelaun,Hale,H,H,H,H,H. Hale,BAHÇESEHIR KOLEJI,BSK,H. Hale,77,,,,,,REB,,BAHÇESEHIR KOLEJI rebound defensive,,,,,,,,,0,162,2.0,def_reb,0,50,0,60
00:01,00:01:00,53,60,-7,1,3,REGULAR,78,H. HALE,1,3pt,531,,['fastbreak'],jumpshot,1,77,Hunter Jelaun,Hale,Hunter Jelaun,Hale,H,H,H,H,H. Hale,BAHÇESEHIR KOLEJI,BSK,H. Hale,77,,,16.879999160767,57.740001678467,1.0,P3,made,BAHÇESEHIR KOLEJI H. HALE 3Pt made,,,,,,,,,3,163,1.0,score,3,53,0,60
00:00,00:00:00,53,60,-7,0,3,REGULAR,0,,1,period,534,,['confirmed'],end,0,,,,,,,,,,,,,,,,,,,,OTHER,,period end,,,,,,,,,0,164,2.0,,0,53,0,60
10:00,10:00:00,53,60,-7,0,4,REGULAR,0,,1,period,535,,[],start,0,,,,,,,,,,,,,,,,,,,,OTHER,,period start,,,,,,,,,0,164,2.0,,0,53,0,60
09:54,09:54:00,53,60,-7,1,4,REGULAR,77,B. KOPRIVICA,1,foul,538,,[],offensive,0,8,Balsa,Koprivica,Balsa,Koprivica,B,K,B,K,B. Koprivica,BAHÇESEHIR KOLEJI,BSK,B. Koprivica,8,,,,,,RFOUL,,BAHÇESEHIR KOLEJI B. KOPRIVICA foul offensive,,,,,,,,,0,164,2.0,offensive_foul,0,53,0,60
09:54,09:54:00,53,60,-7,1,4,REGULAR,77,B. KOPRIVICA,1,turnover,539,538,[],offensive,0,8,Balsa,Koprivica,Balsa,Koprivica,B,K,B,K,B. Koprivica,BAHÇESEHIR KOLEJI,BSK,B. Koprivica,8,,,,,,TO,,BAHÇESEHIR KOLEJI B. KOPRIVICA turnover offensive,,,,,,,,,0,165,1.0,turnover,0,53,0,60
09:54,09:54:00,53,60,-7,2,4,REGULAR,60,K. PANGOS,1,foulon,540,538,[],,0,4,Kevin Joseph,Pangos,Kevin Joseph,Pangos,K,P,K,P,K. Pangos,ESENLER EROKSPOR,ERK,K. Pangos,4,,,,,,OTHER,,ESENLER EROKSPOR foulon,,,,,,,,,0,166,2.0,,0,53,0,60
09:33,09:33:00,53,62,-9,2,4,REGULAR,26,J. CRAWFORD,1,2pt,545,,"['fromturnover', 'pointsinthepaint']",drivinglayup,1,1,Jordon Benjamin,Crawford,Jordon Benjamin,Crawford,J,C,J,C,J. Crawford,ESENLER EROKSPOR,ERK,J. Crawford,1,,,11.420000076294,59.439998626709,1.0,P2,made,ESENLER EROKSPOR J. CRAWFORD 2Pt made,,,,,,,,,2,166,2.0,score,0,53,2,62
09:33,09:33:00,53,62,-9,1,4,REGULAR,77,B. KOPRIVICA,1,foul,546,,"['shooting', '1freethrow']",personal,0,8,Balsa,Koprivica,Balsa,Koprivica,B,K,B,K,B. Koprivica,BAHÇESEHIR KOLEJI,BSK,B. Koprivica,8,,,,,,FOUL,,BAHÇESEHIR KOLEJI B. KOPRIVICA foul personal,,,,,,,,,0,167,1.0,,0,53,0,62
09:33,09:33:00,53,62,-9,2,4,REGULAR,26,J. CRAWFORD,1,foulon,547,546,[],,0,1,Jordon Benjamin,Crawford,Jordon Benjamin,Crawford,J,C,J,C,J. Crawford,ESENLER EROKSPOR,ERK,J. Crawford,1,,,,,,OTHER,,ESENLER EROKSPOR foulon,,,,,,,,,0,167,1.0,,0,53,0,62
09:33,09:33:00,53,62,-9,1,4,REGULAR,77,B. KOPRIVICA,1,substitution,548,,[],out,0,8,Balsa,Koprivica,Balsa,Koprivica,B,K,B,K,B. Koprivica,BAHÇESEHIR KOLEJI,BSK,B. Koprivica,8,,,,,,SUB,out,BAHÇESEHIR KOLEJI substitution out,,,,,,,,,0,167,1.0,,0,53,0,62
09:33,09:33:00,53,62,-9,1,4,REGULAR,79,T. WILLIAMS,1,substitution,549,,[],in,0,50,Trevion Lamon,Williams,Trevion Lamon,Williams,T,W,T,W,T. Williams,BAHÇESEHIR KOLEJI,BSK,T. Williams,50,,,,,,SUB,in,BAHÇESEHIR KOLEJI substitution in,,,,,,,,,0,167,1.0,,0,53,0,62
09:33,09:33:00,53,63,-10,2,4,REGULAR,26,J. CRAWFORD,1,freethrow,550,,['fromturnover'],1of1,1,1,Jordon Benjamin,Crawford,Jordon Benjamin,Crawford,J,C,J,C,J. Crawford,ESENLER EROKSPOR,ERK,J. Crawford,1,,,,,,FT,made,ESENLER EROKSPOR J. CRAWFORD FT 1of1 made,,,,,,,,,1,167,1.0,made_ft_last,0,53,1,63
09:18,09:18:00,53,63,-10,1,4,REGULAR,75,C. HOMESLEY,0,3pt,552,,[],jumpshot,1,5,Caleb Allen,Homesley,Caleb Allen,Homesley,C,H,C,H,C. Homesley,BAHÇESEHIR KOLEJI,BSK,C. Homesley,5,,,72.889999389648,28.360000610352,0.0,P3,missed,BAHÇESEHIR KOLEJI C. HOMESLEY 3Pt missed,,,,,,,,,0,168,2.0,def_reb,0,53,0,63
09:14,09:14:00,53,63,-10,2,4,REGULAR,22,T. THURMAN,1,rebound,553,552,[],defensive,0,15,Tre'shawn Marcel,Thurman,Tre'shawn Marcel,Thurman,T,T,T,T,T. Thurman,ESENLER EROKSPOR,ERK,T. Thurman,15,,,,,,REB,,ESENLER EROKSPOR rebound defensive,,,,,,,,,0,169,1.0,def_reb,0,53,0,63
08:50,08:50:00,53,63,-10,2,4,REGULAR,22,T. THURMAN,0,3pt,554,,[],jumpshot,1,15,Tre'shawn Marcel,Thurman,Tre'shawn Marcel,Thurman,T,T,T,T,T. Thurman,ESENLER EROKSPOR,ERK,T. Thurman,15,,,25.14999961853,88.25,0.0,P3,missed,ESENLER EROKSPOR T. THURMAN 3Pt missed,,,,,,,,,0,170,2.0,def_reb,0,53,0,63
08:47,08:47:00,53,63,-10,1,4,REGULAR,78,H. HALE,1,rebound,555,554,[],defensive,0,77,Hunter Jelaun,Hale,Hunter Jelaun,Hale,H,H,H,H,H. Hale,BAHÇESEHIR KOLEJI,BSK,H. Hale,77,,,,,,REB,,BAHÇESEHIR KOLEJI rebound defensive,,,,,,,,,0,171,1.0,def_reb,0,53,0,63
08:41,08:41:00,53,63,-10,2,4,REGULAR,60,K. PANGOS,1,foul,557,,[],personal,0,4,Kevin Joseph,Pangos,Kevin Joseph,Pangos,K,P,K,P,K. Pangos,ESENLER EROKSPOR,ERK,K. Pangos,4,,,,,,FOUL,,ESENLER EROKSPOR K. PANGOS foul personal,,,,,,,,,0,172,2.0,,0,53,0,63
08:41,08:41:00,53,63,-10,1,4,REGULAR,76,M. MITCHELL II,1,foulon,558,557,[],,0,11,Matthew Antonio,Mitchell Ii,Matthew Antonio,Mitchell Ii,M,M,M,M,M. Mitchell Ii,BAHÇESEHIR KOLEJI,BSK,M. Mitchell Ii,11,,,,,,OTHER,,BAHÇESEHIR KOLEJI foulon,,,,,,,,,0,172,2.0,,0,53,0,63
08:41,08:41:00,53,63,-10,1,4,REGULAR,76,M. MITCHELL II,1,substitution,559,,[],out,0,11,Matthew Antonio,Mitchell Ii,Matthew Antonio,Mitchell Ii,M,M,M,M,M. Mitchell Ii,BAHÇESEHIR KOLEJI,BSK,M. Mitchell Ii,11,,,,,,SUB,out,BAHÇESEHIR KOLEJI substitution out,,,,,,,,,0,172,2.0,,0,53,0,63
08:41,08:41:00,53,63,-10,1,4,REGULAR,1,I. AKPINAR,1,substitution,560,,[],out,0,33,Ismet,Akpinar,Ismet,Akpinar,I,A,I,A,I. Akpinar,BAHÇESEHIR KOLEJI,BSK,I. Akpinar,33,,,,,,SUB,out,BAHÇESEHIR KOLEJI substitution out,,,,,,,,,0,172,2.0,,0,53,0,63
08:41,08:41:00,53,63,-10,1,4,REGULAR,74,T. CAVANAUGH,1,substitution,561,,[],in,0,34,Tyler Robert,Cavanaugh,Tyler Robert,Cavanaugh,T,C,T,C,T. Cavanaugh,BAHÇESEHIR KOLEJI,BSK,T. Cavanaugh,34,,,,,,SUB,in,BAHÇESEHIR KOLEJI substitution in,,,,,,,,,0,172,2.0,,0,53,0,63
08:41,08:41:00,53,63,-10,1,4,REGULAR,61,K. SIPAHI,1,substitution,562,,[],in,0,55,Kenan,Sipahi,Kenan,Sipahi,K,S,K,S,K. Sipahi,BAHÇESEHIR KOLEJI,BSK,K. Sipahi,55,,,,,,SUB,in,BAHÇESEHIR KOLEJI substitution in,,,,,,,,,0,172,2.0,,0,53,0,63
08:33,08:33:00,55,63,-8,1,4,REGULAR,79,T. WILLIAMS,1,2pt,564,,['pointsinthepaint'],layup,1,50,Trevion Lamon,Williams,Trevion Lamon,Williams,T,W,T,W,T. Williams,BAHÇESEHIR KOLEJI,BSK,T. Williams,50,,,93.790000915527,46.439998626709,1.0,P2,made,BAHÇESEHIR KOLEJI T. WILLIAMS 2Pt made,78.0,1.0,H. HALE,,,,,,2,172,2.0,score,2,55,0,63
08:33,08:33:00,55,63,-8,1,4,REGULAR,78,H. HALE,1,assist,565,564,[],,0,77,Hunter Jelaun,Hale,Hunter Jelaun,Hale,H,H,H,H,H. Hale,BAHÇESEHIR KOLEJI,BSK,H. Hale,77,,,,,,ASS,,BAHÇESEHIR KOLEJI H. HALE assist,,,,,,,,,0,173,1.0,,0,55,0,63
08:12,08:12:00,55,66,-11,2,4,REGULAR,26,J. CRAWFORD,1,3pt,566,,[],jumpshot,1,1,Jordon Benjamin,Crawford,Jordon Benjamin,Crawford,J,C,J,C,J. Crawford,ESENLER EROKSPOR,ERK,J. Crawford,1,,,15.159999847412,6.0500001907349,1.0,P3,made,ESENLER EROKSPOR J. CRAWFORD 3Pt made,60.0,2.0,K. PANGOS,,,,,,3,173,1.0,score,0,55,3,66
08:12,08:12:00,55,66,-11,2,4,REGULAR,60,K. PANGOS,1,assist,567,566,[],,0,4,Kevin Joseph,Pangos,Kevin Joseph,Pangos,K,P,K,P,K. Pangos,ESENLER EROKSPOR,ERK,K. Pangos,4,,,,,,ASS,,ESENLER EROKSPOR K. PANGOS assist,,,,,,,,,0,174,2.0,,0,55,0,66
07:58,07:58:00,55,66,-11,2,4,REGULAR,60,K. PANGOS,1,foul,571,,[],personal,0,4,Kevin Joseph,Pangos,Kevin Joseph,Pangos,K,P,K,P,K. Pangos,ESENLER EROKSPOR,ERK,K. Pangos,4,,,,,,FOUL,,ESENLER EROKSPOR K. PANGOS foul personal,,,,,,,,,0,174,2.0,,0,55,0,66
07:58,07:58:00,55,66,-11,1,4,REGULAR,74,T. CAVANAUGH,1,foulon,572,571,[],,0,34,Tyler Robert,Cavanaugh,Tyler Robert,Cavanaugh,T,C,T,C,T. Cavanaugh,BAHÇESEHIR KOLEJI,BSK,T. Cavanaugh,34,,,,,,OTHER,,BAHÇESEHIR KOLEJI foulon,,,,,,,,,0,174,2.0,,0,55,0,66
07:58,07:58:00,55,66,-11,1,4,REGULAR,75,C. HOMESLEY,1,substitution,573,,[],out,0,5,Caleb Allen,Homesley,Caleb Allen,Homesley,C,H,C,H,C. Homesley,BAHÇESEHIR KOLEJI,BSK,C. Homesley,5,,,,,,SUB,out,BAHÇESEHIR KOLEJI substitution out,,,,,,,,,0,174,2.0,,0,55,0,66
07:58,07:58:00,55,66,-11,1,4,REGULAR,73,M. PONITKA,1,substitution,574,,[],in,0,28,Mateusz Michal,Ponitka,Mateusz Michal,Ponitka,M,P,M,P,M. Ponitka,BAHÇESEHIR KOLEJI,BSK,M. Ponitka,28,,,,,,SUB,in,BAHÇESEHIR KOLEJI substitution in,,,,,,,,,0,174,2.0,,0,55,0,66
07:47,07:47:00,55,66,-11,1,4,REGULAR,61,K. SIPAHI,0,3pt,576,,[],jumpshot,1,55,Kenan,Sipahi,Kenan,Sipahi,K,S,K,S,K. Sipahi,BAHÇESEHIR KOLEJI,BSK,K. Sipahi,55,,,74.290000915527,20.450000762939,0.0,P3,missed,BAHÇESEHIR KOLEJI K. SIPAHI 3Pt missed,,,,,,,,,0,174,2.0,def_reb,0,55,0,66
07:45,07:45:00,55,66,-11,2,4,REGULAR,28,J. LOVE,1,rebound,577,576,[],defensive,0,22,Jermaine,Love,Jermaine,Love,J,L,J,L,J. Love,ESENLER EROKSPOR,ERK,J. Love,22,,,,,,REB,,ESENLER EROKSPOR rebound defensive,,,,,,,,,0,175,1.0,def_reb,0,55,0,66
07:40,07:40:00,55,66,-11,1,4,REGULAR,78,H. HALE,1,foul,579,,[],personal,0,77,Hunter Jelaun,Hale,Hunter Jelaun,Hale,H,H,H,H,H. Hale,BAHÇESEHIR KOLEJI,BSK,H. Hale,77,,,,,,FOUL,,BAHÇESEHIR KOLEJI H. HALE foul personal,,,,,,,,,0,176,2.0,,0,55,0,66
07:40,07:40:00,55,66,-11,2,4,REGULAR,28,J. LOVE,1,foulon,580,579,[],,0,22,Jermaine,Love,Jermaine,Love,J,L,J,L,J. Love,ESENLER EROKSPOR,ERK,J. Love,22,,,,,,OTHER,,ESENLER EROKSPOR foulon,,,,,,,,,0,176,2.0,,0,55,0,66
07:26,07:26:00,55,66,-11,2,4,REGULAR,60,K. PANGOS,0,3pt,582,,[],jumpshot,1,4,Kevin Joseph,Pangos,Kevin Joseph,Pangos,K,P,K,P,K. Pangos,ESENLER EROKSPOR,ERK,K. Pangos,4,,,30.139999389648,35.139999389648,0.0,P3,missed,ESENLER EROKSPOR K. PANGOS 3Pt missed,,,,,,,,,0,176,2.0,def_reb,0,55,0,66
07:23,07:23:00,55,66,-11,1,4,REGULAR,78,H. HALE,1,rebound,583,582,[],defensive,0,77,Hunter Jelaun,Hale,Hunter Jelaun,Hale,H,H,H,H,H. Hale,BAHÇESEHIR KOLEJI,BSK,H. Hale,77,,,,,,REB,,BAHÇESEHIR KOLEJI rebound defensive,,,,,,,,,0,177,1.0,def_reb,0,55,0,66
07:16,07:16:00,55,66,-11,1,4,REGULAR,74,T. CAVANAUGH,0,3pt,584,,[],jumpshot,1,34,Tyler Robert,Cavanaugh,Tyler Robert,Cavanaugh,T,C,T,C,T. Cavanaugh,BAHÇESEHIR KOLEJI,BSK,T. Cavanaugh,34,,,96.290000915527,96.440002441406,0.0,P3,missed,BAHÇESEHIR KOLEJI T. CAVANAUGH 3Pt missed,,,,,,,,,0,178,2.0,,0,55,0,66
07:13,07:13:00,55,66,-11,1,4,REGULAR,79,T. WILLIAMS,1,rebound,585,584,[],offensive,0,50,Trevion Lamon,Williams,Trevion Lamon,Williams,T,W,T,W,T. Williams,BAHÇESEHIR KOLEJI,BSK,T. Williams,50,,,,,,REB,,BAHÇESEHIR KOLEJI rebound offensive,,,,,,,,,0,178,2.0,,0,55,0,66
07:08,07:08:00,55,66,-11,2,4,REGULAR,19,A. DUVERIOGLU,1,foul,587,,[],personal,0,44,Ahmet,Duverioglu,Ahmet,Duverioglu,A,D,A,D,A. Duverioglu,ESENLER EROKSPOR,ERK,A. Duverioglu,44,,,,,,FOUL,,ESENLER EROKSPOR A. DUVERIOGLU foul personal,,,,,,,,,0,178,2.0,,0,55,0,66
07:08,07:08:00,55,66,-11,1,4,REGULAR,79,T. WILLIAMS,1,foulon,588,587,[],,0,50,Trevion Lamon,Williams,Trevion Lamon,Williams,T,W,T,W,T. Williams,BAHÇESEHIR KOLEJI,BSK,T. Williams,50,,,,,,OTHER,,BAHÇESEHIR KOLEJI foulon,,,,,,,,,0,178,2.0,,0,55,0,66
07:08,07:08:00,55,66,-11,2,4,REGULAR,60,K. PANGOS,1,substitution,589,,[],out,0,4,Kevin Joseph,Pangos,Kevin Joseph,Pangos,K,P,K,P,K. Pangos,ESENLER EROKSPOR,ERK,K. Pangos,4,,,,,,SUB,out,ESENLER EROKSPOR substitution out,,,,,,,,,0,178,2.0,,0,55,0,66
07:08,07:08:00,55,66,-11,2,4,REGULAR,19,A. DUVERIOGLU,1,substitution,590,,[],out,0,44,Ahmet,Duverioglu,Ahmet,Duverioglu,A,D,A,D,A. Duverioglu,ESENLER EROKSPOR,ERK,A. Duverioglu,44,,,,,,SUB,out,ESENLER EROKSPOR substitution out,,,,,,,,,0,178,2.0,,0,55,0,66
07:08,07:08:00,55,66,-11,2,4,REGULAR,27,J. SIMMONS,1,substitution,591,,[],in,0,11,Jeremy Byron Jerome,Simmons,Jeremy Byron Jerome,Simmons,J,S,J,S,J. Simmons,ESENLER EROKSPOR,ERK,J. Simmons,11,,,,,,SUB,in,ESENLER EROKSPOR substitution in,,,,,,,,,0,178,2.0,,0,55,0,66
07:08,07:08:00,55,66,-11,2,4,REGULAR,20,E. ARNA,1,substitution,592,,[],in,0,18,Egehan,Arna,Egehan,Arna,E,A,E,A,E. Arna,ESENLER EROKSPOR,ERK,E. Arna,18,,,,,,SUB,in,ESENLER EROKSPOR substitution in,,,,,,,,,0,178,2.0,,0,55,0,66
06:57,06:57:00,55,66,-11,2,4,REGULAR,20,E. ARNA,1,foul,597,,[],personal,0,18,Egehan,Arna,Egehan,Arna,E,A,E,A,E. Arna,ESENLER EROKSPOR,ERK,E. Arna,18,,,,,,FOUL,,ESENLER EROKSPOR E. ARNA foul personal,,,,,,,,,0,178,2.0,,0,55,0,66
06:57,06:57:00,55,66,-11,1,4,REGULAR,74,T. CAVANAUGH,1,foulon,598,597,[],,0,34,Tyler Robert,Cavanaugh,Tyler Robert,Cavanaugh,T,C,T,C,T. Cavanaugh,BAHÇESEHIR KOLEJI,BSK,T. Cavanaugh,34,,,,,,OTHER,,BAHÇESEHIR KOLEJI foulon,,,,,,,,,0,178,2.0,,0,55,0,66
06:50,06:50:00,55,66,-11,1,4,REGULAR,74,T. CAVANAUGH,0,3pt,602,,['2ndchance'],jumpshot,1,34,Tyler Robert,Cavanaugh,Tyler Robert,Cavanaugh,T,C,T,C,T. Cavanaugh,BAHÇESEHIR KOLEJI,BSK,T. Cavanaugh,34,,,73.819999694824,81.470001220703,0.0,P3,missed,BAHÇESEHIR KOLEJI T. CAVANAUGH 3Pt missed,,,,,,,,,0,178,2.0,def_reb,0,55,0,66
06:48,06:48:00,55,66,-11,2,4,REGULAR,0,,1,rebound,604,602,['team'],defensive,0,,,,,,,,,,,ESENLER EROKSPOR,ERK,,,,,,,,TREB,,ESENLER EROKSPOR team rebound defensive,,,,,,,,,0,179,1.0,def_reb,0,55,0,66
06:48,06:48:00,55,66,-11,2,4,REGULAR,0,,1,timeout,605,,[],full,0,,,,,,,,,,,ESENLER EROKSPOR,ERK,,,,,,,,TIMEOUT,,ESENLER EROKSPOR timeout,,,,,,,,,0,180,2.0,,0,55,0,66
06:24,06:24:00,55,66,-11,2,4,REGULAR,0,,1,turnover,608,,['team'],24sec,0,,,,,,,,,,,ESENLER EROKSPOR,ERK,,,,,,,,TO,,ESENLER EROKSPOR  turnover 24sec,,,,,,,,,0,180,2.0,turnover,0,55,0,66
06:24,06:24:00,55,66,-11,1,4,REGULAR,74,T. CAVANAUGH,1,substitution,609,,[],out,0,34,Tyler Robert,Cavanaugh,Tyler Robert,Cavanaugh,T,C,T,C,T. Cavanaugh,BAHÇESEHIR KOLEJI,BSK,T. Cavanaugh,34,,,,,,SUB,out,BAHÇESEHIR KOLEJI substitution out,,,,,,,,,0,181,1.0,,0,55,0,66
06:24,06:24:00,55,66,-11,1,4,REGULAR,78,H. HALE,1,substitution,610,,[],out,0,77,Hunter Jelaun,Hale,Hunter Jelaun,Hale,H,H,H,H,H. Hale,BAHÇESEHIR KOLEJI,BSK,H. Hale,77,,,,,,SUB,out,BAHÇESEHIR KOLEJI substitution out,,,,,,,,,0,181,1.0,,0,55,0,66
06:24,06:24:00,55,66,-11,1,4,REGULAR,75,C. HOMESLEY,1,substitution,611,,[],in,0,5,Caleb Allen,Homesley,Caleb Allen,Homesley,C,H,C,H,C. Homesley,BAHÇESEHIR KOLEJI,BSK,C. Homesley,5,,,,,,SUB,in,BAHÇESEHIR KOLEJI substitution in,,,,,,,,,0,181,1.0,,0,55,0,66
06:24,06:24:00,55,66,-11,1,4,REGULAR,76,M. MITCHELL II,1,substitution,612,,[],in,0,11,Matthew Antonio,Mitchell Ii,Matthew Antonio,Mitchell Ii,M,M,M,M,M. Mitchell Ii,BAHÇESEHIR KOLEJI,BSK,M. Mitchell Ii,11,,,,,,SUB,in,BAHÇESEHIR KOLEJI substitution in,,,,,,,,,0,181,1.0,,0,55,0,66
06:13,06:13:00,55,66,-11,1,4,REGULAR,79,T. WILLIAMS,1,turnover,615,,[],badpass,0,50,Trevion Lamon,Williams,Trevion Lamon,Williams,T,W,T,W,T. Williams,BAHÇESEHIR KOLEJI,BSK,T. Williams,50,,,,,,TO,,BAHÇESEHIR KOLEJI T. WILLIAMS turnover badpass,,,,,,,,,0,181,1.0,turnover,0,55,0,66
06:01,06:01:00,55,68,-13,2,4,REGULAR,26,J. CRAWFORD,1,2pt,617,,"['fromturnover', 'pointsinthepaint']",layup,1,1,Jordon Benjamin,Crawford,Jordon Benjamin,Crawford,J,C,J,C,J. Crawford,ESENLER EROKSPOR,ERK,J. Crawford,1,,,7.0500001907349,50.680000305176,1.0,P2,made,ESENLER EROKSPOR J. CRAWFORD 2Pt made,,,,,,,,,2,182,2.0,score,0,55,2,68
06:00,06:00:00,55,68,-13,1,4,REGULAR,0,,1,timeout,619,,[],full,0,,,,,,,,,,,BAHÇESEHIR KOLEJI,BSK,,,,,,,,TIMEOUT,,BAHÇESEHIR KOLEJI timeout,,,,,,,,,0,183,1.0,,0,55,0,68
06:00,06:00:00,55,68,-13,1,4,REGULAR,61,K. SIPAHI,1,substitution,620,,[],out,0,55,Kenan,Sipahi,Kenan,Sipahi,K,S,K,S,K. Sipahi,BAHÇESEHIR KOLEJI,BSK,K. Sipahi,55,,,,,,SUB,out,BAHÇESEHIR KOLEJI substitution out,,,,,,,,,0,183,1.0,,0,55,0,68
06:00,06:00:00,55,68,-13,1,4,REGULAR,1,I. AKPINAR,1,substitution,621,,[],in,0,33,Ismet,Akpinar,Ismet,Akpinar,I,A,I,A,I. Akpinar,BAHÇESEHIR KOLEJI,BSK,I. Akpinar,33,,,,,,SUB,in,BAHÇESEHIR KOLEJI substitution in,,,,,,,,,0,183,1.0,,0,55,0,68
05:43,05:43:00,55,68,-13,1,4,REGULAR,79,T. WILLIAMS,0,3pt,623,,[],jumpshot,1,50,Trevion Lamon,Williams,Trevion Lamon,Williams,T,W,T,W,T. Williams,BAHÇESEHIR KOLEJI,BSK,T. Williams,50,,,70.860000610352,71.019996643066,0.0,P3,missed,BAHÇESEHIR KOLEJI T. WILLIAMS 3Pt missed,,,,,,,,,0,183,1.0,def_reb,0,55,0,68
05:41,05:41:00,55,68,-13,2,4,REGULAR,27,J. SIMMONS,1,rebound,624,623,[],defensive,0,11,Jeremy Byron Jerome,Simmons,Jeremy Byron Jerome,Simmons,J,S,J,S,J. Simmons,ESENLER EROKSPOR,ERK,J. Simmons,11,,,,,,REB,,ESENLER EROKSPOR rebound defensive,,,,,,,,,0,184,2.0,def_reb,0,55,0,68
05:25,05:25:00,55,68,-13,2,4,REGULAR,22,T. THURMAN,0,3pt,625,,[],jumpshot,1,15,Tre'shawn Marcel,Thurman,Tre'shawn Marcel,Thurman,T,T,T,T,T. Thurman,ESENLER EROKSPOR,ERK,T. Thurman,15,,,31.389999389648,50.110000610352,0.0,P3,missed,ESENLER EROKSPOR T. THURMAN 3Pt missed,,,,,,,,,0,185,1.0,def_reb,0,55,0,68
05:22,05:22:00,55,68,-13,1,4,REGULAR,79,T. WILLIAMS,1,rebound,626,625,[],defensive,0,50,Trevion Lamon,Williams,Trevion Lamon,Williams,T,W,T,W,T. Williams,BAHÇESEHIR KOLEJI,BSK,T. Williams,50,,,,,,REB,,BAHÇESEHIR KOLEJI rebound defensive,,,,,,,,,0,186,2.0,def_reb,0,55,0,68
05:08,05:08:00,55,68,-13,1,4,REGULAR,73,M. PONITKA,1,foul,628,,[],offensive,0,28,Mateusz Michal,Ponitka,Mateusz Michal,Ponitka,M,P,M,P,M. Ponitka,BAHÇESEHIR KOLEJI,BSK,M. Ponitka,28,,,,,,RFOUL,,BAHÇESEHIR KOLEJI M. PONITKA foul offensive,,,,,,,,,0,187,1.0,offensive_foul,0,55,0,68
05:08,05:08:00,55,68,-13,1,4,REGULAR,73,M. PONITKA,1,turnover,629,628,[],offensive,0,28,Mateusz Michal,Ponitka,Mateusz Michal,Ponitka,M,P,M,P,M. Ponitka,BAHÇESEHIR KOLEJI,BSK,M. Ponitka,28,,,,,,TO,,BAHÇESEHIR KOLEJI M. PONITKA turnover offensive,,,,,,,,,0,188,2.0,turnover,0,55,0,68
05:08,05:08:00,55,68,-13,2,4,REGULAR,22,T. THURMAN,1,foulon,630,628,[],,0,15,Tre'shawn Marcel,Thurman,Tre'shawn Marcel,Thurman,T,T,T,T,T. Thurman,ESENLER EROKSPOR,ERK,T. Thurman,15,,,,,,OTHER,,ESENLER EROKSPOR foulon,,,,,,,,,0,189,1.0,,0,55,0,68
05:08,05:08:00,55,68,-13,2,4,REGULAR,28,J. LOVE,1,substitution,631,,[],out,0,22,Jermaine,Love,Jermaine,Love,J,L,J,L,J. Love,ESENLER EROKSPOR,ERK,J. Love,22,,,,,,SUB,out,ESENLER EROKSPOR substitution out,,,,,,,,,0,189,1.0,,0,55,0,68
05:08,05:08:00,55,68,-13,2,4,REGULAR,25,L. GALLOWAY,1,substitution,632,,[],in,0,9,Langston Arnold ,Galloway,Langston Arnold ,Galloway,L,G,L,G,L. Galloway,ESENLER EROKSPOR,ERK,L. Galloway,9,,,,,,SUB,in,ESENLER EROKSPOR substitution in,,,,,,,,,0,189,1.0,,0,55,0,68
04:53,04:53:00,55,68,-13,2,4,REGULAR,26,J. CRAWFORD,1,turnover,634,,[],badpass,0,1,Jordon Benjamin,Crawford,Jordon Benjamin,Crawford,J,C,J,C,J. Crawford,ESENLER EROKSPOR,ERK,J. Crawford,1,,,,,,TO,,ESENLER EROKSPOR J. CRAWFORD turnover badpass,,,,,,,,,0,189,1.0,turnover,0,55,0,68
04:53,04:53:00,55,68,-13,1,4,REGULAR,79,T. WILLIAMS,1,steal,635,634,[],,0,50,Trevion Lamon,Williams,Trevion Lamon,Williams,T,W,T,W,T. Williams,BAHÇESEHIR KOLEJI,BSK,T. Williams,50,,,,,,ST,,BAHÇESEHIR KOLEJI T. WILLIAMS steal,,,,,,,,,0,190,2.0,,0,55,0,68
04:45,04:45:00,55,68,-13,2,4,REGULAR,22,T. THURMAN,1,foul,637,,"['shooting', '2freethrow']",personal,0,15,Tre'shawn Marcel,Thurman,Tre'shawn Marcel,Thurman,T,T,T,T,T. Thurman,ESENLER EROKSPOR,ERK,T. Thurman,15,,,,,,FOUL,,ESENLER EROKSPOR T. THURMAN foul personal,,,,,,,,,0,190,2.0,,0,55,0,68
04:45,04:45:00,55,68,-13,1,4,REGULAR,76,M. MITCHELL II,1,foulon,638,637,[],,0,11,Matthew Antonio,Mitchell Ii,Matthew Antonio,Mitchell Ii,M,M,M,M,M. Mitchell Ii,BAHÇESEHIR KOLEJI,BSK,M. Mitchell Ii,11,,,,,,OTHER,,BAHÇESEHIR KOLEJI foulon,,,,,,,,,0,190,2.0,,0,55,0,68
04:45,04:45:00,55,68,-13,1,4,REGULAR,76,M. MITCHELL II,0,freethrow,639,,"['fastbreak', 'fromturnover']",1of2,1,11,Matthew Antonio,Mitchell Ii,Matthew Antonio,Mitchell Ii,M,M,M,M,M. Mitchell Ii,BAHÇESEHIR KOLEJI,BSK,M. Mitchell Ii,11,,,,,,FT,missed,BAHÇESEHIR KOLEJI M. MITCHELL II FT 1of2 missed,,,,,,,,,0,190,2.0,def_reb,0,55,0,68
04:45,04:45:00,55,68,-13,1,4,REGULAR,0,,1,rebound,640,639,[],offensivedeadball,0,,,,,,,,,,,BAHÇESEHIR KOLEJI,BSK,,,,,,,,TREB,,BAHÇESEHIR KOLEJI team rebound offensivedeadball,,,,,,,,,0,191,1.0,def_reb,0,55,0,68
04:45,04:45:00,56,68,-12,1,4,REGULAR,76,M. MITCHELL II,1,freethrow,641,,"['fastbreak', 'fromturnover']",2of2,1,11,Matthew Antonio,Mitchell Ii,Matthew Antonio,Mitchell Ii,M,M,M,M,M. Mitchell Ii,BAHÇESEHIR KOLEJI,BSK,M. Mitchell Ii,11,,,,,,FT,made,BAHÇESEHIR KOLEJI M. MITCHELL II FT 2of2 made,,,,,,,,,1,192,2.0,made_ft_last,1,56,0,68
04:26,04:26:00,56,68,-12,2,4,REGULAR,22,T. THURMAN,0,2pt,645,,['pointsinthepaint'],layup,1,15,Tre'shawn Marcel,Thurman,Tre'shawn Marcel,Thurman,T,T,T,T,T. Thurman,ESENLER EROKSPOR,ERK,T. Thurman,15,,,10.020000457764,48.139999389648,0.0,P2,missed,ESENLER EROKSPOR T. THURMAN 2Pt missed,,,,,,,,,0,193,1.0,def_reb,0,56,0,68
04:22,04:22:00,56,68,-12,1,4,REGULAR,0,,1,rebound,647,645,['team'],defensive,0,,,,,,,,,,,BAHÇESEHIR KOLEJI,BSK,,,,,,,,TREB,,BAHÇESEHIR KOLEJI team rebound defensive,,,,,,,,,0,194,2.0,def_reb,0,56,0,68
04:14,04:14:00,56,68,-12,1,4,REGULAR,79,T. WILLIAMS,0,2pt,649,,['pointsinthepaint'],alleyoop,1,50,Trevion Lamon,Williams,Trevion Lamon,Williams,T,W,T,W,T. Williams,BAHÇESEHIR KOLEJI,BSK,T. Williams,50,,,94.410003662109,53.5,0.0,P2,missed,BAHÇESEHIR KOLEJI T. WILLIAMS 2Pt missed,,,,,,,,,0,195,1.0,def_reb,0,56,0,68
04:11,04:11:00,56,68,-12,2,4,REGULAR,25,L. GALLOWAY,1,rebound,650,649,[],defensive,0,9,Langston Arnold ,Galloway,Langston Arnold ,Galloway,L,G,L,G,L. Galloway,ESENLER EROKSPOR,ERK,L. Galloway,9,,,,,,REB,,ESENLER EROKSPOR rebound defensive,,,,,,,,,0,196,2.0,def_reb,0,56,0,68
04:07,04:07:00,56,70,-14,2,4,REGULAR,26,J. CRAWFORD,1,2pt,651,,"['pointsinthepaint', 'fastbreak']",drivinglayup,1,1,Jordon Benjamin,Crawford,Jordon Benjamin,Crawford,J,C,J,C,J. Crawford,ESENLER EROKSPOR,ERK,J. Crawford,1,,,6.4299998283386,55.200000762939,1.0,P2,made,ESENLER EROKSPOR J. CRAWFORD 2Pt made,25.0,2.0,L. GALLOWAY,,,,,,2,197,1.0,score,0,56,2,70
04:07,04:07:00,56,70,-14,2,4,REGULAR,25,L. GALLOWAY,1,assist,655,651,[],,0,9,Langston Arnold ,Galloway,Langston Arnold ,Galloway,L,G,L,G,L. Galloway,ESENLER EROKSPOR,ERK,L. Galloway,9,,,,,,ASS,,ESENLER EROKSPOR L. GALLOWAY assist,,,,,,,,,0,198,2.0,,0,56,0,70
04:05,04:05:00,56,70,-14,1,4,REGULAR,0,,1,timeout,656,,[],full,0,,,,,,,,,,,BAHÇESEHIR KOLEJI,BSK,,,,,,,,TIMEOUT,,BAHÇESEHIR KOLEJI timeout,,,,,,,,,0,198,2.0,,0,56,0,70
04:05,04:05:00,56,70,-14,1,4,REGULAR,79,T. WILLIAMS,1,substitution,657,,[],out,0,50,Trevion Lamon,Williams,Trevion Lamon,Williams,T,W,T,W,T. Williams,BAHÇESEHIR KOLEJI,BSK,T. Williams,50,,,,,,SUB,out,BAHÇESEHIR KOLEJI substitution out,,,,,,,,,0,198,2.0,,0,56,0,70
04:05,04:05:00,56,70,-14,1,4,REGULAR,74,T. CAVANAUGH,1,substitution,658,,[],in,0,34,Tyler Robert,Cavanaugh,Tyler Robert,Cavanaugh,T,C,T,C,T. Cavanaugh,BAHÇESEHIR KOLEJI,BSK,T. Cavanaugh,34,,,,,,SUB,in,BAHÇESEHIR KOLEJI substitution in,,,,,,,,,0,198,2.0,,0,56,0,70
03:58,03:58:00,56,70,-14,1,4,REGULAR,75,C. HOMESLEY,1,turnover,660,,[],ballhandling,0,5,Caleb Allen,Homesley,Caleb Allen,Homesley,C,H,C,H,C. Homesley,BAHÇESEHIR KOLEJI,BSK,C. Homesley,5,,,,,,TO,,BAHÇESEHIR KOLEJI C. HOMESLEY turnover ballhandling,,,,,,,,,0,198,2.0,turnover,0,56,0,70
03:58,03:58:00,56,70,-14,2,4,REGULAR,22,T. THURMAN,1,steal,661,660,[],,0,15,Tre'shawn Marcel,Thurman,Tre'shawn Marcel,Thurman,T,T,T,T,T. Thurman,ESENLER EROKSPOR,ERK,T. Thurman,15,,,,,,ST,,ESENLER EROKSPOR T. THURMAN steal,,,,,,,,,0,199,1.0,,0,56,0,70
03:54,03:54:00,56,70,-14,2,4,REGULAR,20,E. ARNA,0,2pt,662,,"['fromturnover', 'pointsinthepaint']",dunk,1,18,Egehan,Arna,Egehan,Arna,E,A,E,A,E. Arna,ESENLER EROKSPOR,ERK,E. Arna,18,,,5.6500000953674,53.220001220703,0.0,P2,missed,ESENLER EROKSPOR E. ARNA 2Pt missed,,,,,,,,,0,199,1.0,,0,56,0,70
03:52,03:52:00,56,70,-14,2,4,REGULAR,27,J. SIMMONS,1,rebound,664,662,[],offensive,0,11,Jeremy Byron Jerome,Simmons,Jeremy Byron Jerome,Simmons,J,S,J,S,J. Simmons,ESENLER EROKSPOR,ERK,J. Simmons,11,,,,,,REB,,ESENLER EROKSPOR rebound offensive,,,,,,,,,0,199,1.0,,0,56,0,70
03:52,03:52:00,56,72,-16,2,4,REGULAR,27,J. SIMMONS,1,2pt,665,,"['2ndchance', 'fromturnover', 'pointsinthepaint', 'fastbreak']",dunk,1,11,Jeremy Byron Jerome,Simmons,Jeremy Byron Jerome,Simmons,J,S,J,S,J. Simmons,ESENLER EROKSPOR,ERK,J. Simmons,11,,,5.0199999809265,52.659999847412,1.0,P2,made,ESENLER EROKSPOR J. SIMMONS 2Pt made,,,,,,,,,2,199,1.0,score,0,56,2,72
03:52,03:52:00,56,72,-16,1,4,REGULAR,0,,1,timeout,666,,[],full,0,,,,,,,,,,,BAHÇESEHIR KOLEJI,BSK,,,,,,,,TIMEOUT,,BAHÇESEHIR KOLEJI timeout,,,,,,,,,0,200,2.0,,0,56,0,72
03:52,03:52:00,56,72,-16,1,4,REGULAR,73,M. PONITKA,1,substitution,667,,[],out,0,28,Mateusz Michal,Ponitka,Mateusz Michal,Ponitka,M,P,M,P,M. Ponitka,BAHÇESEHIR KOLEJI,BSK,M. Ponitka,28,,,,,,SUB,out,BAHÇESEHIR KOLEJI substitution out,,,,,,,,,0,200,2.0,,0,56,0,72
03:52,03:52:00,56,72,-16,1,4,REGULAR,1,I. AKPINAR,1,substitution,668,,[],out,0,33,Ismet,Akpinar,Ismet,Akpinar,I,A,I,A,I. Akpinar,BAHÇESEHIR KOLEJI,BSK,I. Akpinar,33,,,,,,SUB,out,BAHÇESEHIR KOLEJI substitution out,,,,,,,,,0,200,2.0,,0,56,0,72
03:52,03:52:00,56,72,-16,1,4,REGULAR,61,K. SIPAHI,1,substitution,669,,[],in,0,55,Kenan,Sipahi,Kenan,Sipahi,K,S,K,S,K. Sipahi,BAHÇESEHIR KOLEJI,BSK,K. Sipahi,55,,,,,,SUB,in,BAHÇESEHIR KOLEJI substitution in,,,,,,,,,0,200,2.0,,0,56,0,72
03:52,03:52:00,56,72,-16,1,4,REGULAR,78,H. HALE,1,substitution,670,,[],in,0,77,Hunter Jelaun,Hale,Hunter Jelaun,Hale,H,H,H,H,H. Hale,BAHÇESEHIR KOLEJI,BSK,H. Hale,77,,,,,,SUB,in,BAHÇESEHIR KOLEJI substitution in,,,,,,,,,0,200,2.0,,0,56,0,72
03:34,03:34:00,56,72,-16,1,4,REGULAR,78,H. HALE,1,turnover,673,,[],badpass,0,77,Hunter Jelaun,Hale,Hunter Jelaun,Hale,H,H,H,H,H. Hale,BAHÇESEHIR KOLEJI,BSK,H. Hale,77,,,,,,TO,,BAHÇESEHIR KOLEJI H. HALE turnover badpass,,,,,,,,,0,200,2.0,turnover,0,56,0,72
03:15,03:15:00,56,72,-16,1,4,REGULAR,74,T. CAVANAUGH,1,foul,680,,['2freethrow'],personal,0,34,Tyler Robert,Cavanaugh,Tyler Robert,Cavanaugh,T,C,T,C,T. Cavanaugh,BAHÇESEHIR KOLEJI,BSK,T. Cavanaugh,34,,,,,,FOUL,,BAHÇESEHIR KOLEJI T. CAVANAUGH foul personal,,,,,,,,,0,201,1.0,,0,56,0,72
03:15,03:15:00,56,72,-16,2,4,REGULAR,26,J. CRAWFORD,1,foulon,681,680,[],,0,1,Jordon Benjamin,Crawford,Jordon Benjamin,Crawford,J,C,J,C,J. Crawford,ESENLER EROKSPOR,ERK,J. Crawford,1,,,,,,OTHER,,ESENLER EROKSPOR foulon,,,,,,,,,0,201,1.0,,0,56,0,72
03:15,03:15:00,56,72,-16,1,4,REGULAR,74,T. CAVANAUGH,1,substitution,682,,[],out,0,34,Tyler Robert,Cavanaugh,Tyler Robert,Cavanaugh,T,C,T,C,T. Cavanaugh,BAHÇESEHIR KOLEJI,BSK,T. Cavanaugh,34,,,,,,SUB,out,BAHÇESEHIR KOLEJI substitution out,,,,,,,,,0,201,1.0,,0,56,0,72
03:15,03:15:00,56,72,-16,1,4,REGULAR,63,F. HALTALI,1,substitution,683,,[],in,0,14,Furkan,Haltali,Furkan,Haltali,F,H,F,H,F. Haltali,BAHÇESEHIR KOLEJI,BSK,F. Haltali,14,,,,,,SUB,in,BAHÇESEHIR KOLEJI substitution in,,,,,,,,,0,201,1.0,,0,56,0,72
03:15,03:15:00,56,73,-17,2,4,REGULAR,26,J. CRAWFORD,1,freethrow,684,,['fromturnover'],1of2,1,1,Jordon Benjamin,Crawford,Jordon Benjamin,Crawford,J,C,J,C,J. Crawford,ESENLER EROKSPOR,ERK,J. Crawford,1,,,,,,FT,made,ESENLER EROKSPOR J. CRAWFORD FT 1of2 made,,,,,,,,,1,201,1.0,made_ft,0,56,1,73
03:15,03:15:00,56,74,-18,2,4,REGULAR,26,J. CRAWFORD,1,freethrow,685,,['fromturnover'],2of2,1,1,Jordon Benjamin,Crawford,Jordon Benjamin,Crawford,J,C,J,C,J. Crawford,ESENLER EROKSPOR,ERK,J. Crawford,1,,,,,,FT,made,ESENLER EROKSPOR J. CRAWFORD FT 2of2 made,,,,,,,,,1,202,2.0,made_ft_last,0,56,1,74
02:58,02:58:00,56,74,-18,1,4,REGULAR,75,C. HOMESLEY,0,2pt,687,,[],jumpshot,1,5,Caleb Allen,Homesley,Caleb Allen,Homesley,C,H,C,H,C. Homesley,BAHÇESEHIR KOLEJI,BSK,C. Homesley,5,,,84.73999786377,73.559997558594,0.0,P2,missed,BAHÇESEHIR KOLEJI C. HOMESLEY 2Pt missed,,,,,,,,,0,203,1.0,def_reb,0,56,0,74
02:56,02:56:00,56,74,-18,2,4,REGULAR,26,J. CRAWFORD,1,rebound,688,687,[],defensive,0,1,Jordon Benjamin,Crawford,Jordon Benjamin,Crawford,J,C,J,C,J. Crawford,ESENLER EROKSPOR,ERK,J. Crawford,1,,,,,,REB,,ESENLER EROKSPOR rebound defensive,,,,,,,,,0,204,2.0,def_reb,0,56,0,74
02:39,02:39:00,56,74,-18,1,4,REGULAR,63,F. HALTALI,1,foul,690,,"['shooting', '2freethrow']",personal,0,14,Furkan,Haltali,Furkan,Haltali,F,H,F,H,F. Haltali,BAHÇESEHIR KOLEJI,BSK,F. Haltali,14,,,,,,FOUL,,BAHÇESEHIR KOLEJI F. HALTALI foul personal,,,,,,,,,0,205,1.0,,0,56,0,74
02:39,02:39:00,56,74,-18,2,4,REGULAR,26,J. CRAWFORD,1,foulon,691,690,[],,0,1,Jordon Benjamin,Crawford,Jordon Benjamin,Crawford,J,C,J,C,J. Crawford,ESENLER EROKSPOR,ERK,J. Crawford,1,,,,,,OTHER,,ESENLER EROKSPOR foulon,,,,,,,,,0,205,1.0,,0,56,0,74
02:39,02:39:00,56,74,-18,2,4,REGULAR,25,L. GALLOWAY,1,substitution,692,,[],out,0,9,Langston Arnold ,Galloway,Langston Arnold ,Galloway,L,G,L,G,L. Galloway,ESENLER EROKSPOR,ERK,L. Galloway,9,,,,,,SUB,out,ESENLER EROKSPOR substitution out,,,,,,,,,0,205,1.0,,0,56,0,74
02:39,02:39:00,56,74,-18,2,4,REGULAR,15,T. AKYAZILI,1,substitution,693,,[],in,0,14,Thomas,Akyazili,Thomas,Akyazili,T,A,T,A,T. Akyazili,ESENLER EROKSPOR,ERK,T. Akyazili,14,,,,,,SUB,in,ESENLER EROKSPOR substitution in,,,,,,,,,0,205,1.0,,0,56,0,74
02:39,02:39:00,56,75,-19,2,4,REGULAR,26,J. CRAWFORD,1,freethrow,694,,[],1of2,1,1,Jordon Benjamin,Crawford,Jordon Benjamin,Crawford,J,C,J,C,J. Crawford,ESENLER EROKSPOR,ERK,J. Crawford,1,,,,,,FT,made,ESENLER EROKSPOR J. CRAWFORD FT 1of2 made,,,,,,,,,1,205,1.0,made_ft,0,56,1,75
02:39,02:39:00,56,76,-20,2,4,REGULAR,26,J. CRAWFORD,1,freethrow,695,,[],2of2,1,1,Jordon Benjamin,Crawford,Jordon Benjamin,Crawford,J,C,J,C,J. Crawford,ESENLER EROKSPOR,ERK,J. Crawford,1,,,,,,FT,made,ESENLER EROKSPOR J. CRAWFORD FT 2of2 made,,,,,,,,,1,206,2.0,made_ft_last,0,56,1,76
02:39,02:39:00,56,76,-20,2,4,REGULAR,26,J. CRAWFORD,1,substitution,696,,[],out,0,1,Jordon Benjamin,Crawford,Jordon Benjamin,Crawford,J,C,J,C,J. Crawford,ESENLER EROKSPOR,ERK,J. Crawford,1,,,,,,SUB,out,ESENLER EROKSPOR substitution out,,,,,,,,,0,207,1.0,,0,56,0,76
02:39,02:39:00,56,76,-20,2,4,REGULAR,60,K. PANGOS,1,substitution,697,,[],in,0,4,Kevin Joseph,Pangos,Kevin Joseph,Pangos,K,P,K,P,K. Pangos,ESENLER EROKSPOR,ERK,K. Pangos,4,,,,,,SUB,in,ESENLER EROKSPOR substitution in,,,,,,,,,0,207,1.0,,0,56,0,76
02:30,02:30:00,56,76,-20,1,4,REGULAR,78,H. HALE,0,2pt,699,,['pointsinthepaint'],floatingjumpshot,1,77,Hunter Jelaun,Hale,Hunter Jelaun,Hale,H,H,H,H,H. Hale,BAHÇESEHIR KOLEJI,BSK,H. Hale,77,,,85.830001831055,46.159999847412,0.0,P2,missed,BAHÇESEHIR KOLEJI H. HALE 2Pt missed,,,,,,,,,0,207,1.0,def_reb,0,56,0,76
02:27,02:27:00,56,76,-20,2,4,REGULAR,27,J. SIMMONS,1,rebound,700,699,[],defensive,0,11,Jeremy Byron Jerome,Simmons,Jeremy Byron Jerome,Simmons,J,S,J,S,J. Simmons,ESENLER EROKSPOR,ERK,J. Simmons,11,,,,,,REB,,ESENLER EROKSPOR rebound defensive,,,,,,,,,0,208,2.0,def_reb,0,56,0,76
02:08,02:08:00,56,76,-20,1,4,REGULAR,78,H. HALE,1,foul,702,,['2freethrow'],personal,0,77,Hunter Jelaun,Hale,Hunter Jelaun,Hale,H,H,H,H,H. Hale,BAHÇESEHIR KOLEJI,BSK,H. Hale,77,,,,,,FOUL,,BAHÇESEHIR KOLEJI H. HALE foul personal,,,,,,,,,0,209,1.0,,0,56,0,76
02:08,02:08:00,56,76,-20,2,4,REGULAR,60,K. PANGOS,1,foulon,703,702,[],,0,4,Kevin Joseph,Pangos,Kevin Joseph,Pangos,K,P,K,P,K. Pangos,ESENLER EROKSPOR,ERK,K. Pangos,4,,,,,,OTHER,,ESENLER EROKSPOR foulon,,,,,,,,,0,209,1.0,,0,56,0,76
02:08,02:08:00,56,76,-20,1,4,REGULAR,78,H. HALE,1,substitution,704,,[],out,0,77,Hunter Jelaun,Hale,Hunter Jelaun,Hale,H,H,H,H,H. Hale,BAHÇESEHIR KOLEJI,BSK,H. Hale,77,,,,,,SUB,out,BAHÇESEHIR KOLEJI substitution out,,,,,,,,,0,209,1.0,,0,56,0,76
02:08,02:08:00,56,76,-20,1,4,REGULAR,1,I. AKPINAR,1,substitution,705,,[],in,0,33,Ismet,Akpinar,Ismet,Akpinar,I,A,I,A,I. Akpinar,BAHÇESEHIR KOLEJI,BSK,I. Akpinar,33,,,,,,SUB,in,BAHÇESEHIR KOLEJI substitution in,,,,,,,,,0,209,1.0,,0,56,0,76
02:08,02:08:00,56,77,-21,2,4,REGULAR,60,K. PANGOS,1,freethrow,706,,[],1of2,1,4,Kevin Joseph,Pangos,Kevin Joseph,Pangos,K,P,K,P,K. Pangos,ESENLER EROKSPOR,ERK,K. Pangos,4,,,,,,FT,made,ESENLER EROKSPOR K. PANGOS FT 1of2 made,,,,,,,,,1,209,1.0,made_ft,0,56,1,77
02:08,02:08:00,56,78,-22,2,4,REGULAR,60,K. PANGOS,1,freethrow,707,,[],2of2,1,4,Kevin Joseph,Pangos,Kevin Joseph,Pangos,K,P,K,P,K. Pangos,ESENLER EROKSPOR,ERK,K. Pangos,4,,,,,,FT,made,ESENLER EROKSPOR K. PANGOS FT 2of2 made,,,,,,,,,1,210,2.0,made_ft_last,0,56,1,78
02:08,02:08:00,56,78,-22,2,4,REGULAR,27,J. SIMMONS,1,substitution,708,,[],out,0,11,Jeremy Byron Jerome,Simmons,Jeremy Byron Jerome,Simmons,J,S,J,S,J. Simmons,ESENLER EROKSPOR,ERK,J. Simmons,11,,,,,,SUB,out,ESENLER EROKSPOR substitution out,,,,,,,,,0,211,1.0,,0,56,0,78
02:08,02:08:00,56,78,-22,2,4,REGULAR,17,M. AKYEL,1,substitution,709,,[],in,0,41,Metehan,Akyel,Metehan,Akyel,M,A,M,A,M. Akyel,ESENLER EROKSPOR,ERK,M. Akyel,41,,,,,,SUB,in,ESENLER EROKSPOR substitution in,,,,,,,,,0,211,1.0,,0,56,0,78
01:57,01:57:00,59,78,-19,1,4,REGULAR,61,K. SIPAHI,1,3pt,711,,[],jumpshot,1,55,Kenan,Sipahi,Kenan,Sipahi,K,S,K,S,K. Sipahi,BAHÇESEHIR KOLEJI,BSK,K. Sipahi,55,,,86.300003051758,4.9200000762939,1.0,P3,made,BAHÇESEHIR KOLEJI K. SIPAHI 3Pt made,75.0,1.0,C. HOMESLEY,,,,,,3,211,1.0,score,3,59,0,78
01:57,01:57:00,59,78,-19,1,4,REGULAR,75,C. HOMESLEY,1,assist,713,711,[],,0,5,Caleb Allen,Homesley,Caleb Allen,Homesley,C,H,C,H,C. Homesley,BAHÇESEHIR KOLEJI,BSK,C. Homesley,5,,,,,,ASS,,BAHÇESEHIR KOLEJI C. HOMESLEY assist,,,,,,,,,0,212,2.0,,0,59,0,78
01:49,01:49:00,59,78,-19,2,4,REGULAR,60,K. PANGOS,1,turnover,715,,[],badpass,0,4,Kevin Joseph,Pangos,Kevin Joseph,Pangos,K,P,K,P,K. Pangos,ESENLER EROKSPOR,ERK,K. Pangos,4,,,,,,TO,,ESENLER EROKSPOR K. PANGOS turnover badpass,,,,,,,,,0,212,2.0,turnover,0,59,0,78
01:49,01:49:00,59,78,-19,1,4,REGULAR,63,F. HALTALI,1,steal,716,715,[],,0,14,Furkan,Haltali,Furkan,Haltali,F,H,F,H,F. Haltali,BAHÇESEHIR KOLEJI,BSK,F. Haltali,14,,,,,,ST,,BAHÇESEHIR KOLEJI F. HALTALI steal,,,,,,,,,0,213,1.0,,0,59,0,78
01:43,01:43:00,59,78,-19,1,4,REGULAR,61,K. SIPAHI,0,3pt,717,,['fromturnover'],jumpshot,1,55,Kenan,Sipahi,Kenan,Sipahi,K,S,K,S,K. Sipahi,BAHÇESEHIR KOLEJI,BSK,K. Sipahi,55,,,79.440002441406,12.539999961853,0.0,P3,missed,BAHÇESEHIR KOLEJI K. SIPAHI 3Pt missed,,,,,,,,,0,213,1.0,,0,59,0,78
01:40,01:40:00,59,78,-19,1,4,REGULAR,63,F. HALTALI,1,rebound,718,717,[],offensive,0,14,Furkan,Haltali,Furkan,Haltali,F,H,F,H,F. Haltali,BAHÇESEHIR KOLEJI,BSK,F. Haltali,14,,,,,,REB,,BAHÇESEHIR KOLEJI rebound offensive,,,,,,,,,0,213,1.0,,0,59,0,78
01:29,01:29:00,59,78,-19,1,4,REGULAR,63,F. HALTALI,0,2pt,719,,"['2ndchance', 'fromturnover', 'pointsinthepaint', 'blocked']",layup,1,14,Furkan,Haltali,Furkan,Haltali,F,H,F,H,F. Haltali,BAHÇESEHIR KOLEJI,BSK,F. Haltali,14,,,94.410003662109,54.349998474121,0.0,P2,missed,BAHÇESEHIR KOLEJI F. HALTALI 2Pt missed,,,,17.0,2.0,M. AKYEL,,,0,213,1.0,,0,59,0,78
01:29,01:29:00,59,78,-19,2,4,REGULAR,17,M. AKYEL,1,block,720,719,[],,0,41,Metehan,Akyel,Metehan,Akyel,M,A,M,A,M. Akyel,ESENLER EROKSPOR,ERK,M. Akyel,41,,,,,,BS,,ESENLER EROKSPOR M. AKYEL block,,,,,,,,,0,213,1.0,,0,59,0,78
01:25,01:25:00,59,78,-19,2,4,REGULAR,15,T. AKYAZILI,1,rebound,721,719,[],defensive,0,14,Thomas,Akyazili,Thomas,Akyazili,T,A,T,A,T. Akyazili,ESENLER EROKSPOR,ERK,T. Akyazili,14,,,,,,REB,,ESENLER EROKSPOR rebound defensive,,,,,,,,,0,213,1.0,def_reb,0,59,0,78
01:11,01:11:00,59,80,-21,2,4,REGULAR,17,M. AKYEL,1,2pt,723,,['pointsinthepaint'],layup,1,41,Metehan,Akyel,Metehan,Akyel,M,A,M,A,M. Akyel,ESENLER EROKSPOR,ERK,M. Akyel,41,,,6.2699999809265,44.180000305176,1.0,P2,made,ESENLER EROKSPOR M. AKYEL 2Pt made,15.0,2.0,T. AKYAZILI,,,,,,2,214,2.0,score,0,59,2,80
01:11,01:11:00,59,80,-21,2,4,REGULAR,15,T. AKYAZILI,1,assist,724,723,[],,0,14,Thomas,Akyazili,Thomas,Akyazili,T,A,T,A,T. Akyazili,ESENLER EROKSPOR,ERK,T. Akyazili,14,,,,,,ASS,,ESENLER EROKSPOR T. AKYAZILI assist,,,,,,,,,0,215,1.0,,0,59,0,80
00:58,00:58:20,59,80,-21,1,4,REGULAR,76,M. MITCHELL II,1,turnover,727,,[],ballhandling,0,11,Matthew Antonio,Mitchell Ii,Matthew Antonio,Mitchell Ii,M,M,M,M,M. Mitchell Ii,BAHÇESEHIR KOLEJI,BSK,M. Mitchell Ii,11,,,,,,TO,,BAHÇESEHIR KOLEJI M. MITCHELL II turnover ballhandling,,,,,,,,,0,215,1.0,turnover,0,59,0,80
00:58,00:58:20,59,80,-21,1,4,REGULAR,76,M. MITCHELL II,1,substitution,728,,[],out,0,11,Matthew Antonio,Mitchell Ii,Matthew Antonio,Mitchell Ii,M,M,M,M,M. Mitchell Ii,BAHÇESEHIR KOLEJI,BSK,M. Mitchell Ii,11,,,,,,SUB,out,BAHÇESEHIR KOLEJI substitution out,,,,,,,,,0,216,2.0,,0,59,0,80
00:58,00:58:20,59,80,-21,1,4,REGULAR,3,G. BAS,1,substitution,729,,[],in,0,57,Göktug,Bas,Göktug,Bas,G,B,G,B,G. Bas,BAHÇESEHIR KOLEJI,BSK,G. Bas,57,,,,,,SUB,in,BAHÇESEHIR KOLEJI substitution in,,,,,,,,,0,216,2.0,,0,59,0,80
00:45,00:45:30,59,80,-21,2,4,REGULAR,17,M. AKYEL,0,2pt,731,,"['fromturnover', 'pointsinthepaint']",dunk,1,41,Metehan,Akyel,Metehan,Akyel,M,A,M,A,M. Akyel,ESENLER EROKSPOR,ERK,M. Akyel,41,,,9.2399997711182,52.090000152588,0.0,P2,missed,ESENLER EROKSPOR M. AKYEL 2Pt missed,,,,,,,,,0,216,2.0,def_reb,0,59,0,80
00:42,00:42:70,59,80,-21,1,4,REGULAR,3,G. BAS,1,rebound,732,731,[],defensive,0,57,Göktug,Bas,Göktug,Bas,G,B,G,B,G. Bas,BAHÇESEHIR KOLEJI,BSK,G. Bas,57,,,,,,REB,,BAHÇESEHIR KOLEJI rebound defensive,,,,,,,,,0,217,1.0,def_reb,0,59,0,80
00:35,00:35:90,62,80,-18,1,4,REGULAR,61,K. SIPAHI,1,3pt,733,,[],jumpshot,1,55,Kenan,Sipahi,Kenan,Sipahi,K,S,K,S,K. Sipahi,BAHÇESEHIR KOLEJI,BSK,K. Sipahi,55,,,67.430000305176,65.930000305176,1.0,P3,made,BAHÇESEHIR KOLEJI K. SIPAHI 3Pt made,75.0,1.0,C. HOMESLEY,,,,,,3,218,2.0,score,3,62,0,80
00:35,00:35:90,62,80,-18,1,4,REGULAR,75,C. HOMESLEY,1,assist,737,733,[],,0,5,Caleb Allen,Homesley,Caleb Allen,Homesley,C,H,C,H,C. Homesley,BAHÇESEHIR KOLEJI,BSK,C. Homesley,5,,,,,,ASS,,BAHÇESEHIR KOLEJI C. HOMESLEY assist,,,,,,,,,0,219,1.0,,0,62,0,80
00:15,00:15:10,62,83,-21,2,4,REGULAR,15,T. AKYAZILI,1,3pt,739,,[],jumpshot,1,14,Thomas,Akyazili,Thomas,Akyazili,T,A,T,A,T. Akyazili,ESENLER EROKSPOR,ERK,T. Akyazili,14,,,21.559999465942,8.3100004196167,1.0,P3,made,ESENLER EROKSPOR T. AKYAZILI 3Pt made,22.0,2.0,T. THURMAN,,,,,,3,219,1.0,score,0,62,3,83
00:15,00:15:10,62,83,-21,2,4,REGULAR,22,T. THURMAN,1,assist,741,739,[],,0,15,Tre'shawn Marcel,Thurman,Tre'shawn Marcel,Thurman,T,T,T,T,T. Thurman,ESENLER EROKSPOR,ERK,T. Thurman,15,,,,,,ASS,,ESENLER EROKSPOR T. THURMAN assist,,,,,,,,,0,220,2.0,,0,62,0,83
00:04,00:04:00,65,83,-18,1,4,REGULAR,75,C. HOMESLEY,1,3pt,743,,[],jumpshot,1,5,Caleb Allen,Homesley,Caleb Allen,Homesley,C,H,C,H,C. Homesley,BAHÇESEHIR KOLEJI,BSK,C. Homesley,5,,,70.860000610352,26.10000038147,1.0,P3,made,BAHÇESEHIR KOLEJI C. HOMESLEY 3Pt made,,,,,,,,,3,220,2.0,score,3,65,0,83
00:00,00:00:00,65,83,-18,0,4,REGULAR,0,,1,period,747,,['confirmed'],end,0,,,,,,,,,,,,,,,,,,,,OTHER,,period end,,,,,,,,,0,221,1.0,,0,65,0,83
00:00,00:00:00,65,83,-18,0,4,REGULAR,0,,1,game,748,,['confirmed'],end,0,,,,,,,,,,,,,,,,,,,,OTHER,,game end,,,,,,,,,0,221,1.0,,0,65,0,83
