gt,clock,s1,s2,lead,tno,period,periodType,pno,player,success,actionType,actionNumber,previousAction,qualifier,subType,scoring,shirtNumber,firstName,familyName,internationalFirstName,internationalFamilyName,firstNameInitial,familyNameInitial,internationalFirstNameInitial,internationalFamilyNameInitial,scoreboardName,team_name,team_code,player_name_from_roster,player_shirt,player_pos_raw,player_pos_group,x,y,r,ev_code,ev_result,ev_text,assist_pno,assist_tno,assist_player,block_pno,block_tno,block_player,assist_pos_group,block_pos_group,points,possession_id,possession_owner_tno,possession_end_reason,pts_1,cum_1,pts_2,cum_2
10:00,10:00:00,0,0,0,0,1,REGULAR,0,,1,game,1,,[],start,0,,,,,,,,,,,,,,,,,,,,OTHER,,game start,,,,,,,,,0,0,,,0,0,0,0
10:00,10:00:00,0,0,0,0,1,REGULAR,0,,1,period,2,,[],start,0,,,,,,,,,,,,,,,,,,,,OTHER,,period start,,,,,,,,,0,0,,,0,0,0,0
10:00,10:00:00,0,0,0,0,1,REGULAR,0,,1,jumpball,4,,[],startperiod,0,,,,,,,,,,,,,,,,,,,,JUMP,,jump ball,,,,,,,,,0,0,,,0,0,0,0
09:59,09:59:00,0,0,0,1,1,REGULAR,28,E. MOBLEY,1,jumpball,5,4,[],won,0,15,Eric Isaiah,Mobley,Eric Isaiah,Mobley,E,M,E,M,E. Mobley,MANISA BASKET,MNS,E. Mobley,15,,,,,,JUMP,,jump ball,,,,,,,,,0,0,,,0,0,0,0
09:59,09:59:00,0,0,0,2,1,REGULAR,7,B. BENTIL,1,jumpball,6,4,[],lost,0,50,Benjamin,Bentil,Benjamin,Bentil,B,B,B,B,B. Bentil,MERSIN SPOR,MSK,B. Bentil,50,,,,,,JUMP,,jump ball,,,,,,,,,0,0,,,0,0,0,0
09:48,09:48:00,0,0,0,1,1,REGULAR,21,B. ÇAL,0,2pt,7,,['pointsinthepaint'],layup,1,11,Bugra,Çal,Bugra,Çal,B,Ç,B,Ç,B. Çal,MANISA BASKET,MNS,B. Çal,11,,,12.359999656677,50.680000305176,0.0,P2,missed,MANISA BASKET B. ÇAL 2Pt missed,,,,,,,,,0,1,1.0,def_reb,0,0,0,0
09:44,09:44:00,0,0,0,2,1,REGULAR,7,B. BENTIL,1,rebound,8,7,[],defensive,0,50,Benjamin,Bentil,Benjamin,Bentil,B,B,B,B,B. Bentil,MERSIN SPOR,MSK,B. Bentil,50,,,,,,REB,,MERSIN SPOR rebound defensive,,,,,,,,,0,2,2.0,def_reb,0,0,0,0
09:24,09:24:00,0,0,0,2,1,REGULAR,4,E. TIRPANCI,0,3pt,12,,[],jumpshot,1,10,Efe Ergi,Tirpanci,Efe Ergi,Tirpanci,E,T,E,T,E. Tirpanci,MERSIN SPOR,MSK,E. Tirpanci,10,,,80.690002441406,92.48999786377,0.0,P3,missed,MERSIN SPOR E. TIRPANCI 3Pt missed,,,,,,,,,0,3,1.0,def_reb,0,0,0,0
09:24,09:24:00,0,0,0,2,1,REGULAR,0,,1,rebound,13,12,['team'],offensive,0,,,,,,,,,,,MERSIN SPOR,MSK,,,,,,,,TREB,,MERSIN SPOR team rebound offensive,,,,,,,,,0,4,2.0,def_reb,0,0,0,0
09:24,09:24:00,0,0,0,1,1,REGULAR,28,E. MOBLEY,1,foul,14,,[],personal,0,15,Eric Isaiah,Mobley,Eric Isaiah,Mobley,E,M,E,M,E. Mobley,MANISA BASKET,MNS,E. Mobley,15,,,,,,FOUL,,MANISA BASKET E. MOBLEY foul personal,,,,,,,,,0,5,1.0,,0,0,0,0
09:24,09:24:00,0,0,0,2,1,REGULAR,7,B. BENTIL,1,foulon,15,14,[],,0,50,Benjamin,Bentil,Benjamin,Bentil,B,B,B,B,B. Bentil,MERSIN SPOR,MSK,B. Bentil,50,,,,,,OTHER,,MERSIN SPOR foulon,,,,,,,,,0,5,1.0,,0,0,0,0
09:10,09:10:00,0,2,-2,2,1,REGULAR,56,A. COWAN,1,2pt,17,,"['2ndchance', 'pointsinthepaint']",drivinglayup,1,7,Anthony Dewayne,Cowan,Anthony Dewayne,Cowan,A,C,A,C,A. Cowan,MERSIN SPOR,MSK,A. Cowan,7,,,93.169998168945,46.159999847412,1.0,P2,made,MERSIN SPOR A. COWAN 2Pt made,,,,,,,,,2,5,1.0,score,0,0,2,2
08:42,08:42:00,0,2,-2,1,1,REGULAR,32,J. MINTZ,0,2pt,18,,[],stepbackjumpshot,1,10,Judah Jah Leone,Mintz,Judah Jah Leone,Mintz,J,M,J,M,J. Mintz,MANISA BASKET,MNS,J. Mintz,10,,,24.680000305176,45.310001373291,0.0,P2,missed,MANISA BASKET J. MINTZ 2Pt missed,,,,,,,,,0,6,2.0,def_reb,0,0,0,2
08:39,08:39:00,0,2,-2,2,1,REGULAR,6,F. CRUZ SALDIVAR,1,rebound,19,18,[],defensive,0,9,Francisco Javier,Cruz Saldivar,Francisco Javier,Cruz Saldivar,F,C,F,C,F. Cruz Saldivar,MERSIN SPOR,MSK,F. Cruz Saldivar,9,,,,,,REB,,MERSIN SPOR rebound defensive,,,,,,,,,0,7,1.0,def_reb,0,0,0,2
08:29,08:29:00,0,2,-2,1,1,REGULAR,32,J. MINTZ,1,foul,21,,[],personal,0,10,Judah Jah Leone,Mintz,Judah Jah Leone,Mintz,J,M,J,M,J. Mintz,MANISA BASKET,MNS,J. Mintz,10,,,,,,FOUL,,MANISA BASKET J. MINTZ foul personal,,,,,,,,,0,8,2.0,,0,0,0,2
08:29,08:29:00,0,2,-2,2,1,REGULAR,6,F. CRUZ SALDIVAR,1,foulon,22,21,[],,0,9,Francisco Javier,Cruz Saldivar,Francisco Javier,Cruz Saldivar,F,C,F,C,F. Cruz Saldivar,MERSIN SPOR,MSK,F. Cruz Saldivar,9,,,,,,OTHER,,MERSIN SPOR foulon,,,,,,,,,0,8,2.0,,0,0,0,2
08:19,08:19:00,0,2,-2,2,1,REGULAR,56,A. COWAN,1,turnover,24,,[],badpass,0,7,Anthony Dewayne,Cowan,Anthony Dewayne,Cowan,A,C,A,C,A. Cowan,MERSIN SPOR,MSK,A. Cowan,7,,,,,,TO,,MERSIN SPOR A. COWAN turnover badpass,,,,,,,,,0,8,2.0,turnover,0,0,0,2
08:19,08:19:00,0,2,-2,1,1,REGULAR,28,E. MOBLEY,1,steal,25,24,[],,0,15,Eric Isaiah,Mobley,Eric Isaiah,Mobley,E,M,E,M,E. Mobley,MANISA BASKET,MNS,E. Mobley,15,,,,,,ST,,MANISA BASKET E. MOBLEY steal,,,,,,,,,0,9,1.0,,0,0,0,2
08:14,08:14:00,2,2,0,1,1,REGULAR,21,B. ÇAL,1,2pt,26,,"['fromturnover', 'pointsinthepaint', 'fastbreak']",jumpshot,1,11,Bugra,Çal,Bugra,Çal,B,Ç,B,Ç,B. Çal,MANISA BASKET,MNS,B. Çal,11,,,7.5199999809265,59.439998626709,1.0,P2,made,MANISA BASKET B. ÇAL 2Pt made,31.0,1.0,J. SCRUBB,,,,,,2,9,1.0,score,2,2,0,2
08:14,08:14:00,2,2,0,1,1,REGULAR,31,J. SCRUBB,1,assist,27,26,[],,0,1,Jayden Amari,Scrubb,Jayden Amari,Scrubb,J,S,J,S,J. Scrubb,MANISA BASKET,MNS,J. Scrubb,1,,,,,,ASS,,MANISA BASKET J. SCRUBB assist,,,,,,,,,0,10,2.0,,0,2,0,2
07:47,07:47:00,2,2,0,2,1,REGULAR,7,B. BENTIL,0,2pt,28,,['pointsinthepaint'],jumpshot,1,50,Benjamin,Bentil,Benjamin,Bentil,B,B,B,B,B. Bentil,MERSIN SPOR,MSK,B. Bentil,50,,,93.949996948242,37.970001220703,0.0,P2,missed,MERSIN SPOR B. BENTIL 2Pt missed,,,,,,,,,0,10,2.0,,0,2,0,2
07:44,07:44:00,2,2,0,2,1,REGULAR,9,J. WHITE,1,rebound,29,28,[],offensive,0,14,Jackson Thomas,White,Jackson Thomas,White,J,W,J,W,J. White,MERSIN SPOR,MSK,J. White,14,,,,,,REB,,MERSIN SPOR rebound offensive,,,,,,,,,0,10,2.0,,0,2,0,2
07:43,07:43:00,2,2,0,2,1,REGULAR,9,J. WHITE,0,2pt,30,,"['2ndchance', 'pointsinthepaint', 'blocked']",jumpshot,1,14,Jackson Thomas,White,Jackson Thomas,White,J,W,J,W,J. White,MERSIN SPOR,MSK,J. White,14,,,90.669998168945,62.259998321533,0.0,P2,missed,MERSIN SPOR J. WHITE 2Pt missed,,,,21.0,1.0,B. ÇAL,,,0,10,2.0,,0,2,0,2
07:43,07:43:00,2,2,0,1,1,REGULAR,21,B. ÇAL,1,block,31,30,[],,0,11,Bugra,Çal,Bugra,Çal,B,Ç,B,Ç,B. Çal,MANISA BASKET,MNS,B. Çal,11,,,,,,BS,,MANISA BASKET B. ÇAL block,,,,,,,,,0,10,2.0,,0,2,0,2
07:38,07:38:00,2,2,0,1,1,REGULAR,33,K. ZEMAITIS,1,rebound,32,30,[],defensive,0,13,Kristupas,Zemaitis,Kristupas,Zemaitis,K,Z,K,Z,K. Zemaitis,MANISA BASKET,MNS,K. Zemaitis,13,,,,,,REB,,MANISA BASKET rebound defensive,,,,,,,,,0,10,2.0,def_reb,0,2,0,2
07:36,07:36:00,2,2,0,1,1,REGULAR,32,J. MINTZ,0,3pt,33,,[],jumpshot,1,10,Judah Jah Leone,Mintz,Judah Jah Leone,Mintz,J,M,J,M,J. Mintz,MANISA BASKET,MNS,J. Mintz,10,,,32.169998168945,41.919998168945,0.0,P3,missed,MANISA BASKET J. MINTZ 3Pt missed,,,,,,,,,0,11,1.0,def_reb,0,2,0,2
07:34,07:34:00,2,2,0,2,1,REGULAR,9,J. WHITE,1,rebound,34,33,[],defensive,0,14,Jackson Thomas,White,Jackson Thomas,White,J,W,J,W,J. White,MERSIN SPOR,MSK,J. White,14,,,,,,REB,,MERSIN SPOR rebound defensive,,,,,,,,,0,12,2.0,def_reb,0,2,0,2
07:26,07:26:00,2,2,0,2,1,REGULAR,7,B. BENTIL,1,turnover,35,,[],badpass,0,50,Benjamin,Bentil,Benjamin,Bentil,B,B,B,B,B. Bentil,MERSIN SPOR,MSK,B. Bentil,50,,,,,,TO,,MERSIN SPOR B. BENTIL turnover badpass,,,,,,,,,0,13,1.0,turnover,0,2,0,2
07:26,07:26:00,2,2,0,1,1,REGULAR,31,J. SCRUBB,1,steal,36,35,[],,0,1,Jayden Amari,Scrubb,Jayden Amari,Scrubb,J,S,J,S,J. Scrubb,MANISA BASKET,MNS,J. Scrubb,1,,,,,,ST,,MANISA BASKET J. SCRUBB steal,,,,,,,,,0,14,2.0,,0,2,0,2
07:18,07:18:00,2,2,0,1,1,REGULAR,31,J. SCRUBB,0,2pt,37,,"['fromturnover', 'pointsinthepaint']",layup,1,1,Jayden Amari,Scrubb,Jayden Amari,Scrubb,J,S,J,S,J. Scrubb,MANISA BASKET,MNS,J. Scrubb,1,,,9.2399997711182,54.069999694824,0.0,P2,missed,MANISA BASKET J. SCRUBB 2Pt missed,,,,,,,,,0,14,2.0,def_reb,0,2,0,2
07:15,07:15:00,2,2,0,2,1,REGULAR,7,B. BENTIL,1,rebound,38,37,[],defensive,0,50,Benjamin,Bentil,Benjamin,Bentil,B,B,B,B,B. Bentil,MERSIN SPOR,MSK,B. Bentil,50,,,,,,REB,,MERSIN SPOR rebound defensive,,,,,,,,,0,15,1.0,def_reb,0,2,0,2
07:12,07:12:00,2,4,-2,2,1,REGULAR,4,E. TIRPANCI,1,2pt,39,,"['pointsinthepaint', 'fastbreak']",jumpshot,1,10,Efe Ergi,Tirpanci,Efe Ergi,Tirpanci,E,T,E,T,E. Tirpanci,MERSIN SPOR,MSK,E. Tirpanci,10,,,90.669998168945,57.740001678467,1.0,P2,made,MERSIN SPOR E. TIRPANCI 2Pt made,56.0,2.0,A. COWAN,,,,,,2,16,2.0,score,0,2,2,4
07:12,07:12:00,2,4,-2,2,1,REGULAR,56,A. COWAN,1,assist,40,39,[],,0,7,Anthony Dewayne,Cowan,Anthony Dewayne,Cowan,A,C,A,C,A. Cowan,MERSIN SPOR,MSK,A. Cowan,7,,,,,,ASS,,MERSIN SPOR A. COWAN assist,,,,,,,,,0,17,1.0,,0,2,0,4
06:56,06:56:00,2,4,-2,2,1,REGULAR,6,F. CRUZ SALDIVAR,1,foul,42,,[],personal,0,9,Francisco Javier,Cruz Saldivar,Francisco Javier,Cruz Saldivar,F,C,F,C,F. Cruz Saldivar,MERSIN SPOR,MSK,F. Cruz Saldivar,9,,,,,,FOUL,,MERSIN SPOR F. CRUZ SALDIVAR foul personal,,,,,,,,,0,17,1.0,,0,2,0,4
06:56,06:56:00,2,4,-2,1,1,REGULAR,31,J. SCRUBB,1,foulon,43,42,[],,0,1,Jayden Amari,Scrubb,Jayden Amari,Scrubb,J,S,J,S,J. Scrubb,MANISA BASKET,MNS,J. Scrubb,1,,,,,,OTHER,,MANISA BASKET foulon,,,,,,,,,0,17,1.0,,0,2,0,4
06:53,06:53:00,2,4,-2,1,1,REGULAR,21,B. ÇAL,0,3pt,45,,[],jumpshot,1,11,Bugra,Çal,Bugra,Çal,B,Ç,B,Ç,B. Çal,MANISA BASKET,MNS,B. Çal,11,,,20.469999313354,12.539999961853,0.0,P3,missed,MANISA BASKET B. ÇAL 3Pt missed,,,,,,,,,0,17,1.0,def_reb,0,2,0,4
06:50,06:50:00,2,4,-2,2,1,REGULAR,7,B. BENTIL,1,rebound,46,45,[],defensive,0,50,Benjamin,Bentil,Benjamin,Bentil,B,B,B,B,B. Bentil,MERSIN SPOR,MSK,B. Bentil,50,,,,,,REB,,MERSIN SPOR rebound defensive,,,,,,,,,0,18,2.0,def_reb,0,2,0,4
06:45,06:45:00,2,4,-2,2,1,REGULAR,7,B. BENTIL,1,foul,48,,[],offensive,0,50,Benjamin,Bentil,Benjamin,Bentil,B,B,B,B,B. Bentil,MERSIN SPOR,MSK,B. Bentil,50,,,,,,RFOUL,,MERSIN SPOR B. BENTIL foul offensive,,,,,,,,,0,19,1.0,offensive_foul,0,2,0,4
06:45,06:45:00,2,4,-2,2,1,REGULAR,7,B. BENTIL,1,turnover,49,48,[],offensive,0,50,Benjamin,Bentil,Benjamin,Bentil,B,B,B,B,B. Bentil,MERSIN SPOR,MSK,B. Bentil,50,,,,,,TO,,MERSIN SPOR B. BENTIL turnover offensive,,,,,,,,,0,20,2.0,turnover,0,2,0,4
06:45,06:45:00,2,4,-2,1,1,REGULAR,32,J. MINTZ,1,foulon,50,48,[],,0,10,Judah Jah Leone,Mintz,Judah Jah Leone,Mintz,J,M,J,M,J. Mintz,MANISA BASKET,MNS,J. Mintz,10,,,,,,OTHER,,MANISA BASKET foulon,,,,,,,,,0,21,1.0,,0,2,0,4
06:39,06:39:00,2,4,-2,1,1,REGULAR,32,J. MINTZ,1,foul,53,,[],offensive,0,10,Judah Jah Leone,Mintz,Judah Jah Leone,Mintz,J,M,J,M,J. Mintz,MANISA BASKET,MNS,J. Mintz,10,,,,,,RFOUL,,MANISA BASKET J. MINTZ foul offensive,,,,,,,,,0,21,1.0,offensive_foul,0,2,0,4
06:39,06:39:00,2,4,-2,1,1,REGULAR,32,J. MINTZ,1,turnover,54,53,[],offensive,0,10,Judah Jah Leone,Mintz,Judah Jah Leone,Mintz,J,M,J,M,J. Mintz,MANISA BASKET,MNS,J. Mintz,10,,,,,,TO,,MANISA BASKET J. MINTZ turnover offensive,,,,,,,,,0,22,2.0,turnover,0,2,0,4
06:39,06:39:00,2,4,-2,2,1,REGULAR,56,A. COWAN,1,foulon,55,53,[],,0,7,Anthony Dewayne,Cowan,Anthony Dewayne,Cowan,A,C,A,C,A. Cowan,MERSIN SPOR,MSK,A. Cowan,7,,,,,,OTHER,,MERSIN SPOR foulon,,,,,,,,,0,23,1.0,,0,2,0,4
06:39,06:39:00,2,4,-2,1,1,REGULAR,32,J. MINTZ,1,substitution,56,,[],out,0,10,Judah Jah Leone,Mintz,Judah Jah Leone,Mintz,J,M,J,M,J. Mintz,MANISA BASKET,MNS,J. Mintz,10,,,,,,SUB,out,MANISA BASKET substitution out,,,,,,,,,0,23,1.0,,0,2,0,4
06:39,06:39:00,2,4,-2,1,1,REGULAR,30,D. SMITH,1,substitution,57,,[],in,0,2,Dayshon Hassan,Smith,Dayshon Hassan,Smith,D,S,D,S,D. Smith,MANISA BASKET,MNS,D. Smith,2,,,,,,SUB,in,MANISA BASKET substitution in,,,,,,,,,0,23,1.0,,0,2,0,4
06:29,06:29:00,2,4,-2,1,1,REGULAR,31,J. SCRUBB,1,foul,60,,"['shooting', '2freethrow']",personal,0,1,Jayden Amari,Scrubb,Jayden Amari,Scrubb,J,S,J,S,J. Scrubb,MANISA BASKET,MNS,J. Scrubb,1,,,,,,FOUL,,MANISA BASKET J. SCRUBB foul personal,,,,,,,,,0,23,1.0,,0,2,0,4
06:29,06:29:00,2,4,-2,2,1,REGULAR,56,A. COWAN,1,foulon,61,60,[],,0,7,Anthony Dewayne,Cowan,Anthony Dewayne,Cowan,A,C,A,C,A. Cowan,MERSIN SPOR,MSK,A. Cowan,7,,,,,,OTHER,,MERSIN SPOR foulon,,,,,,,,,0,23,1.0,,0,2,0,4
06:29,06:29:00,2,5,-3,2,1,REGULAR,56,A. COWAN,1,freethrow,62,,"['fastbreak', 'fromturnover']",1of2,1,7,Anthony Dewayne,Cowan,Anthony Dewayne,Cowan,A,C,A,C,A. Cowan,MERSIN SPOR,MSK,A. Cowan,7,,,,,,FT,made,MERSIN SPOR A. COWAN FT 1of2 made,,,,,,,,,1,23,1.0,made_ft,0,2,1,5
06:29,06:29:00,2,6,-4,2,1,REGULAR,56,A. COWAN,1,freethrow,63,,"['fastbreak', 'fromturnover']",2of2,1,7,Anthony Dewayne,Cowan,Anthony Dewayne,Cowan,A,C,A,C,A. Cowan,MERSIN SPOR,MSK,A. Cowan,7,,,,,,FT,made,MERSIN SPOR A. COWAN FT 2of2 made,,,,,,,,,1,24,2.0,made_ft_last,0,2,1,6
06:15,06:15:00,4,6,-2,1,1,REGULAR,21,B. ÇAL,1,2pt,65,,['pointsinthepaint'],layup,1,11,Bugra,Çal,Bugra,Çal,B,Ç,B,Ç,B. Çal,MANISA BASKET,MNS,B. Çal,11,,,9.8599996566772,56.889999389648,1.0,P2,made,MANISA BASKET B. ÇAL 2Pt made,33.0,1.0,K. ZEMAITIS,,,,,,2,25,1.0,score,2,4,0,6
06:15,06:15:00,4,6,-2,1,1,REGULAR,33,K. ZEMAITIS,1,assist,66,65,[],,0,13,Kristupas,Zemaitis,Kristupas,Zemaitis,K,Z,K,Z,K. Zemaitis,MANISA BASKET,MNS,K. Zemaitis,13,,,,,,ASS,,MANISA BASKET K. ZEMAITIS assist,,,,,,,,,0,26,2.0,,0,4,0,6
05:55,05:55:00,4,6,-2,2,1,REGULAR,7,B. BENTIL,0,3pt,67,,[],jumpshot,1,50,Benjamin,Bentil,Benjamin,Bentil,B,B,B,B,B. Bentil,MERSIN SPOR,MSK,B. Bentil,50,,,71.480003356934,23.559999465942,0.0,P3,missed,MERSIN SPOR B. BENTIL 3Pt missed,,,,,,,,,0,26,2.0,,0,4,0,6
05:53,05:53:00,4,6,-2,2,1,REGULAR,4,E. TIRPANCI,1,rebound,68,67,[],offensive,0,10,Efe Ergi,Tirpanci,Efe Ergi,Tirpanci,E,T,E,T,E. Tirpanci,MERSIN SPOR,MSK,E. Tirpanci,10,,,,,,REB,,MERSIN SPOR rebound offensive,,,,,,,,,0,26,2.0,,0,4,0,6
05:43,05:43:00,4,6,-2,2,1,REGULAR,6,F. CRUZ SALDIVAR,0,3pt,69,,['2ndchance'],jumpshot,1,9,Francisco Javier,Cruz Saldivar,Francisco Javier,Cruz Saldivar,F,C,F,C,F. Cruz Saldivar,MERSIN SPOR,MSK,F. Cruz Saldivar,9,,,70.699996948242,74.410003662109,0.0,P3,missed,MERSIN SPOR F. CRUZ SALDIVAR 3Pt missed,,,,,,,,,0,26,2.0,def_reb,0,4,0,6
05:40,05:40:00,4,6,-2,1,1,REGULAR,31,J. SCRUBB,1,rebound,70,69,[],defensive,0,1,Jayden Amari,Scrubb,Jayden Amari,Scrubb,J,S,J,S,J. Scrubb,MANISA BASKET,MNS,J. Scrubb,1,,,,,,REB,,MANISA BASKET rebound defensive,,,,,,,,,0,27,1.0,def_reb,0,4,0,6
05:24,05:24:00,4,6,-2,1,1,REGULAR,21,B. ÇAL,0,3pt,71,,[],jumpshot,1,11,Bugra,Çal,Bugra,Çal,B,Ç,B,Ç,B. Çal,MANISA BASKET,MNS,B. Çal,11,,,24.370000839233,17.059999465942,0.0,P3,missed,MANISA BASKET B. ÇAL 3Pt missed,,,,,,,,,0,28,2.0,def_reb,0,4,0,6
05:22,05:22:00,4,6,-2,2,1,REGULAR,6,F. CRUZ SALDIVAR,1,rebound,72,71,[],defensive,0,9,Francisco Javier,Cruz Saldivar,Francisco Javier,Cruz Saldivar,F,C,F,C,F. Cruz Saldivar,MERSIN SPOR,MSK,F. Cruz Saldivar,9,,,,,,REB,,MERSIN SPOR rebound defensive,,,,,,,,,0,29,1.0,def_reb,0,4,0,6
05:17,05:17:00,4,6,-2,1,1,REGULAR,28,E. MOBLEY,1,foul,74,,"['shooting', '2freethrow']",personal,0,15,Eric Isaiah,Mobley,Eric Isaiah,Mobley,E,M,E,M,E. Mobley,MANISA BASKET,MNS,E. Mobley,15,,,,,,FOUL,,MANISA BASKET E. MOBLEY foul personal,,,,,,,,,0,30,2.0,,0,4,0,6
05:17,05:17:00,4,6,-2,2,1,REGULAR,7,B. BENTIL,1,foulon,75,74,[],,0,50,Benjamin,Bentil,Benjamin,Bentil,B,B,B,B,B. Bentil,MERSIN SPOR,MSK,B. Bentil,50,,,,,,OTHER,,MERSIN SPOR foulon,,,,,,,,,0,30,2.0,,0,4,0,6
05:17,05:17:00,4,6,-2,1,1,REGULAR,21,B. ÇAL,1,substitution,76,,[],out,0,11,Bugra,Çal,Bugra,Çal,B,Ç,B,Ç,B. Çal,MANISA BASKET,MNS,B. Çal,11,,,,,,SUB,out,MANISA BASKET substitution out,,,,,,,,,0,30,2.0,,0,4,0,6
05:17,05:17:00,4,6,-2,1,1,REGULAR,28,E. MOBLEY,1,substitution,77,,[],out,0,15,Eric Isaiah,Mobley,Eric Isaiah,Mobley,E,M,E,M,E. Mobley,MANISA BASKET,MNS,E. Mobley,15,,,,,,SUB,out,MANISA BASKET substitution out,,,,,,,,,0,30,2.0,,0,4,0,6
05:17,05:17:00,4,6,-2,1,1,REGULAR,23,Y. ONAN,1,substitution,78,,[],in,0,7,Yigit,Onan,Yigit,Onan,Y,O,Y,O,Y. Onan,MANISA BASKET,MNS,Y. Onan,7,,,,,,SUB,in,MANISA BASKET substitution in,,,,,,,,,0,30,2.0,,0,4,0,6
05:17,05:17:00,4,6,-2,1,1,REGULAR,27,J. JOHNSON,1,substitution,79,,[],in,0,34,Jayce Ryback,Johnson,Jayce Ryback,Johnson,J,J,J,J,J. Johnson,MANISA BASKET,MNS,J. Johnson,34,,,,,,SUB,in,MANISA BASKET substitution in,,,,,,,,,0,30,2.0,,0,4,0,6
05:17,05:17:00,4,7,-3,2,1,REGULAR,7,B. BENTIL,1,freethrow,80,,['fastbreak'],1of2,1,50,Benjamin,Bentil,Benjamin,Bentil,B,B,B,B,B. Bentil,MERSIN SPOR,MSK,B. Bentil,50,,,,,,FT,made,MERSIN SPOR B. BENTIL FT 1of2 made,,,,,,,,,1,30,2.0,made_ft,0,4,1,7
05:17,05:17:00,4,7,-3,2,1,REGULAR,56,A. COWAN,1,assist,81,80,[],,0,7,Anthony Dewayne,Cowan,Anthony Dewayne,Cowan,A,C,A,C,A. Cowan,MERSIN SPOR,MSK,A. Cowan,7,,,,,,ASS,,MERSIN SPOR A. COWAN assist,,,,,,,,,0,31,1.0,,0,4,0,7
05:17,05:17:00,4,8,-4,2,1,REGULAR,7,B. BENTIL,1,freethrow,82,,['fastbreak'],2of2,1,50,Benjamin,Bentil,Benjamin,Bentil,B,B,B,B,B. Bentil,MERSIN SPOR,MSK,B. Bentil,50,,,,,,FT,made,MERSIN SPOR B. BENTIL FT 2of2 made,,,,,,,,,1,31,1.0,made_ft_last,0,4,1,8
05:17,05:17:00,4,8,-4,2,1,REGULAR,7,B. BENTIL,1,substitution,83,,[],out,0,50,Benjamin,Bentil,Benjamin,Bentil,B,B,B,B,B. Bentil,MERSIN SPOR,MSK,B. Bentil,50,,,,,,SUB,out,MERSIN SPOR substitution out,,,,,,,,,0,32,2.0,,0,4,0,8
05:17,05:17:00,4,8,-4,2,1,REGULAR,55,A. OLASENI,1,substitution,84,,[],in,0,0,Abodunrin Gabriel,Olaseni,Abodunrin Gabriel,Olaseni,A,O,A,O,A. Olaseni,MERSIN SPOR,MSK,A. Olaseni,0,,,,,,SUB,in,MERSIN SPOR substitution in,,,,,,,,,0,32,2.0,,0,4,0,8
04:55,04:55:00,4,8,-4,1,1,REGULAR,31,J. SCRUBB,0,3pt,86,,[],jumpshot,1,1,Jayden Amari,Scrubb,Jayden Amari,Scrubb,J,S,J,S,J. Scrubb,MANISA BASKET,MNS,J. Scrubb,1,,,16.409999847412,92.769996643066,0.0,P3,missed,MANISA BASKET J. SCRUBB 3Pt missed,,,,,,,,,0,32,2.0,,0,4,0,8
04:51,04:51:00,4,8,-4,1,1,REGULAR,31,J. SCRUBB,1,rebound,87,86,[],offensive,0,1,Jayden Amari,Scrubb,Jayden Amari,Scrubb,J,S,J,S,J. Scrubb,MANISA BASKET,MNS,J. Scrubb,1,,,,,,REB,,MANISA BASKET rebound offensive,,,,,,,,,0,32,2.0,,0,4,0,8
04:47,04:47:00,6,8,-2,1,1,REGULAR,23,Y. ONAN,1,2pt,88,,"['2ndchance', 'pointsinthepaint']",turnaroundjumpshot,1,7,Yigit,Onan,Yigit,Onan,Y,O,Y,O,Y. Onan,MANISA BASKET,MNS,Y. Onan,7,,,8.6099996566772,47.290000915527,1.0,P2,made,MANISA BASKET Y. ONAN 2Pt made,31.0,1.0,J. SCRUBB,,,,,,2,32,2.0,score,2,6,0,8
04:47,04:47:00,6,8,-2,1,1,REGULAR,31,J. SCRUBB,1,assist,89,88,[],,0,1,Jayden Amari,Scrubb,Jayden Amari,Scrubb,J,S,J,S,J. Scrubb,MANISA BASKET,MNS,J. Scrubb,1,,,,,,ASS,,MANISA BASKET J. SCRUBB assist,,,,,,,,,0,33,1.0,,0,6,0,8
04:28,04:28:00,6,11,-5,2,1,REGULAR,56,A. COWAN,1,3pt,90,,[],jumpshot,1,7,Anthony Dewayne,Cowan,Anthony Dewayne,Cowan,A,C,A,C,A. Cowan,MERSIN SPOR,MSK,A. Cowan,7,,,69.300003051758,30.89999961853,1.0,P3,made,MERSIN SPOR A. COWAN 3Pt made,,,,,,,,,3,33,1.0,score,0,6,3,11
04:08,04:08:00,6,11,-5,1,1,REGULAR,23,Y. ONAN,0,2pt,92,,['pointsinthepaint'],hookshot,1,7,Yigit,Onan,Yigit,Onan,Y,O,Y,O,Y. Onan,MANISA BASKET,MNS,Y. Onan,7,,,10.800000190735,51.810001373291,0.0,P2,missed,MANISA BASKET Y. ONAN 2Pt missed,,,,,,,,,0,34,2.0,def_reb,0,6,0,11
04:08,04:08:00,6,11,-5,1,1,REGULAR,0,,1,rebound,93,92,['team'],offensive,0,,,,,,,,,,,MANISA BASKET,MNS,,,,,,,,TREB,,MANISA BASKET team rebound offensive,,,,,,,,,0,35,1.0,def_reb,0,6,0,11
04:08,04:08:00,6,11,-5,0,1,REGULAR,0,,1,timeout,94,,[],officials,0,,,,,,,,,,,,,,,,,,,,TIMEOUT,, timeout,,,,,,,,,0,36,2.0,,0,6,0,11
04:08,04:08:00,6,11,-5,2,1,REGULAR,56,A. COWAN,1,substitution,95,,[],out,0,7,Anthony Dewayne,Cowan,Anthony Dewayne,Cowan,A,C,A,C,A. Cowan,MERSIN SPOR,MSK,A. Cowan,7,,,,,,SUB,out,MERSIN SPOR substitution out,,,,,,,,,0,36,2.0,,0,6,0,11
04:08,04:08:00,6,11,-5,2,1,REGULAR,5,J. COBBS,1,substitution,96,,[],in,0,1,Justin,Cobbs,Justin,Cobbs,J,C,J,C,J. Cobbs,MERSIN SPOR,MSK,J. Cobbs,1,,,,,,SUB,in,MERSIN SPOR substitution in,,,,,,,,,0,36,2.0,,0,6,0,11
04:03,04:03:00,6,11,-5,1,1,REGULAR,30,D. SMITH,0,3pt,98,,['2ndchance'],jumpshot,1,2,Dayshon Hassan,Smith,Dayshon Hassan,Smith,D,S,D,S,D. Smith,MANISA BASKET,MNS,D. Smith,2,,,31.389999389648,53.220001220703,0.0,P3,missed,MANISA BASKET D. SMITH 3Pt missed,,,,,,,,,0,36,2.0,def_reb,0,6,0,11
04:01,04:01:00,6,11,-5,2,1,REGULAR,55,A. OLASENI,1,rebound,99,98,[],defensive,0,0,Abodunrin Gabriel,Olaseni,Abodunrin Gabriel,Olaseni,A,O,A,O,A. Olaseni,MERSIN SPOR,MSK,A. Olaseni,0,,,,,,REB,,MERSIN SPOR rebound defensive,,,,,,,,,0,37,1.0,def_reb,0,6,0,11
03:40,03:40:00,6,13,-7,2,1,REGULAR,9,J. WHITE,1,2pt,100,,['pointsinthepaint'],dunk,1,14,Jackson Thomas,White,Jackson Thomas,White,J,W,J,W,J. White,MERSIN SPOR,MSK,J. White,14,,,92.540000915527,53.220001220703,1.0,P2,made,MERSIN SPOR J. WHITE 2Pt made,6.0,2.0,F. CRUZ SALDIVAR,,,,,,2,38,2.0,score,0,6,2,13
03:40,03:40:00,6,13,-7,2,1,REGULAR,6,F. CRUZ SALDIVAR,1,assist,101,100,[],,0,9,Francisco Javier,Cruz Saldivar,Francisco Javier,Cruz Saldivar,F,C,F,C,F. Cruz Saldivar,MERSIN SPOR,MSK,F. Cruz Saldivar,9,,,,,,ASS,,MERSIN SPOR F. CRUZ SALDIVAR assist,,,,,,,,,0,39,1.0,,0,6,0,13
03:32,03:32:00,6,13,-7,1,1,REGULAR,30,D. SMITH,1,turnover,102,,[],badpass,0,2,Dayshon Hassan,Smith,Dayshon Hassan,Smith,D,S,D,S,D. Smith,MANISA BASKET,MNS,D. Smith,2,,,,,,TO,,MANISA BASKET D. SMITH turnover badpass,,,,,,,,,0,39,1.0,turnover,0,6,0,13
03:32,03:32:00,6,13,-7,2,1,REGULAR,9,J. WHITE,1,steal,103,102,[],,0,14,Jackson Thomas,White,Jackson Thomas,White,J,W,J,W,J. White,MERSIN SPOR,MSK,J. White,14,,,,,,ST,,MERSIN SPOR J. WHITE steal,,,,,,,,,0,40,2.0,,0,6,0,13
03:25,03:25:00,6,15,-9,2,1,REGULAR,6,F. CRUZ SALDIVAR,1,2pt,105,,"['fromturnover', 'pointsinthepaint']",jumpshot,1,9,Francisco Javier,Cruz Saldivar,Francisco Javier,Cruz Saldivar,F,C,F,C,F. Cruz Saldivar,MERSIN SPOR,MSK,F. Cruz Saldivar,9,,,93.790000915527,41.919998168945,1.0,P2,made,MERSIN SPOR F. CRUZ SALDIVAR 2Pt made,,,,,,,,,2,40,2.0,score,0,6,2,15
03:25,03:25:00,6,15,-9,1,1,REGULAR,0,,1,timeout,106,,[],full,0,,,,,,,,,,,MANISA BASKET,MNS,,,,,,,,TIMEOUT,,MANISA BASKET timeout,,,,,,,,,0,41,1.0,,0,6,0,15
03:25,03:25:00,6,15,-9,2,1,REGULAR,6,F. CRUZ SALDIVAR,1,substitution,107,,[],out,0,9,Francisco Javier,Cruz Saldivar,Francisco Javier,Cruz Saldivar,F,C,F,C,F. Cruz Saldivar,MERSIN SPOR,MSK,F. Cruz Saldivar,9,,,,,,SUB,out,MERSIN SPOR substitution out,,,,,,,,,0,41,1.0,,0,6,0,15
03:25,03:25:00,6,15,-9,2,1,REGULAR,4,E. TIRPANCI,1,substitution,108,,[],out,0,10,Efe Ergi,Tirpanci,Efe Ergi,Tirpanci,E,T,E,T,E. Tirpanci,MERSIN SPOR,MSK,E. Tirpanci,10,,,,,,SUB,out,MERSIN SPOR substitution out,,,,,,,,,0,41,1.0,,0,6,0,15
03:25,03:25:00,6,15,-9,2,1,REGULAR,3,K. ÖZMIZRAK,1,substitution,109,,[],in,0,3,Kartal,Özmizrak,Kartal,Özmizrak,K,Ö,K,Ö,K. Özmizrak,MERSIN SPOR,MSK,K. Özmizrak,3,,,,,,SUB,in,MERSIN SPOR substitution in,,,,,,,,,0,41,1.0,,0,6,0,15
03:25,03:25:00,6,15,-9,2,1,REGULAR,10,R. MARCH JR,1,substitution,110,,[],in,0,4,Ronald Eugene,March Jr,Ronald Eugene,March Jr,R,M,R,M,R. March Jr,MERSIN SPOR,MSK,R. March Jr,4,,,,,,SUB,in,MERSIN SPOR substitution in,,,,,,,,,0,41,1.0,,0,6,0,15
03:15,03:15:00,6,15,-9,2,1,REGULAR,55,A. OLASENI,1,foul,113,,[],personal,0,0,Abodunrin Gabriel,Olaseni,Abodunrin Gabriel,Olaseni,A,O,A,O,A. Olaseni,MERSIN SPOR,MSK,A. Olaseni,0,,,,,,FOUL,,MERSIN SPOR A. OLASENI foul personal,,,,,,,,,0,41,1.0,,0,6,0,15
03:15,03:15:00,6,15,-9,1,1,REGULAR,27,J. JOHNSON,1,foulon,114,113,[],,0,34,Jayce Ryback,Johnson,Jayce Ryback,Johnson,J,J,J,J,J. Johnson,MANISA BASKET,MNS,J. Johnson,34,,,,,,OTHER,,MANISA BASKET foulon,,,,,,,,,0,41,1.0,,0,6,0,15
03:15,03:15:00,6,15,-9,2,1,REGULAR,10,R. MARCH JR,1,foul,115,,[],personal,0,4,Ronald Eugene,March Jr,Ronald Eugene,March Jr,R,M,R,M,R. March Jr,MERSIN SPOR,MSK,R. March Jr,4,,,,,,FOUL,,MERSIN SPOR R. MARCH JR foul personal,,,,,,,,,0,41,1.0,,0,6,0,15
03:15,03:15:00,6,15,-9,1,1,REGULAR,31,J. SCRUBB,1,foulon,116,115,[],,0,1,Jayden Amari,Scrubb,Jayden Amari,Scrubb,J,S,J,S,J. Scrubb,MANISA BASKET,MNS,J. Scrubb,1,,,,,,OTHER,,MANISA BASKET foulon,,,,,,,,,0,41,1.0,,0,6,0,15
03:02,03:02:00,6,15,-9,1,1,REGULAR,27,J. JOHNSON,0,2pt,120,,['pointsinthepaint'],layup,1,34,Jayce Ryback,Johnson,Jayce Ryback,Johnson,J,J,J,J,J. Johnson,MANISA BASKET,MNS,J. Johnson,34,,,8.6099996566772,57.740001678467,0.0,P2,missed,MANISA BASKET J. JOHNSON 2Pt missed,,,,,,,,,0,41,1.0,def_reb,0,6,0,15
02:59,02:59:00,6,15,-9,2,1,REGULAR,55,A. OLASENI,1,rebound,121,120,[],defensive,0,0,Abodunrin Gabriel,Olaseni,Abodunrin Gabriel,Olaseni,A,O,A,O,A. Olaseni,MERSIN SPOR,MSK,A. Olaseni,0,,,,,,REB,,MERSIN SPOR rebound defensive,,,,,,,,,0,42,2.0,def_reb,0,6,0,15
02:46,02:46:00,6,15,-9,1,1,REGULAR,31,J. SCRUBB,1,foul,123,,['2freethrow'],personal,0,1,Jayden Amari,Scrubb,Jayden Amari,Scrubb,J,S,J,S,J. Scrubb,MANISA BASKET,MNS,J. Scrubb,1,,,,,,FOUL,,MANISA BASKET J. SCRUBB foul personal,,,,,,,,,0,43,1.0,,0,6,0,15
02:46,02:46:00,6,15,-9,2,1,REGULAR,5,J. COBBS,1,foulon,124,123,[],,0,1,Justin,Cobbs,Justin,Cobbs,J,C,J,C,J. Cobbs,MERSIN SPOR,MSK,J. Cobbs,1,,,,,,OTHER,,MERSIN SPOR foulon,,,,,,,,,0,43,1.0,,0,6,0,15
02:46,02:46:00,6,15,-9,1,1,REGULAR,31,J. SCRUBB,1,substitution,125,,[],out,0,1,Jayden Amari,Scrubb,Jayden Amari,Scrubb,J,S,J,S,J. Scrubb,MANISA BASKET,MNS,J. Scrubb,1,,,,,,SUB,out,MANISA BASKET substitution out,,,,,,,,,0,43,1.0,,0,6,0,15
02:46,02:46:00,6,15,-9,1,1,REGULAR,29,J. CARDOSO PEREIRA,1,substitution,126,,[],in,0,45,Joao Marcello,Cardoso Pereira,Joao Marcello,Cardoso Pereira,J,C,J,C,J. Cardoso Pereira,MANISA BASKET,MNS,J. Cardoso Pereira,45,,,,,,SUB,in,MANISA BASKET substitution in,,,,,,,,,0,43,1.0,,0,6,0,15
02:46,02:46:00,6,16,-10,2,1,REGULAR,5,J. COBBS,1,freethrow,127,,[],1of2,1,1,Justin,Cobbs,Justin,Cobbs,J,C,J,C,J. Cobbs,MERSIN SPOR,MSK,J. Cobbs,1,,,,,,FT,made,MERSIN SPOR J. COBBS FT 1of2 made,,,,,,,,,1,43,1.0,made_ft,0,6,1,16
02:46,02:46:00,6,17,-11,2,1,REGULAR,5,J. COBBS,1,freethrow,128,,[],2of2,1,1,Justin,Cobbs,Justin,Cobbs,J,C,J,C,J. Cobbs,MERSIN SPOR,MSK,J. Cobbs,1,,,,,,FT,made,MERSIN SPOR J. COBBS FT 2of2 made,,,,,,,,,1,44,2.0,made_ft_last,0,6,1,17
02:46,02:46:00,6,17,-11,2,1,REGULAR,9,J. WHITE,1,substitution,129,,[],out,0,14,Jackson Thomas,White,Jackson Thomas,White,J,W,J,W,J. White,MERSIN SPOR,MSK,J. White,14,,,,,,SUB,out,MERSIN SPOR substitution out,,,,,,,,,0,45,1.0,,0,6,0,17
02:46,02:46:00,6,17,-11,2,1,REGULAR,7,B. BENTIL,1,substitution,130,,[],in,0,50,Benjamin,Bentil,Benjamin,Bentil,B,B,B,B,B. Bentil,MERSIN SPOR,MSK,B. Bentil,50,,,,,,SUB,in,MERSIN SPOR substitution in,,,,,,,,,0,45,1.0,,0,6,0,17
02:22,02:22:00,6,17,-11,1,1,REGULAR,29,J. CARDOSO PEREIRA,0,2pt,132,,['pointsinthepaint'],jumpshot,1,45,Joao Marcello,Cardoso Pereira,Joao Marcello,Cardoso Pereira,J,C,J,C,J. Cardoso Pereira,MANISA BASKET,MNS,J. Cardoso Pereira,45,,,10.949999809265,47.849998474121,0.0,P2,missed,MANISA BASKET J. CARDOSO PEREIRA 2Pt missed,,,,,,,,,0,45,1.0,,0,6,0,17
02:18,02:18:00,6,17,-11,1,1,REGULAR,27,J. JOHNSON,1,rebound,133,132,[],offensive,0,34,Jayce Ryback,Johnson,Jayce Ryback,Johnson,J,J,J,J,J. Johnson,MANISA BASKET,MNS,J. Johnson,34,,,,,,REB,,MANISA BASKET rebound offensive,,,,,,,,,0,45,1.0,,0,6,0,17
02:18,02:18:00,6,17,-11,1,1,REGULAR,27,J. JOHNSON,0,2pt,134,,"['2ndchance', 'pointsinthepaint']",tipinlayup,1,34,Jayce Ryback,Johnson,Jayce Ryback,Johnson,J,J,J,J,J. Johnson,MANISA BASKET,MNS,J. Johnson,34,,,6.0,50.0,0.0,P2,missed,MANISA BASKET J. JOHNSON 2Pt missed,,,,,,,,,0,45,1.0,,0,6,0,17
02:16,02:16:00,6,17,-11,1,1,REGULAR,27,J. JOHNSON,1,rebound,135,134,[],offensive,0,34,Jayce Ryback,Johnson,Jayce Ryback,Johnson,J,J,J,J,J. Johnson,MANISA BASKET,MNS,J. Johnson,34,,,,,,REB,,MANISA BASKET rebound offensive,,,,,,,,,0,45,1.0,,0,6,0,17
02:16,02:16:00,8,17,-9,1,1,REGULAR,27,J. JOHNSON,1,2pt,136,,"['2ndchance', 'pointsinthepaint']",tipinlayup,1,34,Jayce Ryback,Johnson,Jayce Ryback,Johnson,J,J,J,J,J. Johnson,MANISA BASKET,MNS,J. Johnson,34,,,6.0,50.0,1.0,P2,made,MANISA BASKET J. JOHNSON 2Pt made,,,,,,,,,2,45,1.0,score,2,8,0,17
01:55,01:55:00,8,17,-9,2,1,REGULAR,5,J. COBBS,0,2pt,137,,[],jumpshot,1,1,Justin,Cobbs,Justin,Cobbs,J,C,J,C,J. Cobbs,MERSIN SPOR,MSK,J. Cobbs,1,,,79.440002441406,52.939998626709,0.0,P2,missed,MERSIN SPOR J. COBBS 2Pt missed,,,,,,,,,0,46,2.0,def_reb,0,8,0,17
01:53,01:53:00,8,17,-9,1,1,REGULAR,23,Y. ONAN,1,rebound,138,137,[],defensive,0,7,Yigit,Onan,Yigit,Onan,Y,O,Y,O,Y. Onan,MANISA BASKET,MNS,Y. Onan,7,,,,,,REB,,MANISA BASKET rebound defensive,,,,,,,,,0,47,1.0,def_reb,0,8,0,17
01:49,01:49:00,10,17,-7,1,1,REGULAR,23,Y. ONAN,1,2pt,139,,"['pointsinthepaint', 'fastbreak']",floatingjumpshot,1,7,Yigit,Onan,Yigit,Onan,Y,O,Y,O,Y. Onan,MANISA BASKET,MNS,Y. Onan,7,,,9.5500001907349,52.939998626709,1.0,P2,made,MANISA BASKET Y. ONAN 2Pt made,,,,,,,,,2,48,2.0,score,2,10,0,17
01:34,01:34:00,10,17,-7,1,1,REGULAR,23,Y. ONAN,1,foul,141,,['2freethrow'],personal,0,7,Yigit,Onan,Yigit,Onan,Y,O,Y,O,Y. Onan,MANISA BASKET,MNS,Y. Onan,7,,,,,,FOUL,,MANISA BASKET Y. ONAN foul personal,,,,,,,,,0,49,1.0,,0,10,0,17
01:34,01:34:00,10,17,-7,2,1,REGULAR,7,B. BENTIL,1,foulon,142,141,[],,0,50,Benjamin,Bentil,Benjamin,Bentil,B,B,B,B,B. Bentil,MERSIN SPOR,MSK,B. Bentil,50,,,,,,OTHER,,MERSIN SPOR foulon,,,,,,,,,0,49,1.0,,0,10,0,17
01:34,01:34:00,10,17,-7,1,1,REGULAR,33,K. ZEMAITIS,1,substitution,143,,[],out,0,13,Kristupas,Zemaitis,Kristupas,Zemaitis,K,Z,K,Z,K. Zemaitis,MANISA BASKET,MNS,K. Zemaitis,13,,,,,,SUB,out,MANISA BASKET substitution out,,,,,,,,,0,49,1.0,,0,10,0,17
01:34,01:34:00,10,17,-7,1,1,REGULAR,22,B. ERYURTLU,1,substitution,144,,[],in,0,6,Batu,Eryurtlu,Batu,Eryurtlu,B,E,B,E,B. Eryurtlu,MANISA BASKET,MNS,B. Eryurtlu,6,,,,,,SUB,in,MANISA BASKET substitution in,,,,,,,,,0,49,1.0,,0,10,0,17
01:34,01:34:00,10,18,-8,2,1,REGULAR,7,B. BENTIL,1,freethrow,145,,[],1of2,1,50,Benjamin,Bentil,Benjamin,Bentil,B,B,B,B,B. Bentil,MERSIN SPOR,MSK,B. Bentil,50,,,,,,FT,made,MERSIN SPOR B. BENTIL FT 1of2 made,,,,,,,,,1,49,1.0,made_ft,0,10,1,18
01:34,01:34:00,10,19,-9,2,1,REGULAR,7,B. BENTIL,1,freethrow,146,,[],2of2,1,50,Benjamin,Bentil,Benjamin,Bentil,B,B,B,B,B. Bentil,MERSIN SPOR,MSK,B. Bentil,50,,,,,,FT,made,MERSIN SPOR B. BENTIL FT 2of2 made,,,,,,,,,1,50,2.0,made_ft_last,0,10,1,19
01:21,01:21:00,10,19,-9,1,1,REGULAR,30,D. SMITH,1,turnover,148,,[],badpass,0,2,Dayshon Hassan,Smith,Dayshon Hassan,Smith,D,S,D,S,D. Smith,MANISA BASKET,MNS,D. Smith,2,,,,,,TO,,MANISA BASKET D. SMITH turnover badpass,,,,,,,,,0,51,1.0,turnover,0,10,0,19
01:21,01:21:00,10,19,-9,2,1,REGULAR,5,J. COBBS,1,steal,149,148,[],,0,1,Justin,Cobbs,Justin,Cobbs,J,C,J,C,J. Cobbs,MERSIN SPOR,MSK,J. Cobbs,1,,,,,,ST,,MERSIN SPOR J. COBBS steal,,,,,,,,,0,52,2.0,,0,10,0,19
01:06,01:06:00,10,19,-9,2,1,REGULAR,55,A. OLASENI,1,turnover,153,,[],badpass,0,0,Abodunrin Gabriel,Olaseni,Abodunrin Gabriel,Olaseni,A,O,A,O,A. Olaseni,MERSIN SPOR,MSK,A. Olaseni,0,,,,,,TO,,MERSIN SPOR A. OLASENI turnover badpass,,,,,,,,,0,52,2.0,turnover,0,10,0,19
00:53,00:53:60,10,19,-9,2,1,REGULAR,55,A. OLASENI,1,foul,156,,"['shooting', '2freethrow']",personal,0,0,Abodunrin Gabriel,Olaseni,Abodunrin Gabriel,Olaseni,A,O,A,O,A. Olaseni,MERSIN SPOR,MSK,A. Olaseni,0,,,,,,FOUL,,MERSIN SPOR A. OLASENI foul personal,,,,,,,,,0,53,1.0,,0,10,0,19
00:53,00:53:60,10,19,-9,1,1,REGULAR,27,J. JOHNSON,1,foulon,157,156,[],,0,34,Jayce Ryback,Johnson,Jayce Ryback,Johnson,J,J,J,J,J. Johnson,MANISA BASKET,MNS,J. Johnson,34,,,,,,OTHER,,MANISA BASKET foulon,,,,,,,,,0,53,1.0,,0,10,0,19
00:53,00:53:60,10,19,-9,1,1,REGULAR,27,J. JOHNSON,0,freethrow,158,,['fromturnover'],1of2,1,34,Jayce Ryback,Johnson,Jayce Ryback,Johnson,J,J,J,J,J. Johnson,MANISA BASKET,MNS,J. Johnson,34,,,,,,FT,missed,MANISA BASKET J. JOHNSON FT 1of2 missed,,,,,,,,,0,53,1.0,def_reb,0,10,0,19
00:53,00:53:60,10,19,-9,1,1,REGULAR,0,,1,rebound,159,158,[],offensivedeadball,0,,,,,,,,,,,MANISA BASKET,MNS,,,,,,,,TREB,,MANISA BASKET team rebound offensivedeadball,,,,,,,,,0,54,2.0,def_reb,0,10,0,19
00:53,00:53:60,11,19,-8,1,1,REGULAR,27,J. JOHNSON,1,freethrow,160,,['fromturnover'],2of2,1,34,Jayce Ryback,Johnson,Jayce Ryback,Johnson,J,J,J,J,J. Johnson,MANISA BASKET,MNS,J. Johnson,34,,,,,,FT,made,MANISA BASKET J. JOHNSON FT 2of2 made,,,,,,,,,1,55,1.0,made_ft_last,1,11,0,19
00:41,00:41:00,11,19,-8,2,1,REGULAR,5,J. COBBS,0,3pt,162,,[],jumpshot,1,1,Justin,Cobbs,Justin,Cobbs,J,C,J,C,J. Cobbs,MERSIN SPOR,MSK,J. Cobbs,1,,,79.129997253418,13.670000076294,0.0,P3,missed,MERSIN SPOR J. COBBS 3Pt missed,,,,,,,,,0,56,2.0,def_reb,0,11,0,19
00:36,00:36:80,11,19,-8,1,1,REGULAR,29,J. CARDOSO PEREIRA,1,rebound,163,162,[],defensive,0,45,Joao Marcello,Cardoso Pereira,Joao Marcello,Cardoso Pereira,J,C,J,C,J. Cardoso Pereira,MANISA BASKET,MNS,J. Cardoso Pereira,45,,,,,,REB,,MANISA BASKET rebound defensive,,,,,,,,,0,57,1.0,def_reb,0,11,0,19
00:24,00:24:60,11,19,-8,2,1,REGULAR,3,K. ÖZMIZRAK,1,foul,165,,"['shooting', '2freethrow']",personal,0,3,Kartal,Özmizrak,Kartal,Özmizrak,K,Ö,K,Ö,K. Özmizrak,MERSIN SPOR,MSK,K. Özmizrak,3,,,,,,FOUL,,MERSIN SPOR K. ÖZMIZRAK foul personal,,,,,,,,,0,58,2.0,,0,11,0,19
00:24,00:24:60,11,19,-8,1,1,REGULAR,23,Y. ONAN,1,foulon,166,165,[],,0,7,Yigit,Onan,Yigit,Onan,Y,O,Y,O,Y. Onan,MANISA BASKET,MNS,Y. Onan,7,,,,,,OTHER,,MANISA BASKET foulon,,,,,,,,,0,58,2.0,,0,11,0,19
00:24,00:24:60,11,19,-8,1,1,REGULAR,23,Y. ONAN,0,freethrow,167,,[],1of2,1,7,Yigit,Onan,Yigit,Onan,Y,O,Y,O,Y. Onan,MANISA BASKET,MNS,Y. Onan,7,,,,,,FT,missed,MANISA BASKET Y. ONAN FT 1of2 missed,,,,,,,,,0,58,2.0,def_reb,0,11,0,19
00:24,00:24:60,11,19,-8,1,1,REGULAR,0,,1,rebound,168,167,[],offensivedeadball,0,,,,,,,,,,,MANISA BASKET,MNS,,,,,,,,TREB,,MANISA BASKET team rebound offensivedeadball,,,,,,,,,0,59,1.0,def_reb,0,11,0,19
00:24,00:24:60,12,19,-7,1,1,REGULAR,23,Y. ONAN,1,freethrow,169,,[],2of2,1,7,Yigit,Onan,Yigit,Onan,Y,O,Y,O,Y. Onan,MANISA BASKET,MNS,Y. Onan,7,,,,,,FT,made,MANISA BASKET Y. ONAN FT 2of2 made,,,,,,,,,1,60,2.0,made_ft_last,1,12,0,19
00:06,00:06:00,12,19,-7,2,1,REGULAR,3,K. ÖZMIZRAK,0,3pt,171,,[],jumpshot,1,3,Kartal,Özmizrak,Kartal,Özmizrak,K,Ö,K,Ö,K. Özmizrak,MERSIN SPOR,MSK,K. Özmizrak,3,,,70.699996948242,85.98999786377,0.0,P3,missed,MERSIN SPOR K. ÖZMIZRAK 3Pt missed,,,,,,,,,0,61,1.0,def_reb,0,12,0,19
00:04,00:04:00,12,19,-7,1,1,REGULAR,27,J. JOHNSON,1,rebound,172,171,[],defensive,0,34,Jayce Ryback,Johnson,Jayce Ryback,Johnson,J,J,J,J,J. Johnson,MANISA BASKET,MNS,J. Johnson,34,,,,,,REB,,MANISA BASKET rebound defensive,,,,,,,,,0,62,2.0,def_reb,0,12,0,19
00:03,00:03:60,12,19,-7,1,1,REGULAR,29,J. CARDOSO PEREIRA,0,2pt,174,,['pointsinthepaint'],layup,1,45,Joao Marcello,Cardoso Pereira,Joao Marcello,Cardoso Pereira,J,C,J,C,J. Cardoso Pereira,MANISA BASKET,MNS,J. Cardoso Pereira,45,,,7.3600001335144,45.590000152588,0.0,P2,missed,MANISA BASKET J. CARDOSO PEREIRA 2Pt missed,,,,,,,,,0,63,1.0,,0,12,0,19
00:03,00:03:60,12,19,-7,1,1,REGULAR,27,J. JOHNSON,1,rebound,175,174,[],offensive,0,34,Jayce Ryback,Johnson,Jayce Ryback,Johnson,J,J,J,J,J. Johnson,MANISA BASKET,MNS,J. Johnson,34,,,,,,REB,,MANISA BASKET rebound offensive,,,,,,,,,0,63,1.0,,0,12,0,19
00:03,00:03:60,14,19,-5,1,1,REGULAR,27,J. JOHNSON,1,2pt,176,,"['2ndchance', 'pointsinthepaint']",tipinlayup,1,34,Jayce Ryback,Johnson,Jayce Ryback,Johnson,J,J,J,J,J. Johnson,MANISA BASKET,MNS,J. Johnson,34,,,6.0,50.0,1.0,P2,made,MANISA BASKET J. JOHNSON 2Pt made,,,,,,,,,2,63,1.0,score,2,14,0,19
00:01,00:01:70,14,19,-5,2,1,REGULAR,7,B. BENTIL,1,turnover,179,,[],badpass,0,50,Benjamin,Bentil,Benjamin,Bentil,B,B,B,B,B. Bentil,MERSIN SPOR,MSK,B. Bentil,50,,,,,,TO,,MERSIN SPOR B. BENTIL turnover badpass,,,,,,,,,0,64,2.0,turnover,0,14,0,19
00:01,00:01:70,14,19,-5,1,1,REGULAR,30,D. SMITH,1,steal,180,179,[],,0,2,Dayshon Hassan,Smith,Dayshon Hassan,Smith,D,S,D,S,D. Smith,MANISA BASKET,MNS,D. Smith,2,,,,,,ST,,MANISA BASKET D. SMITH steal,,,,,,,,,0,65,1.0,,0,14,0,19
00:00,00:00:00,14,19,-5,0,1,REGULAR,0,,1,period,183,,['confirmed'],end,0,,,,,,,,,,,,,,,,,,,,OTHER,,period end,,,,,,,,,0,65,1.0,,0,14,0,19
10:00,10:00:00,14,19,-5,1,2,REGULAR,22,B. ERYURTLU,1,substitution,184,,[],out,0,6,Batu,Eryurtlu,Batu,Eryurtlu,B,E,B,E,B. Eryurtlu,MANISA BASKET,MNS,B. Eryurtlu,6,,,,,,SUB,out,MANISA BASKET substitution out,,,,,,,,,0,65,1.0,,0,14,0,19
10:00,10:00:00,14,19,-5,1,2,REGULAR,33,K. ZEMAITIS,1,substitution,185,,[],in,0,13,Kristupas,Zemaitis,Kristupas,Zemaitis,K,Z,K,Z,K. Zemaitis,MANISA BASKET,MNS,K. Zemaitis,13,,,,,,SUB,in,MANISA BASKET substitution in,,,,,,,,,0,65,1.0,,0,14,0,19
10:00,10:00:00,14,19,-5,2,2,REGULAR,55,A. OLASENI,1,substitution,186,,[],out,0,0,Abodunrin Gabriel,Olaseni,Abodunrin Gabriel,Olaseni,A,O,A,O,A. Olaseni,MERSIN SPOR,MSK,A. Olaseni,0,,,,,,SUB,out,MERSIN SPOR substitution out,,,,,,,,,0,65,1.0,,0,14,0,19
10:00,10:00:00,14,19,-5,2,2,REGULAR,1,H. SAYILI,1,substitution,187,,[],in,0,8,Hakan,Sayili,Hakan,Sayili,H,S,H,S,H. Sayili,MERSIN SPOR,MSK,H. Sayili,8,,,,,,SUB,in,MERSIN SPOR substitution in,,,,,,,,,0,65,1.0,,0,14,0,19
10:00,10:00:00,14,19,-5,0,2,REGULAR,0,,1,period,188,,[],start,0,,,,,,,,,,,,,,,,,,,,OTHER,,period start,,,,,,,,,0,65,1.0,,0,14,0,19
09:39,09:39:00,14,22,-8,2,2,REGULAR,10,R. MARCH JR,1,3pt,190,,[],jumpshot,1,4,Ronald Eugene,March Jr,Ronald Eugene,March Jr,R,M,R,M,R. March Jr,MERSIN SPOR,MSK,R. March Jr,4,,,75.690002441406,12.539999961853,1.0,P3,made,MERSIN SPOR R. MARCH JR 3Pt made,5.0,2.0,J. COBBS,,,,,,3,65,1.0,score,0,14,3,22
09:39,09:39:00,14,22,-8,2,2,REGULAR,5,J. COBBS,1,assist,191,190,[],,0,1,Justin,Cobbs,Justin,Cobbs,J,C,J,C,J. Cobbs,MERSIN SPOR,MSK,J. Cobbs,1,,,,,,ASS,,MERSIN SPOR J. COBBS assist,,,,,,,,,0,66,2.0,,0,14,0,22
09:20,09:20:00,14,22,-8,1,2,REGULAR,27,J. JOHNSON,0,2pt,192,,['pointsinthepaint'],jumpshot,1,34,Jayce Ryback,Johnson,Jayce Ryback,Johnson,J,J,J,J,J. Johnson,MANISA BASKET,MNS,J. Johnson,34,,,11.109999656677,57.740001678467,0.0,P2,missed,MANISA BASKET J. JOHNSON 2Pt missed,,,,,,,,,0,66,2.0,def_reb,0,14,0,22
09:17,09:17:00,14,22,-8,2,2,REGULAR,10,R. MARCH JR,1,rebound,193,192,[],defensive,0,4,Ronald Eugene,March Jr,Ronald Eugene,March Jr,R,M,R,M,R. March Jr,MERSIN SPOR,MSK,R. March Jr,4,,,,,,REB,,MERSIN SPOR rebound defensive,,,,,,,,,0,67,1.0,def_reb,0,14,0,22
08:56,08:56:00,14,22,-8,2,2,REGULAR,7,B. BENTIL,0,2pt,194,,['pointsinthepaint'],jumpshot,1,50,Benjamin,Bentil,Benjamin,Bentil,B,B,B,B,B. Bentil,MERSIN SPOR,MSK,B. Bentil,50,,,91.290000915527,43.049999237061,0.0,P2,missed,MERSIN SPOR B. BENTIL 2Pt missed,,,,,,,,,0,68,2.0,def_reb,0,14,0,22
08:54,08:54:00,14,22,-8,1,2,REGULAR,27,J. JOHNSON,1,rebound,195,194,[],defensive,0,34,Jayce Ryback,Johnson,Jayce Ryback,Johnson,J,J,J,J,J. Johnson,MANISA BASKET,MNS,J. Johnson,34,,,,,,REB,,MANISA BASKET rebound defensive,,,,,,,,,0,69,1.0,def_reb,0,14,0,22
08:34,08:34:00,14,22,-8,1,2,REGULAR,23,Y. ONAN,0,2pt,196,,[],jumpshot,1,7,Yigit,Onan,Yigit,Onan,Y,O,Y,O,Y. Onan,MANISA BASKET,MNS,Y. Onan,7,,,20.0,70.169998168945,0.0,P2,missed,MANISA BASKET Y. ONAN 2Pt missed,,,,,,,,,0,70,2.0,def_reb,0,14,0,22
08:32,08:32:00,14,22,-8,2,2,REGULAR,10,R. MARCH JR,1,rebound,197,196,[],defensive,0,4,Ronald Eugene,March Jr,Ronald Eugene,March Jr,R,M,R,M,R. March Jr,MERSIN SPOR,MSK,R. March Jr,4,,,,,,REB,,MERSIN SPOR rebound defensive,,,,,,,,,0,71,1.0,def_reb,0,14,0,22
08:27,08:27:00,14,22,-8,2,2,REGULAR,10,R. MARCH JR,0,3pt,198,,[],jumpshot,1,4,Ronald Eugene,March Jr,Ronald Eugene,March Jr,R,M,R,M,R. March Jr,MERSIN SPOR,MSK,R. March Jr,4,,,73.199996948242,84.290000915527,0.0,P3,missed,MERSIN SPOR R. MARCH JR 3Pt missed,,,,,,,,,0,72,2.0,def_reb,0,14,0,22
08:25,08:25:00,14,22,-8,1,2,REGULAR,27,J. JOHNSON,1,rebound,199,198,[],defensive,0,34,Jayce Ryback,Johnson,Jayce Ryback,Johnson,J,J,J,J,J. Johnson,MANISA BASKET,MNS,J. Johnson,34,,,,,,REB,,MANISA BASKET rebound defensive,,,,,,,,,0,73,1.0,def_reb,0,14,0,22
08:21,08:21:00,16,22,-6,1,2,REGULAR,29,J. CARDOSO PEREIRA,1,2pt,200,,"['pointsinthepaint', 'fastbreak']",alleyoopdunk,1,45,Joao Marcello,Cardoso Pereira,Joao Marcello,Cardoso Pereira,J,C,J,C,J. Cardoso Pereira,MANISA BASKET,MNS,J. Cardoso Pereira,45,,,8.6099996566772,47.569999694824,1.0,P2,made,MANISA BASKET J. CARDOSO PEREIRA 2Pt made,30.0,1.0,D. SMITH,,,,,,2,74,2.0,score,2,16,0,22
08:21,08:21:00,16,22,-6,1,2,REGULAR,30,D. SMITH,1,assist,201,200,[],,0,2,Dayshon Hassan,Smith,Dayshon Hassan,Smith,D,S,D,S,D. Smith,MANISA BASKET,MNS,D. Smith,2,,,,,,ASS,,MANISA BASKET D. SMITH assist,,,,,,,,,0,75,1.0,,0,16,0,22
07:56,07:56:00,16,22,-6,2,2,REGULAR,1,H. SAYILI,0,2pt,202,,"['pointsinthepaint', 'blocked']",jumpshot,1,8,Hakan,Sayili,Hakan,Sayili,H,S,H,S,H. Sayili,MERSIN SPOR,MSK,H. Sayili,8,,,91.139999389648,53.220001220703,0.0,P2,missed,MERSIN SPOR H. SAYILI 2Pt missed,,,,29.0,1.0,J. CARDOSO PEREIRA,,,0,75,1.0,,0,16,0,22
07:56,07:56:00,16,22,-6,1,2,REGULAR,29,J. CARDOSO PEREIRA,1,block,204,202,[],,0,45,Joao Marcello,Cardoso Pereira,Joao Marcello,Cardoso Pereira,J,C,J,C,J. Cardoso Pereira,MANISA BASKET,MNS,J. Cardoso Pereira,45,,,,,,BS,,MANISA BASKET J. CARDOSO PEREIRA block,,,,,,,,,0,75,1.0,,0,16,0,22
07:55,07:55:00,16,22,-6,1,2,REGULAR,23,Y. ONAN,1,rebound,205,202,[],defensive,0,7,Yigit,Onan,Yigit,Onan,Y,O,Y,O,Y. Onan,MANISA BASKET,MNS,Y. Onan,7,,,,,,REB,,MANISA BASKET rebound defensive,,,,,,,,,0,75,1.0,def_reb,0,16,0,22
07:55,07:55:00,16,22,-6,2,2,REGULAR,3,K. ÖZMIZRAK,1,foul,206,,[],personal,0,3,Kartal,Özmizrak,Kartal,Özmizrak,K,Ö,K,Ö,K. Özmizrak,MERSIN SPOR,MSK,K. Özmizrak,3,,,,,,FOUL,,MERSIN SPOR K. ÖZMIZRAK foul personal,,,,,,,,,0,76,2.0,,0,16,0,22
07:55,07:55:00,16,22,-6,1,2,REGULAR,23,Y. ONAN,1,foulon,207,206,[],,0,7,Yigit,Onan,Yigit,Onan,Y,O,Y,O,Y. Onan,MANISA BASKET,MNS,Y. Onan,7,,,,,,OTHER,,MANISA BASKET foulon,,,,,,,,,0,76,2.0,,0,16,0,22
07:55,07:55:00,16,22,-6,1,2,REGULAR,23,Y. ONAN,1,substitution,208,,[],out,0,7,Yigit,Onan,Yigit,Onan,Y,O,Y,O,Y. Onan,MANISA BASKET,MNS,Y. Onan,7,,,,,,SUB,out,MANISA BASKET substitution out,,,,,,,,,0,76,2.0,,0,16,0,22
07:55,07:55:00,16,22,-6,1,2,REGULAR,22,B. ERYURTLU,1,substitution,209,,[],in,0,6,Batu,Eryurtlu,Batu,Eryurtlu,B,E,B,E,B. Eryurtlu,MANISA BASKET,MNS,B. Eryurtlu,6,,,,,,SUB,in,MANISA BASKET substitution in,,,,,,,,,0,76,2.0,,0,16,0,22
07:55,07:55:00,16,22,-6,2,2,REGULAR,3,K. ÖZMIZRAK,1,substitution,210,,[],out,0,3,Kartal,Özmizrak,Kartal,Özmizrak,K,Ö,K,Ö,K. Özmizrak,MERSIN SPOR,MSK,K. Özmizrak,3,,,,,,SUB,out,MERSIN SPOR substitution out,,,,,,,,,0,76,2.0,,0,16,0,22
07:55,07:55:00,16,22,-6,2,2,REGULAR,7,B. BENTIL,1,substitution,211,,[],out,0,50,Benjamin,Bentil,Benjamin,Bentil,B,B,B,B,B. Bentil,MERSIN SPOR,MSK,B. Bentil,50,,,,,,SUB,out,MERSIN SPOR substitution out,,,,,,,,,0,76,2.0,,0,16,0,22
07:55,07:55:00,16,22,-6,2,2,REGULAR,56,A. COWAN,1,substitution,212,,[],in,0,7,Anthony Dewayne,Cowan,Anthony Dewayne,Cowan,A,C,A,C,A. Cowan,MERSIN SPOR,MSK,A. Cowan,7,,,,,,SUB,in,MERSIN SPOR substitution in,,,,,,,,,0,76,2.0,,0,16,0,22
07:55,07:55:00,16,22,-6,2,2,REGULAR,2,M. KILIÇLI,1,substitution,213,,[],in,0,13,Mükremin Deniz,Kiliçli,Mükremin Deniz,Kiliçli,M,K,M,K,M. Kiliçli,MERSIN SPOR,MSK,M. Kiliçli,13,,,,,,SUB,in,MERSIN SPOR substitution in,,,,,,,,,0,76,2.0,,0,16,0,22
07:36,07:36:00,16,22,-6,1,2,REGULAR,29,J. CARDOSO PEREIRA,0,3pt,215,,[],jumpshot,1,45,Joao Marcello,Cardoso Pereira,Joao Marcello,Cardoso Pereira,J,C,J,C,J. Cardoso Pereira,MANISA BASKET,MNS,J. Cardoso Pereira,45,,,31.700000762939,54.919998168945,0.0,P3,missed,MANISA BASKET J. CARDOSO PEREIRA 3Pt missed,,,,,,,,,0,76,2.0,def_reb,0,16,0,22
07:33,07:33:00,16,22,-6,2,2,REGULAR,5,J. COBBS,1,rebound,216,215,[],defensive,0,1,Justin,Cobbs,Justin,Cobbs,J,C,J,C,J. Cobbs,MERSIN SPOR,MSK,J. Cobbs,1,,,,,,REB,,MERSIN SPOR rebound defensive,,,,,,,,,0,77,1.0,def_reb,0,16,0,22
07:19,07:19:00,16,25,-9,2,2,REGULAR,56,A. COWAN,1,3pt,218,,[],jumpshot,1,7,Anthony Dewayne,Cowan,Anthony Dewayne,Cowan,A,C,A,C,A. Cowan,MERSIN SPOR,MSK,A. Cowan,7,,,90.050003051758,98.419998168945,1.0,P3,made,MERSIN SPOR A. COWAN 3Pt made,5.0,2.0,J. COBBS,,,,,,3,78,2.0,score,0,16,3,25
07:19,07:19:00,16,25,-9,2,2,REGULAR,5,J. COBBS,1,assist,219,218,[],,0,1,Justin,Cobbs,Justin,Cobbs,J,C,J,C,J. Cobbs,MERSIN SPOR,MSK,J. Cobbs,1,,,,,,ASS,,MERSIN SPOR J. COBBS assist,,,,,,,,,0,79,1.0,,0,16,0,25
07:17,07:17:00,16,25,-9,1,2,REGULAR,0,,1,timeout,220,,[],full,0,,,,,,,,,,,MANISA BASKET,MNS,,,,,,,,TIMEOUT,,MANISA BASKET timeout,,,,,,,,,0,79,1.0,,0,16,0,25
06:58,06:58:00,16,25,-9,1,2,REGULAR,29,J. CARDOSO PEREIRA,0,3pt,222,,[],jumpshot,1,45,Joao Marcello,Cardoso Pereira,Joao Marcello,Cardoso Pereira,J,C,J,C,J. Cardoso Pereira,MANISA BASKET,MNS,J. Cardoso Pereira,45,,,4.0900001525879,4.0700001716614,0.0,P3,missed,MANISA BASKET J. CARDOSO PEREIRA 3Pt missed,,,,,,,,,0,79,1.0,def_reb,0,16,0,25
06:56,06:56:00,16,25,-9,2,2,REGULAR,5,J. COBBS,1,rebound,223,222,[],defensive,0,1,Justin,Cobbs,Justin,Cobbs,J,C,J,C,J. Cobbs,MERSIN SPOR,MSK,J. Cobbs,1,,,,,,REB,,MERSIN SPOR rebound defensive,,,,,,,,,0,80,2.0,def_reb,0,16,0,25
06:53,06:53:00,16,25,-9,2,2,REGULAR,2,M. KILIÇLI,0,2pt,225,,"['pointsinthepaint', 'blocked']",jumpshot,1,13,Mükremin Deniz,Kiliçli,Mükremin Deniz,Kiliçli,M,K,M,K,M. Kiliçli,MERSIN SPOR,MSK,M. Kiliçli,13,,,91.919998168945,48.979999542236,0.0,P2,missed,MERSIN SPOR M. KILIÇLI 2Pt missed,,,,29.0,1.0,J. CARDOSO PEREIRA,,,0,81,1.0,,0,16,0,25
06:53,06:53:00,16,25,-9,1,2,REGULAR,29,J. CARDOSO PEREIRA,1,block,226,225,[],,0,45,Joao Marcello,Cardoso Pereira,Joao Marcello,Cardoso Pereira,J,C,J,C,J. Cardoso Pereira,MANISA BASKET,MNS,J. Cardoso Pereira,45,,,,,,BS,,MANISA BASKET J. CARDOSO PEREIRA block,,,,,,,,,0,81,1.0,,0,16,0,25
06:53,06:53:00,16,25,-9,2,2,REGULAR,0,,1,rebound,227,225,['team'],offensive,0,,,,,,,,,,,MERSIN SPOR,MSK,,,,,,,,TREB,,MERSIN SPOR team rebound offensive,,,,,,,,,0,81,1.0,def_reb,0,16,0,25
06:47,06:47:00,16,25,-9,2,2,REGULAR,2,M. KILIÇLI,0,2pt,229,,"['2ndchance', 'pointsinthepaint']",jumpshot,1,13,Mükremin Deniz,Kiliçli,Mükremin Deniz,Kiliçli,M,K,M,K,M. Kiliçli,MERSIN SPOR,MSK,M. Kiliçli,13,,,82.559997558594,58.590000152588,0.0,P2,missed,MERSIN SPOR M. KILIÇLI 2Pt missed,,,,,,,,,0,82,2.0,def_reb,0,16,0,25
06:45,06:45:00,16,25,-9,1,2,REGULAR,22,B. ERYURTLU,1,rebound,230,229,[],defensive,0,6,Batu,Eryurtlu,Batu,Eryurtlu,B,E,B,E,B. Eryurtlu,MANISA BASKET,MNS,B. Eryurtlu,6,,,,,,REB,,MANISA BASKET rebound defensive,,,,,,,,,0,83,1.0,def_reb,0,16,0,25
06:42,06:42:00,16,25,-9,2,2,REGULAR,2,M. KILIÇLI,1,foul,232,,"['shooting', '2freethrow']",personal,0,13,Mükremin Deniz,Kiliçli,Mükremin Deniz,Kiliçli,M,K,M,K,M. Kiliçli,MERSIN SPOR,MSK,M. Kiliçli,13,,,,,,FOUL,,MERSIN SPOR M. KILIÇLI foul personal,,,,,,,,,0,84,2.0,,0,16,0,25
06:42,06:42:00,16,25,-9,1,2,REGULAR,29,J. CARDOSO PEREIRA,1,foulon,233,232,[],,0,45,Joao Marcello,Cardoso Pereira,Joao Marcello,Cardoso Pereira,J,C,J,C,J. Cardoso Pereira,MANISA BASKET,MNS,J. Cardoso Pereira,45,,,,,,OTHER,,MANISA BASKET foulon,,,,,,,,,0,84,2.0,,0,16,0,25
06:42,06:42:00,17,25,-8,1,2,REGULAR,29,J. CARDOSO PEREIRA,1,freethrow,234,,['fastbreak'],1of2,1,45,Joao Marcello,Cardoso Pereira,Joao Marcello,Cardoso Pereira,J,C,J,C,J. Cardoso Pereira,MANISA BASKET,MNS,J. Cardoso Pereira,45,,,,,,FT,made,MANISA BASKET J. CARDOSO PEREIRA FT 1of2 made,,,,,,,,,1,84,2.0,made_ft,1,17,0,25
06:42,06:42:00,17,25,-8,1,2,REGULAR,30,D. SMITH,1,assist,235,234,[],,0,2,Dayshon Hassan,Smith,Dayshon Hassan,Smith,D,S,D,S,D. Smith,MANISA BASKET,MNS,D. Smith,2,,,,,,ASS,,MANISA BASKET D. SMITH assist,,,,,,,,,0,85,1.0,,0,17,0,25
06:42,06:42:00,17,25,-8,1,2,REGULAR,29,J. CARDOSO PEREIRA,0,freethrow,236,,['fastbreak'],2of2,1,45,Joao Marcello,Cardoso Pereira,Joao Marcello,Cardoso Pereira,J,C,J,C,J. Cardoso Pereira,MANISA BASKET,MNS,J. Cardoso Pereira,45,,,,,,FT,missed,MANISA BASKET J. CARDOSO PEREIRA FT 2of2 missed,,,,,,,,,0,85,1.0,def_reb,0,17,0,25
06:42,06:42:00,17,25,-8,2,2,REGULAR,2,M. KILIÇLI,1,rebound,238,236,[],defensive,0,13,Mükremin Deniz,Kiliçli,Mükremin Deniz,Kiliçli,M,K,M,K,M. Kiliçli,MERSIN SPOR,MSK,M. Kiliçli,13,,,,,,REB,,MERSIN SPOR rebound defensive,,,,,,,,,0,86,2.0,def_reb,0,17,0,25
06:35,06:35:00,17,25,-8,1,2,REGULAR,27,J. JOHNSON,1,foul,240,,[],personal,0,34,Jayce Ryback,Johnson,Jayce Ryback,Johnson,J,J,J,J,J. Johnson,MANISA BASKET,MNS,J. Johnson,34,,,,,,FOUL,,MANISA BASKET J. JOHNSON foul personal,,,,,,,,,0,87,1.0,,0,17,0,25
06:35,06:35:00,17,25,-8,2,2,REGULAR,1,H. SAYILI,1,foulon,241,240,[],,0,8,Hakan,Sayili,Hakan,Sayili,H,S,H,S,H. Sayili,MERSIN SPOR,MSK,H. Sayili,8,,,,,,OTHER,,MERSIN SPOR foulon,,,,,,,,,0,87,1.0,,0,17,0,25
06:35,06:35:00,17,25,-8,1,2,REGULAR,30,D. SMITH,1,substitution,242,,[],out,0,2,Dayshon Hassan,Smith,Dayshon Hassan,Smith,D,S,D,S,D. Smith,MANISA BASKET,MNS,D. Smith,2,,,,,,SUB,out,MANISA BASKET substitution out,,,,,,,,,0,87,1.0,,0,17,0,25
06:35,06:35:00,17,25,-8,1,2,REGULAR,27,J. JOHNSON,1,substitution,243,,[],out,0,34,Jayce Ryback,Johnson,Jayce Ryback,Johnson,J,J,J,J,J. Johnson,MANISA BASKET,MNS,J. Johnson,34,,,,,,SUB,out,MANISA BASKET substitution out,,,,,,,,,0,87,1.0,,0,17,0,25
06:35,06:35:00,17,25,-8,1,2,REGULAR,32,J. MINTZ,1,substitution,244,,[],in,0,10,Judah Jah Leone,Mintz,Judah Jah Leone,Mintz,J,M,J,M,J. Mintz,MANISA BASKET,MNS,J. Mintz,10,,,,,,SUB,in,MANISA BASKET substitution in,,,,,,,,,0,87,1.0,,0,17,0,25
06:35,06:35:00,17,25,-8,1,2,REGULAR,28,E. MOBLEY,1,substitution,245,,[],in,0,15,Eric Isaiah,Mobley,Eric Isaiah,Mobley,E,M,E,M,E. Mobley,MANISA BASKET,MNS,E. Mobley,15,,,,,,SUB,in,MANISA BASKET substitution in,,,,,,,,,0,87,1.0,,0,17,0,25
06:35,06:35:00,17,25,-8,2,2,REGULAR,5,J. COBBS,1,substitution,246,,[],out,0,1,Justin,Cobbs,Justin,Cobbs,J,C,J,C,J. Cobbs,MERSIN SPOR,MSK,J. Cobbs,1,,,,,,SUB,out,MERSIN SPOR substitution out,,,,,,,,,0,87,1.0,,0,17,0,25
06:35,06:35:00,17,25,-8,2,2,REGULAR,6,F. CRUZ SALDIVAR,1,substitution,247,,[],in,0,9,Francisco Javier,Cruz Saldivar,Francisco Javier,Cruz Saldivar,F,C,F,C,F. Cruz Saldivar,MERSIN SPOR,MSK,F. Cruz Saldivar,9,,,,,,SUB,in,MERSIN SPOR substitution in,,,,,,,,,0,87,1.0,,0,17,0,25
06:30,06:30:00,17,25,-8,2,2,REGULAR,1,H. SAYILI,1,turnover,249,,[],ballhandling,0,8,Hakan,Sayili,Hakan,Sayili,H,S,H,S,H. Sayili,MERSIN SPOR,MSK,H. Sayili,8,,,,,,TO,,MERSIN SPOR H. SAYILI turnover ballhandling,,,,,,,,,0,87,1.0,turnover,0,17,0,25
06:30,06:30:00,17,25,-8,1,2,REGULAR,28,E. MOBLEY,1,steal,250,249,[],,0,15,Eric Isaiah,Mobley,Eric Isaiah,Mobley,E,M,E,M,E. Mobley,MANISA BASKET,MNS,E. Mobley,15,,,,,,ST,,MANISA BASKET E. MOBLEY steal,,,,,,,,,0,88,2.0,,0,17,0,25
06:18,06:18:00,17,25,-8,2,2,REGULAR,1,H. SAYILI,1,foul,252,,"['shooting', '2freethrow']",personal,0,8,Hakan,Sayili,Hakan,Sayili,H,S,H,S,H. Sayili,MERSIN SPOR,MSK,H. Sayili,8,,,,,,FOUL,,MERSIN SPOR H. SAYILI foul personal,,,,,,,,,0,88,2.0,,0,17,0,25
06:18,06:18:00,17,25,-8,1,2,REGULAR,22,B. ERYURTLU,1,foulon,253,252,[],,0,6,Batu,Eryurtlu,Batu,Eryurtlu,B,E,B,E,B. Eryurtlu,MANISA BASKET,MNS,B. Eryurtlu,6,,,,,,OTHER,,MANISA BASKET foulon,,,,,,,,,0,88,2.0,,0,17,0,25
06:18,06:18:00,17,25,-8,2,2,REGULAR,1,H. SAYILI,1,substitution,254,,[],out,0,8,Hakan,Sayili,Hakan,Sayili,H,S,H,S,H. Sayili,MERSIN SPOR,MSK,H. Sayili,8,,,,,,SUB,out,MERSIN SPOR substitution out,,,,,,,,,0,88,2.0,,0,17,0,25
06:18,06:18:00,17,25,-8,2,2,REGULAR,9,J. WHITE,1,substitution,255,,[],in,0,14,Jackson Thomas,White,Jackson Thomas,White,J,W,J,W,J. White,MERSIN SPOR,MSK,J. White,14,,,,,,SUB,in,MERSIN SPOR substitution in,,,,,,,,,0,88,2.0,,0,17,0,25
06:18,06:18:00,18,25,-7,1,2,REGULAR,22,B. ERYURTLU,1,freethrow,256,,['fromturnover'],1of2,1,6,Batu,Eryurtlu,Batu,Eryurtlu,B,E,B,E,B. Eryurtlu,MANISA BASKET,MNS,B. Eryurtlu,6,,,,,,FT,made,MANISA BASKET B. ERYURTLU FT 1of2 made,,,,,,,,,1,88,2.0,made_ft,1,18,0,25
06:18,06:18:00,18,25,-7,1,2,REGULAR,22,B. ERYURTLU,0,freethrow,257,,['fromturnover'],2of2,1,6,Batu,Eryurtlu,Batu,Eryurtlu,B,E,B,E,B. Eryurtlu,MANISA BASKET,MNS,B. Eryurtlu,6,,,,,,FT,missed,MANISA BASKET B. ERYURTLU FT 2of2 missed,,,,,,,,,0,89,1.0,def_reb,0,18,0,25
06:18,06:18:00,18,25,-7,2,2,REGULAR,2,M. KILIÇLI,1,rebound,259,257,[],defensive,0,13,Mükremin Deniz,Kiliçli,Mükremin Deniz,Kiliçli,M,K,M,K,M. Kiliçli,MERSIN SPOR,MSK,M. Kiliçli,13,,,,,,REB,,MERSIN SPOR rebound defensive,,,,,,,,,0,90,2.0,def_reb,0,18,0,25
06:03,06:03:00,18,27,-9,2,2,REGULAR,10,R. MARCH JR,1,2pt,260,,['pointsinthepaint'],alleyoop,1,4,Ronald Eugene,March Jr,Ronald Eugene,March Jr,R,M,R,M,R. March Jr,MERSIN SPOR,MSK,R. March Jr,4,,,93.480003356934,43.049999237061,1.0,P2,made,MERSIN SPOR R. MARCH JR 2Pt made,56.0,2.0,A. COWAN,,,,,,2,91,1.0,score,0,18,2,27
06:03,06:03:00,18,27,-9,2,2,REGULAR,56,A. COWAN,1,assist,261,260,[],,0,7,Anthony Dewayne,Cowan,Anthony Dewayne,Cowan,A,C,A,C,A. Cowan,MERSIN SPOR,MSK,A. Cowan,7,,,,,,ASS,,MERSIN SPOR A. COWAN assist,,,,,,,,,0,92,2.0,,0,18,0,27
05:48,05:48:00,20,27,-7,1,2,REGULAR,33,K. ZEMAITIS,1,2pt,263,,['pointsinthepaint'],drivinglayup,1,13,Kristupas,Zemaitis,Kristupas,Zemaitis,K,Z,K,Z,K. Zemaitis,MANISA BASKET,MNS,K. Zemaitis,13,,,7.3600001335144,55.759998321533,1.0,P2,made,MANISA BASKET K. ZEMAITIS 2Pt made,,,,,,,,,2,92,2.0,score,2,20,0,27
05:48,05:48:00,20,27,-7,2,2,REGULAR,0,,1,timeout,264,,[],full,0,,,,,,,,,,,MERSIN SPOR,MSK,,,,,,,,TIMEOUT,,MERSIN SPOR timeout,,,,,,,,,0,93,1.0,,0,20,0,27
05:48,05:48:00,20,27,-7,1,2,REGULAR,22,B. ERYURTLU,1,substitution,265,,[],out,0,6,Batu,Eryurtlu,Batu,Eryurtlu,B,E,B,E,B. Eryurtlu,MANISA BASKET,MNS,B. Eryurtlu,6,,,,,,SUB,out,MANISA BASKET substitution out,,,,,,,,,0,93,1.0,,0,20,0,27
05:48,05:48:00,20,27,-7,1,2,REGULAR,29,J. CARDOSO PEREIRA,1,substitution,266,,[],out,0,45,Joao Marcello,Cardoso Pereira,Joao Marcello,Cardoso Pereira,J,C,J,C,J. Cardoso Pereira,MANISA BASKET,MNS,J. Cardoso Pereira,45,,,,,,SUB,out,MANISA BASKET substitution out,,,,,,,,,0,93,1.0,,0,20,0,27
05:48,05:48:00,20,27,-7,1,2,REGULAR,31,J. SCRUBB,1,substitution,267,,[],in,0,1,Jayden Amari,Scrubb,Jayden Amari,Scrubb,J,S,J,S,J. Scrubb,MANISA BASKET,MNS,J. Scrubb,1,,,,,,SUB,in,MANISA BASKET substitution in,,,,,,,,,0,93,1.0,,0,20,0,27
05:48,05:48:00,20,27,-7,1,2,REGULAR,21,B. ÇAL,1,substitution,268,,[],in,0,11,Bugra,Çal,Bugra,Çal,B,Ç,B,Ç,B. Çal,MANISA BASKET,MNS,B. Çal,11,,,,,,SUB,in,MANISA BASKET substitution in,,,,,,,,,0,93,1.0,,0,20,0,27
05:48,05:48:00,20,27,-7,2,2,REGULAR,10,R. MARCH JR,1,substitution,269,,[],out,0,4,Ronald Eugene,March Jr,Ronald Eugene,March Jr,R,M,R,M,R. March Jr,MERSIN SPOR,MSK,R. March Jr,4,,,,,,SUB,out,MERSIN SPOR substitution out,,,,,,,,,0,93,1.0,,0,20,0,27
05:48,05:48:00,20,27,-7,2,2,REGULAR,2,M. KILIÇLI,1,substitution,270,,[],out,0,13,Mükremin Deniz,Kiliçli,Mükremin Deniz,Kiliçli,M,K,M,K,M. Kiliçli,MERSIN SPOR,MSK,M. Kiliçli,13,,,,,,SUB,out,MERSIN SPOR substitution out,,,,,,,,,0,93,1.0,,0,20,0,27
05:48,05:48:00,20,27,-7,2,2,REGULAR,55,A. OLASENI,1,substitution,271,,[],in,0,0,Abodunrin Gabriel,Olaseni,Abodunrin Gabriel,Olaseni,A,O,A,O,A. Olaseni,MERSIN SPOR,MSK,A. Olaseni,0,,,,,,SUB,in,MERSIN SPOR substitution in,,,,,,,,,0,93,1.0,,0,20,0,27
05:48,05:48:00,20,27,-7,2,2,REGULAR,4,E. TIRPANCI,1,substitution,272,,[],in,0,10,Efe Ergi,Tirpanci,Efe Ergi,Tirpanci,E,T,E,T,E. Tirpanci,MERSIN SPOR,MSK,E. Tirpanci,10,,,,,,SUB,in,MERSIN SPOR substitution in,,,,,,,,,0,93,1.0,,0,20,0,27
05:30,05:30:00,20,27,-7,2,2,REGULAR,55,A. OLASENI,0,2pt,274,,['pointsinthepaint'],jumpshot,1,0,Abodunrin Gabriel,Olaseni,Abodunrin Gabriel,Olaseni,A,O,A,O,A. Olaseni,MERSIN SPOR,MSK,A. Olaseni,0,,,84.430000305176,41.919998168945,0.0,P2,missed,MERSIN SPOR A. OLASENI 2Pt missed,,,,,,,,,0,93,1.0,def_reb,0,20,0,27
05:28,05:28:00,20,27,-7,1,2,REGULAR,28,E. MOBLEY,1,rebound,275,274,[],defensive,0,15,Eric Isaiah,Mobley,Eric Isaiah,Mobley,E,M,E,M,E. Mobley,MANISA BASKET,MNS,E. Mobley,15,,,,,,REB,,MANISA BASKET rebound defensive,,,,,,,,,0,94,2.0,def_reb,0,20,0,27
05:23,05:23:00,20,27,-7,1,2,REGULAR,28,E. MOBLEY,0,3pt,276,,[],jumpshot,1,15,Eric Isaiah,Mobley,Eric Isaiah,Mobley,E,M,E,M,E. Mobley,MANISA BASKET,MNS,E. Mobley,15,,,28.889999389648,29.209999084473,0.0,P3,missed,MANISA BASKET E. MOBLEY 3Pt missed,,,,,,,,,0,95,1.0,def_reb,0,20,0,27
05:19,05:19:00,20,27,-7,2,2,REGULAR,6,F. CRUZ SALDIVAR,1,rebound,277,276,[],defensive,0,9,Francisco Javier,Cruz Saldivar,Francisco Javier,Cruz Saldivar,F,C,F,C,F. Cruz Saldivar,MERSIN SPOR,MSK,F. Cruz Saldivar,9,,,,,,REB,,MERSIN SPOR rebound defensive,,,,,,,,,0,96,2.0,def_reb,0,20,0,27
05:10,05:10:00,20,27,-7,2,2,REGULAR,6,F. CRUZ SALDIVAR,0,3pt,278,,[],jumpshot,1,9,Francisco Javier,Cruz Saldivar,Francisco Javier,Cruz Saldivar,F,C,F,C,F. Cruz Saldivar,MERSIN SPOR,MSK,F. Cruz Saldivar,9,,,80.059997558594,8.3100004196167,0.0,P3,missed,MERSIN SPOR F. CRUZ SALDIVAR 3Pt missed,,,,,,,,,0,97,1.0,def_reb,0,20,0,27
05:08,05:08:00,20,27,-7,1,2,REGULAR,33,K. ZEMAITIS,1,rebound,279,278,[],defensive,0,13,Kristupas,Zemaitis,Kristupas,Zemaitis,K,Z,K,Z,K. Zemaitis,MANISA BASKET,MNS,K. Zemaitis,13,,,,,,REB,,MANISA BASKET rebound defensive,,,,,,,,,0,98,2.0,def_reb,0,20,0,27
05:00,05:00:00,20,27,-7,1,2,REGULAR,32,J. MINTZ,0,2pt,280,,['pointsinthepaint'],jumpshot,1,10,Judah Jah Leone,Mintz,Judah Jah Leone,Mintz,J,M,J,M,J. Mintz,MANISA BASKET,MNS,J. Mintz,10,,,17.190000534058,43.049999237061,0.0,P2,missed,MANISA BASKET J. MINTZ 2Pt missed,,,,,,,,,0,99,1.0,,0,20,0,27
04:58,04:58:00,20,27,-7,1,2,REGULAR,28,E. MOBLEY,1,rebound,281,280,[],offensive,0,15,Eric Isaiah,Mobley,Eric Isaiah,Mobley,E,M,E,M,E. Mobley,MANISA BASKET,MNS,E. Mobley,15,,,,,,REB,,MANISA BASKET rebound offensive,,,,,,,,,0,99,1.0,,0,20,0,27
04:55,04:55:00,20,27,-7,1,2,REGULAR,31,J. SCRUBB,0,3pt,283,,['2ndchance'],jumpshot,1,1,Jayden Amari,Scrubb,Jayden Amari,Scrubb,J,S,J,S,J. Scrubb,MANISA BASKET,MNS,J. Scrubb,1,,,6.7399997711182,97.290000915527,0.0,P3,missed,MANISA BASKET J. SCRUBB 3Pt missed,,,,,,,,,0,99,1.0,def_reb,0,20,0,27
04:55,04:55:00,20,27,-7,2,2,REGULAR,0,,1,rebound,284,283,['team'],defensive,0,,,,,,,,,,,MERSIN SPOR,MSK,,,,,,,,TREB,,MERSIN SPOR team rebound defensive,,,,,,,,,0,100,2.0,def_reb,0,20,0,27
04:55,04:55:00,20,27,-7,1,2,REGULAR,21,B. ÇAL,1,foul,285,,[],personal,0,11,Bugra,Çal,Bugra,Çal,B,Ç,B,Ç,B. Çal,MANISA BASKET,MNS,B. Çal,11,,,,,,FOUL,,MANISA BASKET B. ÇAL foul personal,,,,,,,,,0,101,1.0,,0,20,0,27
04:55,04:55:00,20,27,-7,2,2,REGULAR,9,J. WHITE,1,foulon,286,285,[],,0,14,Jackson Thomas,White,Jackson Thomas,White,J,W,J,W,J. White,MERSIN SPOR,MSK,J. White,14,,,,,,OTHER,,MERSIN SPOR foulon,,,,,,,,,0,101,1.0,,0,20,0,27
04:36,04:36:00,20,30,-10,2,2,REGULAR,6,F. CRUZ SALDIVAR,1,3pt,288,,[],jumpshot,1,9,Francisco Javier,Cruz Saldivar,Francisco Javier,Cruz Saldivar,F,C,F,C,F. Cruz Saldivar,MERSIN SPOR,MSK,F. Cruz Saldivar,9,,,95.199996948242,96.440002441406,1.0,P3,made,MERSIN SPOR F. CRUZ SALDIVAR 3Pt made,56.0,2.0,A. COWAN,,,,,,3,101,1.0,score,0,20,3,30
04:36,04:36:00,20,30,-10,2,2,REGULAR,56,A. COWAN,1,assist,289,288,[],,0,7,Anthony Dewayne,Cowan,Anthony Dewayne,Cowan,A,C,A,C,A. Cowan,MERSIN SPOR,MSK,A. Cowan,7,,,,,,ASS,,MERSIN SPOR A. COWAN assist,,,,,,,,,0,102,2.0,,0,20,0,30
04:14,04:14:00,22,30,-8,1,2,REGULAR,28,E. MOBLEY,1,2pt,290,,['pointsinthepaint'],turnaroundjumpshot,1,15,Eric Isaiah,Mobley,Eric Isaiah,Mobley,E,M,E,M,E. Mobley,MANISA BASKET,MNS,E. Mobley,15,,,8.9200000762939,48.979999542236,1.0,P2,made,MANISA BASKET E. MOBLEY 2Pt made,,,,,,,,,2,102,2.0,score,2,22,0,30
03:51,03:51:00,22,32,-10,2,2,REGULAR,9,J. WHITE,1,2pt,291,,['pointsinthepaint'],jumpshot,1,14,Jackson Thomas,White,Jackson Thomas,White,J,W,J,W,J. White,MERSIN SPOR,MSK,J. White,14,,,89.580001831055,52.090000152588,1.0,P2,made,MERSIN SPOR J. WHITE 2Pt made,,,,,,,,,2,103,1.0,score,0,22,2,32
03:31,03:31:00,22,32,-10,1,2,REGULAR,21,B. ÇAL,1,substitution,293,,[],out,0,11,Bugra,Çal,Bugra,Çal,B,Ç,B,Ç,B. Çal,MANISA BASKET,MNS,B. Çal,11,,,,,,SUB,out,MANISA BASKET substitution out,,,,,,,,,0,104,2.0,,0,22,0,32
03:31,03:31:00,22,32,-10,1,2,REGULAR,23,Y. ONAN,1,substitution,294,,[],in,0,7,Yigit,Onan,Yigit,Onan,Y,O,Y,O,Y. Onan,MANISA BASKET,MNS,Y. Onan,7,,,,,,SUB,in,MANISA BASKET substitution in,,,,,,,,,0,104,2.0,,0,22,0,32
03:27,03:27:00,24,32,-8,1,2,REGULAR,32,J. MINTZ,1,2pt,297,,[],stepbackjumpshot,1,10,Judah Jah Leone,Mintz,Judah Jah Leone,Mintz,J,M,J,M,J. Mintz,MANISA BASKET,MNS,J. Mintz,10,,,7.6799998283386,71.300003051758,1.0,P2,made,MANISA BASKET J. MINTZ 2Pt made,,,,,,,,,2,104,2.0,score,2,24,0,32
03:27,03:27:00,24,32,-8,2,2,REGULAR,56,A. COWAN,1,foul,298,,"['shooting', '1freethrow']",personal,0,7,Anthony Dewayne,Cowan,Anthony Dewayne,Cowan,A,C,A,C,A. Cowan,MERSIN SPOR,MSK,A. Cowan,7,,,,,,FOUL,,MERSIN SPOR A. COWAN foul personal,,,,,,,,,0,105,1.0,,0,24,0,32
03:27,03:27:00,24,32,-8,1,2,REGULAR,32,J. MINTZ,1,foulon,299,298,[],,0,10,Judah Jah Leone,Mintz,Judah Jah Leone,Mintz,J,M,J,M,J. Mintz,MANISA BASKET,MNS,J. Mintz,10,,,,,,OTHER,,MANISA BASKET foulon,,,,,,,,,0,105,1.0,,0,24,0,32
03:27,03:27:00,24,32,-8,1,2,REGULAR,32,J. MINTZ,0,freethrow,300,,[],1of1,1,10,Judah Jah Leone,Mintz,Judah Jah Leone,Mintz,J,M,J,M,J. Mintz,MANISA BASKET,MNS,J. Mintz,10,,,,,,FT,missed,MANISA BASKET J. MINTZ FT 1of1 missed,,,,,,,,,0,105,1.0,def_reb,0,24,0,32
03:27,03:27:00,24,32,-8,2,2,REGULAR,4,E. TIRPANCI,1,rebound,302,300,[],defensive,0,10,Efe Ergi,Tirpanci,Efe Ergi,Tirpanci,E,T,E,T,E. Tirpanci,MERSIN SPOR,MSK,E. Tirpanci,10,,,,,,REB,,MERSIN SPOR rebound defensive,,,,,,,,,0,106,2.0,def_reb,0,24,0,32
03:17,03:17:00,24,32,-8,2,2,REGULAR,6,F. CRUZ SALDIVAR,1,foul,304,,[],offensive,0,9,Francisco Javier,Cruz Saldivar,Francisco Javier,Cruz Saldivar,F,C,F,C,F. Cruz Saldivar,MERSIN SPOR,MSK,F. Cruz Saldivar,9,,,,,,RFOUL,,MERSIN SPOR F. CRUZ SALDIVAR foul offensive,,,,,,,,,0,107,1.0,offensive_foul,0,24,0,32
03:17,03:17:00,24,32,-8,2,2,REGULAR,6,F. CRUZ SALDIVAR,1,turnover,305,304,[],offensive,0,9,Francisco Javier,Cruz Saldivar,Francisco Javier,Cruz Saldivar,F,C,F,C,F. Cruz Saldivar,MERSIN SPOR,MSK,F. Cruz Saldivar,9,,,,,,TO,,MERSIN SPOR F. CRUZ SALDIVAR turnover offensive,,,,,,,,,0,108,2.0,turnover,0,24,0,32
03:17,03:17:00,24,32,-8,1,2,REGULAR,23,Y. ONAN,1,foulon,306,304,[],,0,7,Yigit,Onan,Yigit,Onan,Y,O,Y,O,Y. Onan,MANISA BASKET,MNS,Y. Onan,7,,,,,,OTHER,,MANISA BASKET foulon,,,,,,,,,0,109,1.0,,0,24,0,32
03:17,03:17:00,24,32,-8,1,2,REGULAR,33,K. ZEMAITIS,1,substitution,307,,[],out,0,13,Kristupas,Zemaitis,Kristupas,Zemaitis,K,Z,K,Z,K. Zemaitis,MANISA BASKET,MNS,K. Zemaitis,13,,,,,,SUB,out,MANISA BASKET substitution out,,,,,,,,,0,109,1.0,,0,24,0,32
03:17,03:17:00,24,32,-8,1,2,REGULAR,30,D. SMITH,1,substitution,308,,[],in,0,2,Dayshon Hassan,Smith,Dayshon Hassan,Smith,D,S,D,S,D. Smith,MANISA BASKET,MNS,D. Smith,2,,,,,,SUB,in,MANISA BASKET substitution in,,,,,,,,,0,109,1.0,,0,24,0,32
02:54,02:54:00,24,32,-8,1,2,REGULAR,28,E. MOBLEY,0,2pt,310,,"['fromturnover', 'pointsinthepaint']",layup,1,15,Eric Isaiah,Mobley,Eric Isaiah,Mobley,E,M,E,M,E. Mobley,MANISA BASKET,MNS,E. Mobley,15,,,9.5500001907349,49.549999237061,0.0,P2,missed,MANISA BASKET E. MOBLEY 2Pt missed,,,,,,,,,0,109,1.0,def_reb,0,24,0,32
02:51,02:51:00,24,32,-8,2,2,REGULAR,55,A. OLASENI,1,rebound,311,310,[],defensive,0,0,Abodunrin Gabriel,Olaseni,Abodunrin Gabriel,Olaseni,A,O,A,O,A. Olaseni,MERSIN SPOR,MSK,A. Olaseni,0,,,,,,REB,,MERSIN SPOR rebound defensive,,,,,,,,,0,110,2.0,def_reb,0,24,0,32
02:36,02:36:00,24,35,-11,2,2,REGULAR,4,E. TIRPANCI,1,3pt,312,,[],jumpshot,1,10,Efe Ergi,Tirpanci,Efe Ergi,Tirpanci,E,T,E,T,E. Tirpanci,MERSIN SPOR,MSK,E. Tirpanci,10,,,95.980003356934,5.1999998092651,1.0,P3,made,MERSIN SPOR E. TIRPANCI 3Pt made,55.0,2.0,A. OLASENI,,,,,,3,111,1.0,score,0,24,3,35
02:36,02:36:00,24,35,-11,2,2,REGULAR,55,A. OLASENI,1,assist,313,312,[],,0,0,Abodunrin Gabriel,Olaseni,Abodunrin Gabriel,Olaseni,A,O,A,O,A. Olaseni,MERSIN SPOR,MSK,A. Olaseni,0,,,,,,ASS,,MERSIN SPOR A. OLASENI assist,,,,,,,,,0,112,2.0,,0,24,0,35
02:28,02:28:00,24,35,-11,1,2,REGULAR,31,J. SCRUBB,1,foul,315,,[],offensive,0,1,Jayden Amari,Scrubb,Jayden Amari,Scrubb,J,S,J,S,J. Scrubb,MANISA BASKET,MNS,J. Scrubb,1,,,,,,RFOUL,,MANISA BASKET J. SCRUBB foul offensive,,,,,,,,,0,112,2.0,offensive_foul,0,24,0,35
02:28,02:28:00,24,35,-11,1,2,REGULAR,31,J. SCRUBB,1,turnover,316,315,[],offensive,0,1,Jayden Amari,Scrubb,Jayden Amari,Scrubb,J,S,J,S,J. Scrubb,MANISA BASKET,MNS,J. Scrubb,1,,,,,,TO,,MANISA BASKET J. SCRUBB turnover offensive,,,,,,,,,0,113,1.0,turnover,0,24,0,35
02:28,02:28:00,24,35,-11,2,2,REGULAR,56,A. COWAN,1,foulon,317,315,[],,0,7,Anthony Dewayne,Cowan,Anthony Dewayne,Cowan,A,C,A,C,A. Cowan,MERSIN SPOR,MSK,A. Cowan,7,,,,,,OTHER,,MERSIN SPOR foulon,,,,,,,,,0,114,2.0,,0,24,0,35
02:28,02:28:00,24,35,-11,1,2,REGULAR,31,J. SCRUBB,1,substitution,318,,[],out,0,1,Jayden Amari,Scrubb,Jayden Amari,Scrubb,J,S,J,S,J. Scrubb,MANISA BASKET,MNS,J. Scrubb,1,,,,,,SUB,out,MANISA BASKET substitution out,,,,,,,,,0,114,2.0,,0,24,0,35
02:28,02:28:00,24,35,-11,1,2,REGULAR,21,B. ÇAL,1,substitution,319,,[],in,0,11,Bugra,Çal,Bugra,Çal,B,Ç,B,Ç,B. Çal,MANISA BASKET,MNS,B. Çal,11,,,,,,SUB,in,MANISA BASKET substitution in,,,,,,,,,0,114,2.0,,0,24,0,35
02:05,02:05:00,24,37,-13,2,2,REGULAR,6,F. CRUZ SALDIVAR,1,2pt,321,,"['fromturnover', 'pointsinthepaint']",floatingjumpshot,1,9,Francisco Javier,Cruz Saldivar,Francisco Javier,Cruz Saldivar,F,C,F,C,F. Cruz Saldivar,MERSIN SPOR,MSK,F. Cruz Saldivar,9,,,92.230003356934,63.389999389648,1.0,P2,made,MERSIN SPOR F. CRUZ SALDIVAR 2Pt made,,,,,,,,,2,114,2.0,score,0,24,2,37
01:57,01:57:00,24,37,-13,1,2,REGULAR,32,J. MINTZ,0,2pt,322,,['pointsinthepaint'],jumpshot,1,10,Judah Jah Leone,Mintz,Judah Jah Leone,Mintz,J,M,J,M,J. Mintz,MANISA BASKET,MNS,J. Mintz,10,,,12.359999656677,54.069999694824,0.0,P2,missed,MANISA BASKET J. MINTZ 2Pt missed,,,,,,,,,0,115,1.0,,0,24,0,37
01:52,01:52:00,24,37,-13,1,2,REGULAR,23,Y. ONAN,1,rebound,323,322,[],offensive,0,7,Yigit,Onan,Yigit,Onan,Y,O,Y,O,Y. Onan,MANISA BASKET,MNS,Y. Onan,7,,,,,,REB,,MANISA BASKET rebound offensive,,,,,,,,,0,115,1.0,,0,24,0,37
01:52,01:52:00,24,37,-13,1,2,REGULAR,23,Y. ONAN,0,2pt,324,,"['2ndchance', 'pointsinthepaint']",tipinlayup,1,7,Yigit,Onan,Yigit,Onan,Y,O,Y,O,Y. Onan,MANISA BASKET,MNS,Y. Onan,7,,,6.0,50.0,0.0,P2,missed,MANISA BASKET Y. ONAN 2Pt missed,,,,,,,,,0,115,1.0,def_reb,0,24,0,37
01:52,01:52:00,24,37,-13,2,2,REGULAR,56,A. COWAN,1,rebound,325,324,[],defensive,0,7,Anthony Dewayne,Cowan,Anthony Dewayne,Cowan,A,C,A,C,A. Cowan,MERSIN SPOR,MSK,A. Cowan,7,,,,,,REB,,MERSIN SPOR rebound defensive,,,,,,,,,0,116,2.0,def_reb,0,24,0,37
01:50,01:50:00,24,37,-13,2,2,REGULAR,6,F. CRUZ SALDIVAR,0,3pt,326,,[],jumpshot,1,9,Francisco Javier,Cruz Saldivar,Francisco Javier,Cruz Saldivar,F,C,F,C,F. Cruz Saldivar,MERSIN SPOR,MSK,F. Cruz Saldivar,9,,,67.580001831055,34.580001831055,0.0,P3,missed,MERSIN SPOR F. CRUZ SALDIVAR 3Pt missed,,,,,,,,,0,117,1.0,,0,24,0,37
01:48,01:48:00,24,37,-13,2,2,REGULAR,6,F. CRUZ SALDIVAR,1,rebound,327,326,[],offensive,0,9,Francisco Javier,Cruz Saldivar,Francisco Javier,Cruz Saldivar,F,C,F,C,F. Cruz Saldivar,MERSIN SPOR,MSK,F. Cruz Saldivar,9,,,,,,REB,,MERSIN SPOR rebound offensive,,,,,,,,,0,117,1.0,,0,24,0,37
01:44,01:44:00,24,39,-15,2,2,REGULAR,55,A. OLASENI,1,2pt,328,,['2ndchance'],jumpshot,1,0,Abodunrin Gabriel,Olaseni,Abodunrin Gabriel,Olaseni,A,O,A,O,A. Olaseni,MERSIN SPOR,MSK,A. Olaseni,0,,,93.169998168945,22.709999084473,1.0,P2,made,MERSIN SPOR A. OLASENI 2Pt made,6.0,2.0,F. CRUZ SALDIVAR,,,,,,2,117,1.0,score,0,24,2,39
01:44,01:44:00,24,39,-15,2,2,REGULAR,6,F. CRUZ SALDIVAR,1,assist,329,328,[],,0,9,Francisco Javier,Cruz Saldivar,Francisco Javier,Cruz Saldivar,F,C,F,C,F. Cruz Saldivar,MERSIN SPOR,MSK,F. Cruz Saldivar,9,,,,,,ASS,,MERSIN SPOR F. CRUZ SALDIVAR assist,,,,,,,,,0,118,2.0,,0,24,0,39
01:30,01:30:00,26,39,-13,1,2,REGULAR,30,D. SMITH,1,2pt,330,,['pointsinthepaint'],drivinglayup,1,2,Dayshon Hassan,Smith,Dayshon Hassan,Smith,D,S,D,S,D. Smith,MANISA BASKET,MNS,D. Smith,2,,,8.1400003433228,52.090000152588,1.0,P2,made,MANISA BASKET D. SMITH 2Pt made,,,,,,,,,2,118,2.0,score,2,26,0,39
01:29,01:29:00,26,39,-13,2,2,REGULAR,0,,1,timeout,332,,[],full,0,,,,,,,,,,,MERSIN SPOR,MSK,,,,,,,,TIMEOUT,,MERSIN SPOR timeout,,,,,,,,,0,119,1.0,,0,26,0,39
01:29,01:29:00,26,39,-13,2,2,REGULAR,55,A. OLASENI,1,substitution,333,,[],out,0,0,Abodunrin Gabriel,Olaseni,Abodunrin Gabriel,Olaseni,A,O,A,O,A. Olaseni,MERSIN SPOR,MSK,A. Olaseni,0,,,,,,SUB,out,MERSIN SPOR substitution out,,,,,,,,,0,119,1.0,,0,26,0,39
01:29,01:29:00,26,39,-13,2,2,REGULAR,6,F. CRUZ SALDIVAR,1,substitution,334,,[],out,0,9,Francisco Javier,Cruz Saldivar,Francisco Javier,Cruz Saldivar,F,C,F,C,F. Cruz Saldivar,MERSIN SPOR,MSK,F. Cruz Saldivar,9,,,,,,SUB,out,MERSIN SPOR substitution out,,,,,,,,,0,119,1.0,,0,26,0,39
01:29,01:29:00,26,39,-13,2,2,REGULAR,5,J. COBBS,1,substitution,335,,[],in,0,1,Justin,Cobbs,Justin,Cobbs,J,C,J,C,J. Cobbs,MERSIN SPOR,MSK,J. Cobbs,1,,,,,,SUB,in,MERSIN SPOR substitution in,,,,,,,,,0,119,1.0,,0,26,0,39
01:29,01:29:00,26,39,-13,2,2,REGULAR,7,B. BENTIL,1,substitution,336,,[],in,0,50,Benjamin,Bentil,Benjamin,Bentil,B,B,B,B,B. Bentil,MERSIN SPOR,MSK,B. Bentil,50,,,,,,SUB,in,MERSIN SPOR substitution in,,,,,,,,,0,119,1.0,,0,26,0,39
01:10,01:10:00,26,39,-13,2,2,REGULAR,5,J. COBBS,0,3pt,338,,[],jumpshot,1,1,Justin,Cobbs,Justin,Cobbs,J,C,J,C,J. Cobbs,MERSIN SPOR,MSK,J. Cobbs,1,,,78.809997558594,90.230003356934,0.0,P3,missed,MERSIN SPOR J. COBBS 3Pt missed,,,,,,,,,0,119,1.0,def_reb,0,26,0,39
01:07,01:07:00,26,39,-13,1,2,REGULAR,30,D. SMITH,1,rebound,339,338,[],defensive,0,2,Dayshon Hassan,Smith,Dayshon Hassan,Smith,D,S,D,S,D. Smith,MANISA BASKET,MNS,D. Smith,2,,,,,,REB,,MANISA BASKET rebound defensive,,,,,,,,,0,120,2.0,def_reb,0,26,0,39
00:54,00:54:50,26,39,-13,2,2,REGULAR,56,A. COWAN,1,foul,343,,['2freethrow'],personal,0,7,Anthony Dewayne,Cowan,Anthony Dewayne,Cowan,A,C,A,C,A. Cowan,MERSIN SPOR,MSK,A. Cowan,7,,,,,,FOUL,,MERSIN SPOR A. COWAN foul personal,,,,,,,,,0,121,1.0,,0,26,0,39
00:54,00:54:50,26,39,-13,1,2,REGULAR,32,J. MINTZ,1,foulon,344,343,[],,0,10,Judah Jah Leone,Mintz,Judah Jah Leone,Mintz,J,M,J,M,J. Mintz,MANISA BASKET,MNS,J. Mintz,10,,,,,,OTHER,,MANISA BASKET foulon,,,,,,,,,0,121,1.0,,0,26,0,39
00:54,00:54:50,26,39,-13,1,2,REGULAR,28,E. MOBLEY,1,substitution,345,,[],out,0,15,Eric Isaiah,Mobley,Eric Isaiah,Mobley,E,M,E,M,E. Mobley,MANISA BASKET,MNS,E. Mobley,15,,,,,,SUB,out,MANISA BASKET substitution out,,,,,,,,,0,121,1.0,,0,26,0,39
00:54,00:54:50,26,39,-13,1,2,REGULAR,27,J. JOHNSON,1,substitution,346,,[],in,0,34,Jayce Ryback,Johnson,Jayce Ryback,Johnson,J,J,J,J,J. Johnson,MANISA BASKET,MNS,J. Johnson,34,,,,,,SUB,in,MANISA BASKET substitution in,,,,,,,,,0,121,1.0,,0,26,0,39
00:54,00:54:50,27,39,-12,1,2,REGULAR,32,J. MINTZ,1,freethrow,347,,[],1of2,1,10,Judah Jah Leone,Mintz,Judah Jah Leone,Mintz,J,M,J,M,J. Mintz,MANISA BASKET,MNS,J. Mintz,10,,,,,,FT,made,MANISA BASKET J. MINTZ FT 1of2 made,,,,,,,,,1,121,1.0,made_ft,1,27,0,39
00:54,00:54:50,27,39,-12,1,2,REGULAR,32,J. MINTZ,0,freethrow,348,,[],2of2,1,10,Judah Jah Leone,Mintz,Judah Jah Leone,Mintz,J,M,J,M,J. Mintz,MANISA BASKET,MNS,J. Mintz,10,,,,,,FT,missed,MANISA BASKET J. MINTZ FT 2of2 missed,,,,,,,,,0,122,2.0,def_reb,0,27,0,39
00:54,00:54:50,27,39,-12,2,2,REGULAR,9,J. WHITE,1,rebound,350,348,[],defensive,0,14,Jackson Thomas,White,Jackson Thomas,White,J,W,J,W,J. White,MERSIN SPOR,MSK,J. White,14,,,,,,REB,,MERSIN SPOR rebound defensive,,,,,,,,,0,123,1.0,def_reb,0,27,0,39
00:35,00:35:60,27,41,-14,2,2,REGULAR,9,J. WHITE,1,2pt,351,,['pointsinthepaint'],jumpshot,1,14,Jackson Thomas,White,Jackson Thomas,White,J,W,J,W,J. White,MERSIN SPOR,MSK,J. White,14,,,92.540000915527,56.889999389648,1.0,P2,made,MERSIN SPOR J. WHITE 2Pt made,56.0,2.0,A. COWAN,,,,,,2,124,2.0,score,0,27,2,41
00:35,00:35:60,27,41,-14,2,2,REGULAR,56,A. COWAN,1,assist,352,351,[],,0,7,Anthony Dewayne,Cowan,Anthony Dewayne,Cowan,A,C,A,C,A. Cowan,MERSIN SPOR,MSK,A. Cowan,7,,,,,,ASS,,MERSIN SPOR A. COWAN assist,,,,,,,,,0,125,1.0,,0,27,0,41
00:10,00:10:70,27,41,-14,2,2,REGULAR,9,J. WHITE,1,foul,355,,['2freethrow'],personal,0,14,Jackson Thomas,White,Jackson Thomas,White,J,W,J,W,J. White,MERSIN SPOR,MSK,J. White,14,,,,,,FOUL,,MERSIN SPOR J. WHITE foul personal,,,,,,,,,0,125,1.0,,0,27,0,41
00:10,00:10:70,27,41,-14,1,2,REGULAR,30,D. SMITH,1,foulon,356,355,[],,0,2,Dayshon Hassan,Smith,Dayshon Hassan,Smith,D,S,D,S,D. Smith,MANISA BASKET,MNS,D. Smith,2,,,,,,OTHER,,MANISA BASKET foulon,,,,,,,,,0,125,1.0,,0,27,0,41
00:10,00:10:70,27,41,-14,1,2,REGULAR,32,J. MINTZ,1,substitution,357,,[],out,0,10,Judah Jah Leone,Mintz,Judah Jah Leone,Mintz,J,M,J,M,J. Mintz,MANISA BASKET,MNS,J. Mintz,10,,,,,,SUB,out,MANISA BASKET substitution out,,,,,,,,,0,125,1.0,,0,27,0,41
00:10,00:10:70,27,41,-14,1,2,REGULAR,27,J. JOHNSON,1,substitution,358,,[],out,0,34,Jayce Ryback,Johnson,Jayce Ryback,Johnson,J,J,J,J,J. Johnson,MANISA BASKET,MNS,J. Johnson,34,,,,,,SUB,out,MANISA BASKET substitution out,,,,,,,,,0,125,1.0,,0,27,0,41
00:10,00:10:70,27,41,-14,1,2,REGULAR,33,K. ZEMAITIS,1,substitution,359,,[],in,0,13,Kristupas,Zemaitis,Kristupas,Zemaitis,K,Z,K,Z,K. Zemaitis,MANISA BASKET,MNS,K. Zemaitis,13,,,,,,SUB,in,MANISA BASKET substitution in,,,,,,,,,0,125,1.0,,0,27,0,41
00:10,00:10:70,27,41,-14,1,2,REGULAR,29,J. CARDOSO PEREIRA,1,substitution,360,,[],in,0,45,Joao Marcello,Cardoso Pereira,Joao Marcello,Cardoso Pereira,J,C,J,C,J. Cardoso Pereira,MANISA BASKET,MNS,J. Cardoso Pereira,45,,,,,,SUB,in,MANISA BASKET substitution in,,,,,,,,,0,125,1.0,,0,27,0,41
00:10,00:10:70,27,41,-14,2,2,REGULAR,4,E. TIRPANCI,1,substitution,361,,[],out,0,10,Efe Ergi,Tirpanci,Efe Ergi,Tirpanci,E,T,E,T,E. Tirpanci,MERSIN SPOR,MSK,E. Tirpanci,10,,,,,,SUB,out,MERSIN SPOR substitution out,,,,,,,,,0,125,1.0,,0,27,0,41
00:10,00:10:70,27,41,-14,2,2,REGULAR,7,B. BENTIL,1,substitution,362,,[],out,0,50,Benjamin,Bentil,Benjamin,Bentil,B,B,B,B,B. Bentil,MERSIN SPOR,MSK,B. Bentil,50,,,,,,SUB,out,MERSIN SPOR substitution out,,,,,,,,,0,125,1.0,,0,27,0,41
00:10,00:10:70,27,41,-14,2,2,REGULAR,3,K. ÖZMIZRAK,1,substitution,363,,[],in,0,3,Kartal,Özmizrak,Kartal,Özmizrak,K,Ö,K,Ö,K. Özmizrak,MERSIN SPOR,MSK,K. Özmizrak,3,,,,,,SUB,in,MERSIN SPOR substitution in,,,,,,,,,0,125,1.0,,0,27,0,41
00:10,00:10:70,27,41,-14,2,2,REGULAR,6,F. CRUZ SALDIVAR,1,substitution,364,,[],in,0,9,Francisco Javier,Cruz Saldivar,Francisco Javier,Cruz Saldivar,F,C,F,C,F. Cruz Saldivar,MERSIN SPOR,MSK,F. Cruz Saldivar,9,,,,,,SUB,in,MERSIN SPOR substitution in,,,,,,,,,0,125,1.0,,0,27,0,41
00:10,00:10:70,28,41,-13,1,2,REGULAR,30,D. SMITH,1,freethrow,365,,[],1of2,1,2,Dayshon Hassan,Smith,Dayshon Hassan,Smith,D,S,D,S,D. Smith,MANISA BASKET,MNS,D. Smith,2,,,,,,FT,made,MANISA BASKET D. SMITH FT 1of2 made,,,,,,,,,1,125,1.0,made_ft,1,28,0,41
00:10,00:10:70,29,41,-12,1,2,REGULAR,30,D. SMITH,1,freethrow,366,,[],2of2,1,2,Dayshon Hassan,Smith,Dayshon Hassan,Smith,D,S,D,S,D. Smith,MANISA BASKET,MNS,D. Smith,2,,,,,,FT,made,MANISA BASKET D. SMITH FT 2of2 made,,,,,,,,,1,126,2.0,made_ft_last,1,29,0,41
00:04,00:04:00,29,41,-12,2,2,REGULAR,5,J. COBBS,0,2pt,369,,"['pointsinthepaint', 'blocked']",jumpshot,1,1,Justin,Cobbs,Justin,Cobbs,J,C,J,C,J. Cobbs,MERSIN SPOR,MSK,J. Cobbs,1,,,93.319999694824,41.639999389648,0.0,P2,missed,MERSIN SPOR J. COBBS 2Pt missed,,,,21.0,1.0,B. ÇAL,,,0,127,1.0,,0,29,0,41
00:04,00:04:00,29,41,-12,1,2,REGULAR,21,B. ÇAL,1,block,370,369,[],,0,11,Bugra,Çal,Bugra,Çal,B,Ç,B,Ç,B. Çal,MANISA BASKET,MNS,B. Çal,11,,,,,,BS,,MANISA BASKET B. ÇAL block,,,,,,,,,0,127,1.0,,0,29,0,41
00:04,00:04:00,29,41,-12,1,2,REGULAR,23,Y. ONAN,1,rebound,371,369,[],defensive,0,7,Yigit,Onan,Yigit,Onan,Y,O,Y,O,Y. Onan,MANISA BASKET,MNS,Y. Onan,7,,,,,,REB,,MANISA BASKET rebound defensive,,,,,,,,,0,127,1.0,def_reb,0,29,0,41
00:01,00:01:70,29,41,-12,1,2,REGULAR,23,Y. ONAN,0,3pt,374,,[],jumpshot,1,7,Yigit,Onan,Yigit,Onan,Y,O,Y,O,Y. Onan,MANISA BASKET,MNS,Y. Onan,7,,,41.529998779297,78.080001831055,0.0,P3,missed,MANISA BASKET Y. ONAN 3Pt missed,,,,,,,,,0,128,2.0,,0,29,0,41
00:00,00:00:00,29,41,-12,0,2,REGULAR,0,,1,period,377,,['confirmed'],end,0,,,,,,,,,,,,,,,,,,,,OTHER,,period end,,,,,,,,,0,128,2.0,,0,29,0,41
10:00,10:00:00,29,41,-12,1,3,REGULAR,21,B. ÇAL,1,substitution,378,,[],out,0,11,Bugra,Çal,Bugra,Çal,B,Ç,B,Ç,B. Çal,MANISA BASKET,MNS,B. Çal,11,,,,,,SUB,out,MANISA BASKET substitution out,,,,,,,,,0,128,2.0,,0,29,0,41
10:00,10:00:00,29,41,-12,1,3,REGULAR,33,K. ZEMAITIS,1,substitution,379,,[],out,0,13,Kristupas,Zemaitis,Kristupas,Zemaitis,K,Z,K,Z,K. Zemaitis,MANISA BASKET,MNS,K. Zemaitis,13,,,,,,SUB,out,MANISA BASKET substitution out,,,,,,,,,0,128,2.0,,0,29,0,41
10:00,10:00:00,29,41,-12,1,3,REGULAR,32,J. MINTZ,1,substitution,380,,[],in,0,10,Judah Jah Leone,Mintz,Judah Jah Leone,Mintz,J,M,J,M,J. Mintz,MANISA BASKET,MNS,J. Mintz,10,,,,,,SUB,in,MANISA BASKET substitution in,,,,,,,,,0,128,2.0,,0,29,0,41
10:00,10:00:00,29,41,-12,1,3,REGULAR,28,E. MOBLEY,1,substitution,381,,[],in,0,15,Eric Isaiah,Mobley,Eric Isaiah,Mobley,E,M,E,M,E. Mobley,MANISA BASKET,MNS,E. Mobley,15,,,,,,SUB,in,MANISA BASKET substitution in,,,,,,,,,0,128,2.0,,0,29,0,41
10:00,10:00:00,29,41,-12,2,3,REGULAR,5,J. COBBS,1,substitution,382,,[],out,0,1,Justin,Cobbs,Justin,Cobbs,J,C,J,C,J. Cobbs,MERSIN SPOR,MSK,J. Cobbs,1,,,,,,SUB,out,MERSIN SPOR substitution out,,,,,,,,,0,128,2.0,,0,29,0,41
10:00,10:00:00,29,41,-12,2,3,REGULAR,3,K. ÖZMIZRAK,1,substitution,383,,[],out,0,3,Kartal,Özmizrak,Kartal,Özmizrak,K,Ö,K,Ö,K. Özmizrak,MERSIN SPOR,MSK,K. Özmizrak,3,,,,,,SUB,out,MERSIN SPOR substitution out,,,,,,,,,0,128,2.0,,0,29,0,41
10:00,10:00:00,29,41,-12,2,3,REGULAR,55,A. OLASENI,1,substitution,384,,[],in,0,0,Abodunrin Gabriel,Olaseni,Abodunrin Gabriel,Olaseni,A,O,A,O,A. Olaseni,MERSIN SPOR,MSK,A. Olaseni,0,,,,,,SUB,in,MERSIN SPOR substitution in,,,,,,,,,0,128,2.0,,0,29,0,41
10:00,10:00:00,29,41,-12,2,3,REGULAR,4,E. TIRPANCI,1,substitution,385,,[],in,0,10,Efe Ergi,Tirpanci,Efe Ergi,Tirpanci,E,T,E,T,E. Tirpanci,MERSIN SPOR,MSK,E. Tirpanci,10,,,,,,SUB,in,MERSIN SPOR substitution in,,,,,,,,,0,128,2.0,,0,29,0,41
10:00,10:00:00,29,41,-12,0,3,REGULAR,0,,1,period,386,,[],start,0,,,,,,,,,,,,,,,,,,,,OTHER,,period start,,,,,,,,,0,128,2.0,,0,29,0,41
09:47,09:47:00,29,41,-12,1,3,REGULAR,32,J. MINTZ,0,2pt,388,,['pointsinthepaint'],jumpshot,1,10,Judah Jah Leone,Mintz,Judah Jah Leone,Mintz,J,M,J,M,J. Mintz,MANISA BASKET,MNS,J. Mintz,10,,,93.629997253418,49.270000457764,0.0,P2,missed,MANISA BASKET J. MINTZ 2Pt missed,,,,,,,,,0,128,2.0,,0,29,0,41
09:44,09:44:00,29,41,-12,1,3,REGULAR,29,J. CARDOSO PEREIRA,1,rebound,389,388,[],offensive,0,45,Joao Marcello,Cardoso Pereira,Joao Marcello,Cardoso Pereira,J,C,J,C,J. Cardoso Pereira,MANISA BASKET,MNS,J. Cardoso Pereira,45,,,,,,REB,,MANISA BASKET rebound offensive,,,,,,,,,0,128,2.0,,0,29,0,41
09:44,09:44:00,31,41,-10,1,3,REGULAR,29,J. CARDOSO PEREIRA,1,2pt,390,,"['2ndchance', 'pointsinthepaint']",tipinlayup,1,45,Joao Marcello,Cardoso Pereira,Joao Marcello,Cardoso Pereira,J,C,J,C,J. Cardoso Pereira,MANISA BASKET,MNS,J. Cardoso Pereira,45,,,94.0,50.0,1.0,P2,made,MANISA BASKET J. CARDOSO PEREIRA 2Pt made,,,,,,,,,2,128,2.0,score,2,31,0,41
09:24,09:24:00,31,41,-10,2,3,REGULAR,6,F. CRUZ SALDIVAR,1,turnover,391,,[],ballhandling,0,9,Francisco Javier,Cruz Saldivar,Francisco Javier,Cruz Saldivar,F,C,F,C,F. Cruz Saldivar,MERSIN SPOR,MSK,F. Cruz Saldivar,9,,,,,,TO,,MERSIN SPOR F. CRUZ SALDIVAR turnover ballhandling,,,,,,,,,0,129,1.0,turnover,0,31,0,41
09:24,09:24:00,31,41,-10,1,3,REGULAR,23,Y. ONAN,1,steal,392,391,[],,0,7,Yigit,Onan,Yigit,Onan,Y,O,Y,O,Y. Onan,MANISA BASKET,MNS,Y. Onan,7,,,,,,ST,,MANISA BASKET Y. ONAN steal,,,,,,,,,0,130,2.0,,0,31,0,41
09:19,09:19:00,33,41,-8,1,3,REGULAR,29,J. CARDOSO PEREIRA,1,2pt,393,,"['fromturnover', 'pointsinthepaint', 'fastbreak']",alleyoopdunk,1,45,Joao Marcello,Cardoso Pereira,Joao Marcello,Cardoso Pereira,J,C,J,C,J. Cardoso Pereira,MANISA BASKET,MNS,J. Cardoso Pereira,45,,,92.849998474121,56.610000610352,1.0,P2,made,MANISA BASKET J. CARDOSO PEREIRA 2Pt made,32.0,1.0,J. MINTZ,,,,,,2,130,2.0,score,2,33,0,41
09:19,09:19:00,33,41,-8,1,3,REGULAR,32,J. MINTZ,1,assist,394,393,[],,0,10,Judah Jah Leone,Mintz,Judah Jah Leone,Mintz,J,M,J,M,J. Mintz,MANISA BASKET,MNS,J. Mintz,10,,,,,,ASS,,MANISA BASKET J. MINTZ assist,,,,,,,,,0,131,1.0,,0,33,0,41
08:54,08:54:00,33,43,-10,2,3,REGULAR,55,A. OLASENI,1,2pt,395,,['pointsinthepaint'],jumpshot,1,0,Abodunrin Gabriel,Olaseni,Abodunrin Gabriel,Olaseni,A,O,A,O,A. Olaseni,MERSIN SPOR,MSK,A. Olaseni,0,,,7.0500001907349,49.830001831055,1.0,P2,made,MERSIN SPOR A. OLASENI 2Pt made,,,,,,,,,2,131,1.0,score,0,33,2,43
08:48,08:48:00,36,43,-7,1,3,REGULAR,23,Y. ONAN,1,3pt,396,,[],jumpshot,1,7,Yigit,Onan,Yigit,Onan,Y,O,Y,O,Y. Onan,MANISA BASKET,MNS,Y. Onan,7,,,83.339996337891,94.75,1.0,P3,made,MANISA BASKET Y. ONAN 3Pt made,29.0,1.0,J. CARDOSO PEREIRA,,,,,,3,132,2.0,score,3,36,0,43
08:48,08:48:00,36,43,-7,1,3,REGULAR,29,J. CARDOSO PEREIRA,1,assist,397,396,[],,0,45,Joao Marcello,Cardoso Pereira,Joao Marcello,Cardoso Pereira,J,C,J,C,J. Cardoso Pereira,MANISA BASKET,MNS,J. Cardoso Pereira,45,,,,,,ASS,,MANISA BASKET J. CARDOSO PEREIRA assist,,,,,,,,,0,133,1.0,,0,36,0,43
08:22,08:22:00,36,43,-7,2,3,REGULAR,55,A. OLASENI,0,2pt,398,,['pointsinthepaint'],jumpshot,1,0,Abodunrin Gabriel,Olaseni,Abodunrin Gabriel,Olaseni,A,O,A,O,A. Olaseni,MERSIN SPOR,MSK,A. Olaseni,0,,,14.229999542236,56.610000610352,0.0,P2,missed,MERSIN SPOR A. OLASENI 2Pt missed,,,,,,,,,0,133,1.0,def_reb,0,36,0,43
08:20,08:20:00,36,43,-7,1,3,REGULAR,28,E. MOBLEY,1,rebound,399,398,[],defensive,0,15,Eric Isaiah,Mobley,Eric Isaiah,Mobley,E,M,E,M,E. Mobley,MANISA BASKET,MNS,E. Mobley,15,,,,,,REB,,MANISA BASKET rebound defensive,,,,,,,,,0,134,2.0,def_reb,0,36,0,43
08:16,08:16:00,36,43,-7,2,3,REGULAR,4,E. TIRPANCI,1,foul,401,,"['shooting', '2freethrow']",personal,0,10,Efe Ergi,Tirpanci,Efe Ergi,Tirpanci,E,T,E,T,E. Tirpanci,MERSIN SPOR,MSK,E. Tirpanci,10,,,,,,FOUL,,MERSIN SPOR E. TIRPANCI foul personal,,,,,,,,,0,135,1.0,,0,36,0,43
08:16,08:16:00,36,43,-7,1,3,REGULAR,30,D. SMITH,1,foulon,402,401,[],,0,2,Dayshon Hassan,Smith,Dayshon Hassan,Smith,D,S,D,S,D. Smith,MANISA BASKET,MNS,D. Smith,2,,,,,,OTHER,,MANISA BASKET foulon,,,,,,,,,0,135,1.0,,0,36,0,43
08:16,08:16:00,37,43,-6,1,3,REGULAR,30,D. SMITH,1,freethrow,403,,[],1of2,1,2,Dayshon Hassan,Smith,Dayshon Hassan,Smith,D,S,D,S,D. Smith,MANISA BASKET,MNS,D. Smith,2,,,,,,FT,made,MANISA BASKET D. SMITH FT 1of2 made,,,,,,,,,1,135,1.0,made_ft,1,37,0,43
08:16,08:16:00,38,43,-5,1,3,REGULAR,30,D. SMITH,1,freethrow,404,,[],2of2,1,2,Dayshon Hassan,Smith,Dayshon Hassan,Smith,D,S,D,S,D. Smith,MANISA BASKET,MNS,D. Smith,2,,,,,,FT,made,MANISA BASKET D. SMITH FT 2of2 made,,,,,,,,,1,136,2.0,made_ft_last,1,38,0,43
08:01,08:01:00,38,45,-7,2,3,REGULAR,9,J. WHITE,1,2pt,406,,['pointsinthepaint'],layup,1,14,Jackson Thomas,White,Jackson Thomas,White,J,W,J,W,J. White,MERSIN SPOR,MSK,J. White,14,,,6.5799999237061,44.75,1.0,P2,made,MERSIN SPOR J. WHITE 2Pt made,56.0,2.0,A. COWAN,,,,,,2,137,1.0,score,0,38,2,45
08:01,08:01:00,38,45,-7,2,3,REGULAR,56,A. COWAN,1,assist,407,406,[],,0,7,Anthony Dewayne,Cowan,Anthony Dewayne,Cowan,A,C,A,C,A. Cowan,MERSIN SPOR,MSK,A. Cowan,7,,,,,,ASS,,MERSIN SPOR A. COWAN assist,,,,,,,,,0,138,2.0,,0,38,0,45
07:45,07:45:00,38,45,-7,1,3,REGULAR,32,J. MINTZ,0,2pt,408,,['pointsinthepaint'],jumpshot,1,10,Judah Jah Leone,Mintz,Judah Jah Leone,Mintz,J,M,J,M,J. Mintz,MANISA BASKET,MNS,J. Mintz,10,,,90.51000213623,65.930000305176,0.0,P2,missed,MANISA BASKET J. MINTZ 2Pt missed,,,,,,,,,0,138,2.0,,0,38,0,45
07:41,07:41:00,38,45,-7,1,3,REGULAR,28,E. MOBLEY,1,rebound,409,408,[],offensive,0,15,Eric Isaiah,Mobley,Eric Isaiah,Mobley,E,M,E,M,E. Mobley,MANISA BASKET,MNS,E. Mobley,15,,,,,,REB,,MANISA BASKET rebound offensive,,,,,,,,,0,138,2.0,,0,38,0,45
07:41,07:41:00,40,45,-5,1,3,REGULAR,28,E. MOBLEY,1,2pt,410,,"['2ndchance', 'pointsinthepaint']",jumpshot,1,15,Eric Isaiah,Mobley,Eric Isaiah,Mobley,E,M,E,M,E. Mobley,MANISA BASKET,MNS,E. Mobley,15,,,90.050003051758,57.740001678467,1.0,P2,made,MANISA BASKET E. MOBLEY 2Pt made,,,,,,,,,2,138,2.0,score,2,40,0,45
07:19,07:19:00,40,45,-5,2,3,REGULAR,56,A. COWAN,0,3pt,411,,[],jumpshot,1,7,Anthony Dewayne,Cowan,Anthony Dewayne,Cowan,A,C,A,C,A. Cowan,MERSIN SPOR,MSK,A. Cowan,7,,,32.009998321533,71.300003051758,0.0,P3,missed,MERSIN SPOR A. COWAN 3Pt missed,,,,,,,,,0,139,1.0,def_reb,0,40,0,45
07:17,07:17:00,40,45,-5,1,3,REGULAR,0,,1,rebound,413,411,['team'],defensive,0,,,,,,,,,,,MANISA BASKET,MNS,,,,,,,,TREB,,MANISA BASKET team rebound defensive,,,,,,,,,0,140,2.0,def_reb,0,40,0,45
07:04,07:04:00,40,45,-5,1,3,REGULAR,28,E. MOBLEY,0,2pt,415,,['pointsinthepaint'],jumpshot,1,15,Eric Isaiah,Mobley,Eric Isaiah,Mobley,E,M,E,M,E. Mobley,MANISA BASKET,MNS,E. Mobley,15,,,88.019996643066,51.240001678467,0.0,P2,missed,MANISA BASKET E. MOBLEY 2Pt missed,,,,,,,,,0,141,1.0,def_reb,0,40,0,45
07:01,07:01:00,40,45,-5,2,3,REGULAR,56,A. COWAN,1,rebound,416,415,[],defensive,0,7,Anthony Dewayne,Cowan,Anthony Dewayne,Cowan,A,C,A,C,A. Cowan,MERSIN SPOR,MSK,A. Cowan,7,,,,,,REB,,MERSIN SPOR rebound defensive,,,,,,,,,0,142,2.0,def_reb,0,40,0,45
06:57,06:57:00,40,47,-7,2,3,REGULAR,6,F. CRUZ SALDIVAR,1,2pt,417,,"['pointsinthepaint', 'fastbreak']",floatingjumpshot,1,9,Francisco Javier,Cruz Saldivar,Francisco Javier,Cruz Saldivar,F,C,F,C,F. Cruz Saldivar,MERSIN SPOR,MSK,F. Cruz Saldivar,9,,,11.420000076294,52.090000152588,1.0,P2,made,MERSIN SPOR F. CRUZ SALDIVAR 2Pt made,9.0,2.0,J. WHITE,,,,,,2,143,1.0,score,0,40,2,47
06:57,06:57:00,40,47,-7,2,3,REGULAR,9,J. WHITE,1,assist,418,417,[],,0,14,Jackson Thomas,White,Jackson Thomas,White,J,W,J,W,J. White,MERSIN SPOR,MSK,J. White,14,,,,,,ASS,,MERSIN SPOR J. WHITE assist,,,,,,,,,0,144,2.0,,0,40,0,47
06:31,06:31:00,43,47,-4,1,3,REGULAR,32,J. MINTZ,1,3pt,419,,[],jumpshot,1,10,Judah Jah Leone,Mintz,Judah Jah Leone,Mintz,J,M,J,M,J. Mintz,MANISA BASKET,MNS,J. Mintz,10,,,73.199996948242,83.160003662109,1.0,P3,made,MANISA BASKET J. MINTZ 3Pt made,28.0,1.0,E. MOBLEY,,,,,,3,144,2.0,score,3,43,0,47
06:31,06:31:00,43,47,-4,1,3,REGULAR,28,E. MOBLEY,1,assist,420,419,[],,0,15,Eric Isaiah,Mobley,Eric Isaiah,Mobley,E,M,E,M,E. Mobley,MANISA BASKET,MNS,E. Mobley,15,,,,,,ASS,,MANISA BASKET E. MOBLEY assist,,,,,,,,,0,145,1.0,,0,43,0,47
06:14,06:14:00,43,50,-7,2,3,REGULAR,6,F. CRUZ SALDIVAR,1,3pt,421,,[],jumpshot,1,9,Francisco Javier,Cruz Saldivar,Francisco Javier,Cruz Saldivar,F,C,F,C,F. Cruz Saldivar,MERSIN SPOR,MSK,F. Cruz Saldivar,9,,,6.4299998283386,2.6600000858307,1.0,P3,made,MERSIN SPOR F. CRUZ SALDIVAR 3Pt made,56.0,2.0,A. COWAN,,,,,,3,145,1.0,score,0,43,3,50
06:14,06:14:00,43,50,-7,2,3,REGULAR,56,A. COWAN,1,assist,422,421,[],,0,7,Anthony Dewayne,Cowan,Anthony Dewayne,Cowan,A,C,A,C,A. Cowan,MERSIN SPOR,MSK,A. Cowan,7,,,,,,ASS,,MERSIN SPOR A. COWAN assist,,,,,,,,,0,146,2.0,,0,43,0,50
06:01,06:01:00,43,50,-7,1,3,REGULAR,29,J. CARDOSO PEREIRA,1,turnover,423,,[],ballhandling,0,45,Joao Marcello,Cardoso Pereira,Joao Marcello,Cardoso Pereira,J,C,J,C,J. Cardoso Pereira,MANISA BASKET,MNS,J. Cardoso Pereira,45,,,,,,TO,,MANISA BASKET J. CARDOSO PEREIRA turnover ballhandling,,,,,,,,,0,146,2.0,turnover,0,43,0,50
06:01,06:01:00,43,50,-7,2,3,REGULAR,9,J. WHITE,1,steal,424,423,[],,0,14,Jackson Thomas,White,Jackson Thomas,White,J,W,J,W,J. White,MERSIN SPOR,MSK,J. White,14,,,,,,ST,,MERSIN SPOR J. WHITE steal,,,,,,,,,0,147,1.0,,0,43,0,50
05:54,05:54:00,43,50,-7,1,3,REGULAR,23,Y. ONAN,1,foul,426,,"['shooting', '2freethrow']",personal,0,7,Yigit,Onan,Yigit,Onan,Y,O,Y,O,Y. Onan,MANISA BASKET,MNS,Y. Onan,7,,,,,,FOUL,,MANISA BASKET Y. ONAN foul personal,,,,,,,,,0,147,1.0,,0,43,0,50
05:54,05:54:00,43,50,-7,2,3,REGULAR,55,A. OLASENI,1,foulon,427,426,[],,0,0,Abodunrin Gabriel,Olaseni,Abodunrin Gabriel,Olaseni,A,O,A,O,A. Olaseni,MERSIN SPOR,MSK,A. Olaseni,0,,,,,,OTHER,,MERSIN SPOR foulon,,,,,,,,,0,147,1.0,,0,43,0,50
05:54,05:54:00,43,50,-7,1,3,REGULAR,30,D. SMITH,1,substitution,428,,[],out,0,2,Dayshon Hassan,Smith,Dayshon Hassan,Smith,D,S,D,S,D. Smith,MANISA BASKET,MNS,D. Smith,2,,,,,,SUB,out,MANISA BASKET substitution out,,,,,,,,,0,147,1.0,,0,43,0,50
05:54,05:54:00,43,50,-7,1,3,REGULAR,33,K. ZEMAITIS,1,substitution,429,,[],in,0,13,Kristupas,Zemaitis,Kristupas,Zemaitis,K,Z,K,Z,K. Zemaitis,MANISA BASKET,MNS,K. Zemaitis,13,,,,,,SUB,in,MANISA BASKET substitution in,,,,,,,,,0,147,1.0,,0,43,0,50
05:54,05:54:00,43,50,-7,2,3,REGULAR,55,A. OLASENI,0,freethrow,430,,"['fastbreak', 'fromturnover']",1of2,1,0,Abodunrin Gabriel,Olaseni,Abodunrin Gabriel,Olaseni,A,O,A,O,A. Olaseni,MERSIN SPOR,MSK,A. Olaseni,0,,,,,,FT,missed,MERSIN SPOR A. OLASENI FT 1of2 missed,,,,,,,,,0,147,1.0,def_reb,0,43,0,50
05:54,05:54:00,43,50,-7,2,3,REGULAR,0,,1,rebound,431,430,[],offensivedeadball,0,,,,,,,,,,,MERSIN SPOR,MSK,,,,,,,,TREB,,MERSIN SPOR team rebound offensivedeadball,,,,,,,,,0,148,2.0,def_reb,0,43,0,50
05:54,05:54:00,43,50,-7,2,3,REGULAR,55,A. OLASENI,0,freethrow,432,,"['fastbreak', 'fromturnover']",2of2,1,0,Abodunrin Gabriel,Olaseni,Abodunrin Gabriel,Olaseni,A,O,A,O,A. Olaseni,MERSIN SPOR,MSK,A. Olaseni,0,,,,,,FT,missed,MERSIN SPOR A. OLASENI FT 2of2 missed,,,,,,,,,0,149,1.0,def_reb,0,43,0,50
05:54,05:54:00,43,50,-7,1,3,REGULAR,23,Y. ONAN,1,rebound,434,432,[],defensive,0,7,Yigit,Onan,Yigit,Onan,Y,O,Y,O,Y. Onan,MANISA BASKET,MNS,Y. Onan,7,,,,,,REB,,MANISA BASKET rebound defensive,,,,,,,,,0,150,2.0,def_reb,0,43,0,50
05:40,05:40:00,43,50,-7,1,3,REGULAR,32,J. MINTZ,0,2pt,435,,"['pointsinthepaint', 'blocked']",jumpshot,1,10,Judah Jah Leone,Mintz,Judah Jah Leone,Mintz,J,M,J,M,J. Mintz,MANISA BASKET,MNS,J. Mintz,10,,,92.699996948242,57.180000305176,0.0,P2,missed,MANISA BASKET J. MINTZ 2Pt missed,,,,55.0,2.0,A. OLASENI,,,0,151,1.0,,0,43,0,50
05:40,05:40:00,43,50,-7,2,3,REGULAR,55,A. OLASENI,1,block,436,435,[],,0,0,Abodunrin Gabriel,Olaseni,Abodunrin Gabriel,Olaseni,A,O,A,O,A. Olaseni,MERSIN SPOR,MSK,A. Olaseni,0,,,,,,BS,,MERSIN SPOR A. OLASENI block,,,,,,,,,0,151,1.0,,0,43,0,50
05:32,05:32:00,43,50,-7,1,3,REGULAR,28,E. MOBLEY,1,rebound,437,435,[],offensive,0,15,Eric Isaiah,Mobley,Eric Isaiah,Mobley,E,M,E,M,E. Mobley,MANISA BASKET,MNS,E. Mobley,15,,,,,,REB,,MANISA BASKET rebound offensive,,,,,,,,,0,151,1.0,,0,43,0,50
05:32,05:32:00,45,50,-5,1,3,REGULAR,28,E. MOBLEY,1,2pt,438,,"['2ndchance', 'pointsinthepaint']",tipinlayup,1,15,Eric Isaiah,Mobley,Eric Isaiah,Mobley,E,M,E,M,E. Mobley,MANISA BASKET,MNS,E. Mobley,15,,,94.0,50.0,1.0,P2,made,MANISA BASKET E. MOBLEY 2Pt made,,,,,,,,,2,151,1.0,score,2,45,0,50
05:21,05:21:00,45,50,-5,2,3,REGULAR,4,E. TIRPANCI,0,3pt,439,,[],jumpshot,1,10,Efe Ergi,Tirpanci,Efe Ergi,Tirpanci,E,T,E,T,E. Tirpanci,MERSIN SPOR,MSK,E. Tirpanci,10,,,8.3000001907349,97.01000213623,0.0,P3,missed,MERSIN SPOR E. TIRPANCI 3Pt missed,,,,,,,,,0,152,2.0,,0,45,0,50
05:17,05:17:00,45,50,-5,2,3,REGULAR,55,A. OLASENI,1,rebound,440,439,[],offensive,0,0,Abodunrin Gabriel,Olaseni,Abodunrin Gabriel,Olaseni,A,O,A,O,A. Olaseni,MERSIN SPOR,MSK,A. Olaseni,0,,,,,,REB,,MERSIN SPOR rebound offensive,,,,,,,,,0,152,2.0,,0,45,0,50
05:13,05:13:00,45,50,-5,2,3,REGULAR,6,F. CRUZ SALDIVAR,0,3pt,441,,['2ndchance'],jumpshot,1,9,Francisco Javier,Cruz Saldivar,Francisco Javier,Cruz Saldivar,F,C,F,C,F. Cruz Saldivar,MERSIN SPOR,MSK,F. Cruz Saldivar,9,,,31.389999389648,63.950000762939,0.0,P3,missed,MERSIN SPOR F. CRUZ SALDIVAR 3Pt missed,,,,,,,,,0,152,2.0,,0,45,0,50
05:11,05:11:00,45,50,-5,2,3,REGULAR,55,A. OLASENI,1,rebound,442,441,[],offensive,0,0,Abodunrin Gabriel,Olaseni,Abodunrin Gabriel,Olaseni,A,O,A,O,A. Olaseni,MERSIN SPOR,MSK,A. Olaseni,0,,,,,,REB,,MERSIN SPOR rebound offensive,,,,,,,,,0,152,2.0,,0,45,0,50
05:10,05:10:00,45,50,-5,2,3,REGULAR,55,A. OLASENI,0,2pt,443,,"['2ndchance', 'pointsinthepaint', 'blocked']",jumpshot,1,0,Abodunrin Gabriel,Olaseni,Abodunrin Gabriel,Olaseni,A,O,A,O,A. Olaseni,MERSIN SPOR,MSK,A. Olaseni,0,,,7.6799998283386,50.959999084473,0.0,P2,missed,MERSIN SPOR A. OLASENI 2Pt missed,,,,29.0,1.0,J. CARDOSO PEREIRA,,,0,152,2.0,,0,45,0,50
05:10,05:10:00,45,50,-5,1,3,REGULAR,29,J. CARDOSO PEREIRA,1,block,444,443,[],,0,45,Joao Marcello,Cardoso Pereira,Joao Marcello,Cardoso Pereira,J,C,J,C,J. Cardoso Pereira,MANISA BASKET,MNS,J. Cardoso Pereira,45,,,,,,BS,,MANISA BASKET J. CARDOSO PEREIRA block,,,,,,,,,0,152,2.0,,0,45,0,50
05:06,05:06:00,45,50,-5,1,3,REGULAR,29,J. CARDOSO PEREIRA,1,rebound,445,443,[],defensive,0,45,Joao Marcello,Cardoso Pereira,Joao Marcello,Cardoso Pereira,J,C,J,C,J. Cardoso Pereira,MANISA BASKET,MNS,J. Cardoso Pereira,45,,,,,,REB,,MANISA BASKET rebound defensive,,,,,,,,,0,152,2.0,def_reb,0,45,0,50
05:03,05:03:00,45,50,-5,1,3,REGULAR,32,J. MINTZ,1,turnover,446,,[],badpass,0,10,Judah Jah Leone,Mintz,Judah Jah Leone,Mintz,J,M,J,M,J. Mintz,MANISA BASKET,MNS,J. Mintz,10,,,,,,TO,,MANISA BASKET J. MINTZ turnover badpass,,,,,,,,,0,153,1.0,turnover,0,45,0,50
05:03,05:03:00,45,50,-5,2,3,REGULAR,55,A. OLASENI,1,steal,447,446,[],,0,0,Abodunrin Gabriel,Olaseni,Abodunrin Gabriel,Olaseni,A,O,A,O,A. Olaseni,MERSIN SPOR,MSK,A. Olaseni,0,,,,,,ST,,MERSIN SPOR A. OLASENI steal,,,,,,,,,0,154,2.0,,0,45,0,50
04:57,04:57:00,45,50,-5,2,3,REGULAR,4,E. TIRPANCI,1,turnover,449,,[],ballhandling,0,10,Efe Ergi,Tirpanci,Efe Ergi,Tirpanci,E,T,E,T,E. Tirpanci,MERSIN SPOR,MSK,E. Tirpanci,10,,,,,,TO,,MERSIN SPOR E. TIRPANCI turnover ballhandling,,,,,,,,,0,154,2.0,turnover,0,45,0,50
04:57,04:57:00,45,50,-5,0,3,REGULAR,0,,1,timeout,450,,[],officials,0,,,,,,,,,,,,,,,,,,,,TIMEOUT,, timeout,,,,,,,,,0,155,1.0,,0,45,0,50
04:57,04:57:00,45,50,-5,2,3,REGULAR,55,A. OLASENI,1,substitution,451,,[],out,0,0,Abodunrin Gabriel,Olaseni,Abodunrin Gabriel,Olaseni,A,O,A,O,A. Olaseni,MERSIN SPOR,MSK,A. Olaseni,0,,,,,,SUB,out,MERSIN SPOR substitution out,,,,,,,,,0,155,1.0,,0,45,0,50
04:57,04:57:00,45,50,-5,2,3,REGULAR,56,A. COWAN,1,substitution,452,,[],out,0,7,Anthony Dewayne,Cowan,Anthony Dewayne,Cowan,A,C,A,C,A. Cowan,MERSIN SPOR,MSK,A. Cowan,7,,,,,,SUB,out,MERSIN SPOR substitution out,,,,,,,,,0,155,1.0,,0,45,0,50
04:57,04:57:00,45,50,-5,2,3,REGULAR,4,E. TIRPANCI,1,substitution,453,,[],out,0,10,Efe Ergi,Tirpanci,Efe Ergi,Tirpanci,E,T,E,T,E. Tirpanci,MERSIN SPOR,MSK,E. Tirpanci,10,,,,,,SUB,out,MERSIN SPOR substitution out,,,,,,,,,0,155,1.0,,0,45,0,50
04:57,04:57:00,45,50,-5,2,3,REGULAR,5,J. COBBS,1,substitution,454,,[],in,0,1,Justin,Cobbs,Justin,Cobbs,J,C,J,C,J. Cobbs,MERSIN SPOR,MSK,J. Cobbs,1,,,,,,SUB,in,MERSIN SPOR substitution in,,,,,,,,,0,155,1.0,,0,45,0,50
04:57,04:57:00,45,50,-5,2,3,REGULAR,3,K. ÖZMIZRAK,1,substitution,455,,[],in,0,3,Kartal,Özmizrak,Kartal,Özmizrak,K,Ö,K,Ö,K. Özmizrak,MERSIN SPOR,MSK,K. Özmizrak,3,,,,,,SUB,in,MERSIN SPOR substitution in,,,,,,,,,0,155,1.0,,0,45,0,50
04:57,04:57:00,45,50,-5,2,3,REGULAR,7,B. BENTIL,1,substitution,456,,[],in,0,50,Benjamin,Bentil,Benjamin,Bentil,B,B,B,B,B. Bentil,MERSIN SPOR,MSK,B. Bentil,50,,,,,,SUB,in,MERSIN SPOR substitution in,,,,,,,,,0,155,1.0,,0,45,0,50
04:52,04:52:00,45,50,-5,1,3,REGULAR,23,Y. ONAN,0,2pt,458,,"['fromturnover', 'pointsinthepaint']",jumpshot,1,7,Yigit,Onan,Yigit,Onan,Y,O,Y,O,Y. Onan,MANISA BASKET,MNS,Y. Onan,7,,,88.639999389648,53.790000915527,0.0,P2,missed,MANISA BASKET Y. ONAN 2Pt missed,,,,,,,,,0,155,1.0,def_reb,0,45,0,50
04:49,04:49:00,45,50,-5,2,3,REGULAR,3,K. ÖZMIZRAK,1,rebound,459,458,[],defensive,0,3,Kartal,Özmizrak,Kartal,Özmizrak,K,Ö,K,Ö,K. Özmizrak,MERSIN SPOR,MSK,K. Özmizrak,3,,,,,,REB,,MERSIN SPOR rebound defensive,,,,,,,,,0,156,2.0,def_reb,0,45,0,50
04:28,04:28:00,45,50,-5,2,3,REGULAR,6,F. CRUZ SALDIVAR,0,2pt,460,,[],jumpshot,1,9,Francisco Javier,Cruz Saldivar,Francisco Javier,Cruz Saldivar,F,C,F,C,F. Cruz Saldivar,MERSIN SPOR,MSK,F. Cruz Saldivar,9,,,23.89999961853,28.360000610352,0.0,P2,missed,MERSIN SPOR F. CRUZ SALDIVAR 2Pt missed,,,,,,,,,0,157,1.0,def_reb,0,45,0,50
04:26,04:26:00,45,50,-5,1,3,REGULAR,29,J. CARDOSO PEREIRA,1,rebound,461,460,[],defensive,0,45,Joao Marcello,Cardoso Pereira,Joao Marcello,Cardoso Pereira,J,C,J,C,J. Cardoso Pereira,MANISA BASKET,MNS,J. Cardoso Pereira,45,,,,,,REB,,MANISA BASKET rebound defensive,,,,,,,,,0,158,2.0,def_reb,0,45,0,50
04:06,04:06:00,47,50,-3,1,3,REGULAR,23,Y. ONAN,1,2pt,462,,['pointsinthepaint'],jumpshot,1,7,Yigit,Onan,Yigit,Onan,Y,O,Y,O,Y. Onan,MANISA BASKET,MNS,Y. Onan,7,,,87.389999389648,54.919998168945,1.0,P2,made,MANISA BASKET Y. ONAN 2Pt made,33.0,1.0,K. ZEMAITIS,,,,,,2,159,1.0,score,2,47,0,50
04:06,04:06:00,47,50,-3,1,3,REGULAR,33,K. ZEMAITIS,1,assist,463,462,[],,0,13,Kristupas,Zemaitis,Kristupas,Zemaitis,K,Z,K,Z,K. Zemaitis,MANISA BASKET,MNS,K. Zemaitis,13,,,,,,ASS,,MANISA BASKET K. ZEMAITIS assist,,,,,,,,,0,160,2.0,,0,47,0,50
03:52,03:52:00,47,52,-5,2,3,REGULAR,5,J. COBBS,1,2pt,464,,['pointsinthepaint'],jumpshot,1,1,Justin,Cobbs,Justin,Cobbs,J,C,J,C,J. Cobbs,MERSIN SPOR,MSK,J. Cobbs,1,,,16.879999160767,60.279998779297,1.0,P2,made,MERSIN SPOR J. COBBS 2Pt made,6.0,2.0,F. CRUZ SALDIVAR,,,,,,2,160,2.0,score,0,47,2,52
03:52,03:52:00,47,52,-5,2,3,REGULAR,6,F. CRUZ SALDIVAR,1,assist,465,464,[],,0,9,Francisco Javier,Cruz Saldivar,Francisco Javier,Cruz Saldivar,F,C,F,C,F. Cruz Saldivar,MERSIN SPOR,MSK,F. Cruz Saldivar,9,,,,,,ASS,,MERSIN SPOR F. CRUZ SALDIVAR assist,,,,,,,,,0,161,1.0,,0,47,0,52
03:34,03:34:00,49,52,-3,1,3,REGULAR,28,E. MOBLEY,1,2pt,466,,['pointsinthepaint'],turnaroundjumpshot,1,15,Eric Isaiah,Mobley,Eric Isaiah,Mobley,E,M,E,M,E. Mobley,MANISA BASKET,MNS,E. Mobley,15,,,86.930000305176,46.720001220703,1.0,P2,made,MANISA BASKET E. MOBLEY 2Pt made,,,,,,,,,2,161,1.0,score,2,49,0,52
03:13,03:13:00,49,55,-6,2,3,REGULAR,3,K. ÖZMIZRAK,1,3pt,467,,[],jumpshot,1,3,Kartal,Özmizrak,Kartal,Özmizrak,K,Ö,K,Ö,K. Özmizrak,MERSIN SPOR,MSK,K. Özmizrak,3,,,14.699999809265,7.1799998283386,1.0,P3,made,MERSIN SPOR K. ÖZMIZRAK 3Pt made,6.0,2.0,F. CRUZ SALDIVAR,,,,,,3,162,2.0,score,0,49,3,55
03:13,03:13:00,49,55,-6,2,3,REGULAR,6,F. CRUZ SALDIVAR,1,assist,468,467,[],,0,9,Francisco Javier,Cruz Saldivar,Francisco Javier,Cruz Saldivar,F,C,F,C,F. Cruz Saldivar,MERSIN SPOR,MSK,F. Cruz Saldivar,9,,,,,,ASS,,MERSIN SPOR F. CRUZ SALDIVAR assist,,,,,,,,,0,163,1.0,,0,49,0,55
02:49,02:49:00,49,55,-6,1,3,REGULAR,23,Y. ONAN,1,turnover,469,,[],badpass,0,7,Yigit,Onan,Yigit,Onan,Y,O,Y,O,Y. Onan,MANISA BASKET,MNS,Y. Onan,7,,,,,,TO,,MANISA BASKET Y. ONAN turnover badpass,,,,,,,,,0,163,1.0,turnover,0,49,0,55
02:49,02:49:00,49,55,-6,2,3,REGULAR,9,J. WHITE,1,steal,471,469,[],,0,14,Jackson Thomas,White,Jackson Thomas,White,J,W,J,W,J. White,MERSIN SPOR,MSK,J. White,14,,,,,,ST,,MERSIN SPOR J. WHITE steal,,,,,,,,,0,164,2.0,,0,49,0,55
02:47,02:47:00,49,55,-6,1,3,REGULAR,29,J. CARDOSO PEREIRA,1,foul,472,,[],personal,0,45,Joao Marcello,Cardoso Pereira,Joao Marcello,Cardoso Pereira,J,C,J,C,J. Cardoso Pereira,MANISA BASKET,MNS,J. Cardoso Pereira,45,,,,,,FOUL,,MANISA BASKET J. CARDOSO PEREIRA foul personal,,,,,,,,,0,164,2.0,,0,49,0,55
02:47,02:47:00,49,55,-6,2,3,REGULAR,9,J. WHITE,1,foulon,473,472,[],,0,14,Jackson Thomas,White,Jackson Thomas,White,J,W,J,W,J. White,MERSIN SPOR,MSK,J. White,14,,,,,,OTHER,,MERSIN SPOR foulon,,,,,,,,,0,164,2.0,,0,49,0,55
02:47,02:47:00,49,55,-6,1,3,REGULAR,23,Y. ONAN,1,substitution,474,,[],out,0,7,Yigit,Onan,Yigit,Onan,Y,O,Y,O,Y. Onan,MANISA BASKET,MNS,Y. Onan,7,,,,,,SUB,out,MANISA BASKET substitution out,,,,,,,,,0,164,2.0,,0,49,0,55
02:47,02:47:00,49,55,-6,1,3,REGULAR,33,K. ZEMAITIS,1,substitution,475,,[],out,0,13,Kristupas,Zemaitis,Kristupas,Zemaitis,K,Z,K,Z,K. Zemaitis,MANISA BASKET,MNS,K. Zemaitis,13,,,,,,SUB,out,MANISA BASKET substitution out,,,,,,,,,0,164,2.0,,0,49,0,55
02:47,02:47:00,49,55,-6,1,3,REGULAR,29,J. CARDOSO PEREIRA,1,substitution,476,,[],out,0,45,Joao Marcello,Cardoso Pereira,Joao Marcello,Cardoso Pereira,J,C,J,C,J. Cardoso Pereira,MANISA BASKET,MNS,J. Cardoso Pereira,45,,,,,,SUB,out,MANISA BASKET substitution out,,,,,,,,,0,164,2.0,,0,49,0,55
02:47,02:47:00,49,55,-6,1,3,REGULAR,31,J. SCRUBB,1,substitution,477,,[],in,0,1,Jayden Amari,Scrubb,Jayden Amari,Scrubb,J,S,J,S,J. Scrubb,MANISA BASKET,MNS,J. Scrubb,1,,,,,,SUB,in,MANISA BASKET substitution in,,,,,,,,,0,164,2.0,,0,49,0,55
02:47,02:47:00,49,55,-6,1,3,REGULAR,30,D. SMITH,1,substitution,478,,[],in,0,2,Dayshon Hassan,Smith,Dayshon Hassan,Smith,D,S,D,S,D. Smith,MANISA BASKET,MNS,D. Smith,2,,,,,,SUB,in,MANISA BASKET substitution in,,,,,,,,,0,164,2.0,,0,49,0,55
02:47,02:47:00,49,55,-6,1,3,REGULAR,21,B. ÇAL,1,substitution,479,,[],in,0,11,Bugra,Çal,Bugra,Çal,B,Ç,B,Ç,B. Çal,MANISA BASKET,MNS,B. Çal,11,,,,,,SUB,in,MANISA BASKET substitution in,,,,,,,,,0,164,2.0,,0,49,0,55
02:47,02:47:00,49,55,-6,2,3,REGULAR,6,F. CRUZ SALDIVAR,1,substitution,480,,[],out,0,9,Francisco Javier,Cruz Saldivar,Francisco Javier,Cruz Saldivar,F,C,F,C,F. Cruz Saldivar,MERSIN SPOR,MSK,F. Cruz Saldivar,9,,,,,,SUB,out,MERSIN SPOR substitution out,,,,,,,,,0,164,2.0,,0,49,0,55
02:47,02:47:00,49,55,-6,2,3,REGULAR,10,R. MARCH JR,1,substitution,481,,[],in,0,4,Ronald Eugene,March Jr,Ronald Eugene,March Jr,R,M,R,M,R. March Jr,MERSIN SPOR,MSK,R. March Jr,4,,,,,,SUB,in,MERSIN SPOR substitution in,,,,,,,,,0,164,2.0,,0,49,0,55
02:25,02:25:00,49,58,-9,2,3,REGULAR,10,R. MARCH JR,1,3pt,483,,['fromturnover'],jumpshot,1,4,Ronald Eugene,March Jr,Ronald Eugene,March Jr,R,M,R,M,R. March Jr,MERSIN SPOR,MSK,R. March Jr,4,,,27.489999771118,88.809997558594,1.0,P3,made,MERSIN SPOR R. MARCH JR 3Pt made,3.0,2.0,K. ÖZMIZRAK,,,,,,3,164,2.0,score,0,49,3,58
02:25,02:25:00,49,58,-9,2,3,REGULAR,3,K. ÖZMIZRAK,1,assist,484,483,[],,0,3,Kartal,Özmizrak,Kartal,Özmizrak,K,Ö,K,Ö,K. Özmizrak,MERSIN SPOR,MSK,K. Özmizrak,3,,,,,,ASS,,MERSIN SPOR K. ÖZMIZRAK assist,,,,,,,,,0,165,1.0,,0,49,0,58
02:11,02:11:00,49,58,-9,1,3,REGULAR,21,B. ÇAL,1,turnover,485,,[],badpass,0,11,Bugra,Çal,Bugra,Çal,B,Ç,B,Ç,B. Çal,MANISA BASKET,MNS,B. Çal,11,,,,,,TO,,MANISA BASKET B. ÇAL turnover badpass,,,,,,,,,0,165,1.0,turnover,0,49,0,58
02:11,02:11:00,49,58,-9,2,3,REGULAR,5,J. COBBS,1,steal,486,485,[],,0,1,Justin,Cobbs,Justin,Cobbs,J,C,J,C,J. Cobbs,MERSIN SPOR,MSK,J. Cobbs,1,,,,,,ST,,MERSIN SPOR J. COBBS steal,,,,,,,,,0,166,2.0,,0,49,0,58
02:07,02:07:00,49,60,-11,2,3,REGULAR,10,R. MARCH JR,1,2pt,488,,"['fromturnover', 'pointsinthepaint', 'fastbreak']",drivinglayup,1,4,Ronald Eugene,March Jr,Ronald Eugene,March Jr,R,M,R,M,R. March Jr,MERSIN SPOR,MSK,R. March Jr,4,,,7.8299999237061,53.5,1.0,P2,made,MERSIN SPOR R. MARCH JR 2Pt made,,,,,,,,,2,166,2.0,score,0,49,2,60
02:07,02:07:00,49,60,-11,1,3,REGULAR,0,,1,timeout,489,,[],full,0,,,,,,,,,,,MANISA BASKET,MNS,,,,,,,,TIMEOUT,,MANISA BASKET timeout,,,,,,,,,0,167,1.0,,0,49,0,60
02:07,02:07:00,49,60,-11,1,3,REGULAR,28,E. MOBLEY,1,substitution,490,,[],out,0,15,Eric Isaiah,Mobley,Eric Isaiah,Mobley,E,M,E,M,E. Mobley,MANISA BASKET,MNS,E. Mobley,15,,,,,,SUB,out,MANISA BASKET substitution out,,,,,,,,,0,167,1.0,,0,49,0,60
02:07,02:07:00,49,60,-11,1,3,REGULAR,27,J. JOHNSON,1,substitution,491,,[],in,0,34,Jayce Ryback,Johnson,Jayce Ryback,Johnson,J,J,J,J,J. Johnson,MANISA BASKET,MNS,J. Johnson,34,,,,,,SUB,in,MANISA BASKET substitution in,,,,,,,,,0,167,1.0,,0,49,0,60
01:52,01:52:00,49,60,-11,1,3,REGULAR,27,J. JOHNSON,0,2pt,493,,"['pointsinthepaint', 'blocked']",jumpshot,1,34,Jayce Ryback,Johnson,Jayce Ryback,Johnson,J,J,J,J,J. Johnson,MANISA BASKET,MNS,J. Johnson,34,,,90.199996948242,47.290000915527,0.0,P2,missed,MANISA BASKET J. JOHNSON 2Pt missed,,,,9.0,2.0,J. WHITE,,,0,167,1.0,,0,49,0,60
01:52,01:52:00,49,60,-11,2,3,REGULAR,9,J. WHITE,1,block,494,493,[],,0,14,Jackson Thomas,White,Jackson Thomas,White,J,W,J,W,J. White,MERSIN SPOR,MSK,J. White,14,,,,,,BS,,MERSIN SPOR J. WHITE block,,,,,,,,,0,167,1.0,,0,49,0,60
01:49,01:49:00,49,60,-11,1,3,REGULAR,27,J. JOHNSON,1,rebound,495,493,[],offensive,0,34,Jayce Ryback,Johnson,Jayce Ryback,Johnson,J,J,J,J,J. Johnson,MANISA BASKET,MNS,J. Johnson,34,,,,,,REB,,MANISA BASKET rebound offensive,,,,,,,,,0,167,1.0,,0,49,0,60
01:44,01:44:00,49,60,-11,2,3,REGULAR,9,J. WHITE,1,foul,499,,"['shooting', '2freethrow']",personal,0,14,Jackson Thomas,White,Jackson Thomas,White,J,W,J,W,J. White,MERSIN SPOR,MSK,J. White,14,,,,,,FOUL,,MERSIN SPOR J. WHITE foul personal,,,,,,,,,0,167,1.0,,0,49,0,60
01:44,01:44:00,49,60,-11,1,3,REGULAR,27,J. JOHNSON,1,foulon,500,499,[],,0,34,Jayce Ryback,Johnson,Jayce Ryback,Johnson,J,J,J,J,J. Johnson,MANISA BASKET,MNS,J. Johnson,34,,,,,,OTHER,,MANISA BASKET foulon,,,,,,,,,0,167,1.0,,0,49,0,60
01:44,01:44:00,50,60,-10,1,3,REGULAR,27,J. JOHNSON,1,freethrow,501,,['2ndchance'],1of2,1,34,Jayce Ryback,Johnson,Jayce Ryback,Johnson,J,J,J,J,J. Johnson,MANISA BASKET,MNS,J. Johnson,34,,,,,,FT,made,MANISA BASKET J. JOHNSON FT 1of2 made,,,,,,,,,1,167,1.0,made_ft,1,50,0,60
01:44,01:44:00,50,60,-10,1,3,REGULAR,27,J. JOHNSON,0,freethrow,502,,['2ndchance'],2of2,1,34,Jayce Ryback,Johnson,Jayce Ryback,Johnson,J,J,J,J,J. Johnson,MANISA BASKET,MNS,J. Johnson,34,,,,,,FT,missed,MANISA BASKET J. JOHNSON FT 2of2 missed,,,,,,,,,0,168,2.0,def_reb,0,50,0,60
01:44,01:44:00,50,60,-10,2,3,REGULAR,9,J. WHITE,1,rebound,504,502,[],defensive,0,14,Jackson Thomas,White,Jackson Thomas,White,J,W,J,W,J. White,MERSIN SPOR,MSK,J. White,14,,,,,,REB,,MERSIN SPOR rebound defensive,,,,,,,,,0,169,1.0,def_reb,0,50,0,60
01:22,01:22:00,50,60,-10,2,3,REGULAR,7,B. BENTIL,0,2pt,505,,[],jumpshot,1,50,Benjamin,Bentil,Benjamin,Bentil,B,B,B,B,B. Bentil,MERSIN SPOR,MSK,B. Bentil,50,,,9.0799999237061,26.10000038147,0.0,P2,missed,MERSIN SPOR B. BENTIL 2Pt missed,,,,,,,,,0,170,2.0,,0,50,0,60
01:21,01:21:00,50,60,-10,2,3,REGULAR,9,J. WHITE,1,rebound,506,505,[],offensive,0,14,Jackson Thomas,White,Jackson Thomas,White,J,W,J,W,J. White,MERSIN SPOR,MSK,J. White,14,,,,,,REB,,MERSIN SPOR rebound offensive,,,,,,,,,0,170,2.0,,0,50,0,60
01:02,01:02:00,50,60,-10,2,3,REGULAR,0,,1,turnover,510,,['team'],24sec,0,,,,,,,,,,,MERSIN SPOR,MSK,,,,,,,,TO,,MERSIN SPOR  turnover 24sec,,,,,,,,,0,170,2.0,turnover,0,50,0,60
01:02,01:02:00,50,60,-10,1,3,REGULAR,21,B. ÇAL,1,substitution,511,,[],out,0,11,Bugra,Çal,Bugra,Çal,B,Ç,B,Ç,B. Çal,MANISA BASKET,MNS,B. Çal,11,,,,,,SUB,out,MANISA BASKET substitution out,,,,,,,,,0,171,1.0,,0,50,0,60
01:02,01:02:00,50,60,-10,1,3,REGULAR,23,Y. ONAN,1,substitution,512,,[],in,0,7,Yigit,Onan,Yigit,Onan,Y,O,Y,O,Y. Onan,MANISA BASKET,MNS,Y. Onan,7,,,,,,SUB,in,MANISA BASKET substitution in,,,,,,,,,0,171,1.0,,0,50,0,60
00:49,00:49:70,50,60,-10,1,3,REGULAR,30,D. SMITH,1,turnover,514,,[],badpass,0,2,Dayshon Hassan,Smith,Dayshon Hassan,Smith,D,S,D,S,D. Smith,MANISA BASKET,MNS,D. Smith,2,,,,,,TO,,MANISA BASKET D. SMITH turnover badpass,,,,,,,,,0,171,1.0,turnover,0,50,0,60
00:49,00:49:70,50,60,-10,2,3,REGULAR,9,J. WHITE,1,steal,515,514,[],,0,14,Jackson Thomas,White,Jackson Thomas,White,J,W,J,W,J. White,MERSIN SPOR,MSK,J. White,14,,,,,,ST,,MERSIN SPOR J. WHITE steal,,,,,,,,,0,172,2.0,,0,50,0,60
00:41,00:41:00,50,63,-13,2,3,REGULAR,7,B. BENTIL,1,3pt,516,,['fromturnover'],jumpshot,1,50,Benjamin,Bentil,Benjamin,Bentil,B,B,B,B,B. Bentil,MERSIN SPOR,MSK,B. Bentil,50,,,30.299999237061,35.419998168945,1.0,P3,made,MERSIN SPOR B. BENTIL 3Pt made,3.0,2.0,K. ÖZMIZRAK,,,,,,3,172,2.0,score,0,50,3,63
00:41,00:41:00,50,63,-13,2,3,REGULAR,3,K. ÖZMIZRAK,1,assist,517,516,[],,0,3,Kartal,Özmizrak,Kartal,Özmizrak,K,Ö,K,Ö,K. Özmizrak,MERSIN SPOR,MSK,K. Özmizrak,3,,,,,,ASS,,MERSIN SPOR K. ÖZMIZRAK assist,,,,,,,,,0,173,1.0,,0,50,0,63
00:12,00:12:40,50,63,-13,1,3,REGULAR,31,J. SCRUBB,0,3pt,518,,[],jumpshot,1,1,Jayden Amari,Scrubb,Jayden Amari,Scrubb,J,S,J,S,J. Scrubb,MANISA BASKET,MNS,J. Scrubb,1,,,64.930000305176,48.139999389648,0.0,P3,missed,MANISA BASKET J. SCRUBB 3Pt missed,,,,,,,,,0,173,1.0,def_reb,0,50,0,63
00:09,00:09:80,50,63,-13,2,3,REGULAR,10,R. MARCH JR,1,rebound,519,518,[],defensive,0,4,Ronald Eugene,March Jr,Ronald Eugene,March Jr,R,M,R,M,R. March Jr,MERSIN SPOR,MSK,R. March Jr,4,,,,,,REB,,MERSIN SPOR rebound defensive,,,,,,,,,0,174,2.0,def_reb,0,50,0,63
00:01,00:01:20,50,63,-13,1,3,REGULAR,23,Y. ONAN,1,foul,521,,"['shooting', '2freethrow']",personal,0,7,Yigit,Onan,Yigit,Onan,Y,O,Y,O,Y. Onan,MANISA BASKET,MNS,Y. Onan,7,,,,,,FOUL,,MANISA BASKET Y. ONAN foul personal,,,,,,,,,0,175,1.0,,0,50,0,63
00:01,00:01:20,50,63,-13,2,3,REGULAR,3,K. ÖZMIZRAK,1,foulon,522,521,[],,0,3,Kartal,Özmizrak,Kartal,Özmizrak,K,Ö,K,Ö,K. Özmizrak,MERSIN SPOR,MSK,K. Özmizrak,3,,,,,,OTHER,,MERSIN SPOR foulon,,,,,,,,,0,175,1.0,,0,50,0,63
00:01,00:01:20,50,64,-14,2,3,REGULAR,3,K. ÖZMIZRAK,1,freethrow,523,,[],1of2,1,3,Kartal,Özmizrak,Kartal,Özmizrak,K,Ö,K,Ö,K. Özmizrak,MERSIN SPOR,MSK,K. Özmizrak,3,,,,,,FT,made,MERSIN SPOR K. ÖZMIZRAK FT 1of2 made,,,,,,,,,1,175,1.0,made_ft,0,50,1,64
00:01,00:01:20,50,65,-15,2,3,REGULAR,3,K. ÖZMIZRAK,1,freethrow,524,,[],2of2,1,3,Kartal,Özmizrak,Kartal,Özmizrak,K,Ö,K,Ö,K. Özmizrak,MERSIN SPOR,MSK,K. Özmizrak,3,,,,,,FT,made,MERSIN SPOR K. ÖZMIZRAK FT 2of2 made,,,,,,,,,1,176,2.0,made_ft_last,0,50,1,65
00:00,00:00:20,50,65,-15,1,3,REGULAR,32,J. MINTZ,0,3pt,526,,[],jumpshot,1,10,Judah Jah Leone,Mintz,Judah Jah Leone,Mintz,J,M,J,M,J. Mintz,MANISA BASKET,MNS,J. Mintz,10,,,52.759998321533,19.319999694824,0.0,P3,missed,MANISA BASKET J. MINTZ 3Pt missed,,,,,,,,,0,177,1.0,,0,50,0,65
00:00,00:00:00,50,65,-15,0,3,REGULAR,0,,1,period,529,,['confirmed'],end,0,,,,,,,,,,,,,,,,,,,,OTHER,,period end,,,,,,,,,0,177,1.0,,0,50,0,65
10:00,10:00:00,50,65,-15,0,4,REGULAR,0,,1,period,530,,[],start,0,,,,,,,,,,,,,,,,,,,,OTHER,,period start,,,,,,,,,0,177,1.0,,0,50,0,65
09:43,09:43:00,50,68,-18,2,4,REGULAR,3,K. ÖZMIZRAK,1,3pt,532,,[],jumpshot,1,3,Kartal,Özmizrak,Kartal,Özmizrak,K,Ö,K,Ö,K. Özmizrak,MERSIN SPOR,MSK,K. Özmizrak,3,,,27.639999389648,23.840000152588,1.0,P3,made,MERSIN SPOR K. ÖZMIZRAK 3Pt made,7.0,2.0,B. BENTIL,,,,,,3,177,1.0,score,0,50,3,68
09:43,09:43:00,50,68,-18,2,4,REGULAR,7,B. BENTIL,1,assist,533,532,[],,0,50,Benjamin,Bentil,Benjamin,Bentil,B,B,B,B,B. Bentil,MERSIN SPOR,MSK,B. Bentil,50,,,,,,ASS,,MERSIN SPOR B. BENTIL assist,,,,,,,,,0,178,2.0,,0,50,0,68
09:25,09:25:00,50,68,-18,1,4,REGULAR,27,J. JOHNSON,1,turnover,534,,[],badpass,0,34,Jayce Ryback,Johnson,Jayce Ryback,Johnson,J,J,J,J,J. Johnson,MANISA BASKET,MNS,J. Johnson,34,,,,,,TO,,MANISA BASKET J. JOHNSON turnover badpass,,,,,,,,,0,178,2.0,turnover,0,50,0,68
09:25,09:25:00,50,68,-18,2,4,REGULAR,10,R. MARCH JR,1,steal,535,534,[],,0,4,Ronald Eugene,March Jr,Ronald Eugene,March Jr,R,M,R,M,R. March Jr,MERSIN SPOR,MSK,R. March Jr,4,,,,,,ST,,MERSIN SPOR R. MARCH JR steal,,,,,,,,,0,179,1.0,,0,50,0,68
09:10,09:10:00,50,68,-18,2,4,REGULAR,5,J. COBBS,1,turnover,537,,[],ballhandling,0,1,Justin,Cobbs,Justin,Cobbs,J,C,J,C,J. Cobbs,MERSIN SPOR,MSK,J. Cobbs,1,,,,,,TO,,MERSIN SPOR J. COBBS turnover ballhandling,,,,,,,,,0,179,1.0,turnover,0,50,0,68
09:10,09:10:00,50,68,-18,1,4,REGULAR,30,D. SMITH,1,steal,538,537,[],,0,2,Dayshon Hassan,Smith,Dayshon Hassan,Smith,D,S,D,S,D. Smith,MANISA BASKET,MNS,D. Smith,2,,,,,,ST,,MANISA BASKET D. SMITH steal,,,,,,,,,0,180,2.0,,0,50,0,68
09:09,09:09:00,50,68,-18,2,4,REGULAR,5,J. COBBS,1,foul,539,,['2freethrow'],unsportsmanlike,0,1,Justin,Cobbs,Justin,Cobbs,J,C,J,C,J. Cobbs,MERSIN SPOR,MSK,J. Cobbs,1,,,,,,FOUL,,MERSIN SPOR J. COBBS foul unsportsmanlike,,,,,,,,,0,180,2.0,,0,50,0,68
09:09,09:09:00,50,68,-18,1,4,REGULAR,30,D. SMITH,1,foulon,540,539,[],,0,2,Dayshon Hassan,Smith,Dayshon Hassan,Smith,D,S,D,S,D. Smith,MANISA BASKET,MNS,D. Smith,2,,,,,,OTHER,,MANISA BASKET foulon,,,,,,,,,0,180,2.0,,0,50,0,68
09:09,09:09:00,51,68,-17,1,4,REGULAR,30,D. SMITH,1,freethrow,541,,"['fastbreak', 'fromturnover']",1of2,1,2,Dayshon Hassan,Smith,Dayshon Hassan,Smith,D,S,D,S,D. Smith,MANISA BASKET,MNS,D. Smith,2,,,,,,FT,made,MANISA BASKET D. SMITH FT 1of2 made,,,,,,,,,1,180,2.0,made_ft,1,51,0,68
09:09,09:09:00,52,68,-16,1,4,REGULAR,30,D. SMITH,1,freethrow,542,,"['fastbreak', 'fromturnover']",2of2,1,2,Dayshon Hassan,Smith,Dayshon Hassan,Smith,D,S,D,S,D. Smith,MANISA BASKET,MNS,D. Smith,2,,,,,,FT,made,MANISA BASKET D. SMITH FT 2of2 made,,,,,,,,,1,181,1.0,made_ft_last,1,52,0,68
09:01,09:01:00,52,68,-16,1,4,REGULAR,30,D. SMITH,0,2pt,544,,[],jumpshot,1,2,Dayshon Hassan,Smith,Dayshon Hassan,Smith,D,S,D,S,D. Smith,MANISA BASKET,MNS,D. Smith,2,,,86.300003051758,32.880001068115,0.0,P2,missed,MANISA BASKET D. SMITH 2Pt missed,,,,,,,,,0,182,2.0,def_reb,0,52,0,68
08:59,08:59:00,52,68,-16,2,4,REGULAR,9,J. WHITE,1,rebound,545,544,[],defensive,0,14,Jackson Thomas,White,Jackson Thomas,White,J,W,J,W,J. White,MERSIN SPOR,MSK,J. White,14,,,,,,REB,,MERSIN SPOR rebound defensive,,,,,,,,,0,183,1.0,def_reb,0,52,0,68
08:42,08:42:00,52,68,-16,2,4,REGULAR,3,K. ÖZMIZRAK,0,3pt,546,,[],jumpshot,1,3,Kartal,Özmizrak,Kartal,Özmizrak,K,Ö,K,Ö,K. Özmizrak,MERSIN SPOR,MSK,K. Özmizrak,3,,,30.760000228882,32.599998474121,0.0,P3,missed,MERSIN SPOR K. ÖZMIZRAK 3Pt missed,,,,,,,,,0,184,2.0,def_reb,0,52,0,68
08:39,08:39:00,52,68,-16,1,4,REGULAR,27,J. JOHNSON,1,rebound,547,546,[],defensive,0,34,Jayce Ryback,Johnson,Jayce Ryback,Johnson,J,J,J,J,J. Johnson,MANISA BASKET,MNS,J. Johnson,34,,,,,,REB,,MANISA BASKET rebound defensive,,,,,,,,,0,185,1.0,def_reb,0,52,0,68
08:19,08:19:00,54,68,-14,1,4,REGULAR,32,J. MINTZ,1,2pt,548,,['pointsinthepaint'],turnaroundjumpshot,1,10,Judah Jah Leone,Mintz,Judah Jah Leone,Mintz,J,M,J,M,J. Mintz,MANISA BASKET,MNS,J. Mintz,10,,,82.709999084473,47.290000915527,1.0,P2,made,MANISA BASKET J. MINTZ 2Pt made,,,,,,,,,2,186,2.0,score,2,54,0,68
08:04,08:04:00,54,68,-14,2,4,REGULAR,5,J. COBBS,0,2pt,549,,['pointsinthepaint'],drivinglayup,1,1,Justin,Cobbs,Justin,Cobbs,J,C,J,C,J. Cobbs,MERSIN SPOR,MSK,J. Cobbs,1,,,7.0500001907349,45.880001068115,0.0,P2,missed,MERSIN SPOR J. COBBS 2Pt missed,,,,,,,,,0,187,1.0,def_reb,0,54,0,68
08:02,08:02:00,54,68,-14,1,4,REGULAR,23,Y. ONAN,1,rebound,550,549,[],defensive,0,7,Yigit,Onan,Yigit,Onan,Y,O,Y,O,Y. Onan,MANISA BASKET,MNS,Y. Onan,7,,,,,,REB,,MANISA BASKET rebound defensive,,,,,,,,,0,188,2.0,def_reb,0,54,0,68
07:58,07:58:00,54,68,-14,2,4,REGULAR,3,K. ÖZMIZRAK,1,foul,552,,"['shooting', '3freethrow']",personal,0,3,Kartal,Özmizrak,Kartal,Özmizrak,K,Ö,K,Ö,K. Özmizrak,MERSIN SPOR,MSK,K. Özmizrak,3,,,,,,FOUL,,MERSIN SPOR K. ÖZMIZRAK foul personal,,,,,,,,,0,189,1.0,,0,54,0,68
07:58,07:58:00,54,68,-14,1,4,REGULAR,30,D. SMITH,1,foulon,553,552,[],,0,2,Dayshon Hassan,Smith,Dayshon Hassan,Smith,D,S,D,S,D. Smith,MANISA BASKET,MNS,D. Smith,2,,,,,,OTHER,,MANISA BASKET foulon,,,,,,,,,0,189,1.0,,0,54,0,68
07:58,07:58:00,54,68,-14,1,4,REGULAR,27,J. JOHNSON,1,substitution,554,,[],out,0,34,Jayce Ryback,Johnson,Jayce Ryback,Johnson,J,J,J,J,J. Johnson,MANISA BASKET,MNS,J. Johnson,34,,,,,,SUB,out,MANISA BASKET substitution out,,,,,,,,,0,189,1.0,,0,54,0,68
07:58,07:58:00,54,68,-14,1,4,REGULAR,28,E. MOBLEY,1,substitution,555,,[],in,0,15,Eric Isaiah,Mobley,Eric Isaiah,Mobley,E,M,E,M,E. Mobley,MANISA BASKET,MNS,E. Mobley,15,,,,,,SUB,in,MANISA BASKET substitution in,,,,,,,,,0,189,1.0,,0,54,0,68
07:58,07:58:00,54,68,-14,2,4,REGULAR,3,K. ÖZMIZRAK,1,substitution,556,,[],out,0,3,Kartal,Özmizrak,Kartal,Özmizrak,K,Ö,K,Ö,K. Özmizrak,MERSIN SPOR,MSK,K. Özmizrak,3,,,,,,SUB,out,MERSIN SPOR substitution out,,,,,,,,,0,189,1.0,,0,54,0,68
07:58,07:58:00,54,68,-14,2,4,REGULAR,9,J. WHITE,1,substitution,557,,[],out,0,14,Jackson Thomas,White,Jackson Thomas,White,J,W,J,W,J. White,MERSIN SPOR,MSK,J. White,14,,,,,,SUB,out,MERSIN SPOR substitution out,,,,,,,,,0,189,1.0,,0,54,0,68
07:58,07:58:00,54,68,-14,2,4,REGULAR,1,H. SAYILI,1,substitution,558,,[],in,0,8,Hakan,Sayili,Hakan,Sayili,H,S,H,S,H. Sayili,MERSIN SPOR,MSK,H. Sayili,8,,,,,,SUB,in,MERSIN SPOR substitution in,,,,,,,,,0,189,1.0,,0,54,0,68
07:58,07:58:00,54,68,-14,2,4,REGULAR,6,F. CRUZ SALDIVAR,1,substitution,559,,[],in,0,9,Francisco Javier,Cruz Saldivar,Francisco Javier,Cruz Saldivar,F,C,F,C,F. Cruz Saldivar,MERSIN SPOR,MSK,F. Cruz Saldivar,9,,,,,,SUB,in,MERSIN SPOR substitution in,,,,,,,,,0,189,1.0,,0,54,0,68
07:58,07:58:00,55,68,-13,1,4,REGULAR,30,D. SMITH,1,freethrow,560,,['fastbreak'],1of3,1,2,Dayshon Hassan,Smith,Dayshon Hassan,Smith,D,S,D,S,D. Smith,MANISA BASKET,MNS,D. Smith,2,,,,,,FT,made,MANISA BASKET D. SMITH FT 1of3 made,,,,,,,,,1,189,1.0,made_ft,1,55,0,68
07:58,07:58:00,56,68,-12,1,4,REGULAR,30,D. SMITH,1,freethrow,561,,['fastbreak'],2of3,1,2,Dayshon Hassan,Smith,Dayshon Hassan,Smith,D,S,D,S,D. Smith,MANISA BASKET,MNS,D. Smith,2,,,,,,FT,made,MANISA BASKET D. SMITH FT 2of3 made,,,,,,,,,1,190,2.0,made_ft,1,56,0,68
07:58,07:58:00,57,68,-11,1,4,REGULAR,30,D. SMITH,1,freethrow,562,,['fastbreak'],3of3,1,2,Dayshon Hassan,Smith,Dayshon Hassan,Smith,D,S,D,S,D. Smith,MANISA BASKET,MNS,D. Smith,2,,,,,,FT,made,MANISA BASKET D. SMITH FT 3of3 made,,,,,,,,,1,191,1.0,made_ft_last,1,57,0,68
07:58,07:58:00,57,68,-11,1,4,REGULAR,30,D. SMITH,1,substitution,563,,[],out,0,2,Dayshon Hassan,Smith,Dayshon Hassan,Smith,D,S,D,S,D. Smith,MANISA BASKET,MNS,D. Smith,2,,,,,,SUB,out,MANISA BASKET substitution out,,,,,,,,,0,192,2.0,,0,57,0,68
07:58,07:58:00,57,68,-11,1,4,REGULAR,33,K. ZEMAITIS,1,substitution,564,,[],in,0,13,Kristupas,Zemaitis,Kristupas,Zemaitis,K,Z,K,Z,K. Zemaitis,MANISA BASKET,MNS,K. Zemaitis,13,,,,,,SUB,in,MANISA BASKET substitution in,,,,,,,,,0,192,2.0,,0,57,0,68
07:45,07:45:00,57,70,-13,2,4,REGULAR,7,B. BENTIL,1,2pt,566,,['pointsinthepaint'],drivinglayup,1,50,Benjamin,Bentil,Benjamin,Bentil,B,B,B,B,B. Bentil,MERSIN SPOR,MSK,B. Bentil,50,,,7.8299999237061,52.369998931885,1.0,P2,made,MERSIN SPOR B. BENTIL 2Pt made,,,,,,,,,2,192,2.0,score,0,57,2,70
07:29,07:29:00,57,70,-13,1,4,REGULAR,28,E. MOBLEY,0,3pt,567,,[],jumpshot,1,15,Eric Isaiah,Mobley,Eric Isaiah,Mobley,E,M,E,M,E. Mobley,MANISA BASKET,MNS,E. Mobley,15,,,94.410003662109,4.6300001144409,0.0,P3,missed,MANISA BASKET E. MOBLEY 3Pt missed,,,,,,,,,0,193,1.0,def_reb,0,57,0,70
07:26,07:26:00,57,70,-13,2,4,REGULAR,10,R. MARCH JR,1,rebound,568,567,[],defensive,0,4,Ronald Eugene,March Jr,Ronald Eugene,March Jr,R,M,R,M,R. March Jr,MERSIN SPOR,MSK,R. March Jr,4,,,,,,REB,,MERSIN SPOR rebound defensive,,,,,,,,,0,194,2.0,def_reb,0,57,0,70
07:16,07:16:00,57,70,-13,2,4,REGULAR,6,F. CRUZ SALDIVAR,1,turnover,569,,[],badpass,0,9,Francisco Javier,Cruz Saldivar,Francisco Javier,Cruz Saldivar,F,C,F,C,F. Cruz Saldivar,MERSIN SPOR,MSK,F. Cruz Saldivar,9,,,,,,TO,,MERSIN SPOR F. CRUZ SALDIVAR turnover badpass,,,,,,,,,0,195,1.0,turnover,0,57,0,70
07:16,07:16:00,57,70,-13,1,4,REGULAR,31,J. SCRUBB,1,steal,570,569,[],,0,1,Jayden Amari,Scrubb,Jayden Amari,Scrubb,J,S,J,S,J. Scrubb,MANISA BASKET,MNS,J. Scrubb,1,,,,,,ST,,MANISA BASKET J. SCRUBB steal,,,,,,,,,0,196,2.0,,0,57,0,70
07:09,07:09:00,59,70,-11,1,4,REGULAR,31,J. SCRUBB,1,2pt,571,,"['fromturnover', 'pointsinthepaint']",jumpshot,1,1,Jayden Amari,Scrubb,Jayden Amari,Scrubb,J,S,J,S,J. Scrubb,MANISA BASKET,MNS,J. Scrubb,1,,,92.540000915527,55.759998321533,1.0,P2,made,MANISA BASKET J. SCRUBB 2Pt made,,,,,,,,,2,196,2.0,score,2,59,0,70
06:46,06:46:00,59,73,-14,2,4,REGULAR,6,F. CRUZ SALDIVAR,1,3pt,573,,[],jumpshot,1,9,Francisco Javier,Cruz Saldivar,Francisco Javier,Cruz Saldivar,F,C,F,C,F. Cruz Saldivar,MERSIN SPOR,MSK,F. Cruz Saldivar,9,,,12.819999694824,95.589996337891,1.0,P3,made,MERSIN SPOR F. CRUZ SALDIVAR 3Pt made,5.0,2.0,J. COBBS,,,,,,3,197,1.0,score,0,59,3,73
06:46,06:46:00,59,73,-14,2,4,REGULAR,5,J. COBBS,1,assist,574,573,[],,0,1,Justin,Cobbs,Justin,Cobbs,J,C,J,C,J. Cobbs,MERSIN SPOR,MSK,J. Cobbs,1,,,,,,ASS,,MERSIN SPOR J. COBBS assist,,,,,,,,,0,198,2.0,,0,59,0,73
06:45,06:45:00,59,73,-14,1,4,REGULAR,0,,1,timeout,575,,[],full,0,,,,,,,,,,,MANISA BASKET,MNS,,,,,,,,TIMEOUT,,MANISA BASKET timeout,,,,,,,,,0,198,2.0,,0,59,0,73
06:45,06:45:00,59,73,-14,2,4,REGULAR,5,J. COBBS,1,substitution,576,,[],out,0,1,Justin,Cobbs,Justin,Cobbs,J,C,J,C,J. Cobbs,MERSIN SPOR,MSK,J. Cobbs,1,,,,,,SUB,out,MERSIN SPOR substitution out,,,,,,,,,0,198,2.0,,0,59,0,73
06:45,06:45:00,59,73,-14,2,4,REGULAR,56,A. COWAN,1,substitution,577,,[],in,0,7,Anthony Dewayne,Cowan,Anthony Dewayne,Cowan,A,C,A,C,A. Cowan,MERSIN SPOR,MSK,A. Cowan,7,,,,,,SUB,in,MERSIN SPOR substitution in,,,,,,,,,0,198,2.0,,0,59,0,73
06:28,06:28:00,59,73,-14,2,4,REGULAR,7,B. BENTIL,1,foul,582,,[],personal,0,50,Benjamin,Bentil,Benjamin,Bentil,B,B,B,B,B. Bentil,MERSIN SPOR,MSK,B. Bentil,50,,,,,,FOUL,,MERSIN SPOR B. BENTIL foul personal,,,,,,,,,0,198,2.0,,0,59,0,73
06:28,06:28:00,59,73,-14,1,4,REGULAR,33,K. ZEMAITIS,1,foulon,583,582,[],,0,13,Kristupas,Zemaitis,Kristupas,Zemaitis,K,Z,K,Z,K. Zemaitis,MANISA BASKET,MNS,K. Zemaitis,13,,,,,,OTHER,,MANISA BASKET foulon,,,,,,,,,0,198,2.0,,0,59,0,73
06:24,06:24:00,59,73,-14,1,4,REGULAR,32,J. MINTZ,0,2pt,585,,['pointsinthepaint'],jumpshot,1,10,Judah Jah Leone,Mintz,Judah Jah Leone,Mintz,J,M,J,M,J. Mintz,MANISA BASKET,MNS,J. Mintz,10,,,92.069999694824,41.360000610352,0.0,P2,missed,MANISA BASKET J. MINTZ 2Pt missed,,,,,,,,,0,198,2.0,def_reb,0,59,0,73
06:22,06:22:00,59,73,-14,2,4,REGULAR,6,F. CRUZ SALDIVAR,1,rebound,586,585,[],defensive,0,9,Francisco Javier,Cruz Saldivar,Francisco Javier,Cruz Saldivar,F,C,F,C,F. Cruz Saldivar,MERSIN SPOR,MSK,F. Cruz Saldivar,9,,,,,,REB,,MERSIN SPOR rebound defensive,,,,,,,,,0,199,1.0,def_reb,0,59,0,73
06:11,06:11:00,59,75,-16,2,4,REGULAR,7,B. BENTIL,1,2pt,587,,['pointsinthepaint'],jumpshot,1,50,Benjamin,Bentil,Benjamin,Bentil,B,B,B,B,B. Bentil,MERSIN SPOR,MSK,B. Bentil,50,,,10.020000457764,45.310001373291,1.0,P2,made,MERSIN SPOR B. BENTIL 2Pt made,1.0,2.0,H. SAYILI,,,,,,2,200,2.0,score,0,59,2,75
06:11,06:11:00,59,75,-16,2,4,REGULAR,1,H. SAYILI,1,assist,588,587,[],,0,8,Hakan,Sayili,Hakan,Sayili,H,S,H,S,H. Sayili,MERSIN SPOR,MSK,H. Sayili,8,,,,,,ASS,,MERSIN SPOR H. SAYILI assist,,,,,,,,,0,201,1.0,,0,59,0,75
05:52,05:52:00,59,75,-16,2,4,REGULAR,7,B. BENTIL,1,foul,590,,[],personal,0,50,Benjamin,Bentil,Benjamin,Bentil,B,B,B,B,B. Bentil,MERSIN SPOR,MSK,B. Bentil,50,,,,,,FOUL,,MERSIN SPOR B. BENTIL foul personal,,,,,,,,,0,201,1.0,,0,59,0,75
05:52,05:52:00,59,75,-16,1,4,REGULAR,33,K. ZEMAITIS,1,foulon,591,590,[],,0,13,Kristupas,Zemaitis,Kristupas,Zemaitis,K,Z,K,Z,K. Zemaitis,MANISA BASKET,MNS,K. Zemaitis,13,,,,,,OTHER,,MANISA BASKET foulon,,,,,,,,,0,201,1.0,,0,59,0,75
05:45,05:45:00,59,75,-16,2,4,REGULAR,7,B. BENTIL,1,foul,594,,"['shooting', '2freethrow']",personal,0,50,Benjamin,Bentil,Benjamin,Bentil,B,B,B,B,B. Bentil,MERSIN SPOR,MSK,B. Bentil,50,,,,,,FOUL,,MERSIN SPOR B. BENTIL foul personal,,,,,,,,,0,201,1.0,,0,59,0,75
05:45,05:45:00,59,75,-16,1,4,REGULAR,32,J. MINTZ,1,foulon,595,594,[],,0,10,Judah Jah Leone,Mintz,Judah Jah Leone,Mintz,J,M,J,M,J. Mintz,MANISA BASKET,MNS,J. Mintz,10,,,,,,OTHER,,MANISA BASKET foulon,,,,,,,,,0,201,1.0,,0,59,0,75
05:45,05:45:00,59,75,-16,2,4,REGULAR,7,B. BENTIL,1,substitution,596,,[],out,0,50,Benjamin,Bentil,Benjamin,Bentil,B,B,B,B,B. Bentil,MERSIN SPOR,MSK,B. Bentil,50,,,,,,SUB,out,MERSIN SPOR substitution out,,,,,,,,,0,201,1.0,,0,59,0,75
05:45,05:45:00,59,75,-16,2,4,REGULAR,55,A. OLASENI,1,substitution,597,,[],in,0,0,Abodunrin Gabriel,Olaseni,Abodunrin Gabriel,Olaseni,A,O,A,O,A. Olaseni,MERSIN SPOR,MSK,A. Olaseni,0,,,,,,SUB,in,MERSIN SPOR substitution in,,,,,,,,,0,201,1.0,,0,59,0,75
05:45,05:45:00,59,75,-16,1,4,REGULAR,32,J. MINTZ,0,freethrow,598,,[],1of2,1,10,Judah Jah Leone,Mintz,Judah Jah Leone,Mintz,J,M,J,M,J. Mintz,MANISA BASKET,MNS,J. Mintz,10,,,,,,FT,missed,MANISA BASKET J. MINTZ FT 1of2 missed,,,,,,,,,0,201,1.0,def_reb,0,59,0,75
05:45,05:45:00,59,75,-16,1,4,REGULAR,0,,1,rebound,599,598,[],offensivedeadball,0,,,,,,,,,,,MANISA BASKET,MNS,,,,,,,,TREB,,MANISA BASKET team rebound offensivedeadball,,,,,,,,,0,202,2.0,def_reb,0,59,0,75
05:45,05:45:00,60,75,-15,1,4,REGULAR,32,J. MINTZ,1,freethrow,600,,[],2of2,1,10,Judah Jah Leone,Mintz,Judah Jah Leone,Mintz,J,M,J,M,J. Mintz,MANISA BASKET,MNS,J. Mintz,10,,,,,,FT,made,MANISA BASKET J. MINTZ FT 2of2 made,,,,,,,,,1,203,1.0,made_ft_last,1,60,0,75
05:44,05:44:00,60,75,-15,1,4,REGULAR,31,J. SCRUBB,1,substitution,603,,[],out,0,1,Jayden Amari,Scrubb,Jayden Amari,Scrubb,J,S,J,S,J. Scrubb,MANISA BASKET,MNS,J. Scrubb,1,,,,,,SUB,out,MANISA BASKET substitution out,,,,,,,,,0,204,2.0,,0,60,0,75
05:44,05:44:00,60,75,-15,1,4,REGULAR,32,J. MINTZ,1,substitution,604,,[],out,0,10,Judah Jah Leone,Mintz,Judah Jah Leone,Mintz,J,M,J,M,J. Mintz,MANISA BASKET,MNS,J. Mintz,10,,,,,,SUB,out,MANISA BASKET substitution out,,,,,,,,,0,204,2.0,,0,60,0,75
05:44,05:44:00,60,75,-15,1,4,REGULAR,30,D. SMITH,1,substitution,605,,[],in,0,2,Dayshon Hassan,Smith,Dayshon Hassan,Smith,D,S,D,S,D. Smith,MANISA BASKET,MNS,D. Smith,2,,,,,,SUB,in,MANISA BASKET substitution in,,,,,,,,,0,204,2.0,,0,60,0,75
05:44,05:44:00,60,75,-15,1,4,REGULAR,29,J. CARDOSO PEREIRA,1,substitution,606,,[],in,0,45,Joao Marcello,Cardoso Pereira,Joao Marcello,Cardoso Pereira,J,C,J,C,J. Cardoso Pereira,MANISA BASKET,MNS,J. Cardoso Pereira,45,,,,,,SUB,in,MANISA BASKET substitution in,,,,,,,,,0,204,2.0,,0,60,0,75
05:26,05:26:00,60,75,-15,2,4,REGULAR,56,A. COWAN,1,turnover,609,,[],badpass,0,7,Anthony Dewayne,Cowan,Anthony Dewayne,Cowan,A,C,A,C,A. Cowan,MERSIN SPOR,MSK,A. Cowan,7,,,,,,TO,,MERSIN SPOR A. COWAN turnover badpass,,,,,,,,,0,204,2.0,turnover,0,60,0,75
05:18,05:18:00,60,75,-15,2,4,REGULAR,6,F. CRUZ SALDIVAR,1,foul,612,,['2freethrow'],personal,0,9,Francisco Javier,Cruz Saldivar,Francisco Javier,Cruz Saldivar,F,C,F,C,F. Cruz Saldivar,MERSIN SPOR,MSK,F. Cruz Saldivar,9,,,,,,FOUL,,MERSIN SPOR F. CRUZ SALDIVAR foul personal,,,,,,,,,0,205,1.0,,0,60,0,75
05:18,05:18:00,60,75,-15,1,4,REGULAR,28,E. MOBLEY,1,foulon,613,612,[],,0,15,Eric Isaiah,Mobley,Eric Isaiah,Mobley,E,M,E,M,E. Mobley,MANISA BASKET,MNS,E. Mobley,15,,,,,,OTHER,,MANISA BASKET foulon,,,,,,,,,0,205,1.0,,0,60,0,75
05:18,05:18:00,61,75,-14,1,4,REGULAR,28,E. MOBLEY,1,freethrow,614,,['fromturnover'],1of2,1,15,Eric Isaiah,Mobley,Eric Isaiah,Mobley,E,M,E,M,E. Mobley,MANISA BASKET,MNS,E. Mobley,15,,,,,,FT,made,MANISA BASKET E. MOBLEY FT 1of2 made,,,,,,,,,1,205,1.0,made_ft,1,61,0,75
05:18,05:18:00,62,75,-13,1,4,REGULAR,28,E. MOBLEY,1,freethrow,615,,['fromturnover'],2of2,1,15,Eric Isaiah,Mobley,Eric Isaiah,Mobley,E,M,E,M,E. Mobley,MANISA BASKET,MNS,E. Mobley,15,,,,,,FT,made,MANISA BASKET E. MOBLEY FT 2of2 made,,,,,,,,,1,206,2.0,made_ft_last,1,62,0,75
04:59,04:59:00,62,75,-13,2,4,REGULAR,55,A. OLASENI,0,2pt,618,,"['pointsinthepaint', 'blocked']",jumpshot,1,0,Abodunrin Gabriel,Olaseni,Abodunrin Gabriel,Olaseni,A,O,A,O,A. Olaseni,MERSIN SPOR,MSK,A. Olaseni,0,,,10.479999542236,50.110000610352,0.0,P2,missed,MERSIN SPOR A. OLASENI 2Pt missed,,,,29.0,1.0,J. CARDOSO PEREIRA,,,0,207,1.0,,0,62,0,75
04:59,04:59:00,62,75,-13,1,4,REGULAR,29,J. CARDOSO PEREIRA,1,block,619,618,[],,0,45,Joao Marcello,Cardoso Pereira,Joao Marcello,Cardoso Pereira,J,C,J,C,J. Cardoso Pereira,MANISA BASKET,MNS,J. Cardoso Pereira,45,,,,,,BS,,MANISA BASKET J. CARDOSO PEREIRA block,,,,,,,,,0,207,1.0,,0,62,0,75
04:59,04:59:00,62,75,-13,1,4,REGULAR,0,,1,rebound,620,618,['team'],defensive,0,,,,,,,,,,,MANISA BASKET,MNS,,,,,,,,TREB,,MANISA BASKET team rebound defensive,,,,,,,,,0,207,1.0,def_reb,0,62,0,75
04:53,04:53:00,62,75,-13,1,4,REGULAR,29,J. CARDOSO PEREIRA,0,2pt,622,,['pointsinthepaint'],alleyoop,1,45,Joao Marcello,Cardoso Pereira,Joao Marcello,Cardoso Pereira,J,C,J,C,J. Cardoso Pereira,MANISA BASKET,MNS,J. Cardoso Pereira,45,,,93.01000213623,51.810001373291,0.0,P2,missed,MANISA BASKET J. CARDOSO PEREIRA 2Pt missed,,,,,,,,,0,208,2.0,,0,62,0,75
04:48,04:48:00,62,75,-13,1,4,REGULAR,29,J. CARDOSO PEREIRA,1,rebound,623,622,[],offensive,0,45,Joao Marcello,Cardoso Pereira,Joao Marcello,Cardoso Pereira,J,C,J,C,J. Cardoso Pereira,MANISA BASKET,MNS,J. Cardoso Pereira,45,,,,,,REB,,MANISA BASKET rebound offensive,,,,,,,,,0,208,2.0,,0,62,0,75
04:48,04:48:00,64,75,-11,1,4,REGULAR,29,J. CARDOSO PEREIRA,1,2pt,624,,"['2ndchance', 'pointsinthepaint']",tipinlayup,1,45,Joao Marcello,Cardoso Pereira,Joao Marcello,Cardoso Pereira,J,C,J,C,J. Cardoso Pereira,MANISA BASKET,MNS,J. Cardoso Pereira,45,,,94.0,50.0,1.0,P2,made,MANISA BASKET J. CARDOSO PEREIRA 2Pt made,,,,,,,,,2,208,2.0,score,2,64,0,75
04:30,04:30:00,64,78,-14,2,4,REGULAR,10,R. MARCH JR,1,3pt,625,,[],jumpshot,1,4,Ronald Eugene,March Jr,Ronald Eugene,March Jr,R,M,R,M,R. March Jr,MERSIN SPOR,MSK,R. March Jr,4,,,6.9000000953674,3.2200000286102,1.0,P3,made,MERSIN SPOR R. MARCH JR 3Pt made,6.0,2.0,F. CRUZ SALDIVAR,,,,,,3,209,1.0,score,0,64,3,78
04:30,04:30:00,64,78,-14,2,4,REGULAR,6,F. CRUZ SALDIVAR,1,assist,626,625,[],,0,9,Francisco Javier,Cruz Saldivar,Francisco Javier,Cruz Saldivar,F,C,F,C,F. Cruz Saldivar,MERSIN SPOR,MSK,F. Cruz Saldivar,9,,,,,,ASS,,MERSIN SPOR F. CRUZ SALDIVAR assist,,,,,,,,,0,210,2.0,,0,64,0,78
04:17,04:17:00,64,78,-14,1,4,REGULAR,33,K. ZEMAITIS,0,3pt,628,,[],jumpshot,1,13,Kristupas,Zemaitis,Kristupas,Zemaitis,K,Z,K,Z,K. Zemaitis,MANISA BASKET,MNS,K. Zemaitis,13,,,74.910003662109,86.839996337891,0.0,P3,missed,MANISA BASKET K. ZEMAITIS 3Pt missed,,,,,,,,,0,210,2.0,def_reb,0,64,0,78
04:17,04:17:00,64,78,-14,1,4,REGULAR,0,,1,rebound,629,628,['team'],offensive,0,,,,,,,,,,,MANISA BASKET,MNS,,,,,,,,TREB,,MANISA BASKET team rebound offensive,,,,,,,,,0,211,1.0,def_reb,0,64,0,78
04:05,04:05:00,64,78,-14,1,4,REGULAR,30,D. SMITH,0,3pt,631,,['2ndchance'],jumpshot,1,2,Dayshon Hassan,Smith,Dayshon Hassan,Smith,D,S,D,S,D. Smith,MANISA BASKET,MNS,D. Smith,2,,,83.809997558594,96.160003662109,0.0,P3,missed,MANISA BASKET D. SMITH 3Pt missed,,,,,,,,,0,212,2.0,def_reb,0,64,0,78
04:02,04:02:00,64,78,-14,2,4,REGULAR,55,A. OLASENI,1,rebound,632,631,[],defensive,0,0,Abodunrin Gabriel,Olaseni,Abodunrin Gabriel,Olaseni,A,O,A,O,A. Olaseni,MERSIN SPOR,MSK,A. Olaseni,0,,,,,,REB,,MERSIN SPOR rebound defensive,,,,,,,,,0,213,1.0,def_reb,0,64,0,78
03:54,03:54:00,64,80,-16,2,4,REGULAR,56,A. COWAN,1,2pt,634,,['pointsinthepaint'],drivinglayup,1,7,Anthony Dewayne,Cowan,Anthony Dewayne,Cowan,A,C,A,C,A. Cowan,MERSIN SPOR,MSK,A. Cowan,7,,,7.8299999237061,54.349998474121,1.0,P2,made,MERSIN SPOR A. COWAN 2Pt made,,,,,,,,,2,214,2.0,score,0,64,2,80
03:54,03:54:00,64,80,-16,1,4,REGULAR,29,J. CARDOSO PEREIRA,1,foul,635,,"['shooting', '1freethrow']",personal,0,45,Joao Marcello,Cardoso Pereira,Joao Marcello,Cardoso Pereira,J,C,J,C,J. Cardoso Pereira,MANISA BASKET,MNS,J. Cardoso Pereira,45,,,,,,FOUL,,MANISA BASKET J. CARDOSO PEREIRA foul personal,,,,,,,,,0,215,1.0,,0,64,0,80
03:54,03:54:00,64,80,-16,2,4,REGULAR,56,A. COWAN,1,foulon,636,635,[],,0,7,Anthony Dewayne,Cowan,Anthony Dewayne,Cowan,A,C,A,C,A. Cowan,MERSIN SPOR,MSK,A. Cowan,7,,,,,,OTHER,,MERSIN SPOR foulon,,,,,,,,,0,215,1.0,,0,64,0,80
03:54,03:54:00,64,81,-17,2,4,REGULAR,56,A. COWAN,1,freethrow,637,,[],1of1,1,7,Anthony Dewayne,Cowan,Anthony Dewayne,Cowan,A,C,A,C,A. Cowan,MERSIN SPOR,MSK,A. Cowan,7,,,,,,FT,made,MERSIN SPOR A. COWAN FT 1of1 made,,,,,,,,,1,215,1.0,made_ft_last,0,64,1,81
03:43,03:43:00,64,81,-17,1,4,REGULAR,33,K. ZEMAITIS,1,turnover,639,,[],badpass,0,13,Kristupas,Zemaitis,Kristupas,Zemaitis,K,Z,K,Z,K. Zemaitis,MANISA BASKET,MNS,K. Zemaitis,13,,,,,,TO,,MANISA BASKET K. ZEMAITIS turnover badpass,,,,,,,,,0,216,2.0,turnover,0,64,0,81
03:43,03:43:00,64,81,-17,2,4,REGULAR,55,A. OLASENI,1,steal,640,639,[],,0,0,Abodunrin Gabriel,Olaseni,Abodunrin Gabriel,Olaseni,A,O,A,O,A. Olaseni,MERSIN SPOR,MSK,A. Olaseni,0,,,,,,ST,,MERSIN SPOR A. OLASENI steal,,,,,,,,,0,217,1.0,,0,64,0,81
03:29,03:29:00,64,84,-20,2,4,REGULAR,10,R. MARCH JR,1,3pt,642,,['fromturnover'],jumpshot,1,4,Ronald Eugene,March Jr,Ronald Eugene,March Jr,R,M,R,M,R. March Jr,MERSIN SPOR,MSK,R. March Jr,4,,,29.200000762939,29.489999771118,1.0,P3,made,MERSIN SPOR R. MARCH JR 3Pt made,,,,,,,,,3,217,1.0,score,0,64,3,84
03:28,03:28:00,64,84,-20,1,4,REGULAR,0,,1,timeout,643,,[],full,0,,,,,,,,,,,MANISA BASKET,MNS,,,,,,,,TIMEOUT,,MANISA BASKET timeout,,,,,,,,,0,218,2.0,,0,64,0,84
03:28,03:28:00,64,84,-20,1,4,REGULAR,28,E. MOBLEY,1,substitution,644,,[],out,0,15,Eric Isaiah,Mobley,Eric Isaiah,Mobley,E,M,E,M,E. Mobley,MANISA BASKET,MNS,E. Mobley,15,,,,,,SUB,out,MANISA BASKET substitution out,,,,,,,,,0,218,2.0,,0,64,0,84
03:28,03:28:00,64,84,-20,1,4,REGULAR,27,J. JOHNSON,1,substitution,645,,[],in,0,34,Jayce Ryback,Johnson,Jayce Ryback,Johnson,J,J,J,J,J. Johnson,MANISA BASKET,MNS,J. Johnson,34,,,,,,SUB,in,MANISA BASKET substitution in,,,,,,,,,0,218,2.0,,0,64,0,84
03:28,03:28:00,64,84,-20,2,4,REGULAR,6,F. CRUZ SALDIVAR,1,substitution,646,,[],out,0,9,Francisco Javier,Cruz Saldivar,Francisco Javier,Cruz Saldivar,F,C,F,C,F. Cruz Saldivar,MERSIN SPOR,MSK,F. Cruz Saldivar,9,,,,,,SUB,out,MERSIN SPOR substitution out,,,,,,,,,0,218,2.0,,0,64,0,84
03:28,03:28:00,64,84,-20,2,4,REGULAR,8,L. APAYDIN,1,substitution,647,,[],in,0,5,Leon Harun,Apaydin,Leon Harun,Apaydin,L,A,L,A,L. Apaydin,MERSIN SPOR,MSK,L. Apaydin,5,,,,,,SUB,in,MERSIN SPOR substitution in,,,,,,,,,0,218,2.0,,0,64,0,84
03:14,03:14:00,66,84,-18,1,4,REGULAR,33,K. ZEMAITIS,1,2pt,649,,[],floatingjumpshot,1,13,Kristupas,Zemaitis,Kristupas,Zemaitis,K,Z,K,Z,K. Zemaitis,MANISA BASKET,MNS,K. Zemaitis,13,,,91.449996948242,66.779998779297,1.0,P2,made,MANISA BASKET K. ZEMAITIS 2Pt made,30.0,1.0,D. SMITH,,,,,,2,218,2.0,score,2,66,0,84
03:14,03:14:00,66,84,-18,1,4,REGULAR,30,D. SMITH,1,assist,650,649,[],,0,2,Dayshon Hassan,Smith,Dayshon Hassan,Smith,D,S,D,S,D. Smith,MANISA BASKET,MNS,D. Smith,2,,,,,,ASS,,MANISA BASKET D. SMITH assist,,,,,,,,,0,219,1.0,,0,66,0,84
02:59,02:59:00,66,84,-18,2,4,REGULAR,0,,1,timeout,652,,[],full,0,,,,,,,,,,,MERSIN SPOR,MSK,,,,,,,,TIMEOUT,,MERSIN SPOR timeout,,,,,,,,,0,219,1.0,,0,66,0,84
02:48,02:48:00,66,84,-18,2,4,REGULAR,1,H. SAYILI,0,3pt,654,,[],jumpshot,1,8,Hakan,Sayili,Hakan,Sayili,H,S,H,S,H. Sayili,MERSIN SPOR,MSK,H. Sayili,8,,,18.909999847412,10.279999732971,0.0,P3,missed,MERSIN SPOR H. SAYILI 3Pt missed,,,,,,,,,0,219,1.0,def_reb,0,66,0,84
02:45,02:45:00,66,84,-18,1,4,REGULAR,30,D. SMITH,1,rebound,655,654,[],defensive,0,2,Dayshon Hassan,Smith,Dayshon Hassan,Smith,D,S,D,S,D. Smith,MANISA BASKET,MNS,D. Smith,2,,,,,,REB,,MANISA BASKET rebound defensive,,,,,,,,,0,220,2.0,def_reb,0,66,0,84
02:40,02:40:00,68,84,-16,1,4,REGULAR,29,J. CARDOSO PEREIRA,1,2pt,656,,"['pointsinthepaint', 'fastbreak']",reverselayup,1,45,Joao Marcello,Cardoso Pereira,Joao Marcello,Cardoso Pereira,J,C,J,C,J. Cardoso Pereira,MANISA BASKET,MNS,J. Cardoso Pereira,45,,,93.169998168945,56.610000610352,1.0,P2,made,MANISA BASKET J. CARDOSO PEREIRA 2Pt made,30.0,1.0,D. SMITH,,,,,,2,221,1.0,score,2,68,0,84
02:40,02:40:00,68,84,-16,1,4,REGULAR,30,D. SMITH,1,assist,657,656,[],,0,2,Dayshon Hassan,Smith,Dayshon Hassan,Smith,D,S,D,S,D. Smith,MANISA BASKET,MNS,D. Smith,2,,,,,,ASS,,MANISA BASKET D. SMITH assist,,,,,,,,,0,222,2.0,,0,68,0,84
02:17,02:17:00,68,84,-16,1,4,REGULAR,30,D. SMITH,1,foul,659,,[],personal,0,2,Dayshon Hassan,Smith,Dayshon Hassan,Smith,D,S,D,S,D. Smith,MANISA BASKET,MNS,D. Smith,2,,,,,,FOUL,,MANISA BASKET D. SMITH foul personal,,,,,,,,,0,222,2.0,,0,68,0,84
02:17,02:17:00,68,84,-16,2,4,REGULAR,55,A. OLASENI,1,foulon,660,659,[],,0,0,Abodunrin Gabriel,Olaseni,Abodunrin Gabriel,Olaseni,A,O,A,O,A. Olaseni,MERSIN SPOR,MSK,A. Olaseni,0,,,,,,OTHER,,MERSIN SPOR foulon,,,,,,,,,0,222,2.0,,0,68,0,84
02:14,02:14:00,68,84,-16,2,4,REGULAR,10,R. MARCH JR,1,turnover,662,,[],badpass,0,4,Ronald Eugene,March Jr,Ronald Eugene,March Jr,R,M,R,M,R. March Jr,MERSIN SPOR,MSK,R. March Jr,4,,,,,,TO,,MERSIN SPOR R. MARCH JR turnover badpass,,,,,,,,,0,222,2.0,turnover,0,68,0,84
02:14,02:14:00,68,84,-16,1,4,REGULAR,29,J. CARDOSO PEREIRA,1,steal,663,662,[],,0,45,Joao Marcello,Cardoso Pereira,Joao Marcello,Cardoso Pereira,J,C,J,C,J. Cardoso Pereira,MANISA BASKET,MNS,J. Cardoso Pereira,45,,,,,,ST,,MANISA BASKET J. CARDOSO PEREIRA steal,,,,,,,,,0,223,1.0,,0,68,0,84
02:09,02:09:00,68,84,-16,1,4,REGULAR,23,Y. ONAN,0,2pt,664,,"['fromturnover', 'pointsinthepaint', 'blocked']",jumpshot,1,7,Yigit,Onan,Yigit,Onan,Y,O,Y,O,Y. Onan,MANISA BASKET,MNS,Y. Onan,7,,,93.169998168945,50.959999084473,0.0,P2,missed,MANISA BASKET Y. ONAN 2Pt missed,,,,10.0,2.0,R. MARCH JR,,,0,223,1.0,,0,68,0,84
02:09,02:09:00,68,84,-16,2,4,REGULAR,10,R. MARCH JR,1,block,665,664,[],,0,4,Ronald Eugene,March Jr,Ronald Eugene,March Jr,R,M,R,M,R. March Jr,MERSIN SPOR,MSK,R. March Jr,4,,,,,,BS,,MERSIN SPOR R. MARCH JR block,,,,,,,,,0,223,1.0,,0,68,0,84
02:05,02:05:00,68,84,-16,2,4,REGULAR,8,L. APAYDIN,1,rebound,666,664,[],defensive,0,5,Leon Harun,Apaydin,Leon Harun,Apaydin,L,A,L,A,L. Apaydin,MERSIN SPOR,MSK,L. Apaydin,5,,,,,,REB,,MERSIN SPOR rebound defensive,,,,,,,,,0,223,1.0,def_reb,0,68,0,84
01:52,01:52:00,68,84,-16,1,4,REGULAR,23,Y. ONAN,1,foul,668,,"['shooting', '2freethrow']",personal,0,7,Yigit,Onan,Yigit,Onan,Y,O,Y,O,Y. Onan,MANISA BASKET,MNS,Y. Onan,7,,,,,,FOUL,,MANISA BASKET Y. ONAN foul personal,,,,,,,,,0,224,2.0,,0,68,0,84
01:52,01:52:00,68,84,-16,2,4,REGULAR,56,A. COWAN,1,foulon,669,668,[],,0,7,Anthony Dewayne,Cowan,Anthony Dewayne,Cowan,A,C,A,C,A. Cowan,MERSIN SPOR,MSK,A. Cowan,7,,,,,,OTHER,,MERSIN SPOR foulon,,,,,,,,,0,224,2.0,,0,68,0,84
01:52,01:52:00,68,84,-16,1,4,REGULAR,23,Y. ONAN,1,substitution,670,,[],out,0,7,Yigit,Onan,Yigit,Onan,Y,O,Y,O,Y. Onan,MANISA BASKET,MNS,Y. Onan,7,,,,,,SUB,out,MANISA BASKET substitution out,,,,,,,,,0,224,2.0,,0,68,0,84
01:52,01:52:00,68,84,-16,1,4,REGULAR,22,B. ERYURTLU,1,substitution,671,,[],in,0,6,Batu,Eryurtlu,Batu,Eryurtlu,B,E,B,E,B. Eryurtlu,MANISA BASKET,MNS,B. Eryurtlu,6,,,,,,SUB,in,MANISA BASKET substitution in,,,,,,,,,0,224,2.0,,0,68,0,84
01:52,01:52:00,68,84,-16,2,4,REGULAR,56,A. COWAN,0,freethrow,672,,[],1of2,1,7,Anthony Dewayne,Cowan,Anthony Dewayne,Cowan,A,C,A,C,A. Cowan,MERSIN SPOR,MSK,A. Cowan,7,,,,,,FT,missed,MERSIN SPOR A. COWAN FT 1of2 missed,,,,,,,,,0,224,2.0,def_reb,0,68,0,84
01:52,01:52:00,68,84,-16,2,4,REGULAR,0,,1,rebound,673,672,[],offensivedeadball,0,,,,,,,,,,,MERSIN SPOR,MSK,,,,,,,,TREB,,MERSIN SPOR team rebound offensivedeadball,,,,,,,,,0,225,1.0,def_reb,0,68,0,84
01:52,01:52:00,68,85,-17,2,4,REGULAR,56,A. COWAN,1,freethrow,674,,[],2of2,1,7,Anthony Dewayne,Cowan,Anthony Dewayne,Cowan,A,C,A,C,A. Cowan,MERSIN SPOR,MSK,A. Cowan,7,,,,,,FT,made,MERSIN SPOR A. COWAN FT 2of2 made,,,,,,,,,1,226,2.0,made_ft_last,0,68,1,85
01:35,01:35:00,68,85,-17,1,4,REGULAR,27,J. JOHNSON,0,2pt,676,,['pointsinthepaint'],jumpshot,1,34,Jayce Ryback,Johnson,Jayce Ryback,Johnson,J,J,J,J,J. Johnson,MANISA BASKET,MNS,J. Johnson,34,,,90.360000610352,55.479999542236,0.0,P2,missed,MANISA BASKET J. JOHNSON 2Pt missed,,,,,,,,,0,227,1.0,def_reb,0,68,0,85
01:30,01:30:00,68,85,-17,2,4,REGULAR,1,H. SAYILI,1,rebound,677,676,[],defensive,0,8,Hakan,Sayili,Hakan,Sayili,H,S,H,S,H. Sayili,MERSIN SPOR,MSK,H. Sayili,8,,,,,,REB,,MERSIN SPOR rebound defensive,,,,,,,,,0,228,2.0,def_reb,0,68,0,85
01:11,01:11:00,68,85,-17,2,4,REGULAR,56,A. COWAN,0,2pt,678,,[],stepbackjumpshot,1,7,Anthony Dewayne,Cowan,Anthony Dewayne,Cowan,A,C,A,C,A. Cowan,MERSIN SPOR,MSK,A. Cowan,7,,,22.959999084473,71.019996643066,0.0,P2,missed,MERSIN SPOR A. COWAN 2Pt missed,,,,,,,,,0,229,1.0,,0,68,0,85
01:08,01:08:00,68,85,-17,2,4,REGULAR,1,H. SAYILI,1,rebound,679,678,[],offensive,0,8,Hakan,Sayili,Hakan,Sayili,H,S,H,S,H. Sayili,MERSIN SPOR,MSK,H. Sayili,8,,,,,,REB,,MERSIN SPOR rebound offensive,,,,,,,,,0,229,1.0,,0,68,0,85
00:54,00:54:80,68,85,-17,2,4,REGULAR,56,A. COWAN,0,3pt,682,,['2ndchance'],jumpshot,1,7,Anthony Dewayne,Cowan,Anthony Dewayne,Cowan,A,C,A,C,A. Cowan,MERSIN SPOR,MSK,A. Cowan,7,,,32.639999389648,67.910003662109,0.0,P3,missed,MERSIN SPOR A. COWAN 3Pt missed,,,,,,,,,0,229,1.0,,0,68,0,85
00:52,00:52:70,68,85,-17,2,4,REGULAR,1,H. SAYILI,1,rebound,683,682,[],offensive,0,8,Hakan,Sayili,Hakan,Sayili,H,S,H,S,H. Sayili,MERSIN SPOR,MSK,H. Sayili,8,,,,,,REB,,MERSIN SPOR rebound offensive,,,,,,,,,0,229,1.0,,0,68,0,85
00:51,00:51:80,68,87,-19,2,4,REGULAR,1,H. SAYILI,1,2pt,684,,"['2ndchance', 'pointsinthepaint']",jumpshot,1,8,Hakan,Sayili,Hakan,Sayili,H,S,H,S,H. Sayili,MERSIN SPOR,MSK,H. Sayili,8,,,8.6099996566772,57.740001678467,1.0,P2,made,MERSIN SPOR H. SAYILI 2Pt made,,,,,,,,,2,229,1.0,score,0,68,2,87
00:26,00:26:50,68,87,-19,1,4,REGULAR,30,D. SMITH,0,3pt,685,,[],jumpshot,1,2,Dayshon Hassan,Smith,Dayshon Hassan,Smith,D,S,D,S,D. Smith,MANISA BASKET,MNS,D. Smith,2,,,78.660003662109,93.330001831055,0.0,P3,missed,MANISA BASKET D. SMITH 3Pt missed,,,,,,,,,0,230,2.0,def_reb,0,68,0,87
00:24,00:24:00,68,87,-19,2,4,REGULAR,1,H. SAYILI,1,rebound,686,685,[],defensive,0,8,Hakan,Sayili,Hakan,Sayili,H,S,H,S,H. Sayili,MERSIN SPOR,MSK,H. Sayili,8,,,,,,REB,,MERSIN SPOR rebound defensive,,,,,,,,,0,231,1.0,def_reb,0,68,0,87
00:06,00:06:80,68,87,-19,2,4,REGULAR,55,A. OLASENI,0,2pt,689,,"['pointsinthepaint', 'blocked']",jumpshot,1,0,Abodunrin Gabriel,Olaseni,Abodunrin Gabriel,Olaseni,A,O,A,O,A. Olaseni,MERSIN SPOR,MSK,A. Olaseni,0,,,10.640000343323,61.409999847412,0.0,P2,missed,MERSIN SPOR A. OLASENI 2Pt missed,,,,29.0,1.0,J. CARDOSO PEREIRA,,,0,232,2.0,,0,68,0,87
00:06,00:06:80,68,87,-19,1,4,REGULAR,29,J. CARDOSO PEREIRA,1,block,690,689,[],,0,45,Joao Marcello,Cardoso Pereira,Joao Marcello,Cardoso Pereira,J,C,J,C,J. Cardoso Pereira,MANISA BASKET,MNS,J. Cardoso Pereira,45,,,,,,BS,,MANISA BASKET J. CARDOSO PEREIRA block,,,,,,,,,0,232,2.0,,0,68,0,87
00:06,00:06:80,68,87,-19,1,4,REGULAR,33,K. ZEMAITIS,1,rebound,691,689,[],defensive,0,13,Kristupas,Zemaitis,Kristupas,Zemaitis,K,Z,K,Z,K. Zemaitis,MANISA BASKET,MNS,K. Zemaitis,13,,,,,,REB,,MANISA BASKET rebound defensive,,,,,,,,,0,232,2.0,def_reb,0,68,0,87
00:03,00:03:80,68,87,-19,1,4,REGULAR,22,B. ERYURTLU,0,3pt,694,,[],jumpshot,1,6,Batu,Eryurtlu,Batu,Eryurtlu,B,E,B,E,B. Eryurtlu,MANISA BASKET,MNS,B. Eryurtlu,6,,,70.230003356934,75.25,0.0,P3,missed,MANISA BASKET B. ERYURTLU 3Pt missed,,,,,,,,,0,233,1.0,,0,68,0,87
00:00,00:00:00,68,87,-19,0,4,REGULAR,0,,1,period,697,,['confirmed'],end,0,,,,,,,,,,,,,,,,,,,,OTHER,,period end,,,,,,,,,0,233,1.0,,0,68,0,87
00:00,00:00:00,68,87,-19,0,4,REGULAR,0,,1,game,698,,['confirmed'],end,0,,,,,,,,,,,,,,,,,,,,OTHER,,game end,,,,,,,,,0,233,1.0,,0,68,0,87
