gt,clock,s1,s2,lead,tno,period,periodType,pno,player,success,actionType,actionNumber,previousAction,qualifier,subType,scoring,shirtNumber,firstName,familyName,internationalFirstName,internationalFamilyName,firstNameInitial,familyNameInitial,internationalFirstNameInitial,internationalFamilyNameInitial,scoreboardName,team_name,team_code,player_name_from_roster,player_shirt,player_pos_raw,player_pos_group,x,y,r,ev_code,ev_result,ev_text,assist_pno,assist_tno,assist_player,block_pno,block_tno,block_player,assist_pos_group,block_pos_group,points,possession_id,possession_owner_tno,possession_end_reason,pts_1,cum_1,pts_2,cum_2
10:00,10:00:00,0,0,0,0,1,REGULAR,0,,1,game,1,,[],start,0,,,,,,,,,,,,,,,,,,,,OTHER,,game start,,,,,,,,,0,0,,,0,0,0,0
10:00,10:00:00,0,0,0,0,1,REGULAR,0,,1,period,2,,[],start,0,,,,,,,,,,,,,,,,,,,,OTHER,,period start,,,,,,,,,0,0,,,0,0,0,0
10:00,10:00:00,0,0,0,0,1,REGULAR,0,,1,jumpball,4,,[],startperiod,0,,,,,,,,,,,,,,,,,,,,JUMP,,jump ball,,,,,,,,,0,0,,,0,0,0,0
09:57,09:57:00,0,0,0,2,1,REGULAR,5,M. AGVA,1,jumpball,5,4,[],won,0,46,Mahir,Agva,Mahir,Agva,M,A,M,A,M. Agva,YUKATEL MERKEZEFENDI BELEDIYESI BASKET,YMB,M. Agva,46,,,,,,JUMP,,jump ball,,,,,,,,,0,0,,,0,0,0,0
09:57,09:57:00,0,0,0,1,1,REGULAR,78,S. GEYIK,1,jumpball,6,4,[],lost,0,4,Samet,Geyik,Samet,Geyik,S,G,S,G,S. Geyik,KARSIYAKA,KSK,S. Geyik,4,,,,,,JUMP,,jump ball,,,,,,,,,0,0,,,0,0,0,0
09:46,09:46:00,0,0,0,2,1,REGULAR,12,M. CAZALON,1,turnover,8,,[],badpass,0,21,Malcolm Jean Ahmed,Cazalon,Malcolm Jean Ahmed,Cazalon,M,C,M,C,M. Cazalon,YUKATEL MERKEZEFENDI BELEDIYESI BASKET,YMB,M. Cazalon,21,,,,,,TO,,YUKATEL MERKEZEFENDI BELEDIYESI BASKET M. CAZALON turnover badpass,,,,,,,,,0,1,2.0,turnover,0,0,0,0
09:24,09:24:00,0,0,0,1,1,REGULAR,86,C. CHIOZZA,1,turnover,11,,[],badpass,0,11,Christopher Xavier,Chiozza,Christopher Xavier,Chiozza,C,C,C,C,C. Chiozza,KARSIYAKA,KSK,C. Chiozza,11,,,,,,TO,,KARSIYAKA C. CHIOZZA turnover badpass,,,,,,,,,0,2,1.0,turnover,0,0,0,0
08:59,08:59:00,0,2,-2,2,1,REGULAR,11,S. GRIFFIN,1,2pt,13,,"['fromturnover', 'pointsinthepaint']",drivinglayup,1,1,Samuel Gevaris,Griffin,Samuel Gevaris,Griffin,S,G,S,G,S. Griffin,YUKATEL MERKEZEFENDI BELEDIYESI BASKET,YMB,S. Griffin,1,,,7.0500001907349,58.590000152588,1.0,P2,made,YUKATEL MERKEZEFENDI BELEDIYESI BASKET S. GRIFFIN 2Pt made,,,,,,,,,2,3,2.0,score,0,0,2,2
08:35,08:35:00,0,2,-2,1,1,REGULAR,89,C. MANNING JR,0,3pt,14,,[],jumpshot,1,21,Charles Maurice,Manning Jr,Charles Maurice,Manning Jr,C,M,C,M,C. Manning Jr,KARSIYAKA,KSK,C. Manning Jr,21,,,81.620002746582,5.7600002288818,0.0,P3,missed,KARSIYAKA C. MANNING JR 3Pt missed,,,,,,,,,0,4,1.0,def_reb,0,0,0,2
08:33,08:33:00,0,2,-2,2,1,REGULAR,12,M. CAZALON,1,rebound,15,14,[],defensive,0,21,Malcolm Jean Ahmed,Cazalon,Malcolm Jean Ahmed,Cazalon,M,C,M,C,M. Cazalon,YUKATEL MERKEZEFENDI BELEDIYESI BASKET,YMB,M. Cazalon,21,,,,,,REB,,YUKATEL MERKEZEFENDI BELEDIYESI BASKET rebound defensive,,,,,,,,,0,5,2.0,def_reb,0,0,0,2
08:24,08:24:00,0,4,-4,2,1,REGULAR,13,J. HAWKINS,1,2pt,16,,['pointsinthepaint'],turnaroundjumpshot,1,31,Javontae Aaron,Hawkins,Javontae Aaron,Hawkins,J,H,J,H,J. Hawkins,YUKATEL MERKEZEFENDI BELEDIYESI BASKET,YMB,J. Hawkins,31,,,14.539999961853,66.5,1.0,P2,made,YUKATEL MERKEZEFENDI BELEDIYESI BASKET J. HAWKINS 2Pt made,11.0,2.0,S. GRIFFIN,,,,,,2,6,1.0,score,0,0,2,4
08:24,08:24:00,0,4,-4,2,1,REGULAR,11,S. GRIFFIN,1,assist,17,16,[],,0,1,Samuel Gevaris,Griffin,Samuel Gevaris,Griffin,S,G,S,G,S. Griffin,YUKATEL MERKEZEFENDI BELEDIYESI BASKET,YMB,S. Griffin,1,,,,,,ASS,,YUKATEL MERKEZEFENDI BELEDIYESI BASKET S. GRIFFIN assist,,,,,,,,,0,7,2.0,,0,0,0,4
08:06,08:06:00,0,4,-4,2,1,REGULAR,5,M. AGVA,1,foul,19,,"['shooting', '2freethrow']",personal,0,46,Mahir,Agva,Mahir,Agva,M,A,M,A,M. Agva,YUKATEL MERKEZEFENDI BELEDIYESI BASKET,YMB,M. Agva,46,,,,,,FOUL,,YUKATEL MERKEZEFENDI BELEDIYESI BASKET M. AGVA foul personal,,,,,,,,,0,7,2.0,,0,0,0,4
08:06,08:06:00,0,4,-4,1,1,REGULAR,88,M. MOORE,1,foulon,20,19,[],,0,2,Michael Jarade,Moore,Michael Jarade,Moore,M,M,M,M,M. Moore,KARSIYAKA,KSK,M. Moore,2,,,,,,OTHER,,KARSIYAKA foulon,,,,,,,,,0,7,2.0,,0,0,0,4
08:06,08:06:00,1,4,-3,1,1,REGULAR,88,M. MOORE,1,freethrow,21,,[],1of2,1,2,Michael Jarade,Moore,Michael Jarade,Moore,M,M,M,M,M. Moore,KARSIYAKA,KSK,M. Moore,2,,,,,,FT,made,KARSIYAKA M. MOORE FT 1of2 made,,,,,,,,,1,7,2.0,made_ft,1,1,0,4
08:06,08:06:00,1,4,-3,1,1,REGULAR,86,C. CHIOZZA,1,assist,22,21,[],,0,11,Christopher Xavier,Chiozza,Christopher Xavier,Chiozza,C,C,C,C,C. Chiozza,KARSIYAKA,KSK,C. Chiozza,11,,,,,,ASS,,KARSIYAKA C. CHIOZZA assist,,,,,,,,,0,8,1.0,,0,1,0,4
08:06,08:06:00,1,4,-3,1,1,REGULAR,88,M. MOORE,0,freethrow,23,,[],2of2,1,2,Michael Jarade,Moore,Michael Jarade,Moore,M,M,M,M,M. Moore,KARSIYAKA,KSK,M. Moore,2,,,,,,FT,missed,KARSIYAKA M. MOORE FT 2of2 missed,,,,,,,,,0,8,1.0,def_reb,0,1,0,4
08:06,08:06:00,1,4,-3,2,1,REGULAR,5,M. AGVA,1,rebound,25,23,[],defensive,0,46,Mahir,Agva,Mahir,Agva,M,A,M,A,M. Agva,YUKATEL MERKEZEFENDI BELEDIYESI BASKET,YMB,M. Agva,46,,,,,,REB,,YUKATEL MERKEZEFENDI BELEDIYESI BASKET rebound defensive,,,,,,,,,0,9,2.0,def_reb,0,1,0,4
07:46,07:46:00,1,4,-3,2,1,REGULAR,21,K. SMITH JR,0,2pt,26,,[],jumpshot,1,4,Kenneth Jerome,Smith Jr,Kenneth Jerome,Smith Jr,K,S,K,S,K. Smith Jr,YUKATEL MERKEZEFENDI BELEDIYESI BASKET,YMB,K. Smith Jr,4,,,9.6999998092651,22.709999084473,0.0,P2,missed,YUKATEL MERKEZEFENDI BELEDIYESI BASKET K. SMITH JR 2Pt missed,,,,,,,,,0,10,1.0,def_reb,0,1,0,4
07:42,07:42:00,1,4,-3,1,1,REGULAR,89,C. MANNING JR,1,rebound,27,26,[],defensive,0,21,Charles Maurice,Manning Jr,Charles Maurice,Manning Jr,C,M,C,M,C. Manning Jr,KARSIYAKA,KSK,C. Manning Jr,21,,,,,,REB,,KARSIYAKA rebound defensive,,,,,,,,,0,11,2.0,def_reb,0,1,0,4
07:36,07:36:00,3,4,-1,1,1,REGULAR,89,C. MANNING JR,1,2pt,28,,"['pointsinthepaint', 'fastbreak']",drivinglayup,1,21,Charles Maurice,Manning Jr,Charles Maurice,Manning Jr,C,M,C,M,C. Manning Jr,KARSIYAKA,KSK,C. Manning Jr,21,,,91.76000213623,55.479999542236,1.0,P2,made,KARSIYAKA C. MANNING JR 2Pt made,86.0,1.0,C. CHIOZZA,,,,,,2,12,1.0,score,2,3,0,4
07:36,07:36:00,3,4,-1,1,1,REGULAR,86,C. CHIOZZA,1,assist,29,28,[],,0,11,Christopher Xavier,Chiozza,Christopher Xavier,Chiozza,C,C,C,C,C. Chiozza,KARSIYAKA,KSK,C. Chiozza,11,,,,,,ASS,,KARSIYAKA C. CHIOZZA assist,,,,,,,,,0,13,2.0,,0,3,0,4
07:20,07:20:00,3,4,-1,2,1,REGULAR,11,S. GRIFFIN,0,3pt,30,,[],jumpshot,1,1,Samuel Gevaris,Griffin,Samuel Gevaris,Griffin,S,G,S,G,S. Griffin,YUKATEL MERKEZEFENDI BELEDIYESI BASKET,YMB,S. Griffin,1,,,29.360000610352,29.489999771118,0.0,P3,missed,YUKATEL MERKEZEFENDI BELEDIYESI BASKET S. GRIFFIN 3Pt missed,,,,,,,,,0,13,2.0,def_reb,0,3,0,4
07:17,07:17:00,3,4,-1,1,1,REGULAR,86,C. CHIOZZA,1,rebound,31,30,[],defensive,0,11,Christopher Xavier,Chiozza,Christopher Xavier,Chiozza,C,C,C,C,C. Chiozza,KARSIYAKA,KSK,C. Chiozza,11,,,,,,REB,,KARSIYAKA rebound defensive,,,,,,,,,0,14,1.0,def_reb,0,3,0,4
07:14,07:14:00,3,4,-1,2,1,REGULAR,13,J. HAWKINS,1,foul,35,,[],personal,0,31,Javontae Aaron,Hawkins,Javontae Aaron,Hawkins,J,H,J,H,J. Hawkins,YUKATEL MERKEZEFENDI BELEDIYESI BASKET,YMB,J. Hawkins,31,,,,,,FOUL,,YUKATEL MERKEZEFENDI BELEDIYESI BASKET J. HAWKINS foul personal,,,,,,,,,0,15,2.0,,0,3,0,4
07:14,07:14:00,3,4,-1,1,1,REGULAR,86,C. CHIOZZA,1,foulon,36,35,[],,0,11,Christopher Xavier,Chiozza,Christopher Xavier,Chiozza,C,C,C,C,C. Chiozza,KARSIYAKA,KSK,C. Chiozza,11,,,,,,OTHER,,KARSIYAKA foulon,,,,,,,,,0,15,2.0,,0,3,0,4
07:14,07:14:00,3,4,-1,1,1,REGULAR,0,,1,headcoachchallenge,37,,['rejected'],freethrow,0,,,,,,,,,,,KARSIYAKA,KSK,,,,,,,,OTHER,,KARSIYAKA headcoachchallenge freethrow,,,,,,,,,0,15,2.0,,0,3,0,4
07:06,07:06:00,5,4,1,1,1,REGULAR,78,S. GEYIK,1,2pt,39,,['pointsinthepaint'],layup,1,4,Samet,Geyik,Samet,Geyik,S,G,S,G,S. Geyik,KARSIYAKA,KSK,S. Geyik,4,,,95.349998474121,62.259998321533,1.0,P2,made,KARSIYAKA S. GEYIK 2Pt made,87.0,1.0,J. ALSTON,,,,,,2,15,2.0,score,2,5,0,4
07:06,07:06:00,5,4,1,1,1,REGULAR,87,J. ALSTON,1,assist,40,39,[],,0,32,Justin Alexander,Alston,Justin Alexander,Alston,J,A,J,A,J. Alston,KARSIYAKA,KSK,J. Alston,32,,,,,,ASS,,KARSIYAKA J. ALSTON assist,,,,,,,,,0,16,1.0,,0,5,0,4
06:52,06:52:00,5,6,-1,2,1,REGULAR,12,M. CAZALON,1,2pt,41,,['pointsinthepaint'],jumpshot,1,21,Malcolm Jean Ahmed,Cazalon,Malcolm Jean Ahmed,Cazalon,M,C,M,C,M. Cazalon,YUKATEL MERKEZEFENDI BELEDIYESI BASKET,YMB,M. Cazalon,21,,,10.329999923706,44.180000305176,1.0,P2,made,YUKATEL MERKEZEFENDI BELEDIYESI BASKET M. CAZALON 2Pt made,,,,,,,,,2,16,1.0,score,0,5,2,6
06:37,06:37:00,5,6,-1,1,1,REGULAR,86,C. CHIOZZA,1,turnover,43,,[],travel,0,11,Christopher Xavier,Chiozza,Christopher Xavier,Chiozza,C,C,C,C,C. Chiozza,KARSIYAKA,KSK,C. Chiozza,11,,,,,,TO,,KARSIYAKA C. CHIOZZA turnover travel,,,,,,,,,0,17,2.0,turnover,0,5,0,6
06:25,06:25:00,5,6,-1,2,1,REGULAR,12,M. CAZALON,0,3pt,45,,['fromturnover'],jumpshot,1,21,Malcolm Jean Ahmed,Cazalon,Malcolm Jean Ahmed,Cazalon,M,C,M,C,M. Cazalon,YUKATEL MERKEZEFENDI BELEDIYESI BASKET,YMB,M. Cazalon,21,,,31.229999542236,50.400001525879,0.0,P3,missed,YUKATEL MERKEZEFENDI BELEDIYESI BASKET M. CAZALON 3Pt missed,,,,,,,,,0,18,1.0,def_reb,0,5,0,6
06:22,06:22:00,5,6,-1,1,1,REGULAR,86,C. CHIOZZA,1,rebound,46,45,[],defensive,0,11,Christopher Xavier,Chiozza,Christopher Xavier,Chiozza,C,C,C,C,C. Chiozza,KARSIYAKA,KSK,C. Chiozza,11,,,,,,REB,,KARSIYAKA rebound defensive,,,,,,,,,0,19,2.0,def_reb,0,5,0,6
06:05,06:05:00,5,6,-1,1,1,REGULAR,86,C. CHIOZZA,0,3pt,47,,[],jumpshot,1,11,Christopher Xavier,Chiozza,Christopher Xavier,Chiozza,C,C,C,C,C. Chiozza,KARSIYAKA,KSK,C. Chiozza,11,,,74.129997253418,88.25,0.0,P3,missed,KARSIYAKA C. CHIOZZA 3Pt missed,,,,,,,,,0,20,1.0,def_reb,0,5,0,6
06:01,06:01:00,5,6,-1,2,1,REGULAR,12,M. CAZALON,1,rebound,48,47,[],defensive,0,21,Malcolm Jean Ahmed,Cazalon,Malcolm Jean Ahmed,Cazalon,M,C,M,C,M. Cazalon,YUKATEL MERKEZEFENDI BELEDIYESI BASKET,YMB,M. Cazalon,21,,,,,,REB,,YUKATEL MERKEZEFENDI BELEDIYESI BASKET rebound defensive,,,,,,,,,0,21,2.0,def_reb,0,5,0,6
06:01,06:01:00,5,6,-1,1,1,REGULAR,89,C. MANNING JR,1,foul,50,,[],personal,0,21,Charles Maurice,Manning Jr,Charles Maurice,Manning Jr,C,M,C,M,C. Manning Jr,KARSIYAKA,KSK,C. Manning Jr,21,,,,,,FOUL,,KARSIYAKA C. MANNING JR foul personal,,,,,,,,,0,22,1.0,,0,5,0,6
06:01,06:01:00,5,6,-1,2,1,REGULAR,12,M. CAZALON,1,foulon,51,50,[],,0,21,Malcolm Jean Ahmed,Cazalon,Malcolm Jean Ahmed,Cazalon,M,C,M,C,M. Cazalon,YUKATEL MERKEZEFENDI BELEDIYESI BASKET,YMB,M. Cazalon,21,,,,,,OTHER,,YUKATEL MERKEZEFENDI BELEDIYESI BASKET foulon,,,,,,,,,0,22,1.0,,0,5,0,6
05:52,05:52:00,5,9,-4,2,1,REGULAR,13,J. HAWKINS,1,3pt,53,,[],jumpshot,1,31,Javontae Aaron,Hawkins,Javontae Aaron,Hawkins,J,H,J,H,J. Hawkins,YUKATEL MERKEZEFENDI BELEDIYESI BASKET,YMB,J. Hawkins,31,,,15.789999961853,5.7600002288818,1.0,P3,made,YUKATEL MERKEZEFENDI BELEDIYESI BASKET J. HAWKINS 3Pt made,21.0,2.0,K. SMITH JR,,,,,,3,22,1.0,score,0,5,3,9
05:52,05:52:00,5,9,-4,2,1,REGULAR,21,K. SMITH JR,1,assist,54,53,[],,0,4,Kenneth Jerome,Smith Jr,Kenneth Jerome,Smith Jr,K,S,K,S,K. Smith Jr,YUKATEL MERKEZEFENDI BELEDIYESI BASKET,YMB,K. Smith Jr,4,,,,,,ASS,,YUKATEL MERKEZEFENDI BELEDIYESI BASKET K. SMITH JR assist,,,,,,,,,0,23,2.0,,0,5,0,9
05:24,05:24:00,7,9,-2,1,1,REGULAR,88,M. MOORE,1,2pt,55,,['pointsinthepaint'],drivinglayup,1,2,Michael Jarade,Moore,Michael Jarade,Moore,M,M,M,M,M. Moore,KARSIYAKA,KSK,M. Moore,2,,,89.269996643066,58.020000457764,1.0,P2,made,KARSIYAKA M. MOORE 2Pt made,89.0,1.0,C. MANNING JR,,,,,,2,23,2.0,score,2,7,0,9
05:24,05:24:00,7,9,-2,1,1,REGULAR,89,C. MANNING JR,1,assist,56,55,[],,0,21,Charles Maurice,Manning Jr,Charles Maurice,Manning Jr,C,M,C,M,C. Manning Jr,KARSIYAKA,KSK,C. Manning Jr,21,,,,,,ASS,,KARSIYAKA C. MANNING JR assist,,,,,,,,,0,24,1.0,,0,7,0,9
05:03,05:03:00,7,11,-4,2,1,REGULAR,5,M. AGVA,1,2pt,57,,['pointsinthepaint'],layup,1,46,Mahir,Agva,Mahir,Agva,M,A,M,A,M. Agva,YUKATEL MERKEZEFENDI BELEDIYESI BASKET,YMB,M. Agva,46,,,8.7700004577637,55.759998321533,1.0,P2,made,YUKATEL MERKEZEFENDI BELEDIYESI BASKET M. AGVA 2Pt made,12.0,2.0,M. CAZALON,,,,,,2,24,1.0,score,0,7,2,11
05:03,05:03:00,7,11,-4,2,1,REGULAR,12,M. CAZALON,1,assist,58,57,[],,0,21,Malcolm Jean Ahmed,Cazalon,Malcolm Jean Ahmed,Cazalon,M,C,M,C,M. Cazalon,YUKATEL MERKEZEFENDI BELEDIYESI BASKET,YMB,M. Cazalon,21,,,,,,ASS,,YUKATEL MERKEZEFENDI BELEDIYESI BASKET M. CAZALON assist,,,,,,,,,0,25,2.0,,0,7,0,11
04:40,04:40:00,7,11,-4,1,1,REGULAR,89,C. MANNING JR,0,3pt,59,,[],jumpshot,1,21,Charles Maurice,Manning Jr,Charles Maurice,Manning Jr,C,M,C,M,C. Manning Jr,KARSIYAKA,KSK,C. Manning Jr,21,,,71.639999389648,24.409999847412,0.0,P3,missed,KARSIYAKA C. MANNING JR 3Pt missed,,,,,,,,,0,25,2.0,,0,7,0,11
04:38,04:38:00,7,11,-4,1,1,REGULAR,78,S. GEYIK,1,rebound,60,59,[],offensive,0,4,Samet,Geyik,Samet,Geyik,S,G,S,G,S. Geyik,KARSIYAKA,KSK,S. Geyik,4,,,,,,REB,,KARSIYAKA rebound offensive,,,,,,,,,0,25,2.0,,0,7,0,11
04:33,04:33:00,9,11,-2,1,1,REGULAR,89,C. MANNING JR,1,2pt,61,,"['2ndchance', 'pointsinthepaint']",drivinglayup,1,21,Charles Maurice,Manning Jr,Charles Maurice,Manning Jr,C,M,C,M,C. Manning Jr,KARSIYAKA,KSK,C. Manning Jr,21,,,93.790000915527,58.590000152588,1.0,P2,made,KARSIYAKA C. MANNING JR 2Pt made,,,,,,,,,2,25,2.0,score,2,9,0,11
04:05,04:05:00,9,13,-4,2,1,REGULAR,11,S. GRIFFIN,1,2pt,62,,[],stepbackjumpshot,1,1,Samuel Gevaris,Griffin,Samuel Gevaris,Griffin,S,G,S,G,S. Griffin,YUKATEL MERKEZEFENDI BELEDIYESI BASKET,YMB,S. Griffin,1,,,8.7700004577637,71.019996643066,1.0,P2,made,YUKATEL MERKEZEFENDI BELEDIYESI BASKET S. GRIFFIN 2Pt made,,,,,,,,,2,26,1.0,score,0,9,2,13
03:48,03:48:00,9,13,-4,1,1,REGULAR,86,C. CHIOZZA,0,2pt,63,,[],jumpshot,1,11,Christopher Xavier,Chiozza,Christopher Xavier,Chiozza,C,C,C,C,C. Chiozza,KARSIYAKA,KSK,C. Chiozza,11,,,71.480003356934,39.659999847412,0.0,P2,missed,KARSIYAKA C. CHIOZZA 2Pt missed,,,,,,,,,0,27,2.0,def_reb,0,9,0,13
03:44,03:44:00,9,13,-4,2,1,REGULAR,12,M. CAZALON,1,rebound,64,63,[],defensive,0,21,Malcolm Jean Ahmed,Cazalon,Malcolm Jean Ahmed,Cazalon,M,C,M,C,M. Cazalon,YUKATEL MERKEZEFENDI BELEDIYESI BASKET,YMB,M. Cazalon,21,,,,,,REB,,YUKATEL MERKEZEFENDI BELEDIYESI BASKET rebound defensive,,,,,,,,,0,28,1.0,def_reb,0,9,0,13
03:39,03:39:00,9,13,-4,2,1,REGULAR,21,K. SMITH JR,0,3pt,65,,[],jumpshot,1,4,Kenneth Jerome,Smith Jr,Kenneth Jerome,Smith Jr,K,S,K,S,K. Smith Jr,YUKATEL MERKEZEFENDI BELEDIYESI BASKET,YMB,K. Smith Jr,4,,,12.819999694824,2.9400000572205,0.0,P3,missed,YUKATEL MERKEZEFENDI BELEDIYESI BASKET K. SMITH JR 3Pt missed,,,,,,,,,0,29,2.0,def_reb,0,9,0,13
03:37,03:37:00,9,13,-4,1,1,REGULAR,78,S. GEYIK,1,rebound,66,65,[],defensive,0,4,Samet,Geyik,Samet,Geyik,S,G,S,G,S. Geyik,KARSIYAKA,KSK,S. Geyik,4,,,,,,REB,,KARSIYAKA rebound defensive,,,,,,,,,0,30,1.0,def_reb,0,9,0,13
03:19,03:19:00,12,13,-1,1,1,REGULAR,88,M. MOORE,1,3pt,67,,[],jumpshot,1,2,Michael Jarade,Moore,Michael Jarade,Moore,M,M,M,M,M. Moore,KARSIYAKA,KSK,M. Moore,2,,,76.940002441406,89.940002441406,1.0,P3,made,KARSIYAKA M. MOORE 3Pt made,86.0,1.0,C. CHIOZZA,,,,,,3,31,2.0,score,3,12,0,13
03:19,03:19:00,12,13,-1,1,1,REGULAR,86,C. CHIOZZA,1,assist,68,67,[],,0,11,Christopher Xavier,Chiozza,Christopher Xavier,Chiozza,C,C,C,C,C. Chiozza,KARSIYAKA,KSK,C. Chiozza,11,,,,,,ASS,,KARSIYAKA C. CHIOZZA assist,,,,,,,,,0,32,1.0,,0,12,0,13
03:00,03:00:00,12,13,-1,1,1,REGULAR,87,J. ALSTON,1,foul,70,,[],personal,0,32,Justin Alexander,Alston,Justin Alexander,Alston,J,A,J,A,J. Alston,KARSIYAKA,KSK,J. Alston,32,,,,,,FOUL,,KARSIYAKA J. ALSTON foul personal,,,,,,,,,0,32,1.0,,0,12,0,13
03:00,03:00:00,12,13,-1,2,1,REGULAR,13,J. HAWKINS,1,foulon,71,70,[],,0,31,Javontae Aaron,Hawkins,Javontae Aaron,Hawkins,J,H,J,H,J. Hawkins,YUKATEL MERKEZEFENDI BELEDIYESI BASKET,YMB,J. Hawkins,31,,,,,,OTHER,,YUKATEL MERKEZEFENDI BELEDIYESI BASKET foulon,,,,,,,,,0,32,1.0,,0,12,0,13
03:00,03:00:00,12,13,-1,0,1,REGULAR,0,,1,timeout,72,,[],officials,0,,,,,,,,,,,,,,,,,,,,TIMEOUT,, timeout,,,,,,,,,0,32,1.0,,0,12,0,13
03:00,03:00:00,12,13,-1,1,1,REGULAR,78,S. GEYIK,1,substitution,73,,[],out,0,4,Samet,Geyik,Samet,Geyik,S,G,S,G,S. Geyik,KARSIYAKA,KSK,S. Geyik,4,,,,,,SUB,out,KARSIYAKA substitution out,,,,,,,,,0,32,1.0,,0,12,0,13
03:00,03:00:00,12,13,-1,1,1,REGULAR,86,C. CHIOZZA,1,substitution,74,,[],out,0,11,Christopher Xavier,Chiozza,Christopher Xavier,Chiozza,C,C,C,C,C. Chiozza,KARSIYAKA,KSK,C. Chiozza,11,,,,,,SUB,out,KARSIYAKA substitution out,,,,,,,,,0,32,1.0,,0,12,0,13
03:00,03:00:00,12,13,-1,1,1,REGULAR,80,A. GÜVEN,1,substitution,75,,[],in,0,15,Akif Egemen,Güven,Akif Egemen,Güven,A,G,A,G,A. Güven,KARSIYAKA,KSK,A. Güven,15,,,,,,SUB,in,KARSIYAKA substitution in,,,,,,,,,0,32,1.0,,0,12,0,13
03:00,03:00:00,12,13,-1,1,1,REGULAR,85,R. TARRANT JR,1,substitution,76,,[],in,0,22,Ricky Lafredrick,Tarrant Jr,Ricky Lafredrick,Tarrant Jr,R,T,R,T,R. Tarrant Jr,KARSIYAKA,KSK,R. Tarrant Jr,22,,,,,,SUB,in,KARSIYAKA substitution in,,,,,,,,,0,32,1.0,,0,12,0,13
02:52,02:52:00,12,13,-1,2,1,REGULAR,12,M. CAZALON,0,3pt,78,,[],jumpshot,1,21,Malcolm Jean Ahmed,Cazalon,Malcolm Jean Ahmed,Cazalon,M,C,M,C,M. Cazalon,YUKATEL MERKEZEFENDI BELEDIYESI BASKET,YMB,M. Cazalon,21,,,24.840000152588,16.5,0.0,P3,missed,YUKATEL MERKEZEFENDI BELEDIYESI BASKET M. CAZALON 3Pt missed,,,,,,,,,0,32,1.0,def_reb,0,12,0,13
02:49,02:49:00,12,13,-1,1,1,REGULAR,80,A. GÜVEN,1,rebound,79,78,[],defensive,0,15,Akif Egemen,Güven,Akif Egemen,Güven,A,G,A,G,A. Güven,KARSIYAKA,KSK,A. Güven,15,,,,,,REB,,KARSIYAKA rebound defensive,,,,,,,,,0,33,2.0,def_reb,0,12,0,13
02:39,02:39:00,12,13,-1,1,1,REGULAR,89,C. MANNING JR,0,2pt,80,,['pointsinthepaint'],hookshot,1,21,Charles Maurice,Manning Jr,Charles Maurice,Manning Jr,C,M,C,M,C. Manning Jr,KARSIYAKA,KSK,C. Manning Jr,21,,,82.25,53.220001220703,0.0,P2,missed,KARSIYAKA C. MANNING JR 2Pt missed,,,,,,,,,0,34,1.0,def_reb,0,12,0,13
02:36,02:36:00,12,13,-1,2,1,REGULAR,5,M. AGVA,1,rebound,81,80,[],defensive,0,46,Mahir,Agva,Mahir,Agva,M,A,M,A,M. Agva,YUKATEL MERKEZEFENDI BELEDIYESI BASKET,YMB,M. Agva,46,,,,,,REB,,YUKATEL MERKEZEFENDI BELEDIYESI BASKET rebound defensive,,,,,,,,,0,35,2.0,def_reb,0,12,0,13
02:22,02:22:00,12,13,-1,2,1,REGULAR,13,J. HAWKINS,0,3pt,82,,[],jumpshot,1,31,Javontae Aaron,Hawkins,Javontae Aaron,Hawkins,J,H,J,H,J. Hawkins,YUKATEL MERKEZEFENDI BELEDIYESI BASKET,YMB,J. Hawkins,31,,,30.450000762939,34.009998321533,0.0,P3,missed,YUKATEL MERKEZEFENDI BELEDIYESI BASKET J. HAWKINS 3Pt missed,,,,,,,,,0,36,1.0,def_reb,0,12,0,13
02:19,02:19:00,12,13,-1,1,1,REGULAR,89,C. MANNING JR,1,rebound,83,82,[],defensive,0,21,Charles Maurice,Manning Jr,Charles Maurice,Manning Jr,C,M,C,M,C. Manning Jr,KARSIYAKA,KSK,C. Manning Jr,21,,,,,,REB,,KARSIYAKA rebound defensive,,,,,,,,,0,37,2.0,def_reb,0,12,0,13
01:57,01:57:00,14,13,1,1,1,REGULAR,89,C. MANNING JR,1,2pt,84,,['pointsinthepaint'],drivinglayup,1,21,Charles Maurice,Manning Jr,Charles Maurice,Manning Jr,C,M,C,M,C. Manning Jr,KARSIYAKA,KSK,C. Manning Jr,21,,,91.290000915527,50.959999084473,1.0,P2,made,KARSIYAKA C. MANNING JR 2Pt made,80.0,1.0,A. GÜVEN,,,,,,2,38,1.0,score,2,14,0,13
01:57,01:57:00,14,13,1,1,1,REGULAR,80,A. GÜVEN,1,assist,85,84,[],,0,15,Akif Egemen,Güven,Akif Egemen,Güven,A,G,A,G,A. Güven,KARSIYAKA,KSK,A. Güven,15,,,,,,ASS,,KARSIYAKA A. GÜVEN assist,,,,,,,,,0,39,2.0,,0,14,0,13
01:54,01:54:00,14,13,1,1,1,REGULAR,85,R. TARRANT JR,1,foul,87,,[],personal,0,22,Ricky Lafredrick,Tarrant Jr,Ricky Lafredrick,Tarrant Jr,R,T,R,T,R. Tarrant Jr,KARSIYAKA,KSK,R. Tarrant Jr,22,,,,,,FOUL,,KARSIYAKA R. TARRANT JR foul personal,,,,,,,,,0,39,2.0,,0,14,0,13
01:54,01:54:00,14,13,1,2,1,REGULAR,21,K. SMITH JR,1,foulon,88,87,[],,0,4,Kenneth Jerome,Smith Jr,Kenneth Jerome,Smith Jr,K,S,K,S,K. Smith Jr,YUKATEL MERKEZEFENDI BELEDIYESI BASKET,YMB,K. Smith Jr,4,,,,,,OTHER,,YUKATEL MERKEZEFENDI BELEDIYESI BASKET foulon,,,,,,,,,0,39,2.0,,0,14,0,13
01:54,01:54:00,14,13,1,1,1,REGULAR,89,C. MANNING JR,1,substitution,89,,[],out,0,21,Charles Maurice,Manning Jr,Charles Maurice,Manning Jr,C,M,C,M,C. Manning Jr,KARSIYAKA,KSK,C. Manning Jr,21,,,,,,SUB,out,KARSIYAKA substitution out,,,,,,,,,0,39,2.0,,0,14,0,13
01:54,01:54:00,14,13,1,1,1,REGULAR,87,J. ALSTON,1,substitution,90,,[],out,0,32,Justin Alexander,Alston,Justin Alexander,Alston,J,A,J,A,J. Alston,KARSIYAKA,KSK,J. Alston,32,,,,,,SUB,out,KARSIYAKA substitution out,,,,,,,,,0,39,2.0,,0,14,0,13
01:54,01:54:00,14,13,1,1,1,REGULAR,93,C. YOUNG,1,substitution,91,,[],in,0,1,Cameron Jordan,Young,Cameron Jordan,Young,C,Y,C,Y,C. Young,KARSIYAKA,KSK,C. Young,1,,,,,,SUB,in,KARSIYAKA substitution in,,,,,,,,,0,39,2.0,,0,14,0,13
01:54,01:54:00,14,13,1,1,1,REGULAR,79,M. CELEP,1,substitution,92,,[],in,0,35,Mert,Celep,Mert,Celep,M,C,M,C,M. Celep,KARSIYAKA,KSK,M. Celep,35,,,,,,SUB,in,KARSIYAKA substitution in,,,,,,,,,0,39,2.0,,0,14,0,13
01:54,01:54:00,14,13,1,2,1,REGULAR,12,M. CAZALON,1,substitution,93,,[],out,0,21,Malcolm Jean Ahmed,Cazalon,Malcolm Jean Ahmed,Cazalon,M,C,M,C,M. Cazalon,YUKATEL MERKEZEFENDI BELEDIYESI BASKET,YMB,M. Cazalon,21,,,,,,SUB,out,YUKATEL MERKEZEFENDI BELEDIYESI BASKET substitution out,,,,,,,,,0,39,2.0,,0,14,0,13
01:54,01:54:00,14,13,1,2,1,REGULAR,9,R. BADZIM,1,substitution,94,,[],in,0,18,Roko,Badzim,Roko,Badzim,R,B,R,B,R. Badzim,YUKATEL MERKEZEFENDI BELEDIYESI BASKET,YMB,R. Badzim,18,,,,,,SUB,in,YUKATEL MERKEZEFENDI BELEDIYESI BASKET substitution in,,,,,,,,,0,39,2.0,,0,14,0,13
01:54,01:54:00,14,13,1,2,1,REGULAR,13,J. HAWKINS,1,substitution,95,,[],out,0,31,Javontae Aaron,Hawkins,Javontae Aaron,Hawkins,J,H,J,H,J. Hawkins,YUKATEL MERKEZEFENDI BELEDIYESI BASKET,YMB,J. Hawkins,31,,,,,,SUB,out,YUKATEL MERKEZEFENDI BELEDIYESI BASKET substitution out,,,,,,,,,0,39,2.0,,0,14,0,13
01:54,01:54:00,14,13,1,2,1,REGULAR,3,E. TANISAN,1,substitution,96,,[],in,0,0,Emre,Tanisan,Emre,Tanisan,E,T,E,T,E. Tanisan,YUKATEL MERKEZEFENDI BELEDIYESI BASKET,YMB,E. Tanisan,0,,,,,,SUB,in,YUKATEL MERKEZEFENDI BELEDIYESI BASKET substitution in,,,,,,,,,0,39,2.0,,0,14,0,13
01:39,01:39:00,14,13,1,2,1,REGULAR,5,M. AGVA,0,2pt,98,,['pointsinthepaint'],layup,1,46,Mahir,Agva,Mahir,Agva,M,A,M,A,M. Agva,YUKATEL MERKEZEFENDI BELEDIYESI BASKET,YMB,M. Agva,46,,,8.6099996566772,54.349998474121,0.0,P2,missed,YUKATEL MERKEZEFENDI BELEDIYESI BASKET M. AGVA 2Pt missed,,,,,,,,,0,39,2.0,def_reb,0,14,0,13
01:37,01:37:00,14,13,1,1,1,REGULAR,80,A. GÜVEN,1,rebound,99,98,[],defensive,0,15,Akif Egemen,Güven,Akif Egemen,Güven,A,G,A,G,A. Güven,KARSIYAKA,KSK,A. Güven,15,,,,,,REB,,KARSIYAKA rebound defensive,,,,,,,,,0,40,1.0,def_reb,0,14,0,13
01:35,01:35:00,16,13,3,1,1,REGULAR,93,C. YOUNG,1,2pt,101,,"['pointsinthepaint', 'fastbreak']",drivinglayup,1,1,Cameron Jordan,Young,Cameron Jordan,Young,C,Y,C,Y,C. Young,KARSIYAKA,KSK,C. Young,1,,,88.949996948242,61.689998626709,1.0,P2,made,KARSIYAKA C. YOUNG 2Pt made,,,,,,,,,2,41,2.0,score,2,16,0,13
01:35,01:35:00,16,13,3,2,1,REGULAR,3,E. TANISAN,1,foul,103,,"['shooting', '1freethrow']",personal,0,0,Emre,Tanisan,Emre,Tanisan,E,T,E,T,E. Tanisan,YUKATEL MERKEZEFENDI BELEDIYESI BASKET,YMB,E. Tanisan,0,,,,,,FOUL,,YUKATEL MERKEZEFENDI BELEDIYESI BASKET E. TANISAN foul personal,,,,,,,,,0,42,1.0,,0,16,0,13
01:35,01:35:00,16,13,3,1,1,REGULAR,93,C. YOUNG,1,foulon,104,103,[],,0,1,Cameron Jordan,Young,Cameron Jordan,Young,C,Y,C,Y,C. Young,KARSIYAKA,KSK,C. Young,1,,,,,,OTHER,,KARSIYAKA foulon,,,,,,,,,0,42,1.0,,0,16,0,13
01:35,01:35:00,16,13,3,2,1,REGULAR,5,M. AGVA,1,substitution,105,,[],out,0,46,Mahir,Agva,Mahir,Agva,M,A,M,A,M. Agva,YUKATEL MERKEZEFENDI BELEDIYESI BASKET,YMB,M. Agva,46,,,,,,SUB,out,YUKATEL MERKEZEFENDI BELEDIYESI BASKET substitution out,,,,,,,,,0,42,1.0,,0,16,0,13
01:35,01:35:00,16,13,3,2,1,REGULAR,10,J. ROBERTS,1,substitution,106,,[],in,0,23,Joshua Artee,Roberts,Joshua Artee,Roberts,J,R,J,R,J. Roberts,YUKATEL MERKEZEFENDI BELEDIYESI BASKET,YMB,J. Roberts,23,,,,,,SUB,in,YUKATEL MERKEZEFENDI BELEDIYESI BASKET substitution in,,,,,,,,,0,42,1.0,,0,16,0,13
01:35,01:35:00,16,13,3,1,1,REGULAR,93,C. YOUNG,0,freethrow,107,,['fastbreak'],1of1,1,1,Cameron Jordan,Young,Cameron Jordan,Young,C,Y,C,Y,C. Young,KARSIYAKA,KSK,C. Young,1,,,,,,FT,missed,KARSIYAKA C. YOUNG FT 1of1 missed,,,,,,,,,0,42,1.0,def_reb,0,16,0,13
01:34,01:34:00,16,13,3,2,1,REGULAR,9,R. BADZIM,1,rebound,109,107,[],defensive,0,18,Roko,Badzim,Roko,Badzim,R,B,R,B,R. Badzim,YUKATEL MERKEZEFENDI BELEDIYESI BASKET,YMB,R. Badzim,18,,,,,,REB,,YUKATEL MERKEZEFENDI BELEDIYESI BASKET rebound defensive,,,,,,,,,0,43,2.0,def_reb,0,16,0,13
01:21,01:21:00,16,13,3,2,1,REGULAR,11,S. GRIFFIN,0,2pt,110,,['pointsinthepaint'],jumpshot,1,1,Samuel Gevaris,Griffin,Samuel Gevaris,Griffin,S,G,S,G,S. Griffin,YUKATEL MERKEZEFENDI BELEDIYESI BASKET,YMB,S. Griffin,1,,,19.840000152588,50.400001525879,0.0,P2,missed,YUKATEL MERKEZEFENDI BELEDIYESI BASKET S. GRIFFIN 2Pt missed,,,,,,,,,0,44,1.0,def_reb,0,16,0,13
01:19,01:19:00,16,13,3,1,1,REGULAR,85,R. TARRANT JR,1,rebound,111,110,[],defensive,0,22,Ricky Lafredrick,Tarrant Jr,Ricky Lafredrick,Tarrant Jr,R,T,R,T,R. Tarrant Jr,KARSIYAKA,KSK,R. Tarrant Jr,22,,,,,,REB,,KARSIYAKA rebound defensive,,,,,,,,,0,45,2.0,def_reb,0,16,0,13
01:16,01:16:00,19,13,6,1,1,REGULAR,93,C. YOUNG,1,3pt,112,,['fastbreak'],jumpshot,1,1,Cameron Jordan,Young,Cameron Jordan,Young,C,Y,C,Y,C. Young,KARSIYAKA,KSK,C. Young,1,,,81.150001525879,93.900001525879,1.0,P3,made,KARSIYAKA C. YOUNG 3Pt made,85.0,1.0,R. TARRANT JR,,,,,,3,46,1.0,score,3,19,0,13
01:16,01:16:00,19,13,6,1,1,REGULAR,85,R. TARRANT JR,1,assist,113,112,[],,0,22,Ricky Lafredrick,Tarrant Jr,Ricky Lafredrick,Tarrant Jr,R,T,R,T,R. Tarrant Jr,KARSIYAKA,KSK,R. Tarrant Jr,22,,,,,,ASS,,KARSIYAKA R. TARRANT JR assist,,,,,,,,,0,47,2.0,,0,19,0,13
00:53,00:53:50,19,13,6,2,1,REGULAR,11,S. GRIFFIN,0,3pt,114,,[],jumpshot,1,1,Samuel Gevaris,Griffin,Samuel Gevaris,Griffin,S,G,S,G,S. Griffin,YUKATEL MERKEZEFENDI BELEDIYESI BASKET,YMB,S. Griffin,1,,,6.1199998855591,4.0700001716614,0.0,P3,missed,YUKATEL MERKEZEFENDI BELEDIYESI BASKET S. GRIFFIN 3Pt missed,,,,,,,,,0,47,2.0,def_reb,0,19,0,13
00:49,00:49:80,19,13,6,1,1,REGULAR,0,,1,rebound,116,114,['team'],defensive,0,,,,,,,,,,,KARSIYAKA,KSK,,,,,,,,TREB,,KARSIYAKA team rebound defensive,,,,,,,,,0,48,1.0,def_reb,0,19,0,13
00:49,00:49:80,19,13,6,2,1,REGULAR,21,K. SMITH JR,1,substitution,117,,[],out,0,4,Kenneth Jerome,Smith Jr,Kenneth Jerome,Smith Jr,K,S,K,S,K. Smith Jr,YUKATEL MERKEZEFENDI BELEDIYESI BASKET,YMB,K. Smith Jr,4,,,,,,SUB,out,YUKATEL MERKEZEFENDI BELEDIYESI BASKET substitution out,,,,,,,,,0,49,2.0,,0,19,0,13
00:49,00:49:80,19,13,6,2,1,REGULAR,7,Ö. ILYASOGLU,1,substitution,118,,[],in,0,13,Ömer Can,Ilyasoglu,Ömer Can,Ilyasoglu,Ö,I,Ö,I,Ö. Ilyasoglu,YUKATEL MERKEZEFENDI BELEDIYESI BASKET,YMB,Ö. Ilyasoglu,13,,,,,,SUB,in,YUKATEL MERKEZEFENDI BELEDIYESI BASKET substitution in,,,,,,,,,0,49,2.0,,0,19,0,13
00:42,00:42:90,19,13,6,2,1,REGULAR,10,J. ROBERTS,1,foul,121,,[],personal,0,23,Joshua Artee,Roberts,Joshua Artee,Roberts,J,R,J,R,J. Roberts,YUKATEL MERKEZEFENDI BELEDIYESI BASKET,YMB,J. Roberts,23,,,,,,FOUL,,YUKATEL MERKEZEFENDI BELEDIYESI BASKET J. ROBERTS foul personal,,,,,,,,,0,49,2.0,,0,19,0,13
00:42,00:42:90,19,13,6,1,1,REGULAR,80,A. GÜVEN,1,foulon,122,121,[],,0,15,Akif Egemen,Güven,Akif Egemen,Güven,A,G,A,G,A. Güven,KARSIYAKA,KSK,A. Güven,15,,,,,,OTHER,,KARSIYAKA foulon,,,,,,,,,0,49,2.0,,0,19,0,13
00:35,00:35:90,21,13,8,1,1,REGULAR,80,A. GÜVEN,1,2pt,126,,['pointsinthepaint'],jumpshot,1,15,Akif Egemen,Güven,Akif Egemen,Güven,A,G,A,G,A. Güven,KARSIYAKA,KSK,A. Güven,15,,,91.139999389648,56.610000610352,1.0,P2,made,KARSIYAKA A. GÜVEN 2Pt made,79.0,1.0,M. CELEP,,,,,,2,49,2.0,score,2,21,0,13
00:35,00:35:90,21,13,8,1,1,REGULAR,79,M. CELEP,1,assist,127,126,[],,0,35,Mert,Celep,Mert,Celep,M,C,M,C,M. Celep,KARSIYAKA,KSK,M. Celep,35,,,,,,ASS,,KARSIYAKA M. CELEP assist,,,,,,,,,0,50,1.0,,0,21,0,13
00:17,00:17:80,21,13,8,2,1,REGULAR,10,J. ROBERTS,0,2pt,128,,['pointsinthepaint'],jumpshot,1,23,Joshua Artee,Roberts,Joshua Artee,Roberts,J,R,J,R,J. Roberts,YUKATEL MERKEZEFENDI BELEDIYESI BASKET,YMB,J. Roberts,23,,,15.789999961853,62.259998321533,0.0,P2,missed,YUKATEL MERKEZEFENDI BELEDIYESI BASKET J. ROBERTS 2Pt missed,,,,,,,,,0,50,1.0,def_reb,0,21,0,13
00:15,00:15:50,21,13,8,1,1,REGULAR,85,R. TARRANT JR,1,rebound,129,128,[],defensive,0,22,Ricky Lafredrick,Tarrant Jr,Ricky Lafredrick,Tarrant Jr,R,T,R,T,R. Tarrant Jr,KARSIYAKA,KSK,R. Tarrant Jr,22,,,,,,REB,,KARSIYAKA rebound defensive,,,,,,,,,0,51,2.0,def_reb,0,21,0,13
00:01,00:01:10,24,13,11,1,1,REGULAR,88,M. MOORE,1,3pt,131,,[],jumpshot,1,2,Michael Jarade,Moore,Michael Jarade,Moore,M,M,M,M,M. Moore,KARSIYAKA,KSK,M. Moore,2,,,78.660003662109,89.660003662109,1.0,P3,made,KARSIYAKA M. MOORE 3Pt made,85.0,1.0,R. TARRANT JR,,,,,,3,52,1.0,score,3,24,0,13
00:01,00:01:10,24,13,11,1,1,REGULAR,85,R. TARRANT JR,1,assist,132,131,[],,0,22,Ricky Lafredrick,Tarrant Jr,Ricky Lafredrick,Tarrant Jr,R,T,R,T,R. Tarrant Jr,KARSIYAKA,KSK,R. Tarrant Jr,22,,,,,,ASS,,KARSIYAKA R. TARRANT JR assist,,,,,,,,,0,53,2.0,,0,24,0,13
00:00,00:00:00,24,13,11,0,1,REGULAR,0,,1,period,135,,['confirmed'],end,0,,,,,,,,,,,,,,,,,,,,OTHER,,period end,,,,,,,,,0,53,2.0,,0,24,0,13
10:00,10:00:00,24,13,11,0,2,REGULAR,0,,1,period,136,,[],start,0,,,,,,,,,,,,,,,,,,,,OTHER,,period start,,,,,,,,,0,53,2.0,,0,24,0,13
09:48,09:48:00,24,13,11,1,2,REGULAR,93,C. YOUNG,0,3pt,140,,[],jumpshot,1,1,Cameron Jordan,Young,Cameron Jordan,Young,C,Y,C,Y,C. Young,KARSIYAKA,KSK,C. Young,1,,,80.529998779297,90.230003356934,0.0,P3,missed,KARSIYAKA C. YOUNG 3Pt missed,,,,,,,,,0,53,2.0,def_reb,0,24,0,13
09:46,09:46:00,24,13,11,2,2,REGULAR,10,J. ROBERTS,1,rebound,141,140,[],defensive,0,23,Joshua Artee,Roberts,Joshua Artee,Roberts,J,R,J,R,J. Roberts,YUKATEL MERKEZEFENDI BELEDIYESI BASKET,YMB,J. Roberts,23,,,,,,REB,,YUKATEL MERKEZEFENDI BELEDIYESI BASKET rebound defensive,,,,,,,,,0,54,1.0,def_reb,0,24,0,13
09:30,09:30:00,24,13,11,1,2,REGULAR,88,M. MOORE,1,foul,143,,[],personal,0,2,Michael Jarade,Moore,Michael Jarade,Moore,M,M,M,M,M. Moore,KARSIYAKA,KSK,M. Moore,2,,,,,,FOUL,,KARSIYAKA M. MOORE foul personal,,,,,,,,,0,55,2.0,,0,24,0,13
09:30,09:30:00,24,13,11,2,2,REGULAR,9,R. BADZIM,1,foulon,144,143,[],,0,18,Roko,Badzim,Roko,Badzim,R,B,R,B,R. Badzim,YUKATEL MERKEZEFENDI BELEDIYESI BASKET,YMB,R. Badzim,18,,,,,,OTHER,,YUKATEL MERKEZEFENDI BELEDIYESI BASKET foulon,,,,,,,,,0,55,2.0,,0,24,0,13
09:30,09:30:00,24,13,11,1,2,REGULAR,88,M. MOORE,1,substitution,145,,[],out,0,2,Michael Jarade,Moore,Michael Jarade,Moore,M,M,M,M,M. Moore,KARSIYAKA,KSK,M. Moore,2,,,,,,SUB,out,KARSIYAKA substitution out,,,,,,,,,0,55,2.0,,0,24,0,13
09:30,09:30:00,24,13,11,1,2,REGULAR,89,C. MANNING JR,1,substitution,146,,[],in,0,21,Charles Maurice,Manning Jr,Charles Maurice,Manning Jr,C,M,C,M,C. Manning Jr,KARSIYAKA,KSK,C. Manning Jr,21,,,,,,SUB,in,KARSIYAKA substitution in,,,,,,,,,0,55,2.0,,0,24,0,13
09:18,09:18:00,24,15,9,2,2,REGULAR,3,E. TANISAN,1,2pt,148,,[],jumpshot,1,0,Emre,Tanisan,Emre,Tanisan,E,T,E,T,E. Tanisan,YUKATEL MERKEZEFENDI BELEDIYESI BASKET,YMB,E. Tanisan,0,,,16.260000228882,81.470001220703,1.0,P2,made,YUKATEL MERKEZEFENDI BELEDIYESI BASKET E. TANISAN 2Pt made,,,,,,,,,2,55,2.0,score,0,24,2,15
09:02,09:02:00,24,15,9,2,2,REGULAR,10,J. ROBERTS,1,foul,150,,"['shooting', '2freethrow']",personal,0,23,Joshua Artee,Roberts,Joshua Artee,Roberts,J,R,J,R,J. Roberts,YUKATEL MERKEZEFENDI BELEDIYESI BASKET,YMB,J. Roberts,23,,,,,,FOUL,,YUKATEL MERKEZEFENDI BELEDIYESI BASKET J. ROBERTS foul personal,,,,,,,,,0,56,1.0,,0,24,0,15
09:02,09:02:00,24,15,9,1,2,REGULAR,89,C. MANNING JR,1,foulon,151,150,[],,0,21,Charles Maurice,Manning Jr,Charles Maurice,Manning Jr,C,M,C,M,C. Manning Jr,KARSIYAKA,KSK,C. Manning Jr,21,,,,,,OTHER,,KARSIYAKA foulon,,,,,,,,,0,56,1.0,,0,24,0,15
09:02,09:02:00,25,15,10,1,2,REGULAR,89,C. MANNING JR,1,freethrow,152,,[],1of2,1,21,Charles Maurice,Manning Jr,Charles Maurice,Manning Jr,C,M,C,M,C. Manning Jr,KARSIYAKA,KSK,C. Manning Jr,21,,,,,,FT,made,KARSIYAKA C. MANNING JR FT 1of2 made,,,,,,,,,1,56,1.0,made_ft,1,25,0,15
09:02,09:02:00,26,15,11,1,2,REGULAR,89,C. MANNING JR,1,freethrow,153,,[],2of2,1,21,Charles Maurice,Manning Jr,Charles Maurice,Manning Jr,C,M,C,M,C. Manning Jr,KARSIYAKA,KSK,C. Manning Jr,21,,,,,,FT,made,KARSIYAKA C. MANNING JR FT 2of2 made,,,,,,,,,1,57,2.0,made_ft_last,1,26,0,15
09:02,09:02:00,26,15,11,2,2,REGULAR,10,J. ROBERTS,1,substitution,154,,[],out,0,23,Joshua Artee,Roberts,Joshua Artee,Roberts,J,R,J,R,J. Roberts,YUKATEL MERKEZEFENDI BELEDIYESI BASKET,YMB,J. Roberts,23,,,,,,SUB,out,YUKATEL MERKEZEFENDI BELEDIYESI BASKET substitution out,,,,,,,,,0,58,1.0,,0,26,0,15
09:02,09:02:00,26,15,11,2,2,REGULAR,5,M. AGVA,1,substitution,155,,[],in,0,46,Mahir,Agva,Mahir,Agva,M,A,M,A,M. Agva,YUKATEL MERKEZEFENDI BELEDIYESI BASKET,YMB,M. Agva,46,,,,,,SUB,in,YUKATEL MERKEZEFENDI BELEDIYESI BASKET substitution in,,,,,,,,,0,58,1.0,,0,26,0,15
08:50,08:50:00,26,15,11,2,2,REGULAR,9,R. BADZIM,0,3pt,157,,[],jumpshot,1,18,Roko,Badzim,Roko,Badzim,R,B,R,B,R. Badzim,YUKATEL MERKEZEFENDI BELEDIYESI BASKET,YMB,R. Badzim,18,,,31.860000610352,46.439998626709,0.0,P3,missed,YUKATEL MERKEZEFENDI BELEDIYESI BASKET R. BADZIM 3Pt missed,,,,,,,,,0,58,1.0,def_reb,0,26,0,15
08:47,08:47:00,26,15,11,1,2,REGULAR,89,C. MANNING JR,1,rebound,158,157,[],defensive,0,21,Charles Maurice,Manning Jr,Charles Maurice,Manning Jr,C,M,C,M,C. Manning Jr,KARSIYAKA,KSK,C. Manning Jr,21,,,,,,REB,,KARSIYAKA rebound defensive,,,,,,,,,0,59,2.0,def_reb,0,26,0,15
08:33,08:33:00,28,15,13,1,2,REGULAR,89,C. MANNING JR,1,2pt,159,,['pointsinthepaint'],jumpshot,1,21,Charles Maurice,Manning Jr,Charles Maurice,Manning Jr,C,M,C,M,C. Manning Jr,KARSIYAKA,KSK,C. Manning Jr,21,,,81.0,39.659999847412,1.0,P2,made,KARSIYAKA C. MANNING JR 2Pt made,,,,,,,,,2,60,1.0,score,2,28,0,15
08:32,08:32:00,28,15,13,2,2,REGULAR,0,,1,timeout,161,,[],full,0,,,,,,,,,,,YUKATEL MERKEZEFENDI BELEDIYESI BASKET,YMB,,,,,,,,TIMEOUT,,YUKATEL MERKEZEFENDI BELEDIYESI BASKET timeout,,,,,,,,,0,61,2.0,,0,28,0,15
08:20,08:20:00,28,15,13,2,2,REGULAR,9,R. BADZIM,1,substitution,164,,[],out,0,18,Roko,Badzim,Roko,Badzim,R,B,R,B,R. Badzim,YUKATEL MERKEZEFENDI BELEDIYESI BASKET,YMB,R. Badzim,18,,,,,,SUB,out,YUKATEL MERKEZEFENDI BELEDIYESI BASKET substitution out,,,,,,,,,0,61,2.0,,0,28,0,15
08:20,08:20:00,28,15,13,2,2,REGULAR,12,M. CAZALON,1,substitution,165,,[],in,0,21,Malcolm Jean Ahmed,Cazalon,Malcolm Jean Ahmed,Cazalon,M,C,M,C,M. Cazalon,YUKATEL MERKEZEFENDI BELEDIYESI BASKET,YMB,M. Cazalon,21,,,,,,SUB,in,YUKATEL MERKEZEFENDI BELEDIYESI BASKET substitution in,,,,,,,,,0,61,2.0,,0,28,0,15
08:10,08:10:00,28,17,11,2,2,REGULAR,7,Ö. ILYASOGLU,1,2pt,171,,['pointsinthepaint'],layup,1,13,Ömer Can,Ilyasoglu,Ömer Can,Ilyasoglu,Ö,I,Ö,I,Ö. Ilyasoglu,YUKATEL MERKEZEFENDI BELEDIYESI BASKET,YMB,Ö. Ilyasoglu,13,,,9.2399997711182,50.110000610352,1.0,P2,made,YUKATEL MERKEZEFENDI BELEDIYESI BASKET Ö. ILYASOGLU 2Pt made,,,,,,,,,2,61,2.0,score,0,28,2,17
07:57,07:57:00,30,17,13,1,2,REGULAR,93,C. YOUNG,1,2pt,173,,['pointsinthepaint'],layup,1,1,Cameron Jordan,Young,Cameron Jordan,Young,C,Y,C,Y,C. Young,KARSIYAKA,KSK,C. Young,1,,,90.050003051758,56.330001831055,1.0,P2,made,KARSIYAKA C. YOUNG 2Pt made,,,,,,,,,2,62,1.0,score,2,30,0,17
07:57,07:57:00,30,17,13,2,2,REGULAR,3,E. TANISAN,1,foul,174,,"['shooting', '1freethrow']",personal,0,0,Emre,Tanisan,Emre,Tanisan,E,T,E,T,E. Tanisan,YUKATEL MERKEZEFENDI BELEDIYESI BASKET,YMB,E. Tanisan,0,,,,,,FOUL,,YUKATEL MERKEZEFENDI BELEDIYESI BASKET E. TANISAN foul personal,,,,,,,,,0,63,2.0,,0,30,0,17
07:57,07:57:00,30,17,13,1,2,REGULAR,93,C. YOUNG,1,foulon,175,174,[],,0,1,Cameron Jordan,Young,Cameron Jordan,Young,C,Y,C,Y,C. Young,KARSIYAKA,KSK,C. Young,1,,,,,,OTHER,,KARSIYAKA foulon,,,,,,,,,0,63,2.0,,0,30,0,17
07:57,07:57:00,30,17,13,1,2,REGULAR,85,R. TARRANT JR,1,substitution,176,,[],out,0,22,Ricky Lafredrick,Tarrant Jr,Ricky Lafredrick,Tarrant Jr,R,T,R,T,R. Tarrant Jr,KARSIYAKA,KSK,R. Tarrant Jr,22,,,,,,SUB,out,KARSIYAKA substitution out,,,,,,,,,0,63,2.0,,0,30,0,17
07:57,07:57:00,30,17,13,1,2,REGULAR,79,M. CELEP,1,substitution,177,,[],out,0,35,Mert,Celep,Mert,Celep,M,C,M,C,M. Celep,KARSIYAKA,KSK,M. Celep,35,,,,,,SUB,out,KARSIYAKA substitution out,,,,,,,,,0,63,2.0,,0,30,0,17
07:57,07:57:00,30,17,13,1,2,REGULAR,86,C. CHIOZZA,1,substitution,178,,[],in,0,11,Christopher Xavier,Chiozza,Christopher Xavier,Chiozza,C,C,C,C,C. Chiozza,KARSIYAKA,KSK,C. Chiozza,11,,,,,,SUB,in,KARSIYAKA substitution in,,,,,,,,,0,63,2.0,,0,30,0,17
07:57,07:57:00,30,17,13,1,2,REGULAR,87,J. ALSTON,1,substitution,179,,[],in,0,32,Justin Alexander,Alston,Justin Alexander,Alston,J,A,J,A,J. Alston,KARSIYAKA,KSK,J. Alston,32,,,,,,SUB,in,KARSIYAKA substitution in,,,,,,,,,0,63,2.0,,0,30,0,17
07:57,07:57:00,31,17,14,1,2,REGULAR,93,C. YOUNG,1,freethrow,180,,[],1of1,1,1,Cameron Jordan,Young,Cameron Jordan,Young,C,Y,C,Y,C. Young,KARSIYAKA,KSK,C. Young,1,,,,,,FT,made,KARSIYAKA C. YOUNG FT 1of1 made,,,,,,,,,1,63,2.0,made_ft_last,1,31,0,17
07:40,07:40:00,31,17,14,2,2,REGULAR,5,M. AGVA,0,2pt,183,,['pointsinthepaint'],jumpshot,1,46,Mahir,Agva,Mahir,Agva,M,A,M,A,M. Agva,YUKATEL MERKEZEFENDI BELEDIYESI BASKET,YMB,M. Agva,46,,,12.670000076294,60.0,0.0,P2,missed,YUKATEL MERKEZEFENDI BELEDIYESI BASKET M. AGVA 2Pt missed,,,,,,,,,0,64,1.0,def_reb,0,31,0,17
07:40,07:40:00,31,17,14,2,2,REGULAR,0,,1,rebound,184,183,['team'],offensive,0,,,,,,,,,,,YUKATEL MERKEZEFENDI BELEDIYESI BASKET,YMB,,,,,,,,TREB,,YUKATEL MERKEZEFENDI BELEDIYESI BASKET team rebound offensive,,,,,,,,,0,65,2.0,def_reb,0,31,0,17
07:40,07:40:00,31,17,14,2,2,REGULAR,11,S. GRIFFIN,1,substitution,185,,[],out,0,1,Samuel Gevaris,Griffin,Samuel Gevaris,Griffin,S,G,S,G,S. Griffin,YUKATEL MERKEZEFENDI BELEDIYESI BASKET,YMB,S. Griffin,1,,,,,,SUB,out,YUKATEL MERKEZEFENDI BELEDIYESI BASKET substitution out,,,,,,,,,0,66,1.0,,0,31,0,17
07:40,07:40:00,31,17,14,2,2,REGULAR,13,J. HAWKINS,1,substitution,186,,[],in,0,31,Javontae Aaron,Hawkins,Javontae Aaron,Hawkins,J,H,J,H,J. Hawkins,YUKATEL MERKEZEFENDI BELEDIYESI BASKET,YMB,J. Hawkins,31,,,,,,SUB,in,YUKATEL MERKEZEFENDI BELEDIYESI BASKET substitution in,,,,,,,,,0,66,1.0,,0,31,0,17
07:40,07:40:00,31,17,14,2,2,REGULAR,3,E. TANISAN,1,substitution,187,,[],out,0,0,Emre,Tanisan,Emre,Tanisan,E,T,E,T,E. Tanisan,YUKATEL MERKEZEFENDI BELEDIYESI BASKET,YMB,E. Tanisan,0,,,,,,SUB,out,YUKATEL MERKEZEFENDI BELEDIYESI BASKET substitution out,,,,,,,,,0,66,1.0,,0,31,0,17
07:40,07:40:00,31,17,14,2,2,REGULAR,21,K. SMITH JR,1,substitution,188,,[],in,0,4,Kenneth Jerome,Smith Jr,Kenneth Jerome,Smith Jr,K,S,K,S,K. Smith Jr,YUKATEL MERKEZEFENDI BELEDIYESI BASKET,YMB,K. Smith Jr,4,,,,,,SUB,in,YUKATEL MERKEZEFENDI BELEDIYESI BASKET substitution in,,,,,,,,,0,66,1.0,,0,31,0,17
07:32,07:32:00,31,20,11,2,2,REGULAR,7,Ö. ILYASOGLU,1,3pt,190,,['2ndchance'],jumpshot,1,13,Ömer Can,Ilyasoglu,Ömer Can,Ilyasoglu,Ö,I,Ö,I,Ö. Ilyasoglu,YUKATEL MERKEZEFENDI BELEDIYESI BASKET,YMB,Ö. Ilyasoglu,13,,,27.489999771118,22.14999961853,1.0,P3,made,YUKATEL MERKEZEFENDI BELEDIYESI BASKET Ö. ILYASOGLU 3Pt made,,,,,,,,,3,66,1.0,score,0,31,3,20
07:17,07:17:00,33,20,13,1,2,REGULAR,93,C. YOUNG,1,2pt,191,,['pointsinthepaint'],layup,1,1,Cameron Jordan,Young,Cameron Jordan,Young,C,Y,C,Y,C. Young,KARSIYAKA,KSK,C. Young,1,,,90.050003051758,63.669998168945,1.0,P2,made,KARSIYAKA C. YOUNG 2Pt made,80.0,1.0,A. GÜVEN,,,,,,2,67,2.0,score,2,33,0,20
07:17,07:17:00,33,20,13,1,2,REGULAR,80,A. GÜVEN,1,assist,192,191,[],,0,15,Akif Egemen,Güven,Akif Egemen,Güven,A,G,A,G,A. Güven,KARSIYAKA,KSK,A. Güven,15,,,,,,ASS,,KARSIYAKA A. GÜVEN assist,,,,,,,,,0,68,1.0,,0,33,0,20
06:53,06:53:00,33,20,13,2,2,REGULAR,13,J. HAWKINS,0,2pt,193,,[],jumpshot,1,31,Javontae Aaron,Hawkins,Javontae Aaron,Hawkins,J,H,J,H,J. Hawkins,YUKATEL MERKEZEFENDI BELEDIYESI BASKET,YMB,J. Hawkins,31,,,5.8000001907349,21.299999237061,0.0,P2,missed,YUKATEL MERKEZEFENDI BELEDIYESI BASKET J. HAWKINS 2Pt missed,,,,,,,,,0,68,1.0,def_reb,0,33,0,20
06:48,06:48:00,33,20,13,1,2,REGULAR,86,C. CHIOZZA,1,rebound,194,193,[],defensive,0,11,Christopher Xavier,Chiozza,Christopher Xavier,Chiozza,C,C,C,C,C. Chiozza,KARSIYAKA,KSK,C. Chiozza,11,,,,,,REB,,KARSIYAKA rebound defensive,,,,,,,,,0,69,2.0,def_reb,0,33,0,20
06:29,06:29:00,35,20,15,1,2,REGULAR,80,A. GÜVEN,1,2pt,195,,['pointsinthepaint'],layup,1,15,Akif Egemen,Güven,Akif Egemen,Güven,A,G,A,G,A. Güven,KARSIYAKA,KSK,A. Güven,15,,,88.800003051758,58.590000152588,1.0,P2,made,KARSIYAKA A. GÜVEN 2Pt made,87.0,1.0,J. ALSTON,,,,,,2,70,1.0,score,2,35,0,20
06:29,06:29:00,35,20,15,1,2,REGULAR,87,J. ALSTON,1,assist,196,195,[],,0,32,Justin Alexander,Alston,Justin Alexander,Alston,J,A,J,A,J. Alston,KARSIYAKA,KSK,J. Alston,32,,,,,,ASS,,KARSIYAKA J. ALSTON assist,,,,,,,,,0,71,2.0,,0,35,0,20
06:12,06:12:00,35,20,15,2,2,REGULAR,21,K. SMITH JR,1,turnover,197,,[],badpass,0,4,Kenneth Jerome,Smith Jr,Kenneth Jerome,Smith Jr,K,S,K,S,K. Smith Jr,YUKATEL MERKEZEFENDI BELEDIYESI BASKET,YMB,K. Smith Jr,4,,,,,,TO,,YUKATEL MERKEZEFENDI BELEDIYESI BASKET K. SMITH JR turnover badpass,,,,,,,,,0,71,2.0,turnover,0,35,0,20
06:12,06:12:00,35,20,15,1,2,REGULAR,86,C. CHIOZZA,1,steal,198,197,[],,0,11,Christopher Xavier,Chiozza,Christopher Xavier,Chiozza,C,C,C,C,C. Chiozza,KARSIYAKA,KSK,C. Chiozza,11,,,,,,ST,,KARSIYAKA C. CHIOZZA steal,,,,,,,,,0,72,1.0,,0,35,0,20
06:01,06:01:00,37,20,17,1,2,REGULAR,80,A. GÜVEN,1,2pt,199,,"['fromturnover', 'pointsinthepaint']",layup,1,15,Akif Egemen,Güven,Akif Egemen,Güven,A,G,A,G,A. Güven,KARSIYAKA,KSK,A. Güven,15,,,92.540000915527,55.479999542236,1.0,P2,made,KARSIYAKA A. GÜVEN 2Pt made,93.0,1.0,C. YOUNG,,,,,,2,72,1.0,score,2,37,0,20
06:01,06:01:00,37,20,17,1,2,REGULAR,93,C. YOUNG,1,assist,201,199,[],,0,1,Cameron Jordan,Young,Cameron Jordan,Young,C,Y,C,Y,C. Young,KARSIYAKA,KSK,C. Young,1,,,,,,ASS,,KARSIYAKA C. YOUNG assist,,,,,,,,,0,73,2.0,,0,37,0,20
06:00,06:00:00,37,20,17,2,2,REGULAR,0,,1,timeout,202,,[],full,0,,,,,,,,,,,YUKATEL MERKEZEFENDI BELEDIYESI BASKET,YMB,,,,,,,,TIMEOUT,,YUKATEL MERKEZEFENDI BELEDIYESI BASKET timeout,,,,,,,,,0,73,2.0,,0,37,0,20
06:00,06:00:00,37,20,17,2,2,REGULAR,12,M. CAZALON,1,substitution,203,,[],out,0,21,Malcolm Jean Ahmed,Cazalon,Malcolm Jean Ahmed,Cazalon,M,C,M,C,M. Cazalon,YUKATEL MERKEZEFENDI BELEDIYESI BASKET,YMB,M. Cazalon,21,,,,,,SUB,out,YUKATEL MERKEZEFENDI BELEDIYESI BASKET substitution out,,,,,,,,,0,73,2.0,,0,37,0,20
06:00,06:00:00,37,20,17,2,2,REGULAR,13,J. HAWKINS,1,substitution,204,,[],out,0,31,Javontae Aaron,Hawkins,Javontae Aaron,Hawkins,J,H,J,H,J. Hawkins,YUKATEL MERKEZEFENDI BELEDIYESI BASKET,YMB,J. Hawkins,31,,,,,,SUB,out,YUKATEL MERKEZEFENDI BELEDIYESI BASKET substitution out,,,,,,,,,0,73,2.0,,0,37,0,20
06:00,06:00:00,37,20,17,2,2,REGULAR,3,E. TANISAN,1,substitution,205,,[],in,0,0,Emre,Tanisan,Emre,Tanisan,E,T,E,T,E. Tanisan,YUKATEL MERKEZEFENDI BELEDIYESI BASKET,YMB,E. Tanisan,0,,,,,,SUB,in,YUKATEL MERKEZEFENDI BELEDIYESI BASKET substitution in,,,,,,,,,0,73,2.0,,0,37,0,20
06:00,06:00:00,37,20,17,2,2,REGULAR,4,E. PALTACI,1,substitution,206,,[],in,0,77,Erbey Kemal,Paltaci,Erbey Kemal,Paltaci,E,P,E,P,E. Paltaci,YUKATEL MERKEZEFENDI BELEDIYESI BASKET,YMB,E. Paltaci,77,,,,,,SUB,in,YUKATEL MERKEZEFENDI BELEDIYESI BASKET substitution in,,,,,,,,,0,73,2.0,,0,37,0,20
05:47,05:47:00,37,20,17,2,2,REGULAR,7,Ö. ILYASOGLU,0,3pt,208,,[],jumpshot,1,13,Ömer Can,Ilyasoglu,Ömer Can,Ilyasoglu,Ö,I,Ö,I,Ö. Ilyasoglu,YUKATEL MERKEZEFENDI BELEDIYESI BASKET,YMB,Ö. Ilyasoglu,13,,,29.520000457764,37.680000305176,0.0,P3,missed,YUKATEL MERKEZEFENDI BELEDIYESI BASKET Ö. ILYASOGLU 3Pt missed,,,,,,,,,0,73,2.0,def_reb,0,37,0,20
05:43,05:43:00,37,20,17,1,2,REGULAR,80,A. GÜVEN,1,rebound,209,208,[],defensive,0,15,Akif Egemen,Güven,Akif Egemen,Güven,A,G,A,G,A. Güven,KARSIYAKA,KSK,A. Güven,15,,,,,,REB,,KARSIYAKA rebound defensive,,,,,,,,,0,74,1.0,def_reb,0,37,0,20
05:30,05:30:00,37,20,17,1,2,REGULAR,93,C. YOUNG,0,2pt,210,,['pointsinthepaint'],jumpshot,1,1,Cameron Jordan,Young,Cameron Jordan,Young,C,Y,C,Y,C. Young,KARSIYAKA,KSK,C. Young,1,,,92.540000915527,47.009998321533,0.0,P2,missed,KARSIYAKA C. YOUNG 2Pt missed,,,,,,,,,0,75,2.0,def_reb,0,37,0,20
05:29,05:29:00,37,20,17,2,2,REGULAR,0,,1,rebound,212,210,['team'],defensive,0,,,,,,,,,,,YUKATEL MERKEZEFENDI BELEDIYESI BASKET,YMB,,,,,,,,TREB,,YUKATEL MERKEZEFENDI BELEDIYESI BASKET team rebound defensive,,,,,,,,,0,76,1.0,def_reb,0,37,0,20
05:09,05:09:00,37,20,17,2,2,REGULAR,21,K. SMITH JR,1,turnover,214,,[],badpass,0,4,Kenneth Jerome,Smith Jr,Kenneth Jerome,Smith Jr,K,S,K,S,K. Smith Jr,YUKATEL MERKEZEFENDI BELEDIYESI BASKET,YMB,K. Smith Jr,4,,,,,,TO,,YUKATEL MERKEZEFENDI BELEDIYESI BASKET K. SMITH JR turnover badpass,,,,,,,,,0,77,2.0,turnover,0,37,0,20
05:09,05:09:00,37,20,17,1,2,REGULAR,93,C. YOUNG,1,steal,215,214,[],,0,1,Cameron Jordan,Young,Cameron Jordan,Young,C,Y,C,Y,C. Young,KARSIYAKA,KSK,C. Young,1,,,,,,ST,,KARSIYAKA C. YOUNG steal,,,,,,,,,0,78,1.0,,0,37,0,20
05:06,05:06:00,37,20,17,2,2,REGULAR,4,E. PALTACI,1,foul,217,,[],personal,0,77,Erbey Kemal,Paltaci,Erbey Kemal,Paltaci,E,P,E,P,E. Paltaci,YUKATEL MERKEZEFENDI BELEDIYESI BASKET,YMB,E. Paltaci,77,,,,,,FOUL,,YUKATEL MERKEZEFENDI BELEDIYESI BASKET E. PALTACI foul personal,,,,,,,,,0,78,1.0,,0,37,0,20
05:06,05:06:00,37,20,17,1,2,REGULAR,89,C. MANNING JR,1,foulon,218,217,[],,0,21,Charles Maurice,Manning Jr,Charles Maurice,Manning Jr,C,M,C,M,C. Manning Jr,KARSIYAKA,KSK,C. Manning Jr,21,,,,,,OTHER,,KARSIYAKA foulon,,,,,,,,,0,78,1.0,,0,37,0,20
05:06,05:06:00,37,20,17,1,2,REGULAR,93,C. YOUNG,1,substitution,219,,[],out,0,1,Cameron Jordan,Young,Cameron Jordan,Young,C,Y,C,Y,C. Young,KARSIYAKA,KSK,C. Young,1,,,,,,SUB,out,KARSIYAKA substitution out,,,,,,,,,0,78,1.0,,0,37,0,20
05:06,05:06:00,37,20,17,1,2,REGULAR,80,A. GÜVEN,1,substitution,220,,[],out,0,15,Akif Egemen,Güven,Akif Egemen,Güven,A,G,A,G,A. Güven,KARSIYAKA,KSK,A. Güven,15,,,,,,SUB,out,KARSIYAKA substitution out,,,,,,,,,0,78,1.0,,0,37,0,20
05:06,05:06:00,37,20,17,1,2,REGULAR,88,M. MOORE,1,substitution,221,,[],in,0,2,Michael Jarade,Moore,Michael Jarade,Moore,M,M,M,M,M. Moore,KARSIYAKA,KSK,M. Moore,2,,,,,,SUB,in,KARSIYAKA substitution in,,,,,,,,,0,78,1.0,,0,37,0,20
05:06,05:06:00,37,20,17,1,2,REGULAR,78,S. GEYIK,1,substitution,222,,[],in,0,4,Samet,Geyik,Samet,Geyik,S,G,S,G,S. Geyik,KARSIYAKA,KSK,S. Geyik,4,,,,,,SUB,in,KARSIYAKA substitution in,,,,,,,,,0,78,1.0,,0,37,0,20
05:06,05:06:00,37,20,17,1,2,REGULAR,0,,1,timeout,223,,[],full,0,,,,,,,,,,,KARSIYAKA,KSK,,,,,,,,TIMEOUT,,KARSIYAKA timeout,,,,,,,,,0,78,1.0,,0,37,0,20
05:03,05:03:00,37,20,17,2,2,REGULAR,3,E. TANISAN,1,foul,226,,[],personal,0,0,Emre,Tanisan,Emre,Tanisan,E,T,E,T,E. Tanisan,YUKATEL MERKEZEFENDI BELEDIYESI BASKET,YMB,E. Tanisan,0,,,,,,FOUL,,YUKATEL MERKEZEFENDI BELEDIYESI BASKET E. TANISAN foul personal,,,,,,,,,0,78,1.0,,0,37,0,20
05:03,05:03:00,37,20,17,1,2,REGULAR,78,S. GEYIK,1,foulon,227,226,[],,0,4,Samet,Geyik,Samet,Geyik,S,G,S,G,S. Geyik,KARSIYAKA,KSK,S. Geyik,4,,,,,,OTHER,,KARSIYAKA foulon,,,,,,,,,0,78,1.0,,0,37,0,20
04:53,04:53:00,37,20,17,1,2,REGULAR,86,C. CHIOZZA,0,3pt,229,,['fromturnover'],jumpshot,1,11,Christopher Xavier,Chiozza,Christopher Xavier,Chiozza,C,C,C,C,C. Chiozza,KARSIYAKA,KSK,C. Chiozza,11,,,84.430000305176,95.309997558594,0.0,P3,missed,KARSIYAKA C. CHIOZZA 3Pt missed,,,,,,,,,0,78,1.0,def_reb,0,37,0,20
04:50,04:50:00,37,20,17,2,2,REGULAR,7,Ö. ILYASOGLU,1,rebound,230,229,[],defensive,0,13,Ömer Can,Ilyasoglu,Ömer Can,Ilyasoglu,Ö,I,Ö,I,Ö. Ilyasoglu,YUKATEL MERKEZEFENDI BELEDIYESI BASKET,YMB,Ö. Ilyasoglu,13,,,,,,REB,,YUKATEL MERKEZEFENDI BELEDIYESI BASKET rebound defensive,,,,,,,,,0,79,2.0,def_reb,0,37,0,20
04:43,04:43:00,37,20,17,2,2,REGULAR,7,Ö. ILYASOGLU,1,turnover,232,,[],badpass,0,13,Ömer Can,Ilyasoglu,Ömer Can,Ilyasoglu,Ö,I,Ö,I,Ö. Ilyasoglu,YUKATEL MERKEZEFENDI BELEDIYESI BASKET,YMB,Ö. Ilyasoglu,13,,,,,,TO,,YUKATEL MERKEZEFENDI BELEDIYESI BASKET Ö. ILYASOGLU turnover badpass,,,,,,,,,0,80,1.0,turnover,0,37,0,20
04:22,04:22:00,39,20,19,1,2,REGULAR,89,C. MANNING JR,1,2pt,234,,"['fromturnover', 'pointsinthepaint']",dunk,1,21,Charles Maurice,Manning Jr,Charles Maurice,Manning Jr,C,M,C,M,C. Manning Jr,KARSIYAKA,KSK,C. Manning Jr,21,,,88.639999389648,56.610000610352,1.0,P2,made,KARSIYAKA C. MANNING JR 2Pt made,86.0,1.0,C. CHIOZZA,,,,,,2,81,2.0,score,2,39,0,20
04:22,04:22:00,39,20,19,1,2,REGULAR,86,C. CHIOZZA,1,assist,235,234,[],,0,11,Christopher Xavier,Chiozza,Christopher Xavier,Chiozza,C,C,C,C,C. Chiozza,KARSIYAKA,KSK,C. Chiozza,11,,,,,,ASS,,KARSIYAKA C. CHIOZZA assist,,,,,,,,,0,82,1.0,,0,39,0,20
04:02,04:02:00,39,20,19,2,2,REGULAR,5,M. AGVA,1,foul,237,,[],offensive,0,46,Mahir,Agva,Mahir,Agva,M,A,M,A,M. Agva,YUKATEL MERKEZEFENDI BELEDIYESI BASKET,YMB,M. Agva,46,,,,,,RFOUL,,YUKATEL MERKEZEFENDI BELEDIYESI BASKET M. AGVA foul offensive,,,,,,,,,0,82,1.0,offensive_foul,0,39,0,20
04:02,04:02:00,39,20,19,2,2,REGULAR,5,M. AGVA,1,turnover,238,237,[],offensive,0,46,Mahir,Agva,Mahir,Agva,M,A,M,A,M. Agva,YUKATEL MERKEZEFENDI BELEDIYESI BASKET,YMB,M. Agva,46,,,,,,TO,,YUKATEL MERKEZEFENDI BELEDIYESI BASKET M. AGVA turnover offensive,,,,,,,,,0,83,2.0,turnover,0,39,0,20
04:02,04:02:00,39,20,19,1,2,REGULAR,89,C. MANNING JR,1,foulon,239,237,[],,0,21,Charles Maurice,Manning Jr,Charles Maurice,Manning Jr,C,M,C,M,C. Manning Jr,KARSIYAKA,KSK,C. Manning Jr,21,,,,,,OTHER,,KARSIYAKA foulon,,,,,,,,,0,84,1.0,,0,39,0,20
04:02,04:02:00,39,20,19,2,2,REGULAR,3,E. TANISAN,1,substitution,240,,[],out,0,0,Emre,Tanisan,Emre,Tanisan,E,T,E,T,E. Tanisan,YUKATEL MERKEZEFENDI BELEDIYESI BASKET,YMB,E. Tanisan,0,,,,,,SUB,out,YUKATEL MERKEZEFENDI BELEDIYESI BASKET substitution out,,,,,,,,,0,84,1.0,,0,39,0,20
04:02,04:02:00,39,20,19,2,2,REGULAR,4,E. PALTACI,1,substitution,241,,[],out,0,77,Erbey Kemal,Paltaci,Erbey Kemal,Paltaci,E,P,E,P,E. Paltaci,YUKATEL MERKEZEFENDI BELEDIYESI BASKET,YMB,E. Paltaci,77,,,,,,SUB,out,YUKATEL MERKEZEFENDI BELEDIYESI BASKET substitution out,,,,,,,,,0,84,1.0,,0,39,0,20
04:02,04:02:00,39,20,19,2,2,REGULAR,11,S. GRIFFIN,1,substitution,242,,[],in,0,1,Samuel Gevaris,Griffin,Samuel Gevaris,Griffin,S,G,S,G,S. Griffin,YUKATEL MERKEZEFENDI BELEDIYESI BASKET,YMB,S. Griffin,1,,,,,,SUB,in,YUKATEL MERKEZEFENDI BELEDIYESI BASKET substitution in,,,,,,,,,0,84,1.0,,0,39,0,20
04:02,04:02:00,39,20,19,2,2,REGULAR,10,J. ROBERTS,1,substitution,243,,[],in,0,23,Joshua Artee,Roberts,Joshua Artee,Roberts,J,R,J,R,J. Roberts,YUKATEL MERKEZEFENDI BELEDIYESI BASKET,YMB,J. Roberts,23,,,,,,SUB,in,YUKATEL MERKEZEFENDI BELEDIYESI BASKET substitution in,,,,,,,,,0,84,1.0,,0,39,0,20
03:38,03:38:00,39,20,19,1,2,REGULAR,87,J. ALSTON,0,2pt,245,,"['fromturnover', 'pointsinthepaint']",layup,1,32,Justin Alexander,Alston,Justin Alexander,Alston,J,A,J,A,J. Alston,KARSIYAKA,KSK,J. Alston,32,,,89.419998168945,59.720001220703,0.0,P2,missed,KARSIYAKA J. ALSTON 2Pt missed,,,,,,,,,0,84,1.0,def_reb,0,39,0,20
03:35,03:35:00,39,20,19,2,2,REGULAR,11,S. GRIFFIN,1,rebound,246,245,[],defensive,0,1,Samuel Gevaris,Griffin,Samuel Gevaris,Griffin,S,G,S,G,S. Griffin,YUKATEL MERKEZEFENDI BELEDIYESI BASKET,YMB,S. Griffin,1,,,,,,REB,,YUKATEL MERKEZEFENDI BELEDIYESI BASKET rebound defensive,,,,,,,,,0,85,2.0,def_reb,0,39,0,20
03:31,03:31:00,39,20,19,1,2,REGULAR,78,S. GEYIK,1,foul,248,,[],personal,0,4,Samet,Geyik,Samet,Geyik,S,G,S,G,S. Geyik,KARSIYAKA,KSK,S. Geyik,4,,,,,,FOUL,,KARSIYAKA S. GEYIK foul personal,,,,,,,,,0,86,1.0,,0,39,0,20
03:31,03:31:00,39,20,19,2,2,REGULAR,11,S. GRIFFIN,1,foulon,249,248,[],,0,1,Samuel Gevaris,Griffin,Samuel Gevaris,Griffin,S,G,S,G,S. Griffin,YUKATEL MERKEZEFENDI BELEDIYESI BASKET,YMB,S. Griffin,1,,,,,,OTHER,,YUKATEL MERKEZEFENDI BELEDIYESI BASKET foulon,,,,,,,,,0,86,1.0,,0,39,0,20
03:22,03:22:00,39,20,19,2,2,REGULAR,21,K. SMITH JR,0,2pt,251,,['pointsinthepaint'],floatingjumpshot,1,4,Kenneth Jerome,Smith Jr,Kenneth Jerome,Smith Jr,K,S,K,S,K. Smith Jr,YUKATEL MERKEZEFENDI BELEDIYESI BASKET,YMB,K. Smith Jr,4,,,16.409999847412,58.590000152588,0.0,P2,missed,YUKATEL MERKEZEFENDI BELEDIYESI BASKET K. SMITH JR 2Pt missed,,,,,,,,,0,86,1.0,def_reb,0,39,0,20
03:21,03:21:00,39,20,19,2,2,REGULAR,0,,1,rebound,253,251,['team'],offensive,0,,,,,,,,,,,YUKATEL MERKEZEFENDI BELEDIYESI BASKET,YMB,,,,,,,,TREB,,YUKATEL MERKEZEFENDI BELEDIYESI BASKET team rebound offensive,,,,,,,,,0,87,2.0,def_reb,0,39,0,20
03:11,03:11:00,39,20,19,2,2,REGULAR,11,S. GRIFFIN,0,3pt,255,,['2ndchance'],jumpshot,1,1,Samuel Gevaris,Griffin,Samuel Gevaris,Griffin,S,G,S,G,S. Griffin,YUKATEL MERKEZEFENDI BELEDIYESI BASKET,YMB,S. Griffin,1,,,32.009998321533,36.270000457764,0.0,P3,missed,YUKATEL MERKEZEFENDI BELEDIYESI BASKET S. GRIFFIN 3Pt missed,,,,,,,,,0,88,1.0,def_reb,0,39,0,20
03:08,03:08:00,39,20,19,1,2,REGULAR,86,C. CHIOZZA,1,rebound,256,255,[],defensive,0,11,Christopher Xavier,Chiozza,Christopher Xavier,Chiozza,C,C,C,C,C. Chiozza,KARSIYAKA,KSK,C. Chiozza,11,,,,,,REB,,KARSIYAKA rebound defensive,,,,,,,,,0,89,2.0,def_reb,0,39,0,20
03:06,03:06:00,39,20,19,1,2,REGULAR,86,C. CHIOZZA,1,turnover,258,,[],badpass,0,11,Christopher Xavier,Chiozza,Christopher Xavier,Chiozza,C,C,C,C,C. Chiozza,KARSIYAKA,KSK,C. Chiozza,11,,,,,,TO,,KARSIYAKA C. CHIOZZA turnover badpass,,,,,,,,,0,90,1.0,turnover,0,39,0,20
02:54,02:54:00,39,20,19,2,2,REGULAR,5,M. AGVA,0,3pt,260,,['fromturnover'],jumpshot,1,46,Mahir,Agva,Mahir,Agva,M,A,M,A,M. Agva,YUKATEL MERKEZEFENDI BELEDIYESI BASKET,YMB,M. Agva,46,,,30.139999389648,69.319999694824,0.0,P3,missed,YUKATEL MERKEZEFENDI BELEDIYESI BASKET M. AGVA 3Pt missed,,,,,,,,,0,91,2.0,def_reb,0,39,0,20
02:51,02:51:00,39,20,19,2,2,REGULAR,0,,1,rebound,262,260,['team'],offensive,0,,,,,,,,,,,YUKATEL MERKEZEFENDI BELEDIYESI BASKET,YMB,,,,,,,,TREB,,YUKATEL MERKEZEFENDI BELEDIYESI BASKET team rebound offensive,,,,,,,,,0,92,1.0,def_reb,0,39,0,20
02:51,02:51:00,39,20,19,2,2,REGULAR,7,Ö. ILYASOGLU,1,substitution,263,,[],out,0,13,Ömer Can,Ilyasoglu,Ömer Can,Ilyasoglu,Ö,I,Ö,I,Ö. Ilyasoglu,YUKATEL MERKEZEFENDI BELEDIYESI BASKET,YMB,Ö. Ilyasoglu,13,,,,,,SUB,out,YUKATEL MERKEZEFENDI BELEDIYESI BASKET substitution out,,,,,,,,,0,93,2.0,,0,39,0,20
02:51,02:51:00,39,20,19,2,2,REGULAR,9,R. BADZIM,1,substitution,264,,[],in,0,18,Roko,Badzim,Roko,Badzim,R,B,R,B,R. Badzim,YUKATEL MERKEZEFENDI BELEDIYESI BASKET,YMB,R. Badzim,18,,,,,,SUB,in,YUKATEL MERKEZEFENDI BELEDIYESI BASKET substitution in,,,,,,,,,0,93,2.0,,0,39,0,20
02:42,02:42:00,39,20,19,2,2,REGULAR,21,K. SMITH JR,0,3pt,266,,"['2ndchance', 'fromturnover']",jumpshot,1,4,Kenneth Jerome,Smith Jr,Kenneth Jerome,Smith Jr,K,S,K,S,K. Smith Jr,YUKATEL MERKEZEFENDI BELEDIYESI BASKET,YMB,K. Smith Jr,4,,,34.040000915527,52.090000152588,0.0,P3,missed,YUKATEL MERKEZEFENDI BELEDIYESI BASKET K. SMITH JR 3Pt missed,,,,,,,,,0,93,2.0,,0,39,0,20
02:39,02:39:00,39,20,19,2,2,REGULAR,9,R. BADZIM,1,rebound,267,266,[],offensive,0,18,Roko,Badzim,Roko,Badzim,R,B,R,B,R. Badzim,YUKATEL MERKEZEFENDI BELEDIYESI BASKET,YMB,R. Badzim,18,,,,,,REB,,YUKATEL MERKEZEFENDI BELEDIYESI BASKET rebound offensive,,,,,,,,,0,93,2.0,,0,39,0,20
02:38,02:38:00,39,20,19,2,2,REGULAR,21,K. SMITH JR,0,3pt,268,,"['2ndchance', 'fromturnover']",jumpshot,1,4,Kenneth Jerome,Smith Jr,Kenneth Jerome,Smith Jr,K,S,K,S,K. Smith Jr,YUKATEL MERKEZEFENDI BELEDIYESI BASKET,YMB,K. Smith Jr,4,,,31.079999923706,65.080001831055,0.0,P3,missed,YUKATEL MERKEZEFENDI BELEDIYESI BASKET K. SMITH JR 3Pt missed,,,,,,,,,0,93,2.0,,0,39,0,20
02:35,02:35:00,39,20,19,2,2,REGULAR,9,R. BADZIM,1,rebound,269,268,[],offensive,0,18,Roko,Badzim,Roko,Badzim,R,B,R,B,R. Badzim,YUKATEL MERKEZEFENDI BELEDIYESI BASKET,YMB,R. Badzim,18,,,,,,REB,,YUKATEL MERKEZEFENDI BELEDIYESI BASKET rebound offensive,,,,,,,,,0,93,2.0,,0,39,0,20
02:31,02:31:00,39,20,19,1,2,REGULAR,78,S. GEYIK,1,foul,271,,"['shooting', '2freethrow']",personal,0,4,Samet,Geyik,Samet,Geyik,S,G,S,G,S. Geyik,KARSIYAKA,KSK,S. Geyik,4,,,,,,FOUL,,KARSIYAKA S. GEYIK foul personal,,,,,,,,,0,93,2.0,,0,39,0,20
02:31,02:31:00,39,20,19,2,2,REGULAR,9,R. BADZIM,1,foulon,272,271,[],,0,18,Roko,Badzim,Roko,Badzim,R,B,R,B,R. Badzim,YUKATEL MERKEZEFENDI BELEDIYESI BASKET,YMB,R. Badzim,18,,,,,,OTHER,,YUKATEL MERKEZEFENDI BELEDIYESI BASKET foulon,,,,,,,,,0,93,2.0,,0,39,0,20
02:31,02:31:00,39,20,19,1,2,REGULAR,86,C. CHIOZZA,1,substitution,273,,[],out,0,11,Christopher Xavier,Chiozza,Christopher Xavier,Chiozza,C,C,C,C,C. Chiozza,KARSIYAKA,KSK,C. Chiozza,11,,,,,,SUB,out,KARSIYAKA substitution out,,,,,,,,,0,93,2.0,,0,39,0,20
02:31,02:31:00,39,20,19,1,2,REGULAR,87,J. ALSTON,1,substitution,274,,[],out,0,32,Justin Alexander,Alston,Justin Alexander,Alston,J,A,J,A,J. Alston,KARSIYAKA,KSK,J. Alston,32,,,,,,SUB,out,KARSIYAKA substitution out,,,,,,,,,0,93,2.0,,0,39,0,20
02:31,02:31:00,39,20,19,1,2,REGULAR,85,R. TARRANT JR,1,substitution,275,,[],in,0,22,Ricky Lafredrick,Tarrant Jr,Ricky Lafredrick,Tarrant Jr,R,T,R,T,R. Tarrant Jr,KARSIYAKA,KSK,R. Tarrant Jr,22,,,,,,SUB,in,KARSIYAKA substitution in,,,,,,,,,0,93,2.0,,0,39,0,20
02:31,02:31:00,39,20,19,1,2,REGULAR,79,M. CELEP,1,substitution,276,,[],in,0,35,Mert,Celep,Mert,Celep,M,C,M,C,M. Celep,KARSIYAKA,KSK,M. Celep,35,,,,,,SUB,in,KARSIYAKA substitution in,,,,,,,,,0,93,2.0,,0,39,0,20
02:31,02:31:00,39,21,18,2,2,REGULAR,9,R. BADZIM,1,freethrow,277,,"['2ndchance', 'fromturnover']",1of2,1,18,Roko,Badzim,Roko,Badzim,R,B,R,B,R. Badzim,YUKATEL MERKEZEFENDI BELEDIYESI BASKET,YMB,R. Badzim,18,,,,,,FT,made,YUKATEL MERKEZEFENDI BELEDIYESI BASKET R. BADZIM FT 1of2 made,,,,,,,,,1,93,2.0,made_ft,0,39,1,21
02:31,02:31:00,39,22,17,2,2,REGULAR,9,R. BADZIM,1,freethrow,278,,"['2ndchance', 'fromturnover']",2of2,1,18,Roko,Badzim,Roko,Badzim,R,B,R,B,R. Badzim,YUKATEL MERKEZEFENDI BELEDIYESI BASKET,YMB,R. Badzim,18,,,,,,FT,made,YUKATEL MERKEZEFENDI BELEDIYESI BASKET R. BADZIM FT 2of2 made,,,,,,,,,1,94,1.0,made_ft_last,0,39,1,22
02:07,02:07:00,39,22,17,1,2,REGULAR,88,M. MOORE,0,2pt,280,,[],jumpshot,1,2,Michael Jarade,Moore,Michael Jarade,Moore,M,M,M,M,M. Moore,KARSIYAKA,KSK,M. Moore,2,,,95.040000915527,91.639999389648,0.0,P2,missed,KARSIYAKA M. MOORE 2Pt missed,,,,,,,,,0,95,2.0,,0,39,0,22
02:04,02:04:00,39,22,17,1,2,REGULAR,78,S. GEYIK,1,rebound,281,280,[],offensive,0,4,Samet,Geyik,Samet,Geyik,S,G,S,G,S. Geyik,KARSIYAKA,KSK,S. Geyik,4,,,,,,REB,,KARSIYAKA rebound offensive,,,,,,,,,0,95,2.0,,0,39,0,22
02:04,02:04:00,39,22,17,1,2,REGULAR,78,S. GEYIK,0,2pt,282,,"['2ndchance', 'pointsinthepaint']",tipinlayup,1,4,Samet,Geyik,Samet,Geyik,S,G,S,G,S. Geyik,KARSIYAKA,KSK,S. Geyik,4,,,94.0,50.0,0.0,P2,missed,KARSIYAKA S. GEYIK 2Pt missed,,,,,,,,,0,95,2.0,,0,39,0,22
02:03,02:03:00,39,22,17,1,2,REGULAR,78,S. GEYIK,1,rebound,283,282,[],offensive,0,4,Samet,Geyik,Samet,Geyik,S,G,S,G,S. Geyik,KARSIYAKA,KSK,S. Geyik,4,,,,,,REB,,KARSIYAKA rebound offensive,,,,,,,,,0,95,2.0,,0,39,0,22
02:02,02:02:00,39,22,17,1,2,REGULAR,78,S. GEYIK,0,2pt,285,,"['2ndchance', 'pointsinthepaint']",jumpshot,1,4,Samet,Geyik,Samet,Geyik,S,G,S,G,S. Geyik,KARSIYAKA,KSK,S. Geyik,4,,,92.540000915527,59.720001220703,0.0,P2,missed,KARSIYAKA S. GEYIK 2Pt missed,,,,,,,,,0,95,2.0,,0,39,0,22
02:02,02:02:00,39,22,17,1,2,REGULAR,78,S. GEYIK,1,rebound,286,285,[],offensive,0,4,Samet,Geyik,Samet,Geyik,S,G,S,G,S. Geyik,KARSIYAKA,KSK,S. Geyik,4,,,,,,REB,,KARSIYAKA rebound offensive,,,,,,,,,0,95,2.0,,0,39,0,22
02:00,02:00:00,39,22,17,1,2,REGULAR,85,R. TARRANT JR,1,turnover,288,,[],badpass,0,22,Ricky Lafredrick,Tarrant Jr,Ricky Lafredrick,Tarrant Jr,R,T,R,T,R. Tarrant Jr,KARSIYAKA,KSK,R. Tarrant Jr,22,,,,,,TO,,KARSIYAKA R. TARRANT JR turnover badpass,,,,,,,,,0,95,2.0,turnover,0,39,0,22
02:00,02:00:00,39,22,17,2,2,REGULAR,9,R. BADZIM,1,steal,289,288,[],,0,18,Roko,Badzim,Roko,Badzim,R,B,R,B,R. Badzim,YUKATEL MERKEZEFENDI BELEDIYESI BASKET,YMB,R. Badzim,18,,,,,,ST,,YUKATEL MERKEZEFENDI BELEDIYESI BASKET R. BADZIM steal,,,,,,,,,0,96,1.0,,0,39,0,22
01:56,01:56:00,39,24,15,2,2,REGULAR,11,S. GRIFFIN,1,2pt,291,,"['fromturnover', 'pointsinthepaint', 'fastbreak']",drivinglayup,1,1,Samuel Gevaris,Griffin,Samuel Gevaris,Griffin,S,G,S,G,S. Griffin,YUKATEL MERKEZEFENDI BELEDIYESI BASKET,YMB,S. Griffin,1,,,8.3000001907349,60.279998779297,1.0,P2,made,YUKATEL MERKEZEFENDI BELEDIYESI BASKET S. GRIFFIN 2Pt made,9.0,2.0,R. BADZIM,,,,,,2,96,1.0,score,0,39,2,24
01:56,01:56:00,39,24,15,2,2,REGULAR,9,R. BADZIM,1,assist,292,291,[],,0,18,Roko,Badzim,Roko,Badzim,R,B,R,B,R. Badzim,YUKATEL MERKEZEFENDI BELEDIYESI BASKET,YMB,R. Badzim,18,,,,,,ASS,,YUKATEL MERKEZEFENDI BELEDIYESI BASKET R. BADZIM assist,,,,,,,,,0,97,2.0,,0,39,0,24
01:56,01:56:00,39,24,15,1,2,REGULAR,0,,1,timeout,293,,[],full,0,,,,,,,,,,,KARSIYAKA,KSK,,,,,,,,TIMEOUT,,KARSIYAKA timeout,,,,,,,,,0,97,2.0,,0,39,0,24
01:40,01:40:00,39,24,15,2,2,REGULAR,11,S. GRIFFIN,1,foul,296,,['2freethrow'],personal,0,1,Samuel Gevaris,Griffin,Samuel Gevaris,Griffin,S,G,S,G,S. Griffin,YUKATEL MERKEZEFENDI BELEDIYESI BASKET,YMB,S. Griffin,1,,,,,,FOUL,,YUKATEL MERKEZEFENDI BELEDIYESI BASKET S. GRIFFIN foul personal,,,,,,,,,0,97,2.0,,0,39,0,24
01:40,01:40:00,39,24,15,1,2,REGULAR,78,S. GEYIK,1,foulon,297,296,[],,0,4,Samet,Geyik,Samet,Geyik,S,G,S,G,S. Geyik,KARSIYAKA,KSK,S. Geyik,4,,,,,,OTHER,,KARSIYAKA foulon,,,,,,,,,0,97,2.0,,0,39,0,24
01:40,01:40:00,39,24,15,1,2,REGULAR,78,S. GEYIK,0,freethrow,298,,[],1of2,1,4,Samet,Geyik,Samet,Geyik,S,G,S,G,S. Geyik,KARSIYAKA,KSK,S. Geyik,4,,,,,,FT,missed,KARSIYAKA S. GEYIK FT 1of2 missed,,,,,,,,,0,97,2.0,def_reb,0,39,0,24
01:40,01:40:00,39,24,15,1,2,REGULAR,0,,1,rebound,299,298,[],offensivedeadball,0,,,,,,,,,,,KARSIYAKA,KSK,,,,,,,,TREB,,KARSIYAKA team rebound offensivedeadball,,,,,,,,,0,98,1.0,def_reb,0,39,0,24
01:40,01:40:00,40,24,16,1,2,REGULAR,78,S. GEYIK,1,freethrow,300,,[],2of2,1,4,Samet,Geyik,Samet,Geyik,S,G,S,G,S. Geyik,KARSIYAKA,KSK,S. Geyik,4,,,,,,FT,made,KARSIYAKA S. GEYIK FT 2of2 made,,,,,,,,,1,99,2.0,made_ft_last,1,40,0,24
01:26,01:26:00,40,27,13,2,2,REGULAR,11,S. GRIFFIN,1,3pt,302,,[],jumpshot,1,1,Samuel Gevaris,Griffin,Samuel Gevaris,Griffin,S,G,S,G,S. Griffin,YUKATEL MERKEZEFENDI BELEDIYESI BASKET,YMB,S. Griffin,1,,,5.6500000953674,2.9400000572205,1.0,P3,made,YUKATEL MERKEZEFENDI BELEDIYESI BASKET S. GRIFFIN 3Pt made,9.0,2.0,R. BADZIM,,,,,,3,100,1.0,score,0,40,3,27
01:26,01:26:00,40,27,13,2,2,REGULAR,9,R. BADZIM,1,assist,303,302,[],,0,18,Roko,Badzim,Roko,Badzim,R,B,R,B,R. Badzim,YUKATEL MERKEZEFENDI BELEDIYESI BASKET,YMB,R. Badzim,18,,,,,,ASS,,YUKATEL MERKEZEFENDI BELEDIYESI BASKET R. BADZIM assist,,,,,,,,,0,101,2.0,,0,40,0,27
01:12,01:12:00,40,27,13,1,2,REGULAR,85,R. TARRANT JR,1,turnover,305,,[],travel,0,22,Ricky Lafredrick,Tarrant Jr,Ricky Lafredrick,Tarrant Jr,R,T,R,T,R. Tarrant Jr,KARSIYAKA,KSK,R. Tarrant Jr,22,,,,,,TO,,KARSIYAKA R. TARRANT JR turnover travel,,,,,,,,,0,101,2.0,turnover,0,40,0,27
01:12,01:12:00,40,27,13,1,2,REGULAR,88,M. MOORE,1,substitution,306,,[],out,0,2,Michael Jarade,Moore,Michael Jarade,Moore,M,M,M,M,M. Moore,KARSIYAKA,KSK,M. Moore,2,,,,,,SUB,out,KARSIYAKA substitution out,,,,,,,,,0,102,1.0,,0,40,0,27
01:12,01:12:00,40,27,13,1,2,REGULAR,85,R. TARRANT JR,1,substitution,307,,[],out,0,22,Ricky Lafredrick,Tarrant Jr,Ricky Lafredrick,Tarrant Jr,R,T,R,T,R. Tarrant Jr,KARSIYAKA,KSK,R. Tarrant Jr,22,,,,,,SUB,out,KARSIYAKA substitution out,,,,,,,,,0,102,1.0,,0,40,0,27
01:12,01:12:00,40,27,13,1,2,REGULAR,93,C. YOUNG,1,substitution,308,,[],in,0,1,Cameron Jordan,Young,Cameron Jordan,Young,C,Y,C,Y,C. Young,KARSIYAKA,KSK,C. Young,1,,,,,,SUB,in,KARSIYAKA substitution in,,,,,,,,,0,102,1.0,,0,40,0,27
01:12,01:12:00,40,27,13,1,2,REGULAR,86,C. CHIOZZA,1,substitution,309,,[],in,0,11,Christopher Xavier,Chiozza,Christopher Xavier,Chiozza,C,C,C,C,C. Chiozza,KARSIYAKA,KSK,C. Chiozza,11,,,,,,SUB,in,KARSIYAKA substitution in,,,,,,,,,0,102,1.0,,0,40,0,27
00:56,00:56:20,40,27,13,2,2,REGULAR,11,S. GRIFFIN,0,2pt,313,,"['fromturnover', 'pointsinthepaint', 'blocked']",jumpshot,1,1,Samuel Gevaris,Griffin,Samuel Gevaris,Griffin,S,G,S,G,S. Griffin,YUKATEL MERKEZEFENDI BELEDIYESI BASKET,YMB,S. Griffin,1,,,7.0500001907349,41.069999694824,0.0,P2,missed,YUKATEL MERKEZEFENDI BELEDIYESI BASKET S. GRIFFIN 2Pt missed,,,,86.0,1.0,C. CHIOZZA,,,0,102,1.0,,0,40,0,27
00:56,00:56:20,40,27,13,1,2,REGULAR,86,C. CHIOZZA,1,block,314,313,[],,0,11,Christopher Xavier,Chiozza,Christopher Xavier,Chiozza,C,C,C,C,C. Chiozza,KARSIYAKA,KSK,C. Chiozza,11,,,,,,BS,,KARSIYAKA C. CHIOZZA block,,,,,,,,,0,102,1.0,,0,40,0,27
00:53,00:53:00,40,27,13,1,2,REGULAR,86,C. CHIOZZA,1,rebound,315,313,[],defensive,0,11,Christopher Xavier,Chiozza,Christopher Xavier,Chiozza,C,C,C,C,C. Chiozza,KARSIYAKA,KSK,C. Chiozza,11,,,,,,REB,,KARSIYAKA rebound defensive,,,,,,,,,0,102,1.0,def_reb,0,40,0,27
00:48,00:48:00,40,27,13,2,2,REGULAR,21,K. SMITH JR,1,foul,317,,['2freethrow'],personal,0,4,Kenneth Jerome,Smith Jr,Kenneth Jerome,Smith Jr,K,S,K,S,K. Smith Jr,YUKATEL MERKEZEFENDI BELEDIYESI BASKET,YMB,K. Smith Jr,4,,,,,,FOUL,,YUKATEL MERKEZEFENDI BELEDIYESI BASKET K. SMITH JR foul personal,,,,,,,,,0,103,2.0,,0,40,0,27
00:48,00:48:00,40,27,13,1,2,REGULAR,78,S. GEYIK,1,foulon,318,317,[],,0,4,Samet,Geyik,Samet,Geyik,S,G,S,G,S. Geyik,KARSIYAKA,KSK,S. Geyik,4,,,,,,OTHER,,KARSIYAKA foulon,,,,,,,,,0,103,2.0,,0,40,0,27
00:48,00:48:00,40,27,13,1,2,REGULAR,78,S. GEYIK,0,freethrow,319,,[],1of2,1,4,Samet,Geyik,Samet,Geyik,S,G,S,G,S. Geyik,KARSIYAKA,KSK,S. Geyik,4,,,,,,FT,missed,KARSIYAKA S. GEYIK FT 1of2 missed,,,,,,,,,0,103,2.0,def_reb,0,40,0,27
00:48,00:48:00,40,27,13,1,2,REGULAR,0,,1,rebound,320,319,[],offensivedeadball,0,,,,,,,,,,,KARSIYAKA,KSK,,,,,,,,TREB,,KARSIYAKA team rebound offensivedeadball,,,,,,,,,0,104,1.0,def_reb,0,40,0,27
00:48,00:48:00,40,27,13,1,2,REGULAR,78,S. GEYIK,0,freethrow,321,,[],2of2,1,4,Samet,Geyik,Samet,Geyik,S,G,S,G,S. Geyik,KARSIYAKA,KSK,S. Geyik,4,,,,,,FT,missed,KARSIYAKA S. GEYIK FT 2of2 missed,,,,,,,,,0,105,2.0,def_reb,0,40,0,27
00:47,00:47:20,40,27,13,2,2,REGULAR,9,R. BADZIM,1,rebound,323,321,[],defensive,0,18,Roko,Badzim,Roko,Badzim,R,B,R,B,R. Badzim,YUKATEL MERKEZEFENDI BELEDIYESI BASKET,YMB,R. Badzim,18,,,,,,REB,,YUKATEL MERKEZEFENDI BELEDIYESI BASKET rebound defensive,,,,,,,,,0,106,1.0,def_reb,0,40,0,27
00:31,00:31:60,40,27,13,2,2,REGULAR,5,M. AGVA,0,2pt,325,,"['pointsinthepaint', 'blocked']",jumpshot,1,46,Mahir,Agva,Mahir,Agva,M,A,M,A,M. Agva,YUKATEL MERKEZEFENDI BELEDIYESI BASKET,YMB,M. Agva,46,,,14.069999694824,57.459999084473,0.0,P2,missed,YUKATEL MERKEZEFENDI BELEDIYESI BASKET M. AGVA 2Pt missed,,,,89.0,1.0,C. MANNING JR,,,0,107,2.0,,0,40,0,27
00:31,00:31:60,40,27,13,1,2,REGULAR,89,C. MANNING JR,1,block,326,325,[],,0,21,Charles Maurice,Manning Jr,Charles Maurice,Manning Jr,C,M,C,M,C. Manning Jr,KARSIYAKA,KSK,C. Manning Jr,21,,,,,,BS,,KARSIYAKA C. MANNING JR block,,,,,,,,,0,107,2.0,,0,40,0,27
00:31,00:31:60,40,27,13,2,2,REGULAR,0,,1,rebound,327,325,['team'],offensive,0,,,,,,,,,,,YUKATEL MERKEZEFENDI BELEDIYESI BASKET,YMB,,,,,,,,TREB,,YUKATEL MERKEZEFENDI BELEDIYESI BASKET team rebound offensive,,,,,,,,,0,107,2.0,def_reb,0,40,0,27
00:31,00:31:60,40,27,13,1,2,REGULAR,78,S. GEYIK,1,substitution,328,,[],out,0,4,Samet,Geyik,Samet,Geyik,S,G,S,G,S. Geyik,KARSIYAKA,KSK,S. Geyik,4,,,,,,SUB,out,KARSIYAKA substitution out,,,,,,,,,0,108,1.0,,0,40,0,27
00:31,00:31:60,40,27,13,1,2,REGULAR,80,A. GÜVEN,1,substitution,329,,[],in,0,15,Akif Egemen,Güven,Akif Egemen,Güven,A,G,A,G,A. Güven,KARSIYAKA,KSK,A. Güven,15,,,,,,SUB,in,KARSIYAKA substitution in,,,,,,,,,0,108,1.0,,0,40,0,27
00:28,00:28:00,40,27,13,2,2,REGULAR,5,M. AGVA,1,turnover,331,,[],ballhandling,0,46,Mahir,Agva,Mahir,Agva,M,A,M,A,M. Agva,YUKATEL MERKEZEFENDI BELEDIYESI BASKET,YMB,M. Agva,46,,,,,,TO,,YUKATEL MERKEZEFENDI BELEDIYESI BASKET M. AGVA turnover ballhandling,,,,,,,,,0,108,1.0,turnover,0,40,0,27
00:28,00:28:00,40,27,13,1,2,REGULAR,79,M. CELEP,1,steal,332,331,[],,0,35,Mert,Celep,Mert,Celep,M,C,M,C,M. Celep,KARSIYAKA,KSK,M. Celep,35,,,,,,ST,,KARSIYAKA M. CELEP steal,,,,,,,,,0,109,2.0,,0,40,0,27
00:07,00:07:40,40,27,13,1,2,REGULAR,86,C. CHIOZZA,0,3pt,333,,['fromturnover'],jumpshot,1,11,Christopher Xavier,Chiozza,Christopher Xavier,Chiozza,C,C,C,C,C. Chiozza,KARSIYAKA,KSK,C. Chiozza,11,,,73.819999694824,89.379997253418,0.0,P3,missed,KARSIYAKA C. CHIOZZA 3Pt missed,,,,,,,,,0,109,2.0,def_reb,0,40,0,27
00:04,00:04:30,40,27,13,2,2,REGULAR,11,S. GRIFFIN,1,rebound,334,333,[],defensive,0,1,Samuel Gevaris,Griffin,Samuel Gevaris,Griffin,S,G,S,G,S. Griffin,YUKATEL MERKEZEFENDI BELEDIYESI BASKET,YMB,S. Griffin,1,,,,,,REB,,YUKATEL MERKEZEFENDI BELEDIYESI BASKET rebound defensive,,,,,,,,,0,110,1.0,def_reb,0,40,0,27
00:03,00:03:60,40,27,13,1,2,REGULAR,79,M. CELEP,1,foul,336,,[],personal,0,35,Mert,Celep,Mert,Celep,M,C,M,C,M. Celep,KARSIYAKA,KSK,M. Celep,35,,,,,,FOUL,,KARSIYAKA M. CELEP foul personal,,,,,,,,,0,111,2.0,,0,40,0,27
00:03,00:03:60,40,27,13,2,2,REGULAR,11,S. GRIFFIN,1,foulon,337,336,[],,0,1,Samuel Gevaris,Griffin,Samuel Gevaris,Griffin,S,G,S,G,S. Griffin,YUKATEL MERKEZEFENDI BELEDIYESI BASKET,YMB,S. Griffin,1,,,,,,OTHER,,YUKATEL MERKEZEFENDI BELEDIYESI BASKET foulon,,,,,,,,,0,111,2.0,,0,40,0,27
00:03,00:03:60,40,27,13,1,2,REGULAR,80,A. GÜVEN,1,substitution,338,,[],out,0,15,Akif Egemen,Güven,Akif Egemen,Güven,A,G,A,G,A. Güven,KARSIYAKA,KSK,A. Güven,15,,,,,,SUB,out,KARSIYAKA substitution out,,,,,,,,,0,111,2.0,,0,40,0,27
00:03,00:03:60,40,27,13,1,2,REGULAR,87,J. ALSTON,1,substitution,339,,[],in,0,32,Justin Alexander,Alston,Justin Alexander,Alston,J,A,J,A,J. Alston,KARSIYAKA,KSK,J. Alston,32,,,,,,SUB,in,KARSIYAKA substitution in,,,,,,,,,0,111,2.0,,0,40,0,27
00:03,00:03:60,40,27,13,2,2,REGULAR,21,K. SMITH JR,1,substitution,340,,[],out,0,4,Kenneth Jerome,Smith Jr,Kenneth Jerome,Smith Jr,K,S,K,S,K. Smith Jr,YUKATEL MERKEZEFENDI BELEDIYESI BASKET,YMB,K. Smith Jr,4,,,,,,SUB,out,YUKATEL MERKEZEFENDI BELEDIYESI BASKET substitution out,,,,,,,,,0,111,2.0,,0,40,0,27
00:03,00:03:60,40,27,13,2,2,REGULAR,10,J. ROBERTS,1,substitution,341,,[],out,0,23,Joshua Artee,Roberts,Joshua Artee,Roberts,J,R,J,R,J. Roberts,YUKATEL MERKEZEFENDI BELEDIYESI BASKET,YMB,J. Roberts,23,,,,,,SUB,out,YUKATEL MERKEZEFENDI BELEDIYESI BASKET substitution out,,,,,,,,,0,111,2.0,,0,40,0,27
00:03,00:03:60,40,27,13,2,2,REGULAR,12,M. CAZALON,1,substitution,342,,[],in,0,21,Malcolm Jean Ahmed,Cazalon,Malcolm Jean Ahmed,Cazalon,M,C,M,C,M. Cazalon,YUKATEL MERKEZEFENDI BELEDIYESI BASKET,YMB,M. Cazalon,21,,,,,,SUB,in,YUKATEL MERKEZEFENDI BELEDIYESI BASKET substitution in,,,,,,,,,0,111,2.0,,0,40,0,27
00:03,00:03:60,40,27,13,2,2,REGULAR,13,J. HAWKINS,1,substitution,343,,[],in,0,31,Javontae Aaron,Hawkins,Javontae Aaron,Hawkins,J,H,J,H,J. Hawkins,YUKATEL MERKEZEFENDI BELEDIYESI BASKET,YMB,J. Hawkins,31,,,,,,SUB,in,YUKATEL MERKEZEFENDI BELEDIYESI BASKET substitution in,,,,,,,,,0,111,2.0,,0,40,0,27
00:02,00:02:30,40,27,13,1,2,REGULAR,93,C. YOUNG,1,foul,348,,['2freethrow'],personal,0,1,Cameron Jordan,Young,Cameron Jordan,Young,C,Y,C,Y,C. Young,KARSIYAKA,KSK,C. Young,1,,,,,,FOUL,,KARSIYAKA C. YOUNG foul personal,,,,,,,,,0,111,2.0,,0,40,0,27
00:02,00:02:30,40,27,13,2,2,REGULAR,9,R. BADZIM,1,foulon,349,348,[],,0,18,Roko,Badzim,Roko,Badzim,R,B,R,B,R. Badzim,YUKATEL MERKEZEFENDI BELEDIYESI BASKET,YMB,R. Badzim,18,,,,,,OTHER,,YUKATEL MERKEZEFENDI BELEDIYESI BASKET foulon,,,,,,,,,0,111,2.0,,0,40,0,27
00:02,00:02:30,40,27,13,2,2,REGULAR,5,M. AGVA,1,substitution,350,,[],out,0,46,Mahir,Agva,Mahir,Agva,M,A,M,A,M. Agva,YUKATEL MERKEZEFENDI BELEDIYESI BASKET,YMB,M. Agva,46,,,,,,SUB,out,YUKATEL MERKEZEFENDI BELEDIYESI BASKET substitution out,,,,,,,,,0,111,2.0,,0,40,0,27
00:02,00:02:30,40,27,13,2,2,REGULAR,4,E. PALTACI,1,substitution,351,,[],in,0,77,Erbey Kemal,Paltaci,Erbey Kemal,Paltaci,E,P,E,P,E. Paltaci,YUKATEL MERKEZEFENDI BELEDIYESI BASKET,YMB,E. Paltaci,77,,,,,,SUB,in,YUKATEL MERKEZEFENDI BELEDIYESI BASKET substitution in,,,,,,,,,0,111,2.0,,0,40,0,27
00:02,00:02:30,40,27,13,2,2,REGULAR,9,R. BADZIM,0,freethrow,352,,[],1of2,1,18,Roko,Badzim,Roko,Badzim,R,B,R,B,R. Badzim,YUKATEL MERKEZEFENDI BELEDIYESI BASKET,YMB,R. Badzim,18,,,,,,FT,missed,YUKATEL MERKEZEFENDI BELEDIYESI BASKET R. BADZIM FT 1of2 missed,,,,,,,,,0,111,2.0,def_reb,0,40,0,27
00:02,00:02:30,40,27,13,2,2,REGULAR,0,,1,rebound,353,352,[],offensivedeadball,0,,,,,,,,,,,YUKATEL MERKEZEFENDI BELEDIYESI BASKET,YMB,,,,,,,,TREB,,YUKATEL MERKEZEFENDI BELEDIYESI BASKET team rebound offensivedeadball,,,,,,,,,0,112,1.0,def_reb,0,40,0,27
00:02,00:02:30,40,28,12,2,2,REGULAR,9,R. BADZIM,1,freethrow,354,,[],2of2,1,18,Roko,Badzim,Roko,Badzim,R,B,R,B,R. Badzim,YUKATEL MERKEZEFENDI BELEDIYESI BASKET,YMB,R. Badzim,18,,,,,,FT,made,YUKATEL MERKEZEFENDI BELEDIYESI BASKET R. BADZIM FT 2of2 made,,,,,,,,,1,113,2.0,made_ft_last,0,40,1,28
00:00,00:00:30,40,28,12,1,2,REGULAR,86,C. CHIOZZA,0,3pt,358,,[],pullupjumpshot,1,11,Christopher Xavier,Chiozza,Christopher Xavier,Chiozza,C,C,C,C,C. Chiozza,KARSIYAKA,KSK,C. Chiozza,11,,,56.189998626709,89.379997253418,0.0,P3,missed,KARSIYAKA C. CHIOZZA 3Pt missed,,,,,,,,,0,114,1.0,,0,40,0,28
00:00,00:00:00,40,28,12,0,2,REGULAR,0,,1,period,361,,['confirmed'],end,0,,,,,,,,,,,,,,,,,,,,OTHER,,period end,,,,,,,,,0,114,1.0,,0,40,0,28
10:00,10:00:00,40,28,12,1,3,REGULAR,93,C. YOUNG,1,substitution,362,,[],out,0,1,Cameron Jordan,Young,Cameron Jordan,Young,C,Y,C,Y,C. Young,KARSIYAKA,KSK,C. Young,1,,,,,,SUB,out,KARSIYAKA substitution out,,,,,,,,,0,114,1.0,,0,40,0,28
10:00,10:00:00,40,28,12,1,3,REGULAR,79,M. CELEP,1,substitution,363,,[],out,0,35,Mert,Celep,Mert,Celep,M,C,M,C,M. Celep,KARSIYAKA,KSK,M. Celep,35,,,,,,SUB,out,KARSIYAKA substitution out,,,,,,,,,0,114,1.0,,0,40,0,28
10:00,10:00:00,40,28,12,1,3,REGULAR,88,M. MOORE,1,substitution,364,,[],in,0,2,Michael Jarade,Moore,Michael Jarade,Moore,M,M,M,M,M. Moore,KARSIYAKA,KSK,M. Moore,2,,,,,,SUB,in,KARSIYAKA substitution in,,,,,,,,,0,114,1.0,,0,40,0,28
10:00,10:00:00,40,28,12,1,3,REGULAR,78,S. GEYIK,1,substitution,365,,[],in,0,4,Samet,Geyik,Samet,Geyik,S,G,S,G,S. Geyik,KARSIYAKA,KSK,S. Geyik,4,,,,,,SUB,in,KARSIYAKA substitution in,,,,,,,,,0,114,1.0,,0,40,0,28
10:00,10:00:00,40,28,12,2,3,REGULAR,9,R. BADZIM,1,substitution,366,,[],out,0,18,Roko,Badzim,Roko,Badzim,R,B,R,B,R. Badzim,YUKATEL MERKEZEFENDI BELEDIYESI BASKET,YMB,R. Badzim,18,,,,,,SUB,out,YUKATEL MERKEZEFENDI BELEDIYESI BASKET substitution out,,,,,,,,,0,114,1.0,,0,40,0,28
10:00,10:00:00,40,28,12,2,3,REGULAR,4,E. PALTACI,1,substitution,367,,[],out,0,77,Erbey Kemal,Paltaci,Erbey Kemal,Paltaci,E,P,E,P,E. Paltaci,YUKATEL MERKEZEFENDI BELEDIYESI BASKET,YMB,E. Paltaci,77,,,,,,SUB,out,YUKATEL MERKEZEFENDI BELEDIYESI BASKET substitution out,,,,,,,,,0,114,1.0,,0,40,0,28
10:00,10:00:00,40,28,12,2,3,REGULAR,21,K. SMITH JR,1,substitution,368,,[],in,0,4,Kenneth Jerome,Smith Jr,Kenneth Jerome,Smith Jr,K,S,K,S,K. Smith Jr,YUKATEL MERKEZEFENDI BELEDIYESI BASKET,YMB,K. Smith Jr,4,,,,,,SUB,in,YUKATEL MERKEZEFENDI BELEDIYESI BASKET substitution in,,,,,,,,,0,114,1.0,,0,40,0,28
10:00,10:00:00,40,28,12,2,3,REGULAR,5,M. AGVA,1,substitution,369,,[],in,0,46,Mahir,Agva,Mahir,Agva,M,A,M,A,M. Agva,YUKATEL MERKEZEFENDI BELEDIYESI BASKET,YMB,M. Agva,46,,,,,,SUB,in,YUKATEL MERKEZEFENDI BELEDIYESI BASKET substitution in,,,,,,,,,0,114,1.0,,0,40,0,28
10:00,10:00:00,40,28,12,0,3,REGULAR,0,,1,period,370,,[],start,0,,,,,,,,,,,,,,,,,,,,OTHER,,period start,,,,,,,,,0,114,1.0,,0,40,0,28
09:48,09:48:00,40,28,12,1,3,REGULAR,87,J. ALSTON,1,foul,373,,"['shooting', '2freethrow']",personal,0,32,Justin Alexander,Alston,Justin Alexander,Alston,J,A,J,A,J. Alston,KARSIYAKA,KSK,J. Alston,32,,,,,,FOUL,,KARSIYAKA J. ALSTON foul personal,,,,,,,,,0,114,1.0,,0,40,0,28
09:48,09:48:00,40,28,12,2,3,REGULAR,13,J. HAWKINS,1,foulon,374,373,[],,0,31,Javontae Aaron,Hawkins,Javontae Aaron,Hawkins,J,H,J,H,J. Hawkins,YUKATEL MERKEZEFENDI BELEDIYESI BASKET,YMB,J. Hawkins,31,,,,,,OTHER,,YUKATEL MERKEZEFENDI BELEDIYESI BASKET foulon,,,,,,,,,0,114,1.0,,0,40,0,28
09:48,09:48:00,40,29,11,2,3,REGULAR,13,J. HAWKINS,1,freethrow,375,,[],1of2,1,31,Javontae Aaron,Hawkins,Javontae Aaron,Hawkins,J,H,J,H,J. Hawkins,YUKATEL MERKEZEFENDI BELEDIYESI BASKET,YMB,J. Hawkins,31,,,,,,FT,made,YUKATEL MERKEZEFENDI BELEDIYESI BASKET J. HAWKINS FT 1of2 made,,,,,,,,,1,114,1.0,made_ft,0,40,1,29
09:48,09:48:00,40,29,11,2,3,REGULAR,13,J. HAWKINS,0,freethrow,376,,[],2of2,1,31,Javontae Aaron,Hawkins,Javontae Aaron,Hawkins,J,H,J,H,J. Hawkins,YUKATEL MERKEZEFENDI BELEDIYESI BASKET,YMB,J. Hawkins,31,,,,,,FT,missed,YUKATEL MERKEZEFENDI BELEDIYESI BASKET J. HAWKINS FT 2of2 missed,,,,,,,,,0,115,2.0,def_reb,0,40,0,29
09:48,09:48:00,40,29,11,1,3,REGULAR,87,J. ALSTON,1,rebound,378,376,[],defensive,0,32,Justin Alexander,Alston,Justin Alexander,Alston,J,A,J,A,J. Alston,KARSIYAKA,KSK,J. Alston,32,,,,,,REB,,KARSIYAKA rebound defensive,,,,,,,,,0,116,1.0,def_reb,0,40,0,29
09:30,09:30:00,43,29,14,1,3,REGULAR,88,M. MOORE,1,3pt,379,,[],jumpshot,1,2,Michael Jarade,Moore,Michael Jarade,Moore,M,M,M,M,M. Moore,KARSIYAKA,KSK,M. Moore,2,,,18.440000534058,11.409999847412,1.0,P3,made,KARSIYAKA M. MOORE 3Pt made,78.0,1.0,S. GEYIK,,,,,,3,117,2.0,score,3,43,0,29
09:30,09:30:00,43,29,14,1,3,REGULAR,78,S. GEYIK,1,assist,380,379,[],,0,4,Samet,Geyik,Samet,Geyik,S,G,S,G,S. Geyik,KARSIYAKA,KSK,S. Geyik,4,,,,,,ASS,,KARSIYAKA S. GEYIK assist,,,,,,,,,0,118,1.0,,0,43,0,29
09:16,09:16:00,43,29,14,2,3,REGULAR,13,J. HAWKINS,0,3pt,381,,[],jumpshot,1,31,Javontae Aaron,Hawkins,Javontae Aaron,Hawkins,J,H,J,H,J. Hawkins,YUKATEL MERKEZEFENDI BELEDIYESI BASKET,YMB,J. Hawkins,31,,,71.169998168945,74.970001220703,0.0,P3,missed,YUKATEL MERKEZEFENDI BELEDIYESI BASKET J. HAWKINS 3Pt missed,,,,,,,,,0,118,1.0,def_reb,0,43,0,29
09:14,09:14:00,43,29,14,1,3,REGULAR,86,C. CHIOZZA,1,rebound,382,381,[],defensive,0,11,Christopher Xavier,Chiozza,Christopher Xavier,Chiozza,C,C,C,C,C. Chiozza,KARSIYAKA,KSK,C. Chiozza,11,,,,,,REB,,KARSIYAKA rebound defensive,,,,,,,,,0,119,2.0,def_reb,0,43,0,29
09:00,09:00:00,45,29,16,1,3,REGULAR,87,J. ALSTON,1,2pt,383,,['pointsinthepaint'],dunk,1,32,Justin Alexander,Alston,Justin Alexander,Alston,J,A,J,A,J. Alston,KARSIYAKA,KSK,J. Alston,32,,,9.3900003433228,60.0,1.0,P2,made,KARSIYAKA J. ALSTON 2Pt made,88.0,1.0,M. MOORE,,,,,,2,120,1.0,score,2,45,0,29
09:00,09:00:00,45,29,16,1,3,REGULAR,88,M. MOORE,1,assist,384,383,[],,0,2,Michael Jarade,Moore,Michael Jarade,Moore,M,M,M,M,M. Moore,KARSIYAKA,KSK,M. Moore,2,,,,,,ASS,,KARSIYAKA M. MOORE assist,,,,,,,,,0,121,2.0,,0,45,0,29
08:38,08:38:00,45,31,14,2,3,REGULAR,11,S. GRIFFIN,1,2pt,385,,[],jumpshot,1,1,Samuel Gevaris,Griffin,Samuel Gevaris,Griffin,S,G,S,G,S. Griffin,YUKATEL MERKEZEFENDI BELEDIYESI BASKET,YMB,S. Griffin,1,,,88.949996948242,23.840000152588,1.0,P2,made,YUKATEL MERKEZEFENDI BELEDIYESI BASKET S. GRIFFIN 2Pt made,21.0,2.0,K. SMITH JR,,,,,,2,121,2.0,score,0,45,2,31
08:38,08:38:00,45,31,14,2,3,REGULAR,21,K. SMITH JR,1,assist,386,385,[],,0,4,Kenneth Jerome,Smith Jr,Kenneth Jerome,Smith Jr,K,S,K,S,K. Smith Jr,YUKATEL MERKEZEFENDI BELEDIYESI BASKET,YMB,K. Smith Jr,4,,,,,,ASS,,YUKATEL MERKEZEFENDI BELEDIYESI BASKET K. SMITH JR assist,,,,,,,,,0,122,1.0,,0,45,0,31
08:15,08:15:00,45,31,14,1,3,REGULAR,87,J. ALSTON,0,3pt,387,,[],jumpshot,1,32,Justin Alexander,Alston,Justin Alexander,Alston,J,A,J,A,J. Alston,KARSIYAKA,KSK,J. Alston,32,,,27.020000457764,25.25,0.0,P3,missed,KARSIYAKA J. ALSTON 3Pt missed,,,,,,,,,0,122,1.0,def_reb,0,45,0,31
08:12,08:12:00,45,31,14,2,3,REGULAR,11,S. GRIFFIN,1,rebound,388,387,[],defensive,0,1,Samuel Gevaris,Griffin,Samuel Gevaris,Griffin,S,G,S,G,S. Griffin,YUKATEL MERKEZEFENDI BELEDIYESI BASKET,YMB,S. Griffin,1,,,,,,REB,,YUKATEL MERKEZEFENDI BELEDIYESI BASKET rebound defensive,,,,,,,,,0,123,2.0,def_reb,0,45,0,31
07:55,07:55:00,45,31,14,2,3,REGULAR,12,M. CAZALON,0,3pt,389,,[],jumpshot,1,21,Malcolm Jean Ahmed,Cazalon,Malcolm Jean Ahmed,Cazalon,M,C,M,C,M. Cazalon,YUKATEL MERKEZEFENDI BELEDIYESI BASKET,YMB,M. Cazalon,21,,,66.959999084473,26.10000038147,0.0,P3,missed,YUKATEL MERKEZEFENDI BELEDIYESI BASKET M. CAZALON 3Pt missed,,,,,,,,,0,124,1.0,def_reb,0,45,0,31
07:53,07:53:00,45,31,14,1,3,REGULAR,88,M. MOORE,1,rebound,390,389,[],defensive,0,2,Michael Jarade,Moore,Michael Jarade,Moore,M,M,M,M,M. Moore,KARSIYAKA,KSK,M. Moore,2,,,,,,REB,,KARSIYAKA rebound defensive,,,,,,,,,0,125,2.0,def_reb,0,45,0,31
07:37,07:37:00,45,31,14,1,3,REGULAR,88,M. MOORE,1,turnover,391,,[],badpass,0,2,Michael Jarade,Moore,Michael Jarade,Moore,M,M,M,M,M. Moore,KARSIYAKA,KSK,M. Moore,2,,,,,,TO,,KARSIYAKA M. MOORE turnover badpass,,,,,,,,,0,126,1.0,turnover,0,45,0,31
07:37,07:37:00,45,31,14,2,3,REGULAR,12,M. CAZALON,1,steal,392,391,[],,0,21,Malcolm Jean Ahmed,Cazalon,Malcolm Jean Ahmed,Cazalon,M,C,M,C,M. Cazalon,YUKATEL MERKEZEFENDI BELEDIYESI BASKET,YMB,M. Cazalon,21,,,,,,ST,,YUKATEL MERKEZEFENDI BELEDIYESI BASKET M. CAZALON steal,,,,,,,,,0,127,2.0,,0,45,0,31
07:24,07:24:00,45,31,14,1,3,REGULAR,78,S. GEYIK,1,foul,394,,"['shooting', '2freethrow']",personal,0,4,Samet,Geyik,Samet,Geyik,S,G,S,G,S. Geyik,KARSIYAKA,KSK,S. Geyik,4,,,,,,FOUL,,KARSIYAKA S. GEYIK foul personal,,,,,,,,,0,127,2.0,,0,45,0,31
07:24,07:24:00,45,31,14,2,3,REGULAR,5,M. AGVA,1,foulon,395,394,[],,0,46,Mahir,Agva,Mahir,Agva,M,A,M,A,M. Agva,YUKATEL MERKEZEFENDI BELEDIYESI BASKET,YMB,M. Agva,46,,,,,,OTHER,,YUKATEL MERKEZEFENDI BELEDIYESI BASKET foulon,,,,,,,,,0,127,2.0,,0,45,0,31
07:24,07:24:00,45,31,14,1,3,REGULAR,78,S. GEYIK,1,substitution,396,,[],out,0,4,Samet,Geyik,Samet,Geyik,S,G,S,G,S. Geyik,KARSIYAKA,KSK,S. Geyik,4,,,,,,SUB,out,KARSIYAKA substitution out,,,,,,,,,0,127,2.0,,0,45,0,31
07:24,07:24:00,45,31,14,1,3,REGULAR,80,A. GÜVEN,1,substitution,397,,[],in,0,15,Akif Egemen,Güven,Akif Egemen,Güven,A,G,A,G,A. Güven,KARSIYAKA,KSK,A. Güven,15,,,,,,SUB,in,KARSIYAKA substitution in,,,,,,,,,0,127,2.0,,0,45,0,31
07:24,07:24:00,45,31,14,2,3,REGULAR,5,M. AGVA,0,freethrow,398,,['fromturnover'],1of2,1,46,Mahir,Agva,Mahir,Agva,M,A,M,A,M. Agva,YUKATEL MERKEZEFENDI BELEDIYESI BASKET,YMB,M. Agva,46,,,,,,FT,missed,YUKATEL MERKEZEFENDI BELEDIYESI BASKET M. AGVA FT 1of2 missed,,,,,,,,,0,127,2.0,def_reb,0,45,0,31
07:24,07:24:00,45,31,14,2,3,REGULAR,0,,1,rebound,399,398,[],offensivedeadball,0,,,,,,,,,,,YUKATEL MERKEZEFENDI BELEDIYESI BASKET,YMB,,,,,,,,TREB,,YUKATEL MERKEZEFENDI BELEDIYESI BASKET team rebound offensivedeadball,,,,,,,,,0,128,1.0,def_reb,0,45,0,31
07:24,07:24:00,45,31,14,2,3,REGULAR,5,M. AGVA,0,freethrow,400,,['fromturnover'],2of2,1,46,Mahir,Agva,Mahir,Agva,M,A,M,A,M. Agva,YUKATEL MERKEZEFENDI BELEDIYESI BASKET,YMB,M. Agva,46,,,,,,FT,missed,YUKATEL MERKEZEFENDI BELEDIYESI BASKET M. AGVA FT 2of2 missed,,,,,,,,,0,129,2.0,def_reb,0,45,0,31
07:24,07:24:00,45,31,14,1,3,REGULAR,86,C. CHIOZZA,1,rebound,402,400,[],defensive,0,11,Christopher Xavier,Chiozza,Christopher Xavier,Chiozza,C,C,C,C,C. Chiozza,KARSIYAKA,KSK,C. Chiozza,11,,,,,,REB,,KARSIYAKA rebound defensive,,,,,,,,,0,130,1.0,def_reb,0,45,0,31
07:13,07:13:00,47,31,16,1,3,REGULAR,80,A. GÜVEN,1,2pt,403,,['pointsinthepaint'],dunk,1,15,Akif Egemen,Güven,Akif Egemen,Güven,A,G,A,G,A. Güven,KARSIYAKA,KSK,A. Güven,15,,,7.9899997711182,55.479999542236,1.0,P2,made,KARSIYAKA A. GÜVEN 2Pt made,89.0,1.0,C. MANNING JR,,,,,,2,131,2.0,score,2,47,0,31
07:13,07:13:00,47,31,16,1,3,REGULAR,89,C. MANNING JR,1,assist,404,403,[],,0,21,Charles Maurice,Manning Jr,Charles Maurice,Manning Jr,C,M,C,M,C. Manning Jr,KARSIYAKA,KSK,C. Manning Jr,21,,,,,,ASS,,KARSIYAKA C. MANNING JR assist,,,,,,,,,0,132,1.0,,0,47,0,31
06:54,06:54:00,47,31,16,1,3,REGULAR,80,A. GÜVEN,1,foul,406,,[],personal,0,15,Akif Egemen,Güven,Akif Egemen,Güven,A,G,A,G,A. Güven,KARSIYAKA,KSK,A. Güven,15,,,,,,FOUL,,KARSIYAKA A. GÜVEN foul personal,,,,,,,,,0,132,1.0,,0,47,0,31
06:54,06:54:00,47,31,16,2,3,REGULAR,21,K. SMITH JR,1,foulon,407,406,[],,0,4,Kenneth Jerome,Smith Jr,Kenneth Jerome,Smith Jr,K,S,K,S,K. Smith Jr,YUKATEL MERKEZEFENDI BELEDIYESI BASKET,YMB,K. Smith Jr,4,,,,,,OTHER,,YUKATEL MERKEZEFENDI BELEDIYESI BASKET foulon,,,,,,,,,0,132,1.0,,0,47,0,31
06:42,06:42:00,47,31,16,2,3,REGULAR,11,S. GRIFFIN,0,2pt,409,,['pointsinthepaint'],jumpshot,1,1,Samuel Gevaris,Griffin,Samuel Gevaris,Griffin,S,G,S,G,S. Griffin,YUKATEL MERKEZEFENDI BELEDIYESI BASKET,YMB,S. Griffin,1,,,86.769996643066,65.930000305176,0.0,P2,missed,YUKATEL MERKEZEFENDI BELEDIYESI BASKET S. GRIFFIN 2Pt missed,,,,,,,,,0,132,1.0,,0,47,0,31
06:40,06:40:00,47,31,16,2,3,REGULAR,5,M. AGVA,1,rebound,410,409,[],offensive,0,46,Mahir,Agva,Mahir,Agva,M,A,M,A,M. Agva,YUKATEL MERKEZEFENDI BELEDIYESI BASKET,YMB,M. Agva,46,,,,,,REB,,YUKATEL MERKEZEFENDI BELEDIYESI BASKET rebound offensive,,,,,,,,,0,132,1.0,,0,47,0,31
06:36,06:36:00,47,33,14,2,3,REGULAR,12,M. CAZALON,1,2pt,411,,"['2ndchance', 'pointsinthepaint']",drivinglayup,1,21,Malcolm Jean Ahmed,Cazalon,Malcolm Jean Ahmed,Cazalon,M,C,M,C,M. Cazalon,YUKATEL MERKEZEFENDI BELEDIYESI BASKET,YMB,M. Cazalon,21,,,90.050003051758,62.819999694824,1.0,P2,made,YUKATEL MERKEZEFENDI BELEDIYESI BASKET M. CAZALON 2Pt made,5.0,2.0,M. AGVA,,,,,,2,132,1.0,score,0,47,2,33
06:36,06:36:00,47,33,14,2,3,REGULAR,5,M. AGVA,1,assist,412,411,[],,0,46,Mahir,Agva,Mahir,Agva,M,A,M,A,M. Agva,YUKATEL MERKEZEFENDI BELEDIYESI BASKET,YMB,M. Agva,46,,,,,,ASS,,YUKATEL MERKEZEFENDI BELEDIYESI BASKET M. AGVA assist,,,,,,,,,0,133,2.0,,0,47,0,33
06:29,06:29:00,49,33,16,1,3,REGULAR,88,M. MOORE,1,2pt,413,,"['pointsinthepaint', 'fastbreak']",drivinglayup,1,2,Michael Jarade,Moore,Michael Jarade,Moore,M,M,M,M,M. Moore,KARSIYAKA,KSK,M. Moore,2,,,6.1199998855591,58.869998931885,1.0,P2,made,KARSIYAKA M. MOORE 2Pt made,,,,,,,,,2,133,2.0,score,2,49,0,33
06:15,06:15:00,49,33,16,2,3,REGULAR,11,S. GRIFFIN,0,2pt,414,,[],stepbackjumpshot,1,1,Samuel Gevaris,Griffin,Samuel Gevaris,Griffin,S,G,S,G,S. Griffin,YUKATEL MERKEZEFENDI BELEDIYESI BASKET,YMB,S. Griffin,1,,,88.169998168945,71.860000610352,0.0,P2,missed,YUKATEL MERKEZEFENDI BELEDIYESI BASKET S. GRIFFIN 2Pt missed,,,,,,,,,0,134,1.0,def_reb,0,49,0,33
06:12,06:12:00,49,33,16,1,3,REGULAR,88,M. MOORE,1,rebound,416,414,[],defensive,0,2,Michael Jarade,Moore,Michael Jarade,Moore,M,M,M,M,M. Moore,KARSIYAKA,KSK,M. Moore,2,,,,,,REB,,KARSIYAKA rebound defensive,,,,,,,,,0,135,2.0,def_reb,0,49,0,33
06:12,06:12:00,49,33,16,2,3,REGULAR,12,M. CAZALON,1,foul,417,,[],personal,0,21,Malcolm Jean Ahmed,Cazalon,Malcolm Jean Ahmed,Cazalon,M,C,M,C,M. Cazalon,YUKATEL MERKEZEFENDI BELEDIYESI BASKET,YMB,M. Cazalon,21,,,,,,FOUL,,YUKATEL MERKEZEFENDI BELEDIYESI BASKET M. CAZALON foul personal,,,,,,,,,0,136,1.0,,0,49,0,33
06:12,06:12:00,49,33,16,1,3,REGULAR,88,M. MOORE,1,foulon,418,417,[],,0,2,Michael Jarade,Moore,Michael Jarade,Moore,M,M,M,M,M. Moore,KARSIYAKA,KSK,M. Moore,2,,,,,,OTHER,,KARSIYAKA foulon,,,,,,,,,0,136,1.0,,0,49,0,33
06:12,06:12:00,49,33,16,2,3,REGULAR,0,,1,headcoachchallenge,419,,['accepted'],foul,0,,,,,,,,,,,YUKATEL MERKEZEFENDI BELEDIYESI BASKET,YMB,,,,,,,,OTHER,,YUKATEL MERKEZEFENDI BELEDIYESI BASKET headcoachchallenge foul,,,,,,,,,0,136,1.0,,0,49,0,33
05:59,05:59:00,51,33,18,1,3,REGULAR,89,C. MANNING JR,1,2pt,421,,[],jumpshot,1,21,Charles Maurice,Manning Jr,Charles Maurice,Manning Jr,C,M,C,M,C. Manning Jr,KARSIYAKA,KSK,C. Manning Jr,21,,,27.180000305176,51.240001678467,1.0,P2,made,KARSIYAKA C. MANNING JR 2Pt made,,,,,,,,,2,136,1.0,score,2,51,0,33
05:40,05:40:00,51,33,18,1,3,REGULAR,80,A. GÜVEN,1,foul,423,,[],personal,0,15,Akif Egemen,Güven,Akif Egemen,Güven,A,G,A,G,A. Güven,KARSIYAKA,KSK,A. Güven,15,,,,,,FOUL,,KARSIYAKA A. GÜVEN foul personal,,,,,,,,,0,137,2.0,,0,51,0,33
05:40,05:40:00,51,33,18,2,3,REGULAR,5,M. AGVA,1,foulon,424,423,[],,0,46,Mahir,Agva,Mahir,Agva,M,A,M,A,M. Agva,YUKATEL MERKEZEFENDI BELEDIYESI BASKET,YMB,M. Agva,46,,,,,,OTHER,,YUKATEL MERKEZEFENDI BELEDIYESI BASKET foulon,,,,,,,,,0,137,2.0,,0,51,0,33
05:29,05:29:00,51,33,18,2,3,REGULAR,12,M. CAZALON,0,3pt,426,,[],jumpshot,1,21,Malcolm Jean Ahmed,Cazalon,Malcolm Jean Ahmed,Cazalon,M,C,M,C,M. Cazalon,YUKATEL MERKEZEFENDI BELEDIYESI BASKET,YMB,M. Cazalon,21,,,80.690002441406,96.160003662109,0.0,P3,missed,YUKATEL MERKEZEFENDI BELEDIYESI BASKET M. CAZALON 3Pt missed,,,,,,,,,0,137,2.0,,0,51,0,33
05:26,05:26:00,51,33,18,2,3,REGULAR,5,M. AGVA,1,rebound,427,426,[],offensive,0,46,Mahir,Agva,Mahir,Agva,M,A,M,A,M. Agva,YUKATEL MERKEZEFENDI BELEDIYESI BASKET,YMB,M. Agva,46,,,,,,REB,,YUKATEL MERKEZEFENDI BELEDIYESI BASKET rebound offensive,,,,,,,,,0,137,2.0,,0,51,0,33
05:23,05:23:00,51,33,18,2,3,REGULAR,11,S. GRIFFIN,0,3pt,428,,['2ndchance'],jumpshot,1,1,Samuel Gevaris,Griffin,Samuel Gevaris,Griffin,S,G,S,G,S. Griffin,YUKATEL MERKEZEFENDI BELEDIYESI BASKET,YMB,S. Griffin,1,,,76.790000915527,15.079999923706,0.0,P3,missed,YUKATEL MERKEZEFENDI BELEDIYESI BASKET S. GRIFFIN 3Pt missed,,,,,,,,,0,137,2.0,def_reb,0,51,0,33
05:20,05:20:00,51,33,18,1,3,REGULAR,80,A. GÜVEN,1,rebound,429,428,[],defensive,0,15,Akif Egemen,Güven,Akif Egemen,Güven,A,G,A,G,A. Güven,KARSIYAKA,KSK,A. Güven,15,,,,,,REB,,KARSIYAKA rebound defensive,,,,,,,,,0,138,1.0,def_reb,0,51,0,33
05:08,05:08:00,53,33,20,1,3,REGULAR,86,C. CHIOZZA,1,2pt,433,,['pointsinthepaint'],drivinglayup,1,11,Christopher Xavier,Chiozza,Christopher Xavier,Chiozza,C,C,C,C,C. Chiozza,KARSIYAKA,KSK,C. Chiozza,11,,,9.2399997711182,59.439998626709,1.0,P2,made,KARSIYAKA C. CHIOZZA 2Pt made,,,,,,,,,2,139,2.0,score,2,53,0,33
05:08,05:08:00,53,33,20,2,3,REGULAR,13,J. HAWKINS,1,foul,434,,"['shooting', '1freethrow']",personal,0,31,Javontae Aaron,Hawkins,Javontae Aaron,Hawkins,J,H,J,H,J. Hawkins,YUKATEL MERKEZEFENDI BELEDIYESI BASKET,YMB,J. Hawkins,31,,,,,,FOUL,,YUKATEL MERKEZEFENDI BELEDIYESI BASKET J. HAWKINS foul personal,,,,,,,,,0,140,1.0,,0,53,0,33
05:08,05:08:00,53,33,20,1,3,REGULAR,86,C. CHIOZZA,1,foulon,435,434,[],,0,11,Christopher Xavier,Chiozza,Christopher Xavier,Chiozza,C,C,C,C,C. Chiozza,KARSIYAKA,KSK,C. Chiozza,11,,,,,,OTHER,,KARSIYAKA foulon,,,,,,,,,0,140,1.0,,0,53,0,33
05:08,05:08:00,53,33,20,1,3,REGULAR,87,J. ALSTON,1,substitution,436,,[],out,0,32,Justin Alexander,Alston,Justin Alexander,Alston,J,A,J,A,J. Alston,KARSIYAKA,KSK,J. Alston,32,,,,,,SUB,out,KARSIYAKA substitution out,,,,,,,,,0,140,1.0,,0,53,0,33
05:08,05:08:00,53,33,20,1,3,REGULAR,79,M. CELEP,1,substitution,437,,[],in,0,35,Mert,Celep,Mert,Celep,M,C,M,C,M. Celep,KARSIYAKA,KSK,M. Celep,35,,,,,,SUB,in,KARSIYAKA substitution in,,,,,,,,,0,140,1.0,,0,53,0,33
05:08,05:08:00,53,33,20,2,3,REGULAR,12,M. CAZALON,1,substitution,438,,[],out,0,21,Malcolm Jean Ahmed,Cazalon,Malcolm Jean Ahmed,Cazalon,M,C,M,C,M. Cazalon,YUKATEL MERKEZEFENDI BELEDIYESI BASKET,YMB,M. Cazalon,21,,,,,,SUB,out,YUKATEL MERKEZEFENDI BELEDIYESI BASKET substitution out,,,,,,,,,0,140,1.0,,0,53,0,33
05:08,05:08:00,53,33,20,2,3,REGULAR,9,R. BADZIM,1,substitution,439,,[],in,0,18,Roko,Badzim,Roko,Badzim,R,B,R,B,R. Badzim,YUKATEL MERKEZEFENDI BELEDIYESI BASKET,YMB,R. Badzim,18,,,,,,SUB,in,YUKATEL MERKEZEFENDI BELEDIYESI BASKET substitution in,,,,,,,,,0,140,1.0,,0,53,0,33
05:08,05:08:00,54,33,21,1,3,REGULAR,86,C. CHIOZZA,1,freethrow,440,,[],1of1,1,11,Christopher Xavier,Chiozza,Christopher Xavier,Chiozza,C,C,C,C,C. Chiozza,KARSIYAKA,KSK,C. Chiozza,11,,,,,,FT,made,KARSIYAKA C. CHIOZZA FT 1of1 made,,,,,,,,,1,140,1.0,made_ft_last,1,54,0,33
04:52,04:52:00,54,33,21,2,3,REGULAR,21,K. SMITH JR,0,3pt,442,,[],jumpshot,1,4,Kenneth Jerome,Smith Jr,Kenneth Jerome,Smith Jr,K,S,K,S,K. Smith Jr,YUKATEL MERKEZEFENDI BELEDIYESI BASKET,YMB,K. Smith Jr,4,,,70.080001831055,32.880001068115,0.0,P3,missed,YUKATEL MERKEZEFENDI BELEDIYESI BASKET K. SMITH JR 3Pt missed,,,,,,,,,0,141,2.0,def_reb,0,54,0,33
04:50,04:50:00,54,33,21,1,3,REGULAR,89,C. MANNING JR,1,rebound,443,442,[],defensive,0,21,Charles Maurice,Manning Jr,Charles Maurice,Manning Jr,C,M,C,M,C. Manning Jr,KARSIYAKA,KSK,C. Manning Jr,21,,,,,,REB,,KARSIYAKA rebound defensive,,,,,,,,,0,142,1.0,def_reb,0,54,0,33
04:35,04:35:00,54,33,21,1,3,REGULAR,86,C. CHIOZZA,1,turnover,445,,[],badpass,0,11,Christopher Xavier,Chiozza,Christopher Xavier,Chiozza,C,C,C,C,C. Chiozza,KARSIYAKA,KSK,C. Chiozza,11,,,,,,TO,,KARSIYAKA C. CHIOZZA turnover badpass,,,,,,,,,0,143,2.0,turnover,0,54,0,33
04:35,04:35:00,54,33,21,0,3,REGULAR,0,,1,timeout,446,,[],officials,0,,,,,,,,,,,,,,,,,,,,TIMEOUT,, timeout,,,,,,,,,0,144,1.0,,0,54,0,33
04:35,04:35:00,54,33,21,1,3,REGULAR,88,M. MOORE,1,substitution,447,,[],out,0,2,Michael Jarade,Moore,Michael Jarade,Moore,M,M,M,M,M. Moore,KARSIYAKA,KSK,M. Moore,2,,,,,,SUB,out,KARSIYAKA substitution out,,,,,,,,,0,144,1.0,,0,54,0,33
04:35,04:35:00,54,33,21,1,3,REGULAR,93,C. YOUNG,1,substitution,448,,[],in,0,1,Cameron Jordan,Young,Cameron Jordan,Young,C,Y,C,Y,C. Young,KARSIYAKA,KSK,C. Young,1,,,,,,SUB,in,KARSIYAKA substitution in,,,,,,,,,0,144,1.0,,0,54,0,33
04:35,04:35:00,54,33,21,2,3,REGULAR,21,K. SMITH JR,1,substitution,449,,[],out,0,4,Kenneth Jerome,Smith Jr,Kenneth Jerome,Smith Jr,K,S,K,S,K. Smith Jr,YUKATEL MERKEZEFENDI BELEDIYESI BASKET,YMB,K. Smith Jr,4,,,,,,SUB,out,YUKATEL MERKEZEFENDI BELEDIYESI BASKET substitution out,,,,,,,,,0,144,1.0,,0,54,0,33
04:35,04:35:00,54,33,21,2,3,REGULAR,13,J. HAWKINS,1,substitution,450,,[],out,0,31,Javontae Aaron,Hawkins,Javontae Aaron,Hawkins,J,H,J,H,J. Hawkins,YUKATEL MERKEZEFENDI BELEDIYESI BASKET,YMB,J. Hawkins,31,,,,,,SUB,out,YUKATEL MERKEZEFENDI BELEDIYESI BASKET substitution out,,,,,,,,,0,144,1.0,,0,54,0,33
04:35,04:35:00,54,33,21,2,3,REGULAR,3,E. TANISAN,1,substitution,451,,[],in,0,0,Emre,Tanisan,Emre,Tanisan,E,T,E,T,E. Tanisan,YUKATEL MERKEZEFENDI BELEDIYESI BASKET,YMB,E. Tanisan,0,,,,,,SUB,in,YUKATEL MERKEZEFENDI BELEDIYESI BASKET substitution in,,,,,,,,,0,144,1.0,,0,54,0,33
04:35,04:35:00,54,33,21,2,3,REGULAR,7,Ö. ILYASOGLU,1,substitution,452,,[],in,0,13,Ömer Can,Ilyasoglu,Ömer Can,Ilyasoglu,Ö,I,Ö,I,Ö. Ilyasoglu,YUKATEL MERKEZEFENDI BELEDIYESI BASKET,YMB,Ö. Ilyasoglu,13,,,,,,SUB,in,YUKATEL MERKEZEFENDI BELEDIYESI BASKET substitution in,,,,,,,,,0,144,1.0,,0,54,0,33
04:15,04:15:00,54,36,18,2,3,REGULAR,3,E. TANISAN,1,3pt,454,,['fromturnover'],jumpshot,1,0,Emre,Tanisan,Emre,Tanisan,E,T,E,T,E. Tanisan,YUKATEL MERKEZEFENDI BELEDIYESI BASKET,YMB,E. Tanisan,0,,,73.040000915527,22.989999771118,1.0,P3,made,YUKATEL MERKEZEFENDI BELEDIYESI BASKET E. TANISAN 3Pt made,7.0,2.0,Ö. ILYASOGLU,,,,,,3,144,1.0,score,0,54,3,36
04:15,04:15:00,54,36,18,2,3,REGULAR,7,Ö. ILYASOGLU,1,assist,455,454,[],,0,13,Ömer Can,Ilyasoglu,Ömer Can,Ilyasoglu,Ö,I,Ö,I,Ö. Ilyasoglu,YUKATEL MERKEZEFENDI BELEDIYESI BASKET,YMB,Ö. Ilyasoglu,13,,,,,,ASS,,YUKATEL MERKEZEFENDI BELEDIYESI BASKET Ö. ILYASOGLU assist,,,,,,,,,0,145,2.0,,0,54,0,36
04:03,04:03:00,54,36,18,1,3,REGULAR,93,C. YOUNG,0,2pt,456,,['pointsinthepaint'],jumpshot,1,1,Cameron Jordan,Young,Cameron Jordan,Young,C,Y,C,Y,C. Young,KARSIYAKA,KSK,C. Young,1,,,8.460000038147,51.529998779297,0.0,P2,missed,KARSIYAKA C. YOUNG 2Pt missed,,,,,,,,,0,145,2.0,def_reb,0,54,0,36
04:01,04:01:00,54,36,18,2,3,REGULAR,5,M. AGVA,1,rebound,457,456,[],defensive,0,46,Mahir,Agva,Mahir,Agva,M,A,M,A,M. Agva,YUKATEL MERKEZEFENDI BELEDIYESI BASKET,YMB,M. Agva,46,,,,,,REB,,YUKATEL MERKEZEFENDI BELEDIYESI BASKET rebound defensive,,,,,,,,,0,146,1.0,def_reb,0,54,0,36
03:58,03:58:00,54,36,18,2,3,REGULAR,11,S. GRIFFIN,1,turnover,459,,[],travel,0,1,Samuel Gevaris,Griffin,Samuel Gevaris,Griffin,S,G,S,G,S. Griffin,YUKATEL MERKEZEFENDI BELEDIYESI BASKET,YMB,S. Griffin,1,,,,,,TO,,YUKATEL MERKEZEFENDI BELEDIYESI BASKET S. GRIFFIN turnover travel,,,,,,,,,0,147,2.0,turnover,0,54,0,36
03:33,03:33:00,54,36,18,1,3,REGULAR,0,,1,turnover,462,,['team'],24sec,0,,,,,,,,,,,KARSIYAKA,KSK,,,,,,,,TO,,KARSIYAKA  turnover 24sec,,,,,,,,,0,148,1.0,turnover,0,54,0,36
03:33,03:33:00,54,36,18,1,3,REGULAR,86,C. CHIOZZA,1,substitution,463,,[],out,0,11,Christopher Xavier,Chiozza,Christopher Xavier,Chiozza,C,C,C,C,C. Chiozza,KARSIYAKA,KSK,C. Chiozza,11,,,,,,SUB,out,KARSIYAKA substitution out,,,,,,,,,0,149,2.0,,0,54,0,36
03:33,03:33:00,54,36,18,1,3,REGULAR,85,R. TARRANT JR,1,substitution,464,,[],in,0,22,Ricky Lafredrick,Tarrant Jr,Ricky Lafredrick,Tarrant Jr,R,T,R,T,R. Tarrant Jr,KARSIYAKA,KSK,R. Tarrant Jr,22,,,,,,SUB,in,KARSIYAKA substitution in,,,,,,,,,0,149,2.0,,0,54,0,36
03:17,03:17:00,54,36,18,2,3,REGULAR,7,Ö. ILYASOGLU,0,2pt,466,,"['fromturnover', 'pointsinthepaint']",drivinglayup,1,13,Ömer Can,Ilyasoglu,Ömer Can,Ilyasoglu,Ö,I,Ö,I,Ö. Ilyasoglu,YUKATEL MERKEZEFENDI BELEDIYESI BASKET,YMB,Ö. Ilyasoglu,13,,,93.790000915527,63.110000610352,0.0,P2,missed,YUKATEL MERKEZEFENDI BELEDIYESI BASKET Ö. ILYASOGLU 2Pt missed,,,,,,,,,0,149,2.0,,0,54,0,36
03:15,03:15:00,54,36,18,2,3,REGULAR,5,M. AGVA,1,rebound,468,466,[],offensive,0,46,Mahir,Agva,Mahir,Agva,M,A,M,A,M. Agva,YUKATEL MERKEZEFENDI BELEDIYESI BASKET,YMB,M. Agva,46,,,,,,REB,,YUKATEL MERKEZEFENDI BELEDIYESI BASKET rebound offensive,,,,,,,,,0,149,2.0,,0,54,0,36
03:15,03:15:00,54,36,18,1,3,REGULAR,85,R. TARRANT JR,1,foul,469,,['2freethrow'],personal,0,22,Ricky Lafredrick,Tarrant Jr,Ricky Lafredrick,Tarrant Jr,R,T,R,T,R. Tarrant Jr,KARSIYAKA,KSK,R. Tarrant Jr,22,,,,,,FOUL,,KARSIYAKA R. TARRANT JR foul personal,,,,,,,,,0,149,2.0,,0,54,0,36
03:15,03:15:00,54,36,18,2,3,REGULAR,5,M. AGVA,1,foulon,470,469,[],,0,46,Mahir,Agva,Mahir,Agva,M,A,M,A,M. Agva,YUKATEL MERKEZEFENDI BELEDIYESI BASKET,YMB,M. Agva,46,,,,,,OTHER,,YUKATEL MERKEZEFENDI BELEDIYESI BASKET foulon,,,,,,,,,0,149,2.0,,0,54,0,36
03:15,03:15:00,54,36,18,2,3,REGULAR,11,S. GRIFFIN,1,substitution,471,,[],out,0,1,Samuel Gevaris,Griffin,Samuel Gevaris,Griffin,S,G,S,G,S. Griffin,YUKATEL MERKEZEFENDI BELEDIYESI BASKET,YMB,S. Griffin,1,,,,,,SUB,out,YUKATEL MERKEZEFENDI BELEDIYESI BASKET substitution out,,,,,,,,,0,149,2.0,,0,54,0,36
03:15,03:15:00,54,36,18,2,3,REGULAR,12,M. CAZALON,1,substitution,472,,[],in,0,21,Malcolm Jean Ahmed,Cazalon,Malcolm Jean Ahmed,Cazalon,M,C,M,C,M. Cazalon,YUKATEL MERKEZEFENDI BELEDIYESI BASKET,YMB,M. Cazalon,21,,,,,,SUB,in,YUKATEL MERKEZEFENDI BELEDIYESI BASKET substitution in,,,,,,,,,0,149,2.0,,0,54,0,36
03:15,03:15:00,54,37,17,2,3,REGULAR,5,M. AGVA,1,freethrow,473,,"['2ndchance', 'fromturnover']",1of2,1,46,Mahir,Agva,Mahir,Agva,M,A,M,A,M. Agva,YUKATEL MERKEZEFENDI BELEDIYESI BASKET,YMB,M. Agva,46,,,,,,FT,made,YUKATEL MERKEZEFENDI BELEDIYESI BASKET M. AGVA FT 1of2 made,,,,,,,,,1,149,2.0,made_ft,0,54,1,37
03:15,03:15:00,54,38,16,2,3,REGULAR,5,M. AGVA,1,freethrow,474,,"['2ndchance', 'fromturnover']",2of2,1,46,Mahir,Agva,Mahir,Agva,M,A,M,A,M. Agva,YUKATEL MERKEZEFENDI BELEDIYESI BASKET,YMB,M. Agva,46,,,,,,FT,made,YUKATEL MERKEZEFENDI BELEDIYESI BASKET M. AGVA FT 2of2 made,,,,,,,,,1,150,1.0,made_ft_last,0,54,1,38
02:59,02:59:00,56,38,18,1,3,REGULAR,93,C. YOUNG,1,2pt,478,,['pointsinthepaint'],jumpshot,1,1,Cameron Jordan,Young,Cameron Jordan,Young,C,Y,C,Y,C. Young,KARSIYAKA,KSK,C. Young,1,,,14.539999961853,62.259998321533,1.0,P2,made,KARSIYAKA C. YOUNG 2Pt made,,,,,,,,,2,151,2.0,score,2,56,0,38
02:37,02:37:00,56,40,16,2,3,REGULAR,5,M. AGVA,1,2pt,479,,['pointsinthepaint'],layup,1,46,Mahir,Agva,Mahir,Agva,M,A,M,A,M. Agva,YUKATEL MERKEZEFENDI BELEDIYESI BASKET,YMB,M. Agva,46,,,90.199996948242,56.610000610352,1.0,P2,made,YUKATEL MERKEZEFENDI BELEDIYESI BASKET M. AGVA 2Pt made,,,,,,,,,2,152,1.0,score,0,56,2,40
02:14,02:14:00,56,40,16,1,3,REGULAR,89,C. MANNING JR,1,turnover,480,,[],badpass,0,21,Charles Maurice,Manning Jr,Charles Maurice,Manning Jr,C,M,C,M,C. Manning Jr,KARSIYAKA,KSK,C. Manning Jr,21,,,,,,TO,,KARSIYAKA C. MANNING JR turnover badpass,,,,,,,,,0,153,2.0,turnover,0,56,0,40
02:14,02:14:00,56,40,16,2,3,REGULAR,9,R. BADZIM,1,steal,481,480,[],,0,18,Roko,Badzim,Roko,Badzim,R,B,R,B,R. Badzim,YUKATEL MERKEZEFENDI BELEDIYESI BASKET,YMB,R. Badzim,18,,,,,,ST,,YUKATEL MERKEZEFENDI BELEDIYESI BASKET R. BADZIM steal,,,,,,,,,0,154,1.0,,0,56,0,40
02:09,02:09:00,56,43,13,2,3,REGULAR,3,E. TANISAN,1,3pt,483,,"['fromturnover', 'fastbreak']",jumpshot,1,0,Emre,Tanisan,Emre,Tanisan,E,T,E,T,E. Tanisan,YUKATEL MERKEZEFENDI BELEDIYESI BASKET,YMB,E. Tanisan,0,,,78.660003662109,90.230003356934,1.0,P3,made,YUKATEL MERKEZEFENDI BELEDIYESI BASKET E. TANISAN 3Pt made,9.0,2.0,R. BADZIM,,,,,,3,154,1.0,score,0,56,3,43
02:09,02:09:00,56,43,13,2,3,REGULAR,9,R. BADZIM,1,assist,484,483,[],,0,18,Roko,Badzim,Roko,Badzim,R,B,R,B,R. Badzim,YUKATEL MERKEZEFENDI BELEDIYESI BASKET,YMB,R. Badzim,18,,,,,,ASS,,YUKATEL MERKEZEFENDI BELEDIYESI BASKET R. BADZIM assist,,,,,,,,,0,155,2.0,,0,56,0,43
02:09,02:09:00,56,43,13,1,3,REGULAR,0,,1,timeout,485,,[],full,0,,,,,,,,,,,KARSIYAKA,KSK,,,,,,,,TIMEOUT,,KARSIYAKA timeout,,,,,,,,,0,155,2.0,,0,56,0,43
02:09,02:09:00,56,43,13,1,3,REGULAR,80,A. GÜVEN,1,substitution,486,,[],out,0,15,Akif Egemen,Güven,Akif Egemen,Güven,A,G,A,G,A. Güven,KARSIYAKA,KSK,A. Güven,15,,,,,,SUB,out,KARSIYAKA substitution out,,,,,,,,,0,155,2.0,,0,56,0,43
02:09,02:09:00,56,43,13,1,3,REGULAR,89,C. MANNING JR,1,substitution,487,,[],out,0,21,Charles Maurice,Manning Jr,Charles Maurice,Manning Jr,C,M,C,M,C. Manning Jr,KARSIYAKA,KSK,C. Manning Jr,21,,,,,,SUB,out,KARSIYAKA substitution out,,,,,,,,,0,155,2.0,,0,56,0,43
02:09,02:09:00,56,43,13,1,3,REGULAR,79,M. CELEP,1,substitution,488,,[],out,0,35,Mert,Celep,Mert,Celep,M,C,M,C,M. Celep,KARSIYAKA,KSK,M. Celep,35,,,,,,SUB,out,KARSIYAKA substitution out,,,,,,,,,0,155,2.0,,0,56,0,43
02:09,02:09:00,56,43,13,1,3,REGULAR,88,M. MOORE,1,substitution,489,,[],in,0,2,Michael Jarade,Moore,Michael Jarade,Moore,M,M,M,M,M. Moore,KARSIYAKA,KSK,M. Moore,2,,,,,,SUB,in,KARSIYAKA substitution in,,,,,,,,,0,155,2.0,,0,56,0,43
02:09,02:09:00,56,43,13,1,3,REGULAR,78,S. GEYIK,1,substitution,490,,[],in,0,4,Samet,Geyik,Samet,Geyik,S,G,S,G,S. Geyik,KARSIYAKA,KSK,S. Geyik,4,,,,,,SUB,in,KARSIYAKA substitution in,,,,,,,,,0,155,2.0,,0,56,0,43
02:09,02:09:00,56,43,13,1,3,REGULAR,87,J. ALSTON,1,substitution,491,,[],in,0,32,Justin Alexander,Alston,Justin Alexander,Alston,J,A,J,A,J. Alston,KARSIYAKA,KSK,J. Alston,32,,,,,,SUB,in,KARSIYAKA substitution in,,,,,,,,,0,155,2.0,,0,56,0,43
01:51,01:51:00,56,43,13,1,3,REGULAR,93,C. YOUNG,0,2pt,493,,[],jumpshot,1,1,Cameron Jordan,Young,Cameron Jordan,Young,C,Y,C,Y,C. Young,KARSIYAKA,KSK,C. Young,1,,,17.190000534058,69.319999694824,0.0,P2,missed,KARSIYAKA C. YOUNG 2Pt missed,,,,,,,,,0,155,2.0,def_reb,0,56,0,43
01:49,01:49:00,56,43,13,2,3,REGULAR,9,R. BADZIM,1,rebound,494,493,[],defensive,0,18,Roko,Badzim,Roko,Badzim,R,B,R,B,R. Badzim,YUKATEL MERKEZEFENDI BELEDIYESI BASKET,YMB,R. Badzim,18,,,,,,REB,,YUKATEL MERKEZEFENDI BELEDIYESI BASKET rebound defensive,,,,,,,,,0,156,1.0,def_reb,0,56,0,43
01:36,01:36:00,56,45,11,2,3,REGULAR,5,M. AGVA,1,2pt,496,,['pointsinthepaint'],alleyoop,1,46,Mahir,Agva,Mahir,Agva,M,A,M,A,M. Agva,YUKATEL MERKEZEFENDI BELEDIYESI BASKET,YMB,M. Agva,46,,,90.51000213623,43.049999237061,1.0,P2,made,YUKATEL MERKEZEFENDI BELEDIYESI BASKET M. AGVA 2Pt made,12.0,2.0,M. CAZALON,,,,,,2,157,2.0,score,0,56,2,45
01:36,01:36:00,56,45,11,2,3,REGULAR,12,M. CAZALON,1,assist,497,496,[],,0,21,Malcolm Jean Ahmed,Cazalon,Malcolm Jean Ahmed,Cazalon,M,C,M,C,M. Cazalon,YUKATEL MERKEZEFENDI BELEDIYESI BASKET,YMB,M. Cazalon,21,,,,,,ASS,,YUKATEL MERKEZEFENDI BELEDIYESI BASKET M. CAZALON assist,,,,,,,,,0,158,1.0,,0,56,0,45
01:24,01:24:00,56,45,11,2,3,REGULAR,5,M. AGVA,1,foul,500,,[],personal,0,46,Mahir,Agva,Mahir,Agva,M,A,M,A,M. Agva,YUKATEL MERKEZEFENDI BELEDIYESI BASKET,YMB,M. Agva,46,,,,,,FOUL,,YUKATEL MERKEZEFENDI BELEDIYESI BASKET M. AGVA foul personal,,,,,,,,,0,158,1.0,,0,56,0,45
01:24,01:24:00,56,45,11,1,3,REGULAR,85,R. TARRANT JR,1,foulon,501,500,[],,0,22,Ricky Lafredrick,Tarrant Jr,Ricky Lafredrick,Tarrant Jr,R,T,R,T,R. Tarrant Jr,KARSIYAKA,KSK,R. Tarrant Jr,22,,,,,,OTHER,,KARSIYAKA foulon,,,,,,,,,0,158,1.0,,0,56,0,45
01:24,01:24:00,56,45,11,2,3,REGULAR,5,M. AGVA,1,substitution,502,,[],out,0,46,Mahir,Agva,Mahir,Agva,M,A,M,A,M. Agva,YUKATEL MERKEZEFENDI BELEDIYESI BASKET,YMB,M. Agva,46,,,,,,SUB,out,YUKATEL MERKEZEFENDI BELEDIYESI BASKET substitution out,,,,,,,,,0,158,1.0,,0,56,0,45
01:24,01:24:00,56,45,11,2,3,REGULAR,10,J. ROBERTS,1,substitution,503,,[],in,0,23,Joshua Artee,Roberts,Joshua Artee,Roberts,J,R,J,R,J. Roberts,YUKATEL MERKEZEFENDI BELEDIYESI BASKET,YMB,J. Roberts,23,,,,,,SUB,in,YUKATEL MERKEZEFENDI BELEDIYESI BASKET substitution in,,,,,,,,,0,158,1.0,,0,56,0,45
01:09,01:09:00,56,45,11,1,3,REGULAR,93,C. YOUNG,0,3pt,505,,[],jumpshot,1,1,Cameron Jordan,Young,Cameron Jordan,Young,C,Y,C,Y,C. Young,KARSIYAKA,KSK,C. Young,1,,,29.520000457764,30.89999961853,0.0,P3,missed,KARSIYAKA C. YOUNG 3Pt missed,,,,,,,,,0,158,1.0,def_reb,0,56,0,45
01:07,01:07:00,56,45,11,2,3,REGULAR,12,M. CAZALON,1,rebound,506,505,[],defensive,0,21,Malcolm Jean Ahmed,Cazalon,Malcolm Jean Ahmed,Cazalon,M,C,M,C,M. Cazalon,YUKATEL MERKEZEFENDI BELEDIYESI BASKET,YMB,M. Cazalon,21,,,,,,REB,,YUKATEL MERKEZEFENDI BELEDIYESI BASKET rebound defensive,,,,,,,,,0,159,2.0,def_reb,0,56,0,45
00:57,00:57:80,56,47,9,2,3,REGULAR,10,J. ROBERTS,1,2pt,507,,['pointsinthepaint'],jumpshot,1,23,Joshua Artee,Roberts,Joshua Artee,Roberts,J,R,J,R,J. Roberts,YUKATEL MERKEZEFENDI BELEDIYESI BASKET,YMB,J. Roberts,23,,,80.529998779297,52.090000152588,1.0,P2,made,YUKATEL MERKEZEFENDI BELEDIYESI BASKET J. ROBERTS 2Pt made,12.0,2.0,M. CAZALON,,,,,,2,160,1.0,score,0,56,2,47
00:57,00:57:80,56,47,9,2,3,REGULAR,12,M. CAZALON,1,assist,508,507,[],,0,21,Malcolm Jean Ahmed,Cazalon,Malcolm Jean Ahmed,Cazalon,M,C,M,C,M. Cazalon,YUKATEL MERKEZEFENDI BELEDIYESI BASKET,YMB,M. Cazalon,21,,,,,,ASS,,YUKATEL MERKEZEFENDI BELEDIYESI BASKET M. CAZALON assist,,,,,,,,,0,161,2.0,,0,56,0,47
00:36,00:36:00,56,47,9,2,3,REGULAR,10,J. ROBERTS,1,foul,510,,"['shooting', '2freethrow']",personal,0,23,Joshua Artee,Roberts,Joshua Artee,Roberts,J,R,J,R,J. Roberts,YUKATEL MERKEZEFENDI BELEDIYESI BASKET,YMB,J. Roberts,23,,,,,,FOUL,,YUKATEL MERKEZEFENDI BELEDIYESI BASKET J. ROBERTS foul personal,,,,,,,,,0,161,2.0,,0,56,0,47
00:36,00:36:00,56,47,9,1,3,REGULAR,93,C. YOUNG,1,foulon,511,510,[],,0,1,Cameron Jordan,Young,Cameron Jordan,Young,C,Y,C,Y,C. Young,KARSIYAKA,KSK,C. Young,1,,,,,,OTHER,,KARSIYAKA foulon,,,,,,,,,0,161,2.0,,0,56,0,47
00:36,00:36:00,56,47,9,1,3,REGULAR,85,R. TARRANT JR,1,substitution,512,,[],out,0,22,Ricky Lafredrick,Tarrant Jr,Ricky Lafredrick,Tarrant Jr,R,T,R,T,R. Tarrant Jr,KARSIYAKA,KSK,R. Tarrant Jr,22,,,,,,SUB,out,KARSIYAKA substitution out,,,,,,,,,0,161,2.0,,0,56,0,47
00:36,00:36:00,56,47,9,1,3,REGULAR,87,J. ALSTON,1,substitution,513,,[],out,0,32,Justin Alexander,Alston,Justin Alexander,Alston,J,A,J,A,J. Alston,KARSIYAKA,KSK,J. Alston,32,,,,,,SUB,out,KARSIYAKA substitution out,,,,,,,,,0,161,2.0,,0,56,0,47
00:36,00:36:00,56,47,9,1,3,REGULAR,86,C. CHIOZZA,1,substitution,514,,[],in,0,11,Christopher Xavier,Chiozza,Christopher Xavier,Chiozza,C,C,C,C,C. Chiozza,KARSIYAKA,KSK,C. Chiozza,11,,,,,,SUB,in,KARSIYAKA substitution in,,,,,,,,,0,161,2.0,,0,56,0,47
00:36,00:36:00,56,47,9,1,3,REGULAR,89,C. MANNING JR,1,substitution,515,,[],in,0,21,Charles Maurice,Manning Jr,Charles Maurice,Manning Jr,C,M,C,M,C. Manning Jr,KARSIYAKA,KSK,C. Manning Jr,21,,,,,,SUB,in,KARSIYAKA substitution in,,,,,,,,,0,161,2.0,,0,56,0,47
00:36,00:36:00,57,47,10,1,3,REGULAR,93,C. YOUNG,1,freethrow,516,,[],1of2,1,1,Cameron Jordan,Young,Cameron Jordan,Young,C,Y,C,Y,C. Young,KARSIYAKA,KSK,C. Young,1,,,,,,FT,made,KARSIYAKA C. YOUNG FT 1of2 made,,,,,,,,,1,161,2.0,made_ft,1,57,0,47
00:36,00:36:00,58,47,11,1,3,REGULAR,93,C. YOUNG,1,freethrow,517,,[],2of2,1,1,Cameron Jordan,Young,Cameron Jordan,Young,C,Y,C,Y,C. Young,KARSIYAKA,KSK,C. Young,1,,,,,,FT,made,KARSIYAKA C. YOUNG FT 2of2 made,,,,,,,,,1,162,1.0,made_ft_last,1,58,0,47
00:36,00:36:00,58,47,11,1,3,REGULAR,78,S. GEYIK,1,substitution,518,,[],out,0,4,Samet,Geyik,Samet,Geyik,S,G,S,G,S. Geyik,KARSIYAKA,KSK,S. Geyik,4,,,,,,SUB,out,KARSIYAKA substitution out,,,,,,,,,0,163,2.0,,0,58,0,47
00:36,00:36:00,58,47,11,1,3,REGULAR,80,A. GÜVEN,1,substitution,519,,[],in,0,15,Akif Egemen,Güven,Akif Egemen,Güven,A,G,A,G,A. Güven,KARSIYAKA,KSK,A. Güven,15,,,,,,SUB,in,KARSIYAKA substitution in,,,,,,,,,0,163,2.0,,0,58,0,47
00:26,00:26:80,58,49,9,2,3,REGULAR,12,M. CAZALON,1,2pt,525,,['pointsinthepaint'],drivinglayup,1,21,Malcolm Jean Ahmed,Cazalon,Malcolm Jean Ahmed,Cazalon,M,C,M,C,M. Cazalon,YUKATEL MERKEZEFENDI BELEDIYESI BASKET,YMB,M. Cazalon,21,,,94.879997253418,56.610000610352,1.0,P2,made,YUKATEL MERKEZEFENDI BELEDIYESI BASKET M. CAZALON 2Pt made,,,,,,,,,2,163,2.0,score,0,58,2,49
00:01,00:01:20,58,49,9,1,3,REGULAR,88,M. MOORE,0,3pt,527,,[],jumpshot,1,2,Michael Jarade,Moore,Michael Jarade,Moore,M,M,M,M,M. Moore,KARSIYAKA,KSK,M. Moore,2,,,25.14999961853,91.919998168945,0.0,P3,missed,KARSIYAKA M. MOORE 3Pt missed,,,,,,,,,0,164,1.0,,0,58,0,49
00:00,00:00:00,58,49,9,0,3,REGULAR,0,,1,period,530,,['confirmed'],end,0,,,,,,,,,,,,,,,,,,,,OTHER,,period end,,,,,,,,,0,164,1.0,,0,58,0,49
10:00,10:00:00,58,49,9,0,4,REGULAR,0,,1,period,531,,[],start,0,,,,,,,,,,,,,,,,,,,,OTHER,,period start,,,,,,,,,0,164,1.0,,0,58,0,49
09:43,09:43:00,58,49,9,1,4,REGULAR,80,A. GÜVEN,0,2pt,533,,['pointsinthepaint'],turnaroundjumpshot,1,15,Akif Egemen,Güven,Akif Egemen,Güven,A,G,A,G,A. Güven,KARSIYAKA,KSK,A. Güven,15,,,5.6500000953674,61.979999542236,0.0,P2,missed,KARSIYAKA A. GÜVEN 2Pt missed,,,,,,,,,0,164,1.0,def_reb,0,58,0,49
09:39,09:39:00,58,49,9,2,4,REGULAR,12,M. CAZALON,1,rebound,534,533,[],defensive,0,21,Malcolm Jean Ahmed,Cazalon,Malcolm Jean Ahmed,Cazalon,M,C,M,C,M. Cazalon,YUKATEL MERKEZEFENDI BELEDIYESI BASKET,YMB,M. Cazalon,21,,,,,,REB,,YUKATEL MERKEZEFENDI BELEDIYESI BASKET rebound defensive,,,,,,,,,0,165,2.0,def_reb,0,58,0,49
09:30,09:30:00,58,52,6,2,4,REGULAR,12,M. CAZALON,1,3pt,535,,[],jumpshot,1,21,Malcolm Jean Ahmed,Cazalon,Malcolm Jean Ahmed,Cazalon,M,C,M,C,M. Cazalon,YUKATEL MERKEZEFENDI BELEDIYESI BASKET,YMB,M. Cazalon,21,,,68.050003051758,42.770000457764,1.0,P3,made,YUKATEL MERKEZEFENDI BELEDIYESI BASKET M. CAZALON 3Pt made,7.0,2.0,Ö. ILYASOGLU,,,,,,3,166,1.0,score,0,58,3,52
09:30,09:30:00,58,52,6,2,4,REGULAR,7,Ö. ILYASOGLU,1,assist,536,535,[],,0,13,Ömer Can,Ilyasoglu,Ömer Can,Ilyasoglu,Ö,I,Ö,I,Ö. Ilyasoglu,YUKATEL MERKEZEFENDI BELEDIYESI BASKET,YMB,Ö. Ilyasoglu,13,,,,,,ASS,,YUKATEL MERKEZEFENDI BELEDIYESI BASKET Ö. ILYASOGLU assist,,,,,,,,,0,167,2.0,,0,58,0,52
09:16,09:16:00,58,52,6,2,4,REGULAR,7,Ö. ILYASOGLU,1,foul,538,,[],personal,0,13,Ömer Can,Ilyasoglu,Ömer Can,Ilyasoglu,Ö,I,Ö,I,Ö. Ilyasoglu,YUKATEL MERKEZEFENDI BELEDIYESI BASKET,YMB,Ö. Ilyasoglu,13,,,,,,FOUL,,YUKATEL MERKEZEFENDI BELEDIYESI BASKET Ö. ILYASOGLU foul personal,,,,,,,,,0,167,2.0,,0,58,0,52
09:16,09:16:00,58,52,6,1,4,REGULAR,86,C. CHIOZZA,1,foulon,539,538,[],,0,11,Christopher Xavier,Chiozza,Christopher Xavier,Chiozza,C,C,C,C,C. Chiozza,KARSIYAKA,KSK,C. Chiozza,11,,,,,,OTHER,,KARSIYAKA foulon,,,,,,,,,0,167,2.0,,0,58,0,52
09:01,09:01:00,58,52,6,1,4,REGULAR,88,M. MOORE,0,2pt,541,,['pointsinthepaint'],drivinglayup,1,2,Michael Jarade,Moore,Michael Jarade,Moore,M,M,M,M,M. Moore,KARSIYAKA,KSK,M. Moore,2,,,11.260000228882,55.759998321533,0.0,P2,missed,KARSIYAKA M. MOORE 2Pt missed,,,,,,,,,0,167,2.0,def_reb,0,58,0,52
08:59,08:59:00,58,52,6,2,4,REGULAR,3,E. TANISAN,1,rebound,542,541,[],defensive,0,0,Emre,Tanisan,Emre,Tanisan,E,T,E,T,E. Tanisan,YUKATEL MERKEZEFENDI BELEDIYESI BASKET,YMB,E. Tanisan,0,,,,,,REB,,YUKATEL MERKEZEFENDI BELEDIYESI BASKET rebound defensive,,,,,,,,,0,168,1.0,def_reb,0,58,0,52
08:57,08:57:00,58,52,6,2,4,REGULAR,7,Ö. ILYASOGLU,1,turnover,543,,[],badpass,0,13,Ömer Can,Ilyasoglu,Ömer Can,Ilyasoglu,Ö,I,Ö,I,Ö. Ilyasoglu,YUKATEL MERKEZEFENDI BELEDIYESI BASKET,YMB,Ö. Ilyasoglu,13,,,,,,TO,,YUKATEL MERKEZEFENDI BELEDIYESI BASKET Ö. ILYASOGLU turnover badpass,,,,,,,,,0,169,2.0,turnover,0,58,0,52
08:57,08:57:00,58,52,6,1,4,REGULAR,86,C. CHIOZZA,1,steal,544,543,[],,0,11,Christopher Xavier,Chiozza,Christopher Xavier,Chiozza,C,C,C,C,C. Chiozza,KARSIYAKA,KSK,C. Chiozza,11,,,,,,ST,,KARSIYAKA C. CHIOZZA steal,,,,,,,,,0,170,1.0,,0,58,0,52
08:48,08:48:00,58,52,6,2,4,REGULAR,9,R. BADZIM,1,foul,546,,[],personal,0,18,Roko,Badzim,Roko,Badzim,R,B,R,B,R. Badzim,YUKATEL MERKEZEFENDI BELEDIYESI BASKET,YMB,R. Badzim,18,,,,,,FOUL,,YUKATEL MERKEZEFENDI BELEDIYESI BASKET R. BADZIM foul personal,,,,,,,,,0,170,1.0,,0,58,0,52
08:48,08:48:00,58,52,6,1,4,REGULAR,89,C. MANNING JR,1,foulon,547,546,[],,0,21,Charles Maurice,Manning Jr,Charles Maurice,Manning Jr,C,M,C,M,C. Manning Jr,KARSIYAKA,KSK,C. Manning Jr,21,,,,,,OTHER,,KARSIYAKA foulon,,,,,,,,,0,170,1.0,,0,58,0,52
08:48,08:48:00,58,52,6,1,4,REGULAR,80,A. GÜVEN,1,substitution,548,,[],out,0,15,Akif Egemen,Güven,Akif Egemen,Güven,A,G,A,G,A. Güven,KARSIYAKA,KSK,A. Güven,15,,,,,,SUB,out,KARSIYAKA substitution out,,,,,,,,,0,170,1.0,,0,58,0,52
08:48,08:48:00,58,52,6,1,4,REGULAR,78,S. GEYIK,1,substitution,549,,[],in,0,4,Samet,Geyik,Samet,Geyik,S,G,S,G,S. Geyik,KARSIYAKA,KSK,S. Geyik,4,,,,,,SUB,in,KARSIYAKA substitution in,,,,,,,,,0,170,1.0,,0,58,0,52
08:37,08:37:00,60,52,8,1,4,REGULAR,78,S. GEYIK,1,2pt,551,,"['fromturnover', 'pointsinthepaint']",layup,1,4,Samet,Geyik,Samet,Geyik,S,G,S,G,S. Geyik,KARSIYAKA,KSK,S. Geyik,4,,,6.1199998855591,52.939998626709,1.0,P2,made,KARSIYAKA S. GEYIK 2Pt made,86.0,1.0,C. CHIOZZA,,,,,,2,170,1.0,score,2,60,0,52
08:37,08:37:00,60,52,8,1,4,REGULAR,86,C. CHIOZZA,1,assist,552,551,[],,0,11,Christopher Xavier,Chiozza,Christopher Xavier,Chiozza,C,C,C,C,C. Chiozza,KARSIYAKA,KSK,C. Chiozza,11,,,,,,ASS,,KARSIYAKA C. CHIOZZA assist,,,,,,,,,0,171,2.0,,0,60,0,52
08:19,08:19:00,60,52,8,2,4,REGULAR,3,E. TANISAN,0,3pt,555,,[],jumpshot,1,0,Emre,Tanisan,Emre,Tanisan,E,T,E,T,E. Tanisan,YUKATEL MERKEZEFENDI BELEDIYESI BASKET,YMB,E. Tanisan,0,,,68.519996643066,29.489999771118,0.0,P3,missed,YUKATEL MERKEZEFENDI BELEDIYESI BASKET E. TANISAN 3Pt missed,,,,,,,,,0,171,2.0,def_reb,0,60,0,52
08:16,08:16:00,60,52,8,1,4,REGULAR,86,C. CHIOZZA,1,rebound,556,555,[],defensive,0,11,Christopher Xavier,Chiozza,Christopher Xavier,Chiozza,C,C,C,C,C. Chiozza,KARSIYAKA,KSK,C. Chiozza,11,,,,,,REB,,KARSIYAKA rebound defensive,,,,,,,,,0,172,1.0,def_reb,0,60,0,52
08:14,08:14:00,60,52,8,2,4,REGULAR,9,R. BADZIM,1,foul,558,,[],personal,0,18,Roko,Badzim,Roko,Badzim,R,B,R,B,R. Badzim,YUKATEL MERKEZEFENDI BELEDIYESI BASKET,YMB,R. Badzim,18,,,,,,FOUL,,YUKATEL MERKEZEFENDI BELEDIYESI BASKET R. BADZIM foul personal,,,,,,,,,0,173,2.0,,0,60,0,52
08:14,08:14:00,60,52,8,1,4,REGULAR,86,C. CHIOZZA,1,foulon,559,558,[],,0,11,Christopher Xavier,Chiozza,Christopher Xavier,Chiozza,C,C,C,C,C. Chiozza,KARSIYAKA,KSK,C. Chiozza,11,,,,,,OTHER,,KARSIYAKA foulon,,,,,,,,,0,173,2.0,,0,60,0,52
08:14,08:14:00,60,52,8,2,4,REGULAR,5,M. AGVA,1,substitution,561,,[],in,0,46,Mahir,Agva,Mahir,Agva,M,A,M,A,M. Agva,YUKATEL MERKEZEFENDI BELEDIYESI BASKET,YMB,M. Agva,46,,,,,,SUB,in,YUKATEL MERKEZEFENDI BELEDIYESI BASKET substitution in,,,,,,,,,0,173,2.0,,0,60,0,52
08:14,08:14:00,60,52,8,2,4,REGULAR,10,J. ROBERTS,1,substitution,562,,[],out,0,23,Joshua Artee,Roberts,Joshua Artee,Roberts,J,R,J,R,J. Roberts,YUKATEL MERKEZEFENDI BELEDIYESI BASKET,YMB,J. Roberts,23,,,,,,SUB,out,YUKATEL MERKEZEFENDI BELEDIYESI BASKET substitution out,,,,,,,,,0,173,2.0,,0,60,0,52
08:06,08:06:00,62,52,10,1,4,REGULAR,86,C. CHIOZZA,1,2pt,564,,['pointsinthepaint'],drivinglayup,1,11,Christopher Xavier,Chiozza,Christopher Xavier,Chiozza,C,C,C,C,C. Chiozza,KARSIYAKA,KSK,C. Chiozza,11,,,17.040000915527,61.130001068115,1.0,P2,made,KARSIYAKA C. CHIOZZA 2Pt made,,,,,,,,,2,173,2.0,score,2,62,0,52
07:54,07:54:00,62,54,8,2,4,REGULAR,5,M. AGVA,1,2pt,565,,['pointsinthepaint'],layup,1,46,Mahir,Agva,Mahir,Agva,M,A,M,A,M. Agva,YUKATEL MERKEZEFENDI BELEDIYESI BASKET,YMB,M. Agva,46,,,90.360000610352,58.869998931885,1.0,P2,made,YUKATEL MERKEZEFENDI BELEDIYESI BASKET M. AGVA 2Pt made,7.0,2.0,Ö. ILYASOGLU,,,,,,2,174,1.0,score,0,62,2,54
07:54,07:54:00,62,54,8,2,4,REGULAR,7,Ö. ILYASOGLU,1,assist,566,565,[],,0,13,Ömer Can,Ilyasoglu,Ömer Can,Ilyasoglu,Ö,I,Ö,I,Ö. Ilyasoglu,YUKATEL MERKEZEFENDI BELEDIYESI BASKET,YMB,Ö. Ilyasoglu,13,,,,,,ASS,,YUKATEL MERKEZEFENDI BELEDIYESI BASKET Ö. ILYASOGLU assist,,,,,,,,,0,175,2.0,,0,62,0,54
07:36,07:36:00,65,54,11,1,4,REGULAR,93,C. YOUNG,1,3pt,567,,[],jumpshot,1,1,Cameron Jordan,Young,Cameron Jordan,Young,C,Y,C,Y,C. Young,KARSIYAKA,KSK,C. Young,1,,,13.760000228882,96.160003662109,1.0,P3,made,KARSIYAKA C. YOUNG 3Pt made,86.0,1.0,C. CHIOZZA,,,,,,3,175,2.0,score,3,65,0,54
07:36,07:36:00,65,54,11,1,4,REGULAR,86,C. CHIOZZA,1,assist,568,567,[],,0,11,Christopher Xavier,Chiozza,Christopher Xavier,Chiozza,C,C,C,C,C. Chiozza,KARSIYAKA,KSK,C. Chiozza,11,,,,,,ASS,,KARSIYAKA C. CHIOZZA assist,,,,,,,,,0,176,1.0,,0,65,0,54
07:17,07:17:00,65,54,11,2,4,REGULAR,3,E. TANISAN,0,3pt,569,,[],jumpshot,1,0,Emre,Tanisan,Emre,Tanisan,E,T,E,T,E. Tanisan,YUKATEL MERKEZEFENDI BELEDIYESI BASKET,YMB,E. Tanisan,0,,,70.860000610352,76.669998168945,0.0,P3,missed,YUKATEL MERKEZEFENDI BELEDIYESI BASKET E. TANISAN 3Pt missed,,,,,,,,,0,176,1.0,def_reb,0,65,0,54
07:12,07:12:00,65,54,11,1,4,REGULAR,88,M. MOORE,1,rebound,570,569,[],defensive,0,2,Michael Jarade,Moore,Michael Jarade,Moore,M,M,M,M,M. Moore,KARSIYAKA,KSK,M. Moore,2,,,,,,REB,,KARSIYAKA rebound defensive,,,,,,,,,0,177,2.0,def_reb,0,65,0,54
07:07,07:07:00,67,54,13,1,4,REGULAR,89,C. MANNING JR,1,2pt,572,,['pointsinthepaint'],drivinglayup,1,21,Charles Maurice,Manning Jr,Charles Maurice,Manning Jr,C,M,C,M,C. Manning Jr,KARSIYAKA,KSK,C. Manning Jr,21,,,8.7700004577637,58.869998931885,1.0,P2,made,KARSIYAKA C. MANNING JR 2Pt made,86.0,1.0,C. CHIOZZA,,,,,,2,178,1.0,score,2,67,0,54
07:07,07:07:00,67,54,13,1,4,REGULAR,86,C. CHIOZZA,1,assist,573,572,[],,0,11,Christopher Xavier,Chiozza,Christopher Xavier,Chiozza,C,C,C,C,C. Chiozza,KARSIYAKA,KSK,C. Chiozza,11,,,,,,ASS,,KARSIYAKA C. CHIOZZA assist,,,,,,,,,0,179,2.0,,0,67,0,54
07:07,07:07:00,67,54,13,2,4,REGULAR,0,,1,timeout,574,,[],full,0,,,,,,,,,,,YUKATEL MERKEZEFENDI BELEDIYESI BASKET,YMB,,,,,,,,TIMEOUT,,YUKATEL MERKEZEFENDI BELEDIYESI BASKET timeout,,,,,,,,,0,179,2.0,,0,67,0,54
06:53,06:53:00,67,57,10,2,4,REGULAR,9,R. BADZIM,1,3pt,576,,[],jumpshot,1,18,Roko,Badzim,Roko,Badzim,R,B,R,B,R. Badzim,YUKATEL MERKEZEFENDI BELEDIYESI BASKET,YMB,R. Badzim,18,,,83.809997558594,95.029998779297,1.0,P3,made,YUKATEL MERKEZEFENDI BELEDIYESI BASKET R. BADZIM 3Pt made,7.0,2.0,Ö. ILYASOGLU,,,,,,3,179,2.0,score,0,67,3,57
06:53,06:53:00,67,57,10,2,4,REGULAR,7,Ö. ILYASOGLU,1,assist,577,576,[],,0,13,Ömer Can,Ilyasoglu,Ömer Can,Ilyasoglu,Ö,I,Ö,I,Ö. Ilyasoglu,YUKATEL MERKEZEFENDI BELEDIYESI BASKET,YMB,Ö. Ilyasoglu,13,,,,,,ASS,,YUKATEL MERKEZEFENDI BELEDIYESI BASKET Ö. ILYASOGLU assist,,,,,,,,,0,180,1.0,,0,67,0,57
06:32,06:32:00,67,57,10,1,4,REGULAR,89,C. MANNING JR,0,2pt,578,,['pointsinthepaint'],drivinglayup,1,21,Charles Maurice,Manning Jr,Charles Maurice,Manning Jr,C,M,C,M,C. Manning Jr,KARSIYAKA,KSK,C. Manning Jr,21,,,9.3900003433228,63.950000762939,0.0,P2,missed,KARSIYAKA C. MANNING JR 2Pt missed,,,,,,,,,0,180,1.0,def_reb,0,67,0,57
06:30,06:30:00,67,57,10,2,4,REGULAR,5,M. AGVA,1,rebound,579,578,[],defensive,0,46,Mahir,Agva,Mahir,Agva,M,A,M,A,M. Agva,YUKATEL MERKEZEFENDI BELEDIYESI BASKET,YMB,M. Agva,46,,,,,,REB,,YUKATEL MERKEZEFENDI BELEDIYESI BASKET rebound defensive,,,,,,,,,0,181,2.0,def_reb,0,67,0,57
06:16,06:16:00,67,57,10,1,4,REGULAR,78,S. GEYIK,1,foul,581,,"['shooting', '2freethrow']",personal,0,4,Samet,Geyik,Samet,Geyik,S,G,S,G,S. Geyik,KARSIYAKA,KSK,S. Geyik,4,,,,,,FOUL,,KARSIYAKA S. GEYIK foul personal,,,,,,,,,0,182,1.0,,0,67,0,57
06:16,06:16:00,67,57,10,2,4,REGULAR,5,M. AGVA,1,foulon,582,581,[],,0,46,Mahir,Agva,Mahir,Agva,M,A,M,A,M. Agva,YUKATEL MERKEZEFENDI BELEDIYESI BASKET,YMB,M. Agva,46,,,,,,OTHER,,YUKATEL MERKEZEFENDI BELEDIYESI BASKET foulon,,,,,,,,,0,182,1.0,,0,67,0,57
06:16,06:16:00,67,58,9,2,4,REGULAR,5,M. AGVA,1,freethrow,583,,[],1of2,1,46,Mahir,Agva,Mahir,Agva,M,A,M,A,M. Agva,YUKATEL MERKEZEFENDI BELEDIYESI BASKET,YMB,M. Agva,46,,,,,,FT,made,YUKATEL MERKEZEFENDI BELEDIYESI BASKET M. AGVA FT 1of2 made,,,,,,,,,1,182,1.0,made_ft,0,67,1,58
06:16,06:16:00,67,58,9,2,4,REGULAR,12,M. CAZALON,1,assist,584,583,[],,0,21,Malcolm Jean Ahmed,Cazalon,Malcolm Jean Ahmed,Cazalon,M,C,M,C,M. Cazalon,YUKATEL MERKEZEFENDI BELEDIYESI BASKET,YMB,M. Cazalon,21,,,,,,ASS,,YUKATEL MERKEZEFENDI BELEDIYESI BASKET M. CAZALON assist,,,,,,,,,0,183,2.0,,0,67,0,58
06:16,06:16:00,67,58,9,2,4,REGULAR,5,M. AGVA,0,freethrow,585,,[],2of2,1,46,Mahir,Agva,Mahir,Agva,M,A,M,A,M. Agva,YUKATEL MERKEZEFENDI BELEDIYESI BASKET,YMB,M. Agva,46,,,,,,FT,missed,YUKATEL MERKEZEFENDI BELEDIYESI BASKET M. AGVA FT 2of2 missed,,,,,,,,,0,183,2.0,def_reb,0,67,0,58
06:16,06:16:00,67,58,9,1,4,REGULAR,93,C. YOUNG,1,rebound,587,585,[],defensive,0,1,Cameron Jordan,Young,Cameron Jordan,Young,C,Y,C,Y,C. Young,KARSIYAKA,KSK,C. Young,1,,,,,,REB,,KARSIYAKA rebound defensive,,,,,,,,,0,184,1.0,def_reb,0,67,0,58
05:58,05:58:00,67,58,9,2,4,REGULAR,3,E. TANISAN,1,foul,589,,"['shooting', '2freethrow']",personal,0,0,Emre,Tanisan,Emre,Tanisan,E,T,E,T,E. Tanisan,YUKATEL MERKEZEFENDI BELEDIYESI BASKET,YMB,E. Tanisan,0,,,,,,FOUL,,YUKATEL MERKEZEFENDI BELEDIYESI BASKET E. TANISAN foul personal,,,,,,,,,0,185,2.0,,0,67,0,58
05:58,05:58:00,67,58,9,1,4,REGULAR,88,M. MOORE,1,foulon,590,589,[],,0,2,Michael Jarade,Moore,Michael Jarade,Moore,M,M,M,M,M. Moore,KARSIYAKA,KSK,M. Moore,2,,,,,,OTHER,,KARSIYAKA foulon,,,,,,,,,0,185,2.0,,0,67,0,58
05:58,05:58:00,68,58,10,1,4,REGULAR,88,M. MOORE,1,freethrow,591,,[],1of2,1,2,Michael Jarade,Moore,Michael Jarade,Moore,M,M,M,M,M. Moore,KARSIYAKA,KSK,M. Moore,2,,,,,,FT,made,KARSIYAKA M. MOORE FT 1of2 made,,,,,,,,,1,185,2.0,made_ft,1,68,0,58
05:58,05:58:00,68,58,10,1,4,REGULAR,89,C. MANNING JR,1,assist,592,591,[],,0,21,Charles Maurice,Manning Jr,Charles Maurice,Manning Jr,C,M,C,M,C. Manning Jr,KARSIYAKA,KSK,C. Manning Jr,21,,,,,,ASS,,KARSIYAKA C. MANNING JR assist,,,,,,,,,0,186,1.0,,0,68,0,58
05:58,05:58:00,69,58,11,1,4,REGULAR,88,M. MOORE,1,freethrow,593,,[],2of2,1,2,Michael Jarade,Moore,Michael Jarade,Moore,M,M,M,M,M. Moore,KARSIYAKA,KSK,M. Moore,2,,,,,,FT,made,KARSIYAKA M. MOORE FT 2of2 made,,,,,,,,,1,186,1.0,made_ft_last,1,69,0,58
05:44,05:44:00,69,61,8,2,4,REGULAR,12,M. CAZALON,1,3pt,595,,[],jumpshot,1,21,Malcolm Jean Ahmed,Cazalon,Malcolm Jean Ahmed,Cazalon,M,C,M,C,M. Cazalon,YUKATEL MERKEZEFENDI BELEDIYESI BASKET,YMB,M. Cazalon,21,,,85.519996643066,4.6300001144409,1.0,P3,made,YUKATEL MERKEZEFENDI BELEDIYESI BASKET M. CAZALON 3Pt made,3.0,2.0,E. TANISAN,,,,,,3,187,2.0,score,0,69,3,61
05:44,05:44:00,69,61,8,2,4,REGULAR,3,E. TANISAN,1,assist,596,595,[],,0,0,Emre,Tanisan,Emre,Tanisan,E,T,E,T,E. Tanisan,YUKATEL MERKEZEFENDI BELEDIYESI BASKET,YMB,E. Tanisan,0,,,,,,ASS,,YUKATEL MERKEZEFENDI BELEDIYESI BASKET E. TANISAN assist,,,,,,,,,0,188,1.0,,0,69,0,61
05:21,05:21:00,69,61,8,1,4,REGULAR,93,C. YOUNG,0,3pt,597,,[],jumpshot,1,1,Cameron Jordan,Young,Cameron Jordan,Young,C,Y,C,Y,C. Young,KARSIYAKA,KSK,C. Young,1,,,14.539999961853,4.0700001716614,0.0,P3,missed,KARSIYAKA C. YOUNG 3Pt missed,,,,,,,,,0,188,1.0,def_reb,0,69,0,61
05:18,05:18:00,69,61,8,2,4,REGULAR,0,,1,rebound,599,597,['team'],defensive,0,,,,,,,,,,,YUKATEL MERKEZEFENDI BELEDIYESI BASKET,YMB,,,,,,,,TREB,,YUKATEL MERKEZEFENDI BELEDIYESI BASKET team rebound defensive,,,,,,,,,0,189,2.0,def_reb,0,69,0,61
04:57,04:57:00,69,63,6,2,4,REGULAR,5,M. AGVA,1,2pt,601,,['pointsinthepaint'],hookshot,1,46,Mahir,Agva,Mahir,Agva,M,A,M,A,M. Agva,YUKATEL MERKEZEFENDI BELEDIYESI BASKET,YMB,M. Agva,46,,,87.860000610352,62.540000915527,1.0,P2,made,YUKATEL MERKEZEFENDI BELEDIYESI BASKET M. AGVA 2Pt made,7.0,2.0,Ö. ILYASOGLU,,,,,,2,190,1.0,score,0,69,2,63
04:57,04:57:00,69,63,6,2,4,REGULAR,7,Ö. ILYASOGLU,1,assist,602,601,[],,0,13,Ömer Can,Ilyasoglu,Ömer Can,Ilyasoglu,Ö,I,Ö,I,Ö. Ilyasoglu,YUKATEL MERKEZEFENDI BELEDIYESI BASKET,YMB,Ö. Ilyasoglu,13,,,,,,ASS,,YUKATEL MERKEZEFENDI BELEDIYESI BASKET Ö. ILYASOGLU assist,,,,,,,,,0,191,2.0,,0,69,0,63
04:33,04:33:00,69,63,6,1,4,REGULAR,93,C. YOUNG,0,3pt,603,,[],jumpshot,1,1,Cameron Jordan,Young,Cameron Jordan,Young,C,Y,C,Y,C. Young,KARSIYAKA,KSK,C. Young,1,,,3.9300000667572,2.9400000572205,0.0,P3,missed,KARSIYAKA C. YOUNG 3Pt missed,,,,,,,,,0,191,2.0,,0,69,0,63
04:31,04:31:00,69,63,6,1,4,REGULAR,78,S. GEYIK,1,rebound,604,603,[],offensive,0,4,Samet,Geyik,Samet,Geyik,S,G,S,G,S. Geyik,KARSIYAKA,KSK,S. Geyik,4,,,,,,REB,,KARSIYAKA rebound offensive,,,,,,,,,0,191,2.0,,0,69,0,63
04:23,04:23:00,69,63,6,1,4,REGULAR,86,C. CHIOZZA,0,3pt,605,,['2ndchance'],jumpshot,1,11,Christopher Xavier,Chiozza,Christopher Xavier,Chiozza,C,C,C,C,C. Chiozza,KARSIYAKA,KSK,C. Chiozza,11,,,29.829999923706,33.450000762939,0.0,P3,missed,KARSIYAKA C. CHIOZZA 3Pt missed,,,,,,,,,0,191,2.0,def_reb,0,69,0,63
04:20,04:20:00,69,63,6,1,4,REGULAR,0,,1,rebound,607,605,['team'],offensive,0,,,,,,,,,,,KARSIYAKA,KSK,,,,,,,,TREB,,KARSIYAKA team rebound offensive,,,,,,,,,0,192,1.0,def_reb,0,69,0,63
04:09,04:09:00,69,63,6,1,4,REGULAR,93,C. YOUNG,0,2pt,609,,"['2ndchance', 'pointsinthepaint']",drivinglayup,1,1,Cameron Jordan,Young,Cameron Jordan,Young,C,Y,C,Y,C. Young,KARSIYAKA,KSK,C. Young,1,,,6.9000000953674,45.880001068115,0.0,P2,missed,KARSIYAKA C. YOUNG 2Pt missed,,,,,,,,,0,193,2.0,def_reb,0,69,0,63
04:07,04:07:00,69,63,6,2,4,REGULAR,0,,1,rebound,611,609,['team'],defensive,0,,,,,,,,,,,YUKATEL MERKEZEFENDI BELEDIYESI BASKET,YMB,,,,,,,,TREB,,YUKATEL MERKEZEFENDI BELEDIYESI BASKET team rebound defensive,,,,,,,,,0,194,1.0,def_reb,0,69,0,63
03:56,03:56:00,69,63,6,2,4,REGULAR,7,Ö. ILYASOGLU,0,2pt,614,,['pointsinthepaint'],jumpshot,1,13,Ömer Can,Ilyasoglu,Ömer Can,Ilyasoglu,Ö,I,Ö,I,Ö. Ilyasoglu,YUKATEL MERKEZEFENDI BELEDIYESI BASKET,YMB,Ö. Ilyasoglu,13,,,90.199996948242,64.519996643066,0.0,P2,missed,YUKATEL MERKEZEFENDI BELEDIYESI BASKET Ö. ILYASOGLU 2Pt missed,,,,,,,,,0,195,2.0,,0,69,0,63
03:53,03:53:00,69,63,6,2,4,REGULAR,3,E. TANISAN,1,rebound,615,614,[],offensive,0,0,Emre,Tanisan,Emre,Tanisan,E,T,E,T,E. Tanisan,YUKATEL MERKEZEFENDI BELEDIYESI BASKET,YMB,E. Tanisan,0,,,,,,REB,,YUKATEL MERKEZEFENDI BELEDIYESI BASKET rebound offensive,,,,,,,,,0,195,2.0,,0,69,0,63
03:49,03:49:00,69,63,6,2,4,REGULAR,3,E. TANISAN,0,3pt,616,,['2ndchance'],jumpshot,1,0,Emre,Tanisan,Emre,Tanisan,E,T,E,T,E. Tanisan,YUKATEL MERKEZEFENDI BELEDIYESI BASKET,YMB,E. Tanisan,0,,,80.370002746582,92.769996643066,0.0,P3,missed,YUKATEL MERKEZEFENDI BELEDIYESI BASKET E. TANISAN 3Pt missed,,,,,,,,,0,195,2.0,,0,69,0,63
03:47,03:47:00,69,63,6,2,4,REGULAR,5,M. AGVA,1,rebound,618,616,[],offensive,0,46,Mahir,Agva,Mahir,Agva,M,A,M,A,M. Agva,YUKATEL MERKEZEFENDI BELEDIYESI BASKET,YMB,M. Agva,46,,,,,,REB,,YUKATEL MERKEZEFENDI BELEDIYESI BASKET rebound offensive,,,,,,,,,0,195,2.0,,0,69,0,63
03:47,03:47:00,69,63,6,1,4,REGULAR,89,C. MANNING JR,1,foul,619,,[],personal,0,21,Charles Maurice,Manning Jr,Charles Maurice,Manning Jr,C,M,C,M,C. Manning Jr,KARSIYAKA,KSK,C. Manning Jr,21,,,,,,FOUL,,KARSIYAKA C. MANNING JR foul personal,,,,,,,,,0,195,2.0,,0,69,0,63
03:47,03:47:00,69,63,6,2,4,REGULAR,5,M. AGVA,1,foulon,620,619,[],,0,46,Mahir,Agva,Mahir,Agva,M,A,M,A,M. Agva,YUKATEL MERKEZEFENDI BELEDIYESI BASKET,YMB,M. Agva,46,,,,,,OTHER,,YUKATEL MERKEZEFENDI BELEDIYESI BASKET foulon,,,,,,,,,0,195,2.0,,0,69,0,63
03:32,03:32:00,69,63,6,2,4,REGULAR,12,M. CAZALON,0,3pt,622,,['2ndchance'],jumpshot,1,21,Malcolm Jean Ahmed,Cazalon,Malcolm Jean Ahmed,Cazalon,M,C,M,C,M. Cazalon,YUKATEL MERKEZEFENDI BELEDIYESI BASKET,YMB,M. Cazalon,21,,,76.01000213623,91.639999389648,0.0,P3,missed,YUKATEL MERKEZEFENDI BELEDIYESI BASKET M. CAZALON 3Pt missed,,,,,,,,,0,195,2.0,def_reb,0,69,0,63
03:30,03:30:00,69,63,6,1,4,REGULAR,0,,1,rebound,624,622,['team'],defensive,0,,,,,,,,,,,KARSIYAKA,KSK,,,,,,,,TREB,,KARSIYAKA team rebound defensive,,,,,,,,,0,196,1.0,def_reb,0,69,0,63
03:17,03:17:00,69,63,6,2,4,REGULAR,5,M. AGVA,1,foul,627,,"['shooting', '2freethrow']",personal,0,46,Mahir,Agva,Mahir,Agva,M,A,M,A,M. Agva,YUKATEL MERKEZEFENDI BELEDIYESI BASKET,YMB,M. Agva,46,,,,,,FOUL,,YUKATEL MERKEZEFENDI BELEDIYESI BASKET M. AGVA foul personal,,,,,,,,,0,197,2.0,,0,69,0,63
03:17,03:17:00,69,63,6,1,4,REGULAR,89,C. MANNING JR,1,foulon,628,627,[],,0,21,Charles Maurice,Manning Jr,Charles Maurice,Manning Jr,C,M,C,M,C. Manning Jr,KARSIYAKA,KSK,C. Manning Jr,21,,,,,,OTHER,,KARSIYAKA foulon,,,,,,,,,0,197,2.0,,0,69,0,63
03:17,03:17:00,69,63,6,1,4,REGULAR,93,C. YOUNG,1,substitution,629,,[],out,0,1,Cameron Jordan,Young,Cameron Jordan,Young,C,Y,C,Y,C. Young,KARSIYAKA,KSK,C. Young,1,,,,,,SUB,out,KARSIYAKA substitution out,,,,,,,,,0,197,2.0,,0,69,0,63
03:17,03:17:00,69,63,6,1,4,REGULAR,87,J. ALSTON,1,substitution,630,,[],in,0,32,Justin Alexander,Alston,Justin Alexander,Alston,J,A,J,A,J. Alston,KARSIYAKA,KSK,J. Alston,32,,,,,,SUB,in,KARSIYAKA substitution in,,,,,,,,,0,197,2.0,,0,69,0,63
03:17,03:17:00,70,63,7,1,4,REGULAR,89,C. MANNING JR,1,freethrow,631,,[],1of2,1,21,Charles Maurice,Manning Jr,Charles Maurice,Manning Jr,C,M,C,M,C. Manning Jr,KARSIYAKA,KSK,C. Manning Jr,21,,,,,,FT,made,KARSIYAKA C. MANNING JR FT 1of2 made,,,,,,,,,1,197,2.0,made_ft,1,70,0,63
03:17,03:17:00,71,63,8,1,4,REGULAR,89,C. MANNING JR,1,freethrow,632,,[],2of2,1,21,Charles Maurice,Manning Jr,Charles Maurice,Manning Jr,C,M,C,M,C. Manning Jr,KARSIYAKA,KSK,C. Manning Jr,21,,,,,,FT,made,KARSIYAKA C. MANNING JR FT 2of2 made,,,,,,,,,1,198,1.0,made_ft_last,1,71,0,63
02:57,02:57:00,71,63,8,2,4,REGULAR,7,Ö. ILYASOGLU,1,turnover,634,,[],badpass,0,13,Ömer Can,Ilyasoglu,Ömer Can,Ilyasoglu,Ö,I,Ö,I,Ö. Ilyasoglu,YUKATEL MERKEZEFENDI BELEDIYESI BASKET,YMB,Ö. Ilyasoglu,13,,,,,,TO,,YUKATEL MERKEZEFENDI BELEDIYESI BASKET Ö. ILYASOGLU turnover badpass,,,,,,,,,0,199,2.0,turnover,0,71,0,63
02:57,02:57:00,71,63,8,1,4,REGULAR,87,J. ALSTON,1,steal,635,634,[],,0,32,Justin Alexander,Alston,Justin Alexander,Alston,J,A,J,A,J. Alston,KARSIYAKA,KSK,J. Alston,32,,,,,,ST,,KARSIYAKA J. ALSTON steal,,,,,,,,,0,200,1.0,,0,71,0,63
02:44,02:44:00,71,63,8,1,4,REGULAR,89,C. MANNING JR,0,3pt,636,,['fromturnover'],jumpshot,1,21,Charles Maurice,Manning Jr,Charles Maurice,Manning Jr,C,M,C,M,C. Manning Jr,KARSIYAKA,KSK,C. Manning Jr,21,,,18.280000686646,7.7399997711182,0.0,P3,missed,KARSIYAKA C. MANNING JR 3Pt missed,,,,,,,,,0,200,1.0,def_reb,0,71,0,63
02:40,02:40:00,71,63,8,2,4,REGULAR,0,,1,rebound,638,636,['team'],defensive,0,,,,,,,,,,,YUKATEL MERKEZEFENDI BELEDIYESI BASKET,YMB,,,,,,,,TREB,,YUKATEL MERKEZEFENDI BELEDIYESI BASKET team rebound defensive,,,,,,,,,0,201,2.0,def_reb,0,71,0,63
02:40,02:40:00,71,63,8,2,4,REGULAR,7,Ö. ILYASOGLU,1,substitution,639,,[],out,0,13,Ömer Can,Ilyasoglu,Ömer Can,Ilyasoglu,Ö,I,Ö,I,Ö. Ilyasoglu,YUKATEL MERKEZEFENDI BELEDIYESI BASKET,YMB,Ö. Ilyasoglu,13,,,,,,SUB,out,YUKATEL MERKEZEFENDI BELEDIYESI BASKET substitution out,,,,,,,,,0,202,1.0,,0,71,0,63
02:40,02:40:00,71,63,8,2,4,REGULAR,21,K. SMITH JR,1,substitution,640,,[],in,0,4,Kenneth Jerome,Smith Jr,Kenneth Jerome,Smith Jr,K,S,K,S,K. Smith Jr,YUKATEL MERKEZEFENDI BELEDIYESI BASKET,YMB,K. Smith Jr,4,,,,,,SUB,in,YUKATEL MERKEZEFENDI BELEDIYESI BASKET substitution in,,,,,,,,,0,202,1.0,,0,71,0,63
02:28,02:28:00,71,63,8,2,4,REGULAR,3,E. TANISAN,1,turnover,645,,[],badpass,0,0,Emre,Tanisan,Emre,Tanisan,E,T,E,T,E. Tanisan,YUKATEL MERKEZEFENDI BELEDIYESI BASKET,YMB,E. Tanisan,0,,,,,,TO,,YUKATEL MERKEZEFENDI BELEDIYESI BASKET E. TANISAN turnover badpass,,,,,,,,,0,202,1.0,turnover,0,71,0,63
02:28,02:28:00,71,63,8,2,4,REGULAR,3,E. TANISAN,1,substitution,646,,[],out,0,0,Emre,Tanisan,Emre,Tanisan,E,T,E,T,E. Tanisan,YUKATEL MERKEZEFENDI BELEDIYESI BASKET,YMB,E. Tanisan,0,,,,,,SUB,out,YUKATEL MERKEZEFENDI BELEDIYESI BASKET substitution out,,,,,,,,,0,203,2.0,,0,71,0,63
02:28,02:28:00,71,63,8,2,4,REGULAR,13,J. HAWKINS,1,substitution,647,,[],in,0,31,Javontae Aaron,Hawkins,Javontae Aaron,Hawkins,J,H,J,H,J. Hawkins,YUKATEL MERKEZEFENDI BELEDIYESI BASKET,YMB,J. Hawkins,31,,,,,,SUB,in,YUKATEL MERKEZEFENDI BELEDIYESI BASKET substitution in,,,,,,,,,0,203,2.0,,0,71,0,63
02:06,02:06:00,71,63,8,1,4,REGULAR,88,M. MOORE,0,2pt,649,,['fromturnover'],jumpshot,1,2,Michael Jarade,Moore,Michael Jarade,Moore,M,M,M,M,M. Moore,KARSIYAKA,KSK,M. Moore,2,,,26.239999771118,34.009998321533,0.0,P2,missed,KARSIYAKA M. MOORE 2Pt missed,,,,,,,,,0,203,2.0,def_reb,0,71,0,63
02:03,02:03:00,71,63,8,2,4,REGULAR,5,M. AGVA,1,rebound,650,649,[],defensive,0,46,Mahir,Agva,Mahir,Agva,M,A,M,A,M. Agva,YUKATEL MERKEZEFENDI BELEDIYESI BASKET,YMB,M. Agva,46,,,,,,REB,,YUKATEL MERKEZEFENDI BELEDIYESI BASKET rebound defensive,,,,,,,,,0,204,1.0,def_reb,0,71,0,63
02:01,02:01:00,71,63,8,2,4,REGULAR,21,K. SMITH JR,1,turnover,652,,[],badpass,0,4,Kenneth Jerome,Smith Jr,Kenneth Jerome,Smith Jr,K,S,K,S,K. Smith Jr,YUKATEL MERKEZEFENDI BELEDIYESI BASKET,YMB,K. Smith Jr,4,,,,,,TO,,YUKATEL MERKEZEFENDI BELEDIYESI BASKET K. SMITH JR turnover badpass,,,,,,,,,0,205,2.0,turnover,0,71,0,63
01:49,01:49:00,74,63,11,1,4,REGULAR,86,C. CHIOZZA,1,3pt,655,,['fromturnover'],jumpshot,1,11,Christopher Xavier,Chiozza,Christopher Xavier,Chiozza,C,C,C,C,C. Chiozza,KARSIYAKA,KSK,C. Chiozza,11,,,31.389999389648,47.569999694824,1.0,P3,made,KARSIYAKA C. CHIOZZA 3Pt made,,,,,,,,,3,206,1.0,score,3,74,0,63
01:49,01:49:00,74,63,11,2,4,REGULAR,0,,1,timeout,656,,[],full,0,,,,,,,,,,,YUKATEL MERKEZEFENDI BELEDIYESI BASKET,YMB,,,,,,,,TIMEOUT,,YUKATEL MERKEZEFENDI BELEDIYESI BASKET timeout,,,,,,,,,0,207,2.0,,0,74,0,63
01:49,01:49:00,74,63,11,1,4,REGULAR,78,S. GEYIK,1,substitution,657,,[],out,0,4,Samet,Geyik,Samet,Geyik,S,G,S,G,S. Geyik,KARSIYAKA,KSK,S. Geyik,4,,,,,,SUB,out,KARSIYAKA substitution out,,,,,,,,,0,207,2.0,,0,74,0,63
01:49,01:49:00,74,63,11,1,4,REGULAR,79,M. CELEP,1,substitution,658,,[],in,0,35,Mert,Celep,Mert,Celep,M,C,M,C,M. Celep,KARSIYAKA,KSK,M. Celep,35,,,,,,SUB,in,KARSIYAKA substitution in,,,,,,,,,0,207,2.0,,0,74,0,63
01:43,01:43:00,74,63,11,1,4,REGULAR,79,M. CELEP,1,foul,661,,[],personal,0,35,Mert,Celep,Mert,Celep,M,C,M,C,M. Celep,KARSIYAKA,KSK,M. Celep,35,,,,,,FOUL,,KARSIYAKA M. CELEP foul personal,,,,,,,,,0,207,2.0,,0,74,0,63
01:43,01:43:00,74,63,11,2,4,REGULAR,9,R. BADZIM,1,foulon,662,661,[],,0,18,Roko,Badzim,Roko,Badzim,R,B,R,B,R. Badzim,YUKATEL MERKEZEFENDI BELEDIYESI BASKET,YMB,R. Badzim,18,,,,,,OTHER,,YUKATEL MERKEZEFENDI BELEDIYESI BASKET foulon,,,,,,,,,0,207,2.0,,0,74,0,63
01:31,01:31:00,74,65,9,2,4,REGULAR,5,M. AGVA,1,2pt,665,,['pointsinthepaint'],reverselayup,1,46,Mahir,Agva,Mahir,Agva,M,A,M,A,M. Agva,YUKATEL MERKEZEFENDI BELEDIYESI BASKET,YMB,M. Agva,46,,,95.040000915527,61.979999542236,1.0,P2,made,YUKATEL MERKEZEFENDI BELEDIYESI BASKET M. AGVA 2Pt made,,,,,,,,,2,207,2.0,score,0,74,2,65
01:31,01:31:00,74,65,9,1,4,REGULAR,88,M. MOORE,1,foul,666,,"['shooting', '1freethrow']",personal,0,2,Michael Jarade,Moore,Michael Jarade,Moore,M,M,M,M,M. Moore,KARSIYAKA,KSK,M. Moore,2,,,,,,FOUL,,KARSIYAKA M. MOORE foul personal,,,,,,,,,0,208,1.0,,0,74,0,65
01:31,01:31:00,74,65,9,2,4,REGULAR,5,M. AGVA,1,foulon,667,666,[],,0,46,Mahir,Agva,Mahir,Agva,M,A,M,A,M. Agva,YUKATEL MERKEZEFENDI BELEDIYESI BASKET,YMB,M. Agva,46,,,,,,OTHER,,YUKATEL MERKEZEFENDI BELEDIYESI BASKET foulon,,,,,,,,,0,208,1.0,,0,74,0,65
01:31,01:31:00,74,66,8,2,4,REGULAR,5,M. AGVA,1,freethrow,668,,[],1of1,1,46,Mahir,Agva,Mahir,Agva,M,A,M,A,M. Agva,YUKATEL MERKEZEFENDI BELEDIYESI BASKET,YMB,M. Agva,46,,,,,,FT,made,YUKATEL MERKEZEFENDI BELEDIYESI BASKET M. AGVA FT 1of1 made,,,,,,,,,1,208,1.0,made_ft_last,0,74,1,66
01:31,01:31:00,74,66,8,1,4,REGULAR,79,M. CELEP,1,substitution,669,,[],out,0,35,Mert,Celep,Mert,Celep,M,C,M,C,M. Celep,KARSIYAKA,KSK,M. Celep,35,,,,,,SUB,out,KARSIYAKA substitution out,,,,,,,,,0,209,2.0,,0,74,0,66
01:31,01:31:00,74,66,8,1,4,REGULAR,78,S. GEYIK,1,substitution,670,,[],in,0,4,Samet,Geyik,Samet,Geyik,S,G,S,G,S. Geyik,KARSIYAKA,KSK,S. Geyik,4,,,,,,SUB,in,KARSIYAKA substitution in,,,,,,,,,0,209,2.0,,0,74,0,66
01:20,01:20:00,74,66,8,1,4,REGULAR,86,C. CHIOZZA,1,turnover,674,,[],badpass,0,11,Christopher Xavier,Chiozza,Christopher Xavier,Chiozza,C,C,C,C,C. Chiozza,KARSIYAKA,KSK,C. Chiozza,11,,,,,,TO,,KARSIYAKA C. CHIOZZA turnover badpass,,,,,,,,,0,209,2.0,turnover,0,74,0,66
01:20,01:20:00,74,66,8,2,4,REGULAR,12,M. CAZALON,1,steal,675,674,[],,0,21,Malcolm Jean Ahmed,Cazalon,Malcolm Jean Ahmed,Cazalon,M,C,M,C,M. Cazalon,YUKATEL MERKEZEFENDI BELEDIYESI BASKET,YMB,M. Cazalon,21,,,,,,ST,,YUKATEL MERKEZEFENDI BELEDIYESI BASKET M. CAZALON steal,,,,,,,,,0,210,1.0,,0,74,0,66
01:20,01:20:00,74,66,8,1,4,REGULAR,88,M. MOORE,1,foul,676,,['2freethrow'],personal,0,2,Michael Jarade,Moore,Michael Jarade,Moore,M,M,M,M,M. Moore,KARSIYAKA,KSK,M. Moore,2,,,,,,FOUL,,KARSIYAKA M. MOORE foul personal,,,,,,,,,0,210,1.0,,0,74,0,66
01:20,01:20:00,74,66,8,2,4,REGULAR,12,M. CAZALON,1,foulon,677,676,[],,0,21,Malcolm Jean Ahmed,Cazalon,Malcolm Jean Ahmed,Cazalon,M,C,M,C,M. Cazalon,YUKATEL MERKEZEFENDI BELEDIYESI BASKET,YMB,M. Cazalon,21,,,,,,OTHER,,YUKATEL MERKEZEFENDI BELEDIYESI BASKET foulon,,,,,,,,,0,210,1.0,,0,74,0,66
01:20,01:20:00,74,66,8,2,4,REGULAR,12,M. CAZALON,0,freethrow,678,,['fromturnover'],1of2,1,21,Malcolm Jean Ahmed,Cazalon,Malcolm Jean Ahmed,Cazalon,M,C,M,C,M. Cazalon,YUKATEL MERKEZEFENDI BELEDIYESI BASKET,YMB,M. Cazalon,21,,,,,,FT,missed,YUKATEL MERKEZEFENDI BELEDIYESI BASKET M. CAZALON FT 1of2 missed,,,,,,,,,0,210,1.0,def_reb,0,74,0,66
01:20,01:20:00,74,66,8,2,4,REGULAR,0,,1,rebound,679,678,[],offensivedeadball,0,,,,,,,,,,,YUKATEL MERKEZEFENDI BELEDIYESI BASKET,YMB,,,,,,,,TREB,,YUKATEL MERKEZEFENDI BELEDIYESI BASKET team rebound offensivedeadball,,,,,,,,,0,211,2.0,def_reb,0,74,0,66
01:20,01:20:00,74,66,8,2,4,REGULAR,12,M. CAZALON,0,freethrow,680,,['fromturnover'],2of2,1,21,Malcolm Jean Ahmed,Cazalon,Malcolm Jean Ahmed,Cazalon,M,C,M,C,M. Cazalon,YUKATEL MERKEZEFENDI BELEDIYESI BASKET,YMB,M. Cazalon,21,,,,,,FT,missed,YUKATEL MERKEZEFENDI BELEDIYESI BASKET M. CAZALON FT 2of2 missed,,,,,,,,,0,212,1.0,def_reb,0,74,0,66
01:20,01:20:00,74,66,8,1,4,REGULAR,88,M. MOORE,1,rebound,682,680,[],defensive,0,2,Michael Jarade,Moore,Michael Jarade,Moore,M,M,M,M,M. Moore,KARSIYAKA,KSK,M. Moore,2,,,,,,REB,,KARSIYAKA rebound defensive,,,,,,,,,0,213,2.0,def_reb,0,74,0,66
01:18,01:18:00,74,66,8,2,4,REGULAR,12,M. CAZALON,1,foul,684,,['2freethrow'],personal,0,21,Malcolm Jean Ahmed,Cazalon,Malcolm Jean Ahmed,Cazalon,M,C,M,C,M. Cazalon,YUKATEL MERKEZEFENDI BELEDIYESI BASKET,YMB,M. Cazalon,21,,,,,,FOUL,,YUKATEL MERKEZEFENDI BELEDIYESI BASKET M. CAZALON foul personal,,,,,,,,,0,214,1.0,,0,74,0,66
01:18,01:18:00,74,66,8,1,4,REGULAR,88,M. MOORE,1,foulon,685,684,[],,0,2,Michael Jarade,Moore,Michael Jarade,Moore,M,M,M,M,M. Moore,KARSIYAKA,KSK,M. Moore,2,,,,,,OTHER,,KARSIYAKA foulon,,,,,,,,,0,214,1.0,,0,74,0,66
01:18,01:18:00,75,66,9,1,4,REGULAR,88,M. MOORE,1,freethrow,686,,[],1of2,1,2,Michael Jarade,Moore,Michael Jarade,Moore,M,M,M,M,M. Moore,KARSIYAKA,KSK,M. Moore,2,,,,,,FT,made,KARSIYAKA M. MOORE FT 1of2 made,,,,,,,,,1,214,1.0,made_ft,1,75,0,66
01:18,01:18:00,76,66,10,1,4,REGULAR,88,M. MOORE,1,freethrow,687,,[],2of2,1,2,Michael Jarade,Moore,Michael Jarade,Moore,M,M,M,M,M. Moore,KARSIYAKA,KSK,M. Moore,2,,,,,,FT,made,KARSIYAKA M. MOORE FT 2of2 made,,,,,,,,,1,215,2.0,made_ft_last,1,76,0,66
01:18,01:18:00,76,66,10,2,4,REGULAR,0,,1,timeout,688,,[],full,0,,,,,,,,,,,YUKATEL MERKEZEFENDI BELEDIYESI BASKET,YMB,,,,,,,,TIMEOUT,,YUKATEL MERKEZEFENDI BELEDIYESI BASKET timeout,,,,,,,,,0,216,1.0,,0,76,0,66
01:18,01:18:00,76,66,10,1,4,REGULAR,78,S. GEYIK,1,substitution,689,,[],out,0,4,Samet,Geyik,Samet,Geyik,S,G,S,G,S. Geyik,KARSIYAKA,KSK,S. Geyik,4,,,,,,SUB,out,KARSIYAKA substitution out,,,,,,,,,0,216,1.0,,0,76,0,66
01:18,01:18:00,76,66,10,1,4,REGULAR,79,M. CELEP,1,substitution,690,,[],in,0,35,Mert,Celep,Mert,Celep,M,C,M,C,M. Celep,KARSIYAKA,KSK,M. Celep,35,,,,,,SUB,in,KARSIYAKA substitution in,,,,,,,,,0,216,1.0,,0,76,0,66
01:09,01:09:00,76,66,10,2,4,REGULAR,21,K. SMITH JR,0,3pt,692,,[],jumpshot,1,4,Kenneth Jerome,Smith Jr,Kenneth Jerome,Smith Jr,K,S,K,S,K. Smith Jr,YUKATEL MERKEZEFENDI BELEDIYESI BASKET,YMB,K. Smith Jr,4,,,74.76000213623,82.029998779297,0.0,P3,missed,YUKATEL MERKEZEFENDI BELEDIYESI BASKET K. SMITH JR 3Pt missed,,,,,,,,,0,216,1.0,def_reb,0,76,0,66
01:07,01:07:00,76,66,10,1,4,REGULAR,79,M. CELEP,1,rebound,693,692,[],defensive,0,35,Mert,Celep,Mert,Celep,M,C,M,C,M. Celep,KARSIYAKA,KSK,M. Celep,35,,,,,,REB,,KARSIYAKA rebound defensive,,,,,,,,,0,217,2.0,def_reb,0,76,0,66
00:46,00:46:90,76,66,10,1,4,REGULAR,89,C. MANNING JR,0,3pt,694,,[],jumpshot,1,21,Charles Maurice,Manning Jr,Charles Maurice,Manning Jr,C,M,C,M,C. Manning Jr,KARSIYAKA,KSK,C. Manning Jr,21,,,32.009998321533,41.919998168945,0.0,P3,missed,KARSIYAKA C. MANNING JR 3Pt missed,,,,,,,,,0,218,1.0,def_reb,0,76,0,66
00:44,00:44:50,76,66,10,2,4,REGULAR,12,M. CAZALON,1,rebound,695,694,[],defensive,0,21,Malcolm Jean Ahmed,Cazalon,Malcolm Jean Ahmed,Cazalon,M,C,M,C,M. Cazalon,YUKATEL MERKEZEFENDI BELEDIYESI BASKET,YMB,M. Cazalon,21,,,,,,REB,,YUKATEL MERKEZEFENDI BELEDIYESI BASKET rebound defensive,,,,,,,,,0,219,2.0,def_reb,0,76,0,66
00:39,00:39:90,76,66,10,2,4,REGULAR,12,M. CAZALON,0,2pt,696,,['pointsinthepaint'],drivinglayup,1,21,Malcolm Jean Ahmed,Cazalon,Malcolm Jean Ahmed,Cazalon,M,C,M,C,M. Cazalon,YUKATEL MERKEZEFENDI BELEDIYESI BASKET,YMB,M. Cazalon,21,,,90.669998168945,63.389999389648,0.0,P2,missed,YUKATEL MERKEZEFENDI BELEDIYESI BASKET M. CAZALON 2Pt missed,,,,,,,,,0,220,1.0,def_reb,0,76,0,66
00:37,00:37:50,76,66,10,1,4,REGULAR,87,J. ALSTON,1,rebound,697,696,[],defensive,0,32,Justin Alexander,Alston,Justin Alexander,Alston,J,A,J,A,J. Alston,KARSIYAKA,KSK,J. Alston,32,,,,,,REB,,KARSIYAKA rebound defensive,,,,,,,,,0,221,2.0,def_reb,0,76,0,66
00:15,00:15:90,76,66,10,1,4,REGULAR,88,M. MOORE,0,3pt,700,,[],jumpshot,1,2,Michael Jarade,Moore,Michael Jarade,Moore,M,M,M,M,M. Moore,KARSIYAKA,KSK,M. Moore,2,,,32.479999542236,58.020000457764,0.0,P3,missed,KARSIYAKA M. MOORE 3Pt missed,,,,,,,,,0,222,1.0,def_reb,0,76,0,66
00:13,00:13:70,76,66,10,2,4,REGULAR,12,M. CAZALON,1,rebound,701,700,[],defensive,0,21,Malcolm Jean Ahmed,Cazalon,Malcolm Jean Ahmed,Cazalon,M,C,M,C,M. Cazalon,YUKATEL MERKEZEFENDI BELEDIYESI BASKET,YMB,M. Cazalon,21,,,,,,REB,,YUKATEL MERKEZEFENDI BELEDIYESI BASKET rebound defensive,,,,,,,,,0,223,2.0,def_reb,0,76,0,66
00:07,00:07:80,76,68,8,2,4,REGULAR,5,M. AGVA,1,2pt,703,,['pointsinthepaint'],layup,1,46,Mahir,Agva,Mahir,Agva,M,A,M,A,M. Agva,YUKATEL MERKEZEFENDI BELEDIYESI BASKET,YMB,M. Agva,46,,,91.139999389648,55.759998321533,1.0,P2,made,YUKATEL MERKEZEFENDI BELEDIYESI BASKET M. AGVA 2Pt made,,,,,,,,,2,224,1.0,score,0,76,2,68
00:07,00:07:80,76,68,8,1,4,REGULAR,87,J. ALSTON,1,foul,704,,"['shooting', '1freethrow']",personal,0,32,Justin Alexander,Alston,Justin Alexander,Alston,J,A,J,A,J. Alston,KARSIYAKA,KSK,J. Alston,32,,,,,,FOUL,,KARSIYAKA J. ALSTON foul personal,,,,,,,,,0,225,2.0,,0,76,0,68
00:07,00:07:80,76,68,8,2,4,REGULAR,5,M. AGVA,1,foulon,705,704,[],,0,46,Mahir,Agva,Mahir,Agva,M,A,M,A,M. Agva,YUKATEL MERKEZEFENDI BELEDIYESI BASKET,YMB,M. Agva,46,,,,,,OTHER,,YUKATEL MERKEZEFENDI BELEDIYESI BASKET foulon,,,,,,,,,0,225,2.0,,0,76,0,68
00:07,00:07:80,76,68,8,2,4,REGULAR,13,J. HAWKINS,1,substitution,706,,[],out,0,31,Javontae Aaron,Hawkins,Javontae Aaron,Hawkins,J,H,J,H,J. Hawkins,YUKATEL MERKEZEFENDI BELEDIYESI BASKET,YMB,J. Hawkins,31,,,,,,SUB,out,YUKATEL MERKEZEFENDI BELEDIYESI BASKET substitution out,,,,,,,,,0,225,2.0,,0,76,0,68
00:07,00:07:80,76,68,8,2,4,REGULAR,4,E. PALTACI,1,substitution,707,,[],in,0,77,Erbey Kemal,Paltaci,Erbey Kemal,Paltaci,E,P,E,P,E. Paltaci,YUKATEL MERKEZEFENDI BELEDIYESI BASKET,YMB,E. Paltaci,77,,,,,,SUB,in,YUKATEL MERKEZEFENDI BELEDIYESI BASKET substitution in,,,,,,,,,0,225,2.0,,0,76,0,68
00:07,00:07:80,76,68,8,2,4,REGULAR,12,M. CAZALON,1,substitution,708,,[],out,0,21,Malcolm Jean Ahmed,Cazalon,Malcolm Jean Ahmed,Cazalon,M,C,M,C,M. Cazalon,YUKATEL MERKEZEFENDI BELEDIYESI BASKET,YMB,M. Cazalon,21,,,,,,SUB,out,YUKATEL MERKEZEFENDI BELEDIYESI BASKET substitution out,,,,,,,,,0,225,2.0,,0,76,0,68
00:07,00:07:80,76,68,8,2,4,REGULAR,7,Ö. ILYASOGLU,1,substitution,709,,[],in,0,13,Ömer Can,Ilyasoglu,Ömer Can,Ilyasoglu,Ö,I,Ö,I,Ö. Ilyasoglu,YUKATEL MERKEZEFENDI BELEDIYESI BASKET,YMB,Ö. Ilyasoglu,13,,,,,,SUB,in,YUKATEL MERKEZEFENDI BELEDIYESI BASKET substitution in,,,,,,,,,0,225,2.0,,0,76,0,68
00:07,00:07:80,76,69,7,2,4,REGULAR,5,M. AGVA,1,freethrow,710,,[],1of1,1,46,Mahir,Agva,Mahir,Agva,M,A,M,A,M. Agva,YUKATEL MERKEZEFENDI BELEDIYESI BASKET,YMB,M. Agva,46,,,,,,FT,made,YUKATEL MERKEZEFENDI BELEDIYESI BASKET M. AGVA FT 1of1 made,,,,,,,,,1,225,2.0,made_ft_last,0,76,1,69
00:07,00:07:80,76,69,7,1,4,REGULAR,0,,1,timeout,711,,[],full,0,,,,,,,,,,,KARSIYAKA,KSK,,,,,,,,TIMEOUT,,KARSIYAKA timeout,,,,,,,,,0,226,1.0,,0,76,0,69
00:07,00:07:80,76,69,7,1,4,REGULAR,87,J. ALSTON,1,substitution,712,,[],out,0,32,Justin Alexander,Alston,Justin Alexander,Alston,J,A,J,A,J. Alston,KARSIYAKA,KSK,J. Alston,32,,,,,,SUB,out,KARSIYAKA substitution out,,,,,,,,,0,226,1.0,,0,76,0,69
00:07,00:07:80,76,69,7,1,4,REGULAR,79,M. CELEP,1,substitution,713,,[],out,0,35,Mert,Celep,Mert,Celep,M,C,M,C,M. Celep,KARSIYAKA,KSK,M. Celep,35,,,,,,SUB,out,KARSIYAKA substitution out,,,,,,,,,0,226,1.0,,0,76,0,69
00:07,00:07:80,76,69,7,1,4,REGULAR,93,C. YOUNG,1,substitution,714,,[],in,0,1,Cameron Jordan,Young,Cameron Jordan,Young,C,Y,C,Y,C. Young,KARSIYAKA,KSK,C. Young,1,,,,,,SUB,in,KARSIYAKA substitution in,,,,,,,,,0,226,1.0,,0,76,0,69
00:07,00:07:80,76,69,7,1,4,REGULAR,78,S. GEYIK,1,substitution,715,,[],in,0,4,Samet,Geyik,Samet,Geyik,S,G,S,G,S. Geyik,KARSIYAKA,KSK,S. Geyik,4,,,,,,SUB,in,KARSIYAKA substitution in,,,,,,,,,0,226,1.0,,0,76,0,69
00:01,00:01:50,76,69,7,1,4,REGULAR,86,C. CHIOZZA,0,3pt,718,,[],jumpshot,1,11,Christopher Xavier,Chiozza,Christopher Xavier,Chiozza,C,C,C,C,C. Chiozza,KARSIYAKA,KSK,C. Chiozza,11,,,28.889999389648,18.190000534058,0.0,P3,missed,KARSIYAKA C. CHIOZZA 3Pt missed,,,,,,,,,0,226,1.0,def_reb,0,76,0,69
00:01,00:01:50,76,69,7,2,4,REGULAR,9,R. BADZIM,1,rebound,719,718,[],defensive,0,18,Roko,Badzim,Roko,Badzim,R,B,R,B,R. Badzim,YUKATEL MERKEZEFENDI BELEDIYESI BASKET,YMB,R. Badzim,18,,,,,,REB,,YUKATEL MERKEZEFENDI BELEDIYESI BASKET rebound defensive,,,,,,,,,0,227,2.0,def_reb,0,76,0,69
00:00,00:00:00,76,69,7,0,4,REGULAR,0,,1,period,722,,['confirmed'],end,0,,,,,,,,,,,,,,,,,,,,OTHER,,period end,,,,,,,,,0,228,1.0,,0,76,0,69
00:00,00:00:00,76,69,7,0,4,REGULAR,0,,1,game,723,,['confirmed'],end,0,,,,,,,,,,,,,,,,,,,,OTHER,,game end,,,,,,,,,0,228,1.0,,0,76,0,69
