gt,clock,s1,s2,lead,tno,period,periodType,pno,player,success,actionType,actionNumber,previousAction,qualifier,subType,scoring,shirtNumber,firstName,familyName,internationalFirstName,internationalFamilyName,firstNameInitial,familyNameInitial,internationalFirstNameInitial,internationalFamilyNameInitial,scoreboardName,team_name,team_code,player_name_from_roster,player_shirt,player_pos_raw,player_pos_group,x,y,r,ev_code,ev_result,ev_text,assist_pno,assist_tno,assist_player,block_pno,block_tno,block_player,assist_pos_group,block_pos_group,points,possession_id,possession_owner_tno,possession_end_reason,pts_1,cum_1,pts_2,cum_2
10:00,10:00:00,0,0,0,0,1,REGULAR,0,,1,game,1,,[],start,0,,,,,,,,,,,,,,,,,,,,OTHER,,game start,,,,,,,,,0,0,,,0,0,0,0
10:00,10:00:00,0,0,0,0,1,REGULAR,0,,1,period,2,,[],start,0,,,,,,,,,,,,,,,,,,,,OTHER,,period start,,,,,,,,,0,0,,,0,0,0,0
10:00,10:00:00,0,0,0,0,1,REGULAR,0,,1,jumpball,4,,[],startperiod,0,,,,,,,,,,,,,,,,,,,,JUMP,,jump ball,,,,,,,,,0,0,,,0,0,0,0
09:58,09:58:00,0,0,0,1,1,REGULAR,78,K. BANKSTON,1,jumpball,5,4,[],won,0,30,Kristeon Lamar,Bankston,Kristeon Lamar,Bankston,K,B,K,B,K. Bankston,TÜRK TELEKOM,TTK,K. Bankston,30,,,,,,JUMP,,jump ball,,,,,,,,,0,0,,,0,0,0,0
09:58,09:58:00,0,0,0,2,1,REGULAR,80,T. WILLIAMS,1,jumpball,6,4,[],lost,0,50,Trevion Lamon,Williams,Trevion Lamon,Williams,T,W,T,W,T. Williams,BAHÇESEHIR KOLEJI,BSK,T. Williams,50,,,,,,JUMP,,jump ball,,,,,,,,,0,0,,,0,0,0,0
09:51,09:51:00,2,0,2,1,1,REGULAR,77,J. SMITH,1,2pt,9,,['pointsinthepaint'],layup,1,9,Jaleen Devon,Smith,Jaleen Devon,Smith,J,S,J,S,J. Smith,TÜRK TELEKOM,TTK,J. Smith,9,,,94.699996948242,43.220001220703,1.0,P2,made,TÜRK TELEKOM J. SMITH 2Pt made,78.0,1.0,K. BANKSTON,,,,,,2,1,1.0,score,2,2,0,0
09:51,09:51:00,2,0,2,1,1,REGULAR,78,K. BANKSTON,1,assist,10,9,[],,0,30,Kristeon Lamar,Bankston,Kristeon Lamar,Bankston,K,B,K,B,K. Bankston,TÜRK TELEKOM,TTK,K. Bankston,30,,,,,,ASS,,TÜRK TELEKOM K. BANKSTON assist,,,,,,,,,0,2,2.0,,0,2,0,0
09:37,09:37:00,2,0,2,2,1,REGULAR,76,C. HOMESLEY,0,3pt,12,,[],pullupjumpshot,1,5,Caleb Allen,Homesley,Caleb Allen,Homesley,C,H,C,H,C. Homesley,BAHÇESEHIR KOLEJI,BSK,C. Homesley,5,,,28.860000610352,30.510000228882,0.0,P3,missed,BAHÇESEHIR KOLEJI C. HOMESLEY 3Pt missed,,,,,,,,,0,2,2.0,def_reb,0,2,0,0
09:37,09:37:00,2,0,2,1,1,REGULAR,0,,1,rebound,13,12,['team'],defensive,0,,,,,,,,,,,TÜRK TELEKOM,TTK,,,,,,,,TREB,,TÜRK TELEKOM team rebound defensive,,,,,,,,,0,3,1.0,def_reb,0,2,0,0
09:21,09:21:00,2,0,2,1,1,REGULAR,7,B. DURMAZ,0,3pt,15,,[],jumpshot,1,3,Berkan,Durmaz,Berkan,Durmaz,B,D,B,D,B. Durmaz,TÜRK TELEKOM,TTK,B. Durmaz,3,,,74.569999694824,85.029998779297,0.0,P3,missed,TÜRK TELEKOM B. DURMAZ 3Pt missed,,,,,,,,,0,4,2.0,def_reb,0,2,0,0
09:19,09:19:00,2,0,2,2,1,REGULAR,80,T. WILLIAMS,1,rebound,16,15,[],defensive,0,50,Trevion Lamon,Williams,Trevion Lamon,Williams,T,W,T,W,T. Williams,BAHÇESEHIR KOLEJI,BSK,T. Williams,50,,,,,,REB,,BAHÇESEHIR KOLEJI rebound defensive,,,,,,,,,0,5,1.0,def_reb,0,2,0,0
09:07,09:07:00,2,0,2,2,1,REGULAR,80,T. WILLIAMS,0,2pt,17,,['pointsinthepaint'],jumpshot,1,50,Trevion Lamon,Williams,Trevion Lamon,Williams,T,W,T,W,T. Williams,BAHÇESEHIR KOLEJI,BSK,T. Williams,50,,,6.710000038147,37.009998321533,0.0,P2,missed,BAHÇESEHIR KOLEJI T. WILLIAMS 2Pt missed,,,,,,,,,0,6,2.0,,0,2,0,0
09:06,09:06:00,2,0,2,2,1,REGULAR,80,T. WILLIAMS,1,rebound,18,17,[],offensive,0,50,Trevion Lamon,Williams,Trevion Lamon,Williams,T,W,T,W,T. Williams,BAHÇESEHIR KOLEJI,BSK,T. Williams,50,,,,,,REB,,BAHÇESEHIR KOLEJI rebound offensive,,,,,,,,,0,6,2.0,,0,2,0,0
09:04,09:04:00,2,0,2,2,1,REGULAR,80,T. WILLIAMS,0,2pt,19,,"['2ndchance', 'pointsinthepaint']",jumpshot,1,50,Trevion Lamon,Williams,Trevion Lamon,Williams,T,W,T,W,T. Williams,BAHÇESEHIR KOLEJI,BSK,T. Williams,50,,,8.2700004577637,44.919998168945,0.0,P2,missed,BAHÇESEHIR KOLEJI T. WILLIAMS 2Pt missed,,,,,,,,,0,6,2.0,def_reb,0,2,0,0
09:03,09:03:00,2,0,2,1,1,REGULAR,78,K. BANKSTON,1,rebound,21,19,[],defensive,0,30,Kristeon Lamar,Bankston,Kristeon Lamar,Bankston,K,B,K,B,K. Bankston,TÜRK TELEKOM,TTK,K. Bankston,30,,,,,,REB,,TÜRK TELEKOM rebound defensive,,,,,,,,,0,7,1.0,def_reb,0,2,0,0
09:03,09:03:00,2,0,2,2,1,REGULAR,80,T. WILLIAMS,1,foul,22,,[],personal,0,50,Trevion Lamon,Williams,Trevion Lamon,Williams,T,W,T,W,T. Williams,BAHÇESEHIR KOLEJI,BSK,T. Williams,50,,,,,,FOUL,,BAHÇESEHIR KOLEJI T. WILLIAMS foul personal,,,,,,,,,0,8,2.0,,0,2,0,0
09:03,09:03:00,2,0,2,1,1,REGULAR,7,B. DURMAZ,1,foulon,23,22,[],,0,3,Berkan,Durmaz,Berkan,Durmaz,B,D,B,D,B. Durmaz,TÜRK TELEKOM,TTK,B. Durmaz,3,,,,,,OTHER,,TÜRK TELEKOM foulon,,,,,,,,,0,8,2.0,,0,2,0,0
08:43,08:43:00,2,0,2,1,1,REGULAR,5,D. ÖZDEMIROGLU,0,2pt,27,,['pointsinthepaint'],reverselayup,1,18,Dogus,Özdemiroglu,Dogus,Özdemiroglu,D,Ö,D,Ö,D. Özdemiroglu,TÜRK TELEKOM,TTK,D. Özdemiroglu,18,,,91.889999389648,64.120002746582,0.0,P2,missed,TÜRK TELEKOM D. ÖZDEMIROGLU 2Pt missed,,,,,,,,,0,8,2.0,,0,2,0,0
08:41,08:41:00,2,0,2,1,1,REGULAR,78,K. BANKSTON,1,rebound,28,27,[],offensive,0,30,Kristeon Lamar,Bankston,Kristeon Lamar,Bankston,K,B,K,B,K. Bankston,TÜRK TELEKOM,TTK,K. Bankston,30,,,,,,REB,,TÜRK TELEKOM rebound offensive,,,,,,,,,0,8,2.0,,0,2,0,0
08:39,08:39:00,2,0,2,1,1,REGULAR,74,J. USHER,1,foul,30,,[],offensive,0,8,Jordan Emanuel ,Usher,Jordan Emanuel ,Usher,J,U,J,U,J. Usher,TÜRK TELEKOM,TTK,J. Usher,8,,,,,,RFOUL,,TÜRK TELEKOM J. USHER foul offensive,,,,,,,,,0,8,2.0,offensive_foul,0,2,0,0
08:39,08:39:00,2,0,2,1,1,REGULAR,74,J. USHER,1,turnover,31,30,[],offensive,0,8,Jordan Emanuel ,Usher,Jordan Emanuel ,Usher,J,U,J,U,J. Usher,TÜRK TELEKOM,TTK,J. Usher,8,,,,,,TO,,TÜRK TELEKOM J. USHER turnover offensive,,,,,,,,,0,9,1.0,turnover,0,2,0,0
08:39,08:39:00,2,0,2,2,1,REGULAR,76,C. HOMESLEY,1,foulon,32,30,[],,0,5,Caleb Allen,Homesley,Caleb Allen,Homesley,C,H,C,H,C. Homesley,BAHÇESEHIR KOLEJI,BSK,C. Homesley,5,,,,,,OTHER,,BAHÇESEHIR KOLEJI foulon,,,,,,,,,0,10,2.0,,0,2,0,0
08:14,08:14:00,2,0,2,2,1,REGULAR,81,M. FLYNN,0,3pt,34,,['fromturnover'],jumpshot,1,22,Malachi Emmanuel,Flynn,Malachi Emmanuel,Flynn,M,F,M,F,M. Flynn,BAHÇESEHIR KOLEJI,BSK,M. Flynn,22,,,22.780000686646,85.029998779297,0.0,P3,missed,BAHÇESEHIR KOLEJI M. FLYNN 3Pt missed,,,,,,,,,0,10,2.0,def_reb,0,2,0,0
08:12,08:12:00,2,0,2,1,1,REGULAR,78,K. BANKSTON,1,rebound,35,34,[],defensive,0,30,Kristeon Lamar,Bankston,Kristeon Lamar,Bankston,K,B,K,B,K. Bankston,TÜRK TELEKOM,TTK,K. Bankston,30,,,,,,REB,,TÜRK TELEKOM rebound defensive,,,,,,,,,0,11,1.0,def_reb,0,2,0,0
08:07,08:07:00,4,0,4,1,1,REGULAR,74,J. USHER,1,2pt,36,,"['pointsinthepaint', 'fastbreak']",layup,1,8,Jordan Emanuel ,Usher,Jordan Emanuel ,Usher,J,U,J,U,J. Usher,TÜRK TELEKOM,TTK,J. Usher,8,,,92.360000610352,58.759998321533,1.0,P2,made,TÜRK TELEKOM J. USHER 2Pt made,77.0,1.0,J. SMITH,,,,,,2,12,2.0,score,2,4,0,0
08:07,08:07:00,4,0,4,1,1,REGULAR,77,J. SMITH,1,assist,37,36,[],,0,9,Jaleen Devon,Smith,Jaleen Devon,Smith,J,S,J,S,J. Smith,TÜRK TELEKOM,TTK,J. Smith,9,,,,,,ASS,,TÜRK TELEKOM J. SMITH assist,,,,,,,,,0,13,1.0,,0,4,0,0
07:46,07:46:00,4,0,4,2,1,REGULAR,74,M. PONITKA,0,2pt,38,,['pointsinthepaint'],floatingjumpshot,1,28,Mateusz Michal,Ponitka,Mateusz Michal,Ponitka,M,P,M,P,M. Ponitka,BAHÇESEHIR KOLEJI,BSK,M. Ponitka,28,,,5.1500000953674,62.990001678467,0.0,P2,missed,BAHÇESEHIR KOLEJI M. PONITKA 2Pt missed,,,,,,,,,0,13,1.0,def_reb,0,4,0,0
07:43,07:43:00,4,0,4,1,1,REGULAR,7,B. DURMAZ,1,rebound,39,38,[],defensive,0,3,Berkan,Durmaz,Berkan,Durmaz,B,D,B,D,B. Durmaz,TÜRK TELEKOM,TTK,B. Durmaz,3,,,,,,REB,,TÜRK TELEKOM rebound defensive,,,,,,,,,0,14,2.0,def_reb,0,4,0,0
07:40,07:40:00,6,0,6,1,1,REGULAR,78,K. BANKSTON,1,2pt,40,,"['pointsinthepaint', 'fastbreak']",dunk,1,30,Kristeon Lamar,Bankston,Kristeon Lamar,Bankston,K,B,K,B,K. Bankston,TÜRK TELEKOM,TTK,K. Bankston,30,,,94.849998474121,49.150001525879,1.0,P2,made,TÜRK TELEKOM K. BANKSTON 2Pt made,5.0,1.0,D. ÖZDEMIROGLU,,,,,,2,15,1.0,score,2,6,0,0
07:40,07:40:00,6,0,6,1,1,REGULAR,5,D. ÖZDEMIROGLU,1,assist,41,40,[],,0,18,Dogus,Özdemiroglu,Dogus,Özdemiroglu,D,Ö,D,Ö,D. Özdemiroglu,TÜRK TELEKOM,TTK,D. Özdemiroglu,18,,,,,,ASS,,TÜRK TELEKOM D. ÖZDEMIROGLU assist,,,,,,,,,0,16,2.0,,0,6,0,0
07:23,07:23:00,6,0,6,2,1,REGULAR,76,C. HOMESLEY,0,3pt,42,,[],jumpshot,1,5,Caleb Allen,Homesley,Caleb Allen,Homesley,C,H,C,H,C. Homesley,BAHÇESEHIR KOLEJI,BSK,C. Homesley,5,,,20.75,91.23999786377,0.0,P3,missed,BAHÇESEHIR KOLEJI C. HOMESLEY 3Pt missed,,,,,,,,,0,16,2.0,,0,6,0,0
07:20,07:20:00,6,0,6,2,1,REGULAR,74,M. PONITKA,1,rebound,43,42,[],offensive,0,28,Mateusz Michal,Ponitka,Mateusz Michal,Ponitka,M,P,M,P,M. Ponitka,BAHÇESEHIR KOLEJI,BSK,M. Ponitka,28,,,,,,REB,,BAHÇESEHIR KOLEJI rebound offensive,,,,,,,,,0,16,2.0,,0,6,0,0
07:17,07:17:00,6,0,6,2,1,REGULAR,3,G. BAS,0,3pt,44,,['2ndchance'],jumpshot,1,57,Göktug,Bas,Göktug,Bas,G,B,G,B,G. Bas,BAHÇESEHIR KOLEJI,BSK,G. Bas,57,,,3.9000000953674,2.8199999332428,0.0,P3,missed,BAHÇESEHIR KOLEJI G. BAS 3Pt missed,,,,,,,,,0,16,2.0,,0,6,0,0
07:15,07:15:00,6,0,6,2,1,REGULAR,74,M. PONITKA,1,rebound,45,44,[],offensive,0,28,Mateusz Michal,Ponitka,Mateusz Michal,Ponitka,M,P,M,P,M. Ponitka,BAHÇESEHIR KOLEJI,BSK,M. Ponitka,28,,,,,,REB,,BAHÇESEHIR KOLEJI rebound offensive,,,,,,,,,0,16,2.0,,0,6,0,0
07:15,07:15:00,6,0,6,1,1,REGULAR,7,B. DURMAZ,1,foul,47,,"['shooting', '2freethrow']",personal,0,3,Berkan,Durmaz,Berkan,Durmaz,B,D,B,D,B. Durmaz,TÜRK TELEKOM,TTK,B. Durmaz,3,,,,,,FOUL,,TÜRK TELEKOM B. DURMAZ foul personal,,,,,,,,,0,16,2.0,,0,6,0,0
07:15,07:15:00,6,0,6,2,1,REGULAR,74,M. PONITKA,1,foulon,48,47,[],,0,28,Mateusz Michal,Ponitka,Mateusz Michal,Ponitka,M,P,M,P,M. Ponitka,BAHÇESEHIR KOLEJI,BSK,M. Ponitka,28,,,,,,OTHER,,BAHÇESEHIR KOLEJI foulon,,,,,,,,,0,16,2.0,,0,6,0,0
07:15,07:15:00,6,0,6,2,1,REGULAR,74,M. PONITKA,0,freethrow,49,,['2ndchance'],1of2,1,28,Mateusz Michal,Ponitka,Mateusz Michal,Ponitka,M,P,M,P,M. Ponitka,BAHÇESEHIR KOLEJI,BSK,M. Ponitka,28,,,,,,FT,missed,BAHÇESEHIR KOLEJI M. PONITKA FT 1of2 missed,,,,,,,,,0,16,2.0,def_reb,0,6,0,0
07:15,07:15:00,6,0,6,2,1,REGULAR,0,,1,rebound,50,49,[],offensivedeadball,0,,,,,,,,,,,BAHÇESEHIR KOLEJI,BSK,,,,,,,,TREB,,BAHÇESEHIR KOLEJI team rebound offensivedeadball,,,,,,,,,0,17,1.0,def_reb,0,6,0,0
07:15,07:15:00,6,1,5,2,1,REGULAR,74,M. PONITKA,1,freethrow,51,,['2ndchance'],2of2,1,28,Mateusz Michal,Ponitka,Mateusz Michal,Ponitka,M,P,M,P,M. Ponitka,BAHÇESEHIR KOLEJI,BSK,M. Ponitka,28,,,,,,FT,made,BAHÇESEHIR KOLEJI M. PONITKA FT 2of2 made,,,,,,,,,1,18,2.0,made_ft_last,0,6,1,1
07:15,07:15:00,6,1,5,2,1,REGULAR,76,C. HOMESLEY,1,substitution,52,,[],out,0,5,Caleb Allen,Homesley,Caleb Allen,Homesley,C,H,C,H,C. Homesley,BAHÇESEHIR KOLEJI,BSK,C. Homesley,5,,,,,,SUB,out,BAHÇESEHIR KOLEJI substitution out,,,,,,,,,0,19,1.0,,0,6,0,1
07:15,07:15:00,6,1,5,2,1,REGULAR,3,G. BAS,1,substitution,53,,[],out,0,57,Göktug,Bas,Göktug,Bas,G,B,G,B,G. Bas,BAHÇESEHIR KOLEJI,BSK,G. Bas,57,,,,,,SUB,out,BAHÇESEHIR KOLEJI substitution out,,,,,,,,,0,19,1.0,,0,6,0,1
07:15,07:15:00,6,1,5,2,1,REGULAR,77,M. MITCHELL II,1,substitution,54,,[],in,0,11,Matthew Antonio,Mitchell Ii,Matthew Antonio,Mitchell Ii,M,M,M,M,M. Mitchell Ii,BAHÇESEHIR KOLEJI,BSK,M. Mitchell Ii,11,,,,,,SUB,in,BAHÇESEHIR KOLEJI substitution in,,,,,,,,,0,19,1.0,,0,6,0,1
07:15,07:15:00,6,1,5,2,1,REGULAR,62,K. SIPAHI,1,substitution,55,,[],in,0,55,Kenan,Sipahi,Kenan,Sipahi,K,S,K,S,K. Sipahi,BAHÇESEHIR KOLEJI,BSK,K. Sipahi,55,,,,,,SUB,in,BAHÇESEHIR KOLEJI substitution in,,,,,,,,,0,19,1.0,,0,6,0,1
06:55,06:55:00,6,1,5,2,1,REGULAR,62,K. SIPAHI,1,foul,58,,[],personal,0,55,Kenan,Sipahi,Kenan,Sipahi,K,S,K,S,K. Sipahi,BAHÇESEHIR KOLEJI,BSK,K. Sipahi,55,,,,,,FOUL,,BAHÇESEHIR KOLEJI K. SIPAHI foul personal,,,,,,,,,0,19,1.0,,0,6,0,1
06:55,06:55:00,6,1,5,1,1,REGULAR,7,B. DURMAZ,1,foulon,59,58,[],,0,3,Berkan,Durmaz,Berkan,Durmaz,B,D,B,D,B. Durmaz,TÜRK TELEKOM,TTK,B. Durmaz,3,,,,,,OTHER,,TÜRK TELEKOM foulon,,,,,,,,,0,19,1.0,,0,6,0,1
06:49,06:49:00,8,1,7,1,1,REGULAR,5,D. ÖZDEMIROGLU,1,2pt,64,,['pointsinthepaint'],layup,1,18,Dogus,Özdemiroglu,Dogus,Özdemiroglu,D,Ö,D,Ö,D. Özdemiroglu,TÜRK TELEKOM,TTK,D. Özdemiroglu,18,,,87.680000305176,47.180000305176,1.0,P2,made,TÜRK TELEKOM D. ÖZDEMIROGLU 2Pt made,77.0,1.0,J. SMITH,,,,,,2,19,1.0,score,2,8,0,1
06:49,06:49:00,8,1,7,1,1,REGULAR,77,J. SMITH,1,assist,65,64,[],,0,9,Jaleen Devon,Smith,Jaleen Devon,Smith,J,S,J,S,J. Smith,TÜRK TELEKOM,TTK,J. Smith,9,,,,,,ASS,,TÜRK TELEKOM J. SMITH assist,,,,,,,,,0,20,2.0,,0,8,0,1
06:49,06:49:00,8,1,7,2,1,REGULAR,81,M. FLYNN,1,foul,66,,"['shooting', '1freethrow']",personal,0,22,Malachi Emmanuel,Flynn,Malachi Emmanuel,Flynn,M,F,M,F,M. Flynn,BAHÇESEHIR KOLEJI,BSK,M. Flynn,22,,,,,,FOUL,,BAHÇESEHIR KOLEJI M. FLYNN foul personal,,,,,,,,,0,20,2.0,,0,8,0,1
06:49,06:49:00,8,1,7,1,1,REGULAR,5,D. ÖZDEMIROGLU,1,foulon,67,66,[],,0,18,Dogus,Özdemiroglu,Dogus,Özdemiroglu,D,Ö,D,Ö,D. Özdemiroglu,TÜRK TELEKOM,TTK,D. Özdemiroglu,18,,,,,,OTHER,,TÜRK TELEKOM foulon,,,,,,,,,0,20,2.0,,0,8,0,1
06:49,06:49:00,9,1,8,1,1,REGULAR,5,D. ÖZDEMIROGLU,1,freethrow,68,,[],1of1,1,18,Dogus,Özdemiroglu,Dogus,Özdemiroglu,D,Ö,D,Ö,D. Özdemiroglu,TÜRK TELEKOM,TTK,D. Özdemiroglu,18,,,,,,FT,made,TÜRK TELEKOM D. ÖZDEMIROGLU FT 1of1 made,,,,,,,,,1,20,2.0,made_ft_last,1,9,0,1
06:31,06:31:00,9,3,6,2,1,REGULAR,80,T. WILLIAMS,1,2pt,70,,['pointsinthepaint'],turnaroundjumpshot,1,50,Trevion Lamon,Williams,Trevion Lamon,Williams,T,W,T,W,T. Williams,BAHÇESEHIR KOLEJI,BSK,T. Williams,50,,,11.079999923706,40.400001525879,1.0,P2,made,BAHÇESEHIR KOLEJI T. WILLIAMS 2Pt made,,,,,,,,,2,21,1.0,score,0,9,2,3
06:10,06:10:00,11,3,8,1,1,REGULAR,5,D. ÖZDEMIROGLU,1,2pt,71,,['pointsinthepaint'],drivinglayup,1,18,Dogus,Özdemiroglu,Dogus,Özdemiroglu,D,Ö,D,Ö,D. Özdemiroglu,TÜRK TELEKOM,TTK,D. Özdemiroglu,18,,,91.419998168945,61.299999237061,1.0,P2,made,TÜRK TELEKOM D. ÖZDEMIROGLU 2Pt made,,,,,,,,,2,22,2.0,score,2,11,0,3
05:52,05:52:00,11,3,8,2,1,REGULAR,81,M. FLYNN,0,3pt,72,,[],stepbackjumpshot,1,22,Malachi Emmanuel,Flynn,Malachi Emmanuel,Flynn,M,F,M,F,M. Flynn,BAHÇESEHIR KOLEJI,BSK,M. Flynn,22,,,24.64999961853,18.639999389648,0.0,P3,missed,BAHÇESEHIR KOLEJI M. FLYNN 3Pt missed,,,,,,,,,0,23,1.0,def_reb,0,11,0,3
05:48,05:48:00,11,3,8,1,1,REGULAR,7,B. DURMAZ,1,rebound,73,72,[],defensive,0,3,Berkan,Durmaz,Berkan,Durmaz,B,D,B,D,B. Durmaz,TÜRK TELEKOM,TTK,B. Durmaz,3,,,,,,REB,,TÜRK TELEKOM rebound defensive,,,,,,,,,0,24,2.0,def_reb,0,11,0,3
05:36,05:36:00,11,3,8,2,1,REGULAR,62,K. SIPAHI,1,foul,75,,[],personal,0,55,Kenan,Sipahi,Kenan,Sipahi,K,S,K,S,K. Sipahi,BAHÇESEHIR KOLEJI,BSK,K. Sipahi,55,,,,,,FOUL,,BAHÇESEHIR KOLEJI K. SIPAHI foul personal,,,,,,,,,0,25,1.0,,0,11,0,3
05:36,05:36:00,11,3,8,1,1,REGULAR,7,B. DURMAZ,1,foulon,76,75,[],,0,3,Berkan,Durmaz,Berkan,Durmaz,B,D,B,D,B. Durmaz,TÜRK TELEKOM,TTK,B. Durmaz,3,,,,,,OTHER,,TÜRK TELEKOM foulon,,,,,,,,,0,25,1.0,,0,11,0,3
05:27,05:27:00,14,3,11,1,1,REGULAR,77,J. SMITH,1,3pt,81,,[],jumpshot,1,9,Jaleen Devon,Smith,Jaleen Devon,Smith,J,S,J,S,J. Smith,TÜRK TELEKOM,TTK,J. Smith,9,,,74.410003662109,19.209999084473,1.0,P3,made,TÜRK TELEKOM J. SMITH 3Pt made,,,,,,,,,3,25,1.0,score,3,14,0,3
05:26,05:26:00,14,3,11,2,1,REGULAR,0,,1,timeout,82,,[],full,0,,,,,,,,,,,BAHÇESEHIR KOLEJI,BSK,,,,,,,,TIMEOUT,,BAHÇESEHIR KOLEJI timeout,,,,,,,,,0,26,2.0,,0,14,0,3
05:26,05:26:00,14,3,11,0,1,REGULAR,0,,1,timeout,83,,[],officials,0,,,,,,,,,,,,,,,,,,,,TIMEOUT,, timeout,,,,,,,,,0,26,2.0,,0,14,0,3
05:26,05:26:00,14,3,11,1,1,REGULAR,78,K. BANKSTON,1,substitution,84,,[],out,0,30,Kristeon Lamar,Bankston,Kristeon Lamar,Bankston,K,B,K,B,K. Bankston,TÜRK TELEKOM,TTK,K. Bankston,30,,,,,,SUB,out,TÜRK TELEKOM substitution out,,,,,,,,,0,26,2.0,,0,14,0,3
05:26,05:26:00,14,3,11,1,1,REGULAR,6,E. KOSUT,1,substitution,85,,[],in,0,5,Emircan,Kosut,Emircan,Kosut,E,K,E,K,E. Kosut,TÜRK TELEKOM,TTK,E. Kosut,5,,,,,,SUB,in,TÜRK TELEKOM substitution in,,,,,,,,,0,26,2.0,,0,14,0,3
05:26,05:26:00,14,3,11,2,1,REGULAR,80,T. WILLIAMS,1,substitution,86,,[],out,0,50,Trevion Lamon,Williams,Trevion Lamon,Williams,T,W,T,W,T. Williams,BAHÇESEHIR KOLEJI,BSK,T. Williams,50,,,,,,SUB,out,BAHÇESEHIR KOLEJI substitution out,,,,,,,,,0,26,2.0,,0,14,0,3
05:26,05:26:00,14,3,11,2,1,REGULAR,78,B. KOPRIVICA,1,substitution,87,,[],in,0,8,Balsa,Koprivica,Balsa,Koprivica,B,K,B,K,B. Koprivica,BAHÇESEHIR KOLEJI,BSK,B. Koprivica,8,,,,,,SUB,in,BAHÇESEHIR KOLEJI substitution in,,,,,,,,,0,26,2.0,,0,14,0,3
05:07,05:07:00,14,5,9,2,1,REGULAR,78,B. KOPRIVICA,1,2pt,89,,['pointsinthepaint'],turnaroundjumpshot,1,8,Balsa,Koprivica,Balsa,Koprivica,B,K,B,K,B. Koprivica,BAHÇESEHIR KOLEJI,BSK,B. Koprivica,8,,,7.8000001907349,42.659999847412,1.0,P2,made,BAHÇESEHIR KOLEJI B. KOPRIVICA 2Pt made,74.0,2.0,M. PONITKA,,,,,,2,26,2.0,score,0,14,2,5
05:07,05:07:00,14,5,9,2,1,REGULAR,74,M. PONITKA,1,assist,90,89,[],,0,28,Mateusz Michal,Ponitka,Mateusz Michal,Ponitka,M,P,M,P,M. Ponitka,BAHÇESEHIR KOLEJI,BSK,M. Ponitka,28,,,,,,ASS,,BAHÇESEHIR KOLEJI M. PONITKA assist,,,,,,,,,0,27,1.0,,0,14,0,5
04:49,04:49:00,17,5,12,1,1,REGULAR,74,J. USHER,1,3pt,91,,[],jumpshot,1,8,Jordan Emanuel ,Usher,Jordan Emanuel ,Usher,J,U,J,U,J. Usher,TÜRK TELEKOM,TTK,J. Usher,8,,,96.099998474121,96.050003051758,1.0,P3,made,TÜRK TELEKOM J. USHER 3Pt made,6.0,1.0,E. KOSUT,,,,,,3,27,1.0,score,3,17,0,5
04:49,04:49:00,17,5,12,1,1,REGULAR,6,E. KOSUT,1,assist,92,91,[],,0,5,Emircan,Kosut,Emircan,Kosut,E,K,E,K,E. Kosut,TÜRK TELEKOM,TTK,E. Kosut,5,,,,,,ASS,,TÜRK TELEKOM E. KOSUT assist,,,,,,,,,0,28,2.0,,0,17,0,5
04:30,04:30:00,17,5,12,1,1,REGULAR,77,J. SMITH,1,foul,94,,"['shooting', '2freethrow']",personal,0,9,Jaleen Devon,Smith,Jaleen Devon,Smith,J,S,J,S,J. Smith,TÜRK TELEKOM,TTK,J. Smith,9,,,,,,FOUL,,TÜRK TELEKOM J. SMITH foul personal,,,,,,,,,0,28,2.0,,0,17,0,5
04:30,04:30:00,17,5,12,2,1,REGULAR,62,K. SIPAHI,1,foulon,95,94,[],,0,55,Kenan,Sipahi,Kenan,Sipahi,K,S,K,S,K. Sipahi,BAHÇESEHIR KOLEJI,BSK,K. Sipahi,55,,,,,,OTHER,,BAHÇESEHIR KOLEJI foulon,,,,,,,,,0,28,2.0,,0,17,0,5
04:30,04:30:00,17,6,11,2,1,REGULAR,62,K. SIPAHI,1,freethrow,96,,[],1of2,1,55,Kenan,Sipahi,Kenan,Sipahi,K,S,K,S,K. Sipahi,BAHÇESEHIR KOLEJI,BSK,K. Sipahi,55,,,,,,FT,made,BAHÇESEHIR KOLEJI K. SIPAHI FT 1of2 made,,,,,,,,,1,28,2.0,made_ft,0,17,1,6
04:30,04:30:00,17,7,10,2,1,REGULAR,62,K. SIPAHI,1,freethrow,97,,[],2of2,1,55,Kenan,Sipahi,Kenan,Sipahi,K,S,K,S,K. Sipahi,BAHÇESEHIR KOLEJI,BSK,K. Sipahi,55,,,,,,FT,made,BAHÇESEHIR KOLEJI K. SIPAHI FT 2of2 made,,,,,,,,,1,29,1.0,made_ft_last,0,17,1,7
04:30,04:30:00,17,7,10,1,1,REGULAR,7,B. DURMAZ,1,substitution,98,,[],out,0,3,Berkan,Durmaz,Berkan,Durmaz,B,D,B,D,B. Durmaz,TÜRK TELEKOM,TTK,B. Durmaz,3,,,,,,SUB,out,TÜRK TELEKOM substitution out,,,,,,,,,0,30,2.0,,0,17,0,7
04:30,04:30:00,17,7,10,1,1,REGULAR,5,D. ÖZDEMIROGLU,1,substitution,99,,[],out,0,18,Dogus,Özdemiroglu,Dogus,Özdemiroglu,D,Ö,D,Ö,D. Özdemiroglu,TÜRK TELEKOM,TTK,D. Özdemiroglu,18,,,,,,SUB,out,TÜRK TELEKOM substitution out,,,,,,,,,0,30,2.0,,0,17,0,7
04:30,04:30:00,17,7,10,1,1,REGULAR,75,K. ALLMAN,1,substitution,100,,[],in,0,1,Kyle Lindsay,Allman,Kyle Lindsay,Allman,K,A,K,A,K. Allman,TÜRK TELEKOM,TTK,K. Allman,1,,,,,,SUB,in,TÜRK TELEKOM substitution in,,,,,,,,,0,30,2.0,,0,17,0,7
04:30,04:30:00,17,7,10,1,1,REGULAR,76,M. SIMONOVIC,1,substitution,101,,[],in,0,11,Marko,Simonovic,Marko,Simonovic,M,S,M,S,M. Simonovic,TÜRK TELEKOM,TTK,M. Simonovic,11,,,,,,SUB,in,TÜRK TELEKOM substitution in,,,,,,,,,0,30,2.0,,0,17,0,7
04:16,04:16:00,17,7,10,1,1,REGULAR,6,E. KOSUT,1,foul,106,,[],offensive,0,5,Emircan,Kosut,Emircan,Kosut,E,K,E,K,E. Kosut,TÜRK TELEKOM,TTK,E. Kosut,5,,,,,,RFOUL,,TÜRK TELEKOM E. KOSUT foul offensive,,,,,,,,,0,30,2.0,offensive_foul,0,17,0,7
04:16,04:16:00,17,7,10,1,1,REGULAR,6,E. KOSUT,1,turnover,107,106,[],offensive,0,5,Emircan,Kosut,Emircan,Kosut,E,K,E,K,E. Kosut,TÜRK TELEKOM,TTK,E. Kosut,5,,,,,,TO,,TÜRK TELEKOM E. KOSUT turnover offensive,,,,,,,,,0,31,1.0,turnover,0,17,0,7
04:16,04:16:00,17,7,10,2,1,REGULAR,74,M. PONITKA,1,foulon,108,106,[],,0,28,Mateusz Michal,Ponitka,Mateusz Michal,Ponitka,M,P,M,P,M. Ponitka,BAHÇESEHIR KOLEJI,BSK,M. Ponitka,28,,,,,,OTHER,,BAHÇESEHIR KOLEJI foulon,,,,,,,,,0,32,2.0,,0,17,0,7
04:16,04:16:00,17,7,10,2,1,REGULAR,81,M. FLYNN,1,substitution,109,,[],out,0,22,Malachi Emmanuel,Flynn,Malachi Emmanuel,Flynn,M,F,M,F,M. Flynn,BAHÇESEHIR KOLEJI,BSK,M. Flynn,22,,,,,,SUB,out,BAHÇESEHIR KOLEJI substitution out,,,,,,,,,0,32,2.0,,0,17,0,7
04:16,04:16:00,17,7,10,2,1,REGULAR,79,H. HALE,1,substitution,110,,[],in,0,77,Hunter Jelaun,Hale,Hunter Jelaun,Hale,H,H,H,H,H. Hale,BAHÇESEHIR KOLEJI,BSK,H. Hale,77,,,,,,SUB,in,BAHÇESEHIR KOLEJI substitution in,,,,,,,,,0,32,2.0,,0,17,0,7
03:58,03:58:00,17,7,10,2,1,REGULAR,77,M. MITCHELL II,0,2pt,114,,['fromturnover'],pullupjumpshot,1,11,Matthew Antonio,Mitchell Ii,Matthew Antonio,Mitchell Ii,M,M,M,M,M. Mitchell Ii,BAHÇESEHIR KOLEJI,BSK,M. Mitchell Ii,11,,,22.309999465942,72.599998474121,0.0,P2,missed,BAHÇESEHIR KOLEJI M. MITCHELL II 2Pt missed,,,,,,,,,0,32,2.0,def_reb,0,17,0,7
03:54,03:54:00,17,7,10,1,1,REGULAR,76,M. SIMONOVIC,1,rebound,115,114,[],defensive,0,11,Marko,Simonovic,Marko,Simonovic,M,S,M,S,M. Simonovic,TÜRK TELEKOM,TTK,M. Simonovic,11,,,,,,REB,,TÜRK TELEKOM rebound defensive,,,,,,,,,0,33,1.0,def_reb,0,17,0,7
03:41,03:41:00,19,7,12,1,1,REGULAR,76,M. SIMONOVIC,1,2pt,117,,['pointsinthepaint'],jumpshot,1,11,Marko,Simonovic,Marko,Simonovic,M,S,M,S,M. Simonovic,TÜRK TELEKOM,TTK,M. Simonovic,11,,,92.360000610352,40.959999084473,1.0,P2,made,TÜRK TELEKOM M. SIMONOVIC 2Pt made,75.0,1.0,K. ALLMAN,,,,,,2,34,2.0,score,2,19,0,7
03:41,03:41:00,19,7,12,1,1,REGULAR,75,K. ALLMAN,1,assist,118,117,[],,0,1,Kyle Lindsay,Allman,Kyle Lindsay,Allman,K,A,K,A,K. Allman,TÜRK TELEKOM,TTK,K. Allman,1,,,,,,ASS,,TÜRK TELEKOM K. ALLMAN assist,,,,,,,,,0,35,1.0,,0,19,0,7
03:41,03:41:00,19,7,12,2,1,REGULAR,79,H. HALE,1,foul,119,,"['shooting', '1freethrow']",personal,0,77,Hunter Jelaun,Hale,Hunter Jelaun,Hale,H,H,H,H,H. Hale,BAHÇESEHIR KOLEJI,BSK,H. Hale,77,,,,,,FOUL,,BAHÇESEHIR KOLEJI H. HALE foul personal,,,,,,,,,0,35,1.0,,0,19,0,7
03:41,03:41:00,19,7,12,1,1,REGULAR,76,M. SIMONOVIC,1,foulon,120,119,[],,0,11,Marko,Simonovic,Marko,Simonovic,M,S,M,S,M. Simonovic,TÜRK TELEKOM,TTK,M. Simonovic,11,,,,,,OTHER,,TÜRK TELEKOM foulon,,,,,,,,,0,35,1.0,,0,19,0,7
03:41,03:41:00,19,7,12,2,1,REGULAR,74,M. PONITKA,1,substitution,121,,[],out,0,28,Mateusz Michal,Ponitka,Mateusz Michal,Ponitka,M,P,M,P,M. Ponitka,BAHÇESEHIR KOLEJI,BSK,M. Ponitka,28,,,,,,SUB,out,BAHÇESEHIR KOLEJI substitution out,,,,,,,,,0,35,1.0,,0,19,0,7
03:41,03:41:00,19,7,12,2,1,REGULAR,76,C. HOMESLEY,1,substitution,122,,[],in,0,5,Caleb Allen,Homesley,Caleb Allen,Homesley,C,H,C,H,C. Homesley,BAHÇESEHIR KOLEJI,BSK,C. Homesley,5,,,,,,SUB,in,BAHÇESEHIR KOLEJI substitution in,,,,,,,,,0,35,1.0,,0,19,0,7
03:41,03:41:00,19,7,12,1,1,REGULAR,76,M. SIMONOVIC,0,freethrow,123,,[],1of1,1,11,Marko,Simonovic,Marko,Simonovic,M,S,M,S,M. Simonovic,TÜRK TELEKOM,TTK,M. Simonovic,11,,,,,,FT,missed,TÜRK TELEKOM M. SIMONOVIC FT 1of1 missed,,,,,,,,,0,35,1.0,def_reb,0,19,0,7
03:41,03:41:00,19,7,12,2,1,REGULAR,76,C. HOMESLEY,1,rebound,125,123,[],defensive,0,5,Caleb Allen,Homesley,Caleb Allen,Homesley,C,H,C,H,C. Homesley,BAHÇESEHIR KOLEJI,BSK,C. Homesley,5,,,,,,REB,,BAHÇESEHIR KOLEJI rebound defensive,,,,,,,,,0,36,2.0,def_reb,0,19,0,7
03:31,03:31:00,19,9,10,2,1,REGULAR,78,B. KOPRIVICA,1,2pt,127,,['pointsinthepaint'],alleyoopdunk,1,8,Balsa,Koprivica,Balsa,Koprivica,B,K,B,K,B. Koprivica,BAHÇESEHIR KOLEJI,BSK,B. Koprivica,8,,,7.0199999809265,42.939998626709,1.0,P2,made,BAHÇESEHIR KOLEJI B. KOPRIVICA 2Pt made,62.0,2.0,K. SIPAHI,,,,,,2,37,1.0,score,0,19,2,9
03:31,03:31:00,19,9,10,2,1,REGULAR,62,K. SIPAHI,1,assist,128,127,[],,0,55,Kenan,Sipahi,Kenan,Sipahi,K,S,K,S,K. Sipahi,BAHÇESEHIR KOLEJI,BSK,K. Sipahi,55,,,,,,ASS,,BAHÇESEHIR KOLEJI K. SIPAHI assist,,,,,,,,,0,38,2.0,,0,19,0,9
03:31,03:31:00,19,9,10,1,1,REGULAR,76,M. SIMONOVIC,1,foul,129,,"['shooting', '1freethrow']",personal,0,11,Marko,Simonovic,Marko,Simonovic,M,S,M,S,M. Simonovic,TÜRK TELEKOM,TTK,M. Simonovic,11,,,,,,FOUL,,TÜRK TELEKOM M. SIMONOVIC foul personal,,,,,,,,,0,38,2.0,,0,19,0,9
03:31,03:31:00,19,9,10,2,1,REGULAR,78,B. KOPRIVICA,1,foulon,130,129,[],,0,8,Balsa,Koprivica,Balsa,Koprivica,B,K,B,K,B. Koprivica,BAHÇESEHIR KOLEJI,BSK,B. Koprivica,8,,,,,,OTHER,,BAHÇESEHIR KOLEJI foulon,,,,,,,,,0,38,2.0,,0,19,0,9
03:31,03:31:00,19,10,9,2,1,REGULAR,78,B. KOPRIVICA,1,freethrow,131,,[],1of1,1,8,Balsa,Koprivica,Balsa,Koprivica,B,K,B,K,B. Koprivica,BAHÇESEHIR KOLEJI,BSK,B. Koprivica,8,,,,,,FT,made,BAHÇESEHIR KOLEJI B. KOPRIVICA FT 1of1 made,,,,,,,,,1,38,2.0,made_ft_last,0,19,1,10
03:10,03:10:00,19,10,9,1,1,REGULAR,77,J. SMITH,0,2pt,135,,[],floatingjumpshot,1,9,Jaleen Devon,Smith,Jaleen Devon,Smith,J,S,J,S,J. Smith,TÜRK TELEKOM,TTK,J. Smith,9,,,76.290000915527,23.729999542236,0.0,P2,missed,TÜRK TELEKOM J. SMITH 2Pt missed,,,,,,,,,0,39,1.0,def_reb,0,19,0,10
03:08,03:08:00,19,10,9,2,1,REGULAR,79,H. HALE,1,rebound,136,135,[],defensive,0,77,Hunter Jelaun,Hale,Hunter Jelaun,Hale,H,H,H,H,H. Hale,BAHÇESEHIR KOLEJI,BSK,H. Hale,77,,,,,,REB,,BAHÇESEHIR KOLEJI rebound defensive,,,,,,,,,0,40,2.0,def_reb,0,19,0,10
03:01,03:01:00,19,10,9,2,1,REGULAR,78,B. KOPRIVICA,1,turnover,138,,[],travel,0,8,Balsa,Koprivica,Balsa,Koprivica,B,K,B,K,B. Koprivica,BAHÇESEHIR KOLEJI,BSK,B. Koprivica,8,,,,,,TO,,BAHÇESEHIR KOLEJI B. KOPRIVICA turnover travel,,,,,,,,,0,41,1.0,turnover,0,19,0,10
02:43,02:43:00,19,10,9,1,1,REGULAR,74,J. USHER,0,2pt,140,,"['fromturnover', 'pointsinthepaint']",drivinglayup,1,8,Jordan Emanuel ,Usher,Jordan Emanuel ,Usher,J,U,J,U,J. Usher,TÜRK TELEKOM,TTK,J. Usher,8,,,93.599998474121,38.700000762939,0.0,P2,missed,TÜRK TELEKOM J. USHER 2Pt missed,,,,,,,,,0,42,2.0,def_reb,0,19,0,10
02:40,02:40:00,19,10,9,2,1,REGULAR,77,M. MITCHELL II,1,rebound,141,140,[],defensive,0,11,Matthew Antonio,Mitchell Ii,Matthew Antonio,Mitchell Ii,M,M,M,M,M. Mitchell Ii,BAHÇESEHIR KOLEJI,BSK,M. Mitchell Ii,11,,,,,,REB,,BAHÇESEHIR KOLEJI rebound defensive,,,,,,,,,0,43,1.0,def_reb,0,19,0,10
02:20,02:20:00,19,10,9,2,1,REGULAR,62,K. SIPAHI,0,3pt,142,,[],jumpshot,1,55,Kenan,Sipahi,Kenan,Sipahi,K,S,K,S,K. Sipahi,BAHÇESEHIR KOLEJI,BSK,K. Sipahi,55,,,6.710000038147,3.6700000762939,0.0,P3,missed,BAHÇESEHIR KOLEJI K. SIPAHI 3Pt missed,,,,,,,,,0,44,2.0,def_reb,0,19,0,10
02:18,02:18:00,19,10,9,1,1,REGULAR,76,M. SIMONOVIC,1,rebound,143,142,[],defensive,0,11,Marko,Simonovic,Marko,Simonovic,M,S,M,S,M. Simonovic,TÜRK TELEKOM,TTK,M. Simonovic,11,,,,,,REB,,TÜRK TELEKOM rebound defensive,,,,,,,,,0,45,1.0,def_reb,0,19,0,10
02:15,02:15:00,21,10,11,1,1,REGULAR,74,J. USHER,1,2pt,144,,"['pointsinthepaint', 'fastbreak']",layup,1,8,Jordan Emanuel ,Usher,Jordan Emanuel ,Usher,J,U,J,U,J. Usher,TÜRK TELEKOM,TTK,J. Usher,8,,,91.110000610352,42.090000152588,1.0,P2,made,TÜRK TELEKOM J. USHER 2Pt made,76.0,1.0,M. SIMONOVIC,,,,,,2,46,2.0,score,2,21,0,10
02:15,02:15:00,21,10,11,1,1,REGULAR,76,M. SIMONOVIC,1,assist,145,144,[],,0,11,Marko,Simonovic,Marko,Simonovic,M,S,M,S,M. Simonovic,TÜRK TELEKOM,TTK,M. Simonovic,11,,,,,,ASS,,TÜRK TELEKOM M. SIMONOVIC assist,,,,,,,,,0,47,1.0,,0,21,0,10
01:54,01:54:00,21,10,11,2,1,REGULAR,62,K. SIPAHI,0,2pt,148,,"['pointsinthepaint', 'blocked']",layup,1,55,Kenan,Sipahi,Kenan,Sipahi,K,S,K,S,K. Sipahi,BAHÇESEHIR KOLEJI,BSK,K. Sipahi,55,,,8.7399997711182,46.610000610352,0.0,P2,missed,BAHÇESEHIR KOLEJI K. SIPAHI 2Pt missed,,,,6.0,1.0,E. KOSUT,,,0,47,1.0,,0,21,0,10
01:54,01:54:00,21,10,11,1,1,REGULAR,6,E. KOSUT,1,block,149,148,[],,0,5,Emircan,Kosut,Emircan,Kosut,E,K,E,K,E. Kosut,TÜRK TELEKOM,TTK,E. Kosut,5,,,,,,BS,,TÜRK TELEKOM E. KOSUT block,,,,,,,,,0,47,1.0,,0,21,0,10
01:54,01:54:00,21,10,11,1,1,REGULAR,76,M. SIMONOVIC,1,rebound,150,148,[],defensive,0,11,Marko,Simonovic,Marko,Simonovic,M,S,M,S,M. Simonovic,TÜRK TELEKOM,TTK,M. Simonovic,11,,,,,,REB,,TÜRK TELEKOM rebound defensive,,,,,,,,,0,47,1.0,def_reb,0,21,0,10
01:54,01:54:00,23,10,13,1,1,REGULAR,76,M. SIMONOVIC,1,2pt,151,,"['pointsinthepaint', 'fastbreak']",dunk,1,11,Marko,Simonovic,Marko,Simonovic,M,S,M,S,M. Simonovic,TÜRK TELEKOM,TTK,M. Simonovic,11,,,91.580001831055,38.419998168945,1.0,P2,made,TÜRK TELEKOM M. SIMONOVIC 2Pt made,74.0,1.0,J. USHER,,,,,,2,48,2.0,score,2,23,0,10
01:54,01:54:00,23,10,13,1,1,REGULAR,74,J. USHER,1,assist,152,151,[],,0,8,Jordan Emanuel ,Usher,Jordan Emanuel ,Usher,J,U,J,U,J. Usher,TÜRK TELEKOM,TTK,J. Usher,8,,,,,,ASS,,TÜRK TELEKOM J. USHER assist,,,,,,,,,0,49,1.0,,0,23,0,10
01:54,01:54:00,23,10,13,2,1,REGULAR,0,,1,timeout,153,,[],full,0,,,,,,,,,,,BAHÇESEHIR KOLEJI,BSK,,,,,,,,TIMEOUT,,BAHÇESEHIR KOLEJI timeout,,,,,,,,,0,49,1.0,,0,23,0,10
01:54,01:54:00,23,10,13,1,1,REGULAR,6,E. KOSUT,1,substitution,154,,[],out,0,5,Emircan,Kosut,Emircan,Kosut,E,K,E,K,E. Kosut,TÜRK TELEKOM,TTK,E. Kosut,5,,,,,,SUB,out,TÜRK TELEKOM substitution out,,,,,,,,,0,49,1.0,,0,23,0,10
01:54,01:54:00,23,10,13,1,1,REGULAR,74,J. USHER,1,substitution,155,,[],out,0,8,Jordan Emanuel ,Usher,Jordan Emanuel ,Usher,J,U,J,U,J. Usher,TÜRK TELEKOM,TTK,J. Usher,8,,,,,,SUB,out,TÜRK TELEKOM substitution out,,,,,,,,,0,49,1.0,,0,23,0,10
01:54,01:54:00,23,10,13,1,1,REGULAR,77,J. SMITH,1,substitution,156,,[],out,0,9,Jaleen Devon,Smith,Jaleen Devon,Smith,J,S,J,S,J. Smith,TÜRK TELEKOM,TTK,J. Smith,9,,,,,,SUB,out,TÜRK TELEKOM substitution out,,,,,,,,,0,49,1.0,,0,23,0,10
01:54,01:54:00,23,10,13,1,1,REGULAR,5,D. ÖZDEMIROGLU,1,substitution,157,,[],in,0,18,Dogus,Özdemiroglu,Dogus,Özdemiroglu,D,Ö,D,Ö,D. Özdemiroglu,TÜRK TELEKOM,TTK,D. Özdemiroglu,18,,,,,,SUB,in,TÜRK TELEKOM substitution in,,,,,,,,,0,49,1.0,,0,23,0,10
01:54,01:54:00,23,10,13,1,1,REGULAR,8,Y. GÜLTEKIN,1,substitution,158,,[],in,0,19,Yavuz,Gültekin,Yavuz,Gültekin,Y,G,Y,G,Y. Gültekin,TÜRK TELEKOM,TTK,Y. Gültekin,19,,,,,,SUB,in,TÜRK TELEKOM substitution in,,,,,,,,,0,49,1.0,,0,23,0,10
01:54,01:54:00,23,10,13,1,1,REGULAR,78,K. BANKSTON,1,substitution,159,,[],in,0,30,Kristeon Lamar,Bankston,Kristeon Lamar,Bankston,K,B,K,B,K. Bankston,TÜRK TELEKOM,TTK,K. Bankston,30,,,,,,SUB,in,TÜRK TELEKOM substitution in,,,,,,,,,0,49,1.0,,0,23,0,10
01:54,01:54:00,23,10,13,2,1,REGULAR,78,B. KOPRIVICA,1,substitution,160,,[],out,0,8,Balsa,Koprivica,Balsa,Koprivica,B,K,B,K,B. Koprivica,BAHÇESEHIR KOLEJI,BSK,B. Koprivica,8,,,,,,SUB,out,BAHÇESEHIR KOLEJI substitution out,,,,,,,,,0,49,1.0,,0,23,0,10
01:54,01:54:00,23,10,13,2,1,REGULAR,62,K. SIPAHI,1,substitution,161,,[],out,0,55,Kenan,Sipahi,Kenan,Sipahi,K,S,K,S,K. Sipahi,BAHÇESEHIR KOLEJI,BSK,K. Sipahi,55,,,,,,SUB,out,BAHÇESEHIR KOLEJI substitution out,,,,,,,,,0,49,1.0,,0,23,0,10
01:54,01:54:00,23,10,13,2,1,REGULAR,64,F. HALTALI,1,substitution,162,,[],in,0,14,Furkan,Haltali,Furkan,Haltali,F,H,F,H,F. Haltali,BAHÇESEHIR KOLEJI,BSK,F. Haltali,14,,,,,,SUB,in,BAHÇESEHIR KOLEJI substitution in,,,,,,,,,0,49,1.0,,0,23,0,10
01:54,01:54:00,23,10,13,2,1,REGULAR,81,M. FLYNN,1,substitution,163,,[],in,0,22,Malachi Emmanuel,Flynn,Malachi Emmanuel,Flynn,M,F,M,F,M. Flynn,BAHÇESEHIR KOLEJI,BSK,M. Flynn,22,,,,,,SUB,in,BAHÇESEHIR KOLEJI substitution in,,,,,,,,,0,49,1.0,,0,23,0,10
01:32,01:32:00,23,10,13,2,1,REGULAR,64,F. HALTALI,0,2pt,165,,['pointsinthepaint'],jumpshot,1,14,Furkan,Haltali,Furkan,Haltali,F,H,F,H,F. Haltali,BAHÇESEHIR KOLEJI,BSK,F. Haltali,14,,,8.7399997711182,62.430000305176,0.0,P2,missed,BAHÇESEHIR KOLEJI F. HALTALI 2Pt missed,,,,,,,,,0,49,1.0,def_reb,0,23,0,10
01:31,01:31:00,23,10,13,1,1,REGULAR,78,K. BANKSTON,1,rebound,166,165,[],defensive,0,30,Kristeon Lamar,Bankston,Kristeon Lamar,Bankston,K,B,K,B,K. Bankston,TÜRK TELEKOM,TTK,K. Bankston,30,,,,,,REB,,TÜRK TELEKOM rebound defensive,,,,,,,,,0,50,2.0,def_reb,0,23,0,10
01:23,01:23:00,23,10,13,1,1,REGULAR,75,K. ALLMAN,0,3pt,167,,[],jumpshot,1,1,Kyle Lindsay,Allman,Kyle Lindsay,Allman,K,A,K,A,K. Allman,TÜRK TELEKOM,TTK,K. Allman,1,,,97.660003662109,2.8199999332428,0.0,P3,missed,TÜRK TELEKOM K. ALLMAN 3Pt missed,,,,,,,,,0,51,1.0,,0,23,0,10
01:21,01:21:00,23,10,13,1,1,REGULAR,8,Y. GÜLTEKIN,1,rebound,169,167,[],offensive,0,19,Yavuz,Gültekin,Yavuz,Gültekin,Y,G,Y,G,Y. Gültekin,TÜRK TELEKOM,TTK,Y. Gültekin,19,,,,,,REB,,TÜRK TELEKOM rebound offensive,,,,,,,,,0,51,1.0,,0,23,0,10
01:21,01:21:00,23,10,13,1,1,REGULAR,8,Y. GÜLTEKIN,0,2pt,170,,"['2ndchance', 'pointsinthepaint']",tipinlayup,1,19,Yavuz,Gültekin,Yavuz,Gültekin,Y,G,Y,G,Y. Gültekin,TÜRK TELEKOM,TTK,Y. Gültekin,19,,,94.0,50.0,0.0,P2,missed,TÜRK TELEKOM Y. GÜLTEKIN 2Pt missed,,,,,,,,,0,51,1.0,def_reb,0,23,0,10
01:21,01:21:00,23,10,13,2,1,REGULAR,81,M. FLYNN,1,rebound,171,170,[],defensive,0,22,Malachi Emmanuel,Flynn,Malachi Emmanuel,Flynn,M,F,M,F,M. Flynn,BAHÇESEHIR KOLEJI,BSK,M. Flynn,22,,,,,,REB,,BAHÇESEHIR KOLEJI rebound defensive,,,,,,,,,0,52,2.0,def_reb,0,23,0,10
01:21,01:21:00,23,10,13,1,1,REGULAR,8,Y. GÜLTEKIN,1,foul,172,,['2freethrow'],personal,0,19,Yavuz,Gültekin,Yavuz,Gültekin,Y,G,Y,G,Y. Gültekin,TÜRK TELEKOM,TTK,Y. Gültekin,19,,,,,,FOUL,,TÜRK TELEKOM Y. GÜLTEKIN foul personal,,,,,,,,,0,53,1.0,,0,23,0,10
01:21,01:21:00,23,10,13,2,1,REGULAR,81,M. FLYNN,1,foulon,173,172,[],,0,22,Malachi Emmanuel,Flynn,Malachi Emmanuel,Flynn,M,F,M,F,M. Flynn,BAHÇESEHIR KOLEJI,BSK,M. Flynn,22,,,,,,OTHER,,BAHÇESEHIR KOLEJI foulon,,,,,,,,,0,53,1.0,,0,23,0,10
01:21,01:21:00,23,11,12,2,1,REGULAR,81,M. FLYNN,1,freethrow,174,,[],1of2,1,22,Malachi Emmanuel,Flynn,Malachi Emmanuel,Flynn,M,F,M,F,M. Flynn,BAHÇESEHIR KOLEJI,BSK,M. Flynn,22,,,,,,FT,made,BAHÇESEHIR KOLEJI M. FLYNN FT 1of2 made,,,,,,,,,1,53,1.0,made_ft,0,23,1,11
01:21,01:21:00,23,12,11,2,1,REGULAR,81,M. FLYNN,1,freethrow,175,,[],2of2,1,22,Malachi Emmanuel,Flynn,Malachi Emmanuel,Flynn,M,F,M,F,M. Flynn,BAHÇESEHIR KOLEJI,BSK,M. Flynn,22,,,,,,FT,made,BAHÇESEHIR KOLEJI M. FLYNN FT 2of2 made,,,,,,,,,1,54,2.0,made_ft_last,0,23,1,12
01:18,01:18:00,23,12,11,1,1,REGULAR,78,K. BANKSTON,1,turnover,179,,[],ballhandling,0,30,Kristeon Lamar,Bankston,Kristeon Lamar,Bankston,K,B,K,B,K. Bankston,TÜRK TELEKOM,TTK,K. Bankston,30,,,,,,TO,,TÜRK TELEKOM K. BANKSTON turnover ballhandling,,,,,,,,,0,55,1.0,turnover,0,23,0,12
01:18,01:18:00,23,12,11,2,1,REGULAR,81,M. FLYNN,1,steal,180,179,[],,0,22,Malachi Emmanuel,Flynn,Malachi Emmanuel,Flynn,M,F,M,F,M. Flynn,BAHÇESEHIR KOLEJI,BSK,M. Flynn,22,,,,,,ST,,BAHÇESEHIR KOLEJI M. FLYNN steal,,,,,,,,,0,56,2.0,,0,23,0,12
01:13,01:13:00,23,12,11,1,1,REGULAR,78,K. BANKSTON,1,foul,181,,['2freethrow'],personal,0,30,Kristeon Lamar,Bankston,Kristeon Lamar,Bankston,K,B,K,B,K. Bankston,TÜRK TELEKOM,TTK,K. Bankston,30,,,,,,FOUL,,TÜRK TELEKOM K. BANKSTON foul personal,,,,,,,,,0,56,2.0,,0,23,0,12
01:13,01:13:00,23,12,11,2,1,REGULAR,81,M. FLYNN,1,foulon,183,181,[],,0,22,Malachi Emmanuel,Flynn,Malachi Emmanuel,Flynn,M,F,M,F,M. Flynn,BAHÇESEHIR KOLEJI,BSK,M. Flynn,22,,,,,,OTHER,,BAHÇESEHIR KOLEJI foulon,,,,,,,,,0,56,2.0,,0,23,0,12
01:11,01:11:00,23,13,10,2,1,REGULAR,81,M. FLYNN,1,freethrow,184,,['fromturnover'],1of2,1,22,Malachi Emmanuel,Flynn,Malachi Emmanuel,Flynn,M,F,M,F,M. Flynn,BAHÇESEHIR KOLEJI,BSK,M. Flynn,22,,,,,,FT,made,BAHÇESEHIR KOLEJI M. FLYNN FT 1of2 made,,,,,,,,,1,56,2.0,made_ft,0,23,1,13
01:11,01:11:00,23,14,9,2,1,REGULAR,81,M. FLYNN,1,freethrow,185,,['fromturnover'],2of2,1,22,Malachi Emmanuel,Flynn,Malachi Emmanuel,Flynn,M,F,M,F,M. Flynn,BAHÇESEHIR KOLEJI,BSK,M. Flynn,22,,,,,,FT,made,BAHÇESEHIR KOLEJI M. FLYNN FT 2of2 made,,,,,,,,,1,57,1.0,made_ft_last,0,23,1,14
01:00,01:00:00,25,14,11,1,1,REGULAR,75,K. ALLMAN,1,2pt,187,,['pointsinthepaint'],eurostep,1,1,Kyle Lindsay,Allman,Kyle Lindsay,Allman,K,A,K,A,K. Allman,TÜRK TELEKOM,TTK,K. Allman,1,,,90.800003051758,42.939998626709,1.0,P2,made,TÜRK TELEKOM K. ALLMAN 2Pt made,,,,,,,,,2,58,2.0,score,2,25,0,14
00:50,00:50:10,25,16,9,2,1,REGULAR,81,M. FLYNN,1,2pt,188,,['pointsinthepaint'],drivinglayup,1,22,Malachi Emmanuel,Flynn,Malachi Emmanuel,Flynn,M,F,M,F,M. Flynn,BAHÇESEHIR KOLEJI,BSK,M. Flynn,22,,,5.3000001907349,42.939998626709,1.0,P2,made,BAHÇESEHIR KOLEJI M. FLYNN 2Pt made,,,,,,,,,2,59,1.0,score,0,25,2,16
00:35,00:35:10,25,16,9,1,1,REGULAR,5,D. ÖZDEMIROGLU,0,3pt,189,,[],jumpshot,1,18,Dogus,Özdemiroglu,Dogus,Özdemiroglu,D,Ö,D,Ö,D. Özdemiroglu,TÜRK TELEKOM,TTK,D. Özdemiroglu,18,,,71.610000610352,79.379997253418,0.0,P3,missed,TÜRK TELEKOM D. ÖZDEMIROGLU 3Pt missed,,,,,,,,,0,60,2.0,def_reb,0,25,0,16
00:32,00:32:60,25,16,9,2,1,REGULAR,81,M. FLYNN,1,rebound,190,189,[],defensive,0,22,Malachi Emmanuel,Flynn,Malachi Emmanuel,Flynn,M,F,M,F,M. Flynn,BAHÇESEHIR KOLEJI,BSK,M. Flynn,22,,,,,,REB,,BAHÇESEHIR KOLEJI rebound defensive,,,,,,,,,0,61,1.0,def_reb,0,25,0,16
00:29,00:29:90,25,16,9,2,1,REGULAR,81,M. FLYNN,1,turnover,192,,[],badpass,0,22,Malachi Emmanuel,Flynn,Malachi Emmanuel,Flynn,M,F,M,F,M. Flynn,BAHÇESEHIR KOLEJI,BSK,M. Flynn,22,,,,,,TO,,BAHÇESEHIR KOLEJI M. FLYNN turnover badpass,,,,,,,,,0,62,2.0,turnover,0,25,0,16
00:29,00:29:90,25,16,9,1,1,REGULAR,8,Y. GÜLTEKIN,1,substitution,193,,[],out,0,19,Yavuz,Gültekin,Yavuz,Gültekin,Y,G,Y,G,Y. Gültekin,TÜRK TELEKOM,TTK,Y. Gültekin,19,,,,,,SUB,out,TÜRK TELEKOM substitution out,,,,,,,,,0,63,1.0,,0,25,0,16
00:29,00:29:90,25,16,9,1,1,REGULAR,77,J. SMITH,1,substitution,194,,[],in,0,9,Jaleen Devon,Smith,Jaleen Devon,Smith,J,S,J,S,J. Smith,TÜRK TELEKOM,TTK,J. Smith,9,,,,,,SUB,in,TÜRK TELEKOM substitution in,,,,,,,,,0,63,1.0,,0,25,0,16
00:29,00:29:90,25,16,9,2,1,REGULAR,76,C. HOMESLEY,1,substitution,195,,[],out,0,5,Caleb Allen,Homesley,Caleb Allen,Homesley,C,H,C,H,C. Homesley,BAHÇESEHIR KOLEJI,BSK,C. Homesley,5,,,,,,SUB,out,BAHÇESEHIR KOLEJI substitution out,,,,,,,,,0,63,1.0,,0,25,0,16
00:29,00:29:90,25,16,9,2,1,REGULAR,64,F. HALTALI,1,substitution,196,,[],out,0,14,Furkan,Haltali,Furkan,Haltali,F,H,F,H,F. Haltali,BAHÇESEHIR KOLEJI,BSK,F. Haltali,14,,,,,,SUB,out,BAHÇESEHIR KOLEJI substitution out,,,,,,,,,0,63,1.0,,0,25,0,16
00:29,00:29:90,25,16,9,2,1,REGULAR,1,I. AKPINAR,1,substitution,197,,[],in,0,33,Ismet,Akpinar,Ismet,Akpinar,I,A,I,A,I. Akpinar,BAHÇESEHIR KOLEJI,BSK,I. Akpinar,33,,,,,,SUB,in,BAHÇESEHIR KOLEJI substitution in,,,,,,,,,0,63,1.0,,0,25,0,16
00:29,00:29:90,25,16,9,2,1,REGULAR,80,T. WILLIAMS,1,substitution,198,,[],in,0,50,Trevion Lamon,Williams,Trevion Lamon,Williams,T,W,T,W,T. Williams,BAHÇESEHIR KOLEJI,BSK,T. Williams,50,,,,,,SUB,in,BAHÇESEHIR KOLEJI substitution in,,,,,,,,,0,63,1.0,,0,25,0,16
00:12,00:12:40,25,16,9,1,1,REGULAR,75,K. ALLMAN,0,2pt,200,,"['fromturnover', 'pointsinthepaint']",pullupjumpshot,1,1,Kyle Lindsay,Allman,Kyle Lindsay,Allman,K,A,K,A,K. Allman,TÜRK TELEKOM,TTK,K. Allman,1,,,85.48999786377,42.090000152588,0.0,P2,missed,TÜRK TELEKOM K. ALLMAN 2Pt missed,,,,,,,,,0,63,1.0,def_reb,0,25,0,16
00:09,00:09:60,25,16,9,2,1,REGULAR,80,T. WILLIAMS,1,rebound,201,200,[],defensive,0,50,Trevion Lamon,Williams,Trevion Lamon,Williams,T,W,T,W,T. Williams,BAHÇESEHIR KOLEJI,BSK,T. Williams,50,,,,,,REB,,BAHÇESEHIR KOLEJI rebound defensive,,,,,,,,,0,64,2.0,def_reb,0,25,0,16
00:03,00:03:50,25,18,7,2,1,REGULAR,80,T. WILLIAMS,1,2pt,204,,['pointsinthepaint'],jumpshot,1,50,Trevion Lamon,Williams,Trevion Lamon,Williams,T,W,T,W,T. Williams,BAHÇESEHIR KOLEJI,BSK,T. Williams,50,,,6.2399997711182,59.599998474121,1.0,P2,made,BAHÇESEHIR KOLEJI T. WILLIAMS 2Pt made,79.0,2.0,H. HALE,,,,,,2,65,1.0,score,0,25,2,18
00:03,00:03:50,25,18,7,2,1,REGULAR,79,H. HALE,1,assist,205,204,[],,0,77,Hunter Jelaun,Hale,Hunter Jelaun,Hale,H,H,H,H,H. Hale,BAHÇESEHIR KOLEJI,BSK,H. Hale,77,,,,,,ASS,,BAHÇESEHIR KOLEJI H. HALE assist,,,,,,,,,0,66,2.0,,0,25,0,18
00:00,00:00:00,25,18,7,0,1,REGULAR,0,,1,period,207,,['confirmed'],end,0,,,,,,,,,,,,,,,,,,,,OTHER,,period end,,,,,,,,,0,66,2.0,,0,25,0,18
10:00,10:00:00,25,18,7,1,2,REGULAR,77,J. SMITH,1,substitution,208,,[],out,0,9,Jaleen Devon,Smith,Jaleen Devon,Smith,J,S,J,S,J. Smith,TÜRK TELEKOM,TTK,J. Smith,9,,,,,,SUB,out,TÜRK TELEKOM substitution out,,,,,,,,,0,66,2.0,,0,25,0,18
10:00,10:00:00,25,18,7,1,2,REGULAR,76,M. SIMONOVIC,1,substitution,209,,[],out,0,11,Marko,Simonovic,Marko,Simonovic,M,S,M,S,M. Simonovic,TÜRK TELEKOM,TTK,M. Simonovic,11,,,,,,SUB,out,TÜRK TELEKOM substitution out,,,,,,,,,0,66,2.0,,0,25,0,18
10:00,10:00:00,25,18,7,1,2,REGULAR,7,B. DURMAZ,1,substitution,210,,[],in,0,3,Berkan,Durmaz,Berkan,Durmaz,B,D,B,D,B. Durmaz,TÜRK TELEKOM,TTK,B. Durmaz,3,,,,,,SUB,in,TÜRK TELEKOM substitution in,,,,,,,,,0,66,2.0,,0,25,0,18
10:00,10:00:00,25,18,7,1,2,REGULAR,74,J. USHER,1,substitution,211,,[],in,0,8,Jordan Emanuel ,Usher,Jordan Emanuel ,Usher,J,U,J,U,J. Usher,TÜRK TELEKOM,TTK,J. Usher,8,,,,,,SUB,in,TÜRK TELEKOM substitution in,,,,,,,,,0,66,2.0,,0,25,0,18
10:00,10:00:00,25,18,7,0,2,REGULAR,0,,1,period,212,,[],start,0,,,,,,,,,,,,,,,,,,,,OTHER,,period start,,,,,,,,,0,66,2.0,,0,25,0,18
09:46,09:46:00,25,20,5,2,2,REGULAR,79,H. HALE,1,2pt,214,,['pointsinthepaint'],fadeaway,1,77,Hunter Jelaun,Hale,Hunter Jelaun,Hale,H,H,H,H,H. Hale,BAHÇESEHIR KOLEJI,BSK,H. Hale,77,,,11.539999961853,44.919998168945,1.0,P2,made,BAHÇESEHIR KOLEJI H. HALE 2Pt made,,,,,,,,,2,66,2.0,score,0,25,2,20
09:36,09:36:00,25,20,5,1,2,REGULAR,5,D. ÖZDEMIROGLU,1,turnover,215,,[],ballhandling,0,18,Dogus,Özdemiroglu,Dogus,Özdemiroglu,D,Ö,D,Ö,D. Özdemiroglu,TÜRK TELEKOM,TTK,D. Özdemiroglu,18,,,,,,TO,,TÜRK TELEKOM D. ÖZDEMIROGLU turnover ballhandling,,,,,,,,,0,67,1.0,turnover,0,25,0,20
09:36,09:36:00,25,20,5,2,2,REGULAR,81,M. FLYNN,1,steal,216,215,[],,0,22,Malachi Emmanuel,Flynn,Malachi Emmanuel,Flynn,M,F,M,F,M. Flynn,BAHÇESEHIR KOLEJI,BSK,M. Flynn,22,,,,,,ST,,BAHÇESEHIR KOLEJI M. FLYNN steal,,,,,,,,,0,68,2.0,,0,25,0,20
09:32,09:32:00,25,22,3,2,2,REGULAR,81,M. FLYNN,1,2pt,217,,"['fromturnover', 'pointsinthepaint', 'fastbreak']",layup,1,22,Malachi Emmanuel,Flynn,Malachi Emmanuel,Flynn,M,F,M,F,M. Flynn,BAHÇESEHIR KOLEJI,BSK,M. Flynn,22,,,10.140000343323,63.560001373291,1.0,P2,made,BAHÇESEHIR KOLEJI M. FLYNN 2Pt made,,,,,,,,,2,68,2.0,score,0,25,2,22
09:08,09:08:00,27,22,5,1,2,REGULAR,78,K. BANKSTON,1,2pt,218,,['pointsinthepaint'],dunk,1,30,Kristeon Lamar,Bankston,Kristeon Lamar,Bankston,K,B,K,B,K. Bankston,TÜRK TELEKOM,TTK,K. Bankston,30,,,92.040000915527,43.790000915527,1.0,P2,made,TÜRK TELEKOM K. BANKSTON 2Pt made,5.0,1.0,D. ÖZDEMIROGLU,,,,,,2,69,1.0,score,2,27,0,22
09:08,09:08:00,27,22,5,1,2,REGULAR,5,D. ÖZDEMIROGLU,1,assist,219,218,[],,0,18,Dogus,Özdemiroglu,Dogus,Özdemiroglu,D,Ö,D,Ö,D. Özdemiroglu,TÜRK TELEKOM,TTK,D. Özdemiroglu,18,,,,,,ASS,,TÜRK TELEKOM D. ÖZDEMIROGLU assist,,,,,,,,,0,70,2.0,,0,27,0,22
08:56,08:56:00,27,22,5,1,2,REGULAR,5,D. ÖZDEMIROGLU,1,foul,223,,[],personal,0,18,Dogus,Özdemiroglu,Dogus,Özdemiroglu,D,Ö,D,Ö,D. Özdemiroglu,TÜRK TELEKOM,TTK,D. Özdemiroglu,18,,,,,,FOUL,,TÜRK TELEKOM D. ÖZDEMIROGLU foul personal,,,,,,,,,0,70,2.0,,0,27,0,22
08:56,08:56:00,27,22,5,2,2,REGULAR,77,M. MITCHELL II,1,foulon,224,223,[],,0,11,Matthew Antonio,Mitchell Ii,Matthew Antonio,Mitchell Ii,M,M,M,M,M. Mitchell Ii,BAHÇESEHIR KOLEJI,BSK,M. Mitchell Ii,11,,,,,,OTHER,,BAHÇESEHIR KOLEJI foulon,,,,,,,,,0,70,2.0,,0,27,0,22
08:41,08:41:00,27,25,2,2,2,REGULAR,79,H. HALE,1,3pt,226,,[],jumpshot,1,77,Hunter Jelaun,Hale,Hunter Jelaun,Hale,H,H,H,H,H. Hale,BAHÇESEHIR KOLEJI,BSK,H. Hale,77,,,26.209999084473,23.450000762939,1.0,P3,made,BAHÇESEHIR KOLEJI H. HALE 3Pt made,,,,,,,,,3,70,2.0,score,0,27,3,25
08:22,08:22:00,27,25,2,1,2,REGULAR,7,B. DURMAZ,0,3pt,227,,[],jumpshot,1,3,Berkan,Durmaz,Berkan,Durmaz,B,D,B,D,B. Durmaz,TÜRK TELEKOM,TTK,B. Durmaz,3,,,83.930000305176,7.6300001144409,0.0,P3,missed,TÜRK TELEKOM B. DURMAZ 3Pt missed,,,,,,,,,0,71,1.0,def_reb,0,27,0,25
08:19,08:19:00,27,25,2,2,2,REGULAR,81,M. FLYNN,1,rebound,228,227,[],defensive,0,22,Malachi Emmanuel,Flynn,Malachi Emmanuel,Flynn,M,F,M,F,M. Flynn,BAHÇESEHIR KOLEJI,BSK,M. Flynn,22,,,,,,REB,,BAHÇESEHIR KOLEJI rebound defensive,,,,,,,,,0,72,2.0,def_reb,0,27,0,25
08:18,08:18:00,27,25,2,1,2,REGULAR,74,J. USHER,1,foul,230,,[],personal,0,8,Jordan Emanuel ,Usher,Jordan Emanuel ,Usher,J,U,J,U,J. Usher,TÜRK TELEKOM,TTK,J. Usher,8,,,,,,FOUL,,TÜRK TELEKOM J. USHER foul personal,,,,,,,,,0,73,1.0,,0,27,0,25
08:18,08:18:00,27,25,2,2,2,REGULAR,81,M. FLYNN,1,foulon,231,230,[],,0,22,Malachi Emmanuel,Flynn,Malachi Emmanuel,Flynn,M,F,M,F,M. Flynn,BAHÇESEHIR KOLEJI,BSK,M. Flynn,22,,,,,,OTHER,,BAHÇESEHIR KOLEJI foulon,,,,,,,,,0,73,1.0,,0,27,0,25
08:18,08:18:00,27,25,2,1,2,REGULAR,74,J. USHER,1,substitution,232,,[],out,0,8,Jordan Emanuel ,Usher,Jordan Emanuel ,Usher,J,U,J,U,J. Usher,TÜRK TELEKOM,TTK,J. Usher,8,,,,,,SUB,out,TÜRK TELEKOM substitution out,,,,,,,,,0,73,1.0,,0,27,0,25
08:18,08:18:00,27,25,2,1,2,REGULAR,8,Y. GÜLTEKIN,1,substitution,233,,[],in,0,19,Yavuz,Gültekin,Yavuz,Gültekin,Y,G,Y,G,Y. Gültekin,TÜRK TELEKOM,TTK,Y. Gültekin,19,,,,,,SUB,in,TÜRK TELEKOM substitution in,,,,,,,,,0,73,1.0,,0,27,0,25
08:11,08:11:00,27,25,2,1,2,REGULAR,8,Y. GÜLTEKIN,1,foul,236,,"['shooting', '2freethrow']",personal,0,19,Yavuz,Gültekin,Yavuz,Gültekin,Y,G,Y,G,Y. Gültekin,TÜRK TELEKOM,TTK,Y. Gültekin,19,,,,,,FOUL,,TÜRK TELEKOM Y. GÜLTEKIN foul personal,,,,,,,,,0,73,1.0,,0,27,0,25
08:11,08:11:00,27,25,2,2,2,REGULAR,81,M. FLYNN,1,foulon,237,236,[],,0,22,Malachi Emmanuel,Flynn,Malachi Emmanuel,Flynn,M,F,M,F,M. Flynn,BAHÇESEHIR KOLEJI,BSK,M. Flynn,22,,,,,,OTHER,,BAHÇESEHIR KOLEJI foulon,,,,,,,,,0,73,1.0,,0,27,0,25
08:11,08:11:00,27,26,1,2,2,REGULAR,81,M. FLYNN,1,freethrow,238,,[],1of2,1,22,Malachi Emmanuel,Flynn,Malachi Emmanuel,Flynn,M,F,M,F,M. Flynn,BAHÇESEHIR KOLEJI,BSK,M. Flynn,22,,,,,,FT,made,BAHÇESEHIR KOLEJI M. FLYNN FT 1of2 made,,,,,,,,,1,73,1.0,made_ft,0,27,1,26
08:11,08:11:00,27,27,0,2,2,REGULAR,81,M. FLYNN,1,freethrow,239,,[],2of2,1,22,Malachi Emmanuel,Flynn,Malachi Emmanuel,Flynn,M,F,M,F,M. Flynn,BAHÇESEHIR KOLEJI,BSK,M. Flynn,22,,,,,,FT,made,BAHÇESEHIR KOLEJI M. FLYNN FT 2of2 made,,,,,,,,,1,74,2.0,made_ft_last,0,27,1,27
07:59,07:59:00,27,27,0,2,2,REGULAR,81,M. FLYNN,1,foul,242,,"['shooting', '2freethrow']",personal,0,22,Malachi Emmanuel,Flynn,Malachi Emmanuel,Flynn,M,F,M,F,M. Flynn,BAHÇESEHIR KOLEJI,BSK,M. Flynn,22,,,,,,FOUL,,BAHÇESEHIR KOLEJI M. FLYNN foul personal,,,,,,,,,0,75,1.0,,0,27,0,27
07:59,07:59:00,27,27,0,1,2,REGULAR,7,B. DURMAZ,1,foulon,243,242,[],,0,3,Berkan,Durmaz,Berkan,Durmaz,B,D,B,D,B. Durmaz,TÜRK TELEKOM,TTK,B. Durmaz,3,,,,,,OTHER,,TÜRK TELEKOM foulon,,,,,,,,,0,75,1.0,,0,27,0,27
07:59,07:59:00,27,27,0,1,2,REGULAR,7,B. DURMAZ,0,freethrow,244,,[],1of2,1,3,Berkan,Durmaz,Berkan,Durmaz,B,D,B,D,B. Durmaz,TÜRK TELEKOM,TTK,B. Durmaz,3,,,,,,FT,missed,TÜRK TELEKOM B. DURMAZ FT 1of2 missed,,,,,,,,,0,75,1.0,def_reb,0,27,0,27
07:59,07:59:00,27,27,0,1,2,REGULAR,0,,1,rebound,245,244,[],offensivedeadball,0,,,,,,,,,,,TÜRK TELEKOM,TTK,,,,,,,,TREB,,TÜRK TELEKOM team rebound offensivedeadball,,,,,,,,,0,76,2.0,def_reb,0,27,0,27
07:59,07:59:00,27,27,0,1,2,REGULAR,7,B. DURMAZ,0,freethrow,246,,[],2of2,1,3,Berkan,Durmaz,Berkan,Durmaz,B,D,B,D,B. Durmaz,TÜRK TELEKOM,TTK,B. Durmaz,3,,,,,,FT,missed,TÜRK TELEKOM B. DURMAZ FT 2of2 missed,,,,,,,,,0,77,1.0,def_reb,0,27,0,27
07:59,07:59:00,27,27,0,2,2,REGULAR,80,T. WILLIAMS,1,rebound,248,246,[],defensive,0,50,Trevion Lamon,Williams,Trevion Lamon,Williams,T,W,T,W,T. Williams,BAHÇESEHIR KOLEJI,BSK,T. Williams,50,,,,,,REB,,BAHÇESEHIR KOLEJI rebound defensive,,,,,,,,,0,78,2.0,def_reb,0,27,0,27
07:45,07:45:00,27,27,0,2,2,REGULAR,79,H. HALE,0,2pt,249,,['blocked'],jumpshot,1,77,Hunter Jelaun,Hale,Hunter Jelaun,Hale,H,H,H,H,H. Hale,BAHÇESEHIR KOLEJI,BSK,H. Hale,77,,,21.219999313354,32.490001678467,0.0,P2,missed,BAHÇESEHIR KOLEJI H. HALE 2Pt missed,,,,78.0,1.0,K. BANKSTON,,,0,79,1.0,,0,27,0,27
07:45,07:45:00,27,27,0,1,2,REGULAR,78,K. BANKSTON,1,block,250,249,[],,0,30,Kristeon Lamar,Bankston,Kristeon Lamar,Bankston,K,B,K,B,K. Bankston,TÜRK TELEKOM,TTK,K. Bankston,30,,,,,,BS,,TÜRK TELEKOM K. BANKSTON block,,,,,,,,,0,79,1.0,,0,27,0,27
07:42,07:42:00,27,27,0,1,2,REGULAR,8,Y. GÜLTEKIN,1,rebound,251,249,[],defensive,0,19,Yavuz,Gültekin,Yavuz,Gültekin,Y,G,Y,G,Y. Gültekin,TÜRK TELEKOM,TTK,Y. Gültekin,19,,,,,,REB,,TÜRK TELEKOM rebound defensive,,,,,,,,,0,79,1.0,def_reb,0,27,0,27
07:39,07:39:00,27,27,0,1,2,REGULAR,8,Y. GÜLTEKIN,1,turnover,252,,[],badpass,0,19,Yavuz,Gültekin,Yavuz,Gültekin,Y,G,Y,G,Y. Gültekin,TÜRK TELEKOM,TTK,Y. Gültekin,19,,,,,,TO,,TÜRK TELEKOM Y. GÜLTEKIN turnover badpass,,,,,,,,,0,80,2.0,turnover,0,27,0,27
07:39,07:39:00,27,27,0,2,2,REGULAR,79,H. HALE,1,steal,253,252,[],,0,77,Hunter Jelaun,Hale,Hunter Jelaun,Hale,H,H,H,H,H. Hale,BAHÇESEHIR KOLEJI,BSK,H. Hale,77,,,,,,ST,,BAHÇESEHIR KOLEJI H. HALE steal,,,,,,,,,0,81,1.0,,0,27,0,27
07:35,07:35:00,27,27,0,2,2,REGULAR,79,H. HALE,1,turnover,254,,[],badpass,0,77,Hunter Jelaun,Hale,Hunter Jelaun,Hale,H,H,H,H,H. Hale,BAHÇESEHIR KOLEJI,BSK,H. Hale,77,,,,,,TO,,BAHÇESEHIR KOLEJI H. HALE turnover badpass,,,,,,,,,0,81,1.0,turnover,0,27,0,27
07:35,07:35:00,27,27,0,1,2,REGULAR,8,Y. GÜLTEKIN,1,steal,255,254,[],,0,19,Yavuz,Gültekin,Yavuz,Gültekin,Y,G,Y,G,Y. Gültekin,TÜRK TELEKOM,TTK,Y. Gültekin,19,,,,,,ST,,TÜRK TELEKOM Y. GÜLTEKIN steal,,,,,,,,,0,82,2.0,,0,27,0,27
07:30,07:30:00,29,27,2,1,2,REGULAR,8,Y. GÜLTEKIN,1,2pt,257,,"['fromturnover', 'pointsinthepaint', 'fastbreak']",layup,1,19,Yavuz,Gültekin,Yavuz,Gültekin,Y,G,Y,G,Y. Gültekin,TÜRK TELEKOM,TTK,Y. Gültekin,19,,,94.540000915527,40.680000305176,1.0,P2,made,TÜRK TELEKOM Y. GÜLTEKIN 2Pt made,,,,,,,,,2,82,2.0,score,2,29,0,27
07:30,07:30:00,29,27,2,2,2,REGULAR,79,H. HALE,1,foul,258,,"['shooting', '1freethrow']",personal,0,77,Hunter Jelaun,Hale,Hunter Jelaun,Hale,H,H,H,H,H. Hale,BAHÇESEHIR KOLEJI,BSK,H. Hale,77,,,,,,FOUL,,BAHÇESEHIR KOLEJI H. HALE foul personal,,,,,,,,,0,83,1.0,,0,29,0,27
07:30,07:30:00,29,27,2,1,2,REGULAR,8,Y. GÜLTEKIN,1,foulon,259,258,[],,0,19,Yavuz,Gültekin,Yavuz,Gültekin,Y,G,Y,G,Y. Gültekin,TÜRK TELEKOM,TTK,Y. Gültekin,19,,,,,,OTHER,,TÜRK TELEKOM foulon,,,,,,,,,0,83,1.0,,0,29,0,27
07:30,07:30:00,29,27,2,1,2,REGULAR,7,B. DURMAZ,1,substitution,260,,[],out,0,3,Berkan,Durmaz,Berkan,Durmaz,B,D,B,D,B. Durmaz,TÜRK TELEKOM,TTK,B. Durmaz,3,,,,,,SUB,out,TÜRK TELEKOM substitution out,,,,,,,,,0,83,1.0,,0,29,0,27
07:30,07:30:00,29,27,2,1,2,REGULAR,77,J. SMITH,1,substitution,261,,[],in,0,9,Jaleen Devon,Smith,Jaleen Devon,Smith,J,S,J,S,J. Smith,TÜRK TELEKOM,TTK,J. Smith,9,,,,,,SUB,in,TÜRK TELEKOM substitution in,,,,,,,,,0,83,1.0,,0,29,0,27
07:30,07:30:00,29,27,2,2,2,REGULAR,79,H. HALE,1,substitution,262,,[],out,0,77,Hunter Jelaun,Hale,Hunter Jelaun,Hale,H,H,H,H,H. Hale,BAHÇESEHIR KOLEJI,BSK,H. Hale,77,,,,,,SUB,out,BAHÇESEHIR KOLEJI substitution out,,,,,,,,,0,83,1.0,,0,29,0,27
07:30,07:30:00,29,27,2,2,2,REGULAR,74,M. PONITKA,1,substitution,263,,[],in,0,28,Mateusz Michal,Ponitka,Mateusz Michal,Ponitka,M,P,M,P,M. Ponitka,BAHÇESEHIR KOLEJI,BSK,M. Ponitka,28,,,,,,SUB,in,BAHÇESEHIR KOLEJI substitution in,,,,,,,,,0,83,1.0,,0,29,0,27
07:30,07:30:00,29,27,2,1,2,REGULAR,5,D. ÖZDEMIROGLU,1,substitution,264,,[],out,0,18,Dogus,Özdemiroglu,Dogus,Özdemiroglu,D,Ö,D,Ö,D. Özdemiroglu,TÜRK TELEKOM,TTK,D. Özdemiroglu,18,,,,,,SUB,out,TÜRK TELEKOM substitution out,,,,,,,,,0,83,1.0,,0,29,0,27
07:30,07:30:00,29,27,2,1,2,REGULAR,74,J. USHER,1,substitution,265,,[],in,0,8,Jordan Emanuel ,Usher,Jordan Emanuel ,Usher,J,U,J,U,J. Usher,TÜRK TELEKOM,TTK,J. Usher,8,,,,,,SUB,in,TÜRK TELEKOM substitution in,,,,,,,,,0,83,1.0,,0,29,0,27
07:30,07:30:00,29,27,2,1,2,REGULAR,8,Y. GÜLTEKIN,0,freethrow,266,,"['fastbreak', 'fromturnover']",1of1,1,19,Yavuz,Gültekin,Yavuz,Gültekin,Y,G,Y,G,Y. Gültekin,TÜRK TELEKOM,TTK,Y. Gültekin,19,,,,,,FT,missed,TÜRK TELEKOM Y. GÜLTEKIN FT 1of1 missed,,,,,,,,,0,83,1.0,def_reb,0,29,0,27
07:30,07:30:00,29,27,2,2,2,REGULAR,77,M. MITCHELL II,1,rebound,268,266,[],defensive,0,11,Matthew Antonio,Mitchell Ii,Matthew Antonio,Mitchell Ii,M,M,M,M,M. Mitchell Ii,BAHÇESEHIR KOLEJI,BSK,M. Mitchell Ii,11,,,,,,REB,,BAHÇESEHIR KOLEJI rebound defensive,,,,,,,,,0,84,2.0,def_reb,0,29,0,27
07:16,07:16:00,29,29,0,2,2,REGULAR,77,M. MITCHELL II,1,2pt,269,,['pointsinthepaint'],fadeaway,1,11,Matthew Antonio,Mitchell Ii,Matthew Antonio,Mitchell Ii,M,M,M,M,M. Mitchell Ii,BAHÇESEHIR KOLEJI,BSK,M. Mitchell Ii,11,,,9.8299999237061,53.669998168945,1.0,P2,made,BAHÇESEHIR KOLEJI M. MITCHELL II 2Pt made,,,,,,,,,2,85,1.0,score,0,29,2,29
06:58,06:58:00,32,29,3,1,2,REGULAR,8,Y. GÜLTEKIN,1,3pt,270,,[],jumpshot,1,19,Yavuz,Gültekin,Yavuz,Gültekin,Y,G,Y,G,Y. Gültekin,TÜRK TELEKOM,TTK,Y. Gültekin,19,,,94.069999694824,3.9500000476837,1.0,P3,made,TÜRK TELEKOM Y. GÜLTEKIN 3Pt made,75.0,1.0,K. ALLMAN,,,,,,3,86,2.0,score,3,32,0,29
06:58,06:58:00,32,29,3,1,2,REGULAR,75,K. ALLMAN,1,assist,271,270,[],,0,1,Kyle Lindsay,Allman,Kyle Lindsay,Allman,K,A,K,A,K. Allman,TÜRK TELEKOM,TTK,K. Allman,1,,,,,,ASS,,TÜRK TELEKOM K. ALLMAN assist,,,,,,,,,0,87,1.0,,0,32,0,29
06:37,06:37:00,32,29,3,2,2,REGULAR,74,M. PONITKA,0,2pt,273,,['pointsinthepaint'],drivinglayup,1,28,Mateusz Michal,Ponitka,Mateusz Michal,Ponitka,M,P,M,P,M. Ponitka,BAHÇESEHIR KOLEJI,BSK,M. Ponitka,28,,,7.8000001907349,38.139999389648,0.0,P2,missed,BAHÇESEHIR KOLEJI M. PONITKA 2Pt missed,,,,,,,,,0,87,1.0,def_reb,0,32,0,29
06:37,06:37:00,32,29,3,2,2,REGULAR,0,,1,rebound,274,273,['team'],offensive,0,,,,,,,,,,,BAHÇESEHIR KOLEJI,BSK,,,,,,,,TREB,,BAHÇESEHIR KOLEJI team rebound offensive,,,,,,,,,0,88,2.0,def_reb,0,32,0,29
06:33,06:33:00,32,29,3,2,2,REGULAR,1,I. AKPINAR,0,3pt,276,,['2ndchance'],jumpshot,1,33,Ismet,Akpinar,Ismet,Akpinar,I,A,I,A,I. Akpinar,BAHÇESEHIR KOLEJI,BSK,I. Akpinar,33,,,8.4200000762939,96.330001831055,0.0,P3,missed,BAHÇESEHIR KOLEJI I. AKPINAR 3Pt missed,,,,,,,,,0,89,1.0,,0,32,0,29
06:31,06:31:00,32,29,3,2,2,REGULAR,80,T. WILLIAMS,1,rebound,277,276,[],offensive,0,50,Trevion Lamon,Williams,Trevion Lamon,Williams,T,W,T,W,T. Williams,BAHÇESEHIR KOLEJI,BSK,T. Williams,50,,,,,,REB,,BAHÇESEHIR KOLEJI rebound offensive,,,,,,,,,0,89,1.0,,0,32,0,29
06:29,06:29:00,32,32,0,2,2,REGULAR,74,M. PONITKA,1,3pt,278,,['2ndchance'],jumpshot,1,28,Mateusz Michal,Ponitka,Mateusz Michal,Ponitka,M,P,M,P,M. Ponitka,BAHÇESEHIR KOLEJI,BSK,M. Ponitka,28,,,15.439999580383,5.3699998855591,1.0,P3,made,BAHÇESEHIR KOLEJI M. PONITKA 3Pt made,80.0,2.0,T. WILLIAMS,,,,,,3,89,1.0,score,0,32,3,32
06:29,06:29:00,32,32,0,2,2,REGULAR,80,T. WILLIAMS,1,assist,279,278,[],,0,50,Trevion Lamon,Williams,Trevion Lamon,Williams,T,W,T,W,T. Williams,BAHÇESEHIR KOLEJI,BSK,T. Williams,50,,,,,,ASS,,BAHÇESEHIR KOLEJI T. WILLIAMS assist,,,,,,,,,0,90,2.0,,0,32,0,32
06:15,06:15:00,34,32,2,1,2,REGULAR,78,K. BANKSTON,1,2pt,280,,['pointsinthepaint'],layup,1,30,Kristeon Lamar,Bankston,Kristeon Lamar,Bankston,K,B,K,B,K. Bankston,TÜRK TELEKOM,TTK,K. Bankston,30,,,89.699996948242,60.450000762939,1.0,P2,made,TÜRK TELEKOM K. BANKSTON 2Pt made,77.0,1.0,J. SMITH,,,,,,2,90,2.0,score,2,34,0,32
06:15,06:15:00,34,32,2,1,2,REGULAR,77,J. SMITH,1,assist,281,280,[],,0,9,Jaleen Devon,Smith,Jaleen Devon,Smith,J,S,J,S,J. Smith,TÜRK TELEKOM,TTK,J. Smith,9,,,,,,ASS,,TÜRK TELEKOM J. SMITH assist,,,,,,,,,0,91,1.0,,0,34,0,32
05:57,05:57:00,34,32,2,2,2,REGULAR,77,M. MITCHELL II,0,2pt,282,,['pointsinthepaint'],layup,1,11,Matthew Antonio,Mitchell Ii,Matthew Antonio,Mitchell Ii,M,M,M,M,M. Mitchell Ii,BAHÇESEHIR KOLEJI,BSK,M. Mitchell Ii,11,,,5.6199998855591,36.720001220703,0.0,P2,missed,BAHÇESEHIR KOLEJI M. MITCHELL II 2Pt missed,,,,,,,,,0,91,1.0,,0,34,0,32
05:55,05:55:00,34,32,2,2,2,REGULAR,77,M. MITCHELL II,1,rebound,283,282,[],offensive,0,11,Matthew Antonio,Mitchell Ii,Matthew Antonio,Mitchell Ii,M,M,M,M,M. Mitchell Ii,BAHÇESEHIR KOLEJI,BSK,M. Mitchell Ii,11,,,,,,REB,,BAHÇESEHIR KOLEJI rebound offensive,,,,,,,,,0,91,1.0,,0,34,0,32
05:53,05:53:00,34,34,0,2,2,REGULAR,77,M. MITCHELL II,1,2pt,284,,"['2ndchance', 'pointsinthepaint']",jumpshot,1,11,Matthew Antonio,Mitchell Ii,Matthew Antonio,Mitchell Ii,M,M,M,M,M. Mitchell Ii,BAHÇESEHIR KOLEJI,BSK,M. Mitchell Ii,11,,,6.5500001907349,37.009998321533,1.0,P2,made,BAHÇESEHIR KOLEJI M. MITCHELL II 2Pt made,,,,,,,,,2,91,1.0,score,0,34,2,34
05:35,05:35:00,34,34,0,1,2,REGULAR,75,K. ALLMAN,0,3pt,285,,[],jumpshot,1,1,Kyle Lindsay,Allman,Kyle Lindsay,Allman,K,A,K,A,K. Allman,TÜRK TELEKOM,TTK,K. Allman,1,,,71.919998168945,21.75,0.0,P3,missed,TÜRK TELEKOM K. ALLMAN 3Pt missed,,,,,,,,,0,92,2.0,,0,34,0,34
05:30,05:30:00,34,34,0,1,2,REGULAR,78,K. BANKSTON,1,rebound,286,285,[],offensive,0,30,Kristeon Lamar,Bankston,Kristeon Lamar,Bankston,K,B,K,B,K. Bankston,TÜRK TELEKOM,TTK,K. Bankston,30,,,,,,REB,,TÜRK TELEKOM rebound offensive,,,,,,,,,0,92,2.0,,0,34,0,34
05:26,05:26:00,34,34,0,2,2,REGULAR,1,I. AKPINAR,1,foul,288,,"['shooting', '2freethrow']",personal,0,33,Ismet,Akpinar,Ismet,Akpinar,I,A,I,A,I. Akpinar,BAHÇESEHIR KOLEJI,BSK,I. Akpinar,33,,,,,,FOUL,,BAHÇESEHIR KOLEJI I. AKPINAR foul personal,,,,,,,,,0,92,2.0,,0,34,0,34
05:26,05:26:00,34,34,0,1,2,REGULAR,75,K. ALLMAN,1,foulon,289,288,[],,0,1,Kyle Lindsay,Allman,Kyle Lindsay,Allman,K,A,K,A,K. Allman,TÜRK TELEKOM,TTK,K. Allman,1,,,,,,OTHER,,TÜRK TELEKOM foulon,,,,,,,,,0,92,2.0,,0,34,0,34
05:26,05:26:00,34,34,0,1,2,REGULAR,8,Y. GÜLTEKIN,1,substitution,290,,[],out,0,19,Yavuz,Gültekin,Yavuz,Gültekin,Y,G,Y,G,Y. Gültekin,TÜRK TELEKOM,TTK,Y. Gültekin,19,,,,,,SUB,out,TÜRK TELEKOM substitution out,,,,,,,,,0,92,2.0,,0,34,0,34
05:26,05:26:00,34,34,0,1,2,REGULAR,78,K. BANKSTON,1,substitution,291,,[],out,0,30,Kristeon Lamar,Bankston,Kristeon Lamar,Bankston,K,B,K,B,K. Bankston,TÜRK TELEKOM,TTK,K. Bankston,30,,,,,,SUB,out,TÜRK TELEKOM substitution out,,,,,,,,,0,92,2.0,,0,34,0,34
05:26,05:26:00,34,34,0,1,2,REGULAR,6,E. KOSUT,1,substitution,292,,[],in,0,5,Emircan,Kosut,Emircan,Kosut,E,K,E,K,E. Kosut,TÜRK TELEKOM,TTK,E. Kosut,5,,,,,,SUB,in,TÜRK TELEKOM substitution in,,,,,,,,,0,92,2.0,,0,34,0,34
05:26,05:26:00,34,34,0,1,2,REGULAR,76,M. SIMONOVIC,1,substitution,293,,[],in,0,11,Marko,Simonovic,Marko,Simonovic,M,S,M,S,M. Simonovic,TÜRK TELEKOM,TTK,M. Simonovic,11,,,,,,SUB,in,TÜRK TELEKOM substitution in,,,,,,,,,0,92,2.0,,0,34,0,34
05:26,05:26:00,34,34,0,2,2,REGULAR,81,M. FLYNN,1,substitution,294,,[],out,0,22,Malachi Emmanuel,Flynn,Malachi Emmanuel,Flynn,M,F,M,F,M. Flynn,BAHÇESEHIR KOLEJI,BSK,M. Flynn,22,,,,,,SUB,out,BAHÇESEHIR KOLEJI substitution out,,,,,,,,,0,92,2.0,,0,34,0,34
05:26,05:26:00,34,34,0,2,2,REGULAR,1,I. AKPINAR,1,substitution,295,,[],out,0,33,Ismet,Akpinar,Ismet,Akpinar,I,A,I,A,I. Akpinar,BAHÇESEHIR KOLEJI,BSK,I. Akpinar,33,,,,,,SUB,out,BAHÇESEHIR KOLEJI substitution out,,,,,,,,,0,92,2.0,,0,34,0,34
05:26,05:26:00,34,34,0,2,2,REGULAR,76,C. HOMESLEY,1,substitution,296,,[],in,0,5,Caleb Allen,Homesley,Caleb Allen,Homesley,C,H,C,H,C. Homesley,BAHÇESEHIR KOLEJI,BSK,C. Homesley,5,,,,,,SUB,in,BAHÇESEHIR KOLEJI substitution in,,,,,,,,,0,92,2.0,,0,34,0,34
05:26,05:26:00,34,34,0,2,2,REGULAR,62,K. SIPAHI,1,substitution,297,,[],in,0,55,Kenan,Sipahi,Kenan,Sipahi,K,S,K,S,K. Sipahi,BAHÇESEHIR KOLEJI,BSK,K. Sipahi,55,,,,,,SUB,in,BAHÇESEHIR KOLEJI substitution in,,,,,,,,,0,92,2.0,,0,34,0,34
05:26,05:26:00,34,34,0,1,2,REGULAR,74,J. USHER,1,substitution,298,,[],out,0,8,Jordan Emanuel ,Usher,Jordan Emanuel ,Usher,J,U,J,U,J. Usher,TÜRK TELEKOM,TTK,J. Usher,8,,,,,,SUB,out,TÜRK TELEKOM substitution out,,,,,,,,,0,92,2.0,,0,34,0,34
05:26,05:26:00,34,34,0,1,2,REGULAR,5,D. ÖZDEMIROGLU,1,substitution,299,,[],in,0,18,Dogus,Özdemiroglu,Dogus,Özdemiroglu,D,Ö,D,Ö,D. Özdemiroglu,TÜRK TELEKOM,TTK,D. Özdemiroglu,18,,,,,,SUB,in,TÜRK TELEKOM substitution in,,,,,,,,,0,92,2.0,,0,34,0,34
05:26,05:26:00,35,34,1,1,2,REGULAR,75,K. ALLMAN,1,freethrow,300,,['2ndchance'],1of2,1,1,Kyle Lindsay,Allman,Kyle Lindsay,Allman,K,A,K,A,K. Allman,TÜRK TELEKOM,TTK,K. Allman,1,,,,,,FT,made,TÜRK TELEKOM K. ALLMAN FT 1of2 made,,,,,,,,,1,92,2.0,made_ft,1,35,0,34
05:26,05:26:00,36,34,2,1,2,REGULAR,75,K. ALLMAN,1,freethrow,301,,['2ndchance'],2of2,1,1,Kyle Lindsay,Allman,Kyle Lindsay,Allman,K,A,K,A,K. Allman,TÜRK TELEKOM,TTK,K. Allman,1,,,,,,FT,made,TÜRK TELEKOM K. ALLMAN FT 2of2 made,,,,,,,,,1,93,1.0,made_ft_last,1,36,0,34
05:16,05:16:00,36,34,2,1,2,REGULAR,77,J. SMITH,1,foul,304,,"['shooting', '2freethrow']",personal,0,9,Jaleen Devon,Smith,Jaleen Devon,Smith,J,S,J,S,J. Smith,TÜRK TELEKOM,TTK,J. Smith,9,,,,,,FOUL,,TÜRK TELEKOM J. SMITH foul personal,,,,,,,,,0,94,2.0,,0,36,0,34
05:16,05:16:00,36,34,2,2,2,REGULAR,76,C. HOMESLEY,1,foulon,305,304,[],,0,5,Caleb Allen,Homesley,Caleb Allen,Homesley,C,H,C,H,C. Homesley,BAHÇESEHIR KOLEJI,BSK,C. Homesley,5,,,,,,OTHER,,BAHÇESEHIR KOLEJI foulon,,,,,,,,,0,94,2.0,,0,36,0,34
05:16,05:16:00,36,35,1,2,2,REGULAR,76,C. HOMESLEY,1,freethrow,306,,[],1of2,1,5,Caleb Allen,Homesley,Caleb Allen,Homesley,C,H,C,H,C. Homesley,BAHÇESEHIR KOLEJI,BSK,C. Homesley,5,,,,,,FT,made,BAHÇESEHIR KOLEJI C. HOMESLEY FT 1of2 made,,,,,,,,,1,94,2.0,made_ft,0,36,1,35
05:16,05:16:00,36,36,0,2,2,REGULAR,76,C. HOMESLEY,1,freethrow,307,,[],2of2,1,5,Caleb Allen,Homesley,Caleb Allen,Homesley,C,H,C,H,C. Homesley,BAHÇESEHIR KOLEJI,BSK,C. Homesley,5,,,,,,FT,made,BAHÇESEHIR KOLEJI C. HOMESLEY FT 2of2 made,,,,,,,,,1,95,1.0,made_ft_last,0,36,1,36
05:05,05:05:00,36,36,0,2,2,REGULAR,77,M. MITCHELL II,1,foul,310,,"['shooting', '2freethrow']",personal,0,11,Matthew Antonio,Mitchell Ii,Matthew Antonio,Mitchell Ii,M,M,M,M,M. Mitchell Ii,BAHÇESEHIR KOLEJI,BSK,M. Mitchell Ii,11,,,,,,FOUL,,BAHÇESEHIR KOLEJI M. MITCHELL II foul personal,,,,,,,,,0,96,2.0,,0,36,0,36
05:05,05:05:00,36,36,0,1,2,REGULAR,76,M. SIMONOVIC,1,foulon,311,310,[],,0,11,Marko,Simonovic,Marko,Simonovic,M,S,M,S,M. Simonovic,TÜRK TELEKOM,TTK,M. Simonovic,11,,,,,,OTHER,,TÜRK TELEKOM foulon,,,,,,,,,0,96,2.0,,0,36,0,36
05:05,05:05:00,37,36,1,1,2,REGULAR,76,M. SIMONOVIC,1,freethrow,312,,[],1of2,1,11,Marko,Simonovic,Marko,Simonovic,M,S,M,S,M. Simonovic,TÜRK TELEKOM,TTK,M. Simonovic,11,,,,,,FT,made,TÜRK TELEKOM M. SIMONOVIC FT 1of2 made,,,,,,,,,1,96,2.0,made_ft,1,37,0,36
05:05,05:05:00,37,36,1,1,2,REGULAR,75,K. ALLMAN,1,assist,313,312,[],,0,1,Kyle Lindsay,Allman,Kyle Lindsay,Allman,K,A,K,A,K. Allman,TÜRK TELEKOM,TTK,K. Allman,1,,,,,,ASS,,TÜRK TELEKOM K. ALLMAN assist,,,,,,,,,0,97,1.0,,0,37,0,36
05:05,05:05:00,38,36,2,1,2,REGULAR,76,M. SIMONOVIC,1,freethrow,314,,[],2of2,1,11,Marko,Simonovic,Marko,Simonovic,M,S,M,S,M. Simonovic,TÜRK TELEKOM,TTK,M. Simonovic,11,,,,,,FT,made,TÜRK TELEKOM M. SIMONOVIC FT 2of2 made,,,,,,,,,1,97,1.0,made_ft_last,1,38,0,36
04:48,04:48:00,38,36,2,2,2,REGULAR,80,T. WILLIAMS,0,2pt,316,,['pointsinthepaint'],reverselayup,1,50,Trevion Lamon,Williams,Trevion Lamon,Williams,T,W,T,W,T. Williams,BAHÇESEHIR KOLEJI,BSK,T. Williams,50,,,8.2700004577637,64.120002746582,0.0,P2,missed,BAHÇESEHIR KOLEJI T. WILLIAMS 2Pt missed,,,,,,,,,0,98,2.0,,0,38,0,36
04:46,04:46:00,38,36,2,2,2,REGULAR,80,T. WILLIAMS,1,rebound,317,316,[],offensive,0,50,Trevion Lamon,Williams,Trevion Lamon,Williams,T,W,T,W,T. Williams,BAHÇESEHIR KOLEJI,BSK,T. Williams,50,,,,,,REB,,BAHÇESEHIR KOLEJI rebound offensive,,,,,,,,,0,98,2.0,,0,38,0,36
04:44,04:44:00,38,36,2,2,2,REGULAR,80,T. WILLIAMS,0,2pt,318,,"['2ndchance', 'pointsinthepaint']",jumpshot,1,50,Trevion Lamon,Williams,Trevion Lamon,Williams,T,W,T,W,T. Williams,BAHÇESEHIR KOLEJI,BSK,T. Williams,50,,,7.1799998283386,57.630001068115,0.0,P2,missed,BAHÇESEHIR KOLEJI T. WILLIAMS 2Pt missed,,,,,,,,,0,98,2.0,def_reb,0,38,0,36
04:43,04:43:00,38,36,2,1,2,REGULAR,0,,1,rebound,320,318,['team'],defensive,0,,,,,,,,,,,TÜRK TELEKOM,TTK,,,,,,,,TREB,,TÜRK TELEKOM team rebound defensive,,,,,,,,,0,99,1.0,def_reb,0,38,0,36
04:43,04:43:00,38,36,2,0,2,REGULAR,0,,1,timeout,321,,[],officials,0,,,,,,,,,,,,,,,,,,,,TIMEOUT,, timeout,,,,,,,,,0,100,2.0,,0,38,0,36
04:43,04:43:00,38,36,2,2,2,REGULAR,80,T. WILLIAMS,1,substitution,322,,[],out,0,50,Trevion Lamon,Williams,Trevion Lamon,Williams,T,W,T,W,T. Williams,BAHÇESEHIR KOLEJI,BSK,T. Williams,50,,,,,,SUB,out,BAHÇESEHIR KOLEJI substitution out,,,,,,,,,0,100,2.0,,0,38,0,36
04:43,04:43:00,38,36,2,2,2,REGULAR,78,B. KOPRIVICA,1,substitution,323,,[],in,0,8,Balsa,Koprivica,Balsa,Koprivica,B,K,B,K,B. Koprivica,BAHÇESEHIR KOLEJI,BSK,B. Koprivica,8,,,,,,SUB,in,BAHÇESEHIR KOLEJI substitution in,,,,,,,,,0,100,2.0,,0,38,0,36
04:26,04:26:00,38,36,2,1,2,REGULAR,75,K. ALLMAN,0,2pt,327,,"['pointsinthepaint', 'blocked']",drivinglayup,1,1,Kyle Lindsay,Allman,Kyle Lindsay,Allman,K,A,K,A,K. Allman,TÜRK TELEKOM,TTK,K. Allman,1,,,89.389999389648,66.099998474121,0.0,P2,missed,TÜRK TELEKOM K. ALLMAN 2Pt missed,,,,78.0,2.0,B. KOPRIVICA,,,0,100,2.0,,0,38,0,36
04:26,04:26:00,38,36,2,2,2,REGULAR,78,B. KOPRIVICA,1,block,329,327,[],,0,8,Balsa,Koprivica,Balsa,Koprivica,B,K,B,K,B. Koprivica,BAHÇESEHIR KOLEJI,BSK,B. Koprivica,8,,,,,,BS,,BAHÇESEHIR KOLEJI B. KOPRIVICA block,,,,,,,,,0,100,2.0,,0,38,0,36
04:24,04:24:00,38,36,2,2,2,REGULAR,76,C. HOMESLEY,1,rebound,330,327,[],defensive,0,5,Caleb Allen,Homesley,Caleb Allen,Homesley,C,H,C,H,C. Homesley,BAHÇESEHIR KOLEJI,BSK,C. Homesley,5,,,,,,REB,,BAHÇESEHIR KOLEJI rebound defensive,,,,,,,,,0,100,2.0,def_reb,0,38,0,36
04:24,04:24:00,38,36,2,1,2,REGULAR,5,D. ÖZDEMIROGLU,1,foul,331,,['2freethrow'],personal,0,18,Dogus,Özdemiroglu,Dogus,Özdemiroglu,D,Ö,D,Ö,D. Özdemiroglu,TÜRK TELEKOM,TTK,D. Özdemiroglu,18,,,,,,FOUL,,TÜRK TELEKOM D. ÖZDEMIROGLU foul personal,,,,,,,,,0,101,1.0,,0,38,0,36
04:24,04:24:00,38,36,2,2,2,REGULAR,76,C. HOMESLEY,1,foulon,332,331,[],,0,5,Caleb Allen,Homesley,Caleb Allen,Homesley,C,H,C,H,C. Homesley,BAHÇESEHIR KOLEJI,BSK,C. Homesley,5,,,,,,OTHER,,BAHÇESEHIR KOLEJI foulon,,,,,,,,,0,101,1.0,,0,38,0,36
04:24,04:24:00,38,37,1,2,2,REGULAR,76,C. HOMESLEY,1,freethrow,333,,[],1of2,1,5,Caleb Allen,Homesley,Caleb Allen,Homesley,C,H,C,H,C. Homesley,BAHÇESEHIR KOLEJI,BSK,C. Homesley,5,,,,,,FT,made,BAHÇESEHIR KOLEJI C. HOMESLEY FT 1of2 made,,,,,,,,,1,101,1.0,made_ft,0,38,1,37
04:24,04:24:00,38,38,0,2,2,REGULAR,76,C. HOMESLEY,1,freethrow,334,,[],2of2,1,5,Caleb Allen,Homesley,Caleb Allen,Homesley,C,H,C,H,C. Homesley,BAHÇESEHIR KOLEJI,BSK,C. Homesley,5,,,,,,FT,made,BAHÇESEHIR KOLEJI C. HOMESLEY FT 2of2 made,,,,,,,,,1,102,2.0,made_ft_last,0,38,1,38
04:09,04:09:00,38,38,0,1,2,REGULAR,5,D. ÖZDEMIROGLU,0,2pt,336,,['pointsinthepaint'],layup,1,18,Dogus,Özdemiroglu,Dogus,Özdemiroglu,D,Ö,D,Ö,D. Özdemiroglu,TÜRK TELEKOM,TTK,D. Özdemiroglu,18,,,93.449996948242,38.419998168945,0.0,P2,missed,TÜRK TELEKOM D. ÖZDEMIROGLU 2Pt missed,,,,,,,,,0,103,1.0,def_reb,0,38,0,38
04:06,04:06:00,38,38,0,2,2,REGULAR,76,C. HOMESLEY,1,rebound,337,336,[],defensive,0,5,Caleb Allen,Homesley,Caleb Allen,Homesley,C,H,C,H,C. Homesley,BAHÇESEHIR KOLEJI,BSK,C. Homesley,5,,,,,,REB,,BAHÇESEHIR KOLEJI rebound defensive,,,,,,,,,0,104,2.0,def_reb,0,38,0,38
04:03,04:03:00,38,38,0,2,2,REGULAR,77,M. MITCHELL II,0,2pt,339,,['pointsinthepaint'],layup,1,11,Matthew Antonio,Mitchell Ii,Matthew Antonio,Mitchell Ii,M,M,M,M,M. Mitchell Ii,BAHÇESEHIR KOLEJI,BSK,M. Mitchell Ii,11,,,8.1099996566772,65.25,0.0,P2,missed,BAHÇESEHIR KOLEJI M. MITCHELL II 2Pt missed,,,,,,,,,0,105,1.0,,0,38,0,38
04:03,04:03:00,38,38,0,2,2,REGULAR,76,C. HOMESLEY,1,rebound,340,339,[],offensive,0,5,Caleb Allen,Homesley,Caleb Allen,Homesley,C,H,C,H,C. Homesley,BAHÇESEHIR KOLEJI,BSK,C. Homesley,5,,,,,,REB,,BAHÇESEHIR KOLEJI rebound offensive,,,,,,,,,0,105,1.0,,0,38,0,38
04:03,04:03:00,38,40,-2,2,2,REGULAR,76,C. HOMESLEY,1,2pt,341,,"['2ndchance', 'pointsinthepaint', 'fastbreak']",tipindunk,1,5,Caleb Allen,Homesley,Caleb Allen,Homesley,C,H,C,H,C. Homesley,BAHÇESEHIR KOLEJI,BSK,C. Homesley,5,,,6.0,50.0,1.0,P2,made,BAHÇESEHIR KOLEJI C. HOMESLEY 2Pt made,,,,,,,,,2,105,1.0,score,0,38,2,40
04:03,04:03:00,38,40,-2,1,2,REGULAR,0,,1,timeout,342,,[],full,0,,,,,,,,,,,TÜRK TELEKOM,TTK,,,,,,,,TIMEOUT,,TÜRK TELEKOM timeout,,,,,,,,,0,106,2.0,,0,38,0,40
04:03,04:03:00,38,40,-2,1,2,REGULAR,6,E. KOSUT,1,substitution,343,,[],out,0,5,Emircan,Kosut,Emircan,Kosut,E,K,E,K,E. Kosut,TÜRK TELEKOM,TTK,E. Kosut,5,,,,,,SUB,out,TÜRK TELEKOM substitution out,,,,,,,,,0,106,2.0,,0,38,0,40
04:03,04:03:00,38,40,-2,1,2,REGULAR,5,D. ÖZDEMIROGLU,1,substitution,344,,[],out,0,18,Dogus,Özdemiroglu,Dogus,Özdemiroglu,D,Ö,D,Ö,D. Özdemiroglu,TÜRK TELEKOM,TTK,D. Özdemiroglu,18,,,,,,SUB,out,TÜRK TELEKOM substitution out,,,,,,,,,0,106,2.0,,0,38,0,40
04:03,04:03:00,38,40,-2,1,2,REGULAR,7,B. DURMAZ,1,substitution,345,,[],in,0,3,Berkan,Durmaz,Berkan,Durmaz,B,D,B,D,B. Durmaz,TÜRK TELEKOM,TTK,B. Durmaz,3,,,,,,SUB,in,TÜRK TELEKOM substitution in,,,,,,,,,0,106,2.0,,0,38,0,40
04:03,04:03:00,38,40,-2,1,2,REGULAR,74,J. USHER,1,substitution,346,,[],in,0,8,Jordan Emanuel ,Usher,Jordan Emanuel ,Usher,J,U,J,U,J. Usher,TÜRK TELEKOM,TTK,J. Usher,8,,,,,,SUB,in,TÜRK TELEKOM substitution in,,,,,,,,,0,106,2.0,,0,38,0,40
03:46,03:46:00,38,40,-2,2,2,REGULAR,77,M. MITCHELL II,1,foul,349,,"['shooting', '2freethrow']",personal,0,11,Matthew Antonio,Mitchell Ii,Matthew Antonio,Mitchell Ii,M,M,M,M,M. Mitchell Ii,BAHÇESEHIR KOLEJI,BSK,M. Mitchell Ii,11,,,,,,FOUL,,BAHÇESEHIR KOLEJI M. MITCHELL II foul personal,,,,,,,,,0,106,2.0,,0,38,0,40
03:46,03:46:00,38,40,-2,1,2,REGULAR,75,K. ALLMAN,1,foulon,350,349,[],,0,1,Kyle Lindsay,Allman,Kyle Lindsay,Allman,K,A,K,A,K. Allman,TÜRK TELEKOM,TTK,K. Allman,1,,,,,,OTHER,,TÜRK TELEKOM foulon,,,,,,,,,0,106,2.0,,0,38,0,40
03:46,03:46:00,39,40,-1,1,2,REGULAR,75,K. ALLMAN,1,freethrow,351,,[],1of2,1,1,Kyle Lindsay,Allman,Kyle Lindsay,Allman,K,A,K,A,K. Allman,TÜRK TELEKOM,TTK,K. Allman,1,,,,,,FT,made,TÜRK TELEKOM K. ALLMAN FT 1of2 made,,,,,,,,,1,106,2.0,made_ft,1,39,0,40
03:46,03:46:00,39,40,-1,1,2,REGULAR,74,J. USHER,1,assist,352,351,[],,0,8,Jordan Emanuel ,Usher,Jordan Emanuel ,Usher,J,U,J,U,J. Usher,TÜRK TELEKOM,TTK,J. Usher,8,,,,,,ASS,,TÜRK TELEKOM J. USHER assist,,,,,,,,,0,107,1.0,,0,39,0,40
03:46,03:46:00,40,40,0,1,2,REGULAR,75,K. ALLMAN,1,freethrow,353,,[],2of2,1,1,Kyle Lindsay,Allman,Kyle Lindsay,Allman,K,A,K,A,K. Allman,TÜRK TELEKOM,TTK,K. Allman,1,,,,,,FT,made,TÜRK TELEKOM K. ALLMAN FT 2of2 made,,,,,,,,,1,107,1.0,made_ft_last,1,40,0,40
03:30,03:30:00,40,40,0,2,2,REGULAR,76,C. HOMESLEY,1,turnover,357,,[],badpass,0,5,Caleb Allen,Homesley,Caleb Allen,Homesley,C,H,C,H,C. Homesley,BAHÇESEHIR KOLEJI,BSK,C. Homesley,5,,,,,,TO,,BAHÇESEHIR KOLEJI C. HOMESLEY turnover badpass,,,,,,,,,0,108,2.0,turnover,0,40,0,40
03:30,03:30:00,40,40,0,1,2,REGULAR,75,K. ALLMAN,1,steal,358,357,[],,0,1,Kyle Lindsay,Allman,Kyle Lindsay,Allman,K,A,K,A,K. Allman,TÜRK TELEKOM,TTK,K. Allman,1,,,,,,ST,,TÜRK TELEKOM K. ALLMAN steal,,,,,,,,,0,109,1.0,,0,40,0,40
03:18,03:18:00,43,40,3,1,2,REGULAR,77,J. SMITH,1,3pt,359,,['fromturnover'],jumpshot,1,9,Jaleen Devon,Smith,Jaleen Devon,Smith,J,S,J,S,J. Smith,TÜRK TELEKOM,TTK,J. Smith,9,,,72.389999389648,89.550003051758,1.0,P3,made,TÜRK TELEKOM J. SMITH 3Pt made,7.0,1.0,B. DURMAZ,,,,,,3,109,1.0,score,3,43,0,40
03:18,03:18:00,43,40,3,1,2,REGULAR,7,B. DURMAZ,1,assist,360,359,[],,0,3,Berkan,Durmaz,Berkan,Durmaz,B,D,B,D,B. Durmaz,TÜRK TELEKOM,TTK,B. Durmaz,3,,,,,,ASS,,TÜRK TELEKOM B. DURMAZ assist,,,,,,,,,0,110,2.0,,0,43,0,40
02:59,02:59:00,43,40,3,2,2,REGULAR,62,K. SIPAHI,0,2pt,361,,['pointsinthepaint'],drivinglayup,1,55,Kenan,Sipahi,Kenan,Sipahi,K,S,K,S,K. Sipahi,BAHÇESEHIR KOLEJI,BSK,K. Sipahi,55,,,7.960000038147,62.150001525879,0.0,P2,missed,BAHÇESEHIR KOLEJI K. SIPAHI 2Pt missed,,,,,,,,,0,110,2.0,,0,43,0,40
02:56,02:56:00,43,40,3,2,2,REGULAR,78,B. KOPRIVICA,1,rebound,362,361,[],offensive,0,8,Balsa,Koprivica,Balsa,Koprivica,B,K,B,K,B. Koprivica,BAHÇESEHIR KOLEJI,BSK,B. Koprivica,8,,,,,,REB,,BAHÇESEHIR KOLEJI rebound offensive,,,,,,,,,0,110,2.0,,0,43,0,40
02:56,02:56:00,43,42,1,2,2,REGULAR,78,B. KOPRIVICA,1,2pt,363,,"['2ndchance', 'pointsinthepaint']",jumpshot,1,8,Balsa,Koprivica,Balsa,Koprivica,B,K,B,K,B. Koprivica,BAHÇESEHIR KOLEJI,BSK,B. Koprivica,8,,,6.4000000953674,62.430000305176,1.0,P2,made,BAHÇESEHIR KOLEJI B. KOPRIVICA 2Pt made,,,,,,,,,2,110,2.0,score,0,43,2,42
02:42,02:42:00,46,42,4,1,2,REGULAR,7,B. DURMAZ,1,3pt,364,,[],jumpshot,1,3,Berkan,Durmaz,Berkan,Durmaz,B,D,B,D,B. Durmaz,TÜRK TELEKOM,TTK,B. Durmaz,3,,,94.849998474121,97.180000305176,1.0,P3,made,TÜRK TELEKOM B. DURMAZ 3Pt made,74.0,1.0,J. USHER,,,,,,3,111,1.0,score,3,46,0,42
02:42,02:42:00,46,42,4,1,2,REGULAR,74,J. USHER,1,assist,365,364,[],,0,8,Jordan Emanuel ,Usher,Jordan Emanuel ,Usher,J,U,J,U,J. Usher,TÜRK TELEKOM,TTK,J. Usher,8,,,,,,ASS,,TÜRK TELEKOM J. USHER assist,,,,,,,,,0,112,2.0,,0,46,0,42
02:27,02:27:00,46,45,1,2,2,REGULAR,77,M. MITCHELL II,1,3pt,366,,[],jumpshot,1,11,Matthew Antonio,Mitchell Ii,Matthew Antonio,Mitchell Ii,M,M,M,M,M. Mitchell Ii,BAHÇESEHIR KOLEJI,BSK,M. Mitchell Ii,11,,,4.3699998855591,97.180000305176,1.0,P3,made,BAHÇESEHIR KOLEJI M. MITCHELL II 3Pt made,62.0,2.0,K. SIPAHI,,,,,,3,112,2.0,score,0,46,3,45
02:27,02:27:00,46,45,1,2,2,REGULAR,62,K. SIPAHI,1,assist,367,366,[],,0,55,Kenan,Sipahi,Kenan,Sipahi,K,S,K,S,K. Sipahi,BAHÇESEHIR KOLEJI,BSK,K. Sipahi,55,,,,,,ASS,,BAHÇESEHIR KOLEJI K. SIPAHI assist,,,,,,,,,0,113,1.0,,0,46,0,45
02:10,02:10:00,49,45,4,1,2,REGULAR,7,B. DURMAZ,1,3pt,368,,[],jumpshot,1,3,Berkan,Durmaz,Berkan,Durmaz,B,D,B,D,B. Durmaz,TÜRK TELEKOM,TTK,B. Durmaz,3,,,97.190002441406,4.2399997711182,1.0,P3,made,TÜRK TELEKOM B. DURMAZ 3Pt made,75.0,1.0,K. ALLMAN,,,,,,3,113,1.0,score,3,49,0,45
02:10,02:10:00,49,45,4,1,2,REGULAR,75,K. ALLMAN,1,assist,369,368,[],,0,1,Kyle Lindsay,Allman,Kyle Lindsay,Allman,K,A,K,A,K. Allman,TÜRK TELEKOM,TTK,K. Allman,1,,,,,,ASS,,TÜRK TELEKOM K. ALLMAN assist,,,,,,,,,0,114,2.0,,0,49,0,45
01:57,01:57:00,49,45,4,2,2,REGULAR,76,C. HOMESLEY,0,3pt,370,,[],jumpshot,1,5,Caleb Allen,Homesley,Caleb Allen,Homesley,C,H,C,H,C. Homesley,BAHÇESEHIR KOLEJI,BSK,C. Homesley,5,,,33.069999694824,64.410003662109,0.0,P3,missed,BAHÇESEHIR KOLEJI C. HOMESLEY 3Pt missed,,,,,,,,,0,114,2.0,def_reb,0,49,0,45
01:55,01:55:00,49,45,4,1,2,REGULAR,74,J. USHER,1,rebound,371,370,[],defensive,0,8,Jordan Emanuel ,Usher,Jordan Emanuel ,Usher,J,U,J,U,J. Usher,TÜRK TELEKOM,TTK,J. Usher,8,,,,,,REB,,TÜRK TELEKOM rebound defensive,,,,,,,,,0,115,1.0,def_reb,0,49,0,45
01:50,01:50:00,49,45,4,1,2,REGULAR,76,M. SIMONOVIC,1,foul,373,,[],offensive,0,11,Marko,Simonovic,Marko,Simonovic,M,S,M,S,M. Simonovic,TÜRK TELEKOM,TTK,M. Simonovic,11,,,,,,RFOUL,,TÜRK TELEKOM M. SIMONOVIC foul offensive,,,,,,,,,0,116,2.0,offensive_foul,0,49,0,45
01:50,01:50:00,49,45,4,1,2,REGULAR,76,M. SIMONOVIC,1,turnover,374,373,[],offensive,0,11,Marko,Simonovic,Marko,Simonovic,M,S,M,S,M. Simonovic,TÜRK TELEKOM,TTK,M. Simonovic,11,,,,,,TO,,TÜRK TELEKOM M. SIMONOVIC turnover offensive,,,,,,,,,0,117,1.0,turnover,0,49,0,45
01:50,01:50:00,49,45,4,2,2,REGULAR,74,M. PONITKA,1,foulon,375,373,[],,0,28,Mateusz Michal,Ponitka,Mateusz Michal,Ponitka,M,P,M,P,M. Ponitka,BAHÇESEHIR KOLEJI,BSK,M. Ponitka,28,,,,,,OTHER,,BAHÇESEHIR KOLEJI foulon,,,,,,,,,0,118,2.0,,0,49,0,45
01:50,01:50:00,49,45,4,2,2,REGULAR,77,M. MITCHELL II,1,substitution,376,,[],out,0,11,Matthew Antonio,Mitchell Ii,Matthew Antonio,Mitchell Ii,M,M,M,M,M. Mitchell Ii,BAHÇESEHIR KOLEJI,BSK,M. Mitchell Ii,11,,,,,,SUB,out,BAHÇESEHIR KOLEJI substitution out,,,,,,,,,0,118,2.0,,0,49,0,45
01:50,01:50:00,49,45,4,2,2,REGULAR,79,H. HALE,1,substitution,377,,[],in,0,77,Hunter Jelaun,Hale,Hunter Jelaun,Hale,H,H,H,H,H. Hale,BAHÇESEHIR KOLEJI,BSK,H. Hale,77,,,,,,SUB,in,BAHÇESEHIR KOLEJI substitution in,,,,,,,,,0,118,2.0,,0,49,0,45
01:32,01:32:00,49,45,4,2,2,REGULAR,62,K. SIPAHI,1,turnover,379,,[],badpass,0,55,Kenan,Sipahi,Kenan,Sipahi,K,S,K,S,K. Sipahi,BAHÇESEHIR KOLEJI,BSK,K. Sipahi,55,,,,,,TO,,BAHÇESEHIR KOLEJI K. SIPAHI turnover badpass,,,,,,,,,0,118,2.0,turnover,0,49,0,45
01:32,01:32:00,49,45,4,1,2,REGULAR,76,M. SIMONOVIC,1,steal,380,379,[],,0,11,Marko,Simonovic,Marko,Simonovic,M,S,M,S,M. Simonovic,TÜRK TELEKOM,TTK,M. Simonovic,11,,,,,,ST,,TÜRK TELEKOM M. SIMONOVIC steal,,,,,,,,,0,119,1.0,,0,49,0,45
01:20,01:20:00,49,45,4,1,2,REGULAR,76,M. SIMONOVIC,0,2pt,381,,"['fromturnover', 'pointsinthepaint']",drivinglayup,1,11,Marko,Simonovic,Marko,Simonovic,M,S,M,S,M. Simonovic,TÜRK TELEKOM,TTK,M. Simonovic,11,,,93.290000915527,41.529998779297,0.0,P2,missed,TÜRK TELEKOM M. SIMONOVIC 2Pt missed,,,,,,,,,0,119,1.0,,0,49,0,45
01:17,01:17:00,49,45,4,1,2,REGULAR,7,B. DURMAZ,1,rebound,382,381,[],offensive,0,3,Berkan,Durmaz,Berkan,Durmaz,B,D,B,D,B. Durmaz,TÜRK TELEKOM,TTK,B. Durmaz,3,,,,,,REB,,TÜRK TELEKOM rebound offensive,,,,,,,,,0,119,1.0,,0,49,0,45
01:17,01:17:00,49,45,4,1,2,REGULAR,7,B. DURMAZ,0,2pt,383,,"['2ndchance', 'fromturnover', 'pointsinthepaint']",jumpshot,1,3,Berkan,Durmaz,Berkan,Durmaz,B,D,B,D,B. Durmaz,TÜRK TELEKOM,TTK,B. Durmaz,3,,,91.419998168945,42.090000152588,0.0,P2,missed,TÜRK TELEKOM B. DURMAZ 2Pt missed,,,,,,,,,0,119,1.0,,0,49,0,45
01:15,01:15:00,49,45,4,1,2,REGULAR,77,J. SMITH,1,rebound,384,383,[],offensive,0,9,Jaleen Devon,Smith,Jaleen Devon,Smith,J,S,J,S,J. Smith,TÜRK TELEKOM,TTK,J. Smith,9,,,,,,REB,,TÜRK TELEKOM rebound offensive,,,,,,,,,0,119,1.0,,0,49,0,45
01:13,01:13:00,49,45,4,1,2,REGULAR,75,K. ALLMAN,0,3pt,385,,"['2ndchance', 'fromturnover']",jumpshot,1,1,Kyle Lindsay,Allman,Kyle Lindsay,Allman,K,A,K,A,K. Allman,TÜRK TELEKOM,TTK,K. Allman,1,,,84.559997558594,92.940002441406,0.0,P3,missed,TÜRK TELEKOM K. ALLMAN 3Pt missed,,,,,,,,,0,119,1.0,,0,49,0,45
01:11,01:11:00,49,45,4,1,2,REGULAR,76,M. SIMONOVIC,1,rebound,386,385,[],offensive,0,11,Marko,Simonovic,Marko,Simonovic,M,S,M,S,M. Simonovic,TÜRK TELEKOM,TTK,M. Simonovic,11,,,,,,REB,,TÜRK TELEKOM rebound offensive,,,,,,,,,0,119,1.0,,0,49,0,45
01:09,01:09:00,49,45,4,2,2,REGULAR,78,B. KOPRIVICA,1,foul,388,,"['shooting', '2freethrow']",personal,0,8,Balsa,Koprivica,Balsa,Koprivica,B,K,B,K,B. Koprivica,BAHÇESEHIR KOLEJI,BSK,B. Koprivica,8,,,,,,FOUL,,BAHÇESEHIR KOLEJI B. KOPRIVICA foul personal,,,,,,,,,0,119,1.0,,0,49,0,45
01:09,01:09:00,49,45,4,1,2,REGULAR,76,M. SIMONOVIC,1,foulon,389,388,[],,0,11,Marko,Simonovic,Marko,Simonovic,M,S,M,S,M. Simonovic,TÜRK TELEKOM,TTK,M. Simonovic,11,,,,,,OTHER,,TÜRK TELEKOM foulon,,,,,,,,,0,119,1.0,,0,49,0,45
01:09,01:09:00,49,45,4,2,2,REGULAR,76,C. HOMESLEY,1,substitution,390,,[],out,0,5,Caleb Allen,Homesley,Caleb Allen,Homesley,C,H,C,H,C. Homesley,BAHÇESEHIR KOLEJI,BSK,C. Homesley,5,,,,,,SUB,out,BAHÇESEHIR KOLEJI substitution out,,,,,,,,,0,119,1.0,,0,49,0,45
01:09,01:09:00,49,45,4,2,2,REGULAR,62,K. SIPAHI,1,substitution,391,,[],out,0,55,Kenan,Sipahi,Kenan,Sipahi,K,S,K,S,K. Sipahi,BAHÇESEHIR KOLEJI,BSK,K. Sipahi,55,,,,,,SUB,out,BAHÇESEHIR KOLEJI substitution out,,,,,,,,,0,119,1.0,,0,49,0,45
01:09,01:09:00,49,45,4,2,2,REGULAR,81,M. FLYNN,1,substitution,392,,[],in,0,22,Malachi Emmanuel,Flynn,Malachi Emmanuel,Flynn,M,F,M,F,M. Flynn,BAHÇESEHIR KOLEJI,BSK,M. Flynn,22,,,,,,SUB,in,BAHÇESEHIR KOLEJI substitution in,,,,,,,,,0,119,1.0,,0,49,0,45
01:09,01:09:00,49,45,4,2,2,REGULAR,1,I. AKPINAR,1,substitution,393,,[],in,0,33,Ismet,Akpinar,Ismet,Akpinar,I,A,I,A,I. Akpinar,BAHÇESEHIR KOLEJI,BSK,I. Akpinar,33,,,,,,SUB,in,BAHÇESEHIR KOLEJI substitution in,,,,,,,,,0,119,1.0,,0,49,0,45
01:09,01:09:00,50,45,5,1,2,REGULAR,76,M. SIMONOVIC,1,freethrow,394,,"['2ndchance', 'fromturnover']",1of2,1,11,Marko,Simonovic,Marko,Simonovic,M,S,M,S,M. Simonovic,TÜRK TELEKOM,TTK,M. Simonovic,11,,,,,,FT,made,TÜRK TELEKOM M. SIMONOVIC FT 1of2 made,,,,,,,,,1,119,1.0,made_ft,1,50,0,45
01:09,01:09:00,51,45,6,1,2,REGULAR,76,M. SIMONOVIC,1,freethrow,395,,"['2ndchance', 'fromturnover']",2of2,1,11,Marko,Simonovic,Marko,Simonovic,M,S,M,S,M. Simonovic,TÜRK TELEKOM,TTK,M. Simonovic,11,,,,,,FT,made,TÜRK TELEKOM M. SIMONOVIC FT 2of2 made,,,,,,,,,1,120,2.0,made_ft_last,1,51,0,45
01:09,01:09:00,51,45,6,1,2,REGULAR,77,J. SMITH,1,substitution,396,,[],out,0,9,Jaleen Devon,Smith,Jaleen Devon,Smith,J,S,J,S,J. Smith,TÜRK TELEKOM,TTK,J. Smith,9,,,,,,SUB,out,TÜRK TELEKOM substitution out,,,,,,,,,0,121,1.0,,0,51,0,45
01:09,01:09:00,51,45,6,1,2,REGULAR,76,M. SIMONOVIC,1,substitution,397,,[],out,0,11,Marko,Simonovic,Marko,Simonovic,M,S,M,S,M. Simonovic,TÜRK TELEKOM,TTK,M. Simonovic,11,,,,,,SUB,out,TÜRK TELEKOM substitution out,,,,,,,,,0,121,1.0,,0,51,0,45
01:09,01:09:00,51,45,6,1,2,REGULAR,3,A. KAHRAMAN,1,substitution,398,,[],in,0,6,Ata,Kahraman,Ata,Kahraman,A,K,A,K,A. Kahraman,TÜRK TELEKOM,TTK,A. Kahraman,6,,,,,,SUB,in,TÜRK TELEKOM substitution in,,,,,,,,,0,121,1.0,,0,51,0,45
01:09,01:09:00,51,45,6,1,2,REGULAR,78,K. BANKSTON,1,substitution,399,,[],in,0,30,Kristeon Lamar,Bankston,Kristeon Lamar,Bankston,K,B,K,B,K. Bankston,TÜRK TELEKOM,TTK,K. Bankston,30,,,,,,SUB,in,TÜRK TELEKOM substitution in,,,,,,,,,0,121,1.0,,0,51,0,45
01:01,01:01:00,51,47,4,2,2,REGULAR,78,B. KOPRIVICA,1,2pt,402,,['pointsinthepaint'],alleyoopdunk,1,8,Balsa,Koprivica,Balsa,Koprivica,B,K,B,K,B. Koprivica,BAHÇESEHIR KOLEJI,BSK,B. Koprivica,8,,,7.1799998283386,59.319999694824,1.0,P2,made,BAHÇESEHIR KOLEJI B. KOPRIVICA 2Pt made,81.0,2.0,M. FLYNN,,,,,,2,121,1.0,score,0,51,2,47
01:01,01:01:00,51,47,4,2,2,REGULAR,81,M. FLYNN,1,assist,403,402,[],,0,22,Malachi Emmanuel,Flynn,Malachi Emmanuel,Flynn,M,F,M,F,M. Flynn,BAHÇESEHIR KOLEJI,BSK,M. Flynn,22,,,,,,ASS,,BAHÇESEHIR KOLEJI M. FLYNN assist,,,,,,,,,0,122,2.0,,0,51,0,47
01:00,01:00:00,51,47,4,1,2,REGULAR,0,,1,timeout,404,,[],full,0,,,,,,,,,,,TÜRK TELEKOM,TTK,,,,,,,,TIMEOUT,,TÜRK TELEKOM timeout,,,,,,,,,0,122,2.0,,0,51,0,47
00:45,00:45:40,51,47,4,1,2,REGULAR,75,K. ALLMAN,1,turnover,406,,[],badpass,0,1,Kyle Lindsay,Allman,Kyle Lindsay,Allman,K,A,K,A,K. Allman,TÜRK TELEKOM,TTK,K. Allman,1,,,,,,TO,,TÜRK TELEKOM K. ALLMAN turnover badpass,,,,,,,,,0,122,2.0,turnover,0,51,0,47
00:45,00:45:40,51,47,4,2,2,REGULAR,79,H. HALE,1,steal,407,406,[],,0,77,Hunter Jelaun,Hale,Hunter Jelaun,Hale,H,H,H,H,H. Hale,BAHÇESEHIR KOLEJI,BSK,H. Hale,77,,,,,,ST,,BAHÇESEHIR KOLEJI H. HALE steal,,,,,,,,,0,123,1.0,,0,51,0,47
00:37,00:37:40,51,47,4,2,2,REGULAR,81,M. FLYNN,0,3pt,408,,['fromturnover'],pullupjumpshot,1,22,Malachi Emmanuel,Flynn,Malachi Emmanuel,Flynn,M,F,M,F,M. Flynn,BAHÇESEHIR KOLEJI,BSK,M. Flynn,22,,,31.979999542236,55.650001525879,0.0,P3,missed,BAHÇESEHIR KOLEJI M. FLYNN 3Pt missed,,,,,,,,,0,123,1.0,def_reb,0,51,0,47
00:34,00:34:10,51,47,4,1,2,REGULAR,78,K. BANKSTON,1,rebound,409,408,[],defensive,0,30,Kristeon Lamar,Bankston,Kristeon Lamar,Bankston,K,B,K,B,K. Bankston,TÜRK TELEKOM,TTK,K. Bankston,30,,,,,,REB,,TÜRK TELEKOM rebound defensive,,,,,,,,,0,124,2.0,def_reb,0,51,0,47
00:17,00:17:70,53,47,6,1,2,REGULAR,74,J. USHER,1,2pt,410,,['pointsinthepaint'],jumpshot,1,8,Jordan Emanuel ,Usher,Jordan Emanuel ,Usher,J,U,J,U,J. Usher,TÜRK TELEKOM,TTK,J. Usher,8,,,94.069999694824,37.290000915527,1.0,P2,made,TÜRK TELEKOM J. USHER 2Pt made,,,,,,,,,2,125,1.0,score,2,53,0,47
00:02,00:02:20,53,49,4,2,2,REGULAR,81,M. FLYNN,1,2pt,413,,['pointsinthepaint'],drivinglayup,1,22,Malachi Emmanuel,Flynn,Malachi Emmanuel,Flynn,M,F,M,F,M. Flynn,BAHÇESEHIR KOLEJI,BSK,M. Flynn,22,,,5.6199998855591,38.419998168945,1.0,P2,made,BAHÇESEHIR KOLEJI M. FLYNN 2Pt made,,,,,,,,,2,126,2.0,score,0,53,2,49
00:00,00:00:00,53,49,4,0,2,REGULAR,0,,1,period,415,,['confirmed'],end,0,,,,,,,,,,,,,,,,,,,,OTHER,,period end,,,,,,,,,0,127,1.0,,0,53,0,49
10:00,10:00:00,53,49,4,1,3,REGULAR,75,K. ALLMAN,1,substitution,416,,[],out,0,1,Kyle Lindsay,Allman,Kyle Lindsay,Allman,K,A,K,A,K. Allman,TÜRK TELEKOM,TTK,K. Allman,1,,,,,,SUB,out,TÜRK TELEKOM substitution out,,,,,,,,,0,127,1.0,,0,53,0,49
10:00,10:00:00,53,49,4,1,3,REGULAR,3,A. KAHRAMAN,1,substitution,417,,[],out,0,6,Ata,Kahraman,Ata,Kahraman,A,K,A,K,A. Kahraman,TÜRK TELEKOM,TTK,A. Kahraman,6,,,,,,SUB,out,TÜRK TELEKOM substitution out,,,,,,,,,0,127,1.0,,0,53,0,49
10:00,10:00:00,53,49,4,1,3,REGULAR,77,J. SMITH,1,substitution,418,,[],in,0,9,Jaleen Devon,Smith,Jaleen Devon,Smith,J,S,J,S,J. Smith,TÜRK TELEKOM,TTK,J. Smith,9,,,,,,SUB,in,TÜRK TELEKOM substitution in,,,,,,,,,0,127,1.0,,0,53,0,49
10:00,10:00:00,53,49,4,1,3,REGULAR,5,D. ÖZDEMIROGLU,1,substitution,419,,[],in,0,18,Dogus,Özdemiroglu,Dogus,Özdemiroglu,D,Ö,D,Ö,D. Özdemiroglu,TÜRK TELEKOM,TTK,D. Özdemiroglu,18,,,,,,SUB,in,TÜRK TELEKOM substitution in,,,,,,,,,0,127,1.0,,0,53,0,49
10:00,10:00:00,53,49,4,2,3,REGULAR,78,B. KOPRIVICA,1,substitution,420,,[],out,0,8,Balsa,Koprivica,Balsa,Koprivica,B,K,B,K,B. Koprivica,BAHÇESEHIR KOLEJI,BSK,B. Koprivica,8,,,,,,SUB,out,BAHÇESEHIR KOLEJI substitution out,,,,,,,,,0,127,1.0,,0,53,0,49
10:00,10:00:00,53,49,4,2,3,REGULAR,74,M. PONITKA,1,substitution,421,,[],out,0,28,Mateusz Michal,Ponitka,Mateusz Michal,Ponitka,M,P,M,P,M. Ponitka,BAHÇESEHIR KOLEJI,BSK,M. Ponitka,28,,,,,,SUB,out,BAHÇESEHIR KOLEJI substitution out,,,,,,,,,0,127,1.0,,0,53,0,49
10:00,10:00:00,53,49,4,2,3,REGULAR,79,H. HALE,1,substitution,422,,[],out,0,77,Hunter Jelaun,Hale,Hunter Jelaun,Hale,H,H,H,H,H. Hale,BAHÇESEHIR KOLEJI,BSK,H. Hale,77,,,,,,SUB,out,BAHÇESEHIR KOLEJI substitution out,,,,,,,,,0,127,1.0,,0,53,0,49
10:00,10:00:00,53,49,4,2,3,REGULAR,76,C. HOMESLEY,1,substitution,423,,[],in,0,5,Caleb Allen,Homesley,Caleb Allen,Homesley,C,H,C,H,C. Homesley,BAHÇESEHIR KOLEJI,BSK,C. Homesley,5,,,,,,SUB,in,BAHÇESEHIR KOLEJI substitution in,,,,,,,,,0,127,1.0,,0,53,0,49
10:00,10:00:00,53,49,4,2,3,REGULAR,77,M. MITCHELL II,1,substitution,424,,[],in,0,11,Matthew Antonio,Mitchell Ii,Matthew Antonio,Mitchell Ii,M,M,M,M,M. Mitchell Ii,BAHÇESEHIR KOLEJI,BSK,M. Mitchell Ii,11,,,,,,SUB,in,BAHÇESEHIR KOLEJI substitution in,,,,,,,,,0,127,1.0,,0,53,0,49
10:00,10:00:00,53,49,4,2,3,REGULAR,80,T. WILLIAMS,1,substitution,425,,[],in,0,50,Trevion Lamon,Williams,Trevion Lamon,Williams,T,W,T,W,T. Williams,BAHÇESEHIR KOLEJI,BSK,T. Williams,50,,,,,,SUB,in,BAHÇESEHIR KOLEJI substitution in,,,,,,,,,0,127,1.0,,0,53,0,49
10:00,10:00:00,53,49,4,0,3,REGULAR,0,,1,period,426,,[],start,0,,,,,,,,,,,,,,,,,,,,OTHER,,period start,,,,,,,,,0,127,1.0,,0,53,0,49
09:41,09:41:00,53,49,4,1,3,REGULAR,5,D. ÖZDEMIROGLU,0,2pt,428,,['pointsinthepaint'],layup,1,18,Dogus,Özdemiroglu,Dogus,Özdemiroglu,D,Ö,D,Ö,D. Özdemiroglu,TÜRK TELEKOM,TTK,D. Özdemiroglu,18,,,4.0599999427795,61.299999237061,0.0,P2,missed,TÜRK TELEKOM D. ÖZDEMIROGLU 2Pt missed,,,,,,,,,0,127,1.0,def_reb,0,53,0,49
09:39,09:39:00,53,49,4,2,3,REGULAR,80,T. WILLIAMS,1,rebound,429,428,[],defensive,0,50,Trevion Lamon,Williams,Trevion Lamon,Williams,T,W,T,W,T. Williams,BAHÇESEHIR KOLEJI,BSK,T. Williams,50,,,,,,REB,,BAHÇESEHIR KOLEJI rebound defensive,,,,,,,,,0,128,2.0,def_reb,0,53,0,49
09:19,09:19:00,53,52,1,2,3,REGULAR,76,C. HOMESLEY,1,3pt,430,,[],stepbackjumpshot,1,5,Caleb Allen,Homesley,Caleb Allen,Homesley,C,H,C,H,C. Homesley,BAHÇESEHIR KOLEJI,BSK,C. Homesley,5,,,82.220001220703,7.3400001525879,1.0,P3,made,BAHÇESEHIR KOLEJI C. HOMESLEY 3Pt made,80.0,2.0,T. WILLIAMS,,,,,,3,129,1.0,score,0,53,3,52
09:19,09:19:00,53,52,1,2,3,REGULAR,80,T. WILLIAMS,1,assist,431,430,[],,0,50,Trevion Lamon,Williams,Trevion Lamon,Williams,T,W,T,W,T. Williams,BAHÇESEHIR KOLEJI,BSK,T. Williams,50,,,,,,ASS,,BAHÇESEHIR KOLEJI T. WILLIAMS assist,,,,,,,,,0,130,2.0,,0,53,0,52
09:04,09:04:00,53,52,1,1,3,REGULAR,78,K. BANKSTON,1,turnover,432,,[],badpass,0,30,Kristeon Lamar,Bankston,Kristeon Lamar,Bankston,K,B,K,B,K. Bankston,TÜRK TELEKOM,TTK,K. Bankston,30,,,,,,TO,,TÜRK TELEKOM K. BANKSTON turnover badpass,,,,,,,,,0,130,2.0,turnover,0,53,0,52
09:04,09:04:00,53,52,1,2,3,REGULAR,81,M. FLYNN,1,steal,433,432,[],,0,22,Malachi Emmanuel,Flynn,Malachi Emmanuel,Flynn,M,F,M,F,M. Flynn,BAHÇESEHIR KOLEJI,BSK,M. Flynn,22,,,,,,ST,,BAHÇESEHIR KOLEJI M. FLYNN steal,,,,,,,,,0,131,1.0,,0,53,0,52
08:58,08:58:00,53,52,1,2,3,REGULAR,77,M. MITCHELL II,0,3pt,434,,['fromturnover'],jumpshot,1,11,Matthew Antonio,Mitchell Ii,Matthew Antonio,Mitchell Ii,M,M,M,M,M. Mitchell Ii,BAHÇESEHIR KOLEJI,BSK,M. Mitchell Ii,11,,,85.650001525879,5.9299998283386,0.0,P3,missed,BAHÇESEHIR KOLEJI M. MITCHELL II 3Pt missed,,,,,,,,,0,131,1.0,def_reb,0,53,0,52
08:56,08:56:00,53,52,1,1,3,REGULAR,7,B. DURMAZ,1,rebound,435,434,[],defensive,0,3,Berkan,Durmaz,Berkan,Durmaz,B,D,B,D,B. Durmaz,TÜRK TELEKOM,TTK,B. Durmaz,3,,,,,,REB,,TÜRK TELEKOM rebound defensive,,,,,,,,,0,132,2.0,def_reb,0,53,0,52
08:42,08:42:00,56,52,4,1,3,REGULAR,7,B. DURMAZ,1,3pt,436,,[],jumpshot,1,3,Berkan,Durmaz,Berkan,Durmaz,B,D,B,D,B. Durmaz,TÜRK TELEKOM,TTK,B. Durmaz,3,,,31.979999542236,49.720001220703,1.0,P3,made,TÜRK TELEKOM B. DURMAZ 3Pt made,5.0,1.0,D. ÖZDEMIROGLU,,,,,,3,133,1.0,score,3,56,0,52
08:42,08:42:00,56,52,4,1,3,REGULAR,5,D. ÖZDEMIROGLU,1,assist,437,436,[],,0,18,Dogus,Özdemiroglu,Dogus,Özdemiroglu,D,Ö,D,Ö,D. Özdemiroglu,TÜRK TELEKOM,TTK,D. Özdemiroglu,18,,,,,,ASS,,TÜRK TELEKOM D. ÖZDEMIROGLU assist,,,,,,,,,0,134,2.0,,0,56,0,52
08:21,08:21:00,56,52,4,2,3,REGULAR,76,C. HOMESLEY,0,3pt,438,,[],stepbackjumpshot,1,5,Caleb Allen,Homesley,Caleb Allen,Homesley,C,H,C,H,C. Homesley,BAHÇESEHIR KOLEJI,BSK,C. Homesley,5,,,69.730003356934,37.290000915527,0.0,P3,missed,BAHÇESEHIR KOLEJI C. HOMESLEY 3Pt missed,,,,,,,,,0,134,2.0,,0,56,0,52
08:19,08:19:00,56,52,4,2,3,REGULAR,81,M. FLYNN,1,rebound,439,438,[],offensive,0,22,Malachi Emmanuel,Flynn,Malachi Emmanuel,Flynn,M,F,M,F,M. Flynn,BAHÇESEHIR KOLEJI,BSK,M. Flynn,22,,,,,,REB,,BAHÇESEHIR KOLEJI rebound offensive,,,,,,,,,0,134,2.0,,0,56,0,52
08:14,08:14:00,56,55,1,2,3,REGULAR,81,M. FLYNN,1,3pt,440,,['2ndchance'],jumpshot,1,22,Malachi Emmanuel,Flynn,Malachi Emmanuel,Flynn,M,F,M,F,M. Flynn,BAHÇESEHIR KOLEJI,BSK,M. Flynn,22,,,96.410003662109,97.180000305176,1.0,P3,made,BAHÇESEHIR KOLEJI M. FLYNN 3Pt made,80.0,2.0,T. WILLIAMS,,,,,,3,134,2.0,score,0,56,3,55
08:14,08:14:00,56,55,1,2,3,REGULAR,80,T. WILLIAMS,1,assist,441,440,[],,0,50,Trevion Lamon,Williams,Trevion Lamon,Williams,T,W,T,W,T. Williams,BAHÇESEHIR KOLEJI,BSK,T. Williams,50,,,,,,ASS,,BAHÇESEHIR KOLEJI T. WILLIAMS assist,,,,,,,,,0,135,1.0,,0,56,0,55
07:56,07:56:00,58,55,3,1,3,REGULAR,5,D. ÖZDEMIROGLU,1,2pt,442,,['pointsinthepaint'],drivinglayup,1,18,Dogus,Özdemiroglu,Dogus,Özdemiroglu,D,Ö,D,Ö,D. Özdemiroglu,TÜRK TELEKOM,TTK,D. Özdemiroglu,18,,,6.2399997711182,64.120002746582,1.0,P2,made,TÜRK TELEKOM D. ÖZDEMIROGLU 2Pt made,,,,,,,,,2,135,1.0,score,2,58,0,55
07:45,07:45:00,58,57,1,2,3,REGULAR,80,T. WILLIAMS,1,2pt,443,,['pointsinthepaint'],alleyoopdunk,1,50,Trevion Lamon,Williams,Trevion Lamon,Williams,T,W,T,W,T. Williams,BAHÇESEHIR KOLEJI,BSK,T. Williams,50,,,92.669998168945,60.729999542236,1.0,P2,made,BAHÇESEHIR KOLEJI T. WILLIAMS 2Pt made,81.0,2.0,M. FLYNN,,,,,,2,136,2.0,score,0,58,2,57
07:45,07:45:00,58,57,1,2,3,REGULAR,81,M. FLYNN,1,assist,444,443,[],,0,22,Malachi Emmanuel,Flynn,Malachi Emmanuel,Flynn,M,F,M,F,M. Flynn,BAHÇESEHIR KOLEJI,BSK,M. Flynn,22,,,,,,ASS,,BAHÇESEHIR KOLEJI M. FLYNN assist,,,,,,,,,0,137,1.0,,0,58,0,57
07:21,07:21:00,58,57,1,1,3,REGULAR,5,D. ÖZDEMIROGLU,0,3pt,445,,[],jumpshot,1,18,Dogus,Özdemiroglu,Dogus,Özdemiroglu,D,Ö,D,Ö,D. Özdemiroglu,TÜRK TELEKOM,TTK,D. Özdemiroglu,18,,,24.799999237061,18.930000305176,0.0,P3,missed,TÜRK TELEKOM D. ÖZDEMIROGLU 3Pt missed,,,,,,,,,0,137,1.0,def_reb,0,58,0,57
07:16,07:16:00,58,57,1,2,3,REGULAR,77,M. MITCHELL II,1,rebound,446,445,[],defensive,0,11,Matthew Antonio,Mitchell Ii,Matthew Antonio,Mitchell Ii,M,M,M,M,M. Mitchell Ii,BAHÇESEHIR KOLEJI,BSK,M. Mitchell Ii,11,,,,,,REB,,BAHÇESEHIR KOLEJI rebound defensive,,,,,,,,,0,138,2.0,def_reb,0,58,0,57
07:07,07:07:00,58,57,1,2,3,REGULAR,81,M. FLYNN,0,2pt,447,,"['pointsinthepaint', 'blocked']",drivinglayup,1,22,Malachi Emmanuel,Flynn,Malachi Emmanuel,Flynn,M,F,M,F,M. Flynn,BAHÇESEHIR KOLEJI,BSK,M. Flynn,22,,,93.290000915527,40.959999084473,0.0,P2,missed,BAHÇESEHIR KOLEJI M. FLYNN 2Pt missed,,,,78.0,1.0,K. BANKSTON,,,0,139,1.0,,0,58,0,57
07:07,07:07:00,58,57,1,1,3,REGULAR,78,K. BANKSTON,1,block,448,447,[],,0,30,Kristeon Lamar,Bankston,Kristeon Lamar,Bankston,K,B,K,B,K. Bankston,TÜRK TELEKOM,TTK,K. Bankston,30,,,,,,BS,,TÜRK TELEKOM K. BANKSTON block,,,,,,,,,0,139,1.0,,0,58,0,57
07:04,07:04:00,58,57,1,2,3,REGULAR,1,I. AKPINAR,1,rebound,449,447,[],offensive,0,33,Ismet,Akpinar,Ismet,Akpinar,I,A,I,A,I. Akpinar,BAHÇESEHIR KOLEJI,BSK,I. Akpinar,33,,,,,,REB,,BAHÇESEHIR KOLEJI rebound offensive,,,,,,,,,0,139,1.0,,0,58,0,57
06:53,06:53:00,58,57,1,2,3,REGULAR,76,C. HOMESLEY,0,2pt,450,,"['2ndchance', 'pointsinthepaint']",floatingjumpshot,1,5,Caleb Allen,Homesley,Caleb Allen,Homesley,C,H,C,H,C. Homesley,BAHÇESEHIR KOLEJI,BSK,C. Homesley,5,,,87.680000305176,44.919998168945,0.0,P2,missed,BAHÇESEHIR KOLEJI C. HOMESLEY 2Pt missed,,,,,,,,,0,139,1.0,def_reb,0,58,0,57
06:49,06:49:00,58,57,1,1,3,REGULAR,7,B. DURMAZ,1,rebound,451,450,[],defensive,0,3,Berkan,Durmaz,Berkan,Durmaz,B,D,B,D,B. Durmaz,TÜRK TELEKOM,TTK,B. Durmaz,3,,,,,,REB,,TÜRK TELEKOM rebound defensive,,,,,,,,,0,140,2.0,def_reb,0,58,0,57
06:34,06:34:00,60,57,3,1,3,REGULAR,78,K. BANKSTON,1,2pt,452,,['pointsinthepaint'],jumpshot,1,30,Kristeon Lamar,Bankston,Kristeon Lamar,Bankston,K,B,K,B,K. Bankston,TÜRK TELEKOM,TTK,K. Bankston,30,,,4.9899997711182,40.110000610352,1.0,P2,made,TÜRK TELEKOM K. BANKSTON 2Pt made,,,,,,,,,2,141,1.0,score,2,60,0,57
06:16,06:16:00,60,57,3,2,3,REGULAR,1,I. AKPINAR,0,3pt,453,,[],jumpshot,1,33,Ismet,Akpinar,Ismet,Akpinar,I,A,I,A,I. Akpinar,BAHÇESEHIR KOLEJI,BSK,I. Akpinar,33,,,94.699996948242,97.73999786377,0.0,P3,missed,BAHÇESEHIR KOLEJI I. AKPINAR 3Pt missed,,,,,,,,,0,142,2.0,def_reb,0,60,0,57
06:13,06:13:00,60,57,3,1,3,REGULAR,0,,1,rebound,455,453,['team'],defensive,0,,,,,,,,,,,TÜRK TELEKOM,TTK,,,,,,,,TREB,,TÜRK TELEKOM team rebound defensive,,,,,,,,,0,143,1.0,def_reb,0,60,0,57
06:04,06:04:00,60,57,3,1,3,REGULAR,77,J. SMITH,0,3pt,457,,[],jumpshot,1,9,Jaleen Devon,Smith,Jaleen Devon,Smith,J,S,J,S,J. Smith,TÜRK TELEKOM,TTK,J. Smith,9,,,21.530000686646,88.699996948242,0.0,P3,missed,TÜRK TELEKOM J. SMITH 3Pt missed,,,,,,,,,0,144,2.0,def_reb,0,60,0,57
06:02,06:02:00,60,57,3,2,3,REGULAR,81,M. FLYNN,1,rebound,458,457,[],defensive,0,22,Malachi Emmanuel,Flynn,Malachi Emmanuel,Flynn,M,F,M,F,M. Flynn,BAHÇESEHIR KOLEJI,BSK,M. Flynn,22,,,,,,REB,,BAHÇESEHIR KOLEJI rebound defensive,,,,,,,,,0,145,1.0,def_reb,0,60,0,57
05:59,05:59:00,60,57,3,1,3,REGULAR,78,K. BANKSTON,1,foul,460,,[],personal,0,30,Kristeon Lamar,Bankston,Kristeon Lamar,Bankston,K,B,K,B,K. Bankston,TÜRK TELEKOM,TTK,K. Bankston,30,,,,,,FOUL,,TÜRK TELEKOM K. BANKSTON foul personal,,,,,,,,,0,146,2.0,,0,60,0,57
05:59,05:59:00,60,57,3,2,3,REGULAR,81,M. FLYNN,1,foulon,461,460,[],,0,22,Malachi Emmanuel,Flynn,Malachi Emmanuel,Flynn,M,F,M,F,M. Flynn,BAHÇESEHIR KOLEJI,BSK,M. Flynn,22,,,,,,OTHER,,BAHÇESEHIR KOLEJI foulon,,,,,,,,,0,146,2.0,,0,60,0,57
05:59,05:59:00,60,57,3,1,3,REGULAR,7,B. DURMAZ,1,substitution,462,,[],out,0,3,Berkan,Durmaz,Berkan,Durmaz,B,D,B,D,B. Durmaz,TÜRK TELEKOM,TTK,B. Durmaz,3,,,,,,SUB,out,TÜRK TELEKOM substitution out,,,,,,,,,0,146,2.0,,0,60,0,57
05:59,05:59:00,60,57,3,1,3,REGULAR,76,M. SIMONOVIC,1,substitution,463,,[],in,0,11,Marko,Simonovic,Marko,Simonovic,M,S,M,S,M. Simonovic,TÜRK TELEKOM,TTK,M. Simonovic,11,,,,,,SUB,in,TÜRK TELEKOM substitution in,,,,,,,,,0,146,2.0,,0,60,0,57
05:53,05:53:00,60,57,3,2,3,REGULAR,76,C. HOMESLEY,1,turnover,465,,[],badpass,0,5,Caleb Allen,Homesley,Caleb Allen,Homesley,C,H,C,H,C. Homesley,BAHÇESEHIR KOLEJI,BSK,C. Homesley,5,,,,,,TO,,BAHÇESEHIR KOLEJI C. HOMESLEY turnover badpass,,,,,,,,,0,146,2.0,turnover,0,60,0,57
05:53,05:53:00,60,57,3,1,3,REGULAR,74,J. USHER,1,steal,466,465,[],,0,8,Jordan Emanuel ,Usher,Jordan Emanuel ,Usher,J,U,J,U,J. Usher,TÜRK TELEKOM,TTK,J. Usher,8,,,,,,ST,,TÜRK TELEKOM J. USHER steal,,,,,,,,,0,147,1.0,,0,60,0,57
05:46,05:46:00,62,57,5,1,3,REGULAR,76,M. SIMONOVIC,1,2pt,467,,"['fromturnover', 'pointsinthepaint', 'fastbreak']",dunk,1,11,Marko,Simonovic,Marko,Simonovic,M,S,M,S,M. Simonovic,TÜRK TELEKOM,TTK,M. Simonovic,11,,,6.8600001335144,43.220001220703,1.0,P2,made,TÜRK TELEKOM M. SIMONOVIC 2Pt made,74.0,1.0,J. USHER,,,,,,2,147,1.0,score,2,62,0,57
05:46,05:46:00,62,57,5,1,3,REGULAR,74,J. USHER,1,assist,468,467,[],,0,8,Jordan Emanuel ,Usher,Jordan Emanuel ,Usher,J,U,J,U,J. Usher,TÜRK TELEKOM,TTK,J. Usher,8,,,,,,ASS,,TÜRK TELEKOM J. USHER assist,,,,,,,,,0,148,2.0,,0,62,0,57
05:28,05:28:00,62,59,3,2,3,REGULAR,80,T. WILLIAMS,1,2pt,469,,['pointsinthepaint'],dunk,1,50,Trevion Lamon,Williams,Trevion Lamon,Williams,T,W,T,W,T. Williams,BAHÇESEHIR KOLEJI,BSK,T. Williams,50,,,89.860000610352,43.790000915527,1.0,P2,made,BAHÇESEHIR KOLEJI T. WILLIAMS 2Pt made,81.0,2.0,M. FLYNN,,,,,,2,148,2.0,score,0,62,2,59
05:28,05:28:00,62,59,3,2,3,REGULAR,81,M. FLYNN,1,assist,470,469,[],,0,22,Malachi Emmanuel,Flynn,Malachi Emmanuel,Flynn,M,F,M,F,M. Flynn,BAHÇESEHIR KOLEJI,BSK,M. Flynn,22,,,,,,ASS,,BAHÇESEHIR KOLEJI M. FLYNN assist,,,,,,,,,0,149,1.0,,0,62,0,59
05:05,05:05:00,62,59,3,1,3,REGULAR,5,D. ÖZDEMIROGLU,0,2pt,471,,['pointsinthepaint'],layup,1,18,Dogus,Özdemiroglu,Dogus,Özdemiroglu,D,Ö,D,Ö,D. Özdemiroglu,TÜRK TELEKOM,TTK,D. Özdemiroglu,18,,,9.0500001907349,36.720001220703,0.0,P2,missed,TÜRK TELEKOM D. ÖZDEMIROGLU 2Pt missed,,,,,,,,,0,149,1.0,def_reb,0,62,0,59
05:02,05:02:00,62,59,3,2,3,REGULAR,80,T. WILLIAMS,1,rebound,472,471,[],defensive,0,50,Trevion Lamon,Williams,Trevion Lamon,Williams,T,W,T,W,T. Williams,BAHÇESEHIR KOLEJI,BSK,T. Williams,50,,,,,,REB,,BAHÇESEHIR KOLEJI rebound defensive,,,,,,,,,0,150,2.0,def_reb,0,62,0,59
04:50,04:50:00,62,62,0,2,3,REGULAR,1,I. AKPINAR,1,3pt,473,,[],jumpshot,1,33,Ismet,Akpinar,Ismet,Akpinar,I,A,I,A,I. Akpinar,BAHÇESEHIR KOLEJI,BSK,I. Akpinar,33,,,97.660003662109,3.6700000762939,1.0,P3,made,BAHÇESEHIR KOLEJI I. AKPINAR 3Pt made,80.0,2.0,T. WILLIAMS,,,,,,3,151,1.0,score,0,62,3,62
04:50,04:50:00,62,62,0,2,3,REGULAR,80,T. WILLIAMS,1,assist,474,473,[],,0,50,Trevion Lamon,Williams,Trevion Lamon,Williams,T,W,T,W,T. Williams,BAHÇESEHIR KOLEJI,BSK,T. Williams,50,,,,,,ASS,,BAHÇESEHIR KOLEJI T. WILLIAMS assist,,,,,,,,,0,152,2.0,,0,62,0,62
04:31,04:31:00,65,62,3,1,3,REGULAR,5,D. ÖZDEMIROGLU,1,3pt,475,,[],jumpshot,1,18,Dogus,Özdemiroglu,Dogus,Özdemiroglu,D,Ö,D,Ö,D. Özdemiroglu,TÜRK TELEKOM,TTK,D. Özdemiroglu,18,,,29.799999237061,35.310001373291,1.0,P3,made,TÜRK TELEKOM D. ÖZDEMIROGLU 3Pt made,,,,,,,,,3,152,2.0,score,3,65,0,62
04:18,04:18:00,65,64,1,2,3,REGULAR,76,C. HOMESLEY,1,2pt,476,,['pointsinthepaint'],drivinglayup,1,5,Caleb Allen,Homesley,Caleb Allen,Homesley,C,H,C,H,C. Homesley,BAHÇESEHIR KOLEJI,BSK,C. Homesley,5,,,91.26000213623,37.849998474121,1.0,P2,made,BAHÇESEHIR KOLEJI C. HOMESLEY 2Pt made,,,,,,,,,2,153,1.0,score,0,65,2,64
04:02,04:02:00,67,64,3,1,3,REGULAR,78,K. BANKSTON,1,2pt,477,,['pointsinthepaint'],alleyoopdunk,1,30,Kristeon Lamar,Bankston,Kristeon Lamar,Bankston,K,B,K,B,K. Bankston,TÜRK TELEKOM,TTK,K. Bankston,30,,,6.5500001907349,44.349998474121,1.0,P2,made,TÜRK TELEKOM K. BANKSTON 2Pt made,77.0,1.0,J. SMITH,,,,,,2,154,2.0,score,2,67,0,64
04:02,04:02:00,67,64,3,1,3,REGULAR,77,J. SMITH,1,assist,478,477,[],,0,9,Jaleen Devon,Smith,Jaleen Devon,Smith,J,S,J,S,J. Smith,TÜRK TELEKOM,TTK,J. Smith,9,,,,,,ASS,,TÜRK TELEKOM J. SMITH assist,,,,,,,,,0,155,1.0,,0,67,0,64
03:45,03:45:00,67,64,3,2,3,REGULAR,77,M. MITCHELL II,0,3pt,479,,[],jumpshot,1,11,Matthew Antonio,Mitchell Ii,Matthew Antonio,Mitchell Ii,M,M,M,M,M. Mitchell Ii,BAHÇESEHIR KOLEJI,BSK,M. Mitchell Ii,11,,,70.980003356934,33.330001831055,0.0,P3,missed,BAHÇESEHIR KOLEJI M. MITCHELL II 3Pt missed,,,,,,,,,0,155,1.0,def_reb,0,67,0,64
03:42,03:42:00,67,64,3,1,3,REGULAR,77,J. SMITH,1,rebound,480,479,[],defensive,0,9,Jaleen Devon,Smith,Jaleen Devon,Smith,J,S,J,S,J. Smith,TÜRK TELEKOM,TTK,J. Smith,9,,,,,,REB,,TÜRK TELEKOM rebound defensive,,,,,,,,,0,156,2.0,def_reb,0,67,0,64
03:35,03:35:00,67,64,3,1,3,REGULAR,77,J. SMITH,1,turnover,481,,[],badpass,0,9,Jaleen Devon,Smith,Jaleen Devon,Smith,J,S,J,S,J. Smith,TÜRK TELEKOM,TTK,J. Smith,9,,,,,,TO,,TÜRK TELEKOM J. SMITH turnover badpass,,,,,,,,,0,157,1.0,turnover,0,67,0,64
03:35,03:35:00,67,64,3,2,3,REGULAR,77,M. MITCHELL II,1,steal,482,481,[],,0,11,Matthew Antonio,Mitchell Ii,Matthew Antonio,Mitchell Ii,M,M,M,M,M. Mitchell Ii,BAHÇESEHIR KOLEJI,BSK,M. Mitchell Ii,11,,,,,,ST,,BAHÇESEHIR KOLEJI M. MITCHELL II steal,,,,,,,,,0,158,2.0,,0,67,0,64
03:29,03:29:00,67,66,1,2,3,REGULAR,77,M. MITCHELL II,1,2pt,483,,"['fromturnover', 'pointsinthepaint', 'fastbreak']",layup,1,11,Matthew Antonio,Mitchell Ii,Matthew Antonio,Mitchell Ii,M,M,M,M,M. Mitchell Ii,BAHÇESEHIR KOLEJI,BSK,M. Mitchell Ii,11,,,94.379997253418,62.709999084473,1.0,P2,made,BAHÇESEHIR KOLEJI M. MITCHELL II 2Pt made,,,,,,,,,2,158,2.0,score,0,67,2,66
03:04,03:04:00,70,66,4,1,3,REGULAR,77,J. SMITH,1,3pt,484,,[],jumpshot,1,9,Jaleen Devon,Smith,Jaleen Devon,Smith,J,S,J,S,J. Smith,TÜRK TELEKOM,TTK,J. Smith,9,,,3.9000000953674,96.889999389648,1.0,P3,made,TÜRK TELEKOM J. SMITH 3Pt made,78.0,1.0,K. BANKSTON,,,,,,3,159,1.0,score,3,70,0,66
03:04,03:04:00,70,66,4,1,3,REGULAR,78,K. BANKSTON,1,assist,485,484,[],,0,30,Kristeon Lamar,Bankston,Kristeon Lamar,Bankston,K,B,K,B,K. Bankston,TÜRK TELEKOM,TTK,K. Bankston,30,,,,,,ASS,,TÜRK TELEKOM K. BANKSTON assist,,,,,,,,,0,160,2.0,,0,70,0,66
02:47,02:47:00,70,66,4,2,3,REGULAR,76,C. HOMESLEY,0,3pt,486,,[],jumpshot,1,5,Caleb Allen,Homesley,Caleb Allen,Homesley,C,H,C,H,C. Homesley,BAHÇESEHIR KOLEJI,BSK,C. Homesley,5,,,86.580001831055,95.480003356934,0.0,P3,missed,BAHÇESEHIR KOLEJI C. HOMESLEY 3Pt missed,,,,,,,,,0,160,2.0,def_reb,0,70,0,66
02:45,02:45:00,70,66,4,1,3,REGULAR,76,M. SIMONOVIC,1,rebound,487,486,[],defensive,0,11,Marko,Simonovic,Marko,Simonovic,M,S,M,S,M. Simonovic,TÜRK TELEKOM,TTK,M. Simonovic,11,,,,,,REB,,TÜRK TELEKOM rebound defensive,,,,,,,,,0,161,1.0,def_reb,0,70,0,66
02:44,02:44:00,70,66,4,2,3,REGULAR,1,I. AKPINAR,1,foul,489,,[],personal,0,33,Ismet,Akpinar,Ismet,Akpinar,I,A,I,A,I. Akpinar,BAHÇESEHIR KOLEJI,BSK,I. Akpinar,33,,,,,,FOUL,,BAHÇESEHIR KOLEJI I. AKPINAR foul personal,,,,,,,,,0,162,2.0,,0,70,0,66
02:44,02:44:00,70,66,4,1,3,REGULAR,77,J. SMITH,1,foulon,490,489,[],,0,9,Jaleen Devon,Smith,Jaleen Devon,Smith,J,S,J,S,J. Smith,TÜRK TELEKOM,TTK,J. Smith,9,,,,,,OTHER,,TÜRK TELEKOM foulon,,,,,,,,,0,162,2.0,,0,70,0,66
02:44,02:44:00,70,66,4,0,3,REGULAR,0,,1,timeout,491,,[],officials,0,,,,,,,,,,,,,,,,,,,,TIMEOUT,, timeout,,,,,,,,,0,162,2.0,,0,70,0,66
02:44,02:44:00,70,66,4,1,3,REGULAR,5,D. ÖZDEMIROGLU,1,substitution,492,,[],out,0,18,Dogus,Özdemiroglu,Dogus,Özdemiroglu,D,Ö,D,Ö,D. Özdemiroglu,TÜRK TELEKOM,TTK,D. Özdemiroglu,18,,,,,,SUB,out,TÜRK TELEKOM substitution out,,,,,,,,,0,162,2.0,,0,70,0,66
02:44,02:44:00,70,66,4,1,3,REGULAR,78,K. BANKSTON,1,substitution,493,,[],out,0,30,Kristeon Lamar,Bankston,Kristeon Lamar,Bankston,K,B,K,B,K. Bankston,TÜRK TELEKOM,TTK,K. Bankston,30,,,,,,SUB,out,TÜRK TELEKOM substitution out,,,,,,,,,0,162,2.0,,0,70,0,66
02:44,02:44:00,70,66,4,1,3,REGULAR,75,K. ALLMAN,1,substitution,494,,[],in,0,1,Kyle Lindsay,Allman,Kyle Lindsay,Allman,K,A,K,A,K. Allman,TÜRK TELEKOM,TTK,K. Allman,1,,,,,,SUB,in,TÜRK TELEKOM substitution in,,,,,,,,,0,162,2.0,,0,70,0,66
02:44,02:44:00,70,66,4,1,3,REGULAR,7,B. DURMAZ,1,substitution,495,,[],in,0,3,Berkan,Durmaz,Berkan,Durmaz,B,D,B,D,B. Durmaz,TÜRK TELEKOM,TTK,B. Durmaz,3,,,,,,SUB,in,TÜRK TELEKOM substitution in,,,,,,,,,0,162,2.0,,0,70,0,66
02:44,02:44:00,70,66,4,2,3,REGULAR,81,M. FLYNN,1,substitution,496,,[],out,0,22,Malachi Emmanuel,Flynn,Malachi Emmanuel,Flynn,M,F,M,F,M. Flynn,BAHÇESEHIR KOLEJI,BSK,M. Flynn,22,,,,,,SUB,out,BAHÇESEHIR KOLEJI substitution out,,,,,,,,,0,162,2.0,,0,70,0,66
02:44,02:44:00,70,66,4,2,3,REGULAR,1,I. AKPINAR,1,substitution,497,,[],out,0,33,Ismet,Akpinar,Ismet,Akpinar,I,A,I,A,I. Akpinar,BAHÇESEHIR KOLEJI,BSK,I. Akpinar,33,,,,,,SUB,out,BAHÇESEHIR KOLEJI substitution out,,,,,,,,,0,162,2.0,,0,70,0,66
02:44,02:44:00,70,66,4,2,3,REGULAR,80,T. WILLIAMS,1,substitution,498,,[],out,0,50,Trevion Lamon,Williams,Trevion Lamon,Williams,T,W,T,W,T. Williams,BAHÇESEHIR KOLEJI,BSK,T. Williams,50,,,,,,SUB,out,BAHÇESEHIR KOLEJI substitution out,,,,,,,,,0,162,2.0,,0,70,0,66
02:44,02:44:00,70,66,4,2,3,REGULAR,78,B. KOPRIVICA,1,substitution,499,,[],in,0,8,Balsa,Koprivica,Balsa,Koprivica,B,K,B,K,B. Koprivica,BAHÇESEHIR KOLEJI,BSK,B. Koprivica,8,,,,,,SUB,in,BAHÇESEHIR KOLEJI substitution in,,,,,,,,,0,162,2.0,,0,70,0,66
02:44,02:44:00,70,66,4,2,3,REGULAR,62,K. SIPAHI,1,substitution,500,,[],in,0,55,Kenan,Sipahi,Kenan,Sipahi,K,S,K,S,K. Sipahi,BAHÇESEHIR KOLEJI,BSK,K. Sipahi,55,,,,,,SUB,in,BAHÇESEHIR KOLEJI substitution in,,,,,,,,,0,162,2.0,,0,70,0,66
02:44,02:44:00,70,66,4,2,3,REGULAR,79,H. HALE,1,substitution,501,,[],in,0,77,Hunter Jelaun,Hale,Hunter Jelaun,Hale,H,H,H,H,H. Hale,BAHÇESEHIR KOLEJI,BSK,H. Hale,77,,,,,,SUB,in,BAHÇESEHIR KOLEJI substitution in,,,,,,,,,0,162,2.0,,0,70,0,66
02:30,02:30:00,70,66,4,1,3,REGULAR,76,M. SIMONOVIC,0,3pt,503,,[],jumpshot,1,11,Marko,Simonovic,Marko,Simonovic,M,S,M,S,M. Simonovic,TÜRK TELEKOM,TTK,M. Simonovic,11,,,30.729999542236,35.880001068115,0.0,P3,missed,TÜRK TELEKOM M. SIMONOVIC 3Pt missed,,,,,,,,,0,162,2.0,,0,70,0,66
02:28,02:28:00,70,66,4,1,3,REGULAR,74,J. USHER,1,rebound,504,503,[],offensive,0,8,Jordan Emanuel ,Usher,Jordan Emanuel ,Usher,J,U,J,U,J. Usher,TÜRK TELEKOM,TTK,J. Usher,8,,,,,,REB,,TÜRK TELEKOM rebound offensive,,,,,,,,,0,162,2.0,,0,70,0,66
02:19,02:19:00,73,66,7,1,3,REGULAR,77,J. SMITH,1,3pt,505,,['2ndchance'],jumpshot,1,9,Jaleen Devon,Smith,Jaleen Devon,Smith,J,S,J,S,J. Smith,TÜRK TELEKOM,TTK,J. Smith,9,,,24.959999084473,89.550003051758,1.0,P3,made,TÜRK TELEKOM J. SMITH 3Pt made,7.0,1.0,B. DURMAZ,,,,,,3,162,2.0,score,3,73,0,66
02:19,02:19:00,73,66,7,1,3,REGULAR,7,B. DURMAZ,1,assist,506,505,[],,0,3,Berkan,Durmaz,Berkan,Durmaz,B,D,B,D,B. Durmaz,TÜRK TELEKOM,TTK,B. Durmaz,3,,,,,,ASS,,TÜRK TELEKOM B. DURMAZ assist,,,,,,,,,0,163,1.0,,0,73,0,66
01:54,01:54:00,73,66,7,2,3,REGULAR,77,M. MITCHELL II,0,2pt,507,,[],turnaroundjumpshot,1,11,Matthew Antonio,Mitchell Ii,Matthew Antonio,Mitchell Ii,M,M,M,M,M. Mitchell Ii,BAHÇESEHIR KOLEJI,BSK,M. Mitchell Ii,11,,,95.01000213623,86.720001220703,0.0,P2,missed,BAHÇESEHIR KOLEJI M. MITCHELL II 2Pt missed,,,,,,,,,0,163,1.0,,0,73,0,66
01:51,01:51:00,73,66,7,2,3,REGULAR,76,C. HOMESLEY,1,rebound,508,507,[],offensive,0,5,Caleb Allen,Homesley,Caleb Allen,Homesley,C,H,C,H,C. Homesley,BAHÇESEHIR KOLEJI,BSK,C. Homesley,5,,,,,,REB,,BAHÇESEHIR KOLEJI rebound offensive,,,,,,,,,0,163,1.0,,0,73,0,66
01:38,01:38:00,73,66,7,2,3,REGULAR,76,C. HOMESLEY,0,3pt,509,,['2ndchance'],jumpshot,1,5,Caleb Allen,Homesley,Caleb Allen,Homesley,C,H,C,H,C. Homesley,BAHÇESEHIR KOLEJI,BSK,C. Homesley,5,,,94.069999694824,3.1099998950958,0.0,P3,missed,BAHÇESEHIR KOLEJI C. HOMESLEY 3Pt missed,,,,,,,,,0,163,1.0,,0,73,0,66
01:37,01:37:00,73,66,7,2,3,REGULAR,0,,1,turnover,511,,['team'],24sec,0,,,,,,,,,,,BAHÇESEHIR KOLEJI,BSK,,,,,,,,TO,,BAHÇESEHIR KOLEJI  turnover 24sec,,,,,,,,,0,163,1.0,turnover,0,73,0,66
01:37,01:37:00,73,66,7,2,3,REGULAR,77,M. MITCHELL II,1,substitution,512,,[],out,0,11,Matthew Antonio,Mitchell Ii,Matthew Antonio,Mitchell Ii,M,M,M,M,M. Mitchell Ii,BAHÇESEHIR KOLEJI,BSK,M. Mitchell Ii,11,,,,,,SUB,out,BAHÇESEHIR KOLEJI substitution out,,,,,,,,,0,164,2.0,,0,73,0,66
01:37,01:37:00,73,66,7,2,3,REGULAR,74,M. PONITKA,1,substitution,513,,[],in,0,28,Mateusz Michal,Ponitka,Mateusz Michal,Ponitka,M,P,M,P,M. Ponitka,BAHÇESEHIR KOLEJI,BSK,M. Ponitka,28,,,,,,SUB,in,BAHÇESEHIR KOLEJI substitution in,,,,,,,,,0,164,2.0,,0,73,0,66
01:37,01:37:00,73,66,7,2,3,REGULAR,76,C. HOMESLEY,1,substitution,514,,[],out,0,5,Caleb Allen,Homesley,Caleb Allen,Homesley,C,H,C,H,C. Homesley,BAHÇESEHIR KOLEJI,BSK,C. Homesley,5,,,,,,SUB,out,BAHÇESEHIR KOLEJI substitution out,,,,,,,,,0,164,2.0,,0,73,0,66
01:37,01:37:00,73,66,7,2,3,REGULAR,81,M. FLYNN,1,substitution,515,,[],in,0,22,Malachi Emmanuel,Flynn,Malachi Emmanuel,Flynn,M,F,M,F,M. Flynn,BAHÇESEHIR KOLEJI,BSK,M. Flynn,22,,,,,,SUB,in,BAHÇESEHIR KOLEJI substitution in,,,,,,,,,0,164,2.0,,0,73,0,66
01:21,01:21:00,75,66,9,1,3,REGULAR,74,J. USHER,1,2pt,517,,"['fromturnover', 'pointsinthepaint']",alleyoop,1,8,Jordan Emanuel ,Usher,Jordan Emanuel ,Usher,J,U,J,U,J. Usher,TÜRK TELEKOM,TTK,J. Usher,8,,,5.9299998283386,60.450000762939,1.0,P2,made,TÜRK TELEKOM J. USHER 2Pt made,76.0,1.0,M. SIMONOVIC,,,,,,2,164,2.0,score,2,75,0,66
01:21,01:21:00,75,66,9,1,3,REGULAR,76,M. SIMONOVIC,1,assist,519,517,[],,0,11,Marko,Simonovic,Marko,Simonovic,M,S,M,S,M. Simonovic,TÜRK TELEKOM,TTK,M. Simonovic,11,,,,,,ASS,,TÜRK TELEKOM M. SIMONOVIC assist,,,,,,,,,0,165,1.0,,0,75,0,66
01:20,01:20:00,75,66,9,2,3,REGULAR,0,,1,timeout,520,,[],full,0,,,,,,,,,,,BAHÇESEHIR KOLEJI,BSK,,,,,,,,TIMEOUT,,BAHÇESEHIR KOLEJI timeout,,,,,,,,,0,165,1.0,,0,75,0,66
01:08,01:08:00,75,69,6,2,3,REGULAR,81,M. FLYNN,1,3pt,522,,[],jumpshot,1,22,Malachi Emmanuel,Flynn,Malachi Emmanuel,Flynn,M,F,M,F,M. Flynn,BAHÇESEHIR KOLEJI,BSK,M. Flynn,22,,,67.389999389648,52.819999694824,1.0,P3,made,BAHÇESEHIR KOLEJI M. FLYNN 3Pt made,79.0,2.0,H. HALE,,,,,,3,165,1.0,score,0,75,3,69
01:08,01:08:00,75,69,6,2,3,REGULAR,79,H. HALE,1,assist,523,522,[],,0,77,Hunter Jelaun,Hale,Hunter Jelaun,Hale,H,H,H,H,H. Hale,BAHÇESEHIR KOLEJI,BSK,H. Hale,77,,,,,,ASS,,BAHÇESEHIR KOLEJI H. HALE assist,,,,,,,,,0,166,2.0,,0,75,0,69
00:51,00:51:40,75,69,6,1,3,REGULAR,76,M. SIMONOVIC,0,3pt,524,,[],jumpshot,1,11,Marko,Simonovic,Marko,Simonovic,M,S,M,S,M. Simonovic,TÜRK TELEKOM,TTK,M. Simonovic,11,,,27.930000305176,24.860000610352,0.0,P3,missed,TÜRK TELEKOM M. SIMONOVIC 3Pt missed,,,,,,,,,0,166,2.0,def_reb,0,75,0,69
00:49,00:49:10,75,69,6,2,3,REGULAR,81,M. FLYNN,1,rebound,525,524,[],defensive,0,22,Malachi Emmanuel,Flynn,Malachi Emmanuel,Flynn,M,F,M,F,M. Flynn,BAHÇESEHIR KOLEJI,BSK,M. Flynn,22,,,,,,REB,,BAHÇESEHIR KOLEJI rebound defensive,,,,,,,,,0,167,1.0,def_reb,0,75,0,69
00:45,00:45:70,75,69,6,1,3,REGULAR,76,M. SIMONOVIC,1,foul,527,,"['shooting', '2freethrow']",personal,0,11,Marko,Simonovic,Marko,Simonovic,M,S,M,S,M. Simonovic,TÜRK TELEKOM,TTK,M. Simonovic,11,,,,,,FOUL,,TÜRK TELEKOM M. SIMONOVIC foul personal,,,,,,,,,0,168,2.0,,0,75,0,69
00:45,00:45:70,75,69,6,2,3,REGULAR,62,K. SIPAHI,1,foulon,528,527,[],,0,55,Kenan,Sipahi,Kenan,Sipahi,K,S,K,S,K. Sipahi,BAHÇESEHIR KOLEJI,BSK,K. Sipahi,55,,,,,,OTHER,,BAHÇESEHIR KOLEJI foulon,,,,,,,,,0,168,2.0,,0,75,0,69
00:45,00:45:70,75,69,6,2,3,REGULAR,62,K. SIPAHI,0,freethrow,529,,['fastbreak'],1of2,1,55,Kenan,Sipahi,Kenan,Sipahi,K,S,K,S,K. Sipahi,BAHÇESEHIR KOLEJI,BSK,K. Sipahi,55,,,,,,FT,missed,BAHÇESEHIR KOLEJI K. SIPAHI FT 1of2 missed,,,,,,,,,0,168,2.0,def_reb,0,75,0,69
00:45,00:45:70,75,69,6,2,3,REGULAR,0,,1,rebound,530,529,[],offensivedeadball,0,,,,,,,,,,,BAHÇESEHIR KOLEJI,BSK,,,,,,,,TREB,,BAHÇESEHIR KOLEJI team rebound offensivedeadball,,,,,,,,,0,169,1.0,def_reb,0,75,0,69
00:45,00:45:70,75,70,5,2,3,REGULAR,62,K. SIPAHI,1,freethrow,531,,['fastbreak'],2of2,1,55,Kenan,Sipahi,Kenan,Sipahi,K,S,K,S,K. Sipahi,BAHÇESEHIR KOLEJI,BSK,K. Sipahi,55,,,,,,FT,made,BAHÇESEHIR KOLEJI K. SIPAHI FT 2of2 made,,,,,,,,,1,170,2.0,made_ft_last,0,75,1,70
00:45,00:45:70,75,70,5,2,3,REGULAR,81,M. FLYNN,1,assist,532,531,[],,0,22,Malachi Emmanuel,Flynn,Malachi Emmanuel,Flynn,M,F,M,F,M. Flynn,BAHÇESEHIR KOLEJI,BSK,M. Flynn,22,,,,,,ASS,,BAHÇESEHIR KOLEJI M. FLYNN assist,,,,,,,,,0,171,1.0,,0,75,0,70
00:23,00:23:50,75,70,5,1,3,REGULAR,75,K. ALLMAN,1,turnover,534,,[],badpass,0,1,Kyle Lindsay,Allman,Kyle Lindsay,Allman,K,A,K,A,K. Allman,TÜRK TELEKOM,TTK,K. Allman,1,,,,,,TO,,TÜRK TELEKOM K. ALLMAN turnover badpass,,,,,,,,,0,171,1.0,turnover,0,75,0,70
00:23,00:23:50,75,70,5,2,3,REGULAR,74,M. PONITKA,1,steal,535,534,[],,0,28,Mateusz Michal,Ponitka,Mateusz Michal,Ponitka,M,P,M,P,M. Ponitka,BAHÇESEHIR KOLEJI,BSK,M. Ponitka,28,,,,,,ST,,BAHÇESEHIR KOLEJI M. PONITKA steal,,,,,,,,,0,172,2.0,,0,75,0,70
00:06,00:06:40,75,70,5,1,3,REGULAR,76,M. SIMONOVIC,1,foul,541,,"['shooting', '2freethrow']",personal,0,11,Marko,Simonovic,Marko,Simonovic,M,S,M,S,M. Simonovic,TÜRK TELEKOM,TTK,M. Simonovic,11,,,,,,FOUL,,TÜRK TELEKOM M. SIMONOVIC foul personal,,,,,,,,,0,172,2.0,,0,75,0,70
00:06,00:06:40,75,70,5,2,3,REGULAR,79,H. HALE,1,foulon,542,541,[],,0,77,Hunter Jelaun,Hale,Hunter Jelaun,Hale,H,H,H,H,H. Hale,BAHÇESEHIR KOLEJI,BSK,H. Hale,77,,,,,,OTHER,,BAHÇESEHIR KOLEJI foulon,,,,,,,,,0,172,2.0,,0,75,0,70
00:06,00:06:40,75,70,5,2,3,REGULAR,78,B. KOPRIVICA,1,substitution,543,,[],out,0,8,Balsa,Koprivica,Balsa,Koprivica,B,K,B,K,B. Koprivica,BAHÇESEHIR KOLEJI,BSK,B. Koprivica,8,,,,,,SUB,out,BAHÇESEHIR KOLEJI substitution out,,,,,,,,,0,172,2.0,,0,75,0,70
00:06,00:06:40,75,70,5,2,3,REGULAR,3,G. BAS,1,substitution,544,,[],in,0,57,Göktug,Bas,Göktug,Bas,G,B,G,B,G. Bas,BAHÇESEHIR KOLEJI,BSK,G. Bas,57,,,,,,SUB,in,BAHÇESEHIR KOLEJI substitution in,,,,,,,,,0,172,2.0,,0,75,0,70
00:06,00:06:40,75,70,5,2,3,REGULAR,79,H. HALE,0,freethrow,545,,['fromturnover'],1of2,1,77,Hunter Jelaun,Hale,Hunter Jelaun,Hale,H,H,H,H,H. Hale,BAHÇESEHIR KOLEJI,BSK,H. Hale,77,,,,,,FT,missed,BAHÇESEHIR KOLEJI H. HALE FT 1of2 missed,,,,,,,,,0,172,2.0,def_reb,0,75,0,70
00:06,00:06:40,75,70,5,2,3,REGULAR,0,,1,rebound,546,545,[],offensivedeadball,0,,,,,,,,,,,BAHÇESEHIR KOLEJI,BSK,,,,,,,,TREB,,BAHÇESEHIR KOLEJI team rebound offensivedeadball,,,,,,,,,0,173,1.0,def_reb,0,75,0,70
00:06,00:06:40,75,71,4,2,3,REGULAR,79,H. HALE,1,freethrow,547,,['fromturnover'],2of2,1,77,Hunter Jelaun,Hale,Hunter Jelaun,Hale,H,H,H,H,H. Hale,BAHÇESEHIR KOLEJI,BSK,H. Hale,77,,,,,,FT,made,BAHÇESEHIR KOLEJI H. HALE FT 2of2 made,,,,,,,,,1,174,2.0,made_ft_last,0,75,1,71
00:06,00:06:40,75,71,4,2,3,REGULAR,81,M. FLYNN,1,substitution,548,,[],out,0,22,Malachi Emmanuel,Flynn,Malachi Emmanuel,Flynn,M,F,M,F,M. Flynn,BAHÇESEHIR KOLEJI,BSK,M. Flynn,22,,,,,,SUB,out,BAHÇESEHIR KOLEJI substitution out,,,,,,,,,0,175,1.0,,0,75,0,71
00:06,00:06:40,75,71,4,2,3,REGULAR,79,H. HALE,1,substitution,549,,[],out,0,77,Hunter Jelaun,Hale,Hunter Jelaun,Hale,H,H,H,H,H. Hale,BAHÇESEHIR KOLEJI,BSK,H. Hale,77,,,,,,SUB,out,BAHÇESEHIR KOLEJI substitution out,,,,,,,,,0,175,1.0,,0,75,0,71
00:06,00:06:40,75,71,4,2,3,REGULAR,77,M. MITCHELL II,1,substitution,550,,[],in,0,11,Matthew Antonio,Mitchell Ii,Matthew Antonio,Mitchell Ii,M,M,M,M,M. Mitchell Ii,BAHÇESEHIR KOLEJI,BSK,M. Mitchell Ii,11,,,,,,SUB,in,BAHÇESEHIR KOLEJI substitution in,,,,,,,,,0,175,1.0,,0,75,0,71
00:06,00:06:40,75,71,4,2,3,REGULAR,1,I. AKPINAR,1,substitution,551,,[],in,0,33,Ismet,Akpinar,Ismet,Akpinar,I,A,I,A,I. Akpinar,BAHÇESEHIR KOLEJI,BSK,I. Akpinar,33,,,,,,SUB,in,BAHÇESEHIR KOLEJI substitution in,,,,,,,,,0,175,1.0,,0,75,0,71
00:01,00:01:70,75,71,4,1,3,REGULAR,75,K. ALLMAN,1,turnover,555,,[],badpass,0,1,Kyle Lindsay,Allman,Kyle Lindsay,Allman,K,A,K,A,K. Allman,TÜRK TELEKOM,TTK,K. Allman,1,,,,,,TO,,TÜRK TELEKOM K. ALLMAN turnover badpass,,,,,,,,,0,175,1.0,turnover,0,75,0,71
00:01,00:01:70,75,71,4,2,3,REGULAR,74,M. PONITKA,1,steal,557,555,[],,0,28,Mateusz Michal,Ponitka,Mateusz Michal,Ponitka,M,P,M,P,M. Ponitka,BAHÇESEHIR KOLEJI,BSK,M. Ponitka,28,,,,,,ST,,BAHÇESEHIR KOLEJI M. PONITKA steal,,,,,,,,,0,176,2.0,,0,75,0,71
00:00,00:00:00,75,71,4,0,3,REGULAR,0,,1,period,558,,['confirmed'],end,0,,,,,,,,,,,,,,,,,,,,OTHER,,period end,,,,,,,,,0,176,2.0,,0,75,0,71
10:00,10:00:00,75,71,4,1,4,REGULAR,75,K. ALLMAN,1,substitution,559,,[],out,0,1,Kyle Lindsay,Allman,Kyle Lindsay,Allman,K,A,K,A,K. Allman,TÜRK TELEKOM,TTK,K. Allman,1,,,,,,SUB,out,TÜRK TELEKOM substitution out,,,,,,,,,0,176,2.0,,0,75,0,71
10:00,10:00:00,75,71,4,1,4,REGULAR,76,M. SIMONOVIC,1,substitution,560,,[],out,0,11,Marko,Simonovic,Marko,Simonovic,M,S,M,S,M. Simonovic,TÜRK TELEKOM,TTK,M. Simonovic,11,,,,,,SUB,out,TÜRK TELEKOM substitution out,,,,,,,,,0,176,2.0,,0,75,0,71
10:00,10:00:00,75,71,4,1,4,REGULAR,5,D. ÖZDEMIROGLU,1,substitution,561,,[],in,0,18,Dogus,Özdemiroglu,Dogus,Özdemiroglu,D,Ö,D,Ö,D. Özdemiroglu,TÜRK TELEKOM,TTK,D. Özdemiroglu,18,,,,,,SUB,in,TÜRK TELEKOM substitution in,,,,,,,,,0,176,2.0,,0,75,0,71
10:00,10:00:00,75,71,4,1,4,REGULAR,78,K. BANKSTON,1,substitution,562,,[],in,0,30,Kristeon Lamar,Bankston,Kristeon Lamar,Bankston,K,B,K,B,K. Bankston,TÜRK TELEKOM,TTK,K. Bankston,30,,,,,,SUB,in,TÜRK TELEKOM substitution in,,,,,,,,,0,176,2.0,,0,75,0,71
10:00,10:00:00,75,71,4,2,4,REGULAR,77,M. MITCHELL II,1,substitution,563,,[],out,0,11,Matthew Antonio,Mitchell Ii,Matthew Antonio,Mitchell Ii,M,M,M,M,M. Mitchell Ii,BAHÇESEHIR KOLEJI,BSK,M. Mitchell Ii,11,,,,,,SUB,out,BAHÇESEHIR KOLEJI substitution out,,,,,,,,,0,176,2.0,,0,75,0,71
10:00,10:00:00,75,71,4,2,4,REGULAR,1,I. AKPINAR,1,substitution,564,,[],out,0,33,Ismet,Akpinar,Ismet,Akpinar,I,A,I,A,I. Akpinar,BAHÇESEHIR KOLEJI,BSK,I. Akpinar,33,,,,,,SUB,out,BAHÇESEHIR KOLEJI substitution out,,,,,,,,,0,176,2.0,,0,75,0,71
10:00,10:00:00,75,71,4,2,4,REGULAR,3,G. BAS,1,substitution,565,,[],out,0,57,Göktug,Bas,Göktug,Bas,G,B,G,B,G. Bas,BAHÇESEHIR KOLEJI,BSK,G. Bas,57,,,,,,SUB,out,BAHÇESEHIR KOLEJI substitution out,,,,,,,,,0,176,2.0,,0,75,0,71
10:00,10:00:00,75,71,4,2,4,REGULAR,78,B. KOPRIVICA,1,substitution,566,,[],in,0,8,Balsa,Koprivica,Balsa,Koprivica,B,K,B,K,B. Koprivica,BAHÇESEHIR KOLEJI,BSK,B. Koprivica,8,,,,,,SUB,in,BAHÇESEHIR KOLEJI substitution in,,,,,,,,,0,176,2.0,,0,75,0,71
10:00,10:00:00,75,71,4,2,4,REGULAR,81,M. FLYNN,1,substitution,567,,[],in,0,22,Malachi Emmanuel,Flynn,Malachi Emmanuel,Flynn,M,F,M,F,M. Flynn,BAHÇESEHIR KOLEJI,BSK,M. Flynn,22,,,,,,SUB,in,BAHÇESEHIR KOLEJI substitution in,,,,,,,,,0,176,2.0,,0,75,0,71
10:00,10:00:00,75,71,4,2,4,REGULAR,79,H. HALE,1,substitution,568,,[],in,0,77,Hunter Jelaun,Hale,Hunter Jelaun,Hale,H,H,H,H,H. Hale,BAHÇESEHIR KOLEJI,BSK,H. Hale,77,,,,,,SUB,in,BAHÇESEHIR KOLEJI substitution in,,,,,,,,,0,176,2.0,,0,75,0,71
10:00,10:00:00,75,71,4,0,4,REGULAR,0,,1,period,569,,[],start,0,,,,,,,,,,,,,,,,,,,,OTHER,,period start,,,,,,,,,0,176,2.0,,0,75,0,71
09:50,09:50:00,75,74,1,2,4,REGULAR,81,M. FLYNN,1,3pt,571,,[],jumpshot,1,22,Malachi Emmanuel,Flynn,Malachi Emmanuel,Flynn,M,F,M,F,M. Flynn,BAHÇESEHIR KOLEJI,BSK,M. Flynn,22,,,68.949996948242,41.810001373291,1.0,P3,made,BAHÇESEHIR KOLEJI M. FLYNN 3Pt made,62.0,2.0,K. SIPAHI,,,,,,3,176,2.0,score,0,75,3,74
09:50,09:50:00,75,74,1,2,4,REGULAR,62,K. SIPAHI,1,assist,572,571,[],,0,55,Kenan,Sipahi,Kenan,Sipahi,K,S,K,S,K. Sipahi,BAHÇESEHIR KOLEJI,BSK,K. Sipahi,55,,,,,,ASS,,BAHÇESEHIR KOLEJI K. SIPAHI assist,,,,,,,,,0,177,1.0,,0,75,0,74
