gt,clock,s1,s2,lead,tno,period,periodType,pno,player,success,actionType,actionNumber,previousAction,qualifier,subType,scoring,shirtNumber,firstName,familyName,internationalFirstName,internationalFamilyName,firstNameInitial,familyNameInitial,internationalFirstNameInitial,internationalFamilyNameInitial,scoreboardName,team_name,team_code,player_name_from_roster,player_shirt,player_pos_raw,player_pos_group,x,y,r,ev_code,ev_result,ev_text,assist_pno,assist_tno,assist_player,block_pno,block_tno,block_player,assist_pos_group,block_pos_group,points,possession_id,possession_owner_tno,possession_end_reason,pts_1,cum_1,pts_2,cum_2
10:00,10:00:00,0,0,0,0,1,REGULAR,0,,1,game,1,,[],start,0,,,,,,,,,,,,,,,,,,,,OTHER,,game start,,,,,,,,,0,0,,,0,0,0,0
10:00,10:00:00,0,0,0,0,1,REGULAR,0,,1,period,2,,[],start,0,,,,,,,,,,,,,,,,,,,,OTHER,,period start,,,,,,,,,0,0,,,0,0,0,0
10:00,10:00:00,0,0,0,0,1,REGULAR,0,,1,jumpball,4,,[],startperiod,0,,,,,,,,,,,,,,,,,,,,JUMP,,jump ball,,,,,,,,,0,0,,,0,0,0,0
09:58,09:58:00,0,0,0,2,1,REGULAR,64,M. SAJUS,1,jumpball,5,4,[],won,0,19,Martynas,Sajus,Martynas,Sajus,M,S,M,S,M. Sajus,ALIAGA PETKIM SPOR,PTK,M. Sajus,19,,,,,,JUMP,,jump ball,,,,,,,,,0,0,,,0,0,0,0
09:58,09:58:00,0,0,0,1,1,REGULAR,78,K. BANKSTON,1,jumpball,6,4,[],lost,0,30,Kristeon Lamar,Bankston,Kristeon Lamar,Bankston,K,B,K,B,K. Bankston,TÜRK TELEKOM,TTK,K. Bankston,30,,,,,,JUMP,,jump ball,,,,,,,,,0,0,,,0,0,0,0
09:44,09:44:00,0,3,-3,2,1,REGULAR,68,Y. FRANKE,1,3pt,7,,[],jumpshot,1,5,Yannick Ayrton,Franke,Yannick Ayrton,Franke,Y,F,Y,F,Y. Franke,ALIAGA PETKIM SPOR,PTK,Y. Franke,5,,,32.450000762939,37.849998474121,1.0,P3,made,ALIAGA PETKIM SPOR Y. FRANKE 3Pt made,64.0,2.0,M. SAJUS,,,,,,3,1,2.0,score,0,0,3,3
09:44,09:44:00,0,3,-3,2,1,REGULAR,64,M. SAJUS,1,assist,8,7,[],,0,19,Martynas,Sajus,Martynas,Sajus,M,S,M,S,M. Sajus,ALIAGA PETKIM SPOR,PTK,M. Sajus,19,,,,,,ASS,,ALIAGA PETKIM SPOR M. SAJUS assist,,,,,,,,,0,2,1.0,,0,0,0,3
09:26,09:26:00,0,3,-3,1,1,REGULAR,76,M. SIMONOVIC,0,3pt,9,,[],jumpshot,1,11,Marko,Simonovic,Marko,Simonovic,M,S,M,S,M. Simonovic,TÜRK TELEKOM,TTK,M. Simonovic,11,,,66.769996643066,45.479999542236,0.0,P3,missed,TÜRK TELEKOM M. SIMONOVIC 3Pt missed,,,,,,,,,0,2,1.0,def_reb,0,0,0,3
09:22,09:22:00,0,3,-3,2,1,REGULAR,67,D. EFIANAYI JR,1,rebound,10,9,[],defensive,0,4,David Tinsley Eghosa,Efianayi Jr,David Tinsley Eghosa,Efianayi Jr,D,E,D,E,D. Efianayi Jr,ALIAGA PETKIM SPOR,PTK,D. Efianayi Jr,4,,,,,,REB,,ALIAGA PETKIM SPOR rebound defensive,,,,,,,,,0,3,2.0,def_reb,0,0,0,3
09:09,09:09:00,0,3,-3,2,1,REGULAR,67,D. EFIANAYI JR,0,2pt,11,,['pointsinthepaint'],jumpshot,1,4,David Tinsley Eghosa,Efianayi Jr,David Tinsley Eghosa,Efianayi Jr,D,E,D,E,D. Efianayi Jr,ALIAGA PETKIM SPOR,PTK,D. Efianayi Jr,4,,,17.780000686646,46.889999389648,0.0,P2,missed,ALIAGA PETKIM SPOR D. EFIANAYI JR 2Pt missed,,,,,,,,,0,4,1.0,def_reb,0,0,0,3
09:05,09:05:00,0,3,-3,1,1,REGULAR,8,Y. GÜLTEKIN,1,rebound,12,11,[],defensive,0,19,Yavuz,Gültekin,Yavuz,Gültekin,Y,G,Y,G,Y. Gültekin,TÜRK TELEKOM,TTK,Y. Gültekin,19,,,,,,REB,,TÜRK TELEKOM rebound defensive,,,,,,,,,0,5,2.0,def_reb,0,0,0,3
09:01,09:01:00,0,3,-3,1,1,REGULAR,77,J. SMITH,0,3pt,13,,[],jumpshot,1,9,Jaleen Devon,Smith,Jaleen Devon,Smith,J,S,J,S,J. Smith,TÜRK TELEKOM,TTK,J. Smith,9,,,65.98999786377,56.209999084473,0.0,P3,missed,TÜRK TELEKOM J. SMITH 3Pt missed,,,,,,,,,0,6,1.0,def_reb,0,0,0,3
08:57,08:57:00,0,3,-3,2,1,REGULAR,65,R. BLUMBERGS,1,rebound,14,13,[],defensive,0,6,Roberts,Blumbergs,Roberts,Blumbergs,R,B,R,B,R. Blumbergs,ALIAGA PETKIM SPOR,PTK,R. Blumbergs,6,,,,,,REB,,ALIAGA PETKIM SPOR rebound defensive,,,,,,,,,0,7,2.0,def_reb,0,0,0,3
08:41,08:41:00,0,3,-3,2,1,REGULAR,68,Y. FRANKE,0,3pt,15,,[],jumpshot,1,5,Yannick Ayrton,Franke,Yannick Ayrton,Franke,Y,F,Y,F,Y. Franke,ALIAGA PETKIM SPOR,PTK,Y. Franke,5,,,27.610000610352,80.230003356934,0.0,P3,missed,ALIAGA PETKIM SPOR Y. FRANKE 3Pt missed,,,,,,,,,0,8,1.0,,0,0,0,3
08:38,08:38:00,0,3,-3,2,1,REGULAR,64,M. SAJUS,1,rebound,16,15,[],offensive,0,19,Martynas,Sajus,Martynas,Sajus,M,S,M,S,M. Sajus,ALIAGA PETKIM SPOR,PTK,M. Sajus,19,,,,,,REB,,ALIAGA PETKIM SPOR rebound offensive,,,,,,,,,0,8,1.0,,0,0,0,3
08:28,08:28:00,0,3,-3,2,1,REGULAR,64,M. SAJUS,0,2pt,17,,"['2ndchance', 'pointsinthepaint']",hookshot,1,19,Martynas,Sajus,Martynas,Sajus,M,S,M,S,M. Sajus,ALIAGA PETKIM SPOR,PTK,M. Sajus,19,,,12.479999542236,60.729999542236,0.0,P2,missed,ALIAGA PETKIM SPOR M. SAJUS 2Pt missed,,,,,,,,,0,8,1.0,def_reb,0,0,0,3
08:21,08:21:00,0,3,-3,1,1,REGULAR,77,J. SMITH,1,rebound,18,17,[],defensive,0,9,Jaleen Devon,Smith,Jaleen Devon,Smith,J,S,J,S,J. Smith,TÜRK TELEKOM,TTK,J. Smith,9,,,,,,REB,,TÜRK TELEKOM rebound defensive,,,,,,,,,0,9,2.0,def_reb,0,0,0,3
08:13,08:13:00,2,3,-1,1,1,REGULAR,5,D. ÖZDEMIROGLU,1,2pt,19,,['pointsinthepaint'],layup,1,18,Dogus,Özdemiroglu,Dogus,Özdemiroglu,D,Ö,D,Ö,D. Özdemiroglu,TÜRK TELEKOM,TTK,D. Özdemiroglu,18,,,85.800003051758,59.319999694824,1.0,P2,made,TÜRK TELEKOM D. ÖZDEMIROGLU 2Pt made,,,,,,,,,2,10,1.0,score,2,2,0,3
07:45,07:45:00,2,3,-1,2,1,REGULAR,0,,1,turnover,21,,['team'],24sec,0,,,,,,,,,,,ALIAGA PETKIM SPOR,PTK,,,,,,,,TO,,ALIAGA PETKIM SPOR  turnover 24sec,,,,,,,,,0,11,2.0,turnover,0,2,0,3
07:39,07:39:00,2,3,-1,2,1,REGULAR,68,Y. FRANKE,1,foul,24,,[],personal,0,5,Yannick Ayrton,Franke,Yannick Ayrton,Franke,Y,F,Y,F,Y. Franke,ALIAGA PETKIM SPOR,PTK,Y. Franke,5,,,,,,FOUL,,ALIAGA PETKIM SPOR Y. FRANKE foul personal,,,,,,,,,0,12,1.0,,0,2,0,3
07:39,07:39:00,2,3,-1,1,1,REGULAR,8,Y. GÜLTEKIN,1,foulon,25,24,[],,0,19,Yavuz,Gültekin,Yavuz,Gültekin,Y,G,Y,G,Y. Gültekin,TÜRK TELEKOM,TTK,Y. Gültekin,19,,,,,,OTHER,,TÜRK TELEKOM foulon,,,,,,,,,0,12,1.0,,0,2,0,3
07:33,07:33:00,2,3,-1,1,1,REGULAR,5,D. ÖZDEMIROGLU,0,3pt,27,,['fromturnover'],jumpshot,1,18,Dogus,Özdemiroglu,Dogus,Özdemiroglu,D,Ö,D,Ö,D. Özdemiroglu,TÜRK TELEKOM,TTK,D. Özdemiroglu,18,,,75.349998474121,86.440002441406,0.0,P3,missed,TÜRK TELEKOM D. ÖZDEMIROGLU 3Pt missed,,,,,,,,,0,12,1.0,,0,2,0,3
07:27,07:27:00,2,3,-1,1,1,REGULAR,78,K. BANKSTON,1,rebound,28,27,[],offensive,0,30,Kristeon Lamar,Bankston,Kristeon Lamar,Bankston,K,B,K,B,K. Bankston,TÜRK TELEKOM,TTK,K. Bankston,30,,,,,,REB,,TÜRK TELEKOM rebound offensive,,,,,,,,,0,12,1.0,,0,2,0,3
07:25,07:25:00,2,3,-1,1,1,REGULAR,76,M. SIMONOVIC,0,2pt,29,,"['2ndchance', 'fromturnover', 'pointsinthepaint', 'blocked']",dunk,1,11,Marko,Simonovic,Marko,Simonovic,M,S,M,S,M. Simonovic,TÜRK TELEKOM,TTK,M. Simonovic,11,,,92.669998168945,53.669998168945,0.0,P2,missed,TÜRK TELEKOM M. SIMONOVIC 2Pt missed,,,,64.0,2.0,M. SAJUS,,,0,12,1.0,,0,2,0,3
07:25,07:25:00,2,3,-1,2,1,REGULAR,64,M. SAJUS,1,block,30,29,[],,0,19,Martynas,Sajus,Martynas,Sajus,M,S,M,S,M. Sajus,ALIAGA PETKIM SPOR,PTK,M. Sajus,19,,,,,,BS,,ALIAGA PETKIM SPOR M. SAJUS block,,,,,,,,,0,12,1.0,,0,2,0,3
07:20,07:20:00,2,3,-1,1,1,REGULAR,0,,1,rebound,32,29,['team'],offensive,0,,,,,,,,,,,TÜRK TELEKOM,TTK,,,,,,,,TREB,,TÜRK TELEKOM team rebound offensive,,,,,,,,,0,12,1.0,def_reb,0,2,0,3
07:15,07:15:00,4,3,1,1,1,REGULAR,5,D. ÖZDEMIROGLU,1,2pt,34,,"['2ndchance', 'fromturnover', 'pointsinthepaint']",layup,1,18,Dogus,Özdemiroglu,Dogus,Özdemiroglu,D,Ö,D,Ö,D. Özdemiroglu,TÜRK TELEKOM,TTK,D. Özdemiroglu,18,,,92.51000213623,54.799999237061,1.0,P2,made,TÜRK TELEKOM D. ÖZDEMIROGLU 2Pt made,77.0,1.0,J. SMITH,,,,,,2,13,2.0,score,2,4,0,3
07:15,07:15:00,4,3,1,1,1,REGULAR,77,J. SMITH,1,assist,35,34,[],,0,9,Jaleen Devon,Smith,Jaleen Devon,Smith,J,S,J,S,J. Smith,TÜRK TELEKOM,TTK,J. Smith,9,,,,,,ASS,,TÜRK TELEKOM J. SMITH assist,,,,,,,,,0,14,1.0,,0,4,0,3
07:00,07:00:00,4,3,1,2,1,REGULAR,42,Y. SONSIRMA,1,turnover,37,,[],badpass,0,9,Yunus Emre,Sonsirma,Yunus Emre,Sonsirma,Y,S,Y,S,Y. Sonsirma,ALIAGA PETKIM SPOR,PTK,Y. Sonsirma,9,,,,,,TO,,ALIAGA PETKIM SPOR Y. SONSIRMA turnover badpass,,,,,,,,,0,14,1.0,turnover,0,4,0,3
06:51,06:51:00,6,3,3,1,1,REGULAR,77,J. SMITH,1,2pt,39,,['fromturnover'],floatingjumpshot,1,9,Jaleen Devon,Smith,Jaleen Devon,Smith,J,S,J,S,J. Smith,TÜRK TELEKOM,TTK,J. Smith,9,,,83.0,69.209999084473,1.0,P2,made,TÜRK TELEKOM J. SMITH 2Pt made,,,,,,,,,2,15,2.0,score,2,6,0,3
06:32,06:32:00,6,3,3,2,1,REGULAR,65,R. BLUMBERGS,0,2pt,40,,"['pointsinthepaint', 'blocked']",layup,1,6,Roberts,Blumbergs,Roberts,Blumbergs,R,B,R,B,R. Blumbergs,ALIAGA PETKIM SPOR,PTK,R. Blumbergs,6,,,5.6199998855591,53.950000762939,0.0,P2,missed,ALIAGA PETKIM SPOR R. BLUMBERGS 2Pt missed,,,,78.0,1.0,K. BANKSTON,,,0,16,1.0,,0,6,0,3
06:32,06:32:00,6,3,3,1,1,REGULAR,78,K. BANKSTON,1,block,41,40,[],,0,30,Kristeon Lamar,Bankston,Kristeon Lamar,Bankston,K,B,K,B,K. Bankston,TÜRK TELEKOM,TTK,K. Bankston,30,,,,,,BS,,TÜRK TELEKOM K. BANKSTON block,,,,,,,,,0,16,1.0,,0,6,0,3
06:27,06:27:00,6,3,3,2,1,REGULAR,65,R. BLUMBERGS,1,rebound,42,40,[],offensive,0,6,Roberts,Blumbergs,Roberts,Blumbergs,R,B,R,B,R. Blumbergs,ALIAGA PETKIM SPOR,PTK,R. Blumbergs,6,,,,,,REB,,ALIAGA PETKIM SPOR rebound offensive,,,,,,,,,0,16,1.0,,0,6,0,3
06:24,06:24:00,6,3,3,2,1,REGULAR,65,R. BLUMBERGS,0,3pt,44,,['2ndchance'],stepbackjumpshot,1,6,Roberts,Blumbergs,Roberts,Blumbergs,R,B,R,B,R. Blumbergs,ALIAGA PETKIM SPOR,PTK,R. Blumbergs,6,,,23.559999465942,16.950000762939,0.0,P3,missed,ALIAGA PETKIM SPOR R. BLUMBERGS 3Pt missed,,,,,,,,,0,16,1.0,def_reb,0,6,0,3
06:24,06:24:00,6,3,3,2,1,REGULAR,0,,1,rebound,45,44,['team'],offensive,0,,,,,,,,,,,ALIAGA PETKIM SPOR,PTK,,,,,,,,TREB,,ALIAGA PETKIM SPOR team rebound offensive,,,,,,,,,0,17,2.0,def_reb,0,6,0,3
06:24,06:24:00,6,3,3,1,1,REGULAR,8,Y. GÜLTEKIN,1,foul,46,,[],personal,0,19,Yavuz,Gültekin,Yavuz,Gültekin,Y,G,Y,G,Y. Gültekin,TÜRK TELEKOM,TTK,Y. Gültekin,19,,,,,,FOUL,,TÜRK TELEKOM Y. GÜLTEKIN foul personal,,,,,,,,,0,18,1.0,,0,6,0,3
06:24,06:24:00,6,3,3,2,1,REGULAR,68,Y. FRANKE,1,foulon,47,46,[],,0,5,Yannick Ayrton,Franke,Yannick Ayrton,Franke,Y,F,Y,F,Y. Franke,ALIAGA PETKIM SPOR,PTK,Y. Franke,5,,,,,,OTHER,,ALIAGA PETKIM SPOR foulon,,,,,,,,,0,18,1.0,,0,6,0,3
06:24,06:24:00,6,3,3,2,1,REGULAR,64,M. SAJUS,1,foul,48,,[],offensive,0,19,Martynas,Sajus,Martynas,Sajus,M,S,M,S,M. Sajus,ALIAGA PETKIM SPOR,PTK,M. Sajus,19,,,,,,RFOUL,,ALIAGA PETKIM SPOR M. SAJUS foul offensive,,,,,,,,,0,18,1.0,offensive_foul,0,6,0,3
06:24,06:24:00,6,3,3,2,1,REGULAR,64,M. SAJUS,1,turnover,49,48,[],offensive,0,19,Martynas,Sajus,Martynas,Sajus,M,S,M,S,M. Sajus,ALIAGA PETKIM SPOR,PTK,M. Sajus,19,,,,,,TO,,ALIAGA PETKIM SPOR M. SAJUS turnover offensive,,,,,,,,,0,19,2.0,turnover,0,6,0,3
06:24,06:24:00,6,3,3,1,1,REGULAR,8,Y. GÜLTEKIN,1,foulon,50,48,[],,0,19,Yavuz,Gültekin,Yavuz,Gültekin,Y,G,Y,G,Y. Gültekin,TÜRK TELEKOM,TTK,Y. Gültekin,19,,,,,,OTHER,,TÜRK TELEKOM foulon,,,,,,,,,0,20,1.0,,0,6,0,3
06:06,06:06:00,6,3,3,1,1,REGULAR,78,K. BANKSTON,0,2pt,52,,"['fromturnover', 'pointsinthepaint', 'blocked']",dunk,1,30,Kristeon Lamar,Bankston,Kristeon Lamar,Bankston,K,B,K,B,K. Bankston,TÜRK TELEKOM,TTK,K. Bankston,30,,,92.669998168945,58.470001220703,0.0,P2,missed,TÜRK TELEKOM K. BANKSTON 2Pt missed,,,,64.0,2.0,M. SAJUS,,,0,20,1.0,,0,6,0,3
06:06,06:06:00,6,3,3,2,1,REGULAR,64,M. SAJUS,1,block,53,52,[],,0,19,Martynas,Sajus,Martynas,Sajus,M,S,M,S,M. Sajus,ALIAGA PETKIM SPOR,PTK,M. Sajus,19,,,,,,BS,,ALIAGA PETKIM SPOR M. SAJUS block,,,,,,,,,0,20,1.0,,0,6,0,3
06:00,06:00:00,6,3,3,2,1,REGULAR,65,R. BLUMBERGS,1,rebound,54,52,[],defensive,0,6,Roberts,Blumbergs,Roberts,Blumbergs,R,B,R,B,R. Blumbergs,ALIAGA PETKIM SPOR,PTK,R. Blumbergs,6,,,,,,REB,,ALIAGA PETKIM SPOR rebound defensive,,,,,,,,,0,20,1.0,def_reb,0,6,0,3
05:49,05:49:00,6,3,3,1,1,REGULAR,8,Y. GÜLTEKIN,1,foul,56,,"['shooting', '2freethrow']",personal,0,19,Yavuz,Gültekin,Yavuz,Gültekin,Y,G,Y,G,Y. Gültekin,TÜRK TELEKOM,TTK,Y. Gültekin,19,,,,,,FOUL,,TÜRK TELEKOM Y. GÜLTEKIN foul personal,,,,,,,,,0,21,2.0,,0,6,0,3
05:49,05:49:00,6,3,3,2,1,REGULAR,67,D. EFIANAYI JR,1,foulon,57,56,[],,0,4,David Tinsley Eghosa,Efianayi Jr,David Tinsley Eghosa,Efianayi Jr,D,E,D,E,D. Efianayi Jr,ALIAGA PETKIM SPOR,PTK,D. Efianayi Jr,4,,,,,,OTHER,,ALIAGA PETKIM SPOR foulon,,,,,,,,,0,21,2.0,,0,6,0,3
05:49,05:49:00,6,4,2,2,1,REGULAR,67,D. EFIANAYI JR,1,freethrow,58,,[],1of2,1,4,David Tinsley Eghosa,Efianayi Jr,David Tinsley Eghosa,Efianayi Jr,D,E,D,E,D. Efianayi Jr,ALIAGA PETKIM SPOR,PTK,D. Efianayi Jr,4,,,,,,FT,made,ALIAGA PETKIM SPOR D. EFIANAYI JR FT 1of2 made,,,,,,,,,1,21,2.0,made_ft,0,6,1,4
05:49,05:49:00,6,5,1,2,1,REGULAR,67,D. EFIANAYI JR,1,freethrow,59,,[],2of2,1,4,David Tinsley Eghosa,Efianayi Jr,David Tinsley Eghosa,Efianayi Jr,D,E,D,E,D. Efianayi Jr,ALIAGA PETKIM SPOR,PTK,D. Efianayi Jr,4,,,,,,FT,made,ALIAGA PETKIM SPOR D. EFIANAYI JR FT 2of2 made,,,,,,,,,1,22,1.0,made_ft_last,0,6,1,5
05:49,05:49:00,6,5,1,1,1,REGULAR,8,Y. GÜLTEKIN,1,substitution,60,,[],out,0,19,Yavuz,Gültekin,Yavuz,Gültekin,Y,G,Y,G,Y. Gültekin,TÜRK TELEKOM,TTK,Y. Gültekin,19,,,,,,SUB,out,TÜRK TELEKOM substitution out,,,,,,,,,0,23,2.0,,0,6,0,5
05:49,05:49:00,6,5,1,1,1,REGULAR,74,J. USHER,1,substitution,61,,[],in,0,8,Jordan Emanuel ,Usher,Jordan Emanuel ,Usher,J,U,J,U,J. Usher,TÜRK TELEKOM,TTK,J. Usher,8,,,,,,SUB,in,TÜRK TELEKOM substitution in,,,,,,,,,0,23,2.0,,0,6,0,5
05:36,05:36:00,6,5,1,1,1,REGULAR,5,D. ÖZDEMIROGLU,0,3pt,63,,[],stepbackjumpshot,1,18,Dogus,Özdemiroglu,Dogus,Özdemiroglu,D,Ö,D,Ö,D. Özdemiroglu,TÜRK TELEKOM,TTK,D. Özdemiroglu,18,,,69.110000610352,73.730003356934,0.0,P3,missed,TÜRK TELEKOM D. ÖZDEMIROGLU 3Pt missed,,,,,,,,,0,23,2.0,def_reb,0,6,0,5
05:33,05:33:00,6,5,1,2,1,REGULAR,64,M. SAJUS,1,rebound,64,63,[],defensive,0,19,Martynas,Sajus,Martynas,Sajus,M,S,M,S,M. Sajus,ALIAGA PETKIM SPOR,PTK,M. Sajus,19,,,,,,REB,,ALIAGA PETKIM SPOR rebound defensive,,,,,,,,,0,24,1.0,def_reb,0,6,0,5
05:20,05:20:00,6,5,1,2,1,REGULAR,68,Y. FRANKE,0,3pt,66,,[],jumpshot,1,5,Yannick Ayrton,Franke,Yannick Ayrton,Franke,Y,F,Y,F,Y. Franke,ALIAGA PETKIM SPOR,PTK,Y. Franke,5,,,28.709999084473,30.229999542236,0.0,P3,missed,ALIAGA PETKIM SPOR Y. FRANKE 3Pt missed,,,,,,,,,0,25,2.0,def_reb,0,6,0,5
05:20,05:20:00,6,5,1,1,1,REGULAR,0,,1,rebound,67,66,['team'],defensive,0,,,,,,,,,,,TÜRK TELEKOM,TTK,,,,,,,,TREB,,TÜRK TELEKOM team rebound defensive,,,,,,,,,0,26,1.0,def_reb,0,6,0,5
05:04,05:04:00,8,5,3,1,1,REGULAR,74,J. USHER,1,2pt,69,,['pointsinthepaint'],hookshot,1,8,Jordan Emanuel ,Usher,Jordan Emanuel ,Usher,J,U,J,U,J. Usher,TÜRK TELEKOM,TTK,J. Usher,8,,,88.919998168945,51.689998626709,1.0,P2,made,TÜRK TELEKOM J. USHER 2Pt made,,,,,,,,,2,27,2.0,score,2,8,0,5
04:42,04:42:00,8,8,0,2,1,REGULAR,67,D. EFIANAYI JR,1,3pt,70,,[],jumpshot,1,4,David Tinsley Eghosa,Efianayi Jr,David Tinsley Eghosa,Efianayi Jr,D,E,D,E,D. Efianayi Jr,ALIAGA PETKIM SPOR,PTK,D. Efianayi Jr,4,,,27.459999084473,18.930000305176,1.0,P3,made,ALIAGA PETKIM SPOR D. EFIANAYI JR 3Pt made,42.0,2.0,Y. SONSIRMA,,,,,,3,28,1.0,score,0,8,3,8
04:42,04:42:00,8,8,0,2,1,REGULAR,42,Y. SONSIRMA,1,assist,71,70,[],,0,9,Yunus Emre,Sonsirma,Yunus Emre,Sonsirma,Y,S,Y,S,Y. Sonsirma,ALIAGA PETKIM SPOR,PTK,Y. Sonsirma,9,,,,,,ASS,,ALIAGA PETKIM SPOR Y. SONSIRMA assist,,,,,,,,,0,29,2.0,,0,8,0,8
04:32,04:32:00,8,8,0,1,1,REGULAR,76,M. SIMONOVIC,0,3pt,72,,[],jumpshot,1,11,Marko,Simonovic,Marko,Simonovic,M,S,M,S,M. Simonovic,TÜRK TELEKOM,TTK,M. Simonovic,11,,,67.709999084473,37.009998321533,0.0,P3,missed,TÜRK TELEKOM M. SIMONOVIC 3Pt missed,,,,,,,,,0,29,2.0,def_reb,0,8,0,8
04:30,04:30:00,8,8,0,2,1,REGULAR,68,Y. FRANKE,1,rebound,73,72,[],defensive,0,5,Yannick Ayrton,Franke,Yannick Ayrton,Franke,Y,F,Y,F,Y. Franke,ALIAGA PETKIM SPOR,PTK,Y. Franke,5,,,,,,REB,,ALIAGA PETKIM SPOR rebound defensive,,,,,,,,,0,30,1.0,def_reb,0,8,0,8
04:20,04:20:00,8,11,-3,2,1,REGULAR,65,R. BLUMBERGS,1,3pt,74,,[],jumpshot,1,6,Roberts,Blumbergs,Roberts,Blumbergs,R,B,R,B,R. Blumbergs,ALIAGA PETKIM SPOR,PTK,R. Blumbergs,6,,,17.469999313354,8.1899995803833,1.0,P3,made,ALIAGA PETKIM SPOR R. BLUMBERGS 3Pt made,67.0,2.0,D. EFIANAYI JR,,,,,,3,31,2.0,score,0,8,3,11
04:20,04:20:00,8,11,-3,2,1,REGULAR,67,D. EFIANAYI JR,1,assist,75,74,[],,0,4,David Tinsley Eghosa,Efianayi Jr,David Tinsley Eghosa,Efianayi Jr,D,E,D,E,D. Efianayi Jr,ALIAGA PETKIM SPOR,PTK,D. Efianayi Jr,4,,,,,,ASS,,ALIAGA PETKIM SPOR D. EFIANAYI JR assist,,,,,,,,,0,32,1.0,,0,8,0,11
04:01,04:01:00,8,11,-3,1,1,REGULAR,74,J. USHER,0,2pt,76,,[],jumpshot,1,8,Jordan Emanuel ,Usher,Jordan Emanuel ,Usher,J,U,J,U,J. Usher,TÜRK TELEKOM,TTK,J. Usher,8,,,82.839996337891,77.680000305176,0.0,P2,missed,TÜRK TELEKOM J. USHER 2Pt missed,,,,,,,,,0,32,1.0,,0,8,0,11
03:58,03:58:00,8,11,-3,1,1,REGULAR,74,J. USHER,1,rebound,77,76,[],offensive,0,8,Jordan Emanuel ,Usher,Jordan Emanuel ,Usher,J,U,J,U,J. Usher,TÜRK TELEKOM,TTK,J. Usher,8,,,,,,REB,,TÜRK TELEKOM rebound offensive,,,,,,,,,0,32,1.0,,0,8,0,11
03:57,03:57:00,8,11,-3,1,1,REGULAR,74,J. USHER,0,3pt,78,,['2ndchance'],jumpshot,1,8,Jordan Emanuel ,Usher,Jordan Emanuel ,Usher,J,U,J,U,J. Usher,TÜRK TELEKOM,TTK,J. Usher,8,,,71.610000610352,80.230003356934,0.0,P3,missed,TÜRK TELEKOM J. USHER 3Pt missed,,,,,,,,,0,32,1.0,def_reb,0,8,0,11
03:54,03:54:00,8,11,-3,2,1,REGULAR,67,D. EFIANAYI JR,1,rebound,79,78,[],defensive,0,4,David Tinsley Eghosa,Efianayi Jr,David Tinsley Eghosa,Efianayi Jr,D,E,D,E,D. Efianayi Jr,ALIAGA PETKIM SPOR,PTK,D. Efianayi Jr,4,,,,,,REB,,ALIAGA PETKIM SPOR rebound defensive,,,,,,,,,0,33,2.0,def_reb,0,8,0,11
03:42,03:42:00,8,13,-5,2,1,REGULAR,64,M. SAJUS,1,2pt,80,,['pointsinthepaint'],reverselayup,1,19,Martynas,Sajus,Martynas,Sajus,M,S,M,S,M. Sajus,ALIAGA PETKIM SPOR,PTK,M. Sajus,19,,,7.8000001907349,52.540000915527,1.0,P2,made,ALIAGA PETKIM SPOR M. SAJUS 2Pt made,67.0,2.0,D. EFIANAYI JR,,,,,,2,34,1.0,score,0,8,2,13
03:42,03:42:00,8,13,-5,2,1,REGULAR,67,D. EFIANAYI JR,1,assist,81,80,[],,0,4,David Tinsley Eghosa,Efianayi Jr,David Tinsley Eghosa,Efianayi Jr,D,E,D,E,D. Efianayi Jr,ALIAGA PETKIM SPOR,PTK,D. Efianayi Jr,4,,,,,,ASS,,ALIAGA PETKIM SPOR D. EFIANAYI JR assist,,,,,,,,,0,35,2.0,,0,8,0,13
03:28,03:28:00,8,13,-5,1,1,REGULAR,77,J. SMITH,0,2pt,82,,[],jumpshot,1,9,Jaleen Devon,Smith,Jaleen Devon,Smith,J,S,J,S,J. Smith,TÜRK TELEKOM,TTK,J. Smith,9,,,76.129997253418,38.979999542236,0.0,P2,missed,TÜRK TELEKOM J. SMITH 2Pt missed,,,,,,,,,0,35,2.0,def_reb,0,8,0,13
03:24,03:24:00,8,13,-5,2,1,REGULAR,64,M. SAJUS,1,rebound,83,82,[],defensive,0,19,Martynas,Sajus,Martynas,Sajus,M,S,M,S,M. Sajus,ALIAGA PETKIM SPOR,PTK,M. Sajus,19,,,,,,REB,,ALIAGA PETKIM SPOR rebound defensive,,,,,,,,,0,36,1.0,def_reb,0,8,0,13
03:13,03:13:00,8,13,-5,2,1,REGULAR,64,M. SAJUS,1,turnover,85,,[],travel,0,19,Martynas,Sajus,Martynas,Sajus,M,S,M,S,M. Sajus,ALIAGA PETKIM SPOR,PTK,M. Sajus,19,,,,,,TO,,ALIAGA PETKIM SPOR M. SAJUS turnover travel,,,,,,,,,0,37,2.0,turnover,0,8,0,13
03:13,03:13:00,8,13,-5,0,1,REGULAR,0,,1,timeout,86,,[],officials,0,,,,,,,,,,,,,,,,,,,,TIMEOUT,, timeout,,,,,,,,,0,38,1.0,,0,8,0,13
03:13,03:13:00,8,13,-5,1,1,REGULAR,76,M. SIMONOVIC,1,substitution,87,,[],out,0,11,Marko,Simonovic,Marko,Simonovic,M,S,M,S,M. Simonovic,TÜRK TELEKOM,TTK,M. Simonovic,11,,,,,,SUB,out,TÜRK TELEKOM substitution out,,,,,,,,,0,38,1.0,,0,8,0,13
03:13,03:13:00,8,13,-5,1,1,REGULAR,5,D. ÖZDEMIROGLU,1,substitution,88,,[],out,0,18,Dogus,Özdemiroglu,Dogus,Özdemiroglu,D,Ö,D,Ö,D. Özdemiroglu,TÜRK TELEKOM,TTK,D. Özdemiroglu,18,,,,,,SUB,out,TÜRK TELEKOM substitution out,,,,,,,,,0,38,1.0,,0,8,0,13
03:13,03:13:00,8,13,-5,1,1,REGULAR,78,K. BANKSTON,1,substitution,89,,[],out,0,30,Kristeon Lamar,Bankston,Kristeon Lamar,Bankston,K,B,K,B,K. Bankston,TÜRK TELEKOM,TTK,K. Bankston,30,,,,,,SUB,out,TÜRK TELEKOM substitution out,,,,,,,,,0,38,1.0,,0,8,0,13
03:13,03:13:00,8,13,-5,1,1,REGULAR,75,K. ALLMAN,1,substitution,90,,[],in,0,1,Kyle Lindsay,Allman,Kyle Lindsay,Allman,K,A,K,A,K. Allman,TÜRK TELEKOM,TTK,K. Allman,1,,,,,,SUB,in,TÜRK TELEKOM substitution in,,,,,,,,,0,38,1.0,,0,8,0,13
03:13,03:13:00,8,13,-5,1,1,REGULAR,7,B. DURMAZ,1,substitution,91,,[],in,0,3,Berkan,Durmaz,Berkan,Durmaz,B,D,B,D,B. Durmaz,TÜRK TELEKOM,TTK,B. Durmaz,3,,,,,,SUB,in,TÜRK TELEKOM substitution in,,,,,,,,,0,38,1.0,,0,8,0,13
03:13,03:13:00,8,13,-5,1,1,REGULAR,87,K. ALEXANDER,1,substitution,92,,[],in,0,7,Kyle John Solomon,Alexander,Kyle John Solomon,Alexander,K,A,K,A,K. Alexander,TÜRK TELEKOM,TTK,K. Alexander,7,,,,,,SUB,in,TÜRK TELEKOM substitution in,,,,,,,,,0,38,1.0,,0,8,0,13
03:13,03:13:00,8,13,-5,2,1,REGULAR,67,D. EFIANAYI JR,1,substitution,93,,[],out,0,4,David Tinsley Eghosa,Efianayi Jr,David Tinsley Eghosa,Efianayi Jr,D,E,D,E,D. Efianayi Jr,ALIAGA PETKIM SPOR,PTK,D. Efianayi Jr,4,,,,,,SUB,out,ALIAGA PETKIM SPOR substitution out,,,,,,,,,0,38,1.0,,0,8,0,13
03:13,03:13:00,8,13,-5,2,1,REGULAR,64,M. SAJUS,1,substitution,94,,[],out,0,19,Martynas,Sajus,Martynas,Sajus,M,S,M,S,M. Sajus,ALIAGA PETKIM SPOR,PTK,M. Sajus,19,,,,,,SUB,out,ALIAGA PETKIM SPOR substitution out,,,,,,,,,0,38,1.0,,0,8,0,13
03:13,03:13:00,8,13,-5,2,1,REGULAR,66,J. FLOYD,1,substitution,95,,[],in,0,20,Jehyve Jamal,Floyd,Jehyve Jamal,Floyd,J,F,J,F,J. Floyd,ALIAGA PETKIM SPOR,PTK,J. Floyd,20,,,,,,SUB,in,ALIAGA PETKIM SPOR substitution in,,,,,,,,,0,38,1.0,,0,8,0,13
03:13,03:13:00,8,13,-5,2,1,REGULAR,98,P. SCRUBB,1,substitution,96,,[],in,0,23,Philip Alexander,Scrubb,Philip Alexander,Scrubb,P,S,P,S,P. Scrubb,ALIAGA PETKIM SPOR,PTK,P. Scrubb,23,,,,,,SUB,in,ALIAGA PETKIM SPOR substitution in,,,,,,,,,0,38,1.0,,0,8,0,13
03:01,03:01:00,8,13,-5,2,1,REGULAR,65,R. BLUMBERGS,1,foul,99,,[],personal,0,6,Roberts,Blumbergs,Roberts,Blumbergs,R,B,R,B,R. Blumbergs,ALIAGA PETKIM SPOR,PTK,R. Blumbergs,6,,,,,,FOUL,,ALIAGA PETKIM SPOR R. BLUMBERGS foul personal,,,,,,,,,0,38,1.0,,0,8,0,13
03:01,03:01:00,8,13,-5,1,1,REGULAR,7,B. DURMAZ,1,foulon,100,99,[],,0,3,Berkan,Durmaz,Berkan,Durmaz,B,D,B,D,B. Durmaz,TÜRK TELEKOM,TTK,B. Durmaz,3,,,,,,OTHER,,TÜRK TELEKOM foulon,,,,,,,,,0,38,1.0,,0,8,0,13
02:49,02:49:00,10,13,-3,1,1,REGULAR,74,J. USHER,1,2pt,102,,"['fromturnover', 'pointsinthepaint']",layup,1,8,Jordan Emanuel ,Usher,Jordan Emanuel ,Usher,J,U,J,U,J. Usher,TÜRK TELEKOM,TTK,J. Usher,8,,,91.419998168945,51.979999542236,1.0,P2,made,TÜRK TELEKOM J. USHER 2Pt made,77.0,1.0,J. SMITH,,,,,,2,38,1.0,score,2,10,0,13
02:49,02:49:00,10,13,-3,1,1,REGULAR,77,J. SMITH,1,assist,103,102,[],,0,9,Jaleen Devon,Smith,Jaleen Devon,Smith,J,S,J,S,J. Smith,TÜRK TELEKOM,TTK,J. Smith,9,,,,,,ASS,,TÜRK TELEKOM J. SMITH assist,,,,,,,,,0,39,2.0,,0,10,0,13
02:22,02:22:00,10,13,-3,2,1,REGULAR,42,Y. SONSIRMA,0,2pt,104,,[],jumpshot,1,9,Yunus Emre,Sonsirma,Yunus Emre,Sonsirma,Y,S,Y,S,Y. Sonsirma,ALIAGA PETKIM SPOR,PTK,Y. Sonsirma,9,,,23.870000839233,51.689998626709,0.0,P2,missed,ALIAGA PETKIM SPOR Y. SONSIRMA 2Pt missed,,,,,,,,,0,39,2.0,,0,10,0,13
02:19,02:19:00,10,13,-3,2,1,REGULAR,98,P. SCRUBB,1,rebound,105,104,[],offensive,0,23,Philip Alexander,Scrubb,Philip Alexander,Scrubb,P,S,P,S,P. Scrubb,ALIAGA PETKIM SPOR,PTK,P. Scrubb,23,,,,,,REB,,ALIAGA PETKIM SPOR rebound offensive,,,,,,,,,0,39,2.0,,0,10,0,13
02:14,02:14:00,10,13,-3,2,1,REGULAR,98,P. SCRUBB,0,3pt,106,,['2ndchance'],jumpshot,1,23,Philip Alexander,Scrubb,Philip Alexander,Scrubb,P,S,P,S,P. Scrubb,ALIAGA PETKIM SPOR,PTK,P. Scrubb,23,,,29.170000076294,74.580001831055,0.0,P3,missed,ALIAGA PETKIM SPOR P. SCRUBB 3Pt missed,,,,,,,,,0,39,2.0,def_reb,0,10,0,13
02:11,02:11:00,10,13,-3,1,1,REGULAR,74,J. USHER,1,rebound,107,106,[],defensive,0,8,Jordan Emanuel ,Usher,Jordan Emanuel ,Usher,J,U,J,U,J. Usher,TÜRK TELEKOM,TTK,J. Usher,8,,,,,,REB,,TÜRK TELEKOM rebound defensive,,,,,,,,,0,40,1.0,def_reb,0,10,0,13
01:59,01:59:00,10,13,-3,1,1,REGULAR,75,K. ALLMAN,0,2pt,108,,['pointsinthepaint'],layup,1,1,Kyle Lindsay,Allman,Kyle Lindsay,Allman,K,A,K,A,K. Allman,TÜRK TELEKOM,TTK,K. Allman,1,,,93.599998474121,56.779998779297,0.0,P2,missed,TÜRK TELEKOM K. ALLMAN 2Pt missed,,,,,,,,,0,41,2.0,def_reb,0,10,0,13
01:56,01:56:00,10,13,-3,2,1,REGULAR,66,J. FLOYD,1,rebound,109,108,[],defensive,0,20,Jehyve Jamal,Floyd,Jehyve Jamal,Floyd,J,F,J,F,J. Floyd,ALIAGA PETKIM SPOR,PTK,J. Floyd,20,,,,,,REB,,ALIAGA PETKIM SPOR rebound defensive,,,,,,,,,0,42,1.0,def_reb,0,10,0,13
01:37,01:37:00,10,13,-3,2,1,REGULAR,42,Y. SONSIRMA,0,3pt,110,,[],jumpshot,1,9,Yunus Emre,Sonsirma,Yunus Emre,Sonsirma,Y,S,Y,S,Y. Sonsirma,ALIAGA PETKIM SPOR,PTK,Y. Sonsirma,9,,,33.229999542236,58.759998321533,0.0,P3,missed,ALIAGA PETKIM SPOR Y. SONSIRMA 3Pt missed,,,,,,,,,0,43,2.0,def_reb,0,10,0,13
01:35,01:35:00,10,13,-3,1,1,REGULAR,7,B. DURMAZ,1,rebound,111,110,[],defensive,0,3,Berkan,Durmaz,Berkan,Durmaz,B,D,B,D,B. Durmaz,TÜRK TELEKOM,TTK,B. Durmaz,3,,,,,,REB,,TÜRK TELEKOM rebound defensive,,,,,,,,,0,44,1.0,def_reb,0,10,0,13
01:24,01:24:00,10,13,-3,1,1,REGULAR,75,K. ALLMAN,0,2pt,112,,[],jumpshot,1,1,Kyle Lindsay,Allman,Kyle Lindsay,Allman,K,A,K,A,K. Allman,TÜRK TELEKOM,TTK,K. Allman,1,,,78.940002441406,54.240001678467,0.0,P2,missed,TÜRK TELEKOM K. ALLMAN 2Pt missed,,,,,,,,,0,45,2.0,,0,10,0,13
01:21,01:21:00,10,13,-3,1,1,REGULAR,87,K. ALEXANDER,1,rebound,113,112,[],offensive,0,7,Kyle John Solomon,Alexander,Kyle John Solomon,Alexander,K,A,K,A,K. Alexander,TÜRK TELEKOM,TTK,K. Alexander,7,,,,,,REB,,TÜRK TELEKOM rebound offensive,,,,,,,,,0,45,2.0,,0,10,0,13
01:14,01:14:00,10,13,-3,2,1,REGULAR,98,P. SCRUBB,1,foul,115,,"['shooting', '2freethrow']",personal,0,23,Philip Alexander,Scrubb,Philip Alexander,Scrubb,P,S,P,S,P. Scrubb,ALIAGA PETKIM SPOR,PTK,P. Scrubb,23,,,,,,FOUL,,ALIAGA PETKIM SPOR P. SCRUBB foul personal,,,,,,,,,0,45,2.0,,0,10,0,13
01:14,01:14:00,10,13,-3,1,1,REGULAR,77,J. SMITH,1,foulon,116,115,[],,0,9,Jaleen Devon,Smith,Jaleen Devon,Smith,J,S,J,S,J. Smith,TÜRK TELEKOM,TTK,J. Smith,9,,,,,,OTHER,,TÜRK TELEKOM foulon,,,,,,,,,0,45,2.0,,0,10,0,13
01:14,01:14:00,10,13,-3,2,1,REGULAR,65,R. BLUMBERGS,1,substitution,117,,[],out,0,6,Roberts,Blumbergs,Roberts,Blumbergs,R,B,R,B,R. Blumbergs,ALIAGA PETKIM SPOR,PTK,R. Blumbergs,6,,,,,,SUB,out,ALIAGA PETKIM SPOR substitution out,,,,,,,,,0,45,2.0,,0,10,0,13
01:14,01:14:00,10,13,-3,2,1,REGULAR,70,U. UTOMI,1,substitution,118,,[],in,0,8,Uzodinma,Utomi,Uzodinma,Utomi,U,U,U,U,U. Utomi,ALIAGA PETKIM SPOR,PTK,U. Utomi,8,,,,,,SUB,in,ALIAGA PETKIM SPOR substitution in,,,,,,,,,0,45,2.0,,0,10,0,13
01:14,01:14:00,11,13,-2,1,1,REGULAR,77,J. SMITH,1,freethrow,119,,['2ndchance'],1of2,1,9,Jaleen Devon,Smith,Jaleen Devon,Smith,J,S,J,S,J. Smith,TÜRK TELEKOM,TTK,J. Smith,9,,,,,,FT,made,TÜRK TELEKOM J. SMITH FT 1of2 made,,,,,,,,,1,45,2.0,made_ft,1,11,0,13
01:14,01:14:00,11,13,-2,1,1,REGULAR,75,K. ALLMAN,1,assist,120,119,[],,0,1,Kyle Lindsay,Allman,Kyle Lindsay,Allman,K,A,K,A,K. Allman,TÜRK TELEKOM,TTK,K. Allman,1,,,,,,ASS,,TÜRK TELEKOM K. ALLMAN assist,,,,,,,,,0,46,1.0,,0,11,0,13
01:14,01:14:00,12,13,-1,1,1,REGULAR,77,J. SMITH,1,freethrow,121,,['2ndchance'],2of2,1,9,Jaleen Devon,Smith,Jaleen Devon,Smith,J,S,J,S,J. Smith,TÜRK TELEKOM,TTK,J. Smith,9,,,,,,FT,made,TÜRK TELEKOM J. SMITH FT 2of2 made,,,,,,,,,1,46,1.0,made_ft_last,1,12,0,13
01:14,01:14:00,12,13,-1,1,1,REGULAR,77,J. SMITH,1,substitution,122,,[],out,0,9,Jaleen Devon,Smith,Jaleen Devon,Smith,J,S,J,S,J. Smith,TÜRK TELEKOM,TTK,J. Smith,9,,,,,,SUB,out,TÜRK TELEKOM substitution out,,,,,,,,,0,47,2.0,,0,12,0,13
01:14,01:14:00,12,13,-1,1,1,REGULAR,3,A. KAHRAMAN,1,substitution,123,,[],in,0,6,Ata,Kahraman,Ata,Kahraman,A,K,A,K,A. Kahraman,TÜRK TELEKOM,TTK,A. Kahraman,6,,,,,,SUB,in,TÜRK TELEKOM substitution in,,,,,,,,,0,47,2.0,,0,12,0,13
01:14,01:14:00,12,13,-1,2,1,REGULAR,42,Y. SONSIRMA,1,substitution,124,,[],out,0,9,Yunus Emre,Sonsirma,Yunus Emre,Sonsirma,Y,S,Y,S,Y. Sonsirma,ALIAGA PETKIM SPOR,PTK,Y. Sonsirma,9,,,,,,SUB,out,ALIAGA PETKIM SPOR substitution out,,,,,,,,,0,47,2.0,,0,12,0,13
01:14,01:14:00,12,13,-1,2,1,REGULAR,43,M. KURTULDUM,1,substitution,125,,[],in,0,7,Mustafa,Kurtuldum,Mustafa,Kurtuldum,M,K,M,K,M. Kurtuldum,ALIAGA PETKIM SPOR,PTK,M. Kurtuldum,7,,,,,,SUB,in,ALIAGA PETKIM SPOR substitution in,,,,,,,,,0,47,2.0,,0,12,0,13
01:01,01:01:00,12,15,-3,2,1,REGULAR,70,U. UTOMI,1,2pt,127,,['pointsinthepaint'],jumpshot,1,8,Uzodinma,Utomi,Uzodinma,Utomi,U,U,U,U,U. Utomi,ALIAGA PETKIM SPOR,PTK,U. Utomi,8,,,16.540000915527,38.419998168945,1.0,P2,made,ALIAGA PETKIM SPOR U. UTOMI 2Pt made,,,,,,,,,2,47,2.0,score,0,12,2,15
00:40,00:40:70,14,15,-1,1,1,REGULAR,3,A. KAHRAMAN,1,2pt,128,,[],jumpshot,1,6,Ata,Kahraman,Ata,Kahraman,A,K,A,K,A. Kahraman,TÜRK TELEKOM,TTK,A. Kahraman,6,,,75.199996948242,52.540000915527,1.0,P2,made,TÜRK TELEKOM A. KAHRAMAN 2Pt made,,,,,,,,,2,48,1.0,score,2,14,0,15
00:19,00:19:10,14,15,-1,2,1,REGULAR,68,Y. FRANKE,0,3pt,129,,[],jumpshot,1,5,Yannick Ayrton,Franke,Yannick Ayrton,Franke,Y,F,Y,F,Y. Franke,ALIAGA PETKIM SPOR,PTK,Y. Franke,5,,,32.139999389648,64.690002441406,0.0,P3,missed,ALIAGA PETKIM SPOR Y. FRANKE 3Pt missed,,,,,,,,,0,49,2.0,def_reb,0,14,0,15
00:15,00:15:50,14,15,-1,1,1,REGULAR,3,A. KAHRAMAN,1,rebound,130,129,[],defensive,0,6,Ata,Kahraman,Ata,Kahraman,A,K,A,K,A. Kahraman,TÜRK TELEKOM,TTK,A. Kahraman,6,,,,,,REB,,TÜRK TELEKOM rebound defensive,,,,,,,,,0,50,1.0,def_reb,0,14,0,15
00:01,00:01:90,14,15,-1,2,1,REGULAR,66,J. FLOYD,1,foul,138,,"['shooting', '2freethrow']",personal,0,20,Jehyve Jamal,Floyd,Jehyve Jamal,Floyd,J,F,J,F,J. Floyd,ALIAGA PETKIM SPOR,PTK,J. Floyd,20,,,,,,FOUL,,ALIAGA PETKIM SPOR J. FLOYD foul personal,,,,,,,,,0,51,2.0,,0,14,0,15
00:01,00:01:90,14,15,-1,1,1,REGULAR,75,K. ALLMAN,1,foulon,139,138,[],,0,1,Kyle Lindsay,Allman,Kyle Lindsay,Allman,K,A,K,A,K. Allman,TÜRK TELEKOM,TTK,K. Allman,1,,,,,,OTHER,,TÜRK TELEKOM foulon,,,,,,,,,0,51,2.0,,0,14,0,15
00:01,00:01:90,15,15,0,1,1,REGULAR,75,K. ALLMAN,1,freethrow,140,,[],1of2,1,1,Kyle Lindsay,Allman,Kyle Lindsay,Allman,K,A,K,A,K. Allman,TÜRK TELEKOM,TTK,K. Allman,1,,,,,,FT,made,TÜRK TELEKOM K. ALLMAN FT 1of2 made,,,,,,,,,1,51,2.0,made_ft,1,15,0,15
00:01,00:01:90,16,15,1,1,1,REGULAR,75,K. ALLMAN,1,freethrow,141,,[],2of2,1,1,Kyle Lindsay,Allman,Kyle Lindsay,Allman,K,A,K,A,K. Allman,TÜRK TELEKOM,TTK,K. Allman,1,,,,,,FT,made,TÜRK TELEKOM K. ALLMAN FT 2of2 made,,,,,,,,,1,52,1.0,made_ft_last,1,16,0,15
00:00,00:00:00,16,15,1,0,1,REGULAR,0,,1,period,144,,['confirmed'],end,0,,,,,,,,,,,,,,,,,,,,OTHER,,period end,,,,,,,,,0,53,2.0,,0,16,0,15
10:00,10:00:00,16,15,1,2,2,REGULAR,68,Y. FRANKE,1,substitution,145,,[],out,0,5,Yannick Ayrton,Franke,Yannick Ayrton,Franke,Y,F,Y,F,Y. Franke,ALIAGA PETKIM SPOR,PTK,Y. Franke,5,,,,,,SUB,out,ALIAGA PETKIM SPOR substitution out,,,,,,,,,0,53,2.0,,0,16,0,15
10:00,10:00:00,16,15,1,2,2,REGULAR,67,D. EFIANAYI JR,1,substitution,146,,[],in,0,4,David Tinsley Eghosa,Efianayi Jr,David Tinsley Eghosa,Efianayi Jr,D,E,D,E,D. Efianayi Jr,ALIAGA PETKIM SPOR,PTK,D. Efianayi Jr,4,,,,,,SUB,in,ALIAGA PETKIM SPOR substitution in,,,,,,,,,0,53,2.0,,0,16,0,15
10:00,10:00:00,16,15,1,0,2,REGULAR,0,,1,period,147,,[],start,0,,,,,,,,,,,,,,,,,,,,OTHER,,period start,,,,,,,,,0,53,2.0,,0,16,0,15
09:44,09:44:00,16,15,1,1,2,REGULAR,3,A. KAHRAMAN,0,2pt,149,,[],jumpshot,1,6,Ata,Kahraman,Ata,Kahraman,A,K,A,K,A. Kahraman,TÜRK TELEKOM,TTK,A. Kahraman,6,,,73.790000915527,35.310001373291,0.0,P2,missed,TÜRK TELEKOM A. KAHRAMAN 2Pt missed,,,,,,,,,0,53,2.0,def_reb,0,16,0,15
09:41,09:41:00,16,15,1,2,2,REGULAR,66,J. FLOYD,1,rebound,150,149,[],defensive,0,20,Jehyve Jamal,Floyd,Jehyve Jamal,Floyd,J,F,J,F,J. Floyd,ALIAGA PETKIM SPOR,PTK,J. Floyd,20,,,,,,REB,,ALIAGA PETKIM SPOR rebound defensive,,,,,,,,,0,54,1.0,def_reb,0,16,0,15
09:23,09:23:00,16,15,1,2,2,REGULAR,70,U. UTOMI,0,3pt,151,,[],jumpshot,1,8,Uzodinma,Utomi,Uzodinma,Utomi,U,U,U,U,U. Utomi,ALIAGA PETKIM SPOR,PTK,U. Utomi,8,,,26.049999237061,24.579999923706,0.0,P3,missed,ALIAGA PETKIM SPOR U. UTOMI 3Pt missed,,,,,,,,,0,55,2.0,def_reb,0,16,0,15
09:20,09:20:00,16,15,1,1,2,REGULAR,74,J. USHER,1,rebound,152,151,[],defensive,0,8,Jordan Emanuel ,Usher,Jordan Emanuel ,Usher,J,U,J,U,J. Usher,TÜRK TELEKOM,TTK,J. Usher,8,,,,,,REB,,TÜRK TELEKOM rebound defensive,,,,,,,,,0,56,1.0,def_reb,0,16,0,15
09:13,09:13:00,16,15,1,2,2,REGULAR,66,J. FLOYD,1,foul,154,,[],personal,0,20,Jehyve Jamal,Floyd,Jehyve Jamal,Floyd,J,F,J,F,J. Floyd,ALIAGA PETKIM SPOR,PTK,J. Floyd,20,,,,,,FOUL,,ALIAGA PETKIM SPOR J. FLOYD foul personal,,,,,,,,,0,57,2.0,,0,16,0,15
09:13,09:13:00,16,15,1,1,2,REGULAR,7,B. DURMAZ,1,foulon,155,154,[],,0,3,Berkan,Durmaz,Berkan,Durmaz,B,D,B,D,B. Durmaz,TÜRK TELEKOM,TTK,B. Durmaz,3,,,,,,OTHER,,TÜRK TELEKOM foulon,,,,,,,,,0,57,2.0,,0,16,0,15
09:00,09:00:00,16,15,1,1,2,REGULAR,74,J. USHER,0,3pt,159,,[],jumpshot,1,8,Jordan Emanuel ,Usher,Jordan Emanuel ,Usher,J,U,J,U,J. Usher,TÜRK TELEKOM,TTK,J. Usher,8,,,71.290000915527,77.680000305176,0.0,P3,missed,TÜRK TELEKOM J. USHER 3Pt missed,,,,,,,,,0,57,2.0,def_reb,0,16,0,15
08:57,08:57:00,16,15,1,2,2,REGULAR,98,P. SCRUBB,1,rebound,160,159,[],defensive,0,23,Philip Alexander,Scrubb,Philip Alexander,Scrubb,P,S,P,S,P. Scrubb,ALIAGA PETKIM SPOR,PTK,P. Scrubb,23,,,,,,REB,,ALIAGA PETKIM SPOR rebound defensive,,,,,,,,,0,58,1.0,def_reb,0,16,0,15
08:56,08:56:00,16,15,1,1,2,REGULAR,3,A. KAHRAMAN,1,foul,162,,[],personal,0,6,Ata,Kahraman,Ata,Kahraman,A,K,A,K,A. Kahraman,TÜRK TELEKOM,TTK,A. Kahraman,6,,,,,,FOUL,,TÜRK TELEKOM A. KAHRAMAN foul personal,,,,,,,,,0,59,2.0,,0,16,0,15
08:56,08:56:00,16,15,1,2,2,REGULAR,67,D. EFIANAYI JR,1,foulon,163,162,[],,0,4,David Tinsley Eghosa,Efianayi Jr,David Tinsley Eghosa,Efianayi Jr,D,E,D,E,D. Efianayi Jr,ALIAGA PETKIM SPOR,PTK,D. Efianayi Jr,4,,,,,,OTHER,,ALIAGA PETKIM SPOR foulon,,,,,,,,,0,59,2.0,,0,16,0,15
08:51,08:51:00,16,15,1,2,2,REGULAR,67,D. EFIANAYI JR,1,turnover,165,,[],badpass,0,4,David Tinsley Eghosa,Efianayi Jr,David Tinsley Eghosa,Efianayi Jr,D,E,D,E,D. Efianayi Jr,ALIAGA PETKIM SPOR,PTK,D. Efianayi Jr,4,,,,,,TO,,ALIAGA PETKIM SPOR D. EFIANAYI JR turnover badpass,,,,,,,,,0,59,2.0,turnover,0,16,0,15
08:51,08:51:00,16,15,1,1,2,REGULAR,7,B. DURMAZ,1,steal,166,165,[],,0,3,Berkan,Durmaz,Berkan,Durmaz,B,D,B,D,B. Durmaz,TÜRK TELEKOM,TTK,B. Durmaz,3,,,,,,ST,,TÜRK TELEKOM B. DURMAZ steal,,,,,,,,,0,60,1.0,,0,16,0,15
08:42,08:42:00,16,15,1,1,2,REGULAR,75,K. ALLMAN,0,3pt,167,,['fromturnover'],jumpshot,1,1,Kyle Lindsay,Allman,Kyle Lindsay,Allman,K,A,K,A,K. Allman,TÜRK TELEKOM,TTK,K. Allman,1,,,70.669998168945,25.989999771118,0.0,P3,missed,TÜRK TELEKOM K. ALLMAN 3Pt missed,,,,,,,,,0,60,1.0,def_reb,0,16,0,15
08:41,08:41:00,16,15,1,1,2,REGULAR,0,,1,rebound,169,167,['team'],offensive,0,,,,,,,,,,,TÜRK TELEKOM,TTK,,,,,,,,TREB,,TÜRK TELEKOM team rebound offensive,,,,,,,,,0,61,2.0,def_reb,0,16,0,15
08:41,08:41:00,16,15,1,2,2,REGULAR,66,J. FLOYD,1,foul,170,,[],personal,0,20,Jehyve Jamal,Floyd,Jehyve Jamal,Floyd,J,F,J,F,J. Floyd,ALIAGA PETKIM SPOR,PTK,J. Floyd,20,,,,,,FOUL,,ALIAGA PETKIM SPOR J. FLOYD foul personal,,,,,,,,,0,62,1.0,,0,16,0,15
08:41,08:41:00,16,15,1,1,2,REGULAR,87,K. ALEXANDER,1,foulon,171,170,[],,0,7,Kyle John Solomon,Alexander,Kyle John Solomon,Alexander,K,A,K,A,K. Alexander,TÜRK TELEKOM,TTK,K. Alexander,7,,,,,,OTHER,,TÜRK TELEKOM foulon,,,,,,,,,0,62,1.0,,0,16,0,15
08:41,08:41:00,16,15,1,2,2,REGULAR,66,J. FLOYD,1,substitution,172,,[],out,0,20,Jehyve Jamal,Floyd,Jehyve Jamal,Floyd,J,F,J,F,J. Floyd,ALIAGA PETKIM SPOR,PTK,J. Floyd,20,,,,,,SUB,out,ALIAGA PETKIM SPOR substitution out,,,,,,,,,0,62,1.0,,0,16,0,15
08:41,08:41:00,16,15,1,2,2,REGULAR,64,M. SAJUS,1,substitution,173,,[],in,0,19,Martynas,Sajus,Martynas,Sajus,M,S,M,S,M. Sajus,ALIAGA PETKIM SPOR,PTK,M. Sajus,19,,,,,,SUB,in,ALIAGA PETKIM SPOR substitution in,,,,,,,,,0,62,1.0,,0,16,0,15
08:35,08:35:00,16,15,1,1,2,REGULAR,7,B. DURMAZ,0,3pt,175,,"['2ndchance', 'fromturnover']",jumpshot,1,3,Berkan,Durmaz,Berkan,Durmaz,B,D,B,D,B. Durmaz,TÜRK TELEKOM,TTK,B. Durmaz,3,,,69.889999389648,74.860000610352,0.0,P3,missed,TÜRK TELEKOM B. DURMAZ 3Pt missed,,,,,,,,,0,62,1.0,def_reb,0,16,0,15
08:32,08:32:00,16,15,1,2,2,REGULAR,98,P. SCRUBB,1,rebound,176,175,[],defensive,0,23,Philip Alexander,Scrubb,Philip Alexander,Scrubb,P,S,P,S,P. Scrubb,ALIAGA PETKIM SPOR,PTK,P. Scrubb,23,,,,,,REB,,ALIAGA PETKIM SPOR rebound defensive,,,,,,,,,0,63,2.0,def_reb,0,16,0,15
08:25,08:25:00,16,17,-1,2,2,REGULAR,98,P. SCRUBB,1,2pt,177,,[],jumpshot,1,23,Philip Alexander,Scrubb,Philip Alexander,Scrubb,P,S,P,S,P. Scrubb,ALIAGA PETKIM SPOR,PTK,P. Scrubb,23,,,22.0,55.080001831055,1.0,P2,made,ALIAGA PETKIM SPOR P. SCRUBB 2Pt made,,,,,,,,,2,64,1.0,score,0,16,2,17
07:58,07:58:00,16,17,-1,1,2,REGULAR,75,K. ALLMAN,0,2pt,178,,['pointsinthepaint'],layup,1,1,Kyle Lindsay,Allman,Kyle Lindsay,Allman,K,A,K,A,K. Allman,TÜRK TELEKOM,TTK,K. Allman,1,,,90.330001831055,53.110000610352,0.0,P2,missed,TÜRK TELEKOM K. ALLMAN 2Pt missed,,,,,,,,,0,65,2.0,def_reb,0,16,0,17
07:55,07:55:00,16,17,-1,2,2,REGULAR,64,M. SAJUS,1,rebound,179,178,[],defensive,0,19,Martynas,Sajus,Martynas,Sajus,M,S,M,S,M. Sajus,ALIAGA PETKIM SPOR,PTK,M. Sajus,19,,,,,,REB,,ALIAGA PETKIM SPOR rebound defensive,,,,,,,,,0,66,1.0,def_reb,0,16,0,17
07:53,07:53:00,16,17,-1,2,2,REGULAR,67,D. EFIANAYI JR,1,turnover,180,,[],badpass,0,4,David Tinsley Eghosa,Efianayi Jr,David Tinsley Eghosa,Efianayi Jr,D,E,D,E,D. Efianayi Jr,ALIAGA PETKIM SPOR,PTK,D. Efianayi Jr,4,,,,,,TO,,ALIAGA PETKIM SPOR D. EFIANAYI JR turnover badpass,,,,,,,,,0,67,2.0,turnover,0,16,0,17
07:53,07:53:00,16,17,-1,1,2,REGULAR,7,B. DURMAZ,1,steal,181,180,[],,0,3,Berkan,Durmaz,Berkan,Durmaz,B,D,B,D,B. Durmaz,TÜRK TELEKOM,TTK,B. Durmaz,3,,,,,,ST,,TÜRK TELEKOM B. DURMAZ steal,,,,,,,,,0,68,1.0,,0,16,0,17
07:50,07:50:00,18,17,1,1,2,REGULAR,3,A. KAHRAMAN,1,2pt,182,,"['fromturnover', 'pointsinthepaint', 'fastbreak']",layup,1,6,Ata,Kahraman,Ata,Kahraman,A,K,A,K,A. Kahraman,TÜRK TELEKOM,TTK,A. Kahraman,6,,,94.849998474121,51.130001068115,1.0,P2,made,TÜRK TELEKOM A. KAHRAMAN 2Pt made,7.0,1.0,B. DURMAZ,,,,,,2,68,1.0,score,2,18,0,17
07:50,07:50:00,18,17,1,1,2,REGULAR,7,B. DURMAZ,1,assist,183,182,[],,0,3,Berkan,Durmaz,Berkan,Durmaz,B,D,B,D,B. Durmaz,TÜRK TELEKOM,TTK,B. Durmaz,3,,,,,,ASS,,TÜRK TELEKOM B. DURMAZ assist,,,,,,,,,0,69,2.0,,0,18,0,17
07:28,07:28:00,18,20,-2,2,2,REGULAR,43,M. KURTULDUM,1,3pt,184,,[],jumpshot,1,7,Mustafa,Kurtuldum,Mustafa,Kurtuldum,M,K,M,K,M. Kurtuldum,ALIAGA PETKIM SPOR,PTK,M. Kurtuldum,7,,,24.489999771118,88.139999389648,1.0,P3,made,ALIAGA PETKIM SPOR M. KURTULDUM 3Pt made,98.0,2.0,P. SCRUBB,,,,,,3,69,2.0,score,0,18,3,20
07:28,07:28:00,18,20,-2,2,2,REGULAR,98,P. SCRUBB,1,assist,185,184,[],,0,23,Philip Alexander,Scrubb,Philip Alexander,Scrubb,P,S,P,S,P. Scrubb,ALIAGA PETKIM SPOR,PTK,P. Scrubb,23,,,,,,ASS,,ALIAGA PETKIM SPOR P. SCRUBB assist,,,,,,,,,0,70,1.0,,0,18,0,20
07:10,07:10:00,18,20,-2,1,2,REGULAR,75,K. ALLMAN,0,2pt,186,,['pointsinthepaint'],layup,1,1,Kyle Lindsay,Allman,Kyle Lindsay,Allman,K,A,K,A,K. Allman,TÜRK TELEKOM,TTK,K. Allman,1,,,91.26000213623,61.860000610352,0.0,P2,missed,TÜRK TELEKOM K. ALLMAN 2Pt missed,,,,,,,,,0,70,1.0,def_reb,0,18,0,20
07:07,07:07:00,18,20,-2,2,2,REGULAR,98,P. SCRUBB,1,rebound,187,186,[],defensive,0,23,Philip Alexander,Scrubb,Philip Alexander,Scrubb,P,S,P,S,P. Scrubb,ALIAGA PETKIM SPOR,PTK,P. Scrubb,23,,,,,,REB,,ALIAGA PETKIM SPOR rebound defensive,,,,,,,,,0,71,2.0,def_reb,0,18,0,20
07:03,07:03:00,18,23,-5,2,2,REGULAR,67,D. EFIANAYI JR,1,3pt,188,,['fastbreak'],jumpshot,1,4,David Tinsley Eghosa,Efianayi Jr,David Tinsley Eghosa,Efianayi Jr,D,E,D,E,D. Efianayi Jr,ALIAGA PETKIM SPOR,PTK,D. Efianayi Jr,4,,,30.579999923706,33.330001831055,1.0,P3,made,ALIAGA PETKIM SPOR D. EFIANAYI JR 3Pt made,98.0,2.0,P. SCRUBB,,,,,,3,72,1.0,score,0,18,3,23
07:03,07:03:00,18,23,-5,2,2,REGULAR,98,P. SCRUBB,1,assist,189,188,[],,0,23,Philip Alexander,Scrubb,Philip Alexander,Scrubb,P,S,P,S,P. Scrubb,ALIAGA PETKIM SPOR,PTK,P. Scrubb,23,,,,,,ASS,,ALIAGA PETKIM SPOR P. SCRUBB assist,,,,,,,,,0,73,2.0,,0,18,0,23
06:43,06:43:00,18,23,-5,1,2,REGULAR,3,A. KAHRAMAN,1,turnover,190,,[],ballhandling,0,6,Ata,Kahraman,Ata,Kahraman,A,K,A,K,A. Kahraman,TÜRK TELEKOM,TTK,A. Kahraman,6,,,,,,TO,,TÜRK TELEKOM A. KAHRAMAN turnover ballhandling,,,,,,,,,0,73,2.0,turnover,0,18,0,23
06:43,06:43:00,18,23,-5,2,2,REGULAR,70,U. UTOMI,1,steal,191,190,[],,0,8,Uzodinma,Utomi,Uzodinma,Utomi,U,U,U,U,U. Utomi,ALIAGA PETKIM SPOR,PTK,U. Utomi,8,,,,,,ST,,ALIAGA PETKIM SPOR U. UTOMI steal,,,,,,,,,0,74,1.0,,0,18,0,23
06:32,06:32:00,18,23,-5,2,2,REGULAR,70,U. UTOMI,0,3pt,192,,['fromturnover'],jumpshot,1,8,Uzodinma,Utomi,Uzodinma,Utomi,U,U,U,U,U. Utomi,ALIAGA PETKIM SPOR,PTK,U. Utomi,8,,,32.139999389648,63.279998779297,0.0,P3,missed,ALIAGA PETKIM SPOR U. UTOMI 3Pt missed,,,,,,,,,0,74,1.0,def_reb,0,18,0,23
06:30,06:30:00,18,23,-5,1,2,REGULAR,75,K. ALLMAN,1,rebound,193,192,[],defensive,0,1,Kyle Lindsay,Allman,Kyle Lindsay,Allman,K,A,K,A,K. Allman,TÜRK TELEKOM,TTK,K. Allman,1,,,,,,REB,,TÜRK TELEKOM rebound defensive,,,,,,,,,0,75,2.0,def_reb,0,18,0,23
06:10,06:10:00,18,23,-5,2,2,REGULAR,67,D. EFIANAYI JR,1,foul,195,,[],personal,0,4,David Tinsley Eghosa,Efianayi Jr,David Tinsley Eghosa,Efianayi Jr,D,E,D,E,D. Efianayi Jr,ALIAGA PETKIM SPOR,PTK,D. Efianayi Jr,4,,,,,,FOUL,,ALIAGA PETKIM SPOR D. EFIANAYI JR foul personal,,,,,,,,,0,76,1.0,,0,18,0,23
06:10,06:10:00,18,23,-5,1,2,REGULAR,87,K. ALEXANDER,1,foulon,196,195,[],,0,7,Kyle John Solomon,Alexander,Kyle John Solomon,Alexander,K,A,K,A,K. Alexander,TÜRK TELEKOM,TTK,K. Alexander,7,,,,,,OTHER,,TÜRK TELEKOM foulon,,,,,,,,,0,76,1.0,,0,18,0,23
06:10,06:10:00,18,23,-5,1,2,REGULAR,75,K. ALLMAN,1,substitution,197,,[],out,0,1,Kyle Lindsay,Allman,Kyle Lindsay,Allman,K,A,K,A,K. Allman,TÜRK TELEKOM,TTK,K. Allman,1,,,,,,SUB,out,TÜRK TELEKOM substitution out,,,,,,,,,0,76,1.0,,0,18,0,23
06:10,06:10:00,18,23,-5,1,2,REGULAR,7,B. DURMAZ,1,substitution,198,,[],out,0,3,Berkan,Durmaz,Berkan,Durmaz,B,D,B,D,B. Durmaz,TÜRK TELEKOM,TTK,B. Durmaz,3,,,,,,SUB,out,TÜRK TELEKOM substitution out,,,,,,,,,0,76,1.0,,0,18,0,23
06:10,06:10:00,18,23,-5,1,2,REGULAR,3,A. KAHRAMAN,1,substitution,199,,[],out,0,6,Ata,Kahraman,Ata,Kahraman,A,K,A,K,A. Kahraman,TÜRK TELEKOM,TTK,A. Kahraman,6,,,,,,SUB,out,TÜRK TELEKOM substitution out,,,,,,,,,0,76,1.0,,0,18,0,23
06:10,06:10:00,18,23,-5,1,2,REGULAR,87,K. ALEXANDER,1,substitution,200,,[],out,0,7,Kyle John Solomon,Alexander,Kyle John Solomon,Alexander,K,A,K,A,K. Alexander,TÜRK TELEKOM,TTK,K. Alexander,7,,,,,,SUB,out,TÜRK TELEKOM substitution out,,,,,,,,,0,76,1.0,,0,18,0,23
06:10,06:10:00,18,23,-5,1,2,REGULAR,74,J. USHER,1,substitution,201,,[],out,0,8,Jordan Emanuel ,Usher,Jordan Emanuel ,Usher,J,U,J,U,J. Usher,TÜRK TELEKOM,TTK,J. Usher,8,,,,,,SUB,out,TÜRK TELEKOM substitution out,,,,,,,,,0,76,1.0,,0,18,0,23
06:10,06:10:00,18,23,-5,1,2,REGULAR,77,J. SMITH,1,substitution,202,,[],in,0,9,Jaleen Devon,Smith,Jaleen Devon,Smith,J,S,J,S,J. Smith,TÜRK TELEKOM,TTK,J. Smith,9,,,,,,SUB,in,TÜRK TELEKOM substitution in,,,,,,,,,0,76,1.0,,0,18,0,23
06:10,06:10:00,18,23,-5,1,2,REGULAR,76,M. SIMONOVIC,1,substitution,203,,[],in,0,11,Marko,Simonovic,Marko,Simonovic,M,S,M,S,M. Simonovic,TÜRK TELEKOM,TTK,M. Simonovic,11,,,,,,SUB,in,TÜRK TELEKOM substitution in,,,,,,,,,0,76,1.0,,0,18,0,23
06:10,06:10:00,18,23,-5,1,2,REGULAR,5,D. ÖZDEMIROGLU,1,substitution,204,,[],in,0,18,Dogus,Özdemiroglu,Dogus,Özdemiroglu,D,Ö,D,Ö,D. Özdemiroglu,TÜRK TELEKOM,TTK,D. Özdemiroglu,18,,,,,,SUB,in,TÜRK TELEKOM substitution in,,,,,,,,,0,76,1.0,,0,18,0,23
06:10,06:10:00,18,23,-5,1,2,REGULAR,8,Y. GÜLTEKIN,1,substitution,205,,[],in,0,19,Yavuz,Gültekin,Yavuz,Gültekin,Y,G,Y,G,Y. Gültekin,TÜRK TELEKOM,TTK,Y. Gültekin,19,,,,,,SUB,in,TÜRK TELEKOM substitution in,,,,,,,,,0,76,1.0,,0,18,0,23
06:10,06:10:00,18,23,-5,1,2,REGULAR,78,K. BANKSTON,1,substitution,206,,[],in,0,30,Kristeon Lamar,Bankston,Kristeon Lamar,Bankston,K,B,K,B,K. Bankston,TÜRK TELEKOM,TTK,K. Bankston,30,,,,,,SUB,in,TÜRK TELEKOM substitution in,,,,,,,,,0,76,1.0,,0,18,0,23
06:10,06:10:00,18,23,-5,2,2,REGULAR,70,U. UTOMI,1,substitution,207,,[],out,0,8,Uzodinma,Utomi,Uzodinma,Utomi,U,U,U,U,U. Utomi,ALIAGA PETKIM SPOR,PTK,U. Utomi,8,,,,,,SUB,out,ALIAGA PETKIM SPOR substitution out,,,,,,,,,0,76,1.0,,0,18,0,23
06:10,06:10:00,18,23,-5,2,2,REGULAR,44,T. SAV,1,substitution,208,,[],in,0,15,Troy Selim,Sav,Troy Selim,Sav,T,S,T,S,T. Sav,ALIAGA PETKIM SPOR,PTK,T. Sav,15,,,,,,SUB,in,ALIAGA PETKIM SPOR substitution in,,,,,,,,,0,76,1.0,,0,18,0,23
06:01,06:01:00,20,23,-3,1,2,REGULAR,78,K. BANKSTON,1,2pt,210,,['pointsinthepaint'],alleyoopdunk,1,30,Kristeon Lamar,Bankston,Kristeon Lamar,Bankston,K,B,K,B,K. Bankston,TÜRK TELEKOM,TTK,K. Bankston,30,,,93.919998168945,53.950000762939,1.0,P2,made,TÜRK TELEKOM K. BANKSTON 2Pt made,5.0,1.0,D. ÖZDEMIROGLU,,,,,,2,76,1.0,score,2,20,0,23
06:01,06:01:00,20,23,-3,1,2,REGULAR,5,D. ÖZDEMIROGLU,1,assist,211,210,[],,0,18,Dogus,Özdemiroglu,Dogus,Özdemiroglu,D,Ö,D,Ö,D. Özdemiroglu,TÜRK TELEKOM,TTK,D. Özdemiroglu,18,,,,,,ASS,,TÜRK TELEKOM D. ÖZDEMIROGLU assist,,,,,,,,,0,77,2.0,,0,20,0,23
05:42,05:42:00,20,26,-6,2,2,REGULAR,98,P. SCRUBB,1,3pt,212,,[],jumpshot,1,23,Philip Alexander,Scrubb,Philip Alexander,Scrubb,P,S,P,S,P. Scrubb,ALIAGA PETKIM SPOR,PTK,P. Scrubb,23,,,30.270000457764,73.730003356934,1.0,P3,made,ALIAGA PETKIM SPOR P. SCRUBB 3Pt made,64.0,2.0,M. SAJUS,,,,,,3,77,2.0,score,0,20,3,26
05:42,05:42:00,20,26,-6,2,2,REGULAR,64,M. SAJUS,1,assist,213,212,[],,0,19,Martynas,Sajus,Martynas,Sajus,M,S,M,S,M. Sajus,ALIAGA PETKIM SPOR,PTK,M. Sajus,19,,,,,,ASS,,ALIAGA PETKIM SPOR M. SAJUS assist,,,,,,,,,0,78,1.0,,0,20,0,26
05:20,05:20:00,20,26,-6,1,2,REGULAR,77,J. SMITH,0,3pt,214,,[],jumpshot,1,9,Jaleen Devon,Smith,Jaleen Devon,Smith,J,S,J,S,J. Smith,TÜRK TELEKOM,TTK,J. Smith,9,,,65.830001831055,61.299999237061,0.0,P3,missed,TÜRK TELEKOM J. SMITH 3Pt missed,,,,,,,,,0,78,1.0,,0,20,0,26
05:17,05:17:00,20,26,-6,1,2,REGULAR,8,Y. GÜLTEKIN,1,rebound,215,214,[],offensive,0,19,Yavuz,Gültekin,Yavuz,Gültekin,Y,G,Y,G,Y. Gültekin,TÜRK TELEKOM,TTK,Y. Gültekin,19,,,,,,REB,,TÜRK TELEKOM rebound offensive,,,,,,,,,0,78,1.0,,0,20,0,26
05:11,05:11:00,23,26,-3,1,2,REGULAR,5,D. ÖZDEMIROGLU,1,3pt,216,,['2ndchance'],jumpshot,1,18,Dogus,Özdemiroglu,Dogus,Özdemiroglu,D,Ö,D,Ö,D. Özdemiroglu,TÜRK TELEKOM,TTK,D. Özdemiroglu,18,,,66.610000610352,44.630001068115,1.0,P3,made,TÜRK TELEKOM D. ÖZDEMIROGLU 3Pt made,,,,,,,,,3,78,1.0,score,3,23,0,26
04:47,04:47:00,23,26,-3,2,2,REGULAR,67,D. EFIANAYI JR,0,3pt,217,,[],jumpshot,1,4,David Tinsley Eghosa,Efianayi Jr,David Tinsley Eghosa,Efianayi Jr,D,E,D,E,D. Efianayi Jr,ALIAGA PETKIM SPOR,PTK,D. Efianayi Jr,4,,,30.579999923706,45.479999542236,0.0,P3,missed,ALIAGA PETKIM SPOR D. EFIANAYI JR 3Pt missed,,,,,,,,,0,79,2.0,def_reb,0,23,0,26
04:44,04:44:00,23,26,-3,1,2,REGULAR,8,Y. GÜLTEKIN,1,rebound,218,217,[],defensive,0,19,Yavuz,Gültekin,Yavuz,Gültekin,Y,G,Y,G,Y. Gültekin,TÜRK TELEKOM,TTK,Y. Gültekin,19,,,,,,REB,,TÜRK TELEKOM rebound defensive,,,,,,,,,0,80,1.0,def_reb,0,23,0,26
04:41,04:41:00,23,26,-3,2,2,REGULAR,43,M. KURTULDUM,1,foul,220,,[],personal,0,7,Mustafa,Kurtuldum,Mustafa,Kurtuldum,M,K,M,K,M. Kurtuldum,ALIAGA PETKIM SPOR,PTK,M. Kurtuldum,7,,,,,,FOUL,,ALIAGA PETKIM SPOR M. KURTULDUM foul personal,,,,,,,,,0,81,2.0,,0,23,0,26
04:41,04:41:00,23,26,-3,1,2,REGULAR,5,D. ÖZDEMIROGLU,1,foulon,221,220,[],,0,18,Dogus,Özdemiroglu,Dogus,Özdemiroglu,D,Ö,D,Ö,D. Özdemiroglu,TÜRK TELEKOM,TTK,D. Özdemiroglu,18,,,,,,OTHER,,TÜRK TELEKOM foulon,,,,,,,,,0,81,2.0,,0,23,0,26
04:41,04:41:00,23,26,-3,2,2,REGULAR,67,D. EFIANAYI JR,1,substitution,222,,[],out,0,4,David Tinsley Eghosa,Efianayi Jr,David Tinsley Eghosa,Efianayi Jr,D,E,D,E,D. Efianayi Jr,ALIAGA PETKIM SPOR,PTK,D. Efianayi Jr,4,,,,,,SUB,out,ALIAGA PETKIM SPOR substitution out,,,,,,,,,0,81,2.0,,0,23,0,26
04:41,04:41:00,23,26,-3,2,2,REGULAR,68,Y. FRANKE,1,substitution,223,,[],in,0,5,Yannick Ayrton,Franke,Yannick Ayrton,Franke,Y,F,Y,F,Y. Franke,ALIAGA PETKIM SPOR,PTK,Y. Franke,5,,,,,,SUB,in,ALIAGA PETKIM SPOR substitution in,,,,,,,,,0,81,2.0,,0,23,0,26
04:41,04:41:00,23,26,-3,0,2,REGULAR,0,,1,timeout,224,,[],officials,0,,,,,,,,,,,,,,,,,,,,TIMEOUT,, timeout,,,,,,,,,0,81,2.0,,0,23,0,26
04:33,04:33:00,23,26,-3,1,2,REGULAR,77,J. SMITH,1,turnover,226,,[],badpass,0,9,Jaleen Devon,Smith,Jaleen Devon,Smith,J,S,J,S,J. Smith,TÜRK TELEKOM,TTK,J. Smith,9,,,,,,TO,,TÜRK TELEKOM J. SMITH turnover badpass,,,,,,,,,0,81,2.0,turnover,0,23,0,26
04:33,04:33:00,23,26,-3,2,2,REGULAR,64,M. SAJUS,1,steal,227,226,[],,0,19,Martynas,Sajus,Martynas,Sajus,M,S,M,S,M. Sajus,ALIAGA PETKIM SPOR,PTK,M. Sajus,19,,,,,,ST,,ALIAGA PETKIM SPOR M. SAJUS steal,,,,,,,,,0,82,1.0,,0,23,0,26
04:29,04:29:00,23,26,-3,2,2,REGULAR,98,P. SCRUBB,1,turnover,229,,[],badpass,0,23,Philip Alexander,Scrubb,Philip Alexander,Scrubb,P,S,P,S,P. Scrubb,ALIAGA PETKIM SPOR,PTK,P. Scrubb,23,,,,,,TO,,ALIAGA PETKIM SPOR P. SCRUBB turnover badpass,,,,,,,,,0,82,1.0,turnover,0,23,0,26
04:21,04:21:00,25,26,-1,1,2,REGULAR,77,J. SMITH,1,2pt,231,,"['fromturnover', 'pointsinthepaint']",jumpshot,1,9,Jaleen Devon,Smith,Jaleen Devon,Smith,J,S,J,S,J. Smith,TÜRK TELEKOM,TTK,J. Smith,9,,,81.279998779297,48.590000152588,1.0,P2,made,TÜRK TELEKOM J. SMITH 2Pt made,,,,,,,,,2,83,2.0,score,2,25,0,26
04:04,04:04:00,25,26,-1,2,2,REGULAR,44,T. SAV,0,3pt,232,,[],jumpshot,1,15,Troy Selim,Sav,Troy Selim,Sav,T,S,T,S,T. Sav,ALIAGA PETKIM SPOR,PTK,T. Sav,15,,,22.0,12.430000305176,0.0,P3,missed,ALIAGA PETKIM SPOR T. SAV 3Pt missed,,,,,,,,,0,84,1.0,def_reb,0,25,0,26
04:01,04:01:00,25,26,-1,1,2,REGULAR,5,D. ÖZDEMIROGLU,1,rebound,233,232,[],defensive,0,18,Dogus,Özdemiroglu,Dogus,Özdemiroglu,D,Ö,D,Ö,D. Özdemiroglu,TÜRK TELEKOM,TTK,D. Özdemiroglu,18,,,,,,REB,,TÜRK TELEKOM rebound defensive,,,,,,,,,0,85,2.0,def_reb,0,25,0,26
03:55,03:55:00,25,26,-1,1,2,REGULAR,5,D. ÖZDEMIROGLU,0,3pt,235,,[],jumpshot,1,18,Dogus,Özdemiroglu,Dogus,Özdemiroglu,D,Ö,D,Ö,D. Özdemiroglu,TÜRK TELEKOM,TTK,D. Özdemiroglu,18,,,67.23999786377,62.990001678467,0.0,P3,missed,TÜRK TELEKOM D. ÖZDEMIROGLU 3Pt missed,,,,,,,,,0,86,1.0,def_reb,0,25,0,26
03:55,03:55:00,25,26,-1,2,2,REGULAR,0,,1,rebound,236,235,['team'],defensive,0,,,,,,,,,,,ALIAGA PETKIM SPOR,PTK,,,,,,,,TREB,,ALIAGA PETKIM SPOR team rebound defensive,,,,,,,,,0,87,2.0,def_reb,0,25,0,26
03:40,03:40:00,25,26,-1,2,2,REGULAR,98,P. SCRUBB,0,3pt,238,,[],jumpshot,1,23,Philip Alexander,Scrubb,Philip Alexander,Scrubb,P,S,P,S,P. Scrubb,ALIAGA PETKIM SPOR,PTK,P. Scrubb,23,,,31.200000762939,69.48999786377,0.0,P3,missed,ALIAGA PETKIM SPOR P. SCRUBB 3Pt missed,,,,,,,,,0,88,1.0,def_reb,0,25,0,26
03:37,03:37:00,25,26,-1,1,2,REGULAR,76,M. SIMONOVIC,1,rebound,239,238,[],defensive,0,11,Marko,Simonovic,Marko,Simonovic,M,S,M,S,M. Simonovic,TÜRK TELEKOM,TTK,M. Simonovic,11,,,,,,REB,,TÜRK TELEKOM rebound defensive,,,,,,,,,0,89,2.0,def_reb,0,25,0,26
03:34,03:34:00,25,26,-1,2,2,REGULAR,68,Y. FRANKE,1,foul,241,,['2freethrow'],personal,0,5,Yannick Ayrton,Franke,Yannick Ayrton,Franke,Y,F,Y,F,Y. Franke,ALIAGA PETKIM SPOR,PTK,Y. Franke,5,,,,,,FOUL,,ALIAGA PETKIM SPOR Y. FRANKE foul personal,,,,,,,,,0,90,1.0,,0,25,0,26
03:34,03:34:00,25,26,-1,1,2,REGULAR,77,J. SMITH,1,foulon,242,241,[],,0,9,Jaleen Devon,Smith,Jaleen Devon,Smith,J,S,J,S,J. Smith,TÜRK TELEKOM,TTK,J. Smith,9,,,,,,OTHER,,TÜRK TELEKOM foulon,,,,,,,,,0,90,1.0,,0,25,0,26
03:34,03:34:00,26,26,0,1,2,REGULAR,77,J. SMITH,1,freethrow,243,,[],1of2,1,9,Jaleen Devon,Smith,Jaleen Devon,Smith,J,S,J,S,J. Smith,TÜRK TELEKOM,TTK,J. Smith,9,,,,,,FT,made,TÜRK TELEKOM J. SMITH FT 1of2 made,,,,,,,,,1,90,1.0,made_ft,1,26,0,26
03:34,03:34:00,27,26,1,1,2,REGULAR,77,J. SMITH,1,freethrow,244,,[],2of2,1,9,Jaleen Devon,Smith,Jaleen Devon,Smith,J,S,J,S,J. Smith,TÜRK TELEKOM,TTK,J. Smith,9,,,,,,FT,made,TÜRK TELEKOM J. SMITH FT 2of2 made,,,,,,,,,1,91,2.0,made_ft_last,1,27,0,26
03:34,03:34:00,27,26,1,2,2,REGULAR,68,Y. FRANKE,1,substitution,245,,[],out,0,5,Yannick Ayrton,Franke,Yannick Ayrton,Franke,Y,F,Y,F,Y. Franke,ALIAGA PETKIM SPOR,PTK,Y. Franke,5,,,,,,SUB,out,ALIAGA PETKIM SPOR substitution out,,,,,,,,,0,92,1.0,,0,27,0,26
03:34,03:34:00,27,26,1,2,2,REGULAR,98,P. SCRUBB,1,substitution,246,,[],out,0,23,Philip Alexander,Scrubb,Philip Alexander,Scrubb,P,S,P,S,P. Scrubb,ALIAGA PETKIM SPOR,PTK,P. Scrubb,23,,,,,,SUB,out,ALIAGA PETKIM SPOR substitution out,,,,,,,,,0,92,1.0,,0,27,0,26
03:34,03:34:00,27,26,1,2,2,REGULAR,67,D. EFIANAYI JR,1,substitution,247,,[],in,0,4,David Tinsley Eghosa,Efianayi Jr,David Tinsley Eghosa,Efianayi Jr,D,E,D,E,D. Efianayi Jr,ALIAGA PETKIM SPOR,PTK,D. Efianayi Jr,4,,,,,,SUB,in,ALIAGA PETKIM SPOR substitution in,,,,,,,,,0,92,1.0,,0,27,0,26
03:34,03:34:00,27,26,1,2,2,REGULAR,42,Y. SONSIRMA,1,substitution,248,,[],in,0,9,Yunus Emre,Sonsirma,Yunus Emre,Sonsirma,Y,S,Y,S,Y. Sonsirma,ALIAGA PETKIM SPOR,PTK,Y. Sonsirma,9,,,,,,SUB,in,ALIAGA PETKIM SPOR substitution in,,,,,,,,,0,92,1.0,,0,27,0,26
03:23,03:23:00,27,26,1,2,2,REGULAR,43,M. KURTULDUM,0,2pt,250,,['pointsinthepaint'],layup,1,7,Mustafa,Kurtuldum,Mustafa,Kurtuldum,M,K,M,K,M. Kurtuldum,ALIAGA PETKIM SPOR,PTK,M. Kurtuldum,7,,,5.3000001907349,51.409999847412,0.0,P2,missed,ALIAGA PETKIM SPOR M. KURTULDUM 2Pt missed,,,,,,,,,0,92,1.0,,0,27,0,26
03:19,03:19:00,27,26,1,2,2,REGULAR,64,M. SAJUS,1,rebound,251,250,[],offensive,0,19,Martynas,Sajus,Martynas,Sajus,M,S,M,S,M. Sajus,ALIAGA PETKIM SPOR,PTK,M. Sajus,19,,,,,,REB,,ALIAGA PETKIM SPOR rebound offensive,,,,,,,,,0,92,1.0,,0,27,0,26
03:14,03:14:00,27,26,1,1,2,REGULAR,5,D. ÖZDEMIROGLU,1,foul,253,,"['shooting', '2freethrow']",personal,0,18,Dogus,Özdemiroglu,Dogus,Özdemiroglu,D,Ö,D,Ö,D. Özdemiroglu,TÜRK TELEKOM,TTK,D. Özdemiroglu,18,,,,,,FOUL,,TÜRK TELEKOM D. ÖZDEMIROGLU foul personal,,,,,,,,,0,92,1.0,,0,27,0,26
03:14,03:14:00,27,26,1,2,2,REGULAR,67,D. EFIANAYI JR,1,foulon,254,253,[],,0,4,David Tinsley Eghosa,Efianayi Jr,David Tinsley Eghosa,Efianayi Jr,D,E,D,E,D. Efianayi Jr,ALIAGA PETKIM SPOR,PTK,D. Efianayi Jr,4,,,,,,OTHER,,ALIAGA PETKIM SPOR foulon,,,,,,,,,0,92,1.0,,0,27,0,26
03:14,03:14:00,27,26,1,2,2,REGULAR,43,M. KURTULDUM,1,substitution,255,,[],out,0,7,Mustafa,Kurtuldum,Mustafa,Kurtuldum,M,K,M,K,M. Kurtuldum,ALIAGA PETKIM SPOR,PTK,M. Kurtuldum,7,,,,,,SUB,out,ALIAGA PETKIM SPOR substitution out,,,,,,,,,0,92,1.0,,0,27,0,26
03:14,03:14:00,27,26,1,2,2,REGULAR,70,U. UTOMI,1,substitution,256,,[],in,0,8,Uzodinma,Utomi,Uzodinma,Utomi,U,U,U,U,U. Utomi,ALIAGA PETKIM SPOR,PTK,U. Utomi,8,,,,,,SUB,in,ALIAGA PETKIM SPOR substitution in,,,,,,,,,0,92,1.0,,0,27,0,26
03:14,03:14:00,27,27,0,2,2,REGULAR,67,D. EFIANAYI JR,1,freethrow,257,,['2ndchance'],1of2,1,4,David Tinsley Eghosa,Efianayi Jr,David Tinsley Eghosa,Efianayi Jr,D,E,D,E,D. Efianayi Jr,ALIAGA PETKIM SPOR,PTK,D. Efianayi Jr,4,,,,,,FT,made,ALIAGA PETKIM SPOR D. EFIANAYI JR FT 1of2 made,,,,,,,,,1,92,1.0,made_ft,0,27,1,27
03:14,03:14:00,27,28,-1,2,2,REGULAR,67,D. EFIANAYI JR,1,freethrow,258,,['2ndchance'],2of2,1,4,David Tinsley Eghosa,Efianayi Jr,David Tinsley Eghosa,Efianayi Jr,D,E,D,E,D. Efianayi Jr,ALIAGA PETKIM SPOR,PTK,D. Efianayi Jr,4,,,,,,FT,made,ALIAGA PETKIM SPOR D. EFIANAYI JR FT 2of2 made,,,,,,,,,1,93,2.0,made_ft_last,0,27,1,28
03:00,03:00:00,29,28,1,1,2,REGULAR,5,D. ÖZDEMIROGLU,1,2pt,260,,[],jumpshot,1,18,Dogus,Özdemiroglu,Dogus,Özdemiroglu,D,Ö,D,Ö,D. Özdemiroglu,TÜRK TELEKOM,TTK,D. Özdemiroglu,18,,,83.459999084473,68.639999389648,1.0,P2,made,TÜRK TELEKOM D. ÖZDEMIROGLU 2Pt made,,,,,,,,,2,94,1.0,score,2,29,0,28
02:34,02:34:00,29,30,-1,2,2,REGULAR,67,D. EFIANAYI JR,1,2pt,261,,['pointsinthepaint'],layup,1,4,David Tinsley Eghosa,Efianayi Jr,David Tinsley Eghosa,Efianayi Jr,D,E,D,E,D. Efianayi Jr,ALIAGA PETKIM SPOR,PTK,D. Efianayi Jr,4,,,7.4899997711182,54.799999237061,1.0,P2,made,ALIAGA PETKIM SPOR D. EFIANAYI JR 2Pt made,,,,,,,,,2,95,2.0,score,0,29,2,30
02:33,02:33:00,29,30,-1,1,2,REGULAR,0,,1,timeout,263,,[],full,0,,,,,,,,,,,TÜRK TELEKOM,TTK,,,,,,,,TIMEOUT,,TÜRK TELEKOM timeout,,,,,,,,,0,96,1.0,,0,29,0,30
02:15,02:15:00,32,30,2,1,2,REGULAR,5,D. ÖZDEMIROGLU,1,3pt,265,,[],jumpshot,1,18,Dogus,Özdemiroglu,Dogus,Özdemiroglu,D,Ö,D,Ö,D. Özdemiroglu,TÜRK TELEKOM,TTK,D. Özdemiroglu,18,,,67.550003051758,32.490001678467,1.0,P3,made,TÜRK TELEKOM D. ÖZDEMIROGLU 3Pt made,77.0,1.0,J. SMITH,,,,,,3,96,1.0,score,3,32,0,30
02:15,02:15:00,32,30,2,1,2,REGULAR,77,J. SMITH,1,assist,266,265,[],,0,9,Jaleen Devon,Smith,Jaleen Devon,Smith,J,S,J,S,J. Smith,TÜRK TELEKOM,TTK,J. Smith,9,,,,,,ASS,,TÜRK TELEKOM J. SMITH assist,,,,,,,,,0,97,2.0,,0,32,0,30
02:11,02:11:00,32,30,2,2,2,REGULAR,44,T. SAV,1,turnover,268,,[],ballhandling,0,15,Troy Selim,Sav,Troy Selim,Sav,T,S,T,S,T. Sav,ALIAGA PETKIM SPOR,PTK,T. Sav,15,,,,,,TO,,ALIAGA PETKIM SPOR T. SAV turnover ballhandling,,,,,,,,,0,97,2.0,turnover,0,32,0,30
02:11,02:11:00,32,30,2,1,2,REGULAR,8,Y. GÜLTEKIN,1,substitution,269,,[],out,0,19,Yavuz,Gültekin,Yavuz,Gültekin,Y,G,Y,G,Y. Gültekin,TÜRK TELEKOM,TTK,Y. Gültekin,19,,,,,,SUB,out,TÜRK TELEKOM substitution out,,,,,,,,,0,98,1.0,,0,32,0,30
02:11,02:11:00,32,30,2,1,2,REGULAR,74,J. USHER,1,substitution,270,,[],in,0,8,Jordan Emanuel ,Usher,Jordan Emanuel ,Usher,J,U,J,U,J. Usher,TÜRK TELEKOM,TTK,J. Usher,8,,,,,,SUB,in,TÜRK TELEKOM substitution in,,,,,,,,,0,98,1.0,,0,32,0,30
02:05,02:05:00,32,30,2,1,2,REGULAR,77,J. SMITH,0,3pt,273,,['fromturnover'],jumpshot,1,9,Jaleen Devon,Smith,Jaleen Devon,Smith,J,S,J,S,J. Smith,TÜRK TELEKOM,TTK,J. Smith,9,,,68.800003051758,70.339996337891,0.0,P3,missed,TÜRK TELEKOM J. SMITH 3Pt missed,,,,,,,,,0,98,1.0,def_reb,0,32,0,30
02:05,02:05:00,32,30,2,2,2,REGULAR,0,,1,rebound,274,273,['team'],defensive,0,,,,,,,,,,,ALIAGA PETKIM SPOR,PTK,,,,,,,,TREB,,ALIAGA PETKIM SPOR team rebound defensive,,,,,,,,,0,99,2.0,def_reb,0,32,0,30
02:05,02:05:00,32,30,2,1,2,REGULAR,76,M. SIMONOVIC,1,foul,275,,[],personal,0,11,Marko,Simonovic,Marko,Simonovic,M,S,M,S,M. Simonovic,TÜRK TELEKOM,TTK,M. Simonovic,11,,,,,,FOUL,,TÜRK TELEKOM M. SIMONOVIC foul personal,,,,,,,,,0,100,1.0,,0,32,0,30
02:05,02:05:00,32,30,2,2,2,REGULAR,64,M. SAJUS,1,foulon,276,275,[],,0,19,Martynas,Sajus,Martynas,Sajus,M,S,M,S,M. Sajus,ALIAGA PETKIM SPOR,PTK,M. Sajus,19,,,,,,OTHER,,ALIAGA PETKIM SPOR foulon,,,,,,,,,0,100,1.0,,0,32,0,30
02:01,02:01:00,32,30,2,2,2,REGULAR,42,Y. SONSIRMA,1,turnover,279,,[],ballhandling,0,9,Yunus Emre,Sonsirma,Yunus Emre,Sonsirma,Y,S,Y,S,Y. Sonsirma,ALIAGA PETKIM SPOR,PTK,Y. Sonsirma,9,,,,,,TO,,ALIAGA PETKIM SPOR Y. SONSIRMA turnover ballhandling,,,,,,,,,0,100,1.0,turnover,0,32,0,30
01:52,01:52:00,34,30,4,1,2,REGULAR,78,K. BANKSTON,1,2pt,281,,"['fromturnover', 'pointsinthepaint']",dunk,1,30,Kristeon Lamar,Bankston,Kristeon Lamar,Bankston,K,B,K,B,K. Bankston,TÜRK TELEKOM,TTK,K. Bankston,30,,,92.51000213623,56.779998779297,1.0,P2,made,TÜRK TELEKOM K. BANKSTON 2Pt made,5.0,1.0,D. ÖZDEMIROGLU,,,,,,2,101,2.0,score,2,34,0,30
01:52,01:52:00,34,30,4,1,2,REGULAR,5,D. ÖZDEMIROGLU,1,assist,283,281,[],,0,18,Dogus,Özdemiroglu,Dogus,Özdemiroglu,D,Ö,D,Ö,D. Özdemiroglu,TÜRK TELEKOM,TTK,D. Özdemiroglu,18,,,,,,ASS,,TÜRK TELEKOM D. ÖZDEMIROGLU assist,,,,,,,,,0,102,1.0,,0,34,0,30
01:49,01:49:00,34,30,4,2,2,REGULAR,0,,1,timeout,284,,[],full,0,,,,,,,,,,,ALIAGA PETKIM SPOR,PTK,,,,,,,,TIMEOUT,,ALIAGA PETKIM SPOR timeout,,,,,,,,,0,102,1.0,,0,34,0,30
01:49,01:49:00,34,30,4,1,2,REGULAR,76,M. SIMONOVIC,1,substitution,285,,[],out,0,11,Marko,Simonovic,Marko,Simonovic,M,S,M,S,M. Simonovic,TÜRK TELEKOM,TTK,M. Simonovic,11,,,,,,SUB,out,TÜRK TELEKOM substitution out,,,,,,,,,0,102,1.0,,0,34,0,30
01:49,01:49:00,34,30,4,1,2,REGULAR,78,K. BANKSTON,1,substitution,286,,[],out,0,30,Kristeon Lamar,Bankston,Kristeon Lamar,Bankston,K,B,K,B,K. Bankston,TÜRK TELEKOM,TTK,K. Bankston,30,,,,,,SUB,out,TÜRK TELEKOM substitution out,,,,,,,,,0,102,1.0,,0,34,0,30
01:49,01:49:00,34,30,4,1,2,REGULAR,7,B. DURMAZ,1,substitution,287,,[],in,0,3,Berkan,Durmaz,Berkan,Durmaz,B,D,B,D,B. Durmaz,TÜRK TELEKOM,TTK,B. Durmaz,3,,,,,,SUB,in,TÜRK TELEKOM substitution in,,,,,,,,,0,102,1.0,,0,34,0,30
01:49,01:49:00,34,30,4,1,2,REGULAR,87,K. ALEXANDER,1,substitution,288,,[],in,0,7,Kyle John Solomon,Alexander,Kyle John Solomon,Alexander,K,A,K,A,K. Alexander,TÜRK TELEKOM,TTK,K. Alexander,7,,,,,,SUB,in,TÜRK TELEKOM substitution in,,,,,,,,,0,102,1.0,,0,34,0,30
01:49,01:49:00,34,30,4,2,2,REGULAR,44,T. SAV,1,substitution,289,,[],out,0,15,Troy Selim,Sav,Troy Selim,Sav,T,S,T,S,T. Sav,ALIAGA PETKIM SPOR,PTK,T. Sav,15,,,,,,SUB,out,ALIAGA PETKIM SPOR substitution out,,,,,,,,,0,102,1.0,,0,34,0,30
01:49,01:49:00,34,30,4,2,2,REGULAR,65,R. BLUMBERGS,1,substitution,290,,[],in,0,6,Roberts,Blumbergs,Roberts,Blumbergs,R,B,R,B,R. Blumbergs,ALIAGA PETKIM SPOR,PTK,R. Blumbergs,6,,,,,,SUB,in,ALIAGA PETKIM SPOR substitution in,,,,,,,,,0,102,1.0,,0,34,0,30
01:31,01:31:00,34,30,4,2,2,REGULAR,67,D. EFIANAYI JR,0,3pt,292,,[],jumpshot,1,4,David Tinsley Eghosa,Efianayi Jr,David Tinsley Eghosa,Efianayi Jr,D,E,D,E,D. Efianayi Jr,ALIAGA PETKIM SPOR,PTK,D. Efianayi Jr,4,,,31.670000076294,53.950000762939,0.0,P3,missed,ALIAGA PETKIM SPOR D. EFIANAYI JR 3Pt missed,,,,,,,,,0,102,1.0,,0,34,0,30
01:28,01:28:00,34,30,4,2,2,REGULAR,64,M. SAJUS,1,rebound,293,292,[],offensive,0,19,Martynas,Sajus,Martynas,Sajus,M,S,M,S,M. Sajus,ALIAGA PETKIM SPOR,PTK,M. Sajus,19,,,,,,REB,,ALIAGA PETKIM SPOR rebound offensive,,,,,,,,,0,102,1.0,,0,34,0,30
01:27,01:27:00,34,30,4,2,2,REGULAR,64,M. SAJUS,0,2pt,294,,"['2ndchance', 'pointsinthepaint']",jumpshot,1,19,Martynas,Sajus,Martynas,Sajus,M,S,M,S,M. Sajus,ALIAGA PETKIM SPOR,PTK,M. Sajus,19,,,9.9799995422363,57.340000152588,0.0,P2,missed,ALIAGA PETKIM SPOR M. SAJUS 2Pt missed,,,,,,,,,0,102,1.0,def_reb,0,34,0,30
01:26,01:26:00,34,30,4,1,2,REGULAR,0,,1,rebound,296,294,['team'],defensive,0,,,,,,,,,,,TÜRK TELEKOM,TTK,,,,,,,,TREB,,TÜRK TELEKOM team rebound defensive,,,,,,,,,0,103,2.0,def_reb,0,34,0,30
01:09,01:09:00,37,30,7,1,2,REGULAR,77,J. SMITH,1,3pt,298,,[],jumpshot,1,9,Jaleen Devon,Smith,Jaleen Devon,Smith,J,S,J,S,J. Smith,TÜRK TELEKOM,TTK,J. Smith,9,,,70.199996948242,27.969999313354,1.0,P3,made,TÜRK TELEKOM J. SMITH 3Pt made,,,,,,,,,3,104,1.0,score,3,37,0,30
00:44,00:44:40,37,30,7,1,2,REGULAR,7,B. DURMAZ,1,foul,300,,[],personal,0,3,Berkan,Durmaz,Berkan,Durmaz,B,D,B,D,B. Durmaz,TÜRK TELEKOM,TTK,B. Durmaz,3,,,,,,FOUL,,TÜRK TELEKOM B. DURMAZ foul personal,,,,,,,,,0,105,2.0,,0,37,0,30
00:44,00:44:40,37,30,7,2,2,REGULAR,67,D. EFIANAYI JR,1,foulon,301,300,[],,0,4,David Tinsley Eghosa,Efianayi Jr,David Tinsley Eghosa,Efianayi Jr,D,E,D,E,D. Efianayi Jr,ALIAGA PETKIM SPOR,PTK,D. Efianayi Jr,4,,,,,,OTHER,,ALIAGA PETKIM SPOR foulon,,,,,,,,,0,105,2.0,,0,37,0,30
00:27,00:27:90,37,30,7,2,2,REGULAR,0,,1,turnover,304,,['team'],24sec,0,,,,,,,,,,,ALIAGA PETKIM SPOR,PTK,,,,,,,,TO,,ALIAGA PETKIM SPOR  turnover 24sec,,,,,,,,,0,105,2.0,turnover,0,37,0,30
00:27,00:27:90,37,30,7,1,2,REGULAR,0,,1,timeout,305,,[],full,0,,,,,,,,,,,TÜRK TELEKOM,TTK,,,,,,,,TIMEOUT,,TÜRK TELEKOM timeout,,,,,,,,,0,106,1.0,,0,37,0,30
00:27,00:27:90,37,30,7,1,2,REGULAR,7,B. DURMAZ,1,substitution,306,,[],out,0,3,Berkan,Durmaz,Berkan,Durmaz,B,D,B,D,B. Durmaz,TÜRK TELEKOM,TTK,B. Durmaz,3,,,,,,SUB,out,TÜRK TELEKOM substitution out,,,,,,,,,0,106,1.0,,0,37,0,30
00:27,00:27:90,37,30,7,1,2,REGULAR,87,K. ALEXANDER,1,substitution,307,,[],out,0,7,Kyle John Solomon,Alexander,Kyle John Solomon,Alexander,K,A,K,A,K. Alexander,TÜRK TELEKOM,TTK,K. Alexander,7,,,,,,SUB,out,TÜRK TELEKOM substitution out,,,,,,,,,0,106,1.0,,0,37,0,30
00:27,00:27:90,37,30,7,1,2,REGULAR,75,K. ALLMAN,1,substitution,308,,[],in,0,1,Kyle Lindsay,Allman,Kyle Lindsay,Allman,K,A,K,A,K. Allman,TÜRK TELEKOM,TTK,K. Allman,1,,,,,,SUB,in,TÜRK TELEKOM substitution in,,,,,,,,,0,106,1.0,,0,37,0,30
00:27,00:27:90,37,30,7,1,2,REGULAR,76,M. SIMONOVIC,1,substitution,309,,[],in,0,11,Marko,Simonovic,Marko,Simonovic,M,S,M,S,M. Simonovic,TÜRK TELEKOM,TTK,M. Simonovic,11,,,,,,SUB,in,TÜRK TELEKOM substitution in,,,,,,,,,0,106,1.0,,0,37,0,30
00:11,00:11:80,37,30,7,1,2,REGULAR,76,M. SIMONOVIC,1,turnover,312,,[],travel,0,11,Marko,Simonovic,Marko,Simonovic,M,S,M,S,M. Simonovic,TÜRK TELEKOM,TTK,M. Simonovic,11,,,,,,TO,,TÜRK TELEKOM M. SIMONOVIC turnover travel,,,,,,,,,0,106,1.0,turnover,0,37,0,30
00:11,00:11:80,37,30,7,2,2,REGULAR,0,,1,timeout,313,,[],full,0,,,,,,,,,,,ALIAGA PETKIM SPOR,PTK,,,,,,,,TIMEOUT,,ALIAGA PETKIM SPOR timeout,,,,,,,,,0,107,2.0,,0,37,0,30
00:11,00:11:80,37,30,7,1,2,REGULAR,75,K. ALLMAN,1,substitution,314,,[],out,0,1,Kyle Lindsay,Allman,Kyle Lindsay,Allman,K,A,K,A,K. Allman,TÜRK TELEKOM,TTK,K. Allman,1,,,,,,SUB,out,TÜRK TELEKOM substitution out,,,,,,,,,0,107,2.0,,0,37,0,30
00:11,00:11:80,37,30,7,1,2,REGULAR,77,J. SMITH,1,substitution,315,,[],out,0,9,Jaleen Devon,Smith,Jaleen Devon,Smith,J,S,J,S,J. Smith,TÜRK TELEKOM,TTK,J. Smith,9,,,,,,SUB,out,TÜRK TELEKOM substitution out,,,,,,,,,0,107,2.0,,0,37,0,30
00:11,00:11:80,37,30,7,1,2,REGULAR,76,M. SIMONOVIC,1,substitution,316,,[],out,0,11,Marko,Simonovic,Marko,Simonovic,M,S,M,S,M. Simonovic,TÜRK TELEKOM,TTK,M. Simonovic,11,,,,,,SUB,out,TÜRK TELEKOM substitution out,,,,,,,,,0,107,2.0,,0,37,0,30
00:11,00:11:80,37,30,7,1,2,REGULAR,7,B. DURMAZ,1,substitution,317,,[],in,0,3,Berkan,Durmaz,Berkan,Durmaz,B,D,B,D,B. Durmaz,TÜRK TELEKOM,TTK,B. Durmaz,3,,,,,,SUB,in,TÜRK TELEKOM substitution in,,,,,,,,,0,107,2.0,,0,37,0,30
00:11,00:11:80,37,30,7,1,2,REGULAR,87,K. ALEXANDER,1,substitution,318,,[],in,0,7,Kyle John Solomon,Alexander,Kyle John Solomon,Alexander,K,A,K,A,K. Alexander,TÜRK TELEKOM,TTK,K. Alexander,7,,,,,,SUB,in,TÜRK TELEKOM substitution in,,,,,,,,,0,107,2.0,,0,37,0,30
00:11,00:11:80,37,30,7,1,2,REGULAR,8,Y. GÜLTEKIN,1,substitution,319,,[],in,0,19,Yavuz,Gültekin,Yavuz,Gültekin,Y,G,Y,G,Y. Gültekin,TÜRK TELEKOM,TTK,Y. Gültekin,19,,,,,,SUB,in,TÜRK TELEKOM substitution in,,,,,,,,,0,107,2.0,,0,37,0,30
00:04,00:04:20,37,32,5,2,2,REGULAR,64,M. SAJUS,1,2pt,322,,"['fromturnover', 'pointsinthepaint']",layup,1,19,Martynas,Sajus,Martynas,Sajus,M,S,M,S,M. Sajus,ALIAGA PETKIM SPOR,PTK,M. Sajus,19,,,5.9299998283386,56.5,1.0,P2,made,ALIAGA PETKIM SPOR M. SAJUS 2Pt made,67.0,2.0,D. EFIANAYI JR,,,,,,2,107,2.0,score,0,37,2,32
00:04,00:04:20,37,32,5,2,2,REGULAR,67,D. EFIANAYI JR,1,assist,323,322,[],,0,4,David Tinsley Eghosa,Efianayi Jr,David Tinsley Eghosa,Efianayi Jr,D,E,D,E,D. Efianayi Jr,ALIAGA PETKIM SPOR,PTK,D. Efianayi Jr,4,,,,,,ASS,,ALIAGA PETKIM SPOR D. EFIANAYI JR assist,,,,,,,,,0,108,1.0,,0,37,0,32
00:00,00:00:00,37,32,5,0,2,REGULAR,0,,1,period,326,,['confirmed'],end,0,,,,,,,,,,,,,,,,,,,,OTHER,,period end,,,,,,,,,0,108,1.0,,0,37,0,32
10:00,10:00:00,37,32,5,1,3,REGULAR,8,Y. GÜLTEKIN,1,substitution,327,,[],out,0,19,Yavuz,Gültekin,Yavuz,Gültekin,Y,G,Y,G,Y. Gültekin,TÜRK TELEKOM,TTK,Y. Gültekin,19,,,,,,SUB,out,TÜRK TELEKOM substitution out,,,,,,,,,0,108,1.0,,0,37,0,32
10:00,10:00:00,37,32,5,1,3,REGULAR,77,J. SMITH,1,substitution,328,,[],in,0,9,Jaleen Devon,Smith,Jaleen Devon,Smith,J,S,J,S,J. Smith,TÜRK TELEKOM,TTK,J. Smith,9,,,,,,SUB,in,TÜRK TELEKOM substitution in,,,,,,,,,0,108,1.0,,0,37,0,32
10:00,10:00:00,37,32,5,2,3,REGULAR,70,U. UTOMI,1,substitution,329,,[],out,0,8,Uzodinma,Utomi,Uzodinma,Utomi,U,U,U,U,U. Utomi,ALIAGA PETKIM SPOR,PTK,U. Utomi,8,,,,,,SUB,out,ALIAGA PETKIM SPOR substitution out,,,,,,,,,0,108,1.0,,0,37,0,32
10:00,10:00:00,37,32,5,2,3,REGULAR,98,P. SCRUBB,1,substitution,330,,[],in,0,23,Philip Alexander,Scrubb,Philip Alexander,Scrubb,P,S,P,S,P. Scrubb,ALIAGA PETKIM SPOR,PTK,P. Scrubb,23,,,,,,SUB,in,ALIAGA PETKIM SPOR substitution in,,,,,,,,,0,108,1.0,,0,37,0,32
10:00,10:00:00,37,32,5,0,3,REGULAR,0,,1,period,331,,[],start,0,,,,,,,,,,,,,,,,,,,,OTHER,,period start,,,,,,,,,0,108,1.0,,0,37,0,32
09:37,09:37:00,37,32,5,1,3,REGULAR,77,J. SMITH,1,substitution,334,,[],out,0,9,Jaleen Devon,Smith,Jaleen Devon,Smith,J,S,J,S,J. Smith,TÜRK TELEKOM,TTK,J. Smith,9,,,,,,SUB,out,TÜRK TELEKOM substitution out,,,,,,,,,0,108,1.0,,0,37,0,32
09:37,09:37:00,37,32,5,1,3,REGULAR,75,K. ALLMAN,1,substitution,335,,[],in,0,1,Kyle Lindsay,Allman,Kyle Lindsay,Allman,K,A,K,A,K. Allman,TÜRK TELEKOM,TTK,K. Allman,1,,,,,,SUB,in,TÜRK TELEKOM substitution in,,,,,,,,,0,108,1.0,,0,37,0,32
09:33,09:33:00,37,32,5,2,3,REGULAR,67,D. EFIANAYI JR,0,2pt,337,,['blocked'],jumpshot,1,4,David Tinsley Eghosa,Efianayi Jr,David Tinsley Eghosa,Efianayi Jr,D,E,D,E,D. Efianayi Jr,ALIAGA PETKIM SPOR,PTK,D. Efianayi Jr,4,,,79.720001220703,61.860000610352,0.0,P2,missed,ALIAGA PETKIM SPOR D. EFIANAYI JR 2Pt missed,,,,75.0,1.0,K. ALLMAN,,,0,108,1.0,,0,37,0,32
09:33,09:33:00,37,32,5,1,3,REGULAR,75,K. ALLMAN,1,block,338,337,[],,0,1,Kyle Lindsay,Allman,Kyle Lindsay,Allman,K,A,K,A,K. Allman,TÜRK TELEKOM,TTK,K. Allman,1,,,,,,BS,,TÜRK TELEKOM K. ALLMAN block,,,,,,,,,0,108,1.0,,0,37,0,32
09:28,09:28:00,37,32,5,1,3,REGULAR,7,B. DURMAZ,1,rebound,339,337,[],defensive,0,3,Berkan,Durmaz,Berkan,Durmaz,B,D,B,D,B. Durmaz,TÜRK TELEKOM,TTK,B. Durmaz,3,,,,,,REB,,TÜRK TELEKOM rebound defensive,,,,,,,,,0,108,1.0,def_reb,0,37,0,32
09:19,09:19:00,39,32,7,1,3,REGULAR,75,K. ALLMAN,1,2pt,340,,[],jumpshot,1,1,Kyle Lindsay,Allman,Kyle Lindsay,Allman,K,A,K,A,K. Allman,TÜRK TELEKOM,TTK,K. Allman,1,,,20.75,69.48999786377,1.0,P2,made,TÜRK TELEKOM K. ALLMAN 2Pt made,5.0,1.0,D. ÖZDEMIROGLU,,,,,,2,109,2.0,score,2,39,0,32
09:19,09:19:00,39,32,7,1,3,REGULAR,5,D. ÖZDEMIROGLU,1,assist,341,340,[],,0,18,Dogus,Özdemiroglu,Dogus,Özdemiroglu,D,Ö,D,Ö,D. Özdemiroglu,TÜRK TELEKOM,TTK,D. Özdemiroglu,18,,,,,,ASS,,TÜRK TELEKOM D. ÖZDEMIROGLU assist,,,,,,,,,0,110,1.0,,0,39,0,32
09:07,09:07:00,39,32,7,2,3,REGULAR,67,D. EFIANAYI JR,1,turnover,342,,[],ballhandling,0,4,David Tinsley Eghosa,Efianayi Jr,David Tinsley Eghosa,Efianayi Jr,D,E,D,E,D. Efianayi Jr,ALIAGA PETKIM SPOR,PTK,D. Efianayi Jr,4,,,,,,TO,,ALIAGA PETKIM SPOR D. EFIANAYI JR turnover ballhandling,,,,,,,,,0,110,1.0,turnover,0,39,0,32
09:07,09:07:00,39,32,7,1,3,REGULAR,75,K. ALLMAN,1,steal,344,342,[],,0,1,Kyle Lindsay,Allman,Kyle Lindsay,Allman,K,A,K,A,K. Allman,TÜRK TELEKOM,TTK,K. Allman,1,,,,,,ST,,TÜRK TELEKOM K. ALLMAN steal,,,,,,,,,0,111,2.0,,0,39,0,32
09:05,09:05:00,39,32,7,2,3,REGULAR,42,Y. SONSIRMA,1,foul,345,,[],personal,0,9,Yunus Emre,Sonsirma,Yunus Emre,Sonsirma,Y,S,Y,S,Y. Sonsirma,ALIAGA PETKIM SPOR,PTK,Y. Sonsirma,9,,,,,,FOUL,,ALIAGA PETKIM SPOR Y. SONSIRMA foul personal,,,,,,,,,0,111,2.0,,0,39,0,32
09:05,09:05:00,39,32,7,1,3,REGULAR,5,D. ÖZDEMIROGLU,1,foulon,346,345,[],,0,18,Dogus,Özdemiroglu,Dogus,Özdemiroglu,D,Ö,D,Ö,D. Özdemiroglu,TÜRK TELEKOM,TTK,D. Özdemiroglu,18,,,,,,OTHER,,TÜRK TELEKOM foulon,,,,,,,,,0,111,2.0,,0,39,0,32
08:42,08:42:00,41,32,9,1,3,REGULAR,5,D. ÖZDEMIROGLU,1,2pt,348,,['fromturnover'],jumpshot,1,18,Dogus,Özdemiroglu,Dogus,Özdemiroglu,D,Ö,D,Ö,D. Özdemiroglu,TÜRK TELEKOM,TTK,D. Özdemiroglu,18,,,20.89999961853,51.689998626709,1.0,P2,made,TÜRK TELEKOM D. ÖZDEMIROGLU 2Pt made,,,,,,,,,2,111,2.0,score,2,41,0,32
08:26,08:26:00,41,32,9,2,3,REGULAR,67,D. EFIANAYI JR,1,turnover,349,,[],badpass,0,4,David Tinsley Eghosa,Efianayi Jr,David Tinsley Eghosa,Efianayi Jr,D,E,D,E,D. Efianayi Jr,ALIAGA PETKIM SPOR,PTK,D. Efianayi Jr,4,,,,,,TO,,ALIAGA PETKIM SPOR D. EFIANAYI JR turnover badpass,,,,,,,,,0,112,1.0,turnover,0,41,0,32
08:26,08:26:00,41,32,9,1,3,REGULAR,7,B. DURMAZ,1,steal,350,349,[],,0,3,Berkan,Durmaz,Berkan,Durmaz,B,D,B,D,B. Durmaz,TÜRK TELEKOM,TTK,B. Durmaz,3,,,,,,ST,,TÜRK TELEKOM B. DURMAZ steal,,,,,,,,,0,113,2.0,,0,41,0,32
08:22,08:22:00,41,32,9,1,3,REGULAR,5,D. ÖZDEMIROGLU,1,turnover,351,,[],badpass,0,18,Dogus,Özdemiroglu,Dogus,Özdemiroglu,D,Ö,D,Ö,D. Özdemiroglu,TÜRK TELEKOM,TTK,D. Özdemiroglu,18,,,,,,TO,,TÜRK TELEKOM D. ÖZDEMIROGLU turnover badpass,,,,,,,,,0,113,2.0,turnover,0,41,0,32
08:22,08:22:00,41,32,9,2,3,REGULAR,64,M. SAJUS,1,steal,352,351,[],,0,19,Martynas,Sajus,Martynas,Sajus,M,S,M,S,M. Sajus,ALIAGA PETKIM SPOR,PTK,M. Sajus,19,,,,,,ST,,ALIAGA PETKIM SPOR M. SAJUS steal,,,,,,,,,0,114,1.0,,0,41,0,32
08:17,08:17:00,41,32,9,2,3,REGULAR,98,P. SCRUBB,0,3pt,353,,['fromturnover'],jumpshot,1,23,Philip Alexander,Scrubb,Philip Alexander,Scrubb,P,S,P,S,P. Scrubb,ALIAGA PETKIM SPOR,PTK,P. Scrubb,23,,,73.629997253418,83.330001831055,0.0,P3,missed,ALIAGA PETKIM SPOR P. SCRUBB 3Pt missed,,,,,,,,,0,114,1.0,def_reb,0,41,0,32
08:14,08:14:00,41,32,9,1,3,REGULAR,87,K. ALEXANDER,1,rebound,354,353,[],defensive,0,7,Kyle John Solomon,Alexander,Kyle John Solomon,Alexander,K,A,K,A,K. Alexander,TÜRK TELEKOM,TTK,K. Alexander,7,,,,,,REB,,TÜRK TELEKOM rebound defensive,,,,,,,,,0,115,2.0,def_reb,0,41,0,32
08:00,08:00:00,41,32,9,1,3,REGULAR,5,D. ÖZDEMIROGLU,0,2pt,355,,['pointsinthepaint'],layup,1,18,Dogus,Özdemiroglu,Dogus,Özdemiroglu,D,Ö,D,Ö,D. Özdemiroglu,TÜRK TELEKOM,TTK,D. Özdemiroglu,18,,,7.6399998664856,53.110000610352,0.0,P2,missed,TÜRK TELEKOM D. ÖZDEMIROGLU 2Pt missed,,,,,,,,,0,116,1.0,,0,41,0,32
07:56,07:56:00,41,32,9,1,3,REGULAR,87,K. ALEXANDER,1,rebound,356,355,[],offensive,0,7,Kyle John Solomon,Alexander,Kyle John Solomon,Alexander,K,A,K,A,K. Alexander,TÜRK TELEKOM,TTK,K. Alexander,7,,,,,,REB,,TÜRK TELEKOM rebound offensive,,,,,,,,,0,116,1.0,,0,41,0,32
07:56,07:56:00,43,32,11,1,3,REGULAR,87,K. ALEXANDER,1,2pt,358,,"['2ndchance', 'pointsinthepaint']",layup,1,7,Kyle John Solomon,Alexander,Kyle John Solomon,Alexander,K,A,K,A,K. Alexander,TÜRK TELEKOM,TTK,K. Alexander,7,,,10.300000190735,51.409999847412,1.0,P2,made,TÜRK TELEKOM K. ALEXANDER 2Pt made,,,,,,,,,2,116,1.0,score,2,43,0,32
07:56,07:56:00,43,32,11,2,3,REGULAR,0,,1,timeout,359,,[],full,0,,,,,,,,,,,ALIAGA PETKIM SPOR,PTK,,,,,,,,TIMEOUT,,ALIAGA PETKIM SPOR timeout,,,,,,,,,0,117,2.0,,0,43,0,32
07:56,07:56:00,43,32,11,2,3,REGULAR,98,P. SCRUBB,1,substitution,360,,[],out,0,23,Philip Alexander,Scrubb,Philip Alexander,Scrubb,P,S,P,S,P. Scrubb,ALIAGA PETKIM SPOR,PTK,P. Scrubb,23,,,,,,SUB,out,ALIAGA PETKIM SPOR substitution out,,,,,,,,,0,117,2.0,,0,43,0,32
07:56,07:56:00,43,32,11,2,3,REGULAR,68,Y. FRANKE,1,substitution,361,,[],in,0,5,Yannick Ayrton,Franke,Yannick Ayrton,Franke,Y,F,Y,F,Y. Franke,ALIAGA PETKIM SPOR,PTK,Y. Franke,5,,,,,,SUB,in,ALIAGA PETKIM SPOR substitution in,,,,,,,,,0,117,2.0,,0,43,0,32
07:51,07:51:00,43,32,11,2,3,REGULAR,42,Y. SONSIRMA,1,foul,364,,[],offensive,0,9,Yunus Emre,Sonsirma,Yunus Emre,Sonsirma,Y,S,Y,S,Y. Sonsirma,ALIAGA PETKIM SPOR,PTK,Y. Sonsirma,9,,,,,,RFOUL,,ALIAGA PETKIM SPOR Y. SONSIRMA foul offensive,,,,,,,,,0,117,2.0,offensive_foul,0,43,0,32
07:51,07:51:00,43,32,11,2,3,REGULAR,42,Y. SONSIRMA,1,turnover,365,364,[],offensive,0,9,Yunus Emre,Sonsirma,Yunus Emre,Sonsirma,Y,S,Y,S,Y. Sonsirma,ALIAGA PETKIM SPOR,PTK,Y. Sonsirma,9,,,,,,TO,,ALIAGA PETKIM SPOR Y. SONSIRMA turnover offensive,,,,,,,,,0,118,1.0,turnover,0,43,0,32
07:51,07:51:00,43,32,11,1,3,REGULAR,75,K. ALLMAN,1,foulon,366,364,[],,0,1,Kyle Lindsay,Allman,Kyle Lindsay,Allman,K,A,K,A,K. Allman,TÜRK TELEKOM,TTK,K. Allman,1,,,,,,OTHER,,TÜRK TELEKOM foulon,,,,,,,,,0,119,2.0,,0,43,0,32
07:46,07:46:00,46,32,14,1,3,REGULAR,75,K. ALLMAN,1,3pt,368,,['fromturnover'],jumpshot,1,1,Kyle Lindsay,Allman,Kyle Lindsay,Allman,K,A,K,A,K. Allman,TÜRK TELEKOM,TTK,K. Allman,1,,,30.110000610352,28.530000686646,1.0,P3,made,TÜRK TELEKOM K. ALLMAN 3Pt made,,,,,,,,,3,119,2.0,score,3,46,0,32
07:20,07:20:00,46,32,14,2,3,REGULAR,68,Y. FRANKE,0,3pt,369,,[],jumpshot,1,5,Yannick Ayrton,Franke,Yannick Ayrton,Franke,Y,F,Y,F,Y. Franke,ALIAGA PETKIM SPOR,PTK,Y. Franke,5,,,70.199996948242,28.809999465942,0.0,P3,missed,ALIAGA PETKIM SPOR Y. FRANKE 3Pt missed,,,,,,,,,0,120,1.0,def_reb,0,46,0,32
07:17,07:17:00,46,32,14,1,3,REGULAR,5,D. ÖZDEMIROGLU,1,rebound,370,369,[],defensive,0,18,Dogus,Özdemiroglu,Dogus,Özdemiroglu,D,Ö,D,Ö,D. Özdemiroglu,TÜRK TELEKOM,TTK,D. Özdemiroglu,18,,,,,,REB,,TÜRK TELEKOM rebound defensive,,,,,,,,,0,121,2.0,def_reb,0,46,0,32
07:01,07:01:00,46,32,14,1,3,REGULAR,74,J. USHER,1,turnover,372,,[],travel,0,8,Jordan Emanuel ,Usher,Jordan Emanuel ,Usher,J,U,J,U,J. Usher,TÜRK TELEKOM,TTK,J. Usher,8,,,,,,TO,,TÜRK TELEKOM J. USHER turnover travel,,,,,,,,,0,122,1.0,turnover,0,46,0,32
06:51,06:51:00,46,32,14,2,3,REGULAR,67,D. EFIANAYI JR,1,turnover,375,,[],travel,0,4,David Tinsley Eghosa,Efianayi Jr,David Tinsley Eghosa,Efianayi Jr,D,E,D,E,D. Efianayi Jr,ALIAGA PETKIM SPOR,PTK,D. Efianayi Jr,4,,,,,,TO,,ALIAGA PETKIM SPOR D. EFIANAYI JR turnover travel,,,,,,,,,0,123,2.0,turnover,0,46,0,32
06:51,06:51:00,46,32,14,2,3,REGULAR,65,R. BLUMBERGS,1,substitution,376,,[],out,0,6,Roberts,Blumbergs,Roberts,Blumbergs,R,B,R,B,R. Blumbergs,ALIAGA PETKIM SPOR,PTK,R. Blumbergs,6,,,,,,SUB,out,ALIAGA PETKIM SPOR substitution out,,,,,,,,,0,124,1.0,,0,46,0,32
06:51,06:51:00,46,32,14,2,3,REGULAR,42,Y. SONSIRMA,1,substitution,377,,[],out,0,9,Yunus Emre,Sonsirma,Yunus Emre,Sonsirma,Y,S,Y,S,Y. Sonsirma,ALIAGA PETKIM SPOR,PTK,Y. Sonsirma,9,,,,,,SUB,out,ALIAGA PETKIM SPOR substitution out,,,,,,,,,0,124,1.0,,0,46,0,32
06:51,06:51:00,46,32,14,2,3,REGULAR,44,T. SAV,1,substitution,378,,[],in,0,15,Troy Selim,Sav,Troy Selim,Sav,T,S,T,S,T. Sav,ALIAGA PETKIM SPOR,PTK,T. Sav,15,,,,,,SUB,in,ALIAGA PETKIM SPOR substitution in,,,,,,,,,0,124,1.0,,0,46,0,32
06:51,06:51:00,46,32,14,2,3,REGULAR,98,P. SCRUBB,1,substitution,379,,[],in,0,23,Philip Alexander,Scrubb,Philip Alexander,Scrubb,P,S,P,S,P. Scrubb,ALIAGA PETKIM SPOR,PTK,P. Scrubb,23,,,,,,SUB,in,ALIAGA PETKIM SPOR substitution in,,,,,,,,,0,124,1.0,,0,46,0,32
06:32,06:32:00,46,32,14,1,3,REGULAR,74,J. USHER,0,2pt,381,,['fromturnover'],jumpshot,1,8,Jordan Emanuel ,Usher,Jordan Emanuel ,Usher,J,U,J,U,J. Usher,TÜRK TELEKOM,TTK,J. Usher,8,,,19.030000686646,76.550003051758,0.0,P2,missed,TÜRK TELEKOM J. USHER 2Pt missed,,,,,,,,,0,124,1.0,def_reb,0,46,0,32
06:29,06:29:00,46,32,14,2,3,REGULAR,44,T. SAV,1,rebound,382,381,[],defensive,0,15,Troy Selim,Sav,Troy Selim,Sav,T,S,T,S,T. Sav,ALIAGA PETKIM SPOR,PTK,T. Sav,15,,,,,,REB,,ALIAGA PETKIM SPOR rebound defensive,,,,,,,,,0,125,2.0,def_reb,0,46,0,32
06:19,06:19:00,46,35,11,2,3,REGULAR,68,Y. FRANKE,1,3pt,383,,[],jumpshot,1,5,Yannick Ayrton,Franke,Yannick Ayrton,Franke,Y,F,Y,F,Y. Franke,ALIAGA PETKIM SPOR,PTK,Y. Franke,5,,,64.269996643066,56.5,1.0,P3,made,ALIAGA PETKIM SPOR Y. FRANKE 3Pt made,,,,,,,,,3,126,1.0,score,0,46,3,35
06:01,06:01:00,46,35,11,1,3,REGULAR,75,K. ALLMAN,0,2pt,384,,[],jumpshot,1,1,Kyle Lindsay,Allman,Kyle Lindsay,Allman,K,A,K,A,K. Allman,TÜRK TELEKOM,TTK,K. Allman,1,,,22.780000686646,57.630001068115,0.0,P2,missed,TÜRK TELEKOM K. ALLMAN 2Pt missed,,,,,,,,,0,127,2.0,def_reb,0,46,0,35
05:59,05:59:00,46,35,11,1,3,REGULAR,0,,1,rebound,386,384,['team'],offensive,0,,,,,,,,,,,TÜRK TELEKOM,TTK,,,,,,,,TREB,,TÜRK TELEKOM team rebound offensive,,,,,,,,,0,128,1.0,def_reb,0,46,0,35
05:51,05:51:00,46,35,11,2,3,REGULAR,98,P. SCRUBB,1,foul,389,,[],personal,0,23,Philip Alexander,Scrubb,Philip Alexander,Scrubb,P,S,P,S,P. Scrubb,ALIAGA PETKIM SPOR,PTK,P. Scrubb,23,,,,,,FOUL,,ALIAGA PETKIM SPOR P. SCRUBB foul personal,,,,,,,,,0,129,2.0,,0,46,0,35
05:51,05:51:00,46,35,11,1,3,REGULAR,5,D. ÖZDEMIROGLU,1,foulon,390,389,[],,0,18,Dogus,Özdemiroglu,Dogus,Özdemiroglu,D,Ö,D,Ö,D. Özdemiroglu,TÜRK TELEKOM,TTK,D. Özdemiroglu,18,,,,,,OTHER,,TÜRK TELEKOM foulon,,,,,,,,,0,129,2.0,,0,46,0,35
05:51,05:51:00,46,35,11,1,3,REGULAR,87,K. ALEXANDER,1,substitution,391,,[],out,0,7,Kyle John Solomon,Alexander,Kyle John Solomon,Alexander,K,A,K,A,K. Alexander,TÜRK TELEKOM,TTK,K. Alexander,7,,,,,,SUB,out,TÜRK TELEKOM substitution out,,,,,,,,,0,129,2.0,,0,46,0,35
05:51,05:51:00,46,35,11,1,3,REGULAR,78,K. BANKSTON,1,substitution,392,,[],in,0,30,Kristeon Lamar,Bankston,Kristeon Lamar,Bankston,K,B,K,B,K. Bankston,TÜRK TELEKOM,TTK,K. Bankston,30,,,,,,SUB,in,TÜRK TELEKOM substitution in,,,,,,,,,0,129,2.0,,0,46,0,35
05:44,05:44:00,46,35,11,1,3,REGULAR,5,D. ÖZDEMIROGLU,0,3pt,394,,['2ndchance'],jumpshot,1,18,Dogus,Özdemiroglu,Dogus,Özdemiroglu,D,Ö,D,Ö,D. Özdemiroglu,TÜRK TELEKOM,TTK,D. Özdemiroglu,18,,,31.670000076294,52.259998321533,0.0,P3,missed,TÜRK TELEKOM D. ÖZDEMIROGLU 3Pt missed,,,,,,,,,0,129,2.0,def_reb,0,46,0,35
05:41,05:41:00,46,35,11,2,3,REGULAR,44,T. SAV,1,rebound,395,394,[],defensive,0,15,Troy Selim,Sav,Troy Selim,Sav,T,S,T,S,T. Sav,ALIAGA PETKIM SPOR,PTK,T. Sav,15,,,,,,REB,,ALIAGA PETKIM SPOR rebound defensive,,,,,,,,,0,130,1.0,def_reb,0,46,0,35
05:33,05:33:00,46,35,11,2,3,REGULAR,44,T. SAV,1,turnover,396,,[],badpass,0,15,Troy Selim,Sav,Troy Selim,Sav,T,S,T,S,T. Sav,ALIAGA PETKIM SPOR,PTK,T. Sav,15,,,,,,TO,,ALIAGA PETKIM SPOR T. SAV turnover badpass,,,,,,,,,0,131,2.0,turnover,0,46,0,35
05:33,05:33:00,46,35,11,1,3,REGULAR,5,D. ÖZDEMIROGLU,1,steal,397,396,[],,0,18,Dogus,Özdemiroglu,Dogus,Özdemiroglu,D,Ö,D,Ö,D. Özdemiroglu,TÜRK TELEKOM,TTK,D. Özdemiroglu,18,,,,,,ST,,TÜRK TELEKOM D. ÖZDEMIROGLU steal,,,,,,,,,0,132,1.0,,0,46,0,35
05:30,05:30:00,46,35,11,2,3,REGULAR,67,D. EFIANAYI JR,1,foul,399,,['2freethrow'],unsportsmanlike,0,4,David Tinsley Eghosa,Efianayi Jr,David Tinsley Eghosa,Efianayi Jr,D,E,D,E,D. Efianayi Jr,ALIAGA PETKIM SPOR,PTK,D. Efianayi Jr,4,,,,,,FOUL,,ALIAGA PETKIM SPOR D. EFIANAYI JR foul unsportsmanlike,,,,,,,,,0,132,1.0,,0,46,0,35
05:30,05:30:00,46,35,11,1,3,REGULAR,5,D. ÖZDEMIROGLU,1,foulon,400,399,[],,0,18,Dogus,Özdemiroglu,Dogus,Özdemiroglu,D,Ö,D,Ö,D. Özdemiroglu,TÜRK TELEKOM,TTK,D. Özdemiroglu,18,,,,,,OTHER,,TÜRK TELEKOM foulon,,,,,,,,,0,132,1.0,,0,46,0,35
05:30,05:30:00,47,35,12,1,3,REGULAR,5,D. ÖZDEMIROGLU,1,freethrow,401,,"['fastbreak', 'fromturnover']",1of2,1,18,Dogus,Özdemiroglu,Dogus,Özdemiroglu,D,Ö,D,Ö,D. Özdemiroglu,TÜRK TELEKOM,TTK,D. Özdemiroglu,18,,,,,,FT,made,TÜRK TELEKOM D. ÖZDEMIROGLU FT 1of2 made,,,,,,,,,1,132,1.0,made_ft,1,47,0,35
05:30,05:30:00,48,35,13,1,3,REGULAR,5,D. ÖZDEMIROGLU,1,freethrow,402,,"['fastbreak', 'fromturnover']",2of2,1,18,Dogus,Özdemiroglu,Dogus,Özdemiroglu,D,Ö,D,Ö,D. Özdemiroglu,TÜRK TELEKOM,TTK,D. Özdemiroglu,18,,,,,,FT,made,TÜRK TELEKOM D. ÖZDEMIROGLU FT 2of2 made,,,,,,,,,1,133,2.0,made_ft_last,1,48,0,35
05:23,05:23:00,51,35,16,1,3,REGULAR,75,K. ALLMAN,1,3pt,404,,[],jumpshot,1,1,Kyle Lindsay,Allman,Kyle Lindsay,Allman,K,A,K,A,K. Allman,TÜRK TELEKOM,TTK,K. Allman,1,,,32.139999389648,48.020000457764,1.0,P3,made,TÜRK TELEKOM K. ALLMAN 3Pt made,,,,,,,,,3,134,1.0,score,3,51,0,35
05:04,05:04:00,51,35,16,2,3,REGULAR,68,Y. FRANKE,1,turnover,405,,[],badpass,0,5,Yannick Ayrton,Franke,Yannick Ayrton,Franke,Y,F,Y,F,Y. Franke,ALIAGA PETKIM SPOR,PTK,Y. Franke,5,,,,,,TO,,ALIAGA PETKIM SPOR Y. FRANKE turnover badpass,,,,,,,,,0,135,2.0,turnover,0,51,0,35
05:04,05:04:00,51,35,16,1,3,REGULAR,5,D. ÖZDEMIROGLU,1,steal,406,405,[],,0,18,Dogus,Özdemiroglu,Dogus,Özdemiroglu,D,Ö,D,Ö,D. Özdemiroglu,TÜRK TELEKOM,TTK,D. Özdemiroglu,18,,,,,,ST,,TÜRK TELEKOM D. ÖZDEMIROGLU steal,,,,,,,,,0,136,1.0,,0,51,0,35
05:01,05:01:00,51,35,16,2,3,REGULAR,64,M. SAJUS,1,foul,408,,['2freethrow'],personal,0,19,Martynas,Sajus,Martynas,Sajus,M,S,M,S,M. Sajus,ALIAGA PETKIM SPOR,PTK,M. Sajus,19,,,,,,FOUL,,ALIAGA PETKIM SPOR M. SAJUS foul personal,,,,,,,,,0,136,1.0,,0,51,0,35
05:01,05:01:00,51,35,16,1,3,REGULAR,5,D. ÖZDEMIROGLU,1,foulon,409,408,[],,0,18,Dogus,Özdemiroglu,Dogus,Özdemiroglu,D,Ö,D,Ö,D. Özdemiroglu,TÜRK TELEKOM,TTK,D. Özdemiroglu,18,,,,,,OTHER,,TÜRK TELEKOM foulon,,,,,,,,,0,136,1.0,,0,51,0,35
05:01,05:01:00,52,35,17,1,3,REGULAR,5,D. ÖZDEMIROGLU,1,freethrow,410,,['fromturnover'],1of2,1,18,Dogus,Özdemiroglu,Dogus,Özdemiroglu,D,Ö,D,Ö,D. Özdemiroglu,TÜRK TELEKOM,TTK,D. Özdemiroglu,18,,,,,,FT,made,TÜRK TELEKOM D. ÖZDEMIROGLU FT 1of2 made,,,,,,,,,1,136,1.0,made_ft,1,52,0,35
05:01,05:01:00,53,35,18,1,3,REGULAR,5,D. ÖZDEMIROGLU,1,freethrow,411,,['fromturnover'],2of2,1,18,Dogus,Özdemiroglu,Dogus,Özdemiroglu,D,Ö,D,Ö,D. Özdemiroglu,TÜRK TELEKOM,TTK,D. Özdemiroglu,18,,,,,,FT,made,TÜRK TELEKOM D. ÖZDEMIROGLU FT 2of2 made,,,,,,,,,1,137,2.0,made_ft_last,1,53,0,35
05:01,05:01:00,53,35,18,1,3,REGULAR,5,D. ÖZDEMIROGLU,1,substitution,412,,[],out,0,18,Dogus,Özdemiroglu,Dogus,Özdemiroglu,D,Ö,D,Ö,D. Özdemiroglu,TÜRK TELEKOM,TTK,D. Özdemiroglu,18,,,,,,SUB,out,TÜRK TELEKOM substitution out,,,,,,,,,0,138,1.0,,0,53,0,35
05:01,05:01:00,53,35,18,1,3,REGULAR,77,J. SMITH,1,substitution,413,,[],in,0,9,Jaleen Devon,Smith,Jaleen Devon,Smith,J,S,J,S,J. Smith,TÜRK TELEKOM,TTK,J. Smith,9,,,,,,SUB,in,TÜRK TELEKOM substitution in,,,,,,,,,0,138,1.0,,0,53,0,35
04:40,04:40:00,53,35,18,2,3,REGULAR,44,T. SAV,0,2pt,415,,['pointsinthepaint'],floatingjumpshot,1,15,Troy Selim,Sav,Troy Selim,Sav,T,S,T,S,T. Sav,ALIAGA PETKIM SPOR,PTK,T. Sav,15,,,92.040000915527,51.979999542236,0.0,P2,missed,ALIAGA PETKIM SPOR T. SAV 2Pt missed,,,,,,,,,0,138,1.0,def_reb,0,53,0,35
04:37,04:37:00,53,35,18,1,3,REGULAR,78,K. BANKSTON,1,rebound,416,415,[],defensive,0,30,Kristeon Lamar,Bankston,Kristeon Lamar,Bankston,K,B,K,B,K. Bankston,TÜRK TELEKOM,TTK,K. Bankston,30,,,,,,REB,,TÜRK TELEKOM rebound defensive,,,,,,,,,0,139,2.0,def_reb,0,53,0,35
04:30,04:30:00,55,35,20,1,3,REGULAR,75,K. ALLMAN,1,2pt,417,,['pointsinthepaint'],layup,1,1,Kyle Lindsay,Allman,Kyle Lindsay,Allman,K,A,K,A,K. Allman,TÜRK TELEKOM,TTK,K. Allman,1,,,7.3299999237061,46.889999389648,1.0,P2,made,TÜRK TELEKOM K. ALLMAN 2Pt made,,,,,,,,,2,140,1.0,score,2,55,0,35
04:24,04:24:00,55,35,20,1,3,REGULAR,75,K. ALLMAN,1,foul,419,,[],personal,0,1,Kyle Lindsay,Allman,Kyle Lindsay,Allman,K,A,K,A,K. Allman,TÜRK TELEKOM,TTK,K. Allman,1,,,,,,FOUL,,TÜRK TELEKOM K. ALLMAN foul personal,,,,,,,,,0,141,2.0,,0,55,0,35
04:24,04:24:00,55,35,20,2,3,REGULAR,98,P. SCRUBB,1,foulon,420,419,[],,0,23,Philip Alexander,Scrubb,Philip Alexander,Scrubb,P,S,P,S,P. Scrubb,ALIAGA PETKIM SPOR,PTK,P. Scrubb,23,,,,,,OTHER,,ALIAGA PETKIM SPOR foulon,,,,,,,,,0,141,2.0,,0,55,0,35
04:24,04:24:00,55,35,20,2,3,REGULAR,98,P. SCRUBB,1,substitution,421,,[],out,0,23,Philip Alexander,Scrubb,Philip Alexander,Scrubb,P,S,P,S,P. Scrubb,ALIAGA PETKIM SPOR,PTK,P. Scrubb,23,,,,,,SUB,out,ALIAGA PETKIM SPOR substitution out,,,,,,,,,0,141,2.0,,0,55,0,35
04:24,04:24:00,55,35,20,2,3,REGULAR,42,Y. SONSIRMA,1,substitution,422,,[],in,0,9,Yunus Emre,Sonsirma,Yunus Emre,Sonsirma,Y,S,Y,S,Y. Sonsirma,ALIAGA PETKIM SPOR,PTK,Y. Sonsirma,9,,,,,,SUB,in,ALIAGA PETKIM SPOR substitution in,,,,,,,,,0,141,2.0,,0,55,0,35
04:24,04:24:00,55,35,20,2,3,REGULAR,44,T. SAV,1,substitution,423,,[],out,0,15,Troy Selim,Sav,Troy Selim,Sav,T,S,T,S,T. Sav,ALIAGA PETKIM SPOR,PTK,T. Sav,15,,,,,,SUB,out,ALIAGA PETKIM SPOR substitution out,,,,,,,,,0,141,2.0,,0,55,0,35
04:24,04:24:00,55,35,20,2,3,REGULAR,70,U. UTOMI,1,substitution,424,,[],in,0,8,Uzodinma,Utomi,Uzodinma,Utomi,U,U,U,U,U. Utomi,ALIAGA PETKIM SPOR,PTK,U. Utomi,8,,,,,,SUB,in,ALIAGA PETKIM SPOR substitution in,,,,,,,,,0,141,2.0,,0,55,0,35
04:19,04:19:00,55,35,20,1,3,REGULAR,77,J. SMITH,1,foul,427,,[],personal,0,9,Jaleen Devon,Smith,Jaleen Devon,Smith,J,S,J,S,J. Smith,TÜRK TELEKOM,TTK,J. Smith,9,,,,,,FOUL,,TÜRK TELEKOM J. SMITH foul personal,,,,,,,,,0,141,2.0,,0,55,0,35
04:19,04:19:00,55,35,20,2,3,REGULAR,67,D. EFIANAYI JR,1,foulon,428,427,[],,0,4,David Tinsley Eghosa,Efianayi Jr,David Tinsley Eghosa,Efianayi Jr,D,E,D,E,D. Efianayi Jr,ALIAGA PETKIM SPOR,PTK,D. Efianayi Jr,4,,,,,,OTHER,,ALIAGA PETKIM SPOR foulon,,,,,,,,,0,141,2.0,,0,55,0,35
04:15,04:15:00,55,38,17,2,3,REGULAR,68,Y. FRANKE,1,3pt,430,,[],jumpshot,1,5,Yannick Ayrton,Franke,Yannick Ayrton,Franke,Y,F,Y,F,Y. Franke,ALIAGA PETKIM SPOR,PTK,Y. Franke,5,,,77.849998474121,92.940002441406,1.0,P3,made,ALIAGA PETKIM SPOR Y. FRANKE 3Pt made,42.0,2.0,Y. SONSIRMA,,,,,,3,141,2.0,score,0,55,3,38
04:15,04:15:00,55,38,17,2,3,REGULAR,42,Y. SONSIRMA,1,assist,431,430,[],,0,9,Yunus Emre,Sonsirma,Yunus Emre,Sonsirma,Y,S,Y,S,Y. Sonsirma,ALIAGA PETKIM SPOR,PTK,Y. Sonsirma,9,,,,,,ASS,,ALIAGA PETKIM SPOR Y. SONSIRMA assist,,,,,,,,,0,142,1.0,,0,55,0,38
04:06,04:06:00,55,38,17,2,3,REGULAR,67,D. EFIANAYI JR,1,foul,433,,['2freethrow'],personal,0,4,David Tinsley Eghosa,Efianayi Jr,David Tinsley Eghosa,Efianayi Jr,D,E,D,E,D. Efianayi Jr,ALIAGA PETKIM SPOR,PTK,D. Efianayi Jr,4,,,,,,FOUL,,ALIAGA PETKIM SPOR D. EFIANAYI JR foul personal,,,,,,,,,0,142,1.0,,0,55,0,38
04:06,04:06:00,55,38,17,1,3,REGULAR,75,K. ALLMAN,1,foulon,434,433,[],,0,1,Kyle Lindsay,Allman,Kyle Lindsay,Allman,K,A,K,A,K. Allman,TÜRK TELEKOM,TTK,K. Allman,1,,,,,,OTHER,,TÜRK TELEKOM foulon,,,,,,,,,0,142,1.0,,0,55,0,38
04:06,04:06:00,55,38,17,1,3,REGULAR,74,J. USHER,1,substitution,435,,[],out,0,8,Jordan Emanuel ,Usher,Jordan Emanuel ,Usher,J,U,J,U,J. Usher,TÜRK TELEKOM,TTK,J. Usher,8,,,,,,SUB,out,TÜRK TELEKOM substitution out,,,,,,,,,0,142,1.0,,0,55,0,38
04:06,04:06:00,55,38,17,1,3,REGULAR,8,Y. GÜLTEKIN,1,substitution,436,,[],in,0,19,Yavuz,Gültekin,Yavuz,Gültekin,Y,G,Y,G,Y. Gültekin,TÜRK TELEKOM,TTK,Y. Gültekin,19,,,,,,SUB,in,TÜRK TELEKOM substitution in,,,,,,,,,0,142,1.0,,0,55,0,38
04:06,04:06:00,56,38,18,1,3,REGULAR,75,K. ALLMAN,1,freethrow,437,,[],1of2,1,1,Kyle Lindsay,Allman,Kyle Lindsay,Allman,K,A,K,A,K. Allman,TÜRK TELEKOM,TTK,K. Allman,1,,,,,,FT,made,TÜRK TELEKOM K. ALLMAN FT 1of2 made,,,,,,,,,1,142,1.0,made_ft,1,56,0,38
04:06,04:06:00,57,38,19,1,3,REGULAR,75,K. ALLMAN,1,freethrow,438,,[],2of2,1,1,Kyle Lindsay,Allman,Kyle Lindsay,Allman,K,A,K,A,K. Allman,TÜRK TELEKOM,TTK,K. Allman,1,,,,,,FT,made,TÜRK TELEKOM K. ALLMAN FT 2of2 made,,,,,,,,,1,143,2.0,made_ft_last,1,57,0,38
03:44,03:44:00,57,38,19,2,3,REGULAR,70,U. UTOMI,0,2pt,440,,[],jumpshot,1,8,Uzodinma,Utomi,Uzodinma,Utomi,U,U,U,U,U. Utomi,ALIAGA PETKIM SPOR,PTK,U. Utomi,8,,,84.870002746582,78.25,0.0,P2,missed,ALIAGA PETKIM SPOR U. UTOMI 2Pt missed,,,,,,,,,0,144,1.0,,0,57,0,38
03:41,03:41:00,57,38,19,2,3,REGULAR,42,Y. SONSIRMA,1,rebound,441,440,[],offensive,0,9,Yunus Emre,Sonsirma,Yunus Emre,Sonsirma,Y,S,Y,S,Y. Sonsirma,ALIAGA PETKIM SPOR,PTK,Y. Sonsirma,9,,,,,,REB,,ALIAGA PETKIM SPOR rebound offensive,,,,,,,,,0,144,1.0,,0,57,0,38
03:39,03:39:00,57,38,19,2,3,REGULAR,67,D. EFIANAYI JR,0,3pt,442,,['2ndchance'],jumpshot,1,4,David Tinsley Eghosa,Efianayi Jr,David Tinsley Eghosa,Efianayi Jr,D,E,D,E,D. Efianayi Jr,ALIAGA PETKIM SPOR,PTK,D. Efianayi Jr,4,,,68.019996643066,66.669998168945,0.0,P3,missed,ALIAGA PETKIM SPOR D. EFIANAYI JR 3Pt missed,,,,,,,,,0,144,1.0,def_reb,0,57,0,38
03:36,03:36:00,57,38,19,1,3,REGULAR,7,B. DURMAZ,1,rebound,443,442,[],defensive,0,3,Berkan,Durmaz,Berkan,Durmaz,B,D,B,D,B. Durmaz,TÜRK TELEKOM,TTK,B. Durmaz,3,,,,,,REB,,TÜRK TELEKOM rebound defensive,,,,,,,,,0,145,2.0,def_reb,0,57,0,38
03:34,03:34:00,57,38,19,1,3,REGULAR,75,K. ALLMAN,1,turnover,444,,[],badpass,0,1,Kyle Lindsay,Allman,Kyle Lindsay,Allman,K,A,K,A,K. Allman,TÜRK TELEKOM,TTK,K. Allman,1,,,,,,TO,,TÜRK TELEKOM K. ALLMAN turnover badpass,,,,,,,,,0,146,1.0,turnover,0,57,0,38
03:34,03:34:00,57,38,19,2,3,REGULAR,64,M. SAJUS,1,steal,445,444,[],,0,19,Martynas,Sajus,Martynas,Sajus,M,S,M,S,M. Sajus,ALIAGA PETKIM SPOR,PTK,M. Sajus,19,,,,,,ST,,ALIAGA PETKIM SPOR M. SAJUS steal,,,,,,,,,0,147,2.0,,0,57,0,38
03:31,03:31:00,57,38,19,1,3,REGULAR,77,J. SMITH,1,foul,447,,[],personal,0,9,Jaleen Devon,Smith,Jaleen Devon,Smith,J,S,J,S,J. Smith,TÜRK TELEKOM,TTK,J. Smith,9,,,,,,FOUL,,TÜRK TELEKOM J. SMITH foul personal,,,,,,,,,0,147,2.0,,0,57,0,38
03:31,03:31:00,57,38,19,2,3,REGULAR,42,Y. SONSIRMA,1,foulon,448,447,[],,0,9,Yunus Emre,Sonsirma,Yunus Emre,Sonsirma,Y,S,Y,S,Y. Sonsirma,ALIAGA PETKIM SPOR,PTK,Y. Sonsirma,9,,,,,,OTHER,,ALIAGA PETKIM SPOR foulon,,,,,,,,,0,147,2.0,,0,57,0,38
03:31,03:31:00,57,38,19,1,3,REGULAR,7,B. DURMAZ,1,substitution,449,,[],out,0,3,Berkan,Durmaz,Berkan,Durmaz,B,D,B,D,B. Durmaz,TÜRK TELEKOM,TTK,B. Durmaz,3,,,,,,SUB,out,TÜRK TELEKOM substitution out,,,,,,,,,0,147,2.0,,0,57,0,38
03:31,03:31:00,57,38,19,1,3,REGULAR,76,M. SIMONOVIC,1,substitution,450,,[],in,0,11,Marko,Simonovic,Marko,Simonovic,M,S,M,S,M. Simonovic,TÜRK TELEKOM,TTK,M. Simonovic,11,,,,,,SUB,in,TÜRK TELEKOM substitution in,,,,,,,,,0,147,2.0,,0,57,0,38
03:31,03:31:00,57,38,19,2,3,REGULAR,67,D. EFIANAYI JR,1,substitution,451,,[],out,0,4,David Tinsley Eghosa,Efianayi Jr,David Tinsley Eghosa,Efianayi Jr,D,E,D,E,D. Efianayi Jr,ALIAGA PETKIM SPOR,PTK,D. Efianayi Jr,4,,,,,,SUB,out,ALIAGA PETKIM SPOR substitution out,,,,,,,,,0,147,2.0,,0,57,0,38
03:31,03:31:00,57,38,19,2,3,REGULAR,64,M. SAJUS,1,substitution,452,,[],out,0,19,Martynas,Sajus,Martynas,Sajus,M,S,M,S,M. Sajus,ALIAGA PETKIM SPOR,PTK,M. Sajus,19,,,,,,SUB,out,ALIAGA PETKIM SPOR substitution out,,,,,,,,,0,147,2.0,,0,57,0,38
03:31,03:31:00,57,38,19,2,3,REGULAR,66,J. FLOYD,1,substitution,453,,[],in,0,20,Jehyve Jamal,Floyd,Jehyve Jamal,Floyd,J,F,J,F,J. Floyd,ALIAGA PETKIM SPOR,PTK,J. Floyd,20,,,,,,SUB,in,ALIAGA PETKIM SPOR substitution in,,,,,,,,,0,147,2.0,,0,57,0,38
03:31,03:31:00,57,38,19,2,3,REGULAR,98,P. SCRUBB,1,substitution,454,,[],in,0,23,Philip Alexander,Scrubb,Philip Alexander,Scrubb,P,S,P,S,P. Scrubb,ALIAGA PETKIM SPOR,PTK,P. Scrubb,23,,,,,,SUB,in,ALIAGA PETKIM SPOR substitution in,,,,,,,,,0,147,2.0,,0,57,0,38
03:24,03:24:00,57,41,16,2,3,REGULAR,42,Y. SONSIRMA,1,3pt,456,,['fromturnover'],jumpshot,1,9,Yunus Emre,Sonsirma,Yunus Emre,Sonsirma,Y,S,Y,S,Y. Sonsirma,ALIAGA PETKIM SPOR,PTK,Y. Sonsirma,9,,,80.809997558594,93.790000915527,1.0,P3,made,ALIAGA PETKIM SPOR Y. SONSIRMA 3Pt made,66.0,2.0,J. FLOYD,,,,,,3,147,2.0,score,0,57,3,41
03:24,03:24:00,57,41,16,2,3,REGULAR,66,J. FLOYD,1,assist,457,456,[],,0,20,Jehyve Jamal,Floyd,Jehyve Jamal,Floyd,J,F,J,F,J. Floyd,ALIAGA PETKIM SPOR,PTK,J. Floyd,20,,,,,,ASS,,ALIAGA PETKIM SPOR J. FLOYD assist,,,,,,,,,0,148,1.0,,0,57,0,41
03:10,03:10:00,57,41,16,2,3,REGULAR,42,Y. SONSIRMA,1,foul,459,,['2freethrow'],personal,0,9,Yunus Emre,Sonsirma,Yunus Emre,Sonsirma,Y,S,Y,S,Y. Sonsirma,ALIAGA PETKIM SPOR,PTK,Y. Sonsirma,9,,,,,,FOUL,,ALIAGA PETKIM SPOR Y. SONSIRMA foul personal,,,,,,,,,0,148,1.0,,0,57,0,41
03:10,03:10:00,57,41,16,1,3,REGULAR,75,K. ALLMAN,1,foulon,460,459,[],,0,1,Kyle Lindsay,Allman,Kyle Lindsay,Allman,K,A,K,A,K. Allman,TÜRK TELEKOM,TTK,K. Allman,1,,,,,,OTHER,,TÜRK TELEKOM foulon,,,,,,,,,0,148,1.0,,0,57,0,41
03:10,03:10:00,57,41,16,1,3,REGULAR,75,K. ALLMAN,0,freethrow,461,,[],1of2,1,1,Kyle Lindsay,Allman,Kyle Lindsay,Allman,K,A,K,A,K. Allman,TÜRK TELEKOM,TTK,K. Allman,1,,,,,,FT,missed,TÜRK TELEKOM K. ALLMAN FT 1of2 missed,,,,,,,,,0,148,1.0,def_reb,0,57,0,41
03:10,03:10:00,57,41,16,1,3,REGULAR,0,,1,rebound,462,461,[],offensivedeadball,0,,,,,,,,,,,TÜRK TELEKOM,TTK,,,,,,,,TREB,,TÜRK TELEKOM team rebound offensivedeadball,,,,,,,,,0,149,2.0,def_reb,0,57,0,41
03:10,03:10:00,58,41,17,1,3,REGULAR,75,K. ALLMAN,1,freethrow,463,,[],2of2,1,1,Kyle Lindsay,Allman,Kyle Lindsay,Allman,K,A,K,A,K. Allman,TÜRK TELEKOM,TTK,K. Allman,1,,,,,,FT,made,TÜRK TELEKOM K. ALLMAN FT 2of2 made,,,,,,,,,1,150,1.0,made_ft_last,1,58,0,41
03:10,03:10:00,58,41,17,1,3,REGULAR,75,K. ALLMAN,1,substitution,464,,[],out,0,1,Kyle Lindsay,Allman,Kyle Lindsay,Allman,K,A,K,A,K. Allman,TÜRK TELEKOM,TTK,K. Allman,1,,,,,,SUB,out,TÜRK TELEKOM substitution out,,,,,,,,,0,151,2.0,,0,58,0,41
03:10,03:10:00,58,41,17,1,3,REGULAR,3,A. KAHRAMAN,1,substitution,465,,[],in,0,6,Ata,Kahraman,Ata,Kahraman,A,K,A,K,A. Kahraman,TÜRK TELEKOM,TTK,A. Kahraman,6,,,,,,SUB,in,TÜRK TELEKOM substitution in,,,,,,,,,0,151,2.0,,0,58,0,41
03:02,03:02:00,58,41,17,1,3,REGULAR,76,M. SIMONOVIC,1,foul,468,,[],personal,0,11,Marko,Simonovic,Marko,Simonovic,M,S,M,S,M. Simonovic,TÜRK TELEKOM,TTK,M. Simonovic,11,,,,,,FOUL,,TÜRK TELEKOM M. SIMONOVIC foul personal,,,,,,,,,0,151,2.0,,0,58,0,41
03:02,03:02:00,58,41,17,2,3,REGULAR,42,Y. SONSIRMA,1,foulon,469,468,[],,0,9,Yunus Emre,Sonsirma,Yunus Emre,Sonsirma,Y,S,Y,S,Y. Sonsirma,ALIAGA PETKIM SPOR,PTK,Y. Sonsirma,9,,,,,,OTHER,,ALIAGA PETKIM SPOR foulon,,,,,,,,,0,151,2.0,,0,58,0,41
02:56,02:56:00,58,43,15,2,3,REGULAR,98,P. SCRUBB,1,2pt,471,,['pointsinthepaint'],layup,1,23,Philip Alexander,Scrubb,Philip Alexander,Scrubb,P,S,P,S,P. Scrubb,ALIAGA PETKIM SPOR,PTK,P. Scrubb,23,,,92.980003356934,47.180000305176,1.0,P2,made,ALIAGA PETKIM SPOR P. SCRUBB 2Pt made,,,,,,,,,2,151,2.0,score,0,58,2,43
02:37,02:37:00,58,43,15,1,3,REGULAR,8,Y. GÜLTEKIN,0,3pt,472,,[],jumpshot,1,19,Yavuz,Gültekin,Yavuz,Gültekin,Y,G,Y,G,Y. Gültekin,TÜRK TELEKOM,TTK,Y. Gültekin,19,,,22.0,90.680000305176,0.0,P3,missed,TÜRK TELEKOM Y. GÜLTEKIN 3Pt missed,,,,,,,,,0,152,1.0,def_reb,0,58,0,43
02:33,02:33:00,58,43,15,2,3,REGULAR,42,Y. SONSIRMA,1,rebound,473,472,[],defensive,0,9,Yunus Emre,Sonsirma,Yunus Emre,Sonsirma,Y,S,Y,S,Y. Sonsirma,ALIAGA PETKIM SPOR,PTK,Y. Sonsirma,9,,,,,,REB,,ALIAGA PETKIM SPOR rebound defensive,,,,,,,,,0,153,2.0,def_reb,0,58,0,43
02:17,02:17:00,58,43,15,2,3,REGULAR,42,Y. SONSIRMA,0,3pt,474,,[],jumpshot,1,9,Yunus Emre,Sonsirma,Yunus Emre,Sonsirma,Y,S,Y,S,Y. Sonsirma,ALIAGA PETKIM SPOR,PTK,Y. Sonsirma,9,,,68.949996948242,79.940002441406,0.0,P3,missed,ALIAGA PETKIM SPOR Y. SONSIRMA 3Pt missed,,,,,,,,,0,154,1.0,def_reb,0,58,0,43
02:14,02:14:00,58,43,15,1,3,REGULAR,8,Y. GÜLTEKIN,1,rebound,475,474,[],defensive,0,19,Yavuz,Gültekin,Yavuz,Gültekin,Y,G,Y,G,Y. Gültekin,TÜRK TELEKOM,TTK,Y. Gültekin,19,,,,,,REB,,TÜRK TELEKOM rebound defensive,,,,,,,,,0,155,2.0,def_reb,0,58,0,43
01:56,01:56:00,60,43,17,1,3,REGULAR,78,K. BANKSTON,1,2pt,476,,['pointsinthepaint'],dunk,1,30,Kristeon Lamar,Bankston,Kristeon Lamar,Bankston,K,B,K,B,K. Bankston,TÜRK TELEKOM,TTK,K. Bankston,30,,,7.8000001907349,50.849998474121,1.0,P2,made,TÜRK TELEKOM K. BANKSTON 2Pt made,76.0,1.0,M. SIMONOVIC,,,,,,2,156,1.0,score,2,60,0,43
01:56,01:56:00,60,43,17,1,3,REGULAR,76,M. SIMONOVIC,1,assist,477,476,[],,0,11,Marko,Simonovic,Marko,Simonovic,M,S,M,S,M. Simonovic,TÜRK TELEKOM,TTK,M. Simonovic,11,,,,,,ASS,,TÜRK TELEKOM M. SIMONOVIC assist,,,,,,,,,0,157,2.0,,0,60,0,43
01:43,01:43:00,60,45,15,2,3,REGULAR,66,J. FLOYD,1,2pt,478,,['pointsinthepaint'],layup,1,20,Jehyve Jamal,Floyd,Jehyve Jamal,Floyd,J,F,J,F,J. Floyd,ALIAGA PETKIM SPOR,PTK,J. Floyd,20,,,92.669998168945,57.630001068115,1.0,P2,made,ALIAGA PETKIM SPOR J. FLOYD 2Pt made,42.0,2.0,Y. SONSIRMA,,,,,,2,157,2.0,score,0,60,2,45
01:43,01:43:00,60,45,15,2,3,REGULAR,42,Y. SONSIRMA,1,assist,479,478,[],,0,9,Yunus Emre,Sonsirma,Yunus Emre,Sonsirma,Y,S,Y,S,Y. Sonsirma,ALIAGA PETKIM SPOR,PTK,Y. Sonsirma,9,,,,,,ASS,,ALIAGA PETKIM SPOR Y. SONSIRMA assist,,,,,,,,,0,158,1.0,,0,60,0,45
01:24,01:24:00,60,45,15,1,3,REGULAR,77,J. SMITH,1,turnover,480,,[],badpass,0,9,Jaleen Devon,Smith,Jaleen Devon,Smith,J,S,J,S,J. Smith,TÜRK TELEKOM,TTK,J. Smith,9,,,,,,TO,,TÜRK TELEKOM J. SMITH turnover badpass,,,,,,,,,0,158,1.0,turnover,0,60,0,45
01:24,01:24:00,60,45,15,2,3,REGULAR,66,J. FLOYD,1,steal,481,480,[],,0,20,Jehyve Jamal,Floyd,Jehyve Jamal,Floyd,J,F,J,F,J. Floyd,ALIAGA PETKIM SPOR,PTK,J. Floyd,20,,,,,,ST,,ALIAGA PETKIM SPOR J. FLOYD steal,,,,,,,,,0,159,2.0,,0,60,0,45
01:17,01:17:00,60,48,12,2,3,REGULAR,68,Y. FRANKE,1,3pt,482,,"['fromturnover', 'fastbreak']",jumpshot,1,5,Yannick Ayrton,Franke,Yannick Ayrton,Franke,Y,F,Y,F,Y. Franke,ALIAGA PETKIM SPOR,PTK,Y. Franke,5,,,76.290000915527,89.269996643066,1.0,P3,made,ALIAGA PETKIM SPOR Y. FRANKE 3Pt made,98.0,2.0,P. SCRUBB,,,,,,3,159,2.0,score,0,60,3,48
01:17,01:17:00,60,48,12,2,3,REGULAR,98,P. SCRUBB,1,assist,484,482,[],,0,23,Philip Alexander,Scrubb,Philip Alexander,Scrubb,P,S,P,S,P. Scrubb,ALIAGA PETKIM SPOR,PTK,P. Scrubb,23,,,,,,ASS,,ALIAGA PETKIM SPOR P. SCRUBB assist,,,,,,,,,0,160,1.0,,0,60,0,48
01:14,01:14:00,60,48,12,1,3,REGULAR,0,,1,timeout,485,,[],full,0,,,,,,,,,,,TÜRK TELEKOM,TTK,,,,,,,,TIMEOUT,,TÜRK TELEKOM timeout,,,,,,,,,0,160,1.0,,0,60,0,48
01:14,01:14:00,60,48,12,1,3,REGULAR,3,A. KAHRAMAN,1,substitution,486,,[],out,0,6,Ata,Kahraman,Ata,Kahraman,A,K,A,K,A. Kahraman,TÜRK TELEKOM,TTK,A. Kahraman,6,,,,,,SUB,out,TÜRK TELEKOM substitution out,,,,,,,,,0,160,1.0,,0,60,0,48
01:14,01:14:00,60,48,12,1,3,REGULAR,77,J. SMITH,1,substitution,487,,[],out,0,9,Jaleen Devon,Smith,Jaleen Devon,Smith,J,S,J,S,J. Smith,TÜRK TELEKOM,TTK,J. Smith,9,,,,,,SUB,out,TÜRK TELEKOM substitution out,,,,,,,,,0,160,1.0,,0,60,0,48
01:14,01:14:00,60,48,12,1,3,REGULAR,76,M. SIMONOVIC,1,substitution,488,,[],out,0,11,Marko,Simonovic,Marko,Simonovic,M,S,M,S,M. Simonovic,TÜRK TELEKOM,TTK,M. Simonovic,11,,,,,,SUB,out,TÜRK TELEKOM substitution out,,,,,,,,,0,160,1.0,,0,60,0,48
01:14,01:14:00,60,48,12,1,3,REGULAR,8,Y. GÜLTEKIN,1,substitution,489,,[],out,0,19,Yavuz,Gültekin,Yavuz,Gültekin,Y,G,Y,G,Y. Gültekin,TÜRK TELEKOM,TTK,Y. Gültekin,19,,,,,,SUB,out,TÜRK TELEKOM substitution out,,,,,,,,,0,160,1.0,,0,60,0,48
01:14,01:14:00,60,48,12,1,3,REGULAR,78,K. BANKSTON,1,substitution,490,,[],out,0,30,Kristeon Lamar,Bankston,Kristeon Lamar,Bankston,K,B,K,B,K. Bankston,TÜRK TELEKOM,TTK,K. Bankston,30,,,,,,SUB,out,TÜRK TELEKOM substitution out,,,,,,,,,0,160,1.0,,0,60,0,48
01:14,01:14:00,60,48,12,1,3,REGULAR,75,K. ALLMAN,1,substitution,491,,[],in,0,1,Kyle Lindsay,Allman,Kyle Lindsay,Allman,K,A,K,A,K. Allman,TÜRK TELEKOM,TTK,K. Allman,1,,,,,,SUB,in,TÜRK TELEKOM substitution in,,,,,,,,,0,160,1.0,,0,60,0,48
01:14,01:14:00,60,48,12,1,3,REGULAR,7,B. DURMAZ,1,substitution,492,,[],in,0,3,Berkan,Durmaz,Berkan,Durmaz,B,D,B,D,B. Durmaz,TÜRK TELEKOM,TTK,B. Durmaz,3,,,,,,SUB,in,TÜRK TELEKOM substitution in,,,,,,,,,0,160,1.0,,0,60,0,48
01:14,01:14:00,60,48,12,1,3,REGULAR,87,K. ALEXANDER,1,substitution,493,,[],in,0,7,Kyle John Solomon,Alexander,Kyle John Solomon,Alexander,K,A,K,A,K. Alexander,TÜRK TELEKOM,TTK,K. Alexander,7,,,,,,SUB,in,TÜRK TELEKOM substitution in,,,,,,,,,0,160,1.0,,0,60,0,48
01:14,01:14:00,60,48,12,1,3,REGULAR,74,J. USHER,1,substitution,494,,[],in,0,8,Jordan Emanuel ,Usher,Jordan Emanuel ,Usher,J,U,J,U,J. Usher,TÜRK TELEKOM,TTK,J. Usher,8,,,,,,SUB,in,TÜRK TELEKOM substitution in,,,,,,,,,0,160,1.0,,0,60,0,48
01:14,01:14:00,60,48,12,1,3,REGULAR,5,D. ÖZDEMIROGLU,1,substitution,495,,[],in,0,18,Dogus,Özdemiroglu,Dogus,Özdemiroglu,D,Ö,D,Ö,D. Özdemiroglu,TÜRK TELEKOM,TTK,D. Özdemiroglu,18,,,,,,SUB,in,TÜRK TELEKOM substitution in,,,,,,,,,0,160,1.0,,0,60,0,48
01:14,01:14:00,60,48,12,2,3,REGULAR,42,Y. SONSIRMA,1,substitution,496,,[],out,0,9,Yunus Emre,Sonsirma,Yunus Emre,Sonsirma,Y,S,Y,S,Y. Sonsirma,ALIAGA PETKIM SPOR,PTK,Y. Sonsirma,9,,,,,,SUB,out,ALIAGA PETKIM SPOR substitution out,,,,,,,,,0,160,1.0,,0,60,0,48
01:14,01:14:00,60,48,12,2,3,REGULAR,43,M. KURTULDUM,1,substitution,497,,[],in,0,7,Mustafa,Kurtuldum,Mustafa,Kurtuldum,M,K,M,K,M. Kurtuldum,ALIAGA PETKIM SPOR,PTK,M. Kurtuldum,7,,,,,,SUB,in,ALIAGA PETKIM SPOR substitution in,,,,,,,,,0,160,1.0,,0,60,0,48
00:59,00:59:20,62,48,14,1,3,REGULAR,87,K. ALEXANDER,1,2pt,499,,['pointsinthepaint'],dunk,1,7,Kyle John Solomon,Alexander,Kyle John Solomon,Alexander,K,A,K,A,K. Alexander,TÜRK TELEKOM,TTK,K. Alexander,7,,,8.5799999237061,53.950000762939,1.0,P2,made,TÜRK TELEKOM K. ALEXANDER 2Pt made,5.0,1.0,D. ÖZDEMIROGLU,,,,,,2,160,1.0,score,2,62,0,48
00:59,00:59:20,62,48,14,1,3,REGULAR,5,D. ÖZDEMIROGLU,1,assist,500,499,[],,0,18,Dogus,Özdemiroglu,Dogus,Özdemiroglu,D,Ö,D,Ö,D. Özdemiroglu,TÜRK TELEKOM,TTK,D. Özdemiroglu,18,,,,,,ASS,,TÜRK TELEKOM D. ÖZDEMIROGLU assist,,,,,,,,,0,161,2.0,,0,62,0,48
00:39,00:39:40,62,48,14,2,3,REGULAR,68,Y. FRANKE,0,3pt,501,,[],jumpshot,1,5,Yannick Ayrton,Franke,Yannick Ayrton,Franke,Y,F,Y,F,Y. Franke,ALIAGA PETKIM SPOR,PTK,Y. Franke,5,,,68.019996643066,71.75,0.0,P3,missed,ALIAGA PETKIM SPOR Y. FRANKE 3Pt missed,,,,,,,,,0,161,2.0,def_reb,0,62,0,48
00:36,00:36:00,62,48,14,1,3,REGULAR,74,J. USHER,1,rebound,502,501,[],defensive,0,8,Jordan Emanuel ,Usher,Jordan Emanuel ,Usher,J,U,J,U,J. Usher,TÜRK TELEKOM,TTK,J. Usher,8,,,,,,REB,,TÜRK TELEKOM rebound defensive,,,,,,,,,0,162,1.0,def_reb,0,62,0,48
00:23,00:23:20,62,48,14,1,3,REGULAR,5,D. ÖZDEMIROGLU,0,3pt,503,,[],jumpshot,1,18,Dogus,Özdemiroglu,Dogus,Özdemiroglu,D,Ö,D,Ö,D. Özdemiroglu,TÜRK TELEKOM,TTK,D. Özdemiroglu,18,,,30.889999389648,45.479999542236,0.0,P3,missed,TÜRK TELEKOM D. ÖZDEMIROGLU 3Pt missed,,,,,,,,,0,163,2.0,def_reb,0,62,0,48
00:19,00:19:70,62,48,14,2,3,REGULAR,68,Y. FRANKE,1,rebound,504,503,[],defensive,0,5,Yannick Ayrton,Franke,Yannick Ayrton,Franke,Y,F,Y,F,Y. Franke,ALIAGA PETKIM SPOR,PTK,Y. Franke,5,,,,,,REB,,ALIAGA PETKIM SPOR rebound defensive,,,,,,,,,0,164,1.0,def_reb,0,62,0,48
00:06,00:06:00,62,48,14,2,3,REGULAR,66,J. FLOYD,0,2pt,505,,['pointsinthepaint'],layup,1,20,Jehyve Jamal,Floyd,Jehyve Jamal,Floyd,J,F,J,F,J. Floyd,ALIAGA PETKIM SPOR,PTK,J. Floyd,20,,,89.550003051758,51.689998626709,0.0,P2,missed,ALIAGA PETKIM SPOR J. FLOYD 2Pt missed,,,,,,,,,0,165,2.0,def_reb,0,62,0,48
00:02,00:02:60,62,48,14,1,3,REGULAR,75,K. ALLMAN,1,rebound,506,505,[],defensive,0,1,Kyle Lindsay,Allman,Kyle Lindsay,Allman,K,A,K,A,K. Allman,TÜRK TELEKOM,TTK,K. Allman,1,,,,,,REB,,TÜRK TELEKOM rebound defensive,,,,,,,,,0,166,1.0,def_reb,0,62,0,48
00:00,00:00:00,62,48,14,0,3,REGULAR,0,,1,period,508,,['confirmed'],end,0,,,,,,,,,,,,,,,,,,,,OTHER,,period end,,,,,,,,,0,167,2.0,,0,62,0,48
10:00,10:00:00,62,48,14,2,4,REGULAR,43,M. KURTULDUM,1,substitution,509,,[],out,0,7,Mustafa,Kurtuldum,Mustafa,Kurtuldum,M,K,M,K,M. Kurtuldum,ALIAGA PETKIM SPOR,PTK,M. Kurtuldum,7,,,,,,SUB,out,ALIAGA PETKIM SPOR substitution out,,,,,,,,,0,167,2.0,,0,62,0,48
10:00,10:00:00,62,48,14,2,4,REGULAR,98,P. SCRUBB,1,substitution,510,,[],out,0,23,Philip Alexander,Scrubb,Philip Alexander,Scrubb,P,S,P,S,P. Scrubb,ALIAGA PETKIM SPOR,PTK,P. Scrubb,23,,,,,,SUB,out,ALIAGA PETKIM SPOR substitution out,,,,,,,,,0,167,2.0,,0,62,0,48
10:00,10:00:00,62,48,14,2,4,REGULAR,67,D. EFIANAYI JR,1,substitution,511,,[],in,0,4,David Tinsley Eghosa,Efianayi Jr,David Tinsley Eghosa,Efianayi Jr,D,E,D,E,D. Efianayi Jr,ALIAGA PETKIM SPOR,PTK,D. Efianayi Jr,4,,,,,,SUB,in,ALIAGA PETKIM SPOR substitution in,,,,,,,,,0,167,2.0,,0,62,0,48
10:00,10:00:00,62,48,14,2,4,REGULAR,42,Y. SONSIRMA,1,substitution,512,,[],in,0,9,Yunus Emre,Sonsirma,Yunus Emre,Sonsirma,Y,S,Y,S,Y. Sonsirma,ALIAGA PETKIM SPOR,PTK,Y. Sonsirma,9,,,,,,SUB,in,ALIAGA PETKIM SPOR substitution in,,,,,,,,,0,167,2.0,,0,62,0,48
10:00,10:00:00,62,48,14,0,4,REGULAR,0,,1,period,513,,[],start,0,,,,,,,,,,,,,,,,,,,,OTHER,,period start,,,,,,,,,0,167,2.0,,0,62,0,48
09:42,09:42:00,62,48,14,1,4,REGULAR,87,K. ALEXANDER,0,2pt,515,,[],jumpshot,1,7,Kyle John Solomon,Alexander,Kyle John Solomon,Alexander,K,A,K,A,K. Alexander,TÜRK TELEKOM,TTK,K. Alexander,7,,,21.370000839233,41.240001678467,0.0,P2,missed,TÜRK TELEKOM K. ALEXANDER 2Pt missed,,,,,,,,,0,167,2.0,def_reb,0,62,0,48
09:40,09:40:00,62,48,14,2,4,REGULAR,70,U. UTOMI,1,rebound,516,515,[],defensive,0,8,Uzodinma,Utomi,Uzodinma,Utomi,U,U,U,U,U. Utomi,ALIAGA PETKIM SPOR,PTK,U. Utomi,8,,,,,,REB,,ALIAGA PETKIM SPOR rebound defensive,,,,,,,,,0,168,1.0,def_reb,0,62,0,48
09:25,09:25:00,62,51,11,2,4,REGULAR,68,Y. FRANKE,1,3pt,517,,[],jumpshot,1,5,Yannick Ayrton,Franke,Yannick Ayrton,Franke,Y,F,Y,F,Y. Franke,ALIAGA PETKIM SPOR,PTK,Y. Franke,5,,,71.919998168945,20.620000839233,1.0,P3,made,ALIAGA PETKIM SPOR Y. FRANKE 3Pt made,,,,,,,,,3,169,2.0,score,0,62,3,51
09:06,09:06:00,62,51,11,1,4,REGULAR,74,J. USHER,0,2pt,518,,['pointsinthepaint'],jumpshot,1,8,Jordan Emanuel ,Usher,Jordan Emanuel ,Usher,J,U,J,U,J. Usher,TÜRK TELEKOM,TTK,J. Usher,8,,,13.880000114441,53.110000610352,0.0,P2,missed,TÜRK TELEKOM J. USHER 2Pt missed,,,,,,,,,0,170,1.0,def_reb,0,62,0,51
09:05,09:05:00,62,51,11,2,4,REGULAR,0,,1,rebound,520,518,['team'],defensive,0,,,,,,,,,,,ALIAGA PETKIM SPOR,PTK,,,,,,,,TREB,,ALIAGA PETKIM SPOR team rebound defensive,,,,,,,,,0,171,2.0,def_reb,0,62,0,51
09:05,09:05:00,62,51,11,1,4,REGULAR,74,J. USHER,1,substitution,521,,[],out,0,8,Jordan Emanuel ,Usher,Jordan Emanuel ,Usher,J,U,J,U,J. Usher,TÜRK TELEKOM,TTK,J. Usher,8,,,,,,SUB,out,TÜRK TELEKOM substitution out,,,,,,,,,0,172,1.0,,0,62,0,51
09:05,09:05:00,62,51,11,1,4,REGULAR,77,J. SMITH,1,substitution,522,,[],in,0,9,Jaleen Devon,Smith,Jaleen Devon,Smith,J,S,J,S,J. Smith,TÜRK TELEKOM,TTK,J. Smith,9,,,,,,SUB,in,TÜRK TELEKOM substitution in,,,,,,,,,0,172,1.0,,0,62,0,51
08:51,08:51:00,62,51,11,2,4,REGULAR,70,U. UTOMI,0,3pt,524,,[],jumpshot,1,8,Uzodinma,Utomi,Uzodinma,Utomi,U,U,U,U,U. Utomi,ALIAGA PETKIM SPOR,PTK,U. Utomi,8,,,80.5,92.660003662109,0.0,P3,missed,ALIAGA PETKIM SPOR U. UTOMI 3Pt missed,,,,,,,,,0,172,1.0,def_reb,0,62,0,51
08:47,08:47:00,62,51,11,1,4,REGULAR,5,D. ÖZDEMIROGLU,1,rebound,525,524,[],defensive,0,18,Dogus,Özdemiroglu,Dogus,Özdemiroglu,D,Ö,D,Ö,D. Özdemiroglu,TÜRK TELEKOM,TTK,D. Özdemiroglu,18,,,,,,REB,,TÜRK TELEKOM rebound defensive,,,,,,,,,0,173,2.0,def_reb,0,62,0,51
08:30,08:30:00,62,51,11,1,4,REGULAR,75,K. ALLMAN,0,2pt,526,,['pointsinthepaint'],floatingjumpshot,1,1,Kyle Lindsay,Allman,Kyle Lindsay,Allman,K,A,K,A,K. Allman,TÜRK TELEKOM,TTK,K. Allman,1,,,15.289999961853,48.310001373291,0.0,P2,missed,TÜRK TELEKOM K. ALLMAN 2Pt missed,,,,,,,,,0,174,1.0,def_reb,0,62,0,51
08:29,08:29:00,62,51,11,1,4,REGULAR,0,,1,rebound,528,526,['team'],offensive,0,,,,,,,,,,,TÜRK TELEKOM,TTK,,,,,,,,TREB,,TÜRK TELEKOM team rebound offensive,,,,,,,,,0,175,2.0,def_reb,0,62,0,51
08:19,08:19:00,62,51,11,1,4,REGULAR,5,D. ÖZDEMIROGLU,0,3pt,530,,['2ndchance'],jumpshot,1,18,Dogus,Özdemiroglu,Dogus,Özdemiroglu,D,Ö,D,Ö,D. Özdemiroglu,TÜRK TELEKOM,TTK,D. Özdemiroglu,18,,,29.020000457764,74.290000915527,0.0,P3,missed,TÜRK TELEKOM D. ÖZDEMIROGLU 3Pt missed,,,,,,,,,0,176,1.0,def_reb,0,62,0,51
08:15,08:15:00,62,51,11,2,4,REGULAR,66,J. FLOYD,1,rebound,531,530,[],defensive,0,20,Jehyve Jamal,Floyd,Jehyve Jamal,Floyd,J,F,J,F,J. Floyd,ALIAGA PETKIM SPOR,PTK,J. Floyd,20,,,,,,REB,,ALIAGA PETKIM SPOR rebound defensive,,,,,,,,,0,177,2.0,def_reb,0,62,0,51
08:08,08:08:00,62,51,11,1,4,REGULAR,77,J. SMITH,1,foul,535,,"['shooting', '2freethrow']",personal,0,9,Jaleen Devon,Smith,Jaleen Devon,Smith,J,S,J,S,J. Smith,TÜRK TELEKOM,TTK,J. Smith,9,,,,,,FOUL,,TÜRK TELEKOM J. SMITH foul personal,,,,,,,,,0,178,1.0,,0,62,0,51
08:08,08:08:00,62,51,11,2,4,REGULAR,68,Y. FRANKE,1,foulon,536,535,[],,0,5,Yannick Ayrton,Franke,Yannick Ayrton,Franke,Y,F,Y,F,Y. Franke,ALIAGA PETKIM SPOR,PTK,Y. Franke,5,,,,,,OTHER,,ALIAGA PETKIM SPOR foulon,,,,,,,,,0,178,1.0,,0,62,0,51
08:08,08:08:00,62,51,11,2,4,REGULAR,68,Y. FRANKE,0,freethrow,537,,[],1of2,1,5,Yannick Ayrton,Franke,Yannick Ayrton,Franke,Y,F,Y,F,Y. Franke,ALIAGA PETKIM SPOR,PTK,Y. Franke,5,,,,,,FT,missed,ALIAGA PETKIM SPOR Y. FRANKE FT 1of2 missed,,,,,,,,,0,178,1.0,def_reb,0,62,0,51
08:08,08:08:00,62,51,11,2,4,REGULAR,0,,1,rebound,538,537,[],offensivedeadball,0,,,,,,,,,,,ALIAGA PETKIM SPOR,PTK,,,,,,,,TREB,,ALIAGA PETKIM SPOR team rebound offensivedeadball,,,,,,,,,0,179,2.0,def_reb,0,62,0,51
08:08,08:08:00,62,52,10,2,4,REGULAR,68,Y. FRANKE,1,freethrow,539,,[],2of2,1,5,Yannick Ayrton,Franke,Yannick Ayrton,Franke,Y,F,Y,F,Y. Franke,ALIAGA PETKIM SPOR,PTK,Y. Franke,5,,,,,,FT,made,ALIAGA PETKIM SPOR Y. FRANKE FT 2of2 made,,,,,,,,,1,180,1.0,made_ft_last,0,62,1,52
08:08,08:08:00,62,52,10,1,4,REGULAR,7,B. DURMAZ,1,substitution,540,,[],out,0,3,Berkan,Durmaz,Berkan,Durmaz,B,D,B,D,B. Durmaz,TÜRK TELEKOM,TTK,B. Durmaz,3,,,,,,SUB,out,TÜRK TELEKOM substitution out,,,,,,,,,0,181,2.0,,0,62,0,52
08:08,08:08:00,62,52,10,1,4,REGULAR,76,M. SIMONOVIC,1,substitution,541,,[],in,0,11,Marko,Simonovic,Marko,Simonovic,M,S,M,S,M. Simonovic,TÜRK TELEKOM,TTK,M. Simonovic,11,,,,,,SUB,in,TÜRK TELEKOM substitution in,,,,,,,,,0,181,2.0,,0,62,0,52
07:52,07:52:00,62,52,10,2,4,REGULAR,66,J. FLOYD,1,foul,544,,"['shooting', '2freethrow']",personal,0,20,Jehyve Jamal,Floyd,Jehyve Jamal,Floyd,J,F,J,F,J. Floyd,ALIAGA PETKIM SPOR,PTK,J. Floyd,20,,,,,,FOUL,,ALIAGA PETKIM SPOR J. FLOYD foul personal,,,,,,,,,0,181,2.0,,0,62,0,52
07:52,07:52:00,62,52,10,1,4,REGULAR,75,K. ALLMAN,1,foulon,545,544,[],,0,1,Kyle Lindsay,Allman,Kyle Lindsay,Allman,K,A,K,A,K. Allman,TÜRK TELEKOM,TTK,K. Allman,1,,,,,,OTHER,,TÜRK TELEKOM foulon,,,,,,,,,0,181,2.0,,0,62,0,52
07:52,07:52:00,63,52,11,1,4,REGULAR,75,K. ALLMAN,1,freethrow,546,,[],1of2,1,1,Kyle Lindsay,Allman,Kyle Lindsay,Allman,K,A,K,A,K. Allman,TÜRK TELEKOM,TTK,K. Allman,1,,,,,,FT,made,TÜRK TELEKOM K. ALLMAN FT 1of2 made,,,,,,,,,1,181,2.0,made_ft,1,63,0,52
07:52,07:52:00,63,52,11,1,4,REGULAR,77,J. SMITH,1,assist,547,546,[],,0,9,Jaleen Devon,Smith,Jaleen Devon,Smith,J,S,J,S,J. Smith,TÜRK TELEKOM,TTK,J. Smith,9,,,,,,ASS,,TÜRK TELEKOM J. SMITH assist,,,,,,,,,0,182,1.0,,0,63,0,52
07:52,07:52:00,64,52,12,1,4,REGULAR,75,K. ALLMAN,1,freethrow,548,,[],2of2,1,1,Kyle Lindsay,Allman,Kyle Lindsay,Allman,K,A,K,A,K. Allman,TÜRK TELEKOM,TTK,K. Allman,1,,,,,,FT,made,TÜRK TELEKOM K. ALLMAN FT 2of2 made,,,,,,,,,1,182,1.0,made_ft_last,1,64,0,52
07:34,07:34:00,64,52,12,2,4,REGULAR,66,J. FLOYD,1,turnover,551,,[],ballhandling,0,20,Jehyve Jamal,Floyd,Jehyve Jamal,Floyd,J,F,J,F,J. Floyd,ALIAGA PETKIM SPOR,PTK,J. Floyd,20,,,,,,TO,,ALIAGA PETKIM SPOR J. FLOYD turnover ballhandling,,,,,,,,,0,183,2.0,turnover,0,64,0,52
07:34,07:34:00,64,52,12,2,4,REGULAR,66,J. FLOYD,1,substitution,552,,[],out,0,20,Jehyve Jamal,Floyd,Jehyve Jamal,Floyd,J,F,J,F,J. Floyd,ALIAGA PETKIM SPOR,PTK,J. Floyd,20,,,,,,SUB,out,ALIAGA PETKIM SPOR substitution out,,,,,,,,,0,184,1.0,,0,64,0,52
07:34,07:34:00,64,52,12,2,4,REGULAR,64,M. SAJUS,1,substitution,553,,[],in,0,19,Martynas,Sajus,Martynas,Sajus,M,S,M,S,M. Sajus,ALIAGA PETKIM SPOR,PTK,M. Sajus,19,,,,,,SUB,in,ALIAGA PETKIM SPOR substitution in,,,,,,,,,0,184,1.0,,0,64,0,52
07:20,07:20:00,64,52,12,1,4,REGULAR,77,J. SMITH,0,2pt,555,,['fromturnover'],jumpshot,1,9,Jaleen Devon,Smith,Jaleen Devon,Smith,J,S,J,S,J. Smith,TÜRK TELEKOM,TTK,J. Smith,9,,,18.559999465942,77.120002746582,0.0,P2,missed,TÜRK TELEKOM J. SMITH 2Pt missed,,,,,,,,,0,184,1.0,def_reb,0,64,0,52
07:16,07:16:00,64,52,12,2,4,REGULAR,67,D. EFIANAYI JR,1,rebound,556,555,[],defensive,0,4,David Tinsley Eghosa,Efianayi Jr,David Tinsley Eghosa,Efianayi Jr,D,E,D,E,D. Efianayi Jr,ALIAGA PETKIM SPOR,PTK,D. Efianayi Jr,4,,,,,,REB,,ALIAGA PETKIM SPOR rebound defensive,,,,,,,,,0,185,2.0,def_reb,0,64,0,52
07:10,07:10:00,64,52,12,2,4,REGULAR,67,D. EFIANAYI JR,0,3pt,557,,[],jumpshot,1,4,David Tinsley Eghosa,Efianayi Jr,David Tinsley Eghosa,Efianayi Jr,D,E,D,E,D. Efianayi Jr,ALIAGA PETKIM SPOR,PTK,D. Efianayi Jr,4,,,65.98999786377,61.020000457764,0.0,P3,missed,ALIAGA PETKIM SPOR D. EFIANAYI JR 3Pt missed,,,,,,,,,0,186,1.0,def_reb,0,64,0,52
07:07,07:07:00,64,52,12,1,4,REGULAR,5,D. ÖZDEMIROGLU,1,rebound,558,557,[],defensive,0,18,Dogus,Özdemiroglu,Dogus,Özdemiroglu,D,Ö,D,Ö,D. Özdemiroglu,TÜRK TELEKOM,TTK,D. Özdemiroglu,18,,,,,,REB,,TÜRK TELEKOM rebound defensive,,,,,,,,,0,187,2.0,def_reb,0,64,0,52
06:54,06:54:00,64,52,12,2,4,REGULAR,67,D. EFIANAYI JR,1,foul,560,,"['shooting', '2freethrow']",personal,0,4,David Tinsley Eghosa,Efianayi Jr,David Tinsley Eghosa,Efianayi Jr,D,E,D,E,D. Efianayi Jr,ALIAGA PETKIM SPOR,PTK,D. Efianayi Jr,4,,,,,,FOUL,,ALIAGA PETKIM SPOR D. EFIANAYI JR foul personal,,,,,,,,,0,188,1.0,,0,64,0,52
06:54,06:54:00,64,52,12,1,4,REGULAR,5,D. ÖZDEMIROGLU,1,foulon,561,560,[],,0,18,Dogus,Özdemiroglu,Dogus,Özdemiroglu,D,Ö,D,Ö,D. Özdemiroglu,TÜRK TELEKOM,TTK,D. Özdemiroglu,18,,,,,,OTHER,,TÜRK TELEKOM foulon,,,,,,,,,0,188,1.0,,0,64,0,52
06:54,06:54:00,64,52,12,2,4,REGULAR,67,D. EFIANAYI JR,1,substitution,562,,[],out,0,4,David Tinsley Eghosa,Efianayi Jr,David Tinsley Eghosa,Efianayi Jr,D,E,D,E,D. Efianayi Jr,ALIAGA PETKIM SPOR,PTK,D. Efianayi Jr,4,,,,,,SUB,out,ALIAGA PETKIM SPOR substitution out,,,,,,,,,0,188,1.0,,0,64,0,52
06:54,06:54:00,64,52,12,2,4,REGULAR,98,P. SCRUBB,1,substitution,563,,[],in,0,23,Philip Alexander,Scrubb,Philip Alexander,Scrubb,P,S,P,S,P. Scrubb,ALIAGA PETKIM SPOR,PTK,P. Scrubb,23,,,,,,SUB,in,ALIAGA PETKIM SPOR substitution in,,,,,,,,,0,188,1.0,,0,64,0,52
06:54,06:54:00,64,52,12,1,4,REGULAR,5,D. ÖZDEMIROGLU,0,freethrow,564,,[],1of2,1,18,Dogus,Özdemiroglu,Dogus,Özdemiroglu,D,Ö,D,Ö,D. Özdemiroglu,TÜRK TELEKOM,TTK,D. Özdemiroglu,18,,,,,,FT,missed,TÜRK TELEKOM D. ÖZDEMIROGLU FT 1of2 missed,,,,,,,,,0,188,1.0,def_reb,0,64,0,52
06:54,06:54:00,64,52,12,1,4,REGULAR,0,,1,rebound,565,564,[],offensivedeadball,0,,,,,,,,,,,TÜRK TELEKOM,TTK,,,,,,,,TREB,,TÜRK TELEKOM team rebound offensivedeadball,,,,,,,,,0,189,2.0,def_reb,0,64,0,52
06:54,06:54:00,64,52,12,1,4,REGULAR,5,D. ÖZDEMIROGLU,0,freethrow,566,,[],2of2,1,18,Dogus,Özdemiroglu,Dogus,Özdemiroglu,D,Ö,D,Ö,D. Özdemiroglu,TÜRK TELEKOM,TTK,D. Özdemiroglu,18,,,,,,FT,missed,TÜRK TELEKOM D. ÖZDEMIROGLU FT 2of2 missed,,,,,,,,,0,190,1.0,,0,64,0,52
06:52,06:52:00,64,52,12,1,4,REGULAR,76,M. SIMONOVIC,1,rebound,568,566,[],offensive,0,11,Marko,Simonovic,Marko,Simonovic,M,S,M,S,M. Simonovic,TÜRK TELEKOM,TTK,M. Simonovic,11,,,,,,REB,,TÜRK TELEKOM rebound offensive,,,,,,,,,0,190,1.0,,0,64,0,52
06:49,06:49:00,64,52,12,2,4,REGULAR,70,U. UTOMI,1,substitution,570,,[],out,0,8,Uzodinma,Utomi,Uzodinma,Utomi,U,U,U,U,U. Utomi,ALIAGA PETKIM SPOR,PTK,U. Utomi,8,,,,,,SUB,out,ALIAGA PETKIM SPOR substitution out,,,,,,,,,0,190,1.0,,0,64,0,52
06:49,06:49:00,64,52,12,2,4,REGULAR,65,R. BLUMBERGS,1,substitution,571,,[],in,0,6,Roberts,Blumbergs,Roberts,Blumbergs,R,B,R,B,R. Blumbergs,ALIAGA PETKIM SPOR,PTK,R. Blumbergs,6,,,,,,SUB,in,ALIAGA PETKIM SPOR substitution in,,,,,,,,,0,190,1.0,,0,64,0,52
06:33,06:33:00,64,52,12,1,4,REGULAR,5,D. ÖZDEMIROGLU,0,3pt,573,,['2ndchance'],jumpshot,1,18,Dogus,Özdemiroglu,Dogus,Özdemiroglu,D,Ö,D,Ö,D. Özdemiroglu,TÜRK TELEKOM,TTK,D. Özdemiroglu,18,,,32.759998321533,51.409999847412,0.0,P3,missed,TÜRK TELEKOM D. ÖZDEMIROGLU 3Pt missed,,,,,,,,,0,190,1.0,,0,64,0,52
06:30,06:30:00,64,52,12,1,4,REGULAR,76,M. SIMONOVIC,1,rebound,574,573,[],offensive,0,11,Marko,Simonovic,Marko,Simonovic,M,S,M,S,M. Simonovic,TÜRK TELEKOM,TTK,M. Simonovic,11,,,,,,REB,,TÜRK TELEKOM rebound offensive,,,,,,,,,0,190,1.0,,0,64,0,52
06:28,06:28:00,67,52,15,1,4,REGULAR,77,J. SMITH,1,3pt,575,,['2ndchance'],jumpshot,1,9,Jaleen Devon,Smith,Jaleen Devon,Smith,J,S,J,S,J. Smith,TÜRK TELEKOM,TTK,J. Smith,9,,,25.89999961853,16.379999160767,1.0,P3,made,TÜRK TELEKOM J. SMITH 3Pt made,76.0,1.0,M. SIMONOVIC,,,,,,3,190,1.0,score,3,67,0,52
06:28,06:28:00,67,52,15,1,4,REGULAR,76,M. SIMONOVIC,1,assist,576,575,[],,0,11,Marko,Simonovic,Marko,Simonovic,M,S,M,S,M. Simonovic,TÜRK TELEKOM,TTK,M. Simonovic,11,,,,,,ASS,,TÜRK TELEKOM M. SIMONOVIC assist,,,,,,,,,0,191,2.0,,0,67,0,52
06:24,06:24:00,67,52,15,2,4,REGULAR,0,,1,timeout,578,,[],full,0,,,,,,,,,,,ALIAGA PETKIM SPOR,PTK,,,,,,,,TIMEOUT,,ALIAGA PETKIM SPOR timeout,,,,,,,,,0,191,2.0,,0,67,0,52
06:04,06:04:00,67,52,15,2,4,REGULAR,42,Y. SONSIRMA,0,3pt,580,,[],jumpshot,1,9,Yunus Emre,Sonsirma,Yunus Emre,Sonsirma,Y,S,Y,S,Y. Sonsirma,ALIAGA PETKIM SPOR,PTK,Y. Sonsirma,9,,,73.169998168945,77.120002746582,0.0,P3,missed,ALIAGA PETKIM SPOR Y. SONSIRMA 3Pt missed,,,,,,,,,0,191,2.0,def_reb,0,67,0,52
06:01,06:01:00,67,52,15,1,4,REGULAR,76,M. SIMONOVIC,1,rebound,581,580,[],defensive,0,11,Marko,Simonovic,Marko,Simonovic,M,S,M,S,M. Simonovic,TÜRK TELEKOM,TTK,M. Simonovic,11,,,,,,REB,,TÜRK TELEKOM rebound defensive,,,,,,,,,0,192,1.0,def_reb,0,67,0,52
05:44,05:44:00,70,52,18,1,4,REGULAR,77,J. SMITH,1,3pt,582,,[],jumpshot,1,9,Jaleen Devon,Smith,Jaleen Devon,Smith,J,S,J,S,J. Smith,TÜRK TELEKOM,TTK,J. Smith,9,,,31.979999542236,58.470001220703,1.0,P3,made,TÜRK TELEKOM J. SMITH 3Pt made,75.0,1.0,K. ALLMAN,,,,,,3,193,2.0,score,3,70,0,52
05:44,05:44:00,70,52,18,1,4,REGULAR,75,K. ALLMAN,1,assist,583,582,[],,0,1,Kyle Lindsay,Allman,Kyle Lindsay,Allman,K,A,K,A,K. Allman,TÜRK TELEKOM,TTK,K. Allman,1,,,,,,ASS,,TÜRK TELEKOM K. ALLMAN assist,,,,,,,,,0,194,1.0,,0,70,0,52
05:32,05:32:00,70,52,18,1,4,REGULAR,5,D. ÖZDEMIROGLU,1,foul,585,,[],personal,0,18,Dogus,Özdemiroglu,Dogus,Özdemiroglu,D,Ö,D,Ö,D. Özdemiroglu,TÜRK TELEKOM,TTK,D. Özdemiroglu,18,,,,,,FOUL,,TÜRK TELEKOM D. ÖZDEMIROGLU foul personal,,,,,,,,,0,194,1.0,,0,70,0,52
05:32,05:32:00,70,52,18,2,4,REGULAR,68,Y. FRANKE,1,foulon,586,585,[],,0,5,Yannick Ayrton,Franke,Yannick Ayrton,Franke,Y,F,Y,F,Y. Franke,ALIAGA PETKIM SPOR,PTK,Y. Franke,5,,,,,,OTHER,,ALIAGA PETKIM SPOR foulon,,,,,,,,,0,194,1.0,,0,70,0,52
05:23,05:23:00,70,55,15,2,4,REGULAR,42,Y. SONSIRMA,1,3pt,588,,[],jumpshot,1,9,Yunus Emre,Sonsirma,Yunus Emre,Sonsirma,Y,S,Y,S,Y. Sonsirma,ALIAGA PETKIM SPOR,PTK,Y. Sonsirma,9,,,73.629997253418,83.050003051758,1.0,P3,made,ALIAGA PETKIM SPOR Y. SONSIRMA 3Pt made,68.0,2.0,Y. FRANKE,,,,,,3,194,1.0,score,0,70,3,55
05:23,05:23:00,70,55,15,2,4,REGULAR,68,Y. FRANKE,1,assist,589,588,[],,0,5,Yannick Ayrton,Franke,Yannick Ayrton,Franke,Y,F,Y,F,Y. Franke,ALIAGA PETKIM SPOR,PTK,Y. Franke,5,,,,,,ASS,,ALIAGA PETKIM SPOR Y. FRANKE assist,,,,,,,,,0,195,2.0,,0,70,0,55
04:59,04:59:00,70,55,15,1,4,REGULAR,76,M. SIMONOVIC,0,3pt,590,,[],jumpshot,1,11,Marko,Simonovic,Marko,Simonovic,M,S,M,S,M. Simonovic,TÜRK TELEKOM,TTK,M. Simonovic,11,,,30.420000076294,64.690002441406,0.0,P3,missed,TÜRK TELEKOM M. SIMONOVIC 3Pt missed,,,,,,,,,0,195,2.0,,0,70,0,55
04:56,04:56:00,70,55,15,1,4,REGULAR,5,D. ÖZDEMIROGLU,1,rebound,591,590,[],offensive,0,18,Dogus,Özdemiroglu,Dogus,Özdemiroglu,D,Ö,D,Ö,D. Özdemiroglu,TÜRK TELEKOM,TTK,D. Özdemiroglu,18,,,,,,REB,,TÜRK TELEKOM rebound offensive,,,,,,,,,0,195,2.0,,0,70,0,55
04:43,04:43:00,70,55,15,1,4,REGULAR,77,J. SMITH,0,3pt,592,,['2ndchance'],jumpshot,1,9,Jaleen Devon,Smith,Jaleen Devon,Smith,J,S,J,S,J. Smith,TÜRK TELEKOM,TTK,J. Smith,9,,,31.670000076294,55.080001831055,0.0,P3,missed,TÜRK TELEKOM J. SMITH 3Pt missed,,,,,,,,,0,195,2.0,,0,70,0,55
04:37,04:37:00,70,55,15,1,4,REGULAR,76,M. SIMONOVIC,1,rebound,593,592,[],offensive,0,11,Marko,Simonovic,Marko,Simonovic,M,S,M,S,M. Simonovic,TÜRK TELEKOM,TTK,M. Simonovic,11,,,,,,REB,,TÜRK TELEKOM rebound offensive,,,,,,,,,0,195,2.0,,0,70,0,55
04:37,04:37:00,72,55,17,1,4,REGULAR,76,M. SIMONOVIC,1,2pt,594,,"['2ndchance', 'pointsinthepaint']",tipinlayup,1,11,Marko,Simonovic,Marko,Simonovic,M,S,M,S,M. Simonovic,TÜRK TELEKOM,TTK,M. Simonovic,11,,,6.0,50.0,1.0,P2,made,TÜRK TELEKOM M. SIMONOVIC 2Pt made,,,,,,,,,2,195,2.0,score,2,72,0,55
04:35,04:35:00,72,55,17,1,4,REGULAR,75,K. ALLMAN,1,foul,596,,[],personal,0,1,Kyle Lindsay,Allman,Kyle Lindsay,Allman,K,A,K,A,K. Allman,TÜRK TELEKOM,TTK,K. Allman,1,,,,,,FOUL,,TÜRK TELEKOM K. ALLMAN foul personal,,,,,,,,,0,196,1.0,,0,72,0,55
04:35,04:35:00,72,55,17,2,4,REGULAR,42,Y. SONSIRMA,1,foulon,597,596,[],,0,9,Yunus Emre,Sonsirma,Yunus Emre,Sonsirma,Y,S,Y,S,Y. Sonsirma,ALIAGA PETKIM SPOR,PTK,Y. Sonsirma,9,,,,,,OTHER,,ALIAGA PETKIM SPOR foulon,,,,,,,,,0,196,1.0,,0,72,0,55
04:35,04:35:00,72,55,17,1,4,REGULAR,87,K. ALEXANDER,1,substitution,598,,[],out,0,7,Kyle John Solomon,Alexander,Kyle John Solomon,Alexander,K,A,K,A,K. Alexander,TÜRK TELEKOM,TTK,K. Alexander,7,,,,,,SUB,out,TÜRK TELEKOM substitution out,,,,,,,,,0,196,1.0,,0,72,0,55
04:35,04:35:00,72,55,17,1,4,REGULAR,78,K. BANKSTON,1,substitution,599,,[],in,0,30,Kristeon Lamar,Bankston,Kristeon Lamar,Bankston,K,B,K,B,K. Bankston,TÜRK TELEKOM,TTK,K. Bankston,30,,,,,,SUB,in,TÜRK TELEKOM substitution in,,,,,,,,,0,196,1.0,,0,72,0,55
04:29,04:29:00,72,55,17,2,4,REGULAR,68,Y. FRANKE,0,3pt,601,,[],jumpshot,1,5,Yannick Ayrton,Franke,Yannick Ayrton,Franke,Y,F,Y,F,Y. Franke,ALIAGA PETKIM SPOR,PTK,Y. Franke,5,,,75.660003662109,83.900001525879,0.0,P3,missed,ALIAGA PETKIM SPOR Y. FRANKE 3Pt missed,,,,,,,,,0,196,1.0,def_reb,0,72,0,55
04:26,04:26:00,72,55,17,1,4,REGULAR,5,D. ÖZDEMIROGLU,1,rebound,602,601,[],defensive,0,18,Dogus,Özdemiroglu,Dogus,Özdemiroglu,D,Ö,D,Ö,D. Özdemiroglu,TÜRK TELEKOM,TTK,D. Özdemiroglu,18,,,,,,REB,,TÜRK TELEKOM rebound defensive,,,,,,,,,0,197,2.0,def_reb,0,72,0,55
04:13,04:13:00,72,55,17,1,4,REGULAR,75,K. ALLMAN,0,2pt,606,,"['pointsinthepaint', 'blocked']",layup,1,1,Kyle Lindsay,Allman,Kyle Lindsay,Allman,K,A,K,A,K. Allman,TÜRK TELEKOM,TTK,K. Allman,1,,,9.6700000762939,60.450000762939,0.0,P2,missed,TÜRK TELEKOM K. ALLMAN 2Pt missed,,,,64.0,2.0,M. SAJUS,,,0,198,1.0,,0,72,0,55
04:13,04:13:00,72,55,17,2,4,REGULAR,64,M. SAJUS,1,block,607,606,[],,0,19,Martynas,Sajus,Martynas,Sajus,M,S,M,S,M. Sajus,ALIAGA PETKIM SPOR,PTK,M. Sajus,19,,,,,,BS,,ALIAGA PETKIM SPOR M. SAJUS block,,,,,,,,,0,198,1.0,,0,72,0,55
04:13,04:13:00,72,55,17,1,4,REGULAR,0,,1,rebound,608,606,['team'],offensive,0,,,,,,,,,,,TÜRK TELEKOM,TTK,,,,,,,,TREB,,TÜRK TELEKOM team rebound offensive,,,,,,,,,0,198,1.0,def_reb,0,72,0,55
04:05,04:05:00,72,55,17,1,4,REGULAR,75,K. ALLMAN,1,turnover,610,,[],ballhandling,0,1,Kyle Lindsay,Allman,Kyle Lindsay,Allman,K,A,K,A,K. Allman,TÜRK TELEKOM,TTK,K. Allman,1,,,,,,TO,,TÜRK TELEKOM K. ALLMAN turnover ballhandling,,,,,,,,,0,199,2.0,turnover,0,72,0,55
04:05,04:05:00,72,55,17,2,4,REGULAR,42,Y. SONSIRMA,1,steal,611,610,[],,0,9,Yunus Emre,Sonsirma,Yunus Emre,Sonsirma,Y,S,Y,S,Y. Sonsirma,ALIAGA PETKIM SPOR,PTK,Y. Sonsirma,9,,,,,,ST,,ALIAGA PETKIM SPOR Y. SONSIRMA steal,,,,,,,,,0,200,1.0,,0,72,0,55
03:59,03:59:00,72,55,17,1,4,REGULAR,76,M. SIMONOVIC,1,foul,613,,[],personal,0,11,Marko,Simonovic,Marko,Simonovic,M,S,M,S,M. Simonovic,TÜRK TELEKOM,TTK,M. Simonovic,11,,,,,,FOUL,,TÜRK TELEKOM M. SIMONOVIC foul personal,,,,,,,,,0,200,1.0,,0,72,0,55
03:59,03:59:00,72,55,17,2,4,REGULAR,68,Y. FRANKE,1,foulon,614,613,[],,0,5,Yannick Ayrton,Franke,Yannick Ayrton,Franke,Y,F,Y,F,Y. Franke,ALIAGA PETKIM SPOR,PTK,Y. Franke,5,,,,,,OTHER,,ALIAGA PETKIM SPOR foulon,,,,,,,,,0,200,1.0,,0,72,0,55
03:59,03:59:00,72,55,17,1,4,REGULAR,0,,1,headcoachchallenge,615,,['accepted'],foul,0,,,,,,,,,,,TÜRK TELEKOM,TTK,,,,,,,,OTHER,,TÜRK TELEKOM headcoachchallenge foul,,,,,,,,,0,200,1.0,,0,72,0,55
03:50,03:50:00,72,55,17,2,4,REGULAR,65,R. BLUMBERGS,0,3pt,617,,['fromturnover'],jumpshot,1,6,Roberts,Blumbergs,Roberts,Blumbergs,R,B,R,B,R. Blumbergs,ALIAGA PETKIM SPOR,PTK,R. Blumbergs,6,,,72.540000915527,81.919998168945,0.0,P3,missed,ALIAGA PETKIM SPOR R. BLUMBERGS 3Pt missed,,,,,,,,,0,200,1.0,,0,72,0,55
03:47,03:47:00,72,55,17,2,4,REGULAR,65,R. BLUMBERGS,1,rebound,618,617,[],offensive,0,6,Roberts,Blumbergs,Roberts,Blumbergs,R,B,R,B,R. Blumbergs,ALIAGA PETKIM SPOR,PTK,R. Blumbergs,6,,,,,,REB,,ALIAGA PETKIM SPOR rebound offensive,,,,,,,,,0,200,1.0,,0,72,0,55
03:46,03:46:00,72,55,17,2,4,REGULAR,68,Y. FRANKE,0,3pt,619,,"['2ndchance', 'fromturnover']",jumpshot,1,5,Yannick Ayrton,Franke,Yannick Ayrton,Franke,Y,F,Y,F,Y. Franke,ALIAGA PETKIM SPOR,PTK,Y. Franke,5,,,78.470001220703,90.959999084473,0.0,P3,missed,ALIAGA PETKIM SPOR Y. FRANKE 3Pt missed,,,,,,,,,0,200,1.0,,0,72,0,55
03:42,03:42:00,72,55,17,2,4,REGULAR,64,M. SAJUS,1,rebound,620,619,[],offensive,0,19,Martynas,Sajus,Martynas,Sajus,M,S,M,S,M. Sajus,ALIAGA PETKIM SPOR,PTK,M. Sajus,19,,,,,,REB,,ALIAGA PETKIM SPOR rebound offensive,,,,,,,,,0,200,1.0,,0,72,0,55
03:31,03:31:00,72,55,17,2,4,REGULAR,42,Y. SONSIRMA,0,2pt,623,,"['2ndchance', 'fromturnover', 'blocked']",jumpshot,1,9,Yunus Emre,Sonsirma,Yunus Emre,Sonsirma,Y,S,Y,S,Y. Sonsirma,ALIAGA PETKIM SPOR,PTK,Y. Sonsirma,9,,,84.559997558594,66.949996948242,0.0,P2,missed,ALIAGA PETKIM SPOR Y. SONSIRMA 2Pt missed,,,,5.0,1.0,D. ÖZDEMIROGLU,,,0,200,1.0,,0,72,0,55
03:31,03:31:00,72,55,17,1,4,REGULAR,5,D. ÖZDEMIROGLU,1,block,624,623,[],,0,18,Dogus,Özdemiroglu,Dogus,Özdemiroglu,D,Ö,D,Ö,D. Özdemiroglu,TÜRK TELEKOM,TTK,D. Özdemiroglu,18,,,,,,BS,,TÜRK TELEKOM D. ÖZDEMIROGLU block,,,,,,,,,0,200,1.0,,0,72,0,55
03:31,03:31:00,72,55,17,1,4,REGULAR,0,,1,rebound,625,623,['team'],defensive,0,,,,,,,,,,,TÜRK TELEKOM,TTK,,,,,,,,TREB,,TÜRK TELEKOM team rebound defensive,,,,,,,,,0,200,1.0,def_reb,0,72,0,55
03:31,03:31:00,72,55,17,2,4,REGULAR,65,R. BLUMBERGS,1,substitution,626,,[],out,0,6,Roberts,Blumbergs,Roberts,Blumbergs,R,B,R,B,R. Blumbergs,ALIAGA PETKIM SPOR,PTK,R. Blumbergs,6,,,,,,SUB,out,ALIAGA PETKIM SPOR substitution out,,,,,,,,,0,201,2.0,,0,72,0,55
03:31,03:31:00,72,55,17,2,4,REGULAR,44,T. SAV,1,substitution,627,,[],in,0,15,Troy Selim,Sav,Troy Selim,Sav,T,S,T,S,T. Sav,ALIAGA PETKIM SPOR,PTK,T. Sav,15,,,,,,SUB,in,ALIAGA PETKIM SPOR substitution in,,,,,,,,,0,201,2.0,,0,72,0,55
03:31,03:31:00,72,55,17,2,4,REGULAR,42,Y. SONSIRMA,1,substitution,628,,[],out,0,9,Yunus Emre,Sonsirma,Yunus Emre,Sonsirma,Y,S,Y,S,Y. Sonsirma,ALIAGA PETKIM SPOR,PTK,Y. Sonsirma,9,,,,,,SUB,out,ALIAGA PETKIM SPOR substitution out,,,,,,,,,0,201,2.0,,0,72,0,55
03:31,03:31:00,72,55,17,2,4,REGULAR,67,D. EFIANAYI JR,1,substitution,629,,[],in,0,4,David Tinsley Eghosa,Efianayi Jr,David Tinsley Eghosa,Efianayi Jr,D,E,D,E,D. Efianayi Jr,ALIAGA PETKIM SPOR,PTK,D. Efianayi Jr,4,,,,,,SUB,in,ALIAGA PETKIM SPOR substitution in,,,,,,,,,0,201,2.0,,0,72,0,55
03:18,03:18:00,74,55,19,1,4,REGULAR,78,K. BANKSTON,1,2pt,631,,['pointsinthepaint'],jumpshot,1,30,Kristeon Lamar,Bankston,Kristeon Lamar,Bankston,K,B,K,B,K. Bankston,TÜRK TELEKOM,TTK,K. Bankston,30,,,8.5799999237061,56.779998779297,1.0,P2,made,TÜRK TELEKOM K. BANKSTON 2Pt made,77.0,1.0,J. SMITH,,,,,,2,201,2.0,score,2,74,0,55
03:18,03:18:00,74,55,19,1,4,REGULAR,77,J. SMITH,1,assist,632,631,[],,0,9,Jaleen Devon,Smith,Jaleen Devon,Smith,J,S,J,S,J. Smith,TÜRK TELEKOM,TTK,J. Smith,9,,,,,,ASS,,TÜRK TELEKOM J. SMITH assist,,,,,,,,,0,202,1.0,,0,74,0,55
02:55,02:55:00,74,55,19,1,4,REGULAR,75,K. ALLMAN,1,foul,636,,"['shooting', '2freethrow']",personal,0,1,Kyle Lindsay,Allman,Kyle Lindsay,Allman,K,A,K,A,K. Allman,TÜRK TELEKOM,TTK,K. Allman,1,,,,,,FOUL,,TÜRK TELEKOM K. ALLMAN foul personal,,,,,,,,,0,202,1.0,,0,74,0,55
02:55,02:55:00,74,55,19,2,4,REGULAR,67,D. EFIANAYI JR,1,foulon,637,636,[],,0,4,David Tinsley Eghosa,Efianayi Jr,David Tinsley Eghosa,Efianayi Jr,D,E,D,E,D. Efianayi Jr,ALIAGA PETKIM SPOR,PTK,D. Efianayi Jr,4,,,,,,OTHER,,ALIAGA PETKIM SPOR foulon,,,,,,,,,0,202,1.0,,0,74,0,55
02:55,02:55:00,74,55,19,1,4,REGULAR,75,K. ALLMAN,1,substitution,638,,[],out,0,1,Kyle Lindsay,Allman,Kyle Lindsay,Allman,K,A,K,A,K. Allman,TÜRK TELEKOM,TTK,K. Allman,1,,,,,,SUB,out,TÜRK TELEKOM substitution out,,,,,,,,,0,202,1.0,,0,74,0,55
02:55,02:55:00,74,55,19,1,4,REGULAR,8,Y. GÜLTEKIN,1,substitution,639,,[],in,0,19,Yavuz,Gültekin,Yavuz,Gültekin,Y,G,Y,G,Y. Gültekin,TÜRK TELEKOM,TTK,Y. Gültekin,19,,,,,,SUB,in,TÜRK TELEKOM substitution in,,,,,,,,,0,202,1.0,,0,74,0,55
02:55,02:55:00,74,56,18,2,4,REGULAR,67,D. EFIANAYI JR,1,freethrow,640,,[],1of2,1,4,David Tinsley Eghosa,Efianayi Jr,David Tinsley Eghosa,Efianayi Jr,D,E,D,E,D. Efianayi Jr,ALIAGA PETKIM SPOR,PTK,D. Efianayi Jr,4,,,,,,FT,made,ALIAGA PETKIM SPOR D. EFIANAYI JR FT 1of2 made,,,,,,,,,1,202,1.0,made_ft,0,74,1,56
02:55,02:55:00,74,56,18,2,4,REGULAR,64,M. SAJUS,1,assist,641,640,[],,0,19,Martynas,Sajus,Martynas,Sajus,M,S,M,S,M. Sajus,ALIAGA PETKIM SPOR,PTK,M. Sajus,19,,,,,,ASS,,ALIAGA PETKIM SPOR M. SAJUS assist,,,,,,,,,0,203,2.0,,0,74,0,56
02:55,02:55:00,74,57,17,2,4,REGULAR,67,D. EFIANAYI JR,1,freethrow,642,,[],2of2,1,4,David Tinsley Eghosa,Efianayi Jr,David Tinsley Eghosa,Efianayi Jr,D,E,D,E,D. Efianayi Jr,ALIAGA PETKIM SPOR,PTK,D. Efianayi Jr,4,,,,,,FT,made,ALIAGA PETKIM SPOR D. EFIANAYI JR FT 2of2 made,,,,,,,,,1,203,2.0,made_ft_last,0,74,1,57
02:45,02:45:00,74,57,17,1,4,REGULAR,76,M. SIMONOVIC,1,foul,645,,[],offensive,0,11,Marko,Simonovic,Marko,Simonovic,M,S,M,S,M. Simonovic,TÜRK TELEKOM,TTK,M. Simonovic,11,,,,,,RFOUL,,TÜRK TELEKOM M. SIMONOVIC foul offensive,,,,,,,,,0,204,1.0,offensive_foul,0,74,0,57
02:45,02:45:00,74,57,17,1,4,REGULAR,76,M. SIMONOVIC,1,turnover,646,645,[],offensive,0,11,Marko,Simonovic,Marko,Simonovic,M,S,M,S,M. Simonovic,TÜRK TELEKOM,TTK,M. Simonovic,11,,,,,,TO,,TÜRK TELEKOM M. SIMONOVIC turnover offensive,,,,,,,,,0,205,2.0,turnover,0,74,0,57
02:45,02:45:00,74,57,17,2,4,REGULAR,68,Y. FRANKE,1,foulon,647,645,[],,0,5,Yannick Ayrton,Franke,Yannick Ayrton,Franke,Y,F,Y,F,Y. Franke,ALIAGA PETKIM SPOR,PTK,Y. Franke,5,,,,,,OTHER,,ALIAGA PETKIM SPOR foulon,,,,,,,,,0,206,1.0,,0,74,0,57
02:31,02:31:00,74,57,17,2,4,REGULAR,98,P. SCRUBB,0,3pt,649,,['fromturnover'],jumpshot,1,23,Philip Alexander,Scrubb,Philip Alexander,Scrubb,P,S,P,S,P. Scrubb,ALIAGA PETKIM SPOR,PTK,P. Scrubb,23,,,70.360000610352,74.860000610352,0.0,P3,missed,ALIAGA PETKIM SPOR P. SCRUBB 3Pt missed,,,,,,,,,0,206,1.0,def_reb,0,74,0,57
02:28,02:28:00,74,57,17,1,4,REGULAR,78,K. BANKSTON,1,rebound,650,649,[],defensive,0,30,Kristeon Lamar,Bankston,Kristeon Lamar,Bankston,K,B,K,B,K. Bankston,TÜRK TELEKOM,TTK,K. Bankston,30,,,,,,REB,,TÜRK TELEKOM rebound defensive,,,,,,,,,0,207,2.0,def_reb,0,74,0,57
02:10,02:10:00,77,57,20,1,4,REGULAR,5,D. ÖZDEMIROGLU,1,3pt,651,,[],jumpshot,1,18,Dogus,Özdemiroglu,Dogus,Özdemiroglu,D,Ö,D,Ö,D. Özdemiroglu,TÜRK TELEKOM,TTK,D. Özdemiroglu,18,,,19.809999465942,9.039999961853,1.0,P3,made,TÜRK TELEKOM D. ÖZDEMIROGLU 3Pt made,76.0,1.0,M. SIMONOVIC,,,,,,3,208,1.0,score,3,77,0,57
02:10,02:10:00,77,57,20,1,4,REGULAR,76,M. SIMONOVIC,1,assist,653,651,[],,0,11,Marko,Simonovic,Marko,Simonovic,M,S,M,S,M. Simonovic,TÜRK TELEKOM,TTK,M. Simonovic,11,,,,,,ASS,,TÜRK TELEKOM M. SIMONOVIC assist,,,,,,,,,0,209,2.0,,0,77,0,57
02:06,02:06:00,77,57,20,2,4,REGULAR,0,,1,timeout,654,,[],full,0,,,,,,,,,,,ALIAGA PETKIM SPOR,PTK,,,,,,,,TIMEOUT,,ALIAGA PETKIM SPOR timeout,,,,,,,,,0,209,2.0,,0,77,0,57
02:06,02:06:00,77,57,20,1,4,REGULAR,5,D. ÖZDEMIROGLU,1,substitution,655,,[],out,0,18,Dogus,Özdemiroglu,Dogus,Özdemiroglu,D,Ö,D,Ö,D. Özdemiroglu,TÜRK TELEKOM,TTK,D. Özdemiroglu,18,,,,,,SUB,out,TÜRK TELEKOM substitution out,,,,,,,,,0,209,2.0,,0,77,0,57
02:06,02:06:00,77,57,20,1,4,REGULAR,3,A. KAHRAMAN,1,substitution,656,,[],in,0,6,Ata,Kahraman,Ata,Kahraman,A,K,A,K,A. Kahraman,TÜRK TELEKOM,TTK,A. Kahraman,6,,,,,,SUB,in,TÜRK TELEKOM substitution in,,,,,,,,,0,209,2.0,,0,77,0,57
01:47,01:47:00,77,59,18,2,4,REGULAR,64,M. SAJUS,1,2pt,660,,['pointsinthepaint'],jumpshot,1,19,Martynas,Sajus,Martynas,Sajus,M,S,M,S,M. Sajus,ALIAGA PETKIM SPOR,PTK,M. Sajus,19,,,90.169998168945,60.169998168945,1.0,P2,made,ALIAGA PETKIM SPOR M. SAJUS 2Pt made,67.0,2.0,D. EFIANAYI JR,,,,,,2,209,2.0,score,0,77,2,59
01:47,01:47:00,77,59,18,2,4,REGULAR,67,D. EFIANAYI JR,1,assist,661,660,[],,0,4,David Tinsley Eghosa,Efianayi Jr,David Tinsley Eghosa,Efianayi Jr,D,E,D,E,D. Efianayi Jr,ALIAGA PETKIM SPOR,PTK,D. Efianayi Jr,4,,,,,,ASS,,ALIAGA PETKIM SPOR D. EFIANAYI JR assist,,,,,,,,,0,210,1.0,,0,77,0,59
01:30,01:30:00,77,59,18,1,4,REGULAR,3,A. KAHRAMAN,0,2pt,664,,['pointsinthepaint'],layup,1,6,Ata,Kahraman,Ata,Kahraman,A,K,A,K,A. Kahraman,TÜRK TELEKOM,TTK,A. Kahraman,6,,,8.7399997711182,59.599998474121,0.0,P2,missed,TÜRK TELEKOM A. KAHRAMAN 2Pt missed,,,,,,,,,0,210,1.0,,0,77,0,59
01:27,01:27:00,77,59,18,1,4,REGULAR,78,K. BANKSTON,1,rebound,665,664,[],offensive,0,30,Kristeon Lamar,Bankston,Kristeon Lamar,Bankston,K,B,K,B,K. Bankston,TÜRK TELEKOM,TTK,K. Bankston,30,,,,,,REB,,TÜRK TELEKOM rebound offensive,,,,,,,,,0,210,1.0,,0,77,0,59
01:25,01:25:00,80,59,21,1,4,REGULAR,76,M. SIMONOVIC,1,3pt,666,,['2ndchance'],jumpshot,1,11,Marko,Simonovic,Marko,Simonovic,M,S,M,S,M. Simonovic,TÜRK TELEKOM,TTK,M. Simonovic,11,,,29.489999771118,27.39999961853,1.0,P3,made,TÜRK TELEKOM M. SIMONOVIC 3Pt made,78.0,1.0,K. BANKSTON,,,,,,3,210,1.0,score,3,80,0,59
01:25,01:25:00,80,59,21,1,4,REGULAR,78,K. BANKSTON,1,assist,667,666,[],,0,30,Kristeon Lamar,Bankston,Kristeon Lamar,Bankston,K,B,K,B,K. Bankston,TÜRK TELEKOM,TTK,K. Bankston,30,,,,,,ASS,,TÜRK TELEKOM K. BANKSTON assist,,,,,,,,,0,211,2.0,,0,80,0,59
01:13,01:13:00,80,59,21,2,4,REGULAR,67,D. EFIANAYI JR,0,2pt,672,,['pointsinthepaint'],layup,1,4,David Tinsley Eghosa,Efianayi Jr,David Tinsley Eghosa,Efianayi Jr,D,E,D,E,D. Efianayi Jr,ALIAGA PETKIM SPOR,PTK,D. Efianayi Jr,4,,,92.819999694824,49.150001525879,0.0,P2,missed,ALIAGA PETKIM SPOR D. EFIANAYI JR 2Pt missed,,,,,,,,,0,211,2.0,,0,80,0,59
01:09,01:09:00,80,59,21,2,4,REGULAR,0,,1,jumpball,674,,[],heldball,0,,,,,,,,,,,ALIAGA PETKIM SPOR,PTK,,,,,,,,JUMP,,jump ball,,,,,,,,,0,211,2.0,,0,80,0,59
01:09,01:09:00,80,59,21,2,4,REGULAR,64,M. SAJUS,1,rebound,675,672,[],offensive,0,19,Martynas,Sajus,Martynas,Sajus,M,S,M,S,M. Sajus,ALIAGA PETKIM SPOR,PTK,M. Sajus,19,,,,,,REB,,ALIAGA PETKIM SPOR rebound offensive,,,,,,,,,0,211,2.0,,0,80,0,59
01:09,01:09:00,80,59,21,2,4,REGULAR,98,P. SCRUBB,1,substitution,676,,[],out,0,23,Philip Alexander,Scrubb,Philip Alexander,Scrubb,P,S,P,S,P. Scrubb,ALIAGA PETKIM SPOR,PTK,P. Scrubb,23,,,,,,SUB,out,ALIAGA PETKIM SPOR substitution out,,,,,,,,,0,211,2.0,,0,80,0,59
01:09,01:09:00,80,59,21,2,4,REGULAR,46,K. SOYUÇAYLI,1,substitution,677,,[],in,0,1,Kerem,Soyuçayli,Kerem,Soyuçayli,K,S,K,S,K. Soyuçayli,ALIAGA PETKIM SPOR,PTK,K. Soyuçayli,1,,,,,,SUB,in,ALIAGA PETKIM SPOR substitution in,,,,,,,,,0,211,2.0,,0,80,0,59
00:57,00:57:50,80,59,21,2,4,REGULAR,67,D. EFIANAYI JR,1,turnover,679,,[],ballhandling,0,4,David Tinsley Eghosa,Efianayi Jr,David Tinsley Eghosa,Efianayi Jr,D,E,D,E,D. Efianayi Jr,ALIAGA PETKIM SPOR,PTK,D. Efianayi Jr,4,,,,,,TO,,ALIAGA PETKIM SPOR D. EFIANAYI JR turnover ballhandling,,,,,,,,,0,211,2.0,turnover,0,80,0,59
00:57,00:57:50,80,59,21,1,4,REGULAR,3,A. KAHRAMAN,1,steal,680,679,[],,0,6,Ata,Kahraman,Ata,Kahraman,A,K,A,K,A. Kahraman,TÜRK TELEKOM,TTK,A. Kahraman,6,,,,,,ST,,TÜRK TELEKOM A. KAHRAMAN steal,,,,,,,,,0,212,1.0,,0,80,0,59
00:53,00:53:10,82,59,23,1,4,REGULAR,3,A. KAHRAMAN,1,2pt,682,,"['fromturnover', 'pointsinthepaint', 'fastbreak']",layup,1,6,Ata,Kahraman,Ata,Kahraman,A,K,A,K,A. Kahraman,TÜRK TELEKOM,TTK,A. Kahraman,6,,,7.8000001907349,52.819999694824,1.0,P2,made,TÜRK TELEKOM A. KAHRAMAN 2Pt made,,,,,,,,,2,212,1.0,score,2,82,0,59
00:39,00:39:00,82,59,23,2,4,REGULAR,67,D. EFIANAYI JR,0,3pt,684,,[],jumpshot,1,4,David Tinsley Eghosa,Efianayi Jr,David Tinsley Eghosa,Efianayi Jr,D,E,D,E,D. Efianayi Jr,ALIAGA PETKIM SPOR,PTK,D. Efianayi Jr,4,,,76.599998474121,87.849998474121,0.0,P3,missed,ALIAGA PETKIM SPOR D. EFIANAYI JR 3Pt missed,,,,,,,,,0,213,2.0,def_reb,0,82,0,59
00:35,00:35:90,82,59,23,1,4,REGULAR,8,Y. GÜLTEKIN,1,rebound,685,684,[],defensive,0,19,Yavuz,Gültekin,Yavuz,Gültekin,Y,G,Y,G,Y. Gültekin,TÜRK TELEKOM,TTK,Y. Gültekin,19,,,,,,REB,,TÜRK TELEKOM rebound defensive,,,,,,,,,0,214,1.0,def_reb,0,82,0,59
00:15,00:15:30,85,59,26,1,4,REGULAR,8,Y. GÜLTEKIN,1,3pt,687,,[],jumpshot,1,19,Yavuz,Gültekin,Yavuz,Gültekin,Y,G,Y,G,Y. Gültekin,TÜRK TELEKOM,TTK,Y. Gültekin,19,,,20.89999961853,93.790000915527,1.0,P3,made,TÜRK TELEKOM Y. GÜLTEKIN 3Pt made,77.0,1.0,J. SMITH,,,,,,3,215,2.0,score,3,85,0,59
00:15,00:15:30,85,59,26,1,4,REGULAR,77,J. SMITH,1,assist,688,687,[],,0,9,Jaleen Devon,Smith,Jaleen Devon,Smith,J,S,J,S,J. Smith,TÜRK TELEKOM,TTK,J. Smith,9,,,,,,ASS,,TÜRK TELEKOM J. SMITH assist,,,,,,,,,0,216,1.0,,0,85,0,59
00:00,00:00:70,85,59,26,1,4,REGULAR,8,Y. GÜLTEKIN,1,foul,695,,"['shooting', '2freethrow']",personal,0,19,Yavuz,Gültekin,Yavuz,Gültekin,Y,G,Y,G,Y. Gültekin,TÜRK TELEKOM,TTK,Y. Gültekin,19,,,,,,FOUL,,TÜRK TELEKOM Y. GÜLTEKIN foul personal,,,,,,,,,0,216,1.0,,0,85,0,59
00:00,00:00:70,85,59,26,2,4,REGULAR,64,M. SAJUS,1,foulon,696,695,[],,0,19,Martynas,Sajus,Martynas,Sajus,M,S,M,S,M. Sajus,ALIAGA PETKIM SPOR,PTK,M. Sajus,19,,,,,,OTHER,,ALIAGA PETKIM SPOR foulon,,,,,,,,,0,216,1.0,,0,85,0,59
00:00,00:00:70,85,60,25,2,4,REGULAR,64,M. SAJUS,1,freethrow,697,,[],1of2,1,19,Martynas,Sajus,Martynas,Sajus,M,S,M,S,M. Sajus,ALIAGA PETKIM SPOR,PTK,M. Sajus,19,,,,,,FT,made,ALIAGA PETKIM SPOR M. SAJUS FT 1of2 made,,,,,,,,,1,216,1.0,made_ft,0,85,1,60
00:00,00:00:70,85,60,25,2,4,REGULAR,68,Y. FRANKE,1,assist,698,697,[],,0,5,Yannick Ayrton,Franke,Yannick Ayrton,Franke,Y,F,Y,F,Y. Franke,ALIAGA PETKIM SPOR,PTK,Y. Franke,5,,,,,,ASS,,ALIAGA PETKIM SPOR Y. FRANKE assist,,,,,,,,,0,217,2.0,,0,85,0,60
00:00,00:00:70,85,61,24,2,4,REGULAR,64,M. SAJUS,1,freethrow,699,,[],2of2,1,19,Martynas,Sajus,Martynas,Sajus,M,S,M,S,M. Sajus,ALIAGA PETKIM SPOR,PTK,M. Sajus,19,,,,,,FT,made,ALIAGA PETKIM SPOR M. SAJUS FT 2of2 made,,,,,,,,,1,217,2.0,made_ft_last,0,85,1,61
00:00,00:00:00,85,61,24,0,4,REGULAR,0,,1,period,702,,['confirmed'],end,0,,,,,,,,,,,,,,,,,,,,OTHER,,period end,,,,,,,,,0,218,1.0,,0,85,0,61
00:00,00:00:00,85,61,24,0,4,REGULAR,0,,1,game,703,,['confirmed'],end,0,,,,,,,,,,,,,,,,,,,,OTHER,,game end,,,,,,,,,0,218,1.0,,0,85,0,61
