gt,clock,s1,s2,lead,tno,period,periodType,pno,player,success,actionType,actionNumber,previousAction,qualifier,subType,scoring,shirtNumber,firstName,familyName,internationalFirstName,internationalFamilyName,firstNameInitial,familyNameInitial,internationalFirstNameInitial,internationalFamilyNameInitial,scoreboardName,team_name,team_code,player_name_from_roster,player_shirt,player_pos_raw,player_pos_group,x,y,r,ev_code,ev_result,ev_text,assist_pno,assist_tno,assist_player,block_pno,block_tno,block_player,assist_pos_group,block_pos_group,points,possession_id,possession_owner_tno,possession_end_reason,pts_1,cum_1,pts_2,cum_2
10:00,10:00:00,0,0,0,0,1,REGULAR,0,,1,game,1,,[],start,0,,,,,,,,,,,,,,,,,,,,OTHER,,game start,,,,,,,,,0,0,,,0,0,0,0
10:00,10:00:00,0,0,0,0,1,REGULAR,0,,1,period,2,,[],start,0,,,,,,,,,,,,,,,,,,,,OTHER,,period start,,,,,,,,,0,0,,,0,0,0,0
10:00,10:00:00,0,0,0,0,1,REGULAR,0,,1,jumpball,4,,[],startperiod,0,,,,,,,,,,,,,,,,,,,,JUMP,,jump ball,,,,,,,,,0,0,,,0,0,0,0
09:56,09:56:00,0,0,0,1,1,REGULAR,88,M. BLAZEVIC,1,jumpball,5,4,[],won,0,22,Marek,Blazevic,Marek,Blazevic,M,B,M,B,M. Blazevic,TOFAS,TOF,M. Blazevic,22,,,,,,JUMP,,jump ball,,,,,,,,,0,0,,,0,0,0,0
09:56,09:56:00,0,0,0,2,1,REGULAR,12,A. BANDAOGO,1,jumpball,6,4,[],lost,0,55,Abdou Aziz,Bandaogo,Abdou Aziz,Bandaogo,A,B,A,B,A. Bandaogo,ONVO BÜYÜKÇEKMECE BASKETBOL,BÇB,A. Bandaogo,55,,,,,,JUMP,,jump ball,,,,,,,,,0,0,,,0,0,0,0
09:45,09:45:00,0,0,0,1,1,REGULAR,66,Y. SAYBIR,1,turnover,7,,[],badpass,0,3,Yigitcan,Saybir,Yigitcan,Saybir,Y,S,Y,S,Y. Saybir,TOFAS,TOF,Y. Saybir,3,,,,,,TO,,TOFAS Y. SAYBIR turnover badpass,,,,,,,,,0,1,1.0,turnover,0,0,0,0
09:45,09:45:00,0,0,0,2,1,REGULAR,12,A. BANDAOGO,1,steal,8,7,[],,0,55,Abdou Aziz,Bandaogo,Abdou Aziz,Bandaogo,A,B,A,B,A. Bandaogo,ONVO BÜYÜKÇEKMECE BASKETBOL,BÇB,A. Bandaogo,55,,,,,,ST,,ONVO BÜYÜKÇEKMECE BASKETBOL A. BANDAOGO steal,,,,,,,,,0,2,2.0,,0,0,0,0
09:38,09:38:00,0,0,0,2,1,REGULAR,8,Y. ÖZKAN,0,3pt,9,,['fromturnover'],jumpshot,1,2,Yigit,Özkan,Yigit,Özkan,Y,Ö,Y,Ö,Y. Özkan,ONVO BÜYÜKÇEKMECE BASKETBOL,BÇB,Y. Özkan,2,,,75.069999694824,85.98999786377,0.0,P3,missed,ONVO BÜYÜKÇEKMECE BASKETBOL Y. ÖZKAN 3Pt missed,,,,,,,,,0,2,2.0,def_reb,0,0,0,0
09:36,09:36:00,0,0,0,1,1,REGULAR,88,M. BLAZEVIC,1,rebound,10,9,[],defensive,0,22,Marek,Blazevic,Marek,Blazevic,M,B,M,B,M. Blazevic,TOFAS,TOF,M. Blazevic,22,,,,,,REB,,TOFAS rebound defensive,,,,,,,,,0,3,1.0,def_reb,0,0,0,0
09:25,09:25:00,0,0,0,1,1,REGULAR,91,M. LEWIS III,0,2pt,11,,['pointsinthepaint'],drivinglayup,1,21,Maxwell Robert ,Lewis Iii,Maxwell Robert ,Lewis Iii,M,L,M,L,M. Lewis Iii,TOFAS,TOF,M. Lewis Iii,21,,,11.420000076294,57.740001678467,0.0,P2,missed,TOFAS M. LEWIS III 2Pt missed,,,,,,,,,0,4,2.0,def_reb,0,0,0,0
09:21,09:21:00,0,0,0,2,1,REGULAR,5,J. LECQUE,1,rebound,12,11,[],defensive,0,0,Jalen Evander,Lecque,Jalen Evander,Lecque,J,L,J,L,J. Lecque,ONVO BÜYÜKÇEKMECE BASKETBOL,BÇB,J. Lecque,0,,,,,,REB,,ONVO BÜYÜKÇEKMECE BASKETBOL rebound defensive,,,,,,,,,0,5,1.0,def_reb,0,0,0,0
08:58,08:58:00,0,0,0,2,1,REGULAR,13,K. VAN DER VUURST DE VRIES,0,3pt,14,,[],jumpshot,1,1,Keye Jord,Van Der Vuurst De Vries,Keye Jord,Van Der Vuurst De Vries,K,V,K,V,K. Van Der Vuurst De Vries,ONVO BÜYÜKÇEKMECE BASKETBOL,BÇB,K. Van Der Vuurst De Vries,1,,,63.840000152588,61.130001068115,0.0,P3,missed,ONVO BÜYÜKÇEKMECE BASKETBOL K. VAN DER VUURST DE VRIES 3Pt missed,,,,,,,,,0,6,2.0,def_reb,0,0,0,0
08:57,08:57:00,0,0,0,1,1,REGULAR,0,,1,rebound,15,14,['team'],defensive,0,,,,,,,,,,,TOFAS,TOF,,,,,,,,TREB,,TOFAS team rebound defensive,,,,,,,,,0,7,1.0,def_reb,0,0,0,0
08:43,08:43:00,0,0,0,2,1,REGULAR,10,M. TÜREN,1,foul,20,,"['shooting', '2freethrow']",personal,0,7,Metin,Türen,Metin,Türen,M,T,M,T,M. Türen,ONVO BÜYÜKÇEKMECE BASKETBOL,BÇB,M. Türen,7,,,,,,FOUL,,ONVO BÜYÜKÇEKMECE BASKETBOL M. TÜREN foul personal,,,,,,,,,0,8,2.0,,0,0,0,0
08:43,08:43:00,0,0,0,1,1,REGULAR,66,Y. SAYBIR,1,foulon,21,20,[],,0,3,Yigitcan,Saybir,Yigitcan,Saybir,Y,S,Y,S,Y. Saybir,TOFAS,TOF,Y. Saybir,3,,,,,,OTHER,,TOFAS foulon,,,,,,,,,0,8,2.0,,0,0,0,0
08:43,08:43:00,1,0,1,1,1,REGULAR,66,Y. SAYBIR,1,freethrow,22,,[],1of2,1,3,Yigitcan,Saybir,Yigitcan,Saybir,Y,S,Y,S,Y. Saybir,TOFAS,TOF,Y. Saybir,3,,,,,,FT,made,TOFAS Y. SAYBIR FT 1of2 made,,,,,,,,,1,8,2.0,made_ft,1,1,0,0
08:43,08:43:00,2,0,2,1,1,REGULAR,66,Y. SAYBIR,1,freethrow,23,,[],2of2,1,3,Yigitcan,Saybir,Yigitcan,Saybir,Y,S,Y,S,Y. Saybir,TOFAS,TOF,Y. Saybir,3,,,,,,FT,made,TOFAS Y. SAYBIR FT 2of2 made,,,,,,,,,1,9,1.0,made_ft_last,1,2,0,0
08:37,08:37:00,2,0,2,2,1,REGULAR,5,J. LECQUE,0,2pt,25,,[],pullupjumpshot,1,0,Jalen Evander,Lecque,Jalen Evander,Lecque,J,L,J,L,J. Lecque,ONVO BÜYÜKÇEKMECE BASKETBOL,BÇB,J. Lecque,0,,,74.910003662109,54.919998168945,0.0,P2,missed,ONVO BÜYÜKÇEKMECE BASKETBOL J. LECQUE 2Pt missed,,,,,,,,,0,10,2.0,,0,2,0,0
08:34,08:34:00,2,0,2,2,1,REGULAR,8,Y. ÖZKAN,1,rebound,26,25,[],offensive,0,2,Yigit,Özkan,Yigit,Özkan,Y,Ö,Y,Ö,Y. Özkan,ONVO BÜYÜKÇEKMECE BASKETBOL,BÇB,Y. Özkan,2,,,,,,REB,,ONVO BÜYÜKÇEKMECE BASKETBOL rebound offensive,,,,,,,,,0,10,2.0,,0,2,0,0
08:25,08:25:00,2,3,-1,2,1,REGULAR,13,K. VAN DER VUURST DE VRIES,1,3pt,27,,['2ndchance'],jumpshot,1,1,Keye Jord,Van Der Vuurst De Vries,Keye Jord,Van Der Vuurst De Vries,K,V,K,V,K. Van Der Vuurst De Vries,ONVO BÜYÜKÇEKMECE BASKETBOL,BÇB,K. Van Der Vuurst De Vries,1,,,71.480003356934,22.709999084473,1.0,P3,made,ONVO BÜYÜKÇEKMECE BASKETBOL K. VAN DER VUURST DE VRIES 3Pt made,,,,,,,,,3,10,2.0,score,0,2,3,3
08:12,08:12:00,2,3,-1,1,1,REGULAR,88,M. BLAZEVIC,0,2pt,28,,['pointsinthepaint'],turnaroundjumpshot,1,22,Marek,Blazevic,Marek,Blazevic,M,B,M,B,M. Blazevic,TOFAS,TOF,M. Blazevic,22,,,8.6099996566772,57.180000305176,0.0,P2,missed,TOFAS M. BLAZEVIC 2Pt missed,,,,,,,,,0,11,1.0,,0,2,0,3
08:09,08:09:00,2,3,-1,1,1,REGULAR,66,Y. SAYBIR,1,rebound,29,28,[],offensive,0,3,Yigitcan,Saybir,Yigitcan,Saybir,Y,S,Y,S,Y. Saybir,TOFAS,TOF,Y. Saybir,3,,,,,,REB,,TOFAS rebound offensive,,,,,,,,,0,11,1.0,,0,2,0,3
08:09,08:09:00,2,3,-1,1,1,REGULAR,66,Y. SAYBIR,0,2pt,30,,"['2ndchance', 'pointsinthepaint']",tipinlayup,1,3,Yigitcan,Saybir,Yigitcan,Saybir,Y,S,Y,S,Y. Saybir,TOFAS,TOF,Y. Saybir,3,,,6.0,50.0,0.0,P2,missed,TOFAS Y. SAYBIR 2Pt missed,,,,,,,,,0,11,1.0,def_reb,0,2,0,3
08:08,08:08:00,2,3,-1,2,1,REGULAR,10,M. TÜREN,1,rebound,31,30,[],defensive,0,7,Metin,Türen,Metin,Türen,M,T,M,T,M. Türen,ONVO BÜYÜKÇEKMECE BASKETBOL,BÇB,M. Türen,7,,,,,,REB,,ONVO BÜYÜKÇEKMECE BASKETBOL rebound defensive,,,,,,,,,0,12,2.0,def_reb,0,2,0,3
08:04,08:04:00,2,5,-3,2,1,REGULAR,5,J. LECQUE,1,2pt,32,,"['pointsinthepaint', 'fastbreak']",dunk,1,0,Jalen Evander,Lecque,Jalen Evander,Lecque,J,L,J,L,J. Lecque,ONVO BÜYÜKÇEKMECE BASKETBOL,BÇB,J. Lecque,0,,,90.669998168945,55.200000762939,1.0,P2,made,ONVO BÜYÜKÇEKMECE BASKETBOL J. LECQUE 2Pt made,10.0,2.0,M. TÜREN,,,,,,2,13,1.0,score,0,2,2,5
08:04,08:04:00,2,5,-3,2,1,REGULAR,10,M. TÜREN,1,assist,33,32,[],,0,7,Metin,Türen,Metin,Türen,M,T,M,T,M. Türen,ONVO BÜYÜKÇEKMECE BASKETBOL,BÇB,M. Türen,7,,,,,,ASS,,ONVO BÜYÜKÇEKMECE BASKETBOL M. TÜREN assist,,,,,,,,,0,14,2.0,,0,2,0,5
07:33,07:33:00,4,5,-1,1,1,REGULAR,93,J. THOMASSON JR,1,2pt,36,,[],turnaroundjumpshot,1,32,Joseph Elliotte,Thomasson Jr,Joseph Elliotte,Thomasson Jr,J,T,J,T,J. Thomasson Jr,TOFAS,TOF,J. Thomasson Jr,32,,,10.949999809265,23.559999465942,1.0,P2,made,TOFAS J. THOMASSON JR 2Pt made,89.0,1.0,A. PEREZ,,,,,,2,14,2.0,score,2,4,0,5
07:33,07:33:00,4,5,-1,1,1,REGULAR,89,A. PEREZ,1,assist,37,36,[],,0,2,Alex Daniel,Perez,Alex Daniel,Perez,A,P,A,P,A. Perez,TOFAS,TOF,A. Perez,2,,,,,,ASS,,TOFAS A. PEREZ assist,,,,,,,,,0,15,1.0,,0,4,0,5
07:17,07:17:00,4,5,-1,2,1,REGULAR,12,A. BANDAOGO,0,2pt,38,,"['pointsinthepaint', 'blocked']",jumpshot,1,55,Abdou Aziz,Bandaogo,Abdou Aziz,Bandaogo,A,B,A,B,A. Bandaogo,ONVO BÜYÜKÇEKMECE BASKETBOL,BÇB,A. Bandaogo,55,,,93.790000915527,43.900001525879,0.0,P2,missed,ONVO BÜYÜKÇEKMECE BASKETBOL A. BANDAOGO 2Pt missed,,,,88.0,1.0,M. BLAZEVIC,,,0,15,1.0,,0,4,0,5
07:17,07:17:00,4,5,-1,1,1,REGULAR,88,M. BLAZEVIC,1,block,39,38,[],,0,22,Marek,Blazevic,Marek,Blazevic,M,B,M,B,M. Blazevic,TOFAS,TOF,M. Blazevic,22,,,,,,BS,,TOFAS M. BLAZEVIC block,,,,,,,,,0,15,1.0,,0,4,0,5
07:12,07:12:00,4,5,-1,2,1,REGULAR,12,A. BANDAOGO,1,rebound,40,38,[],offensive,0,55,Abdou Aziz,Bandaogo,Abdou Aziz,Bandaogo,A,B,A,B,A. Bandaogo,ONVO BÜYÜKÇEKMECE BASKETBOL,BÇB,A. Bandaogo,55,,,,,,REB,,ONVO BÜYÜKÇEKMECE BASKETBOL rebound offensive,,,,,,,,,0,15,1.0,,0,4,0,5
07:12,07:12:00,4,5,-1,2,1,REGULAR,12,A. BANDAOGO,0,2pt,41,,"['2ndchance', 'pointsinthepaint']",jumpshot,1,55,Abdou Aziz,Bandaogo,Abdou Aziz,Bandaogo,A,B,A,B,A. Bandaogo,ONVO BÜYÜKÇEKMECE BASKETBOL,BÇB,A. Bandaogo,55,,,88.330001831055,56.610000610352,0.0,P2,missed,ONVO BÜYÜKÇEKMECE BASKETBOL A. BANDAOGO 2Pt missed,,,,,,,,,0,15,1.0,def_reb,0,4,0,5
07:10,07:10:00,4,5,-1,1,1,REGULAR,88,M. BLAZEVIC,1,rebound,42,41,[],defensive,0,22,Marek,Blazevic,Marek,Blazevic,M,B,M,B,M. Blazevic,TOFAS,TOF,M. Blazevic,22,,,,,,REB,,TOFAS rebound defensive,,,,,,,,,0,16,2.0,def_reb,0,4,0,5
06:54,06:54:00,6,5,1,1,1,REGULAR,88,M. BLAZEVIC,1,2pt,43,,['pointsinthepaint'],jumpshot,1,22,Marek,Blazevic,Marek,Blazevic,M,B,M,B,M. Blazevic,TOFAS,TOF,M. Blazevic,22,,,6.4299998283386,55.200000762939,1.0,P2,made,TOFAS M. BLAZEVIC 2Pt made,93.0,1.0,J. THOMASSON JR,,,,,,2,17,1.0,score,2,6,0,5
06:54,06:54:00,6,5,1,1,1,REGULAR,93,J. THOMASSON JR,1,assist,44,43,[],,0,32,Joseph Elliotte,Thomasson Jr,Joseph Elliotte,Thomasson Jr,J,T,J,T,J. Thomasson Jr,TOFAS,TOF,J. Thomasson Jr,32,,,,,,ASS,,TOFAS J. THOMASSON JR assist,,,,,,,,,0,18,2.0,,0,6,0,5
06:34,06:34:00,6,5,1,2,1,REGULAR,13,K. VAN DER VUURST DE VRIES,0,3pt,48,,[],jumpshot,1,1,Keye Jord,Van Der Vuurst De Vries,Keye Jord,Van Der Vuurst De Vries,K,V,K,V,K. Van Der Vuurst De Vries,ONVO BÜYÜKÇEKMECE BASKETBOL,BÇB,K. Van Der Vuurst De Vries,1,,,73.819999694824,79.209999084473,0.0,P3,missed,ONVO BÜYÜKÇEKMECE BASKETBOL K. VAN DER VUURST DE VRIES 3Pt missed,,,,,,,,,0,18,2.0,def_reb,0,6,0,5
06:32,06:32:00,6,5,1,1,1,REGULAR,93,J. THOMASSON JR,1,rebound,49,48,[],defensive,0,32,Joseph Elliotte,Thomasson Jr,Joseph Elliotte,Thomasson Jr,J,T,J,T,J. Thomasson Jr,TOFAS,TOF,J. Thomasson Jr,32,,,,,,REB,,TOFAS rebound defensive,,,,,,,,,0,19,1.0,def_reb,0,6,0,5
06:23,06:23:00,6,5,1,1,1,REGULAR,91,M. LEWIS III,1,turnover,51,,[],badpass,0,21,Maxwell Robert ,Lewis Iii,Maxwell Robert ,Lewis Iii,M,L,M,L,M. Lewis Iii,TOFAS,TOF,M. Lewis Iii,21,,,,,,TO,,TOFAS M. LEWIS III turnover badpass,,,,,,,,,0,20,2.0,turnover,0,6,0,5
06:20,06:20:00,6,5,1,2,1,REGULAR,8,Y. ÖZKAN,0,2pt,53,,"['fromturnover', 'pointsinthepaint', 'blocked']",jumpshot,1,2,Yigit,Özkan,Yigit,Özkan,Y,Ö,Y,Ö,Y. Özkan,ONVO BÜYÜKÇEKMECE BASKETBOL,BÇB,Y. Özkan,2,,,95.199996948242,53.220001220703,0.0,P2,missed,ONVO BÜYÜKÇEKMECE BASKETBOL Y. ÖZKAN 2Pt missed,,,,93.0,1.0,J. THOMASSON JR,,,0,21,1.0,,0,6,0,5
06:20,06:20:00,6,5,1,1,1,REGULAR,93,J. THOMASSON JR,1,block,54,53,[],,0,32,Joseph Elliotte,Thomasson Jr,Joseph Elliotte,Thomasson Jr,J,T,J,T,J. Thomasson Jr,TOFAS,TOF,J. Thomasson Jr,32,,,,,,BS,,TOFAS J. THOMASSON JR block,,,,,,,,,0,21,1.0,,0,6,0,5
06:16,06:16:00,6,5,1,2,1,REGULAR,0,,1,rebound,55,53,['team'],offensive,0,,,,,,,,,,,ONVO BÜYÜKÇEKMECE BASKETBOL,BÇB,,,,,,,,TREB,,ONVO BÜYÜKÇEKMECE BASKETBOL team rebound offensive,,,,,,,,,0,21,1.0,def_reb,0,6,0,5
06:03,06:03:00,6,5,1,2,1,REGULAR,13,K. VAN DER VUURST DE VRIES,1,turnover,56,,[],badpass,0,1,Keye Jord,Van Der Vuurst De Vries,Keye Jord,Van Der Vuurst De Vries,K,V,K,V,K. Van Der Vuurst De Vries,ONVO BÜYÜKÇEKMECE BASKETBOL,BÇB,K. Van Der Vuurst De Vries,1,,,,,,TO,,ONVO BÜYÜKÇEKMECE BASKETBOL K. VAN DER VUURST DE VRIES turnover badpass,,,,,,,,,0,22,2.0,turnover,0,6,0,5
06:03,06:03:00,6,5,1,1,1,REGULAR,66,Y. SAYBIR,1,steal,57,56,[],,0,3,Yigitcan,Saybir,Yigitcan,Saybir,Y,S,Y,S,Y. Saybir,TOFAS,TOF,Y. Saybir,3,,,,,,ST,,TOFAS Y. SAYBIR steal,,,,,,,,,0,23,1.0,,0,6,0,5
05:59,05:59:00,6,5,1,2,1,REGULAR,8,Y. ÖZKAN,1,foul,58,,[],personal,0,2,Yigit,Özkan,Yigit,Özkan,Y,Ö,Y,Ö,Y. Özkan,ONVO BÜYÜKÇEKMECE BASKETBOL,BÇB,Y. Özkan,2,,,,,,FOUL,,ONVO BÜYÜKÇEKMECE BASKETBOL Y. ÖZKAN foul personal,,,,,,,,,0,23,1.0,,0,6,0,5
05:59,05:59:00,6,5,1,1,1,REGULAR,66,Y. SAYBIR,1,foulon,59,58,[],,0,3,Yigitcan,Saybir,Yigitcan,Saybir,Y,S,Y,S,Y. Saybir,TOFAS,TOF,Y. Saybir,3,,,,,,OTHER,,TOFAS foulon,,,,,,,,,0,23,1.0,,0,6,0,5
05:58,05:58:00,6,5,1,2,1,REGULAR,8,Y. ÖZKAN,1,substitution,63,,[],out,0,2,Yigit,Özkan,Yigit,Özkan,Y,Ö,Y,Ö,Y. Özkan,ONVO BÜYÜKÇEKMECE BASKETBOL,BÇB,Y. Özkan,2,,,,,,SUB,out,ONVO BÜYÜKÇEKMECE BASKETBOL substitution out,,,,,,,,,0,23,1.0,,0,6,0,5
05:58,05:58:00,6,5,1,2,1,REGULAR,6,J. JOHNSON,1,substitution,64,,[],in,0,92,Jaron Tremel,Johnson,Jaron Tremel,Johnson,J,J,J,J,J. Johnson,ONVO BÜYÜKÇEKMECE BASKETBOL,BÇB,J. Johnson,92,,,,,,SUB,in,ONVO BÜYÜKÇEKMECE BASKETBOL substitution in,,,,,,,,,0,23,1.0,,0,6,0,5
05:44,05:44:00,8,5,3,1,1,REGULAR,66,Y. SAYBIR,1,2pt,66,,"['fromturnover', 'pointsinthepaint']",turnaroundjumpshot,1,3,Yigitcan,Saybir,Yigitcan,Saybir,Y,S,Y,S,Y. Saybir,TOFAS,TOF,Y. Saybir,3,,,10.479999542236,56.330001831055,1.0,P2,made,TOFAS Y. SAYBIR 2Pt made,,,,,,,,,2,23,1.0,score,2,8,0,5
05:28,05:28:00,8,5,3,2,1,REGULAR,5,J. LECQUE,0,3pt,67,,[],jumpshot,1,0,Jalen Evander,Lecque,Jalen Evander,Lecque,J,L,J,L,J. Lecque,ONVO BÜYÜKÇEKMECE BASKETBOL,BÇB,J. Lecque,0,,,67.580001831055,68.76000213623,0.0,P3,missed,ONVO BÜYÜKÇEKMECE BASKETBOL J. LECQUE 3Pt missed,,,,,,,,,0,24,2.0,def_reb,0,8,0,5
05:27,05:27:00,8,5,3,1,1,REGULAR,0,,1,rebound,69,67,['team'],defensive,0,,,,,,,,,,,TOFAS,TOF,,,,,,,,TREB,,TOFAS team rebound defensive,,,,,,,,,0,25,1.0,def_reb,0,8,0,5
05:13,05:13:00,8,5,3,2,1,REGULAR,12,A. BANDAOGO,1,substitution,74,,[],out,0,55,Abdou Aziz,Bandaogo,Abdou Aziz,Bandaogo,A,B,A,B,A. Bandaogo,ONVO BÜYÜKÇEKMECE BASKETBOL,BÇB,A. Bandaogo,55,,,,,,SUB,out,ONVO BÜYÜKÇEKMECE BASKETBOL substitution out,,,,,,,,,0,26,2.0,,0,8,0,5
05:13,05:13:00,8,5,3,2,1,REGULAR,11,M. SENLI,1,substitution,75,,[],in,0,65,Muhammed Dogan,Senli,Muhammed Dogan,Senli,M,S,M,S,M. Senli,ONVO BÜYÜKÇEKMECE BASKETBOL,BÇB,M. Senli,65,,,,,,SUB,in,ONVO BÜYÜKÇEKMECE BASKETBOL substitution in,,,,,,,,,0,26,2.0,,0,8,0,5
05:03,05:03:00,8,5,3,1,1,REGULAR,91,M. LEWIS III,0,2pt,77,,['pointsinthepaint'],jumpshot,1,21,Maxwell Robert ,Lewis Iii,Maxwell Robert ,Lewis Iii,M,L,M,L,M. Lewis Iii,TOFAS,TOF,M. Lewis Iii,21,,,6.4299998283386,65.370002746582,0.0,P2,missed,TOFAS M. LEWIS III 2Pt missed,,,,,,,,,0,26,2.0,def_reb,0,8,0,5
04:59,04:59:00,8,5,3,2,1,REGULAR,10,M. TÜREN,1,rebound,78,77,[],defensive,0,7,Metin,Türen,Metin,Türen,M,T,M,T,M. Türen,ONVO BÜYÜKÇEKMECE BASKETBOL,BÇB,M. Türen,7,,,,,,REB,,ONVO BÜYÜKÇEKMECE BASKETBOL rebound defensive,,,,,,,,,0,27,1.0,def_reb,0,8,0,5
04:57,04:57:00,8,5,3,2,1,REGULAR,5,J. LECQUE,0,2pt,80,,['pointsinthepaint'],layup,1,0,Jalen Evander,Lecque,Jalen Evander,Lecque,J,L,J,L,J. Lecque,ONVO BÜYÜKÇEKMECE BASKETBOL,BÇB,J. Lecque,0,,,87.709999084473,50.959999084473,0.0,P2,missed,ONVO BÜYÜKÇEKMECE BASKETBOL J. LECQUE 2Pt missed,,,,,,,,,0,28,2.0,def_reb,0,8,0,5
04:57,04:57:00,8,5,3,1,1,REGULAR,0,,1,rebound,81,80,['team'],defensive,0,,,,,,,,,,,TOFAS,TOF,,,,,,,,TREB,,TOFAS team rebound defensive,,,,,,,,,0,29,1.0,def_reb,0,8,0,5
04:57,04:57:00,8,5,3,0,1,REGULAR,0,,1,timeout,82,,[],officials,0,,,,,,,,,,,,,,,,,,,,TIMEOUT,, timeout,,,,,,,,,0,30,2.0,,0,8,0,5
04:57,04:57:00,8,5,3,2,1,REGULAR,5,J. LECQUE,1,substitution,83,,[],out,0,0,Jalen Evander,Lecque,Jalen Evander,Lecque,J,L,J,L,J. Lecque,ONVO BÜYÜKÇEKMECE BASKETBOL,BÇB,J. Lecque,0,,,,,,SUB,out,ONVO BÜYÜKÇEKMECE BASKETBOL substitution out,,,,,,,,,0,30,2.0,,0,8,0,5
04:57,04:57:00,8,5,3,2,1,REGULAR,7,S. PIPES JR,1,substitution,84,,[],in,0,11,Shawn Oneal,Pipes Jr,Shawn Oneal,Pipes Jr,S,P,S,P,S. Pipes Jr,ONVO BÜYÜKÇEKMECE BASKETBOL,BÇB,S. Pipes Jr,11,,,,,,SUB,in,ONVO BÜYÜKÇEKMECE BASKETBOL substitution in,,,,,,,,,0,30,2.0,,0,8,0,5
04:42,04:42:00,11,5,6,1,1,REGULAR,89,A. PEREZ,1,3pt,88,,[],jumpshot,1,2,Alex Daniel,Perez,Alex Daniel,Perez,A,P,A,P,A. Perez,TOFAS,TOF,A. Perez,2,,,29.670000076294,32.319999694824,1.0,P3,made,TOFAS A. PEREZ 3Pt made,,,,,,,,,3,30,2.0,score,3,11,0,5
04:24,04:24:00,11,5,6,2,1,REGULAR,6,J. JOHNSON,0,3pt,89,,[],jumpshot,1,92,Jaron Tremel,Johnson,Jaron Tremel,Johnson,J,J,J,J,J. Johnson,ONVO BÜYÜKÇEKMECE BASKETBOL,BÇB,J. Johnson,92,,,76.470001220703,88.25,0.0,P3,missed,ONVO BÜYÜKÇEKMECE BASKETBOL J. JOHNSON 3Pt missed,,,,,,,,,0,31,1.0,def_reb,0,11,0,5
04:22,04:22:00,11,5,6,1,1,REGULAR,93,J. THOMASSON JR,1,rebound,90,89,[],defensive,0,32,Joseph Elliotte,Thomasson Jr,Joseph Elliotte,Thomasson Jr,J,T,J,T,J. Thomasson Jr,TOFAS,TOF,J. Thomasson Jr,32,,,,,,REB,,TOFAS rebound defensive,,,,,,,,,0,32,2.0,def_reb,0,11,0,5
04:15,04:15:00,11,5,6,1,1,REGULAR,89,A. PEREZ,0,3pt,91,,[],jumpshot,1,2,Alex Daniel,Perez,Alex Daniel,Perez,A,P,A,P,A. Perez,TOFAS,TOF,A. Perez,2,,,13.60000038147,95.309997558594,0.0,P3,missed,TOFAS A. PEREZ 3Pt missed,,,,,,,,,0,33,1.0,def_reb,0,11,0,5
04:13,04:13:00,11,5,6,2,1,REGULAR,10,M. TÜREN,1,rebound,92,91,[],defensive,0,7,Metin,Türen,Metin,Türen,M,T,M,T,M. Türen,ONVO BÜYÜKÇEKMECE BASKETBOL,BÇB,M. Türen,7,,,,,,REB,,ONVO BÜYÜKÇEKMECE BASKETBOL rebound defensive,,,,,,,,,0,34,2.0,def_reb,0,11,0,5
03:56,03:56:00,11,5,6,2,1,REGULAR,7,S. PIPES JR,0,3pt,93,,['blocked'],jumpshot,1,11,Shawn Oneal,Pipes Jr,Shawn Oneal,Pipes Jr,S,P,S,P,S. Pipes Jr,ONVO BÜYÜKÇEKMECE BASKETBOL,BÇB,S. Pipes Jr,11,,,87.23999786377,95.589996337891,0.0,P3,missed,ONVO BÜYÜKÇEKMECE BASKETBOL S. PIPES JR 3Pt missed,,,,91.0,1.0,M. LEWIS III,,,0,35,1.0,,0,11,0,5
03:56,03:56:00,11,5,6,1,1,REGULAR,91,M. LEWIS III,1,block,95,93,[],,0,21,Maxwell Robert ,Lewis Iii,Maxwell Robert ,Lewis Iii,M,L,M,L,M. Lewis Iii,TOFAS,TOF,M. Lewis Iii,21,,,,,,BS,,TOFAS M. LEWIS III block,,,,,,,,,0,35,1.0,,0,11,0,5
03:55,03:55:00,11,5,6,2,1,REGULAR,0,,1,rebound,96,93,['team'],offensive,0,,,,,,,,,,,ONVO BÜYÜKÇEKMECE BASKETBOL,BÇB,,,,,,,,TREB,,ONVO BÜYÜKÇEKMECE BASKETBOL team rebound offensive,,,,,,,,,0,35,1.0,def_reb,0,11,0,5
03:56,03:56:00,11,5,6,1,1,REGULAR,91,M. LEWIS III,1,substitution,98,,[],out,0,21,Maxwell Robert ,Lewis Iii,Maxwell Robert ,Lewis Iii,M,L,M,L,M. Lewis Iii,TOFAS,TOF,M. Lewis Iii,21,,,,,,SUB,out,TOFAS substitution out,,,,,,,,,0,36,2.0,,0,11,0,5
03:56,03:56:00,11,5,6,1,1,REGULAR,90,H. BESSON,1,substitution,99,,[],in,0,25,Hugo Eric,Besson,Hugo Eric,Besson,H,B,H,B,H. Besson,TOFAS,TOF,H. Besson,25,,,,,,SUB,in,TOFAS substitution in,,,,,,,,,0,36,2.0,,0,11,0,5
03:49,03:49:00,11,5,6,2,1,REGULAR,6,J. JOHNSON,0,2pt,101,,['2ndchance'],turnaroundjumpshot,1,92,Jaron Tremel,Johnson,Jaron Tremel,Johnson,J,J,J,J,J. Johnson,ONVO BÜYÜKÇEKMECE BASKETBOL,BÇB,J. Johnson,92,,,77.569999694824,39.659999847412,0.0,P2,missed,ONVO BÜYÜKÇEKMECE BASKETBOL J. JOHNSON 2Pt missed,,,,,,,,,0,36,2.0,def_reb,0,11,0,5
03:46,03:46:00,11,5,6,1,1,REGULAR,90,H. BESSON,1,rebound,102,101,[],defensive,0,25,Hugo Eric,Besson,Hugo Eric,Besson,H,B,H,B,H. Besson,TOFAS,TOF,H. Besson,25,,,,,,REB,,TOFAS rebound defensive,,,,,,,,,0,37,1.0,def_reb,0,11,0,5
03:33,03:33:00,13,5,8,1,1,REGULAR,66,Y. SAYBIR,1,2pt,103,,['pointsinthepaint'],jumpshot,1,3,Yigitcan,Saybir,Yigitcan,Saybir,Y,S,Y,S,Y. Saybir,TOFAS,TOF,Y. Saybir,3,,,8.1400003433228,46.439998626709,1.0,P2,made,TOFAS Y. SAYBIR 2Pt made,88.0,1.0,M. BLAZEVIC,,,,,,2,38,2.0,score,2,13,0,5
03:33,03:33:00,13,5,8,1,1,REGULAR,88,M. BLAZEVIC,1,assist,104,103,[],,0,22,Marek,Blazevic,Marek,Blazevic,M,B,M,B,M. Blazevic,TOFAS,TOF,M. Blazevic,22,,,,,,ASS,,TOFAS M. BLAZEVIC assist,,,,,,,,,0,39,1.0,,0,13,0,5
03:19,03:19:00,13,8,5,2,1,REGULAR,7,S. PIPES JR,1,3pt,105,,[],jumpshot,1,11,Shawn Oneal,Pipes Jr,Shawn Oneal,Pipes Jr,S,P,S,P,S. Pipes Jr,ONVO BÜYÜKÇEKMECE BASKETBOL,BÇB,S. Pipes Jr,11,,,71.480003356934,70.169998168945,1.0,P3,made,ONVO BÜYÜKÇEKMECE BASKETBOL S. PIPES JR 3Pt made,,,,,,,,,3,39,1.0,score,0,13,3,8
03:05,03:05:00,13,8,5,1,1,REGULAR,88,M. BLAZEVIC,1,turnover,106,,[],badpass,0,22,Marek,Blazevic,Marek,Blazevic,M,B,M,B,M. Blazevic,TOFAS,TOF,M. Blazevic,22,,,,,,TO,,TOFAS M. BLAZEVIC turnover badpass,,,,,,,,,0,40,2.0,turnover,0,13,0,8
03:05,03:05:00,13,8,5,2,1,REGULAR,6,J. JOHNSON,1,steal,107,106,[],,0,92,Jaron Tremel,Johnson,Jaron Tremel,Johnson,J,J,J,J,J. Johnson,ONVO BÜYÜKÇEKMECE BASKETBOL,BÇB,J. Johnson,92,,,,,,ST,,ONVO BÜYÜKÇEKMECE BASKETBOL J. JOHNSON steal,,,,,,,,,0,41,1.0,,0,13,0,8
02:59,02:59:00,13,8,5,2,1,REGULAR,13,K. VAN DER VUURST DE VRIES,1,turnover,108,,[],badpass,0,1,Keye Jord,Van Der Vuurst De Vries,Keye Jord,Van Der Vuurst De Vries,K,V,K,V,K. Van Der Vuurst De Vries,ONVO BÜYÜKÇEKMECE BASKETBOL,BÇB,K. Van Der Vuurst De Vries,1,,,,,,TO,,ONVO BÜYÜKÇEKMECE BASKETBOL K. VAN DER VUURST DE VRIES turnover badpass,,,,,,,,,0,41,1.0,turnover,0,13,0,8
02:59,02:59:00,13,8,5,1,1,REGULAR,88,M. BLAZEVIC,1,steal,109,108,[],,0,22,Marek,Blazevic,Marek,Blazevic,M,B,M,B,M. Blazevic,TOFAS,TOF,M. Blazevic,22,,,,,,ST,,TOFAS M. BLAZEVIC steal,,,,,,,,,0,42,2.0,,0,13,0,8
02:54,02:54:00,13,8,5,1,1,REGULAR,89,A. PEREZ,0,3pt,110,,['fromturnover'],jumpshot,1,2,Alex Daniel,Perez,Alex Daniel,Perez,A,P,A,P,A. Perez,TOFAS,TOF,A. Perez,2,,,15.789999961853,93.050003051758,0.0,P3,missed,TOFAS A. PEREZ 3Pt missed,,,,,,,,,0,42,2.0,def_reb,0,13,0,8
02:51,02:51:00,13,8,5,2,1,REGULAR,10,M. TÜREN,1,rebound,111,110,[],defensive,0,7,Metin,Türen,Metin,Türen,M,T,M,T,M. Türen,ONVO BÜYÜKÇEKMECE BASKETBOL,BÇB,M. Türen,7,,,,,,REB,,ONVO BÜYÜKÇEKMECE BASKETBOL rebound defensive,,,,,,,,,0,43,1.0,def_reb,0,13,0,8
02:38,02:38:00,13,11,2,2,1,REGULAR,6,J. JOHNSON,1,3pt,112,,[],jumpshot,1,92,Jaron Tremel,Johnson,Jaron Tremel,Johnson,J,J,J,J,J. Johnson,ONVO BÜYÜKÇEKMECE BASKETBOL,BÇB,J. Johnson,92,,,85.050003051758,4.0700001716614,1.0,P3,made,ONVO BÜYÜKÇEKMECE BASKETBOL J. JOHNSON 3Pt made,7.0,2.0,S. PIPES JR,,,,,,3,44,2.0,score,0,13,3,11
02:38,02:38:00,13,11,2,2,1,REGULAR,7,S. PIPES JR,1,assist,113,112,[],,0,11,Shawn Oneal,Pipes Jr,Shawn Oneal,Pipes Jr,S,P,S,P,S. Pipes Jr,ONVO BÜYÜKÇEKMECE BASKETBOL,BÇB,S. Pipes Jr,11,,,,,,ASS,,ONVO BÜYÜKÇEKMECE BASKETBOL S. PIPES JR assist,,,,,,,,,0,45,1.0,,0,13,0,11
02:16,02:16:00,13,11,2,1,1,REGULAR,88,M. BLAZEVIC,1,foul,116,,[],offensive,0,22,Marek,Blazevic,Marek,Blazevic,M,B,M,B,M. Blazevic,TOFAS,TOF,M. Blazevic,22,,,,,,RFOUL,,TOFAS M. BLAZEVIC foul offensive,,,,,,,,,0,45,1.0,offensive_foul,0,13,0,11
02:16,02:16:00,13,11,2,1,1,REGULAR,88,M. BLAZEVIC,1,turnover,117,116,[],offensive,0,22,Marek,Blazevic,Marek,Blazevic,M,B,M,B,M. Blazevic,TOFAS,TOF,M. Blazevic,22,,,,,,TO,,TOFAS M. BLAZEVIC turnover offensive,,,,,,,,,0,46,2.0,turnover,0,13,0,11
02:16,02:16:00,13,11,2,2,1,REGULAR,11,M. SENLI,1,foulon,118,116,[],,0,65,Muhammed Dogan,Senli,Muhammed Dogan,Senli,M,S,M,S,M. Senli,ONVO BÜYÜKÇEKMECE BASKETBOL,BÇB,M. Senli,65,,,,,,OTHER,,ONVO BÜYÜKÇEKMECE BASKETBOL foulon,,,,,,,,,0,47,1.0,,0,13,0,11
02:16,02:16:00,13,11,2,1,1,REGULAR,89,A. PEREZ,1,substitution,119,,[],out,0,2,Alex Daniel,Perez,Alex Daniel,Perez,A,P,A,P,A. Perez,TOFAS,TOF,A. Perez,2,,,,,,SUB,out,TOFAS substitution out,,,,,,,,,0,47,1.0,,0,13,0,11
02:16,02:16:00,13,11,2,1,1,REGULAR,66,Y. SAYBIR,1,substitution,120,,[],out,0,3,Yigitcan,Saybir,Yigitcan,Saybir,Y,S,Y,S,Y. Saybir,TOFAS,TOF,Y. Saybir,3,,,,,,SUB,out,TOFAS substitution out,,,,,,,,,0,47,1.0,,0,13,0,11
02:16,02:16:00,13,11,2,1,1,REGULAR,67,Ö. CENGIZ,1,substitution,121,,[],in,0,1,Özgür,Cengiz,Özgür,Cengiz,Ö,C,Ö,C,Ö. Cengiz,TOFAS,TOF,Ö. Cengiz,1,,,,,,SUB,in,TOFAS substitution in,,,,,,,,,0,47,1.0,,0,13,0,11
02:16,02:16:00,13,11,2,1,1,REGULAR,92,S. WHALEY,1,substitution,122,,[],in,0,5,Shaqwan Malic,Whaley,Shaqwan Malic,Whaley,S,W,S,W,S. Whaley,TOFAS,TOF,S. Whaley,5,,,,,,SUB,in,TOFAS substitution in,,,,,,,,,0,47,1.0,,0,13,0,11
02:16,02:16:00,13,11,2,2,1,REGULAR,10,M. TÜREN,1,substitution,123,,[],out,0,7,Metin,Türen,Metin,Türen,M,T,M,T,M. Türen,ONVO BÜYÜKÇEKMECE BASKETBOL,BÇB,M. Türen,7,,,,,,SUB,out,ONVO BÜYÜKÇEKMECE BASKETBOL substitution out,,,,,,,,,0,47,1.0,,0,13,0,11
02:16,02:16:00,13,11,2,2,1,REGULAR,5,J. LECQUE,1,substitution,124,,[],in,0,0,Jalen Evander,Lecque,Jalen Evander,Lecque,J,L,J,L,J. Lecque,ONVO BÜYÜKÇEKMECE BASKETBOL,BÇB,J. Lecque,0,,,,,,SUB,in,ONVO BÜYÜKÇEKMECE BASKETBOL substitution in,,,,,,,,,0,47,1.0,,0,13,0,11
02:00,02:00:00,13,11,2,2,1,REGULAR,7,S. PIPES JR,0,3pt,126,,['fromturnover'],jumpshot,1,11,Shawn Oneal,Pipes Jr,Shawn Oneal,Pipes Jr,S,P,S,P,S. Pipes Jr,ONVO BÜYÜKÇEKMECE BASKETBOL,BÇB,S. Pipes Jr,11,,,77.720001220703,87.970001220703,0.0,P3,missed,ONVO BÜYÜKÇEKMECE BASKETBOL S. PIPES JR 3Pt missed,,,,,,,,,0,47,1.0,,0,13,0,11
01:57,01:57:00,13,11,2,2,1,REGULAR,6,J. JOHNSON,1,rebound,127,126,[],offensive,0,92,Jaron Tremel,Johnson,Jaron Tremel,Johnson,J,J,J,J,J. Johnson,ONVO BÜYÜKÇEKMECE BASKETBOL,BÇB,J. Johnson,92,,,,,,REB,,ONVO BÜYÜKÇEKMECE BASKETBOL rebound offensive,,,,,,,,,0,47,1.0,,0,13,0,11
01:50,01:50:00,13,11,2,2,1,REGULAR,7,S. PIPES JR,1,foul,130,,[],offensive,0,11,Shawn Oneal,Pipes Jr,Shawn Oneal,Pipes Jr,S,P,S,P,S. Pipes Jr,ONVO BÜYÜKÇEKMECE BASKETBOL,BÇB,S. Pipes Jr,11,,,,,,RFOUL,,ONVO BÜYÜKÇEKMECE BASKETBOL S. PIPES JR foul offensive,,,,,,,,,0,47,1.0,offensive_foul,0,13,0,11
01:50,01:50:00,13,11,2,2,1,REGULAR,7,S. PIPES JR,1,turnover,131,130,[],offensive,0,11,Shawn Oneal,Pipes Jr,Shawn Oneal,Pipes Jr,S,P,S,P,S. Pipes Jr,ONVO BÜYÜKÇEKMECE BASKETBOL,BÇB,S. Pipes Jr,11,,,,,,TO,,ONVO BÜYÜKÇEKMECE BASKETBOL S. PIPES JR turnover offensive,,,,,,,,,0,48,2.0,turnover,0,13,0,11
01:50,01:50:00,13,11,2,1,1,REGULAR,67,Ö. CENGIZ,1,foulon,132,130,[],,0,1,Özgür,Cengiz,Özgür,Cengiz,Ö,C,Ö,C,Ö. Cengiz,TOFAS,TOF,Ö. Cengiz,1,,,,,,OTHER,,TOFAS foulon,,,,,,,,,0,49,1.0,,0,13,0,11
01:50,01:50:00,13,11,2,1,1,REGULAR,93,J. THOMASSON JR,1,substitution,133,,[],out,0,32,Joseph Elliotte,Thomasson Jr,Joseph Elliotte,Thomasson Jr,J,T,J,T,J. Thomasson Jr,TOFAS,TOF,J. Thomasson Jr,32,,,,,,SUB,out,TOFAS substitution out,,,,,,,,,0,49,1.0,,0,13,0,11
01:50,01:50:00,13,11,2,1,1,REGULAR,55,T. GEÇIM,1,substitution,134,,[],in,0,8,Tolga,Geçim,Tolga,Geçim,T,G,T,G,T. Geçim,TOFAS,TOF,T. Geçim,8,,,,,,SUB,in,TOFAS substitution in,,,,,,,,,0,49,1.0,,0,13,0,11
01:31,01:31:00,15,11,4,1,1,REGULAR,90,H. BESSON,1,2pt,136,,"['fromturnover', 'pointsinthepaint']",drivinglayup,1,25,Hugo Eric,Besson,Hugo Eric,Besson,H,B,H,B,H. Besson,TOFAS,TOF,H. Besson,25,,,5.4899997711182,50.110000610352,1.0,P2,made,TOFAS H. BESSON 2Pt made,,,,,,,,,2,49,1.0,score,2,15,0,11
01:14,01:14:00,15,13,2,2,1,REGULAR,11,M. SENLI,1,2pt,137,,[],jumpshot,1,65,Muhammed Dogan,Senli,Muhammed Dogan,Senli,M,S,M,S,M. Senli,ONVO BÜYÜKÇEKMECE BASKETBOL,BÇB,M. Senli,65,,,80.059997558594,67.910003662109,1.0,P2,made,ONVO BÜYÜKÇEKMECE BASKETBOL M. SENLI 2Pt made,7.0,2.0,S. PIPES JR,,,,,,2,50,2.0,score,0,15,2,13
01:14,01:14:00,15,13,2,2,1,REGULAR,7,S. PIPES JR,1,assist,138,137,[],,0,11,Shawn Oneal,Pipes Jr,Shawn Oneal,Pipes Jr,S,P,S,P,S. Pipes Jr,ONVO BÜYÜKÇEKMECE BASKETBOL,BÇB,S. Pipes Jr,11,,,,,,ASS,,ONVO BÜYÜKÇEKMECE BASKETBOL S. PIPES JR assist,,,,,,,,,0,51,1.0,,0,15,0,13
00:54,00:54:50,17,13,4,1,1,REGULAR,88,M. BLAZEVIC,1,2pt,139,,['pointsinthepaint'],layup,1,22,Marek,Blazevic,Marek,Blazevic,M,B,M,B,M. Blazevic,TOFAS,TOF,M. Blazevic,22,,,12.359999656677,63.389999389648,1.0,P2,made,TOFAS M. BLAZEVIC 2Pt made,67.0,1.0,Ö. CENGIZ,,,,,,2,51,1.0,score,2,17,0,13
00:54,00:54:50,17,13,4,1,1,REGULAR,67,Ö. CENGIZ,1,assist,140,139,[],,0,1,Özgür,Cengiz,Özgür,Cengiz,Ö,C,Ö,C,Ö. Cengiz,TOFAS,TOF,Ö. Cengiz,1,,,,,,ASS,,TOFAS Ö. CENGIZ assist,,,,,,,,,0,52,2.0,,0,17,0,13
00:35,00:35:00,17,13,4,2,1,REGULAR,5,J. LECQUE,1,turnover,141,,[],ballhandling,0,0,Jalen Evander,Lecque,Jalen Evander,Lecque,J,L,J,L,J. Lecque,ONVO BÜYÜKÇEKMECE BASKETBOL,BÇB,J. Lecque,0,,,,,,TO,,ONVO BÜYÜKÇEKMECE BASKETBOL J. LECQUE turnover ballhandling,,,,,,,,,0,52,2.0,turnover,0,17,0,13
00:35,00:35:00,17,13,4,1,1,REGULAR,90,H. BESSON,1,steal,142,141,[],,0,25,Hugo Eric,Besson,Hugo Eric,Besson,H,B,H,B,H. Besson,TOFAS,TOF,H. Besson,25,,,,,,ST,,TOFAS H. BESSON steal,,,,,,,,,0,53,1.0,,0,17,0,13
00:30,00:30:30,19,13,6,1,1,REGULAR,67,Ö. CENGIZ,1,2pt,143,,"['fromturnover', 'fastbreak']",jumpshot,1,1,Özgür,Cengiz,Özgür,Cengiz,Ö,C,Ö,C,Ö. Cengiz,TOFAS,TOF,Ö. Cengiz,1,,,15.939999580383,67.059997558594,1.0,P2,made,TOFAS Ö. CENGIZ 2Pt made,90.0,1.0,H. BESSON,,,,,,2,53,1.0,score,2,19,0,13
00:30,00:30:30,19,13,6,1,1,REGULAR,90,H. BESSON,1,assist,144,143,[],,0,25,Hugo Eric,Besson,Hugo Eric,Besson,H,B,H,B,H. Besson,TOFAS,TOF,H. Besson,25,,,,,,ASS,,TOFAS H. BESSON assist,,,,,,,,,0,54,2.0,,0,19,0,13
00:20,00:20:30,19,13,6,1,1,REGULAR,55,T. GEÇIM,1,foul,156,,"['shooting', '2freethrow']",personal,0,8,Tolga,Geçim,Tolga,Geçim,T,G,T,G,T. Geçim,TOFAS,TOF,T. Geçim,8,,,,,,FOUL,,TOFAS T. GEÇIM foul personal,,,,,,,,,0,54,2.0,,0,19,0,13
00:20,00:20:30,19,13,6,2,1,REGULAR,11,M. SENLI,1,foulon,157,156,[],,0,65,Muhammed Dogan,Senli,Muhammed Dogan,Senli,M,S,M,S,M. Senli,ONVO BÜYÜKÇEKMECE BASKETBOL,BÇB,M. Senli,65,,,,,,OTHER,,ONVO BÜYÜKÇEKMECE BASKETBOL foulon,,,,,,,,,0,54,2.0,,0,19,0,13
00:20,00:20:30,19,13,6,1,1,REGULAR,88,M. BLAZEVIC,1,substitution,158,,[],out,0,22,Marek,Blazevic,Marek,Blazevic,M,B,M,B,M. Blazevic,TOFAS,TOF,M. Blazevic,22,,,,,,SUB,out,TOFAS substitution out,,,,,,,,,0,54,2.0,,0,19,0,13
00:20,00:20:30,19,13,6,1,1,REGULAR,94,W. KIDD JR,1,substitution,159,,[],in,0,15,Warren Lynn,Kidd Jr,Warren Lynn,Kidd Jr,W,K,W,K,W. Kidd Jr,TOFAS,TOF,W. Kidd Jr,15,,,,,,SUB,in,TOFAS substitution in,,,,,,,,,0,54,2.0,,0,19,0,13
00:20,00:20:30,19,13,6,2,1,REGULAR,13,K. VAN DER VUURST DE VRIES,1,substitution,160,,[],out,0,1,Keye Jord,Van Der Vuurst De Vries,Keye Jord,Van Der Vuurst De Vries,K,V,K,V,K. Van Der Vuurst De Vries,ONVO BÜYÜKÇEKMECE BASKETBOL,BÇB,K. Van Der Vuurst De Vries,1,,,,,,SUB,out,ONVO BÜYÜKÇEKMECE BASKETBOL substitution out,,,,,,,,,0,54,2.0,,0,19,0,13
00:20,00:20:30,19,13,6,2,1,REGULAR,9,C. TURGUT,1,substitution,161,,[],in,0,23,Can Kaan,Turgut,Can Kaan,Turgut,C,T,C,T,C. Turgut,ONVO BÜYÜKÇEKMECE BASKETBOL,BÇB,C. Turgut,23,,,,,,SUB,in,ONVO BÜYÜKÇEKMECE BASKETBOL substitution in,,,,,,,,,0,54,2.0,,0,19,0,13
00:20,00:20:30,19,14,5,2,1,REGULAR,11,M. SENLI,1,freethrow,162,,[],1of2,1,65,Muhammed Dogan,Senli,Muhammed Dogan,Senli,M,S,M,S,M. Senli,ONVO BÜYÜKÇEKMECE BASKETBOL,BÇB,M. Senli,65,,,,,,FT,made,ONVO BÜYÜKÇEKMECE BASKETBOL M. SENLI FT 1of2 made,,,,,,,,,1,54,2.0,made_ft,0,19,1,14
00:20,00:20:30,19,14,5,2,1,REGULAR,13,K. VAN DER VUURST DE VRIES,1,assist,163,162,[],,0,1,Keye Jord,Van Der Vuurst De Vries,Keye Jord,Van Der Vuurst De Vries,K,V,K,V,K. Van Der Vuurst De Vries,ONVO BÜYÜKÇEKMECE BASKETBOL,BÇB,K. Van Der Vuurst De Vries,1,,,,,,ASS,,ONVO BÜYÜKÇEKMECE BASKETBOL K. VAN DER VUURST DE VRIES assist,,,,,,,,,0,55,1.0,,0,19,0,14
00:20,00:20:30,19,15,4,2,1,REGULAR,11,M. SENLI,1,freethrow,164,,[],2of2,1,65,Muhammed Dogan,Senli,Muhammed Dogan,Senli,M,S,M,S,M. Senli,ONVO BÜYÜKÇEKMECE BASKETBOL,BÇB,M. Senli,65,,,,,,FT,made,ONVO BÜYÜKÇEKMECE BASKETBOL M. SENLI FT 2of2 made,,,,,,,,,1,55,1.0,made_ft_last,0,19,1,15
00:06,00:06:40,19,15,4,2,1,REGULAR,7,S. PIPES JR,1,foul,167,,[],personal,0,11,Shawn Oneal,Pipes Jr,Shawn Oneal,Pipes Jr,S,P,S,P,S. Pipes Jr,ONVO BÜYÜKÇEKMECE BASKETBOL,BÇB,S. Pipes Jr,11,,,,,,FOUL,,ONVO BÜYÜKÇEKMECE BASKETBOL S. PIPES JR foul personal,,,,,,,,,0,56,2.0,,0,19,0,15
00:06,00:06:40,19,15,4,1,1,REGULAR,90,H. BESSON,1,foulon,168,167,[],,0,25,Hugo Eric,Besson,Hugo Eric,Besson,H,B,H,B,H. Besson,TOFAS,TOF,H. Besson,25,,,,,,OTHER,,TOFAS foulon,,,,,,,,,0,56,2.0,,0,19,0,15
00:00,00:00:10,22,15,7,1,1,REGULAR,67,Ö. CENGIZ,1,3pt,174,,[],jumpshot,1,1,Özgür,Cengiz,Özgür,Cengiz,Ö,C,Ö,C,Ö. Cengiz,TOFAS,TOF,Ö. Cengiz,1,,,4.5599999427795,3.789999961853,1.0,P3,made,TOFAS Ö. CENGIZ 3Pt made,90.0,1.0,H. BESSON,,,,,,3,56,2.0,score,3,22,0,15
00:00,00:00:10,22,15,7,1,1,REGULAR,90,H. BESSON,1,assist,175,174,[],,0,25,Hugo Eric,Besson,Hugo Eric,Besson,H,B,H,B,H. Besson,TOFAS,TOF,H. Besson,25,,,,,,ASS,,TOFAS H. BESSON assist,,,,,,,,,0,57,1.0,,0,22,0,15
00:00,00:00:00,22,15,7,0,1,REGULAR,0,,1,period,178,,['confirmed'],end,0,,,,,,,,,,,,,,,,,,,,OTHER,,period end,,,,,,,,,0,57,1.0,,0,22,0,15
10:00,10:00:00,22,15,7,2,2,REGULAR,7,S. PIPES JR,1,substitution,179,,[],out,0,11,Shawn Oneal,Pipes Jr,Shawn Oneal,Pipes Jr,S,P,S,P,S. Pipes Jr,ONVO BÜYÜKÇEKMECE BASKETBOL,BÇB,S. Pipes Jr,11,,,,,,SUB,out,ONVO BÜYÜKÇEKMECE BASKETBOL substitution out,,,,,,,,,0,57,1.0,,0,22,0,15
10:00,10:00:00,22,15,7,2,2,REGULAR,13,K. VAN DER VUURST DE VRIES,1,substitution,180,,[],in,0,1,Keye Jord,Van Der Vuurst De Vries,Keye Jord,Van Der Vuurst De Vries,K,V,K,V,K. Van Der Vuurst De Vries,ONVO BÜYÜKÇEKMECE BASKETBOL,BÇB,K. Van Der Vuurst De Vries,1,,,,,,SUB,in,ONVO BÜYÜKÇEKMECE BASKETBOL substitution in,,,,,,,,,0,57,1.0,,0,22,0,15
10:00,10:00:00,22,15,7,0,2,REGULAR,0,,1,period,181,,[],start,0,,,,,,,,,,,,,,,,,,,,OTHER,,period start,,,,,,,,,0,57,1.0,,0,22,0,15
09:49,09:49:00,22,15,7,2,2,REGULAR,5,J. LECQUE,0,2pt,183,,[],pullupjumpshot,1,0,Jalen Evander,Lecque,Jalen Evander,Lecque,J,L,J,L,J. Lecque,ONVO BÜYÜKÇEKMECE BASKETBOL,BÇB,J. Lecque,0,,,78.809997558594,76.949996948242,0.0,P2,missed,ONVO BÜYÜKÇEKMECE BASKETBOL J. LECQUE 2Pt missed,,,,,,,,,0,57,1.0,def_reb,0,22,0,15
09:45,09:45:00,22,15,7,1,2,REGULAR,92,S. WHALEY,1,rebound,184,183,[],defensive,0,5,Shaqwan Malic,Whaley,Shaqwan Malic,Whaley,S,W,S,W,S. Whaley,TOFAS,TOF,S. Whaley,5,,,,,,REB,,TOFAS rebound defensive,,,,,,,,,0,58,2.0,def_reb,0,22,0,15
09:43,09:43:00,22,15,7,1,2,REGULAR,92,S. WHALEY,1,turnover,187,,[],badpass,0,5,Shaqwan Malic,Whaley,Shaqwan Malic,Whaley,S,W,S,W,S. Whaley,TOFAS,TOF,S. Whaley,5,,,,,,TO,,TOFAS S. WHALEY turnover badpass,,,,,,,,,0,59,1.0,turnover,0,22,0,15
09:32,09:32:00,22,18,4,2,2,REGULAR,5,J. LECQUE,1,3pt,189,,['fromturnover'],jumpshot,1,0,Jalen Evander,Lecque,Jalen Evander,Lecque,J,L,J,L,J. Lecque,ONVO BÜYÜKÇEKMECE BASKETBOL,BÇB,J. Lecque,0,,,89.419998168945,96.160003662109,1.0,P3,made,ONVO BÜYÜKÇEKMECE BASKETBOL J. LECQUE 3Pt made,6.0,2.0,J. JOHNSON,,,,,,3,60,2.0,score,0,22,3,18
09:32,09:32:00,22,18,4,2,2,REGULAR,6,J. JOHNSON,1,assist,190,189,[],,0,92,Jaron Tremel,Johnson,Jaron Tremel,Johnson,J,J,J,J,J. Johnson,ONVO BÜYÜKÇEKMECE BASKETBOL,BÇB,J. Johnson,92,,,,,,ASS,,ONVO BÜYÜKÇEKMECE BASKETBOL J. JOHNSON assist,,,,,,,,,0,61,1.0,,0,22,0,18
09:21,09:21:00,22,18,4,2,2,REGULAR,6,J. JOHNSON,1,foul,192,,[],personal,0,92,Jaron Tremel,Johnson,Jaron Tremel,Johnson,J,J,J,J,J. Johnson,ONVO BÜYÜKÇEKMECE BASKETBOL,BÇB,J. Johnson,92,,,,,,FOUL,,ONVO BÜYÜKÇEKMECE BASKETBOL J. JOHNSON foul personal,,,,,,,,,0,61,1.0,,0,22,0,18
09:21,09:21:00,22,18,4,1,2,REGULAR,92,S. WHALEY,1,foulon,193,192,[],,0,5,Shaqwan Malic,Whaley,Shaqwan Malic,Whaley,S,W,S,W,S. Whaley,TOFAS,TOF,S. Whaley,5,,,,,,OTHER,,TOFAS foulon,,,,,,,,,0,61,1.0,,0,22,0,18
09:14,09:14:00,22,18,4,2,2,REGULAR,13,K. VAN DER VUURST DE VRIES,1,foul,196,,[],personal,0,1,Keye Jord,Van Der Vuurst De Vries,Keye Jord,Van Der Vuurst De Vries,K,V,K,V,K. Van Der Vuurst De Vries,ONVO BÜYÜKÇEKMECE BASKETBOL,BÇB,K. Van Der Vuurst De Vries,1,,,,,,FOUL,,ONVO BÜYÜKÇEKMECE BASKETBOL K. VAN DER VUURST DE VRIES foul personal,,,,,,,,,0,61,1.0,,0,22,0,18
09:14,09:14:00,22,18,4,1,2,REGULAR,55,T. GEÇIM,1,foulon,197,196,[],,0,8,Tolga,Geçim,Tolga,Geçim,T,G,T,G,T. Geçim,TOFAS,TOF,T. Geçim,8,,,,,,OTHER,,TOFAS foulon,,,,,,,,,0,61,1.0,,0,22,0,18
09:06,09:06:00,22,18,4,1,2,REGULAR,94,W. KIDD JR,0,2pt,199,,['pointsinthepaint'],fadeaway,1,15,Warren Lynn,Kidd Jr,Warren Lynn,Kidd Jr,W,K,W,K,W. Kidd Jr,TOFAS,TOF,W. Kidd Jr,15,,,6.2699999809265,37.680000305176,0.0,P2,missed,TOFAS W. KIDD JR 2Pt missed,,,,,,,,,0,61,1.0,def_reb,0,22,0,18
09:03,09:03:00,22,18,4,2,2,REGULAR,11,M. SENLI,1,rebound,200,199,[],defensive,0,65,Muhammed Dogan,Senli,Muhammed Dogan,Senli,M,S,M,S,M. Senli,ONVO BÜYÜKÇEKMECE BASKETBOL,BÇB,M. Senli,65,,,,,,REB,,ONVO BÜYÜKÇEKMECE BASKETBOL rebound defensive,,,,,,,,,0,62,2.0,def_reb,0,22,0,18
09:05,09:05:00,22,18,4,1,2,REGULAR,67,Ö. CENGIZ,1,foul,207,,[],personal,0,1,Özgür,Cengiz,Özgür,Cengiz,Ö,C,Ö,C,Ö. Cengiz,TOFAS,TOF,Ö. Cengiz,1,,,,,,FOUL,,TOFAS Ö. CENGIZ foul personal,,,,,,,,,0,63,1.0,,0,22,0,18
09:05,09:05:00,22,18,4,2,2,REGULAR,13,K. VAN DER VUURST DE VRIES,1,foulon,208,207,[],,0,1,Keye Jord,Van Der Vuurst De Vries,Keye Jord,Van Der Vuurst De Vries,K,V,K,V,K. Van Der Vuurst De Vries,ONVO BÜYÜKÇEKMECE BASKETBOL,BÇB,K. Van Der Vuurst De Vries,1,,,,,,OTHER,,ONVO BÜYÜKÇEKMECE BASKETBOL foulon,,,,,,,,,0,63,1.0,,0,22,0,18
09:05,09:05:00,22,18,4,2,2,REGULAR,0,,1,headcoachchallenge,209,,['rejected'],foul,0,,,,,,,,,,,ONVO BÜYÜKÇEKMECE BASKETBOL,BÇB,,,,,,,,OTHER,,ONVO BÜYÜKÇEKMECE BASKETBOL headcoachchallenge foul,,,,,,,,,0,63,1.0,,0,22,0,18
08:58,08:58:00,22,18,4,2,2,REGULAR,11,M. SENLI,1,foul,213,,[],offensive,0,65,Muhammed Dogan,Senli,Muhammed Dogan,Senli,M,S,M,S,M. Senli,ONVO BÜYÜKÇEKMECE BASKETBOL,BÇB,M. Senli,65,,,,,,RFOUL,,ONVO BÜYÜKÇEKMECE BASKETBOL M. SENLI foul offensive,,,,,,,,,0,63,1.0,offensive_foul,0,22,0,18
08:58,08:58:00,22,18,4,2,2,REGULAR,11,M. SENLI,1,turnover,214,213,[],offensive,0,65,Muhammed Dogan,Senli,Muhammed Dogan,Senli,M,S,M,S,M. Senli,ONVO BÜYÜKÇEKMECE BASKETBOL,BÇB,M. Senli,65,,,,,,TO,,ONVO BÜYÜKÇEKMECE BASKETBOL M. SENLI turnover offensive,,,,,,,,,0,64,2.0,turnover,0,22,0,18
08:58,08:58:00,22,18,4,1,2,REGULAR,94,W. KIDD JR,1,foulon,215,213,[],,0,15,Warren Lynn,Kidd Jr,Warren Lynn,Kidd Jr,W,K,W,K,W. Kidd Jr,TOFAS,TOF,W. Kidd Jr,15,,,,,,OTHER,,TOFAS foulon,,,,,,,,,0,65,1.0,,0,22,0,18
08:49,08:49:00,22,18,4,1,2,REGULAR,90,H. BESSON,0,3pt,217,,['fromturnover'],jumpshot,1,25,Hugo Eric,Besson,Hugo Eric,Besson,H,B,H,B,H. Besson,TOFAS,TOF,H. Besson,25,,,22.64999961853,8.8699998855591,0.0,P3,missed,TOFAS H. BESSON 3Pt missed,,,,,,,,,0,65,1.0,,0,22,0,18
08:45,08:45:00,22,18,4,1,2,REGULAR,67,Ö. CENGIZ,1,rebound,218,217,[],offensive,0,1,Özgür,Cengiz,Özgür,Cengiz,Ö,C,Ö,C,Ö. Cengiz,TOFAS,TOF,Ö. Cengiz,1,,,,,,REB,,TOFAS rebound offensive,,,,,,,,,0,65,1.0,,0,22,0,18
08:45,08:45:00,22,18,4,1,2,REGULAR,67,Ö. CENGIZ,0,2pt,219,,"['2ndchance', 'fromturnover', 'pointsinthepaint']",tipinlayup,1,1,Özgür,Cengiz,Özgür,Cengiz,Ö,C,Ö,C,Ö. Cengiz,TOFAS,TOF,Ö. Cengiz,1,,,6.0,50.0,0.0,P2,missed,TOFAS Ö. CENGIZ 2Pt missed,,,,,,,,,0,65,1.0,,0,22,0,18
08:43,08:43:00,22,18,4,1,2,REGULAR,94,W. KIDD JR,1,rebound,220,219,[],offensive,0,15,Warren Lynn,Kidd Jr,Warren Lynn,Kidd Jr,W,K,W,K,W. Kidd Jr,TOFAS,TOF,W. Kidd Jr,15,,,,,,REB,,TOFAS rebound offensive,,,,,,,,,0,65,1.0,,0,22,0,18
08:43,08:43:00,24,18,6,1,2,REGULAR,94,W. KIDD JR,1,2pt,221,,"['2ndchance', 'fromturnover', 'pointsinthepaint']",tipinlayup,1,15,Warren Lynn,Kidd Jr,Warren Lynn,Kidd Jr,W,K,W,K,W. Kidd Jr,TOFAS,TOF,W. Kidd Jr,15,,,6.0,50.0,1.0,P2,made,TOFAS W. KIDD JR 2Pt made,,,,,,,,,2,65,1.0,score,2,24,0,18
08:27,08:27:00,24,20,4,2,2,REGULAR,11,M. SENLI,1,2pt,222,,['pointsinthepaint'],layup,1,65,Muhammed Dogan,Senli,Muhammed Dogan,Senli,M,S,M,S,M. Senli,ONVO BÜYÜKÇEKMECE BASKETBOL,BÇB,M. Senli,65,,,89.889999389648,49.830001831055,1.0,P2,made,ONVO BÜYÜKÇEKMECE BASKETBOL M. SENLI 2Pt made,13.0,2.0,K. VAN DER VUURST DE VRIES,,,,,,2,66,2.0,score,0,24,2,20
08:27,08:27:00,24,20,4,2,2,REGULAR,13,K. VAN DER VUURST DE VRIES,1,assist,223,222,[],,0,1,Keye Jord,Van Der Vuurst De Vries,Keye Jord,Van Der Vuurst De Vries,K,V,K,V,K. Van Der Vuurst De Vries,ONVO BÜYÜKÇEKMECE BASKETBOL,BÇB,K. Van Der Vuurst De Vries,1,,,,,,ASS,,ONVO BÜYÜKÇEKMECE BASKETBOL K. VAN DER VUURST DE VRIES assist,,,,,,,,,0,67,1.0,,0,24,0,20
08:11,08:11:00,26,20,6,1,2,REGULAR,94,W. KIDD JR,1,2pt,227,,['pointsinthepaint'],dunk,1,15,Warren Lynn,Kidd Jr,Warren Lynn,Kidd Jr,W,K,W,K,W. Kidd Jr,TOFAS,TOF,W. Kidd Jr,15,,,10.479999542236,54.919998168945,1.0,P2,made,TOFAS W. KIDD JR 2Pt made,55.0,1.0,T. GEÇIM,,,,,,2,67,1.0,score,2,26,0,20
08:11,08:11:00,26,20,6,1,2,REGULAR,55,T. GEÇIM,1,assist,228,227,[],,0,8,Tolga,Geçim,Tolga,Geçim,T,G,T,G,T. Geçim,TOFAS,TOF,T. Geçim,8,,,,,,ASS,,TOFAS T. GEÇIM assist,,,,,,,,,0,68,2.0,,0,26,0,20
07:50,07:50:00,26,20,6,1,2,REGULAR,94,W. KIDD JR,1,foul,230,,[],personal,0,15,Warren Lynn,Kidd Jr,Warren Lynn,Kidd Jr,W,K,W,K,W. Kidd Jr,TOFAS,TOF,W. Kidd Jr,15,,,,,,FOUL,,TOFAS W. KIDD JR foul personal,,,,,,,,,0,68,2.0,,0,26,0,20
07:50,07:50:00,26,20,6,2,2,REGULAR,11,M. SENLI,1,foulon,231,230,[],,0,65,Muhammed Dogan,Senli,Muhammed Dogan,Senli,M,S,M,S,M. Senli,ONVO BÜYÜKÇEKMECE BASKETBOL,BÇB,M. Senli,65,,,,,,OTHER,,ONVO BÜYÜKÇEKMECE BASKETBOL foulon,,,,,,,,,0,68,2.0,,0,26,0,20
07:44,07:44:00,26,20,6,2,2,REGULAR,13,K. VAN DER VUURST DE VRIES,0,2pt,233,,[],pullupjumpshot,1,1,Keye Jord,Van Der Vuurst De Vries,Keye Jord,Van Der Vuurst De Vries,K,V,K,V,K. Van Der Vuurst De Vries,ONVO BÜYÜKÇEKMECE BASKETBOL,BÇB,K. Van Der Vuurst De Vries,1,,,78.970001220703,67.910003662109,0.0,P2,missed,ONVO BÜYÜKÇEKMECE BASKETBOL K. VAN DER VUURST DE VRIES 2Pt missed,,,,,,,,,0,68,2.0,def_reb,0,26,0,20
07:41,07:41:00,26,20,6,1,2,REGULAR,55,T. GEÇIM,1,rebound,234,233,[],defensive,0,8,Tolga,Geçim,Tolga,Geçim,T,G,T,G,T. Geçim,TOFAS,TOF,T. Geçim,8,,,,,,REB,,TOFAS rebound defensive,,,,,,,,,0,69,1.0,def_reb,0,26,0,20
07:27,07:27:00,28,20,8,1,2,REGULAR,94,W. KIDD JR,1,2pt,235,,['pointsinthepaint'],jumpshot,1,15,Warren Lynn,Kidd Jr,Warren Lynn,Kidd Jr,W,K,W,K,W. Kidd Jr,TOFAS,TOF,W. Kidd Jr,15,,,8.9200000762939,55.479999542236,1.0,P2,made,TOFAS W. KIDD JR 2Pt made,67.0,1.0,Ö. CENGIZ,,,,,,2,70,2.0,score,2,28,0,20
07:27,07:27:00,28,20,8,1,2,REGULAR,67,Ö. CENGIZ,1,assist,236,235,[],,0,1,Özgür,Cengiz,Özgür,Cengiz,Ö,C,Ö,C,Ö. Cengiz,TOFAS,TOF,Ö. Cengiz,1,,,,,,ASS,,TOFAS Ö. CENGIZ assist,,,,,,,,,0,71,1.0,,0,28,0,20
07:06,07:06:00,28,20,8,2,2,REGULAR,5,J. LECQUE,0,2pt,237,,['pointsinthepaint'],layup,1,0,Jalen Evander,Lecque,Jalen Evander,Lecque,J,L,J,L,J. Lecque,ONVO BÜYÜKÇEKMECE BASKETBOL,BÇB,J. Lecque,0,,,86.930000305176,58.869998931885,0.0,P2,missed,ONVO BÜYÜKÇEKMECE BASKETBOL J. LECQUE 2Pt missed,,,,,,,,,0,71,1.0,def_reb,0,28,0,20
07:04,07:04:00,28,20,8,1,2,REGULAR,92,S. WHALEY,1,rebound,238,237,[],defensive,0,5,Shaqwan Malic,Whaley,Shaqwan Malic,Whaley,S,W,S,W,S. Whaley,TOFAS,TOF,S. Whaley,5,,,,,,REB,,TOFAS rebound defensive,,,,,,,,,0,72,2.0,def_reb,0,28,0,20
06:59,06:59:00,28,20,8,1,2,REGULAR,92,S. WHALEY,0,3pt,239,,[],jumpshot,1,5,Shaqwan Malic,Whaley,Shaqwan Malic,Whaley,S,W,S,W,S. Whaley,TOFAS,TOF,S. Whaley,5,,,30.760000228882,75.540000915527,0.0,P3,missed,TOFAS S. WHALEY 3Pt missed,,,,,,,,,0,73,1.0,def_reb,0,28,0,20
06:53,06:53:00,28,20,8,2,2,REGULAR,13,K. VAN DER VUURST DE VRIES,1,rebound,240,239,[],defensive,0,1,Keye Jord,Van Der Vuurst De Vries,Keye Jord,Van Der Vuurst De Vries,K,V,K,V,K. Van Der Vuurst De Vries,ONVO BÜYÜKÇEKMECE BASKETBOL,BÇB,K. Van Der Vuurst De Vries,1,,,,,,REB,,ONVO BÜYÜKÇEKMECE BASKETBOL rebound defensive,,,,,,,,,0,74,2.0,def_reb,0,28,0,20
06:51,06:51:00,28,20,8,1,2,REGULAR,94,W. KIDD JR,1,foul,244,,[],personal,0,15,Warren Lynn,Kidd Jr,Warren Lynn,Kidd Jr,W,K,W,K,W. Kidd Jr,TOFAS,TOF,W. Kidd Jr,15,,,,,,FOUL,,TOFAS W. KIDD JR foul personal,,,,,,,,,0,75,1.0,,0,28,0,20
06:51,06:51:00,28,20,8,2,2,REGULAR,13,K. VAN DER VUURST DE VRIES,1,foulon,245,244,[],,0,1,Keye Jord,Van Der Vuurst De Vries,Keye Jord,Van Der Vuurst De Vries,K,V,K,V,K. Van Der Vuurst De Vries,ONVO BÜYÜKÇEKMECE BASKETBOL,BÇB,K. Van Der Vuurst De Vries,1,,,,,,OTHER,,ONVO BÜYÜKÇEKMECE BASKETBOL foulon,,,,,,,,,0,75,1.0,,0,28,0,20
06:51,06:51:00,28,20,8,2,2,REGULAR,13,K. VAN DER VUURST DE VRIES,1,substitution,246,,[],out,0,1,Keye Jord,Van Der Vuurst De Vries,Keye Jord,Van Der Vuurst De Vries,K,V,K,V,K. Van Der Vuurst De Vries,ONVO BÜYÜKÇEKMECE BASKETBOL,BÇB,K. Van Der Vuurst De Vries,1,,,,,,SUB,out,ONVO BÜYÜKÇEKMECE BASKETBOL substitution out,,,,,,,,,0,75,1.0,,0,28,0,20
06:51,06:51:00,28,20,8,2,2,REGULAR,11,M. SENLI,1,substitution,247,,[],out,0,65,Muhammed Dogan,Senli,Muhammed Dogan,Senli,M,S,M,S,M. Senli,ONVO BÜYÜKÇEKMECE BASKETBOL,BÇB,M. Senli,65,,,,,,SUB,out,ONVO BÜYÜKÇEKMECE BASKETBOL substitution out,,,,,,,,,0,75,1.0,,0,28,0,20
06:51,06:51:00,28,20,8,2,2,REGULAR,7,S. PIPES JR,1,substitution,248,,[],in,0,11,Shawn Oneal,Pipes Jr,Shawn Oneal,Pipes Jr,S,P,S,P,S. Pipes Jr,ONVO BÜYÜKÇEKMECE BASKETBOL,BÇB,S. Pipes Jr,11,,,,,,SUB,in,ONVO BÜYÜKÇEKMECE BASKETBOL substitution in,,,,,,,,,0,75,1.0,,0,28,0,20
06:51,06:51:00,28,20,8,2,2,REGULAR,12,A. BANDAOGO,1,substitution,249,,[],in,0,55,Abdou Aziz,Bandaogo,Abdou Aziz,Bandaogo,A,B,A,B,A. Bandaogo,ONVO BÜYÜKÇEKMECE BASKETBOL,BÇB,A. Bandaogo,55,,,,,,SUB,in,ONVO BÜYÜKÇEKMECE BASKETBOL substitution in,,,,,,,,,0,75,1.0,,0,28,0,20
06:51,06:51:00,28,20,8,2,2,REGULAR,9,C. TURGUT,1,substitution,250,,[],out,0,23,Can Kaan,Turgut,Can Kaan,Turgut,C,T,C,T,C. Turgut,ONVO BÜYÜKÇEKMECE BASKETBOL,BÇB,C. Turgut,23,,,,,,SUB,out,ONVO BÜYÜKÇEKMECE BASKETBOL substitution out,,,,,,,,,0,75,1.0,,0,28,0,20
06:51,06:51:00,28,20,8,2,2,REGULAR,10,M. TÜREN,1,substitution,251,,[],in,0,7,Metin,Türen,Metin,Türen,M,T,M,T,M. Türen,ONVO BÜYÜKÇEKMECE BASKETBOL,BÇB,M. Türen,7,,,,,,SUB,in,ONVO BÜYÜKÇEKMECE BASKETBOL substitution in,,,,,,,,,0,75,1.0,,0,28,0,20
06:38,06:38:00,28,20,8,2,2,REGULAR,5,J. LECQUE,1,turnover,254,,[],travel,0,0,Jalen Evander,Lecque,Jalen Evander,Lecque,J,L,J,L,J. Lecque,ONVO BÜYÜKÇEKMECE BASKETBOL,BÇB,J. Lecque,0,,,,,,TO,,ONVO BÜYÜKÇEKMECE BASKETBOL J. LECQUE turnover travel,,,,,,,,,0,75,1.0,turnover,0,28,0,20
06:27,06:27:00,28,20,8,1,2,REGULAR,90,H. BESSON,0,2pt,256,,"['fromturnover', 'pointsinthepaint']",fadeaway,1,25,Hugo Eric,Besson,Hugo Eric,Besson,H,B,H,B,H. Besson,TOFAS,TOF,H. Besson,25,,,12.510000228882,43.049999237061,0.0,P2,missed,TOFAS H. BESSON 2Pt missed,,,,,,,,,0,76,2.0,def_reb,0,28,0,20
06:24,06:24:00,28,20,8,2,2,REGULAR,10,M. TÜREN,1,rebound,257,256,[],defensive,0,7,Metin,Türen,Metin,Türen,M,T,M,T,M. Türen,ONVO BÜYÜKÇEKMECE BASKETBOL,BÇB,M. Türen,7,,,,,,REB,,ONVO BÜYÜKÇEKMECE BASKETBOL rebound defensive,,,,,,,,,0,77,1.0,def_reb,0,28,0,20
06:20,06:20:00,28,20,8,2,2,REGULAR,5,J. LECQUE,0,2pt,258,,['pointsinthepaint'],drivinglayup,1,0,Jalen Evander,Lecque,Jalen Evander,Lecque,J,L,J,L,J. Lecque,ONVO BÜYÜKÇEKMECE BASKETBOL,BÇB,J. Lecque,0,,,88.330001831055,47.569999694824,0.0,P2,missed,ONVO BÜYÜKÇEKMECE BASKETBOL J. LECQUE 2Pt missed,,,,,,,,,0,78,2.0,,0,28,0,20
06:18,06:18:00,28,20,8,2,2,REGULAR,10,M. TÜREN,1,rebound,259,258,[],offensive,0,7,Metin,Türen,Metin,Türen,M,T,M,T,M. Türen,ONVO BÜYÜKÇEKMECE BASKETBOL,BÇB,M. Türen,7,,,,,,REB,,ONVO BÜYÜKÇEKMECE BASKETBOL rebound offensive,,,,,,,,,0,78,2.0,,0,28,0,20
06:11,06:11:00,28,20,8,2,2,REGULAR,5,J. LECQUE,0,2pt,260,,"['2ndchance', 'pointsinthepaint']",fadeaway,1,0,Jalen Evander,Lecque,Jalen Evander,Lecque,J,L,J,L,J. Lecque,ONVO BÜYÜKÇEKMECE BASKETBOL,BÇB,J. Lecque,0,,,89.419998168945,53.5,0.0,P2,missed,ONVO BÜYÜKÇEKMECE BASKETBOL J. LECQUE 2Pt missed,,,,,,,,,0,78,2.0,def_reb,0,28,0,20
06:09,06:09:00,28,20,8,1,2,REGULAR,94,W. KIDD JR,1,rebound,261,260,[],defensive,0,15,Warren Lynn,Kidd Jr,Warren Lynn,Kidd Jr,W,K,W,K,W. Kidd Jr,TOFAS,TOF,W. Kidd Jr,15,,,,,,REB,,TOFAS rebound defensive,,,,,,,,,0,79,1.0,def_reb,0,28,0,20
06:05,06:05:00,28,20,8,1,2,REGULAR,92,S. WHALEY,0,2pt,262,,['pointsinthepaint'],layup,1,5,Shaqwan Malic,Whaley,Shaqwan Malic,Whaley,S,W,S,W,S. Whaley,TOFAS,TOF,S. Whaley,5,,,10.800000190735,61.979999542236,0.0,P2,missed,TOFAS S. WHALEY 2Pt missed,,,,,,,,,0,80,2.0,def_reb,0,28,0,20
06:00,06:00:00,28,20,8,2,2,REGULAR,6,J. JOHNSON,1,rebound,263,262,[],defensive,0,92,Jaron Tremel,Johnson,Jaron Tremel,Johnson,J,J,J,J,J. Johnson,ONVO BÜYÜKÇEKMECE BASKETBOL,BÇB,J. Johnson,92,,,,,,REB,,ONVO BÜYÜKÇEKMECE BASKETBOL rebound defensive,,,,,,,,,0,81,1.0,def_reb,0,28,0,20
05:58,05:58:00,28,20,8,2,2,REGULAR,5,J. LECQUE,0,2pt,264,,"['pointsinthepaint', 'blocked']",layup,1,0,Jalen Evander,Lecque,Jalen Evander,Lecque,J,L,J,L,J. Lecque,ONVO BÜYÜKÇEKMECE BASKETBOL,BÇB,J. Lecque,0,,,92.389999389648,37.970001220703,0.0,P2,missed,ONVO BÜYÜKÇEKMECE BASKETBOL J. LECQUE 2Pt missed,,,,67.0,1.0,Ö. CENGIZ,,,0,82,2.0,,0,28,0,20
05:58,05:58:00,28,20,8,1,2,REGULAR,67,Ö. CENGIZ,1,block,265,264,[],,0,1,Özgür,Cengiz,Özgür,Cengiz,Ö,C,Ö,C,Ö. Cengiz,TOFAS,TOF,Ö. Cengiz,1,,,,,,BS,,TOFAS Ö. CENGIZ block,,,,,,,,,0,82,2.0,,0,28,0,20
05:52,05:52:00,28,20,8,1,2,REGULAR,55,T. GEÇIM,1,rebound,266,264,[],defensive,0,8,Tolga,Geçim,Tolga,Geçim,T,G,T,G,T. Geçim,TOFAS,TOF,T. Geçim,8,,,,,,REB,,TOFAS rebound defensive,,,,,,,,,0,82,2.0,def_reb,0,28,0,20
05:48,05:48:00,28,20,8,1,2,REGULAR,67,Ö. CENGIZ,0,3pt,267,,[],jumpshot,1,1,Özgür,Cengiz,Özgür,Cengiz,Ö,C,Ö,C,Ö. Cengiz,TOFAS,TOF,Ö. Cengiz,1,,,19.219999313354,91.360000610352,0.0,P3,missed,TOFAS Ö. CENGIZ 3Pt missed,,,,,,,,,0,83,1.0,def_reb,0,28,0,20
05:46,05:46:00,28,20,8,2,2,REGULAR,0,,1,rebound,268,267,['team'],defensive,0,,,,,,,,,,,ONVO BÜYÜKÇEKMECE BASKETBOL,BÇB,,,,,,,,TREB,,ONVO BÜYÜKÇEKMECE BASKETBOL team rebound defensive,,,,,,,,,0,84,2.0,def_reb,0,28,0,20
05:48,05:48:00,28,20,8,1,2,REGULAR,0,,1,timeout,280,,[],full,0,,,,,,,,,,,TOFAS,TOF,,,,,,,,TIMEOUT,,TOFAS timeout,,,,,,,,,0,85,1.0,,0,28,0,20
05:48,05:48:00,28,20,8,1,2,REGULAR,67,Ö. CENGIZ,1,substitution,281,,[],out,0,1,Özgür,Cengiz,Özgür,Cengiz,Ö,C,Ö,C,Ö. Cengiz,TOFAS,TOF,Ö. Cengiz,1,,,,,,SUB,out,TOFAS substitution out,,,,,,,,,0,85,1.0,,0,28,0,20
05:48,05:48:00,28,20,8,1,2,REGULAR,92,S. WHALEY,1,substitution,282,,[],out,0,5,Shaqwan Malic,Whaley,Shaqwan Malic,Whaley,S,W,S,W,S. Whaley,TOFAS,TOF,S. Whaley,5,,,,,,SUB,out,TOFAS substitution out,,,,,,,,,0,85,1.0,,0,28,0,20
05:48,05:48:00,28,20,8,1,2,REGULAR,94,W. KIDD JR,1,substitution,283,,[],out,0,15,Warren Lynn,Kidd Jr,Warren Lynn,Kidd Jr,W,K,W,K,W. Kidd Jr,TOFAS,TOF,W. Kidd Jr,15,,,,,,SUB,out,TOFAS substitution out,,,,,,,,,0,85,1.0,,0,28,0,20
05:48,05:48:00,28,20,8,1,2,REGULAR,90,H. BESSON,1,substitution,284,,[],out,0,25,Hugo Eric,Besson,Hugo Eric,Besson,H,B,H,B,H. Besson,TOFAS,TOF,H. Besson,25,,,,,,SUB,out,TOFAS substitution out,,,,,,,,,0,85,1.0,,0,28,0,20
05:48,05:48:00,28,20,8,1,2,REGULAR,89,A. PEREZ,1,substitution,285,,[],in,0,2,Alex Daniel,Perez,Alex Daniel,Perez,A,P,A,P,A. Perez,TOFAS,TOF,A. Perez,2,,,,,,SUB,in,TOFAS substitution in,,,,,,,,,0,85,1.0,,0,28,0,20
05:48,05:48:00,28,20,8,1,2,REGULAR,66,Y. SAYBIR,1,substitution,286,,[],in,0,3,Yigitcan,Saybir,Yigitcan,Saybir,Y,S,Y,S,Y. Saybir,TOFAS,TOF,Y. Saybir,3,,,,,,SUB,in,TOFAS substitution in,,,,,,,,,0,85,1.0,,0,28,0,20
05:48,05:48:00,28,20,8,1,2,REGULAR,88,M. BLAZEVIC,1,substitution,287,,[],in,0,22,Marek,Blazevic,Marek,Blazevic,M,B,M,B,M. Blazevic,TOFAS,TOF,M. Blazevic,22,,,,,,SUB,in,TOFAS substitution in,,,,,,,,,0,85,1.0,,0,28,0,20
05:48,05:48:00,28,20,8,1,2,REGULAR,93,J. THOMASSON JR,1,substitution,288,,[],in,0,32,Joseph Elliotte,Thomasson Jr,Joseph Elliotte,Thomasson Jr,J,T,J,T,J. Thomasson Jr,TOFAS,TOF,J. Thomasson Jr,32,,,,,,SUB,in,TOFAS substitution in,,,,,,,,,0,85,1.0,,0,28,0,20
05:31,05:31:00,28,20,8,2,2,REGULAR,10,M. TÜREN,0,3pt,290,,[],jumpshot,1,7,Metin,Türen,Metin,Türen,M,T,M,T,M. Türen,ONVO BÜYÜKÇEKMECE BASKETBOL,BÇB,M. Türen,7,,,78.809997558594,2.6600000858307,0.0,P3,missed,ONVO BÜYÜKÇEKMECE BASKETBOL M. TÜREN 3Pt missed,,,,,,,,,0,85,1.0,def_reb,0,28,0,20
05:28,05:28:00,28,20,8,1,2,REGULAR,55,T. GEÇIM,1,rebound,291,290,[],defensive,0,8,Tolga,Geçim,Tolga,Geçim,T,G,T,G,T. Geçim,TOFAS,TOF,T. Geçim,8,,,,,,REB,,TOFAS rebound defensive,,,,,,,,,0,86,2.0,def_reb,0,28,0,20
05:19,05:19:00,28,20,8,1,2,REGULAR,55,T. GEÇIM,1,turnover,293,,[],badpass,0,8,Tolga,Geçim,Tolga,Geçim,T,G,T,G,T. Geçim,TOFAS,TOF,T. Geçim,8,,,,,,TO,,TOFAS T. GEÇIM turnover badpass,,,,,,,,,0,87,1.0,turnover,0,28,0,20
05:09,05:09:00,28,22,6,2,2,REGULAR,5,J. LECQUE,1,2pt,295,,"['fromturnover', 'pointsinthepaint']",drivinglayup,1,0,Jalen Evander,Lecque,Jalen Evander,Lecque,J,L,J,L,J. Lecque,ONVO BÜYÜKÇEKMECE BASKETBOL,BÇB,J. Lecque,0,,,84.73999786377,59.439998626709,1.0,P2,made,ONVO BÜYÜKÇEKMECE BASKETBOL J. LECQUE 2Pt made,,,,,,,,,2,88,2.0,score,0,28,2,22
04:49,04:49:00,28,22,6,2,2,REGULAR,6,J. JOHNSON,1,foul,297,,[],personal,0,92,Jaron Tremel,Johnson,Jaron Tremel,Johnson,J,J,J,J,J. Johnson,ONVO BÜYÜKÇEKMECE BASKETBOL,BÇB,J. Johnson,92,,,,,,FOUL,,ONVO BÜYÜKÇEKMECE BASKETBOL J. JOHNSON foul personal,,,,,,,,,0,89,1.0,,0,28,0,22
04:49,04:49:00,28,22,6,1,2,REGULAR,55,T. GEÇIM,1,foulon,298,297,[],,0,8,Tolga,Geçim,Tolga,Geçim,T,G,T,G,T. Geçim,TOFAS,TOF,T. Geçim,8,,,,,,OTHER,,TOFAS foulon,,,,,,,,,0,89,1.0,,0,28,0,22
04:41,04:41:00,28,22,6,1,2,REGULAR,89,A. PEREZ,1,turnover,300,,[],badpass,0,2,Alex Daniel,Perez,Alex Daniel,Perez,A,P,A,P,A. Perez,TOFAS,TOF,A. Perez,2,,,,,,TO,,TOFAS A. PEREZ turnover badpass,,,,,,,,,0,89,1.0,turnover,0,28,0,22
04:41,04:41:00,28,22,6,2,2,REGULAR,10,M. TÜREN,1,steal,301,300,[],,0,7,Metin,Türen,Metin,Türen,M,T,M,T,M. Türen,ONVO BÜYÜKÇEKMECE BASKETBOL,BÇB,M. Türen,7,,,,,,ST,,ONVO BÜYÜKÇEKMECE BASKETBOL M. TÜREN steal,,,,,,,,,0,90,2.0,,0,28,0,22
04:31,04:31:00,28,22,6,2,2,REGULAR,7,S. PIPES JR,1,turnover,302,,[],badpass,0,11,Shawn Oneal,Pipes Jr,Shawn Oneal,Pipes Jr,S,P,S,P,S. Pipes Jr,ONVO BÜYÜKÇEKMECE BASKETBOL,BÇB,S. Pipes Jr,11,,,,,,TO,,ONVO BÜYÜKÇEKMECE BASKETBOL S. PIPES JR turnover badpass,,,,,,,,,0,90,2.0,turnover,0,28,0,22
04:31,04:31:00,28,22,6,1,2,REGULAR,89,A. PEREZ,1,steal,303,302,[],,0,2,Alex Daniel,Perez,Alex Daniel,Perez,A,P,A,P,A. Perez,TOFAS,TOF,A. Perez,2,,,,,,ST,,TOFAS A. PEREZ steal,,,,,,,,,0,91,1.0,,0,28,0,22
04:28,04:28:00,28,22,6,2,2,REGULAR,5,J. LECQUE,1,foul,304,,['2freethrow'],personal,0,0,Jalen Evander,Lecque,Jalen Evander,Lecque,J,L,J,L,J. Lecque,ONVO BÜYÜKÇEKMECE BASKETBOL,BÇB,J. Lecque,0,,,,,,FOUL,,ONVO BÜYÜKÇEKMECE BASKETBOL J. LECQUE foul personal,,,,,,,,,0,91,1.0,,0,28,0,22
04:28,04:28:00,28,22,6,1,2,REGULAR,89,A. PEREZ,1,foulon,306,304,[],,0,2,Alex Daniel,Perez,Alex Daniel,Perez,A,P,A,P,A. Perez,TOFAS,TOF,A. Perez,2,,,,,,OTHER,,TOFAS foulon,,,,,,,,,0,91,1.0,,0,28,0,22
04:27,04:27:00,28,22,6,2,2,REGULAR,12,A. BANDAOGO,1,substitution,307,,[],out,0,55,Abdou Aziz,Bandaogo,Abdou Aziz,Bandaogo,A,B,A,B,A. Bandaogo,ONVO BÜYÜKÇEKMECE BASKETBOL,BÇB,A. Bandaogo,55,,,,,,SUB,out,ONVO BÜYÜKÇEKMECE BASKETBOL substitution out,,,,,,,,,0,91,1.0,,0,28,0,22
04:27,04:27:00,28,22,6,2,2,REGULAR,11,M. SENLI,1,substitution,308,,[],in,0,65,Muhammed Dogan,Senli,Muhammed Dogan,Senli,M,S,M,S,M. Senli,ONVO BÜYÜKÇEKMECE BASKETBOL,BÇB,M. Senli,65,,,,,,SUB,in,ONVO BÜYÜKÇEKMECE BASKETBOL substitution in,,,,,,,,,0,91,1.0,,0,28,0,22
04:27,04:27:00,28,22,6,1,2,REGULAR,55,T. GEÇIM,1,substitution,309,,[],out,0,8,Tolga,Geçim,Tolga,Geçim,T,G,T,G,T. Geçim,TOFAS,TOF,T. Geçim,8,,,,,,SUB,out,TOFAS substitution out,,,,,,,,,0,91,1.0,,0,28,0,22
04:27,04:27:00,28,22,6,1,2,REGULAR,91,M. LEWIS III,1,substitution,310,,[],in,0,21,Maxwell Robert ,Lewis Iii,Maxwell Robert ,Lewis Iii,M,L,M,L,M. Lewis Iii,TOFAS,TOF,M. Lewis Iii,21,,,,,,SUB,in,TOFAS substitution in,,,,,,,,,0,91,1.0,,0,28,0,22
04:27,04:27:00,29,22,7,1,2,REGULAR,89,A. PEREZ,1,freethrow,311,,"['fastbreak', 'fromturnover']",1of2,1,2,Alex Daniel,Perez,Alex Daniel,Perez,A,P,A,P,A. Perez,TOFAS,TOF,A. Perez,2,,,,,,FT,made,TOFAS A. PEREZ FT 1of2 made,,,,,,,,,1,91,1.0,made_ft,1,29,0,22
04:27,04:27:00,30,22,8,1,2,REGULAR,89,A. PEREZ,1,freethrow,312,,"['fastbreak', 'fromturnover']",2of2,1,2,Alex Daniel,Perez,Alex Daniel,Perez,A,P,A,P,A. Perez,TOFAS,TOF,A. Perez,2,,,,,,FT,made,TOFAS A. PEREZ FT 2of2 made,,,,,,,,,1,92,2.0,made_ft_last,1,30,0,22
04:15,04:15:00,30,22,8,2,2,REGULAR,5,J. LECQUE,1,turnover,316,,[],badpass,0,0,Jalen Evander,Lecque,Jalen Evander,Lecque,J,L,J,L,J. Lecque,ONVO BÜYÜKÇEKMECE BASKETBOL,BÇB,J. Lecque,0,,,,,,TO,,ONVO BÜYÜKÇEKMECE BASKETBOL J. LECQUE turnover badpass,,,,,,,,,0,93,1.0,turnover,0,30,0,22
04:15,04:15:00,30,22,8,1,2,REGULAR,91,M. LEWIS III,1,steal,317,316,[],,0,21,Maxwell Robert ,Lewis Iii,Maxwell Robert ,Lewis Iii,M,L,M,L,M. Lewis Iii,TOFAS,TOF,M. Lewis Iii,21,,,,,,ST,,TOFAS M. LEWIS III steal,,,,,,,,,0,94,2.0,,0,30,0,22
04:12,04:12:00,30,22,8,2,2,REGULAR,10,M. TÜREN,1,foul,321,,"['shooting', '2freethrow']",personal,0,7,Metin,Türen,Metin,Türen,M,T,M,T,M. Türen,ONVO BÜYÜKÇEKMECE BASKETBOL,BÇB,M. Türen,7,,,,,,FOUL,,ONVO BÜYÜKÇEKMECE BASKETBOL M. TÜREN foul personal,,,,,,,,,0,94,2.0,,0,30,0,22
04:12,04:12:00,30,22,8,1,2,REGULAR,91,M. LEWIS III,1,foulon,322,321,[],,0,21,Maxwell Robert ,Lewis Iii,Maxwell Robert ,Lewis Iii,M,L,M,L,M. Lewis Iii,TOFAS,TOF,M. Lewis Iii,21,,,,,,OTHER,,TOFAS foulon,,,,,,,,,0,94,2.0,,0,30,0,22
04:12,04:12:00,31,22,9,1,2,REGULAR,91,M. LEWIS III,1,freethrow,323,,"['fastbreak', 'fromturnover']",1of2,1,21,Maxwell Robert ,Lewis Iii,Maxwell Robert ,Lewis Iii,M,L,M,L,M. Lewis Iii,TOFAS,TOF,M. Lewis Iii,21,,,,,,FT,made,TOFAS M. LEWIS III FT 1of2 made,,,,,,,,,1,94,2.0,made_ft,1,31,0,22
04:12,04:12:00,32,22,10,1,2,REGULAR,91,M. LEWIS III,1,freethrow,324,,"['fastbreak', 'fromturnover']",2of2,1,21,Maxwell Robert ,Lewis Iii,Maxwell Robert ,Lewis Iii,M,L,M,L,M. Lewis Iii,TOFAS,TOF,M. Lewis Iii,21,,,,,,FT,made,TOFAS M. LEWIS III FT 2of2 made,,,,,,,,,1,95,1.0,made_ft_last,1,32,0,22
03:52,03:52:00,32,22,10,2,2,REGULAR,6,J. JOHNSON,0,2pt,326,,['pointsinthepaint'],turnaroundjumpshot,1,92,Jaron Tremel,Johnson,Jaron Tremel,Johnson,J,J,J,J,J. Johnson,ONVO BÜYÜKÇEKMECE BASKETBOL,BÇB,J. Johnson,92,,,95.660003662109,64.23999786377,0.0,P2,missed,ONVO BÜYÜKÇEKMECE BASKETBOL J. JOHNSON 2Pt missed,,,,,,,,,0,96,2.0,def_reb,0,32,0,22
03:49,03:49:00,32,22,10,1,2,REGULAR,93,J. THOMASSON JR,1,rebound,327,326,[],defensive,0,32,Joseph Elliotte,Thomasson Jr,Joseph Elliotte,Thomasson Jr,J,T,J,T,J. Thomasson Jr,TOFAS,TOF,J. Thomasson Jr,32,,,,,,REB,,TOFAS rebound defensive,,,,,,,,,0,97,1.0,def_reb,0,32,0,22
03:43,03:43:00,32,22,10,1,2,REGULAR,66,Y. SAYBIR,1,turnover,328,,[],badpass,0,3,Yigitcan,Saybir,Yigitcan,Saybir,Y,S,Y,S,Y. Saybir,TOFAS,TOF,Y. Saybir,3,,,,,,TO,,TOFAS Y. SAYBIR turnover badpass,,,,,,,,,0,98,2.0,turnover,0,32,0,22
03:43,03:43:00,32,22,10,2,2,REGULAR,6,J. JOHNSON,1,steal,329,328,[],,0,92,Jaron Tremel,Johnson,Jaron Tremel,Johnson,J,J,J,J,J. Johnson,ONVO BÜYÜKÇEKMECE BASKETBOL,BÇB,J. Johnson,92,,,,,,ST,,ONVO BÜYÜKÇEKMECE BASKETBOL J. JOHNSON steal,,,,,,,,,0,99,1.0,,0,32,0,22
03:37,03:37:00,32,22,10,1,2,REGULAR,93,J. THOMASSON JR,1,foul,331,,"['shooting', '2freethrow']",personal,0,32,Joseph Elliotte,Thomasson Jr,Joseph Elliotte,Thomasson Jr,J,T,J,T,J. Thomasson Jr,TOFAS,TOF,J. Thomasson Jr,32,,,,,,FOUL,,TOFAS J. THOMASSON JR foul personal,,,,,,,,,0,99,1.0,,0,32,0,22
03:37,03:37:00,32,22,10,2,2,REGULAR,5,J. LECQUE,1,foulon,332,331,[],,0,0,Jalen Evander,Lecque,Jalen Evander,Lecque,J,L,J,L,J. Lecque,ONVO BÜYÜKÇEKMECE BASKETBOL,BÇB,J. Lecque,0,,,,,,OTHER,,ONVO BÜYÜKÇEKMECE BASKETBOL foulon,,,,,,,,,0,99,1.0,,0,32,0,22
03:37,03:37:00,32,23,9,2,2,REGULAR,5,J. LECQUE,1,freethrow,333,,"['fastbreak', 'fromturnover']",1of2,1,0,Jalen Evander,Lecque,Jalen Evander,Lecque,J,L,J,L,J. Lecque,ONVO BÜYÜKÇEKMECE BASKETBOL,BÇB,J. Lecque,0,,,,,,FT,made,ONVO BÜYÜKÇEKMECE BASKETBOL J. LECQUE FT 1of2 made,,,,,,,,,1,99,1.0,made_ft,0,32,1,23
03:37,03:37:00,32,23,9,2,2,REGULAR,7,S. PIPES JR,1,assist,334,333,[],,0,11,Shawn Oneal,Pipes Jr,Shawn Oneal,Pipes Jr,S,P,S,P,S. Pipes Jr,ONVO BÜYÜKÇEKMECE BASKETBOL,BÇB,S. Pipes Jr,11,,,,,,ASS,,ONVO BÜYÜKÇEKMECE BASKETBOL S. PIPES JR assist,,,,,,,,,0,100,2.0,,0,32,0,23
03:37,03:37:00,32,24,8,2,2,REGULAR,5,J. LECQUE,1,freethrow,335,,"['fastbreak', 'fromturnover']",2of2,1,0,Jalen Evander,Lecque,Jalen Evander,Lecque,J,L,J,L,J. Lecque,ONVO BÜYÜKÇEKMECE BASKETBOL,BÇB,J. Lecque,0,,,,,,FT,made,ONVO BÜYÜKÇEKMECE BASKETBOL J. LECQUE FT 2of2 made,,,,,,,,,1,100,2.0,made_ft_last,0,32,1,24
03:26,03:26:00,35,24,11,1,2,REGULAR,91,M. LEWIS III,1,3pt,337,,[],jumpshot,1,21,Maxwell Robert ,Lewis Iii,Maxwell Robert ,Lewis Iii,M,L,M,L,M. Lewis Iii,TOFAS,TOF,M. Lewis Iii,21,,,14.539999961853,97.01000213623,1.0,P3,made,TOFAS M. LEWIS III 3Pt made,66.0,1.0,Y. SAYBIR,,,,,,3,101,1.0,score,3,35,0,24
03:26,03:26:00,35,24,11,1,2,REGULAR,66,Y. SAYBIR,1,assist,338,337,[],,0,3,Yigitcan,Saybir,Yigitcan,Saybir,Y,S,Y,S,Y. Saybir,TOFAS,TOF,Y. Saybir,3,,,,,,ASS,,TOFAS Y. SAYBIR assist,,,,,,,,,0,102,2.0,,0,35,0,24
03:13,03:13:00,35,24,11,2,2,REGULAR,7,S. PIPES JR,0,2pt,339,,[],pullupjumpshot,1,11,Shawn Oneal,Pipes Jr,Shawn Oneal,Pipes Jr,S,P,S,P,S. Pipes Jr,ONVO BÜYÜKÇEKMECE BASKETBOL,BÇB,S. Pipes Jr,11,,,81.930000305176,30.620000839233,0.0,P2,missed,ONVO BÜYÜKÇEKMECE BASKETBOL S. PIPES JR 2Pt missed,,,,,,,,,0,102,2.0,def_reb,0,35,0,24
03:11,03:11:00,35,24,11,1,2,REGULAR,91,M. LEWIS III,1,rebound,340,339,[],defensive,0,21,Maxwell Robert ,Lewis Iii,Maxwell Robert ,Lewis Iii,M,L,M,L,M. Lewis Iii,TOFAS,TOF,M. Lewis Iii,21,,,,,,REB,,TOFAS rebound defensive,,,,,,,,,0,103,1.0,def_reb,0,35,0,24
03:04,03:04:00,37,24,13,1,2,REGULAR,88,M. BLAZEVIC,1,2pt,341,,['pointsinthepaint'],layup,1,22,Marek,Blazevic,Marek,Blazevic,M,B,M,B,M. Blazevic,TOFAS,TOF,M. Blazevic,22,,,9.2399997711182,55.759998321533,1.0,P2,made,TOFAS M. BLAZEVIC 2Pt made,89.0,1.0,A. PEREZ,,,,,,2,104,2.0,score,2,37,0,24
03:04,03:04:00,37,24,13,1,2,REGULAR,89,A. PEREZ,1,assist,343,341,[],,0,2,Alex Daniel,Perez,Alex Daniel,Perez,A,P,A,P,A. Perez,TOFAS,TOF,A. Perez,2,,,,,,ASS,,TOFAS A. PEREZ assist,,,,,,,,,0,105,1.0,,0,37,0,24
03:03,03:03:00,37,24,13,2,2,REGULAR,0,,1,timeout,344,,[],full,0,,,,,,,,,,,ONVO BÜYÜKÇEKMECE BASKETBOL,BÇB,,,,,,,,TIMEOUT,,ONVO BÜYÜKÇEKMECE BASKETBOL timeout,,,,,,,,,0,105,1.0,,0,37,0,24
03:03,03:03:00,37,24,13,2,2,REGULAR,11,M. SENLI,1,substitution,345,,[],out,0,65,Muhammed Dogan,Senli,Muhammed Dogan,Senli,M,S,M,S,M. Senli,ONVO BÜYÜKÇEKMECE BASKETBOL,BÇB,M. Senli,65,,,,,,SUB,out,ONVO BÜYÜKÇEKMECE BASKETBOL substitution out,,,,,,,,,0,105,1.0,,0,37,0,24
03:03,03:03:00,37,24,13,2,2,REGULAR,6,J. JOHNSON,1,substitution,346,,[],out,0,92,Jaron Tremel,Johnson,Jaron Tremel,Johnson,J,J,J,J,J. Johnson,ONVO BÜYÜKÇEKMECE BASKETBOL,BÇB,J. Johnson,92,,,,,,SUB,out,ONVO BÜYÜKÇEKMECE BASKETBOL substitution out,,,,,,,,,0,105,1.0,,0,37,0,24
03:03,03:03:00,37,24,13,2,2,REGULAR,13,K. VAN DER VUURST DE VRIES,1,substitution,347,,[],in,0,1,Keye Jord,Van Der Vuurst De Vries,Keye Jord,Van Der Vuurst De Vries,K,V,K,V,K. Van Der Vuurst De Vries,ONVO BÜYÜKÇEKMECE BASKETBOL,BÇB,K. Van Der Vuurst De Vries,1,,,,,,SUB,in,ONVO BÜYÜKÇEKMECE BASKETBOL substitution in,,,,,,,,,0,105,1.0,,0,37,0,24
03:03,03:03:00,37,24,13,2,2,REGULAR,12,A. BANDAOGO,1,substitution,348,,[],in,0,55,Abdou Aziz,Bandaogo,Abdou Aziz,Bandaogo,A,B,A,B,A. Bandaogo,ONVO BÜYÜKÇEKMECE BASKETBOL,BÇB,A. Bandaogo,55,,,,,,SUB,in,ONVO BÜYÜKÇEKMECE BASKETBOL substitution in,,,,,,,,,0,105,1.0,,0,37,0,24
02:42,02:42:00,37,24,13,2,2,REGULAR,13,K. VAN DER VUURST DE VRIES,1,turnover,350,,[],badpass,0,1,Keye Jord,Van Der Vuurst De Vries,Keye Jord,Van Der Vuurst De Vries,K,V,K,V,K. Van Der Vuurst De Vries,ONVO BÜYÜKÇEKMECE BASKETBOL,BÇB,K. Van Der Vuurst De Vries,1,,,,,,TO,,ONVO BÜYÜKÇEKMECE BASKETBOL K. VAN DER VUURST DE VRIES turnover badpass,,,,,,,,,0,105,1.0,turnover,0,37,0,24
02:42,02:42:00,37,24,13,1,2,REGULAR,91,M. LEWIS III,1,steal,351,350,[],,0,21,Maxwell Robert ,Lewis Iii,Maxwell Robert ,Lewis Iii,M,L,M,L,M. Lewis Iii,TOFAS,TOF,M. Lewis Iii,21,,,,,,ST,,TOFAS M. LEWIS III steal,,,,,,,,,0,106,2.0,,0,37,0,24
02:29,02:29:00,37,24,13,1,2,REGULAR,66,Y. SAYBIR,0,3pt,352,,['fromturnover'],jumpshot,1,3,Yigitcan,Saybir,Yigitcan,Saybir,Y,S,Y,S,Y. Saybir,TOFAS,TOF,Y. Saybir,3,,,18.440000534058,9.1499996185303,0.0,P3,missed,TOFAS Y. SAYBIR 3Pt missed,,,,,,,,,0,106,2.0,,0,37,0,24
02:26,02:26:00,37,24,13,1,2,REGULAR,88,M. BLAZEVIC,1,rebound,353,352,[],offensive,0,22,Marek,Blazevic,Marek,Blazevic,M,B,M,B,M. Blazevic,TOFAS,TOF,M. Blazevic,22,,,,,,REB,,TOFAS rebound offensive,,,,,,,,,0,106,2.0,,0,37,0,24
02:25,02:25:00,37,24,13,1,2,REGULAR,66,Y. SAYBIR,0,2pt,354,,"['2ndchance', 'fromturnover', 'pointsinthepaint', 'blocked']",layup,1,3,Yigitcan,Saybir,Yigitcan,Saybir,Y,S,Y,S,Y. Saybir,TOFAS,TOF,Y. Saybir,3,,,13.60000038147,59.150001525879,0.0,P2,missed,TOFAS Y. SAYBIR 2Pt missed,,,,12.0,2.0,A. BANDAOGO,,,0,106,2.0,,0,37,0,24
02:25,02:25:00,37,24,13,2,2,REGULAR,12,A. BANDAOGO,1,block,355,354,[],,0,55,Abdou Aziz,Bandaogo,Abdou Aziz,Bandaogo,A,B,A,B,A. Bandaogo,ONVO BÜYÜKÇEKMECE BASKETBOL,BÇB,A. Bandaogo,55,,,,,,BS,,ONVO BÜYÜKÇEKMECE BASKETBOL A. BANDAOGO block,,,,,,,,,0,106,2.0,,0,37,0,24
02:21,02:21:00,37,24,13,2,2,REGULAR,5,J. LECQUE,1,rebound,356,354,[],defensive,0,0,Jalen Evander,Lecque,Jalen Evander,Lecque,J,L,J,L,J. Lecque,ONVO BÜYÜKÇEKMECE BASKETBOL,BÇB,J. Lecque,0,,,,,,REB,,ONVO BÜYÜKÇEKMECE BASKETBOL rebound defensive,,,,,,,,,0,106,2.0,def_reb,0,37,0,24
02:15,02:15:00,37,24,13,2,2,REGULAR,10,M. TÜREN,0,3pt,357,,[],jumpshot,1,7,Metin,Türen,Metin,Türen,M,T,M,T,M. Türen,ONVO BÜYÜKÇEKMECE BASKETBOL,BÇB,M. Türen,7,,,75.690002441406,6.8899998664856,0.0,P3,missed,ONVO BÜYÜKÇEKMECE BASKETBOL M. TÜREN 3Pt missed,,,,,,,,,0,107,1.0,def_reb,0,37,0,24
02:13,02:13:00,37,24,13,1,2,REGULAR,93,J. THOMASSON JR,1,rebound,358,357,[],defensive,0,32,Joseph Elliotte,Thomasson Jr,Joseph Elliotte,Thomasson Jr,J,T,J,T,J. Thomasson Jr,TOFAS,TOF,J. Thomasson Jr,32,,,,,,REB,,TOFAS rebound defensive,,,,,,,,,0,108,2.0,def_reb,0,37,0,24
02:10,02:10:00,40,24,16,1,2,REGULAR,91,M. LEWIS III,1,3pt,359,,['fastbreak'],jumpshot,1,21,Maxwell Robert ,Lewis Iii,Maxwell Robert ,Lewis Iii,M,L,M,L,M. Lewis Iii,TOFAS,TOF,M. Lewis Iii,21,,,20.0,89.379997253418,1.0,P3,made,TOFAS M. LEWIS III 3Pt made,88.0,1.0,M. BLAZEVIC,,,,,,3,109,1.0,score,3,40,0,24
02:10,02:10:00,40,24,16,1,2,REGULAR,88,M. BLAZEVIC,1,assist,360,359,[],,0,22,Marek,Blazevic,Marek,Blazevic,M,B,M,B,M. Blazevic,TOFAS,TOF,M. Blazevic,22,,,,,,ASS,,TOFAS M. BLAZEVIC assist,,,,,,,,,0,110,2.0,,0,40,0,24
01:46,01:46:00,40,27,13,2,2,REGULAR,13,K. VAN DER VUURST DE VRIES,1,3pt,361,,[],floatingjumpshot,1,1,Keye Jord,Van Der Vuurst De Vries,Keye Jord,Van Der Vuurst De Vries,K,V,K,V,K. Van Der Vuurst De Vries,ONVO BÜYÜKÇEKMECE BASKETBOL,BÇB,K. Van Der Vuurst De Vries,1,,,81.470001220703,91.639999389648,1.0,P3,made,ONVO BÜYÜKÇEKMECE BASKETBOL K. VAN DER VUURST DE VRIES 3Pt made,10.0,2.0,M. TÜREN,,,,,,3,110,2.0,score,0,40,3,27
01:46,01:46:00,40,27,13,2,2,REGULAR,10,M. TÜREN,1,assist,362,361,[],,0,7,Metin,Türen,Metin,Türen,M,T,M,T,M. Türen,ONVO BÜYÜKÇEKMECE BASKETBOL,BÇB,M. Türen,7,,,,,,ASS,,ONVO BÜYÜKÇEKMECE BASKETBOL M. TÜREN assist,,,,,,,,,0,111,1.0,,0,40,0,27
01:31,01:31:00,40,27,13,1,2,REGULAR,89,A. PEREZ,0,2pt,363,,[],jumpshot,1,2,Alex Daniel,Perez,Alex Daniel,Perez,A,P,A,P,A. Perez,TOFAS,TOF,A. Perez,2,,,22.5,73.839996337891,0.0,P2,missed,TOFAS A. PEREZ 2Pt missed,,,,,,,,,0,111,1.0,,0,40,0,27
01:27,01:27:00,40,27,13,1,2,REGULAR,66,Y. SAYBIR,1,rebound,364,363,[],offensive,0,3,Yigitcan,Saybir,Yigitcan,Saybir,Y,S,Y,S,Y. Saybir,TOFAS,TOF,Y. Saybir,3,,,,,,REB,,TOFAS rebound offensive,,,,,,,,,0,111,1.0,,0,40,0,27
01:27,01:27:00,42,27,15,1,2,REGULAR,66,Y. SAYBIR,1,2pt,365,,"['2ndchance', 'pointsinthepaint']",tipinlayup,1,3,Yigitcan,Saybir,Yigitcan,Saybir,Y,S,Y,S,Y. Saybir,TOFAS,TOF,Y. Saybir,3,,,6.0,50.0,1.0,P2,made,TOFAS Y. SAYBIR 2Pt made,,,,,,,,,2,111,1.0,score,2,42,0,27
01:17,01:17:00,42,27,15,1,2,REGULAR,91,M. LEWIS III,1,foul,369,,"['shooting', '2freethrow']",personal,0,21,Maxwell Robert ,Lewis Iii,Maxwell Robert ,Lewis Iii,M,L,M,L,M. Lewis Iii,TOFAS,TOF,M. Lewis Iii,21,,,,,,FOUL,,TOFAS M. LEWIS III foul personal,,,,,,,,,0,112,2.0,,0,42,0,27
01:17,01:17:00,42,27,15,2,2,REGULAR,12,A. BANDAOGO,1,foulon,370,369,[],,0,55,Abdou Aziz,Bandaogo,Abdou Aziz,Bandaogo,A,B,A,B,A. Bandaogo,ONVO BÜYÜKÇEKMECE BASKETBOL,BÇB,A. Bandaogo,55,,,,,,OTHER,,ONVO BÜYÜKÇEKMECE BASKETBOL foulon,,,,,,,,,0,112,2.0,,0,42,0,27
01:17,01:17:00,42,27,15,2,2,REGULAR,7,S. PIPES JR,1,substitution,371,,[],out,0,11,Shawn Oneal,Pipes Jr,Shawn Oneal,Pipes Jr,S,P,S,P,S. Pipes Jr,ONVO BÜYÜKÇEKMECE BASKETBOL,BÇB,S. Pipes Jr,11,,,,,,SUB,out,ONVO BÜYÜKÇEKMECE BASKETBOL substitution out,,,,,,,,,0,112,2.0,,0,42,0,27
01:17,01:17:00,42,27,15,2,2,REGULAR,6,J. JOHNSON,1,substitution,372,,[],in,0,92,Jaron Tremel,Johnson,Jaron Tremel,Johnson,J,J,J,J,J. Johnson,ONVO BÜYÜKÇEKMECE BASKETBOL,BÇB,J. Johnson,92,,,,,,SUB,in,ONVO BÜYÜKÇEKMECE BASKETBOL substitution in,,,,,,,,,0,112,2.0,,0,42,0,27
01:17,01:17:00,42,27,15,2,2,REGULAR,12,A. BANDAOGO,0,freethrow,373,,[],1of2,1,55,Abdou Aziz,Bandaogo,Abdou Aziz,Bandaogo,A,B,A,B,A. Bandaogo,ONVO BÜYÜKÇEKMECE BASKETBOL,BÇB,A. Bandaogo,55,,,,,,FT,missed,ONVO BÜYÜKÇEKMECE BASKETBOL A. BANDAOGO FT 1of2 missed,,,,,,,,,0,112,2.0,def_reb,0,42,0,27
01:17,01:17:00,42,27,15,2,2,REGULAR,0,,1,rebound,374,373,[],offensivedeadball,0,,,,,,,,,,,ONVO BÜYÜKÇEKMECE BASKETBOL,BÇB,,,,,,,,TREB,,ONVO BÜYÜKÇEKMECE BASKETBOL team rebound offensivedeadball,,,,,,,,,0,113,1.0,def_reb,0,42,0,27
01:17,01:17:00,42,28,14,2,2,REGULAR,12,A. BANDAOGO,1,freethrow,375,,[],2of2,1,55,Abdou Aziz,Bandaogo,Abdou Aziz,Bandaogo,A,B,A,B,A. Bandaogo,ONVO BÜYÜKÇEKMECE BASKETBOL,BÇB,A. Bandaogo,55,,,,,,FT,made,ONVO BÜYÜKÇEKMECE BASKETBOL A. BANDAOGO FT 2of2 made,,,,,,,,,1,114,2.0,made_ft_last,0,42,1,28
01:17,01:17:00,42,28,14,2,2,REGULAR,13,K. VAN DER VUURST DE VRIES,1,assist,376,375,[],,0,1,Keye Jord,Van Der Vuurst De Vries,Keye Jord,Van Der Vuurst De Vries,K,V,K,V,K. Van Der Vuurst De Vries,ONVO BÜYÜKÇEKMECE BASKETBOL,BÇB,K. Van Der Vuurst De Vries,1,,,,,,ASS,,ONVO BÜYÜKÇEKMECE BASKETBOL K. VAN DER VUURST DE VRIES assist,,,,,,,,,0,115,1.0,,0,42,0,28
01:03,01:03:00,44,28,16,1,2,REGULAR,93,J. THOMASSON JR,1,2pt,378,,['pointsinthepaint'],stepbackjumpshot,1,32,Joseph Elliotte,Thomasson Jr,Joseph Elliotte,Thomasson Jr,J,T,J,T,J. Thomasson Jr,TOFAS,TOF,J. Thomasson Jr,32,,,13.760000228882,42.490001678467,1.0,P2,made,TOFAS J. THOMASSON JR 2Pt made,,,,,,,,,2,115,1.0,score,2,44,0,28
00:45,00:45:40,44,28,16,2,2,REGULAR,12,A. BANDAOGO,0,2pt,379,,['pointsinthepaint'],jumpshot,1,55,Abdou Aziz,Bandaogo,Abdou Aziz,Bandaogo,A,B,A,B,A. Bandaogo,ONVO BÜYÜKÇEKMECE BASKETBOL,BÇB,A. Bandaogo,55,,,89.730003356934,45.590000152588,0.0,P2,missed,ONVO BÜYÜKÇEKMECE BASKETBOL A. BANDAOGO 2Pt missed,,,,,,,,,0,116,2.0,,0,44,0,28
00:41,00:41:80,44,28,16,2,2,REGULAR,5,J. LECQUE,1,rebound,380,379,[],offensive,0,0,Jalen Evander,Lecque,Jalen Evander,Lecque,J,L,J,L,J. Lecque,ONVO BÜYÜKÇEKMECE BASKETBOL,BÇB,J. Lecque,0,,,,,,REB,,ONVO BÜYÜKÇEKMECE BASKETBOL rebound offensive,,,,,,,,,0,116,2.0,,0,44,0,28
00:41,00:41:40,44,30,14,2,2,REGULAR,5,J. LECQUE,1,2pt,381,,"['2ndchance', 'pointsinthepaint']",dunk,1,0,Jalen Evander,Lecque,Jalen Evander,Lecque,J,L,J,L,J. Lecque,ONVO BÜYÜKÇEKMECE BASKETBOL,BÇB,J. Lecque,0,,,93.629997253418,47.290000915527,1.0,P2,made,ONVO BÜYÜKÇEKMECE BASKETBOL J. LECQUE 2Pt made,,,,,,,,,2,116,2.0,score,0,44,2,30
00:20,00:20:40,46,30,16,1,2,REGULAR,88,M. BLAZEVIC,1,2pt,382,,['pointsinthepaint'],jumpshot,1,22,Marek,Blazevic,Marek,Blazevic,M,B,M,B,M. Blazevic,TOFAS,TOF,M. Blazevic,22,,,20.0,50.400001525879,1.0,P2,made,TOFAS M. BLAZEVIC 2Pt made,93.0,1.0,J. THOMASSON JR,,,,,,2,117,1.0,score,2,46,0,30
00:20,00:20:40,46,30,16,1,2,REGULAR,93,J. THOMASSON JR,1,assist,383,382,[],,0,32,Joseph Elliotte,Thomasson Jr,Joseph Elliotte,Thomasson Jr,J,T,J,T,J. Thomasson Jr,TOFAS,TOF,J. Thomasson Jr,32,,,,,,ASS,,TOFAS J. THOMASSON JR assist,,,,,,,,,0,118,2.0,,0,46,0,30
00:11,00:11:50,46,30,16,2,2,REGULAR,5,J. LECQUE,1,substitution,385,,[],out,0,0,Jalen Evander,Lecque,Jalen Evander,Lecque,J,L,J,L,J. Lecque,ONVO BÜYÜKÇEKMECE BASKETBOL,BÇB,J. Lecque,0,,,,,,SUB,out,ONVO BÜYÜKÇEKMECE BASKETBOL substitution out,,,,,,,,,0,118,2.0,,0,46,0,30
00:11,00:11:50,46,30,16,2,2,REGULAR,9,C. TURGUT,1,substitution,386,,[],in,0,23,Can Kaan,Turgut,Can Kaan,Turgut,C,T,C,T,C. Turgut,ONVO BÜYÜKÇEKMECE BASKETBOL,BÇB,C. Turgut,23,,,,,,SUB,in,ONVO BÜYÜKÇEKMECE BASKETBOL substitution in,,,,,,,,,0,118,2.0,,0,46,0,30
00:04,00:04:70,46,30,16,2,2,REGULAR,6,J. JOHNSON,0,3pt,389,,[],jumpshot,1,92,Jaron Tremel,Johnson,Jaron Tremel,Johnson,J,J,J,J,J. Johnson,ONVO BÜYÜKÇEKMECE BASKETBOL,BÇB,J. Johnson,92,,,67.110000610352,65.370002746582,0.0,P3,missed,ONVO BÜYÜKÇEKMECE BASKETBOL J. JOHNSON 3Pt missed,,,,,,,,,0,118,2.0,,0,46,0,30
00:00,00:00:00,46,30,16,0,2,REGULAR,0,,1,period,393,,['confirmed'],end,0,,,,,,,,,,,,,,,,,,,,OTHER,,period end,,,,,,,,,0,118,2.0,,0,46,0,30
10:00,10:00:00,46,30,16,2,3,REGULAR,9,C. TURGUT,1,substitution,394,,[],out,0,23,Can Kaan,Turgut,Can Kaan,Turgut,C,T,C,T,C. Turgut,ONVO BÜYÜKÇEKMECE BASKETBOL,BÇB,C. Turgut,23,,,,,,SUB,out,ONVO BÜYÜKÇEKMECE BASKETBOL substitution out,,,,,,,,,0,118,2.0,,0,46,0,30
10:00,10:00:00,46,30,16,2,3,REGULAR,12,A. BANDAOGO,1,substitution,395,,[],out,0,55,Abdou Aziz,Bandaogo,Abdou Aziz,Bandaogo,A,B,A,B,A. Bandaogo,ONVO BÜYÜKÇEKMECE BASKETBOL,BÇB,A. Bandaogo,55,,,,,,SUB,out,ONVO BÜYÜKÇEKMECE BASKETBOL substitution out,,,,,,,,,0,118,2.0,,0,46,0,30
10:00,10:00:00,46,30,16,2,3,REGULAR,5,J. LECQUE,1,substitution,396,,[],in,0,0,Jalen Evander,Lecque,Jalen Evander,Lecque,J,L,J,L,J. Lecque,ONVO BÜYÜKÇEKMECE BASKETBOL,BÇB,J. Lecque,0,,,,,,SUB,in,ONVO BÜYÜKÇEKMECE BASKETBOL substitution in,,,,,,,,,0,118,2.0,,0,46,0,30
10:00,10:00:00,46,30,16,2,3,REGULAR,11,M. SENLI,1,substitution,397,,[],in,0,65,Muhammed Dogan,Senli,Muhammed Dogan,Senli,M,S,M,S,M. Senli,ONVO BÜYÜKÇEKMECE BASKETBOL,BÇB,M. Senli,65,,,,,,SUB,in,ONVO BÜYÜKÇEKMECE BASKETBOL substitution in,,,,,,,,,0,118,2.0,,0,46,0,30
10:00,10:00:00,46,30,16,0,3,REGULAR,0,,1,period,398,,[],start,0,,,,,,,,,,,,,,,,,,,,OTHER,,period start,,,,,,,,,0,118,2.0,,0,46,0,30
09:47,09:47:00,46,30,16,1,3,REGULAR,93,J. THOMASSON JR,0,3pt,400,,[],jumpshot,1,32,Joseph Elliotte,Thomasson Jr,Joseph Elliotte,Thomasson Jr,J,T,J,T,J. Thomasson Jr,TOFAS,TOF,J. Thomasson Jr,32,,,69.610000610352,11.979999542236,0.0,P3,missed,TOFAS J. THOMASSON JR 3Pt missed,,,,,,,,,0,118,2.0,,0,46,0,30
09:44,09:44:00,46,30,16,1,3,REGULAR,91,M. LEWIS III,1,rebound,401,400,[],offensive,0,21,Maxwell Robert ,Lewis Iii,Maxwell Robert ,Lewis Iii,M,L,M,L,M. Lewis Iii,TOFAS,TOF,M. Lewis Iii,21,,,,,,REB,,TOFAS rebound offensive,,,,,,,,,0,118,2.0,,0,46,0,30
09:39,09:39:00,46,30,16,2,3,REGULAR,13,K. VAN DER VUURST DE VRIES,1,foul,403,,[],personal,0,1,Keye Jord,Van Der Vuurst De Vries,Keye Jord,Van Der Vuurst De Vries,K,V,K,V,K. Van Der Vuurst De Vries,ONVO BÜYÜKÇEKMECE BASKETBOL,BÇB,K. Van Der Vuurst De Vries,1,,,,,,FOUL,,ONVO BÜYÜKÇEKMECE BASKETBOL K. VAN DER VUURST DE VRIES foul personal,,,,,,,,,0,118,2.0,,0,46,0,30
09:39,09:39:00,46,30,16,1,3,REGULAR,66,Y. SAYBIR,1,foulon,404,403,[],,0,3,Yigitcan,Saybir,Yigitcan,Saybir,Y,S,Y,S,Y. Saybir,TOFAS,TOF,Y. Saybir,3,,,,,,OTHER,,TOFAS foulon,,,,,,,,,0,118,2.0,,0,46,0,30
09:24,09:24:00,49,30,19,1,3,REGULAR,93,J. THOMASSON JR,1,3pt,406,,['2ndchance'],jumpshot,1,32,Joseph Elliotte,Thomasson Jr,Joseph Elliotte,Thomasson Jr,J,T,J,T,J. Thomasson Jr,TOFAS,TOF,J. Thomasson Jr,32,,,74.129997253418,88.809997558594,1.0,P3,made,TOFAS J. THOMASSON JR 3Pt made,88.0,1.0,M. BLAZEVIC,,,,,,3,118,2.0,score,3,49,0,30
09:24,09:24:00,49,30,19,1,3,REGULAR,88,M. BLAZEVIC,1,assist,407,406,[],,0,22,Marek,Blazevic,Marek,Blazevic,M,B,M,B,M. Blazevic,TOFAS,TOF,M. Blazevic,22,,,,,,ASS,,TOFAS M. BLAZEVIC assist,,,,,,,,,0,119,1.0,,0,49,0,30
09:00,09:00:00,49,30,19,2,3,REGULAR,6,J. JOHNSON,0,3pt,408,,[],jumpshot,1,92,Jaron Tremel,Johnson,Jaron Tremel,Johnson,J,J,J,J,J. Johnson,ONVO BÜYÜKÇEKMECE BASKETBOL,BÇB,J. Johnson,92,,,26.239999771118,81.470001220703,0.0,P3,missed,ONVO BÜYÜKÇEKMECE BASKETBOL J. JOHNSON 3Pt missed,,,,,,,,,0,119,1.0,,0,49,0,30
08:57,08:57:00,49,30,19,2,3,REGULAR,13,K. VAN DER VUURST DE VRIES,1,rebound,409,408,[],offensive,0,1,Keye Jord,Van Der Vuurst De Vries,Keye Jord,Van Der Vuurst De Vries,K,V,K,V,K. Van Der Vuurst De Vries,ONVO BÜYÜKÇEKMECE BASKETBOL,BÇB,K. Van Der Vuurst De Vries,1,,,,,,REB,,ONVO BÜYÜKÇEKMECE BASKETBOL rebound offensive,,,,,,,,,0,119,1.0,,0,49,0,30
08:55,08:55:00,49,32,17,2,3,REGULAR,11,M. SENLI,1,2pt,410,,"['2ndchance', 'pointsinthepaint']",jumpshot,1,65,Muhammed Dogan,Senli,Muhammed Dogan,Senli,M,S,M,S,M. Senli,ONVO BÜYÜKÇEKMECE BASKETBOL,BÇB,M. Senli,65,,,17.35000038147,35.990001678467,1.0,P2,made,ONVO BÜYÜKÇEKMECE BASKETBOL M. SENLI 2Pt made,13.0,2.0,K. VAN DER VUURST DE VRIES,,,,,,2,119,1.0,score,0,49,2,32
08:55,08:55:00,49,32,17,2,3,REGULAR,13,K. VAN DER VUURST DE VRIES,1,assist,411,410,[],,0,1,Keye Jord,Van Der Vuurst De Vries,Keye Jord,Van Der Vuurst De Vries,K,V,K,V,K. Van Der Vuurst De Vries,ONVO BÜYÜKÇEKMECE BASKETBOL,BÇB,K. Van Der Vuurst De Vries,1,,,,,,ASS,,ONVO BÜYÜKÇEKMECE BASKETBOL K. VAN DER VUURST DE VRIES assist,,,,,,,,,0,120,2.0,,0,49,0,32
08:37,08:37:00,49,32,17,1,3,REGULAR,66,Y. SAYBIR,0,3pt,412,,[],jumpshot,1,3,Yigitcan,Saybir,Yigitcan,Saybir,Y,S,Y,S,Y. Saybir,TOFAS,TOF,Y. Saybir,3,,,77.720001220703,13.949999809265,0.0,P3,missed,TOFAS Y. SAYBIR 3Pt missed,,,,,,,,,0,120,2.0,def_reb,0,49,0,32
08:35,08:35:00,49,32,17,2,3,REGULAR,6,J. JOHNSON,1,rebound,413,412,[],defensive,0,92,Jaron Tremel,Johnson,Jaron Tremel,Johnson,J,J,J,J,J. Johnson,ONVO BÜYÜKÇEKMECE BASKETBOL,BÇB,J. Johnson,92,,,,,,REB,,ONVO BÜYÜKÇEKMECE BASKETBOL rebound defensive,,,,,,,,,0,121,1.0,def_reb,0,49,0,32
08:25,08:25:00,49,34,15,2,3,REGULAR,5,J. LECQUE,1,2pt,414,,[],pullupjumpshot,1,0,Jalen Evander,Lecque,Jalen Evander,Lecque,J,L,J,L,J. Lecque,ONVO BÜYÜKÇEKMECE BASKETBOL,BÇB,J. Lecque,0,,,10.800000190735,72.430000305176,1.0,P2,made,ONVO BÜYÜKÇEKMECE BASKETBOL J. LECQUE 2Pt made,11.0,2.0,M. SENLI,,,,,,2,122,2.0,score,0,49,2,34
08:25,08:25:00,49,34,15,2,3,REGULAR,11,M. SENLI,1,assist,415,414,[],,0,65,Muhammed Dogan,Senli,Muhammed Dogan,Senli,M,S,M,S,M. Senli,ONVO BÜYÜKÇEKMECE BASKETBOL,BÇB,M. Senli,65,,,,,,ASS,,ONVO BÜYÜKÇEKMECE BASKETBOL M. SENLI assist,,,,,,,,,0,123,1.0,,0,49,0,34
08:02,08:02:00,51,34,17,1,3,REGULAR,88,M. BLAZEVIC,1,2pt,416,,['pointsinthepaint'],turnaroundjumpshot,1,22,Marek,Blazevic,Marek,Blazevic,M,B,M,B,M. Blazevic,TOFAS,TOF,M. Blazevic,22,,,95.660003662109,62.819999694824,1.0,P2,made,TOFAS M. BLAZEVIC 2Pt made,93.0,1.0,J. THOMASSON JR,,,,,,2,123,1.0,score,2,51,0,34
08:02,08:02:00,51,34,17,1,3,REGULAR,93,J. THOMASSON JR,1,assist,417,416,[],,0,32,Joseph Elliotte,Thomasson Jr,Joseph Elliotte,Thomasson Jr,J,T,J,T,J. Thomasson Jr,TOFAS,TOF,J. Thomasson Jr,32,,,,,,ASS,,TOFAS J. THOMASSON JR assist,,,,,,,,,0,124,2.0,,0,51,0,34
07:36,07:36:00,51,37,14,2,3,REGULAR,6,J. JOHNSON,1,3pt,423,,[],pullupjumpshot,1,92,Jaron Tremel,Johnson,Jaron Tremel,Johnson,J,J,J,J,J. Johnson,ONVO BÜYÜKÇEKMECE BASKETBOL,BÇB,J. Johnson,92,,,24.059999465942,7.460000038147,1.0,P3,made,ONVO BÜYÜKÇEKMECE BASKETBOL J. JOHNSON 3Pt made,,,,,,,,,3,124,2.0,score,0,51,3,37
07:18,07:18:00,54,37,17,1,3,REGULAR,91,M. LEWIS III,1,3pt,424,,[],stepbackjumpshot,1,21,Maxwell Robert ,Lewis Iii,Maxwell Robert ,Lewis Iii,M,L,M,L,M. Lewis Iii,TOFAS,TOF,M. Lewis Iii,21,,,67.430000305176,58.590000152588,1.0,P3,made,TOFAS M. LEWIS III 3Pt made,,,,,,,,,3,125,1.0,score,3,54,0,37
07:05,07:05:00,54,37,17,2,3,REGULAR,6,J. JOHNSON,0,2pt,425,,['pointsinthepaint'],jumpshot,1,92,Jaron Tremel,Johnson,Jaron Tremel,Johnson,J,J,J,J,J. Johnson,ONVO BÜYÜKÇEKMECE BASKETBOL,BÇB,J. Johnson,92,,,13.289999961853,59.439998626709,0.0,P2,missed,ONVO BÜYÜKÇEKMECE BASKETBOL J. JOHNSON 2Pt missed,,,,,,,,,0,126,2.0,def_reb,0,54,0,37
07:03,07:03:00,54,37,17,1,3,REGULAR,89,A. PEREZ,1,rebound,426,425,[],defensive,0,2,Alex Daniel,Perez,Alex Daniel,Perez,A,P,A,P,A. Perez,TOFAS,TOF,A. Perez,2,,,,,,REB,,TOFAS rebound defensive,,,,,,,,,0,127,1.0,def_reb,0,54,0,37
06:59,06:59:00,56,37,19,1,3,REGULAR,66,Y. SAYBIR,1,2pt,427,,"['pointsinthepaint', 'fastbreak']",dunk,1,3,Yigitcan,Saybir,Yigitcan,Saybir,Y,S,Y,S,Y. Saybir,TOFAS,TOF,Y. Saybir,3,,,93.480003356934,64.800003051758,1.0,P2,made,TOFAS Y. SAYBIR 2Pt made,89.0,1.0,A. PEREZ,,,,,,2,128,2.0,score,2,56,0,37
06:59,06:59:00,56,37,19,1,3,REGULAR,89,A. PEREZ,1,assist,429,427,[],,0,2,Alex Daniel,Perez,Alex Daniel,Perez,A,P,A,P,A. Perez,TOFAS,TOF,A. Perez,2,,,,,,ASS,,TOFAS A. PEREZ assist,,,,,,,,,0,129,1.0,,0,56,0,37
06:58,06:58:00,56,37,19,2,3,REGULAR,0,,1,timeout,430,,[],full,0,,,,,,,,,,,ONVO BÜYÜKÇEKMECE BASKETBOL,BÇB,,,,,,,,TIMEOUT,,ONVO BÜYÜKÇEKMECE BASKETBOL timeout,,,,,,,,,0,129,1.0,,0,56,0,37
06:58,06:58:00,56,37,19,2,3,REGULAR,6,J. JOHNSON,1,substitution,431,,[],out,0,92,Jaron Tremel,Johnson,Jaron Tremel,Johnson,J,J,J,J,J. Johnson,ONVO BÜYÜKÇEKMECE BASKETBOL,BÇB,J. Johnson,92,,,,,,SUB,out,ONVO BÜYÜKÇEKMECE BASKETBOL substitution out,,,,,,,,,0,129,1.0,,0,56,0,37
06:58,06:58:00,56,37,19,2,3,REGULAR,7,S. PIPES JR,1,substitution,432,,[],in,0,11,Shawn Oneal,Pipes Jr,Shawn Oneal,Pipes Jr,S,P,S,P,S. Pipes Jr,ONVO BÜYÜKÇEKMECE BASKETBOL,BÇB,S. Pipes Jr,11,,,,,,SUB,in,ONVO BÜYÜKÇEKMECE BASKETBOL substitution in,,,,,,,,,0,129,1.0,,0,56,0,37
06:50,06:50:00,56,37,19,2,3,REGULAR,7,S. PIPES JR,1,turnover,435,,[],outofbounds,0,11,Shawn Oneal,Pipes Jr,Shawn Oneal,Pipes Jr,S,P,S,P,S. Pipes Jr,ONVO BÜYÜKÇEKMECE BASKETBOL,BÇB,S. Pipes Jr,11,,,,,,TO,,ONVO BÜYÜKÇEKMECE BASKETBOL S. PIPES JR turnover outofbounds,,,,,,,,,0,129,1.0,turnover,0,56,0,37
06:36,06:36:00,56,37,19,1,3,REGULAR,88,M. BLAZEVIC,0,2pt,437,,"['fromturnover', 'pointsinthepaint']",turnaroundjumpshot,1,22,Marek,Blazevic,Marek,Blazevic,M,B,M,B,M. Blazevic,TOFAS,TOF,M. Blazevic,22,,,91.610000610352,59.439998626709,0.0,P2,missed,TOFAS M. BLAZEVIC 2Pt missed,,,,,,,,,0,130,2.0,,0,56,0,37
06:33,06:33:00,56,37,19,1,3,REGULAR,88,M. BLAZEVIC,1,rebound,438,437,[],offensive,0,22,Marek,Blazevic,Marek,Blazevic,M,B,M,B,M. Blazevic,TOFAS,TOF,M. Blazevic,22,,,,,,REB,,TOFAS rebound offensive,,,,,,,,,0,130,2.0,,0,56,0,37
06:32,06:32:00,56,37,19,1,3,REGULAR,88,M. BLAZEVIC,1,turnover,440,,[],travel,0,22,Marek,Blazevic,Marek,Blazevic,M,B,M,B,M. Blazevic,TOFAS,TOF,M. Blazevic,22,,,,,,TO,,TOFAS M. BLAZEVIC turnover travel,,,,,,,,,0,130,2.0,turnover,0,56,0,37
06:18,06:18:00,56,37,19,2,3,REGULAR,5,J. LECQUE,0,2pt,442,,"['fromturnover', 'pointsinthepaint']",floatingjumpshot,1,0,Jalen Evander,Lecque,Jalen Evander,Lecque,J,L,J,L,J. Lecque,ONVO BÜYÜKÇEKMECE BASKETBOL,BÇB,J. Lecque,0,,,15.789999961853,45.590000152588,0.0,P2,missed,ONVO BÜYÜKÇEKMECE BASKETBOL J. LECQUE 2Pt missed,,,,,,,,,0,131,1.0,def_reb,0,56,0,37
06:16,06:16:00,56,37,19,1,3,REGULAR,88,M. BLAZEVIC,1,rebound,443,442,[],defensive,0,22,Marek,Blazevic,Marek,Blazevic,M,B,M,B,M. Blazevic,TOFAS,TOF,M. Blazevic,22,,,,,,REB,,TOFAS rebound defensive,,,,,,,,,0,132,2.0,def_reb,0,56,0,37
06:10,06:10:00,58,37,21,1,3,REGULAR,88,M. BLAZEVIC,1,2pt,444,,"['pointsinthepaint', 'fastbreak']",dunk,1,22,Marek,Blazevic,Marek,Blazevic,M,B,M,B,M. Blazevic,TOFAS,TOF,M. Blazevic,22,,,94.26000213623,42.770000457764,1.0,P2,made,TOFAS M. BLAZEVIC 2Pt made,93.0,1.0,J. THOMASSON JR,,,,,,2,133,1.0,score,2,58,0,37
06:10,06:10:00,58,37,21,1,3,REGULAR,93,J. THOMASSON JR,1,assist,445,444,[],,0,32,Joseph Elliotte,Thomasson Jr,Joseph Elliotte,Thomasson Jr,J,T,J,T,J. Thomasson Jr,TOFAS,TOF,J. Thomasson Jr,32,,,,,,ASS,,TOFAS J. THOMASSON JR assist,,,,,,,,,0,134,2.0,,0,58,0,37
05:44,05:44:00,58,37,21,2,3,REGULAR,11,M. SENLI,0,2pt,446,,['pointsinthepaint'],turnaroundjumpshot,1,65,Muhammed Dogan,Senli,Muhammed Dogan,Senli,M,S,M,S,M. Senli,ONVO BÜYÜKÇEKMECE BASKETBOL,BÇB,M. Senli,65,,,14.699999809265,41.069999694824,0.0,P2,missed,ONVO BÜYÜKÇEKMECE BASKETBOL M. SENLI 2Pt missed,,,,,,,,,0,134,2.0,,0,58,0,37
05:40,05:40:00,58,37,21,2,3,REGULAR,5,J. LECQUE,1,rebound,447,446,[],offensive,0,0,Jalen Evander,Lecque,Jalen Evander,Lecque,J,L,J,L,J. Lecque,ONVO BÜYÜKÇEKMECE BASKETBOL,BÇB,J. Lecque,0,,,,,,REB,,ONVO BÜYÜKÇEKMECE BASKETBOL rebound offensive,,,,,,,,,0,134,2.0,,0,58,0,37
05:40,05:40:00,58,37,21,2,3,REGULAR,5,J. LECQUE,0,2pt,448,,"['2ndchance', 'pointsinthepaint']",tipinlayup,1,0,Jalen Evander,Lecque,Jalen Evander,Lecque,J,L,J,L,J. Lecque,ONVO BÜYÜKÇEKMECE BASKETBOL,BÇB,J. Lecque,0,,,6.0,50.0,0.0,P2,missed,ONVO BÜYÜKÇEKMECE BASKETBOL J. LECQUE 2Pt missed,,,,,,,,,0,134,2.0,,0,58,0,37
05:40,05:40:00,58,37,21,2,3,REGULAR,5,J. LECQUE,1,rebound,449,448,[],offensive,0,0,Jalen Evander,Lecque,Jalen Evander,Lecque,J,L,J,L,J. Lecque,ONVO BÜYÜKÇEKMECE BASKETBOL,BÇB,J. Lecque,0,,,,,,REB,,ONVO BÜYÜKÇEKMECE BASKETBOL rebound offensive,,,,,,,,,0,134,2.0,,0,58,0,37
05:40,05:40:00,58,37,21,1,3,REGULAR,88,M. BLAZEVIC,1,foul,451,,['2freethrow'],unsportsmanlike,0,22,Marek,Blazevic,Marek,Blazevic,M,B,M,B,M. Blazevic,TOFAS,TOF,M. Blazevic,22,,,,,,FOUL,,TOFAS M. BLAZEVIC foul unsportsmanlike,,,,,,,,,0,134,2.0,,0,58,0,37
05:40,05:40:00,58,37,21,2,3,REGULAR,5,J. LECQUE,1,foulon,452,451,[],,0,0,Jalen Evander,Lecque,Jalen Evander,Lecque,J,L,J,L,J. Lecque,ONVO BÜYÜKÇEKMECE BASKETBOL,BÇB,J. Lecque,0,,,,,,OTHER,,ONVO BÜYÜKÇEKMECE BASKETBOL foulon,,,,,,,,,0,134,2.0,,0,58,0,37
05:40,05:40:00,58,37,21,2,3,REGULAR,11,M. SENLI,1,substitution,453,,[],out,0,65,Muhammed Dogan,Senli,Muhammed Dogan,Senli,M,S,M,S,M. Senli,ONVO BÜYÜKÇEKMECE BASKETBOL,BÇB,M. Senli,65,,,,,,SUB,out,ONVO BÜYÜKÇEKMECE BASKETBOL substitution out,,,,,,,,,0,134,2.0,,0,58,0,37
05:40,05:40:00,58,37,21,2,3,REGULAR,12,A. BANDAOGO,1,substitution,454,,[],in,0,55,Abdou Aziz,Bandaogo,Abdou Aziz,Bandaogo,A,B,A,B,A. Bandaogo,ONVO BÜYÜKÇEKMECE BASKETBOL,BÇB,A. Bandaogo,55,,,,,,SUB,in,ONVO BÜYÜKÇEKMECE BASKETBOL substitution in,,,,,,,,,0,134,2.0,,0,58,0,37
05:40,05:40:00,58,37,21,1,3,REGULAR,88,M. BLAZEVIC,1,substitution,455,,[],out,0,22,Marek,Blazevic,Marek,Blazevic,M,B,M,B,M. Blazevic,TOFAS,TOF,M. Blazevic,22,,,,,,SUB,out,TOFAS substitution out,,,,,,,,,0,134,2.0,,0,58,0,37
05:40,05:40:00,58,37,21,1,3,REGULAR,94,W. KIDD JR,1,substitution,456,,[],in,0,15,Warren Lynn,Kidd Jr,Warren Lynn,Kidd Jr,W,K,W,K,W. Kidd Jr,TOFAS,TOF,W. Kidd Jr,15,,,,,,SUB,in,TOFAS substitution in,,,,,,,,,0,134,2.0,,0,58,0,37
05:40,05:40:00,58,38,20,2,3,REGULAR,5,J. LECQUE,1,freethrow,457,,['2ndchance'],1of2,1,0,Jalen Evander,Lecque,Jalen Evander,Lecque,J,L,J,L,J. Lecque,ONVO BÜYÜKÇEKMECE BASKETBOL,BÇB,J. Lecque,0,,,,,,FT,made,ONVO BÜYÜKÇEKMECE BASKETBOL J. LECQUE FT 1of2 made,,,,,,,,,1,134,2.0,made_ft,0,58,1,38
05:40,05:40:00,58,39,19,2,3,REGULAR,5,J. LECQUE,1,freethrow,458,,['2ndchance'],2of2,1,0,Jalen Evander,Lecque,Jalen Evander,Lecque,J,L,J,L,J. Lecque,ONVO BÜYÜKÇEKMECE BASKETBOL,BÇB,J. Lecque,0,,,,,,FT,made,ONVO BÜYÜKÇEKMECE BASKETBOL J. LECQUE FT 2of2 made,,,,,,,,,1,135,1.0,made_ft_last,0,58,1,39
05:35,05:35:00,58,39,19,2,3,REGULAR,12,A. BANDAOGO,0,2pt,460,,['pointsinthepaint'],dunk,1,55,Abdou Aziz,Bandaogo,Abdou Aziz,Bandaogo,A,B,A,B,A. Bandaogo,ONVO BÜYÜKÇEKMECE BASKETBOL,BÇB,A. Bandaogo,55,,,9.8599996566772,60.849998474121,0.0,P2,missed,ONVO BÜYÜKÇEKMECE BASKETBOL A. BANDAOGO 2Pt missed,,,,,,,,,0,136,2.0,def_reb,0,58,0,39
05:33,05:33:00,58,39,19,1,3,REGULAR,0,,1,rebound,462,460,['team'],defensive,0,,,,,,,,,,,TOFAS,TOF,,,,,,,,TREB,,TOFAS team rebound defensive,,,,,,,,,0,137,1.0,def_reb,0,58,0,39
05:22,05:22:00,58,39,19,1,3,REGULAR,94,W. KIDD JR,1,foul,465,,[],offensive,0,15,Warren Lynn,Kidd Jr,Warren Lynn,Kidd Jr,W,K,W,K,W. Kidd Jr,TOFAS,TOF,W. Kidd Jr,15,,,,,,RFOUL,,TOFAS W. KIDD JR foul offensive,,,,,,,,,0,138,2.0,offensive_foul,0,58,0,39
05:22,05:22:00,58,39,19,1,3,REGULAR,94,W. KIDD JR,1,turnover,466,465,[],offensive,0,15,Warren Lynn,Kidd Jr,Warren Lynn,Kidd Jr,W,K,W,K,W. Kidd Jr,TOFAS,TOF,W. Kidd Jr,15,,,,,,TO,,TOFAS W. KIDD JR turnover offensive,,,,,,,,,0,139,1.0,turnover,0,58,0,39
05:22,05:22:00,58,39,19,2,3,REGULAR,7,S. PIPES JR,1,foulon,467,465,[],,0,11,Shawn Oneal,Pipes Jr,Shawn Oneal,Pipes Jr,S,P,S,P,S. Pipes Jr,ONVO BÜYÜKÇEKMECE BASKETBOL,BÇB,S. Pipes Jr,11,,,,,,OTHER,,ONVO BÜYÜKÇEKMECE BASKETBOL foulon,,,,,,,,,0,140,2.0,,0,58,0,39
05:09,05:09:00,58,42,16,2,3,REGULAR,7,S. PIPES JR,1,3pt,469,,['fromturnover'],jumpshot,1,11,Shawn Oneal,Pipes Jr,Shawn Oneal,Pipes Jr,S,P,S,P,S. Pipes Jr,ONVO BÜYÜKÇEKMECE BASKETBOL,BÇB,S. Pipes Jr,11,,,28.420000076294,77.230003356934,1.0,P3,made,ONVO BÜYÜKÇEKMECE BASKETBOL S. PIPES JR 3Pt made,13.0,2.0,K. VAN DER VUURST DE VRIES,,,,,,3,140,2.0,score,0,58,3,42
05:09,05:09:00,58,42,16,2,3,REGULAR,13,K. VAN DER VUURST DE VRIES,1,assist,470,469,[],,0,1,Keye Jord,Van Der Vuurst De Vries,Keye Jord,Van Der Vuurst De Vries,K,V,K,V,K. Van Der Vuurst De Vries,ONVO BÜYÜKÇEKMECE BASKETBOL,BÇB,K. Van Der Vuurst De Vries,1,,,,,,ASS,,ONVO BÜYÜKÇEKMECE BASKETBOL K. VAN DER VUURST DE VRIES assist,,,,,,,,,0,141,1.0,,0,58,0,42
04:49,04:49:00,58,42,16,1,3,REGULAR,91,M. LEWIS III,0,3pt,471,,[],jumpshot,1,21,Maxwell Robert ,Lewis Iii,Maxwell Robert ,Lewis Iii,M,L,M,L,M. Lewis Iii,TOFAS,TOF,M. Lewis Iii,21,,,79.440002441406,93.900001525879,0.0,P3,missed,TOFAS M. LEWIS III 3Pt missed,,,,,,,,,0,141,1.0,def_reb,0,58,0,42
04:45,04:45:00,58,42,16,2,3,REGULAR,0,,1,rebound,473,471,['team'],defensive,0,,,,,,,,,,,ONVO BÜYÜKÇEKMECE BASKETBOL,BÇB,,,,,,,,TREB,,ONVO BÜYÜKÇEKMECE BASKETBOL team rebound defensive,,,,,,,,,0,142,2.0,def_reb,0,58,0,42
04:45,04:45:00,58,42,16,1,3,REGULAR,94,W. KIDD JR,1,foul,474,,[],personal,0,15,Warren Lynn,Kidd Jr,Warren Lynn,Kidd Jr,W,K,W,K,W. Kidd Jr,TOFAS,TOF,W. Kidd Jr,15,,,,,,FOUL,,TOFAS W. KIDD JR foul personal,,,,,,,,,0,143,1.0,,0,58,0,42
04:45,04:45:00,58,42,16,2,3,REGULAR,10,M. TÜREN,1,foulon,475,474,[],,0,7,Metin,Türen,Metin,Türen,M,T,M,T,M. Türen,ONVO BÜYÜKÇEKMECE BASKETBOL,BÇB,M. Türen,7,,,,,,OTHER,,ONVO BÜYÜKÇEKMECE BASKETBOL foulon,,,,,,,,,0,143,1.0,,0,58,0,42
04:25,04:25:00,58,42,16,2,3,REGULAR,13,K. VAN DER VUURST DE VRIES,0,3pt,477,,[],jumpshot,1,1,Keye Jord,Van Der Vuurst De Vries,Keye Jord,Van Der Vuurst De Vries,K,V,K,V,K. Van Der Vuurst De Vries,ONVO BÜYÜKÇEKMECE BASKETBOL,BÇB,K. Van Der Vuurst De Vries,1,,,34.200000762939,55.200000762939,0.0,P3,missed,ONVO BÜYÜKÇEKMECE BASKETBOL K. VAN DER VUURST DE VRIES 3Pt missed,,,,,,,,,0,143,1.0,,0,58,0,42
04:20,04:20:00,58,42,16,2,3,REGULAR,10,M. TÜREN,1,rebound,478,477,[],offensive,0,7,Metin,Türen,Metin,Türen,M,T,M,T,M. Türen,ONVO BÜYÜKÇEKMECE BASKETBOL,BÇB,M. Türen,7,,,,,,REB,,ONVO BÜYÜKÇEKMECE BASKETBOL rebound offensive,,,,,,,,,0,143,1.0,,0,58,0,42
04:19,04:19:00,58,42,16,1,3,REGULAR,66,Y. SAYBIR,1,foul,480,,"['shooting', '2freethrow']",personal,0,3,Yigitcan,Saybir,Yigitcan,Saybir,Y,S,Y,S,Y. Saybir,TOFAS,TOF,Y. Saybir,3,,,,,,FOUL,,TOFAS Y. SAYBIR foul personal,,,,,,,,,0,143,1.0,,0,58,0,42
04:19,04:19:00,58,42,16,2,3,REGULAR,10,M. TÜREN,1,foulon,481,480,[],,0,7,Metin,Türen,Metin,Türen,M,T,M,T,M. Türen,ONVO BÜYÜKÇEKMECE BASKETBOL,BÇB,M. Türen,7,,,,,,OTHER,,ONVO BÜYÜKÇEKMECE BASKETBOL foulon,,,,,,,,,0,143,1.0,,0,58,0,42
04:19,04:19:00,58,42,16,1,3,REGULAR,91,M. LEWIS III,1,substitution,482,,[],out,0,21,Maxwell Robert ,Lewis Iii,Maxwell Robert ,Lewis Iii,M,L,M,L,M. Lewis Iii,TOFAS,TOF,M. Lewis Iii,21,,,,,,SUB,out,TOFAS substitution out,,,,,,,,,0,143,1.0,,0,58,0,42
04:19,04:19:00,58,42,16,1,3,REGULAR,90,H. BESSON,1,substitution,483,,[],in,0,25,Hugo Eric,Besson,Hugo Eric,Besson,H,B,H,B,H. Besson,TOFAS,TOF,H. Besson,25,,,,,,SUB,in,TOFAS substitution in,,,,,,,,,0,143,1.0,,0,58,0,42
04:19,04:19:00,58,43,15,2,3,REGULAR,10,M. TÜREN,1,freethrow,484,,['2ndchance'],1of2,1,7,Metin,Türen,Metin,Türen,M,T,M,T,M. Türen,ONVO BÜYÜKÇEKMECE BASKETBOL,BÇB,M. Türen,7,,,,,,FT,made,ONVO BÜYÜKÇEKMECE BASKETBOL M. TÜREN FT 1of2 made,,,,,,,,,1,143,1.0,made_ft,0,58,1,43
04:19,04:19:00,58,44,14,2,3,REGULAR,10,M. TÜREN,1,freethrow,485,,['2ndchance'],2of2,1,7,Metin,Türen,Metin,Türen,M,T,M,T,M. Türen,ONVO BÜYÜKÇEKMECE BASKETBOL,BÇB,M. Türen,7,,,,,,FT,made,ONVO BÜYÜKÇEKMECE BASKETBOL M. TÜREN FT 2of2 made,,,,,,,,,1,144,2.0,made_ft_last,0,58,1,44
04:08,04:08:00,60,44,16,1,3,REGULAR,66,Y. SAYBIR,1,2pt,487,,"['pointsinthepaint', 'fastbreak']",drivinglayup,1,3,Yigitcan,Saybir,Yigitcan,Saybir,Y,S,Y,S,Y. Saybir,TOFAS,TOF,Y. Saybir,3,,,85.830001831055,65.370002746582,1.0,P2,made,TOFAS Y. SAYBIR 2Pt made,93.0,1.0,J. THOMASSON JR,,,,,,2,145,1.0,score,2,60,0,44
04:08,04:08:00,60,44,16,1,3,REGULAR,93,J. THOMASSON JR,1,assist,488,487,[],,0,32,Joseph Elliotte,Thomasson Jr,Joseph Elliotte,Thomasson Jr,J,T,J,T,J. Thomasson Jr,TOFAS,TOF,J. Thomasson Jr,32,,,,,,ASS,,TOFAS J. THOMASSON JR assist,,,,,,,,,0,146,2.0,,0,60,0,44
03:50,03:50:00,60,44,16,2,3,REGULAR,12,A. BANDAOGO,0,2pt,489,,['pointsinthepaint'],jumpshot,1,55,Abdou Aziz,Bandaogo,Abdou Aziz,Bandaogo,A,B,A,B,A. Bandaogo,ONVO BÜYÜKÇEKMECE BASKETBOL,BÇB,A. Bandaogo,55,,,8.3000001907349,61.689998626709,0.0,P2,missed,ONVO BÜYÜKÇEKMECE BASKETBOL A. BANDAOGO 2Pt missed,,,,,,,,,0,146,2.0,def_reb,0,60,0,44
03:47,03:47:00,60,44,16,1,3,REGULAR,90,H. BESSON,1,rebound,490,489,[],defensive,0,25,Hugo Eric,Besson,Hugo Eric,Besson,H,B,H,B,H. Besson,TOFAS,TOF,H. Besson,25,,,,,,REB,,TOFAS rebound defensive,,,,,,,,,0,147,1.0,def_reb,0,60,0,44
03:44,03:44:00,60,44,16,1,3,REGULAR,93,J. THOMASSON JR,0,3pt,491,,[],jumpshot,1,32,Joseph Elliotte,Thomasson Jr,Joseph Elliotte,Thomasson Jr,J,T,J,T,J. Thomasson Jr,TOFAS,TOF,J. Thomasson Jr,32,,,73.51000213623,25.540000915527,0.0,P3,missed,TOFAS J. THOMASSON JR 3Pt missed,,,,,,,,,0,148,2.0,def_reb,0,60,0,44
03:41,03:41:00,60,44,16,2,3,REGULAR,13,K. VAN DER VUURST DE VRIES,1,rebound,492,491,[],defensive,0,1,Keye Jord,Van Der Vuurst De Vries,Keye Jord,Van Der Vuurst De Vries,K,V,K,V,K. Van Der Vuurst De Vries,ONVO BÜYÜKÇEKMECE BASKETBOL,BÇB,K. Van Der Vuurst De Vries,1,,,,,,REB,,ONVO BÜYÜKÇEKMECE BASKETBOL rebound defensive,,,,,,,,,0,149,1.0,def_reb,0,60,0,44
03:35,03:35:00,60,44,16,2,3,REGULAR,13,K. VAN DER VUURST DE VRIES,0,3pt,493,,[],jumpshot,1,1,Keye Jord,Van Der Vuurst De Vries,Keye Jord,Van Der Vuurst De Vries,K,V,K,V,K. Van Der Vuurst De Vries,ONVO BÜYÜKÇEKMECE BASKETBOL,BÇB,K. Van Der Vuurst De Vries,1,,,24.520000457764,15.930000305176,0.0,P3,missed,ONVO BÜYÜKÇEKMECE BASKETBOL K. VAN DER VUURST DE VRIES 3Pt missed,,,,,,,,,0,150,2.0,def_reb,0,60,0,44
03:31,03:31:00,60,44,16,1,3,REGULAR,93,J. THOMASSON JR,1,rebound,494,493,[],defensive,0,32,Joseph Elliotte,Thomasson Jr,Joseph Elliotte,Thomasson Jr,J,T,J,T,J. Thomasson Jr,TOFAS,TOF,J. Thomasson Jr,32,,,,,,REB,,TOFAS rebound defensive,,,,,,,,,0,151,1.0,def_reb,0,60,0,44
03:25,03:25:00,60,44,16,1,3,REGULAR,94,W. KIDD JR,0,2pt,495,,['pointsinthepaint'],jumpshot,1,15,Warren Lynn,Kidd Jr,Warren Lynn,Kidd Jr,W,K,W,K,W. Kidd Jr,TOFAS,TOF,W. Kidd Jr,15,,,89.730003356934,58.869998931885,0.0,P2,missed,TOFAS W. KIDD JR 2Pt missed,,,,,,,,,0,152,2.0,,0,60,0,44
03:21,03:21:00,60,44,16,1,3,REGULAR,94,W. KIDD JR,1,rebound,496,495,[],offensive,0,15,Warren Lynn,Kidd Jr,Warren Lynn,Kidd Jr,W,K,W,K,W. Kidd Jr,TOFAS,TOF,W. Kidd Jr,15,,,,,,REB,,TOFAS rebound offensive,,,,,,,,,0,152,2.0,,0,60,0,44
03:21,03:21:00,60,44,16,1,3,REGULAR,94,W. KIDD JR,0,2pt,497,,"['2ndchance', 'pointsinthepaint']",tipinlayup,1,15,Warren Lynn,Kidd Jr,Warren Lynn,Kidd Jr,W,K,W,K,W. Kidd Jr,TOFAS,TOF,W. Kidd Jr,15,,,94.0,50.0,0.0,P2,missed,TOFAS W. KIDD JR 2Pt missed,,,,,,,,,0,152,2.0,,0,60,0,44
03:19,03:19:00,60,44,16,1,3,REGULAR,66,Y. SAYBIR,1,rebound,498,497,[],offensive,0,3,Yigitcan,Saybir,Yigitcan,Saybir,Y,S,Y,S,Y. Saybir,TOFAS,TOF,Y. Saybir,3,,,,,,REB,,TOFAS rebound offensive,,,,,,,,,0,152,2.0,,0,60,0,44
03:19,03:19:00,60,44,16,1,3,REGULAR,66,Y. SAYBIR,0,2pt,499,,"['2ndchance', 'pointsinthepaint']",tipinlayup,1,3,Yigitcan,Saybir,Yigitcan,Saybir,Y,S,Y,S,Y. Saybir,TOFAS,TOF,Y. Saybir,3,,,94.0,50.0,0.0,P2,missed,TOFAS Y. SAYBIR 2Pt missed,,,,,,,,,0,152,2.0,,0,60,0,44
03:18,03:18:00,60,44,16,1,3,REGULAR,94,W. KIDD JR,1,rebound,500,499,[],offensive,0,15,Warren Lynn,Kidd Jr,Warren Lynn,Kidd Jr,W,K,W,K,W. Kidd Jr,TOFAS,TOF,W. Kidd Jr,15,,,,,,REB,,TOFAS rebound offensive,,,,,,,,,0,152,2.0,,0,60,0,44
03:17,03:17:00,62,44,18,1,3,REGULAR,94,W. KIDD JR,1,2pt,501,,"['2ndchance', 'pointsinthepaint']",jumpshot,1,15,Warren Lynn,Kidd Jr,Warren Lynn,Kidd Jr,W,K,W,K,W. Kidd Jr,TOFAS,TOF,W. Kidd Jr,15,,,89.730003356934,44.459999084473,1.0,P2,made,TOFAS W. KIDD JR 2Pt made,,,,,,,,,2,152,2.0,score,2,62,0,44
02:57,02:57:00,62,46,16,2,3,REGULAR,5,J. LECQUE,1,2pt,502,,['pointsinthepaint'],dunk,1,0,Jalen Evander,Lecque,Jalen Evander,Lecque,J,L,J,L,J. Lecque,ONVO BÜYÜKÇEKMECE BASKETBOL,BÇB,J. Lecque,0,,,9.0799999237061,54.349998474121,1.0,P2,made,ONVO BÜYÜKÇEKMECE BASKETBOL J. LECQUE 2Pt made,13.0,2.0,K. VAN DER VUURST DE VRIES,,,,,,2,153,1.0,score,0,62,2,46
02:57,02:57:00,62,46,16,2,3,REGULAR,13,K. VAN DER VUURST DE VRIES,1,assist,503,502,[],,0,1,Keye Jord,Van Der Vuurst De Vries,Keye Jord,Van Der Vuurst De Vries,K,V,K,V,K. Van Der Vuurst De Vries,ONVO BÜYÜKÇEKMECE BASKETBOL,BÇB,K. Van Der Vuurst De Vries,1,,,,,,ASS,,ONVO BÜYÜKÇEKMECE BASKETBOL K. VAN DER VUURST DE VRIES assist,,,,,,,,,0,154,2.0,,0,62,0,46
02:36,02:36:00,62,46,16,1,3,REGULAR,93,J. THOMASSON JR,0,2pt,504,,[],pullupjumpshot,1,32,Joseph Elliotte,Thomasson Jr,Joseph Elliotte,Thomasson Jr,J,T,J,T,J. Thomasson Jr,TOFAS,TOF,J. Thomasson Jr,32,,,78.660003662109,31.75,0.0,P2,missed,TOFAS J. THOMASSON JR 2Pt missed,,,,,,,,,0,154,2.0,def_reb,0,62,0,46
02:33,02:33:00,62,46,16,2,3,REGULAR,5,J. LECQUE,1,rebound,505,504,[],defensive,0,0,Jalen Evander,Lecque,Jalen Evander,Lecque,J,L,J,L,J. Lecque,ONVO BÜYÜKÇEKMECE BASKETBOL,BÇB,J. Lecque,0,,,,,,REB,,ONVO BÜYÜKÇEKMECE BASKETBOL rebound defensive,,,,,,,,,0,155,1.0,def_reb,0,62,0,46
02:30,02:30:00,62,46,16,2,3,REGULAR,7,S. PIPES JR,0,2pt,507,,"['pointsinthepaint', 'blocked']",jumpshot,1,11,Shawn Oneal,Pipes Jr,Shawn Oneal,Pipes Jr,S,P,S,P,S. Pipes Jr,ONVO BÜYÜKÇEKMECE BASKETBOL,BÇB,S. Pipes Jr,11,,,9.5500001907349,57.180000305176,0.0,P2,missed,ONVO BÜYÜKÇEKMECE BASKETBOL S. PIPES JR 2Pt missed,,,,66.0,1.0,Y. SAYBIR,,,0,156,2.0,,0,62,0,46
02:30,02:30:00,62,46,16,1,3,REGULAR,66,Y. SAYBIR,1,block,509,507,[],,0,3,Yigitcan,Saybir,Yigitcan,Saybir,Y,S,Y,S,Y. Saybir,TOFAS,TOF,Y. Saybir,3,,,,,,BS,,TOFAS Y. SAYBIR block,,,,,,,,,0,156,2.0,,0,62,0,46
02:27,02:27:00,62,46,16,2,3,REGULAR,0,,1,rebound,510,507,['team'],offensive,0,,,,,,,,,,,ONVO BÜYÜKÇEKMECE BASKETBOL,BÇB,,,,,,,,TREB,,ONVO BÜYÜKÇEKMECE BASKETBOL team rebound offensive,,,,,,,,,0,156,2.0,def_reb,0,62,0,46
02:29,02:29:00,62,46,16,1,3,REGULAR,89,A. PEREZ,1,substitution,513,,[],out,0,2,Alex Daniel,Perez,Alex Daniel,Perez,A,P,A,P,A. Perez,TOFAS,TOF,A. Perez,2,,,,,,SUB,out,TOFAS substitution out,,,,,,,,,0,157,1.0,,0,62,0,46
02:29,02:29:00,62,46,16,1,3,REGULAR,66,Y. SAYBIR,1,substitution,514,,[],out,0,3,Yigitcan,Saybir,Yigitcan,Saybir,Y,S,Y,S,Y. Saybir,TOFAS,TOF,Y. Saybir,3,,,,,,SUB,out,TOFAS substitution out,,,,,,,,,0,157,1.0,,0,62,0,46
02:29,02:29:00,62,46,16,1,3,REGULAR,67,Ö. CENGIZ,1,substitution,515,,[],in,0,1,Özgür,Cengiz,Özgür,Cengiz,Ö,C,Ö,C,Ö. Cengiz,TOFAS,TOF,Ö. Cengiz,1,,,,,,SUB,in,TOFAS substitution in,,,,,,,,,0,157,1.0,,0,62,0,46
02:29,02:29:00,62,46,16,1,3,REGULAR,92,S. WHALEY,1,substitution,516,,[],in,0,5,Shaqwan Malic,Whaley,Shaqwan Malic,Whaley,S,W,S,W,S. Whaley,TOFAS,TOF,S. Whaley,5,,,,,,SUB,in,TOFAS substitution in,,,,,,,,,0,157,1.0,,0,62,0,46
02:19,02:19:00,62,49,13,2,3,REGULAR,5,J. LECQUE,1,3pt,518,,['2ndchance'],jumpshot,1,0,Jalen Evander,Lecque,Jalen Evander,Lecque,J,L,J,L,J. Lecque,ONVO BÜYÜKÇEKMECE BASKETBOL,BÇB,J. Lecque,0,,,11.109999656677,96.160003662109,1.0,P3,made,ONVO BÜYÜKÇEKMECE BASKETBOL J. LECQUE 3Pt made,13.0,2.0,K. VAN DER VUURST DE VRIES,,,,,,3,157,1.0,score,0,62,3,49
02:19,02:19:00,62,49,13,2,3,REGULAR,13,K. VAN DER VUURST DE VRIES,1,assist,519,518,[],,0,1,Keye Jord,Van Der Vuurst De Vries,Keye Jord,Van Der Vuurst De Vries,K,V,K,V,K. Van Der Vuurst De Vries,ONVO BÜYÜKÇEKMECE BASKETBOL,BÇB,K. Van Der Vuurst De Vries,1,,,,,,ASS,,ONVO BÜYÜKÇEKMECE BASKETBOL K. VAN DER VUURST DE VRIES assist,,,,,,,,,0,158,2.0,,0,62,0,49
01:59,01:59:00,62,49,13,1,3,REGULAR,92,S. WHALEY,1,turnover,521,,[],travel,0,5,Shaqwan Malic,Whaley,Shaqwan Malic,Whaley,S,W,S,W,S. Whaley,TOFAS,TOF,S. Whaley,5,,,,,,TO,,TOFAS S. WHALEY turnover travel,,,,,,,,,0,158,2.0,turnover,0,62,0,49
01:46,01:46:00,62,51,11,2,3,REGULAR,7,S. PIPES JR,1,2pt,523,,['fromturnover'],pullupjumpshot,1,11,Shawn Oneal,Pipes Jr,Shawn Oneal,Pipes Jr,S,P,S,P,S. Pipes Jr,ONVO BÜYÜKÇEKMECE BASKETBOL,BÇB,S. Pipes Jr,11,,,20.309999465942,60.849998474121,1.0,P2,made,ONVO BÜYÜKÇEKMECE BASKETBOL S. PIPES JR 2Pt made,,,,,,,,,2,159,1.0,score,0,62,2,51
01:45,01:45:00,62,51,11,1,3,REGULAR,0,,1,timeout,527,,[],full,0,,,,,,,,,,,TOFAS,TOF,,,,,,,,TIMEOUT,,TOFAS timeout,,,,,,,,,0,160,2.0,,0,62,0,51
01:31,01:31:00,62,51,11,1,3,REGULAR,94,W. KIDD JR,1,foul,530,,[],offensive,0,15,Warren Lynn,Kidd Jr,Warren Lynn,Kidd Jr,W,K,W,K,W. Kidd Jr,TOFAS,TOF,W. Kidd Jr,15,,,,,,RFOUL,,TOFAS W. KIDD JR foul offensive,,,,,,,,,0,160,2.0,offensive_foul,0,62,0,51
01:31,01:31:00,62,51,11,1,3,REGULAR,94,W. KIDD JR,1,turnover,531,530,[],offensive,0,15,Warren Lynn,Kidd Jr,Warren Lynn,Kidd Jr,W,K,W,K,W. Kidd Jr,TOFAS,TOF,W. Kidd Jr,15,,,,,,TO,,TOFAS W. KIDD JR turnover offensive,,,,,,,,,0,161,1.0,turnover,0,62,0,51
01:31,01:31:00,62,51,11,2,3,REGULAR,10,M. TÜREN,1,foulon,532,530,[],,0,7,Metin,Türen,Metin,Türen,M,T,M,T,M. Türen,ONVO BÜYÜKÇEKMECE BASKETBOL,BÇB,M. Türen,7,,,,,,OTHER,,ONVO BÜYÜKÇEKMECE BASKETBOL foulon,,,,,,,,,0,162,2.0,,0,62,0,51
01:31,01:31:00,62,51,11,1,3,REGULAR,94,W. KIDD JR,1,substitution,533,,[],out,0,15,Warren Lynn,Kidd Jr,Warren Lynn,Kidd Jr,W,K,W,K,W. Kidd Jr,TOFAS,TOF,W. Kidd Jr,15,,,,,,SUB,out,TOFAS substitution out,,,,,,,,,0,162,2.0,,0,62,0,51
01:31,01:31:00,62,51,11,1,3,REGULAR,88,M. BLAZEVIC,1,substitution,534,,[],in,0,22,Marek,Blazevic,Marek,Blazevic,M,B,M,B,M. Blazevic,TOFAS,TOF,M. Blazevic,22,,,,,,SUB,in,TOFAS substitution in,,,,,,,,,0,162,2.0,,0,62,0,51
01:07,01:07:00,62,51,11,2,3,REGULAR,0,,1,turnover,537,,['team'],24sec,0,,,,,,,,,,,ONVO BÜYÜKÇEKMECE BASKETBOL,BÇB,,,,,,,,TO,,ONVO BÜYÜKÇEKMECE BASKETBOL  turnover 24sec,,,,,,,,,0,162,2.0,turnover,0,62,0,51
00:53,00:53:10,64,51,13,1,3,REGULAR,88,M. BLAZEVIC,1,2pt,539,,"['fromturnover', 'pointsinthepaint']",reverselayup,1,22,Marek,Blazevic,Marek,Blazevic,M,B,M,B,M. Blazevic,TOFAS,TOF,M. Blazevic,22,,,92.540000915527,40.790000915527,1.0,P2,made,TOFAS M. BLAZEVIC 2Pt made,67.0,1.0,Ö. CENGIZ,,,,,,2,163,1.0,score,2,64,0,51
00:53,00:53:10,64,51,13,1,3,REGULAR,67,Ö. CENGIZ,1,assist,540,539,[],,0,1,Özgür,Cengiz,Özgür,Cengiz,Ö,C,Ö,C,Ö. Cengiz,TOFAS,TOF,Ö. Cengiz,1,,,,,,ASS,,TOFAS Ö. CENGIZ assist,,,,,,,,,0,164,2.0,,0,64,0,51
00:38,00:38:90,64,51,13,2,3,REGULAR,12,A. BANDAOGO,0,2pt,541,,[],floatingjumpshot,1,55,Abdou Aziz,Bandaogo,Abdou Aziz,Bandaogo,A,B,A,B,A. Bandaogo,ONVO BÜYÜKÇEKMECE BASKETBOL,BÇB,A. Bandaogo,55,,,24.680000305176,59.720001220703,0.0,P2,missed,ONVO BÜYÜKÇEKMECE BASKETBOL A. BANDAOGO 2Pt missed,,,,,,,,,0,164,2.0,def_reb,0,64,0,51
00:35,00:35:70,64,51,13,1,3,REGULAR,88,M. BLAZEVIC,1,rebound,542,541,[],defensive,0,22,Marek,Blazevic,Marek,Blazevic,M,B,M,B,M. Blazevic,TOFAS,TOF,M. Blazevic,22,,,,,,REB,,TOFAS rebound defensive,,,,,,,,,0,165,1.0,def_reb,0,64,0,51
00:23,00:23:90,67,51,16,1,3,REGULAR,93,J. THOMASSON JR,1,3pt,543,,[],jumpshot,1,32,Joseph Elliotte,Thomasson Jr,Joseph Elliotte,Thomasson Jr,J,T,J,T,J. Thomasson Jr,TOFAS,TOF,J. Thomasson Jr,32,,,82.559997558594,93.620002746582,1.0,P3,made,TOFAS J. THOMASSON JR 3Pt made,92.0,1.0,S. WHALEY,,,,,,3,166,2.0,score,3,67,0,51
00:23,00:23:90,67,51,16,1,3,REGULAR,92,S. WHALEY,1,assist,544,543,[],,0,5,Shaqwan Malic,Whaley,Shaqwan Malic,Whaley,S,W,S,W,S. Whaley,TOFAS,TOF,S. Whaley,5,,,,,,ASS,,TOFAS S. WHALEY assist,,,,,,,,,0,167,1.0,,0,67,0,51
00:00,00:00:30,67,51,16,2,3,REGULAR,13,K. VAN DER VUURST DE VRIES,1,turnover,546,,[],travel,0,1,Keye Jord,Van Der Vuurst De Vries,Keye Jord,Van Der Vuurst De Vries,K,V,K,V,K. Van Der Vuurst De Vries,ONVO BÜYÜKÇEKMECE BASKETBOL,BÇB,K. Van Der Vuurst De Vries,1,,,,,,TO,,ONVO BÜYÜKÇEKMECE BASKETBOL K. VAN DER VUURST DE VRIES turnover travel,,,,,,,,,0,167,1.0,turnover,0,67,0,51
00:00,00:00:30,67,51,16,1,3,REGULAR,92,S. WHALEY,0,3pt,547,,['fromturnover'],jumpshot,1,5,Shaqwan Malic,Whaley,Shaqwan Malic,Whaley,S,W,S,W,S. Whaley,TOFAS,TOF,S. Whaley,5,,,68.669998168945,79.769996643066,0.0,P3,missed,TOFAS S. WHALEY 3Pt missed,,,,,,,,,0,168,2.0,,0,67,0,51
00:00,00:00:00,67,51,16,0,3,REGULAR,0,,1,period,550,,['confirmed'],end,0,,,,,,,,,,,,,,,,,,,,OTHER,,period end,,,,,,,,,0,168,2.0,,0,67,0,51
10:00,10:00:00,67,51,16,0,4,REGULAR,0,,1,period,551,,[],start,0,,,,,,,,,,,,,,,,,,,,OTHER,,period start,,,,,,,,,0,168,2.0,,0,67,0,51
09:43,09:43:00,67,51,16,2,4,REGULAR,7,S. PIPES JR,1,turnover,553,,[],badpass,0,11,Shawn Oneal,Pipes Jr,Shawn Oneal,Pipes Jr,S,P,S,P,S. Pipes Jr,ONVO BÜYÜKÇEKMECE BASKETBOL,BÇB,S. Pipes Jr,11,,,,,,TO,,ONVO BÜYÜKÇEKMECE BASKETBOL S. PIPES JR turnover badpass,,,,,,,,,0,168,2.0,turnover,0,67,0,51
09:43,09:43:00,67,51,16,1,4,REGULAR,88,M. BLAZEVIC,1,steal,554,553,[],,0,22,Marek,Blazevic,Marek,Blazevic,M,B,M,B,M. Blazevic,TOFAS,TOF,M. Blazevic,22,,,,,,ST,,TOFAS M. BLAZEVIC steal,,,,,,,,,0,169,1.0,,0,67,0,51
09:41,09:41:00,67,51,16,2,4,REGULAR,5,J. LECQUE,1,foul,558,,['2freethrow'],unsportsmanlike,0,0,Jalen Evander,Lecque,Jalen Evander,Lecque,J,L,J,L,J. Lecque,ONVO BÜYÜKÇEKMECE BASKETBOL,BÇB,J. Lecque,0,,,,,,FOUL,,ONVO BÜYÜKÇEKMECE BASKETBOL J. LECQUE foul unsportsmanlike,,,,,,,,,0,169,1.0,,0,67,0,51
09:41,09:41:00,67,51,16,1,4,REGULAR,88,M. BLAZEVIC,1,foulon,559,558,[],,0,22,Marek,Blazevic,Marek,Blazevic,M,B,M,B,M. Blazevic,TOFAS,TOF,M. Blazevic,22,,,,,,OTHER,,TOFAS foulon,,,,,,,,,0,169,1.0,,0,67,0,51
09:41,09:41:00,67,51,16,2,4,REGULAR,7,S. PIPES JR,1,substitution,560,,[],out,0,11,Shawn Oneal,Pipes Jr,Shawn Oneal,Pipes Jr,S,P,S,P,S. Pipes Jr,ONVO BÜYÜKÇEKMECE BASKETBOL,BÇB,S. Pipes Jr,11,,,,,,SUB,out,ONVO BÜYÜKÇEKMECE BASKETBOL substitution out,,,,,,,,,0,169,1.0,,0,67,0,51
09:41,09:41:00,67,51,16,2,4,REGULAR,12,A. BANDAOGO,1,substitution,561,,[],out,0,55,Abdou Aziz,Bandaogo,Abdou Aziz,Bandaogo,A,B,A,B,A. Bandaogo,ONVO BÜYÜKÇEKMECE BASKETBOL,BÇB,A. Bandaogo,55,,,,,,SUB,out,ONVO BÜYÜKÇEKMECE BASKETBOL substitution out,,,,,,,,,0,169,1.0,,0,67,0,51
09:41,09:41:00,67,51,16,2,4,REGULAR,11,M. SENLI,1,substitution,562,,[],in,0,65,Muhammed Dogan,Senli,Muhammed Dogan,Senli,M,S,M,S,M. Senli,ONVO BÜYÜKÇEKMECE BASKETBOL,BÇB,M. Senli,65,,,,,,SUB,in,ONVO BÜYÜKÇEKMECE BASKETBOL substitution in,,,,,,,,,0,169,1.0,,0,67,0,51
09:41,09:41:00,67,51,16,2,4,REGULAR,6,J. JOHNSON,1,substitution,563,,[],in,0,92,Jaron Tremel,Johnson,Jaron Tremel,Johnson,J,J,J,J,J. Johnson,ONVO BÜYÜKÇEKMECE BASKETBOL,BÇB,J. Johnson,92,,,,,,SUB,in,ONVO BÜYÜKÇEKMECE BASKETBOL substitution in,,,,,,,,,0,169,1.0,,0,67,0,51
09:41,09:41:00,67,51,16,1,4,REGULAR,88,M. BLAZEVIC,0,freethrow,564,,"['fastbreak', 'fromturnover']",1of2,1,22,Marek,Blazevic,Marek,Blazevic,M,B,M,B,M. Blazevic,TOFAS,TOF,M. Blazevic,22,,,,,,FT,missed,TOFAS M. BLAZEVIC FT 1of2 missed,,,,,,,,,0,169,1.0,def_reb,0,67,0,51
09:41,09:41:00,67,51,16,1,4,REGULAR,0,,1,rebound,565,564,[],offensivedeadball,0,,,,,,,,,,,TOFAS,TOF,,,,,,,,TREB,,TOFAS team rebound offensivedeadball,,,,,,,,,0,170,2.0,def_reb,0,67,0,51
09:41,09:41:00,68,51,17,1,4,REGULAR,88,M. BLAZEVIC,1,freethrow,566,,"['fastbreak', 'fromturnover']",2of2,1,22,Marek,Blazevic,Marek,Blazevic,M,B,M,B,M. Blazevic,TOFAS,TOF,M. Blazevic,22,,,,,,FT,made,TOFAS M. BLAZEVIC FT 2of2 made,,,,,,,,,1,171,1.0,made_ft_last,1,68,0,51
09:35,09:35:00,68,51,17,1,4,REGULAR,90,H. BESSON,1,turnover,569,,[],doubledribble,0,25,Hugo Eric,Besson,Hugo Eric,Besson,H,B,H,B,H. Besson,TOFAS,TOF,H. Besson,25,,,,,,TO,,TOFAS H. BESSON turnover doubledribble,,,,,,,,,0,172,2.0,turnover,0,68,0,51
09:21,09:21:00,68,51,17,2,4,REGULAR,13,K. VAN DER VUURST DE VRIES,0,2pt,571,,"['fromturnover', 'pointsinthepaint']",floatingjumpshot,1,1,Keye Jord,Van Der Vuurst De Vries,Keye Jord,Van Der Vuurst De Vries,K,V,K,V,K. Van Der Vuurst De Vries,ONVO BÜYÜKÇEKMECE BASKETBOL,BÇB,K. Van Der Vuurst De Vries,1,,,5.8000001907349,50.400001525879,0.0,P2,missed,ONVO BÜYÜKÇEKMECE BASKETBOL K. VAN DER VUURST DE VRIES 2Pt missed,,,,,,,,,0,173,1.0,,0,68,0,51
09:15,09:15:00,68,51,17,2,4,REGULAR,11,M. SENLI,1,rebound,572,571,[],offensive,0,65,Muhammed Dogan,Senli,Muhammed Dogan,Senli,M,S,M,S,M. Senli,ONVO BÜYÜKÇEKMECE BASKETBOL,BÇB,M. Senli,65,,,,,,REB,,ONVO BÜYÜKÇEKMECE BASKETBOL rebound offensive,,,,,,,,,0,173,1.0,,0,68,0,51
09:15,09:15:00,68,51,17,2,4,REGULAR,11,M. SENLI,0,2pt,573,,"['2ndchance', 'fromturnover', 'pointsinthepaint']",tipinlayup,1,65,Muhammed Dogan,Senli,Muhammed Dogan,Senli,M,S,M,S,M. Senli,ONVO BÜYÜKÇEKMECE BASKETBOL,BÇB,M. Senli,65,,,6.0,50.0,0.0,P2,missed,ONVO BÜYÜKÇEKMECE BASKETBOL M. SENLI 2Pt missed,,,,,,,,,0,173,1.0,def_reb,0,68,0,51
09:14,09:14:00,68,51,17,1,4,REGULAR,90,H. BESSON,1,rebound,574,573,[],defensive,0,25,Hugo Eric,Besson,Hugo Eric,Besson,H,B,H,B,H. Besson,TOFAS,TOF,H. Besson,25,,,,,,REB,,TOFAS rebound defensive,,,,,,,,,0,174,2.0,def_reb,0,68,0,51
09:14,09:14:00,68,51,17,1,4,REGULAR,90,H. BESSON,1,foul,577,,[],offensive,0,25,Hugo Eric,Besson,Hugo Eric,Besson,H,B,H,B,H. Besson,TOFAS,TOF,H. Besson,25,,,,,,RFOUL,,TOFAS H. BESSON foul offensive,,,,,,,,,0,175,1.0,offensive_foul,0,68,0,51
09:14,09:14:00,68,51,17,1,4,REGULAR,90,H. BESSON,1,turnover,578,577,[],offensive,0,25,Hugo Eric,Besson,Hugo Eric,Besson,H,B,H,B,H. Besson,TOFAS,TOF,H. Besson,25,,,,,,TO,,TOFAS H. BESSON turnover offensive,,,,,,,,,0,176,2.0,turnover,0,68,0,51
09:14,09:14:00,68,51,17,2,4,REGULAR,10,M. TÜREN,1,foulon,579,577,[],,0,7,Metin,Türen,Metin,Türen,M,T,M,T,M. Türen,ONVO BÜYÜKÇEKMECE BASKETBOL,BÇB,M. Türen,7,,,,,,OTHER,,ONVO BÜYÜKÇEKMECE BASKETBOL foulon,,,,,,,,,0,177,1.0,,0,68,0,51
09:02,09:02:00,68,51,17,2,4,REGULAR,11,M. SENLI,0,2pt,581,,"['fromturnover', 'pointsinthepaint']",floatingjumpshot,1,65,Muhammed Dogan,Senli,Muhammed Dogan,Senli,M,S,M,S,M. Senli,ONVO BÜYÜKÇEKMECE BASKETBOL,BÇB,M. Senli,65,,,7.0500001907349,52.090000152588,0.0,P2,missed,ONVO BÜYÜKÇEKMECE BASKETBOL M. SENLI 2Pt missed,,,,,,,,,0,177,1.0,def_reb,0,68,0,51
08:57,08:57:00,68,51,17,1,4,REGULAR,67,Ö. CENGIZ,1,rebound,582,581,[],defensive,0,1,Özgür,Cengiz,Özgür,Cengiz,Ö,C,Ö,C,Ö. Cengiz,TOFAS,TOF,Ö. Cengiz,1,,,,,,REB,,TOFAS rebound defensive,,,,,,,,,0,178,2.0,def_reb,0,68,0,51
08:46,08:46:00,68,51,17,1,4,REGULAR,92,S. WHALEY,1,turnover,584,,[],travel,0,5,Shaqwan Malic,Whaley,Shaqwan Malic,Whaley,S,W,S,W,S. Whaley,TOFAS,TOF,S. Whaley,5,,,,,,TO,,TOFAS S. WHALEY turnover travel,,,,,,,,,0,179,1.0,turnover,0,68,0,51
08:46,08:46:00,68,51,17,1,4,REGULAR,93,J. THOMASSON JR,1,substitution,585,,[],out,0,32,Joseph Elliotte,Thomasson Jr,Joseph Elliotte,Thomasson Jr,J,T,J,T,J. Thomasson Jr,TOFAS,TOF,J. Thomasson Jr,32,,,,,,SUB,out,TOFAS substitution out,,,,,,,,,0,180,2.0,,0,68,0,51
08:46,08:46:00,68,51,17,1,4,REGULAR,55,T. GEÇIM,1,substitution,586,,[],in,0,8,Tolga,Geçim,Tolga,Geçim,T,G,T,G,T. Geçim,TOFAS,TOF,T. Geçim,8,,,,,,SUB,in,TOFAS substitution in,,,,,,,,,0,180,2.0,,0,68,0,51
08:24,08:24:00,68,51,17,2,4,REGULAR,5,J. LECQUE,0,3pt,594,,['fromturnover'],jumpshot,1,0,Jalen Evander,Lecque,Jalen Evander,Lecque,J,L,J,L,J. Lecque,ONVO BÜYÜKÇEKMECE BASKETBOL,BÇB,J. Lecque,0,,,23.89999961853,14.239999771118,0.0,P3,missed,ONVO BÜYÜKÇEKMECE BASKETBOL J. LECQUE 3Pt missed,,,,,,,,,0,180,2.0,def_reb,0,68,0,51
08:22,08:22:00,68,51,17,1,4,REGULAR,55,T. GEÇIM,1,rebound,595,594,[],defensive,0,8,Tolga,Geçim,Tolga,Geçim,T,G,T,G,T. Geçim,TOFAS,TOF,T. Geçim,8,,,,,,REB,,TOFAS rebound defensive,,,,,,,,,0,181,1.0,def_reb,0,68,0,51
08:10,08:10:00,70,51,19,1,4,REGULAR,88,M. BLAZEVIC,1,2pt,596,,[],jumpshot,1,22,Marek,Blazevic,Marek,Blazevic,M,B,M,B,M. Blazevic,TOFAS,TOF,M. Blazevic,22,,,87.389999389648,71.580001831055,1.0,P2,made,TOFAS M. BLAZEVIC 2Pt made,55.0,1.0,T. GEÇIM,,,,,,2,182,2.0,score,2,70,0,51
08:10,08:10:00,70,51,19,1,4,REGULAR,55,T. GEÇIM,1,assist,597,596,[],,0,8,Tolga,Geçim,Tolga,Geçim,T,G,T,G,T. Geçim,TOFAS,TOF,T. Geçim,8,,,,,,ASS,,TOFAS T. GEÇIM assist,,,,,,,,,0,183,1.0,,0,70,0,51
07:46,07:46:00,70,51,19,2,4,REGULAR,11,M. SENLI,0,2pt,600,,[],jumpshot,1,65,Muhammed Dogan,Senli,Muhammed Dogan,Senli,M,S,M,S,M. Senli,ONVO BÜYÜKÇEKMECE BASKETBOL,BÇB,M. Senli,65,,,18.75,70.730003356934,0.0,P2,missed,ONVO BÜYÜKÇEKMECE BASKETBOL M. SENLI 2Pt missed,,,,,,,,,0,183,1.0,def_reb,0,70,0,51
07:45,07:45:00,70,51,19,1,4,REGULAR,90,H. BESSON,1,rebound,602,600,[],defensive,0,25,Hugo Eric,Besson,Hugo Eric,Besson,H,B,H,B,H. Besson,TOFAS,TOF,H. Besson,25,,,,,,REB,,TOFAS rebound defensive,,,,,,,,,0,184,2.0,def_reb,0,70,0,51
07:45,07:45:00,70,51,19,2,4,REGULAR,13,K. VAN DER VUURST DE VRIES,1,foul,603,,[],personal,0,1,Keye Jord,Van Der Vuurst De Vries,Keye Jord,Van Der Vuurst De Vries,K,V,K,V,K. Van Der Vuurst De Vries,ONVO BÜYÜKÇEKMECE BASKETBOL,BÇB,K. Van Der Vuurst De Vries,1,,,,,,FOUL,,ONVO BÜYÜKÇEKMECE BASKETBOL K. VAN DER VUURST DE VRIES foul personal,,,,,,,,,0,185,1.0,,0,70,0,51
07:45,07:45:00,70,51,19,1,4,REGULAR,90,H. BESSON,1,foulon,604,603,[],,0,25,Hugo Eric,Besson,Hugo Eric,Besson,H,B,H,B,H. Besson,TOFAS,TOF,H. Besson,25,,,,,,OTHER,,TOFAS foulon,,,,,,,,,0,185,1.0,,0,70,0,51
07:35,07:35:00,70,51,19,2,4,REGULAR,10,M. TÜREN,1,foul,608,,[],personal,0,7,Metin,Türen,Metin,Türen,M,T,M,T,M. Türen,ONVO BÜYÜKÇEKMECE BASKETBOL,BÇB,M. Türen,7,,,,,,FOUL,,ONVO BÜYÜKÇEKMECE BASKETBOL M. TÜREN foul personal,,,,,,,,,0,185,1.0,,0,70,0,51
07:35,07:35:00,70,51,19,1,4,REGULAR,67,Ö. CENGIZ,1,foulon,609,608,[],,0,1,Özgür,Cengiz,Özgür,Cengiz,Ö,C,Ö,C,Ö. Cengiz,TOFAS,TOF,Ö. Cengiz,1,,,,,,OTHER,,TOFAS foulon,,,,,,,,,0,185,1.0,,0,70,0,51
07:32,07:32:00,73,51,22,1,4,REGULAR,92,S. WHALEY,1,3pt,611,,[],jumpshot,1,5,Shaqwan Malic,Whaley,Shaqwan Malic,Whaley,S,W,S,W,S. Whaley,TOFAS,TOF,S. Whaley,5,,,78.660003662109,14.239999771118,1.0,P3,made,TOFAS S. WHALEY 3Pt made,67.0,1.0,Ö. CENGIZ,,,,,,3,185,1.0,score,3,73,0,51
07:32,07:32:00,73,51,22,1,4,REGULAR,67,Ö. CENGIZ,1,assist,612,611,[],,0,1,Özgür,Cengiz,Özgür,Cengiz,Ö,C,Ö,C,Ö. Cengiz,TOFAS,TOF,Ö. Cengiz,1,,,,,,ASS,,TOFAS Ö. CENGIZ assist,,,,,,,,,0,186,2.0,,0,73,0,51
07:14,07:14:00,73,51,22,2,4,REGULAR,5,J. LECQUE,0,2pt,613,,['pointsinthepaint'],floatingjumpshot,1,0,Jalen Evander,Lecque,Jalen Evander,Lecque,J,L,J,L,J. Lecque,ONVO BÜYÜKÇEKMECE BASKETBOL,BÇB,J. Lecque,0,,,17.190000534058,50.959999084473,0.0,P2,missed,ONVO BÜYÜKÇEKMECE BASKETBOL J. LECQUE 2Pt missed,,,,,,,,,0,186,2.0,,0,73,0,51
07:10,07:10:00,73,51,22,2,4,REGULAR,13,K. VAN DER VUURST DE VRIES,1,rebound,614,613,[],offensive,0,1,Keye Jord,Van Der Vuurst De Vries,Keye Jord,Van Der Vuurst De Vries,K,V,K,V,K. Van Der Vuurst De Vries,ONVO BÜYÜKÇEKMECE BASKETBOL,BÇB,K. Van Der Vuurst De Vries,1,,,,,,REB,,ONVO BÜYÜKÇEKMECE BASKETBOL rebound offensive,,,,,,,,,0,186,2.0,,0,73,0,51
07:10,07:10:00,73,53,20,2,4,REGULAR,11,M. SENLI,1,2pt,615,,"['2ndchance', 'pointsinthepaint']",layup,1,65,Muhammed Dogan,Senli,Muhammed Dogan,Senli,M,S,M,S,M. Senli,ONVO BÜYÜKÇEKMECE BASKETBOL,BÇB,M. Senli,65,,,15.159999847412,51.529998779297,1.0,P2,made,ONVO BÜYÜKÇEKMECE BASKETBOL M. SENLI 2Pt made,13.0,2.0,K. VAN DER VUURST DE VRIES,,,,,,2,186,2.0,score,0,73,2,53
07:10,07:10:00,73,53,20,2,4,REGULAR,13,K. VAN DER VUURST DE VRIES,1,assist,616,615,[],,0,1,Keye Jord,Van Der Vuurst De Vries,Keye Jord,Van Der Vuurst De Vries,K,V,K,V,K. Van Der Vuurst De Vries,ONVO BÜYÜKÇEKMECE BASKETBOL,BÇB,K. Van Der Vuurst De Vries,1,,,,,,ASS,,ONVO BÜYÜKÇEKMECE BASKETBOL K. VAN DER VUURST DE VRIES assist,,,,,,,,,0,187,1.0,,0,73,0,53
07:06,07:06:00,73,53,20,2,4,REGULAR,5,J. LECQUE,1,substitution,619,,[],out,0,0,Jalen Evander,Lecque,Jalen Evander,Lecque,J,L,J,L,J. Lecque,ONVO BÜYÜKÇEKMECE BASKETBOL,BÇB,J. Lecque,0,,,,,,SUB,out,ONVO BÜYÜKÇEKMECE BASKETBOL substitution out,,,,,,,,,0,187,1.0,,0,73,0,53
07:06,07:06:00,73,53,20,2,4,REGULAR,8,Y. ÖZKAN,1,substitution,620,,[],in,0,2,Yigit,Özkan,Yigit,Özkan,Y,Ö,Y,Ö,Y. Özkan,ONVO BÜYÜKÇEKMECE BASKETBOL,BÇB,Y. Özkan,2,,,,,,SUB,in,ONVO BÜYÜKÇEKMECE BASKETBOL substitution in,,,,,,,,,0,187,1.0,,0,73,0,53
07:06,07:06:00,73,53,20,2,4,REGULAR,10,M. TÜREN,1,substitution,621,,[],out,0,7,Metin,Türen,Metin,Türen,M,T,M,T,M. Türen,ONVO BÜYÜKÇEKMECE BASKETBOL,BÇB,M. Türen,7,,,,,,SUB,out,ONVO BÜYÜKÇEKMECE BASKETBOL substitution out,,,,,,,,,0,187,1.0,,0,73,0,53
07:06,07:06:00,73,53,20,2,4,REGULAR,9,C. TURGUT,1,substitution,622,,[],in,0,23,Can Kaan,Turgut,Can Kaan,Turgut,C,T,C,T,C. Turgut,ONVO BÜYÜKÇEKMECE BASKETBOL,BÇB,C. Turgut,23,,,,,,SUB,in,ONVO BÜYÜKÇEKMECE BASKETBOL substitution in,,,,,,,,,0,187,1.0,,0,73,0,53
06:51,06:51:00,73,53,20,1,4,REGULAR,92,S. WHALEY,0,3pt,624,,[],jumpshot,1,5,Shaqwan Malic,Whaley,Shaqwan Malic,Whaley,S,W,S,W,S. Whaley,TOFAS,TOF,S. Whaley,5,,,66.959999084473,67.059997558594,0.0,P3,missed,TOFAS S. WHALEY 3Pt missed,,,,,,,,,0,187,1.0,def_reb,0,73,0,53
06:48,06:48:00,73,53,20,2,4,REGULAR,13,K. VAN DER VUURST DE VRIES,1,rebound,625,624,[],defensive,0,1,Keye Jord,Van Der Vuurst De Vries,Keye Jord,Van Der Vuurst De Vries,K,V,K,V,K. Van Der Vuurst De Vries,ONVO BÜYÜKÇEKMECE BASKETBOL,BÇB,K. Van Der Vuurst De Vries,1,,,,,,REB,,ONVO BÜYÜKÇEKMECE BASKETBOL rebound defensive,,,,,,,,,0,188,2.0,def_reb,0,73,0,53
06:35,06:35:00,73,53,20,2,4,REGULAR,13,K. VAN DER VUURST DE VRIES,1,turnover,626,,[],badpass,0,1,Keye Jord,Van Der Vuurst De Vries,Keye Jord,Van Der Vuurst De Vries,K,V,K,V,K. Van Der Vuurst De Vries,ONVO BÜYÜKÇEKMECE BASKETBOL,BÇB,K. Van Der Vuurst De Vries,1,,,,,,TO,,ONVO BÜYÜKÇEKMECE BASKETBOL K. VAN DER VUURST DE VRIES turnover badpass,,,,,,,,,0,189,1.0,turnover,0,73,0,53
06:35,06:35:00,73,53,20,1,4,REGULAR,55,T. GEÇIM,1,steal,627,626,[],,0,8,Tolga,Geçim,Tolga,Geçim,T,G,T,G,T. Geçim,TOFAS,TOF,T. Geçim,8,,,,,,ST,,TOFAS T. GEÇIM steal,,,,,,,,,0,190,2.0,,0,73,0,53
06:32,06:32:00,75,53,22,1,4,REGULAR,90,H. BESSON,1,2pt,628,,"['fromturnover', 'pointsinthepaint', 'fastbreak']",layup,1,25,Hugo Eric,Besson,Hugo Eric,Besson,H,B,H,B,H. Besson,TOFAS,TOF,H. Besson,25,,,90.050003051758,45.880001068115,1.0,P2,made,TOFAS H. BESSON 2Pt made,55.0,1.0,T. GEÇIM,,,,,,2,190,2.0,score,2,75,0,53
06:32,06:32:00,75,53,22,1,4,REGULAR,55,T. GEÇIM,1,assist,630,628,[],,0,8,Tolga,Geçim,Tolga,Geçim,T,G,T,G,T. Geçim,TOFAS,TOF,T. Geçim,8,,,,,,ASS,,TOFAS T. GEÇIM assist,,,,,,,,,0,191,1.0,,0,75,0,53
06:31,06:31:00,75,53,22,2,4,REGULAR,0,,1,timeout,631,,[],full,0,,,,,,,,,,,ONVO BÜYÜKÇEKMECE BASKETBOL,BÇB,,,,,,,,TIMEOUT,,ONVO BÜYÜKÇEKMECE BASKETBOL timeout,,,,,,,,,0,191,1.0,,0,75,0,53
06:09,06:09:00,75,53,22,2,4,REGULAR,8,Y. ÖZKAN,1,turnover,634,,[],badpass,0,2,Yigit,Özkan,Yigit,Özkan,Y,Ö,Y,Ö,Y. Özkan,ONVO BÜYÜKÇEKMECE BASKETBOL,BÇB,Y. Özkan,2,,,,,,TO,,ONVO BÜYÜKÇEKMECE BASKETBOL Y. ÖZKAN turnover badpass,,,,,,,,,0,191,1.0,turnover,0,75,0,53
06:01,06:01:00,75,53,22,1,4,REGULAR,55,T. GEÇIM,0,3pt,636,,['fromturnover'],jumpshot,1,8,Tolga,Geçim,Tolga,Geçim,T,G,T,G,T. Geçim,TOFAS,TOF,T. Geçim,8,,,74.599998474121,88.529998779297,0.0,P3,missed,TOFAS T. GEÇIM 3Pt missed,,,,,,,,,0,192,2.0,def_reb,0,75,0,53
05:58,05:58:00,75,53,22,2,4,REGULAR,6,J. JOHNSON,1,rebound,637,636,[],defensive,0,92,Jaron Tremel,Johnson,Jaron Tremel,Johnson,J,J,J,J,J. Johnson,ONVO BÜYÜKÇEKMECE BASKETBOL,BÇB,J. Johnson,92,,,,,,REB,,ONVO BÜYÜKÇEKMECE BASKETBOL rebound defensive,,,,,,,,,0,193,1.0,def_reb,0,75,0,53
05:57,05:57:00,75,53,22,1,4,REGULAR,0,,1,jumpball,639,,[],heldball,0,,,,,,,,,,,TOFAS,TOF,,,,,,,,JUMP,,jump ball,,,,,,,,,0,194,2.0,,0,75,0,53
05:57,05:57:00,75,53,22,2,4,REGULAR,6,J. JOHNSON,1,turnover,640,,[],ballhandling,0,92,Jaron Tremel,Johnson,Jaron Tremel,Johnson,J,J,J,J,J. Johnson,ONVO BÜYÜKÇEKMECE BASKETBOL,BÇB,J. Johnson,92,,,,,,TO,,ONVO BÜYÜKÇEKMECE BASKETBOL J. JOHNSON turnover ballhandling,,,,,,,,,0,194,2.0,turnover,0,75,0,53
05:57,05:57:00,75,53,22,1,4,REGULAR,90,H. BESSON,1,steal,641,640,[],,0,25,Hugo Eric,Besson,Hugo Eric,Besson,H,B,H,B,H. Besson,TOFAS,TOF,H. Besson,25,,,,,,ST,,TOFAS H. BESSON steal,,,,,,,,,0,195,1.0,,0,75,0,53
05:48,05:48:00,75,53,22,1,4,REGULAR,67,Ö. CENGIZ,0,3pt,643,,['fromturnover'],jumpshot,1,1,Özgür,Cengiz,Özgür,Cengiz,Ö,C,Ö,C,Ö. Cengiz,TOFAS,TOF,Ö. Cengiz,1,,,78.190002441406,7.7399997711182,0.0,P3,missed,TOFAS Ö. CENGIZ 3Pt missed,,,,,,,,,0,195,1.0,,0,75,0,53
05:45,05:45:00,75,53,22,1,4,REGULAR,90,H. BESSON,1,rebound,644,643,[],offensive,0,25,Hugo Eric,Besson,Hugo Eric,Besson,H,B,H,B,H. Besson,TOFAS,TOF,H. Besson,25,,,,,,REB,,TOFAS rebound offensive,,,,,,,,,0,195,1.0,,0,75,0,53
05:41,05:41:00,78,53,25,1,4,REGULAR,90,H. BESSON,1,3pt,645,,"['2ndchance', 'fromturnover']",jumpshot,1,25,Hugo Eric,Besson,Hugo Eric,Besson,H,B,H,B,H. Besson,TOFAS,TOF,H. Besson,25,,,72.110000610352,80.620002746582,1.0,P3,made,TOFAS H. BESSON 3Pt made,92.0,1.0,S. WHALEY,,,,,,3,195,1.0,score,3,78,0,53
05:41,05:41:00,78,53,25,1,4,REGULAR,92,S. WHALEY,1,assist,646,645,[],,0,5,Shaqwan Malic,Whaley,Shaqwan Malic,Whaley,S,W,S,W,S. Whaley,TOFAS,TOF,S. Whaley,5,,,,,,ASS,,TOFAS S. WHALEY assist,,,,,,,,,0,196,2.0,,0,78,0,53
05:21,05:21:00,78,56,22,2,4,REGULAR,8,Y. ÖZKAN,1,3pt,647,,[],pullupjumpshot,1,2,Yigit,Özkan,Yigit,Özkan,Y,Ö,Y,Ö,Y. Özkan,ONVO BÜYÜKÇEKMECE BASKETBOL,BÇB,Y. Özkan,2,,,28.420000076294,25.819999694824,1.0,P3,made,ONVO BÜYÜKÇEKMECE BASKETBOL Y. ÖZKAN 3Pt made,,,,,,,,,3,196,2.0,score,0,78,3,56
05:06,05:06:00,81,56,25,1,4,REGULAR,67,Ö. CENGIZ,1,3pt,648,,[],jumpshot,1,1,Özgür,Cengiz,Özgür,Cengiz,Ö,C,Ö,C,Ö. Cengiz,TOFAS,TOF,Ö. Cengiz,1,,,88.949996948242,97.569999694824,1.0,P3,made,TOFAS Ö. CENGIZ 3Pt made,55.0,1.0,T. GEÇIM,,,,,,3,197,1.0,score,3,81,0,56
05:06,05:06:00,81,56,25,1,4,REGULAR,55,T. GEÇIM,1,assist,649,648,[],,0,8,Tolga,Geçim,Tolga,Geçim,T,G,T,G,T. Geçim,TOFAS,TOF,T. Geçim,8,,,,,,ASS,,TOFAS T. GEÇIM assist,,,,,,,,,0,198,2.0,,0,81,0,56
04:50,04:50:00,81,56,25,2,4,REGULAR,9,C. TURGUT,0,3pt,650,,[],stepbackjumpshot,1,23,Can Kaan,Turgut,Can Kaan,Turgut,C,T,C,T,C. Turgut,ONVO BÜYÜKÇEKMECE BASKETBOL,BÇB,C. Turgut,23,,,22.030000686646,88.529998779297,0.0,P3,missed,ONVO BÜYÜKÇEKMECE BASKETBOL C. TURGUT 3Pt missed,,,,,,,,,0,198,2.0,def_reb,0,81,0,56
04:46,04:46:00,81,56,25,1,4,REGULAR,92,S. WHALEY,1,rebound,651,650,[],defensive,0,5,Shaqwan Malic,Whaley,Shaqwan Malic,Whaley,S,W,S,W,S. Whaley,TOFAS,TOF,S. Whaley,5,,,,,,REB,,TOFAS rebound defensive,,,,,,,,,0,199,1.0,def_reb,0,81,0,56
04:43,04:43:00,81,56,25,2,4,REGULAR,8,Y. ÖZKAN,1,foul,655,,[],personal,0,2,Yigit,Özkan,Yigit,Özkan,Y,Ö,Y,Ö,Y. Özkan,ONVO BÜYÜKÇEKMECE BASKETBOL,BÇB,Y. Özkan,2,,,,,,FOUL,,ONVO BÜYÜKÇEKMECE BASKETBOL Y. ÖZKAN foul personal,,,,,,,,,0,200,2.0,,0,81,0,56
04:43,04:43:00,81,56,25,1,4,REGULAR,88,M. BLAZEVIC,1,foulon,656,655,[],,0,22,Marek,Blazevic,Marek,Blazevic,M,B,M,B,M. Blazevic,TOFAS,TOF,M. Blazevic,22,,,,,,OTHER,,TOFAS foulon,,,,,,,,,0,200,2.0,,0,81,0,56
04:43,04:43:00,81,56,25,1,4,REGULAR,88,M. BLAZEVIC,1,substitution,657,,[],out,0,22,Marek,Blazevic,Marek,Blazevic,M,B,M,B,M. Blazevic,TOFAS,TOF,M. Blazevic,22,,,,,,SUB,out,TOFAS substitution out,,,,,,,,,0,200,2.0,,0,81,0,56
04:43,04:43:00,81,56,25,1,4,REGULAR,91,M. LEWIS III,1,substitution,658,,[],in,0,21,Maxwell Robert ,Lewis Iii,Maxwell Robert ,Lewis Iii,M,L,M,L,M. Lewis Iii,TOFAS,TOF,M. Lewis Iii,21,,,,,,SUB,in,TOFAS substitution in,,,,,,,,,0,200,2.0,,0,81,0,56
04:43,04:43:00,81,56,25,2,4,REGULAR,9,C. TURGUT,1,substitution,659,,[],out,0,23,Can Kaan,Turgut,Can Kaan,Turgut,C,T,C,T,C. Turgut,ONVO BÜYÜKÇEKMECE BASKETBOL,BÇB,C. Turgut,23,,,,,,SUB,out,ONVO BÜYÜKÇEKMECE BASKETBOL substitution out,,,,,,,,,0,200,2.0,,0,81,0,56
04:43,04:43:00,81,56,25,2,4,REGULAR,7,S. PIPES JR,1,substitution,660,,[],in,0,11,Shawn Oneal,Pipes Jr,Shawn Oneal,Pipes Jr,S,P,S,P,S. Pipes Jr,ONVO BÜYÜKÇEKMECE BASKETBOL,BÇB,S. Pipes Jr,11,,,,,,SUB,in,ONVO BÜYÜKÇEKMECE BASKETBOL substitution in,,,,,,,,,0,200,2.0,,0,81,0,56
04:41,04:41:00,81,56,25,1,4,REGULAR,67,Ö. CENGIZ,1,turnover,662,,[],badpass,0,1,Özgür,Cengiz,Özgür,Cengiz,Ö,C,Ö,C,Ö. Cengiz,TOFAS,TOF,Ö. Cengiz,1,,,,,,TO,,TOFAS Ö. CENGIZ turnover badpass,,,,,,,,,0,200,2.0,turnover,0,81,0,56
04:41,04:41:00,81,56,25,2,4,REGULAR,8,Y. ÖZKAN,1,steal,663,662,[],,0,2,Yigit,Özkan,Yigit,Özkan,Y,Ö,Y,Ö,Y. Özkan,ONVO BÜYÜKÇEKMECE BASKETBOL,BÇB,Y. Özkan,2,,,,,,ST,,ONVO BÜYÜKÇEKMECE BASKETBOL Y. ÖZKAN steal,,,,,,,,,0,201,1.0,,0,81,0,56
04:37,04:37:00,81,56,25,2,4,REGULAR,11,M. SENLI,1,turnover,665,,[],travel,0,65,Muhammed Dogan,Senli,Muhammed Dogan,Senli,M,S,M,S,M. Senli,ONVO BÜYÜKÇEKMECE BASKETBOL,BÇB,M. Senli,65,,,,,,TO,,ONVO BÜYÜKÇEKMECE BASKETBOL M. SENLI turnover travel,,,,,,,,,0,201,1.0,turnover,0,81,0,56
04:37,04:37:00,81,56,25,2,4,REGULAR,11,M. SENLI,1,substitution,666,,[],out,0,65,Muhammed Dogan,Senli,Muhammed Dogan,Senli,M,S,M,S,M. Senli,ONVO BÜYÜKÇEKMECE BASKETBOL,BÇB,M. Senli,65,,,,,,SUB,out,ONVO BÜYÜKÇEKMECE BASKETBOL substitution out,,,,,,,,,0,202,2.0,,0,81,0,56
04:37,04:37:00,81,56,25,2,4,REGULAR,12,A. BANDAOGO,1,substitution,667,,[],in,0,55,Abdou Aziz,Bandaogo,Abdou Aziz,Bandaogo,A,B,A,B,A. Bandaogo,ONVO BÜYÜKÇEKMECE BASKETBOL,BÇB,A. Bandaogo,55,,,,,,SUB,in,ONVO BÜYÜKÇEKMECE BASKETBOL substitution in,,,,,,,,,0,202,2.0,,0,81,0,56
04:26,04:26:00,83,56,27,1,4,REGULAR,90,H. BESSON,1,2pt,669,,"['fromturnover', 'pointsinthepaint']",alleyoop,1,25,Hugo Eric,Besson,Hugo Eric,Besson,H,B,H,B,H. Besson,TOFAS,TOF,H. Besson,25,,,90.669998168945,40.229999542236,1.0,P2,made,TOFAS H. BESSON 2Pt made,55.0,1.0,T. GEÇIM,,,,,,2,202,2.0,score,2,83,0,56
04:26,04:26:00,83,56,27,1,4,REGULAR,55,T. GEÇIM,1,assist,670,669,[],,0,8,Tolga,Geçim,Tolga,Geçim,T,G,T,G,T. Geçim,TOFAS,TOF,T. Geçim,8,,,,,,ASS,,TOFAS T. GEÇIM assist,,,,,,,,,0,203,1.0,,0,83,0,56
04:11,04:11:00,83,56,27,2,4,REGULAR,6,J. JOHNSON,0,3pt,673,,[],jumpshot,1,92,Jaron Tremel,Johnson,Jaron Tremel,Johnson,J,J,J,J,J. Johnson,ONVO BÜYÜKÇEKMECE BASKETBOL,BÇB,J. Johnson,92,,,15.479999542236,8.0200004577637,0.0,P3,missed,ONVO BÜYÜKÇEKMECE BASKETBOL J. JOHNSON 3Pt missed,,,,,,,,,0,203,1.0,def_reb,0,83,0,56
04:07,04:07:00,83,56,27,1,4,REGULAR,67,Ö. CENGIZ,1,rebound,674,673,[],defensive,0,1,Özgür,Cengiz,Özgür,Cengiz,Ö,C,Ö,C,Ö. Cengiz,TOFAS,TOF,Ö. Cengiz,1,,,,,,REB,,TOFAS rebound defensive,,,,,,,,,0,204,2.0,def_reb,0,83,0,56
04:06,04:06:00,83,56,27,1,4,REGULAR,67,Ö. CENGIZ,1,turnover,676,,[],badpass,0,1,Özgür,Cengiz,Özgür,Cengiz,Ö,C,Ö,C,Ö. Cengiz,TOFAS,TOF,Ö. Cengiz,1,,,,,,TO,,TOFAS Ö. CENGIZ turnover badpass,,,,,,,,,0,205,1.0,turnover,0,83,0,56
03:58,03:58:00,83,58,25,2,4,REGULAR,8,Y. ÖZKAN,1,2pt,679,,"['fromturnover', 'pointsinthepaint', 'fastbreak']",drivinglayup,1,2,Yigit,Özkan,Yigit,Özkan,Y,Ö,Y,Ö,Y. Özkan,ONVO BÜYÜKÇEKMECE BASKETBOL,BÇB,Y. Özkan,2,,,11.729999542236,54.919998168945,1.0,P2,made,ONVO BÜYÜKÇEKMECE BASKETBOL Y. ÖZKAN 2Pt made,,,,,,,,,2,206,2.0,score,0,83,2,58
03:36,03:36:00,83,58,25,1,4,REGULAR,92,S. WHALEY,0,2pt,681,,[],jumpshot,1,5,Shaqwan Malic,Whaley,Shaqwan Malic,Whaley,S,W,S,W,S. Whaley,TOFAS,TOF,S. Whaley,5,,,81.470001220703,68.190002441406,0.0,P2,missed,TOFAS S. WHALEY 2Pt missed,,,,,,,,,0,207,1.0,def_reb,0,83,0,58
03:33,03:33:00,83,58,25,2,4,REGULAR,12,A. BANDAOGO,1,rebound,682,681,[],defensive,0,55,Abdou Aziz,Bandaogo,Abdou Aziz,Bandaogo,A,B,A,B,A. Bandaogo,ONVO BÜYÜKÇEKMECE BASKETBOL,BÇB,A. Bandaogo,55,,,,,,REB,,ONVO BÜYÜKÇEKMECE BASKETBOL rebound defensive,,,,,,,,,0,208,2.0,def_reb,0,83,0,58
03:19,03:19:00,83,61,22,2,4,REGULAR,7,S. PIPES JR,1,3pt,683,,[],jumpshot,1,11,Shawn Oneal,Pipes Jr,Shawn Oneal,Pipes Jr,S,P,S,P,S. Pipes Jr,ONVO BÜYÜKÇEKMECE BASKETBOL,BÇB,S. Pipes Jr,11,,,31.229999542236,30.89999961853,1.0,P3,made,ONVO BÜYÜKÇEKMECE BASKETBOL S. PIPES JR 3Pt made,,,,,,,,,3,209,1.0,score,0,83,3,61
02:57,02:57:00,83,61,22,2,4,REGULAR,0,,1,jumpball,685,,[],heldball,0,,,,,,,,,,,ONVO BÜYÜKÇEKMECE BASKETBOL,BÇB,,,,,,,,JUMP,,jump ball,,,,,,,,,0,210,2.0,,0,83,0,61
02:57,02:57:00,83,61,22,1,4,REGULAR,90,H. BESSON,1,turnover,686,,[],ballhandling,0,25,Hugo Eric,Besson,Hugo Eric,Besson,H,B,H,B,H. Besson,TOFAS,TOF,H. Besson,25,,,,,,TO,,TOFAS H. BESSON turnover ballhandling,,,,,,,,,0,210,2.0,turnover,0,83,0,61
02:57,02:57:00,83,61,22,2,4,REGULAR,7,S. PIPES JR,1,steal,687,686,[],,0,11,Shawn Oneal,Pipes Jr,Shawn Oneal,Pipes Jr,S,P,S,P,S. Pipes Jr,ONVO BÜYÜKÇEKMECE BASKETBOL,BÇB,S. Pipes Jr,11,,,,,,ST,,ONVO BÜYÜKÇEKMECE BASKETBOL S. PIPES JR steal,,,,,,,,,0,211,1.0,,0,83,0,61
02:47,02:47:00,83,63,20,2,4,REGULAR,7,S. PIPES JR,1,2pt,689,,"['fromturnover', 'pointsinthepaint']",reverselayup,1,11,Shawn Oneal,Pipes Jr,Shawn Oneal,Pipes Jr,S,P,S,P,S. Pipes Jr,ONVO BÜYÜKÇEKMECE BASKETBOL,BÇB,S. Pipes Jr,11,,,7.3600001335144,50.400001525879,1.0,P2,made,ONVO BÜYÜKÇEKMECE BASKETBOL S. PIPES JR 2Pt made,,,,,,,,,2,211,1.0,score,0,83,2,63
02:30,02:30:00,86,63,23,1,4,REGULAR,55,T. GEÇIM,1,3pt,690,,[],pullupjumpshot,1,8,Tolga,Geçim,Tolga,Geçim,T,G,T,G,T. Geçim,TOFAS,TOF,T. Geçim,8,,,67.73999786377,25.25,1.0,P3,made,TOFAS T. GEÇIM 3Pt made,,,,,,,,,3,212,2.0,score,3,86,0,63
02:10,02:10:00,86,63,23,2,4,REGULAR,7,S. PIPES JR,0,3pt,691,,[],jumpshot,1,11,Shawn Oneal,Pipes Jr,Shawn Oneal,Pipes Jr,S,P,S,P,S. Pipes Jr,ONVO BÜYÜKÇEKMECE BASKETBOL,BÇB,S. Pipes Jr,11,,,20.0,9.1499996185303,0.0,P3,missed,ONVO BÜYÜKÇEKMECE BASKETBOL S. PIPES JR 3Pt missed,,,,,,,,,0,213,1.0,,0,86,0,63
02:05,02:05:00,86,63,23,2,4,REGULAR,12,A. BANDAOGO,1,rebound,692,691,[],offensive,0,55,Abdou Aziz,Bandaogo,Abdou Aziz,Bandaogo,A,B,A,B,A. Bandaogo,ONVO BÜYÜKÇEKMECE BASKETBOL,BÇB,A. Bandaogo,55,,,,,,REB,,ONVO BÜYÜKÇEKMECE BASKETBOL rebound offensive,,,,,,,,,0,213,1.0,,0,86,0,63
02:05,02:05:00,86,65,21,2,4,REGULAR,12,A. BANDAOGO,1,2pt,693,,"['2ndchance', 'pointsinthepaint']",tipinlayup,1,55,Abdou Aziz,Bandaogo,Abdou Aziz,Bandaogo,A,B,A,B,A. Bandaogo,ONVO BÜYÜKÇEKMECE BASKETBOL,BÇB,A. Bandaogo,55,,,6.0,50.0,1.0,P2,made,ONVO BÜYÜKÇEKMECE BASKETBOL A. BANDAOGO 2Pt made,,,,,,,,,2,213,1.0,score,0,86,2,65
01:47,01:47:00,88,65,23,1,4,REGULAR,90,H. BESSON,1,2pt,694,,['pointsinthepaint'],drivinglayup,1,25,Hugo Eric,Besson,Hugo Eric,Besson,H,B,H,B,H. Besson,TOFAS,TOF,H. Besson,25,,,87.389999389648,56.889999389648,1.0,P2,made,TOFAS H. BESSON 2Pt made,,,,,,,,,2,214,2.0,score,2,88,0,65
01:38,01:38:00,88,65,23,1,4,REGULAR,67,Ö. CENGIZ,1,foul,698,,[],personal,0,1,Özgür,Cengiz,Özgür,Cengiz,Ö,C,Ö,C,Ö. Cengiz,TOFAS,TOF,Ö. Cengiz,1,,,,,,FOUL,,TOFAS Ö. CENGIZ foul personal,,,,,,,,,0,215,1.0,,0,88,0,65
01:38,01:38:00,88,65,23,2,4,REGULAR,12,A. BANDAOGO,1,foulon,699,698,[],,0,55,Abdou Aziz,Bandaogo,Abdou Aziz,Bandaogo,A,B,A,B,A. Bandaogo,ONVO BÜYÜKÇEKMECE BASKETBOL,BÇB,A. Bandaogo,55,,,,,,OTHER,,ONVO BÜYÜKÇEKMECE BASKETBOL foulon,,,,,,,,,0,215,1.0,,0,88,0,65
01:38,01:38:00,88,65,23,1,4,REGULAR,55,T. GEÇIM,1,substitution,700,,[],out,0,8,Tolga,Geçim,Tolga,Geçim,T,G,T,G,T. Geçim,TOFAS,TOF,T. Geçim,8,,,,,,SUB,out,TOFAS substitution out,,,,,,,,,0,215,1.0,,0,88,0,65
01:38,01:38:00,88,65,23,1,4,REGULAR,57,E. POSTEL,1,substitution,701,,[],in,0,6,Efe Evan,Postel,Efe Evan,Postel,E,P,E,P,E. Postel,TOFAS,TOF,E. Postel,6,,,,,,SUB,in,TOFAS substitution in,,,,,,,,,0,215,1.0,,0,88,0,65
01:38,01:38:00,88,65,23,2,4,REGULAR,12,A. BANDAOGO,1,substitution,702,,[],out,0,55,Abdou Aziz,Bandaogo,Abdou Aziz,Bandaogo,A,B,A,B,A. Bandaogo,ONVO BÜYÜKÇEKMECE BASKETBOL,BÇB,A. Bandaogo,55,,,,,,SUB,out,ONVO BÜYÜKÇEKMECE BASKETBOL substitution out,,,,,,,,,0,215,1.0,,0,88,0,65
01:38,01:38:00,88,65,23,2,4,REGULAR,10,M. TÜREN,1,substitution,703,,[],in,0,7,Metin,Türen,Metin,Türen,M,T,M,T,M. Türen,ONVO BÜYÜKÇEKMECE BASKETBOL,BÇB,M. Türen,7,,,,,,SUB,in,ONVO BÜYÜKÇEKMECE BASKETBOL substitution in,,,,,,,,,0,215,1.0,,0,88,0,65
01:24,01:24:00,88,65,23,2,4,REGULAR,13,K. VAN DER VUURST DE VRIES,0,2pt,706,,['blocked'],jumpshot,1,1,Keye Jord,Van Der Vuurst De Vries,Keye Jord,Van Der Vuurst De Vries,K,V,K,V,K. Van Der Vuurst De Vries,ONVO BÜYÜKÇEKMECE BASKETBOL,BÇB,K. Van Der Vuurst De Vries,1,,,22.64999961853,43.619998931885,0.0,P2,missed,ONVO BÜYÜKÇEKMECE BASKETBOL K. VAN DER VUURST DE VRIES 2Pt missed,,,,92.0,1.0,S. WHALEY,,,0,215,1.0,,0,88,0,65
01:24,01:24:00,88,65,23,2,4,REGULAR,13,K. VAN DER VUURST DE VRIES,1,rebound,707,706,[],offensive,0,1,Keye Jord,Van Der Vuurst De Vries,Keye Jord,Van Der Vuurst De Vries,K,V,K,V,K. Van Der Vuurst De Vries,ONVO BÜYÜKÇEKMECE BASKETBOL,BÇB,K. Van Der Vuurst De Vries,1,,,,,,REB,,ONVO BÜYÜKÇEKMECE BASKETBOL rebound offensive,,,,,,,,,0,215,1.0,,0,88,0,65
01:08,01:08:00,91,65,26,1,4,REGULAR,92,S. WHALEY,1,3pt,708,,[],jumpshot,1,5,Shaqwan Malic,Whaley,Shaqwan Malic,Whaley,S,W,S,W,S. Whaley,TOFAS,TOF,S. Whaley,5,,,70.699996948242,25.819999694824,1.0,P3,made,TOFAS S. WHALEY 3Pt made,90.0,1.0,H. BESSON,,,,,,3,215,1.0,score,3,91,0,65
01:08,01:08:00,91,65,26,1,4,REGULAR,90,H. BESSON,1,assist,709,708,[],,0,25,Hugo Eric,Besson,Hugo Eric,Besson,H,B,H,B,H. Besson,TOFAS,TOF,H. Besson,25,,,,,,ASS,,TOFAS H. BESSON assist,,,,,,,,,0,216,2.0,,0,91,0,65
01:24,01:24:00,88,65,23,1,4,REGULAR,92,S. WHALEY,1,block,710,706,[],,0,5,Shaqwan Malic,Whaley,Shaqwan Malic,Whaley,S,W,S,W,S. Whaley,TOFAS,TOF,S. Whaley,5,,,,,,BS,,TOFAS S. WHALEY block,,,,,,,,,0,216,2.0,,0,91,0,65
00:46,00:46:80,91,67,24,2,4,REGULAR,7,S. PIPES JR,1,2pt,711,,['pointsinthepaint'],jumpshot,1,11,Shawn Oneal,Pipes Jr,Shawn Oneal,Pipes Jr,S,P,S,P,S. Pipes Jr,ONVO BÜYÜKÇEKMECE BASKETBOL,BÇB,S. Pipes Jr,11,,,14.85000038147,53.220001220703,1.0,P2,made,ONVO BÜYÜKÇEKMECE BASKETBOL S. PIPES JR 2Pt made,,,,,,,,,2,216,2.0,score,0,91,2,67
01:08,01:08:00,88,65,23,2,4,REGULAR,13,K. VAN DER VUURST DE VRIES,0,2pt,712,,"['2ndchance', 'pointsinthepaint']",jumpshot,1,1,Keye Jord,Van Der Vuurst De Vries,Keye Jord,Van Der Vuurst De Vries,K,V,K,V,K. Van Der Vuurst De Vries,ONVO BÜYÜKÇEKMECE BASKETBOL,BÇB,K. Van Der Vuurst De Vries,1,,,8.8000001907349,56.169998168945,0.0,P2,missed,ONVO BÜYÜKÇEKMECE BASKETBOL K. VAN DER VUURST DE VRIES 2Pt missed,,,,,,,,,0,217,1.0,def_reb,0,91,0,67
01:08,01:08:00,88,65,23,1,4,REGULAR,92,S. WHALEY,1,rebound,713,712,[],defensive,0,5,Shaqwan Malic,Whaley,Shaqwan Malic,Whaley,S,W,S,W,S. Whaley,TOFAS,TOF,S. Whaley,5,,,,,,REB,,TOFAS rebound defensive,,,,,,,,,0,218,2.0,def_reb,0,91,0,67
00:26,00:26:90,91,67,24,1,4,REGULAR,57,E. POSTEL,0,3pt,714,,[],jumpshot,1,6,Efe Evan,Postel,Efe Evan,Postel,E,P,E,P,E. Postel,TOFAS,TOF,E. Postel,6,,,76.01000213623,5.7600002288818,0.0,P3,missed,TOFAS E. POSTEL 3Pt missed,,,,,,,,,0,219,1.0,def_reb,0,91,0,67
00:24,00:24:40,91,67,24,2,4,REGULAR,8,Y. ÖZKAN,1,rebound,715,714,[],defensive,0,2,Yigit,Özkan,Yigit,Özkan,Y,Ö,Y,Ö,Y. Özkan,ONVO BÜYÜKÇEKMECE BASKETBOL,BÇB,Y. Özkan,2,,,,,,REB,,ONVO BÜYÜKÇEKMECE BASKETBOL rebound defensive,,,,,,,,,0,220,2.0,def_reb,0,91,0,67
00:23,00:23:80,91,67,24,1,4,REGULAR,67,Ö. CENGIZ,1,foul,717,,[],personal,0,1,Özgür,Cengiz,Özgür,Cengiz,Ö,C,Ö,C,Ö. Cengiz,TOFAS,TOF,Ö. Cengiz,1,,,,,,FOUL,,TOFAS Ö. CENGIZ foul personal,,,,,,,,,0,221,1.0,,0,91,0,67
00:23,00:23:80,91,67,24,2,4,REGULAR,8,Y. ÖZKAN,1,foulon,718,717,[],,0,2,Yigit,Özkan,Yigit,Özkan,Y,Ö,Y,Ö,Y. Özkan,ONVO BÜYÜKÇEKMECE BASKETBOL,BÇB,Y. Özkan,2,,,,,,OTHER,,ONVO BÜYÜKÇEKMECE BASKETBOL foulon,,,,,,,,,0,221,1.0,,0,91,0,67
00:14,00:14:40,91,70,21,2,4,REGULAR,13,K. VAN DER VUURST DE VRIES,1,3pt,720,,[],jumpshot,1,1,Keye Jord,Van Der Vuurst De Vries,Keye Jord,Van Der Vuurst De Vries,K,V,K,V,K. Van Der Vuurst De Vries,ONVO BÜYÜKÇEKMECE BASKETBOL,BÇB,K. Van Der Vuurst De Vries,1,,,35.439998626709,44.180000305176,1.0,P3,made,ONVO BÜYÜKÇEKMECE BASKETBOL K. VAN DER VUURST DE VRIES 3Pt made,8.0,2.0,Y. ÖZKAN,,,,,,3,221,1.0,score,0,91,3,70
00:14,00:14:40,91,70,21,2,4,REGULAR,8,Y. ÖZKAN,1,assist,721,720,[],,0,2,Yigit,Özkan,Yigit,Özkan,Y,Ö,Y,Ö,Y. Özkan,ONVO BÜYÜKÇEKMECE BASKETBOL,BÇB,Y. Özkan,2,,,,,,ASS,,ONVO BÜYÜKÇEKMECE BASKETBOL Y. ÖZKAN assist,,,,,,,,,0,222,2.0,,0,91,0,70
00:00,00:00:70,91,70,21,1,4,REGULAR,57,E. POSTEL,0,3pt,724,,[],jumpshot,1,6,Efe Evan,Postel,Efe Evan,Postel,E,P,E,P,E. Postel,TOFAS,TOF,E. Postel,6,,,70.860000610352,84.860000610352,0.0,P3,missed,TOFAS E. POSTEL 3Pt missed,,,,,,,,,0,222,2.0,def_reb,0,91,0,70
00:00,00:00:00,91,70,21,2,4,REGULAR,6,J. JOHNSON,1,rebound,726,724,[],defensive,0,92,Jaron Tremel,Johnson,Jaron Tremel,Johnson,J,J,J,J,J. Johnson,ONVO BÜYÜKÇEKMECE BASKETBOL,BÇB,J. Johnson,92,,,,,,REB,,ONVO BÜYÜKÇEKMECE BASKETBOL rebound defensive,,,,,,,,,0,223,1.0,def_reb,0,91,0,70
00:00,00:00:00,91,70,21,0,4,REGULAR,0,,1,period,727,,['confirmed'],end,0,,,,,,,,,,,,,,,,,,,,OTHER,,period end,,,,,,,,,0,224,2.0,,0,91,0,70
00:00,00:00:00,91,70,21,0,4,REGULAR,0,,1,game,728,,['confirmed'],end,0,,,,,,,,,,,,,,,,,,,,OTHER,,game end,,,,,,,,,0,224,2.0,,0,91,0,70
