gt,clock,s1,s2,lead,tno,period,periodType,pno,player,success,actionType,actionNumber,previousAction,qualifier,subType,scoring,shirtNumber,firstName,familyName,internationalFirstName,internationalFamilyName,firstNameInitial,familyNameInitial,internationalFirstNameInitial,internationalFamilyNameInitial,scoreboardName,team_name,team_code,player_name_from_roster,player_shirt,player_pos_raw,player_pos_group,x,y,r,ev_code,ev_result,ev_text,assist_pno,assist_tno,assist_player,block_pno,block_tno,block_player,assist_pos_group,block_pos_group,points,possession_id,possession_owner_tno,possession_end_reason,pts_1,cum_1,pts_2,cum_2
10:00,10:00:00,0,0,0,0,1,REGULAR,0,,1,game,1,,[],start,0,,,,,,,,,,,,,,,,,,,,OTHER,,game start,,,,,,,,,0,0,,,0,0,0,0
10:00,10:00:00,0,0,0,0,1,REGULAR,0,,1,period,2,,[],start,0,,,,,,,,,,,,,,,,,,,,OTHER,,period start,,,,,,,,,0,0,,,0,0,0,0
10:00,10:00:00,0,0,0,0,1,REGULAR,0,,1,jumpball,4,,[],startperiod,0,,,,,,,,,,,,,,,,,,,,JUMP,,jump ball,,,,,,,,,0,0,,,0,0,0,0
10:00,10:00:00,0,0,0,1,1,REGULAR,64,M. SAJUS,1,jumpball,5,4,[],won,0,19,Martynas,Sajus,Martynas,Sajus,M,S,M,S,M. Sajus,ALIAGA PETKIM SPOR,PTK,M. Sajus,19,,,,,,JUMP,,jump ball,,,,,,,,,0,0,,,0,0,0,0
10:00,10:00:00,0,0,0,2,1,REGULAR,105,F. GILLESPIE II,1,jumpball,6,4,[],lost,0,33,Frederick Maurice ,Gillespie Ii,Frederick Maurice ,Gillespie Ii,F,G,F,G,F. Gillespie Ii,GALATASARAY MCT TECHNIC,GSM,F. Gillespie Ii,33,,,,,,JUMP,,jump ball,,,,,,,,,0,0,,,0,0,0,0
09:43,09:43:00,0,0,0,1,1,REGULAR,64,M. SAJUS,1,turnover,8,,[],ballhandling,0,19,Martynas,Sajus,Martynas,Sajus,M,S,M,S,M. Sajus,ALIAGA PETKIM SPOR,PTK,M. Sajus,19,,,,,,TO,,ALIAGA PETKIM SPOR M. SAJUS turnover ballhandling,,,,,,,,,0,1,1.0,turnover,0,0,0,0
09:23,09:23:00,0,0,0,2,1,REGULAR,104,F. WHITE JR,0,3pt,10,,['fromturnover'],jumpshot,1,35,Fabian Christopher,White Jr,Fabian Christopher,White Jr,F,W,F,W,F. White Jr,GALATASARAY MCT TECHNIC,GSM,F. White Jr,35,,,77.569999694824,89.379997253418,0.0,P3,missed,GALATASARAY MCT TECHNIC F. WHITE JR 3Pt missed,,,,,,,,,0,2,2.0,,0,0,0,0
09:21,09:21:00,0,0,0,2,1,REGULAR,104,F. WHITE JR,1,rebound,11,10,[],offensive,0,35,Fabian Christopher,White Jr,Fabian Christopher,White Jr,F,W,F,W,F. White Jr,GALATASARAY MCT TECHNIC,GSM,F. White Jr,35,,,,,,REB,,GALATASARAY MCT TECHNIC rebound offensive,,,,,,,,,0,2,2.0,,0,0,0,0
09:19,09:19:00,0,2,-2,2,1,REGULAR,104,F. WHITE JR,1,2pt,12,,"['2ndchance', 'fromturnover', 'pointsinthepaint']",jumpshot,1,35,Fabian Christopher,White Jr,Fabian Christopher,White Jr,F,W,F,W,F. White Jr,GALATASARAY MCT TECHNIC,GSM,F. White Jr,35,,,93.790000915527,62.259998321533,1.0,P2,made,GALATASARAY MCT TECHNIC F. WHITE JR 2Pt made,,,,,,,,,2,2,2.0,score,0,0,2,2
09:01,09:01:00,0,2,-2,1,1,REGULAR,70,U. UTOMI,0,2pt,13,,[],stepbackjumpshot,1,8,Uzodinma,Utomi,Uzodinma,Utomi,U,U,U,U,U. Utomi,ALIAGA PETKIM SPOR,PTK,U. Utomi,8,,,12.199999809265,72.430000305176,0.0,P2,missed,ALIAGA PETKIM SPOR U. UTOMI 2Pt missed,,,,,,,,,0,3,1.0,def_reb,0,0,0,2
08:57,08:57:00,0,2,-2,2,1,REGULAR,105,F. GILLESPIE II,1,rebound,14,13,[],defensive,0,33,Frederick Maurice ,Gillespie Ii,Frederick Maurice ,Gillespie Ii,F,G,F,G,F. Gillespie Ii,GALATASARAY MCT TECHNIC,GSM,F. Gillespie Ii,33,,,,,,REB,,GALATASARAY MCT TECHNIC rebound defensive,,,,,,,,,0,4,2.0,def_reb,0,0,0,2
08:52,08:52:00,0,2,-2,2,1,REGULAR,103,J. PALMER JR,1,turnover,16,,[],travel,0,12,James Alfred,Palmer Jr,James Alfred,Palmer Jr,J,P,J,P,J. Palmer Jr,GALATASARAY MCT TECHNIC,GSM,J. Palmer Jr,12,,,,,,TO,,GALATASARAY MCT TECHNIC J. PALMER JR turnover travel,,,,,,,,,0,5,1.0,turnover,0,0,0,2
08:36,08:36:00,0,2,-2,1,1,REGULAR,64,M. SAJUS,0,2pt,18,,"['fromturnover', 'pointsinthepaint']",drivinglayup,1,19,Martynas,Sajus,Martynas,Sajus,M,S,M,S,M. Sajus,ALIAGA PETKIM SPOR,PTK,M. Sajus,19,,,7.9899997711182,46.439998626709,0.0,P2,missed,ALIAGA PETKIM SPOR M. SAJUS 2Pt missed,,,,,,,,,0,6,2.0,def_reb,0,0,0,2
08:35,08:35:00,0,2,-2,1,1,REGULAR,0,,1,rebound,20,18,['team'],offensive,0,,,,,,,,,,,ALIAGA PETKIM SPOR,PTK,,,,,,,,TREB,,ALIAGA PETKIM SPOR team rebound offensive,,,,,,,,,0,7,1.0,def_reb,0,0,0,2
08:27,08:27:00,0,2,-2,1,1,REGULAR,0,,1,turnover,23,,['team'],24sec,0,,,,,,,,,,,ALIAGA PETKIM SPOR,PTK,,,,,,,,TO,,ALIAGA PETKIM SPOR  turnover 24sec,,,,,,,,,0,8,2.0,turnover,0,0,0,2
08:12,08:12:00,0,4,-4,2,1,REGULAR,105,F. GILLESPIE II,1,2pt,25,,"['fromturnover', 'pointsinthepaint']",alleyoop,1,33,Frederick Maurice ,Gillespie Ii,Frederick Maurice ,Gillespie Ii,F,G,F,G,F. Gillespie Ii,GALATASARAY MCT TECHNIC,GSM,F. Gillespie Ii,33,,,93.480003356934,53.5,1.0,P2,made,GALATASARAY MCT TECHNIC F. GILLESPIE II 2Pt made,103.0,2.0,J. PALMER JR,,,,,,2,9,1.0,score,0,0,2,4
08:12,08:12:00,0,4,-4,2,1,REGULAR,103,J. PALMER JR,1,assist,26,25,[],,0,12,James Alfred,Palmer Jr,James Alfred,Palmer Jr,J,P,J,P,J. Palmer Jr,GALATASARAY MCT TECHNIC,GSM,J. Palmer Jr,12,,,,,,ASS,,GALATASARAY MCT TECHNIC J. PALMER JR assist,,,,,,,,,0,10,2.0,,0,0,0,4
07:58,07:58:00,3,4,-1,1,1,REGULAR,70,U. UTOMI,1,3pt,27,,[],jumpshot,1,8,Uzodinma,Utomi,Uzodinma,Utomi,U,U,U,U,U. Utomi,ALIAGA PETKIM SPOR,PTK,U. Utomi,8,,,4.2399997711182,97.01000213623,1.0,P3,made,ALIAGA PETKIM SPOR U. UTOMI 3Pt made,64.0,1.0,M. SAJUS,,,,,,3,10,2.0,score,3,3,0,4
07:58,07:58:00,3,4,-1,1,1,REGULAR,64,M. SAJUS,1,assist,28,27,[],,0,19,Martynas,Sajus,Martynas,Sajus,M,S,M,S,M. Sajus,ALIAGA PETKIM SPOR,PTK,M. Sajus,19,,,,,,ASS,,ALIAGA PETKIM SPOR M. SAJUS assist,,,,,,,,,0,11,1.0,,0,3,0,4
07:31,07:31:00,3,6,-3,2,1,REGULAR,105,F. GILLESPIE II,1,2pt,29,,['pointsinthepaint'],jumpshot,1,33,Frederick Maurice ,Gillespie Ii,Frederick Maurice ,Gillespie Ii,F,G,F,G,F. Gillespie Ii,GALATASARAY MCT TECHNIC,GSM,F. Gillespie Ii,33,,,82.870002746582,50.959999084473,1.0,P2,made,GALATASARAY MCT TECHNIC F. GILLESPIE II 2Pt made,70.0,2.0,R. ÖNCEL,,,,,,2,11,1.0,score,0,3,2,6
07:31,07:31:00,3,6,-3,2,1,REGULAR,70,R. ÖNCEL,1,assist,30,29,[],,0,10,Ridvan,Öncel,Ridvan,Öncel,R,Ö,R,Ö,R. Öncel,GALATASARAY MCT TECHNIC,GSM,R. Öncel,10,,,,,,ASS,,GALATASARAY MCT TECHNIC R. ÖNCEL assist,,,,,,,,,0,12,2.0,,0,3,0,6
07:12,07:12:00,3,6,-3,1,1,REGULAR,67,D. EFIANAYI JR,1,turnover,31,,[],badpass,0,4,David Tinsley Eghosa,Efianayi Jr,David Tinsley Eghosa,Efianayi Jr,D,E,D,E,D. Efianayi Jr,ALIAGA PETKIM SPOR,PTK,D. Efianayi Jr,4,,,,,,TO,,ALIAGA PETKIM SPOR D. EFIANAYI JR turnover badpass,,,,,,,,,0,12,2.0,turnover,0,3,0,6
07:12,07:12:00,3,6,-3,2,1,REGULAR,103,J. PALMER JR,1,steal,32,31,[],,0,12,James Alfred,Palmer Jr,James Alfred,Palmer Jr,J,P,J,P,J. Palmer Jr,GALATASARAY MCT TECHNIC,GSM,J. Palmer Jr,12,,,,,,ST,,GALATASARAY MCT TECHNIC J. PALMER JR steal,,,,,,,,,0,13,1.0,,0,3,0,6
07:08,07:08:00,3,8,-5,2,1,REGULAR,103,J. PALMER JR,1,2pt,33,,"['fromturnover', 'pointsinthepaint', 'fastbreak']",drivinglayup,1,12,James Alfred,Palmer Jr,James Alfred,Palmer Jr,J,P,J,P,J. Palmer Jr,GALATASARAY MCT TECHNIC,GSM,J. Palmer Jr,12,,,87.709999084473,56.610000610352,1.0,P2,made,GALATASARAY MCT TECHNIC J. PALMER JR 2Pt made,,,,,,,,,2,13,1.0,score,0,3,2,8
06:53,06:53:00,3,8,-5,1,1,REGULAR,64,M. SAJUS,1,turnover,34,,[],badpass,0,19,Martynas,Sajus,Martynas,Sajus,M,S,M,S,M. Sajus,ALIAGA PETKIM SPOR,PTK,M. Sajus,19,,,,,,TO,,ALIAGA PETKIM SPOR M. SAJUS turnover badpass,,,,,,,,,0,14,2.0,turnover,0,3,0,8
06:53,06:53:00,3,8,-5,2,1,REGULAR,70,R. ÖNCEL,1,steal,35,34,[],,0,10,Ridvan,Öncel,Ridvan,Öncel,R,Ö,R,Ö,R. Öncel,GALATASARAY MCT TECHNIC,GSM,R. Öncel,10,,,,,,ST,,GALATASARAY MCT TECHNIC R. ÖNCEL steal,,,,,,,,,0,15,1.0,,0,3,0,8
06:51,06:51:00,3,10,-7,2,1,REGULAR,70,R. ÖNCEL,1,2pt,36,,"['fromturnover', 'pointsinthepaint', 'fastbreak']",drivinglayup,1,10,Ridvan,Öncel,Ridvan,Öncel,R,Ö,R,Ö,R. Öncel,GALATASARAY MCT TECHNIC,GSM,R. Öncel,10,,,92.699996948242,47.849998474121,1.0,P2,made,GALATASARAY MCT TECHNIC R. ÖNCEL 2Pt made,,,,,,,,,2,15,1.0,score,0,3,2,10
06:30,06:30:00,3,10,-7,1,1,REGULAR,64,M. SAJUS,0,2pt,37,,"['pointsinthepaint', 'blocked']",jumpshot,1,19,Martynas,Sajus,Martynas,Sajus,M,S,M,S,M. Sajus,ALIAGA PETKIM SPOR,PTK,M. Sajus,19,,,10.020000457764,53.220001220703,0.0,P2,missed,ALIAGA PETKIM SPOR M. SAJUS 2Pt missed,,,,105.0,2.0,F. GILLESPIE II,,,0,16,2.0,,0,3,0,10
06:30,06:30:00,3,10,-7,2,1,REGULAR,105,F. GILLESPIE II,1,block,38,37,[],,0,33,Frederick Maurice ,Gillespie Ii,Frederick Maurice ,Gillespie Ii,F,G,F,G,F. Gillespie Ii,GALATASARAY MCT TECHNIC,GSM,F. Gillespie Ii,33,,,,,,BS,,GALATASARAY MCT TECHNIC F. GILLESPIE II block,,,,,,,,,0,16,2.0,,0,3,0,10
06:26,06:26:00,3,10,-7,2,1,REGULAR,103,J. PALMER JR,1,rebound,39,37,[],defensive,0,12,James Alfred,Palmer Jr,James Alfred,Palmer Jr,J,P,J,P,J. Palmer Jr,GALATASARAY MCT TECHNIC,GSM,J. Palmer Jr,12,,,,,,REB,,GALATASARAY MCT TECHNIC rebound defensive,,,,,,,,,0,16,2.0,def_reb,0,3,0,10
06:25,06:25:00,3,10,-7,1,1,REGULAR,44,T. SAV,1,foul,41,,[],personal,0,15,Troy Selim,Sav,Troy Selim,Sav,T,S,T,S,T. Sav,ALIAGA PETKIM SPOR,PTK,T. Sav,15,,,,,,FOUL,,ALIAGA PETKIM SPOR T. SAV foul personal,,,,,,,,,0,17,1.0,,0,3,0,10
06:25,06:25:00,3,10,-7,2,1,REGULAR,109,W. CUMMINGS,1,foulon,42,41,[],,0,7,William,Cummings,William,Cummings,W,C,W,C,W. Cummings,GALATASARAY MCT TECHNIC,GSM,W. Cummings,7,,,,,,OTHER,,GALATASARAY MCT TECHNIC foulon,,,,,,,,,0,17,1.0,,0,3,0,10
06:16,06:16:00,3,10,-7,2,1,REGULAR,104,F. WHITE JR,1,turnover,44,,[],ballhandling,0,35,Fabian Christopher,White Jr,Fabian Christopher,White Jr,F,W,F,W,F. White Jr,GALATASARAY MCT TECHNIC,GSM,F. White Jr,35,,,,,,TO,,GALATASARAY MCT TECHNIC F. WHITE JR turnover ballhandling,,,,,,,,,0,17,1.0,turnover,0,3,0,10
06:16,06:16:00,3,10,-7,1,1,REGULAR,64,M. SAJUS,1,steal,46,44,[],,0,19,Martynas,Sajus,Martynas,Sajus,M,S,M,S,M. Sajus,ALIAGA PETKIM SPOR,PTK,M. Sajus,19,,,,,,ST,,ALIAGA PETKIM SPOR M. SAJUS steal,,,,,,,,,0,18,2.0,,0,3,0,10
06:16,06:16:00,3,10,-7,2,1,REGULAR,104,F. WHITE JR,1,foul,47,,[],personal,0,35,Fabian Christopher,White Jr,Fabian Christopher,White Jr,F,W,F,W,F. White Jr,GALATASARAY MCT TECHNIC,GSM,F. White Jr,35,,,,,,FOUL,,GALATASARAY MCT TECHNIC F. WHITE JR foul personal,,,,,,,,,0,18,2.0,,0,3,0,10
06:16,06:16:00,3,10,-7,1,1,REGULAR,64,M. SAJUS,1,foulon,48,47,[],,0,19,Martynas,Sajus,Martynas,Sajus,M,S,M,S,M. Sajus,ALIAGA PETKIM SPOR,PTK,M. Sajus,19,,,,,,OTHER,,ALIAGA PETKIM SPOR foulon,,,,,,,,,0,18,2.0,,0,3,0,10
06:04,06:04:00,3,10,-7,1,1,REGULAR,67,D. EFIANAYI JR,0,2pt,50,,"['fromturnover', 'pointsinthepaint', 'blocked']",layup,1,4,David Tinsley Eghosa,Efianayi Jr,David Tinsley Eghosa,Efianayi Jr,D,E,D,E,D. Efianayi Jr,ALIAGA PETKIM SPOR,PTK,D. Efianayi Jr,4,,,5.960000038147,49.830001831055,0.0,P2,missed,ALIAGA PETKIM SPOR D. EFIANAYI JR 2Pt missed,,,,105.0,2.0,F. GILLESPIE II,,,0,18,2.0,,0,3,0,10
06:04,06:04:00,3,10,-7,2,1,REGULAR,105,F. GILLESPIE II,1,block,51,50,[],,0,33,Frederick Maurice ,Gillespie Ii,Frederick Maurice ,Gillespie Ii,F,G,F,G,F. Gillespie Ii,GALATASARAY MCT TECHNIC,GSM,F. Gillespie Ii,33,,,,,,BS,,GALATASARAY MCT TECHNIC F. GILLESPIE II block,,,,,,,,,0,18,2.0,,0,3,0,10
06:00,06:00:00,3,10,-7,2,1,REGULAR,103,J. PALMER JR,1,rebound,52,50,[],defensive,0,12,James Alfred,Palmer Jr,James Alfred,Palmer Jr,J,P,J,P,J. Palmer Jr,GALATASARAY MCT TECHNIC,GSM,J. Palmer Jr,12,,,,,,REB,,GALATASARAY MCT TECHNIC rebound defensive,,,,,,,,,0,18,2.0,def_reb,0,3,0,10
05:59,05:59:00,3,12,-9,2,1,REGULAR,70,R. ÖNCEL,1,2pt,54,,"['pointsinthepaint', 'fastbreak']",drivinglayup,1,10,Ridvan,Öncel,Ridvan,Öncel,R,Ö,R,Ö,R. Öncel,GALATASARAY MCT TECHNIC,GSM,R. Öncel,10,,,90.980003356934,50.680000305176,1.0,P2,made,GALATASARAY MCT TECHNIC R. ÖNCEL 2Pt made,103.0,2.0,J. PALMER JR,,,,,,2,19,1.0,score,0,3,2,12
05:59,05:59:00,3,12,-9,2,1,REGULAR,103,J. PALMER JR,1,assist,55,54,[],,0,12,James Alfred,Palmer Jr,James Alfred,Palmer Jr,J,P,J,P,J. Palmer Jr,GALATASARAY MCT TECHNIC,GSM,J. Palmer Jr,12,,,,,,ASS,,GALATASARAY MCT TECHNIC J. PALMER JR assist,,,,,,,,,0,20,2.0,,0,3,0,12
05:59,05:59:00,3,12,-9,1,1,REGULAR,0,,1,timeout,56,,[],full,0,,,,,,,,,,,ALIAGA PETKIM SPOR,PTK,,,,,,,,TIMEOUT,,ALIAGA PETKIM SPOR timeout,,,,,,,,,0,20,2.0,,0,3,0,12
05:59,05:59:00,3,12,-9,1,1,REGULAR,70,U. UTOMI,1,substitution,57,,[],out,0,8,Uzodinma,Utomi,Uzodinma,Utomi,U,U,U,U,U. Utomi,ALIAGA PETKIM SPOR,PTK,U. Utomi,8,,,,,,SUB,out,ALIAGA PETKIM SPOR substitution out,,,,,,,,,0,20,2.0,,0,3,0,12
05:59,05:59:00,3,12,-9,1,1,REGULAR,68,Y. FRANKE,1,substitution,58,,[],in,0,5,Yannick Ayrton,Franke,Yannick Ayrton,Franke,Y,F,Y,F,Y. Franke,ALIAGA PETKIM SPOR,PTK,Y. Franke,5,,,,,,SUB,in,ALIAGA PETKIM SPOR substitution in,,,,,,,,,0,20,2.0,,0,3,0,12
05:46,05:46:00,3,12,-9,2,1,REGULAR,105,F. GILLESPIE II,1,foul,61,,"['shooting', '2freethrow']",personal,0,33,Frederick Maurice ,Gillespie Ii,Frederick Maurice ,Gillespie Ii,F,G,F,G,F. Gillespie Ii,GALATASARAY MCT TECHNIC,GSM,F. Gillespie Ii,33,,,,,,FOUL,,GALATASARAY MCT TECHNIC F. GILLESPIE II foul personal,,,,,,,,,0,20,2.0,,0,3,0,12
05:46,05:46:00,3,12,-9,1,1,REGULAR,64,M. SAJUS,1,foulon,62,61,[],,0,19,Martynas,Sajus,Martynas,Sajus,M,S,M,S,M. Sajus,ALIAGA PETKIM SPOR,PTK,M. Sajus,19,,,,,,OTHER,,ALIAGA PETKIM SPOR foulon,,,,,,,,,0,20,2.0,,0,3,0,12
05:46,05:46:00,4,12,-8,1,1,REGULAR,64,M. SAJUS,1,freethrow,63,,[],1of2,1,19,Martynas,Sajus,Martynas,Sajus,M,S,M,S,M. Sajus,ALIAGA PETKIM SPOR,PTK,M. Sajus,19,,,,,,FT,made,ALIAGA PETKIM SPOR M. SAJUS FT 1of2 made,,,,,,,,,1,20,2.0,made_ft,1,4,0,12
05:46,05:46:00,4,12,-8,1,1,REGULAR,67,D. EFIANAYI JR,1,assist,64,63,[],,0,4,David Tinsley Eghosa,Efianayi Jr,David Tinsley Eghosa,Efianayi Jr,D,E,D,E,D. Efianayi Jr,ALIAGA PETKIM SPOR,PTK,D. Efianayi Jr,4,,,,,,ASS,,ALIAGA PETKIM SPOR D. EFIANAYI JR assist,,,,,,,,,0,21,1.0,,0,4,0,12
05:46,05:46:00,5,12,-7,1,1,REGULAR,64,M. SAJUS,1,freethrow,65,,[],2of2,1,19,Martynas,Sajus,Martynas,Sajus,M,S,M,S,M. Sajus,ALIAGA PETKIM SPOR,PTK,M. Sajus,19,,,,,,FT,made,ALIAGA PETKIM SPOR M. SAJUS FT 2of2 made,,,,,,,,,1,21,1.0,made_ft_last,1,5,0,12
05:24,05:24:00,5,14,-9,2,1,REGULAR,104,F. WHITE JR,1,2pt,67,,[],jumpshot,1,35,Fabian Christopher,White Jr,Fabian Christopher,White Jr,F,W,F,W,F. White Jr,GALATASARAY MCT TECHNIC,GSM,F. White Jr,35,,,93.169998168945,73.279998779297,1.0,P2,made,GALATASARAY MCT TECHNIC F. WHITE JR 2Pt made,109.0,2.0,W. CUMMINGS,,,,,,2,22,2.0,score,0,5,2,14
05:24,05:24:00,5,14,-9,2,1,REGULAR,109,W. CUMMINGS,1,assist,68,67,[],,0,7,William,Cummings,William,Cummings,W,C,W,C,W. Cummings,GALATASARAY MCT TECHNIC,GSM,W. Cummings,7,,,,,,ASS,,GALATASARAY MCT TECHNIC W. CUMMINGS assist,,,,,,,,,0,23,1.0,,0,5,0,14
05:07,05:07:00,5,14,-9,1,1,REGULAR,67,D. EFIANAYI JR,0,3pt,69,,[],jumpshot,1,4,David Tinsley Eghosa,Efianayi Jr,David Tinsley Eghosa,Efianayi Jr,D,E,D,E,D. Efianayi Jr,ALIAGA PETKIM SPOR,PTK,D. Efianayi Jr,4,,,27.329999923706,20.450000762939,0.0,P3,missed,ALIAGA PETKIM SPOR D. EFIANAYI JR 3Pt missed,,,,,,,,,0,23,1.0,,0,5,0,14
05:05,05:05:00,5,14,-9,1,1,REGULAR,64,M. SAJUS,1,rebound,70,69,[],offensive,0,19,Martynas,Sajus,Martynas,Sajus,M,S,M,S,M. Sajus,ALIAGA PETKIM SPOR,PTK,M. Sajus,19,,,,,,REB,,ALIAGA PETKIM SPOR rebound offensive,,,,,,,,,0,23,1.0,,0,5,0,14
05:04,05:04:00,8,14,-6,1,1,REGULAR,42,Y. SONSIRMA,1,3pt,71,,['2ndchance'],jumpshot,1,9,Yunus Emre,Sonsirma,Yunus Emre,Sonsirma,Y,S,Y,S,Y. Sonsirma,ALIAGA PETKIM SPOR,PTK,Y. Sonsirma,9,,,23.280000686646,87.120002746582,1.0,P3,made,ALIAGA PETKIM SPOR Y. SONSIRMA 3Pt made,64.0,1.0,M. SAJUS,,,,,,3,23,1.0,score,3,8,0,14
05:04,05:04:00,8,14,-6,1,1,REGULAR,64,M. SAJUS,1,assist,72,71,[],,0,19,Martynas,Sajus,Martynas,Sajus,M,S,M,S,M. Sajus,ALIAGA PETKIM SPOR,PTK,M. Sajus,19,,,,,,ASS,,ALIAGA PETKIM SPOR M. SAJUS assist,,,,,,,,,0,24,2.0,,0,8,0,14
04:48,04:48:00,8,14,-6,2,1,REGULAR,109,W. CUMMINGS,0,2pt,73,,['pointsinthepaint'],drivinglayup,1,7,William,Cummings,William,Cummings,W,C,W,C,W. Cummings,GALATASARAY MCT TECHNIC,GSM,W. Cummings,7,,,91.290000915527,58.590000152588,0.0,P2,missed,GALATASARAY MCT TECHNIC W. CUMMINGS 2Pt missed,,,,,,,,,0,24,2.0,,0,8,0,14
04:46,04:46:00,8,14,-6,2,1,REGULAR,105,F. GILLESPIE II,1,rebound,74,73,[],offensive,0,33,Frederick Maurice ,Gillespie Ii,Frederick Maurice ,Gillespie Ii,F,G,F,G,F. Gillespie Ii,GALATASARAY MCT TECHNIC,GSM,F. Gillespie Ii,33,,,,,,REB,,GALATASARAY MCT TECHNIC rebound offensive,,,,,,,,,0,24,2.0,,0,8,0,14
04:43,04:43:00,8,14,-6,2,1,REGULAR,109,W. CUMMINGS,0,3pt,75,,['2ndchance'],jumpshot,1,7,William,Cummings,William,Cummings,W,C,W,C,W. Cummings,GALATASARAY MCT TECHNIC,GSM,W. Cummings,7,,,95.660003662109,97.569999694824,0.0,P3,missed,GALATASARAY MCT TECHNIC W. CUMMINGS 3Pt missed,,,,,,,,,0,24,2.0,def_reb,0,8,0,14
04:41,04:41:00,8,14,-6,1,1,REGULAR,64,M. SAJUS,1,rebound,76,75,[],defensive,0,19,Martynas,Sajus,Martynas,Sajus,M,S,M,S,M. Sajus,ALIAGA PETKIM SPOR,PTK,M. Sajus,19,,,,,,REB,,ALIAGA PETKIM SPOR rebound defensive,,,,,,,,,0,25,1.0,def_reb,0,8,0,14
04:32,04:32:00,10,14,-4,1,1,REGULAR,64,M. SAJUS,1,2pt,77,,['pointsinthepaint'],reverselayup,1,19,Martynas,Sajus,Martynas,Sajus,M,S,M,S,M. Sajus,ALIAGA PETKIM SPOR,PTK,M. Sajus,19,,,2.8399999141693,50.959999084473,1.0,P2,made,ALIAGA PETKIM SPOR M. SAJUS 2Pt made,67.0,1.0,D. EFIANAYI JR,,,,,,2,26,2.0,score,2,10,0,14
04:32,04:32:00,10,14,-4,1,1,REGULAR,67,D. EFIANAYI JR,1,assist,78,77,[],,0,4,David Tinsley Eghosa,Efianayi Jr,David Tinsley Eghosa,Efianayi Jr,D,E,D,E,D. Efianayi Jr,ALIAGA PETKIM SPOR,PTK,D. Efianayi Jr,4,,,,,,ASS,,ALIAGA PETKIM SPOR D. EFIANAYI JR assist,,,,,,,,,0,27,1.0,,0,10,0,14
04:12,04:12:00,10,14,-4,2,1,REGULAR,103,J. PALMER JR,1,turnover,80,,[],outofbounds,0,12,James Alfred,Palmer Jr,James Alfred,Palmer Jr,J,P,J,P,J. Palmer Jr,GALATASARAY MCT TECHNIC,GSM,J. Palmer Jr,12,,,,,,TO,,GALATASARAY MCT TECHNIC J. PALMER JR turnover outofbounds,,,,,,,,,0,27,1.0,turnover,0,10,0,14
04:12,04:12:00,10,14,-4,1,1,REGULAR,44,T. SAV,1,substitution,81,,[],out,0,15,Troy Selim,Sav,Troy Selim,Sav,T,S,T,S,T. Sav,ALIAGA PETKIM SPOR,PTK,T. Sav,15,,,,,,SUB,out,ALIAGA PETKIM SPOR substitution out,,,,,,,,,0,28,2.0,,0,10,0,14
04:12,04:12:00,10,14,-4,1,1,REGULAR,65,R. BLUMBERGS,1,substitution,82,,[],in,0,6,Roberts,Blumbergs,Roberts,Blumbergs,R,B,R,B,R. Blumbergs,ALIAGA PETKIM SPOR,PTK,R. Blumbergs,6,,,,,,SUB,in,ALIAGA PETKIM SPOR substitution in,,,,,,,,,0,28,2.0,,0,10,0,14
04:12,04:12:00,10,14,-4,2,1,REGULAR,105,F. GILLESPIE II,1,substitution,83,,[],out,0,33,Frederick Maurice ,Gillespie Ii,Frederick Maurice ,Gillespie Ii,F,G,F,G,F. Gillespie Ii,GALATASARAY MCT TECHNIC,GSM,F. Gillespie Ii,33,,,,,,SUB,out,GALATASARAY MCT TECHNIC substitution out,,,,,,,,,0,28,2.0,,0,10,0,14
04:12,04:12:00,10,14,-4,2,1,REGULAR,108,C. BISHOP,1,substitution,84,,[],in,0,13,Christian Angelo ,Bishop,Christian Angelo ,Bishop,C,B,C,B,C. Bishop,GALATASARAY MCT TECHNIC,GSM,C. Bishop,13,,,,,,SUB,in,GALATASARAY MCT TECHNIC substitution in,,,,,,,,,0,28,2.0,,0,10,0,14
03:57,03:57:00,10,14,-4,1,1,REGULAR,68,Y. FRANKE,0,2pt,86,,['fromturnover'],jumpshot,1,5,Yannick Ayrton,Franke,Yannick Ayrton,Franke,Y,F,Y,F,Y. Franke,ALIAGA PETKIM SPOR,PTK,Y. Franke,5,,,5.8000001907349,12.539999961853,0.0,P2,missed,ALIAGA PETKIM SPOR Y. FRANKE 2Pt missed,,,,,,,,,0,28,2.0,def_reb,0,10,0,14
03:55,03:55:00,10,14,-4,2,1,REGULAR,108,C. BISHOP,1,rebound,87,86,[],defensive,0,13,Christian Angelo ,Bishop,Christian Angelo ,Bishop,C,B,C,B,C. Bishop,GALATASARAY MCT TECHNIC,GSM,C. Bishop,13,,,,,,REB,,GALATASARAY MCT TECHNIC rebound defensive,,,,,,,,,0,29,1.0,def_reb,0,10,0,14
03:49,03:49:00,10,14,-4,2,1,REGULAR,108,C. BISHOP,1,foul,89,,[],offensive,0,13,Christian Angelo ,Bishop,Christian Angelo ,Bishop,C,B,C,B,C. Bishop,GALATASARAY MCT TECHNIC,GSM,C. Bishop,13,,,,,,RFOUL,,GALATASARAY MCT TECHNIC C. BISHOP foul offensive,,,,,,,,,0,30,2.0,offensive_foul,0,10,0,14
03:49,03:49:00,10,14,-4,2,1,REGULAR,108,C. BISHOP,1,turnover,90,89,[],offensive,0,13,Christian Angelo ,Bishop,Christian Angelo ,Bishop,C,B,C,B,C. Bishop,GALATASARAY MCT TECHNIC,GSM,C. Bishop,13,,,,,,TO,,GALATASARAY MCT TECHNIC C. BISHOP turnover offensive,,,,,,,,,0,31,1.0,turnover,0,10,0,14
03:49,03:49:00,10,14,-4,1,1,REGULAR,64,M. SAJUS,1,foulon,91,89,[],,0,19,Martynas,Sajus,Martynas,Sajus,M,S,M,S,M. Sajus,ALIAGA PETKIM SPOR,PTK,M. Sajus,19,,,,,,OTHER,,ALIAGA PETKIM SPOR foulon,,,,,,,,,0,32,2.0,,0,10,0,14
03:33,03:33:00,10,14,-4,1,1,REGULAR,42,Y. SONSIRMA,0,3pt,93,,['fromturnover'],jumpshot,1,9,Yunus Emre,Sonsirma,Yunus Emre,Sonsirma,Y,S,Y,S,Y. Sonsirma,ALIAGA PETKIM SPOR,PTK,Y. Sonsirma,9,,,19.840000152588,11.409999847412,0.0,P3,missed,ALIAGA PETKIM SPOR Y. SONSIRMA 3Pt missed,,,,,,,,,0,32,2.0,,0,10,0,14
03:31,03:31:00,10,14,-4,1,1,REGULAR,68,Y. FRANKE,1,rebound,94,93,[],offensive,0,5,Yannick Ayrton,Franke,Yannick Ayrton,Franke,Y,F,Y,F,Y. Franke,ALIAGA PETKIM SPOR,PTK,Y. Franke,5,,,,,,REB,,ALIAGA PETKIM SPOR rebound offensive,,,,,,,,,0,32,2.0,,0,10,0,14
03:29,03:29:00,10,14,-4,1,1,REGULAR,68,Y. FRANKE,0,2pt,95,,"['2ndchance', 'fromturnover', 'pointsinthepaint']",jumpshot,1,5,Yannick Ayrton,Franke,Yannick Ayrton,Franke,Y,F,Y,F,Y. Franke,ALIAGA PETKIM SPOR,PTK,Y. Franke,5,,,6.9000000953674,45.310001373291,0.0,P2,missed,ALIAGA PETKIM SPOR Y. FRANKE 2Pt missed,,,,,,,,,0,32,2.0,def_reb,0,10,0,14
03:27,03:27:00,10,14,-4,2,1,REGULAR,108,C. BISHOP,1,rebound,96,95,[],defensive,0,13,Christian Angelo ,Bishop,Christian Angelo ,Bishop,C,B,C,B,C. Bishop,GALATASARAY MCT TECHNIC,GSM,C. Bishop,13,,,,,,REB,,GALATASARAY MCT TECHNIC rebound defensive,,,,,,,,,0,33,1.0,def_reb,0,10,0,14
03:20,03:20:00,10,14,-4,2,1,REGULAR,103,J. PALMER JR,0,3pt,97,,[],jumpshot,1,12,James Alfred,Palmer Jr,James Alfred,Palmer Jr,J,P,J,P,J. Palmer Jr,GALATASARAY MCT TECHNIC,GSM,J. Palmer Jr,12,,,66.330001831055,53.220001220703,0.0,P3,missed,GALATASARAY MCT TECHNIC J. PALMER JR 3Pt missed,,,,,,,,,0,34,2.0,def_reb,0,10,0,14
03:18,03:18:00,10,14,-4,1,1,REGULAR,68,Y. FRANKE,1,rebound,98,97,[],defensive,0,5,Yannick Ayrton,Franke,Yannick Ayrton,Franke,Y,F,Y,F,Y. Franke,ALIAGA PETKIM SPOR,PTK,Y. Franke,5,,,,,,REB,,ALIAGA PETKIM SPOR rebound defensive,,,,,,,,,0,35,1.0,def_reb,0,10,0,14
03:07,03:07:00,12,14,-2,1,1,REGULAR,42,Y. SONSIRMA,1,2pt,99,,[],jumpshot,1,9,Yunus Emre,Sonsirma,Yunus Emre,Sonsirma,Y,S,Y,S,Y. Sonsirma,ALIAGA PETKIM SPOR,PTK,Y. Sonsirma,9,,,26.860000610352,50.680000305176,1.0,P2,made,ALIAGA PETKIM SPOR Y. SONSIRMA 2Pt made,,,,,,,,,2,36,2.0,score,2,12,0,14
02:44,02:44:00,12,14,-2,2,1,REGULAR,104,F. WHITE JR,0,2pt,100,,[],turnaroundjumpshot,1,35,Fabian Christopher,White Jr,Fabian Christopher,White Jr,F,W,F,W,F. White Jr,GALATASARAY MCT TECHNIC,GSM,F. White Jr,35,,,89.730003356934,80.339996337891,0.0,P2,missed,GALATASARAY MCT TECHNIC F. WHITE JR 2Pt missed,,,,,,,,,0,37,1.0,def_reb,0,12,0,14
02:41,02:41:00,12,14,-2,1,1,REGULAR,42,Y. SONSIRMA,1,rebound,101,100,[],defensive,0,9,Yunus Emre,Sonsirma,Yunus Emre,Sonsirma,Y,S,Y,S,Y. Sonsirma,ALIAGA PETKIM SPOR,PTK,Y. Sonsirma,9,,,,,,REB,,ALIAGA PETKIM SPOR rebound defensive,,,,,,,,,0,38,2.0,def_reb,0,12,0,14
02:35,02:35:00,12,14,-2,1,1,REGULAR,42,Y. SONSIRMA,0,2pt,102,,['pointsinthepaint'],drivinglayup,1,9,Yunus Emre,Sonsirma,Yunus Emre,Sonsirma,Y,S,Y,S,Y. Sonsirma,ALIAGA PETKIM SPOR,PTK,Y. Sonsirma,9,,,7.6799998283386,55.200000762939,0.0,P2,missed,ALIAGA PETKIM SPOR Y. SONSIRMA 2Pt missed,,,,,,,,,0,39,1.0,,0,12,0,14
02:32,02:32:00,12,14,-2,1,1,REGULAR,65,R. BLUMBERGS,1,rebound,103,102,[],offensive,0,6,Roberts,Blumbergs,Roberts,Blumbergs,R,B,R,B,R. Blumbergs,ALIAGA PETKIM SPOR,PTK,R. Blumbergs,6,,,,,,REB,,ALIAGA PETKIM SPOR rebound offensive,,,,,,,,,0,39,1.0,,0,12,0,14
02:32,02:32:00,14,14,0,1,1,REGULAR,65,R. BLUMBERGS,1,2pt,104,,"['2ndchance', 'pointsinthepaint']",tipinlayup,1,6,Roberts,Blumbergs,Roberts,Blumbergs,R,B,R,B,R. Blumbergs,ALIAGA PETKIM SPOR,PTK,R. Blumbergs,6,,,6.0,50.0,1.0,P2,made,ALIAGA PETKIM SPOR R. BLUMBERGS 2Pt made,,,,,,,,,2,39,1.0,score,2,14,0,14
02:20,02:20:00,14,14,0,1,1,REGULAR,42,Y. SONSIRMA,1,foul,106,,[],personal,0,9,Yunus Emre,Sonsirma,Yunus Emre,Sonsirma,Y,S,Y,S,Y. Sonsirma,ALIAGA PETKIM SPOR,PTK,Y. Sonsirma,9,,,,,,FOUL,,ALIAGA PETKIM SPOR Y. SONSIRMA foul personal,,,,,,,,,0,40,2.0,,0,14,0,14
02:20,02:20:00,14,14,0,2,1,REGULAR,109,W. CUMMINGS,1,foulon,107,106,[],,0,7,William,Cummings,William,Cummings,W,C,W,C,W. Cummings,GALATASARAY MCT TECHNIC,GSM,W. Cummings,7,,,,,,OTHER,,GALATASARAY MCT TECHNIC foulon,,,,,,,,,0,40,2.0,,0,14,0,14
02:20,02:20:00,14,14,0,1,1,REGULAR,42,Y. SONSIRMA,1,substitution,108,,[],out,0,9,Yunus Emre,Sonsirma,Yunus Emre,Sonsirma,Y,S,Y,S,Y. Sonsirma,ALIAGA PETKIM SPOR,PTK,Y. Sonsirma,9,,,,,,SUB,out,ALIAGA PETKIM SPOR substitution out,,,,,,,,,0,40,2.0,,0,14,0,14
02:20,02:20:00,14,14,0,1,1,REGULAR,64,M. SAJUS,1,substitution,109,,[],out,0,19,Martynas,Sajus,Martynas,Sajus,M,S,M,S,M. Sajus,ALIAGA PETKIM SPOR,PTK,M. Sajus,19,,,,,,SUB,out,ALIAGA PETKIM SPOR substitution out,,,,,,,,,0,40,2.0,,0,14,0,14
02:20,02:20:00,14,14,0,1,1,REGULAR,45,B. GÜLER,1,substitution,110,,[],in,0,2,Boran,Güler,Boran,Güler,B,G,B,G,B. Güler,ALIAGA PETKIM SPOR,PTK,B. Güler,2,,,,,,SUB,in,ALIAGA PETKIM SPOR substitution in,,,,,,,,,0,40,2.0,,0,14,0,14
02:20,02:20:00,14,14,0,1,1,REGULAR,66,J. FLOYD,1,substitution,111,,[],in,0,20,Jehyve Jamal,Floyd,Jehyve Jamal,Floyd,J,F,J,F,J. Floyd,ALIAGA PETKIM SPOR,PTK,J. Floyd,20,,,,,,SUB,in,ALIAGA PETKIM SPOR substitution in,,,,,,,,,0,40,2.0,,0,14,0,14
02:20,02:20:00,14,14,0,2,1,REGULAR,109,W. CUMMINGS,1,substitution,112,,[],out,0,7,William,Cummings,William,Cummings,W,C,W,C,W. Cummings,GALATASARAY MCT TECHNIC,GSM,W. Cummings,7,,,,,,SUB,out,GALATASARAY MCT TECHNIC substitution out,,,,,,,,,0,40,2.0,,0,14,0,14
02:20,02:20:00,14,14,0,2,1,REGULAR,70,R. ÖNCEL,1,substitution,113,,[],out,0,10,Ridvan,Öncel,Ridvan,Öncel,R,Ö,R,Ö,R. Öncel,GALATASARAY MCT TECHNIC,GSM,R. Öncel,10,,,,,,SUB,out,GALATASARAY MCT TECHNIC substitution out,,,,,,,,,0,40,2.0,,0,14,0,14
02:20,02:20:00,14,14,0,2,1,REGULAR,102,E. MC COLLUM,1,substitution,114,,[],in,0,3,Errick,Mc Collum,Errick,Mc Collum,E,M,E,M,E. Mc Collum,GALATASARAY MCT TECHNIC,GSM,E. Mc Collum,3,,,,,,SUB,in,GALATASARAY MCT TECHNIC substitution in,,,,,,,,,0,40,2.0,,0,14,0,14
02:20,02:20:00,14,14,0,2,1,REGULAR,71,C. KORKMAZ,1,substitution,115,,[],in,0,8,Can,Korkmaz,Can,Korkmaz,C,K,C,K,C. Korkmaz,GALATASARAY MCT TECHNIC,GSM,C. Korkmaz,8,,,,,,SUB,in,GALATASARAY MCT TECHNIC substitution in,,,,,,,,,0,40,2.0,,0,14,0,14
02:06,02:06:00,14,14,0,2,1,REGULAR,103,J. PALMER JR,0,2pt,117,,[],jumpshot,1,12,James Alfred,Palmer Jr,James Alfred,Palmer Jr,J,P,J,P,J. Palmer Jr,GALATASARAY MCT TECHNIC,GSM,J. Palmer Jr,12,,,79.589996337891,75.819999694824,0.0,P2,missed,GALATASARAY MCT TECHNIC J. PALMER JR 2Pt missed,,,,,,,,,0,40,2.0,def_reb,0,14,0,14
02:04,02:04:00,14,14,0,1,1,REGULAR,0,,1,rebound,119,117,['team'],defensive,0,,,,,,,,,,,ALIAGA PETKIM SPOR,PTK,,,,,,,,TREB,,ALIAGA PETKIM SPOR team rebound defensive,,,,,,,,,0,41,1.0,def_reb,0,14,0,14
02:04,02:04:00,14,14,0,2,1,REGULAR,104,F. WHITE JR,1,substitution,120,,[],out,0,35,Fabian Christopher,White Jr,Fabian Christopher,White Jr,F,W,F,W,F. White Jr,GALATASARAY MCT TECHNIC,GSM,F. White Jr,35,,,,,,SUB,out,GALATASARAY MCT TECHNIC substitution out,,,,,,,,,0,42,2.0,,0,14,0,14
02:04,02:04:00,14,14,0,2,1,REGULAR,107,R. MEEKS,1,substitution,121,,[],in,0,9,Robinson Jr,Meeks,Robinson Jr,Meeks,R,M,R,M,R. Meeks,GALATASARAY MCT TECHNIC,GSM,R. Meeks,9,,,,,,SUB,in,GALATASARAY MCT TECHNIC substitution in,,,,,,,,,0,42,2.0,,0,14,0,14
01:55,01:55:00,14,14,0,1,1,REGULAR,66,J. FLOYD,1,foul,124,,[],offensive,0,20,Jehyve Jamal,Floyd,Jehyve Jamal,Floyd,J,F,J,F,J. Floyd,ALIAGA PETKIM SPOR,PTK,J. Floyd,20,,,,,,RFOUL,,ALIAGA PETKIM SPOR J. FLOYD foul offensive,,,,,,,,,0,42,2.0,offensive_foul,0,14,0,14
01:55,01:55:00,14,14,0,1,1,REGULAR,66,J. FLOYD,1,turnover,125,124,[],offensive,0,20,Jehyve Jamal,Floyd,Jehyve Jamal,Floyd,J,F,J,F,J. Floyd,ALIAGA PETKIM SPOR,PTK,J. Floyd,20,,,,,,TO,,ALIAGA PETKIM SPOR J. FLOYD turnover offensive,,,,,,,,,0,43,1.0,turnover,0,14,0,14
01:55,01:55:00,14,14,0,2,1,REGULAR,108,C. BISHOP,1,foulon,126,124,[],,0,13,Christian Angelo ,Bishop,Christian Angelo ,Bishop,C,B,C,B,C. Bishop,GALATASARAY MCT TECHNIC,GSM,C. Bishop,13,,,,,,OTHER,,GALATASARAY MCT TECHNIC foulon,,,,,,,,,0,44,2.0,,0,14,0,14
01:46,01:46:00,14,16,-2,2,1,REGULAR,108,C. BISHOP,1,2pt,128,,"['fromturnover', 'pointsinthepaint']",dunk,1,13,Christian Angelo ,Bishop,Christian Angelo ,Bishop,C,B,C,B,C. Bishop,GALATASARAY MCT TECHNIC,GSM,C. Bishop,13,,,89.110000610352,47.569999694824,1.0,P2,made,GALATASARAY MCT TECHNIC C. BISHOP 2Pt made,71.0,2.0,C. KORKMAZ,,,,,,2,44,2.0,score,0,14,2,16
01:46,01:46:00,14,16,-2,2,1,REGULAR,71,C. KORKMAZ,1,assist,129,128,[],,0,8,Can,Korkmaz,Can,Korkmaz,C,K,C,K,C. Korkmaz,GALATASARAY MCT TECHNIC,GSM,C. Korkmaz,8,,,,,,ASS,,GALATASARAY MCT TECHNIC C. KORKMAZ assist,,,,,,,,,0,45,1.0,,0,14,0,16
01:28,01:28:00,16,16,0,1,1,REGULAR,67,D. EFIANAYI JR,1,2pt,130,,['pointsinthepaint'],dunk,1,4,David Tinsley Eghosa,Efianayi Jr,David Tinsley Eghosa,Efianayi Jr,D,E,D,E,D. Efianayi Jr,ALIAGA PETKIM SPOR,PTK,D. Efianayi Jr,4,,,7.0500001907349,53.220001220703,1.0,P2,made,ALIAGA PETKIM SPOR D. EFIANAYI JR 2Pt made,,,,,,,,,2,45,1.0,score,2,16,0,16
01:12,01:12:00,16,16,0,1,1,REGULAR,45,B. GÜLER,1,foul,132,,"['shooting', '2freethrow']",personal,0,2,Boran,Güler,Boran,Güler,B,G,B,G,B. Güler,ALIAGA PETKIM SPOR,PTK,B. Güler,2,,,,,,FOUL,,ALIAGA PETKIM SPOR B. GÜLER foul personal,,,,,,,,,0,46,2.0,,0,16,0,16
01:12,01:12:00,16,16,0,2,1,REGULAR,71,C. KORKMAZ,1,foulon,133,132,[],,0,8,Can,Korkmaz,Can,Korkmaz,C,K,C,K,C. Korkmaz,GALATASARAY MCT TECHNIC,GSM,C. Korkmaz,8,,,,,,OTHER,,GALATASARAY MCT TECHNIC foulon,,,,,,,,,0,46,2.0,,0,16,0,16
01:12,01:12:00,16,16,0,2,1,REGULAR,103,J. PALMER JR,1,substitution,134,,[],out,0,12,James Alfred,Palmer Jr,James Alfred,Palmer Jr,J,P,J,P,J. Palmer Jr,GALATASARAY MCT TECHNIC,GSM,J. Palmer Jr,12,,,,,,SUB,out,GALATASARAY MCT TECHNIC substitution out,,,,,,,,,0,46,2.0,,0,16,0,16
01:12,01:12:00,16,16,0,2,1,REGULAR,38,A. TUNCER,1,substitution,135,,[],in,0,19,Ahmet Bugrahan,Tuncer,Ahmet Bugrahan,Tuncer,A,T,A,T,A. Tuncer,GALATASARAY MCT TECHNIC,GSM,A. Tuncer,19,,,,,,SUB,in,GALATASARAY MCT TECHNIC substitution in,,,,,,,,,0,46,2.0,,0,16,0,16
01:12,01:12:00,16,17,-1,2,1,REGULAR,71,C. KORKMAZ,1,freethrow,136,,[],1of2,1,8,Can,Korkmaz,Can,Korkmaz,C,K,C,K,C. Korkmaz,GALATASARAY MCT TECHNIC,GSM,C. Korkmaz,8,,,,,,FT,made,GALATASARAY MCT TECHNIC C. KORKMAZ FT 1of2 made,,,,,,,,,1,46,2.0,made_ft,0,16,1,17
01:12,01:12:00,16,18,-2,2,1,REGULAR,71,C. KORKMAZ,1,freethrow,137,,[],2of2,1,8,Can,Korkmaz,Can,Korkmaz,C,K,C,K,C. Korkmaz,GALATASARAY MCT TECHNIC,GSM,C. Korkmaz,8,,,,,,FT,made,GALATASARAY MCT TECHNIC C. KORKMAZ FT 2of2 made,,,,,,,,,1,47,1.0,made_ft_last,0,16,1,18
00:55,00:55:20,16,18,-2,2,1,REGULAR,71,C. KORKMAZ,1,foul,140,,"['shooting', '2freethrow']",personal,0,8,Can,Korkmaz,Can,Korkmaz,C,K,C,K,C. Korkmaz,GALATASARAY MCT TECHNIC,GSM,C. Korkmaz,8,,,,,,FOUL,,GALATASARAY MCT TECHNIC C. KORKMAZ foul personal,,,,,,,,,0,48,2.0,,0,16,0,18
00:55,00:55:20,16,18,-2,1,1,REGULAR,66,J. FLOYD,1,foulon,141,140,[],,0,20,Jehyve Jamal,Floyd,Jehyve Jamal,Floyd,J,F,J,F,J. Floyd,ALIAGA PETKIM SPOR,PTK,J. Floyd,20,,,,,,OTHER,,ALIAGA PETKIM SPOR foulon,,,,,,,,,0,48,2.0,,0,16,0,18
00:55,00:55:20,16,18,-2,1,1,REGULAR,67,D. EFIANAYI JR,1,substitution,142,,[],out,0,4,David Tinsley Eghosa,Efianayi Jr,David Tinsley Eghosa,Efianayi Jr,D,E,D,E,D. Efianayi Jr,ALIAGA PETKIM SPOR,PTK,D. Efianayi Jr,4,,,,,,SUB,out,ALIAGA PETKIM SPOR substitution out,,,,,,,,,0,48,2.0,,0,16,0,18
00:55,00:55:20,16,18,-2,1,1,REGULAR,70,U. UTOMI,1,substitution,143,,[],in,0,8,Uzodinma,Utomi,Uzodinma,Utomi,U,U,U,U,U. Utomi,ALIAGA PETKIM SPOR,PTK,U. Utomi,8,,,,,,SUB,in,ALIAGA PETKIM SPOR substitution in,,,,,,,,,0,48,2.0,,0,16,0,18
00:55,00:55:20,17,18,-1,1,1,REGULAR,66,J. FLOYD,1,freethrow,144,,[],1of2,1,20,Jehyve Jamal,Floyd,Jehyve Jamal,Floyd,J,F,J,F,J. Floyd,ALIAGA PETKIM SPOR,PTK,J. Floyd,20,,,,,,FT,made,ALIAGA PETKIM SPOR J. FLOYD FT 1of2 made,,,,,,,,,1,48,2.0,made_ft,1,17,0,18
00:55,00:55:20,17,18,-1,1,1,REGULAR,67,D. EFIANAYI JR,1,assist,145,144,[],,0,4,David Tinsley Eghosa,Efianayi Jr,David Tinsley Eghosa,Efianayi Jr,D,E,D,E,D. Efianayi Jr,ALIAGA PETKIM SPOR,PTK,D. Efianayi Jr,4,,,,,,ASS,,ALIAGA PETKIM SPOR D. EFIANAYI JR assist,,,,,,,,,0,49,1.0,,0,17,0,18
00:55,00:55:20,18,18,0,1,1,REGULAR,66,J. FLOYD,1,freethrow,146,,[],2of2,1,20,Jehyve Jamal,Floyd,Jehyve Jamal,Floyd,J,F,J,F,J. Floyd,ALIAGA PETKIM SPOR,PTK,J. Floyd,20,,,,,,FT,made,ALIAGA PETKIM SPOR J. FLOYD FT 2of2 made,,,,,,,,,1,49,1.0,made_ft_last,1,18,0,18
00:40,00:40:60,18,20,-2,2,1,REGULAR,102,E. MC COLLUM,1,2pt,148,,['pointsinthepaint'],stepbackjumpshot,1,3,Errick,Mc Collum,Errick,Mc Collum,E,M,E,M,E. Mc Collum,GALATASARAY MCT TECHNIC,GSM,E. Mc Collum,3,,,81.779998779297,45.029998779297,1.0,P2,made,GALATASARAY MCT TECHNIC E. MC COLLUM 2Pt made,,,,,,,,,2,50,2.0,score,0,18,2,20
00:18,00:18:00,18,20,-2,1,1,REGULAR,70,U. UTOMI,0,2pt,149,,['pointsinthepaint'],turnaroundjumpshot,1,8,Uzodinma,Utomi,Uzodinma,Utomi,U,U,U,U,U. Utomi,ALIAGA PETKIM SPOR,PTK,U. Utomi,8,,,12.819999694824,52.369998931885,0.0,P2,missed,ALIAGA PETKIM SPOR U. UTOMI 2Pt missed,,,,,,,,,0,51,1.0,,0,18,0,20
00:15,00:15:50,18,20,-2,1,1,REGULAR,45,B. GÜLER,1,rebound,150,149,[],offensive,0,2,Boran,Güler,Boran,Güler,B,G,B,G,B. Güler,ALIAGA PETKIM SPOR,PTK,B. Güler,2,,,,,,REB,,ALIAGA PETKIM SPOR rebound offensive,,,,,,,,,0,51,1.0,,0,18,0,20
00:12,00:12:70,21,20,1,1,1,REGULAR,70,U. UTOMI,1,3pt,151,,['2ndchance'],jumpshot,1,8,Uzodinma,Utomi,Uzodinma,Utomi,U,U,U,U,U. Utomi,ALIAGA PETKIM SPOR,PTK,U. Utomi,8,,,28.420000076294,26.10000038147,1.0,P3,made,ALIAGA PETKIM SPOR U. UTOMI 3Pt made,45.0,1.0,B. GÜLER,,,,,,3,51,1.0,score,3,21,0,20
00:12,00:12:70,21,20,1,1,1,REGULAR,45,B. GÜLER,1,assist,152,151,[],,0,2,Boran,Güler,Boran,Güler,B,G,B,G,B. Güler,ALIAGA PETKIM SPOR,PTK,B. Güler,2,,,,,,ASS,,ALIAGA PETKIM SPOR B. GÜLER assist,,,,,,,,,0,52,2.0,,0,21,0,20
00:00,00:00:70,21,20,1,2,1,REGULAR,71,C. KORKMAZ,0,3pt,153,,[],jumpshot,1,8,Can,Korkmaz,Can,Korkmaz,C,K,C,K,C. Korkmaz,GALATASARAY MCT TECHNIC,GSM,C. Korkmaz,8,,,65.709999084473,53.5,0.0,P3,missed,GALATASARAY MCT TECHNIC C. KORKMAZ 3Pt missed,,,,,,,,,0,52,2.0,def_reb,0,21,0,20
00:00,00:00:00,21,20,1,1,1,REGULAR,65,R. BLUMBERGS,1,rebound,155,153,[],defensive,0,6,Roberts,Blumbergs,Roberts,Blumbergs,R,B,R,B,R. Blumbergs,ALIAGA PETKIM SPOR,PTK,R. Blumbergs,6,,,,,,REB,,ALIAGA PETKIM SPOR rebound defensive,,,,,,,,,0,53,1.0,def_reb,0,21,0,20
00:00,00:00:00,21,20,1,0,1,REGULAR,0,,1,period,156,,['confirmed'],end,0,,,,,,,,,,,,,,,,,,,,OTHER,,period end,,,,,,,,,0,54,2.0,,0,21,0,20
10:00,10:00:00,21,20,1,0,2,REGULAR,0,,1,period,157,,[],start,0,,,,,,,,,,,,,,,,,,,,OTHER,,period start,,,,,,,,,0,54,2.0,,0,21,0,20
09:48,09:48:00,21,20,1,2,2,REGULAR,71,C. KORKMAZ,0,3pt,159,,[],jumpshot,1,8,Can,Korkmaz,Can,Korkmaz,C,K,C,K,C. Korkmaz,GALATASARAY MCT TECHNIC,GSM,C. Korkmaz,8,,,95.980003356934,2.6600000858307,0.0,P3,missed,GALATASARAY MCT TECHNIC C. KORKMAZ 3Pt missed,,,,,,,,,0,54,2.0,def_reb,0,21,0,20
09:46,09:46:00,21,20,1,1,2,REGULAR,66,J. FLOYD,1,rebound,160,159,[],defensive,0,20,Jehyve Jamal,Floyd,Jehyve Jamal,Floyd,J,F,J,F,J. Floyd,ALIAGA PETKIM SPOR,PTK,J. Floyd,20,,,,,,REB,,ALIAGA PETKIM SPOR rebound defensive,,,,,,,,,0,55,1.0,def_reb,0,21,0,20
09:41,09:41:00,21,20,1,1,2,REGULAR,68,Y. FRANKE,0,2pt,161,,['pointsinthepaint'],drivinglayup,1,5,Yannick Ayrton,Franke,Yannick Ayrton,Franke,Y,F,Y,F,Y. Franke,ALIAGA PETKIM SPOR,PTK,Y. Franke,5,,,9.2399997711182,57.459999084473,0.0,P2,missed,ALIAGA PETKIM SPOR Y. FRANKE 2Pt missed,,,,,,,,,0,56,2.0,def_reb,0,21,0,20
09:38,09:38:00,21,20,1,2,2,REGULAR,108,C. BISHOP,1,rebound,162,161,[],defensive,0,13,Christian Angelo ,Bishop,Christian Angelo ,Bishop,C,B,C,B,C. Bishop,GALATASARAY MCT TECHNIC,GSM,C. Bishop,13,,,,,,REB,,GALATASARAY MCT TECHNIC rebound defensive,,,,,,,,,0,57,1.0,def_reb,0,21,0,20
09:37,09:37:00,21,20,1,2,2,REGULAR,102,E. MC COLLUM,1,turnover,164,,[],ballhandling,0,3,Errick,Mc Collum,Errick,Mc Collum,E,M,E,M,E. Mc Collum,GALATASARAY MCT TECHNIC,GSM,E. Mc Collum,3,,,,,,TO,,GALATASARAY MCT TECHNIC E. MC COLLUM turnover ballhandling,,,,,,,,,0,58,2.0,turnover,0,21,0,20
09:24,09:24:00,21,20,1,1,2,REGULAR,68,Y. FRANKE,0,3pt,166,,['fromturnover'],jumpshot,1,5,Yannick Ayrton,Franke,Yannick Ayrton,Franke,Y,F,Y,F,Y. Franke,ALIAGA PETKIM SPOR,PTK,Y. Franke,5,,,33.880001068115,86.839996337891,0.0,P3,missed,ALIAGA PETKIM SPOR Y. FRANKE 3Pt missed,,,,,,,,,0,59,1.0,def_reb,0,21,0,20
09:22,09:22:00,21,20,1,2,2,REGULAR,38,A. TUNCER,1,rebound,167,166,[],defensive,0,19,Ahmet Bugrahan,Tuncer,Ahmet Bugrahan,Tuncer,A,T,A,T,A. Tuncer,GALATASARAY MCT TECHNIC,GSM,A. Tuncer,19,,,,,,REB,,GALATASARAY MCT TECHNIC rebound defensive,,,,,,,,,0,60,2.0,def_reb,0,21,0,20
09:13,09:13:00,21,20,1,2,2,REGULAR,38,A. TUNCER,0,2pt,168,,['pointsinthepaint'],jumpshot,1,19,Ahmet Bugrahan,Tuncer,Ahmet Bugrahan,Tuncer,A,T,A,T,A. Tuncer,GALATASARAY MCT TECHNIC,GSM,A. Tuncer,19,,,85.98999786377,46.439998626709,0.0,P2,missed,GALATASARAY MCT TECHNIC A. TUNCER 2Pt missed,,,,,,,,,0,61,1.0,,0,21,0,20
09:10,09:10:00,21,20,1,2,2,REGULAR,108,C. BISHOP,1,rebound,169,168,[],offensive,0,13,Christian Angelo ,Bishop,Christian Angelo ,Bishop,C,B,C,B,C. Bishop,GALATASARAY MCT TECHNIC,GSM,C. Bishop,13,,,,,,REB,,GALATASARAY MCT TECHNIC rebound offensive,,,,,,,,,0,61,1.0,,0,21,0,20
09:10,09:10:00,21,22,-1,2,2,REGULAR,108,C. BISHOP,1,2pt,170,,"['2ndchance', 'pointsinthepaint']",tipinlayup,1,13,Christian Angelo ,Bishop,Christian Angelo ,Bishop,C,B,C,B,C. Bishop,GALATASARAY MCT TECHNIC,GSM,C. Bishop,13,,,94.0,50.0,1.0,P2,made,GALATASARAY MCT TECHNIC C. BISHOP 2Pt made,,,,,,,,,2,61,1.0,score,0,21,2,22
08:54,08:54:00,24,22,2,1,2,REGULAR,65,R. BLUMBERGS,1,3pt,171,,[],jumpshot,1,6,Roberts,Blumbergs,Roberts,Blumbergs,R,B,R,B,R. Blumbergs,ALIAGA PETKIM SPOR,PTK,R. Blumbergs,6,,,5.960000038147,3.5,1.0,P3,made,ALIAGA PETKIM SPOR R. BLUMBERGS 3Pt made,68.0,1.0,Y. FRANKE,,,,,,3,62,2.0,score,3,24,0,22
08:54,08:54:00,24,22,2,1,2,REGULAR,68,Y. FRANKE,1,assist,172,171,[],,0,5,Yannick Ayrton,Franke,Yannick Ayrton,Franke,Y,F,Y,F,Y. Franke,ALIAGA PETKIM SPOR,PTK,Y. Franke,5,,,,,,ASS,,ALIAGA PETKIM SPOR Y. FRANKE assist,,,,,,,,,0,63,1.0,,0,24,0,22
08:34,08:34:00,24,22,2,2,2,REGULAR,102,E. MC COLLUM,0,2pt,173,,['pointsinthepaint'],stepbackjumpshot,1,3,Errick,Mc Collum,Errick,Mc Collum,E,M,E,M,E. Mc Collum,GALATASARAY MCT TECHNIC,GSM,E. Mc Collum,3,,,87.389999389648,64.23999786377,0.0,P2,missed,GALATASARAY MCT TECHNIC E. MC COLLUM 2Pt missed,,,,,,,,,0,63,1.0,,0,24,0,22
08:31,08:31:00,24,22,2,2,2,REGULAR,108,C. BISHOP,1,rebound,174,173,[],offensive,0,13,Christian Angelo ,Bishop,Christian Angelo ,Bishop,C,B,C,B,C. Bishop,GALATASARAY MCT TECHNIC,GSM,C. Bishop,13,,,,,,REB,,GALATASARAY MCT TECHNIC rebound offensive,,,,,,,,,0,63,1.0,,0,24,0,22
08:25,08:25:00,24,24,0,2,2,REGULAR,108,C. BISHOP,1,2pt,175,,"['2ndchance', 'pointsinthepaint']",alleyoop,1,13,Christian Angelo ,Bishop,Christian Angelo ,Bishop,C,B,C,B,C. Bishop,GALATASARAY MCT TECHNIC,GSM,C. Bishop,13,,,91.610000610352,45.590000152588,1.0,P2,made,GALATASARAY MCT TECHNIC C. BISHOP 2Pt made,38.0,2.0,A. TUNCER,,,,,,2,63,1.0,score,0,24,2,24
08:25,08:25:00,24,24,0,2,2,REGULAR,38,A. TUNCER,1,assist,176,175,[],,0,19,Ahmet Bugrahan,Tuncer,Ahmet Bugrahan,Tuncer,A,T,A,T,A. Tuncer,GALATASARAY MCT TECHNIC,GSM,A. Tuncer,19,,,,,,ASS,,GALATASARAY MCT TECHNIC A. TUNCER assist,,,,,,,,,0,64,2.0,,0,24,0,24
08:13,08:13:00,24,24,0,1,2,REGULAR,68,Y. FRANKE,1,foul,178,,[],offensive,0,5,Yannick Ayrton,Franke,Yannick Ayrton,Franke,Y,F,Y,F,Y. Franke,ALIAGA PETKIM SPOR,PTK,Y. Franke,5,,,,,,RFOUL,,ALIAGA PETKIM SPOR Y. FRANKE foul offensive,,,,,,,,,0,64,2.0,offensive_foul,0,24,0,24
08:13,08:13:00,24,24,0,1,2,REGULAR,68,Y. FRANKE,1,turnover,179,178,[],offensive,0,5,Yannick Ayrton,Franke,Yannick Ayrton,Franke,Y,F,Y,F,Y. Franke,ALIAGA PETKIM SPOR,PTK,Y. Franke,5,,,,,,TO,,ALIAGA PETKIM SPOR Y. FRANKE turnover offensive,,,,,,,,,0,65,1.0,turnover,0,24,0,24
08:13,08:13:00,24,24,0,2,2,REGULAR,71,C. KORKMAZ,1,foulon,180,178,[],,0,8,Can,Korkmaz,Can,Korkmaz,C,K,C,K,C. Korkmaz,GALATASARAY MCT TECHNIC,GSM,C. Korkmaz,8,,,,,,OTHER,,GALATASARAY MCT TECHNIC foulon,,,,,,,,,0,66,2.0,,0,24,0,24
08:13,08:13:00,24,24,0,2,2,REGULAR,71,C. KORKMAZ,1,substitution,181,,[],out,0,8,Can,Korkmaz,Can,Korkmaz,C,K,C,K,C. Korkmaz,GALATASARAY MCT TECHNIC,GSM,C. Korkmaz,8,,,,,,SUB,out,GALATASARAY MCT TECHNIC substitution out,,,,,,,,,0,66,2.0,,0,24,0,24
08:13,08:13:00,24,24,0,2,2,REGULAR,103,J. PALMER JR,1,substitution,182,,[],in,0,12,James Alfred,Palmer Jr,James Alfred,Palmer Jr,J,P,J,P,J. Palmer Jr,GALATASARAY MCT TECHNIC,GSM,J. Palmer Jr,12,,,,,,SUB,in,GALATASARAY MCT TECHNIC substitution in,,,,,,,,,0,66,2.0,,0,24,0,24
08:13,08:13:00,24,24,0,1,2,REGULAR,70,U. UTOMI,1,substitution,183,,[],out,0,8,Uzodinma,Utomi,Uzodinma,Utomi,U,U,U,U,U. Utomi,ALIAGA PETKIM SPOR,PTK,U. Utomi,8,,,,,,SUB,out,ALIAGA PETKIM SPOR substitution out,,,,,,,,,0,66,2.0,,0,24,0,24
08:13,08:13:00,24,24,0,1,2,REGULAR,67,D. EFIANAYI JR,1,substitution,184,,[],in,0,4,David Tinsley Eghosa,Efianayi Jr,David Tinsley Eghosa,Efianayi Jr,D,E,D,E,D. Efianayi Jr,ALIAGA PETKIM SPOR,PTK,D. Efianayi Jr,4,,,,,,SUB,in,ALIAGA PETKIM SPOR substitution in,,,,,,,,,0,66,2.0,,0,24,0,24
08:04,08:04:00,24,24,0,1,2,REGULAR,67,D. EFIANAYI JR,1,foul,187,,[],personal,0,4,David Tinsley Eghosa,Efianayi Jr,David Tinsley Eghosa,Efianayi Jr,D,E,D,E,D. Efianayi Jr,ALIAGA PETKIM SPOR,PTK,D. Efianayi Jr,4,,,,,,FOUL,,ALIAGA PETKIM SPOR D. EFIANAYI JR foul personal,,,,,,,,,0,66,2.0,,0,24,0,24
08:04,08:04:00,24,24,0,2,2,REGULAR,108,C. BISHOP,1,foulon,188,187,[],,0,13,Christian Angelo ,Bishop,Christian Angelo ,Bishop,C,B,C,B,C. Bishop,GALATASARAY MCT TECHNIC,GSM,C. Bishop,13,,,,,,OTHER,,GALATASARAY MCT TECHNIC foulon,,,,,,,,,0,66,2.0,,0,24,0,24
07:54,07:54:00,24,24,0,2,2,REGULAR,107,R. MEEKS,0,3pt,190,,['fromturnover'],jumpshot,1,9,Robinson Jr,Meeks,Robinson Jr,Meeks,R,M,R,M,R. Meeks,GALATASARAY MCT TECHNIC,GSM,R. Meeks,9,,,94.26000213623,4.6300001144409,0.0,P3,missed,GALATASARAY MCT TECHNIC R. MEEKS 3Pt missed,,,,,,,,,0,66,2.0,,0,24,0,24
07:52,07:52:00,24,24,0,2,2,REGULAR,108,C. BISHOP,1,rebound,191,190,[],offensive,0,13,Christian Angelo ,Bishop,Christian Angelo ,Bishop,C,B,C,B,C. Bishop,GALATASARAY MCT TECHNIC,GSM,C. Bishop,13,,,,,,REB,,GALATASARAY MCT TECHNIC rebound offensive,,,,,,,,,0,66,2.0,,0,24,0,24
07:51,07:51:00,24,26,-2,2,2,REGULAR,107,R. MEEKS,1,2pt,192,,"['2ndchance', 'fromturnover', 'pointsinthepaint']",jumpshot,1,9,Robinson Jr,Meeks,Robinson Jr,Meeks,R,M,R,M,R. Meeks,GALATASARAY MCT TECHNIC,GSM,R. Meeks,9,,,90.669998168945,48.700000762939,1.0,P2,made,GALATASARAY MCT TECHNIC R. MEEKS 2Pt made,108.0,2.0,C. BISHOP,,,,,,2,66,2.0,score,0,24,2,26
07:51,07:51:00,24,26,-2,2,2,REGULAR,108,C. BISHOP,1,assist,193,192,[],,0,13,Christian Angelo ,Bishop,Christian Angelo ,Bishop,C,B,C,B,C. Bishop,GALATASARAY MCT TECHNIC,GSM,C. Bishop,13,,,,,,ASS,,GALATASARAY MCT TECHNIC C. BISHOP assist,,,,,,,,,0,67,1.0,,0,24,0,26
07:33,07:33:00,27,26,1,1,2,REGULAR,67,D. EFIANAYI JR,1,3pt,196,,[],jumpshot,1,4,David Tinsley Eghosa,Efianayi Jr,David Tinsley Eghosa,Efianayi Jr,D,E,D,E,D. Efianayi Jr,ALIAGA PETKIM SPOR,PTK,D. Efianayi Jr,4,,,28.270000457764,25.819999694824,1.0,P3,made,ALIAGA PETKIM SPOR D. EFIANAYI JR 3Pt made,,,,,,,,,3,67,1.0,score,3,27,0,26
07:11,07:11:00,27,26,1,2,2,REGULAR,102,E. MC COLLUM,0,2pt,197,,[],turnaroundjumpshot,1,3,Errick,Mc Collum,Errick,Mc Collum,E,M,E,M,E. Mc Collum,GALATASARAY MCT TECHNIC,GSM,E. Mc Collum,3,,,95.980003356934,28.360000610352,0.0,P2,missed,GALATASARAY MCT TECHNIC E. MC COLLUM 2Pt missed,,,,,,,,,0,68,2.0,def_reb,0,27,0,26
07:09,07:09:00,27,26,1,1,2,REGULAR,67,D. EFIANAYI JR,1,rebound,199,197,[],defensive,0,4,David Tinsley Eghosa,Efianayi Jr,David Tinsley Eghosa,Efianayi Jr,D,E,D,E,D. Efianayi Jr,ALIAGA PETKIM SPOR,PTK,D. Efianayi Jr,4,,,,,,REB,,ALIAGA PETKIM SPOR rebound defensive,,,,,,,,,0,69,1.0,def_reb,0,27,0,26
07:09,07:09:00,27,26,1,2,2,REGULAR,103,J. PALMER JR,1,foul,200,,[],personal,0,12,James Alfred,Palmer Jr,James Alfred,Palmer Jr,J,P,J,P,J. Palmer Jr,GALATASARAY MCT TECHNIC,GSM,J. Palmer Jr,12,,,,,,FOUL,,GALATASARAY MCT TECHNIC J. PALMER JR foul personal,,,,,,,,,0,70,2.0,,0,27,0,26
07:09,07:09:00,27,26,1,1,2,REGULAR,67,D. EFIANAYI JR,1,foulon,201,200,[],,0,4,David Tinsley Eghosa,Efianayi Jr,David Tinsley Eghosa,Efianayi Jr,D,E,D,E,D. Efianayi Jr,ALIAGA PETKIM SPOR,PTK,D. Efianayi Jr,4,,,,,,OTHER,,ALIAGA PETKIM SPOR foulon,,,,,,,,,0,70,2.0,,0,27,0,26
07:09,07:09:00,27,26,1,2,2,REGULAR,108,C. BISHOP,1,substitution,202,,[],out,0,13,Christian Angelo ,Bishop,Christian Angelo ,Bishop,C,B,C,B,C. Bishop,GALATASARAY MCT TECHNIC,GSM,C. Bishop,13,,,,,,SUB,out,GALATASARAY MCT TECHNIC substitution out,,,,,,,,,0,70,2.0,,0,27,0,26
07:09,07:09:00,27,26,1,2,2,REGULAR,99,M. YASAR,1,substitution,203,,[],in,0,77,Muhsin,Yasar,Muhsin,Yasar,M,Y,M,Y,M. Yasar,GALATASARAY MCT TECHNIC,GSM,M. Yasar,77,,,,,,SUB,in,GALATASARAY MCT TECHNIC substitution in,,,,,,,,,0,70,2.0,,0,27,0,26
07:09,07:09:00,27,26,1,1,2,REGULAR,45,B. GÜLER,1,substitution,204,,[],out,0,2,Boran,Güler,Boran,Güler,B,G,B,G,B. Güler,ALIAGA PETKIM SPOR,PTK,B. Güler,2,,,,,,SUB,out,ALIAGA PETKIM SPOR substitution out,,,,,,,,,0,70,2.0,,0,27,0,26
07:09,07:09:00,27,26,1,1,2,REGULAR,42,Y. SONSIRMA,1,substitution,205,,[],in,0,9,Yunus Emre,Sonsirma,Yunus Emre,Sonsirma,Y,S,Y,S,Y. Sonsirma,ALIAGA PETKIM SPOR,PTK,Y. Sonsirma,9,,,,,,SUB,in,ALIAGA PETKIM SPOR substitution in,,,,,,,,,0,70,2.0,,0,27,0,26
06:55,06:55:00,29,26,3,1,2,REGULAR,66,J. FLOYD,1,2pt,207,,['pointsinthepaint'],alleyoopdunk,1,20,Jehyve Jamal,Floyd,Jehyve Jamal,Floyd,J,F,J,F,J. Floyd,ALIAGA PETKIM SPOR,PTK,J. Floyd,20,,,8.460000038147,53.220001220703,1.0,P2,made,ALIAGA PETKIM SPOR J. FLOYD 2Pt made,42.0,1.0,Y. SONSIRMA,,,,,,2,70,2.0,score,2,29,0,26
06:55,06:55:00,29,26,3,1,2,REGULAR,42,Y. SONSIRMA,1,assist,208,207,[],,0,9,Yunus Emre,Sonsirma,Yunus Emre,Sonsirma,Y,S,Y,S,Y. Sonsirma,ALIAGA PETKIM SPOR,PTK,Y. Sonsirma,9,,,,,,ASS,,ALIAGA PETKIM SPOR Y. SONSIRMA assist,,,,,,,,,0,71,1.0,,0,29,0,26
06:35,06:35:00,29,28,1,2,2,REGULAR,102,E. MC COLLUM,1,2pt,209,,[],turnaroundjumpshot,1,3,Errick,Mc Collum,Errick,Mc Collum,E,M,E,M,E. Mc Collum,GALATASARAY MCT TECHNIC,GSM,E. Mc Collum,3,,,94.569999694824,29.489999771118,1.0,P2,made,GALATASARAY MCT TECHNIC E. MC COLLUM 2Pt made,,,,,,,,,2,71,1.0,score,0,29,2,28
06:20,06:20:00,31,28,3,1,2,REGULAR,66,J. FLOYD,1,2pt,210,,['pointsinthepaint'],dunk,1,20,Jehyve Jamal,Floyd,Jehyve Jamal,Floyd,J,F,J,F,J. Floyd,ALIAGA PETKIM SPOR,PTK,J. Floyd,20,,,6.2699999809265,47.569999694824,1.0,P2,made,ALIAGA PETKIM SPOR J. FLOYD 2Pt made,68.0,1.0,Y. FRANKE,,,,,,2,72,2.0,score,2,31,0,28
06:20,06:20:00,31,28,3,1,2,REGULAR,68,Y. FRANKE,1,assist,211,210,[],,0,5,Yannick Ayrton,Franke,Yannick Ayrton,Franke,Y,F,Y,F,Y. Franke,ALIAGA PETKIM SPOR,PTK,Y. Franke,5,,,,,,ASS,,ALIAGA PETKIM SPOR Y. FRANKE assist,,,,,,,,,0,73,1.0,,0,31,0,28
06:03,06:03:00,31,30,1,2,2,REGULAR,102,E. MC COLLUM,1,2pt,212,,[],jumpshot,1,3,Errick,Mc Collum,Errick,Mc Collum,E,M,E,M,E. Mc Collum,GALATASARAY MCT TECHNIC,GSM,E. Mc Collum,3,,,80.059997558594,24.120000839233,1.0,P2,made,GALATASARAY MCT TECHNIC E. MC COLLUM 2Pt made,,,,,,,,,2,73,1.0,score,0,31,2,30
05:40,05:40:00,33,30,3,1,2,REGULAR,66,J. FLOYD,1,2pt,213,,['pointsinthepaint'],drivinglayup,1,20,Jehyve Jamal,Floyd,Jehyve Jamal,Floyd,J,F,J,F,J. Floyd,ALIAGA PETKIM SPOR,PTK,J. Floyd,20,,,8.6099996566772,44.180000305176,1.0,P2,made,ALIAGA PETKIM SPOR J. FLOYD 2Pt made,42.0,1.0,Y. SONSIRMA,,,,,,2,74,2.0,score,2,33,0,30
05:40,05:40:00,33,30,3,1,2,REGULAR,42,Y. SONSIRMA,1,assist,214,213,[],,0,9,Yunus Emre,Sonsirma,Yunus Emre,Sonsirma,Y,S,Y,S,Y. Sonsirma,ALIAGA PETKIM SPOR,PTK,Y. Sonsirma,9,,,,,,ASS,,ALIAGA PETKIM SPOR Y. SONSIRMA assist,,,,,,,,,0,75,1.0,,0,33,0,30
05:27,05:27:00,33,30,3,2,2,REGULAR,102,E. MC COLLUM,0,2pt,216,,[],jumpshot,1,3,Errick,Mc Collum,Errick,Mc Collum,E,M,E,M,E. Mc Collum,GALATASARAY MCT TECHNIC,GSM,E. Mc Collum,3,,,74.449996948242,32.880001068115,0.0,P2,missed,GALATASARAY MCT TECHNIC E. MC COLLUM 2Pt missed,,,,,,,,,0,75,1.0,def_reb,0,33,0,30
05:27,05:27:00,33,30,3,1,2,REGULAR,0,,1,rebound,217,216,['team'],defensive,0,,,,,,,,,,,ALIAGA PETKIM SPOR,PTK,,,,,,,,TREB,,ALIAGA PETKIM SPOR team rebound defensive,,,,,,,,,0,76,2.0,def_reb,0,33,0,30
05:27,05:27:00,33,30,3,1,2,REGULAR,66,J. FLOYD,1,substitution,218,,[],out,0,20,Jehyve Jamal,Floyd,Jehyve Jamal,Floyd,J,F,J,F,J. Floyd,ALIAGA PETKIM SPOR,PTK,J. Floyd,20,,,,,,SUB,out,ALIAGA PETKIM SPOR substitution out,,,,,,,,,0,77,1.0,,0,33,0,30
05:27,05:27:00,33,30,3,1,2,REGULAR,64,M. SAJUS,1,substitution,219,,[],in,0,19,Martynas,Sajus,Martynas,Sajus,M,S,M,S,M. Sajus,ALIAGA PETKIM SPOR,PTK,M. Sajus,19,,,,,,SUB,in,ALIAGA PETKIM SPOR substitution in,,,,,,,,,0,77,1.0,,0,33,0,30
05:27,05:27:00,33,30,3,2,2,REGULAR,38,A. TUNCER,1,substitution,220,,[],out,0,19,Ahmet Bugrahan,Tuncer,Ahmet Bugrahan,Tuncer,A,T,A,T,A. Tuncer,GALATASARAY MCT TECHNIC,GSM,A. Tuncer,19,,,,,,SUB,out,GALATASARAY MCT TECHNIC substitution out,,,,,,,,,0,77,1.0,,0,33,0,30
05:27,05:27:00,33,30,3,2,2,REGULAR,109,W. CUMMINGS,1,substitution,221,,[],in,0,7,William,Cummings,William,Cummings,W,C,W,C,W. Cummings,GALATASARAY MCT TECHNIC,GSM,W. Cummings,7,,,,,,SUB,in,GALATASARAY MCT TECHNIC substitution in,,,,,,,,,0,77,1.0,,0,33,0,30
05:10,05:10:00,33,30,3,1,2,REGULAR,65,R. BLUMBERGS,0,3pt,223,,[],jumpshot,1,6,Roberts,Blumbergs,Roberts,Blumbergs,R,B,R,B,R. Blumbergs,ALIAGA PETKIM SPOR,PTK,R. Blumbergs,6,,,22.030000686646,92.48999786377,0.0,P3,missed,ALIAGA PETKIM SPOR R. BLUMBERGS 3Pt missed,,,,,,,,,0,77,1.0,def_reb,0,33,0,30
05:08,05:08:00,33,30,3,2,2,REGULAR,99,M. YASAR,1,rebound,224,223,[],defensive,0,77,Muhsin,Yasar,Muhsin,Yasar,M,Y,M,Y,M. Yasar,GALATASARAY MCT TECHNIC,GSM,M. Yasar,77,,,,,,REB,,GALATASARAY MCT TECHNIC rebound defensive,,,,,,,,,0,78,2.0,def_reb,0,33,0,30
04:47,04:47:00,33,30,3,2,2,REGULAR,109,W. CUMMINGS,0,3pt,225,,[],jumpshot,1,7,William,Cummings,William,Cummings,W,C,W,C,W. Cummings,GALATASARAY MCT TECHNIC,GSM,W. Cummings,7,,,78.349998474121,90.51000213623,0.0,P3,missed,GALATASARAY MCT TECHNIC W. CUMMINGS 3Pt missed,,,,,,,,,0,79,1.0,def_reb,0,33,0,30
04:45,04:45:00,33,30,3,1,2,REGULAR,65,R. BLUMBERGS,1,rebound,226,225,[],defensive,0,6,Roberts,Blumbergs,Roberts,Blumbergs,R,B,R,B,R. Blumbergs,ALIAGA PETKIM SPOR,PTK,R. Blumbergs,6,,,,,,REB,,ALIAGA PETKIM SPOR rebound defensive,,,,,,,,,0,80,2.0,def_reb,0,33,0,30
04:37,04:37:00,35,30,5,1,2,REGULAR,67,D. EFIANAYI JR,1,2pt,227,,['pointsinthepaint'],drivinglayup,1,4,David Tinsley Eghosa,Efianayi Jr,David Tinsley Eghosa,Efianayi Jr,D,E,D,E,D. Efianayi Jr,ALIAGA PETKIM SPOR,PTK,D. Efianayi Jr,4,,,8.1400003433228,52.369998931885,1.0,P2,made,ALIAGA PETKIM SPOR D. EFIANAYI JR 2Pt made,,,,,,,,,2,81,1.0,score,2,35,0,30
04:36,04:36:00,35,30,5,2,2,REGULAR,0,,1,timeout,229,,[],full,0,,,,,,,,,,,GALATASARAY MCT TECHNIC,GSM,,,,,,,,TIMEOUT,,GALATASARAY MCT TECHNIC timeout,,,,,,,,,0,82,2.0,,0,35,0,30
04:17,04:17:00,35,30,5,2,2,REGULAR,103,J. PALMER JR,0,2pt,231,,['pointsinthepaint'],jumpshot,1,12,James Alfred,Palmer Jr,James Alfred,Palmer Jr,J,P,J,P,J. Palmer Jr,GALATASARAY MCT TECHNIC,GSM,J. Palmer Jr,12,,,87.709999084473,61.979999542236,0.0,P2,missed,GALATASARAY MCT TECHNIC J. PALMER JR 2Pt missed,,,,,,,,,0,82,2.0,,0,35,0,30
04:14,04:14:00,35,30,5,2,2,REGULAR,102,E. MC COLLUM,1,rebound,232,231,[],offensive,0,3,Errick,Mc Collum,Errick,Mc Collum,E,M,E,M,E. Mc Collum,GALATASARAY MCT TECHNIC,GSM,E. Mc Collum,3,,,,,,REB,,GALATASARAY MCT TECHNIC rebound offensive,,,,,,,,,0,82,2.0,,0,35,0,30
04:14,04:14:00,35,32,3,2,2,REGULAR,102,E. MC COLLUM,1,2pt,233,,"['2ndchance', 'pointsinthepaint']",tipinlayup,1,3,Errick,Mc Collum,Errick,Mc Collum,E,M,E,M,E. Mc Collum,GALATASARAY MCT TECHNIC,GSM,E. Mc Collum,3,,,94.0,50.0,1.0,P2,made,GALATASARAY MCT TECHNIC E. MC COLLUM 2Pt made,,,,,,,,,2,82,2.0,score,0,35,2,32
03:57,03:57:00,38,32,6,1,2,REGULAR,68,Y. FRANKE,1,3pt,234,,[],jumpshot,1,5,Yannick Ayrton,Franke,Yannick Ayrton,Franke,Y,F,Y,F,Y. Franke,ALIAGA PETKIM SPOR,PTK,Y. Franke,5,,,22.64999961853,94.180000305176,1.0,P3,made,ALIAGA PETKIM SPOR Y. FRANKE 3Pt made,67.0,1.0,D. EFIANAYI JR,,,,,,3,83,1.0,score,3,38,0,32
03:57,03:57:00,38,32,6,1,2,REGULAR,67,D. EFIANAYI JR,1,assist,235,234,[],,0,4,David Tinsley Eghosa,Efianayi Jr,David Tinsley Eghosa,Efianayi Jr,D,E,D,E,D. Efianayi Jr,ALIAGA PETKIM SPOR,PTK,D. Efianayi Jr,4,,,,,,ASS,,ALIAGA PETKIM SPOR D. EFIANAYI JR assist,,,,,,,,,0,84,2.0,,0,38,0,32
03:35,03:35:00,38,32,6,2,2,REGULAR,102,E. MC COLLUM,0,3pt,236,,[],jumpshot,1,3,Errick,Mc Collum,Errick,Mc Collum,E,M,E,M,E. Mc Collum,GALATASARAY MCT TECHNIC,GSM,E. Mc Collum,3,,,65.550003051758,58.310001373291,0.0,P3,missed,GALATASARAY MCT TECHNIC E. MC COLLUM 3Pt missed,,,,,,,,,0,84,2.0,def_reb,0,38,0,32
03:32,03:32:00,38,32,6,1,2,REGULAR,42,Y. SONSIRMA,1,rebound,237,236,[],defensive,0,9,Yunus Emre,Sonsirma,Yunus Emre,Sonsirma,Y,S,Y,S,Y. Sonsirma,ALIAGA PETKIM SPOR,PTK,Y. Sonsirma,9,,,,,,REB,,ALIAGA PETKIM SPOR rebound defensive,,,,,,,,,0,85,1.0,def_reb,0,38,0,32
03:30,03:30:00,40,32,8,1,2,REGULAR,64,M. SAJUS,1,2pt,238,,"['pointsinthepaint', 'fastbreak']",drivinglayup,1,19,Martynas,Sajus,Martynas,Sajus,M,S,M,S,M. Sajus,ALIAGA PETKIM SPOR,PTK,M. Sajus,19,,,8.460000038147,49.549999237061,1.0,P2,made,ALIAGA PETKIM SPOR M. SAJUS 2Pt made,42.0,1.0,Y. SONSIRMA,,,,,,2,86,2.0,score,2,40,0,32
03:30,03:30:00,40,32,8,1,2,REGULAR,42,Y. SONSIRMA,1,assist,239,238,[],,0,9,Yunus Emre,Sonsirma,Yunus Emre,Sonsirma,Y,S,Y,S,Y. Sonsirma,ALIAGA PETKIM SPOR,PTK,Y. Sonsirma,9,,,,,,ASS,,ALIAGA PETKIM SPOR Y. SONSIRMA assist,,,,,,,,,0,87,1.0,,0,40,0,32
03:09,03:09:00,40,32,8,2,2,REGULAR,107,R. MEEKS,0,2pt,240,,['pointsinthepaint'],jumpshot,1,9,Robinson Jr,Meeks,Robinson Jr,Meeks,R,M,R,M,R. Meeks,GALATASARAY MCT TECHNIC,GSM,R. Meeks,9,,,82.25,53.790000915527,0.0,P2,missed,GALATASARAY MCT TECHNIC R. MEEKS 2Pt missed,,,,,,,,,0,87,1.0,def_reb,0,40,0,32
03:07,03:07:00,40,32,8,1,2,REGULAR,42,Y. SONSIRMA,1,rebound,241,240,[],defensive,0,9,Yunus Emre,Sonsirma,Yunus Emre,Sonsirma,Y,S,Y,S,Y. Sonsirma,ALIAGA PETKIM SPOR,PTK,Y. Sonsirma,9,,,,,,REB,,ALIAGA PETKIM SPOR rebound defensive,,,,,,,,,0,88,2.0,def_reb,0,40,0,32
03:01,03:01:00,40,32,8,1,2,REGULAR,68,Y. FRANKE,0,2pt,243,,[],jumpshot,1,5,Yannick Ayrton,Franke,Yannick Ayrton,Franke,Y,F,Y,F,Y. Franke,ALIAGA PETKIM SPOR,PTK,Y. Franke,5,,,5.1799998283386,74.690002441406,0.0,P2,missed,ALIAGA PETKIM SPOR Y. FRANKE 2Pt missed,,,,,,,,,0,89,1.0,def_reb,0,40,0,32
03:01,03:01:00,40,32,8,2,2,REGULAR,0,,1,rebound,244,243,['team'],defensive,0,,,,,,,,,,,GALATASARAY MCT TECHNIC,GSM,,,,,,,,TREB,,GALATASARAY MCT TECHNIC team rebound defensive,,,,,,,,,0,90,2.0,def_reb,0,40,0,32
03:01,03:01:00,40,32,8,1,2,REGULAR,64,M. SAJUS,1,foul,245,,[],personal,0,19,Martynas,Sajus,Martynas,Sajus,M,S,M,S,M. Sajus,ALIAGA PETKIM SPOR,PTK,M. Sajus,19,,,,,,FOUL,,ALIAGA PETKIM SPOR M. SAJUS foul personal,,,,,,,,,0,91,1.0,,0,40,0,32
03:01,03:01:00,40,32,8,2,2,REGULAR,99,M. YASAR,1,foulon,246,245,[],,0,77,Muhsin,Yasar,Muhsin,Yasar,M,Y,M,Y,M. Yasar,GALATASARAY MCT TECHNIC,GSM,M. Yasar,77,,,,,,OTHER,,GALATASARAY MCT TECHNIC foulon,,,,,,,,,0,91,1.0,,0,40,0,32
03:01,03:01:00,40,32,8,2,2,REGULAR,102,E. MC COLLUM,1,substitution,247,,[],out,0,3,Errick,Mc Collum,Errick,Mc Collum,E,M,E,M,E. Mc Collum,GALATASARAY MCT TECHNIC,GSM,E. Mc Collum,3,,,,,,SUB,out,GALATASARAY MCT TECHNIC substitution out,,,,,,,,,0,91,1.0,,0,40,0,32
03:01,03:01:00,40,32,8,2,2,REGULAR,107,R. MEEKS,1,substitution,248,,[],out,0,9,Robinson Jr,Meeks,Robinson Jr,Meeks,R,M,R,M,R. Meeks,GALATASARAY MCT TECHNIC,GSM,R. Meeks,9,,,,,,SUB,out,GALATASARAY MCT TECHNIC substitution out,,,,,,,,,0,91,1.0,,0,40,0,32
03:01,03:01:00,40,32,8,2,2,REGULAR,99,M. YASAR,1,substitution,249,,[],out,0,77,Muhsin,Yasar,Muhsin,Yasar,M,Y,M,Y,M. Yasar,GALATASARAY MCT TECHNIC,GSM,M. Yasar,77,,,,,,SUB,out,GALATASARAY MCT TECHNIC substitution out,,,,,,,,,0,91,1.0,,0,40,0,32
03:01,03:01:00,40,32,8,2,2,REGULAR,70,R. ÖNCEL,1,substitution,250,,[],in,0,10,Ridvan,Öncel,Ridvan,Öncel,R,Ö,R,Ö,R. Öncel,GALATASARAY MCT TECHNIC,GSM,R. Öncel,10,,,,,,SUB,in,GALATASARAY MCT TECHNIC substitution in,,,,,,,,,0,91,1.0,,0,40,0,32
03:01,03:01:00,40,32,8,2,2,REGULAR,105,F. GILLESPIE II,1,substitution,251,,[],in,0,33,Frederick Maurice ,Gillespie Ii,Frederick Maurice ,Gillespie Ii,F,G,F,G,F. Gillespie Ii,GALATASARAY MCT TECHNIC,GSM,F. Gillespie Ii,33,,,,,,SUB,in,GALATASARAY MCT TECHNIC substitution in,,,,,,,,,0,91,1.0,,0,40,0,32
03:01,03:01:00,40,32,8,2,2,REGULAR,104,F. WHITE JR,1,substitution,252,,[],in,0,35,Fabian Christopher,White Jr,Fabian Christopher,White Jr,F,W,F,W,F. White Jr,GALATASARAY MCT TECHNIC,GSM,F. White Jr,35,,,,,,SUB,in,GALATASARAY MCT TECHNIC substitution in,,,,,,,,,0,91,1.0,,0,40,0,32
02:51,02:51:00,40,35,5,2,2,REGULAR,103,J. PALMER JR,1,3pt,254,,[],jumpshot,1,12,James Alfred,Palmer Jr,James Alfred,Palmer Jr,J,P,J,P,J. Palmer Jr,GALATASARAY MCT TECHNIC,GSM,J. Palmer Jr,12,,,66.800003051758,72.150001525879,1.0,P3,made,GALATASARAY MCT TECHNIC J. PALMER JR 3Pt made,109.0,2.0,W. CUMMINGS,,,,,,3,91,1.0,score,0,40,3,35
02:51,02:51:00,40,35,5,2,2,REGULAR,109,W. CUMMINGS,1,assist,255,254,[],,0,7,William,Cummings,William,Cummings,W,C,W,C,W. Cummings,GALATASARAY MCT TECHNIC,GSM,W. Cummings,7,,,,,,ASS,,GALATASARAY MCT TECHNIC W. CUMMINGS assist,,,,,,,,,0,92,2.0,,0,40,0,35
02:29,02:29:00,40,35,5,2,2,REGULAR,103,J. PALMER JR,1,foul,257,,[],personal,0,12,James Alfred,Palmer Jr,James Alfred,Palmer Jr,J,P,J,P,J. Palmer Jr,GALATASARAY MCT TECHNIC,GSM,J. Palmer Jr,12,,,,,,FOUL,,GALATASARAY MCT TECHNIC J. PALMER JR foul personal,,,,,,,,,0,92,2.0,,0,40,0,35
02:29,02:29:00,40,35,5,1,2,REGULAR,67,D. EFIANAYI JR,1,foulon,258,257,[],,0,4,David Tinsley Eghosa,Efianayi Jr,David Tinsley Eghosa,Efianayi Jr,D,E,D,E,D. Efianayi Jr,ALIAGA PETKIM SPOR,PTK,D. Efianayi Jr,4,,,,,,OTHER,,ALIAGA PETKIM SPOR foulon,,,,,,,,,0,92,2.0,,0,40,0,35
02:29,02:29:00,40,35,5,2,2,REGULAR,103,J. PALMER JR,1,substitution,259,,[],out,0,12,James Alfred,Palmer Jr,James Alfred,Palmer Jr,J,P,J,P,J. Palmer Jr,GALATASARAY MCT TECHNIC,GSM,J. Palmer Jr,12,,,,,,SUB,out,GALATASARAY MCT TECHNIC substitution out,,,,,,,,,0,92,2.0,,0,40,0,35
02:29,02:29:00,40,35,5,2,2,REGULAR,102,E. MC COLLUM,1,substitution,260,,[],in,0,3,Errick,Mc Collum,Errick,Mc Collum,E,M,E,M,E. Mc Collum,GALATASARAY MCT TECHNIC,GSM,E. Mc Collum,3,,,,,,SUB,in,GALATASARAY MCT TECHNIC substitution in,,,,,,,,,0,92,2.0,,0,40,0,35
02:21,02:21:00,43,35,8,1,2,REGULAR,65,R. BLUMBERGS,1,3pt,262,,[],jumpshot,1,6,Roberts,Blumbergs,Roberts,Blumbergs,R,B,R,B,R. Blumbergs,ALIAGA PETKIM SPOR,PTK,R. Blumbergs,6,,,25.459999084473,83.730003356934,1.0,P3,made,ALIAGA PETKIM SPOR R. BLUMBERGS 3Pt made,67.0,1.0,D. EFIANAYI JR,,,,,,3,92,2.0,score,3,43,0,35
02:21,02:21:00,43,35,8,1,2,REGULAR,67,D. EFIANAYI JR,1,assist,263,262,[],,0,4,David Tinsley Eghosa,Efianayi Jr,David Tinsley Eghosa,Efianayi Jr,D,E,D,E,D. Efianayi Jr,ALIAGA PETKIM SPOR,PTK,D. Efianayi Jr,4,,,,,,ASS,,ALIAGA PETKIM SPOR D. EFIANAYI JR assist,,,,,,,,,0,93,1.0,,0,43,0,35
01:52,01:52:00,43,37,6,2,2,REGULAR,102,E. MC COLLUM,1,2pt,266,,[],jumpshot,1,3,Errick,Mc Collum,Errick,Mc Collum,E,M,E,M,E. Mc Collum,GALATASARAY MCT TECHNIC,GSM,E. Mc Collum,3,,,93.949996948242,15.930000305176,1.0,P2,made,GALATASARAY MCT TECHNIC E. MC COLLUM 2Pt made,,,,,,,,,2,93,1.0,score,0,43,2,37
01:41,01:41:00,43,37,6,1,2,REGULAR,65,R. BLUMBERGS,1,turnover,268,,[],outofbounds,0,6,Roberts,Blumbergs,Roberts,Blumbergs,R,B,R,B,R. Blumbergs,ALIAGA PETKIM SPOR,PTK,R. Blumbergs,6,,,,,,TO,,ALIAGA PETKIM SPOR R. BLUMBERGS turnover outofbounds,,,,,,,,,0,94,2.0,turnover,0,43,0,37
01:41,01:41:00,43,37,6,1,2,REGULAR,67,D. EFIANAYI JR,1,substitution,269,,[],out,0,4,David Tinsley Eghosa,Efianayi Jr,David Tinsley Eghosa,Efianayi Jr,D,E,D,E,D. Efianayi Jr,ALIAGA PETKIM SPOR,PTK,D. Efianayi Jr,4,,,,,,SUB,out,ALIAGA PETKIM SPOR substitution out,,,,,,,,,0,95,1.0,,0,43,0,37
01:41,01:41:00,43,37,6,1,2,REGULAR,70,U. UTOMI,1,substitution,270,,[],in,0,8,Uzodinma,Utomi,Uzodinma,Utomi,U,U,U,U,U. Utomi,ALIAGA PETKIM SPOR,PTK,U. Utomi,8,,,,,,SUB,in,ALIAGA PETKIM SPOR substitution in,,,,,,,,,0,95,1.0,,0,43,0,37
01:41,01:41:00,43,37,6,1,2,REGULAR,0,,1,headcoachchallenge,271,,['rejected'],outofbounds,0,,,,,,,,,,,ALIAGA PETKIM SPOR,PTK,,,,,,,,OTHER,,ALIAGA PETKIM SPOR headcoachchallenge outofbounds,,,,,,,,,0,95,1.0,,0,43,0,37
01:41,01:41:00,43,37,6,2,2,REGULAR,70,R. ÖNCEL,1,substitution,272,,[],out,0,10,Ridvan,Öncel,Ridvan,Öncel,R,Ö,R,Ö,R. Öncel,GALATASARAY MCT TECHNIC,GSM,R. Öncel,10,,,,,,SUB,out,GALATASARAY MCT TECHNIC substitution out,,,,,,,,,0,95,1.0,,0,43,0,37
01:41,01:41:00,43,37,6,2,2,REGULAR,38,A. TUNCER,1,substitution,273,,[],in,0,19,Ahmet Bugrahan,Tuncer,Ahmet Bugrahan,Tuncer,A,T,A,T,A. Tuncer,GALATASARAY MCT TECHNIC,GSM,A. Tuncer,19,,,,,,SUB,in,GALATASARAY MCT TECHNIC substitution in,,,,,,,,,0,95,1.0,,0,43,0,37
01:22,01:22:00,43,37,6,2,2,REGULAR,104,F. WHITE JR,0,2pt,275,,"['fromturnover', 'pointsinthepaint']",turnaroundjumpshot,1,35,Fabian Christopher,White Jr,Fabian Christopher,White Jr,F,W,F,W,F. White Jr,GALATASARAY MCT TECHNIC,GSM,F. White Jr,35,,,90.669998168945,41.919998168945,0.0,P2,missed,GALATASARAY MCT TECHNIC F. WHITE JR 2Pt missed,,,,,,,,,0,95,1.0,,0,43,0,37
01:18,01:18:00,43,37,6,2,2,REGULAR,105,F. GILLESPIE II,1,rebound,276,275,[],offensive,0,33,Frederick Maurice ,Gillespie Ii,Frederick Maurice ,Gillespie Ii,F,G,F,G,F. Gillespie Ii,GALATASARAY MCT TECHNIC,GSM,F. Gillespie Ii,33,,,,,,REB,,GALATASARAY MCT TECHNIC rebound offensive,,,,,,,,,0,95,1.0,,0,43,0,37
01:18,01:18:00,43,37,6,2,2,REGULAR,105,F. GILLESPIE II,0,2pt,278,,"['2ndchance', 'fromturnover', 'pointsinthepaint']",jumpshot,1,33,Frederick Maurice ,Gillespie Ii,Frederick Maurice ,Gillespie Ii,F,G,F,G,F. Gillespie Ii,GALATASARAY MCT TECHNIC,GSM,F. Gillespie Ii,33,,,89.110000610352,52.090000152588,0.0,P2,missed,GALATASARAY MCT TECHNIC F. GILLESPIE II 2Pt missed,,,,,,,,,0,95,1.0,,0,43,0,37
01:18,01:18:00,43,37,6,2,2,REGULAR,104,F. WHITE JR,1,rebound,279,278,[],offensive,0,35,Fabian Christopher,White Jr,Fabian Christopher,White Jr,F,W,F,W,F. White Jr,GALATASARAY MCT TECHNIC,GSM,F. White Jr,35,,,,,,REB,,GALATASARAY MCT TECHNIC rebound offensive,,,,,,,,,0,95,1.0,,0,43,0,37
01:18,01:18:00,43,37,6,2,2,REGULAR,104,F. WHITE JR,1,turnover,280,,[],travel,0,35,Fabian Christopher,White Jr,Fabian Christopher,White Jr,F,W,F,W,F. White Jr,GALATASARAY MCT TECHNIC,GSM,F. White Jr,35,,,,,,TO,,GALATASARAY MCT TECHNIC F. WHITE JR turnover travel,,,,,,,,,0,95,1.0,turnover,0,43,0,37
01:05,01:05:00,43,37,6,1,2,REGULAR,68,Y. FRANKE,0,3pt,284,,['fromturnover'],jumpshot,1,5,Yannick Ayrton,Franke,Yannick Ayrton,Franke,Y,F,Y,F,Y. Franke,ALIAGA PETKIM SPOR,PTK,Y. Franke,5,,,26.239999771118,15.930000305176,0.0,P3,missed,ALIAGA PETKIM SPOR Y. FRANKE 3Pt missed,,,,,,,,,0,96,2.0,,0,43,0,37
01:03,01:03:00,43,37,6,1,2,REGULAR,65,R. BLUMBERGS,1,rebound,285,284,[],offensive,0,6,Roberts,Blumbergs,Roberts,Blumbergs,R,B,R,B,R. Blumbergs,ALIAGA PETKIM SPOR,PTK,R. Blumbergs,6,,,,,,REB,,ALIAGA PETKIM SPOR rebound offensive,,,,,,,,,0,96,2.0,,0,43,0,37
01:01,01:01:00,43,37,6,1,2,REGULAR,65,R. BLUMBERGS,1,turnover,286,,[],ballhandling,0,6,Roberts,Blumbergs,Roberts,Blumbergs,R,B,R,B,R. Blumbergs,ALIAGA PETKIM SPOR,PTK,R. Blumbergs,6,,,,,,TO,,ALIAGA PETKIM SPOR R. BLUMBERGS turnover ballhandling,,,,,,,,,0,96,2.0,turnover,0,43,0,37
01:01,01:01:00,43,37,6,2,2,REGULAR,105,F. GILLESPIE II,1,steal,287,286,[],,0,33,Frederick Maurice ,Gillespie Ii,Frederick Maurice ,Gillespie Ii,F,G,F,G,F. Gillespie Ii,GALATASARAY MCT TECHNIC,GSM,F. Gillespie Ii,33,,,,,,ST,,GALATASARAY MCT TECHNIC F. GILLESPIE II steal,,,,,,,,,0,97,1.0,,0,43,0,37
00:44,00:44:30,43,37,6,2,2,REGULAR,104,F. WHITE JR,0,2pt,288,,"['fromturnover', 'pointsinthepaint']",jumpshot,1,35,Fabian Christopher,White Jr,Fabian Christopher,White Jr,F,W,F,W,F. White Jr,GALATASARAY MCT TECHNIC,GSM,F. White Jr,35,,,93.01000213623,47.009998321533,0.0,P2,missed,GALATASARAY MCT TECHNIC F. WHITE JR 2Pt missed,,,,,,,,,0,97,1.0,,0,43,0,37
00:42,00:42:30,43,37,6,2,2,REGULAR,38,A. TUNCER,1,rebound,289,288,[],offensive,0,19,Ahmet Bugrahan,Tuncer,Ahmet Bugrahan,Tuncer,A,T,A,T,A. Tuncer,GALATASARAY MCT TECHNIC,GSM,A. Tuncer,19,,,,,,REB,,GALATASARAY MCT TECHNIC rebound offensive,,,,,,,,,0,97,1.0,,0,43,0,37
00:40,00:40:50,43,37,6,2,2,REGULAR,38,A. TUNCER,0,2pt,290,,"['2ndchance', 'fromturnover']",jumpshot,1,19,Ahmet Bugrahan,Tuncer,Ahmet Bugrahan,Tuncer,A,T,A,T,A. Tuncer,GALATASARAY MCT TECHNIC,GSM,A. Tuncer,19,,,77.25,52.369998931885,0.0,P2,missed,GALATASARAY MCT TECHNIC A. TUNCER 2Pt missed,,,,,,,,,0,97,1.0,def_reb,0,43,0,37
00:38,00:38:10,43,37,6,1,2,REGULAR,64,M. SAJUS,1,rebound,291,290,[],defensive,0,19,Martynas,Sajus,Martynas,Sajus,M,S,M,S,M. Sajus,ALIAGA PETKIM SPOR,PTK,M. Sajus,19,,,,,,REB,,ALIAGA PETKIM SPOR rebound defensive,,,,,,,,,0,98,2.0,def_reb,0,43,0,37
00:37,00:37:50,43,37,6,2,2,REGULAR,38,A. TUNCER,1,foul,293,,[],personal,0,19,Ahmet Bugrahan,Tuncer,Ahmet Bugrahan,Tuncer,A,T,A,T,A. Tuncer,GALATASARAY MCT TECHNIC,GSM,A. Tuncer,19,,,,,,FOUL,,GALATASARAY MCT TECHNIC A. TUNCER foul personal,,,,,,,,,0,99,1.0,,0,43,0,37
00:37,00:37:50,43,37,6,1,2,REGULAR,68,Y. FRANKE,1,foulon,294,293,[],,0,5,Yannick Ayrton,Franke,Yannick Ayrton,Franke,Y,F,Y,F,Y. Franke,ALIAGA PETKIM SPOR,PTK,Y. Franke,5,,,,,,OTHER,,ALIAGA PETKIM SPOR foulon,,,,,,,,,0,99,1.0,,0,43,0,37
00:26,00:26:00,43,37,6,1,2,REGULAR,68,Y. FRANKE,0,2pt,296,,"['pointsinthepaint', 'blocked']",jumpshot,1,5,Yannick Ayrton,Franke,Yannick Ayrton,Franke,Y,F,Y,F,Y. Franke,ALIAGA PETKIM SPOR,PTK,Y. Franke,5,,,8.6099996566772,52.090000152588,0.0,P2,missed,ALIAGA PETKIM SPOR Y. FRANKE 2Pt missed,,,,105.0,2.0,F. GILLESPIE II,,,0,99,1.0,,0,43,0,37
00:26,00:26:00,43,37,6,2,2,REGULAR,105,F. GILLESPIE II,1,block,297,296,[],,0,33,Frederick Maurice ,Gillespie Ii,Frederick Maurice ,Gillespie Ii,F,G,F,G,F. Gillespie Ii,GALATASARAY MCT TECHNIC,GSM,F. Gillespie Ii,33,,,,,,BS,,GALATASARAY MCT TECHNIC F. GILLESPIE II block,,,,,,,,,0,99,1.0,,0,43,0,37
00:22,00:22:20,43,37,6,2,2,REGULAR,109,W. CUMMINGS,1,rebound,298,296,[],defensive,0,7,William,Cummings,William,Cummings,W,C,W,C,W. Cummings,GALATASARAY MCT TECHNIC,GSM,W. Cummings,7,,,,,,REB,,GALATASARAY MCT TECHNIC rebound defensive,,,,,,,,,0,99,1.0,def_reb,0,43,0,37
00:00,00:00:40,43,37,6,2,2,REGULAR,109,W. CUMMINGS,0,2pt,299,,['pointsinthepaint'],layup,1,7,William,Cummings,William,Cummings,W,C,W,C,W. Cummings,GALATASARAY MCT TECHNIC,GSM,W. Cummings,7,,,86.769996643066,49.830001831055,0.0,P2,missed,GALATASARAY MCT TECHNIC W. CUMMINGS 2Pt missed,,,,,,,,,0,100,2.0,,0,43,0,37
00:00,00:00:00,43,37,6,0,2,REGULAR,0,,1,period,301,,['confirmed'],end,0,,,,,,,,,,,,,,,,,,,,OTHER,,period end,,,,,,,,,0,100,2.0,,0,43,0,37
10:00,10:00:00,43,37,6,1,3,REGULAR,68,Y. FRANKE,1,substitution,302,,[],out,0,5,Yannick Ayrton,Franke,Yannick Ayrton,Franke,Y,F,Y,F,Y. Franke,ALIAGA PETKIM SPOR,PTK,Y. Franke,5,,,,,,SUB,out,ALIAGA PETKIM SPOR substitution out,,,,,,,,,0,100,2.0,,0,43,0,37
10:00,10:00:00,43,37,6,1,3,REGULAR,67,D. EFIANAYI JR,1,substitution,303,,[],in,0,4,David Tinsley Eghosa,Efianayi Jr,David Tinsley Eghosa,Efianayi Jr,D,E,D,E,D. Efianayi Jr,ALIAGA PETKIM SPOR,PTK,D. Efianayi Jr,4,,,,,,SUB,in,ALIAGA PETKIM SPOR substitution in,,,,,,,,,0,100,2.0,,0,43,0,37
10:00,10:00:00,43,37,6,2,3,REGULAR,102,E. MC COLLUM,1,substitution,304,,[],out,0,3,Errick,Mc Collum,Errick,Mc Collum,E,M,E,M,E. Mc Collum,GALATASARAY MCT TECHNIC,GSM,E. Mc Collum,3,,,,,,SUB,out,GALATASARAY MCT TECHNIC substitution out,,,,,,,,,0,100,2.0,,0,43,0,37
10:00,10:00:00,43,37,6,2,3,REGULAR,38,A. TUNCER,1,substitution,305,,[],out,0,19,Ahmet Bugrahan,Tuncer,Ahmet Bugrahan,Tuncer,A,T,A,T,A. Tuncer,GALATASARAY MCT TECHNIC,GSM,A. Tuncer,19,,,,,,SUB,out,GALATASARAY MCT TECHNIC substitution out,,,,,,,,,0,100,2.0,,0,43,0,37
10:00,10:00:00,43,37,6,2,3,REGULAR,70,R. ÖNCEL,1,substitution,306,,[],in,0,10,Ridvan,Öncel,Ridvan,Öncel,R,Ö,R,Ö,R. Öncel,GALATASARAY MCT TECHNIC,GSM,R. Öncel,10,,,,,,SUB,in,GALATASARAY MCT TECHNIC substitution in,,,,,,,,,0,100,2.0,,0,43,0,37
10:00,10:00:00,43,37,6,2,3,REGULAR,103,J. PALMER JR,1,substitution,307,,[],in,0,12,James Alfred,Palmer Jr,James Alfred,Palmer Jr,J,P,J,P,J. Palmer Jr,GALATASARAY MCT TECHNIC,GSM,J. Palmer Jr,12,,,,,,SUB,in,GALATASARAY MCT TECHNIC substitution in,,,,,,,,,0,100,2.0,,0,43,0,37
10:00,10:00:00,43,37,6,0,3,REGULAR,0,,1,period,308,,[],start,0,,,,,,,,,,,,,,,,,,,,OTHER,,period start,,,,,,,,,0,100,2.0,,0,43,0,37
09:44,09:44:00,43,37,6,1,3,REGULAR,67,D. EFIANAYI JR,1,turnover,310,,[],badpass,0,4,David Tinsley Eghosa,Efianayi Jr,David Tinsley Eghosa,Efianayi Jr,D,E,D,E,D. Efianayi Jr,ALIAGA PETKIM SPOR,PTK,D. Efianayi Jr,4,,,,,,TO,,ALIAGA PETKIM SPOR D. EFIANAYI JR turnover badpass,,,,,,,,,0,100,2.0,turnover,0,43,0,37
09:44,09:44:00,43,37,6,2,3,REGULAR,104,F. WHITE JR,1,steal,311,310,[],,0,35,Fabian Christopher,White Jr,Fabian Christopher,White Jr,F,W,F,W,F. White Jr,GALATASARAY MCT TECHNIC,GSM,F. White Jr,35,,,,,,ST,,GALATASARAY MCT TECHNIC F. WHITE JR steal,,,,,,,,,0,101,1.0,,0,43,0,37
09:38,09:38:00,43,37,6,2,3,REGULAR,103,J. PALMER JR,0,3pt,312,,['fromturnover'],jumpshot,1,12,James Alfred,Palmer Jr,James Alfred,Palmer Jr,J,P,J,P,J. Palmer Jr,GALATASARAY MCT TECHNIC,GSM,J. Palmer Jr,12,,,29.520000457764,73.839996337891,0.0,P3,missed,GALATASARAY MCT TECHNIC J. PALMER JR 3Pt missed,,,,,,,,,0,101,1.0,def_reb,0,43,0,37
09:34,09:34:00,43,37,6,1,3,REGULAR,65,R. BLUMBERGS,1,rebound,313,312,[],defensive,0,6,Roberts,Blumbergs,Roberts,Blumbergs,R,B,R,B,R. Blumbergs,ALIAGA PETKIM SPOR,PTK,R. Blumbergs,6,,,,,,REB,,ALIAGA PETKIM SPOR rebound defensive,,,,,,,,,0,102,2.0,def_reb,0,43,0,37
09:28,09:28:00,43,37,6,1,3,REGULAR,64,M. SAJUS,1,foul,315,,[],offensive,0,19,Martynas,Sajus,Martynas,Sajus,M,S,M,S,M. Sajus,ALIAGA PETKIM SPOR,PTK,M. Sajus,19,,,,,,RFOUL,,ALIAGA PETKIM SPOR M. SAJUS foul offensive,,,,,,,,,0,103,1.0,offensive_foul,0,43,0,37
09:28,09:28:00,43,37,6,1,3,REGULAR,64,M. SAJUS,1,turnover,316,315,[],offensive,0,19,Martynas,Sajus,Martynas,Sajus,M,S,M,S,M. Sajus,ALIAGA PETKIM SPOR,PTK,M. Sajus,19,,,,,,TO,,ALIAGA PETKIM SPOR M. SAJUS turnover offensive,,,,,,,,,0,104,2.0,turnover,0,43,0,37
09:28,09:28:00,43,37,6,2,3,REGULAR,109,W. CUMMINGS,1,foulon,317,315,[],,0,7,William,Cummings,William,Cummings,W,C,W,C,W. Cummings,GALATASARAY MCT TECHNIC,GSM,W. Cummings,7,,,,,,OTHER,,GALATASARAY MCT TECHNIC foulon,,,,,,,,,0,105,1.0,,0,43,0,37
09:08,09:08:00,43,37,6,2,3,REGULAR,105,F. GILLESPIE II,0,2pt,319,,['fromturnover'],turnaroundjumpshot,1,33,Frederick Maurice ,Gillespie Ii,Frederick Maurice ,Gillespie Ii,F,G,F,G,F. Gillespie Ii,GALATASARAY MCT TECHNIC,GSM,F. Gillespie Ii,33,,,21.25,50.959999084473,0.0,P2,missed,GALATASARAY MCT TECHNIC F. GILLESPIE II 2Pt missed,,,,,,,,,0,105,1.0,def_reb,0,43,0,37
09:04,09:04:00,43,37,6,1,3,REGULAR,65,R. BLUMBERGS,1,rebound,320,319,[],defensive,0,6,Roberts,Blumbergs,Roberts,Blumbergs,R,B,R,B,R. Blumbergs,ALIAGA PETKIM SPOR,PTK,R. Blumbergs,6,,,,,,REB,,ALIAGA PETKIM SPOR rebound defensive,,,,,,,,,0,106,2.0,def_reb,0,43,0,37
08:58,08:58:00,45,37,8,1,3,REGULAR,64,M. SAJUS,1,2pt,321,,['pointsinthepaint'],drivinglayup,1,19,Martynas,Sajus,Martynas,Sajus,M,S,M,S,M. Sajus,ALIAGA PETKIM SPOR,PTK,M. Sajus,19,,,91.919998168945,58.590000152588,1.0,P2,made,ALIAGA PETKIM SPOR M. SAJUS 2Pt made,42.0,1.0,Y. SONSIRMA,,,,,,2,107,1.0,score,2,45,0,37
08:58,08:58:00,45,37,8,1,3,REGULAR,42,Y. SONSIRMA,1,assist,322,321,[],,0,9,Yunus Emre,Sonsirma,Yunus Emre,Sonsirma,Y,S,Y,S,Y. Sonsirma,ALIAGA PETKIM SPOR,PTK,Y. Sonsirma,9,,,,,,ASS,,ALIAGA PETKIM SPOR Y. SONSIRMA assist,,,,,,,,,0,108,2.0,,0,45,0,37
08:55,08:55:00,45,37,8,1,3,REGULAR,64,M. SAJUS,1,substitution,326,,[],out,0,19,Martynas,Sajus,Martynas,Sajus,M,S,M,S,M. Sajus,ALIAGA PETKIM SPOR,PTK,M. Sajus,19,,,,,,SUB,out,ALIAGA PETKIM SPOR substitution out,,,,,,,,,0,108,2.0,,0,45,0,37
08:55,08:55:00,45,37,8,1,3,REGULAR,66,J. FLOYD,1,substitution,327,,[],in,0,20,Jehyve Jamal,Floyd,Jehyve Jamal,Floyd,J,F,J,F,J. Floyd,ALIAGA PETKIM SPOR,PTK,J. Floyd,20,,,,,,SUB,in,ALIAGA PETKIM SPOR substitution in,,,,,,,,,0,108,2.0,,0,45,0,37
08:41,08:41:00,45,40,5,2,3,REGULAR,104,F. WHITE JR,1,3pt,329,,[],jumpshot,1,35,Fabian Christopher,White Jr,Fabian Christopher,White Jr,F,W,F,W,F. White Jr,GALATASARAY MCT TECHNIC,GSM,F. White Jr,35,,,26.39999961853,19.889999389648,1.0,P3,made,GALATASARAY MCT TECHNIC F. WHITE JR 3Pt made,103.0,2.0,J. PALMER JR,,,,,,3,108,2.0,score,0,45,3,40
08:41,08:41:00,45,40,5,2,3,REGULAR,103,J. PALMER JR,1,assist,330,329,[],,0,12,James Alfred,Palmer Jr,James Alfred,Palmer Jr,J,P,J,P,J. Palmer Jr,GALATASARAY MCT TECHNIC,GSM,J. Palmer Jr,12,,,,,,ASS,,GALATASARAY MCT TECHNIC J. PALMER JR assist,,,,,,,,,0,109,1.0,,0,45,0,40
08:23,08:23:00,48,40,8,1,3,REGULAR,42,Y. SONSIRMA,1,3pt,331,,[],jumpshot,1,9,Yunus Emre,Sonsirma,Yunus Emre,Sonsirma,Y,S,Y,S,Y. Sonsirma,ALIAGA PETKIM SPOR,PTK,Y. Sonsirma,9,,,74.449996948242,18.469999313354,1.0,P3,made,ALIAGA PETKIM SPOR Y. SONSIRMA 3Pt made,,,,,,,,,3,109,1.0,score,3,48,0,40
08:11,08:11:00,48,40,8,2,3,REGULAR,109,W. CUMMINGS,1,turnover,332,,[],badpass,0,7,William,Cummings,William,Cummings,W,C,W,C,W. Cummings,GALATASARAY MCT TECHNIC,GSM,W. Cummings,7,,,,,,TO,,GALATASARAY MCT TECHNIC W. CUMMINGS turnover badpass,,,,,,,,,0,110,2.0,turnover,0,48,0,40
08:11,08:11:00,48,40,8,1,3,REGULAR,66,J. FLOYD,1,steal,333,332,[],,0,20,Jehyve Jamal,Floyd,Jehyve Jamal,Floyd,J,F,J,F,J. Floyd,ALIAGA PETKIM SPOR,PTK,J. Floyd,20,,,,,,ST,,ALIAGA PETKIM SPOR J. FLOYD steal,,,,,,,,,0,111,1.0,,0,48,0,40
08:03,08:03:00,48,40,8,2,3,REGULAR,109,W. CUMMINGS,1,foul,335,,[],personal,0,7,William,Cummings,William,Cummings,W,C,W,C,W. Cummings,GALATASARAY MCT TECHNIC,GSM,W. Cummings,7,,,,,,FOUL,,GALATASARAY MCT TECHNIC W. CUMMINGS foul personal,,,,,,,,,0,111,1.0,,0,48,0,40
08:03,08:03:00,48,40,8,1,3,REGULAR,42,Y. SONSIRMA,1,foulon,336,335,[],,0,9,Yunus Emre,Sonsirma,Yunus Emre,Sonsirma,Y,S,Y,S,Y. Sonsirma,ALIAGA PETKIM SPOR,PTK,Y. Sonsirma,9,,,,,,OTHER,,ALIAGA PETKIM SPOR foulon,,,,,,,,,0,111,1.0,,0,48,0,40
07:47,07:47:00,51,40,11,1,3,REGULAR,70,U. UTOMI,1,3pt,338,,['fromturnover'],jumpshot,1,8,Uzodinma,Utomi,Uzodinma,Utomi,U,U,U,U,U. Utomi,ALIAGA PETKIM SPOR,PTK,U. Utomi,8,,,95.349998474121,4.6300001144409,1.0,P3,made,ALIAGA PETKIM SPOR U. UTOMI 3Pt made,66.0,1.0,J. FLOYD,,,,,,3,111,1.0,score,3,51,0,40
07:47,07:47:00,51,40,11,1,3,REGULAR,66,J. FLOYD,1,assist,339,338,[],,0,20,Jehyve Jamal,Floyd,Jehyve Jamal,Floyd,J,F,J,F,J. Floyd,ALIAGA PETKIM SPOR,PTK,J. Floyd,20,,,,,,ASS,,ALIAGA PETKIM SPOR J. FLOYD assist,,,,,,,,,0,112,2.0,,0,51,0,40
07:31,07:31:00,51,43,8,2,3,REGULAR,104,F. WHITE JR,1,3pt,340,,[],jumpshot,1,35,Fabian Christopher,White Jr,Fabian Christopher,White Jr,F,W,F,W,F. White Jr,GALATASARAY MCT TECHNIC,GSM,F. White Jr,35,,,31.540000915527,36.549999237061,1.0,P3,made,GALATASARAY MCT TECHNIC F. WHITE JR 3Pt made,70.0,2.0,R. ÖNCEL,,,,,,3,112,2.0,score,0,51,3,43
07:31,07:31:00,51,43,8,2,3,REGULAR,70,R. ÖNCEL,1,assist,341,340,[],,0,10,Ridvan,Öncel,Ridvan,Öncel,R,Ö,R,Ö,R. Öncel,GALATASARAY MCT TECHNIC,GSM,R. Öncel,10,,,,,,ASS,,GALATASARAY MCT TECHNIC R. ÖNCEL assist,,,,,,,,,0,113,1.0,,0,51,0,43
07:14,07:14:00,51,43,8,1,3,REGULAR,42,Y. SONSIRMA,1,turnover,342,,[],ballhandling,0,9,Yunus Emre,Sonsirma,Yunus Emre,Sonsirma,Y,S,Y,S,Y. Sonsirma,ALIAGA PETKIM SPOR,PTK,Y. Sonsirma,9,,,,,,TO,,ALIAGA PETKIM SPOR Y. SONSIRMA turnover ballhandling,,,,,,,,,0,113,1.0,turnover,0,51,0,43
07:14,07:14:00,51,43,8,2,3,REGULAR,105,F. GILLESPIE II,1,steal,343,342,[],,0,33,Frederick Maurice ,Gillespie Ii,Frederick Maurice ,Gillespie Ii,F,G,F,G,F. Gillespie Ii,GALATASARAY MCT TECHNIC,GSM,F. Gillespie Ii,33,,,,,,ST,,GALATASARAY MCT TECHNIC F. GILLESPIE II steal,,,,,,,,,0,114,2.0,,0,51,0,43
07:10,07:10:00,51,45,6,2,3,REGULAR,104,F. WHITE JR,1,2pt,344,,"['fromturnover', 'pointsinthepaint', 'fastbreak']",drivinglayup,1,35,Fabian Christopher,White Jr,Fabian Christopher,White Jr,F,W,F,W,F. White Jr,GALATASARAY MCT TECHNIC,GSM,F. White Jr,35,,,5.6500000953674,53.790000915527,1.0,P2,made,GALATASARAY MCT TECHNIC F. WHITE JR 2Pt made,109.0,2.0,W. CUMMINGS,,,,,,2,114,2.0,score,0,51,2,45
07:10,07:10:00,51,45,6,2,3,REGULAR,109,W. CUMMINGS,1,assist,345,344,[],,0,7,William,Cummings,William,Cummings,W,C,W,C,W. Cummings,GALATASARAY MCT TECHNIC,GSM,W. Cummings,7,,,,,,ASS,,GALATASARAY MCT TECHNIC W. CUMMINGS assist,,,,,,,,,0,115,1.0,,0,51,0,45
06:56,06:56:00,51,45,6,1,3,REGULAR,65,R. BLUMBERGS,1,turnover,347,,[],badpass,0,6,Roberts,Blumbergs,Roberts,Blumbergs,R,B,R,B,R. Blumbergs,ALIAGA PETKIM SPOR,PTK,R. Blumbergs,6,,,,,,TO,,ALIAGA PETKIM SPOR R. BLUMBERGS turnover badpass,,,,,,,,,0,115,1.0,turnover,0,51,0,45
06:56,06:56:00,51,45,6,2,3,REGULAR,103,J. PALMER JR,1,steal,348,347,[],,0,12,James Alfred,Palmer Jr,James Alfred,Palmer Jr,J,P,J,P,J. Palmer Jr,GALATASARAY MCT TECHNIC,GSM,J. Palmer Jr,12,,,,,,ST,,GALATASARAY MCT TECHNIC J. PALMER JR steal,,,,,,,,,0,116,2.0,,0,51,0,45
06:56,06:56:00,51,45,6,1,3,REGULAR,65,R. BLUMBERGS,1,foul,349,,['2freethrow'],unsportsmanlike,0,6,Roberts,Blumbergs,Roberts,Blumbergs,R,B,R,B,R. Blumbergs,ALIAGA PETKIM SPOR,PTK,R. Blumbergs,6,,,,,,FOUL,,ALIAGA PETKIM SPOR R. BLUMBERGS foul unsportsmanlike,,,,,,,,,0,116,2.0,,0,51,0,45
06:56,06:56:00,51,45,6,2,3,REGULAR,103,J. PALMER JR,1,foulon,350,349,[],,0,12,James Alfred,Palmer Jr,James Alfred,Palmer Jr,J,P,J,P,J. Palmer Jr,GALATASARAY MCT TECHNIC,GSM,J. Palmer Jr,12,,,,,,OTHER,,GALATASARAY MCT TECHNIC foulon,,,,,,,,,0,116,2.0,,0,51,0,45
06:56,06:56:00,51,46,5,2,3,REGULAR,103,J. PALMER JR,1,freethrow,351,,"['fastbreak', 'fromturnover']",1of2,1,12,James Alfred,Palmer Jr,James Alfred,Palmer Jr,J,P,J,P,J. Palmer Jr,GALATASARAY MCT TECHNIC,GSM,J. Palmer Jr,12,,,,,,FT,made,GALATASARAY MCT TECHNIC J. PALMER JR FT 1of2 made,,,,,,,,,1,116,2.0,made_ft,0,51,1,46
06:56,06:56:00,51,46,5,2,3,REGULAR,103,J. PALMER JR,0,freethrow,352,,"['fastbreak', 'fromturnover']",2of2,1,12,James Alfred,Palmer Jr,James Alfred,Palmer Jr,J,P,J,P,J. Palmer Jr,GALATASARAY MCT TECHNIC,GSM,J. Palmer Jr,12,,,,,,FT,missed,GALATASARAY MCT TECHNIC J. PALMER JR FT 2of2 missed,,,,,,,,,0,117,1.0,,0,51,0,46
06:47,06:47:00,51,48,3,2,3,REGULAR,105,F. GILLESPIE II,1,2pt,354,,['pointsinthepaint'],layup,1,33,Frederick Maurice ,Gillespie Ii,Frederick Maurice ,Gillespie Ii,F,G,F,G,F. Gillespie Ii,GALATASARAY MCT TECHNIC,GSM,F. Gillespie Ii,33,,,5.8000001907349,46.159999847412,1.0,P2,made,GALATASARAY MCT TECHNIC F. GILLESPIE II 2Pt made,109.0,2.0,W. CUMMINGS,,,,,,2,117,1.0,score,0,51,2,48
06:47,06:47:00,51,48,3,2,3,REGULAR,109,W. CUMMINGS,1,assist,355,354,[],,0,7,William,Cummings,William,Cummings,W,C,W,C,W. Cummings,GALATASARAY MCT TECHNIC,GSM,W. Cummings,7,,,,,,ASS,,GALATASARAY MCT TECHNIC W. CUMMINGS assist,,,,,,,,,0,118,2.0,,0,51,0,48
06:31,06:31:00,51,48,3,2,3,REGULAR,109,W. CUMMINGS,1,foul,357,,[],personal,0,7,William,Cummings,William,Cummings,W,C,W,C,W. Cummings,GALATASARAY MCT TECHNIC,GSM,W. Cummings,7,,,,,,FOUL,,GALATASARAY MCT TECHNIC W. CUMMINGS foul personal,,,,,,,,,0,118,2.0,,0,51,0,48
06:31,06:31:00,51,48,3,1,3,REGULAR,42,Y. SONSIRMA,1,foulon,358,357,[],,0,9,Yunus Emre,Sonsirma,Yunus Emre,Sonsirma,Y,S,Y,S,Y. Sonsirma,ALIAGA PETKIM SPOR,PTK,Y. Sonsirma,9,,,,,,OTHER,,ALIAGA PETKIM SPOR foulon,,,,,,,,,0,118,2.0,,0,51,0,48
06:31,06:31:00,51,48,3,1,3,REGULAR,65,R. BLUMBERGS,1,substitution,359,,[],out,0,6,Roberts,Blumbergs,Roberts,Blumbergs,R,B,R,B,R. Blumbergs,ALIAGA PETKIM SPOR,PTK,R. Blumbergs,6,,,,,,SUB,out,ALIAGA PETKIM SPOR substitution out,,,,,,,,,0,118,2.0,,0,51,0,48
06:31,06:31:00,51,48,3,1,3,REGULAR,68,Y. FRANKE,1,substitution,360,,[],in,0,5,Yannick Ayrton,Franke,Yannick Ayrton,Franke,Y,F,Y,F,Y. Franke,ALIAGA PETKIM SPOR,PTK,Y. Franke,5,,,,,,SUB,in,ALIAGA PETKIM SPOR substitution in,,,,,,,,,0,118,2.0,,0,51,0,48
06:29,06:29:00,51,48,3,2,3,REGULAR,104,F. WHITE JR,1,foul,363,,[],personal,0,35,Fabian Christopher,White Jr,Fabian Christopher,White Jr,F,W,F,W,F. White Jr,GALATASARAY MCT TECHNIC,GSM,F. White Jr,35,,,,,,FOUL,,GALATASARAY MCT TECHNIC F. WHITE JR foul personal,,,,,,,,,0,118,2.0,,0,51,0,48
06:29,06:29:00,51,48,3,1,3,REGULAR,70,U. UTOMI,1,foulon,364,363,[],,0,8,Uzodinma,Utomi,Uzodinma,Utomi,U,U,U,U,U. Utomi,ALIAGA PETKIM SPOR,PTK,U. Utomi,8,,,,,,OTHER,,ALIAGA PETKIM SPOR foulon,,,,,,,,,0,118,2.0,,0,51,0,48
06:17,06:17:00,51,48,3,1,3,REGULAR,42,Y. SONSIRMA,1,turnover,366,,[],badpass,0,9,Yunus Emre,Sonsirma,Yunus Emre,Sonsirma,Y,S,Y,S,Y. Sonsirma,ALIAGA PETKIM SPOR,PTK,Y. Sonsirma,9,,,,,,TO,,ALIAGA PETKIM SPOR Y. SONSIRMA turnover badpass,,,,,,,,,0,118,2.0,turnover,0,51,0,48
06:17,06:17:00,51,48,3,2,3,REGULAR,70,R. ÖNCEL,1,steal,367,366,[],,0,10,Ridvan,Öncel,Ridvan,Öncel,R,Ö,R,Ö,R. Öncel,GALATASARAY MCT TECHNIC,GSM,R. Öncel,10,,,,,,ST,,GALATASARAY MCT TECHNIC R. ÖNCEL steal,,,,,,,,,0,119,1.0,,0,51,0,48
06:13,06:13:00,51,48,3,2,3,REGULAR,104,F. WHITE JR,1,turnover,369,,[],outofbounds,0,35,Fabian Christopher,White Jr,Fabian Christopher,White Jr,F,W,F,W,F. White Jr,GALATASARAY MCT TECHNIC,GSM,F. White Jr,35,,,,,,TO,,GALATASARAY MCT TECHNIC F. WHITE JR turnover outofbounds,,,,,,,,,0,119,1.0,turnover,0,51,0,48
06:13,06:13:00,51,48,3,1,3,REGULAR,0,,1,timeout,370,,[],full,0,,,,,,,,,,,ALIAGA PETKIM SPOR,PTK,,,,,,,,TIMEOUT,,ALIAGA PETKIM SPOR timeout,,,,,,,,,0,120,2.0,,0,51,0,48
05:53,05:53:00,51,48,3,1,3,REGULAR,68,Y. FRANKE,1,turnover,373,,[],travel,0,5,Yannick Ayrton,Franke,Yannick Ayrton,Franke,Y,F,Y,F,Y. Franke,ALIAGA PETKIM SPOR,PTK,Y. Franke,5,,,,,,TO,,ALIAGA PETKIM SPOR Y. FRANKE turnover travel,,,,,,,,,0,120,2.0,turnover,0,51,0,48
05:43,05:43:00,51,48,3,1,3,REGULAR,70,U. UTOMI,1,foul,376,,[],personal,0,8,Uzodinma,Utomi,Uzodinma,Utomi,U,U,U,U,U. Utomi,ALIAGA PETKIM SPOR,PTK,U. Utomi,8,,,,,,FOUL,,ALIAGA PETKIM SPOR U. UTOMI foul personal,,,,,,,,,0,121,1.0,,0,51,0,48
05:43,05:43:00,51,48,3,2,3,REGULAR,104,F. WHITE JR,1,foulon,377,376,[],,0,35,Fabian Christopher,White Jr,Fabian Christopher,White Jr,F,W,F,W,F. White Jr,GALATASARAY MCT TECHNIC,GSM,F. White Jr,35,,,,,,OTHER,,GALATASARAY MCT TECHNIC foulon,,,,,,,,,0,121,1.0,,0,51,0,48
05:38,05:38:00,51,50,1,2,3,REGULAR,103,J. PALMER JR,1,2pt,379,,"['fromturnover', 'pointsinthepaint']",turnaroundjumpshot,1,12,James Alfred,Palmer Jr,James Alfred,Palmer Jr,J,P,J,P,J. Palmer Jr,GALATASARAY MCT TECHNIC,GSM,J. Palmer Jr,12,,,13.289999961853,49.270000457764,1.0,P2,made,GALATASARAY MCT TECHNIC J. PALMER JR 2Pt made,,,,,,,,,2,121,1.0,score,0,51,2,50
05:22,05:22:00,51,50,1,1,3,REGULAR,68,Y. FRANKE,1,turnover,380,,[],ballhandling,0,5,Yannick Ayrton,Franke,Yannick Ayrton,Franke,Y,F,Y,F,Y. Franke,ALIAGA PETKIM SPOR,PTK,Y. Franke,5,,,,,,TO,,ALIAGA PETKIM SPOR Y. FRANKE turnover ballhandling,,,,,,,,,0,122,2.0,turnover,0,51,0,50
05:22,05:22:00,51,50,1,2,3,REGULAR,109,W. CUMMINGS,1,steal,381,380,[],,0,7,William,Cummings,William,Cummings,W,C,W,C,W. Cummings,GALATASARAY MCT TECHNIC,GSM,W. Cummings,7,,,,,,ST,,GALATASARAY MCT TECHNIC W. CUMMINGS steal,,,,,,,,,0,123,1.0,,0,51,0,50
05:17,05:17:00,51,52,-1,2,3,REGULAR,103,J. PALMER JR,1,2pt,382,,"['fromturnover', 'pointsinthepaint', 'fastbreak']",drivinglayup,1,12,James Alfred,Palmer Jr,James Alfred,Palmer Jr,J,P,J,P,J. Palmer Jr,GALATASARAY MCT TECHNIC,GSM,J. Palmer Jr,12,,,6.9000000953674,54.069999694824,1.0,P2,made,GALATASARAY MCT TECHNIC J. PALMER JR 2Pt made,109.0,2.0,W. CUMMINGS,,,,,,2,123,1.0,score,0,51,2,52
05:17,05:17:00,51,52,-1,2,3,REGULAR,109,W. CUMMINGS,1,assist,383,382,[],,0,7,William,Cummings,William,Cummings,W,C,W,C,W. Cummings,GALATASARAY MCT TECHNIC,GSM,W. Cummings,7,,,,,,ASS,,GALATASARAY MCT TECHNIC W. CUMMINGS assist,,,,,,,,,0,124,2.0,,0,51,0,52
04:53,04:53:00,51,52,-1,1,3,REGULAR,68,Y. FRANKE,0,3pt,384,,[],jumpshot,1,5,Yannick Ayrton,Franke,Yannick Ayrton,Franke,Y,F,Y,F,Y. Franke,ALIAGA PETKIM SPOR,PTK,Y. Franke,5,,,71.639999389648,22.430000305176,0.0,P3,missed,ALIAGA PETKIM SPOR Y. FRANKE 3Pt missed,,,,,,,,,0,124,2.0,def_reb,0,51,0,52
04:51,04:51:00,51,52,-1,2,3,REGULAR,105,F. GILLESPIE II,1,rebound,385,384,[],defensive,0,33,Frederick Maurice ,Gillespie Ii,Frederick Maurice ,Gillespie Ii,F,G,F,G,F. Gillespie Ii,GALATASARAY MCT TECHNIC,GSM,F. Gillespie Ii,33,,,,,,REB,,GALATASARAY MCT TECHNIC rebound defensive,,,,,,,,,0,125,1.0,def_reb,0,51,0,52
04:43,04:43:00,51,54,-3,2,3,REGULAR,105,F. GILLESPIE II,1,2pt,386,,['pointsinthepaint'],jumpshot,1,33,Frederick Maurice ,Gillespie Ii,Frederick Maurice ,Gillespie Ii,F,G,F,G,F. Gillespie Ii,GALATASARAY MCT TECHNIC,GSM,F. Gillespie Ii,33,,,7.8299999237061,42.200000762939,1.0,P2,made,GALATASARAY MCT TECHNIC F. GILLESPIE II 2Pt made,103.0,2.0,J. PALMER JR,,,,,,2,126,2.0,score,0,51,2,54
04:43,04:43:00,51,54,-3,2,3,REGULAR,103,J. PALMER JR,1,assist,387,386,[],,0,12,James Alfred,Palmer Jr,James Alfred,Palmer Jr,J,P,J,P,J. Palmer Jr,GALATASARAY MCT TECHNIC,GSM,J. Palmer Jr,12,,,,,,ASS,,GALATASARAY MCT TECHNIC J. PALMER JR assist,,,,,,,,,0,127,1.0,,0,51,0,54
04:24,04:24:00,54,54,0,1,3,REGULAR,67,D. EFIANAYI JR,1,3pt,388,,[],jumpshot,1,4,David Tinsley Eghosa,Efianayi Jr,David Tinsley Eghosa,Efianayi Jr,D,E,D,E,D. Efianayi Jr,ALIAGA PETKIM SPOR,PTK,D. Efianayi Jr,4,,,72.569999694824,89.660003662109,1.0,P3,made,ALIAGA PETKIM SPOR D. EFIANAYI JR 3Pt made,42.0,1.0,Y. SONSIRMA,,,,,,3,127,1.0,score,3,54,0,54
04:24,04:24:00,54,54,0,1,3,REGULAR,42,Y. SONSIRMA,1,assist,389,388,[],,0,9,Yunus Emre,Sonsirma,Yunus Emre,Sonsirma,Y,S,Y,S,Y. Sonsirma,ALIAGA PETKIM SPOR,PTK,Y. Sonsirma,9,,,,,,ASS,,ALIAGA PETKIM SPOR Y. SONSIRMA assist,,,,,,,,,0,128,2.0,,0,54,0,54
04:02,04:02:00,54,54,0,2,3,REGULAR,109,W. CUMMINGS,0,2pt,390,,['pointsinthepaint'],floatingjumpshot,1,7,William,Cummings,William,Cummings,W,C,W,C,W. Cummings,GALATASARAY MCT TECHNIC,GSM,W. Cummings,7,,,15.159999847412,52.090000152588,0.0,P2,missed,GALATASARAY MCT TECHNIC W. CUMMINGS 2Pt missed,,,,,,,,,0,128,2.0,,0,54,0,54
03:57,03:57:00,54,54,0,2,3,REGULAR,109,W. CUMMINGS,1,rebound,391,390,[],offensive,0,7,William,Cummings,William,Cummings,W,C,W,C,W. Cummings,GALATASARAY MCT TECHNIC,GSM,W. Cummings,7,,,,,,REB,,GALATASARAY MCT TECHNIC rebound offensive,,,,,,,,,0,128,2.0,,0,54,0,54
03:56,03:56:00,54,54,0,2,3,REGULAR,109,W. CUMMINGS,0,2pt,393,,"['2ndchance', 'pointsinthepaint']",layup,1,7,William,Cummings,William,Cummings,W,C,W,C,W. Cummings,GALATASARAY MCT TECHNIC,GSM,W. Cummings,7,,,8.9200000762939,52.090000152588,0.0,P2,missed,GALATASARAY MCT TECHNIC W. CUMMINGS 2Pt missed,,,,,,,,,0,128,2.0,def_reb,0,54,0,54
03:56,03:56:00,54,54,0,1,3,REGULAR,67,D. EFIANAYI JR,1,rebound,394,393,[],defensive,0,4,David Tinsley Eghosa,Efianayi Jr,David Tinsley Eghosa,Efianayi Jr,D,E,D,E,D. Efianayi Jr,ALIAGA PETKIM SPOR,PTK,D. Efianayi Jr,4,,,,,,REB,,ALIAGA PETKIM SPOR rebound defensive,,,,,,,,,0,129,1.0,def_reb,0,54,0,54
03:56,03:56:00,54,54,0,2,3,REGULAR,70,R. ÖNCEL,1,foul,395,,[],personal,0,10,Ridvan,Öncel,Ridvan,Öncel,R,Ö,R,Ö,R. Öncel,GALATASARAY MCT TECHNIC,GSM,R. Öncel,10,,,,,,FOUL,,GALATASARAY MCT TECHNIC R. ÖNCEL foul personal,,,,,,,,,0,130,2.0,,0,54,0,54
03:56,03:56:00,54,54,0,1,3,REGULAR,67,D. EFIANAYI JR,1,foulon,396,395,[],,0,4,David Tinsley Eghosa,Efianayi Jr,David Tinsley Eghosa,Efianayi Jr,D,E,D,E,D. Efianayi Jr,ALIAGA PETKIM SPOR,PTK,D. Efianayi Jr,4,,,,,,OTHER,,ALIAGA PETKIM SPOR foulon,,,,,,,,,0,130,2.0,,0,54,0,54
03:56,03:56:00,54,54,0,2,3,REGULAR,109,W. CUMMINGS,1,substitution,397,,[],out,0,7,William,Cummings,William,Cummings,W,C,W,C,W. Cummings,GALATASARAY MCT TECHNIC,GSM,W. Cummings,7,,,,,,SUB,out,GALATASARAY MCT TECHNIC substitution out,,,,,,,,,0,130,2.0,,0,54,0,54
03:56,03:56:00,54,54,0,2,3,REGULAR,102,E. MC COLLUM,1,substitution,398,,[],in,0,3,Errick,Mc Collum,Errick,Mc Collum,E,M,E,M,E. Mc Collum,GALATASARAY MCT TECHNIC,GSM,E. Mc Collum,3,,,,,,SUB,in,GALATASARAY MCT TECHNIC substitution in,,,,,,,,,0,130,2.0,,0,54,0,54
03:37,03:37:00,54,54,0,1,3,REGULAR,70,U. UTOMI,0,3pt,400,,[],jumpshot,1,8,Uzodinma,Utomi,Uzodinma,Utomi,U,U,U,U,U. Utomi,ALIAGA PETKIM SPOR,PTK,U. Utomi,8,,,95.660003662109,96.720001220703,0.0,P3,missed,ALIAGA PETKIM SPOR U. UTOMI 3Pt missed,,,,,,,,,0,130,2.0,def_reb,0,54,0,54
03:35,03:35:00,54,54,0,2,3,REGULAR,103,J. PALMER JR,1,rebound,401,400,[],defensive,0,12,James Alfred,Palmer Jr,James Alfred,Palmer Jr,J,P,J,P,J. Palmer Jr,GALATASARAY MCT TECHNIC,GSM,J. Palmer Jr,12,,,,,,REB,,GALATASARAY MCT TECHNIC rebound defensive,,,,,,,,,0,131,1.0,def_reb,0,54,0,54
03:32,03:32:00,54,57,-3,2,3,REGULAR,103,J. PALMER JR,1,3pt,402,,['fastbreak'],jumpshot,1,12,James Alfred,Palmer Jr,James Alfred,Palmer Jr,J,P,J,P,J. Palmer Jr,GALATASARAY MCT TECHNIC,GSM,J. Palmer Jr,12,,,30.760000228882,44.75,1.0,P3,made,GALATASARAY MCT TECHNIC J. PALMER JR 3Pt made,,,,,,,,,3,132,2.0,score,0,54,3,57
03:15,03:15:00,57,57,0,1,3,REGULAR,68,Y. FRANKE,1,3pt,403,,[],jumpshot,1,5,Yannick Ayrton,Franke,Yannick Ayrton,Franke,Y,F,Y,F,Y. Franke,ALIAGA PETKIM SPOR,PTK,Y. Franke,5,,,66.650001525879,57.459999084473,1.0,P3,made,ALIAGA PETKIM SPOR Y. FRANKE 3Pt made,42.0,1.0,Y. SONSIRMA,,,,,,3,133,1.0,score,3,57,0,57
03:15,03:15:00,57,57,0,1,3,REGULAR,42,Y. SONSIRMA,1,assist,404,403,[],,0,9,Yunus Emre,Sonsirma,Yunus Emre,Sonsirma,Y,S,Y,S,Y. Sonsirma,ALIAGA PETKIM SPOR,PTK,Y. Sonsirma,9,,,,,,ASS,,ALIAGA PETKIM SPOR Y. SONSIRMA assist,,,,,,,,,0,134,2.0,,0,57,0,57
02:55,02:55:00,57,57,0,2,3,REGULAR,70,R. ÖNCEL,1,turnover,406,,[],travel,0,10,Ridvan,Öncel,Ridvan,Öncel,R,Ö,R,Ö,R. Öncel,GALATASARAY MCT TECHNIC,GSM,R. Öncel,10,,,,,,TO,,GALATASARAY MCT TECHNIC R. ÖNCEL turnover travel,,,,,,,,,0,134,2.0,turnover,0,57,0,57
02:55,02:55:00,57,57,0,1,3,REGULAR,70,U. UTOMI,1,substitution,407,,[],out,0,8,Uzodinma,Utomi,Uzodinma,Utomi,U,U,U,U,U. Utomi,ALIAGA PETKIM SPOR,PTK,U. Utomi,8,,,,,,SUB,out,ALIAGA PETKIM SPOR substitution out,,,,,,,,,0,135,1.0,,0,57,0,57
02:55,02:55:00,57,57,0,1,3,REGULAR,65,R. BLUMBERGS,1,substitution,408,,[],in,0,6,Roberts,Blumbergs,Roberts,Blumbergs,R,B,R,B,R. Blumbergs,ALIAGA PETKIM SPOR,PTK,R. Blumbergs,6,,,,,,SUB,in,ALIAGA PETKIM SPOR substitution in,,,,,,,,,0,135,1.0,,0,57,0,57
02:44,02:44:00,57,57,0,1,3,REGULAR,65,R. BLUMBERGS,1,turnover,410,,[],badpass,0,6,Roberts,Blumbergs,Roberts,Blumbergs,R,B,R,B,R. Blumbergs,ALIAGA PETKIM SPOR,PTK,R. Blumbergs,6,,,,,,TO,,ALIAGA PETKIM SPOR R. BLUMBERGS turnover badpass,,,,,,,,,0,135,1.0,turnover,0,57,0,57
02:44,02:44:00,57,57,0,2,3,REGULAR,102,E. MC COLLUM,1,steal,411,410,[],,0,3,Errick,Mc Collum,Errick,Mc Collum,E,M,E,M,E. Mc Collum,GALATASARAY MCT TECHNIC,GSM,E. Mc Collum,3,,,,,,ST,,GALATASARAY MCT TECHNIC E. MC COLLUM steal,,,,,,,,,0,136,2.0,,0,57,0,57
02:42,02:42:00,57,59,-2,2,3,REGULAR,102,E. MC COLLUM,1,2pt,413,,"['fromturnover', 'pointsinthepaint', 'fastbreak']",drivinglayup,1,3,Errick,Mc Collum,Errick,Mc Collum,E,M,E,M,E. Mc Collum,GALATASARAY MCT TECHNIC,GSM,E. Mc Collum,3,,,8.6099996566772,42.770000457764,1.0,P2,made,GALATASARAY MCT TECHNIC E. MC COLLUM 2Pt made,,,,,,,,,2,136,2.0,score,0,57,2,59
02:31,02:31:00,57,59,-2,2,3,REGULAR,105,F. GILLESPIE II,1,foul,416,,['2freethrow'],personal,0,33,Frederick Maurice ,Gillespie Ii,Frederick Maurice ,Gillespie Ii,F,G,F,G,F. Gillespie Ii,GALATASARAY MCT TECHNIC,GSM,F. Gillespie Ii,33,,,,,,FOUL,,GALATASARAY MCT TECHNIC F. GILLESPIE II foul personal,,,,,,,,,0,137,1.0,,0,57,0,59
02:31,02:31:00,57,59,-2,1,3,REGULAR,68,Y. FRANKE,1,foulon,417,416,[],,0,5,Yannick Ayrton,Franke,Yannick Ayrton,Franke,Y,F,Y,F,Y. Franke,ALIAGA PETKIM SPOR,PTK,Y. Franke,5,,,,,,OTHER,,ALIAGA PETKIM SPOR foulon,,,,,,,,,0,137,1.0,,0,57,0,59
02:31,02:31:00,57,59,-2,1,3,REGULAR,42,Y. SONSIRMA,1,substitution,418,,[],out,0,9,Yunus Emre,Sonsirma,Yunus Emre,Sonsirma,Y,S,Y,S,Y. Sonsirma,ALIAGA PETKIM SPOR,PTK,Y. Sonsirma,9,,,,,,SUB,out,ALIAGA PETKIM SPOR substitution out,,,,,,,,,0,137,1.0,,0,57,0,59
02:31,02:31:00,57,59,-2,1,3,REGULAR,45,B. GÜLER,1,substitution,419,,[],in,0,2,Boran,Güler,Boran,Güler,B,G,B,G,B. Güler,ALIAGA PETKIM SPOR,PTK,B. Güler,2,,,,,,SUB,in,ALIAGA PETKIM SPOR substitution in,,,,,,,,,0,137,1.0,,0,57,0,59
02:31,02:31:00,58,59,-1,1,3,REGULAR,68,Y. FRANKE,1,freethrow,420,,[],1of2,1,5,Yannick Ayrton,Franke,Yannick Ayrton,Franke,Y,F,Y,F,Y. Franke,ALIAGA PETKIM SPOR,PTK,Y. Franke,5,,,,,,FT,made,ALIAGA PETKIM SPOR Y. FRANKE FT 1of2 made,,,,,,,,,1,137,1.0,made_ft,1,58,0,59
02:31,02:31:00,59,59,0,1,3,REGULAR,68,Y. FRANKE,1,freethrow,421,,[],2of2,1,5,Yannick Ayrton,Franke,Yannick Ayrton,Franke,Y,F,Y,F,Y. Franke,ALIAGA PETKIM SPOR,PTK,Y. Franke,5,,,,,,FT,made,ALIAGA PETKIM SPOR Y. FRANKE FT 2of2 made,,,,,,,,,1,138,2.0,made_ft_last,1,59,0,59
02:15,02:15:00,59,59,0,2,3,REGULAR,105,F. GILLESPIE II,1,turnover,424,,[],travel,0,33,Frederick Maurice ,Gillespie Ii,Frederick Maurice ,Gillespie Ii,F,G,F,G,F. Gillespie Ii,GALATASARAY MCT TECHNIC,GSM,F. Gillespie Ii,33,,,,,,TO,,GALATASARAY MCT TECHNIC F. GILLESPIE II turnover travel,,,,,,,,,0,139,1.0,turnover,0,59,0,59
02:01,02:01:00,59,59,0,1,3,REGULAR,66,J. FLOYD,1,turnover,427,,[],travel,0,20,Jehyve Jamal,Floyd,Jehyve Jamal,Floyd,J,F,J,F,J. Floyd,ALIAGA PETKIM SPOR,PTK,J. Floyd,20,,,,,,TO,,ALIAGA PETKIM SPOR J. FLOYD turnover travel,,,,,,,,,0,140,2.0,turnover,0,59,0,59
02:01,02:01:00,59,59,0,2,3,REGULAR,105,F. GILLESPIE II,1,substitution,428,,[],out,0,33,Frederick Maurice ,Gillespie Ii,Frederick Maurice ,Gillespie Ii,F,G,F,G,F. Gillespie Ii,GALATASARAY MCT TECHNIC,GSM,F. Gillespie Ii,33,,,,,,SUB,out,GALATASARAY MCT TECHNIC substitution out,,,,,,,,,0,141,1.0,,0,59,0,59
02:01,02:01:00,59,59,0,2,3,REGULAR,108,C. BISHOP,1,substitution,429,,[],in,0,13,Christian Angelo ,Bishop,Christian Angelo ,Bishop,C,B,C,B,C. Bishop,GALATASARAY MCT TECHNIC,GSM,C. Bishop,13,,,,,,SUB,in,GALATASARAY MCT TECHNIC substitution in,,,,,,,,,0,141,1.0,,0,59,0,59
02:01,02:01:00,59,59,0,1,3,REGULAR,66,J. FLOYD,1,substitution,430,,[],out,0,20,Jehyve Jamal,Floyd,Jehyve Jamal,Floyd,J,F,J,F,J. Floyd,ALIAGA PETKIM SPOR,PTK,J. Floyd,20,,,,,,SUB,out,ALIAGA PETKIM SPOR substitution out,,,,,,,,,0,141,1.0,,0,59,0,59
02:01,02:01:00,59,59,0,1,3,REGULAR,44,T. SAV,1,substitution,431,,[],in,0,15,Troy Selim,Sav,Troy Selim,Sav,T,S,T,S,T. Sav,ALIAGA PETKIM SPOR,PTK,T. Sav,15,,,,,,SUB,in,ALIAGA PETKIM SPOR substitution in,,,,,,,,,0,141,1.0,,0,59,0,59
01:46,01:46:00,59,59,0,2,3,REGULAR,104,F. WHITE JR,0,2pt,433,,"['fromturnover', 'pointsinthepaint']",drivinglayup,1,35,Fabian Christopher,White Jr,Fabian Christopher,White Jr,F,W,F,W,F. White Jr,GALATASARAY MCT TECHNIC,GSM,F. White Jr,35,,,7.6799998283386,44.459999084473,0.0,P2,missed,GALATASARAY MCT TECHNIC F. WHITE JR 2Pt missed,,,,,,,,,0,141,1.0,def_reb,0,59,0,59
01:44,01:44:00,59,59,0,1,3,REGULAR,44,T. SAV,1,rebound,434,433,[],defensive,0,15,Troy Selim,Sav,Troy Selim,Sav,T,S,T,S,T. Sav,ALIAGA PETKIM SPOR,PTK,T. Sav,15,,,,,,REB,,ALIAGA PETKIM SPOR rebound defensive,,,,,,,,,0,142,2.0,def_reb,0,59,0,59
01:31,01:31:00,62,59,3,1,3,REGULAR,67,D. EFIANAYI JR,1,3pt,435,,[],jumpshot,1,4,David Tinsley Eghosa,Efianayi Jr,David Tinsley Eghosa,Efianayi Jr,D,E,D,E,D. Efianayi Jr,ALIAGA PETKIM SPOR,PTK,D. Efianayi Jr,4,,,71.330001831055,25.819999694824,1.0,P3,made,ALIAGA PETKIM SPOR D. EFIANAYI JR 3Pt made,,,,,,,,,3,143,1.0,score,3,62,0,59
01:08,01:08:00,62,59,3,2,3,REGULAR,103,J. PALMER JR,0,3pt,436,,[],jumpshot,1,12,James Alfred,Palmer Jr,James Alfred,Palmer Jr,J,P,J,P,J. Palmer Jr,GALATASARAY MCT TECHNIC,GSM,J. Palmer Jr,12,,,23.89999961853,85.419998168945,0.0,P3,missed,GALATASARAY MCT TECHNIC J. PALMER JR 3Pt missed,,,,,,,,,0,144,2.0,def_reb,0,62,0,59
01:06,01:06:00,62,59,3,1,3,REGULAR,65,R. BLUMBERGS,1,rebound,437,436,[],defensive,0,6,Roberts,Blumbergs,Roberts,Blumbergs,R,B,R,B,R. Blumbergs,ALIAGA PETKIM SPOR,PTK,R. Blumbergs,6,,,,,,REB,,ALIAGA PETKIM SPOR rebound defensive,,,,,,,,,0,145,1.0,def_reb,0,62,0,59
00:53,00:53:20,62,59,3,1,3,REGULAR,44,T. SAV,1,foul,439,,[],offensive,0,15,Troy Selim,Sav,Troy Selim,Sav,T,S,T,S,T. Sav,ALIAGA PETKIM SPOR,PTK,T. Sav,15,,,,,,RFOUL,,ALIAGA PETKIM SPOR T. SAV foul offensive,,,,,,,,,0,146,2.0,offensive_foul,0,62,0,59
00:53,00:53:20,62,59,3,1,3,REGULAR,44,T. SAV,1,turnover,440,439,[],offensive,0,15,Troy Selim,Sav,Troy Selim,Sav,T,S,T,S,T. Sav,ALIAGA PETKIM SPOR,PTK,T. Sav,15,,,,,,TO,,ALIAGA PETKIM SPOR T. SAV turnover offensive,,,,,,,,,0,147,1.0,turnover,0,62,0,59
00:53,00:53:20,62,59,3,2,3,REGULAR,102,E. MC COLLUM,1,foulon,441,439,[],,0,3,Errick,Mc Collum,Errick,Mc Collum,E,M,E,M,E. Mc Collum,GALATASARAY MCT TECHNIC,GSM,E. Mc Collum,3,,,,,,OTHER,,GALATASARAY MCT TECHNIC foulon,,,,,,,,,0,148,2.0,,0,62,0,59
00:53,00:53:20,62,59,3,2,3,REGULAR,70,R. ÖNCEL,1,substitution,442,,[],out,0,10,Ridvan,Öncel,Ridvan,Öncel,R,Ö,R,Ö,R. Öncel,GALATASARAY MCT TECHNIC,GSM,R. Öncel,10,,,,,,SUB,out,GALATASARAY MCT TECHNIC substitution out,,,,,,,,,0,148,2.0,,0,62,0,59
00:53,00:53:20,62,59,3,2,3,REGULAR,71,C. KORKMAZ,1,substitution,443,,[],in,0,8,Can,Korkmaz,Can,Korkmaz,C,K,C,K,C. Korkmaz,GALATASARAY MCT TECHNIC,GSM,C. Korkmaz,8,,,,,,SUB,in,GALATASARAY MCT TECHNIC substitution in,,,,,,,,,0,148,2.0,,0,62,0,59
00:33,00:33:80,62,61,1,2,3,REGULAR,102,E. MC COLLUM,1,2pt,445,,['fromturnover'],turnaroundjumpshot,1,3,Errick,Mc Collum,Errick,Mc Collum,E,M,E,M,E. Mc Collum,GALATASARAY MCT TECHNIC,GSM,E. Mc Collum,3,,,20.620000839233,54.069999694824,1.0,P2,made,GALATASARAY MCT TECHNIC E. MC COLLUM 2Pt made,,,,,,,,,2,148,2.0,score,0,62,2,61
00:09,00:09:50,65,61,4,1,3,REGULAR,67,D. EFIANAYI JR,1,3pt,446,,[],jumpshot,1,4,David Tinsley Eghosa,Efianayi Jr,David Tinsley Eghosa,Efianayi Jr,D,E,D,E,D. Efianayi Jr,ALIAGA PETKIM SPOR,PTK,D. Efianayi Jr,4,,,66.330001831055,52.369998931885,1.0,P3,made,ALIAGA PETKIM SPOR D. EFIANAYI JR 3Pt made,,,,,,,,,3,149,1.0,score,3,65,0,61
00:01,00:01:00,65,61,4,2,3,REGULAR,71,C. KORKMAZ,0,3pt,447,,[],jumpshot,1,8,Can,Korkmaz,Can,Korkmaz,C,K,C,K,C. Korkmaz,GALATASARAY MCT TECHNIC,GSM,C. Korkmaz,8,,,22.340000152588,91.919998168945,0.0,P3,missed,GALATASARAY MCT TECHNIC C. KORKMAZ 3Pt missed,,,,,,,,,0,150,2.0,,0,65,0,61
00:00,00:00:00,65,61,4,0,3,REGULAR,0,,1,period,449,,['confirmed'],end,0,,,,,,,,,,,,,,,,,,,,OTHER,,period end,,,,,,,,,0,150,2.0,,0,65,0,61
10:00,10:00:00,65,61,4,0,4,REGULAR,0,,1,period,450,,[],start,0,,,,,,,,,,,,,,,,,,,,OTHER,,period start,,,,,,,,,0,150,2.0,,0,65,0,61
09:48,09:48:00,65,61,4,2,4,REGULAR,102,E. MC COLLUM,0,2pt,452,,['pointsinthepaint'],drivinglayup,1,3,Errick,Mc Collum,Errick,Mc Collum,E,M,E,M,E. Mc Collum,GALATASARAY MCT TECHNIC,GSM,E. Mc Collum,3,,,8.460000038147,47.009998321533,0.0,P2,missed,GALATASARAY MCT TECHNIC E. MC COLLUM 2Pt missed,,,,,,,,,0,150,2.0,def_reb,0,65,0,61
09:46,09:46:00,65,61,4,1,4,REGULAR,68,Y. FRANKE,1,rebound,453,452,[],defensive,0,5,Yannick Ayrton,Franke,Yannick Ayrton,Franke,Y,F,Y,F,Y. Franke,ALIAGA PETKIM SPOR,PTK,Y. Franke,5,,,,,,REB,,ALIAGA PETKIM SPOR rebound defensive,,,,,,,,,0,151,1.0,def_reb,0,65,0,61
09:42,09:42:00,65,61,4,1,4,REGULAR,45,B. GÜLER,0,3pt,454,,[],jumpshot,1,2,Boran,Güler,Boran,Güler,B,G,B,G,B. Güler,ALIAGA PETKIM SPOR,PTK,B. Güler,2,,,87.23999786377,96.440002441406,0.0,P3,missed,ALIAGA PETKIM SPOR B. GÜLER 3Pt missed,,,,,,,,,0,152,2.0,def_reb,0,65,0,61
09:40,09:40:00,65,61,4,2,4,REGULAR,103,J. PALMER JR,1,rebound,455,454,[],defensive,0,12,James Alfred,Palmer Jr,James Alfred,Palmer Jr,J,P,J,P,J. Palmer Jr,GALATASARAY MCT TECHNIC,GSM,J. Palmer Jr,12,,,,,,REB,,GALATASARAY MCT TECHNIC rebound defensive,,,,,,,,,0,153,1.0,def_reb,0,65,0,61
09:31,09:31:00,65,61,4,1,4,REGULAR,45,B. GÜLER,1,foul,457,,"['shooting', '2freethrow']",personal,0,2,Boran,Güler,Boran,Güler,B,G,B,G,B. Güler,ALIAGA PETKIM SPOR,PTK,B. Güler,2,,,,,,FOUL,,ALIAGA PETKIM SPOR B. GÜLER foul personal,,,,,,,,,0,154,2.0,,0,65,0,61
09:31,09:31:00,65,61,4,2,4,REGULAR,108,C. BISHOP,1,foulon,459,457,[],,0,13,Christian Angelo ,Bishop,Christian Angelo ,Bishop,C,B,C,B,C. Bishop,GALATASARAY MCT TECHNIC,GSM,C. Bishop,13,,,,,,OTHER,,GALATASARAY MCT TECHNIC foulon,,,,,,,,,0,154,2.0,,0,65,0,61
09:30,09:30:00,65,61,4,2,4,REGULAR,0,,1,headcoachchallenge,462,,['accepted'],foul,0,,,,,,,,,,,GALATASARAY MCT TECHNIC,GSM,,,,,,,,OTHER,,GALATASARAY MCT TECHNIC headcoachchallenge foul,,,,,,,,,0,154,2.0,,0,65,0,61
09:30,09:30:00,65,62,3,2,4,REGULAR,108,C. BISHOP,1,freethrow,463,,[],1of2,1,13,Christian Angelo ,Bishop,Christian Angelo ,Bishop,C,B,C,B,C. Bishop,GALATASARAY MCT TECHNIC,GSM,C. Bishop,13,,,,,,FT,made,GALATASARAY MCT TECHNIC C. BISHOP FT 1of2 made,,,,,,,,,1,154,2.0,made_ft,0,65,1,62
09:30,09:30:00,65,62,3,2,4,REGULAR,108,C. BISHOP,0,freethrow,464,,[],2of2,1,13,Christian Angelo ,Bishop,Christian Angelo ,Bishop,C,B,C,B,C. Bishop,GALATASARAY MCT TECHNIC,GSM,C. Bishop,13,,,,,,FT,missed,GALATASARAY MCT TECHNIC C. BISHOP FT 2of2 missed,,,,,,,,,0,155,1.0,def_reb,0,65,0,62
09:30,09:30:00,65,62,3,1,4,REGULAR,64,M. SAJUS,1,rebound,465,464,[],defensive,0,19,Martynas,Sajus,Martynas,Sajus,M,S,M,S,M. Sajus,ALIAGA PETKIM SPOR,PTK,M. Sajus,19,,,,,,REB,,ALIAGA PETKIM SPOR rebound defensive,,,,,,,,,0,156,2.0,def_reb,0,65,0,62
09:23,09:23:00,65,62,3,1,4,REGULAR,68,Y. FRANKE,1,turnover,468,,[],travel,0,5,Yannick Ayrton,Franke,Yannick Ayrton,Franke,Y,F,Y,F,Y. Franke,ALIAGA PETKIM SPOR,PTK,Y. Franke,5,,,,,,TO,,ALIAGA PETKIM SPOR Y. FRANKE turnover travel,,,,,,,,,0,157,1.0,turnover,0,65,0,62
09:31,09:31:00,65,61,4,1,4,REGULAR,44,T. SAV,1,substitution,471,,[],out,0,15,Troy Selim,Sav,Troy Selim,Sav,T,S,T,S,T. Sav,ALIAGA PETKIM SPOR,PTK,T. Sav,15,,,,,,SUB,out,ALIAGA PETKIM SPOR substitution out,,,,,,,,,0,158,2.0,,0,65,0,62
09:31,09:31:00,65,61,4,1,4,REGULAR,64,M. SAJUS,1,substitution,472,,[],in,0,19,Martynas,Sajus,Martynas,Sajus,M,S,M,S,M. Sajus,ALIAGA PETKIM SPOR,PTK,M. Sajus,19,,,,,,SUB,in,ALIAGA PETKIM SPOR substitution in,,,,,,,,,0,158,2.0,,0,65,0,62
09:11,09:11:00,65,62,3,1,4,REGULAR,68,Y. FRANKE,1,foul,475,,[],personal,0,5,Yannick Ayrton,Franke,Yannick Ayrton,Franke,Y,F,Y,F,Y. Franke,ALIAGA PETKIM SPOR,PTK,Y. Franke,5,,,,,,FOUL,,ALIAGA PETKIM SPOR Y. FRANKE foul personal,,,,,,,,,0,158,2.0,,0,65,0,62
09:11,09:11:00,65,62,3,2,4,REGULAR,102,E. MC COLLUM,1,foulon,476,475,[],,0,3,Errick,Mc Collum,Errick,Mc Collum,E,M,E,M,E. Mc Collum,GALATASARAY MCT TECHNIC,GSM,E. Mc Collum,3,,,,,,OTHER,,GALATASARAY MCT TECHNIC foulon,,,,,,,,,0,158,2.0,,0,65,0,62
08:52,08:52:00,65,65,0,2,4,REGULAR,102,E. MC COLLUM,1,3pt,478,,['fromturnover'],jumpshot,1,3,Errick,Mc Collum,Errick,Mc Collum,E,M,E,M,E. Mc Collum,GALATASARAY MCT TECHNIC,GSM,E. Mc Collum,3,,,23.280000686646,12.539999961853,1.0,P3,made,GALATASARAY MCT TECHNIC E. MC COLLUM 3Pt made,,,,,,,,,3,158,2.0,score,0,65,3,65
08:30,08:30:00,65,65,0,1,4,REGULAR,65,R. BLUMBERGS,0,3pt,479,,[],jumpshot,1,6,Roberts,Blumbergs,Roberts,Blumbergs,R,B,R,B,R. Blumbergs,ALIAGA PETKIM SPOR,PTK,R. Blumbergs,6,,,79.440002441406,91.360000610352,0.0,P3,missed,ALIAGA PETKIM SPOR R. BLUMBERGS 3Pt missed,,,,,,,,,0,159,1.0,,0,65,0,65
08:27,08:27:00,65,65,0,1,4,REGULAR,64,M. SAJUS,1,rebound,481,479,[],offensive,0,19,Martynas,Sajus,Martynas,Sajus,M,S,M,S,M. Sajus,ALIAGA PETKIM SPOR,PTK,M. Sajus,19,,,,,,REB,,ALIAGA PETKIM SPOR rebound offensive,,,,,,,,,0,159,1.0,,0,65,0,65
08:27,08:27:00,65,65,0,1,4,REGULAR,68,Y. FRANKE,1,substitution,482,,[],out,0,5,Yannick Ayrton,Franke,Yannick Ayrton,Franke,Y,F,Y,F,Y. Franke,ALIAGA PETKIM SPOR,PTK,Y. Franke,5,,,,,,SUB,out,ALIAGA PETKIM SPOR substitution out,,,,,,,,,0,159,1.0,,0,65,0,65
08:27,08:27:00,65,65,0,1,4,REGULAR,70,U. UTOMI,1,substitution,483,,[],in,0,8,Uzodinma,Utomi,Uzodinma,Utomi,U,U,U,U,U. Utomi,ALIAGA PETKIM SPOR,PTK,U. Utomi,8,,,,,,SUB,in,ALIAGA PETKIM SPOR substitution in,,,,,,,,,0,159,1.0,,0,65,0,65
08:25,08:25:00,65,65,0,1,4,REGULAR,70,U. UTOMI,1,turnover,486,,[],outofbounds,0,8,Uzodinma,Utomi,Uzodinma,Utomi,U,U,U,U,U. Utomi,ALIAGA PETKIM SPOR,PTK,U. Utomi,8,,,,,,TO,,ALIAGA PETKIM SPOR U. UTOMI turnover outofbounds,,,,,,,,,0,159,1.0,turnover,0,65,0,65
08:13,08:13:00,65,65,0,1,4,REGULAR,45,B. GÜLER,1,foul,489,,[],personal,0,2,Boran,Güler,Boran,Güler,B,G,B,G,B. Güler,ALIAGA PETKIM SPOR,PTK,B. Güler,2,,,,,,FOUL,,ALIAGA PETKIM SPOR B. GÜLER foul personal,,,,,,,,,0,160,2.0,,0,65,0,65
08:13,08:13:00,65,65,0,2,4,REGULAR,71,C. KORKMAZ,1,foulon,490,489,[],,0,8,Can,Korkmaz,Can,Korkmaz,C,K,C,K,C. Korkmaz,GALATASARAY MCT TECHNIC,GSM,C. Korkmaz,8,,,,,,OTHER,,GALATASARAY MCT TECHNIC foulon,,,,,,,,,0,160,2.0,,0,65,0,65
07:58,07:58:00,65,65,0,2,4,REGULAR,102,E. MC COLLUM,0,2pt,492,,"['fromturnover', 'pointsinthepaint']",jumpshot,1,3,Errick,Mc Collum,Errick,Mc Collum,E,M,E,M,E. Mc Collum,GALATASARAY MCT TECHNIC,GSM,E. Mc Collum,3,,,7.5199999809265,43.619998931885,0.0,P2,missed,GALATASARAY MCT TECHNIC E. MC COLLUM 2Pt missed,,,,,,,,,0,160,2.0,def_reb,0,65,0,65
07:56,07:56:00,65,65,0,1,4,REGULAR,45,B. GÜLER,1,rebound,493,492,[],defensive,0,2,Boran,Güler,Boran,Güler,B,G,B,G,B. Güler,ALIAGA PETKIM SPOR,PTK,B. Güler,2,,,,,,REB,,ALIAGA PETKIM SPOR rebound defensive,,,,,,,,,0,161,1.0,def_reb,0,65,0,65
07:56,07:56:00,65,65,0,1,4,REGULAR,67,D. EFIANAYI JR,1,turnover,494,,[],badpass,0,4,David Tinsley Eghosa,Efianayi Jr,David Tinsley Eghosa,Efianayi Jr,D,E,D,E,D. Efianayi Jr,ALIAGA PETKIM SPOR,PTK,D. Efianayi Jr,4,,,,,,TO,,ALIAGA PETKIM SPOR D. EFIANAYI JR turnover badpass,,,,,,,,,0,162,2.0,turnover,0,65,0,65
07:56,07:56:00,65,65,0,2,4,REGULAR,108,C. BISHOP,1,steal,495,494,[],,0,13,Christian Angelo ,Bishop,Christian Angelo ,Bishop,C,B,C,B,C. Bishop,GALATASARAY MCT TECHNIC,GSM,C. Bishop,13,,,,,,ST,,GALATASARAY MCT TECHNIC C. BISHOP steal,,,,,,,,,0,163,1.0,,0,65,0,65
07:35,07:35:00,65,67,-2,2,4,REGULAR,108,C. BISHOP,1,2pt,496,,"['fromturnover', 'pointsinthepaint']",dunk,1,13,Christian Angelo ,Bishop,Christian Angelo ,Bishop,C,B,C,B,C. Bishop,GALATASARAY MCT TECHNIC,GSM,C. Bishop,13,,,8.9200000762939,54.069999694824,1.0,P2,made,GALATASARAY MCT TECHNIC C. BISHOP 2Pt made,102.0,2.0,E. MC COLLUM,,,,,,2,163,1.0,score,0,65,2,67
07:08,07:08:00,65,67,-2,1,4,REGULAR,70,U. UTOMI,0,2pt,499,,[],jumpshot,1,8,Uzodinma,Utomi,Uzodinma,Utomi,U,U,U,U,U. Utomi,ALIAGA PETKIM SPOR,PTK,U. Utomi,8,,,90.830001831055,28.079999923706,0.0,P2,missed,ALIAGA PETKIM SPOR U. UTOMI 2Pt missed,,,,,,,,,0,164,2.0,def_reb,0,65,0,67
07:08,07:08:00,65,67,-2,2,4,REGULAR,104,F. WHITE JR,1,rebound,500,499,[],defensive,0,35,Fabian Christopher,White Jr,Fabian Christopher,White Jr,F,W,F,W,F. White Jr,GALATASARAY MCT TECHNIC,GSM,F. White Jr,35,,,,,,REB,,GALATASARAY MCT TECHNIC rebound defensive,,,,,,,,,0,165,1.0,def_reb,0,65,0,67
07:05,07:05:00,65,67,-2,1,4,REGULAR,45,B. GÜLER,1,foul,503,,[],personal,0,2,Boran,Güler,Boran,Güler,B,G,B,G,B. Güler,ALIAGA PETKIM SPOR,PTK,B. Güler,2,,,,,,FOUL,,ALIAGA PETKIM SPOR B. GÜLER foul personal,,,,,,,,,0,166,2.0,,0,65,0,67
07:05,07:05:00,65,67,-2,2,4,REGULAR,104,F. WHITE JR,1,foulon,504,503,[],,0,35,Fabian Christopher,White Jr,Fabian Christopher,White Jr,F,W,F,W,F. White Jr,GALATASARAY MCT TECHNIC,GSM,F. White Jr,35,,,,,,OTHER,,GALATASARAY MCT TECHNIC foulon,,,,,,,,,0,166,2.0,,0,65,0,67
07:05,07:05:00,65,67,-2,1,4,REGULAR,45,B. GÜLER,1,substitution,505,,[],out,0,2,Boran,Güler,Boran,Güler,B,G,B,G,B. Güler,ALIAGA PETKIM SPOR,PTK,B. Güler,2,,,,,,SUB,out,ALIAGA PETKIM SPOR substitution out,,,,,,,,,0,166,2.0,,0,65,0,67
07:05,07:05:00,65,67,-2,1,4,REGULAR,42,Y. SONSIRMA,1,substitution,506,,[],in,0,9,Yunus Emre,Sonsirma,Yunus Emre,Sonsirma,Y,S,Y,S,Y. Sonsirma,ALIAGA PETKIM SPOR,PTK,Y. Sonsirma,9,,,,,,SUB,in,ALIAGA PETKIM SPOR substitution in,,,,,,,,,0,166,2.0,,0,65,0,67
07:35,07:35:00,65,67,-2,2,4,REGULAR,102,E. MC COLLUM,1,assist,507,496,[],,0,3,Errick,Mc Collum,Errick,Mc Collum,E,M,E,M,E. Mc Collum,GALATASARAY MCT TECHNIC,GSM,E. Mc Collum,3,,,,,,ASS,,GALATASARAY MCT TECHNIC E. MC COLLUM assist,,,,,,,,,0,166,2.0,,0,65,0,67
06:52,06:52:00,65,67,-2,2,4,REGULAR,71,C. KORKMAZ,0,3pt,509,,[],jumpshot,1,8,Can,Korkmaz,Can,Korkmaz,C,K,C,K,C. Korkmaz,GALATASARAY MCT TECHNIC,GSM,C. Korkmaz,8,,,29.200000762939,68.470001220703,0.0,P3,missed,GALATASARAY MCT TECHNIC C. KORKMAZ 3Pt missed,,,,,,,,,0,166,2.0,def_reb,0,65,0,67
06:50,06:50:00,65,67,-2,1,4,REGULAR,70,U. UTOMI,1,rebound,510,509,[],defensive,0,8,Uzodinma,Utomi,Uzodinma,Utomi,U,U,U,U,U. Utomi,ALIAGA PETKIM SPOR,PTK,U. Utomi,8,,,,,,REB,,ALIAGA PETKIM SPOR rebound defensive,,,,,,,,,0,167,1.0,def_reb,0,65,0,67
06:36,06:36:00,65,67,-2,1,4,REGULAR,64,M. SAJUS,1,turnover,511,,[],badpass,0,19,Martynas,Sajus,Martynas,Sajus,M,S,M,S,M. Sajus,ALIAGA PETKIM SPOR,PTK,M. Sajus,19,,,,,,TO,,ALIAGA PETKIM SPOR M. SAJUS turnover badpass,,,,,,,,,0,168,2.0,turnover,0,65,0,67
06:36,06:36:00,65,67,-2,2,4,REGULAR,102,E. MC COLLUM,1,steal,512,511,[],,0,3,Errick,Mc Collum,Errick,Mc Collum,E,M,E,M,E. Mc Collum,GALATASARAY MCT TECHNIC,GSM,E. Mc Collum,3,,,,,,ST,,GALATASARAY MCT TECHNIC E. MC COLLUM steal,,,,,,,,,0,169,1.0,,0,65,0,67
06:29,06:29:00,65,67,-2,2,4,REGULAR,108,C. BISHOP,0,2pt,513,,"['fromturnover', 'pointsinthepaint']",drivinglayup,1,13,Christian Angelo ,Bishop,Christian Angelo ,Bishop,C,B,C,B,C. Bishop,GALATASARAY MCT TECHNIC,GSM,C. Bishop,13,,,9.5500001907349,58.590000152588,0.0,P2,missed,GALATASARAY MCT TECHNIC C. BISHOP 2Pt missed,,,,,,,,,0,169,1.0,def_reb,0,65,0,67
06:26,06:26:00,65,67,-2,1,4,REGULAR,64,M. SAJUS,1,rebound,514,513,[],defensive,0,19,Martynas,Sajus,Martynas,Sajus,M,S,M,S,M. Sajus,ALIAGA PETKIM SPOR,PTK,M. Sajus,19,,,,,,REB,,ALIAGA PETKIM SPOR rebound defensive,,,,,,,,,0,170,2.0,def_reb,0,65,0,67
06:21,06:21:00,67,67,0,1,4,REGULAR,65,R. BLUMBERGS,1,2pt,516,,"['pointsinthepaint', 'fastbreak']",drivinglayup,1,6,Roberts,Blumbergs,Roberts,Blumbergs,R,B,R,B,R. Blumbergs,ALIAGA PETKIM SPOR,PTK,R. Blumbergs,6,,,92.389999389648,56.610000610352,1.0,P2,made,ALIAGA PETKIM SPOR R. BLUMBERGS 2Pt made,67.0,1.0,D. EFIANAYI JR,,,,,,2,171,1.0,score,2,67,0,67
06:21,06:21:00,67,67,0,1,4,REGULAR,67,D. EFIANAYI JR,1,assist,517,516,[],,0,4,David Tinsley Eghosa,Efianayi Jr,David Tinsley Eghosa,Efianayi Jr,D,E,D,E,D. Efianayi Jr,ALIAGA PETKIM SPOR,PTK,D. Efianayi Jr,4,,,,,,ASS,,ALIAGA PETKIM SPOR D. EFIANAYI JR assist,,,,,,,,,0,172,2.0,,0,67,0,67
06:18,06:18:00,67,67,0,2,4,REGULAR,0,,1,timeout,520,,[],full,0,,,,,,,,,,,GALATASARAY MCT TECHNIC,GSM,,,,,,,,TIMEOUT,,GALATASARAY MCT TECHNIC timeout,,,,,,,,,0,172,2.0,,0,67,0,67
05:59,05:59:00,67,67,0,2,4,REGULAR,71,C. KORKMAZ,0,3pt,522,,[],jumpshot,1,8,Can,Korkmaz,Can,Korkmaz,C,K,C,K,C. Korkmaz,GALATASARAY MCT TECHNIC,GSM,C. Korkmaz,8,,,32.479999542236,52.939998626709,0.0,P3,missed,GALATASARAY MCT TECHNIC C. KORKMAZ 3Pt missed,,,,,,,,,0,172,2.0,def_reb,0,67,0,67
05:57,05:57:00,67,67,0,1,4,REGULAR,70,U. UTOMI,1,rebound,523,522,[],defensive,0,8,Uzodinma,Utomi,Uzodinma,Utomi,U,U,U,U,U. Utomi,ALIAGA PETKIM SPOR,PTK,U. Utomi,8,,,,,,REB,,ALIAGA PETKIM SPOR rebound defensive,,,,,,,,,0,173,1.0,def_reb,0,67,0,67
05:37,05:37:00,69,67,2,1,4,REGULAR,64,M. SAJUS,1,2pt,526,,['pointsinthepaint'],layup,1,19,Martynas,Sajus,Martynas,Sajus,M,S,M,S,M. Sajus,ALIAGA PETKIM SPOR,PTK,M. Sajus,19,,,92.389999389648,46.439998626709,1.0,P2,made,ALIAGA PETKIM SPOR M. SAJUS 2Pt made,67.0,1.0,D. EFIANAYI JR,,,,,,2,174,2.0,score,2,69,0,67
05:37,05:37:00,69,67,2,1,4,REGULAR,67,D. EFIANAYI JR,1,assist,527,526,[],,0,4,David Tinsley Eghosa,Efianayi Jr,David Tinsley Eghosa,Efianayi Jr,D,E,D,E,D. Efianayi Jr,ALIAGA PETKIM SPOR,PTK,D. Efianayi Jr,4,,,,,,ASS,,ALIAGA PETKIM SPOR D. EFIANAYI JR assist,,,,,,,,,0,175,1.0,,0,69,0,67
05:17,05:17:00,69,67,2,2,4,REGULAR,71,C. KORKMAZ,0,3pt,528,,[],jumpshot,1,8,Can,Korkmaz,Can,Korkmaz,C,K,C,K,C. Korkmaz,GALATASARAY MCT TECHNIC,GSM,C. Korkmaz,8,,,25.770000457764,84.860000610352,0.0,P3,missed,GALATASARAY MCT TECHNIC C. KORKMAZ 3Pt missed,,,,,,,,,0,175,1.0,def_reb,0,69,0,67
05:15,05:15:00,69,67,2,1,4,REGULAR,64,M. SAJUS,1,rebound,529,528,[],defensive,0,19,Martynas,Sajus,Martynas,Sajus,M,S,M,S,M. Sajus,ALIAGA PETKIM SPOR,PTK,M. Sajus,19,,,,,,REB,,ALIAGA PETKIM SPOR rebound defensive,,,,,,,,,0,176,2.0,def_reb,0,69,0,67
05:10,05:10:00,69,67,2,2,4,REGULAR,71,C. KORKMAZ,1,substitution,531,,[],out,0,8,Can,Korkmaz,Can,Korkmaz,C,K,C,K,C. Korkmaz,GALATASARAY MCT TECHNIC,GSM,C. Korkmaz,8,,,,,,SUB,out,GALATASARAY MCT TECHNIC substitution out,,,,,,,,,0,177,1.0,,0,69,0,67
05:10,05:10:00,69,67,2,2,4,REGULAR,70,R. ÖNCEL,1,substitution,532,,[],in,0,10,Ridvan,Öncel,Ridvan,Öncel,R,Ö,R,Ö,R. Öncel,GALATASARAY MCT TECHNIC,GSM,R. Öncel,10,,,,,,SUB,in,GALATASARAY MCT TECHNIC substitution in,,,,,,,,,0,177,1.0,,0,69,0,67
05:02,05:02:00,69,67,2,1,4,REGULAR,64,M. SAJUS,1,turnover,534,,[],ballhandling,0,19,Martynas,Sajus,Martynas,Sajus,M,S,M,S,M. Sajus,ALIAGA PETKIM SPOR,PTK,M. Sajus,19,,,,,,TO,,ALIAGA PETKIM SPOR M. SAJUS turnover ballhandling,,,,,,,,,0,177,1.0,turnover,0,69,0,67
05:02,05:02:00,69,67,2,2,4,REGULAR,104,F. WHITE JR,1,steal,535,534,[],,0,35,Fabian Christopher,White Jr,Fabian Christopher,White Jr,F,W,F,W,F. White Jr,GALATASARAY MCT TECHNIC,GSM,F. White Jr,35,,,,,,ST,,GALATASARAY MCT TECHNIC F. WHITE JR steal,,,,,,,,,0,178,2.0,,0,69,0,67
04:58,04:58:00,69,69,0,2,4,REGULAR,70,R. ÖNCEL,1,2pt,536,,"['fromturnover', 'pointsinthepaint', 'fastbreak']",drivinglayup,1,10,Ridvan,Öncel,Ridvan,Öncel,R,Ö,R,Ö,R. Öncel,GALATASARAY MCT TECHNIC,GSM,R. Öncel,10,,,9.5500001907349,55.479999542236,1.0,P2,made,GALATASARAY MCT TECHNIC R. ÖNCEL 2Pt made,103.0,2.0,J. PALMER JR,,,,,,2,178,2.0,score,0,69,2,69
04:58,04:58:00,69,69,0,2,4,REGULAR,103,J. PALMER JR,1,assist,537,536,[],,0,12,James Alfred,Palmer Jr,James Alfred,Palmer Jr,J,P,J,P,J. Palmer Jr,GALATASARAY MCT TECHNIC,GSM,J. Palmer Jr,12,,,,,,ASS,,GALATASARAY MCT TECHNIC J. PALMER JR assist,,,,,,,,,0,179,1.0,,0,69,0,69
04:30,04:30:00,69,69,0,1,4,REGULAR,70,U. UTOMI,0,3pt,539,,['blocked'],jumpshot,1,8,Uzodinma,Utomi,Uzodinma,Utomi,U,U,U,U,U. Utomi,ALIAGA PETKIM SPOR,PTK,U. Utomi,8,,,71.790000915527,23.840000152588,0.0,P3,missed,ALIAGA PETKIM SPOR U. UTOMI 3Pt missed,,,,102.0,2.0,E. MC COLLUM,,,0,179,1.0,,0,69,0,69
04:30,04:30:00,69,69,0,2,4,REGULAR,102,E. MC COLLUM,1,block,540,539,[],,0,3,Errick,Mc Collum,Errick,Mc Collum,E,M,E,M,E. Mc Collum,GALATASARAY MCT TECHNIC,GSM,E. Mc Collum,3,,,,,,BS,,GALATASARAY MCT TECHNIC E. MC COLLUM block,,,,,,,,,0,179,1.0,,0,69,0,69
04:30,04:30:00,69,69,0,2,4,REGULAR,0,,1,rebound,541,539,['team'],defensive,0,,,,,,,,,,,GALATASARAY MCT TECHNIC,GSM,,,,,,,,TREB,,GALATASARAY MCT TECHNIC team rebound defensive,,,,,,,,,0,179,1.0,def_reb,0,69,0,69
04:11,04:11:00,69,71,-2,2,4,REGULAR,102,E. MC COLLUM,1,2pt,543,,['pointsinthepaint'],turnaroundjumpshot,1,3,Errick,Mc Collum,Errick,Mc Collum,E,M,E,M,E. Mc Collum,GALATASARAY MCT TECHNIC,GSM,E. Mc Collum,3,,,13.760000228882,42.770000457764,1.0,P2,made,GALATASARAY MCT TECHNIC E. MC COLLUM 2Pt made,103.0,2.0,J. PALMER JR,,,,,,2,180,2.0,score,0,69,2,71
04:11,04:11:00,69,71,-2,2,4,REGULAR,103,J. PALMER JR,1,assist,544,543,[],,0,12,James Alfred,Palmer Jr,James Alfred,Palmer Jr,J,P,J,P,J. Palmer Jr,GALATASARAY MCT TECHNIC,GSM,J. Palmer Jr,12,,,,,,ASS,,GALATASARAY MCT TECHNIC J. PALMER JR assist,,,,,,,,,0,181,1.0,,0,69,0,71
03:53,03:53:00,69,71,-2,1,4,REGULAR,67,D. EFIANAYI JR,0,3pt,545,,[],jumpshot,1,4,David Tinsley Eghosa,Efianayi Jr,David Tinsley Eghosa,Efianayi Jr,D,E,D,E,D. Efianayi Jr,ALIAGA PETKIM SPOR,PTK,D. Efianayi Jr,4,,,81.150001525879,91.919998168945,0.0,P3,missed,ALIAGA PETKIM SPOR D. EFIANAYI JR 3Pt missed,,,,,,,,,0,181,1.0,,0,69,0,71
03:52,03:52:00,69,71,-2,1,4,REGULAR,64,M. SAJUS,1,rebound,547,545,[],offensive,0,19,Martynas,Sajus,Martynas,Sajus,M,S,M,S,M. Sajus,ALIAGA PETKIM SPOR,PTK,M. Sajus,19,,,,,,REB,,ALIAGA PETKIM SPOR rebound offensive,,,,,,,,,0,181,1.0,,0,69,0,71
03:52,03:52:00,69,71,-2,2,4,REGULAR,103,J. PALMER JR,1,foul,548,,[],personal,0,12,James Alfred,Palmer Jr,James Alfred,Palmer Jr,J,P,J,P,J. Palmer Jr,GALATASARAY MCT TECHNIC,GSM,J. Palmer Jr,12,,,,,,FOUL,,GALATASARAY MCT TECHNIC J. PALMER JR foul personal,,,,,,,,,0,181,1.0,,0,69,0,71
03:52,03:52:00,69,71,-2,1,4,REGULAR,65,R. BLUMBERGS,1,foulon,549,548,[],,0,6,Roberts,Blumbergs,Roberts,Blumbergs,R,B,R,B,R. Blumbergs,ALIAGA PETKIM SPOR,PTK,R. Blumbergs,6,,,,,,OTHER,,ALIAGA PETKIM SPOR foulon,,,,,,,,,0,181,1.0,,0,69,0,71
03:52,03:52:00,69,71,-2,1,4,REGULAR,70,U. UTOMI,1,substitution,550,,[],out,0,8,Uzodinma,Utomi,Uzodinma,Utomi,U,U,U,U,U. Utomi,ALIAGA PETKIM SPOR,PTK,U. Utomi,8,,,,,,SUB,out,ALIAGA PETKIM SPOR substitution out,,,,,,,,,0,181,1.0,,0,69,0,71
03:52,03:52:00,69,71,-2,1,4,REGULAR,68,Y. FRANKE,1,substitution,551,,[],in,0,5,Yannick Ayrton,Franke,Yannick Ayrton,Franke,Y,F,Y,F,Y. Franke,ALIAGA PETKIM SPOR,PTK,Y. Franke,5,,,,,,SUB,in,ALIAGA PETKIM SPOR substitution in,,,,,,,,,0,181,1.0,,0,69,0,71
03:52,03:52:00,69,71,-2,2,4,REGULAR,104,F. WHITE JR,1,substitution,552,,[],out,0,35,Fabian Christopher,White Jr,Fabian Christopher,White Jr,F,W,F,W,F. White Jr,GALATASARAY MCT TECHNIC,GSM,F. White Jr,35,,,,,,SUB,out,GALATASARAY MCT TECHNIC substitution out,,,,,,,,,0,181,1.0,,0,69,0,71
03:52,03:52:00,69,71,-2,2,4,REGULAR,109,W. CUMMINGS,1,substitution,553,,[],in,0,7,William,Cummings,William,Cummings,W,C,W,C,W. Cummings,GALATASARAY MCT TECHNIC,GSM,W. Cummings,7,,,,,,SUB,in,GALATASARAY MCT TECHNIC substitution in,,,,,,,,,0,181,1.0,,0,69,0,71
03:37,03:37:00,71,71,0,1,4,REGULAR,64,M. SAJUS,1,2pt,555,,"['2ndchance', 'pointsinthepaint']",hookshot,1,19,Martynas,Sajus,Martynas,Sajus,M,S,M,S,M. Sajus,ALIAGA PETKIM SPOR,PTK,M. Sajus,19,,,88.949996948242,50.110000610352,1.0,P2,made,ALIAGA PETKIM SPOR M. SAJUS 2Pt made,68.0,1.0,Y. FRANKE,,,,,,2,181,1.0,score,2,71,0,71
03:37,03:37:00,71,71,0,1,4,REGULAR,68,Y. FRANKE,1,assist,556,555,[],,0,5,Yannick Ayrton,Franke,Yannick Ayrton,Franke,Y,F,Y,F,Y. Franke,ALIAGA PETKIM SPOR,PTK,Y. Franke,5,,,,,,ASS,,ALIAGA PETKIM SPOR Y. FRANKE assist,,,,,,,,,0,182,2.0,,0,71,0,71
03:20,03:20:00,71,73,-2,2,4,REGULAR,103,J. PALMER JR,1,2pt,557,,['pointsinthepaint'],drivinglayup,1,12,James Alfred,Palmer Jr,James Alfred,Palmer Jr,J,P,J,P,J. Palmer Jr,GALATASARAY MCT TECHNIC,GSM,J. Palmer Jr,12,,,4.0900001525879,44.180000305176,1.0,P2,made,GALATASARAY MCT TECHNIC J. PALMER JR 2Pt made,,,,,,,,,2,182,2.0,score,0,71,2,73
02:57,02:57:00,71,73,-2,1,4,REGULAR,68,Y. FRANKE,0,3pt,558,,[],jumpshot,1,5,Yannick Ayrton,Franke,Yannick Ayrton,Franke,Y,F,Y,F,Y. Franke,ALIAGA PETKIM SPOR,PTK,Y. Franke,5,,,74.449996948242,16.780000686646,0.0,P3,missed,ALIAGA PETKIM SPOR Y. FRANKE 3Pt missed,,,,,,,,,0,183,1.0,def_reb,0,71,0,73
02:55,02:55:00,71,73,-2,2,4,REGULAR,70,R. ÖNCEL,1,rebound,559,558,[],defensive,0,10,Ridvan,Öncel,Ridvan,Öncel,R,Ö,R,Ö,R. Öncel,GALATASARAY MCT TECHNIC,GSM,R. Öncel,10,,,,,,REB,,GALATASARAY MCT TECHNIC rebound defensive,,,,,,,,,0,184,2.0,def_reb,0,71,0,73
02:51,02:51:00,71,75,-4,2,4,REGULAR,109,W. CUMMINGS,1,2pt,561,,"['pointsinthepaint', 'fastbreak']",drivinglayup,1,7,William,Cummings,William,Cummings,W,C,W,C,W. Cummings,GALATASARAY MCT TECHNIC,GSM,W. Cummings,7,,,8.9200000762939,55.200000762939,1.0,P2,made,GALATASARAY MCT TECHNIC W. CUMMINGS 2Pt made,,,,,,,,,2,185,1.0,score,0,71,2,75
02:51,02:51:00,71,75,-4,1,4,REGULAR,0,,1,timeout,562,,[],full,0,,,,,,,,,,,ALIAGA PETKIM SPOR,PTK,,,,,,,,TIMEOUT,,ALIAGA PETKIM SPOR timeout,,,,,,,,,0,186,2.0,,0,71,0,75
02:51,02:51:00,71,75,-4,1,4,REGULAR,65,R. BLUMBERGS,1,substitution,563,,[],out,0,6,Roberts,Blumbergs,Roberts,Blumbergs,R,B,R,B,R. Blumbergs,ALIAGA PETKIM SPOR,PTK,R. Blumbergs,6,,,,,,SUB,out,ALIAGA PETKIM SPOR substitution out,,,,,,,,,0,186,2.0,,0,71,0,75
02:51,02:51:00,71,75,-4,1,4,REGULAR,70,U. UTOMI,1,substitution,564,,[],in,0,8,Uzodinma,Utomi,Uzodinma,Utomi,U,U,U,U,U. Utomi,ALIAGA PETKIM SPOR,PTK,U. Utomi,8,,,,,,SUB,in,ALIAGA PETKIM SPOR substitution in,,,,,,,,,0,186,2.0,,0,71,0,75
02:27,02:27:00,71,75,-4,1,4,REGULAR,67,D. EFIANAYI JR,0,3pt,566,,[],jumpshot,1,4,David Tinsley Eghosa,Efianayi Jr,David Tinsley Eghosa,Efianayi Jr,D,E,D,E,D. Efianayi Jr,ALIAGA PETKIM SPOR,PTK,D. Efianayi Jr,4,,,79.440002441406,91.069999694824,0.0,P3,missed,ALIAGA PETKIM SPOR D. EFIANAYI JR 3Pt missed,,,,,,,,,0,186,2.0,def_reb,0,71,0,75
02:24,02:24:00,71,75,-4,2,4,REGULAR,102,E. MC COLLUM,1,rebound,567,566,[],defensive,0,3,Errick,Mc Collum,Errick,Mc Collum,E,M,E,M,E. Mc Collum,GALATASARAY MCT TECHNIC,GSM,E. Mc Collum,3,,,,,,REB,,GALATASARAY MCT TECHNIC rebound defensive,,,,,,,,,0,187,1.0,def_reb,0,71,0,75
02:02,02:02:00,71,75,-4,2,4,REGULAR,102,E. MC COLLUM,0,3pt,568,,[],fadeaway,1,3,Errick,Mc Collum,Errick,Mc Collum,E,M,E,M,E. Mc Collum,GALATASARAY MCT TECHNIC,GSM,E. Mc Collum,3,,,25.14999961853,84.860000610352,0.0,P3,missed,GALATASARAY MCT TECHNIC E. MC COLLUM 3Pt missed,,,,,,,,,0,188,2.0,def_reb,0,71,0,75
01:58,01:58:00,71,75,-4,1,4,REGULAR,42,Y. SONSIRMA,1,rebound,569,568,[],defensive,0,9,Yunus Emre,Sonsirma,Yunus Emre,Sonsirma,Y,S,Y,S,Y. Sonsirma,ALIAGA PETKIM SPOR,PTK,Y. Sonsirma,9,,,,,,REB,,ALIAGA PETKIM SPOR rebound defensive,,,,,,,,,0,189,1.0,def_reb,0,71,0,75
01:52,01:52:00,71,75,-4,2,4,REGULAR,70,R. ÖNCEL,1,foul,571,,[],personal,0,10,Ridvan,Öncel,Ridvan,Öncel,R,Ö,R,Ö,R. Öncel,GALATASARAY MCT TECHNIC,GSM,R. Öncel,10,,,,,,FOUL,,GALATASARAY MCT TECHNIC R. ÖNCEL foul personal,,,,,,,,,0,190,2.0,,0,71,0,75
01:52,01:52:00,71,75,-4,1,4,REGULAR,68,Y. FRANKE,1,foulon,572,571,[],,0,5,Yannick Ayrton,Franke,Yannick Ayrton,Franke,Y,F,Y,F,Y. Franke,ALIAGA PETKIM SPOR,PTK,Y. Franke,5,,,,,,OTHER,,ALIAGA PETKIM SPOR foulon,,,,,,,,,0,190,2.0,,0,71,0,75
01:41,01:41:00,71,75,-4,1,4,REGULAR,42,Y. SONSIRMA,0,3pt,574,,[],jumpshot,1,9,Yunus Emre,Sonsirma,Yunus Emre,Sonsirma,Y,S,Y,S,Y. Sonsirma,ALIAGA PETKIM SPOR,PTK,Y. Sonsirma,9,,,95.040000915527,97.01000213623,0.0,P3,missed,ALIAGA PETKIM SPOR Y. SONSIRMA 3Pt missed,,,,,,,,,0,190,2.0,def_reb,0,71,0,75
01:39,01:39:00,71,75,-4,2,4,REGULAR,108,C. BISHOP,1,rebound,575,574,[],defensive,0,13,Christian Angelo ,Bishop,Christian Angelo ,Bishop,C,B,C,B,C. Bishop,GALATASARAY MCT TECHNIC,GSM,C. Bishop,13,,,,,,REB,,GALATASARAY MCT TECHNIC rebound defensive,,,,,,,,,0,191,1.0,def_reb,0,71,0,75
01:24,01:24:00,71,75,-4,2,4,REGULAR,103,J. PALMER JR,0,3pt,576,,[],jumpshot,1,12,James Alfred,Palmer Jr,James Alfred,Palmer Jr,J,P,J,P,J. Palmer Jr,GALATASARAY MCT TECHNIC,GSM,J. Palmer Jr,12,,,30.760000228882,63.389999389648,0.0,P3,missed,GALATASARAY MCT TECHNIC J. PALMER JR 3Pt missed,,,,,,,,,0,192,2.0,,0,71,0,75
01:22,01:22:00,71,75,-4,2,4,REGULAR,108,C. BISHOP,1,rebound,577,576,[],offensive,0,13,Christian Angelo ,Bishop,Christian Angelo ,Bishop,C,B,C,B,C. Bishop,GALATASARAY MCT TECHNIC,GSM,C. Bishop,13,,,,,,REB,,GALATASARAY MCT TECHNIC rebound offensive,,,,,,,,,0,192,2.0,,0,71,0,75
01:12,01:12:00,71,75,-4,2,4,REGULAR,70,R. ÖNCEL,1,turnover,579,,[],travel,0,10,Ridvan,Öncel,Ridvan,Öncel,R,Ö,R,Ö,R. Öncel,GALATASARAY MCT TECHNIC,GSM,R. Öncel,10,,,,,,TO,,GALATASARAY MCT TECHNIC R. ÖNCEL turnover travel,,,,,,,,,0,192,2.0,turnover,0,71,0,75
01:12,01:12:00,71,75,-4,1,4,REGULAR,0,,1,timeout,580,,[],full,0,,,,,,,,,,,ALIAGA PETKIM SPOR,PTK,,,,,,,,TIMEOUT,,ALIAGA PETKIM SPOR timeout,,,,,,,,,0,193,1.0,,0,71,0,75
01:02,01:02:00,71,75,-4,1,4,REGULAR,67,D. EFIANAYI JR,1,turnover,582,,[],badpass,0,4,David Tinsley Eghosa,Efianayi Jr,David Tinsley Eghosa,Efianayi Jr,D,E,D,E,D. Efianayi Jr,ALIAGA PETKIM SPOR,PTK,D. Efianayi Jr,4,,,,,,TO,,ALIAGA PETKIM SPOR D. EFIANAYI JR turnover badpass,,,,,,,,,0,193,1.0,turnover,0,71,0,75
01:02,01:02:00,71,75,-4,2,4,REGULAR,108,C. BISHOP,1,steal,583,582,[],,0,13,Christian Angelo ,Bishop,Christian Angelo ,Bishop,C,B,C,B,C. Bishop,GALATASARAY MCT TECHNIC,GSM,C. Bishop,13,,,,,,ST,,GALATASARAY MCT TECHNIC C. BISHOP steal,,,,,,,,,0,194,2.0,,0,71,0,75
00:55,00:55:50,71,78,-7,2,4,REGULAR,109,W. CUMMINGS,1,3pt,584,,"['fromturnover', 'fastbreak']",jumpshot,1,7,William,Cummings,William,Cummings,W,C,W,C,W. Cummings,GALATASARAY MCT TECHNIC,GSM,W. Cummings,7,,,20.469999313354,89.379997253418,1.0,P3,made,GALATASARAY MCT TECHNIC W. CUMMINGS 3Pt made,,,,,,,,,3,194,2.0,score,0,71,3,78
00:43,00:43:70,73,78,-5,1,4,REGULAR,68,Y. FRANKE,1,2pt,588,,[],jumpshot,1,5,Yannick Ayrton,Franke,Yannick Ayrton,Franke,Y,F,Y,F,Y. Franke,ALIAGA PETKIM SPOR,PTK,Y. Franke,5,,,87.389999389648,21.299999237061,1.0,P2,made,ALIAGA PETKIM SPOR Y. FRANKE 2Pt made,,,,,,,,,2,195,1.0,score,2,73,0,78
00:22,00:22:20,73,78,-5,2,4,REGULAR,102,E. MC COLLUM,0,2pt,590,,[],jumpshot,1,3,Errick,Mc Collum,Errick,Mc Collum,E,M,E,M,E. Mc Collum,GALATASARAY MCT TECHNIC,GSM,E. Mc Collum,3,,,23.89999961853,65.080001831055,0.0,P2,missed,GALATASARAY MCT TECHNIC E. MC COLLUM 2Pt missed,,,,,,,,,0,196,2.0,def_reb,0,73,0,78
00:20,00:20:30,73,78,-5,1,4,REGULAR,67,D. EFIANAYI JR,1,rebound,591,590,[],defensive,0,4,David Tinsley Eghosa,Efianayi Jr,David Tinsley Eghosa,Efianayi Jr,D,E,D,E,D. Efianayi Jr,ALIAGA PETKIM SPOR,PTK,D. Efianayi Jr,4,,,,,,REB,,ALIAGA PETKIM SPOR rebound defensive,,,,,,,,,0,197,1.0,def_reb,0,73,0,78
00:14,00:14:10,73,78,-5,1,4,REGULAR,42,Y. SONSIRMA,0,3pt,592,,[],jumpshot,1,9,Yunus Emre,Sonsirma,Yunus Emre,Sonsirma,Y,S,Y,S,Y. Sonsirma,ALIAGA PETKIM SPOR,PTK,Y. Sonsirma,9,,,69.449996948242,33.450000762939,0.0,P3,missed,ALIAGA PETKIM SPOR Y. SONSIRMA 3Pt missed,,,,,,,,,0,198,2.0,def_reb,0,73,0,78
00:11,00:11:80,73,78,-5,2,4,REGULAR,103,J. PALMER JR,1,rebound,593,592,[],defensive,0,12,James Alfred,Palmer Jr,James Alfred,Palmer Jr,J,P,J,P,J. Palmer Jr,GALATASARAY MCT TECHNIC,GSM,J. Palmer Jr,12,,,,,,REB,,GALATASARAY MCT TECHNIC rebound defensive,,,,,,,,,0,199,1.0,def_reb,0,73,0,78
00:05,00:05:80,73,80,-7,2,4,REGULAR,102,E. MC COLLUM,1,2pt,594,,['pointsinthepaint'],drivinglayup,1,3,Errick,Mc Collum,Errick,Mc Collum,E,M,E,M,E. Mc Collum,GALATASARAY MCT TECHNIC,GSM,E. Mc Collum,3,,,7.9899997711182,56.330001831055,1.0,P2,made,GALATASARAY MCT TECHNIC E. MC COLLUM 2Pt made,109.0,2.0,W. CUMMINGS,,,,,,2,200,2.0,score,0,73,2,80
00:05,00:05:80,73,80,-7,2,4,REGULAR,109,W. CUMMINGS,1,assist,595,594,[],,0,7,William,Cummings,William,Cummings,W,C,W,C,W. Cummings,GALATASARAY MCT TECHNIC,GSM,W. Cummings,7,,,,,,ASS,,GALATASARAY MCT TECHNIC W. CUMMINGS assist,,,,,,,,,0,201,1.0,,0,73,0,80
00:01,00:01:60,75,80,-5,1,4,REGULAR,42,Y. SONSIRMA,1,2pt,598,,"['pointsinthepaint', 'fastbreak']",drivinglayup,1,9,Yunus Emre,Sonsirma,Yunus Emre,Sonsirma,Y,S,Y,S,Y. Sonsirma,ALIAGA PETKIM SPOR,PTK,Y. Sonsirma,9,,,93.949996948242,45.029998779297,1.0,P2,made,ALIAGA PETKIM SPOR Y. SONSIRMA 2Pt made,,,,,,,,,2,201,1.0,score,2,75,0,80
00:00,00:00:00,75,80,-5,0,4,REGULAR,0,,1,period,600,,['confirmed'],end,0,,,,,,,,,,,,,,,,,,,,OTHER,,period end,,,,,,,,,0,202,2.0,,0,75,0,80
00:00,00:00:00,75,80,-5,0,4,REGULAR,0,,1,game,601,,['confirmed'],end,0,,,,,,,,,,,,,,,,,,,,OTHER,,game end,,,,,,,,,0,202,2.0,,0,75,0,80
