gt,clock,s1,s2,lead,tno,period,periodType,pno,player,success,actionType,actionNumber,previousAction,qualifier,subType,scoring,shirtNumber,firstName,familyName,internationalFirstName,internationalFamilyName,firstNameInitial,familyNameInitial,internationalFirstNameInitial,internationalFamilyNameInitial,scoreboardName,team_name,team_code,player_name_from_roster,player_shirt,player_pos_raw,player_pos_group,x,y,r,ev_code,ev_result,ev_text,assist_pno,assist_tno,assist_player,block_pno,block_tno,block_player,assist_pos_group,block_pos_group,points,possession_id,possession_owner_tno,possession_end_reason,pts_1,cum_1,pts_2,cum_2
10:00,10:00:00,0,0,0,0,1,REGULAR,0,,1,game,1,,[],start,0,,,,,,,,,,,,,,,,,,,,OTHER,,game start,,,,,,,,,0,0,,,0,0,0,0
10:00,10:00:00,0,0,0,0,1,REGULAR,0,,1,period,2,,[],start,0,,,,,,,,,,,,,,,,,,,,OTHER,,period start,,,,,,,,,0,0,,,0,0,0,0
10:00,10:00:00,0,0,0,0,1,REGULAR,0,,1,jumpball,4,,[],startperiod,0,,,,,,,,,,,,,,,,,,,,JUMP,,jump ball,,,,,,,,,0,0,,,0,0,0,0
10:00,10:00:00,0,0,0,1,1,REGULAR,27,J. SIMMONS,1,jumpball,5,4,[],won,0,11,Jeremy Byron Jerome,Simmons,Jeremy Byron Jerome,Simmons,J,S,J,S,J. Simmons,ESENLER EROKSPOR,ERK,J. Simmons,11,,,,,,JUMP,,jump ball,,,,,,,,,0,0,,,0,0,0,0
10:00,10:00:00,0,0,0,2,1,REGULAR,9,A. DELGADO ASTACIO,1,jumpball,6,4,[],lost,0,31,Angel Luis,Delgado Astacio,Angel Luis,Delgado Astacio,A,D,A,D,A. Delgado Astacio,TRABZONSPOR,TRB,A. Delgado Astacio,31,,,,,,JUMP,,jump ball,,,,,,,,,0,0,,,0,0,0,0
09:40,09:40:00,0,0,0,1,1,REGULAR,21,E. GAZI,0,3pt,7,,[],jumpshot,1,7,Erten,Gazi,Erten,Gazi,E,G,E,G,E. Gazi,ESENLER EROKSPOR,ERK,E. Gazi,7,,,32.450000762939,81.639999389648,0.0,P3,missed,ESENLER EROKSPOR E. GAZI 3Pt missed,,,,,,,,,0,1,1.0,def_reb,0,0,0,0
09:35,09:35:00,0,0,0,2,1,REGULAR,5,O. ULUBAY,1,rebound,8,7,[],defensive,0,13,Okben,Ulubay,Okben,Ulubay,O,U,O,U,O. Ulubay,TRABZONSPOR,TRB,O. Ulubay,13,,,,,,REB,,TRABZONSPOR rebound defensive,,,,,,,,,0,2,2.0,def_reb,0,0,0,0
09:31,09:31:00,0,2,-2,2,1,REGULAR,11,M. REED,1,2pt,9,,"['pointsinthepaint', 'fastbreak']",drivinglayup,1,0,Marcquise Deandre,Reed,Marcquise Deandre,Reed,M,R,M,R,M. Reed,TRABZONSPOR,TRB,M. Reed,0,,,92.819999694824,48.590000152588,1.0,P2,made,TRABZONSPOR M. REED 2Pt made,14.0,2.0,D. GRANT,,,,,,2,3,1.0,score,0,0,2,2
09:31,09:31:00,0,2,-2,2,1,REGULAR,14,D. GRANT,1,assist,10,9,[],,0,1,Denove Octavon,Grant,Denove Octavon,Grant,D,G,D,G,D. Grant,TRABZONSPOR,TRB,D. Grant,1,,,,,,ASS,,TRABZONSPOR D. GRANT assist,,,,,,,,,0,4,2.0,,0,0,0,2
09:18,09:18:00,0,2,-2,1,1,REGULAR,21,E. GAZI,1,turnover,12,,[],badpass,0,7,Erten,Gazi,Erten,Gazi,E,G,E,G,E. Gazi,ESENLER EROKSPOR,ERK,E. Gazi,7,,,,,,TO,,ESENLER EROKSPOR E. GAZI turnover badpass,,,,,,,,,0,4,2.0,turnover,0,0,0,2
09:02,09:02:00,0,5,-5,2,1,REGULAR,10,T. TINKLE,1,3pt,14,,['fromturnover'],jumpshot,1,3,Tres Anthony,Tinkle,Tres Anthony,Tinkle,T,T,T,T,T. Tinkle,TRABZONSPOR,TRB,T. Tinkle,3,,,73.790000915527,83.620002746582,1.0,P3,made,TRABZONSPOR T. TINKLE 3Pt made,11.0,2.0,M. REED,,,,,,3,5,1.0,score,0,0,3,5
09:02,09:02:00,0,5,-5,2,1,REGULAR,11,M. REED,1,assist,15,14,[],,0,0,Marcquise Deandre,Reed,Marcquise Deandre,Reed,M,R,M,R,M. Reed,TRABZONSPOR,TRB,M. Reed,0,,,,,,ASS,,TRABZONSPOR M. REED assist,,,,,,,,,0,6,2.0,,0,0,0,5
08:39,08:39:00,2,5,-3,1,1,REGULAR,21,E. GAZI,1,2pt,16,,['pointsinthepaint'],drivinglayup,1,7,Erten,Gazi,Erten,Gazi,E,G,E,G,E. Gazi,ESENLER EROKSPOR,ERK,E. Gazi,7,,,6.0799999237061,51.409999847412,1.0,P2,made,ESENLER EROKSPOR E. GAZI 2Pt made,28.0,1.0,J. LOVE,,,,,,2,6,2.0,score,2,2,0,5
08:39,08:39:00,2,5,-3,1,1,REGULAR,28,J. LOVE,1,assist,17,16,[],,0,22,Jermaine,Love,Jermaine,Love,J,L,J,L,J. Love,ESENLER EROKSPOR,ERK,J. Love,22,,,,,,ASS,,ESENLER EROKSPOR J. LOVE assist,,,,,,,,,0,7,1.0,,0,2,0,5
08:25,08:25:00,2,5,-3,1,1,REGULAR,21,E. GAZI,1,foul,19,,"['shooting', '2freethrow']",personal,0,7,Erten,Gazi,Erten,Gazi,E,G,E,G,E. Gazi,ESENLER EROKSPOR,ERK,E. Gazi,7,,,,,,FOUL,,ESENLER EROKSPOR E. GAZI foul personal,,,,,,,,,0,7,1.0,,0,2,0,5
08:25,08:25:00,2,5,-3,2,1,REGULAR,9,A. DELGADO ASTACIO,1,foulon,20,19,[],,0,31,Angel Luis,Delgado Astacio,Angel Luis,Delgado Astacio,A,D,A,D,A. Delgado Astacio,TRABZONSPOR,TRB,A. Delgado Astacio,31,,,,,,OTHER,,TRABZONSPOR foulon,,,,,,,,,0,7,1.0,,0,2,0,5
08:25,08:25:00,2,6,-4,2,1,REGULAR,9,A. DELGADO ASTACIO,1,freethrow,21,,[],1of2,1,31,Angel Luis,Delgado Astacio,Angel Luis,Delgado Astacio,A,D,A,D,A. Delgado Astacio,TRABZONSPOR,TRB,A. Delgado Astacio,31,,,,,,FT,made,TRABZONSPOR A. DELGADO ASTACIO FT 1of2 made,,,,,,,,,1,7,1.0,made_ft,0,2,1,6
08:25,08:25:00,2,6,-4,2,1,REGULAR,14,D. GRANT,1,assist,22,21,[],,0,1,Denove Octavon,Grant,Denove Octavon,Grant,D,G,D,G,D. Grant,TRABZONSPOR,TRB,D. Grant,1,,,,,,ASS,,TRABZONSPOR D. GRANT assist,,,,,,,,,0,8,2.0,,0,2,0,6
08:25,08:25:00,2,6,-4,2,1,REGULAR,9,A. DELGADO ASTACIO,0,freethrow,23,,[],2of2,1,31,Angel Luis,Delgado Astacio,Angel Luis,Delgado Astacio,A,D,A,D,A. Delgado Astacio,TRABZONSPOR,TRB,A. Delgado Astacio,31,,,,,,FT,missed,TRABZONSPOR A. DELGADO ASTACIO FT 2of2 missed,,,,,,,,,0,8,2.0,def_reb,0,2,0,6
08:25,08:25:00,2,6,-4,1,1,REGULAR,20,E. ARNA,1,rebound,25,23,[],defensive,0,18,Egehan,Arna,Egehan,Arna,E,A,E,A,E. Arna,ESENLER EROKSPOR,ERK,E. Arna,18,,,,,,REB,,ESENLER EROKSPOR rebound defensive,,,,,,,,,0,9,1.0,def_reb,0,2,0,6
08:09,08:09:00,2,6,-4,1,1,REGULAR,28,J. LOVE,0,2pt,26,,[],jumpshot,1,22,Jermaine,Love,Jermaine,Love,J,L,J,L,J. Love,ESENLER EROKSPOR,ERK,J. Love,22,,,17.469999313354,78.529998779297,0.0,P2,missed,ESENLER EROKSPOR J. LOVE 2Pt missed,,,,,,,,,0,10,2.0,def_reb,0,2,0,6
08:07,08:07:00,2,6,-4,2,1,REGULAR,9,A. DELGADO ASTACIO,1,rebound,27,26,[],defensive,0,31,Angel Luis,Delgado Astacio,Angel Luis,Delgado Astacio,A,D,A,D,A. Delgado Astacio,TRABZONSPOR,TRB,A. Delgado Astacio,31,,,,,,REB,,TRABZONSPOR rebound defensive,,,,,,,,,0,11,1.0,def_reb,0,2,0,6
07:55,07:55:00,2,6,-4,2,1,REGULAR,11,M. REED,0,2pt,28,,"['pointsinthepaint', 'blocked']",layup,1,0,Marcquise Deandre,Reed,Marcquise Deandre,Reed,M,R,M,R,M. Reed,TRABZONSPOR,TRB,M. Reed,0,,,92.819999694824,46.049999237061,0.0,P2,missed,TRABZONSPOR M. REED 2Pt missed,,,,23.0,1.0,J. GANT,,,0,12,2.0,,0,2,0,6
07:55,07:55:00,2,6,-4,1,1,REGULAR,23,J. GANT,1,block,30,28,[],,0,23,Jakeenan Tyelle ,Gant,Jakeenan Tyelle ,Gant,J,G,J,G,J. Gant,ESENLER EROKSPOR,ERK,J. Gant,23,,,,,,BS,,ESENLER EROKSPOR J. GANT block,,,,,,,,,0,12,2.0,,0,2,0,6
07:53,07:53:00,2,6,-4,2,1,REGULAR,10,T. TINKLE,1,rebound,31,28,[],offensive,0,3,Tres Anthony,Tinkle,Tres Anthony,Tinkle,T,T,T,T,T. Tinkle,TRABZONSPOR,TRB,T. Tinkle,3,,,,,,REB,,TRABZONSPOR rebound offensive,,,,,,,,,0,12,2.0,,0,2,0,6
07:53,07:53:00,2,6,-4,1,1,REGULAR,23,J. GANT,1,foul,32,,"['shooting', '2freethrow']",personal,0,23,Jakeenan Tyelle ,Gant,Jakeenan Tyelle ,Gant,J,G,J,G,J. Gant,ESENLER EROKSPOR,ERK,J. Gant,23,,,,,,FOUL,,ESENLER EROKSPOR J. GANT foul personal,,,,,,,,,0,12,2.0,,0,2,0,6
07:53,07:53:00,2,6,-4,2,1,REGULAR,10,T. TINKLE,1,foulon,33,32,[],,0,3,Tres Anthony,Tinkle,Tres Anthony,Tinkle,T,T,T,T,T. Tinkle,TRABZONSPOR,TRB,T. Tinkle,3,,,,,,OTHER,,TRABZONSPOR foulon,,,,,,,,,0,12,2.0,,0,2,0,6
07:53,07:53:00,2,7,-5,2,1,REGULAR,10,T. TINKLE,1,freethrow,34,,['2ndchance'],1of2,1,3,Tres Anthony,Tinkle,Tres Anthony,Tinkle,T,T,T,T,T. Tinkle,TRABZONSPOR,TRB,T. Tinkle,3,,,,,,FT,made,TRABZONSPOR T. TINKLE FT 1of2 made,,,,,,,,,1,12,2.0,made_ft,0,2,1,7
07:53,07:53:00,2,8,-6,2,1,REGULAR,10,T. TINKLE,1,freethrow,35,,['2ndchance'],2of2,1,3,Tres Anthony,Tinkle,Tres Anthony,Tinkle,T,T,T,T,T. Tinkle,TRABZONSPOR,TRB,T. Tinkle,3,,,,,,FT,made,TRABZONSPOR T. TINKLE FT 2of2 made,,,,,,,,,1,13,1.0,made_ft_last,0,2,1,8
07:33,07:33:00,2,8,-6,1,1,REGULAR,23,J. GANT,0,3pt,39,,[],jumpshot,1,23,Jakeenan Tyelle ,Gant,Jakeenan Tyelle ,Gant,J,G,J,G,J. Gant,ESENLER EROKSPOR,ERK,J. Gant,23,,,16.85000038147,93.5,0.0,P3,missed,ESENLER EROKSPOR J. GANT 3Pt missed,,,,,,,,,0,14,2.0,,0,2,0,8
07:30,07:30:00,2,8,-6,1,1,REGULAR,20,E. ARNA,1,rebound,40,39,[],offensive,0,18,Egehan,Arna,Egehan,Arna,E,A,E,A,E. Arna,ESENLER EROKSPOR,ERK,E. Arna,18,,,,,,REB,,ESENLER EROKSPOR rebound offensive,,,,,,,,,0,14,2.0,,0,2,0,8
07:28,07:28:00,2,8,-6,1,1,REGULAR,20,E. ARNA,0,3pt,41,,['2ndchance'],jumpshot,1,18,Egehan,Arna,Egehan,Arna,E,A,E,A,E. Arna,ESENLER EROKSPOR,ERK,E. Arna,18,,,31.049999237061,52.819999694824,0.0,P3,missed,ESENLER EROKSPOR E. ARNA 3Pt missed,,,,,,,,,0,14,2.0,def_reb,0,2,0,8
07:26,07:26:00,2,8,-6,1,1,REGULAR,0,,1,rebound,43,41,['team'],offensive,0,,,,,,,,,,,ESENLER EROKSPOR,ERK,,,,,,,,TREB,,ESENLER EROKSPOR team rebound offensive,,,,,,,,,0,15,1.0,def_reb,0,2,0,8
07:22,07:22:00,2,8,-6,1,1,REGULAR,28,J. LOVE,1,turnover,45,,[],badpass,0,22,Jermaine,Love,Jermaine,Love,J,L,J,L,J. Love,ESENLER EROKSPOR,ERK,J. Love,22,,,,,,TO,,ESENLER EROKSPOR J. LOVE turnover badpass,,,,,,,,,0,16,2.0,turnover,0,2,0,8
07:22,07:22:00,2,8,-6,2,1,REGULAR,10,T. TINKLE,1,steal,46,45,[],,0,3,Tres Anthony,Tinkle,Tres Anthony,Tinkle,T,T,T,T,T. Tinkle,TRABZONSPOR,TRB,T. Tinkle,3,,,,,,ST,,TRABZONSPOR T. TINKLE steal,,,,,,,,,0,17,1.0,,0,2,0,8
07:20,07:20:00,2,8,-6,1,1,REGULAR,20,E. ARNA,1,foul,48,,[],personal,0,18,Egehan,Arna,Egehan,Arna,E,A,E,A,E. Arna,ESENLER EROKSPOR,ERK,E. Arna,18,,,,,,FOUL,,ESENLER EROKSPOR E. ARNA foul personal,,,,,,,,,0,17,1.0,,0,2,0,8
07:20,07:20:00,2,8,-6,2,1,REGULAR,11,M. REED,1,foulon,49,48,[],,0,0,Marcquise Deandre,Reed,Marcquise Deandre,Reed,M,R,M,R,M. Reed,TRABZONSPOR,TRB,M. Reed,0,,,,,,OTHER,,TRABZONSPOR foulon,,,,,,,,,0,17,1.0,,0,2,0,8
07:15,07:15:00,2,8,-6,2,1,REGULAR,9,A. DELGADO ASTACIO,0,2pt,51,,"['fromturnover', 'pointsinthepaint']",floatingjumpshot,1,31,Angel Luis,Delgado Astacio,Angel Luis,Delgado Astacio,A,D,A,D,A. Delgado Astacio,TRABZONSPOR,TRB,A. Delgado Astacio,31,,,89.699996948242,39.270000457764,0.0,P2,missed,TRABZONSPOR A. DELGADO ASTACIO 2Pt missed,,,,,,,,,0,17,1.0,def_reb,0,2,0,8
07:12,07:12:00,2,8,-6,1,1,REGULAR,27,J. SIMMONS,1,rebound,52,51,[],defensive,0,11,Jeremy Byron Jerome,Simmons,Jeremy Byron Jerome,Simmons,J,S,J,S,J. Simmons,ESENLER EROKSPOR,ERK,J. Simmons,11,,,,,,REB,,ESENLER EROKSPOR rebound defensive,,,,,,,,,0,18,2.0,def_reb,0,2,0,8
07:00,07:00:00,2,8,-6,1,1,REGULAR,20,E. ARNA,0,2pt,53,,['pointsinthepaint'],layup,1,18,Egehan,Arna,Egehan,Arna,E,A,E,A,E. Arna,ESENLER EROKSPOR,ERK,E. Arna,18,,,2.1800000667572,49.720001220703,0.0,P2,missed,ESENLER EROKSPOR E. ARNA 2Pt missed,,,,,,,,,0,19,1.0,def_reb,0,2,0,8
06:57,06:57:00,2,8,-6,2,1,REGULAR,10,T. TINKLE,1,rebound,54,53,[],defensive,0,3,Tres Anthony,Tinkle,Tres Anthony,Tinkle,T,T,T,T,T. Tinkle,TRABZONSPOR,TRB,T. Tinkle,3,,,,,,REB,,TRABZONSPOR rebound defensive,,,,,,,,,0,20,2.0,def_reb,0,2,0,8
06:46,06:46:00,2,8,-6,1,1,REGULAR,27,J. SIMMONS,1,foul,56,,"['shooting', '2freethrow']",personal,0,11,Jeremy Byron Jerome,Simmons,Jeremy Byron Jerome,Simmons,J,S,J,S,J. Simmons,ESENLER EROKSPOR,ERK,J. Simmons,11,,,,,,FOUL,,ESENLER EROKSPOR J. SIMMONS foul personal,,,,,,,,,0,21,1.0,,0,2,0,8
06:46,06:46:00,2,8,-6,2,1,REGULAR,9,A. DELGADO ASTACIO,1,foulon,57,56,[],,0,31,Angel Luis,Delgado Astacio,Angel Luis,Delgado Astacio,A,D,A,D,A. Delgado Astacio,TRABZONSPOR,TRB,A. Delgado Astacio,31,,,,,,OTHER,,TRABZONSPOR foulon,,,,,,,,,0,21,1.0,,0,2,0,8
06:41,06:41:00,2,8,-6,1,1,REGULAR,21,E. GAZI,1,substitution,58,,[],out,0,7,Erten,Gazi,Erten,Gazi,E,G,E,G,E. Gazi,ESENLER EROKSPOR,ERK,E. Gazi,7,,,,,,SUB,out,ESENLER EROKSPOR substitution out,,,,,,,,,0,21,1.0,,0,2,0,8
06:41,06:41:00,2,8,-6,1,1,REGULAR,26,J. CRAWFORD,1,substitution,59,,[],in,0,1,Jordon Benjamin,Crawford,Jordon Benjamin,Crawford,J,C,J,C,J. Crawford,ESENLER EROKSPOR,ERK,J. Crawford,1,,,,,,SUB,in,ESENLER EROKSPOR substitution in,,,,,,,,,0,21,1.0,,0,2,0,8
06:41,06:41:00,2,8,-6,2,1,REGULAR,9,A. DELGADO ASTACIO,0,freethrow,60,,[],1of2,1,31,Angel Luis,Delgado Astacio,Angel Luis,Delgado Astacio,A,D,A,D,A. Delgado Astacio,TRABZONSPOR,TRB,A. Delgado Astacio,31,,,,,,FT,missed,TRABZONSPOR A. DELGADO ASTACIO FT 1of2 missed,,,,,,,,,0,21,1.0,def_reb,0,2,0,8
06:41,06:41:00,2,8,-6,2,1,REGULAR,0,,1,rebound,62,60,[],offensivedeadball,0,,,,,,,,,,,TRABZONSPOR,TRB,,,,,,,,TREB,,TRABZONSPOR team rebound offensivedeadball,,,,,,,,,0,22,2.0,def_reb,0,2,0,8
06:41,06:41:00,2,8,-6,2,1,REGULAR,9,A. DELGADO ASTACIO,0,freethrow,63,,[],2of2,1,31,Angel Luis,Delgado Astacio,Angel Luis,Delgado Astacio,A,D,A,D,A. Delgado Astacio,TRABZONSPOR,TRB,A. Delgado Astacio,31,,,,,,FT,missed,TRABZONSPOR A. DELGADO ASTACIO FT 2of2 missed,,,,,,,,,0,23,1.0,def_reb,0,2,0,8
06:41,06:41:00,2,8,-6,1,1,REGULAR,23,J. GANT,1,rebound,65,63,[],defensive,0,23,Jakeenan Tyelle ,Gant,Jakeenan Tyelle ,Gant,J,G,J,G,J. Gant,ESENLER EROKSPOR,ERK,J. Gant,23,,,,,,REB,,ESENLER EROKSPOR rebound defensive,,,,,,,,,0,24,2.0,def_reb,0,2,0,8
06:22,06:22:00,2,8,-6,1,1,REGULAR,26,J. CRAWFORD,0,3pt,66,,[],jumpshot,1,1,Jordon Benjamin,Crawford,Jordon Benjamin,Crawford,J,C,J,C,J. Crawford,ESENLER EROKSPOR,ERK,J. Crawford,1,,,25.430000305176,10.170000076294,0.0,P3,missed,ESENLER EROKSPOR J. CRAWFORD 3Pt missed,,,,,,,,,0,25,1.0,def_reb,0,2,0,8
06:18,06:18:00,2,8,-6,2,1,REGULAR,14,D. GRANT,1,rebound,67,66,[],defensive,0,1,Denove Octavon,Grant,Denove Octavon,Grant,D,G,D,G,D. Grant,TRABZONSPOR,TRB,D. Grant,1,,,,,,REB,,TRABZONSPOR rebound defensive,,,,,,,,,0,26,2.0,def_reb,0,2,0,8
06:06,06:06:00,2,8,-6,2,1,REGULAR,11,M. REED,1,turnover,69,,[],badpass,0,0,Marcquise Deandre,Reed,Marcquise Deandre,Reed,M,R,M,R,M. Reed,TRABZONSPOR,TRB,M. Reed,0,,,,,,TO,,TRABZONSPOR M. REED turnover badpass,,,,,,,,,0,27,1.0,turnover,0,2,0,8
06:01,06:01:00,2,8,-6,1,1,REGULAR,20,E. ARNA,0,3pt,71,,['fromturnover'],jumpshot,1,18,Egehan,Arna,Egehan,Arna,E,A,E,A,E. Arna,ESENLER EROKSPOR,ERK,E. Arna,18,,,24.959999084473,14.970000267029,0.0,P3,missed,ESENLER EROKSPOR E. ARNA 3Pt missed,,,,,,,,,0,28,2.0,,0,2,0,8
05:58,05:58:00,2,8,-6,1,1,REGULAR,26,J. CRAWFORD,1,rebound,72,71,[],offensive,0,1,Jordon Benjamin,Crawford,Jordon Benjamin,Crawford,J,C,J,C,J. Crawford,ESENLER EROKSPOR,ERK,J. Crawford,1,,,,,,REB,,ESENLER EROKSPOR rebound offensive,,,,,,,,,0,28,2.0,,0,2,0,8
05:56,05:56:00,2,8,-6,1,1,REGULAR,27,J. SIMMONS,1,turnover,74,,[],ballhandling,0,11,Jeremy Byron Jerome,Simmons,Jeremy Byron Jerome,Simmons,J,S,J,S,J. Simmons,ESENLER EROKSPOR,ERK,J. Simmons,11,,,,,,TO,,ESENLER EROKSPOR J. SIMMONS turnover ballhandling,,,,,,,,,0,28,2.0,turnover,0,2,0,8
05:52,05:52:00,2,8,-6,2,1,REGULAR,10,T. TINKLE,1,foul,77,,[],offensive,0,3,Tres Anthony,Tinkle,Tres Anthony,Tinkle,T,T,T,T,T. Tinkle,TRABZONSPOR,TRB,T. Tinkle,3,,,,,,RFOUL,,TRABZONSPOR T. TINKLE foul offensive,,,,,,,,,0,29,1.0,offensive_foul,0,2,0,8
05:52,05:52:00,2,8,-6,2,1,REGULAR,10,T. TINKLE,1,turnover,78,77,[],offensive,0,3,Tres Anthony,Tinkle,Tres Anthony,Tinkle,T,T,T,T,T. Tinkle,TRABZONSPOR,TRB,T. Tinkle,3,,,,,,TO,,TRABZONSPOR T. TINKLE turnover offensive,,,,,,,,,0,30,2.0,turnover,0,2,0,8
05:52,05:52:00,2,8,-6,1,1,REGULAR,20,E. ARNA,1,foulon,79,77,[],,0,18,Egehan,Arna,Egehan,Arna,E,A,E,A,E. Arna,ESENLER EROKSPOR,ERK,E. Arna,18,,,,,,OTHER,,ESENLER EROKSPOR foulon,,,,,,,,,0,31,1.0,,0,2,0,8
05:52,05:52:00,2,8,-6,1,1,REGULAR,28,J. LOVE,1,substitution,80,,[],out,0,22,Jermaine,Love,Jermaine,Love,J,L,J,L,J. Love,ESENLER EROKSPOR,ERK,J. Love,22,,,,,,SUB,out,ESENLER EROKSPOR substitution out,,,,,,,,,0,31,1.0,,0,2,0,8
05:52,05:52:00,2,8,-6,1,1,REGULAR,25,L. GALLOWAY,1,substitution,81,,[],in,0,9,Langston Arnold ,Galloway,Langston Arnold ,Galloway,L,G,L,G,L. Galloway,ESENLER EROKSPOR,ERK,L. Galloway,9,,,,,,SUB,in,ESENLER EROKSPOR substitution in,,,,,,,,,0,31,1.0,,0,2,0,8
05:34,05:34:00,4,8,-4,1,1,REGULAR,23,J. GANT,1,2pt,83,,"['fromturnover', 'pointsinthepaint']",dunk,1,23,Jakeenan Tyelle ,Gant,Jakeenan Tyelle ,Gant,J,G,J,G,J. Gant,ESENLER EROKSPOR,ERK,J. Gant,23,,,5.6199998855591,49.150001525879,1.0,P2,made,ESENLER EROKSPOR J. GANT 2Pt made,26.0,1.0,J. CRAWFORD,,,,,,2,31,1.0,score,2,4,0,8
05:34,05:34:00,4,8,-4,1,1,REGULAR,26,J. CRAWFORD,1,assist,84,83,[],,0,1,Jordon Benjamin,Crawford,Jordon Benjamin,Crawford,J,C,J,C,J. Crawford,ESENLER EROKSPOR,ERK,J. Crawford,1,,,,,,ASS,,ESENLER EROKSPOR J. CRAWFORD assist,,,,,,,,,0,32,2.0,,0,4,0,8
05:09,05:09:00,4,8,-4,1,1,REGULAR,23,J. GANT,1,foul,86,,['2freethrow'],personal,0,23,Jakeenan Tyelle ,Gant,Jakeenan Tyelle ,Gant,J,G,J,G,J. Gant,ESENLER EROKSPOR,ERK,J. Gant,23,,,,,,FOUL,,ESENLER EROKSPOR J. GANT foul personal,,,,,,,,,0,32,2.0,,0,4,0,8
05:09,05:09:00,4,8,-4,2,1,REGULAR,11,M. REED,1,foulon,87,86,[],,0,0,Marcquise Deandre,Reed,Marcquise Deandre,Reed,M,R,M,R,M. Reed,TRABZONSPOR,TRB,M. Reed,0,,,,,,OTHER,,TRABZONSPOR foulon,,,,,,,,,0,32,2.0,,0,4,0,8
05:09,05:09:00,4,9,-5,2,1,REGULAR,11,M. REED,1,freethrow,88,,[],1of2,1,0,Marcquise Deandre,Reed,Marcquise Deandre,Reed,M,R,M,R,M. Reed,TRABZONSPOR,TRB,M. Reed,0,,,,,,FT,made,TRABZONSPOR M. REED FT 1of2 made,,,,,,,,,1,32,2.0,made_ft,0,4,1,9
05:09,05:09:00,4,10,-6,2,1,REGULAR,11,M. REED,1,freethrow,89,,[],2of2,1,0,Marcquise Deandre,Reed,Marcquise Deandre,Reed,M,R,M,R,M. Reed,TRABZONSPOR,TRB,M. Reed,0,,,,,,FT,made,TRABZONSPOR M. REED FT 2of2 made,,,,,,,,,1,33,1.0,made_ft_last,0,4,1,10
04:38,04:38:00,4,10,-6,2,1,REGULAR,10,T. TINKLE,1,foul,92,,"['shooting', '2freethrow']",personal,0,3,Tres Anthony,Tinkle,Tres Anthony,Tinkle,T,T,T,T,T. Tinkle,TRABZONSPOR,TRB,T. Tinkle,3,,,,,,FOUL,,TRABZONSPOR T. TINKLE foul personal,,,,,,,,,0,34,2.0,,0,4,0,10
04:38,04:38:00,4,10,-6,1,1,REGULAR,27,J. SIMMONS,1,foulon,93,92,[],,0,11,Jeremy Byron Jerome,Simmons,Jeremy Byron Jerome,Simmons,J,S,J,S,J. Simmons,ESENLER EROKSPOR,ERK,J. Simmons,11,,,,,,OTHER,,ESENLER EROKSPOR foulon,,,,,,,,,0,34,2.0,,0,4,0,10
04:38,04:38:00,4,10,-6,0,1,REGULAR,0,,1,timeout,94,,[],officials,0,,,,,,,,,,,,,,,,,,,,TIMEOUT,, timeout,,,,,,,,,0,34,2.0,,0,4,0,10
04:38,04:38:00,4,10,-6,2,1,REGULAR,10,T. TINKLE,1,substitution,95,,[],out,0,3,Tres Anthony,Tinkle,Tres Anthony,Tinkle,T,T,T,T,T. Tinkle,TRABZONSPOR,TRB,T. Tinkle,3,,,,,,SUB,out,TRABZONSPOR substitution out,,,,,,,,,0,34,2.0,,0,4,0,10
04:38,04:38:00,4,10,-6,2,1,REGULAR,3,B. DEMIR,1,substitution,96,,[],in,0,11,Berk,Demir,Berk,Demir,B,D,B,D,B. Demir,TRABZONSPOR,TRB,B. Demir,11,,,,,,SUB,in,TRABZONSPOR substitution in,,,,,,,,,0,34,2.0,,0,4,0,10
04:38,04:38:00,4,10,-6,1,1,REGULAR,27,J. SIMMONS,0,freethrow,97,,[],1of2,1,11,Jeremy Byron Jerome,Simmons,Jeremy Byron Jerome,Simmons,J,S,J,S,J. Simmons,ESENLER EROKSPOR,ERK,J. Simmons,11,,,,,,FT,missed,ESENLER EROKSPOR J. SIMMONS FT 1of2 missed,,,,,,,,,0,34,2.0,def_reb,0,4,0,10
04:38,04:38:00,4,10,-6,1,1,REGULAR,0,,1,rebound,98,97,[],offensivedeadball,0,,,,,,,,,,,ESENLER EROKSPOR,ERK,,,,,,,,TREB,,ESENLER EROKSPOR team rebound offensivedeadball,,,,,,,,,0,35,1.0,def_reb,0,4,0,10
04:38,04:38:00,4,10,-6,1,1,REGULAR,27,J. SIMMONS,0,freethrow,99,,[],2of2,1,11,Jeremy Byron Jerome,Simmons,Jeremy Byron Jerome,Simmons,J,S,J,S,J. Simmons,ESENLER EROKSPOR,ERK,J. Simmons,11,,,,,,FT,missed,ESENLER EROKSPOR J. SIMMONS FT 2of2 missed,,,,,,,,,0,36,2.0,def_reb,0,4,0,10
04:38,04:38:00,4,10,-6,2,1,REGULAR,3,B. DEMIR,1,rebound,101,99,[],defensive,0,11,Berk,Demir,Berk,Demir,B,D,B,D,B. Demir,TRABZONSPOR,TRB,B. Demir,11,,,,,,REB,,TRABZONSPOR rebound defensive,,,,,,,,,0,37,1.0,def_reb,0,4,0,10
04:26,04:26:00,4,13,-9,2,1,REGULAR,14,D. GRANT,1,3pt,102,,[],jumpshot,1,1,Denove Octavon,Grant,Denove Octavon,Grant,D,G,D,G,D. Grant,TRABZONSPOR,TRB,D. Grant,1,,,70.830001831055,81.639999389648,1.0,P3,made,TRABZONSPOR D. GRANT 3Pt made,11.0,2.0,M. REED,,,,,,3,38,2.0,score,0,4,3,13
04:26,04:26:00,4,13,-9,2,1,REGULAR,11,M. REED,1,assist,103,102,[],,0,0,Marcquise Deandre,Reed,Marcquise Deandre,Reed,M,R,M,R,M. Reed,TRABZONSPOR,TRB,M. Reed,0,,,,,,ASS,,TRABZONSPOR M. REED assist,,,,,,,,,0,39,1.0,,0,4,0,13
04:06,04:06:00,7,13,-6,1,1,REGULAR,26,J. CRAWFORD,1,3pt,104,,[],jumpshot,1,1,Jordon Benjamin,Crawford,Jordon Benjamin,Crawford,J,C,J,C,J. Crawford,ESENLER EROKSPOR,ERK,J. Crawford,1,,,27.299999237061,11.579999923706,1.0,P3,made,ESENLER EROKSPOR J. CRAWFORD 3Pt made,,,,,,,,,3,39,1.0,score,3,7,0,13
03:54,03:54:00,7,13,-6,2,1,REGULAR,14,D. GRANT,0,3pt,105,,[],jumpshot,1,1,Denove Octavon,Grant,Denove Octavon,Grant,D,G,D,G,D. Grant,TRABZONSPOR,TRB,D. Grant,1,,,71.139999389648,72.599998474121,0.0,P3,missed,TRABZONSPOR D. GRANT 3Pt missed,,,,,,,,,0,40,2.0,def_reb,0,7,0,13
03:51,03:51:00,7,13,-6,1,1,REGULAR,26,J. CRAWFORD,1,rebound,106,105,[],defensive,0,1,Jordon Benjamin,Crawford,Jordon Benjamin,Crawford,J,C,J,C,J. Crawford,ESENLER EROKSPOR,ERK,J. Crawford,1,,,,,,REB,,ESENLER EROKSPOR rebound defensive,,,,,,,,,0,41,1.0,def_reb,0,7,0,13
03:44,03:44:00,7,13,-6,1,1,REGULAR,26,J. CRAWFORD,0,2pt,107,,"['pointsinthepaint', 'blocked']",layup,1,1,Jordon Benjamin,Crawford,Jordon Benjamin,Crawford,J,C,J,C,J. Crawford,ESENLER EROKSPOR,ERK,J. Crawford,1,,,6.4000000953674,49.720001220703,0.0,P2,missed,ESENLER EROKSPOR J. CRAWFORD 2Pt missed,,,,9.0,2.0,A. DELGADO ASTACIO,,,0,42,2.0,,0,7,0,13
03:44,03:44:00,7,13,-6,2,1,REGULAR,9,A. DELGADO ASTACIO,1,block,108,107,[],,0,31,Angel Luis,Delgado Astacio,Angel Luis,Delgado Astacio,A,D,A,D,A. Delgado Astacio,TRABZONSPOR,TRB,A. Delgado Astacio,31,,,,,,BS,,TRABZONSPOR A. DELGADO ASTACIO block,,,,,,,,,0,42,2.0,,0,7,0,13
03:41,03:41:00,7,13,-6,2,1,REGULAR,14,D. GRANT,1,rebound,109,107,[],defensive,0,1,Denove Octavon,Grant,Denove Octavon,Grant,D,G,D,G,D. Grant,TRABZONSPOR,TRB,D. Grant,1,,,,,,REB,,TRABZONSPOR rebound defensive,,,,,,,,,0,42,2.0,def_reb,0,7,0,13
03:36,03:36:00,7,13,-6,2,1,REGULAR,14,D. GRANT,0,3pt,110,,[],jumpshot,1,1,Denove Octavon,Grant,Denove Octavon,Grant,D,G,D,G,D. Grant,TRABZONSPOR,TRB,D. Grant,1,,,75.51000213623,89.269996643066,0.0,P3,missed,TRABZONSPOR D. GRANT 3Pt missed,,,,,,,,,0,43,1.0,def_reb,0,7,0,13
03:34,03:34:00,7,13,-6,1,1,REGULAR,27,J. SIMMONS,1,rebound,111,110,[],defensive,0,11,Jeremy Byron Jerome,Simmons,Jeremy Byron Jerome,Simmons,J,S,J,S,J. Simmons,ESENLER EROKSPOR,ERK,J. Simmons,11,,,,,,REB,,ESENLER EROKSPOR rebound defensive,,,,,,,,,0,44,2.0,def_reb,0,7,0,13
03:21,03:21:00,7,13,-6,1,1,REGULAR,26,J. CRAWFORD,1,turnover,112,,[],badpass,0,1,Jordon Benjamin,Crawford,Jordon Benjamin,Crawford,J,C,J,C,J. Crawford,ESENLER EROKSPOR,ERK,J. Crawford,1,,,,,,TO,,ESENLER EROKSPOR J. CRAWFORD turnover badpass,,,,,,,,,0,45,1.0,turnover,0,7,0,13
03:21,03:21:00,7,13,-6,2,1,REGULAR,9,A. DELGADO ASTACIO,1,steal,113,112,[],,0,31,Angel Luis,Delgado Astacio,Angel Luis,Delgado Astacio,A,D,A,D,A. Delgado Astacio,TRABZONSPOR,TRB,A. Delgado Astacio,31,,,,,,ST,,TRABZONSPOR A. DELGADO ASTACIO steal,,,,,,,,,0,46,2.0,,0,7,0,13
03:05,03:05:00,7,16,-9,2,1,REGULAR,5,O. ULUBAY,1,3pt,114,,['fromturnover'],jumpshot,1,13,Okben,Ulubay,Okben,Ulubay,O,U,O,U,O. Ulubay,TRABZONSPOR,TRB,O. Ulubay,13,,,75.819999694824,85.309997558594,1.0,P3,made,TRABZONSPOR O. ULUBAY 3Pt made,9.0,2.0,A. DELGADO ASTACIO,,,,,,3,46,2.0,score,0,7,3,16
03:05,03:05:00,7,16,-9,2,1,REGULAR,9,A. DELGADO ASTACIO,1,assist,115,114,[],,0,31,Angel Luis,Delgado Astacio,Angel Luis,Delgado Astacio,A,D,A,D,A. Delgado Astacio,TRABZONSPOR,TRB,A. Delgado Astacio,31,,,,,,ASS,,TRABZONSPOR A. DELGADO ASTACIO assist,,,,,,,,,0,47,1.0,,0,7,0,16
02:45,02:45:00,7,16,-9,2,1,REGULAR,9,A. DELGADO ASTACIO,1,foul,117,,[],personal,0,31,Angel Luis,Delgado Astacio,Angel Luis,Delgado Astacio,A,D,A,D,A. Delgado Astacio,TRABZONSPOR,TRB,A. Delgado Astacio,31,,,,,,FOUL,,TRABZONSPOR A. DELGADO ASTACIO foul personal,,,,,,,,,0,47,1.0,,0,7,0,16
02:45,02:45:00,7,16,-9,1,1,REGULAR,25,L. GALLOWAY,1,foulon,118,117,[],,0,9,Langston Arnold ,Galloway,Langston Arnold ,Galloway,L,G,L,G,L. Galloway,ESENLER EROKSPOR,ERK,L. Galloway,9,,,,,,OTHER,,ESENLER EROKSPOR foulon,,,,,,,,,0,47,1.0,,0,7,0,16
02:45,02:45:00,7,16,-9,1,1,REGULAR,27,J. SIMMONS,1,substitution,119,,[],out,0,11,Jeremy Byron Jerome,Simmons,Jeremy Byron Jerome,Simmons,J,S,J,S,J. Simmons,ESENLER EROKSPOR,ERK,J. Simmons,11,,,,,,SUB,out,ESENLER EROKSPOR substitution out,,,,,,,,,0,47,1.0,,0,7,0,16
02:45,02:45:00,7,16,-9,1,1,REGULAR,23,J. GANT,1,substitution,120,,[],out,0,23,Jakeenan Tyelle ,Gant,Jakeenan Tyelle ,Gant,J,G,J,G,J. Gant,ESENLER EROKSPOR,ERK,J. Gant,23,,,,,,SUB,out,ESENLER EROKSPOR substitution out,,,,,,,,,0,47,1.0,,0,7,0,16
02:45,02:45:00,7,16,-9,1,1,REGULAR,24,P. CORNELIE,1,substitution,121,,[],in,0,12,Petr  Willlam,Cornelie,Petr  Willlam,Cornelie,P,C,P,C,P. Cornelie,ESENLER EROKSPOR,ERK,P. Cornelie,12,,,,,,SUB,in,ESENLER EROKSPOR substitution in,,,,,,,,,0,47,1.0,,0,7,0,16
02:45,02:45:00,7,16,-9,1,1,REGULAR,22,T. THURMAN,1,substitution,122,,[],in,0,15,Tre'shawn Marcel,Thurman,Tre'shawn Marcel,Thurman,T,T,T,T,T. Thurman,ESENLER EROKSPOR,ERK,T. Thurman,15,,,,,,SUB,in,ESENLER EROKSPOR substitution in,,,,,,,,,0,47,1.0,,0,7,0,16
02:32,02:32:00,7,16,-9,2,1,REGULAR,11,M. REED,1,foul,125,,[],personal,0,0,Marcquise Deandre,Reed,Marcquise Deandre,Reed,M,R,M,R,M. Reed,TRABZONSPOR,TRB,M. Reed,0,,,,,,FOUL,,TRABZONSPOR M. REED foul personal,,,,,,,,,0,47,1.0,,0,7,0,16
02:32,02:32:00,7,16,-9,1,1,REGULAR,22,T. THURMAN,1,foulon,126,125,[],,0,15,Tre'shawn Marcel,Thurman,Tre'shawn Marcel,Thurman,T,T,T,T,T. Thurman,ESENLER EROKSPOR,ERK,T. Thurman,15,,,,,,OTHER,,ESENLER EROKSPOR foulon,,,,,,,,,0,47,1.0,,0,7,0,16
02:32,02:32:00,7,16,-9,2,1,REGULAR,9,A. DELGADO ASTACIO,1,substitution,127,,[],out,0,31,Angel Luis,Delgado Astacio,Angel Luis,Delgado Astacio,A,D,A,D,A. Delgado Astacio,TRABZONSPOR,TRB,A. Delgado Astacio,31,,,,,,SUB,out,TRABZONSPOR substitution out,,,,,,,,,0,47,1.0,,0,7,0,16
02:32,02:32:00,7,16,-9,2,1,REGULAR,13,K. SILINS,1,substitution,128,,[],in,0,25,Karlis,Silins,Karlis,Silins,K,S,K,S,K. Silins,TRABZONSPOR,TRB,K. Silins,25,,,,,,SUB,in,TRABZONSPOR substitution in,,,,,,,,,0,47,1.0,,0,7,0,16
02:30,02:30:00,7,16,-9,1,1,REGULAR,26,J. CRAWFORD,1,turnover,130,,[],badpass,0,1,Jordon Benjamin,Crawford,Jordon Benjamin,Crawford,J,C,J,C,J. Crawford,ESENLER EROKSPOR,ERK,J. Crawford,1,,,,,,TO,,ESENLER EROKSPOR J. CRAWFORD turnover badpass,,,,,,,,,0,47,1.0,turnover,0,7,0,16
02:30,02:30:00,7,16,-9,2,1,REGULAR,5,O. ULUBAY,1,steal,131,130,[],,0,13,Okben,Ulubay,Okben,Ulubay,O,U,O,U,O. Ulubay,TRABZONSPOR,TRB,O. Ulubay,13,,,,,,ST,,TRABZONSPOR O. ULUBAY steal,,,,,,,,,0,48,2.0,,0,7,0,16
02:19,02:19:00,7,18,-11,2,1,REGULAR,11,M. REED,1,2pt,132,,"['fromturnover', 'pointsinthepaint']",jumpshot,1,0,Marcquise Deandre,Reed,Marcquise Deandre,Reed,M,R,M,R,M. Reed,TRABZONSPOR,TRB,M. Reed,0,,,91.580001831055,57.340000152588,1.0,P2,made,TRABZONSPOR M. REED 2Pt made,,,,,,,,,2,48,2.0,score,0,7,2,18
02:01,02:01:00,7,18,-11,1,1,REGULAR,26,J. CRAWFORD,0,3pt,133,,[],jumpshot,1,1,Jordon Benjamin,Crawford,Jordon Benjamin,Crawford,J,C,J,C,J. Crawford,ESENLER EROKSPOR,ERK,J. Crawford,1,,,27.770000457764,14.689999580383,0.0,P3,missed,ESENLER EROKSPOR J. CRAWFORD 3Pt missed,,,,,,,,,0,49,1.0,def_reb,0,7,0,18
01:59,01:59:00,7,18,-11,2,1,REGULAR,14,D. GRANT,1,rebound,134,133,[],defensive,0,1,Denove Octavon,Grant,Denove Octavon,Grant,D,G,D,G,D. Grant,TRABZONSPOR,TRB,D. Grant,1,,,,,,REB,,TRABZONSPOR rebound defensive,,,,,,,,,0,50,2.0,def_reb,0,7,0,18
01:55,01:55:00,7,18,-11,2,1,REGULAR,3,B. DEMIR,0,3pt,135,,[],jumpshot,1,11,Berk,Demir,Berk,Demir,B,D,B,D,B. Demir,TRABZONSPOR,TRB,B. Demir,11,,,68.949996948242,26.270000457764,0.0,P3,missed,TRABZONSPOR B. DEMIR 3Pt missed,,,,,,,,,0,51,1.0,def_reb,0,7,0,18
01:51,01:51:00,7,18,-11,2,1,REGULAR,0,,1,rebound,136,135,['team'],offensive,0,,,,,,,,,,,TRABZONSPOR,TRB,,,,,,,,TREB,,TRABZONSPOR team rebound offensive,,,,,,,,,0,52,2.0,def_reb,0,7,0,18
01:49,01:49:00,7,18,-11,2,1,REGULAR,13,K. SILINS,0,2pt,139,,['2ndchance'],jumpshot,1,25,Karlis,Silins,Karlis,Silins,K,S,K,S,K. Silins,TRABZONSPOR,TRB,K. Silins,25,,,90.800003051758,74.580001831055,0.0,P2,missed,TRABZONSPOR K. SILINS 2Pt missed,,,,,,,,,0,53,1.0,def_reb,0,7,0,18
01:45,01:45:00,7,18,-11,1,1,REGULAR,24,P. CORNELIE,1,rebound,140,139,[],defensive,0,12,Petr  Willlam,Cornelie,Petr  Willlam,Cornelie,P,C,P,C,P. Cornelie,ESENLER EROKSPOR,ERK,P. Cornelie,12,,,,,,REB,,ESENLER EROKSPOR rebound defensive,,,,,,,,,0,54,2.0,def_reb,0,7,0,18
01:25,01:25:00,7,18,-11,1,1,REGULAR,24,P. CORNELIE,0,2pt,141,,['pointsinthepaint'],layup,1,12,Petr  Willlam,Cornelie,Petr  Willlam,Cornelie,P,C,P,C,P. Cornelie,ESENLER EROKSPOR,ERK,P. Cornelie,12,,,9.6700000762939,46.889999389648,0.0,P2,missed,ESENLER EROKSPOR P. CORNELIE 2Pt missed,,,,,,,,,0,55,1.0,,0,7,0,18
01:23,01:23:00,7,18,-11,1,1,REGULAR,24,P. CORNELIE,1,rebound,142,141,[],offensive,0,12,Petr  Willlam,Cornelie,Petr  Willlam,Cornelie,P,C,P,C,P. Cornelie,ESENLER EROKSPOR,ERK,P. Cornelie,12,,,,,,REB,,ESENLER EROKSPOR rebound offensive,,,,,,,,,0,55,1.0,,0,7,0,18
01:23,01:23:00,7,18,-11,1,1,REGULAR,24,P. CORNELIE,0,2pt,143,,"['2ndchance', 'pointsinthepaint']",tipinlayup,1,12,Petr  Willlam,Cornelie,Petr  Willlam,Cornelie,P,C,P,C,P. Cornelie,ESENLER EROKSPOR,ERK,P. Cornelie,12,,,6.0,50.0,0.0,P2,missed,ESENLER EROKSPOR P. CORNELIE 2Pt missed,,,,,,,,,0,55,1.0,def_reb,0,7,0,18
01:22,01:22:00,7,18,-11,2,1,REGULAR,5,O. ULUBAY,1,rebound,144,143,[],defensive,0,13,Okben,Ulubay,Okben,Ulubay,O,U,O,U,O. Ulubay,TRABZONSPOR,TRB,O. Ulubay,13,,,,,,REB,,TRABZONSPOR rebound defensive,,,,,,,,,0,56,2.0,def_reb,0,7,0,18
01:11,01:11:00,7,20,-13,2,1,REGULAR,14,D. GRANT,1,2pt,145,,['pointsinthepaint'],turnaroundjumpshot,1,1,Denove Octavon,Grant,Denove Octavon,Grant,D,G,D,G,D. Grant,TRABZONSPOR,TRB,D. Grant,1,,,87.050003051758,54.799999237061,1.0,P2,made,TRABZONSPOR D. GRANT 2Pt made,5.0,2.0,O. ULUBAY,,,,,,2,57,1.0,score,0,7,2,20
01:11,01:11:00,7,20,-13,2,1,REGULAR,5,O. ULUBAY,1,assist,147,145,[],,0,13,Okben,Ulubay,Okben,Ulubay,O,U,O,U,O. Ulubay,TRABZONSPOR,TRB,O. Ulubay,13,,,,,,ASS,,TRABZONSPOR O. ULUBAY assist,,,,,,,,,0,58,2.0,,0,7,0,20
01:09,01:09:00,7,20,-13,1,1,REGULAR,0,,1,timeout,148,,[],full,0,,,,,,,,,,,ESENLER EROKSPOR,ERK,,,,,,,,TIMEOUT,,ESENLER EROKSPOR timeout,,,,,,,,,0,58,2.0,,0,7,0,20
01:09,01:09:00,7,20,-13,2,1,REGULAR,14,D. GRANT,1,substitution,149,,[],out,0,1,Denove Octavon,Grant,Denove Octavon,Grant,D,G,D,G,D. Grant,TRABZONSPOR,TRB,D. Grant,1,,,,,,SUB,out,TRABZONSPOR substitution out,,,,,,,,,0,58,2.0,,0,7,0,20
01:09,01:09:00,7,20,-13,2,1,REGULAR,5,O. ULUBAY,1,substitution,150,,[],out,0,13,Okben,Ulubay,Okben,Ulubay,O,U,O,U,O. Ulubay,TRABZONSPOR,TRB,O. Ulubay,13,,,,,,SUB,out,TRABZONSPOR substitution out,,,,,,,,,0,58,2.0,,0,7,0,20
01:09,01:09:00,7,20,-13,2,1,REGULAR,4,I. ULUSOY,1,substitution,151,,[],in,0,5,Ismail Cem,Ulusoy,Ismail Cem,Ulusoy,I,U,I,U,I. Ulusoy,TRABZONSPOR,TRB,I. Ulusoy,5,,,,,,SUB,in,TRABZONSPOR substitution in,,,,,,,,,0,58,2.0,,0,7,0,20
01:09,01:09:00,7,20,-13,2,1,REGULAR,12,A. YEBOAH,1,substitution,152,,[],in,0,15,Akwasi Abeyie,Yeboah,Akwasi Abeyie,Yeboah,A,Y,A,Y,A. Yeboah,TRABZONSPOR,TRB,A. Yeboah,15,,,,,,SUB,in,TRABZONSPOR substitution in,,,,,,,,,0,58,2.0,,0,7,0,20
00:57,00:57:60,10,20,-10,1,1,REGULAR,20,E. ARNA,1,3pt,154,,[],stepbackjumpshot,1,18,Egehan,Arna,Egehan,Arna,E,A,E,A,E. Arna,ESENLER EROKSPOR,ERK,E. Arna,18,,,29.170000076294,85.029998779297,1.0,P3,made,ESENLER EROKSPOR E. ARNA 3Pt made,,,,,,,,,3,58,2.0,score,3,10,0,20
00:40,00:40:20,10,20,-10,1,1,REGULAR,20,E. ARNA,1,foul,156,,['2freethrow'],personal,0,18,Egehan,Arna,Egehan,Arna,E,A,E,A,E. Arna,ESENLER EROKSPOR,ERK,E. Arna,18,,,,,,FOUL,,ESENLER EROKSPOR E. ARNA foul personal,,,,,,,,,0,59,1.0,,0,10,0,20
00:40,00:40:20,10,20,-10,2,1,REGULAR,12,A. YEBOAH,1,foulon,157,156,[],,0,15,Akwasi Abeyie,Yeboah,Akwasi Abeyie,Yeboah,A,Y,A,Y,A. Yeboah,TRABZONSPOR,TRB,A. Yeboah,15,,,,,,OTHER,,TRABZONSPOR foulon,,,,,,,,,0,59,1.0,,0,10,0,20
00:40,00:40:20,10,20,-10,2,1,REGULAR,12,A. YEBOAH,0,freethrow,158,,[],1of2,1,15,Akwasi Abeyie,Yeboah,Akwasi Abeyie,Yeboah,A,Y,A,Y,A. Yeboah,TRABZONSPOR,TRB,A. Yeboah,15,,,,,,FT,missed,TRABZONSPOR A. YEBOAH FT 1of2 missed,,,,,,,,,0,59,1.0,def_reb,0,10,0,20
00:40,00:40:20,10,20,-10,2,1,REGULAR,0,,1,rebound,159,158,[],offensivedeadball,0,,,,,,,,,,,TRABZONSPOR,TRB,,,,,,,,TREB,,TRABZONSPOR team rebound offensivedeadball,,,,,,,,,0,60,2.0,def_reb,0,10,0,20
00:40,00:40:20,10,21,-11,2,1,REGULAR,12,A. YEBOAH,1,freethrow,160,,[],2of2,1,15,Akwasi Abeyie,Yeboah,Akwasi Abeyie,Yeboah,A,Y,A,Y,A. Yeboah,TRABZONSPOR,TRB,A. Yeboah,15,,,,,,FT,made,TRABZONSPOR A. YEBOAH FT 2of2 made,,,,,,,,,1,61,1.0,made_ft_last,0,10,1,21
00:21,00:21:00,10,21,-11,1,1,REGULAR,25,L. GALLOWAY,0,2pt,162,,['pointsinthepaint'],jumpshot,1,9,Langston Arnold ,Galloway,Langston Arnold ,Galloway,L,G,L,G,L. Galloway,ESENLER EROKSPOR,ERK,L. Galloway,9,,,7.3299999237061,65.25,0.0,P2,missed,ESENLER EROKSPOR L. GALLOWAY 2Pt missed,,,,,,,,,0,62,2.0,def_reb,0,10,0,21
00:18,00:18:70,10,21,-11,2,1,REGULAR,12,A. YEBOAH,1,rebound,163,162,[],defensive,0,15,Akwasi Abeyie,Yeboah,Akwasi Abeyie,Yeboah,A,Y,A,Y,A. Yeboah,TRABZONSPOR,TRB,A. Yeboah,15,,,,,,REB,,TRABZONSPOR rebound defensive,,,,,,,,,0,63,1.0,def_reb,0,10,0,21
00:15,00:15:60,10,21,-11,2,1,REGULAR,3,B. DEMIR,0,2pt,164,,['pointsinthepaint'],layup,1,11,Berk,Demir,Berk,Demir,B,D,B,D,B. Demir,TRABZONSPOR,TRB,B. Demir,11,,,98.129997253418,55.369998931885,0.0,P2,missed,TRABZONSPOR B. DEMIR 2Pt missed,,,,,,,,,0,64,2.0,def_reb,0,10,0,21
00:13,00:13:60,10,21,-11,1,1,REGULAR,22,T. THURMAN,1,rebound,165,164,[],defensive,0,15,Tre'shawn Marcel,Thurman,Tre'shawn Marcel,Thurman,T,T,T,T,T. Thurman,ESENLER EROKSPOR,ERK,T. Thurman,15,,,,,,REB,,ESENLER EROKSPOR rebound defensive,,,,,,,,,0,65,1.0,def_reb,0,10,0,21
00:00,00:00:90,12,21,-9,1,1,REGULAR,26,J. CRAWFORD,1,2pt,166,,[],jumpshot,1,1,Jordon Benjamin,Crawford,Jordon Benjamin,Crawford,J,C,J,C,J. Crawford,ESENLER EROKSPOR,ERK,J. Crawford,1,,,16.379999160767,75.709999084473,1.0,P2,made,ESENLER EROKSPOR J. CRAWFORD 2Pt made,,,,,,,,,2,66,2.0,score,2,12,0,21
00:00,00:00:00,12,21,-9,0,1,REGULAR,0,,1,period,168,,['confirmed'],end,0,,,,,,,,,,,,,,,,,,,,OTHER,,period end,,,,,,,,,0,67,1.0,,0,12,0,21
10:00,10:00:00,12,21,-9,2,2,REGULAR,11,M. REED,1,substitution,169,,[],out,0,0,Marcquise Deandre,Reed,Marcquise Deandre,Reed,M,R,M,R,M. Reed,TRABZONSPOR,TRB,M. Reed,0,,,,,,SUB,out,TRABZONSPOR substitution out,,,,,,,,,0,67,1.0,,0,12,0,21
10:00,10:00:00,12,21,-9,2,2,REGULAR,7,J. GORDON,1,substitution,170,,[],in,0,8,Jitaurious Tykyvion,Gordon,Jitaurious Tykyvion,Gordon,J,G,J,G,J. Gordon,TRABZONSPOR,TRB,J. Gordon,8,,,,,,SUB,in,TRABZONSPOR substitution in,,,,,,,,,0,67,1.0,,0,12,0,21
10:00,10:00:00,12,21,-9,0,2,REGULAR,0,,1,period,171,,[],start,0,,,,,,,,,,,,,,,,,,,,OTHER,,period start,,,,,,,,,0,67,1.0,,0,12,0,21
09:48,09:48:00,12,21,-9,2,2,REGULAR,12,A. YEBOAH,0,3pt,173,,[],jumpshot,1,15,Akwasi Abeyie,Yeboah,Akwasi Abeyie,Yeboah,A,Y,A,Y,A. Yeboah,TRABZONSPOR,TRB,A. Yeboah,15,,,69.580001831055,79.940002441406,0.0,P3,missed,TRABZONSPOR A. YEBOAH 3Pt missed,,,,,,,,,0,67,1.0,def_reb,0,12,0,21
09:45,09:45:00,12,21,-9,1,2,REGULAR,24,P. CORNELIE,1,rebound,174,173,[],defensive,0,12,Petr  Willlam,Cornelie,Petr  Willlam,Cornelie,P,C,P,C,P. Cornelie,ESENLER EROKSPOR,ERK,P. Cornelie,12,,,,,,REB,,ESENLER EROKSPOR rebound defensive,,,,,,,,,0,68,2.0,def_reb,0,12,0,21
09:30,09:30:00,14,21,-7,1,2,REGULAR,24,P. CORNELIE,1,2pt,175,,['pointsinthepaint'],dunk,1,12,Petr  Willlam,Cornelie,Petr  Willlam,Cornelie,P,C,P,C,P. Cornelie,ESENLER EROKSPOR,ERK,P. Cornelie,12,,,6.710000038147,55.080001831055,1.0,P2,made,ESENLER EROKSPOR P. CORNELIE 2Pt made,22.0,1.0,T. THURMAN,,,,,,2,69,1.0,score,2,14,0,21
09:30,09:30:00,14,21,-7,1,2,REGULAR,22,T. THURMAN,1,assist,176,175,[],,0,15,Tre'shawn Marcel,Thurman,Tre'shawn Marcel,Thurman,T,T,T,T,T. Thurman,ESENLER EROKSPOR,ERK,T. Thurman,15,,,,,,ASS,,ESENLER EROKSPOR T. THURMAN assist,,,,,,,,,0,70,2.0,,0,14,0,21
09:15,09:15:00,14,23,-9,2,2,REGULAR,13,K. SILINS,1,2pt,177,,['pointsinthepaint'],layup,1,25,Karlis,Silins,Karlis,Silins,K,S,K,S,K. Silins,TRABZONSPOR,TRB,K. Silins,25,,,93.919998168945,54.520000457764,1.0,P2,made,TRABZONSPOR K. SILINS 2Pt made,12.0,2.0,A. YEBOAH,,,,,,2,70,2.0,score,0,14,2,23
09:15,09:15:00,14,23,-9,2,2,REGULAR,12,A. YEBOAH,1,assist,178,177,[],,0,15,Akwasi Abeyie,Yeboah,Akwasi Abeyie,Yeboah,A,Y,A,Y,A. Yeboah,TRABZONSPOR,TRB,A. Yeboah,15,,,,,,ASS,,TRABZONSPOR A. YEBOAH assist,,,,,,,,,0,71,1.0,,0,14,0,23
08:47,08:47:00,14,23,-9,1,2,REGULAR,25,L. GALLOWAY,0,3pt,179,,[],jumpshot,1,9,Langston Arnold ,Galloway,Langston Arnold ,Galloway,L,G,L,G,L. Galloway,ESENLER EROKSPOR,ERK,L. Galloway,9,,,14.510000228882,97.459999084473,0.0,P3,missed,ESENLER EROKSPOR L. GALLOWAY 3Pt missed,,,,,,,,,0,71,1.0,def_reb,0,14,0,23
08:44,08:44:00,14,23,-9,2,2,REGULAR,4,I. ULUSOY,1,rebound,180,179,[],defensive,0,5,Ismail Cem,Ulusoy,Ismail Cem,Ulusoy,I,U,I,U,I. Ulusoy,TRABZONSPOR,TRB,I. Ulusoy,5,,,,,,REB,,TRABZONSPOR rebound defensive,,,,,,,,,0,72,2.0,def_reb,0,14,0,23
08:38,08:38:00,14,23,-9,1,2,REGULAR,22,T. THURMAN,1,foul,182,,[],personal,0,15,Tre'shawn Marcel,Thurman,Tre'shawn Marcel,Thurman,T,T,T,T,T. Thurman,ESENLER EROKSPOR,ERK,T. Thurman,15,,,,,,FOUL,,ESENLER EROKSPOR T. THURMAN foul personal,,,,,,,,,0,73,1.0,,0,14,0,23
08:38,08:38:00,14,23,-9,2,2,REGULAR,13,K. SILINS,1,foulon,183,182,[],,0,25,Karlis,Silins,Karlis,Silins,K,S,K,S,K. Silins,TRABZONSPOR,TRB,K. Silins,25,,,,,,OTHER,,TRABZONSPOR foulon,,,,,,,,,0,73,1.0,,0,14,0,23
08:37,08:37:00,14,23,-9,2,2,REGULAR,4,I. ULUSOY,1,turnover,185,,[],badpass,0,5,Ismail Cem,Ulusoy,Ismail Cem,Ulusoy,I,U,I,U,I. Ulusoy,TRABZONSPOR,TRB,I. Ulusoy,5,,,,,,TO,,TRABZONSPOR I. ULUSOY turnover badpass,,,,,,,,,0,73,1.0,turnover,0,14,0,23
08:22,08:22:00,14,23,-9,1,2,REGULAR,25,L. GALLOWAY,0,3pt,188,,['fromturnover'],jumpshot,1,9,Langston Arnold ,Galloway,Langston Arnold ,Galloway,L,G,L,G,L. Galloway,ESENLER EROKSPOR,ERK,L. Galloway,9,,,26.680000305176,77.680000305176,0.0,P3,missed,ESENLER EROKSPOR L. GALLOWAY 3Pt missed,,,,,,,,,0,74,2.0,def_reb,0,14,0,23
08:20,08:20:00,14,23,-9,2,2,REGULAR,4,I. ULUSOY,1,rebound,189,188,[],defensive,0,5,Ismail Cem,Ulusoy,Ismail Cem,Ulusoy,I,U,I,U,I. Ulusoy,TRABZONSPOR,TRB,I. Ulusoy,5,,,,,,REB,,TRABZONSPOR rebound defensive,,,,,,,,,0,75,1.0,def_reb,0,14,0,23
08:16,08:16:00,14,25,-11,2,2,REGULAR,12,A. YEBOAH,1,2pt,190,,"['pointsinthepaint', 'fastbreak']",layup,1,15,Akwasi Abeyie,Yeboah,Akwasi Abeyie,Yeboah,A,Y,A,Y,A. Yeboah,TRABZONSPOR,TRB,A. Yeboah,15,,,96.879997253418,48.869998931885,1.0,P2,made,TRABZONSPOR A. YEBOAH 2Pt made,4.0,2.0,I. ULUSOY,,,,,,2,76,2.0,score,0,14,2,25
08:16,08:16:00,14,25,-11,2,2,REGULAR,4,I. ULUSOY,1,assist,191,190,[],,0,5,Ismail Cem,Ulusoy,Ismail Cem,Ulusoy,I,U,I,U,I. Ulusoy,TRABZONSPOR,TRB,I. Ulusoy,5,,,,,,ASS,,TRABZONSPOR I. ULUSOY assist,,,,,,,,,0,77,1.0,,0,14,0,25
08:01,08:01:00,14,25,-11,2,2,REGULAR,13,K. SILINS,1,foul,193,,"['shooting', '2freethrow']",personal,0,25,Karlis,Silins,Karlis,Silins,K,S,K,S,K. Silins,TRABZONSPOR,TRB,K. Silins,25,,,,,,FOUL,,TRABZONSPOR K. SILINS foul personal,,,,,,,,,0,77,1.0,,0,14,0,25
08:01,08:01:00,14,25,-11,1,2,REGULAR,24,P. CORNELIE,1,foulon,194,193,[],,0,12,Petr  Willlam,Cornelie,Petr  Willlam,Cornelie,P,C,P,C,P. Cornelie,ESENLER EROKSPOR,ERK,P. Cornelie,12,,,,,,OTHER,,ESENLER EROKSPOR foulon,,,,,,,,,0,77,1.0,,0,14,0,25
08:01,08:01:00,15,25,-10,1,2,REGULAR,24,P. CORNELIE,1,freethrow,195,,[],1of2,1,12,Petr  Willlam,Cornelie,Petr  Willlam,Cornelie,P,C,P,C,P. Cornelie,ESENLER EROKSPOR,ERK,P. Cornelie,12,,,,,,FT,made,ESENLER EROKSPOR P. CORNELIE FT 1of2 made,,,,,,,,,1,77,1.0,made_ft,1,15,0,25
08:01,08:01:00,15,25,-10,1,2,REGULAR,22,T. THURMAN,1,assist,196,195,[],,0,15,Tre'shawn Marcel,Thurman,Tre'shawn Marcel,Thurman,T,T,T,T,T. Thurman,ESENLER EROKSPOR,ERK,T. Thurman,15,,,,,,ASS,,ESENLER EROKSPOR T. THURMAN assist,,,,,,,,,0,78,2.0,,0,15,0,25
08:01,08:01:00,16,25,-9,1,2,REGULAR,24,P. CORNELIE,1,freethrow,197,,[],2of2,1,12,Petr  Willlam,Cornelie,Petr  Willlam,Cornelie,P,C,P,C,P. Cornelie,ESENLER EROKSPOR,ERK,P. Cornelie,12,,,,,,FT,made,ESENLER EROKSPOR P. CORNELIE FT 2of2 made,,,,,,,,,1,78,2.0,made_ft_last,1,16,0,25
08:01,08:01:00,16,25,-9,1,2,REGULAR,20,E. ARNA,1,substitution,198,,[],out,0,18,Egehan,Arna,Egehan,Arna,E,A,E,A,E. Arna,ESENLER EROKSPOR,ERK,E. Arna,18,,,,,,SUB,out,ESENLER EROKSPOR substitution out,,,,,,,,,0,79,1.0,,0,16,0,25
08:01,08:01:00,16,25,-9,1,2,REGULAR,15,T. AKYAZILI,1,substitution,199,,[],in,0,14,Thomas,Akyazili,Thomas,Akyazili,T,A,T,A,T. Akyazili,ESENLER EROKSPOR,ERK,T. Akyazili,14,,,,,,SUB,in,ESENLER EROKSPOR substitution in,,,,,,,,,0,79,1.0,,0,16,0,25
07:42,07:42:00,16,28,-12,2,2,REGULAR,12,A. YEBOAH,1,3pt,201,,[],jumpshot,1,15,Akwasi Abeyie,Yeboah,Akwasi Abeyie,Yeboah,A,Y,A,Y,A. Yeboah,TRABZONSPOR,TRB,A. Yeboah,15,,,69.419998168945,63.560001373291,1.0,P3,made,TRABZONSPOR A. YEBOAH 3Pt made,4.0,2.0,I. ULUSOY,,,,,,3,79,1.0,score,0,16,3,28
07:42,07:42:00,16,28,-12,2,2,REGULAR,4,I. ULUSOY,1,assist,202,201,[],,0,5,Ismail Cem,Ulusoy,Ismail Cem,Ulusoy,I,U,I,U,I. Ulusoy,TRABZONSPOR,TRB,I. Ulusoy,5,,,,,,ASS,,TRABZONSPOR I. ULUSOY assist,,,,,,,,,0,80,2.0,,0,16,0,28
07:21,07:21:00,16,28,-12,2,2,REGULAR,7,J. GORDON,1,foul,204,,"['shooting', '2freethrow']",personal,0,8,Jitaurious Tykyvion,Gordon,Jitaurious Tykyvion,Gordon,J,G,J,G,J. Gordon,TRABZONSPOR,TRB,J. Gordon,8,,,,,,FOUL,,TRABZONSPOR J. GORDON foul personal,,,,,,,,,0,80,2.0,,0,16,0,28
07:21,07:21:00,16,28,-12,1,2,REGULAR,24,P. CORNELIE,1,foulon,205,204,[],,0,12,Petr  Willlam,Cornelie,Petr  Willlam,Cornelie,P,C,P,C,P. Cornelie,ESENLER EROKSPOR,ERK,P. Cornelie,12,,,,,,OTHER,,ESENLER EROKSPOR foulon,,,,,,,,,0,80,2.0,,0,16,0,28
07:21,07:21:00,16,28,-12,2,2,REGULAR,13,K. SILINS,1,substitution,206,,[],out,0,25,Karlis,Silins,Karlis,Silins,K,S,K,S,K. Silins,TRABZONSPOR,TRB,K. Silins,25,,,,,,SUB,out,TRABZONSPOR substitution out,,,,,,,,,0,80,2.0,,0,16,0,28
07:21,07:21:00,16,28,-12,2,2,REGULAR,2,E. ARAR,1,substitution,207,,[],in,0,19,Ege,Arar,Ege,Arar,E,A,E,A,E. Arar,TRABZONSPOR,TRB,E. Arar,19,,,,,,SUB,in,TRABZONSPOR substitution in,,,,,,,,,0,80,2.0,,0,16,0,28
07:21,07:21:00,16,28,-12,1,2,REGULAR,24,P. CORNELIE,0,freethrow,208,,[],1of2,1,12,Petr  Willlam,Cornelie,Petr  Willlam,Cornelie,P,C,P,C,P. Cornelie,ESENLER EROKSPOR,ERK,P. Cornelie,12,,,,,,FT,missed,ESENLER EROKSPOR P. CORNELIE FT 1of2 missed,,,,,,,,,0,80,2.0,,0,16,0,28
07:21,07:21:00,16,28,-12,1,2,REGULAR,24,P. CORNELIE,0,freethrow,209,,[],2of2,1,12,Petr  Willlam,Cornelie,Petr  Willlam,Cornelie,P,C,P,C,P. Cornelie,ESENLER EROKSPOR,ERK,P. Cornelie,12,,,,,,FT,missed,ESENLER EROKSPOR P. CORNELIE FT 2of2 missed,,,,,,,,,0,80,2.0,def_reb,0,16,0,28
07:21,07:21:00,16,28,-12,2,2,REGULAR,12,A. YEBOAH,1,rebound,211,209,[],defensive,0,15,Akwasi Abeyie,Yeboah,Akwasi Abeyie,Yeboah,A,Y,A,Y,A. Yeboah,TRABZONSPOR,TRB,A. Yeboah,15,,,,,,REB,,TRABZONSPOR rebound defensive,,,,,,,,,0,81,1.0,def_reb,0,16,0,28
07:03,07:03:00,16,28,-12,2,2,REGULAR,3,B. DEMIR,0,2pt,212,,"['pointsinthepaint', 'blocked']",layup,1,11,Berk,Demir,Berk,Demir,B,D,B,D,B. Demir,TRABZONSPOR,TRB,B. Demir,11,,,98.129997253418,50.560001373291,0.0,P2,missed,TRABZONSPOR B. DEMIR 2Pt missed,,,,24.0,1.0,P. CORNELIE,,,0,82,2.0,,0,16,0,28
07:03,07:03:00,16,28,-12,1,2,REGULAR,24,P. CORNELIE,1,block,213,212,[],,0,12,Petr  Willlam,Cornelie,Petr  Willlam,Cornelie,P,C,P,C,P. Cornelie,ESENLER EROKSPOR,ERK,P. Cornelie,12,,,,,,BS,,ESENLER EROKSPOR P. CORNELIE block,,,,,,,,,0,82,2.0,,0,16,0,28
06:58,06:58:00,16,28,-12,2,2,REGULAR,3,B. DEMIR,1,rebound,214,212,[],offensive,0,11,Berk,Demir,Berk,Demir,B,D,B,D,B. Demir,TRABZONSPOR,TRB,B. Demir,11,,,,,,REB,,TRABZONSPOR rebound offensive,,,,,,,,,0,82,2.0,,0,16,0,28
06:58,06:58:00,16,28,-12,2,2,REGULAR,3,B. DEMIR,1,turnover,215,,[],badpass,0,11,Berk,Demir,Berk,Demir,B,D,B,D,B. Demir,TRABZONSPOR,TRB,B. Demir,11,,,,,,TO,,TRABZONSPOR B. DEMIR turnover badpass,,,,,,,,,0,82,2.0,turnover,0,16,0,28
06:58,06:58:00,16,28,-12,1,2,REGULAR,25,L. GALLOWAY,1,steal,216,215,[],,0,9,Langston Arnold ,Galloway,Langston Arnold ,Galloway,L,G,L,G,L. Galloway,ESENLER EROKSPOR,ERK,L. Galloway,9,,,,,,ST,,ESENLER EROKSPOR L. GALLOWAY steal,,,,,,,,,0,83,1.0,,0,16,0,28
06:55,06:55:00,16,28,-12,1,2,REGULAR,26,J. CRAWFORD,0,3pt,217,,['fromturnover'],jumpshot,1,1,Jordon Benjamin,Crawford,Jordon Benjamin,Crawford,J,C,J,C,J. Crawford,ESENLER EROKSPOR,ERK,J. Crawford,1,,,25.89999961853,84.75,0.0,P3,missed,ESENLER EROKSPOR J. CRAWFORD 3Pt missed,,,,,,,,,0,83,1.0,,0,16,0,28
06:53,06:53:00,16,28,-12,1,2,REGULAR,26,J. CRAWFORD,1,rebound,218,217,[],offensive,0,1,Jordon Benjamin,Crawford,Jordon Benjamin,Crawford,J,C,J,C,J. Crawford,ESENLER EROKSPOR,ERK,J. Crawford,1,,,,,,REB,,ESENLER EROKSPOR rebound offensive,,,,,,,,,0,83,1.0,,0,16,0,28
06:48,06:48:00,16,28,-12,1,2,REGULAR,25,L. GALLOWAY,1,turnover,219,,[],ballhandling,0,9,Langston Arnold ,Galloway,Langston Arnold ,Galloway,L,G,L,G,L. Galloway,ESENLER EROKSPOR,ERK,L. Galloway,9,,,,,,TO,,ESENLER EROKSPOR L. GALLOWAY turnover ballhandling,,,,,,,,,0,83,1.0,turnover,0,16,0,28
06:48,06:48:00,16,28,-12,2,2,REGULAR,2,E. ARAR,1,steal,220,219,[],,0,19,Ege,Arar,Ege,Arar,E,A,E,A,E. Arar,TRABZONSPOR,TRB,E. Arar,19,,,,,,ST,,TRABZONSPOR E. ARAR steal,,,,,,,,,0,84,2.0,,0,16,0,28
06:43,06:43:00,16,30,-14,2,2,REGULAR,7,J. GORDON,1,2pt,222,,"['fromturnover', 'pointsinthepaint', 'fastbreak']",layup,1,8,Jitaurious Tykyvion,Gordon,Jitaurious Tykyvion,Gordon,J,G,J,G,J. Gordon,TRABZONSPOR,TRB,J. Gordon,8,,,95.160003662109,58.759998321533,1.0,P2,made,TRABZONSPOR J. GORDON 2Pt made,4.0,2.0,I. ULUSOY,,,,,,2,84,2.0,score,0,16,2,30
06:43,06:43:00,16,30,-14,2,2,REGULAR,4,I. ULUSOY,1,assist,223,222,[],,0,5,Ismail Cem,Ulusoy,Ismail Cem,Ulusoy,I,U,I,U,I. Ulusoy,TRABZONSPOR,TRB,I. Ulusoy,5,,,,,,ASS,,TRABZONSPOR I. ULUSOY assist,,,,,,,,,0,85,1.0,,0,16,0,30
06:43,06:43:00,16,30,-14,1,2,REGULAR,0,,1,timeout,224,,[],full,0,,,,,,,,,,,ESENLER EROKSPOR,ERK,,,,,,,,TIMEOUT,,ESENLER EROKSPOR timeout,,,,,,,,,0,85,1.0,,0,16,0,30
07:21,07:21:00,16,28,-12,1,2,REGULAR,0,,1,rebound,225,208,[],offensivedeadball,0,,,,,,,,,,,ESENLER EROKSPOR,ERK,,,,,,,,TREB,,ESENLER EROKSPOR team rebound offensivedeadball,,,,,,,,,0,85,1.0,def_reb,0,16,0,30
06:43,06:43:00,16,30,-14,1,2,REGULAR,25,L. GALLOWAY,1,substitution,227,,[],out,0,9,Langston Arnold ,Galloway,Langston Arnold ,Galloway,L,G,L,G,L. Galloway,ESENLER EROKSPOR,ERK,L. Galloway,9,,,,,,SUB,out,ESENLER EROKSPOR substitution out,,,,,,,,,0,86,2.0,,0,16,0,30
06:43,06:43:00,16,30,-14,1,2,REGULAR,28,J. LOVE,1,substitution,228,,[],in,0,22,Jermaine,Love,Jermaine,Love,J,L,J,L,J. Love,ESENLER EROKSPOR,ERK,J. Love,22,,,,,,SUB,in,ESENLER EROKSPOR substitution in,,,,,,,,,0,86,2.0,,0,16,0,30
06:43,06:43:00,16,30,-14,1,2,REGULAR,19,A. DUVERIOGLU,1,substitution,229,,[],in,0,44,Ahmet,Duverioglu,Ahmet,Duverioglu,A,D,A,D,A. Duverioglu,ESENLER EROKSPOR,ERK,A. Duverioglu,44,,,,,,SUB,in,ESENLER EROKSPOR substitution in,,,,,,,,,0,86,2.0,,0,16,0,30
06:43,06:43:00,19,30,-11,1,2,REGULAR,22,T. THURMAN,1,3pt,230,,[],jumpshot,1,15,Tre'shawn Marcel,Thurman,Tre'shawn Marcel,Thurman,T,T,T,T,T. Thurman,ESENLER EROKSPOR,ERK,T. Thurman,15,,,34.790000915527,68.080001831055,1.0,P3,made,ESENLER EROKSPOR T. THURMAN 3Pt made,15.0,1.0,T. AKYAZILI,,,,,,3,86,2.0,score,3,19,0,30
06:43,06:43:00,19,30,-11,1,2,REGULAR,15,T. AKYAZILI,1,assist,231,230,[],,0,14,Thomas,Akyazili,Thomas,Akyazili,T,A,T,A,T. Akyazili,ESENLER EROKSPOR,ERK,T. Akyazili,14,,,,,,ASS,,ESENLER EROKSPOR T. AKYAZILI assist,,,,,,,,,0,87,1.0,,0,19,0,30
06:24,06:24:00,19,33,-14,2,2,REGULAR,3,B. DEMIR,1,3pt,233,,[],jumpshot,1,11,Berk,Demir,Berk,Demir,B,D,B,D,B. Demir,TRABZONSPOR,TRB,B. Demir,11,,,81.440002441406,2.539999961853,1.0,P3,made,TRABZONSPOR B. DEMIR 3Pt made,7.0,2.0,J. GORDON,,,,,,3,87,1.0,score,0,19,3,33
06:24,06:24:00,19,33,-14,2,2,REGULAR,7,J. GORDON,1,assist,234,233,[],,0,8,Jitaurious Tykyvion,Gordon,Jitaurious Tykyvion,Gordon,J,G,J,G,J. Gordon,TRABZONSPOR,TRB,J. Gordon,8,,,,,,ASS,,TRABZONSPOR J. GORDON assist,,,,,,,,,0,88,2.0,,0,19,0,33
05:49,05:49:00,19,33,-14,1,2,REGULAR,26,J. CRAWFORD,0,2pt,237,,"['pointsinthepaint', 'blocked']",layup,1,1,Jordon Benjamin,Crawford,Jordon Benjamin,Crawford,J,C,J,C,J. Crawford,ESENLER EROKSPOR,ERK,J. Crawford,1,,,4.5199999809265,56.209999084473,0.0,P2,missed,ESENLER EROKSPOR J. CRAWFORD 2Pt missed,,,,2.0,2.0,E. ARAR,,,0,88,2.0,,0,19,0,33
05:49,05:49:00,19,33,-14,2,2,REGULAR,2,E. ARAR,1,block,238,237,[],,0,19,Ege,Arar,Ege,Arar,E,A,E,A,E. Arar,TRABZONSPOR,TRB,E. Arar,19,,,,,,BS,,TRABZONSPOR E. ARAR block,,,,,,,,,0,88,2.0,,0,19,0,33
05:37,05:37:00,19,33,-14,2,2,REGULAR,4,I. ULUSOY,1,rebound,239,237,[],defensive,0,5,Ismail Cem,Ulusoy,Ismail Cem,Ulusoy,I,U,I,U,I. Ulusoy,TRABZONSPOR,TRB,I. Ulusoy,5,,,,,,REB,,TRABZONSPOR rebound defensive,,,,,,,,,0,88,2.0,def_reb,0,19,0,33
06:43,06:43:00,16,30,-14,1,2,REGULAR,24,P. CORNELIE,1,substitution,240,,[],out,0,12,Petr  Willlam,Cornelie,Petr  Willlam,Cornelie,P,C,P,C,P. Cornelie,ESENLER EROKSPOR,ERK,P. Cornelie,12,,,,,,SUB,out,ESENLER EROKSPOR substitution out,,,,,,,,,0,89,1.0,,0,19,0,33
05:19,05:19:00,19,33,-14,2,2,REGULAR,7,J. GORDON,1,turnover,243,,[],badpass,0,8,Jitaurious Tykyvion,Gordon,Jitaurious Tykyvion,Gordon,J,G,J,G,J. Gordon,TRABZONSPOR,TRB,J. Gordon,8,,,,,,TO,,TRABZONSPOR J. GORDON turnover badpass,,,,,,,,,0,89,1.0,turnover,0,19,0,33
05:19,05:19:00,19,33,-14,1,2,REGULAR,28,J. LOVE,1,steal,245,243,[],,0,22,Jermaine,Love,Jermaine,Love,J,L,J,L,J. Love,ESENLER EROKSPOR,ERK,J. Love,22,,,,,,ST,,ESENLER EROKSPOR J. LOVE steal,,,,,,,,,0,90,2.0,,0,19,0,33
05:17,05:17:00,19,33,-14,2,2,REGULAR,4,I. ULUSOY,1,foul,246,,[],personal,0,5,Ismail Cem,Ulusoy,Ismail Cem,Ulusoy,I,U,I,U,I. Ulusoy,TRABZONSPOR,TRB,I. Ulusoy,5,,,,,,FOUL,,TRABZONSPOR I. ULUSOY foul personal,,,,,,,,,0,90,2.0,,0,19,0,33
05:17,05:17:00,19,33,-14,1,2,REGULAR,28,J. LOVE,1,foulon,247,246,[],,0,22,Jermaine,Love,Jermaine,Love,J,L,J,L,J. Love,ESENLER EROKSPOR,ERK,J. Love,22,,,,,,OTHER,,ESENLER EROKSPOR foulon,,,,,,,,,0,90,2.0,,0,19,0,33
05:17,05:17:00,19,33,-14,1,2,REGULAR,15,T. AKYAZILI,1,substitution,248,,[],out,0,14,Thomas,Akyazili,Thomas,Akyazili,T,A,T,A,T. Akyazili,ESENLER EROKSPOR,ERK,T. Akyazili,14,,,,,,SUB,out,ESENLER EROKSPOR substitution out,,,,,,,,,0,90,2.0,,0,19,0,33
05:17,05:17:00,19,33,-14,1,2,REGULAR,20,E. ARNA,1,substitution,249,,[],in,0,18,Egehan,Arna,Egehan,Arna,E,A,E,A,E. Arna,ESENLER EROKSPOR,ERK,E. Arna,18,,,,,,SUB,in,ESENLER EROKSPOR substitution in,,,,,,,,,0,90,2.0,,0,19,0,33
05:00,05:00:00,19,33,-14,1,2,REGULAR,0,,1,jumpball,252,,[],heldball,0,,,,,,,,,,,ESENLER EROKSPOR,ERK,,,,,,,,JUMP,,jump ball,,,,,,,,,0,90,2.0,,0,19,0,33
04:59,04:59:00,19,33,-14,1,2,REGULAR,26,J. CRAWFORD,0,2pt,254,,['fromturnover'],jumpshot,1,1,Jordon Benjamin,Crawford,Jordon Benjamin,Crawford,J,C,J,C,J. Crawford,ESENLER EROKSPOR,ERK,J. Crawford,1,,,17.0,21.469999313354,0.0,P2,missed,ESENLER EROKSPOR J. CRAWFORD 2Pt missed,,,,,,,,,0,90,2.0,,0,19,0,33
04:57,04:57:00,19,33,-14,1,2,REGULAR,19,A. DUVERIOGLU,1,rebound,255,254,[],offensive,0,44,Ahmet,Duverioglu,Ahmet,Duverioglu,A,D,A,D,A. Duverioglu,ESENLER EROKSPOR,ERK,A. Duverioglu,44,,,,,,REB,,ESENLER EROKSPOR rebound offensive,,,,,,,,,0,90,2.0,,0,19,0,33
04:51,04:51:00,19,33,-14,2,2,REGULAR,3,B. DEMIR,1,foul,257,,[],personal,0,11,Berk,Demir,Berk,Demir,B,D,B,D,B. Demir,TRABZONSPOR,TRB,B. Demir,11,,,,,,FOUL,,TRABZONSPOR B. DEMIR foul personal,,,,,,,,,0,90,2.0,,0,19,0,33
04:51,04:51:00,19,33,-14,1,2,REGULAR,26,J. CRAWFORD,1,foulon,258,257,[],,0,1,Jordon Benjamin,Crawford,Jordon Benjamin,Crawford,J,C,J,C,J. Crawford,ESENLER EROKSPOR,ERK,J. Crawford,1,,,,,,OTHER,,ESENLER EROKSPOR foulon,,,,,,,,,0,90,2.0,,0,19,0,33
04:42,04:42:00,19,33,-14,1,2,REGULAR,22,T. THURMAN,0,3pt,260,,"['2ndchance', 'fromturnover']",jumpshot,1,15,Tre'shawn Marcel,Thurman,Tre'shawn Marcel,Thurman,T,T,T,T,T. Thurman,ESENLER EROKSPOR,ERK,T. Thurman,15,,,30.110000610352,12.430000305176,0.0,P3,missed,ESENLER EROKSPOR T. THURMAN 3Pt missed,,,,,,,,,0,90,2.0,,0,19,0,33
04:41,04:41:00,19,33,-14,1,2,REGULAR,20,E. ARNA,1,rebound,261,260,[],offensive,0,18,Egehan,Arna,Egehan,Arna,E,A,E,A,E. Arna,ESENLER EROKSPOR,ERK,E. Arna,18,,,,,,REB,,ESENLER EROKSPOR rebound offensive,,,,,,,,,0,90,2.0,,0,19,0,33
04:38,04:38:00,19,33,-14,2,2,REGULAR,0,,1,jumpball,263,,[],heldball,0,,,,,,,,,,,TRABZONSPOR,TRB,,,,,,,,JUMP,,jump ball,,,,,,,,,0,90,2.0,,0,19,0,33
04:38,04:38:00,19,33,-14,1,2,REGULAR,20,E. ARNA,1,turnover,264,,[],ballhandling,0,18,Egehan,Arna,Egehan,Arna,E,A,E,A,E. Arna,ESENLER EROKSPOR,ERK,E. Arna,18,,,,,,TO,,ESENLER EROKSPOR E. ARNA turnover ballhandling,,,,,,,,,0,90,2.0,turnover,0,19,0,33
04:38,04:38:00,19,33,-14,2,2,REGULAR,12,A. YEBOAH,1,steal,265,264,[],,0,15,Akwasi Abeyie,Yeboah,Akwasi Abeyie,Yeboah,A,Y,A,Y,A. Yeboah,TRABZONSPOR,TRB,A. Yeboah,15,,,,,,ST,,TRABZONSPOR A. YEBOAH steal,,,,,,,,,0,91,1.0,,0,19,0,33
04:19,04:19:00,19,33,-14,2,2,REGULAR,12,A. YEBOAH,0,2pt,267,,"['fromturnover', 'pointsinthepaint']",layup,1,15,Akwasi Abeyie,Yeboah,Akwasi Abeyie,Yeboah,A,Y,A,Y,A. Yeboah,TRABZONSPOR,TRB,A. Yeboah,15,,,93.599998474121,53.110000610352,0.0,P2,missed,TRABZONSPOR A. YEBOAH 2Pt missed,,,,,,,,,0,91,1.0,,0,19,0,33
04:16,04:16:00,19,33,-14,2,2,REGULAR,2,E. ARAR,1,rebound,268,267,[],offensive,0,19,Ege,Arar,Ege,Arar,E,A,E,A,E. Arar,TRABZONSPOR,TRB,E. Arar,19,,,,,,REB,,TRABZONSPOR rebound offensive,,,,,,,,,0,91,1.0,,0,19,0,33
04:16,04:16:00,19,33,-14,2,2,REGULAR,2,E. ARAR,0,2pt,269,,"['2ndchance', 'fromturnover', 'pointsinthepaint']",tipinlayup,1,19,Ege,Arar,Ege,Arar,E,A,E,A,E. Arar,TRABZONSPOR,TRB,E. Arar,19,,,94.0,50.0,0.0,P2,missed,TRABZONSPOR E. ARAR 2Pt missed,,,,,,,,,0,91,1.0,,0,19,0,33
04:15,04:15:00,19,33,-14,2,2,REGULAR,2,E. ARAR,1,rebound,270,269,[],offensive,0,19,Ege,Arar,Ege,Arar,E,A,E,A,E. Arar,TRABZONSPOR,TRB,E. Arar,19,,,,,,REB,,TRABZONSPOR rebound offensive,,,,,,,,,0,91,1.0,,0,19,0,33
04:15,04:15:00,19,35,-16,2,2,REGULAR,2,E. ARAR,1,2pt,271,,"['2ndchance', 'fromturnover', 'pointsinthepaint']",tipinlayup,1,19,Ege,Arar,Ege,Arar,E,A,E,A,E. Arar,TRABZONSPOR,TRB,E. Arar,19,,,94.0,50.0,1.0,P2,made,TRABZONSPOR E. ARAR 2Pt made,,,,,,,,,2,91,1.0,score,0,19,2,35
03:59,03:59:00,19,35,-16,1,2,REGULAR,20,E. ARNA,0,3pt,272,,[],jumpshot,1,18,Egehan,Arna,Egehan,Arna,E,A,E,A,E. Arna,ESENLER EROKSPOR,ERK,E. Arna,18,,,27.459999084473,75.98999786377,0.0,P3,missed,ESENLER EROKSPOR E. ARNA 3Pt missed,,,,,,,,,0,92,2.0,def_reb,0,19,0,35
03:57,03:57:00,19,35,-16,2,2,REGULAR,4,I. ULUSOY,1,rebound,273,272,[],defensive,0,5,Ismail Cem,Ulusoy,Ismail Cem,Ulusoy,I,U,I,U,I. Ulusoy,TRABZONSPOR,TRB,I. Ulusoy,5,,,,,,REB,,TRABZONSPOR rebound defensive,,,,,,,,,0,93,1.0,def_reb,0,19,0,35
03:51,03:51:00,19,35,-16,2,2,REGULAR,3,B. DEMIR,1,substitution,275,,[],out,0,11,Berk,Demir,Berk,Demir,B,D,B,D,B. Demir,TRABZONSPOR,TRB,B. Demir,11,,,,,,SUB,out,TRABZONSPOR substitution out,,,,,,,,,0,94,2.0,,0,19,0,35
03:51,03:51:00,19,35,-16,2,2,REGULAR,10,T. TINKLE,1,substitution,276,,[],in,0,3,Tres Anthony,Tinkle,Tres Anthony,Tinkle,T,T,T,T,T. Tinkle,TRABZONSPOR,TRB,T. Tinkle,3,,,,,,SUB,in,TRABZONSPOR substitution in,,,,,,,,,0,94,2.0,,0,19,0,35
03:51,03:51:00,19,35,-16,2,2,REGULAR,0,,1,timeout,278,,[],full,0,,,,,,,,,,,TRABZONSPOR,TRB,,,,,,,,TIMEOUT,,TRABZONSPOR timeout,,,,,,,,,0,94,2.0,,0,19,0,35
03:38,03:38:00,19,38,-19,2,2,REGULAR,7,J. GORDON,1,3pt,280,,[],jumpshot,1,8,Jitaurious Tykyvion,Gordon,Jitaurious Tykyvion,Gordon,J,G,J,G,J. Gordon,TRABZONSPOR,TRB,J. Gordon,8,,,68.800003051758,23.159999847412,1.0,P3,made,TRABZONSPOR J. GORDON 3Pt made,10.0,2.0,T. TINKLE,,,,,,3,94,2.0,score,0,19,3,38
03:38,03:38:00,19,38,-19,2,2,REGULAR,10,T. TINKLE,1,assist,281,280,[],,0,3,Tres Anthony,Tinkle,Tres Anthony,Tinkle,T,T,T,T,T. Tinkle,TRABZONSPOR,TRB,T. Tinkle,3,,,,,,ASS,,TRABZONSPOR T. TINKLE assist,,,,,,,,,0,95,1.0,,0,19,0,38
03:18,03:18:00,19,38,-19,1,2,REGULAR,22,T. THURMAN,0,2pt,282,,[],jumpshot,1,15,Tre'shawn Marcel,Thurman,Tre'shawn Marcel,Thurman,T,T,T,T,T. Thurman,ESENLER EROKSPOR,ERK,T. Thurman,15,,,6.0799999237061,72.879997253418,0.0,P2,missed,ESENLER EROKSPOR T. THURMAN 2Pt missed,,,,,,,,,0,95,1.0,def_reb,0,19,0,38
03:15,03:15:00,19,38,-19,2,2,REGULAR,2,E. ARAR,1,rebound,283,282,[],defensive,0,19,Ege,Arar,Ege,Arar,E,A,E,A,E. Arar,TRABZONSPOR,TRB,E. Arar,19,,,,,,REB,,TRABZONSPOR rebound defensive,,,,,,,,,0,96,2.0,def_reb,0,19,0,38
03:01,03:01:00,19,38,-19,1,2,REGULAR,19,A. DUVERIOGLU,1,foul,285,,[],personal,0,44,Ahmet,Duverioglu,Ahmet,Duverioglu,A,D,A,D,A. Duverioglu,ESENLER EROKSPOR,ERK,A. Duverioglu,44,,,,,,FOUL,,ESENLER EROKSPOR A. DUVERIOGLU foul personal,,,,,,,,,0,97,1.0,,0,19,0,38
03:01,03:01:00,19,38,-19,2,2,REGULAR,10,T. TINKLE,1,foulon,286,285,[],,0,3,Tres Anthony,Tinkle,Tres Anthony,Tinkle,T,T,T,T,T. Tinkle,TRABZONSPOR,TRB,T. Tinkle,3,,,,,,OTHER,,TRABZONSPOR foulon,,,,,,,,,0,97,1.0,,0,19,0,38
03:01,03:01:00,19,38,-19,2,2,REGULAR,4,I. ULUSOY,1,substitution,287,,[],out,0,5,Ismail Cem,Ulusoy,Ismail Cem,Ulusoy,I,U,I,U,I. Ulusoy,TRABZONSPOR,TRB,I. Ulusoy,5,,,,,,SUB,out,TRABZONSPOR substitution out,,,,,,,,,0,97,1.0,,0,19,0,38
03:01,03:01:00,19,38,-19,2,2,REGULAR,14,D. GRANT,1,substitution,288,,[],in,0,1,Denove Octavon,Grant,Denove Octavon,Grant,D,G,D,G,D. Grant,TRABZONSPOR,TRB,D. Grant,1,,,,,,SUB,in,TRABZONSPOR substitution in,,,,,,,,,0,97,1.0,,0,19,0,38
02:52,02:52:00,19,40,-21,2,2,REGULAR,14,D. GRANT,1,2pt,290,,[],jumpshot,1,1,Denove Octavon,Grant,Denove Octavon,Grant,D,G,D,G,D. Grant,TRABZONSPOR,TRB,D. Grant,1,,,81.120002746582,75.709999084473,1.0,P2,made,TRABZONSPOR D. GRANT 2Pt made,7.0,2.0,J. GORDON,,,,,,2,97,1.0,score,0,19,2,40
02:52,02:52:00,19,40,-21,2,2,REGULAR,7,J. GORDON,1,assist,291,290,[],,0,8,Jitaurious Tykyvion,Gordon,Jitaurious Tykyvion,Gordon,J,G,J,G,J. Gordon,TRABZONSPOR,TRB,J. Gordon,8,,,,,,ASS,,TRABZONSPOR J. GORDON assist,,,,,,,,,0,98,2.0,,0,19,0,40
02:28,02:28:00,21,40,-19,1,2,REGULAR,19,A. DUVERIOGLU,1,2pt,292,,['pointsinthepaint'],layup,1,44,Ahmet,Duverioglu,Ahmet,Duverioglu,A,D,A,D,A. Duverioglu,ESENLER EROKSPOR,ERK,A. Duverioglu,44,,,2.3399999141693,47.740001678467,1.0,P2,made,ESENLER EROKSPOR A. DUVERIOGLU 2Pt made,28.0,1.0,J. LOVE,,,,,,2,98,2.0,score,2,21,0,40
02:28,02:28:00,21,40,-19,1,2,REGULAR,28,J. LOVE,1,assist,293,292,[],,0,22,Jermaine,Love,Jermaine,Love,J,L,J,L,J. Love,ESENLER EROKSPOR,ERK,J. Love,22,,,,,,ASS,,ESENLER EROKSPOR J. LOVE assist,,,,,,,,,0,99,1.0,,0,21,0,40
02:16,02:16:00,21,40,-19,2,2,REGULAR,14,D. GRANT,0,2pt,294,,[],jumpshot,1,1,Denove Octavon,Grant,Denove Octavon,Grant,D,G,D,G,D. Grant,TRABZONSPOR,TRB,D. Grant,1,,,89.080001831055,21.75,0.0,P2,missed,TRABZONSPOR D. GRANT 2Pt missed,,,,,,,,,0,99,1.0,def_reb,0,21,0,40
02:13,02:13:00,21,40,-19,1,2,REGULAR,22,T. THURMAN,1,rebound,295,294,[],defensive,0,15,Tre'shawn Marcel,Thurman,Tre'shawn Marcel,Thurman,T,T,T,T,T. Thurman,ESENLER EROKSPOR,ERK,T. Thurman,15,,,,,,REB,,ESENLER EROKSPOR rebound defensive,,,,,,,,,0,100,2.0,def_reb,0,21,0,40
01:59,01:59:00,23,40,-17,1,2,REGULAR,19,A. DUVERIOGLU,1,2pt,296,,['pointsinthepaint'],layup,1,44,Ahmet,Duverioglu,Ahmet,Duverioglu,A,D,A,D,A. Duverioglu,ESENLER EROKSPOR,ERK,A. Duverioglu,44,,,4.6799998283386,50.560001373291,1.0,P2,made,ESENLER EROKSPOR A. DUVERIOGLU 2Pt made,26.0,1.0,J. CRAWFORD,,,,,,2,101,1.0,score,2,23,0,40
01:59,01:59:00,23,40,-17,1,2,REGULAR,26,J. CRAWFORD,1,assist,297,296,[],,0,1,Jordon Benjamin,Crawford,Jordon Benjamin,Crawford,J,C,J,C,J. Crawford,ESENLER EROKSPOR,ERK,J. Crawford,1,,,,,,ASS,,ESENLER EROKSPOR J. CRAWFORD assist,,,,,,,,,0,102,2.0,,0,23,0,40
01:43,01:43:00,23,40,-17,1,2,REGULAR,22,T. THURMAN,1,foul,299,,[],personal,0,15,Tre'shawn Marcel,Thurman,Tre'shawn Marcel,Thurman,T,T,T,T,T. Thurman,ESENLER EROKSPOR,ERK,T. Thurman,15,,,,,,FOUL,,ESENLER EROKSPOR T. THURMAN foul personal,,,,,,,,,0,102,2.0,,0,23,0,40
01:43,01:43:00,23,40,-17,2,2,REGULAR,14,D. GRANT,1,foulon,300,299,[],,0,1,Denove Octavon,Grant,Denove Octavon,Grant,D,G,D,G,D. Grant,TRABZONSPOR,TRB,D. Grant,1,,,,,,OTHER,,TRABZONSPOR foulon,,,,,,,,,0,102,2.0,,0,23,0,40
01:33,01:33:00,23,40,-17,2,2,REGULAR,12,A. YEBOAH,0,2pt,302,,[],jumpshot,1,15,Akwasi Abeyie,Yeboah,Akwasi Abeyie,Yeboah,A,Y,A,Y,A. Yeboah,TRABZONSPOR,TRB,A. Yeboah,15,,,84.400001525879,9.3199996948242,0.0,P2,missed,TRABZONSPOR A. YEBOAH 2Pt missed,,,,,,,,,0,102,2.0,def_reb,0,23,0,40
01:30,01:30:00,23,40,-17,1,2,REGULAR,28,J. LOVE,1,rebound,303,302,[],defensive,0,22,Jermaine,Love,Jermaine,Love,J,L,J,L,J. Love,ESENLER EROKSPOR,ERK,J. Love,22,,,,,,REB,,ESENLER EROKSPOR rebound defensive,,,,,,,,,0,103,1.0,def_reb,0,23,0,40
01:22,01:22:00,23,40,-17,1,2,REGULAR,19,A. DUVERIOGLU,1,turnover,304,,[],badpass,0,44,Ahmet,Duverioglu,Ahmet,Duverioglu,A,D,A,D,A. Duverioglu,ESENLER EROKSPOR,ERK,A. Duverioglu,44,,,,,,TO,,ESENLER EROKSPOR A. DUVERIOGLU turnover badpass,,,,,,,,,0,104,2.0,turnover,0,23,0,40
01:22,01:22:00,23,40,-17,2,2,REGULAR,10,T. TINKLE,1,steal,305,304,[],,0,3,Tres Anthony,Tinkle,Tres Anthony,Tinkle,T,T,T,T,T. Tinkle,TRABZONSPOR,TRB,T. Tinkle,3,,,,,,ST,,TRABZONSPOR T. TINKLE steal,,,,,,,,,0,105,1.0,,0,23,0,40
01:04,01:04:00,23,42,-19,2,2,REGULAR,7,J. GORDON,1,2pt,306,,['fromturnover'],jumpshot,1,8,Jitaurious Tykyvion,Gordon,Jitaurious Tykyvion,Gordon,J,G,J,G,J. Gordon,TRABZONSPOR,TRB,J. Gordon,8,,,84.23999786377,71.190002441406,1.0,P2,made,TRABZONSPOR J. GORDON 2Pt made,,,,,,,,,2,105,1.0,score,0,23,2,42
00:45,00:45:80,23,42,-19,2,2,REGULAR,2,E. ARAR,1,foul,308,,['2freethrow'],personal,0,19,Ege,Arar,Ege,Arar,E,A,E,A,E. Arar,TRABZONSPOR,TRB,E. Arar,19,,,,,,FOUL,,TRABZONSPOR E. ARAR foul personal,,,,,,,,,0,106,2.0,,0,23,0,42
00:45,00:45:80,23,42,-19,1,2,REGULAR,28,J. LOVE,1,foulon,309,308,[],,0,22,Jermaine,Love,Jermaine,Love,J,L,J,L,J. Love,ESENLER EROKSPOR,ERK,J. Love,22,,,,,,OTHER,,ESENLER EROKSPOR foulon,,,,,,,,,0,106,2.0,,0,23,0,42
00:45,00:45:80,23,42,-19,2,2,REGULAR,7,J. GORDON,1,substitution,310,,[],out,0,8,Jitaurious Tykyvion,Gordon,Jitaurious Tykyvion,Gordon,J,G,J,G,J. Gordon,TRABZONSPOR,TRB,J. Gordon,8,,,,,,SUB,out,TRABZONSPOR substitution out,,,,,,,,,0,106,2.0,,0,23,0,42
00:45,00:45:80,23,42,-19,2,2,REGULAR,11,M. REED,1,substitution,311,,[],in,0,0,Marcquise Deandre,Reed,Marcquise Deandre,Reed,M,R,M,R,M. Reed,TRABZONSPOR,TRB,M. Reed,0,,,,,,SUB,in,TRABZONSPOR substitution in,,,,,,,,,0,106,2.0,,0,23,0,42
00:45,00:45:80,24,42,-18,1,2,REGULAR,28,J. LOVE,1,freethrow,312,,[],1of2,1,22,Jermaine,Love,Jermaine,Love,J,L,J,L,J. Love,ESENLER EROKSPOR,ERK,J. Love,22,,,,,,FT,made,ESENLER EROKSPOR J. LOVE FT 1of2 made,,,,,,,,,1,106,2.0,made_ft,1,24,0,42
00:45,00:45:80,25,42,-17,1,2,REGULAR,28,J. LOVE,1,freethrow,313,,[],2of2,1,22,Jermaine,Love,Jermaine,Love,J,L,J,L,J. Love,ESENLER EROKSPOR,ERK,J. Love,22,,,,,,FT,made,ESENLER EROKSPOR J. LOVE FT 2of2 made,,,,,,,,,1,107,1.0,made_ft_last,1,25,0,42
00:45,00:45:80,25,42,-17,1,2,REGULAR,20,E. ARNA,1,substitution,314,,[],out,0,18,Egehan,Arna,Egehan,Arna,E,A,E,A,E. Arna,ESENLER EROKSPOR,ERK,E. Arna,18,,,,,,SUB,out,ESENLER EROKSPOR substitution out,,,,,,,,,0,108,2.0,,0,25,0,42
00:45,00:45:80,25,42,-17,1,2,REGULAR,21,E. GAZI,1,substitution,315,,[],in,0,7,Erten,Gazi,Erten,Gazi,E,G,E,G,E. Gazi,ESENLER EROKSPOR,ERK,E. Gazi,7,,,,,,SUB,in,ESENLER EROKSPOR substitution in,,,,,,,,,0,108,2.0,,0,25,0,42
00:33,00:33:40,25,42,-17,1,2,REGULAR,21,E. GAZI,1,foul,318,,[],personal,0,7,Erten,Gazi,Erten,Gazi,E,G,E,G,E. Gazi,ESENLER EROKSPOR,ERK,E. Gazi,7,,,,,,FOUL,,ESENLER EROKSPOR E. GAZI foul personal,,,,,,,,,0,108,2.0,,0,25,0,42
00:33,00:33:40,25,42,-17,2,2,REGULAR,11,M. REED,1,foulon,319,318,[],,0,0,Marcquise Deandre,Reed,Marcquise Deandre,Reed,M,R,M,R,M. Reed,TRABZONSPOR,TRB,M. Reed,0,,,,,,OTHER,,TRABZONSPOR foulon,,,,,,,,,0,108,2.0,,0,25,0,42
00:33,00:33:40,25,42,-17,2,2,REGULAR,0,,1,timeout,320,,[],full,0,,,,,,,,,,,TRABZONSPOR,TRB,,,,,,,,TIMEOUT,,TRABZONSPOR timeout,,,,,,,,,0,108,2.0,,0,25,0,42
00:33,00:33:40,25,42,-17,1,2,REGULAR,19,A. DUVERIOGLU,1,substitution,321,,[],out,0,44,Ahmet,Duverioglu,Ahmet,Duverioglu,A,D,A,D,A. Duverioglu,ESENLER EROKSPOR,ERK,A. Duverioglu,44,,,,,,SUB,out,ESENLER EROKSPOR substitution out,,,,,,,,,0,108,2.0,,0,25,0,42
00:33,00:33:40,25,42,-17,1,2,REGULAR,24,P. CORNELIE,1,substitution,322,,[],in,0,12,Petr  Willlam,Cornelie,Petr  Willlam,Cornelie,P,C,P,C,P. Cornelie,ESENLER EROKSPOR,ERK,P. Cornelie,12,,,,,,SUB,in,ESENLER EROKSPOR substitution in,,,,,,,,,0,108,2.0,,0,25,0,42
00:32,00:32:80,25,42,-17,2,2,REGULAR,11,M. REED,0,2pt,324,,[],jumpshot,1,0,Marcquise Deandre,Reed,Marcquise Deandre,Reed,M,R,M,R,M. Reed,TRABZONSPOR,TRB,M. Reed,0,,,76.129997253418,64.970001220703,0.0,P2,missed,TRABZONSPOR M. REED 2Pt missed,,,,,,,,,0,108,2.0,,0,25,0,42
00:25,00:25:60,25,42,-17,2,2,REGULAR,11,M. REED,1,rebound,325,324,[],offensive,0,0,Marcquise Deandre,Reed,Marcquise Deandre,Reed,M,R,M,R,M. Reed,TRABZONSPOR,TRB,M. Reed,0,,,,,,REB,,TRABZONSPOR rebound offensive,,,,,,,,,0,108,2.0,,0,25,0,42
00:23,00:23:70,25,42,-17,2,2,REGULAR,11,M. REED,0,2pt,326,,"['2ndchance', 'pointsinthepaint']",layup,1,0,Marcquise Deandre,Reed,Marcquise Deandre,Reed,M,R,M,R,M. Reed,TRABZONSPOR,TRB,M. Reed,0,,,91.419998168945,53.950000762939,0.0,P2,missed,TRABZONSPOR M. REED 2Pt missed,,,,,,,,,0,108,2.0,,0,25,0,42
00:20,00:20:60,25,42,-17,2,2,REGULAR,14,D. GRANT,1,rebound,328,326,[],offensive,0,1,Denove Octavon,Grant,Denove Octavon,Grant,D,G,D,G,D. Grant,TRABZONSPOR,TRB,D. Grant,1,,,,,,REB,,TRABZONSPOR rebound offensive,,,,,,,,,0,108,2.0,,0,25,0,42
00:20,00:20:60,25,42,-17,1,2,REGULAR,28,J. LOVE,1,foul,329,,['2freethrow'],personal,0,22,Jermaine,Love,Jermaine,Love,J,L,J,L,J. Love,ESENLER EROKSPOR,ERK,J. Love,22,,,,,,FOUL,,ESENLER EROKSPOR J. LOVE foul personal,,,,,,,,,0,108,2.0,,0,25,0,42
00:20,00:20:60,25,42,-17,2,2,REGULAR,14,D. GRANT,1,foulon,330,329,[],,0,1,Denove Octavon,Grant,Denove Octavon,Grant,D,G,D,G,D. Grant,TRABZONSPOR,TRB,D. Grant,1,,,,,,OTHER,,TRABZONSPOR foulon,,,,,,,,,0,108,2.0,,0,25,0,42
00:20,00:20:60,25,42,-17,2,2,REGULAR,10,T. TINKLE,1,substitution,331,,[],out,0,3,Tres Anthony,Tinkle,Tres Anthony,Tinkle,T,T,T,T,T. Tinkle,TRABZONSPOR,TRB,T. Tinkle,3,,,,,,SUB,out,TRABZONSPOR substitution out,,,,,,,,,0,108,2.0,,0,25,0,42
00:20,00:20:60,25,42,-17,2,2,REGULAR,3,B. DEMIR,1,substitution,332,,[],in,0,11,Berk,Demir,Berk,Demir,B,D,B,D,B. Demir,TRABZONSPOR,TRB,B. Demir,11,,,,,,SUB,in,TRABZONSPOR substitution in,,,,,,,,,0,108,2.0,,0,25,0,42
00:20,00:20:60,25,43,-18,2,2,REGULAR,14,D. GRANT,1,freethrow,333,,['2ndchance'],1of2,1,1,Denove Octavon,Grant,Denove Octavon,Grant,D,G,D,G,D. Grant,TRABZONSPOR,TRB,D. Grant,1,,,,,,FT,made,TRABZONSPOR D. GRANT FT 1of2 made,,,,,,,,,1,108,2.0,made_ft,0,25,1,43
00:20,00:20:60,25,44,-19,2,2,REGULAR,14,D. GRANT,1,freethrow,334,,['2ndchance'],2of2,1,1,Denove Octavon,Grant,Denove Octavon,Grant,D,G,D,G,D. Grant,TRABZONSPOR,TRB,D. Grant,1,,,,,,FT,made,TRABZONSPOR D. GRANT FT 2of2 made,,,,,,,,,1,109,1.0,made_ft_last,0,25,1,44
00:01,00:01:10,25,44,-19,2,2,REGULAR,2,E. ARAR,1,foul,337,,"['shooting', '2freethrow']",personal,0,19,Ege,Arar,Ege,Arar,E,A,E,A,E. Arar,TRABZONSPOR,TRB,E. Arar,19,,,,,,FOUL,,TRABZONSPOR E. ARAR foul personal,,,,,,,,,0,110,2.0,,0,25,0,44
00:01,00:01:10,25,44,-19,1,2,REGULAR,28,J. LOVE,1,foulon,338,337,[],,0,22,Jermaine,Love,Jermaine,Love,J,L,J,L,J. Love,ESENLER EROKSPOR,ERK,J. Love,22,,,,,,OTHER,,ESENLER EROKSPOR foulon,,,,,,,,,0,110,2.0,,0,25,0,44
00:01,00:01:10,26,44,-18,1,2,REGULAR,28,J. LOVE,1,freethrow,339,,['fastbreak'],1of2,1,22,Jermaine,Love,Jermaine,Love,J,L,J,L,J. Love,ESENLER EROKSPOR,ERK,J. Love,22,,,,,,FT,made,ESENLER EROKSPOR J. LOVE FT 1of2 made,,,,,,,,,1,110,2.0,made_ft,1,26,0,44
00:01,00:01:10,27,44,-17,1,2,REGULAR,28,J. LOVE,1,freethrow,340,,['fastbreak'],2of2,1,22,Jermaine,Love,Jermaine,Love,J,L,J,L,J. Love,ESENLER EROKSPOR,ERK,J. Love,22,,,,,,FT,made,ESENLER EROKSPOR J. LOVE FT 2of2 made,,,,,,,,,1,111,1.0,made_ft_last,1,27,0,44
00:00,00:00:00,27,44,-17,0,2,REGULAR,0,,1,period,343,,['confirmed'],end,0,,,,,,,,,,,,,,,,,,,,OTHER,,period end,,,,,,,,,0,112,2.0,,0,27,0,44
10:00,10:00:00,27,44,-17,1,3,REGULAR,26,J. CRAWFORD,1,substitution,344,,[],out,0,1,Jordon Benjamin,Crawford,Jordon Benjamin,Crawford,J,C,J,C,J. Crawford,ESENLER EROKSPOR,ERK,J. Crawford,1,,,,,,SUB,out,ESENLER EROKSPOR substitution out,,,,,,,,,0,112,2.0,,0,27,0,44
10:00,10:00:00,27,44,-17,1,3,REGULAR,21,E. GAZI,1,substitution,345,,[],out,0,7,Erten,Gazi,Erten,Gazi,E,G,E,G,E. Gazi,ESENLER EROKSPOR,ERK,E. Gazi,7,,,,,,SUB,out,ESENLER EROKSPOR substitution out,,,,,,,,,0,112,2.0,,0,27,0,44
10:00,10:00:00,27,44,-17,1,3,REGULAR,20,E. ARNA,1,substitution,346,,[],in,0,18,Egehan,Arna,Egehan,Arna,E,A,E,A,E. Arna,ESENLER EROKSPOR,ERK,E. Arna,18,,,,,,SUB,in,ESENLER EROKSPOR substitution in,,,,,,,,,0,112,2.0,,0,27,0,44
10:00,10:00:00,27,44,-17,1,3,REGULAR,19,A. DUVERIOGLU,1,substitution,347,,[],in,0,44,Ahmet,Duverioglu,Ahmet,Duverioglu,A,D,A,D,A. Duverioglu,ESENLER EROKSPOR,ERK,A. Duverioglu,44,,,,,,SUB,in,ESENLER EROKSPOR substitution in,,,,,,,,,0,112,2.0,,0,27,0,44
10:00,10:00:00,27,44,-17,2,3,REGULAR,12,A. YEBOAH,1,substitution,348,,[],out,0,15,Akwasi Abeyie,Yeboah,Akwasi Abeyie,Yeboah,A,Y,A,Y,A. Yeboah,TRABZONSPOR,TRB,A. Yeboah,15,,,,,,SUB,out,TRABZONSPOR substitution out,,,,,,,,,0,112,2.0,,0,27,0,44
10:00,10:00:00,27,44,-17,2,3,REGULAR,2,E. ARAR,1,substitution,349,,[],out,0,19,Ege,Arar,Ege,Arar,E,A,E,A,E. Arar,TRABZONSPOR,TRB,E. Arar,19,,,,,,SUB,out,TRABZONSPOR substitution out,,,,,,,,,0,112,2.0,,0,27,0,44
10:00,10:00:00,27,44,-17,2,3,REGULAR,5,O. ULUBAY,1,substitution,350,,[],in,0,13,Okben,Ulubay,Okben,Ulubay,O,U,O,U,O. Ulubay,TRABZONSPOR,TRB,O. Ulubay,13,,,,,,SUB,in,TRABZONSPOR substitution in,,,,,,,,,0,112,2.0,,0,27,0,44
10:00,10:00:00,27,44,-17,2,3,REGULAR,9,A. DELGADO ASTACIO,1,substitution,351,,[],in,0,31,Angel Luis,Delgado Astacio,Angel Luis,Delgado Astacio,A,D,A,D,A. Delgado Astacio,TRABZONSPOR,TRB,A. Delgado Astacio,31,,,,,,SUB,in,TRABZONSPOR substitution in,,,,,,,,,0,112,2.0,,0,27,0,44
10:00,10:00:00,27,44,-17,0,3,REGULAR,0,,1,period,352,,[],start,0,,,,,,,,,,,,,,,,,,,,OTHER,,period start,,,,,,,,,0,112,2.0,,0,27,0,44
09:51,09:51:00,27,44,-17,1,3,REGULAR,22,T. THURMAN,1,turnover,354,,[],ballhandling,0,15,Tre'shawn Marcel,Thurman,Tre'shawn Marcel,Thurman,T,T,T,T,T. Thurman,ESENLER EROKSPOR,ERK,T. Thurman,15,,,,,,TO,,ESENLER EROKSPOR T. THURMAN turnover ballhandling,,,,,,,,,0,112,2.0,turnover,0,27,0,44
09:51,09:51:00,27,44,-17,2,3,REGULAR,5,O. ULUBAY,1,steal,355,354,[],,0,13,Okben,Ulubay,Okben,Ulubay,O,U,O,U,O. Ulubay,TRABZONSPOR,TRB,O. Ulubay,13,,,,,,ST,,TRABZONSPOR O. ULUBAY steal,,,,,,,,,0,113,1.0,,0,27,0,44
09:41,09:41:00,27,44,-17,2,3,REGULAR,14,D. GRANT,1,turnover,356,,[],ballhandling,0,1,Denove Octavon,Grant,Denove Octavon,Grant,D,G,D,G,D. Grant,TRABZONSPOR,TRB,D. Grant,1,,,,,,TO,,TRABZONSPOR D. GRANT turnover ballhandling,,,,,,,,,0,113,1.0,turnover,0,27,0,44
09:41,09:41:00,27,44,-17,1,3,REGULAR,28,J. LOVE,1,steal,357,356,[],,0,22,Jermaine,Love,Jermaine,Love,J,L,J,L,J. Love,ESENLER EROKSPOR,ERK,J. Love,22,,,,,,ST,,ESENLER EROKSPOR J. LOVE steal,,,,,,,,,0,114,2.0,,0,27,0,44
09:38,09:38:00,27,44,-17,1,3,REGULAR,24,P. CORNELIE,0,2pt,358,,"['fromturnover', 'pointsinthepaint']",layup,1,12,Petr  Willlam,Cornelie,Petr  Willlam,Cornelie,P,C,P,C,P. Cornelie,ESENLER EROKSPOR,ERK,P. Cornelie,12,,,95.790000915527,56.5,0.0,P2,missed,ESENLER EROKSPOR P. CORNELIE 2Pt missed,,,,,,,,,0,114,2.0,def_reb,0,27,0,44
09:35,09:35:00,27,44,-17,2,3,REGULAR,3,B. DEMIR,1,rebound,359,358,[],defensive,0,11,Berk,Demir,Berk,Demir,B,D,B,D,B. Demir,TRABZONSPOR,TRB,B. Demir,11,,,,,,REB,,TRABZONSPOR rebound defensive,,,,,,,,,0,115,1.0,def_reb,0,27,0,44
09:19,09:19:00,27,44,-17,2,3,REGULAR,5,O. ULUBAY,0,3pt,360,,['blocked'],jumpshot,1,13,Okben,Ulubay,Okben,Ulubay,O,U,O,U,O. Ulubay,TRABZONSPOR,TRB,O. Ulubay,13,,,18.879999160767,94.069999694824,0.0,P3,missed,TRABZONSPOR O. ULUBAY 3Pt missed,,,,19.0,1.0,A. DUVERIOGLU,,,0,116,2.0,,0,27,0,44
09:19,09:19:00,27,44,-17,1,3,REGULAR,19,A. DUVERIOGLU,1,block,361,360,[],,0,44,Ahmet,Duverioglu,Ahmet,Duverioglu,A,D,A,D,A. Duverioglu,ESENLER EROKSPOR,ERK,A. Duverioglu,44,,,,,,BS,,ESENLER EROKSPOR A. DUVERIOGLU block,,,,,,,,,0,116,2.0,,0,27,0,44
09:15,09:15:00,27,44,-17,2,3,REGULAR,9,A. DELGADO ASTACIO,1,rebound,362,360,[],offensive,0,31,Angel Luis,Delgado Astacio,Angel Luis,Delgado Astacio,A,D,A,D,A. Delgado Astacio,TRABZONSPOR,TRB,A. Delgado Astacio,31,,,,,,REB,,TRABZONSPOR rebound offensive,,,,,,,,,0,116,2.0,,0,27,0,44
09:14,09:14:00,27,44,-17,2,3,REGULAR,9,A. DELGADO ASTACIO,0,2pt,363,,"['2ndchance', 'pointsinthepaint']",layup,1,31,Angel Luis,Delgado Astacio,Angel Luis,Delgado Astacio,A,D,A,D,A. Delgado Astacio,TRABZONSPOR,TRB,A. Delgado Astacio,31,,,7.6399998664856,54.240001678467,0.0,P2,missed,TRABZONSPOR A. DELGADO ASTACIO 2Pt missed,,,,,,,,,0,116,2.0,def_reb,0,27,0,44
09:11,09:11:00,27,44,-17,1,3,REGULAR,22,T. THURMAN,1,rebound,364,363,[],defensive,0,15,Tre'shawn Marcel,Thurman,Tre'shawn Marcel,Thurman,T,T,T,T,T. Thurman,ESENLER EROKSPOR,ERK,T. Thurman,15,,,,,,REB,,ESENLER EROKSPOR rebound defensive,,,,,,,,,0,117,1.0,def_reb,0,27,0,44
09:02,09:02:00,30,44,-14,1,3,REGULAR,20,E. ARNA,1,3pt,365,,[],jumpshot,1,18,Egehan,Arna,Egehan,Arna,E,A,E,A,E. Arna,ESENLER EROKSPOR,ERK,E. Arna,18,,,70.199996948242,22.030000686646,1.0,P3,made,ESENLER EROKSPOR E. ARNA 3Pt made,28.0,1.0,J. LOVE,,,,,,3,118,2.0,score,3,30,0,44
09:02,09:02:00,30,44,-14,1,3,REGULAR,28,J. LOVE,1,assist,366,365,[],,0,22,Jermaine,Love,Jermaine,Love,J,L,J,L,J. Love,ESENLER EROKSPOR,ERK,J. Love,22,,,,,,ASS,,ESENLER EROKSPOR J. LOVE assist,,,,,,,,,0,119,1.0,,0,30,0,44
08:45,08:45:00,30,44,-14,2,3,REGULAR,14,D. GRANT,0,2pt,367,,[],jumpshot,1,1,Denove Octavon,Grant,Denove Octavon,Grant,D,G,D,G,D. Grant,TRABZONSPOR,TRB,D. Grant,1,,,21.219999313354,32.200000762939,0.0,P2,missed,TRABZONSPOR D. GRANT 2Pt missed,,,,,,,,,0,119,1.0,def_reb,0,30,0,44
08:43,08:43:00,30,44,-14,1,3,REGULAR,28,J. LOVE,1,rebound,368,367,[],defensive,0,22,Jermaine,Love,Jermaine,Love,J,L,J,L,J. Love,ESENLER EROKSPOR,ERK,J. Love,22,,,,,,REB,,ESENLER EROKSPOR rebound defensive,,,,,,,,,0,120,2.0,def_reb,0,30,0,44
08:37,08:37:00,32,44,-12,1,3,REGULAR,19,A. DUVERIOGLU,1,2pt,369,,"['pointsinthepaint', 'fastbreak']",dunk,1,44,Ahmet,Duverioglu,Ahmet,Duverioglu,A,D,A,D,A. Duverioglu,ESENLER EROKSPOR,ERK,A. Duverioglu,44,,,91.889999389648,52.819999694824,1.0,P2,made,ESENLER EROKSPOR A. DUVERIOGLU 2Pt made,28.0,1.0,J. LOVE,,,,,,2,121,1.0,score,2,32,0,44
08:37,08:37:00,32,44,-12,1,3,REGULAR,28,J. LOVE,1,assist,370,369,[],,0,22,Jermaine,Love,Jermaine,Love,J,L,J,L,J. Love,ESENLER EROKSPOR,ERK,J. Love,22,,,,,,ASS,,ESENLER EROKSPOR J. LOVE assist,,,,,,,,,0,122,2.0,,0,32,0,44
08:26,08:26:00,32,44,-12,1,3,REGULAR,28,J. LOVE,1,foul,372,,[],personal,0,22,Jermaine,Love,Jermaine,Love,J,L,J,L,J. Love,ESENLER EROKSPOR,ERK,J. Love,22,,,,,,FOUL,,ESENLER EROKSPOR J. LOVE foul personal,,,,,,,,,0,122,2.0,,0,32,0,44
08:26,08:26:00,32,44,-12,2,3,REGULAR,14,D. GRANT,1,foulon,373,372,[],,0,1,Denove Octavon,Grant,Denove Octavon,Grant,D,G,D,G,D. Grant,TRABZONSPOR,TRB,D. Grant,1,,,,,,OTHER,,TRABZONSPOR foulon,,,,,,,,,0,122,2.0,,0,32,0,44
08:13,08:13:00,32,44,-12,1,3,REGULAR,20,E. ARNA,1,foul,376,,[],personal,0,18,Egehan,Arna,Egehan,Arna,E,A,E,A,E. Arna,ESENLER EROKSPOR,ERK,E. Arna,18,,,,,,FOUL,,ESENLER EROKSPOR E. ARNA foul personal,,,,,,,,,0,122,2.0,,0,32,0,44
08:13,08:13:00,32,44,-12,2,3,REGULAR,9,A. DELGADO ASTACIO,1,foulon,377,376,[],,0,31,Angel Luis,Delgado Astacio,Angel Luis,Delgado Astacio,A,D,A,D,A. Delgado Astacio,TRABZONSPOR,TRB,A. Delgado Astacio,31,,,,,,OTHER,,TRABZONSPOR foulon,,,,,,,,,0,122,2.0,,0,32,0,44
08:07,08:07:00,32,44,-12,2,3,REGULAR,11,M. REED,0,2pt,381,,"['pointsinthepaint', 'blocked']",layup,1,0,Marcquise Deandre,Reed,Marcquise Deandre,Reed,M,R,M,R,M. Reed,TRABZONSPOR,TRB,M. Reed,0,,,7.6399998664856,59.040000915527,0.0,P2,missed,TRABZONSPOR M. REED 2Pt missed,,,,19.0,1.0,A. DUVERIOGLU,,,0,122,2.0,,0,32,0,44
08:07,08:07:00,32,44,-12,1,3,REGULAR,19,A. DUVERIOGLU,1,block,382,381,[],,0,44,Ahmet,Duverioglu,Ahmet,Duverioglu,A,D,A,D,A. Duverioglu,ESENLER EROKSPOR,ERK,A. Duverioglu,44,,,,,,BS,,ESENLER EROKSPOR A. DUVERIOGLU block,,,,,,,,,0,122,2.0,,0,32,0,44
08:07,08:07:00,32,44,-12,1,3,REGULAR,0,,1,rebound,383,381,['team'],defensive,0,,,,,,,,,,,ESENLER EROKSPOR,ERK,,,,,,,,TREB,,ESENLER EROKSPOR team rebound defensive,,,,,,,,,0,122,2.0,def_reb,0,32,0,44
07:53,07:53:00,35,44,-9,1,3,REGULAR,22,T. THURMAN,1,3pt,385,,[],jumpshot,1,15,Tre'shawn Marcel,Thurman,Tre'shawn Marcel,Thurman,T,T,T,T,T. Thurman,ESENLER EROKSPOR,ERK,T. Thurman,15,,,85.019996643066,94.069999694824,1.0,P3,made,ESENLER EROKSPOR T. THURMAN 3Pt made,24.0,1.0,P. CORNELIE,,,,,,3,123,1.0,score,3,35,0,44
07:53,07:53:00,35,44,-9,1,3,REGULAR,24,P. CORNELIE,1,assist,386,385,[],,0,12,Petr  Willlam,Cornelie,Petr  Willlam,Cornelie,P,C,P,C,P. Cornelie,ESENLER EROKSPOR,ERK,P. Cornelie,12,,,,,,ASS,,ESENLER EROKSPOR P. CORNELIE assist,,,,,,,,,0,124,2.0,,0,35,0,44
07:49,07:49:00,35,44,-9,2,3,REGULAR,0,,1,timeout,388,,[],full,0,,,,,,,,,,,TRABZONSPOR,TRB,,,,,,,,TIMEOUT,,TRABZONSPOR timeout,,,,,,,,,0,124,2.0,,0,35,0,44
07:49,07:49:00,35,44,-9,0,3,REGULAR,0,,1,timeout,389,,[],officials,0,,,,,,,,,,,,,,,,,,,,TIMEOUT,, timeout,,,,,,,,,0,124,2.0,,0,35,0,44
07:49,07:49:00,35,44,-9,2,3,REGULAR,11,M. REED,1,substitution,390,,[],out,0,0,Marcquise Deandre,Reed,Marcquise Deandre,Reed,M,R,M,R,M. Reed,TRABZONSPOR,TRB,M. Reed,0,,,,,,SUB,out,TRABZONSPOR substitution out,,,,,,,,,0,124,2.0,,0,35,0,44
07:49,07:49:00,35,44,-9,2,3,REGULAR,7,J. GORDON,1,substitution,391,,[],in,0,8,Jitaurious Tykyvion,Gordon,Jitaurious Tykyvion,Gordon,J,G,J,G,J. Gordon,TRABZONSPOR,TRB,J. Gordon,8,,,,,,SUB,in,TRABZONSPOR substitution in,,,,,,,,,0,124,2.0,,0,35,0,44
07:48,07:48:00,35,44,-9,2,3,REGULAR,14,D. GRANT,1,turnover,394,,[],badpass,0,1,Denove Octavon,Grant,Denove Octavon,Grant,D,G,D,G,D. Grant,TRABZONSPOR,TRB,D. Grant,1,,,,,,TO,,TRABZONSPOR D. GRANT turnover badpass,,,,,,,,,0,124,2.0,turnover,0,35,0,44
07:48,07:48:00,35,44,-9,2,3,REGULAR,14,D. GRANT,1,substitution,395,,[],out,0,1,Denove Octavon,Grant,Denove Octavon,Grant,D,G,D,G,D. Grant,TRABZONSPOR,TRB,D. Grant,1,,,,,,SUB,out,TRABZONSPOR substitution out,,,,,,,,,0,125,1.0,,0,35,0,44
07:48,07:48:00,35,44,-9,2,3,REGULAR,4,I. ULUSOY,1,substitution,396,,[],in,0,5,Ismail Cem,Ulusoy,Ismail Cem,Ulusoy,I,U,I,U,I. Ulusoy,TRABZONSPOR,TRB,I. Ulusoy,5,,,,,,SUB,in,TRABZONSPOR substitution in,,,,,,,,,0,125,1.0,,0,35,0,44
07:35,07:35:00,35,44,-9,1,3,REGULAR,19,A. DUVERIOGLU,0,2pt,398,,"['fromturnover', 'pointsinthepaint']",layup,1,44,Ahmet,Duverioglu,Ahmet,Duverioglu,A,D,A,D,A. Duverioglu,ESENLER EROKSPOR,ERK,A. Duverioglu,44,,,95.480003356934,46.889999389648,0.0,P2,missed,ESENLER EROKSPOR A. DUVERIOGLU 2Pt missed,,,,,,,,,0,125,1.0,def_reb,0,35,0,44
07:31,07:31:00,35,44,-9,2,3,REGULAR,3,B. DEMIR,1,rebound,399,398,[],defensive,0,11,Berk,Demir,Berk,Demir,B,D,B,D,B. Demir,TRABZONSPOR,TRB,B. Demir,11,,,,,,REB,,TRABZONSPOR rebound defensive,,,,,,,,,0,126,2.0,def_reb,0,35,0,44
07:31,07:31:00,35,46,-11,2,3,REGULAR,7,J. GORDON,1,2pt,400,,"['pointsinthepaint', 'fastbreak']",layup,1,8,Jitaurious Tykyvion,Gordon,Jitaurious Tykyvion,Gordon,J,G,J,G,J. Gordon,TRABZONSPOR,TRB,J. Gordon,8,,,1.3999999761581,45.479999542236,1.0,P2,made,TRABZONSPOR J. GORDON 2Pt made,3.0,2.0,B. DEMIR,,,,,,2,127,1.0,score,0,35,2,46
07:31,07:31:00,35,46,-11,2,3,REGULAR,3,B. DEMIR,1,assist,401,400,[],,0,11,Berk,Demir,Berk,Demir,B,D,B,D,B. Demir,TRABZONSPOR,TRB,B. Demir,11,,,,,,ASS,,TRABZONSPOR B. DEMIR assist,,,,,,,,,0,128,2.0,,0,35,0,46
07:15,07:15:00,37,46,-9,1,3,REGULAR,22,T. THURMAN,1,2pt,402,,['pointsinthepaint'],drivinglayup,1,15,Tre'shawn Marcel,Thurman,Tre'shawn Marcel,Thurman,T,T,T,T,T. Thurman,ESENLER EROKSPOR,ERK,T. Thurman,15,,,96.099998474121,51.979999542236,1.0,P2,made,ESENLER EROKSPOR T. THURMAN 2Pt made,20.0,1.0,E. ARNA,,,,,,2,128,2.0,score,2,37,0,46
07:15,07:15:00,37,46,-9,1,3,REGULAR,20,E. ARNA,1,assist,403,402,[],,0,18,Egehan,Arna,Egehan,Arna,E,A,E,A,E. Arna,ESENLER EROKSPOR,ERK,E. Arna,18,,,,,,ASS,,ESENLER EROKSPOR E. ARNA assist,,,,,,,,,0,129,1.0,,0,37,0,46
06:55,06:55:00,37,49,-12,2,3,REGULAR,4,I. ULUSOY,1,3pt,404,,[],jumpshot,1,5,Ismail Cem,Ulusoy,Ismail Cem,Ulusoy,I,U,I,U,I. Ulusoy,TRABZONSPOR,TRB,I. Ulusoy,5,,,28.860000610352,79.940002441406,1.0,P3,made,TRABZONSPOR I. ULUSOY 3Pt made,,,,,,,,,3,129,1.0,score,0,37,3,49
06:32,06:32:00,37,49,-12,2,3,REGULAR,5,O. ULUBAY,1,foul,406,,[],personal,0,13,Okben,Ulubay,Okben,Ulubay,O,U,O,U,O. Ulubay,TRABZONSPOR,TRB,O. Ulubay,13,,,,,,FOUL,,TRABZONSPOR O. ULUBAY foul personal,,,,,,,,,0,130,2.0,,0,37,0,49
06:32,06:32:00,37,49,-12,1,3,REGULAR,22,T. THURMAN,1,foulon,407,406,[],,0,15,Tre'shawn Marcel,Thurman,Tre'shawn Marcel,Thurman,T,T,T,T,T. Thurman,ESENLER EROKSPOR,ERK,T. Thurman,15,,,,,,OTHER,,ESENLER EROKSPOR foulon,,,,,,,,,0,130,2.0,,0,37,0,49
06:25,06:25:00,37,49,-12,2,3,REGULAR,7,J. GORDON,1,foul,410,,[],personal,0,8,Jitaurious Tykyvion,Gordon,Jitaurious Tykyvion,Gordon,J,G,J,G,J. Gordon,TRABZONSPOR,TRB,J. Gordon,8,,,,,,FOUL,,TRABZONSPOR J. GORDON foul personal,,,,,,,,,0,130,2.0,,0,37,0,49
06:25,06:25:00,37,49,-12,1,3,REGULAR,19,A. DUVERIOGLU,1,foulon,411,410,[],,0,44,Ahmet,Duverioglu,Ahmet,Duverioglu,A,D,A,D,A. Duverioglu,ESENLER EROKSPOR,ERK,A. Duverioglu,44,,,,,,OTHER,,ESENLER EROKSPOR foulon,,,,,,,,,0,130,2.0,,0,37,0,49
06:25,06:25:00,37,49,-12,1,3,REGULAR,28,J. LOVE,0,3pt,412,,[],jumpshot,1,22,Jermaine,Love,Jermaine,Love,J,L,J,L,J. Love,ESENLER EROKSPOR,ERK,J. Love,22,,,71.610000610352,87.290000915527,0.0,P3,missed,ESENLER EROKSPOR J. LOVE 3Pt missed,,,,,,,,,0,130,2.0,,0,37,0,49
06:25,06:25:00,37,49,-12,1,3,REGULAR,24,P. CORNELIE,1,rebound,413,412,[],offensive,0,12,Petr  Willlam,Cornelie,Petr  Willlam,Cornelie,P,C,P,C,P. Cornelie,ESENLER EROKSPOR,ERK,P. Cornelie,12,,,,,,REB,,ESENLER EROKSPOR rebound offensive,,,,,,,,,0,130,2.0,,0,37,0,49
06:25,06:25:00,39,49,-10,1,3,REGULAR,19,A. DUVERIOGLU,1,2pt,414,,"['2ndchance', 'pointsinthepaint']",layup,1,44,Ahmet,Duverioglu,Ahmet,Duverioglu,A,D,A,D,A. Duverioglu,ESENLER EROKSPOR,ERK,A. Duverioglu,44,,,92.980003356934,58.189998626709,1.0,P2,made,ESENLER EROKSPOR A. DUVERIOGLU 2Pt made,20.0,1.0,E. ARNA,,,,,,2,130,2.0,score,2,39,0,49
06:25,06:25:00,39,49,-10,1,3,REGULAR,20,E. ARNA,1,assist,415,414,[],,0,18,Egehan,Arna,Egehan,Arna,E,A,E,A,E. Arna,ESENLER EROKSPOR,ERK,E. Arna,18,,,,,,ASS,,ESENLER EROKSPOR E. ARNA assist,,,,,,,,,0,131,1.0,,0,39,0,49
06:24,06:24:00,39,49,-10,2,3,REGULAR,4,I. ULUSOY,1,turnover,417,,[],ballhandling,0,5,Ismail Cem,Ulusoy,Ismail Cem,Ulusoy,I,U,I,U,I. Ulusoy,TRABZONSPOR,TRB,I. Ulusoy,5,,,,,,TO,,TRABZONSPOR I. ULUSOY turnover ballhandling,,,,,,,,,0,131,1.0,turnover,0,39,0,49
05:55,05:55:00,39,49,-10,1,3,REGULAR,24,P. CORNELIE,0,2pt,420,,['fromturnover'],jumpshot,1,12,Petr  Willlam,Cornelie,Petr  Willlam,Cornelie,P,C,P,C,P. Cornelie,ESENLER EROKSPOR,ERK,P. Cornelie,12,,,84.559997558594,19.770000457764,0.0,P2,missed,ESENLER EROKSPOR P. CORNELIE 2Pt missed,,,,,,,,,0,132,2.0,def_reb,0,39,0,49
05:53,05:53:00,39,49,-10,2,3,REGULAR,4,I. ULUSOY,1,rebound,421,420,[],defensive,0,5,Ismail Cem,Ulusoy,Ismail Cem,Ulusoy,I,U,I,U,I. Ulusoy,TRABZONSPOR,TRB,I. Ulusoy,5,,,,,,REB,,TRABZONSPOR rebound defensive,,,,,,,,,0,133,1.0,def_reb,0,39,0,49
05:51,05:51:00,39,49,-10,1,3,REGULAR,19,A. DUVERIOGLU,1,foul,423,,[],personal,0,44,Ahmet,Duverioglu,Ahmet,Duverioglu,A,D,A,D,A. Duverioglu,ESENLER EROKSPOR,ERK,A. Duverioglu,44,,,,,,FOUL,,ESENLER EROKSPOR A. DUVERIOGLU foul personal,,,,,,,,,0,134,2.0,,0,39,0,49
05:51,05:51:00,39,49,-10,2,3,REGULAR,4,I. ULUSOY,1,foulon,424,423,[],,0,5,Ismail Cem,Ulusoy,Ismail Cem,Ulusoy,I,U,I,U,I. Ulusoy,TRABZONSPOR,TRB,I. Ulusoy,5,,,,,,OTHER,,TRABZONSPOR foulon,,,,,,,,,0,134,2.0,,0,39,0,49
05:47,05:47:00,39,49,-10,2,3,REGULAR,9,A. DELGADO ASTACIO,1,foul,427,,[],offensive,0,31,Angel Luis,Delgado Astacio,Angel Luis,Delgado Astacio,A,D,A,D,A. Delgado Astacio,TRABZONSPOR,TRB,A. Delgado Astacio,31,,,,,,RFOUL,,TRABZONSPOR A. DELGADO ASTACIO foul offensive,,,,,,,,,0,134,2.0,offensive_foul,0,39,0,49
05:47,05:47:00,39,49,-10,2,3,REGULAR,9,A. DELGADO ASTACIO,1,turnover,428,427,[],offensive,0,31,Angel Luis,Delgado Astacio,Angel Luis,Delgado Astacio,A,D,A,D,A. Delgado Astacio,TRABZONSPOR,TRB,A. Delgado Astacio,31,,,,,,TO,,TRABZONSPOR A. DELGADO ASTACIO turnover offensive,,,,,,,,,0,135,1.0,turnover,0,39,0,49
05:47,05:47:00,39,49,-10,1,3,REGULAR,20,E. ARNA,1,foulon,429,427,[],,0,18,Egehan,Arna,Egehan,Arna,E,A,E,A,E. Arna,ESENLER EROKSPOR,ERK,E. Arna,18,,,,,,OTHER,,ESENLER EROKSPOR foulon,,,,,,,,,0,136,2.0,,0,39,0,49
05:26,05:26:00,39,49,-10,1,3,REGULAR,24,P. CORNELIE,0,3pt,431,,['fromturnover'],jumpshot,1,12,Petr  Willlam,Cornelie,Petr  Willlam,Cornelie,P,C,P,C,P. Cornelie,ESENLER EROKSPOR,ERK,P. Cornelie,12,,,66.930000305176,75.709999084473,0.0,P3,missed,ESENLER EROKSPOR P. CORNELIE 3Pt missed,,,,,,,,,0,136,2.0,def_reb,0,39,0,49
05:23,05:23:00,39,49,-10,2,3,REGULAR,9,A. DELGADO ASTACIO,1,rebound,432,431,[],defensive,0,31,Angel Luis,Delgado Astacio,Angel Luis,Delgado Astacio,A,D,A,D,A. Delgado Astacio,TRABZONSPOR,TRB,A. Delgado Astacio,31,,,,,,REB,,TRABZONSPOR rebound defensive,,,,,,,,,0,137,1.0,def_reb,0,39,0,49
05:05,05:05:00,39,49,-10,2,3,REGULAR,9,A. DELGADO ASTACIO,1,foul,434,,[],offensive,0,31,Angel Luis,Delgado Astacio,Angel Luis,Delgado Astacio,A,D,A,D,A. Delgado Astacio,TRABZONSPOR,TRB,A. Delgado Astacio,31,,,,,,RFOUL,,TRABZONSPOR A. DELGADO ASTACIO foul offensive,,,,,,,,,0,138,2.0,offensive_foul,0,39,0,49
05:05,05:05:00,39,49,-10,2,3,REGULAR,9,A. DELGADO ASTACIO,1,turnover,435,434,[],offensive,0,31,Angel Luis,Delgado Astacio,Angel Luis,Delgado Astacio,A,D,A,D,A. Delgado Astacio,TRABZONSPOR,TRB,A. Delgado Astacio,31,,,,,,TO,,TRABZONSPOR A. DELGADO ASTACIO turnover offensive,,,,,,,,,0,139,1.0,turnover,0,39,0,49
05:05,05:05:00,39,49,-10,1,3,REGULAR,22,T. THURMAN,1,foulon,436,434,[],,0,15,Tre'shawn Marcel,Thurman,Tre'shawn Marcel,Thurman,T,T,T,T,T. Thurman,ESENLER EROKSPOR,ERK,T. Thurman,15,,,,,,OTHER,,ESENLER EROKSPOR foulon,,,,,,,,,0,140,2.0,,0,39,0,49
05:05,05:05:00,39,49,-10,1,3,REGULAR,20,E. ARNA,1,substitution,437,,[],out,0,18,Egehan,Arna,Egehan,Arna,E,A,E,A,E. Arna,ESENLER EROKSPOR,ERK,E. Arna,18,,,,,,SUB,out,ESENLER EROKSPOR substitution out,,,,,,,,,0,140,2.0,,0,39,0,49
05:05,05:05:00,39,49,-10,1,3,REGULAR,26,J. CRAWFORD,1,substitution,438,,[],in,0,1,Jordon Benjamin,Crawford,Jordon Benjamin,Crawford,J,C,J,C,J. Crawford,ESENLER EROKSPOR,ERK,J. Crawford,1,,,,,,SUB,in,ESENLER EROKSPOR substitution in,,,,,,,,,0,140,2.0,,0,39,0,49
04:56,04:56:00,41,49,-8,1,3,REGULAR,19,A. DUVERIOGLU,1,2pt,440,,"['fromturnover', 'pointsinthepaint']",dunk,1,44,Ahmet,Duverioglu,Ahmet,Duverioglu,A,D,A,D,A. Duverioglu,ESENLER EROKSPOR,ERK,A. Duverioglu,44,,,96.879997253418,53.389999389648,1.0,P2,made,ESENLER EROKSPOR A. DUVERIOGLU 2Pt made,26.0,1.0,J. CRAWFORD,,,,,,2,140,2.0,score,2,41,0,49
04:56,04:56:00,41,49,-8,1,3,REGULAR,26,J. CRAWFORD,1,assist,441,440,[],,0,1,Jordon Benjamin,Crawford,Jordon Benjamin,Crawford,J,C,J,C,J. Crawford,ESENLER EROKSPOR,ERK,J. Crawford,1,,,,,,ASS,,ESENLER EROKSPOR J. CRAWFORD assist,,,,,,,,,0,141,1.0,,0,41,0,49
04:29,04:29:00,41,49,-8,2,3,REGULAR,7,J. GORDON,0,2pt,442,,['pointsinthepaint'],jumpshot,1,8,Jitaurious Tykyvion,Gordon,Jitaurious Tykyvion,Gordon,J,G,J,G,J. Gordon,TRABZONSPOR,TRB,J. Gordon,8,,,12.319999694824,46.889999389648,0.0,P2,missed,TRABZONSPOR J. GORDON 2Pt missed,,,,,,,,,0,141,1.0,def_reb,0,41,0,49
04:26,04:26:00,41,49,-8,1,3,REGULAR,24,P. CORNELIE,1,rebound,443,442,[],defensive,0,12,Petr  Willlam,Cornelie,Petr  Willlam,Cornelie,P,C,P,C,P. Cornelie,ESENLER EROKSPOR,ERK,P. Cornelie,12,,,,,,REB,,ESENLER EROKSPOR rebound defensive,,,,,,,,,0,142,2.0,def_reb,0,41,0,49
04:10,04:10:00,41,49,-8,1,3,REGULAR,26,J. CRAWFORD,1,turnover,444,,[],badpass,0,1,Jordon Benjamin,Crawford,Jordon Benjamin,Crawford,J,C,J,C,J. Crawford,ESENLER EROKSPOR,ERK,J. Crawford,1,,,,,,TO,,ESENLER EROKSPOR J. CRAWFORD turnover badpass,,,,,,,,,0,143,1.0,turnover,0,41,0,49
04:10,04:10:00,41,49,-8,2,3,REGULAR,7,J. GORDON,1,steal,445,444,[],,0,8,Jitaurious Tykyvion,Gordon,Jitaurious Tykyvion,Gordon,J,G,J,G,J. Gordon,TRABZONSPOR,TRB,J. Gordon,8,,,,,,ST,,TRABZONSPOR J. GORDON steal,,,,,,,,,0,144,2.0,,0,41,0,49
04:04,04:04:00,41,51,-10,2,3,REGULAR,7,J. GORDON,1,2pt,446,,"['fromturnover', 'pointsinthepaint', 'fastbreak']",layup,1,8,Jitaurious Tykyvion,Gordon,Jitaurious Tykyvion,Gordon,J,G,J,G,J. Gordon,TRABZONSPOR,TRB,J. Gordon,8,,,6.2399997711182,50.560001373291,1.0,P2,made,TRABZONSPOR J. GORDON 2Pt made,3.0,2.0,B. DEMIR,,,,,,2,144,2.0,score,0,41,2,51
04:04,04:04:00,41,51,-10,2,3,REGULAR,3,B. DEMIR,1,assist,447,446,[],,0,11,Berk,Demir,Berk,Demir,B,D,B,D,B. Demir,TRABZONSPOR,TRB,B. Demir,11,,,,,,ASS,,TRABZONSPOR B. DEMIR assist,,,,,,,,,0,145,1.0,,0,41,0,51
03:43,03:43:00,41,51,-10,2,3,REGULAR,3,B. DEMIR,1,foul,449,,['2freethrow'],personal,0,11,Berk,Demir,Berk,Demir,B,D,B,D,B. Demir,TRABZONSPOR,TRB,B. Demir,11,,,,,,FOUL,,TRABZONSPOR B. DEMIR foul personal,,,,,,,,,0,145,1.0,,0,41,0,51
03:43,03:43:00,41,51,-10,1,3,REGULAR,24,P. CORNELIE,1,foulon,450,449,[],,0,12,Petr  Willlam,Cornelie,Petr  Willlam,Cornelie,P,C,P,C,P. Cornelie,ESENLER EROKSPOR,ERK,P. Cornelie,12,,,,,,OTHER,,ESENLER EROKSPOR foulon,,,,,,,,,0,145,1.0,,0,41,0,51
03:43,03:43:00,41,51,-10,1,3,REGULAR,19,A. DUVERIOGLU,1,substitution,451,,[],out,0,44,Ahmet,Duverioglu,Ahmet,Duverioglu,A,D,A,D,A. Duverioglu,ESENLER EROKSPOR,ERK,A. Duverioglu,44,,,,,,SUB,out,ESENLER EROKSPOR substitution out,,,,,,,,,0,145,1.0,,0,41,0,51
03:43,03:43:00,41,51,-10,1,3,REGULAR,17,M. AKYEL,1,substitution,452,,[],in,0,41,Metehan,Akyel,Metehan,Akyel,M,A,M,A,M. Akyel,ESENLER EROKSPOR,ERK,M. Akyel,41,,,,,,SUB,in,ESENLER EROKSPOR substitution in,,,,,,,,,0,145,1.0,,0,41,0,51
03:43,03:43:00,42,51,-9,1,3,REGULAR,24,P. CORNELIE,1,freethrow,453,,[],1of2,1,12,Petr  Willlam,Cornelie,Petr  Willlam,Cornelie,P,C,P,C,P. Cornelie,ESENLER EROKSPOR,ERK,P. Cornelie,12,,,,,,FT,made,ESENLER EROKSPOR P. CORNELIE FT 1of2 made,,,,,,,,,1,145,1.0,made_ft,1,42,0,51
03:43,03:43:00,42,51,-9,1,3,REGULAR,24,P. CORNELIE,0,freethrow,454,,[],2of2,1,12,Petr  Willlam,Cornelie,Petr  Willlam,Cornelie,P,C,P,C,P. Cornelie,ESENLER EROKSPOR,ERK,P. Cornelie,12,,,,,,FT,missed,ESENLER EROKSPOR P. CORNELIE FT 2of2 missed,,,,,,,,,0,146,2.0,def_reb,0,42,0,51
03:43,03:43:00,42,51,-9,2,3,REGULAR,3,B. DEMIR,1,rebound,456,454,[],defensive,0,11,Berk,Demir,Berk,Demir,B,D,B,D,B. Demir,TRABZONSPOR,TRB,B. Demir,11,,,,,,REB,,TRABZONSPOR rebound defensive,,,,,,,,,0,147,1.0,def_reb,0,42,0,51
03:31,03:31:00,42,51,-9,2,3,REGULAR,5,O. ULUBAY,0,3pt,457,,[],jumpshot,1,13,Okben,Ulubay,Okben,Ulubay,O,U,O,U,O. Ulubay,TRABZONSPOR,TRB,O. Ulubay,13,,,9.3599996566772,99.440002441406,0.0,P3,missed,TRABZONSPOR O. ULUBAY 3Pt missed,,,,,,,,,0,148,2.0,def_reb,0,42,0,51
03:29,03:29:00,42,51,-9,1,3,REGULAR,24,P. CORNELIE,1,rebound,458,457,[],defensive,0,12,Petr  Willlam,Cornelie,Petr  Willlam,Cornelie,P,C,P,C,P. Cornelie,ESENLER EROKSPOR,ERK,P. Cornelie,12,,,,,,REB,,ESENLER EROKSPOR rebound defensive,,,,,,,,,0,149,1.0,def_reb,0,42,0,51
03:22,03:22:00,42,51,-9,1,3,REGULAR,26,J. CRAWFORD,0,2pt,459,,['blocked'],jumpshot,1,1,Jordon Benjamin,Crawford,Jordon Benjamin,Crawford,J,C,J,C,J. Crawford,ESENLER EROKSPOR,ERK,J. Crawford,1,,,80.190002441406,74.290000915527,0.0,P2,missed,ESENLER EROKSPOR J. CRAWFORD 2Pt missed,,,,4.0,2.0,I. ULUSOY,,,0,150,2.0,,0,42,0,51
03:22,03:22:00,42,51,-9,2,3,REGULAR,4,I. ULUSOY,1,block,460,459,[],,0,5,Ismail Cem,Ulusoy,Ismail Cem,Ulusoy,I,U,I,U,I. Ulusoy,TRABZONSPOR,TRB,I. Ulusoy,5,,,,,,BS,,TRABZONSPOR I. ULUSOY block,,,,,,,,,0,150,2.0,,0,42,0,51
03:19,03:19:00,42,51,-9,1,3,REGULAR,0,,1,rebound,461,459,['team'],offensive,0,,,,,,,,,,,ESENLER EROKSPOR,ERK,,,,,,,,TREB,,ESENLER EROKSPOR team rebound offensive,,,,,,,,,0,150,2.0,def_reb,0,42,0,51
03:02,03:02:00,42,51,-9,1,3,REGULAR,0,,1,timeout,465,,[],full,0,,,,,,,,,,,ESENLER EROKSPOR,ERK,,,,,,,,TIMEOUT,,ESENLER EROKSPOR timeout,,,,,,,,,0,151,1.0,,0,42,0,51
03:02,03:02:00,42,51,-9,2,3,REGULAR,3,B. DEMIR,1,substitution,466,,[],out,0,11,Berk,Demir,Berk,Demir,B,D,B,D,B. Demir,TRABZONSPOR,TRB,B. Demir,11,,,,,,SUB,out,TRABZONSPOR substitution out,,,,,,,,,0,151,1.0,,0,42,0,51
03:02,03:02:00,42,51,-9,2,3,REGULAR,10,T. TINKLE,1,substitution,467,,[],in,0,3,Tres Anthony,Tinkle,Tres Anthony,Tinkle,T,T,T,T,T. Tinkle,TRABZONSPOR,TRB,T. Tinkle,3,,,,,,SUB,in,TRABZONSPOR substitution in,,,,,,,,,0,151,1.0,,0,42,0,51
02:55,02:55:00,42,51,-9,1,3,REGULAR,28,J. LOVE,0,3pt,469,,['2ndchance'],jumpshot,1,22,Jermaine,Love,Jermaine,Love,J,L,J,L,J. Love,ESENLER EROKSPOR,ERK,J. Love,22,,,75.040000915527,85.589996337891,0.0,P3,missed,ESENLER EROKSPOR J. LOVE 3Pt missed,,,,,,,,,0,151,1.0,,0,42,0,51
02:49,02:49:00,42,51,-9,1,3,REGULAR,22,T. THURMAN,1,rebound,470,469,[],offensive,0,15,Tre'shawn Marcel,Thurman,Tre'shawn Marcel,Thurman,T,T,T,T,T. Thurman,ESENLER EROKSPOR,ERK,T. Thurman,15,,,,,,REB,,ESENLER EROKSPOR rebound offensive,,,,,,,,,0,151,1.0,,0,42,0,51
02:46,02:46:00,45,51,-6,1,3,REGULAR,22,T. THURMAN,1,3pt,471,,['2ndchance'],jumpshot,1,15,Tre'shawn Marcel,Thurman,Tre'shawn Marcel,Thurman,T,T,T,T,T. Thurman,ESENLER EROKSPOR,ERK,T. Thurman,15,,,78.0,11.579999923706,1.0,P3,made,ESENLER EROKSPOR T. THURMAN 3Pt made,,,,,,,,,3,151,1.0,score,3,45,0,51
02:22,02:22:00,45,51,-6,2,3,REGULAR,4,I. ULUSOY,0,3pt,472,,[],jumpshot,1,5,Ismail Cem,Ulusoy,Ismail Cem,Ulusoy,I,U,I,U,I. Ulusoy,TRABZONSPOR,TRB,I. Ulusoy,5,,,19.340000152588,4.8000001907349,0.0,P3,missed,TRABZONSPOR I. ULUSOY 3Pt missed,,,,,,,,,0,152,2.0,,0,45,0,51
02:20,02:20:00,45,51,-6,2,3,REGULAR,9,A. DELGADO ASTACIO,1,rebound,473,472,[],offensive,0,31,Angel Luis,Delgado Astacio,Angel Luis,Delgado Astacio,A,D,A,D,A. Delgado Astacio,TRABZONSPOR,TRB,A. Delgado Astacio,31,,,,,,REB,,TRABZONSPOR rebound offensive,,,,,,,,,0,152,2.0,,0,45,0,51
02:17,02:17:00,45,53,-8,2,3,REGULAR,9,A. DELGADO ASTACIO,1,2pt,474,,"['2ndchance', 'pointsinthepaint']",layup,1,31,Angel Luis,Delgado Astacio,Angel Luis,Delgado Astacio,A,D,A,D,A. Delgado Astacio,TRABZONSPOR,TRB,A. Delgado Astacio,31,,,4.5199999809265,55.650001525879,1.0,P2,made,TRABZONSPOR A. DELGADO ASTACIO 2Pt made,,,,,,,,,2,152,2.0,score,0,45,2,53
01:56,01:56:00,45,53,-8,1,3,REGULAR,22,T. THURMAN,0,3pt,475,,[],jumpshot,1,15,Tre'shawn Marcel,Thurman,Tre'shawn Marcel,Thurman,T,T,T,T,T. Thurman,ESENLER EROKSPOR,ERK,T. Thurman,15,,,74.099998474121,80.230003356934,0.0,P3,missed,ESENLER EROKSPOR T. THURMAN 3Pt missed,,,,,,,,,0,153,1.0,def_reb,0,45,0,53
01:53,01:53:00,45,53,-8,2,3,REGULAR,7,J. GORDON,1,rebound,476,475,[],defensive,0,8,Jitaurious Tykyvion,Gordon,Jitaurious Tykyvion,Gordon,J,G,J,G,J. Gordon,TRABZONSPOR,TRB,J. Gordon,8,,,,,,REB,,TRABZONSPOR rebound defensive,,,,,,,,,0,154,2.0,def_reb,0,45,0,53
01:46,01:46:00,45,53,-8,1,3,REGULAR,17,M. AKYEL,1,foul,478,,[],personal,0,41,Metehan,Akyel,Metehan,Akyel,M,A,M,A,M. Akyel,ESENLER EROKSPOR,ERK,M. Akyel,41,,,,,,FOUL,,ESENLER EROKSPOR M. AKYEL foul personal,,,,,,,,,0,155,1.0,,0,45,0,53
01:46,01:46:00,45,53,-8,2,3,REGULAR,9,A. DELGADO ASTACIO,1,foulon,479,478,[],,0,31,Angel Luis,Delgado Astacio,Angel Luis,Delgado Astacio,A,D,A,D,A. Delgado Astacio,TRABZONSPOR,TRB,A. Delgado Astacio,31,,,,,,OTHER,,TRABZONSPOR foulon,,,,,,,,,0,155,1.0,,0,45,0,53
01:46,01:46:00,45,53,-8,2,3,REGULAR,7,J. GORDON,1,substitution,480,,[],out,0,8,Jitaurious Tykyvion,Gordon,Jitaurious Tykyvion,Gordon,J,G,J,G,J. Gordon,TRABZONSPOR,TRB,J. Gordon,8,,,,,,SUB,out,TRABZONSPOR substitution out,,,,,,,,,0,155,1.0,,0,45,0,53
01:46,01:46:00,45,53,-8,2,3,REGULAR,5,O. ULUBAY,1,substitution,481,,[],out,0,13,Okben,Ulubay,Okben,Ulubay,O,U,O,U,O. Ulubay,TRABZONSPOR,TRB,O. Ulubay,13,,,,,,SUB,out,TRABZONSPOR substitution out,,,,,,,,,0,155,1.0,,0,45,0,53
01:46,01:46:00,45,53,-8,2,3,REGULAR,11,M. REED,1,substitution,482,,[],in,0,0,Marcquise Deandre,Reed,Marcquise Deandre,Reed,M,R,M,R,M. Reed,TRABZONSPOR,TRB,M. Reed,0,,,,,,SUB,in,TRABZONSPOR substitution in,,,,,,,,,0,155,1.0,,0,45,0,53
01:46,01:46:00,45,53,-8,2,3,REGULAR,12,A. YEBOAH,1,substitution,483,,[],in,0,15,Akwasi Abeyie,Yeboah,Akwasi Abeyie,Yeboah,A,Y,A,Y,A. Yeboah,TRABZONSPOR,TRB,A. Yeboah,15,,,,,,SUB,in,TRABZONSPOR substitution in,,,,,,,,,0,155,1.0,,0,45,0,53
01:32,01:32:00,45,53,-8,1,3,REGULAR,24,P. CORNELIE,1,foul,486,,"['shooting', '2freethrow']",personal,0,12,Petr  Willlam,Cornelie,Petr  Willlam,Cornelie,P,C,P,C,P. Cornelie,ESENLER EROKSPOR,ERK,P. Cornelie,12,,,,,,FOUL,,ESENLER EROKSPOR P. CORNELIE foul personal,,,,,,,,,0,155,1.0,,0,45,0,53
01:32,01:32:00,45,53,-8,2,3,REGULAR,12,A. YEBOAH,1,foulon,487,486,[],,0,15,Akwasi Abeyie,Yeboah,Akwasi Abeyie,Yeboah,A,Y,A,Y,A. Yeboah,TRABZONSPOR,TRB,A. Yeboah,15,,,,,,OTHER,,TRABZONSPOR foulon,,,,,,,,,0,155,1.0,,0,45,0,53
01:32,01:32:00,45,54,-9,2,3,REGULAR,12,A. YEBOAH,1,freethrow,488,,[],1of2,1,15,Akwasi Abeyie,Yeboah,Akwasi Abeyie,Yeboah,A,Y,A,Y,A. Yeboah,TRABZONSPOR,TRB,A. Yeboah,15,,,,,,FT,made,TRABZONSPOR A. YEBOAH FT 1of2 made,,,,,,,,,1,155,1.0,made_ft,0,45,1,54
01:32,01:32:00,45,54,-9,2,3,REGULAR,11,M. REED,1,assist,489,488,[],,0,0,Marcquise Deandre,Reed,Marcquise Deandre,Reed,M,R,M,R,M. Reed,TRABZONSPOR,TRB,M. Reed,0,,,,,,ASS,,TRABZONSPOR M. REED assist,,,,,,,,,0,156,2.0,,0,45,0,54
01:32,01:32:00,45,55,-10,2,3,REGULAR,12,A. YEBOAH,1,freethrow,490,,[],2of2,1,15,Akwasi Abeyie,Yeboah,Akwasi Abeyie,Yeboah,A,Y,A,Y,A. Yeboah,TRABZONSPOR,TRB,A. Yeboah,15,,,,,,FT,made,TRABZONSPOR A. YEBOAH FT 2of2 made,,,,,,,,,1,156,2.0,made_ft_last,0,45,1,55
01:32,01:32:00,45,55,-10,1,3,REGULAR,24,P. CORNELIE,1,substitution,491,,[],out,0,12,Petr  Willlam,Cornelie,Petr  Willlam,Cornelie,P,C,P,C,P. Cornelie,ESENLER EROKSPOR,ERK,P. Cornelie,12,,,,,,SUB,out,ESENLER EROKSPOR substitution out,,,,,,,,,0,157,1.0,,0,45,0,55
01:32,01:32:00,45,55,-10,1,3,REGULAR,17,M. AKYEL,1,substitution,492,,[],out,0,41,Metehan,Akyel,Metehan,Akyel,M,A,M,A,M. Akyel,ESENLER EROKSPOR,ERK,M. Akyel,41,,,,,,SUB,out,ESENLER EROKSPOR substitution out,,,,,,,,,0,157,1.0,,0,45,0,55
01:32,01:32:00,45,55,-10,1,3,REGULAR,23,J. GANT,1,substitution,493,,[],in,0,23,Jakeenan Tyelle ,Gant,Jakeenan Tyelle ,Gant,J,G,J,G,J. Gant,ESENLER EROKSPOR,ERK,J. Gant,23,,,,,,SUB,in,ESENLER EROKSPOR substitution in,,,,,,,,,0,157,1.0,,0,45,0,55
01:32,01:32:00,45,55,-10,1,3,REGULAR,19,A. DUVERIOGLU,1,substitution,494,,[],in,0,44,Ahmet,Duverioglu,Ahmet,Duverioglu,A,D,A,D,A. Duverioglu,ESENLER EROKSPOR,ERK,A. Duverioglu,44,,,,,,SUB,in,ESENLER EROKSPOR substitution in,,,,,,,,,0,157,1.0,,0,45,0,55
01:24,01:24:00,45,55,-10,1,3,REGULAR,19,A. DUVERIOGLU,1,turnover,496,,[],ballhandling,0,44,Ahmet,Duverioglu,Ahmet,Duverioglu,A,D,A,D,A. Duverioglu,ESENLER EROKSPOR,ERK,A. Duverioglu,44,,,,,,TO,,ESENLER EROKSPOR A. DUVERIOGLU turnover ballhandling,,,,,,,,,0,157,1.0,turnover,0,45,0,55
01:24,01:24:00,45,55,-10,2,3,REGULAR,11,M. REED,1,steal,497,496,[],,0,0,Marcquise Deandre,Reed,Marcquise Deandre,Reed,M,R,M,R,M. Reed,TRABZONSPOR,TRB,M. Reed,0,,,,,,ST,,TRABZONSPOR M. REED steal,,,,,,,,,0,158,2.0,,0,45,0,55
01:19,01:19:00,45,57,-12,2,3,REGULAR,11,M. REED,1,2pt,498,,"['fromturnover', 'pointsinthepaint', 'fastbreak']",layup,1,0,Marcquise Deandre,Reed,Marcquise Deandre,Reed,M,R,M,R,M. Reed,TRABZONSPOR,TRB,M. Reed,0,,,5.460000038147,47.180000305176,1.0,P2,made,TRABZONSPOR M. REED 2Pt made,12.0,2.0,A. YEBOAH,,,,,,2,158,2.0,score,0,45,2,57
01:19,01:19:00,45,57,-12,2,3,REGULAR,12,A. YEBOAH,1,assist,499,498,[],,0,15,Akwasi Abeyie,Yeboah,Akwasi Abeyie,Yeboah,A,Y,A,Y,A. Yeboah,TRABZONSPOR,TRB,A. Yeboah,15,,,,,,ASS,,TRABZONSPOR A. YEBOAH assist,,,,,,,,,0,159,1.0,,0,45,0,57
00:54,00:54:00,45,57,-12,1,3,REGULAR,23,J. GANT,1,substitution,501,,[],out,0,23,Jakeenan Tyelle ,Gant,Jakeenan Tyelle ,Gant,J,G,J,G,J. Gant,ESENLER EROKSPOR,ERK,J. Gant,23,,,,,,SUB,out,ESENLER EROKSPOR substitution out,,,,,,,,,0,159,1.0,,0,45,0,57
00:54,00:54:00,45,57,-12,1,3,REGULAR,24,P. CORNELIE,1,substitution,502,,[],in,0,12,Petr  Willlam,Cornelie,Petr  Willlam,Cornelie,P,C,P,C,P. Cornelie,ESENLER EROKSPOR,ERK,P. Cornelie,12,,,,,,SUB,in,ESENLER EROKSPOR substitution in,,,,,,,,,0,159,1.0,,0,45,0,57
00:50,00:50:90,45,57,-12,2,3,REGULAR,12,A. YEBOAH,1,foul,505,,"['shooting', '2freethrow']",personal,0,15,Akwasi Abeyie,Yeboah,Akwasi Abeyie,Yeboah,A,Y,A,Y,A. Yeboah,TRABZONSPOR,TRB,A. Yeboah,15,,,,,,FOUL,,TRABZONSPOR A. YEBOAH foul personal,,,,,,,,,0,159,1.0,,0,45,0,57
00:50,00:50:90,45,57,-12,1,3,REGULAR,24,P. CORNELIE,1,foulon,506,505,[],,0,12,Petr  Willlam,Cornelie,Petr  Willlam,Cornelie,P,C,P,C,P. Cornelie,ESENLER EROKSPOR,ERK,P. Cornelie,12,,,,,,OTHER,,ESENLER EROKSPOR foulon,,,,,,,,,0,159,1.0,,0,45,0,57
00:50,00:50:90,45,57,-12,1,3,REGULAR,24,P. CORNELIE,0,freethrow,507,,[],1of2,1,12,Petr  Willlam,Cornelie,Petr  Willlam,Cornelie,P,C,P,C,P. Cornelie,ESENLER EROKSPOR,ERK,P. Cornelie,12,,,,,,FT,missed,ESENLER EROKSPOR P. CORNELIE FT 1of2 missed,,,,,,,,,0,159,1.0,def_reb,0,45,0,57
00:50,00:50:90,45,57,-12,1,3,REGULAR,0,,1,rebound,508,507,[],offensivedeadball,0,,,,,,,,,,,ESENLER EROKSPOR,ERK,,,,,,,,TREB,,ESENLER EROKSPOR team rebound offensivedeadball,,,,,,,,,0,160,2.0,def_reb,0,45,0,57
00:50,00:50:90,45,57,-12,1,3,REGULAR,24,P. CORNELIE,0,freethrow,509,,[],2of2,1,12,Petr  Willlam,Cornelie,Petr  Willlam,Cornelie,P,C,P,C,P. Cornelie,ESENLER EROKSPOR,ERK,P. Cornelie,12,,,,,,FT,missed,ESENLER EROKSPOR P. CORNELIE FT 2of2 missed,,,,,,,,,0,161,1.0,def_reb,0,45,0,57
00:50,00:50:90,45,57,-12,2,3,REGULAR,12,A. YEBOAH,1,rebound,511,509,[],defensive,0,15,Akwasi Abeyie,Yeboah,Akwasi Abeyie,Yeboah,A,Y,A,Y,A. Yeboah,TRABZONSPOR,TRB,A. Yeboah,15,,,,,,REB,,TRABZONSPOR rebound defensive,,,,,,,,,0,162,2.0,def_reb,0,45,0,57
00:33,00:33:00,45,57,-12,2,3,REGULAR,9,A. DELGADO ASTACIO,0,2pt,512,,['pointsinthepaint'],layup,1,31,Angel Luis,Delgado Astacio,Angel Luis,Delgado Astacio,A,D,A,D,A. Delgado Astacio,TRABZONSPOR,TRB,A. Delgado Astacio,31,,,7.4899997711182,56.209999084473,0.0,P2,missed,TRABZONSPOR A. DELGADO ASTACIO 2Pt missed,,,,,,,,,0,163,1.0,def_reb,0,45,0,57
00:30,00:30:90,45,57,-12,1,3,REGULAR,24,P. CORNELIE,1,rebound,513,512,[],defensive,0,12,Petr  Willlam,Cornelie,Petr  Willlam,Cornelie,P,C,P,C,P. Cornelie,ESENLER EROKSPOR,ERK,P. Cornelie,12,,,,,,REB,,ESENLER EROKSPOR rebound defensive,,,,,,,,,0,164,2.0,def_reb,0,45,0,57
00:03,00:03:80,45,57,-12,1,3,REGULAR,26,J. CRAWFORD,0,2pt,514,,['pointsinthepaint'],layup,1,1,Jordon Benjamin,Crawford,Jordon Benjamin,Crawford,J,C,J,C,J. Crawford,ESENLER EROKSPOR,ERK,J. Crawford,1,,,93.599998474121,48.020000457764,0.0,P2,missed,ESENLER EROKSPOR J. CRAWFORD 2Pt missed,,,,,,,,,0,165,1.0,,0,45,0,57
00:00,00:00:00,45,57,-12,0,3,REGULAR,0,,1,period,516,,['confirmed'],end,0,,,,,,,,,,,,,,,,,,,,OTHER,,period end,,,,,,,,,0,165,1.0,,0,45,0,57
10:00,10:00:00,45,57,-12,1,4,REGULAR,24,P. CORNELIE,1,substitution,517,,[],out,0,12,Petr  Willlam,Cornelie,Petr  Willlam,Cornelie,P,C,P,C,P. Cornelie,ESENLER EROKSPOR,ERK,P. Cornelie,12,,,,,,SUB,out,ESENLER EROKSPOR substitution out,,,,,,,,,0,165,1.0,,0,45,0,57
10:00,10:00:00,45,57,-12,1,4,REGULAR,28,J. LOVE,1,substitution,518,,[],out,0,22,Jermaine,Love,Jermaine,Love,J,L,J,L,J. Love,ESENLER EROKSPOR,ERK,J. Love,22,,,,,,SUB,out,ESENLER EROKSPOR substitution out,,,,,,,,,0,165,1.0,,0,45,0,57
10:00,10:00:00,45,57,-12,1,4,REGULAR,20,E. ARNA,1,substitution,519,,[],in,0,18,Egehan,Arna,Egehan,Arna,E,A,E,A,E. Arna,ESENLER EROKSPOR,ERK,E. Arna,18,,,,,,SUB,in,ESENLER EROKSPOR substitution in,,,,,,,,,0,165,1.0,,0,45,0,57
10:00,10:00:00,45,57,-12,1,4,REGULAR,23,J. GANT,1,substitution,520,,[],in,0,23,Jakeenan Tyelle ,Gant,Jakeenan Tyelle ,Gant,J,G,J,G,J. Gant,ESENLER EROKSPOR,ERK,J. Gant,23,,,,,,SUB,in,ESENLER EROKSPOR substitution in,,,,,,,,,0,165,1.0,,0,45,0,57
10:00,10:00:00,45,57,-12,0,4,REGULAR,0,,1,period,521,,[],start,0,,,,,,,,,,,,,,,,,,,,OTHER,,period start,,,,,,,,,0,165,1.0,,0,45,0,57
09:57,09:57:00,45,57,-12,1,4,REGULAR,26,J. CRAWFORD,1,foul,524,,[],personal,0,1,Jordon Benjamin,Crawford,Jordon Benjamin,Crawford,J,C,J,C,J. Crawford,ESENLER EROKSPOR,ERK,J. Crawford,1,,,,,,FOUL,,ESENLER EROKSPOR J. CRAWFORD foul personal,,,,,,,,,0,165,1.0,,0,45,0,57
09:57,09:57:00,45,57,-12,2,4,REGULAR,11,M. REED,1,foulon,525,524,[],,0,0,Marcquise Deandre,Reed,Marcquise Deandre,Reed,M,R,M,R,M. Reed,TRABZONSPOR,TRB,M. Reed,0,,,,,,OTHER,,TRABZONSPOR foulon,,,,,,,,,0,165,1.0,,0,45,0,57
09:44,09:44:00,45,57,-12,2,4,REGULAR,10,T. TINKLE,0,2pt,527,,['pointsinthepaint'],layup,1,3,Tres Anthony,Tinkle,Tres Anthony,Tinkle,T,T,T,T,T. Tinkle,TRABZONSPOR,TRB,T. Tinkle,3,,,7.3299999237061,51.409999847412,0.0,P2,missed,TRABZONSPOR T. TINKLE 2Pt missed,,,,,,,,,0,165,1.0,,0,45,0,57
09:41,09:41:00,45,57,-12,2,4,REGULAR,12,A. YEBOAH,1,rebound,528,527,[],offensive,0,15,Akwasi Abeyie,Yeboah,Akwasi Abeyie,Yeboah,A,Y,A,Y,A. Yeboah,TRABZONSPOR,TRB,A. Yeboah,15,,,,,,REB,,TRABZONSPOR rebound offensive,,,,,,,,,0,165,1.0,,0,45,0,57
09:36,09:36:00,45,57,-12,2,4,REGULAR,11,M. REED,0,3pt,530,,['2ndchance'],jumpshot,1,0,Marcquise Deandre,Reed,Marcquise Deandre,Reed,M,R,M,R,M. Reed,TRABZONSPOR,TRB,M. Reed,0,,,27.930000305176,91.809997558594,0.0,P3,missed,TRABZONSPOR M. REED 3Pt missed,,,,,,,,,0,165,1.0,,0,45,0,57
09:34,09:34:00,45,57,-12,2,4,REGULAR,9,A. DELGADO ASTACIO,1,rebound,531,530,[],offensive,0,31,Angel Luis,Delgado Astacio,Angel Luis,Delgado Astacio,A,D,A,D,A. Delgado Astacio,TRABZONSPOR,TRB,A. Delgado Astacio,31,,,,,,REB,,TRABZONSPOR rebound offensive,,,,,,,,,0,165,1.0,,0,45,0,57
09:33,09:33:00,45,57,-12,2,4,REGULAR,9,A. DELGADO ASTACIO,1,turnover,533,,[],outofbounds,0,31,Angel Luis,Delgado Astacio,Angel Luis,Delgado Astacio,A,D,A,D,A. Delgado Astacio,TRABZONSPOR,TRB,A. Delgado Astacio,31,,,,,,TO,,TRABZONSPOR A. DELGADO ASTACIO turnover outofbounds,,,,,,,,,0,165,1.0,turnover,0,45,0,57
09:12,09:12:00,45,57,-12,1,4,REGULAR,19,A. DUVERIOGLU,0,2pt,535,,"['fromturnover', 'pointsinthepaint']",dunk,1,44,Ahmet,Duverioglu,Ahmet,Duverioglu,A,D,A,D,A. Duverioglu,ESENLER EROKSPOR,ERK,A. Duverioglu,44,,,95.160003662109,59.889999389648,0.0,P2,missed,ESENLER EROKSPOR A. DUVERIOGLU 2Pt missed,,,,,,,,,0,166,2.0,def_reb,0,45,0,57
09:09,09:09:00,45,57,-12,2,4,REGULAR,12,A. YEBOAH,1,rebound,536,535,[],defensive,0,15,Akwasi Abeyie,Yeboah,Akwasi Abeyie,Yeboah,A,Y,A,Y,A. Yeboah,TRABZONSPOR,TRB,A. Yeboah,15,,,,,,REB,,TRABZONSPOR rebound defensive,,,,,,,,,0,167,1.0,def_reb,0,45,0,57
08:55,08:55:00,45,57,-12,1,4,REGULAR,26,J. CRAWFORD,1,foul,537,,[],personal,0,1,Jordon Benjamin,Crawford,Jordon Benjamin,Crawford,J,C,J,C,J. Crawford,ESENLER EROKSPOR,ERK,J. Crawford,1,,,,,,FOUL,,ESENLER EROKSPOR J. CRAWFORD foul personal,,,,,,,,,0,168,2.0,,0,45,0,57
08:55,08:55:00,45,57,-12,2,4,REGULAR,12,A. YEBOAH,1,foulon,539,537,[],,0,15,Akwasi Abeyie,Yeboah,Akwasi Abeyie,Yeboah,A,Y,A,Y,A. Yeboah,TRABZONSPOR,TRB,A. Yeboah,15,,,,,,OTHER,,TRABZONSPOR foulon,,,,,,,,,0,168,2.0,,0,45,0,57
08:54,08:54:00,45,57,-12,1,4,REGULAR,19,A. DUVERIOGLU,1,foul,540,,[],personal,0,44,Ahmet,Duverioglu,Ahmet,Duverioglu,A,D,A,D,A. Duverioglu,ESENLER EROKSPOR,ERK,A. Duverioglu,44,,,,,,FOUL,,ESENLER EROKSPOR A. DUVERIOGLU foul personal,,,,,,,,,0,168,2.0,,0,45,0,57
08:54,08:54:00,45,57,-12,2,4,REGULAR,11,M. REED,1,foulon,541,540,[],,0,0,Marcquise Deandre,Reed,Marcquise Deandre,Reed,M,R,M,R,M. Reed,TRABZONSPOR,TRB,M. Reed,0,,,,,,OTHER,,TRABZONSPOR foulon,,,,,,,,,0,168,2.0,,0,45,0,57
08:54,08:54:00,45,57,-12,2,4,REGULAR,4,I. ULUSOY,1,substitution,542,,[],out,0,5,Ismail Cem,Ulusoy,Ismail Cem,Ulusoy,I,U,I,U,I. Ulusoy,TRABZONSPOR,TRB,I. Ulusoy,5,,,,,,SUB,out,TRABZONSPOR substitution out,,,,,,,,,0,168,2.0,,0,45,0,57
08:54,08:54:00,45,57,-12,2,4,REGULAR,14,D. GRANT,1,substitution,543,,[],in,0,1,Denove Octavon,Grant,Denove Octavon,Grant,D,G,D,G,D. Grant,TRABZONSPOR,TRB,D. Grant,1,,,,,,SUB,in,TRABZONSPOR substitution in,,,,,,,,,0,168,2.0,,0,45,0,57
08:54,08:54:00,45,57,-12,2,4,REGULAR,9,A. DELGADO ASTACIO,1,substitution,544,,[],out,0,31,Angel Luis,Delgado Astacio,Angel Luis,Delgado Astacio,A,D,A,D,A. Delgado Astacio,TRABZONSPOR,TRB,A. Delgado Astacio,31,,,,,,SUB,out,TRABZONSPOR substitution out,,,,,,,,,0,168,2.0,,0,45,0,57
08:54,08:54:00,45,57,-12,2,4,REGULAR,2,E. ARAR,1,substitution,545,,[],in,0,19,Ege,Arar,Ege,Arar,E,A,E,A,E. Arar,TRABZONSPOR,TRB,E. Arar,19,,,,,,SUB,in,TRABZONSPOR substitution in,,,,,,,,,0,168,2.0,,0,45,0,57
08:54,08:54:00,45,57,-12,2,4,REGULAR,14,D. GRANT,0,2pt,546,,['pointsinthepaint'],jumpshot,1,1,Denove Octavon,Grant,Denove Octavon,Grant,D,G,D,G,D. Grant,TRABZONSPOR,TRB,D. Grant,1,,,12.010000228882,40.680000305176,0.0,P2,missed,TRABZONSPOR D. GRANT 2Pt missed,,,,,,,,,0,168,2.0,,0,45,0,57
08:54,08:54:00,45,57,-12,2,4,REGULAR,12,A. YEBOAH,1,rebound,547,546,[],offensive,0,15,Akwasi Abeyie,Yeboah,Akwasi Abeyie,Yeboah,A,Y,A,Y,A. Yeboah,TRABZONSPOR,TRB,A. Yeboah,15,,,,,,REB,,TRABZONSPOR rebound offensive,,,,,,,,,0,168,2.0,,0,45,0,57
08:54,08:54:00,45,57,-12,2,4,REGULAR,10,T. TINKLE,0,3pt,548,,['2ndchance'],jumpshot,1,3,Tres Anthony,Tinkle,Tres Anthony,Tinkle,T,T,T,T,T. Tinkle,TRABZONSPOR,TRB,T. Tinkle,3,,,29.950000762939,82.199996948242,0.0,P3,missed,TRABZONSPOR T. TINKLE 3Pt missed,,,,,,,,,0,168,2.0,,0,45,0,57
08:54,08:54:00,45,57,-12,2,4,REGULAR,10,T. TINKLE,1,rebound,549,548,[],offensive,0,3,Tres Anthony,Tinkle,Tres Anthony,Tinkle,T,T,T,T,T. Tinkle,TRABZONSPOR,TRB,T. Tinkle,3,,,,,,REB,,TRABZONSPOR rebound offensive,,,,,,,,,0,168,2.0,,0,45,0,57
08:51,08:51:00,45,57,-12,2,4,REGULAR,14,D. GRANT,0,3pt,550,,['2ndchance'],jumpshot,1,1,Denove Octavon,Grant,Denove Octavon,Grant,D,G,D,G,D. Grant,TRABZONSPOR,TRB,D. Grant,1,,,24.340000152588,88.699996948242,0.0,P3,missed,TRABZONSPOR D. GRANT 3Pt missed,,,,,,,,,0,168,2.0,def_reb,0,45,0,57
08:51,08:51:00,45,57,-12,1,4,REGULAR,20,E. ARNA,1,rebound,551,550,[],defensive,0,18,Egehan,Arna,Egehan,Arna,E,A,E,A,E. Arna,ESENLER EROKSPOR,ERK,E. Arna,18,,,,,,REB,,ESENLER EROKSPOR rebound defensive,,,,,,,,,0,169,1.0,def_reb,0,45,0,57
08:49,08:49:00,45,57,-12,1,4,REGULAR,23,J. GANT,1,turnover,554,,[],outofbounds,0,23,Jakeenan Tyelle ,Gant,Jakeenan Tyelle ,Gant,J,G,J,G,J. Gant,ESENLER EROKSPOR,ERK,J. Gant,23,,,,,,TO,,ESENLER EROKSPOR J. GANT turnover outofbounds,,,,,,,,,0,170,2.0,turnover,0,45,0,57
08:49,08:49:00,45,57,-12,1,4,REGULAR,23,J. GANT,1,substitution,557,,[],out,0,23,Jakeenan Tyelle ,Gant,Jakeenan Tyelle ,Gant,J,G,J,G,J. Gant,ESENLER EROKSPOR,ERK,J. Gant,23,,,,,,SUB,out,ESENLER EROKSPOR substitution out,,,,,,,,,0,171,1.0,,0,45,0,57
08:49,08:49:00,45,57,-12,1,4,REGULAR,28,J. LOVE,1,substitution,558,,[],in,0,22,Jermaine,Love,Jermaine,Love,J,L,J,L,J. Love,ESENLER EROKSPOR,ERK,J. Love,22,,,,,,SUB,in,ESENLER EROKSPOR substitution in,,,,,,,,,0,171,1.0,,0,45,0,57
08:41,08:41:00,45,57,-12,2,4,REGULAR,12,A. YEBOAH,0,3pt,560,,['fromturnover'],jumpshot,1,15,Akwasi Abeyie,Yeboah,Akwasi Abeyie,Yeboah,A,Y,A,Y,A. Yeboah,TRABZONSPOR,TRB,A. Yeboah,15,,,14.510000228882,3.1099998950958,0.0,P3,missed,TRABZONSPOR A. YEBOAH 3Pt missed,,,,,,,,,0,171,1.0,,0,45,0,57
08:39,08:39:00,45,57,-12,2,4,REGULAR,10,T. TINKLE,1,rebound,561,560,[],offensive,0,3,Tres Anthony,Tinkle,Tres Anthony,Tinkle,T,T,T,T,T. Tinkle,TRABZONSPOR,TRB,T. Tinkle,3,,,,,,REB,,TRABZONSPOR rebound offensive,,,,,,,,,0,171,1.0,,0,45,0,57
08:30,08:30:00,45,57,-12,2,4,REGULAR,2,E. ARAR,0,2pt,562,,"['2ndchance', 'fromturnover', 'pointsinthepaint']",layup,1,19,Ege,Arar,Ege,Arar,E,A,E,A,E. Arar,TRABZONSPOR,TRB,E. Arar,19,,,7.8000001907349,51.409999847412,0.0,P2,missed,TRABZONSPOR E. ARAR 2Pt missed,,,,,,,,,0,171,1.0,,0,45,0,57
08:27,08:27:00,45,57,-12,2,4,REGULAR,10,T. TINKLE,1,rebound,563,562,[],offensive,0,3,Tres Anthony,Tinkle,Tres Anthony,Tinkle,T,T,T,T,T. Tinkle,TRABZONSPOR,TRB,T. Tinkle,3,,,,,,REB,,TRABZONSPOR rebound offensive,,,,,,,,,0,171,1.0,,0,45,0,57
08:27,08:27:00,45,57,-12,2,4,REGULAR,10,T. TINKLE,0,2pt,564,,"['2ndchance', 'fromturnover', 'pointsinthepaint']",tipinlayup,1,3,Tres Anthony,Tinkle,Tres Anthony,Tinkle,T,T,T,T,T. Tinkle,TRABZONSPOR,TRB,T. Tinkle,3,,,6.0,50.0,0.0,P2,missed,TRABZONSPOR T. TINKLE 2Pt missed,,,,,,,,,0,171,1.0,,0,45,0,57
08:26,08:26:00,45,57,-12,2,4,REGULAR,10,T. TINKLE,1,rebound,565,564,[],offensive,0,3,Tres Anthony,Tinkle,Tres Anthony,Tinkle,T,T,T,T,T. Tinkle,TRABZONSPOR,TRB,T. Tinkle,3,,,,,,REB,,TRABZONSPOR rebound offensive,,,,,,,,,0,171,1.0,,0,45,0,57
08:25,08:25:00,45,57,-12,2,4,REGULAR,10,T. TINKLE,0,2pt,566,,"['2ndchance', 'fromturnover', 'pointsinthepaint']",layup,1,3,Tres Anthony,Tinkle,Tres Anthony,Tinkle,T,T,T,T,T. Tinkle,TRABZONSPOR,TRB,T. Tinkle,3,,,8.8900003433228,60.450000762939,0.0,P2,missed,TRABZONSPOR T. TINKLE 2Pt missed,,,,,,,,,0,171,1.0,,0,45,0,57
08:22,08:22:00,45,57,-12,2,4,REGULAR,2,E. ARAR,1,rebound,567,566,[],offensive,0,19,Ege,Arar,Ege,Arar,E,A,E,A,E. Arar,TRABZONSPOR,TRB,E. Arar,19,,,,,,REB,,TRABZONSPOR rebound offensive,,,,,,,,,0,171,1.0,,0,45,0,57
08:22,08:22:00,45,57,-12,2,4,REGULAR,2,E. ARAR,0,2pt,568,,"['2ndchance', 'fromturnover', 'pointsinthepaint']",tipinlayup,1,19,Ege,Arar,Ege,Arar,E,A,E,A,E. Arar,TRABZONSPOR,TRB,E. Arar,19,,,6.0,50.0,0.0,P2,missed,TRABZONSPOR E. ARAR 2Pt missed,,,,,,,,,0,171,1.0,def_reb,0,45,0,57
08:21,08:21:00,45,57,-12,1,4,REGULAR,19,A. DUVERIOGLU,1,rebound,569,568,[],defensive,0,44,Ahmet,Duverioglu,Ahmet,Duverioglu,A,D,A,D,A. Duverioglu,ESENLER EROKSPOR,ERK,A. Duverioglu,44,,,,,,REB,,ESENLER EROKSPOR rebound defensive,,,,,,,,,0,172,2.0,def_reb,0,45,0,57
08:15,08:15:00,45,57,-12,1,4,REGULAR,26,J. CRAWFORD,0,2pt,570,,['pointsinthepaint'],layup,1,1,Jordon Benjamin,Crawford,Jordon Benjamin,Crawford,J,C,J,C,J. Crawford,ESENLER EROKSPOR,ERK,J. Crawford,1,,,95.480003356934,56.5,0.0,P2,missed,ESENLER EROKSPOR J. CRAWFORD 2Pt missed,,,,,,,,,0,173,1.0,def_reb,0,45,0,57
08:12,08:12:00,45,57,-12,2,4,REGULAR,2,E. ARAR,1,rebound,571,570,[],defensive,0,19,Ege,Arar,Ege,Arar,E,A,E,A,E. Arar,TRABZONSPOR,TRB,E. Arar,19,,,,,,REB,,TRABZONSPOR rebound defensive,,,,,,,,,0,174,2.0,def_reb,0,45,0,57
08:05,08:05:00,45,59,-14,2,4,REGULAR,11,M. REED,1,2pt,572,,"['pointsinthepaint', 'fastbreak']",layup,1,0,Marcquise Deandre,Reed,Marcquise Deandre,Reed,M,R,M,R,M. Reed,TRABZONSPOR,TRB,M. Reed,0,,,6.710000038147,51.409999847412,1.0,P2,made,TRABZONSPOR M. REED 2Pt made,,,,,,,,,2,175,1.0,score,0,45,2,59
08:02,08:02:00,45,59,-14,1,4,REGULAR,0,,1,timeout,574,,[],full,0,,,,,,,,,,,ESENLER EROKSPOR,ERK,,,,,,,,TIMEOUT,,ESENLER EROKSPOR timeout,,,,,,,,,0,176,2.0,,0,45,0,59
08:02,08:02:00,45,59,-14,1,4,REGULAR,26,J. CRAWFORD,1,substitution,575,,[],out,0,1,Jordon Benjamin,Crawford,Jordon Benjamin,Crawford,J,C,J,C,J. Crawford,ESENLER EROKSPOR,ERK,J. Crawford,1,,,,,,SUB,out,ESENLER EROKSPOR substitution out,,,,,,,,,0,176,2.0,,0,45,0,59
08:02,08:02:00,45,59,-14,1,4,REGULAR,25,L. GALLOWAY,1,substitution,576,,[],in,0,9,Langston Arnold ,Galloway,Langston Arnold ,Galloway,L,G,L,G,L. Galloway,ESENLER EROKSPOR,ERK,L. Galloway,9,,,,,,SUB,in,ESENLER EROKSPOR substitution in,,,,,,,,,0,176,2.0,,0,45,0,59
07:30,07:30:00,45,59,-14,2,4,REGULAR,12,A. YEBOAH,1,foul,579,,[],personal,0,15,Akwasi Abeyie,Yeboah,Akwasi Abeyie,Yeboah,A,Y,A,Y,A. Yeboah,TRABZONSPOR,TRB,A. Yeboah,15,,,,,,FOUL,,TRABZONSPOR A. YEBOAH foul personal,,,,,,,,,0,176,2.0,,0,45,0,59
07:30,07:30:00,45,59,-14,1,4,REGULAR,28,J. LOVE,1,foulon,580,579,[],,0,22,Jermaine,Love,Jermaine,Love,J,L,J,L,J. Love,ESENLER EROKSPOR,ERK,J. Love,22,,,,,,OTHER,,ESENLER EROKSPOR foulon,,,,,,,,,0,176,2.0,,0,45,0,59
07:24,07:24:00,45,59,-14,1,4,REGULAR,19,A. DUVERIOGLU,0,2pt,583,,"['pointsinthepaint', 'blocked']",layup,1,44,Ahmet,Duverioglu,Ahmet,Duverioglu,A,D,A,D,A. Duverioglu,ESENLER EROKSPOR,ERK,A. Duverioglu,44,,,89.550003051758,50.279998779297,0.0,P2,missed,ESENLER EROKSPOR A. DUVERIOGLU 2Pt missed,,,,12.0,2.0,A. YEBOAH,,,0,176,2.0,,0,45,0,59
07:24,07:24:00,45,59,-14,2,4,REGULAR,12,A. YEBOAH,1,block,584,583,[],,0,15,Akwasi Abeyie,Yeboah,Akwasi Abeyie,Yeboah,A,Y,A,Y,A. Yeboah,TRABZONSPOR,TRB,A. Yeboah,15,,,,,,BS,,TRABZONSPOR A. YEBOAH block,,,,,,,,,0,176,2.0,,0,45,0,59
07:24,07:24:00,45,59,-14,1,4,REGULAR,25,L. GALLOWAY,1,rebound,585,583,[],offensive,0,9,Langston Arnold ,Galloway,Langston Arnold ,Galloway,L,G,L,G,L. Galloway,ESENLER EROKSPOR,ERK,L. Galloway,9,,,,,,REB,,ESENLER EROKSPOR rebound offensive,,,,,,,,,0,176,2.0,,0,45,0,59
07:24,07:24:00,45,59,-14,1,4,REGULAR,0,,1,turnover,586,,['team'],24sec,0,,,,,,,,,,,ESENLER EROKSPOR,ERK,,,,,,,,TO,,ESENLER EROKSPOR  turnover 24sec,,,,,,,,,0,176,2.0,turnover,0,45,0,59
06:54,06:54:00,45,59,-14,1,4,REGULAR,28,J. LOVE,1,foul,589,,[],personal,0,22,Jermaine,Love,Jermaine,Love,J,L,J,L,J. Love,ESENLER EROKSPOR,ERK,J. Love,22,,,,,,FOUL,,ESENLER EROKSPOR J. LOVE foul personal,,,,,,,,,0,177,1.0,,0,45,0,59
06:54,06:54:00,45,59,-14,2,4,REGULAR,14,D. GRANT,1,foulon,590,589,[],,0,1,Denove Octavon,Grant,Denove Octavon,Grant,D,G,D,G,D. Grant,TRABZONSPOR,TRB,D. Grant,1,,,,,,OTHER,,TRABZONSPOR foulon,,,,,,,,,0,177,1.0,,0,45,0,59
06:39,06:39:00,45,59,-14,2,4,REGULAR,14,D. GRANT,0,3pt,592,,['fromturnover'],jumpshot,1,1,Denove Octavon,Grant,Denove Octavon,Grant,D,G,D,G,D. Grant,TRABZONSPOR,TRB,D. Grant,1,,,31.979999542236,60.729999542236,0.0,P3,missed,TRABZONSPOR D. GRANT 3Pt missed,,,,,,,,,0,177,1.0,,0,45,0,59
06:36,06:36:00,45,59,-14,2,4,REGULAR,0,,1,turnover,594,,['team'],24sec,0,,,,,,,,,,,TRABZONSPOR,TRB,,,,,,,,TO,,TRABZONSPOR  turnover 24sec,,,,,,,,,0,177,1.0,turnover,0,45,0,59
06:21,06:21:00,45,59,-14,1,4,REGULAR,28,J. LOVE,1,turnover,596,,[],badpass,0,22,Jermaine,Love,Jermaine,Love,J,L,J,L,J. Love,ESENLER EROKSPOR,ERK,J. Love,22,,,,,,TO,,ESENLER EROKSPOR J. LOVE turnover badpass,,,,,,,,,0,178,2.0,turnover,0,45,0,59
06:21,06:21:00,45,59,-14,2,4,REGULAR,10,T. TINKLE,1,steal,597,596,[],,0,3,Tres Anthony,Tinkle,Tres Anthony,Tinkle,T,T,T,T,T. Tinkle,TRABZONSPOR,TRB,T. Tinkle,3,,,,,,ST,,TRABZONSPOR T. TINKLE steal,,,,,,,,,0,179,1.0,,0,45,0,59
06:16,06:16:00,45,61,-16,2,4,REGULAR,11,M. REED,1,2pt,598,,"['fromturnover', 'pointsinthepaint', 'fastbreak']",layup,1,0,Marcquise Deandre,Reed,Marcquise Deandre,Reed,M,R,M,R,M. Reed,TRABZONSPOR,TRB,M. Reed,0,,,4.9899997711182,48.590000152588,1.0,P2,made,TRABZONSPOR M. REED 2Pt made,14.0,2.0,D. GRANT,,,,,,2,179,1.0,score,0,45,2,61
06:16,06:16:00,45,61,-16,2,4,REGULAR,14,D. GRANT,1,assist,599,598,[],,0,1,Denove Octavon,Grant,Denove Octavon,Grant,D,G,D,G,D. Grant,TRABZONSPOR,TRB,D. Grant,1,,,,,,ASS,,TRABZONSPOR D. GRANT assist,,,,,,,,,0,180,2.0,,0,45,0,61
06:05,06:05:00,45,61,-16,1,4,REGULAR,20,E. ARNA,1,turnover,600,,[],ballhandling,0,18,Egehan,Arna,Egehan,Arna,E,A,E,A,E. Arna,ESENLER EROKSPOR,ERK,E. Arna,18,,,,,,TO,,ESENLER EROKSPOR E. ARNA turnover ballhandling,,,,,,,,,0,180,2.0,turnover,0,45,0,61
06:05,06:05:00,45,61,-16,2,4,REGULAR,11,M. REED,1,steal,601,600,[],,0,0,Marcquise Deandre,Reed,Marcquise Deandre,Reed,M,R,M,R,M. Reed,TRABZONSPOR,TRB,M. Reed,0,,,,,,ST,,TRABZONSPOR M. REED steal,,,,,,,,,0,181,1.0,,0,45,0,61
06:02,06:02:00,45,63,-18,2,4,REGULAR,11,M. REED,1,2pt,602,,"['fromturnover', 'pointsinthepaint', 'fastbreak']",layup,1,0,Marcquise Deandre,Reed,Marcquise Deandre,Reed,M,R,M,R,M. Reed,TRABZONSPOR,TRB,M. Reed,0,,,7.6399998664856,51.409999847412,1.0,P2,made,TRABZONSPOR M. REED 2Pt made,,,,,,,,,2,181,1.0,score,0,45,2,63
05:56,05:56:00,45,63,-18,2,4,REGULAR,2,E. ARAR,1,foul,604,,[],personal,0,19,Ege,Arar,Ege,Arar,E,A,E,A,E. Arar,TRABZONSPOR,TRB,E. Arar,19,,,,,,FOUL,,TRABZONSPOR E. ARAR foul personal,,,,,,,,,0,182,2.0,,0,45,0,63
05:56,05:56:00,45,63,-18,1,4,REGULAR,20,E. ARNA,1,foulon,605,604,[],,0,18,Egehan,Arna,Egehan,Arna,E,A,E,A,E. Arna,ESENLER EROKSPOR,ERK,E. Arna,18,,,,,,OTHER,,ESENLER EROKSPOR foulon,,,,,,,,,0,182,2.0,,0,45,0,63
05:56,05:56:00,45,63,-18,1,4,REGULAR,22,T. THURMAN,1,substitution,606,,[],out,0,15,Tre'shawn Marcel,Thurman,Tre'shawn Marcel,Thurman,T,T,T,T,T. Thurman,ESENLER EROKSPOR,ERK,T. Thurman,15,,,,,,SUB,out,ESENLER EROKSPOR substitution out,,,,,,,,,0,182,2.0,,0,45,0,63
05:56,05:56:00,45,63,-18,1,4,REGULAR,24,P. CORNELIE,1,substitution,607,,[],in,0,12,Petr  Willlam,Cornelie,Petr  Willlam,Cornelie,P,C,P,C,P. Cornelie,ESENLER EROKSPOR,ERK,P. Cornelie,12,,,,,,SUB,in,ESENLER EROKSPOR substitution in,,,,,,,,,0,182,2.0,,0,45,0,63
05:37,05:37:00,47,63,-16,1,4,REGULAR,28,J. LOVE,1,2pt,609,,[],jumpshot,1,22,Jermaine,Love,Jermaine,Love,J,L,J,L,J. Love,ESENLER EROKSPOR,ERK,J. Love,22,,,87.98999786377,81.360000610352,1.0,P2,made,ESENLER EROKSPOR J. LOVE 2Pt made,,,,,,,,,2,182,2.0,score,2,47,0,63
05:18,05:18:00,47,63,-16,2,4,REGULAR,2,E. ARAR,0,2pt,610,,[],floatingjumpshot,1,19,Ege,Arar,Ege,Arar,E,A,E,A,E. Arar,TRABZONSPOR,TRB,E. Arar,19,,,11.0,70.919998168945,0.0,P2,missed,TRABZONSPOR E. ARAR 2Pt missed,,,,,,,,,0,183,1.0,def_reb,0,47,0,63
05:15,05:15:00,47,63,-16,1,4,REGULAR,24,P. CORNELIE,1,rebound,611,610,[],defensive,0,12,Petr  Willlam,Cornelie,Petr  Willlam,Cornelie,P,C,P,C,P. Cornelie,ESENLER EROKSPOR,ERK,P. Cornelie,12,,,,,,REB,,ESENLER EROKSPOR rebound defensive,,,,,,,,,0,184,2.0,def_reb,0,47,0,63
05:07,05:07:00,47,63,-16,1,4,REGULAR,28,J. LOVE,1,turnover,612,,[],badpass,0,22,Jermaine,Love,Jermaine,Love,J,L,J,L,J. Love,ESENLER EROKSPOR,ERK,J. Love,22,,,,,,TO,,ESENLER EROKSPOR J. LOVE turnover badpass,,,,,,,,,0,185,1.0,turnover,0,47,0,63
05:07,05:07:00,47,63,-16,2,4,REGULAR,12,A. YEBOAH,1,steal,613,612,[],,0,15,Akwasi Abeyie,Yeboah,Akwasi Abeyie,Yeboah,A,Y,A,Y,A. Yeboah,TRABZONSPOR,TRB,A. Yeboah,15,,,,,,ST,,TRABZONSPOR A. YEBOAH steal,,,,,,,,,0,186,2.0,,0,47,0,63
05:03,05:03:00,47,63,-16,2,4,REGULAR,12,A. YEBOAH,1,turnover,615,,[],badpass,0,15,Akwasi Abeyie,Yeboah,Akwasi Abeyie,Yeboah,A,Y,A,Y,A. Yeboah,TRABZONSPOR,TRB,A. Yeboah,15,,,,,,TO,,TRABZONSPOR A. YEBOAH turnover badpass,,,,,,,,,0,186,2.0,turnover,0,47,0,63
05:03,05:03:00,47,63,-16,1,4,REGULAR,24,P. CORNELIE,1,steal,616,615,[],,0,12,Petr  Willlam,Cornelie,Petr  Willlam,Cornelie,P,C,P,C,P. Cornelie,ESENLER EROKSPOR,ERK,P. Cornelie,12,,,,,,ST,,ESENLER EROKSPOR P. CORNELIE steal,,,,,,,,,0,187,1.0,,0,47,0,63
04:38,04:38:00,49,63,-14,1,4,REGULAR,28,J. LOVE,1,2pt,617,,['fromturnover'],jumpshot,1,22,Jermaine,Love,Jermaine,Love,J,L,J,L,J. Love,ESENLER EROKSPOR,ERK,J. Love,22,,,81.900001525879,25.139999389648,1.0,P2,made,ESENLER EROKSPOR J. LOVE 2Pt made,,,,,,,,,2,187,1.0,score,2,49,0,63
04:18,04:18:00,49,65,-16,2,4,REGULAR,11,M. REED,1,2pt,618,,['pointsinthepaint'],floatingjumpshot,1,0,Marcquise Deandre,Reed,Marcquise Deandre,Reed,M,R,M,R,M. Reed,TRABZONSPOR,TRB,M. Reed,0,,,12.319999694824,57.630001068115,1.0,P2,made,TRABZONSPOR M. REED 2Pt made,,,,,,,,,2,188,2.0,score,0,49,2,65
03:55,03:55:00,51,65,-14,1,4,REGULAR,19,A. DUVERIOGLU,1,2pt,619,,['pointsinthepaint'],layup,1,44,Ahmet,Duverioglu,Ahmet,Duverioglu,A,D,A,D,A. Duverioglu,ESENLER EROKSPOR,ERK,A. Duverioglu,44,,,91.419998168945,48.590000152588,1.0,P2,made,ESENLER EROKSPOR A. DUVERIOGLU 2Pt made,25.0,1.0,L. GALLOWAY,,,,,,2,189,1.0,score,2,51,0,65
03:55,03:55:00,51,65,-14,1,4,REGULAR,25,L. GALLOWAY,1,assist,620,619,[],,0,9,Langston Arnold ,Galloway,Langston Arnold ,Galloway,L,G,L,G,L. Galloway,ESENLER EROKSPOR,ERK,L. Galloway,9,,,,,,ASS,,ESENLER EROKSPOR L. GALLOWAY assist,,,,,,,,,0,190,2.0,,0,51,0,65
03:28,03:28:00,51,65,-14,2,4,REGULAR,11,M. REED,0,2pt,621,,[],jumpshot,1,0,Marcquise Deandre,Reed,Marcquise Deandre,Reed,M,R,M,R,M. Reed,TRABZONSPOR,TRB,M. Reed,0,,,14.819999694824,70.620002746582,0.0,P2,missed,TRABZONSPOR M. REED 2Pt missed,,,,,,,,,0,190,2.0,def_reb,0,51,0,65
03:25,03:25:00,51,65,-14,1,4,REGULAR,24,P. CORNELIE,1,rebound,622,621,[],defensive,0,12,Petr  Willlam,Cornelie,Petr  Willlam,Cornelie,P,C,P,C,P. Cornelie,ESENLER EROKSPOR,ERK,P. Cornelie,12,,,,,,REB,,ESENLER EROKSPOR rebound defensive,,,,,,,,,0,191,1.0,def_reb,0,51,0,65
03:09,03:09:00,51,65,-14,1,4,REGULAR,28,J. LOVE,0,2pt,623,,['pointsinthepaint'],layup,1,22,Jermaine,Love,Jermaine,Love,J,L,J,L,J. Love,ESENLER EROKSPOR,ERK,J. Love,22,,,92.040000915527,55.650001525879,0.0,P2,missed,ESENLER EROKSPOR J. LOVE 2Pt missed,,,,,,,,,0,192,2.0,,0,51,0,65
03:04,03:04:00,51,65,-14,1,4,REGULAR,19,A. DUVERIOGLU,1,rebound,624,623,[],offensive,0,44,Ahmet,Duverioglu,Ahmet,Duverioglu,A,D,A,D,A. Duverioglu,ESENLER EROKSPOR,ERK,A. Duverioglu,44,,,,,,REB,,ESENLER EROKSPOR rebound offensive,,,,,,,,,0,192,2.0,,0,51,0,65
03:04,03:04:00,51,65,-14,1,4,REGULAR,19,A. DUVERIOGLU,0,2pt,625,,"['2ndchance', 'pointsinthepaint']",tipinlayup,1,44,Ahmet,Duverioglu,Ahmet,Duverioglu,A,D,A,D,A. Duverioglu,ESENLER EROKSPOR,ERK,A. Duverioglu,44,,,94.0,50.0,0.0,P2,missed,ESENLER EROKSPOR A. DUVERIOGLU 2Pt missed,,,,,,,,,0,192,2.0,,0,51,0,65
03:03,03:03:00,51,65,-14,1,4,REGULAR,20,E. ARNA,1,rebound,626,625,[],offensive,0,18,Egehan,Arna,Egehan,Arna,E,A,E,A,E. Arna,ESENLER EROKSPOR,ERK,E. Arna,18,,,,,,REB,,ESENLER EROKSPOR rebound offensive,,,,,,,,,0,192,2.0,,0,51,0,65
03:03,03:03:00,51,65,-14,1,4,REGULAR,20,E. ARNA,0,3pt,627,,['2ndchance'],jumpshot,1,18,Egehan,Arna,Egehan,Arna,E,A,E,A,E. Arna,ESENLER EROKSPOR,ERK,E. Arna,18,,,68.639999389648,78.809997558594,0.0,P3,missed,ESENLER EROKSPOR E. ARNA 3Pt missed,,,,,,,,,0,192,2.0,,0,51,0,65
02:59,02:59:00,51,65,-14,1,4,REGULAR,28,J. LOVE,1,rebound,628,627,[],offensive,0,22,Jermaine,Love,Jermaine,Love,J,L,J,L,J. Love,ESENLER EROKSPOR,ERK,J. Love,22,,,,,,REB,,ESENLER EROKSPOR rebound offensive,,,,,,,,,0,192,2.0,,0,51,0,65
02:59,02:59:00,53,65,-12,1,4,REGULAR,28,J. LOVE,1,2pt,629,,"['2ndchance', 'pointsinthepaint']",layup,1,22,Jermaine,Love,Jermaine,Love,J,L,J,L,J. Love,ESENLER EROKSPOR,ERK,J. Love,22,,,93.919998168945,52.819999694824,1.0,P2,made,ESENLER EROKSPOR J. LOVE 2Pt made,,,,,,,,,2,192,2.0,score,2,53,0,65
02:42,02:42:00,53,65,-12,2,4,REGULAR,0,,1,turnover,631,,['team'],8sec,0,,,,,,,,,,,TRABZONSPOR,TRB,,,,,,,,TO,,TRABZONSPOR  turnover 8sec,,,,,,,,,0,193,1.0,turnover,0,53,0,65
02:42,02:42:00,53,65,-12,1,4,REGULAR,19,A. DUVERIOGLU,1,substitution,632,,[],out,0,44,Ahmet,Duverioglu,Ahmet,Duverioglu,A,D,A,D,A. Duverioglu,ESENLER EROKSPOR,ERK,A. Duverioglu,44,,,,,,SUB,out,ESENLER EROKSPOR substitution out,,,,,,,,,0,194,2.0,,0,53,0,65
02:42,02:42:00,53,65,-12,1,4,REGULAR,22,T. THURMAN,1,substitution,633,,[],in,0,15,Tre'shawn Marcel,Thurman,Tre'shawn Marcel,Thurman,T,T,T,T,T. Thurman,ESENLER EROKSPOR,ERK,T. Thurman,15,,,,,,SUB,in,ESENLER EROKSPOR substitution in,,,,,,,,,0,194,2.0,,0,53,0,65
02:42,02:42:00,53,65,-12,2,4,REGULAR,14,D. GRANT,1,substitution,634,,[],out,0,1,Denove Octavon,Grant,Denove Octavon,Grant,D,G,D,G,D. Grant,TRABZONSPOR,TRB,D. Grant,1,,,,,,SUB,out,TRABZONSPOR substitution out,,,,,,,,,0,194,2.0,,0,53,0,65
02:42,02:42:00,53,65,-12,2,4,REGULAR,2,E. ARAR,1,substitution,635,,[],out,0,19,Ege,Arar,Ege,Arar,E,A,E,A,E. Arar,TRABZONSPOR,TRB,E. Arar,19,,,,,,SUB,out,TRABZONSPOR substitution out,,,,,,,,,0,194,2.0,,0,53,0,65
02:42,02:42:00,53,65,-12,2,4,REGULAR,4,I. ULUSOY,1,substitution,636,,[],in,0,5,Ismail Cem,Ulusoy,Ismail Cem,Ulusoy,I,U,I,U,I. Ulusoy,TRABZONSPOR,TRB,I. Ulusoy,5,,,,,,SUB,in,TRABZONSPOR substitution in,,,,,,,,,0,194,2.0,,0,53,0,65
02:42,02:42:00,53,65,-12,2,4,REGULAR,9,A. DELGADO ASTACIO,1,substitution,637,,[],in,0,31,Angel Luis,Delgado Astacio,Angel Luis,Delgado Astacio,A,D,A,D,A. Delgado Astacio,TRABZONSPOR,TRB,A. Delgado Astacio,31,,,,,,SUB,in,TRABZONSPOR substitution in,,,,,,,,,0,194,2.0,,0,53,0,65
02:30,02:30:00,55,65,-10,1,4,REGULAR,24,P. CORNELIE,1,2pt,643,,"['fromturnover', 'pointsinthepaint']",dunk,1,12,Petr  Willlam,Cornelie,Petr  Willlam,Cornelie,P,C,P,C,P. Cornelie,ESENLER EROKSPOR,ERK,P. Cornelie,12,,,88.610000610352,53.669998168945,1.0,P2,made,ESENLER EROKSPOR P. CORNELIE 2Pt made,28.0,1.0,J. LOVE,,,,,,2,194,2.0,score,2,55,0,65
02:30,02:30:00,55,65,-10,1,4,REGULAR,28,J. LOVE,1,assist,644,643,[],,0,22,Jermaine,Love,Jermaine,Love,J,L,J,L,J. Love,ESENLER EROKSPOR,ERK,J. Love,22,,,,,,ASS,,ESENLER EROKSPOR J. LOVE assist,,,,,,,,,0,195,1.0,,0,55,0,65
02:30,02:30:00,55,65,-10,2,4,REGULAR,12,A. YEBOAH,1,foul,645,,"['shooting', '1freethrow']",personal,0,15,Akwasi Abeyie,Yeboah,Akwasi Abeyie,Yeboah,A,Y,A,Y,A. Yeboah,TRABZONSPOR,TRB,A. Yeboah,15,,,,,,FOUL,,TRABZONSPOR A. YEBOAH foul personal,,,,,,,,,0,195,1.0,,0,55,0,65
02:30,02:30:00,55,65,-10,1,4,REGULAR,24,P. CORNELIE,1,foulon,646,645,[],,0,12,Petr  Willlam,Cornelie,Petr  Willlam,Cornelie,P,C,P,C,P. Cornelie,ESENLER EROKSPOR,ERK,P. Cornelie,12,,,,,,OTHER,,ESENLER EROKSPOR foulon,,,,,,,,,0,195,1.0,,0,55,0,65
02:30,02:30:00,55,65,-10,2,4,REGULAR,0,,1,foul,647,,['1freethrow'],coachTechnical,0,,,,,,,,,,,TRABZONSPOR,TRB,,,,,,,,FOUL,,TRABZONSPOR  foul coachtechnical,,,,,,,,,0,195,1.0,,0,55,0,65
02:30,02:30:00,56,65,-9,1,4,REGULAR,28,J. LOVE,1,freethrow,648,,['fromturnover'],1of1,1,22,Jermaine,Love,Jermaine,Love,J,L,J,L,J. Love,ESENLER EROKSPOR,ERK,J. Love,22,,,,,,FT,made,ESENLER EROKSPOR J. LOVE FT 1of1 made,,,,,,,,,1,195,1.0,made_ft_last,1,56,0,65
02:30,02:30:00,56,65,-9,2,4,REGULAR,10,T. TINKLE,1,substitution,649,,[],out,0,3,Tres Anthony,Tinkle,Tres Anthony,Tinkle,T,T,T,T,T. Tinkle,TRABZONSPOR,TRB,T. Tinkle,3,,,,,,SUB,out,TRABZONSPOR substitution out,,,,,,,,,0,196,2.0,,0,56,0,65
02:30,02:30:00,56,65,-9,2,4,REGULAR,3,B. DEMIR,1,substitution,650,,[],in,0,11,Berk,Demir,Berk,Demir,B,D,B,D,B. Demir,TRABZONSPOR,TRB,B. Demir,11,,,,,,SUB,in,TRABZONSPOR substitution in,,,,,,,,,0,196,2.0,,0,56,0,65
02:30,02:30:00,57,65,-8,1,4,REGULAR,24,P. CORNELIE,1,freethrow,651,,['fromturnover'],1of1,1,12,Petr  Willlam,Cornelie,Petr  Willlam,Cornelie,P,C,P,C,P. Cornelie,ESENLER EROKSPOR,ERK,P. Cornelie,12,,,,,,FT,made,ESENLER EROKSPOR P. CORNELIE FT 1of1 made,,,,,,,,,1,196,2.0,made_ft_last,1,57,0,65
02:09,02:09:00,57,65,-8,2,4,REGULAR,12,A. YEBOAH,0,3pt,655,,[],jumpshot,1,15,Akwasi Abeyie,Yeboah,Akwasi Abeyie,Yeboah,A,Y,A,Y,A. Yeboah,TRABZONSPOR,TRB,A. Yeboah,15,,,32.290000915527,79.940002441406,0.0,P3,missed,TRABZONSPOR A. YEBOAH 3Pt missed,,,,,,,,,0,197,1.0,def_reb,0,57,0,65
02:07,02:07:00,57,65,-8,1,4,REGULAR,24,P. CORNELIE,1,rebound,656,655,[],defensive,0,12,Petr  Willlam,Cornelie,Petr  Willlam,Cornelie,P,C,P,C,P. Cornelie,ESENLER EROKSPOR,ERK,P. Cornelie,12,,,,,,REB,,ESENLER EROKSPOR rebound defensive,,,,,,,,,0,198,2.0,def_reb,0,57,0,65
01:54,01:54:00,57,65,-8,1,4,REGULAR,28,J. LOVE,0,2pt,657,,['pointsinthepaint'],layup,1,22,Jermaine,Love,Jermaine,Love,J,L,J,L,J. Love,ESENLER EROKSPOR,ERK,J. Love,22,,,99.529998779297,55.369998931885,0.0,P2,missed,ESENLER EROKSPOR J. LOVE 2Pt missed,,,,,,,,,0,199,1.0,def_reb,0,57,0,65
01:51,01:51:00,57,65,-8,2,4,REGULAR,3,B. DEMIR,1,rebound,658,657,[],defensive,0,11,Berk,Demir,Berk,Demir,B,D,B,D,B. Demir,TRABZONSPOR,TRB,B. Demir,11,,,,,,REB,,TRABZONSPOR rebound defensive,,,,,,,,,0,200,2.0,def_reb,0,57,0,65
01:30,01:30:00,57,65,-8,2,4,REGULAR,11,M. REED,0,2pt,659,,['pointsinthepaint'],floatingjumpshot,1,0,Marcquise Deandre,Reed,Marcquise Deandre,Reed,M,R,M,R,M. Reed,TRABZONSPOR,TRB,M. Reed,0,,,8.2700004577637,50.849998474121,0.0,P2,missed,TRABZONSPOR M. REED 2Pt missed,,,,,,,,,0,201,1.0,def_reb,0,57,0,65
01:28,01:28:00,57,65,-8,1,4,REGULAR,20,E. ARNA,1,rebound,660,659,[],defensive,0,18,Egehan,Arna,Egehan,Arna,E,A,E,A,E. Arna,ESENLER EROKSPOR,ERK,E. Arna,18,,,,,,REB,,ESENLER EROKSPOR rebound defensive,,,,,,,,,0,202,2.0,def_reb,0,57,0,65
01:22,01:22:00,60,65,-5,1,4,REGULAR,24,P. CORNELIE,1,3pt,661,,['fastbreak'],jumpshot,1,12,Petr  Willlam,Cornelie,Petr  Willlam,Cornelie,P,C,P,C,P. Cornelie,ESENLER EROKSPOR,ERK,P. Cornelie,12,,,68.330001831055,31.920000076294,1.0,P3,made,ESENLER EROKSPOR P. CORNELIE 3Pt made,20.0,1.0,E. ARNA,,,,,,3,203,1.0,score,3,60,0,65
01:22,01:22:00,60,65,-5,1,4,REGULAR,20,E. ARNA,1,assist,662,661,[],,0,18,Egehan,Arna,Egehan,Arna,E,A,E,A,E. Arna,ESENLER EROKSPOR,ERK,E. Arna,18,,,,,,ASS,,ESENLER EROKSPOR E. ARNA assist,,,,,,,,,0,204,2.0,,0,60,0,65
01:17,01:17:00,60,65,-5,2,4,REGULAR,0,,1,timeout,664,,[],full,0,,,,,,,,,,,TRABZONSPOR,TRB,,,,,,,,TIMEOUT,,TRABZONSPOR timeout,,,,,,,,,0,204,2.0,,0,60,0,65
01:08,01:08:00,60,67,-7,2,4,REGULAR,12,A. YEBOAH,1,2pt,667,,['pointsinthepaint'],layup,1,15,Akwasi Abeyie,Yeboah,Akwasi Abeyie,Yeboah,A,Y,A,Y,A. Yeboah,TRABZONSPOR,TRB,A. Yeboah,15,,,8.8900003433228,50.560001373291,1.0,P2,made,TRABZONSPOR A. YEBOAH 2Pt made,3.0,2.0,B. DEMIR,,,,,,2,204,2.0,score,0,60,2,67
01:08,01:08:00,60,67,-7,2,4,REGULAR,3,B. DEMIR,1,assist,668,667,[],,0,11,Berk,Demir,Berk,Demir,B,D,B,D,B. Demir,TRABZONSPOR,TRB,B. Demir,11,,,,,,ASS,,TRABZONSPOR B. DEMIR assist,,,,,,,,,0,205,1.0,,0,60,0,67
01:08,01:08:00,60,67,-7,1,4,REGULAR,22,T. THURMAN,1,foul,669,,['1freethrow'],personal,0,15,Tre'shawn Marcel,Thurman,Tre'shawn Marcel,Thurman,T,T,T,T,T. Thurman,ESENLER EROKSPOR,ERK,T. Thurman,15,,,,,,FOUL,,ESENLER EROKSPOR T. THURMAN foul personal,,,,,,,,,0,205,1.0,,0,60,0,67
01:08,01:08:00,60,67,-7,2,4,REGULAR,12,A. YEBOAH,1,foulon,670,669,[],,0,15,Akwasi Abeyie,Yeboah,Akwasi Abeyie,Yeboah,A,Y,A,Y,A. Yeboah,TRABZONSPOR,TRB,A. Yeboah,15,,,,,,OTHER,,TRABZONSPOR foulon,,,,,,,,,0,205,1.0,,0,60,0,67
01:08,01:08:00,60,68,-8,2,4,REGULAR,12,A. YEBOAH,1,freethrow,671,,[],1of1,1,15,Akwasi Abeyie,Yeboah,Akwasi Abeyie,Yeboah,A,Y,A,Y,A. Yeboah,TRABZONSPOR,TRB,A. Yeboah,15,,,,,,FT,made,TRABZONSPOR A. YEBOAH FT 1of1 made,,,,,,,,,1,205,1.0,made_ft_last,0,60,1,68
01:08,01:08:00,62,68,-6,1,4,REGULAR,28,J. LOVE,1,2pt,672,,"['pointsinthepaint', 'fastbreak']",layup,1,22,Jermaine,Love,Jermaine,Love,J,L,J,L,J. Love,ESENLER EROKSPOR,ERK,J. Love,22,,,94.069999694824,44.069999694824,1.0,P2,made,ESENLER EROKSPOR J. LOVE 2Pt made,,,,,,,,,2,206,2.0,score,2,62,0,68
00:54,00:54:30,62,70,-8,2,4,REGULAR,3,B. DEMIR,1,2pt,674,,['pointsinthepaint'],layup,1,11,Berk,Demir,Berk,Demir,B,D,B,D,B. Demir,TRABZONSPOR,TRB,B. Demir,11,,,7.3299999237061,57.060001373291,1.0,P2,made,TRABZONSPOR B. DEMIR 2Pt made,11.0,2.0,M. REED,,,,,,2,207,1.0,score,0,62,2,70
00:54,00:54:30,62,70,-8,2,4,REGULAR,11,M. REED,1,assist,675,674,[],,0,0,Marcquise Deandre,Reed,Marcquise Deandre,Reed,M,R,M,R,M. Reed,TRABZONSPOR,TRB,M. Reed,0,,,,,,ASS,,TRABZONSPOR M. REED assist,,,,,,,,,0,208,2.0,,0,62,0,70
00:42,00:42:60,62,70,-8,2,4,REGULAR,3,B. DEMIR,1,foul,677,,"['shooting', '2freethrow']",personal,0,11,Berk,Demir,Berk,Demir,B,D,B,D,B. Demir,TRABZONSPOR,TRB,B. Demir,11,,,,,,FOUL,,TRABZONSPOR B. DEMIR foul personal,,,,,,,,,0,208,2.0,,0,62,0,70
00:42,00:42:60,62,70,-8,1,4,REGULAR,28,J. LOVE,1,foulon,678,677,[],,0,22,Jermaine,Love,Jermaine,Love,J,L,J,L,J. Love,ESENLER EROKSPOR,ERK,J. Love,22,,,,,,OTHER,,ESENLER EROKSPOR foulon,,,,,,,,,0,208,2.0,,0,62,0,70
00:42,00:42:60,63,70,-7,1,4,REGULAR,28,J. LOVE,1,freethrow,679,,[],1of2,1,22,Jermaine,Love,Jermaine,Love,J,L,J,L,J. Love,ESENLER EROKSPOR,ERK,J. Love,22,,,,,,FT,made,ESENLER EROKSPOR J. LOVE FT 1of2 made,,,,,,,,,1,208,2.0,made_ft,1,63,0,70
00:42,00:42:60,64,70,-6,1,4,REGULAR,28,J. LOVE,1,freethrow,680,,[],2of2,1,22,Jermaine,Love,Jermaine,Love,J,L,J,L,J. Love,ESENLER EROKSPOR,ERK,J. Love,22,,,,,,FT,made,ESENLER EROKSPOR J. LOVE FT 2of2 made,,,,,,,,,1,209,1.0,made_ft_last,1,64,0,70
00:42,00:42:60,64,70,-6,2,4,REGULAR,9,A. DELGADO ASTACIO,1,substitution,681,,[],out,0,31,Angel Luis,Delgado Astacio,Angel Luis,Delgado Astacio,A,D,A,D,A. Delgado Astacio,TRABZONSPOR,TRB,A. Delgado Astacio,31,,,,,,SUB,out,TRABZONSPOR substitution out,,,,,,,,,0,210,2.0,,0,64,0,70
00:42,00:42:60,64,70,-6,2,4,REGULAR,5,O. ULUBAY,1,substitution,682,,[],in,0,13,Okben,Ulubay,Okben,Ulubay,O,U,O,U,O. Ulubay,TRABZONSPOR,TRB,O. Ulubay,13,,,,,,SUB,in,TRABZONSPOR substitution in,,,,,,,,,0,210,2.0,,0,64,0,70
00:31,00:31:50,64,70,-6,2,4,REGULAR,11,M. REED,1,turnover,684,,[],badpass,0,0,Marcquise Deandre,Reed,Marcquise Deandre,Reed,M,R,M,R,M. Reed,TRABZONSPOR,TRB,M. Reed,0,,,,,,TO,,TRABZONSPOR M. REED turnover badpass,,,,,,,,,0,210,2.0,turnover,0,64,0,70
00:31,00:31:50,64,70,-6,1,4,REGULAR,22,T. THURMAN,1,steal,685,684,[],,0,15,Tre'shawn Marcel,Thurman,Tre'shawn Marcel,Thurman,T,T,T,T,T. Thurman,ESENLER EROKSPOR,ERK,T. Thurman,15,,,,,,ST,,ESENLER EROKSPOR T. THURMAN steal,,,,,,,,,0,211,1.0,,0,64,0,70
00:27,00:27:50,64,70,-6,1,4,REGULAR,22,T. THURMAN,0,3pt,686,,['fromturnover'],jumpshot,1,15,Tre'shawn Marcel,Thurman,Tre'shawn Marcel,Thurman,T,T,T,T,T. Thurman,ESENLER EROKSPOR,ERK,T. Thurman,15,,,69.419998168945,77.680000305176,0.0,P3,missed,ESENLER EROKSPOR T. THURMAN 3Pt missed,,,,,,,,,0,211,1.0,,0,64,0,70
00:25,00:25:10,64,70,-6,1,4,REGULAR,28,J. LOVE,1,rebound,687,686,[],offensive,0,22,Jermaine,Love,Jermaine,Love,J,L,J,L,J. Love,ESENLER EROKSPOR,ERK,J. Love,22,,,,,,REB,,ESENLER EROKSPOR rebound offensive,,,,,,,,,0,211,1.0,,0,64,0,70
00:21,00:21:80,67,70,-3,1,4,REGULAR,28,J. LOVE,1,3pt,688,,"['2ndchance', 'fromturnover']",jumpshot,1,22,Jermaine,Love,Jermaine,Love,J,L,J,L,J. Love,ESENLER EROKSPOR,ERK,J. Love,22,,,71.139999389648,19.489999771118,1.0,P3,made,ESENLER EROKSPOR J. LOVE 3Pt made,,,,,,,,,3,211,1.0,score,3,67,0,70
00:19,00:19:70,67,70,-3,2,4,REGULAR,0,,1,timeout,690,,[],full,0,,,,,,,,,,,TRABZONSPOR,TRB,,,,,,,,TIMEOUT,,TRABZONSPOR timeout,,,,,,,,,0,212,2.0,,0,67,0,70
00:09,00:09:90,67,70,-3,1,4,REGULAR,25,L. GALLOWAY,1,foul,693,,['2freethrow'],personal,0,9,Langston Arnold ,Galloway,Langston Arnold ,Galloway,L,G,L,G,L. Galloway,ESENLER EROKSPOR,ERK,L. Galloway,9,,,,,,FOUL,,ESENLER EROKSPOR L. GALLOWAY foul personal,,,,,,,,,0,212,2.0,,0,67,0,70
00:09,00:09:90,67,70,-3,2,4,REGULAR,11,M. REED,1,foulon,694,693,[],,0,0,Marcquise Deandre,Reed,Marcquise Deandre,Reed,M,R,M,R,M. Reed,TRABZONSPOR,TRB,M. Reed,0,,,,,,OTHER,,TRABZONSPOR foulon,,,,,,,,,0,212,2.0,,0,67,0,70
00:09,00:09:90,67,70,-3,2,4,REGULAR,5,O. ULUBAY,1,substitution,695,,[],out,0,13,Okben,Ulubay,Okben,Ulubay,O,U,O,U,O. Ulubay,TRABZONSPOR,TRB,O. Ulubay,13,,,,,,SUB,out,TRABZONSPOR substitution out,,,,,,,,,0,212,2.0,,0,67,0,70
00:09,00:09:90,67,70,-3,2,4,REGULAR,9,A. DELGADO ASTACIO,1,substitution,696,,[],in,0,31,Angel Luis,Delgado Astacio,Angel Luis,Delgado Astacio,A,D,A,D,A. Delgado Astacio,TRABZONSPOR,TRB,A. Delgado Astacio,31,,,,,,SUB,in,TRABZONSPOR substitution in,,,,,,,,,0,212,2.0,,0,67,0,70
00:09,00:09:90,67,71,-4,2,4,REGULAR,11,M. REED,1,freethrow,697,,[],1of2,1,0,Marcquise Deandre,Reed,Marcquise Deandre,Reed,M,R,M,R,M. Reed,TRABZONSPOR,TRB,M. Reed,0,,,,,,FT,made,TRABZONSPOR M. REED FT 1of2 made,,,,,,,,,1,212,2.0,made_ft,0,67,1,71
00:09,00:09:90,67,72,-5,2,4,REGULAR,11,M. REED,1,freethrow,698,,[],2of2,1,0,Marcquise Deandre,Reed,Marcquise Deandre,Reed,M,R,M,R,M. Reed,TRABZONSPOR,TRB,M. Reed,0,,,,,,FT,made,TRABZONSPOR M. REED FT 2of2 made,,,,,,,,,1,213,1.0,made_ft_last,0,67,1,72
00:09,00:09:90,67,72,-5,1,4,REGULAR,0,,1,timeout,699,,[],full,0,,,,,,,,,,,ESENLER EROKSPOR,ERK,,,,,,,,TIMEOUT,,ESENLER EROKSPOR timeout,,,,,,,,,0,214,2.0,,0,67,0,72
00:09,00:09:90,67,72,-5,1,4,REGULAR,20,E. ARNA,1,substitution,700,,[],out,0,18,Egehan,Arna,Egehan,Arna,E,A,E,A,E. Arna,ESENLER EROKSPOR,ERK,E. Arna,18,,,,,,SUB,out,ESENLER EROKSPOR substitution out,,,,,,,,,0,214,2.0,,0,67,0,72
00:09,00:09:90,67,72,-5,1,4,REGULAR,19,A. DUVERIOGLU,1,substitution,701,,[],in,0,44,Ahmet,Duverioglu,Ahmet,Duverioglu,A,D,A,D,A. Duverioglu,ESENLER EROKSPOR,ERK,A. Duverioglu,44,,,,,,SUB,in,ESENLER EROKSPOR substitution in,,,,,,,,,0,214,2.0,,0,67,0,72
00:05,00:05:80,67,72,-5,1,4,REGULAR,25,L. GALLOWAY,0,3pt,703,,[],jumpshot,1,9,Langston Arnold ,Galloway,Langston Arnold ,Galloway,L,G,L,G,L. Galloway,ESENLER EROKSPOR,ERK,L. Galloway,9,,,67.080001831055,47.459999084473,0.0,P3,missed,ESENLER EROKSPOR L. GALLOWAY 3Pt missed,,,,,,,,,0,214,2.0,,0,67,0,72
00:02,00:02:60,67,72,-5,1,4,REGULAR,28,J. LOVE,1,rebound,704,703,[],offensive,0,22,Jermaine,Love,Jermaine,Love,J,L,J,L,J. Love,ESENLER EROKSPOR,ERK,J. Love,22,,,,,,REB,,ESENLER EROKSPOR rebound offensive,,,,,,,,,0,214,2.0,,0,67,0,72
00:01,00:01:00,67,72,-5,1,4,REGULAR,28,J. LOVE,0,2pt,705,,['2ndchance'],jumpshot,1,22,Jermaine,Love,Jermaine,Love,J,L,J,L,J. Love,ESENLER EROKSPOR,ERK,J. Love,22,,,89.550003051758,77.400001525879,0.0,P2,missed,ESENLER EROKSPOR J. LOVE 2Pt missed,,,,,,,,,0,214,2.0,def_reb,0,67,0,72
00:00,00:00:00,67,72,-5,2,4,REGULAR,4,I. ULUSOY,1,rebound,707,705,[],defensive,0,5,Ismail Cem,Ulusoy,Ismail Cem,Ulusoy,I,U,I,U,I. Ulusoy,TRABZONSPOR,TRB,I. Ulusoy,5,,,,,,REB,,TRABZONSPOR rebound defensive,,,,,,,,,0,215,1.0,def_reb,0,67,0,72
00:00,00:00:00,67,72,-5,0,4,REGULAR,0,,1,period,708,,['confirmed'],end,0,,,,,,,,,,,,,,,,,,,,OTHER,,period end,,,,,,,,,0,216,2.0,,0,67,0,72
00:00,00:00:00,67,72,-5,0,4,REGULAR,0,,1,game,709,,['confirmed'],end,0,,,,,,,,,,,,,,,,,,,,OTHER,,game end,,,,,,,,,0,216,2.0,,0,67,0,72
